============================================================
BoostClean 数据清洗
============================================================
脏数据: Data/beers/dirty_index.csv
干净数据: Data/beers/clean_index.csv
任务名称: beers_boostclean
Boosting轮数: 5
------------------------------------------------------------
['4', '2263', 'Sinister', 'American Double / Imperial IPA', '12.0 oz', '0.09%', 'empty', '177', '18th Street Brewery', 'Gary']
['7', '2260', 'Lake Street Express', 'American Pale Ale (APA)', '12.0 oz.', '0.05%', 'empty', '177', '18th Street Brewery', 'Gary']
['13', '2097', 'Garce Selé', 'Saison / Farmhouse Ale', '12.0 OZ.', '0.07%', 'empty', '177', '18th Street Brewery', 'Gary']
['15', '1979', 'Bitter Bitch', 'American Pale Ale (APA)', '12.0 ounce', '0.06%', '60', '177', '18th Street Brewery', 'Gary']
['27', '801', 'Hell or High Watermelon Wheat (2009)', 'Fruit / Vegetable Beer', '12.0 oz.', '0.05%', '17', '368', '21st Amendment Brewery', 'San Francisco']
['30', '797', 'Brew Free! or Die IPA (2008)', 'American IPA', '12.0 OZ.', '0.07%', '70', '368', '21st Amendment Brewery', 'San Francisco']
['31', '796', 'Brew Free! or Die IPA (2009)', 'American IPA', '12.0 oz.', '0.07%', '70', '368', '21st Amendment Brewery', 'San Francisco']
['35', '321', 'Fireside Chat (2010)', 'Winter Warmer', '12.0 ounce', '0.08%', '45', '368', '21st Amendment Brewery', 'San Francisco']
['36', '173', 'Back in Black', 'American Black Ale', '12.0 ounce', '0.07%', '65', '368', '21st Amendment Brewery', 'San Francisco']
['44', '2544', 'Send Help', 'American Blonde Ale', '12.0 oz', '0.05%', '18', '60', '4 Hands Brewing Company', 'Saint Louis']
['45', '2324', 'Cast Iron Oatmeal Brown', 'American Brown Ale', '12.0 oz', '0.06%', 'empty', '60', '4 Hands Brewing Company', 'Saint Louis']
['47', '2287', 'Alter Ego', 'American Black Ale', '12.0 oz.', '0.06%', 'empty', '60', '4 Hands Brewing Company', 'Saint Louis']
['55', '2218', 'Ironman', 'English Strong Ale', '16.0 oz. Alumi-Tek', '0.09%', '50', '27', '450 North Brewing Company', 'Columbus']
['56', '2217', 'Honey Kolsch', 'K?lsch', '16.0 ounce', '0.05%', '15', '27', '450 North Brewing Company', 'Columbus']
['57', '2216', 'Copperhead Amber', 'Belgian Dark Ale', '16.0 oz', '0.05%', '18', '27', '450 North Brewing Company', 'Columbus']
['71', '2685', 'London Balling', 'English Barleywine', '16.0 oz.', '0.13%', '80', '1', 'Against the Grain Brewery', 'Louisville']
['79', '2677', 'Coq de la Marche', 'Saison / Farmhouse Ale', '16.0 OZ.', '0.05%', '38', '1', 'Against the Grain Brewery', 'Louisville']
['80', '2676', 'Kamen Knuddeln', 'American Wild Ale', '16.0 ounce', '0.07%', 'empty', '1', 'Against the Grain Brewery', 'Louisville']
['97', '2592', 'Liberty Ale', 'American IPA', '12.0 oz. Alumi-Tek', '0.06%', 'empty', '35', 'Anchor Brewing Company', 'San Francisco']
['98', '2578', 'IPA', 'American IPA', '12.0 ounce', '0.07%', 'empty', '35', 'Anchor Brewing Company', 'San Francisco']
['99', '2577', 'Summer Wheat', 'American Pale Wheat Ale', '12.0 oz', '0.05%', 'empty', '35', 'Anchor Brewing Company', 'San Francisco']
['101', '2102', 'Brotherhood Steam', 'California Common / Steam Beer', '12.0 ounce', '0.06%', 'empty', '35', 'Anchor Brewing Company', 'San Francisco']
['104', '1738', 'the Kimmie, the Yink and the Holy Gose', 'Gose', '12.0 oz.', '0.05%', 'empty', '171', 'Anderson Valley Brewing Company', 'Boonville']
['109', '1326', 'Boont Amber Ale', 'American Amber / Red Ale', '12.0 oz.', '0.06%', '15', '171', 'Anderson Valley Brewing Company', 'Boonville']
['112', '811', 'Boont Amber Ale (2010)', 'American Amber / Red Ale', '12.0 oz.', '0.06%', '15', '171', 'Anderson Valley Brewing Company', 'Boonville']
['114', '572', 'Barney Flats Oatmeal Stout (2012)', 'Oatmeal Stout', '12.0 oz', '0.06%', '13', '171', 'Anderson Valley Brewing Company', 'Boonville']
['115', '523', 'Winter Solstice', 'Winter Warmer', '12.0 ounce', '0.07%', '6', '171', 'Anderson Valley Brewing Company', 'Boonville']
['121', '410', 'River Pig Pale Ale', 'American Pale Ale (APA)', '16.0 oz', '0.05%', 'empty', '542', 'Angry Minnow Brewing Company', 'Hayward']
['122', '409', "Oaky's Oatmeal Stout", 'Oatmeal Stout', '16.0 oz.', '0.05%', 'empty', '542', 'Angry Minnow Brewing Company', 'Hayward WI']
['124', '1293', 'Angry Orchard Crisp Apple', 'Cider', '16.0 oz.', '0.05%', 'empty', '434', 'Angry Orchard Cider Company', 'Cincinnati']
['128', '2039', 'Uroboros', 'American Stout', '12.0 OZ.', '0.09%', 'empty', '193', 'Anthem Brewing Company', 'Oklahoma City']
['132', '413', 'Sky High Rye', 'American Pale Ale (APA)', '12.0 oz. Silo Can', '0.06%', '55', '541', 'Arcadia Brewing Company', 'Battle Creek']
['136', '1332', 'Greenbelt Farmhouse Ale', 'Saison / Farmhouse Ale', '12.0 oz.', '0.05%', '20', '426', 'Armadillo Ale Works', 'Denton']
['146', '596', 'Independence Pass Ale', 'American IPA', '12.0 oz', '0.07%', '67', '523', 'Aspen Brewing Company', 'Aspen']
['148', '980', 'Bitter Bitch Imperial IPA', 'American Double / Imperial IPA', '12.0 oz.', '0.08%', '138', '374', 'Astoria Brewing Company', 'Astoria']
['152', '2502', 'Vanilla Java Porter', 'American Porter', '16.0 oz.', '0.06%', '12', '72', 'Atwater Brewery', 'Detroit']
['155', '528', 'Grand Circus IPA', 'American IPA', '12.0 oz', '0.05%', '62', '72', 'Atwater Brewery', 'Detroit']
['158', '343', 'Fire Eagle IPA', 'American IPA', '12.0 OZ.', '0.06%', 'empty', '413', 'Austin Beerworks', 'Austin']
['162', '2589', 'Raja', 'American Double / Imperial IPA', '12.0 oz.', '0.08%', 'empty', '37', 'Avery Brewing Company', 'Boulder']
['170', '1228', 'Mad Beach', 'American Pale Wheat Ale', '12.0 ounce', '0.05%', '23', '360', 'Aviator Brewing Company', 'Fuquay-Varina']
['176', '1426', 'Back East Golden Ale', 'American Blonde Ale', '12.0 OZ.', '0.05%', 'empty', '235', 'Back East Brewing Company', 'Bloomfield']
['179', '1876', 'Truck Stop Honey Brown Ale', 'English Brown Ale', '12.0 ounce', '0.06%', 'empty', '286', 'Back Forty Beer Company', 'Gadsden']
['180', '1875', 'Naked Pig Pale Ale', 'American Pale Ale (APA)', '12.0 oz', '0.06%', '43', '286', 'Back Forty Beer Company', 'Gadsden']
['182', '965', 'Field 41 Pale Ale', 'American Pale Ale (APA)', '12.0 ounce', '0.04%', '38', '483', 'Bale Breaker Brewing Company', 'Yakima']
['183', '2593', 'Grapefruit Sculpin', 'American IPA', '12.0 ounce', '0.07%', 'empty', '34', 'Ballast Point Brewing Company', 'San Diego']
['184', '2105', 'Even Keel', 'American IPA', '12.0 ounce', '0.04%', '40', '34', 'Ballast Point Brewing Company', 'San Diego CA']
['185', '1401', 'Ballast Point Pale Ale', 'K?lsch', '12.0 OZ.', '0.05%', '23', '34', 'Ballast Point Brewing Company', 'San Diego']
['190', '1644', 'Banner American Rye', 'Rye Beer', '12.0 oz', '0.05%', '20', '318', 'Banner Beer Company', 'Williamsburg']
['195', '2404', 'Hop in the ‘Pool Helles', 'American Pilsner', '12.0 oz. Alumi-Tek', '0.05%', '22', '116', 'Base Camp Brewing Co.', 'Portland']
['201', '1965', 'Sky-Five', 'American IPA', '12.0 oz.', '0.07%', '70', '258', 'Bauhaus Brew Labs', 'Minneapolis']
['205', '1778', 'On the Count of 3 (2015)', 'Hefeweizen', '16.0 oz', '0.07%', '42', '292', 'Baxter Brewing Company', 'Lewiston']
['211', '183', 'Pamola Xtra Pale Ale', 'American Pale Ale (APA)', '12.0 OZ.', '0.05%', '28', '292', 'Baxter Brewing Company', 'Lewiston']
['215', '2423', 'Fenway American Pale Ale', 'American Pale Ale (APA)', '12.0 oz. Alumi-Tek', '0.06%', '45', '103', 'Beer Works Brewery', 'Lowell']
['216', '2420', 'Back Bay IPA', 'American IPA', '12.0 oz.', '0.07%', '85', '103', 'Beer Works Brewery', 'Lowell']
['218', '2494', 'Oberon', 'American Pale Wheat Ale', '12.0 oz', '0.06%', 'empty', '76', "Bell's Brewery", 'Kalamazoo']
['219', '2325', 'Smitten', 'Rye Beer', '16.0 oz.', '0.06%', 'empty', '76', "Bell's Brewery", 'Kalamazoo']
['226', '2556', 'Nordic Blonde', 'American Blonde Ale', '12.0 oz.', '0.06%', '27', '53', 'Bent Brewstillery', 'Roseville']
['231', '1261', 'Bent Paddle Black Ale', 'American Black Ale', '12.0 oz.', '0.06%', '34', '75', 'Bent Paddle Brewing Company', 'Duluth MN']
['235', '1158', 'La Frontera Premium IPA', 'American IPA', '12.0 oz.', '0.08%', 'empty', '463', 'Big Bend Brewing Company', 'Alpine']
['236', '1157', 'Tejas Lager', 'Czech Pilsener', '12.0 oz.', '0.05%', 'empty', '463', 'Big Bend Brewing Company', 'Alpine']
['238', '1155', 'Big Bend Hefeweizen', 'Hefeweizen', '12.0 oz', '0.06%', 'empty', '463', 'Big Bend Brewing Company', 'Alpine']
['241', '1762', 'Hemlock Double IPA', 'American Double / Imperial IPA', '12.0 ounce', '0.10%', '104', '220', 'Big Choice Brewing', 'Broomfield']
['244', '1003', 'Big Elm IPA', 'American IPA', '12.0 ounce', '0.07%', 'empty', '477', 'Big Elm Brewing', 'Sheffield']
['254', '1713', 'Scape Goat Pale Ale', 'English Pale Ale', '12.0 oz', '0.05%', '40', '336', 'Big Sky Brewing Company', 'Missoula']
['264', '34', 'Moose Drool Brown Ale (2009)', 'American Brown Ale', '12.0 oz.', '0.05%', '26', '336', 'Big Sky Brewing Company', 'Missoula']
['266', '2095', 'Wavemaker', 'American Amber / Red Ale', '12.0 ounce', '0.06%', '38', '221', 'Big Storm Brewing Company', 'Odessa']
['268', '1256', 'Forest Fire Imperial Smoked Rye', 'Rye Beer', '16.0 ounce', '0.10%', '85', '444', 'Big Wood Brewery', 'Vadnais Heights']
['277', '2412', 'Deception', 'American Blonde Ale', '12.0 oz', '0.05%', '16', '112', 'Black Market Brewing Company', 'Temecula']
['285', '2485', 'Saddle Bronc Brown Ale', 'American Brown Ale', '12.0 oz', '0.05%', '16', '79', 'Black Tooth Brewing Company', 'Sheridan']
['287', '2449', 'Flying Sailor', 'Rye Beer', '12.0 ounce', '0.07%', 'empty', '95', 'Blackrocks Brewery', 'Marquette']
['294', '1564', '1800 Big Log Wheat (2012)', 'American Pale Wheat Ale', '12.0 ounce', '0.05%', 'empty', '380', 'Blue Blood Brewing Company', 'Lincoln']
['295', '1541', 'Double Play Pilsner', 'American Pilsner', '12.0 oz. Alumi-Tek', 'empty', 'empty', '380', 'Blue Blood Brewing Company', 'Lincoln']
['296', '1321', 'Brewerhood Brown Ale', 'American Brown Ale', '12.0 oz.', '0.06%', 'empty', '380', 'Blue Blood Brewing Company', 'Lincoln']
['300', '1025', 'N Street Drive-In 50th Anniversary IPA', 'American Double / Imperial IPA', '12.0 ounce', 'empty', 'empty', '380', 'Blue Blood Brewing Company', 'Lincoln']
['305', '886', "1327 Pod's ESB", 'Extra Special / Strong Bitter (ESB)', '12.0 ounce', '0.06%', '37', '380', 'Blue Blood Brewing Company', 'Lincoln']
['306', '612', "1327 Pod's ESB", 'Extra Special / Strong Bitter (ESB)', '12.0 ounce', '0.06%', '37', '380', 'Blue Blood Brewing Company', 'Lincoln']
['309', '1371', 'Green Collar', 'Mead', '12.0 oz', '0.06%', 'empty', '422', 'Blue Dog Mead', 'Eugene']
['310', '1812', 'Quarter Mile Double IPA', 'American Double / Imperial IPA', '12.0 oz', '0.08%', '80', '304', 'Blue Hills Brewery', 'Canton MA']
['316', '2490', 'Professor Black', 'American Stout', '12.0 oz.', 'empty', 'empty', '77', 'Blue Owl Brewing', 'Austin']
['317', '2489', 'Little Boss', 'American Pale Wheat Ale', '12.0 oz.', 'empty', 'empty', '77', 'Blue Owl Brewing', 'Austin']
['318', '2488', 'Van Dayum!', 'American Amber / Red Ale', '12.0 oz.', 'empty', 'empty', '77', 'Blue Owl Brewing', 'Austin']
['319', '2487', 'Spirit Animal', 'American Pale Ale (APA)', '12.0 oz', 'empty', 'empty', '77', 'Blue Owl Brewing', 'Austin']
['321', '692', 'Blue Point White IPA', 'American White IPA', '12.0 oz.', '0.06%', '40', '489', 'Blue Point Brewing Company', 'Patchogue']
['327', '89', 'Czech Pilsner', 'Czech Pilsener', '12.0 oz', '0.05%', 'empty', '364', 'Bohemian Brewery', 'Midvale']
['331', '1188', "Duke's Cold Nose Brown Ale", 'American Brown Ale', '12.0 oz.', '0.06%', 'empty', '378', 'Bold City Brewery', 'Jacksonville']
['332', '1891', 'Longhop IPA', 'American IPA', '16.0 OZ.', '0.04%', '30', '281', 'Bolero Snort Brewery', 'Ridgefield Park']
['346', '1184', 'Dirtbag Dunkel', 'Munich Dunkel Lager', '16.0 oz.', '0.05%', 'empty', '107', 'Bonfire Brewing Company', 'Eagle']
['348', '1023', 'Mistress Winter Wheat', 'Winter Warmer', '12.0 oz.', '0.06%', 'empty', '107', 'Bonfire Brewing Company', 'Eagle']
['351', '996', 'Demshitz Brown Ale', 'American Brown Ale', '12.0 oz.', '0.06%', 'empty', '107', 'Bonfire Brewing Company', 'Eagle']
['359', '1427', 'Samuel Adams Winter Lager', 'Bock', '12.0 oz.', '0.06%', 'empty', '300', 'Boston Beer Company', 'Boston']
['371', '2298', 'Passenger', 'English Dark Mild Ale', '12.0 ounce', '0.05%', 'empty', '167', 'Boxcar Brewing Company', 'West Chester']
['372', '2107', 'Plum St. Porter', 'American Porter', '12.0 oz.', '0.06%', '52', '219', 'Bozeman Brewing Company', 'Bozeman']
['376', '470', 'Bozone Select Amber Ale', 'American Amber / Red Ale', '12.0 oz', '0.06%', 'empty', '219', 'Bozeman Brewing Company', 'Bozeman']
['381', '193', 'Lucky U IPA', 'American IPA', '12.0 ounce', '0.06%', '68', '391', 'Breckenridge Brewery', 'Denver']
['385', '1800', 'Rollin Dirty Red Ale', 'Irish Red Ale', '12.0 oz.', '0.05%', '21', '308', 'Brew Bus Brewing', 'Tampa']
['387', '2619', 'Insert Hop Reference', 'American Pale Ale (APA)', '16.0 oz.', '0.06%', 'empty', '19', 'Brew Link Brewing', 'Plainfield IN']
['397', '2500', 'Tropical Saison', 'Saison / Farmhouse Ale', '16.0 oz', '0.07%', 'empty', '10', 'Brewery Vivant', 'Grand Rapids']
['403', '2466', 'Root Stock', 'Rye Beer', '16.0 ounce', '0.07%', 'empty', '10', 'Brewery Vivant', 'Grand Rapids']
['404', '2465', 'Mind Games', 'Dunkelweizen', '16.0 oz.', '0.04%', 'empty', '10', 'Brewery Vivant', 'Grand Rapids']
['405', '2433', 'Sous Chef', 'Belgian Strong Pale Ale', '16.0 oz.', '0.08%', 'empty', '10', 'Brewery Vivant', 'Grand Rapids']
['407', '2416', 'Psychopomp', 'Belgian Dark Ale', '16.0 oz. Silo Can', '0.06%', 'empty', '10', 'Brewery Vivant', 'Grand Rapids']
['408', '2382', 'Fat Paczki', 'Belgian Dark Ale', '16.0 oz.', 'empty', 'empty', '10', 'Brewery Vivant', 'Grand Rapids']
['409', '2381', 'Earth-Like Planets', 'Belgian Pale Ale', '16.0 oz', 'empty', 'empty', '10', 'Brewery Vivant', 'Grand Rapids']
['412', '2240', 'Rye Porter', 'American Porter', '16.0 oz', '0.06%', 'empty', '10', 'Brewery Vivant', 'Grand Rapids']
['420', '1997', 'Pumpkin Tart', 'Fruit / Vegetable Beer', '16.0 oz.', '0.07%', 'empty', '10', 'Brewery Vivant', 'Grand Rapids']
['421', '1977', 'Undertaker', 'Belgian Dark Ale', '16.0 oz.', '0.07%', 'empty', '10', 'Brewery Vivant', 'Grand Rapids']
['426', '1958', 'Belgian Wit', 'Witbier', '16.0 oz.', '0.05%', 'empty', '10', 'Brewery Vivant', 'Grand Rapids']
['430', '1651', 'Maize & Blueberry', 'Fruit / Vegetable Beer', '16.0 oz.', '0.06%', 'empty', '10', 'Brewery Vivant', 'Grand Rapids']
['433', '1267', 'Black Rabbit', 'American Black Ale', '16.0 ounce', '0.05%', 'empty', '10', 'Brewery Vivant', 'Grand Rapids']
['434', '1266', 'Zaison', 'Saison / Farmhouse Ale', '16.0 oz', '0.09%', 'empty', '10', 'Brewery Vivant', 'Grand Rapids']
['437', '1044', 'Big Red Coq', 'American Amber / Red Ale', '16.0 oz.', '0.06%', 'empty', '10', 'Brewery Vivant', 'Grand Rapids']
['438', '1033', 'Hubris Quadrupel Anniversary Ale', 'Quadrupel (Quad)', '16.0 OZ.', '0.10%', 'empty', '10', 'Brewery Vivant', 'Grand Rapids']
['440', '909', 'Escoffier Bretta Ale', 'American Wild Ale', '16.0 oz.', '0.09%', 'empty', '10', 'Brewery Vivant', 'Grand Rapids']
['448', '387', 'Farm Hand', 'Saison / Farmhouse Ale', '16.0 oz.', '0.06%', 'empty', '10', 'Brewery Vivant', 'Grand Rapids']
['449', '385', 'Solitude', 'Belgian Pale Ale', '16.0 oz.', '0.06%', 'empty', '10', 'Brewery Vivant', 'Grand Rapids']
['451', '1096', 'Tampa Pale Ale', 'American Pale Ale (APA)', '12.0 oz.', 'empty', 'empty', '467', 'Brindle Dog Brewing Company', 'Tampa Bay']
['452', '1095', 'Orange Grove Wheat Ale', 'American Pale Wheat Ale', '12.0 oz.', 'empty', 'empty', '467', 'Brindle Dog Brewing Company', 'Tampa Bay FL']
['456', '919', 'Chugach Session Ale', 'Cream Ale', '12.0 oz.', '0.05%', 'empty', '493', 'Broken Tooth Brewing Company', 'Anchorage']
['458', '1279', 'East India Pale Ale', 'English India Pale Ale (IPA)', '16.0 oz', '0.07%', '47', '437', 'Brooklyn Brewery', 'Brooklyn']
['463', '65', 'Brooklyn Lager (12 oz.)', 'American Amber / Red Lager', '12.0 oz. Alumi-Tek', '0.05%', 'empty', '437', 'Brooklyn Brewery', 'Brooklyn']
['464', '538', 'Tour de Nez Belgian IPA (Current)', 'Belgian IPA', '16.0 oz', '0.08%', 'empty', '530', 'Buckbean Brewing Company', 'Reno']
['465', '504', 'Roler Bock (Current)', 'Maibock / Helles Bock', '16.0 oz. Alumi-Tek', 'empty', 'empty', '530', 'Buckbean Brewing Company', 'Reno']
['468', '28', 'Tule Duck Red Ale (Current)', 'American Amber / Red Ale', '16.0 oz', '0.06%', '42', '530', 'Buckbean Brewing Company', 'Reno']
['469', '27', 'Original Orange Blossom Ale (Current)', 'Herbed / Spiced Beer', '16.0 oz.', '0.06%', '35', '530', 'Buckbean Brewing Company', 'Reno']
['471', '1627', 'Cleveland Beer Week 2013', 'Munich Helles Lager', '16.0 ounce', '0.05%', 'empty', '357', 'Buckeye Brewing', 'Cleveland']
['472', '2552', 'Painted Turtle', 'American Pale Ale (APA)', '12.0 oz.', '0.05%', 'empty', '56', 'BuckleDown Brewing', 'Lyons']
['476', '2608', 'Wrath of Pele', 'American Brown Ale', '16.0 OZ.', '0.07%', 'empty', '24', "Burn 'Em Brewing", 'Michigan City']
['483', '2160', 'Joey Wheat', 'American Pale Wheat Ale', '16.0 ounce', '0.07%', '16', '24', "Burn 'Em Brewing", 'Michigan City']
['489', '52', 'Heinnieweisse Weissebier', 'Hefeweizen', '12.0 ounce', '0.05%', 'empty', '556', 'Butternuts Beer and Ale', 'Garrattsville']
['492', '49', 'Porkslap Pale Ale', 'American Pale Ale (APA)', '12.0 ounce', '0.04%', 'empty', '556', 'Butternuts Beer and Ale', 'Garrattsville']
['502', '1442', 'F5 IPA', 'American IPA', '16.0 oz', '0.07%', '100', '182', 'COOP Ale Works', 'Oklahoma City']
['505', '2315', 'Hopportunity Knocks IPA', 'American IPA', '12.0 ounce', '0.07%', '100', '155', 'Caldera Brewing Company', 'Ashland']
['507', '1419', 'Caldera Pale Ale', 'American Pale Ale (APA)', '12.0 oz.', '0.06%', '55', '155', 'Caldera Brewing Company', 'Ashland']
['511', '792', 'Caldera IPA (2007)', 'American IPA', '12.0 OZ.', '0.06%', '94', '155', 'Caldera Brewing Company', 'Ashland']
['512', '791', 'Caldera Pale Ale (2010)', 'American Pale Ale (APA)', '12.0 oz', '0.06%', '55', '155', 'Caldera Brewing Company', 'Ashland']
['520', '2256', 'Flower Child (2014)', 'American IPA', '12.0 oz.', '0.07%', 'empty', '178', 'Cambridge Brewing Company', 'Cambridge']
['521', '870', 'THP White (2006)', 'Witbier', '12.0 oz', 'empty', 'empty', '497', 'Cans Bar and Canteen', 'Charlotte']
['522', '869', 'THP Amber (2006)', 'American Amber / Red Ale', '12.0 ounce', 'empty', 'empty', '497', 'Cans Bar and Canteen', 'Charlotte']
['523', '868', 'THP Light (2006)', 'American Blonde Ale', '12.0 oz. Alumi-Tek', 'empty', 'empty', '497', 'Cans Bar and Canteen', 'Charlotte']
['524', '867', 'THP Dark (2006)', 'English Dark Mild Ale', '12.0 oz.', 'empty', 'empty', '497', 'Cans Bar and Canteen', 'Charlotte']
['527', '2066', "Fisherman's IPA", 'American IPA', '12.0 oz', '0.06%', '64', '230', 'Cape Ann Brewing Company', 'Gloucester']
['529', '2064', "Fisherman's Brew", 'American Amber / Red Ale', '12.0 ounce', '0.06%', '30', '230', 'Cape Ann Brewing Company', 'Gloucester MA']
['531', '1927', 'Beach Blonde', 'American Blonde Ale', '16.0 oz.', '0.05%', '10', '267', 'Cape Cod Beer', 'Hyannis']
['534', '2225', 'Lake House', 'Munich Helles Lager', '12.0 oz.', '0.05%', '18', '192', 'Capital Brewery', 'Middleton']
['538', '840', 'Wisconsin Amber (1998)', 'Vienna Lager', '12.0 ounce', '0.05%', 'empty', '192', 'Capital Brewery', 'Middleton']
['539', '180', 'Island Wheat', 'American Pale Wheat Ale', '12.0 oz.', '0.04%', 'empty', '192', 'Capital Brewery', 'Middleton']
['542', '61', 'Supper Club Lager', 'American Pale Lager', '12.0 ounce', 'empty', 'empty', '192', 'Capital Brewery', 'Middleton']
['544', '783', 'Carolina Blonde (2006)', 'American Blonde Ale', '12.0 ounce', '0.05%', 'empty', '504', 'Carolina Beer & Beverage', 'Mooresville NC']
['547', '530', 'Flagship IPA', 'English India Pale Ale (IPA)', '12.0 oz.', '0.06%', 'empty', '179', 'Carolina Brewery', 'Pittsboro']
['564', '2446', 'Peanut Butter Jelly Time', 'American Brown Ale', '12.0 oz', '0.06%', 'empty', '96', 'Catawba Valley Brewing Company', 'Morganton']
['567', '2210', 'Special Release', 'empty', '16.0 oz.', 'empty', 'empty', '29', 'Cedar Creek Brewery', 'Seven Points']
['568', '2052', 'Dankosaurus', 'American IPA', '16.0 oz', '0.07%', '70', '29', 'Cedar Creek Brewery', 'Seven Points']
['569', '1584', "Scruffy's Smoked Alt", 'Smoked Beer', '16.0 oz.', '0.05%', '35', '29', 'Cedar Creek Brewery', 'Seven Points']
['570', '1182', "Elliott's Phoned Home Pale Ale", 'American Pale Ale (APA)', '16.0 oz', '0.05%', '36', '29', 'Cedar Creek Brewery', 'Seven Points']
['572', '1219', 'All American Blonde Ale', 'American Blonde Ale', '12.0 ounce', '0.05%', 'empty', '452', 'Centennial Beer Company', 'Edwards']
['585', '1933', 'Missile IPA', 'American IPA', '12.0 oz', '0.07%', '65', '236', 'Champion Brewing Company', 'Charlottesville VA']
['589', '2016', 'Englishman', 'English Brown Ale', '16.0 oz.', '0.05%', 'empty', '250', "Chapman's Brewing", 'Angola IN']
['590', '2080', '8 Barrel', 'American Strong Ale', '16.0 ounce', '0.08%', '69', '226', 'Chatham Brewing', 'Chatham']
['592', '2380', 'IPA #11', 'American IPA', '16.0 oz', '0.06%', '58', '121', 'Cheboygan Brewing Company', 'Cheboygan']
['593', '2379', 'Blood Orange Honey', 'Fruit / Vegetable Beer', '16.0 oz.', '0.06%', '10', '121', 'Cheboygan Brewing Company', 'Cheboygan']
['598', '1341', 'Magic Apple', 'Cider', '12.0 ounce', '0.05%', 'empty', '425', 'Ciderboys', 'Stevens Point']
['609', '1694', 'Dry-Hopped On The High Seas Caribbean-Style IPA', 'American IPA', '12.0 oz.', '0.07%', '60', '141', 'Cigar City Brewing Company', 'Tampa']
['617', '1139', 'Invasion Pale Ale', 'American Pale Ale (APA)', '12.0 oz', '0.05%', 'empty', '141', 'Cigar City Brewing Company', 'Tampa']
['619', '571', 'Maduro Brown Ale', 'American Brown Ale', '12.0 oz', '0.06%', '25', '141', 'Cigar City Brewing Company', 'Tampa']
['620', '570', 'Hotter Than Helles Lager', 'Munich Helles Lager', '12.0 oz.', '0.05%', 'empty', '141', 'Cigar City Brewing Company', 'Tampa']
['621', '569', 'Tocobaga Red Ale', 'American Amber / Red Ale', '12.0 oz', '0.07%', '75', '141', 'Cigar City Brewing Company', 'Tampa']
['623', '545', 'Florida Cracker Belgian Wit', 'Witbier', '12.0 oz. Alumi-Tek', '0.05%', '18', '141', 'Cigar City Brewing Company', 'Tampa']
['627', '657', 'Summer of Lager', 'Munich Helles Lager', '12.0 oz.', '0.06%', 'empty', '145', 'Cisco Brewers', 'Nantucket']
['629', '359', 'Sankaty Light Lager', 'Light Lager', '12.0 oz.', '0.04%', 'empty', '145', 'Cisco Brewers', 'Nantucket']
['630', '56', "Whale's Tale Pale Ale", 'English Pale Ale', '12.0 oz.', '0.06%', 'empty', '145', 'Cisco Brewers', 'Nantucket']
['632', '1393', 'Cascadian Dark Ale', 'American Black Ale', '12.0 oz', '0.06%', '75', '418', 'Coalition Brewing Company', 'Portland']
['649', '129', 'Heiner Brau K?lsch', 'K?lsch', '12.0 ounce', '0.05%', 'empty', '553', 'Covington Brewhouse', 'Covington']
['650', '716', 'Trigger Blonde Ale', 'American Blonde Ale', '16.0 oz.', '0.05%', 'empty', '515', 'Crabtree Brewing Company', 'Greeley']
['651', '659', 'Crabtree Oatmeal Stout', 'Oatmeal Stout', '16.0 oz', '0.08%', '29', '515', 'Crabtree Brewing Company', 'Greeley']
['654', '2355', 'Old Soul', 'Belgian Strong Pale Ale', '12.0 oz', '0.08%', '25', '63', 'Crazy Mountain Brewing Company', 'Edwards']
['656', '1163', 'WinterWonderGrass Festival Ale', 'American Amber / Red Ale', '12.0 oz.', 'empty', 'empty', '63', 'Crazy Mountain Brewing Company', 'Edwards']
['657', '940', 'Boohai Red Ale', 'American Amber / Red Ale', '12.0 ounce', 'empty', 'empty', '63', 'Crazy Mountain Brewing Company', 'Edwards']
['662', '2028', 'Athena', 'Berliner Weissbier', '12.0 ounce', '0.05%', 'empty', '247', 'Creature Comforts', 'Athens']
['663', '2293', 'Aviator Raspberry Blonde', 'American Blonde Ale', '12.0 oz.', '0.05%', '25', '169', 'Crooked Fence Brewing Company', 'Garden City']
['664', '1105', '3 Picket Porter', 'American Porter', '12.0 oz.', '0.06%', 'empty', '169', 'Crooked Fence Brewing Company', 'Garden City']
['668', '1602', 'Bear Butte Nut Brown Ale', 'American Brown Ale', '12.0 oz.', '0.06%', 'empty', '212', 'Crow Peak Brewing Company', 'Spearfish']
['670', '542', 'Canyon Cream Ale', 'Cream Ale', '12.0 ounce', '0.06%', 'empty', '212', 'Crow Peak Brewing Company', 'Spearfish']
['673', '1057', 'South Ridge Amber Ale', 'American Amber / Red Ale', '16.0 oz.', '0.06%', '31', '472', 'Crystal Springs Brewing Company', 'Boulder']
['675', '1789', 'Lost River Blonde Ale', 'American Blonde Ale', '16.0 oz', '0.05%', 'empty', '315', 'Cutters Brewing Company', 'Avon']
['679', '1763', "Geary's Pale Ale", 'English Pale Ale', '12.0 oz', '0.05%', 'empty', '323', 'D.L. Geary Brewing Company', 'Portland']
['680', '1311', "Geary's Summer Ale", 'K?lsch', '12.0 oz. Alumi-Tek', '0.06%', 'empty', '323', 'D.L. Geary Brewing Company', 'Portland']
['682', '1809', 'The Tradition', 'American Blonde Ale', '12.0 oz', '0.05%', '15', '227', 'DC Brau Brewing Company', 'Washington']
['686', '186', 'The Corruption', 'American IPA', '12.0 oz.', '0.07%', '80', '227', 'DC Brau Brewing Company', 'Washington']
['689', '1224', 'Dank IPA', 'American IPA', '16.0 oz.', '0.07%', 'empty', '451', "Dad & Dude's Breweria", 'Aurora']
['690', '964', 'Dank IPA (2012)', 'American IPA', '16.0 ounce', '0.07%', 'empty', '451', "Dad & Dude's Breweria", 'Aurora']
['691', '1623', 'Lift Off IPA', 'American IPA', '16.0 ounce', '0.07%', 'empty', '358', 'Daredevil Brewing Company', 'Shelbyville']
['695', '1746', 'Dead Armadillo Amber Ale', 'American Amber / Red Ale', '12.0 ounce', '0.06%', '37', '330', 'Dead Armadillo Craft Brewing', 'Tulsa']
['696', '2371', 'Neato Bandito', 'Euro Pale Lager', '12.0 ounce', '0.06%', 'empty', '127', 'Deep Ellum Brewing Company', 'Dallas']
['697', '2251', 'Oak Cliff Coffee Ale', 'American Brown Ale', '12.0 oz.', '0.08%', '33', '127', 'Deep Ellum Brewing Company', 'Dallas']
['699', '1827', 'Deep Ellum Pale Ale', 'American Pale Ale (APA)', '12.0 oz', '0.06%', 'empty', '127', 'Deep Ellum Brewing Company', 'Dallas']
['703', '946', 'Dallas Blonde', 'American Blonde Ale', '12.0 oz.', '0.05%', '23', '127', 'Deep Ellum Brewing Company', 'Dallas']
['712', '1943', 'Graham Cracker Porter', 'American Porter', '12.0 oz.', '0.05%', 'empty', '263', 'Denver Beer Company', 'Denver']
['713', '1210', 'Mirror Pond Pale Ale', 'American Pale Ale (APA)', '12.0 oz.', '0.05%', '40', '454', 'Deschutes Brewery', 'Bend']
['714', '2550', 'Weissenheimer', 'Hefeweizen', '12.0 oz', '0.05%', '16', '57', 'Destihl Brewery', 'Bloomington']
['715', '2505', "Abbey's Single (2015- )", 'Abbey Single Ale', '12.0 OZ.', '0.05%', '22', '57', 'Destihl Brewery', 'Bloomington']
['716', '2025', 'Vertex IPA', 'American IPA', '12.0 ounce', '0.06%', '76', '57', 'Destihl Brewery', 'Bloomington IL']
['718', '2015', 'Strawberry Blonde', 'Fruit / Vegetable Beer', '12.0 oz.', '0.05%', 'empty', '57', 'Destihl Brewery', 'Bloomington']
['720', '1887', "Abbey's Single Ale (Current)", 'Abbey Single Ale', '12.0 ounce', '0.05%', '22', '57', 'Destihl Brewery', 'Bloomington']
['721', '2051', 'Bravo Four Point', 'American Pale Ale (APA)', '12.0 oz.', '0.04%', '45', '237', "Devil's Backbone Brewing Company", 'Lexington']
['723', '924', 'Deadicated Amber', 'American Amber / Red Ale', '16.0 oz.', '0.05%', '27', '491', "Devil's Canyon Brewery", 'Belmont']
['724', '731', 'Kaleidoscope Collaboration 2012', 'American Black Ale', '16.0 OZ.', 'empty', 'empty', '491', "Devil's Canyon Brewery", 'Belmont CA']
['727', '1773', '12 Man Pale Ale', 'American Pale Ale (APA)', '12.0 oz.', '0.05%', 'empty', '319', "Dick's Brewing Company", 'Centralia']
['728', '1795', "Filthy Hoppin' IPA", 'American IPA', '16.0 ounce', '0.07%', '72', '311', 'Dirty Bucket Brewing Company', 'Woodinville']
['729', '944', 'Dock Street Amber Beer (1992)', 'American Amber / Red Ale', '12.0 OZ.', 'empty', 'empty', '488', 'Dock Street Brewery', 'Philadelphia']
['730', '524', 'Dolores River Hefeweizen', 'Hefeweizen', '16.0 oz. Alumi-Tek', 'empty', 'empty', '531', 'Dolores River Brewery', 'Dolores']
['731', '450', 'Dolores River ESB', 'Extra Special / Strong Bitter (ESB)', '16.0 oz.', 'empty', 'empty', '531', 'Dolores River Brewery', 'Dolores']
['732', '449', 'Snaggletooth Double Pale Ale', 'American Double / Imperial IPA', '16.0 ounce', 'empty', 'empty', '531', 'Dolores River Brewery', 'Dolores']
['733', '448', 'Dolores River Pale Ale', 'American Pale Ale (APA)', '16.0 oz', 'empty', 'empty', '531', 'Dolores River Brewery', 'Dolores']
['734', '447', 'Dolores River Dry Stout', 'Irish Dry Stout', '16.0 ounce', 'empty', 'empty', '531', 'Dolores River Brewery', 'Dolores']
['735', '446', 'Dolores River Mild', 'English Dark Mild Ale', '16.0 oz', 'empty', 'empty', '531', 'Dolores River Brewery', 'Dolores']
['738', '881', 'Hop Abomination', 'American IPA', '12.0 OZ.', '0.07%', '100', '496', 'Dry Dock Brewing Company', 'Aurora']
['741', '871', 'Dry Dock Amber Ale', 'American Amber / Red Ale', '12.0 ounce', '0.06%', '49', '496', 'Dry Dock Brewing Company', 'Aurora']
['742', '1685', 'Category 3 IPA', 'American IPA', '12.0 ounce', '0.06%', '64', '340', 'Due South Brewing Company', 'Boynton Beach']
['743', '457', 'Dundee Summer Wheat Beer', 'American Pale Wheat Ale', '12.0 oz.', '0.05%', '18', '538', 'Dundee Brewing Company', 'Rochester']
['751', '1642', 'Bleeding Buckeye Red Ale', 'Extra Special / Strong Bitter (ESB)', '16.0 oz.', '0.06%', 'empty', '352', 'Elevator Brewing Company', 'Columbus']
['754', '1039', 'Underachiever', 'American Adjunct Lager', '16.0 ounce', '0.05%', 'empty', '473', 'Engine House 9', 'Tacoma']
['757', '2004', 'Hop Syndrome', 'American Pale Lager', '12.0 oz.', '0.05%', 'empty', '81', 'Epic Brewing', 'Denver']
['759', '2292', 'Little Sister India Style Session Ale', 'American IPA', '12.0 ounce', '0.04%', '60', '170', "Everybody's Brewing", 'White Salmon']
['761', '2604', 'Blonde Czich', 'American Blonde Ale', '16.0 ounce', '0.05%', '23', '26', 'Evil Czech Brewery', 'Mishawaka']
['762', '2432', 'White Reaper', 'Belgian IPA', '16.0 ounce', '0.07%', '61', '26', 'Evil Czech Brewery', 'Mishawaka']
['767', '2283', 'Nomader Weiss', 'Berliner Weissbier', '12.0 oz', '0.04%', 'empty', '173', 'Evil Twin Brewing', 'Brooklyn']
['770', '1286', 'Bikini Beer', 'American IPA', '12.0 oz', '0.03%', 'empty', '173', 'Evil Twin Brewing', 'Brooklyn']
['771', '640', 'Hipster Ale (Westbrook Brewing)', 'American Pale Ale (APA)', '12.0 oz.', '0.06%', 'empty', '173', 'Evil Twin Brewing', 'Brooklyn']
['775', '2089', 'Trail Head', 'American Pale Ale (APA)', '12.0 oz', '0.06%', '55', '224', "Fat Head's Brewery", 'Middleburg Heights']
['778', '1454', 'Parcae Belgian Style Pale Ale', 'Belgian Pale Ale', '16.0 oz.', '0.05%', '20', '405', 'Fate Brewing Company', 'Boulder']
['781', '1451', 'Moirai India Pale Ale', 'American IPA', '16.0 ounce', '0.07%', '70', '405', 'Fate Brewing Company', 'Boulder']
['782', '2191', 'Loki Red Ale', 'American Amber / Red Ale', '16.0 ounce', '0.08%', '53', '201', 'Fearless Brewing Company', 'Estacada']
['789', '2027', 'Hyzer Flip', 'American Double / Imperial IPA', '16.0 oz.', '0.08%', 'empty', '172', 'Fiddlehead Brewing Company', 'Shelburne']
['791', '1858', 'Hodad Porter', 'American Porter', '16.0 oz.', '0.06%', '30', '172', 'Fiddlehead Brewing Company', 'Shelburne']
['793', '2590', 'Czech Yo Self', 'Czech Pilsener', '12.0 oz.', '0.06%', '45', '36', 'Figueroa Mountain Brewing Company', 'Buellton']
['795', '1981', 'Hardcore Chimera', 'American Double / Imperial IPA', '16.0 oz.', '0.09%', 'empty', '256', "Finch's Beer Company", 'Chicago']
['799', '941', 'Secret Stache Stout', 'American Stout', '16.0 oz.', '0.05%', 'empty', '256', "Finch's Beer Company", 'Chicago']
['800', '935', 'Fascist Pig Ale', 'American Amber / Red Ale', '16.0 oz. Alumi-Tek', '0.08%', '72', '256', "Finch's Beer Company", 'Chicago']
['804', '350', 'Golden Wing Blonde Ale', 'American Blonde Ale', '16.0 oz', '0.05%', 'empty', '256', "Finch's Beer Company", 'Chicago']
['813', '520', 'Inclined Plane Ale', 'American IPA', '12.0 ounce', 'empty', 'empty', '532', 'Flat Rock Brewing Company', 'Smithton']
['814', '2554', 'Moped Traveler', 'American Pale Ale (APA)', '16.0 oz', '0.06%', 'empty', '54', 'Flesk Brewing Company', 'Lombard']
['815', '608', 'Snake Dog IPA', 'American IPA', '12.0 ounce', '0.07%', '60', '521', 'Flying Dog Brewery', 'Frederick']
['820', '983', 'Backyahd IPA', 'American IPA', '12.0 oz', '0.06%', 'empty', '279', 'Foolproof Brewing Company', 'Pawtucket']
['821', '982', 'Raincloud Robust Porter', 'American Porter', '12.0 ounce', '0.07%', 'empty', '279', 'Foolproof Brewing Company', 'Pawtucket']
['825', '2172', 'Quick WIT', 'Belgian Pale Ale', '12.0 oz.', '0.05%', 'empty', '206', 'Fort George Brewery', 'Astoria']
['826', '2171', 'The Optimist', 'American IPA', '12.0 ounce', '0.06%', 'empty', '206', 'Fort George Brewery', 'Astoria']
['836', '318', 'Vortex IPA', 'American IPA', '16.0 ounce', '0.07%', '97', '206', 'Fort George Brewery', 'Astoria']
['837', '2322', 'Fort Pitt Ale', 'American Amber / Red Ale', '12.0 oz.', 'empty', 'empty', '151', 'Fort Pitt Brewing Company', 'Latrobe PA']
['838', '2661', 'Park', 'American Pale Wheat Ale', '12.0 oz.', '0.05%', '19', '4', 'Fort Point Beer Company', 'San Francisco']
['845', '1874', 'El Chingon IPA', 'American IPA', '12.0 oz', '0.08%', '73', '287', 'Four Corners Brewing Company', 'Dallas']
['852', '1657', 'Leprechaun Lager', 'American Pale Lager', '12.0 oz. Alumi-Tek', '0.04%', 'empty', '348', 'Four Horsemen Brewing Company', 'South Bend']
['861', '2427', 'Suncaster Summer Wheat', 'American Pale Wheat Ale', '12.0 oz.', '0.05%', '28', '105', 'Four String Brewing Company', 'Columbus']
['864', '1998', 'Old Detroit', 'American Amber / Red Ale', '12.0 oz.', '0.06%', 'empty', '253', 'Frankenmuth Brewery', 'Frankenmuth']
['868', '2526', 'Texicali', 'American Brown Ale', '12.0 oz.', '0.07%', '33', '66', 'Freetail Brewing Company', 'San Antonio']
['878', '901', 'Harvest Ale', 'Saison / Farmhouse Ale', '12.0 oz', '0.07%', '35', '460', 'Fremont Brewing Company', 'Seattle']
['880', '858', 'Universale Pale Ale', 'American Pale Ale (APA)', '12.0 oz.', '0.06%', '30', '460', 'Fremont Brewing Company', 'Seattle']
['881', '857', 'Interurban IPA', 'American IPA', '12.0 oz', '0.07%', '80', '460', 'Fremont Brewing Company', 'Seattle']
['882', '1300', 'Gateway Kolsch Style Ale', 'K?lsch', '12.0 oz.', '0.05%', '32', '433', 'French Broad Brewery', 'Asheville']
['883', '1260', 'Wee-Heavy-Er Scotch Ale', 'Scotch Ale / Wee Heavy', '12.0 oz', '0.07%', '24', '433', 'French Broad Brewery', 'Asheville']
['884', '1259', '13 Rebels ESB', 'Extra Special / Strong Bitter (ESB)', '12.0 oz.', '0.05%', '42', '433', 'French Broad Brewery', 'Asheville']
['885', '2254', 'Salamander Slam', 'American IPA', '16.0 oz. Alumi-Tek', '0.07%', '73', '180', 'Frog Level Brewing Company', 'Waynesville']
['886', '1658', 'Cack-A-Lacky', 'American Pale Ale (APA)', '12.0 OZ.', '0.05%', 'empty', '347', 'Fullsteam Brewery', 'Durham']
['892', '1960', 'Saison Pamplemousse', 'Saison / Farmhouse Ale', '12.0 OZ.', '0.06%', '35', '240', 'Golden Road Brewing', 'Los Angeles']
['896', '1490', 'Point the Way IPA', 'American IPA', '16.0 oz.', '0.06%', '60', '240', 'Golden Road Brewing', 'Los Angeles']
['899', '1296', 'Point the Way IPA', 'American IPA', '12.0 oz', '0.06%', '60', '240', 'Golden Road Brewing', 'Los Angeles']
['905', '548', 'Golden Road Hefeweizen (2012)', 'Hefeweizen', '16.0 ounce', '0.05%', '15', '240', 'Golden Road Brewing', 'Los Angeles']
['909', '1000', 'Good People Pale Ale', 'American Pale Ale (APA)', '12.0 oz.', '0.06%', '36', '478', 'Good People Brewing Company', 'Birmingham']
['913', '308', 'Good People American Brown Ale', 'American Brown Ale', '12.0 ounce', '0.06%', '36', '478', 'Good People Brewing Company', 'Birmingham']
['917', '2202', '312 Urban Pale Ale', 'American Pale Ale (APA)', '12.0 oz.', '0.05%', '30', '88', 'Goose Island Brewing Company', 'Chicago']
['918', '2201', '312 Urban Wheat Ale', 'American Pale Wheat Ale', '16.0 oz', '0.04%', '18', '88', 'Goose Island Brewing Company', 'Chicago']
['919', '1829', '312 Urban Wheat Ale', 'American Pale Wheat Ale', '12.0 ounce', '0.04%', '18', '88', 'Goose Island Brewing Company', 'Chicago IL']
['920', '581', '312 Urban Wheat Ale (2012)', 'American Pale Wheat Ale', '12.0 oz.', '0.04%', '20', '88', 'Goose Island Brewing Company', 'Chicago']
['921', '1383', 'Beaver Logger', 'American Pale Lager', '12.0 ounce', '0.05%', '19', '420', 'Gore Range Brewery', 'Edwards']
['923', '476', 'Grand Canyon American Pilsner', 'American Pilsner', '12.0 oz.', '0.05%', 'empty', '536', 'Grand Canyon Brewing Company', 'Williams']
['925', '142', 'Black Iron India Pale Ale', 'American IPA', '12.0 oz.', 'empty', 'empty', '536', 'Grand Canyon Brewing Company', 'Williams']
['936', '930', 'Great Crescent Oktoberfest Lager', 'M?rzen / Oktoberfest', '16.0 oz.', '0.06%', '25', '165', 'Great Crescent Brewery', 'Aurora']
['939', '626', 'Aurora Lager (2011)', 'Dortmunder / Export Lager', '16.0 oz.', '0.06%', '27', '165', 'Great Crescent Brewery', 'Aurora']
['940', '615', 'Frosted Fields Winter Wheat', 'American Dark Wheat Ale', '16.0 oz.', '0.06%', '25', '165', 'Great Crescent Brewery', 'Aurora']
['944', '441', 'Great Crescent Coconut Porter (2012)', 'American Porter', '16.0 oz.', '0.06%', '33', '165', 'Great Crescent Brewery', 'Aurora']
['947', '436', 'Great Crescent IPA (2011)', 'American IPA', '16.0 oz.', '0.06%', '60', '165', 'Great Crescent Brewery', 'Aurora']
['948', '389', 'Great Crescent Blonde Ale (2011)', 'American Blonde Ale', '16.0 oz', '0.05%', '22', '165', 'Great Crescent Brewery', 'Aurora']
['951', '2648', 'Whitewater', 'American Pale Wheat Ale', '12.0 oz.', '0.06%', 'empty', '6', 'Great Divide Brewing Company', 'Denver']
['953', '2646', 'Orabelle', 'Tripel', '12.0 oz', '0.08%', 'empty', '6', 'Great Divide Brewing Company', 'Denver CO']
['955', '2644', 'Yeti  Imperial Stout', 'Russian Imperial Stout', '12.0 ounce', '0.10%', '75', '6', 'Great Divide Brewing Company', 'Denver']
['956', '2643', 'Colette', 'Saison / Farmhouse Ale', '12.0 OZ.', '0.07%', 'empty', '6', 'Great Divide Brewing Company', 'Denver']
['958', '404', 'Black Star Double Hopped Golden Lager (24 oz.)', 'American Pale Lager', '24.0 oz.', '0.05%', '15', '543', 'Great Northern Brewing Company', 'Whitefish']
['963', '1574', 'Barrel Aged Farmer', 'American Brown Ale', '16.0 ounce', '0.07%', '22', '365', 'Great River Brewery', 'Davenport']
['966', '1244', 'Dos Pistolas', 'Vienna Lager', '12.0 oz.', '0.05%', '20', '365', 'Great River Brewery', 'Davenport']
['968', '1028', 'Aaah Bock Lager', 'Vienna Lager', '16.0 OZ.', '0.06%', 'empty', '365', 'Great River Brewery', 'Davenport']
['970', '864', 'Roller Dam Red Ale', 'Irish Red Ale', '16.0 oz. Alumi-Tek', '0.05%', '30', '365', 'Great River Brewery', 'Davenport']
['972', '672', 'Hop A Potamus Double Dark Rye Pale Ale', 'Rye Beer', '16.0 oz.', '0.09%', '99', '365', 'Great River Brewery', 'Davenport']
['974', '540', 'Big Cock IPA', 'American IPA', '16.0 oz', '0.07%', '70', '365', 'Great River Brewery', 'Davenport']
['975', '539', 'Oktoberfest', 'M?rzen / Oktoberfest', '16.0 oz.', '0.06%', '25', '365', 'Great River Brewery', 'Davenport']
['977', '371', 'Redband Stout', 'American Stout', '16.0 oz.', '0.06%', '36', '365', 'Great River Brewery', 'Davenport']
['978', '190', '483 Pale Ale (2010)', 'American Pale Ale (APA)', '16.0 oz', '0.05%', '48', '365', 'Great River Brewery', 'Davenport']
['980', '1106', 'Pablo Beach Pale Ale', 'American Pale Ale (APA)', '12.0 oz.', '0.05%', '30', '466', 'Green Room Brewing', 'Jacksonville']
['986', '1505', 'Flying Jenny Extra Pale Ale', 'American Pale Ale (APA)', '12.0 oz.', '0.06%', '54', '379', 'Grey Sail Brewing of Rhode Island', 'Westerly']
['990', '693', 'Flying Jenny Extra Pale Ale (2012)', 'American Pale Ale (APA)', '12.0 oz.', '0.06%', '54', '379', 'Grey Sail Brewing of Rhode Island', 'Westerly']
['991', '631', 'Flagship Ale', 'Cream Ale', '12.0 oz.', '0.05%', '22', '379', 'Grey Sail Brewing of Rhode Island', 'Westerly']
['993', '2143', '3 Scrooges', 'Winter Warmer', '16.0 ounce', '0.07%', 'empty', '124', 'Griffin Claw Brewing Company', 'Birmingham']
['995', '2141', 'Grand Trunk Bohemian Pils', 'Czech Pilsener', '16.0 ounce', '0.05%', '35', '124', 'Griffin Claw Brewing Company', 'Birmingham']
['998', '2138', 'Grind Line', 'American Pale Ale (APA)', '16.0 ounce', '0.05%', '35', '124', 'Griffin Claw Brewing Company', 'Birmingham']
['1006', '1134', 'Pony Pilsner', 'German Pilsener', '16.0 oz.', '0.06%', 'empty', '327', 'Half Acre Beer Company', 'Chicago']
['1022', '1380', 'Harpoon Summer Beer', 'K?lsch', '12.0 oz.', '0.05%', '28', '234', 'Harpoon Brewery', 'Boston']
['1024', '1340', 'UFO Pumpkin', 'Pumpkin Ale', '12.0 oz.', '0.06%', '20', '234', 'Harpoon Brewery', 'Boston']
['1026', '770', 'Harpoon IPA (2012)', 'American IPA', '12.0 ounce', '0.06%', '42', '234', 'Harpoon Brewery', 'Boston']
['1027', '769', 'Harpoon Summer Beer (2012)', 'K?lsch', '12.0 oz', '0.05%', '28', '234', 'Harpoon Brewery', 'Boston']
['1030', '126', 'Harpoon IPA (2010)', 'American IPA', '12.0 oz', '0.06%', '42', '234', 'Harpoon Brewery', 'Boston']
['1031', '506', 'Great Falls Select Pale Ale', 'American Blonde Ale', '12.0 oz.', 'empty', 'empty', '535', 'Harvest Moon Brewing Company', 'Belt']
['1032', '181', 'Beltian White', 'Witbier', '12.0 oz.', '0.05%', 'empty', '535', 'Harvest Moon Brewing Company', 'Belt']
['1034', '2182', 'Sunset Amber', 'American Pale Ale (APA)', '12.0 oz', '0.05%', 'empty', '204', "Hawai'i Nui Brewing Co.", 'Hilo']
['1035', '2181', 'Hapa Brown Ale', 'American Brown Ale', '19.2 oz.', '0.06%', 'empty', '204', "Hawai'i Nui Brewing Co.", 'Hilo']
['1039', '1894', 'Pt. Bonita Rustic Lager', 'American Pale Lager', '16.0 oz', '0.06%', '40', '280', 'Headlands Brewing Company', 'Mill Valley']
['1042', '989', 'AARGHtoberfest!', 'M?rzen / Oktoberfest', '12.0 oz', '0.06%', '30', '479', 'Heavy Seas Beer', 'Halethorpe']
['1044', '1351', 'Grazias', 'Cream Ale', '16.0 OZ.', '0.06%', '30', '423', 'Hess Brewing Company', 'San Diego']
['1045', '1346', 'Habitus IPA', 'American IPA', '16.0 oz', '0.08%', '86', '423', 'Hess Brewing Company', 'San Diego']
['1050', '616', 'Oregon Trail Unfiltered Raspberry Wheat', 'Fruit / Vegetable Beer', '12.0 oz.', '0.05%', 'empty', '500', 'High Noon Saloon And Brewery', 'Leavenworth']
['1052', '1615', 'The 12th Can??American Pale Ale (APA)', '16.0 oz. Alumi-Tek', '0.05%', '32', '362', "Hilliard's Beer", 'Seattle', 'WA']
['1053', '889', "Hilliard's Pils", 'Czech Pilsener', '16.0 oz.', '0.06%', '34', '362', "Hilliard's Beer", 'Seattle']
['1056', '496', "Hilliard's Saison", 'Saison / Farmhouse Ale', '16.0 oz', '0.07%', '30', '362', "Hilliard's Beer", 'Seattle']
['1059', '1834', 'One Nut Brown', 'American Brown Ale', '12.0 ounce', '0.05%', '28', '297', 'Hop Farm Brewing Company', 'Pittsburgh']
['1060', '1833', 'Hop Farm IPA', 'American IPA', '12.0 oz', '0.06%', '45', '297', 'Hop Farm Brewing Company', 'Pittsburgh PA']
['1062', '1605', 'Festeroo Winter Ale', 'American Strong Ale', '12.0 oz.', '0.08%', '60', '198', 'Hop Valley Brewing Company', 'Springfield']
['1075', '2482', 'Totally Radler', 'Radler', '16.0 oz', '0.03%', '21', '80', 'Hopworks Urban Brewery', 'Portland']
['1079', '2397', 'Nonstop Hef Hop', 'American Pale Wheat Ale', '16.0 ounce', '0.04%', '20', '80', 'Hopworks Urban Brewery', 'Portland']
['1080', '2396', 'Nonstop Hef Hop', 'American Pale Wheat Ale', '16.0 ounce', '0.04%', '20', '80', 'Hopworks Urban Brewery', 'Portland']
['1082', '2394', 'Nonstop Hef Hop', 'American Pale Wheat Ale', '16.0 ounce', '0.04%', '20', '80', 'Hopworks Urban Brewery', 'Portland']
['1083', '2393', 'Nonstop Hef Hop', 'American Pale Wheat Ale', '16.0 oz', '0.04%', '20', '80', 'Hopworks Urban Brewery', 'Portland']
['1085', '2391', 'Nonstop Hef Hop', 'American Pale Wheat Ale', '16.0 oz', '0.04%', '20', '80', 'Hopworks Urban Brewery', 'Portland']
['1087', '2389', 'Nonstop Hef Hop', 'American Pale Wheat Ale', '16.0 oz', '0.04%', '20', '80', 'Hopworks Urban Brewery', 'Portland']
['1089', '2200', 'Survival Stout', 'American Stout', '16.0 oz.', '0.06%', '35', '80', 'Hopworks Urban Brewery', 'Portland OR']
['1090', '2199', 'Hopworks IPA', 'American IPA', '16.0 oz.', '0.07%', '75', '80', 'Hopworks Urban Brewery', 'Portland']
['1091', '2193', 'Abominable Winter Ale', 'American Strong Ale', '16.0 oz.', '0.07%', '70', '80', 'Hopworks Urban Brewery', 'Portland']
['1097', '2385', 'Watermelon Wheat', 'American Pale Wheat Ale', '12.0 oz.', '0.06%', 'empty', '120', 'Horny Goat Brew Pub', 'Milwaukee']
['1100', '1251', 'Trail Maker Pale Ale', 'American Pale Ale (APA)', '12.0 oz.', '0.07%', 'empty', '445', 'Howard Brewing Company', 'Lenoir']
['1102', '1903', 'Let It Ride IPA', 'American IPA', '12.0 oz', '0.07%', '90', '277', 'Indeed Brewing Company', 'Minneapolis']
['1107', '728', 'Day Tripper Pale Ale', 'American Pale Ale (APA)', '12.0 oz', '0.05%', '45', '277', 'Indeed Brewing Company', 'Minneapolis']
['1111', '2609', 'Tribute', 'American Pale Ale (APA)', '12.0 oz', '0.06%', '58', '23', 'Indiana City Brewing', 'Indianapolis']
['1113', '1774', 'Hijack', 'Cream Ale', '12.0 oz.', '0.06%', '20', '242', 'Infamous Brewing Company', 'Austin']
['1114', '559', 'Jon Boat Coastal Ale', 'American Blonde Ale', '12.0 oz.', '0.05%', '20', '527', 'Intuition Ale Works', 'Jacksonville']
['1118', '1784', 'Appreciation Ale', 'American IPA', '16.0 oz.', 'empty', 'empty', '316', 'Iron Hill Brewery & Restaurant', 'Wilmington']
['1122', '2670', 'Hoponius Union', 'American India Pale Lager', '12.0 ounce', '0.07%', '65', '2', "Jack's Abby Craft Lagers", 'Framingham']
['1123', '2669', 'Calyptra', 'American India Pale Lager', '12.0 oz. Alumi-Tek', '0.05%', '45', '2', "Jack's Abby Craft Lagers", 'Framingham']
['1126', '1793', 'Thunder Ann', 'American Pale Ale (APA)', '12.0 oz.', '0.06%', '37', '312', 'Jackalope Brewing Company', 'Nashville']
['1129', '689', 'Mystic Mama IPA', 'American IPA', '12.0 oz.', '0.07%', 'empty', '92', "Jackie O's Pub & Brewery", 'Athens']
['1132', '2408', 'Welcome to Scoville', 'American IPA', '12.0 oz.', '0.07%', 'empty', '114', 'Jailbreak Brewing Company', 'Laurel']
['1133', '2595', 'Bastian', 'American Strong Ale', '12.0 ounce', 'empty', 'empty', '32', 'James Page Brewing Company', 'Stevens Point']
['1138', '1254', "JP's Ould Sod Irish Red IPA", 'American IPA', '12.0 oz', '0.06%', 'empty', '32', 'James Page Brewing Company', 'Stevens Point WI']
['1139', '2060', 'Weize Guy', 'Hefeweizen', '12.0 ounce', '0.05%', '15', '233', 'Joseph James Brewing Company', 'Henderson']
['1140', '469', 'Fox Tail Gluten Free Ale', 'American Pale Ale (APA)', '12.0 oz', '0.05%', '50', '233', 'Joseph James Brewing Company', 'Henderson']
['1141', '468', 'Hop Box Imperial IPA', 'American Double / Imperial IPA', '12.0 oz', '0.09%', '90', '233', 'Joseph James Brewing Company', 'Henderson']
['1145', '2374', 'Weisse Versa (2012)', 'Hefeweizen', '12.0 oz.', '0.05%', '16', '125', 'Karbach Brewing Company', 'Houston']
['1146', '1560', 'Mother in Lager', 'Munich Dunkel Lager', '12.0 oz.', '0.06%', '25', '125', 'Karbach Brewing Company', 'Houston']
['1149', '1235', 'Love Street Summer Seasonal (2014)', 'K?lsch', '12.0 ounce', '0.05%', '20', '125', 'Karbach Brewing Company', 'Houston TX']
['1150', '1068', 'Barn Burner Saison', 'Saison / Farmhouse Ale', '12.0 oz. Alumi-Tek', '0.07%', '20', '125', 'Karbach Brewing Company', 'Houston']
['1151', '666', 'Rodeo Clown Double IPA', 'American Double / Imperial IPA', '12.0 OZ.', '0.10%', '85', '125', 'Karbach Brewing Company', 'Houston']
['1152', '465', 'Sympathy for the Lager', 'American Amber / Red Lager', '12.0 oz.', '0.05%', '45', '125', 'Karbach Brewing Company', 'Houston']
['1154', '463', 'Hopadillo India Pale Ale', 'American IPA', '12.0 oz', '0.07%', '70', '125', 'Karbach Brewing Company', 'Houston']
['1158', '1193', 'Skilak Scottish Ale', 'Scottish Ale', '12.0 oz', '0.06%', 'empty', '458', 'Kenai River Brewing Company', 'Soldotna']
['1162', '760', 'Cold Smoke Scotch Ale (2007)', 'Scotch Ale / Wee Heavy', '16.0 oz.', '0.07%', '11', '510', 'Kettle House Brewing Company', 'Missoula']
['1163', '759', 'Double Haul IPA (2009)', 'American IPA', '16.0 ounce', '0.07%', '65', '510', 'Kettle House Brewing Company', 'Missoula']
['1166', '86', 'Double Haul IPA', 'American IPA', '16.0 ounce', '0.07%', '65', '510', 'Kettle House Brewing Company', 'Missoula']
['1168', '2472', 'U. P. Witbier', 'Witbier', '12.0 oz.', 'empty', 'empty', '84', 'Keweenaw Brewing Company', 'Houghton']
['1169', '779', 'November Gale Pale Ale', 'American Pale Ale (APA)', '12.0 oz.', 'empty', 'empty', '84', 'Keweenaw Brewing Company', 'Houghton']
['1170', '364', 'Olde Ore Dock Scottish Ale', 'Scottish Ale', '12.0 oz.', 'empty', 'empty', '84', 'Keweenaw Brewing Company', 'Houghton']
['1171', '60', 'Widow Maker Black Ale', 'American Brown Ale', '12.0 oz', 'empty', 'empty', '84', 'Keweenaw Brewing Company', 'Houghton']
['1172', '59', 'Lift Bridge Brown Ale', 'American Brown Ale', '12.0 oz. Alumi-Tek', 'empty', 'empty', '84', 'Keweenaw Brewing Company', 'Houghton']
['1173', '58', 'Pick Axe Blonde Ale', 'American Blonde Ale', '12.0 oz', 'empty', 'empty', '84', 'Keweenaw Brewing Company', 'Houghton']
['1174', '57', 'Red Jacket Amber Ale', 'American Amber / Red Ale', '12.0 oz', 'empty', 'empty', '84', 'Keweenaw Brewing Company', 'Houghton']
['1178', '1666', 'King Street Hefeweizen', 'Hefeweizen', '12.0 oz. Alumi-Tek', '0.06%', '10', '102', 'King Street Brewing Company', 'Anchorage']
['1182', '1274', 'Longboard Island Lager', 'American Amber / Red Lager', '24.0 oz.', '0.05%', '18', '439', 'Kona Brewing Company', 'Kona']
['1183', '1220', 'Longboard Island Lager', 'American Amber / Red Lager', '16.0 oz', '0.05%', '18', '439', 'Kona Brewing Company', 'Kona']
['1186', '781', 'Choc Beer (2003)', 'American Dark Wheat Ale', '12.0 oz.', '0.04%', '9', '505', "Krebs Brewing Company (Pete's Pl...", 'Krebs']
['1189', '664', 'Elevated IPA', 'American IPA', '16.0 ounce', '0.07%', '100', '332', 'La Cumbre Brewing Company', 'Albuquerque']
['1190', '392', 'Rumspringa Golden Bock', 'Maibock / Helles Bock', '12.0 oz.', '0.07%', '30', '545', 'Lancaster Brewing Company', 'Lancaster']
['1193', '2493', 'I.P. Eh!', 'American IPA', '12.0 ounce', '0.07%', 'empty', '59', 'Latitude 42 Brewing Company', 'Portage']
['1194', '2492', 'Schoolhouse Honey', 'American Amber / Red Ale', '12.0 oz', '0.05%', 'empty', '59', 'Latitude 42 Brewing Company', 'Portage']
['1204', '473', 'Lewis & Clark Amber Ale', 'American Amber / Red Ale', '12.0 oz', '0.05%', 'empty', '537', 'Lewis and Clark Brewing Company', 'Helena MT']
['1214', '2332', 'Deadeye Jack', 'American Porter', '12.0 oz', '0.06%', 'empty', '149', 'Lonerider Brewing Company', 'Raleigh']
['1215', '2330', 'Pistols at Dawn', 'American Stout', '16.0 oz', '0.08%', 'empty', '149', 'Lonerider Brewing Company', 'Raleigh']
['1224', '2584', 'Gose', 'Gose', '16.0 oz', '0.05%', '8', '41', 'Lost Nation Brewing', 'East Fairfield']
['1227', '2581', 'Lost Galaxy', 'American IPA', '16.0 oz.', '0.05%', 'empty', '41', 'Lost Nation Brewing', 'East Fairfield']
['1233', '700', "The Farmer's Daughter", 'American Blonde Ale', '16.0 ounce', '0.05%', 'empty', '456', 'Lucette Brewing Company', 'Menominie']
['1234', '2033', 'Pub Ale', 'English Dark Mild Ale', '12.0 oz. Silo Can', '0.04%', '18', '245', 'Lucky Town Brewing Company', 'Jackson']
['1236', '2311', 'Knotty Pine', 'American Pale Ale (APA)', '12.0 oz. Alumi-Tek', '0.05%', 'empty', '158', 'Lumberyard Brewing Company', 'Flagstaff']
['1239', '125', 'Lumberyard Red Ale', 'American Amber / Red Ale', '12.0 oz. Silo Can', '0.06%', 'empty', '158', 'Lumberyard Brewing Company', 'Flagstaff']
['1249', '1815', 'SPRYE', 'American Pale Ale (APA)', '12.0 oz.', '0.05%', '40', '91', 'Madtree Brewing Company', 'Cincinnati']
['1255', '360', '#9', 'Fruit / Vegetable Beer', '12.0 ounce', '0.05%', '20', '303', 'Magic Hat Brewing Company', 'South Burlington']
['1257', '75', 'Epic IPA', 'American IPA', '12.0 oz.', '0.07%', 'empty', '534', 'Mammoth Brewing Company', 'Mammoth Lakes']
['1260', '1628', 'Festivus (1)', 'Winter Warmer', '12.0 oz.', '0.07%', 'empty', '356', 'Manayunk Brewing Company', 'Philadelphia']
['1265', '1484', 'Summer Paradise', 'American Pale Wheat Ale', '12.0 oz', '0.05%', '18', '356', 'Manayunk Brewing Company', 'Philadelphia']
['1271', '1672', 'Riverwalk Blonde Ale', 'American Blonde Ale', '12.0 ounce', '0.06%', '25', '346', 'Manzanita Brewing Company', 'Santee']
['1274', '1262', 'Marble Pilsner', 'German Pilsener', '12.0 oz', '0.05%', 'empty', '443', 'Marble Brewery', 'Albuquerque']
['1276', '1783', 'Toughcats IPA', 'American IPA', '16.0 oz', '0.07%', 'empty', '317', 'Marshall Wharf Brewing Company', 'Belfast']
['1280', '725', 'Cant Dog Imperial Pale Ale', 'American Double / Imperial IPA', '16.0 oz.', '0.10%', 'empty', '317', 'Marshall Wharf Brewing Company', 'Belfast']
['1284', '2120', 'The Imperial Texan', 'American Double / Imperial IPA', '16.0 OZ.', '0.08%', 'empty', '161', 'Martin House Brewing Company', 'Fort Worth']
['1288', '1231', 'There Will Be Stout', 'American Stout', '12.0 oz.', '0.07%', 'empty', '161', 'Martin House Brewing Company', 'Fort Worth TX']
['1289', '1831', 'Our Legacy IPA', 'American IPA', '12.0 oz.', '0.07%', '60', '299', 'Matt Brewing Company', 'Utica NY']
['1294', '958', 'DAX Light (1998)', 'Light Lager', '12.0 oz.', '0.05%', 'empty', '299', 'Matt Brewing Company', 'Utica']
['1296', '956', 'Pomegranate Wheat (2008)', 'Fruit / Vegetable Beer', '12.0 oz', '0.05%', 'empty', '299', 'Matt Brewing Company', 'Utica']
['1298', '686', 'Saranac White IPA', 'American IPA', '12.0 oz. Alumi-Tek', '0.06%', 'empty', '299', 'Matt Brewing Company', 'Utica']
['1303', '1429', 'Pau Hana Pilsner', 'Czech Pilsener', '12.0 oz. Alumi-Tek', '0.06%', 'empty', '375', 'Maui Brewing Company', 'Lahaina']
['1304', '1271', 'Lemongrass Saison', 'Saison / Farmhouse Ale', '12.0 oz. Alumi-Tek', '0.05%', 'empty', '375', 'Maui Brewing Company', 'Lahaina']
['1307', '690', "Sobrehumano Palena'ole", 'American Amber / Red Ale', '12.0 oz.', '0.06%', '24', '375', 'Maui Brewing Company', 'Lahaina']
['1308', '547', 'La Perouse White', 'Witbier', '12.0 oz', '0.05%', '12', '375', 'Maui Brewing Company', 'Lahaina']
['1317', '1986', 'Bushwhacker Cider', 'Cider', '16.0 OZ.', '0.07%', 'empty', '254', "Meckley's Cidery", 'Somerset Center']
['1322', '2184', 'Humpback Blonde Ale', 'American Blonde Ale', '12.0 oz.', '0.04%', '22', '203', 'Mehana Brewing Co.', 'Hilo']
['1326', '1508', 'Shark Bait', 'Fruit / Vegetable Beer', '12.0 oz', '0.05%', '11', '393', 'Miami Brewing Company', 'Miami']
['1334', '586', 'Kodiak Brown Ale', 'American Brown Ale', '12.0 ounce', '0.05%', '24', '223', 'Midnight Sun Brewing Company', 'Anchorage']
['1335', '434', 'Sockeye Red IPA', 'American IPA', '12.0 oz.', '0.06%', '70', '223', 'Midnight Sun Brewing Company', 'Anchorage']
['1336', '2668', 'Habitus (2014)', 'American Double / Imperial IPA', '16.0 oz.', '0.08%', '100', '3', 'Mike Hess Brewing Company', 'San Diego']
['1344', '2533', 'Misty Mountain Hop', 'American IPA', '24.0 ounce', '0.08%', 'empty', '65', 'Mikerphone Brewing', 'Chicago']
['1345', '2532', 'One-Hit Wonderful', 'Belgian IPA', '24.0 oz', '0.08%', 'empty', '65', 'Mikerphone Brewing', 'Chicago']
['1354', '273', 'AXL Pale Ale', 'American Pale Ale (APA)', '16.0 OZ.', 'empty', 'empty', '440', 'MillKing It Productions', 'Royal Oak']
['1357', '1080', 'Hop Happy', 'American IPA', '16.0 oz.', '0.08%', '51', '284', 'Milwaukee Brewing Company', 'Milwaukee']
['1358', '932', 'Booyah Farmhouse Ale', 'Saison / Farmhouse Ale', '16.0 oz', '0.07%', '20', '284', 'Milwaukee Brewing Company', 'Milwaukee']
['1360', '172', 'Flaming Damsel Lager (2010)', 'Vienna Lager', '16.0 oz.', '0.05%', '18', '284', 'Milwaukee Brewing Company', 'Milwaukee']
['1363', '2359', 'Huber Bock (2014)', 'Bock', '16.0 ounce', '0.05%', 'empty', '134', 'Minhas Craft Brewery', 'Monroe']
['1365', '2282', 'Huber', 'American Pale Lager', '12.0 ounce', '0.05%', 'empty', '134', 'Minhas Craft Brewery', 'Monroe']
['1369', '2278', 'Mountain Crest', 'American Pale Lager', '12.0 oz. Alumi-Tek', '0.06%', 'empty', '134', 'Minhas Craft Brewery', 'Monroe']
['1383', '337', 'Boneshaker Brown Ale', 'English Brown Ale', '24.0 ounce', '0.06%', 'empty', '547', 'Moat Mountain Smoke House & Brew...', 'North Conway']
['1390', '1495', 'Lomaland', 'Saison / Farmhouse Ale', '16.0 oz.', '0.06%', '30', '209', 'Modern Times Beer', 'San Diego']
['1395', '719', 'Sweet Georgia Brown', 'American Brown Ale', '16.0 OZ.', '0.05%', 'empty', '514', 'Monkey Paw Pub & Brewery', 'San Diego']
['1398', '1907', 'Montauk Summer Ale', 'American Blonde Ale', '12.0 oz.', '0.06%', '28', '276', 'Montauk Brewing Company', 'Montauk']
['1403', '1051', 'Black Bear Dark Lager', 'Schwarzbier', '12.0 oz.', '0.05%', '24', '326', 'Morgan Street Brewery', 'Saint Louis']
['1404', '1046', 'Golden Pilsner', 'German Pilsener', '12.0 oz', '0.05%', '35', '326', 'Morgan Street Brewery', 'Saint Louis']
['1407', '408', 'Sunny Haze', 'Hefeweizen', '12.0 oz.', '0.05%', 'empty', '540', 'Mother Earth Brewing Company', 'Kinston']
['1422', '2224', 'Bohemian Pils', 'American Pilsner', '16.0 oz.', '0.05%', '30', '143', 'Narragansett Brewing Company', 'Providence']
['1424', '1291', 'Narragansett Bohemian Pilsner', 'German Pilsener', '16.0 ounce', '0.09%', '35', '143', 'Narragansett Brewing Company', 'Providence']
['1427', '403', 'Narragansett Summer Ale', 'American Pale Wheat Ale', '16.0 oz.', '0.04%', '24', '143', 'Narragansett Brewing Company', 'Providence']
['1431', '1537', 'Undun Blonde Ale', 'American Blonde Ale', '16.0 oz.', '0.05%', 'empty', '387', 'Natian Brewery', 'Portland OR']
['1432', '1536', 'CuDa Cascadian Dark Ale', 'American Black Ale', '16.0 oz', '0.07%', 'empty', '387', 'Natian Brewery', 'Portland']
['1435', '746', 'CuDa Cascadian Dark Ale (2012)', 'American Black Ale', '16.0 oz.', '0.07%', 'empty', '387', 'Natian Brewery', 'Portland']
['1442', '1758', 'County Line IPA', 'American IPA', '12.0 ounce', '0.07%', 'empty', '325', 'Neshaminy Creek Brewing Company', 'Croydon']
['1446', '1987', 'Shift', 'American Pale Lager', '12.0 oz', '0.05%', '29', '82', 'New Belgium Brewing Company', 'Fort Collins']
['1447', '1978', '1554 Black Lager', 'Euro Dark Lager', '12.0 oz.', '0.06%', '21', '82', 'New Belgium Brewing Company', 'Fort Collins']
['1449', '1737', 'California Route', 'American Amber / Red Lager', '12.0 oz.', '0.06%', 'empty', '82', 'New Belgium Brewing Company', 'Fort Collins']
['1451', '1690', 'Sunshine Wheat Beer', 'American Pale Wheat Ale', '12.0 oz.', '0.05%', 'empty', '82', 'New Belgium Brewing Company', 'Fort Collins']
['1452', '1586', 'Fat Tire Amber Ale', 'American Amber / Red Ale', '12.0 oz.', '0.05%', '18', '82', 'New Belgium Brewing Company', 'Fort Collins']
['1456', '564', 'Ranger IPA', 'American IPA', '16.0 oz.', '0.07%', '70', '82', 'New Belgium Brewing Company', 'Fort Collins']
['1460', '71', 'Fat Tire Amber Ale (2008)', 'American Amber / Red Ale', '12.0 ounce', '0.05%', '18', '82', 'New Belgium Brewing Company', 'Fort Collins']
['1462', '885', 'Sea Hag IPA', 'American IPA', '12.0 oz.', '0.06%', 'empty', '410', 'New England Brewing Company', 'Woodbridge']
['1467', '43', '668 Neighbor of the Beast (16 oz.) (2010)', 'Belgian Pale Ale', '16.0 oz.', '0.09%', 'empty', '410', 'New England Brewing Company', 'Woodbridge']
['1470', '40', 'Atlantic Amber Ale (2007)', 'American Amber / Red Ale', '12.0 ounce', '0.05%', 'empty', '410', 'New England Brewing Company', 'Woodbridge']
['1472', '2272', 'Rebirth Pale Ale', 'American Pale Ale (APA)', '12.0 oz.', '0.05%', 'empty', '174', 'New Orleans Lager & Ale Brewing ...', 'New Orleans']
['1475', '486', 'Hopitoulas IPA', 'American IPA', '16.0 oz.', '0.07%', 'empty', '174', 'New Orleans Lager & Ale Brewing ...', 'New Orleans']
['1477', '484', 'NOLA Blonde Ale', 'American Blonde Ale', '12.0 oz', '0.05%', 'empty', '174', 'New Orleans Lager & Ale Brewing ...', 'New Orleans']
['1480', '2041', 'Dammit Jim!', 'American Amber / Red Ale', '12.0 oz. Alumi-Tek', '0.05%', '50', '241', 'New Republic Brewing Company', 'College Station']
['1481', '646', 'Nut Brown Ale', 'English Brown Ale', '12.0 oz', '0.05%', 'empty', '518', 'New South Brewing Company', 'Myrtle Beach SC']
['1483', '2050', 'Cream Ale', 'Cream Ale', '12.0 oz', '0.04%', '35', '238', 'Newburgh Brewing Company', 'Newburgh']
['1487', '1811', 'Marblehead', 'American Amber / Red Ale', '16.0 oz', '0.06%', 'empty', '305', 'Night Shift Brewing', 'Everett']
['1488', '1622', 'Jam Session', 'American Pale Ale (APA)', '16.0 oz.', '0.05%', '31', '359', 'NoDa Brewing Company', 'Charlotte']
['1494', '2692', 'Get Together', 'American IPA', '16.0 ounce', '0.05%', '50', '0', 'NorthGate Brewing', 'Minneapolis']
['1495', '2691', "Maggie's Leap", 'Milk / Sweet Stout', '16.0 oz', '0.05%', '26', '0', 'NorthGate Brewing', 'Minneapolis']
['1496', '2690', "Wall's End", 'English Brown Ale', '16.0 oz.', '0.05%', '19', '0', 'NorthGate Brewing', 'Minneapolis']
['1500', '1854', 'Blue Boots IPA', 'American IPA', '16.0 oz.', '0.07%', 'empty', '293', 'Northampton Brewery', 'Northamtpon']
['1502', '1226', 'Three Skulls Ale Pale Ale', 'American Pale Ale (APA)', '16.0 oz.', '0.06%', '42', '450', 'Northwest Brewing Company', 'Pacific']
['1513', '999', 'Watershed IPA (2013)', 'American IPA', '12.0 ounce', '0.07%', '70', '150', 'Oakshire Brewing', 'Eugene']
['1517', '2069', 'Slow Ride', 'American Pale Ale (APA)', '12.0 oz', '0.05%', '35', '184', 'Oasis Texas Brewing Company', 'Austin']
['1519', '1130', 'Occidental Dunkel', 'Dunkelweizen', '16.0 ounce', '0.05%', 'empty', '200', 'Occidental Brewing Company', 'Portland']
['1522', '2335', 'Perpetual Darkness', 'Belgian Strong Dark Ale', '12.0 oz.', '0.09%', '72', '148', 'Odyssey Beerwerks', 'Arvada']
['1526', '1720', 'Ghose Drifter Pale Ale', 'American Pale Ale (APA)', '12.0 oz', '0.05%', 'empty', '148', 'Odyssey Beerwerks', 'Arvada']
['1529', '1059', "The Hole in Hadrian's Wall", 'Scottish Ale', '16.0 oz', '0.10%', '19', '471', 'Okoboji Brewing Company', 'Spirit Lake']
['1531', '603', 'Midwest Charm Farmhouse Ale', 'Saison / Farmhouse Ale', '16.0 oz', '0.06%', '29', '471', 'Okoboji Brewing Company', 'Spirit Lake']
['1532', '602', 'Boji Blue Pale Ale', 'American Pale Ale (APA)', '16.0 ounce', '0.05%', '45', '471', 'Okoboji Brewing Company', 'Spirit Lake']
['1534', '600', 'Boji Beach Golden Rye Ale', 'Rye Beer', '16.0 oz.', '0.05%', '23', '471', 'Okoboji Brewing Company', 'Spirit Lake']
['1539', '1394', 'Old Forge Pumpkin Ale', 'Pumpkin Ale', '16.0 ounce', '0.05%', '20', '301', 'Old Forge Brewing Company', 'Danville']
['1542', '891', 'Overbite IPA', 'American IPA', '16.0 oz', '0.08%', 'empty', '301', 'Old Forge Brewing Company', 'Danville']
['1544', '508', 'Endless Summer Ale (2011)', 'American Pale Wheat Ale', '16.0 oz', '0.05%', 'empty', '301', 'Old Forge Brewing Company', 'Danville']
['1545', '1530', "Clem's Gold", 'American Pale Lager', '16.0 oz.', '0.05%', 'empty', '390', 'Orlison Brewing Company', 'Airway Heights']
['1546', '1529', "Lizzy's Red", 'American Amber / Red Lager', '16.0 oz.', '0.06%', 'empty', '390', 'Orlison Brewing Company', 'Airway Heights']
['1547', '1528', 'Orlison India Pale Lager', 'American Pale Lager', '16.0 oz', '0.07%', 'empty', '390', 'Orlison Brewing Company', 'Airway Heights']
['1549', '1526', 'Havanüther', 'Light Lager', '16.0 oz', '0.04%', 'empty', '390', 'Orlison Brewing Company', 'Airway Heights']
['1552', '2302', 'Pinner Throwback IPA', 'American IPA', '12.0 oz', '0.05%', '35', '166', 'Oskar Blues Brewery', 'Longmont']
['1555', '1796', 'The CROWLER??', '32.0 oz.', 'empty', 'empty', '166', 'Oskar Blues Brewery', 'Longmont', 'CO']
['1556', '1790', "CAN'D AID Foundation", 'empty', '12.0 ounce', 'empty', 'empty', '166', 'Oskar Blues Brewery', 'Longmont']
['1557', '1752', 'Icey.P.A.', 'American IPA', '16.0 ounce', 'empty', 'empty', '166', 'Oskar Blues Brewery', 'Longmont']
['1559', '1750', 'Birth IPA', 'American IPA', '12.0 ounce', 'empty', 'empty', '166', 'Oskar Blues Brewery', 'Longmont CO']
['1562', '1167', "Mama's Little Yella Pils", 'Czech Pilsener', '19.2 OZ.', '0.05%', '35', '166', 'Oskar Blues Brewery', 'Longmont']
['1566', '933', 'The Deuce', 'American Brown Ale', '16.0 oz', '0.07%', 'empty', '166', 'Oskar Blues Brewery', 'Longmont']
['1569', '806', 'Gordon Imperial Red (2010)', 'American Double / Imperial IPA', '12.0 oz', '0.09%', '85', '166', 'Oskar Blues Brewery', 'Longmont']
['1573', '720', '15th Anniversary Abbey Ale (2012)', 'Belgian Dark Ale', '16.0 oz', '0.09%', 'empty', '166', 'Oskar Blues Brewery', 'Longmont']
['1574', '661', 'Chaka', 'Belgian Strong Pale Ale', '16.0 oz.', '0.08%', 'empty', '166', 'Oskar Blues Brewery', 'Longmont']
['1576', '565', "Deviant Dale's IPA", 'American Double / Imperial IPA', '16.0 ounce', '0.08%', 'empty', '166', 'Oskar Blues Brewery', 'Longmont']
['1580', '7', "Mama's Little Yella Pils", 'Czech Pilsener', '12.0 OZ.', '0.05%', '35', '166', 'Oskar Blues Brewery', 'Longmont']
['1588', '787', 'Old Chub (2008)', 'Scottish Ale', '12.0 oz.', '0.08%', '35', '503', 'Oskar Blues Brewery', 'Lyons CO']
['1592', '744', "Dale's Pale Ale (2006)", 'American Pale Ale (APA)', '12.0 oz.', '0.07%', '65', '503', 'Oskar Blues Brewery', 'Lyons CO']
['1594', '742', "Dale's Pale Ale (2003)", 'American Pale Ale (APA)', '12.0 oz.', '0.07%', '65', '503', 'Oskar Blues Brewery', 'Lyons']
['1596', '734', 'Leroy (2005)', 'American Brown Ale', '12.0 oz', '0.05%', 'empty', '503', 'Oskar Blues Brewery', 'Lyons']
['1598', '1533', "G'KNIGHT", 'American Double / Imperial IPA', '12.0 OZ.', '0.09%', '85', '389', 'Oskar Blues Brewery (North Carol...', 'Brevard']
['1599', '1532', 'Ten Fidy', 'Russian Imperial Stout', '12.0 oz', '0.10%', '98', '389', 'Oskar Blues Brewery (North Carol...', 'Brevard']
['1600', '1328', "Deviant Dale's IPA", 'American Double / Imperial IPA', '16.0 oz', '0.08%', '85', '389', 'Oskar Blues Brewery (North Carol...', 'Brevard']
['1604', '1908', 'Fresh Slice White IPA', 'American White IPA', '12.0 oz', '0.06%', '45', '275', 'Otter Creek Brewing', 'Middlebury']
['1610', '697', 'Stimulator Pale Ale', 'American Pale Ale (APA)', '16.0 ounce', '0.05%', '48', '441', 'Pateros Creek Brewing Company', 'Fort Collins']
['1615', '1048', 'Outlaw IPA', 'American IPA', '12.0 oz', '0.06%', '65', '307', 'Payette Brewing Company', 'Garden City']
['1618', '775', 'Mutton Buster', 'American Brown Ale', '12.0 oz.', '0.06%', '25', '307', 'Payette Brewing Company', 'Garden City']
['1619', '1087', 'Side Kick K?lsch', 'K?lsch', '12.0 ounce', '0.05%', 'empty', '468', 'Peace Tree Brewing Company', 'Knoxville']
['1620', '1931', 'Fresh Cut Pilsner', 'American Pilsner', '12.0 OZ.', '0.05%', 'empty', '266', 'Peak Organic Brewing Company', 'Portland']
['1631', '2630', "98 Problems (Cuz A Hop Ain't One)", 'American IPA', '12.0 ounce', '0.07%', '65', '13', 'Perrin Brewing Company', 'Comstock Park']
['1635', '1061', "Pete's Wicked Summer Brew (1995)", 'American Pale Wheat Ale', '12.0 ounce', '0.05%', 'empty', '470', "Pete's Brewing Company", 'San Antonio']
['1636', '1060', "Pete's Wicked Bohemian Pilsner (1997)", 'Czech Pilsener', '12.0 oz. Alumi-Tek', '0.05%', 'empty', '470', "Pete's Brewing Company", 'San Antonio']
['1637', '1056', "Pete's Wicked Pale Ale (1997)", 'American Pale Ale (APA)', '12.0 oz', 'empty', 'empty', '470', "Pete's Brewing Company", 'San Antonio']
['1638', '1055', "Pete's Wicked Summer Brew (2002)", 'American Pale Wheat Ale', '12.0 ounce', '0.05%', 'empty', '470', "Pete's Brewing Company", 'San Antonio']
['1646', '1636', 'Local 5 Pale Ale', 'American Pale Ale (APA)', '16.0 oz.', '0.06%', 'empty', '355', 'Pikes Peak Brewing Company', 'Monument']
['1658', '479', 'Missouri Mule India Pale Ale', 'American IPA', '16.0 ounce', '0.07%', '70', '314', 'Piney River Brewing Company', 'Bucryus']
['1665', '2336', 'New Cleveland Palesner', 'American Pilsner', '12.0 OZ.', '0.05%', 'empty', '147', 'Platform Beer Company', 'Cleveland']
['1668', '335', 'Ponderosa IPA', 'American IPA', '12.0 oz.', 'empty', 'empty', '548', 'Prescott Brewing Company', 'Prescott']
['1669', '64', 'Liquid Amber Ale', 'American Amber / Red Ale', '12.0 oz.', 'empty', 'empty', '548', 'Prescott Brewing Company', 'Prescott']
['1670', '2360', 'Morning Wood Wheat (Current)', 'American Pale Wheat Ale', '12.0 OZ.', '0.06%', '14', '135', "Pug Ryan's Brewery", 'Dillon']
['1671', '1463', 'Hideout Helles', 'Munich Helles Lager', '12.0 oz.', '0.07%', '17', '135', "Pug Ryan's Brewery", 'Dillon CO']
['1675', '188', 'Pallavicini Pilsner (2009)', 'Czech Pilsener', '12.0 oz.', '0.06%', '21', '135', "Pug Ryan's Brewery", 'Dillon']
['1677', '399', 'Pyramid Hefeweizen (2011)', 'Hefeweizen', '12.0 oz.', '0.05%', '18', '544', 'Pyramid Breweries', 'Seattle']
['1678', '82', 'Haywire Hefeweizen (2010)', 'Hefeweizen', '16.0 oz.', '0.05%', '18', '544', 'Pyramid Breweries', 'Seattle']
['1685', '1861', 'BLAKKR', 'American Black Ale', '12.0 OZ.', '0.10%', '85', '128', 'Real Ale Brewing Company', 'Blanco']
['1686', '1718', 'Firemans #4 Blonde Ale (2013)', 'American Blonde Ale', '12.0 oz', '0.05%', '21', '128', 'Real Ale Brewing Company', 'Blanco']
['1690', '830', 'Firemans #4 Blonde Ale (2015)', 'American Blonde Ale', '12.0 oz.', '0.05%', '21', '128', 'Real Ale Brewing Company', 'Blanco']
['1692', '938', 'Gangway IPA', 'American IPA', '12.0 oz.', '0.06%', '55', '475', 'Red Hare Brewing Company', 'Marietta GA']
['1696', '2514', 'Suicide Blonde IPA', 'Belgian IPA', '16.0 oz.', '0.07%', 'empty', '68', 'Red Shedman Farm Brewery and Hop...', 'Mt. Airy']
['1697', '2513', 'Vanilla Porter', 'American Porter', '16.0 oz.', '0.05%', '25', '68', 'Red Shedman Farm Brewery and Hop...', 'Mt. Airy']
['1698', '2512', 'Honey Rye', 'Rye Beer', '16.0 ounce', '0.06%', '18', '68', 'Red Shedman Farm Brewery and Hop...', 'Mt. Airy']
['1705', '1373', 'Black Raspberry Nectar', 'Mead', '16.0 ounce', '0.08%', 'empty', '421', 'Redstone Meadery', 'Boulder']
['1707', '2414', 'Consilium', 'American Pale Ale (APA)', '12.0 ounce', '0.05%', '40', '110', 'Renegade Brewing Company', 'Denver']
['1712', '636', 'Ryeteous Rye IPA (2012)', 'American IPA', '16.0 oz.', '0.07%', '100', '110', 'Renegade Brewing Company', 'Denver']
['1715', '710', 'Rye Porter', 'American Porter', '16.0 oz.', 'empty', 'empty', '386', 'Revolution Brewing', 'Paonia CO']
['1720', '219', "Miner's Gold", 'American Blonde Ale', '12.0 oz', 'empty', 'empty', '386', 'Revolution Brewing', 'Paonia']
['1725', '417', 'Oktoberfest Revolution', 'M?rzen / Oktoberfest', '12.0 oz.', '0.06%', '25', '44', 'Revolution Brewing Company', 'Chicago']
['1728', '414', 'Bottom Up Belgian Wit', 'Witbier', '12.0 ounce', '0.05%', '14', '44', 'Revolution Brewing Company', 'Chicago']
['1729', '2452', 'Hustle', 'American Amber / Red Ale', '12.0 oz.', '0.06%', '42', '93', 'Rhinegeist Brewery', 'Cincinnati']
['1734', '1935', 'Zen', 'American Pale Ale (APA)', '12.0 oz.', '0.04%', '45', '93', 'Rhinegeist Brewery', 'Cincinnati']
['1736', '1851', 'Cougar', 'American Blonde Ale', '12.0 oz.', '0.05%', '25', '93', 'Rhinegeist Brewery', 'Cincinnati OH']
['1738', '2580', 'Gose', 'Gose', '16.0 oz', '0.04%', 'empty', '42', 'Rising Tide Brewing Company', 'Portland']
['1743', '1654', 'Hop Bomber Rye Pale Ale', 'American Pale Ale (APA)', '16.0 oz', '0.06%', '60', '321', 'Rivertown Brewing Company', 'Lockland']
['1761', '1724', 'Cal and Co. Black Cherry Porter', 'American Porter', '16.0 oz.', 'empty', 'empty', '229', 'Rochester Mills Brewing Company', 'Rochester']
['1762', '1280', 'Lazy Daze Lager', 'American Adjunct Lager', '16.0 ounce', '0.06%', 'empty', '229', 'Rochester Mills Brewing Company', 'Rochester']
['1765', '158', 'Cornerstone IPA', 'American IPA', '16.0 ounce', '0.07%', 'empty', '229', 'Rochester Mills Brewing Company', 'Rochester']
['1766', '97', 'Lazy Daze Lager', 'American Adjunct Lager', '12.0 oz. Alumi-Tek', '0.06%', 'empty', '229', 'Rochester Mills Brewing Company', 'Rochester']
['1771', '2304', 'Sundown', 'Saison / Farmhouse Ale', '12.0 ounce', '0.07%', '36', '164', 'Round Guys Brewing', 'Lansdale']
['1775', '1841', 'Alpha Blackback', 'American Black Ale', '12.0 oz', '0.07%', 'empty', '164', 'Round Guys Brewing', 'Lansdale']
['1776', '1782', 'Kiss Off IPA', 'American IPA', '12.0 oz.', '0.06%', 'empty', '164', 'Round Guys Brewing', 'Lansdale']
['1777', '1552', 'Dog Days Summer Ale', 'K?lsch', '12.0 oz.', '0.05%', '28', '164', 'Round Guys Brewing', 'Lansdale']
['1778', '1479', '1881 California Red', 'American Amber / Red Ale', '12.0 oz', '0.06%', '35', '397', 'Ruhstaller Beer Company', 'Sacramento']
['1781', '883', 'CAPT Black IPA', 'American Black Ale', '16.0 oz.', '0.07%', '55', '397', 'Ruhstaller Beer Company', 'Sacramento']
['1784', '1867', 'Saint Archer IPA', 'American IPA', '12.0 oz.', '0.07%', '66', '288', 'Saint Archer Brewery', 'San Diego']
['1785', '1865', 'Saint Archer Pale Ale', 'American Pale Ale (APA)', '12.0 oz.', '0.05%', '40', '288', 'Saint Archer Brewery', 'San Diego']
['1786', '1864', 'Saint Archer Blonde', 'K?lsch', '12.0 ounce', '0.05%', '22', '288', 'Saint Archer Brewery', 'San Diego']
['1787', '2599', 'Sex Panther', 'American Porter', '12.0 oz.', '0.07%', '20', '30', 'SanTan Brewing Company', 'Chandler']
['1789', '2063', 'Count Hopula (Vault Series)', 'American Double / Imperial IPA', '16.0 oz', '0.09%', '99', '30', 'SanTan Brewing Company', 'Chandler']
['1791', '1934', 'SunSpot Golden Ale', 'American Blonde Ale', '12.0 ounce', '0.05%', '15', '30', 'SanTan Brewing Company', 'Chandler']
['1794', '1073', 'Epicenter Amber Ale', 'American Amber / Red Ale', '12.0 OZ.', '0.06%', '20', '30', 'SanTan Brewing Company', 'Chandler']
['1795', '1072', 'SanTan HefeWeizen', 'Hefeweizen', '12.0 oz.', '0.05%', '15', '30', 'SanTan Brewing Company', 'Chandler']
['1797', '852', 'Sex Panther (2014)', 'American Porter', '12.0 oz.', '0.07%', '20', '30', 'SanTan Brewing Company', 'Chandler']
['1804', '285', 'Devil’s Ale (2010)', 'American Pale Ale (APA)', '12.0 ounce', '0.06%', '45', '30', 'SanTan Brewing Company', 'Chandler']
['1805', '124', 'Epicenter Amber Ale (2010)', 'American Amber / Red Ale', '12.0 oz.', '0.06%', '20', '30', 'SanTan Brewing Company', 'Chandler']
['1806', '1392', 'Sanitas Saison Ale', 'Saison / Farmhouse Ale', '12.0 ounce', '0.06%', '20', '419', 'Sanitas Brewing Company', 'Boulder']
['1808', '2002', 'Giant DIPA', 'American Double / Imperial IPA', '16.0 ounce', '0.09%', '88', '252', 'Santa Cruz Mountain Brewing', 'Santa Cruz']
['1809', '1683', 'Dread Brown Ale', 'American Brown Ale', '12.0 ounce', '0.05%', 'empty', '252', 'Santa Cruz Mountain Brewing', 'Santa Cruz']
['1814', '307', 'Santa Fe Oktoberfest', 'M?rzen / Oktoberfest', '12.0 oz.', 'empty', 'empty', '392', 'Santa Fe Brewing Company', 'Santa Fe']
['1815', '305', 'Imperial Java Stout', 'Russian Imperial Stout', '12.0 oz.', '0.08%', 'empty', '392', 'Santa Fe Brewing Company', 'Santa Fe']
['1818', '1477', 'Oval Beach Blonde Ale', 'American Blonde Ale', '16.0 oz.', '0.05%', '11', '398', 'Saugatuck Brewing Company', 'Douglas']
['1820', '1466', 'Ginger Cider', 'Cider', '12.0 oz.', '0.07%', 'empty', '394', 'Schilling & Company', 'Seattle']
['1824', '1078', 'Schlafly IPA', 'American IPA', '12.0 ounce', '0.05%', '30', '428', 'Schlafly Brewing Company', 'Saint Louis']
['1826', '588', 'Schlafly Hefeweizen', 'Hefeweizen', '12.0 oz. Alumi-Tek', '0.04%', '16', '428', 'Schlafly Brewing Company', 'Saint Louis']
['1827', '53', 'Schlafly Summer Lager', 'Munich Helles Lager', '12.0 oz.', '0.05%', '17', '428', 'Schlafly Brewing Company', 'Saint Louis']
['1832', '918', "Frankenlou's IPA", 'American IPA', '16.0 oz.', '0.07%', '105', '494', 'Seven Brides Brewery', 'Silverton OR']
['1833', '917', "Becky's Black Cat Porter", 'American Porter', '16.0 ounce', '0.07%', '55', '494', 'Seven Brides Brewery', 'Silverton']
['1834', '2250', 'Seventh Son of a Seventh Son', 'American Strong Ale', '16.0 oz', '0.08%', '40', '183', 'Seventh Son Brewing Company', 'Columbus']
['1841', '1539', 'Monkey Fist IPA', 'American IPA', '12.0 oz.', '0.07%', '65', '385', 'Shipyard Brewing Company', 'Portland']
['1849', '1905', 'Sierra Nevada Pale Ale', 'American Pale Ale (APA)', '16.0 oz.', '0.06%', '37', '83', 'Sierra Nevada Brewing Company', 'Chico']
['1850', '1338', 'Old Chico Crystal Wheat', 'American Pale Wheat Ale', '12.0 ounce', '0.05%', '26', '83', 'Sierra Nevada Brewing Company', 'Chico']
['1851', '1295', 'Summerfest', 'Czech Pilsener', '12.0 oz.', '0.05%', '28', '83', 'Sierra Nevada Brewing Company', 'Chico']
['1853', '400', 'Sierra Nevada Pale Ale', 'American Pale Ale (APA)', '12.0 oz. Alumi-Tek', '0.06%', '37', '83', 'Sierra Nevada Brewing Company', 'Chico']
['1854', '2353', 'Sietsema Red Label', 'Cider', '16.0 oz', '0.07%', 'empty', '137', 'Sietsema Orchards and Cider Mill', 'Ada']
['1855', '212', 'Bear Ass Brown', 'American Brown Ale', '12.0 oz.', '0.04%', 'empty', '551', 'Silverton Brewery', 'Silverton']
['1857', '160', 'Ice Pick Ale', 'American IPA', '12.0 oz', '0.07%', 'empty', '551', 'Silverton Brewery', 'Silverton']
['1868', '1387', 'Sweet Action', 'Cream Ale', '16.0 oz.', '0.05%', '34', '46', 'Sixpoint Craft Ales', 'Brooklyn']
['1869', '1386', 'Righteous Ale', 'Rye Beer', '16.0 oz.', '0.06%', '57', '46', 'Sixpoint Craft Ales', 'Brooklyn']
['1871', '1020', '3Beans', 'Baltic Porter', '12.0 oz. Alumi-Tek', '0.10%', '85', '46', 'Sixpoint Craft Ales', 'Brooklyn']
['1875', '628', 'Resin', 'American Double / Imperial IPA', '12.0 oz', '0.09%', '103', '46', 'Sixpoint Craft Ales', 'Brooklyn']
['1878', '425', 'The Crisp (2011)', 'German Pilsener', '16.0 ounce', '0.05%', '42', '46', 'Sixpoint Craft Ales', 'Brooklyn']
['1884', '1521', 'Modus Hoperandi', 'American IPA', '12.0 OZ.', '0.07%', '65', '264', 'Ska Brewing Company', 'Durango CO']
['1888', '774', 'Autumnal Molé Stout', 'American Stout', '12.0 oz.', 'empty', 'empty', '264', 'Ska Brewing Company', 'Durango']
['1894', '1792', 'Iron Butt Red Ale', 'American Amber / Red Ale', '12.0 oz', '0.06%', '39', '313', 'Slanted Rock Brewing Company', 'Meridian']
['1898', '30', 'Urban Wilderness Pale Ale', 'English Pale Ale', '12.0 ounce', '0.05%', 'empty', '557', 'Sleeping Lady Brewing Company', 'Anchorage']
['1899', '2305', 'Homefront IPA', 'American IPA', '12.0 oz. Alumi-Tek', '0.06%', '70', '163', 'Sly Fox Brewing Company', 'Phoenixville']
['1902', '1211', '360° India Pale Ale', 'American IPA', '12.0 oz.', '0.06%', 'empty', '371', 'Sly Fox Brewing Company', 'Pottstown']
['1906', '166', 'Oktoberfest Lager', 'M?rzen / Oktoberfest', '12.0 oz. Alumi-Tek', '0.06%', '25', '371', 'Sly Fox Brewing Company', 'Pottstown PA']
['1909', '22', 'Royal Weisse Ale', 'Hefeweizen', '12.0 OZ.', '0.06%', '11', '371', 'Sly Fox Brewing Company', 'Pottstown']
['1910', '21', 'Pikeland Pils', 'German Pilsener', '12.0 ounce', '0.05%', '44', '371', 'Sly Fox Brewing Company', 'Pottstown']
['1912', '2407', 'Rule G IPA', 'American IPA', '12.0 oz', '0.07%', '88', '115', 'Smartmouth Brewing Company', 'Norfolk']
['1917', '617', 'Zonker Stout', 'Foreign / Export Stout', '12.0 oz.', '0.05%', '36', '191', 'Snake River Brewing Company', 'Jackson']
['1926', '1482', 'Socktoberfest', 'M?rzen / Oktoberfest', '16.0 oz', '0.06%', 'empty', '309', 'Sockeye Brewing Company', 'Boise']
['1929', '1424', 'Boise Co-Op Two Score Ale', 'Saison / Farmhouse Ale', '16.0 oz.', '0.06%', 'empty', '309', 'Sockeye Brewing Company', 'Boise']
['1932', '1160', "Old Devil's Tooth", 'American Barleywine', '12.0 OZ.', '0.10%', '100', '309', 'Sockeye Brewing Company', 'Boise']
['1933', '1152', 'Galena Golden', 'American Blonde Ale', '12.0 oz. Alumi-Tek', '0.04%', 'empty', '309', 'Sockeye Brewing Company', 'Boise ID']
['1934', '1151', 'Hell-Diver Pale Ale', 'American Pale Ale (APA)', '12.0 oz.', '0.05%', '32', '309', 'Sockeye Brewing Company', 'Boise']
['1936', '1076', 'Power House Porter', 'American Porter', '12.0 OZ.', '0.06%', 'empty', '309', 'Sockeye Brewing Company', 'Boise']
['1942', '1969', "Kol' Beer", 'K?lsch', '16.0 oz.', '0.05%', '22', '257', 'South Austin Brewery', 'South Austin']
['1943', '2024', 'Montauk Light', 'Light Lager', '12.0 oz.', '0.04%', 'empty', '249', 'Southampton Publick House', 'Southampton']
['1948', '2320', 'Jack the Sipper', 'Extra Special / Strong Bitter (ESB)', '12.0 oz', '0.05%', '45', '133', 'Southern Prohibition Brewing Com...', 'Hattiesburg']
['1952', '1120', 'Hipster Breakfast', 'Oatmeal Stout', '16.0 oz', '0.06%', '40', '133', 'Southern Prohibition Brewing Com...', 'Hattiesburg']
['1953', '1118', 'Suzy B Dirty Blonde Ale', 'American Blonde Ale', '16.0 oz. Alumi-Tek', '0.05%', '20', '133', 'Southern Prohibition Brewing Com...', 'Hattiesburg']
['1960', '1011', 'Red Cockaded Ale (2013)', 'American Double / Imperial IPA', '12.0 oz.', '0.09%', '110', '118', 'Southern Star Brewing Company', 'Conroe']
['1970', '763', 'Hopluia (2004)', 'English India Pale Ale (IPA)', '16.0 oz', 'empty', 'empty', '508', 'Spilker Ales', 'Cortland']
['1974', '2135', 'Working for the Weekend', 'American Double / Imperial IPA', '16.0 oz', '0.08%', 'empty', '175', 'Spiteful Brewing Company', 'Chicago']
['1977', '1821', 'Bitter Biker Double IPA', 'American Double / Imperial IPA', '12.0 oz', '0.10%', 'empty', '175', 'Spiteful Brewing Company', 'Chicago']
['1979', '1819', 'Spiteful IPA', 'American IPA', '12.0 oz.', '0.06%', 'empty', '175', 'Spiteful Brewing Company', 'Chicago']
['1984', '445', 'Special Amber', 'Vienna Lager', '12.0 ounce', '0.05%', '22', '498', 'Sprecher Brewing Company', 'Glendale']
['1989', '369', 'Festie', 'M?rzen / Oktoberfest', '12.0 oz', '0.05%', '12', '383', 'Starr Hill Brewery', 'Crozet']
['1990', '368', 'Northern Lights India Pale Ale', 'American IPA', '12.0 ounce', '0.07%', '52', '383', 'Starr Hill Brewery', 'Crozet']
['1992', '92', 'Colorado K?lsch', 'K?lsch', '12.0 oz', '0.05%', '17', '119', 'Steamworks Brewing Company', 'Durango']
['1999', '2151', 'Onyx Black Ale', 'American Black Ale', '12.0 oz.', '0.05%', '9', '131', 'Stevens Point Brewery', 'Stevens Point']
['2001', '2122', 'Point Special (2013)', 'American Adjunct Lager', '12.0 oz', '0.05%', '9', '131', 'Stevens Point Brewery', 'Stevens Point']
['2002', '2121', 'Point Special (2012)', 'American Adjunct Lager', '12.0 oz', '0.05%', '9', '131', 'Stevens Point Brewery', 'Stevens Point']
['2003', '2115', 'Point Special Lager', 'American Adjunct Lager', '16.0 oz.', '0.05%', '9', '131', 'Stevens Point Brewery', 'Stevens Point']
['2006', '1225', 'Point Nude Beach Summer Wheat', 'American Pale Wheat Ale', '16.0 oz', '0.05%', '7', '131', 'Stevens Point Brewery', 'Stevens Point']
['2008', '772', 'Point Nude Beach Summer Wheat (2011)', 'American Pale Wheat Ale', '12.0 oz. Alumi-Tek', '0.05%', '7', '131', 'Stevens Point Brewery', 'Stevens Point']
['2011', '456', 'Point Oktoberfest', 'M?rzen / Oktoberfest', '12.0 ounce', '0.06%', '15', '131', 'Stevens Point Brewery', 'Stevens Point']
['2013', '141', 'Point Nude Beach Summer Wheat (2010)', 'American Pale Wheat Ale', '12.0 oz', '0.05%', '7', '131', 'Stevens Point Brewery', 'Stevens Point']
['2017', '953', 'Wisco Disco', 'American Amber / Red Ale', '16.0 ounce', '0.05%', '31', '486', 'Stillmank Beer Company', 'Green Bay']
['2024', '637', 'Monkeynaut IPA', 'American IPA', '12.0 oz.', '0.07%', '70', '412', 'Straight to Ale', 'Huntsville']
['2031', '2473', 'Hopvale Organic Ale', 'American Pale Ale (APA)', '16.0 ounce', '0.05%', '55', '58', 'Summit Brewing Company', 'St. Paul MN']
['2032', '2415', 'Unchained #18 Hop Silo', 'American Double / Imperial IPA', '16.0 oz.', '0.08%', '100', '58', 'Summit Brewing Company', 'St. Paul']
['2036', '2085', 'Hop Up Offa That Brett (2014)', 'Belgian Pale Ale', '16.0 ounce', '0.06%', '20', '25', 'Sun King Brewing Company', 'Indianapolis']
['2038', '2083', 'Bourbon Barrel Batch 666: Sympathy for the Devil', 'Belgian Dark Ale', '16.0 ounce', '0.10%', '36', '25', 'Sun King Brewing Company', 'Indianapolis']
['2040', '2081', 'Port Barrel Wee Mac', 'Scotch Ale / Wee Heavy', '16.0 ounce', '0.05%', '23', '25', 'Sun King Brewing Company', 'Indianapolis']
['2045', '1948', '30 Min Coma', 'Belgian IPA', '16.0 ounce', 'empty', 'empty', '25', 'Sun King Brewing Company', 'Indianapolis IN']
['2047', '1599', 'Royal Brat', 'Extra Special / Strong Bitter (ESB)', '16.0 oz. Silo Can', '0.07%', '55', '25', 'Sun King Brewing Company', 'Indianapolis']
['2049', '1389', 'Osiris Pale Ale', 'American Pale Ale (APA)', '16.0 ounce', '0.06%', '50', '25', 'Sun King Brewing Company', 'Indianapolis']
['2052', '1347', 'Bourbon Barrel Cowbell', 'American Porter', '16.0 OZ.', 'empty', 'empty', '25', 'Sun King Brewing Company', 'Indianapolis']
['2054', '1128', 'Ring of Dingle', 'Irish Dry Stout', '16.0 oz.', '0.07%', '27', '25', 'Sun King Brewing Company', 'Indianapolis']
['2056', '1049', 'Bourbon Barrel Johan', 'English Barleywine', '16.0 oz', '0.10%', '60', '25', 'Sun King Brewing Company', 'Indianapolis']
['2057', '934', 'The Deuce', 'American Brown Ale', '16.0 oz', '0.07%', 'empty', '25', 'Sun King Brewing Company', 'Indianapolis']
['2063', '651', 'Isis', 'American Double / Imperial IPA', '16.0 oz.', '0.09%', '91', '25', 'Sun King Brewing Company', 'Indianapolis']
['2064', '584', 'Wee Muckle (2011)', 'Scotch Ale / Wee Heavy', '16.0 oz', '0.09%', '30', '25', 'Sun King Brewing Company', 'Indianapolis']
['2067', '394', 'Johan the Barleywine', 'English Barleywine', '16.0 oz', '0.10%', '60', '25', 'Sun King Brewing Company', 'Indianapolis']
['2070', '54', 'Osiris Pale Ale (2010)', 'American Pale Ale (APA)', '16.0 oz. Alumi-Tek', '0.06%', '50', '25', 'Sun King Brewing Company', 'Indianapolis']
['2073', '2543', 'Todd the Axe Man', 'American IPA', '16.0 oz.', '0.07%', 'empty', '61', 'Surly Brewing Company', 'Brooklyn Center']
['2075', '1739', 'BLAKKR', 'American Black Ale', '16.0 oz', '0.10%', '85', '61', 'Surly Brewing Company', 'Brooklyn Center']
['2076', '1112', 'Overrated! West Coast Style IPA', 'American IPA', '16.0 ounce', '0.07%', '69', '61', 'Surly Brewing Company', 'Brooklyn Center']
['2082', '15', 'Abrasive Ale', 'American Double / Imperial IPA', '16.0 OZ.', '0.10%', '120', '61', 'Surly Brewing Company', 'Brooklyn Center']
['2083', '14', 'Hell', 'Keller Bier / Zwickel Bier', '16.0 oz.', '0.05%', '20', '61', 'Surly Brewing Company', 'Brooklyn Center']
['2087', '1241', 'Cotton Mouth', 'Witbier', '12.0 oz.', '0.05%', '10', '447', 'Swamp Head Brewery', 'Gainesville']
['2090', '1238', 'Wild Night', 'Cream Ale', '12.0 oz', '0.06%', '18', '447', 'Swamp Head Brewery', 'Gainesville']
['2093', '2551', 'Waterkeeper', 'Hefeweizen', '12.0 oz.', '0.06%', 'empty', '49', 'SweetWater Brewing Company', 'Atlanta']
['2094', '1710', 'SweetWater IPA', 'American IPA', '12.0 oz.', '0.06%', 'empty', '49', 'SweetWater Brewing Company', 'Atlanta']
['2097', '1164', 'TailGate Saison', 'Saison / Farmhouse Ale', '12.0 oz.', '0.05%', 'empty', '449', 'TailGate Beer', 'San Diego']
['2100', '623', 'TailGate Hefeweizen', 'Hefeweizen', '24.0 oz.', '0.05%', '28', '449', 'TailGate Beer', 'San Diego']
['2101', '622', 'Blacktop Blonde', 'American Blonde Ale', '24.0 oz.', '0.05%', '19', '449', 'TailGate Beer', 'San Diego']
['2103', '361', 'TailGate Hefeweizen', 'Hefeweizen', '12.0 ounce', '0.05%', '28', '449', 'TailGate Beer', 'San Diego']
['2105', '2555', 'Ginger Peach Saison', 'Saison / Farmhouse Ale', '16.0 oz.', '0.05%', '20', '45', 'Tallgrass Brewing Company', 'Manhattan']
['2107', '1196', 'Wild Plum Farmhouse Ale', 'Saison / Farmhouse Ale', '16.0 OZ.', '0.06%', '20', '45', 'Tallgrass Brewing Company', 'Manhattan']
['2109', '1017', 'Ethos IPA', 'American IPA', '16.0 oz', '0.07%', '110', '45', 'Tallgrass Brewing Company', 'Manhattan']
['2110', '1009', 'Tallgrass Pub Ale', 'American Brown Ale', '16.0 oz', '0.04%', '12', '45', 'Tallgrass Brewing Company', 'Manhattan']
['2113', '676', 'Halcyon Unfiltered Wheat', 'American Pale Wheat Ale', '16.0 ounce', '0.05%', '20', '45', 'Tallgrass Brewing Company', 'Manhattan KS']
['2118', '104', 'Oasis (2010)', 'American Double / Imperial IPA', '16.0 oz.', '0.07%', '93', '45', 'Tallgrass Brewing Company', 'Manhattan']
['2120', '102', 'Buffalo Sweat (2010)', 'Milk / Sweet Stout', '16.0 oz', '0.05%', '20', '45', 'Tallgrass Brewing Company', 'Manhattan']
['2123', '1432', 'Yard Sale Amber Ale', 'American Amber / Red Ale', '16.0 oz.', '0.06%', 'empty', '409', 'Tamarack Brewing Company', 'Lakeside']
['2125', '544', 'Old Elephant Foot IPA', 'American IPA', '16.0 oz. Alumi-Tek', '0.07%', '80', '490', 'Tampa Bay Brewing Company', 'Tampa']
['2127', '2448', 'Reactor', 'American IPA', '16.0 oz.', '0.07%', 'empty', '7', 'Tapistry Brewing', 'Bridgman']
['2133', '2155', 'Smittytown', 'Extra Special / Strong Bitter (ESB)', '12.0 oz.', '0.05%', 'empty', '210', 'Temperance Beer Company', 'Evanston IL']
['2134', '1982', 'Greenwood Beach', 'Fruit / Vegetable Beer', '12.0 oz. Alumi-Tek', '0.04%', 'empty', '210', 'Temperance Beer Company', 'Evanston']
['2136', '1082', 'RecreationAle', 'American Pale Ale (APA)', '12.0 oz', '0.05%', '42', '469', 'Terrapin Brewing Company', 'Athens GA']
['2142', '1915', 'The Crusher', 'American Double / Imperial IPA', '16.0 oz.', '0.10%', 'empty', '272', 'The Alchemist', 'Waterbury']
['2147', '1200', 'Bomber Mountain Amber Ale (2013)', 'American Amber / Red Ale', '12.0 ounce', '0.05%', '20', '457', 'The Black Tooth Brewing Company', 'Sheridan']
['2148', '1199', 'Indian Paintbrush IPA', 'American IPA', '12.0 ounce', '0.07%', '75', '457', 'The Black Tooth Brewing Company', 'Sheridan']
['2149', '1198', 'Saddle Bronc Brown Ale (2013)', 'English Brown Ale', '12.0 ounce', '0.05%', '16', '457', 'The Black Tooth Brewing Company', 'Sheridan']
['2153', '94', 'Resurrection', 'Dubbel', '12.0 oz', '0.07%', 'empty', '262', "The Brewer's Art", 'Baltimore']
['2155', '1747', 'Bronx Black Pale Ale', 'American Black Ale', '16.0 oz', '0.06%', '46', '329', 'The Bronx Brewery', 'Bronx']
['2158', '2035', 'Kolschtal Eddy', 'K?lsch', '16.0 oz.', '0.06%', 'empty', '33', "The Dudes' Brewing Company", 'Torrance']
['2164', '963', 'Manhattan Gold Lager (1990)', 'American Amber / Red Lager', '12.0 ounce', 'empty', 'empty', '484', 'The Manhattan Brewing Company', 'New York']
['2171', '1781', 'Three Way Pale Ale', 'American Pale Ale (APA)', '12.0 oz', '0.05%', 'empty', '142', 'Third Street Brewhouse', 'Cold Spring']
['2172', '1780', 'Rise to the Top', 'Cream Ale', '12.0 oz', '0.04%', 'empty', '142', 'Third Street Brewhouse', 'Cold Spring']
['2174', '2421', 'Watermelon Ale', 'Fruit / Vegetable Beer', '12.0 ounce', '0.05%', '11', '108', 'Thomas Hooker Brewing Company', 'Bloomfield']
['2175', '2319', 'Knotty Blonde Ale', 'American Blonde Ale', '12.0 oz. Alumi-Tek', '0.04%', '18', '153', 'Three Creeks Brewing', 'Sisters']
['2180', '2617', 'Citra Faced', 'American Pale Wheat Ale', '16.0 oz', '0.06%', '64', '21', 'Three Pints Brewing', 'Martinsville']
['2185', '1222', 'Cropduster Mid-American IPA', 'American IPA', '12.0 oz', '0.07%', 'empty', '282', 'Thunderhead Brewing Company', 'Kearney']
['2187', '121', 'Cornstalker Dark Wheat', 'American Dark Wheat Ale', '12.0 oz', 'empty', 'empty', '282', 'Thunderhead Brewing Company', 'Kearney NE']
['2191', '1817', 'Klingon Warnog Roggen Dunkel', 'Roggenbier', '16.0 OZ.', '0.06%', 'empty', '17', 'Tin Man Brewing Company', 'Evansville']
['2198', '1755', 'Juke Joint IPA', 'American IPA', '12.0 oz', '0.07%', '60', '152', 'Tin Roof Brewing Company', 'Baton Rouge']
['2205', '736', 'Ornery Amber Lager (2003)', 'Vienna Lager', '12.0 oz.', '0.06%', '33', '291', 'Tommyknocker Brewery', 'Idaho Springs CO']
['2209', '1937', 'Milk Mustachio Stout', 'Milk / Sweet Stout', '12.0 oz', '0.07%', 'empty', '265', 'Tractor Brewing Company', 'Albuquerque']
['2213', '113', 'Triangle Belgian Golden Ale', 'Belgian Strong Pale Ale', '12.0 ounce', '0.08%', 'empty', '524', 'Triangle Brewing Company', 'Durham']
['2217', '1510', 'Troegenator Doublebock', 'Doppelbock', '16.0 ounce', '0.08%', '25', '97', 'Tr?egs Brewing Company', 'Hershey']
['2218', '1509', 'Perpetual IPA', 'American IPA', '12.0 ounce', '0.08%', '85', '97', 'Tr?egs Brewing Company', 'Hershey PA']
['2219', '433', 'Greenville Pale Ale', 'American Pale Ale (APA)', '12.0 oz.', '0.06%', '52', '539', 'Twin Lakes Brewing Company', 'Greenville']
['2221', '2588', 'Cow Creek', 'American Amber / Red Lager', '12.0 ounce', '0.05%', '26', '38', 'Twisted X Brewing Company', 'Dripping Springs']
['2223', '2212', 'Twisted X', 'American Adjunct Lager', '12.0 oz.', '0.05%', '19', '38', 'Twisted X Brewing Company', 'Dripping Springs']
['2226', '1660', 'Immersion Amber', 'American Amber / Red Ale', '12.0 oz', '0.05%', '27', '190', 'Two Beers Brewing Company', 'Seattle']
['2227', '1659', 'Evo IPA', 'American IPA', '12.0 ounce', '0.06%', '70', '190', 'Two Beers Brewing Company', 'Seattle']
['2229', '1173', 'Evolutionary IPA (2012)', 'American IPA', '12.0 oz.', '0.06%', '70', '190', 'Two Beers Brewing Company', 'Seattle']
['2237', '2246', 'Night Cat', 'American Dark Wheat Ale', '12.0 oz', '0.06%', '43', '74', 'Two Brothers Brewing Company', 'Warrenville']
['2238', '1630', 'Night Cat (2014)', 'American Dark Wheat Ale', '12.0 oz.', '0.06%', '43', '74', 'Two Brothers Brewing Company', 'Warrenville']
['2239', '1284', 'Dog Days Lager', 'Dortmunder / Export Lager', '12.0 oz.', '0.05%', '17', '74', 'Two Brothers Brewing Company', 'Warrenville']
['2240', '1121', 'Sidekick Extra Pale Ale', 'American Pale Ale (APA)', '12.0 oz. Alumi-Tek', '0.05%', '36', '74', 'Two Brothers Brewing Company', 'Warrenville']
['2245', '642', 'Outlaw IPA (2015)', 'American IPA', '12.0 OZ.', '0.07%', 'empty', '74', 'Two Brothers Brewing Company', 'Warrenville']
['2250', '1170', 'Workers Comp Saison', 'Saison / Farmhouse Ale', '12.0 oz', '0.05%', 'empty', '435', 'Two Roads Brewing Company', 'Stratford']
['2251', '1169', "Ol' Factory Pils", 'German Pilsener', '12.0 ounce', '0.05%', 'empty', '435', 'Two Roads Brewing Company', 'Stratford']
['2255', '1723', 'Hop Nosh IPA', 'American IPA', '12.0 OZ.', '0.07%', '83', '159', 'Uinta Brewing Company', 'Salt Lake City']
['2256', '1212', "SUM'R", 'American Blonde Ale', '12.0 ounce', '0.04%', '17', '159', 'Uinta Brewing Company', 'Salt Lake City']
['2257', '1097', 'Organic Baba Black Lager', 'Schwarzbier', '12.0 oz', '0.04%', '32', '159', 'Uinta Brewing Company', 'Salt Lake City']
['2259', '1088', 'Cutthroat Pale Ale', 'American Pale Ale (APA)', '12.0 oz.', '0.04%', '34', '159', 'Uinta Brewing Company', 'Salt Lake City']
['2262', '2372', 'The Green Room', 'American IPA', '16.0 oz', '0.06%', '75', '126', "Uncle Billy's Brewery and Smokeh...", 'Austin']
['2263', '2367', 'Humbucker Helles', 'Maibock / Helles Bock', '16.0 oz.', '0.05%', '25', '126', "Uncle Billy's Brewery and Smokeh...", 'Austin']
['2265', '1703', "Uncle John's Apricot Apple Cider", 'Cider', '16.0 ounce', '0.07%', 'empty', '338', "Uncle John's Fruit House Winery", "St. John's"]
['2267', '606', 'Scotty K NA', 'Low Alcohol Beer', '16.0 ounce', '0.00%', 'empty', '522', 'Uncommon Brewers', 'Santa Cruz']
['2268', '543', 'Bacon Brown Ale', 'American Brown Ale', '16.0 oz', '0.07%', 'empty', '522', 'Uncommon Brewers', 'Santa Cruz']
['2273', '2506', 'Old Pro', 'Gose', '12.0 OZ.', '0.04%', '10', '71', 'Union Craft Brewing', 'Baltimore']
['2279', '2565', 'Lee Hill Series Vol. 5 - Belgian Style Quadrupel Ale', 'Quadrupel (Quad)', '19.2 oz.', '0.13%', 'empty', '51', 'Upslope Brewing Company', 'Boulder']
['2280', '2564', 'Lee Hill Series Vol. 4 - Manhattan Style Rye Ale', 'Rye Beer', '19.2 oz', '0.10%', 'empty', '51', 'Upslope Brewing Company', 'Boulder']
['2285', '1932', 'Thai Style White IPA', 'American White IPA', '12.0 oz.', '0.07%', '33', '51', 'Upslope Brewing Company', 'Boulder']
['2291', '614', 'Upslope Foreign Style Stout', 'Foreign / Export Stout', '12.0 oz.', '0.07%', 'empty', '51', 'Upslope Brewing Company', 'Boulder']
['2292', '466', 'Top Rope Mexican-style Craft Lager', 'Vienna Lager', '12.0 ounce', '0.05%', '15', '51', 'Upslope Brewing Company', 'Boulder']
['2298', '381', 'Upstate I.P.W.', 'American IPA', '12.0 oz', '0.07%', '70', '546', 'Upstate Brewing Company', 'Elmira']
['2299', '1826', 'Squatters Full Suspension Pale Ale', 'American Pale Ale (APA)', '12.0 oz.', '0.04%', 'empty', '302', 'Utah Brewers Cooperative', 'Salt Lake City']
['2301', '1824', 'Devastator Double Bock', 'Doppelbock', '12.0 oz. Alumi-Tek', '0.08%', 'empty', '302', 'Utah Brewers Cooperative', 'Salt Lake City']
['2309', '1378', 'Totally Roasted', 'Cider', '16.0 ounce', '0.07%', 'empty', '185', 'Vander Mill Ciders', 'Spring Lake']
['2315', '1730', "Wynona's Big Brown Ale", 'American Brown Ale', '12.0 OZ.', '0.08%', '31', '322', 'Voodoo Brewery', 'Meadville PA']
['2318', '1488', 'Pilzilla', 'American Double / Imperial Pilsner', '12.0 ounce', '0.08%', '85', '322', 'Voodoo Brewery', 'Meadville']
['2320', '1845', 'Green Monsta IPA', 'American IPA', '12.0 oz', '0.06%', '55', '295', 'Wachusett Brewing Company', 'Westminster MA']
['2321', '1844', 'Wachusett IPA', 'American IPA', '12.0 OZ.', '0.06%', '50', '295', 'Wachusett Brewing Company', 'Westminster']
['2325', '1030', 'Country Pale Ale', 'English Pale Ale', '12.0 ounce', '0.05%', '17', '295', 'Wachusett Brewing Company', 'Westminster']
['2326', '1029', 'Wachusett Light IPA (2013)', 'American IPA', '12.0 oz', '0.04%', '37', '295', 'Wachusett Brewing Company', 'Westminster']
['2328', '619', 'Wachusett Blueberry Ale', 'Fruit / Vegetable Beer', '12.0 oz.', '0.05%', '10', '295', 'Wachusett Brewing Company', 'Westminster']
['2329', '618', 'Green Monsta IPA', 'American IPA', '12.0 oz.', '0.06%', '55', '295', 'Wachusett Brewing Company', 'Westminster']
['2335', '2439', 'Christmas Ale', 'Herbed / Spiced Beer', '12.0 oz.', '0.09%', 'empty', '100', 'West Sixth Brewing', 'Lexington']
['2338', '652', 'West Sixth IPA', 'American IPA', '12.0 oz.', 'empty', 'empty', '100', 'West Sixth Brewing', 'Lexington']
['2344', '1551', "Pop's Old Fashioned Lager", 'American Amber / Red Lager', '12.0 oz', '0.05%', 'empty', '351', 'Westfield River Brewing Company', 'Westfield']
['2346', '2364', 'Royal Lager', 'American Pale Lager', '16.0 ounce', 'empty', 'empty', '132', 'Weston Brewing Company', 'Weston']
['2347', '2348', 'Rip Van Winkle (Current)', 'Bock', '12.0 oz', '0.08%', 'empty', '132', 'Weston Brewing Company', 'Weston']
['2348', '2344', 'O’Malley’s Stout', 'English Stout', '12.0 ounce', 'empty', 'empty', '132', 'Weston Brewing Company', 'Weston']
['2349', '2343', 'O’Malley’s IPA', 'American IPA', '12.0 ounce', '0.08%', '89', '132', 'Weston Brewing Company', 'Weston']
['2350', '2342', 'O’Malley’s Irish Style Cream Ale', 'Cream Ale', '12.0 oz', 'empty', 'empty', '132', 'Weston Brewing Company', 'Weston']
['2351', '2341', "L'il Lucy's Hot Pepper Ale", 'Chile Beer', '12.0 oz.', '0.05%', '28', '132', 'Weston Brewing Company', 'Weston']
['2352', '2340', 'Drop Kick Ale', 'American Amber / Red Ale', '12.0 oz', '0.05%', 'empty', '132', 'Weston Brewing Company', 'Weston']
['2353', '2573', 'Raspberry Berliner Weisse', 'Berliner Weissbier', '12.0 oz', '0.06%', 'empty', '47', 'White Birch Brewing', 'Hooksett']
['2356', '2570', 'Berliner Weisse', 'Berliner Weissbier', '12.0 ounce', '0.06%', 'empty', '47', 'White Birch Brewing', 'Hooksett']
['2367', '398', 'Wild Onion Summer Wit', 'Witbier', '12.0 oz', '0.04%', '13', '361', 'Wild Onion Brewing Company', 'Lake Barrington']
['2369', '334', 'Wild Onion Pumpkin Ale (2010)', 'Pumpkin Ale', '12.0 ounce', '0.05%', 'empty', '361', 'Wild Onion Brewing Company', 'Lake Barrington']
['2370', '162', 'Paddy Pale Ale', 'American Pale Ale (APA)', '12.0 oz', '0.06%', '41', '361', 'Wild Onion Brewing Company', 'Lake Barrington']
['2371', '2253', 'Blonde Hunny', 'Belgian Pale Ale', '12.0 oz', '0.07%', '21', '181', 'Wild Wolf Brewing Company', 'Nellysford VA']
['2375', '826', 'Mystical Stout', 'Irish Dry Stout', '16.0 oz. Alumi-Tek', '0.05%', 'empty', '499', 'Wildwood Brewing Company', 'Stevensville']
['2379', '323', 'Wind River Blonde Ale', 'American Blonde Ale', '16.0 oz', '0.05%', 'empty', '550', 'Wind River Brewing Company', 'Pinedale']
['2380', '762', 'Ace IPA', 'American IPA', '16.0 ounce', '0.07%', '83', '509', 'Wingman Brewers', 'Tacoma']
['2382', '2149', '#001 Golden Amber Lager', 'American Amber / Red Lager', '12.0 oz.', '0.06%', 'empty', '211', 'Wisconsin Brewing Company', 'Verona']
['2383', '2148', '#002 American I.P.A.', 'American IPA', '12.0 ounce', '0.07%', '60', '211', 'Wisconsin Brewing Company', 'Verona']
['2386', '2047', 'Tarasque', 'Saison / Farmhouse Ale', '12.0 oz', '0.06%', 'empty', '239', 'Wiseacre Brewing Company', 'Memphis']
['2389', '2627', 'Train Hopper', 'American IPA', '12.0 oz.', '0.06%', '72', '14', "Witch's Hat Brewing Company", 'South Lyon']
['2390', '2626', 'Edward’s Portly Brown', 'American Brown Ale', '12.0 oz.', '0.05%', 'empty', '14', "Witch's Hat Brewing Company", 'South Lyon']
['2391', '1676', 'Troopers Alley IPA', 'American IPA', '12.0 oz', '0.06%', '135', '344', 'Wolf Hills Brewing Company', 'Abingdon']
['2394', '2417', '4000 Footer IPA', 'American IPA', '12.0 ounce', '0.07%', '82', '109', 'Woodstock Inn, Station & Brewery', 'North Woodstock NH']
['2399', '1513', 'Lights Out Vanilla Cream Extra Stout', 'American Double / Imperial IPA', '12.0 oz', '0.08%', '30', '199', 'Worthy Brewing Company', 'Bend']
['2403', '1316', 'Colorojo Imperial Red Ale', 'American Strong Ale', '12.0 oz', '0.08%', 'empty', '424', 'Wynkoop Brewing Company', 'Denver']
['2404', '1045', 'Wynkoop Pumpkin Ale', 'Pumpkin Ale', '12.0 oz.', '0.06%', 'empty', '424', 'Wynkoop Brewing Company', 'Denver']
['2408', '620', 'B3K Black Lager', 'Schwarzbier', '12.0 oz.', '0.06%', 'empty', '424', 'Wynkoop Brewing Company', 'Denver']
['2409', '145', 'Silverback Pale Ale', 'American Pale Ale (APA)', '12.0 ounce', '0.06%', '40', '424', 'Wynkoop Brewing Company', 'Denver']
['1', '1436', 'Pub Beer', 'American Pale Lager', '12.0 oz', '0.05', 'empty', '408', '10 Barrel Brewing Company', 'Bend']
['2', '2265', "Devil's Cup", 'American Pale Ale (APA)', '12.0 oz.', '0.066', 'empty', '177', '18th Street Brewery', 'Gary']
['3', '2264', 'Rise of the Phoenix', 'American IPA', '12.0 ounce', '0.071', 'empty', '177', '18th Street Brewery', 'Gary']
['4', '2263', 'Sinister', 'American Double / Imperial IPA', '12.0 oz', '0.09%', 'empty', '177', '18th Street Brewery', 'Gary']
['5', '2262', 'Sex and Candy', 'American IPA', '12.0 OZ.', '0.075', 'empty', '177', '18th Street Brewery', 'Gary']
['6', '2261', 'Black Exodus', 'Oatmeal Stout', '12.0 oz', '0.077', 'empty', '177', '18th Street Brewery', 'Gary']
['7', '2260', 'Lake Street Express', 'American Pale Ale (APA)', '12.0 oz.', '0.05%', 'empty', '177', '18th Street Brewery', 'Gary']
['8', '2259', 'Foreman', 'American Porter', '12.0 ounce', '0.065', 'empty', '177', '18th Street Brewery', 'Gary']
['9', '2258', 'Jade', 'American Pale Ale (APA)', '12.0 oz.', '0.055', 'empty', '177', '18th Street Brewery', 'Gary']
['10', '2131', 'Cone Crusher', 'American Double / Imperial IPA', '12.0 ounce', '0.086', 'empty', '177', '18th Street Brewery', 'Gary']
['11', '2099', 'Sophomoric Saison', 'Saison / Farmhouse Ale', '12.0 oz.', '0.072', 'empty', '177', '18th Street Brewery', 'Gary']
['12', '2098', 'Regional Ring Of Fire', 'Saison / Farmhouse Ale', '12.0 oz.', '0.073', 'empty', '177', '18th Street Brewery', 'Gary']
['13', '2097', 'Garce Selé', 'Saison / Farmhouse Ale', '12.0 OZ.', '0.07%', 'empty', '177', '18th Street Brewery', 'Gary']
['14', '1980', 'Troll Destroyer', 'Belgian IPA', '12.0 oz.', '0.085', 'empty', '177', '18th Street Brewery', 'Gary']
['16', '2318', 'Ginja Ninja', 'Cider', '12.0 ounce', '0.06', 'empty', '154', '2 Towns Ciderhouse', 'Corvallis']
['17', '2170', 'Cherried Away', 'Cider', '12.0 oz.', '0.06', 'empty', '154', '2 Towns Ciderhouse', 'Corvallis']
['18', '2169', 'Rhubarbarian', 'Cider', '12.0 oz. Alumi-Tek', '0.06', 'empty', '154', '2 Towns Ciderhouse', 'Corvallis']
['19', '1502', 'BrightCider', 'Cider', '12.0 ounce', '0.06', 'empty', '154', '2 Towns Ciderhouse', 'Corvallis']
['20', '1593', 'He Said Baltic-Style Porter', 'Baltic Porter', '12.0 oz.', '0.082', 'empty', '368', '21st Amendment Brewery', 'San Francisco']
['21', '1592', 'He Said Belgian-Style Tripel', 'Tripel', '12.0 oz.', '0.082', 'empty', '368', '21st Amendment Brewery', 'San Francisco CA']
['24', '976', 'Marooned On Hog Island', 'American Stout', '12.0 oz.', '0.079', 'empty', '368', '21st Amendment Brewery', 'San Francisco']
['41', '2518', 'Beach Blonde', 'American Blonde Ale', '12.0 oz.', '0.05', 'empty', '67', '3 Daughters Brewing', 'St Petersburg']
['42', '2517', 'Rod Bender Red', 'American Amber / Red Ale', '12.0 oz.', '0.059', 'empty', '67', '3 Daughters Brewing', 'St Petersburg']
['45', '2324', 'Cast Iron Oatmeal Brown', 'American Brown Ale', '12.0 oz', '0.06%', 'empty', '60', '4 Hands Brewing Company', 'Saint Louis']
['46', '2288', 'Reprise Centennial Red', 'American Amber / Red Ale', '12.0 oz.', '0.06', 'empty', '60', '4 Hands Brewing Company', 'Saint Louis']
['47', '2287', 'Alter Ego', 'American Black Ale', '12.0 oz.', '0.06%', 'empty', '60', '4 Hands Brewing Company', 'Saint Louis']
['48', '2286', 'Divided Sky', 'American IPA', '12.0 oz', '0.065', 'empty', '60', '4 Hands Brewing Company', 'Saint Louis MO']
['49', '2285', 'Resurrected', 'American IPA', '12.0 oz.', '0.065', 'empty', '60', '4 Hands Brewing Company', 'Saint Louis']
['51', '2603', 'Galaxyfest', 'American IPA', '16.0 ounce', '0.065', 'empty', '27', '450 North Brewing Company', 'Columbus']
['53', '2220', 'Barn Yeti', 'Belgian Strong Dark Ale', '16.0 oz.', '0.09', 'empty', '27', '450 North Brewing Company', 'Columbus']
['62', '1583', "Wolfman's Berliner", 'Berliner Weissbier', '12.0 oz.', '0.038', 'empty', '373', '7venth Sun', 'Dunedin']
['80', '2676', 'Kamen Knuddeln', 'American Wild Ale', '16.0 ounce', '0.07%', 'empty', '1', 'Against the Grain Brewery', 'Louisville']
['91', '2501', 'Hopalicious', 'American Pale Ale (APA)', '12.0 OZ.', '0.057', 'empty', '73', 'Ale Asylum', 'Madison WI']
['92', '1535', 'Kentucky K?lsch', 'K?lsch', '16.0 oz', '0.043', 'empty', '388', "Alltech's Lexington Brewing Company", 'Lexington']
['93', '1149', 'Kentucky IPA', 'American IPA', '16.0 OZ.', '0.065', 'empty', '388', "Alltech's Lexington Brewing Company", 'Lexington']
['94', '1474', 'Dusty Trail Pale Ale', 'American Pale Ale (APA)', '16.0 oz. Alumi-Tek', '0.054', 'empty', '401', 'Amnesia Brewing Company', 'Washougal']
['95', '1473', 'Damnesia', 'American IPA', '16.0 oz', '0.062', 'empty', '401', 'Amnesia Brewing Company', 'Washougal']
['97', '2592', 'Liberty Ale', 'American IPA', '12.0 oz. Alumi-Tek', '0.06%', 'empty', '35', 'Anchor Brewing Company', 'San Francisco']
['98', '2578', 'IPA', 'American IPA', '12.0 ounce', '0.07%', 'empty', '35', 'Anchor Brewing Company', 'San Francisco']
['99', '2577', 'Summer Wheat', 'American Pale Wheat Ale', '12.0 oz', '0.05%', 'empty', '35', 'Anchor Brewing Company', 'San Francisco']
['100', '2103', 'California Lager', 'American Amber / Red Lager', '12.0 oz.', '0.049', 'empty', '35', 'Anchor Brewing Company', 'San Francisco']
['101', '2102', 'Brotherhood Steam', 'California Common / Steam Beer', '12.0 ounce', '0.06%', 'empty', '35', 'Anchor Brewing Company', 'San Francisco']
['102', '2291', 'Blood Orange Gose', 'Gose', '12.0 oz.', '0.042', 'empty', '171', 'Anderson Valley Brewing Company', 'Boonville']
['103', '1818', "Keebarlin' Pale Ale", 'American Pale Ale (APA)', '12.0 oz', '0.042', 'empty', '171', 'Anderson Valley Brewing Company', 'Boonville']
['104', '1738', 'the Kimmie, the Yink and the Holy Gose', 'Gose', '12.0 oz.', '0.05%', 'empty', '171', 'Anderson Valley Brewing Company', 'Boonville']
['105', '1563', "Fall Hornin'", 'Pumpkin Ale', '12.0 oz', '0.06', 'empty', '171', 'Anderson Valley Brewing Company', 'Boonville']
['120', '2337', "Charlie's Rye IPA", 'American IPA', '16.0 ounce', '0.06', 'empty', '146', 'Angry Minnow', 'Hayward']
['121', '410', 'River Pig Pale Ale', 'American Pale Ale (APA)', '16.0 oz', '0.05%', 'empty', '542', 'Angry Minnow Brewing Company', 'Hayward']
['122', '409', "Oaky's Oatmeal Stout", 'Oatmeal Stout', '16.0 oz.', '0.05%', 'empty', '542', 'Angry Minnow Brewing Company', 'Hayward WI']
['123', '1294', 'Angry Orchard Apple Ginger', 'Cider', '16.0 oz.', '0.05', 'empty', '434', 'Angry Orchard Cider Company', 'Cincinnati']
['124', '1293', 'Angry Orchard Crisp Apple', 'Cider', '16.0 oz.', '0.05%', 'empty', '434', 'Angry Orchard Cider Company', 'Cincinnati']
['125', '1292', 'Angry Orchard Crisp Apple', 'Cider', '12.0 OZ.', '0.05', 'empty', '434', 'Angry Orchard Cider Company', 'Cincinnati']
['126', '2207', 'Golden One', 'Belgian Pale Ale', '12.0 oz.', '0.068', 'empty', '193', 'Anthem Brewing Company', 'Oklahoma City']
['127', '2040', 'Arjuna', 'Witbier', '12.0 ounce', '0.06', 'empty', '193', 'Anthem Brewing Company', 'Oklahoma City']
['128', '2039', 'Uroboros', 'American Stout', '12.0 OZ.', '0.09%', 'empty', '193', 'Anthem Brewing Company', 'Oklahoma City']
['134', '735', 'On-On Ale (2008)', 'American Pale Ale (APA)', '12.0 oz', '0.052', 'empty', '513', 'Arctic Craft Brewery', 'Colorado Springs']
['142', '1640', 'Aslan K?lsch', 'K?lsch', '16.0 ounce', '0.048', 'empty', '353', 'Aslan Brewing Company', 'Bellingham']
['143', '1639', 'Aslan IPA', 'American IPA', '16.0 oz. Alumi-Tek', '0.077', 'empty', '353', 'Aslan Brewing Company', 'Bellingham']
['144', '1638', 'Aslan Amber', 'American Amber / Red Ale', '16.0 oz. Silo Can', '0.077', 'empty', '353', 'Aslan Brewing Company', 'Bellingham']
['153', '2495', 'Michelada', 'Fruit / Vegetable Beer', '16.0 oz', '0.052', 'empty', '72', 'Atwater Brewery', 'Detroit']
['157', '1409', 'Heavy Machinery IPA Series #1: Heavy Fist', 'American Black Ale', '16.0 oz', '0.07', 'empty', '413', 'Austin Beerworks', 'Austin']
['158', '343', 'Fire Eagle IPA', 'American IPA', '12.0 OZ.', '0.06%', 'empty', '413', 'Austin Beerworks', 'Austin']
['159', '342', 'Peacemaker', 'American Pale Ale (APA)', '12.0 oz', '0.051', 'empty', '413', 'Austin Beerworks', 'Austin']
['160', '341', 'Pearl-Snap', 'German Pilsener', '12.0 oz.', '0.053', 'empty', '413', 'Austin Beerworks', 'Austin']
['161', '340', 'Black Thunder', 'Schwarzbier', '12.0 ounce', '0.052', 'empty', '413', 'Austin Beerworks', 'Austin']
['162', '2589', 'Raja', 'American Double / Imperial IPA', '12.0 oz.', '0.08%', 'empty', '37', 'Avery Brewing Company', 'Boulder']
['163', '2546', 'Perzik Saison', 'Saison / Farmhouse Ale', '12.0 oz.', '0.064', 'empty', '37', 'Avery Brewing Company', 'Boulder']
['171', '705', 'Hog Wild India Pale Ale', 'American IPA', '12.0 oz.', '0.067', 'empty', '360', 'Aviator Brewing Company', 'Fuquay-Varina']
['174', '2058', 'Palate Mallet', 'American Double / Imperial IPA', '12.0 ounce', '0.086', 'empty', '235', 'Back East Brewing Company', 'Bloomfield']
['175', '1483', 'Back East Porter', 'American Porter', '12.0 oz.', '0.06', 'empty', '235', 'Back East Brewing Company', 'Bloomfield']
['176', '1426', 'Back East Golden Ale', 'American Blonde Ale', '12.0 OZ.', '0.05%', 'empty', '235', 'Back East Brewing Company', 'Bloomfield']
['177', '1132', 'Misty Mountain IPA', 'American IPA', '12.0 oz.', '0.07', 'empty', '235', 'Back East Brewing Company', 'Bloomfield']
['178', '1131', 'Back East Ale', 'American Amber / Red Ale', '12.0 ounce', '0.05', 'empty', '235', 'Back East Brewing Company', 'Bloomfield']
['179', '1876', 'Truck Stop Honey Brown Ale', 'English Brown Ale', '12.0 ounce', '0.06%', 'empty', '286', 'Back Forty Beer Company', 'Gadsden']
['183', '2593', 'Grapefruit Sculpin', 'American IPA', '12.0 ounce', '0.07%', 'empty', '34', 'Ballast Point Brewing Company', 'San Diego']
['187', '1019', 'Longfin Lager', 'Munich Helles Lager', '12.0 oz', '0.046', 'empty', '34', 'Ballast Point Brewing Company', 'San Diego']
['189', '1776', 'All Nighter Ale', 'Extra Special / Strong Bitter (ESB)', '12.0 oz. Alumi-Tek', '0.045', 'empty', '318', 'Banner Beer Company', 'Williamsburg']
['194', '1343', 'Barrio Tucson Blonde', 'American Blonde Ale', '12.0 oz', '0.045', 'empty', '251', 'Barrio Brewing Company', 'Tucson']
['204', '1855', 'Tarnation California-Style Lager', 'California Common / Steam Beer', '12.0 oz', '0.053', 'empty', '292', 'Baxter Brewing Company', 'Lewiston']
['206', '1209', 'Summer Swelter', 'American Pale Wheat Ale', '12.0 oz', '0.047', 'empty', '292', 'Baxter Brewing Company', 'Lewiston']
['207', '954', 'Phantom Punch Winter Stout', 'Foreign / Export Stout', '12.0 oz.', '0.068', 'empty', '292', 'Baxter Brewing Company', 'Lewiston']
['208', '910', 'Hayride Autumn Ale', 'Rye Beer', '12.0 ounce', '0.066', 'empty', '292', 'Baxter Brewing Company', 'Lewiston']
['209', '707', 'Celsius Summer Ale (2012)', 'American Pale Wheat Ale', '12.0 oz.', '0.047', 'empty', '292', 'Baxter Brewing Company', 'Lewiston']
['218', '2494', 'Oberon', 'American Pale Wheat Ale', '12.0 oz', '0.06%', 'empty', '76', "Bell's Brewery", 'Kalamazoo']
['219', '2325', 'Smitten', 'Rye Beer', '16.0 oz.', '0.06%', 'empty', '76', "Bell's Brewery", 'Kalamazoo']
['220', '2022', 'Winter White', 'Witbier', '16.0 oz.', '0.05', 'empty', '76', "Bell's Brewery", 'Kalamazoo']
['221', '1989', 'Oberon', 'American Pale Wheat Ale', '16.0 oz.', '0.058', 'empty', '76', "Bell's Brewery", 'Kalamazoo']
['222', '1988', 'Two Hearted', 'American IPA', '16.0 OZ.', '0.07', 'empty', '76', "Bell's Brewery", 'Kalamazoo']
['223', '1955', 'Best Brown', 'American Brown Ale', '16.0 oz.', '0.058', 'empty', '76', "Bell's Brewery", 'Kalamazoo']
['225', '2557', 'Uber Lupin Schwarz IPA', 'American Double / Imperial IPA', '16.0 ounce', '0.083', 'empty', '53', 'Bent Brewstillery', 'Roseville']
['227', '2496', 'Cold Press', 'American Black Ale', '12.0 OZ.', '0.06', 'empty', '75', 'Bent Paddle Brewing Company', 'Duluth']
['235', '1158', 'La Frontera Premium IPA', 'American IPA', '12.0 oz.', '0.08%', 'empty', '463', 'Big Bend Brewing Company', 'Alpine']
['236', '1157', 'Tejas Lager', 'Czech Pilsener', '12.0 oz.', '0.05%', 'empty', '463', 'Big Bend Brewing Company', 'Alpine']
['237', '1156', 'Number 22 Porter', 'American Porter', '12.0 oz', '0.064', 'empty', '463', 'Big Bend Brewing Company', 'Alpine']
['238', '1155', 'Big Bend Hefeweizen', 'Hefeweizen', '12.0 oz', '0.06%', 'empty', '463', 'Big Bend Brewing Company', 'Alpine']
['239', '1154', 'Terlingua Gold', 'American Blonde Ale', '12.0 OZ.', '0.06', 'empty', '463', 'Big Bend Brewing Company', 'Alpine']
['242', '1422', 'West Portal Colorado Common Summer Ale', 'California Common / Steam Beer', '16.0 oz.', '0.041', 'empty', '220', 'Big Choice Brewing', 'Broomfield']
['244', '1003', 'Big Elm IPA', 'American IPA', '12.0 ounce', '0.07%', 'empty', '477', 'Big Elm Brewing', 'Sheffield']
['245', '1002', 'Gerry Dog Stout', 'American Stout', '12.0 OZ.', '0.065', 'empty', '477', 'Big Elm Brewing', 'Sheffield']
['246', '1001', '413 Farmhouse Ale', 'Saison / Farmhouse Ale', '12.0 ounce', '0.06', 'empty', '477', 'Big Elm Brewing', 'Sheffield']
['248', '2469', 'Ryecoe', 'American IPA', '16.0 ounce', '0.062', 'empty', '8', 'Big Lake Brewing', 'Holland']
['249', '2586', 'Blueberry Blonde', 'Fruit / Vegetable Beer', '12.0 oz.', '0.06', 'empty', '40', 'Big Muddy Brewing', 'Murphysboro']
['261', '168', 'Summer Honey', 'American Blonde Ale', '12.0 ounce', '0.047', 'empty', '336', 'Big Sky Brewing Company', 'Missoula']
['273', '1441', 'Blown Out Brown', 'American Brown Ale', '12.0 oz', '0.052', 'empty', '407', 'Bitter Root Brewing', 'Hamilton']
['274', '1413', 'Single Hop Ale', 'American Pale Ale (APA)', '12.0 oz', '0.063', 'empty', '407', 'Bitter Root Brewing', 'Hamilton']
['275', '1411', 'Sawtooth Ale', 'American Blonde Ale', '12.0 oz.', '0.054', 'empty', '407', 'Bitter Root Brewing', 'Hamilton']
['287', '2449', 'Flying Sailor', 'Rye Beer', '12.0 ounce', '0.07%', 'empty', '95', 'Blackrocks Brewery', 'Marquette']
['290', '1953', 'Honey Lav', 'American Pale Wheat Ale', '12.0 ounce', '0.052', 'empty', '12', 'Blackrocks Brewery', 'Marquette']
['291', '1496', 'Coconut Brown Ale', 'American Brown Ale', '12.0 ounce', '0.068', 'empty', '12', 'Blackrocks Brewery', 'Marquette']
['293', '1480', 'Grand Rabbits', 'Cream Ale', '12.0 ounce', '0.055', 'empty', '12', 'Blackrocks Brewery', 'Marquette']
['294', '1564', '1800 Big Log Wheat (2012)', 'American Pale Wheat Ale', '12.0 ounce', '0.05%', 'empty', '380', 'Blue Blood Brewing Company', 'Lincoln']
['295', '1541', 'Double Play Pilsner', 'American Pilsner', '12.0 oz. Alumi-Tek', 'empty', 'empty', '380', 'Blue Blood Brewing Company', 'Lincoln']
['296', '1321', 'Brewerhood Brown Ale', 'American Brown Ale', '12.0 oz.', '0.06%', 'empty', '380', 'Blue Blood Brewing Company', 'Lincoln']
['297', '1320', 'Last Call Imperial Amber Ale', 'American Amber / Red Ale', '12.0 oz.', '0.08', 'empty', '380', 'Blue Blood Brewing Company', 'Lincoln']
['298', '1319', 'Pernicious Double IPA', 'American Double / Imperial IPA', '12.0 oz.', '0.096', 'empty', '380', 'Blue Blood Brewing Company', 'Lincoln']
['299', '1303', '6-4-3 Double Play Pilsner', 'German Pilsener', '12.0 oz', '0.052', 'empty', '380', 'Blue Blood Brewing Company', 'Lincoln']
['300', '1025', 'N Street Drive-In 50th Anniversary IPA', 'American Double / Imperial IPA', '12.0 ounce', 'empty', 'empty', '380', 'Blue Blood Brewing Company', 'Lincoln']
['301', '1012', "467 Ethan's Stout", 'American Stout', '12.0 ounce', '0.05', 'empty', '380', 'Blue Blood Brewing Company', 'Lincoln']
['302', '942', '1335 Wicked Snout', 'Saison / Farmhouse Ale', '12.0 ounce', '0.064', 'empty', '380', 'Blue Blood Brewing Company', 'Lincoln']
['303', '937', '543 Skull Creek Fresh Hopped Pale Ale', 'American Pale Ale (APA)', '12.0 oz.', '0.045', 'empty', '380', 'Blue Blood Brewing Company', 'Lincoln']
['308', '1372', 'Yellow Collar', 'Mead', '12.0 oz.', '0.059', 'empty', '422', 'Blue Dog Mead', 'Eugene']
['309', '1371', 'Green Collar', 'Mead', '12.0 oz', '0.06%', 'empty', '422', 'Blue Dog Mead', 'Eugene']
['316', '2490', 'Professor Black', 'American Stout', '12.0 oz.', 'empty', 'empty', '77', 'Blue Owl Brewing', 'Austin']
['317', '2489', 'Little Boss', 'American Pale Wheat Ale', '12.0 oz.', 'empty', 'empty', '77', 'Blue Owl Brewing', 'Austin']
['318', '2488', 'Van Dayum!', 'American Amber / Red Ale', '12.0 oz.', 'empty', 'empty', '77', 'Blue Owl Brewing', 'Austin']
['319', '2487', 'Spirit Animal', 'American Pale Ale (APA)', '12.0 oz', 'empty', 'empty', '77', 'Blue Owl Brewing', 'Austin']
['320', '939', 'Toxic Sludge', 'American Black Ale', '16.0 oz. Alumi-Tek', '0.07', 'empty', '489', 'Blue Point Brewing Company', 'Patchogue']
['324', '1607', 'Bohemian Export Lager', 'Dortmunder / Export Lager', '12.0 oz.', '0.06', 'empty', '364', 'Bohemian Brewery', 'Midvale']
['325', '1597', 'Altus Bohemes Altbier', 'Altbier', '12.0 oz.', '0.053', 'empty', '364', 'Bohemian Brewery', 'Midvale']
['326', '344', 'Cherny Bock', 'Schwarzbier', '12.0 oz.', '0.04', 'empty', '364', 'Bohemian Brewery', 'Midvale']
['327', '89', 'Czech Pilsner', 'Czech Pilsener', '12.0 oz', '0.05%', 'empty', '364', 'Bohemian Brewery', 'Midvale']
['328', '88', 'Viennese Lager', 'Vienna Lager', '12.0 oz. Alumi-Tek', '0.05', 'empty', '364', 'Bohemian Brewery', 'Midvale']
['329', '1569', 'Mad Manatee IPA', 'American IPA', '12.0 oz', '0.065', 'empty', '378', 'Bold City Brewery', 'Jacksonville']
['330', '1568', 'Killer Whale Cream Ale', 'Cream Ale', '12.0 oz. Alumi-Tek', '0.055', 'empty', '378', 'Bold City Brewery', 'Jacksonville']
['331', '1188', "Duke's Cold Nose Brown Ale", 'American Brown Ale', '12.0 oz.', '0.06%', 'empty', '378', 'Bold City Brewery', 'Jacksonville']
['334', '577', 'Bomb Lager (New Recipe)', 'Munich Helles Lager', '12.0 oz', '0.051', 'empty', '525', 'Bomb Beer Company', 'New York']
['341', '1548', 'Slow & Steady Golden Ale', 'American Blonde Ale', '12.0 oz. Alumi-Tek', '0.047', 'empty', '107', 'Bonfire Brewing Company', 'Eagle']
['342', '1517', 'Pink-I Raspberry IPA', 'American IPA', '16.0 oz. Alumi-Tek', '0.068', 'empty', '107', 'Bonfire Brewing Company', 'Eagle']
['343', '1500', "Moe's Original Bar B Que 'Bama Brew Golden Ale", 'American Blonde Ale', '12.0 oz', '0.047', 'empty', '107', 'Bonfire Brewing Company', 'Eagle']
['344', '1421', 'Live Local Golden Ale', 'American Blonde Ale', '12.0 oz', '0.047', 'empty', '107', 'Bonfire Brewing Company', 'Eagle']
['346', '1184', 'Dirtbag Dunkel', 'Munich Dunkel Lager', '16.0 oz.', '0.05%', 'empty', '107', 'Bonfire Brewing Company', 'Eagle']
['348', '1023', 'Mistress Winter Wheat', 'Winter Warmer', '12.0 oz.', '0.06%', 'empty', '107', 'Bonfire Brewing Company', 'Eagle']
['349', '998', 'Tent Pole Vanilla Porter', 'American Porter', '16.0 ounce', '0.061', 'empty', '107', 'Bonfire Brewing Company', 'Eagle']
['350', '997', 'Awry Rye Pale Ale', 'American Pale Ale (APA)', '12.0 ounce', '0.058', 'empty', '107', 'Bonfire Brewing Company', 'Eagle']
['351', '996', 'Demshitz Brown Ale', 'American Brown Ale', '12.0 oz.', '0.06%', 'empty', '107', 'Bonfire Brewing Company', 'Eagle']
['352', '931', 'Wood Splitter Pilsner (2012)', 'Czech Pilsener', '12.0 ounce', '0.048', 'empty', '107', 'Bonfire Brewing Company', 'Eagle']
['353', '798', 'Brush Creek Blonde', 'American Blonde Ale', '16.0 oz.', '0.048', 'empty', '107', 'Bonfire Brewing Company', 'Eagle CO']
['358', '1601', 'Cold Snap', 'Witbier', '12.0 ounce', '0.055', 'empty', '300', 'Boston Beer Company', 'Boston']
['359', '1427', 'Samuel Adams Winter Lager', 'Bock', '12.0 oz.', '0.06%', 'empty', '300', 'Boston Beer Company', 'Boston']
['369', '2300', '1492', 'American Pale Ale (APA)', '12.0 oz.', '0.065', 'empty', '167', 'Boxcar Brewing Company', 'West Chester']
['370', '2299', 'Mango Ginger', 'American IPA', '12.0 oz', '0.058', 'empty', '167', 'Boxcar Brewing Company', 'West Chester']
['371', '2298', 'Passenger', 'English Dark Mild Ale', '12.0 ounce', '0.05%', 'empty', '167', 'Boxcar Brewing Company', 'West Chester']
['376', '470', 'Bozone Select Amber Ale', 'American Amber / Red Ale', '12.0 oz', '0.06%', 'empty', '219', 'Bozeman Brewing Company', 'Bozeman']
['378', '2204', 'Post Time K?lsch', 'K?lsch', '16.0 oz', '0.05', 'empty', '195', 'Breakside Brewery', 'Portland']
['383', '1802', "You're My Boy, Blue", 'Fruit / Vegetable Beer', '12.0 oz.', '0.05', 'empty', '308', 'Brew Bus Brewing', 'Tampa']
['387', '2619', 'Insert Hop Reference', 'American Pale Ale (APA)', '16.0 oz.', '0.06%', 'empty', '19', 'Brew Link Brewing', 'Plainfield IN']
['388', '2468', 'Manitou Amber', 'American Amber / Red Ale', '16.0 ounce', '0.053', 'empty', '85', 'Brewery Terra Firma', 'Traverse City']
['389', '2637', 'Belfort', 'Saison / Farmhouse Ale', '16.0 oz', '0.067', 'empty', '10', 'Brewery Vivant', 'Grand Rapids']
['390', '2636', 'Star Runner', 'Belgian Pale Ale', '16.0 oz.', '0.06', 'empty', '10', 'Brewery Vivant', 'Grand Rapids']
['391', '2598', 'Tart Side of the Barrel', 'American Double / Imperial Stout', '16.0 OZ.', '0.098', 'empty', '10', 'Brewery Vivant', 'Grand Rapids']
['392', '2597', 'Linnaeus Mango IPA', 'American IPA', '16.0 oz', '0.06', 'empty', '10', 'Brewery Vivant', 'Grand Rapids']
['393', '2548', "Beasts A'Burnin'", 'Rauchbier', '16.0 oz.', '0.07', 'empty', '10', 'Brewery Vivant', 'Grand Rapids']
['394', '2542', 'Verdun', 'Bière de Garde', '16.0 oz', '0.077', 'empty', '10', 'Brewery Vivant', 'Grand Rapids']
['395', '2541', 'Barrel Aged Triomphe', 'Belgian IPA', '16.0 oz.', '0.065', 'empty', '10', 'Brewery Vivant', 'Grand Rapids']
['396', '2504', 'Cherry Doppelbock', 'Doppelbock', '16.0 oz. Alumi-Tek', '0.065', 'empty', '10', 'Brewery Vivant', 'Grand Rapids']
['397', '2500', 'Tropical Saison', 'Saison / Farmhouse Ale', '16.0 oz', '0.07%', 'empty', '10', 'Brewery Vivant', 'Grand Rapids']
['398', '2499', 'Beach Patrol', 'Witbier', '16.0 oz.', '0.065', 'empty', '10', 'Brewery Vivant', 'Grand Rapids']
['399', '2498', 'Nuit Serpent', 'Belgian IPA', '16.0 oz', '0.05', 'empty', '10', 'Brewery Vivant', 'Grand Rapids']
['400', '2481', 'Paris', 'Saison / Farmhouse Ale', '16.0 ounce', '0.09', 'empty', '10', 'Brewery Vivant', 'Grand Rapids']
['401', '2476', 'The Grand Army', 'Belgian IPA', '16.0 oz.', '0.055', 'empty', '10', 'Brewery Vivant', 'Grand Rapids']
['402', '2467', 'Acidulated Trip', 'Saison / Farmhouse Ale', '16.0 OZ.', '0.059', 'empty', '10', 'Brewery Vivant', 'Grand Rapids']
['403', '2466', 'Root Stock', 'Rye Beer', '16.0 ounce', '0.07%', 'empty', '10', 'Brewery Vivant', 'Grand Rapids']
['404', '2465', 'Mind Games', 'Dunkelweizen', '16.0 oz.', '0.04%', 'empty', '10', 'Brewery Vivant', 'Grand Rapids']
['405', '2433', 'Sous Chef', 'Belgian Strong Pale Ale', '16.0 oz.', '0.08%', 'empty', '10', 'Brewery Vivant', 'Grand Rapids']
['406', '2418', 'Dubbelicious', 'Dubbel', '16.0 oz.', '0.065', 'empty', '10', 'Brewery Vivant', 'Grand Rapids']
['407', '2416', 'Psychopomp', 'Belgian Dark Ale', '16.0 oz. Silo Can', '0.06%', 'empty', '10', 'Brewery Vivant', 'Grand Rapids']
['408', '2382', 'Fat Paczki', 'Belgian Dark Ale', '16.0 oz.', 'empty', 'empty', '10', 'Brewery Vivant', 'Grand Rapids']
['409', '2381', 'Earth-Like Planets', 'Belgian Pale Ale', '16.0 oz', 'empty', 'empty', '10', 'Brewery Vivant', 'Grand Rapids']
['410', '2290', 'Ski Patrol', 'Witbier', '16.0 ounce', '0.061', 'empty', '10', 'Brewery Vivant', 'Grand Rapids']
['411', '2241', 'Viking Ice Hole', 'Oatmeal Stout', '16.0 oz.', '0.063', 'empty', '10', 'Brewery Vivant', 'Grand Rapids MI']
['412', '2240', 'Rye Porter', 'American Porter', '16.0 oz', '0.06%', 'empty', '10', 'Brewery Vivant', 'Grand Rapids']
['413', '2137', 'Wizard Burial Ground', 'Quadrupel (Quad)', '16.0 oz', '0.099', 'empty', '10', 'Brewery Vivant', 'Grand Rapids']
['414', '2101', 'Smoky Wheat', 'Rauchbier', '16.0 oz.', '0.051', 'empty', '10', 'Brewery Vivant', 'Grand Rapids']
['415', '2092', 'BRIPA', 'Belgian IPA', '16.0 oz.', '0.062', 'empty', '10', 'Brewery Vivant', 'Grand Rapids']
['416', '2091', 'Mela', 'Belgian Dark Ale', '16.0 oz.', '0.062', 'empty', '10', 'Brewery Vivant', 'Grand Rapids']
['417', '2086', 'W.I.P.A Snappa', 'Belgian IPA', '16.0 oz.', '0.053', 'empty', '10', 'Brewery Vivant', 'Grand Rapids']
['418', '2023', 'Pepper in the Rye', 'Rye Beer', '16.0 oz.', '0.063', 'empty', '10', 'Brewery Vivant', 'Grand Rapids']
['419', '2006', "Moe Lasses'", 'American Stout', '16.0 ounce', '0.064', 'empty', '10', 'Brewery Vivant', 'Grand Rapids']
['420', '1997', 'Pumpkin Tart', 'Fruit / Vegetable Beer', '16.0 oz.', '0.07%', 'empty', '10', 'Brewery Vivant', 'Grand Rapids']
['421', '1977', 'Undertaker', 'Belgian Dark Ale', '16.0 oz.', '0.07%', 'empty', '10', 'Brewery Vivant', 'Grand Rapids']
['422', '1976', 'Undertaker (2014)', 'Belgian Dark Ale', '16.0 oz', '0.067', 'empty', '10', 'Brewery Vivant', 'Grand Rapids']
['423', '1974', "Coq D'Or", 'Belgian Pale Ale', '16.0 oz', '0.05', 'empty', '10', 'Brewery Vivant', 'Grand Rapids']
['424', '1973', 'North French', 'Bière de Garde', '16.0 ounce', '0.06', 'empty', '10', 'Brewery Vivant', 'Grand Rapids']
['425', '1959', 'Agent a Deux', 'Belgian Dark Ale', '16.0 oz', '0.065', 'empty', '10', 'Brewery Vivant', 'Grand Rapids']
['426', '1958', 'Belgian Wit', 'Witbier', '16.0 oz.', '0.05%', 'empty', '10', 'Brewery Vivant', 'Grand Rapids']
['427', '1949', 'Pothole Stout', 'American Stout', '16.0 oz', '0.063', 'empty', '10', 'Brewery Vivant', 'Grand Rapids']
['428', '1947', 'Tree Bucket', 'Belgian IPA', '16.0 oz. Alumi-Tek', '0.093', 'empty', '10', 'Brewery Vivant', 'Grand Rapids']
['429', '1785', 'Le Flaneur Ale', 'American Wild Ale', '16.0 ounce', '0.073', 'empty', '10', 'Brewery Vivant', 'Grand Rapids']
['430', '1651', 'Maize & Blueberry', 'Fruit / Vegetable Beer', '16.0 oz.', '0.06%', 'empty', '10', 'Brewery Vivant', 'Grand Rapids']
['431', '1443', 'Trebuchet Double IPA', 'American Double / Imperial IPA', '16.0 oz', '0.093', 'empty', '10', 'Brewery Vivant', 'Grand Rapids']
['432', '1352', 'Contemplation', 'Bière de Garde', '16.0 ounce', '0.065', 'empty', '10', 'Brewery Vivant', 'Grand Rapids']
['433', '1267', 'Black Rabbit', 'American Black Ale', '16.0 ounce', '0.05%', 'empty', '10', 'Brewery Vivant', 'Grand Rapids']
['434', '1266', 'Zaison', 'Saison / Farmhouse Ale', '16.0 oz', '0.09%', 'empty', '10', 'Brewery Vivant', 'Grand Rapids']
['435', '1178', 'Vivant Tripel', 'Tripel', '16.0 oz.', '0.082', 'empty', '10', 'Brewery Vivant', 'Grand Rapids']
['436', '1136', 'Tart Side of the Moon', 'Belgian Dark Ale', '16.0 ounce', '0.098', 'empty', '10', 'Brewery Vivant', 'Grand Rapids']
['437', '1044', 'Big Red Coq', 'American Amber / Red Ale', '16.0 oz.', '0.06%', 'empty', '10', 'Brewery Vivant', 'Grand Rapids']
['438', '1033', 'Hubris Quadrupel Anniversary Ale', 'Quadrupel (Quad)', '16.0 OZ.', '0.10%', 'empty', '10', 'Brewery Vivant', 'Grand Rapids']
['439', '1031', 'Plow Horse Belgian Style Imperial Stout', 'American Double / Imperial Stout', '16.0 oz', '0.095', 'empty', '10', 'Brewery Vivant', 'Grand Rapids']
['440', '909', 'Escoffier Bretta Ale', 'American Wild Ale', '16.0 oz.', '0.09%', 'empty', '10', 'Brewery Vivant', 'Grand Rapids']
['441', '873', 'Contemplation (2012)', 'Bière de Garde', '16.0 oz', '0.065', 'empty', '10', 'Brewery Vivant', 'Grand Rapids']
['442', '860', 'Vivant Belgian Style Imperial Stout (2012)', 'Russian Imperial Stout', '16.0 ounce', '0.099', 'empty', '10', 'Brewery Vivant', 'Grand Rapids']
['443', '677', 'Big Red Coq (2012)', 'American Amber / Red Ale', '16.0 oz.', '0.062', 'empty', '10', 'Brewery Vivant', 'Grand Rapids']
['444', '671', 'Zaison (2012)', 'Saison / Farmhouse Ale', '16.0 oz.', '0.09', 'empty', '10', 'Brewery Vivant', 'Grand Rapids']
['445', '670', 'Vivant Tripel (2012)', 'Tripel', '16.0 oz', '0.092', 'empty', '10', 'Brewery Vivant', 'Grand Rapids']
['446', '669', 'Trebuchet Double IPA (2012)', 'Belgian IPA', '16.0 oz', '0.097', 'empty', '10', 'Brewery Vivant', 'Grand Rapids']
['447', '627', 'Kludde', 'Belgian Strong Dark Ale', '16.0 oz. Alumi-Tek', '0.085', 'empty', '10', 'Brewery Vivant', 'Grand Rapids']
['448', '387', 'Farm Hand', 'Saison / Farmhouse Ale', '16.0 oz.', '0.06%', 'empty', '10', 'Brewery Vivant', 'Grand Rapids']
['449', '385', 'Solitude', 'Belgian Pale Ale', '16.0 oz.', '0.06%', 'empty', '10', 'Brewery Vivant', 'Grand Rapids']
['450', '384', 'Triomphe', 'Belgian IPA', '16.0 oz', '0.065', 'empty', '10', 'Brewery Vivant', 'Grand Rapids']
['451', '1096', 'Tampa Pale Ale', 'American Pale Ale (APA)', '12.0 oz.', 'empty', 'empty', '467', 'Brindle Dog Brewing Company', 'Tampa Bay']
['452', '1095', 'Orange Grove Wheat Ale', 'American Pale Wheat Ale', '12.0 oz.', 'empty', 'empty', '467', 'Brindle Dog Brewing Company', 'Tampa Bay FL']
['453', '2456', 'Broad Brook Ale', 'American Amber / Red Ale', '16.0 oz', '0.061', 'empty', '89', 'Broad Brook Brewing LLC', 'East Windsor']
['456', '919', 'Chugach Session Ale', 'Cream Ale', '12.0 oz.', '0.05%', 'empty', '493', 'Broken Tooth Brewing Company', 'Anchorage']
['459', '756', 'Brooklyn Summer Ale', 'English Pale Mild Ale', '12.0 ounce', '0.045', 'empty', '437', 'Brooklyn Brewery', 'Brooklyn']
['461', '328', 'Brooklyn Summer Ale (2011)', 'English Pale Mild Ale', '12.0 OZ.', '0.045', 'empty', '437', 'Brooklyn Brewery', 'Brooklyn']
['462', '66', 'Brooklyn Lager (16 oz.)', 'American Amber / Red Lager', '16.0 oz.', '0.052', 'empty', '437', 'Brooklyn Brewery', 'Brooklyn NY']
['463', '65', 'Brooklyn Lager (12 oz.)', 'American Amber / Red Lager', '12.0 oz. Alumi-Tek', '0.05%', 'empty', '437', 'Brooklyn Brewery', 'Brooklyn']
['464', '538', 'Tour de Nez Belgian IPA (Current)', 'Belgian IPA', '16.0 oz', '0.08%', 'empty', '530', 'Buckbean Brewing Company', 'Reno']
['465', '504', 'Roler Bock (Current)', 'Maibock / Helles Bock', '16.0 oz. Alumi-Tek', 'empty', 'empty', '530', 'Buckbean Brewing Company', 'Reno']
['467', '29', 'Very Noddy Lager (Current)', 'Schwarzbier', '16.0 oz', '0.099', 'empty', '530', 'Buckbean Brewing Company', 'Reno NV']
['471', '1627', 'Cleveland Beer Week 2013', 'Munich Helles Lager', '16.0 ounce', '0.05%', 'empty', '357', 'Buckeye Brewing', 'Cleveland']
['472', '2552', 'Painted Turtle', 'American Pale Ale (APA)', '12.0 oz.', '0.05%', 'empty', '56', 'BuckleDown Brewing', 'Lyons']
['476', '2608', 'Wrath of Pele', 'American Brown Ale', '16.0 OZ.', '0.07%', 'empty', '24', "Burn 'Em Brewing", 'Michigan City']
['477', '2607', "Black Beer'd", 'American Black Ale', '16.0 oz', '0.068', 'empty', '24', "Burn 'Em Brewing", 'Michigan City']
['478', '2606', 'Mr. Tea', 'Fruit / Vegetable Beer', '24.0 oz.', '0.078', 'empty', '24', "Burn 'Em Brewing", 'Michigan City']
['481', '2470', 'Kreamed Corn', 'Cream Ale', '12.0 oz.', '0.06', 'empty', '24', "Burn 'Em Brewing", 'Michigan City']
['482', '2464', 'Coconoats', 'American Pale Wheat Ale', '16.0 oz.', '0.065', 'empty', '24', "Burn 'Em Brewing", 'Michigan City']
['485', '2072', 'MCA', 'American IPA', '16.0 oz', '0.068', 'empty', '24', "Burn 'Em Brewing", 'Michigan City']
['489', '52', 'Heinnieweisse Weissebier', 'Hefeweizen', '12.0 ounce', '0.05%', 'empty', '556', 'Butternuts Beer and Ale', 'Garrattsville']
['490', '51', 'Snapperhead IPA', 'American IPA', '12.0 oz.', '0.068', 'empty', '556', 'Butternuts Beer and Ale', 'Garrattsville']
['491', '50', 'Moo Thunder Stout', 'Milk / Sweet Stout', '12.0 oz', '0.049', 'empty', '556', 'Butternuts Beer and Ale', 'Garrattsville']
['492', '49', 'Porkslap Pale Ale', 'American Pale Ale (APA)', '12.0 ounce', '0.04%', 'empty', '556', 'Butternuts Beer and Ale', 'Garrattsville']
['493', '2657', 'Blackbeard', 'American Double / Imperial Stout', '12.0 ounce', '0.093', 'empty', '5', 'COAST Brewing Company', 'Charleston']
['494', '2656', 'Rye Knot', 'American Brown Ale', '12.0 oz. Alumi-Tek', '0.062', 'empty', '5', 'COAST Brewing Company', 'Charleston']
['495', '2655', 'Dead Arm', 'American Pale Ale (APA)', '12.0 oz.', '0.06', 'empty', '5', 'COAST Brewing Company', 'Charleston']
['496', '2654', '32°/50° K?lsch', 'K?lsch', '16.0 oz.', '0.048', 'empty', '5', 'COAST Brewing Company', 'Charleston']
['497', '2653', 'HopArt', 'American IPA', '16.0 oz.', '0.077', 'empty', '5', 'COAST Brewing Company', 'Charleston']
['498', '2652', 'Boy King', 'American Double / Imperial IPA', '16.0 oz.', '0.097', 'empty', '5', 'COAST Brewing Company', 'Charleston']
['499', '2252', 'Gran Sport', 'American Porter', '16.0 ounce', '0.052', 'empty', '182', 'COOP Ale Works', 'Oklahoma City']
['506', '1808', 'Pilot Rock Porter', 'American Porter', '12.0 ounce', '0.06', 'empty', '155', 'Caldera Brewing Company', 'Ashland']
['519', '2257', 'Remain in Light', 'American Pilsner', '12.0 oz.', '0.05', 'empty', '178', 'Cambridge Brewing Company', 'Cambridge MA']
['520', '2256', 'Flower Child (2014)', 'American IPA', '12.0 oz.', '0.07%', 'empty', '178', 'Cambridge Brewing Company', 'Cambridge']
['521', '870', 'THP White (2006)', 'Witbier', '12.0 oz', 'empty', 'empty', '497', 'Cans Bar and Canteen', 'Charlotte']
['522', '869', 'THP Amber (2006)', 'American Amber / Red Ale', '12.0 ounce', 'empty', 'empty', '497', 'Cans Bar and Canteen', 'Charlotte']
['523', '868', 'THP Light (2006)', 'American Blonde Ale', '12.0 oz. Alumi-Tek', 'empty', 'empty', '497', 'Cans Bar and Canteen', 'Charlotte']
['524', '867', 'THP Dark (2006)', 'English Dark Mild Ale', '12.0 oz.', 'empty', 'empty', '497', 'Cans Bar and Canteen', 'Charlotte']
['538', '840', 'Wisconsin Amber (1998)', 'Vienna Lager', '12.0 ounce', '0.05%', 'empty', '192', 'Capital Brewery', 'Middleton']
['539', '180', 'Island Wheat', 'American Pale Wheat Ale', '12.0 oz.', '0.04%', 'empty', '192', 'Capital Brewery', 'Middleton']
['540', '63', 'Wisconsin Amber (2013)', 'Vienna Lager', '12.0 ounce', '0.052', 'empty', '192', 'Capital Brewery', 'Middleton']
['541', '62', 'U.S. Pale Ale', 'American Pale Ale (APA)', '12.0 ounce', '0.05', 'empty', '192', 'Capital Brewery', 'Middleton']
['542', '61', 'Supper Club Lager', 'American Pale Lager', '12.0 ounce', 'empty', 'empty', '192', 'Capital Brewery', 'Middleton']
['543', '784', 'Carolina Lighthouse (2007)', 'American Blonde Ale', '12.0 ounce', '0.04', 'empty', '504', 'Carolina Beer & Beverage', 'Mooresville NC']
['544', '783', 'Carolina Blonde (2006)', 'American Blonde Ale', '12.0 ounce', '0.05%', 'empty', '504', 'Carolina Beer & Beverage', 'Mooresville NC']
['545', '782', 'Carolina Blonde Light (2005)', 'American Blonde Ale', '12.0 oz', '0.035', 'empty', '504', 'Carolina Beer & Beverage', 'Mooresville']
['547', '530', 'Flagship IPA', 'English India Pale Ale (IPA)', '12.0 oz.', '0.06%', 'empty', '179', 'Carolina Brewery', 'Pittsboro']
['548', '427', 'Sky Blue Golden Ale', 'K?lsch', '12.0 oz.', '0.051', 'empty', '179', 'Carolina Brewery', 'Pittsboro']
['553', '1465', 'Granny Smith Hard Apple Cider', 'Cider', '16.0 oz.', '0.069', 'empty', '404', 'Cascadia Ciderworks United', 'Portland']
['554', '1464', 'Dry Hard Apple Cider', 'Cider', '16.0 oz', '0.069', 'empty', '404', 'Cascadia Ciderworks United', 'Portland']
['555', '1744', "Farmer Ted's Cream Ale", 'Cream Ale', '12.0 oz', '0.056', 'empty', '331', 'Catawba Brewing Company', 'Morganton']
['556', '1743', 'Firewater India Pale Ale', 'American IPA', '12.0 ounce', '0.052', 'empty', '331', 'Catawba Brewing Company', 'Morganton']
['557', '1742', 'White Zombie Ale', 'Witbier', '12.0 oz.', '0.047', 'empty', '331', 'Catawba Brewing Company', 'Morganton']
['558', '1719', 'King Winterbolt Winter Ale', 'Winter Warmer', '12.0 oz. Alumi-Tek', '0.07', 'empty', '331', 'Catawba Brewing Company', 'Morganton']
['559', '638', 'White Zombie Ale', 'Witbier', '12.0 OZ.', '0.047', 'empty', '331', 'Catawba Brewing Company', 'Morganton']
['560', '507', 'Firewater India Pale Ale', 'American IPA', '12.0 oz.', '0.052', 'empty', '331', 'Catawba Brewing Company', 'Morganton']
['561', '480', "Farmer Ted's Farmhouse Cream Ale", 'Cream Ale', '12.0 oz.', '0.056', 'empty', '331', 'Catawba Brewing Company', 'Morganton']
['564', '2446', 'Peanut Butter Jelly Time', 'American Brown Ale', '12.0 oz', '0.06%', 'empty', '96', 'Catawba Valley Brewing Company', 'Morganton']
['565', '2106', 'King Coconut', 'American Porter', '12.0 oz', '0.054', 'empty', '96', 'Catawba Valley Brewing Company', 'Morganton']
['567', '2210', 'Special Release', 'empty', '16.0 oz.', 'empty', 'empty', '29', 'Cedar Creek Brewery', 'Seven Points']
['572', '1219', 'All American Blonde Ale', 'American Blonde Ale', '12.0 ounce', '0.05%', 'empty', '452', 'Centennial Beer Company', 'Edwards']
['573', '1218', 'All American Red Ale', 'American Amber / Red Ale', '12.0 oz', '0.05', 'empty', '452', 'Centennial Beer Company', 'Edwards CO']
['582', '2057', "Stickin' In My Rye", 'Rye Beer', '24.0 oz', '0.07', 'empty', '236', 'Champion Brewing Company', 'Charlottesville']
['586', '2019', 'Enlighten', 'K?lsch', '16.0 oz. Alumi-Tek', '0.045', 'empty', '250', "Chapman's Brewing", 'Angola']
['589', '2016', 'Englishman', 'English Brown Ale', '16.0 oz.', '0.05%', 'empty', '250', "Chapman's Brewing", 'Angola IN']
['594', '2354', 'Lighthouse Amber', 'Altbier', '16.0 ounce', '0.052', 'empty', '121', 'Cheboygan Brewing Company', 'Cheboygan']
['597', '1342', 'First Press', 'Cider', '12.0 oz.', '0.05', 'empty', '425', 'Ciderboys', 'Stevens Point']
['598', '1341', 'Magic Apple', 'Cider', '12.0 ounce', '0.05%', 'empty', '425', 'Ciderboys', 'Stevens Point']
['602', '2012', 'Sugar Plum', 'American Brown Ale', '12.0 oz', '0.055', 'empty', '141', 'Cigar City Brewing Company', 'Tampa']
['603', '2011', 'Oktoberfest', 'M?rzen / Oktoberfest', '12.0 oz.', '0.055', 'empty', '141', 'Cigar City Brewing Company', 'Tampa']
['604', '2010', "Puppy's Breath Porter", 'American Porter', '12.0 oz.', '0.06', 'empty', '141', 'Cigar City Brewing Company', 'Tampa']
['605', '2009', 'Happening Now', 'American IPA', '12.0 oz. Alumi-Tek', '0.045', 'empty', '141', 'Cigar City Brewing Company', 'Tampa']
['608', '1695', 'Wiregrass Post-Prohibition Ale', 'American Pale Ale (APA)', '12.0 oz. Alumi-Tek', '0.063', 'empty', '141', 'Cigar City Brewing Company', 'Tampa']
['612', '1369', 'Gwar Beer', 'American Pale Ale (APA)', '12.0 oz.', '0.055', 'empty', '141', 'Cigar City Brewing Company', 'Tampa']
['613', '1243', 'Tropical Heatwave', 'American Pale Wheat Ale', '16.0 oz', '0.052', 'empty', '141', 'Cigar City Brewing Company', 'Tampa']
['617', '1139', 'Invasion Pale Ale', 'American Pale Ale (APA)', '12.0 oz', '0.05%', 'empty', '141', 'Cigar City Brewing Company', 'Tampa']
['620', '570', 'Hotter Than Helles Lager', 'Munich Helles Lager', '12.0 oz.', '0.05%', 'empty', '141', 'Cigar City Brewing Company', 'Tampa']
['624', '2338', 'Shark Tracker Light lager', 'Light Lager', '12.0 oz.', '0.048', 'empty', '145', 'Cisco Brewers', 'Nantucket']
['625', '1365', 'Pumple Drumkin', 'Pumpkin Ale', '12.0 oz', '0.06', 'empty', '145', 'Cisco Brewers', 'Nantucket']
['626', '1094', 'Grey Lady', 'Witbier', '12.0 oz.', '0.045', 'empty', '145', 'Cisco Brewers', 'Nantucket']
['627', '657', 'Summer of Lager', 'Munich Helles Lager', '12.0 oz.', '0.06%', 'empty', '145', 'Cisco Brewers', 'Nantucket']
['628', '656', 'Indie Pale Ale', 'American IPA', '12.0 oz', '0.065', 'empty', '145', 'Cisco Brewers', 'Nantucket']
['629', '359', 'Sankaty Light Lager', 'Light Lager', '12.0 oz.', '0.04%', 'empty', '145', 'Cisco Brewers', 'Nantucket']
['630', '56', "Whale's Tale Pale Ale", 'English Pale Ale', '12.0 oz.', '0.06%', 'empty', '145', 'Cisco Brewers', 'Nantucket']
['640', '2061', 'Big Blue Van', 'Fruit / Vegetable Beer', '16.0 OZ.', '0.058', 'empty', '232', 'College Street Brewhouse and Pub', 'Lake Havasu City']
['644', '2351', 'Behemoth', 'American Pilsner', '12.0 oz.', '0.05', 'empty', '139', 'Core Brewing & Distilling Company', 'Springdale']
['645', '1650', 'Arkansas Red', 'American Amber / Red Ale', '12.0 oz', '0.052', 'empty', '139', 'Core Brewing & Distilling Company', 'Springdale']
['646', '1337', 'Core Oatmeal Stout', 'Oatmeal Stout', '12.0 ounce', '0.057', 'empty', '139', 'Core Brewing & Distilling Company', 'Springdale']
['647', '1336', 'Core ESB', 'Extra Special / Strong Bitter (ESB)', '12.0 oz.', '0.061', 'empty', '139', 'Core Brewing & Distilling Company', 'Springdale AR']
['648', '737', "Chester's Beer (2005)", 'American Pale Lager', '12.0 oz', '0.038', 'empty', '512', 'Cottrell Brewing', 'Pawcatuck']
['649', '129', 'Heiner Brau K?lsch', 'K?lsch', '12.0 ounce', '0.05%', 'empty', '553', 'Covington Brewhouse', 'Covington']
['650', '716', 'Trigger Blonde Ale', 'American Blonde Ale', '16.0 oz.', '0.05%', 'empty', '515', 'Crabtree Brewing Company', 'Greeley']
['655', '1689', 'Snowcat Coffee Stout', 'American Stout', '12.0 oz. Alumi-Tek', '0.059', 'empty', '63', 'Crazy Mountain Brewing Company', 'Edwards']
['656', '1163', 'WinterWonderGrass Festival Ale', 'American Amber / Red Ale', '12.0 oz.', 'empty', 'empty', '63', 'Crazy Mountain Brewing Company', 'Edwards']
['657', '940', 'Boohai Red Ale', 'American Amber / Red Ale', '12.0 ounce', 'empty', 'empty', '63', 'Crazy Mountain Brewing Company', 'Edwards']
['659', '613', "Mountain Livin' Pale Ale", 'American Pale Ale (APA)', '12.0 ounce', '0.06', 'empty', '63', 'Crazy Mountain Brewing Company', 'Edwards']
['662', '2028', 'Athena', 'Berliner Weissbier', '12.0 ounce', '0.05%', 'empty', '247', 'Creature Comforts', 'Athens']
['664', '1105', '3 Picket Porter', 'American Porter', '12.0 oz.', '0.06%', 'empty', '169', 'Crooked Fence Brewing Company', 'Garden City']
['665', '1104', 'Rusty Nail Pale Ale', 'American Pale Ale (APA)', '12.0 oz', '0.056', 'empty', '169', 'Crooked Fence Brewing Company', 'Garden City']
['666', '2145', 'Red Water Irish Style Red', 'American Amber / Red Ale', '12.0 OZ.', '0.065', 'empty', '212', 'Crow Peak Brewing Company', 'Spearfish']
['667', '1804', 'Mj?llnir', 'Herbed / Spiced Beer', '12.0 oz', '0.066', 'empty', '212', 'Crow Peak Brewing Company', 'Spearfish']
['668', '1602', 'Bear Butte Nut Brown Ale', 'American Brown Ale', '12.0 oz.', '0.06%', 'empty', '212', 'Crow Peak Brewing Company', 'Spearfish']
['669', '1301', "Easy Livin' Summer Ale", 'American Blonde Ale', '12.0 oz', '0.045', 'empty', '212', 'Crow Peak Brewing Company', 'Spearfish']
['670', '542', 'Canyon Cream Ale', 'Cream Ale', '12.0 ounce', '0.06%', 'empty', '212', 'Crow Peak Brewing Company', 'Spearfish']
['671', '272', "Pile O'Dirt Porter", 'American Porter', '12.0 oz', '0.069', 'empty', '212', 'Crow Peak Brewing Company', 'Spearfish']
['672', '271', '11th Hour IPA', 'American IPA', '12.0 oz.', '0.06', 'empty', '212', 'Crow Peak Brewing Company', 'Spearfish']
['675', '1789', 'Lost River Blonde Ale', 'American Blonde Ale', '16.0 oz', '0.05%', 'empty', '315', 'Cutters Brewing Company', 'Avon']
['676', '1788', 'Monon Wheat', 'Witbier', '16.0 oz.', '0.054', 'empty', '315', 'Cutters Brewing Company', 'Avon']
['677', '1787', "Floyd's Folly", 'Scottish Ale', '16.0 oz', '0.08', 'empty', '315', 'Cutters Brewing Company', 'Avon']
['678', '1786', 'Half Court IPA', 'American IPA', '16.0 oz.', '0.063', 'empty', '315', 'Cutters Brewing Company', 'Avon']
['679', '1763', "Geary's Pale Ale", 'English Pale Ale', '12.0 oz', '0.05%', 'empty', '323', 'D.L. Geary Brewing Company', 'Portland']
['680', '1311', "Geary's Summer Ale", 'K?lsch', '12.0 oz. Alumi-Tek', '0.06%', 'empty', '323', 'D.L. Geary Brewing Company', 'Portland']
['681', '2078', 'Stone of Arbroath', 'Scotch Ale / Wee Heavy', '12.0 oz', '0.08', 'empty', '227', 'DC Brau Brewing Company', 'Washington']
['684', '1092', 'Penn Quarter Porter', 'American Porter', '12.0 oz.', '0.055', 'empty', '227', 'DC Brau Brewing Company', 'Washington']
['687', '185', 'The Citizen', 'Belgian Pale Ale', '12.0 ounce', '0.07', 'empty', '227', 'DC Brau Brewing Company', 'Washington']
['688', '184', 'The Public', 'American Pale Ale (APA)', '12.0 oz', '0.06', 'empty', '227', 'DC Brau Brewing Company', 'Washington']
['689', '1224', 'Dank IPA', 'American IPA', '16.0 oz.', '0.07%', 'empty', '451', "Dad & Dude's Breweria", 'Aurora']
['690', '964', 'Dank IPA (2012)', 'American IPA', '16.0 ounce', '0.07%', 'empty', '451', "Dad & Dude's Breweria", 'Aurora']
['691', '1623', 'Lift Off IPA', 'American IPA', '16.0 ounce', '0.07%', 'empty', '358', 'Daredevil Brewing Company', 'Shelbyville']
['692', '110', 'BrewFarm Select Golden Lager', 'American Pale Lager', '12.0 oz.', '0.055', 'empty', '554', "Dave's Brewfarm", 'Wilson']
['693', '1735', 'Sprocket Blonde Ale (2006)', 'American Blonde Ale', '12.0 oz', '0.05', 'empty', '333', "David's Ale Works", 'Diamond Springs']
['694', '1734', 'Sprocket Pale Ale (2006)', 'American Pale Ale (APA)', '12.0 oz', '0.05', 'empty', '333', "David's Ale Works", 'Diamond Springs']
['696', '2371', 'Neato Bandito', 'Euro Pale Lager', '12.0 ounce', '0.06%', 'empty', '127', 'Deep Ellum Brewing Company', 'Dallas']
['699', '1827', 'Deep Ellum Pale Ale', 'American Pale Ale (APA)', '12.0 oz', '0.06%', 'empty', '127', 'Deep Ellum Brewing Company', 'Dallas']
['700', '1203', 'Double Brown Stout', 'Baltic Porter', '12.0 oz.', '0.07', 'empty', '127', 'Deep Ellum Brewing Company', 'Dallas']
['702', '1161', 'Rye Pils Session Lager', 'German Pilsener', '12.0 oz.', '0.046', 'empty', '127', 'Deep Ellum Brewing Company', 'Dallas']
['711', '1944', 'Incredible Pedal IPA', 'American IPA', '12.0 oz', '0.07', 'empty', '263', 'Denver Beer Company', 'Denver']
['712', '1943', 'Graham Cracker Porter', 'American Porter', '12.0 oz.', '0.05%', 'empty', '263', 'Denver Beer Company', 'Denver']
['718', '2015', 'Strawberry Blonde', 'Fruit / Vegetable Beer', '12.0 oz.', '0.05%', 'empty', '57', 'Destihl Brewery', 'Bloomington']
['724', '731', 'Kaleidoscope Collaboration 2012', 'American Black Ale', '16.0 OZ.', 'empty', 'empty', '491', "Devil's Canyon Brewery", 'Belmont CA']
['727', '1773', '12 Man Pale Ale', 'American Pale Ale (APA)', '12.0 oz.', '0.05%', 'empty', '319', "Dick's Brewing Company", 'Centralia']
['729', '944', 'Dock Street Amber Beer (1992)', 'American Amber / Red Ale', '12.0 OZ.', 'empty', 'empty', '488', 'Dock Street Brewery', 'Philadelphia']
['730', '524', 'Dolores River Hefeweizen', 'Hefeweizen', '16.0 oz. Alumi-Tek', 'empty', 'empty', '531', 'Dolores River Brewery', 'Dolores']
['731', '450', 'Dolores River ESB', 'Extra Special / Strong Bitter (ESB)', '16.0 oz.', 'empty', 'empty', '531', 'Dolores River Brewery', 'Dolores']
['732', '449', 'Snaggletooth Double Pale Ale', 'American Double / Imperial IPA', '16.0 ounce', 'empty', 'empty', '531', 'Dolores River Brewery', 'Dolores']
['733', '448', 'Dolores River Pale Ale', 'American Pale Ale (APA)', '16.0 oz', 'empty', 'empty', '531', 'Dolores River Brewery', 'Dolores']
['734', '447', 'Dolores River Dry Stout', 'Irish Dry Stout', '16.0 ounce', 'empty', 'empty', '531', 'Dolores River Brewery', 'Dolores']
['735', '446', 'Dolores River Mild', 'English Dark Mild Ale', '16.0 oz', 'empty', 'empty', '531', 'Dolores River Brewery', 'Dolores']
['736', '1246', 'Cranberry Blend', 'Cider', '12.0 oz', '0.049', 'empty', '446', 'Downeast Cider House', 'Leominster']
['737', '977', 'Orignal Blend', 'Cider', '12.0 oz', '0.051', 'empty', '446', 'Downeast Cider House', 'Leominster']
['744', '1590', 'Pumpkin Patch Ale', 'Pumpkin Ale', '16.0 ounce', '0.05', 'empty', '369', 'Eddyline Brewery & Restaurant', 'Buena Vista']
['746', '1110', 'River Runners Pale Ale', 'American Pale Ale (APA)', '16.0 OZ.', '0.06', 'empty', '369', 'Eddyline Brewery & Restaurant', 'Buena Vista']
['747', '1014', 'Pumpkin Patch Ale (2012)', 'Pumpkin Ale', '16.0 oz.', '0.05', 'empty', '369', 'Eddyline Brewery & Restaurant', 'Buena Vista']
['748', '911', 'Mountain Fairy Raspberry Wheat', 'Fruit / Vegetable Beer', '16.0 ounce', '0.055', 'empty', '369', 'Eddyline Brewery & Restaurant', 'Buena Vista']
['749', '680', 'Boater Beer', 'German Pilsener', '16.0 ounce', '0.045', 'empty', '369', 'Eddyline Brewery & Restaurant', 'Buena Vista']
['751', '1642', 'Bleeding Buckeye Red Ale', 'Extra Special / Strong Bitter (ESB)', '16.0 oz.', '0.06%', 'empty', '352', 'Elevator Brewing Company', 'Columbus']
['753', '1107', 'Nut Sack Imperial Brown Ale', 'American Brown Ale', '12.0 ounce', '0.07', 'empty', '465', 'Engine 15 Brewing', 'Jacksonville Beach']
['754', '1039', 'Underachiever', 'American Adjunct Lager', '16.0 ounce', '0.05%', 'empty', '473', 'Engine House 9', 'Tacoma']
['755', '2477', "Lil' Brainless Raspberries", 'Fruit / Vegetable Beer', '12.0 oz. Alumi-Tek', '0.052', 'empty', '81', 'Epic Brewing', 'Denver']
['756', '2008', 'Element 29', 'American Pale Ale (APA)', '12.0 oz', '0.052', 'empty', '81', 'Epic Brewing', 'Denver']
['757', '2004', 'Hop Syndrome', 'American Pale Lager', '12.0 oz.', '0.05%', 'empty', '81', 'Epic Brewing', 'Denver']
['758', '2003', 'Escape to Colorado', 'American IPA', '12.0 oz.', '0.062', 'empty', '81', 'Epic Brewing', 'Denver']
['763', '2431', 'Bobblehead', 'American Pale Wheat Ale', '16.0 oz.', '0.051', 'empty', '26', 'Evil Czech Brewery', 'Mishawaka']
['764', '2430', 'Lucky Dog', 'American Pale Ale (APA)', '16.0 oz.', '0.052', 'empty', '26', 'Evil Czech Brewery', 'Mishawaka']
['765', '2429', 'Voodoo', 'American Porter', '16.0 oz', '0.048', 'empty', '26', 'Evil Czech Brewery', 'Mishawaka']
['767', '2283', 'Nomader Weiss', 'Berliner Weissbier', '12.0 oz', '0.04%', 'empty', '173', 'Evil Twin Brewing', 'Brooklyn']
['768', '2248', 'Molotov Lite', 'American Double / Imperial IPA', '16.0 oz.', '0.085', 'empty', '173', 'Evil Twin Brewing', 'Brooklyn']
['769', '1287', 'Hipster Ale (Two Roads Brewing)', 'American Pale Ale (APA)', '12.0 oz.', '0.055', 'empty', '173', 'Evil Twin Brewing', 'Brooklyn']
['770', '1286', 'Bikini Beer', 'American IPA', '12.0 oz', '0.03%', 'empty', '173', 'Evil Twin Brewing', 'Brooklyn']
['771', '640', 'Hipster Ale (Westbrook Brewing)', 'American Pale Ale (APA)', '12.0 oz.', '0.06%', 'empty', '173', 'Evil Twin Brewing', 'Brooklyn']
['783', '1731', 'Peaches & Cream', 'Fruit / Vegetable Beer', '16.0 oz.', '0.046', 'empty', '201', 'Fearless Brewing Company', 'Estacada']
['784', '1022', 'Quaff India Style Session Ale', 'American IPA', '16.0 OZ.', '0.051', 'empty', '201', 'Fearless Brewing Company', 'Estacada']
['786', '682', 'Mjolnir Imperial IPA', 'American Double / Imperial IPA', '16.0 oz', '0.069', 'empty', '201', 'Fearless Brewing Company', 'Estacada']
['787', '112', 'Fearless Scottish Ale', 'Scottish Ale', '16.0 ounce', '0.05', 'empty', '201', 'Fearless Brewing Company', 'Estacada']
['788', '2289', 'Mastermind', 'American Double / Imperial IPA', '12.0 oz.', '0.081', 'empty', '172', 'Fiddlehead Brewing Company', 'Shelburne']
['789', '2027', 'Hyzer Flip', 'American Double / Imperial IPA', '16.0 oz.', '0.08%', 'empty', '172', 'Fiddlehead Brewing Company', 'Shelburne']
['792', '2591', 'Weiss Weiss Baby', 'Kristalweizen', '12.0 oz.', '0.045', 'empty', '36', 'Figueroa Mountain Brewing Company', 'Buellton']
['795', '1981', 'Hardcore Chimera', 'American Double / Imperial IPA', '16.0 oz.', '0.09%', 'empty', '256', "Finch's Beer Company", 'Chicago']
['797', '1663', 'Nuclear Winter', 'Belgian Strong Dark Ale', '16.0 oz.', '0.086', 'empty', '256', "Finch's Beer Company", 'Chicago']
['799', '941', 'Secret Stache Stout', 'American Stout', '16.0 oz.', '0.05%', 'empty', '256', "Finch's Beer Company", 'Chicago']
['801', '809', 'Cut Throat Pale Ale', 'American Pale Ale (APA)', '16.0 ounce', '0.055', 'empty', '256', "Finch's Beer Company", 'Chicago']
['802', '481', 'Threadless IPA', 'American IPA', '16.0 ounce', '0.075', 'empty', '256', "Finch's Beer Company", 'Chicago']
['803', '351', 'Cut Throat Pale Ale (2011)', 'American Pale Ale (APA)', '16.0 oz', '0.055', 'empty', '256', "Finch's Beer Company", 'Chicago']
['804', '350', 'Golden Wing Blonde Ale', 'American Blonde Ale', '16.0 oz', '0.05%', 'empty', '256', "Finch's Beer Company", 'Chicago']
['807', '2462', 'Pivo Pils', 'German Pilsener', '12.0 oz.', '0.053', 'empty', '48', 'Firestone Walker Brewing Company', 'Paso Robles']
['808', '1957', '805 Blonde Ale', 'American Blonde Ale', '12.0 oz', '0.047', 'empty', '48', 'Firestone Walker Brewing Company', 'Paso Robles']
['810', '2624', 'Deflator', 'Doppelbock', '16.0 oz.', '0.065', 'empty', '16', 'Flat 12 Bierwerks', 'Indianapolis']
['813', '520', 'Inclined Plane Ale', 'American IPA', '12.0 ounce', 'empty', 'empty', '532', 'Flat Rock Brewing Company', 'Smithton']
['814', '2554', 'Moped Traveler', 'American Pale Ale (APA)', '16.0 oz', '0.06%', 'empty', '54', 'Flesk Brewing Company', 'Lombard']
['817', '2567', 'Flying Mouse 8', 'American Porter', '12.0 oz.', '0.04', 'empty', '50', 'Flying Mouse Brewery', 'Troutville']
['819', '1899', 'La Ferme Urbaine Farmhouse Ale', 'Saison / Farmhouse Ale', '12.0 oz. Alumi-Tek', '0.078', 'empty', '279', 'Foolproof Brewing Company', 'Pawtucket']
['820', '983', 'Backyahd IPA', 'American IPA', '12.0 oz', '0.06%', 'empty', '279', 'Foolproof Brewing Company', 'Pawtucket']
['821', '982', 'Raincloud Robust Porter', 'American Porter', '12.0 ounce', '0.07%', 'empty', '279', 'Foolproof Brewing Company', 'Pawtucket']
['822', '981', 'Barstool American Golden Ale', 'American Blonde Ale', '12.0 oz', '0.045', 'empty', '279', 'Foolproof Brewing Company', 'Pawtucket']
['825', '2172', 'Quick WIT', 'Belgian Pale Ale', '12.0 oz.', '0.05%', 'empty', '206', 'Fort George Brewery', 'Astoria']
['826', '2171', 'The Optimist', 'American IPA', '12.0 ounce', '0.06%', 'empty', '206', 'Fort George Brewery', 'Astoria']
['827', '1911', 'Suicide Squeeze IPA', 'American IPA', '16.0 oz.', '0.045', 'empty', '206', 'Fort George Brewery', 'Astoria']
['828', '1803', 'Java the Hop', 'American IPA', '16.0 oz.', '0.065', 'empty', '206', 'Fort George Brewery', 'Astoria']
['829', '1566', 'Next Adventure Black IPA', 'American Black Ale', '16.0 oz.', '0.062', 'empty', '206', 'Fort George Brewery', 'Astoria']
['830', '1515', '3-Way IPA (2013)', 'American IPA', '16.0 ounce', '0.067', 'empty', '206', 'Fort George Brewery', 'Astoria']
['831', '1214', 'Tender Loving Empire NWPA', 'American Pale Ale (APA)', '16.0 oz.', '0.058', 'empty', '206', 'Fort George Brewery', 'Astoria']
['832', '674', 'Quick Wit Belgianesque Ale', 'Witbier', '16.0 oz.', '0.052', 'empty', '206', 'Fort George Brewery', 'Astoria']
['833', '562', 'Sunrise Oatmeal Pale Ale', 'American Pale Ale (APA)', '16.0 oz', '0.055', 'empty', '206', 'Fort George Brewery', 'Astoria']
['834', '552', 'Cavatica Stout', 'American Double / Imperial Stout', '16.0 ounce', '0.088', 'empty', '206', 'Fort George Brewery', 'Astoria']
['835', '319', '1811 Lager', 'American Amber / Red Lager', '16.0 oz', '0.051', 'empty', '206', 'Fort George Brewery', 'Astoria']
['837', '2322', 'Fort Pitt Ale', 'American Amber / Red Ale', '12.0 oz.', 'empty', 'empty', '151', 'Fort Pitt Brewing Company', 'Latrobe PA']
['848', '2613', "Feel Like Maplin' Love", 'Oatmeal Stout', '16.0 oz', '0.055', 'empty', '22', 'Four Fathers Brewing', 'Valparaiso']
['849', '2612', "Father's Beer", 'Belgian Pale Ale', '16.0 ounce', '0.05', 'empty', '22', 'Four Fathers Brewing', 'Valparaiso']
['850', '2611', 'The 26th', 'American IPA', '16.0 oz.', '0.06', 'empty', '22', 'Four Fathers Brewing', 'Valparaiso']
['852', '1657', 'Leprechaun Lager', 'American Pale Lager', '12.0 oz. Alumi-Tek', '0.04%', 'empty', '348', 'Four Horsemen Brewing Company', 'South Bend']
['855', '1616', 'Pumpkin Porter', 'American Porter', '12.0 oz.', '0.051', 'empty', '160', 'Four Peaks Brewing Company', 'Tempe']
['859', '178', 'Sunbru K?lsch', 'K?lsch', '12.0 oz', '0.052', 'empty', '160', 'Four Peaks Brewing Company', 'Tempe']
['860', '2428', 'Four String Vanilla Porter', 'American Porter', '12.0 ounce', '0.06', 'empty', '105', 'Four String Brewing Company', 'Columbus']
['864', '1998', 'Old Detroit', 'American Amber / Red Ale', '12.0 oz.', '0.06%', 'empty', '253', 'Frankenmuth Brewery', 'Frankenmuth']
['869', '2525', 'Pinata Protest', 'Witbier', '12.0 oz.', '0.06', 'empty', '66', 'Freetail Brewing Company', 'San Antonio']
['871', '2523', 'Original', 'American Amber / Red Ale', '12.0 oz.', '0.068', 'empty', '66', 'Freetail Brewing Company', 'San Antonio']
['875', '1174', '77 Fremont Select Spring Session IPA', 'American IPA', '12.0 ounce', '0.04', 'empty', '460', 'Fremont Brewing Company', 'Seattle']
['876', '1116', 'Fremont Organic Pale Ale', 'American Pale Ale (APA)', '12.0 oz', '0.045', 'empty', '460', 'Fremont Brewing Company', 'Seattle']
['877', '994', 'Abominable Ale', 'English Strong Ale', '12.0 ounce', '0.08', 'empty', '460', 'Fremont Brewing Company', 'Seattle']
['886', '1658', 'Cack-A-Lacky', 'American Pale Ale (APA)', '12.0 OZ.', '0.05%', 'empty', '347', 'Fullsteam Brewery', 'Durham']
['900', '1034', 'Cabrillo K?lsch', 'K?lsch', '16.0 oz', '0.05', 'empty', '240', 'Golden Road Brewing', 'Los Angeles']
['922', '477', 'White Water Wheat', 'American Pale Wheat Ale', '12.0 oz.', '0.05', 'empty', '536', 'Grand Canyon Brewing Company', 'Williams']
['923', '476', 'Grand Canyon American Pilsner', 'American Pilsner', '12.0 oz.', '0.05%', 'empty', '536', 'Grand Canyon Brewing Company', 'Williams']
['924', '143', 'Grand Canyon Sunset Amber Ale', 'American Amber / Red Ale', '12.0 oz. Silo Can', '0.054', 'empty', '536', 'Grand Canyon Brewing Company', 'Williams']
['925', '142', 'Black Iron India Pale Ale', 'American IPA', '12.0 oz.', 'empty', 'empty', '536', 'Grand Canyon Brewing Company', 'Williams']
['949', '2650', 'Denver Pale Ale (Artist Series No. 1)', 'American Pale Ale (APA)', '12.0 oz', '0.05', 'empty', '6', 'Great Divide Brewing Company', 'Denver']
['950', '2649', 'Hibernation Ale', 'Old Ale', '12.0 oz', '0.087', 'empty', '6', 'Great Divide Brewing Company', 'Denver']
['951', '2648', 'Whitewater', 'American Pale Wheat Ale', '12.0 oz.', '0.06%', 'empty', '6', 'Great Divide Brewing Company', 'Denver']
['952', '2647', 'Rumble', 'American IPA', '12.0 ounce', '0.071', 'empty', '6', 'Great Divide Brewing Company', 'Denver']
['953', '2646', 'Orabelle', 'Tripel', '12.0 oz', '0.08%', 'empty', '6', 'Great Divide Brewing Company', 'Denver CO']
['954', '2645', 'Lasso', 'American IPA', '12.0 oz.', '0.05', 'empty', '6', 'Great Divide Brewing Company', 'Denver']
['956', '2643', 'Colette', 'Saison / Farmhouse Ale', '12.0 OZ.', '0.07%', 'empty', '6', 'Great Divide Brewing Company', 'Denver']
['957', '2642', 'Titan IPA', 'American IPA', '12.0 oz.', '0.071', 'empty', '6', 'Great Divide Brewing Company', 'Denver']
['961', '1922', 'Southern Drawl Pale Lager', 'American Pale Lager', '12.0 oz', '0.052', 'empty', '269', 'Great Raft Brewing Company', 'Shreveport']
['964', '1446', 'Great River Golden Ale', 'American Blonde Ale', '12.0 ounce', '0.048', 'empty', '365', 'Great River Brewery', 'Davenport']
['965', '1275', 'Dirty Blonde Chocolate Ale', 'American Blonde Ale', '12.0 oz.', '0.048', 'empty', '365', 'Great River Brewery', 'Davenport']
['968', '1028', 'Aaah Bock Lager', 'Vienna Lager', '16.0 OZ.', '0.06%', 'empty', '365', 'Great River Brewery', 'Davenport']
['983', '2461', 'Autumn Winds Fest Beer', 'M?rzen / Oktoberfest', '16.0 ounce', '0.058', 'empty', '86', 'Grey Sail Brewing Company', 'Westerly']
['985', '1567', 'Autumn Winds', 'M?rzen / Oktoberfest', '16.0 oz. Alumi-Tek', '0.058', 'empty', '379', 'Grey Sail Brewing of Rhode Island', 'Westerly']
['988', '1185', 'Bring Back the Beach Blonde Ale', 'American Blonde Ale', '16.0 ounce', '0.055', 'empty', '379', 'Grey Sail Brewing of Rhode Island', 'Westerly']
['993', '2143', '3 Scrooges', 'Winter Warmer', '16.0 ounce', '0.07%', 'empty', '124', 'Griffin Claw Brewing Company', 'Birmingham']
['997', '2139', "Norm's Raggedy Ass IPA", 'American IPA', '16.0 OZ.', '0.075', 'empty', '124', 'Griffin Claw Brewing Company', 'Birmingham']
['1000', '1570', 'Lemon Shandy Tripel', 'Tripel', '16.0 oz', '0.09', 'empty', '124', 'Griffin Claw Brewing Company', 'Birmingham']
['1003', '1440', "Hale's Pale American Ale", 'American Pale Ale (APA)', '12.0 ounce', '0.047', 'empty', '290', "Hale's Ales", 'Seattle']
['1004', '1753', 'Heyoka IPA', 'American IPA', '16.0 oz.', '0.07', 'empty', '327', 'Half Acre Beer Company', 'Chicago']
['1005', '1448', 'Guest Lager', 'American Double / Imperial Pilsner', '16.0 oz.', '0.08', 'empty', '327', 'Half Acre Beer Company', 'Chicago']
['1006', '1134', 'Pony Pilsner', 'German Pilsener', '16.0 oz.', '0.06%', 'empty', '327', 'Half Acre Beer Company', 'Chicago']
['1007', '1066', 'Akari Shogun American Wheat Ale', 'American Pale Wheat Ale', '16.0 oz', '0.055', 'empty', '327', 'Half Acre Beer Company', 'Chicago']
['1008', '849', 'Meat Wave', 'English India Pale Ale (IPA)', '16.0 oz', '0.06', 'empty', '327', 'Half Acre Beer Company', 'Chicago']
['1009', '352', 'Over Ale', 'American Brown Ale', '16.0 oz.', '0.06', 'empty', '327', 'Half Acre Beer Company', 'Chicago']
['1010', '149', 'Gossamer Golden Ale', 'American Blonde Ale', '16.0 oz', '0.042', 'empty', '327', 'Half Acre Beer Company', 'Chicago']
['1011', '148', 'Daisy Cutter Pale Ale', 'American Pale Ale (APA)', '16.0 oz', '0.052', 'empty', '327', 'Half Acre Beer Company', 'Chicago']
['1021', '1558', 'Honey Cider', 'Cider', '12.0 oz.', '0.048', 'empty', '234', 'Harpoon Brewery', 'Boston']
['1031', '506', 'Great Falls Select Pale Ale', 'American Blonde Ale', '12.0 oz.', 'empty', 'empty', '535', 'Harvest Moon Brewing Company', 'Belt']
['1032', '181', 'Beltian White', 'Witbier', '12.0 oz.', '0.05%', 'empty', '535', 'Harvest Moon Brewing Company', 'Belt']
['1033', '2183', "Kaua'i Golden Ale", 'American Blonde Ale', '12.0 ounce', '0.049', 'empty', '204', "Hawai'i Nui Brewing Co.", 'Hilo']
['1034', '2182', 'Sunset Amber', 'American Pale Ale (APA)', '12.0 oz', '0.05%', 'empty', '204', "Hawai'i Nui Brewing Co.", 'Hilo']
['1035', '2181', 'Hapa Brown Ale', 'American Brown Ale', '19.2 oz.', '0.06%', 'empty', '204', "Hawai'i Nui Brewing Co.", 'Hilo']
['1036', '2180', 'Hapa Brown Ale', 'American Brown Ale', '12.0 ounce', '0.064', 'empty', '204', "Hawai'i Nui Brewing Co.", 'Hilo']
['1037', '2179', 'Southern Cross', 'Flanders Red Ale', '19.2 oz', '0.083', 'empty', '204', "Hawai'i Nui Brewing Co.", 'Hilo']
['1043', '988', 'Davy Jones Lager', 'Cream Ale', '12.0 OZ.', '0.06', 'empty', '479', 'Heavy Seas Beer', 'Halethorpe']
['1050', '616', 'Oregon Trail Unfiltered Raspberry Wheat', 'Fruit / Vegetable Beer', '12.0 oz.', '0.05%', 'empty', '500', 'High Noon Saloon And Brewery', 'Leavenworth']
['1051', '96', "Annie's Amber Ale", 'American Amber / Red Ale', '12.0 ounce', '0.055', 'empty', '500', 'High Noon Saloon And Brewery', 'Leavenworth']
['1052', '1615', 'The 12th Can??American Pale Ale (APA)', '16.0 oz. Alumi-Tek', '0.05%', '32', '362', "Hilliard's Beer", 'Seattle', 'WA']
['1057', '1652', 'White Cap White IPA', 'American White IPA', '16.0 oz.', '0.042', 'empty', '349', 'Hinterland Brewery', 'Green Bay']
['1069', '1501', 'Green House India Pale Ale', 'American IPA', '12.0 oz', '0.07', 'empty', '395', 'Hops & Grain Brewery', 'Austin']
['1070', '1004', 'The One They Call Zoe', 'American Pale Lager', '12.0 oz.', '0.051', 'empty', '395', 'Hops & Grain Brewery', 'Austin']
['1073', '2357', 'Porter Culture', 'American Porter', '12.0 oz.', '0.065', 'empty', '136', 'Hops & Grains Brewing Company', 'Austin']
['1074', '2483', 'Hard Cider', 'Cider', '16.0 oz', '0.068', 'empty', '80', 'Hopworks Urban Brewery', 'Portland']
['1097', '2385', 'Watermelon Wheat', 'American Pale Wheat Ale', '12.0 oz.', '0.06%', 'empty', '120', 'Horny Goat Brew Pub', 'Milwaukee']
['1099', '2383', 'Oktoberfest', 'M?rzen / Oktoberfest', '16.0 oz.', '0.06', 'empty', '120', 'Horny Goat Brew Pub', 'Milwaukee']
['1100', '1251', 'Trail Maker Pale Ale', 'American Pale Ale (APA)', '12.0 oz.', '0.07%', 'empty', '445', 'Howard Brewing Company', 'Lenoir']
['1101', '1250', 'Action Man Lager', 'Vienna Lager', '12.0 oz.', '0.055', 'empty', '445', 'Howard Brewing Company', 'Lenoir']
['1117', '2376', 'Summer Ale', 'American Blonde Ale', '12.0 oz', '0.049', 'empty', '123', 'Ipswich Ale Brewery', 'Ipswich']
['1118', '1784', 'Appreciation Ale', 'American IPA', '16.0 oz.', 'empty', 'empty', '316', 'Iron Hill Brewery & Restaurant', 'Wilmington']
['1124', '1405', "Helen's Blend", 'Cider', '12.0 OZ.', '0.05', 'empty', '416', "Jack's Hard Cider (Hauser Estate...", 'Biglerville']
['1125', '823', "Jack's Hard Cider", 'Cider', '12.0 oz.', '0.051', 'empty', '416', "Jack's Hard Cider (Hauser Estate...", 'Biglerville']
['1127', '2453', 'Razz Wheat', 'Fruit / Vegetable Beer', '12.0 ounce', '0.055', 'empty', '92', "Jackie O's Pub & Brewery", 'Athens']
['1128', '2363', 'Hop Ryot', 'American IPA', '12.0 ounce', '0.065', 'empty', '92', "Jackie O's Pub & Brewery", 'Athens']
['1129', '689', 'Mystic Mama IPA', 'American IPA', '12.0 oz.', '0.07%', 'empty', '92', "Jackie O's Pub & Brewery", 'Athens']
['1130', '688', 'Firefly Amber Ale', 'American Amber / Red Ale', '12.0 oz', '0.05', 'empty', '92', "Jackie O's Pub & Brewery", 'Athens']
['1131', '687', 'Chomolungma Honey Nut Brown Ale', 'English Brown Ale', '12.0 ounce', '0.067', 'empty', '92', "Jackie O's Pub & Brewery", 'Athens']
['1132', '2408', 'Welcome to Scoville', 'American IPA', '12.0 oz.', '0.07%', 'empty', '114', 'Jailbreak Brewing Company', 'Laurel']
['1133', '2595', 'Bastian', 'American Strong Ale', '12.0 ounce', 'empty', 'empty', '32', 'James Page Brewing Company', 'Stevens Point']
['1134', '2480', 'Healani', 'Hefeweizen', '12.0 oz.', '0.045', 'empty', '32', 'James Page Brewing Company', 'Stevens Point']
['1135', '1525', 'Yabba Dhaba Chai Tea Porter', 'American Porter', '12.0 oz', '0.055', 'empty', '32', 'James Page Brewing Company', 'Stevens Point']
['1136', '1524', 'A Capella Gluten Free Pale Ale', 'American Pale Ale (APA)', '12.0 OZ.', '0.055', 'empty', '32', 'James Page Brewing Company', 'Stevens Point']
['1137', '1523', 'Casper White Stout', 'American Blonde Ale', '12.0 oz.', '0.06', 'empty', '32', 'James Page Brewing Company', 'Stevens Point']
['1138', '1254', "JP's Ould Sod Irish Red IPA", 'American IPA', '12.0 oz', '0.06%', 'empty', '32', 'James Page Brewing Company', 'Stevens Point WI']
['1143', '2163', 'Sucha Much IPA', 'American IPA', '12.0 oz. Alumi-Tek', '0.071', 'empty', '208', 'Kalona Brewing Company', 'Kalona']
['1158', '1193', 'Skilak Scottish Ale', 'Scottish Ale', '12.0 oz', '0.06%', 'empty', '458', 'Kenai River Brewing Company', 'Soldotna']
['1160', '349', 'Sunken Island IPA', 'American IPA', '12.0 oz. Alumi-Tek', '0.068', 'empty', '458', 'Kenai River Brewing Company', 'Soldotna']
['1161', '348', 'Skilak Scottish Ale (2011)', 'Scottish Ale', '12.0 oz', '0.058', 'empty', '458', 'Kenai River Brewing Company', 'Soldotna']
['1168', '2472', 'U. P. Witbier', 'Witbier', '12.0 oz.', 'empty', 'empty', '84', 'Keweenaw Brewing Company', 'Houghton']
['1169', '779', 'November Gale Pale Ale', 'American Pale Ale (APA)', '12.0 oz.', 'empty', 'empty', '84', 'Keweenaw Brewing Company', 'Houghton']
['1170', '364', 'Olde Ore Dock Scottish Ale', 'Scottish Ale', '12.0 oz.', 'empty', 'empty', '84', 'Keweenaw Brewing Company', 'Houghton']
['1171', '60', 'Widow Maker Black Ale', 'American Brown Ale', '12.0 oz', 'empty', 'empty', '84', 'Keweenaw Brewing Company', 'Houghton']
['1172', '59', 'Lift Bridge Brown Ale', 'American Brown Ale', '12.0 oz. Alumi-Tek', 'empty', 'empty', '84', 'Keweenaw Brewing Company', 'Houghton']
['1173', '58', 'Pick Axe Blonde Ale', 'American Blonde Ale', '12.0 oz', 'empty', 'empty', '84', 'Keweenaw Brewing Company', 'Houghton']
['1174', '57', 'Red Jacket Amber Ale', 'American Amber / Red Ale', '12.0 oz', 'empty', 'empty', '84', 'Keweenaw Brewing Company', 'Houghton']
['1175', '2436', 'Amber Ale', 'American Amber / Red Ale', '12.0 oz.', '0.051', 'empty', '102', 'King Street Brewing Company', 'Anchorage']
['1176', '1706', 'King Street Pilsner', 'Czech Pilsener', '12.0 oz.', '0.055', 'empty', '102', 'King Street Brewing Company', 'Anchorage']
['1179', '1665', 'King Street Blonde Ale', 'American Blonde Ale', '12.0 oz.', '0.049', 'empty', '102', 'King Street Brewing Company', 'Anchorage']
['1187', '1637', 'Bellingham Beer Week 2013 Collaboration', 'Belgian Strong Dark Ale', '16.0 oz.', '0.08', 'empty', '354', 'Kulshan Brewery', 'Bellingham']
['1192', '2547', 'Beach Cruiser', 'Hefeweizen', '12.0 ounce', '0.045', 'empty', '59', 'Latitude 42 Brewing Company', 'Portage']
['1193', '2493', 'I.P. Eh!', 'American IPA', '12.0 ounce', '0.07%', 'empty', '59', 'Latitude 42 Brewing Company', 'Portage']
['1194', '2492', 'Schoolhouse Honey', 'American Amber / Red Ale', '12.0 oz', '0.05%', 'empty', '59', 'Latitude 42 Brewing Company', 'Portage']
['1195', '2491', '10 Degrees of Separation', 'English Brown Ale', '12.0 ounce', '0.055', 'empty', '59', 'Latitude 42 Brewing Company', 'Portage']
['1201', '1445', 'Lazy Monk Bohemian Pilsner', 'Czech Pilsener', '16.0 oz', '0.05', 'empty', '406', 'Lazy Monk Brewing', 'Eau Claire']
['1202', '475', 'Yellowstone Golden Ale', 'K?lsch', '12.0 oz.', '0.051', 'empty', '537', 'Lewis and Clark Brewing Company', 'Helena']
['1203', '474', 'Tumbleweed IPA', 'American IPA', '12.0 oz.', '0.057', 'empty', '537', 'Lewis and Clark Brewing Company', 'Helena']
['1204', '473', 'Lewis & Clark Amber Ale', 'American Amber / Red Ale', '12.0 oz', '0.05%', 'empty', '537', 'Lewis and Clark Brewing Company', 'Helena MT']
['1205', '472', "Miner's Gold Hefeweizen", 'Hefeweizen', '12.0 oz.', '0.05', 'empty', '537', 'Lewis and Clark Brewing Company', 'Helena']
['1206', '471', 'Back Country Scottish Ale', 'Scottish Ale', '12.0 OZ.', '0.057', 'empty', '537', 'Lewis and Clark Brewing Company', 'Helena']
['1214', '2332', 'Deadeye Jack', 'American Porter', '12.0 oz', '0.06%', 'empty', '149', 'Lonerider Brewing Company', 'Raleigh']
['1215', '2330', 'Pistols at Dawn', 'American Stout', '16.0 oz', '0.08%', 'empty', '149', 'Lonerider Brewing Company', 'Raleigh']
['1226', '2582', 'Mosaic Single Hop IPA', 'American IPA', '16.0 OZ.', '0.055', 'empty', '41', 'Lost Nation Brewing', 'East Fairfield']
['1227', '2581', 'Lost Galaxy', 'American IPA', '16.0 oz.', '0.05%', 'empty', '41', 'Lost Nation Brewing', 'East Fairfield']
['1231', '1204', "Hips Don't Lie", 'Hefeweizen', '16.0 ounce', '0.062', 'empty', '456', 'Lucette Brewing Company', 'Menominie']
['1232', '1122', 'Ride Again Pale Ale', 'American Pale Ale (APA)', '16.0 oz.', '0.052', 'empty', '456', 'Lucette Brewing Company', 'Menominie']
['1233', '700', "The Farmer's Daughter", 'American Blonde Ale', '16.0 ounce', '0.05%', 'empty', '456', 'Lucette Brewing Company', 'Menominie']
['1236', '2311', 'Knotty Pine', 'American Pale Ale (APA)', '12.0 oz. Alumi-Tek', '0.05%', 'empty', '158', 'Lumberyard Brewing Company', 'Flagstaff']
['1238', '355', 'Lumberyard IPA', 'American IPA', '12.0 ounce', '0.061', 'empty', '158', 'Lumberyard Brewing Company', 'Flagstaff']
['1239', '125', 'Lumberyard Red Ale', 'American Amber / Red Ale', '12.0 oz. Silo Can', '0.06%', 'empty', '158', 'Lumberyard Brewing Company', 'Flagstaff']
['1240', '962', "Mac's Highlander Pale Ale (2000)", 'American Pale Ale (APA)', '12.0 oz', '0.05', 'empty', '485', 'MacTarnahans Brewing Company', 'Portland OR']
['1242', '1475', 'Macon Progress Ale', 'American Pale Ale (APA)', '12.0 ounce', '0.05', 'empty', '400', 'Macon Beer Company', 'Macon']
['1243', '1008', 'Macon History Ale', 'American Brown Ale', '12.0 oz', '0.055', 'empty', '400', 'Macon Beer Company', 'Macon']
['1244', '2454', 'Galaxy High', 'American Double / Imperial IPA', '12.0 oz.', '0.099', 'empty', '91', 'Madtree Brewing Company', 'Cincinnati']
['1246', '2133', 'Thunder Snow', 'Winter Warmer', '12.0 ounce', '0.085', 'empty', '91', 'Madtree Brewing Company', 'Cincinnati']
['1256', '511', 'High Country Pilsner (Current)', 'German Pilsener', '12.0 oz.', '0.042', 'empty', '534', 'Mammoth Brewing Company', 'Mammoth Lakes']
['1257', '75', 'Epic IPA', 'American IPA', '12.0 oz.', '0.07%', 'empty', '534', 'Mammoth Brewing Company', 'Mammoth Lakes']
['1258', '74', 'Golden Trout Pilsner', 'German Pilsener', '12.0 ounce', '0.042', 'empty', '534', 'Mammoth Brewing Company', 'Mammoth Lakes']
['1259', '73', 'Real McCoy Amber Ale (Current)', 'American Amber / Red Ale', '12.0 ounce', '0.045', 'empty', '534', 'Mammoth Brewing Company', 'Mammoth Lakes']
['1260', '1628', 'Festivus (1)', 'Winter Warmer', '12.0 oz.', '0.07%', 'empty', '356', 'Manayunk Brewing Company', 'Philadelphia']
['1261', '1626', 'Manayunk Oktoberfest', 'M?rzen / Oktoberfest', '12.0 oz.', '0.067', 'empty', '356', 'Manayunk Brewing Company', 'Philadelphia']
['1263', '1624', 'Manayunk IPA', 'American IPA', '12.0 ounce', '0.055', 'empty', '356', 'Manayunk Brewing Company', 'Philadelphia']
['1264', '1600', "Yunkin' Punkin'", 'Pumpkin Ale', '12.0 ounce', '0.055', 'empty', '356', 'Manayunk Brewing Company', 'Philadelphia']
['1274', '1262', 'Marble Pilsner', 'German Pilsener', '12.0 oz', '0.05%', 'empty', '443', 'Marble Brewery', 'Albuquerque']
['1275', '845', 'Marble India Pale Ale', 'American IPA', '12.0 oz.', '0.062', 'empty', '443', 'Marble Brewery', 'Albuquerque']
['1276', '1783', 'Toughcats IPA', 'American IPA', '16.0 oz', '0.07%', 'empty', '317', 'Marshall Wharf Brewing Company', 'Belfast']
['1277', '1717', 'Tug Pale Ale', 'American Pale Ale (APA)', '16.0 ounce', '0.05', 'empty', '317', 'Marshall Wharf Brewing Company', 'Belfast']
['1278', '1716', 'Sexy Chaos', 'Russian Imperial Stout', '16.0 oz', '0.099', 'empty', '317', 'Marshall Wharf Brewing Company', 'Belfast']
['1279', '1516', 'Ace Hole American Pale Ale', 'American Pale Ale (APA)', '16.0 oz.', '0.063', 'empty', '317', 'Marshall Wharf Brewing Company', 'Belfast']
['1280', '725', 'Cant Dog Imperial Pale Ale', 'American Double / Imperial IPA', '16.0 oz.', '0.10%', 'empty', '317', 'Marshall Wharf Brewing Company', 'Belfast']
['1284', '2120', 'The Imperial Texan', 'American Double / Imperial IPA', '16.0 OZ.', '0.08%', 'empty', '161', 'Martin House Brewing Company', 'Fort Worth']
['1285', '1234', 'The Imperial Texan', 'American Double / Imperial IPA', '12.0 oz', '0.08', 'empty', '161', 'Martin House Brewing Company', 'Fort Worth TX']
['1286', '1233', 'Day Break 4-Grain Breakfast Beer', 'Rye Beer', '16.0 oz.', '0.05', 'empty', '161', 'Martin House Brewing Company', 'Fort Worth']
['1287', '1232', 'River House Saison', 'Saison / Farmhouse Ale', '12.0 ounce', '0.05', 'empty', '161', 'Martin House Brewing Company', 'Fort Worth']
['1288', '1231', 'There Will Be Stout', 'American Stout', '12.0 oz.', '0.07%', 'empty', '161', 'Martin House Brewing Company', 'Fort Worth TX']
['1290', '1359', 'Saranac Shandy', 'Shandy', '12.0 ounce', '0.042', 'empty', '299', 'Matt Brewing Company', 'Utica']
['1292', '960', 'Saranac Golden Pilsener (2003)', 'German Pilsener', '12.0 OZ.', '0.051', 'empty', '299', 'Matt Brewing Company', 'Utica']
['1293', '959', 'Saranac Adirondack Light (2002)', 'Light Lager', '12.0 oz', '0.045', 'empty', '299', 'Matt Brewing Company', 'Utica']
['1294', '958', 'DAX Light (1998)', 'Light Lager', '12.0 oz.', '0.05%', 'empty', '299', 'Matt Brewing Company', 'Utica']
['1295', '957', 'Saranac Traditional Lager (2000)', 'American Pale Lager', '12.0 ounce', '0.048', 'empty', '299', 'Matt Brewing Company', 'Utica NY']
['1296', '956', 'Pomegranate Wheat (2008)', 'Fruit / Vegetable Beer', '12.0 oz', '0.05%', 'empty', '299', 'Matt Brewing Company', 'Utica']
['1298', '686', 'Saranac White IPA', 'American IPA', '12.0 oz. Alumi-Tek', '0.06%', 'empty', '299', 'Matt Brewing Company', 'Utica']
['1299', '453', 'Saranac Summer Ale (2011)', 'American Pale Wheat Ale', '12.0 oz', '0.047', 'empty', '299', 'Matt Brewing Company', 'Utica']
['1300', '150', 'Saranac Pale Ale (12 oz.)', 'English Pale Ale', '12.0 oz.', '0.055', 'empty', '299', 'Matt Brewing Company', 'Utica']
['1301', '133', 'Saranac Pale Ale (16 oz.)', 'English Pale Ale', '16.0 oz', '0.055', 'empty', '299', 'Matt Brewing Company', 'Utica']
['1303', '1429', 'Pau Hana Pilsner', 'Czech Pilsener', '12.0 oz. Alumi-Tek', '0.06%', 'empty', '375', 'Maui Brewing Company', 'Lahaina']
['1304', '1271', 'Lemongrass Saison', 'Saison / Farmhouse Ale', '12.0 oz. Alumi-Tek', '0.05%', 'empty', '375', 'Maui Brewing Company', 'Lahaina']
['1305', '713', 'Aloha B’ak’tun', 'Belgian Strong Dark Ale', '12.0 oz.', '0.07', 'empty', '375', 'Maui Brewing Company', 'Lahaina']
['1306', '712', 'Liquid Breadfruit', 'Fruit / Vegetable Beer', '12.0 oz', '0.082', 'empty', '375', 'Maui Brewing Company', 'Lahaina']
['1317', '1986', 'Bushwhacker Cider', 'Cider', '16.0 OZ.', '0.07%', 'empty', '254', "Meckley's Cidery", 'Somerset Center']
['1318', '1985', 'Weim-R-Iner', 'Cider', '16.0 oz.', '0.069', 'empty', '254', "Meckley's Cidery", 'Somerset Center']
['1319', '1984', 'Cherry Bomb', 'Cider', '16.0 ounce', '0.069', 'empty', '254', "Meckley's Cidery", 'Somerset Center']
['1330', '174', "Mickey Finn's Amber Ale", 'American Amber / Red Ale', '12.0 oz.', '0.056', 'empty', '552', "Mickey Finn's Brewery", 'Libertyville']
['1342', '2535', 'Vinyl Frontier', 'American Double / Imperial IPA', '24.0 ounce', '0.083', 'empty', '65', 'Mikerphone Brewing', 'Chicago']
['1343', '2534', 'Disco Superfly', 'American IPA', '24.0 oz', '0.08', 'empty', '65', 'Mikerphone Brewing', 'Chicago IL']
['1344', '2533', 'Misty Mountain Hop', 'American IPA', '24.0 ounce', '0.08%', 'empty', '65', 'Mikerphone Brewing', 'Chicago']
['1345', '2532', 'One-Hit Wonderful', 'Belgian IPA', '24.0 oz', '0.08%', 'empty', '65', 'Mikerphone Brewing', 'Chicago']
['1346', '2531', 'En Parfaite Harmonie', 'Saison / Farmhouse Ale', '24.0 oz.', '0.065', 'empty', '65', 'Mikerphone Brewing', 'Chicago']
['1348', '2529', 'Love In An Ellavator', 'American IPA', '24.0 oz', '0.075', 'empty', '65', 'Mikerphone Brewing', 'Chicago']
['1349', '2528', 'Spin Doctor', 'American Pale Ale (APA)', '24.0 ounce', '0.053', 'empty', '65', 'Mikerphone Brewing', 'Chicago']
['1350', '1612', 'Keeper (Current)', 'American Pilsner', '12.0 ounce', '0.05', 'empty', '363', 'Mikkeller', 'Pottstown']
['1351', '1611', 'Better Half', 'American IPA', '12.0 oz. Alumi-Tek', '0.068', 'empty', '363', 'Mikkeller', 'Pottstown']
['1352', '1273', 'SNO White Ale', 'Witbier', '16.0 oz.', '0.048', 'empty', '440', 'MillKing It Productions', 'Royal Oak']
['1353', '365', 'BRIK Irish Red Ale', 'Irish Red Ale', '16.0 oz.', '0.048', 'empty', '440', 'MillKing It Productions', 'Royal Oak']
['1354', '273', 'AXL Pale Ale', 'American Pale Ale (APA)', '16.0 OZ.', 'empty', 'empty', '440', 'MillKing It Productions', 'Royal Oak']
['1359', '776', 'O-Gii', 'Witbier', '16.0 ounce', '0.092', 'empty', '284', 'Milwaukee Brewing Company', 'Milwaukee']
['1362', '2361', 'Axe Head Malt Liquor', 'American Malt Liquor', '24.0 oz.', '0.099', 'empty', '134', 'Minhas Craft Brewery', 'Monroe']
['1363', '2359', 'Huber Bock (2014)', 'Bock', '16.0 ounce', '0.05%', 'empty', '134', 'Minhas Craft Brewery', 'Monroe']
['1364', '2358', 'Minhas Light (2012)', 'Light Lager', '12.0 oz.', '0.04', 'empty', '134', 'Minhas Craft Brewery', 'Monroe']
['1365', '2282', 'Huber', 'American Pale Lager', '12.0 ounce', '0.05%', 'empty', '134', 'Minhas Craft Brewery', 'Monroe']
['1366', '2281', 'Clear Creek Ice', 'American Pale Lager', '16.0 oz.', '0.062', 'empty', '134', 'Minhas Craft Brewery', 'Monroe']
['1367', '2280', 'Clear Creek Ice', 'American Pale Lager', '12.0 oz.', '0.062', 'empty', '134', 'Minhas Craft Brewery', 'Monroe']
['1368', '2279', 'Mountain Crest', 'American Pale Lager', '16.0 oz.', '0.055', 'empty', '134', 'Minhas Craft Brewery', 'Monroe WI']
['1369', '2278', 'Mountain Crest', 'American Pale Lager', '12.0 oz. Alumi-Tek', '0.06%', 'empty', '134', 'Minhas Craft Brewery', 'Monroe']
['1370', '2277', 'Mountain Creek (2013)', 'American Pale Lager', '12.0 oz.', '0.055', 'empty', '134', 'Minhas Craft Brewery', 'Monroe']
['1371', '2276', 'Boxer', 'American Adjunct Lager', '24.0 oz.', '0.05', 'empty', '134', 'Minhas Craft Brewery', 'Monroe']
['1372', '2275', 'Boxer Light', 'Light Lager', '12.0 oz.', '0.042', 'empty', '134', 'Minhas Craft Brewery', 'Monroe']
['1373', '2274', 'Boxer Ice', 'American Adjunct Lager', '12.0 OZ.', '0.055', 'empty', '134', 'Minhas Craft Brewery', 'Monroe']
['1374', '2273', 'Boxer', 'American Adjunct Lager', '12.0 OZ.', '0.05', 'empty', '134', 'Minhas Craft Brewery', 'Monroe']
['1375', '2442', 'Cortez Gold', 'Belgian Pale Ale', '32.0 oz. Alumi-Tek', '0.05', 'empty', '98', 'Mission Brewery', 'San Diego CA']
['1379', '1476', 'Squeaky Bike Nut Brown Ale', 'American Brown Ale', '16.0 OZ.', '0.04', 'empty', '399', 'Moab Brewery', 'Moab']
['1380', '902', 'Dead Horse Amber', 'American Pale Wheat Ale', '16.0 oz.', '0.04', 'empty', '399', 'Moab Brewery', 'Moab']
['1381', '645', 'Rocket Bike American Lager', 'California Common / Steam Beer', '16.0 ounce', '0.04', 'empty', '399', 'Moab Brewery', 'Moab']
['1382', '644', "Johnny's American IPA", 'American IPA', '16.0 oz.', '0.04', 'empty', '399', 'Moab Brewery', 'Moab']
['1383', '337', 'Boneshaker Brown Ale', 'English Brown Ale', '24.0 ounce', '0.06%', 'empty', '547', 'Moat Mountain Smoke House & Brew...', 'North Conway']
['1384', '336', 'Iron Mike Pale Ale', 'American Pale Ale (APA)', '24.0 oz. Alumi-Tek', '0.056', 'empty', '547', 'Moat Mountain Smoke House & Brew...', 'North Conway']
['1385', '2236', 'Monkadelic', 'American Pale Ale (APA)', '12.0 oz.', '0.042', 'empty', '189', 'Modern Monks Brewery', 'Lincoln']
['1394', '327', 'Wapiti Amber Ale', 'American Amber / Red Ale', '12.0 oz', '0.05', 'empty', '549', 'Mogollon Brewing Company', 'Flagstaff']
['1395', '719', 'Sweet Georgia Brown', 'American Brown Ale', '16.0 OZ.', '0.05%', 'empty', '514', 'Monkey Paw Pub & Brewery', 'San Diego']
['1396', '718', "Rich Man's IIPA", 'American Double / Imperial IPA', '16.0 ounce', '0.087', 'empty', '514', 'Monkey Paw Pub & Brewery', 'San Diego']
['1397', '717', 'Monkey Paw Oatmeal Pale Ale', 'American Pale Ale (APA)', '16.0 oz', '0.058', 'empty', '514', 'Monkey Paw Pub & Brewery', 'San Diego']
['1406', '419', 'Second Wind Pale Ale', 'American Pale Ale (APA)', '12.0 oz', '0.05', 'empty', '540', 'Mother Earth Brewing Company', 'Kinston']
['1407', '408', 'Sunny Haze', 'Hefeweizen', '12.0 oz.', '0.05%', 'empty', '540', 'Mother Earth Brewing Company', 'Kinston']
['1410', '1952', 'Train Wreck', 'American Amber / Red Ale', '16.0 oz.', '0.082', 'empty', '260', 'Mountain Town Brewing Company', 'Mount Pleasant']
['1411', '768', 'Full Moon Belgian White Ale', 'Witbier', '12.0 ounce', '0.085', 'empty', '507', 'Mudshark Brewing Company', 'Lake Havasu City']
['1412', '625', 'Desert Magic IPA', 'American IPA', '12.0 oz.', '0.072', 'empty', '507', 'Mudshark Brewing Company', 'Lake Havasu City']
['1413', '326', 'Up River Light', 'Light Lager', '12.0 ounce', '0.042', 'empty', '507', 'Mudshark Brewing Company', 'Lake Havasu City']
['1414', '132', 'Full Moon Belgian White Ale (2007)', 'Witbier', '12.0 oz.', '0.085', 'empty', '507', 'Mudshark Brewing Company', 'Lake Havasu City']
['1415', '131', 'Dry Heat Hefeweizen (2006)', 'Hefeweizen', '12.0 OZ.', '0.055', 'empty', '507', 'Mudshark Brewing Company', 'Lake Havasu City']
['1416', '1598', 'Mustang Sixty-Six', 'American Amber / Red Lager', '12.0 ounce', '0.05', 'empty', '366', 'Mustang Brewing Company', 'Mustang']
['1417', '862', "Mustang '33", 'American Pale Lager', '12.0 ounce', '0.04', 'empty', '366', 'Mustang Brewing Company', 'Mustang']
['1418', '699', "Session '33 (2011)", 'American Pale Lager', '12.0 oz.', '0.04', 'empty', '366', 'Mustang Brewing Company', 'Mustang']
['1431', '1537', 'Undun Blonde Ale', 'American Blonde Ale', '16.0 oz.', '0.05%', 'empty', '387', 'Natian Brewery', 'Portland OR']
['1432', '1536', 'CuDa Cascadian Dark Ale', 'American Black Ale', '16.0 oz', '0.07%', 'empty', '387', 'Natian Brewery', 'Portland']
['1435', '746', 'CuDa Cascadian Dark Ale (2012)', 'American Black Ale', '16.0 oz.', '0.07%', 'empty', '387', 'Natian Brewery', 'Portland']
['1436', '654', 'Undun Blonde Ale (2012)', 'American Blonde Ale', '16.0 oz.', '0.053', 'empty', '387', 'Natian Brewery', 'Portland']
['1442', '1758', 'County Line IPA', 'American IPA', '12.0 ounce', '0.07%', 'empty', '325', 'Neshaminy Creek Brewing Company', 'Croydon']
['1443', '1757', 'Trauger Pilsner', 'German Pilsener', '12.0 oz.', '0.048', 'empty', '325', 'Neshaminy Creek Brewing Company', 'Croydon']
['1448', '1975', 'Blue Paddle', 'Czech Pilsener', '12.0 oz.', '0.048', 'empty', '82', 'New Belgium Brewing Company', 'Fort Collins']
['1449', '1737', 'California Route', 'American Amber / Red Lager', '12.0 oz.', '0.06%', 'empty', '82', 'New Belgium Brewing Company', 'Fort Collins']
['1450', '1707', 'Snapshot', 'American Pale Wheat Ale', '16.0 ounce', '0.052', 'empty', '82', 'New Belgium Brewing Company', 'Fort Collins']
['1451', '1690', 'Sunshine Wheat Beer', 'American Pale Wheat Ale', '12.0 oz.', '0.05%', 'empty', '82', 'New Belgium Brewing Company', 'Fort Collins']
['1459', '72', 'Sunshine Wheat Beer (2009)', 'American Pale Wheat Ale', '12.0 ounce', '0.048', 'empty', '82', 'New Belgium Brewing Company', 'Fort Collins']
['1462', '885', 'Sea Hag IPA', 'American IPA', '12.0 oz.', '0.06%', 'empty', '410', 'New England Brewing Company', 'Woodbridge']
['1463', '884', 'Elm City Pilsner', 'American Pilsner', '12.0 ounce', '0.05', 'empty', '410', 'New England Brewing Company', 'Woodbridge']
['1464', '757', 'Atlantic Amber Ale (2004)', 'American Amber / Red Ale', '12.0 OZ.', '0.05', 'empty', '410', 'New England Brewing Company', 'Woodbridge']
['1465', '568', '668 Neighbor of the Beast12 oz.', 'Belgian Pale Ale', '12.0 oz.', '0.09', 'empty', '410', 'New England Brewing Company', 'Woodbridge']
['1467', '43', '668 Neighbor of the Beast (16 oz.) (2010)', 'Belgian Pale Ale', '16.0 oz.', '0.09%', 'empty', '410', 'New England Brewing Company', 'Woodbridge']
['1469', '41', 'Elm City Lager (2007)', 'American Pilsner', '12.0 oz', '0.05', 'empty', '410', 'New England Brewing Company', 'Woodbridge']
['1470', '40', 'Atlantic Amber Ale (2007)', 'American Amber / Red Ale', '12.0 ounce', '0.05%', 'empty', '410', 'New England Brewing Company', 'Woodbridge']
['1471', '39', 'Sea Hag IPA (Current)', 'American IPA', '12.0 OZ.', '0.062', 'empty', '410', 'New England Brewing Company', 'Woodbridge']
['1472', '2272', 'Rebirth Pale Ale', 'American Pale Ale (APA)', '12.0 oz.', '0.05%', 'empty', '174', 'New Orleans Lager & Ale Brewing ...', 'New Orleans']
['1473', '1582', 'Irish Channel Stout', 'American Stout', '16.0 oz.', '0.068', 'empty', '174', 'New Orleans Lager & Ale Brewing ...', 'New Orleans']
['1474', '1114', 'MechaHopzilla', 'American Double / Imperial IPA', '16.0 oz.', '0.088', 'empty', '174', 'New Orleans Lager & Ale Brewing ...', 'New Orleans']
['1475', '486', 'Hopitoulas IPA', 'American IPA', '16.0 oz.', '0.07%', 'empty', '174', 'New Orleans Lager & Ale Brewing ...', 'New Orleans']
['1476', '485', 'NOLA Brown Ale', 'English Dark Mild Ale', '12.0 OZ.', '0.039', 'empty', '174', 'New Orleans Lager & Ale Brewing ...', 'New Orleans']
['1477', '484', 'NOLA Blonde Ale', 'American Blonde Ale', '12.0 oz', '0.05%', 'empty', '174', 'New Orleans Lager & Ale Brewing ...', 'New Orleans']
['1481', '646', 'Nut Brown Ale', 'English Brown Ale', '12.0 oz', '0.05%', 'empty', '518', 'New South Brewing Company', 'Myrtle Beach SC']
['1482', '165', 'White Ale', 'Witbier', '12.0 ounce', '0.046', 'empty', '518', 'New South Brewing Company', 'Myrtle Beach']
['1484', '915', 'Green Head IPA', 'American IPA', '12.0 oz', '0.072', 'empty', '495', 'Newburyport Brewing Company', 'Newburyport']
['1485', '914', 'Plum Island Belgian White', 'Witbier', '12.0 oz.', '0.054', 'empty', '495', 'Newburyport Brewing Company', 'Newburyport']
['1486', '913', 'Newburyport Pale Ale', 'American Pale Ale (APA)', '12.0 oz.', '0.055', 'empty', '495', 'Newburyport Brewing Company', 'Newburyport']
['1487', '1811', 'Marblehead', 'American Amber / Red Ale', '16.0 oz', '0.06%', 'empty', '305', 'Night Shift Brewing', 'Everett']
['1490', '1307', 'Paleo IPA', 'English India Pale Ale (IPA)', '12.0 ounce', '0.06', 'empty', '431', 'North Country Brewing Company', 'Slippery Rock']
['1491', '1306', 'Buck Snort Stout', 'American Stout', '12.0 oz.', '0.061', 'empty', '431', 'North Country Brewing Company', 'Slippery Rock']
['1492', '1305', 'Station 33 Firehouse Red', 'Irish Red Ale', '12.0 oz', '0.055', 'empty', '431', 'North Country Brewing Company', 'Slippery Rock']
['1493', '1304', 'Slimy Pebble Pils', 'German Pilsener', '12.0 oz', '0.045', 'empty', '431', 'North Country Brewing Company', 'Slippery Rock']
['1500', '1854', 'Blue Boots IPA', 'American IPA', '16.0 oz.', '0.07%', 'empty', '293', 'Northampton Brewery', 'Northamtpon']
['1501', '1227', 'Hoppy Bitch IPA', 'American IPA', '16.0 oz.', '0.063', 'empty', '450', 'Northwest Brewing Company', 'Pacific']
['1503', '541', "Walter's Premium Pilsener Beer", 'German Pilsener', '12.0 ounce', '0.045', 'empty', '529', 'Northwoods Brewpub', 'Eau Claire']
['1504', '109', "Floppin' Crappie", 'American Pale Wheat Ale', '12.0 oz.', '0.045', 'empty', '529', 'Northwoods Brewpub', 'Eau Claire']
['1505', '1917', 'Left of the Dial IPA', 'American IPA', '12.0 ounce', '0.043', 'empty', '271', 'Notch Brewing Company', 'Ipswich']
['1506', '1190', 'Notch Session Pils', 'Czech Pilsener', '12.0 oz.', '0.04', 'empty', '271', 'Notch Brewing Company', 'Ipswich']
['1507', '1264', "O'Fallon Pumpkin Beer", 'Pumpkin Ale', '12.0 ounce', '0.055', 'empty', '442', "O'Fallon Brewery", "O'Fallon"]
['1518', '2192', 'Occidental Hefeweizen', 'American Pale Wheat Ale', '16.0 ounce', '0.047', 'empty', '200', 'Occidental Brewing Company', 'Portland']
['1519', '1130', 'Occidental Dunkel', 'Dunkelweizen', '16.0 ounce', '0.05%', 'empty', '200', 'Occidental Brewing Company', 'Portland']
['1520', '1129', 'Occidental Altbier', 'Altbier', '16.0 oz', '0.05', 'empty', '200', 'Occidental Brewing Company', 'Portland']
['1521', '1081', 'Occidental K?lsch', 'K?lsch', '16.0 ounce', '0.045', 'empty', '200', 'Occidental Brewing Company', 'Portland']
['1525', '1721', 'Heliocentric Hefeweizen', 'Hefeweizen', '12.0 oz.', '0.047', 'empty', '148', 'Odyssey Beerwerks', 'Arvada']
['1526', '1720', 'Ghose Drifter Pale Ale', 'American Pale Ale (APA)', '12.0 oz', '0.05%', 'empty', '148', 'Odyssey Beerwerks', 'Arvada']
['1527', '1431', 'Ghost Rider Pale Ale (2013)', 'American Pale Ale (APA)', '12.0 ounce', '0.051', 'empty', '148', 'Odyssey Beerwerks', 'Arvada']
['1528', '1430', 'Helios Hefeweizen (2013)', 'Hefeweizen', '12.0 oz', '0.047', 'empty', '148', 'Odyssey Beerwerks', 'Arvada']
['1535', '1828', 'Hopsmith Pale Lager', 'American Pale Lager', '16.0 oz.', '0.06', 'empty', '301', 'Old Forge Brewing Company', 'Danville']
['1537', '1486', 'Resolution Rye Stout', 'American Stout', '16.0 oz.', '0.068', 'empty', '301', 'Old Forge Brewing Company', 'Danville']
['1538', '1485', 'Plowshare Porter', 'American Porter', '16.0 oz', '0.055', 'empty', '301', 'Old Forge Brewing Company', 'Danville']
['1540', '1381', 'Endless Sun Ale', 'American Pale Wheat Ale', '16.0 oz.', '0.045', 'empty', '301', 'Old Forge Brewing Company', 'Danville']
['1541', '900', 'Celestial Blonde Ale', 'American Blonde Ale', '16.0 OZ.', '0.065', 'empty', '301', 'Old Forge Brewing Company', 'Danville']
['1542', '891', 'Overbite IPA', 'American IPA', '16.0 oz', '0.08%', 'empty', '301', 'Old Forge Brewing Company', 'Danville']
['1543', '509', 'T-Rail Pale Ale', 'American Pale Ale (APA)', '16.0 ounce', '0.055', 'empty', '301', 'Old Forge Brewing Company', 'Danville']
['1544', '508', 'Endless Summer Ale (2011)', 'American Pale Wheat Ale', '16.0 oz', '0.05%', 'empty', '301', 'Old Forge Brewing Company', 'Danville']
['1545', '1530', "Clem's Gold", 'American Pale Lager', '16.0 oz.', '0.05%', 'empty', '390', 'Orlison Brewing Company', 'Airway Heights']
['1546', '1529', "Lizzy's Red", 'American Amber / Red Lager', '16.0 oz.', '0.06%', 'empty', '390', 'Orlison Brewing Company', 'Airway Heights']
['1547', '1528', 'Orlison India Pale Lager', 'American Pale Lager', '16.0 oz', '0.07%', 'empty', '390', 'Orlison Brewing Company', 'Airway Heights']
['1548', '1527', 'Brünette', 'Euro Dark Lager', '16.0 oz.', '0.042', 'empty', '390', 'Orlison Brewing Company', 'Airway Heights']
['1549', '1526', 'Havanüther', 'Light Lager', '16.0 oz', '0.04%', 'empty', '390', 'Orlison Brewing Company', 'Airway Heights']
['1550', '2113', 'Lyric Ale', 'Saison / Farmhouse Ale', '12.0 oz.', '0.065', 'empty', '216', 'Orpheus Brewing', 'Atlanta']
['1551', '2112', 'Atalanta', 'Saison / Farmhouse Ale', '12.0 ounce', '0.053', 'empty', '216', 'Orpheus Brewing', 'Atlanta']
['1553', '1883', 'Centennial State Pale Ale', 'American Pale Ale (APA)', '19.2 oz. Alumi-Tek', '0.052', 'empty', '166', 'Oskar Blues Brewery', 'Longmont']
['1554', '1859', 'Old Chub NITRO', 'Scotch Ale / Wee Heavy', '16.0 oz', '0.08', 'empty', '166', 'Oskar Blues Brewery', 'Longmont']
['1556', '1790', "CAN'D AID Foundation", 'empty', '12.0 ounce', 'empty', 'empty', '166', 'Oskar Blues Brewery', 'Longmont']
['1557', '1752', 'Icey.P.A.', 'American IPA', '16.0 ounce', 'empty', 'empty', '166', 'Oskar Blues Brewery', 'Longmont']
['1558', '1751', 'One Nut Brown', 'English Brown Ale', '12.0 oz. Alumi-Tek', '0.05', 'empty', '166', 'Oskar Blues Brewery', 'Longmont']
['1559', '1750', 'Birth IPA', 'American IPA', '12.0 ounce', 'empty', 'empty', '166', 'Oskar Blues Brewery', 'Longmont CO']
['1563', '993', "oSKAr the G'Rauch", 'American IPA', '19.2 oz.', '0.085', 'empty', '166', 'Oskar Blues Brewery', 'Longmont']
['1564', '992', "oSKAr the G'Rauch", 'American IPA', '16.0 ounce', '0.085', 'empty', '166', 'Oskar Blues Brewery', 'Longmont']
['1566', '933', 'The Deuce', 'American Brown Ale', '16.0 oz', '0.07%', 'empty', '166', 'Oskar Blues Brewery', 'Longmont']
['1573', '720', '15th Anniversary Abbey Ale (2012)', 'Belgian Dark Ale', '16.0 oz', '0.09%', 'empty', '166', 'Oskar Blues Brewery', 'Longmont']
['1574', '661', 'Chaka', 'Belgian Strong Pale Ale', '16.0 oz.', '0.08%', 'empty', '166', 'Oskar Blues Brewery', 'Longmont']
['1576', '565', "Deviant Dale's IPA", 'American Double / Imperial IPA', '16.0 ounce', '0.08%', 'empty', '166', 'Oskar Blues Brewery', 'Longmont']
['1596', '734', 'Leroy (2005)', 'American Brown Ale', '12.0 oz', '0.05%', 'empty', '503', 'Oskar Blues Brewery', 'Lyons']
['1607', '1684', 'Hula Hoppie Session IPA', 'American IPA', '12.0 oz. Alumi-Tek', '0.048', 'empty', '341', 'Palisade Brewing Company', 'Palisade']
['1608', '927', 'Dirty Hippie Dark Wheat', 'American Dark Wheat Ale', '12.0 oz', '0.053', 'empty', '341', 'Palisade Brewing Company', 'Palisade']
['1616', '1043', 'North Fork Lager', 'American Pale Lager', '12.0 oz', '0.044', 'empty', '307', 'Payette Brewing Company', 'Garden City']
['1619', '1087', 'Side Kick K?lsch', 'K?lsch', '12.0 ounce', '0.05%', 'empty', '468', 'Peace Tree Brewing Company', 'Knoxville']
['1620', '1931', 'Fresh Cut Pilsner', 'American Pilsner', '12.0 OZ.', '0.05%', 'empty', '266', 'Peak Organic Brewing Company', 'Portland']
['1626', '1956', "Farmer's Daughter Wheat", 'American Pale Wheat Ale', '12.0 ounce', '0.042', 'empty', '205', "People's Brewing Company", 'Lafayette']
['1627', '1794', "People's Pilsner", 'German Pilsener', '12.0 oz', '0.045', 'empty', '205', "People's Brewing Company", 'Lafayette']
['1630', '2631', 'Black', 'American Black Ale', '12.0 oz.', '0.058', 'empty', '13', 'Perrin Brewing Company', 'Comstock Park']
['1634', '1062', "Pete's ESP Lager (1998)", 'American Pale Lager', '12.0 OZ.', '0.051', 'empty', '470', "Pete's Brewing Company", 'San Antonio']
['1635', '1061', "Pete's Wicked Summer Brew (1995)", 'American Pale Wheat Ale', '12.0 ounce', '0.05%', 'empty', '470', "Pete's Brewing Company", 'San Antonio']
['1636', '1060', "Pete's Wicked Bohemian Pilsner (1997)", 'Czech Pilsener', '12.0 oz. Alumi-Tek', '0.05%', 'empty', '470', "Pete's Brewing Company", 'San Antonio']
['1637', '1056', "Pete's Wicked Pale Ale (1997)", 'American Pale Ale (APA)', '12.0 oz', 'empty', 'empty', '470', "Pete's Brewing Company", 'San Antonio']
['1638', '1055', "Pete's Wicked Summer Brew (2002)", 'American Pale Wheat Ale', '12.0 ounce', '0.05%', 'empty', '470', "Pete's Brewing Company", 'San Antonio']
['1639', '1054', "Pete's Wicked Summer Brew (1997)", 'American Pale Wheat Ale', '12.0 oz', '0.047', 'empty', '470', "Pete's Brewing Company", 'San Antonio']
['1640', '1053', "Pete's Wicked Summer Brew (1996)", 'American Pale Wheat Ale', '12.0 oz', '0.047', 'empty', '470', "Pete's Brewing Company", 'San Antonio']
['1646', '1636', 'Local 5 Pale Ale', 'American Pale Ale (APA)', '16.0 oz.', '0.06%', 'empty', '355', 'Pikes Peak Brewing Company', 'Monument']
['1647', '1518', 'Devils Head Red Ale', 'American Amber / Red Ale', '16.0 oz', '0.073', 'empty', '355', 'Pikes Peak Brewing Company', 'Monument']
['1649', '1797', 'Black Bay Milk Stout', 'Milk / Sweet Stout', '12.0 oz.', '0.05', 'empty', '310', 'Pine Street Brewery', 'San Francisco']
['1650', '1437', 'Atom Splitter Pale Ale', 'American Pale Ale (APA)', '12.0 ounce', '0.05', 'empty', '310', 'Pine Street Brewery', 'San Francisco']
['1652', '1540', 'Masked Bandit IPA', 'American Black Ale', '16.0 ounce', '0.07', 'empty', '314', 'Piney River Brewing Company', 'Bucryus']
['1659', '2559', 'Blood of the Unicorn', 'American Amber / Red Ale', '16.0 oz.', '0.065', 'empty', '52', 'Pipeworks Brewing Company', 'Chicago']
['1662', '1589', 'PONTO S.I.P.A.', 'American IPA', '16.0 oz', '0.045', 'empty', '370', 'Pizza Port Brewing Company', 'Carlsbad']
['1663', '1457', 'Chronic Ale', 'American Amber / Red Ale', '16.0 oz', '0.049', 'empty', '370', 'Pizza Port Brewing Company', 'Carlsbad']
['1664', '1191', "Swami's India Pale Ale", 'American IPA', '16.0 ounce', '0.068', 'empty', '370', 'Pizza Port Brewing Company', 'Carlsbad']
['1665', '2336', 'New Cleveland Palesner', 'American Pilsner', '12.0 OZ.', '0.05%', 'empty', '147', 'Platform Beer Company', 'Cleveland']
['1667', '1909', 'Big Chuck Barleywine', 'American Barleywine', '12.0 ounce', '0.099', 'empty', '274', 'Portside Brewery', 'Cleveland']
['1668', '335', 'Ponderosa IPA', 'American IPA', '12.0 oz.', 'empty', 'empty', '548', 'Prescott Brewing Company', 'Prescott']
['1669', '64', 'Liquid Amber Ale', 'American Amber / Red Ale', '12.0 oz.', 'empty', 'empty', '548', 'Prescott Brewing Company', 'Prescott']
['1681', '2269', "Rahr's Blonde", 'Munich Helles Lager', '12.0 ounce', '0.046', 'empty', '176', 'Rahr & Sons Brewing Company', 'Fort Worth']
['1687', '1290', 'The Sword Iron Swan Ale', 'English Pale Ale', '12.0 oz.', '0.059', 'empty', '128', 'Real Ale Brewing Company', 'Blanco']
['1693', '715', 'Long Day Lager', 'Czech Pilsener', '12.0 oz.', '0.049', 'empty', '475', 'Red Hare Brewing Company', 'Marietta']
['1696', '2514', 'Suicide Blonde IPA', 'Belgian IPA', '16.0 oz.', '0.07%', 'empty', '68', 'Red Shedman Farm Brewery and Hop...', 'Mt. Airy']
['1699', '1467', 'Happy Cider', 'Cider', '16.0 ounce', '0.055', 'empty', '403', 'Red Tank Cider Company', 'Bend']
['1703', '1375', 'Nectar of the Hops', 'Mead', '16.0 ounce', '0.08', 'empty', '421', 'Redstone Meadery', 'Boulder']
['1704', '1374', 'Sunshine Nectar', 'Mead', '16.0 oz.', '0.08', 'empty', '421', 'Redstone Meadery', 'Boulder']
['1705', '1373', 'Black Raspberry Nectar', 'Mead', '16.0 ounce', '0.08%', 'empty', '421', 'Redstone Meadery', 'Boulder']
['1713', '1538', "Stout Ol' Friend", 'American Stout', '16.0 oz.', '0.064', 'empty', '386', 'Revolution Brewing', 'Paonia']
['1714', '1075', "Stout Ol' Friend (2012)", 'American Stout', '16.0 oz.', '0.064', 'empty', '386', 'Revolution Brewing', 'Paonia']
['1715', '710', 'Rye Porter', 'American Porter', '16.0 oz.', 'empty', 'empty', '386', 'Revolution Brewing', 'Paonia CO']
['1716', '709', "Miner's Gold", 'American Blonde Ale', '16.0 oz.', '0.05', 'empty', '386', 'Revolution Brewing', 'Paonia']
['1717', '708', 'Vienna Lager', 'Vienna Lager', '16.0 oz.', '0.046', 'empty', '386', 'Revolution Brewing', 'Paonia']
['1718', '706', "Jessie's Garage", 'American Pale Ale (APA)', '16.0 oz.', '0.056', 'empty', '386', 'Revolution Brewing', 'Paonia']
['1719', '220', 'Colorado Red Ale', 'American Amber / Red Ale', '12.0 oz', '0.062', 'empty', '386', 'Revolution Brewing', 'Paonia']
['1720', '219', "Miner's Gold", 'American Blonde Ale', '12.0 oz', 'empty', 'empty', '386', 'Revolution Brewing', 'Paonia']
['1722', '1133', 'A Little Crazy', 'Belgian Pale Ale', '12.0 ounce', '0.068', 'empty', '44', 'Revolution Brewing Company', 'Chicago']
['1737', '2307', 'Smooth Operator', 'Cream Ale', '16.0 oz. Alumi-Tek', '0.038', 'empty', '162', 'Right Brain Brewery', 'Traverse City']
['1738', '2580', 'Gose', 'Gose', '16.0 oz', '0.04%', 'empty', '42', 'Rising Tide Brewing Company', 'Portland']
['1739', '1807', 'Maine Island Trail Ale', 'American Pale Ale (APA)', '16.0 oz.', '0.043', 'empty', '42', 'Rising Tide Brewing Company', 'Portland ME']
['1740', '1180', 'River North White Ale', 'Witbier', '16.0 ounce', '0.05', 'empty', '459', 'River North Brewery', 'Denver']
['1741', '1179', 'River North Ale', 'American Amber / Red Ale', '16.0 oz.', '0.05', 'empty', '459', 'River North Brewery', 'Denver']
['1745', '2373', 'Oktoberfest', 'M?rzen / Oktoberfest', '12.0 OZ.', '0.062', 'empty', '43', 'Rivertowne Brewing Company', 'Export']
['1746', '2049', 'Headless Wylie', 'Pumpkin Ale', '12.0 oz. Alumi-Tek', '0.08', 'empty', '43', 'Rivertowne Brewing Company', 'Export']
['1747', '2048', 'Dayman IPA', 'American IPA', '12.0 oz', '0.05', 'empty', '43', 'Rivertowne Brewing Company', 'Export']
['1748', '1880', 'All Aboard! Anniversary Stout', 'Oatmeal Stout', '12.0 oz. Alumi-Tek', '0.071', 'empty', '43', 'Rivertowne Brewing Company', 'Export PA']
['1749', '1879', 'Hop Lace', 'American White IPA', '12.0 oz.', '0.062', 'empty', '43', 'Rivertowne Brewing Company', 'Export']
['1750', '1878', 'OH-PA Session Pale Ale', 'American Pale Ale (APA)', '12.0 oz.', '0.048', 'empty', '43', 'Rivertowne Brewing Company', 'Export']
['1751', '1877', "Patrick's Poison", 'American Amber / Red Ale', '12.0 OZ.', '0.08', 'empty', '43', 'Rivertowne Brewing Company', 'Export']
['1752', '1764', "Rudolph's Red", 'American Amber / Red Ale', '12.0 oz.', '0.081', 'empty', '43', 'Rivertowne Brewing Company', 'Export']
['1753', '1103', 'Babbling Blonde', 'American Blonde Ale', '12.0 oz. Alumi-Tek', '0.053', 'empty', '43', 'Rivertowne Brewing Company', 'Export']
['1754', '1102', "Maxwell's Scottish Ale", 'Scottish Ale', '12.0 oz', '0.051', 'empty', '43', 'Rivertowne Brewing Company', 'Export']
['1755', '1101', 'Grateful White', 'Witbier', '12.0 oz.', '0.061', 'empty', '43', 'Rivertowne Brewing Company', 'Export']
['1756', '1100', 'RT Lager', 'American Amber / Red Lager', '12.0 oz.', '0.055', 'empty', '43', 'Rivertowne Brewing Company', 'Export']
['1757', '1099', "Old Wylie's IPA", 'American IPA', '12.0 ounce', '0.062', 'empty', '43', 'Rivertowne Brewing Company', 'Export']
['1758', '1098', 'Hala Kahiki Pineapple Beer', 'Fruit / Vegetable Beer', '12.0 ounce', '0.048', 'empty', '43', 'Rivertowne Brewing Company', 'Export']
['1759', '1330', 'Track 1 Amber Lager', 'American Amber / Red Lager', '16.0 oz', '0.045', 'empty', '427', 'Roanoke Railhouse Brewery', 'Roanoke']
['1760', '2074', 'Pine Knob Pilsner', 'Czech Pilsener', '16.0 oz.', '0.053', 'empty', '229', 'Rochester Mills Brewing Company', 'Rochester MI']
['1761', '1724', 'Cal and Co. Black Cherry Porter', 'American Porter', '16.0 oz.', 'empty', 'empty', '229', 'Rochester Mills Brewing Company', 'Rochester']
['1762', '1280', 'Lazy Daze Lager', 'American Adjunct Lager', '16.0 ounce', '0.06%', 'empty', '229', 'Rochester Mills Brewing Company', 'Rochester']
['1763', '899', 'Rochester Red Ale', 'American Amber / Red Ale', '16.0 oz. Alumi-Tek', '0.059', 'empty', '229', 'Rochester Mills Brewing Company', 'Rochester']
['1764', '363', 'Milkshake Stout', 'Milk / Sweet Stout', '16.0 oz.', '0.05', 'empty', '229', 'Rochester Mills Brewing Company', 'Rochester']
['1765', '158', 'Cornerstone IPA', 'American IPA', '16.0 ounce', '0.07%', 'empty', '229', 'Rochester Mills Brewing Company', 'Rochester']
['1766', '97', 'Lazy Daze Lager', 'American Adjunct Lager', '12.0 oz. Alumi-Tek', '0.06%', 'empty', '229', 'Rochester Mills Brewing Company', 'Rochester']
['1767', '1860', 'Rogue American Amber Ale', 'American Amber / Red Ale', '16.0 oz', '0.051', 'empty', '289', 'Rogue Ales', 'Newport']
['1770', '1575', 'Polar Night Stout', 'American Stout', '16.0 OZ.', '0.08', 'empty', '376', 'RoughTail Brewing Company', 'Midwest City']
['1772', '2249', 'Sanctified', 'Belgian Strong Pale Ale', '12.0 ounce', '0.099', 'empty', '164', 'Round Guys Brewing', 'Lansdale']
['1773', '2053', 'Fear of a Brett Planet', 'American Pale Ale (APA)', '12.0 oz.', '0.051', 'empty', '164', 'Round Guys Brewing', 'Lansdale PA']
['1775', '1841', 'Alpha Blackback', 'American Black Ale', '12.0 oz', '0.07%', 'empty', '164', 'Round Guys Brewing', 'Lansdale']
['1776', '1782', 'Kiss Off IPA', 'American IPA', '12.0 oz.', '0.06%', 'empty', '164', 'Round Guys Brewing', 'Lansdale']
['1790', '1995', 'Oktoberfest', 'M?rzen / Oktoberfest', '12.0 oz.', '0.055', 'empty', '30', 'SanTan Brewing Company', 'Chandler']
['1792', '1329', 'I.W.A. (2011)', 'American Pale Wheat Ale', '12.0 oz.', '0.06', 'empty', '30', 'SanTan Brewing Company', 'Chandler']
['1793', '1299', 'Supermonk I.P.A.', 'Belgian IPA', '12.0 oz', '0.065', 'empty', '30', 'SanTan Brewing Company', 'Chandler']
['1799', '839', 'Rail Slide Imperial Spiced Ale', 'Herbed / Spiced Beer', '12.0 oz.', '0.081', 'empty', '30', 'SanTan Brewing Company', 'Chandler']
['1809', '1683', 'Dread Brown Ale', 'American Brown Ale', '12.0 ounce', '0.05%', 'empty', '252', 'Santa Cruz Mountain Brewing', 'Santa Cruz']
['1810', '1362', 'Casinos IPA', 'English India Pale Ale (IPA)', '16.0 ounce', '0.07', 'empty', '252', 'Santa Cruz Mountain Brewing', 'Santa Cruz']
['1813', '599', 'Santa Fe Irish Red Ale', 'Irish Red Ale', '12.0 oz.', '0.045', 'empty', '392', 'Santa Fe Brewing Company', 'Santa Fe']
['1814', '307', 'Santa Fe Oktoberfest', 'M?rzen / Oktoberfest', '12.0 oz.', 'empty', 'empty', '392', 'Santa Fe Brewing Company', 'Santa Fe']
['1815', '305', 'Imperial Java Stout', 'Russian Imperial Stout', '12.0 oz.', '0.08%', 'empty', '392', 'Santa Fe Brewing Company', 'Santa Fe']
['1816', '304', 'Freestyle Pilsner', 'German Pilsener', '12.0 oz.', '0.055', 'empty', '392', 'Santa Fe Brewing Company', 'Santa Fe']
['1817', '217', 'Happy Camper IPA', 'American IPA', '12.0 oz.', '0.066', 'empty', '392', 'Santa Fe Brewing Company', 'Santa Fe']
['1819', '1503', 'Oak Aged Cider', 'Cider', '12.0 oz', '0.065', 'empty', '394', 'Schilling & Company', 'Seattle']
['1820', '1466', 'Ginger Cider', 'Cider', '12.0 oz.', '0.07%', 'empty', '394', 'Schilling & Company', 'Seattle']
['1821', '1245', 'Schilling Hard Cider', 'Cider', '12.0 oz.', '0.065', 'empty', '394', 'Schilling & Company', 'Seattle']
['1823', '1323', 'Schlafly Black Lager', 'Schwarzbier', '12.0 oz.', '0.05', 'empty', '428', 'Schlafly Brewing Company', 'Saint Louis']
['1828', '815', 'Sea Dog Wild Blueberry Wheat Ale', 'Fruit / Vegetable Beer', '12.0 oz.', '0.047', 'empty', '502', 'Sea Dog Brewing Company', 'Portland']
['1830', '1416', 'Dry Cider', 'Cider', '16.0 oz', '0.065', 'empty', '411', 'Seattle Cider Company', 'Seattle']
['1831', '1415', 'Dry Hard Cider', 'Cider', '16.0 oz', '0.065', 'empty', '411', 'Seattle Cider Company', 'Seattle']
['1839', '2368', 'Black Hop IPA', 'American Black Ale', '12.0 oz.', '0.068', 'empty', '130', 'Shebeen Brewing Company', 'Wolcott']
['1840', '738', "Archer's Ale (2004)", 'English Pale Ale', '12.0 ounce', '0.05', 'empty', '511', 'Sherwood Forest Brewers', 'Marlborough']
['1842', '975', 'Shipyard Summer Ale', 'American Pale Wheat Ale', '12.0 oz', '0.051', 'empty', '385', 'Shipyard Brewing Company', 'Portland']
['1843', '814', 'Pumpkinhead Ale', 'Pumpkin Ale', '12.0 oz.', '0.047', 'empty', '385', 'Shipyard Brewing Company', 'Portland']
['1844', '727', 'Shipyard Export', 'American Blonde Ale', '12.0 oz.', '0.051', 'empty', '385', 'Shipyard Brewing Company', 'Portland']
['1845', '2474', 'Nooner', 'German Pilsener', '12.0 ounce', '0.052', 'empty', '83', 'Sierra Nevada Brewing Company', 'Chico']
['1847', '1919', 'Yonder Bock', 'Maibock / Helles Bock', '12.0 oz.', '0.06', 'empty', '83', 'Sierra Nevada Brewing Company', 'Chico']
['1848', '1918', 'CANfusion Rye Bock', 'Rye Beer', '12.0 oz.', '0.06', 'empty', '83', 'Sierra Nevada Brewing Company', 'Chico']
['1854', '2353', 'Sietsema Red Label', 'Cider', '16.0 oz', '0.07%', 'empty', '137', 'Sietsema Orchards and Cider Mill', 'Ada']
['1855', '212', 'Bear Ass Brown', 'American Brown Ale', '12.0 oz.', '0.04%', 'empty', '551', 'Silverton Brewery', 'Silverton']
['1856', '161', 'Red Mountain Ale', 'American Amber / Red Ale', '12.0 oz.', '0.06', 'empty', '551', 'Silverton Brewery', 'Silverton']
['1857', '160', 'Ice Pick Ale', 'American IPA', '12.0 oz', '0.07%', 'empty', '551', 'Silverton Brewery', 'Silverton']
['1860', '2443', 'Abigale', 'Belgian Pale Ale', '12.0 OZ.', '0.08', 'empty', '46', 'Sixpoint Craft Ales', 'Brooklyn']
['1882', '1942', 'Rudie Session IPA', 'American IPA', '12.0 oz', '0.045', 'empty', '264', 'Ska Brewing Company', 'Durango']
['1883', '1708', "Taster's Choice", 'Doppelbock', '12.0 oz', '0.074', 'empty', '264', 'Ska Brewing Company', 'Durango']
['1886', '1192', 'Vernal Minthe Stout', 'American Stout', '12.0 oz.', '0.058', 'empty', '264', 'Ska Brewing Company', 'Durango']
['1887', '1013', 'Hibernal Vinifera Stout', 'Foreign / Export Stout', '12.0 oz', '0.08', 'empty', '264', 'Ska Brewing Company', 'Durango']
['1888', '774', 'Autumnal Molé Stout', 'American Stout', '12.0 oz.', 'empty', 'empty', '264', 'Ska Brewing Company', 'Durango']
['1890', '70', 'True Blonde Ale', 'American Blonde Ale', '12.0 oz.', '0.053', 'empty', '264', 'Ska Brewing Company', 'Durango']
['1891', '69', 'Euphoria Pale Ale', 'American Pale Ale (APA)', '12.0 oz', '0.061', 'empty', '264', 'Ska Brewing Company', 'Durango']
['1896', '2537', 'Monkey Dancing On A Razor Blade', 'Belgian IPA', '24.0 ounce', '0.085', 'empty', '64', 'SlapShot Brewing Company', 'Chicago']
['1897', '2536', 'Tripel Deke', 'Tripel', '24.0 ounce', '0.082', 'empty', '64', 'SlapShot Brewing Company', 'Chicago']
['1898', '30', 'Urban Wilderness Pale Ale', 'English Pale Ale', '12.0 ounce', '0.05%', 'empty', '557', 'Sleeping Lady Brewing Company', 'Anchorage']
['1902', '1211', '360° India Pale Ale', 'American IPA', '12.0 oz.', '0.06%', 'empty', '371', 'Sly Fox Brewing Company', 'Pottstown']
['1915', '2234', 'Monarch Pilsner', 'American Pilsner', '12.0 ounce', '0.05', 'empty', '191', 'Snake River Brewing Company', 'Jackson']
['1922', '1798', 'Thanksgiving Ale', 'K?lsch', '12.0 ounce', '0.05', 'empty', '309', 'Sockeye Brewing Company', 'Boise']
['1923', '1655', 'Double Dagger Imperial IPA', 'American Double / Imperial IPA', '12.0 oz. Alumi-Tek', '0.092', 'empty', '309', 'Sockeye Brewing Company', 'Boise']
['1926', '1482', 'Socktoberfest', 'M?rzen / Oktoberfest', '16.0 oz', '0.06%', 'empty', '309', 'Sockeye Brewing Company', 'Boise']
['1927', '1447', 'Hopnoxious Imperial IPA', 'American Double / Imperial IPA', '12.0 oz', '0.079', 'empty', '309', 'Sockeye Brewing Company', 'Boise ID']
['1928', '1425', 'Barrel Aged Seven Devils Imperial Stout', 'American Double / Imperial Stout', '12.0 OZ.', '0.099', 'empty', '309', 'Sockeye Brewing Company', 'Boise']
['1929', '1424', 'Boise Co-Op Two Score Ale', 'Saison / Farmhouse Ale', '16.0 oz.', '0.06%', 'empty', '309', 'Sockeye Brewing Company', 'Boise']
['1930', '1298', 'Sockeye Belgian Style Summer Ale', 'Witbier', '16.0 oz', '0.05', 'empty', '309', 'Sockeye Brewing Company', 'Boise']
['1931', '1181', 'Sockeye Maibock', 'Maibock / Helles Bock', '12.0 oz', '0.064', 'empty', '309', 'Sockeye Brewing Company', 'Boise']
['1933', '1152', 'Galena Golden', 'American Blonde Ale', '12.0 oz. Alumi-Tek', '0.04%', 'empty', '309', 'Sockeye Brewing Company', 'Boise ID']
['1936', '1076', 'Power House Porter', 'American Porter', '12.0 OZ.', '0.06%', 'empty', '309', 'Sockeye Brewing Company', 'Boise']
['1941', '1970', '6 String Saison', 'Saison / Farmhouse Ale', '16.0 oz.', '0.08', 'empty', '257', 'South Austin Brewery', 'South Austin']
['1943', '2024', 'Montauk Light', 'Light Lager', '12.0 oz.', '0.04%', 'empty', '249', 'Southampton Publick House', 'Southampton']
['1956', '2267', 'Walloon', 'Saison / Farmhouse Ale', '12.0 ounce', '0.055', 'empty', '118', 'Southern Star Brewing Company', 'Conroe TX']
['1964', '691', 'Walloon (2014)', 'Saison / Farmhouse Ale', '12.0 ounce', '0.055', 'empty', '118', 'Southern Star Brewing Company', 'Conroe']
['1970', '763', 'Hopluia (2004)', 'English India Pale Ale (IPA)', '16.0 oz', 'empty', 'empty', '508', 'Spilker Ales', 'Cortland']
['1971', '2271', 'Ball & Chain (2014)', 'American Pale Ale (APA)', '16.0 oz', '0.058', 'empty', '175', 'Spiteful Brewing Company', 'Chicago']
['1972', '2206', 'Bitter Biker Double IPA', 'American Double / Imperial IPA', '16.0 oz.', '0.096', 'empty', '175', 'Spiteful Brewing Company', 'Chicago']
['1973', '2136', 'God Damn Pigeon Porter', 'American Porter', '16.0 OZ.', '0.082', 'empty', '175', 'Spiteful Brewing Company', 'Chicago']
['1974', '2135', 'Working for the Weekend', 'American Double / Imperial IPA', '16.0 oz', '0.08%', 'empty', '175', 'Spiteful Brewing Company', 'Chicago']
['1975', '2134', 'Angry Adam', 'American Amber / Red Ale', '16.0 oz.', '0.06', 'empty', '175', 'Spiteful Brewing Company', 'Chicago']
['1976', '2109', 'Freedom Fries', 'American Stout', '16.0 oz.', '0.055', 'empty', '175', 'Spiteful Brewing Company', 'Chicago']
['1977', '1821', 'Bitter Biker Double IPA', 'American Double / Imperial IPA', '12.0 oz', '0.10%', 'empty', '175', 'Spiteful Brewing Company', 'Chicago']
['1978', '1820', 'Ghost Bike Pale Ale', 'American Pale Ale (APA)', '16.0 OZ.', '0.073', 'empty', '175', 'Spiteful Brewing Company', 'Chicago']
['1979', '1819', 'Spiteful IPA', 'American IPA', '12.0 oz.', '0.06%', 'empty', '175', 'Spiteful Brewing Company', 'Chicago']
['1980', '1634', 'Alley Time', 'American Pale Ale (APA)', '12.0 oz.', '0.06', 'empty', '175', 'Spiteful Brewing Company', 'Chicago IL']
['1981', '1633', 'Fat Badger', 'Irish Red Ale', '12.0 oz', '0.058', 'empty', '175', 'Spiteful Brewing Company', 'Chicago']
['1982', '1632', 'In the Weeds', 'American Pale Wheat Ale', '12.0 oz.', '0.055', 'empty', '175', 'Spiteful Brewing Company', 'Chicago']
['1985', '1587', 'Seven Gates Pale Ale', 'American Pale Ale (APA)', '12.0 oz', '0.056', 'empty', '372', 'Spring House Brewing Company', 'Conestoga']
['1986', '2242', 'Gunga Din', 'Cider', '16.0 oz', '0.052', 'empty', '186', 'St. Julian Winery', 'Paw Paw']
['2004', '1450', "St. Benedict's Winter Ale", 'Winter Warmer', '12.0 oz.', '0.062', 'empty', '131', 'Stevens Point Brewery', 'Stevens Point']
['2009', '684', 'Drop Dead Blonde', 'American Blonde Ale', '12.0 oz', '0.035', 'empty', '131', 'Stevens Point Brewery', 'Stevens Point']
['2018', '1983', 'Brontide', 'American Black Ale', '12.0 OZ.', '0.05', 'empty', '255', 'Stillwater Artisanal Ales', 'Baltimore']
['2019', '1631', 'Brontide', 'American Black Ale', '12.0 oz.', '0.05', 'empty', '255', 'Stillwater Artisanal Ales', 'Baltimore']
['2020', '1344', 'Classique', 'Saison / Farmhouse Ale', '12.0 ounce', '0.045', 'empty', '255', 'Stillwater Artisanal Ales', 'Baltimore MD']
['2021', '922', 'Sunsplash Golden Ale (2004)', 'American Blonde Ale', '12.0 oz', '0.045', 'empty', '492', 'Stone Coast Brewing Company', 'Portland']
['2025', '2369', 'Straub Beer (Current)', 'American Adjunct Lager', '12.0 oz', '0.05', 'empty', '129', 'Straub Brewery', "St Mary's"]
['2034', '2215', 'Java Mac', 'Scottish Ale', '16.0 ounce', '0.054', 'empty', '25', 'Sun King Brewing Company', 'Indianapolis']
['2045', '1948', '30 Min Coma', 'Belgian IPA', '16.0 ounce', 'empty', 'empty', '25', 'Sun King Brewing Company', 'Indianapolis IN']
['2052', '1347', 'Bourbon Barrel Cowbell', 'American Porter', '16.0 OZ.', 'empty', 'empty', '25', 'Sun King Brewing Company', 'Indianapolis']
['2053', '1314', 'Popcorn Pilsner', 'German Pilsener', '16.0 ounce', '0.054', 'empty', '25', 'Sun King Brewing Company', 'Indianapolis']
['2057', '934', 'The Deuce', 'American Brown Ale', '16.0 oz', '0.07%', 'empty', '25', 'Sun King Brewing Company', 'Indianapolis']
['2062', '660', 'Chaka', 'Belgian Strong Pale Ale', '16.0 oz', '0.08', 'empty', '25', 'Sun King Brewing Company', 'Indianapolis']
['2071', '1207', 'Dam Lager', 'American Amber / Red Lager', '12.0 OZ.', '0.045', 'empty', '455', 'Sunken City Brewing Company', 'Hardy']
['2072', '1206', 'Red Clay IPA', 'American IPA', '12.0 ounce', '0.07', 'empty', '455', 'Sunken City Brewing Company', 'Hardy']
['2073', '2543', 'Todd the Axe Man', 'American IPA', '16.0 oz.', '0.07%', 'empty', '61', 'Surly Brewing Company', 'Brooklyn Center']
['2074', '2409', 'Doomtree', 'Extra Special / Strong Bitter (ESB)', '16.0 oz.', '0.057', 'empty', '61', 'Surly Brewing Company', 'Brooklyn Center MN']
['2091', '1554', 'Bermuda Triangle Ginger Beer', 'Herbed / Spiced Beer', '12.0 OZ.', '0.045', 'empty', '381', 'Swashbuckler Brewing Company', 'Manheim']
['2093', '2551', 'Waterkeeper', 'Hefeweizen', '12.0 oz.', '0.06%', 'empty', '49', 'SweetWater Brewing Company', 'Atlanta']
['2094', '1710', 'SweetWater IPA', 'American IPA', '12.0 oz.', '0.06%', 'empty', '49', 'SweetWater Brewing Company', 'Atlanta']
['2095', '1709', '420 Extra Pale Ale', 'American Pale Ale (APA)', '12.0 oz.', '0.054', 'empty', '49', 'SweetWater Brewing Company', 'Atlanta']
['2097', '1164', 'TailGate Saison', 'Saison / Farmhouse Ale', '12.0 oz.', '0.05%', 'empty', '449', 'TailGate Beer', 'San Diego']
['2114', '595', '8-Bit Pale Ale', 'American Pale Ale (APA)', '16.0 oz.', '0.052', 'empty', '45', 'Tallgrass Brewing Company', 'Manhattan']
['2115', '537', 'Velvet Rooster', 'Tripel', '16.0 OZ.', '0.085', 'empty', '45', 'Tallgrass Brewing Company', 'Manhattan']
['2122', '1433', 'Hat Trick Hop IPA', 'American IPA', '16.0 oz. Alumi-Tek', '0.068', 'empty', '409', 'Tamarack Brewing Company', 'Lakeside']
['2123', '1432', 'Yard Sale Amber Ale', 'American Amber / Red Ale', '16.0 oz.', '0.06%', 'empty', '409', 'Tamarack Brewing Company', 'Lakeside']
['2124', '936', 'Loafin Br?u', 'Altbier', '16.0 oz.', '0.055', 'empty', '490', 'Tampa Bay Brewing Company', 'Tampa']
['2127', '2448', 'Reactor', 'American IPA', '16.0 oz.', '0.07%', 'empty', '7', 'Tapistry Brewing', 'Bridgman']
['2128', '2447', 'Mr. Orange', 'Witbier', '16.0 oz', '0.057', 'empty', '7', 'Tapistry Brewing', 'Bridgman']
['2130', '973', 'Face Down Brown Ale', 'American Brown Ale', '12.0 ounce', '0.057', 'empty', '480', 'Telluride Brewing Company', 'Telluride']
['2131', '827', 'Tempter IPA', 'American IPA', '12.0 oz.', '0.064', 'empty', '480', 'Telluride Brewing Company', 'Telluride']
['2132', '589', 'Bridal Veil Rye Pale Ale', 'American Pale Ale (APA)', '12.0 oz.', '0.055', 'empty', '480', 'Telluride Brewing Company', 'Telluride']
['2133', '2155', 'Smittytown', 'Extra Special / Strong Bitter (ESB)', '12.0 oz.', '0.05%', 'empty', '210', 'Temperance Beer Company', 'Evanston IL']
['2134', '1982', 'Greenwood Beach', 'Fruit / Vegetable Beer', '12.0 oz. Alumi-Tek', '0.04%', 'empty', '210', 'Temperance Beer Company', 'Evanston']
['2135', '1939', 'Gatecrasher', 'English India Pale Ale (IPA)', '12.0 ounce', '0.066', 'empty', '210', 'Temperance Beer Company', 'Evanston']
['2141', '1916', 'Petit Mutant', 'American Wild Ale', '16.0 oz', '0.06', 'empty', '272', 'The Alchemist', 'Waterbury']
['2142', '1915', 'The Crusher', 'American Double / Imperial IPA', '16.0 oz.', '0.10%', 'empty', '272', 'The Alchemist', 'Waterbury']
['2143', '1914', 'Beelzebub', 'American Double / Imperial Stout', '16.0 oz.', '0.08', 'empty', '272', 'The Alchemist', 'Waterbury']
['2144', '1810', 'Focal Banger', 'American IPA', '16.0 oz.', '0.07', 'empty', '272', 'The Alchemist', 'Waterbury VT']
['2151', '1945', 'Birdhouse Pale Ale', 'Belgian Pale Ale', '12.0 ounce', '0.05', 'empty', '262', "The Brewer's Art", 'Baltimore']
['2152', '1079', 'Ozzy', 'Belgian Pale Ale', '12.0 oz', '0.073', 'empty', '262', "The Brewer's Art", 'Baltimore']
['2153', '94', 'Resurrection', 'Dubbel', '12.0 oz', '0.07%', 'empty', '262', "The Brewer's Art", 'Baltimore']
['2158', '2035', 'Kolschtal Eddy', 'K?lsch', '16.0 oz.', '0.06%', 'empty', '33', "The Dudes' Brewing Company", 'Torrance']
['2159', '2034', 'South Bay Session IPA', 'American IPA', '16.0 oz', '0.05', 'empty', '33', "The Dudes' Brewing Company", 'Torrance']
['2163', '2455', 'Lionshead', 'American Pilsner', '12.0 oz. Alumi-Tek', '0.045', 'empty', '90', 'The Lion Brewery', 'Wilkes-Barre']
['2164', '963', 'Manhattan Gold Lager (1990)', 'American Amber / Red Lager', '12.0 ounce', 'empty', 'empty', '484', 'The Manhattan Brewing Company', 'New York']
['2165', '2638', 'G. B. Russo’s Italian Pistachio Pale Ale', 'American Pale Ale (APA)', '16.0 oz.', '0.052', 'empty', '9', 'The Mitten Brewing Company', 'Grand Rapids']
['2166', '1278', 'Northern Hawk Owl Amber', 'American Amber / Red Ale', '12.0 OZ.', '0.058', 'empty', '438', 'The Right Brain Brewery', 'Traverse City']
['2167', '1277', 'CEO Stout', 'American Stout', '16.0 oz.', '0.059', 'empty', '438', 'The Right Brain Brewery', 'Traverse City']
['2168', '1276', 'Will Power Pale Ale', 'American Pale Ale (APA)', '16.0 oz.', '0.047', 'empty', '438', 'The Right Brain Brewery', 'Traverse City']
['2169', '1732', 'Curious Traveler Shandy', 'Shandy', '12.0 oz.', '0.044', 'empty', '334', 'The Traveler Beer Company', 'Burlington']
['2171', '1781', 'Three Way Pale Ale', 'American Pale Ale (APA)', '12.0 oz', '0.05%', 'empty', '142', 'Third Street Brewhouse', 'Cold Spring']
['2172', '1780', 'Rise to the Top', 'Cream Ale', '12.0 oz', '0.04%', 'empty', '142', 'Third Street Brewhouse', 'Cold Spring']
['2173', '1779', 'Lost Trout Brown Ale', 'American Brown Ale', '12.0 ounce', '0.049', 'empty', '142', 'Third Street Brewhouse', 'Cold Spring']
['2184', '1889', 'Leatherhead Red', 'American Amber / Red Ale', '12.0 ounce', '0.052', 'empty', '282', 'Thunderhead Brewing Company', 'Kearney']
['2185', '1222', 'Cropduster Mid-American IPA', 'American IPA', '12.0 oz', '0.07%', 'empty', '282', 'Thunderhead Brewing Company', 'Kearney']
['2186', '122', 'Golden Frau Honey Wheat', 'Braggot', '12.0 oz', '0.075', 'empty', '282', 'Thunderhead Brewing Company', 'Kearney']
['2187', '121', 'Cornstalker Dark Wheat', 'American Dark Wheat Ale', '12.0 oz', 'empty', 'empty', '282', 'Thunderhead Brewing Company', 'Kearney NE']
['2191', '1817', 'Klingon Warnog Roggen Dunkel', 'Roggenbier', '16.0 OZ.', '0.06%', 'empty', '17', 'Tin Man Brewing Company', 'Evansville']
['2197', '2321', 'Turnrow Harvest Ale', 'American Blonde Ale', '12.0 ounce', '0.055', 'empty', '152', 'Tin Roof Brewing Company', 'Baton Rouge']
['2206', '1027', 'Big Island Shandy', 'Shandy', '16.0 oz.', '0.05', 'empty', '474', 'Tonka Beer Company', 'Minnetonka']
['2207', '1026', 'Preservation IPA', 'American IPA', '16.0 oz.', '0.068', 'empty', '474', 'Tonka Beer Company', 'Minnetonka']
['2209', '1937', 'Milk Mustachio Stout', 'Milk / Sweet Stout', '12.0 oz', '0.07%', 'empty', '265', 'Tractor Brewing Company', 'Albuquerque']
['2211', '594', 'Triangle India Pale Ale', 'American IPA', '12.0 oz.', '0.057', 'empty', '524', 'Triangle Brewing Company', 'Durham']
['2212', '114', 'Triangle White Ale', 'Witbier', '12.0 ounce', '0.05', 'empty', '524', 'Triangle Brewing Company', 'Durham']
['2213', '113', 'Triangle Belgian Golden Ale', 'Belgian Strong Pale Ale', '12.0 ounce', '0.08%', 'empty', '524', 'Triangle Brewing Company', 'Durham']
['2214', '2445', 'Troegenator', 'Doppelbock', '16.0 ounce', '0.082', 'empty', '97', 'Tr?egs Brewing Company', 'Hershey']
['2228', '1438', 'Presidential Pils', 'Czech Pilsener', '12.0 ounce', '0.048', 'empty', '190', 'Two Beers Brewing Company', 'Seattle']
['2235', '451', 'Panorama Wheat Ale', 'American Pale Wheat Ale', '12.0 ounce', '0.046', 'empty', '190', 'Two Beers Brewing Company', 'Seattle']
['2242', '1041', 'Testudo', 'Bière de Garde', '12.0 ounce', '0.045', 'empty', '74', 'Two Brothers Brewing Company', 'Warrenville']
['2243', '1040', 'Hobnob B & B Pale Ale', 'American Pale Ale (APA)', '12.0 ounce', '0.065', 'empty', '74', 'Two Brothers Brewing Company', 'Warrenville']
['2245', '642', 'Outlaw IPA (2015)', 'American IPA', '12.0 OZ.', '0.07%', 'empty', '74', 'Two Brothers Brewing Company', 'Warrenville']
['2246', '2037', 'The Gilded Age', 'Munich Helles Lager', '12.0 oz', '0.045', 'empty', '243', 'Two Henrys Brewing Company', 'Plant City']
['2247', '1285', 'No Limits Hefeweizen', 'Hefeweizen', '16.0 oz.', '0.05', 'empty', '435', 'Two Roads Brewing Company', 'Stratford']
['2248', '1189', 'Honeyspot Road White IPA', 'American White IPA', '12.0 oz', '0.06', 'empty', '435', 'Two Roads Brewing Company', 'Stratford']
['2249', '1171', 'Road 2 Ruin Double IPA', 'American Double / Imperial IPA', '12.0 oz.', '0.072', 'empty', '435', 'Two Roads Brewing Company', 'Stratford']
['2250', '1170', 'Workers Comp Saison', 'Saison / Farmhouse Ale', '12.0 oz', '0.05%', 'empty', '435', 'Two Roads Brewing Company', 'Stratford']
['2251', '1169', "Ol' Factory Pils", 'German Pilsener', '12.0 ounce', '0.05%', 'empty', '435', 'Two Roads Brewing Company', 'Stratford']
['2261', '98', 'Pilsner Ukiah', 'German Pilsener', '12.0 ounce', '0.055', 'empty', '555', 'Ukiah Brewing Company', 'Ukiah']
['2264', '1704', "Uncle John's Apple Cherry Cider", 'Cider', '16.0 ounce', '0.065', 'empty', '338', "Uncle John's Fruit House Winery", "St. John's"]
['2265', '1703', "Uncle John's Apricot Apple Cider", 'Cider', '16.0 ounce', '0.07%', 'empty', '338', "Uncle John's Fruit House Winery", "St. John's"]
['2266', '877', 'Draught Hard Apple Cider', 'Cider', '16.0 oz', '0.065', 'empty', '338', "Uncle John's Fruit House Winery", "St. John's"]
['2267', '606', 'Scotty K NA', 'Low Alcohol Beer', '16.0 ounce', '0.00%', 'empty', '522', 'Uncommon Brewers', 'Santa Cruz']
['2268', '543', 'Bacon Brown Ale', 'American Brown Ale', '16.0 oz', '0.07%', 'empty', '522', 'Uncommon Brewers', 'Santa Cruz']
['2269', '347', 'Golden State Ale', 'Belgian Pale Ale', '16.0 oz.', '0.064', 'empty', '522', 'Uncommon Brewers', 'Santa Cruz']
['2270', '346', 'Baltic Porter', 'Baltic Porter', '16.0 oz.', '0.078', 'empty', '522', 'Uncommon Brewers', 'Santa Cruz']
['2271', '25', 'Siamese twin', 'Dubbel', '16.0 OZ.', '0.085', 'empty', '522', 'Uncommon Brewers', 'Santa Cruz CA']
['2274', '829', 'Duckpin Pale Ale', 'American Pale Ale (APA)', '12.0 oz', '0.055', 'empty', '71', 'Union Craft Brewing', 'Baltimore']
['2275', '582', 'Balt Altbier', 'Altbier', '12.0 oz.', '0.06', 'empty', '71', 'Union Craft Brewing', 'Baltimore']
['2278', '1950', 'Dragonfly IPA', 'American IPA', '16.0 oz.', '0.06', 'empty', '202', 'Upland Brewing Company', 'Bloomington']
['2279', '2565', 'Lee Hill Series Vol. 5 - Belgian Style Quadrupel Ale', 'Quadrupel (Quad)', '19.2 oz.', '0.13%', 'empty', '51', 'Upslope Brewing Company', 'Boulder']
['2280', '2564', 'Lee Hill Series Vol. 4 - Manhattan Style Rye Ale', 'Rye Beer', '19.2 oz', '0.10%', 'empty', '51', 'Upslope Brewing Company', 'Boulder']
['2283', '2561', 'Lee Hill Series Vol. 1 - Barrel Aged Brown Ale', 'American Brown Ale', '19.2 OZ.', '0.076', 'empty', '51', 'Upslope Brewing Company', 'Boulder']
['2284', '2560', 'Blood Orange Saison', 'Saison / Farmhouse Ale', '12.0 oz.', '0.06', 'empty', '51', 'Upslope Brewing Company', 'Boulder']
['2288', '907', 'Upslope Christmas Ale', 'Winter Warmer', '16.0 oz.', '0.082', 'empty', '51', 'Upslope Brewing Company', 'Boulder']
['2289', '906', 'Upslope Pumpkin Ale', 'Pumpkin Ale', '16.0 ounce', '0.077', 'empty', '51', 'Upslope Brewing Company', 'Boulder']
['2291', '614', 'Upslope Foreign Style Stout', 'Foreign / Export Stout', '12.0 oz.', '0.07%', 'empty', '51', 'Upslope Brewing Company', 'Boulder']
['2294', '345', 'Upslope Brown Ale', 'English Brown Ale', '12.0 oz', '0.067', 'empty', '51', 'Upslope Brewing Company', 'Boulder CO']
['2295', '80', 'Upslope Pale Ale', 'American Pale Ale (APA)', '12.0 oz.', '0.058', 'empty', '51', 'Upslope Brewing Company', 'Boulder']
['2296', '79', 'Upslope India Pale Ale', 'American IPA', '12.0 ounce', '0.072', 'empty', '51', 'Upslope Brewing Company', 'Boulder']
['2299', '1826', 'Squatters Full Suspension Pale Ale', 'American Pale Ale (APA)', '12.0 oz.', '0.04%', 'empty', '302', 'Utah Brewers Cooperative', 'Salt Lake City']
['2301', '1824', 'Devastator Double Bock', 'Doppelbock', '12.0 oz. Alumi-Tek', '0.08%', 'empty', '302', 'Utah Brewers Cooperative', 'Salt Lake City']
['2302', '1823', 'Wasatch Ghostrider White IPA', 'American White IPA', '12.0 ounce', '0.06', 'empty', '302', 'Utah Brewers Cooperative', 'Salt Lake City']
['2303', '1682', 'Wasatch Ghostrider White IPA (2014)', 'American White IPA', '12.0 oz.', '0.06', 'empty', '302', 'Utah Brewers Cooperative', 'Salt Lake City']
['2304', '1681', 'Wasatch Apricot Hefeweizen', 'Fruit / Vegetable Beer', '12.0 ounce', '0.04', 'empty', '302', 'Utah Brewers Cooperative', 'Salt Lake City']
['2306', '1679', 'Squatters Full Suspension Pale Ale', 'American Pale Ale (APA)', '12.0 ounce', '0.04', 'empty', '302', 'Utah Brewers Cooperative', 'Salt Lake City']
['2307', '2245', 'Nunica Pine', 'Cider', '16.0 oz.', '0.068', 'empty', '185', 'Vander Mill Ciders', 'Spring Lake']
['2308', '2244', 'Ginger Peach', 'Cider', '16.0 oz.', '0.069', 'empty', '185', 'Vander Mill Ciders', 'Spring Lake']
['2309', '1378', 'Totally Roasted', 'Cider', '16.0 ounce', '0.07%', 'empty', '185', 'Vander Mill Ciders', 'Spring Lake']
['2310', '1377', 'Blue Gold', 'Cider', '16.0 OZ.', '0.068', 'empty', '185', 'Vander Mill Ciders', 'Spring Lake']
['2311', '1376', 'Hard Apple', 'Cider', '16.0 oz', '0.068', 'empty', '185', 'Vander Mill Ciders', 'Spring Lake']------------------------------------------------------------
执行时间: 0.22 秒
执行状态: 成功
集成大小: 0
真值使用成本: 2410

============================================================
调用统一测评模块 getScoreML
============================================================
2026-01-29 18:47:29.053685: W tensorflow/compiler/xla/stream_executor/platform/default/dso_loader.cc:64] Could not load dynamic library 'libnvinfer.so.7'; dlerror: libnvinfer.so.7: cannot open shared object file: No such file or directory
2026-01-29 18:47:29.053745: W tensorflow/compiler/xla/stream_executor/platform/default/dso_loader.cc:64] Could not load dynamic library 'libnvinfer_plugin.so.7'; dlerror: libnvinfer_plugin.so.7: cannot open shared object file: No such file or directory
2026-01-29 18:47:29.053752: W tensorflow/compiler/tf2tensorrt/utils/py_utils.cc:38] TF-TRT Warning: Cannot dlopen some TensorRT libraries. If you would like to use Nvidia GPU with TensorRT, please make sure the missing libraries mentioned above are installed properly.
/home/qianzekai/Clean4MLBaseline/tools/getScore.py:244: RuntimeWarning: invalid value encountered in long_scalars
  accuracy = total_true_positives / (total_true_positives + total_false_positives)
/home/qianzekai/miniconda3/envs/multibaseline/lib/python3.7/site-packages/sklearn/metrics/_classification.py:1245: UndefinedMetricWarning: Precision is ill-defined and being set to 0.0 in labels with no predicted samples. Use `zero_division` parameter to control this behavior.
  _warn_prf(average, modifier, msg_start, len(result))
/home/qianzekai/miniconda3/envs/multibaseline/lib/python3.7/site-packages/sklearn/metrics/_classification.py:1245: UndefinedMetricWarning: Recall is ill-defined and being set to 0.0 in labels with no true samples. Use `zero_division` parameter to control this behavior.
  _warn_prf(average, modifier, msg_start, len(result))
/home/qianzekai/miniconda3/envs/multibaseline/lib/python3.7/site-packages/sklearn/metrics/_classification.py:1245: UndefinedMetricWarning: Precision is ill-defined and being set to 0.0 in labels with no predicted samples. Use `zero_division` parameter to control this behavior.
  _warn_prf(average, modifier, msg_start, len(result))
/home/qianzekai/miniconda3/envs/multibaseline/lib/python3.7/site-packages/sklearn/metrics/_classification.py:1245: UndefinedMetricWarning: Recall is ill-defined and being set to 0.0 in labels with no true samples. Use `zero_division` parameter to control this behavior.
  _warn_prf(average, modifier, msg_start, len(result))
/home/qianzekai/miniconda3/envs/multibaseline/lib/python3.7/site-packages/sklearn/metrics/_classification.py:1245: UndefinedMetricWarning: Precision is ill-defined and being set to 0.0 in labels with no predicted samples. Use `zero_division` parameter to control this behavior.
  _warn_prf(average, modifier, msg_start, len(result))
/home/qianzekai/miniconda3/envs/multibaseline/lib/python3.7/site-packages/sklearn/metrics/_classification.py:1245: UndefinedMetricWarning: Precision is ill-defined and being set to 0.0 in labels with no predicted samples. Use `zero_division` parameter to control this behavior.
  _warn_prf(average, modifier, msg_start, len(result))
/home/qianzekai/miniconda3/envs/multibaseline/lib/python3.7/site-packages/sklearn/metrics/_classification.py:1245: UndefinedMetricWarning: Recall is ill-defined and being set to 0.0 in labels with no true samples. Use `zero_division` parameter to control this behavior.
  _warn_prf(average, modifier, msg_start, len(result))
/home/qianzekai/miniconda3/envs/multibaseline/lib/python3.7/site-packages/sklearn/metrics/_classification.py:1245: UndefinedMetricWarning: Precision is ill-defined and being set to 0.0 in labels with no predicted samples. Use `zero_division` parameter to control this behavior.
  _warn_prf(average, modifier, msg_start, len(result))
/home/qianzekai/miniconda3/envs/multibaseline/lib/python3.7/site-packages/sklearn/metrics/_classification.py:1245: UndefinedMetricWarning: Recall is ill-defined and being set to 0.0 in labels with no true samples. Use `zero_division` parameter to control this behavior.
  _warn_prf(average, modifier, msg_start, len(result))
/home/qianzekai/miniconda3/envs/multibaseline/lib/python3.7/site-packages/sklearn/metrics/_classification.py:1245: UndefinedMetricWarning: Precision is ill-defined and being set to 0.0 in labels with no predicted samples. Use `zero_division` parameter to control this behavior.
  _warn_prf(average, modifier, msg_start, len(result))
/home/qianzekai/miniconda3/envs/multibaseline/lib/python3.7/site-packages/sklearn/metrics/_classification.py:1245: UndefinedMetricWarning: Recall is ill-defined and being set to 0.0 in labels with no true samples. Use `zero_division` parameter to control this behavior.
  _warn_prf(average, modifier, msg_start, len(result))
[1;34m[18:47:29][0m[1;33m WARNING Snoopy may use all CPU cores! Set env. variable 'SNOOPY_LIMIT_CPU' to 'y' to limit CPU usage. [0m[1;34m(__init__ -> _init_tf_pytorch on MainThread)[0m
2026-01-29 18:47:29.571188: E tensorflow/compiler/xla/stream_executor/cuda/cuda_driver.cc:267] failed call to cuInit: CUDA_ERROR_NO_DEVICE: no CUDA-capable device is detected

['2312', '2411', 'Nitro Can Coffee Stout', 'American Stout', '12.0 ounce', '0.052', 'empty', '113', 'Vault Brewing Company', 'Yardley']
['2322', '1843', 'Strawberry White', 'Witbier', '12.0 OZ.', '0.047', 'empty', '295', 'Wachusett Brewing Company', 'Westminster']
['2324', '1038', 'Wachusett Summer', 'American Pale Wheat Ale', '12.0 OZ.', '0.047', 'empty', '295', 'Wachusett Brewing Company', 'Westminster']
['2330', '780', 'T-6 Red Ale (2004)', 'American Amber / Red Ale', '12.0 oz.', '0.047', 'empty', '506', 'Warbird Brewing Company', 'Fort Wayne']
['2333', '2222', '10 Ton', 'Oatmeal Stout', '16.0 oz.', '0.07', 'empty', '94', 'Warped Wing Brewing Company', 'Dayton']
['2334', '2221', "Flyin' Rye", 'American IPA', '16.0 oz.', '0.07', 'empty', '94', 'Warped Wing Brewing Company', 'Dayton']
['2335', '2439', 'Christmas Ale', 'Herbed / Spiced Beer', '12.0 oz.', '0.09%', 'empty', '100', 'West Sixth Brewing', 'Lexington']
['2336', '2356', 'Pay It Forward Cocoa Porter', 'American Porter', '12.0 oz.', '0.07', 'empty', '100', 'West Sixth Brewing', 'Lexington']
['2337', '1069', 'West Sixth Amber Ale', 'American Amber / Red Ale', '12.0 ounce', '0.055', 'empty', '100', 'West Sixth Brewing', 'Lexington']
['2338', '652', 'West Sixth IPA', 'American IPA', '12.0 oz.', 'empty', 'empty', '100', 'West Sixth Brewing', 'Lexington']
['2339', '1542', 'One Claw', 'American Pale Ale (APA)', '12.0 ounce', '0.055', 'empty', '384', 'Westbrook Brewing Company', 'Mt. Pleasant']
['2344', '1551', "Pop's Old Fashioned Lager", 'American Amber / Red Lager', '12.0 oz', '0.05%', 'empty', '351', 'Westfield River Brewing Company', 'Westfield']
['2346', '2364', 'Royal Lager', 'American Pale Lager', '16.0 ounce', 'empty', 'empty', '132', 'Weston Brewing Company', 'Weston']
['2347', '2348', 'Rip Van Winkle (Current)', 'Bock', '12.0 oz', '0.08%', 'empty', '132', 'Weston Brewing Company', 'Weston']
['2348', '2344', 'O’Malley’s Stout', 'English Stout', '12.0 ounce', 'empty', 'empty', '132', 'Weston Brewing Company', 'Weston']
['2350', '2342', 'O’Malley’s Irish Style Cream Ale', 'Cream Ale', '12.0 oz', 'empty', 'empty', '132', 'Weston Brewing Company', 'Weston']
['2352', '2340', 'Drop Kick Ale', 'American Amber / Red Ale', '12.0 oz', '0.05%', 'empty', '132', 'Weston Brewing Company', 'Weston']
['2353', '2573', 'Raspberry Berliner Weisse', 'Berliner Weissbier', '12.0 oz', '0.06%', 'empty', '47', 'White Birch Brewing', 'Hooksett']
['2354', '2572', 'Hop Session', 'American IPA', '12.0 oz.', '0.05', 'empty', '47', 'White Birch Brewing', 'Hooksett']
['2355', '2571', 'Blueberry Berliner Weisse', 'Berliner Weissbier', '12.0 oz.', '0.055', 'empty', '47', 'White Birch Brewing', 'Hooksett']
['2356', '2570', 'Berliner Weisse', 'Berliner Weissbier', '12.0 ounce', '0.06%', 'empty', '47', 'White Birch Brewing', 'Hooksett']
['2357', '1498', 'Super G IPA', 'American IPA', '16.0 ounce', '0.06', 'empty', '396', 'White Flame Brewing Company', 'Hudsonville']
['2362', '1618', 'Pumpkin Ale', 'Pumpkin Ale', '12.0 oz', '0.045', 'empty', '361', 'Wild Onion Brewing Company', 'Lake Barrington']
['2363', '1364', 'Big Bowl Blonde Ale', 'American Brown Ale', '12.0 ounce', '0.05', 'empty', '361', 'Wild Onion Brewing Company', 'Lake Barrington']
['2369', '334', 'Wild Onion Pumpkin Ale (2010)', 'Pumpkin Ale', '12.0 ounce', '0.05%', 'empty', '361', 'Wild Onion Brewing Company', 'Lake Barrington']
['2375', '826', 'Mystical Stout', 'Irish Dry Stout', '16.0 oz. Alumi-Tek', '0.05%', 'empty', '499', 'Wildwood Brewing Company', 'Stevensville']
['2376', '825', 'Bodacious Bock', 'Bock', '16.0 oz.', '0.075', 'empty', '499', 'Wildwood Brewing Company', 'Stevensville']
['2377', '813', 'Ambitious Lager', 'Munich Helles Lager', '16.0 oz.', '0.05', 'empty', '499', 'Wildwood Brewing Company', 'Stevensville MT']
['2378', '324', 'Wyoming Pale Ale', 'American Pale Ale (APA)', '16.0 ounce', '0.072', 'empty', '550', 'Wind River Brewing Company', 'Pinedale']
['2379', '323', 'Wind River Blonde Ale', 'American Blonde Ale', '16.0 oz', '0.05%', 'empty', '550', 'Wind River Brewing Company', 'Pinedale']
['2382', '2149', '#001 Golden Amber Lager', 'American Amber / Red Lager', '12.0 oz.', '0.06%', 'empty', '211', 'Wisconsin Brewing Company', 'Verona']
['2384', '2147', '#003 Brown & Robust Porter', 'American Porter', '12.0 oz.', '0.052', 'empty', '211', 'Wisconsin Brewing Company', 'Verona']
['2386', '2047', 'Tarasque', 'Saison / Farmhouse Ale', '12.0 oz', '0.06%', 'empty', '239', 'Wiseacre Brewing Company', 'Memphis']
['2390', '2626', 'Edward’s Portly Brown', 'American Brown Ale', '12.0 oz.', '0.05%', 'empty', '14', "Witch's Hat Brewing Company", 'South Lyon']
['2393', '822', 'Woodchuck Amber Hard Cider', 'Cider', '12.0 oz', '0.05', 'empty', '501', 'Woodchuck Hard Cider', 'Middlebury']
['2402', '1345', "Patty's Chile Beer", 'Chile Beer', '12.0 oz.', '0.042', 'empty', '424', 'Wynkoop Brewing Company', 'Denver']
['2403', '1316', 'Colorojo Imperial Red Ale', 'American Strong Ale', '12.0 oz', '0.08%', 'empty', '424', 'Wynkoop Brewing Company', 'Denver']
['2404', '1045', 'Wynkoop Pumpkin Ale', 'Pumpkin Ale', '12.0 oz.', '0.06%', 'empty', '424', 'Wynkoop Brewing Company', 'Denver']
['2405', '1035', 'Rocky Mountain Oyster Stout', 'American Stout', '12.0 oz.', '0.075', 'empty', '424', 'Wynkoop Brewing Company', 'Denver']
['2407', '807', 'Rail Yard Ale', 'American Amber / Red Ale', '12.0 oz. Alumi-Tek', '0.052', 'empty', '424', 'Wynkoop Brewing Company', 'Denver']
['2408', '620', 'B3K Black Lager', 'Schwarzbier', '12.0 oz.', '0.06%', 'empty', '424', 'Wynkoop Brewing Company', 'Denver']
['2410', '84', 'Rail Yard Ale (2009)', 'American Amber / Red Ale', '12.0 oz.', '0.052', 'empty', '424', 'Wynkoop Brewing Company', 'Denver']
['1052', '1615', 'The 12th Can??American Pale Ale (APA)', '16.0 oz. Alumi-Tek', '0.05%', '32', '362', "Hilliard's Beer", 'Seattle', 'WA']
['1555', '1796', 'The CROWLER??', '32.0 oz.', 'empty', 'empty', '166', 'Oskar Blues Brewery', 'Longmont', 'CO']
BoostClean执行出错: __init__() got an unexpected keyword argument 'vector_size'
======================================================================
Clean4MLBaseline 统一测评 - beers_boostclean
======================================================================

[1/5] 传统清洗指标
--------------------------------------------------
调试文件已保存到: results/boostclean/beers_boostclean/debug
修复准确率: nan, 修复召回率: 0.0, F1值: nan
========================================
错误减少率 (EDR): 0.0
========================================
混合距离 (Hybrid Distance): 0.0760326029991612
========================================
基于条目的错误减少率 (R-EDR): 0.0
========================================
numeric: Index(['id'], dtype='object')
categorical: Index(['beer_name', 'style', 'ounces', 'abv', 'ibu', 'brewery_id',
       'brewery_name', 'city', 'state'],
      dtype='object')
列级平均RMSE (数值列, 归一化): 0.000000
  id: 0.000000
列级平均F1 (类别列, weighted): 0.863271
  beer_name: 1.000000
  style: 0.999170
  ounces: 0.000415
  abv: 0.828261
  ibu: 1.000000
  brewery_id: 0.999585
  brewery_name: 1.000000
  city: 0.970079
  state: 0.971931
========================================

[2/5] 下游任务性能 (classification)
--------------------------------------------------
RF - Accuracy: 0.3672, F1: 0.3187, Precision: 0.3334, Recall: 0.3672
LR - Accuracy: 0.2261, F1: 0.1260, Precision: 0.0952, Recall: 0.2261
SVM - Accuracy: 0.2510, F1: 0.1583, Precision: 0.1338, Recall: 0.2510
KNN - Accuracy: 0.2075, F1: 0.1794, Precision: 0.1797, Recall: 0.2075
DT - Accuracy: 0.2780, F1: 0.2796, Precision: 0.2918, Recall: 0.2780
GB - Accuracy: 0.3174, F1: 0.2881, Precision: 0.2917, Recall: 0.3174

[3/5] 模型容忍度
--------------------------------------------------

容忍度计算结果:
  P_do_nothing (脏数据性能): 0.3797
  P_demand_clean (清洗后性能): 0.3797
  P_repair_all (完全修复性能): 0.3859
  先验容忍度 (Tolerance_prior): 1.0000
  后验容忍度 (Tolerance_post): 0.0000

[4/5] Snoopy上界评估
--------------------------------------------------
Snoopy模块可用，正在评估数据质量上界.../home/qianzekai/miniconda3/envs/multibaseline/lib/python3.7/site-packages/sklearn/model_selection/_split.py:668: UserWarning: The least populated class in y has only 1 members, which is less than n_splits=5.
  % (min_groups, self.n_splits)), UserWarning)
/home/qianzekai/miniconda3/envs/multibaseline/lib/python3.7/site-packages/sklearn/model_selection/_split.py:668: UserWarning: The least populated class in y has only 1 members, which is less than n_splits=5.
  % (min_groups, self.n_splits)), UserWarning)
/home/qianzekai/miniconda3/envs/multibaseline/lib/python3.7/site-packages/sklearn/model_selection/_split.py:668: UserWarning: The least populated class in y has only 1 members, which is less than n_splits=5.
  % (min_groups, self.n_splits)), UserWarning)
结果已保存到: results/boostclean/beers_boostclean
日志文件: results/boostclean/beers_boostclean/beers_boostclean.log
============================================================

  脏数据上界: 0.2606
  清洗后上界: 0.2606
  干净数据上界: 0.2581
  上界提升比例: -0.0000

[5/5] 真值使用成本
--------------------------------------------------
  方法类型: Type 2 (需验证集)
  实际真值使用: 2410
  理想最小成本: 0
  总修改单元格: 0
  正确修复: 0
  错误修复: 0

======================================================================
测评完成，结果已保存到: results/boostclean/beers_boostclean/beers_boostclean_report.txt
======================================================================
