============================================================
BoostClean 数据清洗
============================================================
脏数据: Data/har/dirty_index.csv
干净数据: Data/har/clean_index.csv
任务名称: har_boostclean_vzekai
Boosting轮数: 5
------------------------------------------------------------
['56', 'empty', '0.24055481', '8.35791']
['75', 'empty', '0.24888611', '8.09964']
['94', 'empty', '0.32148743', '8.288879']
['110', 'empty', '0.4143219', '8.192474']
['124', 'empty', '0.3655243', '8.142487']
['137', 'empty', '0.40361023', '5.109234777']
['160', 'empty', '0.26911926', '7.913971']
['327', 'empty', '0.28102112', '8.1996155']
['343', 'empty', '0.3072052', '8.068695']
['365', 'empty', '-0.801814065', '-0.656562518']
['367', 'empty', '0.32862854', '8.10202']
['422', 'empty', '0.20722961', '10.33706184']
['436', 'empty', '0.31077576', '8.255554']
['460', 'empty', '2.280785495', '8.191284']
['488', 'empty', '0.21913147', '8.124634']
['509', 'empty', '0.32148743', '8.160339']
['543', 'empty', '0.18818665', '8.197235']
['564', 'empty', '0.32505798', '12.0498761']
['569', 'empty', '0.33457947', '8.123444']
['572', 'empty', '0.31077576', '8.171051']
['647', 'empty', '0.27030945', '8.094879']
['688', 'empty', '0.26078796', '8.072266']
['737', 'empty', '0.24055481', '8.569999324']
['752', 'empty', '0.28578186', '8.192474']
['755', 'empty', '0.2584076', '8.160339']
['763', 'empty', '0.27983093', '8.223419']
['805', 'empty', '0.3809967', '8.16153']
['935', 'empty', '0.794178388', '8.274597']
['997', 'empty', '0.31672668', '8.1651']
['998', 'empty', '0.2750702', '8.174622']
['1034', 'empty', '0.30958557', '8.248413']
['1039', 'empty', '0.2834015', '8.135345']
['1058', 'empty', '0.2834015', '8.266266']
['1060', 'empty', '0.37028503', '8.204376']
['1075', 'empty', '0.2905426', '8.1996155']
['1082', 'empty', '0.30363464', '8.235321']
['1097', 'empty', '0.24888611', '8.198425']
['1173', 'empty', '0.2167511', '14.92791724']
['1174', 'empty', '0.26792908', '8.298401']
['1251', 'empty', '1.088491703', '8.284119']
['1260', 'empty', '0.2822113', '8.240082']
['1265', 'empty', '0.28935242', '8.209137']
['1267', 'empty', '0.27030945', '6.791044645']
['1288', 'empty', '0.27864075', '8.193665']
['1297', 'empty', '0.22984314', '8.285309']
['1304', 'empty', '0.34529114', '8.204376']
['1325', 'empty', '-1.985467068', '8.216278']
['1383', 'empty', '0.2834015', '8.209137']
['1543', 'empty', '0.27149963', '8.282928']
['1565', 'empty', '0.29292297', '8.265076']
['1614', 'empty', '0.26911926', '8.200806']
['1708', 'empty', '0.3072052', '8.177002']
['1709', 'empty', '0.2572174', '8.246033']
['1738', 'empty', '0.29292297', '8.254364']
['1830', 'empty', '0.3000641', '8.240082']
['1839', 'empty', '0.34648132', '8.246033']
['1840', 'empty', '0.27626038', '8.211517']
['1871', 'empty', '0.24531555', '8.240082']
['1882', 'empty', '0.26197815', '9.771246263']
['1951', 'empty', '1.274957632', '5.297420536']
['1957', 'empty', '0.24412537', '8.242462']
['1995', 'empty', '0.29292297', '8.216278']
['2013', 'empty', '0.32743835', '8.207947']
['2044', 'empty', '0.22984314', '8.234131']
['2045', 'empty', '0.26316833', '8.186523']
['2059', 'empty', '0.23460388', '8.254364']
['2104', 'empty', '0.25364685', '11.79021072']
['2135', 'empty', '0.24055481', '8.216278']
['2150', 'empty', '0.21199036', '8.284119']
['2160', 'empty', '2.956690017', '8.184143']
['2168', 'empty', '0.27030945', '8.181763']
['2196', 'empty', '0.27388', '8.257935']
['2219', 'empty', '0.3143463', '8.272217']
['2239', 'empty', '-1.391265915', '8.110352']
['2241', 'empty', '-0.481006115', '8.1805725']
['2251', 'empty', '0.3000641', '8.23056']
['2254', 'empty', '-1.173359313', '8.219849']
['2295', 'empty', '0.202114809', '8.23056']
['2382', 'empty', '0.28102112', '8.269836']
['2406', 'empty', '0.2988739', '8.22699']
['2476', 'empty', '0.2822113', '8.238892']
['2495', 'empty', '0.29411316', '8.159149']
['2518', 'empty', '0.34291077', '8.206757']
['2554', 'empty', '0.24293518', '8.260315']
['2578', 'empty', '0.381068526', '7.746591214']
['2614', 'empty', '0.30958557', '8.244843']
['2641', 'empty', '0.31077576', '8.22937']
['2661', 'empty', '0.306015', '8.177002']
['2667', 'empty', '0.31791687', '8.190094']
['2694', 'empty', '0.30125427', '6.242483713']
['2697', 'empty', '-0.2909336', '8.178192']
['2735', 'empty', '2.713558367', '8.268646']
['2739', 'empty', '0.28459167', '8.159149']
['2753', 'empty', '0.22865295', '8.188904']
['2757', 'empty', '0.31791687', '8.198425']
['2758', 'empty', '0.2988739', '8.29245']
['2763', 'empty', '0.34410095', '8.262695']
['2777', 'empty', '0.27268982', '8.184143']
['2799', 'empty', '0.30363464', '8.253174']
['2900', 'empty', '0.20960999', '8.222229']
['2921', 'empty', '0.27388', '8.205566']
['2977', 'empty', '0.2905426', '8.286499']
['2996', 'empty', '0.2584076', '8.336487']
['3026', 'empty', '0.212930608', '10.67554042']
['3078', 'empty', '-0.675119842', '8.222229']
['3080', 'empty', '0.25245667', '8.255554']
['3122', 'empty', '0.32029724', '8.221039']
['3180', 'empty', '0.24650574', '8.217468']
['3225', 'empty', '0.2500763', '12.76334372']
['3249', 'empty', '0.601521221', '8.251984']
['3346', 'empty', '0.28697205', '8.275787']
['3403', 'empty', '0.32624817', '8.211517']
['3468', 'empty', '0.32981873', '8.243652']
['3684', 'empty', '0.27149963', '8.2638855']
['3726', 'empty', '-0.218714508', '8.192474']
['3831', 'empty', '0.32148743', '8.265076']
['3911', 'empty', '0.25364685', '8.2317505']
['3953', 'empty', '0.31077576', '7.178900043']
['4039', 'empty', '-2.716169179', '-0.719629019']
['4050', 'empty', '0.28816223', '8.268646']
['4078', 'empty', '0.29768372', '8.221039']
['4165', 'empty', '0.28816223', '8.337677']
['4173', 'empty', '0.33695984', '8.187714']
['4251', 'empty', '0.30125427', '8.237701']
['4256', 'empty', '0.25959778', '8.238892']
['4268', 'empty', '-2.135357839', '8.219849']
['4280', 'empty', '0.26078796', '8.16629']
['4285', 'empty', '0.23222351', '13.66165743']
['4328', 'empty', '0.3000641', '8.276978']
['4344', 'empty', '0.2667389', '8.249603']
['4378', 'empty', '0.26435852', '8.242462']
['4444', 'empty', '0.348216868', '1.705521958']
['4454', 'empty', '0.30482483', '8.268646']
['4475', 'empty', '0.26911926', '8.223419']
['4523', 'empty', '0.30125427', '8.200806']
['4529', 'empty', '0.30958557', '8.198425']
['4554', 'empty', '0.3155365', '14.75128781']
['4568', 'empty', '0.27745056', '9.442567105']
['4631', 'empty', '0.3226776', '5.32557612']
['4721', 'empty', '0.26316833', '8.211517']
['4780', 'empty', '0.29768372', '8.16272']
['4818', 'empty', '0.2905426', '1.443866287']
['4908', 'empty', '0.27268982', '8.238892']
['4916', 'empty', '0.2667389', '8.223419']
['4956', 'empty', '0.3226776', '8.2960205']
['4972', 'empty', '0.25245667', '8.238892']
['4975', 'empty', '2.006612363', '8.286499']
['5103', 'empty', '0.2655487', '8.2638855']
['5113', 'empty', '0.28102112', '8.262695']
['5130', 'empty', '0.32981873', '8.222229']
['5175', 'empty', '0.22746277', '8.276978']
['5181', 'empty', '0.24769592', '8.237701']
['5202', 'empty', '-1.559123191', '8.313873']
['5221', 'empty', '0.27388', '8.193665']
['5231', 'empty', '2.549977153', '8.2638855']
['5260', 'empty', '0.2334137', '7.601261453']
['5263', 'empty', '0.2822113', '8.216278']
['5329', 'empty', '0.24650574', '8.248413']
['5332', 'empty', '0.24055481', '12.70665308']
['5382', 'empty', '2.61155916', '-4.502173948']
['5473', 'empty', '0.2084198', '8.253174']
['5512', 'empty', '0.28816223', '8.278168']
['5529', 'empty', '0.16438293', '8.29483']
['5531', 'empty', '0.19056702', '8.223419']
['5546', 'empty', '0.22032166', '8.279358']
['5553', 'empty', '0.24531555', '8.234131']
['5672', 'empty', '0.27745056', '8.207947']
['5675', 'empty', '0.29292297', '8.222229']
['5688', 'empty', '-1.43781701', '4.177484888']
['5707', 'empty', '0.23698425', '8.3281555']
['5730', 'empty', '0.23103333', '8.182953']
['5741', 'empty', '0.27745056', '-0.925721763']
['5748', 'empty', '0.24055481', '8.29245']
['5752', 'empty', '0.22032166', '8.267456']
['5821', 'empty', '0.24055481', '8.311493']
['5862', 'empty', '0.21794128', '8.297211']
['5939', 'empty', '0.20603943', '8.313873']
['6001', 'empty', '0.30363464', '8.179382']
['6025', 'empty', '0.24650574', '8.251984']
['6039', 'empty', '0.27268982', '8.243652']
['6065', 'empty', '0.24650574', '8.240082']
['6146', 'empty', '0.2572174', '8.266266']
['6158', 'empty', '0.17985535', '8.260315']
['6197', 'empty', '0.2822113', '8.213898']
['6230', 'empty', '0.20246887', '8.251984']
['6272', 'empty', '0.26911926', '14.30666152']
['6281', 'empty', '0.28102112', '8.197235']
['6363', 'empty', '0.20484924', '8.2960205']
['6378', 'empty', '0.24055481', '8.222229']
['6496', 'empty', '0.2834015', '8.237701']
['6508', 'empty', '0.30125427', '8.240082']
['6600', 'empty', '0.27626038', '10.78700361']
['6685', 'empty', '-0.183622331', '8.2127075']
['6690', 'empty', '0.30125427', '8.2960205']
['6705', 'empty', '0.25126648', '2.33362774']
['6740', 'empty', '0.27030945', '8.279358']
['6777', 'empty', '0.26792908', '8.312683']
['6779', 'empty', '0.24412537', '8.265076']
['6785', 'empty', '0.18223572', '8.268646']
['6800', 'empty', '0.25364685', '8.247223']
['6839', 'empty', '0.306015', '15.04948557']
['6843', 'empty', '0.25483704', '8.275787']
['6858', 'empty', '0.19056702', '13.79537448']
['6874', 'empty', '0.22627258', '8.256744']
['6900', 'empty', '-1.060747044', '8.288879']
['6912', 'empty', '0.23222351', '8.267456']
['6923', 'empty', '0.31910706', '8.265076']
['6963', 'empty', '0.26316833', '15.37482157']
['7027', 'empty', '0.29411316', '8.275787']
['7059', 'empty', '0.17866516', '6.741455345']
['7076', 'empty', '0.22032166', '8.3471985']
['7080', 'empty', '0.3143463', '8.29007']
['7094', 'empty', '0.30125427', '8.101250206']
['7103', 'empty', '0.22627258', '8.326965']
['7112', 'empty', '0.29649353', '8.273407']
['7142', 'empty', '0.2334137', '8.29007']
['7170', 'empty', '0.23460388', '8.309113']
['7183', 'empty', '2.022169438', '8.23056']
['7184', 'empty', '0.007366249', '8.299591']
['7196', 'empty', '0.2917328', '8.237701']
['7206', 'empty', '-0.671054015', '7.826916758']
['7223', 'empty', '0.22627258', '8.222229']
['7246', 'empty', '0.25364685', '8.2317505']
['7252', 'empty', '0.2667389', '8.285309']
['7294', 'empty', '1.516052633', '8.326965']
['7320', 'empty', '0.23579407', '8.175812']
['7334', 'empty', '0.23936462', '8.242462']
['7337', 'empty', '0.24293518', '8.2127075']
['7347', 'empty', '0.25245667', '11.31005175']
['7364', 'empty', '0.29530334', '15.86575547']
['7367', 'empty', '0.2500763', '8.207947']
['7419', 'empty', '-1.247671659', '5.7883946']
['7468', 'empty', '0.26316833', '8.22818']
['7517', 'empty', '0.31910706', '10.76722294']
['7529', 'empty', '0.29530334', '10.14981313']
['7552', 'empty', '0.27149963', '8.238892']
['7588', 'empty', '0.27268982', '6.291712145']
['7635', 'empty', '0.28459167', '8.310303']
['7724', 'empty', '0.2750702', '8.324585']
['7783', 'empty', '0.27626038', '8.374573']
['7790', 'empty', '0.24055481', '8.29364']
['7836', 'empty', '0.25959778', '8.286499']
['7904', 'empty', '-0.645058253', '8.249603']
['7939', 'empty', '0.23936462', '8.244843']
['7993', 'empty', '0.25364685', '8.200806']
['8031', 'empty', '0.20722961', '8.279358']
['8057', 'empty', '0.22984314', '8.22937']
['8134', 'empty', '0.18699646', '8.177002']
['8173', 'empty', '0.2000885', '8.236511']
['8181', 'empty', '0.25126648', '12.37744887']
['8185', 'empty', '0.19532776', '8.175812']
['8193', 'empty', '0.3000641', '8.184143']
['8230', 'empty', '0.20960999', '8.253174']
['8231', 'empty', '0.25245667', '8.150818']
['8279', 'empty', '0.22270203', '6.752224861']
['8362', 'empty', '0.30125427', '8.149628']
['8405', 'empty', '1.480725745', '8.2317505']
['8441', 'empty', '0.24055481', '8.1484375']
['8457', 'empty', '0.23222351', '8.172241']
['8464', 'empty', '0.23103333', '8.127014']
['8470', 'empty', '0.30482483', '8.146057']
['8535', 'empty', '0.20960999', '8.249603']
['8626', 'empty', '0.241745', '8.131775']
['8673', 'empty', '2.497341077', '8.157959']
['8687', 'empty', '0.24055481', '8.144867']
['8731', 'empty', '0.2917328', '8.243652']
['8846', 'empty', '0.32981873', '8.224609']
['8855', 'empty', '0.29768372', '8.22699']
['8869', 'empty', '-2.900453467', '8.271027']
['8871', 'empty', '0.24055481', '9.129688821']
['8887', 'empty', '0.24888611', '8.206757']
['8968', 'empty', '0.23936462', '8.312683']
['8982', 'empty', '0.25483704', '8.246033']
['9001', 'empty', '0.304955004', '8.253174']
['9005', 'empty', '0.19294739', '8.29245']
['9009', 'empty', '0.2167511', '7.553375367']
['9058', 'empty', '0.27030945', '8.2258']
['9066', 'empty', '0.20246887', '8.1805725']
['9076', 'empty', '1.13619471', '8.268646']
['9091', 'empty', '0.1917572', '8.249603']
['9133', 'empty', '0.25602722', '0.712876088']
['9141', 'empty', '0.936823372', '8.184143']
['9169', 'empty', '0.24888611', '8.211517']
['9237', 'empty', '0.22389221', '8.217468']
['9239', 'empty', '0.19889832', '8.155579']
['9285', 'empty', '0.25602722', '8.198425']
['9300', 'empty', '0.30482483', '5.978745642']
['9315', 'empty', '0.23817444', '8.174622']
['9331', 'empty', '0.29530334', '8.124634']
['9368', 'empty', '0.23222351', '8.22937']
['9412', 'empty', '0.30363464', '8.131775']
['9419', 'empty', '0.25126648', '14.48542154']
['9436', 'empty', '0.18937683', '8.193665']
['9499', 'empty', '0.28459167', '8.279358']
['9567', 'empty', '0.28459167', '8.1996155']
['9579', 'empty', '0.19651794', '8.267456']
['9612', 'empty', '0.2000885', '6.91847381']
['9652', 'empty', '0.27149963', '8.118683']
['9666', 'empty', '0.2988739', '8.261505']
['9709', 'empty', '0.30244446', '8.196045']
['9716', 'empty', '0.2834015', '8.204376']
['9720', 'empty', '0.26316833', '8.056793']
['9744', 'empty', '0.24531555', '8.182953']
['9765', 'empty', '0.26197815', '8.235321']
['9768', 'empty', '1.525166332', '8.247223']
['9813', 'empty', '0.23936462', '8.177002']
['9889', 'empty', '0.24293518', '8.171051']
['9896', 'empty', '0.28697205', '8.169861']
['9899', 'empty', '0.25483704', '8.22937']
['9974', 'empty', '0.446869854', '8.251984']
['10018', 'empty', '0.10487366', '8.240082']
['10052', 'empty', '1.968707176', '8.306732']
['10057', 'empty', '0.15367126', '8.244843']
['10066', 'empty', '0.15724182', '8.254364']
['10068', 'empty', '0.091781616', '8.279358']
['10124', 'empty', '0.20246887', '8.071075']
['10134', 'empty', '0.07154846', '8.412659']
['10159', 'empty', '0.09416199', '8.210327']
['10250', 'empty', '0.15724182', '0.811442966']
['10283', 'empty', '-0.024856567', '8.413849']
['10305', 'empty', '0.0929718', '8.254364']
['10314', 'empty', '0.07511902', '8.29007']
['10352', 'empty', '0.10725403', '15.33764067']
['10410', 'empty', '-1.666434506', '14.78129481']
['10438', 'empty', '0.026321411', '8.335297']
['10447', 'empty', '0.000137329', '8.274597']
['10522', 'empty', '0.040603638', '10.28675762']
['10546', 'empty', '0.054885864', '8.301971']
['10577', 'empty', '0.08106995', '8.244843']
['10652', 'empty', '0.11677551', '8.243652']
['10653', 'empty', '0.629872447', '8.201996']
['10661', 'empty', '0.06440735', '8.23056']
['10677', 'empty', '0.087020874', '8.29245']
['10703', 'empty', '-1.842568045', '8.280548']
['10712', 'empty', '0.07511902', '8.175812']
['10785', 'empty', '3.714654225', '8.232941']
['10807', 'empty', '0.121536255', '8.185333']
['10816', 'empty', '0.16557312', '8.248413']
['10848', 'empty', '0.102493286', '8.149628']
['10906', 'empty', '0.15605164', '13.34215761']
['10925', 'empty', '0.019180298', '8.330536']
['10943', 'empty', '0.12986755', '8.201996']
['10958', 'empty', '0.09416199', '8.237701']
['10966', 'empty', '0.11201477', '8.1805725']
['10971', 'empty', '0.091781616', '8.112732']
['10992', 'empty', '0.05369568', '8.209137']
['11005', 'empty', '0.14891052', '8.234131']
['11021', 'empty', '0.100112915', '8.309113']
['11028', 'empty', '0.09059143', '5.696270883']
['11054', 'empty', '0.08106995', '8.203186']
['11073', 'empty', '0.08345032', '8.16748']
['11079', 'empty', '0.100112915', '8.223419']
['11088', 'empty', '0.13938904', '8.186523']
['11155', 'empty', '0.06321716', '8.217468']
['11198', 'empty', '-0.69484336', '8.281738']
['11208', 'empty', '0.08821106', '8.251984']
['11284', 'empty', '2.186629052', '8.262695']
['11286', 'empty', '0.15248108', '8.268646']
['11303', 'empty', '0.12748718', '8.267456']
['11322', 'empty', '0.08106995', '-1.88026396']
['11339', 'empty', '0.13343811', '8.175812']
['11402', 'empty', '0.14176941', '8.254364']
['11418', 'empty', '2.147307758', '8.219849']
['11502', 'empty', '0.12867737', '8.242462']
['11519', 'empty', '0.12867737', '8.273407']
['11533', 'empty', '0.17390442', '8.157959']
['11588', 'empty', '0.07749939', '8.287689']
['11632', 'empty', '0.10725403', '9.446449648']
['11661', 'empty', '0.10725403', '8.274597']
['11687', 'empty', '0.17390442', '9.29486902']
['11738', 'empty', '0.10368347', '8.253174']
['11780', 'empty', '0.13224792', '8.216278']
['11795', 'empty', '0.13343811', '8.260315']
['11800', 'empty', '0.969099095', '8.222229']
['11810', 'empty', '0.1013031', '8.280548']
['11826', 'empty', '0.09535217', '8.247223']
['11832', 'empty', '0.13938904', '8.279358']
['12008', 'empty', '0.1834259', '8.174622']
['12014', 'empty', '-1.245506147', '8.248413']
['12149', 'empty', '0.1096344', '8.247223']
['12163', 'empty', '0.15605164', '8.267456']
['12165', 'empty', '0.14176941', '8.242462']
['12166', 'empty', '0.126297', '8.217468']
['12171', 'empty', '0.10487366', '8.2317505']
['12176', 'empty', '-0.230655804', '8.204376']
['12181', 'empty', '0.097732544', '8.031503005']
['12205', 'empty', '0.19056702', '8.232941']
['12209', 'empty', '0.126297', '8.169861']
['12224', 'empty', '0.05369568', '8.223419']
['12277', 'empty', '0.14414978', '8.262695']
['12419', 'empty', '0.126297', '8.1996155']
['12474', 'empty', '0.12867737', '3.41243303']
['12521', 'empty', '0.113204956', '8.196045']
['12609', 'empty', '0.14414978', '8.216278']
['12635', 'empty', '0.08583069', '8.23056']
['12675', 'empty', '0.13581848', '8.196045']
['12685', 'empty', '0.102493286', '8.201996']
['12695', 'empty', '0.13105774', '4.037522014']
['12701', 'empty', '0.126297', '8.237701']
['12753', 'empty', '0.17747498', '8.160339']
['12777', 'empty', '0.10368347', '8.300781']
['12804', 'empty', '0.07154846', '8.22818']
['12819', 'empty', '0.04536438', '8.260315']
['12941', 'empty', '0.11677551', '8.241272']
['12961', 'empty', '0.062026978', '8.251984']
['12987', 'empty', '0.14653015', '8.169861']
['12994', 'empty', '0.07154846', '8.196045']
['12996', 'empty', '0.14057922', '8.16272']
['13028', 'empty', '0.033462524', '8.236511']
['13152', 'empty', '0.059646606', '8.276978']
['13240', 'empty', '0.078689575', '8.1996155']
['13241', 'empty', '0.07749939', '8.29364']
['13250', 'empty', '0.04298401', '8.257935']
['13268', 'empty', '0.078689575', '8.16272']
['13282', 'empty', '0.039413452', '11.56839919']
['13304', 'empty', '0.0846405', '4.227948191']
['13314', 'empty', '0.05607605', '8.2317505']
['13323', 'empty', '0.0846405', '8.253174']
['13333', 'empty', '0.091781616', '8.2317505']
['13364', 'empty', '0.031082153', '8.249603']
['13366', 'empty', '0.10368347', '8.222229']
['13397', 'empty', '0.046554565', '8.160339']
['13431', 'empty', '0.062026978', '3.231547957']
['13469', 'empty', '0.193940109', '10.57575575']
['13503', 'empty', '1.8379279', '8.248413']
['13551', 'empty', '0.08583069', '8.250793']
['13552', 'empty', '0.087020874', '5.88212985']
['13560', 'empty', '0.04774475', '8.288879']
['13623', 'empty', '0.07987976', '8.306732']
['13654', 'empty', '0.509348259', '8.203186']
['13681', 'empty', '3.339670101', '10.22222194']
['13725', 'empty', '0.029891968', '9.377645945']
['13726', 'empty', '0.038223267', '8.213898']
['13727', 'empty', '0.067977905', '8.234131']
['13732', 'empty', '0.03703308', '8.192474']
['13746', 'empty', '0.102493286', '8.223419']
['13800', 'empty', '0.062026978', '-0.231049955']
['13836', 'empty', '0.11677551', '8.246033']
['13890', 'empty', '0.0929718', '8.197235']
['13925', 'empty', '0.12272644', '8.317444']
['13930', 'empty', '0.121536255', '3.60923915']
['14029', 'empty', '0.11558533', '8.256744']
['14071', 'empty', '0.10606384', '8.253174']
['14086', 'empty', '0.09059143', '8.316254']
['14104', 'empty', '0.100112915', '8.281738']
['14194', 'empty', '1.704255274', '8.16748']
['14229', 'empty', '0.10368347', '8.300781']
['14237', 'empty', '0.12867737', '8.298401']
['14319', 'empty', '0.16200256', '8.218658']
['14393', 'empty', '2.703776056', '8.255554']
['14645', 'empty', '2.653671052', '8.287689']
['14772', 'empty', '0.14176941', '8.219849']
['14866', 'empty', '-1.282947569', '8.276978']
['14888', 'empty', '0.22032166', '8.317444']
['14894', 'empty', '0.17866516', '8.348389']
['14923', 'empty', '0.29530334', '8.261505']
['14927', 'empty', '1.91556784', '8.334106']
['14958', 'empty', '0.32981873', '8.192474']
['14971', 'empty', '0.2167511', '8.362671']
['14976', 'empty', '0.2655487', '8.400757']
['14979', 'empty', '0.28459167', '8.395996']
['15033', 'empty', '0.28935242', '8.3471985']
['15076', 'empty', '0.20603943', '8.269836']
['15115', 'empty', '0.21556091', '8.381714']
['15118', 'empty', '0.20246887', '8.42337']
['15168', 'empty', '0.2667389', '8.3591']
['15220', 'empty', '2.103912853', '8.341248']
['15244', 'empty', '0.421463', '8.342438']
['15256', 'empty', '0.34529114', '8.456696']
['15406', 'empty', '0.684494', '6.068162373']
['15468', 'empty', '0.7118683', '9.464965588']
['15527', 'empty', '0.9189606', '8.1651']
['15533', 'empty', '0.92848206', '6.967681465']
['15636', 'empty', '-0.705860271', '8.194855']
['15653', 'empty', '0.96894836', '8.154388']
['15674', 'empty', '0.7951813', '8.09964']
['15685', 'empty', '0.79042053', '8.10321']
['15697', 'empty', '0.7785187', '7.995520479']
['15712', 'empty', '0.46788025', '8.025848']
['15717', 'empty', '0.47621155', '8.069885']
['15735', 'empty', '0.57380676', '13.56427762']
['15773', 'empty', '0.604748013', '7.84494']
['15778', 'empty', '0.710812774', '7.8592224']
['15821', 'empty', '0.119155884', '4.405855423']
['15900', 'empty', '-0.16648865', '8.112732']
['15918', 'empty', '-0.19267273', '11.38563901']
['15972', 'empty', '-0.20219421', '7.8913574']
['16000', 'empty', '-0.22480774', '7.7449646']
['16004', 'empty', '-0.1295929', '5.150657496']
['16014', 'empty', '-0.035568237', '7.8389893']
['16055', 'empty', '0.33338928', '7.7306824']
['16098', 'empty', '0.07511902', '7.810425']
['16117', 'empty', '0.08821106', '7.8413696']
['16277', 'empty', '0.15010071', '8.059174']
['16323', 'empty', '-0.052230835', '8.090118']
['16401', 'empty', '-2.454100358', '8.024658']
['16420', 'empty', '0.10725403', '8.041321']
['16433', 'empty', '0.03703308', '5.431356617']
['16441', 'empty', '0.041793823', '2.743871084']
['16447', 'empty', '0.052505493', '8.03775']
['16465', 'empty', '0.119155884', '8.092499']
['16526', 'empty', '0.16200256', '7.952057']
['16549', 'empty', '-0.833501266', '5.162989636']
['16571', 'empty', '0.1096344', '8.03656']
['16574', 'empty', '0.135531216', '8.028229']
['16578', 'empty', '0.07273865', '7.9960938']
['16581', 'empty', '-1.354919114', '8.017517']
['16598', 'empty', '0.000137329', '7.9996643']
['16630', 'empty', '0.113204956', '8.002045']
['16657', 'empty', '-0.280571068', '8.002045']
['16676', 'empty', '0.18461609', '7.9544373']
['16701', 'empty', '0.1750946', '7.9318237']
['16732', 'empty', '0.12034607', '7.893738']
['16747', 'empty', '0.13938904', '7.9639587']
['16793', 'empty', '0.076309204', '9.167214791']
['16848', 'empty', '0.14533997', '8.023468']
['16853', 'empty', '0.1667633', '7.984192']
['16912', 'empty', '0.14414978', '7.8913574']
['16924', 'empty', '0.16438293', '7.8401794']
['16933', 'empty', '0.11677551', '7.746155']
['16966', 'empty', '0.1179657', '8.718402275']
['16997', 'empty', '2.934149778', '7.8913574']
['17043', 'empty', '0.15248108', '7.992523']
['17050', 'empty', '0.14057922', '7.9639587']
['17096', 'empty', '0.12867737', '7.9758606']
['17140', 'empty', '0.19532776', '8.010376']
['17172', 'empty', '-2.678401479', '7.941345']
['17179', 'empty', '1.359141867', '7.8794556']
['17194', 'empty', '0.16081238', '7.985382']
['17246', 'empty', '1.289809745', '8.028229']
['17346', 'empty', '0.102493286', '7.9377747']
['17414', 'empty', '0.10368347', '7.928253']
['17429', 'empty', '0.12986755', '7.9246826']
['17456', 'empty', '0.007278442', '11.32228931']
['17478', 'empty', '0.15724182', '1.153685118']
['17528', 'empty', '0.1179657', '3.831138577']
['17557', 'empty', '0.13581848', '7.830658']
['17685', 'empty', '0.08106995', '7.915161']
['17718', 'empty', '-0.039138794', '7.938965']
['17828', 'empty', '-1.95129264', '7.8865967']
['17853', 'empty', '0.06678772', '7.959198']
['17926', 'empty', '0.052505493', '7.890167']
['17938', 'empty', '0.07749939', '7.9318237']
['17961', 'empty', '0.010848999', '1.940237222']
['18006', 'empty', '0.110824585', '7.9115906']
['18062', 'empty', '0.08226013', '7.9032593']
['18065', 'empty', '0.03465271', '7.9056396']
['18095', 'empty', '0.05369568', '8.046082']
['18101', 'empty', '0.113204956', '7.8973083']
['18232', 'empty', '0.07987976', '7.9675293']
['18356', 'empty', '0.09654236', '7.9711']
['18360', 'empty', '-0.329085964', '7.985382']
['18401', 'empty', '0.14891052', '7.9437256']
['18472', 'empty', '0.10487366', '7.927063']
['18481', 'empty', '0.13938904', '7.888977']
['18491', 'empty', '0.091781616', '4.361937318']
['18553', 'empty', '0.09416199', '7.9615784']
['18556', 'empty', '0.12272644', '7.8782654']
['18592', 'empty', '0.13343811', '7.8794556']
['18593', 'empty', '0.11558533', '7.947296']
['18602', 'empty', '0.16200256', '7.8020935']
['18799', 'empty', '0.11201477', '7.9425354']
['18832', 'empty', '0.09654236', '7.893738']
['18858', 'empty', '0.12867737', '7.9318237']
['18926', 'empty', '0.1346283', '8.679852105']
['19057', 'empty', '-0.051922134', '7.991333']
['19132', 'empty', '0.17271423', '8.067505']
['19211', 'empty', '0.25126648', '7.97229']
['19224', 'empty', '-1.486473943', '7.9758606']
['19232', 'empty', '0.26078796', '7.984192']
['19245', 'empty', '0.11201477', '8.019897']
['19370', 'empty', '0.07154846', '7.940155']
['19393', 'empty', '-0.975120293', '11.46769623']
['19412', 'empty', '1.042880324', '7.902069']
['19418', 'empty', '0.108444214', '7.9175415']
['19438', 'empty', '0.12272644', '8.03894']
['19451', 'empty', '0.09654236', '7.997284']
['19482', 'empty', '0.108444214', '7.928253']
['19487', 'empty', '0.12748718', '10.94545109']
['19566', 'empty', '2.29566122', '9.661764389']
['19593', 'empty', '0.12272644', '11.61434776']
['19602', 'empty', '0.06440735', '7.947296']
['19614', 'empty', '0.0929718', '7.9937134']
['19619', 'empty', '0.014419556', '5.829383295']
['19640', 'empty', '0.06916809', '7.952057']
['19674', 'empty', '0.08226013', '5.059203391']
['19749', 'empty', '0.0846405', '7.991333']
['19787', 'empty', '0.17390442', '8.119873']
['19829', 'empty', '0.046554565', '8.017517']
['19852', 'empty', '0.057266235', '8.007996']
['19898', 'empty', '0.108444214', '8.004425']
['19925', 'empty', '0.13819885', '8.003235']
['19927', 'empty', '0.076309204', '8.0008545']
['19943', 'empty', '0.11201477', '7.9615784']
['19962', 'empty', '0.1917572', '7.959198']
['19985', 'empty', '0.20603943', '7.9960938']
['20010', 'empty', '0.108444214', '7.978241']
['20028', 'empty', '0.23579407', '7.946106']
['20031', 'empty', '0.25602722', '7.900879']
['20038', 'empty', '0.26911926', '7.933014']
['20041', 'empty', '0.27030945', '7.90683']
['20109', 'empty', '0.2667389', '7.9699097']
['20166', 'empty', '0.35362244', '5.793415565']
['20180', 'empty', '0.22865295', '8.028229']
['20230', 'empty', '0.15486145', '7.9937134']
['20234', 'empty', '0.23817444', '7.9044495']
['20314', 'empty', '0.28697205', '7.90683']
['20331', 'empty', '0.23698425', '7.947296']
['20357', 'empty', '-0.023647336', '7.9496765']
['20366', 'empty', '0.3310089', '7.893738']
['20392', 'empty', '0.25602722', '7.928253']
['20393', 'empty', '0.3072052', '7.991333']
['20403', 'empty', '0.21080017', '-0.020416961']
['20426', 'empty', '0.13819885', '7.9568176']
['20429', 'empty', '-2.615822262', '7.9246826']
['20442', 'empty', '0.2000885', '7.9318237']
['20513', 'empty', '0.19889832', '7.927063']
['20517', 'empty', '0.17866516', '7.9568176']
['20531', 'empty', '0.158432', '7.9377747']
['20536', 'empty', '0.2334137', '8.066315']
['20557', 'empty', '2.656098334', '7.913971']
['20586', 'empty', '0.19294739', '7.9556274']
['20599', 'empty', '0.060836792', '7.934204']
['20608', 'empty', '0.12272644', '7.896118']
['20626', 'empty', '0.643480721', '6.585735689']
['20680', 'empty', '0.18223572', '7.953247']
['20700', 'empty', '0.14772034', '7.896118']
['20709', 'empty', '0.17747498', '7.9675293']
['20767', 'empty', '0.17866516', '7.97348']
['20786', 'empty', '0.20127869', '7.944916']
['20835', 'empty', '0.241745', '7.112924586']
['20846', 'empty', '0.21794128', '7.9353943']
['20881', 'empty', '0.25364685', '8.033913768']
['20896', 'empty', '0.21080017', '7.9699097']
['20914', 'empty', '0.17628479', '11.25488105']
['20921', 'empty', '0.16557312', '7.8651733']
['20933', 'empty', '0.17747498', '8.046082']
['21055', 'empty', '0.3083954', '0.369146616']
['21081', 'empty', '0.2834015', '8.077026']
['21129', 'empty', '0.082185981', '4.127243256']
['21156', 'empty', '0.32624817', '5.384834596']
['21165', 'empty', '0.22032166', '8.024658']
['21213', 'empty', '0.2250824', '7.863983']
['21242', 'empty', '1.756403448', '8.071075']
['21248', 'empty', '-1.453862635', '8.019897']
['21252', 'empty', '0.20960999', '7.985382']
['21267', 'empty', '0.38456726', '8.013947']
['21308', 'empty', '0.26078796', '8.092499']
['21333', 'empty', '1.107742284', '7.965149']
['21367', 'empty', '0.30482483', '7.997284']
['21423', 'empty', '0.26911926', '8.006805']
['21433', 'empty', '0.16795349', '7.9627686']
['21545', 'empty', '0.29649353', '8.023468']
['21548', 'empty', '0.26316833', '6.958939417']
['21569', 'empty', '0.241745', '7.912781']
['21604', 'empty', '0.21437073', '7.947296']
['21688', 'empty', '0.29411316', '7.9353943']
['21699', 'empty', '1.380397181', '9.820004503']
['21715', 'empty', '0.33695984', '8.015137']
['21751', 'empty', '0.27626038', '8.011566']
['21752', 'empty', '1.629631968', '8.0972595']
['21753', 'empty', '0.23103333', '8.047272']
['21874', 'empty', '0.27983093', '1.964817398']
['21886', 'empty', '0.28816223', '7.97348']
['21919', 'empty', '0.3393402', '8.003235']
['21930', 'empty', '0.39289856', '8.252305499']
['22066', 'empty', '0.27268982', '7.9675293']
['22136', 'empty', '0.2917328', '7.960388']
['22159', 'empty', '0.357193', '9.843976563']
['22190', 'empty', '0.36790466', '5.229659342']
['22241', 'empty', '0.2905426', '7.97348']
['22321', 'empty', '0.20365906', '7.9877625']
['22354', 'empty', '0.29530334', '7.9437256']
['22407', 'empty', '0.31077576', '8.018707']
['22420', 'empty', '0.27983093', '7.9568176']
['22432', 'empty', '-0.126745111', '14.37956624']
['22500', 'empty', '0.22151184', '7.9865723']
['22594', 'empty', '0.2667389', '7.915161']
['22616', 'empty', '0.22746277', '8.060364']
['22739', 'empty', '0.3809967', '8.196732425']
['22808', 'empty', '0.2834015', '7.997284']
['22819', 'empty', '0.24531555', '8.044891']
['22820', 'empty', '1.576705438', '7.9877625']
['22833', 'empty', '0.20246887', '2.897622336']
['22856', 'empty', '0.27864075', '8.03537']
['22858', 'empty', '0.21556091', '7.9937134']
['22963', 'empty', '0.306015', '7.9032593']
['22964', 'empty', '0.31077576', '7.869934']
['22985', 'empty', '0.2167511', '8.047272']
['22989', 'empty', '0.22032166', '8.465039892']
['23033', 'empty', '0.27268982', '8.028229']
['23045', 'empty', '0.27626038', '7.9960938']
['23069', 'empty', '0.25483704', '8.0329895']
['23127', 'empty', '0.2750702', '8.005615']
['23133', 'empty', '0.32624817', '7.9806213']
['23211', 'empty', '0.27149963', '9.112738392']
['23249', 'empty', '0.35838318', '7.946106']
['23266', 'empty', '1.647372365', '7.9627686']
['23456', 'empty', '0.26911926', '7.979431']
['23492', 'empty', '0.31910706', '7.9484863']
['23585', 'empty', '1.613642419', '8.005615']
['23595', 'empty', '-2.307153269', '8.03894']
['23615', 'empty', '0.32029724', '7.9496765']
['23652', 'empty', '0.35243225', '7.9615784']
['23711', 'empty', '0.3143463', '8.012756']
['23728', 'empty', '0.27030945', '8.429955282']
['23759', 'empty', '0.29530334', '7.9365845']
['23786', 'empty', '0.29292297', '7.984192']
['23855', 'empty', '0.025131226', '8.071075']
['23899', 'empty', '0.32743835', '7.9187317']
['23963', 'empty', '0.36195374', '7.97229']
['23979', 'empty', '0.32862854', '6.813060906']
['23993', 'empty', '0.35243225', '7.944916']
['24036', 'empty', '0.36195374', '7.9675293']
['24089', 'empty', '0.32981873', '8.027039']
['24116', 'empty', '0.2334137', '8.023468']
['24170', 'empty', '0.120170318', '8.006805']
['24199', 'empty', '0.27030945', '8.0008545']
['24208', 'empty', '0.30363464', '8.019897']
['24230', 'empty', '0.23579407', '7.992523']
['24308', 'empty', '0.29411316', '7.959198']
['24346', 'empty', '0.25959778', '8.072266']
['24397', 'empty', '0.26078796', '7.992523']
['24403', 'empty', '0.30482483', '8.060364']
['24517', 'empty', '0.25245667', '7.919922']
['24549', 'empty', '0.2750702', '7.9568176']
['24552', 'empty', '0.22984314', '7.9187317']
['24578', 'empty', '0.35005188', '7.938965']
['24609', 'empty', '0.31315613', '11.18021779']
['24627', 'empty', '0.30244446', '7.9627686']
['24632', 'empty', '1.391123857', '7.977051']
['24649', 'empty', '0.3310089', '4.753268928']
['24669', 'empty', '0.36314392', '8.018707']
['24730', 'empty', '0.3310089', '3.624136658']
['24733', 'empty', '0.3655243', '8.047272']
['24734', 'empty', '0.31196594', '8.082977']
['24744', 'empty', '0.45359802', '8.529281264']
['24748', 'empty', '0.4381256', '7.9960938']
['24796', 'empty', '0.41551208', '8.049652']
['24801', 'empty', '0.47859192', '8.025848']
['24814', 'empty', '0.4393158', '8.119873']
['24829', 'empty', '0.44050598', '7.9675293']
['24865', 'empty', '-1.450059621', '9.237563711']
['24902', 'empty', '0.3726654', '8.087738']
['25065', 'empty', '0.35243225', '8.067505']
['25099', 'empty', '0.3072052', '8.03775']
['25158', 'empty', '0.37861633', '7.9175415']
['25161', 'empty', '0.32148743', '2.142205432']
['25187', 'empty', '0.33457947', '7.187613808']
['25190', 'empty', '1.568565814', '8.075836']
['25201', 'empty', '-1.188068194', '6.527580112']
['25253', 'empty', '0.35481262', '7.267883431']
['25316', 'empty', '1.822661881', '8.147247']
['25318', 'empty', '0.29292297', '8.049652']
['25329', 'empty', '0.36909485', '7.9889526']
['25416', 'empty', '0.33338928', '8.092499']
['25450', 'empty', '0.3643341', '7.990143']
['25475', 'empty', '-1.590224789', '8.046082']
['25507', 'empty', '0.40003967', '8.024658']
['25533', 'empty', '0.36671448', '8.007996']
['25539', 'empty', '0.37742615', '8.082977']
['25602', 'empty', '1.472314721', '7.9758606']
['25604', 'empty', '0.34291077', '9.322984851']
['25636', 'empty', '0.36909485', '11.57708907']
['25680', 'empty', '0.3476715', '8.009186']
['25697', 'empty', '0.33695984', '7.9496765']
['25702', 'empty', '0.3655243', '7.856842']
['25751', 'empty', '0.3155365', '8.017517']
['25763', 'empty', '0.30125427', '7.965149']
['25800', 'empty', '0.3643341', '7.9353943']
['25807', 'empty', '-1.306237322', '7.9246826']
['25817', 'empty', '1.259262788', '7.90921']
['25819', 'empty', '0.36076355', '7.858032']
['25889', 'empty', '0.40480042', '7.990143']
['25906', 'empty', '0.33457947', '8.040131']
['25957', 'empty', '0.2750702', '8.059174']
['25991', 'empty', '0.43693542', '7.979431']
['26061', 'empty', '-1.154850634', '7.978241']
['26070', 'empty', '0.37028503', '7.9996643']
['26131', 'empty', '0.2917328', '8.03894']
['26173', 'empty', '0.35838318', '9.987676403']
['26186', 'empty', '0.35481262', '7.9889526']
['26198', 'empty', '0.4059906', '8.054413']
['26224', 'empty', '0.110456437', '8.040131']
['26242', 'empty', '-1.914792841', '7.9687195']
['26292', 'empty', '0.34648132', '7.9699097']
['26313', 'empty', '0.26435852', '7.877075']
['26352', 'empty', '0.29768372', '7.8925476']
['26359', 'empty', '0.27983093', '7.888977']
['26412', 'empty', '0.31196594', '13.20062819']
['26437', 'empty', '0.3310089', '7.9544373']
['26528', 'empty', '0.3655243', '7.9996643']
['26574', 'empty', '0.35481262', '7.913971']
['26615', 'empty', '0.36314392', '11.7272105']
['26623', 'empty', '0.24769592', '8.093689']
['26638', 'empty', '0.3976593', '7.991333']
['26646', 'empty', '0.2905426', '7.992523']
['26699', 'empty', '0.44407654', '8.112732']
['26743', 'empty', '0.33457947', '14.53666183']
['26808', 'empty', '0.10487366', '12.3903079']
['26864', 'empty', '0.3976593', '8.029419']
['26869', 'empty', '0.36076355', '5.06783853']
['26894', 'empty', '0.3072052', '7.998474']
['26901', 'empty', '0.430150795', '8.011566']
['26920', 'empty', '0.3643341', '6.800672659']
['26929', 'empty', '0.4131317', '7.858032']
['26958', 'empty', '0.4297943', '8.055603']
['26986', 'empty', '0.31672668', '14.10586697']
['27005', 'empty', '0.3083954', '7.979431']
['27022', 'empty', '0.32029724', '8.063934']
['27037', 'empty', '0.37742615', '8.047272']
['27041', 'empty', '-0.655302072', '8.063934']
['27061', 'empty', '0.32981873', '7.928253']
['27145', 'empty', '0.32029724', '7.9877625']
['27147', 'empty', '0.36790466', '7.9960938']
['27212', 'empty', '0.45716858', '4.859356297']
['27224', 'empty', '0.652886805', '7.9484863']
['27249', 'empty', '0.32624817', '8.127014']
['27283', 'empty', '-0.995408529', '5.847843871']
['27313', 'empty', '0.27149963', '7.9830017']
['27323', 'empty', '0.31791687', '7.9687195']
['27446', 'empty', '0.37504578', '7.9711']
['27484', 'empty', '0.21437073', '7.9115906']
['27512', 'empty', '0.3405304', '7.938965']
['27516', 'empty', '0.3726654', '7.8735046']
['27536', 'empty', '0.26911926', '7.9746704']
['27544', 'empty', '0.3238678', '7.992523']
['27557', 'empty', '-1.760681171', '11.1252533']
['27575', 'empty', '0.40242004', '8.002045']
['27592', 'empty', '2.547113451', '7.977051']
['27606', 'empty', '0.2834015', '12.89936199']
['27616', 'empty', '0.36671448', '7.9675293']
['27665', 'empty', '0.39170837', '7.9056396']
['27695', 'empty', '0.19577474', '5.282607175']
['27703', 'empty', '0.38813782', '7.9163513']
['27714', 'empty', '0.32505798', '7.8711243']
['27721', 'empty', '0.31077576', '7.8532715']
['27797', 'empty', '0.3083954', '7.9937134']
['27828', 'empty', '0.28816223', '8.040131']
['27841', 'empty', '0.34410095', '7.84494']
['27870', 'empty', '0.210657646', '7.887787']
['27871', 'empty', '0.37147522', '7.902069']
['27948', 'empty', '0.33457947', '7.9687195']
['27955', 'empty', '0.3560028', '7.76603389']
['27961', 'empty', '0.35005188', '8.03775']
['28000', 'empty', '0.34529114', '7.9484863']
['28026', 'empty', '0.3083954', '7.944916']
['28044', 'empty', '0.35838318', '4.616427866']
['28058', 'empty', '0.3321991', '7.868744']
['28072', 'empty', '0.29768372', '7.938965']
['28117', 'empty', '0.4393158', '7.947296']
['28130', 'empty', '0.45121765', '8.055603']
['28230', 'empty', '0.32148743', '7.9544373']
['28308', 'empty', '0.32029724', '8.005615']
['28390', 'empty', '0.2167511', '8.127014']
['28416', 'empty', '0.4071808', '7.8032837']
['28431', 'empty', '0.115108382', '7.938965']
['28434', 'empty', '0.28816223', '7.9437256']
['28440', 'empty', '0.3238678', '8.044891']
['28462', 'empty', '0.3405304', '8.029419']
['28465', 'empty', '0.389328', '7.947296']
['28476', 'empty', '0.38575745', '7.7568665']
['28479', 'empty', '0.3405304', '7.7521057']
['28507', 'empty', '0.22627258', '7.8663635']
['28517', 'empty', '0.34529114', '7.8996887']
['28521', 'empty', '0.4226532', '7.984192']
['28522', 'empty', '0.42622375', '7.9437256']
['28523', 'empty', '0.42622375', '7.9437256']
['28555', 'empty', '0.34172058', '8.015137']
['28653', 'empty', '-1.51684111', '7.829468']
['28700', 'empty', '0.24650574', '11.71180985']
['28724', 'empty', '0.2822113', '7.9104004']
['28732', 'empty', '2.102959478', '7.9675293']
['28794', 'empty', '0.24650574', '0.724899716']
['28835', 'empty', '-2.353914938', '7.984192']
['28846', 'empty', '0.29530334', '8.004425']
['28946', 'empty', '3.698109617', '7.8865967']
['29002', 'empty', '0.29530334', '7.687094922']
['29006', 'empty', '0.32981873', '7.888977']
['29015', 'empty', '0.32862854', '7.9496765']
['29024', 'empty', '-3.589315734', '8.023468']
['29086', 'empty', '0.34291077', '8.052032']
['29088', 'empty', '0.2834015', '8.088928']
['29125', 'empty', '0.41551208', '10.00467779']
['29135', 'empty', '0.44050598', '8.518333576']
['29157', 'empty', '0.3738556', '8.022278']
['29180', 'empty', '0.2167511', '8.046082']
['29209', 'empty', '0.3476715', '11.17932792']
['29217', 'empty', '0.43574524', '7.919922']
['29312', 'empty', '0.29530334', '6.366695253']
['29323', 'empty', '0.31672668', '7.985382']
['29331', 'empty', '0.37504578', '8.031799']
['29381', 'empty', '0.4393158', '7.9615784']
['29401', 'empty', '0.42027283', '7.9877625']
['29416', 'empty', '0.38575745', '8.005615']
['29438', 'empty', '0.36314392', '7.614681906']
['29478', 'empty', '0.36314392', '3.588057063']
['29509', 'empty', '0.357193', '7.933014']
['29516', 'empty', '0.30125427', '7.991333']
['29524', 'empty', '0.38575745', '8.086548']
['29526', 'empty', '0.36314392', '7.9996643']
['29533', 'empty', '0.30125427', '7.9949036']
['29583', 'empty', '0.44288635', '7.9508667']
['29620', 'empty', '0.37504578', '7.9818115']
['29626', 'empty', '0.36671448', '8.019897']
['29631', 'empty', '0.3476715', '7.9711']
['29687', 'empty', '-1.689508286', '7.992523']
['29887', 'empty', '0.5107269', '11.83079467']
['29890', 'empty', '0.504776', '7.824707']
['29900', 'empty', '0.37861633', '8.096069']
['29914', 'empty', '-1.318889422', '8.03775']
['29958', 'empty', '0.34410095', '7.9544373']
['30006', 'empty', '0.43574524', '7.9294434']
['30020', 'empty', '0.35005188', '8.073456']
['30023', 'empty', '0.3726654', '11.40825895']
['30086', 'empty', '-0.435864157', '8.03537']
['30115', 'empty', '0.40956116', '7.946106']
['30151', 'empty', '0.31672668', '7.9865723']
['30218', 'empty', '0.3238678', '7.985382']
['30219', 'empty', '0.29292297', '7.97348']
['30263', 'empty', '0.29649353', '8.078217']
['30284', 'empty', '0.37742615', '8.03656']
['30319', 'empty', '-1.487177955', '7.893738']
['30320', 'empty', '0.42027283', '7.8996887']
['30356', 'empty', '-0.103088014', '8.0329895']
['30357', 'empty', '0.36909485', '8.123444']
['30378', 'empty', '0.26911926', '11.91878964']
['30394', 'empty', '0.36790466', '8.03775']
['30436', 'empty', '0.33338928', '7.825897']
['30522', 'empty', '1.379273846', '7.947296']
['30580', 'empty', '0.37742615', '7.977051']
['30598', 'empty', '0.31077576', '7.9508667']
['30643', 'empty', '0.3476715', '6.657213987']
['30660', 'empty', '0.33576965', '8.004425']
['30679', 'empty', '0.37504578', '8.03537']
['30719', 'empty', '0.29292297', '8.147247']
['30788', 'empty', '0.41670227', '8.080597']
['30790', 'empty', '0.3726654', '7.9818115']
['30820', 'empty', '0.29411316', '7.62873039']
['30822', 'empty', '0.2822113', '8.111542']
['30915', 'empty', '0.23936462', '8.1484375']
['30930', 'empty', '0.25602722', '8.118683']
['30976', 'empty', '0.33576965', '8.09845']
['31145', 'empty', '0.31196594', '7.90921']
['31151', 'empty', '0.3405304', '8.027039']
['31200', 'empty', '0.36195374', '-0.969935708']
['31203', 'empty', '0.42860413', '7.9246826']
['31284', 'empty', '0.33338928', '8.011566']
['31320', 'empty', '3.557595804', '7.9175415']
['31327', 'empty', '0.37742615', '7.8735046']
['31366', 'empty', '0.39646912', '6.544147319']
['31431', 'empty', '0.41908264', '-6.947030454']
['31436', 'empty', '0.43455505', '7.941345']
['31437', 'empty', '0.36076355', '8.015137']
['31484', 'empty', '0.4381256', '7.9877625']
['31563', 'empty', '0.35838318', '4.443695103']
['31580', 'empty', '0.35362244', '7.9175415']
['31608', 'empty', '-0.904137013', '7.8973083']
['31629', 'empty', '0.42384338', '7.959198']
['31654', 'empty', '0.38337708', '7.933014']
['31755', 'empty', '0.37861633', '7.952057']
['31782', 'empty', '0.421463', '8.056793']
['31797', 'empty', '0.4226532', '8.0972595']
['31799', 'empty', '1.048717699', '5.598429408']
['31902', 'empty', '-2.469148282', '7.9544373']
['31923', 'empty', '0.4643097', '7.9758606']
['31991', 'empty', '-0.365193567', '7.9365845']
['31994', 'empty', '0.41670227', '7.9437256']
['32040', 'empty', '0.39646912', '8.03894']
['32042', 'empty', '0.47026062', '7.9830017']
['32070', 'empty', '0.4964447', '8.0008545']
['32127', 'empty', '0.43574524', '8.017517']
['32128', 'empty', '0.41789246', '7.9699097']
['32211', 'empty', '0.35005188', '8.054413']
['32227', 'empty', '0.40480042', '8.015137']
['32275', 'empty', '0.35362244', '8.0651245']
['32301', 'empty', '-3.273828068', '8.019897']
['32363', 'empty', '0.39170837', '8.010376']
['32372', 'empty', '0.39527893', '7.9627686']
['32461', 'empty', '0.43455505', '7.9353943']
['32555', 'empty', '0.3310089', '7.979431']
['32614', 'empty', '0.35243225', '7.812805']
['32670', 'empty', '2.492927857', '7.7651978']
['32671', 'empty', '0.45716858', '9.021787363']
['32746', 'empty', '-0.147120847', '7.8413696']
['32781', 'empty', '0.3905182', '6.854272111']
['32825', 'empty', '0.4226532', '8.048462']
['32835', 'empty', '0.38575745', '8.040131']
['32847', 'empty', '0.42622375', '4.381117801']
['32877', 'empty', '0.36790466', '8.046082']
['32917', 'empty', '1.469901796', '7.928253']
['32928', 'empty', '0.36790466', '7.965149']
['32956', 'empty', '0.33457947', '7.9175415']
['32960', 'empty', '-0.402948301', '8.003235']
['32982', 'empty', '0.3988495', '7.9437256']
['33049', 'empty', '0.42622375', '7.965149']
['33074', 'empty', '0.42027283', '5.899001225']
['33117', 'empty', '0.42027283', '8.0329895']
['33155', 'empty', '0.39408875', '7.946106']
['33176', 'empty', '0.3643341', '7.9699097']
['33179', 'empty', '0.38575745', '7.9568176']
['33212', 'empty', '0.38456726', '8.027039']
['33235', 'empty', '0.38813782', '7.984192']
['33306', 'empty', '0.3393402', '8.027039']
['33334', 'empty', '0.39289856', '8.073456']
['33352', 'empty', '0.248169848', '8.027039']
['33434', 'empty', '0.47502136', '8.10202']
['33442', 'empty', '0.4643097', '8.016327']
['33475', 'empty', '2.240887102', '7.97348']
['33487', 'empty', '0.43217468', '7.9806213']
['33517', 'empty', '0.40122986', '8.006805']
['33528', 'empty', '0.41551208', '7.978241']
['33547', 'empty', '0.34529114', '8.028229']
['33580', 'empty', '0.35838318', '7.9711']
['33591', 'empty', '1.82554004', '8.023468']
['33667', 'empty', '0.36671448', '8.0841675']
['33691', 'empty', '1.475137364', '8.104401']
['33701', 'empty', '0.40122986', '8.017517']
['33742', 'empty', '0.3405304', '7.9937134']
['33795', 'empty', '0.40956116', '8.028229']
['33903', 'empty', '0.30363464', '8.03418']
['33962', 'empty', '0.37028503', '8.024658']
['34006', 'empty', '0.35957336', '7.90683']
['34017', 'empty', '0.36790466', '7.9425354']
['34046', 'empty', '0.300075478', '8.03775']
['34060', 'empty', '0.34410095', '8.048462']
['34086', 'empty', '0.30244446', '7.9627686']
['34130', 'empty', '0.36671448', '7.8782654']
['34147', 'empty', '0.31910706', '8.508072504']
['34202', 'empty', '0.3083954', '8.010376']
['34242', 'empty', '0.27745056', '7.997284']
['34255', 'empty', '0.3143463', '7.977051']
['34284', 'empty', '0.34648132', '8.081787']
['34411', 'empty', '0.46788025', '5.83917254']
['34413', 'empty', '0.42622375', '8.124634']
['34481', 'empty', '0.44288635', '7.959198']
['34483', 'empty', '0.389328', '7.919922']
['34530', 'empty', '0.29530334', '8.142487']
['34629', 'empty', '0.4309845', '8.072266']
['34651', 'empty', '0.47502136', '12.09709396']
['34674', 'empty', '0.40242004', '7.9758606']
['34701', 'empty', '0.47026062', '7.912781']
['34764', 'empty', '0.3393402', '7.978241']
['34833', 'empty', '1.114918879', '7.940155']
['34845', 'empty', '0.995486078', '8.018707']
['34940', 'empty', '0.472641', '8.0008545']
['34954', 'empty', '0.47026062', '7.9818115']
['34996', 'empty', '2.207404779', '7.9818115']
['35029', 'empty', '0.52381897', '8.03894']
['35097', 'empty', '0.4226532', '8.009186']
['35123', 'empty', '0.4381256', '8.052032']
['35155', 'empty', '0.43693542', '8.059174']
['35190', 'empty', '0.44169617', '8.061554']
['35214', 'empty', '1.084891762', '5.586309954']
['35248', 'empty', '0.3655243', '14.18908768']
['35300', 'empty', '0.4143219', '7.958900988']
['35301', 'empty', '0.37742615', '8.081787']
['35311', 'empty', '1.817870627', '8.060364']
['35323', 'empty', '2.018636573', '7.9699097']
['35330', 'empty', '0.44288635', '8.016327']
['35380', 'empty', '0.36195374', '5.790925476']
['35417', 'empty', '0.39170837', '7.837799']
['35462', 'empty', '0.3726654', '8.081787']
['35480', 'empty', '0.3821869', '9.744886033']
['35530', 'empty', '0.4309845', '8.004425']
['35624', 'empty', '0.42027283', '8.125824']
['35629', 'empty', '0.4976349', '8.152008']
['35630', 'empty', '0.44050598', '3.781974372']
['35635', 'empty', '0.3988495', '8.086548']
['35652', 'empty', '0.39646912', '8.0329895']
['35689', 'empty', '1.532976673', '8.040131']
['35756', 'empty', '0.42860413', '8.043701']
['35761', 'empty', '-1.919437953', '13.29274762']
['35828', 'empty', '0.196739086', '8.047272']
['35857', 'empty', '0.40837097', '8.131775']
['35875', 'empty', '0.36790466', '8.021088']
['35909', 'empty', '0.088244102', '8.141296']
['35947', 'empty', '0.36671448', '8.724499201']
['35999', 'empty', '0.45002747', '20.1763209']
['36014', 'empty', '0.30958557', '8.138916']
['36017', 'empty', '0.36671448', '8.1163025']
['36079', 'empty', '0.43574524', '7.9496765']
['36119', 'empty', '0.51786804', '8.10321']
['36121', 'empty', '0.5154877', '8.094879']
['36129', 'empty', '0.32148743', '8.052032']
['36225', 'empty', '0.40480042', '8.153198']
['36258', 'empty', '0.472641', '7.953247']
['36261', 'empty', '0.45954895', '7.927063']
['36352', 'empty', '0.32505798', '7.9294434']
['36413', 'empty', '0.30958557', '7.946106']
['36424', 'empty', '-0.765461075', '8.040131']
['36567', 'empty', '0.27864075', '7.97229']
['36587', 'empty', '0.32148743', '7.9758606']
['36602', 'empty', '0.28459167', '8.03656']
['36685', 'empty', '0.33457947', '7.9818115']
['36732', 'empty', '0.32624817', '4.164957829']
['36743', 'empty', '0.37147522', '7.992523']
['36750', 'empty', '-1.482293548', '7.991333']
['36756', 'empty', '-3.110283583', '7.9246826']
['36785', 'empty', '-0.95191417', '7.881836']
['36832', 'empty', '-3.47058404', '7.985382']
['36863', 'empty', '-1.932218258', '7.9711']
['36916', 'empty', '0.45121765', '7.997284']
['37025', 'empty', '0.2750702', '8.054413']
['37041', 'empty', '0.5297699', '7.9865723']
['37055', 'empty', '0.5142975', '4.687200281']
['37188', 'empty', '0.3976593', '8.156769']
['37205', 'empty', '0.40122986', '7.9627686']
['37243', 'empty', '-1.13381727', '7.9830017']
['37319', 'empty', '0.37147522', '0.248127013']
['37342', 'empty', '0.37980652', '8.086548']
['37351', 'empty', '0.357193', '8.136536']
['37367', 'empty', '3.586414579', '8.048462']
['37373', 'empty', '0.421463', '6.503473514']
['37390', 'empty', '0.34529114', '4.622816643']
['37408', 'empty', '0.41075134', '9.327486998']
['37461', 'empty', '0.34529114', '7.959198']
['37467', 'empty', '0.37623596', '8.150818']
['37480', 'empty', '0.4071808', '8.128204']
['37536', 'empty', '0.32862854', '13.65794232']
['37599', 'empty', '0.35838318', '8.109161']
['37610', 'empty', '0.2917328', '8.222229']
['37637', 'empty', '0.28578186', '8.149628']
['37662', 'empty', '0.25245667', '5.180473994']
['37737', 'empty', '0.28697205', '8.236511']
['37770', 'empty', '-1.547971487', '8.016327']
['37788', 'empty', '0.23460388', '8.025848']
['37798', 'empty', '0.26197815', '8.082977']
['37822', 'empty', '0.24888611', '8.055603']
['37826', 'empty', '0.2167511', '8.063934']
['37848', 'empty', '0.30244446', '7.7842407']
['37877', 'empty', '0.2667389', '1.403823146']
['37891', 'empty', '0.24888611', '7.8592224']
['37990', 'empty', '0.2500763', '8.044891']
['38075', 'empty', '1.232885793', '7.881836']
['38088', 'empty', '-2.029717905', '7.293527998']
['38099', 'empty', '0.3476715', '8.011566']
['38172', 'empty', '0.35005188', '7.855652']
['38189', 'empty', '0.4143219', '7.958008']
['38210', 'empty', '-1.635079221', '8.422294391']
['38233', 'empty', '0.3405304', '7.8984985']
['38237', 'empty', '0.3488617', '7.8842163']
['38311', 'empty', '0.27983093', '13.30990044']
['38346', 'empty', '0.39527893', '7.953247']
['38357', 'empty', '0.30958557', '7.7651978']
['38375', 'empty', '3.610293703', '12.418549']
['38417', 'empty', '2.883323093', '8.071075']
['38445', 'empty', '0.3393402', '7.8865967']
['38487', 'empty', '0.3405304', '7.887787']
['38531', 'empty', '0.37147522', '7.9484863']
['38544', 'empty', '0.32981873', '7.862793']
['38549', 'empty', '0.37623596', '7.941345']
['38642', 'empty', '0.2667389', '5.582100877']
['38683', 'empty', '0.2917328', '8.018707']
['38729', 'empty', '0.19889832', '-0.597926075']
['38739', 'empty', '1.131757816', '8.061554']
['38754', 'empty', '0.05607605', '8.066315']
['38838', 'empty', '-0.24623108', '8.050842']
['38885', 'empty', '-0.20457458', '1.340250518']
['38964', 'empty', '0.451027107', '8.004425']
['38981', 'empty', '0.5476227', '14.67853866']
['39063', 'empty', '0.9891815', '8.3471985']
['39118', 'empty', '0.8939667', '7.946106']
['39142', 'empty', '-0.522385949', '8.662598']
['39168', 'empty', '0.9820404', '7.9496765']
['39172', 'empty', '0.9975128', '7.997284']
['39193', 'empty', '0.74638367', '1.091774045']
['39222', 'empty', '0.4059906', '7.947296']
['39229', 'empty', '0.33695984', '11.79332567']
['39245', 'empty', '0.07392883', '7.8925476']
['39298', 'empty', '-1.649780791', '7.8842163']
['39302', 'empty', '-0.75920105', '7.7818604']
['39327', 'empty', '-0.74967957', '7.9246826']
['39331', 'empty', '-0.893692', '7.8401794']
['39348', 'empty', '-0.49378967', '7.6104736']
['39436', 'empty', '0.09654236', '8.025848']
['39546', 'empty', '0.060836792', '7.896118']
['39553', 'empty', '0.044174194', '7.9675293']
['39554', 'empty', '0.04298401', '4.207951077']
['39559', 'empty', '-0.009384155', '14.28163206']
['39572', 'empty', '0.156594068', '7.9234924']
['39586', 'empty', '0.000137329', '7.960388']
['39634', 'empty', '0.02394104', '7.9508667']
['39692', 'empty', '0.05845642', '8.082977']
['39817', 'empty', '0.087020874', '7.9746704']
['39842', 'empty', '-0.007003784', '7.9544373']
['39854', 'empty', '-0.705176576', '7.9318237']
['39890', 'empty', '0.010848999', '8.056793']
['39902', 'empty', '0.044174194', '7.9437256']
['39970', 'empty', '0.052505493', '7.9830017']
['40015', 'empty', '0.06321716', '7.9044495']
['40027', 'empty', '0.048934937', '7.998474']
['40138', 'empty', '0.08345032', '7.894928']
['40152', 'empty', '0.390555942', '9.446833742']
['40231', 'empty', '-0.314492972', '7.8913574']
['40283', 'empty', '0.1834259', '7.900879']
['40349', 'empty', '0.4714508', '8.015137']
['40360', 'empty', '0.29530334', '8.062744']
['40381', 'empty', '0.40242004', '8.088928']
['40388', 'empty', '-1.260449977', '8.012756']
['40400', 'empty', '0.35243225', '7.9044495']
['40419', 'empty', '0.23579407', '8.246033']
['40425', 'empty', '0.3821869', '8.082977']
['40453', 'empty', '0.8903961', '8.119873']
['40465', 'empty', '0.68925476', '8.211517']
['40548', 'empty', '-0.79133606', '7.5438232']
['40557', 'empty', '-1.0043793', '7.7330627']
['40585', 'empty', '-1.608731013', '4.1988158']
['40595', 'empty', '-0.73420715', '7.516449']
['40661', 'empty', '-1.1400604', '7.8604126']
['40662', 'empty', '-1.0746002', '12.70020475']
['40780', 'empty', '-1.0400848', '8.344818']
['40820', 'empty', '-1.4923553', '8.516205']
['40897', 'empty', '-0.72587585', '10.2395935']
['40944', 'empty', '-0.5080719', '10.316956']
['41004', 'empty', '-1.58769977', '10.240784']
['41032', 'empty', '-0.5140228', '10.240784']
['41039', 'empty', '-0.5390167', '6.34163768']
['41067', 'empty', '-0.38310242', '10.316956']
['41079', 'empty', '-0.3854828', '10.256256']
['41084', 'empty', '0.016479611', '10.2395935']
['41118', 'empty', '-0.4925995', '10.277679']
['41138', 'empty', '-0.5509186', '10.234833']
['41152', 'empty', '-0.57948303', '10.186035']
['41196', 'empty', '-0.5890045', '10.356232']
['41213', 'empty', '-0.7127838', '10.21698']
['41214', 'empty', '-1.971190015', '10.190796']
['41292', 'empty', '-0.6806488', '10.212219']
['41342', 'empty', '-0.6068573', '10.197937']
['41374', 'empty', '-0.72587585', '10.256256']
['41403', 'empty', '-0.7115936', '10.258636']
['41412', 'empty', '-0.5747223', '10.370514']
['41432', 'empty', '-2.124704485', '10.234833']
['41464', 'empty', '-0.6235199', '10.299103']
['41528', 'empty', '-0.66874695', '6.390380525']
['41621', 'empty', '-0.5830536', '10.183655']
['41627', 'empty', '-0.598526', '10.261017']
['41669', 'empty', '-0.6294708', '7.829431577']
['41689', 'empty', '-0.5747223', '10.270538']
['41694', 'empty', '2.290696926', '10.337189']
['41801', 'empty', '-0.4914093', '3.007126535']
['41817', 'empty', '-0.4914093', '15.2497727']
['41827', 'empty', '-0.47950745', '10.247925']
['41868', 'empty', '-0.50331116', '10.213409']
['41985', 'empty', '-0.5556793', '10.315765']
['42002', 'empty', '-0.56163025', '10.266968']
['42032', 'empty', '0.08891305', '10.183655']
['42063', 'empty', '0.254993211', '10.295532']
['42070', 'empty', '-0.48783875', '10.28244']
['42133', 'empty', '-0.566391', '10.21936']
['42173', 'empty', '-0.52711487', '10.253876']
['42196', 'empty', '-0.52116394', '10.194366']
['42244', 'empty', '-0.5318756', '10.353851']
['42254', 'empty', '-5.722162505', '10.265778']
['42283', 'empty', '-0.06888864', '10.294342']
['42290', 'empty', '-0.47355652', '10.238403']
['42291', 'empty', '-0.5009308', '10.257446']
['42336', 'empty', '-0.5390167', '10.21698']
['42423', 'empty', '-1.956870787', '10.320526']
['42499', 'empty', '-0.943901812', '10.350281']
['42589', 'empty', '-0.47950745', '10.236023']
['42603', 'empty', '-0.50331116', '10.46077465']
['42629', 'empty', '-0.52116394', '9.105406324']
['42643', 'empty', '-0.4997406', '10.299103']
['42662', 'empty', '-1.823952481', '7.242221575']
['42672', 'empty', '-0.47712708', '10.213409']
['42748', 'empty', '-0.48783875', '10.262207']
['42776', 'empty', '-0.5330658', '10.202698']
['42832', 'empty', '-0.547348', '10.244354']
['42898', 'empty', '0.391513832', '10.196747']
['42929', 'empty', '-0.4664154', '10.188416']
['42952', 'empty', '-0.48664856', '8.815837092']
['42978', 'empty', '-0.5485382', '10.2717285']
['43043', 'empty', '-1.588435586', '10.208649']
['43053', 'empty', '-0.52830505', '10.144379']
['43118', 'empty', '-0.49617004', '11.11692707']
['43146', 'empty', '-0.5747223', '10.196747']
['43229', 'empty', '-0.56877136', '12.13600038']
['43239', 'empty', '-0.5425873', '10.266968']
['43258', 'empty', '-0.5402069', '10.197937']
['43261', 'empty', '-0.4997406', '10.291962']
['43328', 'empty', '-0.56877136', '10.265778']
['43437', 'empty', '-0.4330902', '10.28006']
['43443', 'empty', '-0.4676056', '10.206268']
['43456', 'empty', '-0.52116394', '10.269348']
['43462', 'empty', '1.079006561', '10.234833']
['43465', 'empty', '-0.5247345', '10.182465']
['43489', 'empty', '-0.48188782', '10.314575']
['43512', 'empty', '-0.46998596', '10.263397']
['43547', 'empty', '-0.5223541', '6.598298794']
['43560', 'empty', '-0.5413971', '6.507159212']
['43565', 'empty', '2.362150978', '10.284821']
['43606', 'empty', '-0.502121', '10.213409']
['43638', 'empty', '-0.4925995', '10.21698']
['43698', 'empty', '-0.4664154', '10.269348']
['43732', 'empty', '-0.515213', '10.303864']
['43740', 'empty', '-0.5175934', '10.237213']
['43748', 'empty', '-0.47117615', '10.85159823']
['43793', 'empty', '-0.5556793', '10.241974']
['44011', 'empty', '-0.47712708', '10.113434']
['44038', 'empty', '-0.56044006', '10.234833']
['44039', 'empty', '-0.49855042', '10.197937']
['44092', 'empty', '-0.58543396', '10.247925']
['44185', 'empty', '-0.48069763', '10.230072']
['44230', 'empty', '-0.5175934', '7.202952312']
['44344', 'empty', '-0.5592499', '9.862108097']
['44385', 'empty', '-1.519666952', '10.241974']
['44402', 'empty', '-0.49378967', '10.221741']
['44426', 'empty', '-0.56282043', '10.202698']
['44443', 'empty', '-0.5390167', '10.245544']
['44451', 'empty', '-0.5056915', '10.206268']
['44462', 'empty', '-0.47950745', '7.898264646']
['44486', 'empty', '-0.55448914', '10.308624']
['44520', 'empty', '-0.5080719', '10.237213']
['44553', 'empty', '-0.5901947', '10.334808']
['44557', 'empty', '-0.6080475', '10.2717285']
['44567', 'empty', '-0.5485382', '10.195557']
['44570', 'empty', '1.535751985', '10.249115']
['44579', 'empty', '-0.547348', '10.238403']
['44599', 'empty', '-0.53544617', '10.241974']
['44698', 'empty', '-0.5056915', '10.269348']
['44806', 'empty', '-0.51997375', '10.197937']
['44840', 'empty', '-0.456686165', '10.2717285']
['44888', 'empty', '-0.51283264', '10.200317']
['44914', 'empty', '-0.54496765', '10.227692']
['44917', 'empty', '-0.534256', '10.186035']
['44942', 'empty', '-0.49855042', '12.20512005']
['44952', 'empty', '-0.5056915', '10.2907715']
['45030', 'empty', '-0.6139984', '8.632751074']
['45151', 'empty', '-0.56877136', '10.3479']
['45184', 'empty', '-3.49802256', '10.246735']
['45187', 'empty', '-0.534256', '10.182465']
['45382', 'empty', '-0.54496765', '10.141998']
['45418', 'empty', '-0.48902893', '10.241974']
['45480', 'empty', '-0.5164032', '10.307434']
['45610', 'empty', '-0.5080719', '10.349091']
['45621', 'empty', '-0.5723419', '10.252686']
['45628', 'empty', '-0.5390167', '2.614541395']
['45670', 'empty', '-0.47236633', '10.353851']
['45746', 'empty', '0.141464102', '10.309814']
['45804', 'empty', '-0.5164032', '10.264587']
['45879', 'empty', '-0.46046448', '10.203888']
['45882', 'empty', '-0.48664856', '10.231262']
['45883', 'empty', '-0.44023132', '16.79506565']
['45939', 'empty', '-0.53544617', '10.259827']
['45946', 'empty', '-0.46165466', '10.275299']
['45958', 'empty', '-0.4259491', '10.157471']
['45981', 'empty', '-0.41880798', '10.236023']
['45995', 'empty', '2.468275706', '10.272919']
['46010', 'empty', '-0.58781433', '10.246735']
['46056', 'empty', '-0.5747223', '10.243164']
['46149', 'empty', '-0.5223541', '10.284821']
['46150', 'empty', '-0.48783875', '7.376647815']
['46204', 'empty', '-1.167383502', '10.141998']
['46222', 'empty', '-0.47950745', '10.33596152']
['46232', 'empty', '-0.51283264', '10.231262']
['46270', 'empty', '-0.55210876', '10.202698']
['46292', 'empty', '-0.56877136', '10.202698']
['46301', 'empty', '-0.515213', '10.2717285']
['46352', 'empty', '-0.4247589', '10.28006']
['46372', 'empty', '-0.502121', '10.252686']
['46408', 'empty', '-0.53544617', '10.356232']
['46482', 'empty', '-0.46046448', '10.194366']
['46488', 'empty', '-0.5330658', '10.257446']
['46500', 'empty', '-1.315061854', '8.194548246']
['46535', 'empty', '-0.46879578', '10.240784']
['46578', 'empty', '-0.48545837', '10.249115']
['46588', 'empty', '-0.515213', '10.272919']
['46607', 'empty', '-0.42237854', '10.272919']
['46625', 'empty', '-0.450943', '10.265778']
['46681', 'empty', '-0.5009308', '10.303864']
['46695', 'empty', '-0.48664856', '10.266968']
['46706', 'empty', '-0.4925995', '10.277679']
['46738', 'empty', '0.961541904', '10.277679']
['46846', 'empty', '-0.50331116', '10.274109']
['46853', 'empty', '-0.49378967', '10.258636']
['46869', 'empty', '-0.49736023', '13.31825683']
['46871', 'empty', '-0.45570374', '10.237213']
['46908', 'empty', '-1.437839877', '10.299103']
['46940', 'empty', '-0.48664856', '10.261017']
['46961', 'empty', '-0.5092621', '10.228882']
['46963', 'empty', '-0.5235443', '10.261017']
['47096', 'empty', '-0.47117615', '11.46615427']
['47119', 'empty', '-1.869053387', '10.276489']
['47131', 'empty', '2.276806317', '10.294342']
['47149', 'empty', '-0.4330902', '10.330048']
['47197', 'empty', '-0.5318756', '10.109863']
['47246', 'empty', '-0.502121', '10.183655']
['47312', 'empty', '-0.5140228', '10.253876']
['47494', 'empty', '-0.45451355', '10.349091']
['47503', 'empty', '-0.4997406', '10.247925']
['47529', 'empty', '-1.220267056', '10.259827']
['47539', 'empty', '-2.885626291', '10.21936']
['47560', 'empty', '-0.46165466', '10.334808']
['47590', 'empty', '-0.5652008', '10.226501']
['47609', 'empty', '-0.547348', '10.222931']
['47654', 'empty', '-0.52116394', '10.257446']
['47659', 'empty', '-0.5175934', '10.28125']
['47666', 'empty', '-0.52830505', '10.158661']
['47694', 'empty', '-0.5104523', '10.213409']
['47715', 'empty', '-0.48783875', '10.288391']
['47719', 'empty', '-0.50331116', '10.245544']
['47785', 'empty', '-0.55329895', '10.21698']
['47810', 'empty', '-0.103222112', '10.396698']
['47833', 'empty', '-0.4342804', '10.360992']
['47879', 'empty', '1.3624576', '10.241974']
['47930', 'empty', '-0.57115173', '10.21936']
['47962', 'empty', '-0.940735406', '10.178894']
['48001', 'empty', '-0.5140228', '10.197937']
['48052', 'empty', '-0.52711487', '10.270538']
['48060', 'empty', '-0.5485382', '10.249115']
['48123', 'empty', '-0.49617004', '10.276489']
['48143', 'empty', '-0.50450134', '10.182465']
['48148', 'empty', '-0.5080719', '10.28006']
['48167', 'empty', '-0.515213', '10.176514']
['48186', 'empty', '-0.4676056', '10.287201']
['48198', 'empty', '1.449508736', '10.264587']
['48257', 'empty', '1.413273839', '10.206268']
['48275', 'empty', '-0.48664856', '10.289581']
['48302', 'empty', '-0.021991578', '10.209839']
['48319', 'empty', '-0.46403503', '10.2146']
['48339', 'empty', '-0.47117615', '10.250305']
['48343', 'empty', '-0.47355652', '10.265778']
['48458', 'empty', '-0.5104523', '10.2146']
['48505', 'empty', '-0.4997406', '10.362183']
['48533', 'empty', '-0.5092621', '14.10923386']
['48547', 'empty', '-1.891544477', '10.28125']
['48577', 'empty', '-0.5259247', '10.275299']
['48659', 'empty', '4.157428086', '10.275299']
['48726', 'empty', '-0.5413971', '10.275299']
['48768', 'empty', '-0.49736023', '10.276489']
['48835', 'empty', '-0.51283264', '10.247925']
['48873', 'empty', '-0.49497986', '10.240784']
['48935', 'empty', '-0.5223541', '16.21785066']
['48953', 'empty', '-0.57948303', '10.164612']
['48969', 'empty', '-0.4592743', '10.222931']
['48970', 'empty', '-0.42951965', '10.233643']
['48994', 'empty', '-0.50450134', '10.294342']
['49037', 'empty', '-2.23672463', '10.316956']
['49073', 'empty', '1.145787527', '10.274109']
['49077', 'empty', '0.523099291', '11.31513693']
['49083', 'empty', '-0.502121', '10.232452']
['49109', 'empty', '-0.63423157', '10.21579']
['49128', 'empty', '-0.48902893', '10.266968']
['49152', 'empty', '-0.60209656', '10.351471']
['49181', 'empty', '-0.45451355', '10.332428']
['49223', 'empty', '-0.46522522', '10.181274']
['49283', 'empty', '-0.46046448', '10.261017']
['49297', 'empty', '-0.566391', '10.2074585']
['49389', 'empty', '-0.48069763', '7.266606851']
['49413', 'empty', '-0.48069763', '10.213409']
['49464', 'empty', '-0.5413971', '10.339569']
['49469', 'empty', '-0.5235443', '10.337189']
['49524', 'empty', '-0.5425873', '10.301483']
['49532', 'empty', '-0.5901947', '15.63658517']
['49591', 'empty', '-0.5056915', '10.27887']
['49602', 'empty', '-0.41404724', '3.653690788']
['49604', 'empty', '-0.44023132', '10.2907715']
['49605', 'empty', '-0.44856262', '10.197937']
['49626', 'empty', '-0.48664856', '10.268158']
['49642', 'empty', '-0.46998596', '10.291962']
['49652', 'empty', '-0.44499207', '10.209839']
['49681', 'empty', '-0.49378967', '10.251495']
['49689', 'empty', '-0.5009308', '10.265778']
['49714', 'empty', '-0.483078', '10.224121']
['49720', 'empty', '-0.547348', '17.57919234']
['49733', 'empty', '-0.53544617', '10.302673']
['49734', 'empty', '-0.4997406', '10.15033']
['49806', 'empty', '-0.368069561', '10.2395935']
['49826', 'empty', '-0.502121', '10.221741']
['49829', 'empty', '-0.4747467', '10.313385']
['49835', 'empty', '-0.4664154', '10.318146']
['49910', 'empty', '0.279286778', '8.060931937']
['49982', 'empty', '-0.5247345', '10.247925']
['50000', 'empty', '-0.4914093', '10.258636']
['50039', 'empty', '-0.5247345', '10.262207']
['50057', 'empty', '-0.4080963', '10.241974']
['50087', 'empty', '-0.5497284', '10.184845']
['50170', 'empty', '-0.5140228', '10.236023']
['50188', 'empty', '-0.5009308', '10.272919']
['50277', 'empty', '-0.666208426', '10.263397']
['50291', 'empty', '0.312294461', '15.215691']
['50294', 'empty', '-0.5068817', '10.299103']
['50296', 'empty', '-1.265757042', '10.95350574']
['50302', 'empty', '-1.181866226', '11.47479779']
['50322', 'empty', '-0.46284485', '3.972787455']
['50324', 'empty', '-0.47831726', '11.6166319']
['50360', 'empty', '-0.5592499', '10.134857']
['50375', 'empty', '-0.52711487', '10.266968']
['50396', 'empty', '-1.541780908', '10.275299']
['50516', 'empty', '-0.083580331', '10.251495']
['50526', 'empty', '1.670680721', '10.265778']
['50537', 'empty', '-0.076898734', '10.251495']
['50593', 'empty', '-0.47831726', '10.236023']
['50596', 'empty', '-0.515213', '10.274109']
['50610', 'empty', '-0.48069763', '10.28125']
['50623', 'empty', '-0.46879578', '10.228882']
['50668', 'empty', '-0.4664154', '10.297913']
['50697', 'empty', '-0.5509186', '10.184845']
['50835', 'empty', '0.027444201', '10.302673']
['50866', 'empty', '-0.52830505', '10.287201']
['50920', 'empty', '-0.48664856', '10.137238']
['50926', 'empty', '-0.4842682', '10.208649']
['50952', 'empty', '-0.4676056', '10.306244']
['50966', 'empty', '-0.61994934', '10.245544']
['50996', 'empty', '-0.4925995', '10.295532']
['51015', 'empty', '-0.5497284', '10.287201']
['51071', 'empty', '-0.46522522', '10.272919']
['51074', 'empty', '0.452773979', '10.244354']
['51075', 'empty', '-0.52711487', '8.028880622']
['51084', 'empty', '-0.43070984', '10.272919']
['51117', 'empty', '-0.43547058', '10.28125']
['51216', 'empty', '-0.50331116', '10.295532']
['51248', 'empty', '-1.138700077', '11.06278091']
['51252', 'empty', '-0.56044006', '10.0905459']
['51262', 'empty', '-0.51997375', '10.237213']
['51270', 'empty', '1.262246936', '10.21817']
['51298', 'empty', '-0.5497284', '10.245544']
['51341', 'empty', '-0.5247345', '10.263397']
['51382', 'empty', '-0.5175934', '10.272919']
['51439', 'empty', '-0.53544617', '4.191510294']
['51440', 'empty', '-0.5009308', '10.272919']
['51469', 'empty', '-0.48902893', '10.261017']
['51567', 'empty', '-0.51997375', '10.302673']
['51584', 'empty', '-0.945287189', '10.293152']
['51604', 'empty', '-0.54496765', '10.287201']
['51628', 'empty', '-0.4580841', '10.266968']
['51667', 'empty', '-1.445239463', '10.209839']
['51672', 'empty', '-0.5056915', '10.251495']
['51720', 'empty', '-0.5259247', '10.2907715']
['51808', 'empty', '-1.029481617', '10.263397']
['51829', 'empty', '0.045571801', '10.308624']
['51933', 'empty', '-0.4914093', '10.28363']
['51934', 'empty', '-2.073835464', '4.724324892']
['51976', 'empty', '-3.536790657', '10.245544']
['51977', 'empty', '-0.4914093', '10.250305']
['51988', 'empty', '-0.5104523', '11.47951307']
['52032', 'empty', '-0.49021912', '10.184845']
['52079', 'empty', '-0.53782654', '10.324097']
['52083', 'empty', '1.12839044', '10.309814']
['52096', 'empty', '-0.49736023', '10.286011']
['52110', 'empty', '2.641728036', '10.225311']
['52113', 'empty', '-0.5068817', '4.470763274']
['52154', 'empty', '-0.5402069', '3.040826617']
['52182', 'empty', '-0.4842682', '10.34671']
['52285', 'empty', '-0.5318756', '10.2717285']
['52286', 'empty', '-0.48545837', '10.293152']
['52313', 'empty', '-0.5235443', '10.222931']
['52347', 'empty', '-0.5306854', '10.85637898']
['52365', 'empty', '-0.52116394', '10.211029']
['52376', 'empty', '-0.48902893', '13.49252746']
['52391', 'empty', '-0.5330658', '10.268158']
['52396', 'empty', '-2.960760682', '10.262207']
['52414', 'empty', '-0.4592743', '10.180084']
['52704', 'empty', '-0.51164246', '10.2395935']
['52777', 'empty', '-0.49497986', '10.257446']
['52780', 'empty', '-0.46284485', '10.1562805']
['52807', 'empty', '-0.5652008', '10.357422']
['52824', 'empty', '-0.5592499', '10.274109']
['52858', 'empty', '-0.483078', '9.921801965']
['52885', 'empty', '-0.5925751', '10.258636']
['52959', 'empty', '-0.515213', '10.34314']
['52985', 'empty', '-2.971088471', '10.232452']
['52995', 'empty', '-0.5390167', '10.27887']
['53013', 'empty', '-0.5413971', '10.286011']
['53067', 'empty', '-0.49497986', '10.276489']
['53081', 'empty', '-0.47355652', '10.272919']
['53087', 'empty', '-0.50450134', '10.208649']
['53093', 'empty', '-0.45689392', '10.2074585']
['53133', 'empty', '-0.53663635', '10.258636']
['53168', 'empty', '-0.47117615', '11.50399561']
['53182', 'empty', '-0.5056915', '10.27887']
['53358', 'empty', '-0.51997375', '10.208649']
['53397', 'empty', '-0.48783875', '10.252686']
['53525', 'empty', '-0.5390167', '10.113434']
['53582', 'empty', '0.593244764', '10.209839']
['53593', 'empty', '-0.730565745', '10.284821']
['53615', 'empty', '-0.5485382', '10.21579']
['53649', 'empty', '-0.48664856', '10.28006']
['53657', 'empty', '-0.51878357', '10.193176']
['53692', 'empty', '-0.4580841', '10.295532']
['53707', 'empty', '-0.55448914', '10.243164']
['53723', 'empty', '-0.5092621', '10.359802']
['53731', 'empty', '-0.6056671', '10.2146']
['53739', 'empty', '-0.5640106', '10.228882']
['53740', 'empty', '-0.5330658', '10.220551']
['53785', 'empty', '-0.4676056', '10.232452']
['53798', 'empty', '-3.84577987', '14.72646812']
['53820', 'empty', '0.491098596', '10.161041']
['53842', 'empty', '-0.49617004', '10.206268']
['53906', 'empty', '-0.5306854', '12.25873322']
['53928', 'empty', '-0.49617004', '10.261017']
['53969', 'empty', '-0.56877136', '10.27887']
['54034', 'empty', '-0.51878357', '10.191986']
['54063', 'empty', '-0.56282043', '15.59976423']
['54131', 'empty', '-0.50331116', '10.213409']
['54132', 'empty', '-0.682389898', '4.104770969']
['54146', 'empty', '-0.55210876', '10.212219']
['54160', 'empty', '-0.52949524', '10.21817']
['54194', 'empty', '-0.5640106', '10.2395935']
['54231', 'empty', '-0.5009308', '10.262207']
['54250', 'empty', '-0.5164032', '10.208649']
['54266', 'empty', '-0.5306854', '10.363373']
['54298', 'empty', '-0.4676056', '10.240784']
['54344', 'empty', '-0.53782654', '10.234833']
['54363', 'empty', '-0.46046448', '10.309814']
['54408', 'empty', '-0.5592499', '8.039639333']
['54510', 'empty', '-0.52949524', '10.269348']
['54544', 'empty', '-0.483078', '10.222931']
['54560', 'empty', '-0.5306854', '10.211029']
['54681', 'empty', '-0.5747223', '10.28363']
['54694', 'empty', '-0.304532784', '10.287201']
['54706', 'empty', '-0.5175934', '10.184845']
['54721', 'empty', '-0.5223541', '10.312195']
['54756', 'empty', '-0.50331116', '10.277679']
['54776', 'empty', '0.751781098', '10.296722']
['54783', 'empty', '-0.5104523', '10.276489']
['54789', 'empty', '-2.195831132', '10.237213']
['54892', 'empty', '-0.49021912', '10.266968']
['54904', 'empty', '-0.53663635', '10.274109']
['54910', 'empty', '-0.46403503', '0.43071114']
['54929', 'empty', '-0.4997406', '10.228882']
['54945', 'empty', '-0.188576824', '15.91954963']
['54961', 'empty', '-0.42713928', '10.255066']
['54966', 'empty', '-0.46403503', '6.745884377']
['55027', 'empty', '-0.48902893', '10.266968']
['55125', 'empty', '-0.54496765', '10.226501']
['55156', 'empty', '-0.5223541', '10.272919']
['55159', 'empty', '-0.5652008', '10.21936']
['55194', 'empty', '-0.5056915', '8.772811507']
['55202', 'empty', '-0.50450134', '10.274109']
['55205', 'empty', '-0.50331116', '10.28363']
['55212', 'empty', '-0.58662415', '3.650094372']
['55269', 'empty', '-0.5723419', '10.164612']
['55272', 'empty', '-0.55210876', '10.238403']
['55274', 'empty', '-0.5056915', '10.299103']
['55275', 'empty', '1.124051878', '10.227692']
['55297', 'empty', '-0.515213', '10.2074585']
['55329', 'empty', '-0.5390167', '10.312195']
['55339', 'empty', '-0.51164246', '10.250305']
['55343', 'empty', '-0.5080719', '10.202698']
['55366', 'empty', '-0.4925995', '14.83246845']
['55375', 'empty', '-0.46998596', '10.326477']
['55379', 'empty', '-0.5056915', '10.295532']
['55397', 'empty', '-0.5759125', '10.21698']
['55403', 'empty', '-0.5235443', '8.838581869']
['55437', 'empty', '-0.057147709', '10.1753235']
['55442', 'empty', '-1.488298851', '16.62067564']
['55448', 'empty', '-0.5556793', '13.21922965']
['55538', 'empty', '-0.54615784', '10.251495']
['55604', 'empty', '-0.5175934', '10.291962']
['55627', 'empty', '-0.5592499', '10.261017']
['55628', 'empty', '-0.5259247', '10.258636']
['55657', 'empty', '0.43252291', '10.245544']
['55715', 'empty', '-0.5247345', '10.197937']
['55752', 'empty', '-0.483078', '10.277679']
['55772', 'empty', '-0.5259247', '10.194366']
['55773', 'empty', '-0.49497986', '10.226501']
['55784', 'empty', '-0.56996155', '10.255066']
['55788', 'empty', '-0.54615784', '10.265778']
['55825', 'empty', '-0.56044006', '10.314575']
['55839', 'empty', '-0.5318756', '10.195557']
['55844', 'empty', '-0.53544617', '10.241974']
['55846', 'empty', '-0.56163025', '10.224121']
['55848', 'empty', '-0.47831726', '10.197937']
['55870', 'empty', '-1.120570606', '10.262207']
['55873', 'empty', '-1.593176899', '10.352661']
['55876', 'empty', '0.576317709', '10.382416']
['55898', 'empty', '-0.49021912', '10.193176']
['55932', 'empty', '-0.6223297', '10.324097']
['55973', 'empty', '-0.49617004', '10.300293']
['56024', 'empty', '-0.5747223', '10.203888']
['56029', 'empty', '-0.5235443', '10.2074585']
['56052', 'empty', '-0.46403503', '10.294342']
['56054', 'empty', '-0.46998596', '10.309814']
['56070', 'empty', '-0.5175934', '8.656489703']
['56108', 'empty', '-0.5175934', '10.2395935']
['56151', 'empty', '-0.57710266', '10.253876']
['56169', 'empty', '-0.5104523', '5.941704791']
['56296', 'empty', '-0.566391', '10.262207']
['56346', 'empty', '-0.5723419', '11.58520542']
['56355', 'empty', '-0.50450134', '12.35891833']
['56377', 'empty', '-0.5747223', '10.246735']
['56385', 'empty', '-0.51997375', '10.276489']
['56418', 'empty', '-0.5306854', '10.208649']
['56450', 'empty', '-0.5402069', '10.234833']
['56509', 'empty', '-0.51878357', '10.286011']
['56530', 'empty', '-0.48664856', '8.33909064']
['56598', 'empty', '-0.51997375', '10.21698']
['56634', 'empty', '-0.5402069', '10.311005']
['56664', 'empty', '-0.52116394', '10.303864']
['56675', 'empty', '-0.5068817', '3.91401327']
['56682', 'empty', '-0.52711487', '10.180084']
['56687', 'empty', '-0.55210876', '10.211029']
['56711', 'empty', '-0.5080719', '10.266968']
['56783', 'empty', '-0.47950745', '10.276489']
['56837', 'empty', '-0.51997375', '10.318146']
['56866', 'empty', '-0.5580597', '10.2717285']
['56920', 'empty', '-0.5164032', '10.238403']
['56949', 'empty', '-0.5009308', '10.252686']
['56960', 'empty', '-2.338689541', '10.309814']
['56991', 'empty', '-0.566391', '10.291962']
['57011', 'empty', '-0.51997375', '10.230072']
['57027', 'empty', '-0.691910345', '10.294342']
['57267', 'empty', '-0.57948303', '21.40743695']
['57269', 'empty', '-0.5556793', '10.294342']
['57272', 'empty', '-1.736090043', '10.232452']
['57444', 'empty', '-0.515213', '10.28244']
['57467', 'empty', '-0.5402069', '11.00815468']
['57539', 'empty', '-0.57115173', '10.30993514']
['57571', 'empty', '-0.168921241', '10.253876']
['57643', 'empty', '-0.5723419', '10.296722']
['57654', 'empty', '2.25319339', '10.208649']
['57757', 'empty', '-0.600177876', '10.252686']
['57806', 'empty', '-0.49497986', '10.269348']
['57823', 'empty', '-0.5140228', '10.202698']
['57850', 'empty', '0.299460454', '10.250305']
['57946', 'empty', '-0.5318756', '10.245544']
['58020', 'empty', '-0.51997375', '5.619525798']
['58151', 'empty', '-0.5080719', '10.326477']
['58177', 'empty', '-0.5259247', '10.28244']
['58183', 'empty', '-0.54615784', '10.191986']
['58197', 'empty', '-0.5640106', '10.101532']
['58263', 'empty', '-1.648714399', '10.3229065']
['58277', 'empty', '0.291850779', '10.165802']
['58346', 'empty', '-0.5390167', '10.28363']
['58381', 'empty', '-0.49855042', '10.256256']
['58387', 'empty', '-0.5485382', '10.309814']
['58394', 'empty', '-0.547348', '10.21698']
['58473', 'empty', '-0.54377747', '10.21698']
['58485', 'empty', '-0.55448914', '10.257446']
['58540', 'empty', '-0.5425873', '10.232452']
['58541', 'empty', '-0.52830505', '10.252686']
['58563', 'empty', '-0.502121', '10.227692']
['58667', 'empty', '-0.5235443', '6.284113093']
['58698', 'empty', '-0.47831726', '10.340759']
['58716', 'empty', '-0.4676056', '10.172943']
['58728', 'empty', '-0.5009308', '10.238403']
['58771', 'empty', '-0.5497284', '10.28244']
['58779', 'empty', '-0.51283264', '10.21579']
['58782', 'empty', '-0.54615784', '10.257446']
['58840', 'empty', '-0.53782654', '15.71436655']
['58929', 'empty', '-0.56877136', '10.293152']
['58964', 'empty', '-0.5330658', '11.18819849']
['58989', 'empty', '-0.4925995', '10.327667']
['59027', 'empty', '-1.49344955', '10.212219']
['59113', 'empty', '-0.5640106', '10.232452']
['59144', 'empty', '-0.47831726', '10.201508']
['59151', 'empty', '-0.50331116', '10.2395935']
['59168', 'empty', '-0.5164032', '7.515121272']
['59177', 'empty', '0.20641205', '10.224121']
['59184', 'empty', '-0.48188782', '10.243164']
['59205', 'empty', '-0.48902893', '10.331238']
['59218', 'empty', '-0.43190002', '10.272919']
['59245', 'empty', '-0.5735321', '10.246735']
['59299', 'empty', '-0.51878357', '10.226501']
['59300', 'empty', '-0.43785095', '10.21817']
['59320', 'empty', '-0.5140228', '10.149139']
['59337', 'empty', '-0.57115173', '10.302673']
['59355', 'empty', '-0.5104523', '10.268158']
['59369', 'empty', '-1.980059558', '10.306244']
['59439', 'empty', '-0.51283264', '10.182465']
['59481', 'empty', '-0.52116394', '10.200317']
['59508', 'empty', '-0.5330658', '10.303864']
['59512', 'empty', '0.956511956', '10.277679']
['59522', 'empty', '-0.56877136', '10.252686']
['59548', 'empty', '-0.5318756', '10.196747']
['59583', 'empty', '-0.5164032', '10.276489']
['59601', 'empty', '-0.5723419', '9.020875667']
['59685', 'empty', '-2.245658832', '10.2146']
['59704', 'empty', '-0.5068817', '10.368134']
['59732', 'empty', '-0.51997375', '10.261017']
['59782', 'empty', '-0.4580841', '10.237213']
['59793', 'empty', '-0.55329895', '10.272919']
['59803', 'empty', '0.067124899', '10.303864']
['59836', 'empty', '-0.730779123', '10.199127']
['59891', 'empty', '-0.5306854', '10.221741']
['60126', 'empty', '-0.5330658', '12.82619943']
['60155', 'empty', '-0.4925995', '10.272919']
['60202', 'empty', '-0.5092621', '10.228882']
['60223', 'empty', '-0.52116394', '10.256256']
['60227', 'empty', '-0.54496765', '10.320526']
['60312', 'empty', '-0.5568695', '8.385679226']
['60341', 'empty', '-0.324850113', '5.558249384']
['60444', 'empty', '-0.49497986', '10.251495']
['60473', 'empty', '2.326812241', '10.28006']
['60477', 'empty', '-0.5223541', '10.263397']
['60483', 'empty', '-0.48545837', '10.232452']
['60493', 'empty', '-0.502121', '7.629588037']
['60499', 'empty', '-0.49378967', '3.882961796']
['60502', 'empty', '-0.49378967', '10.2907715']
['60514', 'empty', '-0.5092621', '10.253876']
['60559', 'empty', '-0.48783875', '10.243164']
['60651', 'empty', '-0.44380188', '10.259827']
['60656', 'empty', '-0.52830505', '10.2717285']
['60675', 'empty', '-0.53544617', '5.235547115']
['60734', 'empty', '-0.4997406', '10.253876']
['60769', 'empty', '-2.11034121', '10.257446']
['60770', 'empty', '-0.4997406', '10.34314']
['60788', 'empty', '-0.49736023', '10.256256']
['60830', 'empty', '-0.88013851', '10.196747']
['60841', 'empty', '-0.5580597', '17.77257725']
['60862', 'empty', '-0.547348', '10.209839']
['60967', 'empty', '-0.44499207', '10.301483']
['61029', 'empty', '-0.4664154', '10.315765']
['61048', 'empty', '-0.5235443', '10.15271']
['61119', 'empty', '-0.476945402', '10.249115']
['61127', 'empty', '-0.5425873', '10.261017']
['61146', 'empty', '-0.4925995', '10.213409']
['61165', 'empty', '-0.47950745', '10.209839']
['61172', 'empty', '-0.47712708', '10.337189']
['61196', 'empty', '-0.51283264', '10.238403']
['61209', 'empty', '-0.5580597', '10.247925']
['61288', 'empty', '-0.5223541', '10.270538']
['61470', 'empty', '-0.52711487', '10.253876']
['61523', 'empty', '-0.647527434', '10.312195']
['61555', 'empty', '-3.082191347', '10.28363']
['61564', 'empty', '-0.51283264', '10.21698']
['61565', 'empty', '-0.53782654', '10.188416']
['61594', 'empty', '-0.44856262', '10.224121']
['61618', 'empty', '-0.49736023', '10.262207']
['61622', 'empty', '-0.51878357', '10.199127']
['61681', 'empty', '-0.46284485', '10.21817']
['61694', 'empty', '-0.55329895', '10.184845']
['61698', 'empty', '-0.5735321', '8.518648997']
['61700', 'empty', '-0.547348', '10.272919']
['61710', 'empty', '-0.49855042', '10.314575']
['61715', 'empty', '-0.5080719', '10.244354']
['61718', 'empty', '-3.756394339', '10.213409']
['61722', 'empty', '-0.45213318', '10.225311']
['61729', 'empty', '-0.566391', '10.3229065']
['61770', 'empty', '-0.598526', '10.294342']
['61868', 'empty', '-0.5640106', '10.28125']
['61878', 'empty', '-0.5164032', '10.221741']
['61891', 'empty', '-0.5747223', '10.263397']
['61935', 'empty', '-0.52116394', '10.243164']
['61947', 'empty', '-0.50331116', '10.372894']
['61955', 'empty', '-0.49497986', '10.289581']
['62007', 'empty', '-0.47355652', '10.261017']
['62048', 'empty', '-0.5223541', '10.28363']
['62065', 'empty', '-0.31810858', '10.253876']
['62139', 'empty', '-0.5164032', '10.249115']
['62182', 'empty', '-0.48069763', '10.2395935']
['62243', 'empty', '-0.458024313', '10.2395935']
['62265', 'empty', '-0.49378967', '10.265778']
['62279', 'empty', '-0.48664856', '10.231262']
['62312', 'empty', '-0.5259247', '10.247925']
['62313', 'empty', '-4.221168741', '10.2074585']
['62318', 'empty', '-0.5330658', '10.238403']
['62322', 'empty', '-0.5164032', '10.294342']
['62379', 'empty', '-0.5509186', '10.246735']
['62402', 'empty', '-0.51283264', '10.233643']
['62438', 'empty', '-1.78580158', '10.315765']
['62490', 'empty', '-1.526588232', '10.164612']
['62497', 'empty', '-0.51164246', '10.330048']
['62501', 'empty', '-0.4759369', '10.21817']
['62531', 'empty', '-0.54496765', '6.832354927']
['62612', 'empty', '-0.5485382', '10.230072']
['62638', 'empty', '-0.49736023', '10.287201']
['62644', 'empty', '-0.51878357', '10.3229065']
['62661', 'empty', '-0.53782654', '10.176514']
['62696', 'empty', '-0.5330658', '10.233643']
['62701', 'empty', '-0.4914093', '9.851414583']
['62732', 'empty', '-0.5009308', '10.315765']
['62743', 'empty', '-0.50331116', '10.314575']
['62798', 'empty', '-1.078538106', '10.371704']
['62875', 'empty', '-0.52830505', '10.257446']
['62962', 'empty', '-0.5259247', '10.274109']
['62998', 'empty', '-0.49021912', '10.193176']
['63014', 'empty', '-0.515213', '10.2717285']
['63104', 'empty', '-0.4747467', '10.241974']
['63113', 'empty', '-0.47712708', '10.308624']
['63116', 'empty', '-0.5259247', '10.284821']
['63157', 'empty', '-0.55329895', '10.244354']
['63190', 'empty', '-0.5068817', '10.245544']
['63199', 'empty', '-0.515213', '9.967556174']
['63201', 'empty', '-0.5818634', '10.289581']
['63254', 'empty', '-0.52830505', '10.306244']
['63315', 'empty', '-0.5235443', '5.90194791']
['63328', 'empty', '-0.44380188', '10.262207']
['63347', 'empty', '-0.52830505', '10.34314']
['63463', 'empty', '-0.59897068', '10.269348']
['63481', 'empty', '-0.992155558', '10.69184334']
['63518', 'empty', '-0.483078', '10.221741']
['63519', 'empty', '-0.48188782', '10.162231']
['63554', 'empty', '-1.395899506', '10.253876']
['63643', 'empty', '-0.5092621', '17.07148211']
['63664', 'empty', '-0.5556793', '10.240784']
['63680', 'empty', '-0.5104523', '10.353851']
['63692', 'empty', '-0.5818634', '10.250305']
['63708', 'empty', '-0.5330658', '12.15571122']
['63743', 'empty', '-0.54496765', '10.332428']
['63746', 'empty', '-0.5306854', '10.34314']
['63757', 'empty', '-0.52830505', '10.289581']
['63763', 'empty', '-0.50331116', '10.286011']
['63811', 'empty', '-0.51997375', '10.258636']
['63814', 'empty', '-0.5104523', '10.238403']
['63815', 'empty', '-0.47950745', '10.220551']
['63816', 'empty', '-2.357743746', '10.287201']
['63817', 'empty', '-0.5425873', '5.313369408']
['63819', 'empty', '-0.566391', '10.226501']
['63921', 'empty', '-0.55329895', '10.234833']
['63926', 'empty', '-0.56877136', '10.299103']
['63932', 'empty', '-0.5592499', '10.402649']
['63947', 'empty', '-0.48069763', '10.272919']
['64060', 'empty', '-0.5973358', '10.262207']
['64092', 'empty', '-0.534256', '10.301483']
['64094', 'empty', '-0.47355652', '10.2717285']
['64097', 'empty', '-1.585352555', '8.497108975']
['64120', 'empty', '-0.46522522', '10.266968']
['64200', 'empty', '-0.6151886', '10.143188']
['64241', 'empty', '-0.52949524', '10.320526']
['64287', 'empty', '-0.6068573', '10.262207']
['64296', 'empty', '-1.053350349', '10.2907715']
['64346', 'empty', '1.482001489', '10.268158']
['64364', 'empty', '-0.5425873', '10.303864']
['64422', 'empty', '-0.6080475', '10.252686']
['64434', 'empty', '-2.11825975', '10.2717285']
['64475', 'empty', '-0.547348', '10.269348']
['64510', 'empty', '-0.4925995', '10.359802']
['64547', 'empty', '-0.5509186', '11.74047653']
['64610', 'empty', '-0.52711487', '10.313385']
['64612', 'empty', '-0.144678204', '10.301483']
['64638', 'empty', '-0.5640106', '10.195557']
['64704', 'empty', '-0.5913849', '10.200317']
['64758', 'empty', '-0.49021912', '18.07506754']
['64772', 'empty', '-0.6830292', '10.243164']
['64774', 'empty', '-0.76872253', '10.21698']
['64783', 'empty', '-0.63542175', '10.252686']
['64794', 'empty', '-0.5842438', '10.2395935']
['64837', 'empty', '-4.946178198', '10.375275']
['64874', 'empty', '-0.875189148', '10.1753235']
['64937', 'empty', '-0.58781433', '9.266323044']
['64954', 'empty', '-0.67707825', '10.4062195']
['65043', 'empty', '-0.53663635', '10.250305']
['65067', 'empty', '-0.5485382', '11.57583864']
['65095', 'empty', '0.938948148', '10.266968']
['65115', 'empty', '-0.55448914', '10.268158']
['65122', 'empty', '1.894547109', '10.328857']
['65180', 'empty', '0.127542157', '10.3229065']
['65211', 'empty', '-0.6092377', '10.119385']
['65212', 'empty', '-0.6080475', '10.233643']
['65215', 'empty', '-0.57115173', '10.32288606']
['65252', 'empty', '-2.85485466', '10.213409']
['65285', 'empty', '-0.5509186', '10.196747']
['65308', 'empty', '-0.52711487', '10.265778']
['65319', 'empty', '-0.5068817', '10.187225']
['65336', 'empty', '-0.46165466', '10.3229065']
['65396', 'empty', '-0.4759369', '10.320526']
['65453', 'empty', '-0.49617004', '8.250483767']
['65477', 'empty', '-0.46522522', '10.2717285']
['65499', 'empty', '-0.5259247', '10.252686']
['65503', 'empty', '-0.53663635', '10.268158']
['65568', 'empty', '0.627842298', '10.266968']
['65582', 'empty', '-0.55329895', '10.244354']
['65596', 'empty', '-0.5140228', '10.193176']
['65598', 'empty', '-0.5390167', '10.246735']
['65608', 'empty', '-0.56163025', '18.01826779']
['65626', 'empty', '-0.52116394', '10.309814']
['65633', 'empty', '-0.45570374', '10.300293']
['65691', 'empty', '-0.43785095', '10.211029']
['65715', 'empty', '-0.5223541', '10.238403']
['65812', 'empty', '-0.5306854', '10.21579']
['65839', 'empty', '-0.49378967', '10.3229065']
['65844', 'empty', '-0.55210876', '10.28006']
['65930', 'empty', '-0.5235443', '10.247925']
['66077', 'empty', '-0.57829285', '10.244354']
['66092', 'empty', '-0.52711487', '10.277679']
['66116', 'empty', '-0.5306854', '10.237213']
['66144', 'empty', '-0.56044006', '10.238403']
['66250', 'empty', '-0.5425873', '10.168182']
['66288', 'empty', '-0.4842682', '10.326477']
['66366', 'empty', '-0.55329895', '10.272919']
['66387', 'empty', '-0.51283264', '10.308624']
['66409', 'empty', '-0.4925995', '10.2717285']
['66421', 'empty', '-0.57829285', '10.247925']
['66460', 'empty', '-0.48664856', '10.172943']
['66466', 'empty', '-0.54496765', '10.188416']
['66474', 'empty', '-0.6580353', '10.257446']
['66500', 'empty', '-0.45213318', '10.184845']
['66543', 'empty', '-0.5901947', '10.232452']
['66558', 'empty', '-0.61994934', '4.09519652']
['66603', 'empty', '-0.5235443', '10.249115']
['66619', 'empty', '-0.5592499', '12.67575533']
['66622', 'empty', '-2.992536471', '10.332428']
['66642', 'empty', '-0.62590027', '10.213409']
['66647', 'empty', '-0.59495544', '6.813774141']
['66777', 'empty', '-0.57948303', '17.81734063']
['66824', 'empty', '0.299337389', '10.301483']
['66887', 'empty', '-1.36433906', '10.227692']
['66963', 'empty', '-0.59614563', '10.326477']
['67035', 'empty', '-0.54615784', '10.251495']
['67037', 'empty', '-0.57710266', '10.326477']
['67046', 'empty', '-0.58662415', '10.291962']
['67105', 'empty', '-0.56877136', '10.244354']
['67125', 'empty', '-0.5509186', '10.233643']
['67188', 'empty', '-0.5164032', '10.333618']
['67209', 'empty', '-0.49736023', '10.302673']
['67215', 'empty', '-0.5390167', '10.226501']
['67226', 'empty', '-0.57710266', '10.277679']
['67228', 'empty', '-0.598526', '10.330048']
['67248', 'empty', '-0.61756897', '10.262207']
['67255', 'empty', '-0.56877136', '10.237213']
['67342', 'empty', '-0.5735321', '10.257446']
['67378', 'empty', '-0.51997375', '10.240784']
['67402', 'empty', '-0.5592499', '10.233643']
['67403', 'empty', '-0.5425873', '10.166992']
['67433', 'empty', '-0.56163025', '-0.06224069']
['67451', 'empty', '0.058830516', '10.270538']
['67633', 'empty', '-0.61756897', '10.182465']
['67698', 'empty', '-0.5175934', '10.370514']
['67703', 'empty', '-0.5592499', '10.2717285']
['67792', 'empty', '-0.5247345', '10.252686']
['67802', 'empty', '-0.52830505', '10.28006']
['67840', 'empty', '-0.5818634', '10.249115']
['67846', 'empty', '-0.60209656', '10.253876']
['67888', 'empty', '-0.5402069', '10.246735']
['67893', 'empty', '-0.5675812', '10.286011']
['67916', 'empty', '-0.48902893', '10.193176']
['67990', 'empty', '-0.55448914', '10.270538']
['68006', 'empty', '-0.5104523', '10.206268']
['68066', 'empty', '-0.5009308', '10.2146']
['68070', 'empty', '-0.534256', '10.169373']
['68073', 'empty', '-0.57829285', '10.140808']
['68098', 'empty', '-0.48783875', '10.166992']
['68114', 'empty', '-0.54496765', '10.244354']
['68141', 'empty', '-0.6056671', '10.134857']
['68188', 'empty', '-0.45689392', '10.177704']
['68213', 'empty', '-0.791598582', '10.253876']
['68229', 'empty', '-0.547348', '10.246735']
['68281', 'empty', '-0.59376526', '10.288391']
['68294', 'empty', '-0.46403503', '10.253876']
['68386', 'empty', '-1.424544617', '10.194366']
['68405', 'empty', '-0.6235199', '10.161041']
['68437', 'empty', '-0.53544617', '13.9131917']
['68448', 'empty', '-0.846710085', '10.341949']
['68465', 'empty', '-0.5652008', '10.169373']
['68486', 'empty', '3.579049616', '10.307434']
['68578', 'empty', '-2.83509216', '10.199127']
['68655', 'empty', '-0.5497284', '10.277679']
['68663', 'empty', '0.820274106', '10.297913']
['68669', 'empty', '-0.5009308', '10.259827']
['68682', 'empty', '-0.5223541', '7.287534132']
['68722', 'empty', '-0.5402069', '10.188416']
['68726', 'empty', '0.231765819', '10.246735']
['68736', 'empty', '-0.5485382', '10.252686']
['68824', 'empty', '-0.5901947', '10.263397']
['68841', 'empty', '-0.53663635', '10.308624']
['68851', 'empty', '-0.51283264', '10.63646938']
['68854', 'empty', '-0.5235443', '10.252686']
['68863', 'empty', '-0.60328674', '10.258636']
['68885', 'empty', '-0.6163788', '10.236023']
['68907', 'empty', '-0.49378967', '10.240784']
['68964', 'empty', '-0.5330658', '10.28363']
['68989', 'empty', '-0.58662415', '10.203888']
['69001', 'empty', '0.640352661', '12.76642895']
['69047', 'empty', '-0.5747223', '10.247925']
['69050', 'empty', '-0.60209656', '10.205078']
['69051', 'empty', '-0.56044006', '10.203888']
['69180', 'empty', '-0.5592499', '10.250305']
['69348', 'empty', '-0.515213', '10.349091']
['69366', 'empty', '-0.56877136', '10.206268']
['69447', 'empty', '-0.4925995', '10.275299']
['69522', 'empty', '-0.5413971', '10.21579']
['69584', 'empty', '-0.53544617', '10.62027552']
['69590', 'empty', '1.873651907', '10.28125']
['69643', 'empty', '-3.103410964', '10.28125']
['69661', 'empty', '1.025139317', '10.243164']
['69704', 'empty', '3.455941584', '10.245544']
['69705', 'empty', '-0.4330902', '10.293152']
['69724', 'empty', '-0.5735321', '10.245544']
['69732', 'empty', '0.957632776', '10.230072']
['69775', 'empty', '-2.004839539', '10.308624']
['69835', 'empty', '-0.5806732', '10.270538']
['69863', 'empty', '-0.52116394', '10.334808']
['69919', 'empty', '-0.5818634', '8.748898019']
['69980', 'empty', '-0.5009308', '10.205078']
['69983', 'empty', '-0.61994934', '10.276489']
['69999', 'empty', '-0.57948303', '10.2907715']
['13', '-5.8451233', 'empty', '8.1996155']
['45', '-5.7487183', 'empty', '8.205566']
['66', '-5.7998962', 'empty', '8.222229']
['150', '-5.88797', 'empty', '8.117493']
['186', '-5.996277', 'empty', '8.106781']
['228', '-6.191740031', 'empty', '8.087738']
['229', '-6.0653076', 'empty', '8.455775094']
['234', '-6.0391235', 'empty', '8.132965']
['307', '-6.0212708', 'empty', '8.09845']
['366', '-9.544383546', 'empty', '8.173431']
['391', '-5.95105', 'empty', '8.1651']
['424', '-5.9415283', 'empty', '8.190094']
['425', '-1.954744363', 'empty', '8.137726']
['428', '-5.933197', 'empty', '8.140106']
['461', '-5.893921', 'empty', '8.143677']
['463', '-5.9427185', 'empty', '8.16272']
['477', '-5.971283', 'empty', '6.897355147']
['485', '-5.9248657', 'empty', '8.203186']
['508', '-5.939148', 'empty', '8.193665']
['518', '17.00833137', 'empty', '8.009186']
['527', '-5.9367676', 'empty', '8.075836']
['576', '-5.933197', 'empty', '0.26981069']
['577', '-5.946289', 'empty', '8.205566']
['588', '-21.45168735', 'empty', '8.110352']
['615', '-5.983185', 'empty', '8.200806']
['622', '-32.79308963', 'empty', '8.185333']
['700', '-5.959381', 'empty', '5.331667638']
['749', '-5.9998474', 'empty', '8.135345']
['750', '-5.9486694', 'empty', '8.117493']
['769', '-5.9046326', 'empty', '8.09845']
['784', '-5.9093933', 'empty', '9.819178374']
['812', '-5.9034424', 'empty', '8.153198']
['837', '-5.958191', 'empty', '8.119873']
['866', '-5.862976', 'empty', '8.09964']
['884', '-5.880829', 'empty', '11.03080953']
['887', '-5.851074', 'empty', '8.147247']
['944', '4.169925697', 'empty', '8.072266']
['947', '-5.8605957', 'empty', '8.110352']
['1001', '-5.8915405', 'empty', '8.153198']
['1006', '-5.82489', 'empty', '8.16391']
['1037', '-5.8796387', 'empty', '8.210327']
['1052', '-5.8403625', 'empty', '8.185333']
['1101', '-5.830841', 'empty', '8.188904']
['1280', '-5.8213196', 'empty', '8.244843']
['1285', '10.87609462', 'empty', '8.173431']
['1291', '-5.849884', 'empty', '8.219849']
['1296', '-5.8772583', 'empty', '8.1805725']
['1322', '-5.8903503', 'empty', '8.150818']
['1343', '-5.8534546', 'empty', '8.2258']
['1355', '-5.8391724', 'empty', '8.147247']
['1357', '-5.8272705', 'empty', '8.222229']
['1472', '-5.8260803', 'empty', '8.206757']
['1495', '-5.937958', 'empty', '8.172241']
['1513', '-13.37715809', 'empty', '8.242462']
['1514', '-6.667655701', 'empty', '8.22818']
['1544', '-5.861786', 'empty', '8.251984']
['1568', '7.693815153', 'empty', '8.135345']
['1570', '-5.8237', 'empty', '8.234131']
['1622', '-5.7891846', 'empty', '8.209137']
['1653', '-5.848694', 'empty', '8.279358']
['1654', '-5.914154', 'empty', '-6.155919581']
['1659', '-5.8415527', 'empty', '8.235321']
['1672', '-22.63173525', 'empty', '8.185333']
['1678', '-5.8201294', 'empty', '8.217468']
['1686', '-5.8129883', 'empty', '8.140106']
['1809', '-5.855835', 'empty', '8.141296']
['1810', '-5.851074', 'empty', '8.23056']
['1854', '-5.805847', 'empty', '8.186523']
['1862', '-3.29098556', 'empty', '8.215088']
['1873', '-5.8201294', 'empty', '8.2258']
['1971', '-5.797516', 'empty', '8.153198']
['2001', '-5.792755', 'empty', '8.210327']
['2102', '-5.867737', 'empty', '8.223419']
['2109', '-5.861786', 'empty', '8.271027']
['2132', '-5.851074', 'empty', '8.211517']
['2149', '-5.786804', 'empty', '8.127014']
['2214', '-5.9367676', 'empty', '8.256744']
['2231', '-5.8022766', 'empty', '8.187714']
['2244', '-5.8582153', 'empty', '8.205566']
['2248', '-5.88797', 'empty', '8.285309']
['2279', '-5.8605957', 'empty', '8.215088']
['2330', '-5.810608', 'empty', '8.253174']
['2361', '-5.8522644', 'empty', '8.190094']
['2378', '-5.8641663', 'empty', '8.2317505']
['2385', '-5.804657', 'empty', '8.218658']
['2405', '-5.8963013', 'empty', '8.22699']
['2421', '-5.8391724', 'empty', '8.204376']
['2506', '-5.908203', 'empty', '8.247223']
['2515', '-5.876068', 'empty', '8.187714']
['2520', '-5.8201294', 'empty', '11.81025257']
['2559', '-5.830841', 'empty', '8.255554']
['2564', '-5.7903748', 'empty', '8.179382']
['2568', '-7.864983964', 'empty', '8.179382']
['2600', '-5.8772583', 'empty', '8.29245']
['2610', '-5.7951355', 'empty', '9.696852989']
['2670', '-5.8475037', 'empty', '8.210327']
['2702', '-5.7903748', 'empty', '8.185333']
['2718', '-5.851074', 'empty', '15.87334759']
['2728', '-5.7963257', 'empty', '8.200806']
['2729', '-5.8391724', 'empty', '8.192474']
['2762', '-5.867737', 'empty', '8.177002']
['2773', '-5.8082275', 'empty', '8.224609']
['2778', '-5.8332214', 'empty', '8.138916']
['2780', '-5.811798', 'empty', '8.152008']
['2824', '-8.815610707', 'empty', '8.271027']
['2830', '-5.829651', 'empty', '8.23056']
['2875', '-4.968808227', 'empty', '8.299591']
['2888', '-5.8986816', 'empty', '8.253174']
['2958', '-5.8260803', 'empty', '8.219849']
['2991', '-4.070297541', 'empty', '8.219849']
['3001', '-5.8320313', 'empty', '8.251984']
['3013', '-16.93516249', 'empty', '8.246033']
['3061', '-21.05135349', 'empty', '8.265076']
['3143', '-5.7939453', 'empty', '8.253174']
['3149', '-5.7641907', 'empty', '8.255554']
['3261', '-5.8272705', 'empty', '8.16748']
['3302', '-5.8153687', 'empty', '8.16748']
['3360', '-5.8237', 'empty', '8.146057']
['3365', '-5.862976', 'empty', '8.232941']
['3379', '-5.8415527', 'empty', '8.249603']
['3428', '-5.766571', 'empty', '8.249603']
['3430', '-5.792755', 'empty', '8.259125']
['3463', '-5.792755', 'empty', '8.204376']
['3464', '-5.772522', 'empty', '8.251984']
['3525', '-5.854645', 'empty', '8.168671']
['3567', '-5.8344116', 'empty', '8.232941']
['3589', '-5.7808533', 'empty', '8.254364']
['3593', '-11.62805291', 'empty', '8.242462']
['3612', '-5.8201294', 'empty', '8.186523']
['3636', '-5.8284607', 'empty', '8.241272']
['3671', '-5.849884', 'empty', '8.286499']
['3673', '-5.8784485', 'empty', '8.288879']
['3683', '-5.82489', 'empty', '8.186523']
['3702', '-5.810608', 'empty', '8.259125']
['3736', '-5.811798', 'empty', '8.16391']
['3782', '-5.7820435', 'empty', '8.217468']
['3784', '-5.8141785', 'empty', '8.184143']
['3810', '-5.816559', 'empty', '9.601256824']
['3978', '-5.835602', 'empty', '8.198425']
['3984', '8.28719249', 'empty', '8.200806']
['4007', '-5.848694', 'empty', '8.247223']
['4011', '-5.830841', 'empty', '8.282928']
['4022', '-5.7820435', 'empty', '8.175812']
['4099', '-5.8320313', 'empty', '8.251984']
['4193', '-5.811798', 'empty', '8.238892']
['4222', '-5.7963257', 'empty', '8.204376']
['4257', '-11.89993347', 'empty', '8.749714836']
['4286', '-3.34758133', 'empty', '0.894006388']
['4322', '-5.766571', 'empty', '8.325775']
['4359', '-5.82251', 'empty', '8.288879']
['4388', '-5.7903748', 'empty', '8.215088']
['4401', '19.56733572', 'empty', '8.933915805']
['4447', '-5.8344116', 'empty', '8.247223']
['4467', '-5.816559', 'empty', '8.174622']
['4494', '-5.785614', 'empty', '8.257935']
['4574', '-5.772522', 'empty', '10.82164628']
['4599', '-5.811798', 'empty', '13.89676158']
['4640', '-5.829651', 'empty', '8.194855']
['4647', '-5.7760925', 'empty', '8.29364']
['4675', '-5.849884', 'empty', '8.203186']
['4700', '-5.8201294', 'empty', '8.190094']
['4730', '-5.8129883', 'empty', '8.232941']
['4740', '-5.854645', 'empty', '8.190094']
['4829', '-5.8605957', 'empty', '8.201996']
['4892', '-5.8463135', 'empty', '8.1996155']
['4907', '10.32436976', 'empty', '2.26048327']
['4913', '-5.7963257', 'empty', '8.213898']
['4933', '-5.8451233', 'empty', '8.268646']
['4934', '-5.8070374', 'empty', '8.271027']
['5001', '-5.848694', 'empty', '8.22699']
['5066', '-5.7439575', 'empty', '8.246033']
['5075', '-5.7618103', 'empty', '8.278168']
['5081', '-5.817749', 'empty', '8.297211']
['5106', '-5.82489', 'empty', '8.250793']
['5115', '-5.778473', 'empty', '7.551783085']
['5116', '-5.797516', 'empty', '8.297211']
['5126', '-5.803467', 'empty', '8.211517']
['5170', '-5.7951355', 'empty', '8.238892']
['5206', '-5.811798', 'empty', '8.318634']
['5212', '-5.7320557', 'empty', '13.7181707']
['5215', '-5.779663', 'empty', '8.249603']
['5258', '-14.26820799', 'empty', '8.280548']
['5318', '-5.784424', 'empty', '8.301971']
['5401', '-5.786804', 'empty', '8.260315']
['5417', '-5.778473', 'empty', '8.234131']
['5433', '-5.7618103', 'empty', '8.240082']
['5482', '7.615252934', 'empty', '19.09208974']
['5483', '-5.817749', 'empty', '8.218658']
['5554', '3.549989897', 'empty', '8.187714']
['5573', '-5.7939453', 'empty', '8.210327']
['5602', '-5.733246', 'empty', '8.260315']
['5603', '-5.7499084', 'empty', '8.332916']
['5613', '-5.842743', 'empty', '8.223419']
['5639', '-5.849884', 'empty', '8.185333']
['5663', '-5.786804', 'empty', '8.238892']
['5691', '-5.7760925', 'empty', '8.266266']
['5706', '-5.803467', 'empty', '8.260315']
['5768', '-5.7320557', 'empty', '8.286499']
['5820', '-5.8082275', 'empty', '8.311493']
['5889', '-5.810608', 'empty', '8.250793']
['5892', '-5.778473', 'empty', '8.251984']
['5897', '-0.164437244', 'empty', '8.206757']
['5904', '-5.880829', 'empty', '8.144867']
['5935', '-5.7891846', 'empty', '8.152008']
['5948', '-5.739197', 'empty', '8.273407']
['5950', '-5.8082275', 'empty', '4.256522895']
['5993', '-5.8237', 'empty', '8.168671']
['5996', '-17.89661186', 'empty', '8.194855']
['6070', '-5.8974915', 'empty', '8.205566']
['6075', '-5.8963013', 'empty', '8.232941']
['6187', '-5.848694', 'empty', '13.52874494']
['6257', '-5.7820435', 'empty', '8.248413']
['6262', '-5.8415527', 'empty', '8.22937']
['6286', '-5.7641907', 'empty', '8.187714']
['6347', '29.75503555', 'empty', '8.218658']
['6373', '-5.876068', 'empty', '8.184143']
['6465', '-5.851074', 'empty', '5.945362514']
['6516', '-5.7558594', 'empty', '8.173431']
['6563', '-5.816559', 'empty', '8.22818']
['6572', '-5.8213196', 'empty', '8.186523']
['6587', '-5.7487183', 'empty', '8.243652']
['6675', '-5.7760925', 'empty', '8.191284']
['6683', '-5.798706', 'empty', '8.274597']
['6764', '-5.792755', 'empty', '8.3281555']
['6773', '-5.735626', 'empty', '8.321014']
['6794', '-5.7427673', 'empty', '8.309113']
['6846', '6.903713416', 'empty', '8.365020669']
['6864', '-5.772522', 'empty', '3.878413798']
['6892', '11.39883427', 'empty', '8.334106']
['6917', '-0.877465163', 'empty', '8.326965']
['6928', '-5.76062', 'empty', '8.311493']
['6935', '-5.7510986', 'empty', '8.301971']
['6993', '-5.7558594', 'empty', '8.362671']
['7042', '-12.78753832', 'empty', '8.311493']
['7070', '-5.816559', 'empty', '8.267456']
['7117', '-5.791565', 'empty', '5.021721547']
['7200', '-5.8153687', 'empty', '8.222229']
['7257', '-5.7760925', 'empty', '8.288879']
['7271', '-5.765381', 'empty', '8.311493']
['7291', '-5.8201294', 'empty', '8.247223']
['7379', '-5.784424', 'empty', '8.256744']
['7409', '0.798046688', 'empty', '8.259125']
['7414', '-5.818939', 'empty', '8.287689']
['7446', '-5.791565', 'empty', '7.37971777']
['7447', '-5.8082275', 'empty', '8.271027']
['7506', '-5.797516', 'empty', '8.218658']
['7538', '-5.848694', 'empty', '5.946973721']
['7564', '-5.7630005', 'empty', '8.251984']
['7677', '-5.7808533', 'empty', '8.273407']
['7694', '-5.810608', 'empty', '8.250793']
['7778', '-12.70321752', 'empty', '8.331726']
['7803', '-5.836792', 'empty', '8.276978']
['7886', '-5.721344', 'empty', '8.271027']
['7887', '-5.7963257', 'empty', '8.268646']
['7901', '-5.8272705', 'empty', '8.236511']
['7977', '-5.8641663', 'empty', '8.246033']
['8063', '3.52086642', 'empty', '8.257935']
['8094', '-5.8344116', 'empty', '8.143677']
['8109', '-5.848694', 'empty', '8.134155']
['8117', '-5.899872', 'empty', '8.16748']
['8169', '-5.862976', 'empty', '8.244843']
['8290', '-5.908203', 'empty', '5.801504323']
['8330', '-5.830841', 'empty', '8.135345']
['8398', '-5.835602', 'empty', '8.329346']
['8519', '-5.874878', 'empty', '8.160339']
['8547', '-5.8843994', 'empty', '8.2127075']
['8571', '-0.423933726', 'empty', '8.2258']
['8623', '-5.8605957', 'empty', '12.49344353']
['8669', '-5.902252', 'empty', '8.206757']
['8676', '-5.867737', 'empty', '8.157959']
['8735', '-5.9105835', 'empty', '8.147247']
['8739', '2.38363497', 'empty', '8.2317505']
['8756', '-5.8665466', 'empty', '8.243652']
['8793', '-5.868927', 'empty', '8.184143']
['8822', '8.804630473', 'empty', '8.210327']
['8891', '-5.9046326', 'empty', '8.22699']
['8965', '-24.83662313', 'empty', '8.235321']
['9040', '-5.7891846', 'empty', '8.204376']
['9055', '-5.8641663', 'empty', '8.242462']
['9062', '-5.893921', 'empty', '8.207947']
['9074', '-5.82251', 'empty', '8.134155']
['9167', '-5.849884', 'empty', '8.1805725']
['9256', '-5.874878', 'empty', '8.278168']
['9319', '-5.870117', 'empty', '8.174622']
['9405', '-5.861786', 'empty', '8.159149']
['9456', '-12.25975922', 'empty', '8.280548']
['9463', '-5.861786', 'empty', '9.319034108']
['9473', '-5.874878', 'empty', '8.2258']
['9543', '-5.920105', 'empty', '8.157959']
['9580', '-5.817749', 'empty', '8.194855']
['9582', '-5.810608', 'empty', '1.154638168']
['9586', '-5.8213196', 'empty', '8.255554']
['9596', '-5.7630005', 'empty', '5.249276489']
['9605', '-5.8272705', 'empty', '8.273407']
['9608', '-5.880829', 'empty', '8.204376']
['9635', '-5.8284607', 'empty', '8.186523']
['9637', '-5.772522', 'empty', '8.223419']
['9663', '-5.861786', 'empty', '8.254364']
['9668', '-5.857025', 'empty', '8.2127075']
['9714', '-5.895111', 'empty', '8.215088']
['9715', '-5.8974915', 'empty', '8.122253']
['9751', '-5.843933', 'empty', '8.175812']
['9769', '-5.902252', 'empty', '8.2960205']
['9801', '-5.816559', 'empty', '8.182953']
['9843', '-5.8665466', 'empty', '8.205566']
['9845', '-5.857025', 'empty', '8.186523']
['9885', '-5.8475037', 'empty', '8.213898']
['9911', '-9.933164313', 'empty', '8.147247']
['9912', '-5.899872', 'empty', '11.63520262']
['9937', '-5.862976', 'empty', '8.232941']
['9940', '-5.82489', 'empty', '8.155579']
['9949', '-5.8713074', 'empty', '8.113922']
['9973', '-5.8736877', 'empty', '8.207947']
['9994', '-5.7963257', 'empty', '8.271027']
['10080', '-5.7320557', 'empty', '8.299591']
['10097', '-5.855835', 'empty', '8.092499']
['10135', '-8.9870771', 'empty', '8.321014']
['10138', '-13.47203494', 'empty', '8.431702']
['10140', '-5.739197', 'empty', '8.371002']
['10175', '-5.733246', 'empty', '8.35791']
['10228', '-5.817749', 'empty', '7.831315389']
['10234', '-5.7630005', 'empty', '8.310303']
['10253', '-5.7749023', 'empty', '8.22699']
['10264', '-5.8141785', 'empty', '8.275787']
['10278', '-8.55112651', 'empty', '8.2960205']
['10361', '-5.816559', 'empty', '8.340057']
['10386', '-5.7630005', 'empty', '8.150818']
['10388', '-5.7427673', 'empty', '8.211517']
['10449', '-5.7689514', 'empty', '8.298401']
['10495', '-5.701111', 'empty', '8.366241']
['10517', '-5.767761', 'empty', '8.318634']
['10523', '-5.7130127', 'empty', '8.350769']
['10531', '13.91543926', 'empty', '8.362671']
['10613', '-5.6999207', 'empty', '8.322205']
['10633', '-5.767761', 'empty', '8.282928']
['10638', '-5.7427673', 'empty', '8.316254']
['10645', '2.549578957', 'empty', '8.205566']
['10650', '-6.368184967', 'empty', '8.196045']
['10667', '-5.8605957', 'empty', '8.201996']
['10689', '-5.7618103', 'empty', '8.243652']
['10705', '-5.8605957', 'empty', '8.350769']
['10715', '-5.8260803', 'empty', '8.168671']
['10742', '-5.843933', 'empty', '8.2317505']
['10747', '-5.82251', 'empty', '8.194855']
['10755', '-5.82489', 'empty', '8.173431']
['10769', '-5.8653564', 'empty', '9.106277796']
['10779', '-5.818939', 'empty', '8.213898']
['10808', '-5.843933', 'empty', '8.109161']
['10869', '-5.868927', 'empty', '8.22937']
['10908', '-5.868927', 'empty', '1.854080435']
['10920', '-5.88678', 'empty', '8.240082']
['10968', '-5.8713074', 'empty', '8.221039']
['10975', '-6.827956355', 'empty', '8.2317505']
['10993', '-5.857025', 'empty', '8.224609']
['11062', '-7.667625691', 'empty', '8.217468']
['11140', '-5.791565', 'empty', '8.154388']
['11142', '-5.848694', 'empty', '8.215088']
['11162', '-5.88797', 'empty', '10.69057782']
['11220', '-5.851074', 'empty', '5.639409578']
['11235', '8.598247845', 'empty', '8.29483']
['11352', '-5.7998962', 'empty', '8.340057']
['11357', '-5.7951355', 'empty', '8.2317505']
['11364', '-5.829651', 'empty', '8.269836']
['11406', '-5.835602', 'empty', '8.200806']
['11439', '-20.48463169', 'empty', '8.29483']
['11543', '-5.7570496', 'empty', '8.205566']
['11553', '-5.8594055', 'empty', '8.29126']
['11561', '-5.855835', 'empty', '8.288879']
['11591', '1.166439376', 'empty', '8.29126']
['11696', '-5.773712', 'empty', '8.286499']
['11748', '-20.7196693', 'empty', '8.307922']
['11769', '-5.810608', 'empty', '6.471205443']
['11775', '-5.7963257', 'empty', '8.157959']
['11809', '-2.234134565', 'empty', '8.266266']
['11840', '-5.784424', 'empty', '5.867270105']
['11854', '-5.8272705', 'empty', '8.259125']
['11859', '-9.802569751', 'empty', '8.172241']
['11955', '8.639640651', 'empty', '8.240082']
['11995', '-5.8784485', 'empty', '8.251984']
['12007', '-5.818939', 'empty', '8.222229']
['12045', '-5.8772583', 'empty', '8.185333']
['12047', '-5.8784485', 'empty', '8.243652']
['12094', '-5.8272705', 'empty', '8.246033']
['12108', '-5.7951355', 'empty', '8.269836']
['12109', '-5.791565', 'empty', '8.250793']
['12187', '-5.766571', 'empty', '8.734583242']
['12261', '-22.37080875', 'empty', '8.219849']
['12288', '-5.772522', 'empty', '8.203186']
['12308', '-5.8260803', 'empty', '8.243652']
['12321', '-5.8284607', 'empty', '8.269836']
['12329', '-5.82489', 'empty', '8.190094']
['12337', '-5.837982', 'empty', '8.029329156']
['12351', '-5.8082275', 'empty', '8.249603']
['12359', '-20.41202579', 'empty', '8.207947']
['12406', '-5.8391724', 'empty', '8.221039']
['12450', '-5.7998962', 'empty', '8.203186']
['12472', '-5.8201294', 'empty', '8.249603']
['12486', '-5.766571', 'empty', '8.310303']
['12522', '-5.842743', 'empty', '8.2317505']
['12551', '-5.842743', 'empty', '8.324585']
['12589', '-5.8582153', 'empty', '8.137726']
['12592', '-22.40140976', 'empty', '8.09845']
['12595', '-8.313087488', 'empty', '8.203186']
['12655', '-5.8605957', 'empty', '8.29245']
['12721', '-5.8332214', 'empty', '8.266266']
['12821', '-5.8284607', 'empty', '8.325775']
['12917', '-5.8153687', 'empty', '8.273407']
['12939', '-5.842743', 'empty', '8.299591']
['12964', '4.586433292', 'empty', '8.272217']
['12985', '-5.8141785', 'empty', '8.321014']
['13080', '-5.784424', 'empty', '8.2258']
['13089', '-5.817749', 'empty', '8.319824']
['13125', '-5.8082275', 'empty', '8.249603']
['13126', '-5.8237', 'empty', '8.312683']
['13148', '-5.837982', 'empty', '8.287689']
['13192', '-5.867737', 'empty', '8.236511']
['13220', '-5.811798', 'empty', '8.279358']
['13285', '-5.836792', 'empty', '8.306732']
['13363', '-23.98305271', 'empty', '8.243652']
['13435', '-5.8201294', 'empty', '12.53585203']
['13456', '-5.784424', 'empty', '7.723182224']
['13468', '-5.792755', 'empty', '6.63481613']
['13508', '-5.7261047', 'empty', '8.311493']
['13513', '-5.8070374', 'empty', '8.249603']
['13587', '-5.7939453', 'empty', '8.3281555']
['13608', '-5.8201294', 'empty', '8.257935']
['13657', '-5.804657', 'empty', '8.223419']
['13744', '-5.785614', 'empty', '8.303162']
['13747', '-5.8451233', 'empty', '8.321014']
['13776', '-5.8344116', 'empty', '2.54872909']
['13821', '-5.835602', 'empty', '7.362094759']
['13842', '-5.82489', 'empty', '8.278168']
['13866', '-5.7618103', 'empty', '11.04280521']
['13895', '-5.8153687', 'empty', '8.248413']
['13921', '-5.842743', 'empty', '8.329346']
['13955', '-5.8141785', 'empty', '8.322205']
['13977', '-5.816559', 'empty', '8.196045']
['13983', '-5.7689514', 'empty', '8.266266']
['14008', '-5.792755', 'empty', '8.181763']
['14025', '-5.7820435', 'empty', '8.261505']
['14055', '-15.39902063', 'empty', '8.206757']
['14075', '-5.8201294', 'empty', '8.2638855']
['14172', '-5.7998962', 'empty', '8.321014']
['14203', '-5.8594055', 'empty', '8.235321']
['14219', '-5.811798', 'empty', '8.255554']
['14267', '-5.771332', 'empty', '8.300781']
['14287', '-5.7760925', 'empty', '8.16272']
['14330', '-5.8070374', 'empty', '8.331726']
['14368', '-5.8201294', 'empty', '8.2258']
['14386', '-5.765381', 'empty', '8.298401']
['14402', '-5.8344116', 'empty', '9.642791967']
['14414', '-5.740387', 'empty', '8.246033']
['14416', '-5.746338', 'empty', '8.223419']
['14417', '-5.7570496', 'empty', '8.22818']
['14476', '-5.7249146', 'empty', '8.344818']
['14514', '-5.7427673', 'empty', '8.341248']
['14540', '-5.7701416', 'empty', '8.275787']
['14571', '28.94950808', 'empty', '8.279358']
['14589', '-5.8391724', 'empty', '4.156128077']
['14624', '-5.805847', 'empty', '0.311881546']
['14709', '-2.907685552', 'empty', '8.186523']
['14734', '-5.792755', 'empty', '8.262695']
['14759', '-5.714203', 'empty', '8.260315']
['14819', '-5.728485', 'empty', '8.260315']
['14824', '-5.8141785', 'empty', '8.3281555']
['14835', '-5.7570496', 'empty', '8.340057']
['14858', '-4.328959156', 'empty', '8.271027']
['14886', '-5.7261047', 'empty', '8.237701']
['14909', '-5.7380066', 'empty', '8.319824']
['14914', '-5.735626', 'empty', '6.561799871']
['14991', '-5.7963257', 'empty', '8.281738']
['15010', '-5.683258', 'empty', '8.319824']
['15021', '-5.7618103', 'empty', '8.323395']
['15105', '-5.6546936', 'empty', '8.337677']
['15126', '-5.6939697', 'empty', '8.386475']
['15151', '-5.63089', 'empty', '8.42337']
['15185', '-5.6939697', 'empty', '8.373383']
['15190', '-5.626129', 'empty', '8.378143']
['15245', '-5.5582886', 'empty', '8.449554']
['15266', '-5.5594788', 'empty', '8.297211']
['15274', '-5.547577', 'empty', '8.305542']
['15313', '-5.5273438', 'empty', '8.281738']
['15354', '-5.580902', 'empty', '8.336487']
['15372', '-5.6796875', 'empty', '13.97469905']
['15396', '-5.778473', 'empty', '8.429321']
['15421', '-5.746338', 'empty', '8.254364']
['15499', '-25.99994054', 'empty', '8.437653']
['15513', '-5.797516', 'empty', '8.311493']
['15728', '-5.9105835', 'empty', '8.221039']
['15779', '-6.0891113', 'empty', '7.9044495']
['15787', '-25.26713671', 'empty', '7.966339']
['15812', '-15.26036834', 'empty', '7.8211365']
['15829', '-6.377136', 'empty', '7.985382']
['15930', '-6.0522156', 'empty', '2.129907698']
['15937', '-6.2509766', 'empty', '10.86084515']
['15944', '-6.0438843', 'empty', '8.0008545']
['15947', '-6.0903015', 'empty', '12.58947606']
['16011', '-6.2438354', 'empty', '7.7759094']
['16039', '-6.40094', 'empty', '7.729492']
['16048', '-0.906097388', 'empty', '7.7770996']
['16124', '-17.895284', 'empty', '7.863983']
['16131', '-6.3283386', 'empty', '7.84256']
['16135', '-6.265259', 'empty', '7.7580566']
['16148', '-6.259308', 'empty', '7.912781']
['16183', '-6.189087', 'empty', '7.9544373']
['16204', '-6.0914917', 'empty', '7.887787']
['16227', '-14.78087798', 'empty', '9.102253962']
['16276', '-6.041504', 'empty', '8.067505']
['16360', '-6.061737', 'empty', '8.106781']
['16422', '-4.534652049', 'empty', '8.060364']
['16477', '-6.0962524', 'empty', '8.140106']
['16515', '1.354772719', 'empty', '7.9806213']
['16527', '-6.1426697', 'empty', '11.36440066']
['16530', '-6.1295776', 'empty', '7.9758606']
['16589', '-5.998657', 'empty', '8.002045']
['16602', '-6.036743', 'empty', '8.130585']
['16659', '-6.1486206', 'empty', '7.978241']
['16715', '-6.1855164', 'empty', '8.011566']
['16717', '-6.1724243', 'empty', '8.015137']
['16725', '3.868176118', 'empty', '7.9484863']
['16733', '-6.2247925', 'empty', '7.9508667']
['16801', '-6.165283', 'empty', '7.8984985']
['16805', '-33.0504889', 'empty', '7.928253']
['16843', '-6.1795654', 'empty', '7.985382']
['16868', '-6.2688293', 'empty', '7.8532715']
['16969', '-6.291443', 'empty', '7.933014']
['16985', '-6.183136', 'empty', '7.849701']
['17007', '-6.0462646', 'empty', '7.851019591']
['17025', '-6.2057495', 'empty', '6.136619102']
['17033', '0.353838592', 'empty', '7.9937134']
['17073', '-6.1152954', 'empty', '8.010376']
['17098', '-6.214081', 'empty', '7.9949036']
['17099', '-6.1783752', 'empty', '5.963712889']
['17109', '-6.1343384', 'empty', '8.003235']
['17167', '-6.246216', 'empty', '7.9937134']
['17212', '-6.2045593', 'empty', '7.978241']
['17257', '-9.064534601', 'empty', '7.856842']
['17287', '-6.2390747', 'empty', '7.902069']
['17302', '-6.2450256', 'empty', '7.9044495']
['17311', '-6.189087', 'empty', '7.9353943']
['17365', '-6.2105103', 'empty', '7.90683']
['17408', '-6.2640686', 'empty', '7.888977']
['17435', '-6.280731', 'empty', '7.9234924']
['17469', '-6.20813', 'empty', '7.862793']
['17510', '9.347350868', 'empty', '7.913971']
['17615', '-6.1557617', 'empty', '8.752207455']
['17643', '-6.202179', 'empty', '11.84597019']
['17658', '-6.2247925', 'empty', '7.952057']
['17713', '-6.200989', 'empty', '4.535647158']
['17723', '-6.1807556', 'empty', '7.9163513']
['17732', '-6.1783752', 'empty', '6.277247167']
['17744', '-6.183136', 'empty', '7.896118']
['17748', '-6.235504', 'empty', '7.9627686']
['17829', '-6.1926575', 'empty', '7.8913574']
['17892', '-6.1878967', 'empty', '7.960388']
['17923', '-6.14386', 'empty', '7.633996159']
['17970', '-6.14624', 'empty', '8.927869646']
['17997', '-6.1605225', 'empty', '11.62028211']
['18044', '-6.1557617', 'empty', '7.997284']
['18047', '-6.1736145', 'empty', '7.9615784']
['18048', '-6.227173', 'empty', '8.0008545']
['18056', '-6.171234', 'empty', '7.985382']
['18130', '-6.200989', 'empty', '7.894928']
['18134', '-6.2236023', 'empty', '7.9508667']
['18211', '-6.1724243', 'empty', '7.9508667']
['18257', '-11.25063706', 'empty', '7.940155']
['18298', '-8.662030058', 'empty', '7.959198']
['18353', '-6.189087', 'empty', '7.9615784']
['18422', '-6.1724243', 'empty', '8.011566']
['18435', '-6.1486206', 'empty', '6.66070986']
['18443', '-6.184326', 'empty', '7.941345']
['18497', '-6.2128906', 'empty', '7.960388']
['18510', '-6.2128906', 'empty', '7.992523']
['18520', '-6.183136', 'empty', '8.060364']
['18594', '-6.2366943', 'empty', '7.921112']
['18596', '-13.83626369', 'empty', '7.84256']
['18604', '14.73668267', 'empty', '7.8925476']
['18644', '-6.203369', 'empty', '7.979431']
['18645', '-6.190277', 'empty', '8.067505']
['18675', '-6.1402893', 'empty', '8.063934']
['18684', '-6.183136', 'empty', '7.8996887']
['18706', '-6.260498', 'empty', '7.8984985']
['18714', '-6.254547', 'empty', '7.959198']
['18807', '-6.2366943', 'empty', '7.959198']
['18837', '-6.20813', 'empty', '7.941345']
['18914', '-6.2045593', 'empty', '7.938965']
['18924', '-6.164093', 'empty', '7.8461304']
['18925', '-6.14386', 'empty', '7.9377747']
['18951', '-6.156952', 'empty', '7.97229']
['18958', '-6.196228', 'empty', '7.913971']
['18971', '-6.175995', 'empty', '7.90802']
['18990', '-6.2628784', 'empty', '7.9639587']
['18994', '-9.6092097', 'empty', '7.9806213']
['19032', '-6.0760193', 'empty', '8.062744']
['19080', '-6.08078', 'empty', '8.046082']
['19129', '-6.164093', 'empty', '13.45533535']
['19180', '-6.117676', 'empty', '7.9687195']
['19223', '-15.58095174', 'empty', '7.9318237']
['19290', '-6.228363', 'empty', '12.32761898']
['19342', '-6.3069153', 'empty', '8.03418']
['19347', '-6.1736145', 'empty', '7.9246826']
['19405', '-6.1212463', 'empty', '8.005615']
['19415', '-6.1545715', 'empty', '7.8485107']
['19417', '-6.1212463', 'empty', '7.8782654']
['19543', '4.789166362', 'empty', '7.9996643']
['19647', '-6.14386', 'empty', '7.465584026']
['19661', '-6.0974426', 'empty', '8.054413']
['19691', '-16.78879029', 'empty', '8.066315']
['19717', '-6.133148', 'empty', '8.03656']
['19724', '-9.646349986', 'empty', '8.018707']
['19750', '-6.1367188', 'empty', '7.977051']
['19774', '-6.1081543', 'empty', '8.040131']
['19782', '15.69359538', 'empty', '8.006805']
['19875', '-6.087921', 'empty', '7.927063']
['19902', '-2.558849504', 'empty', '5.233425561']
['19920', '-6.1795654', 'empty', '-0.911085578']
['19970', '-6.265259', 'empty', '7.9556274']
['20030', '-6.1212463', 'empty', '7.336335712']
['20104', '-6.158142', 'empty', '7.9175415']
['20147', '-2.117574474', 'empty', '7.8794556']
['20219', '-6.14505', 'empty', '8.061554']
['20239', '-6.20813', 'empty', '7.8973083']
['20265', '-6.1605225', 'empty', '7.77829']
['20412', '-6.235504', 'empty', '13.37305624']
['20448', '-6.202179', 'empty', '7.9318237']
['20500', '-6.139099', 'empty', '7.9687195']
['20537', '-6.1926575', 'empty', '8.066315']
['20551', '-6.261688', 'empty', '2.38650643']
['20589', '-6.2497864', 'empty', '7.933014']
['20615', '-6.197418', 'empty', '3.968499063']
['20628', '-6.27359', 'empty', '7.9223022']
['20697', '-6.221222', 'empty', '7.953247']
['20719', '-6.133148', 'empty', '7.9353943']
['20755', '2.298368358', 'empty', '7.978241']
['20816', '-6.2188416', 'empty', '7.9175415']
['20867', '-6.2259827', 'empty', '7.913971']
['20871', '-6.20813', 'empty', '7.912781']
['20872', '-6.214081', 'empty', '7.9639587']
['20876', '-6.189087', 'empty', '3.217085421']
['20885', '-6.1736145', 'empty', '10.71351737']
['20968', '-6.261688', 'empty', '7.645691246']
['20993', '-6.2319336', 'empty', '8.010376']
['21061', '-6.0962524', 'empty', '7.9675293']
['21092', '8.282635633', 'empty', '7.966339']
['21149', '-6.177185', 'empty', '8.004425']
['21154', '-6.1271973', 'empty', '7.9960938']
['21155', '-6.151001', 'empty', '7.9496765']
['21251', '-6.1295776', 'empty', '8.03894']
['21259', '-6.14624', 'empty', '7.985382']
['21277', '-6.1093445', 'empty', '16.00942779']
['21335', '-6.1605225', 'empty', '7.9996643']
['21339', '-6.1414795', 'empty', '7.8675537']
['21341', '-6.093872', 'empty', '16.69276063']
['21434', '-6.126007', 'empty', '7.9484863']
['21460', '-6.112915', 'empty', '12.07517038']
['21482', '-6.1343384', 'empty', '7.9318237']
['21495', '-6.0403137', 'empty', '8.096069']
['21555', '-6.1164856', 'empty', '7.9758606']
['21594', '6.693719866', 'empty', '7.8913574']
['21615', '-6.2188416', 'empty', '8.018707']
['21616', '1.728761309', 'empty', '8.028229']
['21652', '-6.184326', 'empty', '7.928253']
['21676', '-6.2640686', 'empty', '7.8330383']
['21698', '-6.2557373', 'empty', '7.194645839']
['21755', '-13.43763448', 'empty', '4.095866872']
['21781', '-6.2950134', 'empty', '7.977051']
['21789', '-6.177185', 'empty', '7.959198']
['21859', '-6.087921', 'empty', '8.104401']
['21934', '-6.1367188', 'empty', '7.958008']
['21953', '-6.0772095', 'empty', '8.043701']
['21967', '-1.210116159', 'empty', '7.978241']
['21980', '-6.1402893', 'empty', '8.005615']
['21993', '-6.098633', 'empty', '7.9556274']
['22016', '-6.1664734', 'empty', '8.005615']
['22027', '-6.170044', 'empty', '8.048462']
['22051', '-18.43800079', 'empty', '7.9687195']
['22064', '-6.08197', 'empty', '7.9937134']
['22082', '-6.202179', 'empty', '7.960388']
['22092', '-6.2045593', 'empty', '7.997284']
['22143', '-6.152191', 'empty', '9.224021497']
['22157', '-6.20932', 'empty', '12.37419085']
['22171', '-6.152191', 'empty', '7.888977']
['22299', '-6.1426697', 'empty', '7.947296']
['22316', '-37.78467986', 'empty', '8.018707']
['22343', '-6.1414795', 'empty', '12.2793583']
['22357', '-6.067688', 'empty', '13.39863912']
['22358', '-6.14386', 'empty', '7.934204']
['22378', '-6.203369', 'empty', '7.858032']
['22422', '-6.2188416', 'empty', '4.847713541']
['22576', '-6.111725', 'empty', '8.043701']
['22608', '-6.170044', 'empty', '6.96351373']
['22637', '-6.1271973', 'empty', '7.966339']
['22680', '-6.0391235', 'empty', '12.66411076']
['22794', '-6.1271973', 'empty', '8.64557477']
['22851', '-6.2105103', 'empty', '8.041321']
['22993', '-6.0914917', 'empty', '7.979431']
['23006', '-6.130768', 'empty', '8.021088']
['23039', '-6.118866', 'empty', '7.959198']
['23046', '-6.1474304', 'empty', '7.9234924']
['23245', '-6.130768', 'empty', '7.9996643']
['23256', '-6.1212463', 'empty', '8.028229']
['23270', '2.955981852', 'empty', '7.938965']
['23289', '-6.170044', 'empty', '7.9675293']
['23299', '-6.1486206', 'empty', '8.005615']
['23383', '-5.051929826', 'empty', '7.940155']
['23414', '-8.459377445', 'empty', '7.9627686']
['23464', '-6.1533813', 'empty', '7.97229']
['23530', '-6.162903', 'empty', '7.9306335']
['23556', '-6.1426697', 'empty', '7.9484863']
['23561', '-6.120056', 'empty', '8.006805']
['23577', '-15.33616739', 'empty', '8.055603']
['23623', '-6.1164856', 'empty', '7.992523']
['23674', '-6.1271973', 'empty', '7.944916']
['23693', '-6.0712585', 'empty', '7.9889526']
['23704', '-6.181946', 'empty', '7.9758606']
['23735', '-6.1938477', 'empty', '7.9115906']
['23740', '-6.1545715', 'empty', '7.934204']
['23798', '-6.175995', 'empty', '8.690237902']
['23931', '-4.75717814', 'empty', '8.003235']
['23974', '-6.14624', 'empty', '8.081787']
['24046', '-6.1486206', 'empty', '7.9818115']
['24080', '-6.1914673', 'empty', '7.9818115']
['24114', '-6.061737', 'empty', '5.678897302']
['24134', '-6.0914917', 'empty', '7.991333']
['24172', '-6.1152954', 'empty', '7.9877625']
['24182', '-6.1878967', 'empty', '8.005615']
['24186', '-6.214081', 'empty', '8.010376']
['24215', '-6.133148', 'empty', '7.997284']
['24219', '-6.118866', 'empty', '7.9615784']
['24234', '-6.0569763', 'empty', '8.119873']
['24294', '-6.1486206', 'empty', '8.074646']
['24336', '-6.1783752', 'empty', '8.047272']
['24390', '-8.028867702', 'empty', '7.953247']
['24410', '-6.118866', 'empty', '7.9960938']
['24427', '-6.133148', 'empty', '7.9627686']
['24438', '-6.1545715', 'empty', '7.965149']
['24507', '-6.106964', 'empty', '-0.823559826']
['24579', '-6.1545715', 'empty', '8.007996']
['24671', '1.073347406', 'empty', '8.055603']
['24767', '-6.1152954', 'empty', '7.978241']
['24800', '-6.086731', 'empty', '8.025848']
['24846', '-6.0629272', 'empty', '9.71797929']
['24858', '-6.126007', 'empty', '7.944916']
['24906', '-6.0260315', 'empty', '8.062744']
['24928', '-5.9736633', 'empty', '8.068695']
['24934', '-6.073639', 'empty', '8.03418']
['24980', '-6.029602', 'empty', '8.03656']
['24992', '-5.984375', 'empty', '8.16153']
['25052', '-6.0974426', 'empty', '8.052032']
['25054', '-6.0914917', 'empty', '8.0841675']
['25068', '-6.1164856', 'empty', '8.028229']
['25088', '-5.952543678', 'empty', '2.7394783']
['25110', '15.82233881', 'empty', '7.960388']
['25120', '-6.0914917', 'empty', '7.9711']
['25191', '-6.042694', 'empty', '1.529802238']
['25223', '-6.1367188', 'empty', '7.940155']
['25230', '-6.0891113', 'empty', '7.9675293']
['25305', '-6.0712585', 'empty', '11.67024942']
['25399', '-6.0438843', 'empty', '8.112732']
['25446', '-6.221222', 'empty', '10.23037423']
['25449', '1.97512908', 'empty', '7.9818115']
['25585', '-6.1486206', 'empty', '7.542848746']
['25592', '-6.162903', 'empty', '7.9949036']
['25630', '-6.171234', 'empty', '7.958008']
['25657', '-6.1878967', 'empty', '2.524408019']
['25666', '-6.1676636', 'empty', '7.978241']
['25687', '-6.1914673', 'empty', '8.055603']
['25729', '-6.165283', 'empty', '7.9032593']
['25759', '-6.181946', 'empty', '7.985382']
['25773', '-6.171234', 'empty', '7.941345']
['25782', '-6.200989', 'empty', '7.9246826']
['25810', '-6.196228', 'empty', '7.90921']
['25826', '-6.437568945', 'empty', '8.023468']
['25863', '-6.1878967', 'empty', '7.9675293']
['25870', '-6.181946', 'empty', '7.947296']
['25894', '-6.1664734', 'empty', '8.003235']
['25898', '-6.170044', 'empty', '7.984192']
['25903', '6.782590852', 'empty', '7.9639587']
['25911', '-6.216461', 'empty', '8.062744']
['25968', '-6.914754968', 'empty', '8.050842']
['26014', '-6.0641174', 'empty', '7.941345']
['26064', '-6.0010376', 'empty', '7.985382']
['26079', '-6.074829', 'empty', '8.087738']
['26080', '-6.0069885', 'empty', '8.1651']
['26120', '-6.0248413', 'empty', '8.028229']
['26128', '-6.156952', 'empty', '6.955742706']
['26179', '-6.2105103', 'empty', '8.017517']
['26225', '2.759909459', 'empty', '8.044891']
['26229', '-6.086731', 'empty', '7.944916']
['26238', '-6.1283875', 'empty', '7.9234924']
['26241', '-6.14624', 'empty', '7.9365845']
['26355', '-6.183136', 'empty', '7.912781']
['26379', '-10.26663501', 'empty', '7.824707']
['26413', '-6.1676636', 'empty', '8.022278']
['26475', '-6.229553', 'empty', '8.260782503']
['26492', '-0.70955191', 'empty', '7.90802']
['26547', '-4.969065784', 'empty', '7.9306335']
['26630', '-6.1022034', 'empty', '13.92366162']
['26671', '-7.467880849', 'empty', '8.186523']
['26705', '-14.92417112', 'empty', '8.112732']
['26724', '-5.9629517', 'empty', '8.091309']
['26735', '-5.899872', 'empty', '7.977051']
['26876', '-6.0914917', 'empty', '7.934204']
['26914', '-6.229553', 'empty', '8.012756']
['26932', '-2.73293861', 'empty', '7.836609']
['26943', '6.86358845', 'empty', '8.074646']
['26948', '-6.216461', 'empty', '8.03656']
['26964', '-5.983185', 'empty', '8.044891']
['26984', '-6.1402893', 'empty', '14.12936735']
['26988', '-6.1367188', 'empty', '8.0008545']
['27033', '-7.415727708', 'empty', '8.06846244']
['27059', '-6.1093445', 'empty', '11.42522306']
['27062', '-6.087921', 'empty', '5.348862976']
['27069', '-6.0772095', 'empty', '8.012756']
['27115', '-6.1152954', 'empty', '7.9865723']
['27138', '-6.151001', 'empty', '8.0651245']
['27154', '4.259202015', 'empty', '8.024658']
['27188', '-6.2366943', 'empty', '8.055603']
['27279', '-6.137909', 'empty', '7.9699097']
['27299', '-6.214081', 'empty', '7.978241']
['27312', '-6.086731', 'empty', '7.919922']
['27395', '-6.118866', 'empty', '7.9104004']
['27441', '-2.236893096', 'empty', '7.9568176']
['27461', '-6.228363', 'empty', '4.858336794']
['27463', '-6.221222', 'empty', '8.03656']
['27477', '18.54446786', 'empty', '8.003235']
['27496', '-6.1676636', 'empty', '7.9187317']
['27656', '-6.20932', 'empty', '7.9246826']
['27675', '-6.1271973', 'empty', '7.9889526']
['27699', '-6.1997986', 'empty', '7.9687195']
['27759', '-6.311676', 'empty', '7.921112']
['27784', '-6.20932', 'empty', '7.990143']
['27790', '-6.2188416', 'empty', '8.056793']
['27834', '-6.221222', 'empty', '7.925873']
['27898', '-6.2200317', 'empty', '7.9996643']
['27911', '-6.216461', 'empty', '7.946106']
['27993', '-6.20932', 'empty', '8.733534182']
['28014', '-6.241455', 'empty', '7.960388']
['28036', '-6.177185', 'empty', '8.03894']
['28143', '-6.1212463', 'empty', '7.9675293']
['28175', '-15.33881088', 'empty', '8.009186']
['28201', '-6.099823', 'empty', '7.239813777']
['28249', '-6.1093445', 'empty', '8.03537']
['28269', '-6.1795654', 'empty', '8.106781']
['28272', '-6.120056', 'empty', '7.9830017']
['28332', '-6.1533813', 'empty', '8.042511']
['28478', '-6.098633', 'empty', '7.760437']
['28498', '-6.126007', 'empty', '8.060364']
['28501', '-6.1914673', 'empty', '8.022278']
['28512', '0.33715469', 'empty', '7.9044495']
['28515', '-6.3092957', 'empty', '8.017517']
['28615', '7.866997773', 'empty', '7.913971']
['28751', '1.451992989', 'empty', '7.952057']
['28778', '-6.139099', 'empty', '7.979431']
['28809', '1.951806959', 'empty', '8.024658']
['28851', '-6.111725', 'empty', '7.919922']
['28874', '-6.1795654', 'empty', '5.644487515']
['28892', '-6.158142', 'empty', '7.8663635']
['28930', '-6.1664734', 'empty', '8.024658']
['28960', '6.761738494', 'empty', '7.998474']
['28962', '-6.105774', 'empty', '8.031799']
['29101', '-6.041504', 'empty', '8.016327']
['29102', '-6.041504', 'empty', '8.016327']
['29103', '-6.0831604', 'empty', '8.003235']
['29109', '-6.07959', 'empty', '8.03537']
['29110', '-6.0724487', 'empty', '7.9877625']
['29122', '-6.101013', 'empty', '10.85410773']
['29167', '-6.130768', 'empty', '8.019897']
['29170', '-6.098633', 'empty', '8.081787']
['29206', '-6.0593567', 'empty', '8.007996']
['29230', '-6.0629272', 'empty', '7.97348']
['29281', '-6.106964', 'empty', '7.9960938']
['29295', '-6.0760193', 'empty', '8.0972595']
['29362', '-6.093872', 'empty', '7.8984985']
['29364', '-6.055786', 'empty', '7.959198']
['29367', '-6.0914917', 'empty', '7.9365845']
['29407', '-6.137909', 'empty', '8.03418']
['29409', '-6.1164856', 'empty', '7.9758606']
['29410', '-6.1105347', 'empty', '-5.643613107']
['29412', '-6.1355286', 'empty', '7.946106']
['29430', '-11.29317196', 'empty', '8.011566']
['29443', '-6.190277', 'empty', '7.9508667']
['29466', '-6.126007', 'empty', '8.011566']
['29471', '-6.1367188', 'empty', '7.912781']
['29500', '-6.184326', 'empty', '7.991333']
['29504', '-6.1022034', 'empty', '7.960388']
['29525', '-3.893722594', 'empty', '11.32567907']
['29542', '-6.1593323', 'empty', '7.913971']
['29559', '-6.139099', 'empty', '7.9830017']
['29635', '-6.1426697', 'empty', '5.733965672']
['29680', '-6.165283', 'empty', '7.966339']
['29719', '-6.112915', 'empty', '7.978241']
['29723', '-6.1426697', 'empty', '7.890167']
['29731', '-6.087921', 'empty', '7.9556274']
['29753', '-6.164093', 'empty', '7.9996643']
['29763', '-6.175995', 'empty', '7.9377747']
['29807', '-6.1426697', 'empty', '8.066315']
['29868', '-6.14386', 'empty', '2.010350614']
['29875', '-6.1545715', 'empty', '1.868192116']
['29878', '-6.1355286', 'empty', '8.029419']
['29899', '-5.958191', 'empty', '8.047272']
['29909', '-6.0843506', 'empty', '8.022278']
['29937', '-6.0653076', 'empty', '8.03537']
['29967', '-6.1426697', 'empty', '8.013947']
['30068', '-6.1093445', 'empty', '7.9746704']
['30076', '-6.152191', 'empty', '8.042511']
['30110', '-6.126007', 'empty', '8.0008545']
['30140', '-6.158142', 'empty', '1.631209011']
['30165', '-6.0581665', 'empty', '8.096069']
['30201', '-10.9224738', 'empty', '8.080597']
['30205', '-6.067688', 'empty', '8.009186']
['30217', '-6.126007', 'empty', '7.990143']
['30223', '-6.151001', 'empty', '8.03418']
['30228', '-6.07959', 'empty', '7.9865723']
['30295', '-6.035553', 'empty', '8.016327']
['30341', '-6.246216', 'empty', '7.855652']
['30348', '-6.2128906', 'empty', '7.919922']
['30437', '-6.3259583', 'empty', '7.810425']
['30462', '-6.184326', 'empty', '7.959198']
['30478', '-6.216461', 'empty', '8.002045']
['30490', '-6.1795654', 'empty', '7.831848']
['30574', '-6.1271973', 'empty', '7.902069']
['30579', '-6.1271973', 'empty', '7.947296']
['30652', '-30.66302755', 'empty', '8.009186']
['30653', '-6.0569763', 'empty', '8.009186']
['30656', '-6.0522156', 'empty', '7.941345']
['30667', '-6.1093445', 'empty', '7.977051']
['30780', '-6.1045837', 'empty', '8.079407']
['30806', '-6.1081543', 'empty', '8.03656']
['30817', '-6.067688', 'empty', '8.03656']
['30832', '-6.099823', 'empty', '7.9044495']
['30848', '-6.0962524', 'empty', '8.046082']
['30856', '-6.01532', 'empty', '7.944916']
['30868', '-6.034363', 'empty', '7.928384919']
['30953', '17.11055738', 'empty', '7.9615784']
['30985', '-6.0641174', 'empty', '8.056793']
['31031', '-6.1748047', 'empty', '7.9711']
['31033', '-6.2117004', 'empty', '7.8711243']
['31094', '-6.1486206', 'empty', '8.005615']
['31110', '-6.189087', 'empty', '7.9818115']
['31111', '-6.203369', 'empty', '7.997284']
['31125', '7.402483491', 'empty', '7.9223022']
['31172', '-6.1557617', 'empty', '7.9187317']
['31185', '-6.098633', 'empty', '7.9818115']
['31202', '-6.2057495', 'empty', '7.9223022']
['31269', '-6.164093', 'empty', '7.919922']
['31281', '-6.196228', 'empty', '7.992523']
['31299', '-1.967183326', 'empty', '7.9746704']
['31301', '-6.1795654', 'empty', '7.9437256']
['31308', '-6.120056', 'empty', '7.466408843']
['31317', '-6.170044', 'empty', '7.8913574']
['31389', '-6.1664734', 'empty', '7.9234924']
['31395', '-6.1224365', 'empty', '8.006805']
['31411', '-6.1724243', 'empty', '7.928253']
['31470', '-16.75687882', 'empty', '8.060364']
['31476', '-6.1367188', 'empty', '12.23705857']
['31504', '-4.130376311', 'empty', '8.055603']
['31524', '-6.1617126', 'empty', '8.019897']
['31594', '-6.1474304', 'empty', '8.024658']
['31613', '-15.99497286', 'empty', '9.40344973']
['31673', '-6.086731', 'empty', '7.269258474']
['31681', '-6.1164856', 'empty', '8.043701']
['31853', '-6.1236267', 'empty', '8.048462']
['31881', '-6.1367188', 'empty', '8.148976069']
['31916', '-6.112915', 'empty', '7.9437256']
['31933', '-6.1474304', 'empty', '7.9687195']
['31961', '-6.162903', 'empty', '7.952057']
['32246', '-6.061737', 'empty', '8.022278']
['32292', '-6.1914673', 'empty', '7.9556274']
['32317', '-6.1164856', 'empty', '7.921112']
['32321', '-6.1557617', 'empty', '11.15587904']
['32379', '9.473991578', 'empty', '8.002045']
['32385', '2.657468049', 'empty', '7.9758606']
['32409', '-6.216461', 'empty', '7.817566']
['32425', '-12.23738803', 'empty', '7.919922']
['32457', '-6.2069397', 'empty', '8.025848']
['32458', '-6.2307434', 'empty', '7.978241']
['32487', '-17.50888489', 'empty', '8.015137']
['32492', '-6.124817', 'empty', '8.017517']
['32495', '-6.124817', 'empty', '7.978241']
['32683', '-6.2521667', 'empty', '7.9234924']
['32689', '-6.203369', 'empty', '7.9818115']
['32778', '-6.1867065', 'empty', '7.861603']
['32819', '-6.151001', 'empty', '7.977051']
['32848', '-6.1474304', 'empty', '7.9937134']
['32906', '-12.44001692', 'empty', '7.9104004']
['32922', '-8.15610864', 'empty', '7.934204']
['32934', '12.07272638', 'empty', '7.61548573']
['32966', '-6.27359', 'empty', '7.934204']
['33108', '-6.1474304', 'empty', '8.012756']
['33151', '-6.092682', 'empty', '8.068695']
['33174', '-6.0914917', 'empty', '7.991333']
['33201', '-6.0831604', 'empty', '7.990143']
['33209', '-6.0831604', 'empty', '7.9818115']
['33231', '-30.34149235', 'empty', '7.9818115']
['33256', '-6.047455', 'empty', '8.062744']
['33268', '-6.074829', 'empty', '7.9806213']
['33277', '-6.165283', 'empty', '8.03894']
['33319', '-6.086731', 'empty', '12.35224567']
['33355', '-6.092682', 'empty', '7.9544373']
['33390', '-6.126007', 'empty', '7.991333']
['33479', '-6.117676', 'empty', '7.9496765']
['33531', '-6.0760193', 'empty', '7.9104004']
['33537', '0.210235215', 'empty', '7.9937134']
['33541', '-2.595792807', 'empty', '8.0008545']
['33545', '-6.101013', 'empty', '8.066315']
['33604', '-6.1105347', 'empty', '8.055603']
['33606', '-6.0188904', 'empty', '8.053223']
['33640', '-6.133148', 'empty', '-3.06744016']
['33642', '-6.085541', 'empty', '7.9496765']
['33678', '-6.227173', 'empty', '7.793762']
['33693', '-6.0641174', 'empty', '8.127014']
['33697', '-6.0653076', 'empty', '7.9675293']
['33764', '-6.053406', 'empty', '7.991333']
['33775', '-6.1152954', 'empty', '8.025848']
['33776', '-6.158142', 'empty', '13.32549734']
['33797', '-6.0974426', 'empty', '8.053223']
['33799', '-10.88928607', 'empty', '3.082297117']
['33826', '-6.1271973', 'empty', '7.938965']
['33839', '-6.181946', 'empty', '7.985382']
['33844', '-6.1105347', 'empty', '4.000844332']
['33877', '-6.0974426', 'empty', '8.082977']
['33894', '-6.061737', 'empty', '8.028229']
['33933', '-6.14624', 'empty', '7.9568176']
['33968', '-10.52583536', 'empty', '10.04265972']
['33995', '-6.1081543', 'empty', '11.78978319']
['33999', '-6.087921', 'empty', '7.978241']
['34012', '-6.1152954', 'empty', '8.013947']
['34118', '-6.1283875', 'empty', '7.944916']
['34167', '-6.1224365', 'empty', '7.9568176']
['34222', '-6.1283875', 'empty', '7.946106']
['34258', '-6.105774', 'empty', '7.9318237']
['34260', '-6.105774', 'empty', '4.957590853']
['34267', '-18.91171015', 'empty', '7.9949036']
['34357', '-6.0260315', 'empty', '8.0841675']
['34513', '-6.029602', 'empty', '9.804597216']
['34552', '-6.0212708', 'empty', '7.9960938']
['34584', '-6.139099', 'empty', '-0.113222998']
['34603', '-6.1617126', 'empty', '8.094879']
['34611', '-6.106964', 'empty', '7.90683']
['34618', '-20.59982074', 'empty', '6.70629217']
['34638', '-6.1664734', 'empty', '8.015137']
['34641', '-6.152191', 'empty', '8.003235']
['34655', '-12.0775895', 'empty', '8.002045']
['34694', '6.353267356', 'empty', '7.953247']
['34704', '2.804883229', 'empty', '7.992523']
['34742', '6.185774764', 'empty', '8.1163025']
['34789', '-6.152191', 'empty', '10.60491051']
['34841', '-6.165283', 'empty', '7.921112']
['34866', '-6.1474304', 'empty', '7.97348']
['34868', '-6.126007', 'empty', '7.9365845']
['34879', '-10.62781442', 'empty', '8.009186']
['34905', '-6.2105103', 'empty', '7.9949036']
['34933', '-6.1617126', 'empty', '7.9115906']
['34952', '-24.82856242', 'empty', '7.9365845']
['34967', '-6.1402893', 'empty', '6.630401615']
['34974', '-6.1224365', 'empty', '8.010376']
['34988', '-6.177185', 'empty', '7.991333']
['34994', '-6.1676636', 'empty', '7.9746704']
['35012', '-8.506779883', 'empty', '11.59087745']
['35018', '-6.139099', 'empty', '7.959198']
['35050', '-6.1164856', 'empty', '8.028229']
['35068', '-15.93059592', 'empty', '7.9306335']
['35150', '-6.0629272', 'empty', '8.018707']
['35257', '-6.170044', 'empty', '7.9556274']
['35277', '-6.048645', 'empty', '7.9711']
['35317', '-6.1271973', 'empty', '7.9353943']
['35361', '-6.0914917', 'empty', '3.738568736']
['35369', '-6.117676', 'empty', '8.016327']
['35378', '-18.96556785', 'empty', '8.068695']
['35398', '-6.1736145', 'empty', '6.82791314']
['35413', '-6.233124', 'empty', '7.959198']
['35469', '10.20161646', 'empty', '8.078217']
['35476', '-5.977234', 'empty', '8.022278']
['35493', '-5.9760437', 'empty', '8.1484375']
['35551', '-6.010559', 'empty', '8.009186']
['35559', '-6.0212708', 'empty', '8.136536']
['35593', '-6.0974426', 'empty', '4.319717028']
['35595', '-6.0641174', 'empty', '8.085358']
['35646', '-6.004608', 'empty', '8.028229']
['35684', '-6.501601069', 'empty', '8.096069']
['35830', '-6.054596', 'empty', '8.068695']
['35855', '-5.9998474', 'empty', '8.124634']
['35911', '-6.0462646', 'empty', '7.97229']
['35960', '-6.01532', 'empty', '8.0329895']
['36009', '-3.622604685', 'empty', '8.429448306']
['36080', '-5.9891357', 'empty', '7.9746704']
['36081', '1.96969901', 'empty', '8.025848']
['36088', '-5.9689026', 'empty', '8.10202']
['36100', '-5.990326', 'empty', '9.927581927']
['36160', '-6.203186035', 'empty', '7.9627686']
['36172', '-6.1224365', 'empty', '19.95257309']
['36185', '-6.08197', 'empty', '7.9960938']
['36205', '-5.9093933', 'empty', '8.069885']
['36206', '-5.9367676', 'empty', '7.97229']
['36207', '-5.9308167', 'empty', '8.077026']
['36249', '-6.0581665', 'empty', '8.135345']
['36262', '-6.133148', 'empty', '7.9627686']
['36305', '-6.0831604', 'empty', '4.33726036']
['36325', '-6.086731', 'empty', '8.123444']
['36372', '-6.126007', 'empty', '6.145672457']
['36430', '-15.86047713', 'empty', '7.8842163']
['36496', '-6.149811', 'empty', '8.010376']
['36520', '-6.120056', 'empty', '7.978241']
['36579', '-6.07959', 'empty', '7.9889526']
['36652', '-6.0843506', 'empty', '7.965149']
['36691', '-6.1795654', 'empty', '8.061554']
['36722', '-6.126007', 'empty', '7.9032593']
['36813', '-6.2176514', 'empty', '7.824707']
['36886', '-6.1355286', 'empty', '8.024658']
['36887', '-6.1545715', 'empty', '7.979431']
['36897', '-1.527395836', 'empty', '7.9877625']
['36901', '-6.1367188', 'empty', '7.837799']
['37018', '-6.1212463', 'empty', '7.9223022']
['37070', '-6.1212463', 'empty', '7.97229']
['37080', '-20.09345755', 'empty', '12.75591918']
['37087', '-6.156952', 'empty', '7.9556274']
['37182', '-6.086731', 'empty', '8.068695']
['37278', '-5.918915', 'empty', '8.105591']
['37331', '-6.055786', 'empty', '8.10321']
['37343', '-5.9819946', 'empty', '12.39367392']
['37357', '-5.9224854', 'empty', '8.168671']
['37368', '-5.9938965', 'empty', '8.048462']
['37410', '-6.036743', 'empty', '8.1805725']
['37411', '-5.9927063', 'empty', '8.157959']
['37455', '-8.435977929', 'empty', '8.049652']
['37473', '-6.0272217', 'empty', '8.123444']
['37474', '-6.004608', 'empty', '8.129395']
['37476', '-6.0141296', 'empty', '8.028229']
['37521', '-5.933197', 'empty', '8.0841675']
['37566', '-5.9284363', 'empty', '8.079407']
['37598', '-3.973978577', 'empty', '9.416760126']
['37613', '-5.855835', 'empty', '4.851949221']
['37636', '-5.836792', 'empty', '8.1484375']
['37668', '-5.797516', 'empty', '8.322205']
['37730', '-6.0783997', 'empty', '8.154388']
['37768', '8.137803446', 'empty', '8.016327']
['37902', '-6.3092957', 'empty', '7.797333']
['37906', '-50.64957274', 'empty', '7.9508667']
['37910', '-6.266449', 'empty', '7.9889526']
['37911', '-6.2521667', 'empty', '7.959198']
['37932', '-17.6386378', 'empty', '7.837799']
['37951', '-6.2843018', 'empty', '7.9294434']
['38006', '-6.086731', 'empty', '7.90921']
['38066', '-6.1617126', 'empty', '7.9556274']
['38247', '-6.197418', 'empty', '7.90802']
['38274', '-6.285492', 'empty', '7.894928']
['38282', '-6.2747803', 'empty', '7.8794556']
['38323', '-6.1997986', 'empty', '7.984192']
['38338', '-6.2128906', 'empty', '7.9294434']
['38380', '-6.349762', 'empty', '7.858032']
['38432', '10.242145', 'empty', '7.9758606']
['38440', '-6.266449', 'empty', '8.003235']
['38447', '6.411358761', 'empty', '7.881836']
['38463', '-6.329529', 'empty', '7.7628174']
['38464', '-6.3664246', 'empty', '7.7878113']
['38485', '-6.1748047', 'empty', '7.984192']
['38668', '18.07368684', 'empty', '8.087738']
['38676', '-6.028412', 'empty', '7.9937134']
['38702', '-5.997467', 'empty', '8.186523']
['38703', '-17.42379378', 'empty', '8.107971']
['38706', '-5.996277', 'empty', '11.66739104']
['38716', '-5.965332', 'empty', '8.077026']
['38720', '-6.0069885', 'empty', '8.096069']
['38807', '-6.1045837', 'empty', '8.040131']
['38815', '-5.9891357', 'empty', '8.006805']
['38828', '-6.067688', 'empty', '8.031799']
['38905', '-5.810608', 'empty', '7.856842']
['39036', '-5.8582153', 'empty', '8.440033']
['39043', '-5.7558594', 'empty', '8.334106']
['39045', '-5.765381', 'empty', '8.232941']
['39055', '-5.7570496', 'empty', '8.082977']
['39087', '-5.811798', 'empty', '8.210327']
['39179', '-5.9355774', 'empty', '8.155579']
['39304', '-6.361664', 'empty', '7.754486']
['39343', '-2.822284822', 'empty', '7.548584']
['39347', '-6.349762', 'empty', '7.5069275']
['39357', '-6.215271', 'empty', '8.075836']
['39440', '-6.164093', 'empty', '7.729401184']
['39443', '-6.1355286', 'empty', '8.007996']
['39448', '-6.1105347', 'empty', '8.003235']
['39452', '-6.093872', 'empty', '7.925873']
['39484', '-6.139099', 'empty', '-0.364198897']
['39495', '1.355273959', 'empty', '8.046082']
['39526', '-21.11907358', 'empty', '7.874695']
['39538', '2.967453247', 'empty', '7.958008']
['39564', '-6.177185', 'empty', '8.03537']
['39596', '-6.1748047', 'empty', '7.9425354']
['39601', '-6.156952', 'empty', '7.9484863']
['39622', '-6.164093', 'empty', '7.978241']
['39694', '-6.1426697', 'empty', '7.9806213']
['39702', '-6.14386', 'empty', '7.9175415']
['39714', '-6.170044', 'empty', '7.890167']
['39741', '-6.203369', 'empty', '7.977051']
['39755', '-6.1426697', 'empty', '7.913971']
['39835', '-6.170044', 'empty', '8.023468']
['39846', '-6.120056', 'empty', '7.9556274']
['39948', '-6.165283', 'empty', '7.912781']
['39952', '-8.179319381', 'empty', '7.9365845']
['39976', '-6.171234', 'empty', '6.760468835']
['40035', '-6.164093', 'empty', '9.164386305']
['40041', '-6.158142', 'empty', '7.9365845']
['40107', '-16.40064194', 'empty', '7.9484863']
['40114', '-6.117676', 'empty', '7.9818115']
['40137', '-14.52662412', 'empty', '7.9615784']
['40163', '-13.40423648', 'empty', '8.0008545']
['40197', '-5.795916561', 'empty', '7.97229']
['40203', '-6.2069397', 'empty', '8.075836']
['40204', '-6.175995', 'empty', '8.03418']
['40216', '8.153132637', 'empty', '7.90683']
['40246', '-6.2236023', 'empty', '7.8925476']
['40272', '-6.246216', 'empty', '7.9163513']
['40280', '-6.260498', 'empty', '7.925873']
['40312', '-6.2509766', 'empty', '5.125740833']
['40402', '-5.803467', 'empty', '12.055593']
['40416', '-6.060547', 'empty', '8.250793']
['40463', '-5.915344', 'empty', '8.191284']
['40473', '-6.029602', 'empty', '8.268646']
['40515', '-6.1355286', 'empty', '8.122253']
['40553', '-6.7568054', 'empty', '7.7687683']
['40570', '-6.9948425', 'empty', '7.4378967']
['40577', '-7.1352844', 'empty', '7.6985474']
['40589', '-19.2071975', 'empty', '8.010376']
['40618', '-6.6484985', 'empty', '7.464081']
['40640', '-6.5651855', 'empty', '7.4890747']
['40680', '-6.4247437', 'empty', '7.8842163']
['40715', '-6.009369', 'empty', '8.016327']
['40729', '-5.7237244', 'empty', '8.072266']
['40764', '-5.4499817', 'empty', '8.301971']
['40861', '0.46166992', 'empty', '10.146759']
['40890', '0.60092163', 'empty', '12.01669531']
['40911', '0.10461426', 'empty', '10.295532']
['40929', '0.012969971', 'empty', '10.259827']
['40949', '0.38787842', 'empty', '10.307434']
['40955', '0.42834473', 'empty', '10.364563']
['40963', '0.54022217', 'empty', '10.127716']
['40974', '0.5033264', 'empty', '10.234833']
['41034', '-2.587762532', 'empty', '10.21817']
['41043', '0.22125244', 'empty', '10.3229065']
['41056', '0.22601318', 'empty', '10.295532']
['41106', '0.14746094', 'empty', '10.212219']
['41110', '0.18435669', 'empty', '10.190796']
['41111', '0.15222168', 'empty', '10.294342']
['41130', '0.31884766', 'empty', '10.268158']
['41223', '0.24624634', 'empty', '10.208649']
['41245', '0.19030762', 'empty', '10.277679']
['41277', '0.256958', 'empty', '10.247925']
['41282', '0.3140869', 'empty', '14.58337456']
['41284', '0.31289673', 'empty', '10.21698']
['41313', '0.37002563', 'empty', '10.2395935']
['41320', '0.29623413', 'empty', '10.275299']
['41328', '0.3152771', 'empty', '10.232452']
['41336', '0.25100708', 'empty', '10.191986']
['41385', '0.37716675', 'empty', '10.191986']
['41468', '0.26171875', 'empty', '10.297913']
['41492', '0.29504395', 'empty', '7.190940372']
['41504', '0.4711914', 'empty', '10.203888']
['41508', '0.38311768', 'empty', '6.358271442']
['41523', '0.13793945', 'empty', '10.3550415']
['41571', '0.4473877', 'empty', '10.335999']
['41578', '0.3985901', 'empty', '10.313385']
['41581', '0.32479858', 'empty', '12.95418173']
['41620', '0.41168213', 'empty', '10.212219']
['41637', '11.2462099', 'empty', '10.316956']
['41660', '0.47476196', 'empty', '10.2395935']
['41673', '0.4795227', 'empty', '10.321716']
['41707', '13.86557391', 'empty', '10.264587']
['41780', '0.38549805', 'empty', '10.244354']
['41812', '0.40216064', 'empty', '10.209839']
['41819', '0.37835693', 'empty', '10.263397']
['41828', '0.4307251', 'empty', '10.269348']
['41838', '0.44262695', 'empty', '10.337189']
['41864', '0.44500732', 'empty', '10.234833']
['41895', '0.44976807', 'empty', '8.563948735']
['42022', '0.50213623', 'empty', '10.287201']
['42025', '8.650009852', 'empty', '14.33551244']
['42045', '0.35336304', 'empty', '4.9933306']
['42077', '-0.074708758', 'empty', '10.231262']
['42095', '0.36645508', 'empty', '10.262207']
['42106', '0.3973999', 'empty', '13.35732656']
['42121', '10.09361196', 'empty', '10.243164']
['42156', '-1.112223882', 'empty', '10.255066']
['42181', '0.44381714', 'empty', '10.28125']
['42185', '0.4461975', 'empty', '10.233643']
['42230', '0.4307251', 'empty', '10.21936']
['42231', '0.4140625', 'empty', '8.037694188']
['42237', '-11.99348296', 'empty', '10.196747']
['42248', '0.44857788', 'empty', '10.241974']
['42256', '0.43667603', 'empty', '10.2395935']
['42323', '0.41882324', 'empty', '10.227692']
['42327', '-0.236145705', 'empty', '10.237213']
['42337', '6.473764575', 'empty', '10.222931']
['42357', '0.41882324', 'empty', '10.272919']
['42372', '0.43310547', 'empty', '10.249115']
['42380', '0.40097046', 'empty', '10.265778']
['42479', '0.3390808', 'empty', '2.909033883']
['42493', '0.39382935', 'empty', '10.324097']
['42524', '11.61991535', 'empty', '10.250305']
['42594', '0.36883545', 'empty', '10.209839']
['42621', '0.3474121', 'empty', '10.95486013']
['42639', '0.34979248', 'empty', '10.272919']
['42644', '0.33432007', 'empty', '10.311005']
['42680', '0.34622192', 'empty', '10.209839']
['42697', '0.31884766', 'empty', '4.043438759']
['42717', '0.4223938', 'empty', '10.2146']
['42785', '0.34146118', 'empty', '10.303864']
['42797', '0.37478638', 'empty', '10.197937']
['42820', '-5.657169356', 'empty', '10.236023']
['42831', '0.4223938', 'empty', '10.2146']
['42883', '0.36883545', 'empty', '10.319336']
['42914', '0.35931396', 'empty', '10.318146']
['42920', '0.372406', 'empty', '10.233643']
['42992', '0.3807373', 'empty', '10.256256']
['42999', '0.3164673', 'empty', '10.205078']
['43020', '0.3474121', 'empty', '10.28006']
['43062', '0.3224182', 'empty', '10.234833']
['43069', '4.107042449', 'empty', '10.241974']
['43087', '0.35217285', 'empty', '10.250305']
['43165', '0.41763306', 'empty', '10.21698']
['43217', '0.28671265', 'empty', '12.00851533']
['43254', '0.3973999', 'empty', '10.178894']
['43283', '0.37597656', 'empty', '10.21817']
['43340', '0.506897', 'empty', '10.158661']
['43383', '0.27838135', 'empty', '10.288391']
['43390', '0.3319397', 'empty', '10.286011']
['43400', '0.5140381', 'empty', '10.358612']
['43483', '-9.834729577', 'empty', '10.199127']
['43539', '0.3807373', 'empty', '10.331238']
['43540', '0.38668823', 'empty', '10.240784']
['43581', '0.39144897', 'empty', '10.237213']
['43636', '0.2498169', 'empty', '10.333618']
['43653', '0.3985901', 'empty', '10.326477']
['43715', '-2.171878527', 'empty', '10.190796']
['43734', '0.39382935', 'empty', '10.27887']
['43736', '8.453292763', 'empty', '10.27887']
['43763', '0.36883545', 'empty', '10.212219']
['43830', '0.34265137', 'empty', '10.21698']
['43865', '0.36764526', 'empty', '10.27887']
['43873', '0.35455322', 'empty', '11.15120354']
['43886', '0.44024658', 'empty', '10.21579']
['43912', '0.36169434', 'empty', '10.28363']
['43992', '0.38549805', 'empty', '10.34314']
['44024', '0.44262695', 'empty', '10.300293']
['44030', '0.33312988', 'empty', '10.191986']
['44107', '0.40454102', 'empty', '10.261017']
['44109', '0.44857788', 'empty', '10.226501']
['44186', '0.31170654', 'empty', '10.181274']
['44327', '0.41644287', 'empty', '10.21698']
['44349', '0.4378662', 'empty', '10.259827']
['44367', '-8.02082888', 'empty', '10.237213']
['44445', '-16.9859501', 'empty', '10.262207']
['44474', '0.35098267', 'empty', '10.21936']
['44480', '0.39501953', 'empty', '10.230072']
['44511', '0.47833252', 'empty', '10.276489']
['44543', '0.45809937', 'empty', '11.17448097']
['44560', '0.44500732', 'empty', '10.220551']
['44614', '0.324042861', 'empty', '10.318146']
['44634', '0.506897', 'empty', '10.21579']
['44669', '0.38430786', 'empty', '12.82052487']
['44688', '0.40097046', 'empty', '10.295532']
['44694', '0.46643066', 'empty', '10.270538']
['44709', '0.38549805', 'empty', '12.44975127']
['44724', '0.5187988', 'empty', '10.308624']
['44751', '0.42596436', 'empty', '10.228882']
['44752', '0.42834473', 'empty', '10.277679']
['44767', '0.455719', 'empty', '10.237213']
['44782', '0.43310547', 'empty', '10.253876']
['44818', '0.49499512', 'empty', '10.287201']
['44828', '21.42134446', 'empty', '8.880229383']
['44864', '0.5033264', 'empty', '10.299103']
['44932', '0.4628601', 'empty', '10.243164']
['45003', '0.46047974', 'empty', '10.297913']
['45006', '0.44381714', 'empty', '10.305054']
['45050', '-5.788423272', 'empty', '10.294342']
['45100', '0.46524048', 'empty', '10.238403']
['45125', '0.55926514', 'empty', '10.277679']
['45133', '0.4973755', 'empty', '6.629976315']
['45166', '0.5354614', 'empty', '10.203888']
['45191', '0.50927734', 'empty', '10.266968']
['45352', '0.49023438', 'empty', '10.262207']
['45355', '0.4628601', 'empty', '10.257446']
['45409', '0.5295105', 'empty', '10.250305']
['45488', '0.45928955', 'empty', '10.249115']
['45510', '0.45095825', 'empty', '10.2717285']
['45519', '4.095730578', 'empty', '10.196747']
['45546', '0.3474121', 'empty', '10.251495']
['45558', '0.3819275', 'empty', '10.213409']
['45570', '0.50094604', 'empty', '10.244354']
['45571', '0.4640503', 'empty', '10.302673']
['45696', '0.5140381', 'empty', '10.244354']
['45702', '0.5045166', 'empty', '10.293152']
['45706', '0.59259033', 'empty', '10.246735']
['45725', '0.5806885', 'empty', '10.158661']
['45775', '-13.86315531', 'empty', '10.53530885']
['45796', '0.5223694', 'empty', '10.226501']
['45805', '-5.447409164', 'empty', '10.257446']
['45835', '0.5640259', 'empty', '10.302673']
['45861', '0.40097046', 'empty', '10.21698']
['45891', '0.37002563', 'empty', '10.28125']
['45909', '0.3640747', 'empty', '10.319336']
['46041', '0.4128723', 'empty', '10.259827']
['46136', '0.46762085', 'empty', '3.823511957']
['46226', '0.47714233', 'empty', '10.293152']
['46227', '0.44857788', 'empty', '10.228882']
['46244', '0.40335083', 'empty', '7.220991339']
['46272', '0.54974365', 'empty', '10.28006']
['46327', '0.49023438', 'empty', '10.189606']
['46328', '0.50213623', 'empty', '10.221741']
['46338', '0.3652649', 'empty', '10.27887']
['46364', '0.51641846', 'empty', '10.237213']
['46373', '0.4711914', 'empty', '10.307434']
['46376', '0.45333862', 'empty', '10.252686']
['46410', '0.487854', 'empty', '10.277679']
['46414', '0.4640503', 'empty', '10.300293']
['46425', '-12.55336497', 'empty', '10.233643']
['46469', '0.48190308', 'empty', '10.266968']
['46544', '0.36883545', 'empty', '10.197937']
['46572', '-7.416431144', 'empty', '10.224121']
['46653', '0.340271', 'empty', '10.309814']
['46756', '-6.782352982', 'empty', '10.318146']
['46774', '0.3569336', 'empty', '10.366943']
['46781', '0.33670044', 'empty', '10.237213']
['46807', '0.37597656', 'empty', '10.227692']
['46821', '0.2986145', 'empty', '10.259827']
['46844', '0.37835693', 'empty', '10.351471']
['46897', '0.26885986', 'empty', '7.38836501']
['46936', '0.34265137', 'empty', '10.284821']
['46994', '0.4069214', 'empty', '10.277679']
['47034', '0.36764526', 'empty', '10.240784']
['47090', '0.29385376', 'empty', '10.287201']
['47114', '-2.880013417', 'empty', '10.2907715']
['47145', '0.35812378', 'empty', '10.299103']
['47191', '0.3652649', 'empty', '10.332428']
['47240', '0.37835693', 'empty', '10.176514']
['47253', '0.30337524', 'empty', '7.137564276']
['47282', '0.33670044', 'empty', '13.14148871']
['47351', '6.895513237', 'empty', '9.024827745']
['47359', '0.3319397', 'empty', '10.269348']
['47410', '0.33670044', 'empty', '10.249115']
['47429', '0.4473877', 'empty', '10.311005']
['47480', '0.33312988', 'empty', '10.28006']
['47484', '0.36288452', 'empty', '10.190796']
['47486', '0.35812378', 'empty', '10.21698']
['47510', '0.31884766', 'empty', '10.21817']
['47528', '0.32955933', 'empty', '9.681686676']
['47554', '0.3807373', 'empty', '10.34314']
['47588', '0.42834473', 'empty', '10.28125']
['47695', '0.37716675', 'empty', '17.16871939']
['47728', '0.41644287', 'empty', '10.176514']
['47777', '0.34979248', 'empty', '9.815000395']
['47803', '-8.269588064', 'empty', '10.259827']
['47809', '-12.7951548', 'empty', '12.25299622']
['47847', '0.41168213', 'empty', '10.234833']
['47855', '0.36764526', 'empty', '10.268158']
['47863', '0.36764526', 'empty', '10.200317']
['47880', '0.33432007', 'empty', '3.735757685']
['47893', '0.29623413', 'empty', '10.364563']
['47976', '0.37121582', 'empty', '9.655069']
['48006', '0.3557434', 'empty', '10.269348']
['48026', '0.39978027', 'empty', '10.307434']
['48170', '0.37716675', 'empty', '10.284821']
['48190', '0.3735962', 'empty', '10.227692']
['48199', '0.40811157', 'empty', '10.247925']
['48214', '-4.106134599', 'empty', '10.245544']
['48247', '0.40335083', 'empty', '9.647561429']
['48262', '0.36288452', 'empty', '10.264587']
['48356', '0.34384155', 'empty', '12.60697933']
['48378', '0.41763306', 'empty', '10.221741']
['48512', '0.4069214', 'empty', '10.297913']
['48563', '0.42596436', 'empty', '8.069396753']
['48682', '0.41049194', 'empty', '10.213409']
['48714', '0.42834473', 'empty', '4.006505145']
['48727', '0.372406', 'empty', '10.275299']
['48782', '0.3973999', 'empty', '10.252686']
['48828', '0.602764757', 'empty', '10.276489']
['48844', '16.20126289', 'empty', '10.172943']
['48854', '0.42596436', 'empty', '10.272919']
['48904', '0.41882324', 'empty', '9.377308794']
['48939', '6.502863663', 'empty', '12.75395933']
['48942', '0.4807129', 'empty', '10.238403']
['48943', '13.72898171', 'empty', '10.157471']
['48950', '0.50808716', 'empty', '10.244354']
['48967', '0.36883545', 'empty', '10.234833']
['49048', '0.38549805', 'empty', '10.143188']
['49055', '0.5783081', 'empty', '10.294342']
['49081', '0.40216064', 'empty', '1.739191248']
['49142', '0.3640747', 'empty', '10.231262']
['49165', '20.63375763', 'empty', '10.201508']
['49277', '0.4473877', 'empty', '10.188416']
['49343', '0.45333862', 'empty', '10.246735']
['49465', '0.36288452', 'empty', '10.307434']
['49522', '0.41882324', 'empty', '10.244354']
['49531', '0.36883545', 'empty', '10.294342']
['49574', '0.40930176', 'empty', '14.32419692']
['49624', '0.46881104', 'empty', '10.253876']
['49657', '0.45214844', 'empty', '13.29908264']
['49659', '0.3985901', 'empty', '10.255066']
['49672', '7.007769918', 'empty', '10.199127']
['49760', '0.4307251', 'empty', '10.209839']
['49783', '23.88076957', 'empty', '10.249115']
['49800', '0.40097046', 'empty', '10.222931']
['49810', '0.43310547', 'empty', '10.300293']
['49864', '0.5045166', 'empty', '10.28125']
['49979', '0.44143677', 'empty', '10.277679']
['50024', '0.5057068', 'empty', '7.055784895']
['50066', '0.37121582', 'empty', '10.247925']
['50068', '0.3569336', 'empty', '13.97649736']
['50192', '0.42001343', 'empty', '10.209839']
['50219', '0.38311768', 'empty', '10.21698']
['50242', '-0.886629648', 'empty', '12.2150738']
['50273', '30.08071849', 'empty', '10.2717285']
['50347', '0.4545288', 'empty', '10.2395935']
['50401', '0.35098267', 'empty', '5.248921127']
['50445', '0.4152527', 'empty', '10.264587']
['50463', '0.4295349', 'empty', '10.334808']
['50560', '0.4378662', 'empty', '10.302673']
['50571', '0.41644287', 'empty', '10.241974']
['50599', '6.802399969', 'empty', '10.28125']
['50602', '0.46047974', 'empty', '20.12325807']
['50616', '0.44857788', 'empty', '10.227692']
['50634', '0.455719', 'empty', '10.293152']
['50711', '0.46166992', 'empty', '10.316956']
['50768', '-33.30336167', 'empty', '10.331238']
['50887', '0.42715454', 'empty', '12.82629433']
['50895', '0.44143677', 'empty', '10.272919']
['50906', '0.4152527', 'empty', '10.3229065']
['50949', '0.34979248', 'empty', '10.299103']
['50956', '0.40930176', 'empty', '10.274109']
['50972', '0.46524048', 'empty', '10.257446']
['50985', '0.4307251', 'empty', '10.263397']
['51000', '0.38549805', 'empty', '10.261017']
['51072', '0.4212036', 'empty', '10.350281']
['51118', '0.31884766', 'empty', '10.133667']
['51124', '0.2914734', 'empty', '10.294342']
['51159', '0.32717896', 'empty', '10.295532']
['51172', '0.33312988', 'empty', '10.182465']
['51176', '0.24386597', 'empty', '10.308624']
['51232', '0.14389038', 'empty', '10.437164']
['51344', '0.3474121', 'empty', '10.164612']
['51348', '0.3390808', 'empty', '13.58074146']
['51445', '34.20859744', 'empty', '10.2074585']
['51447', '0.34265137', 'empty', '10.300293']
['51502', '0.35217285', 'empty', '10.213409']
['51555', '0.36050415', 'empty', '10.244354']
['51575', '0.35336304', 'empty', '10.338379']
['51618', '-4.410052269', 'empty', '9.638485205']
['51678', '0.37478638', 'empty', '10.200317']
['51730', '0.36645508', 'empty', '10.2074585']
['51823', '0.340271', 'empty', '12.79077171']
['51871', '0.36050415', 'empty', '10.245544']
['51881', '0.32003784', 'empty', '10.269348']
['51909', '-4.993200634', 'empty', '10.286011']
['51996', '0.30456543', 'empty', '10.247925']
['52001', '0.37478638', 'empty', '10.238403']
['52002', '0.32836914', 'empty', '10.297913']
['52114', '3.985573966', 'empty', '10.21936']
['52197', '0.35098267', 'empty', '10.176514']
['52247', '0.3973999', 'empty', '10.225311']
['52298', '0.36169434', 'empty', '5.325668226']
['52303', '0.3069458', 'empty', '10.237213']
['52389', '0.32836914', 'empty', '10.340759']
['52407', '0.34384155', 'empty', '10.303864']
['52420', '0.3307495', 'empty', '10.320526']
['52668', '5.216682827', 'empty', '10.209839']
['52721', '0.4069214', 'empty', '10.272919']
['52756', '-4.374631761', 'empty', '10.262207']
['52782', '0.41168213', 'empty', '10.171753']
['52784', '0.372406', 'empty', '10.206268']
['52797', '0.3652649', 'empty', '10.225311']
['52865', '0.37954712', 'empty', '10.318146']
['52890', '11.42733247', 'empty', '10.332428']
['52912', '0.38311768', 'empty', '15.36863261']
['52937', '0.32598877', 'empty', '14.77983953']
['53015', '0.32717896', 'empty', '10.224121']
['53052', '0.34384155', 'empty', '10.249115']
['53116', '0.33432007', 'empty', '10.315765']
['53163', '0.36645508', 'empty', '10.311005']
['53215', '0.32955933', 'empty', '10.275299']
['53373', '0.56521606', 'empty', '10.203888']
['53430', '0.40216064', 'empty', '10.225311']
['53441', '0.4390564', 'empty', '10.222931']
['53451', '-10.33819891', 'empty', '15.25043478']
['53452', '-9.306821905', 'empty', '8.393402936']
['53495', '-0.037017822', 'empty', '10.369324']
['53526', '0.52474976', 'empty', '10.128906']
['53609', '0.4461975', 'empty', '10.188416']
['53650', '-8.664031768', 'empty', '10.34314']
['53683', '0.3390808', 'empty', '10.326477']
['53767', '0.31289673', 'empty', '10.226501']
['53875', '0.3890686', 'empty', '10.319336']
['53879', '0.28076172', 'empty', '10.27887']
['53891', '11.87597808', 'empty', '10.27887']
['53915', '0.5794983', 'empty', '10.245544']
['53917', '0.50927734', 'empty', '14.01369388']
['53940', '0.15341187', 'empty', '10.28244']
['53980', '0.3486023', 'empty', '10.255066']
['54005', '0.3569336', 'empty', '10.324097']
['54025', '0.39144897', 'empty', '16.35821329']
['54190', '0.25338745', 'empty', '3.590174173']
['54206', '0.26052856', 'empty', '10.262207']
['54226', '0.40216064', 'empty', '10.265778']
['54259', '0.37954712', 'empty', '10.302673']
['54271', '-22.04742155', 'empty', '10.240784']
['54273', '0.3735962', 'empty', '10.228882']
['54309', '-4.992868215', 'empty', '10.364563']
['54343', '-13.804604', 'empty', '10.272919']
['54345', '1.322868362', 'empty', '10.297913']
['54375', '0.3890686', 'empty', '10.269348']
['54383', '0.4152527', 'empty', '10.2074585']
['54419', '0.41763306', 'empty', '10.275299']
['54467', '0.45928955', 'empty', '10.21698']
['54473', '6.313057879', 'empty', '10.258636']
['54522', '3.973197596', 'empty', '15.73821997']
['54538', '0.37597656', 'empty', '10.259827']
['54541', '0.3735962', 'empty', '10.284821']
['54632', '5.055559157', 'empty', '10.262207']
['54650', '0.3236084', 'empty', '10.211029']
['54671', '0.3390808', 'empty', '10.252686']
['54679', '0.918414643', 'empty', '10.299103']
['54701', '0.42834473', 'empty', '14.11307004']
['54717', '0.3152771', 'empty', '10.306244']
['54761', '0.33789063', 'empty', '10.300293']
['54764', '-0.364749608', 'empty', '10.301483']
['54780', '0.37002563', 'empty', '8.159255346']
['54790', '0.4307251', 'empty', '10.246735']
['54800', '0.40097046', 'empty', '10.238403']
['54811', '0.36883545', 'empty', '10.313385']
['54818', '0.38430786', 'empty', '10.262207']
['54826', '0.34979248', 'empty', '10.257446']
['54831', '0.4140625', 'empty', '10.2395935']
['54851', '0.4223938', 'empty', '8.287407549']
['54873', '0.4069214', 'empty', '14.08010343']
['54930', '0.38430786', 'empty', '16.14865104']
['54973', '0.4390564', 'empty', '10.203888']
['55038', '0.3807373', 'empty', '14.44393029']
['55062', '0.4295349', 'empty', '10.28006']
['55127', '0.3819275', 'empty', '10.258636']
['55157', '-4.059170516', 'empty', '10.314575']
['55183', '0.4212036', 'empty', '10.258636']
['55308', '0.4223938', 'empty', '10.257446']
['55354', '0.3819275', 'empty', '9.588681264']
['55452', '0.39501953', 'empty', '0.876215169']
['55454', '0.42001343', 'empty', '10.257446']
['55501', '0.46524048', 'empty', '10.255066']
['55512', '0.3973999', 'empty', '10.21936']
['55526', '0.47357178', 'empty', '14.4225137']
['55540', '0.4212036', 'empty', '10.234833']
['55547', '0.39978027', 'empty', '10.246735']
['55595', '0.4057312', 'empty', '10.353851']
['55620', '0.43310547', 'empty', '10.234833']
['55641', '0.42596436', 'empty', '10.213409']
['55662', '0.30932617', 'empty', '10.202698']
['55690', '0.45690918', 'empty', '10.261017']
['55714', '-7.721140379', 'empty', '10.2717285']
['55744', '0.35336304', 'empty', '10.305054']
['55776', '11.08661753', 'empty', '13.59665129']
['55850', '0.38549805', 'empty', '10.263397']
['55860', '0.46166992', 'empty', '10.195557']
['55869', '0.39263916', 'empty', '10.289581']
['55906', '0.5604553', 'empty', '10.305054']
['55926', '16.42326766', 'empty', '10.264587']
['55963', '-18.27980603', 'empty', '10.224121']
['56058', '0.2581482', 'empty', '10.315765']
['56088', '0.38430786', 'empty', '19.75244014']
['56114', '-2.689965644', 'empty', '10.21936']
['56141', '0.32003784', 'empty', '10.253876']
['56163', '0.37597656', 'empty', '10.138428']
['56170', '0.47357178', 'empty', '10.338379']
['56221', '0.4057312', 'empty', '10.300293']
['56266', '-34.53761414', 'empty', '10.34671']
['56271', '-0.615548372', 'empty', '19.60872616']
['56290', '0.37835693', 'empty', '10.228882']
['56331', '0.34503174', 'empty', '10.166992']
['56454', '0.3474121', 'empty', '10.265778']
['56477', '20.64603165', 'empty', '10.211029']
['56518', '0.3640747', 'empty', '10.268158']
['56558', '0.34979248', 'empty', '10.28244']
['56639', '0.34979248', 'empty', '10.305054']
['56649', '-7.76314685', 'empty', '10.222931']
['56703', '0.3819275', 'empty', '10.305054']
['56718', '0.39144897', 'empty', '10.3229065']
['56722', '0.3319397', 'empty', '10.293152']
['56785', '0.3890686', 'empty', '18.05203305']
['56839', '0.32717896', 'empty', '10.221741']
['56858', '0.34384155', 'empty', '10.258636']
['56859', '0.3390808', 'empty', '10.252686']
['56876', '0.308136', 'empty', '10.299103']
['56882', '0.39263916', 'empty', '10.231262']
['56908', '0.31884766', 'empty', '10.269348']
['56909', '0.32122803', 'empty', '10.226501']
['56957', '0.3390808', 'empty', '10.2717285']
['56969', '0.3557434', 'empty', '10.262207']
['56997', '0.3069458', 'empty', '10.289581']
['57022', '0.31884766', 'empty', '10.255066']
['57060', '3.461583982', 'empty', '10.202698']
['57071', '0.38787842', 'empty', '10.293152']
['57089', '0.3474121', 'empty', '10.21579']
['57090', '0.3807373', 'empty', '10.21936']
['57104', '0.33551025', 'empty', '10.261017']
['57169', '0.340271', 'empty', '10.262207']
['57176', '0.36169434', 'empty', '10.222931']
['57189', '0.3985901', 'empty', '10.266968']
['57191', '0.36050415', 'empty', '8.754668652']
['57275', '0.33432007', 'empty', '10.256256']
['57324', '0.39501953', 'empty', '10.291962']
['57333', '0.40811157', 'empty', '10.269348']
['57355', '15.01212531', 'empty', '10.246735']
['57404', '0.3319397', 'empty', '9.395947284']
['57413', '0.308136', 'empty', '8.480269648']
['57423', '0.28076172', 'empty', '10.241974']
['57453', '0.3807373', 'empty', '6.561835754']
['57489', '0.3640747', 'empty', '10.238403']
['57509', '0.41763306', 'empty', '10.339569']
['57513', '0.022653555', 'empty', '10.303864']
['57529', '0.29742432', 'empty', '10.227692']
['57547', '0.35098267', 'empty', '10.28244']
['57591', '0.36169434', 'empty', '10.287201']
['57597', '0.41049194', 'empty', '10.255066']
['57644', '0.34384155', 'empty', '3.869419762']
['57660', '-17.04427459', 'empty', '10.237213']
['57684', '0.33551025', 'empty', '10.27887']
['57711', '0.3735962', 'empty', '10.266968']
['57717', '0.3557434', 'empty', '6.876072932']
['57727', '20.34681689', 'empty', '10.197937']
['57729', '0.33789063', 'empty', '10.308624']
['57762', '0.3819275', 'empty', '10.318146']
['57763', '0.3819275', 'empty', '10.318146']
['57770', '0.36645508', 'empty', '10.324097']
['57821', '0.33312988', 'empty', '10.199127']
['57833', '0.39382935', 'empty', '10.83340827']
['57867', '8.075573254', 'empty', '10.240784']
['57885', '0.40930176', 'empty', '10.34433']
['57917', '0.35455322', 'empty', '10.233643']
['57933', '0.36764526', 'empty', '10.209839']
['57942', '0.36645508', 'empty', '7.916138914']
['57952', '2.796576011', 'empty', '10.2074585']
['57954', '0.39263916', 'empty', '10.231262']
['57969', '0.340271', 'empty', '10.268158']
['58069', '0.47595215', 'empty', '10.337189']
['58090', '0.16412354', 'empty', '10.269348']
['58154', '0.20578003', 'empty', '17.58086566']
['58161', '0.20339966', 'empty', '10.264587']
['58209', '0.40811157', 'empty', '10.269348']
['58227', '0.23077393', 'empty', '10.201508']
['58264', '0.44500732', 'empty', '10.28125']
['58287', '0.3985901', 'empty', '9.013416034']
['58296', '0.17602539', 'empty', '10.299103']
['58376', '0.11413574', 'empty', '10.295532']
['58389', '0.26171875', 'empty', '10.240784']
['58414', '0.6116333', 'empty', '10.231262']
['58453', '0.20697021', 'empty', '10.275299']
['58523', '0.3652649', 'empty', '10.291962']
['58524', '0.3652649', 'empty', '10.291962']
['58561', '10.58320804', 'empty', '10.2717285']
['58599', '0.4390564', 'empty', '10.255066']
['58600', '0.3390808', 'empty', '10.240784']
['58601', '0.3819275', 'empty', '10.245544']
['58649', '0.35455322', 'empty', '10.246735']
['58659', '0.3557434', 'empty', '10.261017']
['58666', '0.30456543', 'empty', '10.334808']
['58676', '0.35336304', 'empty', '10.275299']
['58748', '0.4128723', 'empty', '10.259827']
['58823', '16.85762752', 'empty', '10.187225']
['58838', '0.41763306', 'empty', '6.365236012']
['58864', '0.3985901', 'empty', '14.05088075']
['58876', '0.4057312', 'empty', '10.297913']
['58926', '0.40097046', 'empty', '10.316956']
['58949', '0.40216064', 'empty', '10.236023']
['59006', '-28.21758798', 'empty', '10.203888']
['59045', '0.40097046', 'empty', '2.391338659']
['59072', '0.36050415', 'empty', '10.224121']
['59073', '0.41882324', 'empty', '10.299103']
['59088', '4.286532931', 'empty', '10.250305']
['59116', '0.39501953', 'empty', '10.269348']
['59187', '0.267552859', 'empty', '10.226501']
['59194', '0.36169434', 'empty', '10.243164']
['59258', '26.29641276', 'empty', '10.34671']
['59288', '0.4212036', 'empty', '15.94880137']
['59294', '0.37954712', 'empty', '10.307434']
['59303', '0.39263916', 'empty', '10.208649']
['59307', '0.39620972', 'empty', '5.527925627']
['59349', '0.3819275', 'empty', '10.159851']
['59376', '0.37716675', 'empty', '10.244354']
['59377', '0.4307251', 'empty', '10.241974']
['59420', '0.39263916', 'empty', '10.305054']
['59423', '0.4057312', 'empty', '10.264587']
['59520', '-3.418216784', 'empty', '10.259827']
['59530', '0.42596436', 'empty', '10.295532']
['59539', '0.3640747', 'empty', '10.183655']
['59629', '0.36645508', 'empty', '6.441587498']
['59640', '0.40930176', 'empty', '10.253876']
['59659', '0.37954712', 'empty', '10.313385']
['59678', '0.37002563', 'empty', '10.289581']
['59751', '0.3902588', 'empty', '14.05668381']
['59756', '0.33551025', 'empty', '10.275299']
['59757', '0.3819275', 'empty', '10.0433056']
['59789', '0.35812378', 'empty', '10.28006']
['59791', '0.38311768', 'empty', '10.325287']
['59828', '5.598784732', 'empty', '10.2717285']
['59865', '0.30575562', 'empty', '10.266968']
['59880', '0.39501953', 'empty', '7.68851149']
['59908', '0.34979248', 'empty', '10.2074585']
['59928', '2.889240484', 'empty', '10.227692']
['59962', '0.32598877', 'empty', '10.266968']
['59970', '-3.960064288', 'empty', '10.276489']
['60001', '0.39144897', 'empty', '10.28125']
['60068', '0.3152771', 'empty', '10.243164']
['60085', '0.3474121', 'empty', '10.261017']
['60092', '0.35217285', 'empty', '10.287201']
['60121', '0.39501953', 'empty', '10.222931']
['60165', '0.34146118', 'empty', '-0.686208087']
['60169', '0.35931396', 'empty', '12.19187158']
['60224', '0.38668823', 'empty', '10.262207']
['60242', '0.30099487', 'empty', '10.318146']
['60283', '0.37002563', 'empty', '10.206268']
['60316', '2.637964828', 'empty', '10.2146']
['60338', '0.4057312', 'empty', '10.231262']
['60361', '0.33312988', 'empty', '10.237213']
['60404', '-1.978530559', 'empty', '10.168182']
['60420', '0.32598877', 'empty', '10.287201']
['60484', '0.39382935', 'empty', '10.232452']
['60501', '0.2831421', 'empty', '10.2395935']
['60518', '0.33432007', 'empty', '10.195557']
['60528', '0.3557434', 'empty', '10.243164']
['60545', '0.40097046', 'empty', '10.266968']
['60554', '0.35098267', 'empty', '10.252686']
['60566', '0.3319397', 'empty', '10.256256']
['60604', '0.3152771', 'empty', '10.209839']
['60621', '0.37597656', 'empty', '10.265778']
['60637', '-8.611610399', 'empty', '10.202698']
['60657', '0.34146118', 'empty', '10.272919']
['60666', '0.34622192', 'empty', '10.208649']
['60671', '0.44143677', 'empty', '10.30164032']
['60684', '0.340271', 'empty', '10.209839']
['60757', '0.22958374', 'empty', '10.2907715']
['60886', '12.75425517', 'empty', '10.293152']
['61007', '0.3985901', 'empty', '10.262207']
['61035', '3.001900873', 'empty', '13.12112779']
['61047', '0.45690918', 'empty', '10.238403']
['61059', '0.63305664', 'empty', '10.146759']
['61092', '0.21530151', 'empty', '6.737467561']
['61098', '0.2748108', 'empty', '10.319336']
['61178', '0.34384155', 'empty', '10.297913']
['61317', '0.40097046', 'empty', '13.71413869']
['61335', '0.38787842', 'empty', '10.255066']
['61394', '0.3902588', 'empty', '10.208649']
['61431', '0.39978027', 'empty', '14.98068704']
['61524', '0.21411133', 'empty', '10.227692']
['61562', '-1.466181329', 'empty', '10.149139']
['61635', '0.6294861', 'empty', '10.177704']
['61655', '0.1914978', 'empty', '10.27887']
['61670', '0.23791504', 'empty', '10.238403']
['61799', '18.58575818', 'empty', '14.64544197']
['61951', '0.27838135', 'empty', '10.28006']
['61997', '0.20458984', 'empty', '10.226501']
['62033', '0.47714233', 'empty', '10.1753235']
['62071', '0.3569336', 'empty', '10.301483']
['62075', '0.28433228', 'empty', '10.331238']
['62103', '0.3569336', 'empty', '10.2395935']
['62104', '0.4461975', 'empty', '10.2146']
['62112', '0.40335083', 'empty', '11.8106026']
['62125', '0.37716675', 'empty', '10.300293']
['62132', '0.4140625', 'empty', '10.319336']
['62173', '0.40216064', 'empty', '10.251495']
['62197', '0.39382935', 'empty', '10.206268']
['62205', '0.38430786', 'empty', '10.2717285']
['62218', '0.34384155', 'empty', '10.288391']
['62233', '0.42596436', 'empty', '10.249115']
['62253', '0.40097046', 'empty', '8.334314714']
['62268', '0.35217285', 'empty', '10.257446']
['62271', '0.33789063', 'empty', '12.25850887']
['62281', '0.4212036', 'empty', '10.205078']
['62283', '0.41168213', 'empty', '10.213409']
['62292', '8.662108008', 'empty', '10.164612']
['62389', '0.340271', 'empty', '10.325287']
['62410', '0.37835693', 'empty', '10.297913']
['62444', '0.37716675', 'empty', '10.340759']
['62509', '0.42834473', 'empty', '10.262207']
['62510', '0.45095825', 'empty', '10.28244']
['62513', '0.4069214', 'empty', '10.261017']
['62539', '16.7990999', 'empty', '10.211029']
['62557', '3.005934771', 'empty', '10.208649']
['62608', '0.4378662', 'empty', '10.266968']
['62615', '9.838987521', 'empty', '10.268158']
['62634', '0.31884766', 'empty', '7.460850116']
['62657', '-15.19474906', 'empty', '10.270538']
['62682', '0.42001343', 'empty', '10.222931']
['62730', '0.35455322', 'empty', '10.316956']
['62741', '0.3985901', 'empty', '10.326477']
['62744', '0.4890442', 'empty', '9.723435191']
['62795', '0.43548584', 'empty', '10.288391']
['62808', '0.34146118', 'empty', '10.165802']
['62853', '0.36050415', 'empty', '10.287201']
['62896', '0.42834473', 'empty', '6.775237878']
['62913', '0.36288452', 'empty', '10.288391']
['62925', '0.42715454', 'empty', '10.238403']
['62928', '0.33670044', 'empty', '10.196747']
['62942', '0.3819275', 'empty', '7.953208618']
['62990', '-13.28856479', 'empty', '10.288391']
['63016', '0.38549805', 'empty', '10.197937']
['63023', '0.28909302', 'empty', '10.295532']
['63036', '0.31765747', 'empty', '10.326477']
['63045', '0.41168213', 'empty', '10.294342']
['63067', '0.36645508', 'empty', '10.291962']
['63085', '0.35098267', 'empty', '10.231262']
['63089', '-13.06508695', 'empty', '10.311005']
['63115', '12.91815732', 'empty', '10.264587']
['63145', '0.3652649', 'empty', '10.163422']
['63212', '-2.164617719', 'empty', '10.311005']
['63290', '0.41168213', 'empty', '10.230072']
['63296', '0.39620972', 'empty', '10.287201']
['63307', '0.3569336', 'empty', '10.79753574']
['63316', '0.39144897', 'empty', '10.245544']
['63323', '0.41168213', 'empty', '10.243164']
['63363', '5.684713718', 'empty', '10.226501']
['63446', '0.33670044', 'empty', '10.275299']
['63464', '0.34384155', 'empty', '10.315765']
['63465', '0.39501953', 'empty', '10.338379']
['63489', '0.3390808', 'empty', '10.234833']
['63500', '0.33432007', 'empty', '10.28125']
['63512', '0.37002563', 'empty', '10.1753235']
['63537', '0.35812378', 'empty', '14.90346384']
['63547', '0.36764526', 'empty', '2.600191656']
['63613', '0.3236084', 'empty', '10.253876']
['63670', '0.3236084', 'empty', '10.46592515']
['63675', '0.35336304', 'empty', '10.189606']
['63742', '21.88526027', 'empty', '10.247925']
['63824', '0.45690918', 'empty', '10.199127']
['63883', '0.35455322', 'empty', '10.312195']
['63923', '0.42477417', 'empty', '10.307434']
['64080', '0.37835693', 'empty', '10.277679']
['64081', '0.35336304', 'empty', '11.09600027']
['64088', '0.3319397', 'empty', '10.337189']
['64187', '-19.43626943', 'empty', '6.916153076']
['64195', '0.3973999', 'empty', '10.268158']
['64204', '0.340271', 'empty', '10.230072']
['64216', '0.3735962', 'empty', '10.27887']
['64222', '3.005869408', 'empty', '10.222931']
['64248', '0.4295349', 'empty', '10.220551']
['64344', '0.38787842', 'empty', '10.341949']
['64365', '0.35455322', 'empty', '10.296722']
['64397', '0.42477417', 'empty', '18.40334617']
['64449', '0.3236084', 'empty', '10.300293']
['64458', '0.3902588', 'empty', '10.291962']
['64466', '0.45809937', 'empty', '8.782579499']
['64501', '0.39978027', 'empty', '10.268158']
['64513', '0.38787842', 'empty', '10.228882']
['64587', '0.50808716', 'empty', '10.34671']
['64630', '0.46524048', 'empty', '10.291962']
['64663', '0.35336304', 'empty', '10.313385']
['64736', '0.38311768', 'empty', '10.147949']
['64773', '0.5307007', 'empty', '10.291962']
['64782', '0.1665039', 'empty', '10.252686']
['64811', '0.13674927', 'empty', '10.2440563']
['64821', '6.900024848', 'empty', '10.257446']
['64826', '0.3164673', 'empty', '9.440005896']
['64827', '0.31884766', 'empty', '10.296722']
['64870', '0.20458984', 'empty', '10.34314']
['64882', '-1.168796663', 'empty', '10.225311']
['64886', '-0.09890747', 'empty', '10.335999']
['64891', '-0.10128784', 'empty', '10.434784']
['64899', '7.956258091', 'empty', '10.381226']
['64987', '0.41168213', 'empty', '7.094402137']
['65034', '0.30218506', 'empty', '10.314575']
['65083', '0.26171875', 'empty', '16.45529363']
['65099', '0.2998047', 'empty', '10.251495']
['65169', '0.256958', 'empty', '20.31581768']
['65203', '0.27005005', 'empty', '10.382416']
['65204', '0.21887207', 'empty', '10.316956']
['65277', '0.37954712', 'empty', '12.9137469']
['65288', '0.308136', 'empty', '10.291962']
['65300', '0.340271', 'empty', '10.275299']
['65329', '0.37478638', 'empty', '10.315765']
['65366', '-4.042617679', 'empty', '10.262207']
['65389', '0.39144897', 'empty', '10.28363']
['65409', '-13.32952637', 'empty', '10.224121']
['65414', '0.33670044', 'empty', '10.244354']
['65422', '0.32122803', 'empty', '10.265778']
['65459', '0.37002563', 'empty', '10.275299']
['65465', '0.34265137', 'empty', '10.327667']
['65472', '0.2998047', 'empty', '10.293152']
['65516', '0.31884766', 'empty', '10.231262']
['65624', '0.3307495', 'empty', '10.253876']
['65634', '-12.38249757', 'empty', '10.326477']
['65720', '0.3140869', 'empty', '10.313385']
['65842', '0.31051636', 'empty', '10.326477']
['65847', '0.27719116', 'empty', '10.27887']
['65888', '0.35098267', 'empty', '10.2074585']
['65922', '6.65373581', 'empty', '10.224121']
['65947', '0.3474121', 'empty', '10.05413934']
['66143', '-10.6042134', 'empty', '10.220551']
['66154', '0.3307495', 'empty', '10.269348']
['66209', '0.3152771', 'empty', '10.268158']
['66240', '0.4223938', 'empty', '9.069699995']
['66247', '0.3819275', 'empty', '10.188416']
['66254', '0.37716675', 'empty', '10.233643']
['66266', '0.35931396', 'empty', '11.97696551']
['66304', '0.30932617', 'empty', '10.261017']
['66340', '0.48547363', 'empty', '10.240784']
['66355', '0.34265137', 'empty', '10.205078']
['66458', '0.41763306', 'empty', '10.293152']
['66467', '0.48666382', 'empty', '10.272919']
['66509', '-11.86023192', 'empty', '10.320526']
['66520', '0.38668823', 'empty', '10.263397']
['66546', '0.3807373', 'empty', '10.213409']
['66564', '0.42358398', 'empty', '10.3871765']
['66581', '0.4057312', 'empty', '10.071777']
['66591', '0.39144897', 'empty', '11.13901092']
['66616', '0.39144897', 'empty', '10.301483']
['66641', '0.42834473', 'empty', '10.308624']
['66658', '0.4890442', 'empty', '10.28244']
['66660', '0.38311768', 'empty', '10.21698']
['66688', '0.3652649', 'empty', '10.253876']
['66695', '0.39978027', 'empty', '10.209839']
['66717', '0.5116577', 'empty', '12.17063838']
['66737', '0.34384155', 'empty', '10.174133']
['66765', '0.37478638', 'empty', '10.226501']
['66806', '0.3474121', 'empty', '10.2717285']
['66811', '11.05524705', 'empty', '10.331238']
['66893', '0.44857788', 'empty', '10.27887']
['66923', '0.38668823', 'empty', '10.225311']
['66980', '0.37835693', 'empty', '10.289581']
['66995', '-5.626305474', 'empty', '10.21698']
['67069', '0.33789063', 'empty', '14.17095576']
['67111', '0.4140625', 'empty', '10.140808']
['67121', '0.43548584', 'empty', '10.286011']
['67202', '0.37121582', 'empty', '10.240784']
['67247', '0.3807373', 'empty', '10.208649']
['67282', '0.35812378', 'empty', '10.244354']
['67291', '0.37121582', 'empty', '10.263397']
['67321', '0.34503174', 'empty', '10.287201']
['67361', '0.39382935', 'empty', '10.272919']
['67383', '0.31051636', 'empty', '10.28006']
['67386', '0.32003784', 'empty', '10.232452']
['67398', '0.32598877', 'empty', '10.224121']
['67455', '0.32955933', 'empty', '10.257446']
['67474', '0.3236084', 'empty', '10.226501']
['67475', '0.3474121', 'empty', '5.723601836']
['67510', '-11.32951434', 'empty', '10.3229065']
['67567', '0.3890686', 'empty', '10.28125']
['67612', '0.39978027', 'empty', '10.383606']
['67629', '10.50604112', 'empty', '10.195557']
['67647', '0.340271', 'empty', '10.176514']
['67656', '0.34146118', 'empty', '10.255066']
['67704', '0.37835693', 'empty', '10.256256']
['67768', '0.4390564', 'empty', '10.231262']
['67783', '0.4069214', 'empty', '11.03884634']
['67814', '0.4223938', 'empty', '10.136047']
['67822', '20.06483093', 'empty', '10.313385']
['67843', '0.4152527', 'empty', '10.193176']
['67851', '-10.70387907', 'empty', '10.208649']
['67889', '0.3890686', 'empty', '10.258636']
['67945', '-8.509047998', 'empty', '10.225311']
['67973', '6.615320304', 'empty', '10.249115']
['68009', '0.40335083', 'empty', '10.241974']
['68065', '0.53189087', 'empty', '10.288391']
['68076', '0.44262695', 'empty', '10.244354']
['68090', '0.506897', 'empty', '10.252686']
['68126', '0.34622192', 'empty', '10.352661']
['68170', '0.35098267', 'empty', '10.253876']
['68189', '0.47476196', 'empty', '10.261017']
['68227', '0.36645508', 'empty', '10.256256']
['68249', '0.5187988', 'empty', '10.205078']
['68307', '0.4295349', 'empty', '10.182465']
['68337', '0.35336304', 'empty', '4.575339772']
['68380', '0.3890686', 'empty', '10.289581']
['68384', '0.44857788', 'empty', '10.286011']
['68395', '8.533638', 'empty', '10.291962']
['68398', '0.36288452', 'empty', '10.334808']
['68481', '0.44024658', 'empty', '10.225311']
['68498', '0.4212036', 'empty', '10.232452']
['68552', '0.46166992', 'empty', '10.228882']
['68630', '6.902773922', 'empty', '10.220551']
['68686', '0.3902588', 'empty', '10.228882']
['68708', '0.30337524', 'empty', '10.233643']
['68746', '0.3807373', 'empty', '10.236023']
['68770', '0.39144897', 'empty', '6.664945359']
['68774', '0.40454102', 'empty', '10.238403']
['68817', '0.44262695', 'empty', '10.299103']
['68823', '0.372406', 'empty', '10.247925']
['68830', '0.4295349', 'empty', '10.263397']
['68848', '0.3569336', 'empty', '4.921100783']
['68896', '0.45928955', 'empty', '20.38504724']
['68937', '0.3236084', 'empty', '10.28244']
['68984', '0.55093384', 'empty', '10.2146']
['69002', '0.36645508', 'empty', '10.28244']
['69034', '0.46643066', 'empty', '10.272919']
['69069', '0.40216064', 'empty', '10.275299']
['69074', '33.53320675', 'empty', '10.246735']
['69079', '0.40097046', 'empty', '10.28125']
['69229', '0.4128723', 'empty', '10.274109']
['69250', '1.372929967', 'empty', '10.321716']
['69257', '0.46166992', 'empty', '10.262207']
['69266', '0.39263916', 'empty', '10.237213']
['69296', '0.36883545', 'empty', '10.326477']
['69300', '0.37478638', 'empty', '10.194366']
['69369', '0.37954712', 'empty', '10.333618']
['69373', '0.4152527', 'empty', '16.11614028']
['69378', '0.3985901', 'empty', '7.785212253']
['69419', '0.36645508', 'empty', '10.247925']
['69430', '0.36169434', 'empty', '10.313385']
['69445', '0.41644287', 'empty', '10.315765']
['69520', '0.38549805', 'empty', '10.181274']
['69554', '0.41644287', 'empty', '10.253876']
['69622', '0.4140625', 'empty', '10.28244']
['69636', '0.283746822', 'empty', '4.449650359']
['69641', '0.37002563', 'empty', '10.340759']
['69708', '0.37478638', 'empty', '10.222931']
['69729', '0.42358398', 'empty', '5.450060317']
['69769', '0.4212036', 'empty', '10.29184483']
['69874', '0.35812378', 'empty', '6.308905086']
['69901', '0.3973999', 'empty', '10.382416']
['69931', '0.48547363', 'empty', '10.233643']
['69966', '0.32003784', 'empty', '10.266968']
['15', '-5.88678', '0.24055481', 'empty']
['29', '-5.849884', '0.39289856', 'empty']
['33', '-5.7641907', '0.34172058', 'empty']
['83', '-5.8963013', '0.512755536', 'empty']
['101', '-5.972473', '-1.809915859', 'empty']
['134', '-5.9938965', '0.30244446', 'empty']
['162', '-5.8915405', '0.2334137', 'empty']
['222', '-6.0212708', '0.41670227', 'empty']
['230', '-6.0450745', '1.360379254', 'empty']
['242', '-18.89993199', '0.42027283', 'empty']
['274', '-5.918915', '0.32743835', 'empty']
['323', '-5.932007', '0.3083954', 'empty']
['345', '-5.933197', '0.24650574', 'empty']
['348', '-5.9558105', '0.30244446', 'empty']
['383', '-19.39509679', '0.2988739', 'empty']
['416', '-5.870117', '-1.815682822', 'empty']
['462', '-5.9093933', '0.27388', 'empty']
['525', '-5.977234', '0.34648132', 'empty']
['568', '-5.893921', '0.33457947', 'empty']
['578', '-5.985565', '0.245617445', 'empty']
['603', '-5.959381', '0.26078796', 'empty']
['605', '-5.9796143', '0.27745056', 'empty']
['684', '-5.933197', '0.3155365', 'empty']
['686', '-5.9867554', '2.7659578', 'empty']
['697', '-5.9796143', '0.2750702', 'empty']
['710', '-5.9891357', '0.306015', 'empty']
['727', '-5.921295', '0.32148743', 'empty']
['731', '-5.899872', '0.2655487', 'empty']
['760', '-5.697420769', '0.2750702', 'empty']
['778', '-6.592146858', '0.22032166', 'empty']
['816', '-5.8665466', '0.22865295', 'empty']
['847', '-5.912964', '0.2834015', 'empty']
['892', '-5.88678', '0.28578186', 'empty']
['928', '-5.907013', '0.2750702', 'empty']
['929', '-5.8927307', '0.24650574', 'empty']
['932', '-5.8927307', '0.23817444', 'empty']
['938', '-17.3572516', '0.31196594', 'empty']
['946', '-5.9248657', '0.30125427', 'empty']
['966', '-5.88678', '0.33576965', 'empty']
['1042', '-5.8594055', '0.111170491', 'empty']
['1049', '-5.791565', '0.30958557', 'empty']
['1104', '-5.830841', '2.037645224', 'empty']
['1132', '-5.804657', '0.2655487', 'empty']
['1156', '3.609192553', '0.2822113', 'empty']
['1160', '-5.8141785', '0.28935242', 'empty']
['1194', '-5.7998962', '0.2655487', 'empty']
['1248', '-5.837982', '0.3726654', 'empty']
['1264', '-5.785614', '0.26316833', 'empty']
['1308', '-5.8582153', '0.2834015', 'empty']
['1309', '-5.8522644', '0.3976593', 'empty']
['1375', '-5.854645', '0.27983093', 'empty']
['1382', '-5.805847', '1.6823309', 'empty']
['1385', '-5.8213196', '0.26435852', 'empty']
['1484', '-5.8451233', '0.27745056', 'empty']
['1510', '-5.8582153', '0.741978056', 'empty']
['1521', '-5.810608', '0.25364685', 'empty']
['1549', '1.01498721', '0.2750702', 'empty']
['1554', '-5.835602', '0.27149963', 'empty']
['1559', '-5.8129883', '0.25245667', 'empty']
['1676', '-5.060629631', '0.21556091', 'empty']
['1681', '-5.8070374', '-0.565727836', 'empty']
['1771', '-5.8129883', '0.26197815', 'empty']
['1819', '-5.8903503', '0.3143463', 'empty']
['1857', '-5.842743', '0.31315613', 'empty']
['1861', '-5.8332214', '0.29292297', 'empty']
['1912', '-5.7879944', '0.2822113', 'empty']
['1943', '-5.696535317', '0.22984314', 'empty']
['1956', '-5.880829', '0.25364685', 'empty']
['1973', '-5.8201294', '0.2500763', 'empty']
['1988', '-2.80094992', '0.26197815', 'empty']
['2009', '-5.8665466', '0.2750702', 'empty']
['2017', '-5.791565', '0.23222351', 'empty']
['2037', '-5.8344116', '0.26078796', 'empty']
['2041', '-5.798706', '0.601232214', 'empty']
['2042', '-5.8772583', '0.23579407', 'empty']
['2054', '9.392057383', '0.23817444', 'empty']
['2064', '-5.837982', '0.2250824', 'empty']
['2175', '-5.8736877', '0.29292297', 'empty']
['2215', '-5.868927', '0.29530334', 'empty']
['2225', '-5.8534546', '0.27149963', 'empty']
['2245', '-5.8713074', '0.25364685', 'empty']
['2314', '-5.8320313', '1.378816182', 'empty']
['2333', '-5.771332', '1.214111458', 'empty']
['2341', '-8.625610086', '0.22389221', 'empty']
['2357', '-5.785614', '0.29768372', 'empty']
['2377', '-5.8653564', '0.24888611', 'empty']
['2381', '-5.8605957', '0.25483704', 'empty']
['2395', '-5.8986816', '0.22270203', 'empty']
['2446', '-5.836792', '0.128539186', 'empty']
['2512', '-5.817749', '-2.953638594', 'empty']
['2540', '-5.7951355', '0.30482483', 'empty']
['2541', '-5.8594055', '0.33815002', 'empty']
['2594', '-5.8522644', '0.33457947', 'empty']
['2627', '-5.810608', '0.33338928', 'empty']
['2684', '-5.861786', '0.2655487', 'empty']
['2692', '-5.867737', '0.28816223', 'empty']
['2745', '-5.8082275', '0.28816223', 'empty']
['2747', '-5.8927307', '0.27149963', 'empty']
['2756', '-5.8736877', '0.27388', 'empty']
['2797', '-5.8713074', '0.29292297', 'empty']
['2832', '-5.868927', '-1.299190697', 'empty']
['2849', '-5.8213196', '0.27864075', 'empty']
['2876', '-5.835602', '0.30958557', 'empty']
['2910', '-5.868927', '0.26316833', 'empty']
['2971', '-5.843933', '0.23460388', 'empty']
['2988', '-5.867737', '0.25602722', 'empty']
['3046', '-5.7820435', '0.2572174', 'empty']
['3050', '-5.8153687', '0.22151184', 'empty']
['3062', '-3.753671103', '0.22389221', 'empty']
['3090', '-5.7891846', '0.26435852', 'empty']
['3101', '-11.25604244', '0.26792908', 'empty']
['3191', '-5.870117', '-2.165766955', 'empty']
['3193', '-3.420170306', '0.26078796', 'empty']
['3195', '-5.851074', '0.24412537', 'empty']
['3222', '-5.817749', '0.28697205', 'empty']
['3243', '-11.29984726', '0.31791687', 'empty']
['3245', '-5.740387', '0.3476715', 'empty']
['3268', '-5.8094177', '0.24888611', 'empty']
['3284', '-5.791565', '0.28578186', 'empty']
['3309', '-5.817749', '0.31196594', 'empty']
['3351', '-5.810608', '0.20722961', 'empty']
['3391', '-5.8713074', '-0.572457097', 'empty']
['3420', '-5.8153687', '-1.609671407', 'empty']
['3459', '-5.753479', '0.26078796', 'empty']
['3491', '-5.779663', '0.34410095', 'empty']
['3538', '-5.8475037', '0.28935242', 'empty']
['3541', '-5.8320313', '1.120205241', 'empty']
['3564', '7.662308088', '0.3143463', 'empty']
['3586', '-5.829651', '-0.025514883', 'empty']
['3631', '-5.8415527', '0.35005188', 'empty']
['3680', '-13.17040556', '0.30958557', 'empty']
['3681', '-5.835602', '0.26078796', 'empty']
['3687', '-5.7939453', '0.31077576', 'empty']
['3697', '-5.842743', '0.132390179', 'empty']
['3703', '-5.836792', '0.2667389', 'empty']
['3753', '-35.41471337', '0.26792908', 'empty']
['3795', '-5.784424', '1.070278236', 'empty']
['3798', '-5.835602', '0.23817444', 'empty']
['3893', '-5.779663', '0.32029724', 'empty']
['3897', '-5.8391724', '0.3238678', 'empty']
['3899', '-5.8534546', '0.28935242', 'empty']
['3942', '-5.7879944', '0.2572174', 'empty']
['3995', '-21.6195084', '0.24769592', 'empty']
['3997', '-5.837982', '2.492983605', 'empty']
['4005', '-5.8320313', '0.33457947', 'empty']
['4105', '-5.803467', '0.30244446', 'empty']
['4144', '-5.810608', '2.31022832', 'empty']
['4146', '-5.857025', '0.3083954', 'empty']
['4178', '-5.870117', '0.306015', 'empty']
['4184', '-5.818939', '0.27149963', 'empty']
['4246', '-5.851074', '0.34648132', 'empty']
['4253', '-5.867737', '0.32624817', 'empty']
['4263', '-5.817749', '0.3226776', 'empty']
['4264', '-5.8641663', '0.3310089', 'empty']
['4279', '-5.8094177', '0.2667389', 'empty']
['4292', '-15.47377474', '0.30125427', 'empty']
['4351', '-5.8201294', '-1.524319896', 'empty']
['4391', '-5.7903748', '-0.60620795', 'empty']
['4408', '-5.75943', '0.27983093', 'empty']
['4451', '-5.8094177', '0.32029724', 'empty']
['4477', '-5.8403625', '0.3143463', 'empty']
['4526', '-5.82251', '0.3143463', 'empty']
['4544', '-5.8094177', '0.24650574', 'empty']
['4553', '-5.7749023', '0.26911926', 'empty']
['4582', '-5.7963257', '0.32743835', 'empty']
['4654', '-18.27782886', '0.2584076', 'empty']
['4728', '-5.883209', '0.29649353', 'empty']
['4794', '-5.867737', '0.32029724', 'empty']
['4799', '-5.876068', '0.31910706', 'empty']
['4879', '-5.8724976', '0.27030945', 'empty']
['4880', '-5.8582153', '0.27268982', 'empty']
['4924', '-5.7570496', '0.22746277', 'empty']
['5008', '-5.8022766', '0.27983093', 'empty']
['5028', '-8.887106778', '0.26911926', 'empty']
['5073', '-5.803467', '-2.622845556', 'empty']
['5102', '-5.7701416', '0.28935242', 'empty']
['5305', '-5.843933', '0.29292297', 'empty']
['5336', '-5.8237', '1.687427879', 'empty']
['5464', '-5.8153687', '0.27983093', 'empty']
['5489', '-5.786804', '0.20960999', 'empty']
['5518', '2.676503031', '0.2584076', 'empty']
['5523', '-5.7641907', '-0.484539061', 'empty']
['5524', '-5.8022766', '0.2250824', 'empty']
['5526', '-1.795225989', '0.23103333', 'empty']
['5625', '15.16007811', '0.23936462', 'empty']
['5655', '7.129573609', '0.23222351', 'empty']
['5685', '-5.786804', '0.23579407', 'empty']
['5758', '-5.766571', '0.2655487', 'empty']
['5778', '-5.767761', '0.26197815', 'empty']
['5785', '-5.7820435', '0.796772604', 'empty']
['5795', '-5.7320557', '0.26316833', 'empty']
['5871', '-5.7939453', '0.24531555', 'empty']
['5895', '-5.7879944', '0.19294739', 'empty']
['5930', '-5.82251', '0.24293518', 'empty']
['5931', '-5.7558594', '0.25245667', 'empty']
['5997', '-5.7998962', '0.31196594', 'empty']
['6021', '-5.857025', '-4.116216785', 'empty']
['6038', '-5.8641663', '0.29530334', 'empty']
['6062', '-5.778473', '-0.247700192', 'empty']
['6069', '-5.862976', '0.32981873', 'empty']
['6072', '-5.893921', '0.27388', 'empty']
['6149', '-5.8974915', '0.31196594', 'empty']
['6155', '-5.8986816', '0.17390442', 'empty']
['6204', '-5.8605957', '0.30125427', 'empty']
['6234', '-3.656494246', '0.2834015', 'empty']
['6242', '-8.588817248', '0.2250824', 'empty']
['6275', '-5.8082275', '0.25364685', 'empty']
['6324', '-5.8260803', '0.30244446', 'empty']
['6500', '-5.7832336', '0.28459167', 'empty']
['6546', '-10.42465335', '-0.222874643', 'empty']
['6597', '-5.765381', '0.29768372', 'empty']
['6620', '-5.8129883', '0.31791687', 'empty']
['6621', '-4.594011227', '0.24531555', 'empty']
['6650', '25.66429006', '0.24412537', 'empty']
['6651', '-31.4603551', '0.3083954', 'empty']
['6669', '-5.7380066', '0.35838318', 'empty']
['6731', '-5.792755', '0.26316833', 'empty']
['6770', '-16.94336939', '0.34648132', 'empty']
['7031', '-5.754669', '0.3155365', 'empty']
['7096', '-5.7487183', '0.2572174', 'empty']
['7106', '-24.76843553', '0.19532776', 'empty']
['7130', '-5.7760925', '0.2905426', 'empty']
['7162', '-5.82251', '0.2500763', 'empty']
['7217', '-5.721344', '0.28578186', 'empty']
['7224', '-5.82489', '0.26435852', 'empty']
['7227', '-5.849884', '0.2834015', 'empty']
['7230', '2.186062685', '0.24650574', 'empty']
['7243', '-5.7760925', '0.25483704', 'empty']
['7310', '-5.817749', '0.25959778', 'empty']
['7442', '-5.7808533', '0.26435852', 'empty']
['7460', '-5.830841', '0.27626038', 'empty']
['7500', '14.0577465', '0.25126648', 'empty']
['7513', '-5.811798', '0.30482483', 'empty']
['7521', '-5.7487183', '0.2988739', 'empty']
['7532', '-5.7749023', '1.351337553', 'empty']
['7558', '-16.47038837', '0.2655487', 'empty']
['7609', '-5.752289', '0.21556091', 'empty']
['7613', '-5.830841', '0.22865295', 'empty']
['7614', '-5.7618103', '0.17866516', 'empty']
['7709', '-5.7963257', '0.3143463', 'empty']
['7737', '-6.663516658', '0.850500398', 'empty']
['7757', '-5.747528', '0.23936462', 'empty']
['7871', '26.49601673', '0.21080017', 'empty']
['7888', '-5.7582397', '0.17628479', 'empty']
['7895', '-5.792755', '0.19770813', 'empty']
['7933', '-5.773712', '0.1750946', 'empty']
['7984', '-5.836792', '0.17747498', 'empty']
['8005', '0.428418015', '0.2750702', 'empty']
['8027', '-1.388493695', '0.2167511', 'empty']
['8073', '-5.8451233', '0.21080017', 'empty']
['8084', '-5.8594055', '0.2667389', 'empty']
['8087', '-5.810608', '0.19770813', 'empty']
['8106', '-5.835602', '0.15724182', 'empty']
['8128', '-5.8855896', '0.18937683', 'empty']
['8130', '-5.8582153', '-2.047930589', 'empty']
['8138', '-5.9415283', '0.22032166', 'empty']
['8145', '-5.918915', '0.16200256', 'empty']
['8167', '-5.8213196', '0.25483704', 'empty']
['8180', '-8.500625183', '0.25126648', 'empty']
['8190', '-5.8665466', '0.25364685', 'empty']
['8224', '-5.854645', '0.26911926', 'empty']
['8239', '-5.9355774', '0.2084198', 'empty']
['8259', '-5.8475037', '0.21556091', 'empty']
['8297', '-5.9034424', '0.31077576', 'empty']
['8460', '-5.848694', '0.19770813', 'empty']
['8532', '-5.8784485', '0.23936462', 'empty']
['8553', '-5.902252', '0.26792908', 'empty']
['8559', '-5.842743', '0.31315613', 'empty']
['8561', '-20.30510993', '0.316763246', 'empty']
['8568', '-5.861786', '0.437180207', 'empty']
['8641', '-5.9224854', '0.21794128', 'empty']
['8672', '-5.883209', '0.37504578', 'empty']
['8748', '-5.8201294', '0.3083954', 'empty']
['8776', '-5.7963257', '-0.924961695', 'empty']
['8798', '-5.8451233', '0.24055481', 'empty']
['8810', '2.211606191', '0.3000641', 'empty']
['8841', '-5.8522644', '0.24412537', 'empty']
['8859', '-17.68448611', '0.2655487', 'empty']
['8864', '-16.02227302', '0.27626038', 'empty']
['8911', '-5.880829', '0.3072052', 'empty']
['8916', '-5.830841', '0.30125427', 'empty']
['8935', '-5.82251', '0.25602722', 'empty']
['8958', '-5.855835', '0.21199036', 'empty']
['8959', '-5.8641663', '0.24888611', 'empty']
['9011', '-12.01602388', '-0.326255533', 'empty']
['9028', '-5.8260803', '0.20484924', 'empty']
['9052', '-5.8260803', '1.484392144', 'empty']
['9121', '-5.9117737', '0.2655487', 'empty']
['9142', '-5.8320313', '0.23579407', 'empty']
['9149', '-5.843933', '0.24412537', 'empty']
['9155', '-5.876068', '0.519524563', 'empty']
['9166', '-5.861786', '0.25483704', 'empty']
['9189', '-5.836792', '0.21437073', 'empty']
['9245', '-5.8784485', '0.14057922', 'empty']
['9314', '-5.9224854', '0.2584076', 'empty']
['9369', '-34.81253656', '0.18223572', 'empty']
['9477', '-5.8475037', '0.241745', 'empty']
['9488', '-5.854645', '0.20960999', 'empty']
['9495', '-5.82489', '0.2334137', 'empty']
['9502', '-5.8403625', '0.22865295', 'empty']
['9524', '10.59717072', '0.24769592', 'empty']
['9527', '-5.8332214', '0.24531555', 'empty']
['9568', '-5.854645', '0.30244446', 'empty']
['9578', '-5.8272705', '0.26316833', 'empty']
['9607', '-5.8534546', '0.24888611', 'empty']
['9626', '-5.867737', '-2.933231288', 'empty']
['9634', '-5.816559', '0.22270203', 'empty']
['9639', '-5.817749', '-0.155731001', 'empty']
['9717', '7.351069173', '0.30125427', 'empty']
['9752', '-5.8713074', '0.2667389', 'empty']
['9794', '6.795318566', '0.28578186', 'empty']
['9805', '-5.8736877', '0.25959778', 'empty']
['9897', '-5.901062', '0.26911926', 'empty']
['9990', '5.463339385', '2.450091819', 'empty']
['9993', '-5.8653564', '0.20246887', 'empty']
['10041', '-5.7499084', '0.20246887', 'empty']
['10056', '-5.7058716', '0.1834259', 'empty']
['10098', '-5.874878', '0.102493286', 'empty']
['10111', '-5.7249146', '0.2917328', 'empty']
['10146', '-5.688019', '0.22627258', 'empty']
['10210', '-5.734436', '0.17271423', 'empty']
['10214', '-5.7701416', '0.16200256', 'empty']
['10244', '-5.753479', '0.050125122', 'empty']
['10251', '-5.786804', '0.20722961', 'empty']
['10275', '-5.75943', '0.067977905', 'empty']
['10302', '-5.767761', '0.11201477', 'empty']
['10326', '-5.804657', '0.498191208', 'empty']
['10342', '-5.8843994', '-0.768287581', 'empty']
['10351', '-5.7487183', '0.012039185', 'empty']
['10358', '-28.63109925', '0.048934937', 'empty']
['10392', '-5.7630005', '0.05607605', 'empty']
['10413', '-3.082610652', '-0.564010436', 'empty']
['10555', '-5.7165833', '-0.017715454', 'empty']
['10639', '18.32404433', '0.0846405', 'empty']
['10690', '-5.7808533', '0.18818665', 'empty']
['10697', '-5.816559', '0.05607605', 'empty']
['10699', '-5.7903748', '0.14057922', 'empty']
['10786', '-5.8129883', '0.15486145', 'empty']
['10787', '-5.810608', '0.18223572', 'empty']
['10800', '-5.7903748', '0.07392883', 'empty']
['10856', '-5.8605957', '0.08106995', 'empty']
['10881', '-2.370193402', '0.15605164', 'empty']
['10888', '-5.8784485', '0.04774475', 'empty']
['10905', '-5.830841', '0.12867737', 'empty']
['10930', '-5.8605957', '0.03465271', 'empty']
['10978', '-5.862976', '0.16200256', 'empty']
['11003', '-5.842743', '0.14891052', 'empty']
['11016', '-5.483679986', '0.07273865', 'empty']
['11041', '-5.883209', '0.14891052', 'empty']
['11081', '-5.8963013', '3.150026604', 'empty']
['11135', '-5.8201294', '0.07154846', 'empty']
['11150', '-5.7760925', '0.113204956', 'empty']
['11175', '-5.848694', '0.13343811', 'empty']
['11188', '-5.88678', '0.048934937', 'empty']
['11205', '-7.077520318', '0.15724182', 'empty']
['11272', '20.06478598', '0.062026978', 'empty']
['11302', '-5.867737', '0.123916626', 'empty']
['11348', '-0.47207396', '0.03703308', 'empty']
['11351', '-5.804657', '0.1013031', 'empty']
['11362', '-5.8665466', '0.089401245', 'empty']
['11381', '-5.8010864', '0.08345032', 'empty']
['11412', '-5.855835', '0.16557312', 'empty']
['11451', '-17.68257988', '0.436860808', 'empty']
['11504', '-2.21331276', '0.123916626', 'empty']
['11518', '-5.792755', '0.121536255', 'empty']
['11530', '-5.7963257', '0.17628479', 'empty']
['11603', '-5.8010864', '0.13224792', 'empty']
['11644', '-5.7760925', '0.0846405', 'empty']
['11678', '-5.8260803', '0.12867737', 'empty']
['11699', '-5.82251', '0.102493286', 'empty']
['11701', '-13.55274966', '0.102493286', 'empty']
['11706', '-12.58606699', '-0.815564469', 'empty']
['11722', '-5.7749023', '0.11201477', 'empty']
['11763', '-5.805847', '0.09892273', 'empty']
['11771', '-5.851074', '-0.549463115', 'empty']
['11823', '-5.816559', '0.14653015', 'empty']
['11848', '-5.7939453', '0.158432', 'empty']
['11869', '-5.7939453', '0.16319275', 'empty']
['11871', '-5.798706', '0.11677551', 'empty']
['11888', '-5.8320313', '0.16081238', 'empty']
['11954', '-5.8070374', '0.1667633', 'empty']
['11963', '-5.805847', '0.11558533', 'empty']
['11976', '-5.7701416', '0.12986755', 'empty']
['12001', '-5.8237', '-0.805707331', 'empty']
['12003', '-5.8010864', '3.84325338', 'empty']
['12023', '-5.810608', '0.07511902', 'empty']
['12049', '-5.8915405', '0.07749939', 'empty']
['12128', '-5.8594055', '0.12510681', 'empty']
['12262', '-5.836792', '0.12867737', 'empty']
['12263', '-5.8463135', '-1.617475411', 'empty']
['12336', '-5.867737', '0.121536255', 'empty']
['12339', '-5.8260803', '1.96678932', 'empty']
['12407', '-4.127320727', '0.14176941', 'empty']
['12421', '-5.8641663', '0.15605164', 'empty']
['12461', '-5.8332214', '0.13224792', 'empty']
['12463', '-5.8260803', '0.18223572', 'empty']
['12524', '-5.8784485', '0.12867737', 'empty']
['12550', '-0.270516098', '0.10725403', 'empty']
['12636', '-5.8320313', '0.07035828', 'empty']
['12645', '-5.855835', '-0.02746745', 'empty']
['12660', '-5.836792', '0.14891052', 'empty']
['12664', '-5.818939', '0.15010071', 'empty']
['12732', '-5.8843994', '0.1013031', 'empty']
['12766', '-16.01862771', '1.520656157', 'empty']
['12794', '-5.7879944', '0.121536255', 'empty']
['12811', '-5.7939453', '0.08226013', 'empty']
['12837', '-5.810608', '0.10725403', 'empty']
['12909', '-5.8332214', '0.12748718', 'empty']
['12921', '-12.51684385', '2.07772006', 'empty']
['12937', '-5.8451233', '0.10368347', 'empty']
['12967', '13.86991725', '0.016799927', 'empty']
['13027', '-5.835602', '0.10368347', 'empty']
['13079', '-5.805847', '0.100112915', 'empty']
['13081', '-5.767761', '0.10368347', 'empty']
['13083', '-5.785614', '0.11201477', 'empty']
['13128', '-5.7570496', '0.0929718', 'empty']
['13139', '-5.784424', '0.051315308', 'empty']
['13184', '-5.7879944', '-1.103965791', 'empty']
['13218', '-5.829651', '-0.830294478', 'empty']
['13225', '-5.811798', '2.76981382', 'empty']
['13312', '-5.7903748', '0.06678772', 'empty']
['13313', '-5.8201294', '-3.551511333', 'empty']
['13387', '-5.8320313', '0.07749939', 'empty']
['13412', '-31.17633298', '0.022750854', 'empty']
['13413', '-5.816559', '0.08345032', 'empty']
['13486', '23.11170813', '0.0929718', 'empty']
['13496', '-5.7879944', '0.277624259', 'empty']
['13533', '-5.835602', '0.08226013', 'empty']
['13542', '-5.8129883', '-0.672753151', 'empty']
['13600', '-5.7451477', '0.05845642', 'empty']
['13618', '-30.26226835', '0.108444214', 'empty']
['13647', '-5.754669', '0.07511902', 'empty']
['13652', '-5.797516', '0.14772034', 'empty']
['13721', '-5.792755', '0.04298401', 'empty']
['13755', '-21.68600017', '0.09892273', 'empty']
['13760', '-5.7891846', '-3.482312016', 'empty']
['13775', '-5.82489', '0.10487366', 'empty']
['13797', '-5.8010864', '0.09416199', 'empty']
['13865', '-5.810608', '0.07035828', 'empty']
['13899', '-5.8022766', '0.09654236', 'empty']
['13909', '-5.791565', '0.10725403', 'empty']
['13979', '-5.848694', '0.09059143', 'empty']
['14006', '-5.8094177', '0.06678772', 'empty']
['14026', '-5.741577', '0.1013031', 'empty']
['14078', '7.883922856', '0.102493286', 'empty']
['14111', '-5.805847', '0.102493286', 'empty']
['14134', '-5.7832336', '1.275534963', 'empty']
['14157', '-5.9058228', '0.121536255', 'empty']
['14171', '-5.8641663', '0.15724182', 'empty']
['14189', '13.86833299', '0.06916809', 'empty']
['14208', '-5.7903748', '0.089401245', 'empty']
['14221', '-5.797516', '0.019180298', 'empty']
['14243', '-5.765381', '0.1179657', 'empty']
['14302', '-5.7808533', '0.15962219', 'empty']
['14329', '-5.746338', '0.1096344', 'empty']
['14355', '-5.773712', '0.18104553', 'empty']
['14427', '-5.8201294', '0.16081238', 'empty']
['14455', '-5.7570496', '0.13105774', 'empty']
['14463', '-5.779663', '0.09535217', 'empty']
['14521', '-5.8344116', '0.09892273', 'empty']
['14568', '-5.771332', '0.19056702', 'empty']
['14578', '-5.803467', '0.121536255', 'empty']
['14584', '-5.75943', '-0.732288452', 'empty']
['14619', '-5.855835', '0.16200256', 'empty']
['14648', '-5.791565', '-0.378355781', 'empty']
['14658', '-9.889794686', '0.22151184', 'empty']
['14720', '-5.8094177', '0.21199036', 'empty']
['14747', '-20.8547951', '0.3000641', 'empty']
['14766', '-5.7499084', '0.12748718', 'empty']
['14776', '-5.7499084', '0.18461609', 'empty']
['14794', '-5.7058716', '0.14653015', 'empty']
['14853', '-5.8260803', '0.2250824', 'empty']
['14934', '-21.77524491', '0.18223572', 'empty']
['14959', '-5.752289', '0.28816223', 'empty']
['14972', '-5.6939697', '0.18818665', 'empty']
['14977', '-5.870117', '0.22389221', 'empty']
['14988', '-5.7582397', '0.33338928', 'empty']
['15025', '-7.68145899', '-1.159226752', 'empty']
['15030', '2.093915709', '0.27030945', 'empty']
['15031', '-5.7046814', '0.29649353', 'empty']
['15039', '-3.752439232', '0.173438256', 'empty']
['15056', '-5.652313', '0.23460388', 'empty']
['15117', '0.100912733', '0.2655487', 'empty']
['15121', '-5.6665955', '0.23222351', 'empty']
['15153', '-5.6213684', '0.2250824', 'empty']
['15173', '-5.626129', '0.2822113', 'empty']
['15237', '-5.5451965', '0.30125427', 'empty']
['15241', '-5.541626', '0.40122986', 'empty']
['15254', '-5.528534', '0.32743835', 'empty']
['15320', '-5.6404114', '0.56785583', 'empty']
['15327', '-5.6594543', '0.7440033', 'empty']
['15330', '-5.671356', '0.6952057', 'empty']
['15343', '-5.483307', '1.193103366', 'empty']
['15362', '-5.598755', '0.50120544', 'empty']
['15371', '-5.6416016', '0.56785583', 'empty']
['15377', '-5.56662', '0.52381897', 'empty']
['15394', '-5.682068', '0.55119324', 'empty']
['15429', '-5.7760925', '0.54286194', 'empty']
['15438', '-5.771332', '0.7416229', 'empty']
['15567', '4.021765784', '1.1284332', 'empty']
['15612', '-15.3247137', '0.7844696', 'empty']
['15624', '-5.6725464', '0.87135315', 'empty']
['15649', '-5.8843994', '0.85469055', 'empty']
['15680', '-5.970093', '0.7416229', 'empty']
['15729', '-7.395355433', '0.62260437', 'empty']
['15768', '-6.098633', '0.5142975', 'empty']
['15770', '-6.1271973', '0.46907043', 'empty']
['15774', '-6.158142', '0.4643097', 'empty']
['15794', '-6.1164856', '0.472641', 'empty']
['15804', '-6.0700684', '0.27864075', 'empty']
['15823', '-6.312866', '0.13343811', 'empty']
['15853', '-1.074046276', '0.21913147', 'empty']
['15883', '-6.1271973', '-0.010574341', 'empty']
['15914', '-6.2390747', '-0.3938141', 'empty']
['15922', '-6.0188904', '-0.25932312', 'empty']
['15948', '-30.62153561', '-0.3438263', 'empty']
['15986', '-6.2390747', '-0.38667297', 'empty']
['15987', '-6.2200317', '-0.34858704', 'empty']
['16111', '-6.329529', '-0.015335083', 'empty']
['16240', '-6.156952', '0.14057922', 'empty']
['16241', '-6.112915', '0.11201477', 'empty']
['16244', '-6.1105347', '1.610429199', 'empty']
['16263', '-6.0831604', '-2.876715302', 'empty']
['16292', '4.672532891', '0.06916809', 'empty']
['16312', '-6.1676636', '0.0846405', 'empty']
['16324', '-6.14386', '2.130627222', 'empty']
['16326', '-6.120056', '-0.033187866', 'empty']
['16368', '-6.1236267', '0.019180298', 'empty']
['16383', '-6.137909', '0.14772034', 'empty']
['16417', '-6.101013', '0.052505493', 'empty']
['16449', '-6.0950623', '0.07154846', 'empty']
['16603', '-8.808188711', '-0.027236938', 'empty']
['16636', '-6.0950623', '0.17866516', 'empty']
['16672', '-6.1355286', '0.15724182', 'empty']
['16699', '-6.1997986', '0.17985535', 'empty']
['16750', '-4.712325916', '0.14891052', 'empty']
['16818', '-6.164093', '0.18223572', 'empty']
['16842', '-6.228363', '0.13700867', 'empty']
['16860', '-6.299774', '-2.988118402', 'empty']
['16956', '-6.240265', '0.017990112', 'empty']
['16975', '-14.12475522', '0.110824585', 'empty']
['16979', '-6.222412', '0.19294739', 'empty']
['17117', '-6.1367188', '0.258724417', 'empty']
['17130', '-6.1867065', '0.11558533', 'empty']
['17132', '-6.2366943', '0.16438293', 'empty']
['17169', '-6.240265', '0.006088257', 'empty']
['17177', '-6.1593323', '0.16557312', 'empty']
['17183', '-6.1736145', '0.09654236', 'empty']
['17198', '-6.1545715', '0.121536255', 'empty']
['17202', '12.6721335', '0.135605668', 'empty']
['17224', '-17.92962195', '0.097732544', 'empty']
['17230', '-6.1414795', '0.035842896', 'empty']
['17282', '-6.1783752', '0.1512909', 'empty']
['17284', '-6.1997986', '0.1667633', 'empty']
['17358', '-6.1474304', '0.123916626', 'empty']
['17363', '-11.36667117', '0.06321716', 'empty']
['17423', '-6.2724', '0.06678772', 'empty']
['17433', '-6.2426453', '0.16081238', 'empty']
['17501', '-6.2759705', '0.097732544', 'empty']
['17508', '-6.2747803', '0.100112915', 'empty']
['17517', '-6.202179', '-2.134065566', 'empty']
['17537', '-6.260498', '0.12034607', 'empty']
['17540', '-2.445352171', '0.15605164', 'empty']
['17547', '-6.171234', '0.1512909', 'empty']
['17594', '-6.2176514', '0.06440735', 'empty']
['17670', '-6.222412', '0.11439514', 'empty']
['17699', '-6.1926575', '0.060836792', 'empty']
['17784', '-6.170044', '0.048934937', 'empty']
['17808', '-6.195038', '0.10606384', 'empty']
['17814', '-6.1688538', '0.08226013', 'empty']
['17820', '-6.1914673', '-0.815390503', 'empty']
['17837', '-6.196228', '0.11439514', 'empty']
['17887', '-6.1867065', '0.059646606', 'empty']
['17933', '-6.1783752', '0.022750854', 'empty']
['17978', '-6.190277', '0.09654236', 'empty']
['18052', '-6.1557617', '-0.649789424', 'empty']
['18053', '-6.177185', '0.07392883', 'empty']
['18064', '-6.228363', '-0.491717661', 'empty']
['18127', '-6.229553', '0.15486145', 'empty']
['18139', '-6.196228', '0.100112915', 'empty']
['18156', '-6.214081', '0.13105774', 'empty']
['18158', '-6.2200317', '0.1013031', 'empty']
['18166', '-12.52973255', '-2.132703932', 'empty']
['18205', '-6.2319336', '0.12867737', 'empty']
['18219', '-6.2450256', '0.1512909', 'empty']
['18287', '-6.248596', '-2.701226269', 'empty']
['18351', '-6.2581177', '-0.151895599', 'empty']
['18362', '-6.131958', '0.078689575', 'empty']
['18423', '-6.1236267', '0.113204956', 'empty']
['18496', '-6.2450256', '-0.026066647', 'empty']
['18619', '-6.1164856', '0.14176941', 'empty']
['18655', '-6.1236267', '0.07273865', 'empty']
['18690', '-6.221222', '0.2000885', 'empty']
['18700', '-8.889722383', '0.18580627', 'empty']
['18743', '-6.190277', '0.078689575', 'empty']
['18748', '-32.64535111', '0.019180298', 'empty']
['18825', '-6.2307434', '2.128591177', 'empty']
['18847', '-6.241455', '-0.721343348', 'empty']
['18890', '-6.181946', '0.19889832', 'empty']
['18968', '-6.195038', '0.19056702', 'empty']
['18976', '-6.221222', '0.14772034', 'empty']
['19048', '-6.066498', '0.13224792', 'empty']
['19072', '-6.0950623', '0.10487366', 'empty']
['19086', '-6.098633', '0.15367126', 'empty']
['19091', '-6.124817', '0.20246887', 'empty']
['19123', '-6.149811', '0.21199036', 'empty']
['19185', '-6.1414795', '0.21556091', 'empty']
['19216', '-6.261688', '0.17271423', 'empty']
['19310', '-6.092682', '0.18818665', 'empty']
['19344', '-6.2128906', '0.19651794', 'empty']
['19351', '-6.444953708', '0.15010071', 'empty']
['19388', '-6.240265', '0.05607605', 'empty']
['19411', '-6.1926575', '0.1096344', 'empty']
['19436', '-6.183136', '2.695770899', 'empty']
['19455', '-6.323578', '0.110824585', 'empty']
['19466', '-6.203369', '-0.051340843', 'empty']
['19499', '-6.189087', '0.07154846', 'empty']
['19542', '-6.1271973', '2.456863366', 'empty']
['19547', '-6.177185', '0.17628479', 'empty']
['19574', '-6.1593323', '0.13105774', 'empty']
['19632', '-17.67449854', '0.694709041', 'empty']
['19642', '-20.58337659', '0.06916809', 'empty']
['19666', '-6.1295776', '0.15724182', 'empty']
['19764', '-6.1022034', '0.11201477', 'empty']
['19771', '-6.105774', '0.406708846', 'empty']
['19892', '-6.152191', '0.108444214', 'empty']
['19893', '-6.162903', '0.11558533', 'empty']
['19917', '-6.2188416', '0.14414978', 'empty']
['19982', '-6.2438354', '1.510156607', 'empty']
['19991', '-6.0700684', '0.22627258', 'empty']
['20050', '-6.329529', '0.2167511', 'empty']
['20053', '-6.241455', '2.211439764', 'empty']
['20067', '-6.3009644', '1.174367242', 'empty']
['20082', '-6.2319336', '0.25602722', 'empty']
['20092', '-6.152191', '0.121536255', 'empty']
['20107', '-6.1414795', '0.066476967', 'empty']
['20226', '-6.152191', '0.26792908', 'empty']
['20288', '7.018591247', '0.3726654', 'empty']
['20308', '2.801543695', '0.3143463', 'empty']
['20330', '-5.990326', '0.24412537', 'empty']
['20430', '-6.2640686', '0.22151184', 'empty']
['20432', '-6.1986084', '0.437913564', 'empty']
['20460', '-6.1688538', '0.19651794', 'empty']
['20464', '-6.1367188', '1.531865253', 'empty']
['20479', '-6.1533813', '0.21437073', 'empty']
['20576', '-6.2712097', '0.2167511', 'empty']
['20671', '1.706124128', '0.14533997', 'empty']
['20706', '-6.265259', '0.17866516', 'empty']
['20753', '-6.177185', '1.130936078', 'empty']
['20757', '-6.2557373', '0.16914368', 'empty']
['20764', '-6.1688538', '0.20127869', 'empty']
['20770', '-6.233124', '0.20246887', 'empty']
['20793', '-6.229553', '0.18104553', 'empty']
['20830', '-6.181946', '0.25126648', 'empty']
['20899', '-6.2105103', '0.2250824', 'empty']
['20952', '-6.2105103', '3.480313881', 'empty']
['20959', '-6.3200073', '4.005410414', 'empty']
['21018', '13.44040782', '0.29768372', 'empty']
['21021', '-6.214081', '0.2905426', 'empty']
['21042', '-6.175995', '0.2500763', 'empty']
['21133', '-6.2045593', '0.28102112', 'empty']
['21143', '-6.0772095', '2.826604293', 'empty']
['21241', '-6.106964', '0.27864075', 'empty']
['21262', '-6.1367188', '0.33815002', 'empty']
['21285', '-6.0914917', '1.80654259', 'empty']
['21291', '-6.0724487', '0.16319275', 'empty']
['21355', '-6.1593323', '0.32505798', 'empty']
['21363', '-6.1676636', '0.31910706', 'empty']
['21398', '-6.0700684', '0.23698425', 'empty']
['21431', '-6.0831604', '0.20127869', 'empty']
['21443', '-6.1033936', '0.21794128', 'empty']
['21450', '-6.164093', '0.24293518', 'empty']
['21451', '-6.1212463', '0.344288275', 'empty']
['21540', '-6.0629272', '0.20603943', 'empty']
['21551', '-6.085541', '0.2655487', 'empty']
['21552', '-6.0522156', '0.31910706', 'empty']
['21644', '-6.0950623', '-2.293747565', 'empty']
['21672', '-6.2628784', '0.27983093', 'empty']
['21694', '-6.2117004', '-1.470678623', 'empty']
['21710', '-6.317627', '0.32743835', 'empty']
['21725', '-6.196228', '0.27388', 'empty']
['21749', '-6.130768', '0.31315613', 'empty']
['21777', '-6.216461', '0.44407654', 'empty']
['21796', '-6.189087', '0.29530334', 'empty']
['21842', '-6.066498', '0.26911926', 'empty']
['21917', '-6.1533813', '1.04652697', 'empty']
['21925', '-6.1426697', '-0.501270616', 'empty']
['21978', '-6.086731', '0.3155365', 'empty']
['21999', '-6.1081543', '0.3643341', 'empty']
['22031', '-6.1105347', '2.893378886', 'empty']
['22081', '-6.175995', '0.30958557', 'empty']
['22097', '-6.137909', '0.32624817', 'empty']
['22119', '1.45454967', '0.26435852', 'empty']
['22126', '-6.1414795', '0.3083954', 'empty']
['22149', '-6.484283817', '0.24769592', 'empty']
['22175', '-6.1224365', '0.31791687', 'empty']
['22180', '-6.162903', '0.32981873', 'empty']
['22183', '-6.111725', '0.31791687', 'empty']
['22286', '-6.158142', '0.27268982', 'empty']
['22369', '-6.165283', '0.2655487', 'empty']
['22391', '-6.2105103', '0.3238678', 'empty']
['22392', '-6.1545715', '0.2988739', 'empty']
['22396', '-6.184326', '0.28459167', 'empty']
['22415', '-6.133148', '0.2500763', 'empty']
['22435', '-6.248596', '0.2667389', 'empty']
['22461', '-6.189087', '-0.596423472', 'empty']
['22463', '-23.95100742', '0.27745056', 'empty']
['22513', '-6.200989', '0.121536255', 'empty']
['22640', '-6.117676', '0.21794128', 'empty']
['22677', '-6.126007', '0.18818665', 'empty']
['22730', '-6.1045837', '0.27030945', 'empty']
['22834', '-6.08197', '0.18223572', 'empty']
['22845', '-6.1676636', '0.19294739', 'empty']
['22875', '-6.1212463', '0.23579407', 'empty']
['22917', '-6.0700684', '0.2917328', 'empty']
['22923', '-6.1997986', '0.2500763', 'empty']
['22982', '-6.1486206', '0.22865295', 'empty']
['22988', '-6.1783752', '0.2334137', 'empty']
['23003', '-6.130768', '-2.162539208', 'empty']
['23015', '-6.114105', '0.20603943', 'empty']
['23082', '-6.120056', '0.25126648', 'empty']
['23086', '-1.058380339', '0.21199036', 'empty']
['23172', '-6.105774', '0.29292297', 'empty']
['23202', '-6.1164856', '0.25959778', 'empty']
['23225', '-6.1022034', '0.926949786', 'empty']
['23326', '-6.1355286', '0.2905426', 'empty']
['23373', '-6.0629272', '2.732160437', 'empty']
['23376', '-6.0831604', '0.23936462', 'empty']
['23418', '-6.1402893', '0.306015', 'empty']
['23584', '-6.0700684', '0.32743835', 'empty']
['23610', '-6.08078', '0.2834015', 'empty']
['23612', '-6.1033936', '0.458048899', 'empty']
['23619', '-7.190978783', '0.306015', 'empty']
['23684', '-6.1807556', '0.3143463', 'empty']
['23705', '-6.222412', '3.511179981', 'empty']
['23708', '-6.197418', '0.26911926', 'empty']
['23724', '-6.1283875', '0.30482483', 'empty']
['23819', '-6.1926575', '0.256787057', 'empty']
['23876', '-6.0760193', '0.37623596', 'empty']
['23881', '-6.196228', '0.45359802', 'empty']
['23917', '-6.1783752', '0.18699646', 'empty']
['23926', '-6.165283', '0.23817444', 'empty']
['23929', '-6.1795654', '0.22270203', 'empty']
['23967', '-6.20813', '0.34648132', 'empty']
['24004', '-6.152191', '0.32029724', 'empty']
['24023', '-6.120056', '0.19651794', 'empty']
['24087', '-6.133148', '0.27268982', 'empty']
['24095', '-12.92532809', '0.27149963', 'empty']
['24108', '-6.0974426', '0.24055481', 'empty']
['24117', '-6.1212463', '0.26435852', 'empty']
['24118', '-6.0188904', '0.2655487', 'empty']
['24196', '-6.133148', '0.25126648', 'empty']
['24211', '-6.028412', '0.32505798', 'empty']
['24265', '-6.112915', '0.33576965', 'empty']
['24272', '-6.1355286', '0.30125427', 'empty']
['24287', '2.62494995', '0.2000885', 'empty']
['24296', '-6.1033936', '0.31315613', 'empty']
['24325', '-6.14624', '-1.23009026', 'empty']
['24352', '-6.0391235', '0.21913147', 'empty']
['24372', '-6.0760193', '0.2750702', 'empty']
['24424', '-6.1605225', '0.2655487', 'empty']
['24440', '-6.1557617', '0.2750702', 'empty']
['24460', '-6.1533813', '0.23460388', 'empty']
['24465', '-6.1283875', '0.25364685', 'empty']
['24487', '-6.1402893', '0.28816223', 'empty']
['24505', '-6.1533813', '0.2500763', 'empty']
['24532', '11.04058016', '-2.582263276', 'empty']
['24553', '-6.074829', '0.2334137', 'empty']
['24637', '-6.118866', '0.01784719', 'empty']
['24690', '-6.1533813', '0.3476715', 'empty']
['24691', '-4.952530025', '0.43574524', 'empty']
['24772', '-6.0831604', '-2.671743063', 'empty']
['24792', '-6.08197', '0.42622375', 'empty']
['24822', '-6.0962524', '0.40003967', 'empty']
['24847', '-9.043334997', '0.42622375', 'empty']
['24875', '-6.0712585', '0.40242004', 'empty']
['24893', '11.6210534', '1.81296739', 'empty']
['24991', '-6.010559', '0.306015', 'empty']
['25036', '9.953012129', '-2.506659952', 'empty']
['25063', '-6.1045837', '0.3083954', 'empty']
['25077', '-6.0974426', '0.35362244', 'empty']
['25081', '-5.151357939', '0.3976593', 'empty']
['25126', '-6.137909', '0.36076355', 'empty']
['25151', '-6.1617126', '0.3393402', 'empty']
['25181', '-6.1236267', '0.34291077', 'empty']
['25208', '-6.0914917', '0.36671448', 'empty']
['25255', '-6.14386', '0.33457947', 'empty']
['25314', '-6.029602', '0.29768372', 'empty']
['25324', '-6.1355286', '0.29292297', 'empty']
['25339', '-6.1986084', '0.41194153', 'empty']
['25365', '-6.222412', '0.38456726', 'empty']
['25378', '-6.0700684', '0.38813782', 'empty']
['25405', '-6.0843506', '0.33576965', 'empty']
['25439', '-6.2128906', '-2.438314945', 'empty']
['25513', '-18.07536179', '0.41194153', 'empty']
['25529', '-1.898973455', '0.36790466', 'empty']
['25571', '-6.1212463', '0.3321991', 'empty']
['25786', '-6.1545715', '0.949313127', 'empty']
['25787', '-6.190277', '0.3488617', 'empty']
['25788', '-6.190277', '0.3488617', 'empty']
['25818', '-6.196228', '0.3476715', 'empty']
['25824', '-6.175995', '1.738773141', 'empty']
['25836', '-6.1676636', '0.33576965', 'empty']
['25859', '-2.882805871', '0.32029724', 'empty']
['25876', '-12.29428388', '0.32862854', 'empty']
['25882', '-13.3308887', '0.36195374', 'empty']
['25886', '-6.246216', '0.33576965', 'empty']
['25943', '-6.0891113', '0.3560028', 'empty']
['26044', '-6.060547', '0.27268982', 'empty']
['26050', '-6.048645', '0.36671448', 'empty']
['26057', '-6.0831604', '0.32624817', 'empty']
['26133', '-6.067688', '0.3083954', 'empty']
['26152', '-5.48460387', '0.36790466', 'empty']
['26163', '-6.035553', '0.3310089', 'empty']
['26169', '-6.029602', '0.37504578', 'empty']
['26181', '-6.101013', '0.36195374', 'empty']
['26193', '-6.0379333', '1.647961241', 'empty']
['26201', '-6.0272217', '0.47383118', 'empty']
['26235', '-16.50405734', '0.958910556', 'empty']
['26281', '-6.164093', '0.3238678', 'empty']
['26293', '-6.248596', '1.26258722', 'empty']
['26311', '-6.2319336', '0.37504578', 'empty']
['26315', '-6.177185', '0.31196594', 'empty']
['26326', '-6.20813', '0.35957336', 'empty']
['26332', '-5.960177322', '0.32862854', 'empty']
['26342', '-6.1855164', '0.23579407', 'empty']
['26348', '-6.1688538', '0.28935242', 'empty']
['26380', '-6.1878967', '0.4309845', 'empty']
['26392', '-6.1867065', '0.3643341', 'empty']
['26420', '-6.1986084', '0.36195374', 'empty']
['26460', '-6.196228', '0.41670227', 'empty']
['26482', '-7.367598345', '0.28935242', 'empty']
['26519', '-6.1783752', '0.26197815', 'empty']
['26575', '-6.1664734', '1.106526084', 'empty']
['26616', '-6.106964', '0.37504578', 'empty']
['26678', '-5.893921', '0.31315613', 'empty']
['26685', '-6.01532', '0.4143219', 'empty']
['26689', '-6.0891113', '3.342633448', 'empty']
['26712', '1.195173411', '0.410193561', 'empty']
['26719', '-6.041504', '0.3976593', 'empty']
['26721', '-6.0510254', '0.3809967', 'empty']
['26789', '-6.368805', '0.64997864', 'empty']
['26800', '-6.0641174', '-0.083219735', 'empty']
['26811', '-6.1795654', '0.23817444', 'empty']
['26878', '-6.111725', '0.28578186', 'empty']
['26889', '-22.62111485', '0.33457947', 'empty']
['26907', '-6.1688538', '0.25126648', 'empty']
['26924', '-6.170044', '2.080159567', 'empty']
['26925', '-6.1914673', '1.224968352', 'empty']
['26934', '-6.3342896', '-0.724039889', 'empty']
['26941', '-6.299774', '0.27983093', 'empty']
['27013', '-6.0903015', '0.2655487', 'empty']
['27035', '-6.131958', '2.222144864', 'empty']
['27071', '-6.133148', '0.33338928', 'empty']
['27116', '-18.07968562', '0.2917328', 'empty']
['27126', '-6.1355286', '0.32862854', 'empty']
['27193', '-6.1045837', '0.554916619', 'empty']
['27209', '-6.0772095', '1.117378466', 'empty']
['27220', '-6.131958', '0.32148743', 'empty']
['27223', '3.807992676', '1.385527304', 'empty']
['27259', '-6.1748047', '0.20603943', 'empty']
['27269', '-6.131958', '0.29768372', 'empty']
['27294', '-6.190277', '0.3155365', 'empty']
['27355', '-6.1367188', '0.2834015', 'empty']
['27368', '-6.1545715', '0.26911926', 'empty']
['27399', '-6.195038', '0.30125427', 'empty']
['27416', '4.142636458', '1.80209933', 'empty']
['27439', '-6.124817', '-1.489290596', 'empty']
['27460', '-5.600894205', '0.16081238', 'empty']
['27509', '-6.375946', '0.36314392', 'empty']
['27550', '-6.112915', '0.22032166', 'empty']
['27655', '-6.2188416', '0.27149963', 'empty']
['27677', '-4.070988142', '0.39170837', 'empty']
['27713', '-6.20932', '0.34648132', 'empty']
['27753', '-6.2581177', '0.37861633', 'empty']
['27795', '-6.20813', '0.3809967', 'empty']
['27812', '-6.1664734', '0.27983093', 'empty']
['27827', '-6.1343384', '0.33815002', 'empty']
['27851', '-6.248596', '0.34648132', 'empty']
['27857', '-11.14457718', '0.37623596', 'empty']
['27904', '-6.1783752', '0.31791687', 'empty']
['27919', '-6.156952', '0.34410095', 'empty']
['27920', '-6.2069397', '0.30482483', 'empty']
['27968', '-6.175995', '0.32505798', 'empty']
['27982', '-6.2236023', '0.35957336', 'empty']
['28015', '-6.2069397', '-0.798535041', 'empty']
['28024', '-6.1855164', '0.31791687', 'empty']
['28090', '-6.152191', '0.33457947', 'empty']
['28102', '-6.1688538', '0.357193', 'empty']
['28124', '-6.1593323', '0.4059906', 'empty']
['28126', '-6.152191', '1.392933816', 'empty']
['28152', '-6.0641174', '0.35957336', 'empty']
['28223', '-6.2426453', '0.4071808', 'empty']
['28260', '-6.0831604', '0.2834015', 'empty']
['28265', '-8.460939114', '0.31672668', 'empty']
['28326', '-6.114105', '0.2750702', 'empty']
['28329', '-6.0772095', '0.41789246', 'empty']
['28338', '-6.1545715', '0.29768372', 'empty']
['28365', '-2.745209439', '0.613826685', 'empty']
['28367', '-6.1224365', '0.43574524', 'empty']
['28372', '-6.0962524', '0.40361023', 'empty']
['28409', '1.189433173', '0.31672668', 'empty']
['28449', '-6.1748047', '0.24055481', 'empty']
['28485', '-5.95224', '0.26911926', 'empty']
['28488', '-6.0188904', '0.35243225', 'empty']
['28531', '-6.14624', '0.30482483', 'empty']
['28607', '-6.2188416', '0.23222351', 'empty']
['28612', '-6.1557617', '0.560625709', 'empty']
['28614', '-6.2259827', '0.26078796', 'empty']
['28626', '-6.2378845', '0.26435852', 'empty']
['28675', '-6.183136', '0.22389221', 'empty']
['28676', '-6.2069397', '0.24650574', 'empty']
['28703', '-14.9419089', '0.27030945', 'empty']
['28734', '-6.1997986', '0.2834015', 'empty']
['28771', '-6.1426697', '0.22627258', 'empty']
['28925', '-6.1724243', '0.25126648', 'empty']
['29084', '-6.162903', '0.24293518', 'empty']
['29090', '-13.30928299', '0.29649353', 'empty']
['29152', '-6.067688', '0.42622375', 'empty']
['29232', '-6.1033936', '0.5297699', 'empty']
['29298', '-6.0712585', '0.3655243', 'empty']
['29330', '-5.996277', '0.3321991', 'empty']
['29343', '-6.2200317', '0.33576965', 'empty']
['29368', '-6.130768', '0.42384338', 'empty']
['29491', '-6.14624', '0.47502136', 'empty']
['29503', '-6.106964', '0.34291077', 'empty']
['29506', '-6.164093', '0.38337708', 'empty']
['29515', '-6.0914917', '0.33457947', 'empty']
['29656', '-6.098633', '0.3072052', 'empty']
['29668', '-6.120056', '0.35124207', 'empty']
['29681', '-6.202179', '0.35243225', 'empty']
['29684', '-6.099823', '0.3905182', 'empty']
['29710', '-6.2390747', '0.32981873', 'empty']
['29740', '-6.1081543', '0.31791687', 'empty']
['29746', '-6.101013', '0.30363464', 'empty']
['29754', '-6.133148', '0.3655243', 'empty']
['29809', '-6.1271973', '-1.427988317', 'empty']
['29848', '-21.05285631', '0.45716858', 'empty']
['29863', '-6.0724487', '0.3476715', 'empty']
['29922', '-6.1676636', '0.27388', 'empty']
['30061', '-6.098633', '0.41789246', 'empty']
['30099', '-6.08078', '0.37742615', 'empty']
['30118', '-6.1426697', '0.35838318', 'empty']
['30132', '-6.1724243', '0.45716858', 'empty']
['30222', '-6.1545715', '1.581340564', 'empty']
['30242', '-6.0379333', '0.36671448', 'empty']
['30272', '-6.061737', '2.552177579', 'empty']
['30288', '-6.054596', '0.31196594', 'empty']
['30335', '-6.221222', '0.36790466', 'empty']
['30340', '-6.298584', '0.35243225', 'empty']
['30342', '-6.259308', '0.36909485', 'empty']
['30346', '-6.189087', '0.37861633', 'empty']
['30380', '-6.1212463', '-1.01816365', 'empty']
['30389', '-15.84951921', '0.33815002', 'empty']
['30400', '-6.1997986', '0.079337412', 'empty']
['30424', '-6.261688', '0.42622375', 'empty']
['30449', '-6.0510254', '0.4059906', 'empty']
['30479', '-6.227173', '0.29649353', 'empty']
['30493', '-7.350856529', '0.3560028', 'empty']
['30517', '-6.197418', '-0.52651328', 'empty']
['30560', '-6.164093', '0.33576965', 'empty']
['30570', '-6.092682', '0.33695984', 'empty']
['30587', '-6.0177', '0.3405304', 'empty']
['30625', '-5.9950867', '0.29411316', 'empty']
['30638', '-5.939148', '0.30244446', 'empty']
['30648', '-6.055786', '0.3321991', 'empty']
['30655', '-6.0581665', '0.34172058', 'empty']
['30681', '-6.267639', '0.37028503', 'empty']
['30860', '3.664513468', '0.4393158', 'empty']
['30872', '-6.0974426', '0.37028503', 'empty']
['30878', '-5.9165344', '0.3143463', 'empty']
['30882', '-5.9819946', '0.35005188', 'empty']
['30921', '-9.432382561', '0.27030945', 'empty']
['30949', '-6.092682', '0.40480042', 'empty']
['30960', '-2.25801231', '0.4071808', 'empty']
['30966', '-6.105774', '0.36195374', 'empty']
['30991', '-6.061737', '0.3821869', 'empty']
['31015', '-6.0188904', '0.43455505', 'empty']
['31038', '-6.183136', '-1.293495368', 'empty']
['31081', '-6.2521667', '-0.906372034', 'empty']
['31098', '-6.0962524', '0.29292297', 'empty']
['31155', '-6.1688538', '0.33457947', 'empty']
['31160', '-6.1081543', '0.29292297', 'empty']
['31165', '-6.0653076', '0.27983093', 'empty']
['31229', '-6.170044', '0.39289856', 'empty']
['31264', '-6.1724243', '0.3393402', 'empty']
['31270', '-6.202179', '-4.241654995', 'empty']
['31296', '-6.1593323', '0.25602722', 'empty']
['31383', '-6.1426697', '0.44169617', 'empty']
['31385', '-6.1795654', '0.36790466', 'empty']
['31461', '-6.137909', '0.35481262', 'empty']
['31531', '-6.085541', '0.36790466', 'empty']
['31545', '-6.1664734', '0.36314392', 'empty']
['31547', '-6.139099', '0.3643341', 'empty']
['31593', '-6.1426697', '0.35957336', 'empty']
['31630', '-6.197418', '0.39289856', 'empty']
['31696', '-6.1224365', '0.31196594', 'empty']
['31717', '-6.1402893', '0.39646912', 'empty']
['31718', '-6.126007', '0.42622375', 'empty']
['31730', '-6.1152954', '0.38813782', 'empty']
['31735', '-6.1402893', '0.39527893', 'empty']
['31753', '-6.158142', '0.3643341', 'empty']
['31780', '-6.1224365', '0.4381256', 'empty']
['31792', '-6.073639', '0.3643341', 'empty']
['31829', '-6.158142', '0.37028503', 'empty']
['31837', '-6.14386', '0.37861633', 'empty']
['31963', '-6.202179', '0.4893036', 'empty']
['32017', '-19.42044897', '0.40242004', 'empty']
['32039', '-6.14505', '0.4547882', 'empty']
['32061', '-15.87845937', '0.47383118', 'empty']
['32069', '-6.1105347', '0.801658884', 'empty']
['32100', '-6.0903015', '0.4226532', 'empty']
['32225', '-6.1081543', '0.42860413', 'empty']
['32230', '-6.092682', '0.44407654', 'empty']
['32237', '-6.1295776', '0.36909485', 'empty']
['32245', '-6.0831604', '0.4131317', 'empty']
['32250', '-5.9927063', '0.357193', 'empty']
['32255', '-6.0438843', '0.30553754', 'empty']
['32263', '-6.130768', '0.41908264', 'empty']
['32274', '6.734253874', '0.33338928', 'empty']
['32278', '-6.0891113', '0.36790466', 'empty']
['32297', '-6.261688', '0.32505798', 'empty']
['32398', '-6.2557373', '1.678761763', 'empty']
['32467', '-6.1926575', '0.42622375', 'empty']
['32468', '-7.170869001', '0.44526672', 'empty']
['32481', '-6.2128906', '0.37742615', 'empty']
['32524', '-6.20932', '4.951711767', 'empty']
['32542', '-6.228363', '0.43217468', 'empty']
['32545', '-6.1676636', '0.4059906', 'empty']
['32589', '-6.228363', '0.3643341', 'empty']
['32603', '-6.297394', '0.48573303', 'empty']
['32646', '-6.3140564', '0.36314392', 'empty']
['32661', '-6.254547', '0.34529114', 'empty']
['32692', '-6.2450256', '0.36314392', 'empty']
['32757', '-1.482857722', '0.44288635', 'empty']
['32783', '-6.221222', '0.4809723', 'empty']
['32815', '-6.149811', '0.48454285', 'empty']
['32830', '-14.57104356', '0.40956116', 'empty']
['32831', '-6.1605225', '0.3905182', 'empty']
['32836', '-6.162903', '0.4071808', 'empty']
['32875', '-6.20813', '-2.924133472', 'empty']
['32890', '-4.223101385', '0.33695984', 'empty']
['32939', '-6.1533813', '0.42622375', 'empty']
['32967', '-6.2200317', '0.38337708', 'empty']
['32975', '-6.259308', '0.38456726', 'empty']
['32997', '-6.2176514', '0.40837097', 'empty']
['33015', '-6.234314', '0.37147522', 'empty']
['33043', '-6.1724243', '0.39527893', 'empty']
['33070', '-6.1081543', '0.35957336', 'empty']
['33120', '-6.118866', '0.37980652', 'empty']
['33132', '-6.087921', '0.4226532', 'empty']
['33144', '-1.85187642', '0.4059906', 'empty']
['33168', '-6.0724487', '0.40361023', 'empty']
['33237', '-6.14624', '0.3726654', 'empty']
['33275', '-6.085541', '0.37028503', 'empty']
['33285', '-6.1367188', '2.749554707', 'empty']
['33330', '-6.1164856', '0.41075134', 'empty']
['33361', '-6.08078', '0.197413037', 'empty']
['33391', '-6.0641174', '0.43455505', 'empty']
['33444', '-6.111725', '0.4309845', 'empty']
['33446', '-6.120056', '0.42027283', 'empty']
['33453', '-6.1212463', '0.3726654', 'empty']
['33486', '-6.112915', '0.50120544', 'empty']
['33597', '-6.162903', '0.34172058', 'empty']
['33641', '-6.133148', '0.21318054', 'empty']
['33690', '-6.0843506', '0.3988495', 'empty']
['33708', '-6.1271973', '2.459150644', 'empty']
['33716', '-6.099823', '0.34529114', 'empty']
['33811', '-6.1486206', '0.41908264', 'empty']
['33879', '-6.118866', '0.28102112', 'empty']
['33881', '-6.1617126', '0.3643341', 'empty']
['33895', '-6.1081543', '0.29411316', 'empty']
['33908', '-6.120056', '0.31077576', 'empty']
['33924', '-6.092682', '0.37147522', 'empty']
['33928', '-6.106964', '1.661895664', 'empty']
['33967', '-6.114105', '0.3488617', 'empty']
['33974', '-6.1402893', '0.36314392', 'empty']
['33978', '-9.825692068', '-0.252057407', 'empty']
['34009', '17.74455071', '0.39646912', 'empty']
['34095', '-6.114105', '1.942458842', 'empty']
['34099', '-13.49726642', '0.29649353', 'empty']
['34200', '-6.14505', '0.35957336', 'empty']
['34230', '-6.1545715', '-0.137606289', 'empty']
['34261', '-6.0831604', '0.2572174', 'empty']
['34269', '-6.133148', '0.3405304', 'empty']
['34289', '-6.0438843', '-0.55974396', 'empty']
['34347', '-6.0760193', '1.454662638', 'empty']
['34376', '-5.939148', '5.412419898', 'empty']
['34384', '-6.085541', '0.43455505', 'empty']
['34405', '-6.073639', '0.47383118', 'empty']
['34476', '-6.1022034', '0.4393158', 'empty']
['34553', '-6.1093445', '0.42384338', 'empty']
['34582', '-6.049835', '0.4226532', 'empty']
['34613', '-6.158142', '0.4893036', 'empty']
['34627', '-6.087921', '0.40480042', 'empty']
['34634', '14.43590366', '0.46669006', 'empty']
['34635', '-8.365704546', '0.43217468', 'empty']
['34645', '-6.1807556', '0.47740173', 'empty']
['34664', '-6.164093', '0.4809723', 'empty']
['34757', '-6.1736145', '0.30125427', 'empty']
['34767', '-7.492742399', '0.4559784', 'empty']
['34803', '-6.1795654', '0.5131073', 'empty']
['34873', '-6.587483772', '0.4226532', 'empty']
['34920', '-6.1283875', '0.43336487', 'empty']
['34939', '-6.14624', '0.472641', 'empty']
['34991', '-6.1688538', '2.273467688', 'empty']
['35024', '-6.0783997', '0.4809723', 'empty']
['35094', '-6.035553', '0.50001526', 'empty']
['35119', '-2.501888636', '-0.452911281', 'empty']
['35152', '-16.16809701', '0.3560028', 'empty']
['35165', '-6.1105347', '0.42503357', 'empty']
['35188', '-6.0522156', '0.4059906', 'empty']
['35193', '-6.067688', '0.4297943', 'empty']
['35288', '-6.1271973', '1.584549888', 'empty']
['35305', '-6.099823', '0.421463', 'empty']
['35325', '-6.0760193', '0.389328', 'empty']
['35345', '-6.1664734', '0.40361023', 'empty']
['35392', '-6.137909', '0.3488617', 'empty']
['35423', '7.343076511', '0.3809967', 'empty']
['35428', '-5.959381', '0.4381256', 'empty']
['35516', '-5.9558105', '0.36195374', 'empty']
['35577', '-6.092682', '0.35481262', 'empty']
['35601', '-6.035553', '-0.529165253', 'empty']
['35626', '-6.1081543', '0.49525452', 'empty']
['35668', '-6.030792', '0.44169617', 'empty']
['35735', '-6.0653076', '0.37742615', 'empty']
['35796', '-6.0319824', '0.028278963', 'empty']
['35798', '14.17155615', '0.4559784', 'empty']
['35810', '-6.029602', '0.45002747', 'empty']
['35813', '-6.0200806', '0.38337708', 'empty']
['35817', '-6.0581665', '-1.867880145', 'empty']
['35898', '-6.055786', '0.45240784', 'empty']
['36077', '-6.0117493', '0.45359802', 'empty']
['36082', '-5.945099', '0.41075134', 'empty']
['36112', '5.996391757', '0.4809723', 'empty']
['36132', '6.135699243', '0.3976593', 'empty']
['36220', '-5.983185', '0.37623596', 'empty']
['36222', '13.39919748', '0.40480042', 'empty']
['36283', '-6.0081787', '0.34529114', 'empty']
['36306', '-6.1022034', '0.27864075', 'empty']
['36341', '-6.1414795', '0.36909485', 'empty']
['36353', '-6.009369', '0.34291077', 'empty']
['36437', '-6.190277', '-0.731161323', 'empty']
['36456', '4.18990988', '0.38813782', 'empty']
['36476', '-6.08197', '0.32624817', 'empty']
['36484', '-6.111725', '0.41551208', 'empty']
['36499', '-6.1474304', '0.3405304', 'empty']
['36551', '-6.1045837', '0.26316833', 'empty']
['36560', '-6.120056', '1.422619372', 'empty']
['36614', '-6.133148', '0.32981873', 'empty']
['36647', '-6.1093445', '0.829802286', 'empty']
['36675', '-6.149811', '0.41194153', 'empty']
['36688', '-6.1736145', '0.30482483', 'empty']
['36700', '-6.214081', '0.31315613', 'empty']
['36709', '-6.1486206', '-0.129469865', 'empty']
['36729', '-6.2259827', '0.28935242', 'empty']
['36765', '-6.2128906', '0.3726654', 'empty']
['36791', '-6.1688538', '0.389328', 'empty']
['36795', '-6.234314', '0.36076355', 'empty']
['36810', '-6.195038', '0.44883728', 'empty']
['36838', '-2.411698116', '-0.678596508', 'empty']
['36894', '-6.517200935', '0.34410095', 'empty']
['36934', '-6.1795654', '0.41075134', 'empty']
['36958', '-6.114105', '0.31315613', 'empty']
['36972', '-2.48332537', '0.40480042', 'empty']
['37061', '-6.1605225', '0.51667786', 'empty']
['37072', '-6.184326', '0.4714508', 'empty']
['37104', '-6.133148', '0.26316833', 'empty']
['37110', '-6.08078', '0.3143463', 'empty']
['37123', '-6.14505', '0.44407654', 'empty']
['37167', '-6.591852682', '0.5190582', 'empty']
['37171', '-6.133148', '0.5226288', 'empty']
['37184', '-6.0522156', '0.39646912', 'empty']
['37224', '-6.0593567', '0.3809967', 'empty']
['37241', '-5.934387', '0.31077576', 'empty']
['37251', '-6.030792', '0.37742615', 'empty']
['37303', '-7.921568987', '0.31791687', 'empty']
['37337', '-5.9689026', '0.33695984', 'empty']
['37340', '-6.0141296', '2.74495548', 'empty']
['37352', '-5.9736633', '0.3655243', 'empty']
['37356', '-31.39692875', '0.32981873', 'empty']
['37393', '-6.01532', '3.095541558', 'empty']
['37449', '-5.9677124', '0.801413716', 'empty']
['37450', '-5.9819946', '0.22906678', 'empty']
['37475', '-5.9748535', '0.4559784', 'empty']
['37497', '-5.882019', '0.24650574', 'empty']
['37507', '-5.899872', '0.3821869', 'empty']
['37511', '-5.901062', '0.39170837', 'empty']
['37533', '-5.9498596', '0.37028503', 'empty']
['37543', '-5.9093933', '0.28935242', 'empty']
['37563', '-5.893921', '0.3155365', 'empty']
['37568', '-5.9058228', '0.37861633', 'empty']
['37591', '-5.959381', '0.36790466', 'empty']
['37627', '-5.671356', '-0.669486114', 'empty']
['37728', '-5.984375', '0.21794128', 'empty']
['37773', '5.245950421', '0.22032166', 'empty']
['37821', '-6.170044', '0.28935242', 'empty']
['37832', '-6.1093445', '0.19294739', 'empty']
['37840', '-6.2259827', '0.24650574', 'empty']
['37864', '-9.283860611', '0.26911926', 'empty']
['37892', '-6.3390503', '0.18223572', 'empty']
['37901', '-6.2366943', '0.39003966', 'empty']
['37905', '-6.2878723', '0.25364685', 'empty']
['37912', '-6.2176514', '0.31791687', 'empty']
['38007', '-6.1033936', '-0.987069268', 'empty']
['38063', '-6.197418', '0.26435852', 'empty']
['38121', '-6.195038', '0.3738556', 'empty']
['38190', '-6.1545715', '0.3905182', 'empty']
['38262', '-8.568847327', '0.37504578', 'empty']
['38296', '-6.2128906', '0.31910706', 'empty']
['38298', '14.24455593', '0.3155365', 'empty']
['38305', '-6.1914673', '0.29768372', 'empty']
['38316', '-6.203369', '0.27983093', 'empty']
['38330', '-6.215271', '0.241745', 'empty']
['38407', '-9.081536248', '0.2655487', 'empty']
['38466', '-6.3069153', '0.3083954', 'empty']
['38482', '-6.214081', '0.27983093', 'empty']
['38546', '-31.53956951', '0.3155365', 'empty']
['38623', '-6.0831604', '0.414220023', 'empty']
['38633', '-6.0403137', '0.28816223', 'empty']
['38636', '-6.0177', '0.24293518', 'empty']
['38681', '-5.991516', '0.27626038', 'empty']
['38700', '-5.95224', '0.2655487', 'empty']
['38715', '-6.028412', '0.20722961', 'empty']
['38743', '-5.9498596', '0.100112915', 'empty']
['38775', '-6.0462646', '0.052505493', 'empty']
['38790', '-6.0772095', '-0.14030457', 'empty']
['38853', '-6.1343384', '-0.07722473', 'empty']
['38859', '-6.151001', '-0.14982605', 'empty']
['38955', '-6.061737', '3.742760232', 'empty']
['38961', '-6.0950623', '0.46549988', 'empty']
['38992', '-6.171234', '0.652359', 'empty']
['38997', '-6.253357', '0.7023468', 'empty']
['39013', '-5.965332', '1.0736847', 'empty']
['39080', '-5.8070374', '1.0236969', 'empty']
['39096', '-5.746338', '0.8987274', 'empty']
['39169', '-5.773712', '0.9677582', 'empty']
['39195', '-5.9367676', '0.899832141', 'empty']
['39223', '-6.292633', '0.43455505', 'empty']
['39254', '-6.573517', '0.07392883', 'empty']
['39283', '-6.2509766', '-0.5009308', 'empty']
['39427', '-6.1807556', '0.051315308', 'empty']
['39447', '-6.0712585', '0.029891968', 'empty']
['39449', '-7.906738952', '-0.016525269', 'empty']
['39632', '-6.0962524', '0.050125122', 'empty']
['39644', '-6.1605225', '0.1013031', 'empty']
['39653', '-6.151001', '0.062026978', 'empty']
['39700', '-6.068878', '0.11201477', 'empty']
['39754', '-6.1557617', '0.059646606', 'empty']
['39773', '-6.2128906', '0.09535217', 'empty']
['39777', '-6.120056', '0.000137329', 'empty']
['39802', '-6.228363', '0.031082153', 'empty']
['39812', '5.817488647', '0.059646606', 'empty']
['39885', '-6.1343384', '0.07392883', 'empty']
['39900', '-6.1533813', '0.017990112', 'empty']
['39920', '-6.14624', '0.04774475', 'empty']
['39947', '-6.1997986', '0.048934937', 'empty']
['39962', '-6.14624', '0.108444214', 'empty']
['39998', '-6.2057495', '1.325856083', 'empty']
['40021', '-6.222412', '0.016799927', 'empty']
['40058', '-6.1855164', '-2.075720815', 'empty']
['40109', '-6.170044', '0.10606384', 'empty']
['40171', '-6.2045593', '-4.092669302', 'empty']
['40232', '-6.2390747', '-0.54613267', 'empty']
['40245', '-6.190277', '0.15367126', 'empty']
['40275', '-6.2878723', '-2.812585149', 'empty']
['40333', '-6.2819214', '0.35124207', 'empty']
['40398', '-5.9558105', '0.28578186', 'empty']
['40412', '18.23782833', '0.2655487', 'empty']
['40436', '-6.023651', '0.92848206', 'empty']
['40444', '-6.0962524', '1.0617828', 'empty']
['40563', '-9.565372904', '-1.117478657', 'empty']
['40623', '-6.780609', '-0.45689392', 'empty']
['40632', '-6.6223145', '-0.48902893', 'empty']
['40651', '-6.2521667', '-0.8948822', 'empty']
['40727', '-8.257856823', '-1.0638885', 'empty']
['40757', '-5.3642883', '-1.1912384', 'empty']
['40769', '-5.3476257', '-1.0019989', 'empty']
['40801', '-5.3071594', '-1.7565765', 'empty']
['40812', '-5.1405334', '-1.7006378', 'empty']
['40816', '-5.303589', '-1.6411285', 'empty']
['40875', '0.7211304', '-0.41047668', 'empty']
['40928', '-0.007263184', '-3.75035183', 'empty']
['40935', '0.20220947', '-0.76872253', 'empty']
['40936', '0.17007446', '-0.7223053', 'empty']
['40958', '-5.994318357', '-0.68540955', 'empty']
['40962', '0.5604553', '-0.6901703', 'empty']
['41052', '0.21411133', '-6.41445892', 'empty']
['41077', '0.308136', '-0.37001038', 'empty']
['41137', '0.33551025', '-0.5306854', 'empty']
['41155', '0.256958', '-0.5235443', 'empty']
['41171', '8.810493006', '-0.7211151', 'empty']
['41173', '0.1914978', '-0.6913605', 'empty']
['41211', '0.25100708', '-0.6913605', 'empty']
['41212', '0.24267578', '-0.66160583', 'empty']
['41219', '0.22363281', '-0.6996918', 'empty']
['41229', '0.13793945', '-0.76039124', 'empty']
['41242', '0.21173096', '-0.515213', 'empty']
['41287', '0.29742432', '-0.6794586', 'empty']
['41305', '0.37716675', '-0.64375305', 'empty']
['41361', '0.28909302', '-0.71635437', 'empty']
['41368', '0.24624634', '-0.71754456', 'empty']
['41373', '0.32717896', '-0.7234955', 'empty']
['41425', '0.20339966', '-1.154833046', 'empty']
['41563', '0.39263916', '-0.6568451', 'empty']
['41569', '0.4140625', '-0.43666077', 'empty']
['41592', '0.41763306', '-0.5140228', 'empty']
['41607', '6.050166558', '1.997426992', 'empty']
['41674', '0.44500732', '-0.6068573', 'empty']
['41692', '0.40097046', '-0.5818634', 'empty']
['41732', '0.42358398', '-0.5402069', 'empty']
['41763', '0.38430786', '-0.47236633', 'empty']
['41781', '0.36050415', '-0.45451355', 'empty']
['41901', '0.4128723', '-0.53663635', 'empty']
['41908', '0.4140625', '-0.4914093', 'empty']
['41925', '0.4069214', '-0.52711487', 'empty']
['41944', '0.44976807', '-0.4925995', 'empty']
['41946', '0.42001343', '-0.5009308', 'empty']
['41951', '0.4223938', '-0.5556793', 'empty']
['41981', '0.37002563', '-0.50331116', 'empty']
['42001', '0.32836914', '-0.566391', 'empty']
['42019', '0.49023438', '-0.5425873', 'empty']
['42030', '0.42358398', '-0.48902893', 'empty']
['42115', '0.40216064', '-0.5068817', 'empty']
['42228', '0.40454102', '-0.54377747', 'empty']
['42245', '0.42596436', '-0.49617004', 'empty']
['42261', '0.46524048', '-0.5330658', 'empty']
['42284', '0.40930176', '-1.674586171', 'empty']
['42304', '0.40930176', '-0.5318756', 'empty']
['42332', '0.36288452', '-0.5759125', 'empty']
['42386', '0.39263916', '-0.5056915', 'empty']
['42402', '-3.836176642', '-0.53663635', 'empty']
['42427', '0.36050415', '-0.5068817', 'empty']
['42514', '0.372406', '-0.53663635', 'empty']
['42563', '0.34265137', '0.466420327', 'empty']
['42602', '0.479505583', '-0.53544617', 'empty']
['42628', '0.36288452', '-0.4997406', 'empty']
['42632', '0.36169434', '-0.50331116', 'empty']
['42657', '0.35931396', '-0.4676056', 'empty']
['42661', '0.40335083', '1.930016026', 'empty']
['42683', '0.3902588', '-0.5175934', 'empty']
['42692', '0.35336304', '-1.041375038', 'empty']
['42694', '0.30337524', '-0.49021912', 'empty']
['42732', '0.39382935', '-0.51878357', 'empty']
['42771', '0.340271', '-0.5235443', 'empty']
['42822', '0.37121582', '-0.48902893', 'empty']
['42854', '0.34265137', '-0.42356873', 'empty']
['42861', '0.34979248', '-0.47355652', 'empty']
['42981', '0.34503174', '-0.5080719', 'empty']
['42985', '0.3390808', '-0.49378967', 'empty']
['43082', '0.3902588', '-0.785395799', 'empty']
['43106', '0.28433228', '-0.502121', 'empty']
['43123', '0.308136', '-0.47950745', 'empty']
['43225', '0.2914734', '-0.5235443', 'empty']
['43227', '0.3152771', '1.336561591', 'empty']
['43242', '8.734252816', '-0.547348', 'empty']
['43265', '0.5128479', '-1.579064721', 'empty']
['43271', '0.5152283', '-0.4426117', 'empty']
['43280', '0.33789063', '-0.49617004', 'empty']
['43312', '0.2986145', '1.723462416', 'empty']
['43335', '0.5045166', '-0.5830536', 'empty']
['43352', '0.48428345', '-2.841731922', 'empty']
['43355', '0.3474121', '3.484335399', 'empty']
['43374', '0.12484741', '-0.5164032', 'empty']
['43419', '0.46762085', '-0.5830536', 'empty']
['43432', '0.3236084', '-0.46403503', 'empty']
['43449', '0.26766968', '-0.50450134', 'empty']
['43469', '0.4807129', '-0.5735321', 'empty']
['43472', '0.44857788', '-0.6056671', 'empty']
['43480', '0.4152527', '-0.5592499', 'empty']
['43495', '-1.459153597', '-0.618049675', 'empty']
['43517', '0.308136', '-0.47355652', 'empty']
['43563', '0.35455322', '-0.45451355', 'empty']
['43571', '0.40930176', '-0.45213318', 'empty']
['43589', '0.37597656', '-0.534256', 'empty']
['43605', '0.2998047', '-0.547348', 'empty']
['43623', '-6.889557125', '-0.5140228', 'empty']
['43646', '0.46047974', '-0.5259247', 'empty']
['43667', '0.47714233', '-0.5318756', 'empty']
['43672', '0.41168213', '-0.6163788', 'empty']
['43687', '0.4961853', '-0.48545837', 'empty']
['43760', '0.34622192', '-0.534256', 'empty']
['43774', '0.43548584', '-0.53663635', 'empty']
['43776', '0.41168213', '2.80134869', 'empty']
['43783', '0.44024658', '-1.362736132', 'empty']
['43825', '0.40216064', '-0.515213', 'empty']
['43864', '0.37716675', '-0.56163025', 'empty']
['43892', '0.3652649', '-0.54377747', 'empty']
['43925', '0.22601318', '-0.5568695', 'empty']
['43981', '-0.164419752', '-0.45332336', 'empty']
['44009', '0.38549805', '-0.49855042', 'empty']
['44020', '0.44024658', '-0.6235199', 'empty']
['44055', '0.45333862', '-0.54615784', 'empty']
['44078', '-10.00164427', '-0.5164032', 'empty']
['44190', '0.38311768', '-2.800815113', 'empty']
['44206', '13.81566469', '-0.5092621', 'empty']
['44209', '0.4711914', '-0.566391', 'empty']
['44232', '0.4295349', '-0.55329895', 'empty']
['44318', '0.4723816', '-0.58662415', 'empty']
['44339', '0.46524048', '0.362273774', 'empty']
['44370', '0.44976807', '-0.5723419', 'empty']
['44372', '0.44857788', '-0.474217934', 'empty']
['44376', '0.5235596', '-0.5652008', 'empty']
['44382', '0.3973999', '1.071682991', 'empty']
['44452', '0.5033264', '-1.664831555', 'empty']
['44584', '0.455719', '-0.966338178', 'empty']
['44650', '0.45928955', '-0.55448914', 'empty']
['44665', '0.552124', '0.905282711', 'empty']
['44721', '-11.33713433', '-0.56877136', 'empty']
['44833', '0.43310547', '-0.5568695', 'empty']
['44842', '0.42834473', '-0.50450134', 'empty']
['44868', '0.45928955', '-0.6318512', 'empty']
['44897', '0.42477417', '-0.502121', 'empty']
['44929', '0.4473877', '-0.6009064', 'empty']
['44969', '0.5235596', '-0.523231132', 'empty']
['44985', '-10.21586974', '-0.55210876', 'empty']
['44991', '0.4973755', '-0.6009064', 'empty']
['45011', '0.46524048', '-0.62590027', 'empty']
['45045', '0.47476196', '-0.51878357', 'empty']
['45083', '0.4473877', '-0.40571594', 'empty']
['45156', '0.5211792', '-0.62709045', 'empty']
['45158', '0.5223694', '-0.5675812', 'empty']
['45214', '0.5533142', '-0.566391', 'empty']
['45252', '-10.90174387', '-5.412844114', 'empty']
['45286', '0.5961609', '-0.4842682', 'empty']
['45313', '0.86147215', '-0.33174859', 'empty']
['45387', '0.34979248', '2.455894385', 'empty']
['45415', '0.4807129', '-0.54615784', 'empty']
['45417', '0.5116577', '-0.47831726', 'empty']
['45420', '0.51641846', '1.725028142', 'empty']
['45474', '0.48309326', '-0.56877136', 'empty']
['45518', '0.5283203', '-0.4925995', 'empty']
['45537', '-28.8531703', '-0.534256', 'empty']
['45568', '0.50808716', '-0.56163025', 'empty']
['45582', '0.5295105', '-0.57710266', 'empty']
['45588', '0.53308105', '-0.65089417', 'empty']
['45636', '0.4807129', '1.374571756', 'empty']
['45638', '0.4295349', '-0.59495544', 'empty']
['45649', '-8.882128956', '-0.697153615', 'empty']
['45680', '0.4961853', '-0.52949524', 'empty']
['45748', '0.32003784', '-0.4330902', 'empty']
['45790', '3.901245825', '-0.55210876', 'empty']
['45813', '0.40454102', '-0.47950745', 'empty']
['45825', '0.35336304', '-0.49736023', 'empty']
['45828', '0.37954712', '-0.51164246', 'empty']
['45887', '0.38311768', '-0.54615784', 'empty']
['45913', '0.44262695', '-0.42832947', 'empty']
['45987', '0.39263916', '-0.43785095', 'empty']
['46022', '0.3319397', '-0.46998596', 'empty']
['46037', '0.39978027', '-0.5580597', 'empty']
['46067', '0.5556946', '-0.47950745', 'empty']
['46089', '0.29385376', '-0.51878357', 'empty']
['46096', '0.14865112', '-0.58781433', 'empty']
['46160', '0.37597656', '-0.5235443', 'empty']
['46213', '0.3807373', '-0.48664856', 'empty']
['46218', '0.40811157', '-2.200576512', 'empty']
['46225', '0.46047974', '-0.46998596', 'empty']
['46229', '0.45690918', '-0.4497528', 'empty']
['46269', '0.5640259', '-0.54496765', 'empty']
['46278', '0.3973999', '-0.534256', 'empty']
['46319', '0.5366516', '-0.5652008', 'empty']
['46342', '26.44742824', '-0.4497528', 'empty']
['46344', '0.35931396', '-0.45689392', 'empty']
['46380', '0.49261475', '-0.5318756', 'empty']
['46392', '0.35217285', '-0.5235443', 'empty']
['46421', '0.49975586', '-0.5580597', 'empty']
['46422', '0.50094604', '-0.57710266', 'empty']
['46499', '0.4890442', '-0.52711487', 'empty']
['46645', '0.3640747', '-0.55329895', 'empty']
['46674', '0.4545288', '-0.47117615', 'empty']
['46742', '0.39144897', '-0.45451355', 'empty']
['46764', '-0.31170143', '-0.46284485', 'empty']
['46790', '0.3819275', '-0.50450134', 'empty']
['46819', '0.340271', '-0.42237854', 'empty']
['46865', '0.39501953', '-0.48902893', 'empty']
['46873', '-20.24796809', '-0.5247345', 'empty']
['46906', '0.37002563', '-2.965137377', 'empty']
['46931', '30.42055572', '-0.4747467', 'empty']
['46946', '0.32122803', '-0.49736023', 'empty']
['46995', '0.44262695', '-0.5009308', 'empty']
['47100', '0.2664795', '-0.44499207', 'empty']
['47108', '0.35217285', '-0.49736023', 'empty']
['47144', '0.3224182', '-0.219749498', 'empty']
['47212', '0.2986145', '-0.50450134', 'empty']
['47217', '0.25933838', '-0.45213318', 'empty']
['47280', '0.2998047', '-0.50450134', 'empty']
['47286', '0.27243042', '-0.50450134', 'empty']
['47301', '-18.26714963', '-0.51164246', 'empty']
['47315', '0.4069214', '-1.763610249', 'empty']
['47330', '0.38430786', '-0.49497986', 'empty']
['47417', '0.33432007', '-0.5080719', 'empty']
['47437', '0.39144897', '-0.46165466', 'empty']
['47465', '0.37954712', '-0.48664856', 'empty']
['47468', '-10.95312718', '-0.5259247', 'empty']
['47505', '13.72955882', '-0.4925995', 'empty']
['47547', '0.35336304', '-0.42951965', 'empty']
['47587', '0.48547363', '-0.515213', 'empty']
['47765', '0.3390808', '-0.4997406', 'empty']
['47770', '0.37716675', '-0.54377747', 'empty']
['47800', '0.36169434', '-0.50450134', 'empty']
['47832', '0.2736206', '0.129611995', 'empty']
['47884', '0.2914734', '-0.49378967', 'empty']
['48027', '12.17526703', '-1.509040374', 'empty']
['48057', '0.37835693', '-0.5485382', 'empty']
['48077', '0.34384155', '-0.44380188', 'empty']
['48080', '0.34503174', '-0.49021912', 'empty']
['48082', '0.36288452', '-0.49736023', 'empty']
['48100', '0.4152527', '-0.53544617', 'empty']
['48111', '0.41049194', '-0.515213', 'empty']
['48119', '0.3652649', '-0.534256', 'empty']
['48202', '0.41644287', '-0.5235443', 'empty']
['48220', '3.960596002', '-0.075593417', 'empty']
['48263', '-1.748174893', '-0.644306021', 'empty']
['48390', '0.36645508', '-0.47831726', 'empty']
['48454', '-1.343284367', '-0.42713928', 'empty']
['48530', '0.3890686', '-1.666073296', 'empty']
['48635', '7.131298642', '-0.52830505', 'empty']
['48684', '-9.477079099', '-0.43666077', 'empty']
['48712', '0.44381714', '1.893451001', 'empty']
['48734', '0.3890686', '-0.4676056', 'empty']
['48769', '-4.025420296', '-0.49378967', 'empty']
['48790', '0.4307251', '-0.5140228', 'empty']
['48823', '0.39978027', '-0.56282043', 'empty']
['48864', '0.36288452', '-0.5247345', 'empty']
['48895', '13.15707254', '-0.47236633', 'empty']
['48907', '0.42001343', '-0.450943', 'empty']
['48914', '0.39382935', '0.811343816', 'empty']
['48920', '0.4057312', '-0.53663635', 'empty']
['48940', '0.4390564', '-0.5247345', 'empty']
['49070', '-6.162716418', '-0.5068817', 'empty']
['49075', '0.4545288', '-0.49736023', 'empty']
['49090', '0.42596436', '-0.5175934', 'empty']
['49163', '16.56963406', '-0.5509186', 'empty']
['49166', '-25.1763683', '-2.906995666', 'empty']
['49279', '0.49856567', '-0.48545837', 'empty']
['49280', '0.44381714', '-0.5092621', 'empty']
['49328', '0.42358398', '-0.5330658', 'empty']
['49360', '0.44500732', '-0.45332336', 'empty']
['49404', '0.40097046', '-0.5164032', 'empty']
['49405', '0.4461975', '-0.5068817', 'empty']
['49414', '0.4473877', '-0.5164032', 'empty']
['49455', '0.39382935', '-0.900764224', 'empty']
['49468', '0.36764526', '-1.133210322', 'empty']
['49483', '0.4461975', '-0.4759369', 'empty']
['49526', '0.4723816', '-0.5842438', 'empty']
['49528', '0.4628601', '-0.5675812', 'empty']
['49544', '0.40216064', '0.387921586', 'empty']
['49594', '0.46762085', '-0.622946651', 'empty']
['49647', '-10.76061183', '-0.46046448', 'empty']
['49735', '0.39263916', '-0.5080719', 'empty']
['49748', '-7.217106049', '-0.50331116', 'empty']
['49775', '0.40216064', '-0.5247345', 'empty']
['49776', '0.4128723', '-0.4330902', 'empty']
['49801', '0.46166992', '-0.602631436', 'empty']
['49865', '0.49261475', '-0.55329895', 'empty']
['49890', '22.44196723', '-0.48545837', 'empty']
['50091', '0.4212036', '-0.245394713', 'empty']
['50154', '0.46166992', '-0.47355652', 'empty']
['50162', '0.41763306', '-0.5068817', 'empty']
['50171', '0.40454102', '-0.55329895', 'empty']
['50260', '0.4961853', '-0.4914093', 'empty']
['50283', '0.40097046', '-0.50450134', 'empty']
['50325', '0.44500732', '-0.49855042', 'empty']
['50332', '0.340271', '-0.5390167', 'empty']
['50365', '0.44500732', '-0.5223541', 'empty']
['50394', '12.13593174', '-0.4330902', 'empty']
['50464', '19.42289619', '-0.5175934', 'empty']
['50490', '0.49975586', '-0.58543396', 'empty']
['50504', '0.38787842', '-0.031913268', 'empty']
['50557', '13.00622051', '-0.46403503', 'empty']
['50606', '-16.40352', '-0.55210876', 'empty']
['50643', '0.41049194', '-0.51164246', 'empty']
['50681', '0.42596436', '-0.4676056', 'empty']
['50765', '0.46762085', '-0.5164032', 'empty']
['50773', '0.45809937', '-0.53782654', 'empty']
['50776', '0.46524048', '-1.510786603', 'empty']
['50786', '0.5140381', '-0.5497284', 'empty']
['50788', '0.4223938', '-0.112901459', 'empty']
['50805', '0.4807129', '-0.47950745', 'empty']
['50819', '0.3819275', '-0.5259247', 'empty']
['50826', '0.46643066', '-0.47712708', 'empty']
['50873', '0.43429565', '-0.5056915', 'empty']
['50876', '0.3985901', '-0.4676056', 'empty']
['50901', '0.39620972', '0.46026705', 'empty']
['50919', '0.44143677', '-0.46998596', 'empty']
['50924', '0.4390564', '-2.997231882', 'empty']
['50984', '0.43191528', '-0.45213318', 'empty']
['51044', '0.4295349', '-0.4997406', 'empty']
['51047', '0.4461975', '-0.4497528', 'empty']
['51078', '0.3973999', '-0.518195302', 'empty']
['51090', '0.3569336', '-0.47355652', 'empty']
['51098', '0.42596436', '0.503985337', 'empty']
['51134', '0.31884766', '-0.48069763', 'empty']
['51200', '25.90167262', '-0.58543396', 'empty']
['51206', '0.32003784', '-0.52116394', 'empty']
['51236', '0.15460205', '-0.36763', 'empty']
['51256', '10.84436668', '-0.45570374', 'empty']
['51260', '0.30218506', '-0.5497284', 'empty']
['51347', '0.33670044', '-0.56282043', 'empty']
['51360', '-9.049978148', '-0.51283264', 'empty']
['51412', '0.34622192', '-0.51878357', 'empty']
['51435', '0.3569336', '-0.5259247', 'empty']
['51515', '0.41644287', '-0.57948303', 'empty']
['51553', '9.863314512', '-0.5223541', 'empty']
['51597', '0.3569336', '0.217530008', 'empty']
['51659', '0.34503174', '-0.54615784', 'empty']
['51686', '0.29385376', '-3.810228915', 'empty']
['51704', '0.37121582', '-0.534256', 'empty']
['51751', '0.3557434', '-0.49378967', 'empty']
['51912', '0.32479858', '-0.53782654', 'empty']
['51923', '0.3140869', '-0.4580841', 'empty']
['51946', '0.33312988', '-0.49497986', 'empty']
['52004', '0.35812378', '-0.515213', 'empty']
['52021', '0.34979248', '-0.5164032', 'empty']
['52022', '0.340271', '-0.49497986', 'empty']
['52056', '0.33551025', '-0.52830505', 'empty']
['52091', '0.37121582', '0.043778114', 'empty']
['52093', '0.3807373', '-0.47712708', 'empty']
['52174', '0.3307495', '-0.5330658', 'empty']
['52179', '-2.418546656', '-0.56044006', 'empty']
['52193', '0.36764526', '-0.5509186', 'empty']
['52200', '0.3807373', '-0.52949524', 'empty']
['52287', '0.3164673', '-0.5056915', 'empty']
['52428', '0.26766968', '-0.49617004', 'empty']
['52466', '-4.771724618', '-0.5580597', 'empty']
['52478', '0.32122803', '-1.210106723', 'empty']
['52495', '0.36169434', '-0.5080719', 'empty']
['52546', '-9.811023772', '-0.4997406', 'empty']
['52552', '0.33432007', '-0.5235443', 'empty']
['52572', '0.35455322', '-0.5009308', 'empty']
['52620', '0.3819275', '-0.48664856', 'empty']
['52641', '0.39620972', '-0.52949524', 'empty']
['52656', '0.3819275', '-0.5259247', 'empty']
['52742', '0.3985901', '-0.56163025', 'empty']
['52758', '0.23791504', '-0.41999817', 'empty']
['52828', '0.35455322', '0.462346567', 'empty']
['52837', '0.3985901', '-0.547348', 'empty']
['52861', '0.43429565', '-0.4759369', 'empty']
['52877', '0.25338745', '0.914023268', 'empty']
['52898', '0.308136', '-0.5652008', 'empty']
['52926', '0.4223938', '-0.46879578', 'empty']
['52932', '0.45333862', '-0.189590776', 'empty']
['52933', '8.01250251', '0.899714357', 'empty']
['52936', '0.39263916', '-0.5164032', 'empty']
['52993', '0.44500732', '-0.45570374', 'empty']
['53004', '19.13307313', '-1.213227045', 'empty']
['53077', '0.38549805', '-0.52116394', 'empty']
['53112', '0.39620972', '-0.5068817', 'empty']
['53130', '10.52552038', '-0.46165466', 'empty']
['53171', '8.423882161', '1.423213129', 'empty']
['53207', '0.31289673', '-0.52949524', 'empty']
['53227', '0.32717896', '-0.51997375', 'empty']
['53231', '0.29742432', '-0.48069763', 'empty']
['53234', '0.36169434', '-0.45451355', 'empty']
['53251', '0.30218506', '-0.933483198', 'empty']
['53266', '0.3807373', '0.169036974', 'empty']
['53292', '0.35455322', '-0.51283264', 'empty']
['53405', '0.06890869', '-0.5140228', 'empty']
['53450', '0.46524048', '-0.48545837', 'empty']
['53568', '12.00519527', '4.261561299', 'empty']
['53588', '0.42715454', '-0.5318756', 'empty']
['53604', '7.053966613', '-0.49855042', 'empty']
['53716', '0.3652649', '-0.48188782', 'empty']
['53733', '-6.309149789', '-0.5497284', 'empty']
['53835', '0.34384155', '-0.52116394', 'empty']
['53865', '0.552124', '-0.4497528', 'empty']
['53938', '0.109375', '-0.46165466', 'empty']
['53953', '0.39263916', '-0.65208435', 'empty']
['54022', '0.42596436', '-0.5318756', 'empty']
['54093', '0.29266357', '0.139601195', 'empty']
['54112', '0.3307495', '-0.47950745', 'empty']
['54134', '0.28909302', '-0.637386123', 'empty']
['54158', '0.3652649', '-0.5164032', 'empty']
['54171', '0.27838135', '-0.5913849', 'empty']
['54178', '0.3236084', '-0.534256', 'empty']
['54346', '0.37478638', '-0.52711487', 'empty']
['54370', '0.30575562', '0.255688232', 'empty']
['54430', '-4.864589248', '-0.48545837', 'empty']
['54455', '0.36883545', '-0.5306854', 'empty']
['54498', '0.28552246', '-0.44499207', 'empty']
['54564', '0.32717896', '-0.51283264', 'empty']
['54583', '0.42358398', '-0.57948303', 'empty']
['54588', '0.38787842', '-0.5556793', 'empty']
['54605', '0.35812378', '-0.47355652', 'empty']
['54698', '0.3807373', '-1.701728155', 'empty']
['54705', '0.31289673', '-0.5009308', 'empty']
['54710', '0.39382935', '-0.48902893', 'empty']
['54751', '0.37597656', '-0.49736023', 'empty']
['54801', '0.41168213', '-0.49855042', 'empty']
['54825', '0.38311768', '-0.5009308', 'empty']
['54864', '0.44262695', '-0.403882458', 'empty']
['54865', '0.41763306', '-0.51997375', 'empty']
['54876', '-4.63180784', '-0.5235443', 'empty']
['54913', '0.43429565', '-0.4747467', 'empty']
['54928', '0.3819275', '-0.473988662', 'empty']
['54937', '0.41763306', '-0.53544617', 'empty']
['54981', '6.803458813', '-0.48545837', 'empty']
['54997', '0.4069214', '-0.52949524', 'empty']
['55014', '0.4128723', '3.529648289', 'empty']
['55101', '-12.93509747', '-0.5509186', 'empty']
['55107', '0.38311768', '-0.5402069', 'empty']
['55142', '0.3735962', '-0.6401825', 'empty']
['55149', '0.37002563', '-0.5675812', 'empty']
['55172', '0.4307251', '-0.50450134', 'empty']
['55186', '0.41049194', '-0.48783875', 'empty']
['55246', '-8.425637313', '-0.6068573', 'empty']
['55321', '0.4307251', '1.563482927', 'empty']
['55325', '9.660297997', '-0.547348', 'empty']
['55338', '0.46166992', '-0.53544617', 'empty']
['55370', '0.36645508', '-0.205015786', 'empty']
['55411', '0.40216064', '-0.50331116', 'empty']
['55414', '0.43667603', '-0.4664154', 'empty']
['55420', '0.43310547', '-0.515213', 'empty']
['55429', '0.4640503', '-0.52116394', 'empty']
['55478', '0.44381714', '-0.4914093', 'empty']
['55499', '0.49261475', '-0.5068817', 'empty']
['55524', '0.45095825', '-0.5842438', 'empty']
['55562', '0.4223938', '-0.5425873', 'empty']
['55567', '0.4390564', '-0.5104523', 'empty']
['55581', '0.44143677', '-0.5259247', 'empty']
['55601', '-0.254243062', '-0.6080475', 'empty']
['55642', '0.45690918', '-0.52949524', 'empty']
['55656', '0.36169434', '-0.5485382', 'empty']
['55976', '0.36288452', '-0.4676056', 'empty']
['55991', '0.15222168', '-0.5413971', 'empty']
['55998', '-7.502347053', '-0.534256', 'empty']
['56002', '0.27838135', '-0.65327454', 'empty']
['56022', '0.4223938', '-0.4664154', 'empty']
['56043', '0.51641846', '-0.43785095', 'empty']
['56050', '7.58337963', '-0.50450134', 'empty']
['56072', '0.26409912', '-0.5402069', 'empty']
['56091', '0.42834473', '-0.54496765', 'empty']
['56132', '0.32479858', '-0.47950745', 'empty']
['56283', '10.45962953', '-0.5318756', 'empty']
['56365', '0.3819275', '-0.5223541', 'empty']
['56391', '-8.683992571', '-0.51283264', 'empty']
['56437', '0.3819275', '-0.5509186', 'empty']
['56590', '0.43548584', '-0.52711487', 'empty']
['56595', '0.41049194', '-0.54615784', 'empty']
['56597', '0.34265137', '-0.5056915', 'empty']
['56769', '0.34979248', '-0.59495544', 'empty']
['56829', '0.32479858', '-0.645563736', 'empty']
['56867', '0.37121582', '2.993623939', 'empty']
['56874', '0.28909302', '-0.55329895', 'empty']
['56912', '0.26290894', '-2.019762878', 'empty']
['56983', '0.34503174', '-0.5556793', 'empty']
['56996', '0.3224182', '-0.52830505', 'empty']
['57016', '0.3152771', '-0.54496765', 'empty']
['57044', '0.36288452', '-0.56044006', 'empty']
['57046', '0.37478638', '-0.54377747', 'empty']
['57053', '0.34503174', '-0.534256', 'empty']
['57057', '0.3474121', '-0.52830505', 'empty']
['57130', '0.4069214', '1.190909139', 'empty']
['57140', '0.3735962', '-1.440171729', 'empty']
['57188', '0.3557434', '0.225975915', 'empty']
['57199', '0.42596436', '-0.57948303', 'empty']
['57203', '28.80767906', '-0.5092621', 'empty']
['57224', '0.2998047', '-0.54615784', 'empty']
['57225', '0.29504395', '-0.44618225', 'empty']
['57257', '-3.774497554', '-0.5306854', 'empty']
['57287', '0.40335083', '-0.53544617', 'empty']
['57290', '0.3902588', '-0.5425873', 'empty']
['57293', '0.3819275', '-0.56877136', 'empty']
['57297', '0.35336304', '-0.5580597', 'empty']
['57300', '6.973069495', '-0.50450134', 'empty']
['57344', '0.35931396', '-0.5092621', 'empty']
['57382', '0.36645508', '-0.51878357', 'empty']
['57459', '0.340271', '-0.5318756', 'empty']
['57460', '0.37478638', '-0.53663635', 'empty']
['57475', '0.35217285', '-0.5104523', 'empty']
['57479', '0.4223938', '-0.5830536', 'empty']
['57534', '0.39620972', '-0.5509186', 'empty']
['57564', '0.35812378', '-0.51283264', 'empty']
['57588', '0.32717896', '-2.013769559', 'empty']
['57592', '0.34265137', '-0.53782654', 'empty']
['57616', '0.3735962', '-0.5580597', 'empty']
['57617', '0.34622192', '-0.5592499', 'empty']
['57641', '0.33789063', '-0.5675812', 'empty']
['57647', '0.46166992', '2.68438309', 'empty']
['57670', '0.3735962', '-0.56877136', 'empty']
['57679', '0.4307251', '-0.51164246', 'empty']
['57683', '5.69369384', '-0.5235443', 'empty']
['57693', '0.362280401', '-0.5402069', 'empty']
['57743', '0.40930176', '-0.5223541', 'empty']
['57749', '0.37478638', '-0.5509186', 'empty']
['57761', '0.3652649', '-0.5723419', 'empty']
['57773', '0.35931396', '-0.51997375', 'empty']
['57780', '0.33789063', '-0.56282043', 'empty']
['57873', '0.39382935', '-0.5402069', 'empty']
['57875', '0.4223938', '-0.52711487', 'empty']
['57879', '0.39263916', '-2.344864302', 'empty']
['57896', '0.3557434', '-0.54615784', 'empty']
['58039', '0.40335083', '-0.5235443', 'empty']
['58051', '0.42358398', '-0.6009064', 'empty']
['58058', '0.47476196', '-0.5092621', 'empty']
['58078', '0.24743652', '-0.54496765', 'empty']
['58085', '0.20339966', '-0.52116394', 'empty']
['58098', '-10.39785917', '-0.48545837', 'empty']
['58152', '1.800265586', '-0.45451355', 'empty']
['58201', '0.4152527', '-0.5556793', 'empty']
['58230', '0.24505615', '-0.46165466', 'empty']
['58245', '0.32717896', '-0.58543396', 'empty']
['58299', '0.11413574', '-0.207720385', 'empty']
['58300', '0.121276855', '-0.52949524', 'empty']
['58334', '0.47000122', '-0.49855042', 'empty']
['58341', '0.5128479', '-0.5652008', 'empty']
['58357', '0.46524048', '-0.51878357', 'empty']
['58416', '0.5937805', '-0.58662415', 'empty']
['58435', '-21.47780202', '-0.49378967', 'empty']
['58451', '0.22958374', '-0.46879578', 'empty']
['58482', '0.519989', '-0.54496765', 'empty']
['58493', '0.35098267', '-0.55448914', 'empty']
['58567', '0.3224182', '-0.547348', 'empty']
['58586', '0.34146118', '-0.48545837', 'empty']
['58592', '0.3652649', '-0.5080719', 'empty']
['58704', '0.3819275', '-0.52949524', 'empty']
['58807', '0.26766968', '-0.5568695', 'empty']
['58818', '0.3807373', '-0.52949524', 'empty']
['58834', '-14.8347704', '-0.5485382', 'empty']
['58852', '0.42596436', '-0.55210876', 'empty']
['58854', '0.35812378', '-0.5330658', 'empty']
['58891', '0.4640503', '-0.52949524', 'empty']
['58895', '0.4212036', '-0.57829285', 'empty']
['58917', '0.35098267', '-0.547348', 'empty']
['58950', '0.46047974', '-0.5306854', 'empty']
['58983', '0.42834473', '-0.45570374', 'empty']
['58990', '-1.38967561', '-0.46998596', 'empty']
['59002', '0.3902588', '-0.5735321', 'empty']
['59041', '0.37478638', '-0.5842438', 'empty']
['59052', '-18.38807633', '-0.4914093', 'empty']
['59053', '0.46524048', '-1.072350373', 'empty']
['59057', '0.43548584', '1.110539242', 'empty']
['59063', '0.4152527', '-1.810954575', 'empty']
['59077', '0.40930176', '-0.4914093', 'empty']
['59107', '5.233326331', '0.638985819', 'empty']
['59147', '0.41168213', '-0.4580841', 'empty']
['59171', '0.4152527', '-0.5306854', 'empty']
['59206', '0.35931396', '-0.49378967', 'empty']
['59213', '0.37478638', '-0.45332336', 'empty']
['59221', '0.42715454', '-0.5330658', 'empty']
['59247', '0.4128723', '1.149021657', 'empty']
['59304', '0.40930176', '-0.86028483', 'empty']
['59306', '0.36645508', '-0.43547058', 'empty']
['59381', '0.43548584', '-3.041824066', 'empty']
['59406', '0.36645508', '-0.5306854', 'empty']
['59409', '0.37835693', '-0.5425873', 'empty']
['59484', '2.313077893', '-0.56163025', 'empty']
['59503', '0.38430786', '-0.5509186', 'empty']
['59568', '0.34979248', '-0.5425873', 'empty']
['59596', '-0.2287151', '-0.5259247', 'empty']
['59605', '0.3307495', '-0.5390167', 'empty']
['59606', '0.3890686', '-0.52116394', 'empty']
['59644', '0.3985901', '-0.515213', 'empty']
['59687', '0.36169434', '-0.57948303', 'empty']
['59717', '0.42477417', '-0.51164246', 'empty']
['59731', '0.34384155', '-0.5009308', 'empty']
['59747', '0.40454102', '-0.50450134', 'empty']
['59770', '0.37954712', '-0.53663635', 'empty']
['59775', '0.39263916', '-0.502121', 'empty']
['59777', '-2.59374314', '-0.48188782', 'empty']
['59792', '0.3164673', '-0.48783875', 'empty']
['59798', '9.492201981', '2.304626255', 'empty']
['59801', '0.34146118', '-0.49378967', 'empty']
['59857', '0.4152527', '-0.5068817', 'empty']
['59951', '0.36050415', '-0.5259247', 'empty']
['60030', '0.372406', '-0.5247345', 'empty']
['60150', '0.3973999', '-0.511979022', 'empty']
['60152', '0.3652649', '-0.534256', 'empty']
['60156', '0.3390808', '-0.5425873', 'empty']
['60184', '0.33432007', '0.767258394', 'empty']
['60226', '0.3164673', '-0.52711487', 'empty']
['60228', '8.76873951', '-0.52116394', 'empty']
['60274', '0.3735962', '-0.51878357', 'empty']
['60326', '0.4069214', '-0.52949524', 'empty']
['60347', '0.3307495', '-0.54496765', 'empty']
['60382', '0.37954712', '-0.53782654', 'empty']
['60410', '0.40335083', '-0.53782654', 'empty']
['60413', '0.36645508', '-0.53782654', 'empty']
['60447', '0.35931396', '-0.53544617', 'empty']
['60509', '-4.893366287', '-0.50331116', 'empty']
['60511', '1.233460056', '-0.534256', 'empty']
['60529', '0.37002563', '-0.4664154', 'empty']
['60560', '-5.261377032', '-0.5318756', 'empty']
['60569', '0.41168213', '-0.534256', 'empty']
['60575', '0.32003784', '-0.5056915', 'empty']
['60577', '0.3319397', '-0.5056915', 'empty']
['60599', '0.3973999', '-0.5318756', 'empty']
['60609', '0.29504395', '-0.52949524', 'empty']
['60627', '0.37597656', '-0.49855042', 'empty']
['60629', '0.39263916', '-0.515213', 'empty']
['60639', '0.32836914', '-0.5080719', 'empty']
['60648', '0.31884766', '-0.5080719', 'empty']
['60792', '11.06350259', '-0.53782654', 'empty']
['60798', '0.42596436', '-0.5556793', 'empty']
['60801', '-17.99254036', '-0.4914093', 'empty']
['60846', '0.49261475', '-0.52830505', 'empty']
['60905', '0.3486023', '2.436687816', 'empty']
['60982', '0.55926514', '-0.57829285', 'empty']
['60989', '0.5140381', '-0.55448914', 'empty']
['60997', '8.954946543', '-4.257726667', 'empty']
['61028', '0.32598877', '-0.483078', 'empty']
['61073', '0.37121582', '2.538120293', 'empty']
['61093', '0.20697021', '-0.49736023', 'empty']
['61097', '0.26409912', '-0.5723419', 'empty']
['61154', '0.23196411', '-0.5009308', 'empty']
['61220', '0.34265137', '-0.483078', 'empty']
['61231', '0.24743652', '-0.49497986', 'empty']
['61328', '0.37954712', '-1.33461354', 'empty']
['61377', '0.32836914', '-0.51164246', 'empty']
['61405', '0.42596436', '-0.52830505', 'empty']
['61422', '0.39382935', '-0.515213', 'empty']
['61441', '0.3735962', '-0.52830505', 'empty']
['61467', '0.35336304', '-0.51878357', 'empty']
['61483', '0.38668823', '-0.56044006', 'empty']
['61503', '0.59854126', '-0.51878357', 'empty']
['61520', '0.27719116', '1.390716759', 'empty']
['61528', '0.22720337', '-0.52711487', 'empty']
['61543', '0.30456543', '-0.56044006', 'empty']
['61559', '16.94615904', '-0.55329895', 'empty']
['61602', '0.23434448', '-0.52711487', 'empty']
['61612', '0.32955933', '-0.52711487', 'empty']
['61642', '0.5616455', '-0.49497986', 'empty']
['61645', '0.46881104', '-0.51283264', 'empty']
['61690', '0.5057068', '-0.534256', 'empty']
['61707', '0.45690918', '-0.515213', 'empty']
['61740', '0.34503174', '-0.52711487', 'empty']
['61783', '0.30575562', '-0.647625287', 'empty']
['61829', '0.46643066', '-0.5901947', 'empty']
['61845', '0.39620972', '-0.5390167', 'empty']
['61854', '0.28909302', '-0.5413971', 'empty']
['61881', '0.3735962', '-1.238542215', 'empty']
['61883', '0.35098267', '-0.51164246', 'empty']
['61949', '0.3390808', '-0.111103104', 'empty']
['61972', '0.5616455', '1.783969567', 'empty']
['61988', '0.33551025', '-0.51164246', 'empty']
['62072', '0.31884766', '-0.49497986', 'empty']
['62118', '0.34265137', '-0.5259247', 'empty']
['62168', '0.3890686', '-0.49855042', 'empty']
['62193', '0.42596436', '-0.56044006', 'empty']
['62217', '0.3735962', '-0.5009308', 'empty']
['62220', '0.34503174', '0.767498454', 'empty']
['62259', '6.590307428', '-0.483078', 'empty']
['62261', '0.39382935', '-0.5056915', 'empty']
['62297', '0.4057312', '-0.5068817', 'empty']
['62349', '0.39620972', '-0.47712708', 'empty']
['62383', '0.4152527', '-0.043009146', 'empty']
['62428', '0.3735962', '-0.49021912', 'empty']
['62439', '0.3973999', '-0.51997375', 'empty']
['62446', '0.39382935', '-0.48664856', 'empty']
['62471', '0.36764526', '-0.4414215', 'empty']
['62491', '0.41168213', '-0.534256', 'empty']
['62499', '0.38668823', '-0.52830505', 'empty']
['62507', '0.3557434', '-0.51997375', 'empty']
['62559', '0.40335083', '-0.5425873', 'empty']
['62631', '0.3819275', '-1.464420652', 'empty']
['62640', '0.43191528', '-0.502121', 'empty']
['62642', '0.3985901', '-0.783463114', 'empty']
['62665', '0.4128723', '-0.51878357', 'empty']
['62676', '0.3569336', '-0.5402069', 'empty']
['62722', '0.38787842', '-0.53544617', 'empty']
['62766', '0.26052856', '-0.51878357', 'empty']
['62767', '0.25457764', '-0.5140228', 'empty']
['62778', '0.340271', '-0.49617004', 'empty']
['62779', '0.3486023', '-3.752838568', 'empty']
['62780', '22.93198677', '-0.47712708', 'empty']
['62785', '0.42834473', '-0.56163025', 'empty']
['62860', '0.4128723', '-0.5402069', 'empty']
['62923', '0.44143677', '-0.515213', 'empty']
['62936', '0.43548584', '-0.547348', 'empty']
['62967', '0.41882324', '-1.53422064', 'empty']
['62970', '0.4152527', '-0.5259247', 'empty']
['63048', '0.4069214', '-0.148021454', 'empty']
['63061', '0.3486023', '-0.53663635', 'empty']
['63156', '0.35812378', '-0.5056915', 'empty']
['63178', '0.38549805', '-0.49497986', 'empty']
['63192', '0.4128723', '-0.49617004', 'empty']
['63235', '0.36169434', '-0.5247345', 'empty']
['63240', '0.38668823', '-0.5080719', 'empty']
['63243', '0.37954712', '-0.5497284', 'empty']
['63284', '0.36764526', '-0.49617004', 'empty']
['63373', '2.144711702', '-0.022442616', 'empty']
['63405', '0.30932617', '-0.5080719', 'empty']
['63410', '0.35455322', '-0.54377747', 'empty']
['63439', '1.729331577', '-0.49617004', 'empty']
['63501', '0.35812378', '-0.5056915', 'empty']
['63543', '0.34622192', '-0.5223541', 'empty']
['63586', '-4.889919066', '-2.025823491', 'empty']
['63625', '0.4069214', '-0.5104523', 'empty']
['63636', '6.827973546', '-0.5675812', 'empty']
['63654', '0.34265137', '-0.5402069', 'empty']
['63714', '0.3390808', '-0.51878357', 'empty']
['63758', '0.3390808', '-0.51283264', 'empty']
['63775', '0.33312988', '-0.54615784', 'empty']
['63825', '0.45690918', '-0.52830505', 'empty']
['63848', '0.3735962', '-0.55210876', 'empty']
['63906', '0.34384155', '-0.53663635', 'empty']
['63977', '0.43310547', '-0.56282043', 'empty']
['63980', '0.42001343', '-0.625867627', 'empty']
['63998', '0.36050415', '-0.47117615', 'empty']
['64016', '0.41049194', '-0.566391', 'empty']
['64093', '0.30218506', '-1.552462852', 'empty']
['64131', '0.32717896', '-1.93218141', 'empty']
['64177', '0.4212036', '-0.48545837', 'empty']
['64206', '0.4069214', '-0.6223297', 'empty']
['64279', '-1.230206512', '-0.6044769', 'empty']
['64298', '0.45809937', '1.512851113', 'empty']
['64339', '0.3890686', '-0.54377747', 'empty']
['64354', '0.40930176', '-0.46046448', 'empty']
['64362', '0.33789063', '-0.55210876', 'empty']
['64396', '0.3569336', '-0.5247345', 'empty']
['64553', '8.981091407', '-0.5759125', 'empty']
['64562', '0.39501953', '-0.840115238', 'empty']
['64640', '0.4711914', '-0.5068817', 'empty']
['64650', '0.48547363', '-0.5140228', 'empty']
['64656', '0.37478638', '-0.51997375', 'empty']
['64710', '0.47476196', '-0.46522522', 'empty']
['64711', '0.4378662', '-0.47355652', 'empty']
['64831', '0.20101929', '0.983623038', 'empty']
['64846', '0.3319397', '-0.76753235', 'empty']
['64933', '6.653945259', '1.332850491', 'empty']
['64940', '0.22244263', '-0.6044769', 'empty']
['64982', '0.3890686', '-0.6009064', 'empty']
['64989', '-22.20603571', '-0.5568695', 'empty']
['65006', '-7.484260067', '-0.6223297', 'empty']
['65022', '0.28790283', '-0.49378967', 'empty']
['65038', '0.34265137', '-0.6163788', 'empty']
['65135', '0.3164673', '-0.5509186', 'empty']
['65184', '0.26052856', '-0.5259247', 'empty']
['65237', '0.27957153', '-0.48188782', 'empty']
['65263', '0.3486023', '-0.5652008', 'empty']
['65355', '16.32857406', '1.320431088', 'empty']
['65376', '0.3474121', '-0.52949524', 'empty']
['65379', '0.3474121', '-0.5092621', 'empty']
['65556', '0.32122803', '-0.40571594', 'empty']
['65557', '0.32836914', '-0.41285706', 'empty']
['65592', '0.3640747', '-0.5390167', 'empty']
['65609', '0.28671265', '-1.281449168', 'empty']
['65676', '0.32836914', '-0.64375305', 'empty']
['65681', '0.39501953', '-0.5723419', 'empty']
['65769', '0.23553467', '-0.6080475', 'empty']
['65784', '0.308136', '-0.51878357', 'empty']------------------------------------------------------------
执行时间: 6.45 秒
执行状态: 成功
集成大小: 0
真值使用成本: 70000

============================================================
调用统一测评模块 getScoreML
============================================================
2026-02-03 16:36:14.688222: W tensorflow/compiler/xla/stream_executor/platform/default/dso_loader.cc:64] Could not load dynamic library 'libnvinfer.so.7'; dlerror: libnvinfer.so.7: cannot open shared object file: No such file or directory
2026-02-03 16:36:14.688297: W tensorflow/compiler/xla/stream_executor/platform/default/dso_loader.cc:64] Could not load dynamic library 'libnvinfer_plugin.so.7'; dlerror: libnvinfer_plugin.so.7: cannot open shared object file: No such file or directory
2026-02-03 16:36:14.688305: W tensorflow/compiler/tf2tensorrt/utils/py_utils.cc:38] TF-TRT Warning: Cannot dlopen some TensorRT libraries. If you would like to use Nvidia GPU with TensorRT, please make sure the missing libraries mentioned above are installed properly.
[1;34m[16:36:15][0m[1;33m WARNING Snoopy may use all CPU cores! Set env. variable 'SNOOPY_LIMIT_CPU' to 'y' to limit CPU usage. [0m[1;34m(__init__ -> _init_tf_pytorch on MainThread)[0m
2026-02-03 16:36:15.300712: E tensorflow/compiler/xla/stream_executor/cuda/cuda_driver.cc:267] failed call to cuInit: CUDA_ERROR_NO_DEVICE: no CUDA-capable device is detected

['65843', '-10.64437876', '0.515555318', 'empty']
['65894', '0.30575562', '-0.52949524', 'empty']
['65909', '-1.109032101', '-0.56044006', 'empty']
['65963', '0.35812378', '-0.56163025', 'empty']
['66024', '-8.002468519', '-2.659168385', 'empty']
['66126', '0.3890686', '-0.58662415', 'empty']
['66127', '0.28552246', '-0.55448914', 'empty']
['66140', '0.33312988', '-0.5842438', 'empty']
['66167', '0.26052856', '-0.5723419', 'empty']
['66205', '0.3069458', '-0.62709045', 'empty']
['66350', '0.3735962', '-0.5652008', 'empty']
['66358', '0.28552246', '-0.56996155', 'empty']
['66375', '0.20697021', '-0.633982824', 'empty']
['66397', '0.37835693', '-0.5497284', 'empty']
['66401', '0.45928955', '-0.5247345', 'empty']
['66435', '0.19744873', '0.351267274', 'empty']
['66481', '0.35336304', '-0.6961212', 'empty']
['66504', '0.36169434', '-0.47831726', 'empty']
['66551', '0.39620972', '-2.594887658', 'empty']
['66569', '0.32122803', '-0.5223541', 'empty']
['66584', '0.49856567', '-0.5413971', 'empty']
['66651', '0.40335083', '-0.58543396', 'empty']
['66699', '0.519989', '-0.56163025', 'empty']
['66775', '0.45809937', '-0.52711487', 'empty']
['66781', '0.5057068', '-0.59376526', 'empty']
['66799', '0.39978027', '-0.5652008', 'empty']
['66816', '0.35336304', '-0.5806732', 'empty']
['66818', '0.31884766', '0.284150533', 'empty']
['66928', '0.340271', '-0.5235443', 'empty']
['67007', '0.4223938', '-0.5402069', 'empty']
['67078', '0.37597656', '-0.55210876', 'empty']
['67109', '0.3973999', '-0.56877136', 'empty']
['67112', '0.41882324', '1.091729619', 'empty']
['67147', '3.150644477', '-0.5402069', 'empty']
['67186', '0.4223938', '-0.49855042', 'empty']
['67222', '0.34622192', '-0.54615784', 'empty']
['67234', '0.31884766', '-0.5818634', 'empty']
['67257', '0.38430786', '-0.5580597', 'empty']
['67269', '0.40811157', '-0.5164032', 'empty']
['67435', '0.3152771', '-0.53663635', 'empty']
['67457', '0.3557434', '-0.58781433', 'empty']
['67489', '0.372406', '-0.5580597', 'empty']
['67521', '-5.006716264', '0.334117912', 'empty']
['67547', '0.340271', '-0.4997406', 'empty']
['67582', '0.31051636', '-0.5901947', 'empty']
['67620', '0.33432007', '-0.5890045', 'empty']
['67626', '0.36645508', '-0.598526', 'empty']
['67709', '0.34622192', '-0.5485382', 'empty']
['67715', '0.3390808', '-1.923516661', 'empty']
['67716', '0.38787842', '-0.5330658', 'empty']
['67778', '0.3486023', '-0.502121', 'empty']
['67785', '0.506897', '-0.48783875', 'empty']
['67866', '-1.03406609', '-0.56044006', 'empty']
['67915', '0.4128723', '-0.43904114', 'empty']
['67927', '0.47833252', '0.93835927', 'empty']
['67928', '0.44976807', '-0.5175934', 'empty']
['67946', '0.47595215', '-0.5973358', 'empty']
['68024', '0.4795227', '-0.5425873', 'empty']
['68082', '0.4295349', '-0.6163788', 'empty']
['68128', '0.40811157', '-0.5080719', 'empty']
['68140', '0.5640259', '-0.6056671', 'empty']
['68191', '2.388869647', '1.11110566', 'empty']
['68206', '0.37954712', '-0.6128082', 'empty']
['68209', '-12.33402709', '-0.5568695', 'empty']
['68238', '0.539032', '-0.53544617', 'empty']
['68246', '0.46881104', '-0.52830505', 'empty']
['68284', '0.48190308', '-0.598526', 'empty']
['68312', '0.38311768', '5.849975205', 'empty']
['68327', '0.34265137', '-0.5806732', 'empty']
['68424', '0.3985901', '-1.270379813', 'empty']
['68430', '0.3973999', '-0.5735321', 'empty']
['68473', '1.315509289', '-0.5640106', 'empty']
['68483', '0.3640747', '-0.6009064', 'empty']
['68589', '0.37954712', '-0.5306854', 'empty']
['68624', '0.3319397', '-0.54615784', 'empty']
['68629', '-10.65417252', '0.562248188', 'empty']
['68636', '0.4378662', '-0.55448914', 'empty']
['68719', '0.43310547', '-0.5842438', 'empty']
['68723', '0.45095825', '-0.57115173', 'empty']
['68742', '0.49142456', '-0.5509186', 'empty']
['68843', '35.71366319', '3.194519384', 'empty']
['68892', '0.40454102', '-0.5425873', 'empty']
['68898', '0.41763306', '-0.54377747', 'empty']
['68914', '0.45928955', '-0.52830505', 'empty']
['68962', '0.31051636', '-0.52949524', 'empty']
['68991', '11.34900674', '0.462715924', 'empty']
['69012', '0.25100708', '-0.51878357', 'empty']
['69016', '0.26290894', '-0.55210876', 'empty']
['69023', '-1.214779721', '-0.5164032', 'empty']
['69080', '0.40454102', '-0.57710266', 'empty']
['69119', '0.30575562', '-0.51164246', 'empty']
['69139', '16.12809992', '-0.54615784', 'empty']
['69170', '0.37716675', '1.690086806', 'empty']
['69207', '0.34979248', '-0.54496765', 'empty']
['69224', '0.44381714', '-1.290907644', 'empty']
['69249', '0.40930176', '-0.5330658', 'empty']
['69259', '0.42001343', '-0.51164246', 'empty']
['69271', '0.39382935', '-0.5080719', 'empty']
['69289', '0.36169434', '-0.5759125', 'empty']
['69304', '0.4069214', '-0.58543396', 'empty']
['69341', '0.46047974', '-0.5390167', 'empty']
['69345', '0.39501953', '-0.51164246', 'empty']
['69346', '0.47476196', '-0.56996155', 'empty']
['69365', '0.36764526', '-0.547348', 'empty']
['69374', '0.39978027', '-0.5509186', 'empty']
['69442', '0.44024658', '-0.53782654', 'empty']
['69461', '0.4128723', '-1.297539693', 'empty']
['69512', '0.37002563', '0.406817588', 'empty']
['69551', '0.37835693', '-0.6044769', 'empty']
['69583', '0.38430786', '-0.547348', 'empty']
['69624', '0.43310547', '-0.57710266', 'empty']
['69631', '0.4212036', '-0.5247345', 'empty']
['69638', '0.3985901', '-0.52711487', 'empty']
['69649', '0.43429565', '-0.53782654', 'empty']
['69726', '0.42834473', '-0.5640106', 'empty']
['69733', '2.632795545', '-0.547348', 'empty']
['69757', '0.43191528', '-0.5259247', 'empty']
['69761', '0.4128723', '-0.50450134', 'empty']
['69763', '0.4295349', '-0.5402069', 'empty']
['69801', '-7.590621858', '-1.376269586', 'empty']
['69859', '0.49023438', '-0.52830505', 'empty']
['69877', '0.34384155', '-0.55210876', 'empty']
['69880', '6.9441839', '-0.5175934', 'empty']
['69936', '0.42596436', '-0.5425873', 'empty']
['69988', '0.43548584', '-1.757388718', 'empty']
['69990', '0.46047974', '-0.5806732', 'empty']
BoostClean执行出错: __init__() got an unexpected keyword argument 'vector_size'
======================================================================
Clean4MLBaseline 统一测评 - har_boostclean_vzekai
======================================================================

[1/5] 传统清洗指标
--------------------------------------------------
调试文件已保存到: results/boostclean/har_boostclean_vzekai/debug
修复准确率: 0.0, 修复召回率: 0.0, F1值: 0.0
========================================
错误减少率 (EDR): 0.0
========================================
混合距离 (Hybrid Distance): 0.2696350706554699
========================================
基于条目的错误减少率 (R-EDR): 0.0
========================================
numeric: Index(['x', 'y', 'z'], dtype='object')
categorical: Index(['gt'], dtype='object')
列级平均RMSE (数值列, 归一化): 1.742858
  x: 1.555863
  y: 1.549460
  z: 2.123251
列级平均F1 (类别列, weighted): 0.979063
  gt: 0.979063
========================================

[2/5] 下游任务性能 (clustering)
--------------------------------------------------
数据集较大 (70000 行)，对聚类评估进行采样到 10000 行
KMEANS - Silhouette: 0.6136, ARI: 0.6935 (采样)
AGGLOMERATIVE - Silhouette: 0.5889, ARI: 0.5986 (采样)

[3/5] 模型容忍度
--------------------------------------------------

容忍度计算结果:
  P_do_nothing (脏数据性能): -0.1375
  P_demand_clean (清洗后性能): -0.1375
  P_repair_all (完全修复性能): -0.0203
  先验容忍度 (Tolerance_prior): 1.0000
  后验容忍度 (Tolerance_post): 0.0000

[4/5] Snoopy上界评估
--------------------------------------------------
Snoopy模块可用，正在评估数据质量上界...
数据集较大 (70000 行)，对Snoopy评估进行采样到 10000 行
  脏数据上界: 0.0399
  清洗后上界: 0.1284
  干净数据上界: 0.0252
  上界提升比例: -5.9875

[5/5] 真值使用成本
--------------------------------------------------
  方法类型: Type 2 (需验证集)
  实际真值使用: 70000
  理想最小成本: 0
  总修改单元格: 0
  正确修复: 0
  错误修复: 0

======================================================================结果已保存到: results/boostclean/har_boostclean_vzekai
日志文件: results/boostclean/har_boostclean_vzekai/har_boostclean_vzekai.log
============================================================

测评完成，结果已保存到: results/boostclean/har_boostclean_vzekai/har_boostclean_vzekai_report.txt
======================================================================
