Attribute,Index,Dirty Value,Cleaned Value
X2,3540,empty,k
X5,1312,empty,ac
X8,879,empty,j
X8,2104,empty,u
X10,36,0.134746931,0
X10,113,-1.12581393,0
X10,120,-0.666884648,0
X10,170,0.867806778,0
X10,199,-0.261918537,0
X10,247,-0.205406648,0
X10,249,-0.678779467,0
X10,284,0.272447891,0
X10,308,0.824494826,0
X10,386,empty,0
X10,393,0.487047668,0
X10,410,-0.205637468,0
X10,483,-0.191369168,0
X10,543,0.200478623,0
X10,553,0.190946509,0
X10,567,-0.765183857,0
X10,613,0.388602233,0
X10,616,-0.059965233,0
X10,617,-0.189798522,0
X10,624,0.365099877,0
X10,631,-0.05780572,0
X10,817,-0.050479455,0
X10,823,-0.065318576,0
X10,836,0.573295378,0
X10,865,-0.596689661,0
X10,878,0.134510536,0
X10,893,0.844806687,0
X10,897,0.213617289,0
X10,907,-0.731549817,0
X10,912,-0.311452127,0
X10,958,0.48985863,0
X10,978,-0.157672136,0
X10,1008,-0.290438991,0
X10,1064,0.051308574,0
X10,1088,0.81834994,0
X10,1096,-0.040372553,0
X10,1100,-0.072369706,0
X10,1106,0.008089053,0
X10,1108,-0.130576975,0
X10,1129,-0.314998067,0
X10,1224,-0.070318851,0
X10,1323,-0.475322869,0
X10,1329,0.25088077,0
X10,1400,-0.002025767,0
X10,1426,-0.244776449,0
X10,1441,-0.156266234,0
X10,1447,0.663808962,0
X10,1517,0.239882084,0
X10,1552,0.289501004,0
X10,1598,0.512854959,0
X10,1708,-0.99480668,0
X10,1746,0.157407545,0
X10,1826,-0.453197781,0
X10,1852,0.368330727,0
X10,1943,0.352179051,0
X10,1944,-0.179217885,0
X10,1952,0.320713415,0
X10,2036,-0.102256196,0
X10,2135,0.415678735,0
X10,2160,-0.741300153,0
X10,2234,0.084874492,0
X10,2277,-0.536910893,0
X10,2305,-0.200245365,0
X10,2309,0.046274193,0
X10,2407,0.016879134,0
X10,2445,-0.511051461,0
X10,2483,-0.342178681,0
X10,2576,0.410936787,0
X10,2601,-0.170666635,0
X10,2679,-0.392071091,0
X10,2832,1.400838434,0
X10,2849,-0.457496801,0
X10,2876,0.409136151,0
X10,2899,-0.164339348,0
X10,2968,-1.168184474,0
X10,2992,0.979662316,0
X10,3041,0.238463397,0
X10,3073,0.391559928,0
X10,3121,-0.285696549,0
X10,3190,-0.062815646,0
X10,3241,0.283825126,0
X10,3345,0.010617812,0
X10,3375,-0.538315683,0
X10,3390,0.040313598,0
X10,3396,0.46146687,0
X10,3476,-0.311725316,0
X10,3495,-0.193607775,0
X10,3539,0.435527091,0
X10,3540,0.544658788,0
X10,3544,-0.26283568,0
X10,3552,0.536978922,0
X10,3632,-0.114736329,0
X10,3635,0.005364081,0
X10,3691,-0.022952267,0
X10,3696,0.084358733,0
X10,3727,-0.773079398,0
X10,3795,0.203363121,0
X10,3819,-0.194438129,0
X10,3824,-0.142933265,0
X10,3849,0.368030403,0
X10,4027,-0.442872211,0
X10,4053,0.331181132,0
X10,4119,0.233678863,0
X10,4142,-0.535015147,0
X10,4197,0.453735013,0
X10,4201,-0.197885663,0
X10,4204,0.313924823,0
X12,43,-1.405037296,0
X12,73,-1.395854703,0
X12,113,-1.238495257,0
X12,183,-0.126691661,0
X12,216,-0.73739797,0
X12,222,1.545253711,0
X12,249,0.779529859,0
X12,294,0.734126192,0
X12,386,-0.870035756,0
X12,414,-1.451723983,0
X12,449,0.034774413,0
X12,503,2.101681813,0
X12,549,1.024492388,0
X12,553,1.688734178,0
X12,613,-1.722652122,0
X12,622,1.853286828,0
X12,657,0.600898281,0
X12,663,-0.595753321,0
X12,712,0.016896603,0
X12,817,-0.168055285,0
X12,875,0.122744193,0
X12,888,-1.086051585,0
X12,897,-0.718556064,0
X12,912,0.819602823,0
X12,914,1.140607797,0
X12,949,-1.11133261,0
X12,953,0.560837217,0
X12,992,0.942746375,0
X12,1010,-1.192694779,0
X12,1021,-1.599066691,1
X12,1089,-1.102094882,1
X12,1100,3.06035746,0
X12,1119,2.387770573,1
X12,1141,-0.356433933,0
X12,1154,0.902692061,0
X12,1248,0.203495359,0
X12,1278,-0.712091072,0
X12,1329,1.723337975,0
X12,1332,-1.044378348,1
X12,1447,0.259197085,0
X12,1492,-0.790848505,0
X12,1525,0.9871163,0
X12,1530,-0.597219921,0
X12,1565,-1.536961419,0
X12,1612,0.768858678,0
X12,1615,-1.121093375,0
X12,1691,1.458767919,0
X12,1725,0.759506717,0
X12,1810,-1.039594469,0
X12,1829,0.403787017,1
X12,1879,-0.386540488,0
X12,1900,-0.281642372,0
X12,1937,0.32948129,0
X12,1938,-0.391475416,0
X12,2055,0.120423723,0
X12,2110,0.071840022,0
X12,2137,-1.813621916,0
X12,2160,1.271659822,0
X12,2234,-1.530590779,0
X12,2245,-1.657339333,0
X12,2407,-0.569602798,0
X12,2483,-0.318281482,0
X12,2494,0.303691025,0
X12,2499,0.332402336,0
X12,2536,0.157144806,0
X12,2648,0.892200017,0
X12,2673,0.322120542,0
X12,2763,0.640335798,0
X12,2879,1.376644798,1
X12,2966,-1.270096432,0
X12,3099,-0.560137792,0
X12,3202,0.833223056,0
X12,3233,-1.196367944,0
X12,3345,1.94606805,0
X12,3371,0.902492769,0
X12,3436,-1.259229037,0
X12,3496,1.292672528,1
X12,3511,1.162055014,0
X12,3529,-0.275270369,0
X12,3635,0.462009478,1
X12,3677,1.536363997,0
X12,3710,-3.124022154,0
X12,3746,-1.607299952,0
X12,3756,2.002489364,0
X12,3791,-1.620834705,0
X12,4113,1.031328406,0
X12,4127,1.891921971,0
X12,4156,0.260707168,0
X12,4197,-0.341653542,0
X12,4201,-0.481489639,0
X13,12,0.654176141,0
X13,216,-1.096200487,0
X13,229,-1.814981248,0
X13,274,-0.693272062,0
X13,360,-0.824070588,0
X13,375,0.313916933,0
X13,393,-1.081322488,0
X13,449,0.581082314,0
X13,483,-2.246153782,0
X13,485,0.190448846,0
X13,486,-0.931727644,0
X13,499,0.54070558,0
X13,511,1.116124764,0
X13,543,-0.557706285,0
X13,560,-0.190456867,0
X13,807,-0.940213988,0
X13,851,0.123588192,0
X13,855,-1.133435106,0
X13,865,-0.143972414,0
X13,878,1.501659122,0
X13,914,1.206765723,0
X13,949,0.641189595,0
X13,959,1.158712286,0
X13,986,-0.495625944,0
X13,1037,1.288737919,0
X13,1108,-0.512599668,0
X13,1129,empty,0
X13,1138,0.497727028,1
X13,1224,-0.618364904,0
X13,1228,-0.693788428,0
X13,1284,1.060369163,0
X13,1285,0.583258667,0
X13,1389,-1.303086602,0
X13,1441,-0.823969553,0
X13,1447,-0.34426863,0
X13,1485,0.670699642,0
X13,1517,2.122808956,1
X13,1592,0.314301673,0
X13,1655,-1.023127334,0
X13,1711,-0.327808615,0
X13,1717,1.471670526,0
X13,1725,-1.572405463,0
X13,1729,0.000837551,0
X13,1824,0.584536216,0
X13,1866,0.3764205,0
X13,1952,-0.464826854,0
X13,1997,1.218359936,0
X13,2013,1.392909936,1
X13,2028,0.269536696,0
X13,2044,1.423731121,0
X13,2076,-0.273789194,0
X13,2135,1.348524023,0
X13,2160,0.206564424,0
X13,2188,0.330948488,0
X13,2198,1.612884075,0
X13,2276,0.400204346,0
X13,2286,-0.080460383,0
X13,2287,0.283539203,0
X13,2309,0.32281599,0
X13,2430,0.535442316,1
X13,2466,-1.29287673,0
X13,2481,1.339742706,0
X13,2534,1.177334847,0
X13,2561,-0.504743946,0
X13,2601,0.08528876,0
X13,2613,-0.370010916,0
X13,2624,1.933881962,0
X13,2696,-0.129194736,0
X13,2706,-0.53637153,0
X13,2763,-0.304244283,0
X13,2832,0.021561771,0
X13,2843,-1.682727653,0
X13,2850,-0.1105277,0
X13,2884,-0.723683583,0
X13,2888,0.842258395,0
X13,2893,-0.697347959,0
X13,2990,1.088951549,0
X13,2992,-0.026824392,0
X13,3017,1.105984069,0
X13,3121,-1.751935525,0
X13,3233,-1.056679296,0
X13,3252,-0.44319595,0
X13,3279,-1.47763492,0
X13,3292,0.94243317,0
X13,3340,-0.862094287,0
X13,3349,-0.389596378,0
X13,3434,-0.997071891,0
X13,3482,-0.311465535,0
X13,3539,0.654276012,0
X13,3677,-0.846128674,0
X13,3710,0.180050517,0
X13,3791,0.73059701,0
X13,3792,0.155755825,0
X13,3801,1.097746908,0
X13,3819,-0.28767964,1
X13,3824,0.14652187,0
X13,3844,-1.350638393,0
X13,3911,0.375156584,0
X13,4002,-1.103179664,0
X13,4017,0.093136353,0
X13,4053,0.619086829,0
X13,4121,1.138204373,0
X13,4156,0.498607822,1
X14,11,2.462738285,0
X14,12,-0.686081265,1
X14,36,4.897990223,0
X14,113,-1.969333915,1
X14,214,-0.516657752,1
X14,216,-1.962318144,0
X14,249,-4.347432945,0
X14,287,0.228016143,0
X14,410,0.186434205,1
X14,413,0.863971631,1
X14,414,1.530046276,0
X14,543,0.017453525,1
X14,549,2.844007567,0
X14,553,5.882236931,1
X14,613,0.941583049,0
X14,631,1.166544552,1
X14,663,-2.330470598,1
X14,669,4.115840055,1
X14,769,0.780416326,0
X14,817,-0.465526396,0
X14,836,-0.240158536,0
X14,878,2.87195929,1
X14,986,-1.375001417,1
X14,1008,0.731097571,0
X14,1061,0.826761973,0
X14,1103,0.954384123,0
X14,1106,0.44669384,1
X14,1154,0.143290579,1
X14,1157,5.441434771,0
X14,1178,-0.214255809,0
X14,1239,0.518361903,1
X14,1291,0.181531167,1
X14,1300,-1.267720371,1
X14,1374,2.525102766,0
X14,1375,-4.106150281,0
X14,1389,-0.950470812,0
X14,1447,2.577602229,1
X14,1492,2.009759165,1
X14,1512,-0.215538008,0
X14,1530,2.37787543,1
X14,1586,2.338645985,0
X14,1635,1.06699463,0
X14,1647,-0.625594567,0
X14,1690,0.259070515,1
X14,1708,-0.461515806,0
X14,1729,1.761865259,0
X14,1814,-1.375909374,0
X14,1829,-1.209915331,0
X14,1879,2.319773524,1
X14,1898,1.400213272,0
X14,1943,1.674285102,0
X14,1945,-2.655605757,0
X14,1973,2.566702926,1
X14,1991,3.071085367,0
X14,1992,-0.691319757,0
X14,2055,2.81423339,0
X14,2135,0.238005334,1
X14,2137,2.473466109,0
X14,2198,-2.408265315,1
X14,2242,2.252232838,1
X14,2287,1.608100014,0
X14,2333,1.832520792,0
X14,2402,3.501199994,0
X14,2421,-0.525555718,0
X14,2445,-1.332748857,1
X14,2534,0.349894535,1
X14,2576,-1.447265627,0
X14,2614,-1.174237795,1
X14,2638,-0.548631482,1
X14,2677,1.003152372,1
X14,2775,-1.806998419,0
X14,2832,0.993895686,1
X14,2848,1.541041409,1
X14,2888,2.359399318,1
X14,2899,3.215356797,1
X14,2966,1.998735091,1
X14,2969,-0.546635923,0
X14,2972,-0.792807276,0
X14,3220,-0.041839878,0
X14,3328,1.01582556,1
X14,3343,2.470983715,1
X14,3440,-1.777760168,0
X14,3460,-1.922833535,0
X14,3495,1.930197876,0
X14,3529,-3.434011391,0
X14,3630,-1.340189787,0
X14,3746,-0.437664171,1
X14,3801,-0.186937908,0
X14,3844,0.857651281,1
X14,3849,-1.079411237,1
X14,3867,-0.2773344,0
X14,3877,1.647040813,0
X14,3928,0.143387853,0
X14,3966,2.829120665,1
X14,3968,2.427745833,0
X14,4052,1.230067621,1
X14,4164,1.708667251,0
X14,4200,0.131450389,0
X15,360,0.064264654,0
X15,414,0.08875544,0
X15,431,0.160205398,0
X15,449,0.097707032,0
X15,473,-0.091300478,0
X15,525,-0.059875413,0
X15,543,-0.055810059,0
X15,567,-0.062761216,0
X15,575,-0.007217629,0
X15,663,-0.040013905,0
X15,690,-0.027340886,0
X15,807,-0.189970769,0
X15,879,-0.012257468,0
X15,959,-0.199717991,0
X15,978,0.240227579,0
X15,996,0.053750866,0
X15,1010,0.018843913,0
X15,1037,0.068665141,0
X15,1087,-0.021427155,0
X15,1088,0.050224833,0
X15,1089,-0.033104432,0
X15,1106,0.119032874,0
X15,1129,-0.081304126,0
X15,1138,0.096636054,0
X15,1187,-0.029977029,0
X15,1224,-0.040985104,0
X15,1291,0.006186517,0
X15,1295,-0.104757093,0
X15,1323,-0.094122304,0
X15,1419,-0.2461041,0
X15,1441,0.029732273,0
X15,1495,-0.003538818,0
X15,1581,0.02155686,0
X15,1598,-0.044541835,0
X15,1615,1.95e-05,0
X15,1635,-0.18970602,0
X15,1647,0.074652572,0
X15,1680,0.026222789,0
X15,1693,0.012499923,0
X15,1700,-0.101418,0
X15,1810,-0.076277791,0
X15,1879,0.052185642,0
X15,1881,0.005555398,0
X15,1886,0.087680084,0
X15,1973,-0.089757862,0
X15,1993,-0.053982963,0
X15,1994,0.068414933,0
X15,1999,0.158167163,0
X15,2027,0.077009543,0
X15,2028,-0.017943558,0
X15,2104,0.077235576,0
X15,2108,-0.044444134,0
X15,2116,-0.172901539,0
X15,2188,-0.05437479,0
X15,2198,0.027318406,0
X15,2286,-0.031318082,0
X15,2287,0.131541932,0
X15,2358,-0.002151563,0
X15,2368,-0.08289857,0
X15,2402,0.073981021,0
X15,2466,0.00797802,0
X15,2494,0.104335557,0
X15,2496,-0.063869609,0
X15,2534,0.059815692,0
X15,2638,0.045501266,0
X15,2679,-0.161741911,0
X15,2696,-0.038551957,0
X15,2706,0.143891885,0
X15,2771,-0.005070418,0
X15,2775,0.159219871,0
X15,2815,0.087336807,0
X15,2849,0.04562178,0
X15,2870,0.027758844,0
X15,2876,0.037462915,0
X15,2888,-0.041573425,0
X15,2899,-0.045721282,0
X15,2966,0.086593352,0
X15,2969,0.037247671,0
X15,2990,-0.00610425,0
X15,2992,0.159683454,0
X15,3069,empty,0
X15,3162,0.102987356,0
X15,3179,-0.028324663,0
X15,3202,-0.069069264,0
X15,3220,0.180499058,0
X15,3280,empty,0
X15,3340,-0.0397492,0
X15,3396,0.195174508,0
X15,3496,-0.008458853,0
X15,3511,-0.107576072,0
X15,3512,-0.061298485,0
X15,3540,-0.025250513,0
X15,3544,-0.090220145,0
X15,3551,-0.067473859,0
X15,3552,-0.029458956,0
X15,3635,-0.004624664,0
X15,3670,0.129039557,0
X15,3710,empty,0
X15,3727,-0.043025189,0
X15,3747,-0.080983933,0
X15,3824,-0.083075465,0
X15,3867,-0.027576475,0
X15,3964,-0.125538011,0
X15,4053,0.051227945,0
X15,4119,-0.112134121,0
X15,4142,0.046792902,0
X15,4148,-0.001832166,0
X15,4168,-0.03598069,0
X15,4184,0.110976409,0
X16,36,-0.376064214,0
X16,58,0.146035537,0
X16,127,0.27591386,0
X16,199,-0.007216418,0
X16,247,0.378790166,0
X16,256,-0.016839193,0
X16,274,-0.150921062,0
X16,525,-0.041632382,0
X16,530,0.347829998,0
X16,613,-0.146182107,0
X16,631,0.155600418,0
X16,634,0.201472985,0
X16,657,-0.077832327,0
X16,669,0.310393459,0
X16,687,0.163752471,0
X16,689,-0.015822357,0
X16,780,0.054682508,0
X16,782,0.171693261,0
X16,851,0.322025907,0
X16,875,0.2295573,0
X16,893,0.317118637,0
X16,897,0.456658846,0
X16,914,-0.311538261,0
X16,958,-0.101495872,0
X16,959,0.099127857,0
X16,986,-0.217009292,0
X16,996,0.043039721,0
X16,1064,-0.109733462,0
X16,1087,0.025566355,0
X16,1103,-0.035268953,0
X16,1106,-0.042243894,0
X16,1141,-0.269613435,0
X16,1157,-0.228661758,0
X16,1248,-0.141223785,0
X16,1249,0.068090343,0
X16,1278,-0.00151909,0
X16,1426,0.205985995,0
X16,1436,-0.159411071,0
X16,1441,0.036769478,0
X16,1447,0.058201215,0
X16,1552,-0.389515177,0
X16,1568,-0.12911464,0
X16,1580,0.204181672,0
X16,1690,-0.549564369,0
X16,1814,-0.040877362,0
X16,1840,0.206654576,0
X16,1866,0.073212476,0
X16,1898,-0.377697695,0
X16,1937,0.066160688,0
X16,1945,0.116583097,0
X16,1991,-0.059396697,0
X16,1994,0.146486872,0
X16,1997,-0.081925562,0
X16,2027,-0.202372359,0
X16,2028,-0.236169975,0
X16,2116,-0.058336832,0
X16,2127,0.405747371,0
X16,2305,0.137193973,0
X16,2332,-0.033917412,0
X16,2333,0.038060318,0
X16,2445,-0.335636679,0
X16,2481,0.238721919,0
X16,2551,0.040017332,0
X16,2679,0.096037105,0
X16,2763,-0.074349307,0
X16,2784,0.211257433,0
X16,2848,0.493532335,0
X16,2849,-0.224335528,0
X16,2915,0.187524282,0
X16,2939,0.348748572,0
X16,2969,-0.24373788,0
X16,3041,-0.046862666,0
X16,3088,-0.135467979,0
X16,3103,0.257323915,0
X16,3233,0.195972693,0
X16,3340,-0.308595254,0
X16,3343,-0.379199721,0
X16,3375,-0.226857557,0
X16,3396,-0.083525075,0
X16,3436,0.106973722,0
X16,3539,0.325128029,0
X16,3662,-0.008743927,0
X16,3696,-0.150877626,0
X16,3710,0.0267561,0
X16,3747,-0.015329273,0
X16,3756,-0.270787434,0
X16,3783,-0.206092282,0
X16,3867,-0.067185261,0
X16,3905,0.051513923,0
X16,3917,0.184826724,0
X16,3973,0.024660419,0
X16,4002,0.084169683,0
X16,4121,-0.064711933,0
X16,4142,-0.099438002,0
X16,4185,0.408653025,0
X17,36,0.212618244,0
X17,43,0.185156645,0
X17,58,0.014216049,0
X17,162,0.030053997,0
X17,183,0.483920856,0
X17,216,-0.321170656,0
X17,287,-0.176306516,0
X17,375,0.328155558,0
X17,389,0.050765528,0
X17,393,0.103577123,0
X17,414,0.091431548,0
X17,473,1.005093175,0
X17,536,0.223152995,0
X17,549,0.02462531,0
X17,553,0.078562655,0
X17,613,-0.762970877,0
X17,657,-0.348469967,0
X17,663,-0.020223348,0
X17,712,-0.567881639,0
X17,823,0.104800717,0
X17,865,0.227639256,0
X17,958,-0.37348829,0
X17,978,0.071731109,0
X17,1010,0.269803864,0
X17,1089,0.106203341,0
X17,1096,-0.001400341,0
X17,1100,0.166226396,0
X17,1106,0.279876062,0
X17,1108,0.669740398,0
X17,1119,0.228696221,0
X17,1178,0.243125431,0
X17,1228,-0.23096023,0
X17,1239,-0.01505218,0
X17,1249,0.547166742,0
X17,1284,-0.176647266,0
X17,1312,0.115871706,0
X17,1374,0.496672627,0
X17,1441,0.400789791,0
X17,1495,0.475800408,0
X17,1525,-0.187745905,0
X17,1530,-0.925557967,0
X17,1635,-0.07334726,0
X17,1729,0.026471976,0
X17,1746,-0.347923913,0
X17,1775,0.83872994,0
X17,1840,-0.09405647,0
X17,1868,-0.0708968,0
X17,1881,0.291615304,0
X17,1898,-0.007513144,0
X17,1943,0.431103013,0
X17,2027,-0.213490035,0
X17,2028,0.296199389,0
X17,2044,-0.360104638,0
X17,2055,0.389322122,0
X17,2104,-0.170685183,0
X17,2116,-0.1060387,0
X17,2241,0.295246132,0
X17,2245,0.216255258,0
X17,2287,-0.31754326,0
X17,2309,-0.505379551,0
X17,2358,-0.600911011,0
X17,2407,-0.233332352,0
X17,2421,-0.344603179,0
X17,2452,-0.222005548,0
X17,2483,0.159292593,0
X17,2534,0.495189247,0
X17,2536,-0.145253317,0
X17,2561,0.098820221,0
X17,2576,0.094452104,0
X17,2624,-0.063318919,0
X17,2648,0.000512952,0
X17,2693,0.622211945,0
X17,2771,0.087900639,0
X17,2816,-0.669204374,0
X17,2818,-0.090471401,0
X17,2843,0.191288454,0
X17,2870,-0.560956676,0
X17,2887,-0.406944063,0
X17,2939,-0.470362512,0
X17,2952,0.295485122,0
X17,2972,-0.07099628,0
X17,3017,0.534591025,0
X17,3250,-0.017241918,0
X17,3280,0.604056758,0
X17,3349,0.180169135,0
X17,3385,0.423981626,0
X17,3390,0.248629798,0
X17,3433,-0.09243316,0
X17,3436,-0.566813557,0
X17,3495,0.541475199,0
X17,3512,-0.060612549,0
X17,3539,0.184894311,0
X17,3546,-1.144916994,0
X17,3547,0.198488745,0
X17,3552,-0.374791714,0
X17,3572,0.16105565,0
X17,3630,0.126596806,0
X17,3638,0.59965719,0
X17,3642,0.096386881,0
X17,3819,0.792379394,0
X17,3844,0.522149268,0
X17,3881,0.284364359,0
X17,3918,0.343851347,0
X17,3966,-0.228921506,0
X17,4041,0.091806658,0
X17,4087,0.860095257,0
X17,4095,-0.290000806,0
X17,4113,0.082055364,0
X17,4142,0.394169435,0
X17,4200,-0.046650392,0
X18,73,-0.243726799,0
X18,107,0.64286453,0
X18,113,-0.500086931,0
X18,120,0.31238375,0
X18,127,0.035953769,0
X18,156,-0.133055991,0
X18,170,0.307402516,0
X18,199,-0.126134312,0
X18,214,0.63471968,0
X18,343,0.087898697,0
X18,499,-0.048334857,0
X18,525,-0.207813743,0
X18,616,0.160438134,0
X18,622,0.37147431,0
X18,631,0.071968255,0
X18,634,0.241168433,0
X18,817,0.399866077,0
X18,943,0.248362415,0
X18,954,-0.310435359,0
X18,1021,-0.21085311,0
X18,1037,0.216181575,0
X18,1094,0.257099879,0
X18,1108,-0.07302458,0
X18,1239,0.521698249,0
X18,1295,0.123643978,0
X18,1300,0.663142239,0
X18,1302,0.058872089,0
X18,1312,-0.519965118,0
X18,1389,-0.261402792,0
X18,1447,0.615424107,0
X18,1450,-0.136569968,0
X18,1524,-0.65331291,0
X18,1530,-0.339557079,0
X18,1581,-0.330705729,0
X18,1655,0.449921374,0
X18,1690,0.080004682,0
X18,1691,0.044568923,0
X18,1700,0.066188917,0
X18,1711,0.605357608,0
X18,1717,-0.036153042,0
X18,1746,0.512366317,0
X18,1812,0.073326915,0
X18,1866,-0.117574733,0
X18,1868,-0.095544482,0
X18,1879,-0.349656889,0
X18,1881,0.287615386,0
X18,1891,0.1016207,0
X18,1945,0.108109728,0
X18,1991,0.075688256,0
X18,1992,0.497199995,0
X18,1999,-0.14135765,0
X18,2104,0.141484998,0
X18,2221,-0.149129831,0
X18,2242,0.300893728,0
X18,2309,0.24210903,0
X18,2333,-0.786103232,0
X18,2358,0.146979854,0
X18,2407,0.330145666,0
X18,2430,0.274266901,0
X18,2494,0.302927857,0
X18,2499,-0.256360563,0
X18,2551,0.377616383,0
X18,2576,-0.405986737,0
X18,2673,-0.590065942,0
X18,2763,0.064361403,0
X18,2815,-0.532026802,0
X18,2832,0.062264961,0
X18,2843,-0.157394976,0
X18,2849,-0.352353825,0
X18,2850,0.080257136,0
X18,2876,0.143815714,0
X18,2899,0.140586602,0
X18,2966,-0.174853529,0
X18,2968,0.124714795,0
X18,2972,0.004742411,0
X18,2990,0.352635012,0
X18,3190,0.395872405,0
X18,3220,-0.586082192,0
X18,3233,-0.523409585,0
X18,3375,-0.313597396,0
X18,3390,0.152323113,0
X18,3433,-0.036497426,0
X18,3434,-0.378586269,0
X18,3436,0.386587064,0
X18,3495,0.390745463,0
X18,3496,-0.366269675,0
X18,3511,0.351820377,0
X18,3546,0.074290465,0
X18,3571,-0.212606488,0
X18,3635,-0.107272435,0
X18,3670,0.100606805,0
X18,3691,-0.075500582,0
X18,3705,-0.658630913,0
X18,3819,-0.010870695,0
X18,3895,0.041966621,0
X18,3940,0.325940626,0
X18,3973,0.491347729,0
X18,4004,-0.416714974,0
X18,4005,0.177915018,0
X18,4021,-0.622461677,0
X18,4041,0.09676911,0
X18,4095,0.696217644,0
X18,4200,-0.221761276,0
X18,4201,0.148488732,0
X19,11,-1.49214812,0
X19,43,1.986005668,1
X19,73,4.028771537,1
X19,113,-0.228532307,0
X19,127,-0.228086815,0
X19,162,1.073696258,0
X19,191,-0.322234662,0
X19,199,-1.514491551,0
X19,229,-1.38411534,0
X19,283,2.57914905,0
X19,294,-0.917245614,0
X19,360,0.417037482,0
X19,393,0.147687588,0
X19,401,-0.792259368,0
X19,410,1.406044323,0
X19,413,0.26950986,0
X19,431,0.945686731,1
X19,530,1.780071247,0
X19,560,-0.276298301,0
X19,573,0.148331596,0
X19,622,-0.621446639,0
X19,758,1.749979538,0
X19,817,0.821658369,0
X19,836,5.367178086,1
X19,877,1.283810514,1
X19,879,0.839501427,0
X19,897,-0.142232581,0
X19,943,1.350355953,0
X19,959,2.557341173,1
X19,996,1.183121921,0
X19,1061,-1.436696179,0
X19,1087,-0.713343815,0
X19,1096,-1.587567441,0
X19,1129,-0.415511753,0
X19,1138,0.442316348,0
X19,1157,3.209723356,1
X19,1228,1.599922804,0
X19,1249,-1.273233114,0
X19,1375,-0.894037819,0
X19,1400,0.829787036,0
X19,1467,0.044052433,0
X19,1472,-0.859594541,0
X19,1512,-0.985643394,0
X19,1517,-1.269002682,0
X19,1530,1.682260138,0
X19,1711,1.08497648,0
X19,1844,0.068254849,0
X19,1866,-0.762003078,0
X19,1868,-0.800213744,0
X19,1879,-0.593840963,0
X19,1937,-0.634906974,0
X19,1992,-0.559570887,0
X19,2008,0.378701148,0
X19,2055,-0.321714578,0
X19,2104,-1.071813675,0
X19,2333,1.154611097,1
X19,2434,-1.542092961,0
X19,2481,1.994825683,0
X19,2496,-0.87982888,0
X19,2561,-2.279974586,0
X19,2614,-0.120054149,0
X19,2771,-0.453094675,0
X19,2784,0.717057033,0
X19,2815,-0.059919057,0
X19,2843,1.226783908,0
X19,2899,1.03531216,0
X19,2915,-0.11497961,0
X19,2972,2.825230916,0
X19,2992,2.66523185,0
X19,3041,-0.490218309,0
X19,3064,0.161105308,0
X19,3190,0.393459438,0
X19,3340,0.781043162,0
X19,3547,-0.327112286,0
X19,3552,1.009931889,0
X19,3571,0.222815368,0
X19,3572,-0.146144137,0
X19,3631,0.583581286,0
X19,3727,-0.246921969,1
X19,3780,empty,0
X19,3791,0.379759635,0
X19,3819,1.513296169,0
X19,3844,-2.048644432,0
X19,3940,0.393815893,0
X19,3964,-2.008479506,0
X19,3966,2.45183604,0
X19,4005,0.086143458,0
X19,4041,1.458263806,0
X19,4052,-0.195961745,0
X19,4053,-0.746338704,0
X20,11,0.119084721,0
X20,36,0.15156733,0
X20,58,2.620841505,0
X20,113,1.299012774,0
X20,170,-2.016286013,0
X20,199,-1.042752995,0
X20,211,0.521362452,0
X20,222,-2.280459972,0
X20,284,1.574630667,0
X20,360,-0.248687548,0
X20,389,-1.385298405,0
X20,413,0.005942631,0
X20,503,-0.786680581,0
X20,543,2.074306159,0
X20,560,0.028197073,0
X20,561,0.505702805,0
X20,613,-1.333399957,0
X20,631,1.294096856,0
X20,687,0.382656202,0
X20,780,0.685466066,0
X20,807,1.998146269,0
X20,959,-0.749906619,0
X20,1061,-3.088294303,0
X20,1087,-0.254100013,1
X20,1094,2.098166995,0
X20,1103,2.751701795,0
X20,1138,-1.082292475,0
X20,1151,0.177567323,0
X20,1157,1.020924582,0
X20,1224,1.687352592,1
X20,1228,-0.739899339,0
X20,1239,0.579481648,0
X20,1268,-1.719942822,0
X20,1359,0.987302372,0
X20,1472,0.809113367,0
X20,1530,2.937586196,0
X20,1581,-0.467278888,0
X20,1598,0.198959249,0
X20,1671,-1.770779852,0
X20,1717,-0.561544362,0
X20,1746,1.693244729,1
X20,1810,-1.160230646,0
X20,1891,-1.898962611,0
X20,1938,1.440238832,1
X20,1943,-3.608127421,0
X20,1952,-2.392468723,0
X20,2008,0.709352778,1
X20,2104,0.699588438,0
X20,2135,-0.375379493,0
X20,2198,0.949752295,0
X20,2277,2.034740719,0
X20,2287,-0.42298152,0
X20,2452,-0.351287241,0
X20,2481,-1.83947469,0
X20,2534,-0.199355688,0
X20,2536,-0.50038142,0
X20,2677,-1.351460876,0
X20,2679,-1.555041914,0
X20,2691,2.475334642,1
X20,2783,-0.350393675,0
X20,2784,-1.021910221,0
X20,2816,0.853857521,0
X20,2843,0.86494514,0
X20,2915,2.405841325,0
X20,2966,0.980939896,0
X20,2990,-0.425338825,0
X20,3190,-0.603692081,0
X20,3220,-1.420672783,0
X20,3249,0.608116678,0
X20,3345,-0.890838598,1
X20,3385,1.702629656,1
X20,3434,2.802061073,1
X20,3465,1.860824599,0
X20,3476,-1.639713005,0
X20,3482,-0.234806505,1
X20,3512,-0.753079546,0
X20,3546,1.269279665,0
X20,3557,-0.226057334,0
X20,3612,-1.901354344,0
X20,3635,0.921959952,0
X20,3746,1.344925448,0
X20,3756,-0.425945272,0
X20,3877,-0.530330558,0
X20,3917,2.439478314,0
X20,4004,0.928982779,1
X20,4087,-1.797809457,0
X20,4119,-1.031951445,0
X20,4127,1.957472595,1
X20,4197,0.448803702,0
X21,43,0.080956993,0
X21,120,-0.114947462,0
X21,156,0.220370263,0
X21,162,0.251073652,0
X21,199,-0.178818264,0
X21,207,0.106556545,0
X21,214,-0.146075718,0
X21,247,-0.039427709,0
X21,256,-0.103705055,0
X21,294,empty,0
X21,386,-0.291922335,0
X21,389,0.263910347,0
X21,410,-0.058419972,0
X21,473,0.264613866,0
X21,525,0.083227821,0
X21,536,0.348888491,0
X21,617,0.030128636,0
X21,634,-0.149642964,0
X21,675,0.017146349,0
X21,690,-0.063199329,0
X21,782,0.119471344,0
X21,807,-0.127863555,0
X21,823,-0.123666761,0
X21,837,0.275367068,0
X21,888,0.129335632,0
X21,912,-0.400462098,0
X21,949,0.231295583,0
X21,978,0.103421728,0
X21,986,-0.063257523,0
X21,989,-0.097136439,0
X21,1021,0.043581253,0
X21,1087,-0.06741544,0
X21,1088,-0.221132178,0
X21,1094,-0.174172376,0
X21,1096,0.122490841,0
X21,1151,-0.024372809,0
X21,1154,0.077771748,0
X21,1285,0.084552989,0
X21,1302,0.022349045,0
X21,1323,0.761279087,1
X21,1329,-0.26709113,0
X21,1485,0.118050666,0
X21,1525,-0.013114823,0
X21,1612,0.420463369,0
X21,1635,-0.520751901,0
X21,1654,0.092206672,0
X21,1680,0.260711323,0
X21,1708,-0.210942451,0
X21,1711,-0.074975271,0
X21,1733,0.205753872,0
X21,1775,0.064158531,0
X21,1824,-0.157840479,0
X21,1844,0.027718634,0
X21,1891,0.161963342,0
X21,1943,0.068308141,0
X21,1973,-0.040851463,0
X21,2076,-0.245104979,0
X21,2108,-0.021813181,0
X21,2137,-0.202717874,0
X21,2234,0.205049047,0
X21,2245,0.03011363,0
X21,2332,-0.174780785,0
X21,2402,-0.014234168,0
X21,2445,-0.111821306,0
X21,2561,0.282771287,0
X21,2601,-0.371995804,0
X21,2691,-0.030163606,0
X21,2763,0.278573244,0
X21,2848,0.359625087,0
X21,2870,-0.115444557,0
X21,2876,-0.037807828,0
X21,2888,0.152559396,0
X21,2972,-0.270044165,0
X21,3041,-0.039449857,0
X21,3073,0.173561407,0
X21,3220,0.08213356,0
X21,3340,-0.265434168,0
X21,3343,0.205296255,0
X21,3345,-0.262929244,0
X21,3375,-0.229632956,0
X21,3385,-0.220887174,0
X21,3460,-0.263720873,0
X21,3495,0.081283849,0
X21,3529,empty,0
X21,3540,-0.358661395,0
X21,3546,-0.043766813,0
X21,3572,-0.23668209,0
X21,3630,-0.199970657,0
X21,3631,0.244843882,0
X21,3691,-0.166019374,0
X21,3710,0.189003972,0
X21,3747,-0.028101279,0
X21,3781,0.043849624,0
X21,3895,-0.121109976,0
X21,3911,0.142437744,0
X21,3940,-0.360864805,0
X21,4027,0.164442319,0
X21,4052,-0.128103245,0
X21,4142,0.282515043,0
X21,4148,-0.014793884,0
X21,4159,0.041401935,0
X21,4164,-0.416344614,0
X22,11,0.795886222,0
X22,120,0.415600813,0
X22,214,-0.317572882,0
X22,216,-2.031455078,0
X22,222,1.406390106,0
X22,256,-2.245165304,0
X22,268,-1.113732112,0
X22,274,0.430320186,0
X22,287,0.747491983,0
X22,294,2.74758443,1
X22,410,-0.277682689,0
X22,414,-1.229272513,1
X22,473,1.906271008,1
X22,499,1.185093116,0
X22,503,1.266227755,0
X22,530,1.562896615,0
X22,536,-0.650751821,0
X22,549,1.923511725,0
X22,567,-1.504180161,0
X22,617,2.905489461,1
X22,624,3.137222268,1
X22,630,0.979233282,0
X22,663,-1.714067955,0
X22,758,2.312938576,0
X22,769,0.472336806,0
X22,817,-0.158212018,1
X22,888,-1.606781103,0
X22,943,-1.159525976,0
X22,954,-0.596718062,0
X22,996,2.483262057,1
X22,1046,-1.538057951,0
X22,1061,0.25257046,0
X22,1141,-0.312112887,0
X22,1151,1.278200531,0
X22,1154,0.285649569,0
X22,1248,-1.894249605,0
X22,1268,-0.880409966,0
X22,1284,-1.21085125,0
X22,1323,0.323950974,0
X22,1332,-2.538241008,0
X22,1400,0.694618378,0
X22,1426,0.720932776,0
X22,1512,0.451439883,0
X22,1530,0.397694924,0
X22,1581,-0.945597776,0
X22,1598,2.38821831,1
X22,1612,1.178173528,0
X22,1671,0.327337567,1
X22,1680,-0.145591646,0
X22,1709,-0.980608602,0
X22,1729,0.636040536,0
X22,1812,-0.14751588,0
X22,1834,0.204480389,0
X22,1840,-0.121135429,0
X22,1868,3.131650502,0
X22,1900,-0.621912672,0
X22,1938,0.128464571,0
X22,1991,-0.941647016,0
X22,1997,-0.235421554,0
X22,2008,0.84112383,0
X22,2028,-0.931823641,0
X22,2044,-0.688795588,0
X22,2076,-2.526563511,0
X22,2108,1.583435708,1
X22,2110,0.187974607,0
X22,2116,1.336630683,0
X22,2198,-0.39659655,0
X22,2277,0.902590943,0
X22,2290,-0.521215192,0
X22,2332,0.748931689,0
X22,2407,-0.034637792,0
X22,2481,0.180584835,0
X22,2536,1.904795526,1
X22,2561,-2.016527702,0
X22,2666,0.972218498,1
X22,2696,-0.497660936,0
X22,2816,-2.009705159,0
X22,2888,1.539185364,0
X22,2893,-2.052067934,0
X22,2962,1.050739913,0
X22,2966,0.084336155,0
X22,2968,-1.266977609,0
X22,2969,-0.431876713,0
X22,3064,1.013625274,0
X22,3073,-1.718348875,0
X22,3231,-0.224805168,0
X22,3241,0.765420627,0
X22,3249,1.476271877,0
X22,3250,1.081102365,0
X22,3340,1.718189791,0
X22,3434,-1.689584148,0
X22,3476,-1.000282761,0
X22,3511,-1.233196798,0
X22,3544,-0.804485215,0
X22,3552,1.011248995,0
X22,3571,1.273937099,0
X22,3691,2.586827027,0
X22,3696,0.879448207,0
X22,3727,-2.477974338,0
X22,3756,-0.1965202,0
X22,3780,-0.419240728,0
X22,3781,-0.184780248,1
X22,3791,1.725079209,0
X22,3795,0.083397639,0
X22,3867,-2.077195427,0
X22,3895,0.835491904,0
X22,3911,2.205961742,0
X22,3917,-0.146769891,0
X22,4053,1.565509606,1
X22,4110,0.868989107,0
X22,4121,-0.880439483,0
X22,4127,0.209588851,0
X22,4200,0.0775425,0
X23,107,-1.054437467,0
X23,156,-0.604278663,0
X23,284,0.983632014,0
X23,343,-0.438940851,0
X23,360,0.162304003,0
X23,389,-0.533432362,0
X23,449,-0.394190377,0
X23,486,-0.449538991,0
X23,499,0.670722416,0
X23,525,0.139071563,0
X23,530,0.68072903,0
X23,560,0.581294012,0
X23,573,-0.731380052,0
X23,689,-0.253644695,0
X23,690,1.058734547,0
X23,769,-0.122518811,0
X23,855,-0.158514126,0
X23,865,1.178347407,0
X23,1037,0.560755957,0
X23,1061,-0.190945942,0
X23,1103,-0.892582785,0
X23,1157,0.659825141,0
X23,1224,0.382205368,0
X23,1228,-0.439500382,0
X23,1278,0.632992263,1
X23,1450,-0.033146215,0
X23,1467,-0.866762356,0
X23,1472,0.642823966,0
X23,1485,0.612842559,0
X23,1592,0.019410147,0
X23,1598,0.515692031,0
X23,1612,-0.156801457,0
X23,1635,0.428106338,0
X23,1647,0.328855638,0
X23,1725,-0.310349682,0
X23,1729,-0.828289825,0
X23,1746,-0.041518389,0
X23,1775,0.899626435,0
X23,1844,1.113417993,1
X23,1852,-1.035634651,0
X23,1866,0.387716017,0
X23,1886,-0.321908779,0
X23,1973,0.259319909,0
X23,1990,-0.775031783,0
X23,1991,-0.175874818,0
X23,2027,0.153878531,0
X23,2104,-0.015360071,0
X23,2110,-0.013819547,0
X23,2116,-0.280352568,0
X23,2135,-0.729206632,0
X23,2198,0.629376174,0
X23,2241,-0.023122101,0
X23,2242,0.114645791,0
X23,2276,0.300099434,0
X23,2290,0.061715867,0
X23,2309,-0.137916663,0
X23,2375,-0.582541893,0
X23,2430,-0.748992035,0
X23,2434,0.039827483,0
X23,2445,-0.550863,0
X23,2466,0.58306479,0
X23,2467,0.450984255,0
X23,2496,0.595797513,0
X23,2499,0.201991539,0
X23,2624,-0.474708593,0
X23,2696,-0.548050678,0
X23,2706,0.783556609,0
X23,2817,0.811268742,0
X23,2818,0.19235892,0
X23,2832,-0.08209584,0
X23,2966,-0.702044594,0
X23,3073,0.119324187,0
X23,3226,-0.105813108,0
X23,3233,0.233775841,0
X23,3235,0.562956567,0
X23,3249,0.849149318,0
X23,3292,0.342600969,0
X23,3396,0.637480442,0
X23,3434,0.008023205,0
X23,3436,-0.45375121,0
X23,3495,0.498901504,0
X23,3612,0.144252313,0
X23,3632,1.01895896,0
X23,3635,-0.184084281,0
X23,3642,-0.304416259,0
X23,3747,0.302620729,0
X23,3781,0.683679086,0
X23,3792,-0.730818327,0
X23,3801,0.074260344,0
X23,3824,-0.636735713,0
X23,3849,-0.625832364,0
X23,3905,-0.336653942,0
X23,3911,0.430785704,0
X23,4052,-0.047937216,0
X23,4053,-1.144301543,0
X23,4126,-0.135556264,0
X23,4127,-1.00833577,0
X23,4197,-0.754816514,0
X23,4200,0.382208965,0
X24,11,0.067159176,0
X24,36,-0.148819656,0
X24,107,0.037255941,0
X24,156,-0.274411033,0
X24,191,0.205498684,0
X24,287,-0.047030406,0
X24,294,-0.307072678,0
X24,343,0.490577533,0
X24,360,0.047900181,0
X24,401,-0.120578505,0
X24,410,-0.02409169,0
X24,485,0.277603602,0
X24,543,-0.18242944,0
X24,549,0.216272195,0
X24,560,0.182695646,0
X24,561,-0.109813007,0
X24,613,-0.066678927,0
X24,622,0.141284111,0
X24,631,-0.051999446,0
X24,634,-0.427312855,0
X24,657,-0.14882337,0
X24,687,-0.427486961,0
X24,865,-0.10301232,0
X24,876,0.268837072,0
X24,877,0.22566668,0
X24,879,-0.235066876,0
X24,888,0.295832822,0
X24,958,-0.276502366,0
X24,986,-0.089437124,0
X24,992,0.198542051,0
X24,996,0.0029549,0
X24,1008,0.444275371,0
X24,1061,-0.177073501,0
X24,1089,0.229122125,0
X24,1100,0.216963058,0
X24,1103,0.010410832,0
X24,1141,-0.306895691,0
X24,1157,0.006682381,0
X24,1228,0.04540529,0
X24,1278,-0.389234807,0
X24,1323,0.056270942,0
X24,1389,-0.435135135,0
X24,1392,0.101114574,0
X24,1400,-0.06740387,0
X24,1426,0.178036332,0
X24,1436,0.097026663,0
X24,1441,0.162866348,0
X24,1450,-0.218289952,0
X24,1495,0.000636983,0
X24,1592,0.028084543,0
X24,1612,0.164102368,0
X24,1615,0.087193135,0
X24,1647,-0.182618281,0
X24,1691,0.054888909,0
X24,1708,-0.366294176,0
X24,1775,-0.39874243,0
X24,1824,0.088068547,0
X24,1826,0.141277578,0
X24,1829,0.0027848,0
X24,1844,-0.186842811,0
X24,1852,-0.44735175,0
X24,1943,0.070053276,0
X24,1945,0.050445578,0
X24,1973,0.275000726,0
X24,1999,0.098095225,0
X24,2036,0.075656804,0
X24,2055,-0.194793317,0
X24,2160,-0.071510037,0
X24,2286,-0.027254773,0
X24,2368,0.020649805,0
X24,2434,0.199084772,0
X24,2452,-0.060677232,0
X24,2499,0.238807124,0
X24,2534,0.264904488,0
X24,2536,0.178911369,0
X24,2551,0.091553932,0
X24,2624,-0.112217761,0
X24,2648,-0.186203822,0
X24,2673,0.266874883,0
X24,2708,-0.104937255,0
X24,2771,0.079666586,0
X24,2816,-0.012629497,0
X24,2870,0.097426507,0
X24,2879,-0.116209044,0
X24,2915,0.156252587,0
X24,2962,0.03076819,0
X24,2968,-0.102817834,0
X24,2969,0.177707298,0
X24,2972,0.129234812,0
X24,2990,-0.135225619,0
X24,3017,0.035904607,0
X24,3073,-0.085645491,0
X24,3121,0.284348425,0
X24,3147,-0.16056855,0
X24,3201,-0.16185012,0
X24,3233,0.287928695,0
X24,3250,-0.067333871,0
X24,3292,-0.380645173,0
X24,3343,-0.01466292,0
X24,3371,-0.024606025,0
X24,3375,0.009562436,0
X24,3390,0.05623766,0
X24,3434,0.066796177,0
X24,3460,-0.514598762,0
X24,3465,-0.056391888,0
X24,3546,-0.149513597,0
X24,3552,-0.249226654,0
X24,3612,-0.286631552,0
X24,3630,0.108552485,0
X24,3631,0.436832801,0
X24,3819,0.097107326,0
X24,3824,-0.015291784,0
X24,3844,-0.021277307,0
X24,3966,0.076933451,0
X24,3968,-0.247868023,0
X24,4002,-0.003909273,0
X24,4041,-0.280635507,0
X24,4052,-0.094974863,0
X24,4119,0.039052868,0
X24,4127,0.05223764,0
X24,4200,0.172532995,0
X26,36,-0.767146597,0
X26,162,-0.299252169,0
X26,183,-0.15530794,0
X26,214,0.242543282,0
X26,249,0.07042872,0
X26,256,0.179867846,0
X26,360,-0.131142285,0
X26,375,-0.06290414,0
X26,389,-0.510077492,0
X26,483,0.260015175,0
X26,536,-0.28697293,0
X26,543,-0.021173128,0
X26,560,-0.182116228,0
X26,561,0.155948203,0
X26,675,0.03271256,0
X26,687,-0.350561429,0
X26,689,0.194007615,0
X26,690,0.215777406,0
X26,758,-0.199983884,0
X26,769,-0.445603372,0
X26,876,0.285128947,0
X26,878,-0.18028312,0
X26,897,0.088561018,0
X26,943,0.29991392,0
X26,953,0.011105769,0
X26,958,-0.020781703,0
X26,992,-0.120147148,0
X26,1046,-0.373029245,0
X26,1096,-0.053473726,0
X26,1129,0.116781327,0
X26,1151,0.06288272,0
X26,1178,-0.299021394,0
X26,1183,0.141922954,0
X26,1187,-0.142721606,0
X26,1228,-0.264547548,0
X26,1278,0.046048323,0
X26,1284,-0.105598114,0
X26,1419,0.153458104,0
X26,1524,-0.263092172,0
X26,1530,-0.04583251,0
X26,1565,-0.052487277,0
X26,1568,0.180456325,0
X26,1654,0.058282336,0
X26,1655,-0.098457203,0
X26,1671,0.08114472,0
X26,1700,0.13562332,0
X26,1733,-0.018989867,0
X26,1775,-0.062149155,0
X26,1829,0.205785366,0
X26,1834,0.019306376,0
X26,1840,-0.130368522,0
X26,1886,-0.060066803,0
X26,1898,-0.471017384,0
X26,1938,0.353123499,0
X26,1945,-0.127197608,0
X26,1994,-0.50690896,0
X26,2110,-0.236644346,0
X26,2160,0.307399829,0
X26,2198,-0.235019977,0
X26,2276,-0.205866334,0
X26,2332,-0.600377718,0
X26,2402,-0.012787071,0
X26,2445,-0.291460537,0
X26,2466,-0.422078734,0
X26,2494,-0.14633204,0
X26,2496,-0.049029631,0
X26,2536,-0.06932927,0
X26,2614,0.508062082,0
X26,2666,-0.565152558,0
X26,2679,-0.063400437,0
X26,2706,-0.283921999,0
X26,2784,-0.394364458,0
X26,2848,-0.068989337,0
X26,2849,-0.092309678,0
X26,2884,0.178353723,0
X26,2915,-0.391887414,0
X26,2952,0.099068931,0
X26,2968,-0.153213116,0
X26,2982,-0.091074666,0
X26,2990,0.438876866,0
X26,3017,0.027681454,0
X26,3027,0.037585421,0
X26,3162,-0.016879235,0
X26,3179,0.002113427,0
X26,3226,-0.009445355,0
X26,3233,0.127378978,0
X26,3235,-0.292171094,0
X26,3280,-0.082375278,0
X26,3465,0.14113261,0
X26,3476,-0.003671188,0
X26,3546,0.215126486,0
X26,3552,0.004818765,0
X26,3572,-0.343669113,0
X26,3631,0.21441826,0
X26,3632,0.322393772,0
X26,3662,-0.356305547,0
X26,3727,0.305941043,0
X26,3772,0.245789121,0
X26,3783,-0.035407891,0
X26,3791,-0.555485244,0
X26,3805,0.177731288,0
X26,3867,0.079268771,0
X26,3918,-0.207387121,0
X26,4002,-0.360170963,0
X26,4004,0.070122848,0
X26,4017,0.058828994,0
X26,4029,0.298609148,0
X26,4041,0.463125683,0
X26,4053,0.284195995,0
X26,4113,0.231935638,0
X26,4156,0.018075279,0
X26,4159,-0.022850943,0
X26,4164,0.085897839,0
X27,12,-0.279571534,0
X27,107,4.206126205,1
X27,170,-0.539132579,0
X27,414,0.006024945,1
X27,449,-0.590198039,0
X27,525,1.235922044,0
X27,536,-0.490164825,0
X27,616,1.740989963,1
X27,622,-2.459395205,1
X27,687,-1.84386065,1
X27,782,-0.825683482,1
X27,855,2.58048418,1
X27,875,-0.437817088,0
X27,879,2.054468652,1
X27,893,0.443306097,0
X27,897,1.258365434,0
X27,914,4.202583254,0
X27,949,0.723781769,1
X27,959,1.729915909,1
X27,1008,2.486813974,1
X27,1064,1.245429502,1
X27,1088,4.282916885,1
X27,1089,-0.438871695,1
X27,1151,-1.049659529,1
X27,1178,1.547152203,1
X27,1302,-2.11132605,1
X27,1389,-3.22770254,0
X27,1392,1.694903175,0
X27,1421,-1.358716812,1
X27,1426,0.319648176,1
X27,1472,1.672392349,1
X27,1524,-2.048650051,1
X27,1580,1.127393488,1
X27,1581,empty,1
X27,1600,-2.545266246,1
X27,1647,0.408473971,1
X27,1654,1.209541744,1
X27,1680,-0.019903168,1
X27,1746,-0.104675926,0
X27,1810,0.00231938,1
X27,1812,0.61176534,1
X27,1834,1.255234595,1
X27,1840,1.138515171,0
X27,1852,1.502058424,0
X27,1881,-0.777115768,1
X27,1886,1.041890087,1
X27,1900,2.157678444,1
X27,1973,3.240101982,1
X27,2027,2.501919744,1
X27,2055,1.462004785,1
X27,2076,1.415211692,1
X27,2110,1.747272616,1
X27,2116,3.149260559,0
X27,2241,1.637358766,0
X27,2245,3.149366331,1
X27,2430,2.071354896,1
X27,2536,3.420173515,1
X27,2576,-1.608242132,0
X27,2624,-2.304839062,1
X27,2719,-1.87805892,0
X27,2783,-1.343109894,1
X27,2848,-0.463661611,1
X27,2876,3.955381072,1
X27,2884,3.247765789,1
X27,2969,1.334607835,1
X27,2982,2.475423191,1
X27,3041,0.217931385,0
X27,3241,-2.208434091,1
X27,3279,0.217590927,1
X27,3340,-0.747101258,1
X27,3385,0.376230607,0
X27,3436,1.327009987,1
X27,3465,4.100940585,0
X27,3496,-0.126495022,1
X27,3512,0.859110441,1
X27,3540,-2.71774254,0
X27,3557,-0.789162525,1
X27,3632,0.53262074,1
X27,3638,0.506244229,1
X27,3696,0.509748288,1
X27,3781,1.905526057,1
X27,3792,2.364561541,0
X27,3824,-1.367044722,0
X27,3849,-2.89985506,0
X27,3867,1.599851137,0
X27,3877,0.988751856,0
X27,3881,1.997822142,0
X27,3895,2.752841844,1
X27,3973,0.17848882,1
X27,4029,3.606222,1
X27,4039,-0.820671944,1
X27,4053,2.343489707,1
X27,4087,-1.118359306,0
X27,4148,0.974068637,1
X27,4156,3.309603831,1
X28,3,1.514275059,1
X28,12,-0.163615612,0
X28,191,0.134136587,0
X28,207,-1.437284448,0
X28,222,-0.03254425,0
X28,256,0.803810091,0
X28,393,-0.882721204,0
X28,413,-0.014471232,0
X28,486,0.154089424,0
X28,536,-0.361233302,0
X28,561,1.579771881,1
X28,573,-0.766718404,0
X28,624,-1.307316683,0
X28,657,-0.17995,0
X28,690,1.040508613,1
X28,782,0.702990733,0
X28,851,-0.004404108,1
X28,855,-0.834892475,0
X28,888,-0.056404284,0
X28,907,-0.022043708,0
X28,914,1.01164988,0
X28,958,-0.744627825,0
X28,959,-0.057871798,0
X28,978,0.119407956,0
X28,1061,0.325913072,0
X28,1064,0.830575843,0
X28,1094,1.973677027,0
X28,1103,0.175884279,0
X28,1129,-0.086219756,0
X28,1278,-0.429872599,0
X28,1389,-0.689005001,0
X28,1400,-0.783676128,0
X28,1421,-0.44255918,0
X28,1450,1.439359722,0
X28,1492,0.514038252,0
X28,1495,-0.656543562,0
X28,1691,0.491170675,0
X28,1693,0.598424888,0
X28,1700,-0.492873885,0
X28,1708,0.169719224,0
X28,1711,0.534581016,0
X28,1775,0.237432365,0
X28,1814,-1.047996662,0
X28,1834,-0.311211031,0
X28,1866,-0.514464782,0
X28,1881,1.822611642,0
X28,1999,-0.465940271,0
X28,2076,0.253292393,0
X28,2082,1.186341092,0
X28,2276,-0.226868812,0
X28,2277,-1.842290602,0
X28,2402,0.833048625,0
X28,2430,-0.007919724,0
X28,2434,-0.585048868,0
X28,2452,0.423697931,0
X28,2466,-0.841051679,0
X28,2481,0.564251767,0
X28,2494,-1.158382164,0
X28,2536,-0.225314897,0
X28,2613,-0.103578957,0
X28,2614,1.075716752,0
X28,2622,-0.441158658,0
X28,2666,-0.504166861,0
X28,2696,1.298577056,0
X28,2817,-0.828968891,0
X28,2818,0.88467914,0
X28,2843,1.008392515,0
X28,2966,0.501715496,0
X28,2982,1.253675549,0
X28,3017,-0.338685254,0
X28,3027,-0.034537027,0
X28,3041,-0.20194867,0
X28,3147,-0.479078012,0
X28,3226,0.225354211,0
X28,3328,-0.96786686,0
X28,3371,-0.964111802,0
X28,3460,-0.33284211,1
X28,3544,-0.203310637,0
X28,3547,0.67866426,0
X28,3571,-0.451247399,0
X28,3635,-0.124042056,0
X28,3662,0.245462328,0
X28,3696,-0.571904147,0
X28,3705,-0.713360641,0
X28,3710,0.287487464,0
X28,3727,0.23494654,0
X28,3746,-1.066511718,0
X28,3772,-0.133391804,0
X28,3783,-0.043376766,0
X28,3791,-0.11051897,0
X28,3801,-1.09934464,0
X28,3954,-1.018467097,0
X28,3964,0.032985023,0
X28,4004,1.040898865,0
X28,4029,-0.716003119,0
X28,4041,0.504324325,0
X28,4126,1.157988736,0
X28,4142,0.293992019,0
X28,4148,-1.151472342,0
X28,4197,-0.333853542,0
X29,58,-1.409285571,0
X29,107,0.43347829,0
X29,120,0.738784352,0
X29,211,0.383332948,0
X29,247,-1.914407528,0
X29,256,1.614932561,0
X29,268,-0.234431659,0
X29,283,0.462828499,0
X29,393,-0.102438744,0
X29,483,1.242048653,0
X29,503,2.412705601,0
X29,511,1.464686929,0
X29,543,1.109897877,0
X29,561,0.326066801,0
X29,624,0.911923112,0
X29,631,0.40854264,0
X29,663,-0.33844579,0
X29,675,1.610379696,0
X29,758,-0.08689447,0
X29,807,1.326979749,1
X29,817,0.025300602,0
X29,823,0.68924688,0
X29,836,-0.783479858,0
X29,855,-0.451682803,0
X29,893,empty,0
X29,958,0.108537654,0
X29,978,-0.98136463,0
X29,992,-0.493467683,0
X29,996,1.478919555,0
X29,1037,1.235433256,0
X29,1061,-0.353721488,0
X29,1064,0.461991257,0
X29,1088,-0.882674033,0
X29,1094,-0.034784598,0
X29,1138,-0.608200293,0
X29,1154,-0.522993504,0
X29,1228,1.738538968,0
X29,1249,-0.042116751,0
X29,1278,0.238609254,0
X29,1284,-0.804713186,0
X29,1295,-0.623459937,0
X29,1323,-0.461177953,0
X29,1332,0.993052803,0
X29,1421,0.589905983,0
X29,1436,0.0386984,0
X29,1467,0.800863612,1
X29,1512,-1.152903248,0
X29,1517,-0.515196106,0
X29,1524,-0.526272524,0
X29,1568,0.171397201,0
X29,1581,-0.360502455,0
X29,1592,-1.271610894,0
X29,1615,-0.820099942,0
X29,1647,-0.101918949,0
X29,1693,0.275985115,0
X29,1700,0.827562756,0
X29,1708,-1.705902153,0
X29,1725,-0.472720565,0
X29,1775,0.029202939,0
X29,1824,1.139517683,0
X29,1898,1.07091471,0
X29,1993,0.97815398,0
X29,1994,0.316236827,0
X29,2044,1.154528809,0
X29,2108,0.899360871,0
X29,2137,0.783119157,1
X29,2241,0.290475385,0
X29,2242,-0.943985796,0
X29,2277,0.062839598,0
X29,2305,1.406659123,0
X29,2333,0.282642436,0
X29,2368,1.74874082,0
X29,2402,0.438337388,0
X29,2481,0.453092443,0
X29,2499,1.688832638,0
X29,2636,-0.603196694,0
X29,2679,0.518308173,0
X29,2708,0.257166556,0
X29,2719,0.478091869,0
X29,2771,-1.090566005,0
X29,2832,0.168910586,0
X29,2888,1.295339507,0
X29,2899,0.438595789,0
X29,2952,1.417824097,1
X29,2953,-1.021734929,0
X29,2966,1.120221676,1
X29,3027,0.732202666,0
X29,3069,1.640821274,1
X29,3088,-1.266320952,0
X29,3094,0.102768465,0
X29,3099,-0.513023549,0
X29,3179,-0.4857568,0
X29,3343,0.930788419,0
X29,3360,-0.171617628,0
X29,3476,-0.358062675,0
X29,3496,-1.051375459,0
X29,3547,0.391105518,0
X29,3552,-0.099320849,0
X29,3630,0.138389743,0
X29,3631,0.583256889,0
X29,3638,0.097036711,0
X29,3642,1.005478136,0
X29,3670,0.501308799,0
X29,3710,0.440918037,0
X29,3746,-1.217230982,0
X29,3772,-1.288753258,0
X29,3791,-0.043395581,0
X29,3792,-0.314557716,0
X29,3867,-0.096297123,0
X29,4004,1.02634405,0
X29,4021,-0.097738859,0
X29,4029,-0.653647682,0
X29,4041,-0.561892157,0
X29,4119,0.072815254,0
X29,4126,0.192187966,0
X29,4159,-0.173784533,0
X30,11,0.30912787,0
X30,12,0.542555929,0
X30,36,-0.195340242,0
X30,43,-0.227664553,0
X30,120,-0.271068857,0
X30,199,-0.299469441,0
X30,256,-0.399797266,0
X30,268,-0.080780251,0
X30,343,-0.329777345,0
X30,486,-0.032816831,0
X30,561,-0.29343229,0
X30,567,0.107538371,0
X30,575,-0.569751678,0
X30,616,-0.249572746,0
X30,622,-0.015715593,0
X30,624,0.241443914,0
X30,836,0.327361713,0
X30,851,0.391157606,0
X30,907,-0.191144092,0
X30,943,-0.018768198,0
X30,959,0.206777342,0
X30,996,0.122235974,0
X30,1008,-0.016660322,0
X30,1087,0.073976786,0
X30,1100,0.303015277,0
X30,1108,-0.986315306,0
X30,1183,-0.055861397,0
X30,1239,-0.164469548,0
X30,1285,0.30761987,0
X30,1323,-0.364812969,0
X30,1436,-0.098415704,0
X30,1447,0.320164338,0
X30,1517,0.22995258,0
X30,1524,-0.202183173,0
X30,1530,-0.145571326,0
X30,1565,0.324413348,0
X30,1592,0.42455968,0
X30,1775,0.092788131,0
X30,1812,-0.02777411,0
X30,1834,-0.020392218,0
X30,1900,0.111810955,0
X30,1943,-0.064704805,0
X30,1945,-0.295378226,0
X30,1990,-0.053413323,0
X30,1997,0.314943225,0
X30,2027,0.161370699,0
X30,2082,-0.15593779,0
X30,2135,0.088406636,0
X30,2198,-0.046311138,0
X30,2368,-0.282477091,0
X30,2430,-0.015480143,0
X30,2452,-0.078072358,0
X30,2466,-0.159112211,0
X30,2467,0.236253513,0
X30,2534,-0.221586596,0
X30,2536,0.036716234,0
X30,2551,0.201377941,0
X30,2576,0.070562759,0
X30,2613,0.225122092,0
X30,2614,0.457949305,0
X30,2636,0.38029763,0
X30,2648,0.002740693,0
X30,2691,-0.183642481,0
X30,2696,-0.204075261,0
X30,2763,-0.278952278,0
X30,2849,-0.120387893,0
X30,2888,-0.13434538,0
X30,2962,-0.274640817,0
X30,2966,-0.113267641,0
X30,2969,0.269344107,0
X30,3079,-0.423131345,0
X30,3099,0.286373729,0
X30,3103,0.359563535,0
X30,3179,0.298044081,0
X30,3349,0.146621435,0
X30,3360,0.015843045,0
X30,3390,0.331968403,0
X30,3433,-0.177293677,0
X30,3440,0.130359567,0
X30,3482,-0.235353392,0
X30,3539,0.240070272,0
X30,3547,-0.205818992,0
X30,3571,-0.207549099,0
X30,3632,-0.56601244,0
X30,3746,0.195073929,0
X30,3756,0.276385356,0
X30,3780,-0.115404762,0
X30,3849,-0.123828829,0
X30,3911,-0.147615828,0
X30,3918,0.041907937,0
X30,3940,-8.8e-05,0
X30,3964,-0.38846769,0
X30,4003,0.829483634,1
X30,4004,-0.306272573,0
X30,4021,-0.268196601,0
X30,4113,0.373030666,0
X30,4142,-0.149980461,0
X30,4148,0.261731337,0
X30,4185,-0.199590139,0
X30,4197,-0.410977874,0
X30,4200,-0.374787881,0
X30,4201,0.395844876,0
X31,43,0.98320249,1
X31,127,-0.599239431,0
X31,170,-0.456932283,0
X31,183,3.292005455,0
X31,256,-1.43168533,1
X31,294,-0.704852229,1
X31,343,-0.294248738,1
X31,360,-3.290787431,0
X31,503,2.224975971,0
X31,549,0.70195322,1
X31,560,1.426846969,0
X31,622,2.654079801,0
X31,634,-0.239089013,0
X31,649,1.021843036,0
X31,657,-0.026063866,0
X31,663,-0.583663016,0
X31,689,-0.118871364,0
X31,712,0.284391309,0
X31,780,0.603635199,0
X31,817,0.97084978,0
X31,823,0.063269785,1
X31,978,0.635770562,0
X31,1089,0.997201266,0
X31,1183,-1.007324319,0
X31,1312,2.719839607,1
X31,1332,-0.148142624,0
X31,1389,-1.133202197,0
X31,1392,-0.909163631,0
X31,1421,2.358196873,0
X31,1426,-2.273069401,1
X31,1450,1.172311721,0
X31,1485,-1.138389588,1
X31,1517,0.178779723,0
X31,1524,-2.643240653,0
X31,1586,-0.130198831,1
X31,1647,1.031257128,1
X31,1690,-0.752462701,0
X31,1691,-1.587704597,0
X31,1700,-0.434949827,0
X31,1725,-1.43124868,0
X31,1729,-0.696232057,0
X31,1775,-1.559795718,0
X31,1810,0.087457082,0
X31,1812,-1.415612762,0
X31,1826,1.31368531,0
X31,1834,0.459711544,1
X31,1840,-2.379602558,0
X31,1852,0.554714749,0
X31,1881,-0.472188354,0
X31,1900,0.454975031,0
X31,1945,0.866706606,1
X31,1993,2.03807275,1
X31,1999,-0.258212012,0
X31,2027,-1.477561572,0
X31,2076,0.189607017,1
X31,2188,-2.731073904,0
X31,2234,-0.42101891,0
X31,2277,-3.330972426,1
X31,2287,3.661180742,0
X31,2290,-2.295268032,0
X31,2402,2.191704395,1
X31,2562,0.806186546,0
X31,2638,-0.860924159,0
X31,2666,0.637215673,1
X31,2708,-2.326146374,0
X31,2816,2.963342065,0
X31,2848,0.60660598,0
X31,2876,1.410352731,0
X31,2879,2.674001274,0
X31,2899,1.01361761,0
X31,2953,-1.060048756,0
X31,2990,2.38442254,1
X31,2992,-1.53485005,1
X31,3079,0.707500798,0
X31,3147,-2.278254053,0
X31,3190,-2.031731439,0
X31,3328,3.259193707,0
X31,3345,-1.227863882,0
X31,3551,0.052426326,0
X31,3612,-3.319461943,1
X31,3631,-2.036697465,0
X31,3635,-0.866222522,0
X31,3638,-0.054740202,0
X31,3723,-1.16732829,0
X31,3727,2.719271216,1
X31,3780,0.942172978,0
X31,3795,1.096303272,0
X31,3801,-0.201222811,0
X31,3844,-1.64086305,0
X31,3877,-2.145937859,0
X31,3881,0.570886522,0
X31,3905,-1.066266712,1
X31,3918,-0.668204263,1
X31,3964,1.264699317,0
X31,3966,-0.006623914,0
X31,4039,0.342232448,0
X31,4119,-1.290089698,0
X31,4121,-0.466375176,0
X31,4126,0.420858501,1
X31,4184,-0.736406481,1
X31,4197,0.777020169,0
X31,4200,0.116303013,0
X31,4201,2.455463919,0
X32,11,-0.501159994,0
X32,73,-0.324644832,0
X32,113,-0.301467298,0
X32,156,0.25026714,0
X32,170,0.989936833,0
X32,183,0.226568236,0
X32,229,0.121471844,0
X32,247,0.203795518,0
X32,268,0.001851079,0
X32,274,0.050810459,0
X32,287,0.84940214,0
X32,294,-0.48972601,0
X32,375,-0.163347128,0
X32,401,-0.049810309,0
X32,413,0.199045724,0
X32,483,-0.060508817,0
X32,536,-0.034165392,0
X32,553,-0.247133584,0
X32,560,0.010177109,0
X32,617,0.395169069,0
X32,631,-0.121203214,0
X32,634,-0.058163736,0
X32,675,-0.193858677,0
X32,807,-0.106664386,0
X32,865,-0.594701091,0
X32,971,0.250305603,0
X32,1008,0.111923773,0
X32,1046,0.071703196,0
X32,1064,-0.3425086,0
X32,1088,0.60257693,0
X32,1096,-0.775527206,0
X32,1183,-0.016175086,0
X32,1268,-0.423021758,0
X32,1291,0.151400055,0
X32,1295,-0.061040512,0
X32,1332,-0.816089727,0
X32,1389,-0.148344498,0
X32,1392,-0.634528168,0
X32,1419,0.786764652,0
X32,1421,0.034819361,0
X32,1472,-0.055269355,0
X32,1525,0.261909536,0
X32,1552,-0.397120227,0
X32,1565,-1.268697283,0
X32,1600,0.126018904,0
X32,1612,0.172555259,0
X32,1654,0.251112587,0
X32,1690,0.256066971,0
X32,1708,0.923731094,0
X32,1711,0.189702571,0
X32,1775,0.416657724,0
X32,1814,-0.041472532,0
X32,1824,-0.14489637,0
X32,1868,-0.38920614,0
X32,1900,0.153381358,0
X32,1990,0.547254787,0
X32,2013,-1.053929946,0
X32,2027,0.625766766,0
X32,2055,-0.083699412,0
X32,2076,-0.46400987,0
X32,2116,0.160203908,0
X32,2242,0.016524446,0
X32,2277,-0.240566153,0
X32,2309,0.366588856,0
X32,2434,0.232790221,0
X32,2445,-0.07273204,0
X32,2466,-0.268898859,0
X32,2467,-0.06260822,0
X32,2481,-0.107332979,0
X32,2494,-0.327491906,0
X32,2534,-0.255187256,0
X32,2551,0.549872649,0
X32,2576,0.219588958,0
X32,2636,-0.025160252,0
X32,2677,0.067662275,0
X32,2691,0.650360627,0
X32,2708,0.180533394,0
X32,2850,0.53759932,0
X32,2887,0.279003144,0
X32,2952,-0.104164288,0
X32,2968,0.28393125,0
X32,3079,0.07004681,0
X32,3088,0.149616319,0
X32,3094,-0.066615306,0
X32,3201,-0.168629939,0
X32,3220,0.343725416,0
X32,3233,0.56751591,0
X32,3250,-0.409439287,0
X32,3371,1.044244129,0
X32,3396,-0.35371412,0
X32,3496,-0.428924268,0
X32,3572,0.280686202,0
X32,3612,-0.054657974,0
X32,3670,0.119260679,0
X32,3691,0.010914604,0
X32,3791,0.015599663,0
X32,3805,-0.48578582,0
X32,3844,0.337744394,0
X32,3849,-0.169210384,0
X32,3966,0.640032652,0
X32,3973,0.639707486,0
X32,4004,1.06446995,0
X32,4021,-0.343305147,0
X32,4039,-0.105097039,0
X32,4095,0.45322205,0
X32,4184,0.312984363,0
X32,4200,0.307970658,0
X32,4204,-0.191126433,0
X33,3,-0.053280824,0
X33,43,0.027768276,0
X33,127,0.049682064,0
X33,214,0.0491813,0
X33,249,-0.071350208,0
X33,287,-0.156057655,0
X33,413,-0.044616417,0
X33,473,0.024987799,0
X33,503,0.067446117,0
X33,511,0.054006683,0
X33,560,-0.019398569,0
X33,622,-0.029531645,0
X33,630,0.004283134,0
X33,669,0.002520793,0
X33,758,0.057811318,0
X33,782,0.001790609,0
X33,817,0.025395319,0
X33,823,-0.010714813,0
X33,865,0.055910451,0
X33,888,-0.045042926,0
X33,893,0.093384763,0
X33,907,-0.007162893,0
X33,912,-0.044782142,0
X33,943,0.012433965,0
X33,953,-0.051554292,0
X33,989,0.054151257,0
X33,992,-0.044817003,0
X33,1046,0.055129439,0
X33,1064,-0.037634315,0
X33,1088,-0.073171284,0
X33,1096,0.044568907,0
X33,1103,-0.041709421,0
X33,1106,0.021707978,0
X33,1108,0.034836408,0
X33,1183,-0.047800279,0
X33,1359,-0.009068205,0
X33,1375,-0.04462694,0
X33,1419,-0.069655164,0
X33,1436,0.144217562,0
X33,1483,0.093265984,0
X33,1580,-0.044970388,0
X33,1592,-0.073374965,0
X33,1635,0.01181723,0
X33,1647,-0.018740508,0
X33,1654,0.004976826,0
X33,1671,0.012596843,0
X33,1691,-0.016037519,0
X33,1700,0.039635314,0
X33,1708,0.092674979,0
X33,1711,0.134072295,0
X33,1717,-0.020376603,0
X33,1733,-0.022074416,0
X33,1829,0.084516382,0
X33,1891,-0.014944395,0
X33,1937,0.082758388,0
X33,1938,-0.016942736,0
X33,1943,0.068009325,0
X33,1945,-0.008422274,0
X33,1991,-0.038190793,0
X33,1992,0.024971569,0
X33,1994,0.021987385,0
X33,1997,0.108432177,0
X33,2027,-0.087200571,0
X33,2044,0.102542211,0
X33,2076,-2.39e-06,0
X33,2082,-0.065515279,0
X33,2135,-0.092527298,0
X33,2198,-0.04423956,0
X33,2221,-0.034471915,0
X33,2309,-0.03158296,0
X33,2375,-0.06374507,0
X33,2430,-0.011614055,0
X33,2434,-0.051353108,0
X33,2551,-0.074614789,0
X33,2638,0.016456775,0
X33,2691,0.111048316,0
X33,2696,0.074164978,0
X33,2706,0.111389263,0
X33,2815,0.077307377,0
X33,2876,0.017808154,0
X33,2992,-0.034136404,0
X33,3017,0.058431741,0
X33,3027,-0.124629534,0
X33,3094,0.044482364,0
X33,3231,-0.030868102,0
X33,3241,0.087363503,0
X33,3250,-0.046458829,0
X33,3279,-0.094031902,0
X33,3328,-0.020938929,0
X33,3345,-0.022542395,0
X33,3385,-0.025182753,0
X33,3396,-0.103375959,0
X33,3434,-0.062048758,0
X33,3436,-0.062697603,0
X33,3460,0.021724105,0
X33,3557,0.019681351,0
X33,3635,-0.053794152,0
X33,3638,-0.039810247,0
X33,3662,0.021296639,0
X33,3696,-0.036370501,0
X33,3747,0.066430424,0
X33,3791,0.094384568,0
X33,3805,0.000630169,0
X33,3819,-0.092609141,0
X33,3824,-0.018035657,0
X33,3849,0.116418297,0
X33,4001,0.004442198,0
X33,4041,0.042754659,0
X33,4095,-0.008802521,0
X33,4156,0.143904362,0
X33,4164,-0.041434028,0
X33,4168,0.125261454,0
X33,4184,-0.036073421,0
X33,4197,-0.004147216,0
X33,4204,0.042234303,0
X34,12,-0.048286378,0
X34,36,-0.36312868,0
X34,43,-0.137065048,0
X34,58,0.284053544,0
X34,183,0.128367751,0
X34,274,0.04906669,0
X34,343,-0.136961895,0
X34,360,-0.142241261,0
X34,389,0.172058152,0
X34,413,0.181923091,0
X34,486,-0.209409574,0
X34,553,-0.100129015,0
X34,575,0.538014982,0
X34,817,0.218805551,0
X34,855,0.566597605,0
X34,907,0.266509946,0
X34,914,-0.052424256,0
X34,954,-0.265436157,0
X34,971,0.115289556,0
X34,989,0.073764043,0
X34,1061,-0.165107056,0
X34,1096,-0.692222162,0
X34,1157,0.329627294,0
X34,1187,1.817035644,1
X34,1239,-0.339773916,0
X34,1249,0.12355542,0
X34,1268,-0.107308255,0
X34,1291,0.335360366,0
X34,1323,0.016155031,0
X34,1436,0.054220779,0
X34,1472,-0.334454639,0
X34,1512,-0.326262688,0
X34,1580,-0.806775874,0
X34,1635,-0.116531703,0
X34,1671,-0.282641153,0
X34,1691,0.089269322,0
X34,1709,-0.021756057,0
X34,1717,0.055225153,0
X34,1829,-0.265598166,0
X34,1852,0.15748155,0
X34,1943,0.028267708,0
X34,1945,0.197046857,0
X34,2013,-0.309883492,0
X34,2137,-0.23903955,0
X34,2160,-0.110617036,0
X34,2234,0.186212724,0
X34,2242,0.083265993,0
X34,2276,-0.226440809,0
X34,2290,-0.184743195,0
X34,2309,0.065287195,0
X34,2333,-0.100321747,0
X34,2368,-0.060184786,0
X34,2445,0.220673357,0
X34,2561,0.288279522,0
X34,2601,-0.563081347,0
X34,2636,0.210722254,0
X34,2673,0.073096361,0
X34,2708,0.273491787,0
X34,2843,-0.198908869,0
X34,2848,0.214391566,0
X34,2849,-0.298232302,0
X34,2915,-0.495715001,0
X34,2939,0.217609199,0
X34,3073,0.19924828,0
X34,3088,0.180537763,0
X34,3241,0.115357631,0
X34,3328,0.320503721,0
X34,3340,-0.456800951,0
X34,3385,-0.07435114,0
X34,3433,0.095537358,0
X34,3440,-0.010594728,0
X34,3476,0.39492411,0
X34,3482,-0.00425898,0
X34,3496,-0.315334437,0
X34,3571,0.000259255,0
X34,3638,0.430502199,0
X34,3780,-0.060886422,0
X34,3849,-0.031417576,0
X34,3867,-0.445008306,0
X34,3917,0.249933268,0
X34,3964,0.356411334,0
X34,3966,-0.24748019,0
X34,4001,0.441396732,0
X34,4004,-0.241648039,0
X34,4017,-0.225119802,0
X34,4021,-0.011592537,0
X34,4039,-0.463909546,0
X34,4053,0.071211957,0
X34,4095,-0.049194795,0
X34,4156,-0.39738515,0
X34,4164,0.043053796,0
X34,4197,-0.197877359,0
X35,58,1.702894808,0
X35,73,4.592185111,0
X35,107,2.686713828,1
X35,170,-1.511611451,0
X35,191,2.920035075,1
X35,247,0.260769551,0
X35,294,1.333407293,1
X35,308,1.023144088,1
X35,386,0.962641868,0
X35,389,1.848912086,0
X35,393,-0.577947638,0
X35,486,0.012448869,1
X35,543,0.617506709,0
X35,567,-2.033958847,0
X35,613,-0.15904007,0
X35,649,1.048796802,0
X35,663,-1.707277051,0
X35,769,0.935784968,0
X35,807,-0.357857236,0
X35,837,-0.085259937,0
X35,878,0.294741559,0
X35,888,1.513396142,0
X35,893,0.872750417,0
X35,949,2.861291441,1
X35,958,-3.687784478,0
X35,971,5.386701018,0
X35,1010,0.167626918,0
X35,1089,-1.167497086,0
X35,1141,-0.73285679,0
X35,1224,0.992955971,0
X35,1239,-2.068063948,0
X35,1295,2.214284469,0
X35,1312,2.802788611,1
X35,1329,2.386236578,1
X35,1332,-1.651679366,0
X35,1374,-2.783954707,0
X35,1389,-0.058098554,0
X35,1419,3.431363308,1
X35,1485,-2.290386636,1
X35,1517,1.246732898,0
X35,1530,0.184003744,0
X35,1552,1.455674312,1
X35,1598,-0.65143839,0
X35,1647,0.026538533,1
X35,1708,3.000336889,1
X35,1810,0.538998309,0
X35,1834,1.498382991,1
X35,1866,2.760626421,0
X35,1881,3.351565591,0
X35,1894,-0.415436524,0
X35,1938,1.331337006,1
X35,2027,-0.042330537,0
X35,2076,3.544733018,1
X35,2108,-0.39627747,0
X35,2127,2.704338468,0
X35,2242,0.037425211,0
X35,2286,1.469166959,0
X35,2309,-0.97501207,0
X35,2333,-0.233918217,1
X35,2358,-1.441849622,0
X35,2434,-1.811489556,0
X35,2467,1.777669225,1
X35,2483,1.951054474,0
X35,2561,0.241423313,0
X35,2576,0.74820882,0
X35,2636,-1.407980891,0
X35,2666,3.740433201,1
X35,2691,2.678994172,0
X35,2693,-1.325288287,0
X35,2783,-0.93316429,0
X35,2815,1.029246505,0
X35,2848,0.000687228,0
X35,2879,1.06112549,0
X35,2884,-1.744177866,0
X35,2952,-1.650616709,1
X35,2953,-2.701928542,0
X35,2962,3.330069227,0
X35,2966,3.066303981,0
X35,2969,-0.216752328,0
X35,3088,3.013687238,0
X35,3179,-3.319970837,1
X35,3220,3.061569554,1
X35,3279,1.165123711,1
X35,3343,1.35884084,0
X35,3360,-1.687688521,0
X35,3434,-3.417605549,0
X35,3460,1.331303716,1
X35,3476,-1.102194306,0
X35,3557,-0.015984381,0
X35,3638,-1.319679271,0
X35,3727,1.772034996,1
X35,3746,0.037536004,0
X35,3747,-2.443045369,0
X35,3772,-0.549640193,0
X35,3849,-1.425834436,1
X35,3877,0.411753322,0
X35,3966,-0.000390383,0
X35,3968,0.670413084,0
X35,4004,4.16300437,0
X35,4041,-0.64756037,0
X35,4110,-3.255014739,0
X35,4127,-3.239662126,0
X35,4132,0.040478106,0
X36,36,-0.429499295,0
X36,58,0.090408222,0
X36,120,-0.28106349,0
X36,156,-0.337801308,0
X36,191,0.112341245,0
X36,192,-0.210271598,0
X36,222,-0.070667522,0
X36,247,-0.055408964,0
X36,256,-0.14656627,0
X36,284,0.276865106,0
X36,431,0.36194278,0
X36,503,-0.116346834,0
X36,525,-0.204950197,0
X36,560,0.17921587,0
X36,631,0.274694327,0
X36,855,-0.299986628,0
X36,878,-0.514995451,0
X36,992,-0.133262078,0
X36,1037,-0.05128392,0
X36,1096,0.309530383,0
X36,1178,-0.223426017,0
X36,1187,0.070433603,0
X36,1224,0.031158955,0
X36,1278,0.162223513,0
X36,1295,0.238426914,0
X36,1323,0.102943806,0
X36,1375,1.006283527,1
X36,1472,0.224286423,0
X36,1565,-0.157156542,0
X36,1725,0.100556345,0
X36,1746,-0.217756075,0
X36,1810,-0.0507252,0
X36,1824,0.043202362,0
X36,1886,-0.214734372,0
X36,1944,0.133826305,0
X36,1973,0.161399371,0
X36,1997,0.149512391,0
X36,2008,0.218500715,0
X36,2027,0.367104457,0
X36,2055,-0.109634361,0
X36,2276,-0.351635371,0
X36,2290,-0.328526427,0
X36,2375,0.588818039,0
X36,2445,-0.133926319,0
X36,2483,-0.14677462,0
X36,2496,0.04321442,0
X36,2534,0.081294473,0
X36,2551,0.024318278,0
X36,2648,0.051470063,0
X36,2693,0.1518962,0
X36,2706,-0.302919063,0
X36,2763,0.230296771,0
X36,2771,0.071931832,0
X36,2817,0.159043068,0
X36,2848,0.163195656,0
X36,2849,-0.393326844,0
X36,2870,-0.05444095,0
X36,2879,0.373104734,0
X36,2884,-0.131132889,0
X36,2887,0.360742946,0
X36,2966,-0.026893667,0
X36,3041,-0.226226986,0
X36,3088,0.509286227,0
X36,3094,-0.127492844,0
X36,3099,-0.139424419,0
X36,3162,-0.037030742,0
X36,3179,-0.277311241,0
X36,3190,0.100147895,0
X36,3231,-0.013383368,0
X36,3233,-0.207740704,0
X36,3252,0.108439445,0
X36,3345,-0.334939294,0
X36,3385,0.13161499,0
X36,3433,0.318737911,0
X36,3434,0.337984366,0
X36,3436,0.178631737,0
X36,3482,0.065217633,0
X36,3495,-0.027091788,0
X36,3496,0.17557658,0
X36,3511,-0.058308174,0
X36,3557,0.223232185,0
X36,3572,-0.051199526,0
X36,3662,-0.187598651,0
X36,3670,-0.095174458,0
X36,3677,0.219010606,0
X36,3727,-0.231928694,0
X36,3780,-0.214561702,0
X36,3781,0.411728996,0
X36,3791,0.154536329,0
X36,3792,0.249174018,0
X36,3805,-0.312843601,0
X36,3819,-0.219066534,0
X36,3917,0.02434182,0
X36,3964,0.00522762,0
X36,3968,0.266253673,0
X36,4003,0.034110873,0
X36,4005,-0.531274144,0
X36,4052,0.269364906,0
X36,4119,0.171734292,0
X36,4164,-0.08483914,0
X36,4197,-0.019023537,0
X36,4204,0.27841481,0
X37,36,3.584864739,0
X37,156,2.528895846,0
X37,170,0.434038308,0
X37,183,-1.943141384,0
X37,199,-1.437065533,0
X37,211,-1.683830501,1
X37,214,-1.329331354,0
X37,249,-1.963372639,0
X37,274,-2.187179395,0
X37,413,-3.427091937,0
X37,419,-0.51185724,0
X37,486,1.248983136,1
X37,525,0.838958799,0
X37,543,-2.86778757,0
X37,575,-1.01038641,0
X37,634,-0.303200281,0
X37,657,-0.388912197,0
X37,663,1.647101148,0
X37,817,0.213500804,0
X37,943,0.142904326,0
X37,949,1.914412916,1
X37,1089,0.109943207,0
X37,1096,0.516771284,0
X37,1106,-1.26322972,0
X37,1141,0.998135795,0
X37,1187,-1.072473212,0
X37,1248,empty,0
X37,1249,1.770733742,0
X37,1295,-1.250701349,0
X37,1302,-1.485436162,0
X37,1389,-1.354414543,0
X37,1467,-0.403969135,0
X37,1472,-2.689122898,0
X37,1530,0.044100082,0
X37,1581,0.428870888,0
X37,1586,-0.455476086,1
X37,1592,0.277789702,0
X37,1635,-1.164872127,1
X37,1690,1.562574804,0
X37,1711,-0.206844322,0
X37,1810,-0.068414625,0
X37,1826,0.847235311,0
X37,1829,-0.941120928,0
X37,1840,0.014122795,0
X37,1944,1.702378049,0
X37,2104,-0.4883158,0
X37,2221,2.639766639,0
X37,2234,1.761040113,0
X37,2242,-3.161953246,0
X37,2287,0.719198636,0
X37,2368,-1.977565772,1
X37,2402,-0.745941308,1
X37,2434,0.038284542,0
X37,2576,2.756752107,0
X37,2601,2.479839694,0
X37,2648,0.304407255,0
X37,2693,-0.130457057,0
X37,2763,-2.417662795,0
X37,2817,-1.819643367,0
X37,2887,1.585104709,1
X37,2939,-0.141004951,0
X37,2966,-0.145661934,0
X37,2990,0.460482142,1
X37,3088,4.224950009,0
X37,3094,1.243026504,1
X37,3103,3.337108822,0
X37,3121,-2.414808319,0
X37,3190,-1.888746511,0
X37,3201,-1.898633194,0
X37,3202,2.369967882,1
X37,3250,-2.728007015,0
X37,3252,-3.938981,0
X37,3343,0.842366437,0
X37,3345,empty,0
X37,3349,-3.505011573,0
X37,3360,-0.335860861,0
X37,3371,-0.669251559,0
X37,3460,1.858461621,1
X37,3496,1.005314725,0
X37,3546,0.448503903,0
X37,3557,-0.844876594,0
X37,3572,empty,0
X37,3632,-2.680162905,0
X37,3662,-1.189728015,0
X37,3696,-0.905495043,0
X37,3727,3.189119508,1
X37,3746,0.0634266,0
X37,3781,-0.98471321,0
X37,3791,-1.259611003,0
X37,3805,0.600238185,0
X37,3867,-0.425839308,0
X37,3905,-1.663378091,1
X37,3911,-0.781818166,0
X37,3940,-4.475981425,0
X37,4001,-0.274372044,0
X37,4002,-0.581611115,0
X37,4005,1.256718147,1
X37,4029,3.202531033,0
X37,4039,5.56101688,0
X37,4053,3.268266624,0
X37,4113,0.843547344,0
X37,4119,-3.351901909,0
X37,4126,-1.090879015,1
X37,4127,-1.714595107,0
X37,4142,2.026357175,1
X37,4168,0.151761752,0
X37,4200,0.953981917,0
X38,12,-1.08439149,0
X38,127,1.072743096,0
X38,247,-0.425259454,0
X38,249,-1.555383,0
X38,283,0.215696539,0
X38,287,-0.414659047,0
X38,343,-1.194306051,0
X38,393,-0.654705133,0
X38,401,1.682215111,0
X38,413,-0.596127744,0
X38,485,-0.211519732,0
X38,499,2.09438391,0
X38,503,0.354817756,0
X38,573,-0.181652232,0
X38,613,0.088400375,0
X38,617,0.622390408,0
X38,631,0.139691068,0
X38,687,0.399778552,0
X38,758,-0.596710531,0
X38,780,-0.737113369,0
X38,888,0.996046488,0
X38,897,0.429576669,0
X38,912,0.272725323,0
X38,943,0.42786414,0
X38,971,1.438908997,0
X38,992,-0.084043177,0
X38,1037,1.109366495,0
X38,1064,1.101624247,0
X38,1094,-0.232462816,0
X38,1129,-0.196042411,0
X38,1157,empty,0
X38,1239,-0.543574184,0
X38,1268,0.010821648,0
X38,1284,0.877593587,0
X38,1302,0.327872075,0
X38,1332,0.812706693,0
X38,1374,-0.345232539,0
X38,1392,0.437832538,0
X38,1419,-0.166871944,0
X38,1472,-0.204448384,0
X38,1485,1.041461803,0
X38,1568,0.569575566,0
X38,1655,-1.106525267,0
X38,1709,0.870651681,0
X38,1733,empty,0
X38,1810,-0.097523373,0
X38,1868,-0.610587083,0
X38,1993,-0.280510379,0
X38,1994,0.463810569,0
X38,2027,-0.582407259,0
X38,2055,0.95961873,0
X38,2127,0.42382675,0
X38,2135,-0.937900593,0
X38,2286,-0.569780979,0
X38,2305,0.143185195,0
X38,2402,-0.969733726,0
X38,2434,-1.363961377,0
X38,2534,0.575315378,0
X38,2536,1.95152638,0
X38,2551,-0.389174752,0
X38,2636,0.931555072,0
X38,2677,0.665109535,0
X38,2771,0.785443506,0
X38,2775,1.839252705,0
X38,2849,0.36038264,0
X38,2870,0.054848566,0
X38,2876,0.715223491,0
X38,2939,0.849334009,0
X38,3079,1.492917615,0
X38,3162,-0.332721611,0
X38,3233,-0.856531377,0
X38,3249,1.327117018,0
X38,3280,-0.745654197,0
X38,3371,0.039775123,0
X38,3375,0.260973595,0
X38,3460,0.103633704,0
X38,3476,0.771810942,0
X38,3496,1.559657672,1
X38,3635,-0.389055748,0
X38,3638,0.556317662,0
X38,3642,0.442890084,0
X38,3662,-1.765342108,0
X38,3705,-0.094024101,0
X38,3723,0.294231335,0
X38,3756,0.885131796,0
X38,3791,0.339807786,0
X38,3792,1.469288451,1
X38,3877,-0.107855937,1
X38,3881,1.370982949,0
X38,3968,-0.490252716,0
X38,4001,1.730493876,1
X38,4002,0.897778617,1
X38,4017,-0.530220538,0
X38,4041,0.186744245,0
X38,4053,0.038654554,0
X38,4113,1.454627794,0
X38,4184,0.045157572,0
X38,4197,-0.641165532,0
X39,12,-0.039839882,0
X39,183,-0.05490002,0
X39,214,-0.075977931,0
X39,222,-0.093968416,0
X39,401,-0.046574147,0
X39,413,-0.03364304,0
X39,431,0.008460516,0
X39,449,-0.020964061,0
X39,530,-0.138000851,0
X39,536,0.082037333,0
X39,613,0.018115031,0
X39,616,0.075632362,0
X39,675,0.067001323,0
X39,769,-0.084090802,0
X39,782,-0.111514495,0
X39,836,-0.109421669,0
X39,875,0.064746475,0
X39,989,0.0045198,0
X39,1008,-0.047273901,0
X39,1089,-0.038060883,0
X39,1103,0.037152196,0
X39,1284,-0.01455847,0
X39,1329,0.122227042,0
X39,1392,0.044594713,0
X39,1400,-0.045231528,0
X39,1441,0.060226892,0
X39,1447,-0.113927941,0
X39,1492,-0.028177503,0
X39,1512,0.03882083,0
X39,1524,-0.033634514,0
X39,1580,-0.056039583,0
X39,1592,-0.029571134,0
X39,1615,-0.053704622,0
X39,1655,-0.063127422,0
X39,1709,-0.129099252,0
X39,1725,-0.005304231,0
X39,1746,0.025193548,0
X39,1814,0.010271206,0
X39,1834,0.053191478,0
X39,1898,-0.024077587,0
X39,1943,-0.10485102,0
X39,1990,-0.062653233,0
X39,1994,0.042742827,0
X39,1999,0.009962086,0
X39,2027,-0.049524387,0
X39,2116,-0.073387133,0
X39,2332,0.092495287,0
X39,2358,0.169189224,0
X39,2375,0.013112341,0
X39,2445,0.029174744,0
X39,2483,empty,0
X39,2499,0.000581591,0
X39,2613,-0.089883388,0
X39,2614,-0.085779736,0
X39,2624,0.012633145,0
X39,2636,-0.06795499,0
X39,2638,-0.054259508,0
X39,2666,0.006474469,0
X39,2691,0.043171147,0
X39,2870,0.023256333,0
X39,2888,-0.053595676,0
X39,2969,-0.052916492,0
X39,3027,-0.060158508,0
X39,3064,0.016896978,0
X39,3069,-0.021159114,0
X39,3088,0.033578745,0
X39,3094,0.016688591,0
X39,3231,0.019011483,0
X39,3249,0.102775653,0
X39,3250,-0.022281356,0
X39,3280,0.06020232,0
X39,3390,-0.005386989,0
X39,3433,-0.104498225,0
X39,3434,0.074644574,0
X39,3511,-0.01662874,0
X39,3529,-0.003657479,0
X39,3539,0.034918414,0
X39,3551,0.051967243,0
X39,3662,-0.089997541,0
X39,3747,-0.041791434,0
X39,3780,-0.016086299,0
X39,3783,0.029326602,0
X39,3795,0.007119003,0
X39,3824,0.019645317,0
X39,3867,0.117999369,0
X39,3881,0.080760397,0
X39,3918,-0.125043819,0
X39,4004,-0.005548468,0
X39,4005,-0.021066197,0
X39,4017,0.028255423,0
X39,4095,0.063374309,0
X39,4142,0.066356681,0
X39,4156,-0.002330639,0
X39,4159,0.043584954,0
X39,4201,-0.016016844,0
X40,11,0.017482286,0
X40,12,-0.05396374,0
X40,43,0.025523603,0
X40,73,0.029808786,0
X40,107,-0.171676524,0
X40,120,0.058937444,0
X40,191,-0.008362597,0
X40,192,0.120523756,0
X40,214,0.168871887,0
X40,256,0.139899718,0
X40,287,-0.142648173,0
X40,343,-0.125424201,0
X40,393,-0.100784226,0
X40,414,0.048494727,0
X40,449,0.002476622,0
X40,499,0.043596165,0
X40,503,-0.0355046,0
X40,549,-0.150186381,0
X40,634,-0.092053724,0
X40,712,-0.090255949,0
X40,807,-0.087638608,0
X40,836,-0.007786259,0
X40,855,-0.058134703,0
X40,893,0.218696809,0
X40,954,-0.119626549,0
X40,978,-0.113886241,0
X40,989,-0.174001029,0
X40,1021,-0.008082794,0
X40,1106,-0.056108996,0
X40,1119,0.042486248,0
X40,1129,-0.14994201,0
X40,1141,-0.032747005,0
X40,1151,0.063448512,0
X40,1295,-0.149595915,0
X40,1392,-0.056910097,0
X40,1426,0.06172431,0
X40,1483,-0.070428643,0
X40,1512,-0.104604142,0
X40,1552,0.028990534,0
X40,1586,-0.028342074,0
X40,1612,-0.168155317,0
X40,1635,-0.058330659,0
X40,1647,-0.032642374,0
X40,1655,-0.016254433,0
X40,1671,-0.03014093,0
X40,1693,-0.172250306,0
X40,1775,0.29489552,0
X40,1829,0.05228584,0
X40,1840,-0.132659055,0
X40,1886,-0.128930876,0
X40,1894,-0.013293273,0
X40,1994,0.051037743,0
X40,1999,0.067045213,0
X40,2013,0.001564574,0
X40,2044,-0.043893597,0
X40,2055,0.068196511,0
X40,2108,0.007273527,0
X40,2137,0.179339212,0
X40,2290,0.064883951,0
X40,2305,-0.120667024,0
X40,2368,-0.091807795,0
X40,2402,-0.08550544,0
X40,2421,0.138039645,0
X40,2534,0.107634566,0
X40,2562,0.039917997,0
X40,2614,-0.156537247,0
X40,2638,-0.062973422,0
X40,2648,-0.073541872,0
X40,2679,0.046623325,0
X40,2691,0.144985853,0
X40,2775,-0.208899555,0
X40,2783,-0.150366207,0
X40,2784,0.048320042,0
X40,2849,-0.035780141,0
X40,2879,-0.09526074,0
X40,2884,0.061230192,0
X40,2887,0.058316536,0
X40,2899,-0.102775852,0
X40,2966,0.144641903,0
X40,3041,0.038944234,0
X40,3079,-0.060400132,0
X40,3088,-0.0629524,0
X40,3094,0.078112483,0
X40,3179,0.043113437,0
X40,3220,-0.031682579,0
X40,3250,-0.094271928,0
X40,3328,-0.037069852,0
X40,3371,0.100567631,0
X40,3440,-0.104034687,0
X40,3546,0.048446336,0
X40,3547,-0.009368724,0
X40,3571,0.035987577,0
X40,3612,-0.145991727,0
X40,3631,-0.162228392,0
X40,3691,-0.136101127,0
X40,3705,-0.216302946,0
X40,3844,-0.10014965,0
X40,3911,-0.185417281,0
X40,3917,-0.117909227,0
X40,3973,0.053636347,0
X40,4017,0.010549907,0
X40,4021,0.100537,0
X40,4053,0.042179955,0
X40,4113,0.007433166,0
X40,4127,0.050677638,0
X40,4168,-0.010847885,0
X40,4184,0.016567132,0
X41,120,-0.062393523,0
X41,192,0.161914662,0
X41,249,-0.057757179,0
X41,274,-0.377065248,0
X41,283,0.149269692,0
X41,284,-0.279130287,0
X41,375,-0.271862221,0
X41,401,-0.074540906,0
X41,419,0.27284734,0
X41,483,-0.80039416,0
X41,485,-0.195610037,0
X41,499,-0.298825707,0
X41,561,0.422354546,0
X41,649,-0.311970685,0
X41,689,-0.507184947,0
X41,690,0.525502641,0
X41,769,-0.040820922,0
X41,780,0.137144004,0
X41,851,-0.419751593,0
X41,877,-0.490832637,0
X41,893,-0.499073611,0
X41,897,0.367488514,0
X41,912,-0.297529139,0
X41,949,-0.606456128,0
X41,954,0.228790302,0
X41,959,-0.127745456,0
X41,986,-0.152064512,0
X41,1061,-0.243561594,0
X41,1087,-0.133045935,0
X41,1089,-0.336791819,0
X41,1096,0.329902685,0
X41,1103,0.104540078,0
X41,1108,-0.339357686,0
X41,1138,0.214761124,0
X41,1154,-0.395949712,0
X41,1239,-0.678653233,0
X41,1248,-0.272361012,0
X41,1302,0.086624301,0
X41,1312,-0.027147517,0
X41,1389,-0.120918584,0
X41,1450,-0.194276167,0
X41,1483,-0.481621095,0
X41,1524,-0.187386199,0
X41,1552,-0.034976044,0
X41,1581,-0.151058647,0
X41,1600,-0.103754723,0
X41,1647,0.265726677,0
X41,1693,-0.671815619,0
X41,1709,-0.334736138,0
X41,1717,0.290037015,0
X41,1775,-0.256484347,0
X41,1810,0.310260751,0
X41,1814,-0.264099573,0
X41,1829,0.552164275,0
X41,1840,-0.137214532,0
X41,1844,0.125969911,0
X41,1891,0.105727483,0
X41,1898,-0.157892465,0
X41,1943,0.122646531,0
X41,1990,0.283700111,0
X41,1999,-0.752453451,0
X41,2076,-0.059274705,0
X41,2242,0.184709954,0
X41,2245,0.02717603,0
X41,2286,0.101045092,0
X41,2445,0.264993236,0
X41,2466,0.906316833,0
X41,2494,0.332677361,0
X41,2561,0.509441303,0
X41,2601,-0.397686766,0
X41,2613,-0.668200677,0
X41,2614,-0.027694393,0
X41,2648,-0.095296934,0
X41,2708,0.130019403,0
X41,2887,0.134249373,0
X41,2899,0.548028156,0
X41,2962,-0.814028943,0
X41,2968,-0.331553373,0
X41,2982,0.490977393,0
X41,3094,-0.358429697,0
X41,3099,0.184913943,0
X41,3103,0.162806887,0
X41,3231,0.351129958,0
X41,3241,-0.89114694,0
X41,3328,0.163844432,0
X41,3349,-0.072090508,0
X41,3433,0.504562141,0
X41,3434,-0.236886112,0
X41,3460,0.655982983,0
X41,3482,-0.398874411,0
X41,3546,-0.066792041,0
X41,3551,-0.470065947,0
X41,3662,0.312140781,0
X41,3677,-0.158545948,0
X41,3801,1.085931208,0
X41,3918,0.903332491,0
X41,3940,0.261805608,0
X41,3954,0.107908525,0
X41,4002,-0.437072456,0
X41,4017,-0.070004491,0
X41,4121,-0.119587766,0
X41,4168,0.090844864,0
X41,4184,0.282940218,0
X41,4197,0.039013049,0
X42,3,0.001855021,0
X42,58,0.011819,0
X42,156,-0.003945698,0
X42,199,0.000625634,0
X42,249,-0.071841819,0
X42,256,0.080452428,0
X42,287,-0.065304817,0
X42,294,-0.015250177,0
X42,343,-0.09860393,0
X42,419,-0.025594126,0
X42,449,0.028452999,0
X42,473,0.053214691,0
X42,503,-0.117973687,0
X42,530,0.001975466,0
X42,536,0.053442881,0
X42,573,-0.055221932,0
X42,622,0.03956522,0
X42,690,-0.133653941,0
X42,782,0.015599048,0
X42,823,-0.015888401,0
X42,875,-0.097784346,0
X42,907,-0.074458708,0
X42,986,0.027157925,0
X42,1129,-0.093980598,0
X42,1151,0.030748042,0
X42,1228,-0.05060335,0
X42,1248,-0.029050779,0
X42,1268,0.064923825,0
X42,1295,0.034429242,0
X42,1312,-0.100989772,0
X42,1323,-0.075621866,0
X42,1332,-0.105098106,0
X42,1441,0.044154243,0
X42,1450,-0.025646781,0
X42,1495,-0.088515383,0
X42,1552,0.042954895,0
X42,1580,-0.096181762,0
X42,1612,0.088776503,0
X42,1655,-0.085132416,0
X42,1711,0.07913398,0
X42,1810,-0.000754955,0
X42,1812,-0.150202684,0
X42,1826,-0.000320906,0
X42,1840,0.014624331,0
X42,1990,0.009957821,0
X42,1991,0.054884726,0
X42,1992,0.009421194,0
X42,1993,0.038290068,0
X42,2044,0.076743125,0
X42,2104,-0.012338497,0
X42,2135,0.046593319,0
X42,2221,0.010096337,0
X42,2242,0.063309881,0
X42,2287,-0.029013805,0
X42,2309,-0.059393258,0
X42,2445,-0.10750569,0
X42,2466,0.012827558,0
X42,2496,-0.069995085,0
X42,2576,0.012852983,0
X42,2613,-0.063509569,0
X42,2638,0.059274796,0
X42,2648,0.021539761,0
X42,2673,0.043862109,0
X42,2706,-0.011148878,0
X42,2763,0.015990838,0
X42,2850,0.060287965,0
X42,2887,0.091676148,0
X42,2915,0.045539215,0
X42,2952,-0.010270178,0
X42,2953,-0.039186529,0
X42,3064,-0.06735564,0
X42,3088,-0.094480479,0
X42,3103,-0.162118564,0
X42,3121,0.02620085,0
X42,3201,-0.015801046,0
X42,3385,0.00116592,0
X42,3476,-0.141545044,0
X42,3496,-0.011123509,0
X42,3630,-0.011302387,0
X42,3662,0.042250649,0
X42,3723,-0.019389722,0
X42,3747,0.043914445,0
X42,3756,-0.033727434,0
X42,3780,-0.007084779,0
X42,3783,0.104912669,0
X42,3824,-0.024991145,0
X42,3867,0.002592963,0
X42,3881,0.043950812,0
X42,3895,-0.036381553,0
X42,3911,0.052413728,0
X42,3940,-0.011149388,0
X42,3966,0.002268697,0
X42,3968,0.022418688,0
X42,3973,-0.024587279,0
X42,4003,-0.011125096,0
X42,4027,-0.065251938,0
X42,4087,-0.081975162,0
X42,4126,0.09431238,0
X42,4132,0.084349538,0
X42,4148,0.022314501,0
X42,4185,-0.005586396,0
X42,4200,-0.075405826,0
X43,36,-0.936764987,0
X43,191,0.672778194,1
X43,211,-0.517666814,0
X43,247,-0.143109463,0
X43,249,-0.751797755,0
X43,256,0.78157541,0
X43,283,-0.542796227,0
X43,284,0.783766907,0
X43,375,-1.039419032,0
X43,419,-0.861178427,0
X43,473,-0.122169906,0
X43,483,0.18886688,0
X43,485,-0.903416339,0
X43,503,-0.669803679,0
X43,675,0.498687024,0
X43,687,0.267038219,0
X43,712,1.594199044,0
X43,780,1.340705572,0
X43,817,1.193356681,0
X43,836,1.040950771,0
X43,851,1.919794146,1
X43,877,0.790758036,0
X43,888,-1.322093392,0
X43,907,0.693213475,0
X43,978,0.239961435,0
X43,1010,-0.196196434,0
X43,1094,-2.217813383,0
X43,1129,2.598128613,0
X43,1141,0.143916865,0
X43,1157,0.010274356,0
X43,1224,-0.189264574,0
X43,1249,0.915287312,0
X43,1291,-0.024508031,0
X43,1332,0.654127561,0
X43,1389,0.975780003,0
X43,1392,0.460971367,0
X43,1421,-0.053568055,0
X43,1426,0.90041048,0
X43,1441,-0.297384969,0
X43,1495,-0.065722127,0
X43,1517,1.758577871,0
X43,1600,0.62676997,0
X43,1635,0.726742671,0
X43,1671,-0.194119593,0
X43,1680,0.88856616,0
X43,1700,-1.069334891,0
X43,1708,-0.685785027,0
X43,1733,-1.833199275,0
X43,1881,-1.089428591,0
X43,1898,0.277513966,0
X43,1952,-0.001612207,0
X43,1993,0.611913521,1
X43,2013,1.013531843,0
X43,2135,0.212820797,0
X43,2160,0.638158651,1
X43,2188,1.143715221,1
X43,2221,0.007988564,0
X43,2242,1.087657499,0
X43,2276,0.960664737,0
X43,2421,-0.180734029,0
X43,2483,0.312746171,0
X43,2496,0.768389212,0
X43,2534,0.406920791,0
X43,2551,-0.821587706,0
X43,2622,1.437060572,0
X43,2624,-1.165322061,1
X43,2636,0.236010872,0
X43,2648,0.497889947,0
X43,2696,-1.928093125,0
X43,2784,0.932602943,0
X43,2832,-0.455653423,0
X43,2888,-0.309131787,0
X43,2915,2.672214858,0
X43,2939,-1.526858926,0
X43,2969,-1.153732073,0
X43,2990,0.61731344,0
X43,3041,0.415527942,0
X43,3103,0.43170174,0
X43,3179,1.515748814,0
X43,3202,1.608003035,0
X43,3226,1.03085379,0
X43,3343,-0.519902122,0
X43,3345,-0.150998086,0
X43,3375,1.591626696,0
X43,3434,-1.399172142,0
X43,3440,0.8653602,0
X43,3495,-1.341739372,0
X43,3544,-1.2488501,0
X43,3546,-0.41029606,0
X43,3632,-1.649921709,0
X43,3696,0.26524053,0
X43,3705,1.80395208,0
X43,3710,0.081210587,0
X43,3747,0.325841711,0
X43,3780,-0.799860434,0
X43,3781,-1.032843142,0
X43,3783,-0.324408241,0
X43,3801,-1.665011637,0
X43,3973,0.932831917,1
X43,4113,0.93188729,0
X43,4159,0.479436463,0
X43,4168,-0.190049359,0
X43,4197,0.771540728,0
X43,4201,1.547761922,1
X44,3,-0.747842199,0
X44,156,0.439429156,0
X44,162,1.027921652,0
X44,199,-0.619567125,0
X44,211,0.183569457,0
X44,249,0.557716517,0
X44,274,0.425024169,0
X44,393,-0.401482051,0
X44,485,0.734276282,0
X44,525,0.458479711,0
X44,616,-0.288569898,0
X44,617,-0.247864606,0
X44,634,-0.040147629,0
X44,712,0.451195404,0
X44,807,-0.008472836,0
X44,817,0.075666786,0
X44,851,-0.020305557,0
X44,878,-0.499717547,0
X44,888,-0.113165133,0
X44,912,0.239099458,0
X44,959,-0.175160931,0
X44,978,-0.340683563,0
X44,989,0.026048204,0
X44,1103,-0.180808111,0
X44,1151,-0.380532945,0
X44,1187,-0.057632888,0
X44,1239,0.400665143,0
X44,1268,0.480568436,0
X44,1375,0.599068586,0
X44,1392,-0.34787397,0
X44,1483,-0.126640305,0
X44,1485,-0.209005781,0
X44,1492,-0.066405941,0
X44,1565,0.038741622,0
X44,1586,-0.469304598,0
X44,1598,0.409919755,0
X44,1600,-0.155021704,0
X44,1612,0.03305965,0
X44,1615,0.135118038,0
X44,1693,-0.466538312,0
X44,1700,0.196371255,0
X44,1824,-0.065910456,0
X44,1840,0.183864434,0
X44,1868,-0.782477808,0
X44,1879,-0.019871671,0
X44,1894,-0.934191298,0
X44,1943,-0.741975928,0
X44,1945,-0.018460329,0
X44,1997,0.332859684,0
X44,2104,-0.326641418,0
X44,2116,-0.534484909,0
X44,2135,-0.189741297,0
X44,2137,-1.198864423,0
X44,2290,-0.273141624,0
X44,2333,-0.508690593,0
X44,2452,0.018536008,0
X44,2466,-0.03158164,0
X44,2494,-0.44204786,0
X44,2496,-0.986636428,0
X44,2499,0.07895624,0
X44,2536,0.778421095,0
X44,2562,0.041701175,0
X44,2673,-0.151397145,0
X44,2816,0.613831412,0
X44,2876,-0.337731445,0
X44,2915,0.168475484,0
X44,2939,-0.175971512,0
X44,2952,0.597689727,0
X44,2953,0.248034396,0
X44,2992,0.339593876,0
X44,3099,-1.114403639,0
X44,3162,-0.648863391,0
X44,3190,0.155676807,0
X44,3201,-0.005611649,0
X44,3249,0.341252536,0
X44,3252,0.519323491,0
X44,3279,-0.355723194,0
X44,3340,-0.146657277,0
X44,3390,-0.043574802,0
X44,3440,0.270428198,0
X44,3460,-0.547691118,0
X44,3482,-0.361370201,0
X44,3512,-0.195945258,0
X44,3572,0.369657656,0
X44,3631,-0.196676675,0
X44,3642,0.233072489,0
X44,3670,0.166562807,0
X44,3705,0.429965504,0
X44,3747,0.384740415,0
X44,3772,0.088485727,0
X44,3780,0.382583028,0
X44,3849,0.269801926,0
X44,3917,0.07960276,0
X44,3964,0.049300639,0
X44,3968,-0.04203782,0
X44,4017,0.420901688,0
X44,4027,-0.250129215,0
X44,4119,0.67810926,0
X44,4121,0.325590922,0
X44,4126,-0.517434551,0
X44,4168,0.249947364,0
X44,4197,0.35482707,0
X45,107,3.816018022,1
X45,113,2.010293271,0
X45,120,-1.942641017,0
X45,156,-1.762886774,1
X45,183,-1.297596936,0
X45,283,-2.06380384,0
X45,287,0.258222316,0
X45,294,-0.044565394,0
X45,419,-0.109803381,1
X45,525,0.622118903,0
X45,561,2.307753743,1
X45,617,-1.200163949,1
X45,622,-1.691921474,0
X45,649,-0.371730062,1
X45,663,0.600696278,0
X45,769,1.636335235,0
X45,780,0.531238746,0
X45,837,-0.812739003,0
X45,876,-1.241174538,0
X45,893,1.642270714,0
X45,949,-0.610510319,0
X45,978,-0.773488948,0
X45,1010,2.638102802,1
X45,1087,2.105060423,0
X45,1094,-1.064969095,0
X45,1106,-0.81563182,0
X45,1119,1.809280693,0
X45,1224,1.135326139,0
X45,1278,-2.725705292,0
X45,1374,-1.321720212,0
X45,1426,1.147987114,0
X45,1436,-0.014386589,0
X45,1441,3.250084667,0
X45,1467,0.861578102,0
X45,1485,-1.675687224,0
X45,1517,1.557608622,0
X45,1530,2.023080768,0
X45,1568,1.287908944,0
X45,1581,-0.634904554,0
X45,1691,-0.140135263,0
X45,1709,1.6287896,1
X45,1733,-0.026400276,0
X45,1898,-0.355850468,0
X45,1973,2.04877815,0
X45,1997,-1.227795121,0
X45,2076,1.620279696,1
X45,2104,-1.52520287,1
X45,2135,-2.427631244,0
X45,2276,-0.754387069,0
X45,2332,-0.30581389,0
X45,2407,2.318242826,0
X45,2483,2.88682405,1
X45,2496,0.095885565,1
X45,2499,0.965295747,1
X45,2613,0.695066387,0
X45,2622,-1.324107798,1
X45,2638,-0.722933783,0
X45,2648,2.759712361,1
X45,2677,-0.981092623,0
X45,2706,1.555281193,1
X45,2708,-1.61433518,0
X45,2817,0.14233976,0
X45,2849,1.364060573,1
X45,2850,-0.822893334,0
X45,2972,1.520766858,0
X45,3027,-1.864313702,0
X45,3041,0.211068405,0
X45,3073,-0.321972124,0
X45,3099,2.563522661,0
X45,3121,1.903766948,1
X45,3179,-0.846486111,1
X45,3241,0.084696527,0
X45,3249,-0.638200777,0
X45,3292,-4.717954388,0
X45,3340,-3.17858872,0
X45,3371,-2.640036097,0
X45,3375,-1.509293736,1
X45,3385,0.988424557,0
X45,3396,0.957192751,1
X45,3440,-1.658434054,0
X45,3529,-0.464347152,1
X45,3544,2.226507868,0
X45,3552,-0.751454853,0
X45,3630,-1.694914023,1
X45,3632,1.524043582,0
X45,3691,-0.013825096,0
X45,3772,-0.607854086,0
X45,3780,-0.012414974,0
X45,3783,-0.58874435,0
X45,3824,0.495417752,0
X45,3877,0.685997798,0
X45,3881,-1.777781285,0
X45,3895,0.382674215,0
X45,3966,0.728127337,0
X45,4003,0.818754978,0
X45,4017,-1.420446282,1
X45,4021,0.341164468,0
X45,4041,1.55699514,1
X45,4119,-0.096871005,0
X45,4148,-2.387003605,0
X45,4159,-1.183102111,0
X45,4185,0.600341331,0
X45,4201,1.237717676,0
X46,127,1.928139583,1
X46,156,-1.219178713,0
X46,214,1.061185496,0
X46,294,1.708605836,1
X46,343,-1.707086856,1
X46,419,1.614527985,0
X46,483,3.081461596,1
X46,511,0.849018603,0
X46,530,0.57261997,1
X46,543,0.403523024,0
X46,553,1.144070443,0
X46,617,1.065416353,1
X46,634,-0.478812632,0
X46,689,-0.458918055,0
X46,758,0.872124265,1
X46,817,3.70471242,1
X46,954,-3.892631456,0
X46,989,1.014282997,1
X46,1021,0.159154789,1
X46,1061,0.903728263,0
X46,1106,1.414026742,0
X46,1129,1.263770997,0
X46,1141,1.202422563,1
X46,1154,-3.698377657,0
X46,1183,-0.933725638,0
X46,1291,0.83855138,0
X46,1312,5.379148903,1
X46,1329,3.29326504,1
X46,1374,-0.150453964,0
X46,1436,-0.463607264,0
X46,1581,-0.379261493,0
X46,1635,-2.279553346,1
X46,1655,0.428917533,1
X46,1680,-0.987238471,1
X46,1693,5.787644006,1
X46,1717,-4.363166706,0
X46,1725,-1.250591225,0
X46,1866,1.613708784,0
X46,1944,2.693849757,1
X46,1991,2.313249879,1
X46,1993,2.474741433,1
X46,2027,0.268847883,0
X46,2028,-0.53803395,0
X46,2108,-1.30826007,1
X46,2277,0.992312059,1
X46,2333,2.569796407,1
X46,2368,-0.511975437,1
X46,2434,1.87322822,1
X46,2445,-0.769782843,0
X46,2483,-1.144973678,1
X46,2494,-2.046561955,0
X46,2499,-1.787240065,1
X46,2561,3.54755019,1
X46,2601,-1.859342858,0
X46,2614,1.126208483,0
X46,2638,0.109361346,1
X46,2691,1.508321809,1
X46,2706,1.930221084,1
X46,2708,1.702270521,0
X46,2775,0.333245717,0
X46,2783,-0.837578355,1
X46,2818,-1.970793173,1
X46,2876,-3.483134752,0
X46,2962,0.698019144,0
X46,2966,-1.056172926,1
X46,2990,3.364280001,1
X46,3088,3.51012441,1
X46,3121,2.285361992,1
X46,3162,0.622091663,0
X46,3179,3.901132846,1
X46,3202,1.257187537,0
X46,3226,3.12951038,1
X46,3233,1.844067202,0
X46,3390,-1.155223248,1
X46,3436,1.290857613,0
X46,3476,1.107764953,0
X46,3529,3.856910934,1
X46,3539,-0.22012415,1
X46,3546,1.139413118,1
X46,3557,-2.298109183,0
X46,3630,-3.374923546,1
X46,3662,0.560648227,1
X46,3677,-0.19397087,1
X46,3705,0.495078633,0
X46,3727,3.426241459,1
X46,3780,2.232329389,1
X46,3783,3.583111968,1
X46,3805,-1.346935699,0
X46,3824,2.381979267,0
X46,3844,1.865176884,0
X46,3911,5.636830882,1
X46,3917,0.756735355,1
X46,3954,2.347796116,1
X46,4001,-0.571156811,0
X46,4002,-2.337600325,0
X46,4004,-1.085356798,1
X46,4039,-1.046149871,0
X46,4052,-0.914193393,0
X46,4113,-0.763713992,0
X46,4119,0.632063469,0
X46,4127,2.614174682,1
X46,4164,2.25906789,0
X47,11,-0.200979632,0
X47,156,0.379468354,0
X47,211,0.750512616,0
X47,419,-0.394846616,0
X47,499,0.5802258,0
X47,543,0.098794488,0
X47,573,-0.505894021,0
X47,575,0.716550116,0
X47,622,0.192256244,0
X47,631,-0.147895391,0
X47,675,0.113099332,0
X47,780,-0.593819201,0
X47,817,-0.477070687,0
X47,836,0.211291526,0
X47,865,0.343567325,0
X47,878,-0.243593745,0
X47,888,1.352182443,0
X47,897,0.076265473,0
X47,914,-0.118634227,0
X47,953,-0.804313156,0
X47,986,0.193532459,0
X47,1061,0.234177138,0
X47,1087,-0.201681536,0
X47,1096,0.027996757,0
X47,1106,0.230309723,0
X47,1141,-0.087805064,0
X47,1151,-0.199099909,0
X47,1187,0.182619899,0
X47,1249,0.813987262,0
X47,1400,-0.511787582,0
X47,1472,-0.241402465,0
X47,1492,0.017446466,0
X47,1495,-0.630607417,0
X47,1530,0.28210137,0
X47,1592,0.722429455,0
X47,1598,-0.057862152,0
X47,1612,-0.722780561,0
X47,1655,-0.06637899,0
X47,1671,-0.556124836,0
X47,1690,0.636018516,0
X47,1711,-0.04901887,0
X47,1729,0.053762897,0
X47,1746,-0.26644892,0
X47,1840,0.01345727,0
X47,1852,0.611608788,0
X47,1866,-1.2232637,0
X47,1891,0.25473727,0
X47,1990,-0.328800811,0
X47,1992,0.087930034,0
X47,1997,0.40773067,0
X47,1999,-0.298106895,0
X47,2104,0.161577991,0
X47,2110,-0.021930186,0
X47,2137,0.171077879,0
X47,2234,-0.892150167,0
X47,2242,-0.482329192,0
X47,2287,-0.414039207,0
X47,2368,-0.256883357,0
X47,2452,0.509108888,0
X47,2466,-0.084753292,0
X47,2483,1.009081658,0
X47,2494,0.085336109,0
X47,2499,-0.199171868,0
X47,2562,-0.742745652,0
X47,2673,-0.016044392,0
X47,2706,-0.044376224,0
X47,2771,empty,0
X47,2815,-0.049107666,0
X47,2848,-0.337987155,0
X47,2850,-0.356994091,0
X47,2969,0.218219299,0
X47,2982,0.452647955,0
X47,3017,0.003962938,0
X47,3041,0.076869656,0
X47,3064,-0.352281001,0
X47,3079,-0.293087021,0
X47,3094,-0.187258722,0
X47,3103,-0.192204472,0
X47,3179,0.650803891,0
X47,3202,-0.010415922,0
X47,3220,0.108136883,0
X47,3241,-0.29169885,0
X47,3250,-0.128434089,0
X47,3385,-0.700921366,0
X47,3436,0.179456986,0
X47,3495,-0.181421288,0
X47,3511,-1.186435615,0
X47,3544,-0.537989754,0
X47,3557,-0.438184774,0
X47,3642,0.568108133,0
X47,3756,0.291603352,0
X47,3805,-0.311407558,0
X47,3928,-0.008888233,0
X47,3954,-0.93440666,0
X47,4004,-0.752000125,0
X47,4095,-0.122966604,0
X47,4110,0.71938176,0
X47,4113,0.118472431,0
X47,4132,-0.065835755,0
X47,4184,-0.260429909,0
X48,58,-1.302354796,0
X48,107,0.166015325,0
X48,162,0.044432515,0
X48,199,-0.119172416,0
X48,247,-1.238421467,0
X48,256,0.789096636,0
X48,268,-0.085743975,0
X48,375,-0.380381049,0
X48,389,0.606105998,0
X48,401,0.300597975,0
X48,431,-0.166115381,0
X48,449,0.122068038,0
X48,486,0.629560943,0
X48,530,1.231685236,1
X48,536,0.002149882,0
X48,560,0.551211139,0
X48,675,0.599127725,0
X48,690,empty,0
X48,807,-0.136729531,0
X48,851,-1.237945089,0
X48,875,0.966624607,1
X48,888,0.596967785,0
X48,1021,-1.288536097,0
X48,1046,0.018313203,0
X48,1108,0.197697866,0
X48,1157,0.524346158,0
X48,1187,0.029096215,0
X48,1239,0.515101895,0
X48,1284,-0.002995846,0
X48,1312,0.013657859,0
X48,1332,-0.737609491,0
X48,1389,-0.749844911,0
X48,1421,0.420773362,0
X48,1426,0.710687519,0
X48,1483,0.471816433,0
X48,1492,0.300124528,0
X48,1495,-0.412868635,0
X48,1568,-0.249747335,0
X48,1580,-0.046267405,0
X48,1600,-1.283210291,0
X48,1635,0.701845204,0
X48,1671,0.16156625,0
X48,1690,1.234169011,0
X48,1746,0.311986304,0
X48,1812,0.64351194,0
X48,1829,0.408329593,0
X48,1834,-0.039044519,0
X48,1868,0.049199255,0
X48,1891,0.320153094,0
X48,1898,-0.862918356,0
X48,1938,0.273905927,0
X48,1973,-0.12542422,0
X48,1994,-0.093723109,0
X48,1997,-0.544933852,0
X48,2082,-0.603410344,0
X48,2104,0.101621622,0
X48,2241,-0.426838225,0
X48,2434,0.309732897,0
X48,2534,1.06043006,0
X48,2679,-0.974706849,0
X48,2691,-1.443209818,0
X48,2696,-0.709467812,0
X48,2783,-0.329500909,0
X48,2817,-0.64122082,0
X48,2843,-0.993916024,0
X48,2848,0.138506554,0
X48,2849,0.419002405,0
X48,2876,0.674802385,0
X48,2884,0.77613437,0
X48,2888,0.481988321,0
X48,2966,-0.603667092,0
X48,2969,-0.610358091,0
X48,2972,-0.849995151,0
X48,3202,-0.182235638,0
X48,3249,-0.45138228,0
X48,3343,-0.740449059,0
X48,3396,0.812183165,0
X48,3436,-0.724027078,0
X48,3544,0.372430638,0
X48,3612,0.655700764,0
X48,3642,1.112021271,0
X48,3677,-0.099845932,0
X48,3746,0.081782723,0
X48,3783,-0.619648092,0
X48,3801,-0.428411109,0
X48,3844,0.628501327,0
X48,3968,0.289351935,0
X48,4001,-0.172918156,0
X48,4005,-0.392122353,0
X49,43,0.596948064,1
X49,107,0.301904467,0
X49,113,0.991416622,0
X49,192,-0.98049407,0
X49,199,-0.522637028,0
X49,229,0.311079779,0
X49,268,0.322908904,0
X49,393,-0.336274262,0
X49,410,-0.638281854,0
X49,486,-0.697415081,1
X49,536,-2.032469806,0
X49,543,0.531210894,0
X49,549,-2.986609877,0
X49,631,-0.079678559,0
X49,712,0.139121519,0
X49,769,-0.091422102,0
X49,823,-0.056074692,0
X49,876,0.640292291,0
X49,912,-0.391740698,0
X49,971,-0.348779371,0
X49,986,0.560579794,0
X49,989,0.249322179,0
X49,992,0.92558142,0
X49,1064,-0.274396134,0
X49,1087,0.761395007,0
X49,1103,0.515339969,0
X49,1138,-1.832622909,0
X49,1151,-0.35555952,0
X49,1228,-2.727323187,0
X49,1268,-1.290929655,0
X49,1300,0.337584192,0
X49,1302,0.799119275,0
X49,1323,0.609773534,0
X49,1421,0.77036434,0
X49,1483,0.145906543,0
X49,1485,1.394593693,1
X49,1492,-1.717240813,0
X49,1517,-1.99992296,0
X49,1530,-0.111776684,0
X49,1655,-0.137997914,0
X49,1711,-0.648880001,0
X49,1840,-0.122080565,0
X49,1894,2.104780469,0
X49,1898,-0.768512117,0
X49,1937,1.460920978,0
X49,1938,0.706196391,0
X49,1991,0.403566031,0
X49,1992,1.462020543,0
X49,2027,0.107242609,0
X49,2028,-1.500244702,0
X49,2082,-0.465876288,0
X49,2160,-2.030345268,0
X49,2234,-1.200026646,0
X49,2287,1.509381031,0
X49,2333,1.597010892,1
X49,2445,1.263715053,0
X49,2466,-1.833669798,0
X49,2483,1.285901537,0
X49,2601,-1.838278011,0
X49,2693,-2.079392207,0
X49,2719,0.452325898,0
X49,2763,-1.637169088,0
X49,2775,1.678324416,1
X49,2876,1.368673983,0
X49,2952,-1.137760105,0
X49,2966,1.602494013,0
X49,2968,-0.535782158,0
X49,2972,1.217985863,0
X49,2982,-2.039872546,0
X49,3041,1.949394288,0
X49,3088,-0.592698981,0
X49,3162,0.481584027,0
X49,3201,3.739847595,0
X49,3252,-0.405914493,0
X49,3328,1.277560448,0
X49,3371,1.970019806,0
X49,3482,-0.163918276,0
X49,3495,2.336204279,0
X49,3552,-2.124726191,0
X49,3635,0.040878334,0
X49,3705,0.296625686,0
X49,3772,0.491706444,0
X49,3877,-2.392683885,0
X49,3917,-2.149886052,0
X49,4005,0.33724953,0
X49,4017,-0.697678202,0
X49,4027,-0.938917583,0
X49,4052,-1.177857351,0
X49,4113,1.65058212,0
X49,4119,0.132850814,0
X49,4148,0.30812679,0
X49,4185,-0.362960239,0
X49,4201,-0.865749419,0
X50,12,-1.118807809,0
X50,162,-1.040742812,0
X50,183,2.383938982,0
X50,216,-0.044557946,0
X50,256,1.977699831,1
X50,274,3.613795676,0
X50,284,-1.221716892,0
X50,294,-0.22418641,0
X50,343,5.258830326,1
X50,386,0.208024508,0
X50,410,2.767759749,0
X50,414,-1.325704191,0
X50,486,-2.068220243,1
X50,649,-1.275919768,0
X50,663,-1.320049719,0
X50,837,-0.69045091,0
X50,851,0.06709339,0
X50,893,3.098859403,0
X50,897,-1.166159973,1
X50,907,0.813422756,0
X50,959,1.728690692,1
X50,978,1.466364482,1
X50,1021,-0.603077687,0
X50,1089,1.051348843,0
X50,1094,2.355946699,1
X50,1103,-1.99651505,0
X50,1106,0.053673242,0
X50,1187,-0.588210853,0
X50,1291,0.299152574,0
X50,1392,0.18166492,0
X50,1441,-1.09574755,0
X50,1450,-1.51248996,0
X50,1512,-1.067103713,1
X50,1525,0.805005647,1
X50,1581,2.306514183,0
X50,1635,2.909427158,0
X50,1647,0.343393313,1
X50,1655,-2.804248932,0
X50,1711,1.716095719,0
X50,1746,1.885147759,0
X50,1894,0.445817678,0
X50,1991,-1.174229552,0
X50,1993,-0.194545899,0
X50,2044,2.131116004,0
X50,2135,1.032448495,0
X50,2286,empty,0
X50,2287,-3.98531719,0
X50,2305,1.803801708,0
X50,2309,1.115599382,0
X50,2333,0.900138509,1
X50,2407,0.974137995,0
X50,2434,1.608876481,1
X50,2452,1.233965541,0
X50,2467,0.108149592,0
X50,2561,2.079575497,1
X50,2614,-0.738439656,1
X50,2622,-0.14971031,0
X50,2624,-1.084148262,0
X50,2691,3.194195137,0
X50,2693,-1.264560338,0
X50,2815,-0.575694573,0
X50,2816,1.530809788,0
X50,2832,-0.360920874,0
X50,2884,-1.471642291,0
X50,2887,-2.58735883,0
X50,2888,-1.40502275,0
X50,2968,-1.2560924,0
X50,2992,2.327892554,0
X50,3073,-0.403964721,0
X50,3094,-1.297884321,0
X50,3099,-2.098228327,0
X50,3147,0.448689609,0
X50,3190,-1.265153776,0
X50,3279,0.783639432,1
X50,3328,-1.523413653,0
X50,3371,-0.182641003,0
X50,3433,2.743093426,1
X50,3460,-3.487867005,0
X50,3465,-3.39753388,0
X50,3476,1.68036355,0
X50,3529,-1.268828272,0
X50,3544,0.445627154,0
X50,3547,0.777194279,0
X50,3552,-2.671055378,0
X50,3632,-0.709085046,0
X50,3696,1.218135131,0
X50,3772,2.117353733,0
X50,3795,-0.818329226,0
X50,3801,1.360109688,0
X50,3964,-0.913942231,0
X50,3968,empty,0
X50,4005,0.377372371,0
X50,4017,0.205407918,0
X50,4029,0.01828024,1
X50,4126,2.461275111,0
X50,4142,2.300148623,0
X50,4164,1.871019868,0
X50,4197,0.558146003,0
X50,4201,3.846756256,0
X50,4204,-0.828367662,1
X51,107,-2.828800524,0
X51,113,0.940530779,1
X51,162,-2.036458627,1
X51,211,1.374641938,1
X51,214,1.548942282,1
X51,256,-0.299087542,0
X51,294,1.360579109,0
X51,308,0.309766497,1
X51,386,-1.531035831,1
X51,410,-1.111004104,1
X51,485,1.452814026,1
X51,486,-0.462925889,0
X51,511,0.6759485,1
X51,525,0.9176095,1
X51,553,0.595947191,1
X51,560,1.455055971,1
X51,622,4.107595831,1
X51,769,-0.323938858,1
X51,851,0.131749472,1
X51,954,-0.201557,1
X51,959,-1.372482389,0
X51,971,-1.943631616,0
X51,1010,2.799247432,0
X51,1021,-0.99447156,1
X51,1089,-4.960937999,0
X51,1096,2.90063879,1
X51,1108,-0.753772267,1
X51,1119,-1.287482457,1
X51,1138,-0.48437263,1
X51,1268,-0.604221616,1
X51,1329,0.888054932,0
X51,1332,1.677670479,1
X51,1359,2.77798005,1
X51,1374,1.708181724,1
X51,1375,4.307560543,1
X51,1392,1.147492153,0
X51,1421,1.947576055,1
X51,1436,-0.473188321,1
X51,1483,0.48164787,1
X51,1492,2.057141457,1
X51,1512,0.644138767,1
X51,1524,-1.667677801,1
X51,1635,0.476718803,0
X51,1680,-1.17212817,1
X51,1693,1.236607847,1
X51,1810,0.004688832,1
X51,1824,2.70697055,1
X51,1829,2.877979479,1
X51,1834,1.842324094,0
X51,1852,0.395676837,1
X51,1894,1.666758033,1
X51,1898,2.388105295,0
X51,1993,0.629887489,0
X51,1997,3.944739182,1
X51,2055,3.068818519,1
X51,2188,0.655154254,0
X51,2221,-2.785442501,0
X51,2245,0.826569298,0
X51,2576,4.081144307,1
X51,2624,2.773128624,0
X51,2666,-0.668746297,0
X51,2771,-2.198679118,0
X51,2775,-0.439722851,1
X51,2817,1.81429491,1
X51,2832,-0.813679149,1
X51,2939,3.957276448,1
X51,2962,-0.147035267,1
X51,2966,2.20600845,1
X51,2982,-0.722537008,1
X51,3027,1.744902721,1
X51,3073,1.362176947,1
X51,3088,0.996304215,0
X51,3094,1.756925148,1
X51,3179,-0.05981491,0
X51,3233,-0.880909304,1
X51,3279,3.260843404,1
X51,3292,-1.196561912,0
X51,3360,2.132398419,0
X51,3436,empty,1
X51,3476,-0.541536672,1
X51,3511,1.324733101,1
X51,3540,2.034952046,1
X51,3546,-2.197784009,1
X51,3551,0.024604725,1
X51,3571,0.731973302,1
X51,3635,-1.085036583,1
X51,3772,-2.26354532,1
X51,3801,empty,1
X51,3905,-1.214446784,1
X51,3918,-4.638096586,0
X51,3928,-2.212732995,1
X51,3964,1.685056468,1
X51,4021,1.963947866,1
X51,4052,-0.224344339,1
X51,4087,-0.535888238,0
X51,4197,-1.313705124,0
X52,107,-0.596202104,0
X52,207,0.453769324,0
X52,211,-1.609161634,0
X52,214,0.020831127,0
X52,287,-0.166579962,0
X52,308,1.430561308,0
X52,473,-0.174689071,0
X52,485,-0.980048307,0
X52,536,0.365827845,0
X52,543,-0.715654295,0
X52,560,0.110440117,0
X52,561,0.409648562,0
X52,567,0.258190005,0
X52,622,-0.665793922,0
X52,780,-0.27276602,0
X52,851,-0.082639007,0
X52,855,0.125494166,0
X52,953,-1.484675288,0
X52,1021,0.19537439,0
X52,1087,-0.436073163,0
X52,1089,-0.127994176,0
X52,1103,0.074320811,0
X52,1138,2.20039491,0
X52,1154,-1.378252109,0
X52,1239,1.007347547,0
X52,1291,-1.781265865,0
X52,1392,0.269248179,0
X52,1419,-0.59614077,0
X52,1447,0.103282622,0
X52,1483,0.240879963,0
X52,1495,-0.985549708,0
X52,1524,-0.044456476,0
X52,1654,1.149443508,0
X52,1655,-0.620314445,0
X52,1708,-1.343701237,0
X52,1733,-1.618492575,0
X52,1746,0.877268665,0
X52,1844,1.15093182,0
X52,1866,1.063610759,0
X52,1879,-1.105459662,0
X52,1886,0.790994666,0
X52,1990,0.000259858,0
X52,1992,-0.387415631,0
X52,2028,-1.170311451,0
X52,2055,-0.49025965,0
X52,2082,0.972578849,0
X52,2110,-0.041747475,0
X52,2305,-0.805919111,0
X52,2402,0.720169797,1
X52,2430,0.19219259,0
X52,2434,1.20894458,0
X52,2481,-0.362624955,0
X52,2483,-0.740626138,0
X52,2534,-0.035618916,0
X52,2561,0.383848734,0
X52,2576,-0.034914656,0
X52,2719,0.531260223,0
X52,2771,0.361645626,0
X52,2783,1.794136741,0
X52,2832,-1.165038223,0
X52,2849,0.506926343,0
X52,2887,-0.254686317,0
X52,2888,0.020136105,0
X52,2893,-0.336524221,0
X52,2939,-0.087034051,0
X52,2972,-0.413296594,0
X52,3017,0.037692555,0
X52,3088,-0.186582171,0
X52,3103,-0.129413427,0
X52,3190,0.366478489,0
X52,3241,-1.215633441,0
X52,3252,1.768866942,0
X52,3279,0.85559767,0
X52,3360,-1.003037292,0
X52,3375,0.101300825,0
X52,3390,1.43119309,0
X52,3512,1.01304672,0
X52,3544,0.379132527,0
X52,3547,1.126819079,0
X52,3630,0.792082708,0
X52,3635,0.416443309,0
X52,3642,-0.881466274,0
X52,3705,0.799577027,0
X52,3772,-0.242547695,0
X52,3792,0.327946368,0
X52,3795,-0.658056088,0
X52,3801,-0.706639456,0
X52,3819,0.343117087,0
X52,3844,1.885121239,0
X52,3881,0.802538904,1
X52,3911,0.463478449,0
X52,3918,0.628605002,0
X52,3940,-0.392938909,0
X52,4002,0.490945356,0
X52,4027,-1.306699094,0
X52,4039,-0.27538997,0
X52,4110,-0.790137699,0
X52,4121,0.438274921,0
X52,4127,0.825629663,0
X52,4142,0.606252566,0
X52,4156,0.300347457,0
X52,4197,0.415307407,0
X53,183,0.096770165,0
X53,393,0.138825916,0
X53,525,0.215700451,0
X53,530,-0.618257359,0
X53,553,-0.502035498,0
X53,573,0.316864544,0
X53,617,-0.77228532,0
X53,622,-0.397950845,0
X53,631,0.065961124,0
X53,649,0.013815298,0
X53,782,0.34251223,0
X53,807,-0.242912584,0
X53,817,-0.340506249,0
X53,836,0.151929346,0
X53,837,0.039479499,0
X53,888,0.459710128,0
X53,897,0.05935887,0
X53,953,-0.140287524,0
X53,989,-0.237200714,0
X53,996,0.152027641,0
X53,1010,-0.091219551,0
X53,1046,0.092733058,0
X53,1087,-0.03198528,0
X53,1089,0.0261053,0
X53,1151,-0.837364599,0
X53,1187,-0.146688224,0
X53,1249,0.500860207,0
X53,1284,0.011223155,0
X53,1332,-0.386364997,0
X53,1400,-0.230607469,0
X53,1447,-0.275359687,0
X53,1525,0.291861071,0
X53,1530,-0.3572547,0
X53,1580,0.025675873,0
X53,1581,-0.116859993,0
X53,1592,-0.054002825,0
X53,1612,0.319075834,0
X53,1635,0.062823822,0
X53,1680,0.108342346,0
X53,1708,-0.193003648,0
X53,1775,-0.114424953,0
X53,1868,-0.112333596,0
X53,1938,0.417344417,0
X53,1944,-0.085350456,0
X53,1991,0.140478425,0
X53,2110,-0.126857603,0
X53,2137,-0.043448764,0
X53,2160,-0.110947466,0
X53,2188,-0.233727625,0
X53,2198,0.399776564,0
X53,2241,empty,0
X53,2287,-0.059540826,0
X53,2290,0.225443075,0
X53,2358,-0.515324516,0
X53,2434,0.135438211,0
X53,2466,-0.140420585,0
X53,2576,-0.66591623,0
X53,2679,-0.046507972,0
X53,2719,0.36777016,0
X53,2775,-0.534758324,0
X53,2783,-0.235422767,0
X53,2818,0.032422301,0
X53,2832,0.021196559,0
X53,2884,-0.327066521,0
X53,2888,0.570083816,0
X53,2972,0.175809346,0
X53,3017,-0.54129696,0
X53,3094,-0.039155857,0
X53,3099,0.049770136,0
X53,3190,0.45711611,0
X53,3252,-0.80633712,0
X53,3328,0.117871006,0
X53,3343,-0.336353192,0
X53,3396,0.242292752,0
X53,3529,-0.770205517,0
X53,3631,0.170418281,0
X53,3635,0.207643649,0
X53,3670,0.313591123,0
X53,3819,0.217275982,0
X53,3881,0.032122418,0
X53,3895,-0.393518661,0
X53,4002,0.058792168,0
X53,4003,-0.197397488,0
X53,4017,0.014255807,0
X53,4053,0.400636449,0
X53,4127,-0.381326954,0
X53,4132,-0.124849392,0
X53,4142,-0.159062666,0
X53,4159,0.431727839,0
X53,4168,-0.280460428,0
X53,4200,0.066935692,0
X54,127,-0.547709428,0
X54,170,-0.278780119,0
X54,222,0.566837912,0
X54,229,0.601272093,0
X54,247,-0.120657512,0
X54,249,0.089294921,0
X54,256,-0.307329025,0
X54,284,1.407837562,0
X54,375,-0.624858507,0
X54,473,-0.393227508,0
X54,530,0.10421418,0
X54,616,-0.751224181,0
X54,617,0.468944327,0
X54,675,-0.30640997,0
X54,689,-1.108132077,0
X54,817,-0.52969398,0
X54,855,0.843721301,0
X54,877,-1.008764669,0
X54,888,-1.164395878,0
X54,954,-1.682558899,0
X54,971,-0.696317838,0
X54,989,-0.944799681,0
X54,1008,-0.510478412,0
X54,1010,-0.239495754,0
X54,1061,1.473087558,0
X54,1064,0.03407161,0
X54,1087,-0.450126641,0
X54,1138,0.787709113,0
X54,1312,1.896160378,0
X54,1323,-0.432143441,0
X54,1329,0.668336713,0
X54,1374,-0.498418652,0
X54,1483,-1.288860859,0
X54,1495,-1.176534607,0
X54,1524,0.769386487,0
X54,1568,0.807070607,0
X54,1580,-0.898856161,0
X54,1581,0.861386049,0
X54,1655,1.402535594,0
X54,1680,-0.341708148,0
X54,1693,-1.867471519,0
X54,1700,0.428592085,0
X54,1711,-0.006564067,0
X54,1826,1.735915286,0
X54,1866,1.30847049,0
X54,1894,0.86535745,0
X54,1900,-0.919862845,0
X54,2055,-0.568473863,0
X54,2104,-0.258354474,0
X54,2116,-0.033211773,0
X54,2127,-0.352197388,0
X54,2332,-0.054270658,0
X54,2368,-0.515643015,0
X54,2421,-0.453180005,0
X54,2452,-0.46756918,0
X54,2467,0.798191153,1
X54,2534,0.385676079,0
X54,2613,-0.504196519,0
X54,2677,1.590395333,0
X54,2696,-0.38463239,0
X54,2719,-0.751720846,0
X54,2763,-1.006681545,0
X54,2771,0.024860871,0
X54,2816,-0.062095938,0
X54,2887,-0.061838409,0
X54,2972,1.085106631,0
X54,3073,0.834458378,0
X54,3079,0.281737708,0
X54,3103,0.066973331,0
X54,3231,0.462700143,0
X54,3233,0.802094699,0
X54,3241,-0.643809531,0
X54,3250,0.604851204,0
X54,3328,-0.616065169,0
X54,3345,-0.792300537,0
X54,3349,0.611957577,0
X54,3375,empty,0
X54,3434,0.75188119,0
X54,3440,-0.799229723,0
X54,3512,-0.220614005,0
X54,3529,0.890697013,0
X54,3612,0.383511351,0
X54,3819,-0.814833687,0
X54,3881,0.153102867,0
X54,3966,1.36910772,0
X54,4029,-0.085952338,0
X54,4039,-0.471636268,0
X54,4095,0.439441456,0
X54,4110,-0.882225929,0
X54,4126,0.453444602,0
X54,4132,-1.732966065,0
X54,4148,-0.300690277,1
X54,4197,0.750424222,0
X54,4201,0.125948688,0
X55,12,-0.086264734,0
X55,36,-0.061940618,0
X55,58,-0.211771055,0
X55,199,-0.672919357,0
X55,256,0.003804803,0
X55,389,-0.149070846,0
X55,393,-0.430176991,0
X55,485,-0.292907618,0
X55,525,0.128939463,0
X55,536,0.238550282,0
X55,561,-0.101617626,0
X55,573,0.186441532,0
X55,649,-0.094204871,0
X55,663,-0.574773067,0
X55,675,-0.296487525,0
X55,687,-0.107923846,0
X55,851,0.219586674,0
X55,855,0.285579553,0
X55,865,0.465959317,0
X55,912,-0.228880351,0
X55,953,-0.141889037,0
X55,954,-0.295150703,0
X55,1008,-0.142771194,0
X55,1037,-0.43486704,0
X55,1046,0.206911939,0
X55,1061,0.720830985,0
X55,1089,0.366498265,0
X55,1100,-0.220005342,0
X55,1178,-0.238770542,0
X55,1183,-0.150686335,0
X55,1224,-0.010230844,0
X55,1284,-0.072080338,0
X55,1295,0.286007573,0
X55,1300,0.47296817,0
X55,1312,0.156564213,0
X55,1447,0.251428003,0
X55,1450,-0.137750444,0
X55,1517,-0.463073572,0
X55,1580,0.137618598,0
X55,1615,-0.003923516,0
X55,1709,-0.327797282,0
X55,1894,-0.095346735,0
X55,1973,0.76035463,0
X55,1993,-0.218589882,0
X55,2013,0.275172449,0
X55,2076,-0.241885023,0
X55,2135,-0.424545609,0
X55,2221,-0.211564661,0
X55,2286,0.369385788,0
X55,2375,0.850686419,0
X55,2421,0.255678648,0
X55,2534,0.353166563,0
X55,2536,0.259325324,0
X55,2622,-0.461236845,0
X55,2636,-0.152766648,0
X55,2638,0.317350587,0
X55,2648,0.065808431,0
X55,2673,0.050706292,0
X55,2677,0.180390643,0
X55,2706,0.210250801,0
X55,2817,-0.040126626,0
X55,2884,-0.162537515,0
X55,2893,-0.216481876,0
X55,2939,0.400725647,0
X55,2969,-0.067980127,0
X55,2982,-0.119620299,0
X55,3064,0.2981987,0
X55,3079,0.003294932,0
X55,3088,-0.041299044,0
X55,3094,0.242186606,0
X55,3190,0.236009825,0
X55,3220,-0.039481885,0
X55,3231,0.046735592,0
X55,3250,0.287444316,0
X55,3328,0.151118684,0
X55,3343,-0.133560699,0
X55,3371,-0.073478126,0
X55,3396,-0.307159478,0
X55,3496,-0.114343257,0
X55,3540,-0.142555408,0
X55,3630,-0.132948297,0
X55,3635,-0.068884895,0
X55,3710,0.27143233,0
X55,3801,-0.663610598,0
X55,3819,-0.015735403,0
X55,3867,0.399278076,0
X55,3911,0.168467547,0
X55,3973,-0.020161549,0
X55,4004,-0.408113593,0
X55,4005,-0.386699164,0
X55,4021,-0.305718481,0
X55,4121,0.097493566,0
X55,4156,0.621560051,0
X55,4164,0.206998237,0
X55,4197,0.549908593,0
X56,3,-0.98985036,0
X56,12,0.260190343,0
X56,58,-0.231936636,0
X56,120,0.955632141,0
X56,191,0.340224714,0
X56,211,-0.152711513,0
X56,229,0.085820172,0
X56,249,-1.265722054,0
X56,274,0.446163598,0
X56,294,-0.007011065,0
X56,375,-1.380122749,0
X56,413,0.690507729,0
X56,419,-0.563193391,0
X56,511,1.689919987,1
X56,525,0.146519087,0
X56,613,0.637966365,0
X56,617,0.672176494,0
X56,622,0.095962275,0
X56,624,0.400992787,0
X56,630,0.226542822,0
X56,631,-0.660127159,0
X56,675,1.408466962,0
X56,807,-0.514072637,0
X56,879,-0.980892875,0
X56,888,-0.736321488,0
X56,893,0.334759657,0
X56,912,-0.22901019,0
X56,949,-0.565867184,0
X56,971,0.042136496,0
X56,989,-0.223460563,0
X56,1021,-0.251954062,0
X56,1129,0.650776951,0
X56,1154,-0.305354,0
X56,1157,-0.457714203,0
X56,1239,-0.553112598,0
X56,1447,-0.032798935,0
X56,1483,0.194929822,0
X56,1530,1.016734543,0
X56,1598,0.479692664,0
X56,1612,-0.655938031,0
X56,1615,-0.730551324,0
X56,1655,0.230970109,0
X56,1680,-1.405996915,0
X56,1717,0.606727984,0
X56,1733,-0.090216226,0
X56,1810,-0.768035044,0
X56,1881,-0.388933143,0
X56,1943,-0.188350805,0
X56,1952,-0.178124343,0
X56,2076,0.00793958,0
X56,2108,-0.151850935,0
X56,2198,-0.200896268,0
X56,2221,-0.732007622,0
X56,2276,-0.450958299,0
X56,2277,1.668913223,1
X56,2286,0.346921943,0
X56,2305,0.681211178,0
X56,2358,-0.215267023,0
X56,2368,-0.249281633,0
X56,2421,-0.565743016,0
X56,2499,0.336435313,0
X56,2536,-0.775448808,0
X56,2562,-0.862302683,0
X56,2601,-0.260160439,0
X56,2622,0.880483515,0
X56,2636,-0.333260686,0
X56,2638,1.04252978,0
X56,2696,0.734530482,0
X56,2719,0.120643977,0
X56,2816,0.249110996,0
X56,2876,-0.206512144,0
X56,2953,-0.633372284,0
X56,2969,0.378475918,0
X56,3064,-0.150889321,0
X56,3079,0.666186225,0
X56,3162,0.522968784,0
X56,3201,0.43592402,0
X56,3343,-0.987518007,0
X56,3349,0.56193563,0
X56,3360,-0.116621437,0
X56,3390,0.781105056,0
X56,3396,-0.400857278,0
X56,3440,-0.931133366,0
X56,3476,0.505319937,0
X56,3551,-0.402653762,0
X56,3631,0.498955086,0
X56,3632,-0.127014205,0
X56,3691,-0.412234595,0
X56,3756,-0.212544419,0
X56,3772,0.420408467,0
X56,3795,0.68858334,0
X56,3824,0.311927005,0
X56,3844,-1.213339088,0
X56,3877,-0.189142782,0
X56,3881,-0.504754573,0
X56,3954,-1.015177809,0
X56,3964,-1.060658845,0
X56,4001,0.837298625,0
X56,4197,-0.274292729,0
X56,4204,-0.5491811,0
X57,43,-0.498000462,0
X57,113,-0.793662885,0
X57,222,-0.446858864,0
X57,249,0.843361331,0
X57,256,0.757902359,0
X57,268,-0.07145077,0
X57,343,-0.632317278,0
X57,386,0.090134669,0
X57,410,-0.199188916,0
X57,413,0.579363269,0
X57,414,-0.563979564,0
X57,419,0.505884579,0
X57,530,0.324221875,0
X57,573,0.123490394,0
X57,617,-0.47678676,0
X57,758,0.722663228,0
X57,851,-0.134738635,0
X57,876,-0.638033571,0
X57,878,0.476520422,0
X57,897,-0.316828883,0
X57,996,0.372434816,0
X57,1010,0.339557863,0
X57,1046,-0.536360876,0
X57,1088,-1.091394378,0
X57,1106,-0.626820105,0
X57,1138,-0.091815527,0
X57,1224,-0.687537457,0
X57,1228,0.720326007,0
X57,1248,0.025658043,0
X57,1291,0.387515189,0
X57,1312,-0.358896856,0
X57,1421,0.030610939,0
X57,1436,-0.06117247,0
X57,1447,empty,0
X57,1483,-0.593234042,0
X57,1517,0.022168949,0
X57,1565,-0.927289558,0
X57,1635,0.136260092,0
X57,1654,-0.140610117,0
X57,1691,-0.562153737,0
X57,1709,-0.167760967,0
X57,1711,0.253907566,0
X57,1814,-0.482510406,0
X57,1840,0.132915569,0
X57,1879,0.337171919,0
X57,1993,0.07698606,0
X57,1997,0.879146812,0
X57,2028,0.531684814,0
X57,2055,-0.078456828,0
X57,2245,-0.422224971,0
X57,2276,0.016483856,0
X57,2287,-0.245228317,0
X57,2333,-0.357288383,0
X57,2375,0.19708968,0
X57,2561,-0.600531781,0
X57,2622,-0.888305116,0
X57,2624,-0.513648598,0
X57,2638,1.338223443,0
X57,2771,0.408659074,0
X57,2876,-0.195010201,0
X57,2887,-0.291686954,0
X57,2888,0.646022175,0
X57,2962,0.476969153,0
X57,2966,-0.564356093,0
X57,3027,0.001432279,0
X57,3064,0.176055593,0
X57,3073,0.09597106,0
X57,3162,-0.308397545,0
X57,3179,0.360594945,0
X57,3201,-0.532742092,0
X57,3220,-0.008782739,0
X57,3231,-0.439127265,0
X57,3250,-0.810705018,0
X57,3279,-0.782276389,0
X57,3496,-0.298780177,0
X57,3540,-0.421804034,0
X57,3544,-0.421711635,0
X57,3552,-0.244260215,0
X57,3557,-0.339038567,0
X57,3572,-0.164077218,0
X57,3630,0.667191109,0
X57,3631,-0.001440367,0
X57,3635,0.235888825,0
X57,3662,0.326157014,0
X57,3670,0.28699854,0
X57,3691,1.082294037,1
X57,3705,0.346108522,0
X57,3710,-0.372678435,0
X57,3780,0.042134071,0
X57,3801,0.981713782,1
X57,3805,1.104539356,0
X57,3819,0.147185778,0
X57,3849,0.429181181,0
X57,3877,-0.127611923,0
X57,3917,-0.294276098,0
X57,3928,0.334326258,0
X57,3973,0.070927293,0
X57,4052,0.096443397,0
X57,4053,0.761628239,0
X57,4148,0.267156721,0
X57,4159,0.105742702,0
X57,4168,-0.32197541,0
X57,4204,0.512794274,0
X58,127,0.141659577,1
X58,170,-0.813800446,1
X58,216,-2.910997247,1
X58,229,-0.304561402,0
X58,274,-1.479767076,0
X58,284,-0.967382523,1
X58,343,3.302799037,1
X58,360,3.367884312,1
X58,393,-0.56822084,0
X58,449,1.253682154,0
X58,530,2.068870648,1
X58,567,1.210571197,1
X58,687,4.240099387,1
X58,689,1.564520809,0
X58,769,-2.0250852,0
X58,836,6.454944057,1
X58,865,3.974929549,0
X58,953,1.608107739,1
X58,1037,0.951499768,0
X58,1089,2.94576358,0
X58,1096,3.624086248,1
X58,1129,0.114637116,0
X58,1178,-2.64099342,1
X58,1183,1.973511379,0
X58,1239,-0.899426495,0
X58,1248,-1.292915737,1
X58,1268,-2.704782843,0
X58,1389,-1.96950038,0
X58,1447,-2.970506498,0
X58,1483,3.031720899,1
X58,1530,-2.903331933,1
X58,1568,1.564353723,0
X58,1612,-2.815592327,1
X58,1655,3.757718614,0
X58,1700,2.100089416,1
X58,1812,-1.057927813,0
X58,1868,4.058574729,1
X58,1881,4.19613699,1
X58,1886,2.859354836,1
X58,1997,1.378710884,0
X58,1999,-1.913385441,0
X58,2008,-1.280584625,1
X58,2036,2.989302498,1
X58,2104,2.463767286,0
X58,2276,-1.703266863,1
X58,2286,-2.473205461,0
X58,2309,-1.419650183,0
X58,2358,-1.979065127,1
X58,2534,-2.730912068,1
X58,2551,1.810524601,0
X58,2561,-2.739275847,1
X58,2576,-3.200562892,1
X58,2719,-1.957354725,0
X58,2771,1.969056326,0
X58,2818,empty,1
X58,2843,-1.730592708,0
X58,2876,-0.424135744,1
X58,2888,3.684714242,1
X58,2893,-2.112118185,0
X58,2953,-3.812544947,1
X58,2962,0.085120722,0
X58,3064,1.06496064,0
X58,3279,1.213962202,1
X58,3280,-1.908588783,1
X58,3340,-2.449682463,0
X58,3360,0.394478734,0
X58,3375,-0.850887628,0
X58,3436,1.597981331,0
X58,3440,0.996232355,1
X58,3547,-4.108086137,0
X58,3551,2.949778494,1
X58,3631,1.162826074,1
X58,3670,-1.205644099,1
X58,3677,2.144680525,1
X58,3691,-1.247529415,0
X58,3746,1.325178386,1
X58,3795,2.150488933,0
X58,3905,0.897761499,1
X58,3917,0.773169338,0
X58,3940,1.774206786,1
X58,4005,-0.473248113,0
X58,4039,2.364492712,0
X58,4095,0.813614058,0
X58,4110,-3.577144165,0
X58,4164,1.327227783,0
X58,4184,1.229443641,1
X59,36,-0.092762143,0
X59,73,-0.048374027,0
X59,107,-0.068985173,0
X59,183,-0.077847777,0
X59,214,-0.121681879,0
X59,229,-0.221682358,0
X59,287,0.072906411,0
X59,308,0.038145119,0
X59,473,0.071411927,0
X59,486,0.137901844,0
X59,499,-0.041790528,0
X59,503,0.064872202,0
X59,549,-0.03097317,0
X59,560,-0.043083083,0
X59,613,0.145527297,0
X59,663,-0.136873476,0
X59,669,-0.027234394,0
X59,687,-0.010410225,0
X59,712,-0.033856371,0
X59,837,-0.06524502,0
X59,878,0.156275062,0
X59,912,-0.129279328,0
X59,958,-0.15199745,0
X59,959,-0.200131725,0
X59,971,0.042796674,0
X59,978,-0.012406304,0
X59,986,0.229799987,0
X59,992,-0.185219932,0
X59,1021,-0.132414579,0
X59,1064,-0.009941606,0
X59,1089,-0.15574215,0
X59,1129,0.060058161,0
X59,1248,0.002221913,0
X59,1284,0.00822447,0
X59,1302,0.038961951,0
X59,1332,-0.145460238,0
X59,1426,0.199288229,0
X59,1436,-0.067858882,0
X59,1483,-0.040784877,0
X59,1517,0.064749523,0
X59,1568,-0.095928809,0
X59,1586,-0.056688765,0
X59,1671,0.066553089,0
X59,1711,0.000120721,0
X59,1717,-0.054052805,0
X59,1775,-0.069692376,0
X59,1829,0.058587938,0
X59,1834,0.032167297,0
X59,1852,-0.076194697,0
X59,1891,-0.15814449,0
X59,1894,-0.115522934,0
X59,1898,-0.040279363,0
X59,1945,-0.145183035,0
X59,1993,-0.009831959,0
X59,2027,-0.140566414,0
X59,2055,-0.008479201,0
X59,2082,0.064566007,0
X59,2241,-0.000819567,0
X59,2276,0.118070098,0
X59,2421,-0.081611684,0
X59,2430,0.069853501,0
X59,2466,0.026370467,0
X59,2534,0.198754743,0
X59,2562,0.094841512,0
X59,2624,0.024452287,0
X59,2679,0.027814907,0
X59,2696,empty,0
X59,2719,0.178388454,0
X59,2763,-0.049187349,0
X59,2816,0.114227578,0
X59,2832,-0.015831862,0
X59,2982,-0.036536099,0
X59,3088,0.017877149,0
X59,3121,0.017054882,0
X59,3162,-0.071325828,0
X59,3328,0.052811205,0
X59,3371,-0.030996465,0
X59,3385,-0.155271312,0
X59,3433,-0.255397057,0
X59,3440,-0.086319492,0
X59,3496,-0.005629886,0
X59,3511,-0.037585052,0
X59,3630,0.193389953,0
X59,3662,0.085842991,0
X59,3670,-0.035048201,0
X59,3691,0.013710968,0
X59,3710,0.214979644,0
X59,3783,0.092614376,0
X59,3791,0.14603988,0
X59,3881,0.094505129,0
X59,3918,-0.005681927,0
X59,3940,-0.096833979,0
X59,4004,-0.020354491,0
X59,4053,0.04427695,0
X59,4113,0.062077894,0
X59,4119,0.026029133,0
X59,4132,-0.065036438,0
X60,11,0.246621968,0
X60,43,-0.161475592,0
X60,58,-0.171610677,0
X60,107,0.204165432,0
X60,170,0.350997016,0
X60,249,0.010074205,0
X60,256,-0.00350723,0
X60,283,-0.155858115,0
X60,375,0.091148933,0
X60,413,0.079941566,0
X60,473,-0.151976773,0
X60,485,-0.071557777,0
X60,543,-0.240386832,0
X60,575,-0.106501481,0
X60,780,0.18142042,0
X60,817,-0.049239481,0
X60,876,-0.256007979,0
X60,878,0.170136038,0
X60,879,0.077094946,0
X60,992,0.060181529,0
X60,1008,0.032111777,0
X60,1064,-0.1904898,0
X60,1087,0.043926362,0
X60,1108,0.045833356,0
X60,1151,-0.06780904,0
X60,1183,0.067562357,0
X60,1224,0.021019607,0
X60,1268,-0.079248219,0
X60,1312,-0.121060246,0
X60,1359,-0.076057653,0
X60,1375,-0.005046386,0
X60,1400,0.184388261,0
X60,1512,0.102893989,0
X60,1517,-0.22875852,0
X60,1552,0.011653896,0
X60,1615,-0.245996153,0
X60,1635,0.071188925,0
X60,1680,0.03831798,0
X60,1709,0.011871483,0
X60,1746,-0.088393027,0
X60,1824,0.228738522,0
X60,1829,-0.067350483,0
X60,1840,0.159215524,0
X60,1866,0.105998053,0
X60,2104,0.011491096,0
X60,2116,0.076850278,0
X60,2127,0.014561887,0
X60,2245,0.194934021,0
X60,2276,-0.230584667,0
X60,2277,0.082034478,0
X60,2402,0.00152255,0
X60,2452,0.184304216,0
X60,2496,-0.288760289,0
X60,2536,-0.236175888,0
X60,2551,-0.11392465,0
X60,2636,-0.084018405,0
X60,2719,0.059230386,0
X60,2763,-0.154633628,0
X60,2843,-0.125323542,0
X60,2849,0.200303734,0
X60,2850,0.02511585,0
X60,2887,-0.14871955,0
X60,2893,-0.062896235,0
X60,2899,-0.06486584,0
X60,3017,-0.089084078,0
X60,3064,0.033288655,0
X60,3094,0.125705792,0
X60,3103,0.128532819,0
X60,3147,-0.167288571,0
X60,3190,0.233061626,0
X60,3220,0.011568003,0
X60,3343,-0.220725892,0
X60,3436,0.203674772,0
X60,3460,0.007212779,0
X60,3512,-0.143799562,0
X60,3632,0.164239331,0
X60,3691,-0.128083406,0
X60,3772,0.124357617,0
X60,3792,-0.011117899,0
X60,3928,-0.079158401,0
X60,3966,-0.195407407,0
X60,4053,-0.133989519,0
X60,4184,-0.236981817,0
X60,4197,-0.120534072,0
X61,36,1.412023249,1
X61,107,1.582897001,1
X61,120,1.999778868,1
X61,156,-0.263398081,1
X61,162,1.004965306,1
X61,191,-1.227631262,0
X61,192,0.200813693,1
X61,256,-0.340716802,1
X61,268,1.120032828,1
X61,284,1.19327703,1
X61,308,1.463522494,1
X61,360,1.616411001,1
X61,393,1.214171611,1
X61,449,1.19239481,1
X61,511,1.2975799,1
X61,530,0.722293989,0
X61,630,0.640984257,1
X61,631,0.121759032,1
X61,663,1.227245348,1
X61,669,1.845418733,1
X61,675,0.987982512,1
X61,690,0.999065072,1
X61,780,0.502816494,1
X61,782,1.699845431,1
X61,817,0.625040765,1
X61,837,0.468792675,1
X61,855,0.896529342,1
X61,865,-0.472555571,0
X61,876,1.638055463,1
X61,877,2.318425706,1
X61,897,1.749034736,1
X61,907,0.64146882,1
X61,949,1.681968475,1
X61,992,0.88209707,1
X61,1021,-0.06323354,1
X61,1064,0.155116451,1
X61,1087,1.400131134,1
X61,1096,0.684870124,1
X61,1103,1.295536466,1
X61,1285,0.463823196,1
X61,1389,0.002857519,0
X61,1426,3.207360855,1
X61,1436,0.838852623,1
X61,1467,0.367168708,1
X61,1615,-0.08192207,0
X61,1647,2.269566646,1
X61,1700,-0.911208952,1
X61,1775,1.497939037,1
X61,1814,0.794760546,1
X61,1826,1.616908201,1
X61,1829,1.694956066,1
X61,1834,0.258241069,1
X61,1868,0.875722682,1
X61,1881,-0.750162172,1
X61,1938,-0.345939666,1
X61,1973,1.892262014,1
X61,1993,0.637494978,1
X61,1994,1.76206846,1
X61,2116,2.127321956,1
X61,2135,1.640228439,1
X61,2286,0.926328571,1
X61,2358,1.201364951,1
X61,2430,1.910317766,1
X61,2452,2.536993711,1
X61,2466,1.956702764,1
X61,2499,0.706406144,1
X61,2534,0.903741324,1
X61,2561,0.871131824,1
X61,2624,0.731578209,1
X61,2638,0.083457382,1
X61,2693,1.556644414,1
X61,2763,2.410447632,1
X61,2832,0.341720197,1
X61,2843,1.475247128,1
X61,2899,1.02690013,1
X61,2962,0.324791777,1
X61,3017,0.725759206,1
X61,3041,0.505696162,1
X61,3094,0.456029918,1
X61,3231,0.466158825,1
X61,3241,1.938391041,1
X61,3249,-0.039161985,1
X61,3252,-0.293594939,1
X61,3280,1.07464478,1
X61,3360,1.485395647,1
X61,3371,1.071443266,1
X61,3434,0.970653915,1
X61,3547,1.131133402,1
X61,3551,0.525483363,1
X61,3710,1.588736353,1
X61,3746,2.019026189,1
X61,3780,2.35815699,1
X61,3791,1.363543712,1
X61,3824,0.907925005,1
X61,3917,0.674177113,1
X61,3954,0.004489396,1
X61,4017,0.006273354,1
X61,4021,1.599540069,1
X61,4087,1.70184069,1
X61,4095,1.625600862,1
X61,4156,1.888819477,1
X61,4184,0.995875338,1
X61,4197,1.8927338,1
X61,4200,0.020322326,1
X61,4201,0.00117243,1
X62,127,-0.059948662,0
X62,156,-0.093028336,0
X62,170,-0.660006357,0
X62,211,-0.34143655,0
X62,214,0.299386275,0
X62,216,-0.357348884,0
X62,284,0.154658353,0
X62,486,0.399408485,0
X62,499,0.10247904,0
X62,553,-0.103560416,0
X62,624,-0.133432186,0
X62,649,0.309651077,0
X62,687,0.582614739,0
X62,690,0.475141551,0
X62,782,0.165715766,0
X62,817,-0.14701367,0
X62,855,0.433375918,0
X62,875,-0.007480384,0
X62,907,-0.276508599,0
X62,912,-0.20471367,0
X62,949,-0.564304591,0
X62,959,-0.324928683,0
X62,1094,0.073081886,0
X62,1138,0.367425502,0
X62,1141,-0.099924811,0
X62,1157,0.283692874,0
X62,1178,0.030664607,0
X62,1187,0.49339198,0
X62,1300,0.08232136,0
X62,1332,0.09284944,0
X62,1359,0.119909515,0
X62,1447,0.380301777,0
X62,1467,-0.117560071,0
X62,1495,-0.17267719,0
X62,1517,-0.370104304,0
X62,1581,-0.188271681,0
X62,1586,-0.093962431,0
X62,1600,-0.345958546,0
X62,1615,0.077404626,0
X62,1829,0.509316041,0
X62,1891,-0.006381195,0
X62,1898,-0.119480403,0
X62,2008,0.085146801,0
X62,2028,-0.337013348,0
X62,2110,-0.250208918,0
X62,2198,0.092742995,0
X62,2241,0.126060175,0
X62,2276,-0.111326501,0
X62,2445,0.22196091,0
X62,2494,0.05390147,0
X62,2499,0.139925113,0
X62,2561,0.287641628,0
X62,2601,0.124598078,0
X62,2614,0.056652552,0
X62,2622,0.120058178,0
X62,2706,0.57290258,0
X62,2816,0.235928284,0
X62,2818,0.332056614,0
X62,2849,-0.048538541,0
X62,2850,0.082535263,0
X62,2953,0.190532745,0
X62,2962,0.739101646,0
X62,3027,0.000777302,0
X62,3064,0.821226548,0
X62,3069,0.140633954,0
X62,3073,-0.052755501,0
X62,3088,-0.031699818,0
X62,3094,-0.174008715,0
X62,3220,0.235753679,0
X62,3226,-0.30277893,0
X62,3343,-0.230246531,0
X62,3345,-0.464361904,0
X62,3375,-0.179234662,0
X62,3396,-0.036467319,0
X62,3440,-0.300688684,0
X62,3465,0.133941947,0
X62,3482,-0.206854489,0
X62,3511,0.032396678,0
X62,3544,-0.314124597,0
X62,3551,-0.216293125,0
X62,3552,-0.176523386,0
X62,3631,0.144083316,0
X62,3662,0.380051972,0
X62,3696,0.095243676,0
X62,3746,0.284511274,0
X62,3747,-0.154431519,0
X62,3791,0.078963959,0
X62,3801,1.133369151,1
X62,3819,0.151543614,0
X62,3824,0.357590134,0
X62,3940,-0.09767992,0
X62,4004,-0.042968647,0
X62,4027,0.175271288,0
X62,4127,-0.486279394,0
X62,4159,-0.053082388,0
X63,43,-0.133269421,0
X63,58,0.756909688,0
X63,107,0.137353317,0
X63,120,-0.381918397,0
X63,127,-0.288031285,0
X63,156,0.367176897,0
X63,199,0.001320955,0
X63,268,0.163810975,0
X63,284,0.107794711,0
X63,375,0.393839136,0
X63,543,0.09813094,0
X63,567,0.521782483,0
X63,624,-0.202341736,0
X63,690,0.461149824,0
X63,758,0.259313856,0
X63,817,0.358731701,0
X63,855,0.201110622,0
X63,865,-0.398722988,0
X63,875,0.578919861,0
X63,876,0.058552652,0
X63,893,0.090563383,0
X63,897,-0.170951768,0
X63,971,-0.458397038,0
X63,1064,0.27354012,0
X63,1089,-0.318478637,0
X63,1151,-0.821886086,0
X63,1187,-0.140161288,0
X63,1249,-0.425902736,0
X63,1278,0.060356178,0
X63,1291,0.073066251,0
X63,1302,-0.544001686,0
X63,1375,-0.283438994,0
X63,1436,0.182518467,0
X63,1450,0.902999665,0
X63,1495,-0.210287188,0
X63,1512,-0.006490153,0
X63,1517,-0.383657447,0
X63,1524,-0.503034739,0
X63,1565,0.209508547,0
X63,1612,-0.15791826,0
X63,1708,0.063024029,0
X63,1729,0.21904209,0
X63,1746,-0.269109323,0
X63,1829,0.381248826,0
X63,1834,0.557596341,0
X63,1886,0.457675391,0
X63,1973,0.046595078,0
X63,1993,-0.172675762,0
X63,1999,0.064782645,0
X63,2036,-0.409419643,0
X63,2076,-0.063546933,0
X63,2127,0.414739583,0
X63,2137,-0.554627258,0
X63,2160,0.683619053,1
X63,2221,-0.287434729,0
X63,2287,-0.347821161,0
X63,2333,0.068906915,0
X63,2358,-0.328883403,0
X63,2368,0.716157215,0
X63,2445,0.367390743,0
X63,2613,0.590279898,0
X63,2719,-0.082337255,0
X63,2816,-0.112615356,0
X63,2818,0.220744302,0
X63,2953,0.949332125,0
X63,2972,0.174215177,0
X63,3069,0.534407725,0
X63,3094,-0.045418566,0
X63,3233,-0.103841783,0
X63,3292,-0.037291446,0
X63,3328,0.373550478,0
X63,3385,-0.121094183,0
X63,3396,0.010707942,0
X63,3440,0.136776284,0
X63,3495,0.02551491,0
X63,3540,0.372569013,0
X63,3631,0.012063054,0
X63,3638,-1.109422289,0
X63,3670,0.793855702,0
X63,3756,0.487088584,0
X63,3781,-0.012261953,0
X63,3783,0.405787273,0
X63,3792,-0.71771545,0
X63,3877,0.479115785,0
X63,3918,0.288464931,0
X63,3940,-0.004009136,0
X63,3973,-0.769996284,0
X63,4041,0.062646355,0
X63,4126,-0.50023345,0
X63,4164,-0.031152548,0
X63,4185,-0.663358323,0
X63,4204,0.503721068,0
X64,58,-0.955563014,1
X64,107,-0.584373344,1
X64,222,-1.742436941,0
X64,256,0.231689825,0
X64,274,1.482441435,0
X64,308,1.507094843,0
X64,375,2.146456602,0
X64,401,1.297878834,0
X64,410,-0.328994717,0
X64,413,0.875551513,1
X64,473,-0.403062122,0
X64,525,2.243167291,0
X64,553,-1.568187456,1
X64,617,2.021074122,0
X64,669,0.083894193,1
X64,837,0.388396872,0
X64,878,-0.518647586,1
X64,943,-0.683808839,0
X64,953,1.307867754,0
X64,1021,1.274453966,1
X64,1037,0.13104391,0
X64,1064,2.168492311,0
X64,1089,0.989326968,0
X64,1138,-3.277620433,0
X64,1157,-1.314626386,0
X64,1224,-1.169701848,0
X64,1278,-1.030035581,0
X64,1284,-4.747657667,0
X64,1285,3.366152853,1
X64,1332,2.787678769,1
X64,1400,3.064030306,1
X64,1483,1.917894736,0
X64,1552,2.850682338,0
X64,1586,4.047893332,0
X64,1635,-2.098237056,0
X64,1690,1.137391919,1
X64,1725,1.336946566,0
X64,1746,-2.41506229,0
X64,1852,4.667229996,1
X64,1898,0.519588449,0
X64,1943,-2.521856836,0
X64,1945,0.296456462,0
X64,1990,-1.792681735,1
X64,1993,2.26376372,0
X64,1999,-0.550335479,1
X64,2008,-1.250891593,0
X64,2013,3.39859055,0
X64,2055,0.848816423,0
X64,2104,-0.192513854,1
X64,2108,-3.610100154,0
X64,2137,1.112985658,0
X64,2242,-2.80851789,0
X64,2277,3.846617793,1
X64,2286,1.345061445,0
X64,2309,-2.544384072,0
X64,2402,-1.268357764,0
X64,2421,-0.319675475,0
X64,2551,-1.099551345,1
X64,2562,-1.952270239,1
X64,2613,1.035071544,1
X64,2636,-0.842021353,0
X64,2771,3.224462576,1
X64,2775,3.409038479,0
X64,2784,3.040691551,1
X64,2870,-0.158155378,1
X64,2876,-2.088400872,1
X64,2915,0.5307549,0
X64,2939,0.443740439,1
X64,2953,0.529948133,1
X64,2962,-1.421015582,0
X64,3041,0.41655082,0
X64,3064,2.296804054,0
X64,3147,1.324076069,1
X64,3179,0.929599585,0
X64,3220,empty,0
X64,3252,-0.329905256,0
X64,3280,0.076478455,1
X64,3340,-0.963403407,0
X64,3396,2.950591859,0
X64,3476,0.897665367,1
X64,3544,-2.820213037,0
X64,3571,2.753263861,1
X64,3638,-0.420915524,1
X64,3642,1.372938917,1
X64,3723,5.215015895,1
X64,3780,-2.689755159,0
X64,3917,1.259301457,0
X64,3968,1.685060308,1
X64,4001,-0.501834266,1
X64,4053,5.906450939,1
X64,4110,3.616876447,1
X64,4119,0.699705733,0
X64,4159,-0.819992696,0
X64,4184,2.704104253,1
X65,3,-0.312929928,0
X65,58,0.034888103,0
X65,73,0.136399224,0
X65,113,0.193267075,0
X65,120,-0.318976368,0
X65,183,-0.106538573,0
X65,207,0.076643884,0
X65,211,-0.076441579,0
X65,229,-0.217443468,0
X65,256,-0.192736585,0
X65,308,0.148863513,0
X65,386,0.246815133,0
X65,401,-0.012595256,0
X65,549,0.145483342,0
X65,622,0.339310759,0
X65,634,-0.051499856,0
X65,687,0.233369791,0
X65,823,-0.039355144,0
X65,876,0.10437899,0
X65,877,-0.337572086,0
X65,959,-0.122069066,0
X65,986,0.167798851,0
X65,992,0.012059003,0
X65,1010,-0.295661787,0
X65,1087,-0.124977428,0
X65,1088,-0.093449482,0
X65,1089,-0.023189505,0
X65,1096,0.276073996,0
X65,1103,-0.153613004,0
X65,1119,0.125752217,0
X65,1138,-0.026213446,0
X65,1178,-0.299963916,0
X65,1187,-0.049375065,0
X65,1278,0.14417196,0
X65,1300,0.15525324,0
X65,1312,-0.1759216,0
X65,1323,-0.140242882,0
X65,1329,0.238034135,0
X65,1332,-0.185634696,0
X65,1374,-0.089763134,0
X65,1441,-0.02369958,0
X65,1472,0.024342962,0
X65,1565,0.130510737,0
X65,1581,-0.109403916,0
X65,1647,0.030161573,0
X65,1708,-0.129121335,0
X65,1717,-0.240793812,0
X65,1812,-0.104484154,0
X65,1852,-0.4083287,0
X65,1990,0.235172753,0
X65,1991,-0.157541144,0
X65,1992,0.261827324,0
X65,1997,-0.17088325,0
X65,1999,0.016676056,0
X65,2008,-0.021802267,0
X65,2076,0.177472173,0
X65,2082,-0.037904938,0
X65,2116,-0.230519307,0
X65,2198,-0.171269812,0
X65,2277,-0.146568749,0
X65,2286,0.048163007,0
X65,2290,0.078597441,0
X65,2358,0.035764081,0
X65,2375,-0.159725408,0
X65,2407,0.173774385,0
X65,2452,-0.243159306,0
X65,2467,0.186298349,0
X65,2576,0.006894069,0
X65,2673,0.242748549,0
X65,2691,-0.00278806,0
X65,2696,0.112886666,0
X65,2771,0.206079271,0
X65,2818,-0.073420277,0
X65,2876,-0.225919294,0
X65,2887,0.052990693,0
X65,2893,0.0607017,0
X65,2990,-0.364556876,0
X65,3017,-0.05544965,0
X65,3079,0.299259321,0
X65,3147,0.213911946,0
X65,3190,0.348457971,0
X65,3201,-0.085686645,0
X65,3233,-0.276606969,0
X65,3292,-0.121228862,0
X65,3328,0.387359372,0
X65,3345,0.325268763,0
X65,3349,0.268459747,0
X65,3375,0.164097873,0
X65,3396,-0.037444787,0
X65,3460,0.171408661,0
X65,3482,0.296928203,0
X65,3495,-0.229141944,0
X65,3496,-0.324601813,0
X65,3612,-0.153264744,0
X65,3631,-0.104742676,0
X65,3691,-0.031574102,0
X65,3727,-0.2456561,0
X65,3780,0.216139857,0
X65,3791,-0.069318756,0
X65,3824,-0.314222412,0
X65,3849,0.044271177,0
X65,3940,0.053375571,0
X65,3954,-0.096257593,0
X65,4003,0.214528686,0
X65,4021,-0.072451582,0
X65,4027,0.059717905,0
X65,4039,-0.342414118,0
X65,4110,0.536875049,0
X65,4119,0.036990795,0
X65,4127,0.229470042,0
X65,4184,0.478723233,0
X65,4185,0.166793303,0
X66,127,0.418138448,0
X66,170,-0.107451287,0
X66,183,0.30933932,0
X66,192,0.847406942,0
X66,207,0.40033622,0
X66,211,-1.375601379,0
X66,222,-0.614921879,0
X66,247,1.030830786,0
X66,256,-0.374015767,0
X66,268,-0.002912368,0
X66,287,-0.156294992,0
X66,473,-0.091818929,0
X66,486,-0.697881631,0
X66,503,0.193756523,0
X66,530,-0.55111903,1
X66,543,-1.451297729,0
X66,669,-0.257239789,0
X66,675,0.379255739,0
X66,689,-0.568245896,0
X66,758,-0.997978227,0
X66,823,0.011814618,0
X66,837,0.322245571,0
X66,876,0.013168124,0
X66,878,0.68989974,0
X66,914,1.252213008,0
X66,978,-0.011818304,0
X66,986,0.740385576,0
X66,992,0.18075777,0
X66,1088,-0.61256434,0
X66,1100,-0.196346266,0
X66,1154,-0.134186995,0
X66,1157,0.101463214,0
X66,1249,0.929982271,0
X66,1300,-0.87921505,0
X66,1312,0.192597055,0
X66,1436,0.600431738,0
X66,1447,-0.143560624,0
X66,1467,0.877468826,0
X66,1472,-0.896296179,0
X66,1483,0.249584211,0
X66,1525,0.412894499,0
X66,1565,0.204077288,0
X66,1592,0.649060519,0
X66,1647,-0.293011511,0
X66,1655,1.10697601,0
X66,1693,-0.204251377,0
X66,1708,0.210567016,0
X66,1711,-0.373386258,0
X66,1826,-0.453670178,0
X66,1829,-0.813907912,0
X66,1840,0.090014331,0
X66,1852,-0.216863441,0
X66,1881,-0.262013565,0
X66,1886,0.764160814,0
X66,1891,-0.769165328,0
X66,1943,-1.282877487,0
X66,1952,-0.676724276,0
X66,1973,-1.315905486,0
X66,1990,0.834774596,0
X66,1991,-0.224311138,0
X66,2027,0.0448058,0
X66,2104,0.425975869,0
X66,2242,0.221575808,0
X66,2287,-0.307532942,0
X66,2333,-0.897323543,0
X66,2375,2.213831553,1
X66,2481,1.347537653,0
X66,2691,2.132733777,0
X66,2708,-0.586290244,0
X66,2719,-0.264653838,0
X66,2843,0.460440693,0
X66,2849,-0.692758942,0
X66,2876,-0.101605558,0
X66,2887,-0.585270956,0
X66,2968,0.308431741,0
X66,3201,0.255440632,0
X66,3220,1.102760278,0
X66,3250,-0.516712422,0
X66,3279,0.198079861,0
X66,3343,0.949999972,0
X66,3360,-0.457301441,0
X66,3371,-0.374185211,0
X66,3440,0.012358293,0
X66,3482,0.787150622,0
X66,3496,-0.237918747,0
X66,3546,-1.065133092,0
X66,3557,-0.461698652,0
X66,3630,-0.565167431,0
X66,3631,0.641562162,0
X66,3662,0.720612105,0
X66,3677,0.705065117,0
X66,3783,-0.784945468,0
X66,3819,-0.669684681,0
X66,3824,-0.686805971,0
X66,3940,0.637983907,0
X66,3954,-1.217820373,0
X66,3964,-0.16327498,0
X66,4029,0.778961028,0
X66,4052,0.347074514,0
X66,4113,0.866872034,0
X66,4156,0.435769789,0
X66,4184,0.27526771,0
X67,12,0.004772154,0
X67,43,0.121090473,0
X67,156,0.097173979,0
X67,192,-0.29724695,0
X67,207,0.190321151,0
X67,214,0.247350887,0
X67,222,0.182614453,0
X67,229,-0.110911333,0
X67,274,-0.117041237,0
X67,283,0.074474545,0
X67,483,-0.296077727,0
X67,503,-0.38430473,0
X67,575,-0.073496896,0
X67,649,0.208295193,0
X67,837,0.126021689,0
X67,877,-0.176706916,0
X67,888,0.145413121,0
X67,893,0.220184471,0
X67,954,0.113780235,0
X67,959,0.169101203,0
X67,996,-0.169846487,0
X67,1037,0.153545773,0
X67,1087,0.233417282,0
X67,1089,0.153941711,0
X67,1100,-0.057323358,0
X67,1108,0.094744538,0
X67,1151,-0.049684338,0
X67,1178,0.204759731,0
X67,1183,-0.302603556,0
X67,1248,-0.053888195,0
X67,1278,-0.073978599,0
X67,1295,-0.031074435,0
X67,1329,-0.293575081,0
X67,1359,-0.056841803,0
X67,1400,0.102565372,0
X67,1419,-0.217331193,0
X67,1436,0.211003466,0
X67,1441,-0.141407195,0
X67,1467,-0.184120037,0
X67,1568,-0.23964267,0
X67,1586,0.115902802,0
X67,1647,-0.229695564,0
X67,1655,0.056965568,0
X67,1671,0.122551715,0
X67,1709,-0.175757002,0
X67,1711,0.155727642,0
X67,1725,0.177606847,0
X67,1729,0.122382197,0
X67,1746,0.081620817,0
X67,1814,-0.015695056,0
X67,1824,-0.035168985,0
X67,1881,-0.270557039,0
X67,1938,0.042323381,0
X67,1991,-0.203734952,0
X67,2055,-0.104021882,0
X67,2127,-0.08392241,0
X67,2277,-0.169219093,0
X67,2332,-0.268402944,0
X67,2421,-0.104524696,0
X67,2434,-0.013133665,0
X67,2445,0.161368579,0
X67,2494,0.205130607,0
X67,2562,0.121066506,0
X67,2679,empty,0
X67,2706,0.059770376,0
X67,2816,-0.052379096,0
X67,2915,0.137237476,0
X67,2968,0.18301279,0
X67,2972,-0.186589069,0
X67,2982,0.173652505,0
X67,3027,0.128327569,0
X67,3073,-0.009314662,0
X67,3079,0.176859259,0
X67,3121,-0.297180656,0
X67,3147,0.123755779,0
X67,3201,0.164390729,0
X67,3220,0.010703541,0
X67,3249,-0.064431726,0
X67,3250,-0.111747078,0
X67,3252,0.138643721,0
X67,3280,-0.177533744,0
X67,3328,-0.188841399,0
X67,3360,-0.298132124,0
X67,3465,-0.089172887,0
X67,3496,-0.097426402,0
X67,3511,0.050527187,0
X67,3529,0.248514153,0
X67,3540,-0.103826705,0
X67,3727,-0.007888129,0
X67,3746,0.29617749,0
X67,3747,0.109125006,0
X67,3756,-0.083657764,0
X67,3877,-0.20891205,0
X67,3973,0.147953442,0
X67,4003,0.14256901,0
X67,4017,-0.010715125,0
X67,4127,0.40665228,0
X67,4164,0.152076029,0
X68,58,0.101018618,0
X68,120,1.139160487,0
X68,192,0.786232476,0
X68,287,0.668836062,0
X68,308,0.501852027,1
X68,375,-0.124715107,0
X68,393,0.588083324,0
X68,414,1.362556514,0
X68,543,-0.792296869,0
X68,553,-0.209767715,0
X68,613,1.866890049,0
X68,649,0.696404163,0
X68,663,-0.329467547,0
X68,689,0.562384619,0
X68,758,1.724733165,0
X68,769,0.294056815,0
X68,782,-0.200259108,0
X68,807,-0.927207661,0
X68,817,0.140665278,0
X68,823,-2.598418686,0
X68,851,0.392044193,0
X68,877,0.800274259,0
X68,888,-0.48603801,0
X68,914,-0.788181602,0
X68,943,-0.780347937,0
X68,958,0.407481018,0
X68,971,-0.410979661,0
X68,1010,2.502837619,0
X68,1021,0.02637481,0
X68,1141,0.37962376,0
X68,1187,1.942389251,1
X68,1248,-0.617857815,0
X68,1291,-0.14235291,0
X68,1300,0.25543728,0
X68,1323,0.511042175,1
X68,1375,0.003480892,0
X68,1400,-1.676906986,0
X68,1467,-0.145790175,0
X68,1492,0.327915357,0
X68,1517,1.53320788,0
X68,1525,0.60509587,0
X68,1568,0.507671505,0
X68,1586,-0.015916433,0
X68,1598,-0.781633052,0
X68,1647,-0.638331181,0
X68,1690,0.242257897,0
X68,1725,-0.213304409,0
X68,1812,2.228844791,0
X68,1829,-1.125271761,0
X68,1834,empty,0
X68,1886,-1.179773622,0
X68,1938,-1.42593811,0
X68,1943,2.248263411,0
X68,1997,2.396583945,0
X68,2135,-0.419283437,0
X68,2137,0.232772442,0
X68,2160,0.039826939,0
X68,2241,0.608925953,0
X68,2277,-0.124379937,1
X68,2286,-0.320784899,0
X68,2333,-0.343416733,0
X68,2430,-0.735700829,0
X68,2494,0.519760877,0
X68,2614,1.934316262,1
X68,2622,1.384586479,0
X68,2636,-1.470403276,0
X68,2666,0.570142447,0
X68,2693,1.399080931,0
X68,2696,1.164533992,0
X68,2706,-0.319508824,0
X68,2784,-0.834188609,0
X68,2816,0.696588604,0
X68,2818,0.242908779,0
X68,2849,0.469454134,1
X68,2850,-1.250243745,0
X68,2888,1.643721882,0
X68,2966,2.304662143,0
X68,3064,-0.627843325,0
X68,3162,-0.027139048,0
X68,3231,0.097728534,0
X68,3235,-1.531351419,0
X68,3328,1.138470317,0
X68,3390,-0.363125706,0
X68,3396,0.020756535,0
X68,3496,1.127615286,1
X68,3544,-1.572417562,0
X68,3546,0.160273155,0
X68,3547,1.612748338,0
X68,3552,-0.721729616,0
X68,3557,-0.196395616,0
X68,3612,1.23424482,0
X68,3691,-0.696297211,0
X68,3772,-1.60433209,0
X68,3791,-1.295536692,0
X68,3801,2.50351913,1
X68,3819,-0.283632313,0
X68,3867,-0.721099987,0
X68,3905,2.072073212,0
X68,3954,-0.441174529,0
X68,3973,-0.401307978,0
X68,4021,0.582535477,0
X68,4052,-0.347260366,0
X68,4110,0.354043834,0
X68,4119,-1.134362569,0
X68,4121,-0.459335855,0
X68,4132,-0.383345028,0
X68,4159,-0.917647257,0
X68,4168,-0.580505592,0
X68,4185,-0.547316859,0
X69,3,-0.307100397,0
X69,113,-0.126317838,0
X69,156,0.950966468,0
X69,183,0.978775461,0
X69,191,-0.886780446,0
X69,192,-0.96758792,0
X69,207,-1.211241755,0
X69,229,-0.350291481,0
X69,247,0.634441438,0
X69,283,1.189996868,0
X69,284,0.160061633,0
X69,343,-0.65559646,0
X69,375,-0.973654141,0
X69,386,0.677357047,0
X69,389,1.145838043,0
X69,393,-0.020126616,0
X69,401,0.841111292,0
X69,414,-0.875884823,0
X69,473,0.412148646,0
X69,503,0.825537871,0
X69,511,0.32951672,0
X69,530,0.455509325,0
X69,549,1.327139913,1
X69,553,0.54982176,0
X69,613,-0.717603396,0
X69,616,-0.089687118,0
X69,622,-0.047938682,0
X69,669,0.043812466,0
X69,675,-0.6398251,0
X69,689,-0.644252764,0
X69,823,-0.856233689,0
X69,837,-0.690058124,0
X69,877,0.418302881,0
X69,879,-0.436800307,0
X69,978,-0.240317585,0
X69,996,0.034897973,0
X69,1037,0.867637659,0
X69,1061,0.44326528,0
X69,1094,0.046824902,0
X69,1119,-0.905092982,0
X69,1141,0.5277039,0
X69,1154,-0.21020982,0
X69,1178,0.032705011,0
X69,1187,1.027789772,0
X69,1268,-1.287854198,0
X69,1300,-0.214941134,0
X69,1312,-0.205207778,0
X69,1375,0.392601768,0
X69,1447,0.799147387,0
X69,1450,-0.060656747,0
X69,1524,0.351340426,0
X69,1525,1.360927201,0
X69,1592,-0.21734725,0
X69,1635,0.37211187,0
X69,1654,-1.306181779,0
X69,1709,2.108541535,1
X69,1829,-0.735019915,0
X69,1852,-0.482914461,0
X69,1866,-0.050763303,0
X69,1881,0.522507217,0
X69,1891,-0.139421401,0
X69,1900,0.88489823,0
X69,1944,0.446730706,0
X69,1973,0.692957579,0
X69,1999,-0.957507222,0
X69,2008,-0.072105451,0
X69,2036,0.4915912,0
X69,2137,0.092001853,0
X69,2221,1.605549931,0
X69,2234,0.017584545,0
X69,2241,0.245745286,0
X69,2286,0.044013164,0
X69,2368,-0.762124649,0
X69,2421,-0.521384302,0
X69,2466,0.347705184,0
X69,2576,-0.900087581,0
X69,2613,-0.750207502,0
X69,2622,0.197958338,0
X69,2696,0.036336355,1
X69,2775,0.177337472,0
X69,2818,-0.776368159,0
X69,2879,-0.588226919,0
X69,2884,1.695997447,0
X69,2972,-0.644119262,0
X69,3027,0.19837877,0
X69,3249,0.536269094,0
X69,3343,-0.062011201,0
X69,3360,0.286762559,0
X69,3434,-0.748240781,0
X69,3465,0.190183217,0
X69,3476,-0.675259515,0
X69,3495,-0.959015613,0
X69,3512,0.162974484,0
X69,3539,-0.68836953,0
X69,3540,-0.563433453,0
X69,3544,-0.266158407,0
X69,3630,-0.923734235,0
X69,3635,0.373871848,0
X69,3642,-0.23475155,0
X69,3662,0.512949153,0
X69,3670,-0.810030128,0
X69,3710,-0.850925525,0
X69,3747,0.698068222,0
X69,3783,0.526282072,0
X69,3801,0.842752511,0
X69,3877,0.725099614,0
X69,3905,-0.644167797,0
X69,3911,1.258835868,0
X69,3954,0.580002041,0
X69,3964,-0.89213407,0
X69,3973,0.939898088,0
X69,4001,0.803670586,0
X69,4004,0.153035838,0
X69,4121,0.673281524,0
X70,43,1.121029347,1
X70,73,2.356941108,1
X70,113,2.533675452,1
X70,127,0.35908199,1
X70,162,-0.27890292,0
X70,191,1.100092746,1
X70,207,2.068341983,1
X70,214,0.730447497,1
X70,229,2.388351109,1
X70,274,-1.158596466,1
X70,393,0.104717031,1
X70,401,0.303094799,1
X70,410,0.017385785,0
X70,413,1.307709895,1
X70,419,-1.320103328,0
X70,553,0.295202525,1
X70,567,0.949975397,1
X70,616,-0.295542701,1
X70,622,1.050713723,1
X70,780,0.316772254,1
X70,817,0.152091284,1
X70,823,0.908707007,1
X70,875,0.097872766,1
X70,876,2.75676757,1
X70,986,-0.443180975,0
X70,989,2.272021116,1
X70,1064,1.611088874,1
X70,1089,0.875086937,1
X70,1141,0.858492676,1
X70,1224,-0.5740245,1
X70,1248,0.484598553,1
X70,1249,2.848122184,1
X70,1291,1.496041145,1
X70,1323,1.228993895,1
X70,1359,0.025678262,1
X70,1375,-1.209943009,1
X70,1450,1.900626121,1
X70,1472,-1.004786744,1
X70,1495,2.099178398,1
X70,1512,-0.600528977,1
X70,1524,0.987000086,1
X70,1552,1.874403271,1
X70,1568,1.027529518,0
X70,1612,0.811822041,1
X70,1725,-0.705111342,1
X70,1746,-0.108209785,1
X70,1775,0.920796353,1
X70,1812,1.84592136,1
X70,1891,0.703898992,1
X70,1894,1.622522206,1
X70,1944,1.735527527,1
X70,1991,0.999772381,1
X70,1994,1.356511412,1
X70,2008,0.55316256,1
X70,2082,1.206008427,1
X70,2110,0.809036287,1
X70,2116,3.087089772,1
X70,2135,-0.982111989,0
X70,2137,-0.034318516,1
X70,2241,0.472312341,1
X70,2286,0.335979158,1
X70,2333,2.349415903,1
X70,2421,1.687810467,1
X70,2466,1.114738718,1
X70,2499,1.287746068,1
X70,2534,0.808076168,1
X70,2536,2.551560034,1
X70,2576,0.817198085,1
X70,2613,0.447254913,1
X70,2849,1.407276226,1
X70,2899,0.941322703,1
X70,2969,-0.215160453,1
X70,2972,2.16748554,1
X70,3027,1.999803555,1
X70,3069,0.628735258,1
X70,3079,2.256816277,1
X70,3249,0.471743958,1
X70,3250,1.9668282,1
X70,3279,-2.269752572,1
X70,3328,1.181066405,1
X70,3385,2.031937855,1
X70,3482,1.483900815,1
X70,3511,-0.849927596,1
X70,3612,0.46112066,1
X70,3632,-1.189833289,1
X70,3635,-0.357646947,1
X70,3642,2.262533693,1
X70,3727,1.100325639,1
X70,3783,2.782362919,1
X70,3792,empty,1
X70,3867,2.518688427,1
X70,3968,1.74075166,1
X70,4004,1.806511101,1
X70,4017,0.922983385,1
X70,4029,1.017636947,1
X70,4110,0.686152691,1
X70,4121,-0.670537926,1
X70,4132,1.247896739,1
X71,12,-0.831270904,0
X71,36,0.940508198,0
X71,43,-1.151312045,0
X71,113,1.043006622,0
X71,127,-2.914129367,0
X71,207,-2.333983855,0
X71,222,0.107390725,0
X71,249,0.716725371,0
X71,268,1.079738387,0
X71,449,-0.687618642,0
X71,499,0.07671424,0
X71,613,-1.117390622,0
X71,616,-1.903012603,0
X71,630,1.82094985,1
X71,634,-0.917640662,0
X71,649,0.723876441,0
X71,663,empty,0
X71,712,-0.897684036,0
X71,782,-0.493760395,0
X71,823,1.149270318,0
X71,837,-1.055129604,0
X71,876,0.438328334,0
X71,888,-0.456197512,0
X71,893,-1.678342057,0
X71,897,-0.071094731,0
X71,907,-0.081246379,0
X71,914,-0.725996796,0
X71,989,1.962567871,1
X71,992,0.587110261,0
X71,1008,1.771169559,0
X71,1021,3.344942173,1
X71,1088,-1.239325076,0
X71,1094,-1.415041614,1
X71,1106,-0.867690948,0
X71,1108,-0.473207268,0
X71,1138,0.692874393,1
X71,1141,-0.188005954,0
X71,1151,1.922839823,1
X71,1183,0.770335581,0
X71,1224,-2.099615089,0
X71,1278,0.48625496,0
X71,1284,-0.836406752,0
X71,1323,-1.123491599,0
X71,1400,-0.159274551,0
X71,1419,0.999088358,0
X71,1436,1.911643514,0
X71,1467,-1.366097187,0
X71,1600,0.298140331,0
X71,1711,-0.576197649,0
X71,1717,-2.031363204,0
X71,1812,0.70485539,0
X71,1834,-0.664777778,0
X71,1844,-1.300603116,0
X71,1868,-0.521470718,0
X71,1886,1.237105372,0
X71,1891,1.158966567,0
X71,1992,0.401232192,0
X71,1993,1.447479108,1
X71,1994,-0.449998119,0
X71,2008,0.257889977,1
X71,2028,1.963507414,0
X71,2044,0.68303863,0
X71,2076,1.085723458,0
X71,2127,3.102609774,1
X71,2135,-0.302909804,0
X71,2198,0.69214884,0
X71,2305,2.279336736,0
X71,2375,-0.43727458,0
X71,2407,-0.47494743,0
X71,2421,-0.421179349,0
X71,2483,-0.951506709,0
X71,2494,-0.005971307,0
X71,2624,-1.812430112,0
X71,2638,1.559183327,0
X71,2673,0.079820313,0
X71,2775,-0.444790495,0
X71,2783,0.481440838,0
X71,2818,1.148129815,1
X71,2879,2.685426655,1
X71,2939,0.458940289,0
X71,2962,-0.273641686,0
X71,2990,1.629008623,1
X71,3069,0.594467156,0
X71,3201,0.690145388,0
X71,3433,-0.783319109,0
X71,3434,empty,0
X71,3436,-0.478315703,1
X71,3482,0.42566843,0
X71,3572,0.514480489,0
X71,3632,1.03187461,0
X71,3635,3.613762801,1
X71,3642,0.661474288,1
X71,3662,0.847877113,0
X71,3670,-1.076996748,0
X71,3705,0.579483402,0
X71,3747,0.88575741,1
X71,3849,0.796526266,0
X71,3918,0.426302897,0
X71,3973,0.599176587,0
X71,4017,0.323896775,0
X71,4110,-0.103711969,0
X71,4168,1.025357927,0
X73,12,-0.463266965,0
X73,36,-0.519810362,0
X73,120,0.749244663,0
X73,127,-0.279646108,0
X73,170,-0.978910974,0
X73,199,0.16723487,0
X73,211,0.436210923,0
X73,249,0.044338753,0
X73,274,0.146266407,0
X73,308,0.017083276,0
X73,386,-0.808382696,0
X73,393,0.368360405,0
X73,413,0.359861395,0
X73,419,-0.323079371,0
X73,486,1.138760972,0
X73,553,0.461132881,0
X73,575,-0.200219201,0
X73,631,0.977400222,0
X73,649,-0.117894077,0
X73,689,0.356719841,0
X73,782,-0.787176675,0
X73,875,-1.006511086,0
X73,877,0.070222471,0
X73,878,-0.238743822,0
X73,989,0.58599187,0
X73,992,-0.74747437,0
X73,1087,0.17459788,0
X73,1094,-0.101941323,0
X73,1106,-0.287832984,0
X73,1141,1.233948585,0
X73,1154,-1.14826193,0
X73,1157,-0.282247135,0
X73,1278,-0.40156709,0
X73,1323,0.661512842,0
X73,1389,0.12444244,0
X73,1467,0.170907829,0
X73,1517,0.343032686,0
X73,1530,0.386933419,0
X73,1552,0.326839943,0
X73,1565,-0.387688384,0
X73,1693,0.815071269,0
X73,1708,0.433761492,0
X73,1717,0.104331929,0
X73,1812,-0.370948864,0
X73,1814,1.122372727,0
X73,1826,-0.370740163,0
X73,1881,0.651484436,0
X73,1898,-0.028085754,0
X73,1937,-0.030872192,0
X73,1943,-0.355967974,0
X73,2027,-0.543870281,0
X73,2055,0.540582742,0
X73,2076,0.682932523,0
X73,2108,-0.138194756,0
X73,2110,1.582014028,1
X73,2135,-0.469069038,0
X73,2245,1.202315144,0
X73,2276,-1.148597124,0
X73,2368,0.498075971,0
X73,2445,-0.592909385,0
X73,2466,0.260548541,0
X73,2481,0.186166545,0
X73,2494,0.227633508,0
X73,2613,1.583293085,0
X73,2636,-0.537358851,0
X73,2638,-0.408455785,0
X73,2666,0.40806718,0
X73,2679,-1.290848447,0
X73,2706,0.179026309,0
X73,2817,1.0968829,0
X73,2832,-0.576363279,0
X73,2870,-0.076085565,0
X73,2876,0.112354693,0
X73,2915,0.63666456,0
X73,2966,-0.68040487,0
X73,2969,-0.685609179,0
X73,3041,-0.656409752,0
X73,3094,-0.001089167,0
X73,3121,-0.639417093,0
X73,3201,0.33011993,0
X73,3226,0.214558447,0
X73,3292,-0.23727565,0
X73,3340,0.113302691,0
X73,3371,0.515186641,0
X73,3460,0.075174288,0
X73,3512,0.011517436,0
X73,3540,0.795833921,0
X73,3572,-1.245219671,0
X73,3630,-0.428791032,0
X73,3642,0.22666154,0
X73,3662,-0.546304849,0
X73,3670,0.225445719,0
X73,3677,-0.358282705,0
X73,3801,0.160113981,0
X73,3867,0.52385706,0
X73,3905,0.064821458,0
X73,3973,-0.809727709,0
X73,4004,0.334263481,0
X73,4017,-0.58588876,0
X73,4087,0.3135254,0
X73,4184,0.418702094,0
X73,4201,0.368791258,0
X73,4204,-0.036116518,0
X74,12,0.817512761,1
X74,43,0.940865545,1
X74,207,1.017408924,1
X74,222,0.913321266,1
X74,256,0.920278567,1
X74,308,1.050070107,1
X74,401,0.822930108,1
X74,414,1.044732436,1
X74,499,1.129757852,1
X74,530,0.963269841,1
X74,543,1.174857045,1
X74,573,0.892408257,1
X74,575,0.956304238,1
X74,616,0.875192185,1
X74,622,0.95921417,1
X74,649,0.928151497,1
X74,689,1.104000423,1
X74,758,1.013037411,1
X74,823,0.98481283,1
X74,836,0.993195984,1
X74,897,1.167453449,1
X74,907,0.872702771,1
X74,914,0.931817899,1
X74,943,1.019356987,1
X74,978,0.933872693,1
X74,1021,0.902262242,1
X74,1089,1.215415026,1
X74,1106,0.917206671,1
X74,1154,0.93720804,1
X74,1224,1.044462765,1
X74,1239,0.932777954,1
X74,1249,0.909377751,1
X74,1332,0.943136036,1
X74,1400,1.029442111,1
X74,1419,empty,1
X74,1472,0.855243276,1
X74,1492,1.070992605,1
X74,1512,1.076745736,1
X74,1565,1.014674526,1
X74,1586,0.960173396,1
X74,1592,0.868596267,1
X74,1612,0.963900974,1
X74,1708,0.994522245,1
X74,1709,0.965184164,1
X74,1729,1.071501425,1
X74,1775,0.837907698,1
X74,1829,0.839590093,1
X74,1898,1.001529222,1
X74,1973,1.023608859,1
X74,2104,1.026199943,1
X74,2108,0.974609152,1
X74,2188,0.963591838,1
X74,2305,1.026787817,1
X74,2483,0.960915451,1
X74,2496,0.99926171,1
X74,2576,1.270712804,1
X74,2817,0.976173926,1
X74,2818,0.920085387,1
X74,2843,0.938555392,1
X74,2939,1.089385851,1
X74,2969,1.150763724,1
X74,2990,1.153521169,1
X74,3147,0.889425453,1
X74,3179,0.752193976,1
X74,3231,1.136466958,1
X74,3340,1.099737512,1
X74,3345,1.198756197,1
X74,3433,0.898562444,1
X74,3434,0.975677467,1
X74,3496,1.135477392,1
X74,3512,0.930302205,1
X74,3547,0.907730729,1
X74,3557,0.99136573,1
X74,3631,0.945025442,1
X74,3642,1.045543446,1
X74,3662,0.994962041,1
X74,3677,1.272733846,1
X74,3746,0.863374862,1
X74,3783,0.887790065,1
X74,3791,1.074036253,1
X74,3849,1.208216138,1
X74,3867,1.028801186,1
X74,3877,1.006295551,1
X74,3940,0.972950613,1
X74,4113,1.052245448,1
X74,4126,1.089355743,1
X74,4156,0.980197872,1
X74,4168,0.989479896,1
X75,11,-0.64703357,0
X75,43,0.34368312,0
X75,58,0.133988829,0
X75,107,-0.309263843,0
X75,113,0.522945896,0
X75,127,0.207521185,0
X75,156,0.337791443,0
X75,170,-0.69527235,0
X75,214,1.227533198,0
X75,229,0.613226562,0
X75,360,-0.201316232,0
X75,389,0.661514708,0
X75,414,0.272928527,0
X75,419,-0.113451669,0
X75,449,-0.31203107,0
X75,503,0.156883213,0
X75,511,-0.737143719,0
X75,649,0.720443601,0
X75,712,0.080640779,0
X75,769,-0.5845449,0
X75,837,-0.118816214,0
X75,954,0.076071528,0
X75,978,0.285126307,0
X75,1046,0.897983745,0
X75,1087,0.034792303,0
X75,1103,1.4374027,0
X75,1187,0.024562236,0
X75,1224,-0.397085584,0
X75,1228,1.055339976,0
X75,1284,-0.566984021,0
X75,1295,1.078373204,0
X75,1300,-0.720032367,0
X75,1332,-0.025269737,0
X75,1359,0.403776015,0
X75,1375,-1.229865733,0
X75,1419,1.344221818,0
X75,1485,0.216731093,0
X75,1615,-0.507428705,0
X75,1635,-0.513985076,0
X75,1647,-0.241459458,0
X75,1834,1.326946624,0
X75,1852,1.214977779,0
X75,1898,-0.147350435,0
X75,1900,0.389564282,0
X75,2028,-0.352474476,0
X75,2082,1.713277327,0
X75,2135,-1.637097099,0
X75,2276,-0.40970167,0
X75,2445,-0.873720644,0
X75,2534,0.533852874,0
X75,2561,0.187655224,0
X75,2576,-0.011991685,0
X75,2696,0.278458916,0
X75,2708,1.042004001,0
X75,2719,0.175434465,0
X75,2815,0.053332429,0
X75,2848,-1.075834644,0
X75,2870,-0.245653139,0
X75,2876,0.050697563,0
X75,2884,-0.260717507,0
X75,2962,0.074700413,0
X75,2968,1.045159488,0
X75,2982,0.51691934,0
X75,2992,0.472536729,0
X75,3103,0.060038471,0
X75,3121,1.184161658,0
X75,3190,-0.885640482,0
X75,3202,-0.600216079,0
X75,3226,0.256060501,0
X75,3252,0.94019439,0
X75,3476,-0.673607425,0
X75,3482,0.256103358,0
X75,3496,-1.831898051,0
X75,3511,-1.560009995,0
X75,3512,0.297974312,0
X75,3529,1.326377411,0
X75,3551,-1.555280758,0
X75,3571,0.349984759,0
X75,3612,0.29665148,0
X75,3630,-0.481721895,0
X75,3696,0.40720352,0
X75,3705,-0.299120008,0
X75,3795,0.556663338,0
X75,3895,1.088525583,0
X75,3954,-0.173508704,0
X75,3973,0.843023546,0
X75,4168,-1.521689712,0
X75,4184,0.876093269,0
X76,3,-0.610340808,1
X76,43,0.600213336,0
X76,58,0.721191738,0
X76,73,0.290966861,0
X76,127,-0.498536772,0
X76,170,-0.011210056,0
X76,256,-0.765480227,0
X76,283,0.086570102,0
X76,393,-0.235645041,0
X76,401,1.466573526,1
X76,419,-0.608174422,0
X76,483,0.240771377,0
X76,486,-0.74033193,0
X76,536,0.605805369,0
X76,560,0.697245766,0
X76,561,-0.502169376,0
X76,575,0.911079522,0
X76,631,-1.866150317,0
X76,675,-0.785346312,0
X76,758,0.250028985,0
X76,769,-0.328325361,0
X76,782,0.469453319,0
X76,836,0.217317353,0
X76,837,0.757818158,0
X76,875,0.304293503,0
X76,877,-0.944906716,0
X76,897,0.29835959,0
X76,914,-0.234584546,0
X76,943,-0.930329254,0
X76,953,0.128835183,0
X76,959,0.53512618,0
X76,992,0.348330237,0
X76,996,0.984415529,0
X76,1008,0.54626473,0
X76,1061,-0.119308974,0
X76,1154,-1.888016495,0
X76,1157,0.719835904,0
X76,1178,1.016929692,0
X76,1421,-0.88931826,0
X76,1436,0.156228042,0
X76,1441,0.442583596,0
X76,1450,0.850100177,0
X76,1495,0.586974502,0
X76,1524,-0.845731456,0
X76,1580,-0.963368538,0
X76,1680,0.026582734,0
X76,1700,-0.288443985,0
X76,1810,-0.8568052,0
X76,1812,0.281318134,0
X76,1943,-0.623082709,0
X76,1952,0.469873877,0
X76,1994,-1.043557445,0
X76,2008,0.005822392,0
X76,2013,2.375662726,0
X76,2027,0.326441459,0
X76,2242,1.465569176,0
X76,2358,-1.726306853,0
X76,2368,0.572111783,0
X76,2434,0.035415182,0
X76,2496,-0.769661796,0
X76,2499,-0.793221007,0
X76,2551,0.452814238,0
X76,2614,0.249168184,0
X76,2815,2.26191307,0
X76,2832,-0.731948831,0
X76,2848,0.050819001,0
X76,2876,0.740120702,0
X76,2879,-0.979263024,0
X76,2888,-0.406770821,0
X76,2966,-0.159447851,1
X76,3027,-0.072444787,0
X76,3041,-0.900023934,0
X76,3088,0.495557295,0
X76,3094,-0.227451639,0
X76,3099,1.484413936,0
X76,3147,-1.668037743,0
X76,3162,-2.248640646,0
X76,3235,-1.21845556,0
X76,3292,-1.30871234,0
X76,3434,-1.287204546,0
X76,3436,0.298531647,0
X76,3460,1.891229631,1
X76,3551,-0.394203441,0
X76,3557,-1.148582027,0
X76,3572,-0.580556353,0
X76,3691,-0.563442867,0
X76,3696,0.641742747,0
X76,3805,-0.004871333,0
X76,3824,1.471994813,0
X76,3881,0.080000333,0
X76,3917,-1.071862546,1
X76,3928,1.058722498,0
X76,3940,-0.100772866,0
X76,3954,0.475462899,0
X76,3966,-2.230433349,0
X76,3968,1.150774454,0
X76,3973,0.116904123,0
X76,4017,-0.354415047,0
X76,4021,-0.326925909,0
X76,4053,0.682601618,0
X76,4110,-1.419678492,0
X76,4148,-0.734629652,1
X76,4156,-0.75191544,0
X76,4197,0.241628746,0
X77,73,1.012183724,0
X77,107,0.220733743,0
X77,120,0.177727396,0
X77,191,-0.34638967,0
X77,207,0.223370448,0
X77,294,0.23989566,0
X77,308,-0.344779977,0
X77,360,0.566787469,0
X77,483,-0.173258194,0
X77,485,0.541972348,0
X77,499,-0.224284366,0
X77,503,0.01490596,0
X77,530,-0.039354491,0
X77,616,-0.461784457,0
X77,780,0.538376517,0
X77,949,0.274217805,0
X77,959,0.617688396,0
X77,1087,-0.029662165,0
X77,1096,-0.239739198,0
X77,1106,0.194177396,0
X77,1119,0.501593147,0
X77,1138,-0.74006547,0
X77,1141,-0.120257783,0
X77,1239,0.077236326,0
X77,1268,0.278323572,0
X77,1291,0.513758425,0
X77,1400,-0.163753859,0
X77,1450,-0.350932743,0
X77,1485,0.193778204,0
X77,1512,0.452048607,0
X77,1524,0.135577577,0
X77,1581,0.476007468,0
X77,1592,0.270567421,0
X77,1598,-0.442550364,0
X77,1635,0.759819418,0
X77,1647,0.156823494,0
X77,1810,-0.013675823,0
X77,1824,1.842858855,1
X77,1879,-0.236573259,0
X77,1881,-0.596906054,0
X77,1886,0.133702185,0
X77,1952,-0.53381899,0
X77,2076,-0.30398018,0
X77,2116,-0.254703564,0
X77,2137,0.204132251,0
X77,2242,-0.116895191,0
X77,2286,0.318743194,0
X77,2290,-0.233492082,0
X77,2333,0.40513474,0
X77,2467,0.009561094,0
X77,2551,0.150671843,0
X77,2576,-0.130072579,0
X77,2622,0.360844895,0
X77,2636,-0.104476097,0
X77,2638,0.306945288,0
X77,2691,-0.112415578,0
X77,2693,-0.189796667,0
X77,2771,0.434817177,0
X77,2783,0.472739076,0
X77,2784,0.332627468,0
X77,2816,-0.890699889,0
X77,2818,-0.090585497,0
X77,2832,-0.466430921,0
X77,2888,0.219741038,0
X77,2899,0.270843639,0
X77,2952,empty,0
X77,2969,-0.202867651,0
X77,3121,-0.004349886,0
X77,3235,-0.57715203,0
X77,3250,0.446333986,0
X77,3252,0.354344188,0
X77,3343,-0.295123955,0
X77,3360,0.224354363,0
X77,3433,0.214268728,0
X77,3434,-0.822519439,0
X77,3436,-0.537751693,0
X77,3465,0.197558114,0
X77,3495,0.302748202,0
X77,3540,-0.023743982,0
X77,3551,0.105285162,0
X77,3630,0.639117837,0
X77,3631,-0.612603105,0
X77,3642,-0.767926868,0
X77,3696,-0.125793125,0
X77,3746,0.177426104,0
X77,3756,0.518627331,1
X77,3781,-0.183945624,0
X77,3791,-0.151204277,0
X77,3801,0.124174731,0
X77,3805,0.199644337,0
X77,3849,0.558358137,0
X77,3917,0.348354006,0
X77,3928,-0.561415806,0
X77,4003,-0.77908283,0
X77,4027,0.846729457,0
X77,4121,-0.870944917,0
X77,4126,0.402139637,0
X77,4132,0.033852582,0
X77,4142,0.21041191,0
X77,4148,-0.02258214,0
X77,4164,0.553295066,0
X77,4184,empty,0
X77,4185,0.089717556,0
X77,4197,-0.362554382,0
X77,4204,0.143407296,0
X78,36,0.494463217,0
X78,43,0.152625409,0
X78,73,-0.045577042,0
X78,162,0.056799259,0
X78,170,-0.314262406,0
X78,211,0.217227149,0
X78,449,0.141926017,0
X78,511,0.671071855,0
X78,525,-0.268684882,0
X78,536,0.002187854,0
X78,553,0.029422322,0
X78,630,0.324192845,0
X78,649,0.264694453,0
X78,675,0.157925684,0
X78,758,-0.071041948,0
X78,876,0.552314904,0
X78,943,-0.00905944,0
X78,953,0.133204678,0
X78,986,0.334819438,0
X78,989,-0.0538055,0
X78,1061,-0.155656602,0
X78,1064,0.170687841,0
X78,1106,-0.39496103,0
X78,1129,0.408144713,0
X78,1157,0.06051793,0
X78,1224,-0.814905859,0
X78,1285,-0.30085346,0
X78,1302,0.261479769,0
X78,1359,-0.085205987,0
X78,1375,0.334327953,0
X78,1419,0.227595734,0
X78,1426,-0.140672908,0
X78,1436,-0.059273471,0
X78,1467,-0.343239562,0
X78,1483,-0.141209622,0
X78,1517,-0.125344892,0
X78,1581,-0.441925676,0
X78,1600,0.374465457,0
X78,1612,-0.040213051,0
X78,1680,-0.129301396,0
X78,1690,0.223945305,0
X78,1691,-0.036569045,0
X78,1733,0.20019398,0
X78,1746,0.197028834,0
X78,1829,-0.198714498,0
X78,1834,0.279563719,0
X78,1866,-0.002610966,0
X78,1879,-0.364960989,0
X78,1881,-0.451546032,0
X78,1891,-0.719431327,0
X78,1944,0.314002953,0
X78,1952,0.398076359,0
X78,2008,0.059599388,0
X78,2013,0.283980056,0
X78,2036,-0.418200382,0
X78,2116,0.00335338,0
X78,2242,0.031850436,0
X78,2276,-0.480544692,0
X78,2407,-0.187127897,0
X78,2421,-0.27639914,0
X78,2434,-0.374806495,0
X78,2494,0.231415774,0
X78,2561,-0.222706854,0
X78,2636,0.650789179,0
X78,2673,0.442135679,0
X78,2708,0.044226558,0
X78,2783,0.333965975,0
X78,2815,0.072293457,0
X78,2832,0.219207077,0
X78,2843,0.00291614,0
X78,2848,-0.311585446,0
X78,2893,-0.080137243,0
X78,2953,0.209419781,0
X78,2968,-0.334892983,0
X78,2969,0.527935045,0
X78,3064,0.769727182,0
X78,3162,0.005372561,0
X78,3179,0.221438297,0
X78,3190,-0.735765144,0
X78,3349,0.167016079,0
X78,3496,0.284639624,0
X78,3552,-0.001622869,0
X78,3571,-0.198389294,0
X78,3630,-0.476115065,0
X78,3631,-0.096902703,0
X78,3696,-0.060705254,0
X78,3705,0.12280196,0
X78,3727,0.198554433,0
X78,3746,0.156182278,0
X78,3877,-0.066244746,0
X78,3928,-0.127226223,0
X78,4001,-0.256932702,0
X78,4004,0.532779796,0
X78,4005,0.241757956,0
X78,4053,0.127107984,0
X78,4119,-0.20073424,0
X78,4127,-0.012273299,0
X78,4184,0.036178267,0
X78,4197,-0.579112649,0
X78,4204,-0.379943783,0
X79,127,0.667921463,0
X79,191,0.177594436,0
X79,211,-0.185418395,0
X79,229,0.956061818,0
X79,249,-0.03079445,0
X79,401,1.514019805,0
X79,419,0.802550553,0
X79,503,0.095022524,0
X79,549,0.256957966,0
X79,560,0.73912954,0
X79,567,-0.271184776,0
X79,575,1.105339963,0
X79,617,0.997920056,0
X79,624,0.215395689,0
X79,649,-0.095664839,0
X79,663,0.21572355,0
X79,712,0.022402854,0
X79,782,0.304168192,0
X79,879,-0.0797342,0
X79,907,-0.190754971,0
X79,949,0.109202065,0
X79,953,-0.425677382,0
X79,958,-0.274582721,0
X79,1087,0.6340768,0
X79,1088,0.734424815,0
X79,1100,1.043044346,0
X79,1119,0.72723535,0
X79,1141,-0.341690792,0
X79,1151,0.043552212,0
X79,1178,0.482577673,0
X79,1268,0.405850972,0
X79,1323,0.491458991,0
X79,1332,-0.056801225,0
X79,1441,0.296175762,0
X79,1552,-0.434791922,0
X79,1598,0.694442971,0
X79,1647,-0.821059885,0
X79,1680,0.665070353,0
X79,1691,-0.585393989,0
X79,1733,0.815458715,0
X79,1775,-0.357646116,0
X79,1810,0.886499017,0
X79,1834,0.972573873,0
X79,1852,-1.294999582,0
X79,1937,0.010608864,0
X79,1943,0.471919074,0
X79,1952,0.293632876,0
X79,1992,0.06427762,0
X79,1999,-0.404299889,0
X79,2013,0.867313606,0
X79,2082,0.590336262,0
X79,2116,-0.077392929,0
X79,2127,0.529867423,0
X79,2198,-0.877866521,0
X79,2309,0.255724495,0
X79,2333,-0.508907915,0
X79,2467,0.051232971,0
X79,2494,-0.432519245,0
X79,2499,-0.00409854,0
X79,2534,0.323340219,0
X79,2562,-0.009461304,0
X79,2638,-0.671415039,0
X79,2696,0.299359593,0
X79,2783,-0.323443881,0
X79,2843,-0.38602934,0
X79,2876,-0.885391339,0
X79,2953,0.21787623,0
X79,3017,0.999723286,0
X79,3147,1.190969303,0
X79,3162,-0.783703988,0
X79,3292,0.931451801,0
X79,3349,0.779370936,0
X79,3465,1.148382298,0
X79,3539,0.179321756,0
X79,3551,1.310547607,0
X79,3557,-0.264690799,0
X79,3571,1.171835804,0
X79,3612,0.159237872,0
X79,3632,-0.538096987,0
X79,3783,0.65416105,0
X79,3791,0.058173745,0
X79,3824,-0.384398272,0
X79,3877,-0.179962114,0
X79,3881,-0.114490914,0
X79,3905,0.781795256,0
X79,4001,1.0950241,0
X79,4004,-0.252653185,0
X79,4017,-0.644335729,0
X79,4027,0.803936337,0
X79,4029,-0.070635422,0
X79,4039,0.12894375,0
X79,4052,-0.369373347,0
X79,4053,0.111063749,0
X79,4087,0.046980881,0
X79,4126,0.400179399,0
X80,36,1.653219922,1
X80,107,1.951801619,1
X80,170,1.947235828,1
X80,216,0.746207998,1
X80,229,0.694665066,1
X80,268,-0.491663233,1
X80,283,0.50612925,1
X80,284,0.607921133,1
X80,294,0.251817505,1
X80,308,-1.015660236,0
X80,386,-0.067404769,1
X80,410,0.205342239,1
X80,413,0.895330736,1
X80,499,1.994543601,1
X80,511,0.744940253,1
X80,543,1.44262017,1
X80,553,0.95598034,1
X80,712,0.80503124,1
X80,837,1.952320979,1
X80,855,1.223346573,1
X80,878,0.057565577,1
X80,897,-0.7744983,1
X80,907,0.34591869,1
X80,949,0.890380313,1
X80,996,2.470839163,1
X80,1108,1.936914111,1
X80,1119,0.227428321,1
X80,1187,0.739841657,1
X80,1268,2.161224661,1
X80,1300,-0.221774848,1
X80,1389,-0.572211601,0
X80,1441,1.377675128,1
X80,1512,1.634881051,1
X80,1525,1.582247126,1
X80,1530,0.450186849,1
X80,1581,0.564333932,1
X80,1615,2.333261874,1
X80,1671,3.051254156,1
X80,1680,1.332162443,1
X80,1700,2.008016177,1
X80,1725,0.488410986,1
X80,1729,0.654762684,1
X80,1826,2.232955925,1
X80,1844,0.521425018,1
X80,1879,0.397710411,1
X80,1881,2.165477343,1
X80,1891,0.838619783,1
X80,1938,0.408805173,1
X80,1991,1.1334113,1
X80,2008,-0.02409231,1
X80,2110,3.408687864,1
X80,2160,1.37361996,1
X80,2245,0.622913589,1
X80,2286,1.849287649,1
X80,2332,0.602817565,1
X80,2333,2.179702465,1
X80,2402,-1.345388793,0
X80,2434,0.758897748,1
X80,2466,1.943155175,1
X80,2483,2.289132134,1
X80,2601,1.908163492,1
X80,2648,0.386444691,1
X80,2666,1.221790407,1
X80,2679,-0.352800337,1
X80,2815,1.669308787,1
X80,2850,0.697241287,1
X80,2899,1.864652168,1
X80,2966,1.519210204,1
X80,2968,0.868271834,1
X80,2972,1.318400288,1
X80,2990,1.269164635,1
X80,3179,0.195418648,1
X80,3226,2.705671084,1
X80,3279,2.460112421,1
X80,3340,1.31322045,1
X80,3345,0.468226856,1
X80,3371,-0.622538868,1
X80,3375,1.005914271,1
X80,3396,2.322363861,1
X80,3465,0.965854638,1
X80,3546,1.219323409,1
X80,3572,1.346553567,1
X80,3642,2.421941051,1
X80,3727,-1.141518059,1
X80,3746,0.451888588,1
X80,3783,0.505992326,1
X80,3792,1.516572453,0
X80,3877,0.881218521,0
X80,3918,-0.285465043,1
X80,4003,1.278505652,1
X80,4004,1.76623755,1
X80,4119,0.365637365,1
X80,4126,1.600610019,1
X80,4127,3.305508336,1
X80,4148,0.261508435,1
X80,4168,0.496702216,1
X80,4184,1.539233376,1
X80,4200,1.195496791,1
X81,3,0.855340853,0
X81,36,2.222293685,0
X81,107,1.964781606,1
X81,113,-4.045632933,0
X81,170,0.805450048,0
X81,199,-1.722280785,0
X81,216,0.74967128,1
X81,284,0.029543825,0
X81,393,1.183738378,0
X81,401,1.897004353,0
X81,483,-3.445634919,0
X81,525,-2.669696234,0
X81,543,-0.430291598,0
X81,575,0.828444874,0
X81,624,-1.175687153,0
X81,630,1.890702156,0
X81,631,2.063881284,1
X81,649,0.922328912,0
X81,663,1.533344669,1
X81,690,-1.755032182,0
X81,837,0.070133794,0
X81,865,0.65631813,1
X81,878,-1.105932089,0
X81,897,0.147382886,0
X81,971,-0.621717626,0
X81,989,-3.122841057,0
X81,996,2.470684463,0
X81,1037,-0.046175818,1
X81,1096,-1.905155347,0
X81,1100,-1.087583925,0
X81,1154,0.294741425,0
X81,1178,-0.142413645,1
X81,1239,3.966031753,0
X81,1278,1.751687203,0
X81,1329,-1.155869438,0
X81,1389,1.989348052,1
X81,1517,-3.193094199,0
X81,1524,1.128885596,0
X81,1525,-3.137009126,0
X81,1600,-1.532269355,0
X81,1654,4.263602289,1
X81,1691,1.869259873,0
X81,1709,2.415622464,0
X81,1810,2.111870385,0
X81,1814,2.604163368,1
X81,1866,1.673046927,0
X81,1879,1.440671644,0
X81,1881,1.520249228,0
X81,1894,1.056369902,0
X81,1898,-0.897421715,0
X81,1943,1.342152445,0
X81,1945,empty,0
X81,1952,-1.589993752,0
X81,1993,0.646450467,0
X81,1997,1.963435004,0
X81,2044,3.879538903,0
X81,2082,-0.076816909,1
X81,2108,-0.718409763,0
X81,2332,2.099838237,1
X81,2333,3.962433252,0
X81,2368,0.61413034,0
X81,2551,-1.448096884,0
X81,2648,1.519045813,0
X81,2677,-1.58590347,0
X81,2775,-0.453300542,0
X81,2832,0.786602956,0
X81,2848,-0.101738095,0
X81,2876,2.766036277,1
X81,2893,-0.161300368,0
X81,2915,1.653553277,0
X81,2969,1.977471027,0
X81,2972,-1.178992792,1
X81,3064,0.183573904,0
X81,3201,-0.88277569,0
X81,3231,0.435088088,1
X81,3235,-1.765348153,0
X81,3249,0.23273039,0
X81,3371,1.363098698,1
X81,3375,2.589363458,0
X81,3385,0.733243527,1
X81,3476,-0.335630114,0
X81,3540,0.469615824,1
X81,3547,0.974541191,0
X81,3632,1.176441631,1
X81,3696,-1.234865197,1
X81,3710,2.288733109,0
X81,3723,2.105572206,0
X81,3727,-0.299209914,0
X81,3756,-1.30136908,0
X81,3791,-0.255127534,0
X81,3801,2.421000246,1
X81,3819,3.100286942,0
X81,3824,-1.528852204,0
X81,3844,-0.243422212,0
X81,3867,2.519924141,0
X81,3973,2.201519098,0
X81,4017,1.592331421,1
X81,4110,1.162565911,0
X81,4113,empty,0
X81,4119,2.997879907,0
X81,4126,0.895149003,1
X81,4142,0.608223801,0
X81,4204,0.701200002,0
X82,120,-0.637004656,0
X82,156,-0.268523151,0
X82,222,-0.291993013,0
X82,229,-0.391798601,0
X82,247,1.025113688,0
X82,249,-0.337991603,0
X82,274,-0.058954202,0
X82,360,0.234766413,0
X82,375,0.187863738,0
X82,393,0.737709645,0
X82,401,0.049309162,0
X82,413,1.536272933,0
X82,485,-0.334134201,0
X82,503,-0.248614168,0
X82,553,0.101441612,0
X82,561,0.899894006,0
X82,622,-0.731392388,0
X82,624,0.761410913,0
X82,817,-0.831196246,0
X82,836,-0.113528587,0
X82,888,0.696425995,0
X82,907,-0.376222021,0
X82,1094,0.531518447,0
X82,1096,0.199633967,0
X82,1108,-0.015013205,0
X82,1154,-0.13665313,0
X82,1157,-0.593218099,0
X82,1239,-0.102928172,0
X82,1295,0.568110356,0
X82,1300,0.578198054,0
X82,1419,-0.145352228,0
X82,1441,-0.47658055,0
X82,1467,1.221727743,0
X82,1472,0.202989816,0
X82,1485,-0.863140967,0
X82,1512,0.489790752,0
X82,1530,-0.632396754,0
X82,1612,0.324616133,0
X82,1615,0.682624504,0
X82,1647,0.482077955,0
X82,1680,-0.307568876,0
X82,1711,0.279485939,0
X82,1725,-0.250721869,0
X82,1729,0.142022701,0
X82,1868,0.362827139,0
X82,1879,-0.007576033,0
X82,1881,0.677479237,0
X82,1891,-0.311119555,0
X82,1938,0.204785549,0
X82,1944,-0.250520718,0
X82,1973,0.247290261,0
X82,1999,-0.406614709,0
X82,2108,-0.293112363,0
X82,2137,0.00214214,0
X82,2245,-0.679990393,0
X82,2286,0.299385683,0
X82,2368,0.358334156,0
X82,2375,0.007312497,0
X82,2430,-1.388491058,0
X82,2434,0.576856429,0
X82,2466,0.342119311,0
X82,2648,0.091109851,0
X82,2708,0.155978711,0
X82,2771,0.312020435,0
X82,2784,0.82415573,0
X82,2816,1.177868427,0
X82,2848,-0.556508812,0
X82,2969,0.392904671,0
X82,2972,0.061790517,0
X82,3017,-0.696074261,0
X82,3041,-0.765345505,0
X82,3064,0.315784048,0
X82,3103,1.065742077,0
X82,3121,-0.001830583,0
X82,3162,1.26217488,0
X82,3226,0.017871721,0
X82,3231,1.234489509,0
X82,3233,-0.17183735,0
X82,3249,-0.60003377,0
X82,3279,-0.142746985,0
X82,3280,-0.370182824,0
X82,3292,-0.271537864,0
X82,3349,-0.373450685,0
X82,3390,-0.568714726,0
X82,3433,0.432029183,0
X82,3434,0.609769284,0
X82,3436,0.977384171,0
X82,3511,-1.151318386,0
X82,3551,-0.345882528,0
X82,3662,-1.103283118,0
X82,3670,0.373985218,0
X82,3746,0.2502023,0
X82,3747,-0.554839361,0
X82,3756,0.370114627,0
X82,3791,-0.04032769,0
X82,3844,-0.382719273,0
X82,3849,0.291663525,0
X82,3895,-0.32785275,0
X82,3911,-0.384113509,0
X82,3917,0.482020549,0
X82,3940,0.1599963,0
X82,3954,0.247145255,0
X82,4029,-0.109692401,0
X82,4039,0.296476509,0
X82,4041,-0.380768375,0
X82,4052,-0.025581571,0
X82,4087,0.848237361,0
X82,4110,0.675893524,0
X82,4156,0.559618249,0
X82,4197,-0.591380307,0
X82,4204,0.203647478,0
X83,107,-0.017626546,0
X83,183,-0.218335827,0
X83,229,0.0313233,0
X83,256,-0.036030935,0
X83,343,0.163350518,0
X83,386,0.022609025,0
X83,389,0.114783394,0
X83,410,-0.282756574,0
X83,431,-0.170400536,0
X83,553,-0.043708157,0
X83,567,0.098146692,0
X83,613,-0.088477962,0
X83,649,-0.041605598,0
X83,669,0.357583365,0
X83,687,0.043037027,0
X83,817,0.169501301,0
X83,823,-0.041429712,0
X83,851,0.034004257,0
X83,876,0.387149855,0
X83,877,-0.14347584,0
X83,879,0.082657164,0
X83,888,0.02699592,0
X83,943,-0.102486405,0
X83,971,0.013579097,0
X83,992,0.071652344,0
X83,996,0.056500231,0
X83,1046,0.001603383,0
X83,1088,0.177893622,0
X83,1151,-0.100039377,0
X83,1178,-0.099268986,0
X83,1248,-0.022519845,0
X83,1278,-0.243120877,0
X83,1284,-0.067240001,0
X83,1295,0.004836091,0
X83,1329,-0.03998064,0
X83,1389,-0.198511956,0
X83,1426,0.122732853,0
X83,1524,-0.025542848,0
X83,1525,-0.035157757,0
X83,1552,-0.309055832,0
X83,1581,-0.165409578,0
X83,1615,0.053648811,0
X83,1647,-0.382401952,0
X83,1654,-0.219905365,0
X83,1680,0.08772679,0
X83,1691,0.081197416,0
X83,1729,-0.271760182,0
X83,1814,-0.065140552,0
X83,1824,-0.052383476,0
X83,1852,-0.115072516,0
X83,1881,-0.096304243,0
X83,1886,-0.214018637,0
X83,1898,0.073637506,0
X83,1937,-0.061651205,0
X83,1943,-0.186080297,0
X83,1944,0.164385754,0
X83,2055,empty,0
X83,2082,0.174797908,0
X83,2110,0.17575895,0
X83,2127,-0.059877634,0
X83,2135,0.116207807,0
X83,2198,0.049077797,0
X83,2277,-0.146209421,0
X83,2309,-0.218981045,0
X83,2402,0.016350911,0
X83,2467,-0.043569429,0
X83,2494,-0.20306971,0
X83,2666,0.204594354,0
X83,2693,-0.059707807,0
X83,2708,-0.074125319,0
X83,2848,-0.037996982,0
X83,2850,0.071942246,0
X83,2884,-0.136603319,0
X83,2915,0.038104138,0
X83,2982,-0.085303813,0
X83,3027,0.107892474,0
X83,3103,0.006707744,0
X83,3202,-0.13273673,0
X83,3235,-0.114626771,0
X83,3390,0.031883617,0
X83,3433,-0.070812,0
X83,3465,0.054037232,0
X83,3476,0.189937668,0
X83,3546,0.112761157,0
X83,3557,0.057651362,0
X83,3677,-0.114562385,0
X83,3696,-0.078336762,0
X83,3723,0.054596689,0
X83,3727,-0.075218731,0
X83,3756,0.026629029,0
X83,3780,0.04832083,0
X83,3911,-0.08380531,0
X83,3918,empty,0
X83,3954,0.063627224,0
X83,3973,-0.195981492,0
X83,4002,-0.079664041,0
X83,4041,-0.001185637,0
X83,4053,0.066155259,0
X83,4110,0.199410722,0
X84,127,1.435592223,0
X84,156,0.544101896,0
X84,249,-0.187053907,0
X84,274,-0.035041226,0
X84,284,-1.368607462,0
X84,294,-0.819882829,0
X84,360,-2.878189775,0
X84,543,0.90488214,0
X84,549,-1.30396288,0
X84,573,1.278031504,0
X84,613,1.074089899,0
X84,616,1.657881201,0
X84,836,-0.208251531,0
X84,837,-0.779361596,0
X84,865,3.039147279,1
X84,876,empty,0
X84,877,1.072569193,0
X84,878,2.168786221,0
X84,888,-1.005369655,0
X84,897,-0.3107315,0
X84,943,1.490878722,0
X84,971,0.641511015,0
X84,992,0.923402161,0
X84,1021,0.771470998,1
X84,1037,0.216604666,0
X84,1046,-0.700254797,0
X84,1087,2.098601242,0
X84,1138,-1.733766558,1
X84,1268,0.20340158,0
X84,1284,-1.001182921,0
X84,1300,-0.029277919,0
X84,1323,0.703639087,0
X84,1329,1.052171428,0
X84,1332,0.563512775,1
X84,1375,-2.863258544,0
X84,1450,-0.550515934,0
X84,1485,0.144359224,0
X84,1530,2.052750962,0
X84,1568,2.508192591,0
X84,1580,1.103328397,1
X84,1600,0.621010547,0
X84,1612,0.463982061,0
X84,1647,-0.023016075,0
X84,1655,0.907258221,0
X84,1671,0.195538687,0
X84,1709,-0.889945134,0
X84,1733,-1.102285801,0
X84,1829,-1.431403496,1
X84,1844,-0.645059821,0
X84,1894,-1.704950544,0
X84,1938,-0.245578379,0
X84,1944,-1.014060564,0
X84,1991,1.147817511,0
X84,1992,-0.161615453,0
X84,1994,0.756526708,0
X84,2027,-0.020740241,0
X84,2028,0.547182479,0
X84,2036,-1.201367149,0
X84,2044,-0.810184115,0
X84,2055,-1.535223437,0
X84,2104,1.131569706,0
X84,2108,-1.265698054,0
X84,2135,-2.106414199,0
X84,2188,-1.917017763,0
X84,2234,1.167237269,0
X84,2368,-1.175995065,0
X84,2434,-0.813803634,0
X84,2452,1.374629467,0
X84,2496,2.189700225,0
X84,2499,1.738196247,0
X84,2561,1.340696416,1
X84,2622,-1.600289954,0
X84,2624,0.845097109,0
X84,2677,-0.939980673,0
X84,2708,0.520402771,0
X84,2784,-0.198752731,1
X84,2815,-0.140421291,0
X84,2818,0.420495198,1
X84,2887,-0.03229392,0
X84,2969,0.848881016,1
X84,3041,-0.223077575,0
X84,3073,-0.643269725,1
X84,3088,0.596019844,0
X84,3235,0.961814033,1
X84,3241,1.48005172,1
X84,3252,0.519381438,0
X84,3349,-1.329342531,0
X84,3385,-1.067623539,0
X84,3436,2.44809506,1
X84,3495,0.890524783,0
X84,3511,1.400066837,1
X84,3546,-0.828839889,0
X84,3571,2.180486088,0
X84,3631,-0.142217763,0
X84,3632,-0.779507492,0
X84,3691,0.602812675,0
X84,3772,1.405235655,0
X84,3792,0.195954964,0
X84,3801,1.739992381,1
X84,3849,-0.758431887,0
X84,3867,-1.441469276,0
X84,3877,0.570993797,0
X84,4119,-0.22097552,0
X84,4121,-0.619701696,0
X84,4126,-0.570772192,0
X84,4164,1.644964999,0
X84,4184,-0.724976498,0
X84,4204,0.445094395,1
X85,120,3.028539643,1
X85,183,0.200550719,1
X85,192,-0.18661027,1
X85,214,1.996092265,0
X85,247,-0.85731674,0
X85,256,-2.974673991,0
X85,268,3.386049727,1
X85,284,-1.535324797,1
X85,360,1.032080636,1
X85,410,0.209460111,0
X85,413,-3.086945831,0
X85,414,0.298188217,1
X85,419,2.917076429,1
X85,449,2.736363684,0
X85,485,1.530862231,1
X85,560,0.524215862,0
X85,622,1.615971422,1
X85,712,0.042076068,0
X85,758,2.836928197,0
X85,817,3.151462854,1
X85,823,-0.355092393,0
X85,897,2.129655033,1
X85,907,-2.287611126,0
X85,949,2.039683403,0
X85,958,-1.355803117,1
X85,1088,3.201815197,1
X85,1089,1.805781789,0
X85,1141,0.428378712,1
X85,1154,0.919643774,0
X85,1178,2.337274558,0
X85,1268,1.712136663,0
X85,1291,0.546898038,1
X85,1295,-0.997382255,0
X85,1300,1.577303351,1
X85,1389,2.587830162,0
X85,1419,0.739919043,0
X85,1467,2.850013395,1
X85,1485,1.792646606,0
X85,1512,-0.582824894,1
X85,1517,3.432140515,1
X85,1524,-2.754626366,0
X85,1525,-0.645750934,1
X85,1530,-1.135513421,1
X85,1580,0.027154728,1
X85,1581,1.549174721,1
X85,1586,2.33518768,0
X85,1615,-1.13005348,0
X85,1709,0.051818882,0
X85,1725,-3.156539843,0
X85,1824,-1.547845497,1
X85,1826,2.936492832,0
X85,1829,2.444711899,1
X85,1834,-1.462678601,0
X85,1945,1.805615636,0
X85,1991,0.74859549,0
X85,2027,1.253134082,0
X85,2036,-1.395354673,1
X85,2076,-1.196462547,0
X85,2104,-0.765091444,0
X85,2127,-0.607609127,1
X85,2137,0.287268929,0
X85,2188,-1.531024026,0
X85,2198,-0.18569654,0
X85,2277,-2.628349698,0
X85,2333,-1.79002929,0
X85,2466,1.619059833,1
X85,2483,-0.818727565,0
X85,2536,1.424571385,0
X85,2622,4.440306296,0
X85,2677,-1.954588713,1
X85,2693,1.096235155,0
X85,2696,-2.018750823,0
X85,2706,-2.75917719,0
X85,2763,3.61130723,1
X85,2775,1.68563619,0
X85,2784,-3.120467729,1
X85,2815,1.385323961,1
X85,2817,0.608742704,1
X85,2818,3.288996677,1
X85,2848,-1.640001956,0
X85,2915,2.008772923,1
X85,2953,3.231091672,0
X85,2966,3.950294818,1
X85,3147,2.174917366,1
X85,3162,0.224440762,0
X85,3190,-0.84076407,0
X85,3201,-1.516719736,0
X85,3231,3.230695235,1
X85,3250,1.409043004,1
X85,3279,-2.144347148,1
X85,3343,-0.260387627,1
X85,3385,-1.877920764,0
X85,3434,-1.047098151,1
X85,3465,2.376049466,0
X85,3496,-0.316269411,0
X85,3539,0.326170511,1
X85,3557,-1.397869333,1
X85,3572,2.803913756,1
X85,3612,0.473800463,1
X85,3632,-2.381212362,1
X85,3635,5.437182206,1
X85,3662,0.740787939,0
X85,3705,-0.593846794,0
X85,3756,0.299132683,1
X85,3795,-0.187549143,0
X85,3819,3.578514634,1
X85,3905,-0.619789779,1
X85,3973,-0.08609754,0
X85,4005,3.040900708,0
X85,4039,2.12276236,1
X85,4041,1.973846689,0
X85,4052,2.148768282,1
X85,4087,2.849831759,0
X85,4095,0.719140334,0
X85,4110,-1.601403028,0
X85,4119,-0.707141635,0
X85,4126,3.244575513,0
X85,4148,1.282248871,1
X85,4164,1.134273752,0
X85,4185,-1.58579729,1
X86,73,-0.011781613,0
X86,107,0.055133515,0
X86,120,-0.048505724,0
X86,156,0.070870131,0
X86,162,-0.053215079,0
X86,183,-0.050806122,0
X86,207,0.076970911,0
X86,284,0.034307904,0
X86,375,0.010303444,0
X86,413,0.180319962,0
X86,414,-0.11471253,0
X86,419,-0.16648202,0
X86,525,0.08455818,0
X86,573,-0.065474938,0
X86,575,-0.089061874,0
X86,630,0.082378448,0
X86,689,-0.20774523,0
X86,865,0.052256682,0
X86,949,-0.250306589,0
X86,986,0.272831917,0
X86,992,0.11025379,0
X86,1008,0.004694677,0
X86,1021,-0.12466281,0
X86,1064,0.194925992,0
X86,1088,0.215250472,0
X86,1129,0.300508784,0
X86,1154,0.159792271,0
X86,1187,-0.289510025,0
X86,1268,0.141784758,0
X86,1284,0.077418997,0
X86,1392,0.082453141,0
X86,1450,0.009824039,0
X86,1495,0.112433454,0
X86,1512,0.019033175,0
X86,1524,0.130996116,0
X86,1525,0.267233241,0
X86,1580,0.010770508,0
X86,1654,0.033587273,0
X86,1680,-0.093789125,0
X86,1708,-0.131048947,0
X86,1717,-0.273408451,0
X86,1810,0.094973073,0
X86,1826,0.077456794,0
X86,1829,0.097663878,0
X86,1879,-0.257692966,0
X86,1891,0.155779136,0
X86,1943,-0.368819031,0
X86,2116,-0.030628954,0
X86,2221,0.206746414,0
X86,2234,-0.439252046,0
X86,2290,0.256607878,0
X86,2309,0.042774395,0
X86,2421,0.19718279,0
X86,2466,0.116711406,0
X86,2561,0.079784235,0
X86,2622,-0.191427844,0
X86,2624,-0.018691815,0
X86,2677,0.024789626,0
X86,2706,-0.094891557,0
X86,2708,-0.257725127,0
X86,2784,-0.102233716,0
X86,2817,0.07103056,0
X86,2832,0.149776265,0
X86,2876,0.112123314,0
X86,2893,0.030432982,0
X86,2962,0.210486419,0
X86,2982,0.167683132,0
X86,3027,0.207829134,0
X86,3088,0.173595361,0
X86,3220,-0.090727291,0
X86,3231,0.184761947,0
X86,3250,0.133485032,0
X86,3328,0.02568261,0
X86,3360,0.025145722,0
X86,3529,0.23666552,0
X86,3544,-0.023982418,0
X86,3612,-0.369867711,0
X86,3631,-0.341419509,0
X86,3635,0.096939125,0
X86,3710,0.004089935,0
X86,3801,-0.216852792,0
X86,3849,-0.296181364,0
X86,3918,0.035068649,0
X86,3966,0.097504635,0
X86,4001,0.226802506,0
X86,4002,0.220783231,0
X86,4004,-0.157985301,0
X86,4053,-0.37097946,0
X86,4127,0.157893798,0
X86,4168,-0.006642863,0
X86,4201,-0.027543645,0
X87,191,-0.22010174,0
X87,211,0.2308383,0
X87,283,-0.163754839,0
X87,343,0.003067915,0
X87,389,-0.123038926,0
X87,413,0.017124821,0
X87,483,-0.121758322,0
X87,503,0.151457557,0
X87,511,0.004198539,0
X87,561,-0.035605361,0
X87,567,-0.078644355,0
X87,573,0.087663111,0
X87,575,0.171165582,0
X87,613,-0.06042355,0
X87,657,0.097972574,0
X87,669,0.151083679,0
X87,758,0.133519838,0
X87,807,0.163337814,0
X87,865,-0.069524155,0
X87,954,0.079392132,0
X87,959,-0.067406515,0
X87,1008,-0.088239034,0
X87,1010,0.105678525,0
X87,1021,0.010441481,0
X87,1087,-0.225503799,0
X87,1157,0.042245158,0
X87,1187,-0.034444327,0
X87,1268,0.052480053,0
X87,1278,-0.182456415,0
X87,1285,-0.085868568,0
X87,1291,0.055839703,0
X87,1359,0.082386706,0
X87,1389,0.124341462,0
X87,1400,0.048498455,0
X87,1419,0.038113206,0
X87,1421,-0.04553279,0
X87,1441,0.006110712,0
X87,1512,0.172648113,0
X87,1565,0.260555812,0
X87,1581,0.050435433,0
X87,1647,-0.081313605,0
X87,1655,0.073181145,0
X87,1746,-0.080823946,0
X87,1775,-0.063283359,0
X87,1810,-0.18312325,0
X87,1812,-0.15024449,0
X87,1814,0.014468533,0
X87,1826,0.038851399,0
X87,1852,-0.074128482,0
X87,1898,-0.051517833,0
X87,1900,-0.248272936,0
X87,1938,-0.029056143,0
X87,1943,0.010033285,0
X87,1952,-0.037553653,0
X87,1992,0.10635235,0
X87,2027,-0.130792246,0
X87,2076,0.090514229,0
X87,2108,0.087153193,0
X87,2127,0.020605575,0
X87,2305,-0.034210769,0
X87,2309,0.131036215,0
X87,2407,-0.144801762,0
X87,2421,-0.143048603,0
X87,2496,-0.061379803,0
X87,2613,-0.099437944,0
X87,2614,-0.041974995,0
X87,2691,0.011691311,0
X87,2706,0.086061805,0
X87,2708,-0.043913269,0
X87,2763,-0.068332612,0
X87,2771,-0.051018261,0
X87,2775,-0.011271736,0
X87,2784,-0.086677686,0
X87,2816,0.063628808,0
X87,2817,-0.007822072,0
X87,2850,0.060933802,0
X87,2879,-0.002389439,0
X87,2884,-0.023177438,0
X87,2992,0.007867073,0
X87,3079,-0.230333914,0
X87,3220,-0.133336411,0
X87,3241,-0.02827881,0
X87,3250,-0.087000166,0
X87,3433,0.116192744,0
X87,3434,0.099111034,0
X87,3436,0.067702703,0
X87,3440,0.024770202,0
X87,3539,-0.001405381,0
X87,3552,-0.053007558,0
X87,3571,0.012197801,0
X87,3632,-0.24602982,0
X87,3795,-0.288155646,0
X87,3867,-0.008805839,0
X87,3911,0.035758335,0
X87,3966,0.052444603,0
X87,4002,-0.189458645,0
X87,4003,0.09286612,0
X87,4005,-0.080367385,0
X87,4041,0.318001801,0
X87,4052,0.157499159,0
X87,4087,0.061842022,0
X87,4127,-0.123471198,0
X87,4159,-0.020150248,0
X87,4168,0.238937854,0
X87,4184,0.024458106,0
X87,4185,0.108530457,0
X88,43,0.636868692,0
X88,183,-0.173024566,0
X88,199,0.220444472,0
X88,283,-0.095856696,0
X88,284,0.500317847,0
X88,393,0.254447627,0
X88,410,-0.135077591,0
X88,486,0.246021078,0
X88,530,-0.385232003,0
X88,549,0.179956346,0
X88,573,-0.046930084,0
X88,782,-0.113658291,0
X88,878,0.013826465,0
X88,879,0.020662594,0
X88,888,0.007697639,0
X88,893,-0.042736834,0
X88,949,0.202552898,0
X88,954,0.092166487,0
X88,978,-0.244611946,0
X88,996,0.158827543,0
X88,1037,-0.130664016,0
X88,1046,0.022089506,0
X88,1061,0.032657248,0
X88,1138,0.016600648,0
X88,1224,0.005546715,0
X88,1312,0.162375143,0
X88,1421,-0.109510165,0
X88,1426,-0.193779782,0
X88,1472,0.039339878,0
X88,1512,0.153915858,0
X88,1525,-0.261188141,0
X88,1552,0.224468516,0
X88,1568,1.133280857,1
X88,1600,-0.292204386,0
X88,1635,-0.407450419,0
X88,1708,-0.335006926,0
X88,1709,-0.003286917,0
X88,1717,-0.45291461,0
X88,1733,-0.608808429,0
X88,1746,empty,0
X88,1810,0.439123079,0
X88,1844,-0.395814862,0
X88,1866,0.198146458,0
X88,1900,-0.142998431,0
X88,1992,-0.038075539,0
X88,2008,-0.464819278,0
X88,2027,0.566075357,0
X88,2055,0.622152672,0
X88,2110,0.28348593,0
X88,2116,-0.004986945,0
X88,2290,0.003166338,0
X88,2305,-0.093387168,0
X88,2358,0.115883789,0
X88,2445,0.465714425,0
X88,2466,0.553910289,0
X88,2496,0.325544548,0
X88,2636,-0.318885099,0
X88,2648,-0.076610811,0
X88,2679,-0.434355512,0
X88,2691,0.484622907,0
X88,2693,-0.39623815,0
X88,2719,0.131817275,0
X88,2763,-0.38610292,0
X88,2815,0.003534342,0
X88,2816,-0.342845597,0
X88,2818,-0.372150367,0
X88,2884,0.513327729,0
X88,2966,0.666960085,0
X88,2990,0.178365041,0
X88,3017,0.374732968,0
X88,3041,0.142519817,0
X88,3064,0.309610354,0
X88,3292,-0.33989429,0
X88,3328,0.425731377,0
X88,3436,-0.43854552,0
X88,3440,-0.138653459,0
X88,3482,-0.039656978,0
X88,3529,-0.010646663,0
X88,3540,-0.233692831,0
X88,3632,-0.013782429,0
X88,3638,0.719773542,0
X88,3691,1.349064842,1
X88,3710,0.417845836,0
X88,3772,-0.345373466,0
X88,3911,0.25541732,0
X88,3917,0.155779724,0
X88,3918,-0.33333776,0
X88,3928,-0.288244369,0
X88,4017,0.49721739,0
X88,4095,0.202005017,0
X88,4126,0.1218927,0
X88,4148,-0.183464361,0
X88,4164,0.950577667,0
X88,4184,-0.081672703,0
X88,4200,-0.123144976,0
X88,4201,0.308002191,0
X88,4204,0.370307591,0
X89,3,-0.049482013,0
X89,107,-0.099527429,0
X89,120,0.028977995,0
X89,183,0.103732363,0
X89,214,0.13626618,0
X89,283,0.059303599,0
X89,294,-0.052294843,0
X89,375,-0.005057398,0
X89,389,-0.047568492,0
X89,393,-0.166270137,0
X89,419,-0.123797779,0
X89,431,0.009766416,0
X89,449,0.008442926,0
X89,473,-0.00864687,0
X89,483,0.090971893,0
X89,503,0.000765421,0
X89,525,0.099606414,0
X89,573,-0.083525649,0
X89,617,0.094919214,0
X89,630,-0.017355453,0
X89,649,0.045332119,0
X89,689,-0.044776782,0
X89,712,-0.064551143,0
X89,823,0.143882966,0
X89,837,-0.089167071,0
X89,855,-0.023223299,0
X89,879,0.244084934,0
X89,897,0.125676989,0
X89,949,0.119171291,0
X89,986,-0.193453783,0
X89,996,0.085783839,0
X89,1008,-0.086173475,0
X89,1010,0.120495837,0
X89,1089,-0.012927406,0
X89,1103,-0.155363886,0
X89,1129,0.103599696,0
X89,1138,0.05730768,0
X89,1228,0.090662634,0
X89,1332,0.150846033,0
X89,1359,-0.149939339,0
X89,1441,0.018106459,0
X89,1517,0.15609568,0
X89,1565,-0.062571535,0
X89,1635,-0.049937393,0
X89,1647,0.102265871,0
X89,1655,0.103565084,0
X89,1733,0.045202713,0
X89,1775,-0.031227496,0
X89,1810,-0.056079092,0
X89,1826,0.187574145,0
X89,1834,-0.051993377,0
X89,1844,-0.002017304,0
X89,1852,-0.019104988,0
X89,1891,0.066610065,0
X89,1944,0.041179235,0
X89,1973,0.012745446,0
X89,1992,0.07513055,0
X89,1997,0.15184495,0
X89,1999,0.00229128,0
X89,2013,-0.028924827,0
X89,2028,0.006457403,0
X89,2082,-0.03264475,0
X89,2108,-0.178826782,0
X89,2135,0.013027598,0
X89,2160,0.15248914,0
X89,2245,0.023513441,0
X89,2421,0.06842507,0
X89,2452,0.059937529,0
X89,2467,0.117409415,0
X89,2499,0.020903468,0
X89,2673,0.125130682,0
X89,2719,0.052129064,0
X89,2771,-0.018266301,0
X89,2775,-0.032365623,0
X89,2784,0.035988688,0
X89,2884,0.01710607,0
X89,2969,0.088883187,0
X89,2990,-0.100933473,0
X89,3099,0.161747521,0
X89,3103,0.014337639,0
X89,3179,0.040488126,0
X89,3375,0.044886972,0
X89,3396,0.00049787,0
X89,3434,-0.036342489,0
X89,3495,-0.01785482,0
X89,3512,0.011097446,0
X89,3571,-0.060515239,0
X89,3612,-0.03133031,0
X89,3746,0.132621207,0
X89,3792,-0.113128372,0
X89,3801,-0.059820569,0
X89,4021,-0.011155016,0
X89,4039,-0.182546513,0
X89,4053,-0.061054577,0
X89,4110,0.041116792,0
X89,4121,0.037591293,0
X89,4126,-0.038924597,0
X89,4142,-0.069654012,0
X89,4184,0.151844547,0
X89,4185,-0.056406268,0
X89,4200,-0.075205467,0
X89,4204,0.147214387,0
X90,12,0.035369723,0
X90,43,-0.384495937,0
X90,73,-0.014349949,0
X90,120,0.158922292,0
X90,127,-0.084398355,0
X90,156,-0.613060548,0
X90,207,-0.128053757,0
X90,222,0.787550691,0
X90,229,0.604047918,0
X90,247,0.17860775,0
X90,283,0.00215452,0
X90,284,-0.36572902,0
X90,308,-0.234043995,0
X90,375,-0.025156219,0
X90,389,0.171866539,0
X90,413,0.510964419,0
X90,485,-0.494863127,0
X90,499,-0.115916658,0
X90,530,0.484498478,0
X90,561,-0.561188538,0
X90,634,-0.245500261,0
X90,817,0.419517545,0
X90,836,-0.203312123,0
X90,877,-0.242413459,0
X90,888,-0.061884748,0
X90,907,0.535567847,0
X90,954,-0.164814887,0
X90,1008,0.123285477,0
X90,1010,-0.127985644,0
X90,1046,-0.331410152,0
X90,1089,0.286921052,0
X90,1129,0.17167059,0
X90,1151,0.018437721,0
X90,1187,-0.394319453,0
X90,1268,-0.094483823,0
X90,1332,0.072189667,0
X90,1375,-0.449933286,0
X90,1447,0.084666958,0
X90,1483,0.026524884,0
X90,1485,-0.280420799,0
X90,1495,0.364456288,0
X90,1524,-0.062149508,0
X90,1525,0.356524893,0
X90,1530,0.210292719,0
X90,1615,-0.67851034,0
X90,1671,-0.38069394,0
X90,1680,0.210796957,0
X90,1690,0.45228009,0
X90,1691,0.03365454,0
X90,1693,-0.13319778,0
X90,1709,empty,0
X90,1717,0.169956594,0
X90,1746,0.295918806,0
X90,1814,0.277448313,0
X90,1829,-0.186198176,0
X90,1894,0.117001656,0
X90,1900,0.175915288,0
X90,1973,0.112462452,0
X90,1993,0.00257692,0
X90,2027,-0.700435847,0
X90,2242,-0.161034862,0
X90,2245,0.295264709,0
X90,2333,0.128849494,0
X90,2358,-0.38179315,0
X90,2434,0.038393194,0
X90,2445,0.2075596,0
X90,2452,0.474759738,0
X90,2467,-0.242405412,0
X90,2483,0.31385937,0
X90,2499,0.078856166,0
X90,2624,0.124895611,0
X90,2638,0.828723962,0
X90,2666,-0.147861982,0
X90,2677,0.205954751,0
X90,2708,-0.128379992,0
X90,2775,0.324991961,0
X90,2815,-0.306676396,0
X90,2850,0.126588033,0
X90,2887,-0.650035208,0
X90,2939,-0.836016228,0
X90,2972,-0.00431218,0
X90,3027,0.268861313,0
X90,3064,0.018165706,0
X90,3220,-0.056597957,0
X90,3252,-0.478892734,0
X90,3280,-0.106430959,0
X90,3343,0.244295651,0
X90,3433,-0.410426558,0
X90,3482,-0.270599294,0
X90,3495,0.266673154,0
X90,3540,-0.584455893,0
X90,3546,0.189820417,0
X90,3551,-0.26759594,0
X90,3552,0.442723606,0
X90,3571,0.235520714,0
X90,3632,-0.145056204,0
X90,3670,0.220136282,0
X90,3677,-0.520122888,0
X90,3727,-0.995136466,0
X90,3747,0.244681002,0
X90,3756,-0.006383474,0
X90,3795,-0.185895078,0
X90,3805,0.246759941,0
X90,3881,0.26467003,0
X90,3954,0.080522217,0
X90,3973,-0.152674229,0
X90,4039,-0.426042981,0
X90,4110,-0.198331637,0
X90,4164,-0.264061172,0
X91,11,-0.060970969,0
X91,73,0.176597298,0
X91,162,0.342918061,0
X91,183,-0.129332333,0
X91,216,-0.362912195,0
X91,274,-0.174909993,0
X91,294,0.009326804,0
X91,401,0.38526012,0
X91,414,0.354756714,0
X91,419,0.226032682,0
X91,449,0.075890847,0
X91,473,-0.112673157,0
X91,485,0.214676778,0
X91,634,0.01665865,0
X91,687,0.054756599,0
X91,689,0.045107993,0
X91,807,-0.225829736,0
X91,851,0.044726564,0
X91,878,-0.092528411,0
X91,907,-0.041575285,0
X91,943,0.118371045,0
X91,953,0.178814435,0
X91,1106,-0.22393501,0
X91,1138,0.095771688,0
X91,1154,0.004115444,0
X91,1239,-0.079852581,0
X91,1278,0.128201841,0
X91,1329,0.007348215,0
X91,1332,-0.140331323,0
X91,1375,-0.15117907,0
X91,1400,0.206444582,0
X91,1426,0.145032319,0
X91,1450,0.217746063,0
X91,1512,0.133990086,0
X91,1517,0.035533753,0
X91,1568,1.212061957,1
X91,1580,0.039494839,0
X91,1592,0.013452567,0
X91,1635,-0.269283297,0
X91,1654,0.188401988,0
X91,1709,0.085805378,0
X91,1733,0.39600209,0
X91,1900,0.067263186,0
X91,1945,0.207207162,0
X91,1997,-0.051100439,0
X91,2055,-0.197253498,0
X91,2076,-0.075038342,0
X91,2188,-0.093797451,0
X91,2198,0.437069349,0
X91,2241,0.074338874,0
X91,2242,-0.122454555,0
X91,2277,-0.201101205,0
X91,2287,-0.28115253,0
X91,2305,-0.050925918,0
X91,2434,0.251125702,0
X91,2481,-0.067786102,0
X91,2483,0.079947936,0
X91,2536,0.043216239,0
X91,2638,-0.275931226,0
X91,2648,-0.118202353,0
X91,2706,0.060453183,0
X91,2816,-0.100422137,0
X91,2848,0.010745897,0
X91,2952,-0.184514343,0
X91,2992,0.155420123,0
X91,3017,-0.101021064,0
X91,3064,-0.082908826,0
X91,3069,-0.239801779,0
X91,3099,0.018521416,0
X91,3179,-0.361947749,0
X91,3190,-0.103482979,0
X91,3202,-0.009512077,0
X91,3371,-0.169678088,0
X91,3551,-0.181211457,0
X91,3552,0.090235994,0
X91,3612,-0.20113132,0
X91,3632,-0.089004642,0
X91,3642,-0.046705292,0
X91,3710,0.051265964,0
X91,3795,-0.02674048,0
X91,3867,-0.104488573,0
X91,3881,-0.177326785,0
X91,3895,-0.080629121,0
X91,4053,0.179939968,0
X91,4119,0.041388613,0
X91,4126,0.14975565,0
X91,4159,0.319829434,0
X91,4185,0.195762808,0
X91,4200,-0.083326911,0
X92,162,0.041724637,0
X92,170,0.051124368,0
X92,308,0.166314724,0
X92,360,-0.227384217,0
X92,401,0.120893814,0
X92,410,0.160858393,0
X92,449,-0.011477771,0
X92,485,-0.103414842,0
X92,486,0.026945055,0
X92,511,0.067657666,0
X92,525,0.044390054,0
X92,616,0.091217844,0
X92,687,0.002122316,0
X92,780,0.268095085,0
X92,817,-0.014219954,0
X92,836,-0.047181894,0
X92,837,-0.121503518,0
X92,879,0.219558287,0
X92,893,0.190129523,0
X92,949,0.025645304,0
X92,953,0.080976711,0
X92,959,-0.038891089,0
X92,986,-0.114839675,0
X92,992,0.136426472,0
X92,1008,-0.093231594,0
X92,1046,-0.093725405,0
X92,1094,-0.160943512,0
X92,1100,-0.210896446,0
X92,1108,-0.13810386,0
X92,1129,-0.117011387,0
X92,1138,0.080753226,0
X92,1157,0.272656057,0
X92,1278,-0.153028996,0
X92,1300,0.006717059,0
X92,1329,-0.042314701,0
X92,1359,-0.200002987,0
X92,1467,0.110274806,0
X92,1495,0.164523377,0
X92,1512,0.054114115,0
X92,1517,0.240880327,0
X92,1524,0.118379248,0
X92,1552,0.210749199,0
X92,1568,-0.063928185,0
X92,1580,-0.376359681,0
X92,1586,0.085670102,0
X92,1709,0.035446762,0
X92,1814,0.047038425,0
X92,1844,0.030906136,0
X92,1866,-0.056833719,0
X92,1898,-0.224915647,0
X92,1938,-0.042363169,0
X92,1952,-0.092830037,0
X92,1994,0.001910615,0
X92,2036,-0.073079859,0
X92,2104,-0.005237153,0
X92,2135,-0.036808149,0
X92,2137,0.146477832,0
X92,2188,0.087742088,0
X92,2234,-0.019382577,0
X92,2241,-0.126698274,0
X92,2286,-0.058147215,0
X92,2309,-0.039057752,0
X92,2452,0.181350076,0
X92,2466,0.137898088,0
X92,2562,-0.188942256,0
X92,2666,-0.140256128,0
X92,2696,-0.101358303,0
X92,2763,0.033003243,0
X92,2783,0.121061201,0
X92,2784,-0.047984242,0
X92,2848,0.044930114,0
X92,2850,-0.043430684,0
X92,2879,-0.239637967,0
X92,2893,0.131392304,0
X92,2966,0.128284781,0
X92,2968,-0.047440148,0
X92,2969,0.24109224,0
X92,2990,-0.07091814,0
X92,3179,0.004753553,0
X92,3190,-0.209414088,0
X92,3241,-0.106921445,0
X92,3252,0.032466122,0
X92,3279,-0.016401131,0
X92,3460,0.090502024,0
X92,3496,-0.197515111,0
X92,3511,-0.076066962,0
X92,3540,-0.087710582,0
X92,3572,0.098088669,0
X92,3612,0.227839589,0
X92,3631,0.060449656,0
X92,3696,-0.129270892,0
X92,3723,-0.197437048,0
X92,3792,-0.082102446,0
X92,3844,-0.16899053,0
X92,3877,-0.090712888,0
X92,3911,-0.065853848,0
X92,3954,-0.076394396,0
X92,3966,-0.038021514,0
X92,4001,0.037372919,0
X92,4003,0.005790546,0
X92,4004,0.325119486,0
X92,4039,-0.031242328,0
X92,4053,-0.128876315,0
X92,4121,-0.038695301,0
X92,4142,-0.054202964,0
X92,4204,0.048477927,0
X94,36,-0.572347331,0
X94,113,-0.314989168,0
X94,162,-0.540242083,0
X94,170,-0.576297082,0
X94,191,0.035548852,0
X94,222,0.265108128,0
X94,375,-0.112923087,0
X94,386,-0.186791394,0
X94,401,-0.459632081,0
X94,449,-0.059630216,0
X94,511,0.624981071,0
X94,543,-0.426222534,0
X94,561,-0.098318903,0
X94,649,0.723083982,0
X94,758,-0.551339938,0
X94,769,-0.200785375,0
X94,836,0.11150715,0
X94,879,-0.046333099,0
X94,954,-0.407021746,0
X94,958,0.237686894,0
X94,978,-0.135595011,0
X94,989,0.025712133,0
X94,1087,0.633776348,0
X94,1089,0.810185679,0
X94,1094,0.080794552,0
X94,1103,0.666377131,0
X94,1119,-0.439344136,0
X94,1228,0.129680385,0
X94,1248,0.246959218,0
X94,1268,0.420348538,0
X94,1278,-0.235835907,0
X94,1284,0.194633947,0
X94,1291,0.466886063,0
X94,1302,-0.30335034,0
X94,1332,0.161162637,0
X94,1375,0.008340712,0
X94,1426,-0.365883685,0
X94,1436,-0.780289088,0
X94,1472,0.060524052,0
X94,1495,-0.317917665,0
X94,1524,-0.307397524,0
X94,1580,0.471701555,0
X94,1598,0.203851783,0
X94,1635,-0.13630144,0
X94,1693,0.32186942,0
X94,1708,0.244430992,0
X94,1709,0.245290267,0
X94,1725,0.074712879,0
X94,1746,-0.222929609,0
X94,1826,-0.13772852,0
X94,1945,0.692291321,0
X94,1990,0.209025436,0
X94,2028,-0.848694226,0
X94,2044,0.278927239,0
X94,2055,-0.529572328,0
X94,2108,0.11430402,0
X94,2135,0.201852977,0
X94,2234,-0.11894752,0
X94,2245,0.14071433,0
X94,2286,0.423774092,0
X94,2305,0.36337807,0
X94,2333,0.355170992,0
X94,2466,-0.337739892,0
X94,2561,-0.096237802,0
X94,2614,0.830896179,0
X94,2622,-0.043776166,0
X94,2636,0.078865088,0
X94,2648,0.171573485,0
X94,2693,-0.559559721,0
X94,2706,0.261920647,0
X94,2763,-0.047118764,0
X94,2818,-0.049042018,0
X94,2849,0.201223191,0
X94,2850,-0.13603712,0
X94,2879,0.22965602,0
X94,2887,0.68747614,0
X94,2893,0.156348825,0
X94,2953,-0.473948996,0
X94,2982,0.470570039,0
X94,2992,-0.170990643,0
X94,3017,-0.062345832,0
X94,3069,0.404836447,0
X94,3099,-0.341216132,0
X94,3179,0.212486519,0
X94,3279,-0.244132964,0
X94,3340,-0.831191955,0
X94,3349,0.237006492,0
X94,3360,-0.268999302,0
X94,3440,-0.165260823,0
X94,3465,-0.643288864,0
X94,3540,-0.449120043,0
X94,3544,-0.378536945,0
X94,3642,0.136739044,0
X94,3677,-0.325938359,0
X94,3696,0.016663371,0
X94,3783,-0.155456005,0
X94,3791,0.30476357,0
X94,3805,-0.156823378,0
X94,3819,-0.057264437,0
X94,3895,0.409016446,0
X94,3940,0.565024275,0
X94,4002,0.371028883,0
X94,4021,0.138597921,0
X94,4095,0.293413437,0
X94,4113,-0.308419271,0
X94,4121,-0.220767626,0
X94,4126,-0.196052345,0
X94,4142,-0.001769464,0
X94,4148,0.24595357,0
X94,4159,-0.237135228,0
X94,4200,0.313844349,0
X95,3,-0.003026985,0
X95,12,-0.051209047,0
X95,192,0.074587319,0
X95,343,-0.03212394,0
X95,375,-0.053348715,0
X95,410,0.01393061,0
X95,413,0.038112854,0
X95,419,-0.051745683,0
X95,486,0.125530661,0
X95,511,-0.039242516,0
X95,549,-0.062690641,0
X95,575,-0.074729354,0
X95,617,0.039520925,0
X95,780,0.036532176,0
X95,782,-0.01766053,0
X95,807,-0.005498104,0
X95,823,-0.029487609,0
X95,837,0.02054544,0
X95,897,-0.010850163,0
X95,978,0.038878131,0
X95,989,empty,0
X95,1088,0.01163717,0
X95,1108,0.023747784,0
X95,1141,0.014290524,0
X95,1278,-0.079415947,0
X95,1284,-0.003920347,0
X95,1291,0.012553582,0
X95,1300,-0.033813426,0
X95,1436,-0.101729797,0
X95,1472,-0.018340642,0
X95,1485,-0.036635447,0
X95,1492,-0.036301471,0
X95,1495,-0.045160234,0
X95,1690,0.081545452,0
X95,1691,0.124882184,0
X95,1700,0.056310531,0
X95,1729,0.01681505,0
X95,1746,-0.021950495,0
X95,1829,0.02735766,0
X95,1898,-0.037706246,0
X95,1992,-0.031917856,0
X95,1993,0.051100329,0
X95,1997,-0.020059705,0
X95,2028,0.124713968,0
X95,2036,0.012273171,0
X95,2044,0.052301189,0
X95,2127,-0.044555469,0
X95,2221,-0.003110889,0
X95,2242,0.032749005,0
X95,2245,0.034385723,0
X95,2402,0.02396922,0
X95,2421,0.009760947,0
X95,2494,-0.00117564,0
X95,2561,0.069442288,0
X95,2614,-0.072713439,0
X95,2636,0.075293724,0
X95,2666,0.135576319,0
X95,2691,0.022039181,0
X95,2763,-0.086332934,0
X95,2843,-0.05602213,0
X95,2848,-0.048804534,0
X95,2953,0.065515524,0
X95,2990,-0.063913311,0
X95,2992,-0.061728124,0
X95,3064,0.048903605,0
X95,3121,0.004838001,0
X95,3279,0.051381923,0
X95,3340,-0.093370354,0
X95,3349,0.034810375,0
X95,3371,-0.058985617,0
X95,3375,0.034060542,0
X95,3390,-0.058467745,0
X95,3396,0.118080046,0
X95,3434,-0.008660738,0
X95,3436,-0.043133708,0
X95,3476,-0.025449439,0
X95,3539,-0.004587796,0
X95,3540,0.023662767,0
X95,3544,0.075817783,0
X95,3612,-0.032532039,0
X95,3638,-0.05820423,0
X95,3670,-0.169387069,0
X95,3705,-0.043294758,0
X95,3824,0.060321402,0
X95,3881,-0.048968762,0
X95,3928,0.035640746,0
X95,3968,-0.077198704,0
X95,3973,0.019848006,0
X95,4017,-0.01056092,0
X95,4053,-0.061906696,0
X95,4087,-0.036595817,0
X95,4121,-0.063765077,0
X95,4148,0.048681562,0
X95,4168,-0.125090152,0
X95,4201,0.045837998,0
X96,11,0.333109239,0
X96,12,2.016486453,1
X96,127,-2.562221297,0
X96,183,empty,1
X96,199,0.593038306,0
X96,216,1.404600235,1
X96,287,1.122253298,0
X96,343,1.852335013,1
X96,386,2.040548096,1
X96,393,1.544708976,1
X96,410,3.37143538,0
X96,413,4.315717697,1
X96,431,-1.223163901,0
X96,483,1.524109747,1
X96,511,4.036493658,1
X96,525,2.122988296,1
X96,573,3.222131801,1
X96,657,-0.24701081,1
X96,663,1.833277967,1
X96,690,2.332456356,1
X96,769,0.207129531,1
X96,836,0.521328169,0
X96,907,2.060790099,0
X96,914,-0.026589896,0
X96,954,0.363064509,1
X96,1021,0.679757333,1
X96,1064,0.838067582,0
X96,1119,empty,1
X96,1138,1.40925156,1
X96,1151,0.603791015,1
X96,1154,3.455656089,1
X96,1187,3.810893819,1
X96,1249,-1.453449761,0
X96,1268,2.072924255,1
X96,1284,-0.843078533,0
X96,1291,-1.00837371,1
X96,1426,-0.580547157,1
X96,1441,-2.868119088,0
X96,1467,5.846834664,1
X96,1492,-0.59086136,1
X96,1495,1.426867682,1
X96,1552,0.217575873,1
X96,1592,3.846240869,1
X96,1654,-0.910862917,1
X96,1680,1.716597762,1
X96,1691,2.933653991,0
X96,1829,3.404587217,1
X96,1834,0.282419773,0
X96,1866,empty,1
X96,1886,0.348775825,0
X96,1898,-2.134711684,0
X96,1937,-2.095772739,1
X96,1944,3.643300741,1
X96,2116,-1.019128137,1
X96,2245,-0.083229255,0
X96,2277,1.104218626,1
X96,2332,2.91480455,1
X96,2368,-0.467490531,0
X96,2407,0.882296352,1
X96,2421,2.09037574,0
X96,2483,3.910085547,0
X96,2536,3.030666043,0
X96,2562,2.937184777,1
X96,2636,1.714531327,1
X96,2706,empty,0
X96,2816,-0.162880666,1
X96,2817,0.843815078,1
X96,2870,0.620074082,1
X96,2879,4.161194362,1
X96,2884,-1.488126437,1
X96,2962,1.293513272,0
X96,3064,2.880221759,0
X96,3073,3.555751988,1
X96,3079,2.196437705,1
X96,3094,0.262914272,1
X96,3190,1.623576178,1
X96,3235,1.772490318,1
X96,3280,2.100782162,1
X96,3328,1.957822219,1
X96,3375,0.083254244,1
X96,3529,0.658289987,0
X96,3612,1.596598154,1
X96,3635,0.241840607,1
X96,3642,2.086362205,1
X96,3824,2.695477692,1
X96,3954,0.433075156,1
X96,3973,1.085270623,1
X96,4017,-1.51899149,1
X96,4027,-3.415074539,1
X96,4029,1.830692765,1
X96,4041,-0.604191669,1
X96,4052,0.366905858,1
X96,4113,1.46417348,1
X96,4119,-1.497847748,1
X96,4164,2.900772862,0
X96,4184,2.776251953,0
X97,3,0.169911351,0
X97,43,0.031298997,0
X97,107,0.159475321,0
X97,113,0.104018302,0
X97,191,-0.470127264,0
X97,249,0.136676973,0
X97,308,0.223633816,0
X97,343,0.205639098,0
X97,375,0.066278952,0
X97,386,-0.148725187,0
X97,419,0.446031082,0
X97,431,0.197519657,0
X97,483,0.223825268,0
X97,499,0.133985447,0
X97,503,-0.419227825,0
X97,573,-0.265130668,0
X97,687,0.063716686,0
X97,689,-0.039170824,0
X97,780,-0.577204718,0
X97,782,-0.129185572,0
X97,865,0.174898967,0
X97,876,0.107485607,0
X97,878,-0.03395516,0
X97,888,-0.482456664,0
X97,912,-0.075482422,0
X97,914,0.195017592,0
X97,954,0.212647788,0
X97,971,-0.13457863,0
X97,989,0.106956175,0
X97,1096,0.188606649,0
X97,1138,-0.172711062,0
X97,1178,-0.137934565,0
X97,1187,0.035721278,0
X97,1228,-0.037894234,0
X97,1249,-0.061326033,0
X97,1300,0.275362915,0
X97,1332,0.142034929,0
X97,1524,0.008766663,0
X97,1525,0.175141227,0
X97,1598,0.022635122,0
X97,1612,-0.356868323,0
X97,1647,-0.321537362,0
X97,1671,-0.097169668,0
X97,1725,0.013067583,0
X97,1810,0.043469885,0
X97,1844,-0.242807808,0
X97,1866,0.487412469,0
X97,1886,-0.291628772,0
X97,1891,-0.651491485,0
X97,1944,-0.581161134,0
X97,2013,0.367435189,0
X97,2076,-0.00356892,0
X97,2104,-0.019019613,0
X97,2333,-0.170997225,0
X97,2368,-0.116095064,0
X97,2434,0.168957357,0
X97,2467,-0.227630196,0
X97,2494,-0.073623399,0
X97,2499,0.39324514,0
X97,2601,-0.062552033,0
X97,2622,-0.248985744,0
X97,2679,0.370528537,0
X97,2815,0.024513734,0
X97,2876,0.098432128,0
X97,2879,0.347332473,0
X97,2939,-0.128491812,0
X97,2962,0.307201904,0
X97,2966,0.426475569,0
X97,2969,0.270145644,0
X97,2972,0.146403346,0
X97,3027,0.221188853,0
X97,3069,-0.181731898,0
X97,3099,-0.365922963,0
X97,3103,-0.372615818,0
X97,3179,-0.109919182,0
X97,3235,-0.045005229,0
X97,3349,-0.388875816,0
X97,3390,0.171308818,0
X97,3511,0.405160238,0
X97,3547,-0.366275355,0
X97,3552,-0.100954226,0
X97,3612,-0.009167317,0
X97,3691,0.066588718,0
X97,3710,-0.546608553,0
X97,3727,-0.250965033,0
X97,3781,0.149197896,0
X97,3819,-0.131375925,0
X97,3917,-0.46909942,0
X97,3966,0.491579277,0
X97,4053,-0.24865,0
X97,4113,-0.020297654,0
X97,4119,-0.000615585,0
X97,4132,0.192672764,0
X97,4185,0.092058834,0
X97,4197,0.564762565,0
X97,4201,-0.067641805,0
X98,58,1.161612641,1
X98,113,0.159583422,1
X98,247,2.323559048,1
X98,274,1.637434192,1
X98,308,-0.321343669,0
X98,473,2.824705629,1
X98,483,2.16652056,1
X98,543,-1.082425116,1
X98,560,0.358900506,1
X98,567,-0.60885042,1
X98,613,2.235466972,1
X98,616,2.316671752,1
X98,649,1.205596337,1
X98,663,2.454466497,1
X98,690,1.672666365,1
X98,758,1.361418148,1
X98,782,1.690741278,1
X98,836,1.68627885,1
X98,851,0.859114253,1
X98,875,0.422036536,0
X98,877,-0.489187796,1
X98,958,0.148159017,1
X98,959,2.091021962,1
X98,978,0.541279501,1
X98,986,2.829721783,1
X98,1061,0.610787523,1
X98,1089,-0.548540374,1
X98,1094,0.777032629,1
X98,1106,-0.226475643,1
X98,1228,2.38060363,1
X98,1312,1.876324231,1
X98,1332,1.268382761,1
X98,1389,-0.330462905,0
X98,1441,0.272841718,1
X98,1472,1.61037209,1
X98,1495,1.302783665,1
X98,1615,2.185088341,1
X98,1690,1.899495673,1
X98,1852,1.382798958,1
X98,1868,1.53909176,1
X98,1937,1.560044225,1
X98,1999,0.735542412,1
X98,2027,2.526985742,1
X98,2036,2.184648504,1
X98,2108,0.630823242,1
X98,2135,1.415524371,1
X98,2452,2.612863864,1
X98,2481,2.00739041,1
X98,2536,0.621772692,1
X98,2551,1.719087332,1
X98,2784,-0.120321169,1
X98,2850,2.087091687,1
X98,2870,1.429135002,1
X98,2876,1.708478553,1
X98,2879,1.664525029,1
X98,2887,0.324989237,1
X98,2893,0.80976654,1
X98,2915,-0.183001457,1
X98,2972,1.466358278,1
X98,3041,-0.057791507,1
X98,3202,-0.433035261,1
X98,3292,1.277237427,1
X98,3340,0.808752042,1
X98,3360,0.68319309,1
X98,3375,3.036199982,1
X98,3436,1.636675206,1
X98,3495,0.1078233,0
X98,3512,1.652113837,1
X98,3552,0.842459764,1
X98,3572,0.347517843,1
X98,3630,-0.659893157,1
X98,3801,-0.859288401,0
X98,3824,0.454331373,1
X98,3881,empty,1
X98,3905,-1.480092181,0
X98,3918,1.417370014,1
X98,3954,0.707771438,1
X98,3964,2.135241618,1
X98,4001,1.4914312,1
X98,4002,1.713698625,1
X98,4004,-0.570213196,1
X98,4110,-0.326736767,1
X98,4119,1.743711753,1
X98,4164,0.088304716,1
X99,3,-0.16354752,0
X99,120,-0.014652983,0
X99,183,-0.443878962,0
X99,191,-0.148172136,0
X99,211,0.109601284,0
X99,214,-0.148272648,0
X99,216,-0.027360078,0
X99,256,-0.313501639,0
X99,283,0.063427146,0
X99,284,-0.190412494,0
X99,287,0.032620209,0
X99,389,-0.327468112,0
X99,401,0.426812575,0
X99,410,0.280234824,0
X99,414,0.693925604,0
X99,449,-0.1381953,0
X99,511,-0.133240353,0
X99,543,-0.123797046,0
X99,549,0.053245287,0
X99,560,0.355921533,0
X99,567,0.429935536,0
X99,663,0.469214015,0
X99,780,0.67151346,0
X99,807,0.133254964,0
X99,823,0.525812307,0
X99,893,-0.281462697,0
X99,912,-0.506048751,0
X99,914,0.462953193,0
X99,978,0.256064356,0
X99,986,0.473148097,0
X99,996,-0.100050934,0
X99,1008,-0.053131711,0
X99,1046,0.702740458,0
X99,1138,0.175543639,0
X99,1151,0.004161639,0
X99,1302,-0.034019678,0
X99,1332,0.286291572,0
X99,1375,-0.036965256,0
X99,1485,0.069607925,0
X99,1512,-0.082614313,0
X99,1525,0.115268906,0
X99,1552,0.240363477,0
X99,1580,0.227915965,0
X99,1586,0.126787215,0
X99,1612,-0.213380873,0
X99,1635,-0.388163129,0
X99,1655,0.008342498,0
X99,1693,-0.236828367,0
X99,1711,0.038992622,0
X99,1824,-0.031743113,0
X99,1852,0.09468543,0
X99,1879,-0.045966706,0
X99,1937,-0.386851014,0
X99,1943,-0.171979783,0
X99,1973,-0.260181862,0
X99,1994,0.018427712,0
X99,1997,-0.16910027,0
X99,1999,-0.113859123,0
X99,2076,-0.294388694,0
X99,2082,0.164169365,0
X99,2116,0.173780762,0
X99,2221,0.101569981,0
X99,2241,0.624316469,0
X99,2276,0.230843418,0
X99,2407,-0.957785669,0
X99,2421,-0.004566501,0
X99,2452,-0.441873049,0
X99,2466,-0.254424858,0
X99,2467,0.013188217,0
X99,2481,-0.287376794,0
X99,2534,0.195165552,0
X99,2601,0.175156803,0
X99,2613,0.241772293,0
X99,2614,-0.140388056,0
X99,2638,0.557764208,0
X99,2677,-0.083034929,0
X99,2691,0.123328484,0
X99,2693,-0.319642311,0
X99,2696,-0.10305075,0
X99,2706,-0.117252617,0
X99,2719,-0.041212066,0
X99,2763,empty,0
X99,2775,0.193667776,0
X99,2843,0.198472018,0
X99,2848,0.355575834,0
X99,2887,-0.073771133,0
X99,2953,-0.752217033,0
X99,2982,0.367931944,0
X99,3064,empty,0
X99,3073,0.109073238,0
X99,3094,-0.542026513,0
X99,3103,0.513000107,0
X99,3147,-0.322861185,0
X99,3252,-0.302662036,0
X99,3292,-0.42742881,0
X99,3390,0.794232065,0
X99,3436,-0.451724671,0
X99,3476,-0.150240809,0
X99,3482,0.027053482,0
X99,3546,-0.671289096,0
X99,3551,0.151073589,0
X99,3552,0.47985446,0
X99,3723,0.605161665,0
X99,3772,-0.167580843,0
X99,3791,-0.269614167,0
X99,3819,-0.265197747,0
X99,3881,0.81723595,0
X99,3917,-1.285557131,0
X99,3966,0.408241739,0
X99,4004,0.152487384,0
X99,4021,1.791225958,1
X99,4039,0.545641269,0
X99,4053,-0.470712173,0
X99,4087,0.684591823,0
X99,4113,-0.213071839,0
X99,4132,0.73284871,0
X99,4156,0.148370713,0
X99,4197,-0.266607395,0
X100,43,2.698329903,1
X100,107,-1.63811853,0
X100,191,-2.517726132,0
X100,216,-0.844818876,1
X100,229,-1.241166795,1
X100,284,3.801240976,0
X100,287,4.641045694,1
X100,343,-1.496147027,1
X100,486,-1.583150256,1
X100,511,1.808767648,1
X100,536,-0.424153988,0
X100,543,0.138347307,1
X100,553,-0.900738715,1
X100,561,1.866743429,0
X100,657,-0.901867405,1
X100,669,0.947971123,1
X100,769,-0.303657011,1
X100,836,0.816595232,1
X100,851,2.365358705,0
X100,897,1.074626042,1
X100,943,2.248568215,0
X100,953,0.06130317,0
X100,958,-0.423556119,1
X100,959,1.410728369,1
X100,986,2.983932109,1
X100,992,-0.17726989,1
X100,1046,3.271040046,1
X100,1129,-1.222420708,1
X100,1248,0.591840884,1
X100,1312,-1.365449925,0
X100,1323,-3.128363592,0
X100,1332,0.037450041,1
X100,1374,2.496661552,1
X100,1447,0.088281323,1
X100,1450,-0.560109858,1
X100,1517,0.311721138,1
X100,1524,-0.714180603,1
X100,1581,2.326769453,1
X100,1592,0.683433023,1
X100,1598,2.505109738,1
X100,1635,2.232364437,0
X100,1655,-0.935801893,0
X100,1680,1.89042043,1
X100,1693,0.687833521,1
X100,1708,2.067739789,1
X100,1729,0.696417589,1
X100,1812,2.381226665,1
X100,1844,-3.100665103,0
X100,1852,2.095636867,1
X100,1990,-1.549172591,1
X100,1994,-0.696646034,1
X100,2008,1.083676512,1
X100,2027,0.248908539,1
X100,2036,2.82865274,1
X100,2104,0.15051865,1
X100,2108,1.863216199,1
X100,2160,3.3920838,1
X100,2287,1.613075219,0
X100,2434,-0.192173422,1
X100,2452,-0.258305175,1
X100,2494,0.65815058,1
X100,2536,2.047954335,1
X100,2601,3.088382389,1
X100,2673,1.32492231,0
X100,2719,-0.336706446,0
X100,2783,-1.194580715,1
X100,2876,3.011074518,1
X100,2953,4.142546836,1
X100,2990,-0.508092376,1
X100,3027,2.65885589,1
X100,3094,-0.568358653,0
X100,3099,3.412949935,1
X100,3340,0.26062761,1
X100,3345,2.022517447,1
X100,3349,2.306777028,1
X100,3375,0.813220315,1
X100,3547,-0.010950121,0
X100,3551,0.028512273,1
X100,3552,1.450803909,1
X100,3557,3.340791011,1
X100,3571,-1.16586065,1
X100,3630,3.319494729,0
X100,3632,1.646301906,1
X100,3642,1.368816184,1
X100,3670,0.234241302,1
X100,3691,1.22284923,0
X100,3747,0.95454333,1
X100,3819,-5.560972343,1
X100,3844,0.238254509,1
X100,3895,-1.723153799,0
X100,3918,0.596662881,0
X100,3928,-1.539340237,0
X100,3964,2.722060118,1
X100,4002,-0.204232864,1
X100,4029,2.849332791,1
X100,4113,3.778954355,1
X100,4132,-0.307840783,1
X101,3,1.466711405,1
X101,199,1.395120826,1
X101,247,0.974925213,1
X101,256,0.419272077,1
X101,268,-0.102202772,1
X101,343,1.921915522,1
X101,360,1.088386622,1
X101,375,1.084943756,1
X101,410,1.256609053,1
X101,413,0.730060638,1
X101,414,1.757127149,1
X101,449,2.177586103,1
X101,485,0.42685817,1
X101,575,1.55068036,1
X101,624,-0.440598187,1
X101,631,0.744168343,1
X101,634,0.474207651,1
X101,689,0.10894372,1
X101,807,1.632623202,1
X101,836,1.499616304,1
X101,865,-1.202730645,0
X101,912,2.072526739,1
X101,986,2.231005912,1
X101,1037,1.780115694,1
X101,1096,1.415094892,1
X101,1103,-0.248060237,0
X101,1119,2.502226394,1
X101,1183,-1.176373178,0
X101,1239,0.225534134,1
X101,1248,2.344175635,1
X101,1249,0.017794231,1
X101,1268,1.358334119,1
X101,1291,2.337442052,1
X101,1300,0.084548237,1
X101,1332,-0.598958983,1
X101,1400,2.633885238,1
X101,1419,0.619351224,1
X101,1436,1.701347484,1
X101,1447,2.664185858,1
X101,1512,1.921773656,1
X101,1552,0.771391382,1
X101,1598,1.662005236,1
X101,1691,0.142856128,1
X101,1708,0.49794681,1
X101,1709,-0.480534151,1
X101,1814,2.330415953,1
X101,1824,-0.054268728,1
X101,1826,-0.313484044,1
X101,1844,0.664876284,1
X101,1852,2.685554391,1
X101,1868,1.273976509,1
X101,1886,1.146040706,1
X101,1894,2.051282406,1
X101,1943,1.083429527,1
X101,1973,1.221326501,1
X101,1991,0.630481436,1
X101,1992,2.040831647,1
X101,1994,1.652523615,1
X101,1997,1.789832504,1
X101,2055,-0.321792643,1
X101,2137,1.204725077,1
X101,2188,1.348083253,1
X101,2221,1.38055985,1
X101,2277,-0.227163982,1
X101,2407,2.194984908,1
X101,2467,1.002355535,1
X101,2576,-0.475304411,1
X101,2636,0.322371221,1
X101,2666,0.132661791,1
X101,2696,2.007173747,1
X101,2706,2.271493916,1
X101,2784,0.616266905,1
X101,2816,-1.176488888,1
X101,2818,-1.110017791,1
X101,2876,1.823732953,1
X101,2915,2.435514715,1
X101,2992,1.177344878,1
X101,3041,-0.300922768,1
X101,3064,2.622368025,1
X101,3079,2.364148847,1
X101,3190,1.321478368,1
X101,3241,-0.277143104,1
X101,3249,-0.368152441,1
X101,3250,1.317310536,1
X101,3252,0.908926704,1
X101,3280,0.246034221,1
X101,3292,1.366776724,1
X101,3396,-1.438349202,1
X101,3434,0.111442114,1
X101,3512,0.77517659,1
X101,3571,1.986573567,1
X101,3635,1.275384417,1
X101,3705,0.752341972,1
X101,3723,1.883802407,1
X101,3772,-0.256794942,0
X101,3783,-0.103871161,1
X101,3795,1.568149855,1
X101,3824,2.088879524,1
X101,3849,0.642031033,1
X101,3895,1.159391705,1
X101,4002,1.453495228,1
X101,4005,2.273022674,1
X101,4052,1.315566103,1
X101,4087,0.172715304,0
X102,3,0.13852338,0
X102,12,0.269587108,0
X102,191,0.192727713,0
X102,199,-0.050425081,0
X102,274,0.101626936,0
X102,343,-0.03010697,0
X102,375,-0.546104583,0
X102,410,-0.008045822,0
X102,413,0.022718372,0
X102,431,-0.709993626,0
X102,483,0.286224889,0
X102,499,-0.090412079,0
X102,530,0.334517213,0
X102,543,0.128035517,0
X102,573,-0.105738572,0
X102,613,-0.209171863,0
X102,634,-0.151895363,0
X102,649,-0.366398002,0
X102,690,0.189602519,0
X102,780,-0.019920358,0
X102,807,-0.29926396,0
X102,837,-0.036210941,0
X102,875,0.311027141,0
X102,876,-0.185883049,0
X102,879,-0.352203462,0
X102,893,0.382897325,0
X102,907,-0.22672657,0
X102,943,-0.608203531,0
X102,954,-0.034617565,0
X102,978,0.321221372,0
X102,1008,0.279468025,0
X102,1064,0.358956129,0
X102,1096,-0.543329252,0
X102,1103,-0.415592069,0
X102,1108,0.167969642,0
X102,1129,0.573607248,0
X102,1154,-0.434267974,0
X102,1285,-0.012356221,0
X102,1300,0.156281649,0
X102,1312,-0.26890923,0
X102,1392,0.182215649,0
X102,1400,0.423302995,0
X102,1467,0.222959524,0
X102,1492,0.039205118,0
X102,1530,-0.035989661,0
X102,1635,0.130293718,0
X102,1717,0.149431436,0
X102,1746,-0.347297473,0
X102,1775,-0.825096204,0
X102,1812,-0.097613483,0
X102,1840,0.038677723,0
X102,1852,-0.142217206,0
X102,1881,0.401121177,0
X102,2241,0.068430124,0
X102,2245,-0.570844007,0
X102,2286,-0.197126098,0
X102,2332,0.019859825,0
X102,2333,0.714348802,0
X102,2466,-0.685154395,0
X102,2494,0.228613659,0
X102,2496,-0.000531413,0
X102,2648,0.025807391,0
X102,2816,-0.782543057,0
X102,2817,0.017284836,0
X102,2893,-0.075538616,0
X102,2966,0.6688187,0
X102,2969,0.538128573,0
X102,2982,0.406913852,0
X102,3064,0.092670711,0
X102,3103,-0.473923165,0
X102,3121,-0.643825126,0
X102,3147,-0.537665237,0
X102,3231,-0.180789286,0
X102,3250,-0.287040074,0
X102,3292,0.568601827,0
X102,3385,-0.264492317,0
X102,3434,-0.335052274,0
X102,3476,0.322822174,0
X102,3496,0.353268662,0
X102,3529,0.413117602,0
X102,3539,-0.10919764,0
X102,3551,-0.3257528,0
X102,3630,-0.071563718,0
X102,3642,-0.38731822,0
X102,3756,-0.042920536,0
X102,3824,-0.111036373,0
X102,3911,-0.05538668,0
X102,3918,0.27072309,0
X102,3928,-0.279810616,0
X102,3968,0.287200267,0
X102,4001,-0.425978106,0
X102,4017,-0.550306389,0
X102,4039,0.134338322,0
X102,4041,0.154142521,0
X102,4052,0.226114593,0
X102,4119,0.048086375,0
X102,4156,-0.01424262,0
X102,4164,0.915225128,1
X102,4204,-0.816487272,0
X103,120,1.116376386,1
X103,183,0.44702389,1
X103,192,0.667626168,1
X103,222,1.277025223,0
X103,229,-1.154049161,1
X103,256,-1.237541286,1
X103,268,-0.175379052,1
X103,283,0.671234358,1
X103,308,1.578345412,0
X103,360,2.844434679,1
X103,413,2.976644788,1
X103,486,0.944667926,1
X103,525,1.195799944,1
X103,553,1.287047203,1
X103,575,0.14350099,0
X103,616,3.004355336,1
X103,634,-0.608994886,0
X103,669,4.441887782,1
X103,689,2.023825324,1
X103,690,1.239184963,0
X103,712,1.629796954,1
X103,823,-2.559183406,0
X103,837,-2.776250473,1
X103,855,1.119965215,1
X103,875,1.304571124,0
X103,876,-0.018163304,1
X103,954,-1.674807054,1
X103,971,2.380472845,1
X103,978,3.497425238,1
X103,989,0.46007335,1
X103,1088,2.242389938,1
X103,1094,-0.8884646,1
X103,1096,0.648865636,1
X103,1106,0.806090448,1
X103,1108,0.853687621,1
X103,1129,0.075155098,1
X103,1151,3.806976909,1
X103,1183,2.798624431,0
X103,1224,1.070039633,1
X103,1268,0.258913213,1
X103,1291,2.62194774,1
X103,1302,-2.09693522,0
X103,1323,-0.542181549,0
X103,1332,3.048800754,1
X103,1400,1.274612953,1
X103,1450,0.593515064,1
X103,1485,2.455402555,1
X103,1512,1.232015598,1
X103,1581,1.98898286,1
X103,1586,-0.70542261,1
X103,1592,-1.130898294,1
X103,1615,0.611989836,1
X103,1700,0.492209064,1
X103,1708,-0.785845462,1
X103,1711,-0.906827555,0
X103,1717,4.002076627,1
X103,1826,-0.121634613,1
X103,1834,5.86165638,1
X103,1844,2.486151905,0
X103,1868,1.599570091,1
X103,1879,0.608512886,1
X103,1891,-0.438769176,1
X103,1938,2.79955572,0
X103,1944,2.642927546,1
X103,1945,-0.967136089,1
X103,1999,3.313513274,1
X103,2036,1.570958057,1
X103,2055,1.326981622,1
X103,2076,3.093351611,1
X103,2110,1.945054573,1
X103,2290,1.060153637,0
X103,2309,2.469074832,0
X103,2358,-1.537208562,0
X103,2430,2.430044751,1
X103,2434,0.267061885,1
X103,2534,2.046323771,1
X103,2562,-1.428745932,1
X103,2576,1.033533506,1
X103,2815,1.327794836,1
X103,2816,0.97169288,1
X103,2832,1.076400694,1
X103,2887,-2.024571243,1
X103,2888,0.658610893,1
X103,2915,0.330425092,1
X103,2969,-0.623963243,1
X103,2982,0.082848859,1
X103,3069,-4.010801278,1
X103,3079,0.119645784,1
X103,3094,-0.582191062,1
X103,3103,-0.851662147,1
X103,3147,3.523174044,1
X103,3190,0.701380744,0
X103,3231,0.132803929,1
X103,3371,1.845729779,1
X103,3465,-0.97707981,1
X103,3511,1.804268464,1
X103,3539,-0.292279603,1
X103,3551,0.764011075,1
X103,3631,1.047620777,1
X103,3756,2.360376754,1
X103,3772,0.960462375,0
X103,3781,0.810923895,1
X103,3783,2.497192334,1
X103,3795,-1.047140018,1
X103,3905,0.924064545,0
X103,3917,1.809771618,0
X103,3940,-2.351775988,1
X103,4001,1.763820013,0
X103,4004,0.23625199,1
X103,4017,-0.587878704,1
X103,4053,0.32131482,1
X103,4168,1.028629792,1
X103,4200,-1.228841486,1
X104,120,0.104335733,0
X104,156,-0.191478572,0
X104,216,0.382821058,0
X104,247,0.174161555,0
X104,274,-0.231339223,0
X104,287,0.093038177,0
X104,308,0.009300095,0
X104,343,-0.061074423,0
X104,360,0.036308361,0
X104,386,0.174401913,0
X104,389,-0.194379831,0
X104,419,-0.009475855,0
X104,486,0.046663318,0
X104,511,-0.072494902,0
X104,567,0.040033317,0
X104,613,-0.077693193,0
X104,657,-0.02685213,0
X104,663,-0.002128318,0
X104,687,0.010555894,0
X104,807,0.003964323,0
X104,836,0.182104876,0
X104,837,-0.053194492,0
X104,855,-0.337114556,0
X104,878,0.200002949,0
X104,879,0.171569782,0
X104,893,0.078214922,0
X104,897,-0.089980904,0
X104,907,0.040825691,0
X104,943,0.174692847,0
X104,954,0.048186994,0
X104,992,0.256617517,0
X104,1021,0.04224704,0
X104,1088,-0.011416521,0
X104,1096,-0.299819481,0
X104,1100,0.072368423,0
X104,1103,0.146646741,0
X104,1183,-0.105174477,0
X104,1284,-0.044431431,0
X104,1359,-0.057824813,0
X104,1400,0.060924914,0
X104,1426,0.158281622,0
X104,1485,-0.007744184,0
X104,1525,-0.009529299,0
X104,1552,0.173647904,0
X104,1615,0.143928436,0
X104,1635,-0.159957266,0
X104,1655,-0.363457322,0
X104,1671,-0.031576377,0
X104,1717,0.241196964,0
X104,1725,-0.006540383,0
X104,1746,0.039689273,0
X104,1810,-0.289213934,0
X104,1826,0.243929288,0
X104,1829,-0.028571442,0
X104,1834,0.292193812,0
X104,1844,-0.095366884,0
X104,1868,-0.025291217,0
X104,1894,0.110332646,0
X104,1943,-0.342107949,0
X104,1993,-0.006818259,0
X104,2044,-0.030446153,0
X104,2198,0.076060263,0
X104,2241,-0.067256038,0
X104,2277,-0.22253134,0
X104,2287,-0.150016046,0
X104,2430,-0.020422804,0
X104,2452,0.150349322,0
X104,2467,0.014103277,0
X104,2481,0.133088156,0
X104,2534,-0.012061326,0
X104,2561,-0.234700538,0
X104,2576,-0.261430596,0
X104,2624,-0.187709978,0
X104,2648,-0.216079978,0
X104,2666,0.067048937,0
X104,2696,-0.292661409,0
X104,2706,0.211700639,0
X104,2708,0.088147299,0
X104,2818,0.075075688,0
X104,2832,0.088288263,0
X104,2848,0.176789791,0
X104,2879,0.077051787,0
X104,2887,-0.217053878,0
X104,2939,0.096544144,0
X104,3121,-0.053564854,0
X104,3179,-0.105395738,0
X104,3220,0.351204309,0
X104,3233,0.046098531,0
X104,3249,0.08702031,0
X104,3250,0.297080003,0
X104,3292,0.307793522,0
X104,3433,-0.055610918,0
X104,3440,0.217207767,0
X104,3496,0.172017414,0
X104,3512,0.149125496,0
X104,3632,-0.431715598,0
X104,3635,-0.140448104,0
X104,3638,0.216552923,0
X104,3696,-0.133687116,0
X104,3710,-0.235694863,0
X104,3727,-0.207965841,0
X104,3756,0.029083583,0
X104,3780,0.11535403,0
X104,3781,0.027505683,0
X104,3819,0.139178488,0
X104,3824,-0.153457252,0
X104,3905,0.169598788,0
X104,3964,-0.12298132,0
X104,4001,0.114064676,0
X104,4002,-0.07668302,0
X104,4005,-0.064564887,0
X104,4029,0.114679972,0
X104,4041,0.15292964,0
X104,4052,-0.178414188,0
X104,4053,-0.015741909,0
X104,4148,0.202197254,0
X104,4185,0.012009756,0
X104,4200,-0.111484444,0
X105,36,-0.058757448,0
X105,43,-0.153687514,0
X105,107,-0.08551614,0
X105,156,0.214856347,0
X105,284,0.24758967,0
X105,294,0.249413325,0
X105,343,-0.169069317,0
X105,449,-0.127009698,0
X105,511,-0.133920477,0
X105,530,-0.037089879,0
X105,567,-0.046640605,0
X105,624,0.165351444,0
X105,630,-0.1654392,0
X105,657,0.213682151,0
X105,782,-0.281600394,0
X105,879,-0.037028799,0
X105,949,0.171838706,0
X105,959,0.052238528,0
X105,986,-0.158352194,0
X105,992,0.32342306,0
X105,1008,-0.124947937,0
X105,1010,0.15225104,0
X105,1037,-0.385737251,0
X105,1089,-0.096038245,0
X105,1248,0.195308016,0
X105,1249,0.089013209,0
X105,1291,0.183319775,0
X105,1295,-0.147043716,0
X105,1329,-0.413576017,0
X105,1421,-0.153505376,0
X105,1450,0.118253532,0
X105,1512,0.036440092,0
X105,1517,0.182290981,0
X105,1600,0.359453793,0
X105,1635,0.113329035,0
X105,1691,-0.377191933,0
X105,1733,-0.09691792,0
X105,1775,0.54117545,0
X105,1824,-0.162999493,0
X105,1826,-0.01727232,0
X105,1840,-0.115448565,0
X105,1852,0.039835837,0
X105,1879,0.269250983,0
X105,1891,0.24139006,0
X105,1937,0.1619393,0
X105,1943,-0.248331669,0
X105,1991,0.169647411,0
X105,1994,-0.027511694,0
X105,2013,empty,0
X105,2028,-0.320839352,0
X105,2036,0.017454699,0
X105,2055,0.245657786,0
X105,2104,0.21888934,0
X105,2108,0.009553689,0
X105,2221,-0.091812248,0
X105,2241,0.154186309,0
X105,2277,0.073098825,0
X105,2305,-0.349987017,0
X105,2445,-0.091222469,0
X105,2466,-0.123428843,0
X105,2536,0.01362806,0
X105,2648,0.106373123,0
X105,2706,-0.100991791,0
X105,2771,-0.117557659,0
X105,2775,-0.337578911,0
X105,2815,-0.006753306,0
X105,2818,-0.178810446,0
X105,3064,0.255808702,0
X105,3094,0.231819933,0
X105,3147,0.045988177,0
X105,3190,0.114371997,0
X105,3220,0.068788213,0
X105,3292,0.130377419,0
X105,3328,-0.13400497,0
X105,3340,0.033595545,0
X105,3390,-0.133970401,0
X105,3433,0.072407395,0
X105,3465,-0.092378069,0
X105,3476,0.03979887,0
X105,3512,0.351232592,0
X105,3571,0.152123071,0
X105,3612,-0.124810167,0
X105,3670,-0.261650738,0
X105,3696,0.113399375,0
X105,3705,0.25073488,0
X105,3746,-0.026909444,0
X105,3756,0.049684714,0
X105,3819,-0.014661033,0
X105,3824,-0.227287844,0
X105,3849,-0.157374016,0
X105,3917,-0.202745179,0
X105,3918,0.136108472,0
X105,3940,-0.106078366,0
X105,3968,0.206713154,0
X105,4004,0.123535242,0
X105,4005,-0.131849155,0
X105,4021,-0.210561557,0
X105,4126,0.040402017,0
X105,4168,0.287283339,0
X105,4184,-0.003780945,0
X106,58,-0.582469219,0
X106,113,0.756605241,0
X106,120,-0.422998276,0
X106,162,0.032417831,0
X106,247,0.44932082,0
X106,268,-0.019067015,0
X106,283,-0.40962269,0
X106,294,-0.096098834,0
X106,360,0.828346807,0
X106,393,0.771203794,0
X106,431,-0.137138325,0
X106,499,0.145946899,0
X106,503,0.856413177,0
X106,525,-0.084267668,0
X106,536,0.148762247,0
X106,549,0.177671029,0
X106,553,-0.144432425,0
X106,712,0.256710057,0
X106,851,0.323632337,0
X106,865,-0.802179346,0
X106,875,-0.363713353,0
X106,888,0.068635909,0
X106,914,-0.037659977,0
X106,949,-0.267369031,0
X106,953,-0.011735693,0
X106,959,0.210004313,0
X106,992,-0.381858373,0
X106,1046,-0.076001481,0
X106,1094,-0.364360388,0
X106,1108,0.130903748,0
X106,1119,1.137291238,0
X106,1268,0.028439465,0
X106,1323,0.443368147,0
X106,1332,0.249508215,0
X106,1375,-0.036500691,0
X106,1400,0.267069573,0
X106,1426,-0.922625768,0
X106,1436,0.248315773,0
X106,1441,-0.045712671,0
X106,1467,0.132549336,0
X106,1483,-0.449489082,0
X106,1517,0.044163288,0
X106,1524,0.012568771,0
X106,1615,0.300168926,0
X106,1647,0.407812733,0
X106,1654,-0.194139188,0
X106,1671,-0.199152837,0
X106,1693,-0.134194727,0
X106,1733,0.437837142,0
X106,1746,0.380264151,0
X106,1829,0.178270995,0
X106,1881,0.268599683,0
X106,1891,0.676385201,0
X106,1937,-0.133773221,0
X106,1943,0.906125404,0
X106,1952,0.066181448,0
X106,1973,0.115398934,0
X106,1991,-0.829058736,0
X106,1992,-0.408565011,0
X106,2076,-0.068492367,0
X106,2082,0.521484642,0
X106,2160,-0.579370787,0
X106,2245,0.61273684,0
X106,2277,0.040551794,0
X106,2483,0.229306788,0
X106,2576,0.983581403,0
X106,2601,0.125201413,0
X106,2614,-0.73715242,0
X106,2624,0.632732285,0
X106,2666,-0.005245364,0
X106,2673,1.078856523,0
X106,2677,-0.178571867,0
X106,2693,0.504006521,0
X106,2816,-0.501573088,0
X106,2818,-0.061016401,0
X106,2832,-0.570642757,0
X106,2870,0.148359129,0
X106,2888,0.330555605,0
X106,2952,-0.848973373,0
X106,2968,-0.583786481,0
X106,2992,-0.142482535,0
X106,3017,0.534389695,0
X106,3027,-0.051465574,0
X106,3064,0.067439613,0
X106,3103,0.229728406,0
X106,3162,-0.66417764,0
X106,3190,0.46145543,0
X106,3202,0.119258616,0
X106,3235,-0.325736028,0
X106,3249,-0.440439324,0
X106,3279,0.497613842,0
X106,3360,0.177119839,0
X106,3371,0.295426813,0
X106,3390,-0.426940246,0
X106,3396,0.013169852,0
X106,3440,0.58359234,0
X106,3512,-0.230731582,0
X106,3544,-0.183136302,0
X106,3632,0.397346221,0
X106,3772,1.164212297,0
X106,3780,0.48584568,0
X106,3783,0.187579067,0
X106,3791,0.166891642,0
X106,3792,0.752633825,0
X106,3824,-0.517843848,0
X106,3844,-0.871841092,0
X106,3973,-0.495982266,0
X106,4002,-0.546205507,0
X106,4003,0.447210433,0
X106,4021,-0.233143662,0
X106,4027,0.16217181,0
X106,4041,-0.010441203,0
X106,4087,-0.504814563,0
X106,4095,-0.096693156,0
X106,4113,0.297871783,0
X106,4159,-0.659773211,0
X106,4197,-0.170714533,0
X108,12,-0.085847289,0
X108,36,0.154310396,0
X108,113,-0.330172454,0
X108,170,0.089575267,0
X108,207,-0.195107823,0
X108,216,0.004076179,0
X108,256,-0.134472146,0
X108,268,-0.199186373,0
X108,294,-0.177796773,0
X108,308,0.28665924,0
X108,343,0.115473019,0
X108,375,-1.342221153,0
X108,486,-0.054839343,0
X108,499,0.654187485,0
X108,503,-0.146764767,0
X108,511,-0.623436976,0
X108,536,-0.191962376,0
X108,613,0.627604835,0
X108,616,0.549223825,0
X108,649,0.360366347,0
X108,687,-0.419822357,0
X108,689,-0.304140161,0
X108,878,0.041992249,0
X108,971,-0.352699486,0
X108,1021,0.307726662,0
X108,1061,-0.552319774,0
X108,1087,0.007649714,0
X108,1089,-1.031776233,0
X108,1094,-0.584859444,0
X108,1106,0.540743817,0
X108,1154,-0.087516672,0
X108,1228,-0.150298914,0
X108,1248,0.140349995,0
X108,1278,0.073148319,0
X108,1285,0.339409147,0
X108,1302,2.329359948,1
X108,1312,-0.053933343,0
X108,1374,-0.151329283,0
X108,1389,-0.10108621,0
X108,1392,0.715051697,0
X108,1426,0.310687898,0
X108,1472,-0.280902749,0
X108,1485,0.43533457,0
X108,1525,-0.10831904,0
X108,1580,-0.181874963,0
X108,1581,-0.570981426,0
X108,1586,0.540304559,0
X108,1635,-0.093282521,0
X108,1680,-0.184654246,0
X108,1690,-0.609325377,0
X108,1691,0.262843483,0
X108,1717,-0.104118869,0
X108,1729,0.140464376,0
X108,1814,-0.444121206,0
X108,1824,0.004906125,0
X108,1879,-0.514261876,0
X108,1938,0.17282624,0
X108,1993,0.586395641,0
X108,2028,0.05339882,0
X108,2160,-0.254275645,0
X108,2234,1.077155703,1
X108,2241,-0.739895688,0
X108,2242,0.311537724,0
X108,2277,-0.699943211,0
X108,2332,-0.222072064,0
X108,2375,0.094322129,0
X108,2407,-1.327302197,0
X108,2452,0.243466967,0
X108,2466,0.476204686,0
X108,2499,-0.063560984,0
X108,2638,1.322431925,0
X108,2648,0.760188819,0
X108,2673,0.926826187,0
X108,2775,0.495688577,0
X108,2843,0.096002874,0
X108,2849,-0.08383182,0
X108,2850,-0.774484813,0
X108,2876,0.206516733,0
X108,2968,-0.554066504,0
X108,2982,-0.876590016,0
X108,3069,-0.330467373,0
X108,3073,0.602531643,0
X108,3088,-0.427976447,0
X108,3147,0.375166128,0
X108,3179,0.039303742,0
X108,3241,0.757234791,0
X108,3292,-0.22573007,0
X108,3343,-0.211348638,0
X108,3375,-0.112911636,0
X108,3434,1.207122746,0
X108,3465,0.583667028,0
X108,3540,-0.872883679,0
X108,3544,-0.518135473,0
X108,3632,-0.398522731,0
X108,3642,0.819748307,0
X108,3691,-0.067769096,0
X108,3747,-0.402690157,0
X108,3795,0.163569655,0
X108,3801,1.415231478,0
X108,3824,-0.333796138,0
X108,3964,-0.083720094,0
X108,4017,-0.049777892,0
X108,4039,-0.052705319,0
X108,4126,0.876914218,0
X108,4156,0.578803262,0
X108,4164,-0.375427166,0
X108,4168,-0.788719084,0
X108,4197,0.329172744,0
X108,4201,-0.19157231,0
X109,11,0.38943172,0
X109,36,-0.196590778,0
X109,58,-0.044632228,0
X109,127,-0.061574127,0
X109,162,-1.161303242,0
X109,207,-0.532988644,0
X109,214,0.032579227,0
X109,294,0.079777577,0
X109,401,-1.094422778,0
X109,413,-0.176307117,0
X109,414,0.179469099,0
X109,525,0.370793422,0
X109,561,0.35049872,0
X109,575,-1.369362141,0
X109,613,2.006858446,0
X109,616,-0.580156374,0
X109,624,0.740686933,0
X109,630,-0.255788833,0
X109,780,1.291320054,0
X109,807,-0.589421709,0
X109,836,1.050475802,0
X109,877,0.196769442,0
X109,907,-0.189453646,0
X109,943,1.003392803,0
X109,996,-1.361142361,0
X109,1106,1.180006135,0
X109,1157,-0.815520663,0
X109,1187,-0.685274069,0
X109,1224,0.101702495,0
X109,1291,-0.643158038,0
X109,1300,1.345575813,0
X109,1312,1.631501374,0
X109,1392,-0.437189195,0
X109,1419,0.606585548,0
X109,1441,-0.167301773,0
X109,1524,-0.403362756,0
X109,1580,-0.639163517,0
X109,1581,-0.265336901,1
X109,1598,0.432730151,0
X109,1615,0.533140104,0
X109,1729,1.149982829,0
X109,1733,-0.833808858,0
X109,1812,1.377791733,1
X109,1814,-1.702567966,0
X109,1840,-0.326548208,0
X109,1852,-0.847069725,0
X109,1938,0.320277486,0
X109,1944,-0.704239164,0
X109,2008,0.675885718,0
X109,2028,-0.058682308,0
X109,2082,-0.599098857,0
X109,2110,-0.717432129,0
X109,2116,-1.055601654,0
X109,2221,-1.11182727,0
X109,2242,0.3910349,0
X109,2276,1.294032644,1
X109,2277,1.5452167,0
X109,2434,0.524974891,1
X109,2481,0.220840337,0
X109,2576,0.080314453,0
X109,2613,-0.494496164,0
X109,2636,0.906852215,0
X109,2638,-0.250359912,0
X109,2666,-0.39529857,0
X109,2673,0.999959015,0
X109,2817,-0.717394793,0
X109,2870,1.091404926,0
X109,2887,0.774718278,1
X109,2953,0.275727877,0
X109,2962,1.072109396,0
X109,2969,0.838839134,0
X109,3017,-0.809733617,0
X109,3027,0.768669545,0
X109,3073,0.004514581,0
X109,3094,-1.013200727,0
X109,3099,-0.034075315,0
X109,3103,2.036417745,1
X109,3190,0.434154253,0
X109,3249,0.366806093,0
X109,3279,-0.389211205,0
X109,3385,-0.960411578,0
X109,3433,0.402325277,0
X109,3460,-0.349862991,0
X109,3476,0.698072489,0
X109,3496,-0.375306614,0
X109,3544,1.795293906,0
X109,3612,1.00996375,0
X109,3705,0.308378056,0
X109,3727,-1.46252483,0
X109,3792,-1.120944547,0
X109,3805,-0.340530235,0
X109,3877,-0.315395373,0
X109,3881,0.30040876,0
X109,3895,-0.081142001,0
X109,3917,-0.008768022,0
X109,3928,0.97152146,0
X109,3954,0.219990659,0
X109,4039,-0.155510429,0
X109,4052,0.073700663,0
X109,4053,-1.607595236,0
X109,4119,-0.346179665,0
X109,4127,0.260177367,0
X110,113,-0.049626702,0
X110,120,-0.031192843,0
X110,170,-0.14830597,0
X110,222,-0.02045889,0
X110,284,-0.064460256,0
X110,294,-0.023753736,0
X110,343,0.0926643,0
X110,360,-0.020084403,0
X110,375,0.046853322,0
X110,486,0.435759885,0
X110,503,-0.105475655,0
X110,536,0.188976979,0
X110,560,-0.107458481,0
X110,573,-0.019654513,0
X110,575,0.051963489,0
X110,631,0.105726569,0
X110,837,-0.008551737,0
X110,875,0.160614334,0
X110,876,0.01917892,0
X110,877,0.380138381,0
X110,878,0.182891056,0
X110,978,-0.063196906,0
X110,1021,0.065274666,0
X110,1037,-0.208845381,0
X110,1064,0.113642751,0
X110,1138,-0.008123657,0
X110,1183,0.135500197,0
X110,1268,0.163778464,0
X110,1284,0.24594445,0
X110,1323,-0.044769381,0
X110,1426,-0.154427197,0
X110,1524,-0.041398105,0
X110,1530,-0.068894412,0
X110,1552,0.126329636,0
X110,1565,0.137895351,0
X110,1635,-0.059301245,0
X110,1671,-0.089145495,0
X110,1700,0.016855331,0
X110,1717,-0.092950598,0
X110,1824,-0.056760991,0
X110,1844,-0.175442669,0
X110,1852,-0.071191864,0
X110,1900,-0.046239183,0
X110,1937,-0.094116805,0
X110,1945,-0.141439181,0
X110,1991,0.096171204,0
X110,1994,0.116452963,0
X110,2160,-0.003961906,0
X110,2242,0.234369944,0
X110,2466,0.125503828,0
X110,2622,0.049444549,0
X110,2636,-0.035119142,0
X110,2648,0.078485245,0
X110,2673,0.086622725,0
X110,2677,0.012861677,0
X110,2706,-0.250911587,0
X110,2775,0.085256261,0
X110,2969,0.147406347,0
X110,2972,-0.157060305,0
X110,2992,-0.095077332,0
X110,3079,0.117044446,0
X110,3231,0.165744928,0
X110,3279,0.002041425,0
X110,3340,-0.041557245,0
X110,3375,0.033796829,0
X110,3390,-0.07517738,0
X110,3465,0.151894701,0
X110,3482,0.126583824,0
X110,3496,-0.060147649,0
X110,3552,-0.05045024,0
X110,3631,-0.058706487,0
X110,3635,0.040934442,0
X110,3662,-0.101272509,0
X110,3670,0.059424848,0
X110,3691,0.152458717,0
X110,3780,-0.110954661,0
X110,3792,0.149489888,0
X110,3849,-0.008679069,0
X110,3911,0.047110496,0
X110,3928,0.048851523,0
X110,3973,-0.250611988,0
X110,4003,0.267414675,0
X110,4005,0.228666266,0
X110,4017,-0.070054322,0
X110,4053,0.094181829,0
X110,4126,-0.091848609,0
X110,4132,-0.053109761,0
X110,4148,-0.045868249,0
X110,4159,-0.190351234,0
X110,4200,0.014113239,0
X111,183,1.265543505,1
X111,191,-0.311741519,1
X111,199,-0.355592928,1
X111,216,0.716582545,1
X111,268,0.14026274,1
X111,284,1.692934891,1
X111,294,0.450371736,1
X111,360,0.97230642,1
X111,413,1.438533873,1
X111,486,0.467728444,1
X111,525,1.645112678,1
X111,530,-0.618758597,0
X111,553,1.210070613,1
X111,560,1.852342296,1
X111,567,0.374311977,1
X111,617,1.761816958,1
X111,634,0.406529425,1
X111,817,0.807575206,1
X111,823,0.871738234,1
X111,865,1.04370642,1
X111,875,-0.496748823,0
X111,877,0.29901827,1
X111,878,-0.027404536,1
X111,978,1.305399109,1
X111,992,1.528978281,1
X111,1089,1.267401347,1
X111,1138,0.758272016,1
X111,1302,0.341761799,1
X111,1329,0.577166187,1
X111,1400,0.93565843,1
X111,1581,0.862109778,1
X111,1600,0.918516487,1
X111,1615,-0.006484833,1
X111,1654,-0.006400904,1
X111,1700,0.34180848,1
X111,1711,0.404034609,1
X111,1826,2.178726471,1
X111,1868,2.435588904,1
X111,1894,-0.018391008,1
X111,1943,1.379978176,1
X111,1944,0.691909137,1
X111,1990,0.925442195,1
X111,1994,1.560630837,1
X111,2008,2.033037959,1
X111,2276,1.820371723,1
X111,2368,1.100401356,1
X111,2375,-0.243003284,0
X111,2466,0.530175085,1
X111,2481,0.211497428,1
X111,2551,1.348159873,1
X111,2562,0.915514148,1
X111,2614,1.3393988,1
X111,2624,1.329176745,1
X111,2638,1.310466415,1
X111,2693,1.519657217,1
X111,2708,0.549535052,1
X111,2719,1.197403412,1
X111,2771,1.76627812,1
X111,2815,0.485765458,1
X111,2816,1.520296208,1
X111,2848,0.6749101,1
X111,2849,1.420112409,1
X111,2876,0.923728849,1
X111,2969,0.669899929,1
X111,2990,0.162412062,1
X111,3064,0.781948642,1
X111,3190,0.657102758,1
X111,3231,1.480482311,1
X111,3279,0.345089161,1
X111,3349,0.116989526,1
X111,3436,0.82432766,1
X111,3465,1.255626084,1
X111,3529,1.182121067,1
X111,3546,1.809700382,1
X111,3547,1.219203621,1
X111,3630,1.151125276,1
X111,3635,1.680620262,1
X111,3662,1.510317989,1
X111,3723,0.352145412,1
X111,3756,1.143939814,1
X111,3772,0.465359693,1
X111,3801,1.107564482,1
X111,3824,1.87613743,1
X111,3849,1.2089865,1
X111,3905,0.518247769,0
X111,3918,0.720523359,1
X111,3954,1.168464013,1
X111,4002,1.302651194,1
X111,4004,0.87641193,1
X111,4039,1.529094254,1
X111,4041,-0.003823296,1
X111,4052,0.700670725,1
X111,4095,0.41294583,1
X111,4113,0.899062418,1
X111,4142,0.549089636,1
X111,4197,-0.45217921,1
X112,127,0.055845297,0
X112,199,-0.119776945,0
X112,287,-0.115433359,0
X112,294,-0.109538021,0
X112,343,0.131116647,0
X112,389,-0.557629036,0
X112,413,-0.134568352,0
X112,483,0.062759107,0
X112,486,-0.117846498,0
X112,511,-0.153893602,0
X112,616,0.0857664,0
X112,634,0.175273151,0
X112,675,0.043756574,0
X112,780,-0.028043332,0
X112,782,-0.126390238,0
X112,817,-0.006817199,0
X112,912,-0.093666005,0
X112,1037,0.051681119,0
X112,1096,-0.305727959,0
X112,1138,-0.200624172,0
X112,1228,0.174106294,0
X112,1329,-0.064059479,0
X112,1389,-0.111061568,0
X112,1426,-0.093959935,0
X112,1436,0.151845927,0
X112,1447,-0.090166428,0
X112,1495,0.019788503,0
X112,1512,0.330039684,0
X112,1580,-0.020648319,0
X112,1592,0.363494309,0
X112,1612,-0.210902242,0
X112,1615,0.291557667,0
X112,1680,0.044020714,0
X112,1733,-0.14905564,0
X112,1775,-0.091584183,0
X112,1834,-0.255027244,0
X112,1938,-0.137476896,0
X112,1990,0.161646415,0
X112,1992,0.34370664,0
X112,2013,0.048636329,0
X112,2036,-0.258438145,0
X112,2116,0.115286465,0
X112,2241,0.260649258,0
X112,2245,0.028161286,0
X112,2277,-0.211594084,0
X112,2407,0.194602933,0
X112,2421,0.148002757,0
X112,2638,0.222375624,0
X112,2763,-0.405272435,0
X112,2815,0.288988636,0
X112,2843,-0.043923747,0
X112,2849,-0.245239082,0
X112,2876,0.10781928,0
X112,2887,-0.033596055,0
X112,2888,-0.016380333,0
X112,2952,-0.306071517,0
X112,2966,0.035655066,0
X112,2972,0.138939251,0
X112,2992,-0.165663337,0
X112,3027,-0.048315852,0
X112,3064,0.144599586,0
X112,3079,-0.198449454,0
X112,3088,-0.080098206,0
X112,3094,-0.111579434,0
X112,3103,0.137425967,0
X112,3179,-0.007928358,0
X112,3202,-0.157280646,0
X112,3231,0.386736579,0
X112,3235,0.188651828,0
X112,3249,0.149993924,0
X112,3280,-0.212724294,0
X112,3340,-0.045250549,0
X112,3345,-0.333303561,0
X112,3360,0.032526419,0
X112,3375,-0.40208239,0
X112,3433,0.40733723,0
X112,3434,0.108775891,0
X112,3476,0.026803361,0
X112,3539,-0.081417621,0
X112,3572,-0.009851394,0
X112,3631,0.461696095,0
X112,3642,0.389937077,0
X112,3747,-0.350925395,0
X112,3780,-0.251024279,0
X112,3791,-0.142893972,0
X112,3792,-0.145176071,0
X112,3801,0.124982063,0
X112,3911,0.052420539,0
X112,4002,0.155347292,0
X112,4017,-0.40889155,0
X112,4095,-0.218410285,0
X112,4126,-0.361078617,0
X112,4127,-0.110876214,0
X112,4164,-0.445555765,0
X113,58,0.506096222,0
X113,107,0.168909134,0
X113,127,0.241771012,0
X113,162,-0.63800002,0
X113,207,0.503038786,0
X113,216,-0.962787789,0
X113,222,-0.732821933,0
X113,389,-0.38588637,0
X113,401,-0.742514611,0
X113,431,0.364839462,0
X113,473,0.682020935,0
X113,536,0.447251698,0
X113,561,0.414897355,0
X113,575,0.227465349,0
X113,616,0.553191075,0
X113,631,-0.497815608,0
X113,669,-1.160377677,0
X113,675,-0.650575231,0
X113,689,-0.583749643,0
X113,780,0.161892952,0
X113,875,0.742567416,1
X113,877,0.382101682,0
X113,897,-0.328390118,0
X113,912,0.301179582,0
X113,914,0.434090676,0
X113,949,-1.229265079,0
X113,953,-0.29976333,0
X113,954,0.858060077,0
X113,996,-0.258398787,0
X113,1021,0.593634872,0
X113,1061,0.112584478,0
X113,1108,-1.164901091,0
X113,1141,-0.003535034,0
X113,1332,-0.204216571,0
X113,1375,-0.58585917,0
X113,1419,-0.129593989,0
X113,1441,-0.92172005,0
X113,1450,-0.293991617,0
X113,1467,-0.005695451,0
X113,1485,-0.059113927,0
X113,1525,0.138081408,0
X113,1600,1.401702528,0
X113,1691,-0.875543122,0
X113,1775,0.189941107,0
X113,1810,0.093548033,0
X113,1937,-0.439405091,0
X113,1973,1.24742693,0
X113,1990,-0.334361869,0
X113,1997,0.349266665,0
X113,2013,-0.622909308,0
X113,2028,0.302280532,0
X113,2234,-0.654515278,0
X113,2245,-0.449601548,0
X113,2290,-1.119619793,0
X113,2332,-0.209218524,0
X113,2368,0.131785668,0
X113,2430,0.131995317,0
X113,2481,-0.313958532,0
X113,2483,0.271404471,0
X113,2562,-0.467420544,0
X113,2622,0.368303697,0
X113,2636,0.381231172,0
X113,2648,-0.256525019,0
X113,2763,0.087936533,0
X113,2784,-0.099677864,0
X113,2843,1.290915978,0
X113,2870,0.379945719,0
X113,2915,0.447078979,0
X113,2939,-0.734331416,0
X113,2972,-0.240174708,0
X113,2982,-0.328219428,0
X113,3121,-1.773897662,0
X113,3190,-0.251192384,0
X113,3220,-0.315244756,0
X113,3231,-0.104315602,0
X113,3249,-0.560156003,0
X113,3250,0.236682808,0
X113,3328,0.300965641,0
X113,3340,0.579785792,0
X113,3345,-0.596423923,0
X113,3360,-0.108076063,0
X113,3396,0.42575391,0
X113,3440,0.343306391,0
X113,3540,0.383486978,0
X113,3544,-0.528632128,0
X113,3552,-0.06947826,0
X113,3572,-0.188831765,0
X113,3612,0.664341781,0
X113,3638,0.154780637,0
X113,3696,0.319979968,0
X113,3705,-0.060808062,0
X113,3756,0.486200962,0
X113,3781,0.16446757,0
X113,3792,0.201475542,0
X113,3905,1.794696364,1
X113,3917,0.515931931,0
X113,3954,-0.602956268,0
X113,3966,-0.630245982,0
X113,3968,0.930178711,0
X113,4003,-1.072981325,0
X113,4027,-0.36298078,0
X113,4039,-0.408397847,0
X113,4127,0.110555453,0
X113,4159,-0.669584865,0
X113,4164,-0.591401988,0
X113,4197,0.258475105,0
X114,127,-2.091984211,0
X114,162,-1.379921726,0
X114,191,-2.229311941,0
X114,268,-0.046374591,0
X114,287,0.243505357,0
X114,525,-1.046239527,0
X114,663,2.135207601,0
X114,823,0.183195884,0
X114,836,-0.486539857,0
X114,837,2.341470708,0
X114,855,1.051850552,0
X114,865,-1.881758106,0
X114,875,2.248612034,1
X114,907,-0.82741775,0
X114,912,-2.268420785,0
X114,958,-1.113970037,0
X114,959,0.694023612,0
X114,1037,-1.378981505,0
X114,1061,3.02707319,1
X114,1088,3.443731721,1
X114,1089,0.87170357,0
X114,1129,0.560505849,0
X114,1151,0.679564769,1
X114,1224,-1.303641863,0
X114,1278,2.068827937,0
X114,1285,0.767875899,0
X114,1374,2.485234725,1
X114,1419,-1.164703606,0
X114,1421,-1.192196091,0
X114,1436,-0.963917161,0
X114,1495,1.4213134,0
X114,1525,-0.732780392,0
X114,1552,-1.478388386,0
X114,1581,-5.006914085,0
X114,1586,0.375524541,0
X114,1592,-1.27987183,0
X114,1600,-1.490332925,1
X114,1612,-0.089018157,0
X114,1615,-0.060975622,0
X114,1691,1.492672381,0
X114,1709,0.521314454,0
X114,1733,-1.47778302,0
X114,1775,2.291345916,0
X114,1812,0.325164584,0
X114,1814,1.149671707,0
X114,1879,-0.343341543,0
X114,1891,1.568332868,0
X114,1943,1.132071693,0
X114,1944,1.566471007,0
X114,1952,1.013699965,0
X114,2013,1.264447172,1
X114,2027,-0.822268508,0
X114,2160,-1.618166714,0
X114,2198,0.412019196,0
X114,2287,-1.668119142,0
X114,2309,1.781302003,1
X114,2368,-1.696096545,0
X114,2430,2.083081216,1
X114,2445,1.80547324,0
X114,2466,-1.310569395,0
X114,2467,-0.224055961,1
X114,2481,-2.149339003,0
X114,2483,-1.757263321,0
X114,2622,2.922760691,0
X114,2666,-2.583937104,0
X114,2691,-2.953976312,0
X114,2696,-0.70104951,0
X114,2719,-0.688561128,0
X114,2887,1.254912389,0
X114,2962,0.508439232,1
X114,2969,1.4559582,1
X114,2990,0.208860685,0
X114,3079,-0.136757665,0
X114,3103,-1.132237101,0
X114,3179,-0.086410685,0
X114,3190,1.780799707,0
X114,3235,-0.25171867,0
X114,3328,-0.93547184,0
X114,3465,0.1753211,0
X114,3512,1.217416898,0
X114,3552,1.857019219,0
X114,3572,0.499464227,0
X114,3612,-0.324689922,0
X114,3630,-0.399125567,0
X114,3635,0.128977829,1
X114,3670,1.41167259,0
X114,3819,-0.808635977,1
X114,3895,0.202946763,1
X114,3917,2.01195835,1
X114,3954,-0.731558489,1
X114,3966,-0.434735188,0
X114,4001,0.570818383,0
X114,4003,0.42258568,0
X114,4005,0.749786729,1
X114,4029,1.668882165,0
X114,4039,-0.133112242,1
X114,4052,0.399622962,1
X114,4132,-0.016967584,1
X114,4159,-0.724144556,0
X114,4164,-0.75344604,0
X114,4201,-1.255869881,0
X114,4204,1.055031851,1
X115,11,2.994228015,0
X115,192,2.984363701,0
X115,199,-0.019486417,1
X115,207,0.595165476,0
X115,229,0.153466074,0
X115,274,0.483985209,1
X115,284,-2.864695921,0
X115,287,-1.264142652,1
X115,294,1.138759392,0
X115,308,3.369328866,0
X115,360,0.142033178,1
X115,413,0.982972454,1
X115,449,3.837276753,1
X115,485,1.181964223,0
X115,499,-0.757984897,1
X115,687,-2.145047259,0
X115,689,-0.55175562,0
X115,836,1.785388772,0
X115,851,1.969420185,0
X115,888,-2.103753558,0
X115,943,-2.500541304,0
X115,953,1.017566963,0
X115,954,-0.407786203,1
X115,959,0.97873019,1
X115,971,1.864431145,0
X115,1037,2.188875532,0
X115,1061,0.717551125,0
X115,1094,-1.452329205,0
X115,1108,0.14268625,1
X115,1151,0.634116968,0
X115,1183,-0.274929641,0
X115,1239,5.12860087,1
X115,1268,4.435018771,1
X115,1284,0.448870479,0
X115,1323,-0.364650836,0
X115,1329,1.285945811,1
X115,1332,-2.100370723,0
X115,1375,0.274415705,0
X115,1483,-2.275723846,0
X115,1517,1.182273397,0
X115,1525,1.700962411,0
X115,1552,0.11434309,0
X115,1565,-2.043813151,0
X115,1581,4.299243628,1
X115,1598,0.15474519,0
X115,1615,-0.390645454,0
X115,1647,-0.493279276,0
X115,1655,-0.31825278,1
X115,1746,-1.212135348,0
X115,1829,0.301233585,0
X115,1866,-2.351888935,1
X115,1868,-0.860216377,0
X115,1881,-3.758510642,0
X115,1937,2.645663902,1
X115,1943,-0.064378562,1
X115,1944,-2.66563464,0
X115,1945,0.877839202,1
X115,2044,0.370735652,1
X115,2137,2.28483945,0
X115,2287,2.169036242,0
X115,2333,-2.156015995,0
X115,2358,1.0697222,0
X115,2375,0.787038595,0
X115,2421,1.910837912,1
X115,2467,1.130645794,0
X115,2481,-0.01221897,1
X115,2562,3.107625666,1
X115,2775,-1.253658511,0
X115,2784,2.034048864,0
X115,2816,-3.334034163,1
X115,2832,1.550249652,0
X115,2843,3.350712106,1
X115,2969,1.272734802,0
X115,2972,1.021424426,0
X115,2982,3.300926948,1
X115,3027,-2.170045287,0
X115,3069,0.720312942,0
X115,3147,2.366990043,1
X115,3202,1.556121802,1
X115,3220,1.286657439,1
X115,3252,0.734650854,0
X115,3328,1.276003324,1
X115,3385,-2.834669602,0
X115,3465,1.982377234,1
X115,3476,0.831292261,1
X115,3482,1.315187478,0
X115,3630,-0.251614987,0
X115,3631,2.799319162,0
X115,3662,2.045594674,1
X115,3691,0.236432774,0
X115,3795,-2.413503346,0
X115,3849,-0.86194024,0
X115,3895,-2.154774577,0
X115,3905,0.642498623,0
X115,3928,-2.209399834,0
X115,4029,5.22236229,0
X115,4041,1.972810767,0
X115,4087,-1.23901671,1
X115,4110,3.77609719,0
X115,4121,1.775955945,1
X115,4126,3.507492546,0
X116,3,-3.249577805,0
X116,12,0.71531854,0
X116,170,0.719588438,1
X116,256,1.684701426,1
X116,287,-2.130104677,0
X116,308,-2.868876938,0
X116,389,2.992700496,0
X116,414,-0.900805705,0
X116,486,0.802985433,0
X116,549,-1.246623495,1
X116,613,1.432778049,1
X116,622,0.509026422,0
X116,624,1.074031533,1
X116,663,0.568683788,0
X116,690,0.43617565,0
X116,780,-0.463828339,0
X116,807,0.208916133,0
X116,851,-2.596564329,0
X116,914,0.065499876,0
X116,943,-1.10336109,0
X116,992,-1.567359849,0
X116,996,0.662298859,1
X116,1010,-1.120299307,0
X116,1021,-0.576662259,1
X116,1046,-0.832763231,0
X116,1064,1.053017628,0
X116,1106,-1.39326043,0
X116,1151,-1.525237596,0
X116,1228,0.469586402,0
X116,1295,-2.83201712,0
X116,1332,-1.809883132,0
X116,1374,0.973758131,0
X116,1392,-1.570140888,0
X116,1400,-0.365367891,1
X116,1441,-0.99207535,0
X116,1472,-0.978895487,0
X116,1485,1.776078307,0
X116,1552,-1.986605882,0
X116,1598,1.940124575,0
X116,1635,1.193756482,0
X116,1733,-3.128308479,0
X116,1834,1.275948099,0
X116,1840,-0.547010876,0
X116,1844,0.603676724,0
X116,1898,4.589986133,0
X116,1937,3.042013199,0
X116,1938,-0.26835907,0
X116,1944,-0.394115446,1
X116,1952,2.080742609,0
X116,1991,2.53191768,0
X116,1997,1.092310317,0
X116,2036,-3.077376667,0
X116,2044,-0.358393086,0
X116,2104,-0.046149581,0
X116,2110,-0.103824757,1
X116,2242,0.649761205,0
X116,2286,-2.138363215,0
X116,2309,2.444749772,0
X116,2358,3.251648526,1
X116,2402,empty,0
X116,2434,-1.010052444,0
X116,2466,2.357930656,0
X116,2496,1.586515599,1
X116,2534,-1.020411302,0
X116,2601,-1.942955589,0
X116,2691,0.630473745,0
X116,2843,3.455289174,0
X116,2850,-1.629748373,0
X116,2952,0.961074205,0
X116,2969,0.76470756,0
X116,3017,2.655221033,1
X116,3103,3.814474573,0
X116,3280,0.344252173,1
X116,3360,1.037236044,0
X116,3371,0.247599304,0
X116,3434,-1.638229733,0
X116,3495,-0.025214268,0
X116,3544,-0.185643788,0
X116,3630,2.819471789,1
X116,3632,2.290115284,0
X116,3662,0.180003377,0
X116,3727,1.231714708,0
X116,3805,-0.719225062,0
X116,3819,1.018672987,0
X116,3881,0.366617588,0
X116,3918,0.811804832,0
X116,3954,-1.468480681,0
X116,4003,-0.3106171,0
X116,4017,-1.232609164,1
X116,4053,2.689206247,0
X116,4095,0.652166164,0
X116,4113,-1.205134479,0
X116,4184,-0.687989888,0
X117,36,2.245525944,0
X117,120,-0.240407458,0
X117,222,0.248343078,0
X117,249,-0.155252191,0
X117,256,-0.199827359,0
X117,431,0.095480467,0
X117,486,-0.060117103,0
X117,499,-0.377989733,0
X117,536,-1.757973418,0
X117,561,0.526790889,0
X117,575,-0.666038634,0
X117,663,2.235601651,0
X117,690,1.019356026,0
X117,758,0.619815774,1
X117,780,-0.011142877,0
X117,836,0.712659528,0
X117,875,-0.706238002,0
X117,877,0.182736454,0
X117,888,2.338634232,0
X117,1010,-1.051123704,0
X117,1096,1.424676725,0
X117,1103,1.357427929,0
X117,1106,0.787268509,0
X117,1138,-0.150542722,0
X117,1183,-0.506105684,0
X117,1268,-1.603119314,0
X117,1332,-0.19790081,1
X117,1389,-0.994301302,0
X117,1392,-0.683139168,0
X117,1400,-1.085048147,0
X117,1426,0.787869979,0
X117,1436,-0.279135375,0
X117,1447,0.019074368,0
X117,1492,0.065725919,0
X117,1517,-0.044493168,0
X117,1586,1.445983274,0
X117,1598,-0.36618642,0
X117,1600,-0.260685783,0
X117,1615,0.507680425,0
X117,1709,0.841511618,0
X117,1717,0.010958051,0
X117,1725,0.25050175,0
X117,1746,-0.021682113,0
X117,1886,-1.556045538,0
X117,1891,-0.936683663,0
X117,1991,0.59912741,0
X117,1993,-0.134777911,0
X117,2076,-0.146817292,0
X117,2108,-0.001417161,0
X117,2276,-0.510935168,0
X117,2286,1.17518004,0
X117,2368,-0.333836727,0
X117,2375,-0.006035446,0
X117,2402,0.22571722,0
X117,2467,0.733381102,0
X117,2483,0.873888662,0
X117,2561,-0.987598571,0
X117,2613,-0.267119223,0
X117,2638,-0.730912894,0
X117,2673,-0.267315134,0
X117,2677,-0.030172799,0
X117,2706,-0.415798565,0
X117,2815,1.155364456,0
X117,2816,-0.627407807,0
X117,2832,0.516133902,0
X117,2848,0.414845881,0
X117,3017,-1.233398466,0
X117,3027,0.546744247,0
X117,3069,-0.788442536,0
X117,3073,-1.20229911,0
X117,3088,0.537688941,0
X117,3179,1.684261143,0
X117,3201,-0.527484333,0
X117,3202,-0.791879152,0
X117,3249,-0.390967378,0
X117,3280,-0.173137811,0
X117,3349,0.423318853,0
X117,3375,0.718815818,0
X117,3390,-1.992896637,0
X117,3436,-0.291292734,0
X117,3465,-0.46309794,0
X117,3476,1.098159314,0
X117,3482,0.391273916,0
X117,3495,0.46091646,0
X117,3529,-0.340228753,0
X117,3539,0.389417765,0
X117,3552,0.769433948,0
X117,3677,2.112590131,0
X117,3691,-1.183693675,0
X117,3805,-0.66899247,0
X117,3867,0.345502913,0
X117,3918,1.525842075,0
X117,3954,-0.613074727,0
X117,3966,0.077301776,0
X117,4002,-0.153382409,0
X117,4005,-0.254244105,0
X117,4021,-1.176757825,0
X117,4029,-1.045617125,0
X117,4041,0.108346744,0
X118,113,-1.426795969,0
X118,170,2.414868305,1
X118,274,-0.520996157,0
X118,483,-0.186585479,0
X118,485,3.339742789,1
X118,616,0.430319451,0
X118,622,0.467751984,1
X118,624,-1.906655807,1
X118,657,0.948783272,1
X118,669,3.892922954,1
X118,675,0.007116102,1
X118,690,-1.614722231,0
X118,712,-2.538212154,0
X118,758,1.64595926,0
X118,836,-3.353053788,1
X118,855,1.397525434,0
X118,879,-1.447910959,0
X118,897,0.530565365,1
X118,959,-1.287356278,0
X118,978,2.077922116,1
X118,986,-0.49093334,0
X118,1010,3.414124248,1
X118,1021,-1.118980603,0
X118,1046,-0.123061912,1
X118,1129,0.690997101,1
X118,1183,0.711589037,1
X118,1224,3.110293122,1
X118,1268,0.772927307,0
X118,1302,1.120277217,0
X118,1312,-0.962987617,0
X118,1323,0.776357374,1
X118,1441,-4.473079871,0
X118,1495,2.046145869,0
X118,1552,0.470152672,1
X118,1568,-0.195740011,1
X118,1586,-0.79204831,1
X118,1615,1.943703491,1
X118,1654,3.268307661,1
X118,1680,0.77859645,1
X118,1733,0.940345365,1
X118,1834,-1.617561902,0
X118,1852,-0.641185988,0
X118,1866,0.952558561,0
X118,1886,3.52040164,1
X118,1894,4.795699826,0
X118,1898,2.164078716,0
X118,2013,0.380125099,0
X118,2044,-1.288976988,0
X118,2076,1.175822185,0
X118,2082,1.861479358,1
X118,2116,0.242748357,1
X118,2234,-1.605847861,0
X118,2241,-1.190510549,1
X118,2277,-2.144148139,1
X118,2775,0.334987061,1
X118,2784,-0.585817051,1
X118,2815,0.808144114,1
X118,2816,-4.751410856,0
X118,2843,0.100484652,0
X118,2848,-1.217206809,1
X118,2870,2.793514284,1
X118,2884,-1.742405657,0
X118,3069,1.90921094,0
X118,3147,1.389796349,0
X118,3201,-1.01459565,0
X118,3231,0.878404587,1
X118,3249,1.736906975,1
X118,3279,1.637513316,1
X118,3340,-0.837292397,0
X118,3349,0.185200683,0
X118,3496,-0.027534918,1
X118,3529,2.557248181,1
X118,3631,1.980682381,1
X118,3670,-2.525158153,0
X118,3696,-0.453249751,0
X118,3705,0.723692152,0
X118,3783,0.347502568,0
X118,3791,3.320030173,1
X118,3867,0.384063564,0
X118,3911,-3.160783405,1
X118,3928,0.962865106,1
X118,3966,1.846568306,0
X118,3973,0.542390129,1
X118,4001,0.54436659,1
X118,4002,0.669451336,0
X118,4041,-0.783289938,1
X118,4053,1.600949735,1
X118,4087,-3.477901524,0
X118,4113,0.884946097,1
X118,4121,-0.316308595,0
X118,4148,-0.243868326,0
X118,4200,-0.163918471,1
X119,73,1.993799246,0
X119,192,-0.199931576,1
X119,222,1.064613552,0
X119,247,-3.138230924,0
X119,268,4.105398499,1
X119,287,0.451318321,0
X119,343,-1.331872379,0
X119,375,-4.795414057,1
X119,389,-1.582863491,0
X119,414,1.715547087,1
X119,485,3.188221936,1
X119,511,-0.698306916,0
X119,561,3.22944363,1
X119,624,-2.660232834,1
X119,687,-4.190941679,1
X119,758,1.594998402,0
X119,877,-0.638925417,1
X119,878,3.504061734,1
X119,879,3.884682173,0
X119,893,-2.745652474,0
X119,959,0.163380523,0
X119,1061,1.602959253,1
X119,1087,3.94531326,1
X119,1119,1.59332721,1
X119,1154,2.885888297,0
X119,1183,0.078089124,1
X119,1187,0.149876622,1
X119,1224,1.348622808,1
X119,1302,-2.506855607,0
X119,1312,-2.292757117,0
X119,1400,-0.521564862,0
X119,1421,0.815507493,1
X119,1450,1.879019391,1
X119,1485,-0.914149466,0
X119,1530,-0.446557906,0
X119,1568,3.736294732,1
X119,1691,5.052448779,1
X119,1708,-0.183331766,1
X119,1844,0.349539585,0
X119,1868,1.223871841,1
X119,1900,-0.243472339,1
X119,1993,-2.295800258,1
X119,1994,4.738451395,0
X119,2036,2.874931857,1
X119,2044,-1.49546265,0
X119,2055,-1.052973225,0
X119,2110,0.00061383,0
X119,2198,-0.598681846,0
X119,2221,-1.124763652,0
X119,2277,1.062372198,1
X119,2287,0.132444667,0
X119,2407,-0.048844438,0
X119,2445,1.092298172,0
X119,2481,1.274049035,0
X119,2483,-0.898021116,1
X119,2706,1.032526385,1
X119,2708,-1.134773355,0
X119,2719,2.655890055,1
X119,2784,-0.303436875,1
X119,2876,1.433711063,0
X119,2888,-3.472949617,0
X119,2953,-2.757396653,0
X119,2966,3.290917953,0
X119,2972,3.219750494,0
X119,2992,0.766968682,1
X119,3017,-0.914000189,1
X119,3064,4.594362163,1
X119,3079,-0.43494082,0
X119,3103,4.5260511,1
X119,3162,-1.055219613,0
X119,3249,1.84622376,1
X119,3349,-2.213848947,0
X119,3396,-1.901627757,1
X119,3436,-1.617325525,0
X119,3476,-1.687230464,0
X119,3540,3.950559077,1
X119,3546,1.671145982,1
X119,3552,-1.062813494,1
X119,3557,0.606729047,1
X119,3612,2.172017635,0
X119,3677,-3.643022904,1
X119,3710,3.895957301,1
X119,3780,2.395179835,0
X119,3805,1.772868356,1
X119,3844,-0.681073758,0
X119,3877,1.356449675,1
X119,3881,0.265552136,1
X119,3895,3.198887745,1
X119,3905,2.271656986,1
X119,3964,-0.165372166,1
X119,4004,-1.22058971,1
X119,4052,3.794373326,1
X119,4110,0.00874053,1
X120,162,0.653610727,1
X120,183,0.131756249,1
X120,249,1.36104003,1
X120,256,0.129147166,1
X120,274,1.097576296,1
X120,343,1.725247291,1
X120,386,1.026151814,1
X120,413,2.082044857,1
X120,414,0.295926104,1
X120,449,2.86457224,1
X120,473,0.511353412,1
X120,485,1.419822256,1
X120,503,0.805310755,1
X120,553,1.238674311,1
X120,575,1.168317903,1
X120,624,1.563136364,1
X120,649,1.683141243,1
X120,675,empty,1
X120,687,1.349078608,1
X120,689,1.117813982,1
X120,758,2.02798134,1
X120,769,1.120631424,1
X120,837,1.639093491,1
X120,855,2.888753471,1
X120,907,0.650045875,1
X120,954,1.07111256,1
X120,958,0.695030482,1
X120,1008,0.33707274,1
X120,1046,2.410395642,1
X120,1061,-0.414617497,1
X120,1096,0.823508706,1
X120,1138,0.426072689,1
X120,1141,-0.601929464,0
X120,1151,2.922867345,1
X120,1178,0.886377526,1
X120,1183,0.932335884,1
X120,1375,0.368540032,1
X120,1421,2.317643673,1
X120,1447,0.772831767,1
X120,1517,0.579465856,1
X120,1530,1.63108947,1
X120,1647,0.535809521,1
X120,1725,0.517063011,1
X120,1729,1.975484768,1
X120,1810,-0.123243353,1
X120,1894,1.801078529,1
X120,1973,1.706792127,1
X120,1993,2.606779461,1
X120,1994,2.239171957,1
X120,2008,1.677321226,1
X120,2013,1.598533186,1
X120,2027,0.752352237,1
X120,2104,1.089830527,1
X120,2137,1.128256211,1
X120,2160,1.992648544,1
X120,2188,0.365063481,1
X120,2290,-0.202174487,1
X120,2332,1.077840331,1
X120,2333,2.871964283,1
X120,2375,-0.905335847,0
X120,2466,0.735904193,1
X120,2534,1.138933196,1
X120,2624,0.705243226,1
X120,2666,1.117272552,1
X120,2693,0.033126508,1
X120,2763,1.503519834,1
X120,2771,1.978436105,1
X120,2815,1.370369676,1
X120,2870,1.216182874,1
X120,2884,1.177109297,1
X120,2887,1.852069842,1
X120,2899,0.854774028,1
X120,2939,0.016246847,1
X120,2953,empty,1
X120,2966,1.035340252,1
X120,2972,1.191027317,1
X120,3017,1.539306408,1
X120,3064,0.346829245,1
X120,3099,1.50554714,1
X120,3190,1.307960896,1
X120,3280,0.474882061,1
X120,3328,2.860895084,1
X120,3343,0.316267431,1
X120,3345,0.25195748,1
X120,3360,0.834732996,1
X120,3375,0.868349499,1
X120,3434,2.747597331,1
X120,3460,0.738244991,1
X120,3552,0.079660755,1
X120,3630,1.693947585,1
X120,3631,1.589573088,1
X120,3642,2.574242438,1
X120,3723,0.269651906,1
X120,3792,empty,1
X120,3877,1.152066412,1
X120,3905,-1.726032033,0
X120,3928,-1.793709607,1
X120,3954,2.035565614,1
X120,4005,1.796883091,1
X120,4021,2.026359306,1
X120,4027,1.789968311,1
X120,4121,0.457753231,1
X120,4156,0.455818314,1
X120,4159,0.780191526,1
X120,4164,2.798274941,1
X120,4197,1.191146725,1
X120,4200,1.23031238,1
X122,156,0.326517123,0
X122,207,-0.221349685,0
X122,211,0.04318868,0
X122,229,0.515535687,0
X122,287,0.247017594,0
X122,386,-0.191914562,0
X122,567,0.17451696,0
X122,617,0.029386731,0
X122,630,-0.395230944,0
X122,758,-0.588601266,0
X122,876,-0.528564011,0
X122,879,-0.04414011,0
X122,893,0.620964114,0
X122,989,0.536469802,0
X122,992,-0.154789011,0
X122,1087,0.426748525,0
X122,1224,0.601715458,0
X122,1302,-0.221656133,0
X122,1332,0.047229809,0
X122,1359,0.281516908,0
X122,1375,-0.567361438,0
X122,1419,0.036008044,0
X122,1467,0.213803988,0
X122,1483,0.060407276,0
X122,1552,0.286804156,0
X122,1565,0.018916757,0
X122,1612,0.046229037,0
X122,1615,-0.238770974,0
X122,1635,-0.180350085,0
X122,1717,0.034846507,0
X122,1775,0.144008971,0
X122,1826,0.199583567,0
X122,1937,0.187804945,0
X122,1992,-0.291786426,0
X122,2008,-0.099262755,0
X122,2027,0.295813259,0
X122,2116,0.177660716,0
X122,2135,-0.157616404,0
X122,2137,-0.642478815,0
X122,2160,0.287208603,0
X122,2286,-0.136409043,0
X122,2287,0.266568252,0
X122,2358,-0.131881718,0
X122,2368,-0.174934861,0
X122,2402,0.050038558,0
X122,2407,-0.090599541,0
X122,2466,0.253358039,0
X122,2481,0.099964366,0
X122,2483,0.432619041,0
X122,2534,-0.406014983,0
X122,2614,0.188303658,0
X122,2622,0.420244497,0
X122,2624,0.463594769,0
X122,2673,-0.013328579,0
X122,2691,-0.18858157,0
X122,2696,-0.038088828,0
X122,2719,0.180138242,0
X122,2843,0.094619021,0
X122,2849,-0.038185049,0
X122,2893,-0.173277469,0
X122,2899,0.231470093,0
X122,2966,-0.259922962,0
X122,3103,0.323840343,0
X122,3235,-0.497101184,0
X122,3280,-0.946834566,0
X122,3433,-0.241685272,0
X122,3434,-0.15600032,0
X122,3440,-0.355205139,0
X122,3465,-0.52051157,0
X122,3529,0.506168955,0
X122,3540,0.087095716,0
X122,3544,0.467225137,0
X122,3631,-0.251532863,0
X122,3727,0.931522198,0
X122,3781,-0.094805232,0
X122,3805,-0.26927853,0
X122,3954,0.068526212,0
X122,3966,0.231039821,0
X122,3968,0.109446458,0
X122,4001,0.929028805,1
X122,4003,-0.289540954,0
X122,4004,0.349738413,0
X122,4017,-0.094104029,0
X122,4039,0.206554322,0
X122,4041,0.394572256,0
X122,4087,-0.133734943,0
X122,4095,0.285075063,0
X122,4119,-0.455087242,0
X122,4121,-0.260520035,0
X122,4126,-0.137051858,0
X122,4148,-0.407575453,0
X122,4168,-0.329593836,0
X122,4184,0.310860234,0
X123,3,0.063831966,0
X123,36,empty,0
X123,43,0.170906936,0
X123,120,0.148001263,0
X123,156,-0.24720584,0
X123,170,0.162709002,0
X123,214,-0.162040385,0
X123,283,-0.060525957,0
X123,284,-0.254551222,0
X123,393,-0.06072804,0
X123,401,-0.096898796,0
X123,410,0.477772394,0
X123,413,-0.034554405,0
X123,414,-0.241798406,0
X123,419,0.096000367,0
X123,473,0.192203189,0
X123,483,0.071350932,0
X123,503,0.222112044,0
X123,567,0.022003665,0
X123,573,-0.434023306,0
X123,575,-0.374510278,0
X123,624,0.473484249,0
X123,657,-0.211447419,0
X123,675,0.05022757,0
X123,690,-0.326463521,0
X123,712,0.121970472,0
X123,769,empty,0
X123,851,0.222571718,0
X123,878,0.137116817,0
X123,943,0.292929164,0
X123,953,-0.13887747,0
X123,954,-0.145423471,0
X123,958,-0.027677053,0
X123,959,0.220476359,0
X123,971,0.077103042,0
X123,996,0.15524556,0
X123,1037,-0.103998701,0
X123,1087,0.046656964,0
X123,1138,0.162684386,0
X123,1151,0.074069587,0
X123,1154,-0.288958052,0
X123,1157,0.134271371,0
X123,1187,-0.011058764,0
X123,1295,0.116232312,0
X123,1300,0.019445167,0
X123,1374,-0.242178584,0
X123,1421,-0.252341169,0
X123,1495,0.256357499,0
X123,1517,0.127137183,0
X123,1524,0.17418592,0
X123,1580,-0.061039602,0
X123,1693,0.246637255,0
X123,1733,0.076556244,0
X123,1826,0.103367401,0
X123,1829,-0.252278119,0
X123,1840,-0.038448714,0
X123,1844,-0.152408912,0
X123,1891,0.31300978,0
X123,1937,-0.014702707,0
X123,1991,-0.397566904,0
X123,1992,-0.119722518,0
X123,1997,0.020013043,0
X123,2028,0.077005655,0
X123,2076,0.357950103,0
X123,2135,-0.008316808,0
X123,2421,-5.34e-05,0
X123,2562,-0.25847203,0
X123,2624,-0.219131625,0
X123,2636,0.026991472,0
X123,2666,-0.079353585,0
X123,2673,-0.434163199,0
X123,2696,0.120969744,0
X123,2784,0.470147014,0
X123,2848,0.121305833,0
X123,2850,-0.06656501,0
X123,2870,-0.119448698,0
X123,2887,0.339390223,0
X123,2939,-0.042692099,0
X123,2968,0.019761738,0
X123,3088,-0.177851897,0
X123,3179,-0.285552993,0
X123,3190,-0.234296874,0
X123,3220,-0.287514896,0
X123,3231,0.017367426,0
X123,3345,-0.199071382,0
X123,3349,-0.143122245,0
X123,3360,-0.025039295,0
X123,3375,-0.318392381,0
X123,3396,0.046570561,0
X123,3460,0.24725567,0
X123,3511,0.218559067,0
X123,3612,0.101444745,0
X123,3635,0.002311897,0
X123,3670,0.231706326,0
X123,3705,0.09830279,0
X123,3781,0.331722907,0
X123,3791,-0.501942381,0
X123,3801,-0.101809131,0
X123,3805,-0.051431877,0
X123,3844,0.014068559,0
X123,3849,-0.011712924,0
X123,3867,0.338558353,0
X123,3917,0.210702596,0
X123,3918,0.181594174,0
X123,3940,-0.241220886,0
X123,3954,0.160783183,0
X123,3964,-0.146890517,0
X123,4039,-0.072460665,0
X123,4119,0.153995881,0
X123,4127,-0.023000735,0
X123,4132,0.334478266,0
X123,4184,-0.13711255,0
X123,4197,-0.546387312,0
X123,4200,0.40245306,0
X124,36,0.157696537,0
X124,229,-0.107615766,0
X124,249,0.092085755,0
X124,284,-0.117495648,0
X124,308,-0.038759982,0
X124,401,0.035289714,0
X124,449,0.076735241,0
X124,503,-0.040243647,0
X124,543,0.139748018,0
X124,560,0.136791396,0
X124,561,-0.077702618,0
X124,573,0.09956053,0
X124,649,-0.036936858,0
X124,689,0.005660408,0
X124,865,-0.12211717,0
X124,879,-0.074919358,0
X124,996,0.065511008,0
X124,1008,0.00954768,0
X124,1037,0.003387248,0
X124,1064,-0.075497683,0
X124,1108,-0.013946598,0
X124,1151,-0.0639657,0
X124,1178,0.020684711,0
X124,1183,-0.037814468,0
X124,1278,-0.071919444,0
X124,1291,0.154759659,0
X124,1300,-0.050257604,0
X124,1312,0.010864777,0
X124,1359,0.094952355,0
X124,1419,0.039075903,0
X124,1421,-0.030536226,0
X124,1592,-0.008278834,0
X124,1600,-0.010955754,0
X124,1615,0.048932495,0
X124,1680,-0.039334407,0
X124,1691,-0.06719073,0
X124,1729,-0.071957882,0
X124,1840,0.051031975,0
X124,1844,-0.034718075,0
X124,1886,-0.032703907,0
X124,1894,0.104663092,0
X124,1937,-0.095094989,0
X124,1945,0.029232312,0
X124,2013,-0.005204101,0
X124,2076,0.030745354,0
X124,2135,0.082737008,0
X124,2234,0.109398041,0
X124,2277,0.023669782,0
X124,2287,0.03247518,0
X124,2309,0.177523424,0
X124,2375,-0.051338353,0
X124,2407,0.120111354,0
X124,2452,0.041302462,0
X124,2483,0.084886805,0
X124,2613,0.025257994,0
X124,2708,0.006815073,0
X124,2783,0.044984287,0
X124,2815,0.018008558,0
X124,2843,-0.048470267,0
X124,2848,-0.154043478,0
X124,2850,0.004604688,0
X124,2884,0.314112753,0
X124,2962,-0.143939714,0
X124,2969,-0.086938008,0
X124,2992,-0.119795812,0
X124,3041,-0.034207202,0
X124,3064,0.019012419,0
X124,3231,-0.003816922,0
X124,3343,-0.064429763,0
X124,3511,-0.076538684,0
X124,3572,-0.107386294,0
X124,3632,-0.044201968,0
X124,3780,-0.257107011,0
X124,3791,0.075000888,0
X124,3805,0.14572513,0
X124,3917,-0.080935437,0
X124,3918,-0.078207376,0
X124,3940,0.02026128,0
X124,3954,-0.038871278,0
X124,4002,0.087102988,0
X124,4003,0.001241573,0
X124,4027,0.038013072,0
X124,4029,-0.088078788,0
X124,4053,-0.142395194,0
X124,4113,0.06487301,0
X124,4121,-0.054527514,0
X124,4126,-0.011450997,0
X124,4132,-0.078399238,0
X124,4148,-0.13270422,0
X124,4168,0.023930671,0
X125,58,0.34363026,0
X125,183,-0.298063327,0
X125,192,empty,0
X125,207,-0.067210485,0
X125,211,0.147243047,0
X125,216,0.01480472,0
X125,222,-0.085888217,0
X125,249,0.149589056,0
X125,274,0.041003964,0
X125,294,0.020464075,0
X125,386,0.147510419,0
X125,401,-0.324568934,0
X125,419,-0.001848183,0
X125,449,0.378903228,0
X125,503,0.008789939,0
X125,549,-0.227736955,0
X125,561,-0.026483129,0
X125,575,0.169381596,0
X125,617,-0.051758901,0
X125,630,0.250141737,0
X125,634,0.099835469,0
X125,649,0.050826007,0
X125,675,0.214286805,0
X125,758,0.341510463,0
X125,823,0.187158781,0
X125,851,-0.143642024,0
X125,878,-0.263641859,0
X125,888,-0.135292568,0
X125,897,0.00814853,0
X125,949,-0.130905278,0
X125,959,-0.209327869,0
X125,971,0.212301658,0
X125,996,0.032838182,0
X125,1089,empty,0
X125,1187,0.062712145,0
X125,1224,-0.053144041,0
X125,1239,-0.485775902,0
X125,1295,-0.34370741,0
X125,1332,-0.162959519,0
X125,1359,0.042945056,0
X125,1400,0.253169209,0
X125,1472,0.176078542,0
X125,1512,-0.29950171,0
X125,1552,-0.375794856,0
X125,1592,0.022398098,0
X125,1598,0.496457588,0
X125,1600,0.16824484,0
X125,1635,0.055844663,0
X125,1647,0.442609996,0
X125,1671,0.20711947,0
X125,1680,0.030241407,0
X125,1691,-0.440566254,0
X125,1711,0.093047692,0
X125,1746,-0.04958985,0
X125,1844,0.281369605,0
X125,1868,0.043746308,0
X125,1886,0.301742063,0
X125,1891,0.077666211,0
X125,1937,0.053364862,0
X125,1952,0.210309059,0
X125,1990,0.05768975,0
X125,1992,-0.234280699,0
X125,2110,-0.021134711,0
X125,2221,0.312875563,0
X125,2277,0.175941562,0
X125,2286,0.301865424,0
X125,2305,0.01284007,0
X125,2333,0.216866012,0
X125,2368,-0.076973228,0
X125,2402,-0.001918709,0
X125,2481,0.006207175,0
X125,2534,-0.139406077,0
X125,2561,0.064374045,0
X125,2624,-0.286441957,0
X125,2691,-0.298295142,0
X125,2693,-0.17600652,0
X125,2696,0.103369561,0
X125,2706,-0.109681205,0
X125,2708,-0.186718105,0
X125,2719,0.222913437,0
X125,2775,-0.184748416,0
X125,2816,-0.090383785,0
X125,2818,-0.355017057,0
X125,2879,-0.146643078,0
X125,2915,0.022925976,0
X125,2962,-0.023672,0
X125,3027,0.116746179,0
X125,3103,0.065626961,0
X125,3162,-0.234838315,0
X125,3202,-0.000782154,0
X125,3231,-0.327848881,0
X125,3241,-0.175518551,0
X125,3279,0.065582991,0
X125,3360,-0.200070713,0
X125,3440,0.21972992,0
X125,3465,-0.220371583,0
X125,3511,-0.206343595,0
X125,3544,-0.248849665,0
X125,3571,0.171286707,0
X125,3612,-0.502675715,0
X125,3631,0.443329705,0
X125,3710,-0.011207221,0
X125,3772,0.375590031,0
X125,3783,0.316905668,0
X125,3791,0.116884126,0
X125,3805,0.011385815,0
X125,3881,-0.422997548,0
X125,3905,0.293030208,0
X125,3966,-0.33078696,0
X125,3973,-0.126624603,0
X125,4005,-0.203653096,0
X125,4017,0.044478864,0
X125,4027,-0.190041233,0
X125,4126,0.062856743,0
X125,4142,0.489943749,0
X125,4148,0.001293753,0
X125,4200,-0.260206753,0
X126,12,0.191839853,0
X126,43,1.289107438,0
X126,120,-0.275701527,0
X126,156,0.527695763,0
X126,211,-0.830730465,0
X126,214,0.904390135,0
X126,274,-0.694657478,0
X126,283,0.261703961,0
X126,401,0.280410901,0
X126,486,1.033795682,0
X126,536,1.555186546,0
X126,573,0.804048188,0
X126,575,-0.225938825,0
X126,617,0.33173429,0
X126,657,-0.013122565,0
X126,689,-0.062227831,0
X126,712,-0.50818358,0
X126,758,0.074355038,0
X126,817,-0.283923653,0
X126,823,1.795271934,0
X126,837,-0.19467064,0
X126,865,-0.252714451,0
X126,914,-0.031717051,0
X126,986,0.04783972,0
X126,1100,-0.877315872,0
X126,1129,-0.654509236,0
X126,1138,-1.244826021,0
X126,1248,0.303734726,0
X126,1284,0.762816009,0
X126,1302,1.503145024,0
X126,1374,empty,0
X126,1467,0.200528698,0
X126,1492,0.7245398,0
X126,1525,0.006632541,0
X126,1568,0.943611409,0
X126,1581,0.375846311,0
X126,1600,0.095278193,0
X126,1655,0.314194331,0
X126,1680,-1.239161433,0
X126,1690,-0.270730687,0
X126,1691,0.60085313,0
X126,1868,-0.757550754,0
X126,1881,0.560337909,0
X126,1898,-1.099762624,0
X126,1943,0.008446874,0
X126,1992,0.089473469,0
X126,2036,0.142984203,0
X126,2055,-0.136937725,0
X126,2104,-1.489215658,0
X126,2108,-0.574459199,0
X126,2276,-0.836121586,0
X126,2287,1.246041843,0
X126,2290,0.378342617,0
X126,2309,0.230255269,0
X126,2466,-0.143618934,0
X126,2562,-0.358775215,0
X126,2638,0.368875483,0
X126,2648,0.203939587,0
X126,2666,0.777568525,0
X126,2679,-0.159111566,0
X126,2693,0.962616329,0
X126,2763,-0.096605345,0
X126,2817,-0.266894238,0
X126,2818,0.157909173,0
X126,2850,0.066721816,0
X126,2899,0.531871001,0
X126,2968,-0.737358167,0
X126,2972,0.700148475,0
X126,2992,0.242789055,0
X126,3094,-1.113738005,0
X126,3147,-0.08079289,0
X126,3233,-1.276602295,0
X126,3340,-0.589212157,0
X126,3349,-1.375600052,0
X126,3390,0.811508095,0
X126,3547,1.239085451,0
X126,3572,0.477171885,0
X126,3677,0.402971459,0
X126,3746,-0.515843334,0
X126,3805,-0.055728597,0
X126,3867,0.038523534,0
X126,3895,0.375201915,0
X126,3905,1.303016179,1
X126,3940,-0.027068647,0
X126,4005,1.252332569,0
X126,4017,-0.082271303,0
X126,4029,-0.951167755,0
X126,4110,-0.457287924,0
X126,4142,0.729815854,0
X126,4159,1.013662347,0
X126,4184,2.06284694,0
X127,3,1.153140398,0
X127,170,1.198317789,0
X127,247,3.191850867,1
X127,287,-0.128849728,1
X127,308,2.414547981,0
X127,343,-1.668463722,0
X127,483,0.464001667,1
X127,536,-1.250049692,0
X127,561,1.727500258,0
X127,617,-0.664771789,1
X127,630,0.086613874,0
X127,657,-0.165814848,0
X127,689,0.488343769,1
X127,817,2.14884343,1
X127,823,0.20305022,1
X127,865,0.884454371,0
X127,893,0.394324284,0
X127,912,-2.201563962,0
X127,971,1.427914802,1
X127,989,-1.850558745,0
X127,1021,1.54657707,1
X127,1037,-0.23206977,0
X127,1046,0.787393626,0
X127,1106,-3.506714863,1
X127,1154,4.045596433,0
X127,1157,4.26163641,1
X127,1183,-0.268537335,0
X127,1187,3.626949667,0
X127,1224,1.587222713,0
X127,1332,-0.246596437,0
X127,1450,1.950138999,1
X127,1517,0.273898278,0
X127,1552,0.794495131,1
X127,1580,3.267573016,0
X127,1671,2.790053138,1
X127,1690,-2.54227654,0
X127,1700,3.874219903,1
X127,1711,1.013539214,0
X127,1814,0.496037458,0
X127,1826,0.863561121,1
X127,1943,-1.605059085,1
X127,2013,3.269673114,1
X127,2036,2.847178076,0
X127,2234,-0.67332137,0
X127,2241,-3.835820122,0
X127,2434,0.967396266,0
X127,2452,-0.873953341,0
X127,2483,1.818569274,1
X127,2551,0.302634922,0
X127,2648,-0.653191043,0
X127,2677,2.597276185,0
X127,2696,-3.741248447,0
X127,2817,3.276457648,1
X127,2818,3.232392135,1
X127,2849,1.448422116,0
X127,2879,-0.58484978,0
X127,2887,1.011708028,0
X127,2962,3.295175332,1
X127,2972,2.018986038,0
X127,3099,3.474453572,1
X127,3103,1.446884109,1
X127,3121,0.327593509,1
X127,3179,1.802569603,1
X127,3252,1.958769996,1
X127,3343,1.875321445,1
X127,3465,-0.12540083,1
X127,3512,2.572914045,0
X127,3540,0.740893074,0
X127,3571,1.462428379,0
X127,3630,1.343834489,0
X127,3632,0.539221542,1
X127,3747,0.496459247,0
X127,3783,1.746168028,1
X127,3895,-0.730965075,1
X127,3918,2.436023783,1
X127,4021,0.715998407,1
X127,4110,1.77446841,0
X127,4156,2.846943441,0
X127,4184,2.223571896,1
X127,4200,2.164495822,1
X128,73,0.81362216,1
X128,113,0.317704881,1
X128,156,1.776398616,1
X128,162,2.049907912,1
X128,192,1.404304584,1
X128,222,2.426917708,1
X128,249,2.228594002,1
X128,389,1.506233432,1
X128,413,0.511781587,1
X128,449,0.312405335,1
X128,473,2.27661614,1
X128,561,0.733658734,1
X128,616,0.424119384,1
X128,712,1.189453743,1
X128,817,1.280634931,1
X128,823,0.553472788,1
X128,875,-0.8949702,0
X128,879,0.789298354,1
X128,971,-0.058561209,1
X128,986,0.220586582,1
X128,1010,1.699995505,1
X128,1037,-0.071382658,1
X128,1088,-0.042087957,1
X128,1106,1.675901077,1
X128,1119,1.090837116,1
X128,1138,1.041268254,1
X128,1151,0.930410502,1
X128,1178,0.629318014,1
X128,1187,0.843730055,1
X128,1239,0.342007866,1
X128,1248,0.888493146,1
X128,1295,1.661039009,1
X128,1400,2.452948261,1
X128,1419,1.070785349,1
X128,1421,0.398532632,1
X128,1441,1.036659126,1
X128,1530,1.598066499,1
X128,1565,1.525618947,1
X128,1581,0.417366056,1
X128,1592,1.869574477,1
X128,1598,-0.134750123,1
X128,1615,1.387077487,1
X128,1647,0.345944155,1
X128,1671,-0.116202785,1
X128,1690,1.220244297,1
X128,1691,1.555897765,1
X128,1834,1.975962198,1
X128,1891,1.147712397,1
X128,1900,2.099361009,1
X128,1990,1.923202721,1
X128,2245,0.839762477,1
X128,2277,1.528911685,1
X128,2287,1.721259774,1
X128,2368,2.132079621,1
X128,2445,-0.54780731,1
X128,2452,1.42883269,1
X128,2483,2.226362465,1
X128,2494,1.855681563,1
X128,2551,1.18199223,1
X128,2614,0.48543046,1
X128,2622,1.364232861,1
X128,2638,1.268021497,1
X128,2648,1.474128691,1
X128,2666,-0.167100257,1
X128,2677,0.612202637,1
X128,2696,0.466786353,1
X128,2706,-0.459031258,1
X128,2884,empty,1
X128,2915,0.763983853,1
X128,2962,0.761933644,1
X128,2969,1.744821827,1
X128,2972,-0.331996902,1
X128,3027,0.642194253,1
X128,3073,-0.777132477,1
X128,3179,0.411406834,1
X128,3202,0.700132252,1
X128,3220,1.702750557,1
X128,3235,0.462229067,1
X128,3280,empty,1
X128,3292,0.586334545,1
X128,3328,1.066455976,1
X128,3343,1.718530914,1
X128,3390,-0.841319566,1
X128,3476,-0.1161023,1
X128,3495,-0.292192968,1
X128,3631,1.635847593,1
X128,3638,-0.498853589,1
X128,3670,0.172160725,1
X128,3727,3.218444642,1
X128,3746,1.290263634,1
X128,3747,1.486013391,1
X128,3780,0.271641999,1
X128,3781,2.417162555,1
X128,4017,0.165393809,1
X128,4039,1.047896253,1
X128,4113,0.134208551,1
X128,4132,0.099317133,1
X129,43,-2.061722647,1
X129,162,2.181948547,0
X129,192,-1.517702684,0
X129,249,0.963927413,1
X129,256,2.954936093,1
X129,414,-1.083844806,0
X129,617,0.920145024,0
X129,649,0.842923906,0
X129,758,-0.532208562,0
X129,769,2.122709786,0
X129,782,-0.000418381,1
X129,836,-1.150458361,1
X129,851,-0.488477429,0
X129,855,-0.456561506,0
X129,897,-0.017986589,0
X129,959,1.772155114,1
X129,971,0.589951423,0
X129,992,-0.570590899,0
X129,996,0.199403279,0
X129,1008,1.098658828,0
X129,1094,1.049714487,0
X129,1141,-2.121577661,0
X129,1151,1.929011893,0
X129,1224,0.208235385,0
X129,1323,2.176027427,0
X129,1375,0.924589154,0
X129,1426,0.914515161,0
X129,1450,0.327901026,0
X129,1472,0.124260845,0
X129,1483,-1.035770038,0
X129,1525,1.938327267,1
X129,1568,-0.323854197,0
X129,1580,-1.029670493,0
X129,1600,-1.064137525,0
X129,1635,0.519415224,0
X129,1647,1.552962692,1
X129,1654,0.944223743,0
X129,1671,-1.770635679,0
X129,1690,0.375106542,0
X129,1693,2.659229783,1
X129,1725,0.219246333,1
X129,1746,0.920368733,0
X129,1866,-0.194914994,0
X129,1891,-0.809873648,0
X129,1894,2.783176921,0
X129,1900,-0.454704343,0
X129,1990,0.424649303,0
X129,1993,2.249805011,0
X129,2036,-0.427214232,0
X129,2055,-1.009706467,0
X129,2110,0.025344967,0
X129,2135,-1.447204826,0
X129,2160,-0.209403359,0
X129,2221,0.675970042,0
X129,2234,2.348670861,0
X129,2241,1.566903167,0
X129,2287,-1.538587245,0
X129,2290,-0.836233734,0
X129,2305,2.671414355,0
X129,2358,0.023323813,0
X129,2368,1.436487825,1
X129,2402,1.409840972,1
X129,2421,1.338245308,1
X129,2601,-2.252121357,0
X129,2624,-1.230612127,0
X129,2638,2.32057601,1
X129,2648,0.540853064,0
X129,2673,-0.760222402,0
X129,2696,1.123841447,0
X129,2708,0.322476573,0
X129,2763,-0.525525778,0
X129,2815,1.099728064,0
X129,2816,-1.749314078,0
X129,2850,1.071767686,0
X129,2966,1.266348122,0
X129,2969,0.055355059,0
X129,2982,-0.52395424,0
X129,2992,-0.085340539,0
X129,3027,0.246171136,0
X129,3147,1.715747655,0
X129,3190,0.147781365,0
X129,3202,0.089103615,0
X129,3220,1.834882637,1
X129,3231,-1.686115009,0
X129,3233,-1.581917396,0
X129,3279,0.246235153,1
X129,3328,-0.856914633,0
X129,3371,0.996010859,0
X129,3385,-1.351543032,0
X129,3433,1.095109815,1
X129,3440,1.222526512,1
X129,3511,-3.534945056,0
X129,3547,-0.290858866,0
X129,3670,1.058776634,1
X129,3710,1.001287622,0
X129,3723,0.875207273,0
X129,3756,0.253391665,0
X129,3780,1.399536062,0
X129,3781,-1.426485748,0
X129,3783,-0.72226393,0
X129,3819,-0.575367069,0
X129,3824,0.653775386,0
X129,3849,0.419875323,0
X129,3911,0.153300524,0
X129,3917,0.91448358,0
X129,4002,-1.377743683,0
X129,4003,1.06037413,0
X129,4039,0.836662495,0
X129,4052,0.92399691,0
X129,4110,2.247137503,0
X129,4126,-1.137905467,0
X129,4142,-0.75590744,0
X129,4156,-0.623007286,0
X129,4201,-2.323639724,0
X130,73,0.369361511,0
X130,107,-0.269639737,0
X130,113,-0.86219526,0
X130,170,0.655446353,0
X130,183,-0.045184257,0
X130,207,0.430219928,0
X130,211,-0.062746788,0
X130,229,-0.28082792,0
X130,249,0.025320543,0
X130,283,-0.464232109,0
X130,284,0.083824001,0
X130,401,-0.164569029,0
X130,414,0.137236509,0
X130,483,-1.168827841,0
X130,503,-0.130976327,0
X130,553,0.069571914,0
X130,560,0.392516313,0
X130,573,-0.967016328,0
X130,616,0.092055964,0
X130,622,-1.015320894,0
X130,675,0.353002401,1
X130,690,0.701852576,0
X130,817,0.414806981,0
X130,837,0.71506536,0
X130,912,-0.030242338,0
X130,914,-0.202717166,0
X130,959,-1.342938806,0
X130,992,-0.763137775,0
X130,1010,-0.219443803,0
X130,1037,-0.01912453,0
X130,1064,-0.331840876,0
X130,1094,-1.077347685,0
X130,1096,-0.383989693,0
X130,1178,0.299899647,0
X130,1228,-0.660116512,0
X130,1300,-0.535853889,0
X130,1302,-0.270680059,0
X130,1329,-1.307551775,0
X130,1389,0.919416736,1
X130,1492,-0.196701139,0
X130,1517,0.265196243,0
X130,1552,1.17285806,0
X130,1580,-0.799805492,0
X130,1581,0.878714329,0
X130,1592,0.20436905,0
X130,1708,0.203834014,0
X130,1775,1.507542004,0
X130,1814,0.386144223,0
X130,1840,0.075012861,0
X130,1844,-1.266873117,0
X130,1898,0.136533661,0
X130,1937,-0.048968632,0
X130,1943,-0.233390976,0
X130,1944,0.606918894,0
X130,1945,0.032015965,0
X130,1992,0.29653971,0
X130,1999,0.742864636,0
X130,2008,-0.543619839,0
X130,2013,0.34827958,0
X130,2028,0.535067762,0
X130,2036,-0.992981059,0
X130,2137,-1.932298478,0
X130,2221,-1.288703205,0
X130,2241,0.957626126,0
X130,2242,-0.30700556,0
X130,2245,-0.936384987,0
X130,2305,-1.311264634,0
X130,2375,1.81957202,1
X130,2483,-0.267575932,0
X130,2494,-0.754348937,0
X130,2499,0.374305693,0
X130,2561,1.018276828,0
X130,2613,0.90071046,0
X130,2614,0.017504126,0
X130,2648,0.776310289,0
X130,2673,-0.334046135,0
X130,2677,0.356214413,0
X130,2815,0.361469175,0
X130,2832,-0.383611617,0
X130,2876,-0.191842525,0
X130,2990,0.505756277,0
X130,3079,-0.158485047,0
X130,3094,-1.306173987,0
X130,3121,-0.975287168,0
X130,3360,-0.281178736,0
X130,3539,-1.712978002,0
X130,3540,0.692380914,0
X130,3631,-0.384770875,0
X130,3642,0.558496756,0
X130,3670,1.295774022,0
X130,3705,0.302721487,0
X130,3747,0.873954272,0
X130,3756,-0.911286764,0
X130,3772,0.404277417,1
X130,3783,-0.923359222,0
X130,3791,1.559911271,0
X130,3819,-0.840419601,0
X130,3844,0.022378714,0
X130,3928,0.846134394,0
X130,4001,-0.915829868,0
X130,4095,-0.015918369,0
X130,4110,0.999767806,0
X130,4119,0.865719576,0
X130,4121,0.291375102,0
X130,4127,1.37827338,0
X130,4159,0.423180815,0
X130,4164,-0.442276569,1
X130,4168,-0.310579882,0
X130,4197,-0.492407811,0
X130,4201,0.662371902,0
X131,3,-0.909620073,0
X131,36,0.915485498,0
X131,107,-0.470247698,0
X131,127,0.12089111,0
X131,191,-0.945359527,0
X131,274,1.24177998,0
X131,283,1.349412775,0
X131,287,0.312974222,0
X131,294,-0.505621919,0
X131,308,-0.828608715,0
X131,360,-0.180155419,0
X131,414,-0.395156266,0
X131,549,-0.296104208,0
X131,617,1.369669046,0
X131,622,-0.006463789,0
X131,634,0.149279881,0
X131,649,-1.365124701,0
X131,669,-0.907920841,0
X131,687,-0.005855093,0
X131,712,-0.331920799,0
X131,758,0.595261603,0
X131,807,-0.493391866,0
X131,879,-0.426400866,0
X131,949,-0.124531483,0
X131,959,-0.822725112,0
X131,978,-0.978226523,0
X131,996,0.444989363,0
X131,1061,0.49968359,0
X131,1103,0.533031108,0
X131,1106,-0.541815053,0
X131,1141,-0.455978486,0
X131,1157,-1.059293157,0
X131,1285,-0.820067628,0
X131,1332,-0.341666677,0
X131,1421,0.029247278,0
X131,1447,0.609452316,0
X131,1495,-0.8214398,0
X131,1612,-0.111932011,0
X131,1635,-0.224536814,0
X131,1700,0.295432635,0
X131,1708,-0.404102645,0
X131,1746,1.244780156,1
X131,1824,0.189046974,0
X131,1829,2.015081952,0
X131,1866,0.029435943,0
X131,1868,0.493744392,0
X131,2008,-0.342363784,0
X131,2013,-1.212912572,0
X131,2055,-0.15173249,0
X131,2076,0.80978544,0
X131,2116,-0.474370201,0
X131,2137,0.211135918,0
X131,2160,-0.77040488,0
X131,2234,-0.173171265,0
X131,2245,0.178991852,0
X131,2305,-0.021619991,0
X131,2332,-1.040241487,0
X131,2407,0.182260896,0
X131,2430,-0.674197649,0
X131,2481,0.287148292,0
X131,2613,1.565135523,0
X131,2636,-0.245717115,0
X131,2673,0.432162257,0
X131,2899,-0.480938798,0
X131,2915,-0.297450064,0
X131,2966,0.695791759,0
X131,2968,0.392543139,0
X131,2982,-0.221939408,0
X131,3103,0.035048591,0
X131,3121,0.489070977,0
X131,3202,0.337553913,0
X131,3252,0.21114878,0
X131,3280,0.870975894,0
X131,3631,-0.699072753,0
X131,3691,0.086713343,0
X131,3705,0.13727361,0
X131,3727,-0.070694232,0
X131,3746,-0.066205456,0
X131,3756,-0.676791813,0
X131,3780,0.163024257,0
X131,3805,-1.368431824,0
X131,3819,0.147816781,0
X131,3844,-0.067084436,0
X131,3881,-0.538116414,0
X131,3917,0.13789307,0
X131,3928,-0.309185061,0
X131,3966,0.974603111,0
X131,4004,0.531163496,0
X131,4017,1.128193336,0
X131,4119,0.46902555,0
X131,4121,0.357059048,0
X131,4126,-0.566360157,0
X132,156,-1.290880812,0
X132,199,2.10345847,1
X132,222,-0.955353704,0
X132,249,-2.76662008,0
X132,483,1.215129918,1
X132,536,-0.062594651,1
X132,567,-0.879269283,1
X132,657,1.299184808,1
X132,669,0.445298358,1
X132,687,-0.507823078,0
X132,689,1.771885676,1
X132,823,-0.434052031,1
X132,855,2.834637963,1
X132,1021,-0.717230999,0
X132,1087,-0.907364656,1
X132,1096,-1.080993487,1
X132,1129,2.024719707,1
X132,1183,1.490600353,1
X132,1187,1.132318612,1
X132,1278,3.787480657,1
X132,1285,-1.228016861,1
X132,1291,1.698050262,1
X132,1312,-2.226744591,0
X132,1323,1.762431722,0
X132,1329,-3.599116225,0
X132,1467,2.377935412,1
X132,1472,1.315245903,1
X132,1581,1.283491133,1
X132,1598,-2.068415157,1
X132,1635,0.472930439,0
X132,1709,-0.692086693,0
X132,1711,3.108714172,1
X132,1879,1.196685657,1
X132,1886,-3.416707254,0
X132,1900,-2.29530969,1
X132,1937,-0.933135976,0
X132,1944,2.399962596,1
X132,1945,1.174853433,1
X132,1992,-2.357690188,0
X132,2027,0.19576519,1
X132,2104,-1.975303939,0
X132,2160,-2.720878277,1
X132,2234,0.615505354,1
X132,2245,1.09139392,0
X132,2276,5.335949647,1
X132,2286,1.801732645,1
X132,2305,-1.087450516,1
X132,2332,-2.576238333,1
X132,2333,1.648377458,1
X132,2368,1.43422323,1
X132,2445,1.101723526,1
X132,2452,-1.43815946,0
X132,2467,-0.931391944,1
X132,2534,2.300214869,1
X132,2673,0.8655675,1
X132,2679,-0.311713069,1
X132,2708,-1.839604503,0
X132,2843,-0.311481938,1
X132,2849,-2.189669507,0
X132,2982,0.114457182,1
X132,2990,0.527421612,1
X132,3094,3.019931155,1
X132,3476,-0.415572324,1
X132,3544,0.567689801,1
X132,3642,-0.181908769,1
X132,3677,0.374774995,0
X132,3747,1.69029908,1
X132,3783,1.188572064,1
X132,3867,1.461654878,0
X132,3928,-1.320309969,1
X132,3964,1.158117579,1
X132,3966,-3.198062097,1
X132,4017,-0.638093785,0
X132,4039,2.663417654,1
X132,4041,-4.486229076,0
X132,4168,-1.130665211,1
X132,4197,-0.455091419,1
X132,4200,1.705110704,1
X133,12,-3.043687925,0
X133,58,0.521465772,0
X133,73,-0.509057659,0
X133,113,0.011100826,0
X133,162,1.883800773,1
X133,183,0.741288979,0
X133,308,-3.628328428,0
X133,386,-0.806225379,0
X133,401,-0.626708399,0
X133,499,-0.132793499,1
X133,525,0.148743665,0
X133,549,1.266522771,0
X133,553,-0.56053828,0
X133,675,-0.4721638,0
X133,782,0.635503264,1
X133,817,-3.399819761,0
X133,837,3.355257813,0
X133,875,1.606020039,0
X133,876,-0.643964437,0
X133,907,-0.183752969,0
X133,953,-0.026159247,1
X133,971,0.348900975,0
X133,978,0.178359139,0
X133,986,0.126337869,0
X133,996,-2.079393725,1
X133,1010,1.375545997,1
X133,1037,-0.911838141,0
X133,1061,-1.422820086,0
X133,1064,0.148720132,1
X133,1106,0.810076786,0
X133,1141,-0.173013645,0
X133,1154,-0.065795893,0
X133,1285,2.97316172,0
X133,1329,-0.407479105,1
X133,1426,0.937586592,0
X133,1436,-2.032877822,0
X133,1450,0.698201144,0
X133,1483,0.607539878,1
X133,1517,-0.237307631,0
X133,1552,0.514344353,0
X133,1568,0.472707132,0
X133,1635,0.525075229,1
X133,1655,2.535455284,0
X133,1671,1.521182377,0
X133,1690,-0.299327348,0
X133,1840,-0.10839161,1
X133,1852,2.235265681,0
X133,1894,-0.41352022,0
X133,1898,0.361224209,0
X133,1944,2.049864213,0
X133,1952,-1.123088184,0
X133,1990,-1.36875555,0
X133,1991,-1.597775902,0
X133,2013,-1.180618706,0
X133,2082,-0.277874032,0
X133,2127,-0.372257581,0
X133,2160,0.884319699,0
X133,2245,2.065171896,1
X133,2305,-1.195130058,0
X133,2358,1.680322702,0
X133,2368,1.17177457,0
X133,2402,-1.083503936,0
X133,2421,1.136574225,0
X133,2452,-0.872069381,0
X133,2636,-1.546722074,0
X133,2648,-0.203396021,0
X133,2708,1.129505433,0
X133,2763,2.913948407,0
X133,2775,1.224422527,0
X133,2884,-1.879088612,0
X133,2899,-0.2620877,0
X133,2968,-0.016549754,0
X133,3017,1.30294188,1
X133,3088,0.50022211,0
X133,3094,-0.043803067,0
X133,3099,1.003617174,0
X133,3371,-1.928005648,0
X133,3390,0.572389872,0
X133,3460,-0.141675854,0
X133,3465,0.189897257,0
X133,3642,0.37504707,0
X133,3727,-0.591663594,0
X133,3772,empty,0
X133,3783,-1.201021377,0
X133,3791,-1.570685737,0
X133,3881,-1.900072134,0
X133,3964,empty,0
X133,3973,0.895765437,0
X133,4001,-0.417575091,0
X133,4002,2.698116235,1
X133,4005,-0.555357509,0
X133,4017,2.424048626,0
X133,4126,-0.078164237,0
X133,4159,-0.59923424,0
X133,4164,0.472771542,0
X133,4197,0.062959707,0
X134,170,0.18524258,0
X134,199,0.100745047,0
X134,247,-0.664584782,0
X134,256,-0.360600729,0
X134,308,0.237974366,0
X134,386,-1.237629576,0
X134,410,-0.171663102,0
X134,414,0.359291154,0
X134,449,-0.429221983,0
X134,473,0.850227912,0
X134,483,0.666740567,0
X134,485,-0.239798844,0
X134,543,-0.116051496,0
X134,567,-0.048957912,0
X134,617,-0.163573561,0
X134,657,-0.646993765,0
X134,782,-0.507992034,0
X134,817,0.290779576,0
X134,878,-0.708331909,0
X134,914,0.196862429,0
X134,989,-0.570768791,0
X134,996,-0.046796425,0
X134,1061,-0.435432303,0
X134,1100,0.02764366,0
X134,1108,-0.472198614,0
X134,1138,0.354772314,0
X134,1141,-0.747841637,0
X134,1224,-0.909614009,0
X134,1249,0.206335456,0
X134,1285,-0.235468745,0
X134,1332,-0.109490819,0
X134,1374,-0.1583214,0
X134,1375,0.855730975,0
X134,1419,-1.108452202,0
X134,1441,0.091417014,0
X134,1467,-0.338089618,0
X134,1495,-0.256800207,0
X134,1517,0.556736957,0
X134,1525,empty,0
X134,1565,-0.535374963,0
X134,1690,1.032641266,0
X134,1717,0.043206226,0
X134,1725,0.467747386,0
X134,1775,0.018930793,0
X134,1810,-0.143476047,0
X134,1812,-0.660037269,0
X134,1826,0.160792296,0
X134,1879,0.104603657,0
X134,1894,0.872608596,0
X134,1973,0.677917421,0
X134,1992,0.124198022,0
X134,1997,0.499163616,0
X134,2027,0.546196785,0
X134,2044,0.825198392,0
X134,2055,0.164499317,0
X134,2104,0.95654076,0
X134,2110,0.480841663,0
X134,2160,-0.817801212,0
X134,2245,0.567677963,0
X134,2305,-0.61634311,0
X134,2358,0.113308608,0
X134,2402,1.402832799,1
X134,2407,-0.730047757,0
X134,2434,-0.568921147,0
X134,2483,-0.053720405,0
X134,2494,0.537960461,0
X134,2534,-0.077544836,0
X134,2561,0.090828812,0
X134,2562,0.186922727,0
X134,2832,0.328017078,0
X134,2884,0.077620295,0
X134,2893,-0.048320817,0
X134,2992,-0.425125766,0
X134,3088,-0.325216654,0
X134,3147,-0.109018794,0
X134,3162,0.118759965,0
X134,3231,-0.574013917,0
X134,3235,0.296673075,0
X134,3249,-0.299392086,0
X134,3280,0.596158747,0
X134,3328,-0.443345122,0
X134,3340,-0.300302749,0
X134,3371,-0.8833905,0
X134,3434,-0.363011401,0
X134,3482,-0.051756396,0
X134,3495,-0.819646764,0
X134,3496,-0.110508511,0
X134,3662,0.65203475,0
X134,3849,-0.272302946,0
X134,3895,-0.066123752,0
X134,3911,-0.368175776,0
X134,3917,-0.521186065,0
X134,3918,0.080856779,0
X134,3954,-0.291617427,0
X134,3968,0.426162618,0
X134,4001,0.070322192,0
X134,4005,0.185835405,0
X134,4021,0.37803573,0
X134,4052,0.997981014,0
X134,4119,-0.086962492,0
X134,4148,-0.498972767,0
X134,4168,-1.489847652,0
X134,4184,0.767338502,0
X134,4200,0.367524671,0
X134,4201,-0.729593975,0
X135,12,-0.730484633,0
X135,107,-0.060808484,0
X135,216,0.294283892,0
X135,229,0.938661996,0
X135,268,-0.712114227,0
X135,375,0.95915183,0
X135,414,-0.269669657,0
X135,419,-0.443962746,0
X135,449,0.179591539,0
X135,549,-0.053457716,0
X135,567,0.344599872,0
X135,573,0.460418299,0
X135,622,0.083231295,0
X135,624,-0.082390062,0
X135,669,-0.050418585,0
X135,769,-0.42009202,0
X135,837,0.249677458,0
X135,851,-0.07512735,0
X135,897,0.445725796,0
X135,986,0.506577974,0
X135,1061,-0.108400803,0
X135,1089,0.145629127,0
X135,1103,0.178669034,0
X135,1268,0.194280418,0
X135,1285,-0.369440292,0
X135,1300,-0.00267038,0
X135,1323,0.108516573,0
X135,1374,0.026989185,0
X135,1392,-0.643101481,0
X135,1400,-1.496392956,0
X135,1426,-0.106585904,0
X135,1447,-0.645271556,0
X135,1530,0.68098055,0
X135,1565,-0.869709844,0
X135,1580,-0.400293305,0
X135,1581,0.274088925,0
X135,1680,0.824046126,0
X135,1690,-0.903265817,0
X135,1700,0.965782575,0
X135,1834,0.919146689,0
X135,1852,0.460251837,0
X135,1879,-1.037384352,0
X135,1952,0.379316946,0
X135,1992,-0.818095456,0
X135,2055,0.829535175,1
X135,2076,-0.932872128,0
X135,2110,-0.644476916,0
X135,2135,0.060998582,0
X135,2160,0.048815493,0
X135,2198,1.712489304,0
X135,2242,1.092600202,0
X135,2286,-0.105323272,0
X135,2287,-0.504498637,0
X135,2290,0.371579904,0
X135,2368,-1.248477767,0
X135,2402,-0.258742084,0
X135,2494,-0.852793865,0
X135,2496,0.451043015,0
X135,2499,0.704238254,0
X135,2534,0.257285856,0
X135,2536,0.374644277,0
X135,2551,-0.717201733,0
X135,2561,1.267214382,0
X135,2613,0.305412264,0
X135,2614,0.324812255,0
X135,2622,0.559856357,1
X135,2706,0.585741374,0
X135,2771,1.579248207,1
X135,2775,-0.72114676,0
X135,2816,-0.323227687,0
X135,2848,0.000632509,0
X135,2849,0.178906343,0
X135,2870,-0.108061605,0
X135,2884,0.76395248,0
X135,2953,-0.503225493,0
X135,2962,0.140693739,0
X135,2968,0.118722226,0
X135,3069,0.21182834,0
X135,3079,-0.998233033,0
X135,3099,-1.026434191,0
X135,3121,-1.104723327,0
X135,3162,-0.078309439,0
X135,3233,-0.054635328,0
X135,3235,-0.491276827,0
X135,3360,0.289229619,1
X135,3375,0.470803476,0
X135,3433,0.285447101,0
X135,3460,0.392801825,0
X135,3476,0.912870317,0
X135,3496,-0.98458223,0
X135,3511,-0.966980657,0
X135,3630,-0.247366102,0
X135,3635,-0.309012094,0
X135,3691,-0.383353641,0
X135,3727,-0.37936459,0
X135,3746,0.169354956,0
X135,3747,2.24805338,0
X135,3756,0.281114706,0
X135,3783,0.565493641,0
X135,3801,0.322416283,0
X135,3844,0.730299422,0
X135,3911,-0.741105418,0
X135,3918,0.572849531,0
X135,3954,0.401657887,0
X135,3966,-0.685562698,0
X135,4003,-0.185615095,0
X135,4029,-0.296599397,0
X135,4095,-0.528684252,0
X135,4148,0.70606738,0
X135,4159,-0.096822636,0
X135,4197,-0.160129831,0
X136,127,1.891775916,1
X136,162,1.43735763,1
X136,199,1.249173455,1
X136,214,1.370428693,1
X136,216,0.41312016,1
X136,249,0.383968291,1
X136,284,1.264500833,1
X136,308,0.054354431,1
X136,389,1.425582412,1
X136,449,0.170313972,1
X136,483,-0.373676861,1
X136,486,-0.637528978,1
X136,530,1.167085626,1
X136,567,0.854469761,1
X136,573,1.491916783,1
X136,613,0.291028723,1
X136,622,1.538929708,1
X136,649,-0.364768924,1
X136,657,0.358339154,1
X136,675,-0.325772904,1
X136,780,0.31173772,1
X136,865,1.14320929,1
X136,878,0.781634567,1
X136,893,0.119419046,1
X136,953,1.580915574,1
X136,989,0.725451727,1
X136,1138,-0.38370321,1
X136,1157,1.272039846,1
X136,1183,1.719597094,1
X136,1228,0.867556487,1
X136,1291,1.802339906,1
X136,1312,2.595233471,1
X136,1426,0.782499458,1
X136,1436,2.005239551,1
X136,1472,1.747347527,1
X136,1495,0.945951251,1
X136,1530,0.801331327,1
X136,1552,0.765964198,1
X136,1598,2.22619033,1
X136,1655,1.754727483,1
X136,1708,1.377697455,1
X136,1709,0.18832209,1
X136,1810,0.688240019,1
X136,1824,-0.634615548,1
X136,1834,1.68601653,1
X136,1868,0.642185685,1
X136,1879,1.795375343,1
X136,1943,0.574470798,1
X136,1944,1.011101589,1
X136,1973,0.990385614,1
X136,1990,-0.152950951,1
X136,1997,0.038759218,1
X136,2242,1.166663041,1
X136,2245,1.789731087,1
X136,2358,1.69382124,1
X136,2402,2.500760638,1
X136,2421,0.287889871,1
X136,2483,0.788517268,1
X136,2576,0.482469274,1
X136,2614,0.568259356,1
X136,2648,0.919222995,1
X136,2666,0.56857393,1
X136,2771,1.451498336,1
X136,2783,2.075246362,1
X136,2832,-0.498146282,1
X136,2843,2.259540827,1
X136,2849,0.402204973,1
X136,2879,0.558211482,1
X136,2884,1.825855923,1
X136,2992,0.962478069,1
X136,3069,1.385660425,0
X136,3073,-1.131306957,1
X136,3121,2.970662795,1
X136,3249,0.916053123,1
X136,3279,3.66328765,1
X136,3385,1.953461551,1
X136,3390,1.674937208,1
X136,3434,1.240974457,1
X136,3631,-0.841846185,1
X136,3677,0.140996722,1
X136,3783,0.400623165,1
X136,3792,1.426791235,1
X136,3801,-0.196516614,1
X136,3877,1.537618101,1
X136,3895,1.542625749,1
X136,3917,0.426615483,0
X136,4156,0.643045446,1
X137,58,0.562622457,0
X137,107,-0.565071776,1
X137,113,-1.923767219,0
X137,191,0.615480165,1
X137,211,1.976646464,1
X137,216,1.253813162,1
X137,268,-1.790638262,1
X137,274,2.947981485,0
X137,283,3.800576041,1
X137,287,1.816827795,1
X137,308,-0.58032037,1
X137,401,-1.400187164,0
X137,410,1.761107008,0
X137,622,-1.33005531,1
X137,624,-0.592650654,1
X137,631,1.709732979,0
X137,657,-2.251960583,0
X137,669,-2.281580668,0
X137,758,2.288057136,0
X137,888,-0.099096121,0
X137,897,-1.983048611,0
X137,958,4.688022338,1
X137,1108,1.185508361,0
X137,1178,0.308061567,1
X137,1248,2.309456738,1
X137,1284,0.584421957,1
X137,1295,1.723307123,0
X137,1312,4.173609427,1
X137,1419,-2.329628425,1
X137,1447,-0.935148785,0
X137,1483,3.89825098,1
X137,1517,3.404213299,0
X137,1530,0.350250563,1
X137,1598,2.782046531,1
X137,1635,1.105104349,1
X137,1647,-0.107116451,1
X137,1655,0.333281391,0
X137,1690,-0.772208599,0
X137,1691,3.333765931,0
X137,1725,1.700023813,1
X137,1746,5.199961379,1
X137,1814,-0.828936698,1
X137,1938,2.048402219,1
X137,1990,0.757244626,1
X137,1991,1.207635856,0
X137,1994,4.234622608,0
X137,2028,0.830342698,1
X137,2108,-2.027913732,1
X137,2234,0.636959447,0
X137,2241,3.110895019,1
X137,2242,-2.049826901,0
X137,2245,-0.445894494,1
X137,2277,-0.323686041,1
X137,2290,-1.504594106,1
X137,2332,1.183528446,1
X137,2375,2.328668548,1
X137,2407,-1.77632515,0
X137,2445,-0.166818101,0
X137,2613,2.18340991,1
X137,2636,3.731048396,0
X137,2677,-0.97317329,1
X137,2696,-0.417626665,0
X137,2708,-0.40381028,0
X137,2815,-0.605602618,1
X137,2848,-2.455542854,1
X137,2850,1.052409384,1
X137,2870,-0.635507227,0
X137,2879,-2.208864459,0
X137,2887,1.996599403,1
X137,2953,-1.030741545,1
X137,3099,-2.133765482,0
X137,3201,0.182478418,1
X137,3231,-3.335919446,1
X137,3235,-0.584900003,0
X137,3349,2.165895054,1
X137,3434,3.703496057,1
X137,3476,-1.120859685,1
X137,3496,-2.524895613,1
X137,3511,0.644381664,1
X137,3512,1.060177292,0
X137,3551,0.857128831,1
X137,3552,4.674588334,1
X137,3630,1.873176516,1
X137,3631,1.986675641,1
X137,3635,-1.177780216,0
X137,3638,2.133269362,1
X137,3696,-0.573647668,1
X137,3727,-0.152098807,1
X137,3746,0.484073524,1
X137,3772,1.368483838,1
X137,3783,-3.236343201,0
X137,3844,0.414276636,0
X137,3867,0.656968477,0
X137,3877,-0.502159755,1
X137,3881,1.078724702,0
X137,3895,0.908567719,1
X137,4029,0.626814969,1
X137,4039,2.218964923,0
X137,4087,0.683988724,0
X137,4126,1.82515492,1
X137,4132,3.699216556,0
X137,4200,0.158748114,0
X137,4204,1.121555776,1
X138,36,0.085081147,0
X138,156,-0.959106032,0
X138,211,1.799283633,0
X138,216,0.920859692,0
X138,343,-0.59230593,0
X138,782,1.009955085,1
X138,823,0.697829851,0
X138,836,0.231662267,0
X138,837,0.672002928,0
X138,851,1.6738291,0
X138,877,-0.818523475,0
X138,912,1.924496144,0
X138,971,-0.866092798,0
X138,986,-0.909095219,0
X138,1037,-0.216625354,0
X138,1089,-0.072147343,0
X138,1187,0.428792723,0
X138,1224,0.601498047,0
X138,1239,-0.492308516,0
X138,1268,-0.305228225,0
X138,1436,0.977490573,0
X138,1472,-0.746181734,0
X138,1492,-0.210063549,0
X138,1512,0.473331793,0
X138,1581,0.140542234,0
X138,1586,-0.141103222,0
X138,1612,0.086518759,0
X138,1615,0.871968263,1
X138,1671,-0.271838633,0
X138,1708,0.531751572,0
X138,1733,-0.778475944,0
X138,1812,0.302749654,0
X138,1824,0.054377989,0
X138,1826,-0.437275439,0
X138,1937,-0.144539785,0
X138,1952,-1.24942022,0
X138,1973,-0.529410079,0
X138,2036,0.707539975,0
X138,2135,0.067633768,0
X138,2188,-0.374569549,0
X138,2198,0.159571347,0
X138,2221,-0.574706529,0
X138,2305,0.124761138,0
X138,2421,1.377275923,0
X138,2430,-0.139444449,0
X138,2481,-0.27302078,0
X138,2562,0.512931871,0
X138,2613,1.327593145,1
X138,2636,1.15368802,0
X138,2673,0.48864022,0
X138,2708,0.17854969,0
X138,2763,-0.605637185,0
X138,2784,0.323287817,0
X138,2952,0.153234302,0
X138,2953,-0.711553194,0
X138,2990,1.082128115,0
X138,2992,0.963658143,0
X138,3190,0.165682819,0
X138,3226,-0.773763459,0
X138,3233,0.025135791,0
X138,3249,-0.636692806,0
X138,3279,0.108866741,0
X138,3328,-1.558672434,0
X138,3360,-0.882574203,0
X138,3476,0.621968984,0
X138,3482,1.095355749,0
X138,3511,0.301935122,0
X138,3539,-0.691040996,0
X138,3546,-0.09244195,0
X138,3557,-1.79210859,0
X138,3571,-1.181279036,0
X138,3572,-0.137956184,0
X138,3631,0.065895659,0
X138,3642,-1.067774772,0
X138,3691,-1.187344891,0
X138,3727,-0.404908619,0
X138,3746,-0.593704453,0
X138,3772,-0.510672434,0
X138,3791,-0.232187934,0
X138,3849,0.046477781,0
X138,3895,0.80831553,1
X138,3905,-0.424959785,0
X138,3966,1.064870936,0
X138,3973,-0.464326039,0
X138,4003,1.458173646,0
X138,4017,-0.563906018,0
X138,4052,-1.322447131,0
X138,4121,-1.702236261,0
X138,4164,-0.560729635,0
X139,156,0.730375735,0
X139,191,-1.568162859,0
X139,207,-0.524412556,0
X139,216,-1.085224085,0
X139,283,0.576797365,0
X139,294,0.351594008,0
X139,375,-1.068314272,0
X139,386,0.039157287,0
X139,389,-0.714560732,0
X139,393,-1.574851397,0
X139,401,-1.298029392,0
X139,413,0.358251859,0
X139,431,-0.977270131,0
X139,543,0.223195272,0
X139,560,-0.129450705,0
X139,567,-0.390173865,0
X139,613,0.60183416,0
X139,687,-0.448744068,0
X139,817,-0.023836633,0
X139,837,-1.281660684,0
X139,851,0.052181783,0
X139,893,0.372419892,1
X139,897,-2.329516801,0
X139,949,1.165929983,0
X139,953,-1.486251021,0
X139,971,0.366347786,0
X139,989,1.369110455,0
X139,992,1.853198475,0
X139,1021,1.751764295,0
X139,1064,-2.85129531,0
X139,1087,0.472557601,1
X139,1100,1.080308039,0
X139,1138,-0.607625478,0
X139,1157,1.192020038,0
X139,1187,0.137130412,0
X139,1249,-1.621760475,0
X139,1268,1.36513669,0
X139,1359,-0.412330416,0
X139,1392,-0.308842175,0
X139,1426,-0.648045182,0
X139,1450,-2.129564377,0
X139,1472,2.265891178,0
X139,1612,0.771590355,0
X139,1647,-2.157067311,0
X139,1691,-0.607542619,0
X139,1709,0.367819425,0
X139,1810,0.924138635,0
X139,1814,0.759792284,1
X139,1824,-0.092239049,0
X139,1826,-0.7237638,0
X139,1852,-0.170123305,0
X139,1891,0.296281341,0
X139,1943,1.866928732,0
X139,1973,-2.129520177,0
X139,1997,-0.374019049,0
X139,1999,-0.524489049,0
X139,2082,-1.599557205,0
X139,2242,0.314267641,0
X139,2245,-1.424861871,0
X139,2276,-0.367122693,0
X139,2277,1.335372928,0
X139,2286,-1.288780029,0
X139,2290,0.608654947,1
X139,2421,-1.265870964,0
X139,2466,-1.554802339,0
X139,2467,-0.601973661,0
X139,2494,1.621104009,0
X139,2677,-0.820143695,0
X139,2708,-1.081117856,0
X139,2775,-1.37111661,0
X139,2783,2.210305155,0
X139,2816,-0.022204523,0
X139,2843,-0.834922316,0
X139,2876,-0.832525897,0
X139,2884,-2.627423247,0
X139,2915,1.831492773,0
X139,2952,0.150449976,0
X139,2969,-0.427957232,0
X139,2982,1.435889112,0
X139,2990,-1.107624263,0
X139,3079,-0.071461438,0
X139,3094,-1.1936622,0
X139,3103,0.353160973,0
X139,3190,-0.205872097,0
X139,3220,-0.869577846,0
X139,3231,1.272671423,0
X139,3360,0.282090697,0
X139,3371,-0.046213915,0
X139,3434,0.623431715,0
X139,3436,1.56791973,0
X139,3539,0.278200088,0
X139,3546,0.179329669,0
X139,3551,0.261202505,0
X139,3677,0.8893318,0
X139,3705,-0.842245411,0
X139,3746,0.615054875,0
X139,3801,0.716986588,1
X139,3805,1.306264499,0
X139,3844,-0.593097907,0
X139,3877,-0.694869959,0
X139,3895,1.674240433,0
X139,3905,-0.415499894,0
X139,3917,-0.012034162,0
X139,4001,-0.451260668,0
X139,4021,0.258648325,0
X139,4087,1.160576567,0
X139,4113,-0.35626414,0
X139,4127,2.474080939,1
X139,4184,1.32353326,1
X139,4204,-0.871661174,0
X140,107,-0.906237065,0
X140,156,0.444126632,0
X140,162,-0.184687782,0
X140,170,-0.335448735,0
X140,183,0.973535897,0
X140,211,0.202535065,0
X140,284,0.781450603,0
X140,389,-0.100527611,0
X140,393,-0.696437085,0
X140,414,-0.078078406,0
X140,622,0.116586644,0
X140,634,0.435787671,0
X140,823,0.370703023,0
X140,888,-1.08902986,0
X140,897,0.124589083,0
X140,959,0.050549643,0
X140,992,0.193793897,0
X140,1021,1.314682243,0
X140,1239,-0.559724841,0
X140,1249,1.10326329,0
X140,1302,-0.320017754,0
X140,1421,0.329042132,0
X140,1426,0.329221027,0
X140,1467,1.69512581,0
X140,1483,0.069297832,0
X140,1492,-0.465538546,0
X140,1512,1.313417964,0
X140,1552,-0.399895026,0
X140,1565,-0.655105116,0
X140,1568,-0.440154576,0
X140,1654,0.137331316,0
X140,1690,-1.388791197,0
X140,1812,-0.58500678,0
X140,1824,-0.005572245,0
X140,1852,-1.139966826,0
X140,1898,0.086152217,0
X140,1900,0.497646797,0
X140,1994,-0.48874631,0
X140,1997,0.300584617,0
X140,2008,-1.054875523,0
X140,2013,0.022350472,0
X140,2127,0.085946598,0
X140,2160,1.224530277,0
X140,2242,-0.405288823,0
X140,2286,0.485400936,0
X140,2305,-0.470194536,0
X140,2368,0.777839881,0
X140,2407,0.669266043,0
X140,2445,-0.117752879,0
X140,2534,-0.615223351,0
X140,2562,0.520100862,0
X140,2624,0.073009711,0
X140,2638,-0.701124941,0
X140,2696,0.049272719,0
X140,2784,0.754827175,0
X140,2817,-1.571239491,0
X140,2832,1.0469003,0
X140,2870,-0.228471375,0
X140,2876,0.003022646,0
X140,2893,-0.023173523,0
X140,2969,empty,0
X140,2992,0.240405689,0
X140,3069,-0.297662892,0
X140,3179,1.068737778,1
X140,3226,0.793929316,0
X140,3280,0.1221501,0
X140,3371,0.487211586,0
X140,3375,1.376854135,0
X140,3390,0.035097559,0
X140,3396,-0.074015382,0
X140,3436,-0.752864979,0
X140,3465,0.459358458,0
X140,3476,0.406551054,0
X140,3496,0.860785255,0
X140,3540,-0.570891048,0
X140,3544,-0.384228899,0
X140,3557,-0.653484287,0
X140,3612,0.275467884,0
X140,3631,0.660572005,0
X140,3662,0.2389017,0
X140,3677,-0.361245106,0
X140,3727,-1.774808576,0
X140,3780,0.362705351,0
X140,3791,0.017174244,0
X140,3805,-0.522220293,0
X140,3917,-0.246880612,0
X140,3918,0.041507021,0
X140,4004,-0.166178751,0
X140,4021,-1.700543077,0
X140,4087,-0.937171107,0
X140,4142,1.331621199,0
X140,4159,-0.392908532,0
X140,4197,0.556190946,0
X140,4204,-0.389958163,0
X141,58,-0.275936414,0
X141,207,0.119349669,0
X141,211,0.503421093,0
X141,216,0.361303037,0
X141,274,-0.667461858,0
X141,294,0.035910099,0
X141,343,0.106208296,0
X141,375,-0.095701089,0
X141,473,-0.275290298,0
X141,483,0.757863125,1
X141,499,-0.369248041,0
X141,503,-0.278199567,0
X141,617,-0.527684976,0
X141,657,0.41204096,0
X141,782,-0.142373695,0
X141,817,0.503015409,0
X141,836,0.751717432,0
X141,851,-0.094331835,0
X141,855,0.345883265,0
X141,878,0.118022144,0
X141,879,0.051423371,0
X141,888,0.209828528,0
X141,897,-0.110525625,0
X141,914,0.215154277,0
X141,953,-0.009829533,0
X141,954,0.115807073,0
X141,958,0.092386397,0
X141,1008,-0.218349652,0
X141,1021,0.861127156,0
X141,1037,-0.159022734,0
X141,1064,0.294469445,0
X141,1087,-1.044079948,0
X141,1138,0.259370818,0
X141,1187,-0.627525202,0
X141,1249,-1.244977421,0
X141,1268,-0.136426159,0
X141,1285,-0.216435811,0
X141,1291,-0.116531601,0
X141,1323,-0.512341194,0
X141,1332,0.008057237,0
X141,1359,-0.32573933,0
X141,1392,0.388307701,0
X141,1419,0.834733844,0
X141,1436,0.353678687,0
X141,1450,-0.477898019,0
X141,1485,0.228912148,0
X141,1492,-0.076851851,0
X141,1495,0.655284071,0
X141,1581,0.30316664,0
X141,1586,-0.263010831,0
X141,1635,0.306250936,0
X141,1654,-0.687357925,0
X141,1655,0.320787936,0
X141,1690,-0.308665549,0
X141,1693,-0.915057202,0
X141,1733,-0.972794766,0
X141,1812,0.234905096,0
X141,1829,0.096301512,0
X141,1879,-0.03745394,0
X141,1937,-0.070900662,0
X141,1943,0.089878647,0
X141,1945,-0.356017386,0
X141,1997,0.626715595,1
X141,2044,0.198187427,0
X141,2082,0.166859965,0
X141,2188,-0.269396382,0
X141,2358,1.15015223,0
X141,2466,0.435699906,0
X141,2481,0.295120763,0
X141,2483,-0.647300386,0
X141,2576,0.277663547,0
X141,2601,0.89404732,0
X141,2636,-1.146182476,0
X141,2638,-0.725798315,0
X141,2775,-0.264291733,0
X141,2783,-1.109810422,0
X141,2832,0.312828059,0
X141,2870,-0.231183781,0
X141,3179,0.184848658,0
X141,3250,0.771910526,0
X141,3252,-1.369910014,0
X141,3279,0.651454751,0
X141,3328,0.239236886,0
X141,3436,-0.689831127,0
X141,3511,0.095225888,0
X141,3529,-0.828458746,0
X141,3572,-0.759696556,0
X141,3631,0.213465609,0
X141,3635,0.865900353,0
X141,3638,-0.395926051,0
X141,3710,-0.438000775,0
X141,3756,-0.046421424,0
X141,3781,-0.575547136,0
X141,3805,-0.006548881,0
X141,3819,0.105604458,0
X141,3911,0.128970607,0
X141,3917,0.814584241,0
X141,3928,-0.687462922,0
X141,3940,-0.048527671,0
X141,4001,0.74153298,0
X141,4017,-0.4803919,0
X141,4021,-0.407878152,0
X141,4029,0.304296461,0
X141,4132,-0.380019823,0
X141,4156,0.002686865,0
X141,4185,0.647956111,0
X142,3,-1.195581835,0
X142,58,1.619402479,0
X142,120,3.490539816,1
X142,183,1.061987522,0
X142,284,0.231552954,1
X142,393,-2.203469042,1
X142,410,2.046120463,0
X142,413,3.201843612,1
X142,414,0.381018998,1
X142,473,-0.706607961,1
X142,536,0.335691906,1
X142,543,3.016183815,1
X142,573,-0.67725685,1
X142,617,-0.369967001,1
X142,675,2.057904986,1
X142,837,-0.738466014,0
X142,855,-0.249472193,1
X142,893,-2.352261518,0
X142,971,1.410656037,0
X142,989,2.079181919,0
X142,1008,1.369108991,0
X142,1088,1.948454939,1
X142,1089,-1.783775194,0
X142,1154,1.205687714,0
X142,1178,1.863525374,1
X142,1183,1.810870419,1
X142,1248,-2.969037658,1
X142,1312,1.082484001,0
X142,1323,1.054923604,1
X142,1374,0.859585074,1
X142,1389,0.797018271,1
X142,1392,-1.041521988,1
X142,1447,-0.799913184,1
X142,1495,-0.347869592,1
X142,1512,-0.181155072,1
X142,1525,4.927252257,1
X142,1580,1.528423688,1
X142,1654,-0.266640655,1
X142,1691,0.254682215,1
X142,1725,-2.502579516,1
X142,1775,1.463992194,1
X142,1834,1.75134717,1
X142,1840,1.811368664,1
X142,1844,-0.598437511,1
X142,1868,0.244313637,0
X142,1886,2.398565159,1
X142,1894,2.247055751,1
X142,1944,-3.142935924,1
X142,1973,3.385582516,1
X142,1993,0.295226536,1
X142,1994,0.155038208,0
X142,2028,1.687595195,1
X142,2055,3.402955604,0
X142,2108,4.112139243,1
X142,2242,2.389090875,1
X142,2290,0.250323534,1
X142,2309,-0.759706148,0
X142,2358,3.181200999,1
X142,2430,4.543283238,1
X142,2481,0.061734781,0
X142,2536,-0.076186415,1
X142,2562,2.134280923,1
X142,2576,1.39173107,1
X142,2638,-1.698878283,1
X142,2648,-1.986811739,1
X142,2679,-0.815335477,1
X142,2696,1.294034214,1
X142,2848,1.791686037,1
X142,2849,1.8442207,1
X142,2879,-0.109985531,1
X142,2884,0.3014594,0
X142,2915,-1.197706022,1
X142,2952,1.50236382,1
X142,2962,0.100414656,1
X142,2982,1.015974989,1
X142,2990,3.037969906,1
X142,3069,1.040466079,1
X142,3250,0.673826401,1
X142,3328,1.948121679,1
X142,3340,1.487239565,0
X142,3343,-1.028285347,1
X142,3345,2.11388998,1
X142,3375,2.035007997,1
X142,3396,-0.775083372,1
X142,3433,3.360644224,1
X142,3436,-1.621331825,0
X142,3529,4.961324274,1
X142,3540,-0.085796119,1
X142,3544,2.99467139,1
X142,3552,3.558154399,1
X142,3631,-0.859108808,1
X142,3632,2.150547029,1
X142,3635,3.311481929,1
X142,3638,1.26651891,1
X142,3691,0.445775566,0
X142,3696,1.645036099,1
X142,3756,-2.573039014,1
X142,3780,-2.547177823,1
X142,3781,0.526654847,1
X142,3819,4.142271088,1
X142,3849,0.439344337,1
X142,3881,0.364027555,1
X142,3918,-1.377232803,1
X142,3940,-1.634707131,0
X142,3966,-0.308873648,1
X142,3968,1.9102831,1
X142,4021,-0.174678801,0
X142,4039,0.260116979,1
X142,4053,1.095228844,1
X142,4110,0.507904589,1
X142,4119,2.80867852,0
X142,4126,2.21004106,1
X142,4156,4.659005678,1
X142,4159,-4.322050892,0
X142,4197,-1.239172763,0
X142,4201,-1.210282181,1
X143,120,-0.727224857,0
X143,162,-0.182148295,0
X143,199,0.35342961,0
X143,274,0.485473621,0
X143,287,0.359147207,0
X143,308,-0.820342491,0
X143,343,0.078405531,0
X143,386,-0.1627155,0
X143,473,-0.551385516,0
X143,511,-0.129678551,0
X143,575,0.588609024,1
X143,624,-0.485604117,0
X143,630,-0.068408702,0
X143,634,0.291434997,1
X143,690,-0.098688394,0
X143,769,-0.363522896,0
X143,851,0.213087631,0
X143,855,-0.429690323,0
X143,1087,1.107278645,0
X143,1089,-0.056475916,0
X143,1096,0.113747411,0
X143,1108,0.329992021,0
X143,1154,0.543390735,0
X143,1157,-0.879287851,0
X143,1178,0.233438898,0
X143,1249,-0.262835839,0
X143,1284,0.367804382,0
X143,1295,-0.07589475,0
X143,1302,0.374982536,0
X143,1332,-0.457043268,0
X143,1419,1.979153638,0
X143,1436,0.940402735,0
X143,1600,-1.115219418,0
X143,1647,0.619782983,0
X143,1693,-1.061754779,0
X143,1711,0.742561439,1
X143,1775,-0.255127528,0
X143,1810,-0.417297639,0
X143,1826,1.226970603,0
X143,1829,-0.706394956,0
X143,1937,0.655730796,0
X143,1990,0.334893783,0
X143,1994,0.737369729,0
X143,1999,0.655780664,0
X143,2028,-1.268944843,0
X143,2036,0.090252026,0
X143,2104,-1.832771982,0
X143,2135,1.300573771,0
X143,2242,0.082451444,0
X143,2245,1.845416428,0
X143,2276,-0.795903961,0
X143,2287,0.602956389,0
X143,2332,-0.699862547,0
X143,2421,0.038744243,0
X143,2430,-0.745530821,0
X143,2445,-1.109991845,0
X143,2499,-0.197392208,0
X143,2614,0.451900031,0
X143,2666,-0.23657066,0
X143,2673,0.767359232,0
X143,2708,-1.110967964,0
X143,2783,0.414543167,0
X143,2832,0.226652492,0
X143,2849,-0.833576083,0
X143,2850,0.063565682,0
X143,2888,0.128974821,0
X143,2962,0.53272969,0
X143,2966,-0.348403668,0
X143,2969,-1.138522247,0
X143,3027,-1.258515585,0
X143,3241,-0.381421944,0
X143,3250,0.432749481,0
X143,3340,-0.338953156,0
X143,3349,0.206724157,0
X143,3434,0.286163368,0
X143,3440,0.579976209,0
X143,3495,1.660440192,1
X143,3511,0.319110413,0
X143,3512,0.428840465,0
X143,3529,0.266880783,0
X143,3547,1.046073884,1
X143,3552,0.770344657,0
X143,3572,0.550196734,0
X143,3638,0.051783153,0
X143,3642,1.785214289,0
X143,3723,-0.67191588,0
X143,3792,0.106528968,0
X143,3824,0.351481335,0
X143,3877,2.390850478,0
X143,3895,0.180487978,0
X143,3905,0.022397244,0
X143,3954,-1.312221243,0
X143,4021,0.789524695,0
X143,4027,0.053158561,0
X143,4029,-0.477364282,0
X143,4039,-0.277634341,0
X143,4087,-0.593955619,1
X143,4126,-0.596761799,0
X143,4142,0.254395024,0
X143,4148,0.535517337,0
X143,4197,0.496772201,0
X143,4201,-1.145863217,0
X144,12,0.81825539,1
X144,73,3.444465865,1
X144,120,-0.357679704,1
X144,170,2.033933094,1
X144,183,2.599181549,1
X144,216,1.856496065,1
X144,308,2.216284045,0
X144,360,1.394871166,1
X144,449,0.463353959,0
X144,634,-2.33915724,0
X144,669,2.710037991,1
X144,758,1.885033304,1
X144,769,-0.283887818,1
X144,807,1.32356199,1
X144,855,1.196852921,1
X144,875,-3.384468787,0
X144,878,0.245481692,1
X144,893,-3.588124932,0
X144,943,-0.053263506,1
X144,953,-1.060896293,0
X144,971,1.50103766,1
X144,1008,0.331484514,0
X144,1021,0.391850321,1
X144,1046,2.241227474,1
X144,1100,2.420086873,1
X144,1138,0.691897942,1
X144,1183,2.449732897,1
X144,1268,-0.992048354,1
X144,1285,-2.523839315,1
X144,1295,1.590859901,1
X144,1389,-0.833722464,0
X144,1419,empty,0
X144,1421,4.539519188,1
X144,1436,4.060119652,1
X144,1450,1.429114075,1
X144,1472,1.793281308,1
X144,1580,2.443505245,1
X144,1635,-2.448046767,0
X144,1671,4.116427579,1
X144,1680,0.183134842,1
X144,1693,-0.522327703,1
X144,1708,1.341257311,1
X144,1717,0.843168824,1
X144,1733,0.691611126,1
X144,1834,1.733998687,1
X144,1879,-0.37427598,1
X144,1886,2.347047745,1
X144,1898,0.085508524,1
X144,1938,-0.457993665,0
X144,1943,1.417329455,1
X144,1991,0.105854468,1
X144,2027,4.985857663,1
X144,2076,-0.331558622,0
X144,2082,-1.217096593,1
X144,2108,1.044583064,1
X144,2110,0.989458947,1
X144,2135,2.545033341,1
X144,2242,1.11280058,1
X144,2286,1.349132696,1
X144,2309,-0.202113902,1
X144,2601,3.382566566,1
X144,2614,-0.311487467,0
X144,2673,0.581698442,0
X144,2677,0.367379212,1
X144,2708,1.602628708,1
X144,2816,1.092088519,1
X144,2832,1.694378052,1
X144,2850,-1.175715547,1
X144,2953,-0.776982477,1
X144,2972,0.192617198,0
X144,2992,1.426861039,0
X144,3027,1.355948211,1
X144,3064,1.98866779,1
X144,3079,-1.545813306,1
X144,3190,2.878290151,1
X144,3220,1.14876198,1
X144,3241,1.710214312,1
X144,3280,0.719224919,1
X144,3345,-0.328976453,1
X144,3460,0.493269607,1
X144,3512,-0.85695277,1
X144,3631,-0.477627712,1
X144,3638,4.061359807,1
X144,3670,2.99873046,1
X144,3677,0.568490383,1
X144,3791,2.755609404,1
X144,3805,0.726626245,1
X144,3905,0.09993598,0
X144,3917,1.222807372,1
X144,3954,0.765283585,1
X144,4021,2.542454889,1
X144,4039,-0.338969129,1
X144,4053,1.310072164,1
X144,4087,0.512084256,0
X144,4121,-0.65041926,0
X144,4132,1.016995391,1
X144,4142,-0.901198343,0
X144,4148,-0.0543568,1
X145,3,-0.073422304,0
X145,113,-0.257830262,0
X145,170,0.020483352,0
X145,192,0.049728817,0
X145,214,-0.024178297,0
X145,247,-0.01176983,0
X145,284,0.026016071,0
X145,287,-0.135120292,0
X145,294,0.051268877,0
X145,343,-0.074245153,0
X145,483,-0.149461812,0
X145,525,0.258950383,0
X145,561,-0.122321603,0
X145,657,0.049743359,0
X145,690,0.142321587,0
X145,758,0.133720825,0
X145,769,0.084168474,0
X145,780,0.207829811,0
X145,943,-0.153813719,0
X145,959,0.213176229,0
X145,989,-0.064784421,0
X145,1021,-0.107056091,0
X145,1046,0.37429315,0
X145,1129,-0.043762821,0
X145,1141,-0.043108071,0
X145,1187,0.915338584,1
X145,1249,-0.02061254,0
X145,1285,0.193311061,0
X145,1312,0.151045681,0
X145,1419,0.01606675,0
X145,1421,0.090639007,0
X145,1467,-0.131283829,0
X145,1580,0.248585568,0
X145,1592,-0.046475928,0
X145,1680,-0.043373355,0
X145,1834,0.022671759,0
X145,1844,-0.070301746,0
X145,1891,-0.065076719,0
X145,2055,0.197258895,0
X145,2137,0.133729952,0
X145,2198,-0.026026864,0
X145,2276,0.067769221,0
X145,2277,0.185261742,0
X145,2368,0.093351539,0
X145,2407,0.069285874,0
X145,2445,0.071812352,0
X145,2466,0.257375916,0
X145,2536,-0.343339266,0
X145,2562,-0.196958168,0
X145,2601,0.230258878,0
X145,2624,-0.04748057,0
X145,2696,-0.09136876,0
X145,2706,-0.252185707,0
X145,2775,-0.014505119,0
X145,2783,-0.024273843,0
X145,2816,0.08628346,0
X145,2817,0.00121909,0
X145,2884,-0.164121341,0
X145,2893,0.219498288,0
X145,2953,-0.116374492,0
X145,2992,-0.180467992,0
X145,3079,0.009866813,0
X145,3099,0.066053414,0
X145,3202,0.261363757,0
X145,3280,0.010508481,0
X145,3292,-0.215074869,0
X145,3396,0.043422322,0
X145,3436,0.131803238,0
X145,3465,-0.271683573,0
X145,3539,empty,0
X145,3547,0.055881027,0
X145,3552,-0.213607108,0
X145,3642,-0.069789649,0
X145,3662,-0.105983703,0
X145,3670,-0.009108411,0
X145,3791,0.183953065,0
X145,3824,-0.084370099,0
X145,3844,0.177601586,0
X145,3867,-0.197234841,0
X145,3881,0.071530237,0
X145,4039,-0.313570878,0
X145,4041,0.139747146,0
X145,4156,-0.017947718,0
X145,4164,0.430147678,0
X145,4168,0.236160102,0
X145,4184,-0.062702802,0
X146,191,1.261250286,1
X146,199,0.067911473,0
X146,211,-0.626858754,0
X146,256,0.697862395,1
X146,283,-0.288266755,0
X146,393,0.066286331,0
X146,560,0.234805647,0
X146,561,0.489369422,0
X146,624,-0.523172634,0
X146,631,-0.681647079,0
X146,758,1.417841635,0
X146,782,1.787381412,1
X146,836,-1.136511356,0
X146,888,0.919673901,0
X146,914,0.628884764,0
X146,943,1.068031029,0
X146,959,-0.150686431,0
X146,971,0.02155087,0
X146,1008,1.699753114,0
X146,1064,-0.691042363,0
X146,1100,-0.713734617,0
X146,1103,-0.87259116,0
X146,1154,-0.861916181,0
X146,1268,-0.669782813,0
X146,1278,0.413839829,0
X146,1291,1.683453007,0
X146,1295,0.905696826,0
X146,1332,0.1406435,0
X146,1400,-0.215734803,0
X146,1447,0.541044265,0
X146,1483,0.861137038,0
X146,1492,-0.713922216,0
X146,1580,-1.633490553,0
X146,1586,0.144878383,0
X146,1598,-0.886225124,0
X146,1600,0.344144509,0
X146,1612,-0.348568755,0
X146,1812,0.53689364,0
X146,1814,0.603737241,0
X146,1826,-0.855899324,0
X146,1866,0.386275448,0
X146,1886,-0.674552596,0
X146,1891,0.718768559,1
X146,1894,0.02332912,0
X146,1945,-1.839799287,0
X146,1994,0.30124824,0
X146,2036,0.293520437,0
X146,2110,1.423681348,0
X146,2127,-0.832951193,0
X146,2160,0.598278036,0
X146,2234,0.13856597,0
X146,2287,-1.055988405,0
X146,2368,0.70931494,0
X146,2375,-0.045936556,0
X146,2421,-1.19771647,0
X146,2613,0.318756543,1
X146,2622,1.005824123,0
X146,2648,-0.479392212,0
X146,2691,1.761079964,0
X146,2696,-0.242740964,0
X146,2816,0.784044631,0
X146,2818,-0.037184137,0
X146,2870,0.359206574,0
X146,3073,-1.327878736,0
X146,3162,-0.893757749,0
X146,3190,1.459355016,0
X146,3250,-1.246155834,0
X146,3345,-0.46751316,0
X146,3360,-0.648472439,0
X146,3433,1.874001711,1
X146,3434,-1.581536642,0
X146,3482,0.425220951,0
X146,3540,-0.360180052,0
X146,3551,0.286319576,0
X146,3631,-1.634811714,0
X146,3632,-0.331032184,0
X146,3710,-0.434159983,0
X146,3780,0.591307529,0
X146,3792,1.072344872,0
X146,3849,0.905102164,0
X146,3895,1.481737927,1
X146,3928,-0.852969363,0
X146,3954,-1.109093563,0
X146,4002,0.500670034,0
X146,4005,0.64742728,0
X146,4132,0.247254012,0
X147,12,-1.065511641,0
X147,183,0.170031201,0
X147,191,-0.404161571,0
X147,216,0.270076258,0
X147,249,-0.587783417,0
X147,256,-0.005384181,0
X147,283,0.67620247,0
X147,308,0.603882406,0
X147,401,0.07869741,0
X147,413,-0.766448946,0
X147,414,-0.117965985,0
X147,449,-0.992864022,0
X147,473,-0.069683513,0
X147,485,0.798330618,0
X147,499,0.047159768,0
X147,503,0.534765774,0
X147,536,-0.426937104,0
X147,543,0.296004596,0
X147,675,-0.514192671,0
X147,687,0.494911337,0
X147,758,0.561071232,0
X147,769,0.297690578,0
X147,807,-0.806149583,0
X147,855,-0.259408613,0
X147,877,-0.182403916,0
X147,878,0.329205973,0
X147,879,0.478709505,0
X147,912,-0.825675568,0
X147,914,-0.077735625,0
X147,958,-0.79250099,0
X147,971,-0.067991814,0
X147,978,0.315351687,0
X147,989,0.29699493,0
X147,1046,-0.375401037,0
X147,1064,1.433209168,0
X147,1089,0.387370149,0
X147,1094,0.34370177,0
X147,1138,-0.105821164,0
X147,1141,0.265606966,0
X147,1178,0.593940945,0
X147,1187,1.059853327,0
X147,1284,1.153805858,0
X147,1312,0.514722918,0
X147,1323,-0.815073763,0
X147,1359,-0.42891732,0
X147,1400,-0.451339638,0
X147,1467,-0.064484185,0
X147,1485,-1.169415969,0
X147,1586,empty,0
X147,1592,0.166212255,0
X147,1635,0.407860248,0
X147,1654,0.070993077,0
X147,1680,0.142511076,0
X147,1691,-0.029932255,0
X147,1717,0.683293421,0
X147,1725,-0.563280981,0
X147,1746,-0.286861801,0
X147,1894,-0.056911997,0
X147,1900,-0.332393564,0
X147,1991,0.710149834,0
X147,2028,0.340736985,0
X147,2036,-1.300125338,0
X147,2055,0.511494719,0
X147,2076,0.044459998,0
X147,2287,0.575219948,0
X147,2305,0.278058946,0
X147,2467,-1.529180212,0
X147,2613,0.092434891,0
X147,2636,-1.204117261,0
X147,2648,1.17946454,0
X147,2696,0.607230903,0
X147,2783,-0.37084346,0
X147,2870,0.249354845,0
X147,2876,0.829809309,0
X147,2887,0.117334819,0
X147,2899,-0.142363349,0
X147,2953,0.598959075,0
X147,2972,0.25419197,0
X147,2992,0.221451332,0
X147,3017,-0.25051466,0
X147,3064,-0.502169352,0
X147,3088,-0.367234651,0
X147,3121,0.987453519,0
X147,3147,-0.055786289,0
X147,3201,-0.898874867,0
X147,3202,0.712923155,0
X147,3220,-0.02710789,0
X147,3226,0.083317562,0
X147,3249,0.665270903,0
X147,3252,0.700972423,0
X147,3375,0.942870159,0
X147,3390,0.408159018,0
X147,3436,0.345460959,0
X147,3476,1.001730296,0
X147,3547,-0.69905926,0
X147,3630,-0.782014016,0
X147,3638,0.318255508,0
X147,3662,-0.087593059,0
X147,3677,0.846308828,0
X147,3705,-0.563795601,0
X147,3772,-0.055237855,0
X147,3781,0.390818774,0
X147,3791,-0.793919436,0
X147,3801,0.689299322,0
X147,3819,-0.514700126,0
X147,3824,0.557337651,0
X147,3849,-0.147313436,0
X147,3968,-0.198675236,0
X147,4001,0.472582088,0
X147,4121,0.189510422,0
X147,4142,-1.067433823,0
X147,4156,-0.007495988,0
X147,4168,0.438350091,0
X148,170,0.766853943,0
X148,211,-0.883773617,0
X148,214,0.975490237,0
X148,283,0.799631344,0
X148,343,0.583528615,0
X148,360,0.449840683,0
X148,401,0.129271077,0
X148,414,-0.154620309,0
X148,473,-1.260011581,0
X148,483,-0.328511908,0
X148,485,0.077722814,0
X148,499,-0.373876517,0
X148,530,0.180001851,0
X148,567,0.970716572,0
X148,624,0.327520382,0
X148,663,-0.154217966,0
X148,712,-0.440662192,0
X148,823,0.459561688,0
X148,914,-0.188320062,0
X148,953,-0.66459583,0
X148,954,-0.698340201,0
X148,958,0.517554407,0
X148,959,0.518755385,0
X148,1037,-1.056193812,0
X148,1096,-0.953681366,0
X148,1129,0.952586933,0
X148,1141,-0.542737451,0
X148,1178,-2.100686871,0
X148,1224,-0.366802299,0
X148,1268,-1.261848893,0
X148,1278,0.711338605,0
X148,1284,empty,0
X148,1295,-1.156256538,0
X148,1300,-0.390380903,0
X148,1302,1.27975648,1
X148,1323,0.41332052,0
X148,1389,1.58083171,0
X148,1419,0.583524121,0
X148,1426,-0.425969886,0
X148,1568,0.737162744,0
X148,1586,2.385420395,0
X148,1592,0.579180362,0
X148,1598,0.157386244,0
X148,1635,0.549191304,0
X148,1655,-0.792941004,0
X148,1690,-1.015352843,0
X148,1693,0.857404373,0
X148,1700,-0.415198842,0
X148,1866,-1.281809268,0
X148,1938,-0.602721212,0
X148,1992,-0.388146779,0
X148,1993,0.69214826,1
X148,1999,-0.232832829,0
X148,2008,1.139642328,0
X148,2104,0.488254459,0
X148,2108,1.617840133,0
X148,2160,0.020271711,0
X148,2221,-0.195833482,0
X148,2234,1.205421524,1
X148,2245,0.197349767,0
X148,2277,0.165704236,0
X148,2305,-1.106082395,0
X148,2332,-0.145485394,0
X148,2358,1.550640064,0
X148,2368,-0.15532899,0
X148,2421,-1.237176064,0
X148,2452,0.374178781,0
X148,2466,0.298553659,0
X148,2467,0.263338595,1
X148,2499,-0.457573393,0
X148,2536,0.293611842,0
X148,2638,-0.146198297,0
X148,2666,-0.12632085,0
X148,2691,-0.603223663,0
X148,2783,-0.464411543,0
X148,2879,0.292460947,0
X148,2887,1.475435956,0
X148,2952,-0.245193738,0
X148,3027,2.444758357,0
X148,3069,-0.031403213,0
X148,3328,-0.654951663,0
X148,3375,-0.008471661,0
X148,3385,-0.20631197,0
X148,3511,-2.283962204,0
X148,3612,0.234703374,0
X148,3670,-1.118573667,0
X148,3677,0.166637053,0
X148,3696,0.795214484,0
X148,3756,-0.60232178,0
X148,3780,-0.370877776,0
X148,3844,0.446613409,0
X148,3940,1.569165836,0
X148,3954,0.711261719,0
X148,4017,1.336501414,0
X148,4041,-0.314857838,0
X148,4095,0.723710286,0
X148,4113,-0.129012811,0
X148,4148,-0.322773467,0
X148,4156,-0.914493878,0
X148,4185,0.289251191,0
X148,4200,-1.355650349,0
X148,4204,-0.574217871,0
X150,183,-0.477277641,1
X150,191,1.994965974,1
X150,247,0.676211157,0
X150,256,1.634849928,0
X150,287,-0.916273635,0
X150,294,1.035334117,0
X150,549,1.13533441,1
X150,573,0.57942072,1
X150,575,1.286677444,1
X150,617,-0.75381176,0
X150,634,0.005706895,1
X150,687,0.760394696,0
X150,689,0.818700701,1
X150,690,-1.340666902,1
X150,782,2.348054525,1
X150,851,-0.587163173,1
X150,875,3.718454828,1
X150,877,-1.192911172,0
X150,878,3.714720769,1
X150,888,0.145860184,1
X150,996,-2.333160773,0
X150,1061,0.792770757,1
X150,1089,0.664874504,0
X150,1096,2.019432224,1
X150,1129,0.927733544,1
X150,1138,1.724729792,1
X150,1141,1.374080795,1
X150,1323,2.561713272,1
X150,1389,3.597116486,1
X150,1419,0.436518045,1
X150,1426,4.338453421,1
X150,1495,-1.189745284,1
X150,1612,2.673096106,1
X150,1615,2.589269784,1
X150,1693,2.465603412,1
X150,1708,-1.598525354,0
X150,1709,-0.166736553,1
X150,1746,-0.331037592,1
X150,1852,1.892729977,1
X150,1868,2.412445207,1
X150,1879,2.325007829,1
X150,1894,2.320345727,1
X150,1900,-2.373311429,0
X150,2008,0.473129844,1
X150,2028,-0.19273572,1
X150,2036,-0.5772708,1
X150,2044,-0.687314196,1
X150,2076,-0.452065347,0
X150,2108,1.89827407,0
X150,2110,-0.128026057,1
X150,2188,2.215918308,1
X150,2234,1.782675831,1
X150,2287,0.848336622,1
X150,2421,-1.067883159,0
X150,2430,2.399951582,1
X150,2445,1.229324894,1
X150,2452,-0.559393311,1
X150,2467,0.951762196,1
X150,2494,1.802320147,1
X150,2614,-1.316567949,1
X150,2696,-1.30979965,1
X150,2708,-2.104566208,0
X150,2775,1.214473845,1
X150,2783,1.790560088,1
X150,2818,1.334309947,1
X150,2849,0.53775802,1
X150,2952,2.106072639,1
X150,3202,-0.977205398,0
X150,3220,0.758871856,0
X150,3250,0.577619873,1
X150,3280,1.931516877,1
X150,3396,2.098032708,0
X150,3436,0.460290963,1
X150,3440,2.240974839,0
X150,3482,2.390303119,1
X150,3539,0.931985278,1
X150,3546,0.757406843,1
X150,3557,0.85287726,1
X150,3670,-3.461932653,0
X150,3677,0.610880572,1
X150,3723,2.340402109,1
X150,3746,1.336673019,1
X150,3747,3.068338732,1
X150,3954,1.552210479,1
X150,3966,-0.900790058,1
X150,4017,3.51516917,1
X150,4029,1.813259037,1
X150,4052,0.526207733,1
X150,4110,1.741500351,1
X150,4200,1.298879912,1
X151,3,0.279763628,0
X151,12,-0.683020872,0
X151,113,1.946496117,0
X151,162,-0.143589052,0
X151,183,-1.403021285,0
X151,192,-2.132920408,0
X151,207,0.201151452,0
X151,216,0.072733872,0
X151,268,2.167372072,0
X151,308,0.511130216,0
X151,485,0.77778222,0
X151,503,-0.43540956,0
X151,511,2.565344114,0
X151,543,-1.654087639,0
X151,549,0.387449595,0
X151,624,-0.389034288,0
X151,669,-0.382030342,0
X151,758,1.076983985,0
X151,782,2.449894742,0
X151,823,0.501360241,0
X151,865,-1.048065121,0
X151,879,0.0357191,0
X151,893,-0.870328486,0
X151,914,0.820534628,0
X151,1008,2.279957664,0
X151,1037,0.637766871,0
X151,1087,1.952247666,0
X151,1088,-1.122586413,0
X151,1089,-0.933456902,0
X151,1094,-2.939183548,0
X151,1100,-1.419012887,0
X151,1129,1.063611163,0
X151,1248,1.447562555,0
X151,1268,-0.799136354,0
X151,1284,1.370195559,0
X151,1421,0.482512143,0
X151,1467,1.491332272,0
X151,1492,-1.049486317,0
X151,1709,-0.632201516,0
X151,1711,-0.026347167,0
X151,1717,-0.14972625,0
X151,1733,-0.920870936,0
X151,1840,-0.809426891,0
X151,1852,0.341731971,0
X151,1900,-1.385939751,0
X151,1937,-0.745972135,0
X151,2028,1.006933215,1
X151,2160,-0.566039305,0
X151,2234,0.755543057,0
X151,2241,3.582453805,1
X151,2287,1.547303525,0
X151,2402,2.080597078,0
X151,2407,-1.760459071,0
X151,2434,0.063953948,0
X151,2483,0.010984644,0
X151,2496,0.530648008,0
X151,2613,0.390313564,1
X151,2622,0.587326003,0
X151,2624,-0.899107935,0
X151,2679,1.340195251,0
X151,2693,-0.919929707,0
X151,2763,0.061098444,0
X151,2771,-2.0429012,0
X151,2783,-0.394767594,0
X151,2818,-0.233405618,1
X151,2832,-0.826739934,0
X151,2848,-0.157804487,0
X151,2879,-0.766764876,0
X151,2962,0.063371846,0
X151,3027,0.677652125,1
X151,3069,0.980712808,0
X151,3073,1.498580733,0
X151,3220,-0.655436132,0
X151,3233,0.92580485,0
X151,3250,-1.414935428,0
X151,3328,-2.870886154,0
X151,3345,-0.199601269,0
X151,3390,-0.547082803,0
X151,3539,-0.669694215,0
X151,3552,-0.695829026,0
X151,3670,-0.227442555,0
X151,3691,2.495317291,0
X151,3710,1.090516896,0
X151,3756,-0.105488195,0
X151,3792,-1.634021919,0
X151,3819,-0.165190911,0
X151,3844,-1.497035353,0
X151,3849,0.969612212,0
X151,3867,-0.711513817,0
X151,3881,2.02343073,0
X151,3917,1.054617248,0
X151,3966,1.55670266,0
X151,4005,-0.576342513,0
X151,4021,1.055037931,0
X151,4027,0.732946984,0
X151,4053,1.107092077,0
X151,4132,-1.131465974,0
X151,4156,1.790185847,0
X151,4159,0.492725117,0
X151,4168,-1.709748878,0
X152,36,0.057551899,0
X152,183,-1.256634434,0
X152,192,-0.447649415,0
X152,268,0.807296856,0
X152,274,-0.183631719,0
X152,343,1.281970829,0
X152,419,-0.119672502,0
X152,431,-0.574226022,0
X152,485,0.455363307,0
X152,503,1.27212021,0
X152,561,0.858058313,0
X152,567,0.203153349,0
X152,573,1.075414158,0
X152,575,0.139985932,0
X152,669,0.055834368,0
X152,875,-0.93594164,0
X152,893,-1.298748656,0
X152,943,-0.043290267,0
X152,986,0.925668104,0
X152,996,0.43611909,0
X152,1010,0.399621815,0
X152,1096,-0.254185445,0
X152,1103,-0.870926953,0
X152,1138,-1.028406141,0
X152,1141,0.644944144,0
X152,1151,0.792431913,0
X152,1239,-0.588551273,0
X152,1248,-0.063247651,0
X152,1291,0.748483795,0
X152,1295,0.676749565,0
X152,1329,0.643561107,0
X152,1332,-0.031771792,0
X152,1392,0.757395957,0
X152,1419,-0.19665718,0
X152,1472,0.396572175,0
X152,1552,0.618136036,0
X152,1565,-0.351058711,0
X152,1581,0.622274073,0
X152,1600,0.35858273,0
X152,1647,0.440308631,0
X152,1680,-0.110403338,0
X152,1717,empty,0
X152,1725,1.247102945,0
X152,1733,-0.020426899,0
X152,1824,1.527872283,0
X152,1944,-0.486499679,0
X152,1994,0.26936804,0
X152,2008,-1.512978823,0
X152,2027,0.529122077,0
X152,2104,-0.661238563,0
X152,2241,-0.647057154,0
X152,2305,-0.031834672,0
X152,2309,0.198227043,0
X152,2332,-0.259649877,0
X152,2445,-0.708496531,0
X152,2499,-0.374460387,0
X152,2562,1.239173399,0
X152,2624,0.015705533,0
X152,2673,-0.875793691,0
X152,2679,0.101591359,0
X152,2691,0.451705006,0
X152,2696,-1.12558115,0
X152,2815,-0.036867634,0
X152,2843,0.474713109,0
X152,2876,-0.23916817,0
X152,2915,-0.474114147,0
X152,2966,0.295683147,0
X152,2969,-0.582977763,0
X152,2990,0.219631292,0
X152,3027,-0.354346308,0
X152,3064,-0.071217124,0
X152,3094,1.100753179,0
X152,3162,0.474193911,0
X152,3226,0.757520178,0
X152,3233,-0.583682614,0
X152,3250,0.429339647,0
X152,3292,-1.556673594,0
X152,3328,1.398519214,0
X152,3340,0.089685431,0
X152,3440,1.222409487,0
X152,3476,1.368241122,0
X152,3529,-1.357485119,0
X152,3547,-1.017368366,0
X152,3630,-0.494039034,0
X152,3638,-0.002340828,0
X152,3642,0.201441291,0
X152,3677,2.009192283,0
X152,3696,-0.128239289,0
X152,3801,-0.856219476,0
X152,3819,-0.218597182,0
X152,3966,0.987977173,0
X152,3973,0.185754438,0
X152,4002,0.659140818,0
X152,4095,0.036540289,0
X152,4119,-0.574174202,0
X152,4126,-0.422738947,0
X152,4184,1.515741305,0
X152,4185,0.373045538,0
X153,73,-0.095194771,0
X153,191,0.029273156,0
X153,211,-0.118681308,0
X153,216,-0.16876643,0
X153,222,0.076465778,0
X153,256,-0.052766468,0
X153,386,0.189894204,0
X153,393,0.046792294,0
X153,410,-0.066102032,0
X153,486,0.01145973,0
X153,543,-0.132209461,0
X153,549,0.068394809,0
X153,560,-0.201949953,0
X153,575,0.026270651,0
X153,613,-0.09781806,0
X153,622,0.053327694,0
X153,630,empty,0
X153,631,0.101780444,0
X153,634,0.069699554,0
X153,878,0.120702368,0
X153,879,0.011841934,0
X153,888,-0.047128165,0
X153,971,0.124120245,0
X153,986,-0.026629102,0
X153,989,-0.401299172,0
X153,1064,0.044317987,0
X153,1088,0.029363017,0
X153,1094,-0.007710728,0
X153,1224,-0.053737676,0
X153,1239,-0.004907554,0
X153,1268,0.154265873,0
X153,1389,-0.175316583,0
X153,1400,0.031847871,0
X153,1426,0.015028908,0
X153,1441,0.101301828,0
X153,1492,0.0978418,0
X153,1512,0.03731715,0
X153,1517,0.080886385,0
X153,1565,-0.115417346,0
X153,1580,-0.085270799,0
X153,1592,-0.046812836,0
X153,1600,-0.003078813,0
X153,1635,-0.005008388,0
X153,1647,-0.147157307,0
X153,1654,0.086029731,0
X153,1655,-0.030591436,0
X153,1671,0.025383841,0
X153,1708,-0.191123511,0
X153,1812,-0.005537819,0
X153,1894,-0.004841055,0
X153,1993,-0.024319855,0
X153,2028,0.008734175,0
X153,2127,0.037499221,0
X153,2137,-0.011339289,0
X153,2241,0.017005983,0
X153,2287,-0.116575967,0
X153,2290,-0.021556085,0
X153,2421,0.060994359,0
X153,2445,0.323858301,0
X153,2481,-0.098850406,0
X153,2601,-0.0242856,0
X153,2622,0.313726381,0
X153,2648,0.090769837,0
X153,2691,0.050940523,0
X153,2693,-0.100806777,0
X153,2708,-0.057747663,0
X153,2719,-0.033053319,0
X153,2771,-0.053263546,0
X153,2783,-0.030229646,0
X153,2816,-0.122850421,0
X153,2843,0.065724325,0
X153,2879,0.049200444,0
X153,2939,-0.030270547,0
X153,2972,-0.042227447,0
X153,2982,-0.10907927,0
X153,3088,-0.152386537,0
X153,3103,0.054554913,0
X153,3121,0.027589168,0
X153,3162,0.180632041,0
X153,3179,0.134362444,0
X153,3226,0.070496361,0
X153,3233,0.070283196,0
X153,3280,-0.022801745,0
X153,3343,0.051206867,0
X153,3345,0.05502237,0
X153,3349,-0.058242062,0
X153,3460,-0.084467285,0
X153,3495,-0.037403194,0
X153,3511,0.036678883,0
X153,3552,-0.19499988,0
X153,3723,-0.085373945,0
X153,3795,-0.114513796,0
X153,3805,-0.027158111,0
X153,3867,-0.012145166,0
X153,3877,-0.1246551,0
X153,3881,-0.033621055,0
X153,3895,0.233034641,0
X153,3905,0.016086461,0
X153,3966,-0.064057178,0
X153,4021,-0.059546075,0
X153,4053,-0.128871764,0
X153,4184,-0.10337177,0
X153,4200,0.279220474,0
X154,11,0.672038876,1
X154,58,0.384131337,0
X154,73,-0.822373191,0
X154,127,4.0856001,0
X154,162,-1.530967304,0
X154,191,-0.345211462,0
X154,214,1.284692018,0
X154,247,1.675240278,0
X154,268,-1.593399695,0
X154,283,0.919204091,0
X154,294,-0.052340658,0
X154,308,-0.008239018,1
X154,343,0.079283626,0
X154,360,0.239107428,0
X154,413,2.366097612,0
X154,486,0.772582657,0
X154,511,-0.820308886,0
X154,525,0.274963207,1
X154,561,-2.473329541,0
X154,567,-1.450177623,0
X154,613,-1.298073338,0
X154,624,-1.579102006,0
X154,649,-0.280028466,0
X154,669,-1.944055798,0
X154,836,-1.622069013,0
X154,893,4.443885305,1
X154,897,-2.880372469,0
X154,912,-0.462431139,0
X154,971,1.680369953,1
X154,978,-2.727476901,0
X154,1010,0.088048136,0
X154,1087,-1.056631302,0
X154,1119,1.617198609,0
X154,1151,3.787181722,0
X154,1284,empty,0
X154,1302,-0.379884612,0
X154,1329,0.26556987,0
X154,1598,0.530747246,0
X154,1654,2.32011815,0
X154,1655,1.16404812,1
X154,1717,-3.594858083,0
X154,1775,1.358998248,0
X154,1829,2.715826841,0
X154,1844,-0.478502481,0
X154,1879,0.460476662,0
X154,1891,2.319249148,0
X154,1997,-1.488599784,0
X154,2008,-3.781811157,0
X154,2127,-0.891369941,0
X154,2160,-1.055252268,0
X154,2242,-1.893289052,0
X154,2276,0.36455475,0
X154,2536,-0.219295028,0
X154,2551,-0.069900592,0
X154,2562,0.751808891,0
X154,2636,1.504268706,0
X154,2638,1.944584375,0
X154,2677,0.384688102,0
X154,2679,0.762040318,0
X154,2696,-0.8360551,0
X154,2706,0.612587917,0
X154,2771,-0.905589015,1
X154,2843,1.24994961,0
X154,2893,-1.216901288,0
X154,2939,-0.106552961,0
X154,2966,-0.316352065,0
X154,3094,1.959660886,1
X154,3220,-0.613058954,0
X154,3360,1.780149942,0
X154,3371,-1.582091001,0
X154,3440,-2.466005811,0
X154,3482,0.490221137,1
X154,3495,2.2924854,1
X154,3540,-3.429818576,0
X154,3552,-0.417982896,1
X154,3572,-0.358454682,0
X154,3642,0.38695529,0
X154,3746,-1.915922354,0
X154,3819,-0.112391431,0
X154,3849,-0.591730948,0
X154,3877,-0.832011224,0
X154,3966,0.574140479,0
X154,3968,-2.990877551,0
X154,4001,1.722805872,1
X154,4021,1.812629363,0
X154,4168,1.486753613,1
X154,4184,0.11493327,0
X154,4185,-1.413132094,0
X154,4200,-0.224666154,0
X154,4204,-0.915793221,0
X155,58,0.785985496,0
X155,113,-2.10900716,0
X155,162,1.0170586,0
X155,170,0.272085482,0
X155,199,-1.240241792,0
X155,207,-2.079931377,0
X155,214,7.83e-05,0
X155,216,-0.087499459,0
X155,222,-0.903052176,0
X155,401,1.64387999,0
X155,449,0.461585578,0
X155,485,-0.713663274,0
X155,511,-0.125831063,0
X155,530,2.44696023,1
X155,536,1.324358305,0
X155,613,0.150776384,1
X155,657,-0.392211825,0
X155,689,1.409243656,0
X155,712,-1.402320217,0
X155,758,0.428284663,0
X155,817,-0.299435036,0
X155,888,1.497575488,0
X155,971,0.390129461,0
X155,1088,0.67190698,1
X155,1096,1.983540607,1
X155,1129,empty,0
X155,1138,0.419902201,1
X155,1183,0.341512384,0
X155,1248,0.513395526,0
X155,1268,2.890860286,0
X155,1278,0.790963719,0
X155,1323,1.687689697,0
X155,1329,1.226802972,0
X155,1359,3.142730932,0
X155,1375,-0.843567483,0
X155,1389,0.038616736,0
X155,1436,1.066972505,0
X155,1472,1.316734143,0
X155,1525,0.24209611,0
X155,1552,-0.210934449,0
X155,1565,1.239241518,0
X155,1580,-0.321356776,1
X155,1598,0.961135807,0
X155,1600,-0.018442452,0
X155,1647,0.618094464,0
X155,1654,0.179567314,0
X155,1700,-0.225146115,0
X155,1709,-0.910917565,0
X155,1881,-0.173663713,0
X155,1900,0.836092126,0
X155,1943,-0.832302204,0
X155,1999,-0.224780718,0
X155,2027,2.406280468,0
X155,2028,-0.693155345,0
X155,2110,0.010130277,0
X155,2116,-0.088205758,0
X155,2137,-1.124693311,0
X155,2198,-1.640213918,0
X155,2290,0.42187687,0
X155,2305,0.299544919,0
X155,2333,-0.291459427,0
X155,2466,1.868358914,0
X155,2481,0.589377482,0
X155,2496,1.303715517,0
X155,2561,0.010923293,0
X155,2601,-0.535558705,1
X155,2614,-0.477345793,0
X155,2638,-0.486406271,0
X155,2677,0.26068866,0
X155,2784,-1.278473672,0
X155,2818,2.544288956,1
X155,2870,-1.022637297,0
X155,2884,0.876900086,0
X155,2887,0.918673976,0
X155,2893,1.025569162,0
X155,2915,2.304932451,0
X155,2939,0.736713076,0
X155,2952,-0.591051987,0
X155,2968,-0.573985239,0
X155,3088,-0.654597626,0
X155,3094,1.756070034,0
X155,3121,-1.034866349,0
X155,3162,2.005019534,0
X155,3179,-0.30638604,0
X155,3220,-1.186730539,0
X155,3349,0.329896756,0
X155,3371,0.616195397,0
X155,3476,-1.551319855,0
X155,3529,0.559258236,0
X155,3540,-0.351569527,0
X155,3552,-0.297301617,0
X155,3612,-0.573017705,0
X155,3631,0.624909817,0
X155,3638,0.33766316,1
X155,3696,0.278962845,0
X155,3772,0.994639595,0
X155,3781,-0.580850402,0
X155,3917,-1.485281788,0
X155,3940,0.979993378,0
X155,3966,-0.103119189,0
X155,4004,0.218789399,0
X155,4005,-0.46294361,0
X155,4041,0.125342141,0
X155,4095,-0.341579503,0
X155,4113,0.009799183,0
X155,4121,0.488654294,0
X155,4142,1.046952992,0
X155,4148,-0.410943495,0
X155,4156,-0.024337911,1
X155,4185,-1.195441306,0
X156,11,-0.2896283,1
X156,113,1.988280965,1
X156,127,-0.247126819,1
X156,156,-1.211866284,1
X156,170,2.053157055,1
X156,183,2.583264538,1
X156,199,1.938914548,1
X156,207,1.547918524,1
X156,214,1.302389764,1
X156,222,-0.873267634,0
X156,274,1.610368233,1
X156,294,1.147117357,1
X156,413,1.018523879,1
X156,449,3.361836607,1
X156,483,-2.598333143,0
X156,543,-1.18401204,1
X156,567,-0.178516777,1
X156,616,-2.098012131,1
X156,663,0.912188764,1
X156,690,-0.359590068,0
X156,769,0.831860736,0
X156,836,1.563494243,1
X156,855,-0.299708916,0
X156,875,1.811588305,0
X156,888,-2.352778613,1
X156,1008,-0.400918815,1
X156,1021,-1.714194114,0
X156,1061,-0.794417349,1
X156,1089,2.85817935,1
X156,1096,1.130233819,0
X156,1100,-0.53184037,1
X156,1151,0.573228007,1
X156,1154,3.038407376,1
X156,1178,5.006918759,1
X156,1278,3.289358277,1
X156,1285,2.67881292,1
X156,1291,-3.710877058,0
X156,1323,5.125923414,1
X156,1419,3.93345828,1
X156,1485,4.684344063,1
X156,1530,1.806465358,1
X156,1552,-0.561922843,0
X156,1647,3.521207495,1
X156,1655,4.841279491,1
X156,1671,2.100639339,1
X156,1691,0.929134782,1
X156,1693,-2.205149167,0
X156,1717,2.330255497,1
X156,1733,4.108505686,0
X156,1810,2.997720525,1
X156,1826,3.349944377,1
X156,1829,1.285997959,1
X156,1866,4.052875878,1
X156,1937,0.716976735,1
X156,1938,1.015048587,1
X156,1973,-2.716121726,0
X156,1990,0.241615558,1
X156,1993,-1.232097408,1
X156,1999,0.298862419,1
X156,2027,1.180494686,1
X156,2137,0.719675983,0
X156,2234,-2.363516845,0
X156,2287,0.126142716,0
X156,2305,0.338627291,1
X156,2333,-0.28195164,1
X156,2368,-1.508828451,0
X156,2467,-0.240514548,0
X156,2496,1.875060728,1
X156,2638,4.598856322,1
X156,2648,2.644645398,1
X156,2706,1.281681948,1
X156,2763,1.625606156,0
X156,2771,1.978992329,1
X156,2775,0.048022273,1
X156,2816,3.602409,1
X156,2817,2.247060736,1
X156,2849,3.406692326,0
X156,2888,2.91618069,1
X156,2899,-1.272587259,1
X156,2953,-0.786073637,1
X156,2966,1.095088612,0
X156,3064,-1.846252492,1
X156,3073,1.351393306,1
X156,3162,2.346769857,1
X156,3179,0.559304828,1
X156,3226,1.257411853,1
X156,3252,0.236672535,1
X156,3465,1.380578296,1
X156,3552,1.192081716,1
X156,3571,0.666357551,1
X156,3642,2.891878232,1
X156,3792,3.114428207,1
X156,3805,0.339358225,0
X156,3905,-1.11150512,1
X156,3911,1.737904114,0
X156,3964,0.389615248,1
X156,3973,0.82689652,1
X156,4001,3.213264162,1
X156,4027,-3.001286908,1
X156,4087,0.598109373,1
X156,4095,-0.610474056,1
X156,4113,-3.368138728,1
X156,4148,0.013527042,0
X157,12,0.006102394,0
X157,58,3.036527771,0
X157,211,-0.134862146,0
X157,216,0.35842288,0
X157,284,-2.274443608,0
X157,294,-2.949866052,0
X157,413,1.869167508,0
X157,431,-2.431751842,0
X157,449,2.165721286,0
X157,483,2.757467149,1
X157,536,-0.264938249,0
X157,669,-1.138287112,0
X157,687,1.491999224,0
X157,689,0.575080951,0
X157,855,1.923615534,1
X157,949,5.309382658,0
X157,986,-2.636144834,0
X157,989,-3.635460181,0
X157,1087,-1.737342301,0
X157,1100,-1.728306207,0
X157,1106,2.647316083,1
X157,1119,0.871482473,0
X157,1129,0.257018727,1
X157,1187,-0.01685165,1
X157,1278,0.03672217,0
X157,1300,-2.624628064,0
X157,1323,0.556302097,0
X157,1329,0.766016645,0
X157,1332,-0.062308607,0
X157,1389,empty,1
X157,1441,3.111796972,0
X157,1450,-1.163209045,1
X157,1467,3.52991014,1
X157,1517,0.552158958,0
X157,1654,0.3439027,0
X157,1691,0.212991595,0
X157,1711,0.84471961,0
X157,1733,1.588827582,1
X157,1834,1.010535434,0
X157,1881,-0.783503064,0
X157,1891,-1.040300276,1
X157,2082,1.485091728,1
X157,2108,-1.190318696,0
X157,2127,1.304683532,0
X157,2198,empty,0
X157,2234,1.011872696,1
X157,2333,0.978515826,0
X157,2445,1.133689431,0
X157,2636,2.770527603,0
X157,2638,1.984259126,0
X157,2648,1.055851344,0
X157,2666,-3.681392774,0
X157,2706,0.734373284,0
X157,2708,1.413969909,0
X157,2775,-0.474913589,0
X157,2784,1.870764995,1
X157,2816,-0.32269583,0
X157,2817,-1.867094322,0
X157,2843,-1.856954495,0
X157,2888,-1.087066178,0
X157,2915,0.285500483,0
X157,2952,2.827729271,1
X157,2968,-0.912304229,0
X157,2969,2.435845715,0
X157,2990,-0.368390507,0
X157,3064,1.891951159,0
X157,3073,1.284048445,0
X157,3179,0.970147773,0
X157,3233,0.693530654,0
X157,3241,2.134284222,1
X157,3390,0.221208254,0
X157,3433,-1.744410728,0
X157,3529,0.939025755,0
X157,3571,1.757068303,0
X157,3632,-0.053310152,0
X157,3662,-2.947946696,0
X157,3677,3.629240209,1
X157,3710,0.876340083,0
X157,3756,1.925591053,1
X157,3795,-0.316135352,1
X157,3801,-1.137780776,1
X157,3824,-1.255220794,0
X157,4004,2.341766143,1
X157,4029,-1.349694798,0
X157,4200,3.162251566,1
X157,4204,-1.627437472,1
X158,170,0.835269684,0
X158,183,-0.054831903,1
X158,256,-3.160878057,0
X158,284,-0.893979643,0
X158,360,-0.217503828,0
X158,386,1.647905169,0
X158,414,1.148566561,0
X158,511,-0.191293811,1
X158,536,-0.726009093,0
X158,560,0.02727782,0
X158,624,-2.008770089,0
X158,669,2.910027721,0
X158,690,-0.20429101,1
X158,712,-2.395447396,0
X158,769,-0.903452939,0
X158,817,-0.332659459,0
X158,836,-0.820238334,0
X158,851,-0.635951833,1
X158,943,-0.713209646,0
X158,953,-2.784364146,0
X158,954,-0.569750405,0
X158,1061,1.6945462,0
X158,1087,4.016330387,1
X158,1106,1.182990595,0
X158,1108,-0.027269473,0
X158,1119,2.540964646,1
X158,1129,2.168452501,0
X158,1183,-1.20034477,0
X158,1239,-0.585541971,1
X158,1284,2.370703057,0
X158,1285,-0.555177612,0
X158,1400,-0.839143108,0
X158,1436,2.886455922,1
X158,1441,0.588957809,1
X158,1447,0.915250862,0
X158,1524,1.749856936,1
X158,1525,-0.13305546,0
X158,1565,2.965854172,0
X158,1671,-0.083373357,0
X158,1690,3.63119298,0
X158,1693,0.7729821,0
X158,1700,0.435710271,0
X158,1717,-0.539176086,0
X158,1729,1.566787633,0
X158,1733,-0.084462306,0
X158,1775,1.428275295,0
X158,1866,-0.906583046,0
X158,1881,1.002748553,0
X158,1894,-0.182497054,0
X158,1992,-4.514901012,0
X158,1997,-0.30186464,1
X158,2027,0.091051039,0
X158,2277,1.633930696,0
X158,2287,1.748490095,1
X158,2290,1.069970586,0
X158,2576,-2.453328041,0
X158,2613,1.967338798,0
X158,2614,0.022472163,0
X158,2638,-2.263779591,0
X158,2673,1.795646481,0
X158,2679,0.409746477,0
X158,2691,0.310759184,0
X158,2696,0.673407456,0
X158,2771,0.313992292,1
X158,2876,-1.825430651,0
X158,2893,-1.619004062,0
X158,2899,-1.346371279,0
X158,2962,1.297444932,0
X158,2966,-0.854889351,1
X158,3064,3.427814539,1
X158,3088,1.955137176,1
X158,3099,0.470369048,0
X158,3147,-1.291294854,0
X158,3201,1.957169624,0
X158,3202,1.6400734,1
X158,3241,0.279334254,1
X158,3252,-0.040712813,0
X158,3280,-0.438334297,0
X158,3328,0.686346542,0
X158,3345,-0.512031862,0
X158,3396,-0.999666981,0
X158,3436,-1.37530652,1
X158,3460,-0.355546291,0
X158,3482,-0.320836202,0
X158,3571,-2.085973985,0
X158,3612,2.782885967,1
X158,3635,-0.193859999,0
X158,3747,3.107444067,0
X158,3801,-0.821214101,0
X158,3805,0.22589923,0
X158,3881,1.254404136,0
X158,3917,1.601670273,1
X158,4001,2.166987635,0
X158,4002,1.213891368,0
X158,4003,-1.15181455,0
X158,4052,1.235764097,1
X158,4087,1.320198303,0
X158,4132,0.331067151,0
X158,4200,-0.915435663,0
X159,11,0.358809448,0
X159,43,-0.098507543,0
X159,73,-0.290458719,0
X159,107,0.151525798,0
X159,192,0.378825597,0
X159,386,-0.321028766,0
X159,401,1.178220297,1
X159,410,0.419064376,0
X159,419,-0.737071381,0
X159,575,0.758190958,0
X159,649,0.36052165,0
X159,657,1.099715714,0
X159,663,-0.44943755,0
X159,817,-0.347558458,0
X159,823,0.124196763,0
X159,912,-0.034549903,0
X159,953,-0.313695153,0
X159,971,-0.462265277,0
X159,992,0.157393405,0
X159,1010,-0.241622629,0
X159,1037,-0.514131334,0
X159,1088,0.243616019,0
X159,1094,0.343874953,0
X159,1129,0.432588414,0
X159,1138,-0.250238159,0
X159,1183,0.9462753,0
X159,1285,0.260763838,0
X159,1300,0.347303955,0
X159,1323,-0.714911952,0
X159,1332,-0.15312853,0
X159,1359,-0.170360145,0
X159,1375,0.060216814,0
X159,1392,0.498721218,0
X159,1436,-0.5098671,0
X159,1467,0.950828453,0
X159,1530,0.119506377,0
X159,1671,-0.185197998,0
X159,1700,0.298813724,0
X159,1711,0.31724882,0
X159,1725,-0.843952591,0
X159,1814,0.527827239,0
X159,1834,-0.48184958,0
X159,1840,-0.103869754,0
X159,1844,-0.761153248,0
X159,1898,0.321303777,0
X159,1938,0.119748558,0
X159,1945,0.255979617,0
X159,1993,0.62377895,0
X159,1999,0.089625327,0
X159,2008,-0.072851305,0
X159,2110,-0.196417206,0
X159,2135,-0.427126095,0
X159,2188,0.148507956,0
X159,2221,-1.481570945,0
X159,2358,-0.374592101,0
X159,2368,0.403758188,0
X159,2445,0.195779928,0
X159,2466,0.442910575,0
X159,2483,-0.101127812,0
X159,2494,0.233779732,0
X159,2708,0.94925597,0
X159,2783,-0.450158942,0
X159,2784,-0.919745983,0
X159,2817,-0.374390048,0
X159,2832,-0.621020043,0
X159,2843,1.144655679,0
X159,2870,0.714576763,0
X159,2884,-0.576556973,0
X159,2952,0.793875982,1
X159,2966,0.334142284,0
X159,2968,-0.910546661,0
X159,3064,0.374832331,0
X159,3147,-0.320048648,0
X159,3190,1.413199768,0
X159,3220,0.236006987,0
X159,3371,0.245941251,0
X159,3436,-0.29383364,0
X159,3482,-0.332307955,0
X159,3496,-0.538568925,0
X159,3544,0.273972757,0
X159,3546,0.504950089,0
X159,3557,-0.604472911,0
X159,3638,0.158297138,0
X159,3696,-0.412080053,0
X159,3710,-0.426317034,0
X159,3746,0.683263595,0
X159,3772,0.152469065,0
X159,3781,0.067566748,0
X159,3792,-0.949429453,0
X159,3805,-0.459779642,0
X159,3819,-0.10574774,0
X159,4002,0.331265761,0
X159,4041,0.114380525,0
X159,4095,0.628979185,0
X159,4110,0.602481294,0
X159,4113,-0.266753637,0
X159,4121,0.096132065,0
X159,4164,-0.522491146,0
X159,4184,0.529920715,0
X159,4204,-0.317436442,0
X160,58,-0.085510737,0
X160,107,0.015450015,0
X160,113,0.127788871,0
X160,214,0.238409851,0
X160,256,0.105794207,0
X160,287,-0.112747085,0
X160,294,-0.153616752,0
X160,360,-0.005364689,0
X160,375,0.08635492,0
X160,386,0.206689924,0
X160,393,0.144405598,0
X160,414,0.108916567,0
X160,449,-0.118061903,0
X160,485,-0.069715572,0
X160,503,0.055636309,0
X160,511,0.20612842,0
X160,530,0.024077905,0
X160,622,0.131773535,0
X160,630,-0.158518525,0
X160,663,-0.053959551,0
X160,669,0.158497555,0
X160,675,0.045727722,0
X160,817,-0.057672541,0
X160,836,0.045387118,0
X160,865,0.025906758,0
X160,875,0.127271944,0
X160,876,-0.100545577,0
X160,893,-0.155841243,0
X160,943,-0.028715591,0
X160,959,0.052333199,0
X160,978,0.16447777,0
X160,989,-0.019346728,0
X160,1087,0.116303126,0
X160,1094,-0.264630836,0
X160,1096,0.117497037,0
X160,1129,-0.04312528,0
X160,1183,-0.101351635,0
X160,1187,-0.068072422,0
X160,1375,-0.096137131,0
X160,1392,0.005981154,0
X160,1436,-0.157658236,0
X160,1441,-0.133010194,0
X160,1483,-0.32859741,0
X160,1495,-0.025451221,0
X160,1517,0.062167771,0
X160,1592,-0.043898524,0
X160,1600,-0.009984444,0
X160,1700,-0.309332235,0
X160,1709,-0.315704531,0
X160,1711,0.096956352,0
X160,1746,-0.234673546,0
X160,1810,0.060643737,0
X160,1824,-0.091416613,0
X160,1852,0.099833072,0
X160,1879,0.010446687,0
X160,1886,-0.015126281,0
X160,1891,0.156754861,0
X160,1938,0.099640247,0
X160,1944,-0.06409478,0
X160,1952,0.052347052,0
X160,1990,-0.0869242,0
X160,1991,-0.091395431,0
X160,2027,0.056022053,0
X160,2082,-0.031322446,0
X160,2104,-0.056625341,0
X160,2116,-0.05035326,0
X160,2127,0.133955721,0
X160,2137,0.058573904,0
X160,2305,-0.224797853,0
X160,2402,-0.022334652,0
X160,2407,-0.023384293,0
X160,2421,0.166939954,0
X160,2467,0.028044261,0
X160,2499,0.062456499,0
X160,2648,0.093901635,0
X160,2693,-0.213102633,0
X160,2771,0.088011331,0
X160,2815,0.181554716,0
X160,2816,0.058157575,0
X160,2849,-0.24068365,0
X160,2899,-0.146002769,0
X160,2966,-0.002521247,0
X160,2969,0.201909223,0
X160,2992,-0.236834762,0
X160,3027,-0.020462265,0
X160,3069,0.043492219,0
X160,3088,-0.045357042,0
X160,3201,0.029895525,0
X160,3250,-0.01909534,0
X160,3349,0.022836573,0
X160,3375,-0.110671565,0
X160,3385,0.12034078,0
X160,3434,-0.239602114,0
X160,3465,0.096358311,0
X160,3496,-0.09222756,0
X160,3512,0.220021977,0
X160,3557,-0.113585661,0
X160,3631,0.06977847,0
X160,3723,-0.047522357,0
X160,3756,empty,0
X160,3780,0.193737229,0
X160,3783,0.00045303,0
X160,3867,-0.077228117,0
X160,3918,-0.024668308,0
X160,3928,-0.029395023,0
X160,4001,-0.055792337,0
X160,4017,-0.128229038,0
X160,4039,-0.315952385,0
X160,4121,0.031289448,0
X160,4132,0.017752049,0
X160,4185,0.183557538,0
X160,4201,0.12317533,0
X161,162,1.936491915,1
X161,183,0.583941381,0
X161,199,2.515748406,0
X161,256,-0.141912511,1
X161,283,0.384023274,0
X161,413,-1.74540508,1
X161,483,-0.365092742,0
X161,485,0.03454909,0
X161,561,2.071115539,1
X161,634,0.562330317,1
X161,657,0.654851294,0
X161,675,1.202041157,0
X161,758,-1.075153607,0
X161,807,-1.350268796,0
X161,855,-3.623160689,0
X161,879,1.252911393,0
X161,897,-0.769467063,0
X161,949,0.791687985,0
X161,953,3.097029373,1
X161,971,-2.131369828,0
X161,989,-0.554375354,0
X161,1089,3.724167999,0
X161,1106,2.552781431,0
X161,1108,-0.769263648,0
X161,1119,0.289963407,0
X161,1183,1.26305212,0
X161,1228,2.382062231,0
X161,1268,0.770267335,0
X161,1332,1.220465334,0
X161,1374,0.832944459,0
X161,1375,-1.144792547,0
X161,1426,-2.354529564,0
X161,1447,-4.276798695,0
X161,1495,1.537720146,1
X161,1524,0.61376467,0
X161,1586,-2.863982282,0
X161,1592,0.934742485,0
X161,1598,-0.890259631,0
X161,1690,-0.549445996,0
X161,1700,0.286738105,1
X161,1709,0.092931733,1
X161,1814,1.014425169,0
X161,1829,0.062592631,0
X161,1840,1.282723488,1
X161,1844,0.705441545,0
X161,1879,empty,0
X161,1937,0.968938285,1
X161,1938,0.755270599,0
X161,1952,0.520725752,1
X161,1973,-0.488815712,0
X161,1991,4.079617486,0
X161,1994,-0.478937335,0
X161,1997,0.453052676,0
X161,2036,-2.525330608,0
X161,2044,-3.171593024,0
X161,2104,-2.809146271,1
X161,2110,0.849921878,0
X161,2116,-1.471602067,0
X161,2127,0.61391185,0
X161,2160,0.094668272,0
X161,2241,0.982533779,0
X161,2245,1.444491779,1
X161,2290,0.629022898,0
X161,2333,-0.267584379,0
X161,2402,-2.108786452,0
X161,2434,2.7151474,0
X161,2452,-0.597412701,0
X161,2467,0.1871327,0
X161,2576,-0.49248228,0
X161,2622,-0.93977558,0
X161,2638,1.02533318,0
X161,2648,empty,1
X161,2666,0.179517629,0
X161,2719,-0.292814855,0
X161,2771,0.326186812,0
X161,2815,2.181351517,0
X161,2893,1.167306721,0
X161,2915,1.004318534,0
X161,2968,-2.831428965,0
X161,3017,0.335382523,1
X161,3099,-3.165550253,0
X161,3121,3.177787795,0
X161,3179,-0.666735058,1
X161,3220,0.963883606,0
X161,3241,1.92490771,0
X161,3292,-0.561324395,0
X161,3371,0.548775476,0
X161,3385,0.8762952,0
X161,3434,-0.485407591,0
X161,3465,-0.419783146,0
X161,3476,0.527407382,0
X161,3496,2.287690892,0
X161,3552,-0.005895972,0
X161,3557,-1.565530094,0
X161,3572,-1.284680774,0
X161,3631,-1.519586544,0
X161,3705,-0.670636659,0
X161,3727,3.357991128,0
X161,3791,-0.507461272,0
X161,3792,-0.823731613,0
X161,3881,0.499719107,0
X161,3940,0.683959405,0
X161,3954,2.000761269,0
X161,3964,-0.091025783,0
X161,3966,-2.56091694,0
X161,4001,1.944571575,0
X161,4003,1.441179562,0
X161,4004,1.471773278,0
X161,4005,-0.904631685,0
X161,4021,-0.299317619,0
X161,4052,-0.334674584,0
X161,4113,0.753153753,0
X161,4119,-1.177931576,0
X162,3,1.382134856,1
X162,11,0.002540671,0
X162,73,1.526491796,0
X162,113,-0.957395322,0
X162,156,-0.949641177,0
X162,214,-0.204769914,0
X162,229,0.025477468,0
X162,247,-0.272485055,0
X162,284,1.114331335,0
X162,294,1.066843303,0
X162,414,0.325043357,0
X162,449,-0.249549204,0
X162,549,0.421855649,0
X162,575,-0.292429019,0
X162,613,0.419070191,0
X162,617,-1.000003292,0
X162,634,0.476390205,0
X162,649,1.476005822,0
X162,657,1.064119025,0
X162,675,0.868485319,0
X162,769,0.455352264,0
X162,782,-0.48743532,0
X162,851,0.792034222,1
X162,855,-0.557091386,0
X162,893,-1.543257221,0
X162,897,-0.587688566,0
X162,912,0.351501238,0
X162,954,-0.159431136,0
X162,986,0.412183075,0
X162,989,0.820212249,0
X162,1108,0.325545706,0
X162,1141,0.234592626,0
X162,1154,0.234132229,0
X162,1183,1.308704306,0
X162,1239,1.070937222,0
X162,1278,0.457254272,0
X162,1284,-0.594138427,0
X162,1302,0.298845166,1
X162,1421,-0.946238261,0
X162,1450,-0.384684932,0
X162,1635,0.864759407,0
X162,1655,0.314414786,0
X162,1691,-0.579203366,0
X162,1708,0.663433716,0
X162,1709,0.385531319,0
X162,1729,-1.93553194,0
X162,1733,0.108899056,0
X162,1829,-0.712066833,0
X162,1891,-0.433702258,1
X162,1945,-0.111349471,0
X162,1952,0.017011552,0
X162,1973,1.370114359,0
X162,1999,0.62388171,0
X162,2008,-0.991379112,0
X162,2055,-0.008087738,0
X162,2221,-0.148781156,0
X162,2242,-0.26142939,0
X162,2496,0.416496236,0
X162,2534,0.103878887,0
X162,2601,-0.286904951,0
X162,2614,-0.49069523,0
X162,2677,0.514405644,0
X162,2832,0.069222632,0
X162,2939,-1.084504633,0
X162,2952,-0.048116226,0
X162,2969,0.498840959,0
X162,2982,0.488189441,0
X162,3064,0.643818913,0
X162,3088,-1.022813957,0
X162,3103,-0.540670354,0
X162,3231,-0.004725296,0
X162,3241,-0.515205677,0
X162,3250,-0.781748965,0
X162,3252,-0.808186051,0
X162,3343,0.614651878,0
X162,3433,-1.31852094,0
X162,3465,0.16406859,0
X162,3512,-0.001506889,0
X162,3539,1.079908299,0
X162,3546,-0.81272498,0
X162,3557,0.487489624,0
X162,3677,0.048452995,0
X162,3772,-0.598343263,0
X162,3795,-0.086478125,0
X162,3805,0.443853131,0
X162,3881,0.431267998,0
X162,3895,0.92897601,0
X162,3968,0.231532393,0
X162,4001,-0.541830035,0
X162,4029,-0.320095006,0
X162,4121,0.680869202,0
X162,4201,0.107720539,0
X163,11,-0.658764019,0
X163,43,0.217588185,1
X163,58,0.598581588,0
X163,214,3.645366233,0
X163,222,1.468467551,1
X163,249,1.483498427,0
X163,256,1.12505485,1
X163,360,0.446354723,1
X163,393,-0.867581411,1
X163,410,-1.011669183,0
X163,414,-2.990273038,0
X163,511,3.021322154,1
X163,630,0.941975485,0
X163,837,3.571020613,0
X163,878,-0.281677391,0
X163,879,-1.179181082,1
X163,978,0.436412698,1
X163,1010,2.142096474,1
X163,1037,-1.470797406,0
X163,1088,-0.477987023,0
X163,1089,2.047696198,0
X163,1094,-0.644805795,1
X163,1096,-1.126688636,1
X163,1138,-0.995147522,0
X163,1178,1.059567585,0
X163,1285,-0.673176446,0
X163,1312,0.686144037,0
X163,1374,-0.15792342,0
X163,1392,1.344531705,0
X163,1441,-0.215321312,0
X163,1483,1.008271125,0
X163,1492,0.137675591,0
X163,1495,2.461713729,0
X163,1530,1.906392698,0
X163,1655,-1.318553073,0
X163,1680,2.040703676,0
X163,1708,-1.986114405,1
X163,1824,2.249383985,1
X163,1829,-0.514082703,0
X163,1866,0.246263869,0
X163,1891,-0.384567234,0
X163,1898,0.527630429,0
X163,1937,-1.668513079,0
X163,1944,-0.07954701,0
X163,1992,0.630902032,0
X163,1999,-1.814184598,0
X163,2104,0.172550516,1
X163,2137,1.600990595,0
X163,2242,-0.922146573,0
X163,2309,-0.234957688,0
X163,2332,1.027190236,0
X163,2358,-1.173455783,0
X163,2375,-0.163012077,0
X163,2402,-2.000880915,1
X163,2434,4.25468061,1
X163,2467,1.131256162,0
X163,2561,-0.072418338,1
X163,2613,-1.006229948,1
X163,2673,-1.184919607,0
X163,2693,0.023648972,1
X163,2696,2.051024991,0
X163,2706,-2.464069732,0
X163,2783,0.699490935,0
X163,2848,0.35175453,1
X163,2849,-1.958153909,1
X163,2879,1.473470536,0
X163,2893,-1.116158864,1
X163,2952,-2.176879175,0
X163,2953,-0.101225896,1
X163,2962,3.934838447,1
X163,2968,-0.056011073,0
X163,2982,3.475209189,1
X163,2992,0.759579646,0
X163,3088,1.348593008,0
X163,3094,2.328138428,1
X163,3099,1.432837044,0
X163,3162,1.590489403,1
X163,3179,0.635294065,1
X163,3231,-1.217426981,1
X163,3233,-0.836260039,0
X163,3235,-1.340299768,1
X163,3249,-0.176705363,1
X163,3292,-0.141758298,0
X163,3375,-3.616181208,0
X163,3390,-0.780019306,0
X163,3482,-0.946959932,0
X163,3512,0.262028578,0
X163,3546,-1.855527743,0
X163,3547,1.386255436,0
X163,3571,0.190946668,1
X163,3612,-3.012395599,0
X163,3630,1.053346673,0
X163,3631,4.008929512,1
X163,3705,-0.170603412,0
X163,3723,3.167528721,0
X163,3727,-1.783025315,1
X163,3747,0.367984455,0
X163,3824,-0.570698144,0
X163,3849,1.594285289,0
X163,3877,-1.752651669,0
X163,4027,2.505647368,1
X163,4053,-0.976208019,0
X163,4142,-2.242420688,0
X163,4184,-0.098608335,0
X163,4185,-2.584258774,1
X164,11,-0.092031398,0
X164,156,-0.125784285,0
X164,214,0.343801575,0
X164,222,-0.047573207,0
X164,249,-0.05091938,0
X164,343,-0.283739709,0
X164,375,1.387326329,0
X164,386,-0.47655929,0
X164,419,0.557056973,0
X164,449,0.746791562,0
X164,561,-0.023304002,0
X164,617,2.094977403,1
X164,769,-0.663161865,0
X164,836,-0.886326118,0
X164,879,1.237372525,0
X164,949,0.413510276,0
X164,1008,-1.360228617,0
X164,1088,0.553234484,0
X164,1094,-1.352560562,0
X164,1103,-1.497056679,0
X164,1154,-0.408713065,0
X164,1178,-0.685751011,0
X164,1239,0.088698644,0
X164,1291,0.846268858,0
X164,1359,-0.348919941,0
X164,1436,0.055169253,0
X164,1472,-0.518151474,0
X164,1592,-0.536730157,0
X164,1654,-1.240768009,0
X164,1711,-0.289120274,0
X164,1746,0.094457578,0
X164,1775,0.285602951,0
X164,1814,1.34275479,0
X164,1829,-1.639004136,0
X164,1881,1.455883568,1
X164,1886,-0.201921284,0
X164,1900,-0.401057083,0
X164,1973,empty,0
X164,1992,0.465356434,1
X164,2082,1.078997024,0
X164,2104,1.742758984,0
X164,2286,-0.101838376,0
X164,2332,empty,0
X164,2368,-0.045983553,0
X164,2483,0.932359809,0
X164,2696,0.295092585,0
X164,2763,-1.653191756,0
X164,2771,-1.086693759,0
X164,2783,0.283979227,0
X164,2784,2.662904469,0
X164,2816,0.355711528,0
X164,2832,1.530785299,0
X164,2870,-0.370230313,0
X164,2966,-0.177391192,0
X164,2969,-0.970627836,0
X164,2972,-0.41446335,0
X164,3069,0.6967302,0
X164,3103,0.171643358,0
X164,3179,-0.275072183,0
X164,3201,empty,0
X164,3249,0.640940859,0
X164,3280,0.274302639,0
X164,3375,0.936196914,0
X164,3390,-0.527920885,0
X164,3440,0.269231525,0
X164,3460,-0.76658691,0
X164,3572,0.926500374,0
X164,3756,0.520192252,0
X164,3792,-0.981862172,0
X164,3795,0.479129476,0
X164,3801,0.361052388,0
X164,3819,-1.364001359,0
X164,3824,0.683462674,0
X164,3844,-1.073370609,0
X164,3849,-1.705067785,0
X164,3867,0.368248102,1
X164,3877,-0.189372222,0
X164,3895,-0.481842755,0
X164,3964,-0.447898033,0
X164,4004,0.170654192,0
X164,4005,-1.304984273,0
X164,4021,-0.297667508,0
X164,4110,-2.088793789,0
X164,4119,0.19405926,0
X164,4121,0.069345242,0
X164,4132,-0.077919918,0
X164,4201,-0.281085171,0
X165,107,-0.240481053,0
X165,170,0.393831792,0
X165,191,0.090364274,0
X165,199,0.141835043,0
X165,211,0.139174985,0
X165,308,0.00506784,0
X165,375,0.513265324,0
X165,386,-0.296384784,0
X165,431,-0.357319177,0
X165,473,0.811255261,0
X165,486,0.339917011,0
X165,549,0.145982932,0
X165,617,-0.051196107,0
X165,687,0.539528531,0
X165,782,-0.063471675,0
X165,817,-0.290587861,0
X165,836,-0.193983836,0
X165,851,0.438970852,0
X165,893,0.153182076,0
X165,949,-0.012074006,0
X165,1037,-0.208762637,0
X165,1064,0.194345872,0
X165,1089,0.133983464,0
X165,1106,-0.263106276,0
X165,1119,0.428019673,0
X165,1154,0.205314832,0
X165,1178,-0.111802691,0
X165,1228,0.32647592,0
X165,1295,-0.068421485,0
X165,1332,0.117586635,0
X165,1359,-0.377545546,0
X165,1450,-0.019039243,0
X165,1483,-0.110588646,0
X165,1530,-0.168803179,0
X165,1635,0.671977815,0
X165,1647,-0.013084779,0
X165,1693,-0.337738685,0
X165,1717,0.202302554,0
X165,1725,0.410678214,0
X165,1814,0.399472646,0
X165,1824,-0.121710853,0
X165,1852,-0.045843156,0
X165,1879,-0.128600662,0
X165,1891,0.588327343,0
X165,1900,-0.343602613,0
X165,1943,0.045988799,0
X165,1990,0.714196612,0
X165,2013,-0.094625681,0
X165,2044,-0.065188777,0
X165,2276,0.076269211,0
X165,2333,-0.065181224,0
X165,2407,-0.236103941,0
X165,2434,-0.285199113,0
X165,2452,-0.477015415,0
X165,2467,0.123715337,0
X165,2483,0.173654114,0
X165,2499,0.32946644,0
X165,2561,-0.176319015,0
X165,2624,-0.214334989,0
X165,2638,-0.099153933,0
X165,2691,-0.640333402,0
X165,2763,-0.276448051,0
X165,2815,0.369576257,0
X165,2884,0.087549199,0
X165,2972,0.156424048,0
X165,2990,0.177933496,0
X165,3027,-0.238401831,0
X165,3073,-0.132323548,0
X165,3094,-0.20955219,0
X165,3190,-0.404853686,0
X165,3201,0.198406209,0
X165,3220,0.166240846,0
X165,3233,-0.334287809,0
X165,3235,-0.113279061,0
X165,3241,-0.233876827,0
X165,3360,0.181443774,0
X165,3371,0.024588493,0
X165,3385,-0.014635651,0
X165,3465,0.013277256,0
X165,3512,-0.037709193,0
X165,3540,-0.220540212,0
X165,3557,-0.65692247,0
X165,3612,-0.069880348,0
X165,3632,0.017846015,0
X165,3642,-0.004665086,0
X165,3710,0.259955754,0
X165,3727,-0.188010705,0
X165,3772,0.24818679,0
X165,3791,-0.118733188,0
X165,3824,-0.081637367,0
X165,3844,-0.040116543,0
X165,3881,-0.090380805,0
X165,3895,-0.081448085,0
X165,3968,0.371682446,0
X165,3973,-0.340662388,0
X165,4001,-0.609006282,0
X165,4017,-0.339950994,0
X165,4039,-0.237013443,0
X165,4041,0.123071096,0
X165,4126,-0.395094246,0
X165,4142,0.278446653,0
X165,4184,0.385900734,0
X165,4197,-0.340386714,0
X165,4200,-0.216649979,0
X165,4201,-0.303450957,0
X166,127,1.537510005,0
X166,183,0.048113213,0
X166,199,-0.196041295,0
X166,247,-0.681442446,0
X166,308,0.248933408,0
X166,343,0.287604988,0
X166,360,-0.720229779,0
X166,375,0.615610856,0
X166,386,0.959975681,0
X166,389,-0.228210759,0
X166,511,empty,0
X166,543,0.373019443,0
X166,616,-0.64402262,0
X166,669,0.343143055,0
X166,687,0.376316701,0
X166,712,0.890100407,0
X166,837,0.441462391,0
X166,855,0.074887699,0
X166,878,0.094428189,0
X166,879,-1.14712162,0
X166,897,-0.146254853,0
X166,949,0.663225065,0
X166,996,1.081811108,0
X166,1010,-0.170553254,0
X166,1061,-0.39854423,0
X166,1087,1.007229961,0
X166,1094,1.309426385,0
X166,1100,0.435354113,0
X166,1103,-0.222225695,0
X166,1106,1.650194469,0
X166,1141,-0.29163836,0
X166,1228,0.79834441,0
X166,1300,-0.01600196,0
X166,1329,0.047771744,0
X166,1389,1.039943187,0
X166,1450,-0.642008328,0
X166,1472,0.279304359,0
X166,1680,-0.761257213,0
X166,1693,-1.172625202,0
X166,1708,-1.055761902,0
X166,1746,0.43407214,0
X166,1810,0.330817093,0
X166,1824,-0.377274267,0
X166,1826,-0.962757485,0
X166,1834,1.20782804,0
X166,1852,-0.851337566,0
X166,1879,0.05939003,0
X166,1900,-0.96752775,0
X166,1945,0.48500866,0
X166,1952,0.552888949,0
X166,1991,2.485964282,1
X166,1993,-0.258690513,0
X166,1997,-0.284866029,0
X166,2055,-1.089139722,0
X166,2108,empty,0
X166,2127,0.91433523,0
X166,2221,-1.030513334,0
X166,2242,0.225202541,0
X166,2276,-0.713546539,0
X166,2277,0.048491735,0
X166,2445,-0.547149713,0
X166,2466,-0.589152852,0
X166,2467,1.879701864,1
X166,2499,-0.983152607,0
X166,2534,-0.05767858,0
X166,2601,-0.675079512,0
X166,2638,-0.355418802,0
X166,2648,0.90161592,0
X166,2696,0.812295509,0
X166,2775,-0.745650059,0
X166,2815,-0.634617224,0
X166,2816,1.125674117,0
X166,2818,-0.693506016,0
X166,2888,0.244714464,0
X166,2962,-0.368370475,0
X166,2982,-0.677259038,0
X166,3027,0.212749038,0
X166,3103,-0.556307771,0
X166,3220,0.153991398,0
X166,3343,-0.326512582,0
X166,3371,0.429474841,0
X166,3396,-1.045401069,0
X166,3434,0.319969338,0
X166,3436,0.174186383,0
X166,3511,0.40093044,0
X166,3540,0.316706795,0
X166,3547,-0.148423391,0
X166,3631,0.821003558,0
X166,3635,0.535684989,0
X166,3642,-0.345807526,0
X166,3670,-0.088398793,0
X166,3696,-0.631264496,0
X166,3772,-0.905454205,0
X166,3783,-0.252011963,0
X166,3792,-0.088727148,0
X166,3819,-0.067576266,0
X166,3877,0.127160419,0
X166,3973,0.103323631,0
X166,4017,-0.636069762,0
X166,4021,0.431301366,0
X166,4027,0.915274325,0
X166,4029,-0.869914534,0
X166,4052,0.320616765,0
X166,4119,-0.040744438,0
X167,156,-0.045747157,0
X167,170,0.090862178,0
X167,192,-0.137718357,0
X167,207,0.025203627,0
X167,229,0.014148383,0
X167,268,0.08293138,0
X167,343,-0.03375374,0
X167,431,0.053905189,0
X167,449,0.183564041,0
X167,511,0.199797868,0
X167,553,0.010887177,0
X167,616,-0.225827638,0
X167,624,0.026189386,0
X167,675,-0.041469205,0
X167,689,0.125009215,0
X167,758,0.153763495,0
X167,851,0.247658745,0
X167,914,empty,0
X167,989,-0.033085414,0
X167,992,0.106181657,0
X167,1061,-0.013644043,0
X167,1088,-0.005734017,0
X167,1157,-0.008047653,0
X167,1183,-0.002869013,0
X167,1187,-0.038666327,0
X167,1224,-0.070851654,0
X167,1228,-0.06631244,0
X167,1248,0.092634807,0
X167,1332,-0.244267942,0
X167,1389,0.080063979,0
X167,1467,-0.006174556,0
X167,1485,0.033371662,0
X167,1580,-0.023183022,0
X167,1586,-0.113434336,0
X167,1592,-0.105510115,0
X167,1691,0.186904902,0
X167,1708,-0.036271286,0
X167,1717,-0.108952924,0
X167,1810,0.1049606,0
X167,1852,-0.063472405,0
X167,1891,-0.044083671,0
X167,1898,-0.092130688,0
X167,1944,0.191248288,0
X167,1952,0.009028986,0
X167,1973,-0.246017896,0
X167,1994,0.101564521,0
X167,2013,-0.01266517,0
X167,2036,-0.027604874,0
X167,2110,0.046064727,0
X167,2135,0.221425404,0
X167,2305,0.036298238,0
X167,2402,0.140345722,0
X167,2421,-0.002760212,0
X167,2483,-0.220606241,0
X167,2561,-0.016931288,0
X167,2576,0.077120156,0
X167,2614,-0.002730846,0
X167,2622,-0.113261721,0
X167,2648,-0.122534619,0
X167,2666,-0.110669334,0
X167,2677,-0.174112022,0
X167,2696,-0.102148126,0
X167,2771,0.210104384,0
X167,2815,0.051340062,0
X167,2849,0.061779068,0
X167,2962,0.102809839,0
X167,3017,0.007383863,0
X167,3064,-0.005849053,0
X167,3094,-0.018178432,0
X167,3099,0.137212687,0
X167,3162,0.362019692,0
X167,3201,-0.03007194,0
X167,3220,-0.014031135,0
X167,3235,0.298253289,0
X167,3249,0.033128744,0
X167,3292,0.119991873,0
X167,3340,0.058835127,0
X167,3343,-0.071735139,0
X167,3345,-0.080375082,0
X167,3396,-0.112328958,0
X167,3465,0.011693199,0
X167,3482,0.066341165,0
X167,3539,-0.199832607,0
X167,3572,-0.265009387,0
X167,3612,-0.129715328,0
X167,3638,0.001811275,0
X167,3642,-0.160559709,0
X167,3662,-0.022268807,0
X167,3705,0.045449314,0
X167,3747,-0.123753167,0
X167,3756,-0.127361742,0
X167,3780,0.018292643,0
X167,3781,0.15307164,0
X167,3783,-0.007737319,0
X167,3819,0.014960388,0
X167,3917,-0.031862516,0
X167,3928,0.205964059,0
X167,4003,0.262169287,0
X167,4027,0.15536258,0
X167,4052,0.054103843,0
X167,4113,-0.069706704,0
X167,4121,0.245887944,0
X167,4148,-0.086793607,0
X167,4156,0.182446032,0
X167,4197,-0.032295159,0
X168,127,2.042298692,0
X168,156,0.01502395,0
X168,214,1.238878308,1
X168,216,5.056154676,1
X168,222,0.804261193,0
X168,343,2.871588324,0
X168,360,-2.690721516,0
X168,401,0.574553738,0
X168,431,-2.045510345,0
X168,549,-2.571459723,0
X168,567,4.463674392,1
X168,573,0.456493758,0
X168,622,-0.870450377,1
X168,631,-3.062816701,0
X168,634,-1.470057808,0
X168,657,0.992158962,0
X168,855,-0.892317563,0
X168,865,0.866423821,1
X168,953,0.123301927,0
X168,996,-2.201885842,0
X168,1008,-0.187715573,1
X168,1010,0.592491506,0
X168,1037,2.353126263,0
X168,1064,-1.051695496,0
X168,1100,0.976112348,0
X168,1119,-0.30597326,1
X168,1154,0.10403765,1
X168,1178,0.383177991,0
X168,1183,1.939212043,1
X168,1224,1.695258426,0
X168,1228,2.045489456,0
X168,1278,2.248818763,1
X168,1359,0.089567895,0
X168,1392,-0.07621192,0
X168,1421,0.189584062,0
X168,1441,1.084636514,0
X168,1581,-0.170075567,1
X168,1592,0.790703277,1
X168,1598,1.049689249,0
X168,1600,-0.835086703,1
X168,1700,-1.857233358,0
X168,1708,-1.493257646,0
X168,1775,0.991162931,1
X168,1829,-1.963259387,0
X168,1866,-1.815985415,1
X168,1973,1.550973465,0
X168,1999,1.634981973,0
X168,2013,-1.729220299,0
X168,2027,0.71842658,1
X168,2044,3.922025813,0
X168,2076,0.901084178,0
X168,2082,-1.718057799,0
X168,2104,1.89100324,0
X168,2242,-0.917166822,1
X168,2277,0.674057178,0
X168,2305,0.168685048,1
X168,2333,-1.718951713,0
X168,2402,1.959994556,0
X168,2467,-1.553546906,0
X168,2534,-2.075611677,0
X168,2636,1.746428975,0
X168,2648,-3.21977888,0
X168,2775,1.300081212,1
X168,2817,-0.911215941,0
X168,2848,-0.599948861,0
X168,2850,1.866054649,1
X168,2884,1.794512401,0
X168,2899,2.946915842,0
X168,2915,1.179865077,0
X168,2969,-1.75405634,0
X168,3103,1.828724058,1
X168,3147,3.042259307,1
X168,3190,-0.397731587,0
X168,3220,1.674145296,0
X168,3279,-0.765206546,0
X168,3292,-0.8518241,0
X168,3343,-2.577185286,0
X168,3371,empty,0
X168,3482,1.718114351,1
X168,3495,0.065800924,1
X168,3496,2.141462408,0
X168,3551,-1.175837377,0
X168,3571,-1.334555351,0
X168,3691,2.698186427,1
X168,3710,1.427722114,0
X168,3747,0.831112971,0
X168,3795,-0.19600817,1
X168,3824,0.604280653,1
X168,3895,-0.661132777,0
X168,3917,2.384168848,0
X168,4004,2.073944255,0
X168,4021,-0.294520685,1
X168,4027,0.535770022,0
X168,4029,2.887350977,0
X168,4087,1.921505134,1
X168,4119,-3.867320662,1
X168,4121,1.417082942,1
X168,4148,1.933108495,0
X168,4197,2.815003971,0
X169,3,1.100016108,1
X169,43,0.090595491,0
X169,156,0.09052748,0
X169,199,0.434028473,0
X169,247,0.618741098,0
X169,249,-0.335757789,0
X169,268,0.596947917,0
X169,284,-0.169544759,0
X169,287,0.143608243,0
X169,343,1.406233393,1
X169,414,-0.078474098,0
X169,431,-0.506188121,0
X169,449,0.131800639,0
X169,473,0.232039162,0
X169,485,0.337878551,0
X169,525,0.06984781,0
X169,549,0.159902963,0
X169,575,-0.638437854,0
X169,649,-0.132144057,0
X169,657,0.070149657,0
X169,663,-0.107826738,0
X169,687,-0.232136958,0
X169,769,0.054948516,0
X169,836,-0.263357745,0
X169,888,0.126765957,0
X169,953,-0.178228433,0
X169,1087,-0.425440051,0
X169,1088,-0.001420629,0
X169,1089,-0.280939067,0
X169,1096,0.107838399,0
X169,1119,0.237933327,0
X169,1154,0.22735629,0
X169,1157,-0.995203009,0
X169,1183,0.454029138,0
X169,1249,-0.576085269,0
X169,1291,0.05800019,0
X169,1375,0.070776465,0
X169,1421,-0.268669449,0
X169,1436,-0.146077644,0
X169,1447,-0.065740952,0
X169,1483,0.247216007,0
X169,1492,-0.118082671,0
X169,1598,-0.232379581,0
X169,1700,0.47951321,0
X169,1709,0.297643218,0
X169,1733,0.063687521,0
X169,1824,0.025111997,0
X169,1844,-0.258851268,0
X169,1866,-0.314424728,0
X169,1894,0.377930952,0
X169,1990,0.180738569,0
X169,1994,-0.267855304,0
X169,2008,0.124598058,0
X169,2027,-0.38773331,0
X169,2082,0.510082674,0
X169,2116,-0.310777686,0
X169,2160,-0.024918145,0
X169,2234,0.379169682,0
X169,2332,0.167394688,0
X169,2358,-0.090281223,0
X169,2402,0.82268234,0
X169,2499,0.153957038,0
X169,2551,0.220213494,0
X169,2561,0.099062053,0
X169,2576,0.134196123,0
X169,2601,-0.233663792,0
X169,2648,0.374292872,0
X169,2666,0.179957114,0
X169,2708,0.025058656,0
X169,2719,0.760982502,0
X169,2817,-0.09287281,0
X169,2849,-0.497529869,0
X169,2884,-0.101933787,0
X169,2887,-0.097934906,0
X169,2899,0.287921312,0
X169,2915,-0.403317555,0
X169,2953,0.007214104,0
X169,2982,-0.333214676,0
X169,3073,-0.431784971,0
X169,3088,0.027773174,0
X169,3121,-0.394822294,0
X169,3147,-0.660027307,0
X169,3190,0.802561302,0
X169,3235,-0.403874745,0
X169,3328,0.070825775,0
X169,3349,empty,0
X169,3371,0.080216071,0
X169,3385,-0.388038843,0
X169,3436,-0.344594643,0
X169,3440,-0.012087208,0
X169,3460,-0.204073547,0
X169,3495,-0.296345009,0
X169,3512,-0.217604107,0
X169,3572,0.162338157,0
X169,3630,0.28293046,0
X169,3632,-0.346750016,0
X169,3662,0.272908872,0
X169,3705,0.366734613,0
X169,3781,-0.634679328,0
X169,3801,-0.035800513,0
X169,3844,-0.037525655,0
X169,3867,0.049397821,0
X169,3940,-0.492840292,0
X169,4002,-0.098856021,0
X169,4004,0.196128259,0
X169,4110,0.11824929,0
X169,4197,-0.375941812,0
X170,11,-0.441381976,0
X170,36,0.32068043,0
X170,43,0.070874565,0
X170,107,-0.105936106,0
X170,156,0.44417851,0
X170,191,0.566732158,0
X170,249,0.446990937,0
X170,274,0.219710621,0
X170,283,0.561305596,0
X170,284,0.39404781,0
X170,308,0.948117413,1
X170,386,0.356698328,0
X170,449,-0.509893454,0
X170,485,-0.524492374,0
X170,530,1.712195463,1
X170,543,-0.512085158,0
X170,549,-0.81174031,0
X170,567,-0.010285937,0
X170,630,-0.061096791,0
X170,669,0.648002649,0
X170,687,-0.81204188,0
X170,690,0.707067901,0
X170,836,-0.252695129,0
X170,837,empty,0
X170,893,0.358347096,0
X170,978,0.241299242,0
X170,986,0.29649815,0
X170,989,1.108595077,0
X170,1008,0.361162819,0
X170,1106,-0.879918396,0
X170,1108,0.538534664,0
X170,1129,0.296447306,0
X170,1138,0.16547755,0
X170,1141,-0.292410885,0
X170,1154,0.699198159,0
X170,1248,-0.309430581,0
X170,1249,-0.441754926,0
X170,1300,-1.087378926,0
X170,1375,-0.746197075,0
X170,1392,0.5050457,0
X170,1400,-1.039608518,0
X170,1441,-0.360247987,0
X170,1447,-0.359830622,0
X170,1472,-0.522509608,0
X170,1483,-0.325622229,0
X170,1525,-0.151533622,0
X170,1530,-0.142246924,0
X170,1552,-1.004807332,0
X170,1568,0.283152088,0
X170,1580,-0.045301033,0
X170,1615,0.864198508,0
X170,1655,0.583118237,0
X170,1671,0.018589839,0
X170,1680,-1.150312391,0
X170,1691,0.277495516,0
X170,1693,0.352828706,0
X170,1717,-0.055519165,0
X170,1729,-0.14353148,0
X170,1733,-0.154642654,0
X170,1775,0.636615556,0
X170,1810,0.558440507,0
X170,1840,0.196645548,0
X170,1891,-1.225854353,0
X170,1993,-0.630872183,0
X170,2008,-0.727060206,0
X170,2055,1.042067445,0
X170,2108,-1.464007942,0
X170,2110,0.985189812,0
X170,2234,0.208441624,0
X170,2277,0.781909495,0
X170,2287,0.063550722,0
X170,2332,-1.900659723,0
X170,2333,0.147810091,0
X170,2402,1.744036081,1
X170,2434,-0.14916648,0
X170,2494,0.387207049,0
X170,2499,0.596500952,0
X170,2561,0.383000592,0
X170,2576,-0.330720483,0
X170,2636,-0.374803149,0
X170,2638,0.156427562,0
X170,2784,empty,0
X170,2816,-0.567201406,0
X170,2817,0.404851466,0
X170,2870,-0.903245925,0
X170,2879,-0.828633962,0
X170,2887,-0.48178633,0
X170,2915,-0.249283245,0
X170,2968,0.68805741,0
X170,2969,0.015842941,0
X170,3073,empty,0
X170,3079,-0.31544964,0
X170,3103,-0.542370215,0
X170,3147,0.179756778,0
X170,3162,-0.086019396,0
X170,3202,-0.41103969,0
X170,3220,0.417336763,0
X170,3241,-0.653172753,0
X170,3252,0.565550466,0
X170,3371,1.012558412,0
X170,3375,0.360436296,0
X170,3496,0.06976586,0
X170,3512,0.343995603,0
X170,3529,0.68105992,0
X170,3540,-0.406840392,0
X170,3571,0.368892288,0
X170,3781,-0.341673244,0
X170,3783,1.128029522,0
X170,3792,0.847655191,0
X170,3867,-0.684076075,0
X170,3881,-0.100008713,0
X170,3918,0.621459911,0
X170,4053,0.116970733,0
X170,4087,-0.276088235,0
X170,4119,0.027392033,0
X170,4127,0.178521676,0
X170,4168,-0.007056778,0
X171,3,-3.066364644,0
X171,12,-1.059957947,0
X171,36,-0.029098872,1
X171,43,-0.840249993,1
X171,58,2.263030967,0
X171,207,-0.947262129,0
X171,229,3.763281188,1
X171,268,0.069319596,1
X171,294,0.926854872,1
X171,413,0.560804997,1
X171,449,-0.978603976,1
X171,499,0.977595235,1
X171,503,2.622513896,1
X171,511,-1.811381107,1
X171,622,-0.503134677,0
X171,663,1.521099708,0
X171,690,-3.754949551,0
X171,780,-0.378432577,0
X171,907,-3.196149362,0
X171,953,1.720944866,1
X171,959,2.011594954,1
X171,989,0.220654962,0
X171,1046,-1.237076505,1
X171,1108,1.490331973,1
X171,1178,2.879423496,1
X171,1183,-0.955888427,0
X171,1187,3.102501471,1
X171,1329,3.140564905,1
X171,1392,-1.697561343,1
X171,1419,3.072287878,0
X171,1421,-0.262200362,1
X171,1441,1.951685065,1
X171,1472,-0.814753199,1
X171,1492,-0.615813052,0
X171,1495,2.06130612,1
X171,1517,2.652716837,1
X171,1524,0.248070051,1
X171,1565,0.007298818,0
X171,1568,-2.385017203,1
X171,1690,-2.82192253,1
X171,1693,1.751787569,1
X171,1733,0.02303451,0
X171,1812,1.099820908,0
X171,1834,-0.230202367,1
X171,1844,empty,0
X171,1868,-0.845691081,0
X171,1879,3.811039978,1
X171,1881,-0.867288666,0
X171,1898,0.490611654,0
X171,1945,-1.195609535,1
X171,2027,-0.552051886,0
X171,2076,5.625738875,1
X171,2104,1.552099223,1
X171,2221,-4.163411351,0
X171,2242,-0.002139418,0
X171,2245,-0.0856784,1
X171,2309,0.312885034,0
X171,2421,2.068716197,1
X171,2445,5.382484531,1
X171,2452,-0.078217736,1
X171,2601,5.024828064,1
X171,2636,-1.137548753,1
X171,2693,3.442448648,1
X171,2816,-0.020452145,1
X171,2843,-0.489518599,0
X171,2849,3.744938962,1
X171,2939,-0.230537377,0
X171,2953,0.837805889,1
X171,2972,3.034057822,1
X171,3041,-0.115586287,0
X171,3103,-0.225018298,0
X171,3162,2.869262608,1
X171,3179,2.10836573,1
X171,3190,3.092748991,1
X171,3349,2.361639086,1
X171,3440,-0.509479355,1
X171,3465,-2.546967122,0
X171,3529,-0.307137771,1
X171,3546,0.165762167,1
X171,3638,2.700075856,1
X171,3642,1.273610503,0
X171,3705,-2.824469198,0
X171,3746,3.377655485,1
X171,3781,0.521947265,1
X171,3791,1.446256257,1
X171,3792,-1.417765174,0
X171,3795,0.702527535,0
X171,3801,1.408745529,1
X171,3877,-0.021928272,0
X171,3928,0.323491854,0
X171,3940,3.885088878,1
X171,3954,1.481919027,1
X171,3964,1.532614799,1
X171,3973,0.384240395,1
X171,4003,-4.495039806,0
X171,4027,0.22140286,1
X171,4029,1.035491767,1
X171,4039,2.581865021,1
X171,4041,2.088184352,1
X171,4052,3.088867627,1
X171,4132,3.475845318,1
X171,4164,3.330378235,1
X172,3,-0.636656097,0
X172,107,0.404621303,0
X172,120,-0.129697612,0
X172,360,-0.347145899,0
X172,503,0.388744593,0
X172,530,-0.152189886,0
X172,536,0.071666146,0
X172,573,-0.004609301,0
X172,631,0.011488627,0
X172,712,0.335060471,0
X172,769,-0.401324701,0
X172,780,-0.402934758,0
X172,837,0.031738354,0
X172,877,0.025473391,0
X172,958,-0.051762492,0
X172,986,empty,0
X172,1008,-0.393525369,0
X172,1089,-0.384348106,0
X172,1108,-0.156644586,0
X172,1129,0.106260675,0
X172,1178,0.032012375,0
X172,1187,0.5111176,0
X172,1302,-0.712516332,0
X172,1375,0.061914184,0
X172,1392,-0.012308924,0
X172,1400,0.218832902,0
X172,1421,0.120968798,0
X172,1436,0.577220755,0
X172,1495,0.235176396,0
X172,1517,empty,0
X172,1525,0.233628137,0
X172,1647,0.245711937,0
X172,1709,-0.330030871,0
X172,1725,0.095093309,0
X172,1775,-0.145872544,0
X172,1826,0.259093725,0
X172,1834,0.306986014,0
X172,1852,-0.040817839,0
X172,1881,0.199333909,0
X172,1992,-0.028485386,0
X172,1994,-0.071666928,0
X172,2008,-0.500333779,0
X172,2013,0.253877947,0
X172,2027,0.384894739,0
X172,2036,0.17657602,0
X172,2076,0.138213829,0
X172,2116,0.438675724,0
X172,2221,0.293682448,0
X172,2241,0.692839273,0
X172,2375,0.050068087,0
X172,2434,0.181585831,0
X172,2452,0.034741234,0
X172,2481,0.657292832,0
X172,2673,0.145194802,0
X172,2693,0.185036893,0
X172,2696,-0.117321507,0
X172,2771,0.232593782,0
X172,2783,-0.114169909,0
X172,2784,-0.094545374,0
X172,2849,-0.046667523,0
X172,2969,-0.071765449,0
X172,2972,-0.244213855,0
X172,3064,-0.101375127,0
X172,3069,0.018087978,0
X172,3220,0.20249649,0
X172,3231,-0.234031977,0
X172,3250,0.135181662,0
X172,3436,0.115854669,0
X172,3465,0.06652717,0
X172,3495,0.093384154,0
X172,3512,0.331401868,0
X172,3540,0.745114025,1
X172,3670,-0.181963946,0
X172,3696,-0.515552455,0
X172,3710,-1.073612563,0
X172,3780,-0.060844986,0
X172,3781,0.150468607,0
X172,3791,-0.581660981,0
X172,3792,0.301281425,0
X172,3867,-0.130765486,0
X172,3928,0.463308125,0
X172,3964,-1.002513316,0
X172,4002,-0.094918767,0
X172,4003,-0.098846887,0
X172,4004,-0.147082626,0
X172,4021,-0.055749281,0
X172,4027,-0.144131116,0
X172,4039,0.415323347,0
X172,4041,-0.381904669,0
X172,4121,0.066730797,0
X172,4127,0.7676318,0
X172,4184,-0.198891051,0
X173,249,0.068707922,0
X173,256,-0.328535132,0
X173,283,0.445911577,0
X173,449,0.259256701,0
X173,780,-0.328769648,0
X173,807,0.152906675,0
X173,851,-0.276359899,0
X173,878,0.074722292,0
X173,907,0.413673252,0
X173,914,0.813023357,0
X173,986,0.185663584,0
X173,996,-0.042889559,0
X173,1061,-0.149270788,0
X173,1088,0.015197395,0
X173,1094,-0.746549251,0
X173,1129,0.043258389,0
X173,1178,0.092674037,0
X173,1312,0.226135785,0
X173,1329,-0.623079136,0
X173,1332,0.493828681,0
X173,1359,0.650889555,0
X173,1374,-0.102561206,0
X173,1392,-0.421649878,0
X173,1421,-0.300724628,0
X173,1517,-0.056210129,0
X173,1525,0.338111937,0
X173,1568,-0.651287545,0
X173,1690,0.386383074,0
X173,1700,0.175411372,0
X173,1725,0.031668499,0
X173,1812,0.360755924,0
X173,1829,-0.236740014,0
X173,1894,-0.06629306,0
X173,1937,-0.190671788,0
X173,1943,-0.465153309,0
X173,2008,-0.648057247,0
X173,2082,0.065988696,0
X173,2116,0.149659729,0
X173,2135,-0.230488218,0
X173,2188,0.124587457,0
X173,2198,-0.799346997,0
X173,2241,-0.410253757,0
X173,2276,0.341373651,0
X173,2290,0.927995511,0
X173,2402,-0.447840985,0
X173,2407,0.335994843,0
X173,2496,0.492105443,0
X173,2636,0.049049343,0
X173,2706,-0.172341778,0
X173,2708,-0.234688263,0
X173,2763,0.483931926,0
X173,2771,0.095942695,0
X173,2815,0.06831708,0
X173,2848,-0.550854693,0
X173,2849,0.1379014,0
X173,2893,-0.180564833,0
X173,2952,-0.600931574,0
X173,2953,-0.05544297,0
X173,2990,-0.226201466,0
X173,3017,0.098931806,0
X173,3179,-0.76854983,0
X173,3190,0.163571944,0
X173,3340,0.088027461,0
X173,3343,-0.398712578,0
X173,3349,0.217588068,0
X173,3360,0.806809677,0
X173,3396,0.528023539,0
X173,3529,-0.300646439,0
X173,3547,0.387601245,0
X173,3552,-0.986619467,0
X173,3557,-0.177564998,0
X173,3630,-0.468406244,0
X173,3705,0.250698116,0
X173,3772,-0.595224508,0
X173,3824,-0.22093617,0
X173,3895,0.236357899,0
X173,3918,0.414583865,0
X173,3940,0.228184843,0
X173,3966,-0.693908365,0
X173,4002,0.671284563,0
X173,4005,-0.435352738,0
X173,4039,-0.189484631,0
X173,4053,0.20778088,0
X173,4087,0.15294416,0
X173,4132,-0.391068304,0
X173,4159,-0.520800308,0
X173,4184,-0.250479046,0
X173,4201,0.261843485,0
X173,4204,-0.081767029,0
X174,43,-0.102698377,0
X174,73,0.056993111,0
X174,107,1.442991382,0
X174,120,-0.363608791,0
X174,247,1.307705203,0
X174,268,0.140227449,0
X174,343,-0.810892932,0
X174,360,0.048625258,0
X174,414,0.108131244,0
X174,431,0.345228129,0
X174,473,0.659006079,0
X174,503,-0.437783453,0
X174,567,0.908837353,0
X174,575,0.063730412,0
X174,622,-1.046882134,0
X174,649,0.941311162,0
X174,663,-1.119999265,0
X174,689,-0.246670491,0
X174,782,-0.273953477,0
X174,879,0.489316281,0
X174,897,-0.230411817,0
X174,978,0.496058511,0
X174,986,0.699124068,0
X174,996,-0.028220949,0
X174,1010,0.260845167,0
X174,1119,-0.426552334,0
X174,1300,0.014880118,0
X174,1302,0.011884162,0
X174,1329,-0.114167885,0
X174,1359,0.187219773,0
X174,1374,0.606347889,0
X174,1441,-0.41687702,0
X174,1492,0.29533149,0
X174,1552,0.557513769,0
X174,1568,0.333703371,0
X174,1581,0.774284426,0
X174,1635,-0.138268129,0
X174,1647,-0.392718935,0
X174,1654,-0.9881505,0
X174,1671,-0.381116104,0
X174,1691,0.530602505,0
X174,1693,0.09349354,0
X174,1717,0.010281006,0
X174,1814,-0.162858558,0
X174,1824,0.507304804,0
X174,1840,-0.21114309,0
X174,1879,0.426516304,0
X174,1881,0.860214621,0
X174,1886,0.80655253,0
X174,1894,-0.478567391,0
X174,1898,-0.292935919,0
X174,1991,-0.409223141,0
X174,2028,0.05074819,0
X174,2104,0.171507976,0
X174,2110,-0.130537623,0
X174,2116,0.043582991,0
X174,2135,1.3882936,1
X174,2286,-1.020940149,0
X174,2287,0.305379762,0
X174,2309,0.277123295,0
X174,2332,0.290649713,0
X174,2375,0.035543933,0
X174,2421,0.640487978,0
X174,2430,0.271377273,0
X174,2466,-0.448704316,0
X174,2467,-0.864951468,0
X174,2481,0.39849851,0
X174,2499,-0.544049223,0
X174,2576,-1.126763497,0
X174,2613,0.887737089,0
X174,2666,0.123556986,0
X174,2693,0.295317333,0
X174,2696,0.426590812,0
X174,2763,-0.471930028,0
X174,2832,0.368160882,0
X174,2915,-0.448558508,0
X174,2972,0.100356613,0
X174,2982,0.511453305,0
X174,2992,-0.260071332,0
X174,3017,0.687295803,0
X174,3069,-0.52327174,0
X174,3190,0.196336895,0
X174,3252,0.005917325,0
X174,3345,1.084567561,0
X174,3360,-0.342308014,0
X174,3371,-0.473069826,0
X174,3396,-0.654367051,0
X174,3465,0.000160955,0
X174,3495,-0.131395326,0
X174,3557,-0.407962853,0
X174,3630,-0.293212616,0
X174,3632,-0.536327166,0
X174,3638,0.139569213,0
X174,3727,-0.258484031,0
X174,3747,0.600042491,0
X174,3783,-0.305176581,0
X174,3795,0.400963106,0
X174,3819,-0.107407779,0
X174,3849,-0.637642629,0
X174,3877,-0.068604983,0
X174,3911,1.197332247,1
X174,3917,-0.060257626,0
X174,3968,-0.026760722,0
X174,4001,0.652635747,0
X174,4003,0.14391551,0
X174,4004,-0.76219561,0
X175,3,0.521838507,0
X175,156,-0.590093328,0
X175,214,0.392618328,0
X175,222,1.237630927,0
X175,229,-0.24986768,0
X175,283,-1.037171863,0
X175,343,0.233390656,0
X175,401,-0.259640785,0
X175,449,-0.739624016,0
X175,473,-0.012931328,0
X175,486,-0.754577276,0
X175,543,0.440946606,0
X175,553,0.427469691,0
X175,575,0.612187071,0
X175,669,0.65647187,0
X175,780,-0.924588891,0
X175,823,-0.350193163,0
X175,837,1.880219382,0
X175,855,-0.943500363,0
X175,865,-0.195328241,0
X175,888,0.63658764,0
X175,907,-0.583878883,0
X175,912,0.630881584,0
X175,914,0.648081245,0
X175,971,-0.254904905,0
X175,1010,-0.189276561,0
X175,1037,0.441131866,0
X175,1046,-0.897129019,0
X175,1089,0.24438846,0
X175,1094,-0.087316051,0
X175,1119,-0.12193109,0
X175,1268,0.243180488,0
X175,1291,0.733320568,0
X175,1581,0.301507197,0
X175,1598,0.636963673,0
X175,1635,-0.355931104,0
X175,1680,-0.171988971,0
X175,1708,-0.468354157,0
X175,1814,0.284447288,0
X175,1868,0.798253348,0
X175,1881,0.460638476,0
X175,1945,0.077102788,0
X175,1993,0.266164181,0
X175,2013,-0.935804435,0
X175,2027,0.409966799,0
X175,2036,0.883643407,0
X175,2110,0.460148083,0
X175,2116,0.265039794,0
X175,2188,-0.03768175,0
X175,2198,-0.056222363,0
X175,2234,-0.398416186,0
X175,2241,0.487772483,0
X175,2287,0.698146883,0
X175,2421,-0.069597486,0
X175,2430,-0.053936157,0
X175,2434,0.434136064,0
X175,2452,0.619449023,0
X175,2466,0.059500132,0
X175,2536,0.637517981,0
X175,2648,-1.093031571,0
X175,2666,0.082457751,0
X175,2775,empty,0
X175,2783,-0.084175343,0
X175,2815,-0.020579509,0
X175,2817,-0.159913323,0
X175,2887,-0.448910097,0
X175,2888,-0.670090181,0
X175,2915,0.784707414,0
X175,2952,-0.018102078,0
X175,2968,0.462108647,0
X175,2990,-0.32014729,0
X175,2992,0.364226031,0
X175,3017,0.528378724,1
X175,3121,-0.125944758,0
X175,3233,-0.542755561,0
X175,3250,0.626617283,0
X175,3375,0.286100522,0
X175,3390,0.886708367,0
X175,3396,-1.110125034,0
X175,3495,-0.518036312,0
X175,3496,0.310727374,0
X175,3544,0.224328089,0
X175,3572,-0.354581152,0
X175,3612,0.488417179,0
X175,3630,-1.666875332,0
X175,3632,-0.654124945,0
X175,3638,0.731588303,0
X175,3642,0.05830422,0
X175,3710,0.262712863,0
X175,3783,0.3286655,0
X175,3795,1.379756839,0
X175,3801,0.299790113,0
X175,3805,0.542122781,0
X175,3849,0.963281116,0
X175,3867,-0.215789171,0
X175,3877,0.573679877,0
X175,3911,0.042666604,0
X175,3940,-0.49621995,0
X175,3966,-0.249167093,0
X175,4126,0.121300197,0
X175,4148,-0.923576854,0
X175,4159,-0.802707425,0
X176,73,-0.014023877,0
X176,156,0.010153202,0
X176,162,-0.139433065,0
X176,192,-1.331228716,0
X176,199,0.514490832,0
X176,283,-0.153505632,0
X176,294,0.290856288,0
X176,389,0.470567566,0
X176,419,-0.488284746,0
X176,431,-0.301664222,0
X176,485,0.461712779,0
X176,499,1.063719107,0
X176,511,-0.451817123,0
X176,543,0.114127708,0
X176,549,0.190802355,0
X176,575,0.170823479,0
X176,613,0.363146174,0
X176,624,-0.618796391,0
X176,669,-0.771187033,0
X176,675,0.229514865,0
X176,837,-0.039787541,0
X176,888,0.837509567,1
X176,893,-0.04706463,0
X176,907,0.094580532,0
X176,953,-0.918477063,0
X176,986,-0.142984395,0
X176,996,0.426276189,0
X176,1037,-0.191264204,0
X176,1061,-0.964560697,0
X176,1103,-1.121205775,0
X176,1154,1.568420417,1
X176,1178,-0.068799994,0
X176,1284,-0.529220514,0
X176,1285,0.66879529,0
X176,1302,-0.591063139,0
X176,1332,0.35771992,0
X176,1392,0.083976158,0
X176,1467,-1.241160515,0
X176,1472,0.418561217,0
X176,1492,-0.057049896,0
X176,1581,1.508399285,1
X176,1693,-0.476494415,0
X176,1708,-0.287102594,0
X176,1709,0.472732348,0
X176,1725,-0.207551115,0
X176,1812,-0.533696316,0
X176,1824,-0.558992689,0
X176,1829,1.342341521,0
X176,1844,-0.440870855,0
X176,1881,0.092411347,0
X176,1937,-0.602167004,0
X176,1945,-0.221138264,0
X176,1993,0.53406665,0
X176,2108,-0.799855385,0
X176,2221,0.406251637,0
X176,2309,-0.322963118,0
X176,2445,0.78969714,0
X176,2467,-0.230380652,0
X176,2481,-0.154350909,0
X176,2499,0.785235036,0
X176,2536,-0.252905026,0
X176,2561,-0.152440827,0
X176,2677,-0.292273637,0
X176,2679,-0.025318283,0
X176,2771,-0.004911069,0
X176,2783,-1.415123226,0
X176,2848,-0.174537175,0
X176,2899,0.156057338,0
X176,3017,0.732228302,0
X176,3027,-0.583435833,0
X176,3099,0.923763074,0
X176,3147,0.3048672,0
X176,3179,0.816609992,0
X176,3220,0.284939049,0
X176,3241,-0.186268722,0
X176,3252,-0.189254398,0
X176,3280,0.369033324,0
X176,3292,-0.587737063,0
X176,3385,-0.536464319,0
X176,3396,-0.197840531,0
X176,3433,-0.095421947,0
X176,3436,-1.139937252,0
X176,3465,0.771645203,0
X176,3539,0.430411203,0
X176,3540,-0.89561199,0
X176,3544,1.040987986,0
X176,3552,-0.579527742,0
X176,3571,-0.371805583,0
X176,3612,0.344688451,0
X176,3677,-0.827658828,0
X176,3705,-0.590329041,0
X176,3772,0.033263121,0
X176,3795,-0.376721902,0
X176,3849,0.181435417,0
X176,3881,0.211342161,0
X176,3911,0.645192803,0
X176,3973,0.43763183,0
X176,4002,0.407058917,0
X176,4004,-0.22829914,0
X176,4039,-0.119906413,0
X176,4119,0.201908334,0
X176,4126,-1.305622268,0
X176,4159,-0.000368357,0
X176,4200,-0.526189368,0
X176,4204,-0.473188475,0
X177,3,0.686962192,0
X177,43,-0.529350129,0
X177,73,0.68921002,0
X177,120,-0.640509233,0
X177,170,-0.252533324,0
X177,256,0.159645916,0
X177,287,-0.1720249,0
X177,294,2.160627872,0
X177,308,-1.22147505,0
X177,360,-1.155328705,0
X177,375,-0.501367079,0
X177,401,-0.414663888,0
X177,413,0.501050743,1
X177,414,-1.361359076,0
X177,486,-0.564219857,0
X177,549,-0.275345329,0
X177,616,-0.452004947,0
X177,617,0.140152197,0
X177,657,-0.449915456,0
X177,823,1.417125893,0
X177,836,-1.034885345,0
X177,875,0.193035183,0
X177,876,0.397924309,0
X177,877,-0.075723928,0
X177,912,-0.355664228,0
X177,953,0.088685166,0
X177,954,0.212406993,0
X177,958,-0.55274027,0
X177,978,-0.80646,0
X177,986,1.182221526,0
X177,1087,0.178656077,0
X177,1119,-0.456761032,0
X177,1129,0.890745185,0
X177,1151,0.481101155,0
X177,1154,-1.481414751,0
X177,1183,-0.664716515,0
X177,1224,-0.656693557,0
X177,1239,3.233471272,1
X177,1268,-1.511516973,0
X177,1278,0.990672832,0
X177,1284,0.84521074,0
X177,1291,-0.452077638,0
X177,1400,-1.218004655,0
X177,1441,0.02638966,0
X177,1472,-0.388149771,0
X177,1495,1.070543989,0
X177,1512,1.006151582,0
X177,1552,0.497780272,0
X177,1568,0.860936234,0
X177,1586,-0.105368051,0
X177,1600,0.953580409,0
X177,1655,0.99627113,0
X177,1671,0.667805804,0
X177,1693,-1.088969694,0
X177,1775,-0.659261825,0
X177,1814,1.024377187,0
X177,1844,-0.475709874,0
X177,1868,-0.839794691,0
X177,1886,0.864671465,0
X177,1898,0.192056878,0
X177,1973,0.42534941,0
X177,1991,-0.748810056,0
X177,1993,0.169353848,0
X177,1994,-0.022421528,0
X177,2104,-0.427351274,0
X177,2135,1.229381837,0
X177,2137,-0.407828471,0
X177,2234,1.940543875,0
X177,2276,-0.138818634,0
X177,2333,-0.95827887,0
X177,2445,2.829327695,1
X177,2499,1.555259036,0
X177,2562,0.368153571,0
X177,2601,-1.000422003,0
X177,2696,-0.596319406,0
X177,2763,1.512455674,0
X177,2771,0.653106102,0
X177,2815,-0.576990777,0
X177,2953,-0.618634494,0
X177,3041,-0.899875835,0
X177,3073,0.787508172,0
X177,3099,-0.99245266,0
X177,3226,-1.334309529,0
X177,3233,1.916149714,0
X177,3250,0.641910542,0
X177,3252,1.675972887,0
X177,3279,-1.212765324,0
X177,3340,0.13214296,0
X177,3345,0.73753262,0
X177,3396,0.821122043,0
X177,3496,-0.278428881,0
X177,3630,-1.069208709,0
X177,3642,1.451586129,0
X177,3662,-1.194923001,0
X177,3705,0.788876752,0
X177,3723,-0.407608708,0
X177,3772,-0.200754234,0
X177,3792,-0.370515547,0
X177,3795,0.634959699,0
X177,3881,-0.726172061,0
X177,3905,0.482774171,0
X177,4029,0.983913019,1
X177,4110,0.466335262,0
X177,4121,-1.209153513,0
X177,4132,-0.020692258,0
X177,4142,-0.407596025,0
X177,4156,2.22897578,0
X178,3,0.925392666,0
X178,11,-0.705644994,1
X178,12,-1.91746304,1
X178,58,-0.6791697,0
X178,156,0.212763881,0
X178,191,0.173736083,1
X178,214,-3.324467188,0
X178,216,0.957343811,1
X178,222,-2.431032989,1
X178,287,3.532066592,1
X178,413,-0.463585726,0
X178,414,-1.402356747,1
X178,431,-0.095915485,1
X178,449,-0.076393844,0
X178,503,1.272201562,1
X178,530,-3.406578523,0
X178,536,-1.141423864,0
X178,543,-1.109566757,0
X178,575,-1.824994235,0
X178,616,1.289269463,0
X178,758,2.516549035,0
X178,807,-0.925154809,1
X178,837,-2.908656254,1
X178,855,-0.703749616,1
X178,865,-2.20318134,0
X178,907,3.863228523,1
X178,949,-2.106948872,1
X178,1046,2.514513541,0
X178,1088,-1.579960485,1
X178,1154,-0.184915692,0
X178,1183,3.310855602,0
X178,1268,-0.407982709,0
X178,1291,-1.17549945,0
X178,1323,-0.731916283,0
X178,1329,1.172508422,1
X178,1419,1.244572053,1
X178,1450,3.96271184,0
X178,1467,2.768891064,1
X178,1485,2.865192119,1
X178,1524,-0.522019153,0
X178,1600,-1.611369663,0
X178,1612,-2.948173512,1
X178,1693,3.598419439,1
X178,1733,-0.489869341,0
X178,1810,empty,0
X178,1812,-0.759204898,0
X178,1826,3.97664981,1
X178,1829,1.76115343,1
X178,1879,0.145900187,0
X178,1891,-2.01112487,0
X178,1992,3.44283045,1
X178,1993,0.915042855,1
X178,1999,1.2818303,1
X178,2008,1.860291877,1
X178,2028,-1.464081164,0
X178,2036,-2.436683383,0
X178,2055,-1.468907978,1
X178,2104,-3.597338097,0
X178,2127,1.710847365,1
X178,2135,-1.789794714,0
X178,2241,1.149804434,0
X178,2421,-0.794772551,1
X178,2467,-0.406730833,1
X178,2481,-0.203293506,0
X178,2536,2.967018487,1
X178,2673,-0.031825015,1
X178,2679,2.565214746,0
X178,2691,3.136620692,1
X178,2693,0.489952576,0
X178,2815,-0.181869324,1
X178,2939,empty,0
X178,2990,2.91894098,1
X178,3027,4.175751215,0
X178,3073,-1.314211364,0
X178,3088,2.093863637,1
X178,3094,1.494577726,0
X178,3099,-0.507876216,0
X178,3147,3.52087796,0
X178,3179,-1.722864268,1
X178,3202,0.007327386,1
X178,3241,3.365755381,1
X178,3252,4.280386571,1
X178,3280,2.472078414,0
X178,3292,2.467083584,1
X178,3345,1.785980598,1
X178,3390,-0.036863201,0
X178,3396,3.674725364,1
X178,3433,0.724974478,1
X178,3436,-1.048838806,1
X178,3476,-4.597917523,0
X178,3495,-2.307587644,1
X178,3496,1.392361608,1
X178,3544,-0.590845295,0
X178,3632,0.218003808,1
X178,3638,-0.019420761,1
X178,3642,-0.991082853,0
X178,3670,-2.919387363,1
X178,3691,0.948224506,0
X178,3756,-0.232837841,0
X178,3928,1.939508346,1
X178,3964,-1.501659695,0
X178,3968,2.309889385,1
X178,4027,1.818704145,0
X178,4095,-1.603471722,1
X178,4119,-1.060033968,1
X178,4126,-1.097088072,1
X178,4132,1.976688654,1
X178,4159,-0.265415023,1
X179,36,-0.480200611,0
X179,113,1.404099611,0
X179,156,-0.255652261,0
X179,183,-1.569000843,0
X179,207,-0.16952499,0
X179,216,0.8766072,0
X179,249,-0.98853687,0
X179,284,0.567780635,0
X179,360,-0.354066133,0
X179,386,0.404803576,0
X179,389,0.384545617,0
X179,473,0.831274287,0
X179,503,1.515699908,0
X179,536,1.588266446,1
X179,630,-1.122628635,0
X179,817,0.552986336,0
X179,823,0.92482947,0
X179,855,0.202200316,0
X179,888,-1.115335795,0
X179,893,0.535428369,0
X179,914,0.224546577,0
X179,943,1.391609283,0
X179,978,-1.273885118,0
X179,996,-0.225044783,0
X179,1064,0.669101097,0
X179,1088,0.50992271,0
X179,1100,-0.012732296,0
X179,1119,0.830987552,0
X179,1178,-0.723999076,0
X179,1183,0.967682459,1
X179,1228,-1.300765321,0
X179,1268,0.263414059,0
X179,1295,0.085716227,0
X179,1329,0.874748004,0
X179,1374,-0.759536389,0
X179,1389,1.016330454,1
X179,1485,-2.68e-05,0
X179,1495,-0.384812426,0
X179,1517,0.194866484,0
X179,1586,-0.318631726,0
X179,1655,-0.154729601,0
X179,1680,1.090685719,0
X179,1708,-0.549080714,0
X179,1709,1.01388843,0
X179,1729,-1.011172784,0
X179,1810,0.60487427,0
X179,1900,-0.774988927,0
X179,1945,0.916145305,0
X179,1990,1.802848547,0
X179,1991,0.560227633,0
X179,2036,-0.484048912,0
X179,2104,0.165572555,0
X179,2110,-0.70811005,0
X179,2160,-0.161586797,0
X179,2234,-0.014977336,0
X179,2242,0.445712324,0
X179,2430,-0.464047646,0
X179,2434,-1.641116355,0
X179,2452,-1.108623843,0
X179,2481,-0.006902436,0
X179,2562,0.708020784,0
X179,2666,-0.441168007,0
X179,2677,0.603169536,0
X179,2693,0.253286795,0
X179,2763,-0.383296422,0
X179,2784,-0.07878054,0
X179,2816,-1.447099294,0
X179,2817,1.411116926,0
X179,2849,1.988043691,0
X179,2888,0.874375971,0
X179,2915,-1.467888843,0
X179,2962,0.422112881,0
X179,3064,0.251070089,0
X179,3079,-1.300196471,0
X179,3202,-0.746461983,0
X179,3231,-0.135962313,0
X179,3292,0.500984288,0
X179,3343,0.230180047,0
X179,3349,-0.601538721,0
X179,3396,1.040255449,0
X179,3433,-0.272016239,0
X179,3476,0.955133253,0
X179,3529,0.405762684,0
X179,3662,0.768408258,0
X179,3710,-1.380510255,0
X179,3747,0.639501212,0
X179,3781,-0.625231862,0
X179,3791,1.562882346,0
X179,3824,-0.902336491,0
X179,3867,-0.308364526,0
X179,3895,-0.23997741,0
X179,3954,0.780627727,0
X179,3966,0.066950483,0
X179,3973,0.44486857,0
X179,4053,0.451733849,0
X179,4095,-0.063760044,0
X179,4113,-1.353084693,0
X179,4127,-0.738462485,0
X179,4164,0.881668642,1
X179,4168,-0.082150381,0
X180,36,0.262569041,0
X180,113,-1.207267156,0
X180,170,0.531407505,0
X180,192,-1.310407906,0
X180,229,2.255114313,0
X180,401,-1.392843398,0
X180,414,0.547678203,0
X180,486,0.164767452,0
X180,525,0.485233252,0
X180,536,-1.78240431,0
X180,561,0.667960783,1
X180,575,1.954842182,1
X180,624,-2.004852575,0
X180,634,0.511757416,1
X180,663,2.28745991,0
X180,712,-0.784516047,0
X180,807,0.327357081,0
X180,817,-1.576313859,0
X180,837,-1.66433984,0
X180,879,0.829791308,0
X180,888,1.963334235,0
X180,907,-2.000301225,0
X180,953,-2.229234883,0
X180,959,0.110997138,0
X180,978,-0.235174361,0
X180,992,0.902111644,0
X180,1010,-0.544991787,0
X180,1046,0.990901636,0
X180,1061,1.826087764,0
X180,1089,1.088240165,0
X180,1106,-0.811011056,0
X180,1129,-0.83919862,0
X180,1154,0.463828452,0
X180,1224,0.235246517,0
X180,1323,-1.357785649,0
X180,1374,-3.862364782,0
X180,1421,-2.220024814,0
X180,1450,-1.839109129,0
X180,1495,1.919894674,1
X180,1580,0.508572794,0
X180,1612,-1.17133312,1
X180,1834,0.654235384,0
X180,1840,2.128168215,0
X180,1844,-3.235235399,0
X180,1898,1.472010132,1
X180,1937,-1.446083654,0
X180,2008,0.613587128,0
X180,2076,-1.255723539,0
X180,2082,1.568705218,0
X180,2104,2.715047631,0
X180,2108,0.8380493,0
X180,2110,-0.032005005,0
X180,2135,-0.745221897,0
X180,2245,0.572920361,0
X180,2276,1.365744044,0
X180,2309,-1.336066319,0
X180,2402,-0.803367497,1
X180,2466,0.866844364,1
X180,2496,-0.953905564,0
X180,2562,-0.764014247,0
X180,2614,-0.639350956,0
X180,2771,1.429840054,1
X180,2775,3.106343743,0
X180,2783,1.894481955,1
X180,2848,-3.490568508,0
X180,2870,-1.385914384,0
X180,2953,-2.42225668,0
X180,2962,-2.390456391,0
X180,2969,-0.406099381,0
X180,3069,-0.328153327,0
X180,3088,-1.24211164,0
X180,3162,-1.385015314,0
X180,3190,2.911382433,1
X180,3202,-0.681626687,0
X180,3220,-2.697459869,0
X180,3226,-0.471346256,1
X180,3249,-0.563694453,0
X180,3385,-1.299259847,0
X180,3496,-0.579563409,0
X180,3511,2.04022773,1
X180,3512,-1.011062794,0
X180,3544,1.968300786,0
X180,3546,-1.389963352,0
X180,3547,2.401618457,1
X180,3551,-1.67734422,1
X180,3631,-0.393884283,0
X180,3662,-4.324904596,1
X180,3670,-0.930968669,0
X180,3677,-0.153156783,1
X180,3705,0.211534205,0
X180,3772,1.499125253,0
X180,3805,-0.628128049,0
X180,3844,0.995824498,0
X180,3940,0.501400687,0
X180,3964,0.797584441,0
X180,4003,-0.07218962,0
X180,4119,0.415889812,0
X180,4184,1.047399654,0
X180,4185,0.618806998,0
X180,4197,-2.135633958,0
X181,11,1.164867191,0
X181,36,-1.244627078,0
X181,73,0.206353541,0
X181,113,-1.210155495,0
X181,127,0.5631303,0
X181,156,-0.989172134,0
X181,183,-0.581459175,0
X181,274,-0.92403238,0
X181,294,-1.43560938,0
X181,343,-0.874863417,0
X181,575,-0.69438252,0
X181,616,-0.544736295,0
X181,617,-0.259424549,0
X181,675,2.059801859,0
X181,687,0.016821929,1
X181,690,0.69868081,0
X181,807,-0.3359266,0
X181,823,-0.272508412,0
X181,836,0.662775835,0
X181,851,-0.756917462,0
X181,879,-0.184952168,0
X181,893,-1.643790965,0
X181,943,0.333054379,0
X181,989,-1.198332471,0
X181,1008,-0.548390004,0
X181,1046,2.477291694,0
X181,1061,-0.473879127,0
X181,1064,2.449569372,1
X181,1089,-0.81440329,0
X181,1094,1.340529179,0
X181,1096,-0.578020294,0
X181,1106,-0.567114382,0
X181,1183,0.659506651,0
X181,1239,-0.859423393,0
X181,1268,-0.923325694,0
X181,1291,0.126582394,0
X181,1295,-1.692989144,0
X181,1375,-0.924926557,0
X181,1392,-0.440888494,0
X181,1421,-1.994435584,0
X181,1436,0.350906703,0
X181,1467,0.219157625,0
X181,1492,1.19311232,0
X181,1517,0.116420629,0
X181,1524,0.204159607,0
X181,1568,-0.006751533,0
X181,1581,-0.390808686,0
X181,1690,-1.048839543,0
X181,1691,-0.336143817,0
X181,1812,1.526848938,0
X181,1866,1.334134054,0
X181,1879,-1.185501457,0
X181,1894,0.258441405,0
X181,1991,-1.027639185,0
X181,1992,-0.885559055,0
X181,1999,0.362826146,0
X181,2008,2.58185172,0
X181,2036,0.308055462,0
X181,2110,-0.634699063,0
X181,2198,-0.938843979,0
X181,2234,0.961051111,0
X181,2242,-0.960569898,0
X181,2245,-1.482426554,0
X181,2276,1.890120884,0
X181,2286,0.324653847,0
X181,2290,1.291053866,0
X181,2309,2.442521481,0
X181,2333,0.752134574,0
X181,2496,-0.193404103,1
X181,2536,0.317432075,0
X181,2561,0.078348807,0
X181,2693,-1.691341414,0
X181,2719,0.098872898,0
X181,2817,1.172898742,0
X181,2879,-0.54718783,0
X181,2884,1.692507359,0
X181,2887,1.982208223,0
X181,2899,3.234634766,0
X181,2915,0.452197464,0
X181,3179,-0.272258517,1
X181,3241,-0.606448226,0
X181,3249,0.598484012,0
X181,3250,empty,0
X181,3279,-0.013290479,0
X181,3496,-0.814705468,0
X181,3539,-2.583367261,0
X181,3544,0.868130834,0
X181,3551,1.442675105,0
X181,3552,-1.971373275,0
X181,3630,0.315093144,0
X181,3670,-0.325274416,0
X181,3705,0.629187428,0
X181,3710,0.672494592,1
X181,3772,1.517987829,0
X181,3781,3.492931215,1
X181,3791,0.090874535,0
X181,3795,-0.450236162,0
X181,3905,-0.571435956,0
X181,4005,0.54311815,0
X181,4110,0.606344267,0
X181,4121,-0.93802541,0
X181,4204,-0.066600409,0
X182,11,-1.929616398,0
X182,12,-1.386407742,0
X182,36,-3.013759157,0
X182,107,0.484396912,0
X182,127,-0.362442022,0
X182,170,0.758460546,0
X182,191,0.227903921,0
X182,192,1.359080469,0
X182,249,1.664116502,0
X182,449,-0.186684562,0
X182,613,-0.767451289,0
X182,622,0.536925209,0
X182,630,0.427122822,0
X182,663,-0.844396406,0
X182,675,-1.387204848,0
X182,690,-1.585638078,0
X182,758,0.715185067,0
X182,851,-0.367978924,0
X182,865,0.21828323,1
X182,877,-0.405780727,0
X182,879,0.237003888,0
X182,912,0.144771826,0
X182,958,1.415911672,0
X182,971,2.42574358,1
X182,989,-0.102776604,0
X182,1046,1.942788846,0
X182,1088,0.294189382,0
X182,1106,0.48422314,0
X182,1108,-2.056427839,0
X182,1183,-1.113750129,0
X182,1248,-0.782748256,0
X182,1249,-1.115482254,0
X182,1268,-1.244267442,0
X182,1392,-3.057146568,0
X182,1426,1.004100881,0
X182,1492,1.230592931,0
X182,1592,-1.339744849,0
X182,1598,-1.133879107,0
X182,1600,0.515376837,0
X182,1635,-0.634189438,0
X182,1655,-0.242014372,0
X182,1690,0.196030094,0
X182,1708,1.345087849,0
X182,1775,-0.037554951,0
X182,1814,1.731032019,0
X182,1829,-1.637400522,0
X182,1900,0.242403231,0
X182,1943,0.64451886,0
X182,1944,1.269061804,0
X182,1993,0.091825378,0
X182,1994,0.972716146,1
X182,2036,-0.758977173,0
X182,2055,3.841714656,1
X182,2110,-2.101345391,0
X182,2305,0.150646266,0
X182,2333,0.935031314,0
X182,2407,-0.528537237,1
X182,2466,0.108167822,1
X182,2534,-0.223013251,0
X182,2562,0.528583984,0
X182,2614,0.990244157,1
X182,2622,-0.101170142,1
X182,2624,1.626120222,0
X182,2638,0.057988776,0
X182,2648,1.527817912,0
X182,2763,0.54141415,0
X182,2775,-0.544158067,1
X182,2848,1.325079347,1
X182,2888,-4.604396544,0
X182,2939,-0.815858045,0
X182,3103,-1.165890551,0
X182,3162,-1.674869123,0
X182,3179,0.269575184,0
X182,3250,2.233898727,0
X182,3279,0.050004618,0
X182,3280,0.011961775,0
X182,3340,1.099191628,1
X182,3349,0.253087867,0
X182,3385,0.497462364,0
X182,3440,empty,0
X182,3465,0.111848968,0
X182,3482,1.679260068,0
X182,3495,-0.5049148,1
X182,3529,1.20368994,0
X182,3539,0.903099091,0
X182,3571,1.168321141,0
X182,3632,0.233769631,0
X182,3638,0.219618095,0
X182,3670,2.45473149,0
X182,3677,0.812107188,0
X182,3723,0.315306497,1
X182,3747,0.32597841,1
X182,3805,0.326046159,0
X182,3844,0.447644431,0
X182,3867,0.783948605,0
X182,3905,-3.416203971,0
X182,3911,-0.843174576,0
X182,3917,1.510466892,0
X182,3964,0.259559225,1
X182,4001,-0.628368476,0
X182,4002,-1.043973037,0
X182,4017,1.182910374,0
X182,4041,2.0071609,0
X182,4110,0.578315245,0
X182,4185,-0.63825665,0
X182,4200,-1.998992345,0
X182,4201,0.642769834,0
X183,11,-0.100209678,0
X183,43,-0.308463941,0
X183,73,0.267617658,0
X183,127,0.139116183,0
X183,191,0.059948088,0
X183,199,-0.231970535,0
X183,287,0.211560704,0
X183,360,-0.247936166,0
X183,401,-0.114121447,0
X183,449,-0.090835799,0
X183,485,0.037686809,0
X183,486,-0.629626539,0
X183,503,0.279077979,0
X183,530,-0.184434166,0
X183,543,0.035856811,0
X183,561,0.024547477,0
X183,575,0.096375917,0
X183,657,0.281274137,0
X183,712,0.226563562,0
X183,758,0.284165164,0
X183,837,-0.199693605,0
X183,893,0.186117327,0
X183,907,0.622396268,0
X183,958,0.191107579,0
X183,992,-0.031417044,0
X183,1021,0.341305486,0
X183,1046,0.094685972,0
X183,1096,0.105520593,0
X183,1138,0.110383527,0
X183,1278,-0.183700123,0
X183,1285,0.29267504,0
X183,1329,0.78816995,0
X183,1392,-0.375658631,0
X183,1421,-0.40741052,0
X183,1525,0.564989117,0
X183,1552,0.054018032,0
X183,1586,-0.491876471,0
X183,1612,0.17917866,0
X183,1654,-0.018484601,0
X183,1655,0.09748761,0
X183,1690,0.130487868,0
X183,1691,0.177323055,0
X183,1708,0.219026,0
X183,1709,-0.032966324,0
X183,1717,-0.004616861,0
X183,1725,0.204630211,0
X183,1812,-0.182113252,0
X183,1868,-0.318966077,0
X183,1881,0.115278324,0
X183,1891,0.136067282,0
X183,1898,0.225398701,0
X183,1937,-0.35037372,0
X183,1943,-0.251331943,0
X183,1952,0.0994046,0
X183,1992,-0.252498587,0
X183,1994,-0.321466438,0
X183,1997,-0.222906127,0
X183,2188,0.496996877,0
X183,2221,0.00118804,0
X183,2287,0.161997318,0
X183,2290,-0.202900472,0
X183,2305,0.312815986,0
X183,2368,-0.253352931,0
X183,2562,-0.275464327,0
X183,2576,0.165109497,0
X183,2613,-0.020230898,0
X183,2622,0.093236513,0
X183,2648,0.316979916,0
X183,2673,-0.012429946,0
X183,2696,0.098804966,0
X183,2763,0.315348949,0
X183,2888,-0.165448496,0
X183,2966,0.235105248,0
X183,2968,-0.339994395,0
X183,2972,-0.193363134,0
X183,2990,0.211115483,0
X183,3027,0.335949957,0
X183,3069,0.147699605,0
X183,3179,-0.254716299,0
X183,3231,0.021774638,0
X183,3233,0.146408103,0
X183,3249,0.095381051,0
X183,3250,-0.197702329,0
X183,3252,-0.231043888,0
X183,3292,0.184572732,0
X183,3343,0.205932538,0
X183,3349,0.128386566,0
X183,3390,0.225252106,0
X183,3460,-0.193886539,0
X183,3465,-0.036837952,0
X183,3476,-0.015615226,0
X183,3482,0.59142009,0
X183,3539,0.263544027,0
X183,3544,-0.04865346,0
X183,3546,0.003245488,0
X183,3547,0.01815635,0
X183,3571,-0.110912853,0
X183,3612,-0.117438741,0
X183,3780,-0.557059659,0
X183,3781,0.280449017,0
X183,3783,-0.17817278,0
X183,3791,-0.031188165,0
X183,3824,-0.174007453,0
X183,3867,-0.240273654,0
X183,3881,-0.145893241,0
X183,3918,0.088147542,0
X183,4005,-0.396147553,0
X183,4126,0.593269722,0
X183,4184,0.514107325,0
X183,4197,-0.12678117,0
X183,4201,-0.095084392,0
X184,58,-0.095227815,0
X184,156,0.142739633,0
X184,162,-0.064190045,0
X184,229,-0.11934919,0
X184,274,0.139047992,0
X184,343,-0.156907398,0
X184,485,-0.006199496,0
X184,549,0.315737325,0
X184,617,-0.003043654,0
X184,622,0.094371176,0
X184,624,0.121660183,0
X184,649,-0.143286391,0
X184,675,-0.30570064,0
X184,687,0.052208053,0
X184,712,-0.00096665,0
X184,758,0.029726597,0
X184,769,0.059252349,0
X184,855,-0.101483194,0
X184,876,-0.184307203,0
X184,912,0.138724497,0
X184,953,0.073526432,0
X184,959,0.113230627,0
X184,1021,0.21576198,0
X184,1061,0.099036975,0
X184,1100,0.127949758,0
X184,1106,0.072769943,0
X184,1228,-0.124560549,0
X184,1268,-0.019937947,0
X184,1302,-0.004845058,0
X184,1332,-0.017922671,0
X184,1374,0.036297837,0
X184,1441,0.243566443,0
X184,1512,empty,0
X184,1525,0.074594941,0
X184,1568,-0.108450682,0
X184,1581,0.288834427,0
X184,1654,0.058889054,0
X184,1680,-0.041236135,0
X184,1690,0.12507627,0
X184,1729,0.026205689,0
X184,1812,-0.188176744,0
X184,1814,-0.028768765,0
X184,1891,-0.143270952,0
X184,1894,0.292507849,0
X184,1937,0.201698855,0
X184,1952,-0.01916028,0
X184,1973,0.041462044,0
X184,1990,0.084221238,0
X184,2108,-0.178166186,0
X184,2188,-0.041169111,0
X184,2221,0.08943084,0
X184,2368,-0.106641602,0
X184,2375,0.063017336,0
X184,2402,0.085378259,0
X184,2434,-0.21570486,0
X184,2483,-0.129680004,0
X184,2499,-0.037163858,0
X184,2601,-0.149500414,0
X184,2677,-0.114954454,0
X184,2783,-0.046383604,0
X184,2784,-0.265478016,0
X184,2816,-0.081968229,0
X184,2818,-0.231752493,0
X184,2850,0.202986255,0
X184,2887,0.070677539,0
X184,2953,-0.333440061,0
X184,2982,-0.257155485,0
X184,3041,-0.112325746,0
X184,3103,-0.083575353,0
X184,3162,0.002445107,0
X184,3202,-0.074743231,0
X184,3220,0.19604619,0
X184,3226,0.13506834,0
X184,3250,0.059646742,0
X184,3279,-0.196311574,0
X184,3343,0.186538248,0
X184,3349,0.122748303,0
X184,3371,-0.001669677,0
X184,3512,0.000638287,0
X184,3557,-0.12366984,0
X184,3572,-0.271090038,0
X184,3612,0.080840507,0
X184,3772,0.097073061,0
X184,3849,0.055119164,0
X184,3895,-0.381326038,0
X184,3940,-0.228388533,0
X184,4004,-0.039044368,0
X184,4027,-0.210327927,0
X184,4095,0.130155794,0
X184,4110,-0.124580674,0
X184,4113,-0.090263058,0
X184,4126,0.151356594,0
X184,4159,0.139660607,0
X184,4184,-0.034038616,0
X185,11,0.680519904,0
X185,12,0.687546681,0
X185,73,0.618806871,0
X185,107,0.863963563,0
X185,216,0.292713782,0
X185,249,-0.510716991,0
X185,256,0.063582229,0
X185,268,0.545143309,0
X185,283,-1.374133066,0
X185,284,1.218857002,0
X185,343,-0.629626746,0
X185,389,-0.106863106,0
X185,393,-0.900909831,0
X185,431,1.00621879,0
X185,511,-0.288691436,0
X185,543,0.426799694,0
X185,549,0.16215836,0
X185,561,0.623553161,0
X185,613,-0.374695338,0
X185,617,-0.517728079,0
X185,630,0.358912571,0
X185,631,0.257330229,0
X185,675,-0.436757993,0
X185,687,0.271628347,0
X185,780,0.734713088,0
X185,782,0.627885706,0
X185,817,0.543628712,0
X185,876,-0.493759565,0
X185,879,0.36992474,0
X185,888,-0.342287629,0
X185,978,-0.329352828,0
X185,1100,-0.786755308,0
X185,1103,0.305953614,0
X185,1106,-0.344475223,0
X185,1187,-0.692987904,0
X185,1249,-0.111606876,0
X185,1278,-0.594178977,0
X185,1291,0.163437389,0
X185,1295,-0.344235445,0
X185,1323,0.752323761,0
X185,1332,-0.503997734,0
X185,1436,0.716888273,0
X185,1447,-0.401657686,0
X185,1472,0.300928993,0
X185,1512,-0.880752912,0
X185,1524,-0.204753734,0
X185,1565,-0.016951512,0
X185,1598,-0.066432456,0
X185,1635,0.743987028,0
X185,1671,-0.586449471,0
X185,1700,-0.857074524,0
X185,1717,-0.236160842,0
X185,1725,0.037105103,0
X185,1733,-0.003001056,0
X185,1746,-0.090222497,0
X185,1824,-0.767706498,0
X185,1866,0.587440846,0
X185,1868,0.933195786,0
X185,1881,0.907241563,0
X185,1894,-0.038485784,0
X185,1900,-0.898743478,0
X185,1952,0.168500156,0
X185,1990,-0.220615907,0
X185,1999,-0.635677512,0
X185,2008,0.720458768,0
X185,2110,1.204448617,0
X185,2135,1.028451808,0
X185,2137,-0.668808008,0
X185,2188,0.187693387,0
X185,2221,-0.95055766,0
X185,2277,-0.31679895,0
X185,2290,-0.253311126,0
X185,2402,0.437796406,0
X185,2452,-0.827614712,0
X185,2467,1.386675585,1
X185,2561,0.07801544,0
X185,2614,0.144561686,0
X185,2636,-0.385938324,0
X185,2693,0.945414161,0
X185,2719,0.445893653,0
X185,2784,0.462820716,0
X185,2815,-0.509449852,0
X185,2843,0.414194235,0
X185,2876,-0.572797506,0
X185,2887,-0.45763324,0
X185,2899,-0.226804796,0
X185,2962,-0.16993207,0
X185,2982,0.46088024,0
X185,3088,-0.07746739,0
X185,3235,-0.253085775,0
X185,3252,-0.509347438,0
X185,3280,-0.46652276,0
X185,3340,-0.378657297,0
X185,3345,-0.019852889,0
X185,3371,0.641203762,0
X185,3375,0.330619479,0
X185,3440,-0.553163115,0
X185,3496,-0.294648955,0
X185,3540,0.075529088,0
X185,3544,0.441717768,0
X185,3552,-0.133433486,0
X185,3557,-0.017789632,0
X185,3572,-0.456005503,0
X185,3612,-0.377689737,0
X185,3632,-1.134500703,0
X185,3723,1.147702739,0
X185,3772,0.558236645,0
X185,3791,-0.115048065,0
X185,3795,-0.023960304,0
X185,3805,0.621747116,0
X185,3819,-0.329096437,0
X185,3849,-0.395790483,0
X185,3895,-0.01257067,0
X185,3911,0.112690205,0
X185,3966,0.756080966,0
X185,4021,-0.84598619,0
X185,4053,-0.167835397,0
X185,4132,-0.574943685,0
X185,4156,1.171871191,0
X185,4204,-0.369662072,0
X186,12,1.034716607,1
X186,58,-0.380290871,0
X186,156,1.632197284,1
X186,183,-0.207747793,0
X186,192,3.034264496,0
X186,211,-1.233964947,1
X186,222,0.980180241,1
X186,229,0.000107731,1
X186,247,1.776087067,0
X186,294,0.795110443,1
X186,393,1.048840355,1
X186,419,empty,0
X186,525,-2.706828044,0
X186,561,5.577479372,1
X186,567,5.431042748,1
X186,613,-2.713680301,0
X186,616,-2.297178811,0
X186,622,-0.975897217,0
X186,634,3.177238951,1
X186,657,-2.385174954,1
X186,689,1.574286969,1
X186,690,0.038455774,0
X186,823,0.697062827,1
X186,837,-1.759240871,0
X186,851,0.581405504,0
X186,875,1.664584825,0
X186,876,0.89366791,0
X186,888,-0.230771534,1
X186,949,1.941425321,1
X186,978,-1.211971295,0
X186,1096,-0.890905203,0
X186,1106,-2.199381247,0
X186,1119,-0.887381135,1
X186,1138,-2.118450854,0
X186,1141,1.064242112,0
X186,1151,0.885362103,0
X186,1295,0.821711724,1
X186,1323,-2.027836304,0
X186,1447,-1.079414397,0
X186,1467,-0.070253757,0
X186,1483,1.340277652,1
X186,1517,-0.612367833,0
X186,1530,-0.837577845,0
X186,1600,2.418947602,0
X186,1647,1.532453764,1
X186,1691,-0.086430308,1
X186,1725,1.649242314,1
X186,1812,-1.29584093,0
X186,1840,2.057333672,1
X186,1898,-1.019905069,0
X186,1900,0.402522184,1
X186,1943,-1.105195483,1
X186,2008,-1.402905034,1
X186,2104,-0.538037219,1
X186,2110,5.759851103,0
X186,2245,empty,1
X186,2309,-4.781153766,0
X186,2434,3.296968762,1
X186,2496,3.174396184,1
X186,2614,-3.688561634,0
X186,2622,0.613891657,1
X186,2638,3.475880026,0
X186,2673,-1.212139563,1
X186,2677,-1.607832832,0
X186,2691,0.066400468,1
X186,2817,-3.7837664,0
X186,2818,6.959667315,0
X186,2850,-0.464695909,0
X186,2870,0.36708595,1
X186,2893,-0.996038421,1
X186,2899,0.900445529,1
X186,3041,0.02603603,1
X186,3073,0.905634896,0
X186,3079,1.596007984,0
X186,3231,1.180401937,0
X186,3249,1.011084135,1
X186,3250,-0.11974084,0
X186,3343,-1.143637336,0
X186,3349,4.63114988,0
X186,3360,3.376571472,1
X186,3385,1.817716591,1
X186,3433,-0.411346688,1
X186,3440,2.416491456,1
X186,3460,-2.442477874,0
X186,3546,1.115752551,0
X186,3571,6.451967988,1
X186,3612,1.268202468,0
X186,3691,0.147093931,0
X186,3710,-0.693709572,1
X186,3783,-0.434312428,0
X186,3819,4.053760652,0
X186,3877,-2.039116833,0
X186,3881,-3.315353179,1
X186,3917,-1.324960654,0
X186,3928,1.779528021,1
X186,3940,4.361800605,1
X186,3968,-1.611537621,1
X186,4005,-2.585222568,0
X186,4029,4.264462943,1
X186,4053,-0.623785293,0
X186,4095,-4.802407487,1
X186,4142,0.48443159,1
X187,11,-1.922868403,0
X187,43,-1.405716105,0
X187,127,-1.309339459,0
X187,192,-1.002570649,1
X187,214,-3.312499869,0
X187,375,0.191731121,1
X187,401,-0.367068824,0
X187,413,0.723021072,0
X187,414,-1.933321389,1
X187,485,0.741087744,1
X187,499,0.711272023,0
X187,503,1.609399484,0
X187,622,-1.656738916,1
X187,630,1.750550225,1
X187,669,0.092725462,1
X187,675,1.079436826,0
X187,712,1.752843126,0
X187,758,-2.509787132,0
X187,769,2.612804243,1
X187,807,-1.347504117,0
X187,914,3.605818062,1
X187,943,-1.277243453,0
X187,989,6.468952733,1
X187,992,-0.135459872,0
X187,1089,-1.793079581,0
X187,1094,3.209869218,1
X187,1103,0.778437992,1
X187,1141,0.074068996,1
X187,1154,2.291504496,0
X187,1239,6.944692613,1
X187,1248,-1.481744927,0
X187,1323,2.232967772,1
X187,1359,-0.553503177,0
X187,1374,1.203583966,1
X187,1436,1.623949459,1
X187,1467,-2.194388192,0
X187,1581,3.318717791,1
X187,1615,0.242708454,0
X187,1655,0.396351354,0
X187,1671,2.371004155,0
X187,1729,1.199418605,1
X187,1824,0.689142326,1
X187,1844,-0.813798623,0
X187,1866,2.960319014,1
X187,1879,-2.925232831,1
X187,1886,2.649594027,0
X187,1944,2.891598012,1
X187,1991,-1.741794524,0
X187,1999,2.130871308,0
X187,2008,3.185492075,0
X187,2082,1.75356937,1
X187,2160,4.033228518,0
X187,2245,-0.059767351,0
X187,2305,-0.699166435,1
X187,2332,1.329193841,0
X187,2407,-2.449441569,0
X187,2445,-2.540000794,0
X187,2452,1.294416903,1
X187,2496,-0.799181353,0
X187,2499,1.666286994,0
X187,2601,1.744229996,1
X187,2613,-0.308055336,1
X187,2636,-1.660092935,0
X187,2673,-1.549236374,0
X187,2719,-0.34463827,1
X187,2763,2.395142012,1
X187,2771,0.400206715,0
X187,2775,3.276076841,1
X187,2783,-2.713493666,1
X187,2784,4.441277786,1
X187,2817,0.957591321,1
X187,2899,-1.413624659,0
X187,2952,-1.217620598,0
X187,2962,0.164311983,1
X187,2972,0.059691247,1
X187,3041,0.857405511,0
X187,3088,-1.772895639,0
X187,3103,0.535396987,1
X187,3121,-1.84072955,1
X187,3220,0.957738933,0
X187,3226,0.741508597,0
X187,3235,0.292068731,1
X187,3433,0.064136724,0
X187,3434,0.816778888,1
X187,3440,-0.884697261,0
X187,3677,-3.275238721,0
X187,3791,-1.736826678,1
X187,3801,1.181074855,1
X187,3805,-1.536143217,0
X187,3844,-1.343269493,1
X187,3905,-0.076322532,1
X187,3973,-4.881760192,0
X187,4004,1.286431951,1
X187,4021,0.926086578,1
X187,4029,1.746129546,0
X187,4110,0.502062443,0
X187,4119,-1.298770389,1
X187,4121,0.212645723,0
X187,4126,-1.000302288,0
X187,4159,2.354705551,0
X187,4168,-2.455332926,0
X187,4197,-1.996910086,0
X189,36,2.998323186,1
X189,192,0.760207663,1
X189,199,2.559992554,1
X189,214,-0.55507544,1
X189,268,0.274016013,1
X189,401,0.524765512,0
X189,413,1.903813548,1
X189,485,2.685691215,1
X189,511,0.507158799,1
X189,543,2.351401173,1
X189,573,0.533974032,1
X189,613,2.453534715,1
X189,616,1.937845308,1
X189,622,1.19081371,1
X189,631,-0.329946328,1
X189,675,1.370937175,0
X189,687,3.686133649,1
X189,769,-1.133995168,1
X189,780,2.333386458,1
X189,782,-0.204251897,1
X189,807,-2.099538962,0
X189,876,1.464346561,1
X189,877,0.144901295,1
X189,971,-1.754237878,1
X189,986,0.983663633,1
X189,989,-0.356573079,1
X189,1021,1.247361184,1
X189,1046,0.976625292,1
X189,1061,0.66446092,1
X189,1119,1.895853626,1
X189,1154,0.661601921,1
X189,1187,-0.703214389,1
X189,1239,1.786443688,1
X189,1248,0.384934319,1
X189,1284,2.022555865,1
X189,1359,-0.962882565,1
X189,1375,0.617602826,1
X189,1441,2.268578538,1
X189,1472,1.64889051,1
X189,1495,2.130755014,1
X189,1517,0.947946774,1
X189,1565,0.446720069,1
X189,1580,1.157430365,1
X189,1600,2.977433967,1
X189,1635,0.373186976,1
X189,1654,1.442946625,1
X189,1690,1.117930431,1
X189,1693,1.361435613,1
X189,1708,2.303275066,1
X189,1711,-0.540222216,1
X189,1717,0.312217345,1
X189,1840,-0.529878593,1
X189,1894,0.395134235,1
X189,1898,1.52412087,1
X189,1952,1.072812019,1
X189,1992,0.955008341,1
X189,1994,1.903937976,1
X189,2076,1.967706199,1
X189,2221,2.687478167,1
X189,2245,0.405295857,1
X189,2286,1.590552902,1
X189,2434,1.363925334,1
X189,2452,1.342862208,1
X189,2483,0.259294058,1
X189,2496,0.75397153,1
X189,2613,3.139745142,1
X189,2622,2.055898674,1
X189,2677,-1.135312761,1
X189,2708,0.26301101,1
X189,2870,1.667800481,1
X189,2879,1.155653852,1
X189,2884,1.327686487,1
X189,2915,0.831175332,1
X189,2952,-0.491593431,0
X189,2969,1.556759003,1
X189,3073,-1.466735345,1
X189,3103,2.832751861,1
X189,3147,1.523892775,1
X189,3231,1.477881949,1
X189,3233,0.977826894,1
X189,3349,1.955121648,1
X189,3396,1.204545519,1
X189,3495,2.525699701,1
X189,3496,1.222238176,1
X189,3511,-0.762132142,1
X189,3539,0.258473597,1
X189,3544,0.825209056,1
X189,3546,1.442659091,1
X189,3547,1.843161189,1
X189,3557,-0.336705591,1
X189,3572,0.642986487,1
X189,3631,1.189758518,1
X189,3670,0.640957475,1
X189,3696,0.218152248,1
X189,3805,2.322157899,1
X189,4039,-0.281495393,1
X189,4087,-0.131118041,1
X189,4119,0.044827697,1
X189,4121,2.16112069,1
X189,4126,1.238138979,1
X189,4142,0.424989372,1
X189,4184,1.018080234,1
X190,3,0.002728368,0
X190,58,-0.047836258,0
X190,107,0.082932064,0
X190,162,-0.082451919,0
X190,170,0.048620593,0
X190,247,0.000490823,0
X190,256,-0.082292246,0
X190,274,-0.035484559,0
X190,283,-0.029913793,0
X190,449,0.041448488,0
X190,473,-0.00569257,0
X190,483,-0.016837701,0
X190,499,0.020858393,0
X190,511,0.027676213,0
X190,553,0.002559573,0
X190,622,-0.012647291,0
X190,630,-0.007481106,0
X190,687,0.048446741,0
X190,855,-0.010423334,0
X190,865,-0.011161692,0
X190,888,-0.069556408,0
X190,912,-0.067260491,0
X190,914,0.136700379,0
X190,958,-0.066390506,0
X190,1046,0.013711667,0
X190,1061,0.0013781,0
X190,1108,0.014830017,0
X190,1154,-0.11750047,0
X190,1228,-0.110890417,0
X190,1248,-0.04233249,0
X190,1300,-8.15e-05,0
X190,1374,-0.033792333,0
X190,1389,-0.036387981,0
X190,1421,0.015238888,0
X190,1568,0.051374735,0
X190,1598,-0.030130579,0
X190,1600,-0.008611494,0
X190,1612,0.038820536,0
X190,1615,-0.119610649,0
X190,1671,0.032097268,0
X190,1693,-0.012147428,0
X190,1709,-0.04482037,0
X190,1711,0.015572855,0
X190,1725,0.018187504,0
X190,1729,0.045834351,0
X190,1840,0.032318866,0
X190,1844,0.10667996,0
X190,1866,0.054384051,0
X190,1868,-0.059418986,0
X190,1879,-0.04313217,0
X190,1886,-0.021160833,0
X190,1898,0.108830517,0
X190,1900,-0.01422112,0
X190,1945,-0.131415764,0
X190,1994,-0.073096591,0
X190,2028,-0.054886483,0
X190,2082,-0.048531919,0
X190,2104,0.032015808,0
X190,2108,0.00701681,0
X190,2241,0.096952266,0
X190,2245,-0.077911243,0
X190,2276,0.05608649,0
X190,2467,-0.111113561,0
X190,2481,0.041898465,0
X190,2494,0.085656006,0
X190,2601,0.005234431,0
X190,2848,-0.051548295,0
X190,2884,0.041901457,0
X190,2969,0.022442471,0
X190,2972,-0.071158058,0
X190,2992,-0.02515503,0
X190,3088,-0.080987349,0
X190,3099,-0.003565363,0
X190,3121,-0.013259573,0
X190,3226,-0.103573611,0
X190,3343,-0.016470581,0
X190,3349,-0.061886,0
X190,3385,0.024586532,0
X190,3396,-0.060709827,0
X190,3434,0.091313279,0
X190,3540,-0.098314977,0
X190,3612,0.038835287,0
X190,3632,-0.096043034,0
X190,3642,0.025561727,0
X190,3677,-0.113368848,0
X190,3696,0.001527409,0
X190,3756,0.036543764,0
X190,3781,-0.018799759,0
X190,3791,0.03089386,0
X190,3792,-0.084294639,0
X190,3795,-0.054983023,0
X190,3881,-0.006208203,0
X190,3918,-0.06194081,0
X190,3964,-0.032364831,0
X190,4039,-0.125211504,0
X190,4110,0.015818995,0
X190,4119,0.019361159,0
X190,4121,-0.122115496,0
X190,4126,-0.109069722,0
X190,4148,0.043166546,0
X190,4159,-0.047884188,0
X190,4168,-0.077155725,0
X190,4185,-0.091374442,0
X190,4200,0.030753531,0
X191,58,0.651909761,1
X191,73,1.177422792,0
X191,120,0.82970108,1
X191,127,-3.93513564,0
X191,156,-2.631390253,1
X191,199,1.015378006,1
X191,222,0.939300923,1
X191,256,-1.751520727,0
X191,274,1.760745977,1
X191,294,-2.838927281,0
X191,375,-3.546444764,0
X191,386,1.347126607,1
X191,413,2.367367855,1
X191,511,-0.721268247,0
X191,560,3.586059317,1
X191,617,-0.916952511,0
X191,631,0.913516723,1
X191,669,3.292125014,1
X191,690,-2.42869964,0
X191,807,-1.299863479,0
X191,837,1.775565983,1
X191,875,0.109767018,0
X191,893,-4.895321106,1
X191,907,3.030990896,0
X191,943,-2.9401178,0
X191,953,-4.023800865,0
X191,996,-3.102755769,0
X191,1064,-2.195645025,0
X191,1089,1.23691789,1
X191,1183,0.348533584,0
X191,1187,-0.56712002,0
X191,1248,0.547006935,1
X191,1268,0.728511945,1
X191,1278,1.653331599,0
X191,1400,1.253475666,1
X191,1419,-2.900275021,0
X191,1421,0.995139613,1
X191,1447,0.422792169,1
X191,1565,1.068623499,1
X191,1568,3.959293617,1
X191,1592,1.397468254,1
X191,1690,-0.274675518,1
X191,1709,1.248559623,1
X191,1746,-3.501424033,0
X191,1824,0.581823501,1
X191,1937,3.117966229,1
X191,1944,-1.480803756,0
X191,1945,-2.066183019,0
X191,1952,2.507882262,1
X191,2013,2.29320019,1
X191,2027,2.585186039,1
X191,2036,0.532371237,1
X191,2055,0.847707216,1
X191,2076,1.919072183,0
X191,2110,4.288367127,1
X191,2116,-0.774318032,0
X191,2160,-0.423435937,0
X191,2241,1.14234555,1
X191,2245,2.224416547,0
X191,2277,-2.072045718,0
X191,2305,3.085216771,1
X191,2452,0.336048999,1
X191,2561,4.715100577,1
X191,2614,3.901730823,1
X191,2636,-0.205437819,1
X191,2638,-1.1063622,1
X191,2679,-1.050642682,1
X191,2706,0.139860727,0
X191,2849,-0.151952701,1
X191,2879,2.336076453,0
X191,2887,0.0868278,1
X191,2893,3.046273162,1
X191,2939,-0.286453175,1
X191,2972,3.904364042,0
X191,2990,2.221515364,0
X191,3017,1.631682869,0
X191,3041,0.764453882,1
X191,3088,2.838863207,0
X191,3094,1.682096055,1
X191,3099,0.906867522,1
X191,3103,0.667180093,1
X191,3231,4.894456534,1
X191,3280,3.49189352,1
X191,3349,1.39859423,1
X191,3360,-0.025556474,1
X191,3375,2.369118019,1
X191,3385,2.788054291,0
X191,3390,3.98194711,1
X191,3396,0.716935907,0
X191,3440,1.346969149,0
X191,3476,0.8970286,1
X191,3512,1.190407668,1
X191,3551,-1.000846091,0
X191,3552,2.104795891,0
X191,3612,2.718635012,1
X191,3630,-1.620554833,0
X191,3727,0.417595608,0
X191,3746,2.310605228,1
X191,3791,0.788988612,1
X191,3792,-1.67110702,0
X191,3881,1.773442494,0
X191,3918,-1.664250099,0
X191,3928,-2.671341694,0
X191,3964,0.393501866,1
X191,4005,-1.88783572,0
X191,4053,-1.06148905,0
X191,4121,1.000167298,0
X192,73,-0.207347247,0
X192,120,0.077025258,0
X192,156,0.13932791,0
X192,170,0.022385794,0
X192,222,0.01641975,0
X192,249,0.166314414,0
X192,375,-0.140313851,0
X192,386,-0.070989458,0
X192,410,0.182629896,0
X192,414,-0.200566789,0
X192,449,-0.224382411,0
X192,530,-0.195135102,0
X192,553,0.079557752,0
X192,616,-0.236766091,0
X192,634,-0.098326964,0
X192,687,-0.445273055,0
X192,690,-0.012986672,0
X192,782,-0.008994191,0
X192,836,0.123397448,0
X192,855,0.201383313,0
X192,879,0.207969261,0
X192,888,-0.093750431,0
X192,978,-0.142142657,0
X192,989,-0.149816828,0
X192,1037,0.024085,0
X192,1064,0.21737492,0
X192,1088,-0.352895367,0
X192,1089,-0.178568429,0
X192,1106,-0.14416685,0
X192,1129,0.180388928,0
X192,1138,-0.206762212,0
X192,1154,0.043313307,0
X192,1249,-0.328033114,0
X192,1285,0.25695433,0
X192,1291,0.309381532,0
X192,1419,0.094744114,0
X192,1426,-0.385954527,0
X192,1472,0.160393358,0
X192,1483,-0.128505048,0
X192,1592,-0.102672027,0
X192,1598,0.010398965,0
X192,1635,-0.126420727,0
X192,1647,0.079419199,0
X192,1693,0.143575238,0
X192,1746,-0.193096783,0
X192,1810,0.007596191,0
X192,1840,0.008963934,0
X192,1937,0.033829988,0
X192,1944,0.089246532,0
X192,1952,-0.173802347,0
X192,1991,-0.093376616,0
X192,1994,-0.080569954,0
X192,1999,-0.029982357,0
X192,2044,-0.292053765,0
X192,2110,-0.160799299,0
X192,2198,-0.183488481,0
X192,2309,-0.30454831,0
X192,2358,0.318237147,0
X192,2407,-0.166411894,0
X192,2430,-0.157500842,0
X192,2434,-0.303499875,0
X192,2466,-0.119663367,0
X192,2494,-0.123441738,0
X192,2536,0.019750749,0
X192,2719,0.371427789,0
X192,2817,-0.405563752,0
X192,2832,-0.015845678,0
X192,2843,-0.143877142,0
X192,2899,-0.039178476,0
X192,2953,-0.283017412,0
X192,2969,-0.159165987,0
X192,2982,-0.072842834,0
X192,3088,0.113734076,0
X192,3190,-0.144687109,0
X192,3202,-0.144504451,0
X192,3460,-0.100264437,0
X192,3482,-0.089103129,0
X192,3572,0.020197683,0
X192,3638,-0.074293138,0
X192,3756,-0.273810668,0
X192,3783,0.391736584,0
X192,3792,0.047495457,0
X192,3819,0.125983767,0
X192,3824,-0.022296671,0
X192,3844,0.001102896,0
X192,3849,0.031323365,0
X192,3867,0.078407306,0
X192,3966,-0.113570595,0
X192,3968,0.104657434,0
X192,4002,0.194519124,0
X192,4087,-0.351230011,0
X192,4113,-0.390082276,0
X192,4142,-0.139250866,0
X192,4148,0.192375105,0
X192,4159,0.062403979,0
X194,12,-0.66565111,0
X194,156,-1.710746276,0
X194,162,-0.494416658,0
X194,199,-0.330245408,1
X194,375,0.935807964,1
X194,393,0.82238161,0
X194,567,-2.386060808,0
X194,573,1.68284764,0
X194,657,-0.279401789,0
X194,663,0.562232155,0
X194,780,-1.429471976,1
X194,836,1.560719518,0
X194,897,1.775183769,1
X194,986,1.87417595,1
X194,989,-2.172563224,1
X194,992,0.03306041,0
X194,996,0.635683678,0
X194,1010,2.100393114,0
X194,1089,0.178887609,0
X194,1094,1.807174829,1
X194,1108,-0.00014751,1
X194,1119,0.108063872,0
X194,1295,3.747385695,0
X194,1323,0.365505512,1
X194,1329,-0.104158563,0
X194,1374,0.928192772,1
X194,1426,4.747782055,1
X194,1441,-0.862104073,0
X194,1552,1.759368723,1
X194,1568,0.460662886,1
X194,1592,1.447832501,1
X194,1615,0.888045236,0
X194,1654,0.752033647,0
X194,1655,3.013646588,0
X194,1691,1.072430966,0
X194,1693,-1.274385734,0
X194,1711,-0.42988357,0
X194,1729,2.460730547,1
X194,1812,3.84243194,1
X194,1868,-1.513409937,1
X194,1886,0.050205975,0
X194,1938,0.737671834,0
X194,1944,0.323089733,1
X194,1952,-0.856543222,0
X194,1993,0.300669617,1
X194,1999,-0.535183876,0
X194,2036,-1.819043211,1
X194,2104,-1.499909336,0
X194,2108,3.326212135,0
X194,2160,2.132718283,0
X194,2286,1.102716986,0
X194,2305,6.010653365,1
X194,2368,0.281461559,0
X194,2483,3.068989575,0
X194,2494,-0.361171865,1
X194,2601,-0.157456034,1
X194,2636,2.65571209,0
X194,2677,5.073050323,1
X194,2696,-1.26413295,0
X194,2763,1.343306047,1
X194,2783,0.438029743,1
X194,2816,0.768252466,0
X194,2818,3.756384163,1
X194,2832,3.766918235,1
X194,2843,1.690841314,1
X194,2850,3.481753413,1
X194,2884,0.948847515,1
X194,2887,0.754319713,0
X194,2915,2.038268869,1
X194,2982,1.45749917,0
X194,3027,-0.263072026,1
X194,3094,0.772504322,1
X194,3190,-0.112278006,0
X194,3202,-5.235598517,0
X194,3233,2.658460808,1
X194,3292,-0.845727909,0
X194,3343,-2.586044381,1
X194,3371,1.106524748,1
X194,3396,-2.261986016,0
X194,3434,-3.652314287,1
X194,3436,3.775777041,1
X194,3465,1.249779466,1
X194,3482,2.262342393,1
X194,3495,2.469047266,0
X194,3539,-0.96671043,1
X194,3547,-1.872152277,0
X194,3552,-1.956021395,1
X194,3571,-0.021520347,0
X194,3642,-0.040565545,1
X194,3662,-0.536249063,0
X194,3696,-0.030120661,1
X194,3705,1.797255795,1
X194,3781,1.484588927,0
X194,3791,0.774378154,1
X194,3849,-0.806123674,0
X194,3867,0.617062407,0
X194,3895,-0.290073189,1
X194,3905,-1.068453078,1
X194,4021,1.22837091,1
X194,4132,0.898992279,1
X194,4148,-1.796384961,1
X194,4164,-0.648593736,0
X194,4168,0.118869145,0
X195,107,-0.211837477,0
X195,183,0.130748003,0
X195,256,-0.349487972,0
X195,268,0.788642548,0
X195,274,0.846646633,0
X195,308,-0.103710358,0
X195,375,-0.16069107,0
X195,431,1.097417939,0
X195,536,0.336438504,0
X195,616,-0.18254408,0
X195,630,-0.008753081,0
X195,631,0.086320221,0
X195,712,0.35850358,0
X195,769,-0.533122209,0
X195,780,0.652684894,1
X195,807,0.581400922,0
X195,817,-0.074725501,0
X195,855,-0.435115167,0
X195,875,0.20906765,0
X195,876,-0.761316349,0
X195,897,-0.235721242,0
X195,953,-0.390513969,0
X195,971,0.809080488,0
X195,1008,-0.140882009,0
X195,1087,0.189674228,0
X195,1141,0.350484773,0
X195,1183,0.400060083,0
X195,1224,-0.426052458,0
X195,1228,-0.153148399,0
X195,1291,0.469991121,0
X195,1312,-0.65836272,0
X195,1359,-0.179186227,0
X195,1400,0.021058288,0
X195,1647,0.024991357,0
X195,1709,0.124768625,0
X195,1725,-0.162859087,0
X195,1814,0.315230379,0
X195,1829,-0.877038451,0
X195,1852,-0.186623368,0
X195,1881,0.394057238,0
X195,1898,0.016745364,0
X195,1937,0.786000994,0
X195,1991,-0.840517894,0
X195,1992,0.620955785,0
X195,2036,0.218491646,0
X195,2044,0.212464817,0
X195,2076,-0.127391103,0
X195,2116,-0.746169925,0
X195,2234,-0.332912174,0
X195,2375,0.477479174,0
X195,2466,-0.083140731,0
X195,2467,0.472248751,0
X195,2496,0.544118595,0
X195,2551,0.332241465,0
X195,2614,0.760264229,0
X195,2624,0.714713665,0
X195,2648,0.187701008,0
X195,2679,0.179829987,0
X195,2818,-0.249878868,0
X195,2832,0.06700092,0
X195,2849,0.399972557,0
X195,2879,0.001351181,0
X195,2915,-0.316778626,0
X195,2968,-0.028103204,0
X195,3094,1.112850286,1
X195,3147,-0.711483073,0
X195,3371,0.643949736,0
X195,3375,0.130540562,0
X195,3390,0.153169066,0
X195,3396,0.190643153,0
X195,3434,-0.279834671,0
X195,3436,-0.398464112,0
X195,3440,0.046675867,0
X195,3465,-0.233154843,0
X195,3511,0.430752894,0
X195,3529,0.53654189,0
X195,3539,-0.859958605,0
X195,3552,-0.109896907,0
X195,3612,0.325982112,0
X195,3630,0.002460202,0
X195,3632,0.017805292,0
X195,3792,-0.13296038,0
X195,3844,-0.373278063,0
X195,3917,-0.315268135,0
X195,3918,-0.752173313,0
X195,4001,-0.60293717,0
X195,4004,-0.16468787,0
X195,4021,0.352599553,0
X195,4095,-0.328283639,0
X195,4121,0.029993449,0
X195,4164,0.051673341,0
X195,4168,0.434135997,0
X195,4201,0.807845052,0
X196,43,0.529975452,0
X196,73,0.293180033,0
X196,191,0.398300361,0
X196,199,-0.024310341,0
X196,211,0.536479706,0
X196,229,-0.27161242,0
X196,360,0.340236343,0
X196,393,0.120438957,0
X196,419,0.177327624,0
X196,561,0.229588636,0
X196,613,-0.097942409,0
X196,649,-0.365822961,0
X196,689,0.201328693,0
X196,823,0.107947536,0
X196,836,-0.495502351,0
X196,865,-0.390545426,0
X196,878,-0.606075212,0
X196,893,0.224047739,0
X196,907,-0.371172117,0
X196,914,0.110110159,0
X196,943,-0.524940195,0
X196,958,-0.490097802,0
X196,992,-0.448483581,0
X196,1037,0.605566045,0
X196,1087,0.344801424,0
X196,1100,0.344805951,0
X196,1119,-0.481057036,0
X196,1141,0.044686937,0
X196,1151,-0.433023151,0
X196,1224,0.055910289,0
X196,1239,0.089314029,0
X196,1268,0.300700269,0
X196,1278,-0.354566824,0
X196,1300,-0.095507139,0
X196,1302,empty,0
X196,1332,0.534382151,0
X196,1389,-0.218980419,0
X196,1447,0.349447276,0
X196,1483,0.224179703,0
X196,1485,-0.225509572,0
X196,1495,-0.577172589,0
X196,1525,-0.254408896,0
X196,1565,-0.415411551,0
X196,1600,-0.368673119,0
X196,1635,0.215427633,0
X196,1655,-0.186359358,0
X196,1733,-0.38160594,0
X196,1824,0.186343872,0
X196,1844,-0.326679927,0
X196,1879,0.629305337,0
X196,1894,0.091017419,0
X196,1994,-0.428217022,0
X196,2008,-0.41793348,0
X196,2013,0.472034701,0
X196,2028,0.420312075,0
X196,2055,-0.328476614,0
X196,2082,0.258852886,0
X196,2108,-0.431299707,0
X196,2116,0.163239577,0
X196,2160,0.039127164,0
X196,2188,0.001439909,0
X196,2234,0.10401885,0
X196,2241,1.210539964,1
X196,2276,-0.093853884,0
X196,2277,0.002137699,0
X196,2421,0.42878431,0
X196,2452,0.420960296,0
X196,2483,0.078134266,0
X196,2494,-0.070609125,0
X196,2499,0.282981012,0
X196,2561,0.502087535,0
X196,2614,-0.139443922,0
X196,2624,0.149606447,0
X196,2693,0.400747954,0
X196,2783,-0.278264321,0
X196,2815,0.233507753,0
X196,2849,0.034642626,0
X196,2870,0.05496737,0
X196,2962,-0.169823309,0
X196,2969,-0.283182374,0
X196,2972,0.89053421,0
X196,3041,-0.031134019,0
X196,3073,0.135088222,0
X196,3088,0.30147999,0
X196,3103,0.033297884,0
X196,3147,-0.324569388,0
X196,3279,1.811270864,1
X196,3280,-0.117839512,0
X196,3360,-0.374935279,0
X196,3511,0.035355758,0
X196,3529,-0.792344686,0
X196,3539,-0.024835936,0
X196,3571,0.464065129,0
X196,3635,-0.604426515,0
X196,3772,0.03776622,0
X196,3801,-0.014774137,0
X196,3867,0.025807244,0
X196,3877,-0.349295773,0
X196,3905,-0.436995058,0
X196,3918,0.21797998,0
X196,3940,0.185890737,0
X196,3954,-0.264120556,0
X196,3964,0.451944109,0
X196,4004,-0.783382344,0
X196,4017,0.116284186,0
X196,4041,-0.344909545,0
X196,4053,0.555211507,0
X196,4095,-0.127165135,0
X196,4110,-0.477925818,0
X196,4119,-0.169053292,0
X196,4121,0.672738845,0
X196,4148,-0.684213846,0
X197,156,1.245205541,1
X197,247,-0.027361827,0
X197,287,-0.712420247,0
X197,294,0.079585535,0
X197,483,-1.937907113,0
X197,486,-0.363226561,0
X197,511,0.141935165,0
X197,530,0.878200494,0
X197,553,-0.179309813,0
X197,567,-0.424599458,0
X197,616,0.702718767,0
X197,631,-0.964018073,0
X197,689,0.457922439,0
X197,712,0.022100624,0
X197,782,0.068302613,0
X197,807,0.344147479,0
X197,879,2.223364618,0
X197,893,0.878969341,0
X197,959,-0.687107968,0
X197,978,0.70688358,0
X197,1061,-0.987139224,0
X197,1096,-0.634349533,0
X197,1106,0.388690826,0
X197,1141,1.246763928,0
X197,1183,-1.102204226,0
X197,1224,0.122397122,0
X197,1249,0.914223213,0
X197,1374,1.155413437,0
X197,1400,-1.687292147,0
X197,1492,-1.103642744,0
X197,1524,-0.234435454,0
X197,1598,-0.534658066,0
X197,1654,0.627645246,0
X197,1671,0.117620618,0
X197,1700,0.639427597,0
X197,1812,0.066019787,0
X197,1826,0.171797298,0
X197,1834,-0.164928686,0
X197,1852,0.194153714,0
X197,1868,1.115098714,0
X197,1900,-0.134911424,0
X197,1990,-0.435597173,0
X197,2116,0.097836868,0
X197,2160,-0.370905737,0
X197,2242,1.364907506,0
X197,2277,0.458593494,0
X197,2287,empty,0
X197,2305,-0.135353099,0
X197,2332,0.829608803,0
X197,2452,-0.880959053,0
X197,2534,0.33250381,0
X197,2613,0.253823382,0
X197,2648,0.875117317,1
X197,2666,0.412695285,0
X197,2677,0.623682185,0
X197,2763,0.471385185,0
X197,2775,-0.284719416,0
X197,2817,-1.071386994,0
X197,2848,0.697113074,0
X197,2850,-0.518813197,0
X197,2870,0.951167985,0
X197,2879,1.274095483,0
X197,2962,0.421489316,0
X197,3041,0.748251001,0
X197,3162,-1.281878275,0
X197,3190,-0.647338582,0
X197,3220,-0.070664403,0
X197,3231,-0.386970079,0
X197,3241,0.617348034,0
X197,3252,-0.293052846,0
X197,3279,0.483539688,0
X197,3292,-1.493767672,0
X197,3360,0.263000751,0
X197,3371,-0.545320866,0
X197,3396,1.014204639,0
X197,3433,0.101756934,0
X197,3440,-0.609904176,0
X197,3465,-0.175904746,0
X197,3476,0.585136263,0
X197,3496,-0.03364974,0
X197,3511,-0.272679365,0
X197,3546,-0.427571918,0
X197,3631,-1.070208693,0
X197,3632,1.176461993,0
X197,3635,0.129923192,0
X197,3772,0.121617397,0
X197,3780,-0.307195226,0
X197,3881,-0.801030991,0
X197,3964,-0.190776809,0
X197,3966,-0.440734722,0
X197,4002,0.650793268,0
X197,4003,0.523472661,0
X197,4017,-0.589675202,0
X197,4021,0.260680109,0
X197,4039,0.337681474,0
X197,4095,empty,0
X197,4113,0.14800828,0
X197,4127,1.16535923,0
X197,4132,-0.04357669,0
X197,4142,-0.751046984,0
X197,4168,0.814186308,0
X197,4185,-1.323097074,0
X198,58,0.771111115,0
X198,73,0.033577569,0
X198,120,0.174130519,0
X198,162,0.584035816,0
X198,207,-0.662548097,0
X198,214,-0.830583832,0
X198,249,0.886724572,0
X198,256,-0.014938623,0
X198,360,0.820978768,0
X198,393,-0.514858456,0
X198,414,0.442582058,0
X198,419,0.694447955,0
X198,530,1.084440133,1
X198,553,-0.674116644,0
X198,616,0.154143464,0
X198,622,0.536000485,0
X198,663,-0.696537019,0
X198,675,-0.034718614,0
X198,712,-0.129056484,0
X198,837,0.41037133,0
X198,851,-0.368062125,0
X198,865,-0.809501592,0
X198,875,1.762783763,1
X198,876,0.135269937,0
X198,893,-0.262620754,0
X198,992,0.028377054,0
X198,1021,-0.483417787,0
X198,1046,-0.307481173,0
X198,1064,-0.484153084,0
X198,1088,-0.106457638,0
X198,1096,-1.182091691,0
X198,1100,-0.274592649,0
X198,1108,0.676974833,0
X198,1224,0.11084498,0
X198,1295,-1.359257556,0
X198,1312,-1.288702368,0
X198,1323,0.325005719,0
X198,1374,-0.108526406,0
X198,1419,0.015912977,0
X198,1447,-0.442643439,0
X198,1467,-0.314732481,0
X198,1483,0.386214819,0
X198,1495,-0.474972894,0
X198,1524,-0.370188627,0
X198,1581,-1.123187195,0
X198,1592,-0.548313763,0
X198,1612,-0.077231205,0
X198,1655,0.293628375,0
X198,1690,-0.074333989,0
X198,1693,-0.768791693,0
X198,1711,0.037993566,0
X198,1829,-0.069557442,0
X198,1840,-0.11804027,0
X198,1844,0.809538598,0
X198,1852,-0.332363429,0
X198,1886,0.829280584,0
X198,1891,-0.664136115,0
X198,1900,-0.007394678,0
X198,1943,-0.860470286,0
X198,2027,0.130972154,0
X198,2108,-0.500934792,0
X198,2245,0.19711657,0
X198,2277,-0.10634333,0
X198,2286,0.859861037,0
X198,2287,-0.264796714,0
X198,2309,0.156941924,0
X198,2368,0.0541823,0
X198,2430,0.675743513,0
X198,2434,0.310947181,0
X198,2445,-0.259287046,0
X198,2452,0.075041328,0
X198,2496,-0.558855165,0
X198,2601,-0.486160017,0
X198,2613,0.194864025,0
X198,2614,-0.184979294,0
X198,2648,-0.106890896,0
X198,2693,1.958052571,0
X198,2719,empty,0
X198,2775,-0.418908523,0
X198,2784,0.343498406,0
X198,2843,0.289636838,0
X198,2848,0.611399966,0
X198,2850,0.417276275,0
X198,2879,-1.132170326,0
X198,2915,0.42750612,0
X198,2953,0.440478197,0
X198,2962,-0.400995583,0
X198,2992,-0.145884474,0
X198,3027,0.1208648,0
X198,3088,0.389949896,0
X198,3220,0.992733387,0
X198,3241,1.263763011,0
X198,3328,0.331068482,0
X198,3349,-0.049052972,0
X198,3360,-0.196898858,0
X198,3546,-0.015785475,0
X198,3612,1.084247506,0
X198,3677,0.725104242,0
X198,3727,0.247023108,0
X198,3791,0.151256529,0
X198,3849,-0.304832204,0
X198,3911,-0.188691506,0
X198,4087,-0.222917502,0
X198,4113,0.278328933,0
X198,4121,-0.018991377,0
X198,4132,0.729790083,0
X198,4142,0.484055807,0
X198,4159,-0.100732876,0
X199,3,0.132769843,0
X199,12,-0.031360525,0
X199,58,0.128932906,0
X199,107,-0.096473683,0
X199,191,0.046040987,0
X199,283,-0.093755958,0
X199,284,0.178748166,0
X199,343,0.250383968,0
X199,401,-0.092958527,0
X199,414,0.349742455,0
X199,449,0.089061342,0
X199,486,0.00400605,0
X199,503,-0.071612173,0
X199,530,0.130430993,0
X199,567,-0.148587903,0
X199,575,0.169999928,0
X199,649,0.20399136,0
X199,657,-0.033801187,0
X199,663,0.446059961,0
X199,712,-0.135823101,0
X199,865,-0.203593443,0
X199,879,-0.103460497,0
X199,958,-0.145830205,0
X199,959,-0.359659128,0
X199,986,-0.137918388,0
X199,989,-0.409338931,0
X199,992,-0.092785117,0
X199,1087,-0.021873928,0
X199,1088,0.181623822,0
X199,1151,-0.071610317,0
X199,1239,0.007212606,0
X199,1291,-0.043853205,0
X199,1389,-0.477683227,0
X199,1392,0.340781028,0
X199,1441,0.137252333,0
X199,1485,0.090523078,0
X199,1580,0.206026105,0
X199,1592,0.006096253,0
X199,1635,0.158440113,0
X199,1708,0.05064549,0
X199,1709,-0.140089586,0
X199,1725,-0.19565229,0
X199,1733,-0.256932362,0
X199,1746,-0.239510426,0
X199,1937,-0.193725225,0
X199,1945,0.02870305,0
X199,2055,-0.269813619,0
X199,2108,0.184615181,0
X199,2110,0.355667079,0
X199,2127,0.321947813,0
X199,2188,-0.251271291,0
X199,2198,-0.661446931,0
X199,2221,0.313541307,0
X199,2305,0.320614318,0
X199,2309,-0.105491393,0
X199,2445,0.01555129,0
X199,2494,0.014070564,0
X199,2499,-0.185865331,0
X199,2622,0.270299767,0
X199,2624,-0.458119192,0
X199,2638,0.214081465,0
X199,2673,0.182396149,0
X199,2693,-0.457473238,0
X199,2706,0.206743623,0
X199,2719,-0.47342038,0
X199,2818,0.029510555,0
X199,2850,0.075098008,0
X199,2939,0.004736172,0
X199,3027,0.30692967,0
X199,3088,-0.025094794,0
X199,3235,-0.305905027,0
X199,3250,-0.050544029,0
X199,3546,-0.266554207,0
X199,3572,-0.013245164,0
X199,3631,0.234470461,0
X199,3662,-0.117920491,0
X199,3670,0.35233054,0
X199,3756,-0.036129752,0
X199,3849,-0.077596617,0
X199,3928,-0.320820774,0
X199,3966,0.005766362,0
X199,4027,0.175827513,0
X199,4087,-0.57723327,0
X199,4121,-0.135709686,0
X199,4159,-0.111338904,0
X199,4200,-0.328059784,0
X200,36,-0.184432259,0
X200,107,-0.014070778,0
X200,156,-0.113260566,0
X200,191,0.261166308,0
X200,199,0.15088334,0
X200,249,-0.070568688,0
X200,360,0.368167008,0
X200,386,0.243662513,0
X200,483,0.273876993,0
X200,499,0.350436935,0
X200,553,0.440220533,0
X200,575,-0.040863112,0
X200,622,0.24433677,0
X200,657,0.696621058,0
X200,669,0.86003602,0
X200,689,0.597478306,0
X200,690,-0.329222585,0
X200,712,-0.003468834,0
X200,758,-0.209345375,0
X200,780,0.541554059,0
X200,914,0.448276556,0
X200,943,0.045570868,0
X200,986,-0.426624119,0
X200,989,-0.125341211,0
X200,1008,-0.00286271,0
X200,1010,0.689575198,0
X200,1046,-0.295122072,0
X200,1064,0.173882656,0
X200,1089,-0.172289905,0
X200,1103,-0.201055543,0
X200,1183,-0.281431169,0
X200,1239,-0.515960325,0
X200,1268,0.095586005,0
X200,1285,0.246959172,0
X200,1332,0.102955104,0
X200,1426,0.215382171,0
X200,1441,-0.033521635,0
X200,1580,-0.171020353,0
X200,1691,-0.469721815,0
X200,1700,0.118292801,0
X200,1709,0.058217078,0
X200,1852,-0.156908673,0
X200,1879,-0.073195807,0
X200,1894,-0.098021914,0
X200,1944,-0.087225253,0
X200,1945,0.621806315,0
X200,2013,0.052905763,0
X200,2027,0.141710199,0
X200,2044,0.125292794,0
X200,2198,0.334331607,0
X200,2234,-0.637939017,0
X200,2277,0.037953425,0
X200,2286,0.366732966,0
X200,2421,-0.065619661,0
X200,2434,0.422249933,0
X200,2481,-0.276042773,0
X200,2534,-0.275461587,0
X200,2576,-0.376426238,0
X200,2636,0.530785176,0
X200,2708,-0.38037603,0
X200,2775,-0.134484385,0
X200,2783,0.305963374,0
X200,2870,0.128489535,0
X200,2879,-0.575453417,0
X200,2887,0.695045867,0
X200,2939,-0.228874311,0
X200,2968,-0.30394977,0
X200,2992,0.563958854,0
X200,3041,0.077516493,0
X200,3064,-0.310981635,0
X200,3201,-0.374451874,0
X200,3343,0.210635278,0
X200,3349,0.144505625,0
X200,3390,-0.203949498,0
X200,3396,-0.185434363,0
X200,3460,0.067132921,0
X200,3496,-0.19047772,0
X200,3529,0.112744717,0
X200,3572,0.443858452,0
X200,3612,0.012638942,0
X200,3630,2.035175177,1
X200,3642,0.20014802,0
X200,3710,0.507931797,0
X200,3747,0.379625647,0
X200,3772,0.144616203,0
X200,3792,0.175742547,0
X200,3801,0.609907673,0
X200,3824,0.225368874,0
X200,3895,0.137773161,0
X200,3911,0.367312643,0
X200,4003,0.504256834,0
X200,4021,0.097442164,0
X200,4113,0.223898602,0
X200,4119,-0.318918727,0
X200,4127,0.715757842,0
X200,4164,-0.187934496,0
X200,4184,0.059076716,0
X200,4197,-0.408669,0
X200,4200,-0.352752626,0
X201,43,-0.657158872,1
X201,58,-0.655276745,0
X201,127,2.804005146,0
X201,170,-0.339443283,0
X201,183,0.51072215,0
X201,287,1.579309682,1
X201,294,1.404564541,0
X201,389,1.049691392,0
X201,431,1.676545181,1
X201,449,2.173944548,0
X201,473,-1.212219932,1
X201,511,1.542908772,1
X201,525,-1.590236302,0
X201,543,0.362056735,0
X201,560,-4.402401821,0
X201,561,0.027014015,0
X201,613,0.443462659,0
X201,622,-1.479996071,0
X201,712,2.401783788,1
X201,817,-1.870646352,0
X201,851,0.868347438,0
X201,877,2.163568871,1
X201,954,0.184783663,1
X201,959,0.219247127,1
X201,978,-0.557433345,0
X201,989,-0.399344068,0
X201,996,1.423546896,0
X201,1021,-0.577054309,0
X201,1096,-0.404062862,0
X201,1100,-1.178165679,0
X201,1154,1.683091736,1
X201,1224,-1.146975723,0
X201,1249,-1.919805146,0
X201,1268,0.568235545,1
X201,1284,1.550658833,0
X201,1295,3.963805257,1
X201,1332,-1.362856316,0
X201,1375,0.360947231,0
X201,1400,2.12787284,1
X201,1447,1.723381506,0
X201,1472,0.396347708,1
X201,1492,3.128728971,1
X201,1512,-1.921618648,0
X201,1568,-0.962815563,0
X201,1580,-0.727547204,0
X201,1600,-2.82273343,0
X201,1635,1.225381888,0
X201,1647,3.091294624,1
X201,1693,-0.562897702,0
X201,1709,0.839551757,0
X201,1829,0.304947667,0
X201,1834,-0.456372264,1
X201,1840,1.160459376,0
X201,1852,2.346423613,0
X201,1868,3.651445051,0
X201,1900,-0.621044813,0
X201,2013,-2.313400492,0
X201,2221,-0.284802361,0
X201,2276,-2.228864732,0
X201,2309,0.689853097,0
X201,2402,-0.139562848,0
X201,2421,-2.555797153,1
X201,2445,0.820050788,1
X201,2483,1.568661526,0
X201,2496,0.020465984,0
X201,2499,-0.852910225,0
X201,2534,-1.280952862,0
X201,2561,-2.428342095,0
X201,2601,0.81192444,0
X201,2622,-1.893287468,0
X201,2673,-0.955051138,1
X201,2679,2.474233726,0
X201,2706,2.806919787,0
X201,2719,-0.334700953,0
X201,2870,0.300974692,1
X201,2899,2.950727963,1
X201,2952,-1.529661163,0
X201,2953,-0.425528078,0
X201,2962,2.007215261,0
X201,2969,1.198917273,0
X201,2972,0.501302204,0
X201,2992,2.031560056,0
X201,3041,-0.178974226,0
X201,3147,-1.813847819,0
X201,3201,3.605186763,0
X201,3233,-1.545836328,0
X201,3292,-1.452923447,0
X201,3328,0.067849599,0
X201,3340,-1.660145837,0
X201,3360,-0.560706711,0
X201,3375,-0.236748784,0
X201,3496,-1.338264925,0
X201,3511,-0.55275233,0
X201,3631,1.815954026,0
X201,3638,3.255876399,0
X201,3691,2.24092957,0
X201,3746,-1.865394163,0
X201,3781,0.957805898,0
X201,3791,0.483678347,0
X201,3824,-0.204319965,0
X201,3844,0.008123675,0
X201,3895,-0.61710905,0
X201,3973,-0.681509652,0
X201,4005,-0.271414161,0
X201,4021,-0.459337709,0
X201,4027,-1.490657753,0
X201,4041,0.312104921,0
X201,4113,2.967945359,1
X201,4132,-0.780660174,0
X201,4159,1.457997218,1
X202,12,-0.494947518,0
X202,36,0.398354914,1
X202,113,-2.618873503,0
X202,191,1.911613897,0
X202,192,-1.718845006,0
X202,216,1.067207557,0
X202,222,0.110016477,1
X202,284,1.449647848,0
X202,294,1.035495558,0
X202,525,2.708130528,0
X202,573,-1.081771238,0
X202,575,4.254039829,1
X202,622,1.575315935,0
X202,669,-0.094684566,0
X202,769,0.563728419,0
X202,817,2.035075487,0
X202,877,0.43289897,0
X202,879,0.540608321,0
X202,897,1.356188725,0
X202,958,0.005621715,0
X202,971,-0.807518217,0
X202,986,1.57316221,0
X202,1037,-4.214209036,0
X202,1094,0.973473414,0
X202,1129,-0.959688544,0
X202,1157,-1.277176733,0
X202,1178,1.264461917,1
X202,1239,-1.503299167,0
X202,1249,-0.264331332,0
X202,1332,-0.548534814,0
X202,1421,-0.037665507,0
X202,1467,-0.393669862,0
X202,1512,-0.054523238,0
X202,1525,0.280830918,0
X202,1565,2.736728927,0
X202,1600,-1.09525441,0
X202,1635,2.188579318,1
X202,1647,-2.024202203,0
X202,1671,1.12856246,0
X202,1725,3.277521908,1
X202,1810,1.862936921,0
X202,1826,-0.821873794,0
X202,1881,0.91280686,1
X202,1898,0.630348495,0
X202,1952,1.537718937,1
X202,1999,1.821088747,1
X202,2013,0.395929314,0
X202,2027,0.094153331,0
X202,2116,-1.386617339,0
X202,2241,-2.12144275,0
X202,2242,0.574419056,0
X202,2287,-1.108220959,0
X202,2309,-0.195206726,0
X202,2358,1.208382294,0
X202,2407,-0.498408038,0
X202,2430,-1.501276832,0
X202,2496,-0.9276491,1
X202,2534,-0.820536486,0
X202,2536,-0.229291966,0
X202,2638,2.10973014,0
X202,2648,2.334459539,1
X202,2771,1.486112878,0
X202,2784,0.898086328,0
X202,2848,-3.199170915,0
X202,2884,-1.32936627,0
X202,2887,-2.904237359,0
X202,2888,-0.395472608,0
X202,2915,-1.986492717,0
X202,3041,1.588200571,0
X202,3069,-0.662052447,0
X202,3162,-4.339262237,0
X202,3179,1.508246823,1
X202,3201,-0.054166137,0
X202,3220,-1.855416147,0
X202,3340,-0.899789389,0
X202,3345,-1.226478371,1
X202,3349,2.736950234,1
X202,3371,-2.690075072,1
X202,3396,0.595866974,1
X202,3436,0.704488135,0
X202,3440,0.504856038,0
X202,3476,1.7867684,0
X202,3482,4.746566982,0
X202,3495,-1.617361972,0
X202,3512,-1.017534727,0
X202,3529,-0.218799932,1
X202,3540,4.939887435,1
X202,3547,1.598183002,0
X202,3551,1.207713869,1
X202,3557,-1.073950862,0
X202,3632,-1.290075671,0
X202,3635,-0.589652444,0
X202,3662,0.108749972,1
X202,3705,0.799793095,0
X202,3772,-1.070092525,0
X202,3783,-1.839594516,0
X202,3849,1.119304169,0
X202,3928,1.14826361,0
X202,3966,2.287688214,0
X202,4003,-3.863258195,0
X202,4005,-0.226327935,0
X202,4039,1.576060463,0
X202,4053,-1.14359841,1
X202,4110,1.45114312,0
X202,4132,-2.871931074,0
X202,4164,1.996203106,0
X202,4168,-2.09767838,0
X202,4204,1.147964469,0
X203,3,0.277550929,0
X203,12,-0.122549893,0
X203,36,0.263348591,0
X203,58,1.292485624,0
X203,120,-0.247120598,0
X203,127,-0.430413269,0
X203,207,0.780017186,0
X203,274,0.828010429,0
X203,287,0.199716798,0
X203,413,0.221720687,0
X203,483,0.46816795,0
X203,536,-0.238002917,0
X203,567,-0.628328093,0
X203,634,0.662558792,0
X203,663,-0.215152729,0
X203,690,0.3547949,0
X203,836,-0.592759846,0
X203,851,0.029092229,0
X203,879,-0.325132904,0
X203,893,0.409274628,0
X203,912,0.95432428,0
X203,954,0.338339257,0
X203,992,0.196008622,0
X203,1061,0.390528659,0
X203,1087,-0.238303705,0
X203,1088,-0.499827713,0
X203,1096,0.463146648,0
X203,1103,-0.733753369,0
X203,1141,-0.026829086,0
X203,1151,0.375852082,0
X203,1268,-0.339369801,0
X203,1374,1.11421527,0
X203,1400,-0.430359308,0
X203,1421,0.454671402,0
X203,1436,0.279913034,0
X203,1441,0.049033118,0
X203,1450,-0.178495526,0
X203,1512,-0.460675922,0
X203,1525,1.581929212,0
X203,1565,-0.360152496,0
X203,1600,0.154382011,0
X203,1700,0.099064023,0
X203,1733,0.460480934,0
X203,1775,0.365130717,0
X203,1824,0.529029003,0
X203,1886,1.396832541,0
X203,1943,0.029479907,0
X203,1952,0.756862894,0
X203,1973,0.391152812,0
X203,1997,-0.574386517,0
X203,2028,-0.215184241,0
X203,2036,empty,0
X203,2082,-0.282562019,0
X203,2127,0.085328582,0
X203,2160,-0.618902553,0
X203,2221,0.127780249,0
X203,2241,-0.305788312,0
X203,2242,0.577925913,0
X203,2276,-0.470912611,0
X203,2375,-0.022263636,0
X203,2467,0.916599384,0
X203,2483,0.308413384,0
X203,2499,-0.10874276,0
X203,2561,-0.821464686,0
X203,2576,1.000681309,0
X203,2666,-0.541939857,0
X203,2677,-0.362891759,0
X203,2693,-0.508944774,0
X203,2719,-1.204540332,0
X203,2876,-0.222565725,0
X203,2952,-0.553793963,0
X203,2966,0.200897382,0
X203,3064,0.455214972,0
X203,3201,-0.419781775,0
X203,3252,-0.990790442,0
X203,3292,0.074239159,0
X203,3360,0.61091842,0
X203,3371,0.253181509,0
X203,3385,-0.145403245,0
X203,3440,0.215355965,0
X203,3476,0.211549975,0
X203,3539,0.080891096,0
X203,3540,-0.009165702,0
X203,3547,0.757991153,0
X203,3642,0.44004361,0
X203,3662,0.50986185,0
X203,3780,-0.704222337,0
X203,3792,-0.359860728,0
X203,3849,-0.892471596,0
X203,3895,0.274323692,0
X203,3954,-0.487066181,0
X203,4005,0.540323608,0
X203,4021,0.446490791,0
X203,4119,-0.263989654,0
X203,4142,-0.420801184,0
X203,4184,-0.422878461,0
X203,4197,1.293076229,0
X203,4201,0.506487918,0
X204,43,0.026898744,0
X204,156,0.01284359,0
X204,162,0.029575487,0
X204,192,0.002591304,0
X204,207,-0.040235548,0
X204,247,-0.117937386,0
X204,613,-0.089557653,0
X204,616,0.050640067,0
X204,622,0.063872054,0
X204,649,0.085491844,0
X204,669,-0.102524137,0
X204,769,-0.042222811,0
X204,782,-0.061377872,0
X204,893,-0.011538683,0
X204,943,-0.013827704,0
X204,992,0.060795689,0
X204,1046,0.001332062,0
X204,1061,0.01177627,0
X204,1088,0.028654203,0
X204,1103,-0.056075265,0
X204,1129,0.061853794,0
X204,1183,0.031983139,0
X204,1228,-0.052485109,0
X204,1285,-0.04737394,0
X204,1291,0.046273421,0
X204,1295,0.053696596,0
X204,1300,-0.089746177,0
X204,1312,0.026417947,0
X204,1323,0.017370892,0
X204,1374,0.081219645,0
X204,1375,-0.029660262,0
X204,1472,-0.039274231,0
X204,1512,-0.025999381,0
X204,1524,0.110646192,0
X204,1525,0.076347564,0
X204,1592,-0.035330321,0
X204,1647,0.058778947,0
X204,1690,0.014703339,0
X204,1700,0.052376809,0
X204,1709,0.093818803,0
X204,1729,-0.014853378,0
X204,1746,-0.031298008,0
X204,1852,-0.116582941,0
X204,1881,-0.050268396,0
X204,1898,0.057427913,0
X204,2044,0.103614328,0
X204,2104,0.049311774,0
X204,2110,-0.021487282,0
X204,2137,-0.012342421,0
X204,2276,-0.007370308,0
X204,2421,-0.080060984,0
X204,2434,0.04399552,0
X204,2494,0.00509772,0
X204,2496,-0.048698452,0
X204,2499,-0.104853391,0
X204,2534,-0.034407087,0
X204,2536,-0.051201194,0
X204,2551,-0.076486945,0
X204,2562,-0.020225417,0
X204,2576,-0.033432872,0
X204,2614,-0.001957323,0
X204,2624,0.0315776,0
X204,2677,0.031578375,0
X204,2783,0.033194387,0
X204,2784,0.088295426,0
X204,2832,0.034838897,0
X204,2887,-0.048247417,0
X204,2893,-0.022281558,0
X204,2982,-0.029977606,0
X204,3103,0.043339734,0
X204,3121,-0.007540444,0
X204,3190,0.032699973,0
X204,3202,0.007907401,0
X204,3252,0.105863813,0
X204,3292,0.081934403,0
X204,3340,-0.050252247,0
X204,3343,0.034116033,0
X204,3345,-0.052470155,0
X204,3371,-0.030891029,0
X204,3375,0.023347701,0
X204,3385,0.099015658,0
X204,3433,-0.063011573,0
X204,3434,0.142761725,0
X204,3460,0.042023383,0
X204,3495,0.098478128,0
X204,3512,-0.088407367,0
X204,3529,-0.083676947,0
X204,3539,-0.111021996,0
X204,3571,0.029074271,0
X204,3705,-0.001226561,0
X204,3772,0.068531537,0
X204,3783,0.005630998,0
X204,3805,-0.030114065,0
X204,3824,-0.083911737,0
X204,3844,-0.045558021,0
X204,3968,-0.043745572,0
X204,4001,-0.05749244,0
X204,4002,-0.043535365,0
X204,4110,0.025372309,0
X204,4132,-0.046422989,0
X205,11,1.005315107,1
X205,12,1.009967,1
X205,113,1.070076107,1
X205,127,0.983983532,1
X205,170,0.972574249,1
X205,192,0.98988664,1
X205,199,0.938697249,1
X205,216,0.967687847,1
X205,287,1.043318886,1
X205,360,0.917222744,1
X205,389,1.022901239,1
X205,401,0.90909656,1
X205,536,1.020445901,1
X205,553,1.019977643,1
X205,616,1.056542796,1
X205,669,1.085590598,1
X205,690,0.951451239,1
X205,807,0.893008379,1
X205,817,1.066752694,1
X205,823,1.056004898,1
X205,855,0.990315947,1
X205,876,1.017709426,1
X205,888,0.986121009,1
X205,897,1.017561879,1
X205,912,1.072784891,1
X205,914,0.971139468,1
X205,958,1.025848668,1
X205,978,1.045041826,1
X205,989,1.03704653,1
X205,996,1.058420135,1
X205,1008,0.836606975,1
X205,1021,1.011542818,1
X205,1119,0.960587702,1
X205,1157,0.97463594,1
X205,1178,1.011034326,1
X205,1248,0.962667116,1
X205,1249,1.063485155,1
X205,1268,0.912520475,1
X205,1291,1.039141253,1
X205,1323,0.90418103,1
X205,1332,0.994525975,1
X205,1359,1.051584244,1
X205,1426,0.974620072,1
X205,1447,1.014050548,1
X205,1450,0.961319116,1
X205,1485,1.024507996,1
X205,1552,0.975501629,1
X205,1592,1.136126904,1
X205,1600,0.915069641,1
X205,1615,1.003610279,1
X205,1647,0.968008326,1
X205,1717,1.135352434,1
X205,1733,0.964056047,1
X205,1812,0.968416559,1
X205,1824,0.998244203,1
X205,2076,1.02135421,1
X205,2108,0.904372057,1
X205,2127,0.959989705,1
X205,2137,0.931966599,1
X205,2160,1.053923816,1
X205,2198,0.999792988,1
X205,2221,0.997898866,1
X205,2241,0.945674527,1
X205,2277,1.057931723,1
X205,2358,1.074482832,1
X205,2421,1.036043752,1
X205,2430,0.990193853,1
X205,2466,0.997873296,1
X205,2494,0.944237494,1
X205,2496,1.013639797,1
X205,2534,0.960448253,1
X205,2576,1.06260194,1
X205,2706,1.016778374,1
X205,2775,1.018425533,1
X205,2816,0.942570079,1
X205,2817,0.991220969,1
X205,2818,1.006127263,1
X205,2884,1.075844486,1
X205,2899,1.023500028,1
X205,2966,1.041010258,1
X205,3073,1.027927904,1
X205,3094,1.033730774,1
X205,3179,0.952759183,1
X205,3201,1.014954071,1
X205,3226,1.011964643,1
X205,3343,1.197150322,1
X205,3434,0.987880252,1
X205,3551,0.935848233,1
X205,3571,0.909132827,1
X205,3612,0.940173769,1
X205,3630,0.946914011,1
X205,3631,1.016512497,1
X205,3638,0.942528703,1
X205,3670,0.89455169,1
X205,3696,0.985620318,1
X205,3746,0.942655888,1
X205,3747,0.935326129,1
X205,3780,0.937491041,1
X205,3783,1.018009325,1
X205,3895,1.088598407,1
X205,3911,0.933048659,1
X205,3918,0.893124626,1
X205,3954,0.971018168,1
X205,4002,1.042186105,1
X205,4005,0.943091074,1
X205,4126,1.143563221,1
X205,4184,1.015834338,1
X205,4185,1.106371963,1
X205,4204,1.086019646,1
X206,11,0.068038635,0
X206,58,0.390072152,0
X206,183,-0.173942637,0
X206,192,0.299428482,0
X206,256,-0.675640766,0
X206,294,-0.004883161,0
X206,343,-0.160052498,0
X206,389,0.10179277,0
X206,401,-0.907802787,0
X206,473,-0.406349665,0
X206,613,0.625303969,0
X206,630,-0.835193977,0
X206,690,-0.247170797,0
X206,769,1.165531799,1
X206,780,0.004850188,0
X206,807,-0.384846456,0
X206,855,-0.174488699,0
X206,865,0.074096889,0
X206,875,-0.729787041,0
X206,879,-1.116299968,0
X206,897,0.610182358,0
X206,949,0.109832979,0
X206,996,0.315434958,0
X206,1046,-0.313699831,0
X206,1100,-1.409082597,0
X206,1119,-0.525773182,0
X206,1141,0.119478739,0
X206,1300,0.283732754,0
X206,1302,0.256081719,0
X206,1323,-0.108876731,0
X206,1374,-0.147792014,0
X206,1389,0.494455436,0
X206,1467,0.087783031,0
X206,1495,0.678832364,0
X206,1512,1.130313192,0
X206,1592,0.860847758,0
X206,1635,1.097932618,1
X206,1655,-0.572458035,0
X206,1729,-0.03641535,0
X206,1812,-0.771083103,0
X206,1814,0.208768967,0
X206,1824,0.137300461,0
X206,1826,0.166596109,0
X206,1834,0.308330283,0
X206,1868,0.454413687,0
X206,1886,1.083242298,0
X206,1900,-0.55968373,0
X206,1973,0.295495997,0
X206,1994,-0.458991078,0
X206,2027,0.91409732,0
X206,2104,1.571283979,1
X206,2108,-0.632236733,0
X206,2198,-0.83255397,0
X206,2286,0.427484279,0
X206,2402,0.359339706,0
X206,2430,-0.287387761,0
X206,2576,0.483422399,0
X206,2636,-0.246214066,0
X206,2677,-0.229541455,0
X206,2679,-0.292604579,0
X206,2691,0.324369637,0
X206,2706,-0.17739332,0
X206,2848,0.545147384,0
X206,2849,0.370351342,0
X206,2870,0.232922578,0
X206,2888,0.651562351,0
X206,2939,-0.067994198,0
X206,2966,0.27164752,0
X206,2968,-0.650618656,0
X206,3041,-0.320979914,0
X206,3064,0.854498169,0
X206,3069,0.723464079,1
X206,3088,0.464007547,0
X206,3121,-0.26621347,0
X206,3147,-0.36047585,0
X206,3201,0.654356774,0
X206,3220,0.786337998,0
X206,3231,-0.196741932,0
X206,3249,0.973588433,0
X206,3279,-0.320438213,0
X206,3345,0.009091844,0
X206,3512,-0.477207221,0
X206,3539,0.133898216,0
X206,3630,-0.617179689,0
X206,3631,-0.175072992,0
X206,3696,-0.288621616,0
X206,3705,0.168804747,0
X206,3791,1.097758528,1
X206,3819,0.269987659,0
X206,3849,0.079054214,0
X206,3867,0.142547984,0
X206,3881,0.719962732,0
X206,3966,-0.804076257,0
X206,4002,-0.703379943,0
X206,4003,0.594150433,0
X206,4021,-0.30201184,0
X206,4027,0.243931317,0
X206,4029,0.665233619,0
X206,4039,-0.904162368,0
X206,4126,0.892927116,0
X206,4159,0.14106694,0
X206,4164,-1.2018882,0
X206,4184,0.266830224,0
X206,4201,-1.024517606,0
X207,11,0.020906003,0
X207,43,-0.159007805,0
X207,58,0.041738493,0
X207,120,0.068139061,0
X207,192,-0.060224731,0
X207,222,-0.020173994,0
X207,249,0.082439204,0
X207,393,-0.014111975,0
X207,401,-0.072156031,0
X207,511,0.050183797,0
X207,525,-0.001353172,0
X207,549,0.019913309,0
X207,631,-0.050028234,0
X207,675,-0.029220343,0
X207,687,-0.012945974,0
X207,712,-0.074839661,0
X207,769,0.029227459,0
X207,823,-0.066904686,0
X207,878,0.029008146,0
X207,879,-0.051930127,0
X207,959,0.00826871,0
X207,1010,0.101779786,0
X207,1103,empty,0
X207,1183,0.039249525,0
X207,1268,0.144448817,0
X207,1285,-0.084142567,0
X207,1291,0.037110315,0
X207,1302,-0.007841814,0
X207,1374,-0.023346474,0
X207,1400,0.004239396,0
X207,1419,-0.053098274,0
X207,1441,-0.003954329,0
X207,1512,0.011234625,0
X207,1517,-0.024703495,0
X207,1524,-0.031472317,0
X207,1581,0.066752309,0
X207,1612,0.063498285,0
X207,1654,-0.01517929,0
X207,1691,-0.099986646,0
X207,1717,-0.055803381,0
X207,1729,0.057009622,0
X207,1746,-0.05292583,0
X207,1775,-0.050230464,0
X207,1866,0.071481447,0
X207,1891,0.120523979,0
X207,1945,0.065884311,0
X207,1992,-0.017549526,0
X207,2027,-0.044823343,0
X207,2108,-0.073889503,0
X207,2116,-0.017755292,0
X207,2160,0.059374053,0
X207,2221,-0.068836189,0
X207,2421,-0.014071917,0
X207,2445,0.008727392,0
X207,2562,0.080890529,0
X207,2638,-0.120123139,0
X207,2648,0.006432062,0
X207,2691,0.031607845,0
X207,2784,0.049812439,0
X207,2817,0.066986292,0
X207,2843,-0.073560897,0
X207,2870,0.137884472,0
X207,2893,0.049314076,0
X207,2953,-0.116637359,0
X207,2992,-0.020960758,0
X207,3064,0.016716173,0
X207,3069,0.002151051,0
X207,3079,-0.054819089,0
X207,3231,0.102974038,0
X207,3241,-0.088446009,0
X207,3250,-0.015927209,0
X207,3252,-0.063458839,0
X207,3349,-0.03287106,0
X207,3375,-0.012374565,0
X207,3396,-0.014930362,0
X207,3433,-0.079958245,0
X207,3434,0.014188754,0
X207,3539,empty,0
X207,3547,-0.01461273,0
X207,3630,0.004454996,0
X207,3642,0.13476076,0
X207,3670,-0.026242961,0
X207,3705,-0.139323439,0
X207,3710,0.034311639,0
X207,3795,-0.02285695,0
X207,3805,0.055213645,0
X207,3849,0.054648416,0
X207,4001,-0.004213857,0
X207,4021,-0.069421656,0
X207,4029,-0.037885248,0
X207,4039,0.033336676,0
X207,4110,-0.075551254,0
X207,4148,-0.113825204,0
X207,4168,0.019544442,0
X207,4185,-0.056199937,0
X207,4201,0.112155842,0
X208,3,0.84412488,0
X208,12,-0.437850421,0
X208,107,0.413860323,0
X208,113,0.1740816,0
X208,162,1.1887359,0
X208,191,0.164433314,1
X208,192,1.416144201,0
X208,207,-1.157602746,0
X208,229,-1.183509619,0
X208,268,0.951452968,0
X208,360,-2.872424489,0
X208,449,0.980456251,0
X208,473,-0.894632609,0
X208,616,0.223127348,0
X208,687,-0.296124595,0
X208,769,2.846394424,0
X208,912,0.5309222,0
X208,949,-0.14162353,0
X208,971,-1.172883273,0
X208,978,1.175697452,0
X208,1096,0.64904292,0
X208,1103,-0.146849226,0
X208,1108,0.513339629,0
X208,1183,0.447369322,0
X208,1249,-0.393044751,0
X208,1285,-0.334858292,0
X208,1302,0.166152211,0
X208,1359,2.032799772,0
X208,1421,1.218574804,0
X208,1426,0.213164781,0
X208,1441,0.5996913,0
X208,1467,1.592461475,0
X208,1581,-1.17420679,0
X208,1612,-0.671589269,0
X208,1647,-0.252570499,0
X208,1709,0.727374316,0
X208,1733,-1.417688771,0
X208,1814,0.706499574,0
X208,1852,-1.456294408,0
X208,1891,0.652301063,1
X208,1938,1.030014977,0
X208,1944,-0.314240145,0
X208,1945,-0.738491581,0
X208,2082,0.104546035,0
X208,2104,-1.763747095,0
X208,2127,-0.442942247,0
X208,2245,-0.211029782,1
X208,2290,1.565278445,0
X208,2305,-1.343695627,0
X208,2407,1.504558703,0
X208,2430,0.416736851,0
X208,2434,0.621143753,0
X208,2452,1.834242343,0
X208,2636,-0.752531403,0
X208,2666,-0.082801016,0
X208,2691,0.531589222,0
X208,2775,0.067341514,0
X208,2818,0.092426444,0
X208,2848,0.374571559,0
X208,2915,-0.949680191,0
X208,2952,-1.246767459,0
X208,2953,-1.441218518,0
X208,3027,-0.520452876,0
X208,3069,0.197099495,0
X208,3220,1.405057371,0
X208,3233,-1.183761967,0
X208,3433,0.90094552,1
X208,3495,-1.034114398,0
X208,3552,-2.261567202,0
X208,3557,2.005650059,0
X208,3691,-0.524835382,0
X208,3772,-0.856848663,0
X208,3801,-0.456106186,0
X208,3819,0.146717311,0
X208,3895,-0.325197377,1
X208,3954,-0.597143902,0
X208,3973,-0.181948033,0
X208,4003,1.153714932,0
X208,4095,2.32513506,0
X208,4110,0.094059313,0
X208,4113,-0.473763927,0
X208,4159,-0.695597715,0
X208,4168,0.262233161,0
X208,4201,0.697930725,0
X208,4204,-0.124276669,0
X209,12,-0.059119662,1
X209,170,1.762854328,1
X209,183,1.057780694,1
X209,191,0.152966572,0
X209,214,1.21110418,1
X209,287,1.988748501,1
X209,308,0.364360733,1
X209,414,1.657413579,1
X209,486,1.360766618,1
X209,567,0.418241292,1
X209,575,-2.143411599,0
X209,616,1.597835852,1
X209,622,1.938668532,1
X209,663,3.140061209,1
X209,669,-0.438375043,1
X209,712,4.084982563,1
X209,782,1.799487081,0
X209,855,1.831327892,1
X209,878,1.118805483,1
X209,888,0.685117149,1
X209,912,1.845231194,1
X209,954,-0.1885928,1
X209,959,0.986169173,1
X209,992,1.593837542,1
X209,996,1.015936225,1
X209,1087,1.448276947,1
X209,1088,-0.659047107,1
X209,1094,0.029386918,1
X209,1224,0.540233456,1
X209,1278,0.521927175,1
X209,1291,1.241333688,1
X209,1302,2.358552614,1
X209,1312,3.054043958,0
X209,1374,1.93066859,1
X209,1389,1.309169955,1
X209,1392,0.999863386,0
X209,1447,2.784704082,1
X209,1450,-0.468715273,1
X209,1483,0.170888598,1
X209,1495,1.458896897,1
X209,1565,2.26398279,1
X209,1600,0.145555881,1
X209,1615,-1.601744178,0
X209,1700,1.198008011,1
X209,1709,-0.413567029,0
X209,1824,0.791768655,1
X209,1886,1.843040476,1
X209,1944,1.590105336,1
X209,1952,-0.216653096,0
X209,1973,2.300994271,1
X209,2082,0.382975583,1
X209,2110,0.266472797,1
X209,2116,-0.415380102,1
X209,2160,0.157751827,1
X209,2276,0.271766464,1
X209,2305,0.880086011,1
X209,2333,2.124579518,1
X209,2407,0.00605471,1
X209,2483,1.211940079,1
X209,2534,1.058895274,1
X209,2622,-0.319474274,1
X209,2648,0.112001537,1
X209,2666,1.538937077,1
X209,2673,1.68783878,1
X209,2693,-1.255887128,1
X209,2870,1.114134015,1
X209,2952,-0.958972888,1
X209,2968,2.08348009,1
X209,2992,0.276205486,1
X209,3064,-0.016027684,1
X209,3069,0.954357871,1
X209,3079,2.109148718,1
X209,3241,0.120870839,1
X209,3279,1.46886482,1
X209,3328,0.691453812,1
X209,3340,0.909546208,1
X209,3371,-1.734554492,1
X209,3385,1.149470678,1
X209,3390,2.290634722,1
X209,3465,empty,1
X209,3512,2.006695284,1
X209,3529,1.483924279,1
X209,3547,-0.510554116,0
X209,3612,-1.052604532,1
X209,3632,-0.84210176,1
X209,3635,3.176432828,1
X209,3670,-0.268249307,1
X209,3723,-0.119339474,1
X209,3747,0.177322585,1
X209,3772,1.50046168,1
X209,3780,1.214074724,1
X209,3791,4.003603296,1
X209,3905,0.59013815,0
X209,3918,1.680014963,1
X209,3928,0.245348523,1
X209,3954,0.517271893,1
X209,4001,-0.414221001,0
X209,4041,2.435528157,1
X209,4121,0.268675231,1
X209,4148,2.129186816,1
X209,4200,1.606037073,1
X209,4201,1.823864624,1
X210,216,0.067711852,0
X210,222,-0.010115519,0
X210,308,-0.113216433,0
X210,393,-0.076389456,0
X210,401,-0.004183506,0
X210,410,0.068077638,0
X210,473,-0.0273714,0
X210,485,-0.075379597,0
X210,511,0.006039037,0
X210,549,0.038955239,0
X210,560,-0.130209193,0
X210,575,0.005619194,0
X210,622,0.060119352,0
X210,630,0.031700544,0
X210,657,0.028873621,0
X210,687,0.108144974,0
X210,769,0.007926212,0
X210,817,0.041143625,0
X210,823,-0.054357141,0
X210,879,0.047164881,0
X210,907,0.141489705,0
X210,959,0.068573042,0
X210,986,-0.073435188,0
X210,1088,-0.003102598,0
X210,1103,0.054403481,0
X210,1187,-0.015859192,0
X210,1300,-0.058140034,0
X210,1302,-0.014966451,0
X210,1312,0.125171782,0
X210,1359,-0.052204066,0
X210,1374,0.062383054,0
X210,1389,0.000779309,0
X210,1392,-0.040801691,0
X210,1421,-0.003745886,0
X210,1447,-0.059832361,0
X210,1483,-0.032292544,0
X210,1485,-0.07276514,0
X210,1495,0.051001604,0
X210,1512,0.03066496,0
X210,1580,-0.064828019,0
X210,1598,-0.001790136,0
X210,1654,0.123274016,0
X210,1671,-0.084612533,0
X210,1708,0.021431006,0
X210,1834,0.005981649,0
X210,1866,0.024285197,0
X210,1898,-0.069402476,0
X210,1900,0.071912476,0
X210,1943,-0.06226948,0
X210,1999,0.013707238,0
X210,2013,-0.010728019,0
X210,2044,-0.009748255,0
X210,2135,0.035625867,0
X210,2137,-0.007732831,0
X210,2234,0.026361401,0
X210,2242,-0.004174236,0
X210,2277,0.060991544,0
X210,2286,-0.034812505,0
X210,2305,0.024941864,0
X210,2332,-0.04175845,0
X210,2368,0.080279664,0
X210,2421,0.048607253,0
X210,2638,-0.015755239,0
X210,2691,-0.006708756,0
X210,2719,-0.038569569,0
X210,2818,-0.027091218,0
X210,2870,-0.133708112,0
X210,2952,-0.030164752,0
X210,2990,0.07708033,0
X210,3069,-0.079798171,0
X210,3079,0.03186082,0
X210,3099,-0.012646809,0
X210,3220,-0.01409975,0
X210,3233,-0.089058121,0
X210,3279,-0.084464861,0
X210,3280,-0.014118378,0
X210,3292,-0.099491986,0
X210,3371,-0.125630963,0
X210,3390,0.12400927,0
X210,3433,-0.053636751,0
X210,3460,-0.124331565,0
X210,3571,0.03571928,0
X210,3632,-0.085683416,0
X210,3696,-0.030511273,0
X210,3723,-0.05392151,0
X210,3746,0.042017601,0
X210,3756,-0.079446625,0
X210,3792,-0.0289707,0
X210,3819,-0.02604996,0
X210,3877,0.081030679,0
X210,3905,-0.009494879,0
X210,3911,0.017714701,0
X210,3928,0.037691566,0
X210,3964,-0.010328309,0
X210,3973,-0.00697957,0
X210,4002,-0.01365285,0
X210,4027,-0.044725393,0
X210,4039,-0.052138414,0
X210,4110,-0.003902722,0
X210,4127,0.019480046,0
X210,4132,0.051001693,0
X210,4148,0.062384566,0
X210,4185,0.111905283,0
X211,12,-0.716530604,0
X211,156,-0.300535477,0
X211,199,-0.059221634,0
X211,284,1.109778956,0
X211,360,0.845806278,0
X211,386,0.432795701,0
X211,389,0.191037822,0
X211,419,-0.30174134,0
X211,553,0.239517227,0
X211,560,0.342472225,0
X211,575,-0.302056204,0
X211,855,0.553999037,0
X211,912,0.263932134,0
X211,943,0.141514025,0
X211,959,0.054084425,0
X211,986,-0.155858202,0
X211,1037,-0.278933454,0
X211,1094,-0.074308047,0
X211,1141,-0.104105525,0
X211,1154,-0.766172148,0
X211,1157,-0.47686611,0
X211,1178,0.364166949,0
X211,1285,0.303367309,0
X211,1295,0.166482275,0
X211,1300,0.17014364,0
X211,1400,0.397006348,0
X211,1419,-0.56675829,0
X211,1525,-0.345798961,0
X211,1552,-0.056401642,0
X211,1600,0.006471738,0
X211,1612,0.081802668,0
X211,1671,1.130152098,0
X211,1725,-0.380361759,0
X211,1826,-0.169731427,0
X211,1844,-0.154556827,0
X211,1900,0.426367228,0
X211,1992,-0.017530199,0
X211,2104,0.15951172,0
X211,2135,-0.437303393,0
X211,2137,-0.643297851,0
X211,2198,0.367132519,0
X211,2221,-0.426009875,0
X211,2234,0.216324164,0
X211,2290,-0.72106785,0
X211,2368,0.481824559,0
X211,2407,-0.432194474,0
X211,2434,-0.154108749,0
X211,2494,-0.253210632,0
X211,2576,-0.34148863,0
X211,2613,0.573954056,0
X211,2614,-0.548112413,0
X211,2624,-0.657014631,0
X211,2638,0.058703178,0
X211,2691,-0.442687611,0
X211,2693,-0.353902699,0
X211,2696,-0.32695122,0
X211,2706,0.927704775,0
X211,2719,0.536146735,0
X211,2763,-0.501275475,0
X211,2783,-0.167877472,0
X211,2818,-0.17869929,0
X211,2843,0.068645582,0
X211,2849,-0.570207573,0
X211,2870,-0.194229186,0
X211,2939,-0.036751139,0
X211,2982,0.620798016,0
X211,2990,0.658070798,0
X211,2992,-0.017580935,0
X211,3027,-0.700408016,0
X211,3041,-0.36241193,0
X211,3064,-0.519591163,0
X211,3079,-0.049518594,0
X211,3094,-0.617347749,0
X211,3147,-0.365602251,0
X211,3233,0.218840185,0
X211,3250,0.446367866,0
X211,3328,-0.296068193,0
X211,3385,0.026829779,0
X211,3390,-0.674793053,0
X211,3433,-0.792996123,0
X211,3511,0.781478075,1
X211,3540,0.402720526,0
X211,3571,0.229336848,0
X211,3635,0.487781852,0
X211,3638,-0.614121818,0
X211,3756,0.133045658,0
X211,3780,-0.189126022,0
X211,3905,-0.037289367,0
X211,3911,0.14392339,0
X211,3928,-0.740508812,0
X211,3964,-0.168368422,0
X211,3966,0.221418566,0
X211,4002,-0.244886648,0
X211,4021,-0.318071718,0
X211,4027,1.30068355,0
X211,4041,0.060748253,0
X211,4119,-0.512580916,0
X211,4148,0.19269525,0
X211,4185,-0.707451664,0
X211,4197,0.420672273,0
X212,11,-0.050688541,0
X212,12,0.142765658,0
X212,73,0.477796656,0
X212,247,0.449412446,0
X212,294,0.231264685,0
X212,413,-0.039920197,0
X212,414,0.032868501,0
X212,449,0.192766261,0
X212,483,0.291171807,0
X212,485,-0.580982133,0
X212,525,0.341353884,0
X212,536,empty,0
X212,631,0.303261028,0
X212,675,-0.3676864,0
X212,758,-0.417627666,0
X212,817,0.490322495,0
X212,836,0.056420547,0
X212,876,-0.035926154,0
X212,879,-0.247070746,0
X212,893,0.044086585,0
X212,907,0.297034222,0
X212,989,0.113625784,0
X212,1087,-0.419807215,0
X212,1096,-0.058375888,0
X212,1138,-0.029025878,0
X212,1151,-0.227940461,0
X212,1295,-0.035099957,0
X212,1329,-0.196316271,0
X212,1332,0.026483989,0
X212,1374,0.140358899,0
X212,1375,0.298801428,0
X212,1517,0.200214308,0
X212,1525,0.082755926,0
X212,1530,-0.179168092,0
X212,1655,-0.432815297,0
X212,1671,0.162190477,0
X212,1708,-0.210498433,0
X212,1746,0.267771961,0
X212,1814,-0.3236991,0
X212,1868,-0.237400154,0
X212,1938,-0.258083351,0
X212,1993,0.319396969,0
X212,1997,-0.570384201,0
X212,2008,-0.233320687,0
X212,2027,0.14746588,0
X212,2108,0.116626036,0
X212,2137,0.17262421,0
X212,2188,-0.099061169,0
X212,2242,0.261354797,0
X212,2277,-0.001899284,0
X212,2290,0.314192283,0
X212,2332,-0.025777047,0
X212,2358,0.184071714,0
X212,2445,0.306603797,0
X212,2576,-0.060661563,0
X212,2636,-0.248676605,0
X212,2666,-0.387350163,0
X212,2696,0.078478415,0
X212,2783,0.148008718,0
X212,2816,-0.318670119,0
X212,2818,-0.273498627,0
X212,2915,-0.372982404,0
X212,2972,0.111184939,0
X212,2992,0.365015738,0
X212,3073,-0.145257649,0
X212,3147,-0.094829168,0
X212,3190,-0.190358695,0
X212,3201,-0.406263102,0
X212,3202,0.252891663,0
X212,3235,0.181233886,0
X212,3241,0.012434856,0
X212,3249,-0.025137304,0
X212,3250,0.228086893,0
X212,3345,0.19726889,0
X212,3385,0.010884856,0
X212,3396,0.281791574,0
X212,3434,0.177711825,0
X212,3476,-0.372476628,0
X212,3495,0.322258501,0
X212,3571,-0.182988536,0
X212,3632,0.005397539,0
X212,3638,0.268910444,0
X212,3642,-0.150914899,0
X212,3705,0.045418548,0
X212,3805,0.60583317,0
X212,3911,-0.094272989,0
X212,3917,-0.069311682,0
X212,4029,0.46709593,0
X212,4121,0.319716077,0
X212,4127,0.089217811,0
X212,4156,-0.143462726,0
X212,4168,0.120721441,0
X213,162,0.151251323,0
X213,183,-0.012405032,0
X213,274,-0.151049708,0
X213,284,-0.126704513,0
X213,343,0.052883209,0
X213,360,-0.090628841,0
X213,401,-0.09415615,0
X213,486,0.110652097,0
X213,499,0.251572751,0
X213,560,-0.008718563,0
X213,631,-0.066063623,0
X213,663,-0.223172129,0
X213,758,0.106678057,0
X213,823,-0.37766613,0
X213,851,0.128926687,0
X213,855,-0.253336083,0
X213,865,-0.051049088,0
X213,877,0.008660032,0
X213,897,0.13754644,0
X213,958,0.130530668,0
X213,1089,-0.178467699,0
X213,1096,0.092223779,0
X213,1108,-0.233887862,0
X213,1141,-0.120771958,0
X213,1224,-0.050408858,0
X213,1248,-0.157432122,0
X213,1332,-0.019348889,0
X213,1392,-0.079613023,0
X213,1400,-0.286405473,0
X213,1426,0.016489649,0
X213,1441,0.180011345,0
X213,1492,0.217374179,0
X213,1495,-0.039939118,0
X213,1525,0.234571747,0
X213,1568,0.283786213,0
X213,1586,-0.01117887,0
X213,1615,0.093005367,0
X213,1671,-0.092028901,0
X213,1711,0.126980341,0
X213,1729,-0.416379466,0
X213,1814,-0.017358572,0
X213,1879,-0.143514631,0
X213,1886,0.059601334,0
X213,1898,0.139142794,0
X213,1937,-0.131835388,0
X213,1945,-0.332518025,0
X213,1952,0.225028401,0
X213,1991,0.006475424,0
X213,1997,-0.312753638,0
X213,1999,-0.335780264,0
X213,2008,-0.204040605,0
X213,2028,empty,0
X213,2104,-0.120251863,0
X213,2160,-0.27448357,0
X213,2242,0.055940731,0
X213,2277,-0.142384858,0
X213,2332,0.143435816,0
X213,2466,0.086589133,0
X213,2551,0.152250577,0
X213,2601,-0.281183215,0
X213,2622,0.105702757,0
X213,2666,0.023713884,0
X213,2719,0.045578338,0
X213,2783,0.209656034,0
X213,2784,0.261950303,0
X213,2818,0.149820441,0
X213,2899,-0.144761131,0
X213,2966,0.100315103,0
X213,2990,-0.210143712,0
X213,3079,-0.109808788,0
X213,3099,-0.224809639,0
X213,3121,-0.262320939,0
X213,3231,-0.030732564,0
X213,3280,0.296035971,0
X213,3328,0.130217468,0
X213,3343,-0.458719166,0
X213,3434,-0.085902418,0
X213,3544,0.017238394,0
X213,3630,0.028114587,0
X213,3632,-0.015110863,0
X213,3635,-0.013015482,0
X213,3772,-0.523190504,0
X213,3795,0.31744777,0
X213,3867,-0.275830616,0
X213,3881,-0.004420333,0
X213,3895,-0.143218171,0
X213,3905,-0.079450488,0
X213,3917,0.061858117,0
X213,3964,-0.031161594,0
X213,4002,0.003083432,0
X213,4017,0.04912576,0
X213,4021,0.081755185,0
X213,4095,0.229529772,0
X213,4127,-0.265226918,0
X213,4156,empty,0
X213,4159,0.302186708,0
X213,4168,-0.166427758,0
X213,4200,-0.035666571,0
X214,3,0.931915765,0
X214,12,0.219144951,0
X214,107,-0.070113456,0
X214,183,-0.562081231,0
X214,191,0.191702591,0
X214,249,0.328628436,0
X214,256,-0.149652541,0
X214,308,-0.047325854,0
X214,343,0.177747675,0
X214,360,0.140916613,0
X214,393,0.587754416,0
X214,413,0.337370357,0
X214,414,0.030369329,0
X214,473,-0.284293156,0
X214,485,-0.1186811,0
X214,486,0.56984147,0
X214,543,0.592261856,0
X214,573,0.245507366,0
X214,617,-0.225906091,0
X214,624,-0.068031603,0
X214,630,-0.049192984,0
X214,690,0.068755384,0
X214,769,0.080823389,0
X214,837,-0.17254968,0
X214,875,-0.156480223,0
X214,912,0.245259133,0
X214,949,-0.257017436,0
X214,1087,-0.103629016,0
X214,1100,-0.135325985,0
X214,1103,1.205360738,0
X214,1517,0.436254179,0
X214,1552,0.062696943,0
X214,1635,0.086928001,0
X214,1654,0.222179003,0
X214,1680,0.424045311,0
X214,1693,-0.073680801,0
X214,1717,-0.472185161,0
X214,1834,-1.039551304,0
X214,1891,0.236839496,0
X214,1994,0.208793468,0
X214,1999,-0.339153971,0
X214,2221,-0.140247698,0
X214,2234,-0.044350936,0
X214,2276,0.268130035,0
X214,2277,-0.079344113,0
X214,2287,0.329243118,0
X214,2368,0.155176187,0
X214,2375,-0.128679298,0
X214,2466,0.211643831,0
X214,2494,0.261447785,0
X214,2496,0.030007301,0
X214,2613,0.348864277,0
X214,2614,0.320566734,0
X214,2624,-0.105073604,0
X214,2677,0.094843872,0
X214,2679,-0.204142195,0
X214,2691,-0.24759166,0
X214,2693,-0.38291512,0
X214,2783,-0.193079891,0
X214,2843,-0.36294621,0
X214,2850,-0.423472983,0
X214,2879,-0.103808145,0
X214,2887,0.610389153,0
X214,2899,-0.331017929,0
X214,2952,0.134837848,0
X214,2982,-0.078106411,0
X214,3073,0.304085904,0
X214,3088,-0.034007699,0
X214,3103,-0.162788389,0
X214,3340,-0.117238832,0
X214,3385,-0.126472175,0
X214,3495,0.274082417,0
X214,3552,-0.139990089,0
X214,3642,0.105867287,0
X214,3705,0.518257206,0
X214,3723,0.194284569,0
X214,3746,0.018469763,0
X214,3747,0.044281656,0
X214,3783,-0.190011317,0
X214,3792,1.000774477,1
X214,3824,0.582672256,0
X214,3849,-0.134536993,0
X214,3917,-0.357348459,0
X214,3954,0.081455944,0
X214,3968,0.206460219,0
X214,4002,0.32047131,0
X214,4017,0.719657299,0
X214,4039,-0.155658169,0
X214,4041,-0.031269515,0
X214,4110,-0.090685212,0
X214,4127,0.266933374,0
X214,4148,0.210601363,0
X214,4197,-0.512857742,0
X215,11,1.433643873,0
X215,36,1.778647931,1
X215,73,-0.956201642,1
X215,113,0.39579293,0
X215,191,3.258350589,0
X215,211,-0.056765778,0
X215,214,0.322059453,0
X215,247,0.23532235,0
X215,256,0.813811741,1
X215,283,-0.670446725,0
X215,287,1.656657313,1
X215,294,-0.839723771,0
X215,431,0.845506491,1
X215,473,-1.02233899,0
X215,483,1.010104239,0
X215,511,1.000449131,1
X215,553,-1.07366565,0
X215,573,-0.526647325,0
X215,616,-0.198342618,0
X215,630,-0.969327419,0
X215,687,-0.751976172,0
X215,712,0.287737338,0
X215,836,0.720236749,1
X215,907,-0.063035534,1
X215,912,-0.802608481,0
X215,958,0.3731138,0
X215,959,0.267341689,1
X215,992,1.266139517,1
X215,1061,1.92938305,0
X215,1106,-1.163749417,0
X215,1138,0.106110348,0
X215,1141,2.95001554,0
X215,1151,-0.679503409,0
X215,1154,0.743888447,0
X215,1228,5.199473558,0
X215,1249,0.18990858,0
X215,1291,1.987186215,0
X215,1312,0.499361692,0
X215,1323,-0.119614403,0
X215,1392,-1.184734703,0
X215,1426,-2.352343205,0
X215,1472,-0.600472139,0
X215,1492,-0.810793341,0
X215,1512,0.112490147,0
X215,1568,-0.843631015,0
X215,1586,0.600262755,1
X215,1600,-0.403857838,0
X215,1647,0.823812605,1
X215,1693,1.481823929,1
X215,1700,0.986299781,0
X215,1709,0.95043795,0
X215,1812,-1.025359605,0
X215,1826,2.161534292,1
X215,1852,-0.894106221,0
X215,1891,0.135970603,0
X215,1990,1.742720591,0
X215,1999,0.628857306,0
X215,2036,-0.38238625,0
X215,2082,-0.337198465,0
X215,2104,0.240680401,0
X215,2287,-0.903190485,0
X215,2407,-0.912840756,0
X215,2551,-0.086572436,0
X215,2601,-1.765955693,0
X215,2622,empty,0
X215,2638,2.477082633,0
X215,2648,-0.005561004,0
X215,2666,2.466110871,0
X215,2691,0.631972514,0
X215,2696,-0.793341368,0
X215,2784,-1.707949762,0
X215,2832,0.833351432,0
X215,2850,-1.140611776,0
X215,2887,1.503008276,0
X215,2915,-1.482524064,0
X215,2982,2.109892907,0
X215,2990,-0.021802764,1
X215,3017,0.981489134,0
X215,3064,1.825953959,0
X215,3088,-2.644808039,0
X215,3162,2.176709848,0
X215,3226,-1.269526235,0
X215,3231,-1.904688502,0
X215,3349,-0.886920014,0
X215,3434,0.638879926,0
X215,3436,0.706988926,0
X215,3482,0.460504237,0
X215,3552,-0.008084346,0
X215,3571,0.12520095,0
X215,3631,-0.978511043,0
X215,3662,0.476799123,0
X215,3670,-0.364788299,1
X215,3705,-0.285599291,0
X215,3727,-0.872773395,1
X215,3756,-0.958025027,0
X215,3772,1.646471974,0
X215,3792,-0.813930423,0
X215,3805,1.082202593,0
X215,3940,1.49708148,0
X215,3973,0.11990345,0
X215,4003,-0.107066143,0
X215,4029,-0.355125275,0
X215,4039,0.974470667,0
X215,4041,-1.337823093,0
X215,4113,-1.837234351,0
X215,4127,-1.064989018,0
X215,4148,0.72123317,0
X215,4164,-2.67616834,0
X215,4184,0.841416309,0
X216,11,0.728484639,0
X216,36,-0.007698165,0
X216,73,-0.308520962,0
X216,113,0.453735596,0
X216,191,-0.223893829,0
X216,207,-0.368681191,0
X216,214,-0.064459263,0
X216,216,-0.346133275,0
X216,268,0.433766343,0
X216,308,-0.005058263,0
X216,360,-0.470984647,0
X216,386,-0.103224228,0
X216,449,-0.494394245,0
X216,486,0.255589939,0
X216,511,0.757828822,0
X216,553,-0.002819129,0
X216,575,-0.189390307,0
X216,631,-0.154189943,0
X216,657,0.058102819,0
X216,663,-0.414077762,0
X216,669,-0.241130394,0
X216,675,0.244074596,0
X216,876,0.035557254,0
X216,878,-0.403208999,0
X216,879,0.244697945,0
X216,897,0.188926888,0
X216,1008,-0.567215744,0
X216,1046,-0.090610669,0
X216,1061,-0.071144094,0
X216,1087,-0.169166082,0
X216,1088,-0.361442071,0
X216,1178,0.123002731,0
X216,1224,-0.261366535,0
X216,1248,0.861915701,0
X216,1284,0.480713104,0
X216,1302,0.046680801,0
X216,1323,-0.281910033,0
X216,1329,0.196193579,0
X216,1400,-0.519017814,0
X216,1654,-0.186837342,0
X216,1671,0.060236434,0
X216,1693,-0.617670418,0
X216,1700,-0.021075031,0
X216,1717,0.071508893,0
X216,1812,-0.438762153,0
X216,1879,0.467448171,0
X216,1898,0.021992586,0
X216,1952,-0.10439748,0
X216,1992,0.302338835,0
X216,2027,0.234013391,0
X216,2076,-0.199934405,0
X216,2135,-0.18111899,0
X216,2234,-0.041101895,0
X216,2305,-0.376582196,0
X216,2332,0.758370009,0
X216,2483,0.357706545,0
X216,2534,0.343904606,0
X216,2638,-0.041340405,0
X216,2706,-0.845452303,0
X216,2818,0.4110882,0
X216,2953,0.117017529,0
X216,2968,-0.43850436,0
X216,3017,-0.085970175,0
X216,3027,0.179659233,0
X216,3041,-0.384656037,0
X216,3190,-0.086283847,0
X216,3233,-0.323558089,0
X216,3235,0.029557811,0
X216,3280,-0.216495695,0
X216,3340,-0.051377244,0
X216,3345,0.014469739,0
X216,3349,-0.06417207,0
X216,3460,0.37797753,0
X216,3465,-0.36303917,0
X216,3482,0.051665675,0
X216,3495,-0.257483193,0
X216,3511,0.324835003,0
X216,3539,-0.02864116,0
X216,3544,-0.056672863,0
X216,3551,-0.037329171,0
X216,3557,0.36935309,0
X216,3635,0.401057184,0
X216,3642,0.073609515,0
X216,3670,-0.024627742,0
X216,3696,-0.251253037,0
X216,3791,-0.517586312,0
X216,3792,-0.030144767,0
X216,3819,0.239598656,0
X216,3824,0.14431118,0
X216,3964,-0.411426066,0
X216,4003,0.132381372,0
X216,4027,0.194038326,0
X216,4110,0.095509549,0
X216,4121,-0.076214204,0
X216,4168,0.235297083,0
X216,4184,-0.236908866,0
X217,58,-0.03910125,0
X217,199,-0.372564552,0
X217,216,-0.718252927,0
X217,249,-0.535632952,0
X217,343,0.62228195,0
X217,401,-0.580879992,0
X217,410,-0.144903299,0
X217,419,-0.019275812,0
X217,449,0.114309625,0
X217,530,-0.058819506,0
X217,536,-0.398514542,0
X217,553,0.153526877,0
X217,616,-0.446923223,0
X217,630,-0.004782293,0
X217,689,-0.530246971,0
X217,712,-0.157456212,0
X217,780,-0.41870135,0
X217,836,0.140074285,0
X217,877,-0.335189526,0
X217,878,0.206241024,0
X217,879,-0.380176402,0
X217,912,-0.212967964,0
X217,943,0.586834582,0
X217,1046,0.064273737,0
X217,1088,empty,0
X217,1129,-0.023436847,0
X217,1157,0.393692483,0
X217,1187,-0.741382567,0
X217,1228,0.15879981,0
X217,1239,-0.506511535,0
X217,1249,-0.068461777,0
X217,1284,0.143193075,0
X217,1291,0.279665771,0
X217,1312,-0.179466163,0
X217,1323,-0.001747025,0
X217,1329,0.09149152,0
X217,1359,-0.176599917,0
X217,1389,0.430925877,0
X217,1441,0.211751796,0
X217,1485,0.258013691,0
X217,1565,-0.41691446,0
X217,1568,0.791939209,1
X217,1600,-0.424507379,0
X217,1612,0.27798254,0
X217,1635,0.027448134,0
X217,1654,0.646112768,0
X217,1691,-0.060609216,0
X217,1709,-0.050792517,0
X217,1725,-0.008584364,0
X217,1733,0.110217109,0
X217,1829,-0.602900164,0
X217,1834,0.145274359,0
X217,1840,0.436038063,0
X217,1891,0.215407255,0
X217,1894,0.076250637,0
X217,1993,0.002058294,0
X217,2008,0.369116742,0
X217,2027,0.108355315,0
X217,2055,0.191768972,0
X217,2082,0.225020773,0
X217,2116,0.153315881,0
X217,2188,0.116105452,0
X217,2221,0.362788318,0
X217,2287,-0.098690562,0
X217,2358,0.171830666,0
X217,2375,-0.003421547,0
X217,2402,0.138550276,0
X217,2466,0.000910697,0
X217,2483,-0.566851109,0
X217,2534,-0.340695767,0
X217,2561,0.407451991,0
X217,2624,0.310092697,0
X217,2648,0.195393571,0
X217,2673,-0.267504217,0
X217,2706,-0.511537356,0
X217,2783,0.325766389,0
X217,2953,0.054124317,0
X217,2972,0.444564078,0
X217,3073,-0.344269665,0
X217,3079,-0.213137246,0
X217,3088,0.525973833,0
X217,3094,0.472193554,0
X217,3103,-0.213569714,0
X217,3201,0.75207215,0
X217,3231,0.196400861,0
X217,3340,0.101451883,0
X217,3371,0.409690034,0
X217,3433,0.597823371,0
X217,3482,0.583051642,0
X217,3512,-0.313807568,0
X217,3630,-0.183303344,0
X217,3705,0.726878021,0
X217,3723,0.195662364,0
X217,3781,-0.126283209,0
X217,3783,-0.379714639,0
X217,3791,-0.157310945,0
X217,3795,0.320192228,0
X217,3801,0.414704648,0
X217,3917,0.227738137,0
X217,3954,0.06456969,0
X217,3966,0.445796382,0
X217,4041,0.214436397,0
X217,4095,0.008270755,0
X217,4110,0.342902702,0
X217,4132,-0.14628046,0
X217,4156,-0.459340742,0
X217,4168,-0.029465381,0
X218,36,-1.419453504,0
X218,107,0.362043533,0
X218,120,0.401588912,0
X218,162,2.46021836,1
X218,191,1.579924463,1
X218,207,0.540367743,0
X218,249,-1.408284466,0
X218,294,0.093958758,0
X218,343,empty,1
X218,386,-1.279502767,0
X218,410,3.516704746,0
X218,413,0.518417246,1
X218,419,1.221339274,1
X218,530,2.21645933,1
X218,549,2.293841154,1
X218,634,2.379088628,0
X218,712,1.489018822,0
X218,780,0.447712111,0
X218,807,4.122963779,1
X218,836,1.888172972,0
X218,851,2.198466137,1
X218,914,0.996018425,0
X218,943,0.521371525,0
X218,949,0.199725959,0
X218,958,0.151150649,0
X218,996,-0.214914853,0
X218,1010,0.056244915,1
X218,1061,1.310128933,1
X218,1094,-2.329880733,0
X218,1103,1.783220567,0
X218,1138,2.074814858,1
X218,1157,3.763997198,1
X218,1187,-0.464530396,1
X218,1248,0.329144771,0
X218,1291,-2.197324535,0
X218,1295,-0.201866439,0
X218,1302,-2.487258869,1
X218,1312,1.539555959,0
X218,1374,-0.977755516,1
X218,1392,-2.575457864,0
X218,1419,1.976203643,0
X218,1467,0.994890306,1
X218,1485,0.460194955,0
X218,1492,-1.482312065,0
X218,1512,-2.419825962,0
X218,1530,0.380801608,0
X218,1552,3.14412657,0
X218,1680,-3.925635212,0
X218,1693,-1.66800006,0
X218,1834,-1.831051642,0
X218,1891,2.797812796,1
X218,1894,1.870173343,0
X218,1992,2.951121444,1
X218,1994,1.333385562,0
X218,2027,-1.375815051,0
X218,2076,0.684687442,0
X218,2108,-0.403753481,0
X218,2242,1.818288052,0
X218,2358,2.891027316,0
X218,2368,3.243428153,1
X218,2375,0.407214918,0
X218,2402,0.394850184,1
X218,2576,0.971812235,1
X218,2624,0.543459772,1
X218,2666,0.780320088,0
X218,2783,0.832248814,1
X218,2815,2.766900339,1
X218,2817,-0.640341513,0
X218,2843,-0.32358171,0
X218,2848,2.314080811,0
X218,2884,1.779694071,0
X218,2962,2.224695592,1
X218,2982,1.395476309,1
X218,2992,-1.356655015,0
X218,3027,-0.35426388,0
X218,3069,4.181531774,1
X218,3121,0.969472956,1
X218,3190,0.929587618,0
X218,3250,-3.739668751,0
X218,3292,-3.408476436,0
X218,3482,-0.118957016,0
X218,3511,-2.186013874,1
X218,3512,3.633595443,0
X218,3529,1.330784765,0
X218,3571,-0.667089995,0
X218,3572,empty,0
X218,3642,-1.493885249,0
X218,3670,2.672830028,0
X218,3723,0.936857723,1
X218,3747,2.509038129,1
X218,3791,1.0398288,1
X218,3792,-0.386572583,0
X218,3877,-2.054586762,0
X218,3881,-2.1212993,0
X218,3895,-1.600430524,0
X218,3911,3.043344791,0
X218,3940,-1.548351245,0
X218,3964,-1.532218854,0
X218,3968,1.770138922,0
X218,4001,0.993705932,0
X218,4027,1.276545199,0
X218,4029,2.055944235,0
X218,4087,-2.662779468,0
X218,4095,0.362670884,0
X218,4110,1.914665478,0
X218,4127,-0.6241445,0
X218,4159,3.701600173,0
X219,43,-0.021268586,0
X219,127,-0.619680038,0
X219,170,0.392236043,0
X219,207,0.112833923,0
X219,308,0.331388517,0
X219,375,0.872740426,0
X219,473,0.218213696,0
X219,483,1.285128476,1
X219,511,0.160181992,0
X219,530,-0.462784889,0
X219,560,0.124810308,0
X219,617,1.99279847,0
X219,657,1.455733747,0
X219,663,-1.424715842,0
X219,690,-0.579134588,0
X219,782,1.423701832,0
X219,817,0.141119427,0
X219,855,-0.863161516,0
X219,878,-0.996774398,0
X219,971,0.981149335,0
X219,1061,-0.793360798,1
X219,1087,0.138845296,0
X219,1094,-0.380423994,0
X219,1151,-0.345583954,1
X219,1239,0.186842008,0
X219,1300,-0.059434,0
X219,1389,-0.24901378,0
X219,1492,-0.289915839,0
X219,1512,0.977725857,0
X219,1524,1.622074234,0
X219,1530,0.49466872,0
X219,1598,-0.988256937,0
X219,1600,0.147048184,0
X219,1635,-0.398792118,0
X219,1655,-1.178943214,0
X219,1693,1.847855794,0
X219,1711,0.411064482,0
X219,1733,-0.710004286,0
X219,1746,0.308646052,0
X219,1852,0.846113358,0
X219,1879,0.7373078,0
X219,1886,-0.971345192,0
X219,1952,-0.231338295,0
X219,1997,0.417141323,0
X219,2008,0.491623492,0
X219,2082,1.779511401,0
X219,2127,1.130208391,1
X219,2137,0.233129563,0
X219,2276,-1.113339047,0
X219,2287,-0.187658101,0
X219,2290,-0.645943114,0
X219,2305,0.174055819,0
X219,2402,1.69905496,0
X219,2496,-0.211465549,0
X219,2499,1.395283998,0
X219,2561,0.700933763,0
X219,2696,-0.648764387,0
X219,2706,-0.753619008,0
X219,2783,-0.811020863,0
X219,2815,-0.422216814,0
X219,2818,1.884972698,1
X219,2843,-0.431618156,0
X219,2876,2.0502437,0
X219,2879,0.662215137,1
X219,2939,-0.947008771,0
X219,2953,-0.677674201,0
X219,2992,1.335955673,0
X219,3280,0.40542848,0
X219,3292,-0.281238381,0
X219,3434,0.076078231,0
X219,3440,0.389632715,0
X219,3460,-0.806809929,0
X219,3495,-0.846412256,0
X219,3496,0.582162778,0
X219,3511,empty,0
X219,3529,0.329186556,0
X219,3539,1.238436425,0
X219,3612,0.223809528,0
X219,3630,-0.374684008,0
X219,3795,-0.15239837,0
X219,3881,-0.333757456,0
X219,3917,0.987579865,0
X219,4001,-0.088339108,0
X219,4017,-0.174106367,0
X219,4021,1.415422617,0
X219,4029,0.157157098,0
X219,4113,-0.634541008,0
X219,4168,-0.310452511,0
X219,4184,-0.762823229,0
X219,4201,-0.313854261,0
X220,3,0.186974813,1
X220,11,1.357690598,1
X220,43,0.83038868,1
X220,107,-1.625428878,1
X220,113,3.357774977,1
X220,170,3.848931508,1
X220,183,1.735719336,1
X220,214,-3.021118728,1
X220,247,-1.340831191,0
X220,274,-1.308683048,0
X220,419,0.133705926,1
X220,473,-1.614682585,1
X220,511,-2.894760429,0
X220,536,1.277063305,0
X220,561,1.032352695,1
X220,567,1.686895946,1
X220,575,3.417644253,1
X220,634,-0.216171986,1
X220,657,-5.722001248,0
X220,758,1.104774553,0
X220,817,0.80555102,1
X220,836,-1.616385982,0
X220,865,3.545131354,0
X220,876,0.614176676,1
X220,879,0.330618498,0
X220,943,-3.672359609,0
X220,953,3.642798227,0
X220,992,0.532609546,0
X220,1094,2.979537768,1
X220,1096,1.515942727,1
X220,1106,2.481248259,1
X220,1151,-0.022237094,0
X220,1268,-2.275455522,0
X220,1300,-0.20800673,1
X220,1359,-1.143404453,1
X220,1400,0.457242287,0
X220,1441,1.868015559,0
X220,1447,4.172471217,1
X220,1450,1.53917346,1
X220,1492,2.171064141,0
X220,1524,3.247750717,1
X220,1568,-3.635776826,0
X220,1580,4.067213441,1
X220,1598,0.444149326,1
X220,1635,1.075912292,1
X220,1709,0.433169713,1
X220,1725,-0.477092077,1
X220,1775,-1.611063907,1
X220,1810,2.014246381,1
X220,1812,1.429835855,1
X220,1868,-3.830543069,0
X220,1937,1.442464742,1
X220,1943,4.421841306,1
X220,1944,-0.066032648,0
X220,1973,5.304052785,1
X220,1990,-2.237798527,1
X220,1991,1.325614475,1
X220,1999,1.930800346,0
X220,2008,3.108522027,1
X220,2027,1.156593569,0
X220,2108,0.676332469,1
X220,2221,1.716380784,0
X220,2276,0.801247405,1
X220,2368,-0.30507218,0
X220,2421,0.756568734,0
X220,2494,-0.805447779,0
X220,2562,0.71928307,1
X220,2613,1.558769548,0
X220,2614,6.516370995,0
X220,2622,-1.048865223,1
X220,2666,2.281256517,1
X220,2693,1.615400753,1
X220,2719,-1.065624162,0
X220,2783,0.897382632,0
X220,2816,2.363214197,1
X220,2849,-1.225445286,1
X220,2870,0.470408962,1
X220,2879,0.202299283,1
X220,2884,-0.599361104,1
X220,2992,-0.475581064,0
X220,3064,2.4010759,0
X220,3069,1.298623476,1
X220,3079,-1.451069244,1
X220,3088,-2.284055386,0
X220,3249,-0.815637212,1
X220,3343,0.998008913,1
X220,3349,0.827666866,1
X220,3375,0.62933514,1
X220,3476,1.598267937,1
X220,3495,-0.029014203,0
X220,3496,4.741980238,1
X220,3512,1.220521485,1
X220,3529,-1.197040372,1
X220,3546,2.591384508,1
X220,3642,-5.138678437,1
X220,3691,0.975350712,0
X220,3705,2.675223461,0
X220,3756,1.040587866,1
X220,3783,0.345785574,0
X220,3792,0.493333677,1
X220,3824,1.122889858,0
X220,3849,2.114858425,1
X220,3881,-0.994200323,0
X220,3928,3.220777303,0
X220,3954,0.46382444,1
X220,4005,1.077297617,1
X220,4095,2.661090672,1
X220,4110,3.251102084,1
X220,4113,-2.142651582,0
X220,4121,0.060587516,1
X220,4132,1.268138357,1
X220,4200,2.004878878,0
X221,3,0.696910201,0
X221,11,0.579862868,0
X221,73,-0.495102843,0
X221,113,0.49861684,0
X221,156,-0.388217085,0
X221,211,-0.205998462,0
X221,247,-0.196569057,0
X221,274,0.342588754,0
X221,284,0.088144574,0
X221,375,-0.223739374,0
X221,393,-0.271940628,0
X221,473,0.234323568,0
X221,483,0.047568745,0
X221,486,-0.470508896,0
X221,511,0.133455691,0
X221,536,-0.548564311,0
X221,553,0.40714273,0
X221,575,-0.032305494,0
X221,689,-0.137252782,0
X221,690,0.085125146,0
X221,782,-0.039655954,0
X221,877,0.771663712,0
X221,878,0.31449599,0
X221,949,-0.543003201,0
X221,953,-0.434901013,0
X221,954,-0.137564917,0
X221,958,-0.273858812,0
X221,971,-0.473654181,0
X221,1089,-0.422751458,0
X221,1096,0.015069672,0
X221,1100,-0.030322406,0
X221,1138,0.023882247,0
X221,1157,0.587996602,0
X221,1284,-0.086277172,0
X221,1285,-0.175004261,0
X221,1332,-0.302147517,0
X221,1472,-0.178454142,0
X221,1483,-0.123136962,0
X221,1512,-0.445621338,0
X221,1525,0.052657671,0
X221,1580,0.056014872,0
X221,1647,0.068809657,0
X221,1700,0.035782089,0
X221,1708,0.133636278,0
X221,1729,-0.219093029,0
X221,1746,-0.255903002,0
X221,1834,0.779908468,0
X221,1868,-0.167929155,0
X221,1879,0.181872292,0
X221,1894,-0.558190585,0
X221,1938,0.246518605,0
X221,1952,-0.230643753,0
X221,2028,0.009842973,0
X221,2160,-0.443522392,0
X221,2188,0.498677546,0
X221,2290,0.395015862,0
X221,2375,-0.06506711,0
X221,2466,-0.449443998,0
X221,2562,-0.091994702,0
X221,2576,-0.112607149,0
X221,2601,0.32476003,0
X221,2613,-0.212651897,0
X221,2614,0.436019494,0
X221,2666,empty,0
X221,2673,0.62550985,0
X221,2679,-0.033291814,0
X221,2708,-0.381891286,0
X221,2719,-0.153375729,0
X221,2771,-0.45782955,0
X221,2850,-0.428309239,0
X221,2876,-0.259041443,0
X221,2879,0.442804664,0
X221,2887,-0.239204785,0
X221,2952,-0.287818902,0
X221,2969,-0.582470027,0
X221,3017,0.661227154,0
X221,3073,-0.649063979,0
X221,3201,0.56581082,0
X221,3231,0.203536898,0
X221,3280,-0.16951784,0
X221,3292,0.000415043,0
X221,3360,-0.4208812,0
X221,3371,0.03513268,0
X221,3375,-0.349142758,0
X221,3385,-0.232959134,0
X221,3396,0.229161227,0
X221,3476,-0.00438803,0
X221,3551,-0.00264454,0
X221,3918,-0.292017919,0
X221,3964,0.403897566,0
X221,4001,0.292926907,0
X221,4002,-0.070465171,0
X221,4039,-0.257250535,0
X221,4053,0.019050871,0
X221,4095,-0.798789113,0
X221,4110,0.067387662,0
X221,4119,-0.270055403,0
X221,4156,0.194339428,0
X222,156,0.421415387,0
X222,216,0.660472326,0
X222,268,0.02520178,0
X222,274,0.022182456,0
X222,294,0.470727773,0
X222,389,0.487358624,0
X222,410,-1.492899712,0
X222,414,-1.149155294,0
X222,419,-0.485617674,0
X222,449,0.651479964,0
X222,536,1.184671718,0
X222,613,-0.502102447,0
X222,624,0.405034837,0
X222,631,0.363164493,0
X222,634,-0.310774612,0
X222,649,0.420427821,0
X222,712,-0.128785158,0
X222,758,-0.43408945,0
X222,837,0.443846579,0
X222,855,-0.556100493,0
X222,875,0.587223514,1
X222,953,0.991984919,0
X222,959,0.841922639,0
X222,986,0.289646752,0
X222,989,0.696088101,0
X222,996,0.802042804,0
X222,1064,1.115107061,0
X222,1103,-0.577406156,0
X222,1141,0.271864526,0
X222,1228,0.204390595,0
X222,1248,-0.509869153,0
X222,1300,-0.41875966,0
X222,1323,1.038238105,0
X222,1389,0.176253073,0
X222,1436,-0.551053702,0
X222,1483,-0.427407155,0
X222,1524,0.730097903,0
X222,1598,-0.163343299,0
X222,1615,-0.592890789,0
X222,1647,0.815825358,0
X222,1700,-0.22940498,0
X222,1729,-0.374797899,0
X222,1746,-1.238238532,0
X222,1829,-0.471500432,0
X222,1834,-0.244001722,0
X222,1879,1.16960176,0
X222,1891,-1.328844163,0
X222,1894,-0.298544465,0
X222,1973,0.631312181,0
X222,1991,0.230982219,0
X222,2028,-1.079839604,0
X222,2055,-0.081470379,0
X222,2082,-0.938976509,0
X222,2160,0.457069409,0
X222,2242,0.534378682,0
X222,2276,0.423273717,0
X222,2286,0.286063875,0
X222,2333,0.401464784,0
X222,2421,-0.831434191,0
X222,2430,-0.308549364,0
X222,2445,1.112719454,0
X222,2452,-1.588984192,0
X222,2467,0.801206346,0
X222,2496,-0.805919111,0
X222,2551,0.032525739,0
X222,2691,0.380098229,0
X222,2815,-0.723396491,0
X222,2843,0.899131556,0
X222,2887,0.810915104,0
X222,3069,-0.261833449,0
X222,3179,0.231088818,0
X222,3226,0.448977172,0
X222,3233,-0.661551623,0
X222,3235,0.771555465,0
X222,3279,0.883340138,0
X222,3343,0.898093193,0
X222,3360,-0.967283,0
X222,3434,-0.17590593,0
X222,3476,1.146155118,0
X222,3529,0.182939477,0
X222,3546,-0.121158744,0
X222,3552,-0.024234319,0
X222,3557,-0.247460899,0
X222,3572,0.434763988,0
X222,3630,-0.792305451,0
X222,3632,-0.156373426,0
X222,3691,0.303907153,0
X222,3705,0.028140456,0
X222,3805,0.539062262,0
X222,3881,0.367662377,0
X222,3940,0.523700066,0
X222,3964,0.09442926,0
X222,4005,1.033314097,0
X222,4021,-0.754727952,0
X222,4029,0.54065436,0
X222,4052,0.023686042,0
X223,58,0.464891967,1
X223,120,6.526212699,1
X223,199,-2.007964066,0
X223,268,-1.381788172,1
X223,287,-0.425188391,0
X223,375,0.553575568,0
X223,393,2.660693482,1
X223,413,3.40983596,1
X223,431,0.160334172,0
X223,486,-0.523597714,0
X223,553,2.258573328,1
X223,561,1.260762769,1
X223,669,2.953116094,1
X223,712,1.916073881,1
X223,782,-0.289189324,0
X223,855,-0.90085675,0
X223,879,5.648536999,1
X223,907,4.520325346,0
X223,996,0.089861155,0
X223,1094,2.989542792,1
X223,1096,-1.246547562,1
X223,1100,-2.005221536,0
X223,1119,-7.169894878,0
X223,1138,-0.12134754,0
X223,1224,-2.79301742,0
X223,1248,0.5053828,1
X223,1284,0.00249865,0
X223,1285,3.516999235,1
X223,1295,0.317803363,1
X223,1374,0.339949446,0
X223,1392,1.137742817,1
X223,1426,3.473391586,1
X223,1441,-1.664835151,0
X223,1450,0.368068759,1
X223,1472,0.763255106,0
X223,1512,0.931968031,0
X223,1552,1.437542156,0
X223,1598,-0.23733607,0
X223,1729,0.875018164,1
X223,1834,-1.613579837,0
X223,1852,1.632329088,1
X223,1898,-1.395857458,0
X223,1943,-2.929959517,0
X223,1997,2.668033274,0
X223,2027,-0.272517799,1
X223,2028,1.232081257,1
X223,2036,0.199438261,1
X223,2127,-0.081232069,0
X223,2137,0.910363447,1
X223,2188,-0.773581965,1
X223,2290,0.628099821,1
X223,2305,2.174879911,1
X223,2561,-2.604486225,1
X223,2613,0.378939223,1
X223,2636,1.116074376,1
X223,2648,-0.72803211,1
X223,2666,1.882871455,0
X223,2679,0.490766901,1
X223,2691,-0.351937361,0
X223,2708,0.064541704,0
X223,2763,2.337598533,1
X223,2783,-1.480957874,0
X223,2832,-0.179939535,1
X223,2870,1.431251112,1
X223,2953,4.38718749,1
X223,2962,2.943944985,1
X223,2966,4.221954406,1
X223,3041,3.355499916,1
X223,3079,0.906323272,1
X223,3121,2.865075878,0
X223,3147,0.647362165,1
X223,3190,0.482769924,0
X223,3280,-2.159966655,1
X223,3349,3.946191527,1
X223,3375,2.924582985,1
X223,3482,-0.456877198,0
X223,3512,-0.619026356,1
X223,3552,3.072040129,0
X223,3571,0.564875284,1
X223,3631,1.321774685,1
X223,3662,0.904981542,0
X223,3691,1.729622819,1
X223,3772,-2.731068384,0
X223,3928,0.853702271,0
X223,3966,2.963631539,1
X223,4001,1.231072861,1
X223,4002,0.502256987,1
X223,4027,-2.122156795,1
X223,4039,-2.601497594,1
X223,4087,-0.68212288,0
X223,4095,-1.573783083,0
X223,4126,-0.758802595,0
X223,4168,-1.430168181,0
X223,4184,2.558226964,0
X223,4197,1.2290088,0
X223,4200,-1.017843074,1
X223,4204,-0.355819725,1
X224,12,0.286640281,0
X224,36,-0.560301164,0
X224,107,-3.95833039,0
X224,229,-0.474820032,1
X224,283,2.913246098,0
X224,386,-0.542322473,1
X224,410,-1.600730816,0
X224,449,-2.573543657,0
X224,473,-0.551349389,0
X224,483,4.098664866,1
X224,525,0.449795797,0
X224,536,-2.368609034,0
X224,543,4.05301487,1
X224,616,-1.154832746,1
X224,675,0.100540825,0
X224,769,1.004750721,0
X224,823,0.058242589,0
X224,855,1.835930125,0
X224,875,0.685228346,0
X224,893,1.255274537,0
X224,912,0.313377735,0
X224,943,-1.363273438,0
X224,953,-0.435428342,0
X224,958,-0.523288477,1
X224,978,2.353895102,1
X224,996,2.633524537,0
X224,1010,-2.473245113,0
X224,1021,0.539082485,0
X224,1037,3.43622565,1
X224,1108,-2.567342846,0
X224,1154,1.197172764,1
X224,1157,3.507610454,0
X224,1183,0.072617735,0
X224,1278,3.125013604,0
X224,1291,0.593448383,1
X224,1436,0.667536914,1
X224,1441,-2.763416117,0
X224,1492,-0.104252004,1
X224,1512,-4.438931479,0
X224,1600,1.534584577,1
X224,1693,-1.593290422,0
X224,1812,1.82937053,1
X224,1834,2.589741095,0
X224,1844,0.091037252,0
X224,1852,1.049649493,0
X224,1894,-1.880036995,1
X224,1898,-1.216179251,0
X224,1937,0.382565861,1
X224,2008,0.695544861,0
X224,2013,0.053368917,0
X224,2027,-1.610892452,1
X224,2055,2.586212923,0
X224,2104,2.774703517,0
X224,2221,2.931418172,0
X224,2234,1.113086171,0
X224,2241,-1.706717547,0
X224,2287,-1.528036879,0
X224,2402,0.907607774,0
X224,2534,0.431969658,1
X224,2551,1.749011633,1
X224,2562,-0.239062851,1
X224,2624,-0.925969724,0
X224,2673,-0.936309929,0
X224,2775,-0.89442756,0
X224,2849,-0.726032273,1
X224,2870,-2.038273271,1
X224,3162,3.140285586,1
X224,3241,-1.826080878,0
X224,3252,-0.528919026,0
X224,3292,2.03711423,0
X224,3340,-2.995862958,0
X224,3360,2.520694572,0
X224,3385,-2.62656043,0
X224,3434,-0.992888025,0
X224,3465,-0.098443054,0
X224,3476,0.625678562,1
X224,3496,2.509835371,0
X224,3540,-0.471250185,0
X224,3544,-0.836061439,1
X224,3557,-0.911539642,1
X224,3642,3.083797591,1
X224,3710,-0.547788026,0
X224,3756,2.109734608,1
X224,3772,1.485222645,0
X224,3781,-1.270224241,0
X224,3881,1.94222251,0
X224,3928,1.770765095,0
X224,3940,-1.705690715,0
X224,4002,4.559928863,1
X224,4003,0.471473706,0
X224,4052,0.262756422,0
X224,4197,1.991238786,0
X224,4200,-3.176311548,0
X224,4201,-1.600888523,0
X225,11,1.393374395,0
X225,170,1.278231232,0
X225,191,0.410444775,1
X225,192,2.93154704,0
X225,211,1.959138625,0
X225,256,0.040118315,0
X225,274,-1.288136219,0
X225,287,0.141369142,0
X225,294,0.920300218,0
X225,410,-1.849233287,0
X225,449,-1.827753713,0
X225,485,0.39738165,0
X225,525,0.80914362,0
X225,530,0.588813767,0
X225,560,-1.978839841,0
X225,616,1.132967718,0
X225,689,-1.19057081,0
X225,758,0.307656536,0
X225,817,-0.56164533,0
X225,851,0.673070266,0
X225,865,0.731212558,0
X225,897,0.924603316,0
X225,912,-0.969605066,0
X225,971,0.603289891,0
X225,996,-1.438346565,0
X225,1010,0.241763818,0
X225,1087,3.03557551,0
X225,1094,-0.112132767,1
X225,1103,1.139479958,0
X225,1154,1.318674591,0
X225,1187,-0.1718989,0
X225,1249,-0.749538226,0
X225,1285,-0.69505643,0
X225,1291,2.085618074,0
X225,1295,-0.345180131,0
X225,1392,-0.393903735,0
X225,1421,0.256493919,0
X225,1447,-0.518561599,0
X225,1495,1.326672926,0
X225,1568,1.111036848,0
X225,1580,2.493360483,0
X225,1586,-0.118544627,0
X225,1592,-0.404385789,0
X225,1615,-0.084039195,0
X225,1691,-0.532700169,0
X225,1700,1.826625575,0
X225,1708,2.420185969,0
X225,1709,0.412049591,0
X225,1711,-0.185068434,0
X225,1746,-0.002951819,0
X225,1814,-1.085937417,0
X225,1824,-0.633086023,0
X225,1834,0.642411242,0
X225,1844,-0.561146647,0
X225,1868,1.388040247,0
X225,1990,1.707606325,0
X225,2116,0.492309792,0
X225,2127,0.109063196,0
X225,2198,-0.240911281,0
X225,2221,-0.315952377,0
X225,2241,0.023581347,0
X225,2305,1.828183114,0
X225,2309,-1.156205484,0
X225,2430,-0.096549291,0
X225,2483,-1.528849697,0
X225,2494,-1.258855953,0
X225,2534,0.491785528,0
X225,2648,2.010096908,1
X225,2691,0.043384595,0
X225,2693,-0.24262671,0
X225,2708,-0.162019046,0
X225,2763,-1.577119071,0
X225,2775,-1.680147307,0
X225,2783,-3.807595036,0
X225,2879,0.542322118,0
X225,2884,0.164799631,0
X225,2887,0.961727187,0
X225,2915,0.890826342,0
X225,2939,0.821700081,0
X225,2969,0.256251007,0
X225,2972,-0.818164849,0
X225,2990,-0.814282919,0
X225,3088,0.853097807,0
X225,3103,-0.743181856,0
X225,3190,-0.886628684,0
X225,3249,0.250620404,0
X225,3279,0.709649859,0
X225,3360,0.414409124,0
X225,3371,0.581489596,0
X225,3375,-0.007681672,0
X225,3433,1.017404033,1
X225,3440,-0.946525163,0
X225,3465,-0.989559984,0
X225,3540,2.918766044,1
X225,3544,-0.8032002,0
X225,3571,0.349358929,0
X225,3630,0.139077513,0
X225,3635,0.828910302,0
X225,3642,0.532314615,0
X225,3691,empty,0
X225,3727,1.287698894,0
X225,3756,-0.700615261,0
X225,3781,2.090181046,0
X225,3783,0.066801383,0
X225,3791,-0.050227481,1
X225,3801,-0.492014601,0
X225,3819,-2.348665044,0
X225,3911,-0.422549756,0
X225,4027,-1.585210493,0
X225,4041,-1.714710138,0
X225,4052,-0.031217883,0
X225,4110,1.785928476,0
X225,4113,-0.541275915,0
X225,4142,-0.736181684,0
X225,4164,-0.391502385,0
X226,12,0.581568599,0
X226,183,-1.876885566,0
X226,199,0.822965909,0
X226,207,0.113675549,0
X226,222,-0.611043663,0
X226,268,-0.566354964,0
X226,287,0.880888772,0
X226,308,0.709756502,0
X226,410,0.071036328,0
X226,449,1.534298579,0
X226,485,0.159731966,0
X226,499,0.003205228,0
X226,503,0.008055752,0
X226,549,-0.411007337,0
X226,567,0.2037469,0
X226,575,0.682264389,0
X226,613,0.779748548,0
X226,657,-0.29553009,0
X226,690,-0.642909267,0
X226,758,0.189470485,0
X226,837,-0.179120914,0
X226,855,-0.006210136,0
X226,865,0.940183592,1
X226,888,0.556722944,0
X226,907,-0.76839515,0
X226,978,-0.819257161,0
X226,986,0.023250042,0
X226,989,0.239353277,0
X226,996,0.939533218,0
X226,1046,0.604432112,0
X226,1108,0.179183925,0
X226,1178,0.635233024,0
X226,1228,1.657518321,0
X226,1249,-0.72435835,0
X226,1323,-0.78723056,0
X226,1421,-1.552631959,0
X226,1467,0.51134723,0
X226,1483,0.235716894,0
X226,1492,-0.705071023,0
X226,1525,-0.620951306,0
X226,1552,0.703639003,0
X226,1565,0.796903139,0
X226,1568,0.054424767,0
X226,1586,-0.868030764,0
X226,1600,-0.203530661,0
X226,1691,-0.313596622,0
X226,1700,-0.15884221,0
X226,1708,1.390520442,0
X226,1729,0.457452381,0
X226,1733,0.227909731,0
X226,1775,0.100559013,0
X226,1879,1.249977055,0
X226,1894,0.392898511,0
X226,1992,0.138791943,0
X226,1993,0.603240031,0
X226,2013,0.929962278,0
X226,2104,-1.69272179,0
X226,2108,0.55315976,0
X226,2116,-0.457120236,0
X226,2160,0.400992314,0
X226,2188,-1.334664808,0
X226,2241,0.197668726,0
X226,2277,-0.252231116,0
X226,2287,-0.608114393,0
X226,2368,-0.907440162,0
X226,2375,0.47252651,0
X226,2430,-0.777626131,0
X226,2452,0.470820302,0
X226,2466,-1.199462479,0
X226,2494,0.277034313,0
X226,2499,-0.734014079,0
X226,2551,0.09753505,0
X226,2624,0.148005125,0
X226,2666,0.931380561,0
X226,2691,-0.685988739,0
X226,2706,-1.210052461,0
X226,2848,0.800457563,0
X226,2850,0.043485059,0
X226,2876,-0.767116447,0
X226,2879,-0.415997818,0
X226,2884,0.288640793,0
X226,2915,-0.520015686,0
X226,2992,0.593287847,0
X226,3027,-0.512599568,0
X226,3041,0.663541961,0
X226,3088,-0.910867969,0
X226,3147,0.055139276,0
X226,3375,-0.2333632,0
X226,3434,-0.049913548,0
X226,3460,0.605287541,0
X226,3511,0.162196514,0
X226,3529,0.192345828,0
X226,3547,0.264155926,0
X226,3571,-0.518675054,0
X226,3572,-0.461500367,0
X226,3780,-0.217237099,0
X226,4021,-0.189797261,0
X226,4164,0.608115413,0
X226,4200,1.046430487,0
X227,107,-0.046035343,0
X227,120,-0.010644747,0
X227,192,-0.129394278,0
X227,214,-0.000607,0
X227,274,0.012296015,0
X227,284,-0.146606266,0
X227,287,-0.549486531,0
X227,308,0.099717389,0
X227,360,-0.093945866,0
X227,389,0.043427176,0
X227,413,0.111008929,0
X227,431,-0.072662124,0
X227,483,0.03419657,0
X227,499,-0.204938393,0
X227,525,0.138205631,0
X227,536,-0.16175791,0
X227,549,-0.030646425,0
X227,573,-0.164479439,0
X227,616,0.010507858,0
X227,687,0.1667117,0
X227,689,0.114398855,0
X227,690,0.489452913,0
X227,893,0.007020386,0
X227,943,-0.290344358,0
X227,949,-0.432619292,0
X227,953,-0.131740408,0
X227,954,0.350496756,0
X227,986,0.264720982,0
X227,996,-0.100136622,0
X227,1088,0.146928724,0
X227,1178,0.240128514,0
X227,1228,-0.183941286,0
X227,1239,-0.277724104,0
X227,1268,0.198459439,0
X227,1291,0.223083222,0
X227,1323,0.249007559,0
X227,1421,-0.074409758,0
X227,1426,-0.164931228,0
X227,1441,-0.305791101,0
X227,1485,-0.121624422,0
X227,1492,0.30251828,0
X227,1495,0.186830731,0
X227,1612,0.148562426,0
X227,1700,0.194509051,0
X227,1729,-0.144698633,0
X227,1812,-0.072979021,0
X227,1866,0.273399947,0
X227,1944,-0.241500539,0
X227,1945,0.365306765,0
X227,1992,-0.193946355,0
X227,1997,-0.234290529,0
X227,2008,0.085219436,0
X227,2028,-0.005678237,0
X227,2082,-0.100439952,0
X227,2137,-0.124173004,0
X227,2188,-0.369393205,0
X227,2221,-0.035527458,0
X227,2245,-0.002471699,0
X227,2276,-0.359032236,0
X227,2286,0.014533812,0
X227,2287,0.005050692,0
X227,2305,-0.205941998,0
X227,2375,0.007299698,0
X227,2466,0.209245666,0
X227,2467,-0.325076216,0
X227,2534,-0.029841207,0
X227,2613,-0.004577947,0
X227,2622,-0.337454371,0
X227,2624,-0.323738972,0
X227,2638,0.058486576,0
X227,2666,-0.102377656,0
X227,2673,0.059681682,0
X227,2679,0.105449472,0
X227,2691,0.5152188,0
X227,2763,0.074693177,0
X227,2775,0.077234228,0
X227,2784,0.140549941,0
X227,2876,-0.237057246,0
X227,2899,-0.15335818,0
X227,2962,-0.394733184,0
X227,2982,-0.29719623,0
X227,3162,-0.178153641,0
X227,3202,0.160497467,0
X227,3220,-0.159803574,0
X227,3226,-0.004627048,0
X227,3241,0.363977538,0
X227,3434,-0.291724655,0
X227,3460,-0.426569419,0
X227,3496,0.129478391,0
X227,3529,0.114737635,0
X227,3539,-0.398249273,0
X227,3546,0.109809136,0
X227,3552,0.250635741,0
X227,3632,-0.120725185,0
X227,3635,0.026623832,0
X227,3642,-0.059797312,0
X227,3691,-0.1648138,0
X227,3723,0.213059242,0
X227,3746,-0.21748839,0
X227,3747,-0.218731746,0
X227,3783,0.313275699,0
X227,3792,0.104088825,0
X227,3805,0.301268413,0
X227,3877,-0.057513016,0
X227,3895,0.090225746,0
X227,3911,-0.326492291,0
X227,3917,0.013489169,0
X227,3928,-0.116964551,0
X227,4005,0.173682275,0
X227,4017,-0.087953063,0
X227,4021,-0.38387175,0
X227,4164,0.171256181,0
X227,4200,-0.482965622,0
X228,3,0.915497024,1
X228,12,-1.373050461,0
X228,43,0.527731543,0
X228,58,0.08231397,0
X228,162,-1.221374242,0
X228,199,1.079493042,0
X228,207,1.445790619,0
X228,229,0.354764057,0
X228,284,-0.535035485,0
X228,287,0.747358548,0
X228,294,0.19422591,0
X228,413,-1.100780717,0
X228,549,0.772590569,0
X228,561,0.456610969,0
X228,575,0.966447737,0
X228,631,0.6299136,0
X228,657,-0.264268483,0
X228,675,-0.570289539,0
X228,712,0.114305016,0
X228,780,-0.377070116,0
X228,876,-1.110547525,0
X228,907,-0.030722734,0
X228,912,0.189747761,0
X228,996,0.090476734,0
X228,1061,-0.099859059,0
X228,1141,-0.266616111,0
X228,1154,-0.53364328,0
X228,1239,0.73252355,0
X228,1278,1.12468295,0
X228,1295,-0.00916312,0
X228,1323,-0.495847736,0
X228,1329,-0.773776938,0
X228,1374,0.211593637,0
X228,1375,-1.24046372,0
X228,1441,0.481099537,0
X228,1525,-0.23010594,0
X228,1586,1.355814763,0
X228,1647,0.950489164,0
X228,1671,-0.285712703,0
X228,1680,1.05526145,0
X228,1693,0.076391006,0
X228,1729,-0.871425591,0
X228,1834,-1.06214331,0
X228,1840,-0.218223995,0
X228,1866,-0.90778595,0
X228,1879,-0.137076134,0
X228,1886,1.167518742,0
X228,1900,-0.84435479,0
X228,1945,0.021379695,0
X228,1999,-1.419190647,0
X228,2027,-0.639994484,0
X228,2127,-0.336935738,0
X228,2276,0.078379344,0
X228,2277,1.597321123,0
X228,2305,0.054303169,0
X228,2309,-1.016881627,0
X228,2430,-0.098028082,0
X228,2434,-0.569081977,0
X228,2466,0.031524447,0
X228,2576,-1.022798912,0
X228,2763,0.925148885,0
X228,2784,-0.775558504,0
X228,2899,-0.287597554,0
X228,2953,0.275502941,0
X228,2962,0.600022469,0
X228,2966,0.958537109,0
X228,2969,0.496590891,0
X228,3017,-0.789012185,0
X228,3073,1.091071342,0
X228,3162,-0.423371917,0
X228,3179,0.446145573,0
X228,3190,0.155153936,0
X228,3202,0.597594632,0
X228,3241,0.089731377,0
X228,3252,-0.219844684,0
X228,3385,0.000382481,0
X228,3433,1.340574002,0
X228,3440,0.152197969,0
X228,3460,0.627976968,0
X228,3612,-1.310298228,0
X228,3662,0.507275299,0
X228,3677,1.161425931,0
X228,3746,0.48562886,0
X228,3819,1.357293047,0
X228,3867,1.623981142,0
X228,3881,0.622181524,0
X228,3895,0.192919296,0
X228,3911,1.395876343,0
X228,3918,0.992659635,0
X228,3964,0.729272317,0
X228,4003,-0.406549127,0
X228,4052,1.407997718,0
X228,4119,0.917323401,0
X228,4121,-1.002912455,0
X228,4148,-0.523627236,0
X228,4159,0.504766328,0
X228,4204,-1.510597388,0
X229,3,0.283073349,0
X229,36,0.108716847,1
X229,127,0.371286984,1
X229,162,-0.113707981,1
X229,192,0.733500425,1
X229,207,1.967029093,1
X229,222,0.940938965,1
X229,256,3.566826518,1
X229,287,1.825781528,1
X229,414,0.65868592,1
X229,473,0.145793807,1
X229,499,0.736799775,1
X229,511,0.023593105,1
X229,543,0.731598988,1
X229,567,0.766407324,1
X229,613,2.160585268,1
X229,624,0.456964881,1
X229,631,0.743309131,1
X229,669,0.214871024,1
X229,690,1.722614587,1
X229,712,1.429248271,1
X229,807,0.604581109,1
X229,837,0.304106593,1
X229,851,-0.428436873,1
X229,865,2.603698691,1
X229,878,0.587891544,1
X229,879,1.154459139,1
X229,893,1.521996307,1
X229,953,1.917871867,1
X229,954,1.413806498,1
X229,959,0.9079424,1
X229,986,1.471746961,1
X229,989,1.314005366,1
X229,1021,1.433530494,1
X229,1037,0.130053152,1
X229,1046,0.813709855,1
X229,1096,0.67035336,1
X229,1106,0.759512486,1
X229,1157,0.013453995,1
X229,1183,1.550098078,1
X229,1248,0.640657235,1
X229,1278,1.876809968,1
X229,1284,1.984585913,1
X229,1300,-0.208076009,1
X229,1450,1.414634127,1
X229,1483,1.160126968,1
X229,1581,0.480386344,1
X229,1598,1.652983294,1
X229,1654,1.268424504,1
X229,1691,0.988952798,1
X229,1693,1.039884049,1
X229,1708,0.359290146,1
X229,1711,2.636166727,1
X229,1733,2.093938875,1
X229,1810,-0.069726607,1
X229,1814,1.147329735,1
X229,1829,0.344570928,1
X229,1866,-0.148924773,1
X229,1891,1.67388201,1
X229,1900,1.018315286,1
X229,1944,0.768629148,1
X229,1952,1.156243303,1
X229,1993,1.681959301,1
X229,1999,1.197732306,1
X229,2013,0.029977984,1
X229,2028,0.543241848,1
X229,2286,0.062098033,1
X229,2332,0.003825158,1
X229,2375,0.535491713,1
X229,2421,0.933519203,1
X229,2445,-0.246572075,1
X229,2466,0.272732284,1
X229,2467,2.602462384,1
X229,2496,1.291005246,1
X229,2562,0.247777227,1
X229,2648,1.650039888,1
X229,2673,1.159075629,1
X229,2677,1.908025451,1
X229,2696,1.888601716,1
X229,2815,1.137224668,1
X229,2850,0.639415926,1
X229,2884,-0.233259319,1
X229,2887,0.630258806,1
X229,2968,1.550591395,1
X229,2982,1.232374778,1
X229,2990,0.44114493,1
X229,2992,1.878632783,1
X229,3027,0.584677996,1
X229,3041,0.977922583,1
X229,3079,1.137531016,1
X229,3088,-0.490395968,1
X229,3094,1.672270421,1
X229,3202,1.923978839,1
X229,3250,1.061092408,1
X229,3343,0.999685036,1
X229,3433,0.220213283,1
X229,3482,1.087206447,1
X229,3495,0.243964308,1
X229,3552,1.663577105,1
X229,3571,0.232973264,1
X229,3630,0.570027923,1
X229,3691,0.836630981,1
X229,3756,1.572022589,1
X229,3928,0.016870323,1
X229,3973,1.446025731,1
X229,4001,1.278979976,1
X229,4002,1.321783206,1
X229,4039,1.399706701,1
X229,4087,1.386404694,1
X229,4113,2.835423758,1
X229,4126,0.994945478,1
X230,3,-0.147802818,0
X230,36,-0.285140081,0
X230,107,-0.143988231,0
X230,162,0.351719011,0
X230,216,-0.170796976,0
X230,247,0.214557446,0
X230,284,-0.051246431,0
X230,294,-0.096510802,0
X230,360,0.365321015,0
X230,483,-0.35940821,0
X230,485,0.344994179,0
X230,486,-0.152305942,0
X230,536,0.374740238,0
X230,573,-0.297812766,0
X230,613,-0.147861684,0
X230,690,-0.318843374,0
X230,780,0.141698172,0
X230,837,0.344433489,0
X230,877,0.179395627,0
X230,888,0.170360615,0
X230,954,-0.000341099,0
X230,1021,0.108030632,0
X230,1037,0.113462871,0
X230,1088,-0.004625913,0
X230,1103,0.105267401,0
X230,1108,0.270707957,0
X230,1119,0.058875714,0
X230,1228,-0.484240668,0
X230,1291,-0.037526056,0
X230,1295,0.075682576,0
X230,1392,-0.053538794,0
X230,1467,-0.354091636,0
X230,1568,-0.31312846,0
X230,1592,0.03403675,0
X230,1612,0.219784323,0
X230,1691,-0.407755302,0
X230,1725,-0.044440136,0
X230,1824,0.437870586,0
X230,1852,0.227096176,0
X230,1879,0.444668649,0
X230,1997,-0.165578054,0
X230,2104,0.166696895,0
X230,2110,-0.139339147,0
X230,2198,0.200257507,0
X230,2234,-0.127441712,0
X230,2277,0.288949543,0
X230,2305,-0.182480313,0
X230,2332,-0.107271648,0
X230,2496,0.853644866,0
X230,2499,0.238686458,0
X230,2551,-0.10518648,0
X230,2696,-0.210889373,0
X230,2771,0.531791892,0
X230,2775,-0.559933709,0
X230,2783,-0.034464089,0
X230,2876,-0.10812563,0
X230,2887,-0.244840417,0
X230,2888,-0.096778969,0
X230,2915,0.091085678,0
X230,2990,0.111980472,0
X230,2992,0.055872626,0
X230,3017,0.315584745,0
X230,3094,0.200594991,0
X230,3147,-0.108538838,0
X230,3249,0.584414867,0
X230,3292,0.391791097,0
X230,3345,-0.147383007,0
X230,3360,0.039397939,0
X230,3375,0.581795378,0
X230,3396,-0.541108707,0
X230,3496,0.120559233,0
X230,3540,0.11869575,0
X230,3677,0.02773283,0
X230,3691,-0.281517806,0
X230,3696,-0.296657924,0
X230,3705,0.003201811,0
X230,3710,-0.498894316,0
X230,3747,0.218926448,0
X230,3801,0.240436131,0
X230,3819,0.448691709,0
X230,3849,0.081439944,0
X230,3954,-0.10242736,0
X230,4005,0.087854744,0
X230,4041,-0.138478102,0
X230,4052,-0.176269724,0
X230,4110,0.120755115,0
X230,4185,0.029800346,0
X231,12,0.193700523,0
X231,58,0.330152445,0
X231,192,-1.048069489,0
X231,247,-1.204319761,0
X231,283,-0.002807684,0
X231,389,-0.064516608,0
X231,511,0.224811182,0
X231,549,0.440618497,0
X231,560,0.228462824,0
X231,613,-0.029577997,0
X231,622,-0.685467108,0
X231,663,-0.030488197,0
X231,669,0.005353237,0
X231,690,0.228356628,0
X231,758,0.571439825,0
X231,780,0.38309769,0
X231,817,-0.445926907,0
X231,876,0.803902743,0
X231,877,-0.63441384,0
X231,893,0.404793936,0
X231,912,0.047379876,0
X231,953,-0.109058604,0
X231,958,0.662941163,0
X231,1046,0.311761939,0
X231,1087,-0.132076212,0
X231,1154,0.091139059,0
X231,1178,0.034588946,0
X231,1224,0.691264224,0
X231,1228,0.009000503,0
X231,1284,-1.011601458,0
X231,1392,-0.756333311,0
X231,1467,0.25439272,0
X231,1472,-0.584214046,0
X231,1492,0.396153591,0
X231,1512,0.444625048,0
X231,1530,0.029596292,0
X231,1586,0.692837723,0
X231,1592,0.247531439,0
X231,1612,0.922467042,1
X231,1615,0.240795912,0
X231,1647,-0.375964697,0
X231,1654,0.097366991,0
X231,1671,0.602558007,0
X231,1691,-0.493434025,0
X231,1700,-0.055733639,0
X231,1824,0.176618894,0
X231,1844,0.468321423,0
X231,1852,0.145345553,0
X231,1868,-0.080977985,0
X231,1937,0.527972844,0
X231,1990,-0.236754019,0
X231,1991,-1.476863521,0
X231,1997,0.140426346,0
X231,2028,0.28924838,0
X231,2044,-1.256792325,0
X231,2076,1.106841787,0
X231,2108,-0.136522444,0
X231,2110,-1.039288901,0
X231,2160,0.153972691,0
X231,2309,-0.388950076,0
X231,2358,0.045940574,0
X231,2421,0.291977994,0
X231,2483,0.186208461,0
X231,2562,0.096895635,0
X231,2677,-0.649137702,0
X231,2719,0.702553224,0
X231,2816,0.718536971,0
X231,2832,-1.613363592,0
X231,2870,0.158853701,0
X231,2939,0.150640468,0
X231,2952,0.184445417,0
X231,2982,0.634398784,0
X231,3069,0.857390545,0
X231,3088,0.330743893,0
X231,3094,-0.473281595,0
X231,3201,0.61031053,0
X231,3202,-0.34634131,0
X231,3241,0.413664837,0
X231,3252,0.097945846,0
X231,3280,0.367609642,0
X231,3292,0.522169443,0
X231,3343,-0.679194475,0
X231,3396,0.087174001,0
X231,3440,0.331944721,0
X231,3495,-0.749023382,0
X231,3496,-0.170146137,0
X231,3511,0.435399132,0
X231,3512,0.160570096,0
X231,3546,-0.469501649,0
X231,3552,-0.231970528,0
X231,3571,0.895081367,0
X231,3572,-0.283493399,0
X231,3630,-1.014528014,0
X231,3747,-0.350996951,0
X231,3824,-0.767504867,0
X231,3877,0.283576472,0
X231,3966,-0.23769483,0
X231,3973,0.32015825,0
X231,4004,-0.231863014,0
X231,4029,-0.107007838,0
X231,4052,0.88561029,0
X231,4053,0.123243854,0
X231,4087,0.032347396,0
X231,4095,0.406052873,0
X231,4126,0.798016591,0
X232,11,-0.191586167,0
X232,12,-0.667971441,0
X232,284,0.70511635,0
X232,485,-0.653842839,0
X232,486,-0.612963759,0
X232,499,2.00652594,0
X232,543,-0.832275624,0
X232,560,-0.294179889,0
X232,567,0.043016105,0
X232,573,-0.116534281,0
X232,617,1.282707119,0
X232,630,-0.419823112,0
X232,649,-0.915676408,0
X232,687,1.728879,0
X232,758,0.435870661,0
X232,836,0.275431547,0
X232,876,-0.619555735,0
X232,877,-0.357557635,0
X232,912,0.422929148,0
X232,954,-0.602607619,0
X232,959,-0.293729931,0
X232,1021,-0.802184634,0
X232,1037,1.343896222,0
X232,1087,-0.284295912,0
X232,1100,-1.280508239,0
X232,1157,-0.430026257,0
X232,1248,-0.971780774,0
X232,1300,1.055598932,0
X232,1374,1.258217772,0
X232,1375,0.70512718,0
X232,1400,0.659881848,0
X232,1441,-0.350836922,0
X232,1450,0.214876143,0
X232,1530,-0.63425472,0
X232,1647,-0.200395041,0
X232,1655,0.44581646,0
X232,1680,0.817975156,0
X232,1690,0.306360191,0
X232,1693,-0.376977369,0
X232,1700,-0.767110639,0
X232,1708,0.480690958,0
X232,1711,1.154239665,0
X232,1881,-0.221597501,0
X232,1952,-0.064896892,0
X232,1990,-0.041069907,0
X232,1991,-0.197002617,1
X232,1992,-0.914834465,0
X232,2028,1.162677279,0
X232,2076,0.911474499,0
X232,2127,0.458070895,0
X232,2160,0.204342067,0
X232,2198,1.045506861,0
X232,2305,0.835883351,0
X232,2332,-0.101273394,0
X232,2368,0.664815112,0
X232,2421,-0.538368278,0
X232,2481,0.539911779,0
X232,2483,0.833437138,0
X232,2494,-1.93210287,0
X232,2562,-0.519960106,0
X232,2614,1.281856299,0
X232,2638,-0.689634623,0
X232,2666,-0.167476379,0
X232,2677,-0.026495776,0
X232,2679,0.875257307,0
X232,2763,0.303265552,0
X232,2784,-0.095019844,0
X232,2843,-0.787351826,0
X232,2887,1.180696684,0
X232,2893,-0.548058868,0
X232,2953,-0.274704513,0
X232,2968,-0.567219041,0
X232,3069,-1.063034366,1
X232,3073,-0.591873822,0
X232,3079,-0.472973222,0
X232,3103,-0.000837127,0
X232,3179,0.058558584,0
X232,3220,0.237354396,0
X232,3233,-0.312163409,0
X232,3349,-0.616977647,0
X232,3360,0.13338754,0
X232,3371,0.076987206,0
X232,3385,-0.645001457,0
X232,3436,1.880585055,0
X232,3460,1.774565407,1
X232,3495,0.04719882,0
X232,3496,1.790949708,0
X232,3511,0.416893377,0
X232,3529,1.315386129,0
X232,3557,-0.548260265,0
X232,3635,-1.181985838,0
X232,3662,1.584450339,0
X232,3746,-1.286731084,0
X232,3772,0.517323499,0
X232,4087,1.110003946,0
X232,4119,-0.406592133,0
X232,4127,-0.837067728,0
X232,4132,1.245588793,0
X232,4142,-1.220442546,0
X232,4156,1.452364546,0
X232,4168,0.7344627,0
X234,107,-0.988631964,0
X234,156,1.833644906,0
X234,222,-1.535335622,0
X234,393,-2.184206544,0
X234,525,-2.372661312,0
X234,543,-1.951898477,0
X234,553,-0.190490066,0
X234,561,-1.177036457,0
X234,567,1.795572876,1
X234,712,0.251844248,0
X234,782,0.244906997,1
X234,876,0.932906637,0
X234,888,1.324812438,0
X234,897,2.296232763,0
X234,914,2.115495101,0
X234,949,-1.055991515,0
X234,971,-1.022209884,0
X234,1046,0.407249177,0
X234,1064,1.464728506,1
X234,1087,-0.261715973,0
X234,1129,0.412248205,0
X234,1141,1.430339117,0
X234,1178,-0.395053879,1
X234,1187,-0.106826066,0
X234,1224,0.641111273,0
X234,1248,-0.316488739,0
X234,1278,-0.061709615,1
X234,1284,0.288019364,1
X234,1302,-0.106447589,0
X234,1329,2.271915611,1
X234,1389,0.328309456,0
X234,1392,-0.650495337,0
X234,1450,-0.702710545,0
X234,1472,4.435916148,1
X234,1565,-2.660524938,0
X234,1693,3.614803885,1
X234,1775,0.131016998,0
X234,1810,-0.036659013,0
X234,1881,0.381105502,0
X234,1891,1.712182617,0
X234,1898,2.055830058,0
X234,1937,-0.52976804,0
X234,1991,2.246737026,0
X234,2008,1.054010195,0
X234,2027,2.238250615,0
X234,2036,-0.821176664,0
X234,2108,-0.064434618,1
X234,2137,-0.407523626,0
X234,2198,-1.442885753,0
X234,2242,0.551657683,0
X234,2245,-1.465145285,1
X234,2277,0.613968064,0
X234,2290,0.33195425,0
X234,2358,-0.741131426,0
X234,2368,0.885674515,1
X234,2407,-1.055168372,0
X234,2466,2.071707895,0
X234,2481,-2.143895272,0
X234,2534,-1.399564941,0
X234,2624,-0.354103497,0
X234,2638,0.463937767,0
X234,2666,1.741763095,1
X234,2775,2.197622566,0
X234,2818,0.481179969,0
X234,2850,2.454074503,0
X234,2879,1.445151181,0
X234,2899,-2.218947268,0
X234,2966,0.044039152,0
X234,2969,0.752731776,0
X234,2972,-3.147462287,0
X234,2982,-2.923211147,0
X234,2990,1.974735071,1
X234,3069,-1.820818332,0
X234,3103,-1.589342382,0
X234,3147,-0.258491694,0
X234,3162,1.636420102,0
X234,3179,0.222096552,1
X234,3250,1.91575538,0
X234,3360,-1.012251034,0
X234,3371,4.059843305,1
X234,3385,1.735145072,0
X234,3436,0.286424911,0
X234,3440,1.926000415,1
X234,3465,-1.257065936,0
X234,3572,0.1242958,0
X234,3642,-0.154157768,0
X234,3705,1.580168528,0
X234,3727,0.976117864,1
X234,3756,-0.027227642,0
X234,3780,-0.525607753,0
X234,3783,2.505856037,0
X234,3801,0.965074215,0
X234,3805,0.227132517,0
X234,3877,2.971391331,0
X234,3917,-4.074629712,0
X234,3973,-0.501852628,0
X234,4027,-1.821849537,0
X234,4029,0.210850189,0
X234,4041,-0.174788921,0
X234,4142,-1.139629615,1
X234,4164,-2.242078426,0
X234,4184,1.417545296,1
X234,4201,1.86834261,0
X236,113,-0.185403062,0
X236,183,0.082532243,0
X236,199,0.065166788,0
X236,214,-0.060975679,0
X236,216,-0.130542763,0
X236,247,-0.069748879,0
X236,343,1.073848244,1
X236,360,-0.047214656,0
X236,401,-0.026245839,0
X236,410,-0.0599644,0
X236,560,0.011712572,0
X236,624,-0.056711661,0
X236,631,0.104039525,0
X236,837,0.043718961,0
X236,851,0.038588462,0
X236,865,0.028497683,0
X236,876,0.078645117,0
X236,893,-0.061600864,0
X236,907,0.032764503,0
X236,914,0.046584355,0
X236,954,-0.015342932,0
X236,978,0.226665921,0
X236,1094,-0.101972243,0
X236,1151,-0.053896319,0
X236,1300,-0.180846764,0
X236,1323,-0.067586346,0
X236,1332,0.064897989,0
X236,1389,-0.000742206,0
X236,1467,-0.041253368,0
X236,1472,0.055218979,0
X236,1485,0.117163428,0
X236,1495,0.062682568,0
X236,1512,0.03949807,0
X236,1552,0.083120956,0
X236,1592,-0.028579621,0
X236,1655,0.103632262,0
X236,1708,0.00697926,0
X236,1711,0.183078858,0
X236,1717,-0.089588403,0
X236,1729,0.167111908,0
X236,1812,-0.024309719,0
X236,1829,-0.1373966,0
X236,1844,0.019576343,0
X236,1868,-0.184257292,0
X236,1879,0.225907506,0
X236,1898,0.026475157,0
X236,1991,-0.02771422,0
X236,2008,-0.150637626,0
X236,2013,-0.086345179,0
X236,2116,0.143336634,0
X236,2127,-0.105412365,0
X236,2188,0.035888335,0
X236,2221,-0.023524914,0
X236,2234,-0.001272504,0
X236,2287,0.042058146,0
X236,2305,-0.020383295,0
X236,2309,-0.109912362,0
X236,2333,0.040766889,0
X236,2375,0.085004888,0
X236,2421,0.173118347,0
X236,2434,-0.009578709,0
X236,2494,-0.017861044,0
X236,2561,-0.132932603,0
X236,2613,-0.007057704,0
X236,2666,0.080424594,0
X236,2673,0.068447776,0
X236,2693,0.054993992,0
X236,2771,-0.115349081,0
X236,2775,0.014123606,0
X236,2815,0.04179395,0
X236,2832,0.016908632,0
X236,2849,0.083993562,0
X236,2870,0.094284518,0
X236,2876,0.083684403,0
X236,2982,-0.01951243,0
X236,2992,-0.06766665,0
X236,3064,-0.082281568,0
X236,3088,0.037806184,0
X236,3094,0.078840617,0
X236,3226,0.087778028,0
X236,3250,-0.023208714,0
X236,3328,0.008962254,0
X236,3390,-0.001448102,0
X236,3433,-0.018759965,0
X236,3434,0.027053391,0
X236,3436,0.000524007,0
X236,3465,-0.154059469,0
X236,3495,-0.002768378,0
X236,3496,-0.025679862,0
X236,3539,0.068600323,0
X236,3557,0.045960647,0
X236,3635,-0.036301584,0
X236,3710,0.012783148,0
X236,3746,-0.004994629,0
X236,3756,0.049169391,0
X236,3783,0.012498252,0
X236,3795,0.038654585,0
X236,3801,-0.01596695,0
X236,3928,0.046801892,0
X236,3954,-0.052380309,0
X236,3964,0.033405998,0
X236,4002,0.046639232,0
X236,4052,-0.13381346,0
X236,4168,-0.075775224,0
X236,4200,-0.014464561,0
X236,4204,0.133775518,0
X237,170,-0.343676931,0
X237,199,0.361187161,0
X237,284,-0.274266624,0
X237,294,0.176035618,0
X237,375,-0.237545075,0
X237,393,0.354438137,0
X237,410,-0.401327128,0
X237,483,-0.040000995,0
X237,567,0.0155492,0
X237,631,-0.691682902,0
X237,634,0.12534653,0
X237,657,-0.100063493,0
X237,758,-0.366581473,0
X237,807,0.369613901,0
X237,817,0.418010427,0
X237,851,0.289204843,0
X237,879,-0.412565558,0
X237,953,0.007479366,0
X237,971,0.295295405,0
X237,989,0.32185262,0
X237,1037,0.180319088,0
X237,1046,0.138417633,0
X237,1087,-0.094881385,0
X237,1106,-0.094119531,0
X237,1141,0.113880729,0
X237,1187,-0.204355434,0
X237,1249,-0.304721857,0
X237,1284,0.162308929,0
X237,1285,0.463313584,0
X237,1329,0.64114958,0
X237,1400,-0.021355965,0
X237,1419,-0.162149944,0
X237,1426,-0.327367769,0
X237,1441,-0.343037194,0
X237,1483,-0.191541404,0
X237,1525,0.23059565,0
X237,1615,0.224913201,0
X237,1654,0.367967216,0
X237,1690,-0.608878239,0
X237,1708,0.127102881,0
X237,1717,0.233380733,0
X237,1866,-0.124116367,0
X237,1886,-0.176145986,0
X237,1894,0.219966375,0
X237,1938,0.144546669,0
X237,2116,0.294273904,0
X237,2287,0.089889046,0
X237,2290,-0.176576745,0
X237,2434,0.302951219,0
X237,2648,-0.221511097,0
X237,2679,-0.317822465,0
X237,2706,-0.128272434,0
X237,2771,0.334125908,0
X237,2849,empty,0
X237,2850,-0.062438235,0
X237,2879,-0.290319881,0
X237,3069,0.292807758,0
X237,3079,0.034472751,0
X237,3094,-0.423766743,0
X237,3233,0.425685914,0
X237,3241,-0.212715311,0
X237,3250,0.018138579,0
X237,3279,-0.568541179,0
X237,3340,0.048449705,0
X237,3375,-0.248346998,0
X237,3460,0.119572367,0
X237,3635,0.095371577,0
X237,3677,-0.485971705,0
X237,3691,-0.536652849,0
X237,3747,-0.490800982,0
X237,3756,-0.363381028,0
X237,3917,0.419627967,0
X237,3918,-0.294671545,0
X237,3968,0.146006873,0
X237,4027,-0.135271579,0
X237,4039,0.033479389,0
X237,4142,0.09643309,0
X237,4168,-0.543023888,0
X237,4197,0.077463415,0
X237,4201,-0.049796183,0
X238,3,0.089704357,0
X238,43,0.927807977,1
X238,73,0.264332039,1
X238,113,1.620271302,1
X238,156,0.77604097,1
X238,249,-0.203784054,1
X238,256,1.992055014,1
X238,284,0.987802832,1
X238,294,2.614569927,1
X238,343,0.186010859,1
X238,419,1.492136264,1
X238,449,2.271787994,1
X238,503,0.617580595,1
X238,561,-0.683398888,1
X238,575,1.896550245,1
X238,613,-0.15208039,1
X238,616,0.794038252,1
X238,617,1.629005451,1
X238,634,1.016913683,1
X238,669,1.021934187,1
X238,675,1.151770884,0
X238,823,empty,1
X238,836,0.460049499,1
X238,837,0.479109485,1
X238,877,0.535543084,1
X238,878,1.456366496,1
X238,953,1.86197766,1
X238,958,4.146403699,1
X238,996,1.316043487,1
X238,1046,2.971957834,1
X238,1100,0.903497749,1
X238,1183,0.098013884,0
X238,1228,1.081615845,1
X238,1268,1.991902534,1
X238,1284,1.565038065,1
X238,1323,0.547139089,0
X238,1421,1.86673155,1
X238,1472,-0.002717343,1
X238,1580,1.48794762,1
X238,1600,-1.157552438,1
X238,1654,1.420001775,1
X238,1655,0.857554636,1
X238,1690,0.303739129,1
X238,1700,0.82787474,1
X238,1733,-0.027386674,1
X238,1746,1.499663122,1
X238,1814,0.782345178,1
X238,1894,-0.000221479,1
X238,1952,1.128281575,1
X238,1973,0.584548122,1
X238,2028,1.52876029,1
X238,2055,2.754441595,1
X238,2127,0.604269844,1
X238,2135,0.788690207,1
X238,2234,1.580801697,0
X238,2242,1.361499717,1
X238,2309,0.308835791,0
X238,2332,1.073577574,1
X238,2481,1.277537138,1
X238,2622,0.515661646,1
X238,2636,0.388703161,1
X238,2638,0.693355363,1
X238,2666,1.978781197,1
X238,2679,0.374480669,1
X238,2696,0.060314603,1
X238,2706,0.701090627,1
X238,2818,-0.101645474,1
X238,2849,2.736016504,1
X238,2915,0.650457754,1
X238,2939,empty,1
X238,2952,0.46959921,0
X238,3027,1.0054291,1
X238,3162,0.31802549,1
X238,3202,1.100698331,1
X238,3233,0.292886922,1
X238,3460,0.565885344,0
X238,3496,0.072230525,1
X238,3546,0.806138106,1
X238,3547,-1.459591451,1
X238,3631,0.157735574,1
X238,3632,2.843977492,1
X238,3696,2.876521023,1
X238,3723,-1.009292782,1
X238,3792,-0.223716502,0
X238,3801,2.099601961,0
X238,3805,1.178155261,1
X238,3849,1.283985791,1
X238,3867,0.47078679,1
X238,3881,0.092568456,1
X238,3973,-0.242091976,1
X238,4002,0.602078214,1
X238,4021,2.458824847,1
X238,4027,0.612137845,1
X238,4113,1.179125763,1
X238,4127,1.071939226,1
X238,4132,0.705578576,1
X238,4184,-0.284353223,1
X238,4197,1.007046617,1
X238,4200,0.689348616,1
X239,12,0.068390106,0
X239,127,0.130068072,0
X239,183,0.259436978,0
X239,211,-0.140509517,0
X239,229,0.043080554,0
X239,247,-0.149793507,0
X239,268,-0.132427923,0
X239,294,0.289811735,0
X239,308,-0.248316823,0
X239,431,-0.145093863,0
X239,525,0.359987136,0
X239,543,0.252959218,0
X239,560,-0.547035589,0
X239,561,0.245982644,0
X239,567,-0.194651164,0
X239,780,0.025990004,0
X239,836,-0.499891081,0
X239,851,-0.642172719,0
X239,876,-0.46464122,0
X239,877,-0.010822948,0
X239,943,0.162659407,0
X239,953,-0.11806089,0
X239,958,-0.323171622,0
X239,989,0.227123932,0
X239,992,-0.207423001,0
X239,996,0.119321457,0
X239,1008,0.059709619,0
X239,1087,-0.433426104,0
X239,1103,0.461979837,0
X239,1106,0.187432144,0
X239,1108,0.189252469,0
X239,1154,0.010469975,0
X239,1375,-0.247511853,0
X239,1400,0.014167059,0
X239,1419,-0.121676915,0
X239,1472,0.300234434,0
X239,1552,0.124115445,0
X239,1680,0.27431354,0
X239,1708,0.803095386,0
X239,1711,0.017672097,0
X239,1717,0.202633739,0
X239,1725,0.55921071,0
X239,1746,0.33887341,0
X239,1824,0.133846868,0
X239,1898,0.215448973,0
X239,1952,-0.289468509,0
X239,1992,0.63592169,0
X239,1993,0.283736896,0
X239,2104,0.081113833,0
X239,2137,0.422375181,0
X239,2234,-0.001777038,0
X239,2276,-0.223952292,0
X239,2407,0.07875425,0
X239,2421,0.224623897,0
X239,2467,-0.350418612,0
X239,2534,-0.140628771,0
X239,2561,-0.150596827,0
X239,2706,0.007170298,0
X239,2708,0.255158501,0
X239,2816,0.69858156,0
X239,2817,-0.148879607,0
X239,2888,-0.375598371,0
X239,2968,0.155597186,0
X239,2969,0.176789837,0
X239,2972,0.04836538,0
X239,2982,0.28374902,0
X239,2990,0.018522013,0
X239,3027,-0.409071698,0
X239,3064,-0.039927723,0
X239,3094,0.692439885,0
X239,3103,0.289148791,0
X239,3162,-0.100156143,0
X239,3231,-0.134315375,0
X239,3252,-0.604636677,0
X239,3343,0.272232706,0
X239,3371,0.021418509,0
X239,3375,-0.248179542,0
X239,3396,-0.28418896,0
X239,3436,1.124021815,0
X239,3482,0.042917883,0
X239,3571,-0.164302493,0
X239,3572,-0.056825335,0
X239,3631,-0.397528806,0
X239,3638,0.269628855,0
X239,3642,0.239373713,0
X239,3705,0.463040278,0
X239,3727,-0.390692968,0
X239,3844,0.606841172,0
X239,3849,0.040375041,0
X239,3911,-0.019370413,0
X239,4027,0.150252383,0
X239,4119,-0.042710417,0
X239,4126,0.472086244,0
X239,4156,-0.415097143,0
X239,4159,0.120356617,0
X239,4164,0.27074799,1
X239,4197,0.220330542,0
X240,12,0.928451401,1
X240,36,0.020980408,0
X240,43,0.257534992,0
X240,120,-0.020937054,0
X240,162,-0.236837459,0
X240,249,-0.21964941,0
X240,268,-0.159440294,0
X240,284,0.37750498,0
X240,375,-0.046612359,0
X240,413,-0.008071691,0
X240,511,-0.12636756,0
X240,624,0.116211299,0
X240,657,-0.223779294,0
X240,687,-0.108874562,0
X240,851,0.43216282,0
X240,865,0.343483566,0
X240,943,0.004299165,0
X240,992,-0.16191578,0
X240,1087,-0.073600559,0
X240,1089,0.040732232,0
X240,1094,0.014195356,0
X240,1103,0.001332123,0
X240,1108,0.125255673,0
X240,1151,-0.233113498,0
X240,1157,-0.074127248,0
X240,1228,0.193530913,0
X240,1323,-0.282232802,0
X240,1329,0.029587051,0
X240,1375,-0.049214323,0
X240,1441,-0.245321242,0
X240,1450,-0.133291864,0
X240,1517,-0.143018949,0
X240,1530,0.036495583,0
X240,1552,0.008377531,0
X240,1647,0.142720967,0
X240,1709,0.055078002,0
X240,1810,-0.05771846,0
X240,1866,-0.195464,0
X240,1944,0.154522458,0
X240,1973,0.04172995,0
X240,1991,0.060167687,0
X240,2008,-0.015225102,0
X240,2055,0.043229609,0
X240,2160,-0.031853621,0
X240,2241,0.197816038,0
X240,2277,-0.088536909,0
X240,2309,0.050465431,0
X240,2358,0.323406126,0
X240,2445,0.141614165,0
X240,2466,0.220369245,0
X240,2614,-0.143174895,0
X240,2679,0.230111902,0
X240,2816,-0.370261629,0
X240,2887,-0.009665063,0
X240,2888,0.087696272,0
X240,2953,-0.104281541,0
X240,2968,-0.510355946,0
X240,2992,0.22822392,0
X240,3099,-0.045126003,0
X240,3179,0.336959776,0
X240,3190,-0.195850315,0
X240,3226,-0.313073723,0
X240,3231,0.063308266,0
X240,3250,-0.003410002,0
X240,3292,-0.225713948,0
X240,3345,-0.220074886,0
X240,3482,0.282167232,0
X240,3529,-0.451539769,0
X240,3557,-0.12639854,0
X240,3635,0.195232209,0
X240,3638,-0.269930696,0
X240,3670,-0.316479303,0
X240,3723,0.318061798,0
X240,3746,-0.192946204,0
X240,3792,-0.088947507,0
X240,3795,-0.121517917,0
X240,3805,0.23191095,0
X240,3819,0.150024602,0
X240,3877,-0.063461591,0
X240,3895,-0.154186188,0
X240,3911,0.040074822,0
X240,3966,0.214143525,0
X240,3968,-0.195065671,0
X240,4004,-0.333281454,0
X240,4132,-0.08755639,0
X240,4156,0.123948853,0
X241,43,-0.308217767,0
X241,191,-0.920170051,0
X241,211,0.230108287,0
X241,229,0.614722738,0
X241,268,1.249448785,0
X241,284,-3.074149851,0
X241,413,-0.146011557,0
X241,419,2.638623069,0
X241,431,0.872369314,0
X241,499,0.832717163,0
X241,536,0.190805198,0
X241,561,0.30951405,0
X241,613,-1.294221869,0
X241,616,-0.628732954,0
X241,634,-0.630007191,0
X241,817,0.120641542,0
X241,837,-0.951694167,0
X241,865,-0.641276333,0
X241,878,-1.718990231,0
X241,907,-1.26335759,0
X241,912,0.444284039,0
X241,954,0.87445603,0
X241,1108,0.515249405,0
X241,1141,-0.7277655,0
X241,1151,-0.171234424,0
X241,1187,-0.655030877,0
X241,1268,empty,0
X241,1295,2.803995979,0
X241,1300,-0.136085898,0
X241,1302,-0.434083023,0
X241,1329,1.003106264,0
X241,1400,-1.226832134,0
X241,1426,0.249308013,1
X241,1436,-0.366181241,0
X241,1447,-1.348068557,0
X241,1467,0.949452811,0
X241,1512,-0.278783908,0
X241,1530,0.622113455,0
X241,1552,-1.755515565,0
X241,1598,-1.197182522,0
X241,1612,-0.088495441,0
X241,1680,0.68135997,0
X241,1709,-0.218185396,0
X241,1746,-0.63515065,0
X241,1810,-0.25675907,0
X241,1812,-0.636281974,0
X241,1868,-0.356164895,0
X241,1881,1.305549358,0
X241,1945,-0.535964886,0
X241,1994,0.294875364,0
X241,2044,-0.951463704,0
X241,2135,-0.930104973,0
X241,2160,-0.06513606,0
X241,2188,-1.101933054,0
X241,2242,-1.931871735,0
X241,2245,-0.872864363,0
X241,2333,1.628585747,0
X241,2402,2.564672306,0
X241,2434,-0.142261095,0
X241,2445,-1.955834086,0
X241,2483,-0.034552131,0
X241,2496,1.254824995,0
X241,2551,0.380400379,0
X241,2622,-0.624032816,0
X241,2638,0.931508747,0
X241,2677,0.176429927,0
X241,2962,empty,0
X241,2982,-0.3993445,0
X241,2990,1.036451097,1
X241,3069,0.001834733,0
X241,3079,0.690328808,0
X241,3099,0.594105667,0
X241,3121,0.27789092,0
X241,3179,1.957981649,0
X241,3201,-0.31430013,0
X241,3231,0.566776728,1
X241,3349,-0.560237651,0
X241,3360,0.803742794,0
X241,3476,1.358378535,0
X241,3546,-2.048123059,0
X241,3547,-2.109782847,0
X241,3631,-0.187711132,0
X241,3635,1.113042303,1
X241,3696,0.670242065,0
X241,3746,0.830319515,0
X241,3780,-1.399332074,0
X241,3795,1.287206651,0
X241,3801,-0.839716912,1
X241,3805,2.074251415,0
X241,3905,0.612144211,0
X241,3911,3.775547442,0
X241,3940,0.956830939,0
X241,3954,0.524480355,1
X241,3973,-0.261296285,0
X241,4001,-0.146794854,1
X241,4017,2.114380799,0
X241,4027,1.252020848,1
X241,4029,-0.717668998,0
X241,4119,-0.329914507,0
X241,4127,-0.676529118,0
X241,4142,-0.597677897,0
X241,4148,-1.054486291,0
X241,4159,0.464069787,0
X241,4164,-1.555252462,0
X241,4200,-1.068707663,0
X242,36,0.220919725,0
X242,156,0.010856205,0
X242,207,-0.067021892,0
X242,247,0.283011621,0
X242,256,-0.403526384,0
X242,274,-0.200295933,0
X242,308,0.452851019,0
X242,343,0.345713835,0
X242,414,0.666016323,0
X242,473,-0.138847048,0
X242,511,-0.338521811,0
X242,525,-0.007124032,0
X242,536,0.042988375,0
X242,631,-0.698535786,0
X242,769,-0.077880886,0
X242,836,0.396619307,0
X242,851,-0.383100231,0
X242,865,0.082193428,0
X242,875,-0.145095283,0
X242,877,-0.515912918,0
X242,897,0.119246474,0
X242,943,-0.200316761,0
X242,986,-0.513110366,0
X242,1008,-0.256841831,0
X242,1046,0.173779897,0
X242,1064,-0.042061263,0
X242,1100,0.016646799,0
X242,1141,-0.458652909,0
X242,1178,0.411942876,0
X242,1183,-0.267661722,0
X242,1436,-0.737026899,0
X242,1450,0.257026639,0
X242,1492,0.160154992,0
X242,1525,-0.099504355,0
X242,1568,0.735308162,1
X242,1600,-0.100052743,0
X242,1635,-0.310378043,0
X242,1680,-0.513956199,0
X242,1812,0.126695361,0
X242,1826,0.226993382,0
X242,1879,0.593752653,0
X242,1900,-0.316314109,0
X242,1992,0.201283594,0
X242,1993,0.5454498,0
X242,1994,-0.001263765,0
X242,2036,-0.129100215,0
X242,2241,-0.445249022,0
X242,2242,-0.097677123,0
X242,2245,0.198529744,0
X242,2287,0.039321716,0
X242,2290,0.650287182,0
X242,2333,-0.406438353,0
X242,2368,-0.009211446,0
X242,2375,-0.261599738,0
X242,2483,0.440592203,0
X242,2536,0.054131137,0
X242,2561,0.08937505,0
X242,2601,0.024755662,0
X242,2693,0.14426752,0
X242,2696,0.108073857,0
X242,2708,-0.422948196,0
X242,2763,-0.638723077,0
X242,2783,-0.127618919,0
X242,2817,0.347056305,0
X242,2848,0.035973396,0
X242,2850,-0.102164178,0
X242,2879,0.088261081,0
X242,2893,0.418314762,0
X242,2990,-0.122873552,0
X242,2992,0.048236125,0
X242,3017,-0.209969714,0
X242,3064,0.136734129,0
X242,3099,0.216894483,0
X242,3147,0.264027281,0
X242,3220,-0.116734776,0
X242,3226,0.025348856,0
X242,3249,-0.223484293,0
X242,3252,0.45060165,0
X242,3279,0.088596495,0
X242,3280,0.645393338,0
X242,3292,-0.618991228,0
X242,3632,-0.206377484,0
X242,3638,0.149503498,0
X242,3710,-0.462661949,0
X242,3723,-0.130340785,0
X242,3746,0.046421447,0
X242,3756,-0.595171127,0
X242,3772,0.045548717,0
X242,3780,0.299168491,0
X242,3781,-0.132704018,0
X242,3801,-0.031670701,0
X242,3867,0.046456271,0
X242,3877,-0.150456302,0
X242,3911,0.078100155,0
X242,3918,-0.045762699,0
X242,4017,0.062223107,0
X242,4142,0.524253976,0
X242,4185,-0.340147499,0
X242,4197,-0.212214786,0
X242,4201,-0.185878135,0
X243,11,-0.079111227,0
X243,127,-0.420467487,0
X243,211,-0.146305846,0
X243,214,0.145855295,0
X243,410,-0.007943683,0
X243,530,-0.439471748,0
X243,543,-0.046792357,0
X243,567,-0.33826522,0
X243,575,-0.145729974,0
X243,634,0.2649474,0
X243,769,-0.577934552,0
X243,823,-0.0591236,0
X243,837,0.207240931,0
X243,876,0.240051694,0
X243,978,-0.329185422,0
X243,1010,0.31034368,0
X243,1087,0.133190689,0
X243,1141,-0.093625051,0
X243,1154,-0.089565013,0
X243,1228,-0.107959131,0
X243,1323,0.124900097,0
X243,1332,0.034210732,0
X243,1374,-0.352656191,0
X243,1400,0.093770543,0
X243,1436,-0.398123206,0
X243,1441,-0.254041312,0
X243,1450,0.032866328,0
X243,1483,-0.484732018,0
X243,1512,0.058833313,0
X243,1530,0.561051417,0
X243,1552,0.322948113,0
X243,1580,0.352941809,0
X243,1635,0.137966942,0
X243,1690,0.807165864,0
X243,1693,-0.349569803,0
X243,1708,-0.065649677,0
X243,1711,0.241726475,0
X243,1834,0.2967649,0
X243,1852,0.014798087,0
X243,1881,-0.014204145,0
X243,1973,0.312581944,0
X243,1994,-0.130241825,0
X243,1999,-0.209179207,0
X243,2082,-0.512026584,0
X243,2108,-0.451948175,0
X243,2188,-0.363415606,0
X243,2198,-0.049710163,0
X243,2286,0.203694114,0
X243,2305,-0.169897486,0
X243,2407,0.603874902,0
X243,2434,0.143301456,0
X243,2452,0.199391049,0
X243,2499,0.282546398,0
X243,2576,0.025887629,0
X243,2622,0.232188235,0
X243,2638,-0.23727546,0
X243,2666,0.334618101,0
X243,2693,0.165691726,0
X243,2719,-0.088744131,0
X243,2771,0.350003918,0
X243,2775,0.276124303,0
X243,2850,-0.047732144,0
X243,2893,-0.191164313,0
X243,2982,-0.363399141,0
X243,2992,0.082407789,0
X243,3027,-0.480747457,0
X243,3073,-0.321135859,0
X243,3201,-0.357509281,0
X243,3280,-0.159080841,0
X243,3396,-0.140621036,0
X243,3512,0.209961492,0
X243,3544,0.506431942,0
X243,3546,0.215691907,0
X243,3630,0.200136682,0
X243,3670,-0.129412445,0
X243,3677,-0.426240055,0
X243,3696,-0.175928861,0
X243,3791,0.180487525,0
X243,3792,0.499911469,0
X243,3877,0.453702253,0
X243,3917,0.006307302,0
X243,3918,0.036981036,0
X243,3964,-0.330050162,0
X243,4003,-0.040194131,0
X243,4053,-0.84767137,0
X243,4159,-0.374261444,0
X243,4168,-0.208284204,0
X244,36,0.08133624,0
X244,127,-1.16567095,0
X244,170,-0.818576518,0
X244,192,0.259799755,0
X244,214,-1.186731372,0
X244,222,-0.984249249,0
X244,287,1.457028781,0
X244,343,1.139945197,1
X244,386,-0.683683251,0
X244,401,2.552588672,1
X244,413,3.294535314,0
X244,485,1.116810038,0
X244,560,-0.921330336,0
X244,617,empty,0
X244,687,1.648023784,0
X244,876,-0.360790787,0
X244,879,0.219951534,0
X244,907,0.254491927,0
X244,914,-0.137553971,0
X244,943,-0.620467869,0
X244,958,2.091490831,1
X244,996,2.283575326,0
X244,1061,-0.95572622,1
X244,1094,1.359906192,1
X244,1108,0.150910542,0
X244,1141,-0.043404665,0
X244,1285,0.722985053,0
X244,1374,3.806576656,1
X244,1592,1.387367117,0
X244,1612,0.540738466,0
X244,1690,0.501181825,0
X244,1729,-1.787364253,0
X244,1775,-0.490764291,0
X244,1826,-0.868918496,0
X244,1840,-0.744433567,0
X244,1944,-0.316960272,0
X244,1945,1.332224967,0
X244,1952,0.123936622,0
X244,2013,empty,1
X244,2028,1.450462209,0
X244,2036,0.056921362,0
X244,2160,2.157812791,0
X244,2242,1.919700821,0
X244,2245,0.048207815,0
X244,2277,-0.154647334,0
X244,2286,0.571180828,0
X244,2287,0.320919486,0
X244,2332,-1.483298629,0
X244,2375,-1.072544195,0
X244,2421,-0.399749346,0
X244,2467,-1.317261722,0
X244,2601,0.9420045,0
X244,2613,-2.603896517,0
X244,2622,0.126270987,0
X244,2691,-1.391475825,0
X244,2696,1.384920084,0
X244,2763,-0.476871427,0
X244,2815,-1.096520218,0
X244,2848,0.170810622,0
X244,2849,-1.095564806,0
X244,2969,0.783759956,1
X244,3073,0.304457679,1
X244,3079,-0.434627234,0
X244,3147,-0.643985871,0
X244,3162,-3.670533704,0
X244,3233,-0.223018875,0
X244,3252,-0.800823908,0
X244,3360,2.1367455,0
X244,3371,0.062852109,0
X244,3434,-1.811037576,0
X244,3460,0.079351257,0
X244,3512,0.200129106,0
X244,3546,2.285012378,0
X244,3638,-1.119949801,0
X244,3662,0.255447254,0
X244,3670,-0.064450641,0
X244,3867,-0.38484527,0
X244,3911,0.015102098,0
X244,3940,-0.31436498,0
X244,3973,0.590459243,0
X244,4126,0.31655097,0
X244,4156,2.580380532,0
X244,4168,1.00590101,0
X244,4184,-1.453656568,0
X245,287,-0.051700944,0
X245,386,-0.284159976,0
X245,393,0.124215599,0
X245,410,-0.005861455,0
X245,413,-0.207325893,0
X245,414,0.086620674,0
X245,431,0.088455938,0
X245,486,0.046746213,0
X245,499,-0.014485872,0
X245,543,-0.130370171,0
X245,573,0.157972488,0
X245,649,-0.086548222,0
X245,758,-0.126192351,0
X245,876,0.104073704,0
X245,877,0.046250785,0
X245,879,0.041726208,0
X245,954,-0.009371682,0
X245,958,0.257666655,0
X245,978,-0.028067575,0
X245,986,0.091580085,0
X245,1021,-0.172280866,0
X245,1046,0.235704139,0
X245,1106,0.185855459,0
X245,1119,0.054819395,0
X245,1138,0.169293142,0
X245,1157,-0.12203749,0
X245,1268,0.047727204,0
X245,1285,0.025840456,0
X245,1323,0.056614146,0
X245,1374,0.184539525,0
X245,1421,-0.133694776,0
X245,1426,0.101066085,0
X245,1436,0.02410494,0
X245,1441,-0.149400278,0
X245,1552,-0.300218049,0
X245,1615,-0.247154961,0
X245,1691,-0.122182631,0
X245,1775,-0.095805141,0
X245,1829,0.22056166,0
X245,1852,0.061250852,0
X245,1886,0.026391823,0
X245,1891,-0.057199632,0
X245,1900,-0.221427725,0
X245,1943,0.08221154,0
X245,1952,-0.049057913,0
X245,1973,-0.119541727,0
X245,1990,-0.007597287,0
X245,2116,0.027273066,0
X245,2277,0.056559382,0
X245,2332,0.195773311,0
X245,2333,-0.097686221,0
X245,2368,0.1561479,0
X245,2430,-0.208026431,0
X245,2434,0.108265197,0
X245,2445,-0.047917838,0
X245,2622,-0.033247877,0
X245,2638,0.137017116,0
X245,2693,0.015694588,0
X245,2771,-0.103920011,0
X245,2775,0.131379153,0
X245,2784,0.134539559,0
X245,2815,0.104670864,0
X245,2832,-0.120321034,0
X245,2876,0.091112533,0
X245,2884,0.188191783,0
X245,2915,0.014407199,0
X245,2982,-0.143848858,0
X245,3027,-0.136287068,0
X245,3094,0.148699789,0
X245,3103,0.095878289,0
X245,3220,-0.138313368,0
X245,3249,0.192574309,0
X245,3250,0.188373758,0
X245,3279,-0.167051194,0
X245,3371,0.085632846,0
X245,3434,0.117286019,0
X245,3440,-0.115081276,0
X245,3476,-0.042915868,0
X245,3512,-0.019126741,0
X245,3539,0.039900617,0
X245,3547,0.00090625,0
X245,3631,0.046548217,0
X245,3670,0.218145145,0
X245,3772,0.086167921,0
X245,3792,-0.194133552,0
X245,3795,-4.91e-05,0
X245,3805,-0.066235895,0
X245,3911,-0.139839908,0
X245,3940,0.076078566,0
X245,4002,-0.008534742,0
X245,4005,0.157989138,0
X245,4053,0.046100492,0
X245,4113,0.019628878,0
X245,4127,0.05255676,0
X245,4132,0.006971154,0
X245,4197,0.062887157,0
X245,4201,0.159622975,0
X245,4204,-0.011827653,0
X246,43,-0.461754415,0
X246,58,-1.328641804,1
X246,73,-0.782070474,0
X246,199,7.580922124,0
X246,268,0.872454984,1
X246,283,-5.605801155,0
X246,294,0.823175523,0
X246,360,0.342740231,1
X246,419,2.309321425,1
X246,511,-2.120767386,0
X246,525,0.009663332,1
X246,553,0.354328677,1
X246,617,-1.948487985,0
X246,622,-1.009870352,1
X246,675,1.261278361,0
X246,687,-2.707373303,0
X246,690,1.750828073,1
X246,712,0.996088237,0
X246,758,0.530864243,0
X246,769,0.13852361,1
X246,807,3.80897892,1
X246,865,-1.473060002,0
X246,876,1.25911636,1
X246,893,1.758020535,1
X246,992,-0.587326666,0
X246,1021,1.898874329,0
X246,1087,0.52087541,1
X246,1119,0.559521775,0
X246,1178,2.487148511,0
X246,1248,-1.389338622,0
X246,1268,1.155799326,0
X246,1421,-1.512551779,0
X246,1565,0.595254411,1
X246,1568,4.108075472,1
X246,1580,1.017406148,1
X246,1647,-0.7987149,0
X246,1746,2.728242764,1
X246,1826,2.669834674,0
X246,1844,-1.979407836,0
X246,1945,-4.047642133,0
X246,1952,0.322186236,0
X246,2044,-0.158084642,0
X246,2076,3.226137349,0
X246,2127,-0.472982027,1
X246,2188,-1.942002004,1
X246,2221,1.498523668,0
X246,2276,1.671117379,1
X246,2333,1.189035063,0
X246,2421,0.154778812,0
X246,2445,1.300830919,0
X246,2481,1.03857412,1
X246,2562,-0.09161004,0
X246,2601,2.382363157,1
X246,2622,0.435942768,0
X246,2636,4.378557983,0
X246,2648,-0.589242486,0
X246,2693,-0.800164256,0
X246,2696,1.513271253,0
X246,2763,0.992611426,1
X246,2815,1.185360347,1
X246,2816,0.54795475,0
X246,2817,-0.462958392,1
X246,2818,-5.073647218,1
X246,2832,0.600020881,1
X246,2870,-0.607265844,0
X246,2876,1.58354041,1
X246,2888,1.049958441,1
X246,3041,-0.316690179,0
X246,3064,0.601440061,0
X246,3069,-0.055649722,1
X246,3073,1.157414754,1
X246,3233,0.678404331,0
X246,3235,1.035145662,1
X246,3252,-0.012949539,0
X246,3340,2.293706758,0
X246,3360,-2.769305217,0
X246,3375,0.987830598,0
X246,3433,2.323722782,0
X246,3512,-2.540306852,0
X246,3544,1.959774631,1
X246,3551,0.604579593,1
X246,3552,0.356456582,1
X246,3557,1.715059607,1
X246,3572,2.397371962,1
X246,3635,0.480578453,1
X246,3638,0.124554845,1
X246,3696,0.275890841,1
X246,3710,-0.597779942,0
X246,3746,-1.818156587,0
X246,3795,3.904523916,0
X246,3819,1.97724061,1
X246,3844,0.138443987,1
X246,3849,-5.62949789,0
X246,3881,-0.357236497,0
X246,3895,3.213476379,1
X246,3918,-1.297920657,0
X246,3940,0.925747981,0
X246,3966,-1.952225934,0
X246,3968,1.743014874,0
X246,4017,3.44659693,1
X246,4110,1.273357763,0
X246,4127,2.921661113,0
X246,4168,2.414684141,0
X246,4185,-1.476294322,1
X247,113,-1.650909903,0
X247,120,1.338321519,1
X247,127,0.858406545,0
X247,207,-0.731368306,0
X247,216,0.792039793,0
X247,247,-0.347796463,0
X247,287,-1.340980418,0
X247,343,-1.226600578,0
X247,431,empty,0
X247,449,1.571956957,1
X247,525,-0.584735835,0
X247,536,-0.905386659,0
X247,543,1.859995493,0
X247,549,-1.923639145,1
X247,560,2.26497191,1
X247,567,-1.134069425,0
X247,573,0.022444787,0
X247,575,3.883568905,1
X247,634,0.482039387,1
X247,817,-0.622199935,0
X247,836,2.997290766,0
X247,875,2.337828823,1
X247,914,-1.738867752,0
X247,971,-0.15158102,0
X247,978,-1.571384715,0
X247,989,-0.045180016,0
X247,1021,2.699066229,1
X247,1061,2.042776921,0
X247,1100,-0.628315102,0
X247,1108,0.380898561,0
X247,1183,0.777895638,0
X247,1239,0.657692591,0
X247,1278,-0.171449916,0
X247,1302,-1.375900904,0
X247,1400,-2.275297947,0
X247,1426,2.104035016,1
X247,1441,2.456737652,0
X247,1472,3.810362399,0
X247,1485,2.893756237,0
X247,1524,1.235422976,0
X247,1530,1.049074796,0
X247,1612,4.2846613,1
X247,1655,2.263806053,0
X247,1700,-0.894669033,1
X247,1725,-2.276113468,1
X247,1733,4.259984537,0
X247,1812,0.94521943,0
X247,1814,-3.258462037,0
X247,1829,-1.947049373,0
X247,1868,2.509631539,0
X247,1881,2.980868075,1
X247,1886,2.179453829,1
X247,1894,-0.563513598,0
X247,1898,0.592471541,0
X247,1991,0.37067868,0
X247,2027,-2.871082482,0
X247,2044,-0.887866883,1
X247,2234,-0.549863624,0
X247,2276,0.398560548,0
X247,2333,0.112097575,0
X247,2358,-0.499521526,0
X247,2368,2.616163959,0
X247,2375,0.813394775,0
X247,2430,-1.733105155,0
X247,2466,-0.21079322,0
X247,2467,2.586674786,0
X247,2562,2.201443771,0
X247,2622,-1.067184956,0
X247,2636,0.900619254,1
X247,2638,-0.745687221,0
X247,2691,-1.719809051,1
X247,2708,-1.694431816,0
X247,2879,-0.925628682,0
X247,2962,-0.432887081,0
X247,2972,1.801256369,0
X247,2982,-1.973908105,0
X247,2992,0.152020237,0
X247,3064,1.352853596,0
X247,3069,-1.107500278,0
X247,3202,0.749833522,0
X247,3231,-3.270733775,0
X247,3235,0.027555004,0
X247,3241,-0.480264871,0
X247,3292,-1.792210197,0
X247,3436,-1.090847826,0
X247,3465,-1.466541178,0
X247,3495,1.343052422,0
X247,3539,0.023610506,0
X247,3635,-1.394857081,0
X247,3662,-0.054442401,1
X247,3791,0.937502402,0
X247,3792,-4.28865545,0
X247,3877,-0.206352039,0
X247,3881,0.828774995,0
X247,3968,-1.461876896,1
X247,4002,1.221001768,1
X247,4021,1.015250337,0
X247,4027,-2.414182349,0
X247,4095,0.301865213,1
X247,4110,0.621639518,0
X247,4132,-0.618626893,0
X247,4156,0.206201877,0
X248,58,0.100655668,0
X248,156,-0.179783097,0
X248,162,0.247863366,0
X248,199,-0.240495,0
X248,216,0.02257774,0
X248,343,0.13928227,0
X248,375,0.01779651,0
X248,386,0.045716407,0
X248,393,0.049615823,0
X248,410,0.106579622,0
X248,483,0.101964381,0
X248,525,0.074327789,0
X248,560,0.057231296,0
X248,561,-0.245605022,0
X248,617,0.235404758,0
X248,624,0.241409804,0
X248,630,0.196607849,0
X248,649,0.035887932,0
X248,663,0.002131472,0
X248,675,0.236933827,0
X248,823,-0.04292611,0
X248,865,0.20208138,0
X248,876,0.122096967,0
X248,878,0.084695418,0
X248,888,-0.091667621,0
X248,907,0.296903794,0
X248,914,-0.148177645,0
X248,1010,0.077660995,0
X248,1046,-0.165519349,0
X248,1061,0.049722486,0
X248,1088,0.059987193,0
X248,1100,-0.014819146,0
X248,1129,-0.07203769,0
X248,1138,-0.081822293,0
X248,1141,-0.251914878,0
X248,1178,-0.187561074,0
X248,1228,-0.079199895,0
X248,1268,0.086735058,0
X248,1285,-0.333360768,0
X248,1295,0.015562851,0
X248,1374,0.054669189,0
X248,1389,-0.073303339,0
X248,1400,0.022427612,0
X248,1421,0.002332874,0
X248,1530,-0.007223717,0
X248,1568,0.14189191,0
X248,1812,-0.078945715,0
X248,1824,-0.0551576,0
X248,1844,-0.046324977,0
X248,1993,0.165813441,0
X248,2135,0.150976041,0
X248,2198,0.273778994,0
X248,2287,-0.000746593,0
X248,2290,-0.001472612,0
X248,2333,0.265870074,0
X248,2421,-0.087851722,0
X248,2452,-0.02262986,0
X248,2494,0.109572825,0
X248,2601,-0.137500634,0
X248,2613,-0.107884356,0
X248,2614,0.230025412,0
X248,2624,0.005363849,0
X248,2638,-0.088289177,0
X248,2691,empty,0
X248,2763,0.157464801,0
X248,2887,-0.161037154,0
X248,2888,-0.111861821,0
X248,2953,0.094709886,0
X248,2972,-0.104402133,0
X248,3069,-0.177984764,0
X248,3073,0.032018162,0
X248,3121,0.122059768,0
X248,3179,-0.1487935,0
X248,3252,0.000368523,0
X248,3292,-0.103751414,0
X248,3340,0.115580639,0
X248,3349,0.263486109,0
X248,3465,0.008509229,0
X248,3495,-0.040587742,0
X248,3512,-0.041994206,0
X248,3544,0.230560956,0
X248,3571,0.001355032,0
X248,3630,-0.228251557,0
X248,3670,0.037564582,0
X248,3696,-0.140362767,0
X248,3705,0.284980474,0
X248,3756,0.007763088,0
X248,3801,-0.29960561,0
X248,3805,0.204250063,0
X248,3917,-0.143607887,0
X248,4002,0.078691825,0
X248,4005,-0.246254338,0
X248,4021,0.986643538,1
X248,4053,-0.393061561,0
X248,4095,0.060384454,0
X248,4110,-0.282607598,0
X248,4121,-0.046686578,0
X248,4164,-0.257379486,0
X248,4185,0.164670485,0
X248,4201,0.294063625,0
X249,58,0.010950331,0
X249,73,-0.064668704,0
X249,162,-0.420900304,0
X249,207,-0.109354844,0
X249,211,-0.097375245,0
X249,343,0.093314225,0
X249,375,-0.211257456,0
X249,386,0.089033059,0
X249,413,0.03554615,0
X249,419,-0.274837642,0
X249,530,-0.221116857,0
X249,543,0.305558819,0
X249,575,0.057053463,0
X249,613,-0.096907568,0
X249,617,0.521980612,0
X249,634,-0.299826802,0
X249,689,-0.279766237,0
X249,897,-0.114960703,0
X249,949,-0.210009827,0
X249,954,0.067873772,0
X249,978,-0.210490858,0
X249,989,-0.059824524,0
X249,1037,0.086545988,0
X249,1141,-0.249048648,0
X249,1178,-0.414360832,0
X249,1187,-0.288050284,0
X249,1224,0.04093872,0
X249,1228,0.984496598,0
X249,1295,0.231171993,0
X249,1329,0.046461456,0
X249,1400,-0.326298034,0
X249,1421,-0.194017438,0
X249,1492,-0.169560727,0
X249,1530,-0.098535034,0
X249,1552,0.110642892,0
X249,1581,-0.401619383,0
X249,1600,0.14727168,0
X249,1671,-0.468979829,0
X249,1693,-0.734347685,0
X249,1700,-0.451457758,0
X249,1708,0.132900399,0
X249,1810,0.06130826,0
X249,1840,-0.456108049,0
X249,1868,0.189080496,0
X249,1879,-0.547219509,0
X249,1891,0.296662366,0
X249,1945,0.015280621,0
X249,1973,-0.35889042,0
X249,2013,0.025400306,0
X249,2027,-0.052502464,0
X249,2076,0.453563507,0
X249,2082,-0.012244407,0
X249,2198,0.548379626,0
X249,2242,0.131305468,0
X249,2277,-0.189674515,0
X249,2332,0.165245364,0
X249,2452,0.290785467,0
X249,2536,0.388204596,0
X249,2613,0.593624008,0
X249,2624,-0.143592718,0
X249,2679,-0.21877622,0
X249,2691,-0.128651397,0
X249,2696,-0.341552243,0
X249,2763,-0.516959093,0
X249,2784,0.00089062,0
X249,2832,0.218482084,0
X249,2849,-0.664162384,0
X249,2876,0.017250601,0
X249,2915,0.025820428,0
X249,2966,0.062579648,0
X249,2969,-0.296176276,0
X249,2990,0.334824191,0
X249,2992,-0.025989367,0
X249,3017,empty,0
X249,3027,-0.004488302,0
X249,3064,0.189368928,0
X249,3099,0.070744536,0
X249,3179,0.301393788,0
X249,3202,-0.450086477,0
X249,3233,-0.680671835,0
X249,3235,0.203660705,0
X249,3250,-0.175035356,0
X249,3345,-0.408714112,0
X249,3433,-0.096010196,0
X249,3434,0.02967451,0
X249,3436,-0.232713726,0
X249,3476,-0.413173583,0
X249,3512,0.224188189,0
X249,3552,-0.724396365,0
X249,3630,0.161684616,0
X249,3635,0.116951286,0
X249,3662,-0.145575865,0
X249,3691,0.315291092,1
X249,3710,-0.003340539,0
X249,3727,-0.219170156,0
X249,3781,0.027242812,0
X249,3801,0.304508931,0
X249,3805,0.055682066,0
X249,3849,0.648323985,0
X249,3881,0.861495322,0
X249,3895,-0.383005031,0
X249,3954,0.147978398,0
X249,4027,0.564305614,0
X249,4119,-0.15374434,0
X249,4132,0.333130248,0
X249,4168,0.552288768,0
X250,58,0.644140522,0
X250,113,2.432445984,0
X250,120,2.697752812,0
X250,199,0.091477795,0
X250,207,0.549594235,1
X250,214,-0.868866019,0
X250,389,-3.424700942,0
X250,431,1.871912191,1
X250,473,3.431065451,1
X250,483,1.287745149,0
X250,503,1.715300635,1
X250,511,1.812940954,1
X250,657,-5.890192481,0
X250,675,0.790586903,0
X250,782,1.086086768,1
X250,851,0.065372122,1
X250,877,-0.404100929,1
X250,953,1.87545061,1
X250,996,-0.535033721,1
X250,1010,1.78638573,1
X250,1064,1.340843746,1
X250,1087,0.234596018,1
X250,1151,2.308926566,1
X250,1157,1.862770578,1
X250,1183,4.013523771,0
X250,1300,0.403633336,0
X250,1329,0.310524031,1
X250,1392,1.893358242,0
X250,1441,-1.052712933,1
X250,1552,2.424008642,1
X250,1568,-1.703768159,0
X250,1586,2.837171658,1
X250,1600,-0.305107723,0
X250,1615,0.847190105,0
X250,1671,2.990537007,1
X250,1693,-0.188201832,1
X250,1746,-2.838105463,1
X250,1775,-0.706002935,0
X250,1812,3.396589923,0
X250,1826,1.663790981,1
X250,1834,0.107482903,1
X250,1844,3.096104135,1
X250,1898,1.735582502,1
X250,1944,-2.446605606,1
X250,1990,-1.365771292,0
X250,1994,0.924825856,1
X250,2027,1.259059874,0
X250,2108,-1.846964149,1
X250,2135,-0.326039249,0
X250,2198,-2.264821439,0
X250,2368,0.287134555,1
X250,2466,0.902652955,1
X250,2467,1.279150008,1
X250,2481,0.995150405,0
X250,2496,1.398081409,1
X250,2562,0.10842246,0
X250,2622,2.056355499,1
X250,2624,-1.958335196,1
X250,2693,2.445004364,0
X250,2771,0.877025843,1
X250,2784,-2.130033201,0
X250,2832,1.976820059,0
X250,2888,-2.046054638,0
X250,2939,-3.145947978,0
X250,2952,0.055967842,1
X250,2969,2.628291266,1
X250,2992,0.811259352,1
X250,3041,-2.637125123,0
X250,3064,5.101262265,0
X250,3088,-0.066194401,1
X250,3226,0.257075058,1
X250,3231,-1.921371193,0
X250,3250,1.291637792,1
X250,3292,4.440217432,1
X250,3340,1.566683436,1
X250,3349,-0.286132491,0
X250,3433,-0.339902176,1
X250,3540,3.896244724,0
X250,3544,1.206536098,0
X250,3557,0.072113146,0
X250,3572,2.850771268,1
X250,3642,1.391351735,0
X250,3710,-0.608160379,1
X250,3756,-1.783350835,0
X250,3780,1.03447686,0
X250,3783,5.402137879,1
X250,3795,1.632532215,0
X250,3905,1.335811025,0
X250,3911,empty,0
X250,3917,3.276484282,1
X250,3918,1.529845729,1
X250,4027,2.616287808,0
X250,4185,-4.57808189,0
X251,43,2.55461048,0
X251,107,1.649720757,0
X251,127,1.910725928,0
X251,192,-2.468123927,0
X251,229,4.010628639,1
X251,256,1.859155681,0
X251,294,-2.57934866,0
X251,360,-0.35868952,1
X251,389,0.078732154,1
X251,401,1.104104101,0
X251,414,0.903257098,0
X251,473,-0.306866093,0
X251,530,2.092933753,0
X251,549,-1.447223629,0
X251,617,0.235824083,0
X251,624,0.94278649,0
X251,631,-0.889439481,1
X251,807,2.312345889,0
X251,817,-0.052949244,0
X251,823,0.527354404,0
X251,836,-3.877969509,0
X251,851,4.716768948,0
X251,876,-3.309316156,1
X251,978,-2.718115488,1
X251,1249,-1.006457662,1
X251,1291,4.071997068,1
X251,1323,-1.027032521,0
X251,1329,-0.04891433,0
X251,1392,1.218532882,1
X251,1426,3.058022838,1
X251,1524,-0.930511753,1
X251,1525,2.350897165,1
X251,1568,4.223343452,1
X251,1581,0.558082802,1
X251,1592,1.675836948,1
X251,1600,-0.945053089,1
X251,1725,0.257824525,0
X251,1733,2.099346234,1
X251,1775,1.072605514,1
X251,1812,3.685197844,1
X251,1814,1.047263547,0
X251,1824,-3.181794079,1
X251,1866,3.308685932,1
X251,1886,0.166393229,0
X251,1945,1.456200831,0
X251,1991,-1.22808594,0
X251,1993,3.183568875,0
X251,2076,0.368452063,0
X251,2104,2.571707401,1
X251,2135,0.104871019,1
X251,2332,2.256037149,0
X251,2466,-1.581231707,0
X251,2551,1.130638368,1
X251,2562,2.976789672,1
X251,2613,-0.356725669,1
X251,2636,-1.874272087,1
X251,2638,3.054953072,1
X251,2783,1.097472707,0
X251,2784,3.446457579,1
X251,2817,3.052739016,1
X251,2848,1.583167146,1
X251,2850,5.734703566,0
X251,2899,0.507199467,1
X251,2992,2.11929566,0
X251,3017,-2.249405128,0
X251,3147,-0.284436102,1
X251,3220,-3.882071179,0
X251,3241,-1.159451594,0
X251,3249,0.884534898,1
X251,3252,2.003547585,0
X251,3371,2.323674497,0
X251,3476,-0.053300446,1
X251,3529,1.268309486,0
X251,3540,-0.381817728,0
X251,3544,4.159988683,1
X251,3552,1.063865151,0
X251,3572,3.422251423,0
X251,3612,-1.878770082,0
X251,3635,5.322316229,0
X251,3670,-2.836342721,0
X251,3723,3.325930373,0
X251,3727,-3.059128038,0
X251,3772,-0.464023602,0
X251,3792,1.264356871,0
X251,3801,-1.956179544,0
X251,3911,1.679515179,1
X251,3966,-2.452651502,1
X251,4001,-2.565342805,1
X251,4002,-0.502882286,1
X251,4113,-0.182343332,1
X251,4156,-0.558118772,1
X252,43,0.294518908,0
X252,247,0.074304786,0
X252,343,0.220308686,0
X252,414,0.047546241,0
X252,419,0.215782954,0
X252,431,-0.144830633,0
X252,525,-0.093345004,0
X252,536,-0.046224348,0
X252,561,0.056873516,0
X252,567,0.129887207,0
X252,657,0.04393279,0
X252,663,-0.035406267,0
X252,675,-0.058857789,0
X252,823,0.135257474,0
X252,855,0.074455831,0
X252,878,0.136499205,0
X252,907,-0.186740734,0
X252,914,0.040269941,0
X252,1010,-0.05542223,0
X252,1103,-0.142671589,0
X252,1106,-0.250988357,0
X252,1129,0.019571426,0
X252,1138,0.126244284,0
X252,1151,-0.230182668,0
X252,1154,-0.167160256,0
X252,1239,empty,0
X252,1285,-0.014959527,0
X252,1295,-0.03395498,0
X252,1312,-0.262070095,0
X252,1375,0.015344332,0
X252,1419,0.065887533,0
X252,1441,-0.044617113,0
X252,1581,-0.161392097,0
X252,1592,-0.084041495,0
X252,1598,-0.070635001,0
X252,1615,0.130388422,0
X252,1680,0.14702536,0
X252,1810,0.094972805,0
X252,1840,0.090243906,0
X252,1900,-0.080032906,0
X252,1937,0.101349559,0
X252,1945,0.012439283,0
X252,1993,-0.041715565,0
X252,1999,0.051599626,0
X252,2027,0.110898374,0
X252,2028,0.008788965,0
X252,2108,-0.174387593,0
X252,2137,0.053075725,0
X252,2198,-0.078738393,0
X252,2445,0.066616216,0
X252,2481,0.093875528,0
X252,2636,0.204312756,0
X252,2706,-0.021890316,0
X252,2783,0.252111583,0
X252,2816,-0.166707024,0
X252,2849,-0.067024408,0
X252,2966,0.083054117,0
X252,2982,-0.158627748,0
X252,2992,-0.024589189,0
X252,3041,0.175259306,0
X252,3079,0.021184305,0
X252,3279,-0.149559213,0
X252,3371,0.057158071,0
X252,3375,0.006261208,0
X252,3396,0.107416974,0
X252,3440,0.059818983,0
X252,3529,0.014286907,0
X252,3632,0.117241396,0
X252,3635,0.033276159,0
X252,3705,0.052971537,0
X252,3747,0.01514693,0
X252,3756,0.141792894,0
X252,3792,-0.012988922,0
X252,3801,-0.085950788,0
X252,3819,0.096723751,0
X252,3844,0.106927511,0
X252,3849,0.043778191,0
X252,3867,-0.037214639,0
X252,3905,0.014967808,0
X252,3964,-0.092985008,0
X252,4052,0.09662834,0
X252,4053,-0.149023816,0
X252,4119,-0.081101331,0
X252,4126,-0.047738124,0
X252,4142,0.001047312,0
X252,4184,0.140629463,0
X252,4200,-0.079715867,0
X253,58,0.373886363,0
X253,162,-0.074520808,0
X253,183,-0.061056785,0
X253,294,-0.007019889,0
X253,308,-0.04900143,0
X253,386,0.066165948,0
X253,389,-0.009965471,0
X253,485,0.013248458,0
X253,511,-0.04202692,0
X253,560,-0.112443768,0
X253,613,0.332433387,0
X253,630,0.000612064,0
X253,631,-0.082713916,0
X253,687,0.175517941,0
X253,769,-0.042852369,0
X253,817,-0.023272617,0
X253,836,0.157806345,0
X253,897,-0.147909525,0
X253,959,0.215800096,0
X253,992,-0.01316978,0
X253,1046,0.106498892,0
X253,1103,-0.029076437,0
X253,1141,0.102574261,0
X253,1151,0.013481519,0
X253,1178,0.039078236,0
X253,1278,-0.000651635,0
X253,1295,0.044662059,0
X253,1302,-0.066835157,0
X253,1312,-0.281209893,0
X253,1419,-0.010737315,0
X253,1426,-0.033316774,0
X253,1483,0.093603978,0
X253,1495,-0.207513161,0
X253,1530,0.188491801,0
X253,1565,0.075178031,0
X253,1598,0.029336111,0
X253,1615,-0.035786861,0
X253,1647,0.103236034,0
X253,1654,0.028585728,0
X253,1717,-0.14606386,0
X253,1814,0.045680436,0
X253,1826,0.321292869,0
X253,1886,-0.08354886,0
X253,1894,0.14922636,0
X253,1997,0.07232752,0
X253,2044,0.16801464,0
X253,2116,0.092117973,0
X253,2135,0.182435932,0
X253,2137,0.004028735,0
X253,2221,0.191373466,0
X253,2276,-0.026556349,0
X253,2358,-0.052715632,0
X253,2368,-0.116136932,0
X253,2402,-0.181014408,0
X253,2407,-0.247941243,0
X253,2481,0.029847289,0
X253,2483,0.195145382,0
X253,2494,0.236763453,0
X253,2499,-0.029471376,0
X253,2562,-0.156841019,0
X253,2706,-0.149901026,0
X253,2775,0.083579528,0
X253,2783,0.114893604,0
X253,2832,-0.004679187,0
X253,2887,0.330656944,0
X253,2899,0.043931559,0
X253,2915,-0.046300404,0
X253,2953,-0.164301452,0
X253,2962,0.149068141,0
X253,2966,-0.04670333,0
X253,3027,0.009867654,0
X253,3121,0.228557177,0
X253,3340,-0.110701318,0
X253,3345,-0.145923517,0
X253,3385,-0.093086027,0
X253,3396,0.026796906,0
X253,3482,0.088136555,0
X253,3495,-0.194963622,0
X253,3551,0.128683659,0
X253,3552,-0.076844221,0
X253,3632,-0.057442515,0
X253,3638,0.215239215,0
X253,3662,-0.054181431,0
X253,3670,0.467874549,0
X253,3772,-0.108311984,0
X253,3781,0.147540792,0
X253,3867,-0.08075002,0
X253,3917,-0.146924657,0
X253,4052,-0.188797375,0
X253,4087,0.009803371,0
X253,4095,0.16574793,0
X253,4110,0.194577427,0
X253,4127,-0.178381626,0
X253,4185,-0.252860059,0
X253,4201,0.09590321,0
X254,12,0.107855714,0
X254,58,-0.024883437,0
X254,170,0.086480571,0
X254,191,-0.090990175,0
X254,211,-0.260270815,0
X254,216,-0.019315444,0
X254,249,0.066379763,0
X254,294,-0.68612055,0
X254,393,-0.34273664,0
X254,419,-0.168257759,0
X254,473,0.036921854,0
X254,503,0.200326434,0
X254,553,0.169344048,0
X254,575,0.330390868,0
X254,613,0.076212361,0
X254,630,0.132190527,0
X254,657,-0.062821049,0
X254,663,0.576520551,0
X254,669,0.168797722,0
X254,782,-0.423808276,0
X254,817,0.150412874,0
X254,837,0.524336671,0
X254,878,0.270510858,0
X254,879,0.055181592,0
X254,893,0.225246041,0
X254,897,-0.521334108,0
X254,914,-0.107317754,0
X254,958,0.204087752,0
X254,959,0.170183469,0
X254,1021,0.031621465,0
X254,1061,0.406240385,0
X254,1064,-0.36784463,0
X254,1089,0.074851485,0
X254,1096,0.172423319,0
X254,1129,0.078468169,0
X254,1138,0.063397325,0
X254,1151,0.003674901,0
X254,1154,0.10649612,0
X254,1183,0.071233067,0
X254,1278,0.080479286,0
X254,1291,0.457146283,0
X254,1447,-0.02920208,0
X254,1517,-0.515407882,0
X254,1598,-0.648085491,0
X254,1635,-0.031289124,0
X254,1690,1.075058003,1
X254,1700,-0.066180347,0
X254,1725,0.15742131,0
X254,1746,0.192188463,0
X254,1810,-0.286659597,0
X254,1852,-0.134914793,0
X254,1866,-0.262492557,0
X254,1879,-0.240539201,0
X254,1898,-0.031875389,0
X254,1945,-0.135173007,0
X254,1973,-0.181287655,0
X254,1993,-0.211708659,0
X254,1997,empty,0
X254,2027,0.389322925,0
X254,2076,0.266285313,0
X254,2110,0.576936945,0
X254,2137,0.328223795,0
X254,2160,-0.021949402,0
X254,2188,-0.115986555,0
X254,2221,-0.308633447,0
X254,2402,0.097295268,0
X254,2407,0.325979934,0
X254,2434,0.646738092,0
X254,2481,0.051456611,0
X254,2534,0.246519769,0
X254,2551,0.541356837,0
X254,2622,-0.03156687,0
X254,2648,-0.313837763,0
X254,2673,-0.465442371,0
X254,2706,0.213093611,0
X254,2879,0.116338512,0
X254,2888,0.394792356,0
X254,2899,0.094084088,0
X254,2915,0.205638394,0
X254,2972,0.231557691,0
X254,3041,-0.298624582,0
X254,3103,-0.206292816,0
X254,3162,-0.264012014,0
X254,3235,0.206460479,0
X254,3292,0.055420621,0
X254,3343,-0.230537788,0
X254,3371,-0.291709967,0
X254,3433,-0.314849575,0
X254,3434,0.055985295,0
X254,3460,-0.301589857,0
X254,3511,-0.169502316,0
X254,3512,-0.007384606,0
X254,3544,-0.202828752,0
X254,3710,0.684313557,0
X254,3780,0.342526219,0
X254,3791,-0.059867237,0
X254,3824,0.088889933,0
X254,3966,-0.013569917,0
X254,3968,0.72431993,0
X254,4053,-0.015844266,0
X254,4095,-0.311990987,0
X254,4126,0.281408429,0
X254,4184,-0.644661561,0
X254,4204,0.220142516,0
X255,11,0.882524567,0
X255,12,-0.590625676,0
X255,120,0.283788855,0
X255,199,-0.476315271,0
X255,216,0.947411386,0
X255,247,0.257168068,0
X255,249,0.196623424,0
X255,274,0.563300209,0
X255,284,-0.77211611,0
X255,294,-0.751192995,0
X255,410,0.389773332,0
X255,431,0.800725301,0
X255,473,-0.276076807,0
X255,486,0.322903015,0
X255,499,-0.535871536,0
X255,549,0.146645397,0
X255,575,0.023871092,0
X255,617,0.329761015,0
X255,624,-1.023643263,0
X255,663,-0.726456134,0
X255,689,1.191258791,0
X255,865,2.503614159,1
X255,875,-0.126596083,0
X255,893,0.033096683,0
X255,912,0.555929764,0
X255,959,-0.895518799,0
X255,986,0.020210284,0
X255,1008,-0.231476443,0
X255,1021,-0.04872581,0
X255,1061,-0.501720451,0
X255,1064,-0.133278655,0
X255,1129,0.351119085,0
X255,1154,-1.537663173,0
X255,1157,-0.292312749,0
X255,1178,-0.538035856,0
X255,1183,1.734471523,1
X255,1239,-0.959861612,0
X255,1248,-0.688007413,0
X255,1268,0.390334313,0
X255,1323,-0.723838767,0
X255,1329,-0.384687343,0
X255,1436,0.640758224,0
X255,1450,1.203467738,0
X255,1492,0.491994,0
X255,1517,-1.625341499,0
X255,1691,-0.257636322,0
X255,1826,-0.140890486,0
X255,1852,-0.216640099,0
X255,1879,0.419397825,0
X255,1900,0.030666736,0
X255,1937,0.803539308,0
X255,1952,0.074616721,0
X255,1991,-0.361583852,0
X255,2027,-0.020006187,0
X255,2028,0.039142489,0
X255,2082,-0.573947098,0
X255,2116,-0.056288058,0
X255,2221,-0.087346366,0
X255,2242,0.021033598,0
X255,2245,0.343592908,0
X255,2276,0.725128678,0
X255,2277,0.429325871,0
X255,2287,0.416352294,0
X255,2358,0.787111626,1
X255,2421,0.411879523,0
X255,2434,-0.867469637,0
X255,2466,0.399968209,0
X255,2481,0.735268704,0
X255,2636,-0.616435831,0
X255,2648,-0.203433639,0
X255,2673,0.806016786,0
X255,2849,-0.583022097,0
X255,2887,0.406212228,0
X255,2899,0.118646298,0
X255,2915,0.608694999,0
X255,2962,-0.94074045,0
X255,2969,-0.082359201,0
X255,2990,0.324747222,0
X255,2992,0.631386426,0
X255,3073,0.551896869,0
X255,3079,0.645075313,0
X255,3103,-0.647648431,0
X255,3201,0.107950693,0
X255,3252,-0.504102562,0
X255,3292,-0.078964687,0
X255,3360,0.26616745,0
X255,3434,0.143169087,0
X255,3495,0.468023531,0
X255,3572,0.079156701,0
X255,3631,0.07120507,0
X255,3632,-0.618121345,0
X255,3677,-0.536929879,0
X255,3696,0.276447399,0
X255,3727,0.858240959,0
X255,3781,-0.179029914,0
X255,3795,-0.333016047,0
X255,3801,1.106974488,1
X255,3881,0.004907037,0
X255,3895,-0.634331745,0
X255,3917,0.174911037,0
X255,3940,-0.732368595,0
X255,4052,-0.459202892,0
X255,4053,0.183619034,0
X255,4095,-0.066897846,0
X255,4126,-0.325584335,0
X255,4127,-0.032533468,0
X255,4132,0.228551735,0
X255,4184,-0.787291441,0
X255,4204,-0.03901256,0
X256,3,1.228407072,1
X256,11,-0.283355286,0
X256,12,0.512216001,0
X256,36,-0.194658157,0
X256,170,0.654771549,0
X256,199,-1.277050628,0
X256,214,-0.756115672,0
X256,274,-0.774237922,0
X256,283,-0.767949573,0
X256,308,1.743589908,1
X256,360,0.338206313,0
X256,393,0.420598523,0
X256,401,1.59198092,1
X256,431,0.234452165,0
X256,485,0.45250514,0
X256,511,0.659365131,0
X256,536,-2.548268613,0
X256,561,0.761638088,1
X256,617,-0.235950245,0
X256,631,-0.964317001,0
X256,769,2.149986882,0
X256,855,-2.592909576,0
X256,893,-0.082478468,0
X256,912,0.117512396,0
X256,1010,1.69066443,0
X256,1141,-0.677059775,0
X256,1151,-1.100454528,0
X256,1154,0.025176921,0
X256,1239,0.310292509,0
X256,1300,-0.140574648,0
X256,1323,0.875159562,0
X256,1359,0.730052624,0
X256,1374,-0.044513041,0
X256,1375,-0.812044054,0
X256,1467,1.729421268,1
X256,1483,-0.662999948,0
X256,1517,2.590854594,0
X256,1525,-0.751622136,0
X256,1530,0.101264765,0
X256,1586,0.409489817,0
X256,1598,-0.644038408,0
X256,1654,-1.708924727,0
X256,1691,0.080211923,0
X256,1717,-0.530492234,0
X256,1810,-0.784348836,0
X256,1814,0.543714864,0
X256,1844,1.164291243,0
X256,1866,-0.206492861,0
X256,1879,1.478511647,0
X256,1891,-0.127876078,0
X256,1943,empty,0
X256,1990,0.428785795,0
X256,1991,empty,1
X256,1997,0.45399156,0
X256,1999,-0.351797068,0
X256,2008,-1.779627931,0
X256,2044,-1.861074613,0
X256,2055,-0.166964279,0
X256,2137,-0.715641142,1
X256,2241,1.923673493,0
X256,2242,-0.955676958,0
X256,2245,1.588099817,0
X256,2368,-0.708885141,0
X256,2481,0.385761449,0
X256,2483,0.618253978,0
X256,2494,2.183134204,0
X256,2614,0.577752201,0
X256,2693,-0.539840261,0
X256,2719,-0.026836742,0
X256,2783,1.486926917,0
X256,2784,-0.736400723,0
X256,2843,-0.715735469,0
X256,2879,-1.034106676,0
X256,2887,-1.366929205,0
X256,2888,-0.058295638,0
X256,3069,-0.325903861,0
X256,3094,-1.049210503,0
X256,3099,-0.070013758,0
X256,3202,-1.723456067,0
X256,3231,-1.311601431,0
X256,3249,-0.29300491,0
X256,3279,0.49222171,0
X256,3280,-1.045564769,0
X256,3328,0.247993344,0
X256,3385,0.50864845,0
X256,3433,1.078885797,0
X256,3496,-0.481327149,0
X256,3635,0.892811656,0
X256,3662,-0.872404267,0
X256,3705,-1.331855912,0
X256,3747,0.444268268,0
X256,3781,0.746211852,0
X256,3824,-1.063822586,0
X256,3895,-0.219696382,0
X256,3905,0.021653323,0
X256,3918,0.050663364,0
X256,3966,1.537220656,0
X256,4005,3.117488241,1
X256,4021,-1.90883649,0
X256,4119,-2.225060279,0
X256,4121,0.327425697,0
X256,4204,0.316215362,0
X257,11,-0.099116224,0
X257,58,-0.003162503,0
X257,113,0.025341058,0
X257,183,0.095238055,0
X257,222,0.007549107,0
X257,229,-0.022605657,0
X257,249,-0.008842161,0
X257,256,-0.080832788,0
X257,294,0.001490491,0
X257,413,0.007791734,0
X257,483,0.074967316,0
X257,486,-0.00787146,0
X257,511,-0.027258192,0
X257,560,-0.175614266,0
X257,561,0.002145,0
X257,624,0.091254221,0
X257,630,-0.018916562,0
X257,689,0.08108479,0
X257,758,-0.079323036,0
X257,780,-0.005540571,0
X257,837,0.100134421,0
X257,897,0.100914625,0
X257,958,-0.03467457,0
X257,959,-0.00266426,0
X257,971,-0.069396462,0
X257,1010,0.001723044,0
X257,1087,-0.074892227,0
X257,1119,-0.010617648,0
X257,1129,-0.09408782,0
X257,1151,0.057202824,0
X257,1154,0.030892584,0
X257,1284,0.027306351,0
X257,1300,-0.028276412,0
X257,1472,0.044597675,0
X257,1485,0.090928821,0
X257,1524,-0.047254299,0
X257,1530,0.124472023,0
X257,1775,0.042749393,0
X257,1824,-0.016812015,0
X257,1826,0.02588776,0
X257,1829,-0.079451149,0
X257,1834,0.025009593,0
X257,1840,-0.057146932,0
X257,1866,-0.042173967,0
X257,1990,0.05333415,0
X257,2008,0.017106215,0
X257,2013,-0.000941649,0
X257,2127,-0.011833266,0
X257,2137,0.004648888,0
X257,2309,-0.070543705,0
X257,2332,0.044776543,0
X257,2358,0.104108618,0
X257,2430,-0.098273737,0
X257,2536,empty,0
X257,2613,0.0582286,0
X257,2622,-0.105889109,0
X257,2638,-0.011605603,0
X257,2693,0.059460673,0
X257,2719,-0.057347739,0
X257,2848,-0.116980105,0
X257,2953,0.037646227,0
X257,2972,-0.028428626,0
X257,2990,0.016110461,0
X257,3073,0.03137247,0
X257,3079,-0.042837524,0
X257,3190,-0.049215789,0
X257,3220,0.003098963,0
X257,3226,0.093857307,0
X257,3231,-0.00293552,0
X257,3249,0.016441537,0
X257,3252,-0.057389009,0
X257,3343,-0.073801206,0
X257,3360,0.051285936,0
X257,3371,-0.056553664,0
X257,3390,-0.011633904,0
X257,3482,0.015709119,0
X257,3496,-0.010054457,0
X257,3529,0.047221047,0
X257,3551,0.044816883,0
X257,3632,0.037561255,0
X257,3642,-0.011913328,0
X257,3677,0.001172286,0
X257,3727,-0.001777129,0
X257,3791,0.078250927,0
X257,3792,0.012706435,0
X257,3844,0.057456814,0
X257,3867,0.045027193,0
X257,3940,-0.095299278,0
X257,3966,0.023552949,0
X257,3973,empty,0
X257,4017,-0.046781715,0
X257,4119,empty,0
X257,4126,0.057111013,0
X257,4156,-0.052663482,0
X257,4164,-0.009736839,0
X258,3,0.097081079,0
X258,11,0.092300388,0
X258,43,0.384009221,0
X258,162,0.015449532,0
X258,183,0.281291546,0
X258,207,-0.107870926,0
X258,216,0.171369835,0
X258,222,0.100782753,0
X258,256,0.042251155,0
X258,414,-0.088289387,0
X258,419,-0.093979551,0
X258,560,0.232424976,0
X258,573,-0.234964533,0
X258,617,-0.214809699,0
X258,649,empty,0
X258,663,0.07499228,0
X258,669,-0.186409883,0
X258,817,0.043126243,0
X258,851,-0.220722053,0
X258,876,-0.505431805,0
X258,888,-0.44032004,0
X258,893,-0.045391059,0
X258,912,0.049660164,0
X258,959,0.118303486,0
X258,996,0.114987323,0
X258,1008,0.012437049,0
X258,1106,0.091689471,0
X258,1295,empty,0
X258,1323,-0.114388595,0
X258,1374,0.394439924,0
X258,1400,0.025579278,0
X258,1419,-0.036535795,0
X258,1436,0.124171671,0
X258,1495,0.192653506,0
X258,1524,0.052052451,0
X258,1525,0.534635406,0
X258,1530,-0.039661539,0
X258,1581,0.202650203,0
X258,1586,-0.00671898,0
X258,1592,0.156352094,0
X258,1598,0.139991041,0
X258,1612,-0.2645073,0
X258,1615,-0.422245337,0
X258,1635,-0.041387158,0
X258,1691,-0.193303706,0
X258,1693,-0.021161026,0
X258,1708,-0.124119463,0
X258,1711,-0.181014607,0
X258,1717,-0.052804621,0
X258,1829,0.226327481,0
X258,1868,-0.51951658,0
X258,1881,0.271608923,0
X258,1999,-0.13739789,0
X258,2044,-0.085010839,0
X258,2076,0.110536622,0
X258,2104,0.147005097,0
X258,2160,-0.379341341,0
X258,2241,0.02282388,0
X258,2276,0.184921529,0
X258,2305,-0.132694005,0
X258,2333,0.212818831,0
X258,2614,-0.039937213,0
X258,2624,-0.254668105,0
X258,2693,-0.020557772,0
X258,2706,-0.203613945,0
X258,2719,0.177290258,0
X258,2771,-0.212710972,0
X258,2832,0.393950047,0
X258,2870,0.066127645,0
X258,2893,-0.421401575,0
X258,2939,-0.181524036,0
X258,2969,-0.300649549,0
X258,2982,-0.136396374,0
X258,3088,-0.16004404,0
X258,3231,-0.069300957,0
X258,3360,0.299284498,0
X258,3482,-0.31526431,0
X258,3547,-0.241149553,0
X258,3630,-0.338416955,0
X258,3631,-0.400754536,0
X258,3638,0.158485551,0
X258,3696,-0.233822467,0
X258,3705,0.036881659,0
X258,3772,-0.227704018,0
X258,3781,0.050449936,0
X258,3849,-0.018053951,0
X258,3881,-0.338773789,0
X258,4001,-0.038784184,0
X258,4017,0.129534921,0
X258,4021,0.256825255,0
X258,4041,-0.187996388,0
X258,4127,-0.095154004,0
X258,4164,0.013441543,0
X258,4197,-0.421841036,0
X259,12,-0.056101964,0
X259,58,-0.061780977,0
X259,107,-0.017056009,0
X259,120,0.083549301,0
X259,222,0.045546988,0
X259,247,0.068117101,0
X259,249,0.034040042,0
X259,256,-0.095905643,0
X259,283,0.142335329,0
X259,284,0.041052703,0
X259,401,0.018379148,0
X259,413,0.044688242,0
X259,483,0.077778479,0
X259,499,0.095610249,0
X259,525,0.024656305,0
X259,631,-0.023060253,0
X259,675,0.023229736,0
X259,769,-0.07966974,0
X259,807,0.003722886,0
X259,836,empty,0
X259,865,0.008236253,0
X259,875,0.01583629,0
X259,876,0.031325172,0
X259,1096,-0.037976339,0
X259,1141,-0.071114331,0
X259,1154,-0.100119283,0
X259,1157,-0.048042577,0
X259,1268,0.015002461,0
X259,1329,0.009132439,0
X259,1332,0.000881195,0
X259,1419,-0.01195513,0
X259,1495,-0.026491213,0
X259,1524,0.000638811,0
X259,1592,0.016205703,0
X259,1600,-0.000716659,0
X259,1654,-0.005380627,0
X259,1708,0.023580418,0
X259,1711,-0.082296344,0
X259,1717,0.016294701,0
X259,1725,0.032547007,0
X259,1810,0.023094467,0
X259,1868,-0.088199655,0
X259,1881,-0.086582211,0
X259,1900,-0.066004087,0
X259,1937,0.011311147,0
X259,1938,0.04583879,0
X259,1943,0.021497287,0
X259,1973,0.054600572,0
X259,2110,-0.012930713,0
X259,2116,-0.1033955,0
X259,2127,-0.026353458,0
X259,2309,0.019210886,0
X259,2375,-0.072834579,0
X259,2613,0.015501242,0
X259,2691,-0.006229566,0
X259,2719,0.010747265,0
X259,2763,-0.032771739,0
X259,2784,-0.049160524,0
X259,2816,0.053663137,0
X259,2879,0.124532146,0
X259,2915,-0.040569494,0
X259,2952,0.081823992,0
X259,2966,-0.038899396,0
X259,2969,0.011093356,0
X259,2972,0.122554917,0
X259,2982,-0.029739867,0
X259,2992,-0.049751358,0
X259,3041,0.085543568,0
X259,3064,-0.046653348,0
X259,3094,-0.103336918,0
X259,3202,-0.040060115,0
X259,3231,0.022659068,0
X259,3292,-0.147974772,0
X259,3343,0.098032257,0
X259,3371,0.043315519,0
X259,3390,0.074037897,0
X259,3482,-0.048327999,0
X259,3572,-0.042283363,0
X259,3630,0.093737058,0
X259,3631,0.008669757,0
X259,3670,-0.028275694,0
X259,3780,0.085228922,0
X259,3795,-0.029984769,0
X259,3801,0.068422116,0
X259,3877,0.086731925,0
X259,3940,0.07921029,0
X259,3954,-0.035826206,0
X259,4003,-0.006550535,0
X259,4004,-0.109801583,0
X259,4041,-0.183941068,0
X259,4127,0.087498827,0
X259,4184,-0.081982311,0
X259,4200,-0.009536556,0
X260,12,0.020304573,0
X260,36,0.031068027,0
X260,73,-0.029934319,0
X260,107,-0.057723792,0
X260,113,0.022838536,0
X260,162,0.032012945,0
X260,191,-0.084265479,0
X260,214,0.048770199,0
X260,389,-0.023524235,0
X260,401,-0.109386249,0
X260,410,-0.023709551,0
X260,431,0.01459017,0
X260,483,0.078548713,0
X260,486,0.075743359,0
X260,561,0.048479666,0
X260,613,0.049913438,0
X260,616,-0.073999413,0
X260,617,-0.046311746,0
X260,782,0.108598522,0
X260,875,-0.042893153,0
X260,879,-0.012809944,0
X260,914,0.049241336,0
X260,943,-0.05419476,0
X260,1064,-0.013034147,0
X260,1089,0.053045207,0
X260,1178,-0.165813684,0
X260,1248,0.017290511,0
X260,1285,0.068051288,0
X260,1300,0.005274784,0
X260,1312,0.06741694,0
X260,1419,-0.041324234,0
X260,1421,-0.01440427,0
X260,1450,0.070874062,0
X260,1492,-0.013559925,0
X260,1612,-0.070703761,0
X260,1680,-0.009513838,0
X260,1691,0.093463662,0
X260,1725,-0.006716812,0
X260,1729,0.050959745,0
X260,1810,-0.04130432,0
X260,1824,-0.052398815,0
X260,1886,0.069348003,0
X260,1898,0.061704446,0
X260,1938,0.010710892,0
X260,1945,-0.027293994,0
X260,2036,-0.003044512,0
X260,2044,0.008299484,0
X260,2104,-0.024364599,0
X260,2108,0.032771762,0
X260,2116,-0.009338599,0
X260,2135,-0.01569504,0
X260,2160,-0.083159724,0
X260,2286,0.055802952,0
X260,2290,0.029786756,0
X260,2375,-0.121736953,0
X260,2421,-0.075748695,0
X260,2430,-0.072737654,0
X260,2536,0.051503722,0
X260,2561,-0.094382277,0
X260,2562,-0.043913614,0
X260,2576,-0.041365284,0
X260,2636,0.09928068,0
X260,2638,-0.10122863,0
X260,2648,-0.012006166,0
X260,2693,0.056461001,0
X260,2706,-0.001964393,0
X260,2784,0.059247587,0
X260,2815,-0.189489456,0
X260,2843,0.073448656,0
X260,2849,0.040328223,0
X260,2879,-0.029752063,0
X260,2969,-0.080532396,0
X260,2982,-0.013436561,0
X260,3027,-0.048171882,0
X260,3147,-0.007253615,0
X260,3202,-0.001646002,0
X260,3226,-0.007635811,0
X260,3233,0.00427154,0
X260,3280,-0.009534351,0
X260,3360,0.036814953,0
X260,3371,0.07543933,0
X260,3396,-0.064090493,0
X260,3433,0.025451425,0
X260,3434,0.118702797,0
X260,3572,-0.05744456,0
X260,3670,0.150410626,0
X260,3705,0.17055185,0
X260,3710,0.014649672,0
X260,3723,-0.050507371,0
X260,3781,-0.154600015,0
X260,3819,0.009443554,0
X260,3849,-0.025147989,0
X260,3877,0.095999642,0
X260,3917,0.027931812,0
X260,3928,0.135106381,0
X260,3964,-0.084334698,0
X260,3973,-0.045441385,0
X260,4021,0.058435717,0
X260,4041,0.009619869,0
X260,4110,0.043839008,0
X260,4113,0.054318954,0
X260,4121,0.014844902,0
X260,4126,0.02704577,0
X260,4185,-0.05729119,0
X260,4200,-0.063025362,0
X261,11,5.310044092,1
X261,43,-3.699272668,0
X261,214,0.368941189,1
X261,222,4.943486287,1
X261,229,-2.888963385,0
X261,283,1.202431594,0
X261,308,2.166694335,1
X261,343,1.703404364,0
X261,360,1.325899274,1
X261,389,-1.287303529,0
X261,401,0.224189746,0
X261,410,-1.272680953,0
X261,414,-0.972071394,0
X261,499,3.505112099,0
X261,560,1.894892133,1
X261,649,0.294047563,1
X261,675,0.156336937,0
X261,689,-1.022411213,0
X261,690,3.120551866,0
X261,782,3.821303529,0
X261,807,-0.604126883,0
X261,876,0.524538374,1
X261,893,-0.169472777,1
X261,954,0.686300162,0
X261,958,1.613862952,1
X261,992,0.374086997,0
X261,1046,-2.445922442,1
X261,1061,2.10651008,1
X261,1088,-0.521787609,0
X261,1089,2.431919024,1
X261,1103,-3.296006073,0
X261,1129,-0.305401484,0
X261,1138,0.279211564,1
X261,1178,-0.773942835,0
X261,1224,-1.776746872,1
X261,1239,-2.264691083,0
X261,1332,-0.318969872,1
X261,1472,1.670267262,0
X261,1525,-2.345469905,1
X261,1565,1.722681068,1
X261,1580,2.714271648,1
X261,1612,-1.043298173,0
X261,1615,0.803433619,0
X261,1655,0.827811113,0
X261,1671,0.962370042,0
X261,1690,-0.650895371,1
X261,1693,2.747934945,0
X261,1711,1.963757364,1
X261,1812,-2.089043993,1
X261,1852,-2.572830893,0
X261,1879,2.077797111,1
X261,1973,-2.271305106,0
X261,1990,1.758797956,1
X261,1994,0.157230098,0
X261,2008,-2.560966501,0
X261,2036,4.598697033,1
X261,2108,-1.344608266,0
X261,2241,-0.444584178,1
X261,2242,1.067077904,0
X261,2276,-1.867207775,1
X261,2287,1.238448659,0
X261,2309,-0.745518806,0
X261,2332,2.601131363,1
X261,2467,1.62265599,0
X261,2494,-0.204134629,0
X261,2499,1.729469627,1
X261,2534,-0.346310731,1
X261,2576,-1.099062669,0
X261,2613,0.475448969,0
X261,2648,-0.466274914,1
X261,2783,0.128132428,0
X261,2816,0.750673977,1
X261,2848,2.568115029,0
X261,2884,-2.461659512,0
X261,2952,0.489336548,0
X261,2962,0.142090908,0
X261,2968,-1.29964833,1
X261,2990,-1.664273531,0
X261,3027,2.226283886,1
X261,3088,-0.700085228,0
X261,3103,-1.074276572,0
X261,3233,-0.668838526,0
X261,3343,1.763383246,0
X261,3345,-2.294511256,0
X261,3375,-0.537049758,1
X261,3465,-0.963642641,0
X261,3496,0.292281918,0
X261,3547,2.447798442,0
X261,3552,-0.256698904,0
X261,3612,-1.197990645,0
X261,3677,1.102598492,0
X261,3705,0.399204616,0
X261,3710,-2.223728854,0
X261,3727,-0.129528695,0
X261,3791,-0.862041074,0
X261,3824,0.030033219,0
X261,3917,-5.000017994,0
X261,3966,2.349506605,1
X261,3968,2.413621413,0
X261,4095,0.920736591,0
X261,4121,3.641375437,0
X261,4126,-1.932179265,0
X261,4142,-3.708466764,0
X261,4204,-3.658186056,0
X262,3,0.116792973,0
X262,12,0.215496541,0
X262,107,-0.281554483,0
X262,113,-0.096802067,0
X262,127,0.053733596,0
X262,183,-0.00861482,0
X262,199,0.115404857,0
X262,214,-0.051085411,0
X262,216,0.000679649,0
X262,268,-0.045916523,0
X262,287,empty,0
X262,375,-0.186850443,0
X262,389,-0.011947375,0
X262,485,-0.227276795,0
X262,486,-0.182640195,0
X262,561,0.007934583,0
X262,687,-0.119411673,0
X262,689,-0.248098449,0
X262,817,0.283707388,0
X262,823,-0.303454107,0
X262,837,-0.068896705,0
X262,876,0.117286592,0
X262,877,-0.071211366,0
X262,959,-0.104345835,0
X262,971,0.10538895,0
X262,978,0.308459716,0
X262,1010,0.048880104,0
X262,1021,-0.02509568,0
X262,1061,-0.08751286,0
X262,1089,-0.129152879,0
X262,1100,0.062815068,0
X262,1108,0.126811,0
X262,1129,0.066313425,0
X262,1224,0.04323369,0
X262,1268,0.220228866,0
X262,1278,-0.043667173,0
X262,1285,0.380840454,0
X262,1302,0.22923421,0
X262,1374,0.125351383,0
X262,1375,-0.040493221,0
X262,1392,-0.134751633,0
X262,1450,0.004853277,0
X262,1512,0.046064887,0
X262,1592,-0.091544004,0
X262,1647,-0.097550476,0
X262,1717,0.243730576,0
X262,1746,0.429246563,0
X262,1812,0.015321472,0
X262,1844,-0.336107818,0
X262,1868,0.352115251,0
X262,1944,-0.244398432,0
X262,1952,-0.029612521,0
X262,1991,0.23639538,0
X262,1993,0.0361839,0
X262,1994,-0.227911187,0
X262,2008,-0.038353673,0
X262,2044,-0.241761994,0
X262,2234,0.139200751,0
X262,2290,-0.157304671,0
X262,2332,0.174495708,0
X262,2430,-0.262079264,0
X262,2466,-0.070803457,0
X262,2481,-0.139732804,0
X262,2551,-0.040867848,0
X262,2666,-0.061639293,0
X262,2696,-0.216234816,0
X262,2763,-0.075583428,0
X262,2775,0.028582699,0
X262,2783,-0.127590317,0
X262,2879,0.095599341,0
X262,2915,0.017094406,0
X262,2939,0.079776534,0
X262,2953,-0.223860592,0
X262,2982,0.339639818,0
X262,3064,-0.195769752,0
X262,3079,-0.055754072,0
X262,3088,0.135762177,0
X262,3280,-0.038316721,0
X262,3328,-0.204035233,0
X262,3340,0.09290918,0
X262,3343,0.159648372,0
X262,3360,-0.05814124,0
X262,3396,0.053503012,0
X262,3433,-0.180747682,0
X262,3434,0.018581206,0
X262,3465,0.127825811,0
X262,3482,-0.138299167,0
X262,3571,-0.11206356,0
X262,3612,-0.312488225,0
X262,3677,-0.081316849,0
X262,3710,-0.048529397,0
X262,3723,-0.225523147,0
X262,3727,-0.00311251,0
X262,3781,-0.010123629,0
X262,3783,-0.074537385,0
X262,3805,0.050168771,0
X262,3849,0.203151414,0
X262,3867,-0.060897957,0
X262,3911,-0.182697044,0
X262,3928,0.029460521,0
X262,3966,-0.060783091,0
X262,4052,0.238607922,0
X262,4121,-0.115062787,0
X262,4127,0.296171411,0
X262,4159,-0.014995353,0
X263,12,1.474515551,1
X263,36,0.85546556,1
X263,107,0.782823168,1
X263,127,3.071093402,1
X263,192,0.827203251,1
X263,199,-0.001258855,1
X263,216,-0.177001202,1
X263,249,1.061168704,1
X263,268,0.541001048,1
X263,294,1.228120115,1
X263,449,2.655652005,1
X263,536,1.165784889,1
X263,561,1.740436478,1
X263,613,0.627312386,1
X263,631,1.730939621,1
X263,669,1.403191527,1
X263,807,0.21209386,0
X263,823,0.817039851,1
X263,851,0.140676212,0
X263,878,1.854202859,1
X263,907,1.300153094,1
X263,914,1.075719013,1
X263,954,1.993521004,1
X263,992,2.307805715,1
X263,1037,0.060568954,1
X263,1046,1.862262587,1
X263,1088,1.315993001,1
X263,1100,0.534657372,1
X263,1138,1.035262199,1
X263,1154,-0.26931347,1
X263,1187,1.017787928,1
X263,1278,1.144934753,1
X263,1312,1.063826497,1
X263,1400,1.061738945,1
X263,1441,-0.621363254,1
X263,1450,1.718734555,1
X263,1467,-0.253028305,0
X263,1495,0.252461693,1
X263,1565,0.900603649,1
X263,1581,1.118824575,1
X263,1592,1.069417582,1
X263,1598,0.665698028,1
X263,1612,2.236786912,1
X263,1671,1.581770736,1
X263,1680,2.09225342,1
X263,1700,1.311763759,1
X263,1725,1.5953883,1
X263,1746,0.36134932,1
X263,1775,0.781090215,1
X263,1810,2.016788687,1
X263,1866,0.145066816,1
X263,1868,1.232607936,1
X263,1943,0.709858237,1
X263,1991,-0.780444055,0
X263,1992,1.656274396,1
X263,2008,1.007992773,1
X263,2028,1.021102282,1
X263,2082,2.135165337,1
X263,2198,1.878125696,1
X263,2290,0.168882817,1
X263,2561,0.004234205,1
X263,2613,1.844591686,1
X263,2614,1.639137476,1
X263,2673,0.918078755,1
X263,2677,-0.551263551,1
X263,2696,2.982429356,1
X263,2706,1.319164182,1
X263,2719,0.987856971,1
X263,2771,1.615220617,1
X263,2784,0.276054407,1
X263,2816,1.320973792,1
X263,2817,0.607871229,1
X263,2879,0.837140178,1
X263,2893,-0.089135921,1
X263,2939,0.626442215,1
X263,2953,0.814442039,1
X263,2969,0.402164221,1
X263,3017,0.570278379,1
X263,3027,1.45842111,1
X263,3041,-0.658349057,1
X263,3073,-0.061180783,1
X263,3094,1.530164656,1
X263,3103,0.420014023,1
X263,3179,0.169748028,1
X263,3241,1.794692222,1
X263,3252,0.161447371,1
X263,3343,1.622386199,1
X263,3511,2.28016971,1
X263,3544,empty,1
X263,3571,0.627183842,1
X263,3638,1.243718765,1
X263,3677,0.472569662,1
X263,3705,0.245874352,1
X263,3746,1.633108245,1
X263,3772,1.897097894,1
X263,3795,1.00412472,1
X263,3849,-0.757477071,1
X263,3911,1.944806404,1
X263,3954,-0.124561237,1
X263,3964,0.872341489,1
X263,3966,1.044557705,1
X263,4001,0.061871562,1
X263,4002,1.405905778,1
X263,4029,1.078601189,1
X263,4041,1.336131491,1
X263,4126,2.937062451,1
X263,4132,2.218775223,1
X263,4204,1.35159718,1
X264,162,0.193555512,0
X264,183,-0.002106913,0
X264,192,1.768075435,0
X264,256,-0.521790749,0
X264,268,-0.730840367,0
X264,308,0.872662755,1
X264,375,0.07493396,0
X264,419,-0.149435819,0
X264,530,1.268055897,1
X264,549,0.073766608,0
X264,613,0.813226662,0
X264,616,-0.568829362,0
X264,631,0.942352859,0
X264,687,1.509756453,0
X264,690,-0.144267593,0
X264,769,-0.918255759,0
X264,851,0.274357955,0
X264,878,-0.93784594,0
X264,1037,0.92917403,0
X264,1046,0.01554481,0
X264,1100,-0.287489053,0
X264,1151,0.634677534,0
X264,1228,-0.532803897,0
X264,1278,-0.898070302,0
X264,1392,-0.222690235,0
X264,1436,-0.639361466,0
X264,1450,0.62559881,0
X264,1485,1.561715697,0
X264,1524,-1.33630593,0
X264,1598,-0.433578162,0
X264,1647,-0.602622962,0
X264,1680,-0.839550938,0
X264,1700,-1.082784824,0
X264,1725,-0.174621182,0
X264,1733,-0.7804396,0
X264,1810,-0.303022413,0
X264,1812,-0.807020832,0
X264,1844,-0.742520545,0
X264,1886,-0.574950109,0
X264,1945,0.044518909,0
X264,1993,-1.661402234,0
X264,2027,0.031668169,0
X264,2108,-0.197924802,0
X264,2135,-0.412536718,0
X264,2160,0.981031717,0
X264,2242,-0.439796509,0
X264,2368,-1.149782399,0
X264,2402,0.756034239,1
X264,2430,-0.106027016,0
X264,2434,-0.103948951,0
X264,2445,0.34161801,0
X264,2483,1.384967215,0
X264,2576,0.479649808,0
X264,2613,0.29456179,0
X264,2638,0.383836719,0
X264,2673,1.659840016,0
X264,2783,-0.485222297,0
X264,2784,-0.486178282,0
X264,2818,0.285879532,0
X264,2832,-0.049966267,0
X264,2848,-0.628306773,0
X264,2849,0.448351562,0
X264,2884,0.194721866,0
X264,2893,-0.290416249,0
X264,2953,0.652645782,0
X264,2966,1.265595992,0
X264,2982,0.847642422,0
X264,3103,0.197641383,0
X264,3279,-1.363777813,0
X264,3345,1.744014483,0
X264,3349,-0.731973377,0
X264,3436,-0.000369836,0
X264,3476,0.446880378,0
X264,3540,-0.003008285,1
X264,3546,0.548652233,0
X264,3547,0.06855727,0
X264,3557,0.981190578,0
X264,3612,0.403728434,0
X264,3670,0.294546862,0
X264,3727,-2.478649999,0
X264,3746,0.719732275,0
X264,3795,-0.525568133,0
X264,3805,-0.427857383,0
X264,3824,-0.514443788,0
X264,3964,1.408140667,0
X264,3973,0.313800337,0
X264,4041,-0.124640183,0
X264,4087,-0.431272453,0
X264,4126,0.093431719,0
X264,4185,-0.966405298,0
X264,4197,-0.213693436,0
X264,4201,0.788477638,0
X265,11,-2.635155194,1
X265,36,2.402100005,1
X265,58,0.159772909,1
X265,73,-0.273324553,1
X265,120,0.934013151,1
X265,156,0.75408815,1
X265,191,0.618715987,1
X265,199,0.273301902,1
X265,211,1.130762499,1
X265,308,3.662401609,1
X265,360,1.028197919,1
X265,375,-0.335777821,1
X265,410,0.318621177,1
X265,449,-0.198670994,1
X265,483,1.556962236,1
X265,511,-0.103869571,1
X265,536,0.42868331,0
X265,573,0.444023942,1
X265,575,-0.842355106,1
X265,630,0.984220644,1
X265,780,1.885295443,1
X265,837,0.341853132,1
X265,876,-0.363030637,1
X265,877,1.916115918,1
X265,914,-0.590147954,1
X265,949,2.813076623,1
X265,986,-0.333935193,1
X265,1096,3.258239356,1
X265,1108,0.040026058,1
X265,1129,0.147414603,1
X265,1141,1.138588826,1
X265,1278,1.419180626,1
X265,1284,-0.173989751,1
X265,1291,1.250403174,1
X265,1359,0.902348745,1
X265,1374,1.839637805,1
X265,1389,-1.44817913,0
X265,1436,1.794432413,1
X265,1524,0.656436509,1
X265,1565,0.314150336,1
X265,1581,-0.511473071,1
X265,1598,2.808214026,1
X265,1655,0.94766202,1
X265,1680,1.454257031,1
X265,1691,0.735726975,1
X265,1708,1.533068157,1
X265,1709,-1.299643048,1
X265,1711,empty,1
X265,1725,-1.047600024,1
X265,1729,-0.267949149,1
X265,1775,0.699658546,1
X265,1810,0.079670138,1
X265,1844,0.666937322,1
X265,1886,2.813031239,1
X265,1997,-0.510303496,1
X265,2036,1.115672693,1
X265,2055,1.189014893,1
X265,2082,-0.222656665,1
X265,2290,-0.147291524,1
X265,2445,0.552857317,1
X265,2452,0.942929729,1
X265,2481,1.362772325,1
X265,2536,0.753574145,1
X265,2551,1.294763461,1
X265,2613,-0.745795092,1
X265,2691,1.7817666,1
X265,2815,1.251757533,1
X265,2817,1.271419178,1
X265,2849,-0.613920856,1
X265,2850,1.972015474,1
X265,2879,-0.438411921,1
X265,2884,2.716901678,1
X265,2952,-1.369608393,0
X265,2953,2.605781467,1
X265,3094,1.705742835,1
X265,3121,0.50849397,1
X265,3162,1.419046918,1
X265,3190,0.251649632,1
X265,3220,1.401858025,1
X265,3231,-0.125938791,1
X265,3252,-0.160408322,1
X265,3279,-0.887123508,1
X265,3280,2.000123628,1
X265,3328,1.698008714,1
X265,3433,1.900527145,1
X265,3434,0.999972148,1
X265,3436,0.423575841,1
X265,3512,-1.135977082,1
X265,3547,0.927564608,1
X265,3723,1.566640147,1
X265,3746,3.509122015,1
X265,3792,-1.077840826,0
X265,3805,1.84000706,1
X265,3819,2.74417362,1
X265,3844,1.622639576,1
X265,4053,3.112293269,1
X265,4087,1.598076806,1
X265,4110,1.529153497,1
X265,4119,1.699870844,1
X265,4121,1.769072235,1
X265,4148,0.415043602,0
X265,4185,3.111621216,1
X266,11,-0.165415351,0
X266,36,-0.242799819,0
X266,120,0.016946042,0
X266,127,0.229444077,0
X266,191,0.05071484,0
X266,207,0.083623808,0
X266,268,0.008957406,0
X266,284,-0.34977968,0
X266,386,-0.142269975,0
X266,410,0.05273267,0
X266,503,-0.040417115,0
X266,536,-0.074664237,0
X266,553,0.166070365,0
X266,573,0.224368015,0
X266,617,-0.210235469,0
X266,624,-0.119306736,0
X266,663,0.147776049,0
X266,669,0.004891294,0
X266,712,0.004603489,0
X266,817,0.025285703,0
X266,877,0.09523921,0
X266,893,0.033020148,0
X266,912,0.000880934,0
X266,914,-0.090400155,0
X266,949,0.064766713,0
X266,953,-0.218968041,0
X266,958,0.084308397,0
X266,971,0.115559193,0
X266,1087,0.134107354,0
X266,1089,0.084183208,0
X266,1094,0.150184638,0
X266,1096,0.108391626,0
X266,1103,0.204378636,0
X266,1108,-0.241268322,0
X266,1248,-0.199357649,0
X266,1249,0.204258367,0
X266,1374,-0.176864766,0
X266,1426,0.350236053,0
X266,1495,0.142836529,0
X266,1512,-0.030902814,0
X266,1517,-0.186280986,0
X266,1592,0.188452343,0
X266,1654,-0.112047443,0
X266,1690,0.025681045,0
X266,1691,0.073313289,0
X266,1693,0.193221,0
X266,1775,-0.145069688,0
X266,1814,0.383710103,0
X266,1840,-0.212678222,0
X266,1866,0.231375159,0
X266,1886,0.10108966,0
X266,1894,0.178803708,0
X266,1938,0.372568185,0
X266,1943,-0.004285499,0
X266,1945,-0.267898554,0
X266,1992,-0.127889583,0
X266,2008,-0.055018721,0
X266,2028,0.151230314,0
X266,2082,-0.068388453,0
X266,2188,-0.061917373,0
X266,2221,0.16669499,0
X266,2234,-0.052994278,0
X266,2241,0.351053216,0
X266,2402,-0.218779524,0
X266,2421,0.074793872,0
X266,2430,-0.054722122,0
X266,2467,-0.166875592,0
X266,2481,-0.084371461,0
X266,2496,-0.050692968,0
X266,2499,-0.052556459,0
X266,2666,0.072942565,0
X266,2693,0.020636747,0
X266,2783,0.351243504,0
X266,2816,-0.081667393,0
X266,2818,-0.13212075,0
X266,2843,-0.131793234,0
X266,2899,-0.004862236,0
X266,2952,-0.118639892,0
X266,2982,-0.014685199,0
X266,2990,0.042041606,0
X266,3041,0.163618528,0
X266,3073,-0.041150339,0
X266,3121,-0.066785942,0
X266,3190,-0.002448395,0
X266,3280,-0.031747146,0
X266,3292,0.039949148,0
X266,3328,0.10522447,0
X266,3345,0.01632978,0
X266,3390,0.069702475,0
X266,3460,-0.226166377,0
X266,3512,0.043045411,0
X266,3551,-0.011546756,0
X266,3552,-0.034645818,0
X266,3630,-0.059603393,0
X266,3631,0.221635925,0
X266,3677,-0.204624816,0
X266,3723,-0.020128736,0
X266,3781,-0.334040342,0
X266,3867,-0.128654516,0
X266,3940,-0.052323336,0
X266,3964,-0.091116069,0
X266,3966,0.177293958,0
X266,4001,-0.127699758,0
X266,4041,0.339522271,0
X266,4052,0.118883145,0
X266,4110,-0.029191122,0
X266,4164,0.009076431,0
X266,4168,-0.117040763,0
X266,4200,0.215168115,0
X267,12,0.204091218,0
X267,58,-0.118226392,0
X267,107,0.648257605,0
X267,156,-0.198199438,0
X267,191,0.683531347,1
X267,284,0.386441205,0
X267,343,-0.407216034,0
X267,393,-0.296717217,0
X267,410,-0.438202481,0
X267,449,-0.259838987,0
X267,473,-0.220401463,0
X267,525,0.220788313,0
X267,624,0.53861794,0
X267,657,0.288646478,0
X267,690,0.383277975,0
X267,836,-0.088776279,0
X267,837,0.578166831,0
X267,855,-0.060194477,0
X267,877,0.606760055,0
X267,893,-0.12408711,0
X267,897,empty,0
X267,907,0.462338328,0
X267,912,empty,0
X267,943,-0.037686808,0
X267,953,-0.05476637,0
X267,986,0.216913342,0
X267,989,-0.668310697,0
X267,1010,-0.022250961,0
X267,1087,0.437384518,0
X267,1103,-0.472827982,0
X267,1151,0.637462061,0
X267,1183,-0.305892913,0
X267,1248,-0.020458494,0
X267,1291,-0.001687263,0
X267,1419,0.273147908,0
X267,1492,-0.07295314,0
X267,1495,0.157436507,0
X267,1581,0.020456163,0
X267,1586,-1.091153879,0
X267,1600,-0.539013828,0
X267,1655,-0.207928577,0
X267,1671,0.473111078,0
X267,1709,0.589382667,0
X267,1717,-0.260619774,0
X267,1729,0.197144972,0
X267,1834,0.019641768,0
X267,1840,-0.600667557,0
X267,1844,empty,0
X267,1868,0.093146369,0
X267,1991,0.105974614,0
X267,1997,0.363177697,0
X267,2028,-0.15459785,0
X267,2055,-0.350733011,0
X267,2076,-0.298210332,0
X267,2198,0.414185356,0
X267,2234,0.239651645,0
X267,2242,0.32970491,0
X267,2290,-0.494799068,0
X267,2305,-0.033120056,0
X267,2375,empty,0
X267,2434,-0.343624634,0
X267,2445,-0.046172347,0
X267,2452,-0.372449292,0
X267,2534,0.39354709,0
X267,2551,0.358671756,0
X267,2613,0.185992025,0
X267,2624,-0.038496993,0
X267,2706,-0.551176705,0
X267,2719,0.742904729,0
X267,2771,-0.257919351,0
X267,2775,-0.074754074,0
X267,2784,0.985059546,0
X267,2816,-0.014966192,0
X267,2849,0.425545566,0
X267,2876,-0.064330319,0
X267,2879,0.101600537,0
X267,2887,0.511330883,0
X267,2888,0.35307545,0
X267,2953,-0.394268989,0
X267,3017,-0.45407649,0
X267,3041,0.376553663,0
X267,3088,-0.420586116,0
X267,3099,0.263105202,0
X267,3220,-0.021559533,0
X267,3235,0.110252871,0
X267,3241,-0.253332112,0
X267,3280,0.153326342,0
X267,3328,-0.19949577,0
X267,3349,0.331916935,0
X267,3396,0.306121668,0
X267,3551,-0.211069999,0
X267,3792,0.106424717,0
X267,3844,0.19424323,0
X267,3917,-0.155749672,0
X267,3928,0.122233319,0
X267,4017,0.403096662,0
X267,4021,-0.149708729,0
X267,4087,0.106040353,0
X267,4121,0.572166322,0
X267,4132,-0.147231087,0
X267,4200,0.139546072,0
X268,2008,empty,0
X268,2849,empty,0
X269,12,-0.037306273,0
X269,36,0.006503687,0
X269,107,0.116505791,0
X269,162,-0.020971966,0
X269,191,0.102118774,0
X269,207,0.133070227,0
X269,256,-0.047382087,0
X269,274,-0.03283376,0
X269,284,0.01127923,0
X269,389,0.126572401,0
X269,401,-0.207177429,0
X269,410,-0.003127677,0
X269,449,-0.0024227,0
X269,553,0.058577564,0
X269,634,-0.093205057,0
X269,687,0.095147561,0
X269,689,0.02404339,0
X269,855,0.038074368,0
X269,865,-0.071748111,0
X269,877,-0.056926976,0
X269,907,0.034252061,0
X269,912,0.170839539,0
X269,914,-0.049318329,0
X269,943,0.084830086,0
X269,971,-0.005947303,0
X269,1064,-0.077181279,0
X269,1094,-0.041794299,0
X269,1157,-0.035282496,0
X269,1183,-0.118366324,0
X269,1239,0.104956772,0
X269,1249,0.044244201,0
X269,1268,-0.029010316,0
X269,1300,0.025973794,0
X269,1332,0.103485871,0
X269,1419,0.046118192,0
X269,1441,0.008988442,0
X269,1450,-0.194960696,0
X269,1472,-0.027967492,0
X269,1485,0.021954035,0
X269,1568,-0.127025001,0
X269,1580,0.017240781,0
X269,1592,-0.027122798,0
X269,1612,0.012983825,0
X269,1635,-0.154472885,0
X269,1655,0.041080813,0
X269,1691,-0.122383551,0
X269,1729,0.176675761,0
X269,1814,-0.030739724,0
X269,1826,0.10691305,0
X269,1879,-0.098385949,0
X269,1886,0.010893423,0
X269,1990,-0.007888378,0
X269,2008,0.040748289,0
X269,2116,-0.065783855,0
X269,2198,-0.078777788,0
X269,2221,-0.016640281,0
X269,2234,0.066636567,0
X269,2241,-0.173281643,0
X269,2245,0.048986639,0
X269,2277,-0.053591683,0
X269,2309,-0.041114289,0
X269,2368,-0.011315237,0
X269,2483,0.053784767,0
X269,2536,0.082250122,0
X269,2551,0.130403394,0
X269,2562,empty,0
X269,2636,-0.043232925,0
X269,2648,0.084134324,0
X269,2679,0.080361964,0
X269,2771,0.0285056,0
X269,2784,-0.027852817,0
X269,2815,-0.066348922,0
X269,2817,0.107805276,0
X269,2843,0.061375827,0
X269,2850,-0.147196657,0
X269,2887,-0.052594062,0
X269,2915,-0.248259802,0
X269,3088,-0.024892421,0
X269,3226,-0.043396793,0
X269,3249,0.00601713,0
X269,3250,-0.087642291,0
X269,3279,-0.050604255,0
X269,3340,-0.011975037,0
X269,3385,-0.083645934,0
X269,3460,0.014597903,0
X269,3482,-0.026117161,0
X269,3512,-0.029613512,0
X269,3557,-0.093987076,0
X269,3677,-0.033112312,0
X269,3691,0.007304699,0
X269,3705,-0.069344193,0
X269,3964,0.023350893,0
X269,4003,-0.068384398,0
X269,4017,0.00721031,0
X269,4039,-0.062243261,0
X269,4041,-0.052469262,0
X269,4113,-0.027736847,0
X269,4119,0.040743863,0
X269,4127,0.16071186,0
X269,4156,0.072774839,0
X269,4164,-0.153660648,0
X269,4197,0.005470155,0
X270,43,0.004314413,0
X270,156,-0.062162327,0
X270,162,-0.037321396,0
X270,199,0.00663693,0
X270,214,-0.133705502,0
X270,360,-0.032459528,0
X270,375,0.019702504,0
X270,393,-0.051312323,0
X270,413,-0.013361627,0
X270,449,-0.01725448,0
X270,486,0.006523151,0
X270,543,-0.043733423,0
X270,567,-0.059230508,0
X270,690,0.059691911,0
X270,865,-0.050907282,0
X270,875,-0.042029103,0
X270,888,-0.070775864,0
X270,943,0.079757366,0
X270,949,0.010415236,0
X270,959,-0.005730605,0
X270,1021,0.027015595,0
X270,1089,0.084214673,0
X270,1103,-0.010687906,0
X270,1106,0.086276821,0
X270,1108,0.051241252,0
X270,1183,-0.058547821,0
X270,1248,-0.024569378,0
X270,1332,-0.063499524,0
X270,1359,-0.158823747,0
X270,1436,0.03475394,0
X270,1447,-0.026893807,0
X270,1565,-0.078122062,0
X270,1586,-0.092296939,0
X270,1598,0.099114496,0
X270,1615,-0.063311793,0
X270,1680,0.028267074,0
X270,1700,-0.029585129,0
X270,1711,-0.054847484,0
X270,1834,0.036345094,0
X270,1866,0.054700068,0
X270,1881,0.024617444,0
X270,1886,0.061530174,0
X270,1900,-0.060917856,0
X270,1973,-0.056148137,0
X270,1992,0.103001356,0
X270,2008,0.02503178,0
X270,2013,0.099723516,0
X270,2028,-0.006400147,0
X270,2036,0.068484915,0
X270,2055,-0.105939816,0
X270,2110,-0.053836871,0
X270,2116,-0.010290252,0
X270,2127,-0.023331824,0
X270,2135,0.024447663,0
X270,2234,-0.043864508,0
X270,2242,-0.073811956,0
X270,2358,0.02037824,0
X270,2375,-0.031080351,0
X270,2434,-0.068545166,0
X270,2483,-0.0416877,0
X270,2536,-0.117841084,0
X270,2622,-0.017966655,0
X270,2636,-0.001409702,0
X270,2638,-0.013705656,0
X270,2673,0.006272981,0
X270,2691,-0.029963322,0
X270,2706,0.030919845,0
X270,2719,-0.002255002,0
X270,2771,0.043282525,0
X270,2849,0.048922365,0
X270,2876,-0.009373048,0
X270,2887,0.023467805,0
X270,2952,0.089087991,0
X270,2966,0.018416334,0
X270,2969,-0.097317131,0
X270,2990,0.036816824,0
X270,3064,-0.010992466,0
X270,3088,0.030337894,0
X270,3099,0.046135295,0
X270,3103,0.15082379,0
X270,3202,-0.062695548,0
X270,3226,-0.083021095,0
X270,3249,-0.011147986,0
X270,3279,0.139372834,0
X270,3340,0.008942628,0
X270,3385,-0.110458338,0
X270,3433,0.036822268,0
X270,3434,0.06898478,0
X270,3436,-0.008367636,0
X270,3460,-0.0986186,0
X270,3476,-0.009561657,0
X270,3630,0.026587262,0
X270,3642,-0.052274786,0
X270,3677,-0.067158292,0
X270,3780,-0.015197404,0
X270,3824,-0.051029134,0
X270,3881,0.001600015,0
X270,3905,-0.060746326,0
X270,3940,7.71e-06,0
X270,3964,-0.030179011,0
X270,4110,0.037706833,0
X270,4119,-0.047708716,0
X271,113,0.16941882,0
X271,191,-0.263617106,0
X271,211,-0.165051876,0
X271,274,-0.106928764,0
X271,283,-0.135997404,0
X271,343,0.073694838,0
X271,360,0.152289886,0
X271,393,0.119735984,0
X271,449,0.139284878,0
X271,473,0.093306871,0
X271,499,0.026968153,0
X271,511,-0.202345734,0
X271,530,-0.296168982,0
X271,536,0.154385534,0
X271,561,-0.090080568,0
X271,567,0.116809227,0
X271,622,0.118171262,0
X271,634,0.020878544,0
X271,649,-0.135751251,0
X271,687,-0.225744802,0
X271,689,0.123675655,0
X271,817,-0.218062434,0
X271,851,-0.223096954,0
X271,943,-0.204799121,0
X271,1061,-0.12076771,0
X271,1064,-0.00815482,0
X271,1087,0.051469434,0
X271,1154,-0.079875443,0
X271,1284,-0.11212481,0
X271,1285,-0.200748085,0
X271,1300,-0.142405214,0
X271,1323,-0.015557663,0
X271,1392,0.101422286,0
X271,1426,-0.145571537,0
X271,1467,-0.35536711,0
X271,1495,-0.288516217,0
X271,1512,-0.495900377,0
X271,1565,0.070807331,0
X271,1612,-0.421136645,0
X271,1700,-0.012624387,0
X271,1725,-0.014826618,0
X271,1733,0.104118094,0
X271,1824,0.108834895,0
X271,1844,0.241096322,0
X271,1852,0.248639006,0
X271,1937,-0.399028128,0
X271,1952,-0.145872692,0
X271,1991,-0.340797259,0
X271,2028,-0.185058157,0
X271,2036,-0.012769197,0
X271,2127,0.186051392,0
X271,2135,0.064588784,0
X271,2234,0.431877926,0
X271,2358,0.143571829,0
X271,2430,0.339871519,0
X271,2562,-0.1017938,0
X271,2636,0.202974086,0
X271,2677,0.003343399,0
X271,2706,0.159055935,0
X271,2708,0.203926864,0
X271,2771,0.051437007,0
X271,2818,0.090875078,0
X271,2893,0.19142179,0
X271,2952,-0.206344902,0
X271,2969,0.0293469,0
X271,2972,0.205877907,0
X271,3017,-0.085132858,0
X271,3079,-0.079413528,0
X271,3088,0.26440139,0
X271,3099,-0.034814098,0
X271,3147,0.058093255,0
X271,3233,0.097997363,0
X271,3249,-0.029807156,0
X271,3250,0.227375556,0
X271,3252,-0.195147839,0
X271,3360,-0.248586055,0
X271,3465,0.09214244,0
X271,3496,0.164393699,0
X271,3529,0.403818498,0
X271,3539,-0.082670555,0
X271,3540,0.070284765,0
X271,3544,0.148422251,0
X271,3547,0.159641665,0
X271,3612,0.239193577,0
X271,3710,-0.272643557,0
X271,3727,-0.150075814,0
X271,3781,0.126262578,0
X271,3783,-0.037635573,0
X271,3792,0.229651838,0
X271,3819,0.182683916,0
X271,3867,-0.018723268,0
X271,3905,-0.2206096,0
X271,3940,-0.049400032,0
X271,3973,0.066196058,0
X271,4017,0.060576499,0
X271,4021,0.21644397,0
X271,4039,0.090141519,0
X271,4127,0.246571445,0
X271,4156,0.142514913,0
X271,4168,-0.011658981,0
X271,4184,0.194287579,0
X272,12,0.871666459,0
X272,36,0.229432428,0
X272,113,-1.126443432,0
X272,127,0.158424638,0
X272,192,0.999497169,0
X272,199,-1.115681734,0
X272,268,0.105008798,0
X272,274,-0.150335996,0
X272,401,0.842436548,1
X272,413,3.215458777,0
X272,449,1.432468335,0
X272,473,-0.875201162,0
X272,483,-0.705500292,0
X272,499,-0.688610001,0
X272,560,-0.654031526,0
X272,616,-0.833782557,0
X272,631,-0.608967178,0
X272,657,0.601230352,0
X272,663,0.501481321,0
X272,689,0.67170518,0
X272,782,0.437085272,0
X272,855,0.81675936,0
X272,907,-0.149092753,0
X272,943,0.080918299,0
X272,949,0.945239218,0
X272,959,-1.123312989,0
X272,971,0.986094336,0
X272,989,0.302699105,0
X272,996,0.03475257,0
X272,1046,0.843552197,0
X272,1183,-0.183313448,0
X272,1187,-0.390534963,0
X272,1285,-0.051932076,0
X272,1295,-0.091195061,0
X272,1375,0.380989094,0
X272,1419,0.042317175,0
X272,1447,0.295086396,0
X272,1472,-0.533277513,0
X272,1495,0.511230086,0
X272,1512,-0.432744723,0
X272,1525,-0.880673159,0
X272,1568,-0.363710816,0
X272,1600,-0.98137677,0
X272,1680,0.855552868,0
X272,1829,0.022095276,0
X272,1866,-1.045539314,0
X272,1891,1.867720471,1
X272,1894,-0.032061419,0
X272,1945,-0.790602062,0
X272,1973,-0.443818093,0
X272,2027,0.255552616,0
X272,2234,0.103523207,1
X272,2276,0.277183761,0
X272,2290,0.411942493,0
X272,2375,0.475333291,0
X272,2402,-0.506525633,0
X272,2496,1.234419936,0
X272,2534,0.211005074,0
X272,2536,0.048381312,0
X272,2666,0.14055768,0
X272,2679,-1.900275753,0
X272,2815,-0.508591284,0
X272,2817,0.005668923,0
X272,2843,1.301326198,0
X272,2849,0.024008902,0
X272,2850,0.374203995,0
X272,2870,1.184725056,0
X272,2876,0.712816693,0
X272,2952,0.704447535,0
X272,2972,-0.64687831,0
X272,3094,-1.06111389,0
X272,3103,0.299175302,0
X272,3121,0.258678384,0
X272,3202,-0.416686936,0
X272,3235,-0.463982597,0
X272,3249,-0.266609038,0
X272,3292,-0.006322875,0
X272,3328,-0.371032755,0
X272,3343,-0.626386911,0
X272,3349,-0.080323575,0
X272,3385,-1.72386114,0
X272,3544,-0.722299012,0
X272,3632,-0.173360193,0
X272,3638,1.455661496,0
X272,3662,-0.20802485,0
X272,3747,-0.477896177,0
X272,3877,-0.30826489,0
X272,3895,-0.945877974,0
X272,4005,0.375359054,1
X272,4029,0.536906173,0
X272,4052,-0.555501124,0
X272,4119,0.404028374,0
X272,4121,0.210850955,0
X272,4159,0.642813089,0
X272,4197,0.24437922,0
X273,12,1.929273293,1
X273,120,-1.274072643,0
X273,127,1.246968419,1
X273,183,-0.500202372,1
X273,192,1.086175586,1
X273,207,3.427485632,1
X273,216,1.632999491,1
X273,274,0.941424546,0
X273,308,2.422946788,0
X273,389,3.295613748,0
X273,413,-1.173648682,1
X273,449,-2.346423179,0
X273,486,1.501114229,1
X273,511,-0.373925559,0
X273,553,-0.088080992,1
X273,575,0.528543566,0
X273,616,1.308641542,1
X273,689,0.624507568,0
X273,769,-2.871617081,0
X273,837,2.686765202,1
X273,851,4.352484819,1
X273,954,1.418408529,0
X273,992,0.714378187,1
X273,1008,1.626555293,1
X273,1010,3.62097278,1
X273,1096,1.125858383,1
X273,1154,-0.135012299,1
X273,1291,0.972083079,1
X273,1323,2.196636138,1
X273,1374,1.800074026,1
X273,1450,-0.924639937,1
X273,1483,0.641444798,1
X273,1517,-2.083614099,0
X273,1680,0.970545494,1
X273,1691,4.62458167,1
X273,1733,0.589378799,0
X273,1746,2.571648674,1
X273,1826,2.0268217,1
X273,1834,-0.224169943,1
X273,1879,2.021423557,1
X273,1881,0.432737492,0
X273,1898,-1.64102567,1
X273,1973,0.579545633,1
X273,1997,-1.29567739,1
X273,2127,0.788018434,0
X273,2221,-1.732433576,1
X273,2276,1.925842667,1
X273,2333,-0.786707953,1
X273,2375,-1.68887534,1
X273,2407,-1.692372865,1
X273,2434,-0.354577603,1
X273,2445,2.94788897,1
X273,2452,1.459527867,1
X273,2483,0.455011139,1
X273,2499,0.713921265,1
X273,2562,2.458166985,1
X273,2614,3.336440353,1
X273,2648,-0.714095797,0
X273,2673,1.861564576,1
X273,2816,-0.918007464,1
X273,2832,-0.868639493,1
X273,2843,-1.976371427,1
X273,2879,-1.39191527,0
X273,2915,-3.601256089,0
X273,2939,3.226726459,0
X273,2982,-0.975126313,1
X273,3088,2.669446479,1
X273,3121,1.073023344,1
X273,3147,-1.881364748,1
X273,3190,-0.100589611,0
X273,3201,0.186299906,1
X273,3231,-0.206811244,0
X273,3249,2.364241577,1
X273,3345,1.262074599,1
X273,3390,-1.921752611,0
X273,3436,-0.551931069,1
X273,3440,6.045168892,1
X273,3460,2.692665604,1
X273,3552,-1.583320563,1
X273,3557,-1.855279595,1
X273,3571,-0.956782754,1
X273,3572,-0.076825272,1
X273,3632,2.598220428,1
X273,3635,0.808391297,0
X273,3705,1.061976864,0
X273,3746,2.565897359,1
X273,3781,3.440940503,1
X273,3792,1.970836745,0
X273,3877,0.704396215,0
X273,3881,0.69280595,0
X273,4110,1.886318567,1
X273,4127,-0.69817745,1
X273,4164,-0.613198793,0
X273,4184,2.013997436,1
X273,4185,1.336479428,1
X273,4204,2.066542494,1
X274,156,-0.037565474,0
X274,170,empty,0
X274,249,-0.043372057,0
X274,274,-0.294047613,0
X274,386,0.173378132,0
X274,499,-0.295214908,0
X274,573,-0.102605513,0
X274,613,0.121288706,0
X274,689,-0.403097393,0
X274,712,-0.340331091,0
X274,769,0.393503775,0
X274,780,-0.111522672,0
X274,836,-0.010658349,0
X274,851,-0.736908686,0
X274,865,0.360230187,0
X274,888,-0.001810925,0
X274,897,-0.590913592,0
X274,978,0.224355329,0
X274,992,0.06429144,0
X274,1108,0.435453699,0
X274,1129,-0.176292657,0
X274,1138,-0.461614154,0
X274,1228,-0.179548824,0
X274,1248,0.596737267,0
X274,1268,-0.266750847,0
X274,1284,0.031123908,0
X274,1285,0.443150157,0
X274,1300,0.292992063,0
X274,1374,0.215045997,0
X274,1400,-0.180886174,0
X274,1598,-0.983438594,0
X274,1635,-0.32348034,0
X274,1654,0.033257668,0
X274,1680,0.614321521,0
X274,1690,-0.281978872,0
X274,1691,-0.173340234,0
X274,1708,-0.89226158,0
X274,1746,0.351904551,0
X274,1775,0.419495292,0
X274,1844,-0.507264642,0
X274,1852,-0.873671151,0
X274,1868,0.438319726,0
X274,1898,-0.16446396,0
X274,1938,-0.921682886,0
X274,1992,0.836920501,0
X274,2082,0.735456801,0
X274,2110,-0.026657912,0
X274,2116,0.645955819,0
X274,2241,0.710858584,0
X274,2242,-0.098461132,0
X274,2245,-0.15284669,0
X274,2358,0.391736712,0
X274,2421,0.575637235,0
X274,2445,-0.124799079,0
X274,2494,0.309039259,0
X274,2562,-0.572051496,0
X274,2613,0.617306346,0
X274,2624,-0.793730607,0
X274,2638,-0.830058539,0
X274,2783,-0.493389229,0
X274,2784,-0.142737369,0
X274,2850,-0.073357225,0
X274,2915,-0.404680751,0
X274,2968,0.41584856,0
X274,2992,-0.587295225,0
X274,3017,-0.088089792,0
X274,3064,0.389443821,0
X274,3069,0.459310747,1
X274,3073,0.610872605,0
X274,3088,-0.262234104,0
X274,3094,0.262092653,0
X274,3147,0.049901435,0
X274,3220,0.304504558,0
X274,3345,0.374272807,0
X274,3360,0.148983594,0
X274,3396,0.334650006,0
X274,3440,-0.530852619,0
X274,3465,0.045339404,0
X274,3496,0.238273774,0
X274,3540,0.711036454,0
X274,3557,-0.229179882,0
X274,3631,-1.168465293,0
X274,3638,0.018034097,0
X274,3723,0.143834749,0
X274,3795,-0.325096554,0
X274,3964,0.33635429,0
X274,3966,-0.589209662,0
X274,3968,-0.586626414,0
X274,4005,0.206339391,0
X274,4039,-0.168624356,0
X274,4041,0.008601381,0
X274,4110,0.507627401,0
X274,4126,-0.843017525,0
X274,4156,-0.178952357,0
X275,11,2.319854595,0
X275,191,2.209818642,1
X275,207,2.529182616,1
X275,294,0.960497441,1
X275,308,3.997434532,1
X275,525,2.356538261,1
X275,536,2.311547906,0
X275,543,-0.963444259,1
X275,560,1.782016889,1
X275,613,-0.164742988,1
X275,624,2.041092586,1
X275,758,1.547664227,0
X275,851,2.313138416,0
X275,865,-2.077995325,1
X275,877,1.527448668,1
X275,879,0.642883518,0
X275,897,0.81919896,1
X275,907,1.529321627,0
X275,949,-0.028388817,1
X275,953,0.012431913,1
X275,958,2.050008365,1
X275,959,1.875821335,1
X275,989,0.872584292,1
X275,1010,-0.580504584,1
X275,1064,-1.127727227,1
X275,1096,4.812569472,1
X275,1138,2.780130654,1
X275,1178,2.090897951,1
X275,1183,-0.443769406,1
X275,1285,-0.271437235,1
X275,1312,-1.110815552,0
X275,1329,0.547230466,1
X275,1389,2.562321772,1
X275,1421,-0.997649991,1
X275,1530,0.913298375,0
X275,1592,-0.449536847,0
X275,1635,-0.103735396,1
X275,1693,-2.308695264,1
X275,1709,-0.217102241,1
X275,1725,1.862937134,1
X275,1826,3.242114203,1
X275,1844,3.341474245,1
X275,1866,0.525677137,0
X275,1894,0.394721399,0
X275,1898,5.068743954,0
X275,1938,1.298353621,1
X275,1943,0.648921228,1
X275,1945,-0.885845166,0
X275,1973,0.616170755,1
X275,2036,0.286169413,1
X275,2104,-2.029086388,1
X275,2116,2.122915967,1
X275,2135,2.16198316,0
X275,2160,2.175958302,1
X275,2188,1.163301077,0
X275,2234,3.92973822,0
X275,2245,-0.758615926,1
X275,2309,-0.015887019,0
X275,2332,2.504264642,1
X275,2445,-0.473487177,0
X275,2673,0.237314158,1
X275,2696,-0.888492343,1
X275,2783,0.515845274,0
X275,2815,-1.265511389,1
X275,2816,-1.368983794,0
X275,2843,1.961996327,0
X275,2848,-0.288956857,1
X275,2876,4.542054661,1
X275,2879,2.432361252,1
X275,2915,2.447023355,1
X275,2966,-0.133743446,0
X275,2992,1.842883757,1
X275,3190,2.710998332,1
X275,3201,-0.234238819,0
X275,3241,-1.809373805,0
X275,3292,-3.397756279,0
X275,3345,1.856365949,1
X275,3433,0.868454046,1
X275,3434,2.267682857,1
X275,3436,-3.630085927,0
X275,3511,0.792176551,1
X275,3540,1.416291702,1
X275,3551,1.427735676,1
X275,3552,0.882788591,1
X275,3557,0.866399377,1
X275,3572,-0.257177659,1
X275,3630,3.830770314,1
X275,3632,-2.174459118,0
X275,3635,6.411379366,1
X275,3642,0.312035475,1
X275,3670,-2.055201165,0
X275,3677,2.736097091,1
X275,3696,3.76127439,0
X275,3710,-0.196978575,1
X275,3801,0.875187052,1
X275,3849,-0.944682563,0
X275,3877,1.373940646,1
X275,3895,0.007651021,1
X275,3911,0.232539163,1
X275,3917,-0.751359047,0
X275,3918,-0.751773958,1
X275,3964,2.076494798,1
X275,3966,1.253189742,0
X275,3973,1.847085306,1
X275,4002,-0.083397194,1
X275,4039,1.050737626,1
X275,4126,1.21850086,1
X275,4148,1.271189515,0
X275,4156,0.903814226,1
X275,4184,-1.824675358,1
X275,4204,-0.265740762,1
X276,207,0.132514426,0
X276,211,-0.181255829,0
X276,308,0.295083597,0
X276,393,empty,0
X276,413,0.095325771,0
X276,485,-0.613826759,0
X276,486,-0.266656503,0
X276,575,1.502880969,0
X276,613,-0.338418859,0
X276,622,0.134907672,0
X276,649,-0.19600171,0
X276,687,-0.335295528,0
X276,689,-0.048060164,0
X276,758,0.807364024,0
X276,837,0.270997743,0
X276,875,0.142422983,0
X276,914,0.352762001,0
X276,953,-0.430511902,0
X276,958,2.223109293,0
X276,959,0.161239299,0
X276,1010,-0.410350002,0
X276,1119,-1.256195719,0
X276,1284,-0.250828003,0
X276,1291,-0.070290094,0
X276,1329,0.522717984,0
X276,1374,0.138598195,0
X276,1400,0.326671138,0
X276,1483,0.467531921,0
X276,1495,-0.126454341,0
X276,1517,1.056844302,0
X276,1530,0.531500036,0
X276,1580,-0.240056532,0
X276,1615,-0.048668625,0
X276,1655,-0.593784174,0
X276,1690,0.660703612,0
X276,1693,-0.071218616,0
X276,1717,0.448958393,0
X276,1814,-0.380558866,0
X276,1879,0.043740118,0
X276,1891,0.405283723,1
X276,1894,-0.395306633,0
X276,1938,0.540693283,0
X276,1945,-1.60697924,0
X276,1973,0.080479088,0
X276,1993,-0.363233433,0
X276,2013,-0.245573977,0
X276,2028,1.246974917,0
X276,2110,-0.835128357,0
X276,2242,-0.295198926,0
X276,2333,0.71670873,0
X276,2402,0.371145392,0
X276,2407,0.722255337,0
X276,2434,0.408996584,0
X276,2452,-0.196352031,0
X276,2466,0.928158012,0
X276,2499,0.426563397,0
X276,2666,-0.155233431,0
X276,2696,0.67637307,0
X276,2708,-1.380755153,0
X276,2775,-0.124655526,0
X276,2848,0.356623067,0
X276,2887,0.714724209,0
X276,2939,-0.209544259,0
X276,2953,-0.527675886,0
X276,2968,0.995370499,0
X276,2992,0.909495728,0
X276,3094,1.148968796,0
X276,3190,0.225789719,0
X276,3201,-0.347654053,0
X276,3349,-0.072277738,0
X276,3385,1.478180024,0
X276,3495,0.355963969,0
X276,3511,0.046114757,0
X276,3631,-1.871715691,0
X276,3632,-0.783724739,0
X276,3635,0.030259559,0
X276,3756,1.183807545,0
X276,3780,1.750179745,0
X276,3781,-0.981853743,0
X276,3783,-0.296392034,0
X276,3795,0.060254794,0
X276,3824,0.437574119,0
X276,3911,0.766499734,0
X276,3973,0.73231943,0
X276,4004,-1.098211228,0
X276,4126,0.881250035,0
X276,4148,2.261853902,1
X276,4197,-1.612996081,0
X276,4200,1.5970583,0
X277,12,-0.15670314,0
X277,36,-0.076115584,0
X277,156,0.162942928,0
X277,256,0.05110385,0
X277,283,0.078065739,0
X277,401,0.054392148,0
X277,410,-0.0528076,0
X277,473,0.079274432,0
X277,485,-0.358558984,0
X277,499,-0.124351529,0
X277,624,-0.088769725,0
X277,630,-0.007787788,0
X277,689,0.000557374,0
X277,712,0.02486872,0
X277,769,-0.054735765,0
X277,782,-0.127195274,0
X277,823,-0.14235601,0
X277,879,-0.159740714,0
X277,888,0.040833603,0
X277,958,-0.096763346,0
X277,1021,0.01347652,0
X277,1089,-0.112020393,0
X277,1100,-0.194026301,0
X277,1108,-0.163499093,0
X277,1138,-0.080829341,0
X277,1141,0.201847337,0
X277,1157,0.327413464,0
X277,1183,0.27596891,0
X277,1239,0.021804317,0
X277,1248,0.003675861,0
X277,1284,0.03691039,0
X277,1312,0.001994058,0
X277,1374,-0.042197906,0
X277,1467,0.185708507,0
X277,1492,-0.001806621,0
X277,1495,0.16587537,0
X277,1517,-0.055354351,0
X277,1580,0.271073376,0
X277,1612,0.050411754,0
X277,1615,-0.051376836,0
X277,1635,0.228649661,0
X277,1654,-0.244780854,0
X277,1655,-0.120828358,0
X277,1690,-0.097155371,0
X277,1717,-0.149615714,0
X277,1812,-0.051700154,0
X277,1814,0.081799297,0
X277,1834,0.126051412,0
X277,1852,-0.096202901,0
X277,1868,-0.168853042,0
X277,1900,-0.077998868,0
X277,1938,0.114135871,0
X277,1943,-0.407640979,0
X277,1999,-0.076799171,0
X277,2013,-0.036046869,0
X277,2028,0.174990913,0
X277,2234,-0.143302269,0
X277,2245,-0.116585455,0
X277,2277,-0.04224022,0
X277,2305,-0.105552947,0
X277,2332,-0.147133015,0
X277,2333,-0.139463107,0
X277,2368,0.047464989,0
X277,2375,-0.057538116,0
X277,2402,-0.026416158,0
X277,2434,-0.064777554,0
X277,2452,-0.295063253,0
X277,2613,-0.22489185,0
X277,2763,0.252012973,0
X277,2818,-0.108602949,0
X277,2888,0.089058193,0
X277,2952,-0.096768559,0
X277,2966,-0.055511823,0
X277,2969,-9.27e-05,0
X277,2992,-0.033221753,0
X277,3027,-0.151492196,0
X277,3069,-0.01823928,0
X277,3088,-0.014530286,0
X277,3103,-0.140328433,0
X277,3121,0.055898652,0
X277,3220,0.245711755,0
X277,3328,0.086266824,0
X277,3375,-0.041238554,0
X277,3390,0.052627813,0
X277,3539,0.023813394,0
X277,3551,0.081305412,0
X277,3635,0.158758814,0
X277,3696,0.016378295,0
X277,3710,-0.03392323,0
X277,3747,-0.18157471,0
X277,3772,0.247776852,0
X277,3849,0.109249886,0
X277,3867,-0.07501201,0
X277,3877,empty,0
X277,3895,0.048229732,0
X277,3928,-0.242610385,0
X277,3964,0.090706873,0
X277,3966,0.010050275,0
X277,4002,0.06153544,0
X277,4052,-0.117811165,0
X277,4126,-0.17735794,0
X277,4164,0.023484433,0
X277,4185,-0.070246335,0
X277,4204,-0.139130577,0
X278,58,0.048467517,0
X278,113,0.150872845,0
X278,120,0.001419167,0
X278,162,-0.156299256,0
X278,170,0.123007629,0
X278,183,-0.051930882,0
X278,222,0.094678807,0
X278,249,-0.081059738,0
X278,308,0.118107671,0
X278,343,0.007731812,0
X278,386,-0.038189939,0
X278,389,-0.04018664,0
X278,410,-0.11142578,0
X278,499,0.013735291,0
X278,543,0.166674743,0
X278,560,-0.018744946,0
X278,616,-0.045548741,0
X278,630,0.105842249,0
X278,631,0.067621949,0
X278,675,-0.046505945,0
X278,687,-0.025586484,0
X278,712,-0.055338841,0
X278,807,-0.038435808,0
X278,855,0.071296438,0
X278,878,-0.025557561,0
X278,912,-0.032671964,0
X278,954,0.061280559,0
X278,1046,0.002667554,0
X278,1089,0.117938172,0
X278,1100,-0.10759323,0
X278,1106,0.040409569,0
X278,1151,0.043563226,0
X278,1154,0.085574498,0
X278,1228,-0.025249493,0
X278,1300,0.020540844,0
X278,1389,-0.134765083,0
X278,1419,0.210799293,0
X278,1580,-0.108188147,0
X278,1581,-0.063425463,0
X278,1592,-0.091032871,0
X278,1612,0.131257994,0
X278,1655,0.140945018,0
X278,1693,0.026737927,0
X278,1725,-0.03387953,0
X278,1812,0.037732249,0
X278,1944,0.025468526,0
X278,2137,-0.166266158,0
X278,2221,0.008695142,0
X278,2234,-0.026652831,0
X278,2245,0.002018252,0
X278,2276,0.101585725,0
X278,2287,0.050627041,0
X278,2368,-0.125948929,0
X278,2375,-0.077351652,0
X278,2445,-0.07747188,0
X278,2481,0.056334351,0
X278,2494,0.105414811,0
X278,2536,-0.082670452,0
X278,2601,-0.020908522,0
X278,2613,0.086642891,0
X278,2666,0.001370576,0
X278,2693,0.075671947,0
X278,2706,-0.060997136,0
X278,2783,0.036908275,0
X278,2817,-0.124673338,0
X278,2850,-0.050944146,0
X278,2888,0.010279831,0
X278,2939,0.143211684,0
X278,2966,empty,0
X278,2990,0.015433971,0
X278,3088,-0.007949668,0
X278,3103,-0.16399462,0
X278,3190,0.099480876,0
X278,3201,0.197680885,0
X278,3241,0.02970944,0
X278,3249,0.067030335,0
X278,3252,0.071852699,0
X278,3343,-0.098643377,0
X278,3390,-0.016269342,0
X278,3396,0.000627886,0
X278,3436,0.099623348,0
X278,3512,0.143114841,0
X278,3547,-0.039866069,0
X278,3571,0.025537314,0
X278,3612,0.086371664,0
X278,3638,-0.10667917,0
X278,3705,-0.01795773,0
X278,3780,0.055675527,0
X278,3781,-0.023447063,0
X278,3844,0.03954348,0
X278,3917,-0.028714076,0
X278,3918,-0.006243907,0
X278,3968,-0.020666765,0
X278,4004,0.03750812,0
X278,4005,-0.032519482,0
X278,4148,0.134240393,0
X278,4164,0.170779441,0
X278,4168,-0.116557407,0
X278,4197,-0.088046786,0
X278,4204,-0.006743167,0
X279,58,1.690820466,0
X279,127,0.830668335,0
X279,183,1.262747426,0
X279,249,-0.346537339,0
X279,268,-0.014467559,0
X279,386,-0.544071979,0
X279,449,0.31759326,0
X279,486,0.590185791,0
X279,503,0.137683319,0
X279,511,-0.022519126,0
X279,525,0.058516709,0
X279,543,-0.182587887,0
X279,553,1.521726866,0
X279,575,-0.012428909,0
X279,613,1.162884866,0
X279,675,-0.553699731,0
X279,690,3.096442289,1
X279,780,-1.172528433,0
X279,836,0.273662859,0
X279,875,-0.057728099,0
X279,897,1.264460675,0
X279,959,-0.626265404,0
X279,971,0.184983261,0
X279,1046,0.229032062,0
X279,1064,0.771796777,0
X279,1088,-0.782321703,0
X279,1096,0.967426176,0
X279,1100,0.767856731,0
X279,1106,-0.359500486,0
X279,1157,-1.413189629,0
X279,1278,0.744878603,0
X279,1323,-0.319271566,0
X279,1392,-0.28689865,0
X279,1400,1.018454361,0
X279,1483,-0.285866235,0
X279,1485,1.632479394,0
X279,1495,0.000359128,0
X279,1512,-0.400216283,0
X279,1525,0.005187591,0
X279,1530,1.97527947,0
X279,1565,0.684339954,0
X279,1600,-0.681270483,0
X279,1693,1.016987879,0
X279,1725,1.561999981,0
X279,1729,-0.866317282,0
X279,1814,0.81805016,0
X279,1826,0.108869272,0
X279,1829,-0.298158461,0
X279,1894,-0.94329051,0
X279,1937,-0.95303219,0
X279,1938,0.254969527,0
X279,1991,1.150716017,1
X279,1994,0.949612721,0
X279,1997,-1.529290463,0
X279,2013,-0.95665971,0
X279,2160,-0.446113383,0
X279,2198,0.436991918,0
X279,2287,0.994650134,1
X279,2375,0.063086885,0
X279,2402,-0.668667878,0
X279,2466,1.279492445,0
X279,2494,0.679537875,0
X279,2576,-0.824069566,0
X279,2613,0.7723455,0
X279,2614,1.603244723,0
X279,2691,2.299928455,0
X279,2783,-0.197114188,0
X279,2815,-0.244156265,0
X279,2887,-0.590994184,0
X279,2899,0.223194541,0
X279,2915,-0.182464324,0
X279,2953,-0.391254637,0
X279,2962,-0.802296145,0
X279,2972,0.114334118,0
X279,2990,0.455754563,0
X279,3079,0.403459253,0
X279,3179,-0.277045149,0
X279,3190,-0.811580195,0
X279,3201,-0.871991367,0
X279,3226,-0.027994031,0
X279,3231,0.247645498,0
X279,3241,-0.979289329,0
X279,3292,0.012384451,0
X279,3340,1.09018884,0
X279,3349,-1.153817479,0
X279,3434,0.383104618,0
X279,3476,1.244404317,0
X279,3496,-1.0518716,0
X279,3557,-0.130629663,0
X279,3630,-0.1301692,0
X279,3631,1.008528394,0
X279,3635,0.066051847,0
X279,3662,-0.598951599,0
X279,3670,1.109225644,0
X279,3677,-1.293468387,0
X279,3710,0.185215786,0
X279,3783,0.64995975,0
X279,3824,-0.134222451,0
X279,3844,0.099049466,0
X279,3867,1.016195012,0
X279,3918,0.659600742,0
X279,3954,-0.323277995,0
X279,4001,-0.030740913,0
X279,4003,-0.717299149,0
X279,4027,0.267917751,0
X279,4095,0.458659341,0
X279,4164,0.060025914,0
X279,4201,0.222880799,0
X280,11,-0.053081542,0
X280,183,0.023076422,0
X280,192,-0.100890689,0
X280,207,-0.033283604,0
X280,229,0.006929887,0
X280,256,0.030023137,0
X280,283,0.041664613,0
X280,294,0.088097421,0
X280,343,-0.069107745,0
X280,360,0.059495639,0
X280,485,-0.03481176,0
X280,536,0.038074639,0
X280,543,0.004057594,0
X280,560,0.023555384,0
X280,675,-0.026028855,0
X280,687,0.018937009,0
X280,690,-0.115667592,0
X280,817,0.170641717,0
X280,877,-0.035314942,0
X280,893,-0.030798555,0
X280,914,0.050223076,0
X280,986,-0.03057985,0
X280,1010,0.052643304,0
X280,1089,-0.097935738,0
X280,1094,-0.002387199,0
X280,1103,0.054090399,0
X280,1157,-0.066499085,0
X280,1295,-0.038219775,0
X280,1300,0.032484422,0
X280,1374,0.029858089,0
X280,1392,-0.022841915,0
X280,1419,-0.057464594,0
X280,1426,-0.123318378,0
X280,1450,0.025176614,0
X280,1552,0.116562093,0
X280,1568,0.019551349,0
X280,1600,0.06914309,0
X280,1729,0.04474554,0
X280,1879,0.001221838,0
X280,1881,-0.00516204,0
X280,1900,-0.032949054,0
X280,1938,-0.027920927,0
X280,1992,0.106329204,0
X280,2028,-0.050368645,0
X280,2036,0.020319286,0
X280,2245,-0.010854066,0
X280,2277,-0.014113908,0
X280,2286,0.103020582,0
X280,2309,0.060784495,0
X280,2333,-0.009111765,0
X280,2402,-0.032624821,0
X280,2434,0.038033834,0
X280,2481,0.046844294,0
X280,2536,0.072462254,0
X280,2561,0.017018008,0
X280,2562,0.009923267,0
X280,2613,0.126892607,0
X280,2775,-0.070447303,0
X280,2783,0.023845854,0
X280,2784,-0.022790227,0
X280,2832,-0.060152031,0
X280,2843,-0.038024214,0
X280,2884,0.073948343,0
X280,2990,0.009657236,0
X280,2992,0.041122347,0
X280,3073,-0.009963731,0
X280,3179,0.069168364,0
X280,3241,0.100039036,0
X280,3249,-0.018817527,0
X280,3343,0.048148151,0
X280,3360,-0.009157005,0
X280,3385,0.032354265,0
X280,3396,-0.043755273,0
X280,3436,0.115043,0
X280,3529,-0.004812027,0
X280,3539,-0.048685317,0
X280,3540,-0.03052987,0
X280,3630,0.105342379,0
X280,3638,0.085648184,0
X280,3710,0.040714617,0
X280,3747,0.145397637,0
X280,3801,-0.052768495,0
X280,3805,-0.037637391,0
X280,3877,0.020979099,0
X280,3895,-0.052521843,0
X280,3918,0.044329079,0
X280,3968,-0.075709816,0
X280,4053,-0.043103804,0
X280,4087,-0.03227924,0
X280,4156,0.097318917,0
X280,4197,0.044161483,0
X280,4200,0.076614244,0
X280,4201,-0.016342546,0
X281,107,0.021450365,0
X281,222,-0.048210986,0
X281,375,0.049283153,0
X281,393,-0.258782943,0
X281,410,-0.312297649,0
X281,414,0.080618064,0
X281,419,0.396484414,0
X281,543,-0.12073273,0
X281,549,0.059379748,0
X281,553,-0.098383719,0
X281,617,0.344655054,0
X281,690,-0.15725297,0
X281,817,0.195858224,0
X281,876,-0.140399962,0
X281,893,-0.1194166,0
X281,943,-0.341043348,0
X281,978,0.124636377,0
X281,1037,-0.442214796,0
X281,1094,-0.096532661,0
X281,1106,0.140665939,0
X281,1141,-0.265751983,0
X281,1187,-0.034301699,0
X281,1239,-0.135152847,0
X281,1248,0.073721344,0
X281,1249,-0.030780035,0
X281,1300,-0.160225772,0
X281,1302,0.10858516,0
X281,1374,-0.307997395,0
X281,1421,-0.230589701,0
X281,1441,0.029024149,0
X281,1512,0.089012073,0
X281,1586,0.037005571,0
X281,1615,0.164295545,0
X281,1655,-0.139612224,0
X281,1775,0.137673212,0
X281,1826,-0.09907195,0
X281,1844,-0.098923434,0
X281,1866,0.00062051,0
X281,1879,-0.261405578,0
X281,1900,0.223109504,0
X281,1997,-0.220971052,0
X281,1999,0.170265881,0
X281,2076,0.17820799,0
X281,2137,-0.021087983,0
X281,2221,-0.071608288,0
X281,2309,0.136735957,0
X281,2333,0.0816548,0
X281,2496,-0.004457101,0
X281,2536,0.182090473,0
X281,2638,-0.047067033,0
X281,2691,0.091250043,0
X281,2817,-0.365579279,0
X281,2870,0.117369577,0
X281,2915,0.074771306,0
X281,2952,0.014848242,0
X281,2966,-0.35627692,0
X281,2968,-0.244802525,0
X281,3027,0.017010762,0
X281,3064,-0.097703356,0
X281,3088,0.162397847,0
X281,3162,0.381682183,0
X281,3279,0.214076129,0
X281,3343,-0.036111598,0
X281,3345,-0.1719705,0
X281,3396,-0.030111482,0
X281,3465,-0.176833882,0
X281,3557,0.156728279,0
X281,3571,-0.310742879,0
X281,3677,-0.385262844,0
X281,3710,-0.037137967,0
X281,3783,0.296663722,0
X281,3795,0.209324446,0
X281,3805,0.194418761,0
X281,3819,0.018601805,0
X281,3881,-0.118603105,0
X281,3905,0.365286746,0
X281,3968,-0.155277834,0
X281,3973,0.084452824,0
X281,4004,-0.057320371,0
X281,4052,-0.094888789,0
X281,4087,-0.31556018,0
X281,4142,-0.180498583,0
X281,4148,0.10234605,0
X281,4159,0.279213559,0
X281,4200,0.173696458,0
X282,36,-0.049869437,0
X282,73,0.190071394,0
X282,127,0.327873276,0
X282,170,0.03725114,0
X282,191,-0.371772041,0
X282,199,-0.332565748,0
X282,214,0.322287731,0
X282,256,0.204144409,0
X282,294,0.04065163,0
X282,308,0.20917554,0
X282,483,-0.244137635,0
X282,503,-0.120998904,0
X282,630,-0.082634849,0
X282,879,0.349365297,0
X282,893,0.095788806,0
X282,949,-0.232012353,0
X282,954,0.00532789,0
X282,958,0.006021501,0
X282,989,-0.059642516,0
X282,1010,0.327829857,0
X282,1037,0.074173626,0
X282,1088,0.060959309,0
X282,1089,-0.076911718,0
X282,1106,0.044728149,0
X282,1119,0.100578624,0
X282,1129,0.322091996,0
X282,1239,0.228446023,0
X282,1248,-0.17330852,0
X282,1249,-0.393971486,0
X282,1268,0.106165527,0
X282,1278,-0.006470328,0
X282,1295,0.083042535,0
X282,1300,-0.328643479,0
X282,1329,-0.459204292,0
X282,1447,0.265590789,0
X282,1467,-0.023647111,0
X282,1485,0.082402124,0
X282,1495,-0.164549555,0
X282,1512,0.005608955,0
X282,1581,0.019272403,0
X282,1709,0.406141419,0
X282,1711,-0.300138658,0
X282,1812,-0.286191934,0
X282,1852,0.154089143,0
X282,1900,0.112768278,0
X282,1952,-0.169955008,0
X282,2082,-0.134413999,0
X282,2116,-0.165919729,0
X282,2127,-0.41835164,0
X282,2221,-0.0144541,0
X282,2276,-0.165004296,0
X282,2277,0.139297701,0
X282,2287,0.087201543,0
X282,2402,0.551513333,0
X282,2430,-0.448529852,0
X282,2434,0.033537442,0
X282,2496,empty,0
X282,2561,-0.047653419,0
X282,2613,0.180432825,0
X282,2679,0.072588372,0
X282,2691,-0.128686323,0
X282,2719,-0.394604295,0
X282,2784,0.238156669,0
X282,2915,0.101305364,0
X282,2969,-0.366007709,0
X282,3017,-0.184081127,0
X282,3064,0.10497575,0
X282,3073,0.075172111,0
X282,3103,-0.067825722,0
X282,3121,0.158848116,0
X282,3147,-0.003308195,0
X282,3201,-0.076883497,0
X282,3202,0.430089057,0
X282,3233,-0.264760293,0
X282,3279,0.098149253,0
X282,3280,0.090417656,0
X282,3433,0.20087905,0
X282,3465,-0.152135003,0
X282,3511,0.152172952,0
X282,3540,-0.145601899,0
X282,3552,0.055633191,0
X282,3630,0.207077158,0
X282,3662,0.058929819,0
X282,3705,-0.383884591,0
X282,3747,-0.036647548,0
X282,3756,0.159113561,0
X282,3867,-0.547065908,0
X282,3918,-0.182669411,0
X282,3954,-0.238408057,0
X282,3964,-0.397771404,0
X282,4005,0.348923346,0
X282,4052,0.125734921,0
X282,4142,-0.529973017,0
X282,4156,0.067950212,0
X282,4201,-0.22784684,0
X283,43,-1.650379549,0
X283,73,0.152242064,0
X283,156,-0.185688727,0
X283,183,1.108941511,1
X283,199,-0.277526805,0
X283,222,1.839265711,0
X283,229,-0.126082983,0
X283,249,0.588924387,1
X283,274,-1.287540505,0
X283,375,0.175308744,0
X283,401,0.901924739,0
X283,419,-0.589452025,0
X283,499,-0.243250346,0
X283,613,1.495133098,0
X283,624,-1.244294277,0
X283,649,2.876759381,0
X283,663,-0.923712833,0
X283,675,-1.06758835,0
X283,769,1.673997925,1
X283,865,-0.711237778,0
X283,877,0.10464332,0
X283,879,0.863537763,0
X283,954,-0.698965745,0
X283,986,2.279201465,0
X283,1037,0.013403652,0
X283,1103,0.097902994,0
X283,1129,-0.804804516,1
X283,1228,-2.262451603,0
X283,1248,-0.818130496,0
X283,1300,2.517953849,1
X283,1329,-1.318775631,0
X283,1332,1.583943587,0
X283,1359,-3.208659037,0
X283,1374,-0.369919904,0
X283,1392,0.422876314,0
X283,1421,0.304241894,0
X283,1441,0.161070695,0
X283,1447,0.314837267,1
X283,1472,-0.197244891,0
X283,1512,3.02230328,1
X283,1530,1.999043732,0
X283,1600,0.86919319,0
X283,1647,1.32348515,0
X283,1671,0.887150981,0
X283,1711,0.278364616,0
X283,1810,0.703771518,1
X283,1812,1.370946788,1
X283,1814,empty,0
X283,1826,1.502740571,0
X283,1840,0.385560233,0
X283,1879,-0.297204488,0
X283,1937,0.021579141,0
X283,1999,0.255182781,0
X283,2008,-1.41681825,0
X283,2044,0.52736871,0
X283,2076,empty,0
X283,2082,1.985993712,0
X283,2160,2.012216045,0
X283,2221,1.971208788,0
X283,2245,3.660282463,0
X283,2287,-1.186271346,1
X283,2309,-0.867463468,0
X283,2421,-2.089995248,0
X283,2483,-1.66565233,0
X283,2494,1.285824017,0
X283,2614,0.664113795,1
X283,2673,-2.8248383,0
X283,2708,-0.657792295,0
X283,2843,-2.547656078,0
X283,2870,-1.1973242,0
X283,2899,-0.178654749,0
X283,2939,-1.162005417,0
X283,2968,0.737609063,1
X283,3027,-2.3657668,0
X283,3073,-1.814073192,0
X283,3103,0.239405045,1
X283,3179,1.795596749,0
X283,3201,-0.635319211,0
X283,3202,0.103895998,0
X283,3235,-0.258159388,0
X283,3375,-1.83990447,0
X283,3385,-1.142206026,0
X283,3434,0.918896908,0
X283,3476,-1.113375945,0
X283,3495,0.511797104,0
X283,3511,1.603637424,0
X283,3540,-2.73348365,0
X283,3551,-2.389177544,0
X283,3612,-0.003733937,1
X283,3630,-0.351607389,0
X283,3631,-1.3706997,0
X283,3670,-0.047754019,0
X283,3727,1.981542556,0
X283,3746,-0.202532473,0
X283,3756,-0.770406967,0
X283,3783,0.634837736,1
X283,3805,-2.495012933,0
X283,3819,-0.460244079,0
X283,3911,-0.421387492,0
X283,3964,-0.579958234,0
X283,3968,-0.412815517,0
X283,4003,1.297156001,0
X283,4017,-1.204048808,0
X283,4148,-0.706324802,0
X283,4156,0.978795221,0
X283,4159,-1.400703522,0
X283,4201,0.122944085,0
X284,43,-0.058673081,0
X284,120,1.024347627,1
X284,192,-1.441607415,0
X284,199,-0.878526727,0
X284,247,-0.348660223,0
X284,283,-0.845326226,0
X284,287,-0.883624918,0
X284,294,0.368240041,0
X284,343,0.428056533,0
X284,386,0.31999274,0
X284,389,-1.4842415,0
X284,473,-0.132465298,0
X284,485,-0.946900762,0
X284,503,1.295152857,0
X284,525,-0.347083177,0
X284,536,0.614197765,0
X284,543,0.258347651,0
X284,561,-0.791956947,0
X284,567,-1.152103093,0
X284,573,-0.432950972,0
X284,622,-0.262982157,0
X284,649,0.312856964,0
X284,657,0.230387709,0
X284,687,1.653306961,0
X284,689,1.475943689,0
X284,690,-1.207380223,0
X284,758,-0.536162187,0
X284,769,-0.460150445,0
X284,780,0.192357012,0
X284,817,-0.14741042,0
X284,837,0.354969968,0
X284,851,0.000756717,0
X284,875,0.357653725,1
X284,888,0.010562769,0
X284,959,-2.203149925,0
X284,1008,-0.5054736,0
X284,1010,-0.794250246,0
X284,1046,0.106047087,0
X284,1088,-1.486088504,0
X284,1094,0.695135779,0
X284,1141,0.490063403,0
X284,1268,-0.542860906,0
X284,1400,1.238888736,0
X284,1552,0.40395659,0
X284,1565,-0.436482939,0
X284,1690,-0.056033749,0
X284,1700,-0.73805094,0
X284,1708,1.256167273,0
X284,1733,0.278823585,0
X284,1826,0.337710032,0
X284,1829,-0.471860565,0
X284,1852,-0.354775095,0
X284,1879,0.693817224,0
X284,1886,-1.234779233,0
X284,1894,-0.257262142,0
X284,1900,-0.607458992,0
X284,1945,-0.402724468,0
X284,1993,0.503657147,0
X284,2027,-0.318783984,0
X284,2076,0.302034637,0
X284,2082,-0.169577395,0
X284,2110,-0.699608817,0
X284,2245,0.703338795,0
X284,2277,0.710702481,0
X284,2287,0.182055128,0
X284,2305,-0.591263671,0
X284,2375,-0.892110921,0
X284,2430,-0.444871647,0
X284,2483,-0.389976618,0
X284,2576,0.519616171,1
X284,2638,1.018999744,0
X284,2648,-0.448825569,0
X284,2679,-1.311623164,0
X284,2696,0.628923732,0
X284,2706,-1.353105577,0
X284,2719,-2.050916256,0
X284,2815,0.675217924,1
X284,2843,-2.405886697,0
X284,2876,0.225658017,0
X284,2939,-0.624386849,0
X284,2966,0.30003685,0
X284,2969,0.636197561,0
X284,2982,1.11166686,0
X284,3017,0.980681568,0
X284,3064,0.146853791,0
X284,3073,0.49964809,0
X284,3220,-0.226637443,0
X284,3252,-0.446418462,0
X284,3343,0.04287418,0
X284,3371,1.642059759,1
X284,3434,-0.310891703,0
X284,3496,-1.559394386,0
X284,3539,0.573037511,0
X284,3540,0.697659755,0
X284,3552,0.378554621,0
X284,3631,0.267370672,0
X284,3792,0.402492153,0
X284,3905,0.920083605,0
X284,3911,-1.510524357,0
X284,3917,-2.104864958,0
X284,3918,0.487267712,0
X284,3964,0.805962392,0
X284,3973,0.929867292,0
X284,4004,0.914797689,0
X284,4017,1.402762334,1
X284,4110,0.471342633,0
X284,4164,2.160964417,0
X284,4184,0.756805086,0
X284,4197,-1.05736584,0
X284,4200,0.055410997,0
X285,43,2.238281814,0
X285,58,-3.89296727,0
X285,73,0.04938723,0
X285,191,-2.100496742,0
X285,211,0.661057222,0
X285,268,-0.180461646,1
X285,284,0.777527617,0
X285,294,-0.400016758,0
X285,308,-0.896553746,0
X285,419,1.916471549,0
X285,525,-2.659300222,0
X285,530,0.081291022,0
X285,549,-0.154878542,0
X285,553,-1.406761303,0
X285,560,1.259981036,0
X285,575,0.643477283,0
X285,624,-0.19627184,0
X285,649,0.560512843,0
X285,675,-2.545364296,0
X285,758,-1.370838131,0
X285,769,-0.895804112,0
X285,879,1.023692455,1
X285,888,1.608342882,0
X285,914,0.749208087,0
X285,1021,0.697131038,0
X285,1046,1.818959189,1
X285,1129,-2.729458426,0
X285,1224,0.207541297,1
X285,1248,3.203993059,0
X285,1249,-0.301356122,1
X285,1332,0.152761422,1
X285,1392,-1.798861854,0
X285,1426,-1.135957836,1
X285,1447,-0.558817998,0
X285,1450,0.816754468,0
X285,1517,2.39242791,1
X285,1565,0.204922406,0
X285,1586,-0.737731547,0
X285,1612,2.029272414,0
X285,1826,0.266609671,0
X285,1868,2.276107379,0
X285,1881,-0.186466789,0
X285,1945,0.819344281,0
X285,1973,2.371470337,1
X285,1990,1.103776773,1
X285,2027,-0.070377609,0
X285,2036,2.051164406,1
X285,2110,-1.1175238,0
X285,2276,0.961755443,1
X285,2286,0.562922382,0
X285,2305,0.802091988,1
X285,2368,1.088933383,0
X285,2445,-1.297451997,0
X285,2481,1.34313982,0
X285,2494,0.874351622,1
X285,2499,1.965083708,0
X285,2562,1.111306392,0
X285,2638,1.444893969,1
X285,2648,1.295739552,0
X285,2679,0.545875235,1
X285,2708,0.745338083,0
X285,2849,-0.512620069,0
X285,2939,1.55119628,0
X285,2972,-0.067625563,0
X285,2992,-1.528146186,0
X285,3041,-0.563961002,0
X285,3094,3.985080196,0
X285,3121,2.010160687,0
X285,3179,4.616998689,0
X285,3233,-0.189366767,0
X285,3250,0.050560363,0
X285,3292,1.645266831,0
X285,3345,0.807069939,0
X285,3371,2.266757009,0
X285,3465,2.099774772,0
X285,3495,-2.085380054,0
X285,3496,-1.199604702,0
X285,3539,0.252933214,1
X285,3552,-1.137470999,0
X285,3612,1.102477606,0
X285,3631,1.854927847,1
X285,3710,-0.013800078,0
X285,3723,2.737348426,0
X285,3727,-0.842506601,0
X285,3780,0.479816517,1
X285,3781,1.809973881,0
X285,3801,0.705153392,1
X285,3844,0.001409316,1
X285,3849,-1.363838357,0
X285,3867,0.38199178,0
X285,3881,-0.092213208,0
X285,3895,2.457809859,1
X285,3905,1.5444092,0
X285,3954,1.642410701,1
X285,4017,2.174817766,0
X285,4041,1.112410214,0
X285,4052,-2.471650071,0
X285,4053,1.642734215,0
X285,4126,2.262455632,0
X285,4148,1.033015449,1
X285,4185,1.638377353,1
X286,3,0.076180369,1
X286,58,-0.624039458,0
X286,214,-0.895889338,0
X286,216,0.062204074,0
X286,222,-0.518180573,0
X286,229,-0.447316752,0
X286,284,-0.375104549,0
X286,375,-1.873873827,0
X286,401,-1.08970636,0
X286,543,-0.951788651,0
X286,560,0.350459737,0
X286,575,0.448836158,0
X286,630,-0.181887179,0
X286,669,1.067025711,0
X286,687,0.463574585,0
X286,758,1.062296395,0
X286,780,-1.059924273,0
X286,782,-1.256520521,0
X286,914,1.922731406,0
X286,954,1.506416451,0
X286,958,-0.398068369,0
X286,1021,0.08702677,0
X286,1037,-1.264128124,0
X286,1064,0.039712454,0
X286,1094,-0.440649221,0
X286,1103,1.910389409,0
X286,1183,0.114354485,0
X286,1228,0.836619935,0
X286,1239,3.217768143,1
X286,1248,0.177304761,0
X286,1278,-1.205674106,0
X286,1284,-0.075890141,0
X286,1302,1.596717787,1
X286,1375,-0.532637212,0
X286,1419,-0.182739332,0
X286,1441,-1.518301215,0
X286,1483,1.236057423,0
X286,1592,-0.789179575,0
X286,1655,-0.49711931,0
X286,1708,1.329438599,0
X286,1834,-0.554685698,0
X286,1945,0.969331079,0
X286,2036,1.100210169,0
X286,2055,1.342228395,1
X286,2221,0.130970987,0
X286,2242,-0.099830801,0
X286,2290,-0.1010777,0
X286,2332,-0.800913085,0
X286,2496,-0.737186557,0
X286,2499,1.611133477,0
X286,2536,0.994024096,0
X286,2551,1.460954493,0
X286,2561,0.067982727,0
X286,2576,-1.58943981,0
X286,2706,-0.355966655,0
X286,2719,-0.135065105,0
X286,2763,0.073267839,0
X286,2771,-1.15323954,0
X286,2816,0.450673608,0
X286,2817,-0.56735513,0
X286,2832,0.385439203,0
X286,2849,0.85836215,0
X286,2876,0.149087099,0
X286,2884,0.067101558,0
X286,2893,-0.715711253,0
X286,2899,-2.754796909,0
X286,2968,-0.067074729,0
X286,2990,-0.346373065,0
X286,2992,1.229500085,1
X286,3027,1.030802104,0
X286,3064,-0.146039983,0
X286,3340,0.0231586,0
X286,3512,0.142327977,0
X286,3529,-0.475223923,0
X286,3540,-0.07458601,0
X286,3551,2.72093529,0
X286,3557,0.443222847,0
X286,3612,0.149365181,0
X286,3630,1.219914057,0
X286,3631,0.319443119,0
X286,3696,-0.102888769,0
X286,3705,1.411423231,1
X286,3844,-2.332947982,0
X286,3877,-0.464719951,0
X286,3895,-0.578618714,0
X286,3905,-1.008947786,0
X286,3911,0.452032441,0
X286,3917,0.873758271,1
X286,3918,0.48154723,0
X286,4005,empty,1
X286,4087,1.455445876,0
X286,4132,-1.347701278,0
X286,4197,-1.225460146,0
X287,11,0.069024811,0
X287,127,0.729449093,0
X287,156,-0.63892375,0
X287,214,0.159587469,0
X287,229,0.029572886,0
X287,413,0.493998589,0
X287,449,-0.984691961,0
X287,511,-0.584269703,0
X287,525,0.417908608,0
X287,561,-0.401264849,0
X287,617,0.472149967,0
X287,649,0.135562824,0
X287,663,-0.116787098,0
X287,851,0.382543806,0
X287,875,0.168621258,0
X287,893,0.810323313,0
X287,897,0.227966522,0
X287,949,-0.152407238,0
X287,953,1.032548991,0
X287,954,-0.311745565,0
X287,996,0.614518897,0
X287,1037,0.666328346,0
X287,1064,1.461414651,0
X287,1088,0.279323545,0
X287,1094,0.313735757,0
X287,1100,0.067298135,0
X287,1119,0.093369267,0
X287,1178,0.333919226,0
X287,1183,0.964339904,0
X287,1224,0.6210422,0
X287,1228,-0.002456962,0
X287,1285,0.507749239,0
X287,1329,0.449057823,0
X287,1389,-0.39218091,0
X287,1421,-0.265642865,0
X287,1450,0.003700458,0
X287,1485,0.33475384,0
X287,1512,-0.178114842,0
X287,1517,-0.035330198,0
X287,1552,-0.035046831,0
X287,1654,-0.880483591,0
X287,1671,0.331508388,0
X287,1717,-0.31627085,0
X287,1725,0.305404841,0
X287,1746,0.218004179,0
X287,1775,-0.426941485,0
X287,1810,-0.507151702,0
X287,1814,0.17260351,0
X287,1844,-0.549704094,0
X287,1852,-0.269455421,0
X287,1879,0.508135575,0
X287,1881,-0.324781609,0
X287,1937,0.05936073,0
X287,1938,0.909762141,0
X287,1990,-0.576441392,0
X287,1999,0.241312174,0
X287,2008,-0.244863788,0
X287,2076,-0.73204938,0
X287,2160,-0.561444616,0
X287,2245,0.060292594,0
X287,2286,0.474098629,0
X287,2407,-0.114934849,0
X287,2434,-0.95730663,0
X287,2494,-0.450416954,0
X287,2496,-0.318765658,0
X287,2613,0.629096893,0
X287,2622,-0.333125028,0
X287,2624,0.448909327,0
X287,2638,0.293121791,0
X287,2648,0.181387837,0
X287,2679,0.865866568,0
X287,2915,-0.179348475,0
X287,2939,0.392711095,0
X287,2962,-0.013223036,0
X287,3202,-0.898864994,0
X287,3241,0.076251856,0
X287,3375,0.214804965,0
X287,3390,-0.621486867,0
X287,3433,0.280358357,0
X287,3460,0.067408773,0
X287,3495,-0.27857665,0
X287,3557,0.1505153,0
X287,3662,-0.117653869,0
X287,3670,0.255077692,0
X287,3723,-0.036633094,0
X287,3727,-0.327710632,0
X287,3756,0.788104305,0
X287,3783,-0.246574557,0
X287,3791,-0.066383808,0
X287,3819,-0.319225292,0
X287,3824,0.145132638,0
X287,3905,0.411503029,0
X287,3918,-0.455862837,0
X287,4001,0.427576806,0
X287,4004,0.457519438,0
X287,4021,-0.114038711,0
X287,4126,-1.038257041,0
X287,4127,-0.082056556,0
X287,4142,0.667077831,0
X287,4148,0.502665596,0
X287,4156,-1.041219821,0
X287,4168,-0.19587226,0
X287,4200,-0.208845784,0
X287,4201,0.272217732,0
X288,36,0.128442289,0
X288,43,0.025371321,0
X288,58,0.010853768,0
X288,162,0.01539127,0
X288,216,-0.012833711,0
X288,229,0.021931824,0
X288,249,-0.043264782,0
X288,343,0.033422501,0
X288,431,0.050561927,0
X288,499,0.107330932,0
X288,549,-0.104562186,0
X288,553,-0.053451405,0
X288,613,0.055890555,0
X288,630,0.039165856,0
X288,649,0.02416477,0
X288,663,0.01352272,0
X288,669,-0.03031287,0
X288,769,-0.082362171,0
X288,823,0.00578803,0
X288,837,-0.066593474,0
X288,888,0.047275702,0
X288,989,-0.062142725,0
X288,1094,-0.050466695,0
X288,1157,0.047362839,0
X288,1302,0.068110157,0
X288,1359,0.074902461,0
X288,1419,-0.031565289,0
X288,1426,-0.016366798,0
X288,1450,-0.055299359,0
X288,1485,0.000228386,0
X288,1524,0.124519369,0
X288,1565,-0.040698555,0
X288,1586,0.104707964,0
X288,1671,-0.052923519,0
X288,1680,0.043016426,0
X288,1711,0.074689867,0
X288,1717,-0.051398413,0
X288,1812,0.037682269,0
X288,1844,0.046273207,0
X288,1866,-0.001134743,0
X288,1891,0.024045092,0
X288,1894,0.023050791,0
X288,1900,0.152320902,0
X288,1944,0.133549306,0
X288,1945,-0.049116711,0
X288,2013,0.151320818,0
X288,2027,0.041444479,0
X288,2108,-0.022165815,0
X288,2110,0.005011682,0
X288,2188,-0.016226897,0
X288,2241,-0.020090458,0
X288,2286,-0.074773444,0
X288,2332,-0.099407184,0
X288,2358,0.121992662,0
X288,2421,-0.069007483,0
X288,2445,0.08881426,0
X288,2481,0.032245191,0
X288,2483,-0.029932084,0
X288,2551,-0.054148297,0
X288,2576,-0.006681757,0
X288,2624,0.029065471,0
X288,2677,-0.016991862,0
X288,2679,0.094879877,0
X288,2706,0.048024,0
X288,2771,-0.037840177,0
X288,2815,0.040008653,0
X288,2832,0.0556445,0
X288,2848,-0.000974501,0
X288,2849,0.04852349,0
X288,2879,-0.047838476,0
X288,2952,-0.118257825,0
X288,2966,0.009846471,0
X288,2990,0.002048375,0
X288,3103,-0.125606749,0
X288,3121,-0.018130385,0
X288,3233,-0.11390677,0
X288,3249,-0.052661894,0
X288,3349,-0.057520428,0
X288,3433,-0.136126484,0
X288,3440,-0.018860419,0
X288,3642,0.167004534,0
X288,3705,0.06166324,0
X288,3710,-0.087316056,0
X288,3746,0.089715643,0
X288,3781,-0.07455915,0
X288,3819,-0.006851312,0
X288,3849,-0.093130709,0
X288,3867,0.029755165,0
X288,3881,-0.004161542,0
X288,3928,-0.061530746,0
X288,4029,-0.048222628,0
X288,4053,-0.126945791,0
X288,4113,0.010252453,0
X288,4127,0.043420596,0
X289,1717,empty,0
X291,73,0.217465289,0
X291,120,0.408207229,0
X291,183,0.697930297,0
X291,199,0.221885546,0
X291,222,0.293752754,0
X291,431,-0.02739888,0
X291,499,0.672134222,0
X291,503,-0.093883405,0
X291,549,-0.503643649,0
X291,573,-0.024834972,0
X291,575,0.204263,0
X291,622,0.714992536,0
X291,630,0.060389528,0
X291,631,0.035480896,0
X291,687,0.271917899,0
X291,712,-0.184517576,0
X291,780,-0.275576333,0
X291,782,-0.195614433,0
X291,807,0.231933074,0
X291,817,-0.052247866,0
X291,823,0.567250087,0
X291,855,0.108177305,0
X291,865,0.902256873,0
X291,914,-0.390626785,0
X291,978,-0.15016281,0
X291,989,-0.547239883,0
X291,1037,-0.418030856,0
X291,1046,-0.00927091,0
X291,1087,-0.787010899,0
X291,1088,-0.994699803,0
X291,1119,-0.170053235,0
X291,1129,-0.816549279,0
X291,1178,-0.215880295,0
X291,1248,-0.269099875,0
X291,1291,0.573373281,0
X291,1312,-0.110166272,0
X291,1323,0.512860666,0
X291,1375,0.299960423,0
X291,1421,-0.047842088,0
X291,1436,0.288496802,0
X291,1467,-0.031127391,0
X291,1485,-0.425267297,0
X291,1586,-0.263346125,0
X291,1612,-0.464468554,0
X291,1635,0.28649331,0
X291,1708,-0.161677428,0
X291,1814,0.355010758,0
X291,1826,0.055635742,0
X291,1840,-0.499741703,0
X291,1879,-0.025243523,0
X291,1881,0.104293248,0
X291,1886,0.665384395,0
X291,1898,0.112905321,0
X291,1990,-0.983597817,0
X291,1993,0.415885313,0
X291,2013,0.00901522,0
X291,2036,-0.011563523,0
X291,2044,0.654455683,0
X291,2082,-0.231006417,0
X291,2104,-0.24604007,0
X291,2127,0.19028003,0
X291,2137,-0.265416667,0
X291,2188,0.437833232,0
X291,2333,-0.227235997,0
X291,2358,0.484786898,0
X291,2375,0.382466046,0
X291,2402,0.289669446,0
X291,2407,-0.008976234,0
X291,2445,-0.571620193,0
X291,2636,-0.456823198,0
X291,2673,0.366171947,0
X291,2832,0.510159916,0
X291,2952,-0.046452291,0
X291,2962,0.044672881,0
X291,2966,0.700113863,1
X291,2992,-0.120246983,0
X291,3099,0.801308917,0
X291,3121,0.569264405,0
X291,3162,-0.144325964,0
X291,3202,-0.731803742,0
X291,3220,-0.357459777,0
X291,3231,0.556016465,0
X291,3249,0.007449164,0
X291,3340,0.589439553,0
X291,3349,-0.035643102,0
X291,3385,0.416574179,0
X291,3396,0.195218853,0
X291,3511,-0.38560108,0
X291,3512,-0.089531914,0
X291,3638,-0.028737347,0
X291,3780,0.131151513,0
X291,3801,-0.201495707,0
X291,3805,0.15769592,0
X291,3819,-0.124446184,0
X291,3824,-0.385813326,0
X291,3895,0.462201288,0
X291,3911,-0.102528282,0
X291,3954,0.437296837,0
X291,3966,0.298693955,0
X291,3968,-0.27403367,0
X291,4001,0.494932071,0
X291,4002,0.330827356,0
X291,4017,-0.126794642,0
X291,4087,0.006180547,0
X291,4110,0.348119279,0
X291,4126,0.012497094,0
X292,3,0.234099669,0
X292,11,-0.097869481,0
X292,120,0.373979982,0
X292,211,-0.291664123,0
X292,229,-0.294146495,0
X292,274,0.232167573,0
X292,375,0.105301724,0
X292,386,0.230670847,0
X292,389,-0.78414187,0
X292,449,0.320771113,0
X292,473,-0.263049015,0
X292,663,0.543937207,0
X292,687,0.972832699,0
X292,689,-0.051293516,0
X292,690,-0.573522688,0
X292,712,1.097491069,0
X292,851,-0.521945567,0
X292,855,-0.23803479,0
X292,877,0.486547934,0
X292,893,0.075500188,0
X292,943,-0.157083405,0
X292,978,-0.095675228,0
X292,1061,-0.049245201,0
X292,1064,0.242469871,0
X292,1224,0.54424224,0
X292,1375,0.430693492,0
X292,1421,0.118961492,0
X292,1495,-0.93071223,0
X292,1568,-0.425168572,0
X292,1654,0.164399978,0
X292,1693,0.689858618,0
X292,1708,-0.209964579,0
X292,1717,0.646934231,0
X292,1746,-0.105063174,0
X292,1810,-0.071992416,0
X292,1812,-0.434061334,0
X292,1824,0.521335551,0
X292,1844,-0.182529203,0
X292,1945,0.43641197,0
X292,1952,-0.616306401,0
X292,1997,0.605965626,0
X292,1999,0.075917609,0
X292,2027,-0.279987088,0
X292,2028,0.186256339,0
X292,2044,-0.00530432,0
X292,2116,0.054089027,0
X292,2135,-0.132782992,0
X292,2137,-0.086858862,0
X292,2198,0.045072225,0
X292,2245,-0.481439059,0
X292,2305,0.700341745,0
X292,2375,0.682419284,0
X292,2430,-0.596603519,0
X292,2452,-0.06747325,0
X292,2466,-0.181110352,0
X292,2483,-0.370546602,0
X292,2534,-0.336060523,0
X292,2551,0.284631148,0
X292,2561,0.586712456,0
X292,2622,0.04292419,0
X292,2636,-0.02946573,0
X292,2648,0.463832684,0
X292,2706,-0.301834414,0
X292,2771,0.516534335,0
X292,2783,-0.087567421,0
X292,2784,0.033459134,0
X292,2876,-0.720808532,0
X292,2899,0.378341041,0
X292,2915,-0.498110166,0
X292,2962,-0.085370809,0
X292,2966,-0.237009922,0
X292,2969,0.162257795,0
X292,3017,-0.023138289,0
X292,3027,0.087535868,0
X292,3064,-0.569294864,0
X292,3069,0.155624094,0
X292,3079,0.40052129,0
X292,3088,0.615030627,0
X292,3094,0.00247407,0
X292,3231,-0.248440034,0
X292,3233,-0.146625148,0
X292,3250,1.928862889,1
X292,3279,0.395345421,0
X292,3328,0.13420902,0
X292,3349,-0.492353188,0
X292,3476,-0.232108986,0
X292,3547,-0.540923316,0
X292,3632,0.312540529,0
X292,3635,0.390232023,0
X292,3642,0.229731515,0
X292,3662,-0.065307129,0
X292,3677,-0.292088176,0
X292,3696,0.340577575,0
X292,3710,0.160284897,0
X292,3772,-0.519146372,0
X292,3805,-0.456674933,0
X292,3849,0.367480348,0
X292,3964,0.182738178,0
X292,3973,0.245460144,0
X292,4001,0.308428766,0
X292,4027,0.32208471,0
X292,4052,-0.003204664,0
X292,4053,-0.702945485,0
X292,4110,0.052789294,0
X292,4148,0.255844651,0
X292,4184,-0.235373515,0
X292,4197,-0.451585381,0
X293,4148,empty,0
X294,58,2.934853506,0
X294,127,1.444647585,0
X294,211,-1.846672066,0
X294,393,-0.472482245,0
X294,410,-2.365673273,0
X294,413,2.686856113,1
X294,419,-0.242569859,0
X294,503,1.043314134,0
X294,567,0.654322378,0
X294,613,1.819467099,0
X294,616,0.227752866,0
X294,624,-0.293882603,1
X294,630,2.534578662,0
X294,690,-1.41157674,0
X294,780,-0.242224863,0
X294,807,-1.669248604,0
X294,823,-0.104317595,0
X294,836,-0.691014041,0
X294,855,0.56513578,0
X294,865,-0.894085604,0
X294,914,0.765281189,0
X294,949,-0.007208145,0
X294,954,-0.223794092,0
X294,978,-1.4011465,0
X294,1008,-1.097500978,0
X294,1106,-2.777283536,0
X294,1119,-1.69096509,0
X294,1129,-0.913810185,0
X294,1138,-0.80511743,0
X294,1154,2.512951478,0
X294,1224,1.138000528,0
X294,1268,-0.23613378,0
X294,1278,0.601915926,0
X294,1295,-0.490491255,0
X294,1312,1.508380399,0
X294,1323,1.366854533,0
X294,1332,0.609782652,0
X294,1447,0.427860749,0
X294,1450,0.238448488,0
X294,1467,-1.772715325,0
X294,1472,0.034926746,0
X294,1517,1.038734753,0
X294,1581,1.140892239,0
X294,1680,-1.653074906,0
X294,1693,-0.417965762,0
X294,1708,-1.491604024,0
X294,1709,0.349304669,0
X294,1725,-0.341753347,0
X294,1733,-1.727397398,0
X294,1775,-1.632417746,0
X294,1814,-1.48630838,0
X294,1826,-0.256378575,0
X294,1834,-0.532469373,0
X294,1881,-0.983471352,0
X294,1937,-1.147142358,0
X294,1945,-0.689025415,0
X294,1952,0.978377964,0
X294,1999,1.280049424,0
X294,2013,0.315153502,0
X294,2055,0.760636919,0
X294,2127,-0.189297581,0
X294,2135,-1.141201999,0
X294,2160,-1.380539174,0
X294,2221,-0.322621279,0
X294,2245,1.793614822,1
X294,2332,-0.376563521,0
X294,2375,1.142593576,0
X294,2402,1.225453418,0
X294,2483,-1.745174928,0
X294,2636,2.683526525,0
X294,2677,1.109194135,0
X294,2696,0.880974153,0
X294,2719,1.76340843,0
X294,2771,1.565883805,0
X294,2815,4.159057837,0
X294,2849,-0.707370558,0
X294,2850,-1.263918299,0
X294,2879,1.653854679,0
X294,2884,-2.427039042,0
X294,2899,1.389223803,1
X294,2990,0.496153246,0
X294,3017,3.307025044,1
X294,3079,2.31823871,0
X294,3099,-0.014290831,0
X294,3220,-0.008676076,0
X294,3233,0.237168578,0
X294,3250,0.617498225,0
X294,3252,0.250191928,0
X294,3279,2.90353227,0
X294,3280,1.768404317,1
X294,3345,1.107555967,0
X294,3360,1.817451022,0
X294,3371,2.119202892,0
X294,3385,2.111847762,0
X294,3436,0.877679288,0
X294,3546,0.360001781,0
X294,3547,0.908471322,0
X294,3638,-0.547427039,0
X294,3710,1.81799515,1
X294,3727,-0.784025327,0
X294,3746,-1.298740774,0
X294,3780,1.638226844,0
X294,3783,-1.388215272,0
X294,3849,1.137879611,0
X294,3881,-1.445250677,0
X294,4004,1.967794774,0
X294,4027,-0.97852959,0
X294,4041,-1.695337677,0
X294,4095,-1.797220059,0
X294,4119,-0.210844859,0
X294,4164,-0.183444345,1
X294,4197,-1.00930511,0
X295,214,-0.029793371,0
X295,274,-0.132020732,0
X295,284,0.115813118,0
X295,360,-0.028555105,0
X295,389,0.012613703,0
X295,401,-0.013140139,0
X295,536,0.051251182,0
X295,561,0.002723057,0
X295,575,-0.009864981,0
X295,675,-0.017382302,0
X295,689,0.010091134,0
X295,690,0.038656773,0
X295,780,0.027062537,0
X295,782,-0.10226592,0
X295,807,-0.015950033,0
X295,823,-0.036640716,0
X295,875,-0.064786198,0
X295,897,-0.060653091,0
X295,912,0.016911193,0
X295,943,0.027460551,0
X295,996,0.088888602,0
X295,1008,-0.044783175,0
X295,1021,0.029299858,0
X295,1061,0.007825463,0
X295,1138,-0.143338986,0
X295,1157,0.016284276,0
X295,1268,-0.042160362,0
X295,1323,0.032965279,0
X295,1329,-0.011982251,0
X295,1392,0.021353536,0
X295,1426,-0.066915461,0
X295,1436,0.065696598,0
X295,1447,0.05785872,0
X295,1483,0.044196271,0
X295,1492,0.100903964,0
X295,1512,-0.018292792,0
X295,1530,-0.018866167,0
X295,1552,-0.10358504,0
X295,1581,-0.027395074,0
X295,1647,0.098941062,0
X295,1654,-0.02340823,0
X295,1655,0.052021671,0
X295,1746,-0.038352122,0
X295,1938,-0.033109501,0
X295,1943,0.024123086,0
X295,1993,0.03375472,0
X295,1994,-0.024361605,0
X295,2036,0.007997985,0
X295,2108,-0.064277704,0
X295,2127,-0.118204288,0
X295,2198,0.069826119,0
X295,2234,-0.056102445,0
X295,2277,-0.050731238,0
X295,2375,0.023317681,0
X295,2452,0.058390002,0
X295,2534,-0.083658745,0
X295,2551,0.041520842,0
X295,2562,-0.025169401,0
X295,2636,0.045606381,0
X295,2638,-0.134853988,0
X295,2691,0.046114702,0
X295,2696,-0.103965155,0
X295,2771,-0.10975907,0
X295,2815,0.015815223,0
X295,2870,0.029636087,0
X295,2887,-0.039507214,0
X295,2915,-0.012948525,0
X295,2953,0.085275199,0
X295,2968,0.064775346,0
X295,2972,-0.030983218,0
X295,3069,0.045994293,0
X295,3079,-0.07002244,0
X295,3179,0.056855888,0
X295,3292,-0.079157243,0
X295,3328,0.073089134,0
X295,3343,0.025857412,0
X295,3390,0.038737263,0
X295,3436,0.106317046,0
X295,3496,-0.030119222,0
X295,3511,-0.057220756,0
X295,3512,-0.045802089,0
X295,3544,0.001912184,0
X295,3547,0.064699817,0
X295,3572,0.024809567,0
X295,3631,-0.038421178,0
X295,3635,0.087724899,0
X295,3638,-0.150502536,0
X295,3696,0.039569922,0
X295,3705,-0.035248075,0
X295,3723,0.002397237,0
X295,3772,-0.023934975,0
X295,3801,-0.023978594,0
X295,3844,0.067471176,0
X295,3895,-0.085235688,0
X295,3917,-0.035397534,0
X295,3928,-0.035396616,0
X295,3940,0.024678456,0
X295,3964,0.013263752,0
X295,4005,-0.040365851,0
X295,4029,-0.012075888,0
X295,4095,0.060905828,0
X295,4121,-0.101167813,0
X295,4126,-0.07253934,0
X295,4127,0.08781227,0
X296,43,0.101104613,0
X296,58,0.014524515,0
X296,170,-0.017872411,0
X296,191,0.072408288,0
X296,207,-0.108631102,0
X296,211,0.062858945,0
X296,216,0.038021343,0
X296,222,0.025450504,0
X296,229,-0.076595851,0
X296,247,-0.008938852,0
X296,308,0.061172648,0
X296,486,-0.03710848,0
X296,503,-0.127849599,0
X296,525,-0.009494759,0
X296,560,0.064511229,0
X296,634,0.03257478,0
X296,649,-0.017104451,0
X296,669,-0.025219536,0
X296,690,-0.053071447,0
X296,837,-0.011451884,0
X296,877,0.045626091,0
X296,897,-0.011037275,0
X296,943,0.035371765,0
X296,958,0.097825656,0
X296,1046,0.062585705,0
X296,1061,-0.014077782,0
X296,1089,0.154199888,0
X296,1100,-0.041924192,0
X296,1106,0.013334177,0
X296,1157,0.014481643,0
X296,1239,-0.000614135,0
X296,1375,-0.132399401,0
X296,1392,-0.005226234,0
X296,1467,0.007045911,0
X296,1485,-0.066106607,0
X296,1492,0.111978297,0
X296,1552,-0.031043259,0
X296,1568,-0.054216602,0
X296,1680,0.041476996,0
X296,1709,-0.004374734,0
X296,1717,-0.098874461,0
X296,1733,0.059313304,0
X296,1746,-0.05741037,0
X296,1812,0.061446154,0
X296,1814,-0.060408964,0
X296,1829,0.106357808,0
X296,1844,-0.072798409,0
X296,1879,0.032932692,0
X296,1945,0.049316839,0
X296,1994,0.051873644,0
X296,1997,0.038369647,0
X296,2135,-0.032203043,0
X296,2221,0.01697149,0
X296,2277,-0.056203804,0
X296,2286,0.034346286,0
X296,2287,0.096384946,0
X296,2290,-0.031463194,0
X296,2358,0.029226502,0
X296,2407,-0.0127331,0
X296,2466,0.091642701,0
X296,2483,0.035488778,0
X296,2562,0.004760092,0
X296,2576,0.112391581,0
X296,2648,0.053454599,0
X296,2677,-0.034299404,0
X296,2691,0.066068928,0
X296,2696,-0.041781684,0
X296,2870,-0.087559936,0
X296,2876,-0.187425553,0
X296,2939,0.00801659,0
X296,2952,0.109063445,0
X296,2969,0.014420194,0
X296,2982,-0.079818674,0
X296,2990,-0.002185389,0
X296,3017,-0.050361192,0
X296,3069,0.030108017,0
X296,3088,0.00161997,0
X296,3147,-0.145234668,0
X296,3202,-0.015523396,0
X296,3340,-0.051455853,0
X296,3385,0.021726277,0
X296,3433,0.067922513,0
X296,3440,-0.050631684,0
X296,3529,-0.035450663,0
X296,3551,-0.018219933,0
X296,3630,0.033429115,0
X296,3642,-0.056061596,0
X296,3662,0.023071514,0
X296,3747,-0.080139783,0
X296,3791,-0.055341283,0
X296,3795,0.060039464,0
X296,3824,-0.015432207,0
X296,3905,-0.094310605,0
X296,3917,0.008362238,0
X296,3954,-0.041936314,0
X296,3964,-0.019582709,0
X296,3966,-0.048094052,0
X296,4052,0.009312074,0
X296,4201,0.002324502,0
X298,3,-0.275038785,0
X298,11,0.108215351,0
X298,36,0.324591882,0
X298,199,-0.402515049,0
X298,216,0.109562135,0
X298,247,0.20194167,0
X298,389,-0.063554541,0
X298,485,0.38971156,0
X298,486,0.05199515,0
X298,560,0.119443918,0
X298,573,0.027657496,0
X298,613,0.317167864,0
X298,657,0.320449812,0
X298,669,0.111339213,0
X298,712,-0.140275188,0
X298,769,-0.344407922,0
X298,851,0.022692527,0
X298,877,-0.002301201,0
X298,879,-0.084012289,0
X298,897,-0.248338512,0
X298,943,-0.043275069,0
X298,953,-0.384028929,0
X298,959,0.047801684,0
X298,971,0.494939706,0
X298,992,-0.031100487,0
X298,1064,-0.128027654,0
X298,1088,0.277404589,0
X298,1096,0.406499551,0
X298,1119,0.120212755,0
X298,1138,-0.402388009,0
X298,1151,0.299034321,0
X298,1157,-0.535956461,0
X298,1278,0.055161984,0
X298,1295,-0.002252074,0
X298,1312,-0.287419117,0
X298,1374,-0.433233034,0
X298,1525,0.17889326,0
X298,1530,-0.293499288,0
X298,1552,0.005705649,0
X298,1581,0.32957997,0
X298,1598,0.158479244,0
X298,1671,-0.228363159,0
X298,1898,-0.269898223,0
X298,1944,-0.062006393,0
X298,1994,0.09765817,0
X298,2036,-0.021675191,0
X298,2055,0.020901043,0
X298,2110,-0.342501707,0
X298,2137,-0.214084757,0
X298,2245,0.288653953,0
X298,2287,-0.256575318,0
X298,2421,-0.179751459,0
X298,2445,0.251280147,0
X298,2481,-0.334501058,0
X298,2536,-0.189237238,0
X298,2636,-0.069912685,0
X298,2638,0.04554579,0
X298,2677,0.174907941,0
X298,2679,0.050539916,0
X298,2771,0.135134756,0
X298,2817,0.271593591,0
X298,2832,-0.450665375,0
X298,2848,0.090447831,0
X298,2870,-0.105253026,0
X298,2879,-0.1145299,0
X298,2952,-0.053300821,0
X298,2992,-0.224260045,0
X298,3069,0.158593784,0
X298,3088,0.053695458,0
X298,3094,0.319634404,0
X298,3099,0.706523573,1
X298,3226,0.184621823,0
X298,3235,0.085125264,0
X298,3340,0.038284933,0
X298,3343,0.278838769,0
X298,3465,-0.226938701,0
X298,3476,0.204773295,0
X298,3482,0.132464053,0
X298,3496,0.061702655,0
X298,3557,0.107775102,0
X298,3572,0.231405105,0
X298,3630,-0.162081804,0
X298,3727,0.03656842,0
X298,3756,0.286594176,0
X298,3772,-0.297267455,0
X298,3781,0.129928313,0
X298,3795,0.468727585,0
X298,3805,-0.070529494,0
X298,3824,0.052841777,0
X298,3844,0.039045147,0
X298,3905,-0.398409818,0
X298,3968,-0.192155457,0
X298,4027,0.068932989,0
X298,4110,-0.122322607,0
X298,4119,0.265878957,0
X298,4126,-0.508972594,0
X298,4127,-0.454561045,0
X298,4185,-0.066269715,0
X298,4200,0.073452663,0
X298,4204,-0.169192039,0
X299,113,-0.036234521,0
X299,156,0.131738282,0
X299,199,0.034710539,0
X299,207,0.095026112,0
X299,256,-0.175752763,0
X299,389,0.159165254,0
X299,393,-0.030231243,0
X299,401,0.114043383,0
X299,511,0.310422572,0
X299,525,-0.013818473,0
X299,553,0.462693826,0
X299,613,0.31768124,0
X299,634,0.176845571,0
X299,712,0.054246443,0
X299,807,0.16410854,0
X299,837,-0.050762259,0
X299,878,-0.159684963,0
X299,912,-0.001291494,0
X299,992,0.249456267,0
X299,1021,0.22626116,0
X299,1100,0.116058996,0
X299,1108,-0.059095703,0
X299,1138,-0.016944128,0
X299,1151,-0.049808559,0
X299,1183,0.315830819,0
X299,1285,0.343647024,0
X299,1359,-0.227277555,0
X299,1421,0.185752279,0
X299,1436,0.080721417,0
X299,1447,0.259831039,0
X299,1483,0.586396689,0
X299,1568,-0.007044091,0
X299,1581,0.065388092,0
X299,1586,0.047298298,0
X299,1635,0.07034091,0
X299,1671,-0.053732345,0
X299,1691,-0.327802474,0
X299,1693,0.336648598,0
X299,1700,-0.149987544,0
X299,1725,0.294016921,0
X299,1729,0.084241882,0
X299,1844,0.25275171,0
X299,1852,0.07039442,0
X299,1866,-0.246376972,0
X299,1879,-0.157130664,0
X299,1891,0.355400074,0
X299,1938,-0.161388391,0
X299,1943,-0.016498203,0
X299,1997,0.345581853,0
X299,1999,0.205586558,0
X299,2028,-0.321185692,0
X299,2104,0.299268873,0
X299,2241,0.158322667,0
X299,2358,-0.046747327,0
X299,2407,-0.106650807,0
X299,2421,0.393978566,0
X299,2466,-0.04066796,0
X299,2467,0.546014339,0
X299,2499,0.502720121,0
X299,2551,-0.02332028,0
X299,2673,-0.487767138,0
X299,2771,0.222127866,0
X299,2783,-0.25048378,0
X299,2784,-0.069656531,0
X299,2818,0.097085849,0
X299,2843,-0.419096142,0
X299,2848,0.578100123,0
X299,2899,-0.272575282,0
X299,2952,0.009680618,0
X299,2966,-0.026005712,0
X299,2982,0.008069851,0
X299,3027,-0.285577977,0
X299,3073,0.166369662,0
X299,3088,0.205253559,0
X299,3094,0.339521978,0
X299,3103,0.092516224,0
X299,3147,-0.385420395,0
X299,3201,-0.105151079,0
X299,3231,0.678961129,0
X299,3235,-0.171763886,0
X299,3280,0.243435809,0
X299,3328,-0.490061111,0
X299,3340,0.001789123,0
X299,3343,0.16699903,0
X299,3360,0.000953799,0
X299,3465,-0.074371565,0
X299,3482,0.220321532,0
X299,3495,0.155255649,0
X299,3511,0.285165948,0
X299,3539,-0.035702857,0
X299,3557,-0.15082178,0
X299,3612,-0.21469351,0
X299,3705,0.297225678,0
X299,3791,0.172083714,0
X299,3792,-0.034609749,0
X299,3911,-0.024838137,0
X299,3918,-0.3932296,0
X299,4003,-0.021510877,0
X299,4021,0.296088326,0
X299,4148,-0.143585738,0
X299,4184,-0.250444354,0
X300,183,-0.135287216,1
X300,191,-0.791357677,0
X300,199,0.483073098,0
X300,211,0.678250352,0
X300,214,2.901599282,1
X300,256,-1.204565827,0
X300,283,2.24525496,0
X300,401,1.722514696,0
X300,483,-0.265665528,0
X300,503,-0.643900644,0
X300,560,1.257078629,0
X300,561,2.572512661,0
X300,617,-2.165604702,0
X300,630,2.819669732,1
X300,657,-0.065685386,0
X300,758,-0.370917451,0
X300,837,-3.078615831,0
X300,875,0.485298203,0
X300,953,2.261145269,0
X300,959,-0.759043071,0
X300,986,-3.006867324,0
X300,992,-1.783673993,0
X300,1021,2.020235622,0
X300,1087,0.909693502,0
X300,1094,-0.361249645,1
X300,1100,-0.323208939,0
X300,1103,0.710810372,0
X300,1119,-0.795566538,0
X300,1138,-0.012195356,0
X300,1248,0.174700401,0
X300,1302,0.563509171,0
X300,1332,-1.392005793,0
X300,1419,1.186250911,0
X300,1436,2.718253106,1
X300,1492,0.929113592,0
X300,1530,4.414573689,1
X300,1598,0.040503359,0
X300,1612,-0.282200924,0
X300,1671,1.517179296,0
X300,1691,-3.176841328,0
X300,1866,-0.395034922,1
X300,1886,empty,0
X300,1943,-1.622525778,0
X300,2027,-0.179726472,0
X300,2028,2.13837082,1
X300,2110,-0.470927894,1
X300,2198,2.988856306,1
X300,2221,-1.682562982,0
X300,2241,-0.560257952,1
X300,2286,-1.195620988,0
X300,2287,-2.95926128,0
X300,2305,0.334940624,1
X300,2358,0.073932282,0
X300,2407,0.696650088,0
X300,2430,-1.241900655,0
X300,2445,-1.565900103,1
X300,2483,2.769082932,0
X300,2613,-0.842877994,1
X300,2614,0.581425884,1
X300,2679,0.922264791,0
X300,2817,-1.786137954,0
X300,2832,1.759312945,1
X300,2848,-2.283646323,0
X300,2879,1.31521773,0
X300,2887,2.469238908,1
X300,2966,-3.1082728,0
X300,2968,-0.476744077,1
X300,2992,1.716561115,0
X300,3079,3.244994818,1
X300,3094,-0.284458128,0
X300,3103,2.207905047,1
X300,3121,-1.498279766,0
X300,3202,0.75900119,0
X300,3345,3.683945605,0
X300,3360,0.560211848,0
X300,3371,0.528748269,0
X300,3396,-0.194892554,0
X300,3434,-0.132566699,0
X300,3465,-0.503897591,0
X300,3539,-0.534657191,0
X300,3546,0.709807825,0
X300,3662,-0.440489895,0
X300,3795,0.375247917,0
X300,3801,0.837153916,0
X300,3849,2.448225897,1
X300,3905,3.368187768,0
X300,3911,0.02146169,0
X300,3918,1.064743348,0
X300,4004,2.154965284,0
X300,4005,2.888115773,0
X300,4017,0.046271214,0
X300,4029,2.486625418,1
X300,4052,-0.783274211,0
X300,4119,3.709711711,0
X300,4184,0.526803955,0
X300,4204,0.208270356,0
X301,43,-0.632611863,0
X301,120,-0.158408016,0
X301,207,1.426258304,0
X301,256,-0.48563395,0
X301,485,0.83152211,0
X301,573,-0.063524927,0
X301,630,-0.013795144,0
X301,663,-1.667984286,0
X301,823,0.376893338,0
X301,837,-1.006040294,0
X301,851,0.262082777,0
X301,876,0.25602332,0
X301,893,0.760900324,0
X301,897,-0.925692629,0
X301,978,0.062881212,0
X301,1008,1.56439719,0
X301,1061,0.831469611,0
X301,1094,-0.455678529,0
X301,1103,0.550200048,0
X301,1178,-0.565234094,0
X301,1248,-0.177615208,0
X301,1375,-0.883945,0
X301,1419,0.11632353,0
X301,1447,0.728486009,0
X301,1467,0.345470463,0
X301,1472,-0.178826665,0
X301,1492,1.19311727,0
X301,1524,-1.517860215,0
X301,1552,-0.859094526,0
X301,1598,1.182874144,0
X301,1600,-0.384565087,0
X301,1654,0.328534797,0
X301,1834,0.458581411,0
X301,1866,0.163075037,0
X301,1881,-1.437703633,0
X301,1886,0.612611564,0
X301,1898,-0.162473115,0
X301,1900,-0.008185836,0
X301,1945,0.775245945,0
X301,1992,1.484688221,0
X301,1999,-0.971237666,0
X301,2013,0.515339786,0
X301,2027,-0.411962336,0
X301,2036,1.787769851,0
X301,2044,0.306951802,0
X301,2076,1.46199012,1
X301,2135,1.708596877,1
X301,2160,-0.07946637,0
X301,2198,2.554042583,1
X301,2277,-0.056561412,0
X301,2333,1.314550824,0
X301,2402,0.261564986,0
X301,2430,-1.736139395,0
X301,2434,-1.041507695,0
X301,2624,0.686011303,0
X301,2636,-0.750222648,0
X301,2691,0.740349757,0
X301,2706,-1.42717418,0
X301,2708,0.336237092,0
X301,2719,0.590600323,0
X301,2849,-0.229246564,0
X301,2915,0.350084959,0
X301,2992,0.23266248,0
X301,3041,0.23970514,0
X301,3162,0.85115341,0
X301,3201,-1.621144192,0
X301,3226,-0.48417559,0
X301,3233,-0.00826871,0
X301,3235,0.671780545,0
X301,3249,0.118496178,0
X301,3279,-0.397754695,0
X301,3280,0.646300099,0
X301,3328,0.346689232,0
X301,3371,-1.020314993,0
X301,3375,1.235113463,0
X301,3396,0.34329107,0
X301,3433,0.026139288,0
X301,3482,-0.005341563,0
X301,3496,-0.307511319,0
X301,3540,0.297146503,0
X301,3547,-1.281198379,0
X301,3571,1.030759465,0
X301,3670,1.339099588,1
X301,3696,-0.504609322,0
X301,3710,-0.118473969,0
X301,3747,-0.283417353,0
X301,3756,-0.591979253,0
X301,3783,2.476119426,0
X301,3792,0.474639565,0
X301,3801,-0.372855965,0
X301,3805,-0.310960649,0
X301,3844,-0.81892455,0
X301,3911,-1.455354332,0
X301,3917,0.909739585,0
X301,3918,2.951956313,1
X301,3973,0.471543583,0
X301,4001,0.944086595,0
X301,4002,1.282214589,0
X301,4003,1.163484002,1
X301,4113,0.127474561,0
X301,4121,1.502528829,1
X302,36,-1.263888337,0
X302,247,-0.3958976,0
X302,375,-0.346439926,0
X302,386,0.344207483,0
X302,389,0.074937197,0
X302,414,0.504968827,0
X302,503,-0.33295776,0
X302,530,-0.015249194,0
X302,613,-0.876950088,0
X302,616,-0.158186143,0
X302,663,0.711679764,0
X302,689,-0.350952957,0
X302,712,-0.162135319,0
X302,782,0.101428891,0
X302,807,0.171383087,0
X302,875,0.261820706,0
X302,876,0.565323682,0
X302,877,0.847865674,0
X302,893,1.089383102,0
X302,907,0.034788989,0
X302,959,0.146971998,0
X302,1010,0.633014572,0
X302,1108,0.048184803,0
X302,1119,0.770138754,0
X302,1157,-0.75337913,0
X302,1183,-0.203138491,0
X302,1187,-0.217614893,0
X302,1249,0.708699376,0
X302,1329,-0.30201795,0
X302,1332,0.377239509,0
X302,1359,-0.08657515,0
X302,1375,0.26581952,0
X302,1421,-0.031732278,0
X302,1450,-0.356974209,0
X302,1472,0.016628382,0
X302,1552,-0.363348813,0
X302,1565,0.230085849,0
X302,1592,0.372325185,0
X302,1612,-0.424959992,0
X302,1647,0.195243458,0
X302,1733,-0.203163614,0
X302,1891,0.599224149,0
X302,1900,-0.612775531,0
X302,1937,-0.106300686,0
X302,1938,empty,0
X302,1945,-0.138299082,0
X302,1952,-0.100203116,0
X302,1999,0.091399588,0
X302,2008,-0.351991292,0
X302,2076,-0.062155879,0
X302,2110,-0.919435406,0
X302,2116,0.008782401,0
X302,2160,0.374999027,0
X302,2188,0.27700202,0
X302,2286,0.290508181,0
X302,2305,0.620250655,0
X302,2368,0.253339158,0
X302,2375,-0.192288709,0
X302,2496,0.042214932,0
X302,2499,-0.018137619,0
X302,2534,-0.536313189,0
X302,2536,0.360608626,0
X302,2551,0.028014171,0
X302,2601,-0.003912611,0
X302,2648,0.018315965,0
X302,2679,-0.178677072,0
X302,2719,0.685615918,0
X302,2763,0.960639976,0
X302,2850,0.291044881,0
X302,2879,-0.24993754,0
X302,2884,0.022388099,0
X302,2888,-0.012135544,0
X302,2915,0.482633293,0
X302,2990,-0.10829144,0
X302,3202,-0.261662953,0
X302,3279,-0.288334077,0
X302,3328,0.018400161,0
X302,3343,-0.544032884,0
X302,3345,-0.721907332,0
X302,3349,-0.728210376,0
X302,3390,0.499163153,0
X302,3434,-0.195918588,0
X302,3476,-0.281290248,0
X302,3495,1.359713797,0
X302,3544,0.286397254,0
X302,3546,-0.290022029,0
X302,3552,-0.119022821,0
X302,3631,-1.103383288,0
X302,3670,0.030647376,0
X302,3727,-0.590772413,0
X302,3772,0.227948629,0
X302,3795,0.005575116,0
X302,3801,0.316231979,0
X302,3824,0.241380969,0
X302,3877,0.161449811,0
X302,3881,0.024399842,0
X302,3895,0.198475914,0
X302,3918,-0.250392186,0
X302,4003,-0.283202558,0
X302,4027,-0.717411732,0
X302,4041,0.16117846,0
X302,4110,0.017087494,0
X302,4127,0.003330375,0
X302,4132,-0.542387374,0
X302,4164,-0.512021773,0
X304,3,1.309549569,1
X304,156,-0.207176013,1
X304,211,1.611949042,1
X304,214,0.925105212,1
X304,256,1.578362802,1
X304,287,2.221017972,1
X304,389,0.647721832,1
X304,419,2.073011789,1
X304,431,2.7441669,1
X304,449,0.894400387,1
X304,499,1.134869228,1
X304,543,0.284747182,1
X304,634,1.085748015,1
X304,669,1.635273883,1
X304,712,0.500430122,1
X304,851,1.104022353,1
X304,879,1.358659805,1
X304,907,0.388166854,1
X304,986,0.411947384,1
X304,1037,2.237953182,1
X304,1100,2.47847628,1
X304,1138,0.853716255,1
X304,1157,2.578473203,1
X304,1268,0.188071685,1
X304,1278,2.066007587,1
X304,1302,0.270471514,1
X304,1492,1.886420792,1
X304,1525,2.588285286,1
X304,1568,2.390669619,1
X304,1581,0.488233594,1
X304,1612,2.042191812,1
X304,1635,2.00439318,1
X304,1775,-1.339789733,1
X304,1810,0.750231239,1
X304,1812,2.753668543,1
X304,1824,-0.93293453,1
X304,1840,2.61613928,1
X304,1866,1.43327569,1
X304,1891,0.951178245,1
X304,1900,0.462816126,1
X304,1973,3.091165178,1
X304,1991,2.343904032,1
X304,1993,1.947945991,1
X304,2104,2.009530216,1
X304,2127,0.289183494,1
X304,2137,-0.112022505,1
X304,2198,-0.689719326,1
X304,2221,0.336964744,1
X304,2234,-0.173294512,1
X304,2241,1.085980621,1
X304,2305,-0.346912785,1
X304,2375,-0.308235656,0
X304,2452,-0.268505301,1
X304,2467,1.83861432,1
X304,2496,1.817361699,1
X304,2613,1.156605748,1
X304,2636,2.657140235,1
X304,2648,1.12652375,1
X304,2673,1.287282649,1
X304,2771,2.561934813,1
X304,2815,1.450149923,1
X304,2818,2.541455653,1
X304,2850,1.36090253,1
X304,2879,-0.535275566,1
X304,2939,0.705304709,1
X304,2990,-0.38560169,1
X304,3041,1.591544459,1
X304,3064,0.15530464,1
X304,3069,0.603274994,1
X304,3147,2.003133181,1
X304,3162,2.595760351,1
X304,3252,-0.311804311,1
X304,3343,0.657084907,1
X304,3345,empty,1
X304,3360,-1.566615416,1
X304,3371,3.30190455,1
X304,3385,0.212969521,1
X304,3495,0.278199735,1
X304,3496,1.726095766,1
X304,3511,2.404048528,1
X304,3551,0.322943726,1
X304,3557,1.465022643,1
X304,3572,1.10157723,1
X304,3638,-0.437506155,1
X304,3746,0.530054328,1
X304,3783,0.149634329,1
X304,3795,0.168195044,1
X304,3819,0.725832264,1
X304,3954,0.286689502,1
X304,3973,-0.552807903,1
X304,4002,0.895173656,1
X304,4021,1.305656513,1
X304,4027,1.399913828,1
X304,4039,-0.918648308,1
X304,4168,0.68838538,1
X304,4185,-0.101892286,1
X305,43,0.42447754,0
X305,73,-0.511690983,0
X305,113,-0.807963797,0
X305,183,0.43360156,0
X305,192,-0.128424917,0
X305,214,0.739677542,0
X305,284,-0.310249124,0
X305,287,0.310868844,0
X305,386,0.968628898,0
X305,622,0.366511725,0
X305,669,0.948243789,0
X305,769,0.556665847,0
X305,855,-0.138612309,0
X305,888,-0.435842775,0
X305,897,-0.282968026,0
X305,978,-0.705997963,0
X305,986,0.00999862,0
X305,992,-0.995757719,0
X305,996,-0.288630875,0
X305,1008,-0.235880686,0
X305,1010,-1.136498689,0
X305,1087,0.09986848,0
X305,1094,0.509882862,0
X305,1141,0.524299089,0
X305,1183,0.527713548,0
X305,1248,0.304343313,0
X305,1291,0.59564263,0
X305,1295,0.25824456,0
X305,1359,-0.409942789,0
X305,1375,-0.283594964,0
X305,1530,0.020972729,0
X305,1568,0.061232856,0
X305,1586,-0.826531085,0
X305,1615,-0.524874455,0
X305,1671,-0.745788675,0
X305,1775,-0.288926969,0
X305,1868,0.23607554,0
X305,1891,0.370721096,0
X305,1898,-0.345135932,0
X305,1994,-0.049295132,0
X305,2008,-0.112288233,0
X305,2108,-0.088443775,0
X305,2110,-0.304314242,0
X305,2242,-0.285693912,0
X305,2434,-0.389717122,0
X305,2562,0.017552455,0
X305,2648,0.569219231,0
X305,2666,0.433937863,0
X305,2691,0.79174401,0
X305,2706,0.218737454,0
X305,2708,-0.625154734,0
X305,2771,-0.366774904,0
X305,2784,-0.121121755,0
X305,2843,0.455917001,0
X305,2972,0.329912345,0
X305,3027,-0.600188484,0
X305,3069,0.380441509,0
X305,3235,-0.772187325,0
X305,3241,0.845431791,0
X305,3249,-0.239359309,0
X305,3279,-0.295380226,0
X305,3280,0.110372746,0
X305,3328,-0.47015526,0
X305,3345,-0.358824403,0
X305,3465,-0.156283973,0
X305,3476,-1.049339934,0
X305,3482,0.437529469,0
X305,3495,0.665830837,0
X305,3512,0.601583093,0
X305,3529,-0.227154702,0
X305,3540,-0.204328572,0
X305,3546,-0.20385087,0
X305,3572,-0.526312811,0
X305,3612,0.172212351,0
X305,3642,0.451890894,0
X305,3691,0.498307183,0
X305,3795,0.144276454,0
X305,3844,0.046018298,0
X305,3877,0.282745233,0
X305,3881,0.388475033,0
X305,3917,-0.376308969,0
X305,3940,0.09437439,0
X305,3954,-0.482339917,0
X305,3964,-0.39465689,0
X305,4005,0.212331206,0
X305,4027,-0.373822516,0
X305,4053,-0.176051356,0
X305,4110,-0.48035944,0
X305,4119,-0.248179005,0
X305,4159,0.573163942,0
X305,4164,0.509999846,0
X305,4168,empty,0
X305,4184,0.415013108,0
X305,4197,0.20250268,0
X306,120,-0.745430443,0
X306,211,1.522612236,0
X306,216,0.763753034,0
X306,222,0.213347138,0
X306,308,0.306588433,1
X306,473,0.328586257,0
X306,536,-0.926979182,0
X306,543,-0.080176706,0
X306,634,-0.626107874,0
X306,663,-0.613374965,0
X306,687,1.389594864,0
X306,689,0.33900343,0
X306,758,-0.289382017,0
X306,823,-0.60565873,0
X306,855,-0.851596194,0
X306,912,0.932522768,0
X306,949,0.969842328,0
X306,959,-0.313452473,0
X306,1008,0.34865516,0
X306,1087,-1.114223053,0
X306,1088,1.490839867,0
X306,1096,-0.32165072,0
X306,1100,-0.329228752,0
X306,1129,-0.514160476,0
X306,1183,-1.355112837,0
X306,1187,-1.594460097,0
X306,1228,0.539312469,0
X306,1249,1.068536487,0
X306,1332,-1.451768194,0
X306,1359,0.810759593,0
X306,1392,0.275069903,0
X306,1400,-1.431471372,0
X306,1441,-0.703730388,0
X306,1447,-0.249889966,0
X306,1525,0.30475083,0
X306,1654,1.306617137,0
X306,1671,0.038353025,0
X306,1708,-0.769499224,0
X306,1709,-0.701529603,0
X306,1711,-0.63991079,0
X306,1717,-0.597919603,0
X306,1775,0.306334057,0
X306,1834,-0.177028947,0
X306,1879,-0.619028954,0
X306,1898,0.564600333,0
X306,1938,0.340963694,0
X306,1943,-0.757727165,0
X306,1993,0.235343859,0
X306,2221,-1.55572712,0
X306,2242,-0.18956139,0
X306,2276,0.028232137,0
X306,2277,-0.408927384,0
X306,2286,0.417765211,0
X306,2613,0.961442131,0
X306,2622,0.885240358,0
X306,2636,0.134980467,0
X306,2666,1.089182345,0
X306,2784,1.139544976,0
X306,2887,-0.944255698,0
X306,2888,0.102544306,0
X306,2893,-0.137953811,0
X306,2939,-0.445781521,0
X306,2952,-0.926029891,0
X306,2968,0.480194892,0
X306,2990,-0.431952982,0
X306,3027,-0.644143988,0
X306,3073,0.067376759,0
X306,3099,-0.364375467,0
X306,3103,1.203012002,0
X306,3220,0.275495539,0
X306,3226,0.574102044,0
X306,3233,0.787597455,0
X306,3241,-0.081731029,0
X306,3280,0.053025993,0
X306,3328,0.350918174,0
X306,3345,0.515192979,0
X306,3349,-0.528746908,0
X306,3385,-0.234246766,0
X306,3396,0.470067485,0
X306,3433,-0.451561379,0
X306,3460,0.242152585,0
X306,3495,0.367105345,0
X306,3612,1.518110618,0
X306,3630,1.051609668,1
X306,3723,0.262874866,0
X306,3881,0.528450156,0
X306,3895,-0.52270761,0
X306,3911,-0.433603419,0
X306,3968,-0.994570716,0
X306,4001,-0.432040406,0
X306,4002,-0.796046631,0
X306,4003,-0.258160351,0
X306,4004,0.139529889,0
X306,4005,0.04341117,0
X306,4027,-0.486843146,0
X306,4087,-0.008422808,0
X306,4095,2.407560093,0
X306,4126,0.324040822,0
X306,4127,-0.435778226,0
X306,4142,0.477026233,0
X306,4185,-0.732602764,0
X306,4197,0.481449599,0
X306,4204,0.571650443,0
X307,58,-0.112819583,0
X307,73,-0.213754061,0
X307,107,0.0444721,0
X307,249,0.317414745,0
X307,268,0.026539132,0
X307,360,-0.096163751,0
X307,413,0.052572526,0
X307,414,0.527573513,0
X307,431,0.085548695,0
X307,503,0.16743117,0
X307,525,0.163302711,0
X307,549,0.110657661,0
X307,553,-0.12348503,0
X307,561,-0.057709377,0
X307,573,-0.02696121,0
X307,613,-0.12466689,0
X307,624,-0.031936431,0
X307,631,-0.284118916,0
X307,657,-0.138872195,0
X307,663,0.250621254,0
X307,780,-0.072770266,0
X307,877,0.153423928,0
X307,897,-0.208693376,0
X307,958,0.288077868,0
X307,971,-0.276850435,0
X307,992,-0.022257755,0
X307,1088,-0.237285839,0
X307,1089,-0.063767139,0
X307,1096,empty,0
X307,1108,0.182565135,0
X307,1154,-0.085093647,0
X307,1183,-0.113754176,0
X307,1248,-0.062745304,0
X307,1284,-0.122800881,0
X307,1295,0.160598421,0
X307,1312,-0.160278086,0
X307,1329,-0.048999702,0
X307,1421,-0.189734486,0
X307,1467,-0.323318378,0
X307,1472,-0.023648186,0
X307,1483,0.111659882,0
X307,1492,0.099315485,0
X307,1525,0.034974475,0
X307,1568,-0.229756,0
X307,1592,-0.214123977,0
X307,1598,-0.093475732,0
X307,1615,0.181232534,0
X307,1655,0.07240109,0
X307,1708,0.170605357,0
X307,1729,-0.044119755,0
X307,1746,0.14525928,0
X307,1829,0.273994785,0
X307,1834,-0.224347177,0
X307,1938,-0.144047547,0
X307,1993,0.060373739,0
X307,1994,-0.0266836,0
X307,1997,0.647365192,0
X307,2044,-0.23542567,0
X307,2055,-0.118473145,0
X307,2108,-0.110369444,0
X307,2116,-0.126209614,0
X307,2188,-0.268473481,0
X307,2245,-0.020549789,0
X307,2287,-0.068585703,0
X307,2309,0.102058449,0
X307,2368,0.251937431,0
X307,2421,-0.001538535,0
X307,2467,0.0424095,0
X307,2494,-0.032778325,0
X307,2499,0.194919547,0
X307,2536,-0.002708085,0
X307,2561,0.144651896,0
X307,2576,-0.231873515,0
X307,2614,0.178873516,0
X307,2624,-0.237246178,0
X307,2636,0.119062541,0
X307,2679,-0.018827127,0
X307,2696,0.265268321,0
X307,2719,-0.082129505,0
X307,2815,0.005611114,0
X307,2816,0.168339859,0
X307,2884,-0.222535675,0
X307,2962,0.210244816,0
X307,2968,-0.488135875,0
X307,3079,-0.105117401,0
X307,3231,-0.325577564,0
X307,3233,0.06240397,0
X307,3279,-0.031847948,0
X307,3343,-0.137553109,0
X307,3345,-0.161069497,0
X307,3371,0.287753046,0
X307,3433,0.00597922,0
X307,3495,0.158297749,0
X307,3512,0.007804276,0
X307,3546,0.002251867,0
X307,3552,-0.066553418,0
X307,3557,0.105446636,0
X307,3635,0.270966086,0
X307,3638,0.291508604,0
X307,3670,-0.140492056,0
X307,3691,0.24643066,0
X307,3772,0.163360921,0
X307,3780,0.086333451,0
X307,3783,0.115954429,0
X307,3824,0.321912103,0
X307,3928,-0.093168238,0
X307,3954,0.083932523,0
X307,4001,-0.043165757,0
X307,4002,-0.006878545,0
X307,4021,-0.072153404,0
X307,4127,-0.097600342,0
X307,4185,-0.269240029,0
X307,4200,0.031602831,0
X307,4204,-0.156488155,0
X308,113,0.016275906,0
X308,120,0.161902024,0
X308,207,-0.286370672,0
X308,389,-0.044013888,0
X308,485,0.435443115,0
X308,503,0.289733349,0
X308,530,-0.416962154,0
X308,622,-0.446542858,0
X308,634,0.118319403,0
X308,649,-0.442175182,0
X308,657,-0.411428334,0
X308,663,0.103452892,0
X308,712,0.430165653,0
X308,780,-0.64613441,0
X308,782,-0.336662358,0
X308,855,0.288571624,0
X308,879,0.117672607,0
X308,943,-0.648810872,0
X308,949,-0.292617255,0
X308,1087,-0.679359867,0
X308,1094,0.582315101,0
X308,1106,0.379188175,0
X308,1157,-0.356432782,0
X308,1183,1.698877541,1
X308,1187,-0.063560563,0
X308,1302,0.250566048,0
X308,1312,0.127560696,0
X308,1329,0.482746884,0
X308,1389,-0.197245629,0
X308,1392,0.124877538,0
X308,1419,-0.155355452,0
X308,1450,0.216157369,0
X308,1472,-0.264628279,0
X308,1485,-0.197771026,0
X308,1495,-0.617349138,0
X308,1524,0.397491911,0
X308,1568,0.09216286,0
X308,1655,0.026688632,0
X308,1671,0.926146239,0
X308,1810,0.098411708,0
X308,1824,0.231770476,0
X308,1834,-0.398960046,0
X308,1840,-0.93268316,0
X308,1852,-0.474705772,0
X308,1866,-0.166002103,0
X308,1881,0.02051671,0
X308,1898,0.780031408,0
X308,2008,0.099328139,0
X308,2013,-0.435064346,0
X308,2027,0.62558298,0
X308,2160,0.390339296,0
X308,2286,0.39248907,0
X308,2332,0.47506845,0
X308,2358,0.459309209,0
X308,2466,-0.107219711,0
X308,2481,-0.178146225,0
X308,2496,-0.451267103,0
X308,2562,0.181599753,0
X308,2601,0.193394052,0
X308,2614,-0.31459105,0
X308,2666,-0.117522912,0
X308,2693,-0.267408289,0
X308,2771,0.126672339,0
X308,2775,0.287031436,0
X308,2849,0.439643681,0
X308,2887,-0.363208407,0
X308,2888,-0.357464782,0
X308,2953,0.638553044,0
X308,2969,-0.009866395,0
X308,3094,0.376801212,0
X308,3103,-0.116368334,0
X308,3121,-0.122598408,0
X308,3179,-0.205090144,0
X308,3201,-0.190723775,0
X308,3235,-0.109181284,0
X308,3241,0.047821665,0
X308,3250,-0.399162207,0
X308,3280,0.435864908,0
X308,3434,-0.146540226,0
X308,3465,-0.6926202,0
X308,3539,-0.048548331,0
X308,3551,0.189768837,0
X308,3612,0.061490265,0
X308,3642,0.113382582,0
X308,3662,0.05602247,0
X308,3791,-0.418653484,0
X308,3819,0.755840379,0
X308,3849,0.364355601,0
X308,3911,-0.003068278,0
X308,3968,0.967646614,0
X308,4004,0.059235037,0
X308,4005,-0.172941459,0
X308,4053,0.111637824,0
X308,4132,0.088898725,0
X308,4159,-0.635899199,0
X308,4185,-0.199540375,0
X308,4201,-0.525212815,0
X309,43,-0.339863857,0
X309,107,-0.191859756,0
X309,113,-0.239078056,0
X309,120,0.335455874,0
X309,256,0.02168058,0
X309,375,-0.780724612,0
X309,393,0.327071525,0
X309,413,-0.010628391,0
X309,449,0.45262052,0
X309,473,0.118228629,0
X309,525,0.0297236,0
X309,560,-0.069101634,0
X309,617,-0.128885704,0
X309,631,0.032761815,0
X309,675,1.239643166,1
X309,758,-0.421060257,0
X309,877,-0.132698364,0
X309,878,0.468022199,0
X309,949,0.722694017,0
X309,953,-0.102783548,0
X309,978,0.240117637,0
X309,989,-0.072830612,0
X309,1008,-0.11075204,0
X309,1087,-0.051719744,0
X309,1088,0.07908204,0
X309,1096,0.096802365,0
X309,1141,0.118670996,0
X309,1154,0.264843325,0
X309,1157,-0.131639786,0
X309,1268,0.436859748,0
X309,1284,-0.339155883,0
X309,1291,0.15440326,0
X309,1295,-0.019477931,0
X309,1302,0.184730896,0
X309,1312,-0.714408019,0
X309,1323,0.258353898,0
X309,1374,0.071708222,0
X309,1389,0.042724124,0
X309,1419,0.135390623,0
X309,1421,0.220144545,0
X309,1426,empty,0
X309,1447,0.274343422,0
X309,1450,0.151464384,0
X309,1485,0.087136771,0
X309,1495,-0.291356349,0
X309,1517,-0.498823965,0
X309,1524,-0.229959173,0
X309,1565,0.20928176,0
X309,1717,-0.07734592,0
X309,1729,0.088608745,0
X309,1834,0.453814337,0
X309,1844,-0.146822778,0
X309,1886,0.115649165,0
X309,1894,-0.158482436,0
X309,1900,-0.449090606,0
X309,1993,0.072781063,0
X309,2008,0.287313778,0
X309,2108,-0.208742637,0
X309,2287,-0.246279009,0
X309,2430,0.096299206,0
X309,2467,0.213554962,0
X309,2481,-0.211379691,0
X309,2483,0.135686683,0
X309,2494,-0.189825259,0
X309,2534,0.107874585,0
X309,2636,0.930848485,0
X309,2638,0.637740768,0
X309,2666,-0.245006663,0
X309,2691,-0.415312067,0
X309,2708,0.203356346,0
X309,2763,0.314358396,0
X309,2784,0.04059841,0
X309,2815,0.423144496,0
X309,2816,-0.295922693,0
X309,2817,0.305244593,0
X309,2848,0.372572822,0
X309,2870,0.27084616,0
X309,2876,0.476601809,0
X309,2888,0.751718511,0
X309,2893,0.336107665,0
X309,2962,0.737524375,0
X309,2968,-0.016173042,0
X309,2969,0.275520506,0
X309,3027,0.904395544,0
X309,3041,-0.23770983,0
X309,3201,-0.135847662,0
X309,3226,-0.032784243,0
X309,3241,-0.271678444,0
X309,3375,0.268442936,0
X309,3385,-0.332548765,0
X309,3433,-0.135993507,0
X309,3539,0.124878617,0
X309,3551,0.210815217,0
X309,3571,0.215902387,0
X309,3572,-0.174332053,0
X309,3630,-0.233104902,0
X309,3670,0.199099102,0
X309,3696,0.646639216,0
X309,3747,-0.535850224,0
X309,3780,-0.644606145,0
X309,3795,-0.15740178,0
X309,3819,0.52287473,0
X309,3844,0.097923867,0
X309,3918,0.089421878,0
X309,3940,0.230839959,0
X309,4002,-0.172665044,0
X309,4003,-0.299375812,0
X309,4005,0.095347838,0
X309,4053,-0.361683754,0
X309,4087,0.000910175,0
X309,4126,-0.275167603,0
X309,4132,-0.237917828,0
X309,4148,-0.460996155,0
X309,4159,0.165887843,0
X309,4184,0.565896243,0
X309,4185,-0.503512706,0
X309,4197,-0.083302933,0
X309,4200,-0.085167576,0
X310,36,-0.294523195,0
X310,107,-0.031768463,0
X310,156,-0.180709765,0
X310,199,-0.294444585,0
X310,207,0.024107188,0
X310,222,-0.05252615,0
X310,256,0.133245508,0
X310,294,0.052536353,0
X310,343,-0.279551067,0
X310,386,0.029295621,0
X310,401,0.173902132,0
X310,410,0.067085766,0
X310,414,0.151484316,0
X310,499,0.003815961,0
X310,549,-0.722053307,0
X310,575,-0.10734415,0
X310,669,-0.055994898,0
X310,690,0.336580656,0
X310,758,0.387667831,0
X310,769,0.030399209,0
X310,807,-0.259543897,0
X310,817,0.004109334,0
X310,879,-0.011858908,0
X310,893,-0.072921653,0
X310,949,0.160519906,0
X310,986,0.127991176,0
X310,996,-0.025328337,0
X310,1021,0.112002057,0
X310,1061,0.195853298,0
X310,1119,0.008613221,0
X310,1239,0.189538341,0
X310,1248,-0.111654206,0
X310,1268,0.234298889,0
X310,1285,-0.171446759,0
X310,1359,0.13606962,0
X310,1421,0.323809098,0
X310,1450,0.163043392,0
X310,1472,-0.257180717,0
X310,1483,0.021935877,0
X310,1512,0.101453018,0
X310,1530,0.118880196,0
X310,1746,-0.062335067,0
X310,1829,0.035745012,0
X310,1879,-0.164067216,0
X310,1881,0.243214017,0
X310,1900,0.354248024,0
X310,1945,0.213957978,0
X310,1952,0.245784787,0
X310,1991,0.357485234,0
X310,2055,0.116980925,0
X310,2076,0.276142278,0
X310,2116,0.209098289,0
X310,2245,-0.323285824,0
X310,2368,0.0311691,0
X310,2402,0.192934791,0
X310,2466,-0.047242316,0
X310,2481,0.023085115,0
X310,2499,-0.222547991,0
X310,2613,-0.383783982,0
X310,2614,-0.240667634,0
X310,2622,0.167965459,0
X310,2648,0.262105437,0
X310,2848,-0.033633225,0
X310,2968,0.037426665,0
X310,2982,-0.142019998,0
X310,3094,-0.261847661,0
X310,3103,-0.192284278,0
X310,3121,0.037992901,0
X310,3231,0.284904023,0
X310,3241,0.08438855,0
X310,3279,-0.253434632,0
X310,3292,0.031370148,0
X310,3328,0.231874396,0
X310,3343,-0.221641182,0
X310,3371,0.160540646,0
X310,3460,-0.069366721,0
X310,3496,-0.39942077,0
X310,3512,-0.273537608,0
X310,3572,0.089715146,0
X310,3642,0.001491401,0
X310,3705,0.146585502,0
X310,3795,-0.067002829,0
X310,3801,-0.380730937,0
X310,3805,0.008978592,0
X310,3867,0.209951715,0
X310,3964,0.005191954,0
X310,4001,-0.246590269,0
X310,4052,-0.019608074,0
X310,4053,0.107690298,0
X310,4087,-0.06178853,0
X310,4119,0.037514885,0
X310,4121,0.03623295,0
X310,4127,-0.139869765,0
X310,4142,-0.10180972,0
X310,4164,-0.267944084,0
X310,4204,0.110182572,0
X311,3,2.000124671,0
X311,43,1.09711195,1
X311,58,2.449925172,1
X311,170,-1.298245621,1
X311,211,-2.411044227,0
X311,247,0.587117127,0
X311,249,-2.253709296,1
X311,268,-2.737273294,1
X311,375,2.030012715,1
X311,386,-0.244928334,1
X311,393,-1.42713023,0
X311,413,-1.520366559,0
X311,449,-1.477479037,0
X311,485,1.891328005,1
X311,486,-0.182521539,0
X311,503,1.422742401,1
X311,536,1.911875157,0
X311,575,1.299219817,0
X311,624,-0.240752521,1
X311,675,2.80622292,1
X311,837,1.674736016,1
X311,855,1.285911866,0
X311,877,1.783741692,1
X311,914,-1.211961103,0
X311,943,2.968351607,1
X311,971,5.451571617,0
X311,1037,-3.027229535,1
X311,1094,2.885485569,1
X311,1096,1.328465325,1
X311,1100,0.356223936,1
X311,1119,5.016332449,1
X311,1151,0.753136493,0
X311,1157,-0.179243467,1
X311,1178,2.781749709,1
X311,1284,2.073795858,1
X311,1374,1.206115468,0
X311,1419,1.588869555,1
X311,1485,1.545237749,0
X311,1592,1.943166744,0
X311,1600,1.561853823,1
X311,1680,-0.339729972,1
X311,1691,2.885710093,1
X311,1810,0.952260025,1
X311,1812,4.407218155,1
X311,1868,0.966351413,1
X311,1891,-0.643837936,0
X311,1894,-0.707473839,0
X311,1990,-0.049235014,1
X311,1991,-0.936963812,0
X311,1992,-0.717135872,1
X311,2027,-0.493527338,1
X311,2082,0.885032801,1
X311,2127,2.732999972,1
X311,2286,-0.966701275,0
X311,2375,-3.43573105,0
X311,2407,-5.970603938,0
X311,2452,1.01633198,0
X311,2466,2.188742834,0
X311,2467,-1.364777258,0
X311,2483,-0.357988972,1
X311,2494,2.037350181,1
X311,2534,3.175093613,1
X311,2576,2.35089455,1
X311,2638,-0.243790389,1
X311,2696,-0.055088517,0
X311,2719,0.023248029,1
X311,2817,-1.434666406,1
X311,2843,-1.469260695,0
X311,2848,-0.889674059,1
X311,2888,0.578717497,0
X311,2893,3.538678005,1
X311,2899,-0.114207351,0
X311,3094,4.986189398,1
X311,3103,2.614989933,1
X311,3201,-2.909337133,0
X311,3202,-0.700723446,0
X311,3231,2.771512976,1
X311,3233,0.225390746,0
X311,3249,-1.313129913,1
X311,3328,-2.821408489,0
X311,3343,-0.601385361,1
X311,3360,-0.719538826,0
X311,3396,0.056465274,1
X311,3496,-1.744664646,1
X311,3540,1.404684806,1
X311,3546,0.186170486,1
X311,3662,0.314957762,0
X311,3691,0.311088324,1
X311,3756,2.862444581,1
X311,3780,3.23387222,0
X311,3781,-5.278510151,1
X311,3801,2.751263062,1
X311,3849,-2.15860215,0
X311,3867,-1.848978621,0
X311,3877,2.198924236,1
X311,3911,1.311135749,1
X311,3918,-0.554982553,0
X311,3954,1.053207467,1
X311,4005,-2.309835052,0
X311,4095,-2.652871567,0
X311,4119,1.312082828,0
X311,4132,1.933756017,1
X311,4200,4.000461026,1
X311,4201,-0.422483745,1
X312,11,0.01383071,0
X312,58,0.00322575,0
X312,199,0.184808398,0
X312,211,0.31059258,0
X312,214,-0.068369131,0
X312,229,0.185559495,0
X312,274,-0.260626912,0
X312,283,-0.132818168,0
X312,410,-0.294548648,0
X312,543,0.196568515,0
X312,553,0.61932533,0
X312,575,-0.136460284,0
X312,631,-0.143604093,0
X312,657,-0.081317549,0
X312,663,0.207712053,0
X312,855,-0.464590695,0
X312,865,-0.14791552,0
X312,877,-0.297758056,0
X312,878,-0.25363497,0
X312,943,-0.537290802,0
X312,949,0.067236099,0
X312,959,-0.164624615,0
X312,1108,0.092919073,0
X312,1119,-0.117048574,0
X312,1129,-0.698534889,0
X312,1141,-0.158922374,0
X312,1178,0.110140002,0
X312,1285,-0.418938378,0
X312,1295,0.258179776,0
X312,1312,0.348622366,0
X312,1323,0.119972363,0
X312,1389,0.074631604,0
X312,1392,-0.037832457,0
X312,1419,0.265274982,0
X312,1421,0.175485048,0
X312,1426,-0.233723614,0
X312,1447,0.175849415,0
X312,1512,-0.350517966,0
X312,1517,0.134931584,0
X312,1552,-0.216830861,0
X312,1568,-0.031368273,0
X312,1654,-0.228642099,0
X312,1700,-0.064269139,0
X312,1717,0.39485866,0
X312,1814,0.241349103,0
X312,1844,-0.056936018,0
X312,1868,-0.012820878,0
X312,1900,-0.856681624,0
X312,1938,-0.057213108,0
X312,1990,0.087163002,0
X312,1992,-0.031846615,0
X312,1993,-0.016817233,0
X312,2027,-0.006510295,0
X312,2110,-0.025357937,0
X312,2127,0.006528146,0
X312,2135,-0.107384453,0
X312,2241,-0.015484386,0
X312,2434,0.186320151,0
X312,2452,0.158348907,0
X312,2494,0.418934194,0
X312,2536,-0.041612231,0
X312,2601,0.164680656,0
X312,2613,0.240091384,0
X312,2783,-0.177274094,0
X312,2848,-0.034421596,0
X312,2850,0.111990997,0
X312,2879,-0.220147908,0
X312,2893,0.295573492,0
X312,2915,-0.138766332,0
X312,2952,0.036086724,0
X312,2953,-0.199707739,0
X312,2962,-0.601484359,0
X312,3088,0.087602888,0
X312,3147,0.066465434,0
X312,3179,-0.030442416,0
X312,3231,-0.104297711,0
X312,3250,-0.104786675,0
X312,3343,-0.272956767,0
X312,3385,-0.193863847,0
X312,3396,0.139202761,0
X312,3440,0.355569512,0
X312,3476,-0.314720595,0
X312,3482,0.52841385,0
X312,3630,0.276905628,0
X312,3638,-0.219701334,0
X312,3696,-0.306234064,0
X312,3746,-0.230068342,0
X312,3772,0.052153764,0
X312,3781,-0.010029829,0
X312,3801,-0.004900799,0
X312,3905,0.188729811,0
X312,3964,0.113540005,0
X312,3968,0.391791405,0
X312,4004,-0.252219143,0
X312,4005,0.009879136,0
X312,4017,0.489619905,0
X312,4029,0.12628053,0
X312,4041,-0.070933533,0
X312,4119,0.48378566,0
X312,4132,0.102865578,0
X312,4201,-0.013944881,0
X313,36,-0.403598585,1
X313,43,-0.211288113,1
X313,73,1.163728626,1
X313,120,2.326645346,0
X313,127,2.318974422,0
X313,191,1.569218278,0
X313,211,5.129612036,0
X313,222,-0.394645462,0
X313,308,2.03396866,0
X313,485,-2.107067567,0
X313,499,-5.236361976,0
X313,503,1.29243913,0
X313,543,-0.419342038,0
X313,553,-0.456907718,1
X313,561,0.8510205,0
X313,675,-1.305845664,0
X313,689,0.322562895,1
X313,836,-1.373418432,1
X313,851,4.892614943,0
X313,855,0.419931467,1
X313,877,1.388061548,1
X313,878,0.497843716,0
X313,914,-1.391884205,0
X313,958,1.291577428,0
X313,996,-1.093657947,0
X313,1089,0.149352545,0
X313,1096,-0.060563761,0
X313,1100,-1.055624888,0
X313,1141,0.735626232,0
X313,1239,2.515004023,1
X313,1278,2.502045369,1
X313,1300,0.619795363,0
X313,1389,-0.757560891,0
X313,1421,2.083990459,0
X313,1436,2.219128374,0
X313,1447,-1.59901485,0
X313,1483,-0.844192743,0
X313,1495,-2.428453817,0
X313,1524,0.732209345,0
X313,1568,0.060009709,0
X313,1600,2.908084407,0
X313,1612,-0.233161153,0
X313,1680,2.603436885,0
X313,1693,1.670080098,1
X313,1711,1.666838324,0
X313,1829,4.462501847,0
X313,1866,3.414317614,0
X313,1886,4.222793044,1
X313,1894,1.346098553,0
X313,1944,1.114188632,0
X313,1945,1.538794425,1
X313,1973,-1.3441343,0
X313,1990,-1.514545925,0
X313,1994,3.100820117,1
X313,1999,1.886118851,1
X313,2008,-0.964443354,0
X313,2028,4.027316379,1
X313,2082,-1.559861243,1
X313,2110,-2.801657752,0
X313,2137,0.497808069,0
X313,2358,-2.721189114,0
X313,2551,2.575480382,0
X313,2576,-1.623505146,0
X313,2624,-3.482382801,0
X313,2775,-1.080166816,0
X313,2783,2.733396417,1
X313,2843,-1.33763189,0
X313,2848,-0.077610867,0
X313,2893,-2.328987068,0
X313,2953,6.85729992,1
X313,2969,0.965173156,0
X313,3041,2.498723677,0
X313,3088,0.428509759,1
X313,3099,1.151023904,1
X313,3103,2.401826432,1
X313,3233,-0.77198034,0
X313,3328,2.487086253,0
X313,3340,-0.561841217,1
X313,3496,0.57846152,0
X313,3540,-2.032600229,0
X313,3544,2.008880538,1
X313,3631,-1.630719352,0
X313,3696,-1.147102284,1
X313,3781,0.963278515,0
X313,3783,-0.116506294,0
X313,3844,-0.322670534,0
X313,3849,1.073757376,0
X313,3877,1.014078627,0
X313,3911,-1.918109858,0
X313,3964,2.848260474,0
X313,3973,-0.252145511,1
X313,4003,5.315657084,1
X313,4029,0.901313079,0
X313,4052,0.55763558,0
X313,4087,-0.941010726,1
X313,4095,3.568350394,1
X313,4127,-1.871894545,0
X313,4132,-2.199285532,0
X313,4156,-0.067577579,0
X313,4164,-0.795258374,0
X313,4201,0.857958844,1
X314,58,1.165005146,1
X314,73,0.896441193,0
X314,107,0.489596584,1
X314,127,-2.93991417,0
X314,162,1.34541071,1
X314,343,1.488888917,0
X314,386,0.763126148,1
X314,401,0.235074711,0
X314,473,-0.608897118,0
X314,536,-0.925726639,1
X314,573,1.131263661,1
X314,689,-0.915348755,0
X314,782,-0.832279613,0
X314,807,-0.795298067,0
X314,817,6.003614812,0
X314,836,-0.061254561,0
X314,878,1.318941589,1
X314,943,0.003993461,1
X314,959,4.816384505,0
X314,1087,3.082325088,0
X314,1089,1.015931835,1
X314,1129,-0.889540475,0
X314,1138,3.671112664,1
X314,1268,0.729958426,1
X314,1389,5.377489601,1
X314,1450,-0.687076809,0
X314,1517,4.628034123,1
X314,1524,0.016834782,0
X314,1530,1.079975187,0
X314,1580,1.004059967,1
X314,1598,0.47457197,0
X314,1600,1.133711541,1
X314,1615,-6.166512519,0
X314,1671,-0.728487409,0
X314,1693,-1.865184605,0
X314,1709,2.084611173,1
X314,1725,3.331388704,0
X314,1852,-2.326980067,0
X314,1881,1.863774635,1
X314,1886,1.746350366,0
X314,1894,2.436148448,1
X314,2044,0.108262019,0
X314,2108,0.420471406,0
X314,2198,-0.490044455,0
X314,2241,-2.355977111,1
X314,2245,-0.761088638,0
X314,2287,3.269028829,0
X314,2290,0.465470538,0
X314,2368,-0.477071177,0
X314,2430,-0.94323053,1
X314,2452,1.943182699,1
X314,2551,-1.31709374,1
X314,2601,2.412186032,0
X314,2693,0.844272207,1
X314,2706,0.093412707,0
X314,2708,1.567247202,0
X314,2771,1.299802977,0
X314,2816,4.288688833,1
X314,2850,-2.2790947,0
X314,2884,0.709017386,0
X314,2893,2.523564066,1
X314,2899,0.082546346,1
X314,2939,-1.141731966,0
X314,2992,0.474496518,0
X314,3079,3.169667823,1
X314,3094,2.765558391,1
X314,3226,2.678404117,1
X314,3241,-2.086102527,0
X314,3340,1.758267931,0
X314,3375,0.565037491,1
X314,3436,-0.757330504,0
X314,3572,-0.062271909,0
X314,3612,1.183644615,0
X314,3631,0.873375194,0
X314,3710,-2.673970115,0
X314,3727,0.273586827,0
X314,3747,2.364740798,1
X314,3801,2.669516501,0
X314,3881,3.233851671,1
X314,3911,-2.04278086,0
X314,3928,-1.582395499,0
X314,3964,-0.846164468,1
X314,3966,1.459430076,1
X314,3968,1.098810585,0
X314,4027,2.346082018,1
X314,4029,-1.540688951,1
X314,4039,1.117028898,1
X314,4095,-4.010060703,0
X314,4110,0.590960464,1
X315,36,0.199272761,0
X315,183,1.041247112,0
X315,207,0.72664764,0
X315,222,-0.707110864,0
X315,274,0.579741637,0
X315,287,-0.406686752,0
X315,483,0.172778646,0
X315,499,0.372874914,0
X315,536,-1.243464337,0
X315,543,0.329254234,0
X315,549,-0.104547438,0
X315,553,1.269346206,0
X315,567,0.184624604,0
X315,622,0.175132854,0
X315,631,-0.185988985,0
X315,634,-0.70466474,0
X315,663,0.530302381,0
X315,689,-0.650154377,0
X315,855,1.442937894,0
X315,865,0.117401896,0
X315,877,-0.827570833,0
X315,893,-0.277242753,0
X315,897,-0.34630691,0
X315,914,0.678155835,0
X315,996,-0.236177511,0
X315,1010,-0.246788879,0
X315,1061,0.689101687,0
X315,1088,0.017671686,0
X315,1141,-0.211168861,0
X315,1183,-0.001680598,0
X315,1249,1.162334356,0
X315,1285,-0.524455917,0
X315,1375,0.900525279,0
X315,1400,0.205892075,0
X315,1485,-0.034511868,0
X315,1517,-0.178579875,0
X315,1612,-0.304905719,0
X315,1709,-0.649455667,0
X315,1725,-0.53706187,0
X315,1733,0.714260187,0
X315,1746,0.911367994,0
X315,1824,0.29932026,0
X315,1826,-0.074219295,0
X315,1844,-0.461118449,0
X315,1852,-1.288888196,0
X315,1886,0.685430423,0
X315,1894,-0.618709793,0
X315,1990,-0.34314601,0
X315,1993,0.094844655,0
X315,2008,-0.522736619,0
X315,2076,-0.543477354,0
X315,2276,0.485023278,0
X315,2333,0.17036502,0
X315,2368,-0.446460549,0
X315,2430,-0.235663056,0
X315,2452,-0.14143476,0
X315,2481,0.716757642,0
X315,2499,0.1857249,0
X315,2562,-0.589774113,0
X315,2614,0.171355749,0
X315,2624,-1.011051389,0
X315,2679,-0.100198532,0
X315,2784,-1.01894709,0
X315,2849,1.28955435,0
X315,2939,-0.175679075,0
X315,2952,-0.064286978,0
X315,2969,0.382569298,0
X315,2982,0.276440984,0
X315,3064,0.131253858,0
X315,3079,-0.632647491,0
X315,3099,0.820071623,0
X315,3103,-1.119038066,0
X315,3162,0.094240465,0
X315,3220,-0.360532267,0
X315,3226,1.037781483,0
X315,3436,empty,0
X315,3440,0.175541555,0
X315,3511,0.27829653,0
X315,3512,0.312287137,0
X315,3630,-0.535590513,0
X315,3631,0.312250541,0
X315,3662,0.236502934,0
X315,3691,0.709243807,0
X315,3727,-0.191784055,0
X315,3746,-1.656779254,0
X315,3881,0.150167158,0
X315,3905,0.346745761,0
X315,3911,1.774612109,1
X315,3918,-0.892621771,0
X315,4004,-1.375118643,0
X315,4005,-0.684109053,0
X315,4017,1.116066428,0
X315,4021,-2.374348354,0
X315,4027,0.950874622,0
X315,4039,-0.896078801,0
X315,4041,1.003980758,0
X315,4095,-0.3319262,0
X315,4110,-1.13845213,0
X315,4121,-0.430044684,0
X315,4168,-1.878886219,0
X315,4197,-0.237999568,0
X315,4200,-0.410337072,0
X315,4201,-0.635419086,0
X316,11,0.10738128,0
X316,43,2.466062844,0
X316,127,0.284328929,1
X316,156,1.113259522,0
X316,170,-0.01368943,0
X316,192,-0.559273633,0
X316,211,-0.2385334,1
X316,256,1.202350569,0
X316,268,0.318769352,0
X316,287,-1.12244273,0
X316,386,1.272063463,0
X316,389,2.910337382,1
X316,393,0.740025075,0
X316,419,2.255695774,1
X316,473,-1.454808449,0
X316,486,-0.38832767,0
X316,525,-1.174102425,0
X316,560,-1.94160411,0
X316,575,0.844274117,0
X316,687,-0.872152267,1
X316,689,-0.929287702,0
X316,690,-0.109966487,0
X316,780,-2.18084801,0
X316,782,0.255446768,0
X316,807,0.266999102,0
X316,836,2.118698049,0
X316,865,1.515809332,0
X316,897,0.348940309,0
X316,959,2.643884111,0
X316,996,0.871038371,0
X316,1061,-1.290439733,0
X316,1064,1.585534753,1
X316,1119,0.936295836,0
X316,1129,-0.209281041,0
X316,1157,0.810120743,1
X316,1239,-1.21134686,0
X316,1278,2.556038741,0
X316,1332,0.950131179,0
X316,1441,-0.20994322,1
X316,1472,1.100803267,1
X316,1586,1.250992936,0
X316,1592,-0.663263332,0
X316,1700,-0.376605579,1
X316,1708,-3.026584647,1
X316,1733,0.009770483,0
X316,1812,1.25332441,0
X316,1824,0.270135235,1
X316,1829,-0.029219567,0
X316,1840,1.335593945,0
X316,1844,0.789714782,0
X316,1868,-0.630129125,0
X316,1894,-1.069179908,0
X316,1900,-1.815153163,0
X316,1938,2.342331353,0
X316,1952,-0.007229544,0
X316,1991,1.295326276,0
X316,1993,0.107332631,0
X316,1999,2.031165053,0
X316,2008,1.588962163,1
X316,2055,1.019689229,0
X316,2082,0.53368396,0
X316,2104,-0.753362802,0
X316,2108,-0.590219046,1
X316,2127,0.51512475,0
X316,2188,1.318581967,0
X316,2198,2.075364069,0
X316,2305,0.365481921,0
X316,2333,-2.119857726,0
X316,2358,1.536228464,0
X316,2481,-0.192616098,0
X316,2561,0.077633737,0
X316,2613,3.535472485,1
X316,2648,0.234069551,0
X316,2815,0.878538768,1
X316,2850,1.30285738,0
X316,2870,-2.635451512,0
X316,2915,-0.3007476,1
X316,2968,-1.569780967,0
X316,2992,-1.818413682,0
X316,3201,-2.682401008,0
X316,3220,-1.126195253,1
X316,3235,-0.792496991,0
X316,3292,-0.737184784,0
X316,3345,-0.188276049,0
X316,3390,4.016232886,0
X316,3436,-1.484459332,0
X316,3496,-1.227002922,0
X316,3546,0.765080618,0
X316,3642,-1.078096879,0
X316,3670,0.490952457,0
X316,3691,1.26544029,0
X316,3696,-0.82323297,0
X316,3705,1.166416659,0
X316,3772,3.162390079,0
X316,3824,0.641657514,0
X316,3844,-1.684314571,0
X316,3849,-0.547449017,0
X316,3881,1.037537011,0
X316,3911,2.031808954,0
X316,3928,1.011169021,0
X316,3940,-1.03011968,0
X316,4003,3.297334186,0
X316,4039,-0.518475756,0
X316,4041,-2.179222143,0
X316,4110,0.870530372,0
X316,4113,0.245445953,0
X316,4119,-0.774821926,0
X316,4126,1.05371829,0
X316,4148,-0.904300085,0
X316,4164,-0.302003799,0
X316,4197,1.489150984,0
X316,4200,0.91642121,1
X316,4201,-0.092614274,0
X317,58,0.404631881,0
X317,156,0.372529869,0
X317,162,-0.218263063,0
X317,183,0.035575363,0
X317,283,-0.021985809,0
X317,401,0.00253172,0
X317,419,-0.098274977,0
X317,485,0.804141854,0
X317,486,0.001477123,0
X317,536,-0.297916318,0
X317,573,-0.744024347,0
X317,613,-0.60835537,0
X317,622,0.381943888,0
X317,630,0.202476833,0
X317,631,-0.055706251,0
X317,634,-0.382135627,0
X317,758,-0.457406849,0
X317,780,-0.087576633,0
X317,851,0.304499351,0
X317,875,-0.362532356,0
X317,907,0.655149539,0
X317,953,0.272298257,0
X317,959,0.013456414,0
X317,978,0.1581916,0
X317,986,-0.032235567,0
X317,1108,-0.343996195,0
X317,1183,-0.124951714,0
X317,1187,0.393914627,0
X317,1248,-0.706122727,0
X317,1268,-0.326914347,0
X317,1278,-0.152260787,0
X317,1323,-0.067600908,0
X317,1400,empty,0
X317,1447,-0.377763986,0
X317,1485,0.141777363,0
X317,1512,-0.226073227,0
X317,1524,-0.503331928,0
X317,1552,-0.442578167,0
X317,1565,-0.045509539,0
X317,1581,0.008475991,0
X317,1691,0.601928042,0
X317,1709,-0.284291527,0
X317,1775,0.309753003,0
X317,1829,0.167940531,0
X317,1834,-0.38333013,0
X317,1879,0.187149185,0
X317,1886,-0.501744732,0
X317,1900,-0.39619012,0
X317,1944,-0.333851344,0
X317,1994,-0.074374467,0
X317,2245,-0.070477676,0
X317,2305,-0.071692574,0
X317,2445,0.162460867,0
X317,2562,0.902543565,0
X317,2622,0.529000799,0
X317,2624,-0.186610549,0
X317,2706,empty,0
X317,2775,-0.068404606,0
X317,2783,-0.230151421,0
X317,2870,0.33272016,0
X317,2899,0.190950479,0
X317,2939,-0.271535455,0
X317,2953,-0.564543438,0
X317,2982,0.397315849,0
X317,3064,-0.47220506,0
X317,3069,-0.205213959,0
X317,3079,0.423370446,0
X317,3179,0.312580501,0
X317,3220,0.099696188,0
X317,3235,0.212983134,0
X317,3340,-0.045390365,0
X317,3343,0.014731898,0
X317,3360,0.447934962,0
X317,3433,0.535408131,0
X317,3434,-0.306956244,0
X317,3436,-0.73548784,0
X317,3544,0.372046483,0
X317,3546,-0.313662574,0
X317,3572,0.163596092,0
X317,3677,-0.702742947,0
X317,3723,0.241402074,0
X317,3791,-0.478661053,0
X317,3844,-0.135989424,0
X317,3881,-0.08733448,0
X317,3928,-0.275269486,0
X317,3954,-0.114590536,0
X317,3966,0.175763241,0
X317,4017,-0.386678665,0
X317,4027,-0.440836165,0
X317,4052,0.023284136,0
X317,4095,0.212726463,0
X317,4119,0.331591249,0
X317,4126,0.339477809,0
X317,4168,0.302731399,0
X318,162,0.022495859,0
X318,170,-0.165374095,0
X318,191,-0.030459283,0
X318,192,-0.05435244,0
X318,283,-0.006712522,0
X318,284,-0.110463849,0
X318,375,0.021327555,0
X318,386,0.05089456,0
X318,414,0.191245108,0
X318,485,0.084728863,0
X318,486,-0.037138271,0
X318,503,0.011446251,0
X318,530,0.091322649,0
X318,553,0.026437843,0
X318,613,0.015624893,0
X318,617,0.112210575,0
X318,631,0.062906939,0
X318,687,0.027415984,0
X318,782,0.074233781,0
X318,823,0.062407034,0
X318,875,0.048338037,0
X318,876,-0.055576831,0
X318,878,0.021921176,0
X318,907,-0.261966453,0
X318,912,0.02215168,0
X318,1100,0.065221922,0
X318,1103,0.098146213,0
X318,1138,-0.065806917,0
X318,1187,0.03246758,0
X318,1284,0.097355861,0
X318,1312,0.058619467,0
X318,1436,0.079733127,0
X318,1472,0.202710545,0
X318,1524,0.204912162,0
X318,1580,-0.087200944,0
X318,1655,0.083767577,0
X318,1671,-0.055178464,0
X318,1680,-0.042635315,0
X318,1700,0.174904802,0
X318,1709,-0.095412448,0
X318,1729,0.05664169,0
X318,1812,0.027997239,0
X318,1814,-0.058539463,0
X318,1824,-0.12632221,0
X318,1844,0.099081663,0
X318,1881,-0.012311792,0
X318,1894,-0.142239827,0
X318,1945,-0.121247288,0
X318,1990,0.163542116,0
X318,1991,-0.175233602,0
X318,1992,0.074648359,0
X318,1993,0.246180092,0
X318,1997,-0.060458266,0
X318,2055,-0.057941715,0
X318,2108,-0.011435256,0
X318,2135,-0.07363967,0
X318,2137,-0.244400144,0
X318,2245,-0.018921838,0
X318,2286,0.011186651,0
X318,2309,-0.256439024,0
X318,2375,-0.000406199,0
X318,2466,0.003470797,0
X318,2467,-0.255853644,0
X318,2494,-0.067599916,0
X318,2576,0.063185148,0
X318,2613,0.156233137,0
X318,2622,0.225091263,0
X318,2636,-0.100811539,0
X318,2693,0.276290648,0
X318,2775,-0.016639998,0
X318,2815,0.142744724,0
X318,2816,-0.049281637,0
X318,2843,0.01104942,0
X318,2849,-0.018482189,0
X318,2887,-0.111819924,0
X318,2915,-0.055600329,0
X318,2982,-0.086995234,0
X318,3017,-0.052038477,0
X318,3041,-0.012739448,0
X318,3103,-0.065204448,0
X318,3190,0.051585974,0
X318,3233,0.063168827,0
X318,3249,0.047171405,0
X318,3349,-0.050325957,0
X318,3360,0.111280163,0
X318,3385,0.001491488,0
X318,3396,0.209136773,0
X318,3433,0.118763674,0
X318,3496,1.124353081,1
X318,3547,0.023324419,0
X318,3572,0.028924998,0
X318,3642,-0.122796629,0
X318,3670,0.035593722,0
X318,3696,-0.113500742,0
X318,3727,-0.000616165,0
X318,3756,-0.241970489,0
X318,3801,0.049562168,0
X318,3844,0.097466205,0
X318,3867,-0.177931116,0
X318,3911,-0.140747176,0
X318,3928,-0.052140033,0
X318,4004,0.008864635,0
X318,4039,0.153034155,0
X318,4113,0.044985782,0
X318,4142,-0.10409792,0
X318,4164,0.278394655,0
X318,4200,-0.025379304,0
X318,4201,0.017763502,0
X319,216,0.112947181,0
X319,249,-0.069615358,0
X319,283,empty,0
X319,284,-0.005259249,0
X319,294,0.177028755,0
X319,360,-0.202068741,0
X319,389,-0.121049601,0
X319,410,0.039346305,0
X319,413,-0.116232494,0
X319,414,0.069874785,0
X319,431,0.215171245,0
X319,511,0.037886543,0
X319,530,-0.048100967,0
X319,543,-0.077261257,0
X319,573,0.050140054,0
X319,663,0.025188378,0
X319,669,-0.231328086,0
X319,687,-0.192069512,0
X319,782,0.025398949,0
X319,823,-0.027404674,0
X319,865,-0.02290416,0
X319,943,0.030173222,0
X319,953,0.042795547,0
X319,978,-0.142825525,0
X319,1061,empty,0
X319,1096,0.035483045,0
X319,1103,0.122426517,0
X319,1119,-0.026079851,0
X319,1154,-0.17965303,0
X319,1228,0.087892418,0
X319,1249,0.169629072,0
X319,1332,0.041364953,0
X319,1419,-0.118044853,0
X319,1467,0.01453474,0
X319,1483,-0.090853056,0
X319,1530,-0.017917949,0
X319,1592,-0.073502562,0
X319,1598,-0.06588653,0
X319,1612,-0.094172063,0
X319,1690,0.048066355,0
X319,1900,-0.058062392,0
X319,1937,-0.020369323,0
X319,1938,-0.072872047,0
X319,1944,-0.001262665,0
X319,1990,0.007036022,0
X319,1991,0.058208089,0
X319,1993,0.064971226,0
X319,1997,0.013436902,0
X319,1999,-0.02430936,0
X319,2013,0.151200047,0
X319,2028,0.086506493,0
X319,2036,-0.016826513,0
X319,2082,-0.009424144,0
X319,2116,-0.012017975,0
X319,2127,0.035785506,0
X319,2221,-0.073224743,0
X319,2242,-0.059234264,0
X319,2276,0.088176393,0
X319,2286,0.039469541,0
X319,2332,-0.038370345,0
X319,2333,0.003793439,0
X319,2467,0.175765278,0
X319,2496,0.104416651,0
X319,2613,0.032326574,0
X319,2636,0.005809524,0
X319,2677,-0.085413916,0
X319,2818,0.17940785,0
X319,2832,-0.04979953,0
X319,2876,-0.014994824,0
X319,2884,-0.007300175,0
X319,2887,0.003382661,0
X319,2899,0.000815909,0
X319,2939,-0.017212534,0
X319,2953,-0.028926123,0
X319,2962,-0.026416296,0
X319,2968,0.024320029,0
X319,2982,0.017574241,0
X319,2990,-0.024656607,0
X319,3064,0.221224407,0
X319,3079,0.18221183,0
X319,3220,0.075905687,0
X319,3279,-0.029570354,0
X319,3396,0.17766802,0
X319,3433,0.155169469,0
X319,3482,-0.05305433,0
X319,3512,0.007354103,0
X319,3539,0.020971352,0
X319,3540,-0.02992373,0
X319,3612,0.11235973,0
X319,3632,0.061896455,0
X319,3638,0.032254376,0
X319,3705,-0.069787457,0
X319,3723,0.106346194,0
X319,3747,0.103365088,0
X319,3756,0.079632626,0
X319,3772,0.001858174,0
X319,3824,-0.021292175,0
X319,3918,0.159604023,0
X319,3928,-0.045224521,0
X319,3954,-0.066581559,0
X319,3964,0.012574652,0
X319,4001,0.078466881,0
X319,4003,-0.030165815,0
X319,4027,0.030092223,0
X319,4039,-0.028934462,0
X319,4119,0.08829255,0
X319,4148,0.041081686,0
X319,4204,-0.034597031,0
X320,156,-0.06382402,0
X320,162,-0.327021123,0
X320,247,0.005938182,0
X320,283,0.1266486,0
X320,287,-0.4200119,0
X320,485,-0.03248309,0
X320,503,0.219717207,0
X320,567,0.089251721,0
X320,622,-0.143330633,0
X320,634,0.627605512,0
X320,663,-0.081433257,0
X320,689,-0.080022604,0
X320,690,0.426813915,0
X320,758,-0.328944328,0
X320,817,-0.04282762,0
X320,823,0.136172392,0
X320,879,-0.190015234,0
X320,943,-0.268910082,0
X320,949,-0.177765664,0
X320,959,-0.211927288,0
X320,996,0.012374533,0
X320,1089,0.013846236,0
X320,1106,0.173280583,0
X320,1154,0.311991087,0
X320,1224,-0.019253494,0
X320,1228,0.130861022,0
X320,1300,0.448911294,0
X320,1374,-0.862477987,0
X320,1392,0.017218052,0
X320,1426,-0.553440027,0
X320,1447,-0.413313278,0
X320,1512,0.28750263,0
X320,1581,-0.035584607,0
X320,1586,-0.352823806,0
X320,1592,-0.014668091,0
X320,1654,0.138069591,0
X320,1868,-0.194243952,0
X320,1886,-0.392148969,0
X320,1898,0.296665939,0
X320,1999,0.059149734,0
X320,2116,-0.360879969,0
X320,2135,-0.151524326,0
X320,2234,0.402444982,0
X320,2287,0.036708511,0
X320,2375,0.243713883,0
X320,2430,0.421406719,0
X320,2466,0.083747862,0
X320,2499,0.361488131,0
X320,2534,-0.456727593,0
X320,2561,0.176044515,0
X320,2613,0.505950424,0
X320,2636,0.139676488,0
X320,2648,0.230258685,0
X320,2677,-0.217924534,0
X320,2693,0.034008566,0
X320,2696,0.103540791,0
X320,2708,-0.42573866,0
X320,2719,-0.188767998,0
X320,2775,0.476921205,0
X320,2816,-0.015457695,0
X320,2848,0.127112539,0
X320,2876,0.015191358,0
X320,2879,-0.321680898,0
X320,2887,0.383168033,0
X320,2899,0.452589643,0
X320,2952,0.17746,0
X320,2982,0.006495345,0
X320,3017,-0.131055218,0
X320,3027,0.374886868,0
X320,3079,0.41273984,0
X320,3103,0.125774211,0
X320,3147,-0.269763981,0
X320,3162,-0.685531035,0
X320,3179,-0.221407702,0
X320,3202,0.08583293,0
X320,3226,0.309351054,0
X320,3250,0.287286334,0
X320,3340,-0.194730225,0
X320,3349,0.000820302,0
X320,3390,0.175311169,0
X320,3433,0.515301326,0
X320,3440,0.235583245,0
X320,3476,0.266132892,0
X320,3495,0.043319868,0
X320,3540,-0.037370844,0
X320,3572,0.183409568,0
X320,3642,-0.036567804,0
X320,3747,-0.147074064,0
X320,3772,-0.306758478,0
X320,3792,0.288984329,0
X320,3918,-0.024609598,0
X320,4027,-0.176645509,0
X320,4110,-0.235073657,0
X320,4164,0.336058395,0
X320,4184,-0.363073636,0
X321,3,1.509930684,0
X321,12,-0.456090444,1
X321,127,1.003537291,0
X321,156,1.61303632,0
X321,170,-0.68506915,0
X321,222,1.194565263,0
X321,283,0.405692928,0
X321,360,1.834871433,0
X321,375,1.751514471,0
X321,386,2.657217262,0
X321,393,-2.26796092,0
X321,414,-1.552206114,0
X321,419,-0.610066732,0
X321,536,0.562379418,0
X321,543,3.089650753,1
X321,560,-1.469314983,0
X321,573,-1.87212637,0
X321,575,0.469318722,0
X321,616,0.998179864,0
X321,617,-1.996119761,0
X321,622,1.736712301,1
X321,624,0.619875506,0
X321,780,0.715152366,0
X321,807,-1.138494541,0
X321,865,0.562874123,0
X321,897,1.405385073,0
X321,914,2.598124616,1
X321,949,-2.53300525,0
X321,992,-0.106537466,0
X321,1010,-2.878964058,0
X321,1021,0.489341468,0
X321,1089,-0.15697643,0
X321,1096,-0.057791892,0
X321,1129,0.266987917,1
X321,1138,0.778851739,0
X321,1183,1.077555379,0
X321,1228,-1.683507109,0
X321,1291,2.465115678,1
X321,1359,-1.038736509,0
X321,1419,-0.300940677,0
X321,1436,-0.321050338,1
X321,1492,-0.722908375,0
X321,1512,3.178804914,1
X321,1524,-0.437863628,0
X321,1568,3.648818212,1
X321,1592,0.172195722,1
X321,1598,3.092381344,0
X321,1615,1.502797427,0
X321,1635,0.666362424,0
X321,1729,2.490281841,0
X321,1746,-2.546545724,0
X321,1814,-0.356116299,0
X321,1824,-1.036491986,0
X321,1879,-0.261935297,0
X321,1881,1.057158352,0
X321,1900,0.546686474,1
X321,1937,1.03854438,0
X321,1944,1.454388642,1
X321,1973,-2.057508635,0
X321,1992,-1.598907716,0
X321,1997,0.028790383,0
X321,2044,-0.635354692,0
X321,2116,2.228919389,1
X321,2135,1.3785971,1
X321,2137,1.04597137,0
X321,2305,1.094304162,0
X321,2309,0.885878804,0
X321,2333,0.958465952,0
X321,2375,1.395720349,1
X321,2466,1.831933343,1
X321,2467,-1.292557283,0
X321,2481,2.794684801,1
X321,2496,0.266861065,0
X321,2576,2.391940692,0
X321,2624,1.49171756,0
X321,2638,2.00588912,0
X321,2648,0.6076252,0
X321,2673,-1.074319024,0
X321,2691,-0.470960202,0
X321,2706,-0.36784805,0
X321,2719,1.365799311,1
X321,2784,2.239727605,0
X321,2817,0.901844982,0
X321,2843,-0.681977539,0
X321,2884,2.832193012,1
X321,2952,1.074618715,1
X321,2953,2.008892232,0
X321,3041,-3.880656552,0
X321,3064,1.624139342,0
X321,3069,0.836539444,0
X321,3073,-2.386055647,0
X321,3094,0.040483646,1
X321,3099,3.655215492,1
X321,3202,-0.274903025,0
X321,3220,-1.5517219,0
X321,3226,3.027265503,1
X321,3231,-0.051460862,0
X321,3241,1.91067113,1
X321,3249,-1.390570717,1
X321,3292,-2.311391065,1
X321,3328,1.541002813,0
X321,3440,-0.032530147,0
X321,3465,1.441086493,0
X321,3482,-0.174629058,1
X321,3551,0.99594727,0
X321,3670,-2.592411787,0
X321,3824,-0.656936455,1
X321,3877,1.023250524,0
X321,3905,4.473673941,1
X321,3954,-0.639910136,0
X321,3966,0.392634148,0
X321,4021,-0.649164909,0
X321,4029,2.793751044,0
X321,4087,0.450437576,1
X321,4197,0.155058057,1
X322,12,0.46216179,0
X322,127,0.356246391,0
X322,156,0.100095843,0
X322,214,1.122297079,0
X322,256,1.021919555,0
X322,274,0.405101788,0
X322,308,-0.327984733,0
X322,343,-0.046214956,0
X322,375,0.002684185,0
X322,393,0.005733707,0
X322,414,-0.428979872,0
X322,419,-0.729438196,0
X322,431,-0.381023797,0
X322,473,0.573254341,0
X322,525,-0.322875471,0
X322,543,0.349003366,0
X322,575,-0.008383372,0
X322,616,0.397031091,0
X322,663,0.474877383,0
X322,687,0.617282164,0
X322,689,-0.195371441,0
X322,958,-0.24659718,0
X322,959,-0.196140289,0
X322,989,0.833841705,0
X322,1088,-0.673899359,0
X322,1108,-0.365182493,0
X322,1228,0.47293072,0
X322,1374,-0.022611747,0
X322,1447,0.086506405,0
X322,1565,-0.287126727,0
X322,1586,-0.16498058,0
X322,1600,0.98762888,1
X322,1635,-0.262689714,0
X322,1647,0.408627399,0
X322,1693,0.487629102,0
X322,1708,-0.420020948,0
X322,1709,-0.457305186,0
X322,1733,0.473985751,0
X322,1810,-0.140701587,0
X322,1824,0.10182346,0
X322,1844,-0.729555143,0
X322,1868,0.4677501,0
X322,1894,0.002983308,0
X322,1900,0.744312045,0
X322,2013,0.178125118,0
X322,2082,1.103102043,0
X322,2104,0.487998841,0
X322,2188,-0.847645056,0
X322,2198,-0.619032775,0
X322,2221,0.318429875,0
X322,2242,0.100079097,0
X322,2276,-0.224729321,0
X322,2290,-0.881896952,0
X322,2536,0.059422738,0
X322,2613,0.064574683,0
X322,2614,-0.140128019,0
X322,2648,1.1251822,0
X322,2706,0.503488753,0
X322,2719,0.122304344,0
X322,2771,-0.423113102,0
X322,2783,0.530420037,0
X322,2784,-0.525594652,0
X322,2850,0.366458953,0
X322,2888,-0.858536631,0
X322,2893,0.153209893,0
X322,2899,0.288720516,0
X322,2915,0.992722286,0
X322,2953,0.181925176,0
X322,2982,0.299975073,0
X322,2992,-0.197354994,0
X322,3147,0.226574305,0
X322,3162,-0.099589483,0
X322,3201,-0.151133481,0
X322,3249,-0.352365271,0
X322,3280,-0.650224922,0
X322,3292,0.396404323,0
X322,3340,0.87189109,0
X322,3476,0.61307034,0
X322,3496,1.955836385,1
X322,3539,0.131570494,0
X322,3544,0.071686513,0
X322,3552,-0.088836826,0
X322,3557,0.692835648,0
X322,3631,-0.393606709,0
X322,3632,-0.987275568,0
X322,3642,0.588616645,0
X322,3670,0.527913295,0
X322,3677,-0.010590878,0
X322,3691,1.303216519,0
X322,3705,-0.779941817,0
X322,3756,-0.452902498,0
X322,3795,0.345055166,0
X322,3824,-0.252757001,0
X322,3877,-0.105648387,0
X322,3905,0.583655216,0
X322,3964,0.127826184,0
X322,3968,0.28551889,0
X322,3973,0.149438632,0
X322,4003,-0.035381623,0
X322,4004,0.275353562,0
X322,4052,-1.063410856,0
X322,4156,-0.169983786,0
X322,4168,0.123279328,0
X323,36,0.07621729,0
X323,73,-0.079559029,0
X323,214,0.297783302,0
X323,247,0.046511643,0
X323,274,0.155544727,0
X323,287,0.181351551,0
X323,308,0.15696728,0
X323,375,0.420896869,0
X323,431,0.868278709,0
X323,483,-0.526999816,0
X323,499,0.889395417,0
X323,503,0.233477678,0
X323,530,0.001466566,0
X323,536,-0.638874139,0
X323,549,0.497004401,0
X323,553,-0.039460391,0
X323,575,-0.205761389,0
X323,617,-0.160711745,0
X323,649,0.1642328,0
X323,675,0.47148386,0
X323,689,-0.271811631,0
X323,712,-0.364313008,0
X323,807,0.26084447,0
X323,851,0.030948976,0
X323,855,-0.162221389,0
X323,876,0.358108347,0
X323,878,0.038326996,0
X323,954,0.217270803,0
X323,959,0.073977507,0
X323,992,0.136810442,0
X323,1046,0.018602471,0
X323,1087,-0.252458482,0
X323,1088,0.136830374,0
X323,1089,0.551666444,0
X323,1154,0.364478103,0
X323,1178,0.005905531,0
X323,1183,-0.432695643,0
X323,1291,-0.106938002,0
X323,1295,-0.090260419,0
X323,1300,0.083626158,0
X323,1329,-0.210541991,0
X323,1447,-0.010956368,0
X323,1467,-0.480709548,0
X323,1485,0.075489032,0
X323,1524,0.355222982,0
X323,1525,-0.294783908,0
X323,1635,0.014152932,0
X323,1655,-0.078454434,0
X323,1690,0.405844336,0
X323,1708,-0.070129431,0
X323,1711,-0.706116856,0
X323,1729,0.205318509,0
X323,1812,0.919238235,0
X323,1840,-0.060313705,0
X323,1868,-0.207702287,0
X323,1898,-0.12787496,0
X323,1943,0.326083259,0
X323,1945,-0.218982663,0
X323,1990,0.647868047,0
X323,1991,0.969044187,0
X323,1992,0.374053682,0
X323,2110,-0.542833551,0
X323,2198,-0.057193869,0
X323,2221,-0.049159093,0
X323,2276,0.015375532,0
X323,2333,-0.110459755,0
X323,2402,-0.108209621,0
X323,2445,0.106978021,0
X323,2466,0.429391565,0
X323,2481,0.269459625,0
X323,2534,0.323781213,0
X323,2561,0.014121642,0
X323,2576,-0.449485057,0
X323,2601,-0.124588012,0
X323,2624,0.226945232,0
X323,2648,-0.121797369,0
X323,2763,0.028731607,0
X323,2816,-0.211913908,0
X323,2888,-0.169379899,0
X323,2952,0.079693548,0
X323,2966,0.701999349,0
X323,2992,-0.43833387,0
X323,3027,0.354717195,0
X323,3041,0.13026301,0
X323,3079,0.424720466,0
X323,3202,0.143400768,0
X323,3235,-0.087744814,0
X323,3249,0.100392929,0
X323,3252,0.038135513,0
X323,3280,-0.350043848,0
X323,3385,-0.903325391,0
X323,3434,0.639205319,0
X323,3440,0.083072624,0
X323,3482,0.195175032,0
X323,3539,-0.141874148,0
X323,3546,0.200523727,0
X323,3551,0.234306074,0
X323,3612,-0.56398969,0
X323,3631,0.336624412,0
X323,3638,-0.608810606,0
X323,3670,0.029881364,0
X323,3677,-0.213233468,0
X323,3772,0.516771348,0
X323,3805,-0.266407228,0
X323,3844,empty,0
X323,3849,0.013549047,0
X323,3881,-0.724516597,0
X323,4005,0.442853485,0
X323,4021,-0.302452022,0
X323,4039,-0.149450266,0
X323,4053,0.620796787,0
X323,4095,0.301507578,0
X323,4110,-0.122853185,0
X323,4113,-0.431348635,0
X323,4142,-0.069759396,0
X323,4201,-0.026950867,0
X323,4204,-0.544303139,0
X324,36,2.202723392,1
X324,43,0.180961722,1
X324,156,-0.848612598,0
X324,199,5.412501257,0
X324,216,3.16392494,1
X324,229,-1.313726368,0
X324,284,-1.045142006,1
X324,294,2.315172158,1
X324,308,1.479332167,1
X324,389,0.156124115,0
X324,413,-3.341928119,0
X324,530,2.189657584,1
X324,536,-1.376336608,0
X324,561,-1.002878856,0
X324,616,-0.256231253,1
X324,649,0.614384318,0
X324,675,-0.087212025,0
X324,690,-0.194322119,1
X324,712,2.263718418,0
X324,817,0.602057805,1
X324,836,-2.850105388,1
X324,949,-0.214516519,1
X324,954,0.746855077,1
X324,959,0.368050869,1
X324,986,-1.808347524,0
X324,992,1.361501274,1
X324,1021,-0.509837083,1
X324,1037,0.532994933,0
X324,1088,-1.260949765,1
X324,1089,-2.107498891,0
X324,1103,0.609559243,1
X324,1154,0.062186805,0
X324,1228,3.722141324,1
X324,1248,-0.154371109,1
X324,1284,2.023455655,1
X324,1295,2.318122788,0
X324,1300,2.634477506,1
X324,1302,-0.803503345,0
X324,1419,3.317795896,1
X324,1525,0.280530148,0
X324,1568,2.545954906,0
X324,1580,empty,0
X324,1615,-1.557690004,1
X324,1700,0.647854025,1
X324,1733,1.996348026,1
X324,1812,-2.670666822,0
X324,1824,4.679476575,1
X324,1834,2.180279678,1
X324,1852,0.792966727,0
X324,1886,1.624002672,1
X324,1891,2.051407161,1
X324,1894,-0.425026843,0
X324,1900,0.42069692,0
X324,1937,-1.186005856,0
X324,1997,-0.03463728,0
X324,2076,-0.463669296,1
X324,2135,0.701899638,0
X324,2234,0.880908095,0
X324,2242,1.018339676,0
X324,2276,1.797808815,1
X324,2305,-1.341177262,1
X324,2332,3.87721144,1
X324,2499,-2.328506704,1
X324,2536,0.114960718,1
X324,2601,-0.369455938,1
X324,2622,1.456733638,1
X324,2624,-1.725466783,0
X324,2843,1.501634487,0
X324,2848,3.195286145,1
X324,2899,1.388486206,1
X324,2953,-0.100598226,1
X324,2966,1.156060862,0
X324,2968,-0.588671335,1
X324,2982,0.579022606,0
X324,3249,3.017302266,1
X324,3279,-1.408333774,1
X324,3328,0.78468711,0
X324,3345,-0.695110869,1
X324,3349,-0.133241281,1
X324,3433,0.46268817,1
X324,3434,0.715177243,1
X324,3436,0.416882004,0
X324,3460,-0.013446169,0
X324,3482,-1.996198602,1
X324,3540,-1.020180262,1
X324,3547,-0.711351215,0
X324,3552,2.957151546,1
X324,3557,2.431175144,1
X324,3632,-1.498460299,1
X324,3662,-0.510428738,1
X324,3710,2.426173528,1
X324,3746,-2.073006204,1
X324,3801,-0.956604257,1
X324,3805,1.015702082,0
X324,3844,2.078178969,0
X324,3867,-3.102433219,0
X324,3881,-2.389326191,0
X324,3954,1.906288437,1
X324,4005,-2.748185427,0
X324,4027,2.540352193,1
X324,4110,-0.732170943,0
X324,4126,-0.209582422,1
X324,4142,0.949971277,0
X324,4184,0.932618248,1
X324,4201,1.981240148,0
X325,58,0.23937109,0
X325,192,0.111033239,0
X325,199,0.080505618,0
X325,414,-0.41518631,0
X325,473,-0.357059991,0
X325,503,0.541521561,0
X325,511,-0.46965734,0
X325,525,0.206691525,0
X325,536,-0.78643149,0
X325,613,-0.14641555,0
X325,622,0.164976429,0
X325,631,-0.155448434,0
X325,663,-0.224798722,0
X325,712,0.189696881,0
X325,782,0.003730784,0
X325,875,-0.107680517,0
X325,893,-0.219849386,0
X325,907,-0.044002978,0
X325,971,-0.250982862,0
X325,978,-0.508169518,0
X325,992,0.068271579,0
X325,1037,0.19007319,0
X325,1089,0.511889542,0
X325,1096,0.27230144,0
X325,1106,-0.141759127,0
X325,1157,-0.11268596,0
X325,1285,-0.937072177,0
X325,1312,-0.125852829,0
X325,1359,-0.135057349,0
X325,1525,0.035887733,0
X325,1598,0.099870932,0
X325,1600,0.232158992,0
X325,1612,0.174995228,0
X325,1671,-0.330087631,0
X325,1708,-0.128663389,0
X325,1725,0.040786424,0
X325,1826,-0.170458421,0
X325,1879,0.087803247,0
X325,1891,0.33715019,0
X325,1894,-0.052226473,0
X325,1991,-0.293231573,0
X325,2008,0.160366803,0
X325,2027,-0.754937346,0
X325,2028,-0.185875025,0
X325,2036,-0.091300964,0
X325,2127,0.285666276,0
X325,2137,0.216461338,0
X325,2234,-0.021276066,0
X325,2245,0.01253371,0
X325,2309,-0.382948106,0
X325,2358,0.068719591,0
X325,2402,-0.063941066,0
X325,2430,0.198845106,0
X325,2445,0.035646939,0
X325,2481,-0.114290488,0
X325,2494,-0.64178037,0
X325,2614,-0.076619556,0
X325,2622,0.634442699,0
X325,2648,0.189150456,0
X325,2693,-0.025952969,0
X325,2775,-0.30872513,0
X325,2848,-0.04690047,0
X325,2953,-0.310222574,0
X325,2966,-0.420694871,0
X325,3079,0.035845659,0
X325,3088,0.374300061,0
X325,3094,-0.470949241,0
X325,3103,-0.163401859,0
X325,3147,0.047608004,0
X325,3343,0.467563612,0
X325,3460,-0.00143902,0
X325,3465,-0.279527302,0
X325,3476,0.335455347,0
X325,3496,0.318591256,0
X325,3539,0.469437606,0
X325,3552,-0.138039438,0
X325,3571,0.200050369,0
X325,3631,0.461105595,0
X325,3677,-0.329433806,0
X325,3696,0.283366041,0
X325,3727,-0.519410949,0
X325,3747,-0.087971277,0
X325,3780,0.29202893,0
X325,3781,-0.099692895,0
X325,3881,0.03786298,0
X325,3940,0.172428866,0
X325,4001,0.0886447,0
X325,4021,0.071164371,0
X325,4039,-0.074094785,0
X325,4156,0.257150298,0
X325,4159,0.059376736,0
X325,4201,0.290257912,0
X326,11,1.556025425,1
X326,214,-0.256550565,0
X326,216,-1.078656262,0
X326,375,0.00910757,0
X326,401,-0.687009218,0
X326,419,0.138316298,0
X326,431,-0.492784648,0
X326,499,0.032019188,0
X326,525,0.893157386,0
X326,543,0.628457574,0
X326,573,-0.393483408,0
X326,689,0.251282694,0
X326,758,-0.634965623,0
X326,780,1.047322867,0
X326,807,-0.749769814,0
X326,817,-1.251591369,0
X326,949,-0.764732368,0
X326,953,-0.071118181,0
X326,1064,0.049141426,0
X326,1129,0.917816721,1
X326,1178,-0.623801595,0
X326,1224,1.445811609,0
X326,1228,-0.418929145,0
X326,1284,0.57719481,0
X326,1285,-1.217536409,0
X326,1312,0.730712118,0
X326,1389,1.281437973,1
X326,1419,-0.973364546,0
X326,1447,0.384183918,0
X326,1525,0.915800151,0
X326,1530,0.172457678,0
X326,1568,-0.241362943,0
X326,1612,0.746729691,0
X326,1680,0.953445035,0
X326,1717,-0.252681001,0
X326,1824,0.899417437,0
X326,1852,0.101277014,0
X326,1891,0.085078103,0
X326,1938,-0.514212469,0
X326,1944,0.438206429,0
X326,2044,-0.181633774,0
X326,2116,0.438631615,0
X326,2137,0.709820546,0
X326,2160,0.934422114,0
X326,2305,1.088754585,0
X326,2332,-0.096141064,0
X326,2368,-0.786986506,0
X326,2467,-0.818241776,0
X326,2496,-0.518322951,0
X326,2499,0.266379673,0
X326,2534,-0.241771085,0
X326,2561,-0.108736122,0
X326,2613,-0.39544155,0
X326,2638,0.175398016,0
X326,2673,-0.26443518,0
X326,2848,-0.547767756,0
X326,2915,-1.413824132,0
X326,2969,-0.235126134,0
X326,2990,0.206331317,0
X326,3064,0.029898894,0
X326,3094,0.164782771,0
X326,3103,-0.826593172,0
X326,3220,-0.891783136,0
X326,3231,0.831565853,0
X326,3241,0.997347481,0
X326,3280,0.339941022,0
X326,3345,0.010567818,0
X326,3433,0.38317166,0
X326,3436,0.629778761,0
X326,3460,0.867925686,0
X326,3476,0.473192558,0
X326,3547,0.425538349,0
X326,3552,0.342631141,0
X326,3630,-0.577888108,0
X326,3632,0.041654248,0
X326,3677,-0.386965569,0
X326,3691,-0.505868902,0
X326,3746,1.172327141,0
X326,3780,-0.698659983,0
X326,3781,0.270107356,0
X326,3795,0.972038719,0
X326,3819,0.464678078,0
X326,3849,-0.428477309,0
X326,3905,-0.469599116,0
X326,3917,1.089024836,0
X326,3918,-0.796111716,0
X326,3964,-0.181555757,0
X326,4004,0.637986974,0
X326,4027,0.785675623,0
X326,4029,-0.49331963,0
X326,4041,0.133178525,0
X326,4052,0.700251184,0
X326,4148,-0.488722277,0
X326,4159,-0.820431103,0
X327,36,1.106006309,0
X327,58,-1.550454359,0
X327,216,4.827808663,0
X327,222,-1.71490959,0
X327,229,-1.017861071,0
X327,268,3.611087423,0
X327,274,-1.62865577,0
X327,284,-0.272820285,0
X327,386,-1.182120185,0
X327,389,-1.741837746,0
X327,419,-0.179797286,0
X327,486,1.75899285,0
X327,530,-2.013656225,0
X327,553,0.830339237,0
X327,560,-0.570196591,0
X327,613,-2.811432953,0
X327,616,-1.195400729,0
X327,617,0.239769335,1
X327,663,-0.279088626,0
X327,687,2.300226066,0
X327,807,-0.647387018,0
X327,851,-2.170348974,0
X327,879,-1.635231169,0
X327,953,-1.813609509,0
X327,958,2.341784087,0
X327,1008,-0.071185922,0
X327,1010,2.820464109,1
X327,1061,1.671729281,0
X327,1087,1.928375864,0
X327,1089,-1.464569322,0
X327,1138,2.456435106,0
X327,1224,-0.705911036,0
X327,1239,-0.132903319,0
X327,1291,-0.417197062,0
X327,1295,1.141793631,0
X327,1300,1.709392422,0
X327,1332,-1.520931124,0
X327,1375,2.167368141,0
X327,1392,0.076213106,0
X327,1441,0.593703803,1
X327,1483,2.112569981,0
X327,1512,1.609459417,0
X327,1565,-0.391948193,0
X327,1612,1.44966124,1
X327,1691,-2.182068723,0
X327,1725,0.422417259,0
X327,1814,-1.255452741,0
X327,1826,-0.471380892,0
X327,1900,-1.484588547,0
X327,1938,0.655052794,0
X327,1944,-0.560753339,0
X327,1973,0.822564456,0
X327,1991,2.330574646,0
X327,1999,-0.274228274,1
X327,2135,1.341844428,0
X327,2277,0.282368588,1
X327,2286,-0.350688432,0
X327,2332,1.968895833,0
X327,2368,-1.525498948,0
X327,2407,1.409482205,0
X327,2445,0.477367509,0
X327,2534,0.983127473,0
X327,2576,2.598560959,1
X327,2691,-2.787721781,0
X327,2696,1.3235492,0
X327,2708,0.843393653,0
X327,2783,-0.647706069,0
X327,2784,0.345859102,0
X327,2848,0.126848783,0
X327,2888,0.488569529,0
X327,2893,empty,1
X327,2952,-1.596734483,0
X327,2966,-2.754162021,0
X327,2969,-0.505529119,0
X327,3027,1.498830783,0
X327,3099,0.887981885,0
X327,3147,0.863676407,0
X327,3190,0.023049959,0
X327,3202,2.118932208,0
X327,3279,1.776563384,0
X327,3280,-0.539753795,0
X327,3349,0.526721907,1
X327,3385,1.162123946,0
X327,3571,0.811317809,0
X327,3662,1.138994498,0
X327,3696,-0.821420503,0
X327,3747,2.900883891,0
X327,3772,-2.32072278,0
X327,3783,0.209668474,0
X327,3805,0.46251574,0
X327,3849,2.63255414,1
X327,3867,2.464941254,1
X327,3877,-1.4628275,0
X327,4029,0.882761382,0
X327,4039,-0.348899028,1
X327,4053,-0.026882822,0
X327,4159,1.963016908,0
X327,4184,0.294931726,0
X328,3,0.71659467,1
X328,73,0.468545643,0
X328,127,-1.43886786,0
X328,211,-0.88337307,0
X328,229,-0.633037478,0
X328,274,-0.05702807,0
X328,343,-0.885560943,0
X328,389,-0.96781253,0
X328,485,1.66716062,0
X328,486,0.74517198,0
X328,499,0.657563529,0
X328,549,-0.92387483,0
X328,567,0.822906107,0
X328,657,0.988324179,0
X328,663,0.108078318,0
X328,817,0.425827981,0
X328,865,1.506486768,0
X328,876,0.22967279,0
X328,888,0.144044225,0
X328,912,0.615901928,0
X328,949,-0.179673365,0
X328,954,-0.262121495,0
X328,958,-0.314924979,0
X328,959,0.971178429,0
X328,1037,-0.108010919,0
X328,1061,-1.21044191,0
X328,1157,0.383421835,0
X328,1392,-0.449568089,0
X328,1419,-0.359637721,0
X328,1421,-0.350591716,0
X328,1426,2.279028217,0
X328,1436,1.348481024,0
X328,1441,-0.566154434,0
X328,1450,0.461686361,0
X328,1580,-0.055227465,0
X328,1581,0.299021001,0
X328,1598,-0.479973068,0
X328,1654,0.136672461,0
X328,1680,-0.875807182,0
X328,1708,-0.367355456,0
X328,1709,0.005696024,0
X328,1746,-0.717740346,0
X328,1834,0.019558359,0
X328,1852,-1.021730229,0
X328,1868,0.34758001,0
X328,1879,0.452979992,0
X328,1881,0.14645543,0
X328,1937,0.359781541,0
X328,1943,0.11096469,0
X328,1990,-0.200181807,0
X328,1997,0.135187717,0
X328,2110,-1.079980003,0
X328,2116,0.590269962,0
X328,2135,0.472953978,0
X328,2234,0.617420454,1
X328,2242,0.02344503,0
X328,2245,-0.371685443,0
X328,2309,0.78299913,1
X328,2332,-0.457502656,0
X328,2466,0.764404068,0
X328,2481,-0.442888366,0
X328,2666,-0.745469217,0
X328,2673,-0.913700758,0
X328,2677,0.558984296,0
X328,2693,1.566923564,0
X328,2763,0.113946168,0
X328,2815,0.608289383,0
X328,2848,0.456981103,0
X328,2888,0.900960759,0
X328,2893,-0.246451257,0
X328,2939,-0.397531308,0
X328,2953,-0.284004328,0
X328,2982,-1.004427034,0
X328,3069,1.830742367,1
X328,3121,0.464374146,0
X328,3220,0.292325137,0
X328,3233,-0.496740702,0
X328,3241,0.319089756,0
X328,3292,-0.154504383,0
X328,3340,-1.07915706,0
X328,3385,0.296433985,0
X328,3433,-0.83111013,0
X328,3495,0.37398161,0
X328,3511,0.123833197,0
X328,3544,-1.031740369,0
X328,3551,-0.05214281,0
X328,3552,0.632073454,0
X328,3691,0.78062538,0
X328,3705,0.383007904,0
X328,3819,-0.032607577,0
X328,3940,-0.393651228,0
X328,3954,-1.120451472,0
X328,3973,-0.68269391,0
X328,4001,0.080555641,0
X328,4041,0.53545591,0
X328,4119,0.479454364,0
X329,73,0.334201139,1
X329,162,-0.462434558,0
X329,192,1.388859971,1
X329,207,-3.664114608,0
X329,247,2.105721298,0
X329,256,0.196571181,0
X329,410,0.649812831,0
X329,414,3.361670997,1
X329,419,3.985665136,0
X329,553,-0.801092452,0
X329,649,3.159691947,0
X329,657,0.051590176,1
X329,807,3.18898683,0
X329,817,3.635941502,1
X329,836,1.206019135,1
X329,878,0.628556647,0
X329,893,2.728607765,0
X329,996,3.410093739,0
X329,1021,1.380034884,0
X329,1037,-1.867138175,1
X329,1046,2.026434709,1
X329,1141,1.615037172,1
X329,1154,1.593112401,1
X329,1157,6.380384926,1
X329,1183,2.967059777,1
X329,1187,1.317342532,1
X329,1224,1.920651153,1
X329,1374,2.823077343,1
X329,1447,0.045422904,0
X329,1450,-3.469764495,0
X329,1485,1.504817185,1
X329,1517,2.927743115,1
X329,1552,-0.469660368,1
X329,1581,-1.362483047,0
X329,1592,0.838890442,0
X329,1690,-0.464680679,1
X329,1824,2.454369963,1
X329,1834,1.882216212,1
X329,1840,-2.054478906,0
X329,1852,-1.718765334,0
X329,1879,0.798040142,1
X329,1881,0.455593067,0
X329,1894,-0.476421304,0
X329,1937,0.798385148,0
X329,1938,1.731620039,0
X329,2110,0.949489711,0
X329,2116,-0.156601484,0
X329,2160,1.675931379,1
X329,2221,-0.617201748,0
X329,2358,0.026191346,1
X329,2466,-3.343448505,0
X329,2494,-0.343825058,1
X329,2534,2.264545668,1
X329,2614,-1.668931848,0
X329,2636,0.506034232,0
X329,2638,0.806465553,1
X329,2696,-0.581429025,0
X329,2763,-0.988475826,0
X329,2775,-0.514032866,0
X329,2870,2.243614119,1
X329,2876,1.274723177,1
X329,2884,0.842757631,0
X329,2915,-2.279950933,1
X329,2952,1.301721809,0
X329,2992,1.299655537,0
X329,3041,1.086336697,0
X329,3073,0.344648188,1
X329,3079,-2.766332675,0
X329,3147,-1.074570884,0
X329,3231,2.018177029,1
X329,3252,1.550613161,0
X329,3340,-1.569899403,0
X329,3349,0.958648586,0
X329,3371,-0.516333217,0
X329,3375,1.650118935,0
X329,3476,-0.655173423,1
X329,3495,3.473253314,0
X329,3557,3.725079267,1
X329,3635,-0.924440536,1
X329,3710,-1.617772007,0
X329,3795,3.184255785,1
X329,3973,-1.816183807,0
X329,4052,1.20642654,0
X329,4119,-2.582521223,0
X329,4184,2.333198681,1
X329,4204,-1.661340987,1
X331,3,-1.250413197,0
X331,127,1.440205121,0
X331,268,-0.763499962,0
X331,284,0.004523038,0
X331,308,1.017788015,0
X331,401,1.595304956,0
X331,419,0.905838623,1
X331,449,2.305107435,1
X331,486,0.091239884,0
X331,503,-0.277466755,0
X331,573,0.570758033,0
X331,613,-1.161255723,0
X331,624,0.017538459,0
X331,631,0.639635303,0
X331,649,0.026091561,1
X331,836,-0.192761735,0
X331,876,-1.818360371,0
X331,943,0.390779382,0
X331,958,-1.505483494,0
X331,989,0.767266602,0
X331,1064,0.081156888,0
X331,1087,1.039495152,0
X331,1096,-1.581268961,0
X331,1103,-0.50928294,0
X331,1129,-1.104880073,0
X331,1187,-0.301672287,0
X331,1224,0.177944826,0
X331,1228,1.89820176,0
X331,1278,-0.401743961,0
X331,1284,0.22406735,0
X331,1285,-0.352428005,0
X331,1300,-0.140267834,0
X331,1419,1.095749099,0
X331,1524,-0.331614137,0
X331,1565,-1.203708599,0
X331,1586,0.400759903,0
X331,1647,0.380489354,0
X331,1690,1.12569232,0
X331,1709,1.058022889,1
X331,1814,0.984789241,0
X331,1824,-0.007841636,0
X331,1834,0.738254018,0
X331,1881,0.851162905,0
X331,1894,-0.065312449,0
X331,1900,-0.487529327,0
X331,1944,0.280516548,0
X331,1990,0.99415127,0
X331,1999,-0.032735402,0
X331,2277,0.568234923,0
X331,2287,0.651369192,0
X331,2375,0.276290262,0
X331,2483,1.620882436,0
X331,2494,-0.307506607,0
X331,2499,-0.219517661,1
X331,2536,-0.209252193,0
X331,2562,-1.209471728,0
X331,2576,1.070552558,0
X331,2622,-0.5634183,0
X331,2636,1.352131895,1
X331,2677,-0.87756667,0
X331,2775,-0.129588802,0
X331,2784,0.012722676,0
X331,2817,3.219400603,0
X331,2876,1.092011792,0
X331,2972,-0.939150194,0
X331,2992,-0.670839447,0
X331,3027,0.523037447,0
X331,3103,0.170317185,0
X331,3162,-0.531486359,0
X331,3202,1.340239925,0
X331,3235,1.254467137,0
X331,3241,-1.030871243,0
X331,3280,0.695249957,0
X331,3328,2.149512111,1
X331,3465,-0.734149027,0
X331,3495,empty,0
X331,3547,1.054199309,0
X331,3551,1.023963002,0
X331,3552,-0.496751195,0
X331,3691,0.271182969,0
X331,3710,0.173947714,0
X331,3723,0.064159406,0
X331,3844,-0.432448068,0
X331,3849,0.517440315,0
X331,3881,-0.119925676,0
X331,3918,-0.174652354,0
X331,3964,-0.325819347,0
X331,3968,0.711132855,0
X331,4001,0.367080411,0
X331,4002,0.172189973,0
X331,4039,-1.051337422,0
X331,4110,0.764529412,0
X331,4113,-1.177613317,0
X331,4119,-1.066760415,0
X331,4126,-0.478111517,0
X331,4156,0.909854911,0
X332,3,-0.062026906,0
X332,43,0.082481098,0
X332,58,0.058122708,0
X332,120,0.107596359,0
X332,199,-0.30876833,0
X332,222,0.066367214,0
X332,249,-0.067289246,0
X332,268,-0.148029113,0
X332,449,0.122975225,0
X332,483,-0.055542926,0
X332,485,-0.181038488,0
X332,560,-0.094290894,0
X332,561,-0.067007804,0
X332,573,-0.173042099,0
X332,631,-0.010529451,0
X332,669,0.028164752,0
X332,712,0.161956164,0
X332,782,0.119417986,0
X332,837,-0.095868186,0
X332,875,0.047658221,0
X332,876,-0.047781081,0
X332,888,-0.115024878,0
X332,897,0.119394001,0
X332,907,0.027152187,0
X332,949,0.10329098,0
X332,953,-0.017196661,0
X332,958,-0.098500034,0
X332,986,-0.147337591,0
X332,1096,0.037468305,0
X332,1100,0.062207993,0
X332,1108,0.040714799,0
X332,1249,0.032412381,0
X332,1285,0.123605639,0
X332,1300,-0.078526928,0
X332,1359,0.121293702,0
X332,1375,0.028606885,0
X332,1426,0.061186201,0
X332,1447,-0.071196961,0
X332,1450,-0.092081281,0
X332,1492,-0.131559594,0
X332,1525,-0.061015717,0
X332,1565,-0.137274412,0
X332,1568,-0.079799873,0
X332,1655,-0.024041372,0
X332,1693,-0.099142636,0
X332,1700,0.066122349,0
X332,1717,0.093885023,0
X332,1746,-0.12376746,0
X332,1810,0.144898661,0
X332,1824,0.026148761,0
X332,1829,-0.036643887,0
X332,1844,0.168111425,0
X332,1852,0.208300612,0
X332,1898,-0.016614825,0
X332,1937,0.071506546,0
X332,1943,0.002191112,0
X332,1990,-0.013511559,0
X332,2013,-0.049088327,0
X332,2036,0.036424956,0
X332,2044,-0.009950861,0
X332,2082,0.09383382,0
X332,2104,-0.09390284,0
X332,2160,0.009891233,0
X332,2188,0.018010084,0
X332,2221,-0.167671718,0
X332,2277,-0.014828474,0
X332,2286,-0.017197531,0
X332,2287,0.084376461,0
X332,2332,-0.136033583,0
X332,2375,0.056064478,0
X332,2434,-0.084812221,0
X332,2445,0.057625783,0
X332,2494,0.186569852,0
X332,2499,0.043937697,0
X332,2536,0.077781069,0
X332,2551,0.00410236,0
X332,2601,0.076780865,0
X332,2613,-0.061521507,0
X332,2624,0.025040971,0
X332,2666,0.042115885,0
X332,2763,0.023131857,0
X332,2775,-0.139037857,0
X332,2817,-0.03963909,0
X332,2832,0.070076599,0
X332,2969,-0.010088672,0
X332,3099,-0.075048501,0
X332,3162,-0.043701767,0
X332,3235,0.040343696,0
X332,3280,-0.052633021,0
X332,3343,-0.088906331,0
X332,3360,-0.225221807,0
X332,3385,-0.000521109,0
X332,3433,0.029468225,0
X332,3434,-0.022527015,0
X332,3495,0.15370266,0
X332,3496,0.026483021,0
X332,3512,-0.058378582,0
X332,3529,0.167756369,0
X332,3539,-0.117646011,0
X332,3551,-0.023231722,0
X332,3635,-0.172342094,0
X332,3638,0.25121982,0
X332,3705,0.029502786,0
X332,3781,0.096918605,0
X332,3824,-0.02258458,0
X332,3954,-0.091499164,0
X332,4002,-0.056669946,0
X332,4003,-0.046397061,0
X332,4113,0.097195036,0
X332,4126,-0.145971973,0
X333,12,0.058412325,0
X333,36,-0.960425977,0
X333,43,0.023282248,0
X333,127,-0.587238856,0
X333,162,-0.003195402,0
X333,170,0.912282369,0
X333,211,0.584712294,0
X333,214,-0.062451479,0
X333,268,-0.455152956,0
X333,360,-0.047483209,0
X333,401,-1.160863961,0
X333,485,-0.270759741,0
X333,499,0.482740492,0
X333,530,-0.02266957,0
X333,560,-0.092160683,0
X333,573,0.174439053,0
X333,616,0.961860689,0
X333,617,-0.280376598,0
X333,634,-0.029415761,0
X333,649,-0.454371461,0
X333,663,-0.692057019,0
X333,675,-0.010097123,0
X333,690,-0.874132949,0
X333,780,0.720439412,0
X333,875,0.469648046,0
X333,877,1.362216083,0
X333,893,0.739397631,0
X333,989,-0.034937596,0
X333,992,-0.261443929,0
X333,1008,0.895945063,1
X333,1061,0.927076476,0
X333,1100,1.427520979,0
X333,1106,-0.468081244,0
X333,1108,-0.477401943,0
X333,1119,0.400513139,0
X333,1157,-0.639775902,0
X333,1224,1.173938802,0
X333,1249,0.904840861,0
X333,1421,-0.343927887,0
X333,1447,-0.107525258,0
X333,1467,-0.33865863,0
X333,1580,-0.031271043,0
X333,1600,-1.170476431,0
X333,1635,0.219901026,0
X333,1709,1.297326682,0
X333,1725,-1.418952261,0
X333,1814,0.496365163,0
X333,1829,0.021524843,0
X333,1891,-0.177792962,0
X333,1938,-0.69937892,0
X333,1943,0.020710735,0
X333,1991,0.642907829,0
X333,1992,0.884834563,0
X333,1999,0.765769843,0
X333,2036,0.393079904,0
X333,2108,-0.071199997,0
X333,2241,0.78452729,0
X333,2242,-0.435297303,0
X333,2245,0.465242555,0
X333,2332,0.197955519,0
X333,2402,-0.458361862,0
X333,2407,1.721323989,1
X333,2434,0.273478731,0
X333,2534,-0.559943063,0
X333,2613,-0.04227451,0
X333,2719,-0.215928016,0
X333,2784,0.147145255,0
X333,2817,-0.868548845,0
X333,2818,-0.621279832,0
X333,2832,empty,0
X333,2848,0.643102202,0
X333,2893,0.869724935,0
X333,2982,0.049403864,0
X333,2992,1.174315224,1
X333,3041,1.602547331,1
X333,3064,1.134430697,1
X333,3069,-0.494486635,0
X333,3231,0.807323679,0
X333,3233,0.139259722,0
X333,3235,0.136377771,0
X333,3252,-0.549391319,0
X333,3279,0.563329477,0
X333,3292,0.649551239,0
X333,3328,0.855714553,0
X333,3345,0.225648877,0
X333,3385,0.060428798,0
X333,3433,0.616510637,0
X333,3440,0.7161123,0
X333,3529,0.40668902,0
X333,3544,0.985414154,0
X333,3552,0.666899779,0
X333,3638,0.63405587,0
X333,3670,0.280265676,0
X333,3710,-0.289827082,0
X333,3819,0.274768535,0
X333,3895,-0.483789026,0
X333,3940,-0.01684963,0
X333,3964,0.517732109,0
X333,3973,0.404072624,0
X333,4027,0.142848118,0
X333,4029,0.546462316,0
X333,4041,0.804462304,0
X333,4095,0.928787586,0
X333,4121,-0.079705903,0
X333,4132,-1.064269283,0
X333,4142,0.34587048,0
X333,4184,-0.957045946,0
X334,43,0.942718369,0
X334,156,1.773046624,1
X334,170,-2.565933761,0
X334,222,2.037092939,1
X334,247,3.147350841,0
X334,249,empty,0
X334,256,4.133552283,1
X334,283,-1.106327754,0
X334,287,-0.894254988,0
X334,413,2.015951245,1
X334,449,0.507265796,1
X334,483,0.753921569,0
X334,485,-1.957143875,0
X334,575,1.559762239,1
X334,617,2.806095645,1
X334,630,-2.881015105,0
X334,649,-0.584334449,1
X334,780,-2.754059581,0
X334,782,0.010721055,1
X334,865,-3.524559934,1
X334,1061,3.304048433,0
X334,1157,0.944796475,1
X334,1228,-0.197817994,0
X334,1268,0.232578478,1
X334,1284,1.08233192,1
X334,1441,-3.010718018,1
X334,1472,-0.133616916,0
X334,1483,2.759974195,1
X334,1485,-2.424212825,0
X334,1552,2.109038582,0
X334,1581,-1.29504161,0
X334,1647,0.189426546,0
X334,1654,-2.153879819,1
X334,1671,1.853211179,0
X334,1711,1.674999737,0
X334,1746,2.16183164,0
X334,1775,-0.782128161,0
X334,1824,0.300492187,0
X334,1834,3.156408114,0
X334,1840,-0.70306761,1
X334,1852,-4.283685415,0
X334,1879,1.103592145,0
X334,1881,-1.363303432,1
X334,1900,0.023722916,0
X334,1944,-2.157157902,0
X334,1945,0.3558279,1
X334,1952,0.390946322,1
X334,1993,-1.15599912,1
X334,1994,1.849602751,0
X334,2028,0.398181521,0
X334,2036,-0.94695065,0
X334,2044,-0.815434034,1
X334,2108,-2.054432232,1
X334,2188,-0.183044225,1
X334,2198,0.930184857,0
X334,2287,3.281894234,1
X334,2305,1.909904606,0
X334,2445,-0.790454961,0
X334,2467,1.228012132,1
X334,2561,-0.516446483,1
X334,2622,0.193637402,0
X334,2693,-0.317583911,0
X334,2708,2.616466011,0
X334,2719,2.51024996,0
X334,2784,0.085119093,0
X334,2817,-0.055590788,0
X334,2884,-1.529595413,0
X334,2899,2.737221214,0
X334,2968,empty,0
X334,3041,-2.595259756,0
X334,3079,-1.734007519,0
X334,3094,-3.656168722,0
X334,3241,0.351233887,0
X334,3250,-2.303066331,0
X334,3328,-0.686575472,1
X334,3340,-3.746153287,0
X334,3476,1.569482493,0
X334,3544,0.137395841,0
X334,3557,-2.815488915,0
X334,3691,-2.133250427,0
X334,3710,1.528316184,1
X334,3723,1.304485236,1
X334,3747,2.699211616,0
X334,3801,-2.714926681,1
X334,3805,-0.537420119,0
X334,3844,-1.684585266,0
X334,3905,empty,1
X334,3918,-1.212478996,0
X334,3966,2.76024099,0
X334,4002,2.380081743,1
X334,4021,-2.412668565,0
X334,4052,0.848230013,0
X334,4095,-0.000776238,1
X334,4148,0.535148841,1
X335,58,0.03641713,0
X335,127,-0.179354458,0
X335,156,-0.307951638,0
X335,192,0.098332707,0
X335,229,0.335430591,0
X335,274,-0.228664915,0
X335,343,-0.343104941,0
X335,360,0.152231527,0
X335,414,0.372279669,0
X335,449,-0.42240382,0
X335,499,-0.336094634,0
X335,543,0.259336099,0
X335,553,0.227395531,0
X335,573,0.336524508,0
X335,630,-0.280450899,0
X335,657,-0.180702755,0
X335,690,-0.002715864,0
X335,782,-0.066031475,0
X335,851,-0.160968009,0
X335,855,-0.003342901,0
X335,888,-0.081133326,0
X335,897,-0.311639771,0
X335,943,0.420085726,0
X335,1008,0.078355174,0
X335,1010,empty,0
X335,1021,-0.00383828,0
X335,1103,-0.08257095,0
X335,1129,0.096522478,0
X335,1151,0.019582484,0
X335,1178,-0.103339755,0
X335,1183,0.113589339,0
X335,1224,0.421690541,0
X335,1359,-0.029491942,0
X335,1375,-0.043547649,0
X335,1421,0.3538164,0
X335,1552,0.070824693,0
X335,1615,-0.215784662,0
X335,1655,-0.080836542,0
X335,1709,0.09361066,0
X335,1725,0.483395029,0
X335,1775,0.27370428,0
X335,1812,-0.327324429,0
X335,1829,0.311955214,0
X335,1844,0.001311692,0
X335,1891,0.125426321,0
X335,1898,-0.128157985,0
X335,1900,0.230648056,0
X335,1943,-0.125907727,0
X335,1991,0.034385468,0
X335,1992,-0.226669516,0
X335,2076,0.080801129,0
X335,2104,0.316814983,0
X335,2110,0.018136173,0
X335,2135,-0.120105855,0
X335,2137,0.148526958,0
X335,2276,0.044702737,0
X335,2287,-0.194643368,0
X335,2290,-0.011753416,0
X335,2305,0.11638014,0
X335,2421,-0.047968692,0
X335,2434,0.408970523,0
X335,2445,0.280084496,0
X335,2467,0.426792681,0
X335,2638,0.075911541,0
X335,2708,0.223026206,0
X335,2763,-0.578234869,0
X335,2832,-0.023854256,0
X335,2870,0.068064609,0
X335,2888,0.180399546,0
X335,2915,-0.174717333,0
X335,2968,0.330920316,0
X335,2990,0.089006934,0
X335,3027,-0.015552604,0
X335,3041,0.275585451,0
X335,3064,0.23006895,0
X335,3094,-0.199063274,0
X335,3202,0.425524468,0
X335,3249,0.218549771,0
X335,3279,-0.346722228,0
X335,3328,-0.151671196,0
X335,3340,-0.254515412,0
X335,3465,-0.153377376,0
X335,3476,-0.296961198,0
X335,3495,0.059227969,0
X335,3540,-0.126495129,0
X335,3546,-0.044787983,0
X335,3642,-0.021797131,0
X335,3670,0.050340388,0
X335,3677,0.184438298,0
X335,3696,0.211330426,0
X335,3747,0.061149724,0
X335,3805,-0.170600308,0
X335,3877,0.447816739,0
X335,4005,-0.319112915,0
X335,4039,-0.314171639,0
X335,4053,-0.492209168,0
X335,4121,-0.418422726,0
X335,4185,-0.019095325,0
X335,4200,0.01124568,0
X336,73,0.389891166,0
X336,120,0.567561991,0
X336,192,-0.699785879,0
X336,199,2.052323039,0
X336,211,-3.544737284,0
X336,222,1.01099873,0
X336,268,0.887492954,1
X336,308,-1.517082369,0
X336,360,0.317579723,0
X336,414,0.35523487,0
X336,525,1.372103398,0
X336,573,0.274654139,0
X336,616,-1.298628341,1
X336,657,1.677533971,0
X336,689,0.204966525,0
X336,855,1.557682679,1
X336,875,0.395681996,0
X336,893,1.234745727,0
X336,971,0.405878598,0
X336,986,0.376474444,0
X336,996,1.680971759,0
X336,1021,1.348396358,0
X336,1046,1.268559532,1
X336,1087,-0.248095978,0
X336,1129,-2.464212408,0
X336,1151,0.962808162,1
X336,1157,-1.026952283,0
X336,1228,-0.25857489,0
X336,1278,-1.066128064,0
X336,1302,-2.720882327,0
X336,1332,1.064399396,1
X336,1419,0.526118192,0
X336,1426,-1.464560923,0
X336,1580,-0.663116952,0
X336,1647,-0.389324557,0
X336,1680,-1.29626368,0
X336,1711,-2.665185122,0
X336,1729,-0.815851965,0
X336,1746,-0.163205365,1
X336,1826,3.148843681,0
X336,1844,-2.35876023,0
X336,1866,0.78424108,1
X336,1868,0.55877365,0
X336,1879,0.23103777,1
X336,1886,-0.435099186,0
X336,1973,-0.889527849,1
X336,1991,-1.288201764,0
X336,2076,-1.390675651,0
X336,2110,2.529022031,0
X336,2116,-2.103617871,0
X336,2137,1.006501104,0
X336,2234,0.651621351,0
X336,2333,-2.397348731,0
X336,2452,-1.099581838,1
X336,2483,0.990811529,0
X336,2551,-0.123196445,0
X336,2691,-0.519573008,0
X336,2706,-0.609613346,0
X336,2815,-0.735621083,0
X336,2832,2.278756825,1
X336,2888,-0.432810325,0
X336,2952,0.984333969,0
X336,2953,1.284740235,0
X336,3027,-0.136404167,1
X336,3064,1.062955133,0
X336,3069,0.125109299,0
X336,3121,2.256568936,0
X336,3147,-0.142263024,0
X336,3162,1.690503074,0
X336,3201,-0.28542807,0
X336,3226,-0.051085952,0
X336,3235,0.309512295,1
X336,3328,-0.142451059,0
X336,3340,-0.609546355,0
X336,3436,0.861212791,1
X336,3465,1.218346794,0
X336,3511,-0.040482971,0
X336,3529,-0.083525868,0
X336,3632,1.335252824,0
X336,3638,-0.995594883,0
X336,3783,-0.501373435,0
X336,3805,-1.299860489,0
X336,3911,-1.176171297,0
X336,4001,0.604171704,0
X336,4052,-0.778148488,0
X336,4156,-2.156106335,0
X336,4164,-2.681451114,0
X337,113,1.866193006,1
X337,162,0.15890247,0
X337,183,4.716474392,1
X337,207,0.627452842,1
X337,211,0.208699521,1
X337,284,3.379752613,1
X337,308,empty,0
X337,343,3.576174316,1
X337,389,0.777136431,1
X337,414,1.479751397,0
X337,485,1.426264027,0
X337,499,1.73973426,0
X337,543,1.117121738,1
X337,561,-1.495949645,0
X337,573,0.390296334,0
X337,617,1.275110753,0
X337,631,-1.080382646,0
X337,649,-2.329615764,0
X337,657,-3.728265032,0
X337,669,0.398652341,1
X337,758,-0.074720683,1
X337,817,-1.738709043,0
X337,888,1.354349547,1
X337,954,0.176337663,1
X337,959,-0.330716538,1
X337,978,0.242840597,1
X337,1021,0.063039413,0
X337,1064,2.795900128,0
X337,1094,-3.301758921,0
X337,1103,-5.102886923,0
X337,1106,3.96881587,1
X337,1183,1.345039335,0
X337,1224,0.589437835,0
X337,1228,-0.922870193,1
X337,1249,0.889665343,1
X337,1268,2.28433993,0
X337,1291,0.19057287,1
X337,1332,-0.602550454,1
X337,1375,2.590125456,1
X337,1389,0.345384539,0
X337,1400,0.363883353,1
X337,1419,1.265895105,1
X337,1441,-0.012191385,0
X337,1447,-1.852532624,0
X337,1467,2.22509703,0
X337,1568,0.777674056,1
X337,1581,0.158949375,1
X337,1586,-0.02781367,0
X337,1615,0.803370373,0
X337,1655,0.254658102,1
X337,1691,-1.749290319,1
X337,1700,-2.957997103,0
X337,1709,-1.833479675,0
X337,1725,0.93246081,0
X337,1775,1.87444788,1
X337,1829,6.82682688,1
X337,1881,1.774802116,0
X337,1938,-1.096355426,0
X337,1944,4.246731822,1
X337,1999,-1.690702454,0
X337,2036,-3.595225583,1
X337,2108,-1.411006111,0
X337,2110,1.234953168,1
X337,2188,-1.812010516,0
X337,2305,3.357081204,1
X337,2358,-1.304935463,0
X337,2368,0.43953289,1
X337,2434,-4.160584579,0
X337,2445,3.37146193,1
X337,2467,3.309056959,0
X337,2481,-1.408488104,1
X337,2496,-1.710644113,0
X337,2562,1.405176044,1
X337,2636,0.895627921,0
X337,2673,1.835851389,1
X337,2677,-0.41404555,1
X337,2708,3.802622115,1
X337,2763,-0.086134356,1
X337,2775,0.699359024,1
X337,2815,-1.929244624,0
X337,2870,-0.61764374,1
X337,2893,-3.001579221,0
X337,2915,1.034526793,1
X337,2972,2.194728431,1
X337,2982,2.500627254,1
X337,3017,1.059670753,0
X337,3027,-0.937323754,1
X337,3064,4.588592768,1
X337,3099,6.373263384,1
X337,3103,0.541461705,1
X337,3179,0.435097565,0
X337,3233,-4.167890195,1
X337,3250,0.739262293,1
X337,3292,3.943893188,1
X337,3433,0.641368222,0
X337,3465,3.35787267,1
X337,3476,0.781296072,1
X337,3551,3.885303595,0
X337,3552,3.811404877,1
X337,3747,0.415137988,1
X337,3772,1.219722129,0
X337,3781,-0.507523475,0
X337,3783,3.131409861,1
X337,3791,1.976456209,1
X337,3805,1.5698179,1
X337,3819,-0.835159754,0
X337,3895,0.630173167,1
X337,3918,0.403196964,1
X337,3964,4.130853776,1
X337,4113,-2.218767476,1
X337,4126,1.130379996,1
X337,4164,-1.422327817,0
X337,4204,3.89664419,1
X338,58,-0.279994605,0
X338,120,-0.277965677,0
X338,170,0.029067215,0
X338,191,0.160691113,0
X338,222,0.406592515,0
X338,256,empty,0
X338,343,0.351252926,0
X338,386,0.041892396,0
X338,401,0.244421945,0
X338,503,0.068147212,0
X338,511,0.916439823,0
X338,525,0.031077064,0
X338,567,-0.328170619,0
X338,613,0.266704928,0
X338,624,0.434657962,0
X338,630,0.149995162,0
X338,712,-0.506599309,0
X338,851,-0.053446744,0
X338,897,-0.253949268,0
X338,912,-0.315063739,0
X338,914,0.368404675,0
X338,978,0.440645264,0
X338,986,-0.140077045,0
X338,1037,-0.047662855,0
X338,1061,-0.495482552,0
X338,1119,0.097832957,0
X338,1178,-0.146324786,0
X338,1228,-0.063341553,0
X338,1329,-0.059272601,0
X338,1392,-0.352682387,0
X338,1467,0.205283112,0
X338,1485,0.294263303,0
X338,1552,-0.058436504,0
X338,1654,0.410383064,0
X338,1729,-0.266819957,0
X338,1746,-0.520583414,0
X338,1810,0.283137372,0
X338,1826,-0.040303117,0
X338,1881,0.154786188,0
X338,1891,0.320978157,0
X338,1898,0.297872863,0
X338,1937,-0.565197144,0
X338,1991,-0.319575663,0
X338,1997,-0.185687085,0
X338,2008,0.148705906,0
X338,2013,0.076153255,0
X338,2036,0.102381434,0
X338,2076,0.050623133,0
X338,2137,0.108435937,0
X338,2188,0.31934111,0
X338,2221,-0.45063161,0
X338,2242,0.070088584,0
X338,2286,-0.979909483,0
X338,2290,0.077696794,0
X338,2305,-0.279557583,0
X338,2358,0.213986886,0
X338,2402,-0.060021986,0
X338,2445,0.227882312,0
X338,2481,-0.053030705,0
X338,2561,-0.006416101,0
X338,2613,-0.377406899,0
X338,2696,0.214336248,0
X338,2706,-0.158417926,0
X338,2771,0.452667098,0
X338,2817,-0.223129355,0
X338,2850,-0.100750405,0
X338,2870,-0.596818883,0
X338,2899,0.107525885,0
X338,2953,0.15252898,0
X338,2962,-0.156877388,0
X338,2990,0.276690283,0
X338,3017,-0.410754057,0
X338,3064,-0.100797651,0
X338,3069,0.061991761,0
X338,3121,0.038543223,0
X338,3162,0.454080625,0
X338,3226,-0.442903171,0
X338,3250,0.231279756,0
X338,3279,0.24175147,0
X338,3349,-0.190832993,0
X338,3396,0.116031613,0
X338,3496,0.023485619,0
X338,3512,0.498616888,0
X338,3539,0.368154329,0
X338,3540,0.029981843,0
X338,3544,0.388788915,0
X338,3635,-0.401695114,0
X338,3638,0.219088624,0
X338,3723,-0.210104793,0
X338,3791,-0.205111741,0
X338,3795,-0.193954001,0
X338,3801,0.22320852,0
X338,3844,0.280215244,0
X338,3849,-0.40577182,0
X338,3867,-0.281054615,0
X338,3881,-0.561517852,0
X338,3918,-0.385051405,0
X338,3966,0.029879789,0
X338,3968,0.185853921,0
X338,4004,0.116619796,0
X338,4029,-0.156445571,0
X338,4110,0.039735152,0
X338,4121,-0.441181348,0
X338,4126,-0.031500337,0
X338,4127,-0.028123217,0
X338,4132,-0.685094441,0
X339,3,0.059449669,0
X339,113,0.099470286,0
X339,120,-0.011906324,0
X339,127,-0.062666375,0
X339,183,-0.016655845,0
X339,249,0.045405249,0
X339,294,0.090594401,0
X339,393,-0.008159015,0
X339,486,0.004881895,0
X339,511,0.091620299,0
X339,525,-0.106637567,0
X339,543,0.050294691,0
X339,549,-0.075685766,0
X339,575,-0.040446895,0
X339,622,-0.026514454,0
X339,624,0.075236857,0
X339,657,-0.000463233,0
X339,687,-0.037497866,0
X339,689,0.016034561,0
X339,807,0.048026125,0
X339,823,0.039869999,0
X339,876,-0.012114355,0
X339,912,-0.010165161,0
X339,949,0.070495589,0
X339,958,-0.061753465,0
X339,971,0.079957636,0
X339,992,-0.049642721,0
X339,1157,-0.009401783,0
X339,1224,0.164511895,0
X339,1228,empty,0
X339,1268,-0.014479311,0
X339,1323,-0.022835981,0
X339,1329,0.065326858,0
X339,1389,-0.005361246,0
X339,1421,-0.01819867,0
X339,1495,0.073263444,0
X339,1524,-0.104256169,0
X339,1525,-0.00581288,0
X339,1612,0.008400588,0
X339,1615,0.043508648,0
X339,1654,-0.140238532,0
X339,1655,-0.07811647,0
X339,1693,-0.048454224,0
X339,1729,-0.024239693,0
X339,1824,-0.021252287,0
X339,1900,0.07732489,0
X339,1943,0.040857185,0
X339,1993,0.026496833,0
X339,2076,0.026836197,0
X339,2104,0.034317962,0
X339,2116,-0.035393304,0
X339,2135,-9.98e-05,0
X339,2137,-0.009108873,0
X339,2160,-0.082387536,0
X339,2287,-0.035891113,0
X339,2305,-0.030216821,0
X339,2358,-0.013355174,0
X339,2452,-0.035511771,0
X339,2534,0.015198476,0
X339,2551,-0.043590401,0
X339,2562,-0.049338922,0
X339,2673,0.076863048,0
X339,2775,0.0411774,0
X339,2848,-0.056412274,0
X339,2939,-0.131499348,0
X339,2952,0.039012797,0
X339,2966,0.021993043,0
X339,2968,0.020925122,0
X339,2982,-0.043091259,0
X339,3069,0.017010256,0
X339,3231,0.007902656,0
X339,3233,0.089521481,0
X339,3360,0.057207678,0
X339,3436,-0.015628871,0
X339,3547,-0.013233918,0
X339,3552,-0.047105837,0
X339,3572,0.002840361,0
X339,3631,-0.087385441,0
X339,3677,0.0686638,0
X339,3705,-0.090832976,0
X339,3747,0.018387901,0
X339,3781,-0.001261213,0
X339,3801,0.056297309,0
X339,3964,0.002565442,0
X339,4039,0.01553305,0
X339,4087,0.057093326,0
X339,4119,0.045621852,0
X339,4159,-0.05399943,0
X339,4168,-0.151167853,0
X340,43,0.158392516,0
X340,58,0.351219905,0
X340,107,0.631791301,0
X340,162,0.263382407,0
X340,183,0.105144087,0
X340,192,0.252774161,0
X340,207,-0.43837386,0
X340,249,-0.421734807,0
X340,256,-0.368979311,0
X340,268,-1.348984571,0
X340,283,-0.804558604,0
X340,401,-0.5132748,0
X340,414,-0.21046182,0
X340,449,0.35530443,0
X340,536,-1.449727486,0
X340,613,-0.818769296,0
X340,617,0.95689029,0
X340,634,-0.685055963,0
X340,657,-0.614032001,0
X340,669,-0.933501823,0
X340,675,-0.208933003,0
X340,758,0.050274079,0
X340,836,-0.363655066,0
X340,876,-0.110299783,0
X340,879,1.074845621,0
X340,907,0.206411608,0
X340,986,-0.731082227,0
X340,992,-0.108773162,0
X340,1087,-0.447246241,0
X340,1094,-0.245217274,0
X340,1103,-0.454367181,0
X340,1141,0.285569796,0
X340,1183,0.050456598,0
X340,1228,0.375964398,0
X340,1278,-1.02659729,0
X340,1300,-0.435879692,0
X340,1323,-0.423036876,0
X340,1329,0.092932114,0
X340,1332,0.241779493,0
X340,1419,-0.078735427,0
X340,1426,1.477250007,0
X340,1436,0.607323147,0
X340,1450,0.056121668,0
X340,1517,-0.412110831,0
X340,1581,-0.650537476,0
X340,1598,1.273477738,0
X340,1600,0.537651607,0
X340,1654,0.427123035,0
X340,1711,0.220951242,0
X340,1717,0.18835907,0
X340,1725,0.164520428,0
X340,1824,-0.20904599,0
X340,1840,-1.258715507,0
X340,1868,0.579958812,0
X340,1886,-0.045306633,0
X340,1990,0.706474863,0
X340,1997,0.357442368,0
X340,2076,0.628823366,0
X340,2110,-0.12062993,0
X340,2160,1.381734525,0
X340,2188,-0.009233018,0
X340,2286,-0.545619342,0
X340,2309,0.659249841,0
X340,2375,-0.639871845,0
X340,2402,-1.18823967,0
X340,2430,-1.112237947,0
X340,2445,-0.025090569,0
X340,2466,0.582505644,0
X340,2494,-0.084459568,0
X340,2496,0.692540035,0
X340,2499,-0.596249681,0
X340,2536,-0.11011411,0
X340,2561,1.076858471,1
X340,2622,0.152836865,0
X340,2638,-0.351231507,0
X340,2673,-0.35514676,0
X340,2706,0.71916696,0
X340,2843,-0.447571503,0
X340,2850,0.070776545,0
X340,2915,-0.173316774,0
X340,2966,-0.551664081,0
X340,3069,-0.113150584,0
X340,3073,-0.20069767,0
X340,3088,0.375240989,0
X340,3094,0.073421848,0
X340,3202,-0.154516323,0
X340,3235,0.529443728,0
X340,3241,0.108651794,0
X340,3249,-0.212653034,0
X340,3292,0.378866871,0
X340,3328,-0.777583514,0
X340,3436,0.357993491,0
X340,3440,-0.010612397,0
X340,3632,0.962064747,0
X340,3696,-0.813112535,0
X340,3710,0.866745298,0
X340,3727,0.122004965,0
X340,3791,-0.062939762,0
X340,3792,0.234685231,0
X340,3795,-0.639795158,0
X340,3805,-0.508842312,0
X340,3824,-0.453926627,0
X340,3849,0.89698187,1
X340,3911,-0.542801492,0
X340,3940,-0.229574659,0
X340,4029,1.91135701,0
X340,4121,0.087957282,0
X340,4142,-0.410210465,0
X341,3,0.070013492,0
X341,11,-0.201942065,0
X341,36,0.279872057,0
X341,162,0.35582763,0
X341,222,0.203529233,0
X341,249,-0.057712746,0
X341,431,0.037629888,0
X341,483,-0.242728638,0
X341,486,-0.619523229,0
X341,553,-0.700701937,0
X341,573,0.189536129,0
X341,663,-0.193352869,0
X341,689,0.182013495,0
X341,807,-0.117943292,0
X341,855,0.383135323,0
X341,875,0.578530154,0
X341,878,0.085997669,0
X341,912,-0.142201134,0
X341,989,0.231938809,0
X341,1064,-0.166231343,0
X341,1088,0.213037425,0
X341,1089,0.687673649,0
X341,1119,-0.039473021,0
X341,1138,-0.532222217,0
X341,1141,0.379099482,1
X341,1249,0.168875625,0
X341,1285,0.057166254,0
X341,1302,-0.413959871,0
X341,1389,-0.009899305,0
X341,1436,-0.087039927,0
X341,1450,-0.365654792,0
X341,1483,0.235609265,0
X341,1525,0.125773511,0
X341,1580,0.210859703,0
X341,1581,0.1015411,0
X341,1586,-0.088405816,0
X341,1600,-0.366973713,0
X341,1708,-0.068130868,0
X341,1711,0.163859763,0
X341,1746,0.316437672,0
X341,1844,0.165183727,0
X341,1866,0.666711469,0
X341,1894,-0.736885189,0
X341,1943,-0.135216756,0
X341,1945,-0.252654527,0
X341,1973,0.377319842,0
X341,2013,0.47497228,0
X341,2110,0.251174775,0
X341,2127,0.003354588,0
X341,2160,0.641862048,0
X341,2466,-0.23768594,0
X341,2467,0.405097511,0
X341,2534,-0.705386417,0
X341,2613,-0.158569391,0
X341,2673,-0.078739294,0
X341,2677,-0.182717138,0
X341,2719,-0.368379271,0
X341,2818,0.265532108,0
X341,2870,-0.769961133,0
X341,2899,0.742771067,0
X341,2962,-0.120957331,0
X341,2992,0.201401996,0
X341,3017,-0.524378518,0
X341,3041,-0.145649778,0
X341,3064,0.115964301,0
X341,3088,0.100041032,0
X341,3094,0.357514886,0
X341,3201,0.237784758,0
X341,3226,-0.147402588,0
X341,3340,0.63597865,0
X341,3496,1.077508737,1
X341,3544,1.121140955,0
X341,3551,-0.293336525,0
X341,3631,0.088596504,0
X341,3635,-0.799359769,0
X341,3670,0.144893235,0
X341,3727,-0.270151391,0
X341,3746,-0.025602843,0
X341,3780,-0.225025531,0
X341,3805,0.001755675,0
X341,3849,-0.007865694,0
X341,3911,0.669616884,0
X341,3918,0.123039493,0
X341,3928,-0.03828869,0
X341,3954,-0.128998548,0
X341,4002,-0.372357966,0
X341,4095,-0.088916572,0
X341,4121,-0.049964694,0
X341,4126,-0.114958652,0
X341,4142,0.200056048,0
X341,4164,-0.302128968,0
X341,4200,-0.466091192,0
X341,4204,0.199874068,0
X342,73,empty,0
X342,199,-0.729268177,0
X342,229,0.400205762,0
X342,249,-0.613639858,0
X342,256,0.453840193,0
X342,308,0.920144832,0
X342,485,0.228829839,0
X342,525,-0.411197169,0
X342,575,-0.771356627,0
X342,634,empty,0
X342,649,-0.674539429,0
X342,687,-0.240789465,0
X342,780,-0.203626039,0
X342,782,-0.244780809,0
X342,836,0.625339028,0
X342,851,-0.413678488,0
X342,879,0.06242611,0
X342,907,0.648217325,0
X342,912,0.179215141,0
X342,954,-0.625809243,0
X342,971,-1.046726696,0
X342,989,0.494544128,0
X342,1046,-0.970830264,0
X342,1064,-0.11775304,0
X342,1087,0.860208775,0
X342,1089,0.047582329,0
X342,1154,1.44404779,0
X342,1374,-0.218510626,0
X342,1426,0.461724143,0
X342,1472,-0.586884546,0
X342,1615,-0.111705257,0
X342,1635,-0.95237909,0
X342,1671,0.966741032,0
X342,1810,-0.154350187,0
X342,1812,0.24335752,0
X342,1814,-0.45054509,0
X342,1938,0.654297703,1
X342,1993,-0.971999348,0
X342,2008,0.335262585,0
X342,2028,-1.112877559,0
X342,2082,0.449363911,0
X342,2135,0.207617298,0
X342,2137,-0.214389779,0
X342,2287,-1.97632992,0
X342,2309,0.115760006,0
X342,2561,-0.418402159,0
X342,2614,0.376109569,0
X342,2624,1.180045933,0
X342,2638,0.391183128,0
X342,2648,-0.003833114,0
X342,2693,0.807341411,0
X342,2719,-0.395889782,0
X342,2771,-0.033563463,0
X342,2818,-0.269870496,0
X342,2876,-0.382172733,0
X342,2893,-0.239247518,0
X342,2953,0.281224297,0
X342,2966,-1.175422896,0
X342,3027,-0.017704211,0
X342,3079,-0.308345899,0
X342,3094,0.231600817,0
X342,3103,0.214124766,0
X342,3121,0.426244061,0
X342,3147,0.260926311,0
X342,3162,-0.676711829,0
X342,3201,-0.071677843,0
X342,3233,0.913148385,0
X342,3235,-0.72625787,0
X342,3252,-0.227437591,0
X342,3292,0.033185714,0
X342,3349,0.223678355,0
X342,3396,0.704974692,0
X342,3476,-0.50892214,0
X342,3511,1.219129407,0
X342,3512,-0.448883748,0
X342,3552,0.336575861,0
X342,3642,-0.01726276,0
X342,3691,0.647543738,0
X342,3723,0.5162439,0
X342,3727,0.497858685,0
X342,3780,0.628158696,0
X342,3792,-0.920306132,0
X342,3801,0.042470631,0
X342,3867,-0.457514698,0
X342,3911,-1.392506893,0
X342,4005,0.649873146,0
X342,4053,-0.20036514,0
X342,4113,0.548655674,0
X342,4142,-0.058082225,0
X342,4184,0.26884231,0
X343,3,-0.927358005,0
X343,58,2.01481258,0
X343,120,0.096961052,0
X343,156,0.457011889,0
X343,211,-0.825368706,0
X343,216,2.367831538,0
X343,256,0.034661961,0
X343,287,0.531169189,0
X343,294,0.324998315,0
X343,308,-1.753841247,1
X343,360,-0.712450663,0
X343,401,-1.057837961,0
X343,410,0.655932459,0
X343,483,-2.405219287,0
X343,553,-0.667652311,0
X343,575,1.598063916,0
X343,823,0.093795659,0
X343,837,-0.190636548,0
X343,876,-0.404265605,0
X343,893,-0.855738393,0
X343,954,2.255529549,0
X343,959,-0.960026981,0
X343,978,-0.674468576,0
X343,1010,2.278708675,0
X343,1061,0.668445238,0
X343,1088,-0.927760655,0
X343,1089,-2.760395911,0
X343,1141,1.646846309,0
X343,1228,0.24198127,0
X343,1249,-1.124443852,0
X343,1268,0.588056797,1
X343,1302,-0.091430646,0
X343,1447,-2.550770457,1
X343,1495,0.845892878,0
X343,1512,1.73000748,0
X343,1565,0.470356378,0
X343,1568,1.337886415,0
X343,1647,-0.88271917,0
X343,1654,0.918320151,0
X343,1655,0.503517601,0
X343,1690,0.227192459,0
X343,1717,2.152177222,1
X343,1891,0.047831431,0
X343,1945,-1.115675409,0
X343,1993,-0.003900032,0
X343,1994,-0.321686789,0
X343,1999,-0.423723221,0
X343,2013,-0.144273865,0
X343,2055,0.017844214,0
X343,2104,-0.54091378,0
X343,2108,0.078296181,0
X343,2276,-3.239686457,0
X343,2286,0.433471214,0
X343,2305,-2.617537321,0
X343,2332,-0.304502427,0
X343,2375,-0.024498698,0
X343,2421,0.128402322,0
X343,2466,1.003431783,0
X343,2551,-0.852139403,0
X343,2576,-0.959079088,0
X343,2673,-0.304028762,0
X343,2696,-0.788327417,0
X343,2775,0.484883014,0
X343,2818,-8.18e-05,0
X343,2843,0.876637445,0
X343,2888,-1.429749532,0
X343,2962,0.353703779,0
X343,2969,-1.010892636,0
X343,3064,-0.753867653,0
X343,3069,-0.112068051,0
X343,3162,0.494061961,0
X343,3201,2.690380405,0
X343,3220,-0.661420107,0
X343,3375,0.397409996,0
X343,3476,0.563865671,0
X343,3482,-0.051088429,0
X343,3511,0.07172826,0
X343,3512,0.094333193,0
X343,3632,0.10836564,0
X343,3642,2.059278172,0
X343,3710,-0.477756601,0
X343,3783,-0.901491765,0
X343,3801,0.191281727,1
X343,4003,0.311536282,0
X343,4005,0.850521243,0
X343,4095,0.174633306,0
X343,4156,-0.262171046,0
X343,4164,0.325663068,1
X343,4184,-0.448489509,0
X344,127,0.457725041,0
X344,199,-0.508050813,0
X344,229,-0.2355526,0
X344,249,-0.302680616,0
X344,256,0.302242738,0
X344,410,0.267165175,0
X344,486,-0.209050817,0
X344,503,-0.265208475,0
X344,511,0.2562308,0
X344,549,0.16728199,0
X344,567,0.199165781,0
X344,617,0.688580035,0
X344,630,-0.659190207,0
X344,712,0.219562912,0
X344,780,-0.144233954,0
X344,817,-0.858020697,0
X344,943,0.351629638,0
X344,992,0.217053182,0
X344,996,0.397513777,0
X344,1010,-0.139728336,0
X344,1096,-0.426665456,0
X344,1141,-0.256332609,0
X344,1151,-0.247710281,0
X344,1268,0.576318242,0
X344,1278,-0.196944254,0
X344,1285,-0.111966959,0
X344,1302,0.276872851,0
X344,1323,1.284988922,1
X344,1389,-0.021619581,0
X344,1436,0.607941677,0
X344,1472,-0.626031046,0
X344,1517,0.490869891,0
X344,1525,-0.360011287,0
X344,1581,-0.177279315,0
X344,1600,0.240993736,0
X344,1690,-0.105557937,0
X344,1700,-0.161588922,0
X344,1729,0.219054484,0
X344,1814,-0.89550268,0
X344,1824,-0.773081085,0
X344,1829,-0.397892853,0
X344,1840,-0.034177085,0
X344,1852,-0.066183561,0
X344,1886,0.170112386,0
X344,1891,-0.054282097,0
X344,1990,0.670491291,0
X344,1994,0.220165336,0
X344,1997,-0.531089887,0
X344,1999,-0.597952899,0
X344,2036,-0.033880236,0
X344,2108,0.467516288,0
X344,2221,-0.16631184,0
X344,2242,0.19476961,0
X344,2286,-0.613858845,0
X344,2375,0.153067994,0
X344,2445,-0.032701495,0
X344,2466,0.505398485,0
X344,2496,0.400777727,0
X344,2499,-0.188479591,0
X344,2614,-0.148623006,0
X344,2636,-0.404327387,0
X344,2638,0.096234256,0
X344,2677,0.599640458,0
X344,2691,0.05898492,0
X344,2708,0.623413456,0
X344,2771,-0.146574307,0
X344,2783,empty,0
X344,2832,-0.260263088,0
X344,2870,-0.6352661,0
X344,2887,-0.186486818,0
X344,2893,0.437542011,0
X344,2969,-0.188162134,0
X344,3017,-0.367410865,0
X344,3069,-0.454392734,0
X344,3226,0.165134011,0
X344,3250,0.169238359,0
X344,3328,0.299210066,0
X344,3343,0.486209123,0
X344,3371,0.088995925,0
X344,3434,0.007793795,0
X344,3476,-0.124094889,0
X344,3512,-0.367452189,0
X344,3529,0.503640914,0
X344,3544,0.290822148,0
X344,3546,-0.401485577,0
X344,3547,-0.446816954,0
X344,3612,-0.08880977,0
X344,3630,0.247875948,0
X344,3632,-0.390629825,0
X344,3638,-0.117298591,0
X344,3747,-0.222144965,0
X344,3795,-0.187292373,0
X344,3824,0.662965048,0
X344,3905,0.34801878,0
X344,3968,0.334705485,0
X344,3973,0.141312522,0
X344,4039,-0.525401882,0
X344,4041,0.596425604,0
X344,4052,0.40689334,0
X344,4110,0.204919032,0
X344,4121,0.032204552,0
X344,4197,0.099714101,0
X344,4201,0.97666245,1
X345,12,1.167408146,0
X345,107,0.279714813,0
X345,113,0.024387694,0
X345,284,0.375255993,1
X345,360,1.295975133,0
X345,389,-0.052207015,0
X345,401,-0.694788696,0
X345,419,-0.373810123,0
X345,503,0.023822293,0
X345,630,-0.034352065,0
X345,631,0.101265294,0
X345,634,-0.204021395,0
X345,690,0.202550874,0
X345,712,0.110618388,0
X345,851,-0.202376137,0
X345,855,-0.242541963,0
X345,878,-0.174581311,0
X345,879,0.128670082,0
X345,893,-0.083457521,0
X345,978,0.222995986,0
X345,1010,0.96916367,0
X345,1021,0.428116886,0
X345,1088,-0.474738514,0
X345,1094,0.838219757,0
X345,1096,0.312336309,0
X345,1100,-0.595362199,0
X345,1129,-0.18821739,0
X345,1239,0.072483534,0
X345,1249,-0.32585145,0
X345,1284,-0.158380178,0
X345,1312,0.463087627,0
X345,1323,-0.192608243,0
X345,1374,-0.455757669,0
X345,1436,0.527315639,0
X345,1568,-0.484177538,0
X345,1586,0.307624587,0
X345,1600,-0.079732002,0
X345,1654,-0.393795038,0
X345,1700,0.451225145,0
X345,1717,-0.349103929,0
X345,1729,0.107509824,0
X345,1834,-0.267600483,0
X345,1840,-0.014166705,0
X345,1894,0.735853987,0
X345,1945,0.606352279,0
X345,1952,-0.092591386,0
X345,1997,0.756882546,0
X345,2013,-0.171013293,0
X345,2108,1.370801708,0
X345,2110,-0.200506685,0
X345,2127,-1.612302039,0
X345,2137,-0.002578302,0
X345,2221,0.017902024,0
X345,2234,0.020300613,0
X345,2242,-0.092124503,0
X345,2277,-0.836263453,0
X345,2286,0.164887926,0
X345,2407,0.466473191,0
X345,2434,0.889070542,0
X345,2445,0.188955845,0
X345,2494,-0.729002346,0
X345,2496,-0.156145106,0
X345,2499,empty,0
X345,2536,-0.725938184,0
X345,2551,-0.625692631,0
X345,2706,0.034629075,0
X345,2784,-0.660664787,0
X345,2816,0.289602083,0
X345,2849,0.022134886,0
X345,2939,0.395108579,0
X345,2969,-0.935921616,0
X345,2982,-0.95563371,0
X345,3088,1.913691957,1
X345,3099,0.946864513,0
X345,3121,-0.494467861,0
X345,3190,-0.394607933,0
X345,3233,-0.505412726,0
X345,3280,-0.318353503,0
X345,3328,0.890011867,0
X345,3343,0.349928388,0
X345,3375,0.042078361,0
X345,3390,-0.080961433,0
X345,3465,-0.742878791,0
X345,3544,0.565212618,0
X345,3662,0.699657458,0
X345,3677,0.702720269,0
X345,3723,-0.231838694,0
X345,3747,-0.964345442,0
X345,3780,-0.663037986,0
X345,3795,0.138706688,0
X345,3867,0.507675109,0
X345,3895,0.239369681,0
X345,3928,-0.18117942,0
X345,3973,0.155220295,0
X345,4005,-0.319511346,0
X345,4052,-0.367778749,0
X345,4087,-0.146369015,0
X346,12,0.493266409,0
X346,58,-0.52319712,0
X346,120,-0.48293188,0
X346,216,-0.846300174,0
X346,256,1.072758912,0
X346,308,-0.402479925,0
X346,389,-1.166794435,0
X346,473,0.254745228,0
X346,483,1.253397096,0
X346,486,-0.084506939,0
X346,525,1.238842474,0
X346,543,-0.171436486,0
X346,561,-0.525207593,0
X346,567,-1.041290189,0
X346,631,0.295694784,0
X346,634,1.999700772,1
X346,663,-0.581045827,0
X346,675,0.08854843,0
X346,875,-0.985152499,0
X346,877,0.012270759,0
X346,879,0.33043381,0
X346,888,-0.379537118,0
X346,914,-0.32670079,0
X346,949,-1.001874399,0
X346,954,-0.196722332,0
X346,958,0.892085137,0
X346,959,1.394583257,0
X346,1010,-1.181752087,0
X346,1100,-0.064718269,0
X346,1138,empty,0
X346,1178,1.785962929,0
X346,1187,-0.060319249,0
X346,1329,1.142831688,0
X346,1375,-1.312088238,0
X346,1426,1.250842265,1
X346,1467,0.442177324,0
X346,1492,0.325711797,0
X346,1552,-0.382748488,0
X346,1615,-0.600357599,0
X346,1635,-0.15662822,0
X346,1655,0.555534019,0
X346,1691,-0.249231671,0
X346,1812,-0.62754066,0
X346,1824,-0.561981673,0
X346,1834,1.071789256,0
X346,1900,0.450496591,0
X346,1937,-1.161661762,0
X346,1944,1.092573013,0
X346,1992,0.248203182,0
X346,1993,-1.058291429,0
X346,1997,0.904417549,0
X346,2027,-0.851421933,0
X346,2044,1.040855796,0
X346,2135,-1.606454965,0
X346,2198,0.588726795,0
X346,2242,-0.470391412,0
X346,2245,0.411474956,0
X346,2277,1.390923953,0
X346,2332,-0.48746436,0
X346,2434,-1.396212666,0
X346,2481,1.022879172,0
X346,2496,-0.281993336,0
X346,2534,1.806035347,0
X346,2551,-0.087945702,0
X346,2561,0.411216333,0
X346,2614,-1.029950208,0
X346,2636,1.610166957,1
X346,2638,0.714959703,0
X346,2815,0.364610405,0
X346,2832,0.407509261,0
X346,2843,1.442744618,0
X346,2849,-0.594791893,0
X346,2887,-0.637857771,0
X346,2899,0.638033215,0
X346,2962,1.198050141,0
X346,3088,-0.796410802,0
X346,3103,-0.007260715,0
X346,3147,0.697843182,0
X346,3235,0.625525801,0
X346,3280,0.749552936,0
X346,3340,0.388794732,0
X346,3349,0.017471529,0
X346,3440,-0.25513701,0
X346,3511,-0.03537043,0
X346,3512,-0.375027739,0
X346,3557,-0.526407008,0
X346,3571,-0.788605245,0
X346,3630,1.553250109,0
X346,3662,0.174517928,0
X346,3705,1.292460381,0
X346,3710,-1.131871844,0
X346,3805,0.823329458,0
X346,3905,-0.588321697,0
X346,3918,2.016676391,0
X346,3940,-0.260230426,0
X346,4002,1.956310516,0
X346,4087,1.494416254,0
X346,4132,-0.65912035,0
X346,4156,1.034933522,0
X346,4185,1.777808199,0
X346,4200,-0.48742149,0
X348,3,1.828146046,1
X348,36,1.790913168,1
X348,170,0.156835872,1
X348,216,0.592789651,1
X348,274,0.971393417,1
X348,283,2.073301485,1
X348,287,1.324747436,1
X348,375,1.644761402,1
X348,449,1.086381971,1
X348,483,0.276140662,1
X348,486,-0.157129372,1
X348,525,0.461672292,1
X348,536,-0.730026047,0
X348,543,0.955503739,1
X348,553,1.872573219,1
X348,561,1.825647037,1
X348,617,2.33724245,1
X348,657,1.691499083,1
X348,663,1.423747628,1
X348,851,1.997876951,1
X348,855,0.689570691,1
X348,875,0.398416771,0
X348,879,0.744502768,1
X348,914,2.805446277,1
X348,949,1.601622167,1
X348,954,0.122975477,1
X348,996,1.480463684,1
X348,1064,0.317525891,1
X348,1087,0.114598848,1
X348,1089,0.617312874,1
X348,1096,0.431545143,1
X348,1106,0.528434791,1
X348,1178,1.603088669,1
X348,1300,0.350953478,1
X348,1302,0.45449713,1
X348,1359,1.114387687,1
X348,1374,0.76700809,1
X348,1375,0.556380334,1
X348,1419,2.359102324,1
X348,1421,-0.3741373,1
X348,1436,3.066210661,1
X348,1472,2.866588132,1
X348,1485,2.049526942,1
X348,1552,1.277715856,1
X348,1565,2.145464935,1
X348,1580,-1.137736613,1
X348,1581,0.765268666,1
X348,1592,0.905231262,1
X348,1598,0.544507293,1
X348,1600,1.902623538,1
X348,1635,1.191263197,1
X348,1647,2.221340507,1
X348,1671,1.836357098,1
X348,1725,1.018928319,1
X348,1812,2.026407467,1
X348,1840,0.480030733,1
X348,1886,1.725678562,1
X348,1937,1.981886493,1
X348,1944,1.404324893,1
X348,1973,2.471649697,1
X348,2027,0.302757114,1
X348,2036,-0.935963025,1
X348,2116,1.370226835,1
X348,2305,0.817308454,1
X348,2309,-0.221762495,1
X348,2421,1.249004654,1
X348,2430,0.467676813,1
X348,2499,0.602664778,1
X348,2561,1.706043697,1
X348,2679,1.249729335,1
X348,2691,0.982073166,1
X348,2708,1.060260781,1
X348,2719,1.154763129,1
X348,2817,0.826367904,1
X348,2870,1.142232399,1
X348,2966,1.005638591,1
X348,3064,0.82648794,1
X348,3094,0.918835962,1
X348,3121,2.079476851,1
X348,3162,0.101362687,1
X348,3235,1.077935093,1
X348,3280,0.95175813,1
X348,3343,1.434454699,1
X348,3371,1.206685782,1
X348,3433,2.795934997,1
X348,3465,0.377326889,1
X348,3482,1.2291494,1
X348,3571,0.754202907,1
X348,3638,1.341552367,1
X348,3691,-0.647830544,1
X348,3723,0.261421566,1
X348,3727,0.280797764,1
X348,3780,1.853078694,1
X348,3819,1.624242683,1
X348,3824,0.444874838,1
X348,3844,1.650596791,1
X348,4001,1.823168954,1
X348,4041,0.459536673,1
X348,4132,0.649304217,1
X348,4164,-0.228443078,0
X349,43,1.203055129,0
X349,192,0.669101867,0
X349,247,0.937950594,0
X349,249,-0.170781526,0
X349,274,0.058574715,0
X349,294,-0.323487439,0
X349,386,0.848369621,0
X349,414,0.170785255,0
X349,486,-0.646681886,0
X349,543,0.712099529,0
X349,624,-0.163532311,0
X349,663,0.692845074,0
X349,689,0.398246163,0
X349,907,0.99711528,0
X349,914,0.634766529,0
X349,1021,-0.673572443,0
X349,1037,0.246978642,0
X349,1046,-1.001984228,0
X349,1129,1.632558051,0
X349,1138,0.150274486,0
X349,1141,0.232021368,0
X349,1154,-0.212042946,0
X349,1228,-0.841236418,0
X349,1239,0.416718482,0
X349,1249,1.294274919,0
X349,1285,-1.304930722,0
X349,1312,0.072091811,0
X349,1436,-1.339985169,0
X349,1495,1.708470807,0
X349,1530,-0.268978693,0
X349,1615,0.810138314,0
X349,1647,0.196680792,0
X349,1671,-1.297247396,0
X349,1814,1.095133898,0
X349,1826,-0.150387404,0
X349,1894,-0.057969645,0
X349,1937,0.137789513,0
X349,1973,1.970128925,0
X349,1994,0.285767696,0
X349,1999,-0.32750525,0
X349,2076,-0.830900145,0
X349,2332,0.482130821,0
X349,2562,0.918058581,0
X349,2613,0.033653631,0
X349,2763,0.156087337,0
X349,2783,0.930144779,0
X349,2843,0.824835961,0
X349,2870,-0.68067418,0
X349,2893,-0.806867216,0
X349,2968,-0.207670975,0
X349,3017,0.890643966,0
X349,3041,-0.801953144,0
X349,3073,-0.099138314,0
X349,3252,-0.019205419,0
X349,3280,0.411799796,0
X349,3328,1.335483231,1
X349,3343,0.945115148,0
X349,3349,-0.788982717,0
X349,3396,-1.814835836,0
X349,3551,-0.03022383,0
X349,3630,-2.450644085,0
X349,3632,0.777229717,0
X349,3670,-0.100928055,0
X349,3705,-0.798110797,0
X349,3746,0.859312551,0
X349,3747,0.570446258,0
X349,3756,1.404531992,0
X349,3783,-0.965521519,0
X349,3819,-0.826303378,0
X349,3905,0.659446299,0
X349,3918,-0.519443213,0
X349,3964,-0.179173483,0
X349,4001,0.096475999,0
X349,4004,0.434451286,0
X349,4027,1.117155533,0
X349,4053,-0.119607363,0
X349,4113,-0.986018492,0
X349,4121,2.529815235,0
X349,4126,-0.957189131,0
X349,4201,0.977415903,0
X350,58,-0.500345469,0
X350,156,2.303099921,0
X350,170,1.335181864,1
X350,191,0.344525593,1
X350,211,0.574245787,0
X350,268,1.456385426,1
X350,284,-0.487231055,0
X350,308,2.96710058,0
X350,360,-0.807433896,1
X350,393,-0.25065783,0
X350,410,-0.204578267,0
X350,431,1.399503463,1
X350,449,-0.791048847,0
X350,473,-2.138233945,0
X350,549,3.648289878,1
X350,622,2.462551416,1
X350,624,-3.374783233,0
X350,631,0.930124578,1
X350,634,-1.085644127,0
X350,657,2.340321894,1
X350,687,-3.001976058,0
X350,949,1.554240832,0
X350,1064,-0.956755255,0
X350,1087,2.570293209,1
X350,1108,2.251718471,1
X350,1141,-1.570062973,1
X350,1224,-0.625880394,1
X350,1249,0.989507837,0
X350,1323,-0.368252422,0
X350,1329,0.189412254,0
X350,1419,0.18566563,0
X350,1450,0.084055767,0
X350,1483,-3.078319712,0
X350,1495,-1.362704166,1
X350,1524,-1.791874242,0
X350,1592,-0.885157016,1
X350,1615,1.522432918,1
X350,1671,-3.228575595,0
X350,1693,1.172051643,0
X350,1709,0.893019635,0
X350,1729,1.041670759,1
X350,1834,3.660040725,0
X350,1868,3.29075702,0
X350,1879,0.937364808,1
X350,1992,1.654910087,1
X350,1994,0.568073965,0
X350,2082,3.54758569,1
X350,2110,4.5602402,1
X350,2160,-0.242463066,0
X350,2241,-1.766846421,0
X350,2276,-3.150442983,1
X350,2305,1.261204284,1
X350,2333,0.353530591,0
X350,2467,0.753583145,1
X350,2481,-0.466751104,1
X350,2551,-2.30530476,0
X350,2679,-0.650187253,0
X350,2816,3.32896507,0
X350,2848,1.36992156,1
X350,2887,3.987246371,0
X350,2888,2.1714394,1
X350,2915,empty,0
X350,2939,-1.251402225,0
X350,2953,0.705459437,0
X350,2962,-0.013740934,0
X350,2966,2.590526807,1
X350,2982,-0.709519728,0
X350,3041,-0.972562589,0
X350,3079,0.460748222,1
X350,3088,0.526203653,0
X350,3094,-0.850363804,0
X350,3292,1.664939512,0
X350,3328,2.218561291,0
X350,3371,0.149681469,0
X350,3433,-0.889981538,0
X350,3440,-1.730314676,0
X350,3482,-0.32791981,1
X350,3529,-1.285370606,0
X350,3546,1.067674773,0
X350,3572,3.893017181,0
X350,3630,3.318818465,0
X350,3783,2.309484243,1
X350,3791,-0.056008781,0
X350,3795,4.134439959,0
X350,3877,-1.335794461,0
X350,3881,-0.911285449,0
X350,4041,1.03880276,0
X350,4113,-1.768145177,0
X350,4119,4.735175926,0
X350,4148,1.69303287,1
X350,4164,2.440111193,0
X350,4197,-0.462502891,0
X351,3,2.641198241,0
X351,113,3.079811872,1
X351,127,-0.668465642,1
X351,170,0.959549311,1
X351,191,-1.675243991,0
X351,207,-0.969421958,0
X351,214,2.090511021,1
X351,283,1.326655579,1
X351,294,-0.931156454,1
X351,449,-3.3418732,0
X351,503,3.156086259,0
X351,543,2.639888614,1
X351,561,-1.325743417,0
X351,567,0.314583364,0
X351,617,1.729109826,0
X351,630,3.099142984,1
X351,649,2.774135047,0
X351,780,2.860671361,1
X351,877,2.468745805,0
X351,907,-0.221346724,0
X351,1046,3.150512752,1
X351,1096,-2.915718455,0
X351,1103,1.160651912,1
X351,1108,-0.07163988,0
X351,1141,0.636328013,1
X351,1187,0.729880719,0
X351,1285,1.43447398,1
X351,1291,0.805394939,1
X351,1295,-0.845672601,0
X351,1359,-2.000728486,0
X351,1392,4.360697827,0
X351,1447,0.187241053,1
X351,1495,1.208125642,0
X351,1517,0.339351387,0
X351,1524,1.35042536,1
X351,1580,-2.03119457,0
X351,1592,1.276596338,1
X351,1655,1.126943955,0
X351,1671,-0.656373565,1
X351,1691,4.504327554,1
X351,1709,1.60161015,0
X351,1868,1.048228831,0
X351,1881,0.975231354,0
X351,1891,2.499381458,1
X351,1900,0.05768052,1
X351,2036,1.781297337,1
X351,2108,2.099293352,0
X351,2234,3.428801168,0
X351,2305,2.257275553,1
X351,2332,1.20835255,0
X351,2434,-0.363050114,1
X351,2445,3.400158666,1
X351,2481,1.381387893,1
X351,2494,-0.431770687,1
X351,2496,1.466599939,0
X351,2499,-1.826791539,0
X351,2601,-2.798066279,0
X351,2673,-0.282880725,0
X351,2696,-0.487178378,0
X351,2815,1.234831077,0
X351,2817,1.756982339,0
X351,2832,1.639367047,1
X351,2850,-0.530013297,0
X351,2876,-0.899439007,1
X351,2939,2.11343793,1
X351,2968,1.709770276,1
X351,2969,-0.850466853,0
X351,2992,1.228831255,0
X351,3041,-0.718249863,0
X351,3073,3.390408086,1
X351,3241,0.435180537,0
X351,3249,-0.64154996,1
X351,3343,-0.893725359,0
X351,3360,3.445435814,0
X351,3440,1.258962478,0
X351,3482,-0.61075144,0
X351,3552,-0.196649793,0
X351,3557,0.922135364,1
X351,3677,1.097737518,0
X351,3723,2.684608124,0
X351,3756,0.265932681,1
X351,3791,-1.104630244,0
X351,3792,-0.592553104,0
X351,3824,-0.008173572,0
X351,3877,1.955213669,0
X351,3968,-0.944199648,0
X351,4002,-2.183854433,0
X351,4087,0.374559195,0
X351,4110,-1.632748765,1
X351,4204,1.950117615,1
X352,3,-0.977663942,0
X352,43,-0.317008433,0
X352,73,0.28178949,0
X352,183,-0.144759871,0
X352,192,1.517387474,0
X352,216,0.626979625,0
X352,229,-0.527543419,0
X352,249,1.250286045,0
X352,274,-0.763658182,0
X352,287,0.686335685,0
X352,401,-0.063494267,0
X352,410,-0.269347713,0
X352,525,0.9357359,0
X352,536,0.948823096,0
X352,575,0.275970675,1
X352,616,-0.749349044,0
X352,622,-2.548484284,0
X352,630,-0.446084382,0
X352,782,0.279152287,0
X352,851,1.066383348,0
X352,879,0.91355428,0
X352,1087,2.037610668,0
X352,1100,-0.933780259,0
X352,1129,0.038323248,0
X352,1138,-0.560753195,0
X352,1239,0.102042821,0
X352,1248,-0.263574189,0
X352,1278,0.361864199,0
X352,1580,-0.187215411,0
X352,1592,1.045306958,0
X352,1598,1.563307844,0
X352,1612,0.401251414,0
X352,1615,-1.143250153,0
X352,1671,-0.39386955,0
X352,1680,-0.104439897,0
X352,1700,1.059884113,0
X352,1814,-1.165258075,0
X352,1840,-0.839701452,0
X352,1868,-1.003248638,0
X352,1881,-0.262970022,0
X352,1898,-0.175496418,0
X352,1900,0.227264607,0
X352,1938,-0.017211412,0
X352,1990,0.108504493,0
X352,2013,1.671205844,0
X352,2036,0.781437556,0
X352,2221,0.08573368,0
X352,2245,0.653909742,0
X352,2358,-0.545700865,0
X352,2499,-0.110826422,0
X352,2601,0.882439922,0
X352,2638,0.347986019,0
X352,2648,2.245632123,1
X352,2763,-0.972475905,0
X352,2784,-2.374191472,0
X352,2843,-0.502502584,0
X352,2952,1.526878664,0
X352,2969,0.706496553,0
X352,3017,0.538671157,0
X352,3099,-0.071879037,0
X352,3235,-0.323975695,0
X352,3250,-0.248627286,0
X352,3280,-0.50415088,0
X352,3349,0.143288186,1
X352,3396,0.493654103,0
X352,3476,0.382099975,0
X352,3496,-0.624923074,0
X352,3511,-0.955181762,0
X352,3551,-0.535824899,0
X352,3572,-0.424910372,0
X352,3630,0.552103378,0
X352,3638,-0.014448152,0
X352,3781,2.125961312,0
X352,3783,1.565370562,0
X352,3801,0.027428452,0
X352,3849,-1.046986158,0
X352,3881,0.150238217,0
X352,3917,0.301591372,0
X352,3940,0.9577165,0
X352,4001,-0.428744447,0
X352,4004,-0.158721539,0
X352,4017,0.287514128,0
X352,4121,0.566164274,0
X352,4142,0.098826771,0
X352,4197,0.251216761,0
X353,3,-0.148759963,0
X353,11,-0.03649892,0
X353,58,-0.154257585,0
X353,170,0.1593851,0
X353,192,-0.333108466,0
X353,199,-0.158779381,0
X353,229,-0.202872704,0
X353,256,0.338530745,0
X353,268,0.053820092,0
X353,343,-0.034112809,0
X353,360,-0.084044783,0
X353,485,0.084624987,0
X353,525,-0.052702452,0
X353,530,0.063322288,0
X353,549,-0.112176355,0
X353,553,0.010639098,0
X353,561,-0.024276327,0
X353,573,0.30290891,0
X353,634,-0.181027627,0
X353,657,-0.082099182,0
X353,669,-0.26768564,0
X353,687,-0.013515468,0
X353,782,0.009010483,0
X353,823,0.103219257,0
X353,836,0.282909622,0
X353,851,-0.311782021,0
X353,855,-0.069398916,0
X353,875,-0.141102167,0
X353,876,0.254159031,0
X353,907,0.275555759,0
X353,914,0.180602237,0
X353,1008,-0.56920554,0
X353,1100,0.167628536,0
X353,1129,0.208266927,0
X353,1151,-0.127687546,0
X353,1178,0.158908679,0
X353,1187,0.155678319,0
X353,1228,0.378939317,0
X353,1239,-0.027846634,0
X353,1278,0.042306801,0
X353,1284,-0.103854906,0
X353,1295,0.245666543,0
X353,1329,-0.067212549,0
X353,1359,-0.31227028,0
X353,1421,-0.391131,0
X353,1436,-0.143754763,0
X353,1524,-0.056197195,0
X353,1600,0.145212645,0
X353,1654,0.024254399,0
X353,1693,-0.220528806,0
X353,1700,0.241735411,0
X353,1717,-0.014300677,0
X353,1725,0.120529367,0
X353,1810,-0.0961499,0
X353,1852,0.137888521,0
X353,1868,0.043361982,0
X353,1879,0.112402988,0
X353,1891,-0.001045772,0
X353,1937,-0.268899411,0
X353,1952,0.012153589,0
X353,1990,-0.316079861,0
X353,1993,0.017261399,0
X353,1999,-0.19600384,0
X353,2036,0.255533229,0
X353,2076,0.107940362,0
X353,2127,-0.331485496,0
X353,2221,-0.298941863,0
X353,2234,-0.052506482,0
X353,2276,-0.354927786,0
X353,2277,-0.170502387,0
X353,2407,-0.139863283,0
X353,2430,0.067418792,0
X353,2466,0.196250701,0
X353,2614,0.232695146,0
X353,2622,0.206266447,0
X353,2677,-0.217183081,0
X353,2679,0.090475112,0
X353,2706,-0.011150767,0
X353,2719,-0.011440149,0
X353,2771,0.004263759,0
X353,2775,-0.109114955,0
X353,2818,0.071757897,0
X353,2888,0.108910266,0
X353,2939,0.10433451,0
X353,2969,0.236977668,0
X353,2972,0.415368512,0
X353,3099,-0.095100976,0
X353,3147,-0.065247718,0
X353,3220,-0.123819395,0
X353,3249,0.049546212,0
X353,3375,-0.107519857,0
X353,3460,0.104700223,0
X353,3465,-0.092746854,0
X353,3495,-0.031276702,0
X353,3512,-0.027481424,0
X353,3540,-0.073677912,0
X353,3552,-0.135867933,0
X353,3571,0.095216203,0
X353,3612,0.090093059,0
X353,3632,0.027845304,0
X353,3662,0.005368214,0
X353,3677,0.144741642,0
X353,3696,0.008529764,0
X353,3705,0.203927431,0
X353,3783,-0.162469941,0
X353,3819,0.115448914,0
X353,3849,-0.231815903,0
X353,3867,0.253402998,0
X353,3964,0.52974448,0
X353,3973,0.397310103,0
X353,4017,-0.333784069,0
X353,4142,-0.051144643,0
X353,4197,-0.239597313,0
X354,43,0.018769817,0
X354,58,5.145708743,1
X354,113,1.528959166,0
X354,192,-0.013323734,0
X354,199,-1.694921549,0
X354,211,2.338015311,0
X354,274,-1.99191599,0
X354,410,3.17752301,0
X354,414,1.403420961,0
X354,486,1.227487691,1
X354,549,0.284508021,0
X354,553,-0.319906929,0
X354,712,0.07300294,0
X354,780,2.50590577,1
X354,807,0.169624395,0
X354,823,-3.187283397,0
X354,836,0.120977825,0
X354,878,-2.430816734,0
X354,914,-0.810992575,0
X354,986,-3.28314439,0
X354,996,0.579987489,0
X354,1061,-0.162185048,1
X354,1064,2.208410509,0
X354,1094,2.892863389,1
X354,1100,-1.906998472,1
X354,1129,0.028564706,1
X354,1228,-1.893799686,0
X354,1249,-1.605934955,0
X354,1278,-3.405657005,0
X354,1419,0.8131658,0
X354,1426,1.260878745,1
X354,1447,3.6867732,0
X354,1450,2.013224421,1
X354,1472,0.413963786,0
X354,1492,-0.055563649,0
X354,1524,-1.282763423,0
X354,1530,-3.489431537,0
X354,1592,2.995327372,0
X354,1598,-1.958314086,0
X354,1612,0.891339729,0
X354,1635,0.014074,0
X354,1655,1.282115162,0
X354,1680,0.875374515,0
X354,1709,-0.177548518,0
X354,1834,-0.895754537,0
X354,1894,-0.243922494,0
X354,1898,1.215686763,0
X354,1938,-0.78179039,0
X354,2008,0.113296559,1
X354,2028,2.458744212,0
X354,2104,-0.154374492,1
X354,2108,-2.171932729,0
X354,2110,-2.144937284,0
X354,2135,-2.414443288,0
X354,2198,0.020263149,1
X354,2234,1.445709282,0
X354,2358,3.044051719,1
X354,2430,1.2036712,1
X354,2481,-1.299258121,0
X354,2496,1.718464033,0
X354,2534,-1.423950703,0
X354,2638,2.634213243,0
X354,2775,0.079140315,1
X354,2783,-1.760712391,0
X354,2818,1.840152172,1
X354,2952,2.002584085,1
X354,2972,1.675166642,1
X354,2990,1.265916885,0
X354,3079,-0.263913169,0
X354,3088,-0.58052953,0
X354,3249,-1.211672704,0
X354,3280,0.667863354,0
X354,3345,-1.034940136,0
X354,3390,0.524415142,0
X354,3433,-0.541180828,0
X354,3440,-2.398031905,0
X354,3460,2.182101588,0
X354,3539,1.58842413,0
X354,3551,-0.561478575,0
X354,3631,2.403766509,1
X354,3632,-2.100481734,0
X354,3642,-1.170180204,1
X354,3677,-2.789229858,0
X354,3723,2.430708227,1
X354,3727,-0.530488127,0
X354,3805,-0.071431036,0
X354,3824,-0.76510133,0
X354,3964,-0.515371271,0
X354,3968,0.076133123,0
X354,3973,0.598395182,0
X354,4002,0.102332387,0
X354,4119,-1.246403816,0
X354,4142,0.428626172,0
X354,4200,0.75605427,0
X355,3,-1.987021978,0
X355,191,3.422181395,1
X355,283,3.010037113,0
X355,294,-3.751828274,0
X355,308,-0.010522087,0
X355,343,-2.838056518,0
X355,393,empty,1
X355,410,0.220252069,0
X355,431,-1.38054312,0
X355,549,1.050584267,1
X355,553,-4.272886281,0
X355,573,0.756387396,1
X355,624,-1.491633097,0
X355,634,-0.753025068,1
X355,657,5.790634316,1
X355,687,1.419386929,0
X355,689,-2.009604912,1
X355,690,-1.732392688,0
X355,758,0.319769631,0
X355,782,2.726215651,1
X355,837,-3.209260078,0
X355,878,-1.586494462,0
X355,912,-1.346674596,0
X355,1008,-1.324946651,0
X355,1061,1.19288158,0
X355,1089,1.715641247,0
X355,1154,3.138750942,1
X355,1248,3.983804918,0
X355,1291,0.13438523,0
X355,1300,-0.271931401,0
X355,1374,0.849894567,0
X355,1400,3.884422129,1
X355,1426,1.387415625,0
X355,1436,0.183260189,0
X355,1467,1.996308568,0
X355,1565,-3.093480738,0
X355,1580,-2.889709897,0
X355,1647,0.737507819,0
X355,1655,1.20906899,1
X355,1691,1.186927874,0
X355,1700,-0.866858407,0
X355,1746,1.796975487,0
X355,1810,-1.562990026,0
X355,1814,0.327181183,0
X355,1840,-1.53702112,1
X355,1898,-0.303397029,0
X355,1938,0.797645042,1
X355,1945,4.047459147,1
X355,1952,4.931547209,1
X355,1990,0.989965061,0
X355,1991,1.220538971,0
X355,2116,-2.830760874,1
X355,2286,-2.330182346,1
X355,2290,-3.394126888,0
X355,2333,0.249073408,0
X355,2368,-2.428270801,0
X355,2430,-1.231675493,0
X355,2466,-0.531977873,0
X355,2483,-1.836929187,0
X355,2534,-1.962325514,0
X355,2551,1.72450488,1
X355,2638,-0.355470962,0
X355,2708,1.131813128,0
X355,2832,-0.944428478,0
X355,2884,0.975855031,0
X355,3017,1.064635751,1
X355,3027,-1.431398459,0
X355,3179,-2.112948569,0
X355,3226,1.095979842,1
X355,3235,-0.420471289,0
X355,3252,-0.375521888,0
X355,3343,0.334756034,0
X355,3434,-1.73756101,0
X355,3460,1.507233568,0
X355,3482,-2.046950438,0
X355,3529,3.338336259,0
X355,3540,1.988856305,1
X355,3705,0.163871714,0
X355,3723,0.367254798,1
X355,3780,-1.981217127,0
X355,3819,1.396355487,0
X355,3844,-1.609515649,0
X355,3849,0.276708294,1
X355,3895,-0.21712505,0
X355,3918,0.730158355,1
X355,4003,empty,0
X355,4021,0.047808604,0
X355,4053,-2.577754985,0
X355,4095,2.251068806,0
X355,4142,-0.615540901,1
X355,4148,-3.797536059,0
X355,4168,2.87552787,1
X355,4197,-3.482961562,0
X355,4200,0.498500313,1
X356,36,-1.840777337,1
X356,58,-1.420758328,0
X356,73,-0.785845424,0
X356,127,-1.366651882,0
X356,170,-0.770302679,0
X356,211,-1.679909494,0
X356,214,2.671159781,0
X356,256,1.301565402,1
X356,274,0.983311846,0
X356,283,-1.952149689,0
X356,343,1.698981307,0
X356,386,1.358055568,0
X356,393,-0.33203783,0
X356,419,1.078765305,0
X356,525,-2.394585421,0
X356,616,-0.27381422,0
X356,630,-2.489225001,0
X356,631,-1.619639425,0
X356,649,-1.716979206,0
X356,663,0.674692884,0
X356,712,-2.563655263,0
X356,879,-1.288072567,0
X356,949,-0.220763592,0
X356,986,-0.164398834,0
X356,1008,-1.202596783,0
X356,1021,3.049026595,1
X356,1037,0.688756939,0
X356,1046,-0.777700658,0
X356,1089,2.163691529,0
X356,1094,2.028465928,0
X356,1103,1.24163742,0
X356,1119,-1.652109202,0
X356,1138,1.242642003,0
X356,1239,1.357330309,0
X356,1389,2.467892912,0
X356,1447,-1.980734042,0
X356,1483,1.939213354,1
X356,1580,1.245519562,0
X356,1581,0.683012471,0
X356,1598,-1.039456177,0
X356,1647,-1.565013618,0
X356,1691,1.269434081,0
X356,1725,2.565744209,1
X356,1729,1.48887574,0
X356,1733,0.063711193,0
X356,1814,-0.085129273,0
X356,1824,-0.369854739,0
X356,1826,-0.654908912,0
X356,1829,3.263121485,0
X356,1891,-0.787618351,0
X356,1894,-0.375539815,0
X356,1943,-0.321992705,1
X356,1944,-1.075801405,0
X356,1993,-0.398585683,0
X356,2027,2.520256921,0
X356,2036,-0.193848451,0
X356,2044,1.046947173,1
X356,2082,0.436767258,0
X356,2137,-1.451776398,0
X356,2305,-2.142902547,0
X356,2368,1.050102185,0
X356,2407,-1.97982839,0
X356,2421,0.009155896,0
X356,2452,-1.747815751,0
X356,2466,0.979051629,0
X356,2467,0.401943204,0
X356,2481,0.92796799,0
X356,2494,-2.170235174,0
X356,2496,-1.035023169,1
X356,2499,-2.014458294,0
X356,2561,-0.593317551,0
X356,2601,0.592126626,0
X356,2614,1.587306667,0
X356,2693,-1.295249424,0
X356,2816,-2.588000206,0
X356,2962,-0.513087621,0
X356,3069,0.535941396,0
X356,3073,-0.827184084,0
X356,3094,-0.540728068,0
X356,3099,2.142858098,0
X356,3190,3.549484876,1
X356,3292,-1.950098384,0
X356,3371,-0.700391827,1
X356,3385,-1.876313141,0
X356,3390,0.381407992,0
X356,3436,-0.508664938,0
X356,3460,-0.442873338,0
X356,3496,-2.378757064,0
X356,3529,2.480901831,1
X356,3540,0.581943502,1
X356,3551,-0.722755705,1
X356,3552,-1.342704051,0
X356,3557,-1.054676981,0
X356,3571,1.508064945,0
X356,3635,empty,0
X356,3662,0.489314838,1
X356,3723,-1.408464693,1
X356,3783,2.184319622,0
X356,3801,0.581277492,0
X356,3805,0.322706006,0
X356,3819,-1.284753625,0
X356,3824,-1.175104012,0
X356,3954,-3.070100184,0
X356,4002,-0.467876574,1
X356,4029,-0.010886167,0
X356,4052,-3.08930898,0
X356,4053,3.268537182,1
X356,4119,-1.975758163,0
X356,4121,1.118571997,0
X356,4126,-3.348136579,0
X356,4127,2.024063607,0
X356,4164,-3.080090416,0
X356,4200,-0.607292184,0
X357,36,0.037553792,0
X357,107,-0.216293164,0
X357,120,-0.131251798,0
X357,191,-0.202484384,0
X357,214,-0.074068676,0
X357,222,-0.108046993,0
X357,256,-0.042565255,0
X357,284,-0.14231815,0
X357,308,-0.103370343,0
X357,360,-0.230838608,0
X357,413,0.169787673,0
X357,473,-0.231811046,0
X357,483,-0.063051497,0
X357,530,-0.033496527,0
X357,573,-0.287786801,0
X357,575,-0.292391035,0
X357,630,0.250441773,0
X357,631,0.043247228,0
X357,634,-0.034403581,0
X357,649,-0.081549792,0
X357,669,-0.341643172,0
X357,689,0.085002526,0
X357,807,0.018600423,0
X357,893,0.064164007,0
X357,907,0.015318396,0
X357,949,0.013010142,0
X357,978,0.018373185,0
X357,989,-0.024653978,0
X357,1008,-0.0990401,0
X357,1087,0.480173292,0
X357,1100,-0.069866452,0
X357,1103,0.198591088,0
X357,1178,-0.202562883,0
X357,1187,-0.059970849,0
X357,1228,0.019089733,0
X357,1278,-0.035805874,0
X357,1312,0.169139326,0
X357,1329,-0.018428172,0
X357,1447,-0.128136965,0
X357,1492,0.004491311,0
X357,1512,-0.060949361,0
X357,1552,0.082871393,0
X357,1635,0.141821029,0
X357,1717,-0.056254131,0
X357,1814,-0.048203749,0
X357,1824,0.131679884,0
X357,1840,-0.012639163,0
X357,1866,-0.199010999,0
X357,1898,0.10659666,0
X357,1937,0.008624405,0
X357,1938,-0.026184322,0
X357,1994,0.087641782,0
X357,1999,-0.010807503,0
X357,2027,0.001744646,0
X357,2044,-0.036426367,0
X357,2082,0.300633198,0
X357,2104,0.082857095,0
X357,2116,-0.163892982,0
X357,2127,-0.066608595,0
X357,2234,0.294376279,0
X357,2242,0.233152476,0
X357,2277,0.035289791,0
X357,2290,-0.148228918,0
X357,2309,0.064345181,0
X357,2332,-0.005348579,0
X357,2333,0.18762723,0
X357,2421,-0.02664222,0
X357,2576,-0.268853493,0
X357,2601,-0.197716076,0
X357,2613,-0.133130026,0
X357,2622,-0.042816279,0
X357,2638,-0.015268727,0
X357,2666,0.02475239,0
X357,2677,0.093116397,0
X357,2693,0.142291189,0
X357,2696,-0.121942891,0
X357,2775,0.006997059,0
X357,2784,0.113764345,0
X357,2818,0.024285795,0
X357,2843,-0.115211206,0
X357,2876,-0.010673667,0
X357,2884,0.076076887,0
X357,2893,-0.006261027,0
X357,2969,-0.113239262,0
X357,2982,0.075064226,0
X357,3017,-0.185441502,0
X357,3041,-0.108490234,0
X357,3064,0.160837218,0
X357,3079,-0.169359387,0
X357,3201,0.257237802,0
X357,3220,-0.026279985,0
X357,3345,-0.162371365,0
X357,3385,-0.059233316,0
X357,3440,-0.196053857,0
X357,3496,0.03250859,0
X357,3540,-0.047886397,0
X357,3546,0.149519315,0
X357,3572,-0.118669834,0
X357,3670,-0.066080976,0
X357,3691,-0.044718571,0
X357,3791,0.093436317,0
X357,3819,-0.170575238,0
X357,3867,-0.117256723,0
X357,3881,-0.226516968,0
X357,3917,-0.105519171,0
X357,4017,0.019691002,0
X357,4027,0.110078361,0
X357,4029,-0.017054424,0
X357,4113,0.039196709,0
X357,4127,0.079494506,0
X357,4164,0.117501797,0
X358,3,0.553994156,1
X358,11,-1.141112413,0
X358,107,1.425041058,0
X358,162,3.572026184,1
X358,207,0.140362373,1
X358,211,-0.588126329,0
X358,308,-2.915228744,1
X358,431,-0.544276436,0
X358,483,1.847343303,1
X358,503,-0.48059652,0
X358,525,3.624891145,1
X358,543,-2.96883663,1
X358,567,-0.307181149,0
X358,649,1.063063555,0
X358,675,-1.963729586,0
X358,689,-3.453310185,0
X358,780,-0.911042129,1
X358,837,-0.816855925,1
X358,876,3.306889838,1
X358,879,0.552027135,1
X358,914,0.782457401,1
X358,949,1.856822039,0
X358,953,0.643877781,0
X358,959,0.707538545,0
X358,996,-1.59576983,0
X358,1061,3.608798742,1
X358,1103,1.395246009,0
X358,1119,0.571507657,0
X358,1154,1.040066254,0
X358,1183,-1.727309046,0
X358,1187,1.125483867,0
X358,1268,-0.526073125,0
X358,1359,2.037410171,0
X358,1375,0.346917818,0
X358,1421,-1.625159748,0
X358,1436,2.942484544,1
X358,1450,1.749332884,1
X358,1467,2.556343719,1
X358,1485,2.810089776,0
X358,1492,-0.829345799,0
X358,1512,1.62652696,1
X358,1517,0.678575662,1
X358,1647,2.297118048,0
X358,1655,2.230228358,0
X358,1866,-0.43928063,1
X358,2013,1.536523522,1
X358,2082,3.58043879,1
X358,2108,-3.539609259,0
X358,2116,1.56296692,0
X358,2135,-1.041721101,0
X358,2137,3.854786272,1
X358,2245,0.228029749,0
X358,2287,1.203708599,1
X358,2332,2.407188864,0
X358,2333,1.300640991,0
X358,2402,-0.340414007,0
X358,2434,-0.929067684,0
X358,2445,0.10562829,0
X358,2452,2.09057469,1
X358,2483,-0.8980895,0
X358,2494,-0.646127193,1
X358,2561,3.383999017,1
X358,2624,2.621477426,1
X358,2771,-1.50145437,0
X358,2775,0.702725931,1
X358,2784,4.972069601,1
X358,2816,2.484790078,0
X358,2817,3.19632678,1
X358,2887,-0.68626058,0
X358,2899,2.43289047,0
X358,2969,0.139197318,1
X358,3017,-1.572184432,0
X358,3088,0.722201206,0
X358,3147,2.323667385,1
X358,3162,0.236044911,0
X358,3190,-2.711364159,0
X358,3241,-0.262446533,1
X358,3279,1.745785654,1
X358,3340,1.503343503,0
X358,3349,-0.636563012,1
X358,3529,-1.802217939,0
X358,3630,0.769720624,0
X358,3638,3.837069294,1
X358,3710,1.004829319,0
X358,3723,2.290206286,0
X358,3756,-0.02413606,1
X358,3783,2.444451654,1
X358,3795,1.869784042,0
X358,3805,-1.502904283,0
X358,3877,0.407345521,0
X358,3895,3.917694929,1
X358,3905,0.598783308,0
X358,4029,0.178298528,0
X358,4039,-1.734694087,1
X358,4087,-2.814923387,0
X358,4113,-0.118858288,0
X358,4148,0.115444208,1
X358,4164,-1.04709054,0
X358,4204,-0.083924351,1
X359,73,0.347871597,0
X359,113,1.718354121,0
X359,156,-0.228689495,0
X359,199,0.837080084,0
X359,229,0.099744964,0
X359,249,-0.595808151,0
X359,268,1.245136565,1
X359,283,-0.516986482,0
X359,287,0.147828942,0
X359,294,-0.641376191,0
X359,473,0.526883166,0
X359,485,-0.919747998,0
X359,503,-1.1585994,0
X359,511,0.327801776,0
X359,536,-0.102001159,0
X359,617,0.755397411,0
X359,649,0.074277986,0
X359,823,-0.100327735,0
X359,836,-0.133049887,0
X359,855,-0.721256278,0
X359,876,0.137784185,0
X359,907,-1.033080803,0
X359,912,-1.472625282,0
X359,914,-0.603717369,0
X359,1010,-0.980454144,0
X359,1061,-0.717842628,0
X359,1088,-0.151893894,0
X359,1094,0.760096258,0
X359,1096,1.40172087,1
X359,1103,-0.54206406,0
X359,1106,-0.100294299,1
X359,1141,0.483653914,0
X359,1154,-0.879577697,0
X359,1157,-0.292442806,0
X359,1239,0.968847961,0
X359,1248,-0.077649411,0
X359,1249,-0.489286738,0
X359,1323,0.670972438,0
X359,1374,-0.772552529,0
X359,1375,-0.06431165,0
X359,1389,-0.85927185,0
X359,1436,-0.739647129,0
X359,1525,0.376942983,0
X359,1568,0.144472567,0
X359,1708,0.18515924,0
X359,1711,0.497043848,0
X359,1746,-0.78553986,0
X359,1775,0.189868462,0
X359,1834,-0.396463592,0
X359,1866,-0.00638477,0
X359,1868,-1.843691037,0
X359,1894,0.904193713,0
X359,1943,0.014771301,0
X359,1945,0.583396645,0
X359,1990,0.591287578,0
X359,1994,0.318807873,0
X359,1997,-0.598569006,0
X359,2044,0.576218549,0
X359,2135,0.735889062,0
X359,2241,-0.347250099,0
X359,2277,1.168286459,0
X359,2290,-0.492085987,0
X359,2305,0.375066111,0
X359,2332,0.242194982,0
X359,2368,0.312315078,0
X359,2421,0.206026902,0
X359,2434,0.42951797,0
X359,2445,-0.856339242,0
X359,2481,-0.104231942,0
X359,2483,-0.313919514,0
X359,2496,-0.777096556,0
X359,2562,-0.579527061,0
X359,2622,-0.526161666,0
X359,2624,-0.125345486,0
X359,2636,-0.324907835,0
X359,2638,0.969693556,0
X359,2673,-0.392551503,0
X359,2817,0.071660806,0
X359,2876,0.373203112,0
X359,2953,0.50425535,0
X359,2972,-0.597785318,0
X359,3064,0.029946148,0
X359,3190,-0.172294762,0
X359,3231,0.316021572,0
X359,3252,-0.103728592,0
X359,3345,-0.00644399,0
X359,3371,0.573259368,0
X359,3390,-0.57081,0
X359,3396,-0.059499108,0
X359,3539,-0.727256729,0
X359,3540,0.42030429,0
X359,3571,-0.27250127,0
X359,3631,-1.222559653,0
X359,3642,-0.834577963,0
X359,3696,-0.454540301,0
X359,3781,-0.660774674,0
X359,3792,-0.704813305,0
X359,3805,0.405649998,0
X359,3905,0.931580793,0
X359,3917,0.518331306,0
X359,3918,-0.132404606,0
X359,3940,0.436789408,0
X359,3966,0.424409014,0
X359,4002,-1.593781507,0
X359,4003,-0.072150538,0
X359,4004,0.663301927,0
X359,4095,0.625573258,0
X359,4132,0.714195825,0
X359,4200,0.13900196,0
X360,12,-2.319612902,0
X360,192,1.89012436,0
X360,207,0.730428786,0
X360,222,-0.359347746,0
X360,249,0.345432395,0
X360,284,-0.513320719,0
X360,287,-0.419552375,0
X360,308,1.14830835,0
X360,375,-0.621072136,0
X360,389,-1.762448167,0
X360,413,empty,0
X360,560,-0.873191823,0
X360,573,0.141058329,0
X360,622,0.729957772,0
X360,631,0.338326021,0
X360,649,-0.373163826,0
X360,689,0.394121431,0
X360,758,-1.375862722,0
X360,782,0.943039091,0
X360,836,-1.943538962,0
X360,879,-1.415214145,0
X360,954,0.8560633,0
X360,959,0.046898114,0
X360,1008,-0.959227934,0
X360,1021,0.280521815,0
X360,1088,1.77145181,1
X360,1106,-1.974053256,0
X360,1178,-0.776283185,0
X360,1278,0.359148303,0
X360,1300,1.103663678,0
X360,1302,-0.154362873,0
X360,1374,0.237967137,1
X360,1375,-1.050296467,0
X360,1472,2.633115587,0
X360,1492,-0.991873115,0
X360,1495,0.177066081,0
X360,1530,0.921029554,0
X360,1592,-0.629747406,0
X360,1615,1.47123633,0
X360,1693,-0.968699026,0
X360,1700,-0.753618764,0
X360,1708,-0.883950885,0
X360,1711,0.028498966,0
X360,1746,-1.302863109,0
X360,1775,0.821939538,0
X360,1826,0.396404313,0
X360,1829,1.197578982,1
X360,1866,0.177895725,0
X360,1937,0.165278584,0
X360,1992,0.960953651,0
X360,1999,-0.291895238,0
X360,2008,0.70194438,0
X360,2028,0.2322298,0
X360,2135,0.609735605,0
X360,2137,-2.10222077,0
X360,2188,2.868406821,0
X360,2241,-1.573428899,0
X360,2242,0.429073993,0
X360,2276,1.60127069,0
X360,2277,0.963603359,0
X360,2305,0.715383201,0
X360,2332,-0.431947339,0
X360,2333,0.162569535,0
X360,2466,-2.280525313,0
X360,2496,-0.836922379,0
X360,2551,0.496358544,0
X360,2673,0.292052231,0
X360,2677,-0.248018101,0
X360,2679,0.326620547,1
X360,2771,-0.561484925,0
X360,2815,-0.039304076,0
X360,2832,-0.463134338,0
X360,2843,-0.138942263,0
X360,2879,0.274061243,1
X360,2888,0.902124202,1
X360,2915,0.868908934,0
X360,2939,1.043981826,0
X360,2962,2.056380261,1
X360,3064,0.054777606,0
X360,3099,0.608079849,0
X360,3252,0.248519349,0
X360,3292,0.182849519,0
X360,3328,0.270005199,0
X360,3375,0.29262923,0
X360,3433,0.339477969,0
X360,3440,0.920628175,0
X360,3551,0.461717798,0
X360,3557,0.551239962,0
X360,3746,1.266026718,0
X360,3756,1.217277982,0
X360,3791,-1.579473341,0
X360,3805,-0.55582965,0
X360,3844,-0.168524329,0
X360,3867,-2.102246181,0
X360,3905,1.405327962,0
X360,3911,-0.123200513,0
X360,3940,0.879543448,0
X360,3954,-0.04007056,1
X360,3964,1.240180866,0
X360,4121,-0.594638754,0
X360,4142,0.044979817,0
X360,4159,-1.133695227,0
X360,4184,-0.544555445,0
X360,4185,0.366645301,0
X360,4197,0.205976114,0
X361,36,1.880543704,1
X361,107,1.552473164,1
X361,127,0.782033526,1
X361,183,1.192000939,1
X361,207,1.797892818,1
X361,268,1.839549785,1
X361,343,1.834479675,1
X361,485,0.342623477,1
X361,511,1.180477933,1
X361,567,1.162292923,1
X361,573,0.776246841,1
X361,675,0.149725447,1
X361,690,1.431922934,1
X361,836,0.920307467,1
X361,837,1.298142243,1
X361,877,1.985816882,1
X361,958,1.548491719,1
X361,989,-0.347970201,1
X361,992,0.074550717,1
X361,1089,0.005596775,0
X361,1106,1.793603407,1
X361,1108,2.493137088,1
X361,1129,1.09928331,1
X361,1312,0.042437408,0
X361,1323,1.393786501,1
X361,1332,0.870612306,1
X361,1436,1.016030715,1
X361,1495,2.738114347,1
X361,1568,1.735261158,1
X361,1711,1.26501456,1
X361,1717,1.045666611,1
X361,1733,2.763374642,1
X361,1810,0.888989707,1
X361,1868,0.737512768,1
X361,1994,1.64458244,0
X361,2008,0.562794491,1
X361,2013,0.786727294,1
X361,2055,-0.118778907,0
X361,2076,1.890214346,1
X361,2110,1.467264316,1
X361,2135,1.994476144,1
X361,2241,0.811479153,1
X361,2242,1.062250484,1
X361,2277,1.617300715,1
X361,2287,0.947145468,1
X361,2309,1.452044882,1
X361,2332,1.058309545,1
X361,2375,0.649366673,1
X361,2407,0.12573152,0
X361,2534,0.945582984,1
X361,2636,0.724507656,1
X361,2706,0.960472035,1
X361,2771,0.575816962,1
X361,2870,1.083364203,1
X361,2972,0.232165193,1
X361,2992,1.579194352,1
X361,3041,-0.403990686,0
X361,3069,2.167609003,1
X361,3088,0.277842382,1
X361,3103,1.535850235,1
X361,3121,0.278524641,1
X361,3201,1.766845735,1
X361,3440,1.048849613,1
X361,3529,1.556037111,1
X361,3547,-0.656377664,1
X361,3572,1.389122934,1
X361,3630,0.185824982,1
X361,3705,0.042180353,0
X361,3772,0.344132054,1
X361,3792,2.809656137,1
X361,3877,2.010917582,1
X361,3918,-0.084786829,1
X361,3928,1.77370135,1
X361,3940,3.3111422,1
X361,3966,0.637854831,1
X361,3968,0.83259128,1
X361,3973,-0.024621881,1
X361,4005,2.484972259,1
X361,4017,0.503999055,1
X361,4021,1.58121838,1
X361,4039,0.583453597,1
X361,4087,0.575660239,1
X361,4113,0.468997105,1
X361,4119,1.024698067,1
X361,4121,0.796728971,1
X361,4148,1.479510835,1
X361,4197,1.383202666,1
X361,4200,0.511739009,1
X362,11,4.950119388,1
X362,73,1.441028691,1
X362,120,-0.029675574,0
X362,127,-0.212188428,1
X362,192,-0.495434076,0
X362,287,4.036597504,1
X362,386,-1.867199481,0
X362,389,1.109099321,0
X362,414,-0.491949567,0
X362,483,-0.701236133,0
X362,525,-0.98824879,0
X362,530,-0.440128761,0
X362,536,2.138747156,0
X362,616,-2.144178071,0
X362,622,-3.26880535,0
X362,634,2.414582474,1
X362,675,-0.784813787,0
X362,780,-0.238357739,0
X362,837,-2.385115062,0
X362,865,1.669785096,0
X362,875,-0.817858666,0
X362,888,2.498510557,1
X362,989,1.448291741,0
X362,1046,2.649361616,0
X362,1061,-0.241876268,0
X362,1178,-3.289850578,1
X362,1268,-2.989333587,1
X362,1295,3.766508732,1
X362,1300,0.677879676,0
X362,1312,-2.497175329,1
X362,1421,3.962674549,1
X362,1441,-1.09901377,1
X362,1512,1.402763824,0
X362,1552,0.112253463,0
X362,1612,1.180912171,1
X362,1647,1.102070866,1
X362,1680,3.616642971,1
X362,1709,2.522267488,1
X362,1729,-0.134543975,0
X362,1746,-2.031047731,0
X362,1866,-2.407829892,0
X362,1886,2.840285997,1
X362,1898,1.210709235,0
X362,1991,3.202233314,0
X362,1993,3.512039162,0
X362,2027,3.466411889,1
X362,2241,-1.363806949,0
X362,2276,-4.118078043,0
X362,2290,-1.664455557,0
X362,2305,-0.422132238,0
X362,2309,0.48918694,0
X362,2368,2.961768226,1
X362,2434,-0.343916715,1
X362,2481,-4.049239158,0
X362,2483,-0.801342799,1
X362,2562,2.808220687,1
X362,2576,3.308259473,0
X362,2613,-3.767111362,0
X362,2648,3.77698028,1
X362,2691,-0.303676959,1
X362,2870,1.081828732,1
X362,2876,-4.313921835,0
X362,2879,0.19939618,0
X362,2939,2.03367006,0
X362,2952,0.982397979,0
X362,2962,4.264815865,0
X362,2966,1.679110317,0
X362,3027,0.400029408,0
X362,3064,-0.741850458,1
X362,3069,-4.476949134,0
X362,3079,-0.703527576,0
X362,3345,1.385258398,0
X362,3375,4.00391302,1
X362,3433,3.172881477,1
X362,3436,-2.565419751,0
X362,3495,-1.149740443,1
X362,3512,-1.752115294,1
X362,3539,-1.199083305,0
X362,3540,1.913496563,1
X362,3544,1.857201167,0
X362,3546,0.74476734,0
X362,3572,-0.802857861,0
X362,3662,0.064280214,1
X362,3677,1.970437696,1
X362,3691,-1.605921433,0
X362,3705,3.226405038,0
X362,3746,-3.206105024,1
X362,3772,-2.266917836,0
X362,3780,-2.661955676,0
X362,3824,1.046994919,0
X362,3895,-1.294968137,0
X362,3905,2.364015586,0
X362,3911,0.092900305,0
X362,3940,-0.667990131,1
X362,3954,0.548869752,0
X362,4002,2.044456777,1
X362,4003,2.455943638,1
X362,4053,1.480713577,0
X362,4119,-3.484529134,0
X362,4132,-2.87075624,0
X362,4168,3.646037491,1
X362,4185,-0.806486144,0
X362,4197,3.918599253,1
X363,3,2.066406496,1
X363,58,1.571410861,0
X363,107,0.02406154,0
X363,156,-0.658801985,1
X363,199,1.107212929,0
X363,249,-0.552513719,1
X363,274,-0.530013561,1
X363,294,-0.6379039,0
X363,343,-1.208535625,1
X363,431,1.116361292,0
X363,449,-1.220127639,1
X363,622,-1.997532589,1
X363,649,2.353850402,1
X363,657,1.128348243,1
X363,687,-1.273019785,0
X363,807,2.438929176,1
X363,865,-0.281332442,1
X363,875,4.930898217,1
X363,877,1.199222327,0
X363,953,0.735447753,1
X363,959,-1.101076871,0
X363,1021,-2.013866174,1
X363,1061,1.910175281,1
X363,1064,2.972867544,0
X363,1100,2.456643886,0
X363,1103,2.036643965,1
X363,1119,-1.687630902,1
X363,1178,-1.621398377,0
X363,1187,0.798935726,1
X363,1224,-1.3270736,1
X363,1249,0.570332323,0
X363,1323,2.307029364,0
X363,1329,-0.079995804,0
X363,1374,-1.279530845,1
X363,1375,-0.608382386,0
X363,1389,3.513981771,1
X363,1426,3.751047659,1
X363,1436,-0.330730049,1
X363,1441,-2.098409078,0
X363,1472,1.307567778,0
X363,1524,-3.069396267,1
X363,1565,0.358426885,1
X363,1568,4.915990272,1
X363,1691,0.844884332,0
X363,1717,3.342909527,1
X363,1725,-0.187179627,1
X363,1829,-0.115557496,1
X363,1844,1.818288818,1
X363,1852,1.863058219,1
X363,1886,-0.187520639,0
X363,1938,-0.012349768,1
X363,1943,0.512989545,0
X363,1952,1.682841017,1
X363,1997,-1.436511281,1
X363,2008,0.212269841,1
X363,2027,-3.556996367,1
X363,2028,3.381409152,1
X363,2104,2.79285581,1
X363,2110,1.008382057,1
X363,2137,2.072922693,1
X363,2198,0.661282234,0
X363,2241,0.536524993,1
X363,2242,0.709516614,1
X363,2421,-3.00509749,0
X363,2430,0.788319151,1
X363,2601,1.422716099,1
X363,2638,0.334393175,1
X363,2666,-0.711442974,0
X363,2673,1.80223506,1
X363,2679,2.340165146,1
X363,2696,-0.084183004,1
X363,2719,1.452194702,0
X363,2784,0.386343456,1
X363,2843,0.07643403,1
X363,2848,-0.25571885,1
X363,2879,-1.840886141,1
X363,2884,2.697638616,1
X363,2899,0.11959074,1
X363,2953,-1.000246124,1
X363,3041,0.506837985,0
X363,3069,2.451982531,1
X363,3094,-0.957809806,1
X363,3202,-1.316507643,0
X363,3235,3.189599304,1
X363,3241,0.859118178,1
X363,3345,1.460569024,1
X363,3371,2.800904384,1
X363,3495,-2.491482867,0
X363,3539,2.009423345,1
X363,3551,0.730061174,1
X363,3572,-1.595418704,1
X363,3612,0.261084523,1
X363,3632,3.483041358,1
X363,3638,-0.551945095,1
X363,3691,-1.839109787,1
X363,3772,0.662308356,0
X363,3783,2.102905708,1
X363,3911,0.704019777,1
X363,3954,0.736254327,1
X363,3964,-4.026148654,1
X363,3966,3.526449448,1
X363,4003,-0.778646159,0
X363,4052,1.795062544,1
X363,4095,1.311222792,0
X363,4127,0.368114688,1
X363,4142,2.048790388,1
X363,4184,-0.987501042,0
X363,4197,-0.102174175,0
X364,3,0.36405069,0
X364,11,-0.018507512,0
X364,73,-0.132841142,0
X364,207,-0.030759666,0
X364,216,0.060219242,0
X364,343,0.112741574,0
X364,360,0.052311361,0
X364,386,0.127928387,0
X364,414,-0.083372553,0
X364,865,-0.368863322,0
X364,875,-0.136900545,0
X364,876,-0.061766796,0
X364,878,-0.025360478,0
X364,897,-0.046770399,0
X364,907,-0.187501592,0
X364,914,0.045152022,0
X364,943,-0.138198788,0
X364,971,-0.187454153,0
X364,978,-0.184138782,0
X364,996,0.1814069,0
X364,1021,0.268734103,0
X364,1064,-0.069854601,0
X364,1106,0.064843832,0
X364,1119,-0.162968516,0
X364,1278,-0.053834434,0
X364,1359,0.01370704,0
X364,1374,0.024890374,0
X364,1375,-0.09637189,0
X364,1441,-0.369129525,0
X364,1492,0.229699897,0
X364,1517,-0.146254377,0
X364,1525,-0.114126072,0
X364,1586,-0.060318709,0
X364,1598,-0.349370975,0
X364,1635,0.156951153,0
X364,1693,0.029551056,0
X364,1775,-0.012563257,0
X364,1810,-0.05677971,0
X364,1812,-0.085873818,0
X364,1824,0.278370758,0
X364,1829,-0.041207286,0
X364,1973,0.340127625,0
X364,1991,0.100811933,0
X364,1992,0.207510629,0
X364,1999,0.227749401,0
X364,2055,-0.11942374,0
X364,2110,-0.325227877,0
X364,2234,0.380235745,0
X364,2241,-0.027946055,0
X364,2309,-0.039783732,0
X364,2333,-0.469208908,0
X364,2407,-0.113015811,0
X364,2445,0.121161567,0
X364,2562,-0.168035231,0
X364,2614,-0.073741993,0
X364,2719,0.493355907,0
X364,2775,0.124909037,0
X364,2783,0.001374787,0
X364,2817,-0.096176403,0
X364,2843,0.057378729,0
X364,2849,-0.166311816,0
X364,2870,-0.283533265,0
X364,2879,-0.168896488,0
X364,2887,-0.172581102,0
X364,2939,-0.266984331,0
X364,2969,0.121531743,0
X364,2972,0.037376024,0
X364,2990,-0.066448826,0
X364,3064,0.274204948,0
X364,3073,0.096071866,0
X364,3190,0.108243097,0
X364,3345,-0.352000262,0
X364,3371,0.477076263,0
X364,3385,0.113518477,0
X364,3433,-0.237171706,0
X364,3571,0.035660296,0
X364,3632,-0.098944276,0
X364,3642,-0.304542919,0
X364,3705,0.090577084,0
X364,3772,0.34580135,0
X364,3819,0.236290939,0
X364,3849,-0.208057937,0
X364,3867,-0.191645397,0
X364,4087,0.196849078,0
X364,4126,-0.227995917,0
X364,4156,0.073419245,0
X365,3,-0.278596626,0
X365,11,0.109262873,0
X365,12,0.977833786,1
X365,107,-0.357846612,0
X365,207,-0.223706457,0
X365,216,0.026846404,0
X365,249,0.460308072,0
X365,375,0.348079293,0
X365,389,0.170475648,0
X365,414,-0.018614976,0
X365,473,0.018498787,0
X365,543,0.195649544,0
X365,616,0.182485223,0
X365,622,0.326402135,0
X365,630,-0.212792486,0
X365,631,0.139582748,0
X365,634,0.173078384,0
X365,649,0.290358626,0
X365,675,-0.286425439,0
X365,807,-0.001167756,0
X365,875,0.046261178,0
X365,878,0.013603402,0
X365,958,0.202710839,0
X365,959,-0.582771506,0
X365,971,0.285289398,0
X365,992,0.038571163,0
X365,1008,0.272465883,0
X365,1037,-0.046647184,0
X365,1061,-0.147145648,0
X365,1108,0.341406953,0
X365,1154,0.300260637,0
X365,1183,-0.467566566,0
X365,1228,-0.298411636,0
X365,1249,0.02666183,0
X365,1284,-0.066063372,0
X365,1323,-0.167275769,0
X365,1472,-0.43658027,0
X365,1483,0.011728044,0
X365,1530,0.000786223,0
X365,1586,-0.097230286,0
X365,1600,0.097121645,0
X365,1635,-0.106190633,0
X365,1655,0.144918526,0
X365,1691,0.261007969,0
X365,1708,0.113127129,0
X365,1729,0.566853088,0
X365,1829,0.188253851,0
X365,1898,empty,0
X365,1900,0.008500927,0
X365,1937,0.149907608,0
X365,1945,-0.005428662,0
X365,1952,0.156074309,0
X365,1994,-0.05203008,0
X365,2055,-0.301685796,0
X365,2076,0.292675706,0
X365,2082,0.105746099,0
X365,2135,-0.262670905,0
X365,2277,0.057876786,0
X365,2305,-0.057378622,0
X365,2333,0.056270014,0
X365,2368,0.005826722,0
X365,2434,-0.158620074,0
X365,2551,0.15864953,0
X365,2562,-0.018792231,0
X365,2576,0.263102135,0
X365,2624,0.096874414,0
X365,2666,0.02380553,0
X365,2679,-0.414100411,0
X365,2693,-0.038352623,0
X365,2696,0.156154586,0
X365,2887,-0.082940555,0
X365,2893,0.262173184,0
X365,2953,-0.336804986,0
X365,3041,0.039538576,0
X365,3088,0.124530954,0
X365,3103,-0.426305339,0
X365,3190,0.183935269,0
X365,3249,-0.121815171,0
X365,3279,-0.034663437,0
X365,3371,-0.241846167,0
X365,3433,-0.305145914,0
X365,3436,0.386806795,0
X365,3539,0.086327098,0
X365,3547,-0.385383817,0
X365,3557,-0.093914202,0
X365,3696,-0.233781161,0
X365,3747,0.369523361,0
X365,3756,0.054644923,0
X365,3781,-0.296528834,0
X365,3792,-0.362647992,0
X365,3795,0.340002528,0
X365,3824,0.358506869,0
X365,3867,0.258721269,0
X365,3964,-0.089664248,0
X365,3966,0.240657197,0
X365,4004,-0.187056812,0
X365,4027,-0.168047207,0
X365,4052,0.275451693,0
X365,4119,-0.293919672,0
X365,4126,0.292656647,0
X365,4127,0.523081837,0
X365,4168,0.025033391,0
X365,4184,-0.093309193,0
X365,4197,-0.116156595,0
X365,4204,0.037885668,0
X366,58,0.104077335,0
X366,73,0.029907737,0
X366,127,-0.01389085,0
X366,162,0.101391749,0
X366,207,0.122954841,0
X366,211,0.317414191,0
X366,229,0.084709751,0
X366,360,-0.045604631,0
X366,431,-0.145301853,0
X366,473,0.332536733,0
X366,499,-0.072140261,0
X366,503,-0.06077797,0
X366,525,0.114961542,0
X366,549,-0.058430623,0
X366,567,-0.235294802,0
X366,575,-0.159642575,0
X366,616,-0.086352529,0
X366,631,0.087986733,0
X366,758,0.421435677,0
X366,780,-0.012468679,0
X366,782,0.125656731,0
X366,836,-0.149038116,0
X366,855,0.075915317,0
X366,875,0.19617648,0
X366,877,-0.058123594,0
X366,958,-0.012342724,0
X366,978,-0.012921671,0
X366,1046,-0.027730717,0
X366,1096,-0.172581031,0
X366,1106,-0.237001767,0
X366,1154,0.037267043,0
X366,1228,0.149908708,0
X366,1248,0.087221972,0
X366,1278,0.05221578,0
X366,1329,-0.019671945,0
X366,1389,0.071451701,0
X366,1517,-0.032476049,0
X366,1524,-0.042586159,0
X366,1598,-0.177132699,0
X366,1654,-0.136776792,0
X366,1671,-0.205733218,0
X366,1709,-0.05632654,0
X366,1746,-0.109294851,0
X366,1810,-0.039604294,0
X366,1824,-0.118233085,0
X366,1993,0.041835467,0
X366,1994,-0.072770784,0
X366,2027,0.066128517,0
X366,2036,0.001705817,0
X366,2137,0.036465458,0
X366,2221,-0.05662157,0
X366,2234,-0.04772006,0
X366,2241,0.095410148,0
X366,2276,0.027076282,0
X366,2305,0.158602992,0
X366,2333,0.169605004,0
X366,2467,-0.174968858,0
X366,2481,-0.002431243,0
X366,2561,-0.056594263,0
X366,2576,-0.246145433,0
X366,2614,-0.089777793,0
X366,2666,0.139820797,0
X366,2677,0.003077224,0
X366,2719,-0.120357054,0
X366,2771,-0.127173566,0
X366,2832,0.155692408,0
X366,2848,0.225552634,0
X366,2968,0.062157687,0
X366,3079,0.195632231,0
X366,3094,-0.135936036,0
X366,3179,-0.033876176,0
X366,3190,0.209559641,0
X366,3201,0.115131028,0
X366,3220,-0.042916398,0
X366,3235,-0.086642152,0
X366,3252,-0.039141694,0
X366,3375,0.100550872,0
X366,3482,-0.091122757,0
X366,3495,-0.048960827,0
X366,3496,0.02066082,0
X366,3551,0.087268161,0
X366,3557,-0.093600591,0
X366,3572,-0.270924989,0
X366,3630,-0.037381637,0
X366,3631,-0.066512148,0
X366,3638,-0.064645749,0
X366,3710,0.164471393,0
X366,3780,-0.126564562,0
X366,3881,-0.237732363,0
X366,3905,0.070624754,0
X366,3911,-0.041897656,0
X366,3964,0.063408571,0
X366,4039,0.183912139,0
X366,4041,0.1517066,0
X366,4113,0.175331177,0
X366,4126,-0.19939516,0
X366,4156,0.046638375,0
X366,4164,-0.084946461,0
X366,4204,-0.099309512,0
X367,12,-0.177308246,0
X367,43,0.850508847,0
X367,107,-0.00692377,0
X367,120,-1.453787325,0
X367,216,0.941591797,0
X367,268,-1.10931212,0
X367,389,-0.404710185,0
X367,393,-0.156939337,0
X367,413,-0.271042716,0
X367,414,0.334538636,0
X367,449,0.695782443,1
X367,613,1.310268465,0
X367,669,0.342961609,0
X367,675,-0.562204119,0
X367,687,0.719465451,0
X367,823,-0.459563274,0
X367,865,0.165466764,0
X367,875,0.670179313,0
X367,877,0.206034894,0
X367,888,0.765666431,0
X367,914,-0.202486585,0
X367,953,-0.109815984,0
X367,1010,0.566444178,0
X367,1064,-0.13977903,0
X367,1096,-0.451761047,0
X367,1108,-0.5314829,0
X367,1119,0.150422458,0
X367,1183,0.148846801,0
X367,1228,-0.327367585,0
X367,1239,-1.159497186,0
X367,1268,0.253782527,0
X367,1300,-1.453086543,0
X367,1332,-1.301194801,0
X367,1400,1.11437344,0
X367,1421,-1.09638307,0
X367,1568,0.713312485,0
X367,1612,-0.430378128,0
X367,1647,0.574553327,0
X367,1655,0.818131608,0
X367,1671,0.257586982,0
X367,1680,0.632897351,0
X367,1709,0.010599688,1
X367,1717,-0.878476434,0
X367,1814,1.183042364,0
X367,1829,-0.95822723,0
X367,1881,-0.340246799,0
X367,1886,-1.06978818,0
X367,1894,-1.603080655,0
X367,1938,-0.291306749,0
X367,1945,1.337182657,0
X367,2008,-0.644972925,0
X367,2013,-0.554446137,0
X367,2044,-0.409112772,0
X367,2076,0.062025159,0
X367,2104,0.18846335,0
X367,2221,0.633744933,0
X367,2375,-0.501574152,0
X367,2407,1.23338441,0
X367,2434,1.944005471,0
X367,2483,-1.241271281,0
X367,2494,-0.167090856,0
X367,2534,0.151083692,0
X367,2576,0.397894762,0
X367,2601,0.289201708,0
X367,2771,-0.751588571,0
X367,2870,2.640379537,0
X367,2887,0.625806006,0
X367,2939,0.746151349,0
X367,3041,-0.605715091,0
X367,3220,-0.909504559,0
X367,3360,0.82192405,0
X367,3390,1.006627188,0
X367,3434,-0.154990696,0
X367,3440,-0.76225364,0
X367,3710,1.548416145,0
X367,3801,-0.835469793,0
X367,3849,0.478369843,0
X367,3867,0.001876131,0
X367,3905,-0.748461231,0
X367,3940,0.779772421,0
X367,3966,-1.452839208,0
X367,4001,0.478907289,0
X367,4002,0.625355048,0
X367,4005,0.084651222,0
X367,4021,-0.854620413,0
X367,4027,-0.180610374,0
X367,4121,1.212539981,0
X367,4142,0.68357457,0
X367,4164,-0.884587362,0
X367,4204,1.44003741,0
X368,3,-1.555018811,0
X368,113,-0.549725873,0
X368,127,-0.413804745,0
X368,162,-1.369277855,0
X368,170,-1.963570587,0
X368,211,0.265330746,0
X368,222,-0.016555945,0
X368,413,0.717937055,0
X368,414,-0.06851761,0
X368,419,0.850342382,0
X368,530,1.528831643,1
X368,553,-0.648961814,0
X368,575,1.452150785,0
X368,631,-0.031526969,0
X368,669,-0.843659864,0
X368,758,1.177652842,0
X368,807,-1.337276926,0
X368,912,0.519710512,0
X368,958,0.645082212,0
X368,986,0.098048768,0
X368,1089,0.704679471,0
X368,1094,0.719380089,0
X368,1108,0.238469916,0
X368,1119,-0.67216493,0
X368,1239,-0.61916327,0
X368,1249,0.559745076,0
X368,1285,-0.096611262,0
X368,1300,-0.397781213,0
X368,1302,0.817704506,0
X368,1323,-0.861076865,0
X368,1332,-0.937291248,0
X368,1436,-0.847248514,0
X368,1450,-1.23137331,0
X368,1483,0.357869225,0
X368,1512,0.164299968,0
X368,1517,1.344955961,0
X368,1586,-1.377159211,0
X368,1655,-0.847894088,0
X368,1671,0.26556617,0
X368,1680,0.121719514,0
X368,1690,-1.179833311,0
X368,1693,-0.289361479,0
X368,1717,1.003131892,0
X368,1746,0.379739072,0
X368,1826,-0.419441253,0
X368,1840,1.235198739,0
X368,1844,0.451144692,0
X368,1866,0.433767356,0
X368,1881,0.477844951,0
X368,1886,-0.80404599,0
X368,1898,-0.086207299,0
X368,1937,-0.348659232,0
X368,1938,0.624614456,0
X368,1943,0.912299035,0
X368,1973,-0.066696302,0
X368,1990,-0.219724778,0
X368,1992,0.048367153,0
X368,1994,0.681501741,0
X368,1997,1.132054214,0
X368,2055,-0.597330559,0
X368,2467,-0.060904273,0
X368,2499,-1.368585724,0
X368,2576,0.56359148,0
X368,2613,0.173891347,1
X368,2624,1.364864335,0
X368,2638,-0.464430015,0
X368,2679,0.014093632,0
X368,2693,-0.404536719,0
X368,2696,-0.681024174,0
X368,2706,-0.308494174,0
X368,2816,0.135299904,0
X368,2832,0.078961335,0
X368,2843,-0.750372688,0
X368,2887,-0.721976589,0
X368,2982,0.838514623,0
X368,2990,-0.088240417,0
X368,3017,0.646202813,0
X368,3064,0.608995051,0
X368,3073,2.810827185,0
X368,3099,-0.521822102,0
X368,3190,-0.53983391,0
X368,3249,-0.690607325,0
X368,3280,-0.184794738,0
X368,3349,1.641469363,0
X368,3434,-0.408011188,0
X368,3476,1.224914674,0
X368,3546,0.712313899,0
X368,3547,0.711075979,0
X368,3571,-0.011199722,0
X368,3635,0.259711602,0
X368,3710,-0.50199882,0
X368,3756,0.406406279,0
X368,3791,0.551011688,0
X368,3819,0.052305652,0
X368,3966,0.82259615,0
X368,4003,0.17799842,0
X368,4027,-1.497615112,0
X368,4052,0.381199438,0
X368,4087,-0.130413558,0
X368,4126,-0.447394694,0
X368,4132,-1.256218016,0
X368,4148,-1.416665228,0
X369,11,0.110807087,0
X369,58,0.021546487,0
X369,73,-0.084976827,0
X369,107,-0.044599451,0
X369,120,0.040578782,0
X369,127,0.080416258,0
X369,162,-0.136375729,0
X369,207,0.005439665,0
X369,214,-0.056590248,0
X369,268,-0.043639735,0
X369,473,-0.126534957,0
X369,486,-0.005817799,0
X369,543,-0.000994496,0
X369,561,-0.027259068,0
X369,575,0.006707277,0
X369,631,-0.038824305,0
X369,649,0.093074583,0
X369,675,-0.072109253,0
X369,689,-0.065500949,0
X369,782,-0.018364518,0
X369,879,0.017877177,0
X369,912,0.060213812,0
X369,954,0.04828943,0
X369,971,0.063062287,0
X369,989,0.021722364,0
X369,996,0.046535343,0
X369,1064,-0.076960319,0
X369,1141,0.125859095,0
X369,1178,-0.077898051,0
X369,1224,0.110228796,0
X369,1228,-0.087373309,0
X369,1392,0.035517464,0
X369,1485,0.107113673,0
X369,1512,0.18627432,0
X369,1552,0.027256547,0
X369,1700,-0.007971931,0
X369,1834,0.039976699,0
X369,1881,-0.071929675,0
X369,1886,0.05784704,0
X369,1898,0.05583208,0
X369,1992,0.006299461,0
X369,1994,-0.081753621,0
X369,1997,-0.074550218,0
X369,2036,0.02703821,0
X369,2044,-0.241153032,0
X369,2110,-0.067578551,0
X369,2127,-0.217138681,0
X369,2135,0.042437301,0
X369,2309,0.166321935,0
X369,2430,0.089506851,0
X369,2467,0.021302292,0
X369,2494,0.04032615,0
X369,2534,0.043235153,0
X369,2562,0.013227929,0
X369,2673,-0.009564349,0
X369,2771,-0.037801854,0
X369,2784,0.0385071,0
X369,2849,-0.007807254,0
X369,2899,0.009455038,0
X369,2969,0.116947737,0
X369,3069,0.022821053,0
X369,3079,-0.019242994,0
X369,3099,-0.033804119,0
X369,3147,0.064008306,0
X369,3226,-0.040176415,0
X369,3235,0.067079089,0
X369,3345,0.094084487,0
X369,3349,-0.011192299,0
X369,3360,0.090372105,0
X369,3375,0.124909666,0
X369,3436,-0.033992873,0
X369,3511,0.016188175,0
X369,3540,0.100665288,0
X369,3544,-0.163765874,0
X369,3571,0.066547144,0
X369,3632,0.034248691,0
X369,3691,0.069294778,0
X369,3727,0.068149753,0
X369,3780,-0.094769558,0
X369,3781,0.164399887,0
X369,3791,-0.070015189,0
X369,3824,-0.001125806,0
X369,3867,-0.104370141,0
X369,3895,-0.149745265,0
X369,3917,-0.012541338,0
X369,3973,0.007816466,0
X369,4027,0.034647532,0
X369,4053,0.101975849,0
X369,4110,0.080291479,0
X369,4127,0.020118492,0
X370,11,0.09787736,0
X370,73,-0.838953599,0
X370,192,-0.33555344,0
X370,211,0.080861883,0
X370,287,0.143359643,0
X370,343,0.256816295,0
X370,386,-0.771492145,0
X370,485,-0.585522595,0
X370,525,0.341519002,0
X370,549,-0.27431865,0
X370,561,0.258224082,0
X370,616,0.201744961,0
X370,622,0.613320054,0
X370,663,-0.042345455,0
X370,836,-0.152456193,0
X370,865,-0.017171459,0
X370,875,0.137472033,0
X370,949,-0.288089919,0
X370,971,0.155482419,0
X370,986,-0.510825214,0
X370,989,0.306686352,0
X370,1010,-0.029611441,0
X370,1141,-0.00732181,0
X370,1178,0.081463406,0
X370,1426,-0.050809875,0
X370,1441,-0.041589803,0
X370,1472,-0.137077527,0
X370,1517,0.13932577,0
X370,1525,0.004706633,0
X370,1530,-0.635235025,0
X370,1568,-0.066791678,0
X370,1635,-0.469920559,0
X370,1655,-0.029266952,0
X370,1691,0.32763889,0
X370,1733,-0.607630056,0
X370,1775,-0.220612543,0
X370,1952,empty,0
X370,1993,-0.264394609,0
X370,1994,0.052315215,0
X370,1997,0.75302218,0
X370,2036,0.36073571,0
X370,2055,-0.625007915,0
X370,2160,0.084361251,0
X370,2221,0.14885298,0
X370,2286,0.534575066,0
X370,2305,-0.181806296,0
X370,2434,-0.100054047,0
X370,2452,-0.054116284,0
X370,2483,-0.04887098,0
X370,2534,0.147227772,0
X370,2601,-0.063985157,0
X370,2673,0.060925398,0
X370,2719,-0.256905085,0
X370,2775,0.87149191,0
X370,2815,-0.567672441,0
X370,2817,0.246287036,0
X370,2850,-0.166384258,0
X370,2876,0.280251837,0
X370,2888,-0.019838063,0
X370,2893,0.159477384,0
X370,2952,0.414209462,0
X370,2953,0.292703306,0
X370,2992,-0.134432965,0
X370,3017,0.003849157,0
X370,3041,0.108320639,0
X370,3064,0.066549641,0
X370,3069,0.234953105,0
X370,3103,0.289761702,0
X370,3179,-0.319502125,0
X370,3241,0.056758916,0
X370,3250,-0.355027565,0
X370,3279,0.059863299,0
X370,3390,0.255434216,0
X370,3465,0.11473026,0
X370,3496,-0.033731118,0
X370,3551,-0.7038459,0
X370,3557,0.117525371,0
X370,3572,-0.28573857,0
X370,3632,0.123080408,0
X370,3705,0.643809292,0
X370,3772,1.846239497,1
X370,3801,-0.161254739,0
X370,3805,-0.065878145,0
X370,3940,-0.123637107,0
X370,3973,0.02652958,0
X370,4021,-0.135900681,0
X370,4052,0.057196112,0
X370,4087,0.044252417,0
X370,4095,-0.044585534,0
X370,4168,-0.434554528,0
X370,4197,-0.099627474,0
X370,4201,-0.175191641,0
X371,12,empty,0
X371,36,-0.641743978,0
X371,43,0.790465586,0
X371,73,0.806038584,0
X371,113,0.348239822,0
X371,156,-0.44375254,0
X371,191,0.894942113,0
X371,199,0.829487692,0
X371,247,0.079521877,0
X371,284,-0.295628003,0
X371,294,-0.118491316,0
X371,401,-0.859649064,0
X371,419,-0.03758278,0
X371,431,0.807819404,0
X371,486,0.541079279,0
X371,499,0.025518269,0
X371,553,-0.143302764,0
X371,613,0.206718188,0
X371,617,-0.239001376,0
X371,630,0.69339767,0
X371,712,-0.160354962,0
X371,837,0.085558836,0
X371,855,0.424223861,0
X371,875,0.755562724,0
X371,876,-0.222181342,0
X371,878,0.382026256,0
X371,893,0.04813166,0
X371,953,0.261517428,0
X371,954,-0.442726268,0
X371,992,-0.329242573,0
X371,1119,-1.240143164,0
X371,1154,0.526092957,0
X371,1268,-0.019433384,0
X371,1278,-0.512567828,0
X371,1284,-0.172017143,0
X371,1300,0.179773916,0
X371,1400,-0.330001668,0
X371,1419,-0.49718397,0
X371,1421,-0.311348029,0
X371,1436,-0.369536776,0
X371,1447,0.488625729,0
X371,1467,1.150628533,0
X371,1472,-0.001057908,0
X371,1483,-1.64971605,0
X371,1635,-1.129907339,0
X371,1680,0.322686144,0
X371,1690,0.064861618,0
X371,1693,0.036801696,0
X371,1700,-0.153887616,0
X371,1708,0.283055679,0
X371,1729,-0.689747071,0
X371,1812,-0.478680287,0
X371,1844,0.328268412,0
X371,1881,-0.111204425,0
X371,1952,0.46144616,0
X371,2013,0.216181036,0
X371,2028,0.577759542,0
X371,2036,0.941199409,0
X371,2108,0.030404648,0
X371,2110,-1.095743305,0
X371,2234,0.733190922,1
X371,2245,-0.459779773,0
X371,2286,-0.825581062,0
X371,2290,0.269015362,0
X371,2332,0.390878852,0
X371,2333,0.182292712,0
X371,2407,-0.178930317,0
X371,2434,-0.011450224,0
X371,2452,0.589072831,0
X371,2467,-0.74018511,0
X371,2481,0.692281413,0
X371,2536,1.0635093,0
X371,2562,0.013094913,0
X371,2576,-0.606544113,0
X371,2601,0.647757955,0
X371,2613,0.32851882,0
X371,2636,-0.032974402,0
X371,2648,-1.122347537,0
X371,2843,0.122034802,0
X371,2850,-0.149355578,0
X371,2870,0.130033691,0
X371,2887,-0.325897041,0
X371,3027,0.021325016,0
X371,3094,0.33473456,0
X371,3099,-0.267857008,0
X371,3220,-0.311173222,0
X371,3233,-0.45559846,0
X371,3241,0.045320554,0
X371,3252,-0.650737713,0
X371,3279,0.63550634,0
X371,3343,0.240561442,0
X371,3434,0.50836389,0
X371,3552,-0.192964487,0
X371,3612,0.492043125,0
X371,3917,-1.134021555,0
X371,4002,0.364795063,0
X371,4005,0.110060412,0
X371,4021,0.247211884,0
X371,4027,-0.403742848,0
X371,4029,0.556042038,0
X371,4087,-0.166234599,0
X371,4110,0.071760933,0
X371,4119,0.625286172,0
X371,4127,-0.038814749,0
X371,4159,-0.541369896,0
X371,4168,0.728168004,0
X371,4201,-0.3449897,0
X372,107,0.264861087,0
X372,170,0.002849694,0
X372,199,0.152095481,0
X372,211,0.018251063,0
X372,216,-0.057839591,0
X372,222,-0.055481928,0
X372,249,-0.238016972,0
X372,256,0.067833609,0
X372,343,-0.078270696,0
X372,389,0.026367667,0
X372,413,-0.142922886,0
X372,449,0.186341149,0
X372,473,0.067385157,0
X372,483,-0.051683769,0
X372,536,0.043901829,0
X372,561,-0.044589624,0
X372,687,0.016338579,0
X372,689,-0.204895017,0
X372,851,0.003230509,0
X372,996,0.005061587,0
X372,1021,-0.006690765,0
X372,1046,-0.103101473,0
X372,1138,0.051418,0
X372,1151,-0.026060555,0
X372,1154,-0.002372966,0
X372,1178,-0.02762012,0
X372,1183,0.007016661,0
X372,1248,0.047367603,0
X372,1268,-0.138808386,0
X372,1302,0.114262497,0
X372,1329,0.006194297,0
X372,1374,-0.067482807,0
X372,1467,0.010354979,0
X372,1485,0.038434027,0
X372,1492,0.0201606,0
X372,1512,-0.036172546,0
X372,1568,-0.069452902,0
X372,1598,-0.021461153,0
X372,1635,0.002675888,0
X372,1647,0.041007932,0
X372,1693,0.038285498,0
X372,1700,0.000649594,0
X372,1708,-0.030807819,0
X372,1812,-0.050685832,0
X372,1840,-0.034866518,0
X372,1868,-0.142170567,0
X372,1879,-0.223288266,0
X372,1891,-0.060793133,0
X372,1898,0.025104714,0
X372,1938,0.064054068,0
X372,1993,-0.021208125,0
X372,2008,-0.050499457,0
X372,2013,0.015296712,0
X372,2027,0.223086585,0
X372,2108,0.050002102,0
X372,2135,0.065448117,0
X372,2160,-0.079339049,0
X372,2234,0.049596744,0
X372,2290,-0.096000174,0
X372,2358,-0.102425108,0
X372,2368,-0.053829035,0
X372,2407,-0.054513118,0
X372,2499,0.005243621,0
X372,2648,-0.092718372,0
X372,2677,0.039750223,0
X372,2696,0.115182192,0
X372,2706,0.039249179,0
X372,2775,0.09493418,0
X372,2783,0.022052267,0
X372,2817,-0.034121596,0
X372,2870,-0.093874893,0
X372,2876,-0.072791487,0
X372,2887,0.001479769,0
X372,2939,-0.032692082,0
X372,2962,-0.022627932,0
X372,2966,-0.009775445,0
X372,3073,-0.004851962,0
X372,3190,-0.00947882,0
X372,3235,0.00468347,0
X372,3249,0.036785962,0
X372,3279,-0.070462811,0
X372,3343,0.131474537,0
X372,3396,0.00878938,0
X372,3433,0.062009571,0
X372,3465,-0.061590023,0
X372,3495,-0.137040992,0
X372,3612,-0.03369746,0
X372,3630,0.084383744,0
X372,3631,0.118777883,0
X372,3642,empty,0
X372,3696,-0.166315505,0
X372,3710,0.053535182,0
X372,3723,-0.040490116,0
X372,3727,-0.035849831,0
X372,3746,-0.044399111,0
X372,3772,0.038070649,0
X372,3805,0.096451184,0
X372,3849,-0.010498794,0
X372,3895,0.021778936,0
X372,3918,-0.038429772,0
X372,3954,-0.066010836,0
X372,3968,-0.055833572,0
X372,3973,0.033849579,0
X372,4002,-0.048943394,0
X372,4003,-0.041361766,0
X372,4004,-0.048923426,0
X372,4005,0.152113572,0
X372,4017,0.050678067,0
X372,4027,0.008560209,0
X372,4039,-0.014460587,0
X372,4095,0.002004777,0
X372,4168,-0.113429493,0
X373,36,-0.703771946,0
X373,43,-0.023444706,0
X373,107,-0.448088298,0
X373,170,-0.208497766,0
X373,191,0.003990537,0
X373,199,1.01014763,1
X373,211,0.393695843,0
X373,256,0.170996359,0
X373,287,-0.040598156,0
X373,393,-0.814179923,0
X373,449,-0.578250885,0
X373,473,-0.248254453,0
X373,483,0.340412323,0
X373,486,0.087781088,0
X373,543,0.872748359,0
X373,553,-0.103438539,0
X373,613,-0.279361922,0
X373,616,0.805079172,0
X373,617,-0.755304908,0
X373,675,0.044555538,0
X373,817,0.555080941,0
X373,851,-0.047613502,0
X373,949,0.030854673,0
X373,954,-0.009650692,0
X373,992,-0.365230373,0
X373,1129,0.832289214,0
X373,1138,-0.325317481,0
X373,1151,-0.176916381,0
X373,1157,-0.735419826,0
X373,1312,1.372988963,1
X373,1332,0.515141108,0
X373,1375,-0.333611691,0
X373,1421,-0.210702711,0
X373,1495,-0.179430368,0
X373,1525,0.338999423,0
X373,1565,-0.003545792,0
X373,1568,-0.619879579,0
X373,1600,-0.005685623,0
X373,1680,0.17570208,0
X373,1746,-0.274577116,0
X373,1826,-0.122568518,0
X373,1834,0.265441815,0
X373,1881,-0.131755485,0
X373,1937,-0.473096936,0
X373,1945,0.128011323,0
X373,2076,-0.219831831,0
X373,2241,0.14394034,0
X373,2494,-0.251129919,0
X373,2614,0.435965362,0
X373,2624,-0.404078642,0
X373,2679,-0.566147454,0
X373,2887,-0.549816441,0
X373,2899,-0.34351502,0
X373,2992,1.878422737,1
X373,3027,-0.15432989,0
X373,3069,-0.698194458,0
X373,3147,-0.009340835,0
X373,3202,0.75531964,0
X373,3226,0.445285257,0
X373,3249,-0.456619249,0
X373,3250,1.17025866,0
X373,3252,0.326265577,0
X373,3340,-0.329049031,0
X373,3343,-0.475403289,0
X373,3375,0.014184404,0
X373,3465,-0.368237972,0
X373,3476,0.073101471,0
X373,3495,-0.273033462,0
X373,3496,0.77104915,0
X373,3546,-0.022774559,0
X373,3552,-0.150573771,0
X373,3612,0.42028986,0
X373,3705,1.24508212,1
X373,3710,0.008204023,0
X373,3783,0.042274284,0
X373,3805,-0.247590464,0
X373,3819,0.36713966,0
X373,3849,-0.314996146,0
X373,3905,-0.464140315,0
X373,3964,0.042518413,0
X373,4002,-0.526655763,0
X373,4017,0.06268924,0
X373,4110,0.211815524,0
X373,4156,-0.37018476,0
X373,4164,-1.368614749,0
X373,4185,0.403821733,0
X373,4200,0.211465567,0
X374,11,-1.25532695,1
X374,12,-0.652386328,1
X374,58,0.23920238,0
X374,183,-2.382180239,1
X374,207,2.752364294,1
X374,222,-0.92472461,0
X374,256,0.739799934,0
X374,274,1.41819182,0
X374,294,-0.841247411,0
X374,360,3.591346348,0
X374,389,0.937277091,1
X374,393,0.002093961,0
X374,473,-0.711371591,0
X374,525,-2.071501278,1
X374,543,2.488608812,1
X374,560,-1.878039271,0
X374,567,2.512501085,0
X374,657,0.239221234,0
X374,687,-0.609783571,0
X374,712,-0.407315116,0
X374,836,-2.087665252,0
X374,907,-1.293301673,0
X374,996,-1.009765868,0
X374,1010,0.112457221,0
X374,1089,-0.260981409,1
X374,1119,-0.629121346,1
X374,1183,-0.564224951,0
X374,1278,0.814393603,0
X374,1295,-1.99399946,0
X374,1302,0.880052254,0
X374,1375,-0.0102354,1
X374,1392,-1.649372599,0
X374,1426,0.75268139,0
X374,1447,-1.863179328,0
X374,1517,0.654276273,0
X374,1525,0.059488598,1
X374,1530,-1.802744345,0
X374,1635,2.657027275,0
X374,1671,-0.468064528,0
X374,1690,-3.898900956,0
X374,1733,-0.654312657,1
X374,1891,3.391593047,0
X374,1898,2.461048691,0
X374,1943,-0.811574451,0
X374,1973,-2.028194224,0
X374,1992,-0.836175067,0
X374,2036,-1.300237833,0
X374,2044,1.568616747,0
X374,2104,-0.572629043,0
X374,2137,2.03310141,0
X374,2234,0.319659218,0
X374,2241,-2.061236902,0
X374,2276,1.699691488,0
X374,2286,0.987062428,0
X374,2332,2.099739767,0
X374,2421,-2.07749036,0
X374,2481,-0.937765159,1
X374,2496,2.752366111,0
X374,2499,-1.176526611,0
X374,2536,2.337722407,0
X374,2551,-1.472269272,0
X374,2561,0.033795283,0
X374,2576,2.060574013,0
X374,2614,2.511464928,1
X374,2666,0.350785711,0
X374,2691,0.430819787,0
X374,2783,3.790353792,1
X374,2849,-3.367667681,0
X374,2870,-0.533739807,0
X374,2884,0.563754623,1
X374,2952,-0.654247797,0
X374,2962,-1.506569736,0
X374,2972,1.433495912,0
X374,2982,-1.453445068,0
X374,3069,-3.041908598,0
X374,3088,-0.066870786,1
X374,3190,-1.375530375,0
X374,3201,1.55884205,1
X374,3241,1.257555307,1
X374,3465,2.679988334,1
X374,3512,1.362720898,1
X374,3546,0.615690855,0
X374,3572,1.136490202,0
X374,3691,1.822793035,1
X374,3727,-1.192115714,0
X374,3772,0.457449769,0
X374,3895,0.948676684,0
X374,3964,-2.332811813,0
X374,4001,0.678149798,1
X374,4027,0.21771703,0
X374,4132,-0.702216898,0
X374,4159,0.498605966,0
X374,4204,-0.227960763,0
X375,113,-1.197353048,0
X375,127,-0.093301741,0
X375,207,-0.626860357,0
X375,249,4.804952803,1
X375,308,-2.166455401,1
X375,473,3.044491843,1
X375,503,-2.454094588,0
X375,511,0.439529718,1
X375,613,-1.74820933,0
X375,657,2.602056452,0
X375,687,2.456986365,0
X375,689,-2.878179111,0
X375,758,1.759504815,1
X375,837,1.116698326,0
X375,875,-1.255903491,0
X375,876,-1.112295634,1
X375,912,-0.266834521,0
X375,943,-1.039812939,1
X375,996,-0.908908913,0
X375,1010,-0.31131699,0
X375,1021,-1.761700029,0
X375,1064,-0.522967961,0
X375,1088,2.633213121,0
X375,1103,1.62984458,0
X375,1187,-0.483463893,0
X375,1224,1.596589089,0
X375,1284,-1.727721114,0
X375,1302,-0.752966853,0
X375,1332,0.513697299,1
X375,1485,1.633111361,1
X375,1495,-0.179657407,0
X375,1598,-1.313078298,1
X375,1600,-0.157131671,0
X375,1655,-3.080636575,0
X375,1693,-2.993217226,0
X375,1810,1.903622706,0
X375,1814,2.298285331,1
X375,1868,0.369267223,0
X375,1879,2.017727515,1
X375,1881,0.294228905,0
X375,1937,0.665338284,0
X375,1945,1.820312061,0
X375,1992,-0.255683659,0
X375,1997,1.905859623,1
X375,2110,-0.924215854,0
X375,2116,0.014648589,1
X375,2287,2.002340541,0
X375,2499,1.112022941,0
X375,2534,-1.651929966,1
X375,2613,-3.976745102,0
X375,2624,1.390376988,0
X375,2666,-0.579018461,0
X375,2677,3.604745541,1
X375,2696,0.087696086,0
X375,2719,0.664358289,0
X375,2775,-1.715630347,1
X375,2832,2.56105514,1
X375,2884,2.437597737,0
X375,2887,-0.536446521,0
X375,2888,2.375962422,1
X375,2915,1.157086348,1
X375,2952,-0.069680389,0
X375,2962,-1.586138145,0
X375,3202,2.542841466,1
X375,3241,-0.134411812,0
X375,3343,2.011294562,1
X375,3349,-2.409322913,0
X375,3436,0.409835653,1
X375,3440,5.504249051,1
X375,3460,0.381896477,0
X375,3540,0.534803137,0
X375,3546,6.140223815,1
X375,3557,-0.900060546,1
X375,3670,1.768402924,1
X375,3746,-1.629123568,0
X375,3805,0.472039528,1
X375,3867,-0.16790188,0
X375,3877,-2.585098017,0
X375,3968,-2.464041696,0
X375,4001,-2.419889173,0
X375,4053,-3.215979432,0
X375,4113,0.144866561,1
X375,4121,0.824169627,0
X376,107,0.744088597,0
X376,113,0.079930577,0
X376,183,0.806683522,0
X376,268,-0.272011205,0
X376,375,-2.109221325,0
X376,401,-0.239988669,0
X376,419,0.058928808,0
X376,503,0.482773688,0
X376,511,-0.288455281,0
X376,525,0.581921579,0
X376,530,0.327333236,0
X376,560,1.307601374,0
X376,613,-1.324818731,0
X376,631,0.725326075,1
X376,634,-0.724912177,0
X376,657,3.654295891,1
X376,689,1.054988392,1
X376,712,2.592095339,1
X376,758,-0.274665909,0
X376,875,-0.257742327,0
X376,878,0.571460341,0
X376,897,-0.356310162,0
X376,943,-1.014121878,0
X376,954,-0.493709043,0
X376,958,-0.308088326,0
X376,992,-1.016962251,0
X376,1037,1.653874153,1
X376,1096,-1.00949982,0
X376,1103,0.927403657,1
X376,1119,0.046367535,0
X376,1138,-0.437295872,0
X376,1154,-1.170507689,0
X376,1157,-0.063137932,0
X376,1178,-0.57051707,0
X376,1268,1.377748938,1
X376,1278,-0.085066697,0
X376,1284,-1.651802607,0
X376,1302,0.925187974,0
X376,1375,-2.371512341,0
X376,1419,0.352655831,0
X376,1524,-1.658374904,0
X376,1592,1.156947054,0
X376,1600,0.406736369,0
X376,1647,0.961528762,0
X376,1680,-2.152404485,0
X376,1690,2.805171035,0
X376,1708,-0.603226951,0
X376,1834,-0.434887494,0
X376,1866,-0.338166247,0
X376,1952,1.11903354,0
X376,1997,1.139162149,0
X376,2241,1.065391452,0
X376,2242,-1.057008991,1
X376,2245,0.028029903,0
X376,2277,0.239333395,0
X376,2286,-1.001501049,0
X376,2287,-0.525533187,0
X376,2368,0.357698761,0
X376,2483,2.680839555,0
X376,2499,1.173976191,0
X376,2817,empty,0
X376,2850,-0.009589479,0
X376,2876,0.926305012,0
X376,2879,-0.466442326,0
X376,2884,-0.014929721,0
X376,2899,-1.735889607,0
X376,2968,0.967788309,0
X376,2972,-0.273083331,0
X376,3017,-0.740557119,0
X376,3027,1.301260222,0
X376,3088,-0.97610636,0
X376,3094,0.363558411,0
X376,3179,1.444333294,0
X376,3231,1.308427139,0
X376,3249,-0.532679994,0
X376,3252,-2.038401861,0
X376,3279,1.308420861,0
X376,3343,1.882257803,0
X376,3345,-1.378390143,0
X376,3511,0.289539095,0
X376,3551,-0.135169576,0
X376,3557,0.290136308,0
X376,3572,0.958603403,0
X376,3638,1.255089949,0
X376,3662,1.048934164,0
X376,3677,1.726002307,0
X376,3696,0.911434498,0
X376,3705,-0.577441829,0
X376,3805,0.188532749,0
X376,3881,-0.300558446,0
X376,3895,-0.321399507,0
X376,3905,0.033237391,0
X376,3918,-0.304524001,0
X376,3954,-0.474076349,0
X376,3973,-1.441060869,0
X376,4041,0.429067433,0
X376,4053,-0.32105715,0
X376,4110,-0.387694564,0
X376,4127,-0.090564546,0
X376,4132,-0.751259746,0
X376,4142,0.682705326,0
X376,4156,2.415945897,0
X376,4164,0.174758445,1
X376,4168,-0.097819741,0
X377,73,0.686787108,0
X377,191,-0.232506878,1
X377,192,1.042978782,1
X377,268,-0.664921731,0
X377,283,-0.827173129,0
X377,287,-0.880908517,0
X377,343,2.331017898,0
X377,389,0.993080985,0
X377,393,0.233393947,0
X377,431,1.069404809,0
X377,485,-0.79602851,0
X377,536,-1.233353834,0
X377,575,3.888408769,1
X377,617,-0.158151542,1
X377,663,-0.081017807,0
X377,690,1.910834099,0
X377,758,0.053023386,0
X377,769,-1.299400538,0
X377,782,-0.345374401,1
X377,823,1.259769555,0
X377,836,-1.667587303,0
X377,837,-0.346915954,0
X377,865,-0.815674951,0
X377,876,-0.550951975,0
X377,878,2.332463269,0
X377,897,0.677928704,0
X377,907,2.433847734,0
X377,912,2.867213593,0
X377,914,1.75137296,0
X377,949,-1.625144758,0
X377,953,-2.465377853,1
X377,992,5.503374529,0
X377,996,2.107757443,1
X377,1061,-0.482668915,0
X377,1088,1.618120699,1
X377,1096,2.094046338,0
X377,1103,1.104286397,0
X377,1141,2.008258475,0
X377,1157,4.081669139,1
X377,1300,-0.835557228,0
X377,1302,-0.323564444,0
X377,1392,3.364126941,1
X377,1419,1.652236511,0
X377,1441,-0.761397983,1
X377,1447,-0.63154346,0
X377,1450,-1.186046101,0
X377,1483,-1.566618364,1
X377,1524,-0.091593774,0
X377,1525,-3.780317506,0
X377,1530,2.245130001,0
X377,1586,2.236253446,1
X377,1655,-1.305185082,0
X377,1708,0.737886357,0
X377,1733,-1.190914777,0
X377,1814,0.230230452,0
X377,1824,0.149064808,0
X377,1829,-2.916051792,0
X377,1834,3.850564153,0
X377,1879,-0.591035527,0
X377,1881,-3.390102638,0
X377,1886,0.436295037,1
X377,1894,-1.981295766,0
X377,1937,0.655572158,1
X377,2027,0.051988684,0
X377,2108,2.105700725,1
X377,2137,2.275497396,0
X377,2276,2.931649806,0
X377,2333,-3.905537281,0
X377,2434,0.628213077,1
X377,2551,0.024080214,0
X377,2613,-0.150295397,0
X377,2771,2.541631015,0
X377,2783,-0.05032251,0
X377,2816,2.589048547,0
X377,2818,0.422089894,0
X377,2884,-1.034743712,0
X377,2888,1.090655287,0
X377,2893,2.105704394,1
X377,2952,2.471817471,0
X377,2953,-1.196458335,0
X377,2990,-1.145548496,0
X377,3073,1.906776397,0
X377,3099,3.752266265,0
X377,3235,-1.261591661,0
X377,3250,-1.22500066,0
X377,3433,0.644387876,1
X377,3465,0.961956089,0
X377,3630,0.37994754,0
X377,3670,3.233887085,0
X377,3727,-0.114421968,0
X377,3772,0.411519744,0
X377,3805,2.12515962,0
X377,3819,0.544999003,1
X377,3877,-4.127068444,0
X377,3917,1.701275916,0
X377,3918,0.710306923,0
X377,3973,-0.764989915,0
X377,4002,0.617706681,1
X377,4021,-2.643827939,0
X377,4029,-2.627982901,0
X377,4039,-1.767575621,1
X377,4087,1.788118621,0
X377,4110,-0.310985324,0
X377,4113,0.515787761,0
X377,4148,-2.202182603,0
X377,4201,2.522957518,0
X378,207,0.112353274,0
X378,222,-0.255250803,0
X378,247,0.005078591,0
X378,308,-0.257732179,0
X378,414,empty,0
X378,431,-0.298042191,0
X378,485,0.195379158,0
X378,530,1.331255418,0
X378,567,1.227150527,0
X378,617,0.289953345,0
X378,689,-0.030569648,0
X378,712,0.700837118,0
X378,769,0.516976553,0
X378,782,-0.509517878,0
X378,823,-0.222831201,0
X378,893,0.286298786,0
X378,912,0.098776601,0
X378,914,-0.102813495,0
X378,953,0.402666471,0
X378,958,0.124558671,0
X378,959,0.896376823,0
X378,992,-0.833606043,0
X378,1008,0.660858356,0
X378,1010,0.609566041,0
X378,1096,-0.456881952,0
X378,1100,-0.967574932,0
X378,1103,-1.176836165,0
X378,1129,-0.221124606,0
X378,1138,1.119503857,0
X378,1154,-0.327944683,0
X378,1248,-1.019500221,0
X378,1249,0.72659812,0
X378,1323,0.697054443,0
X378,1329,-0.031593053,0
X378,1389,0.656766432,0
X378,1400,0.754252276,0
X378,1447,0.664431907,0
X378,1467,-0.394917273,0
X378,1512,-0.075192145,0
X378,1565,-0.484812644,0
X378,1580,-0.348663308,0
X378,1598,-0.776127087,0
X378,1600,0.027354393,0
X378,1691,1.126151788,0
X378,1693,0.512774231,0
X378,1729,-0.016035154,0
X378,1812,0.005399232,0
X378,1834,-0.272758272,0
X378,1844,-0.684802046,0
X378,1866,-1.053650475,0
X378,1879,0.592973135,0
X378,1894,-0.477211687,0
X378,1943,-0.27439645,0
X378,1990,0.017700614,0
X378,1992,0.09886258,0
X378,1993,-0.355420489,0
X378,1994,0.123268773,0
X378,2013,-0.321113172,0
X378,2027,0.686841111,0
X378,2082,-0.756160993,0
X378,2110,-0.858366013,0
X378,2188,0.065679834,0
X378,2221,-0.027866941,0
X378,2287,1.046542185,1
X378,2332,-0.039590162,0
X378,2333,-0.868133228,0
X378,2445,0.957400524,0
X378,2467,1.749547723,1
X378,2483,-0.306023178,0
X378,2561,0.586834076,0
X378,2613,0.747397719,0
X378,2706,-0.127069875,0
X378,2719,-1.132209747,0
X378,2818,1.180651906,0
X378,2850,0.871772511,0
X378,2884,0.554761216,0
X378,2915,0.83579039,0
X378,2939,0.493720851,0
X378,2969,-0.371455704,0
X378,3088,-0.403498099,0
X378,3121,-0.821485903,0
X378,3190,-0.738468369,0
X378,3250,0.826414392,0
X378,3292,-0.9065695,0
X378,3345,1.021568588,0
X378,3385,0.024426017,0
X378,3460,1.21369447,1
X378,3465,0.420359599,0
X378,3512,0.709973339,0
X378,3529,0.097540024,0
X378,3551,0.452174393,0
X378,3552,-0.28213191,0
X378,3612,-0.773014397,0
X378,3630,-0.150465815,0
X378,3670,0.43514715,0
X378,3705,-0.525746614,0
X378,3747,0.150692655,0
X378,3756,-0.005782477,0
X378,3780,-0.68319719,0
X378,3783,0.156229874,0
X378,3791,-0.396532112,0
X378,3819,-0.590963186,0
X378,3867,0.118336655,0
X378,3928,0.155190258,0
X378,3940,-0.764818956,0
X378,3968,-0.849274675,0
X378,4002,-0.150900293,0
X378,4005,1.214839911,1
X378,4052,0.088198894,0
X378,4119,-1.252450928,0
X378,4127,-0.09427006,0
X378,4142,-0.65590626,0
X379,58,0.02176849,0
X379,170,0.068284864,0
X379,229,-0.451467853,0
X379,247,-0.094676268,0
X379,249,-0.070048307,0
X379,360,-0.87529915,0
X379,386,0.456027218,0
X379,449,0.021500813,0
X379,525,0.265684545,0
X379,530,0.889737363,0
X379,575,0.442521407,0
X379,630,-0.60820781,0
X379,807,-0.060423111,0
X379,855,-0.222411505,0
X379,878,-0.1959935,0
X379,912,1.516241711,1
X379,989,0.165201054,0
X379,1010,-0.16905328,0
X379,1100,-0.219662252,0
X379,1239,0.246367647,0
X379,1248,-0.090067711,0
X379,1426,-0.16700804,0
X379,1525,0.367647974,0
X379,1565,-0.467355898,0
X379,1568,0.001342524,0
X379,1635,0.362110639,0
X379,1647,0.710449221,0
X379,1708,-0.230099606,0
X379,1711,-0.538672788,0
X379,1717,-0.258151268,0
X379,1746,0.032974815,0
X379,1826,-0.38914432,0
X379,1891,0.142224186,0
X379,1993,0.183930974,0
X379,1997,-0.442114279,0
X379,2082,-0.135219309,0
X379,2104,-0.565152463,0
X379,2110,0.15295589,0
X379,2135,-0.324796346,0
X379,2160,0.89032002,1
X379,2188,-0.553097081,0
X379,2309,-0.733362753,0
X379,2402,0.411151387,0
X379,2430,0.355375254,0
X379,2483,-0.188749331,0
X379,2496,0.097350706,0
X379,2536,-0.031318036,0
X379,2562,0.448956575,0
X379,2614,0.021731013,0
X379,2693,0.377061649,0
X379,2771,-0.434688615,0
X379,2832,-0.239541295,0
X379,2848,-0.636678272,0
X379,2870,0.316268154,0
X379,2893,-0.405639132,0
X379,3079,-0.315925325,0
X379,3162,-0.83042259,0
X379,3201,0.440052515,0
X379,3250,-0.022379775,0
X379,3252,-0.76398235,0
X379,3340,-0.017979287,0
X379,3343,-0.295870357,0
X379,3345,-1.039858803,0
X379,3375,-0.082844148,0
X379,3396,-0.197917672,0
X379,3440,-0.388070346,0
X379,3482,0.518076824,0
X379,3495,-0.302544016,0
X379,3496,-0.745556522,0
X379,3512,-0.170430306,0
X379,3539,-0.063973397,0
X379,3552,0.437080999,0
X379,3612,-0.00818032,0
X379,3630,-0.372321904,0
X379,3642,-0.021263372,0
X379,3677,-0.305357215,0
X379,3723,-0.785468124,0
X379,3727,-0.168292435,0
X379,3747,-0.164862052,0
X379,3756,-0.516295993,0
X379,3772,-0.146720501,0
X379,3792,0.084831001,0
X379,3801,0.248499758,0
X379,3917,-0.196455749,0
X379,3928,0.073942092,0
X379,3940,0.29994728,0
X379,3973,-0.021716005,0
X379,4002,-0.294257501,0
X379,4003,0.347736488,0
X379,4041,-0.41058037,0
X379,4053,-0.089217452,0
X379,4110,-0.177902242,0
X379,4119,0.046320381,0
X379,4126,-0.449791641,0
X379,4127,-0.100484312,0
X379,4156,0.122961329,0
X379,4159,-0.249838339,0
X379,4200,-0.722314362,0
X380,36,-0.104843041,0
X380,58,0.461460462,0
X380,73,-0.264918883,0
X380,170,0.11815072,0
X380,199,-0.007786814,0
X380,207,0.800734966,0
X380,247,-0.057488374,0
X380,284,-0.225600157,0
X380,294,0.313694551,0
X380,343,0.12558734,0
X380,499,-0.527577635,0
X380,530,0.215512373,0
X380,543,0.339820095,0
X380,549,0.075721102,0
X380,567,-0.418482983,0
X380,573,0.124962952,0
X380,624,-0.245397252,0
X380,649,0.168270467,0
X380,657,0.561298877,0
X380,769,-0.018944587,0
X380,782,0.770870509,0
X380,823,0.127687218,0
X380,875,-0.347527042,0
X380,879,0.080973789,0
X380,912,0.749210386,0
X380,989,-0.118986234,0
X380,1061,0.371352918,0
X380,1089,0.469066079,0
X380,1094,-0.538183696,0
X380,1096,-0.232024361,0
X380,1249,-0.143074294,0
X380,1278,0.464837473,0
X380,1285,-0.063777565,0
X380,1291,-0.034787916,0
X380,1300,-0.025257355,0
X380,1419,0.209909786,0
X380,1483,-0.124820324,0
X380,1525,0.144934794,0
X380,1592,0.679303617,0
X380,1598,-0.264042395,0
X380,1647,0.083019868,0
X380,1680,-0.368186899,0
X380,1775,empty,0
X380,1834,0.401053614,0
X380,1852,0.11603026,0
X380,1868,0.346966469,0
X380,1894,-0.636580451,0
X380,1937,-0.107685893,0
X380,1944,0.572722481,0
X380,1992,0.230686805,0
X380,2044,0.148013949,0
X380,2104,-0.238763184,0
X380,2108,0.410147239,0
X380,2110,0.311661437,0
X380,2234,0.290080317,0
X380,2287,0.444331568,0
X380,2368,0.439735868,0
X380,2407,0.212496647,0
X380,2445,0.07421783,0
X380,2452,0.327127084,0
X380,2483,0.052519397,0
X380,2534,0.420506709,0
X380,2551,0.110398237,0
X380,2561,0.080960249,0
X380,2576,-0.062215041,0
X380,2614,-0.138611326,0
X380,2636,0.517484376,0
X380,2696,-0.266864363,0
X380,2832,0.537735474,0
X380,2952,0.370790609,0
X380,2962,0.293096441,0
X380,2972,-0.495020938,0
X380,2990,-0.672666229,0
X380,3073,-0.222073932,0
X380,3147,-0.370223244,0
X380,3202,0.340221903,0
X380,3226,-0.738523271,0
X380,3280,0.026111968,0
X380,3292,-0.028284845,0
X380,3340,-0.544623335,0
X380,3360,0.549489302,0
X380,3375,-0.072004514,0
X380,3434,0.076683383,0
X380,3495,-0.253627876,0
X380,3544,-0.165869183,0
X380,3546,0.200781653,0
X380,3547,-0.223916863,0
X380,3557,-0.346083652,0
X380,3631,-0.054415863,0
X380,3670,0.747899862,0
X380,3677,0.395861981,0
X380,3723,0.082319574,0
X380,3746,0.310497572,0
X380,3877,-0.06078078,0
X380,3905,0.61007174,0
X380,3911,-0.144670189,0
X380,3917,0.232697716,0
X380,3954,0.389566068,0
X380,3973,-0.152373741,0
X380,4002,-0.621248715,0
X380,4039,0.740205197,0
X380,4113,0.161818192,0
X380,4119,0.233728211,0
X380,4126,0.307952122,0
X382,11,-0.245852487,0
X382,113,0.127129666,0
X382,127,-0.193562461,0
X382,162,-0.063694372,0
X382,229,-0.566781174,0
X382,247,0.132785702,0
X382,308,-0.247707947,0
X382,413,0.226118928,0
X382,530,0.347365747,0
X382,575,0.345781069,0
X382,657,0.833166569,0
X382,712,-0.715531146,0
X382,855,-0.225034564,0
X382,888,-0.516124752,0
X382,893,-0.322406901,0
X382,1021,-0.065403092,0
X382,1103,-0.134609405,0
X382,1119,-0.113703908,0
X382,1138,0.216161362,0
X382,1141,-0.112768284,0
X382,1248,0.083993322,0
X382,1284,0.145608515,0
X382,1285,0.074241027,0
X382,1485,-0.509364059,0
X382,1495,0.258002245,0
X382,1552,0.464555018,0
X382,1568,-0.290893319,0
X382,1680,0.368779769,0
X382,1700,0.030244059,0
X382,1824,-0.011270322,0
X382,1852,-0.298142506,0
X382,1894,0.761421533,0
X382,1952,0.078256673,0
X382,1990,0.236364649,0
X382,1991,-0.2695296,0
X382,1992,0.449691642,0
X382,1993,0.036030163,0
X382,2027,0.640473413,0
X382,2028,0.13054187,0
X382,2108,-0.176474773,0
X382,2241,-0.021422864,0
X382,2434,0.348506849,0
X382,2467,0.073197878,0
X382,2534,-0.31999513,0
X382,2562,0.082291108,0
X382,2624,-0.06763082,0
X382,2706,0.066765729,0
X382,2818,-0.165761823,0
X382,2832,-0.4100782,0
X382,2884,-0.063524955,0
X382,2888,-0.214212481,0
X382,2939,0.006890918,0
X382,2962,0.463242718,0
X382,2968,-0.469057655,0
X382,3041,0.386286243,0
X382,3064,-0.537541472,0
X382,3121,-0.10663217,0
X382,3162,0.016451154,0
X382,3235,-0.08717909,0
X382,3252,0.189570164,0
X382,3279,-0.445110899,0
X382,3328,0.239724332,0
X382,3340,0.632683657,0
X382,3385,-0.040095357,0
X382,3433,0.021767886,0
X382,3440,-0.397888566,0
X382,3482,0.249546431,0
X382,3529,0.379388816,0
X382,3540,-0.04312707,0
X382,3571,0.352927842,0
X382,3612,-0.291548013,0
X382,3630,0.161197637,0
X382,3631,0.077185832,0
X382,3662,0.051840312,0
X382,3670,-0.508891893,0
X382,3710,0.592346475,0
X382,3780,-0.547339999,0
X382,3795,-0.584677012,0
X382,3805,-0.261135363,0
X382,3819,0.430047299,0
X382,3940,-0.051304392,0
X382,3966,-0.737325699,0
X382,3968,-0.12475682,0
X382,4017,0.042933411,0
X382,4029,-0.373875234,0
X382,4142,0.400479982,0
X382,4148,0.898687891,1
X382,4184,-0.217446079,0
X382,4185,0.267854571,0
X382,4201,-0.099668731,0
X382,4204,-0.258087102,0
X383,183,0.01233498,0
X383,191,-0.128641117,0
X383,192,0.115588759,0
X383,222,-0.13224068,0
X383,229,-0.030000099,0
X383,284,0.089558981,0
X383,308,0.117535964,0
X383,393,-0.164286519,0
X383,410,0.000234905,0
X383,449,0.294430225,0
X383,485,-0.119499195,0
X383,549,-0.19857354,0
X383,560,0.07606419,0
X383,567,0.155156216,0
X383,575,0.064679185,0
X383,630,-0.026656621,0
X383,687,-0.208900746,0
X383,807,-0.017312205,0
X383,823,-0.368233305,0
X383,836,0.151440686,0
X383,954,-0.093470378,0
X383,1010,0.194060251,0
X383,1046,0.019941429,0
X383,1094,-0.08397137,0
X383,1108,-0.177303831,0
X383,1138,0.03879065,0
X383,1187,-0.147515734,0
X383,1285,-0.273724468,0
X383,1375,-0.18315982,0
X383,1400,-0.277117298,0
X383,1426,0.014099772,0
X383,1441,0.268842112,0
X383,1483,-0.064622598,0
X383,1485,0.182059264,0
X383,1492,0.005963481,0
X383,1592,0.282140839,0
X383,1647,0.00062088,0
X383,1680,-0.33281854,0
X383,1691,-0.085517979,0
X383,1693,-0.316990617,0
X383,1711,-0.183830515,0
X383,1775,0.345319013,0
X383,1824,0.173939368,0
X383,1834,-0.270786146,0
X383,1866,-0.218802337,0
X383,1868,0.108055203,0
X383,1881,-0.152295812,0
X383,1891,-0.057397266,0
X383,1894,-0.150134376,0
X383,2008,0.66367551,1
X383,2028,0.090926757,0
X383,2188,0.246690746,0
X383,2198,-0.140709925,0
X383,2221,0.094434127,0
X383,2286,0.232654733,0
X383,2309,0.215554246,0
X383,2332,-0.087690545,0
X383,2536,0.33084149,0
X383,2561,-0.057737573,0
X383,2613,-0.063648868,0
X383,2677,0.024041995,0
X383,2679,0.181209892,0
X383,2691,0.154764062,0
X383,2693,0.114584667,0
X383,2818,-0.008423362,0
X383,2832,-0.08208996,0
X383,2884,0.294829316,0
X383,2953,-0.049351128,0
X383,3027,-0.090916469,0
X383,3147,-0.007840376,0
X383,3233,0.153854227,0
X383,3249,0.11102009,0
X383,3250,0.034339338,0
X383,3252,0.058988648,0
X383,3345,0.225459094,0
X383,3349,-0.055412885,0
X383,3440,-0.020253419,0
X383,3511,0.014745303,0
X383,3512,-0.138597953,0
X383,3746,-0.033805456,0
X383,3781,0.214520525,0
X383,3819,-0.144132035,0
X383,3895,-0.096738059,0
X383,3918,empty,0
X383,3928,-0.192914314,0
X383,3940,0.142424712,0
X383,3954,0.027957574,0
X383,4110,-0.015687508,0
X383,4132,0.047913875,0
X383,4156,0.087550566,0
X383,4159,0.114046611,0
X383,4185,-0.065211656,0
X384,12,0.04307597,0
X384,107,-0.015116506,0
X384,120,0.14980727,0
X384,162,-0.12600936,0
X384,183,-0.056276118,0
X384,192,0.118175321,0
X384,214,0.020549398,0
X384,222,0.105170434,0
X384,283,-0.112339223,0
X384,386,-0.058600903,0
X384,393,-0.115401788,0
X384,511,0.157648313,0
X384,560,-0.030261973,0
X384,613,0.236383475,0
X384,634,0.004428698,0
X384,657,-0.052475911,0
X384,669,0.136376274,0
X384,712,-0.034549427,0
X384,836,-0.138263054,0
X384,865,-0.054966847,0
X384,877,-0.079612688,0
X384,912,-0.00668698,0
X384,914,0.127446906,0
X384,949,-0.00859995,0
X384,986,-0.115550694,0
X384,996,-0.093181135,0
X384,1008,0.178777086,0
X384,1010,-0.034276206,0
X384,1021,-0.07397926,0
X384,1061,-0.078732477,0
X384,1064,0.063430332,0
X384,1094,-0.14853507,0
X384,1151,0.155949796,0
X384,1228,0.123351863,0
X384,1248,-0.067371079,0
X384,1268,-0.029870027,0
X384,1291,0.085815385,0
X384,1312,-0.007785378,0
X384,1392,0.096130016,0
X384,1421,-0.138076903,0
X384,1426,0.032283125,0
X384,1436,-0.003896169,0
X384,1467,0.112498213,0
X384,1492,-0.044875644,0
X384,1592,-0.026154623,0
X384,1612,0.068182692,0
X384,1647,0.06348723,0
X384,1729,0.013805784,0
X384,1746,0.071194293,0
X384,1824,0.19171637,0
X384,1826,0.012663763,0
X384,1840,0.046561972,0
X384,1868,-0.043660246,0
X384,1891,-0.04029418,0
X384,1943,0.187056796,0
X384,1990,0.021555676,0
X384,1991,0.063699806,0
X384,2290,0.192431921,0
X384,2333,-0.029459355,0
X384,2375,0.054944322,0
X384,2481,-0.092713049,0
X384,2614,0.023933153,0
X384,2636,-0.069224747,0
X384,2693,-0.111001511,0
X384,2763,0.097716595,0
X384,2783,-0.002180233,0
X384,2784,-0.029016897,0
X384,2843,0.038490762,0
X384,2850,0.074708898,0
X384,2887,0.096980949,0
X384,2888,-0.036725216,0
X384,2953,-0.108557181,0
X384,2969,0.072443755,0
X384,2972,-0.031208744,0
X384,3017,-0.130731778,0
X384,3069,-0.008508398,0
X384,3162,0.141758249,0
X384,3202,0.116698358,0
X384,3390,-0.038524327,0
X384,3433,0.157551119,0
X384,3436,0.055611515,0
X384,3460,0.124347002,0
X384,3476,0.030282479,0
X384,3482,0.132955079,0
X384,3511,0.141839614,0
X384,3512,0.084589036,0
X384,3546,-0.074188167,0
X384,3632,0.012168826,0
X384,3638,-0.163022507,0
X384,3642,-0.083149459,0
X384,3696,-0.127420349,0
X384,3705,0.054008644,0
X384,3710,0.001715338,0
X384,3723,-0.012398226,0
X384,3727,-0.222583046,0
X384,3756,0.075628974,0
X384,3791,-0.16072103,0
X384,3805,0.031931723,0
X384,3881,-0.081240253,0
X384,3905,-0.105232585,0
X384,3928,-0.013227875,0
X384,3968,0.106854902,0
X384,4110,-0.050279353,0
X385,113,-0.225294036,0
X385,127,0.336295121,0
X385,156,0.21724112,0
X385,192,0.191109499,0
X385,211,-0.12969431,0
X385,249,-0.005741385,0
X385,274,-0.165693239,0
X385,308,0.24822371,0
X385,393,-0.005229883,0
X385,525,-0.027481589,0
X385,561,0.043679203,0
X385,567,0.142465453,0
X385,624,-0.294532122,0
X385,780,-0.07541799,0
X385,817,-0.083675728,0
X385,875,-0.234537467,0
X385,879,-0.077173876,0
X385,1021,-0.179996192,0
X385,1061,0.24087304,0
X385,1064,0.075864115,0
X385,1088,-0.190676071,0
X385,1187,-0.08581755,0
X385,1228,0.091506767,0
X385,1248,0.020316884,0
X385,1300,-0.036523334,0
X385,1374,0.004978101,0
X385,1375,0.273823479,0
X385,1421,0.031427554,0
X385,1447,0.113574594,0
X385,1483,-0.014659148,0
X385,1517,0.039425276,0
X385,1530,-0.011621123,0
X385,1568,0.170134876,0
X385,1580,-0.028041917,0
X385,1635,-0.004792861,0
X385,1647,-0.427082629,0
X385,1655,0.225073155,0
X385,1746,0.211499078,0
X385,1826,-0.051838288,0
X385,1844,0.068547582,0
X385,1866,-0.050488614,0
X385,1997,-0.021528727,0
X385,1999,0.123693676,0
X385,2013,-0.362108117,0
X385,2110,0.226049594,0
X385,2277,0.032056153,0
X385,2290,-0.207593759,0
X385,2333,0.03665602,0
X385,2368,-0.142451149,0
X385,2407,-0.321689233,0
X385,2421,-0.198310197,0
X385,2434,0.0106664,0
X385,2466,-0.056444737,0
X385,2534,0.089168307,0
X385,2561,0.056633004,0
X385,2679,-0.46462327,0
X385,2719,-0.237355263,0
X385,2848,0.223527158,0
X385,2849,0.26976994,0
X385,2888,-0.04659279,0
X385,2982,-0.111620932,0
X385,3069,0.00771351,0
X385,3073,0.066587901,0
X385,3103,0.029346875,0
X385,3121,-0.01792673,0
X385,3190,-0.115588801,0
X385,3201,-0.144825271,0
X385,3202,-0.031460972,0
X385,3220,-0.080362638,0
X385,3231,0.028625306,0
X385,3279,0.145796798,0
X385,3343,0.249005238,0
X385,3375,0.133282382,0
X385,3390,0.142945112,0
X385,3434,-0.175701909,0
X385,3465,0.08058813,0
X385,3496,-0.034638002,0
X385,3529,0.133850127,0
X385,3540,0.207246496,0
X385,3551,-0.059786179,0
X385,3572,-0.244616007,0
X385,3612,0.149820215,0
X385,3632,0.103800589,0
X385,3723,0.175370036,0
X385,3780,-0.067684682,0
X385,3781,0.102419414,0
X385,3844,0.07526513,0
X385,3905,0.187532037,0
X385,3940,0.14532523,0
X385,3954,0.038257547,0
X385,4001,0.368965386,0
X385,4004,0.080310083,0
X385,4005,-0.092145997,0
X385,4021,0.718180448,1
X385,4113,0.016051846,0
X385,4164,-0.003123943,0
X385,4184,empty,0
X385,4197,-0.095485881,0
