Attribute,Index,Dirty Value,Cleaned Value,Clean Value
dteday,4,359399.0167,368255.01666666666,359399.01666666666
dteday,5,359399.0167,368255.01666666666,359399.01666666666
dteday,8,359399.0167,368279.01666666666,359399.01666666666
dteday,9,359399.0167,368879.1166666666,359399.01666666666
dteday,21,359399.0167,368327.0333333333,359399.01666666666
dteday,22,359399.0167,368327.0333333333,359399.01666666666
dteday,29,359423.0167,368279.01666666666,359423.01666666666
dteday,32,359423.0167,368879.1166666666,359423.01666666666
dteday,38,359423.0167,360095.01666666666,359423.01666666666
dteday,47,359423.0167,368879.1166666666,359423.01666666666
dteday,51,359447.0167,368279.01666666666,359447.01666666666
dteday,68,359447.0167,368279.01666666666,359447.01666666666
dteday,69,359447.0167,359399.18333333335,359447.01666666666
dteday,70,359471.0167,359399.18333333335,359471.01666666666
dteday,77,359471.0167,368279.01666666666,359471.01666666666
dteday,79,359471.0167,368279.01666666666,359471.01666666666
dteday,92,359471.0167,368279.01666666666,359471.01666666666
dteday,97,359495.0167,368279.01666666666,359495.01666666666
dteday,114,359495.0167,359399.18333333335,359495.01666666666
dteday,116,359519.0167,359399.18333333335,359519.01666666666
dteday,120,359519.0167,368279.01666666666,359519.01666666666
dteday,126,359519.0167,360095.01666666666,359519.01666666666
dteday,129,359519.0167,368423.0833333333,359519.01666666666
dteday,130,359519.0167,368423.0833333333,359519.01666666666
dteday,134,359519.0167,359399.18333333335,359519.01666666666
dteday,136,359519.0167,359399.18333333335,359519.01666666666
dteday,140,359543.0167,368279.01666666666,359543.01666666666
dteday,141,359543.0167,368279.01666666666,359543.01666666666
dteday,142,359543.0167,368279.01666666666,359543.01666666666
dteday,143,359543.0167,359399.18333333335,359543.01666666666
dteday,144,359543.0167,368279.01666666666,359543.01666666666
dteday,145,359543.0167,368279.01666666666,359543.01666666666
dteday,150,359543.0167,360095.01666666666,359543.01666666666
dteday,157,359543.0167,359399.18333333335,359543.01666666666
dteday,163,359567.0167,359399.18333333335,359567.01666666666
dteday,164,359567.0167,359399.18333333335,359567.01666666666
dteday,165,359567.0167,359399.18333333335,359567.01666666666
dteday,166,359567.0167,359399.18333333335,359567.01666666666
dteday,173,359567.0167,368279.01666666666,359567.01666666666
dteday,181,359567.0167,368423.0833333333,359567.01666666666
dteday,182,359567.0167,368423.0833333333,359567.01666666666
dteday,184,339267.2979,368423.0833333333,359567.01666666666
dteday,212,359615.0167,368279.01666666666,359615.01666666666
dteday,214,359615.0167,368279.01666666666,359615.01666666666
dteday,215,359615.0167,368279.01666666666,359615.01666666666
dteday,235,359639.0167,368279.01666666666,359639.01666666666
dteday,236,359639.0167,368279.01666666666,359639.01666666666
dteday,237,359639.0167,359399.18333333335,359639.01666666666
dteday,238,359172.2943,359567.11666666664,359639.01666666666
dteday,239,351956.8527,359399.18333333335,359639.01666666666
dteday,261,359663.0167,368279.01666666666,359663.01666666666
dteday,264,359663.0167,359399.18333333335,359663.01666666666
dteday,275,359663.0167,359399.18333333335,359663.01666666666
dteday,276,359663.0167,359399.18333333335,359663.01666666666
dteday,281,359687.0167,368279.01666666666,359687.01666666666
dteday,283,359687.0167,368279.01666666666,359687.01666666666
dteday,306,359711.0167,368879.1166666666,359711.01666666666
dteday,310,359711.0167,368279.01666666666,359711.01666666666
dteday,311,359711.0167,359399.18333333335,359711.01666666666
dteday,322,356095.2175,368279.01666666666,359711.01666666666
dteday,323,359711.0167,368279.01666666666,359711.01666666666
dteday,324,359711.0167,359567.11666666664,359711.01666666666
dteday,325,359735.0167,359399.18333333335,359735.01666666666
dteday,328,359735.0167,368879.1166666666,359735.01666666666
dteday,331,359735.0167,368279.01666666666,359735.01666666666
dteday,335,359735.0167,360095.01666666666,359735.01666666666
dteday,336,359735.0167,359399.18333333335,359735.01666666666
dteday,340,359735.0167,368423.0833333333,359735.01666666666
dteday,342,359735.0167,368423.0833333333,359735.01666666666
dteday,352,359759.0167,368279.01666666666,359759.01666666666
dteday,356,359759.0167,368279.01666666666,359759.01666666666
dteday,357,359759.0167,359399.18333333335,359759.01666666666
dteday,363,359759.0167,368423.0833333333,359759.01666666666
dteday,375,359783.0167,368879.1166666666,359783.01666666666
dteday,377,359783.0167,368279.01666666666,359783.01666666666
dteday,384,359783.0167,359399.18333333335,359783.01666666666
dteday,391,359783.0167,359399.18333333335,359783.01666666666
dteday,394,359783.0167,359567.11666666664,359783.01666666666
dteday,397,359807.0167,368279.01666666666,359807.01666666666
dteday,400,359807.0167,368327.0333333333,359807.01666666666
dteday,401,359807.0167,368327.0333333333,359807.01666666666
dteday,402,359807.0167,368327.0333333333,359807.01666666666
dteday,405,359807.0167,368327.0333333333,359807.01666666666
dteday,409,359831.0167,368279.01666666666,359831.01666666666
dteday,411,359831.0167,368279.01666666666,359831.01666666666
dteday,419,359831.0167,368327.0333333333,359831.01666666666
dteday,429,359831.0167,360095.01666666666,359831.01666666666
dteday,430,359831.0167,360095.01666666666,359831.01666666666
dteday,439,359855.0167,359399.18333333335,359855.01666666666
dteday,440,359855.0167,359399.18333333335,359855.01666666666
dteday,458,359879.0167,368255.01666666666,359879.01666666666
dteday,460,359879.0167,368327.0333333333,359879.01666666666
dteday,462,359879.0167,359567.11666666664,359879.01666666666
dteday,467,359879.0167,360095.01666666666,359879.01666666666
dteday,479,359879.0167,359567.11666666664,359879.01666666666
dteday,484,359903.0167,368279.01666666666,359903.01666666666
dteday,486,359903.0167,368879.1166666666,359903.01666666666
dteday,487,359903.0167,359567.11666666664,359903.01666666666
dteday,498,359903.0167,360095.01666666666,359903.01666666666
dteday,507,359927.0167,368279.01666666666,359927.01666666666
dteday,522,359927.0167,368423.0833333333,359927.01666666666
dteday,523,359927.0167,368423.0833333333,359927.01666666666
dteday,542,359951.0167,359423.06666666665,359951.01666666666
dteday,546,359951.0167,360095.01666666666,359951.01666666666
dteday,549,359975.0167,368279.01666666666,359975.01666666666
dteday,550,359975.0167,368279.01666666666,359975.01666666666
dteday,551,359975.0167,368279.01666666666,359975.01666666666
dteday,572,359999.0167,368279.01666666666,359999.01666666666
dteday,574,359999.0167,368279.01666666666,359999.01666666666
dteday,576,359999.0167,368879.1166666666,359999.01666666666
dteday,577,359999.0167,368327.0333333333,359999.01666666666
dteday,578,359999.0167,368327.0333333333,359999.01666666666
dteday,579,359999.0167,368327.0333333333,359999.01666666666
dteday,588,360023.0167,359399.18333333335,360023.01666666666
dteday,589,360023.0167,359399.18333333335,360023.01666666666
dteday,590,360023.0167,368279.01666666666,360023.01666666666
dteday,591,360023.0167,368279.01666666666,360023.01666666666
dteday,592,360023.0167,360095.01666666666,360023.01666666666
dteday,594,360023.0167,359567.11666666664,360023.01666666666
dteday,596,360047.0167,368255.01666666666,360047.01666666666
dteday,597,360047.0167,368279.01666666666,360047.01666666666
dteday,598,360047.0167,368255.01666666666,360047.01666666666
dteday,613,340692.0228,368255.01666666666,360047.01666666666
dteday,614,360047.0167,368255.01666666666,360047.01666666666
dteday,616,360047.0167,368255.01666666666,360047.01666666666
dteday,622,360071.0167,368879.1166666666,360071.01666666666
dteday,623,360071.0167,368279.01666666666,360071.01666666666
dteday,626,360071.0167,359399.18333333335,360071.01666666666
dteday,633,360071.0167,368279.01666666666,360071.01666666666
dteday,636,360071.0167,368279.01666666666,360071.01666666666
dteday,637,360071.0167,368279.01666666666,360071.01666666666
dteday,645,360095.0167,368879.1166666666,360095.01666666666
dteday,647,360095.0167,368279.01666666666,360095.01666666666
dteday,648,360095.0167,368279.01666666666,360095.01666666666
dteday,670,360119.0167,368879.1166666666,360119.01666666666
dteday,671,360119.0167,368279.01666666666,360119.01666666666
dteday,677,360119.0167,359399.18333333335,360119.01666666666
dteday,679,360119.0167,359399.18333333335,360119.01666666666
dteday,683,360119.0167,359399.18333333335,360119.01666666666
dteday,689,359399.0333,368879.1166666666,359399.0333333333
dteday,690,359399.0333,368279.01666666666,359399.0333333333
dteday,691,359399.0333,368279.01666666666,359399.0333333333
dteday,693,359399.0333,368279.01666666666,359399.0333333333
dteday,703,359399.0333,368255.01666666666,359399.0333333333
dteday,704,359399.0333,368255.01666666666,359399.0333333333
dteday,705,390737.9279,368255.01666666666,359399.0333333333
dteday,708,367671.4461,368327.0333333333,359399.0333333333
dteday,710,359399.0333,368327.0333333333,359399.0333333333
dteday,713,359423.0333,368279.01666666666,359423.0333333333
dteday,717,359423.0333,368279.01666666666,359423.0333333333
dteday,764,359471.0333,359399.18333333335,359471.0333333333
dteday,785,359495.0333,368255.01666666666,359495.0333333333
dteday,786,359495.0333,368879.1166666666,359495.0333333333
dteday,802,359495.0333,368327.0333333333,359495.0333333333
dteday,805,359495.0333,360095.01666666666,359495.0333333333
dteday,813,359519.0333,368879.1166666666,359519.0333333333
dteday,823,359519.0333,359927.0833333333,359519.0333333333
dteday,827,359519.0333,359567.11666666664,359519.0333333333
dteday,831,359543.0333,368255.01666666666,359543.0333333333
dteday,832,359543.0333,368279.01666666666,359543.0333333333
dteday,840,359543.0333,368255.01666666666,359543.0333333333
dteday,854,359567.0333,368327.0333333333,359567.0333333333
dteday,855,359567.0333,368327.0333333333,359567.0333333333
dteday,858,359567.0333,368279.01666666666,359567.0333333333
dteday,878,359591.0333,368423.0833333333,359591.0333333333
dteday,879,359591.0333,368423.0833333333,359591.0333333333
dteday,880,359591.0333,368279.01666666666,359591.0333333333
dteday,887,359591.0333,360095.01666666666,359591.0333333333
dteday,903,359615.0333,368279.01666666666,359615.0333333333
dteday,926,359639.0333,368279.01666666666,359639.0333333333
dteday,932,359639.0333,368279.01666666666,359639.0333333333
dteday,938,359639.0333,368327.0333333333,359639.0333333333
dteday,945,359639.0333,368279.01666666666,359639.0333333333
dteday,946,359663.0333,368279.01666666666,359663.0333333333
dteday,972,339246.8912,368255.01666666666,359687.0333333333
dteday,973,359687.0333,368279.01666666666,359687.0333333333
dteday,974,359687.0333,368279.01666666666,359687.0333333333
dteday,975,359687.0333,368279.01666666666,359687.0333333333
dteday,976,359687.0333,368279.01666666666,359687.0333333333
dteday,986,359687.0333,368327.0333333333,359687.0333333333
dteday,998,359711.0333,368279.01666666666,359711.0333333333
dteday,1019,359735.0333,368279.01666666666,359735.0333333333
dteday,1045,359759.0333,359399.18333333335,359759.0333333333
dteday,1046,359759.0333,359399.18333333335,359759.0333333333
dteday,1047,359759.0333,359399.18333333335,359759.0333333333
dteday,1082,359783.0333,359399.18333333335,359783.0333333333
dteday,1084,359783.0333,359399.18333333335,359783.0333333333
dteday,1088,359807.0333,368879.1166666666,359807.0333333333
dteday,1090,359807.0333,368879.1166666666,359807.0333333333
dteday,1095,359807.0333,359711.0833333333,359807.0333333333
dteday,1101,359807.0333,368423.0833333333,359807.0333333333
dteday,1102,359807.0333,368423.0833333333,359807.0333333333
dteday,1103,359807.0333,368423.0833333333,359807.0333333333
dteday,1115,359831.0333,368279.01666666666,359831.0333333333
dteday,1116,352261.7386,368279.01666666666,359831.0333333333
dteday,1130,359831.0333,360095.01666666666,359831.0333333333
dteday,1152,359855.0333,368423.0833333333,359855.0333333333
dteday,1163,343456.788,368279.01666666666,359879.0333333333
dteday,1164,359879.0333,368879.1166666666,359879.0333333333
dteday,1174,359879.0333,368255.01666666666,359879.0333333333
dteday,1175,359879.0333,368255.01666666666,359879.0333333333
dteday,1177,359879.0333,368327.0333333333,359879.0333333333
dteday,1179,359879.0333,368255.01666666666,359879.0333333333
dteday,1180,359879.0333,368255.01666666666,359879.0333333333
dteday,1181,359879.0333,368255.01666666666,359879.0333333333
dteday,1186,359903.0333,368279.01666666666,359903.0333333333
dteday,1189,359903.0333,359399.18333333335,359903.0333333333
dteday,1190,359903.0333,359399.18333333335,359903.0333333333
dteday,1194,359903.0333,359399.18333333335,359903.0333333333
dteday,1204,359927.0333,368879.1166666666,359927.0333333333
dteday,1222,359927.0333,359399.18333333335,359927.0333333333
dteday,1223,359951.0333,359399.18333333335,359951.0333333333
dteday,1227,359951.0333,368279.01666666666,359951.0333333333
dteday,1228,359951.0333,368279.01666666666,359951.0333333333
dteday,1231,359951.0333,368255.01666666666,359951.0333333333
dteday,1240,359951.0333,368327.0333333333,359951.0333333333
dteday,1243,359951.0333,368327.0333333333,359951.0333333333
dteday,1244,359951.0333,368327.0333333333,359951.0333333333
dteday,1248,359975.0333,368279.01666666666,359975.0333333333
dteday,1256,359975.0333,360095.01666666666,359975.0333333333
dteday,1270,359999.0333,359567.11666666664,359999.0333333333
dteday,1272,359999.0333,368879.1166666666,359999.0333333333
dteday,1283,359999.0333,368423.0833333333,359999.0333333333
dteday,1291,359999.0333,368255.01666666666,359999.0333333333
dteday,1292,359999.0333,368255.01666666666,359999.0333333333
dteday,1293,360023.0333,368327.0333333333,360023.0333333333
dteday,1294,360023.0333,368327.0333333333,360023.0333333333
dteday,1295,360023.0333,368327.0333333333,360023.0333333333
dteday,1296,360023.0333,368327.0333333333,360023.0333333333
dteday,1297,360023.0333,368327.0333333333,360023.0333333333
dteday,1298,360023.0333,368279.01666666666,360023.0333333333
dteday,1299,360023.0333,368327.0333333333,360023.0333333333
dteday,1300,360023.0333,368327.0333333333,360023.0333333333
dteday,1301,360023.0333,360095.01666666666,360023.0333333333
dteday,1303,360023.0333,368327.0333333333,360023.0333333333
dteday,1315,360023.0333,360095.01666666666,360023.0333333333
dteday,1317,360047.0333,368879.1166666666,360047.0333333333
dteday,1335,360047.0333,368327.0333333333,360047.0333333333
dteday,1339,359399.05,368279.01666666666,359399.05
dteday,1341,359399.05,368279.01666666666,359399.05
dteday,1342,359399.05,368279.01666666666,359399.05
dteday,1347,359399.05,359399.18333333335,359399.05
dteday,1352,359399.05,368423.0833333333,359399.05
dteday,1362,359423.05,368879.1166666666,359423.05
dteday,1363,359423.05,368279.01666666666,359423.05
dteday,1364,359423.05,368279.01666666666,359423.05
dteday,1365,359423.05,368279.01666666666,359423.05
dteday,1366,370276.8005,368255.01666666666,359423.05
dteday,1367,359423.05,368279.01666666666,359423.05
dteday,1368,344389.9888,359399.18333333335,359423.05
dteday,1375,359423.05,368327.0333333333,359423.05
dteday,1388,359447.05,368279.01666666666,359447.05
dteday,1391,370398.0891,368879.1166666666,359447.05
dteday,1404,359447.05,359399.18333333335,359447.05
dteday,1410,359471.05,359399.18333333335,359471.05
dteday,1433,359471.05,368255.01666666666,359471.05
dteday,1436,359495.05,368327.0333333333,359495.05
dteday,1437,359495.05,368327.0333333333,359495.05
dteday,1439,359495.05,368279.01666666666,359495.05
dteday,1446,359495.05,359399.18333333335,359495.05
dteday,1462,359519.05,368279.01666666666,359519.05
dteday,1485,359543.05,368255.01666666666,359543.05
dteday,1486,359543.05,368255.01666666666,359543.05
dteday,1487,345721.6097,368255.01666666666,359543.05
dteday,1488,359543.05,368255.01666666666,359543.05
dteday,1493,359543.05,368423.0833333333,359543.05
dteday,1494,359543.05,368423.0833333333,359543.05
dteday,1509,359567.05,368279.01666666666,359567.05
dteday,1531,359591.05,368279.01666666666,359591.05
dteday,1532,359591.05,368255.01666666666,359591.05
dteday,1533,359591.05,368879.1166666666,359591.05
dteday,1535,359591.05,368327.0333333333,359591.05
dteday,1536,359591.05,368327.0333333333,359591.05
dteday,1537,359591.05,368327.0333333333,359591.05
dteday,1539,359591.05,360095.01666666666,359591.05
dteday,1548,359591.05,368327.0333333333,359591.05
dteday,1552,359615.05,368279.01666666666,359615.05
dteday,1555,359615.05,368279.01666666666,359615.05
dteday,1573,359615.05,359567.11666666664,359615.05
dteday,1575,359639.05,368879.1166666666,359639.05
dteday,1602,359663.05,368279.01666666666,359663.05
dteday,1603,359663.05,368255.01666666666,359663.05
dteday,1625,359687.05,368279.01666666666,359687.05
dteday,1647,359711.05,368279.01666666666,359711.05
dteday,1648,359711.05,368879.1166666666,359711.05
dteday,1656,359711.05,368423.0833333333,359711.05
dteday,1669,359735.05,368279.01666666666,359735.05
dteday,1670,359735.05,368255.01666666666,359735.05
dteday,1671,359735.05,368255.01666666666,359735.05
dteday,1673,359735.05,368255.01666666666,359735.05
dteday,1689,359735.05,368327.0333333333,359735.05
dteday,1690,359759.05,368879.1166666666,359759.05
dteday,1691,359759.05,368279.01666666666,359759.05
dteday,1692,359759.05,368279.01666666666,359759.05
dteday,1694,359759.05,368279.01666666666,359759.05
dteday,1709,359759.05,359927.0833333333,359759.05
dteday,1711,359759.05,360095.01666666666,359759.05
dteday,1712,359759.05,359567.11666666664,359759.05
dteday,1715,359783.05,368879.1166666666,359783.05
dteday,1717,359783.05,368279.01666666666,359783.05
dteday,1728,359783.05,368327.0333333333,359783.05
dteday,1763,359831.05,368879.1166666666,359831.05
dteday,1764,359831.05,368279.01666666666,359831.05
dteday,1771,359831.05,368423.0833333333,359831.05
dteday,1788,359855.05,368279.01666666666,359855.05
dteday,1814,359879.05,368327.0333333333,359879.05
dteday,1815,359879.05,368327.0333333333,359879.05
dteday,1824,359879.05,359711.0833333333,359879.05
dteday,1836,359903.05,368327.0333333333,359903.05
dteday,1837,359903.05,368327.0333333333,359903.05
dteday,1843,359903.05,359927.0833333333,359903.05
dteday,1858,359927.05,368279.01666666666,359927.05
dteday,1859,344083.0325,368327.0333333333,359927.05
dteday,1860,359927.05,368327.0333333333,359927.05
dteday,1862,359927.05,368327.0333333333,359927.05
dteday,1865,359927.05,368327.0333333333,359927.05
dteday,1866,359927.05,368327.0333333333,359927.05
dteday,1867,359927.05,368327.0333333333,359927.05
dteday,1868,359927.05,368327.0333333333,359927.05
dteday,1874,359927.05,368327.0333333333,359927.05
dteday,1879,359951.05,368279.01666666666,359951.05
dteday,1903,359975.05,368279.01666666666,359975.05
dteday,1904,359975.05,368279.01666666666,359975.05
dteday,1917,359975.05,368423.0833333333,359975.05
dteday,1919,359975.05,368423.0833333333,359975.05
dteday,1921,323745.7829,368423.0833333333,359975.05
dteday,1927,359999.05,359567.11666666664,359999.05
dteday,1931,359999.05,368879.1166666666,359999.05
dteday,1932,359999.05,359399.18333333335,359999.05
dteday,1936,359999.05,368327.0333333333,359999.05
dteday,1938,359999.05,368423.0833333333,359999.05
dteday,1952,360023.05,359399.18333333335,360023.05
dteday,1953,360023.05,368279.01666666666,360023.05
dteday,1957,360023.05,368279.01666666666,360023.05
dteday,1958,360023.05,359399.18333333335,360023.05
dteday,1959,360023.05,359399.18333333335,360023.05
dteday,1963,360023.05,368423.0833333333,360023.05
dteday,1964,360023.05,368423.0833333333,360023.05
dteday,1969,360023.05,368423.0833333333,360023.05
dteday,1973,360047.05,359399.18333333335,360047.05
dteday,1977,360047.05,368879.1166666666,360047.05
dteday,1981,360047.05,359927.0833333333,360047.05
dteday,1998,360071.05,368279.01666666666,360071.05
dteday,1999,360071.05,368279.01666666666,360071.05
dteday,2001,360071.05,368879.1166666666,360071.05
dteday,2006,360071.05,360095.01666666666,360071.05
dteday,2036,360095.05,368327.0333333333,360095.05
dteday,2041,360095.05,359567.11666666664,360095.05
dteday,2044,360119.05,368279.01666666666,360119.05
dteday,2049,360119.05,368879.1166666666,360119.05
dteday,2057,360119.05,368327.0333333333,360119.05
dteday,2058,360119.05,368327.0333333333,360119.05
dteday,2059,352233.2707,368327.0333333333,360119.05
dteday,2060,360119.05,368327.0333333333,360119.05
dteday,2062,360119.05,368327.0333333333,360119.05
dteday,2063,360119.05,368327.0333333333,360119.05
dteday,2067,360119.05,359567.11666666664,360119.05
dteday,2072,359399.0667,368279.01666666666,359399.06666666665
dteday,2076,359399.0667,368327.0333333333,359399.06666666665
dteday,2084,359399.0667,359399.18333333335,359399.06666666665
dteday,2094,359423.0667,368255.01666666666,359423.06666666665
dteday,2097,359423.0667,368255.01666666666,359423.06666666665
dteday,2120,359447.0667,368279.01666666666,359447.06666666665
dteday,2148,359471.0667,359399.18333333335,359471.06666666665
dteday,2152,359471.0667,368423.0833333333,359471.06666666665
dteday,2162,359471.0667,368423.0833333333,359471.06666666665
dteday,2172,314904.6339,368327.0333333333,359495.06666666665
dteday,2173,359495.0667,368327.0333333333,359495.06666666665
dteday,2215,359543.0667,368279.01666666666,359543.06666666665
dteday,2223,359543.0667,359399.18333333335,359543.06666666665
dteday,2224,359543.0667,359399.18333333335,359543.06666666665
dteday,2241,359567.0667,368327.0333333333,359567.06666666665
dteday,2242,359567.0667,368327.0333333333,359567.06666666665
dteday,2243,359567.0667,368327.0333333333,359567.06666666665
dteday,2250,359567.0667,368327.0333333333,359567.06666666665
dteday,2251,359567.0667,368327.0333333333,359567.06666666665
dteday,2260,359591.0667,368327.0333333333,359591.06666666665
dteday,2261,359591.0667,368327.0333333333,359591.06666666665
dteday,2262,359591.0667,368327.0333333333,359591.06666666665
dteday,2264,359591.0667,368279.01666666666,359591.06666666665
dteday,2269,359591.0667,368327.0333333333,359591.06666666665
dteday,2270,359591.0667,368327.0333333333,359591.06666666665
dteday,2275,359591.0667,368327.0333333333,359591.06666666665
dteday,2280,359591.0667,368327.0333333333,359591.06666666665
dteday,2283,359591.0667,368327.0333333333,359591.06666666665
dteday,2284,359615.0667,368327.0333333333,359615.06666666665
dteday,2285,359615.0667,368327.0333333333,359615.06666666665
dteday,2286,359615.0667,368327.0333333333,359615.06666666665
dteday,2287,359615.0667,368327.0333333333,359615.06666666665
dteday,2294,359615.0667,368327.0333333333,359615.06666666665
dteday,2295,359615.0667,368327.0333333333,359615.06666666665
dteday,2300,359615.0667,368567.1166666666,359615.06666666665
dteday,2316,359639.0667,368879.1166666666,359639.06666666665
dteday,2317,359639.0667,368879.1166666666,359639.06666666665
dteday,2320,359639.0667,368279.01666666666,359639.06666666665
dteday,2359,359687.0667,368279.01666666666,359687.06666666665
dteday,2365,359687.0667,368327.0333333333,359687.06666666665
dteday,2381,359711.0667,368279.01666666666,359711.06666666665
dteday,2396,359711.0667,368255.01666666666,359711.06666666665
dteday,2401,359711.0667,359399.18333333335,359711.06666666665
dteday,2403,359735.0667,359567.11666666664,359735.06666666665
dteday,2406,359735.0667,368279.01666666666,359735.06666666665
dteday,2407,350378.6596,368279.01666666666,359735.06666666665
dteday,2412,359735.0667,359399.18333333335,359735.06666666665
dteday,2413,359735.0667,359399.18333333335,359735.06666666665
dteday,2414,359735.0667,359399.18333333335,359735.06666666665
dteday,2415,359735.0667,359399.18333333335,359735.06666666665
dteday,2419,359735.0667,359399.18333333335,359735.06666666665
dteday,2428,372820.0796,368327.0333333333,359759.06666666665
dteday,2429,359759.0667,368327.0333333333,359759.06666666665
dteday,2430,359759.0667,368327.0333333333,359759.06666666665
dteday,2431,359759.0667,368327.0333333333,359759.06666666665
dteday,2432,359759.0667,368327.0333333333,359759.06666666665
dteday,2435,359759.0667,368327.0333333333,359759.06666666665
dteday,2441,359759.0667,368879.1166666666,359759.06666666665
dteday,2442,359759.0667,368879.1166666666,359759.06666666665
dteday,2456,359783.0667,368279.01666666666,359783.06666666665
dteday,2457,359783.0667,368879.1166666666,359783.06666666665
dteday,2466,359783.0667,368255.01666666666,359783.06666666665
dteday,2468,364720.6365,368807.0333333333,359783.06666666665
dteday,2471,359783.0667,368423.0833333333,359783.06666666665
dteday,2479,359807.0667,368327.0333333333,359807.06666666665
dteday,2484,359807.0667,359399.18333333335,359807.06666666665
dteday,2485,359807.0667,359399.18333333335,359807.06666666665
dteday,2487,359807.0667,359423.06666666665,359807.06666666665
dteday,2497,359807.0667,359399.18333333335,359807.06666666665
dteday,2499,359831.0667,359399.18333333335,359831.06666666665
dteday,2502,359831.0667,368279.01666666666,359831.06666666665
dteday,2506,359831.0667,359399.18333333335,359831.06666666665
dteday,2531,359855.0667,368279.01666666666,359855.06666666665
dteday,2533,359855.0667,368279.01666666666,359855.06666666665
dteday,2534,359855.0667,368279.01666666666,359855.06666666665
dteday,2544,359855.0667,368423.0833333333,359855.06666666665
dteday,2568,359879.0667,359423.06666666665,359879.06666666665
dteday,2575,359903.0667,368279.01666666666,359903.06666666665
dteday,2584,359903.0667,368327.0333333333,359903.06666666665
dteday,2585,359903.0667,368327.0333333333,359903.06666666665
dteday,2586,359903.0667,368327.0333333333,359903.06666666665
dteday,2587,359903.0667,368327.0333333333,359903.06666666665
dteday,2591,359903.0667,368327.0333333333,359903.06666666665
dteday,2607,359927.0667,368879.1166666666,359927.06666666665
dteday,2608,359927.0667,368879.1166666666,359927.06666666665
dteday,2614,359927.0667,368879.1166666666,359927.06666666665
dteday,2616,359927.0667,368879.1166666666,359927.06666666665
dteday,2619,359951.0667,368879.1166666666,359951.06666666665
dteday,2626,359951.0667,359567.11666666664,359951.06666666665
dteday,2631,359951.0667,368255.01666666666,359951.06666666665
dteday,2638,359951.0667,368879.1166666666,359951.06666666665
dteday,2639,359951.0667,368879.1166666666,359951.06666666665
dteday,2652,339758.5703,368879.1166666666,359975.06666666665
dteday,2653,359975.0667,368327.0333333333,359975.06666666665
dteday,2664,359975.0667,368279.01666666666,359975.06666666665
dteday,2667,359999.0667,359567.11666666664,359999.06666666665
dteday,2669,359999.0667,368879.1166666666,359999.06666666665
dteday,2671,359999.0667,368879.1166666666,359999.06666666665
dteday,2674,364536.6526,368879.1166666666,359999.06666666665
dteday,2675,359999.0667,368879.1166666666,359999.06666666665
dteday,2677,359999.0667,368279.01666666666,359999.06666666665
dteday,2689,359999.0667,368879.1166666666,359999.06666666665
dteday,2690,359999.0667,368879.1166666666,359999.06666666665
dteday,2691,339752.239,359567.11666666664,360023.06666666665
dteday,2692,360023.0667,368879.1166666666,360023.06666666665
dteday,2708,360023.0667,368879.1166666666,360023.06666666665
dteday,2709,365606.6091,368879.1166666666,360023.06666666665
dteday,2711,360023.0667,368879.1166666666,360023.06666666665
dteday,2716,360047.0667,368879.1166666666,360047.06666666665
dteday,2717,360047.0667,368879.1166666666,360047.06666666665
dteday,2718,360047.0667,368279.01666666666,360047.06666666665
dteday,2719,360047.0667,368879.1166666666,360047.06666666665
dteday,2720,360047.0667,368879.1166666666,360047.06666666665
dteday,2726,360047.0667,368879.1166666666,360047.06666666665
dteday,2728,360047.0667,359927.0833333333,360047.06666666665
dteday,2729,360047.0667,368879.1166666666,360047.06666666665
dteday,2730,360047.0667,368279.01666666666,360047.06666666665
dteday,2758,360071.0667,359399.18333333335,360071.06666666665
dteday,2786,360095.0667,368327.0333333333,360095.06666666665
dteday,2788,359399.0833,360095.01666666666,359399.0833333333
dteday,2795,359399.0833,360095.01666666666,359399.0833333333
dteday,2807,359399.0833,359927.0833333333,359399.0833333333
dteday,2823,359423.0833,368279.01666666666,359423.0833333333
dteday,2824,359423.0833,368279.01666666666,359423.0833333333
dteday,2825,359423.0833,368279.01666666666,359423.0833333333
dteday,2830,359423.0833,368279.01666666666,359423.0833333333
dteday,2831,359423.0833,368279.01666666666,359423.0833333333
dteday,2833,359423.0833,368327.0333333333,359423.0833333333
dteday,2834,338519.8998,368879.1166666666,359423.0833333333
dteday,2835,359447.0833,368879.1166666666,359447.0833333333
dteday,2838,359447.0833,368879.1166666666,359447.0833333333
dteday,2843,359447.0833,368879.1166666666,359447.0833333333
dteday,2845,358186.9287,368279.01666666666,359447.0833333333
dteday,2859,359471.0833,359567.11666666664,359471.0833333333
dteday,2863,359471.0833,368279.01666666666,359471.0833333333
dteday,2883,359495.0833,359567.11666666664,359495.0833333333
dteday,2892,359495.0833,359423.06666666665,359495.0833333333
dteday,2894,359495.0833,368423.0833333333,359495.0833333333
dteday,2904,359495.0833,368423.0833333333,359495.0833333333
dteday,2956,359567.0833,359399.18333333335,359567.0833333333
dteday,2957,359567.0833,360095.01666666666,359567.0833333333
dteday,2981,359591.0833,368879.1166666666,359591.0833333333
dteday,2987,359591.0833,359399.18333333335,359591.0833333333
dteday,2990,359591.0833,368327.0333333333,359591.0833333333
dteday,3014,359615.0833,368327.0333333333,359615.0833333333
dteday,3025,359615.0833,359399.18333333335,359615.0833333333
dteday,3027,367096.9896,359399.18333333335,359639.0833333333
dteday,3030,359639.0833,368279.01666666666,359639.0833333333
dteday,3067,359663.0833,368567.1166666666,359663.0833333333
dteday,3069,359663.0833,368279.01666666666,359663.0833333333
dteday,3072,359663.0833,368879.1166666666,359663.0833333333
dteday,3075,359687.0833,368879.1166666666,359687.0833333333
dteday,3076,359687.0833,368879.1166666666,359687.0833333333
dteday,3085,359687.0833,368879.1166666666,359687.0833333333
dteday,3086,359687.0833,368879.1166666666,359687.0833333333
dteday,3089,359687.0833,368327.0333333333,359687.0833333333
dteday,3094,359687.0833,368879.1166666666,359687.0833333333
dteday,3095,359687.0833,368879.1166666666,359687.0833333333
dteday,3097,359687.0833,368879.1166666666,359687.0833333333
dteday,3109,359711.0833,359399.18333333335,359711.0833333333
dteday,3120,359711.0833,360095.01666666666,359711.0833333333
dteday,3132,359735.0833,368879.1166666666,359735.0833333333
dteday,3133,359735.0833,368879.1166666666,359735.0833333333
dteday,3138,359735.0833,368279.01666666666,359735.0833333333
dteday,3139,395395.6897,368279.01666666666,359735.0833333333
dteday,3145,359735.0833,368879.1166666666,359735.0833333333
dteday,3154,359759.0833,359711.0833333333,359759.0833333333
dteday,3156,359759.0833,368279.01666666666,359759.0833333333
dteday,3165,359759.0833,368879.1166666666,359759.0833333333
dteday,3167,359759.0833,368879.1166666666,359759.0833333333
dteday,3168,359759.0833,368879.1166666666,359759.0833333333
dteday,3173,359783.0833,368879.1166666666,359783.0833333333
dteday,3182,359783.0833,368879.1166666666,359783.0833333333
dteday,3183,359783.0833,368879.1166666666,359783.0833333333
dteday,3185,330895.8025,359423.06666666665,359783.0833333333
dteday,3186,359783.0833,368279.01666666666,359783.0833333333
dteday,3189,359783.0833,368279.01666666666,359783.0833333333
dteday,3190,359783.0833,368279.01666666666,359783.0833333333
dteday,3191,359783.0833,368879.1166666666,359783.0833333333
dteday,3199,359807.0833,368279.01666666666,359807.0833333333
dteday,3204,359807.0833,368879.1166666666,359807.0833333333
dteday,3210,359807.0833,359399.18333333335,359807.0833333333
dteday,3212,359807.0833,368279.01666666666,359807.0833333333
dteday,3217,359807.0833,368879.1166666666,359807.0833333333
dteday,3218,359807.0833,360095.01666666666,359807.0833333333
dteday,3229,359831.0833,368879.1166666666,359831.0833333333
dteday,3237,359831.0833,359399.18333333335,359831.0833333333
dteday,3245,359855.0833,368879.1166666666,359855.0833333333
dteday,3289,359879.0833,368279.01666666666,359879.0833333333
dteday,3300,359903.0833,368279.01666666666,359903.0833333333
dteday,3305,359903.0833,368279.01666666666,359903.0833333333
dteday,3308,359903.0833,368807.0333333333,359903.0833333333
dteday,3313,359903.0833,359927.0833333333,359903.0833333333
dteday,3314,359903.0833,368879.1166666666,359903.0833333333
dteday,3324,359927.0833,359399.18333333335,359927.0833333333
dteday,3326,359927.0833,368279.01666666666,359927.0833333333
dteday,3327,359927.0833,368279.01666666666,359927.0833333333
dteday,3335,359927.0833,368879.1166666666,359927.0833333333
dteday,3347,359951.0833,368879.1166666666,359951.0833333333
dteday,3354,359951.0833,359399.18333333335,359951.0833333333
dteday,3355,359951.0833,368279.01666666666,359951.0833333333
dteday,3363,359975.0833,368879.1166666666,359975.0833333333
dteday,3364,359975.0833,368879.1166666666,359975.0833333333
dteday,3365,359975.0833,368879.1166666666,359975.0833333333
dteday,3367,359975.0833,368279.01666666666,359975.0833333333
dteday,3375,387516.2516,359399.18333333335,359975.0833333333
dteday,3376,330992.6807,359399.18333333335,359975.0833333333
dteday,3377,359975.0833,359399.18333333335,359975.0833333333
dteday,3384,359975.0833,368279.01666666666,359975.0833333333
dteday,3385,359975.0833,368279.01666666666,359975.0833333333
dteday,3389,359999.0833,368879.1166666666,359999.0833333333
dteday,3392,359999.0833,359567.11666666664,359999.0833333333
dteday,3411,360023.0833,368279.01666666666,360023.0833333333
dteday,3415,360023.0833,368279.01666666666,360023.0833333333
dteday,3417,360023.0833,368279.01666666666,360023.0833333333
dteday,3422,360023.0833,359399.18333333335,360023.0833333333
dteday,3423,360023.0833,359399.18333333335,360023.0833333333
dteday,3425,360023.0833,359399.18333333335,360023.0833333333
dteday,3427,360023.0833,359399.18333333335,360023.0833333333
dteday,3432,360023.0833,368879.1166666666,360023.0833333333
dteday,3441,360047.0833,368879.1166666666,360047.0833333333
dteday,3442,360047.0833,368879.1166666666,360047.0833333333
dteday,3450,360047.0833,359399.18333333335,360047.0833333333
dteday,3451,360047.0833,359399.18333333335,360047.0833333333
dteday,3452,360047.0833,359399.18333333335,360047.0833333333
dteday,3458,360047.0833,368327.0333333333,360047.0833333333
dteday,3459,360071.0833,368879.1166666666,360071.0833333333
dteday,3469,360071.0833,368879.1166666666,360071.0833333333
dteday,3470,378756.1167,368879.1166666666,360071.0833333333
dteday,3480,360071.0833,368879.1166666666,360071.0833333333
dteday,3493,360095.0833,359399.18333333335,360095.0833333333
dteday,3511,356489.5922,368279.01666666666,360119.0833333333
dteday,3512,360119.0833,368879.1166666666,360119.0833333333
dteday,3516,360119.0833,359399.18333333335,360119.0833333333
dteday,3533,359399.1,368279.01666666666,359399.1
dteday,3541,359399.1,368255.01666666666,359399.1
dteday,3559,359423.1,368279.01666666666,359423.1
dteday,3605,359471.1,360095.01666666666,359471.1
dteday,3608,359471.1,368879.1166666666,359471.1
dteday,3611,359471.1,368327.0333333333,359471.1
dteday,3614,359471.1,368423.0833333333,359471.1
dteday,3634,359495.1,359567.11666666664,359495.1
dteday,3638,359495.1,368279.01666666666,359495.1
dteday,3639,359495.1,368279.01666666666,359495.1
dteday,3647,359495.1,368279.01666666666,359495.1
dteday,3652,359519.1,368879.1166666666,359519.1
dteday,3653,359519.1,368879.1166666666,359519.1
dteday,3655,359519.1,368879.1166666666,359519.1
dteday,3674,359519.1,368279.01666666666,359519.1
dteday,3679,359543.1,368879.1166666666,359543.1
dteday,3682,359543.1,368279.01666666666,359543.1
dteday,3702,359567.1,368279.01666666666,359567.1
dteday,3703,359567.1,368879.1166666666,359567.1
dteday,3721,359567.1,368255.01666666666,359567.1
dteday,3722,359567.1,368255.01666666666,359567.1
dteday,3749,359615.1,368279.01666666666,359615.1
dteday,3750,359615.1,368279.01666666666,359615.1
dteday,3756,359615.1,359399.18333333335,359615.1
dteday,3766,359615.1,368807.0333333333,359615.1
dteday,3774,359639.1,368879.1166666666,359639.1
dteday,3783,359639.1,359399.18333333335,359639.1
dteday,3784,359639.1,359399.18333333335,359639.1
dteday,3796,359663.1,368879.1166666666,359663.1
dteday,3806,359663.1,359399.18333333335,359663.1
dteday,3811,359663.1,368879.1166666666,359663.1
dteday,3812,359663.1,368879.1166666666,359663.1
dteday,3815,359663.1,368879.1166666666,359663.1
dteday,3816,359663.1,368879.1166666666,359663.1
dteday,3817,359663.1,368879.1166666666,359663.1
dteday,3847,359711.1,368279.01666666666,359711.1
dteday,3873,359735.1,359927.0833333333,359735.1
dteday,3878,359735.1,368423.0833333333,359735.1
dteday,3899,359759.1,368255.01666666666,359759.1
dteday,3901,359759.1,359927.0833333333,359759.1
dteday,3907,359759.1,368279.01666666666,359759.1
dteday,3908,359759.1,359711.0833333333,359759.1
dteday,3909,359759.1,368879.1166666666,359759.1
dteday,3910,359759.1,368879.1166666666,359759.1
dteday,3911,359759.1,368879.1166666666,359759.1
dteday,3912,359759.1,368879.1166666666,359759.1
dteday,3913,359759.1,368879.1166666666,359759.1
dteday,3914,359759.1,368879.1166666666,359759.1
dteday,3922,359783.1,368879.1166666666,359783.1
dteday,3923,359783.1,368879.1166666666,359783.1
dteday,3926,359783.1,368279.01666666666,359783.1
dteday,3934,359783.1,368879.1166666666,359783.1
dteday,3938,359783.1,368879.1166666666,359783.1
dteday,3940,359807.1,368879.1166666666,359807.1
dteday,3944,359807.1,368879.1166666666,359807.1
dteday,3945,359807.1,359567.11666666664,359807.1
dteday,3952,359807.1,359399.18333333335,359807.1
dteday,3957,359807.1,359399.18333333335,359807.1
dteday,3975,381289.3582,359399.18333333335,359831.1
dteday,3978,359831.1,359399.18333333335,359831.1
dteday,3984,359831.1,359399.18333333335,359831.1
dteday,3987,359855.1,368879.1166666666,359855.1
dteday,3991,359855.1,368279.01666666666,359855.1
dteday,3992,359855.1,368279.01666666666,359855.1
dteday,3995,359855.1,368879.1166666666,359855.1
dteday,3999,359855.1,368279.01666666666,359855.1
dteday,4007,359855.1,368279.01666666666,359855.1
dteday,4013,359879.1,368879.1166666666,359879.1
dteday,4014,359879.1,368879.1166666666,359879.1
dteday,4021,359879.1,368879.1166666666,359879.1
dteday,4022,359879.1,368879.1166666666,359879.1
dteday,4039,359903.1,368879.1166666666,359903.1
dteday,4041,359903.1,368879.1166666666,359903.1
dteday,4052,359903.1,359399.18333333335,359903.1
dteday,4084,359951.1,368879.1166666666,359951.1
dteday,4085,359951.1,368879.1166666666,359951.1
dteday,4086,359951.1,368879.1166666666,359951.1
dteday,4087,359951.1,368879.1166666666,359951.1
dteday,4089,359951.1,368879.1166666666,359951.1
dteday,4096,359951.1,368423.0833333333,359951.1
dteday,4103,359951.1,368567.1166666666,359951.1
dteday,4105,359951.1,359399.18333333335,359951.1
dteday,4109,359975.1,360095.01666666666,359975.1
dteday,4159,360023.1,368879.1166666666,360023.1
dteday,4160,360023.1,368879.1166666666,360023.1
dteday,4170,360023.1,359399.18333333335,360023.1
dteday,4171,360023.1,359399.18333333335,360023.1
dteday,4172,360023.1,359399.18333333335,360023.1
dteday,4177,360023.1,368279.01666666666,360023.1
dteday,4178,360023.1,368279.01666666666,360023.1
dteday,4183,343013.2553,368879.1166666666,360047.1
dteday,4186,360047.1,368879.1166666666,360047.1
dteday,4190,360047.1,359399.18333333335,360047.1
dteday,4197,360047.1,359399.18333333335,360047.1
dteday,4205,360071.1,368879.1166666666,360071.1
dteday,4206,360071.1,368879.1166666666,360071.1
dteday,4207,360071.1,368879.1166666666,360071.1
dteday,4208,360071.1,368879.1166666666,360071.1
dteday,4229,360095.1,368879.1166666666,360095.1
dteday,4253,359399.1167,368279.01666666666,359399.11666666664
dteday,4281,359423.1167,368279.01666666666,359423.11666666664
dteday,4285,359423.1167,368423.0833333333,359423.11666666664
dteday,4286,359423.1167,368423.0833333333,359423.11666666664
dteday,4305,359447.1167,368279.01666666666,359447.11666666664
dteday,4311,359447.1167,359399.18333333335,359447.11666666664
dteday,4318,359447.1167,368879.1166666666,359447.11666666664
dteday,4319,361083.979,368879.1166666666,359447.11666666664
dteday,4320,359447.1167,359399.18333333335,359447.11666666664
dteday,4322,359447.1167,368879.1166666666,359447.11666666664
dteday,4323,359471.1167,368879.1166666666,359471.11666666664
dteday,4324,350473.4151,368879.1166666666,359471.11666666664
dteday,4325,359471.1167,368879.1166666666,359471.11666666664
dteday,4328,359471.1167,368879.1166666666,359471.11666666664
dteday,4330,359471.1167,368879.1166666666,359471.11666666664
dteday,4333,359471.1167,359399.18333333335,359471.11666666664
dteday,4334,359471.1167,359399.18333333335,359471.11666666664
dteday,4343,359471.1167,359399.18333333335,359471.11666666664
dteday,4350,359495.1167,368879.1166666666,359495.11666666664
dteday,4351,359495.1167,368279.01666666666,359495.11666666664
dteday,4352,359495.1167,368279.01666666666,359495.11666666664
dteday,4365,359495.1167,359399.18333333335,359495.11666666664
dteday,4375,359519.1167,368879.1166666666,359519.11666666664
dteday,4376,359519.1167,368879.1166666666,359519.11666666664
dteday,4377,359519.1167,359927.0833333333,359519.11666666664
dteday,4394,359519.1167,368879.1166666666,359519.11666666664
dteday,4397,359543.1167,368879.1166666666,359543.11666666664
dteday,4412,359543.1167,368423.0833333333,359543.11666666664
dteday,4435,359567.1167,368879.1166666666,359567.11666666664
dteday,4436,380887.8786,359399.18333333335,359567.11666666664
dteday,4437,359567.1167,368879.1166666666,359567.11666666664
dteday,4438,359567.1167,368879.1166666666,359567.11666666664
dteday,4439,359567.1167,368879.1166666666,359567.11666666664
dteday,4440,359567.1167,368879.1166666666,359567.11666666664
dteday,4443,359591.1167,359927.0833333333,359591.11666666664
dteday,4447,359591.1167,368879.1166666666,359591.11666666664
dteday,4449,359591.1167,368879.1166666666,359591.11666666664
dteday,4457,359591.1167,368423.0833333333,359591.11666666664
dteday,4461,359591.1167,368423.0833333333,359591.11666666664
dteday,4462,359591.1167,368807.0333333333,359591.11666666664
dteday,4469,359615.1167,368279.01666666666,359615.11666666664
dteday,4471,359615.1167,368279.01666666666,359615.11666666664
dteday,4477,359615.1167,359399.18333333335,359615.11666666664
dteday,4478,359615.1167,359399.18333333335,359615.11666666664
dteday,4484,359615.1167,368423.0833333333,359615.11666666664
dteday,4487,359615.1167,359399.18333333335,359615.11666666664
dteday,4497,359639.1167,359927.0833333333,359639.11666666664
dteday,4501,359639.1167,359399.18333333335,359639.11666666664
dteday,4518,359663.1167,368879.1166666666,359663.11666666664
dteday,4522,359663.1167,359399.18333333335,359663.11666666664
dteday,4524,359663.1167,359399.18333333335,359663.11666666664
dteday,4526,359663.1167,368327.0333333333,359663.11666666664
dteday,4540,359687.1167,359399.18333333335,359687.11666666664
dteday,4541,359687.1167,359399.18333333335,359687.11666666664
dteday,4545,359687.1167,359927.0833333333,359687.11666666664
dteday,4546,359687.1167,359399.18333333335,359687.11666666664
dteday,4561,359687.1167,359423.06666666665,359687.11666666664
dteday,4562,359687.1167,368879.1166666666,359687.11666666664
dteday,4563,359711.1167,368279.01666666666,359711.11666666664
dteday,4610,359735.1167,359399.18333333335,359735.11666666664
dteday,4612,359759.1167,368279.01666666666,359759.11666666664
dteday,4635,359783.1167,368327.0333333333,359783.11666666664
dteday,4636,359783.1167,368279.01666666666,359783.11666666664
dteday,4637,359783.1167,368279.01666666666,359783.11666666664
dteday,4640,359783.1167,368279.01666666666,359783.11666666664
dteday,4644,359783.1167,359423.06666666665,359783.11666666664
dteday,4646,359783.1167,359399.18333333335,359783.11666666664
dteday,4654,359783.1167,359399.18333333335,359783.11666666664
dteday,4665,362907.3786,368879.1166666666,359807.11666666664
dteday,4670,359807.1167,359399.18333333335,359807.11666666664
dteday,4678,359807.1167,359399.18333333335,359807.11666666664
dteday,4686,359831.1167,368279.01666666666,359831.11666666664
dteday,4701,359831.1167,360047.06666666665,359831.11666666664
dteday,4702,359831.1167,368255.01666666666,359831.11666666664
dteday,4711,359855.1167,368879.1166666666,359855.11666666664
dteday,4730,359855.1167,368255.01666666666,359855.11666666664
dteday,4731,359879.1167,368255.01666666666,359879.11666666664
dteday,4740,359879.1167,368255.01666666666,359879.11666666664
dteday,4752,359879.1167,368255.01666666666,359879.11666666664
dteday,4758,359903.1167,368255.01666666666,359903.11666666664
dteday,4761,359903.1167,368255.01666666666,359903.11666666664
dteday,4772,359903.1167,368807.0333333333,359903.11666666664
dteday,4801,359927.1167,368327.0333333333,359927.11666666664
dteday,4808,359951.1167,368879.1166666666,359951.11666666664
dteday,4828,359975.1167,368255.01666666666,359975.11666666664
dteday,4835,359975.1167,368255.01666666666,359975.11666666664
dteday,4849,359975.1167,368327.0333333333,359975.11666666664
dteday,4856,359999.1167,359567.11666666664,359999.11666666664
dteday,4857,359999.1167,368879.1166666666,359999.11666666664
dteday,4859,359999.1167,359399.18333333335,359999.11666666664
dteday,4867,359999.1167,368423.0833333333,359999.11666666664
dteday,4868,359999.1167,368423.0833333333,359999.11666666664
dteday,4873,359999.1167,359399.18333333335,359999.11666666664
dteday,4904,360047.1167,359567.11666666664,360047.11666666664
dteday,4909,360047.1167,359399.18333333335,360047.11666666664
dteday,4922,360047.1167,368255.01666666666,360047.11666666664
dteday,4928,360071.1167,359567.11666666664,360071.11666666664
dteday,4947,360095.1167,359399.18333333335,360095.11666666664
dteday,4948,360095.1167,359399.18333333335,360095.11666666664
dteday,4949,360095.1167,359399.18333333335,360095.11666666664
dteday,4958,360095.1167,368423.0833333333,360095.11666666664
dteday,4970,360095.1167,359399.18333333335,360095.11666666664
dteday,4971,360119.1167,359399.18333333335,360119.11666666664
dteday,4976,360119.1167,368879.1166666666,360119.11666666664
dteday,4979,360119.1167,359399.18333333335,360119.11666666664
dteday,4981,360119.1167,368423.0833333333,360119.11666666664
dteday,4987,360119.1167,368807.0333333333,360119.11666666664
dteday,4990,343222.0306,359399.18333333335,360119.11666666664
dteday,4991,360119.1167,359399.18333333335,360119.11666666664
dteday,5000,359399.1333,368879.1166666666,359399.13333333336
dteday,5001,359399.1333,368879.1166666666,359399.13333333336
dteday,5005,359399.1333,368423.0833333333,359399.13333333336
dteday,5021,359423.1333,368879.1166666666,359423.13333333336
dteday,5025,359423.1333,368279.01666666666,359423.13333333336
dteday,5029,359423.1333,368423.0833333333,359423.13333333336
dteday,5039,359423.1333,368567.1166666666,359423.13333333336
dteday,5046,359447.1333,359399.18333333335,359447.13333333336
dteday,5048,359447.1333,359399.18333333335,359447.13333333336
dteday,5052,359447.1333,359399.18333333335,359447.13333333336
dteday,5055,359447.1333,359399.18333333335,359447.13333333336
dteday,5070,359471.1333,368279.01666666666,359471.13333333336
dteday,5081,359471.1333,359399.18333333335,359471.13333333336
dteday,5082,359471.1333,359399.18333333335,359471.13333333336
dteday,5093,359495.1333,368279.01666666666,359495.13333333336
dteday,5101,359495.1333,359399.18333333335,359495.13333333336
dteday,5110,359495.1333,359399.18333333335,359495.13333333336
dteday,5114,359495.1333,368279.01666666666,359495.13333333336
dteday,5119,359519.1333,368879.1166666666,359519.13333333336
dteday,5121,359519.1333,359567.11666666664,359519.13333333336
dteday,5122,359519.1333,368879.1166666666,359519.13333333336
dteday,5123,359519.1333,359927.0833333333,359519.13333333336
dteday,5127,359519.1333,359399.18333333335,359519.13333333336
dteday,5148,359543.1333,359423.06666666665,359543.13333333336
dteday,5164,359567.1333,368879.1166666666,359567.13333333336
dteday,5172,359567.1333,359399.18333333335,359567.13333333336
dteday,5183,359567.1333,359399.18333333335,359567.13333333336
dteday,5190,359591.1333,368279.01666666666,359591.13333333336
dteday,5204,359591.1333,359399.18333333335,359591.13333333336
dteday,5205,359591.1333,359399.18333333335,359591.13333333336
dteday,5255,359639.1333,368567.1166666666,359639.13333333336
dteday,5286,359687.1333,359567.11666666664,359687.13333333336
dteday,5303,359687.1333,368879.1166666666,359687.13333333336
dteday,5304,359687.1333,359399.18333333335,359687.13333333336
dteday,5305,359687.1333,368879.1166666666,359687.13333333336
dteday,5307,359711.1333,368879.1166666666,359711.13333333336
dteday,5310,359711.1333,359567.11666666664,359711.13333333336
dteday,5311,359711.1333,368279.01666666666,359711.13333333336
dteday,5330,359711.1333,359567.11666666664,359711.13333333336
dteday,5333,359735.1333,368279.01666666666,359735.13333333336
dteday,5334,359735.1333,368879.1166666666,359735.13333333336
dteday,5335,359735.1333,368879.1166666666,359735.13333333336
dteday,5341,359735.1333,368279.01666666666,359735.13333333336
dteday,5345,353781.921,359399.18333333335,359735.13333333336
dteday,5346,359735.1333,359399.18333333335,359735.13333333336
dteday,5347,359735.1333,359399.18333333335,359735.13333333336
dteday,5348,359735.1333,360047.06666666665,359735.13333333336
dteday,5352,359735.1333,359423.06666666665,359735.13333333336
dteday,5353,359735.1333,368279.01666666666,359735.13333333336
dteday,5354,359735.1333,368279.01666666666,359735.13333333336
dteday,5355,359759.1333,368279.01666666666,359759.13333333336
dteday,5356,359759.1333,368279.01666666666,359759.13333333336
dteday,5359,359759.1333,368279.01666666666,359759.13333333336
dteday,5362,359759.1333,368279.01666666666,359759.13333333336
dteday,5379,359783.1333,368279.01666666666,359783.13333333336
dteday,5381,359783.1333,368279.01666666666,359783.13333333336
dteday,5393,359783.1333,368423.0833333333,359783.13333333336
dteday,5397,359783.1333,359399.18333333335,359783.13333333336
dteday,5398,359783.1333,359399.18333333335,359783.13333333336
dteday,5408,359807.1333,359567.11666666664,359807.13333333336
dteday,5421,359807.1333,359399.18333333335,359807.13333333336
dteday,5422,359807.1333,368879.1166666666,359807.13333333336
dteday,5423,359807.1333,368879.1166666666,359807.13333333336
dteday,5427,359831.1333,368279.01666666666,359831.13333333336
dteday,5429,359831.1333,368879.1166666666,359831.13333333336
dteday,5430,359831.1333,368279.01666666666,359831.13333333336
dteday,5431,359831.1333,368879.1166666666,359831.13333333336
dteday,5432,359831.1333,368879.1166666666,359831.13333333336
dteday,5433,361002.7038,368879.1166666666,359831.13333333336
dteday,5434,359831.1333,368879.1166666666,359831.13333333336
dteday,5435,359831.1333,368879.1166666666,359831.13333333336
dteday,5441,359831.1333,359399.18333333335,359831.13333333336
dteday,5447,359831.1333,368879.1166666666,359831.13333333336
dteday,5448,359831.1333,368879.1166666666,359831.13333333336
dteday,5452,359855.1333,368879.1166666666,359855.13333333336
dteday,5456,359855.1333,368879.1166666666,359855.13333333336
dteday,5457,359855.1333,368879.1166666666,359855.13333333336
dteday,5458,359855.1333,368879.1166666666,359855.13333333336
dteday,5459,359855.1333,368279.01666666666,359855.13333333336
dteday,5461,359855.1333,368807.0333333333,359855.13333333336
dteday,5464,359855.1333,359399.18333333335,359855.13333333336
dteday,5478,359879.1333,368879.1166666666,359879.13333333336
dteday,5479,359879.1333,368879.1166666666,359879.13333333336
dteday,5480,359879.1333,368879.1166666666,359879.13333333336
dteday,5482,359879.1333,368879.1166666666,359879.13333333336
dteday,5501,359903.1333,368879.1166666666,359903.13333333336
dteday,5509,359903.1333,359927.0833333333,359903.13333333336
dteday,5552,359951.1333,359567.11666666664,359951.13333333336
dteday,5555,359951.1333,368279.01666666666,359951.13333333336
dteday,5556,359951.1333,368279.01666666666,359951.13333333336
dteday,5559,359951.1333,359399.18333333335,359951.13333333336
dteday,5565,359951.1333,359399.18333333335,359951.13333333336
dteday,5566,359951.1333,359399.18333333335,359951.13333333336
dteday,5570,359951.1333,368279.01666666666,359951.13333333336
dteday,5572,359975.1333,368279.01666666666,359975.13333333336
dteday,5573,359975.1333,368279.01666666666,359975.13333333336
dteday,5577,359975.1333,368879.1166666666,359975.13333333336
dteday,5587,359975.1333,359927.0833333333,359975.13333333336
dteday,5590,359975.1333,359711.0833333333,359975.13333333336
dteday,5593,359975.1333,368879.1166666666,359975.13333333336
dteday,5594,359975.1333,368879.1166666666,359975.13333333336
dteday,5595,359999.1333,368879.1166666666,359999.13333333336
dteday,5596,371681.1807,368879.1166666666,359999.13333333336
dteday,5599,359999.1333,368879.1166666666,359999.13333333336
dteday,5602,359999.1333,368879.1166666666,359999.13333333336
dteday,5603,359999.1333,368879.1166666666,359999.13333333336
dteday,5631,360023.1333,368879.1166666666,360023.13333333336
dteday,5632,360023.1333,368879.1166666666,360023.13333333336
dteday,5637,360047.1333,368879.1166666666,360047.13333333336
dteday,5638,360047.1333,368879.1166666666,360047.13333333336
dteday,5642,360047.1333,368807.0333333333,360047.13333333336
dteday,5646,360047.1333,368423.0833333333,360047.13333333336
dteday,5655,360071.1333,368279.01666666666,360071.13333333336
dteday,5656,360071.1333,368279.01666666666,360071.13333333336
dteday,5657,360071.1333,368279.01666666666,360071.13333333336
dteday,5658,360071.1333,368279.01666666666,360071.13333333336
dteday,5678,360095.1333,359567.11666666664,360095.13333333336
dteday,5702,360119.1333,368279.01666666666,360119.13333333336
dteday,5703,360119.1333,368279.01666666666,360119.13333333336
dteday,5707,360119.1333,359567.11666666664,360119.13333333336
dteday,5710,360119.1333,368279.01666666666,360119.13333333336
dteday,5711,360119.1333,368279.01666666666,360119.13333333336
dteday,5724,360119.1333,368279.01666666666,360119.13333333336
dteday,5730,359399.15,368879.1166666666,359399.15
dteday,5735,367025.8385,368279.01666666666,359399.15
dteday,5753,359423.15,368879.1166666666,359423.15
dteday,5754,359423.15,368879.1166666666,359423.15
dteday,5755,359423.15,368879.1166666666,359423.15
dteday,5756,359423.15,368879.1166666666,359423.15
dteday,5757,359423.15,368879.1166666666,359423.15
dteday,5759,359423.15,368879.1166666666,359423.15
dteday,5762,359423.15,368279.01666666666,359423.15
dteday,5769,359423.15,368279.01666666666,359423.15
dteday,5775,359447.15,368279.01666666666,359447.15
dteday,5776,359447.15,368279.01666666666,359447.15
dteday,5779,359447.15,368279.01666666666,359447.15
dteday,5782,359447.15,368279.01666666666,359447.15
dteday,5783,359447.15,368279.01666666666,359447.15
dteday,5785,359447.15,368279.01666666666,359447.15
dteday,5789,359447.15,368255.01666666666,359447.15
dteday,5795,359447.15,368879.1166666666,359447.15
dteday,5796,359447.15,368879.1166666666,359447.15
dteday,5799,359471.15,368879.1166666666,359471.15
dteday,5800,359471.15,368879.1166666666,359471.15
dteday,5802,359471.15,368879.1166666666,359471.15
dteday,5803,359471.15,368879.1166666666,359471.15
dteday,5804,359471.15,368279.01666666666,359471.15
dteday,5826,359495.15,368879.1166666666,359495.15
dteday,5846,365685.8703,368879.1166666666,359519.15
dteday,5853,359519.15,368879.1166666666,359519.15
dteday,5855,359519.15,368879.1166666666,359519.15
dteday,5856,359519.15,368879.1166666666,359519.15
dteday,5857,359519.15,368879.1166666666,359519.15
dteday,5866,359519.15,359927.0833333333,359519.15
dteday,5896,359567.15,368279.01666666666,359567.15
dteday,5905,359567.15,368879.1166666666,359567.15
dteday,5917,359591.15,368879.1166666666,359591.15
dteday,5918,359591.15,368879.1166666666,359591.15
dteday,5920,359591.15,368279.01666666666,359591.15
dteday,5924,373453.1329,368567.1166666666,359591.15
dteday,5945,359615.15,368879.1166666666,359615.15
dteday,5948,359615.15,368879.1166666666,359615.15
dteday,5953,359615.15,359399.18333333335,359615.15
dteday,5954,359615.15,359399.18333333335,359615.15
dteday,5955,359615.15,359399.18333333335,359615.15
dteday,5956,359615.15,359399.18333333335,359615.15
dteday,5957,359615.15,359399.18333333335,359615.15
dteday,5960,359615.15,368279.01666666666,359615.15
dteday,5968,359639.15,368879.1166666666,359639.15
dteday,5969,359639.15,368879.1166666666,359639.15
dteday,5983,359639.15,368279.01666666666,359639.15
dteday,5985,359639.15,368279.01666666666,359639.15
dteday,5986,359639.15,368279.01666666666,359639.15
dteday,5992,359663.15,368879.1166666666,359663.15
dteday,5993,359663.15,368879.1166666666,359663.15
dteday,5994,359663.15,368879.1166666666,359663.15
dteday,5996,359663.15,368279.01666666666,359663.15
dteday,5999,359663.15,359423.06666666665,359663.15
dteday,6009,359663.15,368879.1166666666,359663.15
dteday,6010,359663.15,368879.1166666666,359663.15
dteday,6012,359687.15,368879.1166666666,359687.15
dteday,6014,359687.15,368879.1166666666,359687.15
dteday,6015,359687.15,368879.1166666666,359687.15
dteday,6018,359687.15,368879.1166666666,359687.15
dteday,6020,359687.15,368279.01666666666,359687.15
dteday,6021,359687.15,368279.01666666666,359687.15
dteday,6024,359687.15,359423.06666666665,359687.15
dteday,6030,359687.15,368279.01666666666,359687.15
dteday,6031,359687.15,359711.0833333333,359687.15
dteday,6036,359711.15,368879.1166666666,359711.15
dteday,6037,359711.15,368879.1166666666,359711.15
dteday,6038,375767.8548,368879.1166666666,359711.15
dteday,6042,359711.15,368879.1166666666,359711.15
dteday,6043,359711.15,368879.1166666666,359711.15
dteday,6048,359711.15,359399.18333333335,359711.15
dteday,6058,359711.15,368279.01666666666,359711.15
dteday,6060,359735.15,368279.01666666666,359735.15
dteday,6062,359735.15,368879.1166666666,359735.15
dteday,6065,359735.15,368879.1166666666,359735.15
dteday,6069,359735.15,359927.0833333333,359735.15
dteday,6071,359735.15,368279.01666666666,359735.15
dteday,6074,359735.15,368279.01666666666,359735.15
dteday,6092,359759.15,359399.18333333335,359759.15
dteday,6102,359759.15,359399.18333333335,359759.15
dteday,6105,358053.0197,359399.18333333335,359759.15
dteday,6159,359831.15,368879.1166666666,359831.15
dteday,6182,359855.15,368279.01666666666,359855.15
dteday,6195,359855.15,368879.1166666666,359855.15
dteday,6196,359855.15,368879.1166666666,359855.15
dteday,6203,359879.15,359567.11666666664,359879.15
dteday,6214,359879.15,368879.1166666666,359879.15
dteday,6221,359879.15,368879.1166666666,359879.15
dteday,6239,359903.15,368879.1166666666,359903.15
dteday,6240,359903.15,368879.1166666666,359903.15
dteday,6241,359903.15,368879.1166666666,359903.15
dteday,6245,359903.15,368879.1166666666,359903.15
dteday,6254,359927.15,368879.1166666666,359927.15
dteday,6279,359951.15,368879.1166666666,359951.15
dteday,6283,359951.15,359927.0833333333,359951.15
dteday,6286,359951.15,368879.1166666666,359951.15
dteday,6287,359951.15,368879.1166666666,359951.15
dteday,6295,359951.15,368879.1166666666,359951.15
dteday,6296,359951.15,368879.1166666666,359951.15
dteday,6302,359975.15,360095.01666666666,359975.15
dteday,6303,359975.15,368879.1166666666,359975.15
dteday,6304,359975.15,368279.01666666666,359975.15
dteday,6308,380283.0563,368879.1166666666,359975.15
dteday,6309,359975.15,368879.1166666666,359975.15
dteday,6318,359975.15,368879.1166666666,359975.15
dteday,6319,359975.15,368879.1166666666,359975.15
dteday,6325,359999.15,368879.1166666666,359999.15
dteday,6341,359999.15,368879.1166666666,359999.15
dteday,6351,360023.15,368879.1166666666,360023.15
dteday,6362,365015.0267,368879.1166666666,360023.15
dteday,6363,360023.15,368879.1166666666,360023.15
dteday,6364,360023.15,360047.06666666665,360023.15
dteday,6368,360023.15,368879.1166666666,360023.15
dteday,6369,360023.15,359927.0833333333,360023.15
dteday,6374,360047.15,368279.01666666666,360047.15
dteday,6382,360047.15,368879.1166666666,360047.15
dteday,6383,360047.15,359423.06666666665,360047.15
dteday,6389,360047.15,368879.1166666666,360047.15
dteday,6390,360047.15,368879.1166666666,360047.15
dteday,6391,360047.15,368879.1166666666,360047.15
dteday,6398,360071.15,368879.1166666666,360071.15
dteday,6409,360071.15,359399.18333333335,360071.15
dteday,6419,360095.15,368879.1166666666,360095.15
dteday,6421,360095.15,368879.1166666666,360095.15
dteday,6422,360095.15,368279.01666666666,360095.15
dteday,6423,360095.15,368879.1166666666,360095.15
dteday,6424,360095.15,368879.1166666666,360095.15
dteday,6425,360095.15,368879.1166666666,360095.15
dteday,6426,360095.15,368879.1166666666,360095.15
dteday,6440,360095.15,359399.18333333335,360095.15
dteday,6441,360095.15,359399.18333333335,360095.15
dteday,6442,360095.15,359399.18333333335,360095.15
dteday,6447,378818.4152,368879.1166666666,359399.1666666667
dteday,6453,359399.1667,359927.0833333333,359399.1666666667
dteday,6456,359399.1667,368327.0333333333,359399.1666666667
dteday,6461,359399.1667,368327.0333333333,359399.1666666667
dteday,6464,359399.1667,368327.0333333333,359399.1666666667
dteday,6468,359423.1667,368327.0333333333,359423.1666666667
dteday,6469,359423.1667,368327.0333333333,359423.1666666667
dteday,6470,359423.1667,368327.0333333333,359423.1666666667
dteday,6471,359423.1667,368327.0333333333,359423.1666666667
dteday,6472,359423.1667,368327.0333333333,359423.1666666667
dteday,6483,359423.1667,368327.0333333333,359423.1666666667
dteday,6484,359423.1667,359399.18333333335,359423.1666666667
dteday,6491,359447.1667,368327.0333333333,359447.1666666667
dteday,6495,359447.1667,368879.1166666666,359447.1666666667
dteday,6515,359471.1667,359567.11666666664,359471.1666666667
dteday,6516,359471.1667,368327.0333333333,359471.1666666667
dteday,6517,359471.1667,368279.01666666666,359471.1666666667
dteday,6520,359471.1667,359567.11666666664,359471.1666666667
dteday,6541,359495.1667,368279.01666666666,359495.1666666667
dteday,6590,359543.1667,368327.0333333333,359543.1666666667
dteday,6591,359543.1667,368327.0333333333,359543.1666666667
dteday,6592,359543.1667,359567.11666666664,359543.1666666667
dteday,6616,340319.7836,368879.1166666666,359567.1666666667
dteday,6656,359591.1667,368879.1166666666,359591.1666666667
dteday,6667,359615.1667,368879.1166666666,359615.1666666667
dteday,6670,359615.1667,368279.01666666666,359615.1666666667
dteday,6686,359639.1667,368279.01666666666,359639.1666666667
dteday,6689,359639.1667,368879.1166666666,359639.1666666667
dteday,6691,359639.1667,368879.1166666666,359639.1666666667
dteday,6692,359639.1667,368279.01666666666,359639.1666666667
dteday,6693,359639.1667,368279.01666666666,359639.1666666667
dteday,6702,359639.1667,368879.1166666666,359639.1666666667
dteday,6703,353310.9307,368879.1166666666,359639.1666666667
dteday,6705,359639.1667,368879.1166666666,359639.1666666667
dteday,6706,359639.1667,368879.1166666666,359639.1666666667
dteday,6707,359663.1667,368879.1166666666,359663.1666666667
dteday,6708,359663.1667,368879.1166666666,359663.1666666667
dteday,6709,359663.1667,368879.1166666666,359663.1666666667
dteday,6742,359687.1667,368879.1166666666,359687.1666666667
dteday,6744,359687.1667,368879.1166666666,359687.1666666667
dteday,6750,359687.1667,368879.1166666666,359687.1666666667
dteday,6751,359687.1667,368879.1166666666,359687.1666666667
dteday,6752,359687.1667,368879.1166666666,359687.1666666667
dteday,6753,359687.1667,368879.1166666666,359687.1666666667
dteday,6759,359711.1667,368879.1166666666,359711.1666666667
dteday,6765,359711.1667,368327.0333333333,359711.1666666667
dteday,6779,359735.1667,359399.18333333335,359735.1666666667
dteday,6780,359735.1667,359399.18333333335,359735.1666666667
dteday,6787,333022.099,368327.0333333333,359735.1666666667
dteday,6801,359735.1667,368423.0833333333,359735.1666666667
dteday,6833,359783.1667,359399.18333333335,359783.1666666667
dteday,6834,354323.2889,359399.18333333335,359783.1666666667
dteday,6878,359831.1667,368279.01666666666,359831.1666666667
dteday,6879,359831.1667,368279.01666666666,359831.1666666667
dteday,6880,359831.1667,368879.1166666666,359831.1666666667
dteday,6902,359855.1667,368879.1166666666,359855.1666666667
dteday,6909,359855.1667,359399.18333333335,359855.1666666667
dteday,6942,359879.1667,359423.06666666665,359879.1666666667
dteday,6950,359903.1667,368879.1166666666,359903.1666666667
dteday,6951,359903.1667,368879.1166666666,359903.1666666667
dteday,6958,359903.1667,359399.18333333335,359903.1666666667
dteday,6963,359903.1667,359399.18333333335,359903.1666666667
dteday,6970,359927.1667,368327.0333333333,359927.1666666667
dteday,6971,359927.1667,368327.0333333333,359927.1666666667
dteday,6972,359927.1667,368327.0333333333,359927.1666666667
dteday,6973,359927.1667,368327.0333333333,359927.1666666667
dteday,6974,359927.1667,368327.0333333333,359927.1666666667
dteday,6975,359927.1667,368279.01666666666,359927.1666666667
dteday,6976,359927.1667,368327.0333333333,359927.1666666667
dteday,6977,359927.1667,368327.0333333333,359927.1666666667
dteday,6978,359927.1667,368327.0333333333,359927.1666666667
dteday,6983,359927.1667,359399.18333333335,359927.1666666667
dteday,6984,359927.1667,359399.18333333335,359927.1666666667
dteday,6986,359927.1667,359399.18333333335,359927.1666666667
dteday,6996,359951.1667,368327.0333333333,359951.1666666667
dteday,6999,359951.1667,368327.0333333333,359951.1666666667
dteday,7000,359951.1667,368327.0333333333,359951.1666666667
dteday,7015,359951.1667,368327.0333333333,359951.1666666667
dteday,7016,359951.1667,368255.01666666666,359951.1666666667
dteday,7017,359951.1667,360095.01666666666,359951.1666666667
dteday,7021,359975.1667,368327.0333333333,359975.1666666667
dteday,7022,359975.1667,368327.0333333333,359975.1666666667
dteday,7023,359975.1667,368327.0333333333,359975.1666666667
dteday,7027,359975.1667,359399.18333333335,359975.1666666667
dteday,7044,359999.1667,368279.01666666666,359999.1666666667
dteday,7045,359999.1667,368279.01666666666,359999.1666666667
dteday,7068,360023.1667,368879.1166666666,360023.1666666667
dteday,7080,360023.1667,368879.1166666666,360023.1666666667
dteday,7081,360023.1667,368879.1166666666,360023.1666666667
dteday,7093,360047.1667,368879.1166666666,360047.1666666667
dteday,7112,360047.1667,368255.01666666666,360047.1666666667
dteday,7114,360071.1667,368327.0333333333,360071.1666666667
dteday,7115,360071.1667,368327.0333333333,360071.1666666667
dteday,7116,360071.1667,368327.0333333333,360071.1666666667
dteday,7117,360071.1667,368879.1166666666,360071.1666666667
dteday,7120,360071.1667,368327.0333333333,360071.1666666667
dteday,7121,360071.1667,368327.0333333333,360071.1666666667
dteday,7122,360071.1667,368327.0333333333,360071.1666666667
dteday,7123,360071.1667,368327.0333333333,360071.1666666667
dteday,7125,360071.1667,359567.11666666664,360071.1666666667
dteday,7126,360071.1667,368327.0333333333,360071.1666666667
dteday,7127,360071.1667,368327.0333333333,360071.1666666667
dteday,7128,360071.1667,368327.0333333333,360071.1666666667
dteday,7133,360071.1667,368327.0333333333,360071.1666666667
dteday,7134,360071.1667,368327.0333333333,360071.1666666667
dteday,7135,360071.1667,368327.0333333333,360071.1666666667
dteday,7136,360071.1667,368327.0333333333,360071.1666666667
dteday,7137,360071.1667,368327.0333333333,360071.1666666667
dteday,7138,360095.1667,368327.0333333333,360095.1666666667
dteday,7139,360095.1667,368327.0333333333,360095.1666666667
dteday,7140,360095.1667,368327.0333333333,360095.1666666667
dteday,7141,360095.1667,368255.01666666666,360095.1666666667
dteday,7143,360095.1667,368255.01666666666,360095.1666666667
dteday,7144,360095.1667,368255.01666666666,360095.1666666667
dteday,7145,360095.1667,368255.01666666666,360095.1666666667
dteday,7160,360095.1667,368255.01666666666,360095.1666666667
dteday,7161,360095.1667,368327.0333333333,360095.1666666667
dteday,7162,360119.1667,368327.0333333333,360119.1666666667
dteday,7164,360119.1667,368279.01666666666,360119.1666666667
dteday,7165,360119.1667,368279.01666666666,360119.1666666667
dteday,7166,360119.1667,368327.0333333333,360119.1666666667
dteday,7168,360119.1667,368327.0333333333,360119.1666666667
dteday,7170,360119.1667,368327.0333333333,360119.1666666667
dteday,7178,360119.1667,359711.0833333333,360119.1666666667
dteday,7190,359399.1833,368879.1166666666,359399.18333333335
dteday,7210,359423.1833,368327.0333333333,359423.18333333335
dteday,7211,359423.1833,368327.0333333333,359423.18333333335
dteday,7212,359423.1833,368327.0333333333,359423.18333333335
dteday,7213,391313.6373,368255.01666666666,359423.18333333335
dteday,7214,359423.1833,368327.0333333333,359423.18333333335
dteday,7215,359423.1833,359567.11666666664,359423.18333333335
dteday,7218,346386.88,368327.0333333333,359423.18333333335
dteday,7219,359423.1833,368327.0333333333,359423.18333333335
dteday,7222,359423.1833,359399.18333333335,359423.18333333335
dteday,7251,359447.1833,359399.18333333335,359447.18333333335
dteday,7261,359471.1833,368879.1166666666,359471.18333333335
dteday,7262,359471.1833,368327.0333333333,359471.18333333335
dteday,7263,359471.1833,368327.0333333333,359471.18333333335
dteday,7264,359471.1833,368327.0333333333,359471.18333333335
dteday,7266,359471.1833,368327.0333333333,359471.18333333335
dteday,7270,359471.1833,359399.18333333335,359471.18333333335
dteday,7274,359471.1833,368423.0833333333,359471.18333333335
dteday,7285,359495.1833,368879.1166666666,359495.18333333335
dteday,7286,359495.1833,368879.1166666666,359495.18333333335
dteday,7306,359519.1833,368255.01666666666,359519.18333333335
dteday,7309,359519.1833,368327.0333333333,359519.18333333335
dteday,7310,359519.1833,368327.0333333333,359519.18333333335
dteday,7311,359519.1833,368327.0333333333,359519.18333333335
dteday,7313,359519.1833,368327.0333333333,359519.18333333335
dteday,7314,359519.1833,368327.0333333333,359519.18333333335
dteday,7315,359519.1833,368255.01666666666,359519.18333333335
dteday,7320,359519.1833,359399.18333333335,359519.18333333335
dteday,7321,360921.2376,368807.0333333333,359519.18333333335
dteday,7322,359519.1833,359399.18333333335,359519.18333333335
dteday,7328,359519.1833,368327.0333333333,359519.18333333335
dteday,7329,359519.1833,368327.0333333333,359519.18333333335
dteday,7330,359543.1833,368327.0333333333,359543.18333333335
dteday,7331,359543.1833,368879.1166666666,359543.18333333335
dteday,7333,359543.1833,368279.01666666666,359543.18333333335
dteday,7353,402736.7591,368327.0333333333,359543.18333333335
dteday,7354,359567.1833,368327.0333333333,359567.18333333335
dteday,7356,359567.1833,368327.0333333333,359567.18333333335
dteday,7357,359567.1833,368279.01666666666,359567.18333333335
dteday,7358,359567.1833,368327.0333333333,359567.18333333335
dteday,7359,368429.853,368327.0333333333,359567.18333333335
dteday,7360,359567.1833,368327.0333333333,359567.18333333335
dteday,7361,359567.1833,368327.0333333333,359567.18333333335
dteday,7363,359567.1833,368327.0333333333,359567.18333333335
dteday,7372,359567.1833,359399.18333333335,359567.18333333335
dteday,7376,359567.1833,368327.0333333333,359567.18333333335
dteday,7378,359591.1833,368327.0333333333,359591.18333333335
dteday,7379,359591.1833,368327.0333333333,359591.18333333335
dteday,7382,359591.1833,368327.0333333333,359591.18333333335
dteday,7383,359591.1833,368327.0333333333,359591.18333333335
dteday,7384,359591.1833,368327.0333333333,359591.18333333335
dteday,7385,359591.1833,368327.0333333333,359591.18333333335
dteday,7391,359591.1833,359399.18333333335,359591.18333333335
dteday,7399,359591.1833,368327.0333333333,359591.18333333335
dteday,7400,359591.1833,368327.0333333333,359591.18333333335
dteday,7401,359591.1833,368327.0333333333,359591.18333333335
dteday,7402,359615.1833,368327.0333333333,359615.18333333335
dteday,7403,359615.1833,368327.0333333333,359615.18333333335
dteday,7406,359615.1833,368279.01666666666,359615.18333333335
dteday,7409,359615.1833,359711.0833333333,359615.18333333335
dteday,7414,359615.1833,359399.18333333335,359615.18333333335
dteday,7416,359615.1833,368327.0333333333,359615.18333333335
dteday,7430,359639.1833,368879.1166666666,359639.18333333335
dteday,7433,359639.1833,359927.0833333333,359639.18333333335
dteday,7455,359663.1833,368255.01666666666,359663.18333333335
dteday,7456,359663.1833,368255.01666666666,359663.18333333335
dteday,7457,359663.1833,359567.11666666664,359663.18333333335
dteday,7463,359663.1833,368423.0833333333,359663.18333333335
dteday,7464,359663.1833,368423.0833333333,359663.18333333335
dteday,7495,359687.1833,368423.0833333333,359687.18333333335
dteday,7573,359783.1833,368279.01666666666,359783.18333333335
dteday,7582,359320.2515,359927.0833333333,359783.18333333335
dteday,7605,359807.1833,368423.0833333333,359807.18333333335
dteday,7612,359807.1833,368423.0833333333,359807.18333333335
dteday,7617,359807.1833,360095.01666666666,359807.18333333335
dteday,7622,359831.1833,368879.1166666666,359831.18333333335
dteday,7658,359855.1833,368807.0333333333,359855.18333333335
dteday,7668,359879.1833,368279.01666666666,359879.18333333335
dteday,7676,359879.1833,368879.1166666666,359879.18333333335
dteday,7686,379195.4846,368327.0333333333,359879.18333333335
dteday,7687,359879.1833,368327.0333333333,359879.18333333335
dteday,7688,359879.1833,368327.0333333333,359879.18333333335
dteday,7689,359879.1833,368327.0333333333,359879.18333333335
dteday,7693,359903.1833,368279.01666666666,359903.18333333335
dteday,7697,359903.1833,359927.0833333333,359903.18333333335
dteday,7715,359927.1833,368879.1166666666,359927.18333333335
dteday,7717,359927.1833,368279.01666666666,359927.18333333335
dteday,7723,359927.1833,359399.18333333335,359927.18333333335
dteday,7726,359927.1833,359399.18333333335,359927.18333333335
dteday,7745,359951.1833,368255.01666666666,359951.18333333335
dteday,7750,359951.1833,368423.0833333333,359951.18333333335
dteday,7765,359975.1833,368255.01666666666,359975.18333333335
dteday,7766,359975.1833,368255.01666666666,359975.18333333335
dteday,7767,359975.1833,368255.01666666666,359975.18333333335
dteday,7774,359975.1833,359711.0833333333,359975.18333333335
dteday,7776,359975.1833,359711.0833333333,359975.18333333335
dteday,7777,359975.1833,368423.0833333333,359975.18333333335
dteday,7779,359975.1833,359423.06666666665,359975.18333333335
dteday,7791,359999.1833,368279.01666666666,359999.18333333335
dteday,7792,359999.1833,368255.01666666666,359999.18333333335
dteday,7793,359999.1833,368327.0333333333,359999.18333333335
dteday,7803,359999.1833,359423.06666666665,359999.18333333335
dteday,7813,360023.1833,368327.0333333333,360023.18333333335
dteday,7814,360023.1833,368327.0333333333,360023.18333333335
dteday,7815,360023.1833,368327.0333333333,360023.18333333335
dteday,7817,360023.1833,368327.0333333333,360023.18333333335
dteday,7838,360047.1833,368327.0333333333,360047.18333333335
dteday,7856,360047.1833,368879.1166666666,360047.18333333335
dteday,7857,360071.1833,368879.1166666666,360071.18333333335
dteday,7858,360071.1833,368879.1166666666,360071.18333333335
dteday,7861,360071.1833,368879.1166666666,360071.18333333335
dteday,7863,360071.1833,368879.1166666666,360071.18333333335
dteday,7872,360071.1833,368327.0333333333,360071.18333333335
dteday,7873,360071.1833,368327.0333333333,360071.18333333335
dteday,7874,360071.1833,368327.0333333333,360071.18333333335
dteday,7877,360071.1833,359423.06666666665,360071.18333333335
dteday,7878,370105.0914,368327.0333333333,360071.18333333335
dteday,7882,360095.1833,368879.1166666666,360095.18333333335
dteday,7885,360095.1833,368255.01666666666,360095.18333333335
dteday,7887,360095.1833,368327.0333333333,360095.18333333335
dteday,7890,360095.1833,368255.01666666666,360095.18333333335
dteday,7930,359423.2,368255.01666666666,359423.2
dteday,7931,359423.2,368255.01666666666,359423.2
dteday,7933,359423.2,368279.01666666666,359423.2
dteday,7936,359423.2,368327.0333333333,359423.2
dteday,7937,359423.2,368327.0333333333,359423.2
dteday,7939,359423.2,368255.01666666666,359423.2
dteday,7957,314207.8815,368879.1166666666,359447.2
dteday,7960,359447.2,368255.01666666666,359447.2
dteday,7961,359447.2,368255.01666666666,359447.2
dteday,7978,359471.2,368255.01666666666,359471.2
dteday,7980,359471.2,368255.01666666666,359471.2
dteday,7981,359471.2,368327.0333333333,359471.2
dteday,7984,359471.2,368327.0333333333,359471.2
dteday,7985,359471.2,368327.0333333333,359471.2
dteday,7999,359471.2,368327.0333333333,359471.2
dteday,8000,359471.2,368327.0333333333,359471.2
dteday,8002,359495.2,368327.0333333333,359495.2
dteday,8003,359495.2,368879.1166666666,359495.2
dteday,8004,359495.2,368327.0333333333,359495.2
dteday,8005,359495.2,368327.0333333333,359495.2
dteday,8006,359495.2,368327.0333333333,359495.2
dteday,8010,359495.2,368327.0333333333,359495.2
dteday,8011,359495.2,368327.0333333333,359495.2
dteday,8012,359495.2,368327.0333333333,359495.2
dteday,8027,359519.2,368279.01666666666,359519.2
dteday,8028,359519.2,368279.01666666666,359519.2
dteday,8052,359543.2,368279.01666666666,359543.2
dteday,8054,359543.2,368279.01666666666,359543.2
dteday,8068,359543.2,368327.0333333333,359543.2
dteday,8069,359543.2,368327.0333333333,359543.2
dteday,8070,359543.2,368327.0333333333,359543.2
dteday,8073,359567.2,368327.0333333333,359567.2
dteday,8079,359567.2,359399.18333333335,359567.2
dteday,8081,359567.2,359399.18333333335,359567.2
dteday,8104,359591.2,368255.01666666666,359591.2
dteday,8118,359591.2,368255.01666666666,359591.2
dteday,8119,359591.2,368327.0333333333,359591.2
dteday,8125,359615.2,368279.01666666666,359615.2
dteday,8138,379725.2431,368423.0833333333,359615.2
dteday,8147,359639.2,359399.18333333335,359639.2
dteday,8152,359639.2,359399.18333333335,359639.2
dteday,8153,359639.2,368279.01666666666,359639.2
dteday,8157,359639.2,368567.1166666666,359639.2
dteday,8164,359639.2,359399.18333333335,359639.2
dteday,8165,359639.2,359399.18333333335,359639.2
dteday,8166,359639.2,359399.18333333335,359639.2
dteday,8167,359639.2,359399.18333333335,359639.2
dteday,8168,359639.2,368279.01666666666,359639.2
dteday,8169,359663.2,368279.01666666666,359663.2
dteday,8170,359663.2,368279.01666666666,359663.2
dteday,8171,359663.2,368279.01666666666,359663.2
dteday,8173,359663.2,368279.01666666666,359663.2
dteday,8179,359663.2,368279.01666666666,359663.2
dteday,8190,359663.2,359927.0833333333,359663.2
dteday,8192,359663.2,368255.01666666666,359663.2
dteday,8196,359687.2,368279.01666666666,359687.2
dteday,8201,359687.2,368279.01666666666,359687.2
dteday,8205,359687.2,359399.18333333335,359687.2
dteday,8216,359687.2,360095.01666666666,359687.2
dteday,8218,359711.2,368879.1166666666,359711.2
dteday,8219,359711.2,368255.01666666666,359711.2
dteday,8220,359711.2,368279.01666666666,359711.2
dteday,8221,359711.2,368255.01666666666,359711.2
dteday,8223,359711.2,368327.0333333333,359711.2
dteday,8224,359711.2,368255.01666666666,359711.2
dteday,8225,359711.2,368327.0333333333,359711.2
dteday,8232,359711.2,359399.18333333335,359711.2
dteday,8244,359735.2,368279.01666666666,359735.2
dteday,8254,344109.5973,359399.18333333335,359735.2
dteday,8256,359735.2,359399.18333333335,359735.2
dteday,8297,359783.2,360095.01666666666,359783.2
dteday,8309,359783.2,368279.01666666666,359783.2
dteday,8310,359783.2,368255.01666666666,359783.2
dteday,8311,359783.2,368255.01666666666,359783.2
dteday,8312,359783.2,368255.01666666666,359783.2
dteday,8313,359807.2,368255.01666666666,359807.2
dteday,8314,359807.2,368279.01666666666,359807.2
dteday,8315,359807.2,359399.18333333335,359807.2
dteday,8316,359807.2,359399.18333333335,359807.2
dteday,8317,359807.2,359399.18333333335,359807.2
dteday,8319,359807.2,368279.01666666666,359807.2
dteday,8321,327910.5742,368279.01666666666,359807.2
dteday,8335,359807.2,368255.01666666666,359807.2
dteday,8336,359807.2,368255.01666666666,359807.2
dteday,8337,359831.2,368255.01666666666,359831.2
dteday,8339,359831.2,368279.01666666666,359831.2
dteday,8340,359831.2,368279.01666666666,359831.2
dteday,8345,359831.2,368255.01666666666,359831.2
dteday,8346,340297.5631,368279.01666666666,359831.2
dteday,8391,359879.2,368327.0333333333,359879.2
dteday,8392,359879.2,368327.0333333333,359879.2
dteday,8394,359879.2,368327.0333333333,359879.2
dteday,8405,359879.2,359399.18333333335,359879.2
dteday,8409,359903.2,359567.11666666664,359903.2
dteday,8413,359903.2,368279.01666666666,359903.2
dteday,8415,359903.2,368327.0333333333,359903.2
dteday,8417,359903.2,368327.0333333333,359903.2
dteday,8418,359903.2,368327.0333333333,359903.2
dteday,8421,359903.2,359399.18333333335,359903.2
dteday,8427,359903.2,368567.1166666666,359903.2
dteday,8432,359903.2,368327.0333333333,359903.2
dteday,8433,359927.2,368327.0333333333,359927.2
dteday,8434,359927.2,368327.0333333333,359927.2
dteday,8438,359927.2,368879.1166666666,359927.2
dteday,8461,359951.2,368279.01666666666,359951.2
dteday,8463,359951.2,368255.01666666666,359951.2
dteday,8465,359951.2,359567.11666666664,359951.2
dteday,8470,359951.2,359927.0833333333,359951.2
dteday,8482,359975.2,368279.01666666666,359975.2
dteday,8483,353661.7319,368255.01666666666,359975.2
dteday,8485,359975.2,368255.01666666666,359975.2
dteday,8486,359975.2,368255.01666666666,359975.2
dteday,8489,359975.2,368327.0333333333,359975.2
dteday,8492,359975.2,368255.01666666666,359975.2
dteday,8504,359999.2,368255.01666666666,359999.2
dteday,8525,359999.2,359567.11666666664,359999.2
dteday,8530,360023.2,368279.01666666666,360023.2
dteday,8531,360023.2,368279.01666666666,360023.2
dteday,8532,360023.2,368879.1166666666,360023.2
dteday,8544,360023.2,368327.0333333333,360023.2
dteday,8545,360023.2,368327.0333333333,360023.2
dteday,8546,360023.2,368327.0333333333,360023.2
dteday,8548,360023.2,368327.0333333333,360023.2
dteday,8549,360023.2,368327.0333333333,360023.2
dteday,8551,360047.2,368327.0333333333,360047.2
dteday,8565,360047.2,368423.0833333333,360047.2
dteday,8566,360047.2,359399.18333333335,360047.2
dteday,8576,360071.2,368279.01666666666,360071.2
dteday,8577,360071.2,359399.18333333335,360071.2
dteday,8578,360071.2,368279.01666666666,360071.2
dteday,8579,360071.2,359399.18333333335,360071.2
dteday,8603,360095.2,368255.01666666666,360095.2
dteday,8605,360095.2,368255.01666666666,360095.2
dteday,8606,360095.2,368255.01666666666,360095.2
dteday,8607,360095.2,368255.01666666666,360095.2
dteday,8650,388400.2683,368879.1166666666,368159.01666666666
dteday,8668,368159.0167,359399.18333333335,368159.01666666666
dteday,8681,368183.0167,368423.0833333333,368183.01666666666
dteday,8682,368183.0167,368423.0833333333,368183.01666666666
dteday,8683,368183.0167,368423.0833333333,368183.01666666666
dteday,8694,368207.0167,359399.18333333335,368207.01666666666
dteday,8695,368207.0167,368279.01666666666,368207.01666666666
dteday,8696,368207.0167,359399.18333333335,368207.01666666666
dteday,8697,368207.0167,359399.18333333335,368207.01666666666
dteday,8701,368207.0167,359399.18333333335,368207.01666666666
dteday,8718,368231.0167,368279.01666666666,368231.01666666666
dteday,8723,368231.0167,360095.01666666666,368231.01666666666
dteday,8736,368231.0167,359423.06666666665,368231.01666666666
dteday,8748,360750.1176,368279.01666666666,368255.01666666666
dteday,8766,368279.0167,368879.1166666666,368279.01666666666
dteday,8784,368279.0167,359711.0833333333,368279.01666666666
dteday,8794,368303.0167,368255.01666666666,368303.01666666666
dteday,8795,368303.0167,368255.01666666666,368303.01666666666
dteday,8796,368303.0167,368327.0333333333,368303.01666666666
dteday,8797,368303.0167,368255.01666666666,368303.01666666666
dteday,8799,368303.0167,368255.01666666666,368303.01666666666
dteday,8822,368327.0167,368327.0333333333,368327.01666666666
dteday,8840,368351.0167,368279.01666666666,368351.01666666666
dteday,8851,368351.0167,368255.01666666666,368351.01666666666
dteday,8852,368351.0167,368255.01666666666,368351.01666666666
dteday,8853,368351.0167,368327.0333333333,368351.01666666666
dteday,8854,368351.0167,368327.0333333333,368351.01666666666
dteday,8860,368351.0167,368327.0333333333,368351.01666666666
dteday,8861,368375.0167,368327.0333333333,368375.01666666666
dteday,8863,368375.0167,368327.0333333333,368375.01666666666
dteday,8894,368399.0167,368327.0333333333,368399.01666666666
dteday,8895,368399.0167,368327.0333333333,368399.01666666666
dteday,8899,368399.0167,368327.0333333333,368399.01666666666
dteday,8900,368399.0167,368327.0333333333,368399.01666666666
dteday,8901,368399.0167,368327.0333333333,368399.01666666666
dteday,8902,368399.0167,368327.0333333333,368399.01666666666
dteday,8905,368399.0167,368327.0333333333,368399.01666666666
dteday,8906,368399.0167,368327.0333333333,368399.01666666666
dteday,8907,368399.0167,368327.0333333333,368399.01666666666
dteday,8908,368423.0167,368279.01666666666,368423.01666666666
dteday,8909,368423.0167,368279.01666666666,368423.01666666666
dteday,8911,368423.0167,368279.01666666666,368423.01666666666
dteday,8915,368423.0167,368327.0333333333,368423.01666666666
dteday,8935,368447.0167,368327.0333333333,368447.01666666666
dteday,8936,368447.0167,368279.01666666666,368447.01666666666
dteday,8938,368447.0167,368255.01666666666,368447.01666666666
dteday,8960,368471.0167,368279.01666666666,368471.01666666666
dteday,8980,368495.0167,360095.01666666666,368495.01666666666
dteday,8986,368495.0167,368879.1166666666,368495.01666666666
dteday,9007,368519.0167,368279.01666666666,368519.01666666666
dteday,9008,368519.0167,368879.1166666666,368519.01666666666
dteday,9016,368519.0167,359399.18333333335,368519.01666666666
dteday,9030,368543.0167,368255.01666666666,368543.01666666666
dteday,9033,368543.0167,368255.01666666666,368543.01666666666
dteday,9037,368543.0167,368327.0333333333,368543.01666666666
dteday,9038,368543.0167,368327.0333333333,368543.01666666666
dteday,9039,368543.0167,368327.0333333333,368543.01666666666
dteday,9057,368567.0167,368423.0833333333,368567.01666666666
dteday,9077,368591.0167,368279.01666666666,368591.01666666666
dteday,9086,368591.0167,359399.18333333335,368591.01666666666
dteday,9096,368591.0167,359927.0833333333,368591.01666666666
dteday,9099,368615.0167,359567.11666666664,368615.01666666666
dteday,9103,368615.0167,368279.01666666666,368615.01666666666
dteday,9141,368639.0167,368255.01666666666,368639.01666666666
dteday,9145,368639.0167,360095.01666666666,368639.01666666666
dteday,9150,368663.0167,368279.01666666666,368663.01666666666
dteday,9152,368663.0167,368279.01666666666,368663.01666666666
dteday,9165,368215.0064,359927.0833333333,368663.01666666666
dteday,9179,368687.0167,359711.0833333333,368687.01666666666
dteday,9197,368711.0167,368879.1166666666,368711.01666666666
dteday,9198,368711.0167,368279.01666666666,368711.01666666666
dteday,9204,368711.0167,368327.0333333333,368711.01666666666
dteday,9206,368711.0167,368327.0333333333,368711.01666666666
dteday,9207,368711.0167,368327.0333333333,368711.01666666666
dteday,9208,368711.0167,368327.0333333333,368711.01666666666
dteday,9217,368711.0167,368327.0333333333,368711.01666666666
dteday,9222,368735.0167,368255.01666666666,368735.01666666666
dteday,9226,368735.0167,368255.01666666666,368735.01666666666
dteday,9243,368759.0167,368255.01666666666,368759.01666666666
dteday,9244,368759.0167,368255.01666666666,368759.01666666666
dteday,9245,368759.0167,368255.01666666666,368759.01666666666
dteday,9246,368759.0167,368255.01666666666,368759.01666666666
dteday,9247,368759.0167,368279.01666666666,368759.01666666666
dteday,9248,368759.0167,368255.01666666666,368759.01666666666
dteday,9251,368759.0167,360047.06666666665,368759.01666666666
dteday,9254,368759.0167,368327.0333333333,368759.01666666666
dteday,9268,368783.0167,368327.0333333333,368783.01666666666
dteday,9270,368783.0167,368879.1166666666,368783.01666666666
dteday,9281,368783.0167,359399.18333333335,368783.01666666666
dteday,9295,367350.4201,368879.1166666666,368807.01666666666
dteday,9296,368807.0167,368255.01666666666,368807.01666666666
dteday,9298,368807.0167,368255.01666666666,368807.01666666666
dteday,9327,368831.0167,368567.1166666666,368831.01666666666
dteday,9358,368855.0167,368807.0333333333,368855.01666666666
dteday,9364,368879.0167,368879.1166666666,368879.01666666666
dteday,9376,368879.0167,368423.0833333333,368879.01666666666
dteday,9390,368159.0333,368279.01666666666,368159.0333333333
dteday,9409,368159.0333,359399.18333333335,368159.0333333333
dteday,9412,368183.0333,359399.18333333335,368183.0333333333
dteday,9419,368183.0333,368327.0333333333,368183.0333333333
dteday,9420,368183.0333,368327.0333333333,368183.0333333333
dteday,9427,368183.0333,359399.18333333335,368183.0333333333
dteday,9462,368231.0333,368255.01666666666,368231.0333333333
dteday,9465,368231.0333,368327.0333333333,368231.0333333333
dteday,9466,368231.0333,368327.0333333333,368231.0333333333
dteday,9467,368231.0333,368327.0333333333,368231.0333333333
dteday,9469,368231.0333,368327.0333333333,368231.0333333333
dteday,9477,368231.0333,368255.01666666666,368231.0333333333
dteday,9478,368231.0333,368327.0333333333,368231.0333333333
dteday,9481,368231.0333,368327.0333333333,368231.0333333333
dteday,9482,368231.0333,368327.0333333333,368231.0333333333
dteday,9483,368255.0333,368327.0333333333,368255.0333333333
dteday,9486,368255.0333,368327.0333333333,368255.0333333333
dteday,9487,368255.0333,368327.0333333333,368255.0333333333
dteday,9490,368255.0333,368255.01666666666,368255.0333333333
dteday,9491,368255.0333,368255.01666666666,368255.0333333333
dteday,9498,368255.0333,359711.0833333333,368255.0333333333
dteday,9500,368255.0333,368807.0333333333,368255.0333333333
dteday,9508,368279.0333,368255.01666666666,368279.0333333333
dteday,9509,368279.0333,368279.01666666666,368279.0333333333
dteday,9516,368279.0333,368255.01666666666,368279.0333333333
dteday,9534,368303.0333,368279.01666666666,368303.0333333333
dteday,9543,368303.0333,359423.06666666665,368303.0333333333
dteday,9572,368141.5933,359399.18333333335,368327.0333333333
dteday,9578,368351.0333,368327.0333333333,368351.0333333333
dteday,9579,368351.0333,368327.0333333333,368351.0333333333
dteday,9582,368351.0333,368255.01666666666,368351.0333333333
dteday,9583,368351.0333,368255.01666666666,368351.0333333333
dteday,9585,368351.0333,368279.01666666666,368351.0333333333
dteday,9593,368351.0333,368423.0833333333,368351.0333333333
dteday,9594,368351.0333,368423.0833333333,368351.0333333333
dteday,9598,368351.0333,368423.0833333333,368351.0333333333
dteday,9611,368375.0333,359399.18333333335,368375.0333333333
dteday,9629,368399.0333,368327.0333333333,368399.0333333333
dteday,9642,368399.0333,368255.01666666666,368399.0333333333
dteday,9643,368399.0333,368279.01666666666,368399.0333333333
dteday,9652,368423.0333,359567.11666666664,368423.0333333333
dteday,9655,368423.0333,368279.01666666666,368423.0333333333
dteday,9700,368471.0333,368279.01666666666,368471.0333333333
dteday,9701,368471.0333,368279.01666666666,368471.0333333333
dteday,9718,368471.0333,359423.06666666665,368471.0333333333
dteday,9725,368495.0333,368279.01666666666,368495.0333333333
dteday,9750,368519.0333,368279.01666666666,368519.0333333333
dteday,9753,368519.0333,368567.1166666666,368519.0333333333
dteday,9764,368519.0333,368327.0333333333,368519.0333333333
dteday,9765,368519.0333,368327.0333333333,368519.0333333333
dteday,9766,368519.0333,368327.0333333333,368519.0333333333
dteday,9770,368543.0333,368327.0333333333,368543.0333333333
dteday,9802,368567.0333,368327.0333333333,368567.0333333333
dteday,9811,368567.0333,368423.0833333333,368567.0333333333
dteday,9820,368591.0333,368423.0833333333,368591.0333333333
dteday,9821,368591.0333,368423.0833333333,368591.0333333333
dteday,9822,368591.0333,368279.01666666666,368591.0333333333
dteday,9836,368591.0333,359399.18333333335,368591.0333333333
dteday,9840,368591.0333,368255.01666666666,368591.0333333333
dteday,9842,368615.0333,368327.0333333333,368615.0333333333
dteday,9843,368615.0333,368327.0333333333,368615.0333333333
dteday,9844,368615.0333,368327.0333333333,368615.0333333333
dteday,9845,368615.0333,368879.1166666666,368615.0333333333
dteday,9848,368615.0333,359399.18333333335,368615.0333333333
dteday,9851,368615.0333,359399.18333333335,368615.0333333333
dteday,9855,368615.0333,368423.0833333333,368615.0333333333
dteday,9867,368639.0333,368279.01666666666,368639.0333333333
dteday,9869,368639.0333,368279.01666666666,368639.0333333333
dteday,9870,368639.0333,368255.01666666666,368639.0333333333
dteday,9872,368639.0333,368279.01666666666,368639.0333333333
dteday,9873,368639.0333,368255.01666666666,368639.0333333333
dteday,9896,364301.1665,368255.01666666666,368663.0333333333
dteday,9920,368687.0333,368327.0333333333,368687.0333333333
dteday,9940,368711.0333,368327.0333333333,368711.0333333333
dteday,9941,368711.0333,368327.0333333333,368711.0333333333
dteday,9942,368711.0333,368327.0333333333,368711.0333333333
dteday,9943,368711.0333,359711.0833333333,368711.0333333333
dteday,9951,368711.0333,368327.0333333333,368711.0333333333
dteday,9952,368711.0333,368327.0333333333,368711.0333333333
dteday,9956,368711.0333,359399.18333333335,368711.0333333333
dteday,9965,368735.0333,368279.01666666666,368735.0333333333
dteday,9969,368735.0333,368255.01666666666,368735.0333333333
dteday,9992,368759.0333,360095.01666666666,368759.0333333333
dteday,9997,368759.0333,368423.0833333333,368759.0333333333
dteday,10002,368759.0333,368423.0833333333,368759.0333333333
dteday,10011,368783.0333,368255.01666666666,368783.0333333333
dteday,10022,368783.0333,368423.0833333333,368783.0333333333
dteday,10029,368783.0333,368423.0833333333,368783.0333333333
dteday,10034,368807.0333,368279.01666666666,368807.0333333333
dteday,10043,368807.0333,368423.0833333333,368807.0333333333
dteday,10049,368807.0333,360047.06666666665,368807.0333333333
dteday,10060,368831.0333,368255.01666666666,368831.0333333333
dteday,10061,368831.0333,368255.01666666666,368831.0333333333
dteday,10063,368831.0333,368255.01666666666,368831.0333333333
dteday,10066,394880.2438,368327.0333333333,368831.0333333333
dteday,10071,368831.0333,359399.18333333335,368831.0333333333
dteday,10072,368831.0333,368327.0333333333,368831.0333333333
dteday,10073,368831.0333,368327.0333333333,368831.0333333333
dteday,10074,368831.0333,368327.0333333333,368831.0333333333
dteday,10082,368159.05,368279.01666666666,368159.05
dteday,10089,368159.05,359399.18333333335,368159.05
dteday,10106,368183.05,368279.01666666666,368183.05
dteday,10111,368183.05,368255.01666666666,368183.05
dteday,10121,368183.05,368327.0333333333,368183.05
dteday,10122,368183.05,368327.0333333333,368183.05
dteday,10124,368183.05,368327.0333333333,368183.05
dteday,10125,368183.05,368327.0333333333,368183.05
dteday,10126,368183.05,368327.0333333333,368183.05
dteday,10136,368207.05,368327.0333333333,368207.05
dteday,10137,368207.05,368327.0333333333,368207.05
dteday,10138,368207.05,368327.0333333333,368207.05
dteday,10169,368231.05,359423.06666666665,368231.05
dteday,10170,368231.05,368423.0833333333,368231.05
dteday,10172,368231.05,368423.0833333333,368231.05
dteday,10179,368255.05,359399.18333333335,368255.05
dteday,10180,368255.05,359399.18333333335,368255.05
dteday,10193,346397.8974,359399.18333333335,368255.05
dteday,10199,368279.05,368879.1166666666,368279.05
dteday,10203,368279.05,368279.01666666666,368279.05
dteday,10206,368279.05,359399.18333333335,368279.05
dteday,10213,368279.05,368423.0833333333,368279.05
dteday,10214,368279.05,368423.0833333333,368279.05
dteday,10226,368303.05,368279.01666666666,368303.05
dteday,10227,368303.05,368279.01666666666,368303.05
dteday,10237,368303.05,368423.0833333333,368303.05
dteday,10239,368303.05,368567.1166666666,368303.05
dteday,10250,368327.05,368279.01666666666,368327.05
dteday,10281,368351.05,368423.0833333333,368351.05
dteday,10295,368375.05,368423.0833333333,368375.05
dteday,10296,368375.05,368423.0833333333,368375.05
dteday,10314,368375.05,359423.06666666665,368375.05
dteday,10315,368375.05,359927.0833333333,368375.05
dteday,10325,368399.05,368279.01666666666,368399.05
dteday,10326,368399.05,368279.01666666666,368399.05
dteday,10346,368423.05,368279.01666666666,368423.05
dteday,10391,368471.05,359567.11666666664,368471.05
dteday,10395,350754.5013,359567.11666666664,368471.05
dteday,10396,368471.05,359927.0833333333,368471.05
dteday,10411,391887.6495,368567.1166666666,368471.05
dteday,10412,368471.05,359399.18333333335,368471.05
dteday,10441,368519.05,368279.01666666666,368519.05
dteday,10442,372304.5933,368279.01666666666,368519.05
dteday,10443,368519.05,368327.0333333333,368519.05
dteday,10445,368519.05,368327.0333333333,368519.05
dteday,10446,368519.05,368327.0333333333,368519.05
dteday,10448,368519.05,368327.0333333333,368519.05
dteday,10467,368543.05,368879.1166666666,368543.05
dteday,10512,368591.05,368879.1166666666,368591.05
dteday,10514,368591.05,368279.01666666666,368591.05
dteday,10520,368591.05,359423.06666666665,368591.05
dteday,10537,368615.05,368279.01666666666,368615.05
dteday,10545,368615.05,368879.1166666666,368615.05
dteday,10549,368615.05,368279.01666666666,368615.05
dteday,10557,368615.05,368879.1166666666,368615.05
dteday,10559,368639.05,368879.1166666666,368639.05
dteday,10561,368639.05,368879.1166666666,368639.05
dteday,10568,368639.05,368879.1166666666,368639.05
dteday,10569,368639.05,368879.1166666666,368639.05
dteday,10571,368639.05,368879.1166666666,368639.05
dteday,10575,368639.05,368279.01666666666,368639.05
dteday,10576,372256.5942,368279.01666666666,368639.05
dteday,10579,368639.05,368879.1166666666,368639.05
dteday,10580,368639.05,368879.1166666666,368639.05
dteday,10581,368639.05,368327.0333333333,368639.05
dteday,10582,368663.05,368879.1166666666,368663.05
dteday,10583,359816.023,368879.1166666666,368663.05
dteday,10584,368663.05,368879.1166666666,368663.05
dteday,10585,368663.05,368879.1166666666,368663.05
dteday,10594,368663.05,359711.0833333333,368663.05
dteday,10597,368663.05,368279.01666666666,368663.05
dteday,10604,368663.05,368879.1166666666,368663.05
dteday,10605,368663.05,368879.1166666666,368663.05
dteday,10606,368687.05,368879.1166666666,368687.05
dteday,10610,368687.05,368279.01666666666,368687.05
dteday,10629,368687.05,368279.01666666666,368687.05
dteday,10634,368711.05,368879.1166666666,368711.05
dteday,10636,357121.226,368879.1166666666,368711.05
dteday,10639,368711.05,368879.1166666666,368711.05
dteday,10658,368735.05,368879.1166666666,368735.05
dteday,10664,368735.05,368327.0333333333,368735.05
dteday,10688,368759.05,368423.0833333333,368759.05
dteday,10706,368783.05,368279.01666666666,368783.05
dteday,10716,368783.05,359423.06666666665,368783.05
dteday,10727,368807.05,368879.1166666666,368807.05
dteday,10728,356694.5613,368279.01666666666,368807.05
dteday,10754,368831.05,368423.0833333333,368831.05
dteday,10766,368831.05,368255.01666666666,368831.05
dteday,10774,368855.05,360095.01666666666,368855.05
dteday,10775,368855.05,359567.11666666664,368855.05
dteday,10802,368879.05,368879.1166666666,368879.05
dteday,10804,368879.05,368327.0333333333,368879.05
dteday,10805,368879.05,368327.0333333333,368879.05
dteday,10806,368879.05,368327.0333333333,368879.05
dteday,10830,368159.0667,368327.0333333333,368159.06666666665
dteday,10836,368159.0667,359399.18333333335,368159.06666666665
dteday,10837,368159.0667,359399.18333333335,368159.06666666665
dteday,10839,368159.0667,359399.18333333335,368159.06666666665
dteday,10841,368159.0667,359399.18333333335,368159.06666666665
dteday,10852,368183.0667,368807.0333333333,368183.06666666665
dteday,10858,353117.3608,368423.0833333333,368183.06666666665
dteday,10872,370255.1356,368279.01666666666,368207.06666666665
dteday,10874,368207.0667,359567.11666666664,368207.06666666665
dteday,10896,368231.0667,368279.01666666666,368231.06666666665
dteday,10898,368231.0667,359567.11666666664,368231.06666666665
dteday,10902,368231.0667,359399.18333333335,368231.06666666665
dteday,10903,368231.0667,359399.18333333335,368231.06666666665
dteday,10944,368279.0667,368879.1166666666,368279.06666666665
dteday,10971,368303.0667,368423.0833333333,368303.06666666665
dteday,11011,368327.0667,368423.0833333333,368327.06666666665
dteday,11016,368351.0667,368279.01666666666,368351.06666666665
dteday,11033,368351.0667,368423.0833333333,368351.06666666665
dteday,11048,368375.0667,368423.0833333333,368375.06666666665
dteday,11061,368399.0667,368423.0833333333,368399.06666666665
dteday,11065,368399.0667,359567.11666666664,368399.06666666665
dteday,11091,368423.0667,368807.0333333333,368423.06666666665
dteday,11119,368447.0667,368423.0833333333,368447.06666666665
dteday,11129,368447.0667,368423.0833333333,368447.06666666665
dteday,11183,406023.3361,368879.1166666666,368519.06666666665
dteday,11186,368519.0667,368879.1166666666,368519.06666666665
dteday,11187,368519.0667,368879.1166666666,368519.06666666665
dteday,11188,368519.0667,368879.1166666666,368519.06666666665
dteday,11189,368519.0667,368279.01666666666,368519.06666666665
dteday,11190,368519.0667,368279.01666666666,368519.06666666665
dteday,11194,368519.0667,368567.1166666666,368519.06666666665
dteday,11203,364881.0758,359927.0833333333,368519.06666666665
dteday,11206,368543.0667,368879.1166666666,368543.06666666665
dteday,11207,368543.0667,368879.1166666666,368543.06666666665
dteday,11273,368591.0667,359399.18333333335,368591.06666666665
dteday,11280,368615.0667,368279.01666666666,368615.06666666665
dteday,11335,368663.0667,368327.0333333333,368663.06666666665
dteday,11336,368663.0667,368327.0333333333,368663.06666666665
dteday,11339,368663.0667,368327.0333333333,368663.06666666665
dteday,11340,368663.0667,368327.0333333333,368663.06666666665
dteday,11341,368663.0667,359567.11666666664,368663.06666666665
dteday,11343,368663.0667,368327.0333333333,368663.06666666665
dteday,11345,368663.0667,368327.0333333333,368663.06666666665
dteday,11349,368687.0667,368327.0333333333,368687.06666666665
dteday,11350,368687.0667,368327.0333333333,368687.06666666665
dteday,11352,368687.0667,368279.01666666666,368687.06666666665
dteday,11356,368687.0667,368255.01666666666,368687.06666666665
dteday,11357,368687.0667,359711.0833333333,368687.06666666665
dteday,11371,368687.0667,360095.01666666666,368687.06666666665
dteday,11374,368711.0667,368279.01666666666,368711.06666666665
dteday,11376,368711.0667,368279.01666666666,368711.06666666665
dteday,11383,368711.0667,359423.06666666665,368711.06666666665
dteday,11399,368735.0667,368279.01666666666,368735.06666666665
dteday,11422,368759.0667,359399.18333333335,368759.06666666665
dteday,11424,368759.0667,368279.01666666666,368759.06666666665
dteday,11432,368759.0667,368879.1166666666,368759.06666666665
dteday,11435,368759.0667,368879.1166666666,368759.06666666665
dteday,11436,368759.0667,368879.1166666666,368759.06666666665
dteday,11441,368759.0667,368879.1166666666,368759.06666666665
dteday,11442,368759.0667,368879.1166666666,368759.06666666665
dteday,11447,368783.0667,368279.01666666666,368783.06666666665
dteday,11456,368783.0667,368423.0833333333,368783.06666666665
dteday,11457,368783.0667,368807.0333333333,368783.06666666665
dteday,11494,368831.0667,368327.0333333333,368831.06666666665
dteday,11495,368831.0667,368327.0333333333,368831.06666666665
dteday,11496,368831.0667,368327.0333333333,368831.06666666665
dteday,11497,368831.0667,368327.0333333333,368831.06666666665
dteday,11498,368831.0667,368327.0333333333,368831.06666666665
dteday,11499,368831.0667,359567.11666666664,368831.06666666665
dteday,11518,368855.0667,368879.1166666666,368855.06666666665
dteday,11530,368855.0667,359399.18333333335,368855.06666666665
dteday,11531,368855.0667,359399.18333333335,368855.06666666665
dteday,11538,368855.0667,359399.18333333335,368855.06666666665
dteday,11542,368159.0833,368879.1166666666,368159.0833333333
dteday,11543,368159.0833,368279.01666666666,368159.0833333333
dteday,11544,368159.0833,368879.1166666666,368159.0833333333
dteday,11565,368183.0833,368879.1166666666,368183.0833333333
dteday,11566,368183.0833,368879.1166666666,368183.0833333333
dteday,11567,368183.0833,368879.1166666666,368183.0833333333
dteday,11574,368183.0833,368879.1166666666,368183.0833333333
dteday,11575,368183.0833,359423.06666666665,368183.0833333333
dteday,11576,368183.0833,368879.1166666666,368183.0833333333
dteday,11578,368183.0833,368279.01666666666,368183.0833333333
dteday,11601,368207.0833,368279.01666666666,368207.0833333333
dteday,11611,368207.0833,359927.0833333333,368207.0833333333
dteday,11614,345390.2193,368879.1166666666,368231.0833333333
dteday,11633,368231.0833,368279.01666666666,368231.0833333333
dteday,11634,368231.0833,368879.1166666666,368231.0833333333
dteday,11635,368231.0833,368879.1166666666,368231.0833333333
dteday,11636,373906.62,368879.1166666666,368255.0833333333
dteday,11637,368255.0833,368879.1166666666,368255.0833333333
dteday,11639,368255.0833,368879.1166666666,368255.0833333333
dteday,11644,368255.0833,368879.1166666666,368255.0833333333
dteday,11649,368255.0833,359399.18333333335,368255.0833333333
dteday,11654,368255.0833,368279.01666666666,368255.0833333333
dteday,11659,368255.0833,368879.1166666666,368255.0833333333
dteday,11660,368279.0833,368879.1166666666,368279.0833333333
dteday,11661,368279.0833,359927.0833333333,368279.0833333333
dteday,11662,368279.0833,368879.1166666666,368279.0833333333
dteday,11663,368279.0833,368879.1166666666,368279.0833333333
dteday,11664,368279.0833,368879.1166666666,368279.0833333333
dteday,11665,368279.0833,368879.1166666666,368279.0833333333
dteday,11666,382350.9127,368879.1166666666,368279.0833333333
dteday,11667,381897.3285,368879.1166666666,368279.0833333333
dteday,11669,368279.0833,368879.1166666666,368279.0833333333
dteday,11697,368303.0833,359711.0833333333,368303.0833333333
dteday,11700,368303.0833,368255.01666666666,368303.0833333333
dteday,11722,368327.0833,368279.01666666666,368327.0833333333
dteday,11726,368327.0833,368279.01666666666,368327.0833333333
dteday,11727,368327.0833,368279.01666666666,368327.0833333333
dteday,11728,368327.0833,368279.01666666666,368327.0833333333
dteday,11732,368351.0833,368879.1166666666,368351.0833333333
dteday,11740,368351.0833,368879.1166666666,368351.0833333333
dteday,11741,368351.0833,368879.1166666666,368351.0833333333
dteday,11758,368375.0833,368279.01666666666,368375.0833333333
dteday,11759,368375.0833,368279.01666666666,368375.0833333333
dteday,11768,368375.0833,359711.0833333333,368375.0833333333
dteday,11780,368399.0833,359399.18333333335,368399.0833333333
dteday,11790,368399.0833,368423.0833333333,368399.0833333333
dteday,11862,357207.4972,360095.01666666666,368471.0833333333
dteday,11863,368471.0833,368879.1166666666,368471.0833333333
dteday,11868,368471.0833,368279.01666666666,368471.0833333333
dteday,11870,368471.0833,368879.1166666666,368471.0833333333
dteday,11873,368471.0833,368879.1166666666,368471.0833333333
dteday,11879,368495.0833,368879.1166666666,368495.0833333333
dteday,11881,368495.0833,368879.1166666666,368495.0833333333
dteday,11890,368495.0833,359423.06666666665,368495.0833333333
dteday,11895,368495.0833,368279.01666666666,368495.0833333333
dteday,11907,368519.0833,368879.1166666666,368519.0833333333
dteday,11908,368519.0833,368879.1166666666,368519.0833333333
dteday,11925,368543.0833,368879.1166666666,368543.0833333333
dteday,11927,368543.0833,368279.01666666666,368543.0833333333
dteday,11932,368543.0833,359399.18333333335,368543.0833333333
dteday,11939,368543.0833,368423.0833333333,368543.0833333333
dteday,11961,358350.9707,368423.0833333333,368567.0833333333
dteday,11963,368567.0833,368423.0833333333,368567.0833333333
dteday,11971,368567.0833,359399.18333333335,368567.0833333333
dteday,11984,368591.0833,368423.0833333333,368591.0833333333
dteday,12001,368615.0833,368879.1166666666,368615.0833333333
dteday,12007,368615.0833,368423.0833333333,368615.0833333333
dteday,12008,368615.0833,368423.0833333333,368615.0833333333
dteday,12031,368639.0833,368879.1166666666,368639.0833333333
dteday,12032,368639.0833,368879.1166666666,368639.0833333333
dteday,12033,368639.0833,359423.06666666665,368639.0833333333
dteday,12034,368639.0833,368879.1166666666,368639.0833333333
dteday,12037,368639.0833,368279.01666666666,368639.0833333333
dteday,12038,368639.0833,360047.06666666665,368639.0833333333
dteday,12039,368639.0833,368279.01666666666,368639.0833333333
dteday,12040,368639.0833,368279.01666666666,368639.0833333333
dteday,12041,368639.0833,368279.01666666666,368639.0833333333
dteday,12044,368663.0833,368879.1166666666,368663.0833333333
dteday,12045,368663.0833,359567.11666666664,368663.0833333333
dteday,12046,368663.0833,368879.1166666666,368663.0833333333
dteday,12047,368663.0833,368879.1166666666,368663.0833333333
dteday,12053,368663.0833,368879.1166666666,368663.0833333333
dteday,12063,368663.0833,368279.01666666666,368663.0833333333
dteday,12069,368687.0833,368879.1166666666,368687.0833333333
dteday,12070,368687.0833,368879.1166666666,368687.0833333333
dteday,12072,368687.0833,368279.01666666666,368687.0833333333
dteday,12075,368687.0833,368879.1166666666,368687.0833333333
dteday,12076,368687.0833,368879.1166666666,368687.0833333333
dteday,12080,368687.0833,368279.01666666666,368687.0833333333
dteday,12085,368687.0833,368279.01666666666,368687.0833333333
dteday,12086,368687.0833,368279.01666666666,368687.0833333333
dteday,12087,368687.0833,368879.1166666666,368687.0833333333
dteday,12088,368687.0833,368879.1166666666,368687.0833333333
dteday,12090,368687.0833,368879.1166666666,368687.0833333333
dteday,12091,368687.0833,368879.1166666666,368687.0833333333
dteday,12092,348528.2064,368879.1166666666,368711.0833333333
dteday,12099,368711.0833,368879.1166666666,368711.0833333333
dteday,12106,368711.0833,359399.18333333335,368711.0833333333
dteday,12107,368711.0833,359399.18333333335,368711.0833333333
dteday,12108,368711.0833,359399.18333333335,368711.0833333333
dteday,12109,368711.0833,359399.18333333335,368711.0833333333
dteday,12112,368711.0833,368279.01666666666,368711.0833333333
dteday,12115,368711.0833,359399.18333333335,368711.0833333333
dteday,12116,368735.0833,368879.1166666666,368735.0833333333
dteday,12117,368735.0833,368879.1166666666,368735.0833333333
dteday,12118,368735.0833,368879.1166666666,368735.0833333333
dteday,12140,368759.0833,368879.1166666666,368759.0833333333
dteday,12141,368759.0833,368879.1166666666,368759.0833333333
dteday,12145,368759.0833,368879.1166666666,368759.0833333333
dteday,12149,368759.0833,368879.1166666666,368759.0833333333
dteday,12156,368759.0833,359399.18333333335,368759.0833333333
dteday,12160,368759.0833,359399.18333333335,368759.0833333333
dteday,12164,368783.0833,368279.01666666666,368783.0833333333
dteday,12168,368783.0833,368879.1166666666,368783.0833333333
dteday,12169,368783.0833,368879.1166666666,368783.0833333333
dteday,12170,368783.0833,368879.1166666666,368783.0833333333
dteday,12172,368783.0833,368879.1166666666,368783.0833333333
dteday,12173,368783.0833,368879.1166666666,368783.0833333333
dteday,12184,368783.0833,359399.18333333335,368783.0833333333
dteday,12185,368783.0833,368279.01666666666,368783.0833333333
dteday,12186,368783.0833,360095.01666666666,368783.0833333333
dteday,12187,368783.0833,368879.1166666666,368783.0833333333
dteday,12188,368807.0833,368879.1166666666,368807.0833333333
dteday,12189,368807.0833,360095.01666666666,368807.0833333333
dteday,12190,368807.0833,368879.1166666666,368807.0833333333
dteday,12196,368807.0833,368279.01666666666,368807.0833333333
dteday,12207,368807.0833,359399.18333333335,368807.0833333333
dteday,12214,368831.0833,368879.1166666666,368831.0833333333
dteday,12215,368831.0833,368279.01666666666,368831.0833333333
dteday,12224,368831.0833,359399.18333333335,368831.0833333333
dteday,12245,368855.0833,368279.01666666666,368855.0833333333
dteday,12246,368855.0833,368279.01666666666,368855.0833333333
dteday,12258,368855.0833,368279.01666666666,368855.0833333333
dteday,12260,368879.0833,368279.01666666666,368879.0833333333
dteday,12261,368879.0833,368279.01666666666,368879.0833333333
dteday,12263,368879.0833,368879.1166666666,368879.0833333333
dteday,12264,368879.0833,368879.1166666666,368879.0833333333
dteday,12265,368879.0833,368279.01666666666,368879.0833333333
dteday,12293,368159.1,368879.1166666666,368159.1
dteday,12308,368183.1,368879.1166666666,368183.1
dteday,12309,379960.2975,368879.1166666666,368183.1
dteday,12325,368183.1,368423.0833333333,368183.1
dteday,12326,368183.1,368423.0833333333,368183.1
dteday,12333,368207.1,359927.0833333333,368207.1
dteday,12345,368207.1,368423.0833333333,368207.1
dteday,12346,368207.1,368423.0833333333,368207.1
dteday,12360,368231.1,368879.1166666666,368231.1
dteday,12382,368255.1,368879.1166666666,368255.1
dteday,12386,383661.1562,359423.06666666665,368255.1
dteday,12395,368255.1,359711.0833333333,368255.1
dteday,12405,368279.1,359567.11666666664,368279.1
dteday,12407,352668.8039,368879.1166666666,368279.1
dteday,12428,368303.1,360095.01666666666,368303.1
dteday,12448,368303.1,368423.0833333333,368303.1
dteday,12455,368327.1,368879.1166666666,368327.1
dteday,12480,368351.1,368879.1166666666,368351.1
dteday,12500,368375.1,368279.01666666666,368375.1
dteday,12502,368375.1,368279.01666666666,368375.1
dteday,12505,368375.1,368279.01666666666,368375.1
dteday,12516,368375.1,368423.0833333333,368375.1
dteday,12530,368399.1,368879.1166666666,368399.1
dteday,12551,368423.1,368279.01666666666,368423.1
dteday,12558,362107.6796,368327.0333333333,368423.1
dteday,12560,368423.1,368879.1166666666,368423.1
dteday,12561,368423.1,360095.01666666666,368423.1
dteday,12566,368423.1,368879.1166666666,368423.1
dteday,12567,368423.1,368879.1166666666,368423.1
dteday,12568,368423.1,368879.1166666666,368423.1
dteday,12569,368423.1,368879.1166666666,368423.1
dteday,12574,368447.1,368879.1166666666,368447.1
dteday,12575,368447.1,368879.1166666666,368447.1
dteday,12576,368447.1,368879.1166666666,368447.1
dteday,12577,368447.1,368879.1166666666,368447.1
dteday,12579,368447.1,368879.1166666666,368447.1
dteday,12581,368447.1,368279.01666666666,368447.1
dteday,12619,368471.1,368279.01666666666,368471.1
dteday,12622,368495.1,368879.1166666666,368495.1
dteday,12623,368495.1,368879.1166666666,368495.1
dteday,12624,368495.1,368879.1166666666,368495.1
dteday,12626,368495.1,368879.1166666666,368495.1
dteday,12628,368495.1,368279.01666666666,368495.1
dteday,12647,368519.1,359567.11666666664,368519.1
dteday,12648,368519.1,368879.1166666666,368519.1
dteday,12695,368567.1,368879.1166666666,368567.1
dteday,12697,368567.1,368879.1166666666,368567.1
dteday,12700,368567.1,368879.1166666666,368567.1
dteday,12701,368567.1,368879.1166666666,368567.1
dteday,12703,368567.1,359927.0833333333,368567.1
dteday,12707,368567.1,368279.01666666666,368567.1
dteday,12710,368567.1,368279.01666666666,368567.1
dteday,12719,368591.1,368879.1166666666,368591.1
dteday,12727,368591.1,368279.01666666666,368591.1
dteday,12729,368591.1,359711.0833333333,368591.1
dteday,12732,368591.1,359399.18333333335,368591.1
dteday,12733,368591.1,359399.18333333335,368591.1
dteday,12734,368591.1,359399.18333333335,368591.1
dteday,12736,354267.4315,359399.18333333335,368591.1
dteday,12739,368591.1,368327.0333333333,368591.1
dteday,12741,368615.1,359567.11666666664,368615.1
dteday,12742,368615.1,368879.1166666666,368615.1
dteday,12743,368615.1,368879.1166666666,368615.1
dteday,12744,368615.1,368879.1166666666,368615.1
dteday,12745,349998.4918,368879.1166666666,368615.1
dteday,12750,368615.1,359399.18333333335,368615.1
dteday,12773,368639.1,359399.18333333335,368639.1
dteday,12789,368663.1,368255.01666666666,368663.1
dteday,12796,368663.1,359399.18333333335,368663.1
dteday,12806,368663.1,359399.18333333335,368663.1
dteday,12807,368663.1,359399.18333333335,368663.1
dteday,12808,368663.1,359399.18333333335,368663.1
dteday,12810,368663.1,368279.01666666666,368663.1
dteday,12812,368687.1,368879.1166666666,368687.1
dteday,12814,368687.1,368879.1166666666,368687.1
dteday,12815,368687.1,368879.1166666666,368687.1
dteday,12816,368687.1,368879.1166666666,368687.1
dteday,12817,368687.1,368879.1166666666,368687.1
dteday,12818,368687.1,368879.1166666666,368687.1
dteday,12819,368687.1,368879.1166666666,368687.1
dteday,12820,368687.1,359399.18333333335,368687.1
dteday,12822,368687.1,359399.18333333335,368687.1
dteday,12829,368687.1,360047.06666666665,368687.1
dteday,12841,368711.1,368879.1166666666,368711.1
dteday,12843,368711.1,368279.01666666666,368711.1
dteday,12857,368711.1,359399.18333333335,368711.1
dteday,12858,368711.1,359399.18333333335,368711.1
dteday,12868,368735.1,368279.01666666666,368735.1
dteday,12870,368735.1,359423.06666666665,368735.1
dteday,12895,368759.1,368423.0833333333,368759.1
dteday,12897,368759.1,368807.0333333333,368759.1
dteday,12911,368783.1,368879.1166666666,368783.1
dteday,12942,368807.1,359423.06666666665,368807.1
dteday,12953,390818.1654,359399.18333333335,368807.1
dteday,12959,368831.1,368879.1166666666,368831.1
dteday,12964,368831.1,359399.18333333335,368831.1
dteday,12965,368831.1,359399.18333333335,368831.1
dteday,12970,368831.1,368423.0833333333,368831.1
dteday,12971,368831.1,368423.0833333333,368831.1
dteday,12972,368831.1,368423.0833333333,368831.1
dteday,13010,368159.1167,359567.11666666664,368159.1166666666
dteday,13044,368183.1167,368423.0833333333,368183.1166666666
dteday,13061,368207.1167,359711.0833333333,368207.1166666666
dteday,13064,368207.1167,359711.0833333333,368207.1166666666
dteday,13071,368207.1167,368423.0833333333,368207.1166666666
dteday,13075,368207.1167,368879.1166666666,368207.1166666666
dteday,13078,385608.0388,368879.1166666666,368231.1166666666
dteday,13080,376390.9262,368279.01666666666,368231.1166666666
dteday,13081,368231.1167,368279.01666666666,368231.1166666666
dteday,13082,368231.1167,368279.01666666666,368231.1166666666
dteday,13107,368255.1167,359399.18333333335,368255.1166666666
dteday,13123,368255.1167,359399.18333333335,368255.1166666666
dteday,13125,368279.1167,359399.18333333335,368279.1166666666
dteday,13133,368279.1167,368423.0833333333,368279.1166666666
dteday,13146,368279.1167,368567.1166666666,368279.1166666666
dteday,13163,368303.1167,368807.0333333333,368303.1166666666
dteday,13186,368327.1167,368423.0833333333,368327.1166666666
dteday,13195,368327.1167,368879.1166666666,368327.1166666666
dteday,13201,368351.1167,368879.1166666666,368351.1166666666
dteday,13203,368351.1167,368879.1166666666,368351.1166666666
dteday,13204,368351.1167,368879.1166666666,368351.1166666666
dteday,13205,368351.1167,368879.1166666666,368351.1166666666
dteday,13206,380966.6157,368879.1166666666,368351.1166666666
dteday,13209,368351.1167,359399.18333333335,368351.1166666666
dteday,13210,368351.1167,359399.18333333335,368351.1166666666
dteday,13215,368351.1167,359399.18333333335,368351.1166666666
dteday,13216,368351.1167,359399.18333333335,368351.1166666666
dteday,13217,394694.751,359399.18333333335,368351.1166666666
dteday,13223,368375.1167,368279.01666666666,368375.1166666666
dteday,13225,368375.1167,368879.1166666666,368375.1166666666
dteday,13232,368375.1167,359711.0833333333,368375.1166666666
dteday,13240,357239.1103,368879.1166666666,368375.1166666666
dteday,13242,368375.1167,368879.1166666666,368375.1166666666
dteday,13244,368399.1167,368879.1166666666,368399.1166666666
dteday,13251,368399.1167,368879.1166666666,368399.1166666666
dteday,13271,368423.1167,368279.01666666666,368423.1166666666
dteday,13283,368423.1167,368423.0833333333,368423.1166666666
dteday,13284,368423.1167,368423.0833333333,368423.1166666666
dteday,13293,368447.1167,360095.01666666666,368447.1166666666
dteday,13303,368447.1167,368567.1166666666,368447.1166666666
dteday,13307,369199.0554,368423.0833333333,368447.1166666666
dteday,13308,351071.6589,368423.0833333333,368447.1166666666
dteday,13309,368447.1167,368423.0833333333,368447.1166666666
dteday,13330,380725.9808,359399.18333333335,368471.1166666666
dteday,13331,368471.1167,359399.18333333335,368471.1166666666
dteday,13339,368471.1167,368879.1166666666,368471.1166666666
dteday,13346,368495.1167,368879.1166666666,368495.1166666666
dteday,13391,368543.1167,368279.01666666666,368543.1166666666
dteday,13396,368543.1167,359399.18333333335,368543.1166666666
dteday,13410,368543.1167,359399.18333333335,368543.1166666666
dteday,13414,368567.1167,368879.1166666666,368567.1166666666
dteday,13440,368591.1167,368879.1166666666,368591.1166666666
dteday,13447,368591.1167,359399.18333333335,368591.1166666666
dteday,13468,368615.1167,368879.1166666666,368615.1166666666
dteday,13472,368615.1167,368879.1166666666,368615.1166666666
dteday,13473,368615.1167,368879.1166666666,368615.1166666666
dteday,13476,368615.1167,368879.1166666666,368615.1166666666
dteday,13479,368615.1167,368879.1166666666,368615.1166666666
dteday,13480,368615.1167,368879.1166666666,368615.1166666666
dteday,13481,368615.1167,368879.1166666666,368615.1166666666
dteday,13482,368615.1167,368879.1166666666,368615.1166666666
dteday,13483,368615.1167,368879.1166666666,368615.1166666666
dteday,13484,368639.1167,368879.1166666666,368639.1166666666
dteday,13485,368639.1167,368879.1166666666,368639.1166666666
dteday,13492,368639.1167,368879.1166666666,368639.1166666666
dteday,13493,368639.1167,368879.1166666666,368639.1166666666
dteday,13495,368639.1167,368879.1166666666,368639.1166666666
dteday,13496,368639.1167,368879.1166666666,368639.1166666666
dteday,13497,368639.1167,368879.1166666666,368639.1166666666
dteday,13514,368663.1167,368879.1166666666,368663.1166666666
dteday,13515,368663.1167,368879.1166666666,368663.1166666666
dteday,13517,368663.1167,368279.01666666666,368663.1166666666
dteday,13533,368687.1167,359567.11666666664,368687.1166666666
dteday,13536,368687.1167,368879.1166666666,368687.1166666666
dteday,13547,368687.1167,359399.18333333335,368687.1166666666
dteday,13558,368711.1167,368879.1166666666,368711.1166666666
dteday,13559,368711.1167,368879.1166666666,368711.1166666666
dteday,13560,368711.1167,368879.1166666666,368711.1166666666
dteday,13561,368711.1167,368879.1166666666,368711.1166666666
dteday,13562,368711.1167,368879.1166666666,368711.1166666666
dteday,13572,368711.1167,359399.18333333335,368711.1166666666
dteday,13585,368735.1167,360095.01666666666,368735.1166666666
dteday,13606,368759.1167,368279.01666666666,368759.1166666666
dteday,13607,368759.1167,368879.1166666666,368759.1166666666
dteday,13632,368783.1167,368879.1166666666,368783.1166666666
dteday,13672,368807.1167,368879.1166666666,368807.1166666666
dteday,13675,368807.1167,368879.1166666666,368807.1166666666
dteday,13677,368831.1167,368879.1166666666,368831.1166666666
dteday,13679,368831.1167,368279.01666666666,368831.1166666666
dteday,13680,368831.1167,368279.01666666666,368831.1166666666
dteday,13683,368831.1167,368279.01666666666,368831.1166666666
dteday,13687,368831.1167,359399.18333333335,368831.1166666666
dteday,13688,368831.1167,359399.18333333335,368831.1166666666
dteday,13695,368831.1167,359399.18333333335,368831.1166666666
dteday,13702,368855.1167,368879.1166666666,368855.1166666666
dteday,13703,368855.1167,368279.01666666666,368855.1166666666
dteday,13704,368855.1167,368879.1166666666,368855.1166666666
dteday,13705,368855.1167,368879.1166666666,368855.1166666666
dteday,13706,368855.1167,368879.1166666666,368855.1166666666
dteday,13711,359943.1974,359399.18333333335,368855.1166666666
dteday,13717,368855.1167,359399.18333333335,368855.1166666666
dteday,13737,368879.1167,368567.1166666666,368879.1166666666
dteday,13749,368159.1333,368879.1166666666,368159.13333333336
dteday,13750,368159.1333,368879.1166666666,368159.13333333336
dteday,13751,368159.1333,368879.1166666666,368159.13333333336
dteday,13755,368159.1333,368879.1166666666,368159.13333333336
dteday,13764,368159.1333,359399.18333333335,368159.13333333336
dteday,13770,368159.1333,368567.1166666666,368159.13333333336
dteday,13774,368183.1333,368879.1166666666,368183.13333333336
dteday,13775,368183.1333,368879.1166666666,368183.13333333336
dteday,13776,374231.7541,368879.1166666666,368183.13333333336
dteday,13778,368183.1333,368879.1166666666,368183.13333333336
dteday,13782,368183.1333,359399.18333333335,368183.13333333336
dteday,13800,368207.1333,368879.1166666666,368207.13333333336
dteday,13802,368207.1333,368879.1166666666,368207.13333333336
dteday,13880,368279.1333,359399.18333333335,368279.13333333336
dteday,13896,368303.1333,368879.1166666666,368303.13333333336
dteday,13904,368303.1333,359399.18333333335,368303.13333333336
dteday,13907,368303.1333,368807.0333333333,368303.13333333336
dteday,13933,368327.1333,359399.18333333335,368327.13333333336
dteday,13934,368327.1333,359399.18333333335,368327.13333333336
dteday,13943,368351.1333,368879.1166666666,368351.13333333336
dteday,13946,368351.1333,359399.18333333335,368351.13333333336
dteday,13950,368351.1333,359399.18333333335,368351.13333333336
dteday,13957,368351.1333,368423.0833333333,368351.13333333336
dteday,13959,379908.2485,359399.18333333335,368351.13333333336
dteday,13962,368351.1333,368279.01666666666,368351.13333333336
dteday,13980,368375.1333,359399.18333333335,368375.13333333336
dteday,13991,368399.1333,368879.1166666666,368399.13333333336
dteday,13992,368399.1333,368879.1166666666,368399.13333333336
dteday,13995,368399.1333,368879.1166666666,368399.13333333336
dteday,13996,368399.1333,368879.1166666666,368399.13333333336
dteday,14014,368423.1333,368279.01666666666,368423.13333333336
dteday,14016,368423.1333,368279.01666666666,368423.13333333336
dteday,14038,368447.1333,368279.01666666666,368447.13333333336
dteday,14039,368447.1333,368279.01666666666,368447.13333333336
dteday,14040,368447.1333,368279.01666666666,368447.13333333336
dteday,14041,368447.1333,368279.01666666666,368447.13333333336
dteday,14052,398317.5445,368423.0833333333,368447.13333333336
dteday,14053,368447.1333,368423.0833333333,368447.13333333336
dteday,14061,368471.1333,359567.11666666664,368471.13333333336
dteday,14062,368471.1333,368879.1166666666,368471.13333333336
dteday,14063,368471.1333,368279.01666666666,368471.13333333336
dteday,14064,368471.1333,368879.1166666666,368471.13333333336
dteday,14066,368471.1333,368879.1166666666,368471.13333333336
dteday,14067,368471.1333,368879.1166666666,368471.13333333336
dteday,14083,368471.1333,359399.18333333335,368471.13333333336
dteday,14086,368495.1333,368879.1166666666,368495.13333333336
dteday,14088,368495.1333,368879.1166666666,368495.13333333336
dteday,14091,368495.1333,368279.01666666666,368495.13333333336
dteday,14096,368495.1333,359399.18333333335,368495.13333333336
dteday,14101,368495.1333,359399.18333333335,368495.13333333336
dteday,14108,368519.1333,368279.01666666666,368519.13333333336
dteday,14110,368519.1333,368279.01666666666,368519.13333333336
dteday,14115,368519.1333,368279.01666666666,368519.13333333336
dteday,14126,368519.1333,368423.0833333333,368519.13333333336
dteday,14142,368543.1333,359399.18333333335,368543.13333333336
dteday,14145,368543.1333,368423.0833333333,368543.13333333336
dteday,14149,368543.1333,368423.0833333333,368543.13333333336
dteday,14151,368543.1333,359399.18333333335,368543.13333333336
dteday,14153,368543.1333,368279.01666666666,368543.13333333336
dteday,14154,368543.1333,368879.1166666666,368543.13333333336
dteday,14155,368543.1333,359927.0833333333,368543.13333333336
dteday,14156,368567.1333,368879.1166666666,368567.13333333336
dteday,14162,368567.1333,359567.11666666664,368567.13333333336
dteday,14163,368567.1333,368879.1166666666,368567.13333333336
dteday,14164,368567.1333,368279.01666666666,368567.13333333336
dteday,14182,368591.1333,368279.01666666666,368591.13333333336
dteday,14186,368591.1333,368279.01666666666,368591.13333333336
dteday,14187,340036.1835,368279.01666666666,368591.13333333336
dteday,14188,368591.1333,368279.01666666666,368591.13333333336
dteday,14190,368591.1333,368279.01666666666,368591.13333333336
dteday,14191,368591.1333,359711.0833333333,368591.13333333336
dteday,14193,368591.1333,368879.1166666666,368591.13333333336
dteday,14204,368615.1333,368879.1166666666,368615.13333333336
dteday,14205,368615.1333,368879.1166666666,368615.13333333336
dteday,14206,368615.1333,368879.1166666666,368615.13333333336
dteday,14207,368615.1333,368279.01666666666,368615.13333333336
dteday,14208,368615.1333,368879.1166666666,368615.13333333336
dteday,14209,368615.1333,368879.1166666666,368615.13333333336
dteday,14213,368615.1333,368279.01666666666,368615.13333333336
dteday,14214,368615.1333,368279.01666666666,368615.13333333336
dteday,14224,368615.1333,368879.1166666666,368615.13333333336
dteday,14225,368615.1333,368879.1166666666,368615.13333333336
dteday,14226,368615.1333,368879.1166666666,368615.13333333336
dteday,14227,368615.1333,368879.1166666666,368615.13333333336
dteday,14228,368639.1333,360095.01666666666,368639.13333333336
dteday,14229,368639.1333,368879.1166666666,368639.13333333336
dteday,14230,368639.1333,368879.1166666666,368639.13333333336
dteday,14231,368639.1333,368279.01666666666,368639.13333333336
dteday,14233,368639.1333,368879.1166666666,368639.13333333336
dteday,14234,368639.1333,368879.1166666666,368639.13333333336
dteday,14237,372263.7208,368279.01666666666,368639.13333333336
dteday,14252,368663.1333,368879.1166666666,368663.13333333336
dteday,14256,325291.8129,368879.1166666666,368663.13333333336
dteday,14268,368663.1333,359399.18333333335,368663.13333333336
dteday,14269,368663.1333,359399.18333333335,368663.13333333336
dteday,14275,368663.1333,368879.1166666666,368663.13333333336
dteday,14277,368687.1333,368879.1166666666,368687.13333333336
dteday,14279,368687.1333,368879.1166666666,368687.13333333336
dteday,14280,368687.1333,368879.1166666666,368687.13333333336
dteday,14281,368687.1333,368879.1166666666,368687.13333333336
dteday,14283,368687.1333,368879.1166666666,368687.13333333336
dteday,14302,368711.1333,368279.01666666666,368711.13333333336
dteday,14303,368711.1333,368879.1166666666,368711.13333333336
dteday,14304,368711.1333,368879.1166666666,368711.13333333336
dteday,14306,368711.1333,368879.1166666666,368711.13333333336
dteday,14321,368711.1333,368807.0333333333,368711.13333333336
dteday,14325,368735.1333,368279.01666666666,368735.13333333336
dteday,14327,368735.1333,368279.01666666666,368735.13333333336
dteday,14328,368735.1333,368279.01666666666,368735.13333333336
dteday,14333,368735.1333,368567.1166666666,368735.13333333336
dteday,14342,368735.1333,368279.01666666666,368735.13333333336
dteday,14344,368735.1333,368879.1166666666,368735.13333333336
dteday,14345,368735.1333,368879.1166666666,368735.13333333336
dteday,14346,368735.1333,368879.1166666666,368735.13333333336
dteday,14347,368735.1333,368879.1166666666,368735.13333333336
dteday,14369,368759.1333,368879.1166666666,368759.13333333336
dteday,14371,368759.1333,368879.1166666666,368759.13333333336
dteday,14372,368783.1333,368879.1166666666,368783.13333333336
dteday,14374,368783.1333,368879.1166666666,368783.13333333336
dteday,14379,368783.1333,368879.1166666666,368783.13333333336
dteday,14380,385916.9069,368879.1166666666,368783.13333333336
dteday,14381,368783.1333,368879.1166666666,368783.13333333336
dteday,14385,368783.1333,368567.1166666666,368783.13333333336
dteday,14387,368783.1333,359399.18333333335,368783.13333333336
dteday,14388,368783.1333,359399.18333333335,368783.13333333336
dteday,14398,368807.1333,368879.1166666666,368807.13333333336
dteday,14400,368807.1333,368879.1166666666,368807.13333333336
dteday,14401,368807.1333,368879.1166666666,368807.13333333336
dteday,14403,368807.1333,368879.1166666666,368807.13333333336
dteday,14407,368807.1333,359399.18333333335,368807.13333333336
dteday,14409,368807.1333,368567.1166666666,368807.13333333336
dteday,14420,368831.1333,368279.01666666666,368831.13333333336
dteday,14421,329522.3108,368279.01666666666,368831.13333333336
dteday,14444,368855.1333,368279.01666666666,368855.13333333336
dteday,14448,368855.1333,368879.1166666666,368855.13333333336
dteday,14450,368855.1333,368879.1166666666,368855.13333333336
dteday,14468,368879.1333,368879.1166666666,368879.13333333336
dteday,14469,368879.1333,368879.1166666666,368879.13333333336
dteday,14486,368879.1333,368423.0833333333,368879.13333333336
dteday,14502,368159.15,359399.18333333335,368159.15
dteday,14503,371341.9117,359399.18333333335,368159.15
dteday,14504,368159.15,359399.18333333335,368159.15
dteday,14526,368183.15,368255.01666666666,368183.15
dteday,14538,368183.15,368879.1166666666,368183.15
dteday,14561,368207.15,359423.06666666665,368207.15
dteday,14562,368207.15,359927.0833333333,368207.15
dteday,14568,368231.15,368879.1166666666,368231.15
dteday,14577,368231.15,359399.18333333335,368231.15
dteday,14578,368231.15,359399.18333333335,368231.15
dteday,14582,368231.15,368255.01666666666,368231.15
dteday,14606,368255.15,368255.01666666666,368255.15
dteday,14614,368279.15,368879.1166666666,368279.15
dteday,14616,368279.15,368879.1166666666,368279.15
dteday,14633,368279.15,359711.0833333333,368279.15
dteday,14638,368303.15,368879.1166666666,368303.15
dteday,14639,368303.15,368879.1166666666,368303.15
dteday,14640,368303.15,368879.1166666666,368303.15
dteday,14644,368303.15,368879.1166666666,368303.15
dteday,14651,368303.15,359399.18333333335,368303.15
dteday,14652,368303.15,359399.18333333335,368303.15
dteday,14672,368327.15,359399.18333333335,368327.15
dteday,14677,368327.15,368879.1166666666,368327.15
dteday,14678,368327.15,359399.18333333335,368327.15
dteday,14681,368327.15,368879.1166666666,368327.15
dteday,14700,368351.15,368423.0833333333,368351.15
dteday,14702,368351.15,368423.0833333333,368351.15
dteday,14735,366430.5864,368879.1166666666,368399.15
dteday,14750,368399.15,368423.0833333333,368399.15
dteday,14768,368423.15,368423.0833333333,368423.15
dteday,14777,368423.15,368807.0333333333,368423.15
dteday,14783,368447.15,368879.1166666666,368447.15
dteday,14784,368447.15,368879.1166666666,368447.15
dteday,14785,351388.2245,368879.1166666666,368447.15
dteday,14800,368447.15,368279.01666666666,368447.15
dteday,14802,368447.15,368279.01666666666,368447.15
dteday,14809,368471.15,368879.1166666666,368471.15
dteday,14826,368471.15,368879.1166666666,368471.15
dteday,14828,368495.15,368879.1166666666,368495.15
dteday,14832,368872.7041,368279.01666666666,368495.15
dteday,14840,368495.15,368423.0833333333,368495.15
dteday,14841,368495.15,368423.0833333333,368495.15
dteday,14844,368495.15,368423.0833333333,368495.15
dteday,14845,368495.15,368423.0833333333,368495.15
dteday,14856,368519.15,368879.1166666666,368519.15
dteday,14887,368543.15,368279.01666666666,368543.15
dteday,14888,368543.15,368279.01666666666,368543.15
dteday,14892,368543.15,368279.01666666666,368543.15
dteday,14897,368543.15,368879.1166666666,368543.15
dteday,14898,368543.15,368879.1166666666,368543.15
dteday,14906,368567.15,359399.18333333335,368567.15
dteday,14908,368567.15,368879.1166666666,368567.15
dteday,14909,368567.15,368879.1166666666,368567.15
dteday,14912,368567.15,368879.1166666666,368567.15
dteday,14922,368567.15,368879.1166666666,368567.15
dteday,14923,350099.2584,368879.1166666666,368567.15
dteday,14926,368591.15,368279.01666666666,368591.15
dteday,14992,368639.15,368279.01666666666,368639.15
dteday,14997,368663.15,368879.1166666666,368663.15
dteday,14999,368663.15,368879.1166666666,368663.15
dteday,15000,368663.15,368879.1166666666,368663.15
dteday,15001,368663.15,368879.1166666666,368663.15
dteday,15002,368663.15,368879.1166666666,368663.15
dteday,15005,368663.15,368279.01666666666,368663.15
dteday,15023,368687.15,359399.18333333335,368687.15
dteday,15024,368687.15,359399.18333333335,368687.15
dteday,15028,368687.15,359399.18333333335,368687.15
dteday,15046,368711.15,368879.1166666666,368711.15
dteday,15048,368711.15,368879.1166666666,368711.15
dteday,15051,368711.15,360047.06666666665,368711.15
dteday,15052,368711.15,359399.18333333335,368711.15
dteday,15083,368735.15,368423.0833333333,368735.15
dteday,15112,368759.15,368279.01666666666,368759.15
dteday,15114,368759.15,368279.01666666666,368759.15
dteday,15120,368783.15,368879.1166666666,368783.15
dteday,15121,368783.15,368879.1166666666,368783.15
dteday,15133,368783.15,368279.01666666666,368783.15
dteday,15134,368783.15,368279.01666666666,368783.15
dteday,15136,368783.15,368279.01666666666,368783.15
dteday,15137,368783.15,368879.1166666666,368783.15
dteday,15138,368783.15,368879.1166666666,368783.15
dteday,15139,368783.15,368879.1166666666,368783.15
dteday,15143,368807.15,368879.1166666666,368807.15
dteday,15148,368807.15,368879.1166666666,368807.15
dteday,15149,335851.1831,368879.1166666666,368807.15
dteday,15151,368807.15,368279.01666666666,368807.15
dteday,15183,368831.15,359399.18333333335,368831.15
dteday,15184,368831.15,359399.18333333335,368831.15
dteday,15185,368831.15,359399.18333333335,368831.15
dteday,15203,368855.15,368423.0833333333,368855.15
dteday,15204,368855.15,368423.0833333333,368855.15
dteday,15223,368159.1667,359711.0833333333,368159.1666666667
dteday,15240,368183.1667,368879.1166666666,368183.1666666667
dteday,15241,368183.1667,368879.1166666666,368183.1666666667
dteday,15242,368183.1667,368879.1166666666,368183.1666666667
dteday,15243,368183.1667,368879.1166666666,368183.1666666667
dteday,15251,368183.1667,368879.1166666666,368183.1666666667
dteday,15256,368183.1667,368807.0333333333,368183.1666666667
dteday,15269,368207.1667,368879.1166666666,368207.1666666667
dteday,15294,368231.1667,368879.1166666666,368231.1666666667
dteday,15296,368231.1667,368567.1166666666,368231.1666666667
dteday,15305,368231.1667,368279.01666666666,368231.1666666667
dteday,15315,368255.1667,368879.1166666666,368255.1666666667
dteday,15329,368255.1667,368279.01666666666,368255.1666666667
dteday,15332,368279.1667,368879.1166666666,368279.1666666667
dteday,15333,368279.1667,368879.1166666666,368279.1666666667
dteday,15336,368279.1667,368879.1166666666,368279.1666666667
dteday,15339,368279.1667,368879.1166666666,368279.1666666667
dteday,15340,368279.1667,368879.1166666666,368279.1666666667
dteday,15342,368279.1667,368279.01666666666,368279.1666666667
dteday,15348,368279.1667,368423.0833333333,368279.1666666667
dteday,15351,368279.1667,359399.18333333335,368279.1666666667
dteday,15371,368303.1667,368807.0333333333,368303.1666666667
dteday,15377,368303.1667,368327.0333333333,368303.1666666667
dteday,15378,368303.1667,368327.0333333333,368303.1666666667
dteday,15381,368327.1667,368327.0333333333,368327.1666666667
dteday,15384,382539.6743,368327.0333333333,368327.1666666667
dteday,15386,368327.1667,360095.01666666666,368327.1666666667
dteday,15405,368351.1667,368327.0333333333,368351.1666666667
dteday,15406,368351.1667,368327.0333333333,368351.1666666667
dteday,15407,367050.4866,368279.01666666666,368351.1666666667
dteday,15408,368351.1667,368327.0333333333,368351.1666666667
dteday,15411,368351.1667,368879.1166666666,368351.1666666667
dteday,15414,368351.1667,368255.01666666666,368351.1666666667
dteday,15415,368351.1667,368279.01666666666,368351.1666666667
dteday,15416,368351.1667,368279.01666666666,368351.1666666667
dteday,15429,368375.1667,368879.1166666666,368375.1666666667
dteday,15430,368375.1667,368879.1166666666,368375.1666666667
dteday,15450,368375.1667,359399.18333333335,368375.1666666667
dteday,15455,368399.1667,368279.01666666666,368399.1666666667
dteday,15463,368399.1667,368423.0833333333,368399.1666666667
dteday,15464,368399.1667,368423.0833333333,368399.1666666667
dteday,15468,368399.1667,368423.0833333333,368399.1666666667
dteday,15480,368423.1667,368879.1166666666,368423.1666666667
dteday,15486,368423.1667,368423.0833333333,368423.1666666667
dteday,15513,368447.1667,368423.0833333333,368447.1666666667
dteday,15515,368447.1667,368423.0833333333,368447.1666666667
dteday,15523,368447.1667,368327.0333333333,368447.1666666667
dteday,15546,368471.1667,368327.0333333333,368471.1666666667
dteday,15557,368495.1667,368279.01666666666,368495.1666666667
dteday,15567,368495.1667,368879.1166666666,368495.1666666667
dteday,15574,368519.1667,368279.01666666666,368519.1666666667
dteday,15581,368519.1667,359399.18333333335,368519.1666666667
dteday,15592,368519.1667,359399.18333333335,368519.1666666667
dteday,15599,368543.1667,368327.0333333333,368543.1666666667
dteday,15642,336456.6187,368879.1166666666,368567.1666666667
dteday,15643,368567.1667,368879.1166666666,368567.1666666667
dteday,15644,368591.1667,368879.1166666666,368591.1666666667
dteday,15647,368591.1667,368879.1166666666,368591.1666666667
dteday,15648,368591.1667,368879.1166666666,368591.1666666667
dteday,15656,368591.1667,368279.01666666666,368591.1666666667
dteday,15662,368591.1667,368879.1166666666,368591.1666666667
dteday,15701,368639.1667,359399.18333333335,368639.1666666667
dteday,15726,368663.1667,359399.18333333335,368663.1666666667
dteday,15765,368711.1667,359567.11666666664,368711.1666666667
dteday,15772,350156.7524,368879.1166666666,368711.1666666667
dteday,15777,368711.1667,368807.0333333333,368711.1666666667
dteday,15791,368735.1667,368879.1166666666,368735.1666666667
dteday,15797,368735.1667,368879.1166666666,368735.1666666667
dteday,15798,368735.1667,368879.1166666666,368735.1666666667
dteday,15799,368735.1667,368879.1166666666,368735.1666666667
dteday,15804,368735.1667,368279.01666666666,368735.1666666667
dteday,15805,368735.1667,368279.01666666666,368735.1666666667
dteday,15806,368735.1667,368879.1166666666,368735.1666666667
dteday,15807,368735.1667,368879.1166666666,368735.1666666667
dteday,15810,368735.1667,368879.1166666666,368735.1666666667
dteday,15811,368735.1667,368879.1166666666,368735.1666666667
dteday,15831,368759.1667,368879.1166666666,368759.1666666667
dteday,15832,368759.1667,368879.1166666666,368759.1666666667
dteday,15834,368759.1667,368879.1166666666,368759.1666666667
dteday,15835,368759.1667,368879.1166666666,368759.1666666667
dteday,15843,368783.1667,368879.1166666666,368783.1666666667
dteday,15859,368783.1667,359399.18333333335,368783.1666666667
dteday,15869,368807.1667,359399.18333333335,368807.1666666667
dteday,15887,368855.1667,368327.0333333333,368855.1666666667
dteday,15889,368855.1667,368327.0333333333,368855.1666666667
dteday,15890,368855.1667,368327.0333333333,368855.1666666667
dteday,15893,368855.1667,368327.0333333333,368855.1666666667
dteday,15897,368879.1667,368879.1166666666,368879.1666666667
dteday,15899,368879.1667,368279.01666666666,368879.1666666667
dteday,15900,368879.1667,368327.0333333333,368879.1666666667
dteday,15903,368879.1667,368327.0333333333,368879.1666666667
dteday,15921,368159.1833,368255.01666666666,368159.18333333335
dteday,15947,368183.1833,368279.01666666666,368183.18333333335
dteday,15959,368183.1833,368807.0333333333,368183.18333333335
dteday,15975,368207.1833,360095.01666666666,368207.18333333335
dteday,16017,368255.1833,368879.1166666666,368255.18333333335
dteday,16041,379348.4774,368879.1166666666,368279.18333333335
dteday,16044,368279.1833,368279.01666666666,368279.18333333335
dteday,16046,368279.1833,368279.01666666666,368279.18333333335
dteday,16047,368279.1833,368279.01666666666,368279.18333333335
dteday,16048,368279.1833,368279.01666666666,368279.18333333335
dteday,16055,368279.1833,359711.0833333333,368279.18333333335
dteday,16069,368303.1833,359567.11666666664,368303.18333333335
dteday,16094,368327.1833,368423.0833333333,368327.18333333335
dteday,16116,367795.1549,359567.11666666664,368351.18333333335
dteday,16126,368351.1833,368423.0833333333,368351.18333333335
dteday,16139,368375.1833,368327.0333333333,368375.18333333335
dteday,16140,368375.1833,368327.0333333333,368375.18333333335
dteday,16142,368375.1833,368327.0333333333,368375.18333333335
dteday,16161,368399.1833,368327.0333333333,368399.18333333335
dteday,16164,368399.1833,368327.0333333333,368399.18333333335
dteday,16165,368399.1833,368327.0333333333,368399.18333333335
dteday,16167,368399.1833,368327.0333333333,368399.18333333335
dteday,16169,366124.0846,368279.01666666666,368399.18333333335
dteday,16178,368399.1833,359399.18333333335,368399.18333333335
dteday,16188,368423.1833,368327.0333333333,368423.18333333335
dteday,16189,368423.1833,368327.0333333333,368423.18333333335
dteday,16190,368423.1833,368327.0333333333,368423.18333333335
dteday,16207,368447.1833,368879.1166666666,368447.18333333335
dteday,16209,368447.1833,368327.0333333333,368447.18333333335
dteday,16210,368447.1833,368327.0333333333,368447.18333333335
dteday,16215,368447.1833,368327.0333333333,368447.18333333335
dteday,16217,368447.1833,368255.01666666666,368447.18333333335
dteday,16235,368471.1833,368279.01666666666,368471.18333333335
dteday,16236,368471.1833,368279.01666666666,368471.18333333335
dteday,16278,368495.1833,368327.0333333333,368495.18333333335
dteday,16335,368567.1833,368255.01666666666,368567.18333333335
dteday,16350,368567.1833,360095.01666666666,368567.18333333335
dteday,16351,368591.1833,359567.11666666664,368591.18333333335
dteday,16390,368615.1833,359399.18333333335,368615.18333333335
dteday,16401,368639.1833,368879.1166666666,368639.18333333335
dteday,16402,368639.1833,368327.0333333333,368639.18333333335
dteday,16403,368639.1833,368327.0333333333,368639.18333333335
dteday,16404,368639.1833,368327.0333333333,368639.18333333335
dteday,16405,368639.1833,368327.0333333333,368639.18333333335
dteday,16406,368639.1833,368327.0333333333,368639.18333333335
dteday,16414,368639.1833,368423.0833333333,368639.18333333335
dteday,16425,368663.1833,368255.01666666666,368663.18333333335
dteday,16426,360166.3907,368255.01666666666,368663.18333333335
dteday,16427,368663.1833,368279.01666666666,368663.18333333335
dteday,16428,368663.1833,368879.1166666666,368663.18333333335
dteday,16430,368663.1833,368255.01666666666,368663.18333333335
dteday,16431,368663.1833,368255.01666666666,368663.18333333335
dteday,16449,368687.1833,368255.01666666666,368687.18333333335
dteday,16451,413804.056,368255.01666666666,368687.18333333335
dteday,16455,368687.1833,368327.0333333333,368687.18333333335
dteday,16456,368687.1833,368255.01666666666,368687.18333333335
dteday,16461,368687.1833,368423.0833333333,368687.18333333335
dteday,16475,396245.0652,368279.01666666666,368711.18333333335
dteday,16476,368711.1833,368279.01666666666,368711.18333333335
dteday,16483,368711.1833,368423.0833333333,368711.18333333335
dteday,16484,368711.1833,368423.0833333333,368711.18333333335
dteday,16486,368711.1833,368423.0833333333,368711.18333333335
dteday,16498,368735.1833,368879.1166666666,368735.18333333335
dteday,16500,368735.1833,368279.01666666666,368735.18333333335
dteday,16518,368735.1833,368279.01666666666,368735.18333333335
dteday,16519,368759.1833,368279.01666666666,368759.18333333335
dteday,16520,368759.1833,368279.01666666666,368759.18333333335
dteday,16521,368759.1833,368279.01666666666,368759.18333333335
dteday,16522,368759.1833,368279.01666666666,368759.18333333335
dteday,16523,368759.1833,368279.01666666666,368759.18333333335
dteday,16524,368759.1833,368279.01666666666,368759.18333333335
dteday,16525,368759.1833,368279.01666666666,368759.18333333335
dteday,16554,368783.1833,368327.0333333333,368783.18333333335
dteday,16555,368783.1833,368327.0333333333,368783.18333333335
dteday,16556,368783.1833,368327.0333333333,368783.18333333335
dteday,16557,368783.1833,368327.0333333333,368783.18333333335
dteday,16558,368783.1833,368255.01666666666,368783.18333333335
dteday,16559,368783.1833,368255.01666666666,368783.18333333335
dteday,16560,368783.1833,368255.01666666666,368783.18333333335
dteday,16563,368783.1833,368255.01666666666,368783.18333333335
dteday,16567,341133.6968,368255.01666666666,368807.18333333335
dteday,16568,368807.1833,368255.01666666666,368807.18333333335
dteday,16569,368807.1833,368255.01666666666,368807.18333333335
dteday,16570,368807.1833,368279.01666666666,368807.18333333335
dteday,16586,368807.1833,368423.0833333333,368807.18333333335
dteday,16587,368807.1833,368423.0833333333,368807.18333333335
dteday,16594,368831.1833,368255.01666666666,368831.18333333335
dteday,16595,368831.1833,368279.01666666666,368831.18333333335
dteday,16596,368831.1833,359927.0833333333,368831.18333333335
dteday,16598,368831.1833,368279.01666666666,368831.18333333335
dteday,16616,368855.1833,368255.01666666666,368855.18333333335
dteday,16617,368855.1833,368255.01666666666,368855.18333333335
dteday,16618,368855.1833,368279.01666666666,368855.18333333335
dteday,16635,368855.1833,368255.01666666666,368855.18333333335
dteday,16637,368855.1833,368255.01666666666,368855.18333333335
dteday,16643,368159.2,368327.0333333333,368159.2
dteday,16644,368159.2,359567.11666666664,368159.2
dteday,16645,368159.2,368327.0333333333,368159.2
dteday,16659,368159.2,368327.0333333333,368159.2
dteday,16660,368159.2,368327.0333333333,368159.2
dteday,16662,368183.2,368327.0333333333,368183.2
dteday,16663,368183.2,368327.0333333333,368183.2
dteday,16664,368183.2,368327.0333333333,368183.2
dteday,16667,368183.2,368879.1166666666,368183.2
dteday,16672,368183.2,368327.0333333333,368183.2
dteday,16689,368207.2,368879.1166666666,368207.2
dteday,16712,368231.2,368879.1166666666,368231.2
dteday,16713,368231.2,368327.0333333333,368231.2
dteday,16723,368231.2,359711.0833333333,368231.2
dteday,16730,368231.2,368807.0333333333,368231.2
dteday,16735,368255.2,359399.18333333335,368255.2
dteday,16740,368255.2,359399.18333333335,368255.2
dteday,16743,368255.2,368255.01666666666,368255.2
dteday,16761,368279.2,359399.18333333335,368279.2
dteday,16763,368279.2,359399.18333333335,368279.2
dteday,16764,368279.2,359399.18333333335,368279.2
dteday,16766,368279.2,368423.0833333333,368279.2
dteday,16786,368303.2,368255.01666666666,368303.2
dteday,16788,368303.2,368255.01666666666,368303.2
dteday,16790,373821.0418,368255.01666666666,368303.2
dteday,16816,368327.2,368327.0333333333,368327.2
dteday,16817,368327.2,368327.0333333333,368327.2
dteday,16818,368327.2,368327.0333333333,368327.2
dteday,16819,368327.2,368327.0333333333,368327.2
dteday,16820,368327.2,368327.0333333333,368327.2
dteday,16823,368327.2,368327.0333333333,368327.2
dteday,16824,368327.2,368327.0333333333,368327.2
dteday,16825,368327.2,368327.0333333333,368327.2
dteday,16830,368351.2,368327.0333333333,368351.2
dteday,16831,368351.2,368327.0333333333,368351.2
dteday,16832,368351.2,368327.0333333333,368351.2
dteday,16833,368351.2,368327.0333333333,368351.2
dteday,16835,368351.2,368879.1166666666,368351.2
dteday,16837,368351.2,368327.0333333333,368351.2
dteday,16838,368351.2,368327.0333333333,368351.2
dteday,16839,368351.2,368327.0333333333,368351.2
dteday,16840,368351.2,368327.0333333333,368351.2
dteday,16841,368351.2,368327.0333333333,368351.2
dteday,16843,368351.2,368327.0333333333,368351.2
dteday,16844,368351.2,368327.0333333333,368351.2
dteday,16859,368375.2,359567.11666666664,368375.2
dteday,16869,368375.2,368327.0333333333,368375.2
dteday,16879,368399.2,368879.1166666666,368399.2
dteday,16881,368399.2,368279.01666666666,368399.2
dteday,16882,368399.2,368879.1166666666,368399.2
dteday,16928,368447.2,368879.1166666666,368447.2
dteday,16930,368447.2,368879.1166666666,368447.2
dteday,16936,368447.2,359399.18333333335,368447.2
dteday,16951,368471.2,368279.01666666666,368471.2
dteday,16952,368471.2,368279.01666666666,368471.2
dteday,16953,368471.2,368279.01666666666,368471.2
dteday,16954,368471.2,368255.01666666666,368471.2
dteday,16955,368471.2,368279.01666666666,368471.2
dteday,16958,368471.2,368279.01666666666,368471.2
dteday,16959,368471.2,368255.01666666666,368471.2
dteday,16971,368471.2,368255.01666666666,368471.2
dteday,16972,368471.2,368255.01666666666,368471.2
dteday,16973,368471.2,368255.01666666666,368471.2
dteday,16979,368495.2,368279.01666666666,368495.2
dteday,16980,392455.9944,368255.01666666666,368495.2
dteday,16981,368495.2,368255.01666666666,368495.2
dteday,16982,368495.2,368255.01666666666,368495.2
dteday,16983,368495.2,368255.01666666666,368495.2
dteday,16992,368495.2,359711.0833333333,368495.2
dteday,16995,368495.2,359423.06666666665,368495.2
dteday,17000,368519.2,368327.0333333333,368519.2
dteday,17001,368519.2,368327.0333333333,368519.2
dteday,17002,368519.2,368327.0333333333,368519.2
dteday,17003,368519.2,368327.0333333333,368519.2
dteday,17004,368519.2,368327.0333333333,368519.2
dteday,17005,368519.2,359567.11666666664,368519.2
dteday,17006,368519.2,368327.0333333333,368519.2
dteday,17007,368519.2,368327.0333333333,368519.2
dteday,17008,368519.2,368327.0333333333,368519.2
dteday,17009,368519.2,368327.0333333333,368519.2
dteday,17022,368543.2,368327.0333333333,368543.2
dteday,17023,368543.2,368327.0333333333,368543.2
dteday,17025,374100.1649,368279.01666666666,368543.2
dteday,17027,368543.2,368327.0333333333,368543.2
dteday,17030,368543.2,368327.0333333333,368543.2
dteday,17031,368543.2,368327.0333333333,368543.2
dteday,17032,368543.2,368327.0333333333,368543.2
dteday,17033,368543.2,368327.0333333333,368543.2
dteday,17034,368543.2,368327.0333333333,368543.2
dteday,17035,368543.2,368327.0333333333,368543.2
dteday,17036,368543.2,368327.0333333333,368543.2
dteday,17050,368567.2,368879.1166666666,368567.2
dteday,17051,368567.2,368327.0333333333,368567.2
dteday,17055,368567.2,368327.0333333333,368567.2
dteday,17056,368567.2,359423.06666666665,368567.2
dteday,17072,368591.2,368279.01666666666,368591.2
dteday,17073,368591.2,368255.01666666666,368591.2
dteday,17074,368591.2,368255.01666666666,368591.2
dteday,17075,368591.2,368255.01666666666,368591.2
dteday,17076,368591.2,368255.01666666666,368591.2
dteday,17077,368591.2,368255.01666666666,368591.2
dteday,17079,368591.2,368255.01666666666,368591.2
dteday,17096,368615.2,368879.1166666666,368615.2
dteday,17116,368615.2,368327.0333333333,368615.2
dteday,17120,368639.2,368279.01666666666,368639.2
dteday,17121,368639.2,368279.01666666666,368639.2
dteday,17154,368663.2,368423.0833333333,368663.2
dteday,17156,368663.2,368423.0833333333,368663.2
dteday,17166,368687.2,359567.11666666664,368687.2
dteday,17174,368687.2,368279.01666666666,368687.2
dteday,17190,368711.2,368279.01666666666,368711.2
dteday,17191,368711.2,368279.01666666666,368711.2
dteday,17192,368711.2,368255.01666666666,368711.2
dteday,17193,386429.5686,368279.01666666666,368711.2
dteday,17195,368711.2,368255.01666666666,368711.2
dteday,17197,368711.2,368279.01666666666,368711.2
dteday,17203,368711.2,368327.0333333333,368711.2
dteday,17204,368711.2,368327.0333333333,368711.2
dteday,17205,368711.2,368327.0333333333,368711.2
dteday,17214,368735.2,368327.0333333333,368735.2
dteday,17215,368735.2,368327.0333333333,368735.2
dteday,17216,368735.2,368327.0333333333,368735.2
dteday,17217,368735.2,368279.01666666666,368735.2
dteday,17220,368735.2,368327.0333333333,368735.2
dteday,17221,368735.2,368327.0333333333,368735.2
dteday,17223,368735.2,368255.01666666666,368735.2
dteday,17225,368735.2,359927.0833333333,368735.2
dteday,17240,368759.2,368279.01666666666,368759.2
dteday,17241,368759.2,368279.01666666666,368759.2
dteday,17242,368759.2,368279.01666666666,368759.2
dteday,17246,368759.2,368879.1166666666,368759.2
dteday,17248,368759.2,368327.0333333333,368759.2
dteday,17249,368759.2,368327.0333333333,368759.2
dteday,17251,368759.2,368327.0333333333,368759.2
dteday,17252,368759.2,368327.0333333333,368759.2
dteday,17255,368759.2,368327.0333333333,368759.2
dteday,17257,368759.2,368327.0333333333,368759.2
dteday,17259,368759.2,368327.0333333333,368759.2
dteday,17260,368783.2,368279.01666666666,368783.2
dteday,17262,368783.2,368327.0333333333,368783.2
dteday,17263,368783.2,368327.0333333333,368783.2
dteday,17264,368783.2,368279.01666666666,368783.2
dteday,17307,366029.5595,360095.01666666666,368807.2
dteday,17311,368831.2,368255.01666666666,368831.2
dteday,17312,368831.2,368279.01666666666,368831.2
dteday,17313,368831.2,368279.01666666666,368831.2
dteday,17323,368831.2,368327.0333333333,368831.2
dteday,17324,368831.2,368255.01666666666,368831.2
dteday,17338,368855.2,368879.1166666666,368855.2
dteday,17344,368855.2,368423.0833333333,368855.2
dteday,17345,368855.2,368423.0833333333,368855.2
dteday,17346,368855.2,368423.0833333333,368855.2
dteday,17350,368855.2,368327.0333333333,368855.2
dteday,17354,368855.2,359399.18333333335,368855.2
dteday,17356,368879.2,359399.18333333335,368879.2
dteday,17357,368879.2,359399.18333333335,368879.2
dteday,17360,368879.2,368279.01666666666,368879.2
dteday,17364,368879.2,368279.01666666666,368879.2
dteday,17366,368879.2,368279.01666666666,368879.2
season,9,71,3,1
season,23,77,3,1
season,32,95,3,1
season,47,34,3,1
season,182,12,3,1
season,284,69,3,1
season,306,24,3,1
season,325,60,3,1
season,328,67,3,1
season,370,62,3,1
season,375,53,3,1
season,486,20,3,1
season,511,39,3,1
season,524,14,3,1
season,576,99,3,1
season,580,90,3,1
season,622,92,3,1
season,645,39,3,1
season,662,10,3,1
season,670,60,3,1
season,764,57,3,1
season,813,75,3,1
season,1088,76,3,1
season,1090,81,3,1
season,1095,11,2,1
season,1204,98,3,1
season,1269,14,3,1
season,1272,48,3,1
season,1317,59,3,1
season,1320,58,3,1
season,1362,66,3,1
season,1391,69,3,1
season,1533,51,3,1
season,1571,14,3,1
season,1643,98,3,1
season,1648,42,3,1
season,1649,96,3,1
season,1690,72,3,1
season,1715,77,3,1
season,1763,93,3,1
season,1811,46,1,2
season,1833,86,1,2
season,1835,31,1,2
season,1858,32,1,2
season,1879,88,1,2
season,1881,85,1,2
season,1882,51,1,2
season,1926,71,3,2
season,1931,97,3,2
season,1936,51,1,2
season,1953,53,1,2
season,1957,67,1,2
season,1977,98,3,2
season,1998,12,1,2
season,1999,24,1,2
season,2001,56,3,2
season,2024,53,1,2
season,2044,85,1,2
season,2047,21,1,2
season,2049,73,3,2
season,2072,90,1,2
season,2074,48,3,2
season,2094,22,1,2
season,2120,26,1,2
season,2143,86,1,2
season,2174,50,3,2
season,2192,77,1,2
season,2215,81,1,2
season,2216,37,1,2
season,2239,34,1,2
season,2240,23,1,2
season,2264,38,1,2
season,2300,70,3,2
season,2311,86,1,2
season,2320,43,1,2
season,2334,48,1,2
season,2356,81,1,2
season,2359,11,1,2
season,2381,19,1,2
season,2396,70,1,2
season,2406,33,1,2
season,2407,61,1,2
season,2456,100,1,2
season,2457,83,3,2
season,2466,17,1,2
season,2502,101,1,2
season,2533,100,1,2
season,2537,77,3,2
season,2575,21,1,2
season,2592,48,3,2
season,2653,74,1,2
season,2708,66,3,2
season,2709,87,3,2
season,2718,20,1,2
season,2786,54,1,2
season,2831,19,1,2
season,2833,11,1,2
season,2911,41,1,2
season,2971,64,3,2
season,2981,32,3,2
season,2990,18,1,2
season,3014,96,1,2
season,3030,93,1,2
season,3173,29,3,2
season,3199,24,1,2
season,3245,58,3,2
season,3273,28,3,2
season,6302,4,1,4
season,6304,4,1,4
season,6374,4,1,4
season,6422,4,1,4
season,6456,4,1,4
season,6517,4,1,4
season,6541,4,1,4
season,6686,4,1,4
season,6765,4,1,4
season,6787,4,1,4
season,6854,4,1,4
season,6878,4,1,4
season,6879,4,1,4
season,6901,4,1,4
season,6975,4,1,4
season,7017,4,1,4
season,7044,4,1,4
season,7045,4,1,4
season,7118,4,1,4
season,7164,4,1,4
season,7165,4,1,4
season,7321,4,1,4
season,7333,4,1,4
season,7356,4,1,4
season,7357,4,1,4
season,7406,4,1,4
season,7573,4,1,4
season,7617,4,1,4
season,7658,4,1,4
season,7668,4,1,4
season,7693,4,1,4
season,7717,4,1,4
season,7791,4,1,4
season,7878,4,1,4
season,7884,4,1,4
season,7909,4,1,4
season,7932,4,1,4
season,7933,4,1,4
season,8027,4,1,4
season,8028,4,1,4
season,8052,4,1,4
season,8053,4,1,4
season,8054,4,1,4
season,8076,4,1,4
season,8125,4,1,4
season,8173,4,1,4
season,8196,4,1,4
season,8216,4,1,4
season,8220,4,1,4
season,8244,4,1,4
season,8297,4,1,4
season,8317,4,1,4
season,8319,4,1,4
season,8339,4,1,4
season,8340,57.71410469,1,4
season,8405,61.90981477,4,1
season,8650,71,3,1
season,8766,87,3,1
season,8784,59,2,1
season,8878,86,3,1
season,8884,81,3,1
season,8986,77,3,1
season,9008,48,3,1
season,9027,90,3,1
season,9092,81,3,1
season,9179,51,2,1
season,9197,85,3,1
season,9248,87,3,1
season,9270,25,3,1
season,9295,74,3,1
season,9321,60,3,1
season,9327,63,3,1
season,9364,20,3,1
season,9453,64,3,1
season,9466,51,3,1
season,9498,55,2,1
season,9672,33,3,1
season,9753,63,3,1
season,9845,10,3,1
season,10144,90,3,1
season,10199,69,3,1
season,10239,85,3,1
season,10409,40,2,1
season,10467,31,3,1
season,10525,72,2,1
season,10526,24,3,1
season,10541,56.02195792,4,1
season,11189,-8.917951631,1,2
season,12480,33,3,2
season,12497,78,3,2
season,12548,10,3,2
season,12560,66,3,2
season,12561,4.412560584,3,2
season,12562,60,3,2
season,12564,70,3,2
season,12573,69,3,2
season,12575,13,3,2
season,12640,44,3,2
season,12671,16,3,2
season,12719,75,3,2
season,12739,21,1,2
season,12743,49,3,2
season,12744,85,3,2
season,12745,20,3,2
season,12747,70,3,2
season,12843,19,1,3
season,12895,42,2,3
season,13061,91,2,3
season,13064,50,2,3
season,13223,75,1,3
season,13232,65,2,3
season,13293,65,1,3
season,13391,40,1,3
season,13439,72,2,3
season,13703,88,1,3
season,13834,63,2,3
season,14040,72,2,3
season,14063,83,1,3
season,14803,24.24145057,4,3
season,15256,4,1,4
season,15371,4,1,4
season,15386,4,1,4
season,15407,4,1,4
season,15455,4,1,4
season,15523,4,1,4
season,15546,4,1,4
season,15574,4,1,4
season,15743,4,1,4
season,15777,4,1,4
season,15899,4,1,4
season,15947,4,1,4
season,15959,4,1,4
season,15975,4,1,4
season,16233,4,1,4
season,16278,4,1,4
season,16350,4,1,4
season,16450,4,1,4
season,16475,4,1,4
season,16476,4,1,4
season,16500,4,1,4
season,16569,4,1,4
season,16570,4,1,4
season,16618,4,1,4
season,16730,4,1,4
season,16743,4,1,4
season,16880,4,1,4
season,16881,4,1,4
season,16979,4,1,4
season,17025,4,1,4
yr,32,0.87351119,1,0
yr,35,0.529491944,1,0
yr,69,1.360216238,1,0
yr,95,2.096643659,1,0
yr,97,0.376011115,1,0
yr,157,-3.677771252,3,0
yr,184,-2.617718484,2,0
yr,202,-2.053731405,2,0
yr,209,0.856822062,1,0
yr,272,0.735589166,1,0
yr,303,-3.467091059,3,0
yr,335,0.174785666,1,0
yr,345,3.875292852,1,0
yr,366,-1.187685641,1,0
yr,403,0.760105323,1,0
yr,451,0.735649088,1,0
yr,508,-2.868140312,2,0
yr,545,0.873589396,1,0
yr,546,-3.064963379,3,0
yr,548,-3.516234931,3,0
yr,563,-0.13732768,1,0
yr,585,-1.992153018,1,0
yr,589,-2.962987691,2,0
yr,603,0.687213138,1,0
yr,634,0.708903782,1,0
yr,639,4.172607686,1,0
yr,641,0.918613355,1,0
yr,683,4.551868019,1,0
yr,713,0.019022434,1,0
yr,751,2.041206443,1,0
yr,762,-1.294941939,1,0
yr,772,0.660738527,1,0
yr,810,4.037121479,1,0
yr,813,1.83606731,1,0
yr,825,0.462558221,1,0
yr,841,-1.769941064,1,0
yr,847,0.416759203,1,0
yr,859,2.005531324,1,0
yr,931,-3.196135289,3,0
yr,964,1.055206507,1,0
yr,974,2.016764053,1,0
yr,999,-3.321401186,3,0
yr,1009,-1.940089583,1,0
yr,1099,-1.863775754,1,0
yr,1127,-2.250022138,2,0
yr,1161,2.777230368,1,0
yr,1165,2.700558015,1,0
yr,1172,-1.279239007,1,0
yr,1173,0.697687308,1,0
yr,1174,1.670803795,1,0
yr,1199,-1.092328355,1,0
yr,1258,2.827185191,1,0
yr,1270,-1.482434282,1,0
yr,1291,2.532618126,1,0
yr,1294,2.202794745,1,0
yr,1395,0.646438196,1,0
yr,1419,-3.565050019,3,0
yr,1421,1.755100445,1,0
yr,1444,1.089052538,1,0
yr,1449,3.883955335,1,0
yr,1475,1.345770866,1,0
yr,1492,2.409982772,1,0
yr,1508,0.913854718,1,0
yr,1510,-2.831180198,2,0
yr,1536,-2.641390413,2,0
yr,1548,2.762738044,1,0
yr,1559,1.354173403,1,0
yr,1561,-1.03837574,1,0
yr,1811,3.390424927,1,0
yr,1825,0.790713547,1,0
yr,1834,-4.873871932,4,0
yr,1863,3.808017883,1,0
yr,1887,-1.719115989,1,0
yr,1897,0.668190701,1,0
yr,1901,0.147350208,1,0
yr,1906,-2.262649821,2,0
yr,1914,0.049894387,1,0
yr,1928,0.271538197,1,0
yr,1964,0.111317502,1,0
yr,1976,0.246600834,1,0
yr,1998,-1.362875097,1,0
yr,2002,-1.865181653,1,0
yr,2050,-1.133529468,1,0
yr,2065,-1.029923378,1,0
yr,2078,-2.172529616,2,0
yr,2122,0.858916037,1,0
yr,2130,0.509840465,1,0
yr,2136,-1.215603012,1,0
yr,2141,0.691784948,1,0
yr,2145,0.888570427,1,0
yr,2148,3.765775016,1,0
yr,2187,-5.860229629,5,0
yr,2192,0.08608937,1,0
yr,2224,0.929007536,1,0
yr,2249,0.214731912,1,0
yr,2251,-1.297788542,1,0
yr,2271,1.33859828,1,0
yr,2275,3.055909222,1,0
yr,2282,-2.752735476,2,0
yr,2283,1.824666923,1,0
yr,2327,-3.505636862,3,0
yr,2338,1.006871899,1,0
yr,2342,3.847343282,1,0
yr,2348,2.916164268,1,0
yr,2361,1.74334983,1,0
yr,2392,-3.403564643,3,0
yr,2408,-2.067620461,2,0
yr,2413,1.71564789,1,0
yr,2415,1.95895308,1,0
yr,2420,0.918422531,1,0
yr,2440,0.666558074,1,0
yr,2482,1.254213196,1,0
yr,2610,-2.267332237,2,0
yr,2631,0.825333474,1,0
yr,2724,-1.157457001,1,0
yr,2821,-0.04677268,1,0
yr,2854,2.746118459,1,0
yr,2903,1.736442537,1,0
yr,2924,1.086809605,1,0
yr,2931,1.956946167,1,0
yr,2968,1.910387502,1,0
yr,2991,1.434084905,1,0
yr,3002,-1.085111982,1,0
yr,3022,1.987535495,1,0
yr,3053,1.114650637,1,0
yr,3074,0.504933598,1,0
yr,3076,3.190798678,1,0
yr,3084,0.600472445,1,0
yr,3104,1.146460651,1,0
yr,3112,-1.399199144,1,0
yr,3131,0.332372642,1,0
yr,3134,0.312148037,1,0
yr,3192,1.403111675,1,0
yr,3198,0.50620583,1,0
yr,3206,0.838528502,1,0
yr,3229,1.995126576,1,0
yr,3231,-0.83103564,1,0
yr,3257,3.600232937,1,0
yr,3309,-2.14033294,1,0
yr,3329,-1.148237782,1,0
yr,3337,-2.966253862,2,0
yr,3356,1.232555368,1,0
yr,3404,-1.360069971,1,0
yr,3412,0.363976743,1,0
yr,3416,-1.369169513,1,0
yr,3426,-3.219452546,3,0
yr,3471,0.022355643,1,0
yr,3493,-3.7993861,1,0
yr,3496,0.334973936,1,0
yr,3625,4.560851018,1,0
yr,3646,0.758761442,1,0
yr,3655,0.319322737,1,0
yr,3680,4.352496117,1,0
yr,3684,0.332720903,1,0
yr,3722,-1.776272003,1,0
yr,3726,0.223592315,1,0
yr,3728,0.40524198,1,0
yr,3801,-1.484184774,1,0
yr,3819,-2.57852592,1,0
yr,3824,1.361502247,1,0
yr,3843,-2.274069753,2,0
yr,3849,2.297926786,1,0
yr,3866,1.517598066,1,0
yr,3872,-1.009541503,1,0
yr,3875,2.771320087,1,0
yr,3878,0.25455196,1,0
yr,3958,-3.908391406,3,0
yr,3963,0.322904802,1,0
yr,4016,-2.678392239,2,0
yr,4032,-1.480330882,1,0
yr,4047,0.466469013,1,0
yr,4055,-4.722265348,4,0
yr,4060,-1.664204413,1,0
yr,4087,-1.468169225,1,0
yr,4105,-1.255614263,1,0
yr,4150,3.828388296,1,0
yr,4219,1.781576482,1,0
yr,4220,-1.186371378,1,0
yr,4281,-1.186208105,1,0
yr,4310,1.841907254,1,0
yr,4326,1.943891196,1,0
yr,4333,0.643605214,1,0
yr,4378,1.980966964,1,0
yr,4385,-2.229410984,2,0
yr,4387,0.842084864,1,0
yr,4402,-1.826709695,1,0
yr,4448,-3.286438555,3,0
yr,4453,-1.615769847,1,0
yr,4471,0.759639158,1,0
yr,4481,-3.25413037,1,0
yr,4490,-4.38716289,1,0
yr,4496,0.9734245,1,0
yr,4551,-2.925028695,2,0
yr,4601,0.202016666,1,0
yr,4612,-2.854759766,2,0
yr,4656,1.056306641,1,0
yr,4715,-1.413041885,1,0
yr,4721,0.479230143,1,0
yr,4738,3.810416459,1,0
yr,4756,3.625704067,1,0
yr,4835,0.499594144,1,0
yr,4841,4.2991277,1,0
yr,4903,1.904223055,1,0
yr,4937,3.378618848,1,0
yr,4978,1.07625082,1,0
yr,5028,2.186225948,1,0
yr,5046,0.529161418,1,0
yr,5089,3.203228015,1,0
yr,5118,-3.506245704,3,0
yr,5150,-1.220735855,1,0
yr,5161,-3.346995438,3,0
yr,5180,-2.985807345,2,0
yr,5184,0.474895298,1,0
yr,5272,-1.050495411,1,0
yr,5308,1.091223979,1,0
yr,5310,-4.829287286,4,0
yr,5315,-1.453663897,1,0
yr,5330,0.02414202,1,0
yr,5336,-1.161681135,1,0
yr,5349,2.576100736,1,0
yr,5357,1.927082252,1,0
yr,5438,-2.478181551,2,0
yr,5451,1.656872129,1,0
yr,5470,1.212871162,1,0
yr,5483,-1.702026192,1,0
yr,5508,3.205936409,1,0
yr,5560,0.192813293,1,0
yr,5667,-0.75126913,1,0
yr,5686,3.841366337,1,0
yr,5691,-1.909313609,1,0
yr,5743,-2.741335208,2,0
yr,5749,1.866130339,1,0
yr,5777,2.857091815,1,0
yr,5818,4.717408963,1,0
yr,5828,3.743315087,1,0
yr,5877,-2.874694679,2,0
yr,5888,-2.198457887,2,0
yr,5892,1.42367909,1,0
yr,5904,0.031739377,1,0
yr,5934,-1.271501355,1,0
yr,5954,-1.673554731,1,0
yr,6111,-3.528045856,3,0
yr,6126,-2.524407458,2,0
yr,6137,-1.315278877,1,0
yr,6320,1.844362739,1,0
yr,6346,-1.978406687,1,0
yr,6388,0.964232963,1,0
yr,6409,3.768044497,1,0
yr,6411,-2.320187453,2,0
yr,6422,1.281128205,1,0
yr,6455,-1.067172458,1,0
yr,6508,1.849120643,1,0
yr,6520,-0.47316228,1,0
yr,6559,-2.71315806,1,0
yr,6566,4.726729055,1,0
yr,6625,0.80166254,1,0
yr,6648,0.43837026,1,0
yr,6652,-1.667997945,1,0
yr,6694,0.710019456,1,0
yr,6708,0.874449431,1,0
yr,6711,4.647320924,1,0
yr,6734,1.14378745,1,0
yr,6764,2.006116465,1,0
yr,6769,1.682089161,1,0
yr,6788,0.830417008,1,0
yr,6816,0.311746913,1,0
yr,6819,1.315241644,1,0
yr,6823,1.932431285,1,0
yr,6834,-1.655144149,1,0
yr,6851,3.105133487,1,0
yr,6887,-2.744886588,2,0
yr,6903,2.078966349,1,0
yr,6966,-2.969780599,2,0
yr,7032,-1.395770553,1,0
yr,7034,4.471101785,1,0
yr,7077,-0.33897459,1,0
yr,7081,1.160502342,1,0
yr,7089,0.165583921,1,0
yr,7090,1.151312516,1,0
yr,7124,-1.693769179,1,0
yr,7162,0.629405232,1,0
yr,7175,0.47877739,1,0
yr,7198,-1.748474136,1,0
yr,7200,1.061239186,1,0
yr,7251,1.653534491,1,0
yr,7279,2.995868715,1,0
yr,7293,0.559585756,1,0
yr,7306,-1.326416029,1,0
yr,7365,0.811781413,1,0
yr,7378,0.957587263,1,0
yr,7384,-1.324804554,1,0
yr,7449,0.545743307,1,0
yr,7531,1.307573334,1,0
yr,7570,3.527088339,1,0
yr,7578,-1.772084941,1,0
yr,7580,-2.016601509,2,0
yr,7715,0.984502826,1,0
yr,7742,2.191891538,1,0
yr,7745,0.390133021,1,0
yr,7755,2.42951353,1,0
yr,7762,0.743482095,1,0
yr,7774,1.396823677,1,0
yr,7851,-1.943506412,1,0
yr,7870,1.519065276,1,0
yr,7875,-2.715561428,2,0
yr,7980,-1.493762075,1,0
yr,7984,0.666335894,1,0
yr,8011,0.5959414,1,0
yr,8048,-0.44891946,1,0
yr,8081,-3.298610038,3,0
yr,8175,3.476490335,1,0
yr,8231,-2.087499178,2,0
yr,8254,-3.16302188,1,0
yr,8259,3.568537595,1,0
yr,8319,2.72028953,1,0
yr,8388,2.526583152,1,0
yr,8390,-2.411751758,2,0
yr,8419,1.050114847,1,0
yr,8438,2.835298118,1,0
yr,8452,0.249934933,1,0
yr,8454,0.187619263,1,0
yr,8460,-1.723875196,1,0
yr,8469,-1.633489557,1,0
yr,8470,0.962182046,1,0
yr,8473,-1.477088655,1,0
yr,8474,4.90227027,1,0
yr,8502,-2.032633824,2,0
yr,8521,2.030064501,1,0
yr,8526,3.596842261,1,0
yr,8527,0.723764085,1,0
yr,8547,-1.027644103,1,0
yr,8578,2.203008439,1,0
yr,8618,1.870558266,1,0
yr,8631,1.838937229,1,0
yr,8785,-2.066966999,2,1
yr,8837,-0.928611416,0,1
yr,8843,-0.244569792,0,1
yr,8852,-0.126715699,0,1
yr,8961,-0.927851362,0,1
yr,9135,-0.272096892,0,1
yr,9171,-0.423172925,0,1
yr,9349,-3.882510823,3,1
yr,9380,-0.718611108,0,1
yr,9591,-0.566900547,0,1
yr,9615,-2.509287854,2,1
yr,9674,-2.886044119,2,1
yr,9727,-2.445463952,2,1
yr,10165,-0.029364847,0,1
yr,10393,-0.331104621,0,1
yr,10490,-0.060905757,0,1
yr,10648,-2.544541152,2,1
yr,10745,-0.384184991,0,1
yr,10767,-2.331232005,2,1
yr,10776,-2.022532916,2,1
yr,10905,-0.092636489,0,1
yr,11025,-0.191862198,0,1
yr,11075,-2.101868304,2,1
yr,11183,-2.017306741,2,1
yr,11222,-0.259251588,0,1
yr,11456,-0.808730913,0,1
yr,11550,-3.179556818,3,1
yr,11645,-2.184323893,2,1
yr,11903,-0.495552893,0,1
yr,12041,-0.208536249,0,1
yr,12095,-2.727048731,2,1
yr,12350,-2.070592752,2,1
yr,12408,-4.094162028,4,1
yr,12758,-0.642458885,0,1
yr,12764,-3.089974994,3,1
yr,12883,-0.927700532,0,1
yr,13276,-0.870268321,0,1
yr,13304,-0.324825987,0,1
yr,13598,-0.265601005,0,1
yr,13604,-0.714569169,0,1
yr,13633,-0.679436696,0,1
yr,13949,-0.544267895,0,1
yr,13990,-0.681057103,0,1
yr,14079,-3.250218687,3,1
yr,14129,-0.236514931,0,1
yr,14173,-3.061326982,3,1
yr,14339,-0.938416541,0,1
yr,14396,-2.110387727,2,1
yr,14400,-0.368410386,0,1
yr,14674,-4.060284729,4,1
yr,14791,-0.722414938,0,1
yr,14983,-0.564842265,0,1
yr,15053,-0.417584629,0,1
yr,15091,-0.695728756,0,1
yr,15105,-0.333041352,0,1
yr,15213,-0.599204092,0,1
yr,15276,-2.449503659,2,1
yr,15343,-0.577207697,0,1
yr,15623,-0.120021148,0,1
yr,15937,-0.176787819,0,1
yr,15996,-0.466132123,0,1
yr,16072,-0.676563751,0,1
yr,16216,-0.995378375,0,1
yr,16295,-0.463564982,0,1
yr,16342,-0.966233944,0,1
yr,16566,-0.311644864,0,1
yr,16704,-2.391348592,2,1
yr,16789,-3.675472831,3,1
yr,16857,-2.183431535,2,1
yr,16915,-0.764693793,0,1
yr,17001,-0.234253279,0,1
yr,17078,-0.637851104,0,1
yr,17090,-0.348867013,0,1
yr,17138,-0.716977255,0,1
yr,17240,-0.502543497,0,1
yr,17312,-2.360325317,2,1
mnth,1,1,12,1
mnth,4,1,12,1
mnth,5,1,3,1
mnth,6,1,3,1
mnth,9,-24.77026685,7,1
mnth,10,1,12,1
mnth,11,1,12,1
mnth,23,1,9,1
mnth,27,21.18572226,7,1
mnth,31,1.672894588,6,1
mnth,32,1,7,1
mnth,33,1,12,1
mnth,47,1,7,1
mnth,50,1,3,1
mnth,65,1,12,1
mnth,72,1,3,1
mnth,93,-8.565520107,0,1
mnth,102,-1.156493282,8,1
mnth,115,1,12,1
mnth,116,1,12,1
mnth,118,1,12,1
mnth,119,1,3,1
mnth,120,-9.093333081,8,1
mnth,122,1,12,1
mnth,123,1,12,1
mnth,124,1,12,1
mnth,125,-6.610427492,9,1
mnth,127,1,12,1
mnth,130,1,12,1
mnth,138,-24.45308857,23,1
mnth,141,1,3,1
mnth,142,1,3,1
mnth,150,-5.767622898,9,1
mnth,155,1,12,1
mnth,163,-7.324216171,7,1
mnth,164,1,12,1
mnth,166,1,3,1
mnth,182,1,9,1
mnth,190,1,3,1
mnth,191,1,3,1
mnth,192,1,3,1
mnth,194,6.427762689,4,1
mnth,202,-30.17939715,39,1
mnth,211,1,3,1
mnth,213,1,3,1
mnth,238,1,7,1
mnth,239,1,12,1
mnth,251,1,12,1
mnth,258,1,3,1
mnth,264,2.380625457,3,1
mnth,271,17.45898828,9,1
mnth,274,5.402934839,4,1
mnth,284,1,9,1
mnth,291,-12.95574104,15,1
mnth,304,1,3,1
mnth,305,1,3,1
mnth,306,1,7,1
mnth,307,1,12,1
mnth,309,1,12,1
mnth,315,30.97624761,2,1
mnth,318,-16.46775703,17,1
mnth,319,1,12,1
mnth,321,1,12,1
mnth,324,1,7,1
mnth,325,1,9,1
mnth,328,1,7,1
mnth,329,1,12,1
mnth,330,1,3,1
mnth,331,1.991142056,9,1
mnth,332,1,12,1
mnth,349,1,12,1
mnth,353,1,3,1
mnth,355,1,3,1
mnth,358,11.1249879,11.124987,1
mnth,366,-8.389925403,0,1
mnth,370,1,9,1
mnth,375,1,7,1
mnth,378,1,3,1
mnth,394,9.0553691,7,1
mnth,399,1,9,1
mnth,402,1,2,1
mnth,424,1,12,1
mnth,431,1,9,1
mnth,433,1,12,1
mnth,434,1,12,1
mnth,435,1,3,1
mnth,436,1,3,1
mnth,444,1,12,1
mnth,458,11.58408763,0,1
mnth,459,2.717185555,7,1
mnth,460,1,3,1
mnth,462,1,7,1
mnth,479,1,7,1
mnth,486,1,7,1
mnth,487,-0.226629734,7,1
mnth,492,1,12,1
mnth,494,1,12,1
mnth,501,1,12,1
mnth,508,1,3,1
mnth,511,1,9,1
mnth,524,1,9,1
mnth,527,1,3,1
mnth,528,1,3,1
mnth,529,1,3,1
mnth,532,1,12,1
mnth,533,1,12,1
mnth,534,-25.96398797,23,1
mnth,535,1,12,1
mnth,542,1,4,1
mnth,550,19.50227903,2,1
mnth,552,1,3,1
mnth,557,24.16334975,3,1
mnth,562,1,12,1
mnth,563,13.07894892,9,1
mnth,564,1,12,1
mnth,565,1,12,1
mnth,575,1,3,1
mnth,576,1,7,1
mnth,580,1,9,1
mnth,594,1,7,1
mnth,599,1,3,1
mnth,610,1,12,1
mnth,619,1,9,1
mnth,622,1,7,1
mnth,635,1,12,1
mnth,645,1,7,1
mnth,646,1,3,1
mnth,649,1,12,1
mnth,650,1,12,1
mnth,651,1,12,1
mnth,656,1,12,1
mnth,657,1,12,1
mnth,662,1,9,1
mnth,667,1,3,1
mnth,670,1,7,1
mnth,678,-14.17766433,17,1
mnth,681,10.29505432,0,1
mnth,687,10.82397711,9,1
mnth,689,2,7,2
mnth,691,-0.06658313,1,2
mnth,696,2.587763068,6,2
mnth,699,12.59537215,3,2
mnth,706,29.00974089,7,2
mnth,712,-2.677426098,9,2
mnth,715,2,3,2
mnth,716,2,3,2
mnth,739,2,3,2
mnth,759,-9.053373258,5,2
mnth,761,0.997343556,9,2
mnth,762,2,3,2
mnth,764,-5.206221763,9,2
mnth,784,-0.017177395,9,2
mnth,786,5.810085002,7,2
mnth,811,2,3,2
mnth,812,2,3,2
mnth,813,2,7,2
mnth,823,2,5,2
mnth,827,2,7,2
mnth,833,2,3,2
mnth,857,2,3,2
mnth,895,30.36003487,12,2
mnth,896,6.763212915,7,2
mnth,904,2,3,2
mnth,943,5.576471447,4,2
mnth,950,23.39271335,7,2
mnth,951,2,3,2
mnth,959,30.24477301,7,2
mnth,961,-18.93668069,16,2
mnth,965,15.02534079,3,2
mnth,970,-22.82320158,23,2
mnth,981,-5.799519003,0,2
mnth,995,-10.75964154,19,2
mnth,1014,4.040967068,6,2
mnth,1020,2,3,2
mnth,1039,-8.109820156,5,2
mnth,1042,2,3,2
mnth,1043,2,3,2
mnth,1062,6.364937644,12,2
mnth,1067,24.83107408,0,2
mnth,1088,2,7,2
mnth,1090,2,7,2
mnth,1091,2,3,2
mnth,1095,2,5,2
mnth,1104,12.87397812,9,2
mnth,1139,2,3,2
mnth,1162,2,3,2
mnth,1164,2,7,2
mnth,1165,-8.017544807,0,2
mnth,1171,-7.554306859,5,2
mnth,1194,2,11,2
mnth,1198,-15.71387883,13,2
mnth,1202,-0.949336086,3,2
mnth,1204,2,7,2
mnth,1209,1.966724634,9,2
mnth,1213,1.029872274,7,2
mnth,1262,-20.74251809,22,2
mnth,1269,2,9,2
mnth,1270,2,7,2
mnth,1272,2,7,2
mnth,1282,-1.326666392,9,2
mnth,1290,25.53876764,7,2
mnth,1300,-3.194329143,4,2
mnth,1309,-8.309732304,0,2
mnth,1317,2,7,2
mnth,1318,2,3,2
mnth,1320,2,9,2
mnth,1321,-23.90952729,29,2
mnth,1324,41.52669248,6,2
mnth,1352,7.815980355,8,3
mnth,1362,3,7,3
mnth,1375,3,2,3
mnth,1391,0.742388226,7,3
mnth,1404,2.634082277,11,3
mnth,1410,45.63017107,1,3
mnth,1419,-12.44375093,13,3
mnth,1435,-1.224132441,4,3
mnth,1446,3,11,3
mnth,1481,1.637529796,6,3
mnth,1533,3,7,3
mnth,1564,18.42872974,7,3
mnth,1567,21.50625065,2,3
mnth,1571,3,9,3
mnth,1573,3,7,3
mnth,1575,-10.65364622,7,3
mnth,1585,16.76669763,6,3
mnth,1587,-9.575789828,2,3
mnth,1605,-23.48438448,24,3
mnth,1612,29.37360185,6,3
mnth,1630,7.417678003,4,3
mnth,1636,-9.970896562,6,3
mnth,1643,3,9,3
mnth,1648,3,7,3
mnth,1649,3,9,3
mnth,1650,-8.739935204,0,3
mnth,1690,3,7,3
mnth,1709,3,5,3
mnth,1712,3,7,3
mnth,1715,3,7,3
mnth,1717,14.47095656,1,3
mnth,1721,-9.460842222,2,3
mnth,1727,-3.922170913,1,3
mnth,1728,3,2,3
mnth,1741,-8.061221462,6,3
mnth,1761,10.88848443,4,3
mnth,1763,3,7,3
mnth,1770,-2.162075155,5,3
mnth,1772,-23.13722165,27,3
mnth,1794,-23.81403054,24,3
mnth,1797,-1.751834364,6,3
mnth,1799,7.598014698,9,3
mnth,1809,-2.934828487,8,3
mnth,1824,-10.75174376,5,3
mnth,1843,3,5,3
mnth,1888,-2.763128391,9,3
mnth,1899,21.92183759,8,3
mnth,1905,6.601650144,6,3
mnth,1913,45.38709829,0,3
mnth,1926,3,9,3
mnth,1927,3,7,3
mnth,1931,19.30141154,7,3
mnth,1935,8.76953366,8,3
mnth,1936,3,2,3
mnth,1938,-55.28865842,58,3
mnth,1939,9.836808453,8,3
mnth,1943,-9.006116592,9,3
mnth,1963,12.66467386,6,3
mnth,1977,3,7,3
mnth,1978,-2.177293706,0,3
mnth,1981,7.082613626,5,3
mnth,2001,3,7,3
mnth,2007,-6.075452111,1,3
mnth,2015,-13.46197063,11,3
mnth,2023,-29.98484071,24,3
mnth,2030,0.93790014,0,3
mnth,2041,3,7,3
mnth,2049,3,7,3
mnth,2053,-11.44384671,13,3
mnth,2067,3,7,3
mnth,2074,4,9,4
mnth,2084,4,11,4
mnth,2105,-12.90042509,10,4
mnth,2112,15.2531203,15.25312,4
mnth,2130,17.73858924,5,4
mnth,2143,4,3,4
mnth,2174,4,9,4
mnth,2192,4,3,4
mnth,2207,1.837061621,8,4
mnth,2214,0.724393725,7,4
mnth,2215,-10.037441,1,4
mnth,2216,4,3,4
mnth,2219,10.78096804,9,4
mnth,2221,4,12,4
mnth,2239,4,3,4
mnth,2240,4,3,4
mnth,2250,-0.667754754,5,4
mnth,2277,20.53124176,2,4
mnth,2300,-2.921527008,7,4
mnth,2304,1.309918507,3,4
mnth,2311,4,3,4
mnth,2312,-21.88996189,29,4
mnth,2334,4,3,4
mnth,2345,3.732196009,7,4
mnth,2356,4,3,4
mnth,2362,-5.850317466,6,4
mnth,2388,4,12,4
mnth,2395,-27.53587587,25,4
mnth,2403,4,7,4
mnth,2414,-13.15531104,15,4
mnth,2419,-14.57233163,12,4
mnth,2427,-11.07382048,13,4
mnth,2457,4,7,4
mnth,2468,4,2,4
mnth,2491,-0.079458662,6,4
mnth,2497,4.219938101,2,4
mnth,2562,15.09960036,6,4
mnth,2563,-4.560083202,0,4
mnth,2573,-14.14070436,10,4
mnth,2592,4,9,4
mnth,2600,-2.32400009,12,4
mnth,2626,4,7,4
mnth,2644,37.86877819,7,4
mnth,2653,4,2,4
mnth,2658,27.22454035,5,4
mnth,2659,11.38750336,5,4
mnth,2667,4,7,4
mnth,2669,-13.83416836,14,4
mnth,2691,4,7,4
mnth,2710,-2.688487561,6,4
mnth,2728,4,5,4
mnth,2756,-25.78150097,21,4
mnth,2760,28.73350876,5,4
mnth,2768,22.52654618,5,4
mnth,2783,0.242416728,2,4
mnth,2786,4,2,4
mnth,2813,24.19194333,9,5
mnth,2824,5,12,5
mnth,2831,7.75809766,7,5
mnth,2833,5,2,5
mnth,2854,-22.01503779,25,5
mnth,2859,5,7,5
mnth,2862,5,3,5
mnth,2883,5,7,5
mnth,2890,14.29772704,7,5
mnth,2892,5,4,5
mnth,2898,34.19832311,3,5
mnth,2911,5,3,5
mnth,2940,0.882470032,8,5
mnth,2968,29.59911903,1,5
mnth,2971,5,6,5
mnth,2981,5,7,5
mnth,2990,5,2,5
mnth,3007,21.99404406,0,5
mnth,3014,5,2,5
mnth,3019,37.36266263,6,5
mnth,3039,-10.8300838,0,5
mnth,3053,31.28176212,7,5
mnth,3067,20.71082824,7,5
mnth,3109,5,11,5
mnth,3147,-12.32469307,14,5
mnth,3172,-1.946704845,4,5
mnth,3173,5,7,5
mnth,3180,16.77937732,3,5
mnth,3185,5,4,5
mnth,3210,5,11,5
mnth,3245,29.4398673,7,5
mnth,3248,5,9,5
mnth,3273,5,9,5
mnth,3308,5,2,5
mnth,3324,5,11,5
mnth,3345,-6.999414136,3,5
mnth,3351,1,12,5
mnth,3364,1,7,5
mnth,3365,1,7,5
mnth,3375,15.85204893,0,5
mnth,3391,1,12,5
mnth,3392,27.99943854,7,5
mnth,3404,-19.14410823,14,5
mnth,3431,-9.876488925,2,5
mnth,3445,-5.719107587,8,5
mnth,3448,1,6,5
mnth,3453,1,6,5
mnth,3454,0.74086005,0,5
mnth,3458,1,2,5
mnth,3462,1.608656998,6,5
mnth,3481,1,9,5
mnth,3482,1,9,5
mnth,3490,1,12,5
mnth,3491,1,9,5
mnth,3494,1,12,5
mnth,3497,1,12,5
mnth,3503,1,12,5
mnth,3504,-24.22085539,20,5
mnth,3510,1,12,5
mnth,3517,-28.13275045,22,5
mnth,3518,1,12,5
mnth,3521,1,12,5
mnth,3536,1,9,6
mnth,3543,1,12,6
mnth,3544,-1.740788345,4,6
mnth,3551,-8.462861204,0,6
mnth,3553,5.033308827,2,6
mnth,3575,-9.060517926,2,6
mnth,3581,10.53331811,3,6
mnth,3583,-35.82786606,37,6
mnth,3584,1,9,6
mnth,3591,-4.750049946,4,6
mnth,3596,-13.03506008,15,6
mnth,3601,1,12,6
mnth,3603,1,12,6
mnth,3608,1,7,6
mnth,3609,1,9,6
mnth,3610,1,12,6
mnth,3611,1,2,6
mnth,3621,-28.37502489,25,6
mnth,3624,15.16394558,9,6
mnth,3626,1,12,6
mnth,3634,1,7,6
mnth,3640,-0.733892875,7,6
mnth,3642,1,12,6
mnth,3644,1,12,6
mnth,3648,0.69198713,0,6
mnth,3653,1,7,6
mnth,3654,1,12,6
mnth,3655,1,7,6
mnth,3657,1,12,6
mnth,3664,1,12,6
mnth,3675,14.88699527,9,6
mnth,3699,1,9,6
mnth,3700,1,12,6
mnth,3703,1,12,6
mnth,3704,1,12,6
mnth,3709,3.14505521,3,6
mnth,3712,1,12,6
mnth,3718,3.887779061,8,6
mnth,3728,1,12,6
mnth,3732,1,12,6
mnth,3744,1,12,6
mnth,3752,1,9,6
mnth,3756,1,12,6
mnth,3757,1,12,6
mnth,3758,1,12,6
mnth,3761,1,12,6
mnth,3766,1,2,6
mnth,3774,1,9,6
mnth,3793,-31.97687072,36,6
mnth,3798,1,9,6
mnth,3803,-9.729753151,5,6
mnth,3807,1,12,6
mnth,3819,1,9,6
mnth,3830,19.93621896,2,6
mnth,3832,1,12,6
mnth,3843,-5.94155959,11,6
mnth,3857,-2.104887334,3,6
mnth,3870,1,3,6
mnth,3873,1,5,6
mnth,3876,1,12,6
mnth,3878,1,12,6
mnth,3881,1,12,6
mnth,3882,1,12,6
mnth,3890,1,12,6
mnth,3892,1,12,6
mnth,3901,1,5,6
mnth,3908,1,5,6
mnth,3910,-0.665626082,8,6
mnth,3920,1,12,6
mnth,3922,1,12,6
mnth,3923,1,12,6
mnth,3924,15.79993526,9,6
mnth,3925,1,12,6
mnth,3941,1,12,6
mnth,3942,6.167841439,3,6
mnth,3944,1,12,6
mnth,3945,1,7,6
mnth,3952,1,12,6
mnth,3953,-36.0029931,9,6
mnth,3962,1,12,6
mnth,3963,1,12,6
mnth,3968,1,12,6
mnth,3979,-19.27879245,18,6
mnth,3980,1,12,6
mnth,3982,2.812178167,8,6
mnth,3984,1,11,6
mnth,3990,1,3,6
mnth,4004,1,12,6
mnth,4018,1,12,6
mnth,4026,1,12,6
mnth,4039,1,12,6
mnth,4040,1,12,6
mnth,4041,1,12,6
mnth,4042,1,12,6
mnth,4048,-6.168648842,4,6
mnth,4055,-0.075793255,5,6
mnth,4081,25.4401231,25.440123,6
mnth,4084,1,9,6
mnth,4103,1,7,6
mnth,4105,-0.497554978,11,6
mnth,4118,1,12,6
mnth,4122,1,12,6
mnth,4131,1,12,6
mnth,4136,1,12,6
mnth,4137,1,12,6
mnth,4138,1,12,6
mnth,4148,1,3,6
mnth,4153,1,12,6
mnth,4156,11.57719589,1,6
mnth,4164,1,12,6
mnth,4166,1,12,6
mnth,4167,1,12,6
mnth,4170,1,12,6
mnth,4173,1,12,6
mnth,4176,1,12,6
mnth,4177,1,12,6
mnth,4178,1,12,6
mnth,4180,1,12,6
mnth,4181,1,12,6
mnth,4182,1,12,6
mnth,4183,1,7,6
mnth,4184,1,12,6
mnth,4188,1,12,6
mnth,4190,1,11,6
mnth,4192,1,12,6
mnth,4194,1,12,6
mnth,4199,1,12,6
mnth,4204,1,9,6
mnth,4210,15.1126653,15.112665,6
mnth,4214,1,12,6
mnth,4229,1,7,6
mnth,4237,1,3,6
mnth,4250,1,12,6
mnth,4251,1,12,7
mnth,4253,1,12,7
mnth,4254,1,12,7
mnth,4255,1,12,7
mnth,4261,1,12,7
mnth,4262,1,12,7
mnth,4263,1,12,7
mnth,4264,1,12,7
mnth,4267,1,12,7
mnth,4271,1,3,7
mnth,4273,1,12,7
mnth,4276,1,12,7
mnth,4277,1,12,7
mnth,4278,1,12,7
mnth,4279,1,12,7
mnth,4282,1,12,7
mnth,4285,1,12,7
mnth,4289,1,12,7
mnth,4302,17.26895463,9,7
mnth,4304,1,3,7
mnth,4319,1,12,7
mnth,4320,1,11,7
mnth,4325,1,12,7
mnth,4326,1,12,7
mnth,4336,1,12,7
mnth,4337,1,12,7
mnth,4339,1,12,7
mnth,4340,1,12,7
mnth,4352,1,12,7
mnth,4358,-13.27264291,12,7
mnth,4361,-14.02550241,15,7
mnth,4362,1,12,7
mnth,4374,1,12,7
mnth,4377,1,5,7
mnth,4378,1,12,7
mnth,4382,1,12,7
mnth,4402,1,9,7
mnth,4405,1,12,7
mnth,4407,1,12,7
mnth,4408,1,12,7
mnth,4418,1,12,7
mnth,4420,1,12,7
mnth,4428,0.293591335,2,7
mnth,4432,22.3701335,22.370133,7
mnth,4434,13.27419998,1,7
mnth,4436,1,11,7
mnth,4443,1,5,7
mnth,4454,12.06028302,2,7
mnth,4459,1,12,7
mnth,4460,1,12,7
mnth,4462,1,2,7
mnth,4472,7.802824151,8,7
mnth,4474,7.553823524,2,7
mnth,4475,1,12,7
mnth,4489,-1.654245616,1,7
mnth,4497,1,5,7
mnth,4509,1,3,7
mnth,4522,-11.83643752,16,7
mnth,4526,1,2,7
mnth,4538,1,12,7
mnth,4539,1,12,7
mnth,4540,1,12,7
mnth,4541,1,12,7
mnth,4545,1,5,7
mnth,4555,1,9,7
mnth,4556,1,12,7
mnth,4561,1,4,7
mnth,4568,1,9,7
mnth,4573,6.512906645,4,7
mnth,4574,5.627733721,3,7
mnth,4581,1,3,7
mnth,4587,-33.92711763,37,7
mnth,4610,1,11,7
mnth,4635,1,2,7
mnth,4644,1,4,7
mnth,4645,-21.32997773,29,7
mnth,4648,1,3,7
mnth,4676,-4.048861408,0,7
mnth,4694,1,12,7
mnth,4700,1,12,7
mnth,4701,1,4,7
mnth,4704,-19.54490399,14,7
mnth,4705,1,12,7
mnth,4708,1,12,7
mnth,4709,1,12,7
mnth,4711,1,12,7
mnth,4715,1,12,7
mnth,4716,14.67525555,2,7
mnth,4717,1,12,7
mnth,4719,1,12,7
mnth,4723,1,12,7
mnth,4756,1,12,7
mnth,4772,1,2,7
mnth,4775,1,12,7
mnth,4777,4.216545391,2,7
mnth,4779,1,12,7
mnth,4781,1,12,7
mnth,4793,1,12,7
mnth,4794,1,12,7
mnth,4801,-29.90433864,2,7
mnth,4825,1,12,7
mnth,4827,1,12,7
mnth,4830,1,12,7
mnth,4832,14.87189366,8,7
mnth,4834,1,12,7
mnth,4835,1,12,7
mnth,4836,1,12,7
mnth,4837,1,12,7
mnth,4848,1,12,7
mnth,4849,1,2,7
mnth,4851,1,9,7
mnth,4862,1,12,7
mnth,4863,1,12,7
mnth,4885,1,12,7
mnth,4897,1,12,7
mnth,4900,1,12,7
mnth,4902,1,12,7
mnth,4909,28.79034117,3,7
mnth,4925,1,12,7
mnth,4926,1,12,7
mnth,4929,1,12,7
mnth,4931,1,12,7
mnth,4936,1,12,7
mnth,4960,1,12,7
mnth,4961,1,12,7
mnth,4974,1,12,7
mnth,4975,1,12,7
mnth,4977,1,12,7
mnth,4980,1,12,7
mnth,4987,1,2,7
mnth,5002,1,12,8
mnth,5004,1,12,8
mnth,5010,1,12,8
mnth,5011,1,12,8
mnth,5019,1,12,8
mnth,5021,1,7,8
mnth,5039,1,7,8
mnth,5040,9.235337004,2,8
mnth,5059,1,12,8
mnth,5060,1,12,8
mnth,5061,1,12,8
mnth,5062,1,12,8
mnth,5065,22.4494584,22.449458,8
mnth,5067,-15.70018724,10,8
mnth,5071,1,12,8
mnth,5072,1,12,8
mnth,5080,1,12,8
mnth,5081,1,11,8
mnth,5093,1,12,8
mnth,5117,-7.160359925,2,8
mnth,5121,1,7,8
mnth,5123,1,5,8
mnth,5130,-11.35338563,13,8
mnth,5133,12.72066264,6,8
mnth,5135,-27.18164549,21,8
mnth,5148,1,4,8
mnth,5150,1,12,8
mnth,5164,3.039876526,2,8
mnth,5165,1,9,8
mnth,5166,1,3,8
mnth,5167,1,9,8
mnth,5170,7.523111635,3,8
mnth,5183,1,12,8
mnth,5188,1,12,8
mnth,5189,1,12,8
mnth,5191,1,12,8
mnth,5193,1,12,8
mnth,5195,1,12,8
mnth,5217,1,12,8
mnth,5226,1.781538182,7,8
mnth,5233,1,12,8
mnth,5249,1,12,8
mnth,5255,1,7,8
mnth,5257,1,12,8
mnth,5270,1,12,8
mnth,5271,1,12,8
mnth,5275,1,12,8
mnth,5276,1,12,8
mnth,5278,1,6,8
mnth,5279,1,3,8
mnth,5281,1,12,8
mnth,5282,1,12,8
mnth,5285,1,12,8
mnth,5286,1,7,8
mnth,5295,1,9,8
mnth,5304,1,11,8
mnth,5306,21.6834266,21.683426,8
mnth,5310,1,7,8
mnth,5314,1,9,8
mnth,5315,1,9,8
mnth,5316,1,9,8
mnth,5330,1,7,8
mnth,5348,1,4,8
mnth,5350,1,12,8
mnth,5352,1,4,8
mnth,5375,1,12,8
mnth,5376,1,12,8
mnth,5377,1,12,8
mnth,5380,-4.823693234,3,8
mnth,5381,1,12,8
mnth,5382,1,12,8
mnth,5383,1,12,8
mnth,5384,1,9,8
mnth,5385,1,12,8
mnth,5405,6.88869533,6,8
mnth,5408,1,7,8
mnth,5415,18.1841856,18.184185,8
mnth,5419,-1.964908577,7,8
mnth,5424,1,12,8
mnth,5428,1,12,8
mnth,5429,1,7,8
mnth,5431,1,7,8
mnth,5433,7.739847545,7,8
mnth,5435,-2.727522115,1,8
mnth,5443,1,12,8
mnth,5448,5.277743383,2,8
mnth,5451,1,12,8
mnth,5452,1,12,8
mnth,5453,1,12,8
mnth,5454,1,12,8
mnth,5455,1,12,8
mnth,5456,1,7,8
mnth,5458,1,12,8
mnth,5459,1,12,8
mnth,5460,1,12,8
mnth,5461,1,2,8
mnth,5462,-13.48655636,16,8
mnth,5480,1,7,8
mnth,5481,1,9,8
mnth,5500,7.217837679,2,8
mnth,5501,1,7,8
mnth,5509,1,5,8
mnth,5531,1,12,8
mnth,5532,1,12,8
mnth,5533,1,12,8
mnth,5540,1,3,8
mnth,5544,1,12,8
mnth,5545,-7.418199795,9,8
mnth,5550,1,3,8
mnth,5552,1,7,8
mnth,5553,1,12,8
mnth,5582,1,12,8
mnth,5583,1,12,8
mnth,5585,1,12,8
mnth,5586,1,12,8
mnth,5587,1,5,8
mnth,5590,1,5,8
mnth,5593,1,12,8
mnth,5596,1,12,8
mnth,5599,1,7,8
mnth,5600,1,12,8
mnth,5601,1,12,8
mnth,5602,1,12,8
mnth,5604,1,12,8
mnth,5609,1,12,8
mnth,5623,4.984042199,9,8
mnth,5626,1,9,8
mnth,5629,13.16317484,1,8
mnth,5630,1,9,8
mnth,5637,1,3,8
mnth,5638,1,7,8
mnth,5642,1,2,8
mnth,5667,1,12,8
mnth,5668,1,12,8
mnth,5670,1,3,8
mnth,5678,1,7,8
mnth,5683,1,9,8
mnth,5690,1,12,8
mnth,5695,1,3,8
mnth,5698,1,12,8
mnth,5700,1,12,8
mnth,5701,1,12,8
mnth,5702,1,12,8
mnth,5703,1,12,8
mnth,5704,1,12,8
mnth,5705,1,12,8
mnth,5706,1,12,8
mnth,5707,1,7,8
mnth,5708,1,12,8
mnth,5709,1,12,8
mnth,5710,7.600344536,6,8
mnth,5713,1,3,8
mnth,5716,1,6,8
mnth,5717,1,6,8
mnth,5724,-0.076696797,9,8
mnth,5729,2.717169757,7,9
mnth,5732,1,12,9
mnth,5733,1,12,9
mnth,5749,15.35834558,3,9
mnth,5753,1,7,9
mnth,5760,12.09987984,8,9
mnth,5770,1,12,9
mnth,5779,22.98600563,0,9
mnth,5815,-5.709103742,4,9
mnth,5826,1,7,9
mnth,5844,0.192368443,4,9
mnth,5846,1,7,9
mnth,5848,1,3,9
mnth,5852,8.1790382,8,9
mnth,5866,1,5,9
mnth,5875,3.283806553,2,9
mnth,5880,1,12,9
mnth,5881,1,12,9
mnth,5882,1,12,9
mnth,5883,1,12,9
mnth,5885,1,12,9
mnth,5886,1,12,9
mnth,5887,1,12,9
mnth,5888,1,12,9
mnth,5895,1,12,9
mnth,5912,21.6486847,21.648684,9
mnth,5917,1,7,9
mnth,5918,1,7,9
mnth,5924,1,7,9
mnth,5926,1,12,9
mnth,5928,1,12,9
mnth,5931,1,12,9
mnth,5938,1,12,9
mnth,5941,2.39959422,2,9
mnth,5945,1,7,9
mnth,5962,1,12,9
mnth,5963,1,12,9
mnth,5964,1,12,9
mnth,5965,1,12,9
mnth,5971,1,12,9
mnth,5972,1,12,9
mnth,5973,1,12,9
mnth,5974,1,12,9
mnth,5975,1,12,9
mnth,5976,1,12,9
mnth,5985,1,12,9
mnth,5989,1,12,9
mnth,5990,1,12,9
mnth,5992,1,12,9
mnth,5993,1,12,9
mnth,5994,1,12,9
mnth,5996,1,12,9
mnth,5999,1,4,9
mnth,6003,1,12,9
mnth,6007,1,12,9
mnth,6013,1,12,9
mnth,6015,1,7,9
mnth,6016,1,12,9
mnth,6022,-16.72054658,10,9
mnth,6024,1,4,9
mnth,6031,1,5,9
mnth,6036,1,7,9
mnth,6037,1,12,9
mnth,6038,1,7,9
mnth,6060,12.03023124,2,9
mnth,6062,1,7,9
mnth,6064,1,12,9
mnth,6069,1,5,9
mnth,6073,1,12,9
mnth,6088,1,12,9
mnth,6089,-8.331275821,2,9
mnth,6095,1,12,9
mnth,6096,1,12,9
mnth,6103,1,12,9
mnth,6104,1,12,9
mnth,6105,6.607139465,11,9
mnth,6106,1,12,9
mnth,6113,-4.905295157,5,9
mnth,6128,1,12,9
mnth,6135,1,3,9
mnth,6159,1,7,9
mnth,6168,1,12,9
mnth,6185,-1.398106509,0,9
mnth,6198,1,12,9
mnth,6199,1,12,9
mnth,6200,1,12,9
mnth,6201,1,12,9
mnth,6203,1,7,9
mnth,6204,1,12,9
mnth,6205,1,12,9
mnth,6213,1,12,9
mnth,6222,1,12,9
mnth,6223,1,12,9
mnth,6225,1,12,9
mnth,6229,-5.493976059,5,9
mnth,6241,-20.14573117,25,9
mnth,6250,1,12,9
mnth,6252,-11.57347074,13,9
mnth,6254,1,7,9
mnth,6255,1,12,9
mnth,6256,1,12,9
mnth,6267,1,12,9
mnth,6268,1,12,9
mnth,6269,1,12,9
mnth,6271,1,12,9
mnth,6279,1,7,9
mnth,6282,-12.28087315,10,9
mnth,6283,1,5,9
mnth,6288,1,12,9
mnth,6291,13.17771112,7,9
mnth,6294,1,12,9
mnth,6295,1,12,9
mnth,6297,1,12,9
mnth,6299,1,12,9
mnth,6301,1,12,9
mnth,6302,-7.362204717,1,9
mnth,6303,1,7,9
mnth,6307,1,12,9
mnth,6308,1,12,9
mnth,6309,1,12,9
mnth,6311,1,12,9
mnth,6312,1,12,9
mnth,6313,1,12,9
mnth,6314,1,12,9
mnth,6315,1,12,9
mnth,6316,1,12,9
mnth,6317,1,12,9
mnth,6323,1,12,9
mnth,6325,1,7,9
mnth,6326,1,12,9
mnth,6328,1,12,9
mnth,6331,1,12,9
mnth,6346,-29.59909702,29,9
mnth,6348,-9.827995539,3,9
mnth,6350,1,12,9
mnth,6351,1,7,9
mnth,6364,1,4,9
mnth,6367,1,12,9
mnth,6368,1,12,9
mnth,6369,1,5,9
mnth,6371,1,12,9
mnth,6372,1,12,9
mnth,6375,1,12,9
mnth,6376,1,12,9
mnth,6381,1,12,9
mnth,6383,33.77149588,4,9
mnth,6385,1,12,9
mnth,6398,1,7,9
mnth,6403,22.01674975,7,9
mnth,6409,11.76190453,11,9
mnth,6416,1,12,9
mnth,6417,1,12,9
mnth,6423,1,7,9
mnth,6429,7.086288785,8,9
mnth,6447,1,7,10
mnth,6452,-27.42057949,20,10
mnth,6453,1,5,10
mnth,6454,1,12,10
mnth,6456,1,2,10
mnth,6461,1,12,10
mnth,6462,1,12,10
mnth,6478,1,12,10
mnth,6484,1,11,10
mnth,6494,1,12,10
mnth,6495,1,7,10
mnth,6497,1,12,10
mnth,6504,-11.87754722,17,10
mnth,6505,1,12,10
mnth,6506,6.387082763,3,10
mnth,6509,-10.42579501,15,10
mnth,6510,1,12,10
mnth,6511,1,12,10
mnth,6512,1,12,10
mnth,6513,1,12,10
mnth,6515,1,7,10
mnth,6520,1,7,10
mnth,6525,11.6761587,11.676158,10
mnth,6538,0.674892252,11,10
mnth,6543,1,12,10
mnth,6547,1,12,10
mnth,6550,1,12,10
mnth,6563,-4.919573149,4,10
mnth,6564,1,11,10
mnth,6573,1,12,10
mnth,6574,-12.00210669,12,10
mnth,6584,-6.151620634,3,10
mnth,6585,1,12,10
mnth,6587,1,12,10
mnth,6588,1,9,10
mnth,6589,1,12,10
mnth,6590,1,12,10
mnth,6592,1,7,10
mnth,6593,1,12,10
mnth,6594,1,12,10
mnth,6595,1,12,10
mnth,6596,1,12,10
mnth,6598,1,12,10
mnth,6599,1,12,10
mnth,6600,1,12,10
mnth,6601,1,12,10
mnth,6602,1,12,10
mnth,6603,1,12,10
mnth,6606,1,12,10
mnth,6607,1,12,10
mnth,6608,1,12,10
mnth,6609,1,12,10
mnth,6610,1,12,10
mnth,6611,1,12,10
mnth,6612,1,12,10
mnth,6613,1,12,10
mnth,6614,1,12,10
mnth,6616,14.61567371,7,10
mnth,6617,1,12,10
mnth,6619,1,12,10
mnth,6620,1,12,10
mnth,6622,1,12,10
mnth,6623,1,12,10
mnth,6626,1,12,10
mnth,6632,1,12,10
mnth,6633,1,12,10
mnth,6634,1,12,10
mnth,6636,1,12,10
mnth,6637,1,12,10
mnth,6638,1,12,10
mnth,6639,1,12,10
mnth,6640,1,12,10
mnth,6641,1,12,10
mnth,6642,1,12,10
mnth,6643,1,12,10
mnth,6644,1,12,10
mnth,6654,-1.366214338,3,10
mnth,6657,1,12,10
mnth,6659,1,12,10
mnth,6660,1,12,10
mnth,6661,1,12,10
mnth,6662,1,12,10
mnth,6663,1,12,10
mnth,6665,1,12,10
mnth,6666,1,12,10
mnth,6667,1,12,10
mnth,6668,1,12,10
mnth,6672,1,12,10
mnth,6673,1,12,10
mnth,6674,1,3,10
mnth,6677,1,12,10
mnth,6679,1,12,10
mnth,6681,-2.874303915,1,10
mnth,6682,-3.829157401,0,10
mnth,6683,1,12,10
mnth,6688,1,12,10
mnth,6692,1,12,10
mnth,6696,13.66634041,3,10
mnth,6731,-9.014583512,1,10
mnth,6732,1,12,10
mnth,6733,1,12,10
mnth,6742,7.172994251,12,10
mnth,6743,1,12,10
mnth,6750,-25.19044677,20,10
mnth,6759,1,7,10
mnth,6765,1,2,10
mnth,6767,-7.318678971,7,10
mnth,6783,-21.11870289,28,10
mnth,6785,1,12,10
mnth,6787,1,2,10
mnth,6791,2.611831696,6,10
mnth,6793,1,3,10
mnth,6809,1,12,10
mnth,6819,-10.83976617,19,10
mnth,6821,18.32837494,3,10
mnth,6833,17.39413915,1,10
mnth,6838,1,12,10
mnth,6845,1,12,10
mnth,6849,1,12,10
mnth,6850,1,12,10
mnth,6851,1,12,10
mnth,6852,1,12,10
mnth,6854,1,3,10
mnth,6856,1,12,10
mnth,6861,1,12,10
mnth,6872,-30.24648184,36,10
mnth,6877,4.346514006,3,10
mnth,6890,27.80066114,6,10
mnth,6901,1,3,10
mnth,6902,1,7,10
mnth,6909,1,11,10
mnth,6924,1,12,10
mnth,6928,6.294459286,2,10
mnth,6937,-17.69667421,16,10
mnth,6942,1,4,10
mnth,6950,1,7,10
mnth,6951,1,7,10
mnth,6954,1,12,10
mnth,6958,-1.723519445,4,10
mnth,6959,1,12,10
mnth,6960,6.140966624,11,10
mnth,6965,1,12,10
mnth,6967,1,12,10
mnth,6969,1,12,10
mnth,6970,1,12,10
mnth,6971,1,12,10
mnth,6973,1,12,10
mnth,6974,1,12,10
mnth,6979,1,12,10
mnth,6994,1,12,10
mnth,6998,1,12,10
mnth,6999,1,12,10
mnth,7001,1,12,10
mnth,7002,21.16619462,1,10
mnth,7013,1,12,10
mnth,7021,23.16491405,9,10
mnth,7022,1,12,10
mnth,7023,1,12,10
mnth,7024,1,12,10
mnth,7026,1,12,10
mnth,7027,1,11,10
mnth,7032,-19.74924154,19,10
mnth,7035,22.45202315,0,10
mnth,7037,1,11,10
mnth,7040,1,12,10
mnth,7055,14.68992106,9,10
mnth,7056,1,12,10
mnth,7057,-14.99538254,15,10
mnth,7061,1,12,10
mnth,7063,1,12,10
mnth,7066,1,12,10
mnth,7067,1,12,10
mnth,7068,1,7,10
mnth,7069,1,12,10
mnth,7070,1,12,10
mnth,7072,1,12,10
mnth,7074,1,11,10
mnth,7077,-22.6053283,1,10
mnth,7080,1,12,10
mnth,7085,-13.04607508,16,10
mnth,7093,1,7,10
mnth,7102,1,12,10
mnth,7117,-14.80291567,7,10
mnth,7118,1,3,10
mnth,7119,1,3,10
mnth,7125,1,7,10
mnth,7145,1,12,10
mnth,7150,1,12,10
mnth,7152,16.32993232,9,10
mnth,7159,1,12,10
mnth,7160,1,12,10
mnth,7161,1,12,10
mnth,7162,28.79669168,6,10
mnth,7163,1,12,10
mnth,7166,1,12,10
mnth,7168,1,12,10
mnth,7169,1,12,10
mnth,7170,1,12,10
mnth,7174,1,12,10
mnth,7178,1,5,10
mnth,7185,10.51538069,3,10
mnth,7190,1,7,11
mnth,7206,1,12,11
mnth,7207,1,12,11
mnth,7208,1,12,11
mnth,7209,1,12,11
mnth,7211,1,12,11
mnth,7213,1,12,11
mnth,7214,1,12,11
mnth,7215,1,7,11
mnth,7216,1,12,11
mnth,7218,1,3,11
mnth,7219,-17.53337339,13,11
mnth,7231,1,12,11
mnth,7239,1,9,11
mnth,7240,2.875830153,8,11
mnth,7256,1,12,11
mnth,7258,1,12,11
mnth,7259,1,12,11
mnth,7260,1,12,11
mnth,7261,11.41949729,7,11
mnth,7262,1,12,11
mnth,7263,6.871725719,12,11
mnth,7264,1,12,11
mnth,7266,4.469500727,4,11
mnth,7285,1,7,11
mnth,7286,1,7,11
mnth,7296,4.247297945,2,11
mnth,7299,1,12,11
mnth,7301,-2.663039858,5,11
mnth,7302,1,12,11
mnth,7303,1,12,11
mnth,7304,1,12,11
mnth,7305,1,12,11
mnth,7306,1,12,11
mnth,7307,1,12,11
mnth,7308,1,12,11
mnth,7309,1,12,11
mnth,7310,1,12,11
mnth,7313,1,9,11
mnth,7315,1,12,11
mnth,7318,1,12,11
mnth,7321,1,2,11
mnth,7325,1,12,11
mnth,7328,1,12,11
mnth,7330,1,12,11
mnth,7331,1,7,11
mnth,7332,1,12,11
mnth,7334,1,12,11
mnth,7335,1,12,11
mnth,7336,1,12,11
mnth,7342,1,12,11
mnth,7345,1,12,11
mnth,7346,1,12,11
mnth,7349,1,12,11
mnth,7350,-8.33786139,12,11
mnth,7351,-17.38605323,16,11
mnth,7356,1,3,11
mnth,7358,1,12,11
mnth,7360,1,12,11
mnth,7370,-33.5804109,4,11
mnth,7373,1,12,11
mnth,7374,1,12,11
mnth,7375,1,12,11
mnth,7376,1,12,11
mnth,7378,1,12,11
mnth,7379,1,12,11
mnth,7380,1,12,11
mnth,7381,1,12,11
mnth,7382,1,12,11
mnth,7383,1,9,11
mnth,7384,-3.172810107,0,11
mnth,7385,1,12,11
mnth,7386,1,12,11
mnth,7387,1,12,11
mnth,7396,37.12659001,5,11
mnth,7397,6.701754608,7,11
mnth,7398,1,12,11
mnth,7399,1,12,11
mnth,7400,1,12,11
mnth,7401,1,12,11
mnth,7402,1,12,11
mnth,7403,1,12,11
mnth,7404,1,12,11
mnth,7405,1,12,11
mnth,7409,1,5,11
mnth,7430,1,7,11
mnth,7433,1,5,11
mnth,7437,1,12,11
mnth,7440,1,12,11
mnth,7457,1,7,11
mnth,7461,1,12,11
mnth,7477,1,9,11
mnth,7485,-10.30673623,16,11
mnth,7486,9.976495768,9,11
mnth,7501,-6.862031725,2,11
mnth,7521,3.184406747,4,11
mnth,7527,1,9,11
mnth,7529,-11.8341424,1,11
mnth,7534,1,12,11
mnth,7536,-1.516806027,2,11
mnth,7546,1,12,11
mnth,7553,1,12,11
mnth,7554,1,12,11
mnth,7555,1,12,11
mnth,7556,1,12,11
mnth,7558,1,12,11
mnth,7567,-22.3399065,9,11
mnth,7582,1,5,11
mnth,7600,-3.612561597,9,11
mnth,7606,1,12,11
mnth,7622,1,7,11
mnth,7627,-25.53914261,29,11
mnth,7629,1,12,11
mnth,7636,1,12,11
mnth,7640,1,12,11
mnth,7641,1,12,11
mnth,7642,1,12,11
mnth,7650,-12.1019431,9,11
mnth,7658,1,2,11
mnth,7665,-21.62309773,9,11
mnth,7666,1,12,11
mnth,7671,1,12,11
mnth,7674,1,12,11
mnth,7675,26.14798842,9,11
mnth,7676,1,12,11
mnth,7690,1,12,11
mnth,7692,1,12,11
mnth,7694,1,12,11
mnth,7695,1,12,11
mnth,7696,1,12,11
mnth,7697,1,5,11
mnth,7698,1,12,11
mnth,7699,1,12,11
mnth,7700,1,12,11
mnth,7705,1,12,11
mnth,7706,1,12,11
mnth,7708,1,12,11
mnth,7715,1,7,11
mnth,7720,1,12,11
mnth,7731,1,12,11
mnth,7733,1,12,11
mnth,7747,1,12,11
mnth,7748,1,12,11
mnth,7757,1,9,11
mnth,7760,3.652052703,6,11
mnth,7763,1,12,11
mnth,7767,1,12,11
mnth,7769,1,12,11
mnth,7771,1,12,11
mnth,7772,-11.45770594,17,11
mnth,7774,1,5,11
mnth,7776,34.34798268,9,11
mnth,7777,20.21471009,7,11
mnth,7779,1,4,11
mnth,7781,1,12,11
mnth,7789,1,12,11
mnth,7790,1,12,11
mnth,7796,1,12,11
mnth,7798,1,12,11
mnth,7799,-2.604907947,4,11
mnth,7803,1,4,11
mnth,7806,1,12,11
mnth,7807,1,12,11
mnth,7808,1,12,11
mnth,7809,1,12,11
mnth,7810,1,12,11
mnth,7811,1,12,11
mnth,7812,1,12,11
mnth,7813,1,12,11
mnth,7816,1,12,11
mnth,7817,1,12,11
mnth,7838,1,12,11
mnth,7840,1,12,11
mnth,7846,1,12,11
mnth,7847,1,12,11
mnth,7857,1,12,11
mnth,7859,1,12,11
mnth,7860,1,12,11
mnth,7877,1,4,11
mnth,7878,1,2,11
mnth,7879,1,12,11
mnth,7882,1,7,11
mnth,7884,1,3,11
mnth,7892,1,12,11
mnth,7894,1,12,11
mnth,7895,1,12,11
mnth,7902,-22.08670467,26,11
mnth,7906,14.04527892,2,12
mnth,7908,2.28499217,2,12
mnth,7909,1,3,12
mnth,7921,-21.75871251,28,12
mnth,7932,1,3,12
mnth,7948,-22.85414391,24,12
mnth,7956,-0.289578735,3,12
mnth,7957,1,7,12
mnth,7971,-7.344313194,9,12
mnth,8003,1,7,12
mnth,8025,1,9,12
mnth,8040,-8.253408458,5,12
mnth,8053,1,3,12
mnth,8055,11.24711685,1,12
mnth,8060,-2.514336361,6,12
mnth,8066,6.776943414,7,12
mnth,8073,25.7108999,25.710899,12
mnth,8076,1,3,12
mnth,8105,1,6,12
mnth,8150,0.505076486,8,12
mnth,8157,1,7,12
mnth,8175,-19.31467884,14,12
mnth,8177,1,6,12
mnth,8190,1,5,12
mnth,8201,-9.617952417,1,12
mnth,8203,20.67940797,4,12
mnth,8205,1,11,12
mnth,8215,-2.013637739,3,12
mnth,8218,1,7,12
mnth,8222,-0.236753945,4,12
mnth,8232,1,11,12
mnth,8249,7.647436397,6,12
mnth,8292,-2.561575294,9,12
mnth,8310,33.61550795,1,12
mnth,8317,1,3,12
mnth,8330,-24.29428137,24,12
mnth,8339,-9.33470595,1,12
mnth,8366,-2.171802493,9,12
mnth,8385,8.907939298,9,12
mnth,8390,12,9,12
mnth,8405,12,11,12
mnth,8409,12,7,12
mnth,8422,15.59237876,3,12
mnth,8427,12,7,12
mnth,8438,12,7,12
mnth,8441,39.71858405,5,12
mnth,8465,12,7,12
mnth,8470,12,5,12
mnth,8485,12,3,12
mnth,8486,12,3,12
mnth,8495,24.21891966,9,12
mnth,8511,32.41305981,0,12
mnth,8517,-3.944296664,6,12
mnth,8525,12,7,12
mnth,8532,6.786711574,7,12
mnth,8540,32.35826411,2,12
mnth,8566,12,11,12
mnth,8574,12,9,12
mnth,8611,7.962128686,9,12
mnth,8624,12,9,12
mnth,8627,12,3,12
mnth,8635,8.237215817,2,12
mnth,8646,1,12,1
mnth,8649,1,12,1
mnth,8650,1,7,1
mnth,8670,9.8926638,9,1
mnth,8678,1,12,1
mnth,8692,-21.19732018,27,1
mnth,8698,-4.684188345,4,1
mnth,8700,1,12,1
mnth,8702,3.935369757,9,1
mnth,8719,1,3,1
mnth,8720,1,3,1
mnth,8727,1,12,1
mnth,8736,1,4,1
mnth,8738,1,12,1
mnth,8744,1,12,1
mnth,8752,1,12,1
mnth,8761,1,12,1
mnth,8766,1,7,1
mnth,8772,1,12,1
mnth,8784,1,5,1
mnth,8790,1,12,1
mnth,8808,-20.66302783,23,1
mnth,8809,1,12,1
mnth,8813,1,12,1
mnth,8816,-27.30484664,24,1
mnth,8819,1,12,1
mnth,8820,1,12,1
mnth,8821,8.26065267,8,1
mnth,8822,1,2,1
mnth,8825,1,12,1
mnth,8830,1,12,1
mnth,8847,1,12,1
mnth,8853,-6.208022061,6,1
mnth,8858,1,12,1
mnth,8878,1,6,1
mnth,8879,1,12,1
mnth,8883,-11.32059349,10,1
mnth,8884,1,9,1
mnth,8896,1,12,1
mnth,8897,1,12,1
mnth,8930,1,12,1
mnth,8933,1,12,1
mnth,8936,5.588595632,3,1
mnth,8950,3.396758809,3,1
mnth,8953,-15.69032385,10,1
mnth,8962,1,12,1
mnth,8966,1,12,1
mnth,8986,1,7,1
mnth,8989,-11.88932484,19,1
mnth,9006,1,12,1
mnth,9008,1,7,1
mnth,9023,-2.305879639,3,1
mnth,9027,1,9,1
mnth,9030,-8.052092039,3,1
mnth,9036,4.437544194,4,1
mnth,9040,1,12,1
mnth,9055,1,3,1
mnth,9063,-24.23462045,24,1
mnth,9079,-2.23493913,3,1
mnth,9084,1,12,1
mnth,9085,1,12,1
mnth,9092,1,6,1
mnth,9096,1,5,1
mnth,9099,1,7,1
mnth,9125,1,12,1
mnth,9127,1,3,1
mnth,9129,1,3,1
mnth,9165,1,5,1
mnth,9166,-2.648177558,5,1
mnth,9171,1,12,1
mnth,9174,1,3,1
mnth,9175,1,3,1
mnth,9176,1,12,1
mnth,9177,1,12,1
mnth,9178,1,12,1
mnth,9179,1,5,1
mnth,9180,-6.718041654,5,1
mnth,9181,1,12,1
mnth,9183,8.551547788,8,1
mnth,9190,3.562452185,8,1
mnth,9197,1,7,1
mnth,9215,1,12,1
mnth,9216,1,12,1
mnth,9217,1,2,1
mnth,9219,1,12,1
mnth,9220,-14.56232929,12,1
mnth,9222,1,3,1
mnth,9229,-8.301510635,3,1
mnth,9233,-38.10365434,33,1
mnth,9234,1,12,1
mnth,9238,1,12,1
mnth,9240,1,12,1
mnth,9242,1,12,1
mnth,9244,1,12,1
mnth,9248,1,9,1
mnth,9249,1,12,1
mnth,9251,1,4,1
mnth,9252,1,12,1
mnth,9256,1,12,1
mnth,9260,1,12,1
mnth,9261,1,12,1
mnth,9265,1,12,1
mnth,9266,1,12,1
mnth,9270,1,7,1
mnth,9275,8.433768329,4,1
mnth,9293,1,12,1
mnth,9295,1,7,1
mnth,9297,1,12,1
mnth,9303,0.575513276,7,1
mnth,9319,1,12,1
mnth,9327,1,7,1
mnth,9358,1,2,1
mnth,9364,1,7,1
mnth,9367,1,3,1
mnth,9379,-12.38334809,13,1
mnth,9385,1.718413984,7,1
mnth,9391,2,3,2
mnth,9415,2,3,2
mnth,9445,1.09641117,1,2
mnth,9449,2,12,2
mnth,9453,2,6,2
mnth,9460,16.6371906,16.63719,2
mnth,9466,2,9,2
mnth,9473,-1.241874806,0,2
mnth,9498,2,5,2
mnth,9512,12.91153527,5,2
mnth,9534,19.21259702,1,2
mnth,9543,2,4,2
mnth,9556,2,3,2
mnth,9557,2,3,2
mnth,9558,2,3,2
mnth,9572,2,11,2
mnth,9582,2,3,2
mnth,9583,4.342400469,3,2
mnth,9611,6.664461417,6,2
mnth,9652,2,7,2
mnth,9654,2,3,2
mnth,9672,2,9,2
mnth,9677,2,3,2
mnth,9688,-8.179106379,7,2
mnth,9718,2,4,2
mnth,9726,2,3,2
mnth,9731,-6.173196161,6,2
mnth,9735,2,12,2
mnth,9749,2,3,2
mnth,9753,2,7,2
mnth,9756,-5.680240433,3,2
mnth,9773,2,3,2
mnth,9774,2,3,2
mnth,9776,24.87789553,8,2
mnth,9784,2,12,2
mnth,9799,2,3,2
mnth,9817,25.00501444,0,2
mnth,9836,2,11,2
mnth,9845,2,7,2
mnth,9885,-14.80580769,15,2
mnth,9916,2,3,2
mnth,9917,2.385048672,3,2
mnth,9943,2,5,2
mnth,9956,2,11,2
mnth,9957,2.475104569,4,2
mnth,9958,-16.63332943,13,2
mnth,9962,2.477716435,4,2
mnth,10012,2,3,2
mnth,10030,-37.57395304,33,2
mnth,10049,2,4,2
mnth,10054,-6.217958413,1,2
mnth,10064,9.639098653,6,2
mnth,10071,2,11,2
mnth,10087,17.04376706,7,3
mnth,10094,1.999340099,9,3
mnth,10142,-5.077528459,5,3
mnth,10144,3,6,3
mnth,10156,17.95689685,8,3
mnth,10169,3,4,3
mnth,10173,-3.165822979,7,3
mnth,10183,-4.135452287,8,3
mnth,10199,3,7,3
mnth,10200,-15.47492056,14,3
mnth,10212,-11.75091403,10,3
mnth,10229,-5.313714678,7,3
mnth,10230,-27.06801196,28,3
mnth,10239,3,7,3
mnth,10241,11.97519377,1,3
mnth,10246,-4.455823841,4,3
mnth,10297,-1.131211658,5,3
mnth,10314,3,4,3
mnth,10315,3,5,3
mnth,10327,22.91715332,1,3
mnth,10334,-14.02961611,19,3
mnth,10340,-17.42400608,14,3
mnth,10361,4.265375378,2,3
mnth,10369,-17.92602681,16,3
mnth,10388,3,12,3
mnth,10391,3,7,3
mnth,10395,3,7,3
mnth,10396,3,5,3
mnth,10411,3,7,3
mnth,10420,14.32252012,5,3
mnth,10430,19.07084633,8,3
mnth,10449,11.45571221,7,3
mnth,10451,6.548051325,2,3
mnth,10467,3,7,3
mnth,10512,3,7,3
mnth,10520,3,4,3
mnth,10526,3,6,3
mnth,10541,3,12,3
mnth,10547,11.04214437,1,3
mnth,10557,-29.30257899,22,3
mnth,10561,1,7,3
mnth,10565,1,11,3
mnth,10570,1,12,3
mnth,10571,1,12,3
mnth,10572,1,12,3
mnth,10573,1,12,3
mnth,10574,1,12,3
mnth,10576,1,12,3
mnth,10577,1,12,3
mnth,10581,1,2,3
mnth,10587,23.9482541,23.948254,3
mnth,10593,1,12,3
mnth,10594,1,5,3
mnth,10601,1,12,3
mnth,10606,1,12,3
mnth,10607,1,12,3
mnth,10611,1,12,3
mnth,10612,-1.298550644,4,3
mnth,10619,1,12,3
mnth,10630,1,12,3
mnth,10636,1,9,3
mnth,10655,19.95192332,9,3
mnth,10658,1,7,3
mnth,10665,-10.18457939,14,3
mnth,10670,5.699326416,11,3
mnth,10677,-24.29525428,25,3
mnth,10679,1,9,3
mnth,10680,9.129512861,6,3
mnth,10688,-8.649541074,7,3
mnth,10699,1,12,3
mnth,10715,1,12,3
mnth,10716,1,4,3
mnth,10717,1,12,3
mnth,10718,1,12,3
mnth,10719,1,12,3
mnth,10721,1,12,3
mnth,10727,1,7,3
mnth,10734,1,12,3
mnth,10775,1,7,3
mnth,10785,1,12,3
mnth,10786,1,12,3
mnth,10787,1,12,3
mnth,10789,1,12,3
mnth,10795,1,12,3
mnth,10797,1,12,3
mnth,10798,1,12,3
mnth,10802,1,7,3
mnth,10810,1,12,3
mnth,10820,1,12,3
mnth,10830,1,2,4
mnth,10836,1,11,4
mnth,10845,1,12,4
mnth,10852,1,2,4
mnth,10854,-9.728330033,3,4
mnth,10858,-16.5591685,1,4
mnth,10861,-10.54671593,16,4
mnth,10870,-36.74587169,35,4
mnth,10873,1,3,4
mnth,10874,1,7,4
mnth,10876,2.205445978,2,4
mnth,10877,1,12,4
mnth,10879,1,12,4
mnth,10880,1,12,4
mnth,10881,1,12,4
mnth,10890,1,12,4
mnth,10891,1,12,4
mnth,10892,1,12,4
mnth,10894,1,12,4
mnth,10895,1,12,4
mnth,10897,1,3,4
mnth,10898,1,7,4
mnth,10899,1,12,4
mnth,10900,1,12,4
mnth,10902,1,11,4
mnth,10903,1,11,4
mnth,10921,1,3,4
mnth,10922,1,12,4
mnth,10929,1,12,4
mnth,10930,1,12,4
mnth,10932,-13.43516507,15,4
mnth,10941,1,12,4
mnth,10944,1,7,4
mnth,10968,1,9,4
mnth,10993,18.83092544,9,4
mnth,10994,1,12,4
mnth,10995,1,9,4
mnth,10996,1,12,4
mnth,11020,11.53430163,3,4
mnth,11033,-1.651647566,6,4
mnth,11045,1,12,4
mnth,11048,1,12,4
mnth,11065,1,7,4
mnth,11071,1,12,4
mnth,11073,36.06191198,9,4
mnth,11075,1,12,4
mnth,11088,1,3,4
mnth,11091,1,2,4
mnth,11116,1,12,4
mnth,11120,1,12,4
mnth,11129,1,12,4
mnth,11134,1,12,4
mnth,11147,8.875484093,8,4
mnth,11150,-7.507071909,0,4
mnth,11160,1,12,4
mnth,11162,13.01458487,5,4
mnth,11164,1,12,4
mnth,11169,-18.85668746,16,4
mnth,11175,-5.585530483,8,4
mnth,11181,1,9,4
mnth,11183,1,7,4
mnth,11194,1,7,4
mnth,11203,1,5,4
mnth,11241,1,12,4
mnth,11242,-0.398008258,5,4
mnth,11246,11.002854,12,4
mnth,11251,1,12,4
mnth,11252,1,12,4
mnth,11254,1,12,4
mnth,11255,1,12,4
mnth,11256,25.85589315,8,4
mnth,11257,1,12,4
mnth,11261,1,12,4
mnth,11263,1,12,4
mnth,11264,1,12,4
mnth,11265,1,12,4
mnth,11267,1,12,4
mnth,11273,-15.06842345,18,4
mnth,11281,1,12,4
mnth,11282,1,12,4
mnth,11283,1,12,4
mnth,11284,1,12,4
mnth,11305,-0.993225752,3,4
mnth,11334,1,12,4
mnth,11335,1,12,4
mnth,11336,1,12,4
mnth,11337,1,12,4
mnth,11338,1,12,4
mnth,11339,1,12,4
mnth,11341,1,7,4
mnth,11351,1,3,4
mnth,11357,1,5,4
mnth,11365,-20.76586715,25,4
mnth,11390,1,12,4
mnth,11397,1,12,4
mnth,11398,1,12,4
mnth,11401,1,12,4
mnth,11402,1,12,4
mnth,11405,1,12,4
mnth,11406,1,12,4
mnth,11418,1,12,4
mnth,11420,1,12,4
mnth,11421,13.49773304,7,4
mnth,11422,1,11,4
mnth,11451,6.025809151,12,4
mnth,11452,-0.354229625,2,4
mnth,11457,1,2,4
mnth,11465,-24.57194897,21,4
mnth,11468,1,12,4
mnth,11474,1,9,4
mnth,11476,1,12,4
mnth,11477,1,12,4
mnth,11478,1,12,4
mnth,11480,1,12,4
mnth,11481,1,12,4
mnth,11486,-10.04202866,12,4
mnth,11488,1,12,4
mnth,11491,1,12,4
mnth,11497,1,12,4
mnth,11499,-18.41588642,7,4
mnth,11500,1,12,4
mnth,11503,1,12,4
mnth,11506,1,12,4
mnth,11514,1,12,4
mnth,11515,1,12,4
mnth,11518,1,7,4
mnth,11520,1,12,4
mnth,11521,1,12,4
mnth,11540,22.72414225,1,5
mnth,11542,1,7,5
mnth,11544,1,7,5
mnth,11558,-15.83109365,11,5
mnth,11562,1,12,5
mnth,11563,1,12,5
mnth,11565,1,12,5
mnth,11568,1,12,5
mnth,11570,8.484794702,4,5
mnth,11572,1,12,5
mnth,11573,1,12,5
mnth,11575,1,4,5
mnth,11591,1,12,5
mnth,11597,22.29919247,1,5
mnth,11598,1,12,5
mnth,11599,1,12,5
mnth,11610,1,12,5
mnth,11619,1,12,5
mnth,11620,1,12,5
mnth,11621,1,12,5
mnth,11623,1,12,5
mnth,11625,1,12,5
mnth,11636,1,12,5
mnth,11637,1,12,5
mnth,11638,1,12,5
mnth,11639,1,12,5
mnth,11642,1,12,5
mnth,11643,1,12,5
mnth,11660,2.173543608,1,5
mnth,11663,-10.04206724,9,5
mnth,11667,-12.4931868,1,5
mnth,11673,1,12,5
mnth,11676,1,12,5
mnth,11681,3.877873421,8,5
mnth,11691,1,6,5
mnth,11711,4.323115053,3,5
mnth,11734,1,3,5
mnth,11737,1,9,5
mnth,11741,1,12,5
mnth,11755,1,11,5
mnth,11771,30.73782681,8,5
mnth,11794,19.40542833,4,5
mnth,11805,1,12,5
mnth,11807,1,12,5
mnth,11812,1,12,5
mnth,11818,1.305852062,3,5
mnth,11831,1,9,5
mnth,11844,1,3,5
mnth,11870,1,12,5
mnth,11880,1,12,5
mnth,11881,1,7,5
mnth,11890,1,4,5
mnth,11900,1,12,5
mnth,11905,-9.430973236,3,5
mnth,11907,1,12,5
mnth,11908,1,12,5
mnth,11910,1,12,5
mnth,11913,1,3,5
mnth,11914,1,3,5
mnth,11925,1,9,5
mnth,11958,8.651515684,6,5
mnth,11959,1,12,5
mnth,11962,6.815928305,8,5
mnth,11969,1,12,5
mnth,11971,1,12,5
mnth,11973,1,12,5
mnth,11977,1,12,5
mnth,11984,1,12,5
mnth,11990,-2.767589979,7,5
mnth,11993,1,12,5
mnth,11994,1,12,5
mnth,11996,1,12,5
mnth,11997,1,12,5
mnth,11998,1,12,5
mnth,12001,1,7,5
mnth,12012,1,3,5
mnth,12032,1,12,5
mnth,12033,1,4,5
mnth,12034,-15.91271785,12,5
mnth,12038,1,4,5
mnth,12045,1,7,5
mnth,12055,1,12,5
mnth,12057,1,12,5
mnth,12061,1,12,5
mnth,12075,1,12,5
mnth,12076,1,12,5
mnth,12077,1,12,5
mnth,12079,1,12,5
mnth,12083,-20.73961013,29,5
mnth,12089,1,12,5
mnth,12092,-18.98981125,19,5
mnth,12094,1,12,5
mnth,12114,21.81797617,9,5
mnth,12115,1,11,5
mnth,12121,31.9655504,31.96555,5
mnth,12165,-12.84969938,19,5
mnth,12168,19.33589011,8,5
mnth,12196,1,12,5
mnth,12197,1,12,5
mnth,12198,1,12,5
mnth,12213,-13.30914363,19,5
mnth,12214,1,7,5
mnth,12235,1,12,5
mnth,12247,-6.914789435,3,5
mnth,12248,1,12,5
mnth,12249,1,12,5
mnth,12250,1,3,5
mnth,12256,-9.37636351,1,5
mnth,12263,1,7,5
mnth,12264,1,7,5
mnth,12281,7.516266062,6,5
mnth,12301,-15.19802382,18,6
mnth,12310,1,12,6
mnth,12325,1,5,6
mnth,12326,1,5,6
mnth,12333,1,5,6
mnth,12344,8.13386893,8,6
mnth,12347,1,12,6
mnth,12360,1,7,6
mnth,12361,1,12,6
mnth,12362,1,12,6
mnth,12374,-0.910388111,1,6
mnth,12382,1,7,6
mnth,12386,1,4,6
mnth,12388,-17.79379755,13,6
mnth,12395,1,5,6
mnth,12397,1,12,6
mnth,12404,2.207955823,2,6
mnth,12405,1,7,6
mnth,12406,1,12,6
mnth,12407,1,7,6
mnth,12409,1,12,6
mnth,12410,1,12,6
mnth,12411,1,12,6
mnth,12412,1,12,6
mnth,12416,1,12,6
mnth,12418,1,12,6
mnth,12419,1,12,6
mnth,12427,1,12,6
mnth,12432,-0.630546376,7,6
mnth,12434,1,12,6
mnth,12436,1,12,6
mnth,12437,1,12,6
mnth,12440,1,12,6
mnth,12443,1,12,6
mnth,12454,1,12,6
mnth,12455,1,7,6
mnth,12456,1,12,6
mnth,12480,6,7,6
mnth,12483,24.4422636,24.442263,6
mnth,12533,-13.61296313,12,6
mnth,12548,6,9,6
mnth,12549,-18.9455067,5,6
mnth,12556,-0.700630178,7,6
mnth,12558,6,2,6
mnth,12573,6,9,6
mnth,12575,6,7,6
mnth,12583,16.86076533,7,6
mnth,12604,-14.29032604,10,6
mnth,12609,27.27174345,7,6
mnth,12613,46.64452445,5,6
mnth,12647,6,7,6
mnth,12648,6,7,6
mnth,12671,6,9,6
mnth,12676,14.11035873,3,6
mnth,12701,11.30742874,4,6
mnth,12703,6,5,6
mnth,12705,-21.31886133,28,6
mnth,12719,6,7,6
mnth,12722,18.19537251,3,6
mnth,12725,-0.753436311,1,6
mnth,12726,-0.187753698,9,6
mnth,12729,6,5,6
mnth,12733,-16.40979766,19,6
mnth,12735,-6.301706401,0,6
mnth,12739,6,2,6
mnth,12741,6,7,6
mnth,12742,30.64880901,7,6
mnth,12743,6,7,6
mnth,12750,6,11,6
mnth,12757,13.5339703,13.53397,6
mnth,12784,-19.99049332,10,6
mnth,12799,20.98172575,7,6
mnth,12809,-46.11950636,49,6
mnth,12820,6,11,6
mnth,12829,6,4,6
mnth,12841,6,7,6
mnth,12856,-2.902425637,3,6
mnth,12870,6,4,6
mnth,12873,10.56389884,8,6
mnth,12880,30.47109419,3,6
mnth,12897,6,2,6
mnth,12907,5.467828851,4,6
mnth,12911,6,7,6
mnth,12930,-11.24960404,19,6
mnth,12942,6,4,6
mnth,12958,34.73349482,4,6
mnth,12959,6,7,6
mnth,12960,-4.549482281,8,6
mnth,13033,-14.79533286,15,7
mnth,13061,7,5,7
mnth,13064,7,5,7
mnth,13071,16.7290847,16.729084,7
mnth,13086,-4.445867744,4,7
mnth,13131,-12.44644115,16,7
mnth,13136,32.73900088,0,7
mnth,13141,5.669197425,6,7
mnth,13150,42.93905041,0,7
mnth,13163,7,2,7
mnth,13165,-10.18410099,14,7
mnth,13177,1.029989964,6,7
mnth,13180,11.3392454,11.339245,7
mnth,13201,7,9,7
mnth,13220,-24.06340244,23,7
mnth,13225,-14.90960275,19,7
mnth,13232,7,5,7
mnth,13258,21.22213605,1,7
mnth,13295,21.31468502,6,7
mnth,13311,-10.03957268,19,7
mnth,13370,-5.523355944,4,7
mnth,13381,5.965744816,9,7
mnth,13409,25.46003858,0,7
mnth,13426,7,12,7
mnth,13429,14.80655486,5,7
mnth,13456,20.62157483,5,7
mnth,13506,-17.60654526,16,7
mnth,13515,20.97169577,6,7
mnth,13525,5.222596178,2,7
mnth,13526,-1.323302921,2,7
mnth,13543,10.04284587,8,7
mnth,13565,-15.36771759,17,7
mnth,13570,17.51955354,5,7
mnth,13575,-2.699385842,4,7
mnth,13581,7,9,7
mnth,13597,3.569489239,3,7
mnth,13599,24.34897634,9,7
mnth,13608,24.96615408,1,7
mnth,13619,24.08525923,2,7
mnth,13625,30.30031465,3,7
mnth,13640,6.496403279,4,7
mnth,13664,9.685290705,6,7
mnth,13680,12.20049747,4,7
mnth,13692,9.013229236,3,7
mnth,13721,28.63599062,9,7
mnth,13738,-5.605675436,3,7
mnth,13770,8,7,8
mnth,13777,2.409302169,9,8
mnth,13784,-3.795061673,7,8
mnth,13834,8,3,8
mnth,13873,6.016217749,4,8
mnth,13896,39.20178808,7,8
mnth,13907,8,2,8
mnth,13917,-10.78511283,15,8
mnth,13935,22.03638165,3,8
mnth,13938,-31.54788335,37,8
mnth,13941,-10.19241582,9,8
mnth,13946,8,11,8
mnth,13948,-18.5589918,9,8
mnth,13980,10.24545882,4,8
mnth,13990,34.41808091,0,8
mnth,14056,-27.64822621,28,8
mnth,14061,8,7,8
mnth,14083,8,11,8
mnth,14086,8,7,8
mnth,14099,9.615079909,6,8
mnth,14120,5.019660094,9,8
mnth,14125,16.47309447,0,8
mnth,14155,8,5,8
mnth,14162,8,7,8
mnth,14187,16.56898311,9,8
mnth,14189,10.49767243,6,8
mnth,14191,8,5,8
mnth,14230,8,7,8
mnth,14240,12.7495843,12.749584,8
mnth,14256,8,7,8
mnth,14302,20.15076099,7,8
mnth,14303,8,7,8
mnth,14304,8,7,8
mnth,14321,8,2,8
mnth,14326,-21.54631397,26,8
mnth,14333,8,7,8
mnth,14342,4.409387437,4,8
mnth,14358,8,6,8
mnth,14374,8,7,8
mnth,14385,8,7,8
mnth,14399,21.30751605,9,8
mnth,14400,8,7,8
mnth,14409,8,7,8
mnth,14448,8,7,8
mnth,14451,8.586394432,3,8
mnth,14480,21.45757514,5,8
mnth,14497,9.324847409,3,9
mnth,14530,8.09854723,8,9
mnth,14539,-21.18249095,22,9
mnth,14561,9,4,9
mnth,14562,9,5,9
mnth,14568,9,7,9
mnth,14584,9,6,9
mnth,14587,3.749060017,7,9
mnth,14591,6.70502596,6,9
mnth,14593,1.600737602,6,9
mnth,14610,9.686366057,6,9
mnth,14614,9,7,9
mnth,14615,39.97732665,3,9
mnth,14616,9,7,9
mnth,14624,22.69564575,6,9
mnth,14633,9,5,9
mnth,14640,9,7,9
mnth,14663,14.76275547,7,9
mnth,14672,20.61240634,4,9
mnth,14678,9,11,9
mnth,14692,9,12,9
mnth,14702,-10.52178329,11,9
mnth,14719,17.25014998,1,9
mnth,14735,9,7,9
mnth,14775,18.45741689,4,9
mnth,14777,9,2,9
mnth,14788,-9.031383556,5,9
mnth,14793,-6.034552888,8,9
mnth,14803,9,12,9
mnth,14811,9.706449091,7,9
mnth,14825,7.242193657,2,9
mnth,14856,9,7,9
mnth,14895,42.12458382,5,9
mnth,14896,22.07957971,5,9
mnth,14906,9,11,9
mnth,14945,9.581216288,8,9
mnth,14954,9,12,9
mnth,14968,14.88537866,3,9
mnth,14987,-41.20863182,48,9
mnth,15001,8.30395894,8,9
mnth,15018,17.4824698,17.482469,9
mnth,15036,0.011882173,7,9
mnth,15037,3.582284273,7,9
mnth,15040,10.19849986,4,9
mnth,15046,9,7,9
mnth,15048,9,7,9
mnth,15051,9,4,9
mnth,15052,-2.180349477,7,9
mnth,15061,5.011256649,4,9
mnth,15078,9,12,9
mnth,15087,34.18522476,2,9
mnth,15088,-17.48771817,17,9
mnth,15120,9,7,9
mnth,15126,27.36004525,0,9
mnth,15132,9,3,9
mnth,15143,15.66859728,5,9
mnth,15151,-14.1971729,1,9
mnth,15174,9,3,9
mnth,15207,-0.865431744,4,9
mnth,15223,10,5,10
mnth,15258,-8.667711842,4,10
mnth,15278,-2.257605304,0,10
mnth,15296,10,7,10
mnth,15324,19.50135741,3,10
mnth,15338,20.38516644,1,10
mnth,15348,10,5,10
mnth,15394,-0.519697716,1,10
mnth,15403,19.20752044,5,10
mnth,15429,10,7,10
mnth,15430,10,7,10
mnth,15431,4.726787933,7,10
mnth,15433,0.17681755,0,10
mnth,15455,14.99848823,1,10
mnth,15459,-8.962534465,6,10
mnth,15461,5.852581061,8,10
mnth,15471,26.39622005,2,10
mnth,15480,10,7,10
mnth,15506,10,9,10
mnth,15516,32.03111191,1,10
mnth,15527,10,9,10
mnth,15529,-4.283658921,2,10
mnth,15551,-3.454727219,1,10
mnth,15559,15.44414722,1,10
mnth,15566,6.695739673,6,10
mnth,15575,-1.623256256,5,10
mnth,15620,4.221491216,2,10
mnth,15743,10,3,10
mnth,15745,-31.18331428,33,10
mnth,15752,-6.113903627,2,10
mnth,15759,8.124570242,4,10
mnth,15765,10,7,10
mnth,15781,-6.395652534,3,10
mnth,15789,10,9,10
mnth,15791,10,7,10
mnth,15832,16.91525039,2,10
mnth,15840,-3.714820325,2,10
mnth,15859,10,11,10
mnth,15865,10,9,10
mnth,15888,-16.8800953,0,10
mnth,15891,19.20577237,7,10
mnth,15897,10,7,10
mnth,15909,1.150419342,4,10
mnth,15920,6.933436294,9,11
mnth,15921,21.24926084,2,11
mnth,15927,31.20021961,2,11
mnth,15929,-21.7210743,0,11
mnth,15931,11,12,11
mnth,15934,4.218079844,2,11
mnth,15952,26.73820187,2,11
mnth,15971,11,9,11
mnth,15989,38.04995578,9,11
mnth,16017,11,7,11
mnth,16021,29.19725946,2,11
mnth,16041,11,7,11
mnth,16054,-8.046649999,9,11
mnth,16055,11,5,11
mnth,16069,11,7,11
mnth,16084,-20.17351388,23,11
mnth,16104,-5.286121476,7,11
mnth,16116,11,7,11
mnth,16118,-1.557437323,2,11
mnth,16128,9.307147747,3,11
mnth,16145,-1.22289427,12,11
mnth,16147,-17.75626251,16,11
mnth,16152,13.60574653,7,11
mnth,16160,-13.66896967,18,11
mnth,16176,28.22923123,2,11
mnth,16190,32.46690844,9,11
mnth,16212,36.00946475,4,11
mnth,16215,22.15026716,2,11
mnth,16223,3.847475565,12,11
mnth,16232,13.6600221,13.660022,11
mnth,16233,11,3,11
mnth,16243,37.85468076,6,11
mnth,16313,-17.47966343,19,11
mnth,16319,15.79360254,6,11
mnth,16351,11,7,11
mnth,16368,36.24140222,4,11
mnth,16397,14.07628079,2,11
mnth,16401,11,7,11
mnth,16404,54.54818967,1,11
mnth,16420,21.19871435,7,11
mnth,16425,25.37131597,3,11
mnth,16428,11,7,11
mnth,16444,21.58851275,5,11
mnth,16446,20.76275983,7,11
mnth,16450,11,3,11
mnth,16455,19.04185617,2,11
mnth,16458,-3.685427064,6,11
mnth,16487,11,12,11
mnth,16492,11.15666953,6,11
mnth,16497,11,9,11
mnth,16498,11,7,11
mnth,16560,20.97336001,3,11
mnth,16569,11,3,11
mnth,16584,20.30888541,8,11
mnth,16589,-13.78678434,16,11
mnth,16596,11,5,11
mnth,16628,24.39624706,2,11
mnth,16640,24.89291352,9,12
mnth,16644,12,7,12
mnth,16654,-16.70584547,15,12
mnth,16667,12,7,12
mnth,16687,-6.066003232,3,12
mnth,16689,12,7,12
mnth,16704,18.87945921,4,12
mnth,16712,12,7,12
mnth,16723,12,5,12
mnth,16760,32.24652459,5,12
mnth,16765,13.53276991,7,12
mnth,16766,12,5,12
mnth,16776,20.52585864,8,12
mnth,16783,12,9,12
mnth,16793,24.38755903,5,12
mnth,16804,7.313225032,3,12
mnth,16820,-0.840683038,3,12
mnth,16822,18.73844097,4,12
mnth,16835,12,7,12
mnth,16842,32.08191632,9,12
mnth,16851,38.36096303,9,12
mnth,16859,12,7,12
mnth,16864,-2.059642642,4,12
mnth,16879,12,7,12
mnth,16880,12,3,12
mnth,16882,12,7,12
mnth,16920,29.47689516,8,12
mnth,16928,-1.630979065,7,12
mnth,16930,12,7,12
mnth,16933,12,6,12
mnth,16936,12,11,12
mnth,16957,38.11716721,1,12
mnth,16992,12,5,12
mnth,16995,16.12053524,5,12
mnth,17000,22.57692648,9,12
mnth,17003,14.73012147,1,12
mnth,17005,12,7,12
mnth,17022,12,9,12
mnth,17025,18.75945365,1,12
mnth,17038,-8.457379454,5,12
mnth,17044,12.30749246,4,12
mnth,17050,12,7,12
mnth,17052,26.76192288,9,12
mnth,17056,12,4,12
mnth,17090,32.4538492,32.453849,12
mnth,17096,12,7,12
mnth,17105,2.941284888,9,12
mnth,17126,12,3,12
mnth,17166,12,7,12
mnth,17173,11.36893142,9,12
mnth,17185,51.16976655,7,12
mnth,17189,20.73907664,0,12
mnth,17216,12,3,12
mnth,17221,12,9,12
mnth,17225,12,5,12
mnth,17238,-2.77390544,3,12
mnth,17246,12,7,12
mnth,17263,12,3,12
mnth,17313,15.52822515,1,12
mnth,17333,14.88401294,9,12
mnth,17336,34.42863342,6,12
mnth,17338,12,7,12
mnth,17359,12,3,12
mnth,17360,10.08433956,1,12
mnth,17371,21.38344552,4,12
hr,5,4,1,4
hr,6,5,1,5
hr,8,7,4,7
hr,15,16.45978367,6,14
hr,17,-23.99260242,22,16
hr,18,43.07237736,3,17
hr,31,7,1,7
hr,32,8,2,8
hr,39,22.10059854,2,15
hr,40,26.96190973,6,16
hr,50,4,1,4
hr,51,5,4,5
hr,52,11.27252353,1,6
hr,72,2,1,2
hr,97,5,4,5
hr,119,4,1,4
hr,141,2,1,2
hr,145,-21.80982273,29,7
hr,148,14.30472687,4,10
hr,166,4,1,4
hr,184,13.22530034,3,22
hr,190,4,1,4
hr,191,5,1,5
hr,192,6,1,6
hr,195,22.0880661,22.088066,9
hr,203,43.43720551,3,17
hr,212,2,4,2
hr,213,3,1,3
hr,215,5,4,5
hr,236,2,4,2
hr,258,2,1,2
hr,281,3,4,3
hr,282,-12.32302074,13,4
hr,283,5,4,5
hr,284,6,3,6
hr,304,-37.46886573,38,2
hr,305,3,1,3
hr,306,5,2,5
hr,315,-0.947295727,2,14
hr,325,0,3,0
hr,328,3,2,3
hr,330,66.02494422,6,5
hr,331,6,4,6
hr,346,-11.68872498,18,21
hr,349,8.147368113,1,0
hr,352,-59.09226347,52,3
hr,353,4,1,4
hr,355,6,1,6
hr,356,7,4,7
hr,378,5,1,5
hr,384,43.63501943,3,11
hr,396,-14.99494857,14,23
hr,407,-10.36568744,15,22
hr,409,0,4,0
hr,411,2,4,2
hr,413,29.87714453,9,5
hr,431,15.59449449,5,23
hr,435,3,1,3
hr,436,4,1,4
hr,448,-25.06569245,25,16
hr,450,79.41229045,9,18
hr,459,3,1,3
hr,460,4,1,4
hr,467,20.67917567,0,11
hr,486,7,2,7
hr,487,33.69562472,3,8
hr,495,-41.13325517,43,16
hr,507,5,4,5
hr,508,6,1,6
hr,511,9,3,9
hr,528,3,1,3
hr,529,4,1,4
hr,552,4,1,4
hr,567,48.47295974,8,19
hr,572,0,4,0
hr,574,2,4,2
hr,575,5,1,5
hr,576,6,2,6
hr,586,30.2752155,30.275215,16
hr,599,3,1,3
hr,608,21.92353084,1,13
hr,611,57.95462126,7,16
hr,619,0,3,0
hr,622,3,2,3
hr,623,-21.64289453,22,4
hr,640,-2.670589618,1,22
hr,645,8.207802948,2,3
hr,646,4,1,4
hr,647,5,4,5
hr,648,7,4,7
hr,657,-3.331295816,1,16
hr,662,-19.15758041,17,21
hr,663,37.91702441,7,22
hr,667,2,1,2
hr,670,5,2,5
hr,674,42.89329206,2,9
hr,677,30.25143583,0,12
hr,689,0,2,0
hr,691,2,4,2
hr,693,5,4,5
hr,715,3,1,3
hr,716,4,1,4
hr,717,5,4,5
hr,736,-20.73438111,24,0
hr,737,-4.413923671,7,1
hr,739,3,1,3
hr,743,-18.56771084,17,8
hr,761,2,1,2
hr,762,3,1,3
hr,764,6,3,6
hr,770,40.28476863,0,12
hr,786,4,2,4
hr,797,26.23989894,6,15
hr,811,5,1,5
hr,812,6,1,6
hr,813,7,2,7
hr,817,36.80748541,6,11
hr,832,2,4,2
hr,833,3,1,3
hr,847,23.35637792,3,17
hr,851,-26.95968432,29,21
hr,857,-8.877077725,2,3
hr,866,1.116630091,1,12
hr,880,2,4,2
hr,888,39.80516898,9,11
hr,893,17.24274564,7,16
hr,895,-25.60052332,20,18
hr,903,2,4,2
hr,904,4,1,4
hr,926,2,4,2
hr,948,-9.036556241,4,2
hr,951,5,1,5
hr,973,3,4,3
hr,976,7,4,7
hr,980,44.86817883,4,11
hr,984,-17.18627405,16,15
hr,998,5,4,5
hr,1013,18.47505142,8,20
hr,1019,2,4,2
hr,1020,4,1,4
hr,1036,17.02302565,7,20
hr,1042,3,1,3
hr,1043,4,1,4
hr,1085,21.87768828,1,22
hr,1090,3,2,3
hr,1091,4,1,4
hr,1095,8,17,8
hr,1105,72.70252745,2,18
hr,1116,5,4,5
hr,1139,4,1,4
hr,1162,4,1,4
hr,1163,5,4,5
hr,1164,6,2,6
hr,1202,2,1,2
hr,1204,5,2,5
hr,1248,2,4,2
hr,1250,-10.07786671,17,5
hr,1257,24.91883871,4,12
hr,1263,56.07299102,6,18
hr,1269,0,3,0
hr,1272,3,2,3
hr,1273,-21.10976724,29,4
hr,1298,4.73260582,4,6
hr,1307,46.55986614,6,15
hr,1318,3,1,3
hr,1320,6,3,6
hr,1327,-8.736322663,6,13
hr,1341,-48.36127902,41,3
hr,1344,-31.72738038,37,6
hr,1362,0,2,0
hr,1364,2,4,2
hr,1366,4,1,4
hr,1388,2,4,2
hr,1389,3,1,3
hr,1390,4,1,4
hr,1391,5,2,5
hr,1399,-6.581701364,6,13
hr,1413,3,1,3
hr,1414,4,1,4
hr,1438,4,1,4
hr,1439,5,4,5
hr,1452,-34.77088879,30,18
hr,1468,26.39294456,6,11
hr,1479,-25.26756767,27,22
hr,1483,3,1,3
hr,1484,4,1,4
hr,1485,5,1,5
hr,1506,2,1,2
hr,1509,5,4,5
hr,1531,3,4,3
hr,1533,5,2,5
hr,1538,-15.03399086,13,10
hr,1544,-3.274073709,0,16
hr,1552,0,4,0
hr,1554,2,1,2
hr,1555,5,4,5
hr,1597,52.26557062,2,0
hr,1601,4,1,4
hr,1602,5,4,5
hr,1606,26.0108203,26.01082,9
hr,1623,24.29233143,4,3
hr,1625,5,4,5
hr,1637,24.34760372,4,17
hr,1646,2,1,2
hr,1647,3,4,3
hr,1648,5,2,5
hr,1649,6,3,6
hr,1669,2,4,2
hr,1690,0,2,0
hr,1692,3,4,3
hr,1693,4,1,4
hr,1694,5,4,5
hr,1718,28.48123651,8,5
hr,1729,59.31406147,9,16
hr,1749,-6.783846678,7,13
hr,1763,3,2,3
hr,1811,3,1,3
hr,1819,-7.413033264,6,12
hr,1826,44.63166111,4,19
hr,1833,2,1,2
hr,1835,4,1,4
hr,1840,-19.29619852,16,9
hr,1847,4.529018804,5,16
hr,1850,14.93790448,4,19
hr,1858,3,4,3
hr,1881,3,1,3
hr,1882,4,1,4
hr,1890,18.09778405,8,12
hr,1891,-0.302790485,8,13
hr,1926,0,3,0
hr,1931,5,2,5
hr,1944,12.47105602,2,18
hr,1954,10.19819332,0,4
hr,1962,44.67857889,4,13
hr,1965,15.71650386,5,16
hr,1977,5,2,5
hr,1988,45.89202149,5,16
hr,1998,2,4,2
hr,1999,3,4,3
hr,2001,5,2,5
hr,2022,-40.56941227,49,2
hr,2024,4,1,4
hr,2044,0,4,0
hr,2047,3,1,3
hr,2049,5,2,5
hr,2055,25.56278482,5,11
hr,2074,6,3,6
hr,2081,72.92204188,2,13
hr,2143,3,1,3
hr,2150,18.08179061,8,10
hr,2173,50.2447828,50.244782,9
hr,2192,4,1,4
hr,2215,3,4,3
hr,2216,4,1,4
hr,2222,13.21635284,3,10
hr,2226,22.95615611,2,14
hr,2239,3,1,3
hr,2240,18.32713792,8,4
hr,2260,-5.137534285,8,0
hr,2268,14.21168323,4,8
hr,2297,3.552636048,5,13
hr,2311,4,1,4
hr,2334,3,1,3
hr,2360,5,9,5
hr,2361,6,9,6
hr,2372,23.01135541,3,17
hr,2378,-45.12495448,44,23
hr,2381,2,4,2
hr,2386,2.287455411,2,7
hr,2406,3,4,3
hr,2415,6.948291087,9,12
hr,2456,5,4,5
hr,2457,6,2,6
hr,2492,42.57963132,2,17
hr,2502,3,4,3
hr,2536,-39.62760369,37,13
hr,2606,62.88974793,2,11
hr,2637,33.03616269,3,18
hr,2677,-9.914681134,3,10
hr,2687,17.89692886,7,20
hr,2705,6.055084539,0,14
hr,2718,-10.99517321,15,3
hr,2752,-50.91748937,57,13
hr,2758,62.03019363,2,19
hr,2815,-41.88305345,43,4
hr,2862,3,1,3
hr,2874,29.17804712,9,15
hr,2878,5.932422103,9,19
hr,2911,4,1,4
hr,2942,20.64115944,0,11
hr,2956,-6.138851256,5,1
hr,2970,5.954190896,9,15
hr,2975,-9.197770411,1,20
hr,2994,36.28972317,6,15
hr,3013,-31.58017417,30,10
hr,3030,3,4,3
hr,3035,24.82122579,4,8
hr,3063,2.974816742,9,12
hr,3064,1.107665548,1,13
hr,3111,-25.51684476,26,12
hr,3128,-64.39791533,67,5
hr,3134,-24.81057003,20,11
hr,3154,7,17,7
hr,3156,22.95962625,2,9
hr,3168,9.153917924,1,21
hr,3193,48.38455793,8,22
hr,3207,20.09756868,0,12
hr,3230,45.70240499,5,11
hr,3238,-8.922317646,4,19
hr,3248,5,3,5
hr,3264,-29.70407665,24,21
hr,3266,31.59921888,1,23
hr,3273,6,3,6
hr,3280,55.75660846,5,13
hr,3289,-7.130625962,6,22
hr,3293,10.31380029,0,2
hr,3324,9,13,9
hr,3378,25.09574107,5,15
hr,3390,42.93564878,2,3
hr,3393,-9.100461105,0,6
hr,3400,-4.152531441,4,13
hr,3423,-0.318839527,2,12
hr,3427,8.710745701,7,16
hr,3471,-13.96685836,16,12
hr,3480,-8.560346741,4,21
hr,3500,22.82971126,2,17
hr,3511,-2.342861719,1,4
hr,3533,2,4,2
hr,3536,5,3,5
hr,3544,44.85379868,4,13
hr,3553,54.68216613,4,22
hr,3554,-5.671374327,2,23
hr,3555,0,19,0
hr,3558,37.02975561,7,3
hr,3584,5,3,5
hr,3608,5,2,5
hr,3609,6,3,6
hr,3611,8,20,8
hr,3634,-2.694756629,2,7
hr,3636,-61.32193223,61,9
hr,3655,4,2,4
hr,3671,43.46028919,3,20
hr,3676,44.99666441,4,1
hr,3686,12.53261329,2,11
hr,3699,0,3,0
hr,3752,5,3,5
hr,3761,28.20684962,8,14
hr,3775,8.087570209,0,4
hr,3776,-42.78352093,43,5
hr,3815,68.30594997,8,20
hr,3819,0,3,0
hr,3838,26.52075017,6,19
hr,3854,38.74504685,8,11
hr,3870,3,1,3
hr,3873,30.59479699,0,6
hr,3897,17.67374503,7,6
hr,3920,-3.177287969,6,5
hr,3933,56.16430967,6,18
hr,3992,5,4,5
hr,4004,-29.08130262,21,17
hr,4043,54.84557504,4,8
hr,4052,-6.767416118,1,17
hr,4095,-11.78854969,18,12
hr,4098,-13.41973993,19,15
hr,4100,-0.084903533,3,17
hr,4120,-15.2339107,19,13
hr,4136,-67.71793628,67,5
hr,4183,4,2,4
hr,4204,83.15684181,3,1
hr,4304,5,1,5
hr,4305,6,4,6
hr,4321,95.50309973,5,22
hr,4350,3,2,3
hr,4379,29.7263483,29.726348,8
hr,4422,-25.98954913,29,3
hr,4423,-42.02725066,47,4
hr,4435,-31.23923583,39,16
hr,4442,43.46714574,3,23
hr,4476,2.637156913,6,9
hr,4493,-21.78148224,21,2
hr,4518,3,2,3
hr,4523,-51.22351244,53,8
hr,4568,5,3,5
hr,4571,32.93213505,2,8
hr,4597,3.285143735,2,10
hr,4607,46.03079192,6,20
hr,4635,0,20,0
hr,4650,75.68099292,5,15
hr,4652,40.43425574,0,17
hr,4669,-13.31124205,11,10
hr,4677,-7.889739073,7,18
hr,4682,67.00192883,7,23
hr,4686,3,4,3
hr,4695,30.55645064,0,12
hr,4720,28.73477164,8,13
hr,4802,11.66414104,1,23
hr,4808,5,2,5
hr,4835,33.13041614,3,8
hr,4851,0,3,0
hr,4852,0.952545131,9,1
hr,4879,-20.17140808,21,4
hr,4890,47.14176219,7,15
hr,4891,9.075374156,0,16
hr,4976,5,2,5
hr,5004,33.95831441,3,9
hr,5014,44.59398867,4,19
hr,5018,-2.194281208,0,23
hr,5036,65.89350929,5,17
hr,5070,3,4,3
hr,5109,19.33203858,9,18
hr,5116,-10.95755846,17,1
hr,5119,80.45594515,0,4
hr,5138,24.78870454,4,23
hr,5151,-15.99872862,18,12
hr,5165,2,3,2
hr,5166,3,1,3
hr,5167,4,3,4
hr,5175,29.71924551,9,12
hr,5185,4.875233802,8,22
hr,5190,3,4,3
hr,5191,49.57730347,9,4
hr,5206,10.32405037,0,19
hr,5233,1.255792057,2,22
hr,5234,54.23743826,4,23
hr,5285,-25.14780929,27,2
hr,5298,20.28231576,0,15
hr,5312,3.609760834,6,5
hr,5316,9,3,9
hr,5336,17.47858988,7,5
hr,5360,19.73442646,9,5
hr,5368,-8.670199149,4,13
hr,5374,72.96832971,2,19
hr,5382,-4.718081668,6,3
hr,5384,5,3,5
hr,5392,-17.77429923,14,13
hr,5393,21.87288393,1,14
hr,5430,3,4,3
hr,5431,4,2,4
hr,5456,5,2,5
hr,5480,-11.61488115,14,5
hr,5481,6,3,6
hr,5518,31.95427414,1,19
hr,5550,3,1,3
hr,5563,-28.63391398,23,16
hr,5584,31.67131713,1,13
hr,5599,4,2,4
hr,5612,14.89465538,4,17
hr,5626,7,3,7
hr,5634,10.51818449,0,15
hr,5637,7,1,7
hr,5638,8,2,8
hr,5649,36.85358972,6,19
hr,5666,23.46652587,3,12
hr,5683,5,3,5
hr,5696,17.77234497,7,18
hr,5697,54.89506242,4,19
hr,5724,6.149609027,1,22
hr,5746,19.16061985,9,20
hr,5753,3,2,3
hr,5756,3.943709358,9,6
hr,5790,34.95038776,4,16
hr,5798,0,3,0
hr,5804,6,4,6
hr,5816,-13.72314126,13,18
hr,5839,-20.18574422,25,17
hr,5846,0,2,0
hr,5848,3,1,3
hr,5860,10.04910652,0,15
hr,5863,41.66248659,1,18
hr,5912,9.186406782,1,20
hr,5914,19.45468471,9,22
hr,5917,57.31895077,7,1
hr,5924,8,22,8
hr,5926,67.59134101,7,10
hr,5929,-4.365964525,2,13
hr,5941,-17.80575361,15,1
hr,5945,5,2,5
hr,5975,-11.74950884,19,11
hr,5979,23.13112907,3,15
hr,6007,27.43654245,7,20
hr,6015,4,2,4
hr,6038,3,2,3
hr,6042,-33.93944599,39,7
hr,6062,3,2,3
hr,6074,49.3776192,49.377619,15
hr,6078,-3.901837091,9,19
hr,6088,-6.851011483,8,5
hr,6095,1.355753725,3,12
hr,6099,-29.14858184,28,16
hr,6126,51.5541258,51.554125,19
hr,6128,30.11408725,0,21
hr,6135,4,1,4
hr,6138,7.907363951,9,7
hr,6159,4,2,4
hr,6160,5,3,5
hr,6179,56.13561653,6,0
hr,6182,3,4,3
hr,6207,-3.292990895,9,4
hr,6212,14.46859636,4,9
hr,6224,28.56869483,8,21
hr,6254,3,2,3
hr,6272,20.94652897,0,21
hr,6279,40.58805298,0,4
hr,6285,-31.46895562,38,10
hr,6299,38.21678237,8,0
hr,6301,-3.614167191,9,2
hr,6303,4,2,4
hr,6304,5,4,5
hr,6311,26.00153986,6,12
hr,6317,63.8408084,63.840808,18
hr,6339,12.58984176,2,16
hr,6340,28.61030916,8,17
hr,6351,4,2,4
hr,6374,3,4,3
hr,6398,3,2,3
hr,6401,33.89360908,3,6
hr,6414,35.50214373,5,19
hr,6422,3,4,3
hr,6423,4,2,4
hr,6424,28.26531838,8,5
hr,6442,64.65113735,4,23
hr,6447,4,2,4
hr,6463,-13.11936158,19,20
hr,6495,4,2,4
hr,6517,2,4,2
hr,6531,-14.28770817,17,16
hr,6532,-4.848088113,1,17
hr,6541,2,4,2
hr,6582,67.04879707,7,19
hr,6588,7.136242809,3,1
hr,6597,54.83705559,4,10
hr,6608,22.03918418,2,21
hr,6611,54.01246201,4,0
hr,6616,5,2,5
hr,6627,44.01666546,4,16
hr,6653,19.10931918,9,18
hr,6665,61.67807237,1,6
hr,6686,3,4,3
hr,6710,1.062999572,0,3
hr,6728,26.30937842,6,21
hr,6742,3.321761379,3,11
hr,6759,4,2,4
hr,6782,-24.79376836,23,3
hr,6787,8,20,8
hr,6795,9.383509096,3,16
hr,6800,17.35577186,7,21
hr,6828,18.47169315,8,1
hr,6838,40.41065476,0,11
hr,6854,3,1,3
hr,6868,1.748024619,7,17
hr,6871,29.49927317,9,20
hr,6876,13.09271814,3,1
hr,6878,-88.62359609,83,4
hr,6879,5,4,5
hr,6901,3,1,3
hr,6902,4,2,4
hr,6950,4,2,4
hr,6951,5,2,5
hr,6965,2.407786097,4,19
hr,6975,5,4,5
hr,6978,10.11903226,0,8
hr,7004,12.68964444,2,10
hr,7011,22.92813597,2,17
hr,7027,9,13,9
hr,7035,-24.07043403,20,17
hr,7036,23.6013593,23.601359,18
hr,7044,2,4,2
hr,7045,3,4,3
hr,7067,-57.95225391,52,1
hr,7072,-18.74096744,10,6
hr,7091,0.482876485,4,1
hr,7093,3,2,3
hr,7098,6.330376999,3,8
hr,7099,20.50016386,0,9
hr,7117,3,2,3
hr,7118,4,1,4
hr,7119,5,1,5
hr,7122,33.84699672,3,8
hr,7135,63.0838969,63.083896,21
hr,7164,2,4,2
hr,7165,3,4,3
hr,7190,4,2,4
hr,7214,-35.64637779,36,4
hr,7218,8,15,8
hr,7232,37.36183436,7,22
hr,7239,5,3,5
hr,7261,3,2,3
hr,7276,36.14498152,6,18
hr,7285,3,2,3
hr,7286,4,2,4
hr,7313,7,3,7
hr,7314,8.070019345,0,8
hr,7317,13.38142657,3,11
hr,7333,3,4,3
hr,7356,2,1,2
hr,7357,3,4,3
hr,7383,5,3,5
hr,7404,2,9,2
hr,7405,3,9,3
hr,7409,7,17,7
hr,7419,25.15825423,5,17
hr,7421,41.27455037,1,19
hr,7430,4,2,4
hr,7448,-6.025240123,2,22
hr,7456,-4.256786485,8,6
hr,7480,64.59134849,4,6
hr,7481,10.33435672,0,7
hr,7483,-9.612522074,7,9
hr,7527,5,3,5
hr,7533,23.05162178,3,11
hr,7536,43.77121412,3,14
hr,7573,3,4,3
hr,7593,12.20063467,2,23
hr,7622,4,2,4
hr,7648,23.69512641,3,6
hr,7668,2,4,2
hr,7690,0,9,0
hr,7693,3,4,3
hr,7694,-0.144856393,9,4
hr,7695,5,9,5
hr,7696,6,9,6
hr,7710,3.292513254,2,20
hr,7717,15.13696125,5,3
hr,7721,12.2136381,12.213638,7
hr,7733,15.48565904,5,19
hr,7750,8.348380077,3,12
hr,7783,-15.21662302,16,21
hr,7789,-1.457399942,4,3
hr,7791,5,4,5
hr,7794,-37.35124639,31,8
hr,7822,-22.88921475,29,12
hr,7833,43.68636157,3,23
hr,7851,-29.22134075,21,18
hr,7883,-26.33306571,23,2
hr,7884,3,1,3
hr,7909,4,1,4
hr,7923,60.93393286,0,18
hr,7932,3,1,3
hr,7937,31.03919848,1,8
hr,7955,15.76076104,5,2
hr,7957,4,2,4
hr,7983,25.1471795,25.147179,6
hr,7989,3.879752001,8,12
hr,8025,0,3,0
hr,8027,2,4,2
hr,8028,3,4,3
hr,8052,3,4,3
hr,8053,4,1,4
hr,8054,5,4,5
hr,8072,78.00861591,8,23
hr,8076,3,1,3
hr,8104,7.976941409,9,7
hr,8105,8,19,8
hr,8113,43.00857767,3,16
hr,8122,-7.740424048,4,1
hr,8136,4.909707476,9,15
hr,8169,0,4,0
hr,8177,8,19,8
hr,8196,3,4,3
hr,8204,39.31615339,9,11
hr,8209,77.68542881,7,16
hr,8220,3,4,3
hr,8222,21.96623668,1,5
hr,8231,-15.05965712,19,14
hr,8244,3,4,3
hr,8266,39.69355515,9,1
hr,8276,-21.87163022,21,11
hr,8281,19.2938144,19.293814,16
hr,8317,4,1,4
hr,8319,6,4,6
hr,8330,46.57396453,6,17
hr,8339,2,4,2
hr,8340,3,4,3
hr,8369,-52.11644378,56,8
hr,8390,5,3,5
hr,8391,12.57627435,2,6
hr,8422,-5.801792494,9,13
hr,8436,3,9,3
hr,8437,4,9,4
hr,8438,5,2,5
hr,8444,5.134662943,1,11
hr,8455,-2.990549641,4,22
hr,8460,-61.46959034,69,3
hr,8474,8.644037625,6,17
hr,8477,16.64598683,6,20
hr,8479,26.83349601,6,22
hr,8482,19.54977222,9,1
hr,8484,26.99507654,6,3
hr,8485,5,1,5
hr,8486,6,1,6
hr,8492,49.79681672,9,12
hr,8497,-4.277039688,8,17
hr,8505,18.64627065,8,1
hr,8528,30.20256558,0,1
hr,8530,3,4,3
hr,8532,5,2,5
hr,8561,41.01878052,1,11
hr,8573,13.58192459,3,23
hr,8574,0,3,0
hr,8576,2,4,2
hr,8624,2,3,2
hr,8625,-21.68301625,23,3
hr,8627,5,1,5
hr,8634,9.985192522,9,12
hr,8650,4,2,4
hr,8664,23.75887077,3,18
hr,8686,-10.75464812,14,17
hr,8690,38.90185453,8,21
hr,8695,2,4,2
hr,8700,7,9,7
hr,8708,-1.622166815,1,15
hr,8712,38.76265548,8,19
hr,8713,43.30357423,3,20
hr,8719,2,1,2
hr,8720,3,1,3
hr,8734,-12.49262747,12,17
hr,8748,-11.5288832,4,7
hr,8767,2,4,2
hr,8822,9,20,9
hr,8840,3,4,3
hr,8884,0,3,0
hr,8904,81.19486303,1,20
hr,8908,0,4,0
hr,8911,3,4,3
hr,8932,5.481487064,4,0
hr,8970,38.56195145,8,14
hr,8977,42.4211493,42.421149,21
hr,8978,24.6724429,24.672442,22
hr,8986,6,2,6
hr,9007,3,4,3
hr,9008,4,2,4
hr,9055,4,1,4
hr,9074,37.64308655,7,23
hr,9077,2,4,2
hr,9079,4,1,4
hr,9095,-2.172510747,4,20
hr,9102,-9.729604316,1,3
hr,9123,25.52725579,5,0
hr,9127,4,1,4
hr,9129,40.77449873,0,6
hr,9139,13.12746784,3,16
hr,9152,5,4,5
hr,9170,19.99198431,9,23
hr,9174,3,1,3
hr,9175,4,1,4
hr,9179,8,17,8
hr,9198,3,4,3
hr,9222,3,1,3
hr,9227,11.2160896,11.216089,8
hr,9229,46.30398638,6,10
hr,9234,-18.84153946,11,15
hr,9248,5,3,5
hr,9249,-10.20870487,18,6
hr,9270,3,2,3
hr,9274,-2.765214964,6,7
hr,9295,4,2,4
hr,9316,22.71154789,2,1
hr,9367,4,1,4
hr,9390,3,4,3
hr,9391,27.33195847,7,4
hr,9394,-23.87187304,21,7
hr,9407,-0.545380568,6,20
hr,9415,4,1,4
hr,9423,5.330870075,3,12
hr,9425,30.09731443,0,14
hr,9466,7,3,7
hr,9469,23.3328648,23.332864,10
hr,9487,-21.31391877,23,4
hr,9509,2,4,2
hr,9512,10.10085079,0,6
hr,9537,40.40391159,0,7
hr,9553,52.75500334,2,23
hr,9556,2,1,2
hr,9557,3,1,3
hr,9558,4,1,4
hr,9566,23.07374963,3,12
hr,9582,4,1,4
hr,9588,12.29172694,2,10
hr,9595,-7.379912169,6,17
hr,9616,45.15072695,5,14
hr,9620,12.94533668,2,18
hr,9638,27.23874895,7,12
hr,9639,40.3559113,40.355911,13
hr,9646,29.9934435,29.993443,20
hr,9654,4,1,4
hr,9655,5,4,5
hr,9677,3,1,3
hr,9700,2,4,2
hr,9701,3,4,3
hr,9725,3,4,3
hr,9726,4,1,4
hr,9749,3,1,3
hr,9753,7,22,7
hr,9773,3,1,3
hr,9774,4,1,4
hr,9780,22.71693787,2,10
hr,9799,-32.8186824,1,5
hr,9807,8.895192589,8,13
hr,9819,27.12279261,7,1
hr,9831,-20.71307728,23,13
hr,9845,3,2,3
hr,9867,2,4,2
hr,9884,83.65798639,3,20
hr,9913,-14.40032268,10,1
hr,9916,4,1,4
hr,9943,7,17,7
hr,9950,-6.659013369,6,14
hr,9965,5,4,5
hr,9985,-19.45412151,14,1
hr,9999,6.578359002,5,15
hr,10002,44.78193741,4,18
hr,10005,3.931965174,9,21
hr,10012,4,1,4
hr,10020,26.10108425,6,12
hr,10034,2,4,2
hr,10041,-10.16984136,19,9
hr,10071,27.00706387,7,16
hr,10082,3,4,3
hr,10086,-10.37925011,19,7
hr,10106,3,4,3
hr,10120,-0.015243953,5,17
hr,10122,23.87196673,3,19
hr,10178,3,1,3
hr,10179,4,1,4
hr,10180,-32.63537979,35,5
hr,10182,30.40458645,0,7
hr,10186,31.03608616,1,11
hr,10199,0,2,0
hr,10202,3,1,3
hr,10212,-13.91216536,12,13
hr,10226,3,4,3
hr,10250,3,4,3
hr,10271,41.05516702,1,0
hr,10275,4,1,4
hr,10276,-33.16879938,38,5
hr,10290,79.79781747,9,19
hr,10300,8.409397559,4,5
hr,10330,28.72931272,8,12
hr,10351,3.805805873,8,9
hr,10354,-0.915951875,7,12
hr,10368,2,1,2
hr,10370,4,1,4
hr,10378,-8.920087912,1,12
hr,10380,-0.213550973,7,14
hr,10389,39.36353615,9,23
hr,10441,3,4,3
hr,10465,3.420252176,4,3
hr,10467,5,2,5
hr,10503,34.95105317,4,17
hr,10509,49.13608916,9,23
hr,10527,43.67384522,3,17
hr,10536,28.76810707,8,2
hr,10537,3,4,3
hr,10541,7,9,7
hr,10549,17.29328865,7,15
hr,10561,3,2,3
hr,10577,19.59729695,9,19
hr,10595,-21.52198492,21,13
hr,10597,35.71101064,5,15
hr,10606,-26.93757671,27,0
hr,10619,17.66920653,7,13
hr,10620,-7.410357747,4,14
hr,10627,21.95601027,1,21
hr,10636,6,3,6
hr,10658,4,2,4
hr,10666,19.77349302,9,12
hr,10669,39.68056982,9,15
hr,10681,34.67754296,4,3
hr,10726,-6.222446124,2,0
hr,10728,2,4,2
hr,10730,4,1,4
hr,10732,6.774546311,7,6
hr,10736,44.55916237,4,10
hr,10758,-32.50573483,35,8
hr,10762,-2.134463849,4,12
hr,10802,4,2,4
hr,10830,8,20,8
hr,10852,7,19,7
hr,10872,3,4,3
hr,10873,4,1,4
hr,10883,-25.58441016,24,14
hr,10885,-0.081492526,2,16
hr,10896,3,4,3
hr,10897,4,1,4
hr,10902,9,13,9
hr,10908,-18.00260733,12,15
hr,10921,4,1,4
hr,10935,60.18958986,0,18
hr,10936,-8.345964168,6,19
hr,10943,-20.73614933,26,2
hr,10944,3,2,3
hr,10995,6,3,6
hr,11004,24.41921084,4,15
hr,11016,3,4,3
hr,11042,30.47417628,0,5
hr,11053,-22.32271679,22,16
hr,11059,4.749560317,7,22
hr,11078,47.48417906,7,18
hr,11086,13.96323697,3,2
hr,11088,4,1,4
hr,11091,7,19,7
hr,11118,-13.48909379,19,10
hr,11139,36.67757587,6,7
hr,11164,-18.24217825,12,8
hr,11170,17.59982304,7,14
hr,11172,84.86960636,4,16
hr,11183,3,2,3
hr,11195,21.21202232,1,15
hr,11250,-11.60379282,13,22
hr,11282,12.00129153,2,6
hr,11292,14.01520787,4,16
hr,11305,5,1,5
hr,11315,24.97500663,4,15
hr,11320,-7.440473267,6,20
hr,11351,3,1,3
hr,11357,9,17,9
hr,11374,2,4,2
hr,11385,-2.768302237,3,13
hr,11391,5.966902754,9,19
hr,11394,44.90453542,4,22
hr,11396,-8.000568969,6,0
hr,11399,3,4,3
hr,11407,17.27194463,7,11
hr,11417,45.47860262,5,21
hr,11422,2,13,2
hr,11432,19.85010786,9,12
hr,11435,72.43739189,2,15
hr,11439,38.79331224,8,19
hr,11447,3,4,3
hr,11453,12.76263648,2,9
hr,11463,1.015799553,0,19
hr,11474,6,3,6
hr,11478,9.644440772,6,10
hr,11506,26.46092774,6,14
hr,11507,48.33125554,8,15
hr,11511,38.26408803,8,19
hr,11531,-34.43503026,35,15
hr,11543,3,4,3
hr,11544,-29.46843147,28,4
hr,11545,36.90345818,6,5
hr,11548,13.78313568,3,8
hr,11595,-27.56787375,27,7
hr,11629,-26.08464834,24,17
hr,11640,28.43924665,8,4
hr,11665,-16.17024247,10,5
hr,11691,7,19,7
hr,11705,28.05776385,8,21
hr,11725,17.7466243,17.746624,17
hr,11734,2,1,2
hr,11737,5,3,5
hr,11748,-34.37513878,35,16
hr,11758,2,4,2
hr,11759,3,4,3
hr,11791,24.35615532,4,11
hr,11804,-36.51308547,33,0
hr,11808,-57.84541868,55,4
hr,11838,-11.43947171,19,10
hr,11866,1.663848778,6,14
hr,11881,5,2,5
hr,11927,3,4,3
hr,11928,18.18579874,8,4
hr,11930,39.02207875,9,6
hr,11990,16.9175035,16.917503,18
hr,11996,0,9,0
hr,12001,5,2,5
hr,12082,23.06079506,3,14
hr,12112,2.544620065,5,20
hr,12120,17.57207944,7,4
hr,12167,14.44597939,4,3
hr,12182,-16.76129947,11,18
hr,12192,18.6453937,18.645393,4
hr,12215,3,4,3
hr,12228,-1.258327549,4,16
hr,12263,3,2,3
hr,12273,73.27064284,3,13
hr,12281,59.01732959,9,21
hr,12287,22.00230146,2,3
hr,12308,18.04150341,8,0
hr,12323,24.33600317,4,15
hr,12331,-27.95026601,20,23
hr,12360,4,2,4
hr,12407,-39.79938834,39,3
hr,12420,1.778895941,7,16
hr,12434,6,9,6
hr,12438,12.56956414,2,10
hr,12455,3,2,3
hr,12458,-22.30301838,23,6
hr,12480,4,2,4
hr,12501,15.93162125,5,1
hr,12545,24.7378375,24.737837,21
hr,12548,0,3,0
hr,12565,63.13409324,3,17
hr,12571,34.48494729,4,23
hr,12575,3,2,3
hr,12576,-20.56668804,26,4
hr,12610,33.30710432,3,14
hr,12622,-12.95102843,11,2
hr,12630,-13.11436063,14,10
hr,12648,4,2,4
hr,12653,42.54675544,2,9
hr,12667,-5.874701852,5,23
hr,12670,39.00055387,9,2
hr,12672,33.91803501,3,4
hr,12691,68.62354368,8,23
hr,12704,14.21445018,4,12
hr,12717,-47.15352597,43,1
hr,12719,3,2,3
hr,12732,45.65885261,5,16
hr,12743,3,2,3
hr,12760,4.890121579,8,20
hr,12781,-33.94852781,38,17
hr,12820,8,13,8
hr,12821,2.007839877,0,9
hr,12841,5,2,5
hr,12904,-6.622922473,7,20
hr,12907,8.462694749,4,23
hr,12911,3,2,3
hr,12931,52.46741343,2,23
hr,12954,23.56753682,3,22
hr,12959,3,2,3
hr,12980,18.38304287,8,0
hr,13037,-17.43153861,11,9
hr,13061,9,17,9
hr,13134,-11.03810214,18,10
hr,13149,-2.281917239,3,1
hr,13151,20.95927123,0,3
hr,13185,-23.40889532,28,13
hr,13193,55.17581625,5,21
hr,13200,4,3,4
hr,13201,5,3,5
hr,13210,48.90811112,8,14
hr,13223,3,4,3
hr,13264,-9.657731262,6,20
hr,13288,65.47985234,5,20
hr,13295,21.08761969,1,3
hr,13321,13.65993641,3,5
hr,13345,13.16064454,3,5
hr,13356,22.9090878,22.909087,16
hr,13391,39.42384769,9,3
hr,13440,4,2,4
hr,13460,0,3,0
hr,13462,2,3,2
hr,13464,4,3,4
hr,13465,5,3,5
hr,13466,6,3,6
hr,13478,14.34377778,4,18
hr,13516,-16.44611102,16,8
hr,13522,30.37677868,0,14
hr,13532,0,3,0
hr,13536,4,2,4
hr,13540,44.53346331,4,8
hr,13552,29.67826255,9,20
hr,13553,41.90972698,1,21
hr,13562,33.71932069,3,6
hr,13573,29.58353845,9,17
hr,13585,50.50429187,0,5
hr,13588,-12.12443669,14,8
hr,13607,3,2,3
hr,13632,4,2,4
hr,13641,12.50530484,2,13
hr,13664,3.573760795,5,12
hr,13672,4.855763964,8,20
hr,13676,0,3,0
hr,13688,-23.27834511,28,12
hr,13690,38.86427829,8,14
hr,13702,-11.73447861,14,2
hr,13703,3,4,3
hr,13759,-25.67119993,21,11
hr,13777,22.08028246,2,5
hr,13832,18.88611629,8,12
hr,13846,-1.198879288,8,2
hr,13852,-25.87265908,22,8
hr,13862,7.969957768,9,18
hr,13888,4.211672603,2,20
hr,13889,-9.659789122,2,21
hr,13901,18.33616482,8,9
hr,13905,0.771246871,7,13
hr,13911,33.3689859,33.368985,19
hr,13922,-31.34855577,38,6
hr,13946,6,13,6
hr,13968,13.92977627,3,4
hr,13999,41.35194078,1,11
hr,14007,0.758754461,7,19
hr,14015,-26.73231736,22,3
hr,14016,5.115475934,1,4
hr,14063,3,4,3
hr,14076,36.70219423,6,16
hr,14079,-0.347050237,3,19
hr,14127,-17.66755173,17,19
hr,14128,20.38328057,0,20
hr,14129,13.72039776,3,21
hr,14152,-9.439367565,6,20
hr,14154,82.28436901,2,22
hr,14184,28.02114184,8,4
hr,14207,3,4,3
hr,14218,17.61470866,7,14
hr,14231,3,4,3
hr,14241,40.70808657,0,13
hr,14256,4,2,4
hr,14294,23.37954867,3,18
hr,14295,1.556258928,5,19
hr,14303,3,2,3
hr,14304,4,2,4
hr,14307,13.4503507,13.45035,7
hr,14318,44.02404239,4,18
hr,14333,9,22,9
hr,14362,7.673996563,6,14
hr,14387,14.09173767,4,15
hr,14400,4,2,4
hr,14402,6,3,6
hr,14448,4,2,4
hr,14466,49.14175141,9,22
hr,14470,2,3,2
hr,14482,65.48780503,5,14
hr,14484,2.164661682,1,16
hr,14485,16.11763584,6,17
hr,14518,2,3,2
hr,14520,4,3,4
hr,14521,5,3,5
hr,14522,6,3,6
hr,14542,-3.656989804,0,2
hr,14544,4,3,4
hr,14568,4,2,4
hr,14569,5,3,5
hr,14604,33.3146953,33.314695,16
hr,14609,32.05179322,2,21
hr,14616,4,2,4
hr,14636,-28.01665961,26,0
hr,14640,4,2,4
hr,14649,34.70723064,4,13
hr,14660,0,3,0
hr,14662,2,3,2
hr,14666,6,3,6
hr,14676,14.19117994,4,16
hr,14688,4,3,4
hr,14690,-24.16827299,28,6
hr,14691,38.74766013,8,7
hr,14692,8,9,8
hr,14715,10.47334072,0,7
hr,14718,13.20101957,3,10
hr,14734,18.37922969,8,2
hr,14735,3,2,3
hr,14770,13.95906088,3,14
hr,14794,9.847611961,8,14
hr,14824,-14.93001014,10,20
hr,14831,29.4539841,29.453984,3
hr,14842,-8.035160731,3,14
hr,14843,39.67133951,9,15
hr,14856,4,2,4
hr,14888,-58.02731416,57,12
hr,14900,5.777350253,7,0
hr,14903,32.55618459,2,3
hr,14906,6,13,6
hr,14922,41.14961925,1,22
hr,14951,2.852496264,8,3
hr,14954,6,9,6
hr,14956,-1.146910292,9,8
hr,14958,33.2677037,33.267703,10
hr,14974,31.39804861,1,2
hr,15012,6.149899584,1,16
hr,15016,3.425298812,4,20
hr,15023,3,13,3
hr,15048,4,2,4
hr,15054,8.858009781,8,10
hr,15057,9.135629991,1,13
hr,15066,56.02347878,6,22
hr,15086,35.24641762,5,18
hr,15113,-10.30607239,16,21
hr,15116,11.4804454,11.480445,0
hr,15120,4,2,4
hr,15125,23.94413617,3,9
hr,15134,13.68788626,3,18
hr,15136,10.61883925,0,20
hr,15138,-15.08663657,16,22
hr,15148,25.02826038,5,8
hr,15160,71.36074377,1,20
hr,15245,-28.21175517,21,9
hr,15279,-11.79228328,12,19
hr,15322,-39.79941872,39,14
hr,15398,37.78270979,7,18
hr,15406,20.05577678,0,2
hr,15407,3,4,3
hr,15442,30.17554285,0,14
hr,15455,3,4,3
hr,15463,26.70600129,6,11
hr,15479,-17.27707742,17,3
hr,15480,4,2,4
hr,15495,41.16863774,1,19
hr,15506,6,3,6
hr,15511,22.87614366,2,11
hr,15522,52.48634987,2,22
hr,15566,56.33402937,6,18
hr,15574,2,4,2
hr,15581,9,13,9
hr,15605,17.2874773,17.287477,9
hr,15609,1.809668053,8,13
hr,15610,23.93190958,3,14
hr,15612,34.79663129,4,16
hr,15623,-31.92189224,31,3
hr,15625,11.91382299,1,5
hr,15646,14.08038484,4,2
hr,15666,33.33837262,3,22
hr,15676,69.65044304,9,8
hr,15679,17.86657271,7,11
hr,15694,-51.61866716,58,2
hr,15696,4.772263736,7,4
hr,15720,29.72396166,9,4
hr,15730,27.81266436,7,14
hr,15731,-9.037540605,0,15
hr,15742,35.04109812,5,2
hr,15743,3,1,3
hr,15754,37.94803651,7,14
hr,15760,-4.733020824,2,20
hr,15766,16.28670303,6,2
hr,15791,3,2,3
hr,15809,17.02385922,7,21
hr,15818,-26.49917739,29,6
hr,15865,5,3,5
hr,15871,25.18523599,5,11
hr,15895,-3.091162772,7,23
hr,15899,3,4,3
hr,15934,32.86253221,2,14
hr,15945,15.6315344,15.631534,1
hr,15947,3,4,3
hr,15949,23.3960783,23.396078,5
hr,15950,24.14270286,4,6
hr,15982,85.56951304,5,14
hr,16046,6,4,6
hr,16061,66.00035336,6,21
hr,16066,31.53220146,1,2
hr,16087,8.427056196,4,23
hr,16097,-5.181843704,0,10
hr,16118,-2.832904544,4,7
hr,16126,71.48373048,1,15
hr,16129,37.43830817,7,18
hr,16130,-7.397043793,9,19
hr,16233,2,1,2
hr,16236,5,4,5
hr,16244,10.8876289,10.887628,13
hr,16255,15.81246929,5,0
hr,16256,-40.84198874,41,1
hr,16264,-41.51835678,48,9
hr,16274,27.25422579,7,19
hr,16298,41.31120407,1,19
hr,16299,3.231757221,2,20
hr,16313,6.605443522,6,10
hr,16325,39.41714112,9,22
hr,16351,34.04828558,4,0
hr,16374,18.74921501,8,23
hr,16378,-12.96525166,15,3
hr,16412,-1.617154669,6,13
hr,16424,-8.565504461,6,1
hr,16428,5,2,5
hr,16440,2.406334942,4,17
hr,16450,3,1,3
hr,16476,5,4,5
hr,16487,49.56726726,9,16
hr,16490,-6.987940799,9,19
hr,16497,2,3,2
hr,16498,3,2,3
hr,16500,5,4,5
hr,16506,-2.506050215,1,11
hr,16521,21.25081201,1,2
hr,16524,5,4,5
hr,16569,2,1,2
hr,16570,3,4,3
hr,16606,-16.51512106,15,16
hr,16667,5,2,5
hr,16677,39.51533402,9,15
hr,16685,-10.71278016,12,23
hr,16689,3,2,3
hr,16702,7.015049901,0,16
hr,16718,32.09314454,2,8
hr,16740,6,13,6
hr,16743,9,8,9
hr,16766,8,13,8
hr,16780,4.863126468,8,22
hr,16782,18.77909081,8,0
hr,16785,18.80617215,8,3
hr,16818,23.45012574,3,12
hr,16827,12.1437565,12.143756,21
hr,16835,5,2,5
hr,16849,41.79147432,1,19
hr,16856,-8.919495357,5,2
hr,16858,4,9,4
hr,16860,6,9,6
hr,16880,2,1,2
hr,16881,3,4,3
hr,16882,4,2,4
hr,16892,47.79214568,7,14
hr,16930,4,2,4
hr,16933,7,19,7
hr,16953,3,4,3
hr,16955,5,4,5
hr,16979,5,4,5
hr,17022,0,3,0
hr,17024,2,9,2
hr,17025,3,4,3
hr,17043,0.728242648,7,21
hr,17050,4,2,4
hr,17072,2,4,2
hr,17081,56.51463649,6,11
hr,17120,2,4,2
hr,17121,3,4,3
hr,17126,8,15,8
hr,17162,33.50943057,3,20
hr,17180,-23.45768625,27,14
hr,17190,24.53780534,4,0
hr,17193,3,4,3
hr,17216,4,1,4
hr,17217,5,4,5
hr,17221,9,3,9
hr,17222,9.730535858,7,10
hr,17238,2,1,2
hr,17245,10.24839715,0,9
hr,17260,0,4,0
hr,17263,3,1,3
hr,17275,23.27379761,3,15
hr,17287,-5.304964552,5,3
hr,17299,17.98970803,7,15
hr,17309,14.37570321,4,1
hr,17313,-76.53946094,79,5
hr,17320,36.41347494,6,12
hr,17337,17.22842749,7,5
hr,17338,6,2,6
hr,17354,-15.05301142,13,22
hr,17359,3,1,3
hr,17360,-42.40871363,48,4
hr,17364,26.29856847,6,8
holiday,31,60,3,0
holiday,51,43,1,0
holiday,57,60,3,0
holiday,121,100,1,0
holiday,136,60,3,0
holiday,187,100,1,0
holiday,197,72,2,0
holiday,199,60,3,0
holiday,243,19,1,0
holiday,257,43,1,0
holiday,282,43,1,0
holiday,284,100,1,0
holiday,287,19,1,0
holiday,349,72,2,0
holiday,358,43,1,0
holiday,373,1,0,1
holiday,374,1,0,1
holiday,377,1,0,1
holiday,378,1,0,1
holiday,385,1,0,1
holiday,386,1,0,1
holiday,387,122.4625333,0,1
holiday,390,1,0,1
holiday,393,-137.5261795,0,1
holiday,494,100,1,0
holiday,501,60,3,0
holiday,539,100,1,0
holiday,564,100,1,0
holiday,604,100,1,0
holiday,658,19,1,0
holiday,685,19,1,0
holiday,720,72,2,0
holiday,767,72,2,0
holiday,829,60,3,0
holiday,947,43,1,0
holiday,951,72,2,0
holiday,953,60,3,0
holiday,974,43,1,0
holiday,987,100,1,0
holiday,992,60,3,0
holiday,997,60,3,0
holiday,1007,68,1,0
holiday,1010,19,1,0
holiday,1038,60,3,0
holiday,1053,43,1,0
holiday,1160,-104.629678,0,1
holiday,1164,1,0,1
holiday,1165,1,0,1
holiday,1171,1,0,1
holiday,1173,1,0,1
holiday,1174,1,0,1
holiday,1175,1,0,1
holiday,1179,1,0,1
holiday,1195,72,2,0
holiday,1201,100,1,0
holiday,1203,60,3,0
holiday,1206,19,1,0
holiday,1304,19,1,0
holiday,1355,100,1,0
holiday,1391,19,1,0
holiday,1394,72,2,0
holiday,1428,100,1,0
holiday,1433,72,2,0
holiday,1436,72,2,0
holiday,1498,60,3,0
holiday,1564,43,1,0
holiday,1585,72,2,0
holiday,1588,19,1,0
holiday,1593,72,2,0
holiday,1603,43,1,0
holiday,1631,60,3,0
holiday,1662,60,3,0
holiday,1683,19,1,0
holiday,1695,43,1,0
holiday,1705,43,1,0
holiday,1739,19,1,0
holiday,1804,60,3,0
holiday,1821,60,3,0
holiday,1824,19,1,0
holiday,1829,72,2,0
holiday,1847,43,1,0
holiday,1856,19,1,0
holiday,1860,72,2,0
holiday,1908,19,1,0
holiday,1921,72,2,0
holiday,2057,100,1,0
holiday,2078,60,3,0
holiday,2089,60,3,0
holiday,2107,100,1,0
holiday,2126,60,3,0
holiday,2220,100,1,0
holiday,2221,60,3,0
holiday,2231,72,2,0
holiday,2275,72,2,0
holiday,2318,53,1,0
holiday,2319,51,1,0
holiday,2370,100,1,0
holiday,2373,100,1,0
holiday,2374,43,1,0
holiday,2407,1,0,1
holiday,2422,1,0,1
holiday,2425,1,0,1
holiday,2445,100,1,0
holiday,2462,43,1,0
holiday,2480,100,1,0
holiday,2522,60,3,0
holiday,2553,43,1,0
holiday,2576,100,1,0
holiday,2610,39,1,0
holiday,2611,26,1,0
holiday,2612,34,1,0
holiday,2629,19,1,0
holiday,2665,52,1,0
holiday,2668,6,1,0
holiday,2688,296.161372,1,0
holiday,2690,60,3,0
holiday,2702,60,1,0
holiday,2704,66,1,0
holiday,2710,4,1,0
holiday,2715,19,1,0
holiday,2718,92,1,0
holiday,2721,7,1,0
holiday,2722,83,1,0
holiday,2727,10,1,0
holiday,2731,99,1,0
holiday,2745,100,1,0
holiday,2770,19,1,0
holiday,2832,28,1,0
holiday,2833,6,1,0
holiday,2977,72,2,0
holiday,3123,43,1,0
holiday,3125,19,1,0
holiday,3135,23,1,0
holiday,3136,44,1,0
holiday,3156,0,1,0
holiday,3189,0,1,0
holiday,3190,0,1,0
holiday,3211,0,1,0
holiday,3212,0,1,0
holiday,3274,60,3,0
holiday,3289,80.31165008,1,0
holiday,3295,100,1,0
holiday,3299,20,1,0
holiday,3312,9,1,0
holiday,3346,0,1,0
holiday,3360,0,1,0
holiday,3370,0,1,0
holiday,3431,5.370330468,1,0
holiday,3443,74,1,0
holiday,3481,90,1,0
holiday,3482,64,1,0
holiday,3499,-35.29787568,0,1
holiday,3503,1,0,1
holiday,3509,0,1,0
holiday,3536,0,1,0
holiday,3634,60,1,0
holiday,3635,82,1,0
holiday,3637,22,1,0
holiday,3649,50,1,0
holiday,3650,87,1,0
holiday,3651,0,1,0
holiday,3658,0,1,0
holiday,3677,0,1,0
holiday,3678,0,1,0
holiday,3699,0,1,0
holiday,3780,100,1,0
holiday,3802,89,1,0
holiday,3813,60,3,0
holiday,3814,19,1,0
holiday,3818,7,1,0
holiday,3819,0,1,0
holiday,3899,0,1,0
holiday,3935,0,1,0
holiday,3936,191.1004484,1,0
holiday,3946,50,1,0
holiday,3957,72,2,0
holiday,4011,0,1,0
holiday,4012,0,1,0
holiday,4156,0,1,0
holiday,4157,0,1,0
holiday,4158,0,1,0
holiday,4161,0,1,0
holiday,4327,1,0,1
holiday,4330,1,0,1
holiday,4335,1,0,1
holiday,4336,1,0,1
holiday,4342,1,0,1
holiday,4395,0,1,0
holiday,4396,0,1,0
holiday,4397,0,1,0
holiday,4402,0,1,0
holiday,4436,0,1,0
holiday,4446,60,3,0
holiday,4455,19,1,0
holiday,4473,97,1,0
holiday,4487,100,1,0
holiday,4555,0,1,0
holiday,4587,0,1,0
holiday,4588,0,1,0
holiday,4590,0,1,0
holiday,4591,0,1,0
holiday,4592,0,1,0
holiday,4593,0,1,0
holiday,4613,44,1,0
holiday,4615,87,1,0
holiday,4618,85,1,0
holiday,4626,43,1,0
holiday,4639,108.3434467,1,0
holiday,4641,66,1,0
holiday,4653,60,3,0
holiday,4663,0,1,0
holiday,4664,0,1,0
holiday,4804,43,1,0
holiday,4813,43,1,0
holiday,4856,98.18901828,1,0
holiday,4963,19,1,0
holiday,4988,19,1,0
holiday,4994,60,3,0
holiday,5068,308.7454903,1,0
holiday,5069,0,1,0
holiday,5070,0,1,0
holiday,5092,0,1,0
holiday,5094,8.191462089,1,0
holiday,5095,0,1,0
holiday,5096,0,1,0
holiday,5097,0,1,0
holiday,5127,60,3,0
holiday,5140,43,1,0
holiday,5141,60,3,0
holiday,5165,0,1,0
holiday,5166,0,1,0
holiday,5167,0,1,0
holiday,5295,24,1,0
holiday,5314,6,1,0
holiday,5315,99,1,0
holiday,5316,83,1,0
holiday,5339,0,1,0
holiday,5340,0,1,0
holiday,5357,0,1,0
holiday,5358,0,1,0
holiday,5360,0,1,0
holiday,5361,0,1,0
holiday,5382,0,1,0
holiday,5385,-74.94439872,1,0
holiday,5408,0,1,0
holiday,5409,0,1,0
holiday,5410,0,1,0
holiday,5430,0,1,0
holiday,5446,0,1,0
holiday,5453,2,1,0
holiday,5454,49,1,0
holiday,5480,73,1,0
holiday,5481,77,1,0
holiday,5591,0,1,0
holiday,5630,8,1,0
holiday,5653,25,1,0
holiday,5654,0,1,0
holiday,5655,0,1,0
holiday,5656,0,1,0
holiday,5657,0,1,0
holiday,5702,0,1,0
holiday,5703,0,1,0
holiday,5727,0,1,0
holiday,5734,0,1,0
holiday,5751,0,1,0
holiday,5758,0,1,0
holiday,5777,68,1,0
holiday,5778,89,1,0
holiday,5781,22,1,0
holiday,5792,100,1,0
holiday,5798,41,1,0
holiday,5820,60,3,0
holiday,5823,1,0,1
holiday,5824,1,0,1
holiday,5825,1,0,1
holiday,5826,1,0,1
holiday,5827,1,0,1
holiday,5828,1,0,1
holiday,5829,1,0,1
holiday,5830,1,0,1
holiday,5831,1,0,1
holiday,5832,1,0,1
holiday,5837,1,0,1
holiday,5838,1,0,1
holiday,5845,1,0,1
holiday,5904,0,1,0
holiday,5907,0,1,0
holiday,5935,0,1,0
holiday,5937,0,1,0
holiday,5962,26,1,0
holiday,5966,78,1,0
holiday,5967,53,1,0
holiday,5972,87,1,0
holiday,5984,69,1,0
holiday,6032,0,1,0
holiday,6033,0,1,0
holiday,6034,0,1,0
holiday,6035,0,1,0
holiday,6036,0,1,0
holiday,6044,0,1,0
holiday,6061,0,1,0
holiday,6062,0,1,0
holiday,6066,0,1,0
holiday,6074,0,1,0
holiday,6111,72,2,0
holiday,6145,100,1,0
holiday,6154,100,1,0
holiday,6194,0,1,0
holiday,6215,0,1,0
holiday,6283,72,2,0
holiday,6288,70,1,0
holiday,6291,-84.47873418,1,0
holiday,6293,99,1,0
holiday,6319,19,1,0
holiday,6359,0,1,0
holiday,6364,0,1,0
holiday,6404,0,1,0
holiday,6660,1,0,1
holiday,6661,1,0,1
holiday,6665,-10.2411386,0,1
holiday,6669,1,0,1
holiday,6670,1,0,1
holiday,6671,1,0,1
holiday,6672,1,0,1
holiday,6673,1,0,1
holiday,6674,1,0,1
holiday,6675,158.3832486,0,1
holiday,6676,1,0,1
holiday,6677,1,0,1
holiday,6680,1,0,1
holiday,6681,1,0,1
holiday,6682,-199.6379197,0,1
holiday,6692,0,1,0
holiday,6693,0,1,0
holiday,6694,0,1,0
holiday,6695,0,1,0
holiday,6697,0,1,0
holiday,6699,0,1,0
holiday,6785,100,1,0
holiday,6810,43,1,0
holiday,6948,72,2,0
holiday,7432,1,0,1
holiday,7433,1,0,1
holiday,7434,167.881685,0,1
holiday,7437,-6.00387542,0,1
holiday,7440,1,0,1
holiday,7448,101.2971261,0,1
holiday,7465,60,3,0
holiday,7743,-153.6742019,0,1
holiday,7745,1,0,1
holiday,7749,1,0,1
holiday,7751,1,0,1
holiday,7755,1,0,1
holiday,8158,72,2,0
holiday,8457,19,1,0
holiday,8504,1,0,1
holiday,8505,1,0,1
holiday,8516,1,0,1
holiday,8517,1,0,1
holiday,8518,1,0,1
holiday,8526,1,0,1
holiday,8667,19,1,0
holiday,8673,1,0,1
holiday,8674,1,0,1
holiday,8675,1,0,1
holiday,8677,1,0,1
holiday,8678,1,0,1
holiday,8679,1,0,1
holiday,8681,1,0,1
holiday,8682,1,0,1
holiday,8683,1,0,1
holiday,8684,1,0,1
holiday,8685,1,0,1
holiday,8687,1,0,1
holiday,8688,1,0,1
holiday,8689,1,0,1
holiday,8821,19,1,0
holiday,8956,72,2,0
holiday,8964,19,1,0
holiday,9001,60,3,0
holiday,9007,1,0,1
holiday,9017,1,0,1
holiday,9018,-93.90240497,0,1
holiday,9020,1,0,1
holiday,9021,1,0,1
holiday,9022,1,0,1
holiday,9023,1,0,1
holiday,9024,1,0,1
holiday,9026,1,0,1
holiday,9027,1,0,1
holiday,9129,60,3,0
holiday,9168,100,1,0
holiday,9312,60,3,0
holiday,9314,19,1,0
holiday,9330,19,1,0
holiday,9648,43,1,0
holiday,9797,60,3,0
holiday,9801,100,1,0
holiday,9817,19,1,0
holiday,9842,1,0,1
holiday,9843,1,0,1
holiday,9844,1,0,1
holiday,9845,97.36378023,0,1
holiday,9847,1,0,1
holiday,9848,1,0,1
holiday,9851,1,0,1
holiday,9852,1,0,1
holiday,9853,1,0,1
holiday,9856,-78.48183239,0,1
holiday,9857,-13.26612851,0,1
holiday,9858,1,0,1
holiday,9861,49.57019761,0,1
holiday,9981,100,1,0
holiday,10147,19,1,0
holiday,10315,72,2,0
holiday,10328,72,2,0
holiday,10340,100,1,0
holiday,10469,100,1,0
holiday,10487,43,1,0
holiday,10489,72,2,0
holiday,10501,60,3,0
holiday,10548,0,1,0
holiday,10551,0,1,0
holiday,10552,0,1,0
holiday,10575,0,1,0
holiday,10576,0,1,0
holiday,10596,0,1,0
holiday,10602,0,1,0
holiday,10617,156.0644593,1,0
holiday,10629,0,1,0
holiday,10634,72,2,0
holiday,10648,60,3,0
holiday,10972,100,1,0
holiday,10974,19,1,0
holiday,11003,2,1,0
holiday,11155,100,1,0
holiday,11180,1,0,1
holiday,11181,1,0,1
holiday,11182,1,0,1
holiday,11188,1,0,1
holiday,11189,1,0,1
holiday,11190,1,0,1
holiday,11191,1,0,1
holiday,11192,1,0,1
holiday,11200,1,0,1
holiday,11201,1,0,1
holiday,11202,1,0,1
holiday,11203,1,0,1
holiday,11329,60,3,0
holiday,11412,80.99073807,1,0
holiday,11413,0,1,0
holiday,11414,0,1,0
holiday,11550,0,1,0
holiday,11581,0,1,0
holiday,11601,0,1,0
holiday,11610,148.4404603,1,0
holiday,11622,0,1,0
holiday,11624,0,1,0
holiday,11645,16,1,0
holiday,11655,39,1,0
holiday,11665,19,1,0
holiday,11723,0,1,0
holiday,11866,0,1,0
holiday,11867,0,1,0
holiday,11886,0,1,0
holiday,11887,0,1,0
holiday,11923,0,1,0
holiday,11927,0,1,0
holiday,12001,72,2,0
holiday,12018,88,1,0
holiday,12042,0,1,0
holiday,12043,0,1,0
holiday,12056,0,1,0
holiday,12065,0,1,0
holiday,12066,0,1,0
holiday,12067,144.2786983,1,0
holiday,12068,0,1,0
holiday,12077,0,1,0
holiday,12078,0,1,0
holiday,12113,0,1,0
holiday,12114,0,1,0
holiday,12115,0,1,0
holiday,12148,23,1,0
holiday,12193,170.8127335,0,1
holiday,12196,1,0,1
holiday,12197,99.02132506,0,1
holiday,12198,1,0,1
holiday,12200,1,0,1
holiday,12241,0,1,0
holiday,12244,0,1,0
holiday,12287,0,1,0
holiday,12288,0,1,0
holiday,12289,0,1,0
holiday,12305,0,1,0
holiday,12332,60,3,0
holiday,12504,26,1,0
holiday,12506,87,1,0
holiday,12527,-199.7054159,1,0
holiday,12528,0,1,0
holiday,12529,0,1,0
holiday,12531,0,1,0
holiday,12564,0,1,0
holiday,12565,0,1,0
holiday,12570,0,1,0
holiday,12571,0,1,0
holiday,12572,0,1,0
holiday,12573,0,1,0
holiday,12580,0,1,0
holiday,12620,0,1,0
holiday,12628,0,1,0
holiday,12707,105.4069259,1,0
holiday,12708,0,1,0
holiday,12709,0,1,0
holiday,12712,0,1,0
holiday,12713,0,1,0
holiday,12714,0,1,0
holiday,12747,0,1,0
holiday,12849,60,3,0
holiday,12998,72,2,0
holiday,13008,100,1,0
holiday,13076,1,0,1
holiday,13077,1,0,1
holiday,13078,1,0,1
holiday,13079,1,0,1
holiday,13080,1,0,1
holiday,13081,1,0,1
holiday,13082,1,0,1
holiday,13083,1,0,1
holiday,13084,1,0,1
holiday,13186,43,1,0
holiday,13187,100,1,0
holiday,13200,0,1,0
holiday,13273,0,1,0
holiday,13322,63,1,0
holiday,13323,48,1,0
holiday,13324,22,1,0
holiday,13338,100,1,0
holiday,13457,0,1,0
holiday,13458,0,1,0
holiday,13459,0,1,0
holiday,13460,0,1,0
holiday,13461,0,1,0
holiday,13462,0,1,0
holiday,13463,47.14265789,1,0
holiday,13464,0,1,0
holiday,13465,0,1,0
holiday,13466,0,1,0
holiday,13467,0,1,0
holiday,13477,0,1,0
holiday,13509,43,1,0
holiday,13516,37,1,0
holiday,13532,0,1,0
holiday,13533,0,1,0
holiday,13535,0,1,0
holiday,13536,0,1,0
holiday,13537,0,1,0
holiday,13654,19,1,0
holiday,13676,41,1,0
holiday,13681,16,1,0
holiday,13693,72,2,0
holiday,13752,0,1,0
holiday,13753,0,1,0
holiday,13754,0,1,0
holiday,13777,0,1,0
holiday,13865,100,1,0
holiday,13945,0,1,0
holiday,13974,0,1,0
holiday,13990,95,1,0
holiday,14004,100,1,0
holiday,14007,42,1,0
holiday,14008,10,1,0
holiday,14009,66,1,0
holiday,14010,17,1,0
holiday,14013,24,1,0
holiday,14015,207.3849185,1,0
holiday,14042,0,1,0
holiday,14068,0,1,0
holiday,14089,0,1,0
holiday,14090,0,1,0
holiday,14111,0,1,0
holiday,14112,0,1,0
holiday,14160,14,1,0
holiday,14168,43,1,0
holiday,14185,55,1,0
holiday,14191,211.9994352,1,0
holiday,14197,94,1,0
holiday,14198,14,1,0
holiday,14201,23,1,0
holiday,14203,41,1,0
holiday,14211,0,1,0
holiday,14212,0,1,0
holiday,14222,0,1,0
holiday,14223,14.95356734,1,0
holiday,14247,0,1,0
holiday,14250,0,1,0
holiday,14253,0,1,0
holiday,14254,0,1,0
holiday,14255,0,1,0
holiday,14258,0,1,0
holiday,14259,0,1,0
holiday,14276,0,1,0
holiday,14305,0,1,0
holiday,14307,0,1,0
holiday,14330,20,1,0
holiday,14331,32,1,0
holiday,14335,60,3,0
holiday,14343,22,1,0
holiday,14399,0,1,0
holiday,14402,0,1,0
holiday,14422,0,1,0
holiday,14424,0,1,0
holiday,14425,0,1,0
holiday,14426,0,1,0
holiday,14446,0,1,0
holiday,14447,0,1,0
holiday,14448,0,1,0
holiday,14449,0,1,0
holiday,14470,0,1,0
holiday,14471,0,1,0
holiday,14502,43,1,0
holiday,14508,43,1,0
holiday,14515,87,1,0
holiday,14516,54,1,0
holiday,14517,4,1,0
holiday,14518,70,1,0
holiday,14519,58,1,0
holiday,14520,68,1,0
holiday,14521,25,1,0
holiday,14522,2,1,0
holiday,14523,74,1,0
holiday,14539,59,1,0
holiday,14541,1,0,1
holiday,14547,1,0,1
holiday,14550,1,0,1
holiday,14552,1,0,1
holiday,14554,42.81936255,0,1
holiday,14567,0,1,0
holiday,14568,0,1,0
holiday,14569,0,1,0
holiday,14621,0,1,0
holiday,14622,0,1,0
holiday,14659,0,1,0
holiday,14660,73,1,0
holiday,14661,51,1,0
holiday,14662,36,1,0
holiday,14663,86,1,0
holiday,14664,87,1,0
holiday,14665,46,1,0
holiday,14666,163.5799178,1,0
holiday,14667,42,1,0
holiday,14670,60,3,0
holiday,14673,43,1,0
holiday,14681,72,2,0
holiday,14689,60,3,0
holiday,14706,43,1,0
holiday,14802,0,1,0
holiday,14813,0,1,0
holiday,14827,0,1,0
holiday,14831,55,1,0
holiday,14832,-113.9085687,1,0
holiday,14855,60,3,0
holiday,14895,0,1,0
holiday,14896,0,1,0
holiday,14993,0,1,0
holiday,14994,0,1,0
holiday,14995,0,1,0
holiday,14996,68,1,0
holiday,15004,5,1,0
holiday,15027,60,3,0
holiday,15040,60,3,0
holiday,15102,0,1,0
holiday,15150,0,1,0
holiday,15194,72,2,0
holiday,15327,0,1,0
holiday,15329,0,1,0
holiday,15341,26,1,0
holiday,15360,72,2,0
holiday,15365,100,1,0
holiday,15380,1,0,1
holiday,15385,-23.6471728,0,1
holiday,15389,1,0,1
holiday,15390,1,0,1
holiday,15392,1,0,1
holiday,15393,1,0,1
holiday,15394,1,0,1
holiday,15395,1,0,1
holiday,15396,1,0,1
holiday,15397,1,0,1
holiday,15398,1,0,1
holiday,15512,43,1,0
holiday,15557,0,1,0
holiday,15558,0,1,0
holiday,15559,0,1,0
holiday,15657,0,1,0
holiday,15669,19,1,0
holiday,15802,0,1,0
holiday,15804,0,1,0
holiday,15805,0,1,0
holiday,15846,72,2,0
holiday,15877,100,1,0
holiday,15970,72,2,0
holiday,16008,19,1,0
holiday,16014,19,1,0
holiday,16158,72,2,0
holiday,16183,1,0,1
holiday,16188,1,0,1
holiday,16189,1,0,1
holiday,16191,1,0,1
holiday,16193,1,0,1
holiday,16195,1,0,1
holiday,16196,15.19133362,0,1
holiday,16198,1,0,1
holiday,16199,1,0,1
holiday,16200,1,0,1
holiday,16425,1,0,1
holiday,16426,1,0,1
holiday,16427,1,0,1
holiday,16428,1,0,1
holiday,16429,1,0,1
holiday,16430,1,0,1
holiday,16431,1,0,1
holiday,16434,1,0,1
holiday,16435,-70.62413632,0,1
holiday,16437,1,0,1
holiday,16438,1,0,1
holiday,16477,60,3,0
holiday,16485,60,3,0
holiday,16655,43,1,0
holiday,16662,100,1,0
holiday,16663,19,1,0
holiday,16670,72,2,0
holiday,16675,19,1,0
holiday,16679,60,3,0
holiday,16829,19,1,0
holiday,16832,60,3,0
holiday,16841,100,1,0
holiday,16850,19,1,0
holiday,17160,72,2,0
holiday,17186,43,1,0
holiday,17213,1,0,1
holiday,17214,1,0,1
holiday,17215,1,0,1
holiday,17216,1,0,1
holiday,17217,1,0,1
holiday,17218,1,0,1
holiday,17219,1,0,1
holiday,17221,1,0,1
holiday,17226,1,0,1
holiday,17235,1,0,1
holiday,17350,19,1,0
weekday,19,-4.479331796,4,6
weekday,126,-0.626843373,0,4
weekday,155,-18.98438213,14,5
weekday,223,-7.064854162,7,1
weekday,267,-8.730447727,8,3
weekday,272,-1.843277703,1,3
weekday,407,-0.932469461,0,2
weekday,423,-5.519139274,5,3
weekday,498,-3.635895548,3,6
weekday,537,-8.005237549,8,1
weekday,591,-0.164719504,0,4
weekday,603,-2.096631104,2,5
weekday,655,-3.234047522,3,0
weekday,730,-2.283577677,2,3
weekday,780,-6.951336414,6,5
weekday,1070,-3.507923399,3,4
weekday,1196,-3.576359865,3,2
weekday,1216,-5.263335775,5,3
weekday,1479,-7.396679069,7,0
weekday,1486,-0.050373806,0,1
weekday,1492,-6.304197002,6,1
weekday,1564,-1.103268129,1,4
weekday,1630,-7.730757427,7,0
weekday,1642,-9.363066463,9,0
weekday,1726,-9.232046229,9,4
weekday,1810,-5.289698071,5,1
weekday,1847,-7.230320003,7,2
weekday,1906,-1.026780067,1,5
weekday,1968,-6.258326382,6,0
weekday,2014,-6.541513873,6,2
weekday,2019,-8.124716226,8,2
weekday,2031,-0.749955994,0,3
weekday,2121,-1.882466282,1,0
weekday,2172,-5.477785436,5,2
weekday,2232,-6.585221712,6,4
weekday,2466,-3.445954111,3,0
weekday,2620,-11.60714665,17,0
weekday,2642,-12.44051803,10,0
weekday,2655,-2.178440789,2,1
weekday,2677,-5.814768563,5,2
weekday,2819,-6.864102979,6,1
weekday,2821,-9.332068414,9,1
weekday,2839,-9.350004472,9,2
weekday,2871,-4.576795853,4,3
weekday,2872,-4.576362112,4,3
weekday,2961,-10.65054269,10,0
weekday,3001,-6.060800388,6,1
weekday,3090,-10.72093875,10,5
weekday,3132,-4.949458247,4,0
weekday,3163,-0.527101731,0,1
weekday,3246,-23.26275728,22,5
weekday,3261,-2.380946968,2,5
weekday,3294,-7.581897935,7,0
weekday,3404,-0.658310467,0,4
weekday,3570,-0.286433031,0,4
weekday,3576,-2.208977153,2,4
weekday,3636,-5.118353354,5,0
weekday,3726,-3.693741151,3,4
weekday,3760,-7.472202663,7,5
weekday,3874,-13.16335615,13,3
weekday,4020,-0.788279356,0,2
weekday,4039,-0.334080697,0,3
weekday,4165,-3.405952802,3,1
weekday,4205,-0.674921226,0,3
weekday,4309,-5.799778516,5,0
weekday,4337,-8.612433301,8,1
weekday,4345,-8.651062393,8,1
weekday,4647,-4.146155087,4,0
weekday,4684,-13.58593489,15,2
weekday,4691,-4.068701418,4,2
weekday,4736,-3.502199965,3,4
weekday,4864,-0.906593575,0,2
weekday,4905,-14.98618688,16,4
weekday,5012,-4.049783884,4,1
weekday,5219,-12.29305099,13,3
weekday,5245,-11.96210308,12,4
weekday,5246,-5.521810982,5,4
weekday,5329,-6.059901739,6,0
weekday,5335,-13.40438351,14,1
weekday,5354,-9.642134955,9,1
weekday,5666,-13.25134532,11,1
weekday,5939,-7.397885934,7,5
weekday,5968,-6.936837919,6,0
weekday,6022,-10.81783511,17,2
weekday,6096,-2.680084159,2,5
weekday,6281,-3.542917518,3,6
weekday,6358,-0.758012019,0,2
weekday,6361,-0.758883497,0,2
weekday,6519,-6.947482586,6,2
weekday,6566,-0.771309869,0,4
weekday,6572,-8.210110813,8,4
weekday,6651,-4.460180393,4,0
weekday,6694,-3.683659077,3,2
weekday,6709,-7.328293854,7,3
weekday,6748,-1.569621006,1,4
weekday,6857,-11.10625329,16,2
weekday,6865,-7.824216303,7,2
weekday,7025,-8.876999774,8,2
weekday,7084,-6.598201761,6,4
weekday,7197,-5.483155159,5,2
weekday,7225,-7.589965702,7,3
weekday,7306,-5.386996841,5,0
weekday,7323,-6.318870403,6,0
weekday,7326,-11.08297552,12,0
weekday,7331,-7.331323107,7,1
weekday,7334,-9.418778384,9,1
weekday,7347,-6.710733728,6,1
weekday,7454,-1.394699514,1,6
weekday,7500,-0.374016415,0,1
weekday,7540,-0.376179494,0,2
weekday,7568,-2.631718139,2,3
weekday,7619,-13.32976977,19,6
weekday,7678,-2.689175129,2,1
weekday,7692,-9.336814996,9,2
weekday,7694,-0.393170848,0,2
weekday,7938,-4.422956032,4,5
weekday,7955,-3.571431975,3,6
weekday,7981,-9.214125695,9,0
weekday,7995,-1.923858942,1,0
weekday,8011,-6.163113631,6,1
weekday,8020,-10.25420348,14,1
weekday,8242,-8.374096958,8,4
weekday,8316,-12.97108177,11,0
weekday,8330,-6.204230765,6,0
weekday,8401,-10.89957138,19,3
weekday,8504,-7.042783274,7,1
weekday,8525,-8.296271043,8,1
weekday,8537,-9.414914196,9,2
weekday,8646,-8.605301656,8,0
weekday,8661,-17.07581436,15,0
weekday,8685,-7.019293741,7,1
weekday,8687,-0.402218469,0,1
weekday,8716,-14.88679052,16,2
weekday,8748,-0.490543292,0,4
weekday,8765,-1.403405772,1,5
weekday,8798,-9.373164563,9,6
weekday,8816,-4.011315435,4,0
weekday,8817,-5.096411528,5,0
weekday,8879,-5.303344575,5,2
weekday,9043,-0.245876963,0,2
weekday,9067,-7.057184265,7,3
weekday,9209,-12.38806023,18,2
weekday,9242,-7.533597398,7,3
weekday,9310,-0.339462282,0,6
weekday,9325,-10.22058193,10,0
weekday,9399,-4.326463855,4,3
weekday,9404,-6.913564899,6,3
weekday,9502,-13.62085375,10,0
weekday,9520,-7.515761053,7,1
weekday,9681,-4.548612946,4,1
weekday,9690,-15.02968795,19,1
weekday,9702,-1.562747818,1,2
weekday,9749,-12.03349176,13,4
weekday,9866,-1.907546469,1,2
weekday,10065,-1.873364848,1,3
weekday,10181,-10.42915408,19,1
weekday,10182,-13.47033975,10,1
weekday,10199,-4.551631639,4,2
weekday,10252,-1.674768725,1,4
weekday,10314,-0.391235186,0,6
weekday,10393,-6.225116043,6,3
weekday,10470,-0.133566753,0,6
weekday,10622,-3.263478594,3,5
weekday,10736,-5.919525643,5,3
weekday,10832,-3.032605232,3,0
weekday,10851,-7.288825938,7,1
weekday,10858,-5.692761851,5,1
weekday,10885,-11.49176548,11,2
weekday,11017,-16.12712671,17,1
weekday,11140,-0.870485266,0,6
weekday,11230,-13.96230188,12,3
weekday,11254,-13.30533502,15,4
weekday,11365,-0.411611598,0,1
weekday,11555,-3.190108782,3,2
weekday,11699,-12.21788757,17,1
weekday,11703,-2.134913403,2,1
weekday,11782,-9.189275846,9,5
weekday,11789,-3.782253687,3,5
weekday,11836,-3.747825067,3,0
weekday,11896,-9.449992143,9,2
weekday,11940,-11.03416261,14,4
weekday,11994,-5.565800471,5,6
weekday,12035,-0.021077484,0,1
weekday,12040,-6.167185774,6,1
weekday,12097,-8.851575425,8,4
weekday,12098,-12.23287977,12,4
weekday,12175,-11.13866496,18,0
weekday,12191,-14.60016635,10,1
weekday,12198,-7.632535092,7,1
weekday,12201,-3.744215417,3,1
weekday,12222,-4.505174921,4,2
weekday,12239,-1.988127752,1,3
weekday,12251,-9.588749355,9,3
weekday,12356,-3.074952888,3,1
weekday,12365,-0.101455784,0,1
weekday,12376,-3.639318383,3,1
weekday,12437,-0.509570571,0,4
weekday,12845,-6.700815591,6,0
weekday,12854,-11.53339254,13,0
weekday,12863,-3.270831773,3,1
weekday,12949,-0.994228285,0,4
weekday,13072,-0.007688899,0,2
weekday,13078,-1.124341311,1,3
weekday,13096,-15.59620559,16,3
weekday,13186,-9.873662033,9,0
weekday,13237,-12.76782157,17,2
weekday,13247,-9.792684843,9,3
weekday,13314,-1.295098361,1,5
weekday,13356,-5.783498895,5,0
weekday,13373,-2.687968697,2,1
weekday,13401,-4.970337074,4,2
weekday,13452,-2.017665819,2,4
weekday,13462,-6.794002989,6,5
weekday,13504,-2.656880336,2,6
weekday,13675,-0.504292996,0,6
weekday,13700,-13.09462941,14,1
weekday,13714,-5.893902854,5,1
weekday,13833,-0.793566856,0,6
weekday,14061,-3.464029249,3,2
weekday,14092,-7.656486813,7,3
weekday,14209,-3.186710285,3,1
weekday,14290,-0.224282867,0,4
weekday,14468,-8.081299095,8,5
weekday,14490,-0.821352907,0,5
weekday,14616,-5.672686654,5,4
weekday,14780,-2.356666096,2,4
weekday,14859,-2.358588672,2,0
weekday,14916,-3.767377193,3,2
weekday,15054,-7.425101914,7,1
weekday,15077,-3.034821646,3,2
weekday,15079,-0.005189765,0,2
weekday,15094,-11.40008486,10,3
weekday,15290,-8.514454805,8,4
weekday,15317,-1.064877823,1,5
weekday,15373,-2.179546926,2,0
weekday,15693,-10.27893627,18,0
weekday,15879,-16.79528611,15,0
weekday,16042,-15.89449165,14,2
weekday,16115,-8.981351083,8,5
weekday,16206,-9.634353833,9,1
weekday,16342,-7.708023943,7,0
weekday,16515,-5.590614786,5,0
weekday,16567,-9.615082798,9,3
weekday,16596,-2.342278414,2,4
weekday,16613,-12.98350082,13,4
weekday,16651,-1.234153338,1,6
weekday,16668,-17.82089094,10,0
weekday,16678,-15.53564964,15,0
weekday,16769,-2.022190968,2,4
weekday,16827,-3.002695575,3,6
weekday,16871,-0.597781064,0,1
weekday,17103,-13.28330413,13,4
weekday,17216,-0.003267482,0,2
weekday,17236,-4.981578156,4,3
weekday,17325,-3.177792366,3,6
weekday,17351,-3.152905357,3,0
workingday,5,0,1,0
workingday,6,0,1,0
workingday,8,0,1,0
workingday,9,0,1,0
workingday,13,0,1,0
workingday,17,0,1,0
workingday,19,0,1,0
workingday,20,0,1,0
workingday,27,0,1,0
workingday,29,0,1,0
workingday,30,0,1,0
workingday,31,0,1,0
workingday,32,0,1,0
workingday,45,0,1,0
workingday,47,0,1,0
workingday,84,1,0,1
workingday,86,1,0,1
workingday,90,1,0,1
workingday,121,1.127849584,0,1
workingday,126,1,0,1
workingday,129,1,0,1
workingday,130,1,0,1
workingday,143,1,0,1
workingday,150,1,0,1
workingday,164,0,1,0
workingday,165,0,1,0
workingday,166,0,1,0
workingday,172,0,1,0
workingday,176,-0.544045796,1,0
workingday,190,0,1,0
workingday,191,0,1,0
workingday,192,0,1,0
workingday,201,0,1,0
workingday,284,1,0,1
workingday,287,-1.335709302,2,1
workingday,311,4.915326904,0,1
workingday,326,0,1,0
workingday,327,0,1,0
workingday,328,0,1,0
workingday,329,-0.699322787,1,0
workingday,330,1.191368472,1,0
workingday,331,0,1,0
workingday,335,0,1,0
workingday,336,0,1,0
workingday,337,0,1,0
workingday,338,0,1,0
workingday,353,0,1,0
workingday,354,0,1,0
workingday,355,0,1,0
workingday,356,0,1,0
workingday,360,0,1,0
workingday,362,0,1,0
workingday,364,0,1,0
workingday,365,0,1,0
workingday,368,-2.93941729,1,0
workingday,369,0,1,0
workingday,370,0,1,0
workingday,372,-0.524564448,1,0
workingday,399,1,0,1
workingday,405,1.598570731,0,1
workingday,408,1,0,1
workingday,409,1,0,1
workingday,418,1,0,1
workingday,424,1,0,1
workingday,429,0.973216992,0,1
workingday,430,1,0,1
workingday,431,1,0,1
workingday,434,1,0,1
workingday,443,1,0,1
workingday,467,1,0,1
workingday,484,0,1,0
workingday,486,0,1,0
workingday,487,0,1,0
workingday,496,0,1,0
workingday,507,0,1,0
workingday,508,0,1,0
workingday,510,-0.322114161,1,0
workingday,542,1,0,1
workingday,543,2.020183243,0,1
workingday,546,1,0,1
workingday,561,1,0,1
workingday,580,1,0,1
workingday,592,1,0,1
workingday,609,1,0,1
workingday,611,1,0,1
workingday,619,0,1,0
workingday,620,0,1,0
workingday,621,-0.975240835,1,0
workingday,622,0,1,0
workingday,623,0,1,0
workingday,629,0,1,0
workingday,630,0,1,0
workingday,631,0,1,0
workingday,632,0,1,0
workingday,634,0,1,0
workingday,636,0,1,0
workingday,640,0,1,0
workingday,641,0,1,0
workingday,644,0,1,0
workingday,645,0,1,0
workingday,646,0,1,0
workingday,647,0,1,0
workingday,648,0,1,0
workingday,650,0,1,0
workingday,651,0,1,0
workingday,659,0,1,0
workingday,660,0,1,0
workingday,662,0,1,0
workingday,663,0,1,0
workingday,722,1,0,1
workingday,726,1,0,1
workingday,727,1,0,1
workingday,764,1,0,1
workingday,772,1,0,1
workingday,773,1,0,1
workingday,774,-1.602816842,2,1
workingday,775,1,0,1
workingday,782,0,1,0
workingday,783,0,1,0
workingday,784,0,1,0
workingday,785,0,1,0
workingday,786,0,1,0
workingday,787,0,1,0
workingday,788,0,1,0
workingday,789,0,1,0
workingday,790,0,1,0
workingday,791,0,1,0
workingday,793,0,1,0
workingday,794,0,1,0
workingday,795,0,1,0
workingday,798,0,1,0
workingday,800,0,1,0
workingday,801,0,1,0
workingday,803,0,1,0
workingday,805,0,1,0
workingday,806,0,1,0
workingday,807,0,1,0
workingday,808,0,1,0
workingday,811,0,1,0
workingday,812,0,1,0
workingday,813,0,1,0
workingday,814,0,1,0
workingday,823,0,1,0
workingday,827,0,1,0
workingday,831,1,0,1
workingday,839,1,0,1
workingday,842,3.495758792,0,1
workingday,845,1,0,1
workingday,856,1,0,1
workingday,857,1,0,1
workingday,887,1,0,1
workingday,895,1,0,1
workingday,925,-1.105893306,2,1
workingday,946,0,1,0
workingday,949,-0.697495527,1,0
workingday,951,0,1,0
workingday,964,0,1,0
workingday,968,0,1,0
workingday,969,0,1,0
workingday,970,0,1,0
workingday,971,0,1,0
workingday,972,0,1,0
workingday,973,0,1,0
workingday,976,0,1,0
workingday,977,0,1,0
workingday,978,0,1,0
workingday,985,0,1,0
workingday,986,0,1,0
workingday,993,1,0,1
workingday,1001,1,0,1
workingday,1005,1,0,1
workingday,1007,1,0,1
workingday,1012,1,0,1
workingday,1017,1,0,1
workingday,1028,1,0,1
workingday,1032,1.131393078,0,1
workingday,1036,1,0,1
workingday,1051,1,0,1
workingday,1059,1,0,1
workingday,1062,1,0,1
workingday,1066,0.875302356,0,1
workingday,1070,0.256305375,0,1
workingday,1073,1,0,1
workingday,1077,1,0,1
workingday,1079,1,0,1
workingday,1095,1.272249066,0,1
workingday,1100,1,0,1
workingday,1102,1,0,1
workingday,1103,1,0,1
workingday,1104,1.562509245,0,1
workingday,1105,1.778457523,0,1
workingday,1106,1,0,1
workingday,1107,1,0,1
workingday,1111,0,1,0
workingday,1114,0,1,0
workingday,1115,0,1,0
workingday,1116,0,1,0
workingday,1117,-0.450202815,1,0
workingday,1121,0,1,0
workingday,1128,0,1,0
workingday,1133,0,1,0
workingday,1134,0,1,0
workingday,1136,0,1,0
workingday,1137,0,1,0
workingday,1139,0,1,0
workingday,1142,0,1,0
workingday,1144,0,1,0
workingday,1162,2.650691819,1,0
workingday,1199,0.887556026,0,1
workingday,1213,3.586418818,0,1
workingday,1215,0.207041544,0,1
workingday,1235,1,0,1
workingday,1238,1,0,1
workingday,1256,1,0,1
workingday,1259,1,0,1
workingday,1262,1,0,1
workingday,1264,1,0,1
workingday,1267,2.886421173,0,1
workingday,1269,0,1,0
workingday,1270,0,1,0
workingday,1271,0,1,0
workingday,1272,0,1,0
workingday,1273,-1.414569662,1,0
workingday,1274,-1.173967534,1,0
workingday,1276,0,1,0
workingday,1278,0,1,0
workingday,1292,0,1,0
workingday,1293,0,1,0
workingday,1294,0,1,0
workingday,1297,0,1,0
workingday,1298,0,1,0
workingday,1299,0,1,0
workingday,1303,0,1,0
workingday,1305,0,1,0
workingday,1308,0,1,0
workingday,1309,0,1,0
workingday,1320,1,0,1
workingday,1322,-1.534554879,2,1
workingday,1325,1,0,1
workingday,1326,1,0,1
workingday,1327,1,0,1
workingday,1335,1,0,1
workingday,1336,0.302945918,0,1
workingday,1338,1,0,1
workingday,1349,1,0,1
workingday,1360,1,0,1
workingday,1367,0.535328969,0,1
workingday,1421,1,0,1
workingday,1438,0,1,0
workingday,1439,0,1,0
workingday,1446,0,1,0
workingday,1448,0,1,0
workingday,1450,0,1,0
workingday,1451,0,1,0
workingday,1452,0,1,0
workingday,1456,0,1,0
workingday,1458,0,1,0
workingday,1459,0,1,0
workingday,1461,0,1,0
workingday,1462,0,1,0
workingday,1463,0,1,0
workingday,1464,0,1,0
workingday,1467,0,1,0
workingday,1468,0,1,0
workingday,1476,0,1,0
workingday,1477,0,1,0
workingday,1479,0,1,0
workingday,1480,0,1,0
workingday,1492,1,0,1
workingday,1501,-1.888361482,0,1
workingday,1504,2.388192118,0,1
workingday,1508,1,0,1
workingday,1517,1,0,1
workingday,1518,1,0,1
workingday,1527,1,0,1
workingday,1529,1,0,1
workingday,1530,1,0,1
workingday,1539,2.54157346,0,1
workingday,1557,1,0,1
workingday,1558,1,0,1
workingday,1565,3.699775563,0,1
workingday,1571,1.139403785,0,1
workingday,1579,2.735551289,0,1
workingday,1581,1,0,1
workingday,1592,1,0,1
workingday,1598,0,1,0
workingday,1599,0,1,0
workingday,1600,0,1,0
workingday,1601,0,1,0
workingday,1602,0.440739003,1,0
workingday,1604,0,1,0
workingday,1605,0,1,0
workingday,1612,0,1,0
workingday,1615,0,1,0
workingday,1616,0,1,0
workingday,1625,0,1,0
workingday,1630,0,1,0
workingday,1632,-0.497634319,1,0
workingday,1635,0,1,0
workingday,1643,0,1,0
workingday,1644,1,0,1
workingday,1647,1,0,1
workingday,1649,1,0,1
workingday,1655,1,0,1
workingday,1656,1,0,1
workingday,1657,1,0,1
workingday,1658,1,0,1
workingday,1660,1,0,1
workingday,1662,3.743572194,0,1
workingday,1680,1,0,1
workingday,1681,1,0,1
workingday,1682,1,0,1
workingday,1691,1,0,1
workingday,1711,1,0,1
workingday,1713,1,0,1
workingday,1724,0.519011005,0,1
workingday,1741,1,0,1
workingday,1748,1,0,1
workingday,1749,1,0,1
workingday,1750,1,0,1
workingday,1755,1,0,1
workingday,1756,1,0,1
workingday,1757,1,0,1
workingday,1758,0.642282099,0,1
workingday,1763,0,1,0
workingday,1764,0,1,0
workingday,1768,0,1,0
workingday,1769,0,1,0
workingday,1777,0,1,0
workingday,1780,0,1,0
workingday,1784,-1.933588114,2,0
workingday,1788,0,1,0
workingday,1789,0,1,0
workingday,1790,0,1,0
workingday,1791,0,1,0
workingday,1796,-3.139645428,1,0
workingday,1800,0,1,0
workingday,1814,1,0,1
workingday,1815,1,0,1
workingday,1817,1,0,1
workingday,1822,1,0,1
workingday,1824,1,0,1
workingday,1827,1,0,1
workingday,1828,1,0,1
workingday,1851,4.350669491,0,1
workingday,1869,1,0,1
workingday,1872,1,0,1
workingday,1873,1,0,1
workingday,1876,2.705442691,0,1
workingday,1882,1,0,1
workingday,1883,1,0,1
workingday,1884,1,0,1
workingday,1889,1,0,1
workingday,1890,1,0,1
workingday,1896,1,0,1
workingday,1897,1,0,1
workingday,1927,0,1,0
workingday,1929,0,1,0
workingday,1931,0,1,0
workingday,1933,0,1,0
workingday,1934,0,1,0
workingday,1935,0,1,0
workingday,1936,0,1,0
workingday,1939,-2.416425198,1,0
workingday,1947,0,1,0
workingday,1949,0,1,0
workingday,1950,0,1,0
workingday,1951,0,1,0
workingday,1952,0,1,0
workingday,1953,0,1,0
workingday,1954,0,1,0
workingday,1957,0,1,0
workingday,1958,0,1,0
workingday,1960,0,1,0
workingday,1961,0,1,0
workingday,1970,0,1,0
workingday,1971,0,1,0
workingday,1972,0,1,0
workingday,1994,4.073024687,0,1
workingday,2006,1,0,1
workingday,2011,1,0,1
workingday,2012,1,0,1
workingday,2036,1,0,1
workingday,2037,1,0,1
workingday,2043,1.805340594,0,1
workingday,2055,1,0,1
workingday,2056,1,0,1
workingday,2059,1,0,1
workingday,2065,1,0,1
workingday,2066,1,0,1
workingday,2074,1,0,1
workingday,2094,0,1,0
workingday,2095,0,1,0
workingday,2096,0,1,0
workingday,2097,0,1,0
workingday,2120,0,1,0
workingday,2127,0,1,0
workingday,2135,0,1,0
workingday,2136,-1.470878601,1,0
workingday,2137,0,1,0
workingday,2141,1.752985069,0,1
workingday,2142,1,0,1
workingday,2151,1,0,1
workingday,2163,1,0,1
workingday,2164,1,0,1
workingday,2165,1,0,1
workingday,2174,1,0,1
workingday,2180,1,0,1
workingday,2182,1,0,1
workingday,2186,-1.102786987,2,1
workingday,2189,1,0,1
workingday,2191,1,0,1
workingday,2195,1,0,1
workingday,2200,-1.028827126,2,1
workingday,2220,1.088984163,0,1
workingday,2221,0.794321487,0,1
workingday,2226,1,0,1
workingday,2227,1,0,1
workingday,2228,1,0,1
workingday,2235,1,0,1
workingday,2248,1,0,1
workingday,2255,1,0,1
workingday,2256,1,0,1
workingday,2257,0.383719325,0,1
workingday,2258,1,0,1
workingday,2265,-1.142276591,2,0
workingday,2270,-0.106864083,1,0
workingday,2282,-5.068840139,1,0
workingday,2296,0,1,0
workingday,2300,0,1,0
workingday,2312,1,0,1
workingday,2316,1,0,1
workingday,2317,1,0,1
workingday,2318,1,0,1
workingday,2319,1,0,1
workingday,2328,1,0,1
workingday,2329,1,0,1
workingday,2331,1,0,1
workingday,2332,1,0,1
workingday,2333,1,0,1
workingday,2343,1,0,1
workingday,2360,1,0,1
workingday,2361,1,0,1
workingday,2363,3.289910123,0,1
workingday,2364,1,0,1
workingday,2372,1.140669497,0,1
workingday,2379,1,0,1
workingday,2380,1,0,1
workingday,2384,2.575658547,0,1
workingday,2386,1,0,1
workingday,2388,1,0,1
workingday,2392,1,0,1
workingday,2393,1.157540587,0,1
workingday,2394,1,0,1
workingday,2397,1,0,1
workingday,2437,0,1,0
workingday,2449,0,1,0
workingday,2452,2.416665219,1,0
workingday,2456,0,1,0
workingday,2457,-0.958825549,1,0
workingday,2461,0,1,0
workingday,2464,-1.796040271,2,0
workingday,2466,0,1,0
workingday,2468,0,1,0
workingday,2487,1,0,1
workingday,2488,1,0,1
workingday,2490,1,0,1
workingday,2491,1,0,1
workingday,2493,4.360951823,0,1
workingday,2494,1,0,1
workingday,2495,1,0,1
workingday,2496,1,0,1
workingday,2508,1.071828208,0,1
workingday,2515,1,0,1
workingday,2516,4.381733432,0,1
workingday,2528,1,0,1
workingday,2543,1,0,1
workingday,2544,1,0,1
workingday,2545,1,0,1
workingday,2546,1,0,1
workingday,2547,1,0,1
workingday,2568,1,0,1
workingday,2570,-1.046518434,2,1
workingday,2592,1,0,1
workingday,2605,0,1,0
workingday,2626,0,1,0
workingday,2631,0,1,0
workingday,2633,0,1,0
workingday,2643,0.326812656,0,1
workingday,2651,1,0,1
workingday,2655,1,0,1
workingday,2662,1,0,1
workingday,2663,1,0,1
workingday,2665,1,0,1
workingday,2668,1,0,1
workingday,2669,1,0,1
workingday,2671,3.570056584,0,1
workingday,2672,2.698982033,0,1
workingday,2673,1,0,1
workingday,2677,1,0,1
workingday,2688,1,0,1
workingday,2693,1.439274693,0,1
workingday,2695,1,0,1
workingday,2696,1,0,1
workingday,2697,1,0,1
workingday,2702,1.056144643,0,1
workingday,2704,1,0,1
workingday,2710,1,0,1
workingday,2715,1,0,1
workingday,2718,1,0,1
workingday,2721,1,0,1
workingday,2722,1,0,1
workingday,2727,1,0,1
workingday,2730,1,0,1
workingday,2731,1,0,1
workingday,2732,1,0,1
workingday,2734,1,0,1
workingday,2742,0.268696083,0,1
workingday,2749,1,0,1
workingday,2750,1,0,1
workingday,2751,1,0,1
workingday,2752,1,0,1
workingday,2753,1,0,1
workingday,2754,1,0,1
workingday,2766,0,1,0
workingday,2767,0,1,0
workingday,2768,0,1,0
workingday,2773,0,1,0
workingday,2786,0,1,0
workingday,2787,0,1,0
workingday,2788,0,1,0
workingday,2789,0,1,0
workingday,2794,0,1,0
workingday,2797,0,1,0
workingday,2799,0,1,0
workingday,2804,0,1,0
workingday,2807,0,1,0
workingday,2824,1,0,1
workingday,2826,1,0,1
workingday,2828,1,0,1
workingday,2832,1,0,1
workingday,2833,1,0,1
workingday,2834,1,0,1
workingday,2835,1,0,1
workingday,2836,1,0,1
workingday,2837,1,0,1
workingday,2843,1,0,1
workingday,2846,1,0,1
workingday,2855,1,0,1
workingday,2856,1,0,1
workingday,2858,1,0,1
workingday,2863,1,0,1
workingday,2870,1.275828369,0,1
workingday,2881,1,0,1
workingday,2892,1,0,1
workingday,2898,1,0,1
workingday,2900,1,0,1
workingday,2901,1,0,1
workingday,2909,1,0,1
workingday,2918,0.382813404,0,1
workingday,2919,1,0,1
workingday,2921,1,0,1
workingday,2922,1,0,1
workingday,2923,1,0,1
workingday,2931,0,1,0
workingday,2932,0,1,0
workingday,2933,0,1,0
workingday,2934,0,1,0
workingday,2936,-1.131728309,2,0
workingday,2937,0,1,0
workingday,2938,0,1,0
workingday,2956,0,1,0
workingday,2957,0,1,0
workingday,2959,0,1,0
workingday,2971,0,1,0
workingday,2975,-1.528585165,2,0
workingday,2980,2.507246657,0,1
workingday,2989,1,0,1
workingday,2991,1,0,1
workingday,2992,1,0,1
workingday,2993,1,0,1
workingday,2994,1,0,1
workingday,2995,1,0,1
workingday,2996,1,0,1
workingday,2997,1,0,1
workingday,3013,1,0,1
workingday,3014,1,0,1
workingday,3015,1,0,1
workingday,3016,1,0,1
workingday,3017,1,0,1
workingday,3018,1,0,1
workingday,3019,1,0,1
workingday,3020,1,0,1
workingday,3021,1,0,1
workingday,3022,1,0,1
workingday,3027,2.968868532,0,1
workingday,3038,1,0,1
workingday,3039,1,0,1
workingday,3040,1,0,1
workingday,3041,1,0,1
workingday,3042,1,0,1
workingday,3043,1,0,1
workingday,3044,1,0,1
workingday,3045,1,0,1
workingday,3046,1,0,1
workingday,3051,3.674137284,0,1
workingday,3053,1,0,1
workingday,3064,1,0,1
workingday,3066,1,0,1
workingday,3068,1,0,1
workingday,3072,1,0,1
workingday,3074,2.367925458,0,1
workingday,3094,-1.537845729,2,1
workingday,3109,0,1,0
workingday,3137,0,1,0
workingday,3139,0,1,0
workingday,3154,1,0,1
workingday,3155,-1.575508642,0,1
workingday,3156,1,0,1
workingday,3158,1,0,1
workingday,3159,1,0,1
workingday,3169,1,0,1
workingday,3170,1,0,1
workingday,3171,1,0,1
workingday,3172,1,0,1
workingday,3173,1,0,1
workingday,3182,1,0,1
workingday,3183,1,0,1
workingday,3184,1,0,1
workingday,3185,1,0,1
workingday,3189,1,0,1
workingday,3190,1,0,1
workingday,3197,1,0,1
workingday,3203,1,0,1
workingday,3204,1,0,1
workingday,3207,1,0,1
workingday,3208,1,0,1
workingday,3211,1,0,1
workingday,3212,1,0,1
workingday,3214,1,0,1
workingday,3215,1,0,1
workingday,3218,1,0,1
workingday,3234,1,0,1
workingday,3236,1,0,1
workingday,3248,1,0,1
workingday,3253,1,0,1
workingday,3255,1,0,1
workingday,3256,1,0,1
workingday,3257,1,0,1
workingday,3258,1,0,1
workingday,3260,1,0,1
workingday,3261,1,0,1
workingday,3264,1,0,1
workingday,3270,0,1,0
workingday,3276,0,1,0
workingday,3277,0,1,0
workingday,3280,0,1,0
workingday,3281,0,1,0
workingday,3282,0,1,0
workingday,3283,0,1,0
workingday,3284,0,1,0
workingday,3285,0,1,0
workingday,3286,0,1,0
workingday,3287,0,1,0
workingday,3288,0,1,0
workingday,3291,-2.634776003,1,0
workingday,3300,0,1,0
workingday,3301,0,1,0
workingday,3302,-2.112442469,1,0
workingday,3305,0,1,0
workingday,3307,0,1,0
workingday,3308,0,1,0
workingday,3311,0,1,0
workingday,3313,0,1,0
workingday,3315,1,0,1
workingday,3316,1,0,1
workingday,3317,1,0,1
workingday,3322,1,0,1
workingday,3333,1.254485567,0,1
workingday,3336,1,0,1
workingday,3337,1,0,1
workingday,3339,1,0,1
workingday,3341,-0.007211628,0,1
workingday,3345,1,0,1
workingday,3346,1,0,1
workingday,3351,1,0,1
workingday,3355,1,0,1
workingday,3358,1,0,1
workingday,3359,1,0,1
workingday,3360,1,0,1
workingday,3362,2.664120142,0,1
workingday,3365,1,0,1
workingday,3368,1,0,1
workingday,3369,1,0,1
workingday,3370,1,0,1
workingday,3371,1.173580314,0,1
workingday,3384,1,0,1
workingday,3385,1,0,1
workingday,3408,4.751462516,0,1
workingday,3414,1,0,1
workingday,3419,1,0,1
workingday,3431,1,0,1
workingday,3444,0,1,0
workingday,3445,0,1,0
workingday,3446,0,1,0
workingday,3448,0,1,0
workingday,3453,-2.129761874,1,0
workingday,3454,0,1,0
workingday,3455,0,1,0
workingday,3457,0,1,0
workingday,3458,0,1,0
workingday,3469,0,1,0
workingday,3470,0,1,0
workingday,3480,0,1,0
workingday,3509,1,0,1
workingday,3536,0.608331387,0,1
workingday,3545,2.068505228,0,1
workingday,3558,-1.06766865,0,1
workingday,3560,1,0,1
workingday,3561,1,0,1
workingday,3576,1,0,1
workingday,3577,1,0,1
workingday,3578,1,0,1
workingday,3579,1,0,1
workingday,3580,1,0,1
workingday,3581,1,0,1
workingday,3584,1,0,1
workingday,3587,1,0,1
workingday,3589,1,0,1
workingday,3590,1,0,1
workingday,3591,1,0,1
workingday,3592,1,0,1
workingday,3598,1,0,1
workingday,3599,1,0,1
workingday,3600,1,0,1
workingday,3601,1,0,1
workingday,3608,0,1,0
workingday,3611,0,1,0
workingday,3615,0,1,0
workingday,3616,0,1,0
workingday,3617,0,1,0
workingday,3618,0,1,0
workingday,3619,0,1,0
workingday,3620,0,1,0
workingday,3621,0,1,0
workingday,3622,0,1,0
workingday,3623,0,1,0
workingday,3630,0,1,0
workingday,3631,0,1,0
workingday,3632,1.5102333,1,0
workingday,3633,0,1,0
workingday,3634,0,1,0
workingday,3638,0,1,0
workingday,3639,0,1,0
workingday,3641,0,1,0
workingday,3642,0,1,0
workingday,3645,0,1,0
workingday,3646,0,1,0
workingday,3648,0,1,0
workingday,3651,1,0,1
workingday,3655,1,0,1
workingday,3656,1,0,1
workingday,3658,1.945193707,0,1
workingday,3670,1.952437634,0,1
workingday,3672,1,0,1
workingday,3677,1,0,1
workingday,3678,1,0,1
workingday,3699,1,0,1
workingday,3705,-1.079666444,2,1
workingday,3706,1,0,1
workingday,3752,1,0,1
workingday,3773,-0.908221553,1,0
workingday,3774,0,1,0
workingday,3775,0,1,0
workingday,3776,0,1,0
workingday,3777,0.468951873,1,0
workingday,3782,0,1,0
workingday,3790,0,1,0
workingday,3791,0,1,0
workingday,3795,0,1,0
workingday,3805,0,1,0
workingday,3811,-5.331040377,1,0
workingday,3812,0,1,0
workingday,3815,-0.372196132,1,0
workingday,3816,0,1,0
workingday,3819,1,0,1
workingday,3823,1,0,1
workingday,3826,1,0,1
workingday,3828,3.355074913,0,1
workingday,3829,1,0,1
workingday,3830,1,0,1
workingday,3831,1,0,1
workingday,3838,1,0,1
workingday,3839,1,0,1
workingday,3840,1,0,1
workingday,3841,1,0,1
workingday,3842,1,0,1
workingday,3843,1,0,1
workingday,3844,1,0,1
workingday,3845,1,0,1
workingday,3850,1,0,1
workingday,3852,1,0,1
workingday,3853,1,0,1
workingday,3854,1,0,1
workingday,3855,1,0,1
workingday,3856,1,0,1
workingday,3857,1,0,1
workingday,3858,1,0,1
workingday,3861,1,0,1
workingday,3862,1,0,1
workingday,3863,1,0,1
workingday,3864,1,0,1
workingday,3866,1,0,1
workingday,3867,1,0,1
workingday,3876,1,0,1
workingday,3877,1,0,1
workingday,3889,1,0,1
workingday,3890,1,0,1
workingday,3891,1,0,1
workingday,3893,1.462530024,0,1
workingday,3894,1,0,1
workingday,3895,1.207294283,0,1
workingday,3897,2.799252875,0,1
workingday,3898,1,0,1
workingday,3899,1,0,1
workingday,3907,1,0,1
workingday,3908,1,0,1
workingday,3910,2.148801426,0,1
workingday,3915,1,0,1
workingday,3916,1,0,1
workingday,3917,1,0,1
workingday,3918,1,0,1
workingday,3921,1,0,1
workingday,3925,1,0,1
workingday,3933,2.387049193,0,1
workingday,3935,1,0,1
workingday,3936,1,0,1
workingday,3945,0,1,0
workingday,3947,0,1,0
workingday,3948,0,1,0
workingday,3952,0,1,0
workingday,3963,0,1,0
workingday,3964,0,1,0
workingday,3965,0,1,0
workingday,3966,0,1,0
workingday,3968,0,1,0
workingday,3969,1.558302193,1,0
workingday,3970,0,1,0
workingday,3971,0,1,0
workingday,3972,0,1,0
workingday,3973,1.053549876,1,0
workingday,3983,0,1,0
workingday,3984,0,1,0
workingday,3985,0,1,0
workingday,3986,0,1,0
workingday,3994,0.991583619,0,1
workingday,3995,1,0,1
workingday,4001,1,0,1
workingday,4002,1,0,1
workingday,4006,1,0,1
workingday,4007,1,0,1
workingday,4011,1,0,1
workingday,4012,1,0,1
workingday,4026,1,0,1
workingday,4062,2.692100374,0,1
workingday,4075,1.277618027,0,1
workingday,4084,1,0,1
workingday,4092,2.449517474,0,1
workingday,4107,0,1,0
workingday,4112,0,1,0
workingday,4115,0,1,0
workingday,4116,0,1,0
workingday,4117,0,1,0
workingday,4119,0,1,0
workingday,4120,0,1,0
workingday,4125,0,1,0
workingday,4127,0,1,0
workingday,4128,0,1,0
workingday,4129,0,1,0
workingday,4134,0,1,0
workingday,4135,0,1,0
workingday,4137,0,1,0
workingday,4138,0,1,0
workingday,4142,0,1,0
workingday,4143,0,1,0
workingday,4144,0,1,0
workingday,4145,0,1,0
workingday,4146,0,1,0
workingday,4148,0,1,0
workingday,4149,0,1,0
workingday,4150,-2.452732366,1,0
workingday,4151,0,1,0
workingday,4152,0,1,0
workingday,4153,0,1,0
workingday,4154,0,1,0
workingday,4156,1,0,1
workingday,4157,1,0,1
workingday,4158,1,0,1
workingday,4159,2.217558452,0,1
workingday,4161,1,0,1
workingday,4163,1,0,1
workingday,4167,1,0,1
workingday,4180,1,0,1
workingday,4181,1,0,1
workingday,4204,1,0,1
workingday,4209,1,0,1
workingday,4214,1,0,1
workingday,4227,1,0,1
workingday,4228,1,0,1
workingday,4239,2.624166629,0,1
workingday,4250,1,0,1
workingday,4251,1,0,1
workingday,4252,1,0,1
workingday,4254,1,0,1
workingday,4255,1,0,1
workingday,4258,1,0,1
workingday,4261,1,0,1
workingday,4263,-1.329288775,2,1
workingday,4275,0,1,0
workingday,4279,0,1,0
workingday,4281,0,1,0
workingday,4282,0,1,0
workingday,4283,0,1,0
workingday,4285,0,1,0
workingday,4286,0,1,0
workingday,4287,0,1,0
workingday,4288,0,1,0
workingday,4289,0,1,0
workingday,4293,0,1,0
workingday,4299,0,1,0
workingday,4300,0,1,0
workingday,4302,0,1,0
workingday,4303,-1.584097269,1,0
workingday,4304,0,1,0
workingday,4305,0,1,0
workingday,4307,0,1,0
workingday,4310,0,1,0
workingday,4318,0,1,0
workingday,4319,0,1,0
workingday,4320,0,1,0
workingday,4321,0,1,0
workingday,4335,1.127066065,1,0
workingday,4349,1,0,1
workingday,4351,1,0,1
workingday,4352,1,0,1
workingday,4353,1,0,1
workingday,4395,1.659419006,0,1
workingday,4396,1,0,1
workingday,4397,1,0,1
workingday,4400,0.560575935,0,1
workingday,4402,-1.808678472,0,1
workingday,4425,4.934242842,0,1
workingday,4436,1,0,1
workingday,4443,0,1,0
workingday,4450,0,1,0
workingday,4451,-0.379007278,1,0
workingday,4462,0,1,0
workingday,4463,0,1,0
workingday,4467,0,1,0
workingday,4468,0,1,0
workingday,4469,0,1,0
workingday,4474,0,1,0
workingday,4495,1,0,1
workingday,4496,1,0,1
workingday,4527,2.269319849,0,1
workingday,4529,2.766359726,0,1
workingday,4548,-1.370312948,2,1
workingday,4555,1,0,1
workingday,4561,1,0,1
workingday,4563,1,0,1
workingday,4564,1,0,1
workingday,4565,1,0,1
workingday,4566,1,0,1
workingday,4567,1,0,1
workingday,4568,1,0,1
workingday,4570,1,0,1
workingday,4571,1,0,1
workingday,4584,1,0,1
workingday,4585,1,0,1
workingday,4587,1,0,1
workingday,4588,1,0,1
workingday,4590,1,0,1
workingday,4591,1,0,1
workingday,4592,1,0,1
workingday,4593,1,0,1
workingday,4597,-0.307614146,0,1
workingday,4608,1,0,1
workingday,4609,1,0,1
workingday,4611,-0.322549121,1,0
workingday,4620,0,1,0
workingday,4632,0,1,0
workingday,4633,0,1,0
workingday,4634,0,1,0
workingday,4635,0,1,0
workingday,4636,0,1,0
workingday,4637,0,1,0
workingday,4638,0,1,0
workingday,4640,0,1,0
workingday,4642,0,1,0
workingday,4643,0,1,0
workingday,4648,0,1,0
workingday,4655,0,1,0
workingday,4657,-1.917087494,2,0
workingday,4663,1,0,1
workingday,4664,1,0,1
workingday,4723,4.502453814,0,1
workingday,4771,3.000287091,0,1
workingday,4784,0,1,0
workingday,4801,0,1,0
workingday,4808,0,1,0
workingday,4812,-3.881457512,1,0
workingday,4851,1,0,1
workingday,4856,1,0,1
workingday,4884,2.626916243,0,1
workingday,4942,1.128657136,0,1
workingday,4966,0,1,0
workingday,4976,0,1,0
workingday,4979,-1.163120395,2,0
workingday,4987,0,1,0
workingday,5019,1,0,1
workingday,5020,1,0,1
workingday,5022,1,0,1
workingday,5023,1,0,1
workingday,5024,1,0,1
workingday,5028,1.779523771,0,1
workingday,5031,0.443077075,0,1
workingday,5068,1,0,1
workingday,5069,1,0,1
workingday,5070,1,0,1
workingday,5090,1,0,1
workingday,5091,1,0,1
workingday,5092,1,0,1
workingday,5093,1,0,1
workingday,5094,1,0,1
workingday,5095,1,0,1
workingday,5096,1,0,1
workingday,5097,1,0,1
workingday,5115,0,1,0
workingday,5116,0,1,0
workingday,5117,0,1,0
workingday,5118,0,1,0
workingday,5119,-0.425559569,1,0
workingday,5121,0,1,0
workingday,5122,0,1,0
workingday,5123,0,1,0
workingday,5131,0,1,0
workingday,5132,0,1,0
workingday,5134,0,1,0
workingday,5156,0,1,0
workingday,5159,0,1,0
workingday,5160,0,1,0
workingday,5165,1,0,1
workingday,5166,1,0,1
workingday,5167,1,0,1
workingday,5237,1,0,1
workingday,5238,1,0,1
workingday,5239,1,0,1
workingday,5240,1,0,1
workingday,5242,0.766640133,0,1
workingday,5258,1,0,1
workingday,5259,1,0,1
workingday,5260,1,0,1
workingday,5261,1,0,1
workingday,5264,1,0,1
workingday,5265,1,0,1
workingday,5266,1,0,1
workingday,5283,0,1,0
workingday,5284,0,1,0
workingday,5285,0,1,0
workingday,5286,0,1,0
workingday,5287,0,1,0
workingday,5288,0,1,0
workingday,5289,0,1,0
workingday,5291,0,1,0
workingday,5296,0,1,0
workingday,5302,0,1,0
workingday,5303,0,1,0
workingday,5304,0,1,0
workingday,5305,0,1,0
workingday,5306,0,1,0
workingday,5307,0,1,0
workingday,5310,0,1,0
workingday,5311,0,1,0
workingday,5324,0,1,0
workingday,5330,0,1,0
workingday,5332,1.473334398,0,1
workingday,5339,1,0,1
workingday,5340,1,0,1
workingday,5351,1,0,1
workingday,5352,1,0,1
workingday,5353,1,0,1
workingday,5357,1,0,1
workingday,5358,1,0,1
workingday,5360,1,0,1
workingday,5361,1,0,1
workingday,5378,-1.820111626,2,1
workingday,5379,0.156839346,0,1
workingday,5381,1,0,1
workingday,5382,1,0,1
workingday,5384,1,0,1
workingday,5385,1,0,1
workingday,5386,1,0,1
workingday,5404,-0.522406656,0,1
workingday,5405,1,0,1
workingday,5406,1,0,1
workingday,5408,1,0,1
workingday,5409,1,0,1
workingday,5410,1,0,1
workingday,5411,1,0,1
workingday,5430,1,0,1
workingday,5446,1,0,1
workingday,5456,0,1,0
workingday,5461,0,1,0
workingday,5469,0,1,0
workingday,5476,0,1,0
workingday,5477,0,1,0
workingday,5478,0,1,0
workingday,5479,0,1,0
workingday,5480,-0.115530216,1,0
workingday,5482,0,1,0
workingday,5485,0,1,0
workingday,5504,1,0,1
workingday,5505,1,0,1
workingday,5506,1,0,1
workingday,5507,1,0,1
workingday,5519,1,0,1
workingday,5520,1,0,1
workingday,5521,1,0,1
workingday,5522,1,0,1
workingday,5523,-1.163728549,2,1
workingday,5525,1,0,1
workingday,5526,1,0,1
workingday,5530,1,0,1
workingday,5532,1,0,1
workingday,5542,1,0,1
workingday,5543,1,0,1
workingday,5544,1,0,1
workingday,5545,1,0,1
workingday,5547,1,0,1
workingday,5551,1,0,1
workingday,5552,1,0,1
workingday,5553,1,0,1
workingday,5562,1.074585166,0,1
workingday,5564,-1.832871511,2,1
workingday,5574,1,0,1
workingday,5590,1,0,1
workingday,5591,1,0,1
workingday,5624,-0.027786025,1,0
workingday,5631,0,1,0
workingday,5632,0,1,0
workingday,5637,0,1,0
workingday,5638,0,1,0
workingday,5640,0,1,0
workingday,5642,0,1,0
workingday,5646,0,1,0
workingday,5650,0,1,0
workingday,5652,0.453645999,1,0
workingday,5654,1,0,1
workingday,5655,0.343069213,0,1
workingday,5656,1,0,1
workingday,5657,1,0,1
workingday,5658,1,0,1
workingday,5659,1,0,1
workingday,5660,1,0,1
workingday,5662,1,0,1
workingday,5663,1,0,1
workingday,5664,1,0,1
workingday,5665,1,0,1
workingday,5672,1,0,1
workingday,5673,1,0,1
workingday,5674,1,0,1
workingday,5675,1,0,1
workingday,5676,1.039433794,0,1
workingday,5678,1,0,1
workingday,5679,1,0,1
workingday,5683,1,0,1
workingday,5686,1,0,1
workingday,5687,1,0,1
workingday,5697,1,0,1
workingday,5698,1,0,1
workingday,5702,1,0,1
workingday,5703,1,0,1
workingday,5704,1,0,1
workingday,5705,1,0,1
workingday,5706,1,0,1
workingday,5722,1,0,1
workingday,5723,1,0,1
workingday,5727,1,0,1
workingday,5728,0.517661781,0,1
workingday,5731,1,0,1
workingday,5734,2.365444707,0,1
workingday,5746,1,0,1
workingday,5747,1,0,1
workingday,5748,1,0,1
workingday,5751,1,0,1
workingday,5758,1,0,1
workingday,5761,1,0,1
workingday,5762,1,0,1
workingday,5769,1,0,1
workingday,5774,0,1,0
workingday,5775,0,1,0
workingday,5776,0,1,0
workingday,5779,0,1,0
workingday,5782,0,1,0
workingday,5786,0,1,0
workingday,5787,0,1,0
workingday,5789,0,1,0
workingday,5795,0,1,0
workingday,5796,-3.946949213,1,0
workingday,5799,0,1,0
workingday,5800,0,1,0
workingday,5802,-1.232261815,2,0
workingday,5804,0,1,0
workingday,5805,0,1,0
workingday,5806,0,1,0
workingday,5807,0,1,0
workingday,5856,0.558340138,0,1
workingday,5869,1,0,1
workingday,5871,1,0,1
workingday,5872,1.550703949,0,1
workingday,5873,3.724389669,0,1
workingday,5874,1,0,1
workingday,5878,2.408640433,0,1
workingday,5881,1,0,1
workingday,5892,1,0,1
workingday,5903,1,0,1
workingday,5904,1,0,1
workingday,5907,1,0,1
workingday,5916,1,0,1
workingday,5933,-1.875499097,2,1
workingday,5935,1,0,1
workingday,5937,1,0,1
workingday,5945,0,1,0
workingday,5950,3.218813258,1,0
workingday,5959,0,1,0
workingday,5961,-2.466438658,1,0
workingday,5974,0,1,0
workingday,5975,0,1,0
workingday,5976,0,1,0
workingday,5983,0,1,0
workingday,5985,0,1,0
workingday,5986,0,1,0
workingday,5987,-3.430923056,1,0
workingday,5988,1,0,1
workingday,5989,1,0,1
workingday,5990,1,0,1
workingday,5992,1,0,1
workingday,5993,-1.058086917,0,1
workingday,5999,1,0,1
workingday,6007,1,0,1
workingday,6015,1,0,1
workingday,6016,1,0,1
workingday,6017,1,0,1
workingday,6024,1,0,1
workingday,6031,1,0,1
workingday,6032,1,0,1
workingday,6033,1,0,1
workingday,6034,1,0,1
workingday,6035,1,0,1
workingday,6036,1,0,1
workingday,6044,1,0,1
workingday,6056,1,0,1
workingday,6057,1,0,1
workingday,6061,1,0,1
workingday,6062,1,0,1
workingday,6066,1,0,1
workingday,6071,1,0,1
workingday,6073,1,0,1
workingday,6074,1,0,1
workingday,6088,1,0,1
workingday,6089,1,0,1
workingday,6104,2.220996145,0,1
workingday,6106,2.471317432,0,1
workingday,6116,0,1,0
workingday,6125,-2.312808198,1,0
workingday,6135,0,1,0
workingday,6140,0,1,0
workingday,6155,1.679844729,0,1
workingday,6160,1,0,1
workingday,6165,1,0,1
workingday,6173,1,0,1
workingday,6174,1,0,1
workingday,6175,1,0,1
workingday,6176,1,0,1
workingday,6177,1,0,1
workingday,6178,1,0,1
workingday,6179,1,0,1
workingday,6189,1,0,1
workingday,6190,1,0,1
workingday,6191,1,0,1
workingday,6192,1,0,1
workingday,6194,1,0,1
workingday,6199,1,0,1
workingday,6200,1,0,1
workingday,6201,1,0,1
workingday,6202,1,0,1
workingday,6212,1,0,1
workingday,6215,1,0,1
workingday,6216,1,0,1
workingday,6217,1,0,1
workingday,6218,1,0,1
workingday,6219,1,0,1
workingday,6220,1,0,1
workingday,6230,1.787514115,0,1
workingday,6235,-1.928806628,2,1
workingday,6236,1,0,1
workingday,6237,1,0,1
workingday,6238,1,0,1
workingday,6245,0.298384082,0,1
workingday,6251,0.760008196,0,1
workingday,6258,0.313238008,0,1
workingday,6279,0,1,0
workingday,6283,0,1,0
workingday,6303,0,1,0
workingday,6304,0,1,0
workingday,6310,0,1,0
workingday,6311,0,1,0
workingday,6312,0,1,0
workingday,6313,0,1,0
workingday,6315,0,1,0
workingday,6316,0,1,0
workingday,6317,0,1,0
workingday,6332,1,0,1
workingday,6333,1,0,1
workingday,6356,1,0,1
workingday,6359,1,0,1
workingday,6364,1,0,1
workingday,6365,1,0,1
workingday,6373,5.979848682,0,1
workingday,6379,1,0,1
workingday,6380,1,0,1
workingday,6383,1,0,1
workingday,6385,1,0,1
workingday,6395,1,0,1
workingday,6403,1.383934944,0,1
workingday,6404,1,0,1
workingday,6407,1,0,1
workingday,6408,1,0,1
workingday,6412,1,0,1
workingday,6413,1,0,1
workingday,6414,1,0,1
workingday,6415,1,0,1
workingday,6417,1,0,1
workingday,6428,1,0,1
workingday,6430,1,0,1
workingday,6431,-0.822182727,0,1
workingday,6433,1,0,1
workingday,6434,1,0,1
workingday,6436,1,0,1
workingday,6444,0,1,0
workingday,6447,0,1,0
workingday,6449,0,1,0
workingday,6450,0,1,0
workingday,6453,0,1,0
workingday,6456,0,1,0
workingday,6457,0,1,0
workingday,6458,0,1,0
workingday,6464,-1.721616635,2,0
workingday,6484,0,1,0
workingday,6509,2.416928308,0,1
workingday,6527,2.824877541,0,1
workingday,6528,1,0,1
workingday,6532,1,0,1
workingday,6545,2.660203932,0,1
workingday,6549,-2.081403034,0,1
workingday,6550,1,0,1
workingday,6551,1,0,1
workingday,6552,1,0,1
workingday,6553,1,0,1
workingday,6554,1,0,1
workingday,6555,1,0,1
workingday,6556,1,0,1
workingday,6557,1,0,1
workingday,6575,1,0,1
workingday,6576,1,0,1
workingday,6580,1,0,1
workingday,6588,1,0,1
workingday,6598,1,0,1
workingday,6599,1,0,1
workingday,6600,1,0,1
workingday,6601,1,0,1
workingday,6602,1,0,1
workingday,6603,1,0,1
workingday,6604,1,0,1
workingday,6605,1,0,1
workingday,6606,3.307915587,0,1
workingday,6608,-1.498359043,2,1
workingday,6611,0,1,0
workingday,6615,0,1,0
workingday,6616,0,1,0
workingday,6617,0,1,0
workingday,6618,0,1,0
workingday,6634,0,1,0
workingday,6649,0,1,0
workingday,6650,0,1,0
workingday,6652,0,1,0
workingday,6691,1,0,1
workingday,6692,1,0,1
workingday,6693,1,0,1
workingday,6694,1,0,1
workingday,6695,1,0,1
workingday,6697,1,0,1
workingday,6699,1,0,1
workingday,6705,-1.718606624,0,1
workingday,6706,1,0,1
workingday,6707,1,0,1
workingday,6708,1,0,1
workingday,6709,1,0,1
workingday,6723,1,0,1
workingday,6724,1,0,1
workingday,6740,1,0,1
workingday,6741,1,0,1
workingday,6747,1,0,1
workingday,6757,1,0,1
workingday,6758,1,0,1
workingday,6759,1,0,1
workingday,6760,1,0,1
workingday,6761,1,0,1
workingday,6762,1,0,1
workingday,6763,1,0,1
workingday,6764,1,0,1
workingday,6768,1,0,1
workingday,6769,1,0,1
workingday,6770,1,0,1
workingday,6771,1,0,1
workingday,6779,3.599874002,1,0
workingday,6783,0,1,0
workingday,6784,0,1,0
workingday,6787,0.221300235,1,0
workingday,6793,0,1,0
workingday,6802,0,1,0
workingday,6805,0,1,0
workingday,6806,0,1,0
workingday,6807,2.90204808,1,0
workingday,6808,0,1,0
workingday,6828,1,0,1
workingday,6829,1,0,1
workingday,6830,1,0,1
workingday,6835,2.882215984,0,1
workingday,6838,1,0,1
workingday,6839,1,0,1
workingday,6840,1,0,1
workingday,6842,1,0,1
workingday,6845,1,0,1
workingday,6861,1,0,1
workingday,6862,1,0,1
workingday,6863,1,0,1
workingday,6864,1,0,1
workingday,6865,1,0,1
workingday,6866,1,0,1
workingday,6867,1,0,1
workingday,6869,1,0,1
workingday,6870,1,0,1
workingday,6890,1,0,1
workingday,6891,1,0,1
workingday,6892,1,0,1
workingday,6898,1,0,1
workingday,6899,1,0,1
workingday,6900,1,0,1
workingday,6907,-1.234053395,2,1
workingday,6924,1,0,1
workingday,6941,4.144956303,0,1
workingday,6942,1,0,1
workingday,6950,0,1,0
workingday,6951,0,1,0
workingday,6955,0,1,0
workingday,6960,0,1,0
workingday,6961,0,1,0
workingday,6975,0,1,0
workingday,6980,0,1,0
workingday,6993,0,1,0
workingday,6999,1,0,1
workingday,7001,1,0,1
workingday,7003,1.528343653,0,1
workingday,7009,1,0,1
workingday,7017,1,0,1
workingday,7022,1,0,1
workingday,7023,1,0,1
workingday,7024,1,0,1
workingday,7031,1,0,1
workingday,7032,1,0,1
workingday,7033,1,0,1
workingday,7034,1,0,1
workingday,7035,1,0,1
workingday,7040,1,0,1
workingday,7055,1,0,1
workingday,7061,0.998973893,0,1
workingday,7096,1,0,1
workingday,7097,1,0,1
workingday,7102,1,0,1
workingday,7103,1,0,1
workingday,7113,1,0,1
workingday,7114,0,1,0
workingday,7117,0,1,0
workingday,7118,0,1,0
workingday,7119,0,1,0
workingday,7120,0,1,0
workingday,7121,0,1,0
workingday,7122,0,1,0
workingday,7123,0,1,0
workingday,7124,0,1,0
workingday,7125,0,1,0
workingday,7126,0,1,0
workingday,7127,0,1,0
workingday,7128,0,1,0
workingday,7130,0,1,0
workingday,7131,0,1,0
workingday,7132,0,1,0
workingday,7137,0,1,0
workingday,7142,0,1,0
workingday,7144,0,1,0
workingday,7146,0,1,0
workingday,7151,-0.697423286,1,0
workingday,7152,0,1,0
workingday,7153,0,1,0
workingday,7154,0,1,0
workingday,7166,2.374061916,0,1
workingday,7167,1,0,1
workingday,7174,1,0,1
workingday,7178,1,0,1
workingday,7193,1.085657803,0,1
workingday,7200,3.287750075,0,1
workingday,7208,3.044769806,0,1
workingday,7213,3.593205269,0,1
workingday,7231,1,0,1
workingday,7239,0.909012337,0,1
workingday,7261,1,0,1
workingday,7262,1,0,1
workingday,7263,1,0,1
workingday,7264,1,0,1
workingday,7285,0,1,0
workingday,7286,0,1,0
workingday,7287,0,1,0
workingday,7288,0,1,0
workingday,7289,0,1,0
workingday,7290,0,1,0
workingday,7296,0,1,0
workingday,7311,0,1,0
workingday,7316,-0.067361212,1,0
workingday,7317,0,1,0
workingday,7321,0,1,0
workingday,7324,0,1,0
workingday,7344,1,0,1
workingday,7345,1,0,1
workingday,7351,1,0,1
workingday,7368,1,0,1
workingday,7383,1,0,1
workingday,7401,1,0,1
workingday,7404,1,0,1
workingday,7405,1,0,1
workingday,7406,1,0,1
workingday,7409,1,0,1
workingday,7423,3.216090158,0,1
workingday,7428,-1.006653107,2,0
workingday,7429,-3.227744921,1,0
workingday,7449,-1.387862857,2,0
workingday,7450,0,1,0
workingday,7451,0,1,0
workingday,7452,0,1,0
workingday,7453,0,1,0
workingday,7455,0,1,0
workingday,7456,0,1,0
workingday,7457,0,1,0
workingday,7458,0,1,0
workingday,7463,0,1,0
workingday,7468,0,1,0
workingday,7469,0,1,0
workingday,7470,0,1,0
workingday,7471,0,1,0
workingday,7472,0.202051811,1,0
workingday,7495,0,1,0
workingday,7511,1,0,1
workingday,7512,1,0,1
workingday,7513,1,0,1
workingday,7515,1,0,1
workingday,7516,1,0,1
workingday,7517,1,0,1
workingday,7518,1,0,1
workingday,7519,1,0,1
workingday,7521,1,0,1
workingday,7522,1,0,1
workingday,7523,1,0,1
workingday,7526,1,0,1
workingday,7527,1,0,1
workingday,7528,1,0,1
workingday,7531,1,0,1
workingday,7532,1,0,1
workingday,7533,1,0,1
workingday,7555,-1.152129498,2,1
workingday,7558,6.263391109,0,1
workingday,7613,1,0,1
workingday,7614,1,0,1
workingday,7615,-0.093526458,0,1
workingday,7616,1,0,1
workingday,7617,1,0,1
workingday,7618,0,1,0
workingday,7619,0,1,0
workingday,7620,0,1,0
workingday,7621,0,1,0
workingday,7622,0,1,0
workingday,7625,0,1,0
workingday,7626,0,1,0
workingday,7627,2.125193188,1,0
workingday,7629,-0.014377679,1,0
workingday,7631,0,1,0
workingday,7632,0,1,0
workingday,7633,0,1,0
workingday,7634,0,1,0
workingday,7647,0,1,0
workingday,7648,2.610314758,1,0
workingday,7649,0,1,0
workingday,7650,0,1,0
workingday,7658,1.547521025,1,0
workingday,7663,0,1,0
workingday,7667,1,0,1
workingday,7678,-1.335740406,2,1
workingday,7681,1,0,1
workingday,7682,1,0,1
workingday,7685,1,0,1
workingday,7686,0.956873657,0,1
workingday,7690,3.968399279,0,1
workingday,7692,1,0,1
workingday,7693,1,0,1
workingday,7694,1,0,1
workingday,7695,1,0,1
workingday,7696,1,0,1
workingday,7698,1,0,1
workingday,7712,1,0,1
workingday,7719,1,0,1
workingday,7724,1,0,1
workingday,7731,1,0,1
workingday,7733,1,0,1
workingday,7768,1,0,1
workingday,7770,1,0,1
workingday,7774,1,0,1
workingday,7776,1,0,1
workingday,7779,1,0,1
workingday,7791,0,1,0
workingday,7799,0,1,0
workingday,7800,0,1,0
workingday,7805,-2.231936408,1,0
workingday,7806,0,1,0
workingday,7828,-0.074527118,1,0
workingday,7829,0,1,0
workingday,7831,1.129527299,1,0
workingday,7832,0,1,0
workingday,7833,0,1,0
workingday,7845,1,0,1
workingday,7847,1,0,1
workingday,7849,1.735924854,0,1
workingday,7851,1,0,1
workingday,7866,1,0,1
workingday,7867,1,0,1
workingday,7871,1,0,1
workingday,7875,1.938673731,0,1
workingday,7877,1,0,1
workingday,7878,1,0,1
workingday,7879,1,0,1
workingday,7886,1,0,1
workingday,7887,1,0,1
workingday,7888,1,0,1
workingday,7889,1,0,1
workingday,7892,1,0,1
workingday,7894,1,0,1
workingday,7895,1,0,1
workingday,7903,1,0,1
workingday,7912,3.918586148,0,1
workingday,7914,1,0,1
workingday,7932,1,0,1
workingday,7933,1,0,1
workingday,7935,1,0,1
workingday,7949,1,0,1
workingday,7954,0,1,0
workingday,7955,0,1,0
workingday,7956,0,1,0
workingday,7957,0,1,0
workingday,7958,0,1,0
workingday,7959,0,1,0
workingday,7960,0,1,0
workingday,7961,0,1,0
workingday,7991,0,1,0
workingday,7992,0,1,0
workingday,7993,0,1,0
workingday,8024,3.808515834,0,1
workingday,8025,1,0,1
workingday,8029,-1.227034833,2,1
workingday,8033,1,0,1
workingday,8034,1,0,1
workingday,8075,1,0,1
workingday,8084,1,0,1
workingday,8086,1,0,1
workingday,8091,1,0,1
workingday,8092,1,0,1
workingday,8093,1,0,1
workingday,8095,1,0,1
workingday,8100,1,0,1
workingday,8101,1,0,1
workingday,8102,1.305381795,0,1
workingday,8108,2.263779353,0,1
workingday,8110,1,0,1
workingday,8111,1,0,1
workingday,8112,1,0,1
workingday,8122,0,1,0
workingday,8125,0,1,0
workingday,8126,0,1,0
workingday,8127,-0.919835364,1,0
workingday,8128,0,1,0
workingday,8130,0,1,0
workingday,8138,0,1,0
workingday,8140,0,1,0
workingday,8141,0,1,0
workingday,8143,0,1,0
workingday,8145,1.360337622,1,0
workingday,8151,0,1,0
workingday,8152,0,1,0
workingday,8153,0,1,0
workingday,8154,0,1,0
workingday,8157,0,1,0
workingday,8163,0,1,0
workingday,8164,0,1,0
workingday,8165,0,1,0
workingday,8168,0,1,0
workingday,8193,1,0,1
workingday,8209,1,0,1
workingday,8216,1,0,1
workingday,8231,1,0,1
workingday,8232,1,0,1
workingday,8233,1,0,1
workingday,8248,1.605299228,0,1
workingday,8249,2.210684036,0,1
workingday,8263,3.078877492,0,1
workingday,8272,1,0,1
workingday,8292,0,1,0
workingday,8293,0,1,0
workingday,8294,0,1,0
workingday,8295,0,1,0
workingday,8296,0,1,0
workingday,8297,0,1,0
workingday,8298,0,1,0
workingday,8299,0,1,0
workingday,8300,0,1,0
workingday,8301,0,1,0
workingday,8303,0,1,0
workingday,8304,0,1,0
workingday,8306,0,1,0
workingday,8307,0,1,0
workingday,8312,0,1,0
workingday,8314,0,1,0
workingday,8315,0,1,0
workingday,8317,0,1,0
workingday,8318,0,1,0
workingday,8319,0,1,0
workingday,8321,0,1,0
workingday,8322,0,1,0
workingday,8323,0,1,0
workingday,8324,0,1,0
workingday,8325,0,1,0
workingday,8333,3.551168041,1,0
workingday,8335,0,1,0
workingday,8336,0,1,0
workingday,8344,3.699801367,0,1
workingday,8349,1,0,1
workingday,8352,1,0,1
workingday,8354,1,0,1
workingday,8379,1,0,1
workingday,8380,1,0,1
workingday,8384,1,0,1
workingday,8388,0.951509715,0,1
workingday,8390,1,0,1
workingday,8402,1.755627343,0,1
workingday,8413,1,0,1
workingday,8414,0.655137477,0,1
workingday,8418,1,0,1
workingday,8436,1,0,1
workingday,8437,-0.557733944,0,1
workingday,8439,1,0,1
workingday,8440,1,0,1
workingday,8445,0.137566653,0,1
workingday,8448,1,0,1
workingday,8449,1,0,1
workingday,8461,0,1,0
workingday,8465,0,1,0
workingday,8467,0,1,0
workingday,8470,0,1,0
workingday,8478,0,1,0
workingday,8480,0,1,0
workingday,8482,0,1,0
workingday,8483,0,1,0
workingday,8485,0,1,0
workingday,8486,0,1,0
workingday,8487,0,1,0
workingday,8489,0,1,0
workingday,8490,0,1,0
workingday,8501,-5.582532461,1,0
workingday,8528,1,0,1
workingday,8529,1,0,1
workingday,8532,1,0,1
workingday,8533,1,0,1
workingday,8544,2.467858507,0,1
workingday,8545,1,0,1
workingday,8549,1.635692749,0,1
workingday,8566,1,0,1
workingday,8567,1,0,1
workingday,8583,1,0,1
workingday,8586,1,0,1
workingday,8615,1,0,1
workingday,8627,0,1,0
workingday,8633,0,1,0
workingday,8639,0,1,0
workingday,8640,0,1,0
workingday,8641,0,1,0
workingday,8642,0,1,0
workingday,8650,0,1,0
workingday,8653,0,1,0
workingday,8659,0,1,0
workingday,8663,0,1,0
workingday,8665,0,1,0
workingday,8700,1,0,1
workingday,8714,3.716891158,0,1
workingday,8716,3.635456396,0,1
workingday,8723,1,0,1
workingday,8736,1,0,1
workingday,8750,1,0,1
workingday,8760,1.186319505,0,1
workingday,8762,1,0,1
workingday,8766,1,0,1
workingday,8784,1,0,1
workingday,8796,0,1,0
workingday,8797,0,1,0
workingday,8812,0,1,0
workingday,8822,0,1,0
workingday,8836,0,1,0
workingday,8846,1,0,1
workingday,8849,1,0,1
workingday,8850,1,0,1
workingday,8854,1,0,1
workingday,8879,1,0,1
workingday,8883,1,0,1
workingday,8884,1,0,1
workingday,8887,1,0,1
workingday,8930,1,0,1
workingday,8933,1,0,1
workingday,8960,0,1,0
workingday,8966,0,1,0
workingday,8967,0,1,0
workingday,8972,0,1,0
workingday,8973,0,1,0
workingday,8974,0,1,0
workingday,8975,0,1,0
workingday,8976,0,1,0
workingday,8986,0,1,0
workingday,8988,-1.258479091,2,0
workingday,8995,-2.139134157,1,0
workingday,9003,0,1,0
workingday,9008,2.043985391,1,0
workingday,9030,1,0,1
workingday,9040,1,0,1
workingday,9042,0.315844666,0,1
workingday,9061,1,0,1
workingday,9062,1,0,1
workingday,9064,1,0,1
workingday,9065,1,0,1
workingday,9075,2.746327697,0,1
workingday,9100,0.962073908,0,1
workingday,9127,0,1,0
workingday,9129,0,1,0
workingday,9136,0,1,0
workingday,9137,0,1,0
workingday,9138,0,1,0
workingday,9152,0,1,0
workingday,9165,0,1,0
workingday,9169,0,1,0
workingday,9179,1,0,1
workingday,9183,1,0,1
workingday,9199,0.554411202,0,1
workingday,9230,1,0,1
workingday,9234,2.110112255,0,1
workingday,9245,1,0,1
workingday,9248,1,0,1
workingday,9256,1,0,1
workingday,9265,1,0,1
workingday,9295,0,1,0
workingday,9296,0,1,0
workingday,9299,0,1,0
workingday,9307,0,1,0
workingday,9308,0,1,0
workingday,9309,0,1,0
workingday,9310,0,1,0
workingday,9317,0,1,0
workingday,9318,-0.724649665,1,0
workingday,9319,0,1,0
workingday,9321,0,1,0
workingday,9323,0,1,0
workingday,9324,0,1,0
workingday,9325,0,1,0
workingday,9327,0,1,0
workingday,9330,-1.106379396,2,0
workingday,9331,-1.367849587,2,0
workingday,9343,0.629360332,0,1
workingday,9361,1,0,1
workingday,9363,0.647593329,0,1
workingday,9364,1,0,1
workingday,9369,1,0,1
workingday,9371,1,0,1
workingday,9394,1,0,1
workingday,9401,1,0,1
workingday,9402,1,0,1
workingday,9403,1,0,1
workingday,9405,1,0,1
workingday,9409,3.380748584,0,1
workingday,9416,0.656453821,0,1
workingday,9420,1,0,1
workingday,9422,3.754902898,0,1
workingday,9430,1,0,1
workingday,9436,1,0,1
workingday,9449,1,0,1
workingday,9450,1,0,1
workingday,9451,0.931927859,0,1
workingday,9453,1,0,1
workingday,9458,1,0,1
workingday,9461,0,1,0
workingday,9463,0,1,0
workingday,9464,0,1,0
workingday,9465,0,1,0
workingday,9466,0,1,0
workingday,9468,0,1,0
workingday,9469,0,1,0
workingday,9479,0,1,0
workingday,9480,0,1,0
workingday,9481,0,1,0
workingday,9483,0,1,0
workingday,9484,0,1,0
workingday,9485,0,1,0
workingday,9486,0,1,0
workingday,9487,0,1,0
workingday,9488,0,1,0
workingday,9489,0,1,0
workingday,9490,-4.175818045,1,0
workingday,9491,0,1,0
workingday,9492,0,1,0
workingday,9493,0,1,0
workingday,9494,0,1,0
workingday,9495,0,1,0
workingday,9500,0,1,0
workingday,9506,0,1,0
workingday,9509,1,0,1
workingday,9517,1,0,1
workingday,9519,1,0,1
workingday,9524,1,0,1
workingday,9543,1,0,1
workingday,9544,1.575063865,0,1
workingday,9549,1,0,1
workingday,9555,1,0,1
workingday,9570,1,0,1
workingday,9591,1,0,1
workingday,9612,1,0,1
workingday,9628,0,1,0
workingday,9629,0,1,0
workingday,9630,0,1,0
workingday,9631,0,1,0
workingday,9632,0,1,0
workingday,9633,0,1,0
workingday,9634,0,1,0
workingday,9635,0,1,0
workingday,9636,0,1,0
workingday,9637,0,1,0
workingday,9638,0,1,0
workingday,9639,0,1,0
workingday,9642,0,1,0
workingday,9652,0,1,0
workingday,9654,0,1,0
workingday,9655,0,1,0
workingday,9690,1.691361586,0,1
workingday,9696,1,0,1
workingday,9702,1,0,1
workingday,9703,1,0,1
workingday,9708,1,0,1
workingday,9716,1,0,1
workingday,9718,1,0,1
workingday,9723,3.396142824,0,1
workingday,9734,1,0,1
workingday,9735,1,0,1
workingday,9741,1,0,1
workingday,9770,0.073396602,0,1
workingday,9774,1,0,1
workingday,9775,1,0,1
workingday,9782,1,0,1
workingday,9784,1,0,1
workingday,9789,1,0,1
workingday,9791,1,0,1
workingday,9799,0,1,0
workingday,9803,0,1,0
workingday,9809,0,1,0
workingday,9811,0,1,0
workingday,9816,2.49324616,1,0
workingday,9822,0,1,0
workingday,9823,0,1,0
workingday,9826,0,1,0
workingday,9827,0,1,0
workingday,9828,0,1,0
workingday,9836,0,1,0
workingday,9839,0,1,0
workingday,9840,0,1,0
workingday,9841,0,1,0
workingday,9871,1,0,1
workingday,9876,1,0,1
workingday,9881,1,0,1
workingday,9882,1,0,1
workingday,9928,1,0,1
workingday,9943,1,0,1
workingday,9944,1,0,1
workingday,9952,1.749101886,0,1
workingday,9959,1,0,1
workingday,9967,0,1,0
workingday,9968,0,1,0
workingday,9969,0,1,0
workingday,9970,0,1,0
workingday,9971,0,1,0
workingday,9978,0,1,0
workingday,9982,0,1,0
workingday,9983,0,1,0
workingday,9987,0,1,0
workingday,9988,0,1,0
workingday,9990,0,1,0
workingday,9992,0,1,0
workingday,9994,0,1,0
workingday,10007,0,1,0
workingday,10033,1,0,1
workingday,10038,1,0,1
workingday,10042,1,0,1
workingday,10046,1.738609229,0,1
workingday,10062,1,0,1
workingday,10086,2.005097634,0,1
workingday,10090,1,0,1
workingday,10091,1,0,1
workingday,10094,1,0,1
workingday,10096,1,0,1
workingday,10101,1,0,1
workingday,10103,0.682166391,0,1
workingday,10108,1.479894211,0,1
workingday,10111,0.346364335,0,1
workingday,10112,3.385701675,0,1
workingday,10114,1,0,1
workingday,10139,0,1,0
workingday,10142,0,1,0
workingday,10144,0,1,0
workingday,10150,0,1,0
workingday,10166,-0.493761932,1,0
workingday,10170,0,1,0
workingday,10173,-1.887398406,1,0
workingday,10174,0,1,0
workingday,10186,1,0,1
workingday,10191,1,0,1
workingday,10192,1.371222952,0,1
workingday,10208,1,0,1
workingday,10211,1,0,1
workingday,10214,-1.506224028,2,1
workingday,10221,1,0,1
workingday,10222,1,0,1
workingday,10224,1,0,1
workingday,10226,1,0,1
workingday,10235,2.499904394,0,1
workingday,10239,1,0,1
workingday,10240,1,0,1
workingday,10241,1,0,1
workingday,10259,1,0,1
workingday,10260,1,0,1
workingday,10261,1,0,1
workingday,10262,1,0,1
workingday,10263,1,0,1
workingday,10264,1,0,1
workingday,10265,1,0,1
workingday,10267,1,0,1
workingday,10268,1,0,1
workingday,10269,1,0,1
workingday,10272,1,0,1
workingday,10278,1,0,1
workingday,10284,1,0,1
workingday,10291,1,0,1
workingday,10297,0,1,0
workingday,10298,0,1,0
workingday,10305,2.178875991,1,0
workingday,10315,0,1,0
workingday,10317,0,1,0
workingday,10318,0,1,0
workingday,10320,0,1,0
workingday,10321,0,1,0
workingday,10322,-0.838602547,1,0
workingday,10323,0,1,0
workingday,10324,0,1,0
workingday,10325,0,1,0
workingday,10326,0,1,0
workingday,10327,0,1,0
workingday,10331,0,1,0
workingday,10335,-3.411206136,1,0
workingday,10342,1,0,1
workingday,10343,1,0,1
workingday,10344,1,0,1
workingday,10351,1,0,1
workingday,10357,1,0,1
workingday,10358,-1.813151767,0,1
workingday,10359,1,0,1
workingday,10360,1,0,1
workingday,10361,1,0,1
workingday,10362,1,0,1
workingday,10364,1,0,1
workingday,10365,1,0,1
workingday,10380,1,0,1
workingday,10385,1,0,1
workingday,10386,1,0,1
workingday,10388,1,0,1
workingday,10389,1,0,1
workingday,10400,1,0,1
workingday,10402,1,0,1
workingday,10403,1,0,1
workingday,10410,1,0,1
workingday,10413,1,0,1
workingday,10419,1.614468029,0,1
workingday,10425,1,0,1
workingday,10426,1,0,1
workingday,10427,1,0,1
workingday,10432,1,0,1
workingday,10433,1,0,1
workingday,10434,1.444423865,0,1
workingday,10443,1.607480165,0,1
workingday,10466,0,1,0
workingday,10467,0,1,0
workingday,10468,0,1,0
workingday,10470,0,1,0
workingday,10475,0,1,0
workingday,10484,-2.195812594,1,0
workingday,10490,0,1,0
workingday,10493,0,1,0
workingday,10494,0,1,0
workingday,10495,0,1,0
workingday,10496,0,1,0
workingday,10509,0,1,0
workingday,10520,1,0,1
workingday,10521,1,0,1
workingday,10524,1,0,1
workingday,10525,1,0,1
workingday,10527,1,0,1
workingday,10528,1,0,1
workingday,10532,2.833799542,0,1
workingday,10533,1,0,1
workingday,10541,1,0,1
workingday,10548,1,0,1
workingday,10551,1,0,1
workingday,10552,1,0,1
workingday,10555,1,0,1
workingday,10567,0.518381345,0,1
workingday,10572,1,0,1
workingday,10573,1,0,1
workingday,10575,1,0,1
workingday,10576,1,0,1
workingday,10578,1.089115906,0,1
workingday,10580,0.886127748,0,1
workingday,10594,1,0,1
workingday,10596,1,0,1
workingday,10599,1,0,1
workingday,10600,1,0,1
workingday,10601,1,0,1
workingday,10602,1,0,1
workingday,10605,1,0,1
workingday,10606,1,0,1
workingday,10616,1,0,1
workingday,10617,1,0,1
workingday,10618,1,0,1
workingday,10625,1,0,1
workingday,10626,1,0,1
workingday,10627,1,0,1
workingday,10629,1,0,1
workingday,10655,0,1,0
workingday,10656,0,1,0
workingday,10657,0.523803351,1,0
workingday,10658,0,1,0
workingday,10667,0,1,0
workingday,10670,0,1,0
workingday,10674,0,1,0
workingday,10675,0,1,0
workingday,10677,0,1,0
workingday,10679,1,0,1
workingday,10699,1,0,1
workingday,10703,1,0,1
workingday,10716,1,0,1
workingday,10734,1,0,1
workingday,10739,1,0,1
workingday,10740,1,0,1
workingday,10741,1,0,1
workingday,10742,1,0,1
workingday,10745,1,0,1
workingday,10746,1,0,1
workingday,10748,1,0,1
workingday,10751,1,0,1
workingday,10771,3.090135217,0,1
workingday,10774,1,0,1
workingday,10775,1,0,1
workingday,10786,1,0,1
workingday,10791,1.157302893,0,1
workingday,10795,1,0,1
workingday,10800,0,1,0
workingday,10802,0,1,0
workingday,10807,-1.239345015,2,0
workingday,10810,0,1,0
workingday,10813,-2.094173102,1,0
workingday,10815,0,1,0
workingday,10817,0,1,0
workingday,10830,0,1,0
workingday,10834,0,1,0
workingday,10836,0,1,0
workingday,10838,-0.584701899,1,0
workingday,10854,1,0,1
workingday,10870,1,0,1
workingday,10872,1,0,1
workingday,10883,1,0,1
workingday,10888,1,0,1
workingday,10889,1,0,1
workingday,10891,2.234107648,0,1
workingday,10904,1,0,1
workingday,10905,1,0,1
workingday,10906,2.033370621,0,1
workingday,10907,1,0,1
workingday,10908,1,0,1
workingday,10909,1,0,1
workingday,10910,1,0,1
workingday,10911,1,0,1
workingday,10912,1,0,1
workingday,10913,1,0,1
workingday,10915,1,0,1
workingday,10921,1,0,1
workingday,10922,1,0,1
workingday,10923,-1.375674593,2,1
workingday,10925,0.782368241,0,1
workingday,10929,0.957551201,0,1
workingday,10947,1,0,1
workingday,10949,1,0,1
workingday,10965,0,1,0
workingday,10987,3.838581884,1,0
workingday,10992,0,1,0
workingday,10993,2.536090598,1,0
workingday,11004,0,1,0
workingday,11005,0,1,0
workingday,11006,1.403491793,1,0
workingday,11007,0,1,0
workingday,11008,0,1,0
workingday,11027,1,0,1
workingday,11029,1,0,1
workingday,11043,-1.852850237,2,1
workingday,11045,1,0,1
workingday,11054,1,0,1
workingday,11065,1,0,1
workingday,11069,1.943951469,0,1
workingday,11071,1,0,1
workingday,11075,1,0,1
workingday,11078,0.710131871,0,1
workingday,11116,1,0,1
workingday,11124,1,0,1
workingday,11125,1.089051114,0,1
workingday,11141,0,1,0
workingday,11170,0,1,0
workingday,11172,0,1,0
workingday,11173,0,1,0
workingday,11174,0,1,0
workingday,11175,0,1,0
workingday,11178,0,1,0
workingday,11201,-1.704213496,1,0
workingday,11204,1,0,1
workingday,11205,1,0,1
workingday,11206,1,0,1
workingday,11207,1,0,1
workingday,11208,1,0,1
workingday,11209,1,0,1
workingday,11210,1,0,1
workingday,11211,1,0,1
workingday,11212,1,0,1
workingday,11213,1,0,1
workingday,11214,1,0,1
workingday,11215,1,0,1
workingday,11217,1,0,1
workingday,11218,1,0,1
workingday,11219,1,0,1
workingday,11220,1,0,1
workingday,11225,1,0,1
workingday,11234,1.203855134,0,1
workingday,11235,1.438915754,0,1
workingday,11265,1,0,1
workingday,11267,1,0,1
workingday,11270,1,0,1
workingday,11272,1,0,1
workingday,11287,0.216678531,0,1
workingday,11289,1,0,1
workingday,11290,1,0,1
workingday,11291,1,0,1
workingday,11292,1,0,1
workingday,11293,1,0,1
workingday,11294,1,0,1
workingday,11295,1,0,1
workingday,11297,1,0,1
workingday,11305,0,1,0
workingday,11310,0,1,0
workingday,11311,0,1,0
workingday,11314,0,1,0
workingday,11315,0,1,0
workingday,11316,0,1,0
workingday,11317,0,1,0
workingday,11322,0,1,0
workingday,11331,0,1,0
workingday,11341,0,1,0
workingday,11354,1,0,1
workingday,11356,1,0,1
workingday,11357,1,0,1
workingday,11364,1,0,1
workingday,11365,1,0,1
workingday,11371,1,0,1
workingday,11383,1,0,1
workingday,11394,-1.041448929,2,1
workingday,11410,1,0,1
workingday,11412,1,0,1
workingday,11413,1,0,1
workingday,11414,1,0,1
workingday,11416,1,0,1
workingday,11431,1,0,1
workingday,11437,2.106381324,0,1
workingday,11451,1,0,1
workingday,11482,0,1,0
workingday,11483,0,1,0
workingday,11485,0,1,0
workingday,11489,-0.613400891,1,0
workingday,11499,0,1,0
workingday,11502,0,1,0
workingday,11504,0,1,0
workingday,11508,-4.073321412,1,0
workingday,11509,0,1,0
workingday,11515,0,1,0
workingday,11520,1,0,1
workingday,11521,1,0,1
workingday,11532,1,0,1
workingday,11533,1,0,1
workingday,11534,1,0,1
workingday,11550,1,0,1
workingday,11560,1,0,1
workingday,11565,1,0,1
workingday,11566,1,0,1
workingday,11567,1,0,1
workingday,11570,1,0,1
workingday,11572,1,0,1
workingday,11573,1,0,1
workingday,11575,1,0,1
workingday,11581,1,0,1
workingday,11582,1,0,1
workingday,11593,4.110990997,0,1
workingday,11600,1,0,1
workingday,11601,1,0,1
workingday,11603,1,0,1
workingday,11610,1,0,1
workingday,11613,-1.576990056,2,1
workingday,11615,1,0,1
workingday,11616,1,0,1
workingday,11619,1,0,1
workingday,11620,1,0,1
workingday,11622,1,0,1
workingday,11624,1,0,1
workingday,11626,1,0,1
workingday,11647,0,1,0
workingday,11650,-1.610158578,1,0
workingday,11652,0,1,0
workingday,11653,0,1,0
workingday,11656,-1.951300833,2,0
workingday,11661,0,1,0
workingday,11672,0,1,0
workingday,11673,0,1,0
workingday,11674,0,1,0
workingday,11675,0,1,0
workingday,11676,0,1,0
workingday,11677,0,1,0
workingday,11678,0,1,0
workingday,11679,0,1,0
workingday,11680,0,1,0
workingday,11697,1,0,1
workingday,11698,1,0,1
workingday,11699,1,0,1
workingday,11701,1,0,1
workingday,11702,1,0,1
workingday,11717,1,0,1
workingday,11723,1,0,1
workingday,11734,1,0,1
workingday,11735,1,0,1
workingday,11736,1,0,1
workingday,11737,1,0,1
workingday,11738,1,0,1
workingday,11739,1,0,1
workingday,11743,1,0,1
workingday,11744,1,0,1
workingday,11745,1,0,1
workingday,11746,1,0,1
workingday,11747,1,0,1
workingday,11749,1,0,1
workingday,11765,0.930158529,0,1
workingday,11768,1,0,1
workingday,11770,1,0,1
workingday,11773,1,0,1
workingday,11774,1,0,1
workingday,11791,1,0,1
workingday,11792,1,0,1
workingday,11802,1,0,1
workingday,11807,0,1,0
workingday,11809,0,1,0
workingday,11810,0,1,0
workingday,11820,0,1,0
workingday,11825,0,1,0
workingday,11838,0,1,0
workingday,11841,0,1,0
workingday,11842,0,1,0
workingday,11843,-0.281964399,1,0
workingday,11844,0,1,0
workingday,11845,0,1,0
workingday,11846,0,1,0
workingday,11850,0,1,0
workingday,11852,1,0,1
workingday,11859,1,0,1
workingday,11860,0.596728855,0,1
workingday,11862,1,0,1
workingday,11863,1,0,1
workingday,11864,1,0,1
workingday,11866,1,0,1
workingday,11867,1,0,1
workingday,11869,1,0,1
workingday,11874,2.937595947,0,1
workingday,11876,1,0,1
workingday,11877,1,0,1
workingday,11878,1,0,1
workingday,11880,1,0,1
workingday,11881,1,0,1
workingday,11882,1,0,1
workingday,11883,1,0,1
workingday,11886,1,0,1
workingday,11887,1,0,1
workingday,11890,1,0,1
workingday,11895,1,0,1
workingday,11898,0.167834875,0,1
workingday,11899,1,0,1
workingday,11902,1,0,1
workingday,11903,1,0,1
workingday,11907,1,0,1
workingday,11910,1,0,1
workingday,11920,1,0,1
workingday,11923,1,0,1
workingday,11925,1,0,1
workingday,11927,1,0,1
workingday,11929,1,0,1
workingday,11934,1,0,1
workingday,11937,1,0,1
workingday,11938,1,0,1
workingday,11939,1,0,1
workingday,11940,1,0,1
workingday,11941,1,0,1
workingday,11942,1,0,1
workingday,11943,1,0,1
workingday,11944,0.196127167,0,1
workingday,11946,1,0,1
workingday,11957,1,0,1
workingday,11958,1,0,1
workingday,11959,1,0,1
workingday,11960,1,0,1
workingday,11961,1,0,1
workingday,11962,1,0,1
workingday,11964,1,0,1
workingday,11965,1,0,1
workingday,11966,1,0,1
workingday,11967,1,0,1
workingday,11968,1,0,1
workingday,11969,1,0,1
workingday,11970,1,0,1
workingday,11976,0,1,0
workingday,11985,0,1,0
workingday,11986,0,1,0
workingday,11987,0,1,0
workingday,11989,0,1,0
workingday,11990,0,1,0
workingday,11991,-1.763537686,1,0
workingday,11992,0,1,0
workingday,12001,0,1,0
workingday,12008,0,1,0
workingday,12010,0,1,0
workingday,12011,0,1,0
workingday,12012,0,1,0
workingday,12013,0,1,0
workingday,12014,0,1,0
workingday,12017,0,1,0
workingday,12022,1,0,1
workingday,12023,1,0,1
workingday,12024,1,0,1
workingday,12025,1,0,1
workingday,12026,1,0,1
workingday,12027,1,0,1
workingday,12028,1,0,1
workingday,12029,1,0,1
workingday,12032,1,0,1
workingday,12033,1,0,1
workingday,12037,1,0,1
workingday,12039,1,0,1
workingday,12042,1,0,1
workingday,12043,1,0,1
workingday,12048,1,0,1
workingday,12049,1,0,1
workingday,12050,1,0,1
workingday,12052,1,0,1
workingday,12056,4.242517233,0,1
workingday,12063,1,0,1
workingday,12065,1,0,1
workingday,12066,1,0,1
workingday,12067,1,0,1
workingday,12068,1,0,1
workingday,12073,1,0,1
workingday,12074,1,0,1
workingday,12077,1,0,1
workingday,12078,1,0,1
workingday,12080,1,0,1
workingday,12081,1,0,1
workingday,12088,1.935525519,0,1
workingday,12103,1,0,1
workingday,12112,1,0,1
workingday,12113,1,0,1
workingday,12114,1,0,1
workingday,12115,1,0,1
workingday,12138,1,0,1
workingday,12150,0,1,0
workingday,12157,0,1,0
workingday,12160,-1.543646552,2,0
workingday,12164,0,1,0
workingday,12166,0,1,0
workingday,12173,0,1,0
workingday,12174,0,1,0
workingday,12177,0,1,0
workingday,12178,0,1,0
workingday,12179,0,1,0
workingday,12180,0,1,0
workingday,12181,0,1,0
workingday,12182,0,1,0
workingday,12183,0,1,0
workingday,12237,1,0,1
workingday,12241,1,0,1
workingday,12244,1,0,1
workingday,12247,1,0,1
workingday,12258,1,0,1
workingday,12259,1,0,1
workingday,12266,3.396236858,0,1
workingday,12268,1,0,1
workingday,12282,1,0,1
workingday,12283,1,0,1
workingday,12284,1,0,1
workingday,12285,1,0,1
workingday,12286,1,0,1
workingday,12287,1,0,1
workingday,12288,1.78638959,0,1
workingday,12289,1,0,1
workingday,12291,1,0,1
workingday,12292,1,0,1
workingday,12300,-1.029493028,2,1
workingday,12302,3.713516024,0,1
workingday,12305,1,0,1
workingday,12333,0,1,0
workingday,12345,0,1,0
workingday,12346,0,1,0
workingday,12347,0,1,0
workingday,12348,0,1,0
workingday,12349,0,1,0
workingday,12350,0,1,0
workingday,12351,0,1,0
workingday,12357,3.182320513,0,1
workingday,12358,1,0,1
workingday,12359,1,0,1
workingday,12362,2.660098876,0,1
workingday,12363,1,0,1
workingday,12364,1,0,1
workingday,12365,1,0,1
workingday,12366,1,0,1
workingday,12367,2.196073538,0,1
workingday,12368,1,0,1
workingday,12369,1,0,1
workingday,12370,1,0,1
workingday,12371,1,0,1
workingday,12372,1,0,1
workingday,12373,1,0,1
workingday,12374,1,0,1
workingday,12375,1,0,1
workingday,12376,1,0,1
workingday,12381,0.216384803,0,1
workingday,12386,1,0,1
workingday,12391,1,0,1
workingday,12393,1,0,1
workingday,12394,3.221229767,0,1
workingday,12395,1,0,1
workingday,12396,1,0,1
workingday,12397,1,0,1
workingday,12398,1,0,1
workingday,12400,1,0,1
workingday,12402,1,0,1
workingday,12413,1,0,1
workingday,12414,1,0,1
workingday,12415,1,0,1
workingday,12416,1,0,1
workingday,12417,1,0,1
workingday,12418,1,0,1
workingday,12419,1,0,1
workingday,12420,1,0,1
workingday,12421,1,0,1
workingday,12422,1,0,1
workingday,12423,1,0,1
workingday,12428,1,0,1
workingday,12434,1,0,1
workingday,12439,1,0,1
workingday,12448,1,0,1
workingday,12449,1,0,1
workingday,12450,1,0,1
workingday,12451,1,0,1
workingday,12452,1,0,1
workingday,12453,1,0,1
workingday,12454,1,0,1
workingday,12461,1,0,1
workingday,12462,1,0,1
workingday,12475,1,0,1
workingday,12480,0,1,0
workingday,12484,0,1,0
workingday,12486,0,1,0
workingday,12491,0,1,0
workingday,12493,0,1,0
workingday,12497,0,1,0
workingday,12498,0,1,0
workingday,12499,0,1,0
workingday,12501,0,1,0
workingday,12502,0,1,0
workingday,12503,0,1,0
workingday,12505,0,1,0
workingday,12508,0,1,0
workingday,12509,0,1,0
workingday,12512,0,1,0
workingday,12519,-3.883415373,1,0
workingday,12522,0,1,0
workingday,12525,1,0,1
workingday,12526,1,0,1
workingday,12527,1,0,1
workingday,12528,1,0,1
workingday,12529,1,0,1
workingday,12531,1,0,1
workingday,12532,1,0,1
workingday,12548,1,0,1
workingday,12551,1,0,1
workingday,12561,1,0,1
workingday,12563,1,0,1
workingday,12564,-3.667485989,0,1
workingday,12565,1,0,1
workingday,12570,1,0,1
workingday,12571,0.176869006,0,1
workingday,12572,1,0,1
workingday,12573,1,0,1
workingday,12580,1,0,1
workingday,12583,1,0,1
workingday,12593,1,0,1
workingday,12594,1,0,1
workingday,12595,1,0,1
workingday,12596,1,0,1
workingday,12597,1,0,1
workingday,12599,1,0,1
workingday,12600,1,0,1
workingday,12601,1,0,1
workingday,12607,1,0,1
workingday,12608,1,0,1
workingday,12614,0.691169809,0,1
workingday,12616,1,0,1
workingday,12620,1,0,1
workingday,12622,1,0,1
workingday,12623,1,0,1
workingday,12624,1,0,1
workingday,12627,1,0,1
workingday,12628,1,0,1
workingday,12630,1,0,1
workingday,12631,1,0,1
workingday,12642,1,0,1
workingday,12643,1,0,1
workingday,12648,0,1,0
workingday,12653,0,1,0
workingday,12656,0,1,0
workingday,12657,0,1,0
workingday,12658,0,1,0
workingday,12659,0,1,0
workingday,12660,0,1,0
workingday,12661,0,1,0
workingday,12662,0,1,0
workingday,12663,0,1,0
workingday,12690,0,1,0
workingday,12692,1,0,1
workingday,12699,1,0,1
workingday,12704,1,0,1
workingday,12707,1,0,1
workingday,12708,1,0,1
workingday,12709,1,0,1
workingday,12712,1,0,1
workingday,12713,1,0,1
workingday,12714,1,0,1
workingday,12727,1,0,1
workingday,12729,1,0,1
workingday,12731,3.466067261,0,1
workingday,12747,1,0,1
workingday,12787,1.873901573,0,1
workingday,12800,2.221860237,0,1
workingday,12811,1,0,1
workingday,12813,0,1,0
workingday,12819,-0.418221575,1,0
workingday,12820,0,1,0
workingday,12826,-1.102074156,2,0
workingday,12828,0,1,0
workingday,12829,0,1,0
workingday,12830,0,1,0
workingday,12834,0,1,0
workingday,12835,0,1,0
workingday,12836,-0.792312591,1,0
workingday,12838,0,1,0
workingday,12841,0,1,0
workingday,12842,0,1,0
workingday,12843,0,1,0
workingday,12844,0,1,0
workingday,12855,0,1,0
workingday,12865,1,0,1
workingday,12867,1,0,1
workingday,12868,1,0,1
workingday,12870,1,0,1
workingday,12877,0.080722759,0,1
workingday,12881,0.418094749,0,1
workingday,12882,1,0,1
workingday,12883,1,0,1
workingday,12884,1,0,1
workingday,12885,1,0,1
workingday,12886,1,0,1
workingday,12892,1,0,1
workingday,12894,2.64147813,0,1
workingday,12895,1,0,1
workingday,12906,1,0,1
workingday,12907,1,0,1
workingday,12908,1,0,1
workingday,12909,1,0,1
workingday,12910,1,0,1
workingday,12912,1,0,1
workingday,12913,1,0,1
workingday,12915,1,0,1
workingday,12917,1,0,1
workingday,12932,1,0,1
workingday,12933,1,0,1
workingday,12934,1,0,1
workingday,12935,1,0,1
workingday,12937,1,0,1
workingday,12938,1,0,1
workingday,12942,1,0,1
workingday,12992,-1.877975644,2,0
workingday,12998,-0.926357643,1,0
workingday,13007,0,1,0
workingday,13008,-1.882728432,2,0
workingday,13010,0,1,0
workingday,13027,0,1,0
workingday,13061,1,0,1
workingday,13064,1,0,1
workingday,13076,1.304424347,1,0
workingday,13077,2.069353911,1,0
workingday,13094,-0.764261152,1,0
workingday,13128,1.568346466,0,1
workingday,13137,3.681127164,0,1
workingday,13151,0,1,0
workingday,13152,0,1,0
workingday,13153,0,1,0
workingday,13154,0,1,0
workingday,13163,0,1,0
workingday,13195,0,1,0
workingday,13198,1,0,1
workingday,13199,1,0,1
workingday,13200,1,0,1
workingday,13201,1,0,1
workingday,13218,-1.937770784,2,1
workingday,13232,1,0,1
workingday,13249,0.981005273,0,1
workingday,13250,1.845568394,0,1
workingday,13254,1.557849233,0,1
workingday,13263,4.629870865,0,1
workingday,13269,1,0,1
workingday,13270,0.731670831,0,1
workingday,13273,1,0,1
workingday,13293,1,0,1
workingday,13294,1,0,1
workingday,13296,1,0,1
workingday,13302,-1.851217327,2,1
workingday,13317,0,1,0
workingday,13318,-1.141542526,1,0
workingday,13319,0,1,0
workingday,13321,0,1,0
workingday,13329,0,1,0
workingday,13335,0,1,0
workingday,13336,0,1,0
workingday,13339,0,1,0
workingday,13340,0,1,0
workingday,13341,0,1,0
workingday,13342,0,1,0
workingday,13343,0,1,0
workingday,13344,0,1,0
workingday,13345,0,1,0
workingday,13346,0,1,0
workingday,13359,0,1,0
workingday,13381,0.998362939,0,1
workingday,13426,1,0,1
workingday,13429,2.804802328,0,1
workingday,13457,1,0,1
workingday,13458,1,0,1
workingday,13459,1,0,1
workingday,13460,1,0,1
workingday,13461,1,0,1
workingday,13462,1,0,1
workingday,13463,1,0,1
workingday,13464,1,0,1
workingday,13465,1,0,1
workingday,13466,1,0,1
workingday,13467,1,0,1
workingday,13477,1.121223415,0,1
workingday,13491,-1.788404937,2,0
workingday,13514,-2.622736016,1,0
workingday,13520,0,1,0
workingday,13521,0,1,0
workingday,13531,0,1,0
workingday,13532,1,0,1
workingday,13533,1,0,1
workingday,13535,1,0,1
workingday,13536,1,0,1
workingday,13537,1,0,1
workingday,13566,0.822922863,0,1
workingday,13581,1,0,1
workingday,13583,1,0,1
workingday,13585,1,0,1
workingday,13587,1,0,1
workingday,13605,1,0,1
workingday,13606,1,0,1
workingday,13608,1,0,1
workingday,13609,1,0,1
workingday,13621,2.529457156,0,1
workingday,13657,0,1,0
workingday,13658,0,1,0
workingday,13671,0,1,0
workingday,13672,0,1,0
workingday,13673,0,1,0
workingday,13674,0,1,0
workingday,13675,0,1,0
workingday,13677,0,1,0
workingday,13680,0,1,0
workingday,13682,0,1,0
workingday,13684,0,1,0
workingday,13694,0,1,0
workingday,13697,-0.239770696,1,0
workingday,13698,0,1,0
workingday,13699,0,1,0
workingday,13707,2.602001298,0,1
workingday,13730,-0.752982577,0,1
workingday,13752,1,0,1
workingday,13753,1,0,1
workingday,13754,1,0,1
workingday,13772,1.340838934,0,1
workingday,13777,1,0,1
workingday,13806,2.965782433,0,1
workingday,13820,0,1,0
workingday,13821,0,1,0
workingday,13822,1.576154324,1,0
workingday,13834,0,1,0
workingday,13851,0,1,0
workingday,13932,3.841925474,0,1
workingday,13941,1,0,1
workingday,13945,1,0,1
workingday,13963,1,0,1
workingday,13974,1,0,1
workingday,13988,0,1,0
workingday,13992,-2.174908785,1,0
workingday,13996,0,1,0
workingday,14000,0,1,0
workingday,14011,0,1,0
workingday,14012,0,1,0
workingday,14014,0,1,0
workingday,14016,0,1,0
workingday,14018,0,1,0
workingday,14019,0,1,0
workingday,14022,0,1,0
workingday,14025,0,1,0
workingday,14031,0,1,0
workingday,14032,0,1,0
workingday,14034,0,1,0
workingday,14035,0,1,0
workingday,14037,-0.017491488,0,1
workingday,14042,1,0,1
workingday,14043,1,0,1
workingday,14045,1.634504391,0,1
workingday,14054,1.288917117,0,1
workingday,14068,1,0,1
workingday,14087,1,0,1
workingday,14088,0.963145816,0,1
workingday,14089,1,0,1
workingday,14090,1,0,1
workingday,14091,1,0,1
workingday,14108,1,0,1
workingday,14111,-0.10431781,0,1
workingday,14112,1,0,1
workingday,14162,0,1,0
workingday,14164,0,1,0
workingday,14166,0,1,0
workingday,14169,0,1,0
workingday,14174,0,1,0
workingday,14175,0,1,0
workingday,14176,0,1,0
workingday,14179,0,1,0
workingday,14181,0,1,0
workingday,14182,0,1,0
workingday,14183,0,1,0
workingday,14184,0,1,0
workingday,14186,0,1,0
workingday,14187,0,1,0
workingday,14188,0,1,0
workingday,14190,0,1,0
workingday,14192,0,1,0
workingday,14194,0,1,0
workingday,14195,0,1,0
workingday,14199,0,1,0
workingday,14200,0,1,0
workingday,14211,1,0,1
workingday,14212,1,0,1
workingday,14215,1,0,1
workingday,14216,-2.747949523,0,1
workingday,14222,1,0,1
workingday,14223,1,0,1
workingday,14228,1,0,1
workingday,14231,1,0,1
workingday,14232,1,0,1
workingday,14233,1,0,1
workingday,14234,2.523884005,0,1
workingday,14238,1,0,1
workingday,14247,1,0,1
workingday,14250,1,0,1
workingday,14253,1,0,1
workingday,14254,1,0,1
workingday,14255,1,0,1
workingday,14258,1,0,1
workingday,14259,1,0,1
workingday,14270,1,0,1
workingday,14271,1,0,1
workingday,14276,1,0,1
workingday,14282,2.927425555,0,1
workingday,14284,1,0,1
workingday,14299,1,0,1
workingday,14300,1,0,1
workingday,14302,1,0,1
workingday,14305,1,0,1
workingday,14307,1,0,1
workingday,14308,2.987727087,0,1
workingday,14312,0.117009984,0,1
workingday,14324,0,1,0
workingday,14325,0,1,0
workingday,14329,0,1,0
workingday,14333,0,1,0
workingday,14334,0,1,0
workingday,14339,0,1,0
workingday,14356,0,1,0
workingday,14357,0,1,0
workingday,14358,0,1,0
workingday,14361,0,1,0
workingday,14377,2.375405353,0,1
workingday,14399,1,0,1
workingday,14402,1,0,1
workingday,14404,1,0,1
workingday,14420,1,0,1
workingday,14422,1,0,1
workingday,14424,1,0,1
workingday,14425,1,0,1
workingday,14426,1,0,1
workingday,14428,1,0,1
workingday,14442,1,0,1
workingday,14443,1,0,1
workingday,14446,1,0,1
workingday,14447,1,0,1
workingday,14448,1,0,1
workingday,14449,1,0,1
workingday,14452,1,0,1
workingday,14458,2.298400679,0,1
workingday,14460,2.960210346,0,1
workingday,14470,1,0,1
workingday,14471,1,0,1
workingday,14494,0,1,0
workingday,14495,0,1,0
workingday,14496,0,1,0
workingday,14497,0,1,0
workingday,14498,0,1,0
workingday,14500,0,1,0
workingday,14501,0,1,0
workingday,14524,0,1,0
workingday,14526,0,1,0
workingday,14529,-0.210646557,1,0
workingday,14531,0,1,0
workingday,14534,0,1,0
workingday,14537,0,1,0
workingday,14538,0,1,0
workingday,14567,1,0,1
workingday,14568,1,0,1
workingday,14569,1,0,1
workingday,14583,0.016638101,0,1
workingday,14606,0.468724032,0,1
workingday,14619,-1.598899906,2,1
workingday,14621,1,0,1
workingday,14622,1,0,1
workingday,14633,1,0,1
workingday,14637,2.323329564,0,1
workingday,14659,1,0,1
workingday,14671,0,1,0
workingday,14678,0,1,0
workingday,14693,0,1,0
workingday,14697,0,1,0
workingday,14698,0,1,0
workingday,14699,0,1,0
workingday,14700,0,1,0
workingday,14701,0,1,0
workingday,14708,1,0,1
workingday,14716,1,0,1
workingday,14717,-1.345979334,0,1
workingday,14718,1,0,1
workingday,14719,1,0,1
workingday,14720,1,0,1
workingday,14721,1,0,1
workingday,14722,1,0,1
workingday,14723,1,0,1
workingday,14724,1,0,1
workingday,14725,1,0,1
workingday,14726,1,0,1
workingday,14727,1,0,1
workingday,14728,1,0,1
workingday,14729,1,0,1
workingday,14741,1,0,1
workingday,14742,1,0,1
workingday,14743,1,0,1
workingday,14744,1,0,1
workingday,14745,1,0,1
workingday,14746,1,0,1
workingday,14750,1,0,1
workingday,14751,1,0,1
workingday,14753,1,0,1
workingday,14754,1,0,1
workingday,14764,1,0,1
workingday,14767,1,0,1
workingday,14774,1,0,1
workingday,14775,1,0,1
workingday,14776,1,0,1
workingday,14778,2.776141645,0,1
workingday,14779,1,0,1
workingday,14780,1,0,1
workingday,14781,1,0,1
workingday,14788,1,0,1
workingday,14790,1,0,1
workingday,14791,1,0,1
workingday,14802,1,0,1
workingday,14803,1,0,1
workingday,14804,1,0,1
workingday,14806,1,0,1
workingday,14811,1,0,1
workingday,14813,1,0,1
workingday,14823,2.578646687,0,1
workingday,14824,1,0,1
workingday,14827,-1.616238319,0,1
workingday,14835,-2.232344975,1,0
workingday,14841,0,1,0
workingday,14842,0,1,0
workingday,14843,0,1,0
workingday,14856,0,1,0
workingday,14895,1,0,1
workingday,14896,1,0,1
workingday,14901,5.608090369,0,1
workingday,14902,1,0,1
workingday,14919,1.886710428,0,1
workingday,14923,1,0,1
workingday,14924,1,0,1
workingday,14928,3.196279601,0,1
workingday,14934,1,0,1
workingday,14935,1,0,1
workingday,14936,1,0,1
workingday,14937,1,0,1
workingday,14938,1,0,1
workingday,14939,1,0,1
workingday,14940,1,0,1
workingday,14941,1,0,1
workingday,14943,1,0,1
workingday,14954,1,0,1
workingday,14957,2.476303319,0,1
workingday,14959,1,0,1
workingday,14960,1,0,1
workingday,14961,1,0,1
workingday,14963,1.482799642,0,1
workingday,14964,1,0,1
workingday,14965,5.273916675,0,1
workingday,14966,1,0,1
workingday,14968,1,0,1
workingday,14969,1,0,1
workingday,14983,1,0,1
workingday,14990,1,0,1
workingday,14993,1,0,1
workingday,14994,1,0,1
workingday,14995,1,0,1
workingday,15005,0,1,0
workingday,15007,0,1,0
workingday,15015,0,1,0
workingday,15016,0,1,0
workingday,15023,0,1,0
workingday,15028,0,1,0
workingday,15055,1,0,1
workingday,15056,1,0,1
workingday,15057,1,0,1
workingday,15059,1,0,1
workingday,15062,2.714884225,0,1
workingday,15067,0.556819841,0,1
workingday,15078,1,0,1
workingday,15079,1,0,1
workingday,15080,1,0,1
workingday,15081,1,0,1
workingday,15082,1,0,1
workingday,15083,1,0,1
workingday,15084,1,0,1
workingday,15085,1,0,1
workingday,15086,1,0,1
workingday,15087,1,0,1
workingday,15088,1,0,1
workingday,15089,1,0,1
workingday,15090,1,0,1
workingday,15091,2.192946053,0,1
workingday,15096,1,0,1
workingday,15097,1.762120922,0,1
workingday,15098,2.507557471,0,1
workingday,15100,1,0,1
workingday,15102,1,0,1
workingday,15103,1,0,1
workingday,15112,1,0,1
workingday,15113,1,0,1
workingday,15120,1,0,1
workingday,15122,1,0,1
workingday,15125,1,0,1
workingday,15133,1,0,1
workingday,15134,1,0,1
workingday,15135,1,0,1
workingday,15144,1,0,1
workingday,15145,1,0,1
workingday,15146,1,0,1
workingday,15147,1,0,1
workingday,15149,2.359322101,0,1
workingday,15150,1,0,1
workingday,15151,1,0,1
workingday,15156,1,0,1
workingday,15157,1,0,1
workingday,15158,1,0,1
workingday,15159,1,0,1
workingday,15160,1,0,1
workingday,15171,0,1,0
workingday,15174,0,1,0
workingday,15190,-1.859399454,1,0
workingday,15196,0,1,0
workingday,15210,0,1,0
workingday,15211,0,1,0
workingday,15218,4.300620494,0,1
workingday,15223,1,0,1
workingday,15225,1,0,1
workingday,15226,1,0,1
workingday,15227,2.59116215,0,1
workingday,15230,1,0,1
workingday,15234,0.530106084,0,1
workingday,15236,1,0,1
workingday,15240,1,0,1
workingday,15241,1,0,1
workingday,15267,1.750792104,0,1
workingday,15281,1,0,1
workingday,15282,1,0,1
workingday,15293,1,0,1
workingday,15302,1,0,1
workingday,15303,1,0,1
workingday,15306,1,0,1
workingday,15307,1,0,1
workingday,15308,1,0,1
workingday,15318,1,0,1
workingday,15326,1,0,1
workingday,15327,1,0,1
workingday,15329,1,0,1
workingday,15342,0,1,0
workingday,15343,0,1,0
workingday,15344,0,1,0
workingday,15351,0,1,0
workingday,15352,0,1,0
workingday,15358,0,1,0
workingday,15363,0,1,0
workingday,15364,0,1,0
workingday,15366,0,1,0
workingday,15367,0,1,0
workingday,15368,0,1,0
workingday,15371,0,1,0
workingday,15404,1,0,1
workingday,15409,1,0,1
workingday,15410,1,0,1
workingday,15411,1,0,1
workingday,15438,1,0,1
workingday,15441,1,0,1
workingday,15442,1,0,1
workingday,15443,1,0,1
workingday,15444,1,0,1
workingday,15446,1,0,1
workingday,15447,1,0,1
workingday,15460,1,0,1
workingday,15489,1,0,1
workingday,15490,0.856845339,0,1
workingday,15511,0,1,0
workingday,15514,0,1,0
workingday,15523,0,1,0
workingday,15525,0,1,0
workingday,15527,0,1,0
workingday,15528,0,1,0
workingday,15531,0,1,0
workingday,15533,0,1,0
workingday,15546,-0.574942742,1,0
workingday,15548,1,0,1
workingday,15551,1,0,1
workingday,15552,1,0,1
workingday,15553,1,0,1
workingday,15554,1,0,1
workingday,15557,1,0,1
workingday,15558,1,0,1
workingday,15559,1,0,1
workingday,15561,1,0,1
workingday,15564,1,0,1
workingday,15567,3.302664675,0,1
workingday,15586,0.490062923,0,1
workingday,15590,-1.688330117,2,1
workingday,15596,1,0,1
workingday,15597,1,0,1
workingday,15598,1,0,1
workingday,15600,3.025173108,0,1
workingday,15602,1,0,1
workingday,15610,1,0,1
workingday,15621,0.406574843,0,1
workingday,15631,1,0,1
workingday,15632,1,0,1
workingday,15633,1,0,1
workingday,15634,1,0,1
workingday,15636,1,0,1
workingday,15638,1,0,1
workingday,15640,1,0,1
workingday,15644,1,0,1
workingday,15647,1,0,1
workingday,15648,2.212549087,0,1
workingday,15657,1,0,1
workingday,15658,1,0,1
workingday,15662,1,0,1
workingday,15671,0,1,0
workingday,15674,0,1,0
workingday,15691,0,1,0
workingday,15693,0,1,0
workingday,15700,0,1,0
workingday,15709,-0.491131154,1,0
workingday,15712,0,1,0
workingday,15713,2.509498883,1,0
workingday,15714,0,1,0
workingday,15718,1,0,1
workingday,15720,1,0,1
workingday,15721,1,0,1
workingday,15723,1,0,1
workingday,15727,1,0,1
workingday,15729,1,0,1
workingday,15731,1,0,1
workingday,15732,1,0,1
workingday,15733,1,0,1
workingday,15738,1.989031359,0,1
workingday,15751,1,0,1
workingday,15752,1,0,1
workingday,15753,1,0,1
workingday,15758,1,0,1
workingday,15759,1,0,1
workingday,15761,1,0,1
workingday,15762,1,0,1
workingday,15781,1,0,1
workingday,15782,1,0,1
workingday,15783,1,0,1
workingday,15789,1,0,1
workingday,15790,0.665207492,0,1
workingday,15799,3.352039715,0,1
workingday,15800,1,0,1
workingday,15801,1,0,1
workingday,15802,1,0,1
workingday,15804,1,0,1
workingday,15805,1,0,1
workingday,15806,1,0,1
workingday,15823,1,0,1
workingday,15829,1,0,1
workingday,15830,1,0,1
workingday,15831,2.226030868,0,1
workingday,15837,-4.678050427,1,0
workingday,15843,0,1,0
workingday,15859,0,1,0
workingday,15870,0,1,0
workingday,15872,0,1,0
workingday,15873,0,1,0
workingday,15876,0,1,0
workingday,15878,0,1,0
workingday,15879,0,1,0
workingday,15880,1.650421827,1,0
workingday,15883,0,1,0
workingday,15885,1,0,1
workingday,15886,1,0,1
workingday,15931,1,0,1
workingday,15932,1,0,1
workingday,15940,1,0,1
workingday,15941,1,0,1
workingday,15954,1,0,1
workingday,15960,1,0,1
workingday,15961,1,0,1
workingday,15962,-0.917981334,0,1
workingday,15963,1,0,1
workingday,15981,-1.645829632,2,0
workingday,16030,1,0,1
workingday,16031,1,0,1
workingday,16038,1,0,1
workingday,16039,1,0,1
workingday,16055,1,0,1
workingday,16065,1,0,1
workingday,16083,1.261575064,0,1
workingday,16087,1,0,1
workingday,16088,1,0,1
workingday,16089,1,0,1
workingday,16101,1.761582413,0,1
workingday,16106,1,0,1
workingday,16107,1,0,1
workingday,16113,0.179476644,0,1
workingday,16117,1,0,1
workingday,16118,1,0,1
workingday,16141,0,1,0
workingday,16147,0,1,0
workingday,16178,-2.387844022,1,0
workingday,16181,0,1,0
workingday,16182,0,1,0
workingday,16210,2.326041653,0,1
workingday,16217,1,0,1
workingday,16221,1,0,1
workingday,16223,1,0,1
workingday,16227,1.459246848,0,1
workingday,16228,1,0,1
workingday,16240,2.81185327,0,1
workingday,16256,3.156740247,0,1
workingday,16268,1,0,1
workingday,16269,1,0,1
workingday,16270,1,0,1
workingday,16290,1,0,1
workingday,16301,1.637797351,0,1
workingday,16304,0,1,0
workingday,16305,0,1,0
workingday,16306,0,1,0
workingday,16307,0,1,0
workingday,16308,0.243197406,1,0
workingday,16310,0,1,0
workingday,16311,0,1,0
workingday,16316,0,1,0
workingday,16317,0,1,0
workingday,16318,0,1,0
workingday,16342,0,1,0
workingday,16353,0.497182491,0,1
workingday,16362,1,0,1
workingday,16371,1,0,1
workingday,16372,1,0,1
workingday,16389,1.314619759,0,1
workingday,16395,1,0,1
workingday,16413,-1.493239645,2,1
workingday,16418,1,0,1
workingday,16426,4.692865258,1,0
workingday,16474,0,1,0
workingday,16475,0,1,0
workingday,16476,0,1,0
workingday,16478,0,1,0
workingday,16479,-1.328884973,2,0
workingday,16481,0,1,0
workingday,16482,0,1,0
workingday,16483,0,1,0
workingday,16487,0,1,0
workingday,16488,0,1,0
workingday,16489,1.078558396,1,0
workingday,16490,0,1,0
workingday,16492,0,1,0
workingday,16493,0,1,0
workingday,16494,0,1,0
workingday,16496,0,1,0
workingday,16497,0,1,0
workingday,16498,0,1,0
workingday,16500,0,1,0
workingday,16502,0,1,0
workingday,16503,0,1,0
workingday,16504,0,1,0
workingday,16505,0,1,0
workingday,16506,0,1,0
workingday,16507,0,1,0
workingday,16508,0,1,0
workingday,16513,0,1,0
workingday,16518,0,1,0
workingday,16519,1.09516821,0,1
workingday,16523,1,0,1
workingday,16525,1,0,1
workingday,16541,2.759211543,0,1
workingday,16549,2.101185159,0,1
workingday,16554,0.971720707,0,1
workingday,16556,1,0,1
workingday,16558,1,0,1
workingday,16559,1,0,1
workingday,16560,1,0,1
workingday,16564,1.382109408,0,1
workingday,16576,1,0,1
workingday,16579,2.368947914,0,1
workingday,16589,1,0,1
workingday,16590,1,0,1
workingday,16593,1,0,1
workingday,16596,1,0,1
workingday,16603,1,0,1
workingday,16611,1,0,1
workingday,16612,-1.412825417,2,1
workingday,16618,1,0,1
workingday,16621,1,0,1
workingday,16626,1,0,1
workingday,16643,0,1,0
workingday,16644,0,1,0
workingday,16645,0,1,0
workingday,16646,0,1,0
workingday,16647,0,1,0
workingday,16667,0,1,0
workingday,16668,0,1,0
workingday,16669,0,1,0
workingday,16682,0,1,0
workingday,16685,0,1,0
workingday,16689,1,0,1
workingday,16696,2.341579862,0,1
workingday,16700,1,0,1
workingday,16701,1,0,1
workingday,16702,1,0,1
workingday,16704,1.708651421,0,1
workingday,16723,4.099536329,0,1
workingday,16725,1,0,1
workingday,16736,1.385488827,0,1
workingday,16751,1.680910047,0,1
workingday,16753,1,0,1
workingday,16757,1,0,1
workingday,16766,1,0,1
workingday,16776,1,0,1
workingday,16783,1,0,1
workingday,16784,1,0,1
workingday,16786,1,0,1
workingday,16787,1.850884486,0,1
workingday,16788,0.077435876,0,1
workingday,16789,1,0,1
workingday,16791,3.041885148,0,1
workingday,16797,2.680764306,0,1
workingday,16799,1,0,1
workingday,16800,-0.968647486,0,1
workingday,16801,1,0,1
workingday,16802,0.308051489,0,1
workingday,16821,0,1,0
workingday,16822,-4.27177573,1,0
workingday,16835,0,1,0
workingday,16856,1,0,1
workingday,16857,1,0,1
workingday,16858,1,0,1
workingday,16859,1,0,1
workingday,16860,1,0,1
workingday,16861,1,0,1
workingday,16864,1,0,1
workingday,16865,1,0,1
workingday,16875,-0.536023439,0,1
workingday,16887,1.686225015,0,1
workingday,16890,-1.060667106,2,1
workingday,16891,1,0,1
workingday,16892,1,0,1
workingday,16893,1,0,1
workingday,16894,1,0,1
workingday,16903,1,0,1
workingday,16904,1,0,1
workingday,16905,1,0,1
workingday,16925,1,0,1
workingday,16926,1,0,1
workingday,16935,1,0,1
workingday,16952,1,0,1
workingday,16966,1,0,1
workingday,16978,0,1,0
workingday,16979,0,1,0
workingday,16981,0,1,0
workingday,16989,0,1,0
workingday,17005,0,1,0
workingday,17022,1,0,1
workingday,17023,1,0,1
workingday,17024,0.515971951,0,1
workingday,17027,1,0,1
workingday,17030,1,0,1
workingday,17031,3.115645111,0,1
workingday,17032,1,0,1
workingday,17033,1,0,1
workingday,17051,1,0,1
workingday,17054,1,0,1
workingday,17056,1,0,1
workingday,17062,5.180552923,0,1
workingday,17064,1,0,1
workingday,17065,1,0,1
workingday,17070,2.058174617,0,1
workingday,17073,1,0,1
workingday,17077,1,0,1
workingday,17088,1,0,1
workingday,17089,1,0,1
workingday,17127,1,0,1
workingday,17133,1,0,1
workingday,17134,1,0,1
workingday,17138,1,0,1
workingday,17146,0,1,0
workingday,17147,0,1,0
workingday,17151,0,1,0
workingday,17152,0,1,0
workingday,17153,0,1,0
workingday,17154,0,1,0
workingday,17159,0,1,0
workingday,17162,0,1,0
workingday,17165,0,1,0
workingday,17166,0,1,0
workingday,17167,0,1,0
workingday,17171,0,1,0
workingday,17172,0,1,0
workingday,17173,0,1,0
workingday,17174,0.438487682,1,0
workingday,17175,0,1,0
workingday,17176,0,1,0
workingday,17177,0,1,0
workingday,17178,-3.077643869,1,0
workingday,17184,-0.818534974,1,0
workingday,17190,1,0,1
workingday,17191,1,0,1
workingday,17197,1,0,1
workingday,17236,1,0,1
workingday,17256,1.020010972,0,1
workingday,17257,1,0,1
workingday,17272,1.507000301,0,1
workingday,17273,1,0,1
workingday,17295,1,0,1
workingday,17307,1,0,1
workingday,17308,0,1,0
workingday,17309,0,1,0
workingday,17310,0,1,0
workingday,17311,0,1,0
workingday,17312,0,1,0
workingday,17313,0,1,0
workingday,17314,0,1,0
workingday,17315,0,1,0
workingday,17316,0,1,0
workingday,17317,0,1,0
workingday,17318,0,1,0
workingday,17319,0,1,0
workingday,17320,0,1,0
workingday,17321,0,1,0
workingday,17322,0,1,0
workingday,17323,0,1,0
workingday,17324,0,1,0
workingday,17325,0,1,0
workingday,17326,0,1,0
workingday,17327,0,1,0
workingday,17328,0,1,0
workingday,17329,0,1,0
workingday,17330,0,1,0
workingday,17331,0,1,0
workingday,17332,0,1,0
workingday,17333,0,1,0
workingday,17334,0,1,0
workingday,17335,0,1,0
workingday,17336,0,1,0
workingday,17337,0,1,0
workingday,17338,0,1,0
workingday,17340,0,1,0
workingday,17344,-0.790530361,1,0
workingday,17345,0,1,0
workingday,17347,0,1,0
workingday,17348,0,1,0
workingday,17349,0,1,0
workingday,17350,0,1,0
workingday,17352,0,1,0
workingday,17355,0,1,0
workingday,17370,-1.902800528,0,1
workingday,17374,1,0,1
workingday,17378,1,0,1
casual,44,457.5643166,4,5
casual,67,39.07972388,7,3
casual,83,-14.35267432,12,9
casual,109,151.1631273,1,4
casual,124,51.05453479,5,6
casual,130,198.6030509,1,8
casual,144,96.9136127,96.913612,8
casual,145,87.6915978,87.691597,8
casual,165,14.53481898,8,0
casual,214,-9.616118246,4,1
casual,239,30.78341412,4,2
casual,285,405.1193617,4,0
casual,312,-133.2674784,3.2,6
casual,340,-257.5391315,7.5,21
casual,348,184.0282898,1,5
casual,349,170.9293503,1,6
casual,352,-120.1152787,0.1,9
casual,357,185.2484252,1,0
casual,370,-8.859426112,1,6
casual,424,64.81566066,6,10
casual,442,-99.16464385,94,1
casual,519,-178.9229899,8.9,5
casual,557,-216.8947391,6.8,10
casual,560,34.66067055,6,21
casual,571,-199.1734023,9.1,3
casual,579,95.09868756,6,3
casual,597,205.0387191,2,1
casual,604,116.7916268,1,6
casual,612,113.0385177,1,2
casual,623,61.61695532,9,1
casual,641,115.9796906,1,3
casual,646,-81.47091993,80,0
casual,689,367.0179157,3,2
casual,695,22.0893622,22.089362,0
casual,699,-297.6659342,7.6,2
casual,709,235.3300591,2,0
casual,719,412.1498272,4,1
casual,730,336.1802245,3,7
casual,739,-30.8156053,6,0
casual,744,-107.7094429,7.7,6
casual,759,46.82941357,4,3
casual,768,-184.8166809,4.8,5
casual,779,-168.6481613,8.6,2
casual,781,49.07209622,0,1
casual,784,-29.19282716,22,5
casual,788,352.2661379,3,0
casual,789,100.1461959,1,0
casual,807,-120.5809377,0.5,4
casual,818,-24.78539034,25,48
casual,825,77.27068277,6,1
casual,851,-366.5493351,6.5,3
casual,861,-375.3144588,5.3,3
casual,901,-147.4970031,7.4,0
casual,931,195.5352425,1,8
casual,977,-376.0837215,6,1
casual,981,149.3902866,1,58
casual,1026,136.9321776,1,5
casual,1083,164.3415193,1,8
casual,1085,279.6420683,2,8
casual,1127,291.4958844,2,39
casual,1138,39.49202627,0,9
casual,1155,96.86852911,5,17
casual,1157,-84.89073493,80,9
casual,1166,0.999117322,9,7
casual,1214,53.34946927,4,18
casual,1225,74.34435507,3,0
casual,1232,119.4963746,1,8
casual,1246,69.05502232,0,1
casual,1258,326.5246052,3,6
casual,1274,-389.8231325,9.8,1
casual,1275,459.5303401,4,1
casual,1339,111.3924848,1,0
casual,1416,-7.963384091,9,1
casual,1423,70.86812943,1,13
casual,1437,296.9344652,2,0
casual,1445,81.79220217,2,43
casual,1462,418.2286013,4,0
casual,1471,-132.3625048,2.3,12
casual,1485,169.9223571,1,0
casual,1512,75.89304246,0,10
casual,1553,-26.04379642,23,0
casual,1560,-339.3565455,9.3,0
casual,1569,-100.9939723,0.9,5
casual,1604,-218.4549152,8.4,4
casual,1610,21.02121114,2,62
casual,1620,-49.71479652,44,11
casual,1629,232.2590154,2,8
casual,1697,-237.6503864,7.6,26
casual,1718,-93.53752211,97,0
casual,1763,-61.92157332,61,1
casual,1788,-135.5379039,5.5,2
casual,1808,109.5584084,1,2
casual,1829,319.3598811,3,18
casual,1831,253.7680356,2,4
casual,1834,505.2830615,5,3
casual,1836,-246.6250198,6.6,1
casual,1903,-39.34497817,34,0
casual,1935,213.3009651,2,32
casual,2002,-120.0923671,0,4
casual,2036,195.4155995,1,0
casual,2048,90.60145245,4,0
casual,2049,-317.8895308,7.8,0
casual,2059,169.8640725,1,4
casual,2089,134.4323357,1,9
casual,2104,257.2714617,2,84
casual,2124,209.0989619,2,18
casual,2171,119.5413448,1,10
casual,2191,-5.637862794,9,0
casual,2246,399.3576857,3,10
casual,2247,433.5459613,4,19
casual,2249,-202.4173092,2.4,7
casual,2270,13.00087968,8,43
casual,2292,40.93549881,4,17
casual,2300,267.6137314,2,135
casual,2339,-67.99800028,68,15
casual,2374,-46.26354148,43,15
casual,2396,311.5413543,3,50
casual,2398,206.2073451,2,37
casual,2441,39.39877056,7,14
casual,2451,-1.498313521,2,4
casual,2458,-195.0229756,5,2
casual,2460,-162.0680681,2,31
casual,2493,472.6899172,4,41
casual,2502,-184.2439244,4.2,0
casual,2508,15.67430373,3,23
casual,2540,354.5400014,3,34
casual,2548,557.5874112,5,6
casual,2549,-66.02990582,69,3
casual,2554,519.5832554,5,15
casual,2581,-37.24822886,38,32
casual,2586,58.88362209,6,13
casual,2592,65.85271362,7,5
casual,2602,116.4698675,1,2
casual,2617,-217.1030017,7.1,55
casual,2622,172.3540047,1,4
casual,2671,31.83894611,9,2
casual,2700,160.9302899,1,20
casual,2714,361.4664507,3,25
casual,2727,-366.9391633,6.9,23
casual,2769,145.7500236,1,10
casual,2802,-145.7028803,5.7,113
casual,2844,-210.0968531,0,29
casual,2855,-42.48825401,48,28
casual,2858,-37.51134172,31,12
casual,2870,236.0477627,2,3
casual,2871,205.605561,5,19
casual,2903,221.1310229,2,33
casual,2919,74.24539444,3,48
casual,2931,156.9825431,1,10
casual,2952,414.5935572,4,58
casual,2953,-204.2241052,4.2,26
casual,2956,-35.80431549,34,8
casual,2975,162.7795527,1,42
casual,2994,389.1420197,3,51
casual,2998,14.43228946,2,45
casual,3006,73.84366919,6,1
casual,3013,93.87261045,6,27
casual,3049,180.6999542,1,12
casual,3090,-66.28511357,65,56
casual,3091,383.0833874,3,44
casual,3093,332.1177722,3,39
casual,3133,45.54901718,0,73
casual,3138,266.1606115,2,206
casual,3147,290.0653405,2,17
casual,3165,196.2065322,1,55
casual,3236,-81.82412777,84,60
casual,3264,-118.0018819,8,40
casual,3274,15.50092383,9,10
casual,3300,4.129465982,1,59
casual,3306,-89.03563631,85,110
casual,3349,-77.4996565,6,18
casual,3356,129.693749,29,56
casual,3368,-190.1686421,0.1,2
casual,3425,-79.76491879,74,51
casual,3428,-31.1137102,7,77
casual,3465,-262.5054317,2.5,5
casual,3537,77.66968074,6,7
casual,3547,-210.1977957,0.1,39
casual,3572,169.632751,69,88
casual,3599,156.1449153,1,57
casual,3608,12.54856748,5,3
casual,3611,93.65870898,7,29
casual,3632,-174.8438955,4.8,1
casual,3641,316.9811315,3,161
casual,3655,-311.4134975,1.4,4
casual,3735,284.2286168,2,40
casual,3772,365.0653757,3,10
casual,3809,-65.32660476,66,96
casual,3861,-220.6497883,0.6,65
casual,3881,211.1965395,2,50
casual,3885,422.1547505,4,80
casual,3886,-86.75543852,85,54
casual,3894,460.6820121,4,0
casual,3906,218.9423912,2,32
casual,3921,24.89857432,5,8
casual,3940,411.4637643,4,15
casual,3953,348.3129479,3,138
casual,3966,392.780357,92,14
casual,3970,92.77718103,1,35
casual,3979,169.3047589,1,121
casual,3993,-175.5147684,5.5,1
casual,4081,-156.0358777,6,23
casual,4087,-51.53667148,56,1
casual,4104,289.0387161,2,50
casual,4159,97.73605274,0,1
casual,4210,236.1185589,2,18
casual,4221,214.8139136,2,78
casual,4225,-87.36558809,85,32
casual,4281,-120.1953522,0.1,11
casual,4340,201.2310043,2,240
casual,4343,78.55465841,6,195
casual,4460,220.8840304,2,160
casual,4462,38.62867603,6,128
casual,4529,-263.9710076,3.9,33
casual,4557,13.45481992,8,51
casual,4564,-104.9879082,4.9,4
casual,4583,82.96151165,5,81
casual,4598,185.2154646,1,73
casual,4618,45.63292986,9,14
casual,4627,399.5463402,3,183
casual,4632,119.3783398,1,85
casual,4633,133.7035386,1,65
casual,4636,276.9900498,2,16
casual,4661,101.5088088,1,2
casual,4674,138.9223562,1,53
casual,4686,109.7891786,1,2
casual,4688,-265.0636762,5,0
casual,4727,-60.97895684,68,45
casual,4776,290.3156472,2,38
casual,4786,-124.8389045,4.8,7
casual,4793,-113.1002302,3.1,84
casual,4807,35.93048656,4,1
casual,4811,-318.3659539,8.3,22
casual,4816,157.0095788,1,90
casual,4876,-264.0252728,4,1
casual,4886,109.6452911,1,42
casual,4903,-33.69640223,36,0
casual,4905,229.9619815,2,6
casual,4916,171.3335373,1,45
casual,4932,-83.6565803,5,28
casual,4953,-14.61925508,19,6
casual,4976,32.86990221,9,4
casual,4977,275.8972574,2,5
casual,4988,-48.91074164,40,114
casual,5013,359.4260681,3,68
casual,5022,-198.7506839,8.7,0
casual,5058,-112.3792928,2.3,31
casual,5075,-124.6540896,4.6,29
casual,5125,92.55414663,1,91
casual,5128,-128.6970487,8.6,176
casual,5134,229.7261722,2,57
casual,5166,-134.8097087,4.8,1
casual,5182,103.5702404,1,64
casual,5236,323.0897654,3,9
casual,5237,89.07775943,7,3
casual,5239,-67.25863626,68,1
casual,5241,173.3307798,1,5
casual,5244,-58.70044038,50,31
casual,5303,44.33268822,6,78
casual,5304,-89.7632427,2,40
casual,5316,112.9183494,1,27
casual,5318,-12.21271583,12,81
casual,5339,275.7159623,2,29
casual,5340,376.9903694,3,52
casual,5343,-51.1623245,3,62
casual,5348,109.3933489,1,59
casual,5360,-100.7848197,0.7,1
casual,5385,-121.9864135,1.9,4
casual,5390,-131.2980501,1.2,20
casual,5401,300.332573,0,29
casual,5411,101.1156141,1,27
casual,5415,-65.63039816,60,34
casual,5424,277.9652804,2,12
casual,5443,34.14294504,9,66
casual,5461,240.9350569,2,114
casual,5462,-68.63274745,62,115
casual,5582,492.9297703,4,39
casual,5595,-528.6715114,8.6,9
casual,5612,-157.2580525,7.2,56
casual,5644,291.1557908,2,157
casual,5658,-99.57214908,92,0
casual,5685,69.53673789,7,19
casual,5690,-30.69442135,34,65
casual,5710,-444.8229224,4.8,27
casual,5720,-307.6302496,7.6,70
casual,5752,-168.5781219,8.5,9
casual,5775,243.7750422,2,17
casual,5865,-276.9640657,6.9,13
casual,5898,-298.4863682,8.4,1
casual,5904,85.34183725,8,17
casual,5913,-35.11844119,38,6
casual,5943,-88.34653454,86,8
casual,5959,361.4665303,3,101
casual,6006,435.8407985,4,63
casual,6051,-82.90653572,86,36
casual,6062,-40.62842182,48,3
casual,6066,252.0438147,2,17
casual,6074,155.4157556,1,25
casual,6083,-31.70844377,38,5
casual,6130,148.1127702,1,36
casual,6134,-262.1683264,2.1,11
casual,6168,59.04463933,6,53
casual,6184,-44.5647086,7,1
casual,6215,-573.1470792,3.1,42
casual,6219,-79.55493759,74,51
casual,6221,-7.008106908,0,24
casual,6229,-360.6528491,0.6,2
casual,6245,-108.0427298,8,50
casual,6262,209.0045394,2,1
casual,6300,6.063439269,0,31
casual,6303,-29.45565159,25,3
casual,6349,-191.6563267,1.6,7
casual,6359,346.907488,46,33
casual,6403,380.0020105,3,29
casual,6416,476.9786342,4,30
casual,6441,214.9896732,2,30
casual,6517,420.0312849,4,1
casual,6526,144.5126261,1,22
casual,6534,119.998899,19,35
casual,6541,-68.46002296,60,1
casual,6544,-212.3420098,2.3,3
casual,6548,-185.8979141,5.8,32
casual,6567,205.8721351,2,0
casual,6599,188.734752,88,61
casual,6630,-295.2359966,5.2,76
casual,6654,-185.9494841,5.9,116
casual,6656,219.723384,19,53
casual,6670,336.7607132,3,139
casual,6690,-7.498386563,6,19
casual,6691,320.5844956,3,31
casual,6698,-15.23077226,10,36
casual,6703,130.2477699,1,31
casual,6707,-17.48759227,17,2
casual,6749,-54.48689696,56,20
casual,6791,643.1891095,6,195
casual,6803,-58.50950213,59,22
casual,6805,-78.41149869,71,13
casual,6821,-41.89014445,40,102
casual,6884,-35.32494117,34,14
casual,6898,19.56432319,3,4
casual,6904,107.3712599,1,5
casual,6910,-120.6807634,0.6,28
casual,7034,80.39207246,0,52
casual,7041,-373.0628965,3,15
casual,7044,-291.8264523,1.8,2
casual,7062,-31.84921695,39,27
casual,7093,46.75602285,0,4
casual,7106,26.64560213,6,46
casual,7187,36.77010554,1,3
casual,7201,0.813063617,8,38
casual,7233,-19.24596505,15,3
casual,7235,-126.8439585,6.8,3
casual,7237,-101.1338267,1.1,1
casual,7242,85.44365556,6,8
casual,7243,-344.9251866,4.9,9
casual,7249,-130.9926414,0.9,24
casual,7328,-167.4676091,7.4,5
casual,7331,54.95314781,1,2
casual,7351,5.458783027,4,10
casual,7356,63.67477954,7,0
casual,7385,29.84941615,4,0
casual,7391,255.4535215,2,31
casual,7405,42.84941772,4,0
casual,7414,285.3768649,2,18
casual,7416,-38.51488503,34,6
casual,7432,-347.5053181,7.5,0
casual,7449,-83.50253311,82,6
casual,7480,144.0357251,1,5
casual,7501,-50.9165121,5,4
casual,7510,-2.635626642,4,36
casual,7514,119.9127247,1,51
casual,7560,-138.7980254,8.7,12
casual,7588,-123.2672126,3.2,9
casual,7599,81.62284883,8,0
casual,7605,-195.6798721,5.6,18
casual,7665,-161.3080454,1.3,3
casual,7667,31.6020461,31.602046,4
casual,7670,27.08133601,3,0
casual,7708,-132.9816488,2.9,0
casual,7709,-46.99426546,44,5
casual,7756,287.3755453,2,13
casual,7764,88.15215978,1,4
casual,7769,-243.8009405,3.8,4
casual,7772,13.90503928,0,60
casual,7790,341.7288684,3,0
casual,7820,54.60066323,6,58
casual,7829,-22.12192001,21,30
casual,7845,-223.5452432,3.5,13
casual,7909,109.157161,9,0
casual,7921,30.66300933,0,9
casual,7947,172.2180652,1,10
casual,7957,152.554894,52,1
casual,8021,238.4512562,2,15
casual,8028,-62.25596759,65,0
casual,8036,14.81261958,6,4
casual,8040,-12.11910459,19,2
casual,8072,123.2772661,1,0
casual,8078,352.2389527,3,0
casual,8091,144.1728835,1,12
casual,8132,-3.093716749,4,44
casual,8173,-32.37258445,32,0
casual,8184,217.055694,17,8
casual,8186,437.9958452,4,7
casual,8194,207.8717253,2,0
casual,8197,253.262696,53,0
casual,8258,82.76295067,9,14
casual,8276,216.6590105,2,9
casual,8321,-52.43656565,56,1
casual,8333,-102.2728491,2.2,10
casual,8400,310.9240922,3,4
casual,8407,179.8098187,1,3
casual,8442,194.4631717,1,4
casual,8468,-21.19678911,26,9
casual,8508,157.930537,57,0
casual,8516,-192.5162177,2.5,57
casual,8532,-257.8676888,7.8,0
casual,8545,29.02326262,2,9
casual,8566,186.8460338,1,23
casual,8570,-178.738892,0,9
casual,8571,-204.3452707,4.3,7
casual,8583,-268.8942142,8.8,15
casual,8602,-241.4461429,1.4,0
casual,8609,201.7608748,2,45
casual,8664,-86.48215147,82,25
casual,8689,231.7291432,2,5
casual,8708,-304.3891638,4.3,9
casual,8746,47.42160208,6,0
casual,8756,-220.9282337,0.9,6
casual,8761,-139.6266482,9.6,5
casual,8804,5.848838949,8,132
casual,8839,86.11784983,8,2
casual,8843,-112.9686903,2.9,3
casual,8895,-417.0580081,7,9
casual,8919,318.1938552,3,18
casual,8978,74.55838733,3,4
casual,8982,148.5389723,1,5
casual,8996,263.4254643,2,31
casual,9122,204.1704234,2,3
casual,9124,78.60927434,2,1
casual,9133,-262.9119693,2.9,0
casual,9146,22.21293797,9,1
casual,9149,-44.89782847,47,1
casual,9164,102.6281699,1,8
casual,9189,-463.2931809,3.2,7
casual,9210,392.8288875,3,52
casual,9239,-205.0549486,5,10
casual,9244,55.15571906,7,5
casual,9249,31.27020613,2,0
casual,9254,-127.8765496,7.8,11
casual,9268,-163.3884526,3.3,6
casual,9274,-361.2932384,1.2,6
casual,9284,176.2687011,1,16
casual,9293,69.89512237,1,3
casual,9360,-2.289975252,5,3
casual,9362,270.5509736,2,0
casual,9401,-270.0091964,0,33
casual,9430,427.1007968,4,16
casual,9497,-357.8051511,7.8,40
casual,9528,1.637441308,6,4
casual,9529,17.60564473,6,3
casual,9538,75.55455504,5,7
casual,9565,-27.99817703,28,5
casual,9589,-479.4800698,9.4,4
casual,9595,268.7682876,2,12
casual,9606,103.7318551,1,0
casual,9612,126.1448231,1,5
casual,9696,-6.328707969,6,3
casual,9701,90.10997072,9,0
casual,9705,-1.946366114,1,4
casual,9722,-23.83907773,29,0
casual,9727,-152.1941006,2.1,0
casual,9793,-40.15247598,42,10
casual,9806,249.2157961,2,128
casual,9807,278.7483301,2,165
casual,9822,-93.72834764,98,0
casual,9824,145.2932704,1,0
casual,9837,13.53283279,8,18
casual,9849,225.003711,25,9
casual,9910,172.0919804,1,18
casual,9961,129.4508044,1,4
casual,9969,-170.0449441,0,15
casual,9972,254.5282292,2,41
casual,9987,-226.2789908,6.2,0
casual,9994,-49.13520263,45,27
casual,10033,-31.99778491,37,0
casual,10039,-6.844532426,2,12
casual,10063,-157.6210614,7.6,2
casual,10070,-148.1243915,8.1,3
casual,10095,170.1630721,1,38
casual,10096,89.85396428,9,49
casual,10122,-62.93784005,67,12
casual,10133,45.65971742,7,1
casual,10137,152.2513506,1,31
casual,10181,363.2272153,3,2
casual,10185,137.3944278,1,12
casual,10189,337.1297316,3,13
casual,10264,-33.17421206,34,52
casual,10291,13.12746786,4,3
casual,10307,225.2495942,2,88
casual,10309,178.902705,78,117
casual,10332,-49.1547802,7,212
casual,10334,498.975517,98,208
casual,10337,-231.3109283,1.3,55
casual,10353,-104.0852755,4,39
casual,10364,-283.3762344,3.3,17
casual,10375,-112.2003705,2.2,18
casual,10389,-133.0423753,3,8
casual,10393,129.238319,29,1
casual,10397,-118.0474135,8,20
casual,10401,-186.0817096,6,65
casual,10483,99.55910367,1,54
casual,10493,267.4810545,2,17
casual,10531,-170.4112828,0.4,33
casual,10539,-172.3677858,2.3,0
casual,10558,-196.6574322,6.6,4
casual,10588,24.67391941,9,10
casual,10596,232.0927041,2,96
casual,10650,-31.17796052,37,31
casual,10671,139.268076,39,146
casual,10675,127.2583664,1,25
casual,10676,-102.1108904,2.1,19
casual,10706,31.58887733,8,0
casual,10730,-304.0067617,4,1
casual,10734,130.0057971,1,19
casual,10752,-87.81841864,88,0
casual,10779,-70.52529706,75,0
casual,10834,100.8540081,1,187
casual,10836,337.8839948,3,283
casual,10844,90.09038077,3,7
casual,10870,-62.50401275,64,0
casual,10895,108.1881111,1,0
casual,10986,261.1852393,2,75
casual,11007,453.2992902,4,151
casual,11010,23.17884707,8,53
casual,11112,63.84003711,0,1
casual,11116,283.6730267,2,24
casual,11120,297.8792955,2,104
casual,11133,-116.6022596,6.6,10
casual,11150,461.1980445,4,197
casual,11151,12.06619844,1,163
casual,11185,-226.7088214,6.7,4
casual,11198,-16.59263706,12,87
casual,11209,-296.0402738,6,1
casual,11211,339.2387807,3,18
casual,11231,-91.19832147,98,0
casual,11247,-37.87776693,37,26
casual,11303,314.174173,14,4
casual,11365,210.4919538,2,13
casual,11389,27.95630132,3,72
casual,11398,-202.2371476,2.2,1
casual,11403,183.2302009,1,13
casual,11420,-121.5570419,1.5,1
casual,11426,0.121973648,1,5
casual,11453,-3.485278722,2,42
casual,11457,-175.7156331,5.7,94
casual,11467,-76.76715085,77,11
casual,11472,125.772753,25,0
casual,11500,170.143151,70,26
casual,11517,-162.9328419,2.9,9
casual,11519,-120.2560063,0.2,0
casual,11597,-120.1183429,0.1,25
casual,11608,168.9361509,1,52
casual,11613,-84.44730122,87,15
casual,11617,295.0932088,2,0
casual,11626,87.84146879,4,83
casual,11632,-61.79854632,68,58
casual,11684,103.8037626,1,13
casual,11697,225.9525175,2,75
casual,11702,481.7994118,4,78
casual,11732,-99.09769089,97,8
casual,11772,14.81016389,1,87
casual,11785,-136.3686697,6.3,3
casual,11794,342.5057316,3,116
casual,11828,197.6539911,1,19
casual,11841,522.6051169,5,255
casual,11854,-9.689658273,7,1
casual,11856,32.99094186,9,3
casual,11864,-134.8027191,4.8,53
casual,11865,401.3370572,4,33
casual,11890,201.7073683,2,39
casual,11891,128.416975,28,51
casual,11907,76.45577792,7,14
casual,11929,20.94062122,6,1
casual,11952,191.2019868,1,0
casual,11972,203.1417444,2,30
casual,11978,-36.39953957,39,12
casual,11982,581.6164142,5,177
casual,11994,99.33280837,8,104
casual,12001,-226.4498536,6.4,1
casual,12019,361.1735582,3,32
casual,12028,74.14022849,2,12
casual,12034,101.7962117,1,45
casual,12036,-441.3538315,1.3,46
casual,12094,3.036404253,0,1
casual,12107,222.0064421,2,69
casual,12120,194.0657406,1,3
casual,12150,160.1082189,1,181
casual,12159,84.92349855,4,159
casual,12161,129.5682072,1,100
casual,12172,-80.28196401,81,69
casual,12186,-190.7960824,0.7,9
casual,12190,303.0303423,3,20
casual,12194,307.0226886,3,6
casual,12259,-198.8312271,8.8,39
casual,12344,97.32597351,9,276
casual,12352,-60.47421813,64,84
casual,12354,214.6193613,2,61
casual,12360,-178.7342643,8.7,2
casual,12415,-212.8800453,2.8,65
casual,12425,59.76447215,4,38
casual,12431,-13.78146477,11,0
casual,12502,-126.0283092,6,17
casual,12550,22.86858609,5,0
casual,12561,106.3353409,1,11
casual,12570,8.443622449,4,19
casual,12573,39.66321128,2,7
casual,12658,136.6421277,1,264
casual,12661,314.5627492,3,244
casual,12672,106.3670449,1,2
casual,12701,44.27230905,3,28
casual,12756,-661.6141172,1.6,51
casual,12770,412.3407527,4,3
casual,12782,84.03756444,5,78
casual,12789,-186.0478711,6,3
casual,12817,12.03246262,4,1
casual,12826,142.1559103,1,238
casual,12850,-98.86851107,98,253
casual,12873,-199.6098116,9.6,79
casual,12883,245.8532144,2,15
casual,12891,109.5429082,1,21
casual,12892,341.9415857,3,34
casual,12908,182.7206952,1,15
casual,12927,-75.09957363,79,101
casual,12962,-225.2202079,5.2,15
casual,13018,233.5120767,2,98
casual,13022,398.7329733,3,95
casual,13073,-16.46626484,16,36
casual,13074,141.3048485,1,26
casual,13079,92.29331625,3,9
casual,13151,501.4896543,5,12
casual,13182,247.5111453,2,85
casual,13183,-14.81896647,18,120
casual,13195,361.6768544,3,25
casual,13269,-214.6680109,4.6,0
casual,13291,-200.5539452,0.5,33
casual,13323,-352.3508762,2.3,7
casual,13339,-139.9475517,9.9,55
casual,13440,28.67146131,4,0
casual,13491,155.8704295,1,8
casual,13504,-150.0469985,0,51
casual,13531,-147.9538066,7.9,33
casual,13555,1.710683506,7,16
casual,13558,247.1396512,2,6
casual,13579,80.50926922,2,38
casual,13609,-19.38222094,12,2
casual,13623,17.92158038,5,80
casual,13624,-146.7718217,6.7,47
casual,13649,-227.2831801,7.2,71
casual,13678,336.9035272,3,33
casual,13715,-38.71691454,36,51
casual,13722,350.1365652,3,47
casual,13766,278.0785409,2,105
casual,13778,29.5547731,29.554773,6
casual,13797,-112.7282928,2.7,11
casual,13798,36.07659996,5,0
casual,13830,-114.3102959,4.3,108
casual,13870,-24.9224048,4,0
casual,13906,261.8367469,2,76
casual,13916,-6.018379782,8,12
casual,13919,80.35007503,0,1
casual,13939,0.895998746,8,16
casual,13943,8.699416451,6,1
casual,13947,105.0675886,1,24
casual,13950,-30.03267801,32,72
casual,13953,-142.5904149,2.5,80
casual,13983,-102.3660153,2.3,98
casual,13985,104.0831087,1,50
casual,13991,305.0134155,3,2
casual,14011,51.01016996,1,42
casual,14044,-448.2287039,8.2,25
casual,14083,-67.42477055,64,53
casual,14093,139.3945147,1,57
casual,14095,50.12659674,5,80
casual,14105,-102.0752105,2,49
casual,14116,-50.59301013,53,33
casual,14120,-114.3379877,4.3,96
casual,14176,84.02883757,8,99
casual,14179,218.8510049,2,60
casual,14207,-56.07682723,56,0
casual,14223,241.8230484,2,33
casual,14236,-252.3239242,2.3,27
casual,14272,251.7299995,2,59
casual,14308,63.51732135,3,41
casual,14336,323.0390473,3,217
casual,14357,81.78825379,2,67
casual,14387,162.345847,62,77
casual,14409,128.3531239,1,56
casual,14419,-93.27997953,99,17
casual,14441,-134.2221542,4.2,48
casual,14448,196.3242957,1,4
casual,14453,203.0638199,2,57
casual,14528,253.7140843,2,248
casual,14555,265.1305074,2,168
casual,14599,34.71656124,5,61
casual,14635,133.329631,33,19
casual,14684,71.28265258,6,18
casual,14702,-51.59515365,55,156
casual,14711,159.7816411,1,5
casual,14717,-11.09119182,11,40
casual,14722,11.57362878,6,107
casual,14731,-53.71597347,55,7
casual,14738,-28.02852221,28,11
casual,14739,-192.3369711,2.3,24
casual,14830,5.144057527,1,18
casual,14835,-590.3012394,0.3,10
casual,14845,444.4701757,4,295
casual,14851,247.0918061,2,47
casual,14858,-32.54970951,39,9
casual,14867,289.6120031,2,215
casual,14873,247.1354102,2,43
casual,14888,165.1866294,1,62
casual,14895,121.3392613,1,51
casual,14898,170.8703262,1,20
casual,14905,-198.5812549,8.5,3
casual,14928,107.5179398,1,0
casual,14943,78.59414939,1,72
casual,14978,158.5418703,1,19
casual,14986,382.5711391,3,113
casual,15003,-24.30381986,23,7
casual,15015,506.8280691,5,99
casual,15044,319.3198529,3,10
casual,15083,-169.5673989,9.5,56
casual,15092,-214.4402691,4.4,6
casual,15129,200.0277784,2,61
casual,15191,-163.0748794,3,17
casual,15232,-220.9159573,0.9,11
casual,15239,447.4838365,4,1
casual,15289,107.0231177,1,2
casual,15317,-303.2648559,3.2,58
casual,15344,214.6757563,2,362
casual,15370,-87.65444554,84,71
casual,15402,142.2775094,1,6
casual,15472,145.2762922,1,27
casual,15476,-84.29815385,88,8
casual,15491,73.61608818,0,138
casual,15524,89.91540583,4,8
casual,15535,518.9942592,5,156
casual,15551,307.4518568,3,2
casual,15564,433.7788604,4,76
casual,15583,-115.3752565,5.3,56
casual,15592,130.4091785,1,35
casual,15604,94.90115825,1,38
casual,15703,332.9012278,3,191
casual,15717,232.0234617,2,0
casual,15741,42.34085956,8,1
casual,15771,-389.4183903,9.4,20
casual,15783,32.1110178,32.111017,50
casual,15845,289.5044711,2,88
casual,15847,313.4510243,3,197
casual,15851,475.3971322,4,310
casual,15907,449.011131,49,37
casual,15965,99.99787627,8,23
casual,15976,-50.48211094,52,10
casual,15996,-233.6017526,3.6,2
casual,16004,91.0443844,91.044384,150
casual,16048,-44.79404037,44,20
casual,16067,349.1070061,3,2
casual,16069,76.87481129,8,0
casual,16106,190.1983532,1,14
casual,16124,20.91887755,8,62
casual,16129,-246.6887373,6.6,46
casual,16150,-46.08356689,43,216
casual,16164,-252.1118787,2.1,0
casual,16170,277.328942,77,180
casual,16188,-281.4459953,1.4,1
casual,16213,-5.188826459,5,2
casual,16226,67.43453917,5,12
casual,16261,-245.6349513,5.6,1
casual,16267,295.5257973,2,29
casual,16272,68.86000509,0,22
casual,16294,50.14995854,9,30
casual,16305,-34.05311022,33,8
casual,16376,-213.7746661,3.7,3
casual,16381,-333.0050016,3,2
casual,16427,-162.7968486,2.7,1
casual,16474,251.7484059,2,6
casual,16492,23.763942,0,9
casual,16512,277.640798,77,11
casual,16532,-415.4780817,5.4,20
casual,16555,-187.8613306,7.8,6
casual,16560,-20.16367925,23,13
casual,16570,-291.6082534,1.6,0
casual,16590,-291.3608567,1.3,5
casual,16603,-580.1955552,0.1,15
casual,16612,-25.25722193,27,4
casual,16624,-7.249040284,8,10
casual,16638,-66.64219461,62,9
casual,16652,180.2572071,1,110
casual,16658,-271.3190218,1.3,28
casual,16683,149.0857557,1,8
casual,16701,68.83998899,9,58
casual,16718,303.3948655,3,21
casual,16728,103.0427275,1,38
casual,16767,29.23096428,9,19
casual,16792,-5.841583846,4,16
casual,16801,-332.5603618,2.5,15
casual,16874,-0.701208687,8,13
casual,16898,84.65038098,3,9
casual,16899,275.9997336,2,14
casual,16943,-3.580466153,5,43
casual,16959,-10.23913463,19,13
casual,16975,-151.0246038,1,9
casual,17010,-47.46888714,48,67
casual,17021,-152.2426163,2.2,4
casual,17035,-210.3925912,0.3,16
casual,17066,76.83908871,0,4
casual,17167,275.4863716,2,1
casual,17224,-34.23199124,31,62
casual,17258,159.4878243,1,0
casual,17267,163.2688857,1,0
casual,17311,341.144401,41,1
casual,17315,34.06453524,5,1
casual,17331,5.76308683,5,0
casual,17334,130.3038473,1,0
casual,17354,-166.1272638,6.1,6
casual,17358,59.15415254,1,3
casual,17376,254.8677789,2,8
registered,58,-754.8210989,4.8,48
registered,85,-357.4665731,7.4,68
registered,105,65,1,65
registered,138,-345.1194421,5.1,19
registered,152,-434.7975061,293,43
registered,168,987.5257431,987.52,2
registered,173,217.7699946,3,60
registered,180,42.8042036,42.804203,52
registered,205,764.9833982,764.98,40
registered,211,-409.8629527,9.8,0
registered,234,302.2281923,302.22,10
registered,240,47.1759955,47.175995,214
registered,289,-756.9935039,6.9,33
registered,307,-161.7099736,1.7,17
registered,319,-587.4706954,7.4,134
registered,329,479.1370364,479.13,5
registered,353,714.2990187,714.29,1
registered,369,338.4112106,338.41,50
registered,434,581.1684465,581.16,2
registered,447,556.4169054,556.41,62
registered,469,-541.1905055,1.1,65
registered,487,511.4189424,511.41,26
registered,541,157.289891,57,66
registered,553,484.6591366,484.65,9
registered,556,292.2069871,292.2,233
registered,597,-937.4154229,7.4,2
registered,602,509.8198468,509.81,58
registered,605,-121.9095595,1.9,49
registered,625,-760.7972437,0.7,4
registered,635,659.7919297,659.79,82
registered,672,-524.2780344,4.2,71
registered,678,88.89385522,8,52
registered,683,882.5199557,147,153
registered,684,394.2179041,394.21,108
registered,714,0,3,0
registered,727,-4.093787802,0,66
registered,739,-845.3990882,5.3,1
registered,745,123.1654561,123.16,50
registered,756,155.834911,55,53
registered,790,595.0243078,595.02,10
registered,791,-380.3211521,0.3,17
registered,810,-337.2040108,7.2,2
registered,830,174.890287,74,14
registered,832,-737.0291676,7,3
registered,864,491.9033253,491.9,44
registered,888,801.8705097,801.87,40
registered,898,-119.8011377,9.8,83
registered,908,-523.0009287,3,173
registered,914,726.2435161,726.24,42
registered,917,133.5325711,133.53,159
registered,925,-516.9718843,6.9,6
registered,960,507.3084945,507.3,90
registered,962,-89.04616985,86,103
registered,968,208.2084761,208.2,39
registered,979,-195.2874612,5.2,86
registered,982,976.6526756,976.65,92
registered,1065,-15.94766319,17,4
registered,1109,462.3205397,462.32,88
registered,1143,429.0372114,429.03,48
registered,1167,-74.00043107,70,46
registered,1175,363.9051159,363.9,62
registered,1189,573.2844226,147,52
registered,1197,-222.6613899,2.6,80
registered,1204,567.665002,67,8
registered,1225,-15.15360091,13,4
registered,1271,274.3784454,274.37,9
registered,1273,-163.8979164,3.8,1
registered,1352,-599.893707,366,61
registered,1413,998.1795925,998.17,1
registered,1422,279.6780108,279.67,87
registered,1436,512.5499966,512.54,15
registered,1449,-184.1766785,4.1,122
registered,1472,126.0411787,126.04,4
registered,1477,-290.7489669,0.7,8
registered,1483,210.7316223,210.73,1
registered,1516,519.4650818,519.46,70
registered,1531,-317.6321507,7.6,2
registered,1557,324.6956463,324.69,36
registered,1574,135.6730947,135.67,6
registered,1593,596.8084378,596.8,70
registered,1597,759.9475853,759.94,30
registered,1622,77.28582817,8,23
registered,1624,76.52144044,4,9
registered,1672,-917.9561844,7.9,32
registered,1698,-499.4639389,9.4,144
registered,1699,199.8363659,199.83,49
registered,1702,-11.72387747,13,81
registered,1708,219.3283662,219.32,150
registered,1711,-718.1001719,8.1,48
registered,1766,-662.7987461,2.7,10
registered,1789,-440.2990347,0.2,6
registered,1791,-199.6116817,9.6,9
registered,1806,586.0180923,586.01,30
registered,1823,294.2975496,294.29,112
registered,1833,-244.5157646,153,1
registered,1834,-584.5209364,4.5,2
registered,1838,-275.2278368,5.2,132
registered,1843,-268.9152035,8.9,86
registered,1874,434.1024092,434.1,72
registered,1878,343.4646953,343.46,11
registered,1883,-567.9407637,7.9,8
registered,1885,883.4714807,883.47,106
registered,1967,697.3933764,697.39,105
registered,2022,-732.4762394,2.4,4
registered,2068,543.4069223,543.4,6
registered,2116,137.4743052,137.47,31
registered,2154,369.7787324,369.77,76
registered,2179,136.7222162,136.72,62
registered,2194,475.7584514,475.75,52
registered,2196,121.4138759,121.41,308
registered,2224,-271.3303666,147,114
registered,2232,-66.04050041,60,166
registered,2260,-536.4247084,6.4,26
registered,2263,180.9692328,180.96,11
registered,2293,487.8157835,153,50
registered,2298,-62.53863078,68,133
registered,2322,888.2698586,888.26,85
registered,2344,209.6554191,209.65,84
registered,2394,995.8447169,995.84,85
registered,2411,259.8109411,259.81,279
registered,2448,1344.395379,153,13
registered,2449,-349.0672279,9,22
registered,2497,1011.022155,147,81
registered,2504,667.2099814,667.2,17
registered,2549,-554.5669584,281,10
registered,2560,236.7875222,236.78,122
registered,2561,249.7993395,249.79,160
registered,2563,625.8216152,625.82,228
registered,2632,-541.4382267,1.4,236
registered,2656,863.3014159,863.3,146
registered,2665,-214.5351178,4.5,83
registered,2687,195.7634091,195.76,199
registered,2706,-314.9770794,4.9,120
registered,2707,513.8487073,513.84,189
registered,2757,763.8177637,763.81,384
registered,2758,1332.383648,147,230
registered,2761,-565.4640358,5.4,110
registered,2779,-479.0844065,9,273
registered,2804,394.3907855,394.39,136
registered,2851,433.4777131,433.47,225
registered,2858,-230.8465437,0.8,50
registered,2964,-315.7372945,5.7,112
registered,2984,-4.985171309,0,23
registered,3027,-613.0858799,147,30
registered,3041,-70.73901366,79,141
registered,3048,703.6531742,703.65,202
registered,3064,-746.5133348,6.5,170
registered,3073,529.5389826,529.53,147
registered,3090,17.33949231,4,142
registered,3104,-876.5870995,6.5,7
registered,3136,-424.8185758,4.8,261
registered,3138,1019.006371,3,253
registered,3146,-390.5949594,0.5,51
registered,3153,143.7979929,143.79,93
registered,3159,519.6975333,519.69,137
registered,3187,609.355703,9,217
registered,3189,1527.550063,3,426
registered,3195,659.971121,59,15
registered,3221,1792.916766,153,12
registered,3228,-222.1125385,2.1,176
registered,3242,236.5674936,153,63
registered,3244,-230.4604081,0.4,17
registered,3282,512.9339015,512.93,274
registered,3311,417.5496465,417.54,174
registered,3318,230.0802207,153,4
registered,3400,397.1661063,397.16,145
registered,3421,592.3850529,592.38,111
registered,3574,-72.09133524,71,321
registered,3580,-535.8832227,5.8,15
registered,3599,937.0003389,937,236
registered,3603,252.7942645,252.79,69
registered,3608,-594.5757976,4.5,5
registered,3639,758.8947165,3,212
registered,3665,-44.80648865,46,99
registered,3673,-122.8307304,2.8,137
registered,3723,-138.1196367,8.1,40
registered,3726,536.9265689,536.92,2
registered,3727,-25.8905118,5,4
registered,3770,430.034514,30,110
registered,3779,-129.4547367,9.4,111
registered,3900,-146.3224287,6.3,232
registered,3961,453.2795941,453.27,105
registered,3964,842.481241,42,59
registered,3970,759.4248595,759.42,36
registered,3980,11.77351608,5,238
registered,3982,209.8680685,209.86,217
registered,3989,0,22,0
registered,3990,0,22,0
registered,4044,-296.6889871,6.6,205
registered,4066,811.4360602,811.43,301
registered,4141,796.520933,96,196
registered,4174,-189.9567448,9.9,340
registered,4207,-98.92727377,97,5
registered,4274,96.61973194,7,96
registered,4410,-23.32260223,22,119
registered,4450,185.3318701,185.33,50
registered,4490,546.3594065,546.35,53
registered,4511,-600.6925468,0.6,194
registered,4516,51.53916978,1,8
registered,4519,-261.3942179,1.3,6
registered,4524,2066.648093,147,149
registered,4531,-22.74993561,29,177
registered,4555,1494.004327,22,118
registered,4560,405.5913535,405.59,194
registered,4563,545.7308894,3,32
registered,4596,693.8887618,693.88,176
registered,4625,854.8697524,854.86,232
registered,4629,-127.2416663,7.2,243
registered,4635,40.15760785,6,91
registered,4642,354.646145,54,30
registered,4662,300.7044553,300.7,4
registered,4686,-636.7704724,6.7,1
registered,4707,553.515237,53,29
registered,4723,122.5315759,122.53,204
registered,4759,-561.0461423,1,5
registered,4848,587.9878427,587.98,153
registered,4869,853.8235325,853.82,478
registered,4878,37.46802601,0,4
registered,4887,813.813226,13,132
registered,4897,705.1749292,705.17,143
registered,4924,118.8406938,118.84,22
registered,4927,495.3719385,495.37,4
registered,4954,386.4623051,386.46,39
registered,4966,-336.7673621,6.7,155
registered,5022,-197.0418636,7,5
registered,5054,-586.1091032,6.1,93
registered,5080,670.4691871,670.46,142
registered,5095,56.11820648,2,6
registered,5132,317.3673224,317.36,88
registered,5159,-326.4460077,6.4,133
registered,5167,-960.2161579,22,8
registered,5222,557.5091349,557.5,95
registered,5232,261.5720784,261.57,162
registered,5299,-427.2600769,7.2,133
registered,5302,625.1686827,625.16,170
registered,5315,-322.6897965,22,21
registered,5356,-589.4066577,3,12
registered,5380,442.9487112,442.94,12
registered,5389,311.6278042,311.62,91
registered,5433,518.0081338,8,91
registered,5497,418.6015222,418.6,97
registered,5532,124.1953303,124.19,191
registered,5541,498.0544178,498.05,421
registered,5545,160.3945857,160.39,145
registered,5553,721.3644707,721.36,105
registered,5581,216.2172828,216.21,105
registered,5623,736.5392303,736.53,3
registered,5627,-319.4254045,9.4,62
registered,5630,199.5835533,22,73
registered,5633,129.8440591,22,19
registered,5636,29.84769175,6,14
registered,5664,-827.6313678,7.6,73
registered,5670,806.8268626,281,226
registered,5672,827.0139747,827.01,487
registered,5694,621.1075316,621.1,295
registered,5695,912.2094234,281,549
registered,5711,-571.1134439,3,217
registered,5727,-32.11838939,38,14
registered,5742,694.6967586,694.69,253
registered,5757,736.7619771,8,253
registered,5770,-374.4093304,4.4,158
registered,5786,-391.2673252,1.2,160
registered,5805,165.7725477,165.77,20
registered,5821,-69.04817946,68,58
registered,5841,-859.28395,153,123
registered,5848,0,153,0
registered,5868,-11.55641781,16,56
registered,5877,439.0718979,153,319
registered,5900,-61.12839125,68,188
registered,5967,-841.7563158,1.7,30
registered,6006,830.9871068,830.98,373
registered,6054,-493.7082518,3.7,337
registered,6064,-157.2626632,7.2,30
registered,6065,197.8443519,8,119
registered,6092,771.3399429,147,189
registered,6148,210.6295851,210.62,230
registered,6160,407.7615458,407.76,26
registered,6185,428.7537168,428.75,111
registered,6240,-34.04571291,35,155
registered,6248,-478.9456816,22,194
registered,6249,692.2380001,692.23,166
registered,6261,-198.4933725,8.4,28
registered,6287,1196.755896,8,266
registered,6344,747.9358805,22,164
registered,6378,319.1225332,153,177
registered,6406,-860.6035057,0.6,122
registered,6455,-12.35963672,19,130
registered,6468,-808.6520454,8.6,23
registered,6507,844.7717583,844.77,202
registered,6538,-645.9168599,5.9,60
registered,6547,759.4143951,759.41,441
registered,6565,156.880076,56,8
registered,6571,-115.2574508,5.2,437
registered,6604,-60.58339201,63,462
registered,6606,164.0463642,164.04,243
registered,6672,44.6902554,44.690255,219
registered,6692,209.110367,9,195
registered,6698,770.2289242,770.22,139
registered,6701,-68.78923101,69,493
registered,6716,-202.3183309,2.3,183
registered,6742,-426.3711462,8,76
registered,6764,368.8297627,153,164
registered,6800,232.5380372,281,115
registered,6807,476.7168701,476.71,7
registered,6841,506.8573852,506.85,122
registered,6864,-866.8077417,6.8,171
registered,6868,246.7315878,246.73,553
registered,6877,71.94372536,7,6
registered,6894,495.7434496,495.74,140
registered,6904,768.4839565,768.48,87
registered,6908,529.6428958,529.64,105
registered,6926,60.03917627,1,6
registered,6934,323.0451083,323.04,193
registered,6964,-592.0987433,2,224
registered,7002,451.1475142,451.14,378
registered,7010,292.0579676,292.05,242
registered,7017,-658.0332809,8,50
registered,7031,317.4851227,317.48,161
registered,7033,-988.1982414,8.1,171
registered,7061,-121.8647816,1.8,306
registered,7067,-534.1650764,153,9
registered,7102,1192.12162,293,167
registered,7121,729.3007946,729.3,6
registered,7179,880.2063187,880.2,442
registered,7210,-388.5493843,8.5,19
registered,7238,-236.0055079,6,3
registered,7259,-929.2809952,9.2,16
registered,7283,725.734053,25,57
registered,7356,-573.0229753,3,1
registered,7394,93.51010496,1,257
registered,7435,-498.1570105,8.1,186
registered,7460,-240.3534858,0.3,170
registered,7467,253.3069934,253.3,193
registered,7471,101.3455822,101.34,103
registered,7510,363.3544251,363.35,166
registered,7513,338.5874289,338.58,142
registered,7544,33.95249251,4,109
registered,7545,-1764.433407,153,66
registered,7558,-951.3107108,1.3,49
registered,7573,297.1702401,297.17,3
registered,7624,-232.9285232,2.9,10
registered,7664,789.0651537,789.06,35
registered,7694,-168.503499,153,7
registered,7698,-439.2525734,153,185
registered,7734,291.7808486,291.78,67
registered,7786,-45.98228632,42,38
registered,7792,-579.9326383,9.9,8
registered,7800,-466.7903691,6.7,158
registered,7804,651.7488983,651.74,118
registered,7852,652.316571,52,260
registered,7854,-252.7978795,2.7,152
registered,7869,-141.4539673,1.4,17
registered,7911,304.4997324,304.49,92
registered,7913,40.4794333,40.479433,462
registered,7917,-425.3990445,5.3,139
registered,7939,26.32797295,9,89
registered,7941,-346.5854004,6.5,186
registered,7948,477.9448577,477.94,252
registered,7964,-115.6451313,5.6,227
registered,7989,210.0207363,210.02,247
registered,8047,114.6496248,114.64,82
registered,8081,-344.2430034,147,418
registered,8147,-95.50340364,93,47
registered,8167,1543.960235,147,36
registered,8204,209.1651352,209.16,115
registered,8239,130.4728166,130.47,99
registered,8250,-307.4057771,7.4,274
registered,8285,-192.2306439,2.2,146
registered,8316,541.9722169,147,16
registered,8336,112.9557598,112.95,31
registered,8348,-112.1880345,2.1,105
registered,8353,152.0100839,293,189
registered,8382,707.2541039,707.25,139
registered,8388,-267.1496963,7.1,2
registered,8421,-628.2787992,147,180
registered,8453,-321.0531249,1,47
registered,8469,564.7226637,564.72,79
registered,8475,243.2071773,281,33
registered,8524,965.455031,65,39
registered,8583,-395.0144745,5,155
registered,8626,421.0458793,421.04,9
registered,8666,-518.3937287,8.3,58
registered,8682,-104.257229,366,150
registered,8688,170.4916609,170.49,89
registered,8689,-398.8428876,8.8,83
registered,8715,138.7793295,138.77,33
registered,8761,-45.88677201,46,172
registered,8808,334.0527628,281,171
registered,8822,494.8106286,494.81,102
registered,8828,675.0827827,675.08,241
registered,8850,172.1494492,172.14,77
registered,8864,937.2911022,937.29,4
registered,8867,711.8017021,711.8,219
registered,8888,-235.2943483,5.2,2
registered,8916,441.9554346,441.95,497
registered,8948,717.1611537,717.16,215
registered,8951,-497.4021868,7.4,199
registered,8990,-924.0113069,4,115
registered,8998,985.4800329,985.48,113
registered,9035,-623.3738344,3.3,90
registered,9043,739.8206693,739.82,205
registered,9067,499.3253545,499.32,163
registered,9079,47.94188732,8,1
registered,9093,303.4783872,303.47,345
registered,9110,-434.4559004,4.4,117
registered,9118,289.173161,89,186
registered,9120,-102.2011392,2.2,99
registered,9130,695.4573114,695.45,10
registered,9141,399.072232,99,107
registered,9169,225.6889357,225.68,58
registered,9198,33.11658129,5,3
registered,9209,705.7115151,705.71,138
registered,9214,995.6282555,995.62,311
registered,9217,211.9436649,211.94,111
registered,9218,376.3773542,376.37,80
registered,9230,419.2920548,419.29,105
registered,9243,-78.37358922,73,22
registered,9266,224.1905507,224.19,86
registered,9274,169.6513819,169.65,128
registered,9283,998.1622082,998.16,241
registered,9286,185.0288105,185.02,241
registered,9330,588.7829535,588.78,242
registered,9367,435.4145128,435.41,1
registered,9371,785.8588978,785.85,498
registered,9391,223.540453,23,1
registered,9512,968.9820232,968.98,72
registered,9568,-392.4583007,2.4,100
registered,9594,773.3085571,366,223
registered,9602,-142.8087175,2.8,39
registered,9650,150.0704775,150.07,21
registered,9701,-224.4550806,4.4,3
registered,9705,-677.5271409,7.5,276
registered,9715,494.7083839,494.7,504
registered,9738,980.1902901,980.19,222
registered,9752,295.8888723,295.88,83
registered,9786,-337.8573099,7.8,251
registered,9795,990.3033807,990.3,38
registered,9796,-515.8739009,5.8,39
registered,9806,-163.4495504,3.4,241
registered,9819,350.0880943,350.08,62
registered,9841,-451.1872683,1.1,30
registered,9902,729.6492737,729.64,142
registered,9915,908.3585185,908.35,4
registered,9923,124.7073837,124.7,128
registered,9941,-648.8593565,8.8,25
registered,10048,-298.9657023,8.9,270
registered,10069,222.7819067,222.78,54
registered,10088,-315.0890565,5,281
registered,10134,-91.91528998,95,14
registered,10191,917.4653812,917.46,180
registered,10196,234.9902139,234.99,116
registered,10214,460.9291271,366,142
registered,10229,783.6268932,783.62,104
registered,10254,-460.2936973,0.2,326
registered,10257,92.55689267,8,119
registered,10260,468.2182799,468.21,198
registered,10261,280.541988,80,155
registered,10305,-818.0838087,8,176
registered,10312,909.3462538,909.34,250
registered,10314,-286.2687978,6.2,159
registered,10335,-97.57333588,93,299
registered,10339,306.2192385,306.21,110
registered,10344,148.4354049,148.43,5
registered,10347,-140.4217193,0.4,15
registered,10382,276.2349605,276.23,312
registered,10423,850.0073635,850,285
registered,10440,-439.0556295,9,4
registered,10449,170.0809301,170.08,167
registered,10476,666.4812783,666.48,338
registered,10507,944.6039432,944.6,129
registered,10516,394.1193509,394.11,118
registered,10529,617.597982,17,463
registered,10561,219.3430492,219.34,7
registered,10564,-705.0654823,153,139
registered,10570,-56.77593634,55,171
registered,10582,-103.6854705,8,32
registered,10590,713.5159331,153,598
registered,10591,327.0842873,153,277
registered,10632,-56.55282042,52,55
registered,10678,713.8147219,713.81,23
registered,10706,-624.7711821,4.7,3
registered,10708,267.6898104,267.68,96
registered,10713,743.6131386,743.61,141
registered,10739,-276.8341771,6.8,213
registered,10746,-340.7885807,0.7,324
registered,10764,250.3563361,281,175
registered,10781,546.5536967,546.55,280
registered,10783,891.2659519,891.26,292
registered,10799,422.6257856,422.62,65
registered,10867,408.3689315,408.36,106
registered,10896,281.868178,81,3
registered,10898,9.626364504,6,27
registered,10932,293.6926539,293.69,171
registered,10984,425.6799823,425.67,243
registered,10990,446.6300807,446.63,50
registered,10997,65,1,65
registered,11022,-637.0836403,7,236
registered,11053,2.890592383,8,296
registered,11096,307.7572564,307.75,199
registered,11103,-351.3661427,1.3,383
registered,11111,239.4374672,239.43,8
registered,11144,637.0883958,637.08,404
registered,11154,233.9073635,233.9,148
registered,11159,-309.3565292,9.3,27
registered,11179,434.3847279,434.38,65
registered,11199,-386.0856833,6,461
registered,11200,-608.8957631,8.8,327
registered,11214,-192.0845633,2,165
registered,11251,757.1295877,757.12,56
registered,11264,531.340414,31,213
registered,11278,768.7622894,768.76,18
registered,11295,501.532582,1,410
registered,11349,-220.4981818,0.4,1
registered,11356,617.1305263,617.13,471
registered,11365,736.7123759,736.71,219
registered,11414,31.05067348,6,649
registered,11430,369.4552023,153,125
registered,11439,-118.3789156,8.3,407
registered,11511,230.558301,30,247
registered,11538,1280.115786,147,123
registered,11600,-184.5198678,4.5,237
registered,11620,966.4836774,966.48,584
registered,11623,534.8338408,534.83,181
registered,11630,11.6375098,11.637509,564
registered,11637,550.3279242,8,79
registered,11638,642.2358573,642.23,51
registered,11651,328.177062,28,300
registered,11676,-20.96178889,21,363
registered,11690,576.194297,76,134
registered,11693,-480.8791971,0.8,289
registered,11704,-931.9335638,1.9,277
registered,11705,734.356787,34,210
registered,11739,-312.5934497,153,401
registered,11740,340.2273176,8,594
registered,11752,-131.2756131,1.2,48
registered,11848,-876.6910158,6.6,163
registered,11862,230.4668848,230.46,53
registered,11875,-335.5908913,5.5,64
registered,11910,-499.7450614,9.7,149
registered,11916,-204.6772771,4.6,376
registered,11947,-658.0310601,8,137
registered,11972,-500.6922547,0.6,118
registered,11989,-70.63518722,75,347
registered,11993,337.9454416,337.94,178
registered,12031,425.0850042,8,82
registered,12038,547.2859909,547.28,478
registered,12107,1476.449908,147,222
registered,12149,661.337642,61,192
registered,12161,947.0628345,947.06,151
registered,12190,-449.1444152,8,28
registered,12227,-836.3833203,6.3,185
registered,12243,206.1775217,206.17,469
registered,12300,-327.5457645,7.5,186
registered,12305,513.9226527,513.92,73
registered,12409,301.4122227,301.41,37
registered,12478,290.3258727,290.32,68
registered,12543,928.4626462,928.46,507
registered,12712,725.978255,25,317
registered,12728,435.2802795,435.28,222
registered,12788,468.5651952,468.56,77
registered,12875,10.23954407,5,168
registered,12898,188.8813518,188.88,186
registered,12920,202.5244423,202.52,245
registered,12938,31.81420097,2,185
registered,12964,745.4745758,147,576
registered,13006,-683.9132881,3.9,69
registered,13018,632.1582922,632.15,346
registered,13074,-838.7628152,8.7,151
registered,13111,585.4925077,585.49,137
registered,13117,619.4201842,619.42,575
registered,13143,991.5933464,991.59,306
registered,13144,-9.172642764,6,245
registered,13178,-8.636242788,8,16
registered,13229,262.1266924,262.12,284
registered,13254,-557.7996225,7.7,148
registered,13259,-175.1143698,5.1,220
registered,13308,307.9317948,366,381
registered,13319,607.0493157,607.04,31
registered,13341,-38.52070123,30,119
registered,13344,-508.8138132,22,11
registered,13365,400.5875224,400.58,10
registered,13371,550.4966087,550.49,459
registered,13373,846.6914312,846.69,297
registered,13375,704.4013392,704.4,125
registered,13386,373.3126855,373.31,228
registered,13390,-353.2020528,3.2,6
registered,13397,196.4324653,196.43,288
registered,13407,-128.1543702,8.1,478
registered,13411,-562.8109747,2.8,139
registered,13442,627.8522124,627.85,144
registered,13476,829.4577212,8,366
registered,13494,-186.3557851,6.3,219
registered,13503,89.32514699,1,171
registered,13515,115.0613325,8,25
registered,13526,59.36447493,4,342
registered,13553,778.0063101,778,251
registered,13573,-212.4113306,2.4,775
registered,13578,213.0591866,213.05,226
registered,13581,387.3959467,387.39,26
registered,13602,634.0326352,634.03,223
registered,13618,-867.3756105,7.3,151
registered,13631,-79.45441531,74,9
registered,13638,419.9580259,419.95,146
registered,13660,480.9311278,480.93,127
registered,13661,-158.7696617,8.7,227
registered,13690,229.5434004,229.54,291
registered,13695,889.5579281,147,300
registered,13706,-555.2277522,8,155
registered,13736,282.2335351,282.23,198
registered,13809,258.925968,58,247
registered,13810,30.48557696,5,229
registered,13825,-246.4900849,6.4,16
registered,13864,880.5615885,880.56,140
registered,13873,303.2554284,303.25,23
registered,13874,234.1387321,234.13,137
registered,13898,249.112804,49,176
registered,13901,720.6698467,720.66,283
registered,13911,-188.3064001,8.3,506
registered,13934,1171.52195,147,745
registered,13966,-700.5078224,0.5,14
registered,14007,246.1330605,22,178
registered,14013,-731.4322289,1.4,92
registered,14025,-438.300349,293,365
registered,14041,233.2994513,3,33
registered,14058,673.0300595,673.03,148
registered,14063,998.9840562,8,3
registered,14099,176.4764185,176.47,196
registered,14127,905.5741864,293,558
registered,14166,580.2801785,580.28,314
registered,14187,137.6685877,3,29
registered,14202,146.7481745,146.74,50
registered,14211,-266.1653746,6.1,427
registered,14222,568.5761964,568.57,726
registered,14242,571.8414968,571.84,192
registered,14322,306.2424157,306.24,209
registered,14365,465.9883474,22,172
registered,14388,564.4777717,147,367
registered,14394,-361.5605529,1.5,131
registered,14431,-648.8807793,8.8,186
registered,14455,-442.1836544,2.1,191
registered,14469,-256.7669232,8,24
registered,14471,-463.5509472,22,2
registered,14483,578.9032329,578.9,417
registered,14534,-567.6763151,7.6,273
registered,14538,-338.5919255,8,100
registered,14565,-128.7152464,8.7,9
registered,14576,329.5402514,329.54,233
registered,14581,396.8117342,396.81,746
registered,14649,641.9032304,641.9,283
registered,14693,786.7085293,786.7,214
registered,14742,198.8873957,198.88,142
registered,14750,1315.065433,366,767
registered,14754,650.7243788,650.72,189
registered,14808,450.8445939,450.84,11
registered,14819,475.0548688,475.05,273
registered,14830,782.2993701,782.29,75
registered,14861,314.9615438,314.96,226
registered,14865,536.5225596,536.52,454
registered,14868,-155.2873638,5.2,402
registered,14877,904.1239516,904.12,12
registered,14881,929.2057295,929.2,44
registered,14882,-346.5229454,6.5,157
registered,14898,501.9352149,8,109
registered,14902,-397.2537275,153,4
registered,14907,850.0908854,22,343
registered,14913,-381.3365956,1.3,97
registered,14940,430.0979288,430.09,397
registered,14994,759.4549364,759.45,248
registered,15006,449.5963733,449.59,350
registered,15023,-500.3313432,147,41
registered,15072,389.1556465,389.15,7
registered,15081,229.7645596,229.76,257
registered,15109,863.9868944,863.98,876
registered,15173,-228.3980142,8.3,263
registered,15177,401.5588385,401.55,453
registered,15187,258.3636345,258.36,161
registered,15213,-820.6639626,0.6,13
registered,15247,-1022.973557,153,92
registered,15278,477.8584756,477.85,756
registered,15286,583.1541885,22,10
registered,15290,395.5517673,153,132
registered,15332,179.3857592,8,154
registered,15334,-586.4330086,6.4,62
registered,15355,-332.4490516,2.4,142
registered,15403,276.1270579,276.12,60
registered,15461,-57.68265289,52,328
registered,15466,184.1148377,184.11,270
registered,15496,253.5707174,253.57,280
registered,15586,392.6970983,392.69,214
registered,15656,779.0135746,3,258
registered,15667,26.06045908,4,118
registered,15679,-284.5252225,4.5,408
registered,15765,-795.4558871,5.4,23
registered,15766,-766.6826581,6.6,6
registered,15797,72.78221698,2,320
registered,15800,279.6106837,279.61,258
registered,15808,69.84924094,2,319
registered,15852,56.55861389,6,355
registered,15892,-687.0928217,7,76
registered,15893,-284.3734942,4.3,60
registered,15898,209.3510113,209.35,7
registered,15945,-122.6931601,2.6,19
registered,15954,-135.0253422,5,183
registered,15974,66.36047397,4,17
registered,15976,-311.8642995,1.8,132
registered,15993,-720.3901055,0.3,139
registered,15997,-6.860327644,4,5
registered,16000,464.1598802,464.15,115
registered,16013,-3.364547569,6,71
registered,16021,343.3900775,343.39,38
registered,16042,-184.4086778,4.4,2
registered,16043,-524.9303681,4.9,4
registered,16045,-639.7140001,9.7,40
registered,16059,482.0491852,482.04,356
registered,16091,-374.3130622,4.3,9
registered,16106,-45.31648696,46,359
registered,16107,602.8861349,602.88,235
registered,16138,232.0250021,232.02,11
registered,16165,164.4291326,164.42,16
registered,16188,56.00797057,9,23
registered,16202,-884.3886759,4.3,323
registered,16217,-595.8629501,5.8,84
registered,16243,366.4710628,366.47,200
registered,16246,802.2159799,802.21,228
registered,16248,942.2154488,942.21,564
registered,16324,483.9015061,483.9,124
registered,16325,-231.7636039,1.7,130
registered,16328,-283.4274011,3.4,81
registered,16336,-1.045569349,4,155
registered,16388,239.1139581,239.11,218
registered,16418,911.3395692,911.33,220
registered,16423,-344.9848485,4.9,43
registered,16440,-276.4097287,6.4,43
registered,16446,-219.3401219,9.3,28
registered,16490,431.9150029,431.91,74
registered,16552,-589.4789634,9.4,257
registered,16615,791.5212393,791.52,17
registered,16666,122.3374769,122.33,6
registered,16679,-620.6136478,0.6,244
registered,16732,316.3957449,316.39,155
registered,16735,617.4520936,147,11
registered,16737,-270.8233891,0.8,7
registered,16787,91.08898153,9,25
registered,16801,-633.837723,153,337
registered,16830,121.2776239,121.27,103
registered,16862,943.3885535,943.38,575
registered,16880,239.9445909,239.94,1
registered,16886,999.967564,99,708
registered,16901,559.5841926,559.58,60
registered,16931,-825.9552531,5.9,31
registered,16975,-28.18782945,27,86
registered,17059,275.9741032,281,235
registered,17067,238.8984566,238.89,159
registered,17090,-340.9407918,0.9,231
registered,17109,-896.3780337,6.3,216
registered,17134,-45.05464679,44,253
registered,17146,805.031701,5,2
registered,17170,202.8434593,202.84,3
registered,17274,266.6116593,266.61,94
registered,17305,482.157649,82,75
registered,17332,544.9560036,544.95,41
