index,id,beer_name,style,ounces,abv,ibu,brewery_id,brewery_name,city,state
15,1979,Bitter Bitch,American Pale Ale (APA),12.0 ounce,0.06%,60,177,18th Street Brewery,Gary,IN
22,1036,Lower De Boom,American Barleywine,8.4 ounce,0.099,92,368,21st Amendment Brewery,San Francisco,CA
23,1024,Fireside Chat,Winter Warmer,12.0 OZ.,0.079,45,368,21st Amendment Brewery,San Francisco,CA
25,876,Bitter American,American Pale Ale (APA),12.0 oz,0.044,42,368,21st Amendment Brewery,San Francisco,CA
26,802,Hell or High Watermelon Wheat (2009),Fruit / Vegetable Beer,12.0 ounce,0.049,17,368,21st Amendment Brewery,San Francisco,CA
27,801,Hell or High Watermelon Wheat (2009),Fruit / Vegetable Beer,12.0 oz.,0.05%,17,368,21st Amendment Brewery,San Francisco,CA
28,800,21st Amendment Watermelon Wheat Beer (2006),Fruit / Vegetable Beer,12.0 oz.,0.049,17,368,21st Amendment Brewery,San Francisco,CA
29,799,21st Amendment IPA (2006),American IPA,12.0 oz.,0.07,70,368,21st Amendment Brewery,San Francisco,CA
30,797,Brew Free! or Die IPA (2008),American IPA,12.0 OZ.,0.07%,70,368,21st Amendment Brewery,San Francisco,CA
31,796,Brew Free! or Die IPA (2009),American IPA,12.0 oz.,0.07%,70,368,21st Amendment Brewery,San Francisco,CA
32,531,Special Edition: Allies Win The War!,English Strong Ale,12.0 oz.,0.085,52,368,21st Amendment Brewery,San Francisco,CA
33,432,Hop Crisis,American Double / Imperial IPA,12.0 oz.,0.097,94,368,21st Amendment Brewery,San Francisco,CA
34,353,Bitter American (2011),American Pale Ale (APA),12.0 oz,0.044,42,368,21st Amendment Brewery,San Francisco,CA
35,321,Fireside Chat (2010),Winter Warmer,12.0 ounce,0.08%,45,368,21st Amendment Brewery,San Francisco,CA
36,173,Back in Black,American Black Ale,12.0 ounce,0.07%,65,368,21st Amendment Brewery,San Francisco,CA
37,11,Monk's Blood,Belgian Dark Ale,12.0 OZ.,0.083,35,368,21st Amendment Brewery,San Francisco,CA
38,10,Brew Free! or Die IPA,American IPA,12.0 oz.,0.07,65,368,21st Amendment Brewery,San Francisco,CA
39,9,Hell or High Watermelon Wheat,Fruit / Vegetable Beer,12.0 oz.,0.049,17,368,21st Amendment Brewery,San Francisco,CA
40,2519,Bimini Twist,American IPA,12.0 ounce,0.07,82,67,3 Daughters Brewing,St Petersburg,FL
43,2545,Passion Fruit Prussia,Berliner Weissbier,12.0 oz,0.035,11,60,4 Hands Brewing Company,Saint Louis,MO
44,2544,Send Help,American Blonde Ale,12.0 oz,0.05%,18,60,4 Hands Brewing Company,Saint Louis,MO
50,1870,Contact High,American Pale Wheat Ale,12.0 oz.,0.05,28,60,4 Hands Brewing Company,Saint Louis,MO
52,2602,Citrafest,American IPA,16.0 ounce,0.05,45,27,450 North Brewing Company,Columbus,IN
54,2219,Scarecrow,American IPA,16.0 oz.,0.069,65,27,450 North Brewing Company,Columbus,IN
55,2218,Ironman,English Strong Ale,16.0 oz. Alumi-Tek,0.09%,50,27,450 North Brewing Company,Columbus,IN
56,2217,Honey Kolsch,K?lsch,16.0 ounce,0.05%,15,27,450 North Brewing Company,Columbus,IN
57,2216,Copperhead Amber,Belgian Dark Ale,16.0 oz,0.05%,18,27,450 North Brewing Company,Columbus,IN
58,972,Rude Parrot IPA,American IPA,16.0 oz,0.059,75,481,7 Seas Brewing Company,Gig Harbor,WA
59,866,British Pale Ale (2010),English Pale Ale,16.0 oz,0.054,30,481,7 Seas Brewing Company,Gig Harbor,WA
60,48,British Pale Ale,English Pale Ale,16.0 ounce,0.054,30,481,7 Seas Brewing Company,Gig Harbor,WA
61,47,Ballz Deep Double IPA,American Double / Imperial IPA,16.0 oz.,0.084,82,481,7 Seas Brewing Company,Gig Harbor,WA
63,1165,Colorado Native,American Amber / Red Lager,12.0 oz,0.055,26,462,AC Golden Brewing Company,Golden,CO
64,431,Colorado Native (2011),American Amber / Red Lager,12.0 ounce,0.055,26,462,AC Golden Brewing Company,Golden,CO
65,516,Jockamo IPA,American IPA,12.0 oz.,0.065,52,533,Abita Brewing Company,Abita Springs,LA
66,515,Purple Haze,Fruit / Vegetable Beer,12.0 oz,0.042,13,533,Abita Brewing Company,Abita Springs,LA
67,514,Abita Amber,American Amber / Red Lager,12.0 oz.,0.045,17,533,Abita Brewing Company,Abita Springs,LA
68,2540,Citra Ass Down,American IPA,16.0 ounce,0.082,68,62,Against The Grain Brewery,Louisville,KY
69,2539,The Brown Note,American Brown Ale,16.0 ounce,0.05,20,62,Against The Grain Brewery,Louisville,KY
70,2686,Citra Ass Down,American Double / Imperial IPA,16.0 ounce,0.08,68,1,Against the Grain Brewery,Louisville,KY
71,2685,London Balling,English Barleywine,16.0 oz.,0.13%,80,1,Against the Grain Brewery,Louisville,KY
72,2684,35 K,Milk / Sweet Stout,16.0 OZ.,0.077,25,1,Against the Grain Brewery,Louisville,KY
73,2683,A Beer,American Pale Ale (APA),16.0 oz.,0.042,42,1,Against the Grain Brewery,Louisville,KY
74,2682,Rules are Rules,German Pilsener,16.0 oz,0.05,25,1,Against the Grain Brewery,Louisville,KY
75,2681,Flesh Gourd'n,Pumpkin Ale,16.0 ounce,0.066,21,1,Against the Grain Brewery,Louisville,KY
76,2680,Sho'nuff,Belgian Pale Ale,16.0 oz,0.04,13,1,Against the Grain Brewery,Louisville,KY
77,2679,Bloody Show,American Pilsner,16.0 oz.,0.055,17,1,Against the Grain Brewery,Louisville,KY
78,2678,Rico Sauvin,American Double / Imperial IPA,16.0 ounce,0.076,68,1,Against the Grain Brewery,Louisville,KY
79,2677,Coq de la Marche,Saison / Farmhouse Ale,16.0 OZ.,0.05%,38,1,Against the Grain Brewery,Louisville,KY
81,2675,Pile of Face,American IPA,16.0 oz.,0.06,65,1,Against the Grain Brewery,Louisville,KY
82,2674,The Brown Note,English Brown Ale,16.0 oz,0.05,20,1,Against the Grain Brewery,Louisville,KY
83,1594,Maylani's Coconut Stout,American Stout,16.0 ounce,0.053,35,367,Airways Brewing Company,Kent,WA
84,1162,Oatmeal PSA,American Pale Ale (APA),16.0 OZ.,0.05,35,367,Airways Brewing Company,Kent,WA
85,1137,Pre Flight Pilsner,American Pilsner,16.0 oz.,0.052,33,367,Airways Brewing Company,Kent,WA
86,2403,P-Town Pilsner,American Pilsner,12.0 OZ.,0.04,20,117,Alameda Brewing,Portland,OR
87,2402,Klickitat Pale Ale,American Pale Ale (APA),12.0 oz. Alumi-Tek,0.053,36,117,Alameda Brewing,Portland,OR
88,2401,Yellow Wolf Imperial IPA,American Double / Imperial IPA,12.0 oz,0.082,103,117,Alameda Brewing,Portland,OR
89,1921,Freeride APA,American Pale Ale (APA),12.0 oz.,0.053,40,270,Alaskan Brewing Company,Juneau,AK
90,1920,Alaskan Amber,Altbier,12.0 OZ.,0.053,18,270,Alaskan Brewing Company,Juneau,AK
96,837,Desolation IPA,American IPA,16.0 ounce,0.062,43,401,Amnesia Brewing Company,Washougal,WA
106,1520,Barney Flats Oatmeal Stout,Oatmeal Stout,12.0 ounce,0.057,13,171,Anderson Valley Brewing Company,Boonville,CA
107,1350,Summer Solstice,Cream Ale,12.0 ounce,0.056,4,171,Anderson Valley Brewing Company,Boonville,CA
108,1327,Hop Ottin' IPA,American IPA,12.0 oz,0.07,80,171,Anderson Valley Brewing Company,Boonville,CA
109,1326,Boont Amber Ale,American Amber / Red Ale,12.0 oz.,0.06%,15,171,Anderson Valley Brewing Company,Boonville,CA
110,1221,Barney Flats Oatmeal Stout,Oatmeal Stout,12.0 oz. Alumi-Tek,0.057,13,171,Anderson Valley Brewing Company,Boonville,CA
111,1217,El Steinber Dark Lager,Vienna Lager,16.0 oz,0.055,25,171,Anderson Valley Brewing Company,Boonville,CA
112,811,Boont Amber Ale (2010),American Amber / Red Ale,12.0 oz.,0.06%,15,171,Anderson Valley Brewing Company,Boonville,CA
113,753,Summer Solstice Cerveza Crema (2009),Cream Ale,12.0 oz,0.056,4,171,Anderson Valley Brewing Company,Boonville,CA
114,572,Barney Flats Oatmeal Stout (2012),Oatmeal Stout,12.0 oz,0.06%,13,171,Anderson Valley Brewing Company,Boonville,CA
115,523,Winter Solstice,Winter Warmer,12.0 ounce,0.07%,6,171,Anderson Valley Brewing Company,Boonville,CA
116,367,Hop Ottin' IPA (2011),American IPA,12.0 ounce,0.07,80,171,Anderson Valley Brewing Company,Boonville,CA
117,78,Boont Amber Ale (2011),American Amber / Red Ale,12.0 ounce,0.058,15,171,Anderson Valley Brewing Company,Boonville,CA
118,77,Summer Solstice (2011),Cream Ale,12.0 oz.,0.056,4,171,Anderson Valley Brewing Company,Boonville,CA
119,76,Poleeko Gold Pale Ale (2009),American Pale Ale (APA),12.0 oz.,0.055,28,171,Anderson Valley Brewing Company,Boonville,CA
129,2511,Long Leaf,American IPA,16.0 oz.,0.071,75,69,Appalachian Mountain Brewery,Boone,NC
130,2510,Honey Badger Blonde,American Blonde Ale,16.0 oz. Alumi-Tek,0.047,19,69,Appalachian Mountain Brewery,Boone,NC
131,2509,Porter (a/k/a Black Gold Porter),American Porter,16.0 ounce,0.06,23,69,Appalachian Mountain Brewery,Boone,NC
132,413,Sky High Rye,American Pale Ale (APA),12.0 oz. Silo Can,0.06%,55,541,Arcadia Brewing Company,Battle Creek,MI
133,390,Whitsun,American Pale Wheat Ale,12.0 oz.,0.062,17,541,Arcadia Brewing Company,Battle Creek,MI
136,1332,Greenbelt Farmhouse Ale,Saison / Farmhouse Ale,12.0 oz.,0.05%,20,426,Armadillo Ale Works,Denton,TX
137,1172,Mo's Gose,Gose,16.0 oz,0.052,10,461,Armstrong Brewing Company,South San Francisco,CA
138,1322,Green Bullet Organic India Pale Ale,American IPA,16.0 oz.,0.07,45,429,Asher Brewing Company,Boulder,CO
139,550,Rocket Girl,K?lsch,12.0 oz,0.032,27,528,Asheville Brewing Company,Asheville,NC
141,428,Shiva IPA,American IPA,12.0 oz.,0.06,69,528,Asheville Brewing Company,Asheville,NC
145,597,This Season's Blonde,American Blonde Ale,12.0 oz.,0.056,27,523,Aspen Brewing Company,Aspen,CO
146,596,Independence Pass Ale,American IPA,12.0 oz,0.07%,67,523,Aspen Brewing Company,Aspen,CO
147,1580,Trolley Stop Stout,American Stout,12.0 oz.,0.057,40,374,Astoria Brewing Company,Astoria,OR
148,980,Bitter Bitch Imperial IPA,American Double / Imperial IPA,12.0 oz.,0.08%,138,374,Astoria Brewing Company,Astoria,OR
149,979,Poop Deck Porter,American Porter,12.0 ounce,0.062,35,374,Astoria Brewing Company,Astoria,OR
150,978,Old Red Beard Amber Ale,American Amber / Red Ale,12.0 OZ.,0.06,35,374,Astoria Brewing Company,Astoria,OR
151,2503,Hop A-Peel,American Double / Imperial IPA,16.0 ounce,0.075,115,72,Atwater Brewery,Detroit,MI
152,2502,Vanilla Java Porter,American Porter,16.0 oz.,0.06%,12,72,Atwater Brewery,Detroit,MI
154,534,Dirty Blonde Ale,American Blonde Ale,12.0 oz.,0.045,8,72,Atwater Brewery,Detroit,MI
155,528,Grand Circus IPA,American IPA,12.0 oz,0.05%,62,72,Atwater Brewery,Detroit,MI
164,146,Avery Joe’s Premium American Pilsner,German Pilsener,12.0 oz.,0.047,42,37,Avery Brewing Company,Boulder,CO
165,108,White Rascal,Witbier,12.0 oz.,0.056,10,37,Avery Brewing Company,Boulder,CO
166,107,Avery India Pale Ale,American IPA,12.0 oz,0.063,69,37,Avery Brewing Company,Boulder,CO
167,106,Ellie’s Brown Ale,American Brown Ale,12.0 ounce,0.055,17,37,Avery Brewing Company,Boulder,CO
168,1620,Pumpkin Beast,Pumpkin Ale,12.0 oz. Alumi-Tek,0.062,17,360,Aviator Brewing Company,Fuquay-Varina,NC
169,1579,OktoberBeast,M?rzen / Oktoberfest,12.0 oz.,0.072,22,360,Aviator Brewing Company,Fuquay-Varina,NC
170,1228,Mad Beach,American Pale Wheat Ale,12.0 ounce,0.05%,23,360,Aviator Brewing Company,Fuquay-Varina,NC
172,704,Devils Tramping Ground Tripel,Tripel,12.0 oz.,0.092,5,360,Aviator Brewing Company,Fuquay-Varina,NC
173,702,Hot Rod Red,American Amber / Red Ale,12.0 ounce,0.061,41,360,Aviator Brewing Company,Fuquay-Varina,NC
180,1875,Naked Pig Pale Ale,American Pale Ale (APA),12.0 oz,0.06%,43,286,Back Forty Beer Company,Gadsden,AL
181,966,Topcutter India Pale Ale,American IPA,12.0 ounce,0.068,70,483,Bale Breaker Brewing Company,Yakima,WA
182,965,Field 41 Pale Ale,American Pale Ale (APA),12.0 ounce,0.04%,38,483,Bale Breaker Brewing Company,Yakima,WA
185,1401,Ballast Point Pale Ale,K?lsch,12.0 OZ.,0.05%,23,34,Ballast Point Brewing Company,San Diego,CA
186,1400,Big Eye India Pale Ale,American IPA,12.0 OZ.,0.07,75,34,Ballast Point Brewing Company,San Diego,CA
188,1018,Sculpin IPA,American IPA,12.0 oz.,0.07,70,34,Ballast Point Brewing Company,San Diego,CA
190,1644,Banner American Rye,Rye Beer,12.0 oz,0.05%,20,318,Banner Beer Company,Williamsburg,MA
191,1643,Banner American Ale,American Amber / Red Ale,12.0 ounce,0.035,45,318,Banner Beer Company,Williamsburg,MA
192,2618,Thai.p.a,American IPA,16.0 oz,0.07,46,20,Bare Hands Brewery,Granger,IN
193,2005,Barrio Blanco,American IPA,12.0 oz.,0.06,60,251,Barrio Brewing Company,Tucson,AZ
195,2404,Hop in the ‘Pool Helles,American Pilsner,12.0 oz. Alumi-Tek,0.05%,22,116,Base Camp Brewing Co.,Portland,OR
196,2323,Ultra Gnar Gnar IPA,American IPA,12.0 oz.,0.067,60,116,Base Camp Brewing Co.,Portland,OR
197,2189,In-Tents India Pale Lager,American Pale Lager,12.0 ounce,0.068,62,116,Base Camp Brewing Co.,Portland,OR
198,2188,Lost Meridian Wit,Witbier,12.0 oz.,0.05,20,116,Base Camp Brewing Co.,Portland,OR
199,2187,Celestial Meridian Cascadian Dark Lager,Euro Dark Lager,12.0 oz,0.051,45,116,Base Camp Brewing Co.,Portland,OR
200,1966,Wagon Party,California Common / Steam Beer,12.0 ounce,0.054,55,258,Bauhaus Brew Labs,Minneapolis,MN
201,1965,Sky-Five,American IPA,12.0 oz.,0.07%,70,258,Bauhaus Brew Labs,Minneapolis,MN
202,1964,Stargrazer,Schwarzbier,12.0 oz.,0.05,28,258,Bauhaus Brew Labs,Minneapolis,MN
203,1963,Wonderstuff,German Pilsener,12.0 oz.,0.054,48,258,Bauhaus Brew Labs,Minneapolis,MN
205,1778,On the Count of 3 (2015),Hefeweizen,16.0 oz,0.07%,42,292,Baxter Brewing Company,Lewiston,ME
210,533,Amber Road,American Amber / Red Ale,12.0 oz.,0.055,35,292,Baxter Brewing Company,Lewiston,ME
211,183,Pamola Xtra Pale Ale,American Pale Ale (APA),12.0 OZ.,0.05%,28,292,Baxter Brewing Company,Lewiston,ME
212,182,Stowaway IPA,American IPA,12.0 oz,0.069,69,292,Baxter Brewing Company,Lewiston,ME
213,1806,Hoptopus Double IPA,American Double / Imperial IPA,16.0 ounce,0.088,108,306,Beach Brewing Company,Virginia Beach,VA
214,2435,Watermelon Ale,Fruit / Vegetable Beer,12.0 OZ.,0.05,10,103,Beer Works Brewery,Lowell,MA
215,2423,Fenway American Pale Ale,American Pale Ale (APA),12.0 oz. Alumi-Tek,0.06%,45,103,Beer Works Brewery,Lowell,MA
216,2420,Back Bay IPA,American IPA,12.0 oz.,0.07%,85,103,Beer Works Brewery,Lowell,MA
217,2419,Bunker Hill Blueberry Ale,Other,12.0 ounce,0.048,16,103,Beer Works Brewery,Lowell,MA
224,2558,Moar,English India Pale Ale (IPA),12.0 oz.,0.044,44,53,Bent Brewstillery,Roseville,MN
226,2556,Nordic Blonde,American Blonde Ale,12.0 oz.,0.06%,27,53,Bent Brewstillery,Roseville,MN
228,2410,Harness the Winter,American IPA,12.0 oz.,0.072,87,75,Bent Paddle Brewing Company,Duluth,MN
229,1902,14° ESB,Extra Special / Strong Bitter (ESB),12.0 ounce,0.056,32,75,Bent Paddle Brewing Company,Duluth,MN
230,1901,Bent Hop Golden IPA,American IPA,12.0 oz.,0.062,68,75,Bent Paddle Brewing Company,Duluth,MN
232,1253,Venture Pils,German Pilsener,12.0 oz.,0.05,38,75,Bent Paddle Brewing Company,Duluth,MN
233,1900,Lost Sailor IPA,English India Pale Ale (IPA),12.0 ounce,0.055,40,278,Berkshire Brewing Company,South Deerfield,MA
234,1317,Steel Rail Extra Pale Ale,American Pale Ale (APA),12.0 oz,0.053,20,278,Berkshire Brewing Company,South Deerfield,MA
240,2104,Aprè Shred,American Strong Ale,16.0 oz. Alumi-Tek,0.081,17,220,Big Choice Brewing,Broomfield,CO
241,1762,Hemlock Double IPA,American Double / Imperial IPA,12.0 ounce,0.10%,104,220,Big Choice Brewing,Broomfield,CO
243,1067,Disconnected Red,American Amber / Red Ale,16.0 oz,0.067,85,220,Big Choice Brewing,Broomfield,CO
247,2639,Dark Star,American Stout,16.0 oz.,0.08,54,8,Big Lake Brewing,Holland,MI
250,2585,Galaxy IPA,American IPA,16.0 oz.,0.075,60,40,Big Muddy Brewing,Murphysboro,IL
251,643,Big River Pilsner,Czech Pilsener,12.0 oz.,0.05,32,519,Big River Brewing Company,Chattanooga,TN
252,632,House Brand IPA,American IPA,12.0 oz.,0.06,55,519,Big River Brewing Company,Chattanooga,TN
253,1714,Big Sky IPA,American IPA,12.0 ounce,0.062,65,336,Big Sky Brewing Company,Missoula,MT
254,1713,Scape Goat Pale Ale,English Pale Ale,12.0 oz,0.05%,40,336,Big Sky Brewing Company,Missoula,MT
255,1712,Montana Trout Slayer Ale,American Pale Wheat Ale,12.0 oz,0.05,35,336,Big Sky Brewing Company,Missoula,MT
256,1711,Moose Drool Brown Ale,American Brown Ale,12.0 oz.,0.051,26,336,Big Sky Brewing Company,Missoula,MT
257,1456,Powder Hound Winter Ale,English Strong Ale,12.0 oz.,0.072,60,336,Big Sky Brewing Company,Missoula,MT
258,767,Moose Drool Brown Ale (2011),American Brown Ale,12.0 oz.,0.051,26,336,Big Sky Brewing Company,Missoula,MT
259,766,Montana Trout Slayer Ale (2012),American Pale Wheat Ale,12.0 oz,0.05,35,336,Big Sky Brewing Company,Missoula,MT
260,579,Big Sky IPA (2012),American IPA,12.0 OZ.,0.062,65,336,Big Sky Brewing Company,Missoula,MT
262,159,Scape Goat Pale Ale (2010),English Pale Ale,12.0 oz,0.05,40,336,Big Sky Brewing Company,Missoula,MT
263,35,Montana Trout Slayer Ale (2009),American Pale Wheat Ale,12.0 oz,0.05,35,336,Big Sky Brewing Company,Missoula,MT
264,34,Moose Drool Brown Ale (2009),American Brown Ale,12.0 oz.,0.05%,26,336,Big Sky Brewing Company,Missoula,MT
265,2096,Arcus IPA,American IPA,12.0 oz.,0.069,81,221,Big Storm Brewing Company,Odessa,FL
266,2095,Wavemaker,American Amber / Red Ale,12.0 ounce,0.06%,38,221,Big Storm Brewing Company,Odessa,FL
267,1257,Jack Pine Savage,American Pale Ale (APA),16.0 oz,0.053,43,444,Big Wood Brewery,Vadnais Heights,MN
268,1256,Forest Fire Imperial Smoked Rye,Rye Beer,16.0 ounce,0.10%,85,444,Big Wood Brewery,Vadnais Heights,MN
269,1255,Bad Axe Imperial IPA,American Double / Imperial IPA,16.0 OZ.,0.098,76,444,Big Wood Brewery,Vadnais Heights,MN
270,986,Morning Wood,Oatmeal Stout,16.0 oz.,0.055,35,444,Big Wood Brewery,Vadnais Heights,MN
271,985,Bark Bite IPA,American IPA,16.0 oz.,0.066,50,444,Big Wood Brewery,Vadnais Heights,MN
272,2508,Jalapeno Pale Ale,American Pale Ale (APA),16.0 ounce,0.055,45,70,Birdsong Brewing Company,Charlotte,NC
276,2620,Saucy Intruder,Rye Beer,16.0 oz,0.072,75,18,Black Acre Brewing Co.,Indianapolis,IN
277,2412,Deception,American Blonde Ale,12.0 oz,0.05%,16,112,Black Market Brewing Company,Temecula,CA
278,1898,Blackmarket Rye IPA,American IPA,12.0 ounce,0.075,35,112,Black Market Brewing Company,Temecula,CA
279,1897,Black Market Hefeweizen,Hefeweizen,12.0 ounce,0.05,8,112,Black Market Brewing Company,Temecula,CA
280,1896,Aftermath Pale Ale,American Pale Ale (APA),12.0 ounce,0.058,44,112,Black Market Brewing Company,Temecula,CA
281,1850,American India Red Ale,American Strong Ale,12.0 oz,0.071,83,294,Black Shirt Brewing Company,Denver,CO
282,1849,American Red Porter,American Porter,12.0 ounce,0.071,45,294,Black Shirt Brewing Company,Denver,CO
283,1848,American Red Saison,Saison / Farmhouse Ale,12.0 oz.,0.078,34,294,Black Shirt Brewing Company,Denver,CO
284,1847,Colorado Red Ale,American Amber / Red Ale,12.0 oz,0.066,44,294,Black Shirt Brewing Company,Denver,CO
285,2485,Saddle Bronc Brown Ale,American Brown Ale,12.0 oz,0.05%,16,79,Black Tooth Brewing Company,Sheridan,WY
286,2484,Bomber Mountain Amber Ale,American Amber / Red Ale,12.0 oz,0.046,20,79,Black Tooth Brewing Company,Sheridan,WY
288,2634,Nordskye,American IPA,12.0 oz. Alumi-Tek,0.048,47,12,Blackrocks Brewery,Marquette,MI
289,2153,North Third Stout,Foreign / Export Stout,12.0 OZ.,0.06,30,12,Blackrocks Brewery,Marquette,MI
292,1481,51K IPA,American IPA,12.0 oz,0.07,51,12,Blackrocks Brewery,Marquette,MI
304,888,1327 Pod's ESB,Extra Special / Strong Bitter (ESB),12.0 oz.,0.056,37,380,Blue Blood Brewing Company,Lincoln,NE
305,886,1327 Pod's ESB,Extra Special / Strong Bitter (ESB),12.0 ounce,0.06%,37,380,Blue Blood Brewing Company,Lincoln,NE
306,612,1327 Pod's ESB,Extra Special / Strong Bitter (ESB),12.0 ounce,0.06%,37,380,Blue Blood Brewing Company,Lincoln,NE
307,611,834 Happy As Ale,American Pale Ale (APA),12.0 oz.,0.046,35,380,Blue Blood Brewing Company,Lincoln,NE
312,1546,Steel Wheels ESB,Extra Special / Strong Bitter (ESB),12.0 oz.,0.065,30,382,Blue Mountain Brewery,Afton,VA
313,1545,Blue Mountain Classic Lager,Euro Pale Lager,12.0 oz.,0.053,22,382,Blue Mountain Brewery,Afton,VA
314,119,Full Nelson Pale Ale (2010),American Pale Ale (APA),12.0 ounce,0.059,60,382,Blue Mountain Brewery,Afton,VA
315,1408,K?lsch 151,K?lsch,12.0 oz,0.049,16,414,Blue Mountain Brewery,Arrington,VA
321,692,Blue Point White IPA,American White IPA,12.0 oz.,0.06%,40,489,Blue Point Brewing Company,Patchogue,NY
322,667,Blue Point Summer Ale,American Blonde Ale,12.0 ounce,0.044,16,489,Blue Point Brewing Company,Patchogue,NY
323,665,Toasted Lager,Vienna Lager,12.0 ounce,0.055,28,489,Blue Point Brewing Company,Patchogue,NY
332,1891,Longhop IPA,American IPA,16.0 OZ.,0.04%,30,281,Bolero Snort Brewery,Ridgefield Park,NJ
333,1890,Lucky Buck,Irish Dry Stout,16.0 oz.,0.04,34,281,Bolero Snort Brewery,Ridgefield Park,NJ
335,513,Bomb Lager (Old Recipe),Munich Helles Lager,12.0 oz.,0.045,27,525,Bomb Beer Company,New York,NY
336,2422,Firestarter India Pale Ale,American IPA,12.0 ounce,0.066,72,107,Bonfire Brewing Company,Eagle,CO
337,1727,Kilt Dropper Scotch Ale,Scotch Ale / Wee Heavy,16.0 oz.,0.075,22,107,Bonfire Brewing Company,Eagle,CO
338,1614,Wood Splitter Pilsner,Czech Pilsener,16.0 ounce,0.048,30,107,Bonfire Brewing Company,Eagle,CO
339,1613,Gyptoberfest,M?rzen / Oktoberfest,12.0 oz.,0.056,26,107,Bonfire Brewing Company,Eagle,CO
340,1549,Farmer Wirtz India Pale Ale,English India Pale Ale (IPA),16.0 ounce,0.07,94,107,Bonfire Brewing Company,Eagle,CO
345,1360,Screaming Eagle Special Ale ESB,Extra Special / Strong Bitter (ESB),12.0 oz.,0.048,38,107,Bonfire Brewing Company,Eagle,CO
347,1183,Kindler Pale Ale,American Pale Ale (APA),12.0 oz.,0.053,45,107,Bonfire Brewing Company,Eagle,CO
354,633,Firestarter India Pale Ale,American IPA,16.0 ounce,0.066,72,107,Bonfire Brewing Company,Eagle,CO
355,2062,Noche Dulce,American Porter,16.0 oz. Alumi-Tek,0.071,16,231,Borderlands Brewing Company,Tucson,AZ
356,1830,Porch Rocker,Radler,12.0 ounce,0.045,8,300,Boston Beer Company,Boston,MA
357,1629,Rebel IPA,American IPA,16.0 oz,0.065,45,300,Boston Beer Company,Boston,MA
360,1349,Boston Lager,Vienna Lager,16.0 ounce,0.049,30,300,Boston Beer Company,Boston,MA
361,1310,Boston Lager,Vienna Lager,12.0 oz.,0.049,30,300,Boston Beer Company,Boston,MA
362,1281,Samuel Adams Octoberfest,M?rzen / Oktoberfest,12.0 oz,0.053,15,300,Boston Beer Company,Boston,MA
363,1144,Samuel Adams Summer Ale,American Pale Wheat Ale,12.0 oz,0.053,7,300,Boston Beer Company,Boston,MA
364,1143,Boston Lager,Vienna Lager,12.0 oz.,0.049,30,300,Boston Beer Company,Boston,MA
365,1395,Hazed & Infused,American Pale Ale (APA),12.0 oz.,0.049,35,417,Boulder Beer Company,Boulder,CO
366,808,Hoopla Pale Ale,American Pale Ale (APA),12.0 ounce,0.057,35,417,Boulder Beer Company,Boulder,CO
367,81,Hazed & Infused (2010),American Pale Ale (APA),12.0 oz.,0.049,35,417,Boulder Beer Company,Boulder,CO
368,2596,Heavy Lifting,American IPA,12.0 oz.,0.062,80,31,Boulevard Brewing Company,Kansas City,MO
372,2107,Plum St. Porter,American Porter,12.0 oz.,0.06%,52,219,Bozeman Brewing Company,Bozeman,MT
373,1573,Plum St. Porter,American Porter,12.0 ounce,0.057,52,219,Bozeman Brewing Company,Bozeman,MT
374,1289,Bozone HopZone IPA,American IPA,12.0 ounce,0.07,80,219,Bozeman Brewing Company,Bozeman,MT
375,1288,Bozone Hefe Weizen,Hefeweizen,12.0 oz.,0.06,25,219,Bozeman Brewing Company,Bozeman,MT
377,2167,Evil Owl,American Amber / Red Ale,12.0 oz. Alumi-Tek,0.052,40,207,Branchline Brewing Company,San Antonio,TX
379,1522,Agave Wheat,American Pale Wheat Ale,12.0 oz.,0.042,9,391,Breckenridge Brewery,Denver,CO
380,397,SummerBright Ale,American Pale Wheat Ale,12.0 ounce,0.045,15,391,Breckenridge Brewery,Denver,CO
381,193,Lucky U IPA,American IPA,12.0 ounce,0.06%,68,391,Breckenridge Brewery,Denver,CO
384,1801,Last Stop IPA,American IPA,12.0 oz.,0.072,60,308,Brew Bus Brewing,Tampa,FL
385,1800,Rollin Dirty Red Ale,Irish Red Ale,12.0 oz.,0.05%,21,308,Brew Bus Brewing,Tampa,FL
386,1799,Are Wheat There Yet?,American Pale Wheat Ale,12.0 oz,0.055,28,308,Brew Bus Brewing,Tampa,FL
454,921,Northern Lights Amber Ale,American Amber / Red Ale,12.0 oz.,0.05,15,493,Broken Tooth Brewing Company,Anchorage,AK
455,920,Polar Pale Ale,American Pale Ale (APA),12.0 oz. Alumi-Tek,0.052,17,493,Broken Tooth Brewing Company,Anchorage,AK
457,648,Fairweather IPA,American IPA,12.0 oz.,0.061,64,493,Broken Tooth Brewing Company,Anchorage,AK
458,1279,East India Pale Ale,English India Pale Ale (IPA),16.0 oz,0.07%,47,437,Brooklyn Brewery,Brooklyn,NY
460,566,East India Pale Ale,English India Pale Ale (IPA),12.0 oz.,0.068,47,437,Brooklyn Brewery,Brooklyn,NY
466,383,Black Adder IBA (Current),American Black Ale,16.0 oz.,0.073,85,530,Buckbean Brewing Company,Reno,NV
468,28,Tule Duck Red Ale (Current),American Amber / Red Ale,16.0 oz,0.06%,42,530,Buckbean Brewing Company,Reno,NV
469,27,Original Orange Blossom Ale (Current),Herbed / Spiced Beer,16.0 oz.,0.06%,35,530,Buckbean Brewing Company,Reno,NV
470,26,Black Noddy Lager (Current),Schwarzbier,16.0 oz.,0.052,40,530,Buckbean Brewing Company,Reno,NV
474,2124,Summer's Wit,Witbier,12.0 oz,0.06,20,214,Buffalo Bayou Brewing Company,Houston,TX
475,2123,More Cowbell,American Double / Imperial IPA,16.0 ounce,0.09,118,214,Buffalo Bayou Brewing Company,Houston,TX
479,2478,Pale Alement,American Pale Ale (APA),12.0 oz,0.055,40,24,Burn 'Em Brewing,Michigan City,IN
480,2471,Hopkick Dropkick,American Double / Imperial IPA,12.0 ounce,0.099,115,24,Burn 'Em Brewing,Michigan City,IN
483,2160,Joey Wheat,American Pale Wheat Ale,16.0 ounce,0.07%,16,24,Burn 'Em Brewing,Michigan City,IN
484,2158,3:33 Black IPA,American IPA,16.0 oz,0.072,86,24,Burn 'Em Brewing,Michigan City,IN
486,2054,Pale Alement,American Pale Ale (APA),16.0 oz,0.055,40,24,Burn 'Em Brewing,Michigan City,IN
487,2196,Couch Select Lager,American Pale Lager,12.0 oz,0.05,14,197,Burnside Brewing Co.,Portland,OR
488,668,Mucho Aloha Hawaiian Pale Ale,American Pale Ale (APA),12.0 ounce,0.056,36,517,Butcher's Brewing,Carlsbad,CA
500,2214,Horny Toad Cerveza,American Blonde Ale,16.0 oz,0.053,25,182,COOP Ale Works,Oklahoma City,OK
502,1442,F5 IPA,American IPA,16.0 oz,0.07%,100,182,COOP Ale Works,Oklahoma City,OK
503,170,Native Amber (2013),American Amber / Red Ale,16.0 OZ.,0.063,35,182,COOP Ale Works,Oklahoma City,OK
504,169,Horny Toad Cerveza (2013),American Blonde Ale,16.0 ounce,0.053,25,182,COOP Ale Works,Oklahoma City,OK
505,2315,Hopportunity Knocks IPA,American IPA,12.0 ounce,0.07%,100,155,Caldera Brewing Company,Ashland,OR
507,1419,Caldera Pale Ale,American Pale Ale (APA),12.0 oz.,0.06%,55,155,Caldera Brewing Company,Ashland,OR
508,878,Lawnmower Lager,American Adjunct Lager,12.0 oz,0.039,16,155,Caldera Brewing Company,Ashland,OR
510,793,Caldera IPA (2009),American IPA,12.0 oz,0.061,94,155,Caldera Brewing Company,Ashland,OR
511,792,Caldera IPA (2007),American IPA,12.0 OZ.,0.06%,94,155,Caldera Brewing Company,Ashland,OR
512,791,Caldera Pale Ale (2010),American Pale Ale (APA),12.0 oz,0.06%,55,155,Caldera Brewing Company,Ashland,OR
513,790,Caldera Pale Ale (2009),American Pale Ale (APA),12.0 ounce,0.056,55,155,Caldera Brewing Company,Ashland,OR
514,789,Caldera Pale Ale (2005),American Pale Ale (APA),12.0 oz.,0.056,55,155,Caldera Brewing Company,Ashland,OR
515,788,Caldera Pale Ale (2007),American Pale Ale (APA),12.0 ounce,0.056,55,155,Caldera Brewing Company,Ashland,OR
516,38,Caldera Pale Ale (2011),American Pale Ale (APA),12.0 oz.,0.056,55,155,Caldera Brewing Company,Ashland,OR
517,37,Ashland Amber Ale,American Amber / Red Ale,12.0 oz. Alumi-Tek,0.054,24,155,Caldera Brewing Company,Ashland,OR
518,36,Caldera IPA,American IPA,12.0 oz,0.061,94,155,Caldera Brewing Company,Ashland,OR
525,2068,Imperial Pumpkin Stout,Pumpkin Ale,16.0 oz.,0.099,43,230,Cape Ann Brewing Company,Gloucester,MA
526,2067,Dead-Eye DIPA,American Double / Imperial IPA,16.0 oz.,0.09,130,230,Cape Ann Brewing Company,Gloucester,MA
527,2066,Fisherman's IPA,American IPA,12.0 oz,0.06%,64,230,Cape Ann Brewing Company,Gloucester,MA
528,2065,Fisherman's Pils,German Pilsener,12.0 oz.,0.054,35,230,Cape Ann Brewing Company,Gloucester,MA
530,1928,Cape Cod Red,American Amber / Red Ale,16.0 oz.,0.055,35,267,Cape Cod Beer,Hyannis,MA
531,1927,Beach Blonde,American Blonde Ale,16.0 oz.,0.05%,10,267,Cape Cod Beer,Hyannis,MA
532,2227,Dark Voyage Black IPA (2013),American Black Ale,12.0 oz,0.065,80,192,Capital Brewery,Middleton,WI
533,2226,Wisconsin Amber,Vienna Lager,12.0 ounce,0.052,28,192,Capital Brewery,Middleton,WI
534,2225,Lake House,Munich Helles Lager,12.0 oz.,0.05%,18,192,Capital Brewery,Middleton,WI
535,1954,Ghost Ship White IPA,American IPA,12.0 ounce,0.056,55,192,Capital Brewery,Middleton,WI
536,1910,Lake House,Munich Helles Lager,16.0 OZ.,0.046,18,192,Capital Brewery,Middleton,WI
537,1177,Mutiny IPA,American IPA,12.0 oz.,0.062,70,192,Capital Brewery,Middleton,WI
546,2255,Santa's Secret,Winter Warmer,16.0 oz,0.059,22,179,Carolina Brewery,Pittsboro,NC
549,2094,Epitome,American Black Ale,16.0 oz.,0.099,100,222,Carton Brewing Company,Atlantic Highlands,NJ
550,1941,Monkey Chased the Weasel,Berliner Weissbier,16.0 ounce,0.039,9,222,Carton Brewing Company,Atlantic Highlands,NJ
552,1439,Boat Beer,American IPA,12.0 oz.,0.042,35,222,Carton Brewing Company,Atlantic Highlands,NJ
562,1882,Whitecap Wit,Witbier,16.0 ounce,0.048,16,285,Catawba Island Brewing,Port Clinton,OH
563,1881,Seiche Scottish Ale,Scottish Ale,16.0 OZ.,0.078,16,285,Catawba Island Brewing,Port Clinton,OH
566,2600,Gone A-Rye,American Double / Imperial IPA,16.0 oz.,0.085,90,29,Cedar Creek Brewery,Seven Points,TX
568,2052,Dankosaurus,American IPA,16.0 oz,0.07%,70,29,Cedar Creek Brewery,Seven Points,TX
569,1584,Scruffy's Smoked Alt,Smoked Beer,16.0 oz.,0.05%,35,29,Cedar Creek Brewery,Seven Points,TX
570,1182,Elliott's Phoned Home Pale Ale,American Pale Ale (APA),16.0 oz,0.05%,36,29,Cedar Creek Brewery,Seven Points,TX
571,1050,The Lawn Ranger,Cream Ale,16.0 oz.,0.05,18,29,Cedar Creek Brewery,Seven Points,TX
574,2377,Main St. Virginia Ale,Altbier,12.0 ounce,0.05,40,122,Center of the Universe Brewing C...,Ashland,VA
575,1839,Chin Music Amber Lager,American Amber / Red Lager,12.0 oz. Alumi-Tek,0.045,24,122,Center of the Universe Brewing C...,Ashland,VA
576,1248,Main St. Virginia Ale,Altbier,12.0 ounce,0.05,40,122,Center of the Universe Brewing C...,Ashland,VA
577,1247,Ray Ray’s Pale Ale,American Pale Ale (APA),12.0 OZ.,0.052,42,122,Center of the Universe Brewing C...,Ashland,VA
578,1649,Chai Ale,Herbed / Spiced Beer,16.0 oz,0.051,15,350,Central Coast Brewing Company,San Luis Obispo,CA
580,1647,Terrace Hill Double IPA,American Double / Imperial IPA,16.0 oz.,0.095,99,350,Central Coast Brewing Company,San Luis Obispo,CA
581,1646,Catch 23,American Black Ale,16.0 oz,0.075,77,350,Central Coast Brewing Company,San Luis Obispo,CA
583,2056,Black Me Stout,American Stout,12.0 OZ.,0.06,45,236,Champion Brewing Company,Charlottesville,VA
584,2055,Killer Kolsch,K?lsch,12.0 oz,0.05,22,236,Champion Brewing Company,Charlottesville,VA
587,2018,Ale Cider,Fruit / Vegetable Beer,16.0 oz. Alumi-Tek,0.065,8,250,Chapman's Brewing,Angola,IN
588,2017,Pail Ale,American Pale Ale (APA),16.0 oz.,0.055,30,250,Chapman's Brewing,Angola,IN
590,2080,8 Barrel,American Strong Ale,16.0 ounce,0.08%,69,226,Chatham Brewing,Chatham,NY
591,2079,Oktoberfest,M?rzen / Oktoberfest,16.0 ounce,0.055,40,226,Chatham Brewing,Chatham,NY
592,2380,IPA #11,American IPA,16.0 oz,0.06%,58,121,Cheboygan Brewing Company,Cheboygan,MI
593,2379,Blood Orange Honey,Fruit / Vegetable Beer,16.0 oz.,0.06%,10,121,Cheboygan Brewing Company,Cheboygan,MI
595,2440,Bay of Bengal Double IPA (2014),American Double / Imperial IPA,12.0 oz.,0.089,126,99,Christian Moerlein Brewing Company,Cincinnati,OH
596,567,Churchkey Pilsner Style Beer,American Pilsner,12.0 oz,0.049,29,526,Churchkey Can Company,Seattle,WA
599,2349,Cubano Espresso,Bock,12.0 oz.,0.055,25,141,Cigar City Brewing Company,Tampa,FL
600,2014,Operation Homefront,American IPA,12.0 oz,0.062,65,141,Cigar City Brewing Company,Tampa,FL
601,2013,Wandering Pelican,American Black Ale,12.0 oz.,0.082,65,141,Cigar City Brewing Company,Tampa,FL
606,1726,Hopped on the High Seas (Hop #529),American IPA,12.0 oz. Silo Can,0.07,60,141,Cigar City Brewing Company,Tampa,FL
607,1725,Hopped on the High Seas (Calypso),American IPA,12.0 ounce,0.07,60,141,Cigar City Brewing Company,Tampa,FL
609,1694,Dry-Hopped On The High Seas Caribbean-Style IPA,American IPA,12.0 oz.,0.07%,60,141,Cigar City Brewing Company,Tampa,FL
610,1693,Hopped on the High Seas (Citra),American IPA,12.0 ounce,0.07,60,141,Cigar City Brewing Company,Tampa,FL
611,1692,Hopped on the High Seas (Ahtanum),American IPA,12.0 oz.,0.07,60,141,Cigar City Brewing Company,Tampa,FL
614,1142,Humidor Series India Pale Ale,American IPA,12.0 oz,0.075,70,141,Cigar City Brewing Company,Tampa,FL
615,1141,Jai Alai IPA Aged on White Oak,American IPA,12.0 ounce,0.075,70,141,Cigar City Brewing Company,Tampa,FL
616,1140,José Martí American Porter,American Porter,12.0 oz,0.08,65,141,Cigar City Brewing Company,Tampa,FL
619,571,Maduro Brown Ale,American Brown Ale,12.0 oz,0.06%,25,141,Cigar City Brewing Company,Tampa,FL
621,569,Tocobaga Red Ale,American Amber / Red Ale,12.0 oz,0.07%,75,141,Cigar City Brewing Company,Tampa,FL
622,546,Jai Alai IPA,American IPA,12.0 oz,0.075,70,141,Cigar City Brewing Company,Tampa,FL
623,545,Florida Cracker Belgian Wit,Witbier,12.0 oz. Alumi-Tek,0.05%,18,141,Cigar City Brewing Company,Tampa,FL
631,1772,Jacaranada Rye IPA,American IPA,16.0 oz.,0.067,60,320,Claremont Craft Ales,Claremont,CA
632,1393,Cascadian Dark Ale,American Black Ale,12.0 oz,0.06%,75,418,Coalition Brewing Company,Portland,OR
633,893,Wheat the People,American Pale Wheat Ale,16.0 oz,0.044,13,418,Coalition Brewing Company,Portland,OR
634,1407,Tybee Island Blonde,American Blonde Ale,12.0 oz,0.047,17,415,Coastal Empire Beer Company,Savannah,GA
635,1406,Savannah Brown Ale,American Brown Ale,12.0 ounce,0.062,55,415,Coastal Empire Beer Company,Savannah,GA
636,2438,Rhode Island Blueberry,K?lsch,12.0 ounce,0.046,11,101,Coastal Extreme Brewing Company,Newport,RI
637,2437,Newport Storm IPA,American IPA,12.0 ounce,0.065,75,101,Coastal Extreme Brewing Company,Newport,RI
638,751,Hurricane Amber Ale (2004),American Amber / Red Ale,12.0 oz.,0.052,24,101,Coastal Extreme Brewing Company,Newport,RI
639,120,Hurricane Amber Ale,American Amber / Red Ale,12.0 oz,0.052,24,101,Coastal Extreme Brewing Company,Newport,RI
641,970,Des Moines IPA,American IPA,16.0 ounce,0.068,75,482,Confluence Brewing Company,Des Moines,IA
642,969,Capital Gold Golden Lager,German Pilsener,16.0 ounce,0.048,22,482,Confluence Brewing Company,Des Moines,IA
651,659,Crabtree Oatmeal Stout,Oatmeal Stout,16.0 oz,0.08%,29,515,Crabtree Brewing Company,Greeley,CO
652,556,Eclipse Black IPA,American Black Ale,16.0 oz.,0.077,71,515,Crabtree Brewing Company,Greeley,CO
653,2538,Neomexicanus Native,American Pale Ale (APA),12.0 OZ.,0.06,46,63,Crazy Mountain Brewing Company,Edwards,CO
654,2355,Old Soul,Belgian Strong Pale Ale,12.0 oz,0.08%,25,63,Crazy Mountain Brewing Company,Edwards,CO
658,685,Lava Lake Wit,Witbier,12.0 oz.,0.052,15,63,Crazy Mountain Brewing Company,Edwards,CO
660,356,Crazy Mountain Amber Ale,American Amber / Red Ale,12.0 ounce,0.052,25,63,Crazy Mountain Brewing Company,Edwards,CO
661,2029,Tropicalia,American IPA,12.0 oz.,0.065,65,247,Creature Comforts,Athens,GA
663,2293,Aviator Raspberry Blonde,American Blonde Ale,12.0 oz.,0.05%,25,169,Crooked Fence Brewing Company,Garden City,ID
673,1057,South Ridge Amber Ale,American Amber / Red Ale,16.0 oz.,0.06%,31,472,Crystal Springs Brewing Company,Boulder,CO
674,681,Summertime Ale,K?lsch,16.0 oz,0.052,23,472,Crystal Springs Brewing Company,Boulder,CO
682,1809,The Tradition,American Blonde Ale,12.0 oz,0.05%,15,227,DC Brau Brewing Company,Washington,DC
683,1263,El Hefe Speaks,Hefeweizen,12.0 oz,0.053,11,227,DC Brau Brewing Company,Washington,DC
685,851,On the Wings of Armageddon,American Double / Imperial IPA,12.0 oz.,0.092,115,227,DC Brau Brewing Company,Washington,DC
686,186,The Corruption,American IPA,12.0 oz.,0.07%,80,227,DC Brau Brewing Company,Washington,DC
695,1746,Dead Armadillo Amber Ale,American Amber / Red Ale,12.0 ounce,0.06%,37,330,Dead Armadillo Craft Brewing,Tulsa,OK
697,2251,Oak Cliff Coffee Ale,American Brown Ale,12.0 oz.,0.08%,33,127,Deep Ellum Brewing Company,Dallas,TX
698,2166,Dream Crusher Double IPA,American Double / Imperial IPA,12.0 oz,0.085,100,127,Deep Ellum Brewing Company,Dallas,TX
701,1202,Farmhouse Wit,Saison / Farmhouse Ale,16.0 oz,0.048,25,127,Deep Ellum Brewing Company,Dallas,TX
703,946,Dallas Blonde,American Blonde Ale,12.0 oz.,0.05%,23,127,Deep Ellum Brewing Company,Dallas,TX
704,943,Deep Ellum IPA,American IPA,12.0 oz,0.07,70,127,Deep Ellum Brewing Company,Dallas,TX
705,1886,Thrasher Session India Pale Ale,American IPA,12.0 oz,0.045,44,283,Defiance Brewing Company,Hays,KS
706,1885,Gutch English Style Mild Ale,English Pale Mild Ale,12.0 oz,0.05,16,283,Defiance Brewing Company,Hays,KS
707,1213,Chuli Stout,Irish Dry Stout,12.0 ounce,0.059,55,453,Denali Brewing Company,Talkeetna,AK
708,1159,Mother Ale,American Blonde Ale,12.0 oz.,0.056,46,453,Denali Brewing Company,Talkeetna,AK
709,947,Twister Creek India Pale Ale,American IPA,12.0 oz,0.065,71,453,Denali Brewing Company,Talkeetna,AK
710,929,Single Engine Red,Irish Red Ale,12.0 oz,0.058,46,453,Denali Brewing Company,Talkeetna,AK
713,1210,Mirror Pond Pale Ale,American Pale Ale (APA),12.0 oz.,0.05%,40,454,Deschutes Brewery,Bend,OR
714,2550,Weissenheimer,Hefeweizen,12.0 oz,0.05%,16,57,Destihl Brewery,Bloomington,IL
715,2505,Abbey's Single (2015- ),Abbey Single Ale,12.0 OZ.,0.05%,22,57,Destihl Brewery,Bloomington,IL
719,1888,Hoperation Overload,American Double / Imperial IPA,12.0 oz.,0.096,85,57,Destihl Brewery,Bloomington,IL
720,1887,Abbey's Single Ale (Current),Abbey Single Ale,12.0 ounce,0.05%,22,57,Destihl Brewery,Bloomington,IL
721,2051,Bravo Four Point,American Pale Ale (APA),12.0 oz.,0.04%,45,237,Devil's Backbone Brewing Company,Lexington,VA
722,1201,Striped Bass Pale Ale,American Pale Ale (APA),12.0 OZ.,0.052,26,237,Devil's Backbone Brewing Company,Lexington,VA
723,924,Deadicated Amber,American Amber / Red Ale,16.0 oz.,0.05%,27,491,Devil's Canyon Brewery,Belmont,CA
725,730,California Sunshine Rye IPA,American IPA,16.0 oz,0.071,85,491,Devil's Canyon Brewery,Belmont,CA
726,647,Full Boar Scotch Ale,Scotch Ale / Wee Heavy,16.0 oz,0.074,12,491,Devil's Canyon Brewery,Belmont,CA
728,1795,Filthy Hoppin' IPA,American IPA,16.0 ounce,0.07%,72,311,Dirty Bucket Brewing Company,Woodinville,WA
738,881,Hop Abomination,American IPA,12.0 OZ.,0.07%,100,496,Dry Dock Brewing Company,Aurora,CO
739,880,Apricot Blonde,Fruit / Vegetable Beer,12.0 ounce,0.051,17,496,Dry Dock Brewing Company,Aurora,CO
740,872,Dry Dock Hefeweizen,Hefeweizen,12.0 oz,0.043,12,496,Dry Dock Brewing Company,Aurora,CO
741,871,Dry Dock Amber Ale,American Amber / Red Ale,12.0 ounce,0.06%,49,496,Dry Dock Brewing Company,Aurora,CO
742,1685,Category 3 IPA,American IPA,12.0 ounce,0.06%,64,340,Due South Brewing Company,Boynton Beach,FL
743,457,Dundee Summer Wheat Beer,American Pale Wheat Ale,12.0 oz.,0.05%,18,538,Dundee Brewing Company,Rochester,NY
745,1382,Crank Yanker IPA,American IPA,16.0 ounce,0.078,74,369,Eddyline Brewery & Restaurant,Buena Vista,CO
750,395,Crank Yanker IPA (2011),American IPA,16.0 oz,0.078,74,369,Eddyline Brewery & Restaurant,Buena Vista,CO
752,673,Dottie Seattle Lager,American Amber / Red Lager,16.0 oz. Silo Can,0.049,25,516,Emerald City Beer Company,Seattle,WA
759,2292,Little Sister India Style Session Ale,American IPA,12.0 ounce,0.04%,60,170,Everybody's Brewing,White Salmon,WA
760,1504,Country Boy IPA,American IPA,12.0 oz.,0.062,80,170,Everybody's Brewing,White Salmon,WA
761,2604,Blonde Czich,American Blonde Ale,16.0 ounce,0.05%,23,26,Evil Czech Brewery,Mishawaka,IN
762,2432,White Reaper,Belgian IPA,16.0 ounce,0.07%,61,26,Evil Czech Brewery,Mishawaka,IN
766,1967,General George Patton Pilsner,Czech Pilsener,16.0 oz,0.054,48,26,Evil Czech Brewery,Mishawaka,IN
772,1722,Iron Horse Pale Ale,American Pale Ale (APA),12.0 oz.,0.05,32,335,Fargo Brewing Company,Fargo,ND
773,1435,Stone's Throw IPA,Scottish Ale,12.0 oz.,0.045,19,335,Fargo Brewing Company,Fargo,ND
774,1434,Wood Chipper India Pale Ale,American IPA,12.0 oz,0.067,70,335,Fargo Brewing Company,Fargo,ND
775,2089,Trail Head,American Pale Ale (APA),12.0 oz,0.06%,55,224,Fat Head's Brewery,Middleburg Heights,OH
776,2088,Hop Stalker Fresh Hop IPA,American IPA,16.0 oz.,0.07,80,224,Fat Head's Brewery,Middleburg Heights,OH
777,1455,Sudice American Stout,American Stout,16.0 oz,0.07,58,405,Fate Brewing Company,Boulder,CO
778,1454,Parcae Belgian Style Pale Ale,Belgian Pale Ale,16.0 oz.,0.05%,20,405,Fate Brewing Company,Boulder,CO
779,1453,Norns Roggenbier,Roggenbier,16.0 oz.,0.05,20,405,Fate Brewing Company,Boulder,CO
781,1451,Moirai India Pale Ale,American IPA,16.0 ounce,0.07%,70,405,Fate Brewing Company,Boulder,CO
782,2191,Loki Red Ale,American Amber / Red Ale,16.0 ounce,0.08%,53,201,Fearless Brewing Company,Estacada,OR
785,895,Loki Red Ale (2013),American Amber / Red Ale,16.0 OZ.,0.075,53,201,Fearless Brewing Company,Estacada,OR
790,1929,Second Fiddle,American Double / Imperial IPA,16.0 oz.,0.082,80,172,Fiddlehead Brewing Company,Shelburne,VT
791,1858,Hodad Porter,American Porter,16.0 oz.,0.06%,30,172,Fiddlehead Brewing Company,Shelburne,VT
793,2590,Czech Yo Self,Czech Pilsener,12.0 oz.,0.06%,45,36,Figueroa Mountain Brewing Company,Buellton,CA
796,1664,Sobek & Set,American Black Ale,16.0 ounce,0.08,80,256,Finch's Beer Company,Chicago,IL
798,1662,Wet Hot American Wheat Ale,American Pale Wheat Ale,16.0 ounce,0.05,22,256,Finch's Beer Company,Chicago,IL
800,935,Fascist Pig Ale,American Amber / Red Ale,16.0 oz. Alumi-Tek,0.08%,72,256,Finch's Beer Company,Chicago,IL
805,2569,Easy Jack,American IPA,12.0 oz,0.045,47,48,Firestone Walker Brewing Company,Paso Robles,CA
809,1733,805,American Blonde Ale,12.0 oz,0.047,20,48,Firestone Walker Brewing Company,Paso Robles,CA
811,2284,Hinchtown Hammer Down,American Blonde Ale,16.0 ounce,0.05,27,16,Flat 12 Bierwerks,Indianapolis,IN
812,1610,Half Cycle IPA,American IPA,16.0 ounce,0.06,104,16,Flat 12 Bierwerks,Indianapolis,IN
815,608,Snake Dog IPA,American IPA,12.0 ounce,0.07%,60,521,Flying Dog Brewery,Frederick,MD
816,607,Underdog Atlantic Lager,American Pale Lager,12.0 oz.,0.047,28,521,Flying Dog Brewery,Frederick,MD
818,2566,Flying Mouse 4,American IPA,12.0 ounce,0.07,70,50,Flying Mouse Brewery,Troutville,VA
823,2111,What the Butler Saw,Witbier,12.0 oz.,0.05,18,217,Forgotten Boardwalk,Cherry Hill,NJ
824,2110,1916 Shore Shiver,American IPA,12.0 oz.,0.069,65,217,Forgotten Boardwalk,Cherry Hill,NJ
836,318,Vortex IPA,American IPA,16.0 ounce,0.07%,97,206,Fort George Brewery,Astoria,OR
838,2661,Park,American Pale Wheat Ale,12.0 oz.,0.05%,19,4,Fort Point Beer Company,San Francisco,CA
839,2660,Westfalia,American Amber / Red Ale,12.0 ounce,0.056,16,4,Fort Point Beer Company,San Francisco,CA
840,2659,KSA,K?lsch,12.0 oz,0.046,17,4,Fort Point Beer Company,San Francisco,CA
841,2658,Villager,American IPA,12.0 oz,0.063,42,4,Fort Point Beer Company,San Francisco,CA
842,2625,Dirty Bastard,Scotch Ale / Wee Heavy,12.0 ounce,0.085,50,15,Founders Brewing Company,Grand Rapids,MI
843,1565,Centennial IPA,American IPA,12.0 oz.,0.072,65,15,Founders Brewing Company,Grand Rapids,MI
844,1223,All Day IPA,American IPA,12.0 oz.,0.047,42,15,Founders Brewing Company,Grand Rapids,MI
845,1874,El Chingon IPA,American IPA,12.0 oz,0.08%,73,287,Four Corners Brewing Company,Dallas,TX
846,1873,Block Party Robust Porter,American Porter,12.0 ounce,0.057,40,287,Four Corners Brewing Company,Dallas,TX
851,2610,The Gadget,American IPA,16.0 oz. Alumi-Tek,0.064,90,22,Four Fathers Brewing,Valparaiso,IN
853,2309,Sunbru K?lsch,K?lsch,12.0 oz,0.052,17,160,Four Peaks Brewing Company,Tempe,AZ
856,1585,Four Peaks Peach Ale,Fruit / Vegetable Beer,12.0 oz.,0.042,9,160,Four Peaks Brewing Company,Tempe,AZ
857,358,Hop Knot IPA,American IPA,12.0 oz,0.067,47,160,Four Peaks Brewing Company,Tempe,AZ
858,179,Kilt Lifter Scottish-Style Ale (2009),Scottish Ale,12.0 oz.,0.06,21,160,Four Peaks Brewing Company,Tempe,AZ
861,2427,Suncaster Summer Wheat,American Pale Wheat Ale,12.0 oz.,0.05%,28,105,Four String Brewing Company,Columbus,OH
862,2425,Brass Knuckle Pale Ale,American Pale Ale (APA),12.0 oz. Alumi-Tek,0.057,36,105,Four String Brewing Company,Columbus,OH
863,2424,Big Star White IPA,American White IPA,12.0 ounce,0.07,70,105,Four String Brewing Company,Columbus,OH
866,1208,Twisted Helles Summer Lager,Munich Helles Lager,12.0 ounce,0.055,18,253,Frankenmuth Brewery,Frankenmuth,MI
868,2526,Texicali,American Brown Ale,12.0 oz.,0.07%,33,66,Freetail Brewing Company,San Antonio,TX
870,2524,Bat Outta Helles,Munich Helles Lager,12.0 oz.,0.042,20,66,Freetail Brewing Company,San Antonio,TX
872,2522,Rye Wit,Witbier,12.0 ounce,0.042,10,66,Freetail Brewing Company,San Antonio,TX
873,2521,Soul Doubt,American IPA,12.0 oz,0.059,70,66,Freetail Brewing Company,San Antonio,TX
874,2520,Yo Soy Un Berliner,Berliner Weissbier,12.0 ounce,0.044,5,66,Freetail Brewing Company,San Antonio,TX
878,901,Harvest Ale,Saison / Farmhouse Ale,12.0 oz,0.07%,35,460,Fremont Brewing Company,Seattle,WA
879,875,Fremont Summer Ale,American Pale Ale (APA),12.0 oz,0.065,45,460,Fremont Brewing Company,Seattle,WA
880,858,Universale Pale Ale,American Pale Ale (APA),12.0 oz.,0.06%,30,460,Fremont Brewing Company,Seattle,WA
881,857,Interurban IPA,American IPA,12.0 oz,0.07%,80,460,Fremont Brewing Company,Seattle,WA
882,1300,Gateway Kolsch Style Ale,K?lsch,12.0 oz.,0.05%,32,433,French Broad Brewery,Asheville,NC
883,1260,Wee-Heavy-Er Scotch Ale,Scotch Ale / Wee Heavy,12.0 oz,0.07%,24,433,French Broad Brewery,Asheville,NC
884,1259,13 Rebels ESB,Extra Special / Strong Bitter (ESB),12.0 oz.,0.05%,42,433,French Broad Brewery,Asheville,NC
885,2254,Salamander Slam,American IPA,16.0 oz. Alumi-Tek,0.07%,73,180,Frog Level Brewing Company,Waynesville,NC
888,2076,Boathouse Blonde,American Blonde Ale,12.0 ounce,0.049,15,228,Geneva Lake Brewing Company,Lake Geneva,WI
889,2075,Cedar Point,American Amber / Red Ale,12.0 ounce,0.05,26,228,Geneva Lake Brewing Company,Lake Geneva,WI
892,1960,Saison Pamplemousse,Saison / Farmhouse Ale,12.0 OZ.,0.06%,35,240,Golden Road Brewing,Los Angeles,CA
893,1777,2020 IPA,American IPA,16.0 oz.,0.074,74,240,Golden Road Brewing,Los Angeles,CA
894,1698,Wolf Among Weeds IPA,American IPA,16.0 oz.,0.08,70,240,Golden Road Brewing,Los Angeles,CA
895,1641,Better Weather IPA,American IPA,16.0 oz,0.094,92,240,Golden Road Brewing,Los Angeles,CA
896,1490,Point the Way IPA,American IPA,16.0 oz.,0.06%,60,240,Golden Road Brewing,Los Angeles,CA
897,1489,Golden Road Hefeweizen,Hefeweizen,16.0 ounce,0.046,15,240,Golden Road Brewing,Los Angeles,CA
899,1296,Point the Way IPA,American IPA,12.0 oz,0.06%,60,240,Golden Road Brewing,Los Angeles,CA
901,991,Get Up Offa That Brown,American Brown Ale,16.0 oz.,0.055,20,240,Golden Road Brewing,Los Angeles,CA
902,750,Burning Bush Smoked IPA,American IPA,16.0 oz.,0.08,70,240,Golden Road Brewing,Los Angeles,CA
903,749,Wolf Among Weeds IPA (2012),American IPA,16.0 oz.,0.08,70,240,Golden Road Brewing,Los Angeles,CA
904,549,Point the Way IPA (2012),American IPA,16.0 oz.,0.059,60,240,Golden Road Brewing,Los Angeles,CA
905,548,Golden Road Hefeweizen (2012),Hefeweizen,16.0 ounce,0.05%,15,240,Golden Road Brewing,Los Angeles,CA
906,2587,Vanilla Porter,American Porter,16.0 ounce,0.07,11,39,Gonzo's BiggDogg Brewing,Kalamazoo,MI
907,1109,Descender IPA,American IPA,12.0 ounce,0.07,70,464,Good Life Brewing Company,Bend,OR
908,1108,Sweet As Pacific Ale,American Pale Wheat Ale,12.0 oz.,0.06,18,464,Good Life Brewing Company,Bend,OR
909,1000,Good People Pale Ale,American Pale Ale (APA),12.0 oz.,0.06%,36,478,Good People Brewing Company,Birmingham,AL
910,312,Snake Handler Double IPA,American Double / Imperial IPA,12.0 oz,0.093,103,478,Good People Brewing Company,Birmingham,AL
911,311,Coffee Oatmeal Stout,Oatmeal Stout,12.0 oz.,0.06,54,478,Good People Brewing Company,Birmingham,AL
912,309,Good People IPA,American IPA,12.0 ounce,0.06,64,478,Good People Brewing Company,Birmingham,AL
913,308,Good People American Brown Ale,American Brown Ale,12.0 ounce,0.06%,36,478,Good People Brewing Company,Birmingham,AL
914,2205,Mountain Rescue Pale Ale,American Pale Ale (APA),12.0 OZ.,0.055,40,194,Goodlife Brewing Co.,Bend,OR
915,2198,Goose Island India Pale Ale,American IPA,12.0 oz.,0.059,55,196,Goose Island Brewery Company,Chicago,IL
916,2457,312 Urban Pale Ale,American Pale Ale (APA),16.0 oz.,0.054,30,88,Goose Island Brewing Company,Chicago,IL
917,2202,312 Urban Pale Ale,American Pale Ale (APA),12.0 oz.,0.05%,30,88,Goose Island Brewing Company,Chicago,IL
918,2201,312 Urban Wheat Ale,American Pale Wheat Ale,16.0 oz,0.04%,18,88,Goose Island Brewing Company,Chicago,IL
920,581,312 Urban Wheat Ale (2012),American Pale Wheat Ale,12.0 oz.,0.04%,20,88,Goose Island Brewing Company,Chicago,IL
921,1383,Beaver Logger,American Pale Lager,12.0 ounce,0.05%,19,420,Gore Range Brewery,Edwards,CO
926,2129,Monarch Classic American Wheat,American Pale Wheat Ale,12.0 oz.,0.043,21,213,Grapevine Craft Brewery,Farmers Branch,TX
927,2127,Sir William's English Brown Ale,English Brown Ale,12.0 oz.,0.049,21,213,Grapevine Craft Brewery,Farmers Branch,TX
928,2126,Lakefire Rye Pale Ale,American Pale Ale (APA),12.0 oz.,0.055,35,213,Grapevine Craft Brewery,Farmers Branch,TX
929,2303,Beer Agent Re-Ignition,American Blonde Ale,16.0 oz.,0.053,22,165,Great Crescent Brewery,Aurora,IN
930,1990,Cherry Ale,Fruit / Vegetable Beer,16.0 OZ.,0.057,18,165,Great Crescent Brewery,Aurora,IN
931,1702,Bourbon Barrel Aged Coconut Porter,American Porter,16.0 oz,0.056,33,165,Great Crescent Brewery,Aurora,IN
932,1701,Great Crescent IPA,American IPA,16.0 oz.,0.062,60,165,Great Crescent Brewery,Aurora,IN
933,1700,Aurora Lager,Dortmunder / Export Lager,16.0 oz,0.057,27,165,Great Crescent Brewery,Aurora,IN
934,1699,Great Crescent Blonde Ale,American Blonde Ale,16.0 oz.,0.053,22,165,Great Crescent Brewery,Aurora,IN
935,1269,Great Crescent Coconut Porter,American Porter,16.0 oz.,0.056,33,165,Great Crescent Brewery,Aurora,IN
936,930,Great Crescent Oktoberfest Lager,M?rzen / Oktoberfest,16.0 oz.,0.06%,25,165,Great Crescent Brewery,Aurora,IN
937,649,Great Crescent Brown Ale,American Brown Ale,16.0 OZ.,0.045,36,165,Great Crescent Brewery,Aurora,IN
938,639,Cherry Ale (1),Fruit / Vegetable Beer,16.0 oz.,0.057,18,165,Great Crescent Brewery,Aurora,IN
939,626,Aurora Lager (2011),Dortmunder / Export Lager,16.0 oz.,0.06%,27,165,Great Crescent Brewery,Aurora,IN
940,615,Frosted Fields Winter Wheat,American Dark Wheat Ale,16.0 oz.,0.06%,25,165,Great Crescent Brewery,Aurora,IN
942,455,Bourbon's Barrel Stout,American Stout,16.0 oz,0.075,65,165,Great Crescent Brewery,Aurora,IN
943,442,Great Crescent Stout,English Stout,16.0 oz,0.08,66,165,Great Crescent Brewery,Aurora,IN
944,441,Great Crescent Coconut Porter (2012),American Porter,16.0 oz.,0.06%,33,165,Great Crescent Brewery,Aurora,IN
945,440,Great Crescent Dark Lager,Euro Dark Lager,16.0 oz,0.057,23,165,Great Crescent Brewery,Aurora,IN
946,439,Great Crescent Mild Ale,English Dark Mild Ale,16.0 oz.,0.042,26,165,Great Crescent Brewery,Aurora,IN
947,436,Great Crescent IPA (2011),American IPA,16.0 oz.,0.06%,60,165,Great Crescent Brewery,Aurora,IN
948,389,Great Crescent Blonde Ale (2011),American Blonde Ale,16.0 oz,0.05%,22,165,Great Crescent Brewery,Aurora,IN
955,2644,Yeti  Imperial Stout,Russian Imperial Stout,12.0 ounce,0.10%,75,6,Great Divide Brewing Company,Denver,CO
958,404,Black Star Double Hopped Golden Lager (24 oz.),American Pale Lager,24.0 oz.,0.05%,15,543,Great Northern Brewing Company,Whitefish,MT
959,164,Black Star Double Hopped Golden Lager (12 oz.),American Pale Lager,12.0 ounce,0.045,15,543,Great Northern Brewing Company,Whitefish,MT
960,1923,Commotion APA,American Pale Ale (APA),12.0 ounce,0.052,49,269,Great Raft Brewing Company,Shreveport,LA
962,1604,Chickawawa Lemonale,Fruit / Vegetable Beer,12.0 oz,0.05,5,365,Great River Brewery,Davenport,IA
963,1574,Barrel Aged Farmer,American Brown Ale,16.0 ounce,0.07%,22,365,Great River Brewery,Davenport,IA
966,1244,Dos Pistolas,Vienna Lager,12.0 oz.,0.05%,20,365,Great River Brewery,Davenport,IA
967,1064,Owney Irish Style Red Ale,Irish Red Ale,16.0 ounce,0.05,30,365,Great River Brewery,Davenport,IA
969,865,Widespread Wit,Witbier,16.0 oz.,0.055,10,365,Great River Brewery,Davenport,IA
970,864,Roller Dam Red Ale,Irish Red Ale,16.0 oz. Alumi-Tek,0.05%,30,365,Great River Brewery,Davenport,IA
971,863,483 Pale Ale,American Pale Ale (APA),16.0 oz.,0.053,48,365,Great River Brewery,Davenport,IA
972,672,Hop A Potamus Double Dark Rye Pale Ale,Rye Beer,16.0 oz.,0.09%,99,365,Great River Brewery,Davenport,IA
973,655,Farmer Brown Ale,American Brown Ale,16.0 ounce,0.07,22,365,Great River Brewery,Davenport,IA
974,540,Big Cock IPA,American IPA,16.0 oz,0.07%,70,365,Great River Brewery,Davenport,IA
975,539,Oktoberfest,M?rzen / Oktoberfest,16.0 oz.,0.06%,25,365,Great River Brewery,Davenport,IA
976,517,40th Annual Bix Street Fest Copper Ale (Current),American Amber / Red Ale,16.0 oz.,0.048,25,365,Great River Brewery,Davenport,IA
977,371,Redband Stout,American Stout,16.0 oz.,0.06%,36,365,Great River Brewery,Davenport,IA
978,190,483 Pale Ale (2010),American Pale Ale (APA),16.0 oz,0.05%,48,365,Great River Brewery,Davenport,IA
979,189,Roller Dam Red Ale (2010),Irish Red Ale,16.0 oz,0.054,30,365,Great River Brewery,Davenport,IA
980,1106,Pablo Beach Pale Ale,American Pale Ale (APA),12.0 oz.,0.05%,30,466,Green Room Brewing,Jacksonville,FL
981,2314,Wild Trail Pale Ale,American Pale Ale (APA),12.0 ounce,0.057,44,156,Greenbrier Valley Brewing Company,Lewisburg,WV
982,2313,Mothman Black IPA,American Black Ale,12.0 ounce,0.067,71,156,Greenbrier Valley Brewing Company,Lewisburg,WV
984,2044,Captain's Daughter,American Double / Imperial IPA,12.0 oz,0.085,69,86,Grey Sail Brewing Company,Westerly,RI
986,1505,Flying Jenny Extra Pale Ale,American Pale Ale (APA),12.0 oz.,0.06%,54,379,Grey Sail Brewing of Rhode Island,Westerly,RI
987,1186,Hazy Day Belgian-Style Wit,Witbier,16.0 ounce,0.04,20,379,Grey Sail Brewing of Rhode Island,Westerly,RI
989,984,Leaning Chimney Smoked Porter,American Porter,16.0 OZ.,0.06,34,379,Grey Sail Brewing of Rhode Island,Westerly,RI
990,693,Flying Jenny Extra Pale Ale (2012),American Pale Ale (APA),12.0 oz.,0.06%,54,379,Grey Sail Brewing of Rhode Island,Westerly,RI
991,631,Flagship Ale,Cream Ale,12.0 oz.,0.05%,22,379,Grey Sail Brewing of Rhode Island,Westerly,RI
992,2375,Mr. Blue Sky,American Pale Wheat Ale,16.0 oz.,0.045,6,124,Griffin Claw Brewing Company,Birmingham,MI
994,2142,Screamin??Pumpkin,Pumpkin Ale,16.0 ounce,0.05,25,124,Griffin Claw Brewing Company,Birmingham,MI
995,2141,Grand Trunk Bohemian Pils,Czech Pilsener,16.0 ounce,0.05%,35,124,Griffin Claw Brewing Company,Birmingham,MI
996,2140,El Rojo,American Amber / Red Ale,16.0 ounce,0.065,25,124,Griffin Claw Brewing Company,Birmingham,MI
998,2138,Grind Line,American Pale Ale (APA),16.0 ounce,0.05%,35,124,Griffin Claw Brewing Company,Birmingham,MI
999,2007,Norm's Gateway IPA,American IPA,12.0 oz,0.04,55,124,Griffin Claw Brewing Company,Birmingham,MI
1001,2339,Little Red Cap,Altbier,12.0 oz.,0.063,43,144,Grimm Brothers Brewhouse,Loveland,CO
1002,1857,Supergoose IPA,American IPA,12.0 oz,0.069,67,290,Hale's Ales,Seattle,WA
1012,2026,Pursuit,American IPA,12.0 oz. Alumi-Tek,0.07,40,248,Half Full Brewery,Stamford,CT
1013,1361,Half Full Bright Ale,American Blonde Ale,12.0 oz,0.052,18,248,Half Full Brewery,Stamford,CT
1014,1016,Orange Wheat,Fruit / Vegetable Beer,12.0 oz. Alumi-Tek,0.046,17,476,Hangar 24 Craft Brewery,Redlands,CA
1015,1015,Hangar 24 Helles Lager,Munich Helles Lager,12.0 oz,0.043,14,476,Hangar 24 Craft Brewery,Redlands,CA
1016,1677,The Great Return,American IPA,16.0 oz.,0.075,70,343,Hardywood Park Craft Brewery,Richmond,VA
1017,1331,Hardywood Cream Ale,Cream Ale,12.0 oz,0.044,18,343,Hardywood Park Craft Brewery,Richmond,VA
1018,1270,Capital Trail Pale Ale,American Pale Ale (APA),12.0 ounce,0.056,55,343,Hardywood Park Craft Brewery,Richmond,VA
1019,2059,UFO Gingerland,Herbed / Spiced Beer,12.0 oz,0.052,15,234,Harpoon Brewery,Boston,MA
1020,1653,The Long Thaw White IPA,American White IPA,12.0 ounce,0.062,45,234,Harpoon Brewery,Boston,MA
1022,1380,Harpoon Summer Beer,K?lsch,12.0 oz.,0.05%,28,234,Harpoon Brewery,Boston,MA
1023,1379,Harpoon IPA,American IPA,12.0 ounce,0.059,42,234,Harpoon Brewery,Boston,MA
1024,1340,UFO Pumpkin,Pumpkin Ale,12.0 oz.,0.06%,20,234,Harpoon Brewery,Boston,MA
1025,1313,Harpoon Octoberfest,M?rzen / Oktoberfest,12.0 oz.,0.055,30,234,Harpoon Brewery,Boston,MA
1026,770,Harpoon IPA (2012),American IPA,12.0 ounce,0.06%,42,234,Harpoon Brewery,Boston,MA
1027,769,Harpoon Summer Beer (2012),K?lsch,12.0 oz,0.05%,28,234,Harpoon Brewery,Boston,MA
1028,610,UFO White,American Pale Wheat Ale,12.0 oz.,0.048,10,234,Harpoon Brewery,Boston,MA
1030,126,Harpoon IPA (2010),American IPA,12.0 oz,0.06%,42,234,Harpoon Brewery,Boston,MA
1038,1895,Groupe G,Belgian IPA,16.0 oz.,0.076,65,280,Headlands Brewing Company,Mill Valley,CA
1039,1894,Pt. Bonita Rustic Lager,American Pale Lager,16.0 oz,0.06%,40,280,Headlands Brewing Company,Mill Valley,CA
1041,990,Loose Cannon,American IPA,12.0 oz,0.072,45,479,Heavy Seas Beer,Halethorpe,MD
1042,989,AARGHtoberfest!,M?rzen / Oktoberfest,12.0 oz,0.06%,30,479,Heavy Seas Beer,Halethorpe,MD
1044,1351,Grazias,Cream Ale,16.0 OZ.,0.06%,30,423,Hess Brewing Company,San Diego,CA
1045,1346,Habitus IPA,American IPA,16.0 oz,0.08%,86,423,Hess Brewing Company,San Diego,CA
1046,904,Ex Umbris Rye Imperial Stout,American Double / Imperial Stout,16.0 oz,0.099,85,423,Hess Brewing Company,San Diego,CA
1047,2295,The Golden One,American Pilsner,12.0 ounce,0.063,21,168,High Hops Brewery,Windsor,CO
1048,2294,The Power of Zeus,American Pale Ale (APA),12.0 oz. Alumi-Tek,0.07,68,168,High Hops Brewery,Windsor,CO
1049,824,Tonganoxie Honey Wheat,American Pale Wheat Ale,12.0 oz,0.044,22,500,High Noon Saloon And Brewery,Leavenworth,KS
1053,889,Hilliard's Pils,Czech Pilsener,16.0 oz.,0.06%,34,362,Hilliard's Beer,Seattle,WA
1054,724,Hilliard's Blonde,American Blonde Ale,16.0 oz.,0.049,20,362,Hilliard's Beer,Seattle,WA
1055,497,Hilliard's Amber Ale,American Amber / Red Ale,16.0 oz.,0.055,60,362,Hilliard's Beer,Seattle,WA
1056,496,Hilliard's Saison,Saison / Farmhouse Ale,16.0 oz,0.07%,30,362,Hilliard's Beer,Seattle,WA
1058,1835,Provision,Saison / Farmhouse Ale,12.0 oz.,0.042,25,297,Hop Farm Brewing Company,Pittsburgh,PA
1059,1834,One Nut Brown,American Brown Ale,12.0 ounce,0.05%,28,297,Hop Farm Brewing Company,Pittsburgh,PA
1061,2195,Double D Blonde,American Blonde Ale,12.0 oz,0.049,20,198,Hop Valley Brewing Company,Springfield,OR
1062,1605,Festeroo Winter Ale,American Strong Ale,12.0 oz.,0.08%,60,198,Hop Valley Brewing Company,Springfield,OR
1063,1543,Proxima IPA,American IPA,12.0 oz.,0.063,70,198,Hop Valley Brewing Company,Springfield,OR
1064,1390,Double D Blonde (2013),American Blonde Ale,12.0 oz.,0.049,20,198,Hop Valley Brewing Company,Springfield,OR
1065,1354,541 American Lager,American Pale Lager,12.0 ounce,0.048,13,198,Hop Valley Brewing Company,Springfield,OR
1066,1353,Alphadelic IPA,American IPA,12.0 oz.,0.065,90,198,Hop Valley Brewing Company,Springfield,OR
1067,499,Alphadelic IPA (2011),American IPA,12.0 oz.,0.065,90,198,Hop Valley Brewing Company,Springfield,OR
1068,498,Double D Blonde (2011),American Blonde Ale,12.0 oz.,0.049,20,198,Hop Valley Brewing Company,Springfield,OR
1071,502,Alteration,Altbier,12.0 oz.,0.051,40,395,Hops & Grain Brewery,Austin,TX
1072,501,Pale Dog,American Pale Ale (APA),12.0 ounce,0.06,50,395,Hops & Grain Brewery,Austin,TX
1075,2482,Totally Radler,Radler,16.0 oz,0.03%,21,80,Hopworks Urban Brewery,Portland,OR
1077,2399,Nonstop Hef Hop,American Pale Wheat Ale,16.0 oz.,0.039,20,80,Hopworks Urban Brewery,Portland,OR
1079,2397,Nonstop Hef Hop,American Pale Wheat Ale,16.0 ounce,0.04%,20,80,Hopworks Urban Brewery,Portland,OR
1080,2396,Nonstop Hef Hop,American Pale Wheat Ale,16.0 ounce,0.04%,20,80,Hopworks Urban Brewery,Portland,OR
1081,2395,Nonstop Hef Hop,American Pale Wheat Ale,16.0 oz,0.039,20,80,Hopworks Urban Brewery,Portland,OR
1082,2394,Nonstop Hef Hop,American Pale Wheat Ale,16.0 ounce,0.04%,20,80,Hopworks Urban Brewery,Portland,OR
1083,2393,Nonstop Hef Hop,American Pale Wheat Ale,16.0 oz,0.04%,20,80,Hopworks Urban Brewery,Portland,OR
1084,2392,Nonstop Hef Hop,American Pale Wheat Ale,16.0 oz. Alumi-Tek,0.039,20,80,Hopworks Urban Brewery,Portland,OR
1085,2391,Nonstop Hef Hop,American Pale Wheat Ale,16.0 oz,0.04%,20,80,Hopworks Urban Brewery,Portland,OR
1086,2390,Nonstop Hef Hop,American Pale Wheat Ale,16.0 oz,0.039,20,80,Hopworks Urban Brewery,Portland,OR
1087,2389,Nonstop Hef Hop,American Pale Wheat Ale,16.0 oz,0.04%,20,80,Hopworks Urban Brewery,Portland,OR
1088,2388,Rise Up Red,American Amber / Red Ale,16.0 oz,0.058,60,80,Hopworks Urban Brewery,Portland,OR
1090,2199,Hopworks IPA,American IPA,16.0 oz.,0.07%,75,80,Hopworks Urban Brewery,Portland,OR
1091,2193,Abominable Winter Ale,American Strong Ale,16.0 oz.,0.07%,70,80,Hopworks Urban Brewery,Portland,OR
1092,1398,Pigwar White India Pale Ale,American White IPA,16.0 oz,0.06,60,80,Hopworks Urban Brewery,Portland,OR
1093,1085,Rise-Up Red (2014),American Amber / Red Ale,16.0 ounce,0.058,60,80,Hopworks Urban Brewery,Portland,OR
1094,916,Abominable Winter Ale (2012),American Strong Ale,16.0 oz,0.073,70,80,Hopworks Urban Brewery,Portland,OR
1095,658,HUB Lager,Czech Pilsener,16.0 oz,0.051,32,80,Hopworks Urban Brewery,Portland,OR
1096,653,Hopworks IPA (2012),American IPA,16.0 oz.,0.066,75,80,Hopworks Urban Brewery,Portland,OR
1098,2384,Laka Laka Pineapple,Hefeweizen,12.0 oz.,0.051,17,120,Horny Goat Brew Pub,Milwaukee,WI
1102,1903,Let It Ride IPA,American IPA,12.0 oz,0.07%,90,277,Indeed Brewing Company,Minneapolis,MN
1103,1691,Stir Crazy Winter Ale,Winter Warmer,12.0 ounce,0.065,22,277,Indeed Brewing Company,Minneapolis,MN
1104,1555,Sweet Yamma Jamma Ale,Fruit / Vegetable Beer,12.0 ounce,0.05,10,277,Indeed Brewing Company,Minneapolis,MN
1105,1115,Shenanigans Summer Ale,American Pale Wheat Ale,12.0 oz.,0.046,27,277,Indeed Brewing Company,Minneapolis,MN
1106,729,Midnight Ryder,American Black Ale,12.0 ounce,0.065,80,277,Indeed Brewing Company,Minneapolis,MN
1107,728,Day Tripper Pale Ale,American Pale Ale (APA),12.0 oz,0.05%,45,277,Indeed Brewing Company,Minneapolis,MN
1108,2350,Oklahoma Suks,American Amber / Red Ale,12.0 oz,0.048,32,140,Independence Brewing Company,Austin,TX
1109,2301,Power & Light,American Pale Ale (APA),12.0 oz.,0.055,42,140,Independence Brewing Company,Austin,TX
1110,1904,White Rabbit,Witbier,12.0 oz. Alumi-Tek,0.059,27,140,Independence Brewing Company,Austin,TX
1111,2609,Tribute,American Pale Ale (APA),12.0 oz,0.06%,58,23,Indiana City Brewing,Indianapolis,IN
1112,2038,Infamous IPA,American IPA,12.0 oz.,0.07,75,242,Infamous Brewing Company,Austin,TX
1113,1774,Hijack,Cream Ale,12.0 oz.,0.06%,20,242,Infamous Brewing Company,Austin,TX
1114,559,Jon Boat Coastal Ale,American Blonde Ale,12.0 oz.,0.05%,20,527,Intuition Ale Works,Jacksonville,FL
1115,558,I-10 IPA,American IPA,12.0 oz,0.068,55,527,Intuition Ale Works,Jacksonville,FL
1116,553,People's Pale Ale,American Pale Ale (APA),12.0 oz,0.053,28,527,Intuition Ale Works,Jacksonville,FL
1119,2673,House Lager,Keller Bier / Zwickel Bier,16.0 oz,0.052,18,2,Jack's Abby Craft Lagers,Framingham,MA
1120,2672,Leisure Time,American Pale Lager,12.0 OZ.,0.048,15,2,Jack's Abby Craft Lagers,Framingham,MA
1122,2670,Hoponius Union,American India Pale Lager,12.0 ounce,0.07%,65,2,Jack's Abby Craft Lagers,Framingham,MA
1123,2669,Calyptra,American India Pale Lager,12.0 oz. Alumi-Tek,0.05%,45,2,Jack's Abby Craft Lagers,Framingham,MA
1126,1793,Thunder Ann,American Pale Ale (APA),12.0 oz.,0.06%,37,312,Jackalope Brewing Company,Nashville,TN
1139,2060,Weize Guy,Hefeweizen,12.0 ounce,0.05%,15,233,Joseph James Brewing Company,Henderson,NV
1140,469,Fox Tail Gluten Free Ale,American Pale Ale (APA),12.0 oz,0.05%,50,233,Joseph James Brewing Company,Henderson,NV
1141,468,Hop Box Imperial IPA,American Double / Imperial IPA,12.0 oz,0.09%,90,233,Joseph James Brewing Company,Henderson,NV
1142,467,Joseph James American Lager,American Adjunct Lager,12.0 oz,0.052,15,233,Joseph James Brewing Company,Henderson,NV
1144,2162,Lewbricator Wheat Dopplebock,Doppelbock,12.0 oz.,0.075,24,208,Kalona Brewing Company,Kalona,IA
1145,2374,Weisse Versa (2012),Hefeweizen,12.0 oz.,0.05%,16,125,Karbach Brewing Company,Houston,TX
1146,1560,Mother in Lager,Munich Dunkel Lager,12.0 oz.,0.06%,25,125,Karbach Brewing Company,Houston,TX
1147,1557,Weekend Warrior Pale Ale,American Pale Ale (APA),12.0 oz.,0.055,40,125,Karbach Brewing Company,Houston,TX
1148,1458,Karbachtoberfest,M?rzen / Oktoberfest,12.0 ounce,0.055,25,125,Karbach Brewing Company,Houston,TX
1150,1068,Barn Burner Saison,Saison / Farmhouse Ale,12.0 oz. Alumi-Tek,0.07%,20,125,Karbach Brewing Company,Houston,TX
1151,666,Rodeo Clown Double IPA,American Double / Imperial IPA,12.0 OZ.,0.10%,85,125,Karbach Brewing Company,Houston,TX
1152,465,Sympathy for the Lager,American Amber / Red Lager,12.0 oz.,0.05%,45,125,Karbach Brewing Company,Houston,TX
1153,464,Weisse Versa,Hefeweizen,12.0 oz.,0.052,15,125,Karbach Brewing Company,Houston,TX
1154,463,Hopadillo India Pale Ale,American IPA,12.0 oz,0.07%,70,125,Karbach Brewing Company,Houston,TX
1155,1678,KelSo Nut Brown Lager,Euro Dark Lager,12.0 oz.,0.057,19,342,KelSo Beer Company,Brooklyn,NY
1156,1572,KelSo India Pale Ale,American IPA,12.0 oz,0.06,64,342,KelSo Beer Company,Brooklyn,NY
1162,760,Cold Smoke Scotch Ale (2007),Scotch Ale / Wee Heavy,16.0 oz.,0.07%,11,510,Kettle House Brewing Company,Missoula,MT
1163,759,Double Haul IPA (2009),American IPA,16.0 ounce,0.07%,65,510,Kettle House Brewing Company,Missoula,MT
1164,758,Double Haul IPA (2006),American IPA,16.0 oz.,0.065,65,510,Kettle House Brewing Company,Missoula,MT
1165,87,Eddy Out Pale Ale,American Pale Ale (APA),16.0 oz.,0.055,50,510,Kettle House Brewing Company,Missoula,MT
1166,86,Double Haul IPA,American IPA,16.0 ounce,0.07%,65,510,Kettle House Brewing Company,Missoula,MT
1167,85,Cold Smoke Scotch Ale,Scotch Ale / Wee Heavy,16.0 oz.,0.065,11,510,Kettle House Brewing Company,Missoula,MT
1177,1667,King Street IPA,American IPA,12.0 OZ.,0.06,70,102,King Street Brewing Company,Anchorage,AK
1178,1666,King Street Hefeweizen,Hefeweizen,12.0 oz. Alumi-Tek,0.06%,10,102,King Street Brewing Company,Anchorage,AK
1180,2460,India Pale Ale,American IPA,16.0 ounce,0.063,65,87,Kirkwood Station Brewing Company,Kirkwood,MO
1181,2459,Blackberry Wheat,American Pale Wheat Ale,16.0 oz.,0.048,11,87,Kirkwood Station Brewing Company,Kirkwood,MO
1182,1274,Longboard Island Lager,American Amber / Red Lager,24.0 oz.,0.05%,18,439,Kona Brewing Company,Kona,HI
1183,1220,Longboard Island Lager,American Amber / Red Lager,16.0 oz,0.05%,18,439,Kona Brewing Company,Kona,HI
1184,1070,Longboard Island Lager,American Amber / Red Lager,12.0 oz.,0.046,18,439,Kona Brewing Company,Kona,HI
1185,590,Longboard Island Lager,American Amber / Red Lager,12.0 oz,0.046,18,439,Kona Brewing Company,Kona,HI
1186,781,Choc Beer (2003),American Dark Wheat Ale,12.0 oz.,0.04%,9,505,Krebs Brewing Company (Pete's Pl...,Krebs,OK
1189,664,Elevated IPA,American IPA,16.0 ounce,0.07%,100,332,La Cumbre Brewing Company,Albuquerque,NM
1190,392,Rumspringa Golden Bock,Maibock / Helles Bock,12.0 oz.,0.07%,30,545,Lancaster Brewing Company,Lancaster,PA
1191,195,Lancaster German Style K?lsch,K?lsch,12.0 oz.,0.048,28,545,Lancaster Brewing Company,Lancaster,PA
1196,2108,Laughing Dog Cream Ale,Cream Ale,12.0 oz,0.05,12,218,Laughing Dog Brewing Company,Ponderay,ID
1197,1397,Two-One Niner,American Pilsner,12.0 ounce,0.048,9,218,Laughing Dog Brewing Company,Ponderay,ID
1198,1396,Laughing Dog IPA,American IPA,12.0 oz,0.064,66,218,Laughing Dog Brewing Company,Ponderay,ID
1199,1675,Madra Allta,American IPA,12.0 oz. Alumi-Tek,0.064,95,345,Lavery Brewing Company,Erie,PA
1200,1249,Duluchan India Pale Ale,American IPA,12.0 oz.,0.056,70,345,Lavery Brewing Company,Erie,PA
1207,2036,Getaway,German Pilsener,16.0 ounce,0.052,30,244,Lift Bridge Brewing Company,Stillwater,MN
1208,1168,Farm Girl Saison,Saison / Farmhouse Ale,16.0 oz.,0.06,30,244,Lift Bridge Brewing Company,Stillwater,MN
1209,1832,Adam's Stout,American Stout,12.0 oz,0.058,40,298,Liquid Hero Brewery,York,PA
1210,1688,American Hero,American Amber / Red Ale,12.0 oz,0.057,42,298,Liquid Hero Brewery,York,PA
1211,1687,Schweet Ale,Fruit / Vegetable Beer,12.0 oz.,0.052,20,298,Liquid Hero Brewery,York,PA
1213,2434,Peach Pale Ale,American Pale Ale (APA),12.0 oz.,0.057,40,104,Lone Tree Brewing Company,Lone Tree,CO
1216,2329,Peacemaker Pale Ale,American Pale Ale (APA),12.0 oz.,0.057,47,149,Lonerider Brewing Company,Raleigh,NC
1217,2327,Shotgun Betty,Hefeweizen,12.0 ounce,0.058,11,149,Lonerider Brewing Company,Raleigh,NC
1218,2326,Sweet Josie,American Brown Ale,12.0 ounce,0.061,30,149,Lonerider Brewing Company,Raleigh,NC
1219,1926,Long Trail IPA,English India Pale Ale (IPA),12.0 oz,0.059,42,268,Long Trail Brewing Company,Bridgewater Corners,VT
1220,1924,Long Trail Ale,American Amber / Red Ale,12.0 oz.,0.046,30,268,Long Trail Brewing Company,Bridgewater Corners,VT
1221,1090,Double Bag,Altbier,16.0 ounce,0.072,33,268,Long Trail Brewing Company,Bridgewater Corners,VT
1222,574,Blackbeary Wheat,Fruit / Vegetable Beer,12.0 OZ.,0.04,8,268,Long Trail Brewing Company,Bridgewater Corners,VT
1223,573,Long Trail Ale (1),Altbier,12.0 ounce,0.046,30,268,Long Trail Brewing Company,Bridgewater Corners,VT
1224,2584,Gose,Gose,16.0 oz,0.05%,8,41,Lost Nation Brewing,East Fairfield,VT
1225,2583,Vermont Pilsner,German Pilsener,16.0 oz,0.048,20,41,Lost Nation Brewing,East Fairfield,VT
1228,1309,Face Plant IPA,American IPA,12.0 oz,0.062,65,430,Lost Rhino Brewing Company,Ashburn,VA
1229,1308,Rhino Chasers Pilsner,Czech Pilsener,12.0 oz.,0.056,55,430,Lost Rhino Brewing Company,Ashburn,VA
1230,1571,Slow Hand Stout,American Stout,16.0 oz.,0.052,29,377,Lucette Brewing Company,Menominee,WI
1234,2033,Pub Ale,English Dark Mild Ale,12.0 oz. Silo Can,0.04%,18,245,Lucky Town Brewing Company,Jackson,MS
1235,2032,Ballistic Blonde,Belgian Pale Ale,12.0 oz.,0.051,31,245,Lucky Town Brewing Company,Jackson,MS
1237,1153,Lumberyard Pilsner,American Pilsner,12.0 oz.,0.053,20,158,Lumberyard Brewing Company,Flagstaff,AZ
1241,961,Mac's Scottish Style Amber Ale (2000),American Amber / Red Ale,12.0 oz,0.051,32,485,MacTarnahans Brewing Company,Portland,OR
1245,2209,Sol Drifter,American Blonde Ale,12.0 oz,0.043,18,91,Madtree Brewing Company,Cincinnati,OH
1248,1816,LIFT,K?lsch,12.0 oz.,0.047,11,91,Madtree Brewing Company,Cincinnati,OH
1249,1815,SPRYE,American Pale Ale (APA),12.0 oz.,0.05%,40,91,Madtree Brewing Company,Cincinnati,OH
1250,1126,Psychopathy,American IPA,12.0 ounce,0.069,70,91,Madtree Brewing Company,Cincinnati,OH
1251,1125,Gnarly Brown,American Brown Ale,12.0 ounce,0.07,32,91,Madtree Brewing Company,Cincinnati,OH
1252,1124,Happy Amber,American Amber / Red Ale,12.0 oz.,0.06,30,91,Madtree Brewing Company,Cincinnati,OH
1253,1813,#9,Fruit / Vegetable Beer,16.0 OZ.,0.051,20,303,Magic Hat Brewing Company,South Burlington,VT
1254,1113,Elder Betty,Hefeweizen,12.0 oz.,0.055,13,303,Magic Hat Brewing Company,South Burlington,VT
1255,360,#9,Fruit / Vegetable Beer,12.0 ounce,0.05%,20,303,Magic Hat Brewing Company,South Burlington,VT
1262,1625,Belgian Style Session Ale,Belgian Pale Ale,12.0 oz.,0.045,21,356,Manayunk Brewing Company,Philadelphia,PA
1265,1484,Summer Paradise,American Pale Wheat Ale,12.0 oz,0.05%,18,356,Manayunk Brewing Company,Philadelphia,PA
1266,1356,Monk from the 'Yunk,Tripel,12.0 oz,0.09,30,356,Manayunk Brewing Company,Philadelphia,PA
1267,1355,Schuylkill Punch,Fruit / Vegetable Beer,12.0 oz,0.06,14,356,Manayunk Brewing Company,Philadelphia,PA
1268,1334,Dreamin' Double IPA,American Double / Imperial IPA,12.0 ounce,0.085,85,356,Manayunk Brewing Company,Philadelphia,PA
1269,1674,Chaotic Double IPA,American Double / Imperial IPA,12.0 ounce,0.099,93,346,Manzanita Brewing Company,Santee,CA
1270,1673,Manzanita IPA,American IPA,12.0 ounce,0.08,88,346,Manzanita Brewing Company,Santee,CA
1271,1672,Riverwalk Blonde Ale,American Blonde Ale,12.0 ounce,0.06%,25,346,Manzanita Brewing Company,Santee,CA
1272,1671,Gillespie Brown Ale,American Brown Ale,12.0 oz,0.095,49,346,Manzanita Brewing Company,Santee,CA
1273,1670,Manzanita Pale Ale,American Pale Ale (APA),12.0 OZ.,0.066,44,346,Manzanita Brewing Company,Santee,CA
1281,2308,River House,Saison / Farmhouse Ale,16.0 oz,0.05,20,161,Martin House Brewing Company,Fort Worth,TX
1282,2268,Pretzel Stout,American Stout,16.0 OZ.,0.065,47,161,Martin House Brewing Company,Fort Worth,TX
1283,2197,Rubberneck Red,American Amber / Red Ale,16.0 oz.,0.05,35,161,Martin House Brewing Company,Fort Worth,TX
1291,1135,Our Legacy IPA,American IPA,16.0 ounce,0.065,60,299,Matt Brewing Company,Utica,NY
1297,773,Blueberry Blonde Ale,American Blonde Ale,12.0 oz,0.05,12,299,Matt Brewing Company,Utica,NY
1302,1578,Lahaina Town Brown,American Brown Ale,12.0 oz,0.051,20,375,Maui Brewing Company,Lahaina,HI
1307,690,Sobrehumano Palena'ole,American Amber / Red Ale,12.0 oz.,0.06%,24,375,Maui Brewing Company,Lahaina,HI
1308,547,La Perouse White,Witbier,12.0 oz,0.05%,12,375,Maui Brewing Company,Lahaina,HI
1309,435,Flyin' HI.P.Hay,American IPA,12.0 OZ.,0.068,68,375,Maui Brewing Company,Lahaina,HI
1310,313,Mana Wheat,American Pale Wheat Ale,12.0 ounce,0.055,15,375,Maui Brewing Company,Lahaina,HI
1311,33,Bikini Blonde Lager,Munich Helles Lager,12.0 oz,0.045,18,375,Maui Brewing Company,Lahaina,HI
1312,32,CoCoNut Porter,American Porter,12.0 oz.,0.057,30,375,Maui Brewing Company,Lahaina,HI
1313,31,Big Swell IPA,American IPA,12.0 oz,0.062,65,375,Maui Brewing Company,Lahaina,HI
1314,1237,Pit Stop Chocolate Porter,American Porter,12.0 ounce,0.037,34,448,Mavericks Beer Company,Half Moon Bay,CA
1315,1236,Pace Setter Belgian Style Wit,Witbier,12.0 oz.,0.037,21,448,Mavericks Beer Company,Half Moon Bay,CA
1316,1047,Back in the Saddle Rye Pale Ale,American Pale Ale (APA),12.0 oz.,0.037,53,448,Mavericks Beer Company,Half Moon Bay,CA
1320,2186,Tsunami IPA,American IPA,19.2 oz,0.072,75,203,Mehana Brewing Co.,Hilo,HI
1321,2185,Tsunami IPA,American IPA,12.0 OZ.,0.072,75,203,Mehana Brewing Co.,Hilo,HI
1322,2184,Humpback Blonde Ale,American Blonde Ale,12.0 oz.,0.04%,22,203,Mehana Brewing Co.,Hilo,HI
1323,2178,Hawaiian Crow Porter,American Porter,12.0 oz.,0.052,27,203,Mehana Brewing Co.,Hilo,HI
1324,2177,Volcano Red Ale,American Amber / Red Ale,12.0 oz,0.052,23,203,Mehana Brewing Co.,Hilo,HI
1325,2176,Mauna Kea Pale Ale,American Pale Ale (APA),12.0 ounce,0.054,42,203,Mehana Brewing Co.,Hilo,HI
1326,1508,Shark Bait,Fruit / Vegetable Beer,12.0 oz,0.05%,11,393,Miami Brewing Company,Miami,FL
1327,1507,Gator Tail Brown Ale,American Brown Ale,12.0 ounce,0.053,30,393,Miami Brewing Company,Miami,FL
1328,1506,Miami Vice IPA,American IPA,12.0 oz.,0.071,62,393,Miami Brewing Company,Miami,FL
1329,1325,Big Rod Coconut Ale,American Blonde Ale,12.0 oz,0.053,16,393,Miami Brewing Company,Miami,FL
1331,2093,Pleasure Town,American IPA,12.0 oz.,0.063,61,223,Midnight Sun Brewing Company,Anchorage,AK
1332,1814,Pleasure Town IPA,American IPA,12.0 oz.,0.063,61,223,Midnight Sun Brewing Company,Anchorage,AK
1333,587,Snowshoe White Ale,Witbier,12.0 oz.,0.048,12,223,Midnight Sun Brewing Company,Anchorage,AK
1334,586,Kodiak Brown Ale,American Brown Ale,12.0 ounce,0.05%,24,223,Midnight Sun Brewing Company,Anchorage,AK
1335,434,Sockeye Red IPA,American IPA,12.0 oz.,0.06%,70,223,Midnight Sun Brewing Company,Anchorage,AK
1336,2668,Habitus (2014),American Double / Imperial IPA,16.0 oz.,0.08%,100,3,Mike Hess Brewing Company,San Diego,CA
1337,2667,Solis,American IPA,16.0 oz.,0.075,85,3,Mike Hess Brewing Company,San Diego,CA
1338,2666,Jucundus,Wheat Ale,16.0 ounce,0.06,24,3,Mike Hess Brewing Company,San Diego,CA
1339,2664,Habitus,American Double / Imperial IPA,16.0 oz.,0.08,100,3,Mike Hess Brewing Company,San Diego,CA
1340,2663,Grazias,Cream Ale,16.0 oz,0.063,30,3,Mike Hess Brewing Company,San Diego,CA
1341,2662,Claritas,K?lsch,16.0 OZ.,0.058,28,3,Mike Hess Brewing Company,San Diego,CA
1347,2530,Daft Funk,Berliner Weissbier,24.0 oz. Alumi-Tek,0.043,8,65,Mikerphone Brewing,Chicago,IL
1355,1884,Hop Freak,American Double / Imperial IPA,16.0 ounce,0.087,80,284,Milwaukee Brewing Company,Milwaukee,WI
1356,1272,Louie's Demise Amber Ale,American Amber / Red Ale,16.0 oz.,0.051,24,284,Milwaukee Brewing Company,Milwaukee,WI
1357,1080,Hop Happy,American IPA,16.0 oz.,0.08%,51,284,Milwaukee Brewing Company,Milwaukee,WI
1358,932,Booyah Farmhouse Ale,Saison / Farmhouse Ale,16.0 oz,0.07%,20,284,Milwaukee Brewing Company,Milwaukee,WI
1360,172,Flaming Damsel Lager (2010),Vienna Lager,16.0 oz.,0.05%,18,284,Milwaukee Brewing Company,Milwaukee,WI
1361,171,Louie’s Demise Immort-Ale (2010),American Amber / Red Ale,16.0 oz,0.051,24,284,Milwaukee Brewing Company,Milwaukee,WI
1376,2441,Mission IPA,American IPA,32.0 OZ.,0.068,66,98,Mission Brewery,San Diego,CA
1378,1459,Shipwrecked Double IPA,American Double / Imperial IPA,32.0 oz.,0.092,75,98,Mission Brewery,San Diego,CA
1386,2159,City of the Sun,American IPA,16.0 oz.,0.075,85,209,Modern Times Beer,San Diego,CA
1387,2157,Booming Rollers,American IPA,16.0 oz.,0.068,75,209,Modern Times Beer,San Diego,CA
1388,2156,Oneida,American Pale Ale (APA),16.0 ounce,0.052,50,209,Modern Times Beer,San Diego,CA
1389,2154,Aurora,American Amber / Red Ale,16.0 ounce,0.067,75,209,Modern Times Beer,San Diego,CA
1390,1495,Lomaland,Saison / Farmhouse Ale,16.0 oz.,0.06%,30,209,Modern Times Beer,San Diego,CA
1391,1494,Fortunate Islands,American Pale Wheat Ale,16.0 ounce,0.047,46,209,Modern Times Beer,San Diego,CA
1392,1493,Black House,American Stout,16.0 oz.,0.058,40,209,Modern Times Beer,San Diego,CA
1393,1492,Blazing World,American Amber / Red Ale,16.0 ounce,0.065,115,209,Modern Times Beer,San Diego,CA
1398,1907,Montauk Summer Ale,American Blonde Ale,12.0 oz.,0.06%,28,276,Montauk Brewing Company,Montauk,NY
1399,1906,Driftwood Ale,Extra Special / Strong Bitter (ESB),12.0 ounce,0.06,49,276,Montauk Brewing Company,Montauk,NY
1400,1756,When Helles Freezes Over,Munich Helles Lager,12.0 ounce,0.056,18,326,Morgan Street Brewery,Saint Louis,MO
1401,1617,Morgan Street Oktoberfest,M?rzen / Oktoberfest,12.0 oz.,0.049,24,326,Morgan Street Brewery,Saint Louis,MO
1402,1052,Honey Wheat,American Pale Wheat Ale,12.0 oz,0.047,14,326,Morgan Street Brewery,Saint Louis,MO
1403,1051,Black Bear Dark Lager,Schwarzbier,12.0 oz.,0.05%,24,326,Morgan Street Brewery,Saint Louis,MO
1404,1046,Golden Pilsner,German Pilsener,12.0 oz,0.05%,35,326,Morgan Street Brewery,Saint Louis,MO
1405,2413,Cali Creamin',Cream Ale,12.0 oz,0.052,21,111,Mother Earth Brew Company,Vista,CA
1408,2237,Towhead,American Blonde Ale,12.0 oz,0.052,21,188,Mother's Brewing,Springfield,MO
1409,2208,Lil' Helper,American IPA,12.0 ounce,0.07,70,188,Mother's Brewing,Springfield,MO
1419,421,Mustang Golden Ale,American Blonde Ale,12.0 oz,0.053,10,366,Mustang Brewing Company,Mustang,OK
1420,420,Washita Wheat,American Pale Wheat Ale,12.0 OZ.,0.053,14,366,Mustang Brewing Company,Mustang,OK
1421,2345,Gansett Light,Light Lager,16.0 oz,0.037,10,143,Narragansett Brewing Company,Providence,RI
1422,2224,Bohemian Pils,American Pilsner,16.0 oz.,0.05%,30,143,Narragansett Brewing Company,Providence,RI
1423,1775,Autocrat Coffee Milk Stout,Milk / Sweet Stout,16.0 oz.,0.053,30,143,Narragansett Brewing Company,Providence,RI
1424,1291,Narragansett Bohemian Pilsner,German Pilsener,16.0 ounce,0.09%,35,143,Narragansett Brewing Company,Providence,RI
1425,1093,Narragansett Summer Ale,American Pale Wheat Ale,12.0 oz.,0.042,24,143,Narragansett Brewing Company,Providence,RI
1426,580,Narragansett Cream Ale,Cream Ale,16.0 ounce,0.05,22,143,Narragansett Brewing Company,Providence,RI
1427,403,Narragansett Summer Ale,American Pale Wheat Ale,16.0 oz.,0.04%,24,143,Narragansett Brewing Company,Providence,RI
1428,316,Narragansett Porter,American Porter,16.0 oz,0.07,22,143,Narragansett Brewing Company,Providence,RI
1429,315,Narragansett Bock,Bock,16.0 oz.,0.065,32,143,Narragansett Brewing Company,Providence,RI
1430,314,Narragansett Fest Lager,M?rzen / Oktoberfest,16.0 oz. Alumi-Tek,0.055,15,143,Narragansett Brewing Company,Providence,RI
1433,1265,Old Grogham Imperial India Pale Ale,American Double / Imperial IPA,16.0 oz,0.085,86,387,Natian Brewery,Portland,OR
1434,747,Old Grogham Imperial India Pale Ale (2012),American Double / Imperial IPA,16.0 ounce,0.085,86,387,Natian Brewery,Portland,OR
1437,1705,Wick For Brains,Pumpkin Ale,12.0 oz,0.061,11,337,Nebraska Brewing Company,Papillion,NE
1438,1148,Nebraska India Pale Ale,American IPA,12.0 ounce,0.065,65,337,Nebraska Brewing Company,Papillion,NE
1439,1147,EOS Hefeweizen,Hefeweizen,12.0 ounce,0.048,10,337,Nebraska Brewing Company,Papillion,NE
1440,1146,Brunette Nut Brown Ale,English Brown Ale,12.0 oz,0.048,15,337,Nebraska Brewing Company,Papillion,NE
1441,1145,Cardinal Pale Ale,American Pale Ale (APA),12.0 oz. Alumi-Tek,0.057,29,337,Nebraska Brewing Company,Papillion,NE
1444,2475,Slow Ride,American IPA,12.0 oz.,0.045,40,82,New Belgium Brewing Company,Fort Collins,CO
1445,2230,Ranger IPA,American IPA,12.0 ounce,0.065,70,82,New Belgium Brewing Company,Fort Collins,CO
1446,1987,Shift,American Pale Lager,12.0 oz,0.05%,29,82,New Belgium Brewing Company,Fort Collins,CO
1447,1978,1554 Black Lager,Euro Dark Lager,12.0 oz.,0.06%,21,82,New Belgium Brewing Company,Fort Collins,CO
1452,1586,Fat Tire Amber Ale,American Amber / Red Ale,12.0 oz.,0.05%,18,82,New Belgium Brewing Company,Fort Collins,CO
1453,952,Shift (1),American Pale Lager,12.0 oz.,0.05,29,82,New Belgium Brewing Company,Fort Collins,CO
1454,748,Fat Tire Amber Ale (2011),American Amber / Red Ale,12.0 oz.,0.052,18,82,New Belgium Brewing Company,Fort Collins,CO
1455,578,Shift,American Pale Lager,16.0 oz,0.05,29,82,New Belgium Brewing Company,Fort Collins,CO
1456,564,Ranger IPA,American IPA,16.0 oz.,0.07%,70,82,New Belgium Brewing Company,Fort Collins,CO
1457,563,Fat Tire Amber Ale,American Amber / Red Ale,16.0 oz.,0.052,18,82,New Belgium Brewing Company,Fort Collins,CO
1458,115,Ranger IPA (Current),American IPA,12.0 oz.,0.065,70,82,New Belgium Brewing Company,Fort Collins,CO
1460,71,Fat Tire Amber Ale (2008),American Amber / Red Ale,12.0 ounce,0.05%,18,82,New Belgium Brewing Company,Fort Collins,CO
1461,1417,Weiss Trash Culture,Berliner Weissbier,12.0 oz.,0.034,6,410,New England Brewing Company,Woodbridge,CT
1466,320,Gandhi-Bot Double IPA (12 oz.),American Double / Imperial IPA,12.0 ounce,0.088,85,410,New England Brewing Company,Woodbridge,CT
1468,42,Gandhi-Bot Double IPA (16 oz.) (2010),American Double / Imperial IPA,16.0 oz.,0.088,85,410,New England Brewing Company,Woodbridge,CT
1478,2043,Skylight,Dunkelweizen,12.0 oz. Alumi-Tek,0.056,20,241,New Republic Brewing Company,College Station,TX
1479,2042,Kadigan,American Blonde Ale,12.0 oz.,0.056,30,241,New Republic Brewing Company,College Station,TX
1480,2041,Dammit Jim!,American Amber / Red Ale,12.0 oz. Alumi-Tek,0.05%,50,241,New Republic Brewing Company,College Station,TX
1483,2050,Cream Ale,Cream Ale,12.0 oz,0.04%,35,238,Newburgh Brewing Company,Newburgh,NY
1488,1622,Jam Session,American Pale Ale (APA),16.0 oz.,0.05%,31,359,NoDa Brewing Company,Charlotte,NC
1489,1621,Hop Drop 'N Roll IPA,American IPA,16.0 oz.,0.072,80,359,NoDa Brewing Company,Charlotte,NC
1494,2692,Get Together,American IPA,16.0 ounce,0.05%,50,0,NorthGate Brewing,Minneapolis,MN
1495,2691,Maggie's Leap,Milk / Sweet Stout,16.0 oz,0.05%,26,0,NorthGate Brewing,Minneapolis,MN
1496,2690,Wall's End,English Brown Ale,16.0 oz.,0.05%,19,0,NorthGate Brewing,Minneapolis,MN
1497,2689,Pumpion,Pumpkin Ale,16.0 oz.,0.06,38,0,NorthGate Brewing,Minneapolis,MN
1498,2688,Stronghold,American Porter,16.0 oz,0.06,25,0,NorthGate Brewing,Minneapolis,MN
1499,2687,Parapet ESB,Extra Special / Strong Bitter (ESB),16.0 oz.,0.056,47,0,NorthGate Brewing,Minneapolis,MN
1502,1226,Three Skulls Ale Pale Ale,American Pale Ale (APA),16.0 oz.,0.06%,42,450,Northwest Brewing Company,Pacific,WA
1508,1258,5 Day IPA,American IPA,12.0 oz,0.061,66,442,O'Fallon Brewery,O'Fallon,MO
1509,128,O'Fallon Wheach,Fruit / Vegetable Beer,12.0 oz.,0.051,7,442,O'Fallon Brewery,O'Fallon,MO
1510,2331,Watershed IPA,American IPA,12.0 ounce,0.067,70,150,Oakshire Brewing,Eugene,OR
1511,1669,Oakshire Amber Ale,American Amber / Red Ale,12.0 oz,0.054,24,150,Oakshire Brewing,Eugene,OR
1512,1668,Overcast Espresso Stout,American Stout,12.0 oz,0.058,27,150,Oakshire Brewing,Eugene,OR
1513,999,Watershed IPA (2013),American IPA,12.0 ounce,0.07%,70,150,Oakshire Brewing,Eugene,OR
1514,2247,Lake Monster,Baltic Porter,16.0 oz,0.082,25,184,Oasis Texas Brewing Company,Austin,TX
1515,2071,London Homesick Ale,English Bitter,12.0 oz.,0.049,27,184,Oasis Texas Brewing Company,Austin,TX
1516,2070,Luchesa Lager,Keller Bier / Zwickel Bier,12.0 OZ.,0.048,35,184,Oasis Texas Brewing Company,Austin,TX
1517,2069,Slow Ride,American Pale Ale (APA),12.0 oz,0.05%,35,184,Oasis Texas Brewing Company,Austin,TX
1522,2335,Perpetual Darkness,Belgian Strong Dark Ale,12.0 oz.,0.09%,72,148,Odyssey Beerwerks,Arvada,CO
1523,2334,Clan Warrior,Scotch Ale / Wee Heavy,12.0 oz.,0.087,29,148,Odyssey Beerwerks,Arvada,CO
1524,2333,Psycho Penguin Vanilla Porter,American Porter,12.0 oz,0.054,36,148,Odyssey Beerwerks,Arvada,CO
1529,1059,The Hole in Hadrian's Wall,Scottish Ale,16.0 oz,0.10%,19,471,Okoboji Brewing Company,Spirit Lake,IA
1530,1058,33 Select Brown Ale,American Brown Ale,16.0 oz.,0.065,26,471,Okoboji Brewing Company,Spirit Lake,IA
1531,603,Midwest Charm Farmhouse Ale,Saison / Farmhouse Ale,16.0 oz,0.06%,29,471,Okoboji Brewing Company,Spirit Lake,IA
1532,602,Boji Blue Pale Ale,American Pale Ale (APA),16.0 ounce,0.05%,45,471,Okoboji Brewing Company,Spirit Lake,IA
1533,601,Winter Games Select #32 Stout,American Stout,16.0 oz,0.057,26,471,Okoboji Brewing Company,Spirit Lake,IA
1534,600,Boji Beach Golden Rye Ale,Rye Beer,16.0 oz.,0.05%,23,471,Okoboji Brewing Company,Spirit Lake,IA
1536,1487,Falling Down Brown Ale,American Brown Ale,16.0 oz.,0.065,65,301,Old Forge Brewing Company,Danville,PA
1539,1394,Old Forge Pumpkin Ale,Pumpkin Ale,16.0 ounce,0.05%,20,301,Old Forge Brewing Company,Danville,PA
1552,2302,Pinner Throwback IPA,American IPA,12.0 oz,0.05%,35,166,Oskar Blues Brewery,Longmont,CO
1561,1252,Dale's Pale Ale,American Pale Ale (APA),12.0 oz,0.065,65,166,Oskar Blues Brewery,Longmont,CO
1562,1167,Mama's Little Yella Pils,Czech Pilsener,19.2 OZ.,0.05%,35,166,Oskar Blues Brewery,Longmont,CO
1565,955,Dale's Pale Ale,American Pale Ale (APA),19.2 OZ.,0.065,65,166,Oskar Blues Brewery,Longmont,CO
1567,892,Dale's Pale Ale (10 Year Anniversary),American Pale Ale (APA),12.0 ounce,0.065,65,166,Oskar Blues Brewery,Longmont,CO
1568,828,Dale's Pale Ale (2012),American Pale Ale (APA),12.0 oz,0.065,65,166,Oskar Blues Brewery,Longmont,CO
1569,806,Gordon Imperial Red (2010),American Double / Imperial IPA,12.0 oz,0.09%,85,166,Oskar Blues Brewery,Longmont,CO
1570,755,Dale's Pale Ale (2011),American Pale Ale (APA),12.0 oz.,0.065,65,166,Oskar Blues Brewery,Longmont,CO
1571,754,Dale's Pale Ale (2010),American Pale Ale (APA),12.0 ounce,0.065,65,166,Oskar Blues Brewery,Longmont,CO
1572,726,G'KNIGHT (16 oz.),American Double / Imperial IPA,16.0 oz.,0.087,85,166,Oskar Blues Brewery,Longmont,CO
1575,585,HGH (Home Grown Hops): Part Duh,American Strong Ale,12.0 ounce,0.08,70,166,Oskar Blues Brewery,Longmont,CO
1577,391,One Hit Wonder,American Double / Imperial IPA,12.0 ounce,0.09,60,166,Oskar Blues Brewery,Longmont,CO
1578,388,G'KNIGHT (12 oz.),American Double / Imperial IPA,12.0 oz.,0.087,85,166,Oskar Blues Brewery,Longmont,CO
1579,8,Ten Fidy Imperial Stout,Russian Imperial Stout,12.0 ounce,0.099,98,166,Oskar Blues Brewery,Longmont,CO
1580,7,Mama's Little Yella Pils,Czech Pilsener,12.0 OZ.,0.05%,35,166,Oskar Blues Brewery,Longmont,CO
1581,6,GUBNA Imperial IPA,American Double / Imperial IPA,12.0 ounce,0.099,100,166,Oskar Blues Brewery,Longmont,CO
1582,5,Old Chub,Scottish Ale,12.0 oz.,0.08,35,166,Oskar Blues Brewery,Longmont,CO
1584,1,Dale's Pale Ale,American Pale Ale (APA),12.0 oz.,0.065,65,166,Oskar Blues Brewery,Longmont,CO
1585,805,Gordon (2005),American Double / Imperial IPA,12.0 oz.,0.092,85,503,Oskar Blues Brewery,Lyons,CO
1586,804,Ten Fidy Imperial Stout (2008),Russian Imperial Stout,12.0 oz.,0.095,98,503,Oskar Blues Brewery,Lyons,CO
1587,803,Ten Fidy Imperial Stout (2007),Russian Imperial Stout,12.0 oz.,0.099,98,503,Oskar Blues Brewery,Lyons,CO
1589,786,Old Chub (2004),Scottish Ale,12.0 oz.,0.08,35,503,Oskar Blues Brewery,Lyons,CO
1590,785,Old Chub (2003),Scottish Ale,12.0 oz,0.08,35,503,Oskar Blues Brewery,Lyons,CO
1591,745,Dale's Pale Ale (2008),American Pale Ale (APA),12.0 ounce,0.065,65,503,Oskar Blues Brewery,Lyons,CO
1593,743,Dale's Pale Ale (2004),American Pale Ale (APA),12.0 oz,0.065,65,503,Oskar Blues Brewery,Lyons,CO
1594,742,Dale's Pale Ale (2003),American Pale Ale (APA),12.0 oz.,0.07%,65,503,Oskar Blues Brewery,Lyons,CO
1595,741,Dale's Pale Ale (2002),American Pale Ale (APA),12.0 oz,0.065,65,503,Oskar Blues Brewery,Lyons,CO
1597,733,Gordon Beer (2006),American Double / Imperial IPA,12.0 ounce,0.087,60,503,Oskar Blues Brewery,Lyons,CO
1598,1533,G'KNIGHT,American Double / Imperial IPA,12.0 OZ.,0.09%,85,389,Oskar Blues Brewery (North Carol...,Brevard,NC
1599,1532,Ten Fidy,Russian Imperial Stout,12.0 oz,0.10%,98,389,Oskar Blues Brewery (North Carol...,Brevard,NC
1600,1328,Deviant Dale's IPA,American Double / Imperial IPA,16.0 oz,0.08%,85,389,Oskar Blues Brewery (North Carol...,Brevard,NC
1601,1175,Old Chub,Scottish Ale,12.0 oz,0.08,35,389,Oskar Blues Brewery (North Carol...,Brevard,NC
1602,1166,Dale's Pale Ale,American Pale Ale (APA),19.2 oz.,0.065,65,389,Oskar Blues Brewery (North Carol...,Brevard,NC
1603,1065,Dale's Pale Ale,American Pale Ale (APA),12.0 oz.,0.065,65,389,Oskar Blues Brewery (North Carol...,Brevard,NC
1604,1908,Fresh Slice White IPA,American White IPA,12.0 oz,0.06%,45,275,Otter Creek Brewing,Middlebury,VT
1605,1946,Overgrown American Pale Ale,American Pale Ale (APA),12.0 oz,0.055,55,261,Otter Creek Brewing,Waterbury,VT
1606,1961,Ozark American Pale Ale,American Pale Ale (APA),12.0 oz.,0.04,39,259,Ozark Beer Company,Rogers,AR
1609,1268,Rustic Red,Irish Red Ale,16.0 ounce,0.052,23,441,Pateros Creek Brewing Company,Fort Collins,CO
1610,697,Stimulator Pale Ale,American Pale Ale (APA),16.0 ounce,0.05%,48,441,Pateros Creek Brewing Company,Fort Collins,CO
1611,696,Old Town Ale,K?lsch,16.0 oz.,0.045,22,441,Pateros Creek Brewing Company,Fort Collins,CO
1612,695,Car 21,English Bitter,16.0 ounce,0.044,28,441,Pateros Creek Brewing Company,Fort Collins,CO
1613,694,Cache La Porter,American Porter,16.0 oz.,0.05,24,441,Pateros Creek Brewing Company,Fort Collins,CO
1614,1805,Rodeo Rye Pale Ale,American Pale Ale (APA),12.0 oz.,0.042,35,307,Payette Brewing Company,Garden City,ID
1615,1048,Outlaw IPA,American IPA,12.0 oz,0.06%,65,307,Payette Brewing Company,Garden City,ID
1617,890,Payette Pale Ale,American Pale Ale (APA),12.0 oz.,0.048,35,307,Payette Brewing Company,Garden City,ID
1618,775,Mutton Buster,American Brown Ale,12.0 oz.,0.06%,25,307,Payette Brewing Company,Garden City,ID
1622,2238,Lobo Lito,Light Lager,12.0 ounce,0.04,12,187,Pedernales Brewing Company,Fredericksburg,TX
1623,2144,Robert Earl Keen Honey Pils,American Pilsner,12.0 oz.,0.05,17,187,Pedernales Brewing Company,Fredericksburg,TX
1624,2175,Mound Builder IPA,American IPA,12.0 oz.,0.065,77,205,People's Brewing Company,Lafayette,IN
1625,2168,Amazon Princess IPA,American IPA,12.0 ounce,0.062,62,205,People's Brewing Company,Lafayette,IN
1628,2633,Hotbox Brown,American Brown Ale,12.0 oz,0.055,10,13,Perrin Brewing Company,Comstock Park,MI
1629,2632,Gold,American Blonde Ale,12.0 oz.,0.048,15,13,Perrin Brewing Company,Comstock Park,MI
1631,2630,98 Problems (Cuz A Hop Ain't One),American IPA,12.0 ounce,0.07%,65,13,Perrin Brewing Company,Comstock Park,MI
1632,2629,Veteran’s Pale Ale (VPA),American Pale Ale (APA),12.0 oz.,0.05,40,13,Perrin Brewing Company,Comstock Park,MI
1633,2628,Grapefruit IPA,American IPA,12.0 oz.,0.05,35,13,Perrin Brewing Company,Comstock Park,MI
1641,2635,Sparkle,American Pale Lager,16.0 oz.,0.041,12,11,Petoskey Brewing,Petoskey,MI
1643,1403,Horny Monk,Dubbel,16.0 oz.,0.069,20,11,Petoskey Brewing,Petoskey,MI
1644,1402,Mind's Eye PA,American IPA,16.0 oz. Alumi-Tek,0.067,74,11,Petoskey Brewing,Petoskey,MI
1645,2312,Camelback,American IPA,12.0 oz.,0.061,60,157,Phoenix Ale Brewery,Phoenix,AZ
1648,1384,Elephant Rock IPA,American IPA,12.0 oz.,0.07,75,355,Pikes Peak Brewing Company,Monument,CO
1651,1791,Hot Date Ale,Chile Beer,16.0 oz,0.06,20,314,Piney River Brewing Company,Bucryus,MO
1653,1491,Sweet Potato Ale,Fruit / Vegetable Beer,16.0 oz.,0.06,24,314,Piney River Brewing Company,Bucryus,MO
1654,1335,Float Trip Ale,American Blonde Ale,16.0 oz.,0.045,18,314,Piney River Brewing Company,Bucryus,MO
1655,847,Old Tom Porter,American Porter,16.0 oz,0.055,25,314,Piney River Brewing Company,Bucryus,MO
1656,846,Black Walnut Wheat,American Dark Wheat Ale,16.0 oz,0.045,18,314,Piney River Brewing Company,Bucryus,MO
1657,521,McKinney Eddy Amber Ale,American Amber / Red Ale,16.0 ounce,0.055,20,314,Piney River Brewing Company,Bucryus,MO
1658,479,Missouri Mule India Pale Ale,American IPA,16.0 ounce,0.07%,70,314,Piney River Brewing Company,Bucryus,MO
1660,1760,GreyBeard??IPA,American IPA,12.0 oz.,0.069,51,324,Pisgah Brewing Company,Black Mountain,NC
1661,1759,Pisgah Pale Ale,American Pale Ale (APA),12.0 ounce,0.057,31,324,Pisgah Brewing Company,Black Mountain,NC
1666,2553,Mazzie,American Pale Ale (APA),12.0 ounce,0.054,45,55,Pollyanna Brewing Company,Lemont,IL
1670,2360,Morning Wood Wheat (Current),American Pale Wheat Ale,12.0 OZ.,0.06%,14,135,Pug Ryan's Brewery,Dillon,CO
1672,1462,Dead Eye Dunkel,Munich Dunkel Lager,12.0 ounce,0.06,15,135,Pug Ryan's Brewery,Dillon,CO
1673,1461,Peacemaker Pilsner,Czech Pilsener,12.0 oz.,0.058,21,135,Pug Ryan's Brewery,Dillon,CO
1674,711,Over the Rail Pale Ale,American Pale Ale (APA),12.0 OZ.,0.057,68,135,Pug Ryan's Brewery,Dillon,CO
1675,188,Pallavicini Pilsner (2009),Czech Pilsener,12.0 oz.,0.06%,21,135,Pug Ryan's Brewery,Dillon,CO
1676,130,Morning Wood Wheat (Current),American Pale Wheat Ale,12.0 oz.,0.059,14,135,Pug Ryan's Brewery,Dillon,CO
1677,399,Pyramid Hefeweizen (2011),Hefeweizen,12.0 oz.,0.05%,18,544,Pyramid Breweries,Seattle,WA
1678,82,Haywire Hefeweizen (2010),Hefeweizen,16.0 oz.,0.05%,18,544,Pyramid Breweries,Seattle,WA
1679,2031,Golden Fleece,Belgian Pale Ale,12.0 oz,0.045,35,246,Quest Brewing Company,Greenville,SC
1680,2030,Smoking Mirror,American Porter,12.0 oz,0.055,30,246,Quest Brewing Company,Greenville,SC
1682,2229,Pride of Texas Pale Ale,American Pale Ale (APA),12.0 OZ.,0.058,60,176,Rahr & Sons Brewing Company,Fort Worth,TX
1683,2370,18th Anniversary Gose,Gose,12.0 oz.,0.044,5,128,Real Ale Brewing Company,Blanco,TX
1684,2211,White (2015),Witbier,12.0 oz.,0.046,25,128,Real Ale Brewing Company,Blanco,TX
1685,1861,BLAKKR,American Black Ale,12.0 OZ.,0.10%,85,128,Real Ale Brewing Company,Blanco,TX
1686,1718,Firemans #4 Blonde Ale (2013),American Blonde Ale,12.0 oz,0.05%,21,128,Real Ale Brewing Company,Blanco,TX
1688,1091,Hans' Pils (2015),German Pilsener,12.0 oz,0.053,52,128,Real Ale Brewing Company,Blanco,TX
1689,1086,Four Squared (2015),American Blonde Ale,12.0 oz.,0.06,50,128,Real Ale Brewing Company,Blanco,TX
1690,830,Firemans #4 Blonde Ale (2015),American Blonde Ale,12.0 oz.,0.05%,21,128,Real Ale Brewing Company,Blanco,TX
1691,1021,Watership Brown Ale,American Brown Ale,12.0 oz,0.072,55,475,Red Hare Brewing Company,Marietta,GA
1694,2516,Farmer's Daughter Blonde,American Blonde Ale,16.0 oz.,0.051,17,68,Red Shedman Farm Brewery and Hop...,Mt. Airy,MD
1695,2515,Pump House IPA,American IPA,16.0 oz,0.055,45,68,Red Shedman Farm Brewery and Hop...,Mt. Airy,MD
1697,2513,Vanilla Porter,American Porter,16.0 oz.,0.05%,25,68,Red Shedman Farm Brewery and Hop...,Mt. Airy,MD
1698,2512,Honey Rye,Rye Beer,16.0 ounce,0.06%,18,68,Red Shedman Farm Brewery and Hop...,Mt. Airy,MD
1700,945,Long Hammer IPA,American IPA,16.0 oz.,0.065,44,487,Redhook Brewery,Woodinville,WA
1701,583,Long Hammer IPA,American IPA,12.0 oz.,0.065,44,487,Redhook Brewery,Woodinville,WA
1702,339,Copper Hook (2011),American Amber / Red Ale,12.0 oz,0.058,27,487,Redhook Brewery,Woodinville,WA
1706,2087,Blood Orange Wit,Witbier,16.0 ounce,0.05,16,225,Refuge Brewery,Temecula,CA
1707,2414,Consilium,American Pale Ale (APA),12.0 ounce,0.05%,40,110,Renegade Brewing Company,Denver,CO
1708,1581,Hammer & Sickle,Russian Imperial Stout,12.0 oz.,0.09,60,110,Renegade Brewing Company,Denver,CO
1710,1006,Elevation Triple India Pale Ale,American Double / Imperial IPA,12.0 OZ.,0.099,100,110,Renegade Brewing Company,Denver,CO
1711,1005,5:00 O'Clock Afternoon Ale,American Blonde Ale,16.0 oz.,0.05,25,110,Renegade Brewing Company,Denver,CO
1712,636,Ryeteous Rye IPA (2012),American IPA,16.0 oz.,0.07%,100,110,Renegade Brewing Company,Denver,CO
1721,2576,Fist City,American Pale Ale (APA),12.0 ounce,0.055,40,44,Revolution Brewing Company,Chicago,IL
1723,609,Rosa Hibiscus Ale,Herbed / Spiced Beer,12.0 ounce,0.058,15,44,Revolution Brewing Company,Chicago,IL
1724,418,Fistmas Ale,Herbed / Spiced Beer,12.0 ounce,0.061,31,44,Revolution Brewing Company,Chicago,IL
1725,417,Oktoberfest Revolution,M?rzen / Oktoberfest,12.0 oz.,0.06%,25,44,Revolution Brewing Company,Chicago,IL
1726,416,Eugene Porter,American Porter,12.0 oz.,0.068,28,44,Revolution Brewing Company,Chicago,IL
1727,415,Anti-Hero IPA,American IPA,12.0 oz,0.065,70,44,Revolution Brewing Company,Chicago,IL
1728,414,Bottom Up Belgian Wit,Witbier,12.0 ounce,0.05%,14,44,Revolution Brewing Company,Chicago,IL
1729,2452,Hustle,American Amber / Red Ale,12.0 oz.,0.06%,42,93,Rhinegeist Brewery,Cincinnati,OH
1730,2451,Pure Fury,American Pale Ale (APA),12.0 oz,0.055,42,93,Rhinegeist Brewery,Cincinnati,OH
1731,2132,Dad,American Amber / Red Ale,12.0 oz.,0.06,60,93,Rhinegeist Brewery,Cincinnati,OH
1732,1993,Panther,American Porter,12.0 oz.,0.058,35,93,Rhinegeist Brewery,Cincinnati,OH
1733,1992,Franz,M?rzen / Oktoberfest,12.0 oz. Alumi-Tek,0.052,21,93,Rhinegeist Brewery,Cincinnati,OH
1734,1935,Zen,American Pale Ale (APA),12.0 oz.,0.04%,45,93,Rhinegeist Brewery,Cincinnati,OH
1735,1852,Truth,American IPA,12.0 oz.,0.072,75,93,Rhinegeist Brewery,Cincinnati,OH
1742,1771,Lil SIPA,American IPA,16.0 ounce,0.05,55,321,Rivertown Brewing Company,Lockland,OH
1743,1654,Hop Bomber Rye Pale Ale,American Pale Ale (APA),16.0 oz,0.06%,60,321,Rivertown Brewing Company,Lockland,OH
1768,1577,12th Round,American Strong Ale,16.0 oz.,0.076,78,376,RoughTail Brewing Company,Midwest City,OK
1769,1576,RoughTail IPA,American IPA,16.0 ounce,0.07,80,376,RoughTail Brewing Company,Midwest City,OK
1771,2304,Sundown,Saison / Farmhouse Ale,12.0 ounce,0.07%,36,164,Round Guys Brewing,Lansdale,PA
1774,1842,Original Slacker Ale,English Brown Ale,12.0 oz.,0.056,40,164,Round Guys Brewing,Lansdale,PA
1777,1552,Dog Days Summer Ale,K?lsch,12.0 oz.,0.05%,28,164,Round Guys Brewing,Lansdale,PA
1778,1479,1881 California Red,American Amber / Red Ale,12.0 oz,0.06%,35,397,Ruhstaller Beer Company,Sacramento,CA
1779,1478,CAPT Black IPA,American Black Ale,12.0 oz.,0.073,55,397,Ruhstaller Beer Company,Sacramento,CA
1780,1370,Ruhstaller's Gilt Edge Lager Beer,American Amber / Red Lager,12.0 oz.,0.048,42,397,Ruhstaller Beer Company,Sacramento,CA
1781,883,CAPT Black IPA,American Black Ale,16.0 oz.,0.07%,55,397,Ruhstaller Beer Company,Sacramento,CA
1782,882,1881 California Red Ale,American Amber / Red Ale,16.0 ounce,0.056,35,397,Ruhstaller Beer Company,Sacramento,CA
1783,1868,Saint Archer White Ale,Witbier,12.0 oz,0.05,15,288,Saint Archer Brewery,San Diego,CA
1784,1867,Saint Archer IPA,American IPA,12.0 oz.,0.07%,66,288,Saint Archer Brewery,San Diego,CA
1785,1865,Saint Archer Pale Ale,American Pale Ale (APA),12.0 oz.,0.05%,40,288,Saint Archer Brewery,San Diego,CA
1786,1864,Saint Archer Blonde,K?lsch,12.0 ounce,0.05%,22,288,Saint Archer Brewery,San Diego,CA
1787,2599,Sex Panther,American Porter,12.0 oz.,0.07%,20,30,SanTan Brewing Company,Chandler,AZ
1788,2073,Winter Warmer (Vault Series),Winter Warmer,16.0 ounce,0.095,25,30,SanTan Brewing Company,Chandler,AZ
1789,2063,Count Hopula (Vault Series),American Double / Imperial IPA,16.0 oz,0.09%,99,30,SanTan Brewing Company,Chandler,AZ
1791,1934,SunSpot Golden Ale,American Blonde Ale,12.0 ounce,0.05%,15,30,SanTan Brewing Company,Chandler,AZ
1794,1073,Epicenter Amber Ale,American Amber / Red Ale,12.0 OZ.,0.06%,20,30,SanTan Brewing Company,Chandler,AZ
1795,1072,SanTan HefeWeizen,Hefeweizen,12.0 oz.,0.05%,15,30,SanTan Brewing Company,Chandler,AZ
1796,1071,Hop Shock IPA,American IPA,12.0 ounce,0.07,85,30,SanTan Brewing Company,Chandler,AZ
1797,852,Sex Panther (2014),American Porter,12.0 oz.,0.07%,20,30,SanTan Brewing Company,Chandler,AZ
1798,850,Devil’s Ale,American Pale Ale (APA),12.0 oz,0.055,45,30,SanTan Brewing Company,Chandler,AZ
1800,777,Mr. Pineapple,Fruit / Vegetable Beer,12.0 ounce,0.05,20,30,SanTan Brewing Company,Chandler,AZ
1802,317,Hop Shock IPA (2010),American IPA,12.0 oz,0.07,85,30,SanTan Brewing Company,Chandler,AZ
1803,286,SanTan HefeWeizen (2010),Hefeweizen,12.0 oz.,0.05,15,30,SanTan Brewing Company,Chandler,AZ
1804,285,Devil’s Ale (2010),American Pale Ale (APA),12.0 ounce,0.06%,45,30,SanTan Brewing Company,Chandler,AZ
1805,124,Epicenter Amber Ale (2010),American Amber / Red Ale,12.0 oz.,0.06%,20,30,SanTan Brewing Company,Chandler,AZ
1806,1392,Sanitas Saison Ale,Saison / Farmhouse Ale,12.0 ounce,0.06%,20,419,Sanitas Brewing Company,Boulder,CO
1807,1391,Sanitas Black IPA,American Black Ale,12.0 oz,0.068,65,419,Sanitas Brewing Company,Boulder,CO
1808,2002,Giant DIPA,American Double / Imperial IPA,16.0 ounce,0.09%,88,252,Santa Cruz Mountain Brewing,Santa Cruz,CA
1811,1519,Saison 88,Saison / Farmhouse Ale,12.0 ounce,0.055,30,392,Santa Fe Brewing Company,Santa Fe,NM
1812,967,Black IPA,American Black Ale,12.0 oz,0.071,95,392,Santa Fe Brewing Company,Santa Fe,NM
1818,1477,Oval Beach Blonde Ale,American Blonde Ale,16.0 oz.,0.05%,11,398,Saugatuck Brewing Company,Douglas,MI
1822,1324,Schlafly Yakima Wheat Ale,American Pale Wheat Ale,12.0 oz,0.05,45,428,Schlafly Brewing Company,Saint Louis,MO
1824,1078,Schlafly IPA,American IPA,12.0 ounce,0.05%,30,428,Schlafly Brewing Company,Saint Louis,MO
1825,1077,Schlafly American Brown Ale,American Brown Ale,12.0 oz.,0.05,30,428,Schlafly Brewing Company,Saint Louis,MO
1826,588,Schlafly Hefeweizen,Hefeweizen,12.0 oz. Alumi-Tek,0.04%,16,428,Schlafly Brewing Company,Saint Louis,MO
1827,53,Schlafly Summer Lager,Munich Helles Lager,12.0 oz.,0.05%,17,428,Schlafly Brewing Company,Saint Louis,MO
1829,1302,Blur India Pale Ale,American IPA,12.0 oz.,0.074,60,432,Seabright Brewery,Santa Cruz,CA
1833,917,Becky's Black Cat Porter,American Porter,16.0 ounce,0.07%,55,494,Seven Brides Brewery,Silverton,OR
1834,2250,Seventh Son of a Seventh Son,American Strong Ale,16.0 oz,0.08%,40,183,Seventh Son Brewing Company,Columbus,OH
1835,1768,Stone Fort Brown Ale,English Brown Ale,16.0 ounce,0.053,20,183,Seventh Son Brewing Company,Columbus,OH
1836,1767,Seventh Son Hopped Red Ale,American Amber / Red Ale,16.0 ounce,0.077,40,183,Seventh Son Brewing Company,Columbus,OH
1837,1766,Humulus Nimbus Super Pale Ale,American Pale Ale (APA),16.0 oz.,0.06,53,183,Seventh Son Brewing Company,Columbus,OH
1838,1765,Golden Ratio IPA,American IPA,16.0 oz.,0.07,68,183,Seventh Son Brewing Company,Columbus,OH
1841,1539,Monkey Fist IPA,American IPA,12.0 oz.,0.07%,65,385,Shipyard Brewing Company,Portland,ME
1846,2239,Torpedo,American IPA,12.0 oz.,0.072,65,83,Sierra Nevada Brewing Company,Chico,CA
1849,1905,Sierra Nevada Pale Ale,American Pale Ale (APA),16.0 oz.,0.06%,37,83,Sierra Nevada Brewing Company,Chico,CA
1850,1338,Old Chico Crystal Wheat,American Pale Wheat Ale,12.0 ounce,0.05%,26,83,Sierra Nevada Brewing Company,Chico,CA
1851,1295,Summerfest,Czech Pilsener,12.0 oz.,0.05%,28,83,Sierra Nevada Brewing Company,Chico,CA
1853,400,Sierra Nevada Pale Ale,American Pale Ale (APA),12.0 oz. Alumi-Tek,0.06%,37,83,Sierra Nevada Brewing Company,Chico,CA
1858,2574,4Beans,Baltic Porter,12.0 oz. Alumi-Tek,0.1,52,46,Sixpoint Craft Ales,Brooklyn,NY
1859,2479,Jammer,Gose,12.0 oz,0.042,16,46,Sixpoint Craft Ales,Brooklyn,NY
1862,2090,Bengali,American IPA,24.0 ounce,0.065,62,46,Sixpoint Craft Ales,Brooklyn,NY
1863,1962,Sensi Harvest,American Pale Ale (APA),12.0 oz.,0.047,50,46,Sixpoint Craft Ales,Brooklyn,NY
1864,1696,Hi-Res,American Double / Imperial IPA,12.0 oz.,0.099,111,46,Sixpoint Craft Ales,Brooklyn,NY
1865,1608,Global Warmer,American Strong Ale,12.0 ounce,0.07,70,46,Sixpoint Craft Ales,Brooklyn,NY
1867,1388,The Crisp,German Pilsener,16.0 ounce,0.054,42,46,Sixpoint Craft Ales,Brooklyn,NY
1868,1387,Sweet Action,Cream Ale,16.0 oz.,0.05%,34,46,Sixpoint Craft Ales,Brooklyn,NY
1869,1386,Righteous Ale,Rye Beer,16.0 oz.,0.06%,57,46,Sixpoint Craft Ales,Brooklyn,NY
1870,1385,Bengali Tiger,American IPA,16.0 oz,0.064,62,46,Sixpoint Craft Ales,Brooklyn,NY
1871,1020,3Beans,Baltic Porter,12.0 oz. Alumi-Tek,0.10%,85,46,Sixpoint Craft Ales,Brooklyn,NY
1872,778,Brownstone,American Brown Ale,16.0 oz.,0.059,47,46,Sixpoint Craft Ales,Brooklyn,NY
1873,630,Apollo,American Pale Wheat Ale,16.0 oz.,0.052,11,46,Sixpoint Craft Ales,Brooklyn,NY
1874,629,Harbinger,Saison / Farmhouse Ale,16.0 ounce,0.049,35,46,Sixpoint Craft Ales,Brooklyn,NY
1875,628,Resin,American Double / Imperial IPA,12.0 oz,0.09%,103,46,Sixpoint Craft Ales,Brooklyn,NY
1876,525,Diesel,American Stout,16.0 OZ.,0.063,69,46,Sixpoint Craft Ales,Brooklyn,NY
1877,512,Autumnation (2011-12) (2011),Pumpkin Ale,16.0 ounce,0.06,48,46,Sixpoint Craft Ales,Brooklyn,NY
1878,425,The Crisp (2011),German Pilsener,16.0 ounce,0.05%,42,46,Sixpoint Craft Ales,Brooklyn,NY
1879,424,Sweet Action (2011),Cream Ale,16.0 oz.,0.052,34,46,Sixpoint Craft Ales,Brooklyn,NY
1880,423,Righteous Ale (2011),Rye Beer,16.0 oz.,0.063,57,46,Sixpoint Craft Ales,Brooklyn,NY
1881,422,Bengali Tiger (2011),American IPA,16.0 ounce,0.064,62,46,Sixpoint Craft Ales,Brooklyn,NY
1885,1297,Estival Cream Stout,American Stout,12.0 ounce,0.058,15,264,Ska Brewing Company,Durango,CO
1889,386,Mexican Logger,American Pale Lager,12.0 ounce,0.042,18,264,Ska Brewing Company,Durango,CO
1892,68,ESB Special Ale,Extra Special / Strong Bitter (ESB),12.0 oz,0.057,58,264,Ska Brewing Company,Durango,CO
1893,67,Modus Hoperandi,American IPA,12.0 oz.,0.068,65,264,Ska Brewing Company,Durango,CO
1894,1792,Iron Butt Red Ale,American Amber / Red Ale,12.0 oz,0.06%,39,313,Slanted Rock Brewing Company,Meridian,ID
1895,1609,Initial Point India Pale Ale,American IPA,12.0 ounce,0.071,92,313,Slanted Rock Brewing Company,Meridian,ID
1899,2305,Homefront IPA,American IPA,12.0 oz. Alumi-Tek,0.06%,70,163,Sly Fox Brewing Company,Phoenixville,PA
1900,1588,Sly Fox Christmas Ale 2013,Winter Warmer,12.0 oz,0.055,16,371,Sly Fox Brewing Company,Pottstown,PA
1901,1363,Grisette,Grisette,12.0 ounce,0.056,25,371,Sly Fox Brewing Company,Pottstown,PA
1903,1123,Helles Golden Lager,Munich Helles Lager,12.0 ounce,0.049,18,371,Sly Fox Brewing Company,Pottstown,PA
1904,926,Sly Fox Christmas Ale 2012 (2012),Winter Warmer,12.0 oz.,0.055,16,371,Sly Fox Brewing Company,Pottstown,PA
1905,894,Odyssey Imperial IPA,American Double / Imperial IPA,12.0 oz.,0.084,90,371,Sly Fox Brewing Company,Pottstown,PA
1907,24,113 IPA,American IPA,12.0 oz.,0.07,113,371,Sly Fox Brewing Company,Pottstown,PA
1908,23,Dunkel Lager,Munich Dunkel Lager,12.0 oz. Alumi-Tek,0.053,21,371,Sly Fox Brewing Company,Pottstown,PA
1909,22,Royal Weisse Ale,Hefeweizen,12.0 OZ.,0.06%,11,371,Sly Fox Brewing Company,Pottstown,PA
1910,21,Pikeland Pils,German Pilsener,12.0 ounce,0.05%,44,371,Sly Fox Brewing Company,Pottstown,PA
1911,20,Phoenix Pale Ale,American Pale Ale (APA),12.0 oz.,0.051,40,371,Sly Fox Brewing Company,Pottstown,PA
1912,2407,Rule G IPA,American IPA,12.0 oz,0.07%,88,115,Smartmouth Brewing Company,Norfolk,VA
1913,2406,Murphy's Law,American Amber / Red Ale,12.0 oz.,0.058,35,115,Smartmouth Brewing Company,Norfolk,VA
1914,2405,Alter Ego,Saison / Farmhouse Ale,12.0 oz,0.062,33,115,Smartmouth Brewing Company,Norfolk,VA
1916,1606,Snow King Pale Ale,American Pale Ale (APA),12.0 oz. Alumi-Tek,0.06,55,191,Snake River Brewing Company,Jackson,WY
1917,617,Zonker Stout,Foreign / Export Stout,12.0 oz.,0.05%,36,191,Snake River Brewing Company,Jackson,WY
1918,407,OB-1 Organic Ale,English Brown Ale,12.0 oz.,0.05,22,191,Snake River Brewing Company,Jackson,WY
1919,406,Snake River Lager,Vienna Lager,12.0 oz,0.05,18,191,Snake River Brewing Company,Jackson,WY
1920,402,Snake River Pale Ale,American Pale Ale (APA),12.0 oz.,0.052,32,191,Snake River Brewing Company,Jackson,WY
1921,393,Pako’s EyePA,American IPA,12.0 oz.,0.068,60,191,Snake River Brewing Company,Jackson,WY
1924,1596,Dagger Falls IPA,American IPA,12.0 OZ.,0.063,100,309,Sockeye Brewing Company,Boise,ID
1925,1595,Dagger Falls IPA,American IPA,12.0 oz,0.063,100,309,Sockeye Brewing Company,Boise,ID
1932,1160,Old Devil's Tooth,American Barleywine,12.0 OZ.,0.10%,100,309,Sockeye Brewing Company,Boise,ID
1934,1151,Hell-Diver Pale Ale,American Pale Ale (APA),12.0 oz.,0.05%,32,309,Sockeye Brewing Company,Boise,ID
1935,1150,Woolybugger Wheat,American Pale Wheat Ale,12.0 oz.,0.046,12,309,Sockeye Brewing Company,Boise,ID
1937,995,Winterfest,American Strong Ale,16.0 oz.,0.084,90,309,Sockeye Brewing Company,Boise,ID
1938,879,Dagger Falls IPA,American IPA,12.0 ounce,0.063,100,309,Sockeye Brewing Company,Boise,ID
1939,1972,LuckenBock,Bock,16.0 ounce,0.07,18,257,South Austin Brewery,South Austin,TX
1940,1971,Texas Pale Ale (TPA),American IPA,16.0 oz. Alumi-Tek,0.055,40,257,South Austin Brewery,South Austin,TX
1942,1969,Kol' Beer,K?lsch,16.0 oz.,0.05%,22,257,South Austin Brewery,South Austin,TX
1944,1283,Na Zdraví Pilsner,Czech Pilsener,16.0 oz.,0.048,32,436,Southern Oregon Brewing Company,Medford,OR
1945,1282,Nice Rack IPA,American IPA,16.0 ounce,0.055,65,436,Southern Oregon Brewing Company,Medford,OR
1946,2362,2014 IPA Cicada Series,American IPA,16.0 oz,0.075,72,133,Southern Prohibition Brewing Com...,Hattiesburg,MS
1947,2346,Sinister Minister Black IPA,American IPA,16.0 oz.,0.077,65,133,Southern Prohibition Brewing Com...,Hattiesburg,MS
1948,2320,Jack the Sipper,Extra Special / Strong Bitter (ESB),12.0 oz,0.05%,45,133,Southern Prohibition Brewing Com...,Hattiesburg,MS
1949,2297,Devil's Harvest Extra Pale Ale,American Pale Ale (APA),12.0 oz.,0.058,60,133,Southern Prohibition Brewing Com...,Hattiesburg,MS
1950,2296,Suzy B Dirty Blonde Ale,American Blonde Ale,12.0 OZ.,0.05,20,133,Southern Prohibition Brewing Com...,Hattiesburg,MS
1951,1745,Mississippi Fire Ant,American Amber / Red Ale,16.0 oz,0.08,80,133,Southern Prohibition Brewing Com...,Hattiesburg,MS
1952,1120,Hipster Breakfast,Oatmeal Stout,16.0 oz,0.06%,40,133,Southern Prohibition Brewing Com...,Hattiesburg,MS
1953,1118,Suzy B Dirty Blonde Ale,American Blonde Ale,16.0 oz. Alumi-Tek,0.05%,20,133,Southern Prohibition Brewing Com...,Hattiesburg,MS
1954,1117,Devil's Harvest Extra Pale Ale,American Pale Ale (APA),16.0 ounce,0.058,60,133,Southern Prohibition Brewing Com...,Hattiesburg,MS
1955,2387,Pine Belt Pale Ale,American Pale Ale (APA),12.0 oz,0.065,45,118,Southern Star Brewing Company,Conroe,TX
1957,1740,Le Mort Vivant,Bière de Garde,12.0 oz.,0.069,23,118,Southern Star Brewing Company,Conroe,TX
1958,1728,Red Cockaded Ale,American Double / Imperial IPA,12.0 oz.,0.085,110,118,Southern Star Brewing Company,Conroe,TX
1959,1497,Valkyrie Double IPA,American Double / Imperial IPA,12.0 ounce,0.092,100,118,Southern Star Brewing Company,Conroe,TX
1960,1011,Red Cockaded Ale (2013),American Double / Imperial IPA,12.0 oz.,0.09%,110,118,Southern Star Brewing Company,Conroe,TX
1961,1010,Old Potentate,Old Ale,12.0 oz,0.072,40,118,Southern Star Brewing Company,Conroe,TX
1962,856,Bombshell Blonde,American Blonde Ale,16.0 oz.,0.05,20,118,Southern Star Brewing Company,Conroe,TX
1963,853,PRO-AM (2012) (2012),American Double / Imperial IPA,12.0 oz,0.099,100,118,Southern Star Brewing Company,Conroe,TX
1965,555,Le Mort Vivant (2011),Bière de Garde,12.0 oz,0.069,23,118,Southern Star Brewing Company,Conroe,TX
1966,46,Buried Hatchet Stout,Foreign / Export Stout,12.0 oz,0.083,50,118,Southern Star Brewing Company,Conroe,TX
1967,45,Pine Belt Pale Ale,American Pale Ale (APA),16.0 ounce,0.065,45,118,Southern Star Brewing Company,Conroe,TX
1968,44,Bombshell Blonde,American Blonde Ale,12.0 oz.,0.05,20,118,Southern Star Brewing Company,Conroe,TX
1969,2486,Baby Daddy Session IPA,American IPA,12.0 oz.,0.047,35,78,Speakasy Ales & Lagers,San Francisco,CA
1983,855,Special Amber,Vienna Lager,12.0 ounce,0.05,22,498,Sprecher Brewing Company,Glendale,WI
1984,445,Special Amber,Vienna Lager,12.0 ounce,0.05%,22,498,Sprecher Brewing Company,Glendale,WI
1987,1544,Starr Pils,German Pilsener,12.0 oz,0.042,20,383,Starr Hill Brewery,Crozet,VA
1988,1205,Northern Lights India Pale Ale,American IPA,16.0 ounce,0.065,52,383,Starr Hill Brewery,Crozet,VA
1989,369,Festie,M?rzen / Oktoberfest,12.0 oz,0.05%,12,383,Starr Hill Brewery,Crozet,VA
1990,368,Northern Lights India Pale Ale,American IPA,12.0 ounce,0.07%,52,383,Starr Hill Brewery,Crozet,VA
1991,2386,Third Eye Enlightened Pale Ale,American Pale Ale (APA),12.0 oz.,0.065,65,119,Steamworks Brewing Company,Durango,CO
1992,92,Colorado K?lsch,K?lsch,12.0 oz,0.05%,17,119,Steamworks Brewing Company,Durango,CO
1993,91,Steam Engine Lager,American Amber / Red Lager,12.0 oz,0.057,25,119,Steamworks Brewing Company,Durango,CO
1994,90,Third Eye Pale Ale,American IPA,12.0 oz. Alumi-Tek,0.065,65,119,Steamworks Brewing Company,Durango,CO
1995,2366,Point Special (Current),American Adjunct Lager,12.0 oz.,0.047,9,131,Stevens Point Brewery,Stevens Point,WI
1996,2365,Point Special,American Adjunct Lager,12.0 oz. Alumi-Tek,0.047,9,131,Stevens Point Brewery,Stevens Point,WI
1997,2270,Point Cascade Pale Ale (2013),American Pale Ale (APA),12.0 oz,0.054,33,131,Stevens Point Brewery,Stevens Point,WI
1998,2228,Point Special,American Adjunct Lager,12.0 ounce,0.047,9,131,Stevens Point Brewery,Stevens Point,WI
1999,2151,Onyx Black Ale,American Black Ale,12.0 oz.,0.05%,9,131,Stevens Point Brewery,Stevens Point,WI
2000,2150,Beyond The Pale IPA,American IPA,12.0 oz. Alumi-Tek,0.063,64,131,Stevens Point Brewery,Stevens Point,WI
2001,2122,Point Special (2013),American Adjunct Lager,12.0 oz,0.05%,9,131,Stevens Point Brewery,Stevens Point,WI
2002,2121,Point Special (2012),American Adjunct Lager,12.0 oz,0.05%,9,131,Stevens Point Brewery,Stevens Point,WI
2003,2115,Point Special Lager,American Adjunct Lager,16.0 oz.,0.05%,9,131,Stevens Point Brewery,Stevens Point,WI
2005,1357,Point Oktoberfest,M?rzen / Oktoberfest,16.0 ounce,0.057,15,131,Stevens Point Brewery,Stevens Point,WI
2006,1225,Point Nude Beach Summer Wheat,American Pale Wheat Ale,16.0 oz,0.05%,7,131,Stevens Point Brewery,Stevens Point,WI
2007,816,Point Nude Beach Summer Wheat,American Pale Wheat Ale,12.0 oz. Alumi-Tek,0.05,7,131,Stevens Point Brewery,Stevens Point,WI
2008,772,Point Nude Beach Summer Wheat (2011),American Pale Wheat Ale,12.0 oz. Alumi-Tek,0.05%,7,131,Stevens Point Brewery,Stevens Point,WI
2010,650,Three Kings Ale,K?lsch,12.0 oz.,0.049,13,131,Stevens Point Brewery,Stevens Point,WI
2011,456,Point Oktoberfest,M?rzen / Oktoberfest,12.0 ounce,0.06%,15,131,Stevens Point Brewery,Stevens Point,WI
2012,357,2012 Black Ale,American Brown Ale,12.0 oz,0.054,32,131,Stevens Point Brewery,Stevens Point,WI
2013,141,Point Nude Beach Summer Wheat (2010),American Pale Wheat Ale,12.0 oz,0.05%,7,131,Stevens Point Brewery,Stevens Point,WI
2014,140,Point Cascade Pale Ale,American Pale Ale (APA),12.0 ounce,0.054,33,131,Stevens Point Brewery,Stevens Point,WI
2015,139,Point Amber Classic,American Amber / Red Lager,12.0 oz.,0.047,14,131,Stevens Point Brewery,Stevens Point,WI
2016,138,Point Special Lager,American Adjunct Lager,12.0 oz,0.047,9,131,Stevens Point Brewery,Stevens Point,WI
2017,953,Wisco Disco,American Amber / Red Ale,16.0 ounce,0.05%,31,486,Stillmank Beer Company,Green Bay,WI
2022,1410,Sand Island Lighthouse,K?lsch,12.0 oz.,0.051,25,412,Straight to Ale,Huntsville,AL
2023,925,Lily Flagg Milk Stout,Milk / Sweet Stout,12.0 oz.,0.05,30,412,Straight to Ale,Huntsville,AL
2024,637,Monkeynaut IPA,American IPA,12.0 oz.,0.07%,70,412,Straight to Ale,Huntsville,AL
2026,2233,American Lager,American Adjunct Lager,12.0 oz.,0.041,8,129,Straub Brewery,St Mary's,PA
2027,2232,American Amber,American Amber / Red Lager,12.0 oz.,0.041,8,129,Straub Brewery,St Mary's,PA
2028,2231,American Light,Light Lager,12.0 oz.,0.032,13,129,Straub Brewery,St Mary's,PA
2029,2352,Extra Pale Ale,American Pale Ale (APA),12.0 oz.,0.053,49,138,Summit Brewing Company,St Paul,MN
2030,2549,Make It So,Extra Special / Strong Bitter (ESB),12.0 ounce,0.053,40,58,Summit Brewing Company,St. Paul,MN
2032,2415,Unchained #18 Hop Silo,American Double / Imperial IPA,16.0 oz.,0.08%,100,58,Summit Brewing Company,St. Paul,MN
2033,2605,Tip Off,Altbier,16.0 ounce,0.052,29,25,Sun King Brewing Company,Indianapolis,IN
2035,2164,Cowbell,American Porter,16.0 oz.,0.054,23,25,Sun King Brewing Company,Indianapolis,IN
2036,2085,Hop Up Offa That Brett (2014),Belgian Pale Ale,16.0 ounce,0.06%,20,25,Sun King Brewing Company,Indianapolis,IN
2037,2084,PV Muckle (2013),Scotch Ale / Wee Heavy,16.0 oz.,0.083,23,25,Sun King Brewing Company,Indianapolis,IN
2038,2083,Bourbon Barrel Batch 666: Sympathy for the Devil,Belgian Dark Ale,16.0 ounce,0.10%,36,25,Sun King Brewing Company,Indianapolis,IN
2039,2082,Whip Fight,Scotch Ale / Wee Heavy,16.0 oz,0.09,30,25,Sun King Brewing Company,Indianapolis,IN
2040,2081,Port Barrel Wee Mac,Scotch Ale / Wee Heavy,16.0 ounce,0.05%,23,25,Sun King Brewing Company,Indianapolis,IN
2041,2001,Fistful Of Hops Red,American IPA,16.0 oz. Alumi-Tek,0.064,75,25,Sun King Brewing Company,Indianapolis,IN
2044,1996,Fistful of Hops Green,American IPA,16.0 oz,0.064,75,25,Sun King Brewing Company,Indianapolis,IN
2046,1656,Wee Muckle,Scotch Ale / Wee Heavy,16.0 ounce,0.09,30,25,Sun King Brewing Company,Indianapolis,IN
2047,1599,Royal Brat,Extra Special / Strong Bitter (ESB),16.0 oz. Silo Can,0.07%,55,25,Sun King Brewing Company,Indianapolis,IN
2048,1420,Grapefruit Jungle (GFJ),American IPA,16.0 oz,0.075,77,25,Sun King Brewing Company,Indianapolis,IN
2049,1389,Osiris Pale Ale,American Pale Ale (APA),16.0 ounce,0.06%,50,25,Sun King Brewing Company,Indianapolis,IN
2050,1367,Bourbon Barrel Aged Timmie,Russian Imperial Stout,16.0 oz.,0.099,75,25,Sun King Brewing Company,Indianapolis,IN
2051,1366,Stupid Sexy Flanders,Flanders Oud Bruin,16.0 oz.,0.063,23,25,Sun King Brewing Company,Indianapolis,IN
2054,1128,Ring of Dingle,Irish Dry Stout,16.0 oz.,0.07%,27,25,Sun King Brewing Company,Indianapolis,IN
2055,1127,Bourbon Barrel Wee Mac,Scottish Ale,16.0 oz.,0.054,23,25,Sun King Brewing Company,Indianapolis,IN
2056,1049,Bourbon Barrel Johan,English Barleywine,16.0 oz,0.10%,60,25,Sun King Brewing Company,Indianapolis,IN
2058,923,The Velvet Fog,Quadrupel (Quad),16.0 ounce,0.09,24,25,Sun King Brewing Company,Indianapolis,IN
2059,874,Sun King Oktoberfest,M?rzen / Oktoberfest,16.0 oz. Alumi-Tek,0.055,23,25,Sun King Brewing Company,Indianapolis,IN
2060,739,Indianapolis Indians Lager,Dortmunder / Export Lager,16.0 oz,0.052,24,25,Sun King Brewing Company,Indianapolis,IN
2063,651,Isis,American Double / Imperial IPA,16.0 oz.,0.09%,91,25,Sun King Brewing Company,Indianapolis,IN
2064,584,Wee Muckle (2011),Scotch Ale / Wee Heavy,16.0 oz,0.09%,30,25,Sun King Brewing Company,Indianapolis,IN
2065,532,Grapefruit Jungle (GFJ) (2011),American IPA,16.0 oz.,0.075,77,25,Sun King Brewing Company,Indianapolis,IN
2066,526,Sun King Oktoberfest (2011),M?rzen / Oktoberfest,16.0 ounce,0.055,23,25,Sun King Brewing Company,Indianapolis,IN
2067,394,Johan the Barleywine,English Barleywine,16.0 oz,0.10%,60,25,Sun King Brewing Company,Indianapolis,IN
2068,213,Wee Mac Scottish-Style Ale,Scottish Ale,16.0 oz.,0.054,23,25,Sun King Brewing Company,Indianapolis,IN
2069,55,Sunlight Cream Ale,Cream Ale,16.0 oz,0.053,20,25,Sun King Brewing Company,Indianapolis,IN
2070,54,Osiris Pale Ale (2010),American Pale Ale (APA),16.0 oz. Alumi-Tek,0.06%,50,25,Sun King Brewing Company,Indianapolis,IN
2075,1739,BLAKKR,American Black Ale,16.0 oz,0.10%,85,61,Surly Brewing Company,Brooklyn Center,MN
2076,1112,Overrated! West Coast Style IPA,American IPA,16.0 ounce,0.07%,69,61,Surly Brewing Company,Brooklyn Center,MN
2077,329,WET,American IPA,16.0 ounce,0.075,90,61,Surly Brewing Company,Brooklyn Center,MN
2078,19,Bitter Brewer,English Bitter,16.0 ounce,0.04,37,61,Surly Brewing Company,Brooklyn Center,MN
2079,18,SurlyFest,Rye Beer,16.0 oz,0.055,34,61,Surly Brewing Company,Brooklyn Center,MN
2080,17,Coffee Bender,American Brown Ale,16.0 oz,0.051,45,61,Surly Brewing Company,Brooklyn Center,MN
2081,16,Bender,American Brown Ale,16.0 oz.,0.051,45,61,Surly Brewing Company,Brooklyn Center,MN
2082,15,Abrasive Ale,American Double / Imperial IPA,16.0 OZ.,0.10%,120,61,Surly Brewing Company,Brooklyn Center,MN
2083,14,Hell,Keller Bier / Zwickel Bier,16.0 oz.,0.05%,20,61,Surly Brewing Company,Brooklyn Center,MN
2084,13,CynicAle,Saison / Farmhouse Ale,16.0 oz.,0.067,33,61,Surly Brewing Company,Brooklyn Center,MN
2085,12,Furious,American IPA,16.0 oz. Alumi-Tek,0.062,99,61,Surly Brewing Company,Brooklyn Center,MN
2086,1242,Big Nose,American IPA,12.0 oz,0.073,50,447,Swamp Head Brewery,Gainesville,FL
2087,1241,Cotton Mouth,Witbier,12.0 oz.,0.05%,10,447,Swamp Head Brewery,Gainesville,FL
2088,1240,Stump Knocker Pale Ale,American Pale Ale (APA),12.0 OZ.,0.056,35,447,Swamp Head Brewery,Gainesville,FL
2089,1239,Midnight Oil,Oatmeal Stout,12.0 OZ.,0.05,38,447,Swamp Head Brewery,Gainesville,FL
2090,1238,Wild Night,Cream Ale,12.0 oz,0.06%,18,447,Swamp Head Brewery,Gainesville,FL
2092,2568,Take Two Pils,German Pilsener,12.0 oz.,0.055,35,49,SweetWater Brewing Company,Atlanta,GA
2096,1229,Dodgy Knight Imperial IPA,American Double / Imperial IPA,12.0 ounce,0.08,95,449,TailGate Beer,San Diego,CA
2098,663,TailGate IPA,American IPA,24.0 oz.,0.05,44,449,TailGate Beer,San Diego,CA
2099,662,TailGate IPA,American IPA,12.0 oz. Silo Can,0.05,44,449,TailGate Beer,San Diego,CA
2100,623,TailGate Hefeweizen,Hefeweizen,24.0 oz.,0.05%,28,449,TailGate Beer,San Diego,CA
2101,622,Blacktop Blonde,American Blonde Ale,24.0 oz.,0.05%,19,449,TailGate Beer,San Diego,CA
2102,362,Blacktop Blonde,American Blonde Ale,12.0 oz,0.05,19,449,TailGate Beer,San Diego,CA
2103,361,TailGate Hefeweizen,Hefeweizen,12.0 ounce,0.05%,28,449,TailGate Beer,San Diego,CA
2104,2575,Wooden Rooster,Tripel,16.9 OZ.,0.085,34,45,Tallgrass Brewing Company,Manhattan,KS
2105,2555,Ginger Peach Saison,Saison / Farmhouse Ale,16.0 oz.,0.05%,20,45,Tallgrass Brewing Company,Manhattan,KS
2106,1736,Zombie Monkie,American Porter,16.0 oz.,0.062,35,45,Tallgrass Brewing Company,Manhattan,KS
2107,1196,Wild Plum Farmhouse Ale,Saison / Farmhouse Ale,16.0 OZ.,0.06%,20,45,Tallgrass Brewing Company,Manhattan,KS
2108,1063,Vanilla Bean Buffalo Sweat,Oatmeal Stout,16.0 oz,0.05,20,45,Tallgrass Brewing Company,Manhattan,KS
2109,1017,Ethos IPA,American IPA,16.0 oz,0.07%,110,45,Tallgrass Brewing Company,Manhattan,KS
2110,1009,Tallgrass Pub Ale,American Brown Ale,16.0 oz,0.04%,12,45,Tallgrass Brewing Company,Manhattan,KS
2111,912,Oasis,Extra Special / Strong Bitter (ESB),16.0 ounce,0.072,93,45,Tallgrass Brewing Company,Manhattan,KS
2112,765,Buffalo Sweat,Milk / Sweet Stout,16.0 oz.,0.05,20,45,Tallgrass Brewing Company,Manhattan,KS
2116,412,Halcyon Unfiltered Wheat,American Pale Wheat Ale,12.0 ounce,0.05,20,45,Tallgrass Brewing Company,Manhattan,KS
2117,105,K?ld Lager (2010),German Pilsener,16.0 oz,0.05,16,45,Tallgrass Brewing Company,Manhattan,KS
2118,104,Oasis (2010),American Double / Imperial IPA,16.0 oz.,0.07%,93,45,Tallgrass Brewing Company,Manhattan,KS
2119,103,Tallgrass Ale,American Brown Ale,16.0 oz.,0.044,22,45,Tallgrass Brewing Company,Manhattan,KS
2120,102,Buffalo Sweat (2010),Milk / Sweet Stout,16.0 oz,0.05%,20,45,Tallgrass Brewing Company,Manhattan,KS
2121,101,Tallgrass IPA,American IPA,16.0 oz,0.063,60,45,Tallgrass Brewing Company,Manhattan,KS
2125,544,Old Elephant Foot IPA,American IPA,16.0 oz. Alumi-Tek,0.07%,80,490,Tampa Bay Brewing Company,Tampa,FL
2126,2640,Peck's Porter,American Porter,16.0 oz.,0.065,35,7,Tapistry Brewing,Bridgman,MI
2129,2601,Deduction,Dubbel,12.0 oz,0.08,22,28,Taxman Brewing Company,Bargersville,IN
2137,2119,First Stand,Saison / Farmhouse Ale,12.0 ounce,0.055,35,215,Texian Brewing Co.,Richmond,TX
2138,2118,Battle LIne,American Brown Ale,12.0 oz,0.063,23,215,Texian Brewing Co.,Richmond,TX
2139,2117,Broken Bridge,Dunkelweizen,12.0 oz,0.056,12,215,Texian Brewing Co.,Richmond,TX
2140,2116,Brutus,English India Pale Ale (IPA),12.0 oz.,0.071,69,215,Texian Brewing Co.,Richmond,TX
2145,1111,Heady Topper,American Double / Imperial IPA,16.0 oz. Alumi-Tek,0.08,120,272,The Alchemist,Waterbury,VT
2146,379,Heady Topper,American Double / Imperial IPA,16.0 oz. Alumi-Tek,0.08,120,272,The Alchemist,Waterbury,VT
2147,1200,Bomber Mountain Amber Ale (2013),American Amber / Red Ale,12.0 ounce,0.05%,20,457,The Black Tooth Brewing Company,Sheridan,WY
2148,1199,Indian Paintbrush IPA,American IPA,12.0 ounce,0.07%,75,457,The Black Tooth Brewing Company,Sheridan,WY
2149,1198,Saddle Bronc Brown Ale (2013),English Brown Ale,12.0 ounce,0.05%,16,457,The Black Tooth Brewing Company,Sheridan,WY
2150,1197,Wagon Box Wheat Beer,American Pale Wheat Ale,12.0 oz.,0.059,15,457,The Black Tooth Brewing Company,Sheridan,WY
2154,1748,Bronx Summer Pale Ale,American Pale Ale (APA),16.0 oz,0.052,16,329,The Bronx Brewery,Bronx,NY
2155,1747,Bronx Black Pale Ale,American Black Ale,16.0 oz,0.06%,46,329,The Bronx Brewery,Bronx,NY
2156,1037,Bronx Pale Ale,American Pale Ale (APA),16.0 ounce,0.063,50,329,The Bronx Brewery,Bronx,NY
2157,2594,Surfrider,American Pale Ale (APA),16.0 ounce,0.052,35,33,The Dudes' Brewing Company,Torrance,CA
2160,1562,Grandma's Pecan,English Brown Ale,16.0 oz.,0.069,34,33,The Dudes' Brewing Company,Torrance,CA
2161,1561,Double Trunk,American Double / Imperial IPA,16.0 oz,0.099,101,33,The Dudes' Brewing Company,Torrance,CA
2162,1749,Just IPA,American IPA,12.0 ounce,0.046,45,328,The Just Beer Project,Burlington,VT
2170,2347,Hunny Do Wheat,American Pale Wheat Ale,12.0 oz. Alumi-Tek,0.048,18,142,Third Street Brewhouse,Cold Spring,MN
2174,2421,Watermelon Ale,Fruit / Vegetable Beer,12.0 ounce,0.05%,11,108,Thomas Hooker Brewing Company,Bloomfield,CT
2175,2319,Knotty Blonde Ale,American Blonde Ale,12.0 oz. Alumi-Tek,0.04%,18,153,Three Creeks Brewing,Sisters,OR
2176,2317,Fivepine Chocolate Porter,American Porter,12.0 oz.,0.062,40,153,Three Creeks Brewing,Sisters,OR
2177,2316,Hoodoo Voodoo IPA,American IPA,12.0 oz.,0.062,82,153,Three Creeks Brewing,Sisters,OR
2178,1913,Hydraulion Red,Irish Red Ale,12.0 oz. Silo Can,0.053,22,273,Three Notch'd Brewing Company,Charlottesville,VA
2179,1912,40 Mile IPA,American IPA,12.0 oz,0.06,50,273,Three Notch'd Brewing Company,Charlottesville,VA
2180,2617,Citra Faced,American Pale Wheat Ale,16.0 oz,0.06%,64,21,Three Pints Brewing,Martinsville,IN
2181,2616,Pole Barn Stout,Oatmeal Stout,16.0 oz.,0.055,31,21,Three Pints Brewing,Martinsville,IN
2182,2615,Pale,American Pale Ale (APA),16.0 oz,0.054,37,21,Three Pints Brewing,Martinsville,IN
2183,2614,Yoshi's Nectar,California Common / Steam Beer,16.0 OZ.,0.053,27,21,Three Pints Brewing,Martinsville,IN
2188,2623,Cafe Leche,American Porter,16.0 ounce,0.058,20,17,Tin Man Brewing Company,Evansville,IN
2189,2622,Damascene Apricot Sour,Fruit / Vegetable Beer,16.0 oz,0.052,12,17,Tin Man Brewing Company,Evansville,IN
2190,2621,Csar,Russian Imperial Stout,16.0 oz,0.12,90,17,Tin Man Brewing Company,Evansville,IN
2192,1449,Overlord Imperial IPA,American Double / Imperial IPA,16.0 ounce,0.085,115,17,Tin Man Brewing Company,Evansville,IN
2193,951,Alloy,American IPA,16.0 oz.,0.058,36,17,Tin Man Brewing Company,Evansville,IN
2194,950,Rivet Irish Red Ale,Irish Red Ale,16.0 oz,0.051,22,17,Tin Man Brewing Company,Evansville,IN
2195,949,3 Gear Robust Porter,American Porter,16.0 oz.,0.052,50,17,Tin Man Brewing Company,Evansville,IN
2198,1755,Juke Joint IPA,American IPA,12.0 oz,0.07%,60,152,Tin Roof Brewing Company,Baton Rouge,LA
2199,1754,Parade Ground Coffee Porter,American Porter,12.0 oz,0.07,35,152,Tin Roof Brewing Company,Baton Rouge,LA
2200,1428,Tin Roof Watermelon Wheat,Fruit / Vegetable Beer,12.0 ounce,0.05,21,152,Tin Roof Brewing Company,Baton Rouge,LA
2201,529,Tin Roof Blonde Ale,American Blonde Ale,12.0 oz.,0.045,18,152,Tin Roof Brewing Company,Baton Rouge,LA
2202,495,Voodoo Bengal Pale Ale,American Pale Ale (APA),12.0 oz,0.055,37,152,Tin Roof Brewing Company,Baton Rouge,LA
2203,494,Perfect Tin Amber,American Amber / Red Ale,12.0 oz.,0.045,28,152,Tin Roof Brewing Company,Baton Rouge,LA
2204,1856,IPA & a Half,American IPA,12.0 oz.,0.073,87,291,Tommyknocker Brewery,Idaho Springs,CO
2208,1938,Almanac IPA,American IPA,12.0 oz.,0.062,72,265,Tractor Brewing Company,Albuquerque,NM
2210,1936,Farmer's Tan Red Ale,American Amber / Red Ale,12.0 oz. Alumi-Tek,0.06,30,265,Tractor Brewing Company,Albuquerque,NM
2215,2444,Nugget Nectar,American Amber / Red Ale,16.0 ounce,0.075,93,97,Tr?egs Brewing Company,Hershey,PA
2216,2203,Sunshine Pils,American Pilsner,12.0 oz.,0.045,45,97,Tr?egs Brewing Company,Hershey,PA
2217,1510,Troegenator Doublebock,Doppelbock,16.0 ounce,0.08%,25,97,Tr?egs Brewing Company,Hershey,PA
2219,433,Greenville Pale Ale,American Pale Ale (APA),12.0 oz.,0.06%,52,539,Twin Lakes Brewing Company,Greenville,DE
2220,641,Hoppy Boy,American IPA,16.0 ounce,0.062,65,520,Twisted Pine Brewing Company,Boulder,CO
2221,2588,Cow Creek,American Amber / Red Lager,12.0 ounce,0.05%,26,38,Twisted X Brewing Company,Dripping Springs,TX
2222,2458,Chupahopra,American IPA,12.0 oz. Alumi-Tek,0.075,63,38,Twisted X Brewing Company,Dripping Springs,TX
2223,2212,Twisted X,American Adjunct Lager,12.0 oz.,0.05%,19,38,Twisted X Brewing Company,Dripping Springs,TX
2224,2235,Day Hike Session,American IPA,12.0 oz,0.041,41,190,Two Beers Brewing Company,Seattle,WA
2225,1661,Trailhead ISA,American IPA,12.0 oz,0.048,48,190,Two Beers Brewing Company,Seattle,WA
2226,1660,Immersion Amber,American Amber / Red Ale,12.0 oz,0.05%,27,190,Two Beers Brewing Company,Seattle,WA
2227,1659,Evo IPA,American IPA,12.0 ounce,0.06%,70,190,Two Beers Brewing Company,Seattle,WA
2229,1173,Evolutionary IPA (2012),American IPA,12.0 oz.,0.06%,70,190,Two Beers Brewing Company,Seattle,WA
2230,560,Persnickety Pale,American Pale Ale (APA),12.0 ounce,0.057,36,190,Two Beers Brewing Company,Seattle,WA
2231,519,SoDo Brown Ale,American Brown Ale,12.0 ounce,0.054,20,190,Two Beers Brewing Company,Seattle,WA
2232,518,Immersion Amber Ale (2011),American Amber / Red Ale,12.0 oz,0.052,27,190,Two Beers Brewing Company,Seattle,WA
2233,505,Evolutionary IPA (2011),American IPA,12.0 oz.,0.062,70,190,Two Beers Brewing Company,Seattle,WA
2234,482,Trailhead India Style Session Ale (2011),American IPA,12.0 ounce,0.048,48,190,Two Beers Brewing Company,Seattle,WA
2236,2497,Wobble,American IPA,16.0 oz,0.063,69,74,Two Brothers Brewing Company,Warrenville,IL
2237,2246,Night Cat,American Dark Wheat Ale,12.0 oz,0.06%,43,74,Two Brothers Brewing Company,Warrenville,IL
2238,1630,Night Cat (2014),American Dark Wheat Ale,12.0 oz.,0.06%,43,74,Two Brothers Brewing Company,Warrenville,IL
2239,1284,Dog Days Lager,Dortmunder / Export Lager,12.0 oz.,0.05%,17,74,Two Brothers Brewing Company,Warrenville,IL
2240,1121,Sidekick Extra Pale Ale,American Pale Ale (APA),12.0 oz. Alumi-Tek,0.05%,36,74,Two Brothers Brewing Company,Warrenville,IL
2241,1042,Atom Smasher,M?rzen / Oktoberfest,12.0 oz,0.077,23,74,Two Brothers Brewing Company,Warrenville,IL
2244,861,Cane and Ebel,American Strong Ale,12.0 oz,0.07,68,74,Two Brothers Brewing Company,Warrenville,IL
2252,2310,PUNK'N,Pumpkin Ale,12.0 OZ.,0.05,10,159,Uinta Brewing Company,Salt Lake City,UT
2253,2100,Yard Sale Winter Lager,American Amber / Red Lager,12.0 oz,0.04,22,159,Uinta Brewing Company,Salt Lake City,UT
2254,1925,Trader Session IPA,American IPA,12.0 oz.,0.04,42,159,Uinta Brewing Company,Salt Lake City,UT
2255,1723,Hop Nosh IPA,American IPA,12.0 OZ.,0.07%,83,159,Uinta Brewing Company,Salt Lake City,UT
2256,1212,SUM'R,American Blonde Ale,12.0 ounce,0.04%,17,159,Uinta Brewing Company,Salt Lake City,UT
2257,1097,Organic Baba Black Lager,Schwarzbier,12.0 oz,0.04%,32,159,Uinta Brewing Company,Salt Lake City,UT
2258,1089,Hop Notch IPA (2013),American IPA,12.0 oz.,0.073,82,159,Uinta Brewing Company,Salt Lake City,UT
2259,1088,Cutthroat Pale Ale,American Pale Ale (APA),12.0 oz.,0.04%,34,159,Uinta Brewing Company,Salt Lake City,UT
2260,974,WYLD Extra Pale Ale,American Pale Ale (APA),12.0 oz.,0.04,29,159,Uinta Brewing Company,Salt Lake City,UT
2262,2372,The Green Room,American IPA,16.0 oz,0.06%,75,126,Uncle Billy's Brewery and Smokeh...,Austin,TX
2263,2367,Humbucker Helles,Maibock / Helles Bock,16.0 oz.,0.05%,25,126,Uncle Billy's Brewery and Smokeh...,Austin,TX
2272,2507,Double Duckpin,American Double / Imperial IPA,12.0 oz,0.085,90,71,Union Craft Brewing,Baltimore,MD
2273,2506,Old Pro,Gose,12.0 OZ.,0.04%,10,71,Union Craft Brewing,Baltimore,MD
2276,2190,Campside Session IPA,American IPA,16.0 oz.,0.045,50,202,Upland Brewing Company,Bloomington,IN
2277,1951,Upland Wheat Ale,Witbier,16.0 oz. Alumi-Tek,0.045,15,202,Upland Brewing Company,Bloomington,IN
2281,2563,Lee Hill Series Vol. 2 - Wild Saison,American Wild Ale,19.2 oz.,0.068,24,51,Upslope Brewing Company,Boulder,CO
2282,2562,Lee Hill Series Vol. 3 - Barrel Aged Imperial Stout,American Double / Imperial Stout,19.2 OZ.,0.099,51,51,Upslope Brewing Company,Boulder,CO
2285,1932,Thai Style White IPA,American White IPA,12.0 oz.,0.07%,33,51,Upslope Brewing Company,Boulder,CO
2286,1853,Ferus Fluxus Wild Belgian Pale Ale,American Wild Ale,19.2 oz,0.075,30,51,Upslope Brewing Company,Boulder,CO
2290,683,Upslope Belgian Style Pale Ale,Belgian Pale Ale,12.0 oz.,0.075,30,51,Upslope Brewing Company,Boulder,CO
2292,466,Top Rope Mexican-style Craft Lager,Vienna Lager,12.0 ounce,0.05%,15,51,Upslope Brewing Company,Boulder,CO
2293,444,Upslope Craft Lager,Vienna Lager,12.0 oz,0.048,22,51,Upslope Brewing Company,Boulder,CO
2297,382,Common Sense Kentucky Common Ale,American Brown Ale,16.0 OZ.,0.053,22,546,Upstate Brewing Company,Elmira,NY
2298,381,Upstate I.P.W.,American IPA,12.0 oz,0.07%,70,546,Upstate Brewing Company,Elmira,NY
2300,1825,Squatters Hop Rising Double IPA,American Double / Imperial IPA,12.0 ounce,0.09,75,302,Utah Brewers Cooperative,Salt Lake City,UT
2305,1680,Squatters Hop Rising Double IPA (2014),American Double / Imperial IPA,12.0 ounce,0.09,75,302,Utah Brewers Cooperative,Salt Lake City,UT
2313,1770,Voodoo Love Child,Tripel,12.0 oz,0.092,25,322,Voodoo Brewery,Meadville,PA
2314,1769,White Magick of the Sun,Witbier,12.0 oz.,0.079,23,322,Voodoo Brewery,Meadville,PA
2316,1729,Gran Met,Belgian Strong Pale Ale,12.0 oz.,0.092,25,322,Voodoo Brewery,Meadville,PA
2317,1603,Good Vibes IPA,American IPA,12.0 oz. Alumi-Tek,0.073,85,322,Voodoo Brewery,Meadville,PA
2318,1488,Pilzilla,American Double / Imperial Pilsner,12.0 ounce,0.08%,85,322,Voodoo Brewery,Meadville,PA
2319,1846,Wachusett Light IPA,American IPA,12.0 oz,0.04,37,295,Wachusett Brewing Company,Westminster,MA
2321,1844,Wachusett IPA,American IPA,12.0 OZ.,0.06%,50,295,Wachusett Brewing Company,Westminster,MA
2323,1418,Larry Imperial IPA,American Double / Imperial IPA,12.0 ounce,0.085,85,295,Wachusett Brewing Company,Westminster,MA
2325,1030,Country Pale Ale,English Pale Ale,12.0 ounce,0.05%,17,295,Wachusett Brewing Company,Westminster,MA
2326,1029,Wachusett Light IPA (2013),American IPA,12.0 oz,0.04%,37,295,Wachusett Brewing Company,Westminster,MA
2327,908,Pumpkan,Pumpkin Ale,12.0 oz.,0.052,20,295,Wachusett Brewing Company,Westminster,MA
2328,619,Wachusett Blueberry Ale,Fruit / Vegetable Beer,12.0 oz.,0.05%,10,295,Wachusett Brewing Company,Westminster,MA
2329,618,Green Monsta IPA,American IPA,12.0 oz.,0.06%,55,295,Wachusett Brewing Company,Westminster,MA
2331,2450,Self Starter,American IPA,16.0 oz,0.052,67,94,Warped Wing Brewing Company,Dayton,OH
2332,2223,Ermal's,Cream Ale,16.0 oz.,0.054,20,94,Warped Wing Brewing Company,Dayton,OH
2340,1312,Westbrook Gose,Gose,12.0 ounce,0.04,5,384,Westbrook Brewing Company,Mt. Pleasant,SC
2341,576,White Thai,Witbier,12.0 oz.,0.05,16,384,Westbrook Brewing Company,Mt. Pleasant,SC
2342,575,Westbrook IPA,American IPA,12.0 oz,0.068,65,384,Westbrook Brewing Company,Mt. Pleasant,SC
2343,1645,Westfield Octoberfest,M?rzen / Oktoberfest,12.0 oz.,0.057,22,351,Westfield River Brewing Company,Westfield,MA
2345,1550,Charlie in the Rye,American IPA,12.0 oz,0.058,55,351,Westfield River Brewing Company,Westfield,MA
2349,2343,O’Malley’s IPA,American IPA,12.0 ounce,0.08%,89,132,Weston Brewing Company,Weston,MO
2351,2341,L'il Lucy's Hot Pepper Ale,Chile Beer,12.0 oz.,0.05%,28,132,Weston Brewing Company,Weston,MO
2358,1838,Hefe Lemon,Radler,12.0 oz,0.049,30,296,Widmer Brothers Brewing Company,Portland,OR
2359,1837,Hefe Black,Hefeweizen,12.0 oz.,0.049,30,296,Widmer Brothers Brewing Company,Portland,OR
2360,1836,Widmer Brothers Hefeweizen,Hefeweizen,12.0 oz.,0.049,30,296,Widmer Brothers Brewing Company,Portland,OR
2361,1619,Hop Slayer Double IPA,American Double / Imperial IPA,12.0 oz. Alumi-Tek,0.082,100,361,Wild Onion Brewing Company,Lake Barrington,IL
2364,971,Phat Chance,American Blonde Ale,12.0 OZ.,0.052,27,361,Wild Onion Brewing Company,Lake Barrington,IL
2366,430,Hop Slayer Double IPA (2011),American Double / Imperial IPA,12.0 oz. Alumi-Tek,0.082,100,361,Wild Onion Brewing Company,Lake Barrington,IL
2367,398,Wild Onion Summer Wit,Witbier,12.0 oz,0.04%,13,361,Wild Onion Brewing Company,Lake Barrington,IL
2368,366,Jack Stout,Oatmeal Stout,12.0 oz.,0.06,23,361,Wild Onion Brewing Company,Lake Barrington,IL
2370,162,Paddy Pale Ale,American Pale Ale (APA),12.0 oz,0.06%,41,361,Wild Onion Brewing Company,Lake Barrington,IL
2372,1318,Wild Wolf Wee Heavy Scottish Style Ale,Scotch Ale / Wee Heavy,12.0 oz.,0.057,20,181,Wild Wolf Brewing Company,Nellysford,VA
2373,1195,Wild Wolf American Pilsner,American Pilsner,12.0 ounce,0.045,25,181,Wild Wolf Brewing Company,Nellysford,VA
2374,1194,Alpha Ale,American Pale Ale (APA),12.0 oz,0.051,45,181,Wild Wolf Brewing Company,Nellysford,VA
2380,762,Ace IPA,American IPA,16.0 ounce,0.07%,83,509,Wingman Brewers,Tacoma,WA
2381,761,P-51 Porter,American Porter,16.0 oz,0.08,31,509,Wingman Brewers,Tacoma,WA
2383,2148,#002 American I.P.A.,American IPA,12.0 ounce,0.07%,60,211,Wisconsin Brewing Company,Verona,WI
2385,2146,#004 Session I.P.A.,American IPA,12.0 OZ.,0.048,38,211,Wisconsin Brewing Company,Verona,WI
2387,1470,Ananda India Pale Ale,American IPA,12.0 ounce,0.062,61,239,Wiseacre Brewing Company,Memphis,TN
2388,1469,Tiny Bomb,American Pilsner,12.0 OZ.,0.045,23,239,Wiseacre Brewing Company,Memphis,TN
2389,2627,Train Hopper,American IPA,12.0 oz.,0.06%,72,14,Witch's Hat Brewing Company,South Lyon,MI
2391,1676,Troopers Alley IPA,American IPA,12.0 oz,0.06%,135,344,Wolf Hills Brewing Company,Abingdon,VA
2392,1468,Wolverine Premium Lager,American Pale Lager,12.0 oz.,0.047,15,402,Wolverine State Brewing Company,Ann Arbor,MI
2395,2306,Summer Brew,American Pilsner,12.0 oz.,0.028,15,109,"Woodstock Inn, Station & Brewery",North Woodstock,NH
2396,1697,Be Hoppy IPA,American IPA,16.0 oz,0.065,69,339,Wormtown Brewery,Worcester,MA
2397,2194,Worthy IPA,American IPA,12.0 oz.,0.069,69,199,Worthy Brewing Company,Bend,OR
2398,1514,Easy Day Kolsch,K?lsch,12.0 oz,0.045,25,199,Worthy Brewing Company,Bend,OR
2399,1513,Lights Out Vanilla Cream Extra Stout,American Double / Imperial IPA,12.0 oz,0.08%,30,199,Worthy Brewing Company,Bend,OR
2400,1512,Worthy IPA (2013),American IPA,12.0 oz,0.069,69,199,Worthy Brewing Company,Bend,OR
2401,1511,Worthy Pale,American Pale Ale (APA),12.0 oz,0.06,50,199,Worthy Brewing Company,Bend,OR
2406,928,Belgorado,Belgian IPA,12.0 oz.,0.067,45,424,Wynkoop Brewing Company,Denver,CO
2409,145,Silverback Pale Ale,American Pale Ale (APA),12.0 ounce,0.06%,40,424,Wynkoop Brewing Company,Denver,CO
