1,2026-01-29 19:50:50,"[""numerical"", ""numerical"", ""categorical"", ""categorical"", ""categorical"", ""numerical"", ""numerical"", ""numerical"", ""categorical"", ""categorical""]"
3,2026-01-29 19:50:50,"[2410, 10]"
2,2026-01-29 19:50:50,"[""[<activedetect.error_detectors.QuantitativeErrorModule.QuantitativeErrorModule object at 0x7dc547920210>]"", [{""thresh"": 10}]]"
0,2026-01-29 19:50:50,"{""cell"": [3, 5], ""error_types"": [""A numerical value was found with a value of greater than > 10 stds from the mean""], ""cell_value"": """", ""record_value"": """"}"
0,2026-01-29 19:50:50,"{""cell"": [6, 5], ""error_types"": [""A numerical value was found with a value of greater than > 10 stds from the mean""], ""cell_value"": """", ""record_value"": """"}"
0,2026-01-29 19:50:50,"{""cell"": [12, 5], ""error_types"": [""A numerical value was found with a value of greater than > 10 stds from the mean""], ""cell_value"": """", ""record_value"": """"}"
0,2026-01-29 19:50:50,"{""cell"": [14, 5], ""error_types"": [""A numerical value was found with a value of greater than > 10 stds from the mean""], ""cell_value"": """", ""record_value"": """"}"
0,2026-01-29 19:50:50,"{""cell"": [26, 5], ""error_types"": [""A numerical value was found with a value of greater than > 10 stds from the mean""], ""cell_value"": """", ""record_value"": """"}"
0,2026-01-29 19:50:50,"{""cell"": [29, 5], ""error_types"": [""A numerical value was found with a value of greater than > 10 stds from the mean""], ""cell_value"": """", ""record_value"": """"}"
0,2026-01-29 19:50:50,"{""cell"": [30, 5], ""error_types"": [""A numerical value was found with a value of greater than > 10 stds from the mean""], ""cell_value"": """", ""record_value"": """"}"
0,2026-01-29 19:50:50,"{""cell"": [34, 5], ""error_types"": [""A numerical value was found with a value of greater than > 10 stds from the mean""], ""cell_value"": """", ""record_value"": """"}"
0,2026-01-29 19:50:50,"{""cell"": [35, 5], ""error_types"": [""A numerical value was found with a value of greater than > 10 stds from the mean""], ""cell_value"": """", ""record_value"": """"}"
0,2026-01-29 19:50:50,"{""cell"": [43, 5], ""error_types"": [""A numerical value was found with a value of greater than > 10 stds from the mean""], ""cell_value"": """", ""record_value"": """"}"
0,2026-01-29 19:50:50,"{""cell"": [44, 5], ""error_types"": [""A numerical value was found with a value of greater than > 10 stds from the mean""], ""cell_value"": """", ""record_value"": """"}"
0,2026-01-29 19:50:50,"{""cell"": [46, 5], ""error_types"": [""A numerical value was found with a value of greater than > 10 stds from the mean""], ""cell_value"": """", ""record_value"": """"}"
0,2026-01-29 19:50:50,"{""cell"": [54, 5], ""error_types"": [""A numerical value was found with a value of greater than > 10 stds from the mean""], ""cell_value"": """", ""record_value"": """"}"
0,2026-01-29 19:50:50,"{""cell"": [55, 5], ""error_types"": [""A numerical value was found with a value of greater than > 10 stds from the mean""], ""cell_value"": """", ""record_value"": """"}"
0,2026-01-29 19:50:50,"{""cell"": [56, 5], ""error_types"": [""A numerical value was found with a value of greater than > 10 stds from the mean""], ""cell_value"": """", ""record_value"": """"}"
0,2026-01-29 19:50:50,"{""cell"": [70, 5], ""error_types"": [""A numerical value was found with a value of greater than > 10 stds from the mean""], ""cell_value"": """", ""record_value"": """"}"
0,2026-01-29 19:50:50,"{""cell"": [78, 5], ""error_types"": [""A numerical value was found with a value of greater than > 10 stds from the mean""], ""cell_value"": """", ""record_value"": """"}"
0,2026-01-29 19:50:50,"{""cell"": [79, 5], ""error_types"": [""A numerical value was found with a value of greater than > 10 stds from the mean""], ""cell_value"": """", ""record_value"": """"}"
0,2026-01-29 19:50:50,"{""cell"": [96, 5], ""error_types"": [""A numerical value was found with a value of greater than > 10 stds from the mean""], ""cell_value"": """", ""record_value"": """"}"
0,2026-01-29 19:50:50,"{""cell"": [97, 5], ""error_types"": [""A numerical value was found with a value of greater than > 10 stds from the mean""], ""cell_value"": """", ""record_value"": """"}"
0,2026-01-29 19:50:50,"{""cell"": [98, 5], ""error_types"": [""A numerical value was found with a value of greater than > 10 stds from the mean""], ""cell_value"": """", ""record_value"": """"}"
0,2026-01-29 19:50:50,"{""cell"": [100, 5], ""error_types"": [""A numerical value was found with a value of greater than > 10 stds from the mean""], ""cell_value"": """", ""record_value"": """"}"
0,2026-01-29 19:50:50,"{""cell"": [103, 5], ""error_types"": [""A numerical value was found with a value of greater than > 10 stds from the mean""], ""cell_value"": """", ""record_value"": """"}"
0,2026-01-29 19:50:50,"{""cell"": [108, 5], ""error_types"": [""A numerical value was found with a value of greater than > 10 stds from the mean""], ""cell_value"": """", ""record_value"": """"}"
0,2026-01-29 19:50:50,"{""cell"": [111, 5], ""error_types"": [""A numerical value was found with a value of greater than > 10 stds from the mean""], ""cell_value"": """", ""record_value"": """"}"
0,2026-01-29 19:50:50,"{""cell"": [113, 5], ""error_types"": [""A numerical value was found with a value of greater than > 10 stds from the mean""], ""cell_value"": """", ""record_value"": """"}"
0,2026-01-29 19:50:50,"{""cell"": [114, 5], ""error_types"": [""A numerical value was found with a value of greater than > 10 stds from the mean""], ""cell_value"": """", ""record_value"": """"}"
0,2026-01-29 19:50:50,"{""cell"": [120, 5], ""error_types"": [""A numerical value was found with a value of greater than > 10 stds from the mean""], ""cell_value"": """", ""record_value"": """"}"
0,2026-01-29 19:50:50,"{""cell"": [121, 5], ""error_types"": [""A numerical value was found with a value of greater than > 10 stds from the mean""], ""cell_value"": """", ""record_value"": """"}"
0,2026-01-29 19:50:50,"{""cell"": [123, 5], ""error_types"": [""A numerical value was found with a value of greater than > 10 stds from the mean""], ""cell_value"": """", ""record_value"": """"}"
0,2026-01-29 19:50:50,"{""cell"": [127, 5], ""error_types"": [""A numerical value was found with a value of greater than > 10 stds from the mean""], ""cell_value"": """", ""record_value"": """"}"
0,2026-01-29 19:50:50,"{""cell"": [131, 5], ""error_types"": [""A numerical value was found with a value of greater than > 10 stds from the mean""], ""cell_value"": """", ""record_value"": """"}"
0,2026-01-29 19:50:50,"{""cell"": [135, 5], ""error_types"": [""A numerical value was found with a value of greater than > 10 stds from the mean""], ""cell_value"": """", ""record_value"": """"}"
0,2026-01-29 19:50:50,"{""cell"": [145, 5], ""error_types"": [""A numerical value was found with a value of greater than > 10 stds from the mean""], ""cell_value"": """", ""record_value"": """"}"
0,2026-01-29 19:50:50,"{""cell"": [147, 5], ""error_types"": [""A numerical value was found with a value of greater than > 10 stds from the mean""], ""cell_value"": """", ""record_value"": """"}"
0,2026-01-29 19:50:50,"{""cell"": [151, 5], ""error_types"": [""A numerical value was found with a value of greater than > 10 stds from the mean""], ""cell_value"": """", ""record_value"": """"}"
0,2026-01-29 19:50:50,"{""cell"": [154, 5], ""error_types"": [""A numerical value was found with a value of greater than > 10 stds from the mean""], ""cell_value"": """", ""record_value"": """"}"
0,2026-01-29 19:50:50,"{""cell"": [157, 5], ""error_types"": [""A numerical value was found with a value of greater than > 10 stds from the mean""], ""cell_value"": """", ""record_value"": """"}"
0,2026-01-29 19:50:50,"{""cell"": [161, 5], ""error_types"": [""A numerical value was found with a value of greater than > 10 stds from the mean""], ""cell_value"": """", ""record_value"": """"}"
0,2026-01-29 19:50:50,"{""cell"": [169, 5], ""error_types"": [""A numerical value was found with a value of greater than > 10 stds from the mean""], ""cell_value"": """", ""record_value"": """"}"
0,2026-01-29 19:50:50,"{""cell"": [175, 5], ""error_types"": [""A numerical value was found with a value of greater than > 10 stds from the mean""], ""cell_value"": """", ""record_value"": """"}"
0,2026-01-29 19:50:50,"{""cell"": [178, 5], ""error_types"": [""A numerical value was found with a value of greater than > 10 stds from the mean""], ""cell_value"": """", ""record_value"": """"}"
0,2026-01-29 19:50:50,"{""cell"": [179, 5], ""error_types"": [""A numerical value was found with a value of greater than > 10 stds from the mean""], ""cell_value"": """", ""record_value"": """"}"
0,2026-01-29 19:50:50,"{""cell"": [181, 5], ""error_types"": [""A numerical value was found with a value of greater than > 10 stds from the mean""], ""cell_value"": """", ""record_value"": """"}"
0,2026-01-29 19:50:50,"{""cell"": [182, 5], ""error_types"": [""A numerical value was found with a value of greater than > 10 stds from the mean""], ""cell_value"": """", ""record_value"": """"}"
0,2026-01-29 19:50:50,"{""cell"": [183, 5], ""error_types"": [""A numerical value was found with a value of greater than > 10 stds from the mean""], ""cell_value"": """", ""record_value"": """"}"
0,2026-01-29 19:50:50,"{""cell"": [184, 5], ""error_types"": [""A numerical value was found with a value of greater than > 10 stds from the mean""], ""cell_value"": """", ""record_value"": """"}"
0,2026-01-29 19:50:50,"{""cell"": [189, 5], ""error_types"": [""A numerical value was found with a value of greater than > 10 stds from the mean""], ""cell_value"": """", ""record_value"": """"}"
0,2026-01-29 19:50:50,"{""cell"": [194, 5], ""error_types"": [""A numerical value was found with a value of greater than > 10 stds from the mean""], ""cell_value"": """", ""record_value"": """"}"
0,2026-01-29 19:50:50,"{""cell"": [200, 5], ""error_types"": [""A numerical value was found with a value of greater than > 10 stds from the mean""], ""cell_value"": """", ""record_value"": """"}"
0,2026-01-29 19:50:50,"{""cell"": [204, 5], ""error_types"": [""A numerical value was found with a value of greater than > 10 stds from the mean""], ""cell_value"": """", ""record_value"": """"}"
0,2026-01-29 19:50:50,"{""cell"": [210, 5], ""error_types"": [""A numerical value was found with a value of greater than > 10 stds from the mean""], ""cell_value"": """", ""record_value"": """"}"
0,2026-01-29 19:50:50,"{""cell"": [214, 5], ""error_types"": [""A numerical value was found with a value of greater than > 10 stds from the mean""], ""cell_value"": """", ""record_value"": """"}"
0,2026-01-29 19:50:50,"{""cell"": [215, 5], ""error_types"": [""A numerical value was found with a value of greater than > 10 stds from the mean""], ""cell_value"": """", ""record_value"": """"}"
0,2026-01-29 19:50:50,"{""cell"": [217, 5], ""error_types"": [""A numerical value was found with a value of greater than > 10 stds from the mean""], ""cell_value"": """", ""record_value"": """"}"
0,2026-01-29 19:50:50,"{""cell"": [218, 5], ""error_types"": [""A numerical value was found with a value of greater than > 10 stds from the mean""], ""cell_value"": """", ""record_value"": """"}"
0,2026-01-29 19:50:50,"{""cell"": [225, 5], ""error_types"": [""A numerical value was found with a value of greater than > 10 stds from the mean""], ""cell_value"": """", ""record_value"": """"}"
0,2026-01-29 19:50:50,"{""cell"": [230, 5], ""error_types"": [""A numerical value was found with a value of greater than > 10 stds from the mean""], ""cell_value"": """", ""record_value"": """"}"
0,2026-01-29 19:50:50,"{""cell"": [234, 5], ""error_types"": [""A numerical value was found with a value of greater than > 10 stds from the mean""], ""cell_value"": """", ""record_value"": """"}"
0,2026-01-29 19:50:50,"{""cell"": [235, 5], ""error_types"": [""A numerical value was found with a value of greater than > 10 stds from the mean""], ""cell_value"": """", ""record_value"": """"}"
0,2026-01-29 19:50:50,"{""cell"": [237, 5], ""error_types"": [""A numerical value was found with a value of greater than > 10 stds from the mean""], ""cell_value"": """", ""record_value"": """"}"
0,2026-01-29 19:50:50,"{""cell"": [240, 5], ""error_types"": [""A numerical value was found with a value of greater than > 10 stds from the mean""], ""cell_value"": """", ""record_value"": """"}"
0,2026-01-29 19:50:50,"{""cell"": [243, 5], ""error_types"": [""A numerical value was found with a value of greater than > 10 stds from the mean""], ""cell_value"": """", ""record_value"": """"}"
0,2026-01-29 19:50:50,"{""cell"": [253, 5], ""error_types"": [""A numerical value was found with a value of greater than > 10 stds from the mean""], ""cell_value"": """", ""record_value"": """"}"
0,2026-01-29 19:50:50,"{""cell"": [263, 5], ""error_types"": [""A numerical value was found with a value of greater than > 10 stds from the mean""], ""cell_value"": """", ""record_value"": """"}"
0,2026-01-29 19:50:50,"{""cell"": [265, 5], ""error_types"": [""A numerical value was found with a value of greater than > 10 stds from the mean""], ""cell_value"": """", ""record_value"": """"}"
0,2026-01-29 19:50:50,"{""cell"": [267, 5], ""error_types"": [""A numerical value was found with a value of greater than > 10 stds from the mean""], ""cell_value"": """", ""record_value"": """"}"
0,2026-01-29 19:50:50,"{""cell"": [276, 5], ""error_types"": [""A numerical value was found with a value of greater than > 10 stds from the mean""], ""cell_value"": """", ""record_value"": """"}"
0,2026-01-29 19:50:50,"{""cell"": [284, 5], ""error_types"": [""A numerical value was found with a value of greater than > 10 stds from the mean""], ""cell_value"": """", ""record_value"": """"}"
0,2026-01-29 19:50:50,"{""cell"": [286, 5], ""error_types"": [""A numerical value was found with a value of greater than > 10 stds from the mean""], ""cell_value"": """", ""record_value"": """"}"
0,2026-01-29 19:50:50,"{""cell"": [293, 5], ""error_types"": [""A numerical value was found with a value of greater than > 10 stds from the mean""], ""cell_value"": """", ""record_value"": """"}"
0,2026-01-29 19:50:50,"{""cell"": [294, 5], ""error_types"": [""A numerical value was found with a value of greater than > 10 stds from the mean""], ""cell_value"": """", ""record_value"": """"}"
0,2026-01-29 19:50:50,"{""cell"": [295, 5], ""error_types"": [""A numerical value was found with a value of greater than > 10 stds from the mean""], ""cell_value"": """", ""record_value"": """"}"
0,2026-01-29 19:50:50,"{""cell"": [299, 5], ""error_types"": [""A numerical value was found with a value of greater than > 10 stds from the mean""], ""cell_value"": """", ""record_value"": """"}"
0,2026-01-29 19:50:50,"{""cell"": [304, 5], ""error_types"": [""A numerical value was found with a value of greater than > 10 stds from the mean""], ""cell_value"": """", ""record_value"": """"}"
0,2026-01-29 19:50:50,"{""cell"": [305, 5], ""error_types"": [""A numerical value was found with a value of greater than > 10 stds from the mean""], ""cell_value"": """", ""record_value"": """"}"
0,2026-01-29 19:50:50,"{""cell"": [308, 5], ""error_types"": [""A numerical value was found with a value of greater than > 10 stds from the mean""], ""cell_value"": """", ""record_value"": """"}"
0,2026-01-29 19:50:50,"{""cell"": [309, 5], ""error_types"": [""A numerical value was found with a value of greater than > 10 stds from the mean""], ""cell_value"": """", ""record_value"": """"}"
0,2026-01-29 19:50:50,"{""cell"": [315, 5], ""error_types"": [""A numerical value was found with a value of greater than > 10 stds from the mean""], ""cell_value"": """", ""record_value"": """"}"
0,2026-01-29 19:50:50,"{""cell"": [316, 5], ""error_types"": [""A numerical value was found with a value of greater than > 10 stds from the mean""], ""cell_value"": """", ""record_value"": """"}"
0,2026-01-29 19:50:50,"{""cell"": [317, 5], ""error_types"": [""A numerical value was found with a value of greater than > 10 stds from the mean""], ""cell_value"": """", ""record_value"": """"}"
0,2026-01-29 19:50:50,"{""cell"": [318, 5], ""error_types"": [""A numerical value was found with a value of greater than > 10 stds from the mean""], ""cell_value"": """", ""record_value"": """"}"
0,2026-01-29 19:50:50,"{""cell"": [320, 5], ""error_types"": [""A numerical value was found with a value of greater than > 10 stds from the mean""], ""cell_value"": """", ""record_value"": """"}"
0,2026-01-29 19:50:50,"{""cell"": [326, 5], ""error_types"": [""A numerical value was found with a value of greater than > 10 stds from the mean""], ""cell_value"": """", ""record_value"": """"}"
0,2026-01-29 19:50:50,"{""cell"": [330, 5], ""error_types"": [""A numerical value was found with a value of greater than > 10 stds from the mean""], ""cell_value"": """", ""record_value"": """"}"
0,2026-01-29 19:50:50,"{""cell"": [331, 5], ""error_types"": [""A numerical value was found with a value of greater than > 10 stds from the mean""], ""cell_value"": """", ""record_value"": """"}"
0,2026-01-29 19:50:50,"{""cell"": [345, 5], ""error_types"": [""A numerical value was found with a value of greater than > 10 stds from the mean""], ""cell_value"": """", ""record_value"": """"}"
0,2026-01-29 19:50:50,"{""cell"": [347, 5], ""error_types"": [""A numerical value was found with a value of greater than > 10 stds from the mean""], ""cell_value"": """", ""record_value"": """"}"
0,2026-01-29 19:50:50,"{""cell"": [350, 5], ""error_types"": [""A numerical value was found with a value of greater than > 10 stds from the mean""], ""cell_value"": """", ""record_value"": """"}"
0,2026-01-29 19:50:50,"{""cell"": [358, 5], ""error_types"": [""A numerical value was found with a value of greater than > 10 stds from the mean""], ""cell_value"": """", ""record_value"": """"}"
0,2026-01-29 19:50:50,"{""cell"": [370, 5], ""error_types"": [""A numerical value was found with a value of greater than > 10 stds from the mean""], ""cell_value"": """", ""record_value"": """"}"
0,2026-01-29 19:50:50,"{""cell"": [371, 5], ""error_types"": [""A numerical value was found with a value of greater than > 10 stds from the mean""], ""cell_value"": """", ""record_value"": """"}"
0,2026-01-29 19:50:50,"{""cell"": [375, 5], ""error_types"": [""A numerical value was found with a value of greater than > 10 stds from the mean""], ""cell_value"": """", ""record_value"": """"}"
0,2026-01-29 19:50:50,"{""cell"": [380, 5], ""error_types"": [""A numerical value was found with a value of greater than > 10 stds from the mean""], ""cell_value"": """", ""record_value"": """"}"
0,2026-01-29 19:50:50,"{""cell"": [384, 5], ""error_types"": [""A numerical value was found with a value of greater than > 10 stds from the mean""], ""cell_value"": """", ""record_value"": """"}"
0,2026-01-29 19:50:50,"{""cell"": [386, 5], ""error_types"": [""A numerical value was found with a value of greater than > 10 stds from the mean""], ""cell_value"": """", ""record_value"": """"}"
0,2026-01-29 19:50:50,"{""cell"": [396, 5], ""error_types"": [""A numerical value was found with a value of greater than > 10 stds from the mean""], ""cell_value"": """", ""record_value"": """"}"
0,2026-01-29 19:50:50,"{""cell"": [402, 5], ""error_types"": [""A numerical value was found with a value of greater than > 10 stds from the mean""], ""cell_value"": """", ""record_value"": """"}"
0,2026-01-29 19:50:50,"{""cell"": [403, 5], ""error_types"": [""A numerical value was found with a value of greater than > 10 stds from the mean""], ""cell_value"": """", ""record_value"": """"}"
0,2026-01-29 19:50:50,"{""cell"": [404, 5], ""error_types"": [""A numerical value was found with a value of greater than > 10 stds from the mean""], ""cell_value"": """", ""record_value"": """"}"
0,2026-01-29 19:50:50,"{""cell"": [406, 5], ""error_types"": [""A numerical value was found with a value of greater than > 10 stds from the mean""], ""cell_value"": """", ""record_value"": """"}"
0,2026-01-29 19:50:50,"{""cell"": [407, 5], ""error_types"": [""A numerical value was found with a value of greater than > 10 stds from the mean""], ""cell_value"": """", ""record_value"": """"}"
0,2026-01-29 19:50:50,"{""cell"": [408, 5], ""error_types"": [""A numerical value was found with a value of greater than > 10 stds from the mean""], ""cell_value"": """", ""record_value"": """"}"
0,2026-01-29 19:50:50,"{""cell"": [411, 5], ""error_types"": [""A numerical value was found with a value of greater than > 10 stds from the mean""], ""cell_value"": """", ""record_value"": """"}"
0,2026-01-29 19:50:50,"{""cell"": [419, 5], ""error_types"": [""A numerical value was found with a value of greater than > 10 stds from the mean""], ""cell_value"": """", ""record_value"": """"}"
0,2026-01-29 19:50:50,"{""cell"": [420, 5], ""error_types"": [""A numerical value was found with a value of greater than > 10 stds from the mean""], ""cell_value"": """", ""record_value"": """"}"
0,2026-01-29 19:50:50,"{""cell"": [425, 5], ""error_types"": [""A numerical value was found with a value of greater than > 10 stds from the mean""], ""cell_value"": """", ""record_value"": """"}"
0,2026-01-29 19:50:50,"{""cell"": [429, 5], ""error_types"": [""A numerical value was found with a value of greater than > 10 stds from the mean""], ""cell_value"": """", ""record_value"": """"}"
0,2026-01-29 19:50:50,"{""cell"": [432, 5], ""error_types"": [""A numerical value was found with a value of greater than > 10 stds from the mean""], ""cell_value"": """", ""record_value"": """"}"
0,2026-01-29 19:50:50,"{""cell"": [433, 5], ""error_types"": [""A numerical value was found with a value of greater than > 10 stds from the mean""], ""cell_value"": """", ""record_value"": """"}"
0,2026-01-29 19:50:50,"{""cell"": [436, 5], ""error_types"": [""A numerical value was found with a value of greater than > 10 stds from the mean""], ""cell_value"": """", ""record_value"": """"}"
0,2026-01-29 19:50:50,"{""cell"": [437, 5], ""error_types"": [""A numerical value was found with a value of greater than > 10 stds from the mean""], ""cell_value"": """", ""record_value"": """"}"
0,2026-01-29 19:50:50,"{""cell"": [439, 5], ""error_types"": [""A numerical value was found with a value of greater than > 10 stds from the mean""], ""cell_value"": """", ""record_value"": """"}"
0,2026-01-29 19:50:50,"{""cell"": [447, 5], ""error_types"": [""A numerical value was found with a value of greater than > 10 stds from the mean""], ""cell_value"": """", ""record_value"": """"}"
0,2026-01-29 19:50:50,"{""cell"": [448, 5], ""error_types"": [""A numerical value was found with a value of greater than > 10 stds from the mean""], ""cell_value"": """", ""record_value"": """"}"
0,2026-01-29 19:50:50,"{""cell"": [450, 5], ""error_types"": [""A numerical value was found with a value of greater than > 10 stds from the mean""], ""cell_value"": """", ""record_value"": """"}"
0,2026-01-29 19:50:50,"{""cell"": [451, 5], ""error_types"": [""A numerical value was found with a value of greater than > 10 stds from the mean""], ""cell_value"": """", ""record_value"": """"}"
0,2026-01-29 19:50:50,"{""cell"": [455, 5], ""error_types"": [""A numerical value was found with a value of greater than > 10 stds from the mean""], ""cell_value"": """", ""record_value"": """"}"
0,2026-01-29 19:50:50,"{""cell"": [457, 5], ""error_types"": [""A numerical value was found with a value of greater than > 10 stds from the mean""], ""cell_value"": """", ""record_value"": """"}"
0,2026-01-29 19:50:50,"{""cell"": [462, 5], ""error_types"": [""A numerical value was found with a value of greater than > 10 stds from the mean""], ""cell_value"": """", ""record_value"": """"}"
0,2026-01-29 19:50:50,"{""cell"": [463, 5], ""error_types"": [""A numerical value was found with a value of greater than > 10 stds from the mean""], ""cell_value"": """", ""record_value"": """"}"
0,2026-01-29 19:50:50,"{""cell"": [464, 5], ""error_types"": [""A numerical value was found with a value of greater than > 10 stds from the mean""], ""cell_value"": """", ""record_value"": """"}"
0,2026-01-29 19:50:50,"{""cell"": [467, 5], ""error_types"": [""A numerical value was found with a value of greater than > 10 stds from the mean""], ""cell_value"": """", ""record_value"": """"}"
0,2026-01-29 19:50:50,"{""cell"": [468, 5], ""error_types"": [""A numerical value was found with a value of greater than > 10 stds from the mean""], ""cell_value"": """", ""record_value"": """"}"
0,2026-01-29 19:50:50,"{""cell"": [470, 5], ""error_types"": [""A numerical value was found with a value of greater than > 10 stds from the mean""], ""cell_value"": """", ""record_value"": """"}"
0,2026-01-29 19:50:50,"{""cell"": [471, 5], ""error_types"": [""A numerical value was found with a value of greater than > 10 stds from the mean""], ""cell_value"": """", ""record_value"": """"}"
0,2026-01-29 19:50:50,"{""cell"": [475, 5], ""error_types"": [""A numerical value was found with a value of greater than > 10 stds from the mean""], ""cell_value"": """", ""record_value"": """"}"
0,2026-01-29 19:50:50,"{""cell"": [482, 5], ""error_types"": [""A numerical value was found with a value of greater than > 10 stds from the mean""], ""cell_value"": """", ""record_value"": """"}"
0,2026-01-29 19:50:50,"{""cell"": [488, 5], ""error_types"": [""A numerical value was found with a value of greater than > 10 stds from the mean""], ""cell_value"": """", ""record_value"": """"}"
0,2026-01-29 19:50:50,"{""cell"": [491, 5], ""error_types"": [""A numerical value was found with a value of greater than > 10 stds from the mean""], ""cell_value"": """", ""record_value"": """"}"
0,2026-01-29 19:50:50,"{""cell"": [501, 5], ""error_types"": [""A numerical value was found with a value of greater than > 10 stds from the mean""], ""cell_value"": """", ""record_value"": """"}"
0,2026-01-29 19:50:50,"{""cell"": [504, 5], ""error_types"": [""A numerical value was found with a value of greater than > 10 stds from the mean""], ""cell_value"": """", ""record_value"": """"}"
0,2026-01-29 19:50:50,"{""cell"": [506, 5], ""error_types"": [""A numerical value was found with a value of greater than > 10 stds from the mean""], ""cell_value"": """", ""record_value"": """"}"
0,2026-01-29 19:50:50,"{""cell"": [510, 5], ""error_types"": [""A numerical value was found with a value of greater than > 10 stds from the mean""], ""cell_value"": """", ""record_value"": """"}"
0,2026-01-29 19:50:50,"{""cell"": [511, 5], ""error_types"": [""A numerical value was found with a value of greater than > 10 stds from the mean""], ""cell_value"": """", ""record_value"": """"}"
0,2026-01-29 19:50:50,"{""cell"": [519, 5], ""error_types"": [""A numerical value was found with a value of greater than > 10 stds from the mean""], ""cell_value"": """", ""record_value"": """"}"
0,2026-01-29 19:50:50,"{""cell"": [520, 5], ""error_types"": [""A numerical value was found with a value of greater than > 10 stds from the mean""], ""cell_value"": """", ""record_value"": """"}"
0,2026-01-29 19:50:50,"{""cell"": [521, 5], ""error_types"": [""A numerical value was found with a value of greater than > 10 stds from the mean""], ""cell_value"": """", ""record_value"": """"}"
0,2026-01-29 19:50:50,"{""cell"": [522, 5], ""error_types"": [""A numerical value was found with a value of greater than > 10 stds from the mean""], ""cell_value"": """", ""record_value"": """"}"
0,2026-01-29 19:50:50,"{""cell"": [523, 5], ""error_types"": [""A numerical value was found with a value of greater than > 10 stds from the mean""], ""cell_value"": """", ""record_value"": """"}"
0,2026-01-29 19:50:50,"{""cell"": [526, 5], ""error_types"": [""A numerical value was found with a value of greater than > 10 stds from the mean""], ""cell_value"": """", ""record_value"": """"}"
0,2026-01-29 19:50:50,"{""cell"": [528, 5], ""error_types"": [""A numerical value was found with a value of greater than > 10 stds from the mean""], ""cell_value"": """", ""record_value"": """"}"
0,2026-01-29 19:50:50,"{""cell"": [530, 5], ""error_types"": [""A numerical value was found with a value of greater than > 10 stds from the mean""], ""cell_value"": """", ""record_value"": """"}"
0,2026-01-29 19:50:50,"{""cell"": [533, 5], ""error_types"": [""A numerical value was found with a value of greater than > 10 stds from the mean""], ""cell_value"": """", ""record_value"": """"}"
0,2026-01-29 19:50:50,"{""cell"": [537, 5], ""error_types"": [""A numerical value was found with a value of greater than > 10 stds from the mean""], ""cell_value"": """", ""record_value"": """"}"
0,2026-01-29 19:50:50,"{""cell"": [538, 5], ""error_types"": [""A numerical value was found with a value of greater than > 10 stds from the mean""], ""cell_value"": """", ""record_value"": """"}"
0,2026-01-29 19:50:50,"{""cell"": [541, 5], ""error_types"": [""A numerical value was found with a value of greater than > 10 stds from the mean""], ""cell_value"": """", ""record_value"": """"}"
0,2026-01-29 19:50:50,"{""cell"": [543, 5], ""error_types"": [""A numerical value was found with a value of greater than > 10 stds from the mean""], ""cell_value"": """", ""record_value"": """"}"
0,2026-01-29 19:50:50,"{""cell"": [546, 5], ""error_types"": [""A numerical value was found with a value of greater than > 10 stds from the mean""], ""cell_value"": """", ""record_value"": """"}"
0,2026-01-29 19:50:50,"{""cell"": [563, 5], ""error_types"": [""A numerical value was found with a value of greater than > 10 stds from the mean""], ""cell_value"": """", ""record_value"": """"}"
0,2026-01-29 19:50:50,"{""cell"": [566, 5], ""error_types"": [""A numerical value was found with a value of greater than > 10 stds from the mean""], ""cell_value"": """", ""record_value"": """"}"
0,2026-01-29 19:50:50,"{""cell"": [567, 5], ""error_types"": [""A numerical value was found with a value of greater than > 10 stds from the mean""], ""cell_value"": """", ""record_value"": """"}"
0,2026-01-29 19:50:50,"{""cell"": [568, 5], ""error_types"": [""A numerical value was found with a value of greater than > 10 stds from the mean""], ""cell_value"": """", ""record_value"": """"}"
0,2026-01-29 19:50:50,"{""cell"": [569, 5], ""error_types"": [""A numerical value was found with a value of greater than > 10 stds from the mean""], ""cell_value"": """", ""record_value"": """"}"
0,2026-01-29 19:50:50,"{""cell"": [571, 5], ""error_types"": [""A numerical value was found with a value of greater than > 10 stds from the mean""], ""cell_value"": """", ""record_value"": """"}"
0,2026-01-29 19:50:50,"{""cell"": [584, 5], ""error_types"": [""A numerical value was found with a value of greater than > 10 stds from the mean""], ""cell_value"": """", ""record_value"": """"}"
0,2026-01-29 19:50:50,"{""cell"": [588, 5], ""error_types"": [""A numerical value was found with a value of greater than > 10 stds from the mean""], ""cell_value"": """", ""record_value"": """"}"
0,2026-01-29 19:50:50,"{""cell"": [589, 5], ""error_types"": [""A numerical value was found with a value of greater than > 10 stds from the mean""], ""cell_value"": """", ""record_value"": """"}"
0,2026-01-29 19:50:50,"{""cell"": [591, 5], ""error_types"": [""A numerical value was found with a value of greater than > 10 stds from the mean""], ""cell_value"": """", ""record_value"": """"}"
0,2026-01-29 19:50:50,"{""cell"": [592, 5], ""error_types"": [""A numerical value was found with a value of greater than > 10 stds from the mean""], ""cell_value"": """", ""record_value"": """"}"
0,2026-01-29 19:50:50,"{""cell"": [597, 5], ""error_types"": [""A numerical value was found with a value of greater than > 10 stds from the mean""], ""cell_value"": """", ""record_value"": """"}"
0,2026-01-29 19:50:50,"{""cell"": [608, 5], ""error_types"": [""A numerical value was found with a value of greater than > 10 stds from the mean""], ""cell_value"": """", ""record_value"": """"}"
0,2026-01-29 19:50:50,"{""cell"": [616, 5], ""error_types"": [""A numerical value was found with a value of greater than > 10 stds from the mean""], ""cell_value"": """", ""record_value"": """"}"
0,2026-01-29 19:50:50,"{""cell"": [618, 5], ""error_types"": [""A numerical value was found with a value of greater than > 10 stds from the mean""], ""cell_value"": """", ""record_value"": """"}"
0,2026-01-29 19:50:50,"{""cell"": [619, 5], ""error_types"": [""A numerical value was found with a value of greater than > 10 stds from the mean""], ""cell_value"": """", ""record_value"": """"}"
0,2026-01-29 19:50:50,"{""cell"": [620, 5], ""error_types"": [""A numerical value was found with a value of greater than > 10 stds from the mean""], ""cell_value"": """", ""record_value"": """"}"
0,2026-01-29 19:50:50,"{""cell"": [622, 5], ""error_types"": [""A numerical value was found with a value of greater than > 10 stds from the mean""], ""cell_value"": """", ""record_value"": """"}"
0,2026-01-29 19:50:50,"{""cell"": [626, 5], ""error_types"": [""A numerical value was found with a value of greater than > 10 stds from the mean""], ""cell_value"": """", ""record_value"": """"}"
0,2026-01-29 19:50:50,"{""cell"": [628, 5], ""error_types"": [""A numerical value was found with a value of greater than > 10 stds from the mean""], ""cell_value"": """", ""record_value"": """"}"
0,2026-01-29 19:50:50,"{""cell"": [629, 5], ""error_types"": [""A numerical value was found with a value of greater than > 10 stds from the mean""], ""cell_value"": """", ""record_value"": """"}"
0,2026-01-29 19:50:50,"{""cell"": [631, 5], ""error_types"": [""A numerical value was found with a value of greater than > 10 stds from the mean""], ""cell_value"": """", ""record_value"": """"}"
0,2026-01-29 19:50:50,"{""cell"": [648, 5], ""error_types"": [""A numerical value was found with a value of greater than > 10 stds from the mean""], ""cell_value"": """", ""record_value"": """"}"
0,2026-01-29 19:50:50,"{""cell"": [649, 5], ""error_types"": [""A numerical value was found with a value of greater than > 10 stds from the mean""], ""cell_value"": """", ""record_value"": """"}"
0,2026-01-29 19:50:50,"{""cell"": [650, 5], ""error_types"": [""A numerical value was found with a value of greater than > 10 stds from the mean""], ""cell_value"": """", ""record_value"": """"}"
0,2026-01-29 19:50:50,"{""cell"": [653, 5], ""error_types"": [""A numerical value was found with a value of greater than > 10 stds from the mean""], ""cell_value"": """", ""record_value"": """"}"
0,2026-01-29 19:50:50,"{""cell"": [655, 5], ""error_types"": [""A numerical value was found with a value of greater than > 10 stds from the mean""], ""cell_value"": """", ""record_value"": """"}"
0,2026-01-29 19:50:50,"{""cell"": [656, 5], ""error_types"": [""A numerical value was found with a value of greater than > 10 stds from the mean""], ""cell_value"": """", ""record_value"": """"}"
0,2026-01-29 19:50:50,"{""cell"": [661, 5], ""error_types"": [""A numerical value was found with a value of greater than > 10 stds from the mean""], ""cell_value"": """", ""record_value"": """"}"
0,2026-01-29 19:50:50,"{""cell"": [662, 5], ""error_types"": [""A numerical value was found with a value of greater than > 10 stds from the mean""], ""cell_value"": """", ""record_value"": """"}"
0,2026-01-29 19:50:50,"{""cell"": [663, 5], ""error_types"": [""A numerical value was found with a value of greater than > 10 stds from the mean""], ""cell_value"": """", ""record_value"": """"}"
0,2026-01-29 19:50:50,"{""cell"": [667, 5], ""error_types"": [""A numerical value was found with a value of greater than > 10 stds from the mean""], ""cell_value"": """", ""record_value"": """"}"
0,2026-01-29 19:50:50,"{""cell"": [669, 5], ""error_types"": [""A numerical value was found with a value of greater than > 10 stds from the mean""], ""cell_value"": """", ""record_value"": """"}"
0,2026-01-29 19:50:50,"{""cell"": [672, 5], ""error_types"": [""A numerical value was found with a value of greater than > 10 stds from the mean""], ""cell_value"": """", ""record_value"": """"}"
0,2026-01-29 19:50:50,"{""cell"": [674, 5], ""error_types"": [""A numerical value was found with a value of greater than > 10 stds from the mean""], ""cell_value"": """", ""record_value"": """"}"
0,2026-01-29 19:50:50,"{""cell"": [678, 5], ""error_types"": [""A numerical value was found with a value of greater than > 10 stds from the mean""], ""cell_value"": """", ""record_value"": """"}"
0,2026-01-29 19:50:50,"{""cell"": [679, 5], ""error_types"": [""A numerical value was found with a value of greater than > 10 stds from the mean""], ""cell_value"": """", ""record_value"": """"}"
0,2026-01-29 19:50:50,"{""cell"": [681, 5], ""error_types"": [""A numerical value was found with a value of greater than > 10 stds from the mean""], ""cell_value"": """", ""record_value"": """"}"
0,2026-01-29 19:50:50,"{""cell"": [685, 5], ""error_types"": [""A numerical value was found with a value of greater than > 10 stds from the mean""], ""cell_value"": """", ""record_value"": """"}"
0,2026-01-29 19:50:50,"{""cell"": [688, 5], ""error_types"": [""A numerical value was found with a value of greater than > 10 stds from the mean""], ""cell_value"": """", ""record_value"": """"}"
0,2026-01-29 19:50:50,"{""cell"": [689, 5], ""error_types"": [""A numerical value was found with a value of greater than > 10 stds from the mean""], ""cell_value"": """", ""record_value"": """"}"
0,2026-01-29 19:50:50,"{""cell"": [690, 5], ""error_types"": [""A numerical value was found with a value of greater than > 10 stds from the mean""], ""cell_value"": """", ""record_value"": """"}"
0,2026-01-29 19:50:50,"{""cell"": [694, 5], ""error_types"": [""A numerical value was found with a value of greater than > 10 stds from the mean""], ""cell_value"": """", ""record_value"": """"}"
0,2026-01-29 19:50:50,"{""cell"": [695, 5], ""error_types"": [""A numerical value was found with a value of greater than > 10 stds from the mean""], ""cell_value"": """", ""record_value"": """"}"
0,2026-01-29 19:50:50,"{""cell"": [696, 5], ""error_types"": [""A numerical value was found with a value of greater than > 10 stds from the mean""], ""cell_value"": """", ""record_value"": """"}"
0,2026-01-29 19:50:50,"{""cell"": [698, 5], ""error_types"": [""A numerical value was found with a value of greater than > 10 stds from the mean""], ""cell_value"": """", ""record_value"": """"}"
0,2026-01-29 19:50:50,"{""cell"": [702, 5], ""error_types"": [""A numerical value was found with a value of greater than > 10 stds from the mean""], ""cell_value"": """", ""record_value"": """"}"
0,2026-01-29 19:50:50,"{""cell"": [711, 5], ""error_types"": [""A numerical value was found with a value of greater than > 10 stds from the mean""], ""cell_value"": """", ""record_value"": """"}"
0,2026-01-29 19:50:50,"{""cell"": [712, 5], ""error_types"": [""A numerical value was found with a value of greater than > 10 stds from the mean""], ""cell_value"": """", ""record_value"": """"}"
0,2026-01-29 19:50:50,"{""cell"": [713, 5], ""error_types"": [""A numerical value was found with a value of greater than > 10 stds from the mean""], ""cell_value"": """", ""record_value"": """"}"
0,2026-01-29 19:50:50,"{""cell"": [714, 5], ""error_types"": [""A numerical value was found with a value of greater than > 10 stds from the mean""], ""cell_value"": """", ""record_value"": """"}"
0,2026-01-29 19:50:50,"{""cell"": [715, 5], ""error_types"": [""A numerical value was found with a value of greater than > 10 stds from the mean""], ""cell_value"": """", ""record_value"": """"}"
0,2026-01-29 19:50:50,"{""cell"": [717, 5], ""error_types"": [""A numerical value was found with a value of greater than > 10 stds from the mean""], ""cell_value"": """", ""record_value"": """"}"
0,2026-01-29 19:50:50,"{""cell"": [719, 5], ""error_types"": [""A numerical value was found with a value of greater than > 10 stds from the mean""], ""cell_value"": """", ""record_value"": """"}"
0,2026-01-29 19:50:50,"{""cell"": [720, 5], ""error_types"": [""A numerical value was found with a value of greater than > 10 stds from the mean""], ""cell_value"": """", ""record_value"": """"}"
0,2026-01-29 19:50:50,"{""cell"": [722, 5], ""error_types"": [""A numerical value was found with a value of greater than > 10 stds from the mean""], ""cell_value"": """", ""record_value"": """"}"
0,2026-01-29 19:50:50,"{""cell"": [723, 5], ""error_types"": [""A numerical value was found with a value of greater than > 10 stds from the mean""], ""cell_value"": """", ""record_value"": """"}"
0,2026-01-29 19:50:50,"{""cell"": [726, 5], ""error_types"": [""A numerical value was found with a value of greater than > 10 stds from the mean""], ""cell_value"": """", ""record_value"": """"}"
0,2026-01-29 19:50:50,"{""cell"": [727, 5], ""error_types"": [""A numerical value was found with a value of greater than > 10 stds from the mean""], ""cell_value"": """", ""record_value"": """"}"
0,2026-01-29 19:50:50,"{""cell"": [728, 5], ""error_types"": [""A numerical value was found with a value of greater than > 10 stds from the mean""], ""cell_value"": """", ""record_value"": """"}"
0,2026-01-29 19:50:50,"{""cell"": [729, 5], ""error_types"": [""A numerical value was found with a value of greater than > 10 stds from the mean""], ""cell_value"": """", ""record_value"": """"}"
0,2026-01-29 19:50:50,"{""cell"": [730, 5], ""error_types"": [""A numerical value was found with a value of greater than > 10 stds from the mean""], ""cell_value"": """", ""record_value"": """"}"
0,2026-01-29 19:50:50,"{""cell"": [731, 5], ""error_types"": [""A numerical value was found with a value of greater than > 10 stds from the mean""], ""cell_value"": """", ""record_value"": """"}"
0,2026-01-29 19:50:50,"{""cell"": [732, 5], ""error_types"": [""A numerical value was found with a value of greater than > 10 stds from the mean""], ""cell_value"": """", ""record_value"": """"}"
0,2026-01-29 19:50:50,"{""cell"": [733, 5], ""error_types"": [""A numerical value was found with a value of greater than > 10 stds from the mean""], ""cell_value"": """", ""record_value"": """"}"
0,2026-01-29 19:50:50,"{""cell"": [734, 5], ""error_types"": [""A numerical value was found with a value of greater than > 10 stds from the mean""], ""cell_value"": """", ""record_value"": """"}"
0,2026-01-29 19:50:50,"{""cell"": [737, 5], ""error_types"": [""A numerical value was found with a value of greater than > 10 stds from the mean""], ""cell_value"": """", ""record_value"": """"}"
0,2026-01-29 19:50:50,"{""cell"": [740, 5], ""error_types"": [""A numerical value was found with a value of greater than > 10 stds from the mean""], ""cell_value"": """", ""record_value"": """"}"
0,2026-01-29 19:50:50,"{""cell"": [741, 5], ""error_types"": [""A numerical value was found with a value of greater than > 10 stds from the mean""], ""cell_value"": """", ""record_value"": """"}"
0,2026-01-29 19:50:50,"{""cell"": [742, 5], ""error_types"": [""A numerical value was found with a value of greater than > 10 stds from the mean""], ""cell_value"": """", ""record_value"": """"}"
0,2026-01-29 19:50:50,"{""cell"": [750, 5], ""error_types"": [""A numerical value was found with a value of greater than > 10 stds from the mean""], ""cell_value"": """", ""record_value"": """"}"
0,2026-01-29 19:50:50,"{""cell"": [753, 5], ""error_types"": [""A numerical value was found with a value of greater than > 10 stds from the mean""], ""cell_value"": """", ""record_value"": """"}"
0,2026-01-29 19:50:50,"{""cell"": [756, 5], ""error_types"": [""A numerical value was found with a value of greater than > 10 stds from the mean""], ""cell_value"": """", ""record_value"": """"}"
0,2026-01-29 19:50:50,"{""cell"": [758, 5], ""error_types"": [""A numerical value was found with a value of greater than > 10 stds from the mean""], ""cell_value"": """", ""record_value"": """"}"
0,2026-01-29 19:50:50,"{""cell"": [760, 5], ""error_types"": [""A numerical value was found with a value of greater than > 10 stds from the mean""], ""cell_value"": """", ""record_value"": """"}"
0,2026-01-29 19:50:50,"{""cell"": [761, 5], ""error_types"": [""A numerical value was found with a value of greater than > 10 stds from the mean""], ""cell_value"": """", ""record_value"": """"}"
0,2026-01-29 19:50:50,"{""cell"": [766, 5], ""error_types"": [""A numerical value was found with a value of greater than > 10 stds from the mean""], ""cell_value"": """", ""record_value"": """"}"
0,2026-01-29 19:50:50,"{""cell"": [769, 5], ""error_types"": [""A numerical value was found with a value of greater than > 10 stds from the mean""], ""cell_value"": """", ""record_value"": """"}"
0,2026-01-29 19:50:50,"{""cell"": [770, 5], ""error_types"": [""A numerical value was found with a value of greater than > 10 stds from the mean""], ""cell_value"": """", ""record_value"": """"}"
0,2026-01-29 19:50:50,"{""cell"": [774, 5], ""error_types"": [""A numerical value was found with a value of greater than > 10 stds from the mean""], ""cell_value"": """", ""record_value"": """"}"
0,2026-01-29 19:50:50,"{""cell"": [777, 5], ""error_types"": [""A numerical value was found with a value of greater than > 10 stds from the mean""], ""cell_value"": """", ""record_value"": """"}"
0,2026-01-29 19:50:50,"{""cell"": [780, 5], ""error_types"": [""A numerical value was found with a value of greater than > 10 stds from the mean""], ""cell_value"": """", ""record_value"": """"}"
0,2026-01-29 19:50:50,"{""cell"": [781, 5], ""error_types"": [""A numerical value was found with a value of greater than > 10 stds from the mean""], ""cell_value"": """", ""record_value"": """"}"
0,2026-01-29 19:50:50,"{""cell"": [788, 5], ""error_types"": [""A numerical value was found with a value of greater than > 10 stds from the mean""], ""cell_value"": """", ""record_value"": """"}"
0,2026-01-29 19:50:50,"{""cell"": [790, 5], ""error_types"": [""A numerical value was found with a value of greater than > 10 stds from the mean""], ""cell_value"": """", ""record_value"": """"}"
0,2026-01-29 19:50:50,"{""cell"": [792, 5], ""error_types"": [""A numerical value was found with a value of greater than > 10 stds from the mean""], ""cell_value"": """", ""record_value"": """"}"
0,2026-01-29 19:50:50,"{""cell"": [794, 5], ""error_types"": [""A numerical value was found with a value of greater than > 10 stds from the mean""], ""cell_value"": """", ""record_value"": """"}"
0,2026-01-29 19:50:50,"{""cell"": [798, 5], ""error_types"": [""A numerical value was found with a value of greater than > 10 stds from the mean""], ""cell_value"": """", ""record_value"": """"}"
0,2026-01-29 19:50:50,"{""cell"": [799, 5], ""error_types"": [""A numerical value was found with a value of greater than > 10 stds from the mean""], ""cell_value"": """", ""record_value"": """"}"
0,2026-01-29 19:50:50,"{""cell"": [803, 5], ""error_types"": [""A numerical value was found with a value of greater than > 10 stds from the mean""], ""cell_value"": """", ""record_value"": """"}"
0,2026-01-29 19:50:50,"{""cell"": [812, 5], ""error_types"": [""A numerical value was found with a value of greater than > 10 stds from the mean""], ""cell_value"": """", ""record_value"": """"}"
0,2026-01-29 19:50:50,"{""cell"": [813, 5], ""error_types"": [""A numerical value was found with a value of greater than > 10 stds from the mean""], ""cell_value"": """", ""record_value"": """"}"
0,2026-01-29 19:50:50,"{""cell"": [814, 5], ""error_types"": [""A numerical value was found with a value of greater than > 10 stds from the mean""], ""cell_value"": """", ""record_value"": """"}"
0,2026-01-29 19:50:50,"{""cell"": [819, 5], ""error_types"": [""A numerical value was found with a value of greater than > 10 stds from the mean""], ""cell_value"": """", ""record_value"": """"}"
0,2026-01-29 19:50:50,"{""cell"": [820, 5], ""error_types"": [""A numerical value was found with a value of greater than > 10 stds from the mean""], ""cell_value"": """", ""record_value"": """"}"
0,2026-01-29 19:50:50,"{""cell"": [824, 5], ""error_types"": [""A numerical value was found with a value of greater than > 10 stds from the mean""], ""cell_value"": """", ""record_value"": """"}"
0,2026-01-29 19:50:50,"{""cell"": [825, 5], ""error_types"": [""A numerical value was found with a value of greater than > 10 stds from the mean""], ""cell_value"": """", ""record_value"": """"}"
0,2026-01-29 19:50:50,"{""cell"": [835, 5], ""error_types"": [""A numerical value was found with a value of greater than > 10 stds from the mean""], ""cell_value"": """", ""record_value"": """"}"
0,2026-01-29 19:50:50,"{""cell"": [836, 5], ""error_types"": [""A numerical value was found with a value of greater than > 10 stds from the mean""], ""cell_value"": """", ""record_value"": """"}"
0,2026-01-29 19:50:50,"{""cell"": [837, 5], ""error_types"": [""A numerical value was found with a value of greater than > 10 stds from the mean""], ""cell_value"": """", ""record_value"": """"}"
0,2026-01-29 19:50:50,"{""cell"": [844, 5], ""error_types"": [""A numerical value was found with a value of greater than > 10 stds from the mean""], ""cell_value"": """", ""record_value"": """"}"
0,2026-01-29 19:50:50,"{""cell"": [851, 5], ""error_types"": [""A numerical value was found with a value of greater than > 10 stds from the mean""], ""cell_value"": """", ""record_value"": """"}"
0,2026-01-29 19:50:50,"{""cell"": [860, 5], ""error_types"": [""A numerical value was found with a value of greater than > 10 stds from the mean""], ""cell_value"": """", ""record_value"": """"}"
0,2026-01-29 19:50:50,"{""cell"": [863, 5], ""error_types"": [""A numerical value was found with a value of greater than > 10 stds from the mean""], ""cell_value"": """", ""record_value"": """"}"
0,2026-01-29 19:50:50,"{""cell"": [867, 5], ""error_types"": [""A numerical value was found with a value of greater than > 10 stds from the mean""], ""cell_value"": """", ""record_value"": """"}"
0,2026-01-29 19:50:50,"{""cell"": [877, 5], ""error_types"": [""A numerical value was found with a value of greater than > 10 stds from the mean""], ""cell_value"": """", ""record_value"": """"}"
0,2026-01-29 19:50:50,"{""cell"": [879, 5], ""error_types"": [""A numerical value was found with a value of greater than > 10 stds from the mean""], ""cell_value"": """", ""record_value"": """"}"
0,2026-01-29 19:50:50,"{""cell"": [880, 5], ""error_types"": [""A numerical value was found with a value of greater than > 10 stds from the mean""], ""cell_value"": """", ""record_value"": """"}"
0,2026-01-29 19:50:50,"{""cell"": [881, 5], ""error_types"": [""A numerical value was found with a value of greater than > 10 stds from the mean""], ""cell_value"": """", ""record_value"": """"}"
0,2026-01-29 19:50:50,"{""cell"": [882, 5], ""error_types"": [""A numerical value was found with a value of greater than > 10 stds from the mean""], ""cell_value"": """", ""record_value"": """"}"
0,2026-01-29 19:50:50,"{""cell"": [883, 5], ""error_types"": [""A numerical value was found with a value of greater than > 10 stds from the mean""], ""cell_value"": """", ""record_value"": """"}"
0,2026-01-29 19:50:50,"{""cell"": [884, 5], ""error_types"": [""A numerical value was found with a value of greater than > 10 stds from the mean""], ""cell_value"": """", ""record_value"": """"}"
0,2026-01-29 19:50:50,"{""cell"": [885, 5], ""error_types"": [""A numerical value was found with a value of greater than > 10 stds from the mean""], ""cell_value"": """", ""record_value"": """"}"
0,2026-01-29 19:50:50,"{""cell"": [891, 5], ""error_types"": [""A numerical value was found with a value of greater than > 10 stds from the mean""], ""cell_value"": """", ""record_value"": """"}"
0,2026-01-29 19:50:50,"{""cell"": [895, 5], ""error_types"": [""A numerical value was found with a value of greater than > 10 stds from the mean""], ""cell_value"": """", ""record_value"": """"}"
0,2026-01-29 19:50:50,"{""cell"": [898, 5], ""error_types"": [""A numerical value was found with a value of greater than > 10 stds from the mean""], ""cell_value"": """", ""record_value"": """"}"
0,2026-01-29 19:50:50,"{""cell"": [904, 5], ""error_types"": [""A numerical value was found with a value of greater than > 10 stds from the mean""], ""cell_value"": """", ""record_value"": """"}"
0,2026-01-29 19:50:50,"{""cell"": [908, 5], ""error_types"": [""A numerical value was found with a value of greater than > 10 stds from the mean""], ""cell_value"": """", ""record_value"": """"}"
0,2026-01-29 19:50:50,"{""cell"": [912, 5], ""error_types"": [""A numerical value was found with a value of greater than > 10 stds from the mean""], ""cell_value"": """", ""record_value"": """"}"
0,2026-01-29 19:50:50,"{""cell"": [916, 5], ""error_types"": [""A numerical value was found with a value of greater than > 10 stds from the mean""], ""cell_value"": """", ""record_value"": """"}"
0,2026-01-29 19:50:50,"{""cell"": [917, 5], ""error_types"": [""A numerical value was found with a value of greater than > 10 stds from the mean""], ""cell_value"": """", ""record_value"": """"}"
0,2026-01-29 19:50:50,"{""cell"": [918, 5], ""error_types"": [""A numerical value was found with a value of greater than > 10 stds from the mean""], ""cell_value"": """", ""record_value"": """"}"
0,2026-01-29 19:50:50,"{""cell"": [919, 5], ""error_types"": [""A numerical value was found with a value of greater than > 10 stds from the mean""], ""cell_value"": """", ""record_value"": """"}"
0,2026-01-29 19:50:50,"{""cell"": [920, 5], ""error_types"": [""A numerical value was found with a value of greater than > 10 stds from the mean""], ""cell_value"": """", ""record_value"": """"}"
0,2026-01-29 19:50:50,"{""cell"": [922, 5], ""error_types"": [""A numerical value was found with a value of greater than > 10 stds from the mean""], ""cell_value"": """", ""record_value"": """"}"
0,2026-01-29 19:50:50,"{""cell"": [924, 5], ""error_types"": [""A numerical value was found with a value of greater than > 10 stds from the mean""], ""cell_value"": """", ""record_value"": """"}"
0,2026-01-29 19:50:50,"{""cell"": [935, 5], ""error_types"": [""A numerical value was found with a value of greater than > 10 stds from the mean""], ""cell_value"": """", ""record_value"": """"}"
0,2026-01-29 19:50:50,"{""cell"": [938, 5], ""error_types"": [""A numerical value was found with a value of greater than > 10 stds from the mean""], ""cell_value"": """", ""record_value"": """"}"
0,2026-01-29 19:50:50,"{""cell"": [939, 5], ""error_types"": [""A numerical value was found with a value of greater than > 10 stds from the mean""], ""cell_value"": """", ""record_value"": """"}"
0,2026-01-29 19:50:50,"{""cell"": [943, 5], ""error_types"": [""A numerical value was found with a value of greater than > 10 stds from the mean""], ""cell_value"": """", ""record_value"": """"}"
0,2026-01-29 19:50:50,"{""cell"": [946, 5], ""error_types"": [""A numerical value was found with a value of greater than > 10 stds from the mean""], ""cell_value"": """", ""record_value"": """"}"
0,2026-01-29 19:50:50,"{""cell"": [947, 5], ""error_types"": [""A numerical value was found with a value of greater than > 10 stds from the mean""], ""cell_value"": """", ""record_value"": """"}"
0,2026-01-29 19:50:50,"{""cell"": [950, 5], ""error_types"": [""A numerical value was found with a value of greater than > 10 stds from the mean""], ""cell_value"": """", ""record_value"": """"}"
0,2026-01-29 19:50:50,"{""cell"": [952, 5], ""error_types"": [""A numerical value was found with a value of greater than > 10 stds from the mean""], ""cell_value"": """", ""record_value"": """"}"
0,2026-01-29 19:50:50,"{""cell"": [954, 5], ""error_types"": [""A numerical value was found with a value of greater than > 10 stds from the mean""], ""cell_value"": """", ""record_value"": """"}"
0,2026-01-29 19:50:50,"{""cell"": [955, 5], ""error_types"": [""A numerical value was found with a value of greater than > 10 stds from the mean""], ""cell_value"": """", ""record_value"": """"}"
0,2026-01-29 19:50:50,"{""cell"": [957, 5], ""error_types"": [""A numerical value was found with a value of greater than > 10 stds from the mean""], ""cell_value"": """", ""record_value"": """"}"
0,2026-01-29 19:50:50,"{""cell"": [962, 5], ""error_types"": [""A numerical value was found with a value of greater than > 10 stds from the mean""], ""cell_value"": """", ""record_value"": """"}"
0,2026-01-29 19:50:50,"{""cell"": [965, 5], ""error_types"": [""A numerical value was found with a value of greater than > 10 stds from the mean""], ""cell_value"": """", ""record_value"": """"}"
0,2026-01-29 19:50:50,"{""cell"": [967, 5], ""error_types"": [""A numerical value was found with a value of greater than > 10 stds from the mean""], ""cell_value"": """", ""record_value"": """"}"
0,2026-01-29 19:50:50,"{""cell"": [969, 5], ""error_types"": [""A numerical value was found with a value of greater than > 10 stds from the mean""], ""cell_value"": """", ""record_value"": """"}"
0,2026-01-29 19:50:50,"{""cell"": [971, 5], ""error_types"": [""A numerical value was found with a value of greater than > 10 stds from the mean""], ""cell_value"": """", ""record_value"": """"}"
0,2026-01-29 19:50:50,"{""cell"": [973, 5], ""error_types"": [""A numerical value was found with a value of greater than > 10 stds from the mean""], ""cell_value"": """", ""record_value"": """"}"
0,2026-01-29 19:50:50,"{""cell"": [974, 5], ""error_types"": [""A numerical value was found with a value of greater than > 10 stds from the mean""], ""cell_value"": """", ""record_value"": """"}"
0,2026-01-29 19:50:50,"{""cell"": [976, 5], ""error_types"": [""A numerical value was found with a value of greater than > 10 stds from the mean""], ""cell_value"": """", ""record_value"": """"}"
0,2026-01-29 19:50:50,"{""cell"": [977, 5], ""error_types"": [""A numerical value was found with a value of greater than > 10 stds from the mean""], ""cell_value"": """", ""record_value"": """"}"
0,2026-01-29 19:50:50,"{""cell"": [979, 5], ""error_types"": [""A numerical value was found with a value of greater than > 10 stds from the mean""], ""cell_value"": """", ""record_value"": """"}"
0,2026-01-29 19:50:50,"{""cell"": [985, 5], ""error_types"": [""A numerical value was found with a value of greater than > 10 stds from the mean""], ""cell_value"": """", ""record_value"": """"}"
0,2026-01-29 19:50:50,"{""cell"": [989, 5], ""error_types"": [""A numerical value was found with a value of greater than > 10 stds from the mean""], ""cell_value"": """", ""record_value"": """"}"
0,2026-01-29 19:50:50,"{""cell"": [990, 5], ""error_types"": [""A numerical value was found with a value of greater than > 10 stds from the mean""], ""cell_value"": """", ""record_value"": """"}"
0,2026-01-29 19:50:50,"{""cell"": [992, 5], ""error_types"": [""A numerical value was found with a value of greater than > 10 stds from the mean""], ""cell_value"": """", ""record_value"": """"}"
0,2026-01-29 19:50:50,"{""cell"": [994, 5], ""error_types"": [""A numerical value was found with a value of greater than > 10 stds from the mean""], ""cell_value"": """", ""record_value"": """"}"
0,2026-01-29 19:50:50,"{""cell"": [997, 5], ""error_types"": [""A numerical value was found with a value of greater than > 10 stds from the mean""], ""cell_value"": """", ""record_value"": """"}"
0,2026-01-29 19:50:50,"{""cell"": [1005, 5], ""error_types"": [""A numerical value was found with a value of greater than > 10 stds from the mean""], ""cell_value"": """", ""record_value"": """"}"
0,2026-01-29 19:50:50,"{""cell"": [1021, 5], ""error_types"": [""A numerical value was found with a value of greater than > 10 stds from the mean""], ""cell_value"": """", ""record_value"": """"}"
0,2026-01-29 19:50:50,"{""cell"": [1023, 5], ""error_types"": [""A numerical value was found with a value of greater than > 10 stds from the mean""], ""cell_value"": """", ""record_value"": """"}"
0,2026-01-29 19:50:50,"{""cell"": [1025, 5], ""error_types"": [""A numerical value was found with a value of greater than > 10 stds from the mean""], ""cell_value"": """", ""record_value"": """"}"
0,2026-01-29 19:50:50,"{""cell"": [1026, 5], ""error_types"": [""A numerical value was found with a value of greater than > 10 stds from the mean""], ""cell_value"": """", ""record_value"": """"}"
0,2026-01-29 19:50:50,"{""cell"": [1029, 5], ""error_types"": [""A numerical value was found with a value of greater than > 10 stds from the mean""], ""cell_value"": """", ""record_value"": """"}"
0,2026-01-29 19:50:50,"{""cell"": [1030, 5], ""error_types"": [""A numerical value was found with a value of greater than > 10 stds from the mean""], ""cell_value"": """", ""record_value"": """"}"
0,2026-01-29 19:50:50,"{""cell"": [1031, 5], ""error_types"": [""A numerical value was found with a value of greater than > 10 stds from the mean""], ""cell_value"": """", ""record_value"": """"}"
0,2026-01-29 19:50:50,"{""cell"": [1033, 5], ""error_types"": [""A numerical value was found with a value of greater than > 10 stds from the mean""], ""cell_value"": """", ""record_value"": """"}"
0,2026-01-29 19:50:50,"{""cell"": [1034, 5], ""error_types"": [""A numerical value was found with a value of greater than > 10 stds from the mean""], ""cell_value"": """", ""record_value"": """"}"
0,2026-01-29 19:50:50,"{""cell"": [1038, 5], ""error_types"": [""A numerical value was found with a value of greater than > 10 stds from the mean""], ""cell_value"": """", ""record_value"": """"}"
0,2026-01-29 19:50:50,"{""cell"": [1041, 5], ""error_types"": [""A numerical value was found with a value of greater than > 10 stds from the mean""], ""cell_value"": """", ""record_value"": """"}"
0,2026-01-29 19:50:50,"{""cell"": [1043, 5], ""error_types"": [""A numerical value was found with a value of greater than > 10 stds from the mean""], ""cell_value"": """", ""record_value"": """"}"
0,2026-01-29 19:50:50,"{""cell"": [1044, 5], ""error_types"": [""A numerical value was found with a value of greater than > 10 stds from the mean""], ""cell_value"": """", ""record_value"": """"}"
0,2026-01-29 19:50:50,"{""cell"": [1049, 5], ""error_types"": [""A numerical value was found with a value of greater than > 10 stds from the mean""], ""cell_value"": """", ""record_value"": """"}"
0,2026-01-29 19:50:50,"{""cell"": [1051, 5], ""error_types"": [""A numerical value was found with a value of greater than > 10 stds from the mean""], ""cell_value"": """", ""record_value"": """"}"
0,2026-01-29 19:50:50,"{""cell"": [1052, 5], ""error_types"": [""A numerical value was found with a value of greater than > 10 stds from the mean""], ""cell_value"": """", ""record_value"": """"}"
0,2026-01-29 19:50:50,"{""cell"": [1055, 5], ""error_types"": [""A numerical value was found with a value of greater than > 10 stds from the mean""], ""cell_value"": """", ""record_value"": """"}"
0,2026-01-29 19:50:50,"{""cell"": [1058, 5], ""error_types"": [""A numerical value was found with a value of greater than > 10 stds from the mean""], ""cell_value"": """", ""record_value"": """"}"
0,2026-01-29 19:50:50,"{""cell"": [1059, 5], ""error_types"": [""A numerical value was found with a value of greater than > 10 stds from the mean""], ""cell_value"": """", ""record_value"": """"}"
0,2026-01-29 19:50:50,"{""cell"": [1061, 5], ""error_types"": [""A numerical value was found with a value of greater than > 10 stds from the mean""], ""cell_value"": """", ""record_value"": """"}"
0,2026-01-29 19:50:50,"{""cell"": [1074, 5], ""error_types"": [""A numerical value was found with a value of greater than > 10 stds from the mean""], ""cell_value"": """", ""record_value"": """"}"
0,2026-01-29 19:50:50,"{""cell"": [1078, 5], ""error_types"": [""A numerical value was found with a value of greater than > 10 stds from the mean""], ""cell_value"": """", ""record_value"": """"}"
0,2026-01-29 19:50:50,"{""cell"": [1079, 5], ""error_types"": [""A numerical value was found with a value of greater than > 10 stds from the mean""], ""cell_value"": """", ""record_value"": """"}"
0,2026-01-29 19:50:50,"{""cell"": [1081, 5], ""error_types"": [""A numerical value was found with a value of greater than > 10 stds from the mean""], ""cell_value"": """", ""record_value"": """"}"
0,2026-01-29 19:50:50,"{""cell"": [1082, 5], ""error_types"": [""A numerical value was found with a value of greater than > 10 stds from the mean""], ""cell_value"": """", ""record_value"": """"}"
0,2026-01-29 19:50:50,"{""cell"": [1084, 5], ""error_types"": [""A numerical value was found with a value of greater than > 10 stds from the mean""], ""cell_value"": """", ""record_value"": """"}"
0,2026-01-29 19:50:50,"{""cell"": [1086, 5], ""error_types"": [""A numerical value was found with a value of greater than > 10 stds from the mean""], ""cell_value"": """", ""record_value"": """"}"
0,2026-01-29 19:50:50,"{""cell"": [1088, 5], ""error_types"": [""A numerical value was found with a value of greater than > 10 stds from the mean""], ""cell_value"": """", ""record_value"": """"}"
0,2026-01-29 19:50:50,"{""cell"": [1089, 5], ""error_types"": [""A numerical value was found with a value of greater than > 10 stds from the mean""], ""cell_value"": """", ""record_value"": """"}"
0,2026-01-29 19:50:50,"{""cell"": [1090, 5], ""error_types"": [""A numerical value was found with a value of greater than > 10 stds from the mean""], ""cell_value"": """", ""record_value"": """"}"
0,2026-01-29 19:50:50,"{""cell"": [1096, 5], ""error_types"": [""A numerical value was found with a value of greater than > 10 stds from the mean""], ""cell_value"": """", ""record_value"": """"}"
0,2026-01-29 19:50:50,"{""cell"": [1099, 5], ""error_types"": [""A numerical value was found with a value of greater than > 10 stds from the mean""], ""cell_value"": """", ""record_value"": """"}"
0,2026-01-29 19:50:50,"{""cell"": [1101, 5], ""error_types"": [""A numerical value was found with a value of greater than > 10 stds from the mean""], ""cell_value"": """", ""record_value"": """"}"
0,2026-01-29 19:50:50,"{""cell"": [1106, 5], ""error_types"": [""A numerical value was found with a value of greater than > 10 stds from the mean""], ""cell_value"": """", ""record_value"": """"}"
0,2026-01-29 19:50:50,"{""cell"": [1110, 5], ""error_types"": [""A numerical value was found with a value of greater than > 10 stds from the mean""], ""cell_value"": """", ""record_value"": """"}"
0,2026-01-29 19:50:50,"{""cell"": [1112, 5], ""error_types"": [""A numerical value was found with a value of greater than > 10 stds from the mean""], ""cell_value"": """", ""record_value"": """"}"
0,2026-01-29 19:50:50,"{""cell"": [1113, 5], ""error_types"": [""A numerical value was found with a value of greater than > 10 stds from the mean""], ""cell_value"": """", ""record_value"": """"}"
0,2026-01-29 19:50:50,"{""cell"": [1117, 5], ""error_types"": [""A numerical value was found with a value of greater than > 10 stds from the mean""], ""cell_value"": """", ""record_value"": """"}"
0,2026-01-29 19:50:50,"{""cell"": [1121, 5], ""error_types"": [""A numerical value was found with a value of greater than > 10 stds from the mean""], ""cell_value"": """", ""record_value"": """"}"
0,2026-01-29 19:50:50,"{""cell"": [1122, 5], ""error_types"": [""A numerical value was found with a value of greater than > 10 stds from the mean""], ""cell_value"": """", ""record_value"": """"}"
0,2026-01-29 19:50:50,"{""cell"": [1125, 5], ""error_types"": [""A numerical value was found with a value of greater than > 10 stds from the mean""], ""cell_value"": """", ""record_value"": """"}"
0,2026-01-29 19:50:50,"{""cell"": [1128, 5], ""error_types"": [""A numerical value was found with a value of greater than > 10 stds from the mean""], ""cell_value"": """", ""record_value"": """"}"
0,2026-01-29 19:50:50,"{""cell"": [1131, 5], ""error_types"": [""A numerical value was found with a value of greater than > 10 stds from the mean""], ""cell_value"": """", ""record_value"": """"}"
0,2026-01-29 19:50:50,"{""cell"": [1132, 5], ""error_types"": [""A numerical value was found with a value of greater than > 10 stds from the mean""], ""cell_value"": """", ""record_value"": """"}"
0,2026-01-29 19:50:50,"{""cell"": [1137, 5], ""error_types"": [""A numerical value was found with a value of greater than > 10 stds from the mean""], ""cell_value"": """", ""record_value"": """"}"
0,2026-01-29 19:50:50,"{""cell"": [1138, 5], ""error_types"": [""A numerical value was found with a value of greater than > 10 stds from the mean""], ""cell_value"": """", ""record_value"": """"}"
0,2026-01-29 19:50:50,"{""cell"": [1139, 5], ""error_types"": [""A numerical value was found with a value of greater than > 10 stds from the mean""], ""cell_value"": """", ""record_value"": """"}"
0,2026-01-29 19:50:50,"{""cell"": [1140, 5], ""error_types"": [""A numerical value was found with a value of greater than > 10 stds from the mean""], ""cell_value"": """", ""record_value"": """"}"
0,2026-01-29 19:50:50,"{""cell"": [1144, 5], ""error_types"": [""A numerical value was found with a value of greater than > 10 stds from the mean""], ""cell_value"": """", ""record_value"": """"}"
0,2026-01-29 19:50:50,"{""cell"": [1145, 5], ""error_types"": [""A numerical value was found with a value of greater than > 10 stds from the mean""], ""cell_value"": """", ""record_value"": """"}"
0,2026-01-29 19:50:50,"{""cell"": [1148, 5], ""error_types"": [""A numerical value was found with a value of greater than > 10 stds from the mean""], ""cell_value"": """", ""record_value"": """"}"
0,2026-01-29 19:50:50,"{""cell"": [1149, 5], ""error_types"": [""A numerical value was found with a value of greater than > 10 stds from the mean""], ""cell_value"": """", ""record_value"": """"}"
0,2026-01-29 19:50:50,"{""cell"": [1150, 5], ""error_types"": [""A numerical value was found with a value of greater than > 10 stds from the mean""], ""cell_value"": """", ""record_value"": """"}"
0,2026-01-29 19:50:50,"{""cell"": [1151, 5], ""error_types"": [""A numerical value was found with a value of greater than > 10 stds from the mean""], ""cell_value"": """", ""record_value"": """"}"
0,2026-01-29 19:50:50,"{""cell"": [1153, 5], ""error_types"": [""A numerical value was found with a value of greater than > 10 stds from the mean""], ""cell_value"": """", ""record_value"": """"}"
0,2026-01-29 19:50:50,"{""cell"": [1157, 5], ""error_types"": [""A numerical value was found with a value of greater than > 10 stds from the mean""], ""cell_value"": """", ""record_value"": """"}"
0,2026-01-29 19:50:50,"{""cell"": [1161, 5], ""error_types"": [""A numerical value was found with a value of greater than > 10 stds from the mean""], ""cell_value"": """", ""record_value"": """"}"
0,2026-01-29 19:50:50,"{""cell"": [1162, 5], ""error_types"": [""A numerical value was found with a value of greater than > 10 stds from the mean""], ""cell_value"": """", ""record_value"": """"}"
0,2026-01-29 19:50:50,"{""cell"": [1165, 5], ""error_types"": [""A numerical value was found with a value of greater than > 10 stds from the mean""], ""cell_value"": """", ""record_value"": """"}"
0,2026-01-29 19:50:50,"{""cell"": [1167, 5], ""error_types"": [""A numerical value was found with a value of greater than > 10 stds from the mean""], ""cell_value"": """", ""record_value"": """"}"
0,2026-01-29 19:50:50,"{""cell"": [1168, 5], ""error_types"": [""A numerical value was found with a value of greater than > 10 stds from the mean""], ""cell_value"": """", ""record_value"": """"}"
0,2026-01-29 19:50:50,"{""cell"": [1169, 5], ""error_types"": [""A numerical value was found with a value of greater than > 10 stds from the mean""], ""cell_value"": """", ""record_value"": """"}"
0,2026-01-29 19:50:50,"{""cell"": [1170, 5], ""error_types"": [""A numerical value was found with a value of greater than > 10 stds from the mean""], ""cell_value"": """", ""record_value"": """"}"
0,2026-01-29 19:50:50,"{""cell"": [1171, 5], ""error_types"": [""A numerical value was found with a value of greater than > 10 stds from the mean""], ""cell_value"": """", ""record_value"": """"}"
0,2026-01-29 19:50:50,"{""cell"": [1172, 5], ""error_types"": [""A numerical value was found with a value of greater than > 10 stds from the mean""], ""cell_value"": """", ""record_value"": """"}"
0,2026-01-29 19:50:50,"{""cell"": [1173, 5], ""error_types"": [""A numerical value was found with a value of greater than > 10 stds from the mean""], ""cell_value"": """", ""record_value"": """"}"
0,2026-01-29 19:50:50,"{""cell"": [1177, 5], ""error_types"": [""A numerical value was found with a value of greater than > 10 stds from the mean""], ""cell_value"": """", ""record_value"": """"}"
0,2026-01-29 19:50:50,"{""cell"": [1181, 5], ""error_types"": [""A numerical value was found with a value of greater than > 10 stds from the mean""], ""cell_value"": """", ""record_value"": """"}"
0,2026-01-29 19:50:50,"{""cell"": [1182, 5], ""error_types"": [""A numerical value was found with a value of greater than > 10 stds from the mean""], ""cell_value"": """", ""record_value"": """"}"
0,2026-01-29 19:50:50,"{""cell"": [1185, 5], ""error_types"": [""A numerical value was found with a value of greater than > 10 stds from the mean""], ""cell_value"": """", ""record_value"": """"}"
0,2026-01-29 19:50:50,"{""cell"": [1188, 5], ""error_types"": [""A numerical value was found with a value of greater than > 10 stds from the mean""], ""cell_value"": """", ""record_value"": """"}"
0,2026-01-29 19:50:50,"{""cell"": [1189, 5], ""error_types"": [""A numerical value was found with a value of greater than > 10 stds from the mean""], ""cell_value"": """", ""record_value"": """"}"
0,2026-01-29 19:50:50,"{""cell"": [1192, 5], ""error_types"": [""A numerical value was found with a value of greater than > 10 stds from the mean""], ""cell_value"": """", ""record_value"": """"}"
0,2026-01-29 19:50:50,"{""cell"": [1193, 5], ""error_types"": [""A numerical value was found with a value of greater than > 10 stds from the mean""], ""cell_value"": """", ""record_value"": """"}"
0,2026-01-29 19:50:50,"{""cell"": [1203, 5], ""error_types"": [""A numerical value was found with a value of greater than > 10 stds from the mean""], ""cell_value"": """", ""record_value"": """"}"
0,2026-01-29 19:50:50,"{""cell"": [1213, 5], ""error_types"": [""A numerical value was found with a value of greater than > 10 stds from the mean""], ""cell_value"": """", ""record_value"": """"}"
0,2026-01-29 19:50:50,"{""cell"": [1214, 5], ""error_types"": [""A numerical value was found with a value of greater than > 10 stds from the mean""], ""cell_value"": """", ""record_value"": """"}"
0,2026-01-29 19:50:50,"{""cell"": [1223, 5], ""error_types"": [""A numerical value was found with a value of greater than > 10 stds from the mean""], ""cell_value"": """", ""record_value"": """"}"
0,2026-01-29 19:50:50,"{""cell"": [1226, 5], ""error_types"": [""A numerical value was found with a value of greater than > 10 stds from the mean""], ""cell_value"": """", ""record_value"": """"}"
0,2026-01-29 19:50:50,"{""cell"": [1232, 5], ""error_types"": [""A numerical value was found with a value of greater than > 10 stds from the mean""], ""cell_value"": """", ""record_value"": """"}"
0,2026-01-29 19:50:50,"{""cell"": [1233, 5], ""error_types"": [""A numerical value was found with a value of greater than > 10 stds from the mean""], ""cell_value"": """", ""record_value"": """"}"
0,2026-01-29 19:50:50,"{""cell"": [1235, 5], ""error_types"": [""A numerical value was found with a value of greater than > 10 stds from the mean""], ""cell_value"": """", ""record_value"": """"}"
0,2026-01-29 19:50:50,"{""cell"": [1238, 5], ""error_types"": [""A numerical value was found with a value of greater than > 10 stds from the mean""], ""cell_value"": """", ""record_value"": """"}"
0,2026-01-29 19:50:50,"{""cell"": [1248, 5], ""error_types"": [""A numerical value was found with a value of greater than > 10 stds from the mean""], ""cell_value"": """", ""record_value"": """"}"
0,2026-01-29 19:50:50,"{""cell"": [1254, 5], ""error_types"": [""A numerical value was found with a value of greater than > 10 stds from the mean""], ""cell_value"": """", ""record_value"": """"}"
0,2026-01-29 19:50:50,"{""cell"": [1256, 5], ""error_types"": [""A numerical value was found with a value of greater than > 10 stds from the mean""], ""cell_value"": """", ""record_value"": """"}"
0,2026-01-29 19:50:50,"{""cell"": [1259, 5], ""error_types"": [""A numerical value was found with a value of greater than > 10 stds from the mean""], ""cell_value"": """", ""record_value"": """"}"
0,2026-01-29 19:50:50,"{""cell"": [1264, 5], ""error_types"": [""A numerical value was found with a value of greater than > 10 stds from the mean""], ""cell_value"": """", ""record_value"": """"}"
0,2026-01-29 19:50:50,"{""cell"": [1270, 5], ""error_types"": [""A numerical value was found with a value of greater than > 10 stds from the mean""], ""cell_value"": """", ""record_value"": """"}"
0,2026-01-29 19:50:50,"{""cell"": [1273, 5], ""error_types"": [""A numerical value was found with a value of greater than > 10 stds from the mean""], ""cell_value"": """", ""record_value"": """"}"
0,2026-01-29 19:50:50,"{""cell"": [1275, 5], ""error_types"": [""A numerical value was found with a value of greater than > 10 stds from the mean""], ""cell_value"": """", ""record_value"": """"}"
0,2026-01-29 19:50:50,"{""cell"": [1279, 5], ""error_types"": [""A numerical value was found with a value of greater than > 10 stds from the mean""], ""cell_value"": """", ""record_value"": """"}"
0,2026-01-29 19:50:50,"{""cell"": [1283, 5], ""error_types"": [""A numerical value was found with a value of greater than > 10 stds from the mean""], ""cell_value"": """", ""record_value"": """"}"
0,2026-01-29 19:50:50,"{""cell"": [1287, 5], ""error_types"": [""A numerical value was found with a value of greater than > 10 stds from the mean""], ""cell_value"": """", ""record_value"": """"}"
0,2026-01-29 19:50:50,"{""cell"": [1288, 5], ""error_types"": [""A numerical value was found with a value of greater than > 10 stds from the mean""], ""cell_value"": """", ""record_value"": """"}"
0,2026-01-29 19:50:50,"{""cell"": [1293, 5], ""error_types"": [""A numerical value was found with a value of greater than > 10 stds from the mean""], ""cell_value"": """", ""record_value"": """"}"
0,2026-01-29 19:50:50,"{""cell"": [1295, 5], ""error_types"": [""A numerical value was found with a value of greater than > 10 stds from the mean""], ""cell_value"": """", ""record_value"": """"}"
0,2026-01-29 19:50:50,"{""cell"": [1297, 5], ""error_types"": [""A numerical value was found with a value of greater than > 10 stds from the mean""], ""cell_value"": """", ""record_value"": """"}"
0,2026-01-29 19:50:50,"{""cell"": [1302, 5], ""error_types"": [""A numerical value was found with a value of greater than > 10 stds from the mean""], ""cell_value"": """", ""record_value"": """"}"
0,2026-01-29 19:50:50,"{""cell"": [1303, 5], ""error_types"": [""A numerical value was found with a value of greater than > 10 stds from the mean""], ""cell_value"": """", ""record_value"": """"}"
0,2026-01-29 19:50:50,"{""cell"": [1306, 5], ""error_types"": [""A numerical value was found with a value of greater than > 10 stds from the mean""], ""cell_value"": """", ""record_value"": """"}"
0,2026-01-29 19:50:50,"{""cell"": [1307, 5], ""error_types"": [""A numerical value was found with a value of greater than > 10 stds from the mean""], ""cell_value"": """", ""record_value"": """"}"
0,2026-01-29 19:50:50,"{""cell"": [1316, 5], ""error_types"": [""A numerical value was found with a value of greater than > 10 stds from the mean""], ""cell_value"": """", ""record_value"": """"}"
0,2026-01-29 19:50:50,"{""cell"": [1321, 5], ""error_types"": [""A numerical value was found with a value of greater than > 10 stds from the mean""], ""cell_value"": """", ""record_value"": """"}"
0,2026-01-29 19:50:50,"{""cell"": [1325, 5], ""error_types"": [""A numerical value was found with a value of greater than > 10 stds from the mean""], ""cell_value"": """", ""record_value"": """"}"
0,2026-01-29 19:50:50,"{""cell"": [1333, 5], ""error_types"": [""A numerical value was found with a value of greater than > 10 stds from the mean""], ""cell_value"": """", ""record_value"": """"}"
0,2026-01-29 19:50:50,"{""cell"": [1334, 5], ""error_types"": [""A numerical value was found with a value of greater than > 10 stds from the mean""], ""cell_value"": """", ""record_value"": """"}"
0,2026-01-29 19:50:50,"{""cell"": [1335, 5], ""error_types"": [""A numerical value was found with a value of greater than > 10 stds from the mean""], ""cell_value"": """", ""record_value"": """"}"
0,2026-01-29 19:50:50,"{""cell"": [1343, 5], ""error_types"": [""A numerical value was found with a value of greater than > 10 stds from the mean""], ""cell_value"": """", ""record_value"": """"}"
0,2026-01-29 19:50:50,"{""cell"": [1344, 5], ""error_types"": [""A numerical value was found with a value of greater than > 10 stds from the mean""], ""cell_value"": """", ""record_value"": """"}"
0,2026-01-29 19:50:50,"{""cell"": [1353, 5], ""error_types"": [""A numerical value was found with a value of greater than > 10 stds from the mean""], ""cell_value"": """", ""record_value"": """"}"
0,2026-01-29 19:50:50,"{""cell"": [1356, 5], ""error_types"": [""A numerical value was found with a value of greater than > 10 stds from the mean""], ""cell_value"": """", ""record_value"": """"}"
0,2026-01-29 19:50:50,"{""cell"": [1357, 5], ""error_types"": [""A numerical value was found with a value of greater than > 10 stds from the mean""], ""cell_value"": """", ""record_value"": """"}"
0,2026-01-29 19:50:50,"{""cell"": [1359, 5], ""error_types"": [""A numerical value was found with a value of greater than > 10 stds from the mean""], ""cell_value"": """", ""record_value"": """"}"
0,2026-01-29 19:50:50,"{""cell"": [1362, 5], ""error_types"": [""A numerical value was found with a value of greater than > 10 stds from the mean""], ""cell_value"": """", ""record_value"": """"}"
0,2026-01-29 19:50:50,"{""cell"": [1364, 5], ""error_types"": [""A numerical value was found with a value of greater than > 10 stds from the mean""], ""cell_value"": """", ""record_value"": """"}"
0,2026-01-29 19:50:50,"{""cell"": [1368, 5], ""error_types"": [""A numerical value was found with a value of greater than > 10 stds from the mean""], ""cell_value"": """", ""record_value"": """"}"
0,2026-01-29 19:50:50,"{""cell"": [1382, 5], ""error_types"": [""A numerical value was found with a value of greater than > 10 stds from the mean""], ""cell_value"": """", ""record_value"": """"}"
0,2026-01-29 19:50:50,"{""cell"": [1389, 5], ""error_types"": [""A numerical value was found with a value of greater than > 10 stds from the mean""], ""cell_value"": """", ""record_value"": """"}"
0,2026-01-29 19:50:50,"{""cell"": [1394, 5], ""error_types"": [""A numerical value was found with a value of greater than > 10 stds from the mean""], ""cell_value"": """", ""record_value"": """"}"
0,2026-01-29 19:50:50,"{""cell"": [1397, 5], ""error_types"": [""A numerical value was found with a value of greater than > 10 stds from the mean""], ""cell_value"": """", ""record_value"": """"}"
0,2026-01-29 19:50:50,"{""cell"": [1402, 5], ""error_types"": [""A numerical value was found with a value of greater than > 10 stds from the mean""], ""cell_value"": """", ""record_value"": """"}"
0,2026-01-29 19:50:50,"{""cell"": [1403, 5], ""error_types"": [""A numerical value was found with a value of greater than > 10 stds from the mean""], ""cell_value"": """", ""record_value"": """"}"
0,2026-01-29 19:50:50,"{""cell"": [1406, 5], ""error_types"": [""A numerical value was found with a value of greater than > 10 stds from the mean""], ""cell_value"": """", ""record_value"": """"}"
0,2026-01-29 19:50:50,"{""cell"": [1421, 5], ""error_types"": [""A numerical value was found with a value of greater than > 10 stds from the mean""], ""cell_value"": """", ""record_value"": """"}"
0,2026-01-29 19:50:50,"{""cell"": [1423, 5], ""error_types"": [""A numerical value was found with a value of greater than > 10 stds from the mean""], ""cell_value"": """", ""record_value"": """"}"
0,2026-01-29 19:50:50,"{""cell"": [1426, 5], ""error_types"": [""A numerical value was found with a value of greater than > 10 stds from the mean""], ""cell_value"": """", ""record_value"": """"}"
0,2026-01-29 19:50:50,"{""cell"": [1430, 5], ""error_types"": [""A numerical value was found with a value of greater than > 10 stds from the mean""], ""cell_value"": """", ""record_value"": """"}"
0,2026-01-29 19:50:50,"{""cell"": [1431, 5], ""error_types"": [""A numerical value was found with a value of greater than > 10 stds from the mean""], ""cell_value"": """", ""record_value"": """"}"
0,2026-01-29 19:50:50,"{""cell"": [1434, 5], ""error_types"": [""A numerical value was found with a value of greater than > 10 stds from the mean""], ""cell_value"": """", ""record_value"": """"}"
0,2026-01-29 19:50:50,"{""cell"": [1441, 5], ""error_types"": [""A numerical value was found with a value of greater than > 10 stds from the mean""], ""cell_value"": """", ""record_value"": """"}"
0,2026-01-29 19:50:50,"{""cell"": [1445, 5], ""error_types"": [""A numerical value was found with a value of greater than > 10 stds from the mean""], ""cell_value"": """", ""record_value"": """"}"
0,2026-01-29 19:50:50,"{""cell"": [1446, 5], ""error_types"": [""A numerical value was found with a value of greater than > 10 stds from the mean""], ""cell_value"": """", ""record_value"": """"}"
0,2026-01-29 19:50:50,"{""cell"": [1448, 5], ""error_types"": [""A numerical value was found with a value of greater than > 10 stds from the mean""], ""cell_value"": """", ""record_value"": """"}"
0,2026-01-29 19:50:50,"{""cell"": [1450, 5], ""error_types"": [""A numerical value was found with a value of greater than > 10 stds from the mean""], ""cell_value"": """", ""record_value"": """"}"
0,2026-01-29 19:50:50,"{""cell"": [1451, 5], ""error_types"": [""A numerical value was found with a value of greater than > 10 stds from the mean""], ""cell_value"": """", ""record_value"": """"}"
0,2026-01-29 19:50:50,"{""cell"": [1455, 5], ""error_types"": [""A numerical value was found with a value of greater than > 10 stds from the mean""], ""cell_value"": """", ""record_value"": """"}"
0,2026-01-29 19:50:50,"{""cell"": [1459, 5], ""error_types"": [""A numerical value was found with a value of greater than > 10 stds from the mean""], ""cell_value"": """", ""record_value"": """"}"
0,2026-01-29 19:50:50,"{""cell"": [1461, 5], ""error_types"": [""A numerical value was found with a value of greater than > 10 stds from the mean""], ""cell_value"": """", ""record_value"": """"}"
0,2026-01-29 19:50:50,"{""cell"": [1466, 5], ""error_types"": [""A numerical value was found with a value of greater than > 10 stds from the mean""], ""cell_value"": """", ""record_value"": """"}"
0,2026-01-29 19:50:50,"{""cell"": [1469, 5], ""error_types"": [""A numerical value was found with a value of greater than > 10 stds from the mean""], ""cell_value"": """", ""record_value"": """"}"
0,2026-01-29 19:50:50,"{""cell"": [1471, 5], ""error_types"": [""A numerical value was found with a value of greater than > 10 stds from the mean""], ""cell_value"": """", ""record_value"": """"}"
0,2026-01-29 19:50:50,"{""cell"": [1474, 5], ""error_types"": [""A numerical value was found with a value of greater than > 10 stds from the mean""], ""cell_value"": """", ""record_value"": """"}"
0,2026-01-29 19:50:50,"{""cell"": [1476, 5], ""error_types"": [""A numerical value was found with a value of greater than > 10 stds from the mean""], ""cell_value"": """", ""record_value"": """"}"
0,2026-01-29 19:50:50,"{""cell"": [1479, 5], ""error_types"": [""A numerical value was found with a value of greater than > 10 stds from the mean""], ""cell_value"": """", ""record_value"": """"}"
0,2026-01-29 19:50:50,"{""cell"": [1480, 5], ""error_types"": [""A numerical value was found with a value of greater than > 10 stds from the mean""], ""cell_value"": """", ""record_value"": """"}"
0,2026-01-29 19:50:50,"{""cell"": [1482, 5], ""error_types"": [""A numerical value was found with a value of greater than > 10 stds from the mean""], ""cell_value"": """", ""record_value"": """"}"
0,2026-01-29 19:50:50,"{""cell"": [1486, 5], ""error_types"": [""A numerical value was found with a value of greater than > 10 stds from the mean""], ""cell_value"": """", ""record_value"": """"}"
0,2026-01-29 19:50:50,"{""cell"": [1487, 5], ""error_types"": [""A numerical value was found with a value of greater than > 10 stds from the mean""], ""cell_value"": """", ""record_value"": """"}"
0,2026-01-29 19:50:50,"{""cell"": [1493, 5], ""error_types"": [""A numerical value was found with a value of greater than > 10 stds from the mean""], ""cell_value"": """", ""record_value"": """"}"
0,2026-01-29 19:50:50,"{""cell"": [1494, 5], ""error_types"": [""A numerical value was found with a value of greater than > 10 stds from the mean""], ""cell_value"": """", ""record_value"": """"}"
0,2026-01-29 19:50:50,"{""cell"": [1495, 5], ""error_types"": [""A numerical value was found with a value of greater than > 10 stds from the mean""], ""cell_value"": """", ""record_value"": """"}"
0,2026-01-29 19:50:50,"{""cell"": [1499, 5], ""error_types"": [""A numerical value was found with a value of greater than > 10 stds from the mean""], ""cell_value"": """", ""record_value"": """"}"
0,2026-01-29 19:50:50,"{""cell"": [1501, 5], ""error_types"": [""A numerical value was found with a value of greater than > 10 stds from the mean""], ""cell_value"": """", ""record_value"": """"}"
0,2026-01-29 19:50:50,"{""cell"": [1512, 5], ""error_types"": [""A numerical value was found with a value of greater than > 10 stds from the mean""], ""cell_value"": """", ""record_value"": """"}"
0,2026-01-29 19:50:50,"{""cell"": [1516, 5], ""error_types"": [""A numerical value was found with a value of greater than > 10 stds from the mean""], ""cell_value"": """", ""record_value"": """"}"
0,2026-01-29 19:50:50,"{""cell"": [1518, 5], ""error_types"": [""A numerical value was found with a value of greater than > 10 stds from the mean""], ""cell_value"": """", ""record_value"": """"}"
0,2026-01-29 19:50:50,"{""cell"": [1521, 5], ""error_types"": [""A numerical value was found with a value of greater than > 10 stds from the mean""], ""cell_value"": """", ""record_value"": """"}"
0,2026-01-29 19:50:50,"{""cell"": [1525, 5], ""error_types"": [""A numerical value was found with a value of greater than > 10 stds from the mean""], ""cell_value"": """", ""record_value"": """"}"
0,2026-01-29 19:50:50,"{""cell"": [1528, 5], ""error_types"": [""A numerical value was found with a value of greater than > 10 stds from the mean""], ""cell_value"": """", ""record_value"": """"}"
0,2026-01-29 19:50:50,"{""cell"": [1530, 5], ""error_types"": [""A numerical value was found with a value of greater than > 10 stds from the mean""], ""cell_value"": """", ""record_value"": """"}"
0,2026-01-29 19:50:50,"{""cell"": [1531, 5], ""error_types"": [""A numerical value was found with a value of greater than > 10 stds from the mean""], ""cell_value"": """", ""record_value"": """"}"
0,2026-01-29 19:50:50,"{""cell"": [1533, 5], ""error_types"": [""A numerical value was found with a value of greater than > 10 stds from the mean""], ""cell_value"": """", ""record_value"": """"}"
0,2026-01-29 19:50:50,"{""cell"": [1538, 5], ""error_types"": [""A numerical value was found with a value of greater than > 10 stds from the mean""], ""cell_value"": """", ""record_value"": """"}"
0,2026-01-29 19:50:50,"{""cell"": [1541, 5], ""error_types"": [""A numerical value was found with a value of greater than > 10 stds from the mean""], ""cell_value"": """", ""record_value"": """"}"
0,2026-01-29 19:50:50,"{""cell"": [1543, 5], ""error_types"": [""A numerical value was found with a value of greater than > 10 stds from the mean""], ""cell_value"": """", ""record_value"": """"}"
0,2026-01-29 19:50:50,"{""cell"": [1544, 5], ""error_types"": [""A numerical value was found with a value of greater than > 10 stds from the mean""], ""cell_value"": """", ""record_value"": """"}"
0,2026-01-29 19:50:50,"{""cell"": [1545, 5], ""error_types"": [""A numerical value was found with a value of greater than > 10 stds from the mean""], ""cell_value"": """", ""record_value"": """"}"
0,2026-01-29 19:50:50,"{""cell"": [1546, 5], ""error_types"": [""A numerical value was found with a value of greater than > 10 stds from the mean""], ""cell_value"": """", ""record_value"": """"}"
0,2026-01-29 19:50:50,"{""cell"": [1548, 5], ""error_types"": [""A numerical value was found with a value of greater than > 10 stds from the mean""], ""cell_value"": """", ""record_value"": """"}"
0,2026-01-29 19:50:50,"{""cell"": [1551, 5], ""error_types"": [""A numerical value was found with a value of greater than > 10 stds from the mean""], ""cell_value"": """", ""record_value"": """"}"
0,2026-01-29 19:50:50,"{""cell"": [1554, 5], ""error_types"": [""A numerical value was found with a value of greater than > 10 stds from the mean""], ""cell_value"": """", ""record_value"": """"}"
0,2026-01-29 19:50:50,"{""cell"": [1555, 5], ""error_types"": [""A numerical value was found with a value of greater than > 10 stds from the mean""], ""cell_value"": """", ""record_value"": """"}"
0,2026-01-29 19:50:50,"{""cell"": [1556, 5], ""error_types"": [""A numerical value was found with a value of greater than > 10 stds from the mean""], ""cell_value"": """", ""record_value"": """"}"
0,2026-01-29 19:50:50,"{""cell"": [1558, 5], ""error_types"": [""A numerical value was found with a value of greater than > 10 stds from the mean""], ""cell_value"": """", ""record_value"": """"}"
0,2026-01-29 19:50:50,"{""cell"": [1561, 5], ""error_types"": [""A numerical value was found with a value of greater than > 10 stds from the mean""], ""cell_value"": """", ""record_value"": """"}"
0,2026-01-29 19:50:50,"{""cell"": [1565, 5], ""error_types"": [""A numerical value was found with a value of greater than > 10 stds from the mean""], ""cell_value"": """", ""record_value"": """"}"
0,2026-01-29 19:50:50,"{""cell"": [1568, 5], ""error_types"": [""A numerical value was found with a value of greater than > 10 stds from the mean""], ""cell_value"": """", ""record_value"": """"}"
0,2026-01-29 19:50:50,"{""cell"": [1572, 5], ""error_types"": [""A numerical value was found with a value of greater than > 10 stds from the mean""], ""cell_value"": """", ""record_value"": """"}"
0,2026-01-29 19:50:50,"{""cell"": [1573, 5], ""error_types"": [""A numerical value was found with a value of greater than > 10 stds from the mean""], ""cell_value"": """", ""record_value"": """"}"
0,2026-01-29 19:50:50,"{""cell"": [1575, 5], ""error_types"": [""A numerical value was found with a value of greater than > 10 stds from the mean""], ""cell_value"": """", ""record_value"": """"}"
0,2026-01-29 19:50:50,"{""cell"": [1579, 5], ""error_types"": [""A numerical value was found with a value of greater than > 10 stds from the mean""], ""cell_value"": """", ""record_value"": """"}"
0,2026-01-29 19:50:50,"{""cell"": [1587, 5], ""error_types"": [""A numerical value was found with a value of greater than > 10 stds from the mean""], ""cell_value"": """", ""record_value"": """"}"
0,2026-01-29 19:50:50,"{""cell"": [1591, 5], ""error_types"": [""A numerical value was found with a value of greater than > 10 stds from the mean""], ""cell_value"": """", ""record_value"": """"}"
0,2026-01-29 19:50:50,"{""cell"": [1593, 5], ""error_types"": [""A numerical value was found with a value of greater than > 10 stds from the mean""], ""cell_value"": """", ""record_value"": """"}"
0,2026-01-29 19:50:50,"{""cell"": [1595, 5], ""error_types"": [""A numerical value was found with a value of greater than > 10 stds from the mean""], ""cell_value"": """", ""record_value"": """"}"
0,2026-01-29 19:50:50,"{""cell"": [1597, 5], ""error_types"": [""A numerical value was found with a value of greater than > 10 stds from the mean""], ""cell_value"": """", ""record_value"": """"}"
0,2026-01-29 19:50:50,"{""cell"": [1598, 5], ""error_types"": [""A numerical value was found with a value of greater than > 10 stds from the mean""], ""cell_value"": """", ""record_value"": """"}"
0,2026-01-29 19:50:50,"{""cell"": [1599, 5], ""error_types"": [""A numerical value was found with a value of greater than > 10 stds from the mean""], ""cell_value"": """", ""record_value"": """"}"
0,2026-01-29 19:50:50,"{""cell"": [1603, 5], ""error_types"": [""A numerical value was found with a value of greater than > 10 stds from the mean""], ""cell_value"": """", ""record_value"": """"}"
0,2026-01-29 19:50:50,"{""cell"": [1609, 5], ""error_types"": [""A numerical value was found with a value of greater than > 10 stds from the mean""], ""cell_value"": """", ""record_value"": """"}"
0,2026-01-29 19:50:50,"{""cell"": [1614, 5], ""error_types"": [""A numerical value was found with a value of greater than > 10 stds from the mean""], ""cell_value"": """", ""record_value"": """"}"
0,2026-01-29 19:50:50,"{""cell"": [1617, 5], ""error_types"": [""A numerical value was found with a value of greater than > 10 stds from the mean""], ""cell_value"": """", ""record_value"": """"}"
0,2026-01-29 19:50:50,"{""cell"": [1618, 5], ""error_types"": [""A numerical value was found with a value of greater than > 10 stds from the mean""], ""cell_value"": """", ""record_value"": """"}"
0,2026-01-29 19:50:50,"{""cell"": [1619, 5], ""error_types"": [""A numerical value was found with a value of greater than > 10 stds from the mean""], ""cell_value"": """", ""record_value"": """"}"
0,2026-01-29 19:50:50,"{""cell"": [1630, 5], ""error_types"": [""A numerical value was found with a value of greater than > 10 stds from the mean""], ""cell_value"": """", ""record_value"": """"}"
0,2026-01-29 19:50:50,"{""cell"": [1634, 5], ""error_types"": [""A numerical value was found with a value of greater than > 10 stds from the mean""], ""cell_value"": """", ""record_value"": """"}"
0,2026-01-29 19:50:50,"{""cell"": [1635, 5], ""error_types"": [""A numerical value was found with a value of greater than > 10 stds from the mean""], ""cell_value"": """", ""record_value"": """"}"
0,2026-01-29 19:50:50,"{""cell"": [1636, 5], ""error_types"": [""A numerical value was found with a value of greater than > 10 stds from the mean""], ""cell_value"": """", ""record_value"": """"}"
0,2026-01-29 19:50:50,"{""cell"": [1637, 5], ""error_types"": [""A numerical value was found with a value of greater than > 10 stds from the mean""], ""cell_value"": """", ""record_value"": """"}"
0,2026-01-29 19:50:50,"{""cell"": [1645, 5], ""error_types"": [""A numerical value was found with a value of greater than > 10 stds from the mean""], ""cell_value"": """", ""record_value"": """"}"
0,2026-01-29 19:50:50,"{""cell"": [1657, 5], ""error_types"": [""A numerical value was found with a value of greater than > 10 stds from the mean""], ""cell_value"": """", ""record_value"": """"}"
0,2026-01-29 19:50:50,"{""cell"": [1664, 5], ""error_types"": [""A numerical value was found with a value of greater than > 10 stds from the mean""], ""cell_value"": """", ""record_value"": """"}"
0,2026-01-29 19:50:50,"{""cell"": [1667, 5], ""error_types"": [""A numerical value was found with a value of greater than > 10 stds from the mean""], ""cell_value"": """", ""record_value"": """"}"
0,2026-01-29 19:50:50,"{""cell"": [1668, 5], ""error_types"": [""A numerical value was found with a value of greater than > 10 stds from the mean""], ""cell_value"": """", ""record_value"": """"}"
0,2026-01-29 19:50:50,"{""cell"": [1669, 5], ""error_types"": [""A numerical value was found with a value of greater than > 10 stds from the mean""], ""cell_value"": """", ""record_value"": """"}"
0,2026-01-29 19:50:50,"{""cell"": [1670, 5], ""error_types"": [""A numerical value was found with a value of greater than > 10 stds from the mean""], ""cell_value"": """", ""record_value"": """"}"
0,2026-01-29 19:50:50,"{""cell"": [1674, 5], ""error_types"": [""A numerical value was found with a value of greater than > 10 stds from the mean""], ""cell_value"": """", ""record_value"": """"}"
0,2026-01-29 19:50:50,"{""cell"": [1676, 5], ""error_types"": [""A numerical value was found with a value of greater than > 10 stds from the mean""], ""cell_value"": """", ""record_value"": """"}"
0,2026-01-29 19:50:50,"{""cell"": [1677, 5], ""error_types"": [""A numerical value was found with a value of greater than > 10 stds from the mean""], ""cell_value"": """", ""record_value"": """"}"
0,2026-01-29 19:50:50,"{""cell"": [1684, 5], ""error_types"": [""A numerical value was found with a value of greater than > 10 stds from the mean""], ""cell_value"": """", ""record_value"": """"}"
0,2026-01-29 19:50:50,"{""cell"": [1685, 5], ""error_types"": [""A numerical value was found with a value of greater than > 10 stds from the mean""], ""cell_value"": """", ""record_value"": """"}"
0,2026-01-29 19:50:50,"{""cell"": [1689, 5], ""error_types"": [""A numerical value was found with a value of greater than > 10 stds from the mean""], ""cell_value"": """", ""record_value"": """"}"
0,2026-01-29 19:50:50,"{""cell"": [1691, 5], ""error_types"": [""A numerical value was found with a value of greater than > 10 stds from the mean""], ""cell_value"": """", ""record_value"": """"}"
0,2026-01-29 19:50:50,"{""cell"": [1695, 5], ""error_types"": [""A numerical value was found with a value of greater than > 10 stds from the mean""], ""cell_value"": """", ""record_value"": """"}"
0,2026-01-29 19:50:50,"{""cell"": [1696, 5], ""error_types"": [""A numerical value was found with a value of greater than > 10 stds from the mean""], ""cell_value"": """", ""record_value"": """"}"
0,2026-01-29 19:50:50,"{""cell"": [1697, 5], ""error_types"": [""A numerical value was found with a value of greater than > 10 stds from the mean""], ""cell_value"": """", ""record_value"": """"}"
0,2026-01-29 19:50:50,"{""cell"": [1704, 5], ""error_types"": [""A numerical value was found with a value of greater than > 10 stds from the mean""], ""cell_value"": """", ""record_value"": """"}"
0,2026-01-29 19:50:50,"{""cell"": [1706, 5], ""error_types"": [""A numerical value was found with a value of greater than > 10 stds from the mean""], ""cell_value"": """", ""record_value"": """"}"
0,2026-01-29 19:50:50,"{""cell"": [1711, 5], ""error_types"": [""A numerical value was found with a value of greater than > 10 stds from the mean""], ""cell_value"": """", ""record_value"": """"}"
0,2026-01-29 19:50:50,"{""cell"": [1714, 5], ""error_types"": [""A numerical value was found with a value of greater than > 10 stds from the mean""], ""cell_value"": """", ""record_value"": """"}"
0,2026-01-29 19:50:50,"{""cell"": [1719, 5], ""error_types"": [""A numerical value was found with a value of greater than > 10 stds from the mean""], ""cell_value"": """", ""record_value"": """"}"
0,2026-01-29 19:50:50,"{""cell"": [1724, 5], ""error_types"": [""A numerical value was found with a value of greater than > 10 stds from the mean""], ""cell_value"": """", ""record_value"": """"}"
0,2026-01-29 19:50:50,"{""cell"": [1727, 5], ""error_types"": [""A numerical value was found with a value of greater than > 10 stds from the mean""], ""cell_value"": """", ""record_value"": """"}"
0,2026-01-29 19:50:50,"{""cell"": [1728, 5], ""error_types"": [""A numerical value was found with a value of greater than > 10 stds from the mean""], ""cell_value"": """", ""record_value"": """"}"
0,2026-01-29 19:50:50,"{""cell"": [1733, 5], ""error_types"": [""A numerical value was found with a value of greater than > 10 stds from the mean""], ""cell_value"": """", ""record_value"": """"}"
0,2026-01-29 19:50:50,"{""cell"": [1735, 5], ""error_types"": [""A numerical value was found with a value of greater than > 10 stds from the mean""], ""cell_value"": """", ""record_value"": """"}"
0,2026-01-29 19:50:50,"{""cell"": [1737, 5], ""error_types"": [""A numerical value was found with a value of greater than > 10 stds from the mean""], ""cell_value"": """", ""record_value"": """"}"
0,2026-01-29 19:50:50,"{""cell"": [1742, 5], ""error_types"": [""A numerical value was found with a value of greater than > 10 stds from the mean""], ""cell_value"": """", ""record_value"": """"}"
0,2026-01-29 19:50:50,"{""cell"": [1760, 5], ""error_types"": [""A numerical value was found with a value of greater than > 10 stds from the mean""], ""cell_value"": """", ""record_value"": """"}"
0,2026-01-29 19:50:50,"{""cell"": [1761, 5], ""error_types"": [""A numerical value was found with a value of greater than > 10 stds from the mean""], ""cell_value"": """", ""record_value"": """"}"
0,2026-01-29 19:50:50,"{""cell"": [1764, 5], ""error_types"": [""A numerical value was found with a value of greater than > 10 stds from the mean""], ""cell_value"": """", ""record_value"": """"}"
0,2026-01-29 19:50:50,"{""cell"": [1765, 5], ""error_types"": [""A numerical value was found with a value of greater than > 10 stds from the mean""], ""cell_value"": """", ""record_value"": """"}"
0,2026-01-29 19:50:50,"{""cell"": [1770, 5], ""error_types"": [""A numerical value was found with a value of greater than > 10 stds from the mean""], ""cell_value"": """", ""record_value"": """"}"
0,2026-01-29 19:50:50,"{""cell"": [1774, 5], ""error_types"": [""A numerical value was found with a value of greater than > 10 stds from the mean""], ""cell_value"": """", ""record_value"": """"}"
0,2026-01-29 19:50:50,"{""cell"": [1775, 5], ""error_types"": [""A numerical value was found with a value of greater than > 10 stds from the mean""], ""cell_value"": """", ""record_value"": """"}"
0,2026-01-29 19:50:50,"{""cell"": [1776, 5], ""error_types"": [""A numerical value was found with a value of greater than > 10 stds from the mean""], ""cell_value"": """", ""record_value"": """"}"
0,2026-01-29 19:50:50,"{""cell"": [1777, 5], ""error_types"": [""A numerical value was found with a value of greater than > 10 stds from the mean""], ""cell_value"": """", ""record_value"": """"}"
0,2026-01-29 19:50:50,"{""cell"": [1780, 5], ""error_types"": [""A numerical value was found with a value of greater than > 10 stds from the mean""], ""cell_value"": """", ""record_value"": """"}"
0,2026-01-29 19:50:50,"{""cell"": [1783, 5], ""error_types"": [""A numerical value was found with a value of greater than > 10 stds from the mean""], ""cell_value"": """", ""record_value"": """"}"
0,2026-01-29 19:50:50,"{""cell"": [1784, 5], ""error_types"": [""A numerical value was found with a value of greater than > 10 stds from the mean""], ""cell_value"": """", ""record_value"": """"}"
0,2026-01-29 19:50:50,"{""cell"": [1785, 5], ""error_types"": [""A numerical value was found with a value of greater than > 10 stds from the mean""], ""cell_value"": """", ""record_value"": """"}"
0,2026-01-29 19:50:50,"{""cell"": [1786, 5], ""error_types"": [""A numerical value was found with a value of greater than > 10 stds from the mean""], ""cell_value"": """", ""record_value"": """"}"
0,2026-01-29 19:50:50,"{""cell"": [1788, 5], ""error_types"": [""A numerical value was found with a value of greater than > 10 stds from the mean""], ""cell_value"": """", ""record_value"": """"}"
0,2026-01-29 19:50:50,"{""cell"": [1790, 5], ""error_types"": [""A numerical value was found with a value of greater than > 10 stds from the mean""], ""cell_value"": """", ""record_value"": """"}"
0,2026-01-29 19:50:50,"{""cell"": [1793, 5], ""error_types"": [""A numerical value was found with a value of greater than > 10 stds from the mean""], ""cell_value"": """", ""record_value"": """"}"
0,2026-01-29 19:50:50,"{""cell"": [1794, 5], ""error_types"": [""A numerical value was found with a value of greater than > 10 stds from the mean""], ""cell_value"": """", ""record_value"": """"}"
0,2026-01-29 19:50:50,"{""cell"": [1796, 5], ""error_types"": [""A numerical value was found with a value of greater than > 10 stds from the mean""], ""cell_value"": """", ""record_value"": """"}"
0,2026-01-29 19:50:50,"{""cell"": [1803, 5], ""error_types"": [""A numerical value was found with a value of greater than > 10 stds from the mean""], ""cell_value"": """", ""record_value"": """"}"
0,2026-01-29 19:50:50,"{""cell"": [1804, 5], ""error_types"": [""A numerical value was found with a value of greater than > 10 stds from the mean""], ""cell_value"": """", ""record_value"": """"}"
0,2026-01-29 19:50:50,"{""cell"": [1805, 5], ""error_types"": [""A numerical value was found with a value of greater than > 10 stds from the mean""], ""cell_value"": """", ""record_value"": """"}"
0,2026-01-29 19:50:50,"{""cell"": [1807, 5], ""error_types"": [""A numerical value was found with a value of greater than > 10 stds from the mean""], ""cell_value"": """", ""record_value"": """"}"
0,2026-01-29 19:50:50,"{""cell"": [1808, 5], ""error_types"": [""A numerical value was found with a value of greater than > 10 stds from the mean""], ""cell_value"": """", ""record_value"": """"}"
0,2026-01-29 19:50:50,"{""cell"": [1813, 5], ""error_types"": [""A numerical value was found with a value of greater than > 10 stds from the mean""], ""cell_value"": """", ""record_value"": """"}"
0,2026-01-29 19:50:50,"{""cell"": [1814, 5], ""error_types"": [""A numerical value was found with a value of greater than > 10 stds from the mean""], ""cell_value"": """", ""record_value"": """"}"
0,2026-01-29 19:50:50,"{""cell"": [1817, 5], ""error_types"": [""A numerical value was found with a value of greater than > 10 stds from the mean""], ""cell_value"": """", ""record_value"": """"}"
0,2026-01-29 19:50:50,"{""cell"": [1819, 5], ""error_types"": [""A numerical value was found with a value of greater than > 10 stds from the mean""], ""cell_value"": """", ""record_value"": """"}"
0,2026-01-29 19:50:50,"{""cell"": [1823, 5], ""error_types"": [""A numerical value was found with a value of greater than > 10 stds from the mean""], ""cell_value"": """", ""record_value"": """"}"
0,2026-01-29 19:50:50,"{""cell"": [1825, 5], ""error_types"": [""A numerical value was found with a value of greater than > 10 stds from the mean""], ""cell_value"": """", ""record_value"": """"}"
0,2026-01-29 19:50:50,"{""cell"": [1826, 5], ""error_types"": [""A numerical value was found with a value of greater than > 10 stds from the mean""], ""cell_value"": """", ""record_value"": """"}"
0,2026-01-29 19:50:50,"{""cell"": [1831, 5], ""error_types"": [""A numerical value was found with a value of greater than > 10 stds from the mean""], ""cell_value"": """", ""record_value"": """"}"
0,2026-01-29 19:50:50,"{""cell"": [1832, 5], ""error_types"": [""A numerical value was found with a value of greater than > 10 stds from the mean""], ""cell_value"": """", ""record_value"": """"}"
0,2026-01-29 19:50:50,"{""cell"": [1833, 5], ""error_types"": [""A numerical value was found with a value of greater than > 10 stds from the mean""], ""cell_value"": """", ""record_value"": """"}"
0,2026-01-29 19:50:50,"{""cell"": [1840, 5], ""error_types"": [""A numerical value was found with a value of greater than > 10 stds from the mean""], ""cell_value"": """", ""record_value"": """"}"
0,2026-01-29 19:50:50,"{""cell"": [1848, 5], ""error_types"": [""A numerical value was found with a value of greater than > 10 stds from the mean""], ""cell_value"": """", ""record_value"": """"}"
0,2026-01-29 19:50:50,"{""cell"": [1849, 5], ""error_types"": [""A numerical value was found with a value of greater than > 10 stds from the mean""], ""cell_value"": """", ""record_value"": """"}"
0,2026-01-29 19:50:50,"{""cell"": [1850, 5], ""error_types"": [""A numerical value was found with a value of greater than > 10 stds from the mean""], ""cell_value"": """", ""record_value"": """"}"
0,2026-01-29 19:50:50,"{""cell"": [1852, 5], ""error_types"": [""A numerical value was found with a value of greater than > 10 stds from the mean""], ""cell_value"": """", ""record_value"": """"}"
0,2026-01-29 19:50:50,"{""cell"": [1853, 5], ""error_types"": [""A numerical value was found with a value of greater than > 10 stds from the mean""], ""cell_value"": """", ""record_value"": """"}"
0,2026-01-29 19:50:50,"{""cell"": [1854, 5], ""error_types"": [""A numerical value was found with a value of greater than > 10 stds from the mean""], ""cell_value"": """", ""record_value"": """"}"
0,2026-01-29 19:50:50,"{""cell"": [1856, 5], ""error_types"": [""A numerical value was found with a value of greater than > 10 stds from the mean""], ""cell_value"": """", ""record_value"": """"}"
0,2026-01-29 19:50:50,"{""cell"": [1867, 5], ""error_types"": [""A numerical value was found with a value of greater than > 10 stds from the mean""], ""cell_value"": """", ""record_value"": """"}"
0,2026-01-29 19:50:50,"{""cell"": [1868, 5], ""error_types"": [""A numerical value was found with a value of greater than > 10 stds from the mean""], ""cell_value"": """", ""record_value"": """"}"
0,2026-01-29 19:50:50,"{""cell"": [1870, 5], ""error_types"": [""A numerical value was found with a value of greater than > 10 stds from the mean""], ""cell_value"": """", ""record_value"": """"}"
0,2026-01-29 19:50:50,"{""cell"": [1874, 5], ""error_types"": [""A numerical value was found with a value of greater than > 10 stds from the mean""], ""cell_value"": """", ""record_value"": """"}"
0,2026-01-29 19:50:50,"{""cell"": [1877, 5], ""error_types"": [""A numerical value was found with a value of greater than > 10 stds from the mean""], ""cell_value"": """", ""record_value"": """"}"
0,2026-01-29 19:50:50,"{""cell"": [1883, 5], ""error_types"": [""A numerical value was found with a value of greater than > 10 stds from the mean""], ""cell_value"": """", ""record_value"": """"}"
0,2026-01-29 19:50:50,"{""cell"": [1887, 5], ""error_types"": [""A numerical value was found with a value of greater than > 10 stds from the mean""], ""cell_value"": """", ""record_value"": """"}"
0,2026-01-29 19:50:50,"{""cell"": [1893, 5], ""error_types"": [""A numerical value was found with a value of greater than > 10 stds from the mean""], ""cell_value"": """", ""record_value"": """"}"
0,2026-01-29 19:50:50,"{""cell"": [1897, 5], ""error_types"": [""A numerical value was found with a value of greater than > 10 stds from the mean""], ""cell_value"": """", ""record_value"": """"}"
0,2026-01-29 19:50:50,"{""cell"": [1898, 5], ""error_types"": [""A numerical value was found with a value of greater than > 10 stds from the mean""], ""cell_value"": """", ""record_value"": """"}"
0,2026-01-29 19:50:50,"{""cell"": [1901, 5], ""error_types"": [""A numerical value was found with a value of greater than > 10 stds from the mean""], ""cell_value"": """", ""record_value"": """"}"
0,2026-01-29 19:50:50,"{""cell"": [1905, 5], ""error_types"": [""A numerical value was found with a value of greater than > 10 stds from the mean""], ""cell_value"": """", ""record_value"": """"}"
0,2026-01-29 19:50:50,"{""cell"": [1908, 5], ""error_types"": [""A numerical value was found with a value of greater than > 10 stds from the mean""], ""cell_value"": """", ""record_value"": """"}"
0,2026-01-29 19:50:50,"{""cell"": [1909, 5], ""error_types"": [""A numerical value was found with a value of greater than > 10 stds from the mean""], ""cell_value"": """", ""record_value"": """"}"
0,2026-01-29 19:50:50,"{""cell"": [1911, 5], ""error_types"": [""A numerical value was found with a value of greater than > 10 stds from the mean""], ""cell_value"": """", ""record_value"": """"}"
0,2026-01-29 19:50:50,"{""cell"": [1916, 5], ""error_types"": [""A numerical value was found with a value of greater than > 10 stds from the mean""], ""cell_value"": """", ""record_value"": """"}"
0,2026-01-29 19:50:50,"{""cell"": [1925, 5], ""error_types"": [""A numerical value was found with a value of greater than > 10 stds from the mean""], ""cell_value"": """", ""record_value"": """"}"
0,2026-01-29 19:50:50,"{""cell"": [1928, 5], ""error_types"": [""A numerical value was found with a value of greater than > 10 stds from the mean""], ""cell_value"": """", ""record_value"": """"}"
0,2026-01-29 19:50:50,"{""cell"": [1931, 5], ""error_types"": [""A numerical value was found with a value of greater than > 10 stds from the mean""], ""cell_value"": """", ""record_value"": """"}"
0,2026-01-29 19:50:50,"{""cell"": [1932, 5], ""error_types"": [""A numerical value was found with a value of greater than > 10 stds from the mean""], ""cell_value"": """", ""record_value"": """"}"
0,2026-01-29 19:50:50,"{""cell"": [1933, 5], ""error_types"": [""A numerical value was found with a value of greater than > 10 stds from the mean""], ""cell_value"": """", ""record_value"": """"}"
0,2026-01-29 19:50:50,"{""cell"": [1935, 5], ""error_types"": [""A numerical value was found with a value of greater than > 10 stds from the mean""], ""cell_value"": """", ""record_value"": """"}"
0,2026-01-29 19:50:50,"{""cell"": [1941, 5], ""error_types"": [""A numerical value was found with a value of greater than > 10 stds from the mean""], ""cell_value"": """", ""record_value"": """"}"
0,2026-01-29 19:50:50,"{""cell"": [1942, 5], ""error_types"": [""A numerical value was found with a value of greater than > 10 stds from the mean""], ""cell_value"": """", ""record_value"": """"}"
0,2026-01-29 19:50:50,"{""cell"": [1947, 5], ""error_types"": [""A numerical value was found with a value of greater than > 10 stds from the mean""], ""cell_value"": """", ""record_value"": """"}"
0,2026-01-29 19:50:50,"{""cell"": [1951, 5], ""error_types"": [""A numerical value was found with a value of greater than > 10 stds from the mean""], ""cell_value"": """", ""record_value"": """"}"
0,2026-01-29 19:50:50,"{""cell"": [1952, 5], ""error_types"": [""A numerical value was found with a value of greater than > 10 stds from the mean""], ""cell_value"": """", ""record_value"": """"}"
0,2026-01-29 19:50:50,"{""cell"": [1959, 5], ""error_types"": [""A numerical value was found with a value of greater than > 10 stds from the mean""], ""cell_value"": """", ""record_value"": """"}"
0,2026-01-29 19:50:50,"{""cell"": [1969, 5], ""error_types"": [""A numerical value was found with a value of greater than > 10 stds from the mean""], ""cell_value"": """", ""record_value"": """"}"
0,2026-01-29 19:50:50,"{""cell"": [1973, 5], ""error_types"": [""A numerical value was found with a value of greater than > 10 stds from the mean""], ""cell_value"": """", ""record_value"": """"}"
0,2026-01-29 19:50:50,"{""cell"": [1976, 5], ""error_types"": [""A numerical value was found with a value of greater than > 10 stds from the mean""], ""cell_value"": """", ""record_value"": """"}"
0,2026-01-29 19:50:50,"{""cell"": [1978, 5], ""error_types"": [""A numerical value was found with a value of greater than > 10 stds from the mean""], ""cell_value"": """", ""record_value"": """"}"
0,2026-01-29 19:50:50,"{""cell"": [1983, 5], ""error_types"": [""A numerical value was found with a value of greater than > 10 stds from the mean""], ""cell_value"": """", ""record_value"": """"}"
0,2026-01-29 19:50:50,"{""cell"": [1988, 5], ""error_types"": [""A numerical value was found with a value of greater than > 10 stds from the mean""], ""cell_value"": """", ""record_value"": """"}"
0,2026-01-29 19:50:50,"{""cell"": [1989, 5], ""error_types"": [""A numerical value was found with a value of greater than > 10 stds from the mean""], ""cell_value"": """", ""record_value"": """"}"
0,2026-01-29 19:50:50,"{""cell"": [1991, 5], ""error_types"": [""A numerical value was found with a value of greater than > 10 stds from the mean""], ""cell_value"": """", ""record_value"": """"}"
0,2026-01-29 19:50:50,"{""cell"": [1998, 5], ""error_types"": [""A numerical value was found with a value of greater than > 10 stds from the mean""], ""cell_value"": """", ""record_value"": """"}"
0,2026-01-29 19:50:50,"{""cell"": [2000, 5], ""error_types"": [""A numerical value was found with a value of greater than > 10 stds from the mean""], ""cell_value"": """", ""record_value"": """"}"
0,2026-01-29 19:50:50,"{""cell"": [2001, 5], ""error_types"": [""A numerical value was found with a value of greater than > 10 stds from the mean""], ""cell_value"": """", ""record_value"": """"}"
0,2026-01-29 19:50:50,"{""cell"": [2002, 5], ""error_types"": [""A numerical value was found with a value of greater than > 10 stds from the mean""], ""cell_value"": """", ""record_value"": """"}"
0,2026-01-29 19:50:50,"{""cell"": [2005, 5], ""error_types"": [""A numerical value was found with a value of greater than > 10 stds from the mean""], ""cell_value"": """", ""record_value"": """"}"
0,2026-01-29 19:50:50,"{""cell"": [2007, 5], ""error_types"": [""A numerical value was found with a value of greater than > 10 stds from the mean""], ""cell_value"": """", ""record_value"": """"}"
0,2026-01-29 19:50:50,"{""cell"": [2010, 5], ""error_types"": [""A numerical value was found with a value of greater than > 10 stds from the mean""], ""cell_value"": """", ""record_value"": """"}"
0,2026-01-29 19:50:50,"{""cell"": [2012, 5], ""error_types"": [""A numerical value was found with a value of greater than > 10 stds from the mean""], ""cell_value"": """", ""record_value"": """"}"
0,2026-01-29 19:50:50,"{""cell"": [2016, 5], ""error_types"": [""A numerical value was found with a value of greater than > 10 stds from the mean""], ""cell_value"": """", ""record_value"": """"}"
0,2026-01-29 19:50:50,"{""cell"": [2023, 5], ""error_types"": [""A numerical value was found with a value of greater than > 10 stds from the mean""], ""cell_value"": """", ""record_value"": """"}"
0,2026-01-29 19:50:50,"{""cell"": [2030, 5], ""error_types"": [""A numerical value was found with a value of greater than > 10 stds from the mean""], ""cell_value"": """", ""record_value"": """"}"
0,2026-01-29 19:50:50,"{""cell"": [2031, 5], ""error_types"": [""A numerical value was found with a value of greater than > 10 stds from the mean""], ""cell_value"": """", ""record_value"": """"}"
0,2026-01-29 19:50:50,"{""cell"": [2035, 5], ""error_types"": [""A numerical value was found with a value of greater than > 10 stds from the mean""], ""cell_value"": """", ""record_value"": """"}"
0,2026-01-29 19:50:50,"{""cell"": [2037, 5], ""error_types"": [""A numerical value was found with a value of greater than > 10 stds from the mean""], ""cell_value"": """", ""record_value"": """"}"
0,2026-01-29 19:50:50,"{""cell"": [2039, 5], ""error_types"": [""A numerical value was found with a value of greater than > 10 stds from the mean""], ""cell_value"": """", ""record_value"": """"}"
0,2026-01-29 19:50:50,"{""cell"": [2044, 5], ""error_types"": [""A numerical value was found with a value of greater than > 10 stds from the mean""], ""cell_value"": """", ""record_value"": """"}"
0,2026-01-29 19:50:50,"{""cell"": [2046, 5], ""error_types"": [""A numerical value was found with a value of greater than > 10 stds from the mean""], ""cell_value"": """", ""record_value"": """"}"
0,2026-01-29 19:50:50,"{""cell"": [2048, 5], ""error_types"": [""A numerical value was found with a value of greater than > 10 stds from the mean""], ""cell_value"": """", ""record_value"": """"}"
0,2026-01-29 19:50:50,"{""cell"": [2051, 5], ""error_types"": [""A numerical value was found with a value of greater than > 10 stds from the mean""], ""cell_value"": """", ""record_value"": """"}"
0,2026-01-29 19:50:50,"{""cell"": [2053, 5], ""error_types"": [""A numerical value was found with a value of greater than > 10 stds from the mean""], ""cell_value"": """", ""record_value"": """"}"
0,2026-01-29 19:50:50,"{""cell"": [2055, 5], ""error_types"": [""A numerical value was found with a value of greater than > 10 stds from the mean""], ""cell_value"": """", ""record_value"": """"}"
0,2026-01-29 19:50:50,"{""cell"": [2056, 5], ""error_types"": [""A numerical value was found with a value of greater than > 10 stds from the mean""], ""cell_value"": """", ""record_value"": """"}"
0,2026-01-29 19:50:50,"{""cell"": [2062, 5], ""error_types"": [""A numerical value was found with a value of greater than > 10 stds from the mean""], ""cell_value"": """", ""record_value"": """"}"
0,2026-01-29 19:50:50,"{""cell"": [2063, 5], ""error_types"": [""A numerical value was found with a value of greater than > 10 stds from the mean""], ""cell_value"": """", ""record_value"": """"}"
0,2026-01-29 19:50:50,"{""cell"": [2066, 5], ""error_types"": [""A numerical value was found with a value of greater than > 10 stds from the mean""], ""cell_value"": """", ""record_value"": """"}"
0,2026-01-29 19:50:50,"{""cell"": [2069, 5], ""error_types"": [""A numerical value was found with a value of greater than > 10 stds from the mean""], ""cell_value"": """", ""record_value"": """"}"
0,2026-01-29 19:50:50,"{""cell"": [2072, 5], ""error_types"": [""A numerical value was found with a value of greater than > 10 stds from the mean""], ""cell_value"": """", ""record_value"": """"}"
0,2026-01-29 19:50:50,"{""cell"": [2074, 5], ""error_types"": [""A numerical value was found with a value of greater than > 10 stds from the mean""], ""cell_value"": """", ""record_value"": """"}"
0,2026-01-29 19:50:50,"{""cell"": [2075, 5], ""error_types"": [""A numerical value was found with a value of greater than > 10 stds from the mean""], ""cell_value"": """", ""record_value"": """"}"
0,2026-01-29 19:50:50,"{""cell"": [2081, 5], ""error_types"": [""A numerical value was found with a value of greater than > 10 stds from the mean""], ""cell_value"": """", ""record_value"": """"}"
0,2026-01-29 19:50:50,"{""cell"": [2082, 5], ""error_types"": [""A numerical value was found with a value of greater than > 10 stds from the mean""], ""cell_value"": """", ""record_value"": """"}"
0,2026-01-29 19:50:50,"{""cell"": [2086, 5], ""error_types"": [""A numerical value was found with a value of greater than > 10 stds from the mean""], ""cell_value"": """", ""record_value"": """"}"
0,2026-01-29 19:50:50,"{""cell"": [2089, 5], ""error_types"": [""A numerical value was found with a value of greater than > 10 stds from the mean""], ""cell_value"": """", ""record_value"": """"}"
0,2026-01-29 19:50:50,"{""cell"": [2092, 5], ""error_types"": [""A numerical value was found with a value of greater than > 10 stds from the mean""], ""cell_value"": """", ""record_value"": """"}"
0,2026-01-29 19:50:50,"{""cell"": [2093, 5], ""error_types"": [""A numerical value was found with a value of greater than > 10 stds from the mean""], ""cell_value"": """", ""record_value"": """"}"
0,2026-01-29 19:50:50,"{""cell"": [2096, 5], ""error_types"": [""A numerical value was found with a value of greater than > 10 stds from the mean""], ""cell_value"": """", ""record_value"": """"}"
0,2026-01-29 19:50:50,"{""cell"": [2099, 5], ""error_types"": [""A numerical value was found with a value of greater than > 10 stds from the mean""], ""cell_value"": """", ""record_value"": """"}"
0,2026-01-29 19:50:50,"{""cell"": [2100, 5], ""error_types"": [""A numerical value was found with a value of greater than > 10 stds from the mean""], ""cell_value"": """", ""record_value"": """"}"
0,2026-01-29 19:50:50,"{""cell"": [2102, 5], ""error_types"": [""A numerical value was found with a value of greater than > 10 stds from the mean""], ""cell_value"": """", ""record_value"": """"}"
0,2026-01-29 19:50:50,"{""cell"": [2104, 5], ""error_types"": [""A numerical value was found with a value of greater than > 10 stds from the mean""], ""cell_value"": """", ""record_value"": """"}"
0,2026-01-29 19:50:50,"{""cell"": [2106, 5], ""error_types"": [""A numerical value was found with a value of greater than > 10 stds from the mean""], ""cell_value"": """", ""record_value"": """"}"
0,2026-01-29 19:50:50,"{""cell"": [2108, 5], ""error_types"": [""A numerical value was found with a value of greater than > 10 stds from the mean""], ""cell_value"": """", ""record_value"": """"}"
0,2026-01-29 19:50:50,"{""cell"": [2109, 5], ""error_types"": [""A numerical value was found with a value of greater than > 10 stds from the mean""], ""cell_value"": """", ""record_value"": """"}"
0,2026-01-29 19:50:50,"{""cell"": [2112, 5], ""error_types"": [""A numerical value was found with a value of greater than > 10 stds from the mean""], ""cell_value"": """", ""record_value"": """"}"
0,2026-01-29 19:50:50,"{""cell"": [2117, 5], ""error_types"": [""A numerical value was found with a value of greater than > 10 stds from the mean""], ""cell_value"": """", ""record_value"": """"}"
0,2026-01-29 19:50:50,"{""cell"": [2119, 5], ""error_types"": [""A numerical value was found with a value of greater than > 10 stds from the mean""], ""cell_value"": """", ""record_value"": """"}"
0,2026-01-29 19:50:50,"{""cell"": [2122, 5], ""error_types"": [""A numerical value was found with a value of greater than > 10 stds from the mean""], ""cell_value"": """", ""record_value"": """"}"
0,2026-01-29 19:50:50,"{""cell"": [2124, 5], ""error_types"": [""A numerical value was found with a value of greater than > 10 stds from the mean""], ""cell_value"": """", ""record_value"": """"}"
0,2026-01-29 19:50:50,"{""cell"": [2126, 5], ""error_types"": [""A numerical value was found with a value of greater than > 10 stds from the mean""], ""cell_value"": """", ""record_value"": """"}"
0,2026-01-29 19:50:50,"{""cell"": [2132, 5], ""error_types"": [""A numerical value was found with a value of greater than > 10 stds from the mean""], ""cell_value"": """", ""record_value"": """"}"
0,2026-01-29 19:50:50,"{""cell"": [2133, 5], ""error_types"": [""A numerical value was found with a value of greater than > 10 stds from the mean""], ""cell_value"": """", ""record_value"": """"}"
0,2026-01-29 19:50:50,"{""cell"": [2135, 5], ""error_types"": [""A numerical value was found with a value of greater than > 10 stds from the mean""], ""cell_value"": """", ""record_value"": """"}"
0,2026-01-29 19:50:50,"{""cell"": [2141, 5], ""error_types"": [""A numerical value was found with a value of greater than > 10 stds from the mean""], ""cell_value"": """", ""record_value"": """"}"
0,2026-01-29 19:50:50,"{""cell"": [2146, 5], ""error_types"": [""A numerical value was found with a value of greater than > 10 stds from the mean""], ""cell_value"": """", ""record_value"": """"}"
0,2026-01-29 19:50:50,"{""cell"": [2147, 5], ""error_types"": [""A numerical value was found with a value of greater than > 10 stds from the mean""], ""cell_value"": """", ""record_value"": """"}"
0,2026-01-29 19:50:50,"{""cell"": [2148, 5], ""error_types"": [""A numerical value was found with a value of greater than > 10 stds from the mean""], ""cell_value"": """", ""record_value"": """"}"
0,2026-01-29 19:50:50,"{""cell"": [2152, 5], ""error_types"": [""A numerical value was found with a value of greater than > 10 stds from the mean""], ""cell_value"": """", ""record_value"": """"}"
0,2026-01-29 19:50:50,"{""cell"": [2154, 5], ""error_types"": [""A numerical value was found with a value of greater than > 10 stds from the mean""], ""cell_value"": """", ""record_value"": """"}"
0,2026-01-29 19:50:50,"{""cell"": [2157, 5], ""error_types"": [""A numerical value was found with a value of greater than > 10 stds from the mean""], ""cell_value"": """", ""record_value"": """"}"
0,2026-01-29 19:50:50,"{""cell"": [2163, 5], ""error_types"": [""A numerical value was found with a value of greater than > 10 stds from the mean""], ""cell_value"": """", ""record_value"": """"}"
0,2026-01-29 19:50:50,"{""cell"": [2170, 5], ""error_types"": [""A numerical value was found with a value of greater than > 10 stds from the mean""], ""cell_value"": """", ""record_value"": """"}"
0,2026-01-29 19:50:50,"{""cell"": [2171, 5], ""error_types"": [""A numerical value was found with a value of greater than > 10 stds from the mean""], ""cell_value"": """", ""record_value"": """"}"
0,2026-01-29 19:50:50,"{""cell"": [2173, 5], ""error_types"": [""A numerical value was found with a value of greater than > 10 stds from the mean""], ""cell_value"": """", ""record_value"": """"}"
0,2026-01-29 19:50:50,"{""cell"": [2174, 5], ""error_types"": [""A numerical value was found with a value of greater than > 10 stds from the mean""], ""cell_value"": """", ""record_value"": """"}"
0,2026-01-29 19:50:50,"{""cell"": [2179, 5], ""error_types"": [""A numerical value was found with a value of greater than > 10 stds from the mean""], ""cell_value"": """", ""record_value"": """"}"
0,2026-01-29 19:50:50,"{""cell"": [2184, 5], ""error_types"": [""A numerical value was found with a value of greater than > 10 stds from the mean""], ""cell_value"": """", ""record_value"": """"}"
0,2026-01-29 19:50:50,"{""cell"": [2186, 5], ""error_types"": [""A numerical value was found with a value of greater than > 10 stds from the mean""], ""cell_value"": """", ""record_value"": """"}"
0,2026-01-29 19:50:50,"{""cell"": [2190, 5], ""error_types"": [""A numerical value was found with a value of greater than > 10 stds from the mean""], ""cell_value"": """", ""record_value"": """"}"
0,2026-01-29 19:50:50,"{""cell"": [2197, 5], ""error_types"": [""A numerical value was found with a value of greater than > 10 stds from the mean""], ""cell_value"": """", ""record_value"": """"}"
0,2026-01-29 19:50:50,"{""cell"": [2204, 5], ""error_types"": [""A numerical value was found with a value of greater than > 10 stds from the mean""], ""cell_value"": """", ""record_value"": """"}"
0,2026-01-29 19:50:50,"{""cell"": [2208, 5], ""error_types"": [""A numerical value was found with a value of greater than > 10 stds from the mean""], ""cell_value"": """", ""record_value"": """"}"
0,2026-01-29 19:50:50,"{""cell"": [2212, 5], ""error_types"": [""A numerical value was found with a value of greater than > 10 stds from the mean""], ""cell_value"": """", ""record_value"": """"}"
0,2026-01-29 19:50:50,"{""cell"": [2216, 5], ""error_types"": [""A numerical value was found with a value of greater than > 10 stds from the mean""], ""cell_value"": """", ""record_value"": """"}"
0,2026-01-29 19:50:50,"{""cell"": [2217, 5], ""error_types"": [""A numerical value was found with a value of greater than > 10 stds from the mean""], ""cell_value"": """", ""record_value"": """"}"
0,2026-01-29 19:50:50,"{""cell"": [2218, 5], ""error_types"": [""A numerical value was found with a value of greater than > 10 stds from the mean""], ""cell_value"": """", ""record_value"": """"}"
0,2026-01-29 19:50:50,"{""cell"": [2220, 5], ""error_types"": [""A numerical value was found with a value of greater than > 10 stds from the mean""], ""cell_value"": """", ""record_value"": """"}"
0,2026-01-29 19:50:50,"{""cell"": [2222, 5], ""error_types"": [""A numerical value was found with a value of greater than > 10 stds from the mean""], ""cell_value"": """", ""record_value"": """"}"
0,2026-01-29 19:50:50,"{""cell"": [2225, 5], ""error_types"": [""A numerical value was found with a value of greater than > 10 stds from the mean""], ""cell_value"": """", ""record_value"": """"}"
0,2026-01-29 19:50:50,"{""cell"": [2226, 5], ""error_types"": [""A numerical value was found with a value of greater than > 10 stds from the mean""], ""cell_value"": """", ""record_value"": """"}"
0,2026-01-29 19:50:50,"{""cell"": [2228, 5], ""error_types"": [""A numerical value was found with a value of greater than > 10 stds from the mean""], ""cell_value"": """", ""record_value"": """"}"
0,2026-01-29 19:50:50,"{""cell"": [2236, 5], ""error_types"": [""A numerical value was found with a value of greater than > 10 stds from the mean""], ""cell_value"": """", ""record_value"": """"}"
0,2026-01-29 19:50:50,"{""cell"": [2237, 5], ""error_types"": [""A numerical value was found with a value of greater than > 10 stds from the mean""], ""cell_value"": """", ""record_value"": """"}"
0,2026-01-29 19:50:50,"{""cell"": [2238, 5], ""error_types"": [""A numerical value was found with a value of greater than > 10 stds from the mean""], ""cell_value"": """", ""record_value"": """"}"
0,2026-01-29 19:50:50,"{""cell"": [2239, 5], ""error_types"": [""A numerical value was found with a value of greater than > 10 stds from the mean""], ""cell_value"": """", ""record_value"": """"}"
0,2026-01-29 19:50:50,"{""cell"": [2244, 5], ""error_types"": [""A numerical value was found with a value of greater than > 10 stds from the mean""], ""cell_value"": """", ""record_value"": """"}"
0,2026-01-29 19:50:50,"{""cell"": [2249, 5], ""error_types"": [""A numerical value was found with a value of greater than > 10 stds from the mean""], ""cell_value"": """", ""record_value"": """"}"
0,2026-01-29 19:50:50,"{""cell"": [2250, 5], ""error_types"": [""A numerical value was found with a value of greater than > 10 stds from the mean""], ""cell_value"": """", ""record_value"": """"}"
0,2026-01-29 19:50:50,"{""cell"": [2254, 5], ""error_types"": [""A numerical value was found with a value of greater than > 10 stds from the mean""], ""cell_value"": """", ""record_value"": """"}"
0,2026-01-29 19:50:50,"{""cell"": [2255, 5], ""error_types"": [""A numerical value was found with a value of greater than > 10 stds from the mean""], ""cell_value"": """", ""record_value"": """"}"
0,2026-01-29 19:50:50,"{""cell"": [2256, 5], ""error_types"": [""A numerical value was found with a value of greater than > 10 stds from the mean""], ""cell_value"": """", ""record_value"": """"}"
0,2026-01-29 19:50:50,"{""cell"": [2258, 5], ""error_types"": [""A numerical value was found with a value of greater than > 10 stds from the mean""], ""cell_value"": """", ""record_value"": """"}"
0,2026-01-29 19:50:50,"{""cell"": [2261, 5], ""error_types"": [""A numerical value was found with a value of greater than > 10 stds from the mean""], ""cell_value"": """", ""record_value"": """"}"
0,2026-01-29 19:50:50,"{""cell"": [2262, 5], ""error_types"": [""A numerical value was found with a value of greater than > 10 stds from the mean""], ""cell_value"": """", ""record_value"": """"}"
0,2026-01-29 19:50:50,"{""cell"": [2264, 5], ""error_types"": [""A numerical value was found with a value of greater than > 10 stds from the mean""], ""cell_value"": """", ""record_value"": """"}"
0,2026-01-29 19:50:50,"{""cell"": [2266, 5], ""error_types"": [""A numerical value was found with a value of greater than > 10 stds from the mean""], ""cell_value"": """", ""record_value"": """"}"
0,2026-01-29 19:50:50,"{""cell"": [2267, 5], ""error_types"": [""A numerical value was found with a value of greater than > 10 stds from the mean""], ""cell_value"": """", ""record_value"": """"}"
0,2026-01-29 19:50:50,"{""cell"": [2272, 5], ""error_types"": [""A numerical value was found with a value of greater than > 10 stds from the mean""], ""cell_value"": """", ""record_value"": """"}"
0,2026-01-29 19:50:50,"{""cell"": [2278, 5], ""error_types"": [""A numerical value was found with a value of greater than > 10 stds from the mean""], ""cell_value"": """", ""record_value"": """"}"
0,2026-01-29 19:50:50,"{""cell"": [2279, 5], ""error_types"": [""A numerical value was found with a value of greater than > 10 stds from the mean""], ""cell_value"": """", ""record_value"": """"}"
0,2026-01-29 19:50:50,"{""cell"": [2284, 5], ""error_types"": [""A numerical value was found with a value of greater than > 10 stds from the mean""], ""cell_value"": """", ""record_value"": """"}"
0,2026-01-29 19:50:50,"{""cell"": [2290, 5], ""error_types"": [""A numerical value was found with a value of greater than > 10 stds from the mean""], ""cell_value"": """", ""record_value"": """"}"
0,2026-01-29 19:50:50,"{""cell"": [2291, 5], ""error_types"": [""A numerical value was found with a value of greater than > 10 stds from the mean""], ""cell_value"": """", ""record_value"": """"}"
0,2026-01-29 19:50:50,"{""cell"": [2297, 5], ""error_types"": [""A numerical value was found with a value of greater than > 10 stds from the mean""], ""cell_value"": """", ""record_value"": """"}"
0,2026-01-29 19:50:50,"{""cell"": [2298, 5], ""error_types"": [""A numerical value was found with a value of greater than > 10 stds from the mean""], ""cell_value"": """", ""record_value"": """"}"
0,2026-01-29 19:50:50,"{""cell"": [2300, 5], ""error_types"": [""A numerical value was found with a value of greater than > 10 stds from the mean""], ""cell_value"": """", ""record_value"": """"}"
0,2026-01-29 19:50:50,"{""cell"": [2308, 5], ""error_types"": [""A numerical value was found with a value of greater than > 10 stds from the mean""], ""cell_value"": """", ""record_value"": """"}"
0,2026-01-29 19:50:50,"{""cell"": [2314, 5], ""error_types"": [""A numerical value was found with a value of greater than > 10 stds from the mean""], ""cell_value"": """", ""record_value"": """"}"
0,2026-01-29 19:50:50,"{""cell"": [2317, 5], ""error_types"": [""A numerical value was found with a value of greater than > 10 stds from the mean""], ""cell_value"": """", ""record_value"": """"}"
0,2026-01-29 19:50:50,"{""cell"": [2319, 5], ""error_types"": [""A numerical value was found with a value of greater than > 10 stds from the mean""], ""cell_value"": """", ""record_value"": """"}"
0,2026-01-29 19:50:50,"{""cell"": [2320, 5], ""error_types"": [""A numerical value was found with a value of greater than > 10 stds from the mean""], ""cell_value"": """", ""record_value"": """"}"
0,2026-01-29 19:50:50,"{""cell"": [2324, 5], ""error_types"": [""A numerical value was found with a value of greater than > 10 stds from the mean""], ""cell_value"": """", ""record_value"": """"}"
0,2026-01-29 19:50:50,"{""cell"": [2325, 5], ""error_types"": [""A numerical value was found with a value of greater than > 10 stds from the mean""], ""cell_value"": """", ""record_value"": """"}"
0,2026-01-29 19:50:50,"{""cell"": [2327, 5], ""error_types"": [""A numerical value was found with a value of greater than > 10 stds from the mean""], ""cell_value"": """", ""record_value"": """"}"
0,2026-01-29 19:50:50,"{""cell"": [2328, 5], ""error_types"": [""A numerical value was found with a value of greater than > 10 stds from the mean""], ""cell_value"": """", ""record_value"": """"}"
0,2026-01-29 19:50:50,"{""cell"": [2334, 5], ""error_types"": [""A numerical value was found with a value of greater than > 10 stds from the mean""], ""cell_value"": """", ""record_value"": """"}"
0,2026-01-29 19:50:50,"{""cell"": [2337, 5], ""error_types"": [""A numerical value was found with a value of greater than > 10 stds from the mean""], ""cell_value"": """", ""record_value"": """"}"
0,2026-01-29 19:50:50,"{""cell"": [2343, 5], ""error_types"": [""A numerical value was found with a value of greater than > 10 stds from the mean""], ""cell_value"": """", ""record_value"": """"}"
0,2026-01-29 19:50:50,"{""cell"": [2345, 5], ""error_types"": [""A numerical value was found with a value of greater than > 10 stds from the mean""], ""cell_value"": """", ""record_value"": """"}"
0,2026-01-29 19:50:50,"{""cell"": [2346, 5], ""error_types"": [""A numerical value was found with a value of greater than > 10 stds from the mean""], ""cell_value"": """", ""record_value"": """"}"
0,2026-01-29 19:50:50,"{""cell"": [2347, 5], ""error_types"": [""A numerical value was found with a value of greater than > 10 stds from the mean""], ""cell_value"": """", ""record_value"": """"}"
0,2026-01-29 19:50:50,"{""cell"": [2348, 5], ""error_types"": [""A numerical value was found with a value of greater than > 10 stds from the mean""], ""cell_value"": """", ""record_value"": """"}"
0,2026-01-29 19:50:50,"{""cell"": [2349, 5], ""error_types"": [""A numerical value was found with a value of greater than > 10 stds from the mean""], ""cell_value"": """", ""record_value"": """"}"
0,2026-01-29 19:50:50,"{""cell"": [2350, 5], ""error_types"": [""A numerical value was found with a value of greater than > 10 stds from the mean""], ""cell_value"": """", ""record_value"": """"}"
0,2026-01-29 19:50:50,"{""cell"": [2351, 5], ""error_types"": [""A numerical value was found with a value of greater than > 10 stds from the mean""], ""cell_value"": """", ""record_value"": """"}"
0,2026-01-29 19:50:50,"{""cell"": [2352, 5], ""error_types"": [""A numerical value was found with a value of greater than > 10 stds from the mean""], ""cell_value"": """", ""record_value"": """"}"
0,2026-01-29 19:50:50,"{""cell"": [2355, 5], ""error_types"": [""A numerical value was found with a value of greater than > 10 stds from the mean""], ""cell_value"": """", ""record_value"": """"}"
0,2026-01-29 19:50:50,"{""cell"": [2366, 5], ""error_types"": [""A numerical value was found with a value of greater than > 10 stds from the mean""], ""cell_value"": """", ""record_value"": """"}"
0,2026-01-29 19:50:50,"{""cell"": [2368, 5], ""error_types"": [""A numerical value was found with a value of greater than > 10 stds from the mean""], ""cell_value"": """", ""record_value"": """"}"
0,2026-01-29 19:50:50,"{""cell"": [2369, 5], ""error_types"": [""A numerical value was found with a value of greater than > 10 stds from the mean""], ""cell_value"": """", ""record_value"": """"}"
0,2026-01-29 19:50:50,"{""cell"": [2370, 5], ""error_types"": [""A numerical value was found with a value of greater than > 10 stds from the mean""], ""cell_value"": """", ""record_value"": """"}"
0,2026-01-29 19:50:50,"{""cell"": [2374, 5], ""error_types"": [""A numerical value was found with a value of greater than > 10 stds from the mean""], ""cell_value"": """", ""record_value"": """"}"
0,2026-01-29 19:50:50,"{""cell"": [2378, 5], ""error_types"": [""A numerical value was found with a value of greater than > 10 stds from the mean""], ""cell_value"": """", ""record_value"": """"}"
0,2026-01-29 19:50:50,"{""cell"": [2379, 5], ""error_types"": [""A numerical value was found with a value of greater than > 10 stds from the mean""], ""cell_value"": """", ""record_value"": """"}"
0,2026-01-29 19:50:50,"{""cell"": [2381, 5], ""error_types"": [""A numerical value was found with a value of greater than > 10 stds from the mean""], ""cell_value"": """", ""record_value"": """"}"
0,2026-01-29 19:50:50,"{""cell"": [2382, 5], ""error_types"": [""A numerical value was found with a value of greater than > 10 stds from the mean""], ""cell_value"": """", ""record_value"": """"}"
0,2026-01-29 19:50:50,"{""cell"": [2385, 5], ""error_types"": [""A numerical value was found with a value of greater than > 10 stds from the mean""], ""cell_value"": """", ""record_value"": """"}"
0,2026-01-29 19:50:50,"{""cell"": [2388, 5], ""error_types"": [""A numerical value was found with a value of greater than > 10 stds from the mean""], ""cell_value"": """", ""record_value"": """"}"
0,2026-01-29 19:50:50,"{""cell"": [2389, 5], ""error_types"": [""A numerical value was found with a value of greater than > 10 stds from the mean""], ""cell_value"": """", ""record_value"": """"}"
0,2026-01-29 19:50:50,"{""cell"": [2390, 5], ""error_types"": [""A numerical value was found with a value of greater than > 10 stds from the mean""], ""cell_value"": """", ""record_value"": """"}"
0,2026-01-29 19:50:50,"{""cell"": [2393, 5], ""error_types"": [""A numerical value was found with a value of greater than > 10 stds from the mean""], ""cell_value"": """", ""record_value"": """"}"
0,2026-01-29 19:50:50,"{""cell"": [2398, 5], ""error_types"": [""A numerical value was found with a value of greater than > 10 stds from the mean""], ""cell_value"": """", ""record_value"": """"}"
0,2026-01-29 19:50:50,"{""cell"": [2402, 5], ""error_types"": [""A numerical value was found with a value of greater than > 10 stds from the mean""], ""cell_value"": """", ""record_value"": """"}"
0,2026-01-29 19:50:50,"{""cell"": [2403, 5], ""error_types"": [""A numerical value was found with a value of greater than > 10 stds from the mean""], ""cell_value"": """", ""record_value"": """"}"
0,2026-01-29 19:50:50,"{""cell"": [2407, 5], ""error_types"": [""A numerical value was found with a value of greater than > 10 stds from the mean""], ""cell_value"": """", ""record_value"": """"}"
0,2026-01-29 19:50:50,"{""cell"": [2408, 5], ""error_types"": [""A numerical value was found with a value of greater than > 10 stds from the mean""], ""cell_value"": """", ""record_value"": """"}"
0,2026-01-29 19:50:50,"{""cell"": [0, 6], ""error_types"": [""A numerical value was found with a value of greater than > 10 stds from the mean""], ""cell_value"": """", ""record_value"": """"}"
0,2026-01-29 19:50:50,"{""cell"": [1, 6], ""error_types"": [""A numerical value was found with a value of greater than > 10 stds from the mean""], ""cell_value"": """", ""record_value"": """"}"
0,2026-01-29 19:50:50,"{""cell"": [2, 6], ""error_types"": [""A numerical value was found with a value of greater than > 10 stds from the mean""], ""cell_value"": """", ""record_value"": """"}"
0,2026-01-29 19:50:50,"{""cell"": [3, 6], ""error_types"": [""A numerical value was found with a value of greater than > 10 stds from the mean""], ""cell_value"": """", ""record_value"": """"}"
0,2026-01-29 19:50:50,"{""cell"": [4, 6], ""error_types"": [""A numerical value was found with a value of greater than > 10 stds from the mean""], ""cell_value"": """", ""record_value"": """"}"
0,2026-01-29 19:50:50,"{""cell"": [5, 6], ""error_types"": [""A numerical value was found with a value of greater than > 10 stds from the mean""], ""cell_value"": """", ""record_value"": """"}"
0,2026-01-29 19:50:50,"{""cell"": [6, 6], ""error_types"": [""A numerical value was found with a value of greater than > 10 stds from the mean""], ""cell_value"": """", ""record_value"": """"}"
0,2026-01-29 19:50:50,"{""cell"": [7, 6], ""error_types"": [""A numerical value was found with a value of greater than > 10 stds from the mean""], ""cell_value"": """", ""record_value"": """"}"
0,2026-01-29 19:50:50,"{""cell"": [8, 6], ""error_types"": [""A numerical value was found with a value of greater than > 10 stds from the mean""], ""cell_value"": """", ""record_value"": """"}"
0,2026-01-29 19:50:50,"{""cell"": [9, 6], ""error_types"": [""A numerical value was found with a value of greater than > 10 stds from the mean""], ""cell_value"": """", ""record_value"": """"}"
0,2026-01-29 19:50:50,"{""cell"": [10, 6], ""error_types"": [""A numerical value was found with a value of greater than > 10 stds from the mean""], ""cell_value"": """", ""record_value"": """"}"
0,2026-01-29 19:50:50,"{""cell"": [11, 6], ""error_types"": [""A numerical value was found with a value of greater than > 10 stds from the mean""], ""cell_value"": """", ""record_value"": """"}"
0,2026-01-29 19:50:50,"{""cell"": [12, 6], ""error_types"": [""A numerical value was found with a value of greater than > 10 stds from the mean""], ""cell_value"": """", ""record_value"": """"}"
0,2026-01-29 19:50:50,"{""cell"": [13, 6], ""error_types"": [""A numerical value was found with a value of greater than > 10 stds from the mean""], ""cell_value"": """", ""record_value"": """"}"
0,2026-01-29 19:50:50,"{""cell"": [15, 6], ""error_types"": [""A numerical value was found with a value of greater than > 10 stds from the mean""], ""cell_value"": """", ""record_value"": """"}"
0,2026-01-29 19:50:50,"{""cell"": [16, 6], ""error_types"": [""A numerical value was found with a value of greater than > 10 stds from the mean""], ""cell_value"": """", ""record_value"": """"}"
0,2026-01-29 19:50:50,"{""cell"": [17, 6], ""error_types"": [""A numerical value was found with a value of greater than > 10 stds from the mean""], ""cell_value"": """", ""record_value"": """"}"
0,2026-01-29 19:50:50,"{""cell"": [18, 6], ""error_types"": [""A numerical value was found with a value of greater than > 10 stds from the mean""], ""cell_value"": """", ""record_value"": """"}"
0,2026-01-29 19:50:50,"{""cell"": [19, 6], ""error_types"": [""A numerical value was found with a value of greater than > 10 stds from the mean""], ""cell_value"": """", ""record_value"": """"}"
0,2026-01-29 19:50:50,"{""cell"": [20, 6], ""error_types"": [""A numerical value was found with a value of greater than > 10 stds from the mean""], ""cell_value"": """", ""record_value"": """"}"
0,2026-01-29 19:50:50,"{""cell"": [23, 6], ""error_types"": [""A numerical value was found with a value of greater than > 10 stds from the mean""], ""cell_value"": """", ""record_value"": """"}"
0,2026-01-29 19:50:50,"{""cell"": [40, 6], ""error_types"": [""A numerical value was found with a value of greater than > 10 stds from the mean""], ""cell_value"": """", ""record_value"": """"}"
0,2026-01-29 19:50:50,"{""cell"": [41, 6], ""error_types"": [""A numerical value was found with a value of greater than > 10 stds from the mean""], ""cell_value"": """", ""record_value"": """"}"
0,2026-01-29 19:50:50,"{""cell"": [44, 6], ""error_types"": [""A numerical value was found with a value of greater than > 10 stds from the mean""], ""cell_value"": """", ""record_value"": """"}"
0,2026-01-29 19:50:50,"{""cell"": [45, 6], ""error_types"": [""A numerical value was found with a value of greater than > 10 stds from the mean""], ""cell_value"": """", ""record_value"": """"}"
0,2026-01-29 19:50:50,"{""cell"": [46, 6], ""error_types"": [""A numerical value was found with a value of greater than > 10 stds from the mean""], ""cell_value"": """", ""record_value"": """"}"
0,2026-01-29 19:50:50,"{""cell"": [47, 6], ""error_types"": [""A numerical value was found with a value of greater than > 10 stds from the mean""], ""cell_value"": """", ""record_value"": """"}"
0,2026-01-29 19:50:50,"{""cell"": [48, 6], ""error_types"": [""A numerical value was found with a value of greater than > 10 stds from the mean""], ""cell_value"": """", ""record_value"": """"}"
0,2026-01-29 19:50:50,"{""cell"": [50, 6], ""error_types"": [""A numerical value was found with a value of greater than > 10 stds from the mean""], ""cell_value"": """", ""record_value"": """"}"
0,2026-01-29 19:50:50,"{""cell"": [52, 6], ""error_types"": [""A numerical value was found with a value of greater than > 10 stds from the mean""], ""cell_value"": """", ""record_value"": """"}"
0,2026-01-29 19:50:50,"{""cell"": [61, 6], ""error_types"": [""A numerical value was found with a value of greater than > 10 stds from the mean""], ""cell_value"": """", ""record_value"": """"}"
0,2026-01-29 19:50:50,"{""cell"": [79, 6], ""error_types"": [""A numerical value was found with a value of greater than > 10 stds from the mean""], ""cell_value"": """", ""record_value"": """"}"
0,2026-01-29 19:50:50,"{""cell"": [90, 6], ""error_types"": [""A numerical value was found with a value of greater than > 10 stds from the mean""], ""cell_value"": """", ""record_value"": """"}"
0,2026-01-29 19:50:50,"{""cell"": [91, 6], ""error_types"": [""A numerical value was found with a value of greater than > 10 stds from the mean""], ""cell_value"": """", ""record_value"": """"}"
0,2026-01-29 19:50:50,"{""cell"": [92, 6], ""error_types"": [""A numerical value was found with a value of greater than > 10 stds from the mean""], ""cell_value"": """", ""record_value"": """"}"
0,2026-01-29 19:50:50,"{""cell"": [93, 6], ""error_types"": [""A numerical value was found with a value of greater than > 10 stds from the mean""], ""cell_value"": """", ""record_value"": """"}"
0,2026-01-29 19:50:50,"{""cell"": [94, 6], ""error_types"": [""A numerical value was found with a value of greater than > 10 stds from the mean""], ""cell_value"": """", ""record_value"": """"}"
0,2026-01-29 19:50:50,"{""cell"": [96, 6], ""error_types"": [""A numerical value was found with a value of greater than > 10 stds from the mean""], ""cell_value"": """", ""record_value"": """"}"
0,2026-01-29 19:50:50,"{""cell"": [97, 6], ""error_types"": [""A numerical value was found with a value of greater than > 10 stds from the mean""], ""cell_value"": """", ""record_value"": """"}"
0,2026-01-29 19:50:50,"{""cell"": [98, 6], ""error_types"": [""A numerical value was found with a value of greater than > 10 stds from the mean""], ""cell_value"": """", ""record_value"": """"}"
0,2026-01-29 19:50:50,"{""cell"": [99, 6], ""error_types"": [""A numerical value was found with a value of greater than > 10 stds from the mean""], ""cell_value"": """", ""record_value"": """"}"
0,2026-01-29 19:50:50,"{""cell"": [100, 6], ""error_types"": [""A numerical value was found with a value of greater than > 10 stds from the mean""], ""cell_value"": """", ""record_value"": """"}"
0,2026-01-29 19:50:50,"{""cell"": [101, 6], ""error_types"": [""A numerical value was found with a value of greater than > 10 stds from the mean""], ""cell_value"": """", ""record_value"": """"}"
0,2026-01-29 19:50:50,"{""cell"": [102, 6], ""error_types"": [""A numerical value was found with a value of greater than > 10 stds from the mean""], ""cell_value"": """", ""record_value"": """"}"
0,2026-01-29 19:50:50,"{""cell"": [103, 6], ""error_types"": [""A numerical value was found with a value of greater than > 10 stds from the mean""], ""cell_value"": """", ""record_value"": """"}"
0,2026-01-29 19:50:50,"{""cell"": [104, 6], ""error_types"": [""A numerical value was found with a value of greater than > 10 stds from the mean""], ""cell_value"": """", ""record_value"": """"}"
0,2026-01-29 19:50:50,"{""cell"": [119, 6], ""error_types"": [""A numerical value was found with a value of greater than > 10 stds from the mean""], ""cell_value"": """", ""record_value"": """"}"
0,2026-01-29 19:50:50,"{""cell"": [120, 6], ""error_types"": [""A numerical value was found with a value of greater than > 10 stds from the mean""], ""cell_value"": """", ""record_value"": """"}"
0,2026-01-29 19:50:50,"{""cell"": [121, 6], ""error_types"": [""A numerical value was found with a value of greater than > 10 stds from the mean""], ""cell_value"": """", ""record_value"": """"}"
0,2026-01-29 19:50:50,"{""cell"": [122, 6], ""error_types"": [""A numerical value was found with a value of greater than > 10 stds from the mean""], ""cell_value"": """", ""record_value"": """"}"
0,2026-01-29 19:50:50,"{""cell"": [123, 6], ""error_types"": [""A numerical value was found with a value of greater than > 10 stds from the mean""], ""cell_value"": """", ""record_value"": """"}"
0,2026-01-29 19:50:50,"{""cell"": [124, 6], ""error_types"": [""A numerical value was found with a value of greater than > 10 stds from the mean""], ""cell_value"": """", ""record_value"": """"}"
0,2026-01-29 19:50:50,"{""cell"": [125, 6], ""error_types"": [""A numerical value was found with a value of greater than > 10 stds from the mean""], ""cell_value"": """", ""record_value"": """"}"
0,2026-01-29 19:50:50,"{""cell"": [126, 6], ""error_types"": [""A numerical value was found with a value of greater than > 10 stds from the mean""], ""cell_value"": """", ""record_value"": """"}"
0,2026-01-29 19:50:50,"{""cell"": [127, 6], ""error_types"": [""A numerical value was found with a value of greater than > 10 stds from the mean""], ""cell_value"": """", ""record_value"": """"}"
0,2026-01-29 19:50:50,"{""cell"": [133, 6], ""error_types"": [""A numerical value was found with a value of greater than > 10 stds from the mean""], ""cell_value"": """", ""record_value"": """"}"
0,2026-01-29 19:50:50,"{""cell"": [141, 6], ""error_types"": [""A numerical value was found with a value of greater than > 10 stds from the mean""], ""cell_value"": """", ""record_value"": """"}"
0,2026-01-29 19:50:50,"{""cell"": [142, 6], ""error_types"": [""A numerical value was found with a value of greater than > 10 stds from the mean""], ""cell_value"": """", ""record_value"": """"}"
0,2026-01-29 19:50:50,"{""cell"": [143, 6], ""error_types"": [""A numerical value was found with a value of greater than > 10 stds from the mean""], ""cell_value"": """", ""record_value"": """"}"
0,2026-01-29 19:50:50,"{""cell"": [152, 6], ""error_types"": [""A numerical value was found with a value of greater than > 10 stds from the mean""], ""cell_value"": """", ""record_value"": """"}"
0,2026-01-29 19:50:50,"{""cell"": [156, 6], ""error_types"": [""A numerical value was found with a value of greater than > 10 stds from the mean""], ""cell_value"": """", ""record_value"": """"}"
0,2026-01-29 19:50:50,"{""cell"": [157, 6], ""error_types"": [""A numerical value was found with a value of greater than > 10 stds from the mean""], ""cell_value"": """", ""record_value"": """"}"
0,2026-01-29 19:50:50,"{""cell"": [158, 6], ""error_types"": [""A numerical value was found with a value of greater than > 10 stds from the mean""], ""cell_value"": """", ""record_value"": """"}"
0,2026-01-29 19:50:50,"{""cell"": [159, 6], ""error_types"": [""A numerical value was found with a value of greater than > 10 stds from the mean""], ""cell_value"": """", ""record_value"": """"}"
0,2026-01-29 19:50:50,"{""cell"": [160, 6], ""error_types"": [""A numerical value was found with a value of greater than > 10 stds from the mean""], ""cell_value"": """", ""record_value"": """"}"
0,2026-01-29 19:50:50,"{""cell"": [161, 6], ""error_types"": [""A numerical value was found with a value of greater than > 10 stds from the mean""], ""cell_value"": """", ""record_value"": """"}"
0,2026-01-29 19:50:50,"{""cell"": [162, 6], ""error_types"": [""A numerical value was found with a value of greater than > 10 stds from the mean""], ""cell_value"": """", ""record_value"": """"}"
0,2026-01-29 19:50:50,"{""cell"": [170, 6], ""error_types"": [""A numerical value was found with a value of greater than > 10 stds from the mean""], ""cell_value"": """", ""record_value"": """"}"
0,2026-01-29 19:50:50,"{""cell"": [173, 6], ""error_types"": [""A numerical value was found with a value of greater than > 10 stds from the mean""], ""cell_value"": """", ""record_value"": """"}"
0,2026-01-29 19:50:50,"{""cell"": [174, 6], ""error_types"": [""A numerical value was found with a value of greater than > 10 stds from the mean""], ""cell_value"": """", ""record_value"": """"}"
0,2026-01-29 19:50:50,"{""cell"": [175, 6], ""error_types"": [""A numerical value was found with a value of greater than > 10 stds from the mean""], ""cell_value"": """", ""record_value"": """"}"
0,2026-01-29 19:50:50,"{""cell"": [176, 6], ""error_types"": [""A numerical value was found with a value of greater than > 10 stds from the mean""], ""cell_value"": """", ""record_value"": """"}"
0,2026-01-29 19:50:50,"{""cell"": [177, 6], ""error_types"": [""A numerical value was found with a value of greater than > 10 stds from the mean""], ""cell_value"": """", ""record_value"": """"}"
0,2026-01-29 19:50:50,"{""cell"": [178, 6], ""error_types"": [""A numerical value was found with a value of greater than > 10 stds from the mean""], ""cell_value"": """", ""record_value"": """"}"
0,2026-01-29 19:50:50,"{""cell"": [182, 6], ""error_types"": [""A numerical value was found with a value of greater than > 10 stds from the mean""], ""cell_value"": """", ""record_value"": """"}"
0,2026-01-29 19:50:50,"{""cell"": [186, 6], ""error_types"": [""A numerical value was found with a value of greater than > 10 stds from the mean""], ""cell_value"": """", ""record_value"": """"}"
0,2026-01-29 19:50:50,"{""cell"": [188, 6], ""error_types"": [""A numerical value was found with a value of greater than > 10 stds from the mean""], ""cell_value"": """", ""record_value"": """"}"
0,2026-01-29 19:50:50,"{""cell"": [193, 6], ""error_types"": [""A numerical value was found with a value of greater than > 10 stds from the mean""], ""cell_value"": """", ""record_value"": """"}"
0,2026-01-29 19:50:50,"{""cell"": [203, 6], ""error_types"": [""A numerical value was found with a value of greater than > 10 stds from the mean""], ""cell_value"": """", ""record_value"": """"}"
0,2026-01-29 19:50:50,"{""cell"": [205, 6], ""error_types"": [""A numerical value was found with a value of greater than > 10 stds from the mean""], ""cell_value"": """", ""record_value"": """"}"
0,2026-01-29 19:50:50,"{""cell"": [206, 6], ""error_types"": [""A numerical value was found with a value of greater than > 10 stds from the mean""], ""cell_value"": """", ""record_value"": """"}"
0,2026-01-29 19:50:50,"{""cell"": [207, 6], ""error_types"": [""A numerical value was found with a value of greater than > 10 stds from the mean""], ""cell_value"": """", ""record_value"": """"}"
0,2026-01-29 19:50:50,"{""cell"": [208, 6], ""error_types"": [""A numerical value was found with a value of greater than > 10 stds from the mean""], ""cell_value"": """", ""record_value"": """"}"
0,2026-01-29 19:50:50,"{""cell"": [217, 6], ""error_types"": [""A numerical value was found with a value of greater than > 10 stds from the mean""], ""cell_value"": """", ""record_value"": """"}"
0,2026-01-29 19:50:50,"{""cell"": [218, 6], ""error_types"": [""A numerical value was found with a value of greater than > 10 stds from the mean""], ""cell_value"": """", ""record_value"": """"}"
0,2026-01-29 19:50:50,"{""cell"": [219, 6], ""error_types"": [""A numerical value was found with a value of greater than > 10 stds from the mean""], ""cell_value"": """", ""record_value"": """"}"
0,2026-01-29 19:50:50,"{""cell"": [220, 6], ""error_types"": [""A numerical value was found with a value of greater than > 10 stds from the mean""], ""cell_value"": """", ""record_value"": """"}"
0,2026-01-29 19:50:50,"{""cell"": [221, 6], ""error_types"": [""A numerical value was found with a value of greater than > 10 stds from the mean""], ""cell_value"": """", ""record_value"": """"}"
0,2026-01-29 19:50:50,"{""cell"": [222, 6], ""error_types"": [""A numerical value was found with a value of greater than > 10 stds from the mean""], ""cell_value"": """", ""record_value"": """"}"
0,2026-01-29 19:50:50,"{""cell"": [224, 6], ""error_types"": [""A numerical value was found with a value of greater than > 10 stds from the mean""], ""cell_value"": """", ""record_value"": """"}"
0,2026-01-29 19:50:50,"{""cell"": [226, 6], ""error_types"": [""A numerical value was found with a value of greater than > 10 stds from the mean""], ""cell_value"": """", ""record_value"": """"}"
0,2026-01-29 19:50:50,"{""cell"": [234, 6], ""error_types"": [""A numerical value was found with a value of greater than > 10 stds from the mean""], ""cell_value"": """", ""record_value"": """"}"
0,2026-01-29 19:50:50,"{""cell"": [235, 6], ""error_types"": [""A numerical value was found with a value of greater than > 10 stds from the mean""], ""cell_value"": """", ""record_value"": """"}"
0,2026-01-29 19:50:50,"{""cell"": [236, 6], ""error_types"": [""A numerical value was found with a value of greater than > 10 stds from the mean""], ""cell_value"": """", ""record_value"": """"}"
0,2026-01-29 19:50:50,"{""cell"": [237, 6], ""error_types"": [""A numerical value was found with a value of greater than > 10 stds from the mean""], ""cell_value"": """", ""record_value"": """"}"
0,2026-01-29 19:50:50,"{""cell"": [238, 6], ""error_types"": [""A numerical value was found with a value of greater than > 10 stds from the mean""], ""cell_value"": """", ""record_value"": """"}"
0,2026-01-29 19:50:50,"{""cell"": [241, 6], ""error_types"": [""A numerical value was found with a value of greater than > 10 stds from the mean""], ""cell_value"": """", ""record_value"": """"}"
0,2026-01-29 19:50:50,"{""cell"": [243, 6], ""error_types"": [""A numerical value was found with a value of greater than > 10 stds from the mean""], ""cell_value"": """", ""record_value"": """"}"
0,2026-01-29 19:50:50,"{""cell"": [244, 6], ""error_types"": [""A numerical value was found with a value of greater than > 10 stds from the mean""], ""cell_value"": """", ""record_value"": """"}"
0,2026-01-29 19:50:50,"{""cell"": [245, 6], ""error_types"": [""A numerical value was found with a value of greater than > 10 stds from the mean""], ""cell_value"": """", ""record_value"": """"}"
0,2026-01-29 19:50:50,"{""cell"": [247, 6], ""error_types"": [""A numerical value was found with a value of greater than > 10 stds from the mean""], ""cell_value"": """", ""record_value"": """"}"
0,2026-01-29 19:50:50,"{""cell"": [248, 6], ""error_types"": [""A numerical value was found with a value of greater than > 10 stds from the mean""], ""cell_value"": """", ""record_value"": """"}"
0,2026-01-29 19:50:50,"{""cell"": [260, 6], ""error_types"": [""A numerical value was found with a value of greater than > 10 stds from the mean""], ""cell_value"": """", ""record_value"": """"}"
0,2026-01-29 19:50:50,"{""cell"": [272, 6], ""error_types"": [""A numerical value was found with a value of greater than > 10 stds from the mean""], ""cell_value"": """", ""record_value"": """"}"
0,2026-01-29 19:50:50,"{""cell"": [273, 6], ""error_types"": [""A numerical value was found with a value of greater than > 10 stds from the mean""], ""cell_value"": """", ""record_value"": """"}"
0,2026-01-29 19:50:50,"{""cell"": [274, 6], ""error_types"": [""A numerical value was found with a value of greater than > 10 stds from the mean""], ""cell_value"": """", ""record_value"": """"}"
0,2026-01-29 19:50:50,"{""cell"": [286, 6], ""error_types"": [""A numerical value was found with a value of greater than > 10 stds from the mean""], ""cell_value"": """", ""record_value"": """"}"
0,2026-01-29 19:50:50,"{""cell"": [289, 6], ""error_types"": [""A numerical value was found with a value of greater than > 10 stds from the mean""], ""cell_value"": """", ""record_value"": """"}"
0,2026-01-29 19:50:50,"{""cell"": [290, 6], ""error_types"": [""A numerical value was found with a value of greater than > 10 stds from the mean""], ""cell_value"": """", ""record_value"": """"}"
0,2026-01-29 19:50:50,"{""cell"": [292, 6], ""error_types"": [""A numerical value was found with a value of greater than > 10 stds from the mean""], ""cell_value"": """", ""record_value"": """"}"
0,2026-01-29 19:50:50,"{""cell"": [293, 6], ""error_types"": [""A numerical value was found with a value of greater than > 10 stds from the mean""], ""cell_value"": """", ""record_value"": """"}"
0,2026-01-29 19:50:50,"{""cell"": [294, 6], ""error_types"": [""A numerical value was found with a value of greater than > 10 stds from the mean""], ""cell_value"": """", ""record_value"": """"}"
0,2026-01-29 19:50:50,"{""cell"": [295, 6], ""error_types"": [""A numerical value was found with a value of greater than > 10 stds from the mean""], ""cell_value"": """", ""record_value"": """"}"
0,2026-01-29 19:50:50,"{""cell"": [296, 6], ""error_types"": [""A numerical value was found with a value of greater than > 10 stds from the mean""], ""cell_value"": """", ""record_value"": """"}"
0,2026-01-29 19:50:50,"{""cell"": [297, 6], ""error_types"": [""A numerical value was found with a value of greater than > 10 stds from the mean""], ""cell_value"": """", ""record_value"": """"}"
0,2026-01-29 19:50:50,"{""cell"": [298, 6], ""error_types"": [""A numerical value was found with a value of greater than > 10 stds from the mean""], ""cell_value"": """", ""record_value"": """"}"
0,2026-01-29 19:50:50,"{""cell"": [299, 6], ""error_types"": [""A numerical value was found with a value of greater than > 10 stds from the mean""], ""cell_value"": """", ""record_value"": """"}"
0,2026-01-29 19:50:50,"{""cell"": [300, 6], ""error_types"": [""A numerical value was found with a value of greater than > 10 stds from the mean""], ""cell_value"": """", ""record_value"": """"}"
0,2026-01-29 19:50:50,"{""cell"": [301, 6], ""error_types"": [""A numerical value was found with a value of greater than > 10 stds from the mean""], ""cell_value"": """", ""record_value"": """"}"
0,2026-01-29 19:50:50,"{""cell"": [302, 6], ""error_types"": [""A numerical value was found with a value of greater than > 10 stds from the mean""], ""cell_value"": """", ""record_value"": """"}"
0,2026-01-29 19:50:50,"{""cell"": [307, 6], ""error_types"": [""A numerical value was found with a value of greater than > 10 stds from the mean""], ""cell_value"": """", ""record_value"": """"}"
0,2026-01-29 19:50:50,"{""cell"": [308, 6], ""error_types"": [""A numerical value was found with a value of greater than > 10 stds from the mean""], ""cell_value"": """", ""record_value"": """"}"
0,2026-01-29 19:50:50,"{""cell"": [315, 6], ""error_types"": [""A numerical value was found with a value of greater than > 10 stds from the mean""], ""cell_value"": """", ""record_value"": """"}"
0,2026-01-29 19:50:50,"{""cell"": [316, 6], ""error_types"": [""A numerical value was found with a value of greater than > 10 stds from the mean""], ""cell_value"": """", ""record_value"": """"}"
0,2026-01-29 19:50:50,"{""cell"": [317, 6], ""error_types"": [""A numerical value was found with a value of greater than > 10 stds from the mean""], ""cell_value"": """", ""record_value"": """"}"
0,2026-01-29 19:50:50,"{""cell"": [318, 6], ""error_types"": [""A numerical value was found with a value of greater than > 10 stds from the mean""], ""cell_value"": """", ""record_value"": """"}"
0,2026-01-29 19:50:50,"{""cell"": [319, 6], ""error_types"": [""A numerical value was found with a value of greater than > 10 stds from the mean""], ""cell_value"": """", ""record_value"": """"}"
0,2026-01-29 19:50:50,"{""cell"": [323, 6], ""error_types"": [""A numerical value was found with a value of greater than > 10 stds from the mean""], ""cell_value"": """", ""record_value"": """"}"
0,2026-01-29 19:50:50,"{""cell"": [324, 6], ""error_types"": [""A numerical value was found with a value of greater than > 10 stds from the mean""], ""cell_value"": """", ""record_value"": """"}"
0,2026-01-29 19:50:50,"{""cell"": [325, 6], ""error_types"": [""A numerical value was found with a value of greater than > 10 stds from the mean""], ""cell_value"": """", ""record_value"": """"}"
0,2026-01-29 19:50:50,"{""cell"": [326, 6], ""error_types"": [""A numerical value was found with a value of greater than > 10 stds from the mean""], ""cell_value"": """", ""record_value"": """"}"
0,2026-01-29 19:50:50,"{""cell"": [327, 6], ""error_types"": [""A numerical value was found with a value of greater than > 10 stds from the mean""], ""cell_value"": """", ""record_value"": """"}"
0,2026-01-29 19:50:50,"{""cell"": [328, 6], ""error_types"": [""A numerical value was found with a value of greater than > 10 stds from the mean""], ""cell_value"": """", ""record_value"": """"}"
0,2026-01-29 19:50:50,"{""cell"": [329, 6], ""error_types"": [""A numerical value was found with a value of greater than > 10 stds from the mean""], ""cell_value"": """", ""record_value"": """"}"
0,2026-01-29 19:50:50,"{""cell"": [330, 6], ""error_types"": [""A numerical value was found with a value of greater than > 10 stds from the mean""], ""cell_value"": """", ""record_value"": """"}"
0,2026-01-29 19:50:50,"{""cell"": [333, 6], ""error_types"": [""A numerical value was found with a value of greater than > 10 stds from the mean""], ""cell_value"": """", ""record_value"": """"}"
0,2026-01-29 19:50:50,"{""cell"": [340, 6], ""error_types"": [""A numerical value was found with a value of greater than > 10 stds from the mean""], ""cell_value"": """", ""record_value"": """"}"
0,2026-01-29 19:50:50,"{""cell"": [341, 6], ""error_types"": [""A numerical value was found with a value of greater than > 10 stds from the mean""], ""cell_value"": """", ""record_value"": """"}"
0,2026-01-29 19:50:50,"{""cell"": [342, 6], ""error_types"": [""A numerical value was found with a value of greater than > 10 stds from the mean""], ""cell_value"": """", ""record_value"": """"}"
0,2026-01-29 19:50:50,"{""cell"": [343, 6], ""error_types"": [""A numerical value was found with a value of greater than > 10 stds from the mean""], ""cell_value"": """", ""record_value"": """"}"
0,2026-01-29 19:50:50,"{""cell"": [345, 6], ""error_types"": [""A numerical value was found with a value of greater than > 10 stds from the mean""], ""cell_value"": """", ""record_value"": """"}"
0,2026-01-29 19:50:50,"{""cell"": [347, 6], ""error_types"": [""A numerical value was found with a value of greater than > 10 stds from the mean""], ""cell_value"": """", ""record_value"": """"}"
0,2026-01-29 19:50:50,"{""cell"": [348, 6], ""error_types"": [""A numerical value was found with a value of greater than > 10 stds from the mean""], ""cell_value"": """", ""record_value"": """"}"
0,2026-01-29 19:50:50,"{""cell"": [349, 6], ""error_types"": [""A numerical value was found with a value of greater than > 10 stds from the mean""], ""cell_value"": """", ""record_value"": """"}"
0,2026-01-29 19:50:50,"{""cell"": [350, 6], ""error_types"": [""A numerical value was found with a value of greater than > 10 stds from the mean""], ""cell_value"": """", ""record_value"": """"}"
0,2026-01-29 19:50:50,"{""cell"": [351, 6], ""error_types"": [""A numerical value was found with a value of greater than > 10 stds from the mean""], ""cell_value"": """", ""record_value"": """"}"
0,2026-01-29 19:50:50,"{""cell"": [352, 6], ""error_types"": [""A numerical value was found with a value of greater than > 10 stds from the mean""], ""cell_value"": """", ""record_value"": """"}"
0,2026-01-29 19:50:50,"{""cell"": [357, 6], ""error_types"": [""A numerical value was found with a value of greater than > 10 stds from the mean""], ""cell_value"": """", ""record_value"": """"}"
0,2026-01-29 19:50:50,"{""cell"": [358, 6], ""error_types"": [""A numerical value was found with a value of greater than > 10 stds from the mean""], ""cell_value"": """", ""record_value"": """"}"
0,2026-01-29 19:50:50,"{""cell"": [368, 6], ""error_types"": [""A numerical value was found with a value of greater than > 10 stds from the mean""], ""cell_value"": """", ""record_value"": """"}"
0,2026-01-29 19:50:50,"{""cell"": [369, 6], ""error_types"": [""A numerical value was found with a value of greater than > 10 stds from the mean""], ""cell_value"": """", ""record_value"": """"}"
0,2026-01-29 19:50:50,"{""cell"": [370, 6], ""error_types"": [""A numerical value was found with a value of greater than > 10 stds from the mean""], ""cell_value"": """", ""record_value"": """"}"
0,2026-01-29 19:50:50,"{""cell"": [375, 6], ""error_types"": [""A numerical value was found with a value of greater than > 10 stds from the mean""], ""cell_value"": """", ""record_value"": """"}"
0,2026-01-29 19:50:50,"{""cell"": [377, 6], ""error_types"": [""A numerical value was found with a value of greater than > 10 stds from the mean""], ""cell_value"": """", ""record_value"": """"}"
0,2026-01-29 19:50:50,"{""cell"": [382, 6], ""error_types"": [""A numerical value was found with a value of greater than > 10 stds from the mean""], ""cell_value"": """", ""record_value"": """"}"
0,2026-01-29 19:50:50,"{""cell"": [386, 6], ""error_types"": [""A numerical value was found with a value of greater than > 10 stds from the mean""], ""cell_value"": """", ""record_value"": """"}"
0,2026-01-29 19:50:50,"{""cell"": [387, 6], ""error_types"": [""A numerical value was found with a value of greater than > 10 stds from the mean""], ""cell_value"": """", ""record_value"": """"}"
0,2026-01-29 19:50:50,"{""cell"": [388, 6], ""error_types"": [""A numerical value was found with a value of greater than > 10 stds from the mean""], ""cell_value"": """", ""record_value"": """"}"
0,2026-01-29 19:50:50,"{""cell"": [389, 6], ""error_types"": [""A numerical value was found with a value of greater than > 10 stds from the mean""], ""cell_value"": """", ""record_value"": """"}"
0,2026-01-29 19:50:50,"{""cell"": [390, 6], ""error_types"": [""A numerical value was found with a value of greater than > 10 stds from the mean""], ""cell_value"": """", ""record_value"": """"}"
0,2026-01-29 19:50:50,"{""cell"": [391, 6], ""error_types"": [""A numerical value was found with a value of greater than > 10 stds from the mean""], ""cell_value"": """", ""record_value"": """"}"
0,2026-01-29 19:50:50,"{""cell"": [392, 6], ""error_types"": [""A numerical value was found with a value of greater than > 10 stds from the mean""], ""cell_value"": """", ""record_value"": """"}"
0,2026-01-29 19:50:50,"{""cell"": [393, 6], ""error_types"": [""A numerical value was found with a value of greater than > 10 stds from the mean""], ""cell_value"": """", ""record_value"": """"}"
0,2026-01-29 19:50:50,"{""cell"": [394, 6], ""error_types"": [""A numerical value was found with a value of greater than > 10 stds from the mean""], ""cell_value"": """", ""record_value"": """"}"
0,2026-01-29 19:50:50,"{""cell"": [395, 6], ""error_types"": [""A numerical value was found with a value of greater than > 10 stds from the mean""], ""cell_value"": """", ""record_value"": """"}"
0,2026-01-29 19:50:50,"{""cell"": [396, 6], ""error_types"": [""A numerical value was found with a value of greater than > 10 stds from the mean""], ""cell_value"": """", ""record_value"": """"}"
0,2026-01-29 19:50:50,"{""cell"": [397, 6], ""error_types"": [""A numerical value was found with a value of greater than > 10 stds from the mean""], ""cell_value"": """", ""record_value"": """"}"
0,2026-01-29 19:50:50,"{""cell"": [398, 6], ""error_types"": [""A numerical value was found with a value of greater than > 10 stds from the mean""], ""cell_value"": """", ""record_value"": """"}"
0,2026-01-29 19:50:50,"{""cell"": [399, 6], ""error_types"": [""A numerical value was found with a value of greater than > 10 stds from the mean""], ""cell_value"": """", ""record_value"": """"}"
0,2026-01-29 19:50:50,"{""cell"": [400, 6], ""error_types"": [""A numerical value was found with a value of greater than > 10 stds from the mean""], ""cell_value"": """", ""record_value"": """"}"
0,2026-01-29 19:50:50,"{""cell"": [401, 6], ""error_types"": [""A numerical value was found with a value of greater than > 10 stds from the mean""], ""cell_value"": """", ""record_value"": """"}"
0,2026-01-29 19:50:50,"{""cell"": [402, 6], ""error_types"": [""A numerical value was found with a value of greater than > 10 stds from the mean""], ""cell_value"": """", ""record_value"": """"}"
0,2026-01-29 19:50:50,"{""cell"": [403, 6], ""error_types"": [""A numerical value was found with a value of greater than > 10 stds from the mean""], ""cell_value"": """", ""record_value"": """"}"
0,2026-01-29 19:50:50,"{""cell"": [404, 6], ""error_types"": [""A numerical value was found with a value of greater than > 10 stds from the mean""], ""cell_value"": """", ""record_value"": """"}"
0,2026-01-29 19:50:50,"{""cell"": [405, 6], ""error_types"": [""A numerical value was found with a value of greater than > 10 stds from the mean""], ""cell_value"": """", ""record_value"": """"}"
0,2026-01-29 19:50:50,"{""cell"": [406, 6], ""error_types"": [""A numerical value was found with a value of greater than > 10 stds from the mean""], ""cell_value"": """", ""record_value"": """"}"
0,2026-01-29 19:50:50,"{""cell"": [407, 6], ""error_types"": [""A numerical value was found with a value of greater than > 10 stds from the mean""], ""cell_value"": """", ""record_value"": """"}"
0,2026-01-29 19:50:50,"{""cell"": [408, 6], ""error_types"": [""A numerical value was found with a value of greater than > 10 stds from the mean""], ""cell_value"": """", ""record_value"": """"}"
0,2026-01-29 19:50:50,"{""cell"": [409, 6], ""error_types"": [""A numerical value was found with a value of greater than > 10 stds from the mean""], ""cell_value"": """", ""record_value"": """"}"
0,2026-01-29 19:50:50,"{""cell"": [410, 6], ""error_types"": [""A numerical value was found with a value of greater than > 10 stds from the mean""], ""cell_value"": """", ""record_value"": """"}"
0,2026-01-29 19:50:50,"{""cell"": [411, 6], ""error_types"": [""A numerical value was found with a value of greater than > 10 stds from the mean""], ""cell_value"": """", ""record_value"": """"}"
0,2026-01-29 19:50:50,"{""cell"": [412, 6], ""error_types"": [""A numerical value was found with a value of greater than > 10 stds from the mean""], ""cell_value"": """", ""record_value"": """"}"
0,2026-01-29 19:50:50,"{""cell"": [413, 6], ""error_types"": [""A numerical value was found with a value of greater than > 10 stds from the mean""], ""cell_value"": """", ""record_value"": """"}"
0,2026-01-29 19:50:50,"{""cell"": [414, 6], ""error_types"": [""A numerical value was found with a value of greater than > 10 stds from the mean""], ""cell_value"": """", ""record_value"": """"}"
0,2026-01-29 19:50:50,"{""cell"": [415, 6], ""error_types"": [""A numerical value was found with a value of greater than > 10 stds from the mean""], ""cell_value"": """", ""record_value"": """"}"
0,2026-01-29 19:50:50,"{""cell"": [416, 6], ""error_types"": [""A numerical value was found with a value of greater than > 10 stds from the mean""], ""cell_value"": """", ""record_value"": """"}"
0,2026-01-29 19:50:50,"{""cell"": [417, 6], ""error_types"": [""A numerical value was found with a value of greater than > 10 stds from the mean""], ""cell_value"": """", ""record_value"": """"}"
0,2026-01-29 19:50:50,"{""cell"": [418, 6], ""error_types"": [""A numerical value was found with a value of greater than > 10 stds from the mean""], ""cell_value"": """", ""record_value"": """"}"
0,2026-01-29 19:50:50,"{""cell"": [419, 6], ""error_types"": [""A numerical value was found with a value of greater than > 10 stds from the mean""], ""cell_value"": """", ""record_value"": """"}"
0,2026-01-29 19:50:50,"{""cell"": [420, 6], ""error_types"": [""A numerical value was found with a value of greater than > 10 stds from the mean""], ""cell_value"": """", ""record_value"": """"}"
0,2026-01-29 19:50:50,"{""cell"": [421, 6], ""error_types"": [""A numerical value was found with a value of greater than > 10 stds from the mean""], ""cell_value"": """", ""record_value"": """"}"
0,2026-01-29 19:50:50,"{""cell"": [422, 6], ""error_types"": [""A numerical value was found with a value of greater than > 10 stds from the mean""], ""cell_value"": """", ""record_value"": """"}"
0,2026-01-29 19:50:50,"{""cell"": [423, 6], ""error_types"": [""A numerical value was found with a value of greater than > 10 stds from the mean""], ""cell_value"": """", ""record_value"": """"}"
0,2026-01-29 19:50:50,"{""cell"": [424, 6], ""error_types"": [""A numerical value was found with a value of greater than > 10 stds from the mean""], ""cell_value"": """", ""record_value"": """"}"
0,2026-01-29 19:50:50,"{""cell"": [425, 6], ""error_types"": [""A numerical value was found with a value of greater than > 10 stds from the mean""], ""cell_value"": """", ""record_value"": """"}"
0,2026-01-29 19:50:50,"{""cell"": [426, 6], ""error_types"": [""A numerical value was found with a value of greater than > 10 stds from the mean""], ""cell_value"": """", ""record_value"": """"}"
0,2026-01-29 19:50:50,"{""cell"": [427, 6], ""error_types"": [""A numerical value was found with a value of greater than > 10 stds from the mean""], ""cell_value"": """", ""record_value"": """"}"
0,2026-01-29 19:50:50,"{""cell"": [428, 6], ""error_types"": [""A numerical value was found with a value of greater than > 10 stds from the mean""], ""cell_value"": """", ""record_value"": """"}"
0,2026-01-29 19:50:50,"{""cell"": [429, 6], ""error_types"": [""A numerical value was found with a value of greater than > 10 stds from the mean""], ""cell_value"": """", ""record_value"": """"}"
0,2026-01-29 19:50:50,"{""cell"": [430, 6], ""error_types"": [""A numerical value was found with a value of greater than > 10 stds from the mean""], ""cell_value"": """", ""record_value"": """"}"
0,2026-01-29 19:50:50,"{""cell"": [431, 6], ""error_types"": [""A numerical value was found with a value of greater than > 10 stds from the mean""], ""cell_value"": """", ""record_value"": """"}"
0,2026-01-29 19:50:50,"{""cell"": [432, 6], ""error_types"": [""A numerical value was found with a value of greater than > 10 stds from the mean""], ""cell_value"": """", ""record_value"": """"}"
0,2026-01-29 19:50:50,"{""cell"": [433, 6], ""error_types"": [""A numerical value was found with a value of greater than > 10 stds from the mean""], ""cell_value"": """", ""record_value"": """"}"
0,2026-01-29 19:50:50,"{""cell"": [434, 6], ""error_types"": [""A numerical value was found with a value of greater than > 10 stds from the mean""], ""cell_value"": """", ""record_value"": """"}"
0,2026-01-29 19:50:50,"{""cell"": [435, 6], ""error_types"": [""A numerical value was found with a value of greater than > 10 stds from the mean""], ""cell_value"": """", ""record_value"": """"}"
0,2026-01-29 19:50:50,"{""cell"": [436, 6], ""error_types"": [""A numerical value was found with a value of greater than > 10 stds from the mean""], ""cell_value"": """", ""record_value"": """"}"
0,2026-01-29 19:50:50,"{""cell"": [437, 6], ""error_types"": [""A numerical value was found with a value of greater than > 10 stds from the mean""], ""cell_value"": """", ""record_value"": """"}"
0,2026-01-29 19:50:50,"{""cell"": [438, 6], ""error_types"": [""A numerical value was found with a value of greater than > 10 stds from the mean""], ""cell_value"": """", ""record_value"": """"}"
0,2026-01-29 19:50:50,"{""cell"": [439, 6], ""error_types"": [""A numerical value was found with a value of greater than > 10 stds from the mean""], ""cell_value"": """", ""record_value"": """"}"
0,2026-01-29 19:50:50,"{""cell"": [440, 6], ""error_types"": [""A numerical value was found with a value of greater than > 10 stds from the mean""], ""cell_value"": """", ""record_value"": """"}"
0,2026-01-29 19:50:50,"{""cell"": [441, 6], ""error_types"": [""A numerical value was found with a value of greater than > 10 stds from the mean""], ""cell_value"": """", ""record_value"": """"}"
0,2026-01-29 19:50:50,"{""cell"": [442, 6], ""error_types"": [""A numerical value was found with a value of greater than > 10 stds from the mean""], ""cell_value"": """", ""record_value"": """"}"
0,2026-01-29 19:50:50,"{""cell"": [443, 6], ""error_types"": [""A numerical value was found with a value of greater than > 10 stds from the mean""], ""cell_value"": """", ""record_value"": """"}"
0,2026-01-29 19:50:50,"{""cell"": [444, 6], ""error_types"": [""A numerical value was found with a value of greater than > 10 stds from the mean""], ""cell_value"": """", ""record_value"": """"}"
0,2026-01-29 19:50:50,"{""cell"": [445, 6], ""error_types"": [""A numerical value was found with a value of greater than > 10 stds from the mean""], ""cell_value"": """", ""record_value"": """"}"
0,2026-01-29 19:50:50,"{""cell"": [446, 6], ""error_types"": [""A numerical value was found with a value of greater than > 10 stds from the mean""], ""cell_value"": """", ""record_value"": """"}"
0,2026-01-29 19:50:50,"{""cell"": [447, 6], ""error_types"": [""A numerical value was found with a value of greater than > 10 stds from the mean""], ""cell_value"": """", ""record_value"": """"}"
0,2026-01-29 19:50:50,"{""cell"": [448, 6], ""error_types"": [""A numerical value was found with a value of greater than > 10 stds from the mean""], ""cell_value"": """", ""record_value"": """"}"
0,2026-01-29 19:50:50,"{""cell"": [449, 6], ""error_types"": [""A numerical value was found with a value of greater than > 10 stds from the mean""], ""cell_value"": """", ""record_value"": """"}"
0,2026-01-29 19:50:50,"{""cell"": [450, 6], ""error_types"": [""A numerical value was found with a value of greater than > 10 stds from the mean""], ""cell_value"": """", ""record_value"": """"}"
0,2026-01-29 19:50:50,"{""cell"": [451, 6], ""error_types"": [""A numerical value was found with a value of greater than > 10 stds from the mean""], ""cell_value"": """", ""record_value"": """"}"
0,2026-01-29 19:50:50,"{""cell"": [452, 6], ""error_types"": [""A numerical value was found with a value of greater than > 10 stds from the mean""], ""cell_value"": """", ""record_value"": """"}"
0,2026-01-29 19:50:50,"{""cell"": [455, 6], ""error_types"": [""A numerical value was found with a value of greater than > 10 stds from the mean""], ""cell_value"": """", ""record_value"": """"}"
0,2026-01-29 19:50:50,"{""cell"": [458, 6], ""error_types"": [""A numerical value was found with a value of greater than > 10 stds from the mean""], ""cell_value"": """", ""record_value"": """"}"
0,2026-01-29 19:50:50,"{""cell"": [460, 6], ""error_types"": [""A numerical value was found with a value of greater than > 10 stds from the mean""], ""cell_value"": """", ""record_value"": """"}"
0,2026-01-29 19:50:50,"{""cell"": [461, 6], ""error_types"": [""A numerical value was found with a value of greater than > 10 stds from the mean""], ""cell_value"": """", ""record_value"": """"}"
0,2026-01-29 19:50:50,"{""cell"": [462, 6], ""error_types"": [""A numerical value was found with a value of greater than > 10 stds from the mean""], ""cell_value"": """", ""record_value"": """"}"
0,2026-01-29 19:50:50,"{""cell"": [463, 6], ""error_types"": [""A numerical value was found with a value of greater than > 10 stds from the mean""], ""cell_value"": """", ""record_value"": """"}"
0,2026-01-29 19:50:50,"{""cell"": [464, 6], ""error_types"": [""A numerical value was found with a value of greater than > 10 stds from the mean""], ""cell_value"": """", ""record_value"": """"}"
0,2026-01-29 19:50:50,"{""cell"": [466, 6], ""error_types"": [""A numerical value was found with a value of greater than > 10 stds from the mean""], ""cell_value"": """", ""record_value"": """"}"
0,2026-01-29 19:50:50,"{""cell"": [470, 6], ""error_types"": [""A numerical value was found with a value of greater than > 10 stds from the mean""], ""cell_value"": """", ""record_value"": """"}"
0,2026-01-29 19:50:50,"{""cell"": [471, 6], ""error_types"": [""A numerical value was found with a value of greater than > 10 stds from the mean""], ""cell_value"": """", ""record_value"": """"}"
0,2026-01-29 19:50:50,"{""cell"": [475, 6], ""error_types"": [""A numerical value was found with a value of greater than > 10 stds from the mean""], ""cell_value"": """", ""record_value"": """"}"
0,2026-01-29 19:50:50,"{""cell"": [476, 6], ""error_types"": [""A numerical value was found with a value of greater than > 10 stds from the mean""], ""cell_value"": """", ""record_value"": """"}"
0,2026-01-29 19:50:50,"{""cell"": [477, 6], ""error_types"": [""A numerical value was found with a value of greater than > 10 stds from the mean""], ""cell_value"": """", ""record_value"": """"}"
0,2026-01-29 19:50:50,"{""cell"": [480, 6], ""error_types"": [""A numerical value was found with a value of greater than > 10 stds from the mean""], ""cell_value"": """", ""record_value"": """"}"
0,2026-01-29 19:50:50,"{""cell"": [481, 6], ""error_types"": [""A numerical value was found with a value of greater than > 10 stds from the mean""], ""cell_value"": """", ""record_value"": """"}"
0,2026-01-29 19:50:50,"{""cell"": [484, 6], ""error_types"": [""A numerical value was found with a value of greater than > 10 stds from the mean""], ""cell_value"": """", ""record_value"": """"}"
0,2026-01-29 19:50:50,"{""cell"": [488, 6], ""error_types"": [""A numerical value was found with a value of greater than > 10 stds from the mean""], ""cell_value"": """", ""record_value"": """"}"
0,2026-01-29 19:50:50,"{""cell"": [489, 6], ""error_types"": [""A numerical value was found with a value of greater than > 10 stds from the mean""], ""cell_value"": """", ""record_value"": """"}"
0,2026-01-29 19:50:50,"{""cell"": [490, 6], ""error_types"": [""A numerical value was found with a value of greater than > 10 stds from the mean""], ""cell_value"": """", ""record_value"": """"}"
0,2026-01-29 19:50:50,"{""cell"": [491, 6], ""error_types"": [""A numerical value was found with a value of greater than > 10 stds from the mean""], ""cell_value"": """", ""record_value"": """"}"
0,2026-01-29 19:50:50,"{""cell"": [492, 6], ""error_types"": [""A numerical value was found with a value of greater than > 10 stds from the mean""], ""cell_value"": """", ""record_value"": """"}"
0,2026-01-29 19:50:50,"{""cell"": [493, 6], ""error_types"": [""A numerical value was found with a value of greater than > 10 stds from the mean""], ""cell_value"": """", ""record_value"": """"}"
0,2026-01-29 19:50:50,"{""cell"": [494, 6], ""error_types"": [""A numerical value was found with a value of greater than > 10 stds from the mean""], ""cell_value"": """", ""record_value"": """"}"
0,2026-01-29 19:50:50,"{""cell"": [495, 6], ""error_types"": [""A numerical value was found with a value of greater than > 10 stds from the mean""], ""cell_value"": """", ""record_value"": """"}"
0,2026-01-29 19:50:50,"{""cell"": [496, 6], ""error_types"": [""A numerical value was found with a value of greater than > 10 stds from the mean""], ""cell_value"": """", ""record_value"": """"}"
0,2026-01-29 19:50:50,"{""cell"": [497, 6], ""error_types"": [""A numerical value was found with a value of greater than > 10 stds from the mean""], ""cell_value"": """", ""record_value"": """"}"
0,2026-01-29 19:50:50,"{""cell"": [498, 6], ""error_types"": [""A numerical value was found with a value of greater than > 10 stds from the mean""], ""cell_value"": """", ""record_value"": """"}"
0,2026-01-29 19:50:50,"{""cell"": [505, 6], ""error_types"": [""A numerical value was found with a value of greater than > 10 stds from the mean""], ""cell_value"": """", ""record_value"": """"}"
0,2026-01-29 19:50:50,"{""cell"": [518, 6], ""error_types"": [""A numerical value was found with a value of greater than > 10 stds from the mean""], ""cell_value"": """", ""record_value"": """"}"
0,2026-01-29 19:50:50,"{""cell"": [519, 6], ""error_types"": [""A numerical value was found with a value of greater than > 10 stds from the mean""], ""cell_value"": """", ""record_value"": """"}"
0,2026-01-29 19:50:50,"{""cell"": [520, 6], ""error_types"": [""A numerical value was found with a value of greater than > 10 stds from the mean""], ""cell_value"": """", ""record_value"": """"}"
0,2026-01-29 19:50:50,"{""cell"": [521, 6], ""error_types"": [""A numerical value was found with a value of greater than > 10 stds from the mean""], ""cell_value"": """", ""record_value"": """"}"
0,2026-01-29 19:50:50,"{""cell"": [522, 6], ""error_types"": [""A numerical value was found with a value of greater than > 10 stds from the mean""], ""cell_value"": """", ""record_value"": """"}"
0,2026-01-29 19:50:50,"{""cell"": [523, 6], ""error_types"": [""A numerical value was found with a value of greater than > 10 stds from the mean""], ""cell_value"": """", ""record_value"": """"}"
0,2026-01-29 19:50:50,"{""cell"": [537, 6], ""error_types"": [""A numerical value was found with a value of greater than > 10 stds from the mean""], ""cell_value"": """", ""record_value"": """"}"
0,2026-01-29 19:50:50,"{""cell"": [538, 6], ""error_types"": [""A numerical value was found with a value of greater than > 10 stds from the mean""], ""cell_value"": """", ""record_value"": """"}"
0,2026-01-29 19:50:50,"{""cell"": [539, 6], ""error_types"": [""A numerical value was found with a value of greater than > 10 stds from the mean""], ""cell_value"": """", ""record_value"": """"}"
0,2026-01-29 19:50:50,"{""cell"": [540, 6], ""error_types"": [""A numerical value was found with a value of greater than > 10 stds from the mean""], ""cell_value"": """", ""record_value"": """"}"
0,2026-01-29 19:50:50,"{""cell"": [541, 6], ""error_types"": [""A numerical value was found with a value of greater than > 10 stds from the mean""], ""cell_value"": """", ""record_value"": """"}"
0,2026-01-29 19:50:50,"{""cell"": [542, 6], ""error_types"": [""A numerical value was found with a value of greater than > 10 stds from the mean""], ""cell_value"": """", ""record_value"": """"}"
0,2026-01-29 19:50:50,"{""cell"": [543, 6], ""error_types"": [""A numerical value was found with a value of greater than > 10 stds from the mean""], ""cell_value"": """", ""record_value"": """"}"
0,2026-01-29 19:50:50,"{""cell"": [544, 6], ""error_types"": [""A numerical value was found with a value of greater than > 10 stds from the mean""], ""cell_value"": """", ""record_value"": """"}"
0,2026-01-29 19:50:50,"{""cell"": [546, 6], ""error_types"": [""A numerical value was found with a value of greater than > 10 stds from the mean""], ""cell_value"": """", ""record_value"": """"}"
0,2026-01-29 19:50:50,"{""cell"": [547, 6], ""error_types"": [""A numerical value was found with a value of greater than > 10 stds from the mean""], ""cell_value"": """", ""record_value"": """"}"
0,2026-01-29 19:50:50,"{""cell"": [552, 6], ""error_types"": [""A numerical value was found with a value of greater than > 10 stds from the mean""], ""cell_value"": """", ""record_value"": """"}"
0,2026-01-29 19:50:50,"{""cell"": [553, 6], ""error_types"": [""A numerical value was found with a value of greater than > 10 stds from the mean""], ""cell_value"": """", ""record_value"": """"}"
0,2026-01-29 19:50:50,"{""cell"": [554, 6], ""error_types"": [""A numerical value was found with a value of greater than > 10 stds from the mean""], ""cell_value"": """", ""record_value"": """"}"
0,2026-01-29 19:50:50,"{""cell"": [555, 6], ""error_types"": [""A numerical value was found with a value of greater than > 10 stds from the mean""], ""cell_value"": """", ""record_value"": """"}"
0,2026-01-29 19:50:50,"{""cell"": [556, 6], ""error_types"": [""A numerical value was found with a value of greater than > 10 stds from the mean""], ""cell_value"": """", ""record_value"": """"}"
0,2026-01-29 19:50:50,"{""cell"": [557, 6], ""error_types"": [""A numerical value was found with a value of greater than > 10 stds from the mean""], ""cell_value"": """", ""record_value"": """"}"
0,2026-01-29 19:50:50,"{""cell"": [558, 6], ""error_types"": [""A numerical value was found with a value of greater than > 10 stds from the mean""], ""cell_value"": """", ""record_value"": """"}"
0,2026-01-29 19:50:50,"{""cell"": [559, 6], ""error_types"": [""A numerical value was found with a value of greater than > 10 stds from the mean""], ""cell_value"": """", ""record_value"": """"}"
0,2026-01-29 19:50:50,"{""cell"": [560, 6], ""error_types"": [""A numerical value was found with a value of greater than > 10 stds from the mean""], ""cell_value"": """", ""record_value"": """"}"
0,2026-01-29 19:50:50,"{""cell"": [563, 6], ""error_types"": [""A numerical value was found with a value of greater than > 10 stds from the mean""], ""cell_value"": """", ""record_value"": """"}"
0,2026-01-29 19:50:50,"{""cell"": [564, 6], ""error_types"": [""A numerical value was found with a value of greater than > 10 stds from the mean""], ""cell_value"": """", ""record_value"": """"}"
0,2026-01-29 19:50:50,"{""cell"": [566, 6], ""error_types"": [""A numerical value was found with a value of greater than > 10 stds from the mean""], ""cell_value"": """", ""record_value"": """"}"
0,2026-01-29 19:50:50,"{""cell"": [571, 6], ""error_types"": [""A numerical value was found with a value of greater than > 10 stds from the mean""], ""cell_value"": """", ""record_value"": """"}"
0,2026-01-29 19:50:50,"{""cell"": [572, 6], ""error_types"": [""A numerical value was found with a value of greater than > 10 stds from the mean""], ""cell_value"": """", ""record_value"": """"}"
0,2026-01-29 19:50:50,"{""cell"": [581, 6], ""error_types"": [""A numerical value was found with a value of greater than > 10 stds from the mean""], ""cell_value"": """", ""record_value"": """"}"
0,2026-01-29 19:50:50,"{""cell"": [585, 6], ""error_types"": [""A numerical value was found with a value of greater than > 10 stds from the mean""], ""cell_value"": """", ""record_value"": """"}"
0,2026-01-29 19:50:50,"{""cell"": [588, 6], ""error_types"": [""A numerical value was found with a value of greater than > 10 stds from the mean""], ""cell_value"": """", ""record_value"": """"}"
0,2026-01-29 19:50:50,"{""cell"": [593, 6], ""error_types"": [""A numerical value was found with a value of greater than > 10 stds from the mean""], ""cell_value"": """", ""record_value"": """"}"
0,2026-01-29 19:50:50,"{""cell"": [596, 6], ""error_types"": [""A numerical value was found with a value of greater than > 10 stds from the mean""], ""cell_value"": """", ""record_value"": """"}"
0,2026-01-29 19:50:50,"{""cell"": [597, 6], ""error_types"": [""A numerical value was found with a value of greater than > 10 stds from the mean""], ""cell_value"": """", ""record_value"": """"}"
0,2026-01-29 19:50:50,"{""cell"": [601, 6], ""error_types"": [""A numerical value was found with a value of greater than > 10 stds from the mean""], ""cell_value"": """", ""record_value"": """"}"
0,2026-01-29 19:50:50,"{""cell"": [602, 6], ""error_types"": [""A numerical value was found with a value of greater than > 10 stds from the mean""], ""cell_value"": """", ""record_value"": """"}"
0,2026-01-29 19:50:50,"{""cell"": [603, 6], ""error_types"": [""A numerical value was found with a value of greater than > 10 stds from the mean""], ""cell_value"": """", ""record_value"": """"}"
0,2026-01-29 19:50:50,"{""cell"": [604, 6], ""error_types"": [""A numerical value was found with a value of greater than > 10 stds from the mean""], ""cell_value"": """", ""record_value"": """"}"
0,2026-01-29 19:50:50,"{""cell"": [607, 6], ""error_types"": [""A numerical value was found with a value of greater than > 10 stds from the mean""], ""cell_value"": """", ""record_value"": """"}"
0,2026-01-29 19:50:50,"{""cell"": [611, 6], ""error_types"": [""A numerical value was found with a value of greater than > 10 stds from the mean""], ""cell_value"": """", ""record_value"": """"}"
0,2026-01-29 19:50:50,"{""cell"": [612, 6], ""error_types"": [""A numerical value was found with a value of greater than > 10 stds from the mean""], ""cell_value"": """", ""record_value"": """"}"
0,2026-01-29 19:50:50,"{""cell"": [616, 6], ""error_types"": [""A numerical value was found with a value of greater than > 10 stds from the mean""], ""cell_value"": """", ""record_value"": """"}"
0,2026-01-29 19:50:50,"{""cell"": [619, 6], ""error_types"": [""A numerical value was found with a value of greater than > 10 stds from the mean""], ""cell_value"": """", ""record_value"": """"}"
0,2026-01-29 19:50:50,"{""cell"": [623, 6], ""error_types"": [""A numerical value was found with a value of greater than > 10 stds from the mean""], ""cell_value"": """", ""record_value"": """"}"
0,2026-01-29 19:50:50,"{""cell"": [624, 6], ""error_types"": [""A numerical value was found with a value of greater than > 10 stds from the mean""], ""cell_value"": """", ""record_value"": """"}"
0,2026-01-29 19:50:50,"{""cell"": [625, 6], ""error_types"": [""A numerical value was found with a value of greater than > 10 stds from the mean""], ""cell_value"": """", ""record_value"": """"}"
0,2026-01-29 19:50:50,"{""cell"": [626, 6], ""error_types"": [""A numerical value was found with a value of greater than > 10 stds from the mean""], ""cell_value"": """", ""record_value"": """"}"
0,2026-01-29 19:50:50,"{""cell"": [627, 6], ""error_types"": [""A numerical value was found with a value of greater than > 10 stds from the mean""], ""cell_value"": """", ""record_value"": """"}"
0,2026-01-29 19:50:50,"{""cell"": [628, 6], ""error_types"": [""A numerical value was found with a value of greater than > 10 stds from the mean""], ""cell_value"": """", ""record_value"": """"}"
0,2026-01-29 19:50:50,"{""cell"": [629, 6], ""error_types"": [""A numerical value was found with a value of greater than > 10 stds from the mean""], ""cell_value"": """", ""record_value"": """"}"
0,2026-01-29 19:50:50,"{""cell"": [639, 6], ""error_types"": [""A numerical value was found with a value of greater than > 10 stds from the mean""], ""cell_value"": """", ""record_value"": """"}"
0,2026-01-29 19:50:50,"{""cell"": [643, 6], ""error_types"": [""A numerical value was found with a value of greater than > 10 stds from the mean""], ""cell_value"": """", ""record_value"": """"}"
0,2026-01-29 19:50:50,"{""cell"": [644, 6], ""error_types"": [""A numerical value was found with a value of greater than > 10 stds from the mean""], ""cell_value"": """", ""record_value"": """"}"
0,2026-01-29 19:50:50,"{""cell"": [645, 6], ""error_types"": [""A numerical value was found with a value of greater than > 10 stds from the mean""], ""cell_value"": """", ""record_value"": """"}"
0,2026-01-29 19:50:50,"{""cell"": [646, 6], ""error_types"": [""A numerical value was found with a value of greater than > 10 stds from the mean""], ""cell_value"": """", ""record_value"": """"}"
0,2026-01-29 19:50:50,"{""cell"": [647, 6], ""error_types"": [""A numerical value was found with a value of greater than > 10 stds from the mean""], ""cell_value"": """", ""record_value"": """"}"
0,2026-01-29 19:50:50,"{""cell"": [648, 6], ""error_types"": [""A numerical value was found with a value of greater than > 10 stds from the mean""], ""cell_value"": """", ""record_value"": """"}"
0,2026-01-29 19:50:50,"{""cell"": [649, 6], ""error_types"": [""A numerical value was found with a value of greater than > 10 stds from the mean""], ""cell_value"": """", ""record_value"": """"}"
0,2026-01-29 19:50:50,"{""cell"": [654, 6], ""error_types"": [""A numerical value was found with a value of greater than > 10 stds from the mean""], ""cell_value"": """", ""record_value"": """"}"
0,2026-01-29 19:50:50,"{""cell"": [655, 6], ""error_types"": [""A numerical value was found with a value of greater than > 10 stds from the mean""], ""cell_value"": """", ""record_value"": """"}"
0,2026-01-29 19:50:50,"{""cell"": [656, 6], ""error_types"": [""A numerical value was found with a value of greater than > 10 stds from the mean""], ""cell_value"": """", ""record_value"": """"}"
0,2026-01-29 19:50:50,"{""cell"": [658, 6], ""error_types"": [""A numerical value was found with a value of greater than > 10 stds from the mean""], ""cell_value"": """", ""record_value"": """"}"
0,2026-01-29 19:50:50,"{""cell"": [661, 6], ""error_types"": [""A numerical value was found with a value of greater than > 10 stds from the mean""], ""cell_value"": """", ""record_value"": """"}"
0,2026-01-29 19:50:50,"{""cell"": [663, 6], ""error_types"": [""A numerical value was found with a value of greater than > 10 stds from the mean""], ""cell_value"": """", ""record_value"": """"}"
0,2026-01-29 19:50:50,"{""cell"": [664, 6], ""error_types"": [""A numerical value was found with a value of greater than > 10 stds from the mean""], ""cell_value"": """", ""record_value"": """"}"
0,2026-01-29 19:50:50,"{""cell"": [665, 6], ""error_types"": [""A numerical value was found with a value of greater than > 10 stds from the mean""], ""cell_value"": """", ""record_value"": """"}"
0,2026-01-29 19:50:50,"{""cell"": [666, 6], ""error_types"": [""A numerical value was found with a value of greater than > 10 stds from the mean""], ""cell_value"": """", ""record_value"": """"}"
0,2026-01-29 19:50:50,"{""cell"": [667, 6], ""error_types"": [""A numerical value was found with a value of greater than > 10 stds from the mean""], ""cell_value"": """", ""record_value"": """"}"
0,2026-01-29 19:50:50,"{""cell"": [668, 6], ""error_types"": [""A numerical value was found with a value of greater than > 10 stds from the mean""], ""cell_value"": """", ""record_value"": """"}"
0,2026-01-29 19:50:50,"{""cell"": [669, 6], ""error_types"": [""A numerical value was found with a value of greater than > 10 stds from the mean""], ""cell_value"": """", ""record_value"": """"}"
0,2026-01-29 19:50:50,"{""cell"": [670, 6], ""error_types"": [""A numerical value was found with a value of greater than > 10 stds from the mean""], ""cell_value"": """", ""record_value"": """"}"
0,2026-01-29 19:50:50,"{""cell"": [671, 6], ""error_types"": [""A numerical value was found with a value of greater than > 10 stds from the mean""], ""cell_value"": """", ""record_value"": """"}"
0,2026-01-29 19:50:50,"{""cell"": [674, 6], ""error_types"": [""A numerical value was found with a value of greater than > 10 stds from the mean""], ""cell_value"": """", ""record_value"": """"}"
0,2026-01-29 19:50:50,"{""cell"": [675, 6], ""error_types"": [""A numerical value was found with a value of greater than > 10 stds from the mean""], ""cell_value"": """", ""record_value"": """"}"
0,2026-01-29 19:50:50,"{""cell"": [676, 6], ""error_types"": [""A numerical value was found with a value of greater than > 10 stds from the mean""], ""cell_value"": """", ""record_value"": """"}"
0,2026-01-29 19:50:50,"{""cell"": [677, 6], ""error_types"": [""A numerical value was found with a value of greater than > 10 stds from the mean""], ""cell_value"": """", ""record_value"": """"}"
0,2026-01-29 19:50:50,"{""cell"": [678, 6], ""error_types"": [""A numerical value was found with a value of greater than > 10 stds from the mean""], ""cell_value"": """", ""record_value"": """"}"
0,2026-01-29 19:50:50,"{""cell"": [679, 6], ""error_types"": [""A numerical value was found with a value of greater than > 10 stds from the mean""], ""cell_value"": """", ""record_value"": """"}"
0,2026-01-29 19:50:50,"{""cell"": [680, 6], ""error_types"": [""A numerical value was found with a value of greater than > 10 stds from the mean""], ""cell_value"": """", ""record_value"": """"}"
0,2026-01-29 19:50:50,"{""cell"": [683, 6], ""error_types"": [""A numerical value was found with a value of greater than > 10 stds from the mean""], ""cell_value"": """", ""record_value"": """"}"
0,2026-01-29 19:50:50,"{""cell"": [686, 6], ""error_types"": [""A numerical value was found with a value of greater than > 10 stds from the mean""], ""cell_value"": """", ""record_value"": """"}"
0,2026-01-29 19:50:50,"{""cell"": [687, 6], ""error_types"": [""A numerical value was found with a value of greater than > 10 stds from the mean""], ""cell_value"": """", ""record_value"": """"}"
0,2026-01-29 19:50:50,"{""cell"": [688, 6], ""error_types"": [""A numerical value was found with a value of greater than > 10 stds from the mean""], ""cell_value"": """", ""record_value"": """"}"
0,2026-01-29 19:50:50,"{""cell"": [689, 6], ""error_types"": [""A numerical value was found with a value of greater than > 10 stds from the mean""], ""cell_value"": """", ""record_value"": """"}"
0,2026-01-29 19:50:50,"{""cell"": [690, 6], ""error_types"": [""A numerical value was found with a value of greater than > 10 stds from the mean""], ""cell_value"": """", ""record_value"": """"}"
0,2026-01-29 19:50:50,"{""cell"": [691, 6], ""error_types"": [""A numerical value was found with a value of greater than > 10 stds from the mean""], ""cell_value"": """", ""record_value"": """"}"
0,2026-01-29 19:50:50,"{""cell"": [692, 6], ""error_types"": [""A numerical value was found with a value of greater than > 10 stds from the mean""], ""cell_value"": """", ""record_value"": """"}"
0,2026-01-29 19:50:50,"{""cell"": [693, 6], ""error_types"": [""A numerical value was found with a value of greater than > 10 stds from the mean""], ""cell_value"": """", ""record_value"": """"}"
0,2026-01-29 19:50:50,"{""cell"": [695, 6], ""error_types"": [""A numerical value was found with a value of greater than > 10 stds from the mean""], ""cell_value"": """", ""record_value"": """"}"
0,2026-01-29 19:50:50,"{""cell"": [698, 6], ""error_types"": [""A numerical value was found with a value of greater than > 10 stds from the mean""], ""cell_value"": """", ""record_value"": """"}"
0,2026-01-29 19:50:50,"{""cell"": [699, 6], ""error_types"": [""A numerical value was found with a value of greater than > 10 stds from the mean""], ""cell_value"": """", ""record_value"": """"}"
0,2026-01-29 19:50:50,"{""cell"": [701, 6], ""error_types"": [""A numerical value was found with a value of greater than > 10 stds from the mean""], ""cell_value"": """", ""record_value"": """"}"
0,2026-01-29 19:50:50,"{""cell"": [710, 6], ""error_types"": [""A numerical value was found with a value of greater than > 10 stds from the mean""], ""cell_value"": """", ""record_value"": """"}"
0,2026-01-29 19:50:50,"{""cell"": [711, 6], ""error_types"": [""A numerical value was found with a value of greater than > 10 stds from the mean""], ""cell_value"": """", ""record_value"": """"}"
0,2026-01-29 19:50:50,"{""cell"": [717, 6], ""error_types"": [""A numerical value was found with a value of greater than > 10 stds from the mean""], ""cell_value"": """", ""record_value"": """"}"
0,2026-01-29 19:50:50,"{""cell"": [723, 6], ""error_types"": [""A numerical value was found with a value of greater than > 10 stds from the mean""], ""cell_value"": """", ""record_value"": """"}"
0,2026-01-29 19:50:50,"{""cell"": [726, 6], ""error_types"": [""A numerical value was found with a value of greater than > 10 stds from the mean""], ""cell_value"": """", ""record_value"": """"}"
0,2026-01-29 19:50:50,"{""cell"": [728, 6], ""error_types"": [""A numerical value was found with a value of greater than > 10 stds from the mean""], ""cell_value"": """", ""record_value"": """"}"
0,2026-01-29 19:50:50,"{""cell"": [729, 6], ""error_types"": [""A numerical value was found with a value of greater than > 10 stds from the mean""], ""cell_value"": """", ""record_value"": """"}"
0,2026-01-29 19:50:50,"{""cell"": [730, 6], ""error_types"": [""A numerical value was found with a value of greater than > 10 stds from the mean""], ""cell_value"": """", ""record_value"": """"}"
0,2026-01-29 19:50:50,"{""cell"": [731, 6], ""error_types"": [""A numerical value was found with a value of greater than > 10 stds from the mean""], ""cell_value"": """", ""record_value"": """"}"
0,2026-01-29 19:50:50,"{""cell"": [732, 6], ""error_types"": [""A numerical value was found with a value of greater than > 10 stds from the mean""], ""cell_value"": """", ""record_value"": """"}"
0,2026-01-29 19:50:50,"{""cell"": [733, 6], ""error_types"": [""A numerical value was found with a value of greater than > 10 stds from the mean""], ""cell_value"": """", ""record_value"": """"}"
0,2026-01-29 19:50:50,"{""cell"": [734, 6], ""error_types"": [""A numerical value was found with a value of greater than > 10 stds from the mean""], ""cell_value"": """", ""record_value"": """"}"
0,2026-01-29 19:50:50,"{""cell"": [735, 6], ""error_types"": [""A numerical value was found with a value of greater than > 10 stds from the mean""], ""cell_value"": """", ""record_value"": """"}"
0,2026-01-29 19:50:50,"{""cell"": [736, 6], ""error_types"": [""A numerical value was found with a value of greater than > 10 stds from the mean""], ""cell_value"": """", ""record_value"": """"}"
0,2026-01-29 19:50:50,"{""cell"": [743, 6], ""error_types"": [""A numerical value was found with a value of greater than > 10 stds from the mean""], ""cell_value"": """", ""record_value"": """"}"
0,2026-01-29 19:50:50,"{""cell"": [745, 6], ""error_types"": [""A numerical value was found with a value of greater than > 10 stds from the mean""], ""cell_value"": """", ""record_value"": """"}"
0,2026-01-29 19:50:50,"{""cell"": [746, 6], ""error_types"": [""A numerical value was found with a value of greater than > 10 stds from the mean""], ""cell_value"": """", ""record_value"": """"}"
0,2026-01-29 19:50:50,"{""cell"": [747, 6], ""error_types"": [""A numerical value was found with a value of greater than > 10 stds from the mean""], ""cell_value"": """", ""record_value"": """"}"
0,2026-01-29 19:50:50,"{""cell"": [748, 6], ""error_types"": [""A numerical value was found with a value of greater than > 10 stds from the mean""], ""cell_value"": """", ""record_value"": """"}"
0,2026-01-29 19:50:50,"{""cell"": [750, 6], ""error_types"": [""A numerical value was found with a value of greater than > 10 stds from the mean""], ""cell_value"": """", ""record_value"": """"}"
0,2026-01-29 19:50:50,"{""cell"": [752, 6], ""error_types"": [""A numerical value was found with a value of greater than > 10 stds from the mean""], ""cell_value"": """", ""record_value"": """"}"
0,2026-01-29 19:50:50,"{""cell"": [753, 6], ""error_types"": [""A numerical value was found with a value of greater than > 10 stds from the mean""], ""cell_value"": """", ""record_value"": """"}"
0,2026-01-29 19:50:50,"{""cell"": [754, 6], ""error_types"": [""A numerical value was found with a value of greater than > 10 stds from the mean""], ""cell_value"": """", ""record_value"": """"}"
0,2026-01-29 19:50:50,"{""cell"": [755, 6], ""error_types"": [""A numerical value was found with a value of greater than > 10 stds from the mean""], ""cell_value"": """", ""record_value"": """"}"
0,2026-01-29 19:50:50,"{""cell"": [756, 6], ""error_types"": [""A numerical value was found with a value of greater than > 10 stds from the mean""], ""cell_value"": """", ""record_value"": """"}"
0,2026-01-29 19:50:50,"{""cell"": [757, 6], ""error_types"": [""A numerical value was found with a value of greater than > 10 stds from the mean""], ""cell_value"": """", ""record_value"": """"}"
0,2026-01-29 19:50:50,"{""cell"": [762, 6], ""error_types"": [""A numerical value was found with a value of greater than > 10 stds from the mean""], ""cell_value"": """", ""record_value"": """"}"
0,2026-01-29 19:50:50,"{""cell"": [763, 6], ""error_types"": [""A numerical value was found with a value of greater than > 10 stds from the mean""], ""cell_value"": """", ""record_value"": """"}"
0,2026-01-29 19:50:50,"{""cell"": [764, 6], ""error_types"": [""A numerical value was found with a value of greater than > 10 stds from the mean""], ""cell_value"": """", ""record_value"": """"}"
0,2026-01-29 19:50:50,"{""cell"": [766, 6], ""error_types"": [""A numerical value was found with a value of greater than > 10 stds from the mean""], ""cell_value"": """", ""record_value"": """"}"
0,2026-01-29 19:50:50,"{""cell"": [767, 6], ""error_types"": [""A numerical value was found with a value of greater than > 10 stds from the mean""], ""cell_value"": """", ""record_value"": """"}"
0,2026-01-29 19:50:50,"{""cell"": [768, 6], ""error_types"": [""A numerical value was found with a value of greater than > 10 stds from the mean""], ""cell_value"": """", ""record_value"": """"}"
0,2026-01-29 19:50:50,"{""cell"": [769, 6], ""error_types"": [""A numerical value was found with a value of greater than > 10 stds from the mean""], ""cell_value"": """", ""record_value"": """"}"
0,2026-01-29 19:50:50,"{""cell"": [770, 6], ""error_types"": [""A numerical value was found with a value of greater than > 10 stds from the mean""], ""cell_value"": """", ""record_value"": """"}"
0,2026-01-29 19:50:50,"{""cell"": [782, 6], ""error_types"": [""A numerical value was found with a value of greater than > 10 stds from the mean""], ""cell_value"": """", ""record_value"": """"}"
0,2026-01-29 19:50:50,"{""cell"": [783, 6], ""error_types"": [""A numerical value was found with a value of greater than > 10 stds from the mean""], ""cell_value"": """", ""record_value"": """"}"
0,2026-01-29 19:50:50,"{""cell"": [785, 6], ""error_types"": [""A numerical value was found with a value of greater than > 10 stds from the mean""], ""cell_value"": """", ""record_value"": """"}"
0,2026-01-29 19:50:50,"{""cell"": [786, 6], ""error_types"": [""A numerical value was found with a value of greater than > 10 stds from the mean""], ""cell_value"": """", ""record_value"": """"}"
0,2026-01-29 19:50:50,"{""cell"": [787, 6], ""error_types"": [""A numerical value was found with a value of greater than > 10 stds from the mean""], ""cell_value"": """", ""record_value"": """"}"
0,2026-01-29 19:50:50,"{""cell"": [788, 6], ""error_types"": [""A numerical value was found with a value of greater than > 10 stds from the mean""], ""cell_value"": """", ""record_value"": """"}"
0,2026-01-29 19:50:50,"{""cell"": [791, 6], ""error_types"": [""A numerical value was found with a value of greater than > 10 stds from the mean""], ""cell_value"": """", ""record_value"": """"}"
0,2026-01-29 19:50:50,"{""cell"": [794, 6], ""error_types"": [""A numerical value was found with a value of greater than > 10 stds from the mean""], ""cell_value"": """", ""record_value"": """"}"
0,2026-01-29 19:50:50,"{""cell"": [796, 6], ""error_types"": [""A numerical value was found with a value of greater than > 10 stds from the mean""], ""cell_value"": """", ""record_value"": """"}"
0,2026-01-29 19:50:50,"{""cell"": [798, 6], ""error_types"": [""A numerical value was found with a value of greater than > 10 stds from the mean""], ""cell_value"": """", ""record_value"": """"}"
0,2026-01-29 19:50:50,"{""cell"": [800, 6], ""error_types"": [""A numerical value was found with a value of greater than > 10 stds from the mean""], ""cell_value"": """", ""record_value"": """"}"
0,2026-01-29 19:50:50,"{""cell"": [801, 6], ""error_types"": [""A numerical value was found with a value of greater than > 10 stds from the mean""], ""cell_value"": """", ""record_value"": """"}"
0,2026-01-29 19:50:50,"{""cell"": [802, 6], ""error_types"": [""A numerical value was found with a value of greater than > 10 stds from the mean""], ""cell_value"": """", ""record_value"": """"}"
0,2026-01-29 19:50:50,"{""cell"": [803, 6], ""error_types"": [""A numerical value was found with a value of greater than > 10 stds from the mean""], ""cell_value"": """", ""record_value"": """"}"
0,2026-01-29 19:50:50,"{""cell"": [806, 6], ""error_types"": [""A numerical value was found with a value of greater than > 10 stds from the mean""], ""cell_value"": """", ""record_value"": """"}"
0,2026-01-29 19:50:50,"{""cell"": [807, 6], ""error_types"": [""A numerical value was found with a value of greater than > 10 stds from the mean""], ""cell_value"": """", ""record_value"": """"}"
0,2026-01-29 19:50:50,"{""cell"": [809, 6], ""error_types"": [""A numerical value was found with a value of greater than > 10 stds from the mean""], ""cell_value"": """", ""record_value"": """"}"
0,2026-01-29 19:50:50,"{""cell"": [812, 6], ""error_types"": [""A numerical value was found with a value of greater than > 10 stds from the mean""], ""cell_value"": """", ""record_value"": """"}"
0,2026-01-29 19:50:50,"{""cell"": [813, 6], ""error_types"": [""A numerical value was found with a value of greater than > 10 stds from the mean""], ""cell_value"": """", ""record_value"": """"}"
0,2026-01-29 19:50:50,"{""cell"": [816, 6], ""error_types"": [""A numerical value was found with a value of greater than > 10 stds from the mean""], ""cell_value"": """", ""record_value"": """"}"
0,2026-01-29 19:50:50,"{""cell"": [818, 6], ""error_types"": [""A numerical value was found with a value of greater than > 10 stds from the mean""], ""cell_value"": """", ""record_value"": """"}"
0,2026-01-29 19:50:50,"{""cell"": [819, 6], ""error_types"": [""A numerical value was found with a value of greater than > 10 stds from the mean""], ""cell_value"": """", ""record_value"": """"}"
0,2026-01-29 19:50:50,"{""cell"": [820, 6], ""error_types"": [""A numerical value was found with a value of greater than > 10 stds from the mean""], ""cell_value"": """", ""record_value"": """"}"
0,2026-01-29 19:50:50,"{""cell"": [821, 6], ""error_types"": [""A numerical value was found with a value of greater than > 10 stds from the mean""], ""cell_value"": """", ""record_value"": """"}"
0,2026-01-29 19:50:50,"{""cell"": [824, 6], ""error_types"": [""A numerical value was found with a value of greater than > 10 stds from the mean""], ""cell_value"": """", ""record_value"": """"}"
0,2026-01-29 19:50:50,"{""cell"": [825, 6], ""error_types"": [""A numerical value was found with a value of greater than > 10 stds from the mean""], ""cell_value"": """", ""record_value"": """"}"
0,2026-01-29 19:50:50,"{""cell"": [826, 6], ""error_types"": [""A numerical value was found with a value of greater than > 10 stds from the mean""], ""cell_value"": """", ""record_value"": """"}"
0,2026-01-29 19:50:50,"{""cell"": [827, 6], ""error_types"": [""A numerical value was found with a value of greater than > 10 stds from the mean""], ""cell_value"": """", ""record_value"": """"}"
0,2026-01-29 19:50:50,"{""cell"": [828, 6], ""error_types"": [""A numerical value was found with a value of greater than > 10 stds from the mean""], ""cell_value"": """", ""record_value"": """"}"
0,2026-01-29 19:50:50,"{""cell"": [829, 6], ""error_types"": [""A numerical value was found with a value of greater than > 10 stds from the mean""], ""cell_value"": """", ""record_value"": """"}"
0,2026-01-29 19:50:50,"{""cell"": [830, 6], ""error_types"": [""A numerical value was found with a value of greater than > 10 stds from the mean""], ""cell_value"": """", ""record_value"": """"}"
0,2026-01-29 19:50:50,"{""cell"": [831, 6], ""error_types"": [""A numerical value was found with a value of greater than > 10 stds from the mean""], ""cell_value"": """", ""record_value"": """"}"
0,2026-01-29 19:50:50,"{""cell"": [832, 6], ""error_types"": [""A numerical value was found with a value of greater than > 10 stds from the mean""], ""cell_value"": """", ""record_value"": """"}"
0,2026-01-29 19:50:50,"{""cell"": [833, 6], ""error_types"": [""A numerical value was found with a value of greater than > 10 stds from the mean""], ""cell_value"": """", ""record_value"": """"}"
0,2026-01-29 19:50:50,"{""cell"": [834, 6], ""error_types"": [""A numerical value was found with a value of greater than > 10 stds from the mean""], ""cell_value"": """", ""record_value"": """"}"
0,2026-01-29 19:50:50,"{""cell"": [836, 6], ""error_types"": [""A numerical value was found with a value of greater than > 10 stds from the mean""], ""cell_value"": """", ""record_value"": """"}"
0,2026-01-29 19:50:50,"{""cell"": [847, 6], ""error_types"": [""A numerical value was found with a value of greater than > 10 stds from the mean""], ""cell_value"": """", ""record_value"": """"}"
0,2026-01-29 19:50:50,"{""cell"": [848, 6], ""error_types"": [""A numerical value was found with a value of greater than > 10 stds from the mean""], ""cell_value"": """", ""record_value"": """"}"
0,2026-01-29 19:50:50,"{""cell"": [849, 6], ""error_types"": [""A numerical value was found with a value of greater than > 10 stds from the mean""], ""cell_value"": """", ""record_value"": """"}"
0,2026-01-29 19:50:50,"{""cell"": [851, 6], ""error_types"": [""A numerical value was found with a value of greater than > 10 stds from the mean""], ""cell_value"": """", ""record_value"": """"}"
0,2026-01-29 19:50:50,"{""cell"": [854, 6], ""error_types"": [""A numerical value was found with a value of greater than > 10 stds from the mean""], ""cell_value"": """", ""record_value"": """"}"
0,2026-01-29 19:50:50,"{""cell"": [858, 6], ""error_types"": [""A numerical value was found with a value of greater than > 10 stds from the mean""], ""cell_value"": """", ""record_value"": """"}"
0,2026-01-29 19:50:50,"{""cell"": [859, 6], ""error_types"": [""A numerical value was found with a value of greater than > 10 stds from the mean""], ""cell_value"": """", ""record_value"": """"}"
0,2026-01-29 19:50:50,"{""cell"": [863, 6], ""error_types"": [""A numerical value was found with a value of greater than > 10 stds from the mean""], ""cell_value"": """", ""record_value"": """"}"
0,2026-01-29 19:50:50,"{""cell"": [868, 6], ""error_types"": [""A numerical value was found with a value of greater than > 10 stds from the mean""], ""cell_value"": """", ""record_value"": """"}"
0,2026-01-29 19:50:50,"{""cell"": [870, 6], ""error_types"": [""A numerical value was found with a value of greater than > 10 stds from the mean""], ""cell_value"": """", ""record_value"": """"}"
0,2026-01-29 19:50:50,"{""cell"": [874, 6], ""error_types"": [""A numerical value was found with a value of greater than > 10 stds from the mean""], ""cell_value"": """", ""record_value"": """"}"
0,2026-01-29 19:50:50,"{""cell"": [875, 6], ""error_types"": [""A numerical value was found with a value of greater than > 10 stds from the mean""], ""cell_value"": """", ""record_value"": """"}"
0,2026-01-29 19:50:50,"{""cell"": [876, 6], ""error_types"": [""A numerical value was found with a value of greater than > 10 stds from the mean""], ""cell_value"": """", ""record_value"": """"}"
0,2026-01-29 19:50:50,"{""cell"": [885, 6], ""error_types"": [""A numerical value was found with a value of greater than > 10 stds from the mean""], ""cell_value"": """", ""record_value"": """"}"
0,2026-01-29 19:50:50,"{""cell"": [899, 6], ""error_types"": [""A numerical value was found with a value of greater than > 10 stds from the mean""], ""cell_value"": """", ""record_value"": """"}"
0,2026-01-29 19:50:50,"{""cell"": [921, 6], ""error_types"": [""A numerical value was found with a value of greater than > 10 stds from the mean""], ""cell_value"": """", ""record_value"": """"}"
0,2026-01-29 19:50:50,"{""cell"": [922, 6], ""error_types"": [""A numerical value was found with a value of greater than > 10 stds from the mean""], ""cell_value"": """", ""record_value"": """"}"
0,2026-01-29 19:50:50,"{""cell"": [923, 6], ""error_types"": [""A numerical value was found with a value of greater than > 10 stds from the mean""], ""cell_value"": """", ""record_value"": """"}"
0,2026-01-29 19:50:50,"{""cell"": [924, 6], ""error_types"": [""A numerical value was found with a value of greater than > 10 stds from the mean""], ""cell_value"": """", ""record_value"": """"}"
0,2026-01-29 19:50:50,"{""cell"": [948, 6], ""error_types"": [""A numerical value was found with a value of greater than > 10 stds from the mean""], ""cell_value"": """", ""record_value"": """"}"
0,2026-01-29 19:50:50,"{""cell"": [949, 6], ""error_types"": [""A numerical value was found with a value of greater than > 10 stds from the mean""], ""cell_value"": """", ""record_value"": """"}"
0,2026-01-29 19:50:50,"{""cell"": [950, 6], ""error_types"": [""A numerical value was found with a value of greater than > 10 stds from the mean""], ""cell_value"": """", ""record_value"": """"}"
0,2026-01-29 19:50:50,"{""cell"": [951, 6], ""error_types"": [""A numerical value was found with a value of greater than > 10 stds from the mean""], ""cell_value"": """", ""record_value"": """"}"
0,2026-01-29 19:50:50,"{""cell"": [952, 6], ""error_types"": [""A numerical value was found with a value of greater than > 10 stds from the mean""], ""cell_value"": """", ""record_value"": """"}"
0,2026-01-29 19:50:50,"{""cell"": [953, 6], ""error_types"": [""A numerical value was found with a value of greater than > 10 stds from the mean""], ""cell_value"": """", ""record_value"": """"}"
0,2026-01-29 19:50:50,"{""cell"": [955, 6], ""error_types"": [""A numerical value was found with a value of greater than > 10 stds from the mean""], ""cell_value"": """", ""record_value"": """"}"
0,2026-01-29 19:50:50,"{""cell"": [956, 6], ""error_types"": [""A numerical value was found with a value of greater than > 10 stds from the mean""], ""cell_value"": """", ""record_value"": """"}"
0,2026-01-29 19:50:50,"{""cell"": [960, 6], ""error_types"": [""A numerical value was found with a value of greater than > 10 stds from the mean""], ""cell_value"": """", ""record_value"": """"}"
0,2026-01-29 19:50:50,"{""cell"": [963, 6], ""error_types"": [""A numerical value was found with a value of greater than > 10 stds from the mean""], ""cell_value"": """", ""record_value"": """"}"
0,2026-01-29 19:50:50,"{""cell"": [964, 6], ""error_types"": [""A numerical value was found with a value of greater than > 10 stds from the mean""], ""cell_value"": """", ""record_value"": """"}"
0,2026-01-29 19:50:50,"{""cell"": [967, 6], ""error_types"": [""A numerical value was found with a value of greater than > 10 stds from the mean""], ""cell_value"": """", ""record_value"": """"}"
0,2026-01-29 19:50:50,"{""cell"": [982, 6], ""error_types"": [""A numerical value was found with a value of greater than > 10 stds from the mean""], ""cell_value"": """", ""record_value"": """"}"
0,2026-01-29 19:50:50,"{""cell"": [984, 6], ""error_types"": [""A numerical value was found with a value of greater than > 10 stds from the mean""], ""cell_value"": """", ""record_value"": """"}"
0,2026-01-29 19:50:50,"{""cell"": [987, 6], ""error_types"": [""A numerical value was found with a value of greater than > 10 stds from the mean""], ""cell_value"": """", ""record_value"": """"}"
0,2026-01-29 19:50:50,"{""cell"": [992, 6], ""error_types"": [""A numerical value was found with a value of greater than > 10 stds from the mean""], ""cell_value"": """", ""record_value"": """"}"
0,2026-01-29 19:50:50,"{""cell"": [996, 6], ""error_types"": [""A numerical value was found with a value of greater than > 10 stds from the mean""], ""cell_value"": """", ""record_value"": """"}"
0,2026-01-29 19:50:50,"{""cell"": [999, 6], ""error_types"": [""A numerical value was found with a value of greater than > 10 stds from the mean""], ""cell_value"": """", ""record_value"": """"}"
0,2026-01-29 19:50:50,"{""cell"": [1002, 6], ""error_types"": [""A numerical value was found with a value of greater than > 10 stds from the mean""], ""cell_value"": """", ""record_value"": """"}"
0,2026-01-29 19:50:50,"{""cell"": [1003, 6], ""error_types"": [""A numerical value was found with a value of greater than > 10 stds from the mean""], ""cell_value"": """", ""record_value"": """"}"
0,2026-01-29 19:50:50,"{""cell"": [1004, 6], ""error_types"": [""A numerical value was found with a value of greater than > 10 stds from the mean""], ""cell_value"": """", ""record_value"": """"}"
0,2026-01-29 19:50:50,"{""cell"": [1005, 6], ""error_types"": [""A numerical value was found with a value of greater than > 10 stds from the mean""], ""cell_value"": """", ""record_value"": """"}"
0,2026-01-29 19:50:50,"{""cell"": [1006, 6], ""error_types"": [""A numerical value was found with a value of greater than > 10 stds from the mean""], ""cell_value"": """", ""record_value"": """"}"
0,2026-01-29 19:50:50,"{""cell"": [1007, 6], ""error_types"": [""A numerical value was found with a value of greater than > 10 stds from the mean""], ""cell_value"": """", ""record_value"": """"}"
0,2026-01-29 19:50:50,"{""cell"": [1008, 6], ""error_types"": [""A numerical value was found with a value of greater than > 10 stds from the mean""], ""cell_value"": """", ""record_value"": """"}"
0,2026-01-29 19:50:50,"{""cell"": [1009, 6], ""error_types"": [""A numerical value was found with a value of greater than > 10 stds from the mean""], ""cell_value"": """", ""record_value"": """"}"
0,2026-01-29 19:50:50,"{""cell"": [1010, 6], ""error_types"": [""A numerical value was found with a value of greater than > 10 stds from the mean""], ""cell_value"": """", ""record_value"": """"}"
0,2026-01-29 19:50:50,"{""cell"": [1020, 6], ""error_types"": [""A numerical value was found with a value of greater than > 10 stds from the mean""], ""cell_value"": """", ""record_value"": """"}"
0,2026-01-29 19:50:50,"{""cell"": [1030, 6], ""error_types"": [""A numerical value was found with a value of greater than > 10 stds from the mean""], ""cell_value"": """", ""record_value"": """"}"
0,2026-01-29 19:50:50,"{""cell"": [1031, 6], ""error_types"": [""A numerical value was found with a value of greater than > 10 stds from the mean""], ""cell_value"": """", ""record_value"": """"}"
0,2026-01-29 19:50:50,"{""cell"": [1032, 6], ""error_types"": [""A numerical value was found with a value of greater than > 10 stds from the mean""], ""cell_value"": """", ""record_value"": """"}"
0,2026-01-29 19:50:50,"{""cell"": [1033, 6], ""error_types"": [""A numerical value was found with a value of greater than > 10 stds from the mean""], ""cell_value"": """", ""record_value"": """"}"
0,2026-01-29 19:50:50,"{""cell"": [1034, 6], ""error_types"": [""A numerical value was found with a value of greater than > 10 stds from the mean""], ""cell_value"": """", ""record_value"": """"}"
0,2026-01-29 19:50:50,"{""cell"": [1035, 6], ""error_types"": [""A numerical value was found with a value of greater than > 10 stds from the mean""], ""cell_value"": """", ""record_value"": """"}"
0,2026-01-29 19:50:50,"{""cell"": [1036, 6], ""error_types"": [""A numerical value was found with a value of greater than > 10 stds from the mean""], ""cell_value"": """", ""record_value"": """"}"
0,2026-01-29 19:50:50,"{""cell"": [1042, 6], ""error_types"": [""A numerical value was found with a value of greater than > 10 stds from the mean""], ""cell_value"": """", ""record_value"": """"}"
0,2026-01-29 19:50:50,"{""cell"": [1049, 6], ""error_types"": [""A numerical value was found with a value of greater than > 10 stds from the mean""], ""cell_value"": """", ""record_value"": """"}"
0,2026-01-29 19:50:50,"{""cell"": [1050, 6], ""error_types"": [""A numerical value was found with a value of greater than > 10 stds from the mean""], ""cell_value"": """", ""record_value"": """"}"
0,2026-01-29 19:50:50,"{""cell"": [1051, 6], ""error_types"": [""A numerical value was found with a value of greater than > 10 stds from the mean""], ""cell_value"": """", ""record_value"": """"}"
0,2026-01-29 19:50:50,"{""cell"": [1056, 6], ""error_types"": [""A numerical value was found with a value of greater than > 10 stds from the mean""], ""cell_value"": """", ""record_value"": """"}"
0,2026-01-29 19:50:50,"{""cell"": [1068, 6], ""error_types"": [""A numerical value was found with a value of greater than > 10 stds from the mean""], ""cell_value"": """", ""record_value"": """"}"
0,2026-01-29 19:50:50,"{""cell"": [1069, 6], ""error_types"": [""A numerical value was found with a value of greater than > 10 stds from the mean""], ""cell_value"": """", ""record_value"": """"}"
0,2026-01-29 19:50:50,"{""cell"": [1072, 6], ""error_types"": [""A numerical value was found with a value of greater than > 10 stds from the mean""], ""cell_value"": """", ""record_value"": """"}"
0,2026-01-29 19:50:50,"{""cell"": [1073, 6], ""error_types"": [""A numerical value was found with a value of greater than > 10 stds from the mean""], ""cell_value"": """", ""record_value"": """"}"
0,2026-01-29 19:50:50,"{""cell"": [1096, 6], ""error_types"": [""A numerical value was found with a value of greater than > 10 stds from the mean""], ""cell_value"": """", ""record_value"": """"}"
0,2026-01-29 19:50:50,"{""cell"": [1098, 6], ""error_types"": [""A numerical value was found with a value of greater than > 10 stds from the mean""], ""cell_value"": """", ""record_value"": """"}"
0,2026-01-29 19:50:50,"{""cell"": [1099, 6], ""error_types"": [""A numerical value was found with a value of greater than > 10 stds from the mean""], ""cell_value"": """", ""record_value"": """"}"
0,2026-01-29 19:50:50,"{""cell"": [1100, 6], ""error_types"": [""A numerical value was found with a value of greater than > 10 stds from the mean""], ""cell_value"": """", ""record_value"": """"}"
0,2026-01-29 19:50:50,"{""cell"": [1116, 6], ""error_types"": [""A numerical value was found with a value of greater than > 10 stds from the mean""], ""cell_value"": """", ""record_value"": """"}"
0,2026-01-29 19:50:50,"{""cell"": [1117, 6], ""error_types"": [""A numerical value was found with a value of greater than > 10 stds from the mean""], ""cell_value"": """", ""record_value"": """"}"
0,2026-01-29 19:50:50,"{""cell"": [1123, 6], ""error_types"": [""A numerical value was found with a value of greater than > 10 stds from the mean""], ""cell_value"": """", ""record_value"": """"}"
0,2026-01-29 19:50:50,"{""cell"": [1124, 6], ""error_types"": [""A numerical value was found with a value of greater than > 10 stds from the mean""], ""cell_value"": """", ""record_value"": """"}"
0,2026-01-29 19:50:50,"{""cell"": [1126, 6], ""error_types"": [""A numerical value was found with a value of greater than > 10 stds from the mean""], ""cell_value"": """", ""record_value"": """"}"
0,2026-01-29 19:50:50,"{""cell"": [1127, 6], ""error_types"": [""A numerical value was found with a value of greater than > 10 stds from the mean""], ""cell_value"": """", ""record_value"": """"}"
0,2026-01-29 19:50:50,"{""cell"": [1128, 6], ""error_types"": [""A numerical value was found with a value of greater than > 10 stds from the mean""], ""cell_value"": """", ""record_value"": """"}"
0,2026-01-29 19:50:50,"{""cell"": [1129, 6], ""error_types"": [""A numerical value was found with a value of greater than > 10 stds from the mean""], ""cell_value"": """", ""record_value"": """"}"
0,2026-01-29 19:50:50,"{""cell"": [1130, 6], ""error_types"": [""A numerical value was found with a value of greater than > 10 stds from the mean""], ""cell_value"": """", ""record_value"": """"}"
0,2026-01-29 19:50:50,"{""cell"": [1131, 6], ""error_types"": [""A numerical value was found with a value of greater than > 10 stds from the mean""], ""cell_value"": """", ""record_value"": """"}"
0,2026-01-29 19:50:50,"{""cell"": [1132, 6], ""error_types"": [""A numerical value was found with a value of greater than > 10 stds from the mean""], ""cell_value"": """", ""record_value"": """"}"
0,2026-01-29 19:50:50,"{""cell"": [1133, 6], ""error_types"": [""A numerical value was found with a value of greater than > 10 stds from the mean""], ""cell_value"": """", ""record_value"": """"}"
0,2026-01-29 19:50:50,"{""cell"": [1134, 6], ""error_types"": [""A numerical value was found with a value of greater than > 10 stds from the mean""], ""cell_value"": """", ""record_value"": """"}"
0,2026-01-29 19:50:50,"{""cell"": [1135, 6], ""error_types"": [""A numerical value was found with a value of greater than > 10 stds from the mean""], ""cell_value"": """", ""record_value"": """"}"
0,2026-01-29 19:50:50,"{""cell"": [1136, 6], ""error_types"": [""A numerical value was found with a value of greater than > 10 stds from the mean""], ""cell_value"": """", ""record_value"": """"}"
0,2026-01-29 19:50:50,"{""cell"": [1137, 6], ""error_types"": [""A numerical value was found with a value of greater than > 10 stds from the mean""], ""cell_value"": """", ""record_value"": """"}"
0,2026-01-29 19:50:50,"{""cell"": [1142, 6], ""error_types"": [""A numerical value was found with a value of greater than > 10 stds from the mean""], ""cell_value"": """", ""record_value"": """"}"
0,2026-01-29 19:50:50,"{""cell"": [1157, 6], ""error_types"": [""A numerical value was found with a value of greater than > 10 stds from the mean""], ""cell_value"": """", ""record_value"": """"}"
0,2026-01-29 19:50:50,"{""cell"": [1159, 6], ""error_types"": [""A numerical value was found with a value of greater than > 10 stds from the mean""], ""cell_value"": """", ""record_value"": """"}"
0,2026-01-29 19:50:50,"{""cell"": [1160, 6], ""error_types"": [""A numerical value was found with a value of greater than > 10 stds from the mean""], ""cell_value"": """", ""record_value"": """"}"
0,2026-01-29 19:50:50,"{""cell"": [1167, 6], ""error_types"": [""A numerical value was found with a value of greater than > 10 stds from the mean""], ""cell_value"": """", ""record_value"": """"}"
0,2026-01-29 19:50:50,"{""cell"": [1168, 6], ""error_types"": [""A numerical value was found with a value of greater than > 10 stds from the mean""], ""cell_value"": """", ""record_value"": """"}"
0,2026-01-29 19:50:50,"{""cell"": [1169, 6], ""error_types"": [""A numerical value was found with a value of greater than > 10 stds from the mean""], ""cell_value"": """", ""record_value"": """"}"
0,2026-01-29 19:50:50,"{""cell"": [1170, 6], ""error_types"": [""A numerical value was found with a value of greater than > 10 stds from the mean""], ""cell_value"": """", ""record_value"": """"}"
0,2026-01-29 19:50:50,"{""cell"": [1171, 6], ""error_types"": [""A numerical value was found with a value of greater than > 10 stds from the mean""], ""cell_value"": """", ""record_value"": """"}"
0,2026-01-29 19:50:50,"{""cell"": [1172, 6], ""error_types"": [""A numerical value was found with a value of greater than > 10 stds from the mean""], ""cell_value"": """", ""record_value"": """"}"
0,2026-01-29 19:50:50,"{""cell"": [1173, 6], ""error_types"": [""A numerical value was found with a value of greater than > 10 stds from the mean""], ""cell_value"": """", ""record_value"": """"}"
0,2026-01-29 19:50:50,"{""cell"": [1174, 6], ""error_types"": [""A numerical value was found with a value of greater than > 10 stds from the mean""], ""cell_value"": """", ""record_value"": """"}"
0,2026-01-29 19:50:50,"{""cell"": [1175, 6], ""error_types"": [""A numerical value was found with a value of greater than > 10 stds from the mean""], ""cell_value"": """", ""record_value"": """"}"
0,2026-01-29 19:50:50,"{""cell"": [1178, 6], ""error_types"": [""A numerical value was found with a value of greater than > 10 stds from the mean""], ""cell_value"": """", ""record_value"": """"}"
0,2026-01-29 19:50:50,"{""cell"": [1186, 6], ""error_types"": [""A numerical value was found with a value of greater than > 10 stds from the mean""], ""cell_value"": """", ""record_value"": """"}"
0,2026-01-29 19:50:50,"{""cell"": [1191, 6], ""error_types"": [""A numerical value was found with a value of greater than > 10 stds from the mean""], ""cell_value"": """", ""record_value"": """"}"
0,2026-01-29 19:50:50,"{""cell"": [1192, 6], ""error_types"": [""A numerical value was found with a value of greater than > 10 stds from the mean""], ""cell_value"": """", ""record_value"": """"}"
0,2026-01-29 19:50:50,"{""cell"": [1193, 6], ""error_types"": [""A numerical value was found with a value of greater than > 10 stds from the mean""], ""cell_value"": """", ""record_value"": """"}"
0,2026-01-29 19:50:50,"{""cell"": [1194, 6], ""error_types"": [""A numerical value was found with a value of greater than > 10 stds from the mean""], ""cell_value"": """", ""record_value"": """"}"
0,2026-01-29 19:50:50,"{""cell"": [1200, 6], ""error_types"": [""A numerical value was found with a value of greater than > 10 stds from the mean""], ""cell_value"": """", ""record_value"": """"}"
0,2026-01-29 19:50:50,"{""cell"": [1201, 6], ""error_types"": [""A numerical value was found with a value of greater than > 10 stds from the mean""], ""cell_value"": """", ""record_value"": """"}"
0,2026-01-29 19:50:50,"{""cell"": [1202, 6], ""error_types"": [""A numerical value was found with a value of greater than > 10 stds from the mean""], ""cell_value"": """", ""record_value"": """"}"
0,2026-01-29 19:50:50,"{""cell"": [1203, 6], ""error_types"": [""A numerical value was found with a value of greater than > 10 stds from the mean""], ""cell_value"": """", ""record_value"": """"}"
0,2026-01-29 19:50:50,"{""cell"": [1204, 6], ""error_types"": [""A numerical value was found with a value of greater than > 10 stds from the mean""], ""cell_value"": """", ""record_value"": """"}"
0,2026-01-29 19:50:50,"{""cell"": [1205, 6], ""error_types"": [""A numerical value was found with a value of greater than > 10 stds from the mean""], ""cell_value"": """", ""record_value"": """"}"
0,2026-01-29 19:50:50,"{""cell"": [1213, 6], ""error_types"": [""A numerical value was found with a value of greater than > 10 stds from the mean""], ""cell_value"": """", ""record_value"": """"}"
0,2026-01-29 19:50:50,"{""cell"": [1214, 6], ""error_types"": [""A numerical value was found with a value of greater than > 10 stds from the mean""], ""cell_value"": """", ""record_value"": """"}"
0,2026-01-29 19:50:50,"{""cell"": [1225, 6], ""error_types"": [""A numerical value was found with a value of greater than > 10 stds from the mean""], ""cell_value"": """", ""record_value"": """"}"
0,2026-01-29 19:50:50,"{""cell"": [1226, 6], ""error_types"": [""A numerical value was found with a value of greater than > 10 stds from the mean""], ""cell_value"": """", ""record_value"": """"}"
0,2026-01-29 19:50:50,"{""cell"": [1230, 6], ""error_types"": [""A numerical value was found with a value of greater than > 10 stds from the mean""], ""cell_value"": """", ""record_value"": """"}"
0,2026-01-29 19:50:50,"{""cell"": [1231, 6], ""error_types"": [""A numerical value was found with a value of greater than > 10 stds from the mean""], ""cell_value"": """", ""record_value"": """"}"
0,2026-01-29 19:50:50,"{""cell"": [1232, 6], ""error_types"": [""A numerical value was found with a value of greater than > 10 stds from the mean""], ""cell_value"": """", ""record_value"": """"}"
0,2026-01-29 19:50:50,"{""cell"": [1235, 6], ""error_types"": [""A numerical value was found with a value of greater than > 10 stds from the mean""], ""cell_value"": """", ""record_value"": """"}"
0,2026-01-29 19:50:50,"{""cell"": [1237, 6], ""error_types"": [""A numerical value was found with a value of greater than > 10 stds from the mean""], ""cell_value"": """", ""record_value"": """"}"
0,2026-01-29 19:50:50,"{""cell"": [1238, 6], ""error_types"": [""A numerical value was found with a value of greater than > 10 stds from the mean""], ""cell_value"": """", ""record_value"": """"}"
0,2026-01-29 19:50:50,"{""cell"": [1239, 6], ""error_types"": [""A numerical value was found with a value of greater than > 10 stds from the mean""], ""cell_value"": """", ""record_value"": """"}"
0,2026-01-29 19:50:50,"{""cell"": [1241, 6], ""error_types"": [""A numerical value was found with a value of greater than > 10 stds from the mean""], ""cell_value"": """", ""record_value"": """"}"
0,2026-01-29 19:50:50,"{""cell"": [1242, 6], ""error_types"": [""A numerical value was found with a value of greater than > 10 stds from the mean""], ""cell_value"": """", ""record_value"": """"}"
0,2026-01-29 19:50:50,"{""cell"": [1243, 6], ""error_types"": [""A numerical value was found with a value of greater than > 10 stds from the mean""], ""cell_value"": """", ""record_value"": """"}"
0,2026-01-29 19:50:50,"{""cell"": [1245, 6], ""error_types"": [""A numerical value was found with a value of greater than > 10 stds from the mean""], ""cell_value"": """", ""record_value"": """"}"
0,2026-01-29 19:50:50,"{""cell"": [1255, 6], ""error_types"": [""A numerical value was found with a value of greater than > 10 stds from the mean""], ""cell_value"": """", ""record_value"": """"}"
0,2026-01-29 19:50:50,"{""cell"": [1256, 6], ""error_types"": [""A numerical value was found with a value of greater than > 10 stds from the mean""], ""cell_value"": """", ""record_value"": """"}"
0,2026-01-29 19:50:50,"{""cell"": [1257, 6], ""error_types"": [""A numerical value was found with a value of greater than > 10 stds from the mean""], ""cell_value"": """", ""record_value"": """"}"
0,2026-01-29 19:50:50,"{""cell"": [1258, 6], ""error_types"": [""A numerical value was found with a value of greater than > 10 stds from the mean""], ""cell_value"": """", ""record_value"": """"}"
0,2026-01-29 19:50:50,"{""cell"": [1259, 6], ""error_types"": [""A numerical value was found with a value of greater than > 10 stds from the mean""], ""cell_value"": """", ""record_value"": """"}"
0,2026-01-29 19:50:50,"{""cell"": [1260, 6], ""error_types"": [""A numerical value was found with a value of greater than > 10 stds from the mean""], ""cell_value"": """", ""record_value"": """"}"
0,2026-01-29 19:50:50,"{""cell"": [1262, 6], ""error_types"": [""A numerical value was found with a value of greater than > 10 stds from the mean""], ""cell_value"": """", ""record_value"": """"}"
0,2026-01-29 19:50:50,"{""cell"": [1263, 6], ""error_types"": [""A numerical value was found with a value of greater than > 10 stds from the mean""], ""cell_value"": """", ""record_value"": """"}"
0,2026-01-29 19:50:50,"{""cell"": [1273, 6], ""error_types"": [""A numerical value was found with a value of greater than > 10 stds from the mean""], ""cell_value"": """", ""record_value"": """"}"
0,2026-01-29 19:50:50,"{""cell"": [1274, 6], ""error_types"": [""A numerical value was found with a value of greater than > 10 stds from the mean""], ""cell_value"": """", ""record_value"": """"}"
0,2026-01-29 19:50:50,"{""cell"": [1275, 6], ""error_types"": [""A numerical value was found with a value of greater than > 10 stds from the mean""], ""cell_value"": """", ""record_value"": """"}"
0,2026-01-29 19:50:50,"{""cell"": [1276, 6], ""error_types"": [""A numerical value was found with a value of greater than > 10 stds from the mean""], ""cell_value"": """", ""record_value"": """"}"
0,2026-01-29 19:50:50,"{""cell"": [1277, 6], ""error_types"": [""A numerical value was found with a value of greater than > 10 stds from the mean""], ""cell_value"": """", ""record_value"": """"}"
0,2026-01-29 19:50:50,"{""cell"": [1278, 6], ""error_types"": [""A numerical value was found with a value of greater than > 10 stds from the mean""], ""cell_value"": """", ""record_value"": """"}"
0,2026-01-29 19:50:50,"{""cell"": [1279, 6], ""error_types"": [""A numerical value was found with a value of greater than > 10 stds from the mean""], ""cell_value"": """", ""record_value"": """"}"
0,2026-01-29 19:50:50,"{""cell"": [1283, 6], ""error_types"": [""A numerical value was found with a value of greater than > 10 stds from the mean""], ""cell_value"": """", ""record_value"": """"}"
0,2026-01-29 19:50:50,"{""cell"": [1284, 6], ""error_types"": [""A numerical value was found with a value of greater than > 10 stds from the mean""], ""cell_value"": """", ""record_value"": """"}"
0,2026-01-29 19:50:50,"{""cell"": [1285, 6], ""error_types"": [""A numerical value was found with a value of greater than > 10 stds from the mean""], ""cell_value"": """", ""record_value"": """"}"
0,2026-01-29 19:50:50,"{""cell"": [1286, 6], ""error_types"": [""A numerical value was found with a value of greater than > 10 stds from the mean""], ""cell_value"": """", ""record_value"": """"}"
0,2026-01-29 19:50:50,"{""cell"": [1287, 6], ""error_types"": [""A numerical value was found with a value of greater than > 10 stds from the mean""], ""cell_value"": """", ""record_value"": """"}"
0,2026-01-29 19:50:50,"{""cell"": [1289, 6], ""error_types"": [""A numerical value was found with a value of greater than > 10 stds from the mean""], ""cell_value"": """", ""record_value"": """"}"
0,2026-01-29 19:50:50,"{""cell"": [1291, 6], ""error_types"": [""A numerical value was found with a value of greater than > 10 stds from the mean""], ""cell_value"": """", ""record_value"": """"}"
0,2026-01-29 19:50:50,"{""cell"": [1292, 6], ""error_types"": [""A numerical value was found with a value of greater than > 10 stds from the mean""], ""cell_value"": """", ""record_value"": """"}"
0,2026-01-29 19:50:50,"{""cell"": [1293, 6], ""error_types"": [""A numerical value was found with a value of greater than > 10 stds from the mean""], ""cell_value"": """", ""record_value"": """"}"
0,2026-01-29 19:50:50,"{""cell"": [1294, 6], ""error_types"": [""A numerical value was found with a value of greater than > 10 stds from the mean""], ""cell_value"": """", ""record_value"": """"}"
0,2026-01-29 19:50:50,"{""cell"": [1295, 6], ""error_types"": [""A numerical value was found with a value of greater than > 10 stds from the mean""], ""cell_value"": """", ""record_value"": """"}"
0,2026-01-29 19:50:50,"{""cell"": [1297, 6], ""error_types"": [""A numerical value was found with a value of greater than > 10 stds from the mean""], ""cell_value"": """", ""record_value"": """"}"
0,2026-01-29 19:50:50,"{""cell"": [1298, 6], ""error_types"": [""A numerical value was found with a value of greater than > 10 stds from the mean""], ""cell_value"": """", ""record_value"": """"}"
0,2026-01-29 19:50:50,"{""cell"": [1299, 6], ""error_types"": [""A numerical value was found with a value of greater than > 10 stds from the mean""], ""cell_value"": """", ""record_value"": """"}"
0,2026-01-29 19:50:50,"{""cell"": [1300, 6], ""error_types"": [""A numerical value was found with a value of greater than > 10 stds from the mean""], ""cell_value"": """", ""record_value"": """"}"
0,2026-01-29 19:50:50,"{""cell"": [1302, 6], ""error_types"": [""A numerical value was found with a value of greater than > 10 stds from the mean""], ""cell_value"": """", ""record_value"": """"}"
0,2026-01-29 19:50:50,"{""cell"": [1303, 6], ""error_types"": [""A numerical value was found with a value of greater than > 10 stds from the mean""], ""cell_value"": """", ""record_value"": """"}"
0,2026-01-29 19:50:50,"{""cell"": [1304, 6], ""error_types"": [""A numerical value was found with a value of greater than > 10 stds from the mean""], ""cell_value"": """", ""record_value"": """"}"
0,2026-01-29 19:50:50,"{""cell"": [1305, 6], ""error_types"": [""A numerical value was found with a value of greater than > 10 stds from the mean""], ""cell_value"": """", ""record_value"": """"}"
0,2026-01-29 19:50:50,"{""cell"": [1316, 6], ""error_types"": [""A numerical value was found with a value of greater than > 10 stds from the mean""], ""cell_value"": """", ""record_value"": """"}"
0,2026-01-29 19:50:50,"{""cell"": [1317, 6], ""error_types"": [""A numerical value was found with a value of greater than > 10 stds from the mean""], ""cell_value"": """", ""record_value"": """"}"
0,2026-01-29 19:50:50,"{""cell"": [1318, 6], ""error_types"": [""A numerical value was found with a value of greater than > 10 stds from the mean""], ""cell_value"": """", ""record_value"": """"}"
0,2026-01-29 19:50:50,"{""cell"": [1329, 6], ""error_types"": [""A numerical value was found with a value of greater than > 10 stds from the mean""], ""cell_value"": """", ""record_value"": """"}"
0,2026-01-29 19:50:50,"{""cell"": [1341, 6], ""error_types"": [""A numerical value was found with a value of greater than > 10 stds from the mean""], ""cell_value"": """", ""record_value"": """"}"
0,2026-01-29 19:50:50,"{""cell"": [1342, 6], ""error_types"": [""A numerical value was found with a value of greater than > 10 stds from the mean""], ""cell_value"": """", ""record_value"": """"}"
0,2026-01-29 19:50:50,"{""cell"": [1343, 6], ""error_types"": [""A numerical value was found with a value of greater than > 10 stds from the mean""], ""cell_value"": """", ""record_value"": """"}"
0,2026-01-29 19:50:50,"{""cell"": [1344, 6], ""error_types"": [""A numerical value was found with a value of greater than > 10 stds from the mean""], ""cell_value"": """", ""record_value"": """"}"
0,2026-01-29 19:50:50,"{""cell"": [1345, 6], ""error_types"": [""A numerical value was found with a value of greater than > 10 stds from the mean""], ""cell_value"": """", ""record_value"": """"}"
0,2026-01-29 19:50:50,"{""cell"": [1347, 6], ""error_types"": [""A numerical value was found with a value of greater than > 10 stds from the mean""], ""cell_value"": """", ""record_value"": """"}"
0,2026-01-29 19:50:50,"{""cell"": [1348, 6], ""error_types"": [""A numerical value was found with a value of greater than > 10 stds from the mean""], ""cell_value"": """", ""record_value"": """"}"
0,2026-01-29 19:50:50,"{""cell"": [1349, 6], ""error_types"": [""A numerical value was found with a value of greater than > 10 stds from the mean""], ""cell_value"": """", ""record_value"": """"}"
0,2026-01-29 19:50:50,"{""cell"": [1350, 6], ""error_types"": [""A numerical value was found with a value of greater than > 10 stds from the mean""], ""cell_value"": """", ""record_value"": """"}"
0,2026-01-29 19:50:50,"{""cell"": [1351, 6], ""error_types"": [""A numerical value was found with a value of greater than > 10 stds from the mean""], ""cell_value"": """", ""record_value"": """"}"
0,2026-01-29 19:50:50,"{""cell"": [1352, 6], ""error_types"": [""A numerical value was found with a value of greater than > 10 stds from the mean""], ""cell_value"": """", ""record_value"": """"}"
0,2026-01-29 19:50:50,"{""cell"": [1353, 6], ""error_types"": [""A numerical value was found with a value of greater than > 10 stds from the mean""], ""cell_value"": """", ""record_value"": """"}"
0,2026-01-29 19:50:50,"{""cell"": [1358, 6], ""error_types"": [""A numerical value was found with a value of greater than > 10 stds from the mean""], ""cell_value"": """", ""record_value"": """"}"
0,2026-01-29 19:50:50,"{""cell"": [1361, 6], ""error_types"": [""A numerical value was found with a value of greater than > 10 stds from the mean""], ""cell_value"": """", ""record_value"": """"}"
0,2026-01-29 19:50:50,"{""cell"": [1362, 6], ""error_types"": [""A numerical value was found with a value of greater than > 10 stds from the mean""], ""cell_value"": """", ""record_value"": """"}"
0,2026-01-29 19:50:50,"{""cell"": [1363, 6], ""error_types"": [""A numerical value was found with a value of greater than > 10 stds from the mean""], ""cell_value"": """", ""record_value"": """"}"
0,2026-01-29 19:50:50,"{""cell"": [1364, 6], ""error_types"": [""A numerical value was found with a value of greater than > 10 stds from the mean""], ""cell_value"": """", ""record_value"": """"}"
0,2026-01-29 19:50:50,"{""cell"": [1365, 6], ""error_types"": [""A numerical value was found with a value of greater than > 10 stds from the mean""], ""cell_value"": """", ""record_value"": """"}"
0,2026-01-29 19:50:50,"{""cell"": [1366, 6], ""error_types"": [""A numerical value was found with a value of greater than > 10 stds from the mean""], ""cell_value"": """", ""record_value"": """"}"
0,2026-01-29 19:50:50,"{""cell"": [1367, 6], ""error_types"": [""A numerical value was found with a value of greater than > 10 stds from the mean""], ""cell_value"": """", ""record_value"": """"}"
0,2026-01-29 19:50:50,"{""cell"": [1368, 6], ""error_types"": [""A numerical value was found with a value of greater than > 10 stds from the mean""], ""cell_value"": """", ""record_value"": """"}"
0,2026-01-29 19:50:50,"{""cell"": [1369, 6], ""error_types"": [""A numerical value was found with a value of greater than > 10 stds from the mean""], ""cell_value"": """", ""record_value"": """"}"
0,2026-01-29 19:50:50,"{""cell"": [1370, 6], ""error_types"": [""A numerical value was found with a value of greater than > 10 stds from the mean""], ""cell_value"": """", ""record_value"": """"}"
0,2026-01-29 19:50:50,"{""cell"": [1371, 6], ""error_types"": [""A numerical value was found with a value of greater than > 10 stds from the mean""], ""cell_value"": """", ""record_value"": """"}"
0,2026-01-29 19:50:50,"{""cell"": [1372, 6], ""error_types"": [""A numerical value was found with a value of greater than > 10 stds from the mean""], ""cell_value"": """", ""record_value"": """"}"
0,2026-01-29 19:50:50,"{""cell"": [1373, 6], ""error_types"": [""A numerical value was found with a value of greater than > 10 stds from the mean""], ""cell_value"": """", ""record_value"": """"}"
0,2026-01-29 19:50:50,"{""cell"": [1374, 6], ""error_types"": [""A numerical value was found with a value of greater than > 10 stds from the mean""], ""cell_value"": """", ""record_value"": """"}"
0,2026-01-29 19:50:50,"{""cell"": [1378, 6], ""error_types"": [""A numerical value was found with a value of greater than > 10 stds from the mean""], ""cell_value"": """", ""record_value"": """"}"
0,2026-01-29 19:50:50,"{""cell"": [1379, 6], ""error_types"": [""A numerical value was found with a value of greater than > 10 stds from the mean""], ""cell_value"": """", ""record_value"": """"}"
0,2026-01-29 19:50:50,"{""cell"": [1380, 6], ""error_types"": [""A numerical value was found with a value of greater than > 10 stds from the mean""], ""cell_value"": """", ""record_value"": """"}"
0,2026-01-29 19:50:50,"{""cell"": [1381, 6], ""error_types"": [""A numerical value was found with a value of greater than > 10 stds from the mean""], ""cell_value"": """", ""record_value"": """"}"
0,2026-01-29 19:50:50,"{""cell"": [1382, 6], ""error_types"": [""A numerical value was found with a value of greater than > 10 stds from the mean""], ""cell_value"": """", ""record_value"": """"}"
0,2026-01-29 19:50:50,"{""cell"": [1383, 6], ""error_types"": [""A numerical value was found with a value of greater than > 10 stds from the mean""], ""cell_value"": """", ""record_value"": """"}"
0,2026-01-29 19:50:50,"{""cell"": [1384, 6], ""error_types"": [""A numerical value was found with a value of greater than > 10 stds from the mean""], ""cell_value"": """", ""record_value"": """"}"
0,2026-01-29 19:50:50,"{""cell"": [1393, 6], ""error_types"": [""A numerical value was found with a value of greater than > 10 stds from the mean""], ""cell_value"": """", ""record_value"": """"}"
0,2026-01-29 19:50:50,"{""cell"": [1394, 6], ""error_types"": [""A numerical value was found with a value of greater than > 10 stds from the mean""], ""cell_value"": """", ""record_value"": """"}"
0,2026-01-29 19:50:50,"{""cell"": [1395, 6], ""error_types"": [""A numerical value was found with a value of greater than > 10 stds from the mean""], ""cell_value"": """", ""record_value"": """"}"
0,2026-01-29 19:50:50,"{""cell"": [1396, 6], ""error_types"": [""A numerical value was found with a value of greater than > 10 stds from the mean""], ""cell_value"": """", ""record_value"": """"}"
0,2026-01-29 19:50:50,"{""cell"": [1405, 6], ""error_types"": [""A numerical value was found with a value of greater than > 10 stds from the mean""], ""cell_value"": """", ""record_value"": """"}"
0,2026-01-29 19:50:50,"{""cell"": [1406, 6], ""error_types"": [""A numerical value was found with a value of greater than > 10 stds from the mean""], ""cell_value"": """", ""record_value"": """"}"
0,2026-01-29 19:50:50,"{""cell"": [1409, 6], ""error_types"": [""A numerical value was found with a value of greater than > 10 stds from the mean""], ""cell_value"": """", ""record_value"": """"}"
0,2026-01-29 19:50:50,"{""cell"": [1410, 6], ""error_types"": [""A numerical value was found with a value of greater than > 10 stds from the mean""], ""cell_value"": """", ""record_value"": """"}"
0,2026-01-29 19:50:50,"{""cell"": [1411, 6], ""error_types"": [""A numerical value was found with a value of greater than > 10 stds from the mean""], ""cell_value"": """", ""record_value"": """"}"
0,2026-01-29 19:50:50,"{""cell"": [1412, 6], ""error_types"": [""A numerical value was found with a value of greater than > 10 stds from the mean""], ""cell_value"": """", ""record_value"": """"}"
0,2026-01-29 19:50:50,"{""cell"": [1413, 6], ""error_types"": [""A numerical value was found with a value of greater than > 10 stds from the mean""], ""cell_value"": """", ""record_value"": """"}"
0,2026-01-29 19:50:50,"{""cell"": [1414, 6], ""error_types"": [""A numerical value was found with a value of greater than > 10 stds from the mean""], ""cell_value"": """", ""record_value"": """"}"
0,2026-01-29 19:50:50,"{""cell"": [1415, 6], ""error_types"": [""A numerical value was found with a value of greater than > 10 stds from the mean""], ""cell_value"": """", ""record_value"": """"}"
0,2026-01-29 19:50:50,"{""cell"": [1416, 6], ""error_types"": [""A numerical value was found with a value of greater than > 10 stds from the mean""], ""cell_value"": """", ""record_value"": """"}"
0,2026-01-29 19:50:50,"{""cell"": [1417, 6], ""error_types"": [""A numerical value was found with a value of greater than > 10 stds from the mean""], ""cell_value"": """", ""record_value"": """"}"
0,2026-01-29 19:50:50,"{""cell"": [1430, 6], ""error_types"": [""A numerical value was found with a value of greater than > 10 stds from the mean""], ""cell_value"": """", ""record_value"": """"}"
0,2026-01-29 19:50:50,"{""cell"": [1431, 6], ""error_types"": [""A numerical value was found with a value of greater than > 10 stds from the mean""], ""cell_value"": """", ""record_value"": """"}"
0,2026-01-29 19:50:50,"{""cell"": [1434, 6], ""error_types"": [""A numerical value was found with a value of greater than > 10 stds from the mean""], ""cell_value"": """", ""record_value"": """"}"
0,2026-01-29 19:50:50,"{""cell"": [1435, 6], ""error_types"": [""A numerical value was found with a value of greater than > 10 stds from the mean""], ""cell_value"": """", ""record_value"": """"}"
0,2026-01-29 19:50:50,"{""cell"": [1441, 6], ""error_types"": [""A numerical value was found with a value of greater than > 10 stds from the mean""], ""cell_value"": """", ""record_value"": """"}"
0,2026-01-29 19:50:50,"{""cell"": [1442, 6], ""error_types"": [""A numerical value was found with a value of greater than > 10 stds from the mean""], ""cell_value"": """", ""record_value"": """"}"
0,2026-01-29 19:50:50,"{""cell"": [1447, 6], ""error_types"": [""A numerical value was found with a value of greater than > 10 stds from the mean""], ""cell_value"": """", ""record_value"": """"}"
0,2026-01-29 19:50:50,"{""cell"": [1448, 6], ""error_types"": [""A numerical value was found with a value of greater than > 10 stds from the mean""], ""cell_value"": """", ""record_value"": """"}"
0,2026-01-29 19:50:50,"{""cell"": [1449, 6], ""error_types"": [""A numerical value was found with a value of greater than > 10 stds from the mean""], ""cell_value"": """", ""record_value"": """"}"
0,2026-01-29 19:50:50,"{""cell"": [1450, 6], ""error_types"": [""A numerical value was found with a value of greater than > 10 stds from the mean""], ""cell_value"": """", ""record_value"": """"}"
0,2026-01-29 19:50:50,"{""cell"": [1458, 6], ""error_types"": [""A numerical value was found with a value of greater than > 10 stds from the mean""], ""cell_value"": """", ""record_value"": """"}"
0,2026-01-29 19:50:50,"{""cell"": [1461, 6], ""error_types"": [""A numerical value was found with a value of greater than > 10 stds from the mean""], ""cell_value"": """", ""record_value"": """"}"
0,2026-01-29 19:50:50,"{""cell"": [1462, 6], ""error_types"": [""A numerical value was found with a value of greater than > 10 stds from the mean""], ""cell_value"": """", ""record_value"": """"}"
0,2026-01-29 19:50:50,"{""cell"": [1463, 6], ""error_types"": [""A numerical value was found with a value of greater than > 10 stds from the mean""], ""cell_value"": """", ""record_value"": """"}"
0,2026-01-29 19:50:50,"{""cell"": [1464, 6], ""error_types"": [""A numerical value was found with a value of greater than > 10 stds from the mean""], ""cell_value"": """", ""record_value"": """"}"
0,2026-01-29 19:50:50,"{""cell"": [1466, 6], ""error_types"": [""A numerical value was found with a value of greater than > 10 stds from the mean""], ""cell_value"": """", ""record_value"": """"}"
0,2026-01-29 19:50:50,"{""cell"": [1468, 6], ""error_types"": [""A numerical value was found with a value of greater than > 10 stds from the mean""], ""cell_value"": """", ""record_value"": """"}"
0,2026-01-29 19:50:50,"{""cell"": [1469, 6], ""error_types"": [""A numerical value was found with a value of greater than > 10 stds from the mean""], ""cell_value"": """", ""record_value"": """"}"
0,2026-01-29 19:50:50,"{""cell"": [1470, 6], ""error_types"": [""A numerical value was found with a value of greater than > 10 stds from the mean""], ""cell_value"": """", ""record_value"": """"}"
0,2026-01-29 19:50:50,"{""cell"": [1471, 6], ""error_types"": [""A numerical value was found with a value of greater than > 10 stds from the mean""], ""cell_value"": """", ""record_value"": """"}"
0,2026-01-29 19:50:50,"{""cell"": [1472, 6], ""error_types"": [""A numerical value was found with a value of greater than > 10 stds from the mean""], ""cell_value"": """", ""record_value"": """"}"
0,2026-01-29 19:50:50,"{""cell"": [1473, 6], ""error_types"": [""A numerical value was found with a value of greater than > 10 stds from the mean""], ""cell_value"": """", ""record_value"": """"}"
0,2026-01-29 19:50:50,"{""cell"": [1474, 6], ""error_types"": [""A numerical value was found with a value of greater than > 10 stds from the mean""], ""cell_value"": """", ""record_value"": """"}"
0,2026-01-29 19:50:50,"{""cell"": [1475, 6], ""error_types"": [""A numerical value was found with a value of greater than > 10 stds from the mean""], ""cell_value"": """", ""record_value"": """"}"
0,2026-01-29 19:50:50,"{""cell"": [1476, 6], ""error_types"": [""A numerical value was found with a value of greater than > 10 stds from the mean""], ""cell_value"": """", ""record_value"": """"}"
0,2026-01-29 19:50:50,"{""cell"": [1480, 6], ""error_types"": [""A numerical value was found with a value of greater than > 10 stds from the mean""], ""cell_value"": """", ""record_value"": """"}"
0,2026-01-29 19:50:50,"{""cell"": [1481, 6], ""error_types"": [""A numerical value was found with a value of greater than > 10 stds from the mean""], ""cell_value"": """", ""record_value"": """"}"
0,2026-01-29 19:50:50,"{""cell"": [1483, 6], ""error_types"": [""A numerical value was found with a value of greater than > 10 stds from the mean""], ""cell_value"": """", ""record_value"": """"}"
0,2026-01-29 19:50:50,"{""cell"": [1484, 6], ""error_types"": [""A numerical value was found with a value of greater than > 10 stds from the mean""], ""cell_value"": """", ""record_value"": """"}"
0,2026-01-29 19:50:50,"{""cell"": [1485, 6], ""error_types"": [""A numerical value was found with a value of greater than > 10 stds from the mean""], ""cell_value"": """", ""record_value"": """"}"
0,2026-01-29 19:50:50,"{""cell"": [1486, 6], ""error_types"": [""A numerical value was found with a value of greater than > 10 stds from the mean""], ""cell_value"": """", ""record_value"": """"}"
0,2026-01-29 19:50:50,"{""cell"": [1489, 6], ""error_types"": [""A numerical value was found with a value of greater than > 10 stds from the mean""], ""cell_value"": """", ""record_value"": """"}"
0,2026-01-29 19:50:50,"{""cell"": [1490, 6], ""error_types"": [""A numerical value was found with a value of greater than > 10 stds from the mean""], ""cell_value"": """", ""record_value"": """"}"
0,2026-01-29 19:50:50,"{""cell"": [1491, 6], ""error_types"": [""A numerical value was found with a value of greater than > 10 stds from the mean""], ""cell_value"": """", ""record_value"": """"}"
0,2026-01-29 19:50:50,"{""cell"": [1492, 6], ""error_types"": [""A numerical value was found with a value of greater than > 10 stds from the mean""], ""cell_value"": """", ""record_value"": """"}"
0,2026-01-29 19:50:50,"{""cell"": [1499, 6], ""error_types"": [""A numerical value was found with a value of greater than > 10 stds from the mean""], ""cell_value"": """", ""record_value"": """"}"
0,2026-01-29 19:50:50,"{""cell"": [1500, 6], ""error_types"": [""A numerical value was found with a value of greater than > 10 stds from the mean""], ""cell_value"": """", ""record_value"": """"}"
0,2026-01-29 19:50:50,"{""cell"": [1502, 6], ""error_types"": [""A numerical value was found with a value of greater than > 10 stds from the mean""], ""cell_value"": """", ""record_value"": """"}"
0,2026-01-29 19:50:50,"{""cell"": [1503, 6], ""error_types"": [""A numerical value was found with a value of greater than > 10 stds from the mean""], ""cell_value"": """", ""record_value"": """"}"
0,2026-01-29 19:50:50,"{""cell"": [1504, 6], ""error_types"": [""A numerical value was found with a value of greater than > 10 stds from the mean""], ""cell_value"": """", ""record_value"": """"}"
0,2026-01-29 19:50:50,"{""cell"": [1505, 6], ""error_types"": [""A numerical value was found with a value of greater than > 10 stds from the mean""], ""cell_value"": """", ""record_value"": """"}"
0,2026-01-29 19:50:50,"{""cell"": [1506, 6], ""error_types"": [""A numerical value was found with a value of greater than > 10 stds from the mean""], ""cell_value"": """", ""record_value"": """"}"
0,2026-01-29 19:50:50,"{""cell"": [1517, 6], ""error_types"": [""A numerical value was found with a value of greater than > 10 stds from the mean""], ""cell_value"": """", ""record_value"": """"}"
0,2026-01-29 19:50:50,"{""cell"": [1518, 6], ""error_types"": [""A numerical value was found with a value of greater than > 10 stds from the mean""], ""cell_value"": """", ""record_value"": """"}"
0,2026-01-29 19:50:50,"{""cell"": [1519, 6], ""error_types"": [""A numerical value was found with a value of greater than > 10 stds from the mean""], ""cell_value"": """", ""record_value"": """"}"
0,2026-01-29 19:50:50,"{""cell"": [1520, 6], ""error_types"": [""A numerical value was found with a value of greater than > 10 stds from the mean""], ""cell_value"": """", ""record_value"": """"}"
0,2026-01-29 19:50:50,"{""cell"": [1524, 6], ""error_types"": [""A numerical value was found with a value of greater than > 10 stds from the mean""], ""cell_value"": """", ""record_value"": """"}"
0,2026-01-29 19:50:50,"{""cell"": [1525, 6], ""error_types"": [""A numerical value was found with a value of greater than > 10 stds from the mean""], ""cell_value"": """", ""record_value"": """"}"
0,2026-01-29 19:50:50,"{""cell"": [1526, 6], ""error_types"": [""A numerical value was found with a value of greater than > 10 stds from the mean""], ""cell_value"": """", ""record_value"": """"}"
0,2026-01-29 19:50:50,"{""cell"": [1527, 6], ""error_types"": [""A numerical value was found with a value of greater than > 10 stds from the mean""], ""cell_value"": """", ""record_value"": """"}"
0,2026-01-29 19:50:50,"{""cell"": [1534, 6], ""error_types"": [""A numerical value was found with a value of greater than > 10 stds from the mean""], ""cell_value"": """", ""record_value"": """"}"
0,2026-01-29 19:50:50,"{""cell"": [1536, 6], ""error_types"": [""A numerical value was found with a value of greater than > 10 stds from the mean""], ""cell_value"": """", ""record_value"": """"}"
0,2026-01-29 19:50:50,"{""cell"": [1537, 6], ""error_types"": [""A numerical value was found with a value of greater than > 10 stds from the mean""], ""cell_value"": """", ""record_value"": """"}"
0,2026-01-29 19:50:50,"{""cell"": [1539, 6], ""error_types"": [""A numerical value was found with a value of greater than > 10 stds from the mean""], ""cell_value"": """", ""record_value"": """"}"
0,2026-01-29 19:50:50,"{""cell"": [1540, 6], ""error_types"": [""A numerical value was found with a value of greater than > 10 stds from the mean""], ""cell_value"": """", ""record_value"": """"}"
0,2026-01-29 19:50:50,"{""cell"": [1541, 6], ""error_types"": [""A numerical value was found with a value of greater than > 10 stds from the mean""], ""cell_value"": """", ""record_value"": """"}"
0,2026-01-29 19:50:50,"{""cell"": [1542, 6], ""error_types"": [""A numerical value was found with a value of greater than > 10 stds from the mean""], ""cell_value"": """", ""record_value"": """"}"
0,2026-01-29 19:50:50,"{""cell"": [1543, 6], ""error_types"": [""A numerical value was found with a value of greater than > 10 stds from the mean""], ""cell_value"": """", ""record_value"": """"}"
0,2026-01-29 19:50:50,"{""cell"": [1544, 6], ""error_types"": [""A numerical value was found with a value of greater than > 10 stds from the mean""], ""cell_value"": """", ""record_value"": """"}"
0,2026-01-29 19:50:50,"{""cell"": [1545, 6], ""error_types"": [""A numerical value was found with a value of greater than > 10 stds from the mean""], ""cell_value"": """", ""record_value"": """"}"
0,2026-01-29 19:50:50,"{""cell"": [1546, 6], ""error_types"": [""A numerical value was found with a value of greater than > 10 stds from the mean""], ""cell_value"": """", ""record_value"": """"}"
0,2026-01-29 19:50:50,"{""cell"": [1547, 6], ""error_types"": [""A numerical value was found with a value of greater than > 10 stds from the mean""], ""cell_value"": """", ""record_value"": """"}"
0,2026-01-29 19:50:50,"{""cell"": [1548, 6], ""error_types"": [""A numerical value was found with a value of greater than > 10 stds from the mean""], ""cell_value"": """", ""record_value"": """"}"
0,2026-01-29 19:50:50,"{""cell"": [1549, 6], ""error_types"": [""A numerical value was found with a value of greater than > 10 stds from the mean""], ""cell_value"": """", ""record_value"": """"}"
0,2026-01-29 19:50:50,"{""cell"": [1550, 6], ""error_types"": [""A numerical value was found with a value of greater than > 10 stds from the mean""], ""cell_value"": """", ""record_value"": """"}"
0,2026-01-29 19:50:50,"{""cell"": [1552, 6], ""error_types"": [""A numerical value was found with a value of greater than > 10 stds from the mean""], ""cell_value"": """", ""record_value"": """"}"
0,2026-01-29 19:50:50,"{""cell"": [1553, 6], ""error_types"": [""A numerical value was found with a value of greater than > 10 stds from the mean""], ""cell_value"": """", ""record_value"": """"}"
0,2026-01-29 19:50:50,"{""cell"": [1555, 6], ""error_types"": [""A numerical value was found with a value of greater than > 10 stds from the mean""], ""cell_value"": """", ""record_value"": """"}"
0,2026-01-29 19:50:50,"{""cell"": [1556, 6], ""error_types"": [""A numerical value was found with a value of greater than > 10 stds from the mean""], ""cell_value"": """", ""record_value"": """"}"
0,2026-01-29 19:50:50,"{""cell"": [1557, 6], ""error_types"": [""A numerical value was found with a value of greater than > 10 stds from the mean""], ""cell_value"": """", ""record_value"": """"}"
0,2026-01-29 19:50:50,"{""cell"": [1558, 6], ""error_types"": [""A numerical value was found with a value of greater than > 10 stds from the mean""], ""cell_value"": """", ""record_value"": """"}"
0,2026-01-29 19:50:50,"{""cell"": [1562, 6], ""error_types"": [""A numerical value was found with a value of greater than > 10 stds from the mean""], ""cell_value"": """", ""record_value"": """"}"
0,2026-01-29 19:50:50,"{""cell"": [1563, 6], ""error_types"": [""A numerical value was found with a value of greater than > 10 stds from the mean""], ""cell_value"": """", ""record_value"": """"}"
0,2026-01-29 19:50:50,"{""cell"": [1565, 6], ""error_types"": [""A numerical value was found with a value of greater than > 10 stds from the mean""], ""cell_value"": """", ""record_value"": """"}"
0,2026-01-29 19:50:50,"{""cell"": [1572, 6], ""error_types"": [""A numerical value was found with a value of greater than > 10 stds from the mean""], ""cell_value"": """", ""record_value"": """"}"
0,2026-01-29 19:50:50,"{""cell"": [1573, 6], ""error_types"": [""A numerical value was found with a value of greater than > 10 stds from the mean""], ""cell_value"": """", ""record_value"": """"}"
0,2026-01-29 19:50:50,"{""cell"": [1575, 6], ""error_types"": [""A numerical value was found with a value of greater than > 10 stds from the mean""], ""cell_value"": """", ""record_value"": """"}"
0,2026-01-29 19:50:50,"{""cell"": [1595, 6], ""error_types"": [""A numerical value was found with a value of greater than > 10 stds from the mean""], ""cell_value"": """", ""record_value"": """"}"
0,2026-01-29 19:50:50,"{""cell"": [1606, 6], ""error_types"": [""A numerical value was found with a value of greater than > 10 stds from the mean""], ""cell_value"": """", ""record_value"": """"}"
0,2026-01-29 19:50:50,"{""cell"": [1607, 6], ""error_types"": [""A numerical value was found with a value of greater than > 10 stds from the mean""], ""cell_value"": """", ""record_value"": """"}"
0,2026-01-29 19:50:50,"{""cell"": [1615, 6], ""error_types"": [""A numerical value was found with a value of greater than > 10 stds from the mean""], ""cell_value"": """", ""record_value"": """"}"
0,2026-01-29 19:50:50,"{""cell"": [1618, 6], ""error_types"": [""A numerical value was found with a value of greater than > 10 stds from the mean""], ""cell_value"": """", ""record_value"": """"}"
0,2026-01-29 19:50:50,"{""cell"": [1619, 6], ""error_types"": [""A numerical value was found with a value of greater than > 10 stds from the mean""], ""cell_value"": """", ""record_value"": """"}"
0,2026-01-29 19:50:50,"{""cell"": [1625, 6], ""error_types"": [""A numerical value was found with a value of greater than > 10 stds from the mean""], ""cell_value"": """", ""record_value"": """"}"
0,2026-01-29 19:50:50,"{""cell"": [1626, 6], ""error_types"": [""A numerical value was found with a value of greater than > 10 stds from the mean""], ""cell_value"": """", ""record_value"": """"}"
0,2026-01-29 19:50:50,"{""cell"": [1629, 6], ""error_types"": [""A numerical value was found with a value of greater than > 10 stds from the mean""], ""cell_value"": """", ""record_value"": """"}"
0,2026-01-29 19:50:50,"{""cell"": [1633, 6], ""error_types"": [""A numerical value was found with a value of greater than > 10 stds from the mean""], ""cell_value"": """", ""record_value"": """"}"
0,2026-01-29 19:50:50,"{""cell"": [1634, 6], ""error_types"": [""A numerical value was found with a value of greater than > 10 stds from the mean""], ""cell_value"": """", ""record_value"": """"}"
0,2026-01-29 19:50:50,"{""cell"": [1635, 6], ""error_types"": [""A numerical value was found with a value of greater than > 10 stds from the mean""], ""cell_value"": """", ""record_value"": """"}"
0,2026-01-29 19:50:50,"{""cell"": [1636, 6], ""error_types"": [""A numerical value was found with a value of greater than > 10 stds from the mean""], ""cell_value"": """", ""record_value"": """"}"
0,2026-01-29 19:50:50,"{""cell"": [1637, 6], ""error_types"": [""A numerical value was found with a value of greater than > 10 stds from the mean""], ""cell_value"": """", ""record_value"": """"}"
0,2026-01-29 19:50:50,"{""cell"": [1638, 6], ""error_types"": [""A numerical value was found with a value of greater than > 10 stds from the mean""], ""cell_value"": """", ""record_value"": """"}"
0,2026-01-29 19:50:50,"{""cell"": [1639, 6], ""error_types"": [""A numerical value was found with a value of greater than > 10 stds from the mean""], ""cell_value"": """", ""record_value"": """"}"
0,2026-01-29 19:50:50,"{""cell"": [1645, 6], ""error_types"": [""A numerical value was found with a value of greater than > 10 stds from the mean""], ""cell_value"": """", ""record_value"": """"}"
0,2026-01-29 19:50:50,"{""cell"": [1646, 6], ""error_types"": [""A numerical value was found with a value of greater than > 10 stds from the mean""], ""cell_value"": """", ""record_value"": """"}"
0,2026-01-29 19:50:50,"{""cell"": [1648, 6], ""error_types"": [""A numerical value was found with a value of greater than > 10 stds from the mean""], ""cell_value"": """", ""record_value"": """"}"
0,2026-01-29 19:50:50,"{""cell"": [1649, 6], ""error_types"": [""A numerical value was found with a value of greater than > 10 stds from the mean""], ""cell_value"": """", ""record_value"": """"}"
0,2026-01-29 19:50:50,"{""cell"": [1651, 6], ""error_types"": [""A numerical value was found with a value of greater than > 10 stds from the mean""], ""cell_value"": """", ""record_value"": """"}"
0,2026-01-29 19:50:50,"{""cell"": [1658, 6], ""error_types"": [""A numerical value was found with a value of greater than > 10 stds from the mean""], ""cell_value"": """", ""record_value"": """"}"
0,2026-01-29 19:50:50,"{""cell"": [1661, 6], ""error_types"": [""A numerical value was found with a value of greater than > 10 stds from the mean""], ""cell_value"": """", ""record_value"": """"}"
0,2026-01-29 19:50:50,"{""cell"": [1662, 6], ""error_types"": [""A numerical value was found with a value of greater than > 10 stds from the mean""], ""cell_value"": """", ""record_value"": """"}"
0,2026-01-29 19:50:50,"{""cell"": [1663, 6], ""error_types"": [""A numerical value was found with a value of greater than > 10 stds from the mean""], ""cell_value"": """", ""record_value"": """"}"
0,2026-01-29 19:50:50,"{""cell"": [1664, 6], ""error_types"": [""A numerical value was found with a value of greater than > 10 stds from the mean""], ""cell_value"": """", ""record_value"": """"}"
0,2026-01-29 19:50:50,"{""cell"": [1666, 6], ""error_types"": [""A numerical value was found with a value of greater than > 10 stds from the mean""], ""cell_value"": """", ""record_value"": """"}"
0,2026-01-29 19:50:50,"{""cell"": [1667, 6], ""error_types"": [""A numerical value was found with a value of greater than > 10 stds from the mean""], ""cell_value"": """", ""record_value"": """"}"
0,2026-01-29 19:50:50,"{""cell"": [1668, 6], ""error_types"": [""A numerical value was found with a value of greater than > 10 stds from the mean""], ""cell_value"": """", ""record_value"": """"}"
0,2026-01-29 19:50:50,"{""cell"": [1680, 6], ""error_types"": [""A numerical value was found with a value of greater than > 10 stds from the mean""], ""cell_value"": """", ""record_value"": """"}"
0,2026-01-29 19:50:50,"{""cell"": [1686, 6], ""error_types"": [""A numerical value was found with a value of greater than > 10 stds from the mean""], ""cell_value"": """", ""record_value"": """"}"
0,2026-01-29 19:50:50,"{""cell"": [1692, 6], ""error_types"": [""A numerical value was found with a value of greater than > 10 stds from the mean""], ""cell_value"": """", ""record_value"": """"}"
0,2026-01-29 19:50:50,"{""cell"": [1695, 6], ""error_types"": [""A numerical value was found with a value of greater than > 10 stds from the mean""], ""cell_value"": """", ""record_value"": """"}"
0,2026-01-29 19:50:50,"{""cell"": [1698, 6], ""error_types"": [""A numerical value was found with a value of greater than > 10 stds from the mean""], ""cell_value"": """", ""record_value"": """"}"
0,2026-01-29 19:50:50,"{""cell"": [1702, 6], ""error_types"": [""A numerical value was found with a value of greater than > 10 stds from the mean""], ""cell_value"": """", ""record_value"": """"}"
0,2026-01-29 19:50:50,"{""cell"": [1703, 6], ""error_types"": [""A numerical value was found with a value of greater than > 10 stds from the mean""], ""cell_value"": """", ""record_value"": """"}"
0,2026-01-29 19:50:50,"{""cell"": [1704, 6], ""error_types"": [""A numerical value was found with a value of greater than > 10 stds from the mean""], ""cell_value"": """", ""record_value"": """"}"
0,2026-01-29 19:50:50,"{""cell"": [1712, 6], ""error_types"": [""A numerical value was found with a value of greater than > 10 stds from the mean""], ""cell_value"": """", ""record_value"": """"}"
0,2026-01-29 19:50:50,"{""cell"": [1713, 6], ""error_types"": [""A numerical value was found with a value of greater than > 10 stds from the mean""], ""cell_value"": """", ""record_value"": """"}"
0,2026-01-29 19:50:50,"{""cell"": [1714, 6], ""error_types"": [""A numerical value was found with a value of greater than > 10 stds from the mean""], ""cell_value"": """", ""record_value"": """"}"
0,2026-01-29 19:50:50,"{""cell"": [1715, 6], ""error_types"": [""A numerical value was found with a value of greater than > 10 stds from the mean""], ""cell_value"": """", ""record_value"": """"}"
0,2026-01-29 19:50:50,"{""cell"": [1716, 6], ""error_types"": [""A numerical value was found with a value of greater than > 10 stds from the mean""], ""cell_value"": """", ""record_value"": """"}"
0,2026-01-29 19:50:50,"{""cell"": [1717, 6], ""error_types"": [""A numerical value was found with a value of greater than > 10 stds from the mean""], ""cell_value"": """", ""record_value"": """"}"
0,2026-01-29 19:50:50,"{""cell"": [1718, 6], ""error_types"": [""A numerical value was found with a value of greater than > 10 stds from the mean""], ""cell_value"": """", ""record_value"": """"}"
0,2026-01-29 19:50:50,"{""cell"": [1719, 6], ""error_types"": [""A numerical value was found with a value of greater than > 10 stds from the mean""], ""cell_value"": """", ""record_value"": """"}"
0,2026-01-29 19:50:50,"{""cell"": [1721, 6], ""error_types"": [""A numerical value was found with a value of greater than > 10 stds from the mean""], ""cell_value"": """", ""record_value"": """"}"
0,2026-01-29 19:50:50,"{""cell"": [1736, 6], ""error_types"": [""A numerical value was found with a value of greater than > 10 stds from the mean""], ""cell_value"": """", ""record_value"": """"}"
0,2026-01-29 19:50:50,"{""cell"": [1737, 6], ""error_types"": [""A numerical value was found with a value of greater than > 10 stds from the mean""], ""cell_value"": """", ""record_value"": """"}"
0,2026-01-29 19:50:50,"{""cell"": [1738, 6], ""error_types"": [""A numerical value was found with a value of greater than > 10 stds from the mean""], ""cell_value"": """", ""record_value"": """"}"
0,2026-01-29 19:50:50,"{""cell"": [1739, 6], ""error_types"": [""A numerical value was found with a value of greater than > 10 stds from the mean""], ""cell_value"": """", ""record_value"": """"}"
0,2026-01-29 19:50:50,"{""cell"": [1740, 6], ""error_types"": [""A numerical value was found with a value of greater than > 10 stds from the mean""], ""cell_value"": """", ""record_value"": """"}"
0,2026-01-29 19:50:50,"{""cell"": [1744, 6], ""error_types"": [""A numerical value was found with a value of greater than > 10 stds from the mean""], ""cell_value"": """", ""record_value"": """"}"
0,2026-01-29 19:50:50,"{""cell"": [1745, 6], ""error_types"": [""A numerical value was found with a value of greater than > 10 stds from the mean""], ""cell_value"": """", ""record_value"": """"}"
0,2026-01-29 19:50:50,"{""cell"": [1746, 6], ""error_types"": [""A numerical value was found with a value of greater than > 10 stds from the mean""], ""cell_value"": """", ""record_value"": """"}"
0,2026-01-29 19:50:50,"{""cell"": [1747, 6], ""error_types"": [""A numerical value was found with a value of greater than > 10 stds from the mean""], ""cell_value"": """", ""record_value"": """"}"
0,2026-01-29 19:50:50,"{""cell"": [1748, 6], ""error_types"": [""A numerical value was found with a value of greater than > 10 stds from the mean""], ""cell_value"": """", ""record_value"": """"}"
0,2026-01-29 19:50:50,"{""cell"": [1749, 6], ""error_types"": [""A numerical value was found with a value of greater than > 10 stds from the mean""], ""cell_value"": """", ""record_value"": """"}"
0,2026-01-29 19:50:50,"{""cell"": [1750, 6], ""error_types"": [""A numerical value was found with a value of greater than > 10 stds from the mean""], ""cell_value"": """", ""record_value"": """"}"
0,2026-01-29 19:50:50,"{""cell"": [1751, 6], ""error_types"": [""A numerical value was found with a value of greater than > 10 stds from the mean""], ""cell_value"": """", ""record_value"": """"}"
0,2026-01-29 19:50:50,"{""cell"": [1752, 6], ""error_types"": [""A numerical value was found with a value of greater than > 10 stds from the mean""], ""cell_value"": """", ""record_value"": """"}"
0,2026-01-29 19:50:50,"{""cell"": [1753, 6], ""error_types"": [""A numerical value was found with a value of greater than > 10 stds from the mean""], ""cell_value"": """", ""record_value"": """"}"
0,2026-01-29 19:50:50,"{""cell"": [1754, 6], ""error_types"": [""A numerical value was found with a value of greater than > 10 stds from the mean""], ""cell_value"": """", ""record_value"": """"}"
0,2026-01-29 19:50:50,"{""cell"": [1755, 6], ""error_types"": [""A numerical value was found with a value of greater than > 10 stds from the mean""], ""cell_value"": """", ""record_value"": """"}"
0,2026-01-29 19:50:50,"{""cell"": [1756, 6], ""error_types"": [""A numerical value was found with a value of greater than > 10 stds from the mean""], ""cell_value"": """", ""record_value"": """"}"
0,2026-01-29 19:50:50,"{""cell"": [1757, 6], ""error_types"": [""A numerical value was found with a value of greater than > 10 stds from the mean""], ""cell_value"": """", ""record_value"": """"}"
0,2026-01-29 19:50:50,"{""cell"": [1758, 6], ""error_types"": [""A numerical value was found with a value of greater than > 10 stds from the mean""], ""cell_value"": """", ""record_value"": """"}"
0,2026-01-29 19:50:50,"{""cell"": [1759, 6], ""error_types"": [""A numerical value was found with a value of greater than > 10 stds from the mean""], ""cell_value"": """", ""record_value"": """"}"
0,2026-01-29 19:50:50,"{""cell"": [1760, 6], ""error_types"": [""A numerical value was found with a value of greater than > 10 stds from the mean""], ""cell_value"": """", ""record_value"": """"}"
0,2026-01-29 19:50:50,"{""cell"": [1761, 6], ""error_types"": [""A numerical value was found with a value of greater than > 10 stds from the mean""], ""cell_value"": """", ""record_value"": """"}"
0,2026-01-29 19:50:50,"{""cell"": [1762, 6], ""error_types"": [""A numerical value was found with a value of greater than > 10 stds from the mean""], ""cell_value"": """", ""record_value"": """"}"
0,2026-01-29 19:50:50,"{""cell"": [1763, 6], ""error_types"": [""A numerical value was found with a value of greater than > 10 stds from the mean""], ""cell_value"": """", ""record_value"": """"}"
0,2026-01-29 19:50:50,"{""cell"": [1764, 6], ""error_types"": [""A numerical value was found with a value of greater than > 10 stds from the mean""], ""cell_value"": """", ""record_value"": """"}"
0,2026-01-29 19:50:50,"{""cell"": [1765, 6], ""error_types"": [""A numerical value was found with a value of greater than > 10 stds from the mean""], ""cell_value"": """", ""record_value"": """"}"
0,2026-01-29 19:50:50,"{""cell"": [1766, 6], ""error_types"": [""A numerical value was found with a value of greater than > 10 stds from the mean""], ""cell_value"": """", ""record_value"": """"}"
0,2026-01-29 19:50:50,"{""cell"": [1769, 6], ""error_types"": [""A numerical value was found with a value of greater than > 10 stds from the mean""], ""cell_value"": """", ""record_value"": """"}"
0,2026-01-29 19:50:50,"{""cell"": [1771, 6], ""error_types"": [""A numerical value was found with a value of greater than > 10 stds from the mean""], ""cell_value"": """", ""record_value"": """"}"
0,2026-01-29 19:50:50,"{""cell"": [1772, 6], ""error_types"": [""A numerical value was found with a value of greater than > 10 stds from the mean""], ""cell_value"": """", ""record_value"": """"}"
0,2026-01-29 19:50:50,"{""cell"": [1774, 6], ""error_types"": [""A numerical value was found with a value of greater than > 10 stds from the mean""], ""cell_value"": """", ""record_value"": """"}"
0,2026-01-29 19:50:50,"{""cell"": [1775, 6], ""error_types"": [""A numerical value was found with a value of greater than > 10 stds from the mean""], ""cell_value"": """", ""record_value"": """"}"
0,2026-01-29 19:50:50,"{""cell"": [1789, 6], ""error_types"": [""A numerical value was found with a value of greater than > 10 stds from the mean""], ""cell_value"": """", ""record_value"": """"}"
0,2026-01-29 19:50:50,"{""cell"": [1791, 6], ""error_types"": [""A numerical value was found with a value of greater than > 10 stds from the mean""], ""cell_value"": """", ""record_value"": """"}"
0,2026-01-29 19:50:50,"{""cell"": [1792, 6], ""error_types"": [""A numerical value was found with a value of greater than > 10 stds from the mean""], ""cell_value"": """", ""record_value"": """"}"
0,2026-01-29 19:50:50,"{""cell"": [1798, 6], ""error_types"": [""A numerical value was found with a value of greater than > 10 stds from the mean""], ""cell_value"": """", ""record_value"": """"}"
0,2026-01-29 19:50:50,"{""cell"": [1808, 6], ""error_types"": [""A numerical value was found with a value of greater than > 10 stds from the mean""], ""cell_value"": """", ""record_value"": """"}"
0,2026-01-29 19:50:50,"{""cell"": [1809, 6], ""error_types"": [""A numerical value was found with a value of greater than > 10 stds from the mean""], ""cell_value"": """", ""record_value"": """"}"
0,2026-01-29 19:50:50,"{""cell"": [1812, 6], ""error_types"": [""A numerical value was found with a value of greater than > 10 stds from the mean""], ""cell_value"": """", ""record_value"": """"}"
0,2026-01-29 19:50:50,"{""cell"": [1813, 6], ""error_types"": [""A numerical value was found with a value of greater than > 10 stds from the mean""], ""cell_value"": """", ""record_value"": """"}"
0,2026-01-29 19:50:50,"{""cell"": [1814, 6], ""error_types"": [""A numerical value was found with a value of greater than > 10 stds from the mean""], ""cell_value"": """", ""record_value"": """"}"
0,2026-01-29 19:50:50,"{""cell"": [1815, 6], ""error_types"": [""A numerical value was found with a value of greater than > 10 stds from the mean""], ""cell_value"": """", ""record_value"": """"}"
0,2026-01-29 19:50:50,"{""cell"": [1816, 6], ""error_types"": [""A numerical value was found with a value of greater than > 10 stds from the mean""], ""cell_value"": """", ""record_value"": """"}"
0,2026-01-29 19:50:50,"{""cell"": [1818, 6], ""error_types"": [""A numerical value was found with a value of greater than > 10 stds from the mean""], ""cell_value"": """", ""record_value"": """"}"
0,2026-01-29 19:50:50,"{""cell"": [1819, 6], ""error_types"": [""A numerical value was found with a value of greater than > 10 stds from the mean""], ""cell_value"": """", ""record_value"": """"}"
0,2026-01-29 19:50:50,"{""cell"": [1820, 6], ""error_types"": [""A numerical value was found with a value of greater than > 10 stds from the mean""], ""cell_value"": """", ""record_value"": """"}"
0,2026-01-29 19:50:50,"{""cell"": [1822, 6], ""error_types"": [""A numerical value was found with a value of greater than > 10 stds from the mean""], ""cell_value"": """", ""record_value"": """"}"
0,2026-01-29 19:50:50,"{""cell"": [1827, 6], ""error_types"": [""A numerical value was found with a value of greater than > 10 stds from the mean""], ""cell_value"": """", ""record_value"": """"}"
0,2026-01-29 19:50:50,"{""cell"": [1829, 6], ""error_types"": [""A numerical value was found with a value of greater than > 10 stds from the mean""], ""cell_value"": """", ""record_value"": """"}"
0,2026-01-29 19:50:50,"{""cell"": [1830, 6], ""error_types"": [""A numerical value was found with a value of greater than > 10 stds from the mean""], ""cell_value"": """", ""record_value"": """"}"
0,2026-01-29 19:50:50,"{""cell"": [1838, 6], ""error_types"": [""A numerical value was found with a value of greater than > 10 stds from the mean""], ""cell_value"": """", ""record_value"": """"}"
0,2026-01-29 19:50:50,"{""cell"": [1839, 6], ""error_types"": [""A numerical value was found with a value of greater than > 10 stds from the mean""], ""cell_value"": """", ""record_value"": """"}"
0,2026-01-29 19:50:50,"{""cell"": [1841, 6], ""error_types"": [""A numerical value was found with a value of greater than > 10 stds from the mean""], ""cell_value"": """", ""record_value"": """"}"
0,2026-01-29 19:50:50,"{""cell"": [1842, 6], ""error_types"": [""A numerical value was found with a value of greater than > 10 stds from the mean""], ""cell_value"": """", ""record_value"": """"}"
0,2026-01-29 19:50:50,"{""cell"": [1843, 6], ""error_types"": [""A numerical value was found with a value of greater than > 10 stds from the mean""], ""cell_value"": """", ""record_value"": """"}"
0,2026-01-29 19:50:50,"{""cell"": [1844, 6], ""error_types"": [""A numerical value was found with a value of greater than > 10 stds from the mean""], ""cell_value"": """", ""record_value"": """"}"
0,2026-01-29 19:50:50,"{""cell"": [1846, 6], ""error_types"": [""A numerical value was found with a value of greater than > 10 stds from the mean""], ""cell_value"": """", ""record_value"": """"}"
0,2026-01-29 19:50:50,"{""cell"": [1847, 6], ""error_types"": [""A numerical value was found with a value of greater than > 10 stds from the mean""], ""cell_value"": """", ""record_value"": """"}"
0,2026-01-29 19:50:50,"{""cell"": [1853, 6], ""error_types"": [""A numerical value was found with a value of greater than > 10 stds from the mean""], ""cell_value"": """", ""record_value"": """"}"
0,2026-01-29 19:50:50,"{""cell"": [1854, 6], ""error_types"": [""A numerical value was found with a value of greater than > 10 stds from the mean""], ""cell_value"": """", ""record_value"": """"}"
0,2026-01-29 19:50:50,"{""cell"": [1855, 6], ""error_types"": [""A numerical value was found with a value of greater than > 10 stds from the mean""], ""cell_value"": """", ""record_value"": """"}"
0,2026-01-29 19:50:50,"{""cell"": [1856, 6], ""error_types"": [""A numerical value was found with a value of greater than > 10 stds from the mean""], ""cell_value"": """", ""record_value"": """"}"
0,2026-01-29 19:50:50,"{""cell"": [1859, 6], ""error_types"": [""A numerical value was found with a value of greater than > 10 stds from the mean""], ""cell_value"": """", ""record_value"": """"}"
0,2026-01-29 19:50:50,"{""cell"": [1881, 6], ""error_types"": [""A numerical value was found with a value of greater than > 10 stds from the mean""], ""cell_value"": """", ""record_value"": """"}"
0,2026-01-29 19:50:50,"{""cell"": [1882, 6], ""error_types"": [""A numerical value was found with a value of greater than > 10 stds from the mean""], ""cell_value"": """", ""record_value"": """"}"
0,2026-01-29 19:50:50,"{""cell"": [1885, 6], ""error_types"": [""A numerical value was found with a value of greater than > 10 stds from the mean""], ""cell_value"": """", ""record_value"": """"}"
0,2026-01-29 19:50:50,"{""cell"": [1886, 6], ""error_types"": [""A numerical value was found with a value of greater than > 10 stds from the mean""], ""cell_value"": """", ""record_value"": """"}"
0,2026-01-29 19:50:50,"{""cell"": [1887, 6], ""error_types"": [""A numerical value was found with a value of greater than > 10 stds from the mean""], ""cell_value"": """", ""record_value"": """"}"
0,2026-01-29 19:50:50,"{""cell"": [1889, 6], ""error_types"": [""A numerical value was found with a value of greater than > 10 stds from the mean""], ""cell_value"": """", ""record_value"": """"}"
0,2026-01-29 19:50:50,"{""cell"": [1890, 6], ""error_types"": [""A numerical value was found with a value of greater than > 10 stds from the mean""], ""cell_value"": """", ""record_value"": """"}"
0,2026-01-29 19:50:50,"{""cell"": [1895, 6], ""error_types"": [""A numerical value was found with a value of greater than > 10 stds from the mean""], ""cell_value"": """", ""record_value"": """"}"
0,2026-01-29 19:50:50,"{""cell"": [1896, 6], ""error_types"": [""A numerical value was found with a value of greater than > 10 stds from the mean""], ""cell_value"": """", ""record_value"": """"}"
0,2026-01-29 19:50:50,"{""cell"": [1897, 6], ""error_types"": [""A numerical value was found with a value of greater than > 10 stds from the mean""], ""cell_value"": """", ""record_value"": """"}"
0,2026-01-29 19:50:50,"{""cell"": [1901, 6], ""error_types"": [""A numerical value was found with a value of greater than > 10 stds from the mean""], ""cell_value"": """", ""record_value"": """"}"
0,2026-01-29 19:50:50,"{""cell"": [1914, 6], ""error_types"": [""A numerical value was found with a value of greater than > 10 stds from the mean""], ""cell_value"": """", ""record_value"": """"}"
0,2026-01-29 19:50:50,"{""cell"": [1921, 6], ""error_types"": [""A numerical value was found with a value of greater than > 10 stds from the mean""], ""cell_value"": """", ""record_value"": """"}"
0,2026-01-29 19:50:50,"{""cell"": [1922, 6], ""error_types"": [""A numerical value was found with a value of greater than > 10 stds from the mean""], ""cell_value"": """", ""record_value"": """"}"
0,2026-01-29 19:50:50,"{""cell"": [1925, 6], ""error_types"": [""A numerical value was found with a value of greater than > 10 stds from the mean""], ""cell_value"": """", ""record_value"": """"}"
0,2026-01-29 19:50:50,"{""cell"": [1926, 6], ""error_types"": [""A numerical value was found with a value of greater than > 10 stds from the mean""], ""cell_value"": """", ""record_value"": """"}"
0,2026-01-29 19:50:50,"{""cell"": [1927, 6], ""error_types"": [""A numerical value was found with a value of greater than > 10 stds from the mean""], ""cell_value"": """", ""record_value"": """"}"
0,2026-01-29 19:50:50,"{""cell"": [1928, 6], ""error_types"": [""A numerical value was found with a value of greater than > 10 stds from the mean""], ""cell_value"": """", ""record_value"": """"}"
0,2026-01-29 19:50:50,"{""cell"": [1929, 6], ""error_types"": [""A numerical value was found with a value of greater than > 10 stds from the mean""], ""cell_value"": """", ""record_value"": """"}"
0,2026-01-29 19:50:50,"{""cell"": [1930, 6], ""error_types"": [""A numerical value was found with a value of greater than > 10 stds from the mean""], ""cell_value"": """", ""record_value"": """"}"
0,2026-01-29 19:50:50,"{""cell"": [1932, 6], ""error_types"": [""A numerical value was found with a value of greater than > 10 stds from the mean""], ""cell_value"": """", ""record_value"": """"}"
0,2026-01-29 19:50:50,"{""cell"": [1935, 6], ""error_types"": [""A numerical value was found with a value of greater than > 10 stds from the mean""], ""cell_value"": """", ""record_value"": """"}"
0,2026-01-29 19:50:50,"{""cell"": [1940, 6], ""error_types"": [""A numerical value was found with a value of greater than > 10 stds from the mean""], ""cell_value"": """", ""record_value"": """"}"
0,2026-01-29 19:50:50,"{""cell"": [1942, 6], ""error_types"": [""A numerical value was found with a value of greater than > 10 stds from the mean""], ""cell_value"": """", ""record_value"": """"}"
0,2026-01-29 19:50:50,"{""cell"": [1955, 6], ""error_types"": [""A numerical value was found with a value of greater than > 10 stds from the mean""], ""cell_value"": """", ""record_value"": """"}"
0,2026-01-29 19:50:50,"{""cell"": [1963, 6], ""error_types"": [""A numerical value was found with a value of greater than > 10 stds from the mean""], ""cell_value"": """", ""record_value"": """"}"
0,2026-01-29 19:50:50,"{""cell"": [1969, 6], ""error_types"": [""A numerical value was found with a value of greater than > 10 stds from the mean""], ""cell_value"": """", ""record_value"": """"}"
0,2026-01-29 19:50:50,"{""cell"": [1970, 6], ""error_types"": [""A numerical value was found with a value of greater than > 10 stds from the mean""], ""cell_value"": """", ""record_value"": """"}"
0,2026-01-29 19:50:50,"{""cell"": [1971, 6], ""error_types"": [""A numerical value was found with a value of greater than > 10 stds from the mean""], ""cell_value"": """", ""record_value"": """"}"
0,2026-01-29 19:50:50,"{""cell"": [1972, 6], ""error_types"": [""A numerical value was found with a value of greater than > 10 stds from the mean""], ""cell_value"": """", ""record_value"": """"}"
0,2026-01-29 19:50:50,"{""cell"": [1973, 6], ""error_types"": [""A numerical value was found with a value of greater than > 10 stds from the mean""], ""cell_value"": """", ""record_value"": """"}"
0,2026-01-29 19:50:50,"{""cell"": [1974, 6], ""error_types"": [""A numerical value was found with a value of greater than > 10 stds from the mean""], ""cell_value"": """", ""record_value"": """"}"
0,2026-01-29 19:50:50,"{""cell"": [1975, 6], ""error_types"": [""A numerical value was found with a value of greater than > 10 stds from the mean""], ""cell_value"": """", ""record_value"": """"}"
0,2026-01-29 19:50:50,"{""cell"": [1976, 6], ""error_types"": [""A numerical value was found with a value of greater than > 10 stds from the mean""], ""cell_value"": """", ""record_value"": """"}"
0,2026-01-29 19:50:50,"{""cell"": [1977, 6], ""error_types"": [""A numerical value was found with a value of greater than > 10 stds from the mean""], ""cell_value"": """", ""record_value"": """"}"
0,2026-01-29 19:50:50,"{""cell"": [1978, 6], ""error_types"": [""A numerical value was found with a value of greater than > 10 stds from the mean""], ""cell_value"": """", ""record_value"": """"}"
0,2026-01-29 19:50:50,"{""cell"": [1979, 6], ""error_types"": [""A numerical value was found with a value of greater than > 10 stds from the mean""], ""cell_value"": """", ""record_value"": """"}"
0,2026-01-29 19:50:50,"{""cell"": [1980, 6], ""error_types"": [""A numerical value was found with a value of greater than > 10 stds from the mean""], ""cell_value"": """", ""record_value"": """"}"
0,2026-01-29 19:50:50,"{""cell"": [1981, 6], ""error_types"": [""A numerical value was found with a value of greater than > 10 stds from the mean""], ""cell_value"": """", ""record_value"": """"}"
0,2026-01-29 19:50:50,"{""cell"": [1984, 6], ""error_types"": [""A numerical value was found with a value of greater than > 10 stds from the mean""], ""cell_value"": """", ""record_value"": """"}"
0,2026-01-29 19:50:50,"{""cell"": [1985, 6], ""error_types"": [""A numerical value was found with a value of greater than > 10 stds from the mean""], ""cell_value"": """", ""record_value"": """"}"
0,2026-01-29 19:50:50,"{""cell"": [2003, 6], ""error_types"": [""A numerical value was found with a value of greater than > 10 stds from the mean""], ""cell_value"": """", ""record_value"": """"}"
0,2026-01-29 19:50:50,"{""cell"": [2008, 6], ""error_types"": [""A numerical value was found with a value of greater than > 10 stds from the mean""], ""cell_value"": """", ""record_value"": """"}"
0,2026-01-29 19:50:50,"{""cell"": [2017, 6], ""error_types"": [""A numerical value was found with a value of greater than > 10 stds from the mean""], ""cell_value"": """", ""record_value"": """"}"
0,2026-01-29 19:50:50,"{""cell"": [2018, 6], ""error_types"": [""A numerical value was found with a value of greater than > 10 stds from the mean""], ""cell_value"": """", ""record_value"": """"}"
0,2026-01-29 19:50:50,"{""cell"": [2019, 6], ""error_types"": [""A numerical value was found with a value of greater than > 10 stds from the mean""], ""cell_value"": """", ""record_value"": """"}"
0,2026-01-29 19:50:50,"{""cell"": [2020, 6], ""error_types"": [""A numerical value was found with a value of greater than > 10 stds from the mean""], ""cell_value"": """", ""record_value"": """"}"
0,2026-01-29 19:50:50,"{""cell"": [2024, 6], ""error_types"": [""A numerical value was found with a value of greater than > 10 stds from the mean""], ""cell_value"": """", ""record_value"": """"}"
0,2026-01-29 19:50:50,"{""cell"": [2033, 6], ""error_types"": [""A numerical value was found with a value of greater than > 10 stds from the mean""], ""cell_value"": """", ""record_value"": """"}"
0,2026-01-29 19:50:50,"{""cell"": [2044, 6], ""error_types"": [""A numerical value was found with a value of greater than > 10 stds from the mean""], ""cell_value"": """", ""record_value"": """"}"
0,2026-01-29 19:50:50,"{""cell"": [2051, 6], ""error_types"": [""A numerical value was found with a value of greater than > 10 stds from the mean""], ""cell_value"": """", ""record_value"": """"}"
0,2026-01-29 19:50:50,"{""cell"": [2052, 6], ""error_types"": [""A numerical value was found with a value of greater than > 10 stds from the mean""], ""cell_value"": """", ""record_value"": """"}"
0,2026-01-29 19:50:50,"{""cell"": [2056, 6], ""error_types"": [""A numerical value was found with a value of greater than > 10 stds from the mean""], ""cell_value"": """", ""record_value"": """"}"
0,2026-01-29 19:50:50,"{""cell"": [2061, 6], ""error_types"": [""A numerical value was found with a value of greater than > 10 stds from the mean""], ""cell_value"": """", ""record_value"": """"}"
0,2026-01-29 19:50:50,"{""cell"": [2070, 6], ""error_types"": [""A numerical value was found with a value of greater than > 10 stds from the mean""], ""cell_value"": """", ""record_value"": """"}"
0,2026-01-29 19:50:50,"{""cell"": [2071, 6], ""error_types"": [""A numerical value was found with a value of greater than > 10 stds from the mean""], ""cell_value"": """", ""record_value"": """"}"
0,2026-01-29 19:50:50,"{""cell"": [2072, 6], ""error_types"": [""A numerical value was found with a value of greater than > 10 stds from the mean""], ""cell_value"": """", ""record_value"": """"}"
0,2026-01-29 19:50:50,"{""cell"": [2073, 6], ""error_types"": [""A numerical value was found with a value of greater than > 10 stds from the mean""], ""cell_value"": """", ""record_value"": """"}"
0,2026-01-29 19:50:50,"{""cell"": [2090, 6], ""error_types"": [""A numerical value was found with a value of greater than > 10 stds from the mean""], ""cell_value"": """", ""record_value"": """"}"
0,2026-01-29 19:50:50,"{""cell"": [2092, 6], ""error_types"": [""A numerical value was found with a value of greater than > 10 stds from the mean""], ""cell_value"": """", ""record_value"": """"}"
0,2026-01-29 19:50:50,"{""cell"": [2093, 6], ""error_types"": [""A numerical value was found with a value of greater than > 10 stds from the mean""], ""cell_value"": """", ""record_value"": """"}"
0,2026-01-29 19:50:50,"{""cell"": [2094, 6], ""error_types"": [""A numerical value was found with a value of greater than > 10 stds from the mean""], ""cell_value"": """", ""record_value"": """"}"
0,2026-01-29 19:50:50,"{""cell"": [2096, 6], ""error_types"": [""A numerical value was found with a value of greater than > 10 stds from the mean""], ""cell_value"": """", ""record_value"": """"}"
0,2026-01-29 19:50:50,"{""cell"": [2113, 6], ""error_types"": [""A numerical value was found with a value of greater than > 10 stds from the mean""], ""cell_value"": """", ""record_value"": """"}"
0,2026-01-29 19:50:50,"{""cell"": [2114, 6], ""error_types"": [""A numerical value was found with a value of greater than > 10 stds from the mean""], ""cell_value"": """", ""record_value"": """"}"
0,2026-01-29 19:50:50,"{""cell"": [2121, 6], ""error_types"": [""A numerical value was found with a value of greater than > 10 stds from the mean""], ""cell_value"": """", ""record_value"": """"}"
0,2026-01-29 19:50:50,"{""cell"": [2122, 6], ""error_types"": [""A numerical value was found with a value of greater than > 10 stds from the mean""], ""cell_value"": """", ""record_value"": """"}"
0,2026-01-29 19:50:50,"{""cell"": [2123, 6], ""error_types"": [""A numerical value was found with a value of greater than > 10 stds from the mean""], ""cell_value"": """", ""record_value"": """"}"
0,2026-01-29 19:50:50,"{""cell"": [2126, 6], ""error_types"": [""A numerical value was found with a value of greater than > 10 stds from the mean""], ""cell_value"": """", ""record_value"": """"}"
0,2026-01-29 19:50:50,"{""cell"": [2127, 6], ""error_types"": [""A numerical value was found with a value of greater than > 10 stds from the mean""], ""cell_value"": """", ""record_value"": """"}"
0,2026-01-29 19:50:50,"{""cell"": [2129, 6], ""error_types"": [""A numerical value was found with a value of greater than > 10 stds from the mean""], ""cell_value"": """", ""record_value"": """"}"
0,2026-01-29 19:50:50,"{""cell"": [2130, 6], ""error_types"": [""A numerical value was found with a value of greater than > 10 stds from the mean""], ""cell_value"": """", ""record_value"": """"}"
0,2026-01-29 19:50:50,"{""cell"": [2131, 6], ""error_types"": [""A numerical value was found with a value of greater than > 10 stds from the mean""], ""cell_value"": """", ""record_value"": """"}"
0,2026-01-29 19:50:50,"{""cell"": [2132, 6], ""error_types"": [""A numerical value was found with a value of greater than > 10 stds from the mean""], ""cell_value"": """", ""record_value"": """"}"
0,2026-01-29 19:50:50,"{""cell"": [2133, 6], ""error_types"": [""A numerical value was found with a value of greater than > 10 stds from the mean""], ""cell_value"": """", ""record_value"": """"}"
0,2026-01-29 19:50:50,"{""cell"": [2134, 6], ""error_types"": [""A numerical value was found with a value of greater than > 10 stds from the mean""], ""cell_value"": """", ""record_value"": """"}"
0,2026-01-29 19:50:50,"{""cell"": [2140, 6], ""error_types"": [""A numerical value was found with a value of greater than > 10 stds from the mean""], ""cell_value"": """", ""record_value"": """"}"
0,2026-01-29 19:50:50,"{""cell"": [2141, 6], ""error_types"": [""A numerical value was found with a value of greater than > 10 stds from the mean""], ""cell_value"": """", ""record_value"": """"}"
0,2026-01-29 19:50:50,"{""cell"": [2142, 6], ""error_types"": [""A numerical value was found with a value of greater than > 10 stds from the mean""], ""cell_value"": """", ""record_value"": """"}"
0,2026-01-29 19:50:50,"{""cell"": [2143, 6], ""error_types"": [""A numerical value was found with a value of greater than > 10 stds from the mean""], ""cell_value"": """", ""record_value"": """"}"
0,2026-01-29 19:50:50,"{""cell"": [2150, 6], ""error_types"": [""A numerical value was found with a value of greater than > 10 stds from the mean""], ""cell_value"": """", ""record_value"": """"}"
0,2026-01-29 19:50:50,"{""cell"": [2151, 6], ""error_types"": [""A numerical value was found with a value of greater than > 10 stds from the mean""], ""cell_value"": """", ""record_value"": """"}"
0,2026-01-29 19:50:50,"{""cell"": [2152, 6], ""error_types"": [""A numerical value was found with a value of greater than > 10 stds from the mean""], ""cell_value"": """", ""record_value"": """"}"
0,2026-01-29 19:50:50,"{""cell"": [2157, 6], ""error_types"": [""A numerical value was found with a value of greater than > 10 stds from the mean""], ""cell_value"": """", ""record_value"": """"}"
0,2026-01-29 19:50:50,"{""cell"": [2158, 6], ""error_types"": [""A numerical value was found with a value of greater than > 10 stds from the mean""], ""cell_value"": """", ""record_value"": """"}"
0,2026-01-29 19:50:50,"{""cell"": [2162, 6], ""error_types"": [""A numerical value was found with a value of greater than > 10 stds from the mean""], ""cell_value"": """", ""record_value"": """"}"
0,2026-01-29 19:50:50,"{""cell"": [2163, 6], ""error_types"": [""A numerical value was found with a value of greater than > 10 stds from the mean""], ""cell_value"": """", ""record_value"": """"}"
0,2026-01-29 19:50:50,"{""cell"": [2164, 6], ""error_types"": [""A numerical value was found with a value of greater than > 10 stds from the mean""], ""cell_value"": """", ""record_value"": """"}"
0,2026-01-29 19:50:50,"{""cell"": [2165, 6], ""error_types"": [""A numerical value was found with a value of greater than > 10 stds from the mean""], ""cell_value"": """", ""record_value"": """"}"
0,2026-01-29 19:50:50,"{""cell"": [2166, 6], ""error_types"": [""A numerical value was found with a value of greater than > 10 stds from the mean""], ""cell_value"": """", ""record_value"": """"}"
0,2026-01-29 19:50:50,"{""cell"": [2167, 6], ""error_types"": [""A numerical value was found with a value of greater than > 10 stds from the mean""], ""cell_value"": """", ""record_value"": """"}"
0,2026-01-29 19:50:50,"{""cell"": [2168, 6], ""error_types"": [""A numerical value was found with a value of greater than > 10 stds from the mean""], ""cell_value"": """", ""record_value"": """"}"
0,2026-01-29 19:50:50,"{""cell"": [2170, 6], ""error_types"": [""A numerical value was found with a value of greater than > 10 stds from the mean""], ""cell_value"": """", ""record_value"": """"}"
0,2026-01-29 19:50:50,"{""cell"": [2171, 6], ""error_types"": [""A numerical value was found with a value of greater than > 10 stds from the mean""], ""cell_value"": """", ""record_value"": """"}"
0,2026-01-29 19:50:50,"{""cell"": [2172, 6], ""error_types"": [""A numerical value was found with a value of greater than > 10 stds from the mean""], ""cell_value"": """", ""record_value"": """"}"
0,2026-01-29 19:50:50,"{""cell"": [2183, 6], ""error_types"": [""A numerical value was found with a value of greater than > 10 stds from the mean""], ""cell_value"": """", ""record_value"": """"}"
0,2026-01-29 19:50:50,"{""cell"": [2184, 6], ""error_types"": [""A numerical value was found with a value of greater than > 10 stds from the mean""], ""cell_value"": """", ""record_value"": """"}"
0,2026-01-29 19:50:50,"{""cell"": [2185, 6], ""error_types"": [""A numerical value was found with a value of greater than > 10 stds from the mean""], ""cell_value"": """", ""record_value"": """"}"
0,2026-01-29 19:50:50,"{""cell"": [2186, 6], ""error_types"": [""A numerical value was found with a value of greater than > 10 stds from the mean""], ""cell_value"": """", ""record_value"": """"}"
0,2026-01-29 19:50:50,"{""cell"": [2190, 6], ""error_types"": [""A numerical value was found with a value of greater than > 10 stds from the mean""], ""cell_value"": """", ""record_value"": """"}"
0,2026-01-29 19:50:50,"{""cell"": [2196, 6], ""error_types"": [""A numerical value was found with a value of greater than > 10 stds from the mean""], ""cell_value"": """", ""record_value"": """"}"
0,2026-01-29 19:50:50,"{""cell"": [2205, 6], ""error_types"": [""A numerical value was found with a value of greater than > 10 stds from the mean""], ""cell_value"": """", ""record_value"": """"}"
0,2026-01-29 19:50:50,"{""cell"": [2206, 6], ""error_types"": [""A numerical value was found with a value of greater than > 10 stds from the mean""], ""cell_value"": """", ""record_value"": """"}"
0,2026-01-29 19:50:50,"{""cell"": [2208, 6], ""error_types"": [""A numerical value was found with a value of greater than > 10 stds from the mean""], ""cell_value"": """", ""record_value"": """"}"
0,2026-01-29 19:50:50,"{""cell"": [2210, 6], ""error_types"": [""A numerical value was found with a value of greater than > 10 stds from the mean""], ""cell_value"": """", ""record_value"": """"}"
0,2026-01-29 19:50:50,"{""cell"": [2211, 6], ""error_types"": [""A numerical value was found with a value of greater than > 10 stds from the mean""], ""cell_value"": """", ""record_value"": """"}"
0,2026-01-29 19:50:50,"{""cell"": [2212, 6], ""error_types"": [""A numerical value was found with a value of greater than > 10 stds from the mean""], ""cell_value"": """", ""record_value"": """"}"
0,2026-01-29 19:50:50,"{""cell"": [2213, 6], ""error_types"": [""A numerical value was found with a value of greater than > 10 stds from the mean""], ""cell_value"": """", ""record_value"": """"}"
0,2026-01-29 19:50:50,"{""cell"": [2227, 6], ""error_types"": [""A numerical value was found with a value of greater than > 10 stds from the mean""], ""cell_value"": """", ""record_value"": """"}"
0,2026-01-29 19:50:50,"{""cell"": [2234, 6], ""error_types"": [""A numerical value was found with a value of greater than > 10 stds from the mean""], ""cell_value"": """", ""record_value"": """"}"
0,2026-01-29 19:50:50,"{""cell"": [2241, 6], ""error_types"": [""A numerical value was found with a value of greater than > 10 stds from the mean""], ""cell_value"": """", ""record_value"": """"}"
0,2026-01-29 19:50:50,"{""cell"": [2242, 6], ""error_types"": [""A numerical value was found with a value of greater than > 10 stds from the mean""], ""cell_value"": """", ""record_value"": """"}"
0,2026-01-29 19:50:50,"{""cell"": [2244, 6], ""error_types"": [""A numerical value was found with a value of greater than > 10 stds from the mean""], ""cell_value"": """", ""record_value"": """"}"
0,2026-01-29 19:50:50,"{""cell"": [2245, 6], ""error_types"": [""A numerical value was found with a value of greater than > 10 stds from the mean""], ""cell_value"": """", ""record_value"": """"}"
0,2026-01-29 19:50:50,"{""cell"": [2246, 6], ""error_types"": [""A numerical value was found with a value of greater than > 10 stds from the mean""], ""cell_value"": """", ""record_value"": """"}"
0,2026-01-29 19:50:50,"{""cell"": [2247, 6], ""error_types"": [""A numerical value was found with a value of greater than > 10 stds from the mean""], ""cell_value"": """", ""record_value"": """"}"
0,2026-01-29 19:50:50,"{""cell"": [2248, 6], ""error_types"": [""A numerical value was found with a value of greater than > 10 stds from the mean""], ""cell_value"": """", ""record_value"": """"}"
0,2026-01-29 19:50:50,"{""cell"": [2249, 6], ""error_types"": [""A numerical value was found with a value of greater than > 10 stds from the mean""], ""cell_value"": """", ""record_value"": """"}"
0,2026-01-29 19:50:50,"{""cell"": [2250, 6], ""error_types"": [""A numerical value was found with a value of greater than > 10 stds from the mean""], ""cell_value"": """", ""record_value"": """"}"
0,2026-01-29 19:50:50,"{""cell"": [2260, 6], ""error_types"": [""A numerical value was found with a value of greater than > 10 stds from the mean""], ""cell_value"": """", ""record_value"": """"}"
0,2026-01-29 19:50:50,"{""cell"": [2263, 6], ""error_types"": [""A numerical value was found with a value of greater than > 10 stds from the mean""], ""cell_value"": """", ""record_value"": """"}"
0,2026-01-29 19:50:50,"{""cell"": [2264, 6], ""error_types"": [""A numerical value was found with a value of greater than > 10 stds from the mean""], ""cell_value"": """", ""record_value"": """"}"
0,2026-01-29 19:50:50,"{""cell"": [2265, 6], ""error_types"": [""A numerical value was found with a value of greater than > 10 stds from the mean""], ""cell_value"": """", ""record_value"": """"}"
0,2026-01-29 19:50:50,"{""cell"": [2266, 6], ""error_types"": [""A numerical value was found with a value of greater than > 10 stds from the mean""], ""cell_value"": """", ""record_value"": """"}"
0,2026-01-29 19:50:50,"{""cell"": [2267, 6], ""error_types"": [""A numerical value was found with a value of greater than > 10 stds from the mean""], ""cell_value"": """", ""record_value"": """"}"
0,2026-01-29 19:50:50,"{""cell"": [2268, 6], ""error_types"": [""A numerical value was found with a value of greater than > 10 stds from the mean""], ""cell_value"": """", ""record_value"": """"}"
0,2026-01-29 19:50:50,"{""cell"": [2269, 6], ""error_types"": [""A numerical value was found with a value of greater than > 10 stds from the mean""], ""cell_value"": """", ""record_value"": """"}"
0,2026-01-29 19:50:50,"{""cell"": [2270, 6], ""error_types"": [""A numerical value was found with a value of greater than > 10 stds from the mean""], ""cell_value"": """", ""record_value"": """"}"
0,2026-01-29 19:50:50,"{""cell"": [2273, 6], ""error_types"": [""A numerical value was found with a value of greater than > 10 stds from the mean""], ""cell_value"": """", ""record_value"": """"}"
0,2026-01-29 19:50:50,"{""cell"": [2274, 6], ""error_types"": [""A numerical value was found with a value of greater than > 10 stds from the mean""], ""cell_value"": """", ""record_value"": """"}"
0,2026-01-29 19:50:50,"{""cell"": [2277, 6], ""error_types"": [""A numerical value was found with a value of greater than > 10 stds from the mean""], ""cell_value"": """", ""record_value"": """"}"
0,2026-01-29 19:50:50,"{""cell"": [2278, 6], ""error_types"": [""A numerical value was found with a value of greater than > 10 stds from the mean""], ""cell_value"": """", ""record_value"": """"}"
0,2026-01-29 19:50:50,"{""cell"": [2279, 6], ""error_types"": [""A numerical value was found with a value of greater than > 10 stds from the mean""], ""cell_value"": """", ""record_value"": """"}"
0,2026-01-29 19:50:50,"{""cell"": [2282, 6], ""error_types"": [""A numerical value was found with a value of greater than > 10 stds from the mean""], ""cell_value"": """", ""record_value"": """"}"
0,2026-01-29 19:50:50,"{""cell"": [2283, 6], ""error_types"": [""A numerical value was found with a value of greater than > 10 stds from the mean""], ""cell_value"": """", ""record_value"": """"}"
0,2026-01-29 19:50:50,"{""cell"": [2287, 6], ""error_types"": [""A numerical value was found with a value of greater than > 10 stds from the mean""], ""cell_value"": """", ""record_value"": """"}"
0,2026-01-29 19:50:50,"{""cell"": [2288, 6], ""error_types"": [""A numerical value was found with a value of greater than > 10 stds from the mean""], ""cell_value"": """", ""record_value"": """"}"
0,2026-01-29 19:50:50,"{""cell"": [2290, 6], ""error_types"": [""A numerical value was found with a value of greater than > 10 stds from the mean""], ""cell_value"": """", ""record_value"": """"}"
0,2026-01-29 19:50:50,"{""cell"": [2293, 6], ""error_types"": [""A numerical value was found with a value of greater than > 10 stds from the mean""], ""cell_value"": """", ""record_value"": """"}"
0,2026-01-29 19:50:50,"{""cell"": [2294, 6], ""error_types"": [""A numerical value was found with a value of greater than > 10 stds from the mean""], ""cell_value"": """", ""record_value"": """"}"
0,2026-01-29 19:50:50,"{""cell"": [2295, 6], ""error_types"": [""A numerical value was found with a value of greater than > 10 stds from the mean""], ""cell_value"": """", ""record_value"": """"}"
0,2026-01-29 19:50:50,"{""cell"": [2298, 6], ""error_types"": [""A numerical value was found with a value of greater than > 10 stds from the mean""], ""cell_value"": """", ""record_value"": """"}"
0,2026-01-29 19:50:50,"{""cell"": [2300, 6], ""error_types"": [""A numerical value was found with a value of greater than > 10 stds from the mean""], ""cell_value"": """", ""record_value"": """"}"
0,2026-01-29 19:50:50,"{""cell"": [2301, 6], ""error_types"": [""A numerical value was found with a value of greater than > 10 stds from the mean""], ""cell_value"": """", ""record_value"": """"}"
0,2026-01-29 19:50:50,"{""cell"": [2302, 6], ""error_types"": [""A numerical value was found with a value of greater than > 10 stds from the mean""], ""cell_value"": """", ""record_value"": """"}"
0,2026-01-29 19:50:50,"{""cell"": [2303, 6], ""error_types"": [""A numerical value was found with a value of greater than > 10 stds from the mean""], ""cell_value"": """", ""record_value"": """"}"
0,2026-01-29 19:50:50,"{""cell"": [2305, 6], ""error_types"": [""A numerical value was found with a value of greater than > 10 stds from the mean""], ""cell_value"": """", ""record_value"": """"}"
0,2026-01-29 19:50:50,"{""cell"": [2306, 6], ""error_types"": [""A numerical value was found with a value of greater than > 10 stds from the mean""], ""cell_value"": """", ""record_value"": """"}"
0,2026-01-29 19:50:50,"{""cell"": [2307, 6], ""error_types"": [""A numerical value was found with a value of greater than > 10 stds from the mean""], ""cell_value"": """", ""record_value"": """"}"
0,2026-01-29 19:50:50,"{""cell"": [2308, 6], ""error_types"": [""A numerical value was found with a value of greater than > 10 stds from the mean""], ""cell_value"": """", ""record_value"": """"}"
0,2026-01-29 19:50:50,"{""cell"": [2309, 6], ""error_types"": [""A numerical value was found with a value of greater than > 10 stds from the mean""], ""cell_value"": """", ""record_value"": """"}"
0,2026-01-29 19:50:50,"{""cell"": [2310, 6], ""error_types"": [""A numerical value was found with a value of greater than > 10 stds from the mean""], ""cell_value"": """", ""record_value"": """"}"
0,2026-01-29 19:50:50,"{""cell"": [2311, 6], ""error_types"": [""A numerical value was found with a value of greater than > 10 stds from the mean""], ""cell_value"": """", ""record_value"": """"}"
0,2026-01-29 19:50:50,"{""cell"": [2321, 6], ""error_types"": [""A numerical value was found with a value of greater than > 10 stds from the mean""], ""cell_value"": """", ""record_value"": """"}"
0,2026-01-29 19:50:50,"{""cell"": [2323, 6], ""error_types"": [""A numerical value was found with a value of greater than > 10 stds from the mean""], ""cell_value"": """", ""record_value"": """"}"
0,2026-01-29 19:50:50,"{""cell"": [2329, 6], ""error_types"": [""A numerical value was found with a value of greater than > 10 stds from the mean""], ""cell_value"": """", ""record_value"": """"}"
0,2026-01-29 19:50:50,"{""cell"": [2332, 6], ""error_types"": [""A numerical value was found with a value of greater than > 10 stds from the mean""], ""cell_value"": """", ""record_value"": """"}"
0,2026-01-29 19:50:50,"{""cell"": [2333, 6], ""error_types"": [""A numerical value was found with a value of greater than > 10 stds from the mean""], ""cell_value"": """", ""record_value"": """"}"
0,2026-01-29 19:50:50,"{""cell"": [2334, 6], ""error_types"": [""A numerical value was found with a value of greater than > 10 stds from the mean""], ""cell_value"": """", ""record_value"": """"}"
0,2026-01-29 19:50:50,"{""cell"": [2335, 6], ""error_types"": [""A numerical value was found with a value of greater than > 10 stds from the mean""], ""cell_value"": """", ""record_value"": """"}"
0,2026-01-29 19:50:50,"{""cell"": [2336, 6], ""error_types"": [""A numerical value was found with a value of greater than > 10 stds from the mean""], ""cell_value"": """", ""record_value"": """"}"
0,2026-01-29 19:50:50,"{""cell"": [2337, 6], ""error_types"": [""A numerical value was found with a value of greater than > 10 stds from the mean""], ""cell_value"": """", ""record_value"": """"}"
0,2026-01-29 19:50:50,"{""cell"": [2338, 6], ""error_types"": [""A numerical value was found with a value of greater than > 10 stds from the mean""], ""cell_value"": """", ""record_value"": """"}"
0,2026-01-29 19:50:50,"{""cell"": [2343, 6], ""error_types"": [""A numerical value was found with a value of greater than > 10 stds from the mean""], ""cell_value"": """", ""record_value"": """"}"
0,2026-01-29 19:50:50,"{""cell"": [2345, 6], ""error_types"": [""A numerical value was found with a value of greater than > 10 stds from the mean""], ""cell_value"": """", ""record_value"": """"}"
0,2026-01-29 19:50:50,"{""cell"": [2346, 6], ""error_types"": [""A numerical value was found with a value of greater than > 10 stds from the mean""], ""cell_value"": """", ""record_value"": """"}"
0,2026-01-29 19:50:50,"{""cell"": [2347, 6], ""error_types"": [""A numerical value was found with a value of greater than > 10 stds from the mean""], ""cell_value"": """", ""record_value"": """"}"
0,2026-01-29 19:50:50,"{""cell"": [2349, 6], ""error_types"": [""A numerical value was found with a value of greater than > 10 stds from the mean""], ""cell_value"": """", ""record_value"": """"}"
0,2026-01-29 19:50:50,"{""cell"": [2351, 6], ""error_types"": [""A numerical value was found with a value of greater than > 10 stds from the mean""], ""cell_value"": """", ""record_value"": """"}"
0,2026-01-29 19:50:50,"{""cell"": [2352, 6], ""error_types"": [""A numerical value was found with a value of greater than > 10 stds from the mean""], ""cell_value"": """", ""record_value"": """"}"
0,2026-01-29 19:50:50,"{""cell"": [2353, 6], ""error_types"": [""A numerical value was found with a value of greater than > 10 stds from the mean""], ""cell_value"": """", ""record_value"": """"}"
0,2026-01-29 19:50:50,"{""cell"": [2354, 6], ""error_types"": [""A numerical value was found with a value of greater than > 10 stds from the mean""], ""cell_value"": """", ""record_value"": """"}"
0,2026-01-29 19:50:50,"{""cell"": [2355, 6], ""error_types"": [""A numerical value was found with a value of greater than > 10 stds from the mean""], ""cell_value"": """", ""record_value"": """"}"
0,2026-01-29 19:50:50,"{""cell"": [2356, 6], ""error_types"": [""A numerical value was found with a value of greater than > 10 stds from the mean""], ""cell_value"": """", ""record_value"": """"}"
0,2026-01-29 19:50:50,"{""cell"": [2361, 6], ""error_types"": [""A numerical value was found with a value of greater than > 10 stds from the mean""], ""cell_value"": """", ""record_value"": """"}"
0,2026-01-29 19:50:50,"{""cell"": [2362, 6], ""error_types"": [""A numerical value was found with a value of greater than > 10 stds from the mean""], ""cell_value"": """", ""record_value"": """"}"
0,2026-01-29 19:50:50,"{""cell"": [2368, 6], ""error_types"": [""A numerical value was found with a value of greater than > 10 stds from the mean""], ""cell_value"": """", ""record_value"": """"}"
0,2026-01-29 19:50:50,"{""cell"": [2374, 6], ""error_types"": [""A numerical value was found with a value of greater than > 10 stds from the mean""], ""cell_value"": """", ""record_value"": """"}"
0,2026-01-29 19:50:50,"{""cell"": [2375, 6], ""error_types"": [""A numerical value was found with a value of greater than > 10 stds from the mean""], ""cell_value"": """", ""record_value"": """"}"
0,2026-01-29 19:50:50,"{""cell"": [2376, 6], ""error_types"": [""A numerical value was found with a value of greater than > 10 stds from the mean""], ""cell_value"": """", ""record_value"": """"}"
0,2026-01-29 19:50:50,"{""cell"": [2377, 6], ""error_types"": [""A numerical value was found with a value of greater than > 10 stds from the mean""], ""cell_value"": """", ""record_value"": """"}"
0,2026-01-29 19:50:50,"{""cell"": [2378, 6], ""error_types"": [""A numerical value was found with a value of greater than > 10 stds from the mean""], ""cell_value"": """", ""record_value"": """"}"
0,2026-01-29 19:50:50,"{""cell"": [2381, 6], ""error_types"": [""A numerical value was found with a value of greater than > 10 stds from the mean""], ""cell_value"": """", ""record_value"": """"}"
0,2026-01-29 19:50:50,"{""cell"": [2383, 6], ""error_types"": [""A numerical value was found with a value of greater than > 10 stds from the mean""], ""cell_value"": """", ""record_value"": """"}"
0,2026-01-29 19:50:50,"{""cell"": [2385, 6], ""error_types"": [""A numerical value was found with a value of greater than > 10 stds from the mean""], ""cell_value"": """", ""record_value"": """"}"
0,2026-01-29 19:50:50,"{""cell"": [2389, 6], ""error_types"": [""A numerical value was found with a value of greater than > 10 stds from the mean""], ""cell_value"": """", ""record_value"": """"}"
0,2026-01-29 19:50:50,"{""cell"": [2392, 6], ""error_types"": [""A numerical value was found with a value of greater than > 10 stds from the mean""], ""cell_value"": """", ""record_value"": """"}"
0,2026-01-29 19:50:50,"{""cell"": [2401, 6], ""error_types"": [""A numerical value was found with a value of greater than > 10 stds from the mean""], ""cell_value"": """", ""record_value"": """"}"
0,2026-01-29 19:50:50,"{""cell"": [2402, 6], ""error_types"": [""A numerical value was found with a value of greater than > 10 stds from the mean""], ""cell_value"": """", ""record_value"": """"}"
0,2026-01-29 19:50:50,"{""cell"": [2403, 6], ""error_types"": [""A numerical value was found with a value of greater than > 10 stds from the mean""], ""cell_value"": """", ""record_value"": """"}"
0,2026-01-29 19:50:50,"{""cell"": [2404, 6], ""error_types"": [""A numerical value was found with a value of greater than > 10 stds from the mean""], ""cell_value"": """", ""record_value"": """"}"
0,2026-01-29 19:50:50,"{""cell"": [2406, 6], ""error_types"": [""A numerical value was found with a value of greater than > 10 stds from the mean""], ""cell_value"": """", ""record_value"": """"}"
0,2026-01-29 19:50:50,"{""cell"": [2407, 6], ""error_types"": [""A numerical value was found with a value of greater than > 10 stds from the mean""], ""cell_value"": """", ""record_value"": """"}"
0,2026-01-29 19:50:50,"{""cell"": [2409, 6], ""error_types"": [""A numerical value was found with a value of greater than > 10 stds from the mean""], ""cell_value"": """", ""record_value"": """"}"
0,2026-01-29 19:50:50,"{""cell"": [1051, 7], ""error_types"": [""A numerical value was found with a value of greater than > 10 stds from the mean""], ""cell_value"": """", ""record_value"": """"}"
0,2026-01-29 19:50:50,"{""cell"": [1554, 7], ""error_types"": [""A numerical value was found with a value of greater than > 10 stds from the mean""], ""cell_value"": """", ""record_value"": """"}"
