index,datetime,soil_temperature,454,458,462,466,470,474,478,482,486,490,494,498,502,506,510,514,518,522,526,530,534,538,542,546,550,554,558,562,566,570,574,578,582,586,590,594,598,602,606,610,614,618,622,626,630,634,638,642,646,650,654,658,662,666,670,674,678,682,686,690,694,698,702,706,710,714,718,722,726,730,734,738,742,746,750,754,758,762,766,770,774,778,782,786,790,794,798,802,806,810,814,818,822,826,830,834,838,842,846,850,854,858,862,866,870,874,878,882,886,890,894,898,902,906,910,914,918,922,926,930,934,938,942,946,950,soil_moisture
307,1495630829.0,38.9,0.041755799,0.06398019,0.057804303,0.055216281,0.054848634,0.054389901,0.054568439,0.054388528,0.05520929,0.056430148,0.056696525,0.058314445,0.059196731,0.075837697,0.063173089,0.064849918,0.066374557,0.068520902,0.070153656,0.072172534,0.07370393,0.075389055,0.077923842,0.07966619,0.081431369,0.08381869,0.085897908,0.088037198,0.090145234,0.092243992,0.094319661,0.096443039,0.098128289,0.099555887,0.101325942,0.102941176,0.104292853,0.105734544,0.107248441,0.108387264,0.109687542,0.110395858,0.111007473,0.111917233,0.11291995,0.114139104,0.11493883,0.116470175,0.117399876,0.118809584,0.119762585,0.121156022,0.122708997,0.123900047,0.124968809,0.126867979,0.128077042,0.129708122,0.130691427,0.131540757,0.133405722,0.134893654,0.13624491,0.138060469,0.139448221,0.140813619,0.141776572,0.142749544,0.144660481,0.145489486,0.146865509,0.14842001,0.149696723,0.15086612,0.15244543,0.153642225,0.154922937,0.155762593,0.156442209,0.157296705,0.157749265,0.158329946,0.167570784,0.160520706,0.161518077,0.162273432,0.162748128,0.163095841,0.163668492,0.164134568,0.164092122,0.163902813,0.164134675,0.164752645,0.16518569,0.165394877,0.165086562,0.164933244,0.16548974,0.166200973,0.166800384,0.166990663,0.167351028,0.167153281,0.167915185,0.168650172,0.168445821,0.167850049,0.167588781,0.16745883,0.167789598,0.168320005,0.169438825,0.1703728,0.170767324,0.170953759,0.170056727,0.171489077,0.17095559,0.170976864,0.171246965,0.167792575,0.17099462,0.171253475,0.171264773,32.86
421,1495638900.0,31.7,0.102797343,0.07094793,0.063252926,0.06100069,0.06001186,0.059856431,0.060186335,0.060728404,0.062091006,0.05842065,0.0639723,0.065798215,0.066975587,0.068958381,0.070152086,0.072017114,0.074255892,0.076153663,0.078064859,0.080145893,0.082737871,0.085232519,0.115288716,0.088938596,0.091798848,0.094501949,0.096450135,0.098928231,0.101282117,0.103486574,0.105600412,0.107511824,0.109957669,0.111522095,0.113119578,0.1148182,0.116350253,0.117634896,0.119536718,0.120787973,0.12189272,0.123202905,0.124161664,0.126291367,0.12713439,0.128744198,0.13131561,0.134466912,0.136386347,0.138842219,0.140677966,0.142376882,0.144658042,0.14749308,0.150868977,0.154108884,0.156830044,0.159590678,0.160554335,0.160185193,0.160263675,0.160597417,0.16080578,0.16168938,0.16235887,0.162658635,0.162362097,0.161498633,0.160927824,0.161191649,0.161872764,0.162827624,0.163924746,0.165494354,0.166830005,0.16831546,0.169980981,0.170816194,0.171261431,0.17163861,0.171974183,0.172692393,0.173159917,0.173969465,0.174540682,0.175210856,0.175932638,0.1762788,0.176390846,0.176901213,0.176436155,0.176859018,0.176808242,0.17661543,0.176933738,0.176568074,0.176761155,0.176547914,0.175978851,0.249237253,0.244804137,0.17632665,0.17668767,0.177341349,0.177130544,0.176802567,0.176942839,0.177587896,0.177900869,0.178351772,0.178613226,0.178848604,0.179048285,0.179151861,0.179288302,0.208922159,0.179311877,0.180210165,0.180233007,0.180407016,0.181010854,0.181575776,0.182016014,0.182134335,0.181526475,31.29
145,1495412241.4979098,33.9,0.083115674,0.058996768,0.05236172740448071,0.050970982,0.068809902,0.07126200028863947,0.050225345,0.051140828,0.051250507,0.05212386074919426,0.055254827421379986,0.054358165,0.05497836331048062,0.056833375,0.057935334,0.059590264,0.061181009,0.063084576,0.06478943316546952,0.066462601,0.068132282,0.07219670091994224,0.071660272,0.073416544,0.07620912182707082,0.077448397,0.079068175,0.07657471971493177,0.082870363,0.08574480575892429,0.08666494820301733,0.087923274,0.09173580517326513,0.091369331,0.092903016,0.09796587286863685,0.09589762,0.09650492,0.097573196,0.098522414,0.09977081198264505,0.22296868041598591,0.101812218,0.123496436,0.13476893765687922,0.104474325,0.105106984,0.10617172,0.107493165,0.10647334352463071,0.10923293,0.11476383449917307,0.111808428,0.1038,0.114251507,0.125568188,0.1282067883920549,0.118250145,0.119377105,0.1111,0.121774271,0.1342864142645147,0.13053423571070982,0.125485579,0.126749144,0.12877549847482825,0.129489633,0.131004502,0.131820051,0.13501354494244,0.1370540430981505,0.135581458,0.1258,0.13799294134402595,0.13930965536125486,0.140428253,0.141795107,0.14054263341998147,0.142551574,0.143022094,0.143364985,0.144294731,0.14841356295439057,0.145913521,0.1378,0.1384,0.148026094,0.1555697633603649,0.15834398921011725,0.149613117,0.150232699,0.150658862,0.1493836607905636,0.1584499577563253,0.15088114,0.14693270903298217,0.15067644,0.15786688048729558,0.150529699,0.151197398,0.14758425888661736,0.1462,0.153044587,0.1624637573339184,0.1641889393998039,0.153475516,0.153965405,0.154167313,0.169922039,0.15450309,0.154401616,0.154383236,0.154298314,0.154371294,0.1499,0.153518393,0.153372275,0.153781831,0.153600012,0.15032279409207713,0.15358097,0.153513197,0.15110365926488625,0.152190524,0.150890739,35.7
405,1495627816.0,32.8,0.0870689209835636,0.064152854,0.057660664,0.053899074,0.053517687,0.052863453,0.053069049,0.050443355722637244,0.054118476,0.060483514,0.056004429,0.05799530457474227,0.059350654,0.061245296,0.062057162,0.063268046,0.065188592,0.06645666106311379,0.069005038,0.070827474,0.071663048,0.066107448,0.075566424,0.07998699318136762,0.08242321180651593,0.081669967,0.08308038,0.085425095,0.08774204617073353,0.089406472,0.091931163,0.093135192,0.09682908478451493,0.095528066,0.097686737,0.10293221412966981,0.0889,0.09526187265793809,0.0907,0.142406067,0.14727978601289357,0.105405645,0.10362122578823244,0.0945,0.107912288,0.10850825778326634,0.109824145,0.111336647,0.112059141,0.100936581,0.115045561,0.12063865249241428,0.116915257,0.10786972911663892,0.119789496,0.1303172553418216,0.121973354,0.122729535,0.124488703,0.11434515950791352,0.127296091,0.128811163,0.130454576,0.13467871355788003,0.13557900123250688,0.134976839,0.13424276337452004,0.136955977,0.138111669,0.14178249154592645,0.14136654746708477,0.141807613,0.143779074,0.144973937,0.146284987,0.1470997189840958,0.19790547376243312,0.149288249,0.14931398,0.150463559,0.151731949,0.15333597,0.160376145,0.15369647,0.154384389,0.154951881,0.16593611839129205,0.151666287,0.154583931652453,0.156290985,0.157329832,0.16521167831097527,0.158447899,0.159702544,0.160060436,0.160147495,0.177585523,0.160929349,0.161558826,0.152618795,0.162101899,0.163358462,0.1644344,0.182752376,0.164602359,0.16421172,0.164159747,0.1638240508031576,0.165055963,0.16274468580121793,0.165415486,0.1540119881971464,0.2999,0.3005,0.166523712,0.166855355,0.16597862383966142,0.167534189,0.166926089,0.172091521,0.18803890290068542,0.1853709357209006,0.183252047012656,0.167137577,0.166595011,33.8
358,1497958007.0,40.5,0.11578457,0.077373641,0.057455968,0.064667352,0.063496846,0.063635003,0.062841462,0.062812869,0.060248482,0.064209951,0.064834173,0.066468196,0.068211108,0.070076027,0.071653215,0.07370765,0.075718125,0.077963469,0.079908899,0.082045297,0.084838277,0.086446462,0.089013035,0.091327329,0.093872837,0.096166985,0.099711265,0.101314759,0.104531995,0.106490469,0.108973417,0.110579145,0.113330858,0.115115549,0.117385103,0.118598793,0.120572183,0.121870745,0.123197112,0.124718807,0.126034401,0.127476055,0.129134904,0.12967463,0.131436792,0.131843037,0.108369733,0.13506231,0.136385996,0.137584676,0.138606549,0.140543198,0.142397896,0.143569735,0.144821441,0.146258093,0.162161255,0.149392386,0.151383827,0.152891904,0.154330951,0.155709885,0.156969664,0.15878844,0.160774796,0.162707728,0.163600316,0.165544246,0.16736001,0.168988754,0.170784773,0.172219665,0.174057719,0.175145894,0.176483061,0.178063495,0.179068075,0.179716753,0.18090068,0.181351867,0.182449953,0.182967729,0.183820214,0.185271801,0.185601068,0.185680459,0.186527801,0.187257622,0.187818345,0.188150281,0.188338375,0.187966216,0.187989735,0.188165413,0.188779412,0.189708626,0.190598255,0.191057385,0.191323204,0.191806451,0.191655471,0.191769198,0.191766804,0.192153676,0.192890693,0.193445379,0.193983455,0.194153533,0.195078947,0.195356622,0.195223293,0.195769418,0.195278049,0.196190564,0.196387509,0.197436178,0.198887259,0.197233458,0.199095009,0.199302835,0.199770011,0.200423011,0.20186959,0.202993792,0.205270645,28.38
613,1495798939.0,39.5,0.080351361,0.055700524,0.050059997,0.046548377,0.046230101,0.04542039099999999,0.045102444,0.045442226,0.045931486,0.047055729,0.047578286,0.049059408,0.049889272,0.051144707,0.052785023,0.054117371,0.056291903,0.058108638,0.059838796,0.061371036,0.062563341,0.064714926,0.066538655,0.06830421,0.069874921,0.071963233,0.073588619,0.075531747,0.077062164,0.079311345,0.080821879,0.082923884,0.08408825,0.085615954,0.087491479,0.088996531,0.090372214,0.091407116,0.092976464,0.093592799,0.094217645,0.095800783,0.096436488,0.097782827,0.098198576,0.099333525,0.100139045,0.100840692,0.10200585,0.103674817,0.104801897,0.105758985,0.106633534,0.108011874,0.109081932,0.110471123,0.111817224,0.113394401,0.114696401,0.115672564,0.116212939,0.117691036,0.119327513,0.120813414,0.122183843,0.123592598,0.125230751,0.12647905,0.12803521,0.12957429,0.130404333,0.131860116,0.133170936,0.134646566,0.135896837,0.137436434,0.138546322,0.138945304,0.139739827,0.140441167,0.141080738,0.142164306,0.174198749,0.144028457,0.14432378,0.145045504,0.146033296,0.146745359,0.147419753,0.147582308,0.147459554,0.147924072,0.148187787,0.148281873,0.148310242,0.147941076,0.147838257,0.148494324,0.148645532,0.14908073,0.149635414,0.150241101,0.150997328,0.151504642,0.152224579,0.152237543,0.152069747,0.152209269,0.152871964,0.153251304,0.153571384,0.153963951,0.154003658,0.154354046,0.154779255,0.155633535,0.156786698,0.157483865,0.157654561,0.157994014,0.157307447,0.157247814,0.15689199,0.15645365,0.155599869,33.13
612,1495462155.0,39.5,0.08321846,0.056730141,0.050359898,0.048085538,0.046582312,0.045990983,0.04576693,0.045962533,0.046605016,0.047402707,0.048259878,0.048793004,0.050135672,0.051432606,0.053051683,0.054770305,0.056323957,0.058062786,0.05979065,0.061819054,0.063071534,0.064698961,0.066942358,0.068689685,0.070616413,0.071990619,0.073918701,0.075717328,0.077568203,0.079502245,0.08079934,0.082872858,0.084320131,0.086132782,0.087995821,0.089352657,0.090233079,0.091196731,0.092483527,0.094055528,0.094567347,0.095831232,0.096601393,0.097266193,0.098150836,0.099266524,0.100453789,0.100990523,0.102000292,0.103059176,0.104829533,0.106153439,0.107379982,0.107998634,0.109083708,0.110653346,0.112175927,0.113381127,0.114496158,0.115651682,0.116626904,0.117976826,0.119686805,0.121162348,0.122863023,0.12388935,0.125428701,0.127032111,0.12864013,0.129619495,0.130637467,0.131932417,0.133169445,0.134412689,0.136592952,0.137987087,0.138452159,0.139208389,0.140454812,0.141127494,0.141540417,0.141927581,0.14260282,0.143581339,0.144216004,0.144860066,0.145642026,0.146399388,0.146797349,0.14647787,0.146658316,0.14669996,0.147281458,0.147765685,0.148247874,0.148612405,0.14890672,0.148654315,0.149291819,0.14966953,0.150676681,0.151566033,0.152045289,0.152240275,0.151905262,0.151544316,0.152148465,0.152822382,0.15349369,0.1536197,0.15370652,0.154064394,0.15416348,0.154573559,0.155517183,0.155857743,0.156478943,0.156317254,0.156897665,0.15716604,0.157169657,0.157263277,0.157470551,0.157608543,0.157095267,33.12
262,1495621007.0,32.3,0.099114618,0.07209649,0.06319053481404288,0.083868744,0.061117486,0.06446540798356891,0.06460986071436506,0.060936015,0.062919695,0.06296716351145534,0.064159765,0.054960538,0.067091051,0.069038581,0.06957631969181424,0.071470445,0.073891279,0.07538710978263795,0.077883187,0.0796497,0.07974638196543903,0.08391264507610986,0.08490584727887433,0.0676,0.0707080477318781,0.091889192,0.09550363050324585,0.096529152,0.097376281,0.10077622968811067,0.101480844,0.1072630330660403,0.11063533516156242,0.107456843,0.108903741,0.11457743127138267,0.11182694333342276,0.12069592600743288,0.151849228,0.15338703629096553,0.116196398,0.118018127,0.11577736278441692,0.119593618,0.13074706945826248,0.121877611,0.122883013,0.12332914913676489,0.125044326,0.12646408,0.129815459,0.13556656767036676,0.130574395,0.132007146,0.14004689785394336,0.134946101,0.13792428182678787,0.138129328,0.15190193532107735,0.140635301,0.1404850012004421,0.15341664056614282,0.15047966858181888,0.146425044,0.14816019223321034,0.148455106,0.149772368,0.151786981,0.14975874193488178,0.15405829,0.154850681,0.155865327,0.14452664024198678,0.1275,0.160419115,0.161524453,0.16224035,0.151826307,0.14909619710199978,0.163715757,0.164772926,0.166139203,0.17130634826382607,0.167964686,0.168658914,0.169329469,0.17891014216119186,0.170257708,0.17249227964414754,0.170671357,0.183262084,0.171477324,0.171445278,0.1791815830173772,0.172547594,0.172615551,0.172864817,0.17813794053162785,0.173718422,0.17264187187035135,0.1739701,0.173943981,0.175540031,0.175444519,0.17611668264339722,0.176893996,0.18056517131888097,0.218200454,0.20814274357597215,0.2144987747062348,0.179068317,0.16851944631176477,0.179608178,0.179434639,0.178712413,0.178056785,0.177762917,0.181256850619271,0.178182976,0.1721138637965249,0.2989,0.178550013,0.178751556,0.178094458,0.17277896110550833,38.53
196,1494935527.0,34.5,0.097307174,0.071822816,0.065320001,0.064169257,0.063341906,0.062667317,0.085197628,0.064011562,0.065387059,0.064661885,0.065655342,0.06764305,0.067542165,0.069995371,0.071330966,0.073115876,0.074290651,0.075769178,0.059336357,0.079489732,0.081089284,0.07867434,0.075375883,0.086600985,0.08724649,0.089502878,0.091438316,0.093167616,0.094816337,0.09622894,0.098770816,0.099837792,0.101863638,0.091301362,0.104669668,0.105754502,0.106948783,0.107376818,0.108584489,0.109543043,0.110506051,0.111107861,0.112063565,0.112457819,0.113417101,0.113975956,0.114413826,0.114916016,0.115860907,0.116578966,0.117824425,0.119225364,0.11876159,0.119649801,0.121016951,0.12206256,0.122756338,0.124222191,0.125260077,0.12596488,0.126679341,0.127259196,0.127576019,0.128500178,0.129578627,0.130942807,0.132713127,0.133752105,0.134787606,0.135085662,0.135707576,0.13630695,0.137391933,0.138505167,0.139905548,0.140967465,0.141237456,0.141065079,0.141127047,0.141919545,0.142746288,0.143163288,0.144080546,0.145354664,0.146494407,0.147085926,0.147709273,0.14802263,0.147674738,0.14703771,0.147041461,0.147494653,0.147405315,0.147467289,0.148168389,0.148869582,0.149234854,0.148902459,0.149416276,0.149833228,0.150498793,0.150453671,0.150839541,0.151395041,0.15138054,0.151313613,0.151252868,0.151560927,0.152154015,0.152629872,0.152905156,0.153081617,0.152559559,0.152310402,0.151365342,0.150858353,0.150672501,0.150624737,0.149166063,0.147971401,0.145962022,0.144263115,0.142459266,0.140546571,0.138599286,33.98
108,1494953751.0,45.1,0.129979078,0.087415426,0.076624282,0.073663385,0.072976447,0.073450499,0.059768298,0.07422831,0.090644563,0.077139498,0.078570405,0.08073137,0.082466982,0.08398914,0.086501329,0.08923362,0.091456496,0.094441173,0.097314396,0.099781512,0.102616438,0.105379548,0.108132445,0.110853069,0.11395442,0.117314763,0.119846044,0.122947134,0.125896408,0.128526163,0.130992624,0.133814412,0.136712677,0.139518649,0.141520306,0.143252864,0.145311951,0.135378792,0.149553788,0.152523348,0.15527958,0.157990187,0.16011236,0.16163603,0.163580975,0.165005442,0.183234584,0.169406687,0.171587749,0.173654263,0.176050342,0.178364573,0.12685709,0.18335263,0.186176113,0.189902965,0.193125851,0.1966984,0.199790445,0.201085023,0.20083349,0.2006908,0.201452176,0.202639177,0.204273416,0.206290801,0.207723419,0.208321873,0.208282756,0.208616375,0.209202257,0.209900037,0.211091968,0.212811767,0.214218434,0.215814016,0.217041633,0.216378524,0.214924476,0.21356797,0.212958088,0.212791822,0.213172653,0.213477139,0.214229993,0.215012491,0.216539234,0.217128933,0.217561944,0.217744935,0.218116007,0.21817459,0.217835024,0.215255636,0.217505961,0.217270124,0.217087783,0.217080229,0.216383633,0.216079125,0.215422738,0.180955424,0.215994124,0.211125893,0.216696724,0.217228115,0.21661443,0.148863252,0.215936731,0.215812661,0.21611368,0.216403018,0.217039054,0.21720103,0.216760168,0.216666486,0.216484009,0.216797481,0.217393264,0.218203831,0.219401833,0.219557465,0.219365061,0.218776793,0.217924446,27.51
628,1495801211.0,39.5,0.093009804,0.061604875,0.052427301,0.056326958,0.048135153,0.047766404,0.047273557,0.047311445,0.047822836,0.04862931,0.049042054,0.049929094,0.051323669,0.052458327,0.054097007,0.056000851,0.057243264,0.058771687,0.060888585,0.062261926,0.06437654,0.065871124,0.067646901,0.068721836,0.070980602,0.072725635,0.074532653,0.07640715,0.078646395,0.080367039,0.082105189,0.08347183,0.085278865,0.086831393,0.087787145,0.089648323,0.091121445,0.092130467,0.093161305,0.093971343,0.095082704,0.095983959,0.096976527,0.098180933,0.099338327,0.100076417,0.100345207,0.101723077,0.10310734,0.104043647,0.105139436,0.105983213,0.107410129,0.108610176,0.109826386,0.110811017,0.11234327,0.113664292,0.114837942,0.115914624,0.117011235,0.118224412,0.119577793,0.12089442,0.122414868,0.123656786,0.125384626,0.126761086,0.128074712,0.129471696,0.130529769,0.131881758,0.1330826,0.134537083,0.135809243,0.136724212,0.138138208,0.139465617,0.139819255,0.140584669,0.141494262,0.142309017,0.143070596,0.143462085,0.166407929,0.1452466,0.145595279,0.145602556,0.146140641,0.14649389,0.147299944,0.147466319,0.147903449,0.147853916,0.148291125,0.145572974,0.148991227,0.149367705,0.149581497,0.149624065,0.149452928,0.149803226,0.150229549,0.150838736,0.151651537,0.151989397,0.152286833,0.152526297,0.153074989,0.153772877,0.15453861,0.155714275,0.157120097,0.157931907,0.15896761,0.159755537,0.160430832,0.161404124,0.161586057,0.178954781,0.163599995,0.164144684,0.164946579,0.165576928,0.166229243,32.02
555,1495023321.087016,41.5,0.16345694376884318,0.111664775,0.09616449,0.11227218,0.111490854,0.10897252321619376,0.07352976,0.0705785221254158,0.1166,0.11718534,0.11819811961041105,0.1234,0.1264,0.05,0.05204995895808148,0.136589275,0.1407,0.1439443102090691,0.146585149,0.14190586377514391,0.15323331437871063,0.15868234306516077,0.1633,0.1667,0.121976563,0.12451545721489639,0.160298343,0.16726853579360346,0.1680298110373677,0.14038921502151971,0.13768604900287756,0.14346128670867758,0.198444539,0.202301776,0.2068,0.208305524,0.20834716853208607,0.2142,0.215053404,0.218450849,0.2214,0.21321264406789242,0.22400061600000004,0.22638458,0.226937447,0.20661839005582608,0.127804061,0.12886533965866137,0.235283813,0.22950220630416032,0.150985352,0.15696294881195152,0.16016714951789238,0.21028346,0.21223565815285322,0.21039497933026413,0.218276715,0.2124407430387359,0.2360502392445379,0.21733548471032363,0.2621,0.263,0.2647,0.262830846,0.244049956,0.253271962,0.268419819,0.271033222,0.26517542583290576,0.2761,0.2681819145912593,0.1901773983659094,0.1798820788499188,0.26041851113740017,0.26942312040506133,0.25712155,0.27748256905727264,0.289978271,0.290339706,0.2814204178450225,0.292132681,0.293262034,0.2969,0.293534206,0.2845911930600674,0.2991,0.2960122564954265,0.2996,0.257555059307343,0.298566759,0.298556,0.298869733,0.298990934,0.299230388,0.27971687703923226,0.298003576,0.29847818,0.298450728,0.298629141,0.297540101,0.297116846,0.298036214453252,0.28552466194994264,0.297622124,0.298008263,0.277700033,0.28960836789174715,0.298432935,0.27569822941718025,0.2996,0.2916413109567292,0.298680974,0.2999,0.3005,0.296662821,0.2988327358935333,0.29622978234944547,0.28392414856974957,0.2940311766014493,0.2780986728900552,0.2989,0.29489554052772887,0.2937758821818214,0.29649615501581505,0.225464837,25.63
335,1495030569.0,43.9,0.130366739,0.086708181,0.051445828,0.072660081,0.070911249,0.07125303,0.06966018,0.070471873,0.071210714,0.072087118,0.073495103,0.075655873,0.077726752,0.079343042,0.081164119,0.084122289,0.085857897,0.0889805,0.09134064,0.094257437,0.096389929,0.099403922,0.101236423,0.103511021,0.106722063,0.109805622,0.113110357,0.116113505,0.118006004,0.121094623,0.123739898,0.126229513,0.128317022,0.130732643,0.132093584,0.13458788,0.135851231,0.137838458,0.139693434,0.141161506,0.14318683,0.144663675,0.145492178,0.147096708,0.148043962,0.149077025,0.150370364,0.151596969,0.153368233,0.154745531,0.155998043,0.157779206,0.159618338,0.160617472,0.162551468,0.164062016,0.165337015,0.167068429,0.168838076,0.169986263,0.172579955,0.173908018,0.174887193,0.176622957,0.17558171,0.180888901,0.182234556,0.183715715,0.185276298,0.187069685,0.188430514,0.207162252,0.19244562,0.194396526,0.195951971,0.197170102,0.198338839,0.199540666,0.200556608,0.20089938,0.202062173,0.202760891,0.203967616,0.205019854,0.206228501,0.2072438,0.207929748,0.207861346,0.20756536,0.208027882,0.208808759,0.209445168,0.209791216,0.209790172,0.209479186,0.20965967,0.209653314,0.210232833,0.21054796,0.211731922,0.212042116,0.179904274,0.213069994,0.213927901,0.213572264,0.213709387,0.21382924,0.213580578,0.222352619,0.21392248,0.214016664,0.213703698,0.213494416,0.214469637,0.214884962,0.159529535,0.215231723,0.214334359,0.232471575,0.214695385,0.21566476,0.216019823,0.216716416,0.21655902,0.216902903,27.05
606,1495798098.0,39.5,0.081768501,0.072295482,0.050787465,0.047868798,0.04646388,0.046310026,0.046124991,0.046777892,0.04655716,0.048343913,0.048643863,0.049388736,0.050711722,0.052269463,0.053321558,0.054960695,0.056653609,0.058337061,0.060500477,0.0618716,0.063274883,0.065494338,0.067357799,0.068718568,0.070707907,0.072225345,0.074246484,0.075829287,0.077910181,0.079610751,0.081453718,0.083637533,0.084814621,0.086209338,0.087717011,0.088853453,0.090207605,0.091402041,0.092715739,0.094272802,0.09523883,0.096191019,0.096853161,0.097451946,0.098732711,0.099882643,0.100711981,0.101401237,0.102442308,0.103696969,0.1048277,0.106050208,0.10712845,0.108146809,0.109698195,0.11109174,0.11229383,0.114032705,0.114811687,0.115560146,0.117236469,0.118585694,0.119734495,0.120916722,0.122359606,0.124146206,0.125529613,0.126952947,0.128252755,0.129402784,0.130986805,0.132726409,0.132929132,0.135034332,0.136536147,0.13780213,0.138490156,0.139050088,0.139811054,0.14061022,0.141238177,0.141754578,0.142437681,0.14348697,0.144281273,0.144890457,0.145167784,0.146328126,0.146807833,0.147404491,0.147687997,0.180009766,0.147932268,0.148297987,0.148368492,0.148397057,0.149182835,0.149634603,0.15021924,0.151069494,0.150852946,0.151142576,0.151307224,0.151680421,0.152380394,0.153028031,0.153047887,0.153226006,0.153029263,0.153612903,0.153670131,0.154145963,0.155013972,0.155817998,0.155876092,0.156037236,0.156771804,0.157376937,0.15813812,0.158934608,0.15937499,0.1594065,0.159659616,0.159228394,0.158689292,33.57
180,1496511477.0,33.7,0.082348133,0.06121661219723343,0.05419674842943642,0.048822978,0.047261322,0.048087351,0.04680881,0.04428272161827186,0.048573842,0.049667894,0.049627044,0.051160989,0.05230271,0.05238198634545778,0.054916306,0.05875688502862713,0.05930314639521006,0.059053457,0.060985633,0.062276319,0.0624,0.06641415246597203,0.067502196,0.069502127,0.07154667,0.073104965,0.074842901,0.077018278,0.102278725,0.079929548,0.081362068,0.083305804,0.084549064,0.086499281,0.086,0.09289968509256259,0.09458549757339096,0.2142,0.092369986,0.093705709,0.094411217,0.0933,0.095799787,0.096725685,0.097568124,0.098728155,0.0972,0.10101327,0.101195152,0.102606585,0.10166164123089641,0.104799779,0.10840180794300466,0.1038,0.22022363577169507,0.109619706,0.110457382,0.1093,0.113208207,0.1111,0.115409437,0.12813691924174328,0.114,0.1244623,0.12463646467207046,0.121255568,0.123111228,0.12566135572296763,0.125606378,0.144010704,0.127099408,0.12827319697579634,0.130055357,0.14135307687596918,0.1328723,0.13451453094935165,0.13915125250426916,0.135272085,0.1331,0.136104651,0.13763538,0.1434745479203924,0.139298135,0.14009362,0.140974164,0.1384,0.14227039,0.14960502673247553,0.143265181,0.143416876,0.1415,0.144079137,0.144326726,0.144434803,0.14477845,0.1427,0.144981854,0.152664368616616,0.145248176,0.14669604063380384,0.146302697,0.146848674,0.147397516,0.147592269,0.147494865,0.147501437,0.14877085934908726,0.1481,0.14911839123593595,0.149674313,0.150459644,0.150767478,0.1580187477386838,0.150774117,0.151288428,0.151573273,0.1508964266368902,0.152250129,0.151859857,0.14878026899617966,0.151884811,0.14921632037029892,0.153060229,0.153524671,0.153170906,33.78
150,1494624255.0,33.6,0.084078756,0.056969995,0.052342726,0.050800724,0.049873364,0.049794016,0.050416195,0.049933062,0.050694416,0.052262003,0.052842481,0.053693703,0.054431589,0.056084141,0.057712314,0.05937831,0.060532895,0.062848495,0.063956444,0.065643656,0.067482883,0.069290642,0.071555082,0.073303004,0.074687024,0.076895429,0.078591646,0.080209257,0.082336077,0.083819694,0.085986478,0.111791841,0.089358461,0.091271182,0.092264364,0.093707229,0.094809872,0.09588111,0.098225378,0.097991322,0.099038085,0.100212196,0.101038781,0.102115588,0.102602699,0.10347617,0.105074647,0.105792599,0.106835929,0.108193709,0.108841007,0.110245235,0.111098239,0.112170673,0.113642811,0.11502108,0.116509686,0.117538548,0.118493597,0.119476642,0.120610617,0.121755753,0.12291934,0.124205088,0.126038107,0.127720443,0.129080286,0.129923308,0.130966169,0.132455771,0.13340698,0.134693266,0.13591052,0.136877606,0.14235853,0.139893223,0.140658311,0.141338466,0.141971764,0.142359502,0.142952936,0.143742767,0.144803387,0.145892205,0.146798953,0.147567697,0.148189623,0.148836509,0.148885229,0.148530629,0.148608547,0.149287199,0.14971717,0.149984973,0.150199159,0.15031622,0.150312681,0.150428687,0.159953397,0.150568806,0.151075995,0.151064202,0.151628351,0.151988447,0.151887457,0.15199663,0.151833833,0.152128805,0.153121323,0.153774455,0.154454212,0.15440842,0.154419003,0.154405423,0.154117067,0.153150346,0.152814518,0.152508144,0.152695328,0.15317816,0.153231349,0.153241016,0.152609679,0.151851578,0.150609894,35.54
587,1495880295.0,37.2,0.083186067,0.061737791468008923,0.11630000000000001,0.049922002,0.047850832366605076,0.048871376,0.048850933,0.049857537,0.050088568,0.051291895,0.05444994773149571,0.056257790321702535,0.059723819,0.055225186,0.056594749,0.06054140632522194,0.06136221268605922,0.06083196304489287,0.0635428749942321,0.073703081,0.066932586,0.069139831,0.07016594452214894,0.07197003,0.07484106191146912,0.14610742318077757,0.078514279,0.079672965,0.08209925236289538,0.083936073,0.08586272,0.087256909,0.087778957,0.090101136,0.092257858,0.09729608573111659,0.09891926341730917,0.10656462722307417,0.0907,0.098190879,0.099545448,0.100487514,0.101775997,0.09710363303657663,0.116142603,0.11529234696305758,0.11216552183487871,0.106903615,0.107377879,0.1063623533567555,0.110226994,0.111488564,0.11503958017759486,0.1038,0.1045,0.116931298,0.118117689,0.119733077,0.13107050155826527,0.1204212821282282,0.123255123,0.1357171651691669,0.1205602273584395,0.12573687004134904,0.129230144,0.13101977624973865,0.131894729,0.13498878490717603,0.13350001484844484,0.136717385,0.142981926,0.14588181577683437,0.13423954872897118,0.141695568,0.142822754,0.14385108928558002,0.15012324903590352,0.14342847551920423,0.146038942,0.14481265453484715,0.147614282,0.15425823198256755,0.15885521102554873,0.150463416,0.151962298,0.180595494,0.153151406,0.153837956,0.15667581070649492,0.1413,0.1415,0.154657641,0.15327517389620293,0.2999,0.154209177,0.154545977,0.155056496,0.16186845203863245,0.15333781419666648,0.1540683825312162,0.156758732,0.174658425,0.15812719,0.159038879,0.16104189221887708,0.1475,0.16107546,0.161099212,0.161073423,0.160516052,0.159827737,0.160407819,0.16729694713332474,0.15982451,0.159745736,0.16648104821901072,0.160075814,0.1659286230323806,0.174455737,0.158447802,0.157604336,0.15493592817931792,0.1525393705064863,0.153500403,0.150891754,34.91
186,1494934327.0,30.4,0.09291162,0.072829979,0.066160238,0.064175507,0.065424272,0.065106591,0.065053793,0.065224338,0.066019064,0.067217829,0.068905056,0.069846609,0.071698337,0.072494589,0.073753306,0.07451903,0.076141741,0.078675071,0.08020314,0.081241582,0.083300049,0.085305787,0.114409716,0.088899588,0.090334564,0.09212234,0.094228457,0.095756693,0.096975151,0.099465527,0.100447195,0.102695481,0.103839378,0.134598384,0.106300395,0.107930984,0.109214573,0.110141416,0.111218442,0.111538112,0.112509932,0.113230788,0.114119794,0.114583208,0.115918834,0.115953668,0.117058122,0.117693511,0.118127695,0.119545455,0.12040055,0.122198347,0.122217679,0.123086017,0.12422273,0.125398658,0.126412857,0.127052152,0.128295946,0.129593736,0.129603679,0.129734266,0.131065812,0.132622204,0.133370936,0.13549478,0.136889374,0.1375976,0.137736765,0.137622003,0.13879256,0.139782409,0.141187484,0.142382045,0.143562659,0.144313036,0.145458058,0.145956895,0.145923347,0.145745445,0.146110199,0.146819351,0.147890051,0.149038462,0.149998975,0.150842849,0.151316349,0.151574597,0.151125688,0.151413812,0.151944572,0.152127567,0.151967084,0.151958494,0.152549608,0.153207073,0.154144659,0.154665167,0.155565898,0.155934998,0.15603841,0.155976243,0.156347166,0.156239319,0.156506689,0.156329566,0.155885759,0.156223883,0.156489665,0.156256162,0.157169566,0.156906298,0.156156548,0.154852691,0.153229696,0.153119274,0.153019489,0.15267757,0.152157452,0.152072978,0.151641701,0.149536587,0.148496461,0.147483589,0.146332404,35.08
378,1495027094.0,42.1,0.115063911,0.08156521402135446,0.067071377,0.06728983173016462,0.06468452066204063,0.063018738,0.062799851,0.06001933367875472,0.05936515681874926,0.063815909,0.065285726,0.06836943139822697,0.07096311606457738,0.06802458084634577,0.0516,0.074808306,0.076691586,0.07826070480707403,0.07853920594390365,0.096262126,0.09935562469185778,0.108003471,0.089963455,0.0926552,0.09440433743068766,0.097672182,0.10095136383418869,0.102678005,0.105039252,0.1087168071584963,0.087432136,0.112162223,0.11542300530569691,0.116836853,0.11816517834984813,0.120201122,0.12149797541304826,0.13240124342393164,0.124192112,0.126179536,0.127309523,0.12170778169002462,0.129845306,0.12769177584076621,0.13909225068043485,0.13401795,0.134526287,0.1364278596477462,0.136764629,0.138596271,0.140584867,0.142185981,0.142973681,0.13822010116405622,0.1045,0.236035968,0.24267467979811974,0.23854501549083432,0.151758539,0.166886452,0.154507446,0.156003851,0.157333466,0.15897003752320815,0.1615968106218877,0.16219814,0.16237957632224104,0.1673614407069088,0.1216,0.12401812540109017,0.2783,0.171943034,0.16109324086288618,0.1275,0.176814245,0.1757454670352668,0.1882206469877366,0.179597475,0.173860692,0.17115116400299435,0.181986312,0.182727798,0.18869102773422822,0.18412365,0.18467238,0.183440154518812,0.186321659,0.186772043,0.18839985647925983,0.1874550361611307,0.187367938,0.1950379575757623,0.188038441,0.197390173,0.19278181728967686,0.188545872,0.188749935,0.19265041166862462,0.189060923,0.188974311,0.188945421,0.19511660367424477,0.213753813,0.189512167,0.190096455,0.19024307220722328,0.19500504004351318,0.190829123,0.18509617265134223,0.191737511,0.192399538,0.18950556,0.194521985,0.194844506,0.18764211357181704,0.19548033,0.195938982,0.19700882882362214,0.1471,0.196065651,0.21595125740260443,0.21328369434636024,0.21141946326472236,0.21086936926532143,0.196172141,27.74
329,1495015782.4260404,43.4867677232248,0.128855778,0.09014349725809223,0.073538281,0.070742914,0.069241569,0.068571429,0.068237543,0.06794022,0.068781059,0.069831124,0.071038266,0.073036175,0.07628717033068885,0.077124826,0.079116066,0.081036022,0.083767535,0.08552184147514771,0.088445765,0.09030792550152703,0.09232730969341504,0.09727323787948784,0.098537098,0.100662927,0.10197775208397238,0.1035707119623375,0.109336537,0.111927206,0.11374040640345408,0.116360322,0.119920241,0.121936871,0.124043132,0.136550223,0.12737074,0.129073545,0.131093756,0.14286074778336308,0.134644,0.136114857,0.138019415,0.13221093412423104,0.12945664555862232,0.22710000000000002,0.2287,0.2080712283416157,0.111181077,0.11016444373843529,0.148850712,0.1462898093959122,0.1009,0.15711147804558648,0.16031454597674805,0.155424454,0.16164304038637972,0.1665711840854401,0.1621640096682504,0.162327402,0.1793032017920896,0.1649482907164157,0.166250503,0.17725789903782183,0.13697515987737183,0.171245002,0.17284463,0.174746938,0.176275346,0.178141336,0.17526673476436905,0.181542916,0.182707298,0.183908137,0.1734221807290577,0.18581140085402326,0.19013094596585403,0.190565553,0.2026481729772965,0.193119782,0.193017499,0.194491553,0.196093053,0.20664673626756175,0.198261134,0.199062251,0.199914053,0.19979972270472773,0.200066661,0.200992807,0.20194764,0.201966489,0.1925767393975091,0.203235421,0.202878437,0.203258061,0.19779089149365117,0.204502075,0.2066157488462393,0.204642943,0.20595243035072405,0.204577283,0.2058371007943005,0.205405127,0.206100051,0.21549920806640505,0.164189505,0.16433483784444558,0.1476,0.207331461,0.1989910871200327,0.210129361,0.210870296,0.212052398,0.211384504,0.210720497,0.210335026,0.2153834763546656,0.210590677,0.209706471591559,0.212816462,0.20281401482526243,0.212862355,0.21019474722168927,0.212953823,0.212923241,0.20597481282421626,27.23
626,1495800971.0,38.7,0.089189035,0.060696905,0.051547505,0.048767666,0.047438503,0.047430449,0.046764747,0.046604169,0.047497329,0.048041427,0.048677505,0.049466178,0.051256922,0.052631579,0.053928052,0.055593125,0.056958947,0.058943763,0.060283038,0.073306733,0.064063462,0.065471387,0.067369445,0.06875808,0.070363591,0.072516288,0.074008235,0.076303878,0.077911823,0.079518713,0.081836497,0.083794124,0.085651244,0.086552494,0.088384658,0.089300886,0.11664345,0.092342632,0.093152913,0.093979878,0.094849887,0.096041809,0.097020739,0.097728677,0.098995895,0.099389712,0.100392115,0.101407969,0.102742557,0.103977691,0.105000977,0.105996311,0.106624917,0.108466579,0.109706441,0.111047868,0.112079172,0.113117016,0.114320139,0.131105101,0.116609365,0.118542897,0.120116047,0.121209482,0.122221538,0.123634455,0.125120436,0.126724894,0.128022184,0.129453992,0.129984134,0.132563064,0.159779475,0.134435302,0.13531547,0.136762074,0.138228489,0.138939707,0.139707403,0.140435951,0.141379667,0.141696396,0.142470186,0.14338409,0.144044662,0.144687437,0.145036309,0.145657258,0.145895412,0.146168847,0.145976405,0.14673902,0.147029277,0.147294589,0.147760622,0.148238249,0.144670194,0.148309538,0.148824522,0.14952608,0.150053826,0.150965402,0.151244038,0.151755565,0.1513561,0.151655646,0.151540148,0.152418449,0.152844437,0.152788034,0.1534753,0.15430437,0.155176696,0.155706377,0.157096132,0.157694465,0.157811149,0.158402722,0.158710198,0.15863708,0.159875696,0.160869505,0.161579475,0.162625049,0.163063921,32.17
143,1495542373.0,33.5,0.0835753,0.058328708,0.05180947957219602,0.066909575,0.050498401,0.05508297320652486,0.05472248824958683,0.1147,0.054937233,0.05554965920402247,0.053132804,0.05478555900367722,0.05546595574382615,0.056494783,0.057975206,0.059547774,0.060982133,0.062993764,0.064929451,0.066484902,0.068239697,0.069770605,0.07083080083107365,0.07492602571268679,0.07763673429709227,0.07334197057832909,0.079151898,0.081223489,0.082640777,0.084784558,0.086354738,0.09213983126204833,0.09585638134742175,0.09155175,0.092676959,0.094625269,0.095825598,0.096614057,0.097294424,0.10578426915848041,0.0922,0.100724987,0.101545626,0.103138188,0.11378968876268207,0.10509811487586086,0.10136079088062858,0.09911659886141407,0.2368,0.108387404,0.10734147709461479,0.1018,0.1747802666299608,0.1752653847708986,0.12292255607356316,0.13303114106695504,0.1359399799275123,0.1184978,0.12967170617304113,0.1111,0.122104644,0.1346056098820529,0.13086703338189148,0.125629838,0.126865493,0.128900599,0.12796216612072017,0.131574556,0.13019543287394864,0.13326567128795275,0.13533715243041688,0.13740621363320452,0.137066852,0.14688952739740416,0.1487649157322635,0.140446261,0.14629491980950185,0.142009827,0.142818397,0.143416412,0.144251827,0.15062460050755344,0.1492127128675419,0.146088875,0.146506809,0.147484954,0.148556517,0.149231666,0.149129982,0.1435992042931627,0.1415,0.14949347723842218,0.14824953708110317,0.150599352,0.150655928,0.150871362,0.14620877746054642,0.15378527255377808,0.15109035590145722,0.274167118829598,0.152584736,0.152833255,0.152798113,0.153377855,0.154434707,0.15457955624064598,0.154684282,0.154945816,0.1548825458538084,0.154814229,0.154899568,0.154825821,0.16192463815955638,0.155401644,0.1499,0.154919867,0.154517023,0.175856947,0.17010949204055306,0.2455772358952349,0.192974409,0.19030651327797057,0.153309278,0.15298235111487704,0.153499251,35.91
142,1495542253.0,33.9,0.081434529,0.092692912,0.08021644476572501,0.051144864,0.04903608568012531,0.0545861313615537,0.046186701,0.04367051081896649,0.04095433474307718,0.052350346,0.053406144,0.05509108352529649,0.0558145133830568,0.056877728,0.057984963,0.062019482428982545,0.06077029,0.06192272580399541,0.079234888,0.06662406,0.06437096741569479,0.07215627954560117,0.071698724,0.073105963,0.07591538570239625,0.07399452042588196,0.07864636483607398,0.081169611,0.0835674501924517,0.08646714633091343,0.19027212072837688,0.087924643,0.089362915,0.090996199,0.08889605991654151,0.093902857,0.095124292,0.10228351106462986,0.09790994,0.098910559,0.1001910224588552,0.100197674,0.101390686,0.102117529,0.10314105,0.104070506,0.105568168,0.106441859,0.10707736,0.10607303241353874,0.10506753446836176,0.2424,0.2448,0.112663368,0.114091695,0.115577404,0.116796609,0.117913939,0.119562575,0.1111,0.121699196,0.123153639,0.11892705353698803,0.12887649574672455,0.127073181,0.12906861779661327,0.128135835757304,0.131289525,0.12991955555863655,0.1223,0.1231,0.135181897,0.136688685,0.1465909173457191,0.139256944,0.14050527279510566,0.141645732,0.142278806,0.13889940896347824,0.14138125987956668,0.1345,0.144626071,0.145453896,0.14551497286356013,0.1378,0.147600951,0.148102717,0.15564916911414214,0.149627009,0.150241531,0.1415,0.150185959,0.149944417,0.149940992,0.150792616,0.151384923,0.151072975,0.15822915055304576,0.1558841335853384,0.152280771,0.152770475,0.16069798191464785,0.152992013,0.16241120316557095,0.155423750329656,0.1555686486031074,0.154060495,0.1532586962547927,0.155264923,0.155498679,0.155068843,0.154843294,0.154557712,0.15224414796986568,0.1499,0.1499,0.155812587,0.156129308,0.172469938,0.154982341,0.154309839,0.153535634,0.152899135,0.152255378,0.151022396,36.04
536,1493135957.0,43.2,0.15597164466065114,0.107009059,0.112508457,0.110159371,0.109241446,0.109847576,0.110356213,0.1120421,0.113592615,0.115637577,0.118950938,0.120697185,0.1264,0.128592513,0.132091819,0.133888048,0.1407,0.140114765,0.145046675,0.148541923,0.1556,0.1592,0.160886487,0.1641486,0.16202017438081665,0.114832217,0.11711658193583607,0.1821,0.1825793595324517,0.18906596036858475,0.131392401,0.13716884707941618,0.198375561,0.201521187,0.2068,0.2094,0.2122,0.21178224,0.20529826834713152,0.20809541560174416,0.21839587009969935,0.21103583357543845,0.22411903500000002,0.225952482,0.227446042,0.20703761505953444,0.124984418,0.1256932346818898,0.23551531999999997,0.23724933,0.23873829,0.241645018,0.243128714,0.245644462,0.247771534,0.242918044,0.24980596032368368,0.25029136144423314,0.2608,0.189805669,0.19521659658477386,0.263,0.2647,0.264472515,0.2677,0.269495717,0.256398631,0.2672027311528273,0.273840682,0.275483148,0.27808843,0.280372805,0.28171891,0.284099587,0.2875,0.2796024376365059,0.290258887,0.2922,0.2931,0.29213541,0.27456629431208496,0.2914487156480941,0.2969,0.2905601829389284,0.28702378924002553,0.293298492142691,0.2907771015555307,0.2996,0.2986085892279032,0.2918293016549158,0.1415,0.299311369,0.29404861456186315,0.29880694715305145,0.2793554102519727,0.29289817317135713,0.298434498,0.297782083,0.2992,0.2852833779256889,0.1458,0.299051257,0.28829525854363885,0.2996,0.297415083,0.296361188,0.295883815,0.3001,0.27710189267924334,0.1484,0.296649808,0.296721845,0.295986594,0.295593298,0.28842094327222556,0.2908656773859847,0.28836693044635636,0.28397879814550253,0.1764838677153184,0.27776418750243975,0.298440423,0.29577405424693304,0.296983016,0.2961043226154084,0.2852559881413912,25.64
551,1494931098.7597263,43.456805949629654,0.181677205,0.12299743659601278,0.10526750008495714,0.11172128978665093,0.10748297727974579,0.045396178533853554,0.113226296,0.10964345774636705,0.1166,0.11818236600000001,0.11916268573403302,0.1234,0.124888454,0.128361201,0.12418698830152572,0.135924237,0.139792934,0.142220132,0.13648729020974143,0.14244144788420698,0.1538655157679015,0.1592,0.097619517,0.10355516621277397,0.169230061,0.1742,0.076929825,0.075,0.07751511084205974,0.111951223,0.11113369576024203,0.11691403148917442,0.198471612,0.201964807,0.2068,0.2094,0.211170296,0.213510747,0.20705321654661218,0.20155626097682006,0.220463975,0.21306401658772162,0.225119202,0.226379757,0.2287,0.2080712283416157,0.231779888,0.2343,0.2368,0.0997,0.24029524,0.2424,0.2448,0.2464,0.194657039,0.19516821620847363,0.20032707967360874,0.2581,0.258678427,0.260100964,0.260510881,0.263,0.2647,0.264470997,0.2677,0.256277664325452,0.25962320101732117,0.274,0.2619070223532435,0.274895508,0.26706244162607606,0.2808,0.281790326,0.2611667754152927,0.284383271,0.286842909,0.28870866,0.2920316626029511,0.2931,0.2937,0.27592075093946095,0.2024399224195088,0.20934913438604824,0.295675429,0.296031417,0.2991,0.14814577,0.15569378569033174,0.297282888,0.2905146732560502,0.29922451,0.3008,0.2932777429129826,0.29366933716650867,0.297485395,0.297204484,0.2994,0.2937391083103062,0.296680913,0.28470145997196067,0.260954302,0.26362939256606027,0.296216438,0.2996,0.296807485,0.297460305,0.297431039,0.3001,0.27710189267924334,0.2996,0.2916413109567292,0.297434649,0.2991763330550019,0.297746701,0.297860539,0.298337039,0.298625061,0.2859999761538214,0.218101228,0.20749858842988128,0.2292622806823274,0.295605529,0.29449234812132147,0.296768402,0.2858889324731053,25.69
313,1495631549.0,38.4,0.093629361,0.064902642,0.058365697,0.055258755,0.054677251,0.054079139,0.054529341,0.054202637,0.054764194,0.055909376,0.05710637,0.058017815,0.059381431,0.061401241,0.062914232,0.064516295,0.06674231,0.068179461,0.069896041,0.071512632,0.073622713,0.075979436,0.077129659,0.07934027,0.081192784,0.083432152,0.0857594,0.087542123,0.09023778,0.092583424,0.093908352,0.095835604,0.09804859,0.099693339,0.10097523,0.102869919,0.104280198,0.105883788,0.106362805,0.108029728,0.109108696,0.109647621,0.110782716,0.111369264,0.112788231,0.114044076,0.115033173,0.115878408,0.116879873,0.117811069,0.119291054,0.120900539,0.122462293,0.123355375,0.125105127,0.125830766,0.127101557,0.128908613,0.130222449,0.131681208,0.13341167,0.13512035,0.136090962,0.137385148,0.139206435,0.140066692,0.141304742,0.142749147,0.144258441,0.145630043,0.146230438,0.146849444,0.148963224,0.15067632,0.152098172,0.153436493,0.154294263,0.155395008,0.156335041,0.156988485,0.157742227,0.158198205,0.158613229,0.159546762,0.160231152,0.161222978,0.161877008,0.162333495,0.162763406,0.163206942,0.163505013,0.163939684,0.163963382,0.164204454,0.164357647,0.164763238,0.164785419,0.164313362,0.16476634,0.165390625,0.165845905,0.166630016,0.167204312,0.167079651,0.166945523,0.167218317,0.166947112,0.167227866,0.167274588,0.167322298,0.168426783,0.169358074,0.170251799,0.17101396,0.199555814,0.171746078,0.170983653,0.170430883,0.169413425,0.169601881,0.169590612,0.170357063,0.171678223,0.172617555,0.173060689,32.57
13,1495489998.0,34.5,0.076957366,0.05544889,0.048349776,0.046962235,0.046905476,0.046316872,0.046218487,0.047047646,0.047347141,0.047879787,0.04922595,0.050200719,0.051344582,0.052444412,0.0540237,0.055649029,0.087923172,0.059087336,0.060821015,0.062563121,0.063913832,0.065863407,0.067442883,0.069248323,0.071197305,0.073171132,0.074652658,0.07672112,0.079016489,0.080556274,0.082280578,0.084342393,0.085899845,0.087121136,0.088940214,0.090761851,0.091281305,0.093085063,0.09375204,0.095206401,0.096038783,0.097241218,0.097838486,0.09930727,0.099817111,0.100438623,0.101530545,0.10294565,0.104044473,0.104986971,0.106089367,0.107324673,0.10854987,0.109667021,0.110729521,0.112580295,0.113773587,0.115246391,0.116702608,0.117702059,0.11887759,0.119981338,0.121238072,0.122548559,0.124157865,0.125524091,0.126987342,0.128393232,0.129373556,0.130533722,0.131964491,0.133758723,0.135303537,0.136344093,0.137173791,0.138465136,0.139331727,0.140124746,0.14062653,0.141504601,0.142299122,0.14306739,0.143947276,0.144756016,0.145293484,0.145510609,0.145913244,0.14664468,0.147223306,0.147551255,0.147775572,0.147761793,0.147876273,0.148068551,0.148343451,0.148513646,0.149065845,0.149432321,0.149646864,0.15008372,0.149812981,0.150194692,0.150686633,0.151259278,0.151256983,0.151840689,0.151989,0.152404694,0.152741951,0.153565289,0.153871078,0.153635592,0.153505981,0.153477691,0.153293948,0.153427542,0.15352985,0.15449663,0.154529183,0.154522171,0.155016286,0.155633801,0.156762017,0.15738709,0.158123663,32.85
306,1495630709.0,39.1,0.092139082,0.064973683,0.058443556,0.055724979,0.055352341,0.054742666,0.054343795,0.055152988,0.055553167,0.056099561,0.058074861,0.058320156,0.060556307,0.0617223,0.063114772,0.064860586,0.066308359,0.068457278,0.07001451,0.072247993,0.074370923,0.076205762,0.077617614,0.079960577,0.081977823,0.084197688,0.085853248,0.088217354,0.090090803,0.091966735,0.094209569,0.095543326,0.097367569,0.098456901,0.09997706,0.102281309,0.103230443,0.104422534,0.105765786,0.107080964,0.107847137,0.108826074,0.109549256,0.110812359,0.11217682,0.112917786,0.113942211,0.114939147,0.116791256,0.117537595,0.118235526,0.119440847,0.120674223,0.122440261,0.124040829,0.125612948,0.126883375,0.128445741,0.129448629,0.130761494,0.132487379,0.133480366,0.134787035,0.136460776,0.137762047,0.138890674,0.140227132,0.141329551,0.132236359,0.144661146,0.145954319,0.146644565,0.147988173,0.149563227,0.15093956,0.151581953,0.153264432,0.154840204,0.155115407,0.155961557,0.157234634,0.158325513,0.158922557,0.159573566,0.160375288,0.160893772,0.161356953,0.161673188,0.162701932,0.16319706,0.16328368,0.163271499,0.163427106,0.163696633,0.164503053,0.164700233,0.165283781,0.165496584,0.166245167,0.166523446,0.167024579,0.167680606,0.167861287,0.168195392,0.16865189,0.168864639,0.169306654,0.169396205,0.170295755,0.170924285,0.171273272,0.171450963,0.171610707,0.171310429,0.171030282,0.17116473,0.1713769,0.172562141,0.172554086,0.172624126,0.172380077,0.171528707,0.16983964,0.168533801,0.168042986,32.85
170,1496191109.6609015,35.3,0.082762187,0.056422903,0.05023405718497432,0.049331047,0.048226312,0.05307548133221185,0.0371,0.048525914,0.04902854,0.050136784,0.05333244333379385,0.051628007,0.052717907,0.052790496035893725,0.0516,0.05523098710833723,0.0558,0.060678056,0.061917199,0.063518223,0.0624,0.066886895,0.068781597,0.070335706,0.071918302,0.073870445,0.075868934,0.098048534,0.10012553948935157,0.081002621,0.082859536,0.08864530033705571,0.08610843,0.087695321,0.089065342,0.09398169429037248,0.09565209156465564,0.0893,0.0907,0.095234123,0.09639655,0.097694747,0.09618932360977103,0.0945,0.10488800448970989,0.100754101,0.101585618,0.09936952989710593,0.0988,0.0997,0.137481447,0.14331457098218395,0.10774397,0.1038,0.110609771,0.111992811,0.1141398380085821,0.113939583,0.12451010039194887,0.116182095,0.11326610837780321,0.1260661050312921,0.11407348943464618,0.121039113,0.122063282,0.12453673348373705,0.124920647,0.12758282503082802,0.12633189514218168,0.128642227,0.129532864,0.13097111924939922,0.1258,0.133758043,0.13480882029404231,0.135729062,0.14099098396200693,0.137932994,0.13425805577023484,0.1338,0.139480978,0.139916696,0.140913507,0.141777367,0.1378,0.2991,0.144124896,0.144645931,0.1478215126704085,0.145261857,0.145357409,0.145624549,0.146049728,0.15531701221550914,0.15686641052573427,0.147070383,0.147799061,0.14774965,0.147280804,0.14854843850401123,0.146612535,0.146370541,0.1462,0.147602446,0.148093606,0.148440215,0.148435691,0.1481,0.149202647,0.14985638,0.16191582433521443,0.151512239,0.15873553162209125,0.1496,0.151137863,0.15816019827659517,0.152464967,0.153545515,0.154578513,0.155208141,0.16838209417600555,0.16571384239897768,0.142,0.14171650541378178,0.152440465,33.97
532,1494999535.0,43.8,0.173450175,0.119579297,0.109772393,0.106804531,0.106283558,0.107347776,0.10898317499999999,0.108623704,0.111300326,0.113701925,0.083345512,0.118723154,0.121816296,0.125057257,0.129188927,0.132489669,0.134430925,0.13881129,0.144007702,0.107861569,0.150150851,0.153121194,0.157768385,0.161081241,0.164826397,0.169001767,0.172943982,0.17689883299999998,0.181583143,0.184849993,0.188819502,0.191817649,0.195126309,0.198545121,0.202091546,0.204841675,0.208048321,0.209628973,0.21229745499999997,0.106471226,0.21684549800000003,0.218996963,0.221941073,0.223393368,0.224768202,0.226634702,0.16825826,0.229974882,0.232447629,0.23474834,0.236355002,0.238344279,0.239954076,0.242660226,0.245102478,0.247691937,0.250445833,0.253570753,0.255873188,0.258107958,0.2587567,0.258987771,0.259980082,0.261473007,0.263758823,0.265889464,0.268560669,0.174093594,0.271195222,0.122479396,0.274471217,0.276019463,0.278421768,0.280228472,0.282141833,0.284375413,0.28623181,0.286632338,0.287812596,0.288681808,0.290288434,0.291008055,0.291553121,0.29183151,0.29275829,0.293286696,0.294033802,0.294745875,0.295462917,0.295336788,0.295850459,0.296204316,0.296321897,0.295313809,0.294483976,0.294263871,0.294770373,0.294492474,0.294712647,0.294986246,0.294772153,0.294041278,0.293982482,0.294241494,0.294812921,0.295086592,0.294725411,0.293595808,0.292716841,0.292341372,0.293699332,0.294279992,0.293774571,0.293637245,0.293933239,0.293937997,0.294077615,0.292993883,0.292404567,0.292372594,0.292462538,0.293420235,0.294139197,0.293414183,0.293047726,25.7
246,1494719594.2589676,44.0,0.051205792403414455,0.041846659,0.038184691631202555,0.102234594,0.100177591,0.098976751244028,0.100695342,0.10091047,0.10541369754483373,0.10550511499999998,0.10689816419171341,0.108677212,0.111243258,0.115492731,0.1123406512603766,0.12040385,0.123463897,0.126961116,0.12266242054174722,0.132758068,0.1424352919967596,0.140281677,0.1451517637563766,0.15435294846154,0.119194249,0.1214637525480141,0.11816095651826082,0.162503944,0.16335578436032427,0.169669316,0.16502467345893362,0.087816981,0.104317369,0.10155518339197944,0.10085598030804098,0.186689481,0.18703908573077013,0.191745138,0.1849546561559685,0.0915,0.197648461,0.200129872,0.201372202,0.203446554,0.21715782616253215,0.20666794,0.2090132971360888,0.209817847,0.21957104805460367,0.214019914,0.216406484,0.218681374,0.220217355,0.222192019,0.2232180877950618,0.24468532116703776,0.227666886,0.22248762949767056,0.211067651,0.23356023000000004,0.234292674,0.236101854,0.2366883912584537,0.23068565515836714,0.23840955547418657,0.1179,0.1192,0.12150792052744672,0.249066163,0.252584934,0.254788453,0.255279132,0.24696343695926565,0.259059806,0.261099591,0.25483080824866206,0.263615743,0.265682286,0.271178738,0.26688981,0.267688868,0.268891045,0.2789892375117345,0.27478967008861127,0.272473378,0.2776808860692428,0.147184933,0.15469805351798036,0.27125494160534275,0.2647041235074548,0.2756153562911546,0.28266306091444987,0.276487532,0.277230663,0.277220362,0.277433101,0.2887616341845756,0.2735171125702122,0.277586734,0.277409989,0.278016345,0.278800255,0.26732409696459575,0.2996,0.29020048895211137,0.280953891,0.281127156,0.28028942,0.280250469,0.2996,0.281782472,0.2776632056859867,0.2999,0.3005,0.29332910817854674,0.2956101832212972,0.2775498343488746,0.1488,0.160574443,0.1565051369564226,0.281457214,0.2787905993588783,0.2819868466511878,0.1405,0.1381,25.95
273,1495622327.0,33.0,0.094496571,0.067657382,0.061570074,0.058617044,0.05849969,0.057806883,0.057190497,0.058442059,0.059635059,0.060343598,0.056441595,0.084603095,0.064025075,0.065483083,0.067208463,0.068148091,0.070173802,0.07210706,0.073938519,0.075752465,0.077318003,0.080121681,0.081906014,0.08419791,0.085841319,0.08779544,0.090148622,0.092388873,0.093735047,0.096816487,0.175986112,0.099322019,0.101552066,0.103133481,0.104963729,0.106730992,0.108168912,0.125705756,0.110140081,0.111481328,0.112509947,0.114057656,0.114993857,0.115625017,0.116049654,0.117674585,0.11936213,0.120433686,0.140722096,0.122292421,0.12362917,0.124939445,0.125697074,0.127740381,0.128956423,0.130235257,0.131931257,0.133213899,0.134418148,0.136390702,0.136917438,0.138071217,0.139679803,0.14083973,0.14235712,0.143804692,0.145025924,0.146931134,0.148153257,0.149848747,0.151286135,0.165760898,0.153585975,0.155030517,0.155712406,0.156434443,0.157552188,0.158875068,0.159203742,0.160214428,0.160865188,0.161527422,0.161767543,0.162614546,0.16388531,0.164658133,0.165034028,0.166014231,0.166377462,0.166186667,0.165987451,0.16617564,0.166109862,0.166967715,0.167740324,0.168110263,0.168118787,0.167706874,0.168301203,0.168104761,0.167924297,0.168771665,0.169504486,0.17082958,0.171639087,0.171875,0.17157702,0.171042991,0.170539513,0.170558381,0.170986577,0.171174836,0.172025129,0.171664686,0.171844738,0.170896568,0.170589022,0.188010854,0.169645585,0.169080324,0.169108236,0.189088729,0.168203959,0.167423749,0.166535178,36.52
288,1495624127.0,33.0,0.093430346,0.065970417,0.058126452943151365,0.056433749,0.056080004,0.055827158,0.05558543,0.056064657,0.057443294,0.057878354068111953,0.059508082,0.060434656,0.06191072784390962,0.063861127,0.081510801,0.066114947,0.06779323132731108,0.0576,0.072181756,0.073596629,0.07260136061339528,0.07670496894069911,0.07813984593178147,0.08434456787579084,0.084101755,0.08297351466963707,0.08960637031579351,0.089550318,0.091721533,0.093827977,0.0942121483693069,0.097709056,0.10129883435767195,0.13263161,0.102852894,0.10829559102185776,0.105768706,0.106642957,0.09855065587258605,0.14321147219439267,0.2214,0.21398197292726528,0.10967434778540025,0.112901383,0.12385069685667821,0.096,0.116553658,0.117241758,0.117797609,0.11927783,0.11804166199332394,0.12366680756111678,0.123052553,0.124638287,0.126171613,0.127647985,0.128690567,0.118122662,0.12924690970777689,0.132618253,0.133596117,0.14570829630212484,0.1313390298652605,0.138102489,0.139437449,0.156925681,0.142236911,0.14597141816641912,0.14483096,0.1490115575814498,0.15006400639858308,0.15178234444161254,0.150505822,0.152036496,0.1542350958628171,0.15455934395970577,0.1312,0.1322,0.154874853,0.15317750309876588,0.1571066,0.16451608984405353,0.158773487,0.159681491,0.16075553,0.15776913150399477,0.16159504,0.16202312,0.162201903,0.1565619429650644,0.162350951,0.16318178,0.1615706557502367,0.1699022556619477,0.16931698332232498,0.163977486,0.164571646,0.17056138965100617,0.165641395,0.166028185,0.166821665,0.167851913,0.167854816,0.17726839970715907,0.166466079,0.16661152470786275,0.167357044,0.167858417,0.16575491354275812,0.168348833,0.168977679,0.15779716401479818,0.16797616,0.167953923,0.16074351329180872,0.16744555537671277,0.166004588,0.1710666943820662,0.16461646395003235,0.16484263,0.16413809,0.16146977677699148,0.164038566,0.163735986,0.162211509,35.47
114,1494954471.0,44.8,0.131856037,0.087323133,0.076872672,0.076010351,0.073386259,0.073527292,0.073679043,0.074282049,0.075810061,0.076886569,0.078898619,0.080217196,0.081868714,0.084038958,0.087026337,0.089326918,0.091502085,0.094441693,0.097197469,0.09944856,0.102863255,0.105728601,0.107971652,0.11122975,0.114102976,0.117198839,0.15546794,0.122590319,0.125590138,0.128577074,0.131487547,0.133972217,0.089456752,0.13941364,0.141117683,0.143468652,0.166957924,0.148118993,0.144978547,0.153105272,0.156217965,0.157987656,0.16000931,0.161455368,0.163372509,0.165550408,0.16755843,0.16875118,0.171063646,0.172729548,0.174750316,0.176853138,0.179180619,0.181265087,0.184463918,0.132601407,0.190118289,0.193380332,0.195921419,0.197331092,0.197622603,0.198202869,0.19877621,0.200371435,0.202912711,0.204946169,0.20678205,0.207628834,0.207919146,0.208669888,0.209760428,0.210323129,0.210936048,0.212794769,0.214372445,0.216254895,0.217483631,0.220830492,0.215231904,0.213763063,0.213337435,0.213314698,0.21290008,0.213388652,0.214365479,0.215164125,0.216129753,0.216815338,0.217648911,0.218207321,0.218971486,0.218807685,0.218691014,0.218702049,0.218625987,0.218338396,0.185237413,0.217881182,0.217943205,0.217494623,0.217953619,0.217993526,0.217221525,0.216773722,0.216783323,0.21720096,0.217611425,0.217631181,0.217594113,0.217746622,0.217722601,0.217851261,0.217335675,0.217173527,0.21659143,0.216554077,0.217176039,0.217246866,0.217058046,0.216741676,0.216720041,0.216390908,0.215872592,0.215546345,0.215060404,27.51
568,1495793308.0,35.2,0.080874027,0.061675494,0.055737133,0.05350418,0.053293375,0.052747422,0.05244243,0.046082277,0.05298286,0.054678271,0.055275941,0.074554276,0.057527637,0.05969496,0.060882911,0.062303595,0.063684057,0.065539964,0.067510032,0.068977597,0.071261577,0.073143719,0.073966147,0.076681971,0.078909372,0.080747634,0.083160954,0.084787873,0.086422018,0.088392363,0.090659906,0.091681012,0.093003582,0.095168984,0.096903216,0.097942452,0.099089906,0.100288945,0.102187919,0.103689648,0.104393986,0.10527825,0.106516593,0.107493023,0.108142453,0.109741202,0.110694519,0.111214937,0.112774975,0.114312781,0.115505542,0.116732036,0.117635625,0.118759145,0.12020772,0.121652427,0.123246012,0.124489469,0.125361144,0.127030255,0.128331254,0.129574491,0.13102605,0.132375628,0.13386373,0.135390095,0.137397427,0.138706934,0.139359734,0.140948429,0.142598063,0.144075315,0.145360837,0.146717585,0.148035925,0.161021254,0.149418196,0.150216786,0.150770993,0.182723644,0.152781056,0.15359401,0.154402468,0.1549786,0.156019153,0.157169465,0.17035887,0.158576143,0.159208639,0.159401343,0.159309486,0.159226391,0.159212157,0.159457235,0.159854352,0.159649002,0.160201941,0.160927366,0.162122791,0.162745081,0.163592942,0.163782082,0.164033811,0.149163765,0.163365188,0.163823812,0.163527853,0.163459733,0.163428588,0.16371257,0.164690284,0.165360356,0.166466187,0.166986767,0.16722801,0.166460877,0.166571995,0.166315871,0.164634607,0.163925968,0.162831148,0.162813306,0.16091046,0.158537333,0.157627265,36.84
174,1495546849.0,35.7,0.084273465,0.058544273,0.051316747,0.050186028,0.04836225,0.048475647,0.048458734,0.048846466,0.048963036,0.050214342,0.05081271,0.051711532,0.053259489,0.054352487,0.055937122,0.057390078,0.05847757,0.060296681,0.061385783,0.063916869,0.065411604,0.067225561,0.068660656,0.070631835,0.072412789,0.074529136,0.075843417,0.077572346,0.079294994,0.081203085,0.082716828,0.084665302,0.086292838,0.088050945,0.089689058,0.090875148,0.121578578,0.092978129,0.094204376,0.094913017,0.096233626,0.097212649,0.097410794,0.098866193,0.09957678,0.100846545,0.101885128,0.102760672,0.103407986,0.104231994,0.105518664,0.106565825,0.107395667,0.108349383,0.109745949,0.110913579,0.1123262,0.113570378,0.114833379,0.116013893,0.117182213,0.117964722,0.11909661,0.120577046,0.121431448,0.122800412,0.124491115,0.12616246,0.127150029,0.128133816,0.129226093,0.130710776,0.132012149,0.1328673,0.134407376,0.135539597,0.136695112,0.137325135,0.137756173,0.13828325,0.13910117,0.140043545,0.140688827,0.14145195,0.142277624,0.143095456,0.143838638,0.170920635,0.144614364,0.144841128,0.145179342,0.145600743,0.145569636,0.145519022,0.145770594,0.145914084,0.14648638,0.146671906,0.147120423,0.147472512,0.148498011,0.148723527,0.148954953,0.148786844,0.148917971,0.148889919,0.149003891,0.149585082,0.149580314,0.149902604,0.150120176,0.150854844,0.151448945,0.152008555,0.152480492,0.153111026,0.153512095,0.153963168,0.153696072,0.152910134,0.152281957,0.152729684,0.153426883,0.153221537,0.141206646,33.65
58,1495555815.0,34.6,0.080780621,0.059224554,0.051421452,0.050257306,0.049307875,0.049544766,0.049461742,0.050194119,0.05100487,0.052120418,0.053237591,0.054627706,0.055804675,0.056944486,0.058608248,0.059857556,0.061798342,0.063805864,0.065727778,0.067360971,0.069527674,0.071385329,0.072888815,0.075393813,0.077791657,0.079750651,0.081263558,0.083407438,0.086045221,0.087057749,0.089130211,0.091491868,0.093381389,0.094848036,0.096667339,0.097681575,0.099392836,0.100826858,0.102316052,0.103240655,0.104464273,0.105419742,0.10668236,0.107826389,0.108681253,0.109393515,0.11144564,0.112600925,0.113579825,0.114670655,0.115951002,0.116878267,0.118031354,0.119391231,0.120722877,0.122610454,0.1245572,0.125645166,0.126956249,0.128478653,0.129329622,0.130672483,0.13229347,0.134306201,0.135466384,0.141168469,0.138352677,0.139547724,0.141041019,0.142891573,0.143827911,0.144946674,0.136891252,0.147775031,0.149513871,0.151224377,0.152162085,0.153011388,0.153438018,0.154122097,0.155323483,0.155301976,0.155380613,0.156126399,0.15774085,0.159022762,0.159479356,0.159721138,0.160206771,0.160911325,0.161135682,0.161016422,0.16102303,0.161032324,0.16111478,0.16133918,0.161691398,0.162028909,0.162560225,0.162744616,0.163463168,0.162623131,0.163778925,0.163574986,0.163678041,0.163628146,0.163812478,0.164231441,0.164503263,0.165065471,0.165120393,0.164580773,0.164684986,0.164688707,0.164642354,0.165103421,0.165641581,0.165560701,0.16565061,0.165774427,0.16518276,0.165771239,0.165561366,0.165040416,0.164550988,31.5
223,1494975772.3599195,44.47936695591748,0.14354586575614509,0.099280457,0.08566199972535118,0.082911133,0.081904406,0.08283157805524953,0.082369517,0.110570244,0.082974783,0.08160285531004399,0.08377408319989724,0.0890347072050049,0.090736933,0.09019717417166151,0.096584856,0.09822164,0.10483947414497433,0.10334480340895916,0.106166414,0.109349128,0.11480347070658964,0.0645,0.11961776798166443,0.122272198,0.12241500845375128,0.124996354064564,0.131487549,0.13510116600413682,0.137239323,0.140463791,0.16766977,0.146195399,0.148240973,0.150953208,0.15680799424017863,0.16050896890796496,0.158409406,0.159864698,0.15258653686188886,0.164478719,0.165994034,0.167050827,0.16303596093288725,0.16386083482443178,0.17636459802030505,0.2051439168765115,0.175586749,0.176891929,0.178821243,0.1751435667211637,0.1729314993990469,0.18439966,0.185785695,0.18808346024514414,0.19176215372929098,0.190076244,0.191621826,0.194314607,0.21552467660317973,0.18031987547967993,0.19879262,0.20869903112735402,0.19999124741447544,0.203824288,0.2096390392329929,0.206271154,0.208349412,0.21617801019258362,0.234105192,0.24505879208857692,0.23933174948973096,0.2527028698047896,0.219678944,0.21212208619267345,0.22305219,0.225343199,0.226881977,0.228265693,0.23073391826910628,0.2238773879809599,0.1345,0.14008630467129923,0.14400317480522756,0.137,0.2229808491863778,0.22455834500568303,0.2378623340160917,0.24866862864875414,0.24802228099945195,0.238435148,0.2341430273413424,0.238605794,0.2349714460817167,0.238249901,0.22766138716323397,0.2469950531456186,0.23906948,0.239490184,0.23991714,0.23297084708552157,0.241132913,0.24477034877534293,0.2291297169413653,0.2385201868937489,0.153141643,0.15328642813571386,0.241485429,0.24471848199708357,0.242839705,0.2561753539787757,0.244160394,0.23768609612021935,0.242911845,0.243377739,0.245516247,0.245683844,0.24377606114529038,0.2384660214589056,0.2518062757521163,0.23737574420971758,0.244271445,0.243716205,0.24212962010298789,0.244432488,0.23600676344333904,26.32
281,1495623287.0,33.5,0.095330421,0.067550349,0.060728958,0.05806771,0.07143835,0.057328711,0.057094657,0.058623141,0.058832497,0.060143769,0.060889063,0.062381277,0.063141903,0.064813785,0.066379533,0.068075725,0.069797478,0.071969315,0.073552042,0.076260021,0.076948105,0.079207189,0.081589969,0.083703106,0.085130413,0.08763977,0.089617889,0.091494546,0.093222353,0.095598561,0.084848621,0.09951826,0.100817107,0.10273911,0.103998096,0.105837947,0.107322197,0.11670689,0.109922773,0.110510696,0.11133538,0.113231235,0.114063626,0.114666088,0.163224511,0.116757077,0.117499178,0.11874622,0.119965011,0.121231802,0.122010518,0.123666789,0.125384574,0.126435799,0.1367386,0.129404406,0.131154383,0.121032918,0.132922891,0.134350464,0.135699889,0.136844418,0.138120817,0.139882797,0.141370545,0.142146012,0.143937129,0.145801762,0.127096676,0.148371989,0.149653652,0.150767069,0.151824908,0.160331534,0.154509999,0.155527178,0.156406655,0.156696244,0.157604221,0.159116256,0.159806746,0.16025788,0.160356744,0.161563635,0.162662343,0.163774432,0.163550628,0.16375177,0.163937108,0.16415707,0.164711857,0.165695724,0.165725227,0.165074347,0.165145402,0.165230718,0.166068318,0.166430516,0.167522817,0.168470762,0.16853408,0.16932435,0.169987087,0.17004453,0.170474359,0.171737753,0.172177812,0.172108875,0.171510541,0.171301778,0.171159827,0.171217333,0.17161116,0.171885638,0.171619625,0.171724285,0.171774901,0.171536489,0.171310115,0.17117956,0.170655147,0.170300937,0.168513206,0.167801343,0.166041887,35.9
323,1495029129.0,43.3,0.11675229294087237,0.082615356,0.07188589293545886,0.069512008,0.06840362,0.068401626,0.067529598,0.06467382700931604,0.067834493,0.068612226,0.07120638591116146,0.1234,0.073886502,0.075742365,0.077879215,0.08013695,0.081881064,0.08358599884098548,0.08336399254630142,0.088999477,0.09078282219583567,0.09504586399165078,0.09604667061859065,0.09862062,0.10004621298925725,0.10046175534151125,0.10357921753472431,0.109727177,0.11158219544190343,0.11549678182951956,0.117530123,0.12330923062181379,0.12631627466385453,0.123649355,0.125054256,0.127294988,0.1284907762744011,0.13992432024861612,0.132842063,0.1368019955062214,0.134564775,0.12882298114344404,0.137399569,0.137917624,0.14963002454421886,0.096,0.0972,0.1455243642043533,0.145509168,0.146403982,0.170782815,0.149351208,0.15261346049687155,0.14944759881261382,0.153537654,0.15955022314176115,0.127656031,0.11548236784205461,0.17497814286227953,0.161577078,0.163256267,0.17436496587114333,0.17232067608194884,0.170936944,0.168134145,0.170250807,0.172119717,0.17770475055750534,0.175721056,0.177552027,0.17658994756523738,0.180651932,0.182101175,0.18244974687353907,0.1294,0.187196514,0.19886008459609644,0.189666842,0.190015392,0.190690302,0.18674584368574204,0.1355,0.193468087,0.193836408,0.194541458,0.19403307659981456,0.20120214219640442,0.1397,0.14305730161355007,0.197262577,0.18721530944598683,0.198361484,0.197934374,0.198153129,0.198564404,0.198735955,0.199373996,0.199593375,0.20050527217139744,0.199944712,0.2007816304408309,0.152037474,0.1462,0.21007701416605232,0.198954601,0.19910165735860938,0.201246615,0.201595846,0.201597472,0.202736971,0.2077271944644279,0.203854151,0.204242126,0.204281005,0.204169409,0.203955947,0.204041444,0.20403068998144605,0.204585801,0.205200592,0.2265867929380384,0.2239193838663059,0.20393395348310495,0.20341260693321317,0.208041192,27.32
256,1495039846.0,44.0,0.171863599,0.120882359,0.107868687,0.103091631,0.103555046,0.102752129,0.102419449,0.105816796,0.104878793,0.108050037,0.109738945,0.112287671,0.11556895,0.11848782,0.12285949600000001,0.125268607,0.127840857,0.129925313,0.135052321,0.137687434,0.141707545,0.143880487,0.146843573,0.151145554,0.155762619,0.159580504,0.162587065,0.166496234,0.170219427,0.174397902,0.178479981,0.195319541,0.183656289,0.18627451,0.189884884,0.19255213,0.193747691,0.19701045,0.19899717,0.200928318,0.202588842,0.20466258,0.097709748,0.20863952,0.210647398,0.21146333100000003,0.214036515,0.216012493,0.217138352,0.219048999,0.221170803,0.224231251,0.224788383,0.226857444,0.227624417,0.229958508,0.232892362,0.234068552,0.235530258,0.239325303,0.239821416,0.241306184,0.243570984,0.244039695,0.262780484,0.247873486,0.249373771,0.251444967,0.25381068,0.255859479,0.257516352,0.258830321,0.260499522,0.263278662,0.266052973,0.26691354,0.268067517,0.269393915,0.270110549,0.270596375,0.271677566,0.272348379,0.273135568,0.275787785,0.276281866,0.27671905,0.27692157,0.277279444,0.277945941,0.279335555,0.280050855,0.20657055,0.280591911,0.28126485,0.281842949,0.282418833,0.281949084,0.282568397,0.282331209,0.282723703,0.282616415,0.283413026,0.283763416,0.284316563,0.284267052,0.283773863,0.156292222,0.284286965,0.285329584,0.285405101,0.285396335,0.284582577,0.284784969,0.284974951,0.284145753,0.283991975,0.283706916,0.284848674,0.285173748,0.285346725,0.23523284,0.287447546,0.285675538,0.285845485,0.285429795,25.86
564,1495792828.0,34.0,0.080511468,0.060803297,0.05545674,0.054472935,0.053860547,0.053127678,0.053304709,0.05386173,0.05439272,0.054888526,0.055713924,0.057090796,0.058372697,0.060449195,0.062073482,0.06333183,0.065092382,0.066718345,0.068377388,0.069689251,0.072032623,0.073873602,0.075547258,0.077427345,0.079854217,0.082269237,0.084464455,0.085340305,0.087749519,0.0903466,0.09150054,0.093235539,0.094405869,0.096159312,0.097910454,0.099293704,0.100605566,0.10224185,0.103391558,0.104686439,0.105673799,0.106702622,0.107481688,0.108644408,0.11017708,0.110888833,0.111999594,0.112656448,0.11418129,0.115108777,0.116409881,0.117934095,0.11914929,0.120603763,0.121953362,0.123090478,0.124267242,0.125764669,0.127429179,0.1287528,0.129153207,0.131432695,0.133078261,0.134757787,0.136011893,0.13720698,0.138840811,0.139936012,0.140994012,0.142156056,0.143369034,0.144148609,0.145913655,0.147557467,0.148596546,0.167928415,0.149948894,0.150604964,0.151572043,0.152852987,0.153584852,0.154160457,0.155094671,0.174617879,0.157414726,0.158386456,0.158825314,0.159027543,0.158989571,0.159238564,0.159549529,0.160152956,0.160887305,0.161043755,0.160525571,0.160422274,0.161063286,0.16160821,0.16253247,0.162982127,0.163231723,0.162978714,0.181350345,0.16281872,0.163270859,0.190700928,0.16357143,0.163179268,0.163003783,0.164627636,0.165353896,0.16615038,0.166622987,0.166380495,0.165731372,0.165204105,0.1644944,0.169604184,0.164726868,0.163654248,0.162554909,0.160726016,0.159857545,0.158154622,0.156737368,37.71
355,1495024334.0,40.2,0.092668098,0.06763543734710041,0.06874248,0.065965901,0.06340130695125487,0.06648326555958375,0.063157629,0.060371419173987674,0.064651091,0.065067394,0.065602882,0.067178986,0.068347447,0.070532294,0.07095138818408611,0.074399839,0.076488929,0.077945741,0.07825384458227105,0.082128925,0.08267284946623665,0.087626474,0.08965146743429968,0.091654969,0.09345835561686339,0.0708,0.099498661,0.102306088,0.10430216612117951,0.106757515,0.10628436711035895,0.111596201,0.113650111,0.115759826,0.11694525447257827,0.12292593239843792,0.121250493,0.122305651,0.123781261,0.125895245,0.1294049702217821,0.127743198,0.129043751,0.12681829232161682,0.13819212272476725,0.12756953536155505,0.12517795046959734,0.135606159,0.136842632,0.138511257,0.139534172,0.140982277,0.1443083560832895,0.143875067,0.14543925,0.146886003,0.147945005,0.1371902811640034,0.16560218468184476,0.15229991516254296,0.154552085,0.16595526910822747,0.114,0.159281879,0.160835244,0.162748784,0.164580773,0.16596109,0.167628381,0.169489327,0.170958425,0.172033982,0.173954454,0.175949158,0.17722868,0.17853685,0.179290479,0.180232909,0.17943461783945797,0.209058186,0.18338284,0.184092287,0.184977897,0.186113875,0.186909869,0.18584175136849748,0.24358315902516037,0.2887729469293947,0.28665311442199604,0.2799736841364593,0.17822149403870866,0.1418,0.1424,0.1518873092847374,0.271932325,0.28446446825894267,0.191475882,0.191811943,0.192126658,0.192883341,0.193370025,0.19932638940583922,0.21697278206423115,0.193541618,0.194642557,0.19478939958474523,0.196112031,0.1972510025308744,0.19050337415271337,0.19331108137764888,0.196940782,0.196998994,0.2025135663104058,0.198476917,0.19127560755525747,0.201609871,0.203144689,0.20389299,0.211035858,0.205391585,0.2268091603116776,0.20726161,0.208146801,0.210311783,0.211870823,28.46
181,1495547689.0,33.6,0.082604926,0.058036726,0.050476251,0.048497041,0.047737858,0.047992426,0.047517358,0.047870211,0.048516987,0.049074181,0.049955154,0.050726286,0.052073063,0.053759658,0.055251398,0.056566121,0.058022758,0.059345593,0.061276078,0.08948605,0.064775596,0.066283083,0.067829018,0.06973285,0.07143536,0.07339449,0.075283738,0.077117954,0.089943955,0.080901935,0.082897997,0.084519318,0.085999126,0.087584813,0.088926517,0.090768135,0.091773691,0.092934318,0.093847678,0.095123161,0.095794465,0.096871879,0.097795225,0.098671009,0.099439902,0.10050229,0.101513477,0.102423904,0.103431744,0.122813229,0.105431515,0.106717184,0.10744615,0.108602968,0.109919501,0.110998423,0.11224989700000002,0.113399692,0.114698014,0.115805266,0.116710568,0.118239281,0.119272087,0.120390321,0.121458329,0.123295145,0.124686779,0.126151323,0.127124657,0.12806169,0.12906631,0.130152553,0.131758972,0.133221668,0.134641271,0.135871654,0.136841585,0.136955104,0.137479883,0.138043855,0.138780862,0.139927204,0.140825093,0.141331781,0.142156721,0.142700611,0.1656725,0.14418553,0.144600965,0.145135197,0.145169882,0.145083056,0.145251641,0.145501984,0.145533928,0.145932193,0.146172167,0.146027641,0.146079537,0.145773573,0.145941869,0.14691516,0.147618198,0.147521769,0.147835192,0.14792571,0.148298171,0.148403572,0.148634349,0.149390166,0.149586014,0.149752202,0.150323033,0.15118041,0.151183156,0.151333352,0.152053266,0.152090429,0.152253622,0.152366285,0.152009932,0.15168032,0.151846681,0.151230652,0.15047023,33.85
302,1495629989.4902778,36.8,0.08906208061503997,0.065392562,0.05764877253850976,0.055688461,0.053439945968163226,0.053982056,0.05422074,0.05511811,0.054957161,0.056436036,0.05942661247618125,0.05923132082666603,0.064950998,0.061781165,0.063102519,0.06746047009941075,0.0558,0.12825721942676754,0.070746115,0.072264191,0.074073007,0.07818952021323802,0.077466595,0.08201770873302563,0.081985865,0.08065275885716962,0.085967442,0.08427777964674982,0.08661653892890175,0.0938486926049206,0.09334845529459558,0.096321435,0.098658179,0.100197594,0.101809173,0.103796001,0.10532657546562926,0.2142,0.106926536,0.107922926,0.10924284,0.10398985087153587,0.11125204,0.10743002035528978,0.113401091,0.114626719,0.115327307,0.116611745,0.117545902,0.118870039,0.119757503,0.12540100565825413,0.12884591704662493,0.123946887,0.13261348568665443,0.14142551427484917,0.127592622,0.129754883,0.135135114,0.1241736126472203,0.134147753,0.14624126901380619,0.136476485,0.14012090787500867,0.138693383,0.13958008941635108,0.142044297,0.14576687632770505,0.14393197111033826,0.146146258,0.14740095390958036,0.23077223387141424,0.15003053,0.150755507,0.152335216,0.1527766776440766,0.155301741,0.156225183,0.186146559,0.1827820435955396,0.15789338,0.16536632235925788,0.159020063,0.160051216,0.161191835,0.15823743714192284,0.16890093303771586,0.163634278,0.16611220308417776,0.1604395825346358,0.14524515663884613,0.17132722261284972,0.16465637,0.164550576,0.180127516,0.164536288,0.16160027139555358,0.164395436,0.16253593671155428,0.165107488,0.1627641768218404,0.1462,0.165960985,0.17537528308685857,0.167275362,0.16779163,0.167825197,0.16829492,0.16612244763703776,0.168719797,0.1782575285738962,0.169042764,0.16889206,0.16727029530240195,0.169670476,0.17607485522075078,0.170992375,0.171357936,0.170812769,0.170446655,0.164417826,0.171263794,0.16901620102153062,0.2773616786068888,0.195470064,33.13
583,1495795108.0,36.7,0.084500713,0.0625554766837991,0.05349399913618867,0.042885172,0.051155253,0.078231155,0.049794988,0.049732336,0.050595658,0.051822359,0.052939609,0.05456961618537681,0.054358345,0.056211922,0.057319679,0.058625718,0.060753357,0.06190534964325705,0.06459773,0.065920758,0.06354079248350994,0.07017632,0.072207535,0.07639734355057491,0.1704,0.0708,0.07563704000576045,0.080502988,0.083076767,0.084864303,0.086747049,0.088231422,0.09203693882994343,0.0853,0.086,0.09478578,0.09509621,0.10225183169455264,0.09852031,0.099640096,0.10098082804744431,0.102245889,0.102459133,0.103493139,0.11415546706414711,0.11365438931487595,0.106671143,0.10509075742910064,0.108653722,0.110464531,0.1093823194783839,0.112785859,0.11396757,0.1044365438584155,0.11462046311794578,0.117508447,0.11985519883762547,0.120739739,0.121821393,0.122696521,0.124082409,0.1365164619205682,0.12193814436377996,0.12698213829364888,0.1166,0.11959472527306873,0.13103171882605694,0.15371923223912357,0.136502647,0.14005139725478627,0.139201568,0.140704508,0.12890480850573588,0.14280987,0.144273848,0.1452126576906348,0.1312,0.1322,0.2931,0.147873905,0.14967993333414184,0.27201548504820033,0.2822636190227938,0.2779595775726484,0.2686591965399876,0.153276174,0.16442399671626645,0.1397,0.155105564,0.14952487565229344,0.1415,0.14949347723842218,0.155548205,0.16424287036295682,0.155558509,0.155844317,0.156423336,0.16311718220537677,0.157474635,0.157777986,0.15476557732564356,0.158647067,0.1462,0.159580146,0.16153925084607534,0.160819368,0.16317703789945393,0.1603551764953371,0.15943720964829752,0.161115148,0.161034925,0.149357216946698,0.16160054,0.160973848,0.160450802,0.16716260432299823,0.160420773,0.1662275758942566,0.159512649,0.158885185,0.158534667,0.1558662726489325,0.156056681,0.155719202952521,0.154746785,35.2
433,1495640340.0,32.8,0.105500072,0.073242331,0.06642741,0.080579575,0.063239875,0.064167668,0.063465941,0.064103085,0.065312692,0.054404569,0.067467339,0.068036791,0.070354492,0.071992955,0.073272482,0.075864451,0.077642906,0.080002898,0.082866283,0.084031586,0.086401867,0.088560752,0.090824663,0.092926725,0.094908227,0.097128412,0.099419583,0.102391455,0.104277323,0.107042254,0.109197164,0.11144166,0.113055171,0.115210012,0.117018545,0.118521341,0.119347499,0.120790142,0.122524743,0.123798738,0.125225823,0.126668687,0.127485278,0.128510235,0.12960519,0.130508192,0.131634145,0.132899326,0.134701436,0.13595437,0.136751832,0.137996827,0.139121812,0.14079769,0.141951687,0.143420595,0.144970648,0.146834655,0.148216661,0.149843216,0.150728314,0.151942003,0.153597474,0.155127417,0.15631861,0.157742204,0.158906337,0.160970472,0.162037109,0.163512207,0.170265414,0.166755966,0.166936791,0.168459238,0.169344238,0.170774769,0.171279764,0.172527298,0.174291452,0.176450239,0.177287968,0.177526718,0.178276012,0.179089327,0.178941707,0.180007341,0.181654236,0.182828074,0.18385736,0.184100642,0.184578992,0.184941436,0.184525547,0.184590227,0.185094947,0.184772995,0.184875813,0.184896097,0.184921708,0.186005325,0.186873704,0.187962612,0.187625806,0.187739932,0.188044753,0.188559222,0.188779456,0.189495679,0.190744037,0.191416057,0.192140934,0.192447687,0.19217318,0.191900106,0.1912919,0.190557878,0.190631634,0.189919053,0.189737287,0.188682925,0.188843499,0.188557263,0.188448535,0.187923454,0.186965134,31.1
6,1495548977.0,35.5,0.08147394,0.054824537,0.049676512,0.047652785,0.046675008,0.046542027,0.046885653,0.046723267,0.047532552,0.048933563,0.049113468,0.050067313,0.051676614,0.052548517,0.054555611,0.05599574,0.057808122,0.059377379,0.0608518,0.062574593,0.063911882,0.066132066,0.067374597,0.069282501,0.070677537,0.072992024,0.074911705,0.076746013,0.078657081,0.080650254,0.082374219,0.084001269,0.085837578,0.087401852,0.089052792,0.090108601,0.091332432,0.092925099,0.094036182,0.095059996,0.095857361,0.097149649,0.09817217,0.098204784,0.09955694,0.100421659,0.101319498,0.102670192,0.103589099,0.104786436,0.106203387,0.107014707,0.107955286,0.109186593,0.11046815,0.111713832,0.113155445,0.114825214,0.116183386,0.117215444,0.117835122,0.119137089,0.120618196,0.121841847,0.122610036,0.123975434,0.125774744,0.127363136,0.129029124,0.130401403,0.131163772,0.132188423,0.133290899,0.13490719,0.136419866,0.158441227,0.138142482,0.138869464,0.13962777,0.140428046,0.161733465,0.141849035,0.142490593,0.143647394,0.144026372,0.138470865,0.145130111,0.145438554,0.145755166,0.145685568,0.146194619,0.146423953,0.14675787,0.147053066,0.147293133,0.147294426,0.147386228,0.147606411,0.148073576,0.148309108,0.14831948,0.148596008,0.148783218,0.149430099,0.149656829,0.14970593,0.149803425,0.150185689,0.15070916,0.151321464,0.151903033,0.15246485,0.152767851,0.15313596,0.152939756,0.152696298,0.153006891,0.153839996,0.15464438,0.155191749,0.155896597,0.156416326,0.156194611,0.155435718,0.155265313,33.23
46,1495554135.0,31.6,0.035041180000000005,0.036889552,0.034085327,0.037317776,0.03810187799999999,0.03960396,0.039288953,0.041060306,0.042446048,0.044216406,0.04323641,0.047359202,0.049013766,0.051091952,0.054537999,0.056718589,0.05795985,0.061183357,0.06248499,0.065708339,0.066308883,0.067863479,0.069312796,0.071641228,0.07381146,0.075358624,0.075998201,0.077903918,0.081561361,0.083411057,0.082915421,0.084589513,0.087051178,0.087871842,0.089442923,0.091002874,0.092112098,0.09389512,0.095237699,0.096832737,0.097548675,0.097728247,0.099154953,0.098373479,0.100327836,0.100529101,0.102048841,0.102792712,0.103928553,0.104902366,0.129233822,0.107384715,0.107827252,0.110424399,0.112428928,0.11353611,0.114850382,0.115142644,0.115997298,0.117216479,0.117639439,0.118853171,0.120830413,0.121717811,0.12292021,0.124349224,0.125616849,0.126730224,0.128757602,0.131462141,0.131987928,0.133836313,0.137531019,0.139319202,0.141011019,0.142335586,0.143390973,0.14478474,0.145300248,0.146770092,0.14812747,0.149008221,0.149576193,0.149414721,0.150497163,0.152604288,0.153808131,0.154877485,0.155564914,0.154933907,0.154685525,0.154608693,0.154649346,0.155781691,0.156194483,0.157974786,0.158798722,0.158501837,0.158314213,0.158617948,0.158977913,0.160741711,0.161574179,0.160759053,0.160016042,0.16107321,0.162424391,0.161136736,0.162300683,0.162878621,0.161190006,0.158238144,0.156938326,0.156585013,0.156576427,0.157808174,0.157502218,0.154904323,0.151723621,0.147555798,0.144840141,0.143835814,0.145915885,0.146493452,0.146984808,31.76
382,1497172951.0,36.6,0.083831246,0.065267819,0.057545654478241684,0.056216942,0.055641028,0.056177948,0.056042134,0.056302978,0.057239558,0.05768903745657292,0.06063882034022815,0.0613694123681497,0.06297714461206708,0.06288449474256644,0.064927404,0.065932667,0.067981236,0.070144951,0.072112011,0.074481308,0.07364563224753021,0.077410092,0.07969046,0.0843943565401377,0.0865915345082838,0.08265958102970292,0.14133889758124904,0.089799889,0.09203368431065166,0.09489049036389247,0.09430850828493055,0.10009207443167834,0.10362760836971506,0.101125381,0.10036915295785995,0.10571703227662553,0.10722023812656375,0.107210949,0.108495261,0.109593902,0.110221189,0.111582415,0.112639855,0.10894237263321,0.114852063,0.115703967,0.11260179243540065,0.117336152,0.12480799411056519,0.120455656,0.123180231,0.123153482,0.123693713,0.11576462949538201,0.125910665,0.128188558,0.129955643,0.131255555,0.132784453,0.12200355162995391,0.135123558,0.14718405997908438,0.114,0.140065008,0.140493418,0.141401741,0.143233506,0.145360688,0.146579228,0.14729729,0.14847074034739877,0.149890752,0.13837038935965573,0.158289985,0.153717836,0.155231024,0.162918648100892,0.16232404615513388,0.157910816,0.15605161203226017,0.159834477,0.1674639656452663,0.160505918,0.1600867376461725,0.162113315,0.1592265027708704,0.16979344442279354,0.17812764895679928,0.164022726,0.15836755766521352,0.164470982,0.164710096,0.1630579751903854,0.17129991155380367,0.1423,0.146137518,0.143,0.166323534,0.16461584825868925,0.167857468,0.168259468,0.1754349711973421,0.160282970392726,0.1696994103065843,0.1473,0.170064034,0.1731771129136963,0.3001,0.27710189267924334,0.171109881,0.18032809966043928,0.3001,0.15279714257616123,0.1503986105549962,0.1499,0.172749217,0.1717953959895504,0.1776013803844513,0.174160175,0.173629523,0.173154089,0.172518291,0.172364599,0.17300621,0.172579158,34.84
502,1495632767.0,38.4,0.100667104,0.067550622,0.058434931,0.056307169,0.055428174,0.054490856,0.054730778,0.054889425,0.055550364,0.057301182,0.057573082,0.058491341,0.060059572,0.061541106,0.063089521,0.065086584,0.066641126,0.068799641,0.070381946,0.072268543,0.074217288,0.076018444,0.077550767,0.077403127,0.081597689,0.085383095,0.08586449,0.087624761,0.090191243,0.092121738,0.09387779,0.095704837,0.097645725,0.099362872,0.101489155,0.102241712,0.103399021,0.105479877,0.105671544,0.107569118,0.109137039,0.109297757,0.110016489,0.11164556,0.112380983,0.113143705,0.113991259,0.115015781,0.116756449,0.117963074,0.119212068,0.119525007,0.121013724,0.122835177,0.123957452,0.125628125,0.127102816,0.128464077,0.130065023,0.130136163,0.131138008,0.132369025,0.134066531,0.135544865,0.136658877,0.138493351,0.140022879,0.141691273,0.14299859,0.143965512,0.145139219,0.146262168,0.146688793,0.147921231,0.149595204,0.151240281,0.152657023,0.153342095,0.153969497,0.155089835,0.155966819,0.157000532,0.157319977,0.157867059,0.158448918,0.158359756,0.159282211,0.159897204,0.160731132,0.161907282,0.162241676,0.162924297,0.162506794,0.163073046,0.163381022,0.163318662,0.163022518,0.163642545,0.163797237,0.163805513,0.163904899,0.164160615,0.164502685,0.164520907,0.165124113,0.165667773,0.166544125,0.167131661,0.167262757,0.16737616,0.167023046,0.16733788,0.167113162,0.16748057,0.168039903,0.168655197,0.169417154,0.170203296,0.170598236,0.171368956,0.172109133,0.173103585,0.172150504,0.257777873,0.171901081,32.2
17,1495550297.0,35.0,0.082857107,0.055336673,0.048379728,0.047891293,0.046788914,0.046666285,0.046952501,0.046982596,0.047319549,0.04868687,0.049434129,0.050570989,0.05143048,0.053021498,0.054673546,0.056260622,0.057799062,0.059528778,0.06150403,0.062842339,0.064384785,0.066121294,0.0680782,0.070096742,0.07186749,0.073261083,0.075119366,0.077028669,0.079405978,0.081108903,0.082410518,0.084353402,0.086190017,0.087509354,0.08921222,0.090707224,0.092125001,0.093156733,0.094332546,0.095732482,0.096344906,0.098195143,0.09914411,0.099655333,0.100637025,0.101661946,0.102477618,0.103503396,0.104399419,0.105623255,0.106900371,0.107682757,0.108953986,0.110460463,0.111583858,0.112994658,0.114366804,0.11583612,0.117240151,0.118631432,0.119056375,0.120392711,0.121448399,0.122951668,0.124526749,0.12605507,0.127750366,0.129568853,0.130626789,0.131512559,0.132951328,0.134098783,0.13498985,0.136475886,0.137540634,0.138930977,0.140273832,0.140808002,0.139194181,0.142240881,0.143043488,0.143622809,0.144318568,0.144930958,0.146034794,0.14681501,0.147098203,0.147886258,0.148009392,0.148463766,0.149159688,0.14929539,0.149638065,0.149355507,0.149095466,0.149420684,0.150000883,0.154976057,0.150980016,0.151251718,0.151436746,0.151305,0.15148236,0.151913225,0.152315779,0.152813179,0.153108344,0.153268673,0.153118806,0.15380321,0.1535815,0.154111991,0.154868565,0.154991727,0.155669934,0.155965298,0.156812294,0.157186563,0.157597969,0.157295702,0.157374356,0.157197577,0.158703149,0.159381625,0.159463631,32.74
623,1494085057.0,38.4,0.086379466,0.059183025,0.050302379,0.047542111,0.046646938,0.046004794,0.046082745,0.045774845,0.046921706,0.044073275,0.048197129,0.049279616,0.050455891,0.051704494,0.052982852,0.05485918,0.056451225,0.058233432,0.059892986,0.061443496,0.063145512,0.06483346,0.066678107,0.068408519,0.070407191,0.072076884,0.074311592,0.0756128,0.077841706,0.079571468,0.081352284,0.08301666,0.084864859,0.086155202,0.087370242,0.088638215,0.090007053,0.091590913,0.092410384,0.093565784,0.094344634,0.09532222,0.09617084,0.09706029,0.098165686,0.098837911,0.099588146,0.101139974,0.102448735,0.103394747,0.104637153,0.105555432,0.106304345,0.107689285,0.108801414,0.109677752,0.11162935199999999,0.113099789,0.114523777,0.115219571,0.116348081,0.117418244,0.118736793,0.120079254,0.121520708,0.123359783,0.124917694,0.126231574,0.127529838,0.128872834,0.130070879,0.1313909,0.132602534,0.133881843,0.135383962,0.136605275,0.137158809,0.138040038,0.139005874,0.140025514,0.140633713,0.141320495,0.141928043,0.142898797,0.143649645,0.143686456,0.144199376,0.144627984,0.145035546,0.145478636,0.145795694,0.145812503,0.14588158,0.146391827,0.147106869,0.1477057,0.148025739,0.148029675,0.14797897,0.147948752,0.148251801,0.148813002,0.148933084,0.148714516,0.149137038,0.149973605,0.150752353,0.151163751,0.151400589,0.152066491,0.152641989,0.153235744,0.153666748,0.153611863,0.154027434,0.154901374,0.156101819,0.156841843,0.15757952,0.158368038,0.159223453,0.160298472,0.160610865,0.160995189,0.186875355,32.37
394,1495626496.0,35.6,0.090304914,0.063793896,0.056740742,0.05415621,0.053940032,0.053826011,0.083630288,0.054274084,0.054372203,0.063603764,0.056645388,0.057168583,0.059126634,0.060657087,0.06239422,0.063807727,0.06526303,0.067733098,0.069233923,0.070779731,0.073037451,0.092757576,0.076157203,0.078918744,0.080595277,0.082744021,0.084265699,0.106642175,0.088653214,0.089993201,0.092005408,0.094306193,0.096286045,0.097790742,0.099733761,0.100992644,0.102554807,0.103540673,0.104882273,0.105748384,0.10705974,0.108947151,0.108970911,0.110123574,0.111255538,0.112006232,0.112939533,0.113860789,0.115278991,0.116194974,0.117996968,0.119099166,0.11984608,0.120815929,0.122244756,0.123834166,0.125667452,0.126938107,0.128165601,0.129078941,0.130873344,0.132381043,0.133448425,0.134822828,0.136407908,0.137857834,0.139863238,0.141620159,0.142544397,0.143657982,0.144795346,0.145693119,0.147186137,0.148505596,0.14976011,0.150802563,0.151587801,0.151803117,0.152778865,0.154095324,0.154923951,0.155406663,0.156169354,0.156601842,0.157081337,0.157866736,0.158757744,0.159111783,0.159670928,0.160408549,0.16070145,0.160635811,0.160647777,0.160420658,0.160149771,0.160687165,0.161439754,0.161684897,0.161878801,0.161950318,0.16279255,0.163483636,0.164115481,0.164590025,0.164542283,0.165136172,0.165608333,0.165489597,0.16502844,0.164565572,0.16462598,0.164578152,0.165033173,0.165546773,0.16564659,0.166293007,0.167242092,0.167730021,0.168694622,0.168543041,0.167425861,0.166548424,0.166778424,0.167085554,0.188753533,34.35
284,1495623647.0,32.9,0.094785671,0.06750824,0.060350152,0.05947139879623894,0.056843935,0.056377818,0.056739369,0.057070944,0.0560449007825294,0.058478716,0.060038427,0.06186209,0.062855027,0.064503833,0.06578916,0.07031690792947397,0.068619492,0.0699773526049118,0.073159375,0.074358225,0.076182658,0.08031767076976451,0.080406835,0.0851599475597454,0.08397391,0.0828332913939257,0.17718428466836234,0.091020725,0.09323131472254881,0.09575163127100303,0.096686083,0.10246919265497151,0.09959172,0.12308696,0.12524453175955047,0.104364692,0.105586891,0.11408639354061509,0.108258094,0.109273416,0.110221774,0.11127404,0.112484715,0.10877331095539519,0.119596703542669,0.114641541,0.11147574125365275,0.0979,0.118231429,0.11681147412199933,0.174913479,0.18114707318595027,0.18416683096790232,0.11616798191588362,0.125768322,0.13549616993441777,0.128501371,0.129878609,0.131207211,0.12054748825926997,0.11812523283178031,0.135636102,0.13750744,0.1384866,0.139389247,0.141239733,0.142890336,0.144192354,0.14240801409279913,0.14702697,0.148219500877192,0.1516886065800538,0.150206157,0.15726464882565072,0.151869118,0.1523393356728058,0.1602440457958988,0.15956614602706362,0.155550775,0.15381739016542162,0.158589969,0.16611909011839476,0.159374464,0.15899138437401109,0.2982,0.162212201,0.17248767378828067,0.163126333,0.162918815,0.162712114,0.162810122,0.162870556,0.16126778022878643,0.163769041,0.16408141520129077,0.164439737,0.16149152114466173,0.166045274,0.166490333,0.16605468687178315,0.167337039,0.17455732690587356,0.167888988,0.168039685,0.16853745,0.168796758,0.169122835,0.170203227,0.16772923587183233,0.169921638,0.17011577,0.170056734,0.17658339844370283,0.169455923,0.16858628,0.168409683,0.168466066,0.17319989250864035,0.20149486859693264,0.166430749,0.18144823726157622,0.21266940405000323,0.21079956858826746,0.1641022,0.1594427236097019,35.63
286,1494197394.0,32.3,0.095671345,0.066056923,0.060174445,0.056683076,0.055873265,0.056215136,0.056244671,0.056394432,0.058614354,0.058526594,0.059558251,0.061187685,0.062247394,0.062941516,0.064981504,0.066139821,0.068175601,0.069778298,0.072329167,0.073644205,0.075435109,0.078059628,0.080488515,0.081916816,0.083253934,0.085889835,0.08784016,0.089583199,0.091562946,0.093491366,0.09588438,0.097879594,0.099307964,0.100571822,0.10247546,0.104603119,0.105730208,0.10614011,0.096485449,0.108853419,0.109664718,0.11105529,0.112201891,0.112636889,0.113946801,0.11566092,0.116331151,0.117004963,0.226447959,0.119233291,0.120786699,0.121541652,0.123375283,0.12470519,0.125677705,0.126493312,0.127820081,0.129471011,0.130955547,0.132411174,0.13375572,0.135099563,0.136292679,0.138118453,0.139428167,0.140506724,0.141656252,0.143391462,0.144871822,0.145898937,0.147221707,0.149014478,0.149836866,0.151408095,0.152176215,0.153039953,0.153688098,0.154333634,0.15482061,0.155846337,0.157458291,0.158170525,0.158210938,0.159001817,0.160516295,0.160959954,0.161201697,0.161642591,0.161405617,0.161892055,0.162819492,0.177572974,0.163555866,0.163557476,0.16331106,0.16319186,0.163012672,0.163750161,0.164210575,0.164323742,0.164751255,0.165646805,0.166337389,0.166685883,0.16776778,0.168329726,0.168004434,0.167956075,0.168042278,0.16735782,0.167564412,0.168694719,0.168136803,0.167666732,0.167840522,0.167554666,0.167177644,0.167189243,0.166441653,0.165702503,0.164833273,0.163933453,0.163320522,0.162334139,0.161681854,35.52
226,1494944340.9422565,44.1,0.14745256686860564,0.101710352,0.08767065799920296,0.05085861,0.048758635320224994,0.09175386635996141,0.084986484,0.08185296142377188,0.085752769,0.08848232,0.089659827,0.092081826,0.094475965,0.096855306,0.099290037,0.102439293,0.094292127,0.09632187704461198,0.10487739080365467,0.113969961,0.12025788392084538,0.12171663811725134,0.12558360903435548,0.125509697,0.129053713,0.133042207,0.1342708861070582,0.139782721,0.14106644520232375,0.14698875413534795,0.14384799228130432,0.15384278008751606,0.11122988810074562,0.10872189612491696,0.158093573,0.16564510271059904,0.162505344,0.164703432,0.167239222,0.169394907,0.171373497,0.16492116197237564,0.1609833514757015,0.1616240319449014,0.18964848585399752,0.17913395,0.180284893,0.18790639853466523,0.184816587,0.186887824,0.188365694,0.189432683,0.19090698,0.169640438,0.17475344644598467,0.17792753953999746,0.197906979,0.199734745,0.201508921,0.18544795681605736,0.19036602194492325,0.2145173191396549,0.214184063064778,0.1151,0.211910919,0.20581164474827485,0.215599971,0.21690859,0.218735169,0.2285226856400674,0.222799561,0.22350782,0.21422601755574072,0.132426501,0.13339366213906073,0.231153811,0.24828489862605,0.25034894347040304,0.234759658,0.235211713,0.236147432,0.236432222,0.24497271990783145,0.239628442,0.22944853277341784,0.240690329,0.241496964,0.2524352592110351,0.24280726039384415,0.23649404961194825,0.1415,0.244479092,0.24068719484910925,0.243940634,0.2447266,0.245229827,0.25248946582754433,0.245828174,0.25038048199971785,0.245332342,0.245617186,0.245624203,0.23296824894054555,0.2996,0.194914457,0.19506131306445781,0.247582491,0.248732025,0.249994029,0.251602009,0.252552095,0.24660309295171168,0.254755445,0.25727758921491783,0.192585118,0.19822542570037718,0.253261877,0.2466867427533043,0.254886969,0.240106562238929,0.1427,0.1428,0.142,0.250474228,0.2417652392753251,26.35
27,1495733422.282805,38.46117543762084,0.081828682,0.06089352339383888,0.049079169,0.048815609,0.04677846609035674,0.051796244955966825,0.04688855745660762,0.04784965,0.04566056885860631,0.049982039,0.050943594,0.051478297,0.053158561,0.054404987,0.05610506113136862,0.06002076997936044,0.059061941,0.06016966687638485,0.062161427,0.064174876,0.0624,0.06641415246597203,0.06899788570983184,0.071344243,0.07424921550666097,0.075301533,0.079350733,0.079172568,0.081141301,0.08395310502534459,0.084651981,0.09043740118955249,0.09136420294958959,0.08812569137722077,0.092143935,0.093720598,0.09539471507005978,0.10258857596434653,0.0907,0.098554156,0.09980517625614042,0.100533266,0.101381171,0.102369254,0.11299729946821967,0.104162551,0.10036919917634635,0.106328391,0.107567263,0.108921497,0.110142163,0.111005754,0.111929483,0.1038,0.114933536,0.12611097770386004,0.117991327,0.119305665,0.13058651138181948,0.1111,0.1119,0.1129,0.114,0.11980817997825258,0.11965155698346684,0.129407609,0.131015512,0.1340551214049971,0.13259633566833462,0.2451999953793554,0.23946298595009885,0.137218956,0.138821957,0.140151332,0.1416035853600365,0.2891,0.291,0.13594219579173555,0.144579692,0.14525102,0.146408531,0.1529552391441118,0.24951822504609217,0.148363856,0.149416032,0.14559794198135806,0.15749532657210416,0.1397,0.151665272,0.14611331845645098,0.151738257,0.152234972,0.152751767,0.152891715,0.15479607555697253,0.152853294,0.152779732,0.153006037,0.153504971,0.153662358,0.154274228,0.154968126,0.18335909,0.154794908,0.1571421983701311,0.155590693,0.155927495,0.156172548,0.15591545017415415,0.167669823,0.157288846,0.157507721,0.16450579197522405,0.16267233873121528,0.1499,0.153538424,0.15283587408359434,0.19659624563932923,0.156748172,0.15311341665495254,0.16594326997246764,0.16327498288540268,0.2988,0.2986,0.1524237134969771,32.38
535,1495041264.0,43.3,0.17477140800000002,0.121598067,0.111229095,0.108218278,0.107758282,0.108037424,0.108689181,0.110527977,0.072674425,0.114520138,0.116328144,0.119487735,0.10075597,0.126435265,0.130311936,0.133317363,0.136238449,0.14023036,0.142946736,0.14782288,0.150994781,0.155325609,0.159399745,0.161789287,0.166054878,0.170566192,0.173886032,0.178065724,0.182015145,0.184870417,0.188479255,0.192622069,0.166661091,0.199582783,0.202565282,0.205892476,0.208421223,0.209498608,0.213021209,0.216447087,0.217986628,0.220053727,0.222442442,0.224670446,0.22536891600000003,0.227504073,0.229824957,0.230855162,0.23423214,0.236657997,0.237687125,0.238918703,0.241683189,0.24308798399999998,0.24639593,0.248474014,0.251595398,0.2545948,0.257341667,0.258813437,0.259520899,0.260110976,0.261074911,0.262257608,0.263963585,0.266656682,0.268782603,0.269666394,0.271327063,0.272586019,0.274507767,0.277272433,0.279732094,0.28196735,0.285078194,0.28741982,0.287755173,0.288252532,0.289178218,0.291443266,0.29193557,0.2925412,0.293639742,0.293595694,0.294233193,0.295512832,0.296817495,0.29740126,0.297292756,0.297468281,0.296722695,0.296735005,0.296569955,0.295872528,0.294747234,0.294508926,0.29562654,0.295761774,0.295132143,0.29468035,0.294816595,0.295010117,0.295402791,0.295386831,0.171020539,0.29582967,0.294845593,0.294239697,0.293634661,0.292966375,0.293668654,0.293418662,0.293974088,0.295005747,0.295222666,0.296059118,0.295802032,0.29507629,0.293672326,0.293256185,0.292644149,0.292686682,0.292600734,0.293177539,0.292596221,25.86
264,1495621247.0,32.8,0.095272584,0.0692553789107856,0.063118272,0.061279957,0.060517169,0.059886817,0.060045784,0.05730908586139387,0.05920277555145071,0.059513308545406596,0.066975831,0.065054132,0.084003986,0.068224455,0.06882685911181036,0.070763816,0.072861928,0.0747207,0.07533191491793767,0.078525021,0.07841881526926195,0.082586622,0.08433929952908029,0.086211384,0.0894107,0.091892278,0.09550653759889348,0.083901431,0.08624734389793616,0.099076315,0.100678372,0.10646071513979723,0.1098512803211996,0.10729259288778978,0.10735461296777361,0.109956559,0.095439414,0.106540427,0.112786048,0.11930176194932643,0.116262268,0.117609141,0.11538317472170875,0.118267418,0.119321189,0.11791239381298202,0.11764544345396405,0.2343,0.123951227,0.125777947,0.126949519,0.13266996613492618,0.129436295,0.12245304243289512,0.132044351,0.14093252452504423,0.1355677,0.136175154,0.149689079764692,0.139476615,0.13919526642909588,0.23685794575204772,0.143544643,0.144633722,0.1462415535283984,0.147602302,0.148988084,0.15055746,0.14856870663135402,0.15303287727457113,0.153259418369729,0.15774494695123398,0.156372327,0.158085559,0.159227001,0.15924327230329954,0.160372377,0.15969847397861195,0.162382582,0.164121074,0.164669412,0.165344587,0.17047359874754373,0.166798121,0.167715807,0.1652399075910005,0.17521981058896816,0.2353176293709478,0.23516181481433257,0.168892733,0.169713291,0.17750780997780005,0.170841257,0.171010984,0.170793722,0.170601478,0.16843180016487633,0.17408798453699478,0.1729916519414138,0.172345545,0.173175222,0.18011206118081372,0.175685801,0.19274567,0.19201433890234096,0.175817226,0.175754247,0.175379658,0.1750978,0.175350701,0.1840019953374254,0.177057922,0.18332158522188502,0.17910373,0.17189664454568443,0.1499,0.176718614,0.18035182315074366,0.21232316595073575,0.177367422,0.176488731,0.17382059659332064,0.175528341,0.17536045,0.17017313579815374,37.6
365,1495025534.0,40.9,0.084904642,0.075638823,0.066481585,0.063313773,0.063014069,0.062917139,0.062838429,0.062127214,0.062892605,0.064024961,0.064061839,0.065659507,0.067498228,0.069408663,0.071346447,0.073491838,0.075389213,0.077466365,0.079782263,0.081779949,0.084164013,0.086935131,0.088331852,0.090792571,0.094182319,0.096876992,0.099257601,0.1011434,0.103823722,0.106223182,0.108685393,0.110538119,0.112941183,0.11464858,0.116513697,0.11857653,0.120354882,0.121536604,0.123438204,0.124864718,0.125776983,0.126897358,0.128467744,0.129218924,0.130667242,0.131703553,0.13363674,0.134091575,0.135877444,0.13745324,0.138514955,0.139844635,0.141846277,0.143203011,0.144901413,0.145973637,0.176213956,0.149245237,0.150488589,0.151704449,0.153736972,0.15499165,0.156121235,0.157590763,0.159689064,0.161649148,0.163262796,0.165048025,0.166799074,0.16829254,0.169318003,0.171094147,0.172796671,0.174464519,0.175892698,0.176707595,0.177512189,0.178470029,0.179972868,0.180921612,0.181666299,0.182315129,0.182906845,0.183832265,0.18454164,0.185082969,0.18537008,0.186054683,0.186750831,0.186851183,0.186407366,0.195382486,0.187348866,0.187668179,0.187872953,0.188258139,0.188720513,0.188972507,0.189157585,0.190243863,0.190807261,0.191152507,0.191004523,0.190797844,0.191078223,0.191441534,0.190959493,0.191778145,0.19292482,0.193445049,0.193889405,0.19441338,0.194317397,0.19455434,0.195242433,0.195536175,0.195792647,0.195717187,0.195679478,0.196249871,0.200853052,0.197598187,0.196950203,0.196039627,0.200681519,28.14
230,1494714950.89229,43.7219317984343,0.15831493540263475,0.108466542,0.096617828,0.092304245,0.08892962453626109,0.0924326521183171,0.092216945,0.0889683805997624,0.09196540924633345,0.08995717117258083,0.098338962,0.10531453316477646,0.102633256,0.104805613,0.10885008,0.111767036,0.113642809,0.116593005,0.120837325,0.123107693,0.126299793,0.1308742835657969,0.0661,0.137533552,0.140246914,0.144554789731743,0.13670737798372012,0.14092912649551032,0.1854,0.1897,0.15367684266879592,0.15944901015949037,0.1654381748077525,0.169190764,0.171195498,0.17924719838600722,0.17694451,0.178074077,0.181333561,0.183331743,0.19158641833118223,0.2210590948819048,0.188977494,0.191382753,0.20472603518577104,0.18830995367680559,0.18955591168642483,0.119310712,0.12683126299416145,0.12509085773068424,0.203610887,0.21015150317260933,0.132932684,0.12652530355553618,0.13499137862982932,0.20752974252055792,0.2131362250325983,0.1093,0.216624135,0.19940187729588796,0.220354418,0.22953133712040946,0.2218602883893388,0.225056436,0.23238024429779724,0.228671668,0.23108875459814687,0.274,0.234565489,0.24555401061817375,0.2383339,0.2515965747396442,0.24316889987783302,0.1275,0.1294,0.246918523,0.247992946,0.250133628,0.2540890035654535,0.24710232249518688,0.2948,0.194301985,0.20082065843083008,0.255784974,0.257186469,0.25826636,0.2591648648486822,0.270744813581804,0.25815408870011397,0.253338814428234,0.2511299445234306,0.3008,0.2954973135387161,0.263115727,0.263626474,0.263663662,0.263587481,0.2610211802262562,0.263394083,0.25436612414171716,0.264148273,0.263490956,0.2514703736282945,0.264142808,0.264645842,0.264560135,0.263494494,0.263168054,0.263742114,0.264055623,0.2608486027065642,0.235339901,0.23941418840638606,0.265951479,0.2587702867262758,0.265416318,0.263250440628829,0.2553431618722989,0.2612570881961465,0.267599032,0.2989,0.2962336379008283,0.2951261874740941,0.2661934675030694,0.139528687,26.17
158,1495544929.0,33.4,0.1844,0.1284,0.076014755,0.07769317354594169,0.047611572,0.052532331149795934,0.047252415,0.048150258,0.048354317,0.044974724,0.050406685,0.05173845209158172,0.053079354,0.054376218,0.055393084,0.05926379559678339,0.057884779,0.059663236,0.061429196,0.06633107601122436,0.06402513026037167,0.0686660174454537,0.068485149,0.07241922413949345,0.072369575,0.0708,0.07915192212160028,0.077911262,0.08037103572320714,0.08315493534636216,0.083243732,0.08902942257183885,0.086423811,0.087947505,0.089677219,0.0946169299138081,0.0889,0.09526187265793809,0.0907,0.19632092941235466,0.2214,0.096749869,0.110653692,0.098773695,0.10929206279093924,0.10964557940822961,0.0972,0.0979,0.103634013,0.10468763,0.105726383,0.107123934,0.108225125,0.1038,0.110633494,0.112323148,0.11448213672992333,0.114376128,0.1250044325388622,0.117330333,0.118305957,0.118960092,0.120105848,0.121482823,0.12144522384976328,0.125083042,0.126335708,0.127242204,0.1260022130531329,0.12981588,0.13222325519325595,0.13253689,0.133550586,0.13474414,0.136075221,0.1375198469643627,0.1312,0.1363374136964736,0.1331,0.140832913,0.157505441,0.16494709671585583,0.14566569579506478,0.1422932205945412,0.143855348,0.144434189,0.1564451811066456,0.1523259736005378,0.146071624,0.146601108,0.1415,0.146603482,0.146750781,0.147043535,0.147741452,0.148506593,0.148769375,0.15612460663268043,0.14580835290924687,0.148701254,0.14919663,0.1572976501136708,0.149897516,0.15003527,0.150205944,0.15035058359552014,0.149907611,0.150190846,0.15087887671000655,0.15131042,0.16317548432318016,0.1514664,0.151594528,0.1496,0.3001,0.151088067,0.17133569,0.151028765,0.1471,0.24841250880914534,0.27689712080746676,0.14994497,0.150180077,0.149909001,0.14591496613916055,34.88
238,1495037686.0,43.4,0.16752901,0.11421141,0.10214232,0.0974541,0.096957283,0.096504919,0.097003146,0.097262592,0.098839371,0.100047029,0.10310888,0.106199711,0.107573341,0.110126854,0.114450986,0.116456282,0.119241789,0.122420215,0.125201438,0.07474331,0.13212896,0.135801295,0.137495848,0.143407081,0.146601127,0.150480569,0.153228701,0.156812478,0.088864903,0.163547444,0.167644947,0.170743551,0.173840886,0.176710128,0.179562574,0.181848758,0.183614862,0.186187016,0.188827667,0.190488458,0.192272871,0.194166825,0.196391905,0.197890144,0.199417295,0.201763886,0.202735853,0.204354004,0.205793923,0.208442026,0.211550822,0.213123152,0.214661754,0.216574214,0.218956036,0.220296462,0.222346029,0.223811059,0.224944516,0.226514599,0.228400004,0.230131951,0.231964371,0.234021879,0.236234188,0.23831492,0.240525623,0.242677813,0.244987862,0.246496511,0.248662815,0.250725368,0.252847643,0.253901519,0.255416958,0.257527212,0.258871073,0.260328237,0.261461124,0.261994673,0.262162834,0.263823141,0.264756441,0.265983555,0.266814033,0.26733987,0.267898763,0.269171779,0.270131764,0.270147266,0.231439257,0.270796841,0.27082289,0.271604538,0.271862387,0.27217881,0.273154519,0.272847776,0.273498308,0.180372304,0.274110548,0.274663102,0.263516687,0.274677274,0.276163095,0.276228617,0.276541544,0.275766684,0.275355489,0.274427042,0.275506767,0.276419479,0.275883905,0.276165718,0.161891571,0.275581143,0.274609754,0.274638206,0.274194841,0.274932095,0.275149802,0.273857957,0.274219566,0.274013346,0.274231834,26.06
584,1495795228.0,36.5,0.082792008,0.060915476,0.053335758,0.050784798,0.050191705,0.049732188,0.049732353,0.05020975,0.049742652,0.051021598,0.052494561,0.053190442,0.054350192,0.05587981,0.057277341,0.058548164,0.059987094,0.062603222,0.063858884,0.065553537,0.067601016,0.069483273,0.070768702,0.072658874,0.075162235,0.077268928,0.07911816,0.080081623,0.082376545,0.0850109,0.086778902,0.088077693,0.089203469,0.090682326,0.09262173,0.094522096,0.095350352,0.096185811,0.0983986,0.099612642,0.100105937,0.147642766,0.102215914,0.103162201,0.104599012,0.10557493,0.10613364,0.106824251,0.108141754,0.109930231,0.111650455,0.112658543,0.113280627,0.11439717,0.115781271,0.11709478,0.118629972,0.120438255,0.121395088,0.122201356,0.12390793,0.125239344,0.127050504,0.149547055,0.129645583,0.131100026,0.132614779,0.134571356,0.136086552,0.136849696,0.137950639,0.139474501,0.140906362,0.142245499,0.143632935,0.144713732,0.145189566,0.145974799,0.146492532,0.147447333,0.148526624,0.14937857,0.149945486,0.1508778,0.151313566,0.152888484,0.153574474,0.154271939,0.154508978,0.154426684,0.154431776,0.155063966,0.15536372,0.155644138,0.155303806,0.155351073,0.155468561,0.155805728,0.156370782,0.157289907,0.157329996,0.15799914,0.158469352,0.158255159,0.158402366,0.158644733,0.159623957,0.16004349,0.160414465,0.160088665,0.159869055,0.159963488,0.160229003,0.160940991,0.160903798,0.160975849,0.160311471,0.160774469,0.160422616,0.159066676,0.158594684,0.157736753,0.155864866,0.173260579,0.153364508,35.23
406,1496515297.0,31.5,0.093520131,0.06613939,0.05830722,0.057079515,0.055824064,0.055432838,0.059218326,0.082830629,0.056112082,0.074794855,0.059181608,0.059795496,0.061388006,0.063165293,0.065186393,0.066313843,0.067328614,0.069882681,0.071325914,0.073153292,0.075280652,0.07672749,0.079132451,0.081116143,0.083614023,0.085108219,0.087454443,0.089199784,0.091953753,0.093769876,0.095434267,0.097824381,0.098995494,0.100575974,0.10248845,0.103226009,0.104950534,0.10645825,0.107216576,0.108935542,0.109354879,0.110342962,0.111791045,0.112381057,0.108792126,0.114506333,0.115393669,0.117507563,0.117919189,0.13308192,0.119979265,0.144666731,0.122673642,0.124063386,0.150376288,0.126637606,0.128496241,0.130121513,0.131256635,0.132022627,0.13429528,0.135798211,0.136575212,0.138632236,0.13939924,0.140836287,0.142645342,0.144145884,0.145423048,0.145903545,0.146742281,0.148206623,0.149952818,0.151414148,0.152738568,0.153677443,0.154664124,0.155231872,0.156071795,0.157309526,0.158179263,0.159223624,0.159969046,0.160458053,0.161553581,0.163097751,0.163154075,0.163393764,0.163940789,0.164340226,0.164654813,0.164688555,0.164507018,0.165477235,0.16649173,0.167663593,0.168058556,0.168608683,0.169316066,0.170540905,0.170926128,0.17124158,0.171437558,0.17148352,0.172616403,0.173554605,0.17387218,0.173128938,0.172476398,0.172778725,0.172761633,0.17331795,0.173306061,0.173371815,0.17309967,0.173442318,0.173506748,0.175040102,0.174488293,0.17442515,0.174445675,0.174075246,0.174866301,0.175059436,0.175649807,33.7
68,1495788826.5465515,31.1,0.11673519757134868,0.082604723,0.070491976,0.07126882720723213,0.064521546,0.064059918,0.063127601,0.063232946,0.06385945,0.064382364,0.06711423425935312,0.0455,0.067497567,0.069284518,0.06980272209962878,0.071232328,0.072676764,0.07414080919448708,0.07525905061965597,0.077041732,0.07666794673058934,0.08080721500342199,0.087993359,0.09326767695348247,0.0694,0.0708,0.091016542,0.092618585,0.094810917,0.097012205,0.099038367,0.100892678,0.102284924,0.09944799941921849,0.09846922116256789,0.107054404,0.10853855653561771,0.109775492,0.112651187,0.114688988,0.116161494,0.117571267,0.118797369,0.119880693,0.1310429012939048,0.12757437413107503,0.1251830790170314,0.124676193,0.127062863,0.129107236,0.12769936148501335,0.13672546298058932,0.14008400713114671,0.1038,0.137891719,0.140247619,0.146868605,0.145621532,0.16038591128789123,0.17710290951289823,0.146356059,0.14705657,0.14384857292553163,0.2661,0.149464723,0.150356184,0.15013934941658572,0.1205,0.150889896,0.151748076,0.1526073677395409,0.153315126,0.14189889230069028,0.16088126397667207,0.1636352841641305,0.16337958537248393,0.157290479,0.155620159,0.154775204,0.155182589,0.156036968,0.16336019377945715,0.1610444629243025,0.156609379,0.14452455343189588,0.158893647,0.160430429,0.16842459246886496,0.161326064,0.161626295,0.14659774906737125,0.161626871,0.161842969,0.17015815241666504,0.1423,0.1427,0.162197,0.16839193887729556,0.16684711409083955,0.163614901,0.164223002,0.164747702,0.164925236,0.165659624,0.166189017,0.166661451,0.166969252,0.16676322059814877,0.167824558,0.168593044,0.16898604,0.169729132,0.170759772,0.171605649,0.172315252,0.17863144315220633,0.173794562,0.174964639,0.175863809,0.17652673,0.177388535,0.17472041362095608,0.179234789,0.17880829744390422,0.151690068,39.06
468,1495023259.0,39.9,0.1112821541259231,0.079213032,0.067797762,0.06813479561795435,0.063535853,0.0666021429889348,0.06686158911521393,0.062723563,0.063573656,0.064537735,0.06726454689231683,0.066085726,0.068045578,0.069537605,0.07003570658828463,0.073142693,0.07590218184354336,0.078577923,0.080558039,0.082046935,0.08257606879066651,0.0645,0.0661,0.06987021188358515,0.094148709,0.09399324012469054,0.098389854,0.10105257,0.103083434,0.10669013573471371,0.107892785,0.1136737429802965,0.112380771,0.114291234,0.11650347,0.1224672826455261,0.12373185044169961,0.13455576485283866,0.11382341019650662,0.124467918,0.12561759,0.126641184,0.12408842021291572,0.129258212,0.129723426,0.12648675621312397,0.132843223,0.134198779,0.135674341,0.136883833,0.13534011179016645,0.139714027,0.14304977853347756,0.142668134,0.14425524,0.15150970995085727,0.146793326,0.13595805779446737,0.150254009,0.13813093131785958,0.13769738431427814,0.154769345,0.1518900165335132,0.157194804,0.15969540386882664,0.15857822269491303,0.16106195885711538,0.165218699,0.167597058,0.1735048598976012,0.1728284496418685,0.171904189,0.1610532146575872,0.151156069,0.15329938114340463,0.284305624556546,0.18809961396149205,0.180237709,0.180192095,0.180900519,0.17827088445366046,0.18738723908976002,0.19357407478292035,0.186226204,0.187387249,0.18635414463796288,0.19427284043866125,0.19765276302634785,0.190125102,0.190548962,0.190526302,0.191071064,0.18871181913858542,0.191151332,0.191127537,0.191352919,0.191805192621898,0.192067566,0.192418616,0.193044888,0.19325193350231484,0.175080828,0.151857581,0.1612771990892828,0.195877338,0.196453595,0.196598605,0.197777057,0.19851104,0.20292956399905066,0.2078940411088575,0.26889752161358893,0.200751965,0.170864595,0.16365505309272016,0.203509394,0.204624742,0.20453619529200925,0.164769028,0.16022334173092542,0.22849767279732883,0.207249744,0.2053304631293074,0.2986,0.20306949385662776,28.77
163,1495545529.0,34.1,0.081564644,0.055890968,0.049224599,0.04858025,0.04781553,0.048350458,0.047848385,0.048441831,0.048996103,0.050090023,0.050615772,0.051473242,0.052879027,0.054300693,0.055621933,0.057382573,0.05882402,0.060717225,0.062468083,0.064057016,0.065675977,0.067248927,0.068813768,0.070779302,0.072720931,0.074383147,0.076460859,0.078196495,0.080103288,0.081829047,0.083782376,0.112304239,0.087316781,0.088958039,0.090351918,0.091768817,0.093299832,0.094286736,0.095237101,0.096564264,0.097372291,0.098398124,0.09912931,0.099740152,0.101013865,0.102306295,0.102920893,0.104293614,0.105190916,0.106017305,0.107230665,0.108399668,0.109230907,0.110260307,0.111565679,0.113157514,0.114603593,0.11602203,0.117584541,0.118703578,0.11965862,0.120437106,0.121857316,0.122950059,0.123988771,0.1255953,0.126830367,0.1278481,0.129159039,0.130429826,0.131781386,0.133387447,0.134676105,0.135702148,0.136672503,0.137838256,0.13886295,0.140318058,0.1407438,0.141226279,0.141743746,0.142485689,0.143112327,0.143903605,0.144501954,0.145353197,0.146099974,0.14713211,0.147455318,0.14772625,0.147955693,0.148139969,0.148546664,0.148514313,0.148848053,0.148417294,0.148419972,0.148787482,0.149238593,0.149145421,0.15924126,0.14954441,0.149784636,0.149669572,0.149476369,0.14924718,0.149477517,0.150217643,0.150945854,0.151585179,0.151790017,0.151747671,0.151907398,0.152141063,0.152586062,0.153135578,0.153496682,0.153241525,0.15301203,0.153141509,0.153193965,0.153253491,0.153427556,0.154172994,0.154667413,34.6
310,1495631189.0,38.3,0.093611386,0.063325056,0.057824299,0.05492768,0.054333325,0.053614651,0.05383183,0.06944077,0.055132158,0.056079171,0.057150173,0.05712807,0.05953021,0.06123583,0.062672572,0.063875808,0.063289791,0.068302079,0.070075125,0.071432111,0.072421131,0.075308107,0.076472912,0.07857165,0.080788922,0.083162841,0.084637753,0.08719909,0.088957036,0.091896504,0.092923035,0.094488821,0.117287817,0.097898234,0.100008045,0.101397609,0.102587994,0.103507358,0.105152627,0.106902607,0.107476549,0.108277466,0.109454442,0.109863149,0.111057989,0.112424302,0.113442631,0.11434244,0.115641653,0.116609422,0.11779526,0.119030123,0.120304496,0.121445266,0.122972781,0.124421826,0.125819642,0.127189918,0.128133283,0.129294002,0.153694724,0.134349907,0.13372111,0.135525033,0.136970202,0.138160734,0.139598377,0.141192553,0.142906302,0.144351529,0.144693696,0.14589888,0.147572928,0.148576192,0.149300099,0.150464385,0.152165452,0.153230463,0.153816233,0.154883755,0.155097779,0.155324893,0.156401306,0.157623658,0.159037895,0.159973107,0.160497709,0.160881056,0.16134825,0.168001015,0.161936819,0.162016505,0.1619518,0.161837669,0.161963103,0.161925818,0.16188536,0.162095275,0.163161709,0.164557439,0.165129988,0.165248652,0.165394563,0.165419011,0.165971332,0.166315477,0.166551008,0.166402325,0.166551604,0.167689389,0.168792517,0.169637417,0.169664669,0.169995559,0.16996574,0.170351446,0.170477819,0.170119077,0.169351882,0.169796465,0.169391809,0.1684755,0.167726566,0.167225746,0.166566438,32.72
624,1495800731.0,38.8,0.0892079,0.059331145,0.050979252,0.048303537,0.046998852,0.046480851,0.04614303,0.046650276,0.06754262,0.048255108,0.048386949,0.049241318,0.07390916,0.05205055,0.053752005,0.055303025,0.056513109,0.073731579,0.060271476,0.061366546,0.063369733,0.065273836,0.067084635,0.068307982,0.070238854,0.072134347,0.074168117,0.075985015,0.078079611,0.07933865,0.08120393,0.082844878,0.084508776,0.086310985,0.08765415,0.089167773,0.090337574,0.10852776,0.092645717,0.094129275,0.09473947,0.095840862,0.09678752,0.0977385,0.098278396,0.099542153,0.099910328,0.101323144,0.102869471,0.103816051,0.104302084,0.105314735,0.106604551,0.108053933,0.108937677,0.110372541,0.111809466,0.113181042,0.114421504,0.115360471,0.116179717,0.117884127,0.119694211,0.121000333,0.121969405,0.123567538,0.124685897,0.126488085,0.12727644,0.128748595,0.130018734,0.131675639,0.132603446,0.133970667,0.135365803,0.136675337,0.137517984,0.17064179,0.138723928,0.139706012,0.140594721,0.141296941,0.141906391,0.142607127,0.170753246,0.144187801,0.144966733,0.145386547,0.145625215,0.145496127,0.145398012,0.146069644,0.14693126,0.147412983,0.147529491,0.147530568,0.147444812,0.14769541,0.147727545,0.148209526,0.148789479,0.14918447,0.149602759,0.150223256,0.150679471,0.150954837,0.151237044,0.151472381,0.152138245,0.16249256,0.153515805,0.154814951,0.155802549,0.156172279,0.156799043,0.157426865,0.157795974,0.157972831,0.158593641,0.159885328,0.160812277,0.161687552,0.161200288,0.161822263,0.161308445,32.27
366,1495025654.0,41.2,0.111868055,0.07462892,0.064785646,0.063155112,0.062989707,0.062587946,0.061384983,0.108719828,0.084180511,0.063087764,0.063854927,0.0655799,0.067472837,0.068387929,0.071250581,0.073190756,0.07526165,0.077343232,0.079903642,0.081528001,0.083861599,0.08656472,0.088925572,0.090515174,0.093339992,0.095376418,0.098208381,0.100952711,0.103703423,0.1060145,0.108071409,0.110240938,0.113062959,0.114272023,0.116220941,0.117848844,0.119673708,0.121298012,0.123315538,0.124506577,0.125353056,0.126546243,0.12812273,0.129399625,0.130017993,0.131400127,0.118969563,0.133663433,0.135408623,0.136952898,0.138686503,0.140069031,0.141120212,0.142677966,0.144475103,0.145781874,0.147046532,0.148984513,0.1505823,0.151803757,0.153492785,0.154941763,0.156298279,0.158015123,0.159637002,0.161190549,0.162768527,0.164781545,0.166700384,0.168161727,0.169438589,0.170427103,0.171886856,0.173557159,0.174937476,0.176028725,0.177144353,0.178133781,0.178722854,0.179716819,0.180979755,0.181373526,0.182343105,0.183449322,0.184012384,0.184463066,0.18561333,0.186243596,0.186602691,0.186777354,0.186462437,0.186170042,0.186870404,0.187903622,0.187689659,0.187944627,0.187638545,0.187449723,0.187459093,0.18801923,0.188882356,0.189524382,0.189923927,0.190283301,0.190057546,0.190189982,0.190821745,0.191501791,0.19200675,0.191916019,0.191944626,0.192115637,0.192846353,0.192435119,0.192986315,0.193644225,0.221658522,0.194626723,0.194865738,0.165328382,0.195321406,0.195875723,0.196361585,0.195887763,0.196024891,28.22
384,1495625296.0,35.9,0.094397058,0.065218914,0.057829374,0.056146256,0.056217743,0.055834266,0.055914746,0.055657886,0.056301524,0.058221921,0.058566225,0.059461671,0.061085106,0.0621535,0.063683276,0.065835905,0.06755354,0.069171951,0.071637289,0.073032465,0.075061469,0.076292156,0.078776369,0.080818417,0.083428165,0.084999917,0.086674796,0.088898832,0.09055227,0.092859196,0.094541727,0.096559525,0.098003485,0.099929285,0.101688456,0.097050924,0.104911896,0.105495236,0.107065271,0.108454423,0.109587379,0.110668495,0.111396423,0.136928619,0.113381271,0.114517134,0.115559795,0.117721922,0.117740663,0.119057863,0.12020603,0.121314091,0.122797141,0.123712536,0.125736299,0.127435626,0.128873317,0.129974471,0.155027239,0.132412026,0.133611605,0.14407085,0.136740476,0.138141357,0.13939424,0.140985967,0.142539159,0.144038163,0.144963495,0.146330649,0.147353256,0.148947205,0.150182282,0.151009173,0.152113028,0.153194182,0.154775426,0.156590851,0.157410836,0.157597156,0.158110933,0.159153686,0.159889397,0.160334057,0.160374225,0.160768037,0.139393512,0.162636123,0.163696613,0.163525653,0.163816409,0.164493362,0.164663389,0.157765768,0.164795009,0.165039709,0.165697674,0.166070323,0.166163418,0.166071746,0.16661099,0.166932059,0.167983747,0.168740983,0.168698366,0.168728009,0.169291184,0.169635217,0.170193605,0.170701152,0.17060268,0.17102088,0.171141549,0.171305625,0.171217201,0.171591431,0.171676517,0.162314832,0.171601182,0.17074956,0.170883234,0.170244311,0.169666911,0.16931378,0.17268145,34.82
611,1495798699.0,39.3,0.083739235,0.055978469,0.049595367,0.047364971,0.046622234,0.046002162,0.045913982,0.045813527,0.046400914,0.047737764,0.048406124,0.048964424,0.049759457,0.052322967,0.053679334,0.054394534,0.056674767,0.058316196,0.060114736,0.061634933,0.062863981,0.073989037,0.066572309,0.068688578,0.070549269,0.072357491,0.073536903,0.075692579,0.077252685,0.079516338,0.081187437,0.082523791,0.084914967,0.086164249,0.087513702,0.088875217,0.090126908,0.091664666,0.093196253,0.093623095,0.094307071,0.095567393,0.096086873,0.097327175,0.098611484,0.098853086,0.099827328,0.10130847,0.102222784,0.103435307,0.104407462,0.105783545,0.10700962,0.108314348,0.109302484,0.110535273,0.11201486,0.12887732,0.114439125,0.115512347,0.116406355,0.118146237,0.119735164,0.121076319,0.122349389,0.12374879,0.125275859,0.126289837,0.127775993,0.129165035,0.130584041,0.132177301,0.133725969,0.134941388,0.136243902,0.137353479,0.138349573,0.138860958,0.139565528,0.140231557,0.140809036,0.141600233,0.142533585,0.143300356,0.144082745,0.145415484,0.14613924,0.146632993,0.14666547,0.146751642,0.146992941,0.147606722,0.148010602,0.148083081,0.148088008,0.148235502,0.148303711,0.148697163,0.149041053,0.149745945,0.150340914,0.150647567,0.151161861,0.151719825,0.151569909,0.151593955,0.164902944,0.152499444,0.153565093,0.154523728,0.154730563,0.154312083,0.154391279,0.154796723,0.155483182,0.155669748,0.15551847,0.155541867,0.1558319,0.156408425,0.157117145,0.157120105,0.157857496,0.157506621,0.157761923,33.27
552,1495043304.0,42.0,0.183194563,0.127252176,0.114483113,0.112243539,0.111596251,0.111978907,0.113362953,0.102618693,0.115632246,0.116690827,0.11990074,0.122620637,0.118751407,0.12922797,0.132428696,0.096625419,0.13986528,0.143642933,0.147722778,0.073412072,0.155530639,0.158547061,0.162630892,0.165281208,0.16891136,0.173431494,0.177155098,0.182052339,0.18512955,0.188066876,0.192269657,0.195729354,0.199594213,0.203367613,0.20578597,0.208967156,0.211113968,0.213814652,0.184780547,0.218719281,0.220958655,0.222919703,0.18085967,0.226041581,0.228399357,0.230062356,0.231721508,0.234321171,0.215381551,0.237993826,0.239783684,0.174936445,0.243885995,0.246256916,0.248378785,0.25104047,0.25299148,0.255959892,0.258998277,0.261013785,0.261914886,0.262344793,0.262859544,0.264519836,0.265108331,0.26713506,0.254006335,0.272171092,0.273609775,0.274697455,0.276345774,0.260191591,0.280711117,0.282952492,0.285435786,0.28716118,0.288239991,0.289927305,0.292098641,0.292541834,0.29471609,0.295549605,0.295514336,0.296547869,0.296618265,0.297289605,0.298686953,0.298890729,0.299648824,0.298766265,0.298757688,0.299317629,0.298803644,0.298754454,0.298644212,0.298646291,0.298107106,0.297429077,0.180134536,0.297845928,0.297738004,0.297648244,0.297907341,0.297694,0.297308801,0.296783333,0.296701543,0.296258063,0.296650537,0.297341681,0.296640682,0.296725648,0.295227525,0.294724466,0.295261097,0.295065793,0.295543656,0.295721672,0.17885166,0.294953836,0.294402007,0.294356956,0.294464945,0.293704283,0.293221322,25.55
153,1495977302.0,33.3,0.068145762,0.056089912,0.04995879215201274,0.049615115,0.047553383567291434,0.113,0.049257418,0.04669237050755898,0.050269051,0.050525988,0.053708976135925554,0.052537126,0.0529008310344366,0.055208398,0.05684465779581798,0.054,0.0558,0.061422911,0.06328394276839099,0.06797713936250838,0.0624,0.06641415246597203,0.06779278292459076,0.07167929149302428,0.07251305,0.073974366,0.078627378820597,0.078176758,0.079878993,0.08264506739013919,0.083081046,0.085377727,0.08924820221508772,0.08593187908016342,0.086,0.090568486,0.09228751068972886,0.09867347074755375,0.093335479,0.10232982109694368,0.10389275700147202,0.0933,0.096714856,0.0945,0.10488800448970989,0.10601539948576738,0.0972,0.101798641,0.1088872003464685,0.134098649,0.10415155,0.105554441,0.10915071442902573,0.1038,0.11403342331411828,0.110276674,0.1123615585523105,0.112321406,0.1226777190555556,0.115173025,0.116077976,0.1287828398192522,0.118614355,0.120004761,0.121408645,0.122759672,0.12363218,0.124860866,0.12369735100552878,0.126987791,0.128411867,0.129650154,0.130555519,0.14174801720833793,0.133809852,0.135056575,0.14023485137012892,0.136783859,0.137716986,0.138479926,0.138789785,0.139277672,0.14315573595945238,0.1404828324891725,0.141491686,0.142682553,0.1548645427478185,0.15081547041322316,0.1537643751745966,0.145300133,0.1415,0.144885761,0.1437654212725308,0.15430740627055983,0.145937368,0.146645497,0.146884902,0.15440297258369512,0.15175669206532963,0.14820346,0.149437282,0.15752661825542535,0.149998374,0.150885451,0.151386381,0.151384102,0.15297078839521758,0.1481,0.18601753514019653,0.18792287395152113,0.1948934861002768,0.15173977,0.150743024,0.1496,0.1499,0.156963610888251,0.1496,0.15684993664999605,0.14710382,0.1454,0.179915312,0.1772472272044004,0.142,0.1417134043689876,0.139969555,35.32
227,1494978245.2571566,43.9,0.14372094336963925,0.099389352,0.08575201713051935,0.085837556,0.091813724,0.09158690206103615,0.085111305,0.08197579643207444,0.087661409,0.089106854,0.09103377645567513,0.1234,0.05208489970419185,0.098172257,0.101165491,0.102489069,0.1097634384704543,0.109196551,0.10656749044706668,0.116017403,0.12267467645591909,0.12335009137623007,0.124638848,0.126705168,0.106752567,0.133709532,0.13489952434524838,0.1389106504856526,0.1854,0.147806229,0.150295883,0.152980108,0.15531175671061898,0.15810925,0.16491347952749824,0.1681395962006559,0.16875347808004074,0.167108608,0.169661455,0.1689294126139006,0.173483501,0.174962398,0.176611591,0.177761696,0.19068948621529744,0.18100206368175586,0.18181037631265823,0.18962257083309633,0.186793324,0.188667994,0.190336901,0.192024801,0.192968635,0.1964494650885021,0.137295389,0.14548102239477267,0.14884067969581596,0.13814859619074826,0.1101,0.205389769,0.206922003,0.208156977,0.20755268426227125,0.2043547725362371,0.1166,0.11959472527306873,0.217435389,0.22582664654349272,0.2214206459268803,0.125683744,0.1283827858995949,0.23636761519143867,0.22747685556411634,0.2189123456530384,0.230795951,0.232364129,0.24964575896437122,0.23519874,0.23684313,0.23077586552572357,0.239560348,0.2536195972413808,0.2494721354997244,0.241846376,0.23171735844297353,0.23393563048413157,0.243019554,0.25401314583311607,0.244390716,0.2380642795132119,0.2337203184528382,0.148253079563498,0.14704241265432888,0.142,0.245512888,0.260215594,0.26936868946124204,0.26630282943595907,0.2514936031417907,0.23996058177721435,0.24445047940763748,0.1462,0.147730198,0.1571513729962229,0.24809357,0.249110575,0.2586827806810754,0.250604784,0.250498655,0.250489045,0.251175592,0.24514042490746898,0.2999,0.253561612,0.253688033,0.257290909909911,0.198816466,0.1995025514886417,0.2564833425092029,0.2986,0.2804907956458395,0.170239815,0.16798287991151797,0.23096048834282984,0.22316639222009232,26.28
545,1494835420.2099519,42.6,0.1844,0.12469096414421009,0.04656024,0.0434303494136135,0.110127084,0.10776757165248659,0.11305337387496411,0.078547349,0.08023002252928224,0.066584097,0.06924428609858356,0.07279409365190681,0.124540298,0.1234560902328167,0.131319577,0.135903146,0.139687227,0.14290503149652678,0.145606159,0.14103702303217203,0.15220773816127328,0.125534750146544,0.161461395,0.1667,0.168428974,0.1742,0.176746892,0.1821,0.1825793595324517,0.1897,0.18372718230193263,0.197,0.19919577,0.19992254189289207,0.2053287,0.2094,0.211286539,0.2142,0.107121175,0.1143587759887481,0.11691544919999448,0.222642991,0.2166166884612481,0.22224969452845492,0.2287,0.230127894,0.231113834,0.23298107300000004,0.2368,0.187933302,0.18549781519689465,0.169590124,0.17269802214491423,0.24544588900000003,0.248338671,0.250400991,0.252731276,0.255234823,0.2608,0.2613,0.16752656,0.17849078369282972,0.17662230958608924,0.17740236849635682,0.231916124,0.22390807238391636,0.269708504,0.274,0.27221629,0.2761,0.276755861,0.279004574,0.27141032619342775,0.187239488,0.1916487119624605,0.18966471797415513,0.166045117,0.165547885812028,0.16375092529446356,0.292330484,0.2747351687597861,0.295220823,0.2969,0.205953878,0.19500128807889802,0.297351467,0.298011372,0.2996,0.297881295,0.298795017,0.297796623,0.3008,0.210783196,0.21614800151625116,0.248714244,0.236269572,0.24239707963470158,0.24166185987400762,0.2992,0.28699718323940915,0.295770787,0.2967555077567693,0.28490938505105806,0.29427881412780843,0.2391001936055385,0.298101753,0.2998,0.29858099,0.27582289124156306,0.298070012,0.298223995,0.2951339197278608,0.296930714,0.296424903,0.297456929,0.2996003649589332,0.297642255,0.296802017,0.2984,0.156288482,0.1696399025292162,0.2942954348393424,0.2988,0.29791432864632916,0.294809813,25.61
104,1494953271.0,46.1,0.128673278,0.085898921,0.075641216,0.073022492,0.073019406,0.064988157,0.073769206,0.074807939,0.075235143,0.096121826,0.078039166,0.079881474,0.081882878,0.083840706,0.086206664,0.088882654,0.091602838,0.093902624,0.096805046,0.099430423,0.102186354,0.104909168,0.108349631,0.110421619,0.113220857,0.116818631,0.119161392,0.122496084,0.125090559,0.128192977,0.130970689,0.133194768,0.135945205,0.138381894,0.140872375,0.142648691,0.1451352,0.147489319,0.149454642,0.152124337,0.154761419,0.15732045,0.159415378,0.161080086,0.16292573,0.164759003,0.166364544,0.139185641,0.171054423,0.173733301,0.176301181,0.119604163,0.181057947,0.183802196,0.186910612,0.190375126,0.193778529,0.198004576,0.200595815,0.201905681,0.202377871,0.202084734,0.202174026,0.203489712,0.204604684,0.205945804,0.207330574,0.121011112,0.20771541,0.208226128,0.208193298,0.208205081,0.142257123,0.211452524,0.212959152,0.214403768,0.215094696,0.214747804,0.213667951,0.212754169,0.211658755,0.211262412,0.211666611,0.211470891,0.211694995,0.212653466,0.213915561,0.214463017,0.214771909,0.215077573,0.21513171,0.215428498,0.215452787,0.215125948,0.21527698,0.215396389,0.215019602,0.214928364,0.214732827,0.214563787,0.214220299,0.214002307,0.214185079,0.214129562,0.214453752,0.214660021,0.162621928,0.214742637,0.214227666,0.214462692,0.21432479,0.214431454,0.174886043,0.214594213,0.214615109,0.214436003,0.214391423,0.214583883,0.214608126,0.214630912,0.215145011,0.214795412,0.21511859,0.215011798,0.214886701,27.59
75,1495537706.0,31.7,0.120876316,0.081381194,0.070584324,0.066271389,0.064852247,0.063819511,0.063401267,0.06326926,0.063915042,0.048689451,0.06533242,0.082623066,0.067264456,0.068755958,0.059187398,0.07132796,0.072697095,0.074528554,0.075999599,0.077826133,0.079126477,0.081129732,0.083047907,0.085021765,0.087095444,0.089004709,0.091317804,0.09334589,0.094808121,0.096972027,0.098891296,0.100511789,0.102046967,0.103564003,0.105399011,0.106807423,0.108096934,0.10933329,0.112009693,0.113993009,0.115924511,0.117390293,0.119123359,0.121105967,0.122835175,0.124575406,0.125966484,0.128503482,0.130971057,0.133861093,0.136079623,0.13771714,0.139101964,0.141364685,0.144361516,0.147656791,0.150842469,0.153502234,0.154500616,0.154000429,0.153641562,0.153462571,0.153580425,0.154148165,0.154989291,0.156342476,0.156587559,0.155453959,0.153859201,0.152931169,0.152879442,0.152789792,0.153626653,0.155083992,0.156699905,0.157521852,0.156453958,0.154648454,0.153022773,0.152417408,0.152987639,0.153947928,0.154377163,0.154836473,0.155582644,0.156811755,0.158413032,0.159425764,0.159484574,0.159309257,0.159229291,0.159579673,0.1593309,0.159392556,0.159688933,0.182983533,0.159961443,0.160088772,0.160565292,0.160743297,0.161414477,0.161988253,0.16232433,0.162798508,0.163130848,0.163627464,0.164184283,0.164629195,0.164945726,0.1656575,0.166174895,0.166492383,0.167483217,0.168146964,0.169047562,0.169590084,0.170286406,0.171042147,0.171476758,0.171667343,0.172306476,0.172743341,0.173498994,0.174357834,0.174706169,38.32
116,1494954711.0,44.7,0.131669026,0.067702805,0.077409134,0.074422518,0.073304982,0.073979545,0.074710871,0.07554236,0.07583937,0.077890564,0.079164286,0.080694651,0.083053931,0.084480835,0.087329201,0.089259728,0.091984915,0.059314046,0.097191933,0.107537994,0.102838159,0.10602869,0.10859317,0.111643458,0.114549104,0.117355702,0.120163603,0.123068032,0.126190285,0.128705901,0.131510148,0.134309423,0.136818888,0.139386175,0.141494866,0.144598639,0.14625302,0.148421527,0.150767877,0.153013692,0.156490902,0.158751754,0.16038948,0.162054905,0.127293904,0.165876581,0.167245764,0.170334148,0.171527421,0.173105114,0.175341084,0.177796797,0.1874919,0.181823815,0.184724022,0.187180234,0.189739381,0.193282462,0.195602626,0.196703623,0.197606399,0.198534206,0.19974963,0.200939754,0.203038518,0.205687636,0.154071643,0.208311719,0.209126003,0.209727276,0.2099736,0.210871352,0.211656122,0.213558979,0.215313983,0.216834615,0.217873745,0.217099462,0.215990309,0.215015824,0.213876083,0.214210777,0.21460804,0.215425385,0.216287578,0.21720951,0.218268671,0.247456709,0.218710075,0.219121104,0.219601602,0.219328255,0.219388791,0.218947365,0.219087998,0.219116927,0.219199192,0.218758313,0.217998223,0.217710696,0.217882443,0.217884491,0.218157425,0.218543314,0.219326147,0.219886758,0.219815804,0.219020481,0.218568511,0.217943317,0.217868248,0.217830128,0.218245722,0.218213373,0.166363153,0.218447522,0.218788145,0.218814685,0.219160789,0.218859009,0.218877611,0.218958085,0.218612958,0.217917993,0.216937459,27.46
408,1495628176.0,30.4,0.097555151,0.066814384,0.059968519,0.057174372,0.056526945,0.070366071,0.056090553,0.056131165,0.056936295,0.058550239,0.059303423,0.077771368,0.061560856,0.063070044,0.064781845,0.06675869,0.068997769,0.070746101,0.072623005,0.074171266,0.076333955,0.078538865,0.080614253,0.082296417,0.084451444,0.08587443,0.088560407,0.090367615,0.092316529,0.0947719,0.096745931,0.098742223,0.100753941,0.102627237,0.104439829,0.106183736,0.10705949,0.108259463,0.109805677,0.110713826,0.112399131,0.113279503,0.114589822,0.115367426,0.116389195,0.11730439,0.118256655,0.119883656,0.121452813,0.122804126,0.123721203,0.124933088,0.12590922,0.127464872,0.128907315,0.130251971,0.131880068,0.133497115,0.135007499,0.136369002,0.137220654,0.138517382,0.139684455,0.14122586,0.143191722,0.144496628,0.145785616,0.147429352,0.14840446,0.14967345,0.150984132,0.152100638,0.153326902,0.155020722,0.156723121,0.158159021,0.158690126,0.159589317,0.160545588,0.161532391,0.16248311,0.16329016,0.16331233,0.164314975,0.164541239,0.165476857,0.166266495,0.167521414,0.168426616,0.168542188,0.1683069,0.16888657,0.168628665,0.168750625,0.168817301,0.16912832,0.16949399,0.17068041,0.171467176,0.172525489,0.172785093,0.173104148,0.172970536,0.172887018,0.172602511,0.172646114,0.172349107,0.172339531,0.17269746,0.173775474,0.17407311,0.173887938,0.173798284,0.173843577,0.174359556,0.174185742,0.174269473,0.173253028,0.172228398,0.172570346,0.172788125,0.1733345,0.174539081,0.174450319,0.174519441,33.72
152,1496467165.0,33.5,0.081288794,0.060557723158807905,0.053652081718083194,0.085833874,0.08265824749825088,0.048921937,0.04822988145929615,0.04568118281070879,0.049896681,0.051259605,0.05441870898733883,0.053338976,0.053952207,0.079694592,0.07938593169854016,0.058470667,0.078702875,0.08032463210615338,0.06282009,0.064687276,0.0624,0.07056433007011421,0.070442519,0.084868973,0.08704040935776497,0.075488929,0.08005413821961253,0.079579123,0.080866252,0.08366809182450485,0.0850236,0.09080894883910602,0.08795969,0.089261571,0.090468586,0.091619647,0.092670792,0.090687021,0.095213374,0.096197944,0.096618813,0.0933,0.099166662,0.100041446,0.11059848482513726,0.10235031442066159,0.102475438,0.103689393,0.104660361,0.105265551,0.106803591,0.108325132,0.108759279,0.11014962,0.111741928,0.112757511,0.114352347,0.1093,0.11925635787932665,0.1111,0.118609322,0.131228543765013,0.12734605853942538,0.13186944559009203,0.154367118,0.125425494,0.12437018573158704,0.12699827582889006,0.12576611856174494,0.129697342,0.130768591,0.132105136,0.133315779,0.134630302,0.13573585409177916,0.1372014173795428,0.208940645,0.2097793522786439,0.1875702751260124,0.139486438,0.1402644,0.141311278,0.14528693444124585,0.142985757,0.1378,0.1384,0.15100005974706374,0.154772459,0.146729055,0.14672211,0.1415,0.147067454,0.147065407,0.147327508,0.147570029,0.148323555,0.148570086,0.149137336,0.148969209,0.149306401,0.150004728,0.158066514271939,0.151225641,0.16064549746594226,0.152057066,0.152188445,0.151973103,0.15107496655268993,0.152347703,0.152264122,0.15215071,0.151873694,0.1590834084826909,0.151580853,0.1499,0.156963610888251,0.151971669,0.15265808,0.153713339,0.15283769,0.15211186,0.151047653,0.148634934,0.14832595852661098,0.144310865,35.21
639,1495802531.0,39.9,0.101966414,0.066264081,0.065428962,0.051898304,0.050796871,0.049589579,0.049078096,0.049511116,0.049158037,0.050260536,0.05081557,0.051626526,0.052703792,0.054327926,0.056103083,0.057297562,0.058882639,0.060979425,0.062830671,0.064131836,0.065776949,0.067412341,0.069076532,0.070653516,0.07235495,0.074234316,0.076604313,0.078079989,0.080020236,0.081676401,0.083500712,0.085130279,0.086885355,0.088169057,0.089753583,0.091081235,0.092830804,0.093770029,0.094781269,0.095821843,0.096447587,0.097334327,0.098529466,0.099342275,0.100651219,0.101040992,0.101923319,0.102741783,0.1042149,0.105158554,0.105985289,0.107364567,0.10793774,0.109476931,0.111093916,0.112341119,0.113339683,0.114828189,0.115907579,0.116487929,0.117732153,0.11933055,0.12054921,0.121864605,0.123417356,0.124941091,0.126314005,0.127607372,0.129038647,0.130563324,0.132129848,0.133405843,0.134562454,0.135760099,0.141993952,0.138345252,0.139103541,0.140084789,0.140975374,0.141673011,0.142533001,0.143284665,0.143808013,0.144714887,0.145331718,0.145902287,0.146878693,0.147613232,0.148021194,0.148170927,0.148407907,0.148314948,0.148344345,0.148955901,0.14923393,0.149280239,0.149557944,0.149714354,0.15046404,0.150912293,0.151984655,0.152379021,0.152620819,0.153191816,0.153167858,0.153769126,0.154296386,0.155100449,0.156056283,0.156578147,0.156997928,0.157460983,0.158534057,0.159671333,0.160324456,0.161733701,0.162947691,0.164159734,0.164733467,0.16001229,0.166325294,0.187027675,0.16998221,0.16973623,0.171457391,31.48
474,1495016422.0,33.3,0.098133044,0.072802269,0.065741038,0.06307747,0.063241607,0.062798224,0.063330611,0.062903869,0.064006373,0.064149652,0.066077986,0.06722569,0.068933454,0.07071691,0.072000343,0.07430216,0.076351456,0.078530199,0.080410269,0.082802657,0.085390811,0.087258705,0.089416084,0.091946959,0.094669524,0.096731135,0.098814274,0.101614672,0.103720342,0.106131393,0.108129292,0.110072813,0.112187401,0.114806556,0.116004952,0.117947429,0.119739205,0.121026313,0.139185454,0.124077901,0.12546697,0.1271148,0.127658429,0.129063928,0.130454495,0.131276976,0.132142392,0.133793724,0.134730437,0.136710775,0.137362327,0.139065412,0.14016093,0.142101384,0.143251681,0.144680053,0.146795065,0.148178841,0.149131758,0.15107824,0.152514778,0.154487782,0.155643286,0.156814694,0.15847263,0.138849929,0.162781485,0.165208451,0.166266654,0.16731081,0.168903618,0.170450993,0.171703542,0.172822703,0.17408062,0.175954793,0.177030331,0.177934545,0.178638197,0.179504666,0.180446226,0.181643208,0.182214233,0.183701886,0.184054145,0.184629122,0.185081258,0.185202377,0.185691023,0.186533764,0.187699556,0.188122073,0.188421585,0.187661775,0.187836123,0.188186933,0.189064894,0.189214518,0.189542579,0.190953648,0.191299648,0.191153552,0.191946995,0.192007117,0.192574769,0.192009203,0.192605042,0.193146978,0.193613901,0.19446994,0.19401732,0.193906945,0.193848691,0.193604262,0.193949391,0.194603593,0.195297772,0.19450428,0.163291484,0.192391239,0.191052146,0.189500181,0.188132171,0.187198248,0.18836137,31.22
446,1497482659.0,37.7,0.101929993,0.070501466,0.06268018,0.061131339,0.059244396,0.059161743,0.060073044,0.059816654,0.06083463,0.062174558,0.062885947,0.064014377,0.065739154,0.066999772,0.068992939,0.071317693,0.073511789,0.070290677,0.077806438,0.089393109,0.082496773,0.084530119,0.086750149,0.089317259,0.091354391,0.093519459,0.095584989,0.098363127,0.101276438,0.10298103,0.106098829,0.10813317,0.110075124,0.11256054,0.113646251,0.115593103,0.117214366,0.119585826,0.120776289,0.122328984,0.123489149,0.124751228,0.125583161,0.126899607,0.128156366,0.129479234,0.130804447,0.131723995,0.133055131,0.173165124,0.13617435,0.13720144,0.139017071,0.140271493,0.141806888,0.14329071,0.145226672,0.146732846,0.147936772,0.149650466,0.151482498,0.152380516,0.154168801,0.155828081,0.157598725,0.159485079,0.161477091,0.163484078,0.165296798,0.166716733,0.167932516,0.169418722,0.170887471,0.173153474,0.175302986,0.175979251,0.176717948,0.177494462,0.178201494,0.179182067,0.18006609,0.180941984,0.181294898,0.182409601,0.205351065,0.183843298,0.184625351,0.185292711,0.185698237,0.18626216,0.186764108,0.186790044,0.186962411,0.187582164,0.188274199,0.188469447,0.153893279,0.187743205,0.187887102,0.188244827,0.188577175,0.189423518,0.189753494,0.18989899,0.19081505,0.1908607,0.19083402,0.190567877,0.1904982,0.190591199,0.220864574,0.193133239,0.214686753,0.194113884,0.193709801,0.193655177,0.193286801,0.193326707,0.193050538,0.193157599,0.193362148,0.19475509,0.218919895,0.194103257,0.193159574,29.52
140,1495542013.0,33.6,0.082596741,0.059079049,0.052719421,0.050992812,0.050359266,0.050787438,0.050339144,0.051267022,0.051456324,0.052052697,0.053360122,0.054616516,0.055669089,0.056917159,0.058095975,0.059384631,0.06106581,0.062818123,0.064484075,0.066339116,0.068414524,0.069950125,0.071929186,0.07384422,0.075519141,0.077799299,0.079254064,0.081006966,0.083240374,0.08494501,0.086306731,0.088480967,0.094643484,0.091593682,0.093273072,0.09427376,0.096185401,0.09723668,0.098043025,0.099042299,0.124752965,0.097289629,0.102040985,0.102911786,0.104039235,0.104776638,0.105635547,0.106556038,0.107739613,0.109175346,0.110200483,0.111427341,0.112802737,0.114010948,0.115136352,0.116519884,0.11801613,0.11924903,0.120163235,0.124697685,0.122656097,0.123923873,0.125049504,0.126231311,0.12755225,0.129400229,0.130663672,0.13178358,0.132715636,0.133671723,0.134818913,0.136342826,0.137598925,0.138628168,0.140008326,0.141503959,0.142536395,0.143451904,0.143818855,0.144298507,0.144716868,0.145293931,0.212764532,0.147138745,0.147872841,0.14834242,0.148771005,0.149210643,0.150458887,0.151250185,0.151181944,0.150758177,0.150784271,0.151277756,0.151671435,0.151772926,0.151823034,0.152180104,0.152307975,0.152796287,0.153576721,0.154039054,0.154266149,0.154855175,0.155002721,0.154962595,0.155233343,0.15582339,0.155957063,0.155957747,0.1562561,0.155943471,0.155753616,0.155489918,0.155520898,0.155520469,0.1554385,0.155085095,0.15478516,0.15357781,0.15311792,0.153491056,0.153554363,0.153654278,0.153361244,35.97
254,1494494311.0,44.0,0.059062055,0.12015743,0.107691684,0.103284918,0.102097902,0.101871868,0.102957857,0.10319022,0.107944867,0.10553289500000002,0.108155905,0.111629058,0.114631243,0.118190332,0.120858353,0.124157882,0.126630328,0.133253536,0.132881927,0.136514129,0.139856619,0.114760968,0.147105632,0.150403877,0.154267146,0.158152366,0.161552554,0.165691252,0.170366748,0.173009599,0.17656843,0.1780649,0.18056414,0.18445232,0.18763743,0.19055097,0.193144757,0.196046315,0.197031027,0.199582077,0.201991386,0.203420623,0.20580969799999999,0.149291203,0.209113966,0.21122213,0.213510764,0.214601965,0.216749938,0.218171188,0.219710629,0.221449238,0.22324159,0.225443969,0.169211502,0.177205141,0.230180284,0.23229919,0.233735066,0.235648888,0.238310661,0.239480878,0.240863535,0.241963918,0.24339801,0.246548116,0.248055123,0.249949572,0.252084132,0.254406241,0.256124368,0.257605506,0.259469295,0.260945694,0.263668143,0.264895297,0.267353191,0.269121498,0.269940138,0.270453358,0.270759462,0.271471459,0.272341573,0.273447499,0.274705528,0.276370351,0.277169501,0.277719355,0.278344553,0.279721307,0.280724568,0.281243735,0.281633377,0.236406101,0.281666365,0.281604283,0.280692124,0.281287853,0.282224733,0.283063998,0.283312146,0.28378668,0.28450734,0.284395839,0.285426125,0.28508954,0.28454598,0.283710719,0.283908508,0.284442994,0.28465539,0.284527323,0.284357354,0.283912172,0.283428498,0.282113118,0.283637365,0.284604502,0.2848984,0.285023987,0.285868722,0.284681558,0.284471905,0.285171264,0.284392332,25.92
60,1495510711.9509778,31.5,0.10763630330340926,0.076945381,0.067198841768111,0.063834725,0.061335674512194044,0.039099999999999996,0.061199019,0.05844397206483559,0.082464002,0.08112822476778085,0.063467033,0.06490468,0.06701035455958755,0.06602104672893928,0.06679846591368806,0.069908088,0.071331093,0.07275992006692787,0.074761506,0.07669192,0.07625503001290981,0.08047119,0.08224067,0.08711976973031574,0.0694,0.088440731,0.090835106,0.08971254648791616,0.16377125999982795,0.09805616178439937,0.0981599747800307,0.1005968,0.10412084491841157,0.104133108,0.10377593661658834,0.10925387112064582,0.11070668821103549,0.20709821987583793,0.20054259614954745,0.114569363,0.110808929,0.117861304,0.119536402,0.120909121,0.13210270010280825,0.12844794575406124,0.126298473,0.128500955,0.131457834,0.133857939,0.13236707609037887,0.137791089,0.139764912,0.142261046,0.145523828,0.148483921,0.152267101,0.15433213,0.155121251,0.154977202,0.154890781,0.16628250613691237,0.16389379416634778,0.156078914,0.15850020292543812,0.15749706069821864,0.15838867179144786,0.175569135,0.17277713922450474,0.156367637,0.156766978,0.15711294,0.158621918,0.16390994264340605,0.161173879,0.161594775,0.161238761,0.1605918406447878,0.1578495271016138,0.18703568956245992,0.159575871,0.160312845,0.16520038411738608,0.161459392,0.162124359,0.162553095,0.17279528914483536,0.164470467,0.16520803,0.15954296149444105,0.165593435,0.165340927,0.166155448,0.166485669,0.166692132,0.166724106,0.166816818,0.17261255438567127,0.166385989,0.166493078,0.16427625492427292,0.167714817,0.168104799,0.1775182884100542,0.168587881,0.181688273,0.1857512028790322,0.1864119995519712,0.170833621,0.171376374,0.171826973,0.172604241,0.173433389,0.174917889,0.16770955556012132,0.17417932019958518,0.17320679389177715,0.178243789,0.179274237,0.180518813,0.181728828,0.163464917,0.184452667,0.18400613663709936,0.185863823,42.25
112,1494954231.0,44.5,0.06873002691714333,0.052746405,0.075927797,0.074133826,0.072723759,0.073034411,0.074023773,0.074054126,0.07517009069756692,0.07435053907333836,0.07675787844724304,0.079171189,0.08328630082651127,0.05,0.05204995895808148,0.05570938365995681,0.06552253350553984,0.094059607,0.097035484,0.09793118808631318,0.10132577905558394,0.10703382254941875,0.11010744393710739,0.11690103215807729,0.113598729,0.11532646017280657,0.119785274,0.12203552792061054,0.125338993,0.1297519469286016,0.12657218297716855,0.133365525,0.136030183,0.138654186,0.14287717300276553,0.14494500211356554,0.144941176,0.147216769,0.14993958,0.15172073887288634,0.1681436115524754,0.16175362497009996,0.1579304223424709,0.161489638,0.1739210710352283,0.16348292118204225,0.16324207027062593,0.17261891609342095,0.18145448567800893,0.17253495,0.181302044,0.18760398686462537,0.179507129,0.18077078415912046,0.184631334,0.18648385745216187,0.19132825454062605,0.195175244,0.19774878,0.19896776,0.20541493102649344,0.199590079,0.19862072045387158,0.1975409525806201,0.2029091210323913,0.205793619,0.2074412667237872,0.207318873,0.2035072439545237,0.208540495,0.209078676,0.209604437,0.210180984,0.212230842,0.214349155,0.215937004,0.2311753876362206,0.2922,0.215202026,0.21028849781502393,0.2037118898743735,0.227061296,0.23515208441393592,0.213456479,0.209861319,0.21535373,0.22044143768906987,0.140312133,0.14364694405030626,0.217620984,0.217853163,0.22530820278695726,0.22203055825596027,0.218290262,0.2106230059201803,0.22334721957128628,0.217321035,0.21875265806693578,0.216599715,0.21172094380330708,0.216661589,0.2214871282637616,0.20797281936431541,0.1469,0.21365823790686259,0.217653098,0.241056255,0.24426950067916614,0.217355828,0.21684289,0.215511952,0.215752103,0.22056221049959326,0.218242573,0.21104715657731282,0.2160718614729434,0.215122581,0.215413517,0.215081338,0.21532686,0.216181776,0.21351421628127404,0.217088889,0.217123319,0.216159313,27.37
263,1495621127.0,32.9,0.097848448,0.086931231,0.064782872,0.040981901,0.060915118,0.060966101,0.060789762,0.06145766,0.06158234,0.062884782,0.061532804,0.065795904,0.066250248,0.068723526,0.070165276,0.072076303,0.07350297,0.075647552,0.07723158,0.079143826,0.080819534,0.083298324,0.085235752,0.086950154,0.089541448,0.091491862,0.093840329,0.096210482,0.09763944,0.099799078,0.101759625,0.129316803,0.105335556,0.107106349,0.108205591,0.1103052,0.111813919,0.112986959,0.113879913,0.115184302,0.11612674,0.117529265,0.119008407,0.120082055,0.120751278,0.121522136,0.122870751,0.124135972,0.124516388,0.125684255,0.126438305,0.128936671,0.130406485,0.131808608,0.133154729,0.135040411,0.136345852,0.137404354,0.138569016,0.139643203,0.140803411,0.142383265,0.143829837,0.145287665,0.14704878,0.148166722,0.149261705,0.151068274,0.152247658,0.153408762,0.15436331,0.155506934,0.157340576,0.158192204,0.159802435,0.160909452,0.161603623,0.163055712,0.164182576,0.165239248,0.151343661,0.165442593,0.165734845,0.167008882,0.168587562,0.169673432,0.170288426,0.170232991,0.17055616,0.169867947,0.169621458,0.190436747,0.170948622,0.172151715,0.172544797,0.172339599,0.171994,0.171725221,0.171671128,0.172400442,0.173208745,0.174504123,0.175438596,0.175255732,0.175104407,0.175334354,0.175232038,0.176489375,0.176988611,0.178477034,0.179943403,0.180406116,0.180657725,0.180380108,0.18065177,0.180942036,0.180858965,0.181688156,0.181608935,0.181477289,0.1816636,0.182012087,0.181568987,0.181352726,0.258513085,37.76
151,1495543333.0,33.7,0.085595157,0.05723723,0.052153109,0.050695148,0.050076481,0.049836409,0.049566493,0.050172957,0.05007475,0.052367346,0.05299404,0.053530814,0.054455143,0.056247855,0.057769777,0.058596239,0.060618178,0.06212259,0.064015323,0.065509456,0.067424254,0.068946791,0.070748583,0.072316793,0.08064616,0.076538203,0.078354978,0.080136574,0.081830849,0.083471738,0.085642337,0.086912033,0.088569099,0.090207326,0.091522466,0.093072793,0.094212347,0.095348814,0.096767862,0.097823953,0.098827412,0.099220237,0.100735028,0.101469387,0.102134503,0.103358074,0.10385681,0.105005524,0.106336901,0.106870426,0.107884398,0.10905479,0.11035717,0.111250377,0.112818965,0.114321011,0.115224438,0.116661786,0.117767028,0.119110078,0.120200251,0.121181467,0.122149205,0.123715295,0.125299836,0.127029201,0.128152817,0.12899082,0.130077093,0.131614493,0.132689886,0.133797042,0.135146668,0.136662485,0.137926824,0.138987019,0.140344557,0.141031025,0.141336468,0.141493796,0.142230439,0.14291299,0.143738018,0.144617274,0.145369709,0.146618876,0.14723963,0.147346668,0.147446161,0.14779994,0.148209827,0.14875409,0.148584847,0.148454967,0.148606326,0.148564574,0.148742146,0.149238774,0.149664129,0.149835759,0.150164046,0.150833389,0.151451151,0.151948774,0.152255201,0.152736833,0.152818241,0.153029386,0.152980257,0.153256458,0.153593423,0.153755263,0.153830669,0.154057478,0.153989355,0.15374922,0.152974958,0.152841892,0.151929894,0.151186695,0.15089427,0.150572234,0.150024451,0.149393104,0.148346018,35.51
441,1495020019.0,37.0,0.101587515,0.070433878,0.047925959,0.061726146,0.060249203,0.058962688,0.059589301,0.076234067,0.061142489,0.062120612,0.063017485,0.064301472,0.06605331,0.067955816,0.069803929,0.071482102,0.074035649,0.075502518,0.077994237,0.0809483,0.082899471,0.084642891,0.087498315,0.089736841,0.091606636,0.094019055,0.096685619,0.098808725,0.100785699,0.103753687,0.106138614,0.108407375,0.110951544,0.112881554,0.113969901,0.116001304,0.117677869,0.119146524,0.120762117,0.122696779,0.123856634,0.124784445,0.125957342,0.127782763,0.12922311,0.130001621,0.1305329,0.116722075,0.134002002,0.1354662,0.108202894,0.137715585,0.139915336,0.140688634,0.141828905,0.143812385,0.145871611,0.147448198,0.149052372,0.150154921,0.151354517,0.153626661,0.154792163,0.156041474,0.157580166,0.159341867,0.16138966,0.163008735,0.164825841,0.166385501,0.168316193,0.170234086,0.172051288,0.17243411,0.173891913,0.175681409,0.177021222,0.178009536,0.178810669,0.179598157,0.180816806,0.180883218,0.19188461,0.182367798,0.183238959,0.184735242,0.185724245,0.185703023,0.186270108,0.186715339,0.187186567,0.187189057,0.18788565,0.187383425,0.206169428,0.187657956,0.187389367,0.18775086,0.1876625,0.188035374,0.18839901,0.189392817,0.18963589,0.19029165,0.190335378,0.190963775,0.191167604,0.1908966,0.190488238,0.190945158,0.191317929,0.153125715,0.193332716,0.193649711,0.194036504,0.194655292,0.194929259,0.195618839,0.195214603,0.194870235,0.195488867,0.195646322,0.196165925,0.197825619,0.198335297,29.84
360,1495024934.0,40.6,0.112867189,0.076202916,0.066775569,0.063438713,0.062843442,0.062589298,0.04916778,0.062134305,0.06323442,0.063678191,0.064300476,0.06627164,0.067646691,0.070048775,0.071296046,0.073833509,0.075149297,0.077458592,0.090235477,0.081801015,0.085138163,0.086378784,0.08936628,0.091077396,0.093313862,0.096875512,0.099407377,0.102031754,0.103650927,0.106762603,0.109182103,0.111093602,0.112778434,0.115768822,0.117341535,0.118974975,0.116085232,0.121545896,0.123054833,0.12470811,0.125961892,0.127511878,0.12850146,0.129747564,0.131055669,0.132195472,0.134024291,0.134771325,0.136242872,0.137780359,0.139048016,0.140505601,0.141769707,0.143654618,0.144736806,0.146315718,0.137939064,0.149858598,0.150973546,0.152395584,0.154338219,0.155695179,0.157407433,0.158924873,0.160328801,0.162382977,0.163863534,0.16569452,0.167399971,0.16872113,0.170266674,0.213502884,0.174151209,0.175909695,0.176896658,0.177698877,0.178818699,0.179369301,0.180064117,0.180415004,0.181361932,0.182118165,0.183218044,0.18440584,0.184830537,0.185407285,0.186273493,0.186943799,0.187415761,0.187948845,0.188621532,0.188918236,0.178462899,0.188306077,0.18838018,0.1890646,0.189031508,0.18961205,0.190103243,0.190529454,0.190580601,0.190829441,0.191322758,0.190912348,0.191445088,0.191788542,0.191864418,0.192401421,0.19296387,0.193331531,0.193777316,0.194785654,0.195423141,0.196019079,0.19577392,0.196520358,0.196503432,0.196599498,0.197087308,0.196701244,0.197379754,0.198809127,0.198455539,0.199418339,0.199154545,28.29
128,1495540573.0,32.9,0.082879429,0.059702825,0.05294538523120201,0.051858155,0.051328829,0.05581669334785824,0.042504497,0.040046893327424934,0.051932341,0.05370176,0.054515976,0.055282837,0.056372419,0.0563861471745447,0.059267113,0.06338266484293943,0.062231108,0.06342177549262122,0.065717298,0.067951211,0.06593753126937933,0.07109994,0.073517686,0.074862846,0.07757698124084392,0.07859212,0.080571531,0.07825322286125996,0.084442149,0.086013466,0.08821059,0.089729671,0.09350108333188598,0.0853,0.094759961,0.09989370740852094,0.09745701,0.10491505571272497,0.099481645,0.10072204,0.101902553,0.102728105,0.10104056457874457,0.09917133886852114,0.10970183624929168,0.10637568472411468,0.10271487016463679,0.10898156,0.1162473091839272,0.11067215,0.111793093,0.112833052,0.11419527,0.10470174714604322,0.117304303,0.118639216,0.119849096,0.121133808,0.122211911,0.123653831,0.1215829066488787,0.125626512,0.126945885,0.128879575,0.12936769377817095,0.1318215741100157,0.132290441,0.133992307,0.135129331,0.1385738913614352,0.13816116976760687,0.138202333,0.12632654694713186,0.13840871588569048,0.2875,0.14362606222351135,0.14987023255278242,0.145679004,0.146275165,0.146876862,0.1488167989033141,0.148624164,0.15295076486893378,0.149443688,0.150506454,0.151137366,0.151449323,0.151980278,0.152741157,0.153119346,0.15311961,0.1610311465178339,0.153231346,0.152938441,0.181706286,0.152865334,0.153475953,0.154130427,0.154196011,0.154106385,0.154591263,0.16243036911645356,0.155227944,0.155325032,0.15762931793383042,0.155535862,0.155820856,0.15510030176162767,0.156920333,0.15297249784264189,0.15681638,0.1488,0.1561251784978686,0.156963622,0.156960526,0.157585253,0.15682977184071234,0.158296991,0.158250666,0.158149208,0.157090565,0.156320451,0.15393652480155,0.15360718902961995,0.154465087,36.54
199,1493837452.0,44.5,0.12417632332510982,0.087232964,0.07570301117085755,0.072328188,0.071757326,0.07386618072794231,0.070598456,0.071365564,0.07214243316858601,0.07138983759194509,0.0940623151388079,0.06499884,0.07929951,0.080669896,0.083780041,0.08944482010105376,0.087827916,0.08968848843168313,0.08994063638811754,0.095556734,0.09852298273184099,0.10285389809411796,0.103857588,0.11022180189558717,0.0694,0.111747365,0.1142105677353229,0.088495506,0.09075409495584758,0.122667478,0.125360433,0.128338573,0.13123113460463073,0.132961442,0.1364291319297147,0.137619262,0.1386679620458891,0.14092157,0.13335363333524303,0.14452225,0.14957079134898657,0.148202894,0.149462034,0.14906883494168474,0.16112138813391966,0.09846282483422361,0.15460889,0.15902083504315176,0.1675209641513753,0.159471502,0.161302562,0.16270386,0.164497291,0.16622182,0.1716006945757888,0.169350098,0.17357407032195432,0.173036237,0.174349913,0.176328256,0.177822074,0.17885003,0.180346527,0.182212545,0.18369599,0.18028881601978825,0.187602035,0.189596689,0.1863542025541611,0.193482597,0.194850505,0.196515567,0.198364364,0.200019548,0.20523131478697063,0.203044936,0.21667977241762526,0.21775950710628836,0.206689214,0.207380788,0.18579058,0.209709203,0.2169672667759377,0.209830859,0.211008471,0.194667942,0.212157284,0.22203003615812042,0.21291436266370467,0.20685083027014828,0.21511896,0.215224369,0.21221721990016892,0.215800423,0.20849757538930627,0.1427,0.216628147,0.21811964312167875,0.215873607,0.215808259,0.216169539,0.22101896770764606,0.20748801023401986,0.198807833,0.19758473034968954,0.217685212,0.22468955828128329,0.219845576,0.220650308,0.221993861,0.221486277,0.220489144,0.2251213034755149,0.22130145892819827,0.15089603,0.15792642901627682,0.221796823,0.222256339,0.221665097,0.21065770780200097,0.221130728,0.221622282,0.23804756,0.23739520311019432,0.150776882,26.7
352,1495023974.0,40.6,0.11049845852711648,0.078725588,0.068706643,0.065635237,0.06308081240513123,0.0662000943470543,0.063968013,0.06116890938291293,0.06065972303512371,0.064702583,0.065244145,0.06832295442766485,0.068031296,0.07045682,0.072098661,0.074400365,0.076710836,0.078835033,0.081244095,0.083618343,0.073068874,0.087966725,0.0900101030533454,0.091735593,0.09353460684058848,0.097070992,0.099687587,0.102119778,0.10411939749210847,0.10723066,0.1092155,0.1149962040204457,0.113410374,0.115538512,0.11745289,0.12345294709377673,0.121063746,0.13154586997308318,0.11396596908208664,0.125973704,0.126321073,0.12073841234217392,0.1183992227234978,0.0945,0.10488800448970989,0.12772761589952966,0.134306079,0.135210133,0.136694471,0.138289742,0.139487079,0.14534166042953067,0.14863449218849714,0.143780286,0.144981112,0.15213846701673558,0.15573919479251422,0.149949205,0.16528645506969822,0.13975534868659506,0.15469629586244643,0.263,0.2647,0.159040208,0.16167196840631054,0.162598814,0.164647377,0.16976967749377736,0.23785198119052658,0.169738197,0.17069504,0.172462124,0.16162811543898725,0.17660616703816812,0.187772866,0.18602799326483557,0.179472556,0.180549205,0.181236626,0.17813387024884259,0.183039019,0.19253991585857366,0.185172368,0.18396616776008473,0.187081758,0.18602624750720279,0.187901764,0.188785883,0.19033970537621042,0.190012259,0.17895153408555042,0.18668090558461412,0.191213304,0.1918427,0.1880462627082765,0.18915769599133342,0.191567666,0.19522466008209693,0.19579257571930453,0.19275874290443665,0.19218129241459445,0.198195370793389,0.193988814,0.193946387,0.19476598,0.213783702,0.196761624,0.19704728,0.197477096,0.20168763250675786,0.199534225,0.19026646003277492,0.19603394151506842,0.201260723,0.202355143,0.20766967655754578,0.204555757,0.20447641061273863,0.205486754,0.206204584,0.22775571045959564,0.22508831831180579,0.208043131,0.20831011,0.20157796632415406,28.58
147,1495578642.0,34.1,0.084047818,0.05710917,0.052333713,0.050799267,0.04870111739311284,0.05443351582627231,0.050429964,0.070426281,0.050838894,0.051971354,0.0551072857886678,0.054987427172178006,0.075386599,0.07509407807407781,0.0516,0.059231442,0.060783322,0.062057756,0.06385912070806794,0.065551638,0.06310508467808912,0.0671254200405963,0.071553824,0.073019859,0.07583395169555432,0.076731461,0.08122463704308674,0.1821,0.08255327,0.08541622542998699,0.085554598,0.09133984488806376,0.089028007,0.08570358664021474,0.092200134,0.093147675,0.09482995440952731,0.132871884,0.12518081022715913,0.13011703277244183,0.098788162,0.09373698588610517,0.10084259,0.09608646561680044,0.10652286310018279,0.103676057,0.104185794,0.1053971,0.106347946,0.10537079812394137,0.1009,0.109535139,0.110223554,0.111755513,0.12137023558419863,0.114388384,0.11662215629197024,0.117239212,0.12824651402075585,0.1178142599891808,0.1119,0.12191790461093988,0.11763866013719736,0.124296682,0.12445907551199006,0.126798729,0.128370395,0.1312462025580082,0.1298776244038167,0.2761,0.2681819145912593,0.13373253,0.135281772,0.1454799839124836,0.14726685787341526,0.14802101309673477,0.15481183825660558,0.1412471037850444,0.140871739,0.1399209268347802,0.142471266,0.14870044018636475,0.1363,0.137,0.145059204,0.145730397,0.146614077,0.147633351,0.15069917097083363,0.14255480504088047,0.1415,0.1418,0.148412136,0.148741494,0.15125327362348426,0.149197926,0.149061262,0.14939307,0.149788986,0.150484327,0.150552873,0.150873711,0.1462,0.152155354,0.152343287,0.152239453,0.152785408,0.152923181,0.1531794938180072,0.153904715,0.153841611,0.153980605,0.153714341,0.153491152,0.152553628,0.152195273,0.152121163,0.152725955,0.154016038,0.154549116,0.15478015,0.154662623,0.15226357187070863,0.151302559,0.149861721,35.54
443,1494734784.0,37.2,0.097932643,0.068163489,0.062639449,0.060743452,0.059379626,0.059285731,0.059022923,0.058952652,0.060389622,0.061555443,0.062619598,0.063749634,0.065555145,0.067637009,0.069456578,0.071446691,0.073045804,0.075576229,0.077407931,0.08043954,0.082025295,0.084285553,0.086876122,0.08907557,0.091800771,0.093892229,0.095704319,0.098850391,0.101177319,0.102807847,0.10562141,0.108144,0.110529247,0.112355984,0.114256126,0.116292382,0.117745568,0.119183273,0.120652604,0.122236095,0.123632555,0.125485172,0.126007448,0.126578287,0.127759318,0.129425602,0.130632419,0.131982121,0.133328474,0.134460585,0.13566212,0.137655469,0.139199618,0.140297463,0.141889487,0.150464119,0.145045341,0.14655556,0.148092567,0.149674652,0.150926987,0.152267903,0.1538504,0.155725924,0.157641462,0.160311168,0.161711773,0.163693465,0.165212577,0.166789965,0.16742791,0.168988196,0.170414211,0.172067059,0.173930744,0.174935272,0.175902462,0.17729299,0.178549913,0.179234852,0.179887156,0.180802029,0.181890927,0.182927863,0.183234215,0.184325249,0.185399792,0.18598037,0.187093872,0.18715524,0.187189091,0.186765924,0.186709167,0.186154333,0.186691459,0.186685809,0.187698043,0.187474761,0.188434242,0.189252979,0.189686033,0.189422879,0.189405342,0.188871771,0.189251544,0.189531745,0.190447776,0.191050261,0.190875418,0.191222126,0.191498635,0.192719832,0.192893105,0.19332536,0.193521839,0.194026146,0.193981921,0.194461275,0.194311815,0.194376162,0.19408966,0.193980716,0.193822978,0.194261337,0.194428938,29.67
148,1495542973.0,33.9,0.072038546,0.057437871,0.051969874,0.050724019,0.049807707,0.050338075,0.059512833,0.050546852,0.050980878,0.073971163,0.05251297,0.053702451,0.055056008,0.05635772,0.057507031,0.058829958,0.060117954,0.062594223,0.064298442,0.065963193,0.067318766,0.069212606,0.070982829,0.073043501,0.074747004,0.076644265,0.078376571,0.080283905,0.081880772,0.083974312,0.085467185,0.086958541,0.088889805,0.090781035,0.102624092,0.093448234,0.094447714,0.095363871,0.09666222,0.098058287,0.098986467,0.100311094,0.100528242,0.1013946,0.102552919,0.103158279,0.104280903,0.105659995,0.106637993,0.107469026,0.108241954,0.10918371,0.110601261,0.111913913,0.113270412,0.114639537,0.115867071,0.117091766,0.118397367,0.119309161,0.12069556,0.121911267,0.12321811,0.124112482,0.125339097,0.127219373,0.128479789,0.129480672,0.130524587,0.131887447,0.132748988,0.134195329,0.13507892,0.13654465,0.137970166,0.139217238,0.140164968,0.141396583,0.141401449,0.141706078,0.142305419,0.143298662,0.144254784,0.144739508,0.145556294,0.14632223,0.146922795,0.147825677,0.148412336,0.148734351,0.14890593,0.149061535,0.149037319,0.149217725,0.149218241,0.149086913,0.148953,0.1491042,0.149465237,0.150325326,0.151035685,0.151450182,0.151802347,0.152290983,0.152572618,0.152980983,0.153016667,0.15305423,0.152773176,0.1526507,0.152650513,0.152664153,0.152775074,0.153408941,0.153645327,0.153200551,0.153618966,0.153540067,0.153587118,0.153081632,0.1526241,0.152030521,0.151531185,0.151002061,0.151464491,35.67
534,1495041144.0,43.2,0.175628796,0.12291301299999999,0.11198023100000001,0.109175881,0.109016393,0.108685003,0.10977035100000002,0.111949565,0.113102488,0.053518346,0.118433351,0.120415689,0.125079384,0.12715728,0.131491374,0.135060806,0.138105659,0.14126215,0.144354423,0.147571285,0.152458823,0.156416465,0.160341068,0.163245636,0.168413805,0.172057938,0.175415169,0.179723301,0.183100078,0.187396016,0.191274143,0.194607451,0.197279052,0.200088962,0.204026787,0.207199618,0.209396904,0.212009984,0.213945129,0.216701922,0.219142013,0.221716807,0.223662948,0.225468696,0.226974248,0.22872978,0.230532203,0.232333829,0.234744371,0.236466138,0.238850397,0.240694551,0.242649075,0.24413679100000002,0.246457767,0.248904132,0.252666731,0.256060713,0.258739917,0.259710263,0.260632074,0.261586867,0.263512756,0.265203476,0.265980075,0.268068015,0.259518632,0.272539288,0.273726228,0.275082517,0.276402763,0.278995373,0.281774276,0.28330669,0.284779202,0.286924364,0.287780729,0.289767689,0.291159187,0.29235427,0.293556582,0.293145666,0.29427568,0.295164075,0.295677918,0.296097957,0.29672174,0.296993953,0.297838337,0.298064056,0.298351976,0.298614647,0.29775381,0.297725121,0.296780756,0.297537374,0.297686241,0.297079402,0.29696475,0.297094606,0.297638449,0.297986289,0.298363872,0.297456578,0.296936121,0.296220437,0.288955661,0.295753376,0.295102614,0.29412053,0.293387697,0.293678892,0.294186841,0.294496543,0.295138071,0.295083593,0.29527695,0.294883871,0.296495925,0.296315618,0.297600498,0.297811668,0.293866353,0.294938505,0.294904303,25.73
349,1495023614.0,40.2,0.117935177,0.078403074,0.06896461,0.065528805,0.064463834,0.06323032,0.062691246,0.077836706,0.063638152,0.064477147,0.065448151,0.066583823,0.068493906,0.069990652,0.072313972,0.073664569,0.075549579,0.078112353,0.080151972,0.083069618,0.084874959,0.087653413,0.088580397,0.091903225,0.094683011,0.096556799,0.098664852,0.101162861,0.104349736,0.10667406,0.109368002,0.110835611,0.112818034,0.11453037,0.116228977,0.117931598,0.120458079,0.121295327,0.123199982,0.124388032,0.109057501,0.127117507,0.128887112,0.129942632,0.130585496,0.131335035,0.133236191,0.134261103,0.136217953,0.137116128,0.138424075,0.140150482,0.141794667,0.14361243,0.144495706,0.146175015,0.147720847,0.149402023,0.151626765,0.152964705,0.154108362,0.156005841,0.157436074,0.158806935,0.160655255,0.161990489,0.164271955,0.165877933,0.167800267,0.169585248,0.170731638,0.172492178,0.173988547,0.175137942,0.176487834,0.177645582,0.179056192,0.180059293,0.180740657,0.181353634,0.182712478,0.183754189,0.185007811,0.185561554,0.185761967,0.186799651,0.187248603,0.187741472,0.187848897,0.188266537,0.188539498,0.189206833,0.189245524,0.190266898,0.191295751,0.192246819,0.192741954,0.192577826,0.192411357,0.192159235,0.19181431,0.192743784,0.193104911,0.193474015,0.193835684,0.194544179,0.194823893,0.195255993,0.196486913,0.186606574,0.198044248,0.198261851,0.198625655,0.200023421,0.200679205,0.201425216,0.202383737,0.202939184,0.203408422,0.203399177,0.203319643,0.203942163,0.204984742,0.206707886,0.209290955,28.66
187,1495214243.1962655,34.03343760768582,0.035,0.0323,0.03409999999999999,0.06450203,0.06566613,0.06848433764219702,0.064626413,0.06181683376636125,0.0377,0.0427,0.04613777647947522,0.069859904,0.070469273,0.07025595226384158,0.073936916,0.074483631,0.07587188,0.077419545933029,0.080118375,0.081381884,0.082272332,0.08646074519874106,0.08562301,0.087679333,0.089927133,0.091800227,0.09322638,0.095617663,0.09715559,0.09881829,0.09887156853747653,0.102510315,0.103373117,0.104968905,0.10472262478396994,0.11193894908824405,0.108592908,0.11747748837009424,0.110241441,0.11708141973226537,0.112810064,0.10748821457482621,0.10562844380096562,0.21586780421267437,0.17754020294943662,0.11494851643513879,0.11180110043302675,0.0979,0.118782852,0.119337481,0.120568411,0.106857359,0.11044369557946601,0.122691596,0.13145581874407994,0.1404227324206415,0.126467,0.11421018020530618,0.151430883,0.13921738674024264,0.129856897,0.14209558389217866,0.12708845504524754,0.133037989,0.133858079,0.13520614128973463,0.136262935,0.137260836,0.1356990997049698,0.138774942,0.139180973,0.14166777789835303,0.141015389,0.142292795,0.143643374,0.14462108093640075,0.15098901414758523,0.15002287564233147,0.1471701216319357,0.145865653,0.146966188,0.148293784,0.15260452997662183,0.148666154,0.149550431,0.150443227,0.151434298,0.15160944,0.1545291732852317,0.150878276,0.151060284,0.151042563,0.151874231,0.151887156,0.176317102,0.152765033,0.153103817,0.16008450572943164,0.15788557472339348,0.153871815,0.154296368,0.16214979151825074,0.155939102,0.155952626,0.15820600058819115,0.173862158,0.155665714,0.155801102,0.155884985,0.15598704,0.156038995,0.156148908,0.156198179,0.155724392,0.155766286,0.1626342899892662,0.16181276902370084,0.1674339256198919,0.1471,0.150787303,0.148806903,0.147357759,0.146827716,0.145309094,0.14153072363801295,34.88
575,1495794148.0,34.8,0.083290229,0.060933165,0.053559105,0.051811734,0.051592863,0.050417275,0.050415309,0.051347619,0.052389644,0.052424004,0.053295869,0.054554373,0.055773351,0.057681306,0.059442685,0.060583428,0.061964387,0.06383487,0.065418387,0.067176215,0.069230327,0.071467988,0.073187085,0.074455674,0.076985564,0.079050761,0.081255834,0.100963063,0.085068316,0.086527011,0.088790952,0.090158184,0.09097299,0.092849668,0.095094217,0.096003094,0.09714771,0.098411796,0.099968727,0.101486651,0.102264811,0.102700106,0.104613419,0.105463699,0.106917442,0.107493769,0.108453594,0.109303122,0.110464043,0.111308401,0.113483293,0.115116415,0.115975634,0.116695897,0.118671304,0.119892473,0.121012384,0.122782268,0.124266302,0.125133154,0.125973621,0.127772448,0.129311737,0.130471033,0.13138838,0.133399634,0.135280204,0.136295362,0.137364699,0.139153863,0.140331294,0.141437925,0.163559031,0.143911862,0.145637059,0.146412597,0.147388038,0.148326613,0.148755718,0.149358815,0.150447583,0.151439059,0.152367787,0.152613441,0.153309173,0.154001545,0.154494917,0.155415122,0.156128688,0.15587854,0.155917604,0.155959111,0.155768858,0.156460317,0.156219264,0.157105824,0.157767828,0.158511377,0.158826536,0.159467157,0.159739796,0.160638084,0.161130742,0.160946732,0.161207953,0.161090166,0.16132961,0.161213528,0.160882062,0.160924665,0.160677135,0.160584835,0.161087526,0.161156982,0.160407051,0.160833527,0.161444377,0.161842479,0.161625709,0.161121515,0.159732237,0.158217412,0.155154353,0.15350562,0.15159726,35.96
97,1494952431.0,46.5,0.12704834,0.084420912,0.076076242,0.054154589,0.073218123,0.07334184,0.073638071,0.074353547,0.068820553,0.077799744,0.078268796,0.079761314,0.082158998,0.083636229,0.086723322,0.088800425,0.091753393,0.094142437,0.096979719,0.099595816,0.102455126,0.105093689,0.107109717,0.11027165,0.11345254,0.116296406,0.119673495,0.122092162,0.124600502,0.128259567,0.130943585,0.133636187,0.135635516,0.138337664,0.140809508,0.142975701,0.145092695,0.147026998,0.159407415,0.152295437,0.114778876,0.156839258,0.15945837,0.161235941,0.163322111,0.165284097,0.16777742,0.170436437,0.173622614,0.149214314,0.179628303,0.182410374,0.184850043,0.18776352,0.191158502,0.195054407,0.192367643,0.203505075,0.206304544,0.207181608,0.140935657,0.207437422,0.207430658,0.207637087,0.208723118,0.210304511,0.211385772,0.21178722,0.210669723,0.209685551,0.20909559,0.208903871,0.209159734,0.210375953,0.212603109,0.214429607,0.215524363,0.214605474,0.213466106,0.212154463,0.210955506,0.18826317,0.211522675,0.211725694,0.212101119,0.212616908,0.213248011,0.21349088,0.214335665,0.214692584,0.215108968,0.215569202,0.215660345,0.215299799,0.215175111,0.214639252,0.214216962,0.213905539,0.213726862,0.213459417,0.213316879,0.213406182,0.213768078,0.213814815,0.21402908,0.213899166,0.213938722,0.214153981,0.214527005,0.214604562,0.214117688,0.213982169,0.213905141,0.213699479,0.214310377,0.214201525,0.213684566,0.213900032,0.213770516,0.214525233,0.214864109,0.215286508,0.215090914,0.214934804,0.214581057,27.83
240,1495037926.0,43.6,0.162623708,0.113509673,0.0562074,0.098545697,0.096156747,0.096671613,0.0969616,0.098021018,0.099611721,0.100829584,0.103347933,0.105330557,0.108911917,0.111621382,0.114768873,0.117391471,0.120988998,0.123428365,0.127021725,0.130136275,0.13297839,0.136490979,0.140412955,0.144507802,0.146946129,0.150627273,0.153798031,0.158169327,0.161890207,0.164826133,0.168310789,0.171155347,0.175056087,0.177562872,0.18033839,0.181465361,0.18574248,0.187198691,0.189399303,0.191678664,0.193146451,0.195632959,0.197686915,0.19898315,0.200204394,0.203086307,0.203588567,0.205346173,0.207926664,0.209762419,0.21125508800000004,0.21332904,0.215084909,0.216949107,0.219255837,0.220884051,0.222704547,0.224860201,0.226768448,0.228006315,0.231079357,0.232012579,0.232627096,0.234555311,0.236967997,0.239661373,0.242226559,0.243731868,0.24570642,0.247409567,0.248368687,0.250142401,0.252352952,0.255263716,0.257005275,0.258709839,0.260560919,0.261707989,0.262858481,0.262644773,0.263684994,0.211795336,0.266155791,0.26715154,0.268333739,0.26936904,0.26964264,0.269791959,0.234328361,0.271046351,0.233315073,0.272578883,0.273460405,0.273407342,0.274391424,0.273675265,0.273459869,0.273488834,0.273568056,0.273509018,0.274165217,0.275707331,0.276837065,0.27712541,0.276545015,0.275746948,0.275613539,0.276106278,0.276844889,0.27780541,0.277289074,0.277308923,0.277593845,0.277790472,0.278193598,0.277739863,0.276984911,0.276417618,0.161288691,0.277145348,0.213629849,0.276420702,0.276881952,0.276731389,0.276633686,26.08
98,1494952551.0,46.4,0.127862137,0.085867295,0.075585879,0.073030796,0.072940793,0.073802084,0.073268117,0.074337711,0.075497388,0.077035237,0.078259935,0.080188418,0.082462769,0.084211656,0.086733401,0.089068842,0.091742322,0.094161792,0.096887674,0.099785105,0.102304443,0.105194263,0.107449827,0.110584018,0.113476029,0.116489764,0.119476565,0.14519272,0.12508041,0.128242018,0.131034273,0.133395811,0.135673924,0.139007635,0.093405024,0.14296143,0.144848368,0.147415152,0.149536083,0.151972141,0.154698478,0.157583533,0.159636146,0.160640735,0.162994071,0.165048671,0.16785534,0.169808635,0.172819294,0.175899836,0.178679893,0.181335426,0.184107235,0.186958453,0.190086519,0.19420095,0.198376102,0.202346673,0.205395618,0.206721785,0.207020174,0.206921009,0.206886991,0.20709639,0.208100371,0.209628204,0.210684158,0.211234111,0.210306652,0.209012828,0.208507384,0.208204639,0.209076363,0.21055279,0.212717075,0.214227952,0.215104988,0.214065865,0.212659953,0.211406715,0.210524029,0.210265711,0.210828024,0.211113498,0.211646465,0.213154813,0.213983698,0.214330886,0.214894566,0.215116679,0.215481712,0.21558649,0.21518861,0.215211542,0.215593633,0.215286682,0.214988559,0.214535211,0.214356949,0.214276103,0.214041104,0.214318731,0.213761891,0.213345254,0.213542905,0.213614681,0.213648802,0.213514842,0.21343731,0.214057089,0.213931298,0.214134527,0.214419581,0.214002394,0.213517422,0.171691937,0.213197144,0.213159595,0.213010124,0.213541954,0.213765866,0.212964562,0.213629872,0.21329867,0.212742792,27.76
372,1495026374.0,41.5,0.11220926,0.075102409,0.066243044,0.06382882,0.06270276,0.062246214,0.062503651,0.062301548,0.062381652,0.063562612,0.064459944,0.065950506,0.067907283,0.06968396,0.071384228,0.07324799,0.075057929,0.077795742,0.079509225,0.081526027,0.084546616,0.087181002,0.089298903,0.108101011,0.083221917,0.096586709,0.099432055,0.101616227,0.104502183,0.106794117,0.109067882,0.111062814,0.11257566,0.115525011,0.11711671,0.11896302,0.121135808,0.12238561,0.12358412,0.124790196,0.12612033,0.127949686,0.129468461,0.130010415,0.131481452,0.132169543,0.133364765,0.13512203,0.136475915,0.137355923,0.138815397,0.1401017,0.141840557,0.143424852,0.144692095,0.146173153,0.148095936,0.150008205,0.151127133,0.152183943,0.153919813,0.155652266,0.157268079,0.158466182,0.159484303,0.161612389,0.16311455,0.164876528,0.166704677,0.168107292,0.169491126,0.171159068,0.172861246,0.174163557,0.175079929,0.176676534,0.17756963,0.178300368,0.17892683,0.180086327,0.18104699,0.181582486,0.182587065,0.183204786,0.183914264,0.184127803,0.184544215,0.185635318,0.186279906,0.186565142,0.186794035,0.18666835,0.186887381,0.188193881,0.188548314,0.188485278,0.187986186,0.187877743,0.188292152,0.188548154,0.188502001,0.189372479,0.189493328,0.189994909,0.190104935,0.190347569,0.190414299,0.190605218,0.191161904,0.191344486,0.192267534,0.192940787,0.193803701,0.194417111,0.194611711,0.194387636,0.193963349,0.193909154,0.194870443,0.196471568,0.21490777,0.198680443,0.206935118,0.19623729,0.222705621,27.88
325,1495029369.0,44.3,0.126385418,0.082952935,0.072645605,0.07044161,0.068475323,0.067888681,0.068364553,0.068354138,0.068406289,0.068889687,0.070689502,0.071756535,0.074309012,0.075757048,0.07789243,0.079672341,0.082354615,0.084493111,0.086960246,0.089220277,0.091723225,0.094356889,0.096462388,0.098787355,0.101962542,0.104860201,0.10720009,0.10923315,0.112136171,0.115584274,0.117472929,0.119220425,0.121548279,0.123550194,0.139504595,0.127476006,0.12948001,0.131249885,0.120053462,0.134003925,0.1348096,0.137232701,0.107546061,0.139348883,0.140601308,0.141252255,0.142113042,0.113277402,0.145536846,0.14775892,0.148325987,0.149768145,0.151386878,0.152746806,0.154437051,0.155902554,0.15717764,0.158614856,0.160430118,0.115045225,0.16349773,0.164742331,0.165982166,0.167617025,0.169671785,0.171886116,0.173927066,0.17520104,0.176935382,0.178608711,0.179937564,0.18155731,0.183484066,0.185038666,0.186481999,0.187573517,0.18916514,0.190189191,0.191555924,0.182420756,0.193090446,0.193277311,0.193951173,0.194955624,0.195814803,0.19659685,0.197699478,0.198323135,0.198602417,0.198623613,0.199632996,0.199759355,0.200325435,0.200090441,0.200207867,0.200445042,0.199555441,0.177487893,0.200027782,0.200414113,0.200567029,0.201026965,0.201333541,0.201627455,0.202456342,0.15024376,0.20340369,0.204030974,0.204455342,0.204946651,0.205209394,0.205222761,0.204784328,0.204774103,0.205250053,0.205516892,0.206420558,0.206621633,0.206208865,0.206475489,0.206457307,0.206265359,0.207160717,0.208981276,0.210957611,27.16
255,1495037092.0301113,43.73298212931963,0.17640103408377433,0.119715757,0.107635395,0.103008993,0.09930515181358195,0.08325123256397117,0.041022899,0.03858886861498831,0.056190489,0.05671421617633453,0.109345786,0.11761735981710482,0.115025815,0.11409485085731998,0.11449663991736167,0.12210272086205248,0.13379565839935895,0.1368592721505244,0.12539945828363375,0.088082503,0.08970042966991472,0.1442274850837544,0.14931077379529747,0.072393891,0.07524193410758119,0.1742,0.1730426427163807,0.128977516,0.13046662498504394,0.1350653376509296,0.082446381,0.0882322246623693,0.0836,0.18506309,0.19544347831129052,0.190141643,0.192977942,0.195190499,0.18845272129745239,0.103528948,0.10519094630436061,0.10001617334682317,0.204750954,0.208093496,0.22194651686002723,0.130379574,0.12815627303472488,0.21380037699999999,0.216451085,0.217954109,0.220606654,0.2273291010246896,0.22999664641645617,0.2464,0.22734976,0.229732032,0.231118879,0.232982148,0.234017758,0.2154591578741287,0.22377152570906406,0.23283283514049347,0.16545408290326966,0.242840303,0.244891702,0.2356455981082277,0.266779616,0.251170107,0.251890862,0.26419381435744815,0.25667466,0.259351998,0.260814181,0.24460349056335368,0.265005177,0.2584954381767192,0.291,0.268485598,0.27368901722499683,0.270150113,0.270313981,0.270412988,0.2805842183541279,0.243322041,0.23322688335745018,0.28061232662572866,0.276168009,0.28836546897142246,0.2862606077346206,0.1413,0.1944997267641649,0.183297013,0.18114630442761773,0.280476137,0.280632742,0.2943494078901363,0.282931694,0.282959279,0.29043519604816426,0.2790095415395181,0.28706415082511916,0.184358629,0.16952396842608883,0.285573231,0.27731159202348465,0.2994,0.2998,0.3001,0.26532048428144017,0.202159577,0.20722698806082723,0.198440767463273,0.2881401464556502,0.28425974,0.284023795,0.282875809,0.282310507,0.2718612448595775,0.2915172355805439,0.278980368,0.279140871,0.2764742228221612,0.27518650050562243,0.17596406757206462,0.17074845304128172,25.73
123,1495540002.0,32.3,0.08105771,0.059496147,0.053155023,0.051777524,0.05105342,0.051861011,0.05125976,0.051670247,0.052408766,0.05338274,0.054466505,0.055931095,0.057090157,0.0580145,0.059331801,0.061268193,0.062384684,0.064408006,0.066221086,0.068638135,0.06983964,0.071557145,0.073525613,0.075264251,0.077146172,0.079201046,0.110349532,0.082917314,0.085010413,0.086792574,0.088647187,0.090304391,0.092328234,0.105759804,0.095265252,0.096500652,0.097813866,0.099022222,0.100475377,0.101487016,0.102951893,0.103785482,0.104392518,0.1057056,0.106947727,0.107870875,0.10883907,0.110007549,0.110701561,0.11198943,0.11345921,0.114688129,0.11533809,0.116623204,0.118230827,0.119798077,0.120914078,0.122498258,0.12326202,0.124378305,0.125887113,0.127445762,0.128635391,0.129812791,0.130981283,0.132588014,0.156345608,0.135434185,0.136587478,0.137344292,0.138454446,0.139696416,0.141196035,0.142623415,0.14366319,0.145293302,0.146506191,0.147186813,0.147413875,0.148016393,0.148388641,0.149289844,0.149612896,0.150377231,0.151102267,0.152065765,0.152639815,0.153364852,0.154056117,0.154398314,0.154480221,0.154553966,0.154787387,0.155211123,0.155552611,0.155460496,0.155218797,0.155619268,0.155393777,0.155396616,0.155691218,0.156193425,0.157204861,0.15758428,0.157839999,0.157328181,0.157660797,0.158620654,0.159288816,0.159988852,0.159864651,0.159519712,0.159271452,0.159123166,0.159209258,0.159433777,0.15937029,0.159259869,0.158956842,0.157815355,0.157095303,0.156951527,0.156603674,0.16088977,0.156268469,36.67
203,1495033212.0,44.2,0.131449258,0.087171529,0.077325001,0.074088278,0.072671492,0.072539427,0.072657312,0.073507278,0.074160459,0.075371796,0.077057304,0.07899736,0.081034792,0.083216188,0.085816622,0.088625991,0.089829125,0.091757127,0.095045726,0.097453445,0.100880837,0.103088691,0.106122097,0.109210838,0.112197545,0.115353905,0.118111483,0.12022002,0.123375737,0.126527042,0.129193522,0.131176896,0.133465451,0.136786281,0.138878999,0.141175458,0.142763074,0.144575088,0.14603558,0.148759264,0.149773804,0.150972158,0.152911293,0.131924129,0.155905568,0.158006135,0.159229528,0.160053635,0.161911015,0.163743903,0.165362956,0.167457842,0.168000761,0.169147246,0.171103105,0.172649577,0.17476177,0.177007099,0.178628962,0.127948952,0.182035439,0.182952634,0.184063292,0.185758617,0.187631375,0.18972566,0.191985131,0.193735551,0.195441363,0.196771177,0.19876803,0.200660396,0.201894118,0.204398931,0.20578012,0.207046378,0.208112925,0.2096298,0.211180467,0.212287445,0.212044401,0.212693211,0.213321029,0.214303415,0.215732645,0.216765578,0.217054656,0.217681564,0.217953604,0.218871,0.219249802,0.219479661,0.176869974,0.218804705,0.219023345,0.219484073,0.219049741,0.21938317,0.219650252,0.219783868,0.220227839,0.164297216,0.221995798,0.221942801,0.222342797,0.174650434,0.224248727,0.223337516,0.223039258,0.237630748,0.221517112,0.222492586,0.223464017,0.224783876,0.225412752,0.225062667,0.224594861,0.224068728,0.224092046,0.224093438,0.225915603,0.226727816,0.225925824,0.22458866,0.224259371,26.66
439,1495724197.0,35.66462727810134,0.09784374026037054,0.07085459,0.062163925553026855,0.060514182,0.061007472,0.06436820571241639,0.0599957520667152,0.060228063,0.059600212175846226,0.062046781,0.06321052,0.06604987948335383,0.06831685534797072,0.068034475,0.06865196908128787,0.07502325707134516,0.073637153,0.07512633294310576,0.1484,0.080353754,0.08057744455548493,0.08475099526460765,0.15515833110670008,0.0676,0.0707080477318781,0.07124459144766243,0.07605585720034021,0.098835585,0.10089763026429108,0.103443396,0.1031899974970072,0.10897185840742286,0.110228973,0.112301357,0.11422219,0.12009891396516843,0.118359205,0.12849487092643297,0.120104431,0.121578889,0.123747495,0.124929647,0.126453277,0.126881045,0.127952394,0.129627269,0.1273589149746954,0.1321205091833065,0.133569547,0.134993723,0.13348301947083024,0.1018,0.13900145,0.13359362457021906,0.141787682,0.143460477,0.1467469690153817,0.2581,0.148407185,0.150239617,0.151432255,0.1629409911149769,0.154244123,0.156097878,0.15852051477579113,0.159895058,0.161834783,0.163780978,0.16136755533490207,0.2761,0.168271904,0.1739202906640429,0.26349683164653226,0.172952031,0.174100125,0.173198795324456,0.17653546,0.1763649400892897,0.19401410627956558,0.135026495,0.13855800387075773,0.14447157989149229,0.182570996,0.183213679,0.183563405,0.184299112,0.19241842353000796,0.1397,0.185844692,0.186292852,0.186751579,0.194420725,0.187184831,0.187782052,0.1845799240276098,0.188440179,0.188971132,0.19285249484346098,0.189426069,0.189403282,0.18951451,0.19565806292171806,0.190088467,0.190046637,0.190470787,0.191231215,0.191376373,0.190876797,0.18513631400297256,0.18686438695223248,0.191780482,0.18202735549804397,0.192773714,0.1923045174064456,0.192789176,0.193293979,0.194387906,0.1956646151368152,0.19428215,0.194832056,0.21451502005210224,0.2993,0.19254799363039718,0.193791208,0.1877397762871823,29.93
324,1495029347.297015,39.07004562697044,0.125687181,0.08817268920657334,0.0764798294330996,0.070272131,0.06757510037707092,0.068207053,0.067950621,0.067463074,0.068508217,0.06816015860584895,0.07076903633954332,0.072048708,0.073529256,0.075837016,0.07583476007846039,0.08060049,0.082572134,0.084830687,0.086952938,0.089457192,0.09132310719301326,0.094543695,0.096851499,0.099732778,0.102052184,0.10266194953063378,0.10565186009828217,0.1062555132717902,0.0767,0.115570069,0.118109883,0.12388887930852023,0.121982358,0.123947822,0.125958028,0.1322827717804964,0.129589196,0.14116345011783385,0.2168,0.134827311,0.13907493301249296,0.12991757659417946,0.138589581,0.139156246,0.14059822,0.141538936,0.1399839323424343,0.144656206,0.15280198525612157,0.146914498,0.148737098,0.149826428,0.151291234,0.1479075952379155,0.154510612,0.1603930083949502,0.157157912,0.1470475064036422,0.16373148,0.161894029,0.163772624,0.1748638531636435,0.17284082272558604,0.168117484,0.1713944041648512,0.16916097414716544,0.1695765858253797,0.274,0.2149275858892502,0.22442623115649857,0.2783,0.181865154,0.17131707435808785,0.1739343532774341,0.186993123,0.188028525,0.189329273,0.190352818,0.1902427411435684,0.192061463,0.18793284993252196,0.141634486,0.14562565315023054,0.1933538915202274,0.1821121882403264,0.19647205,0.20340301892678225,0.198002475,0.1992176677887376,0.198792616,0.1889592189667426,0.216978679,0.21392447112769467,0.2002686,0.201126591,0.201570147,0.201388318,0.2041967010009299,0.201101724,0.19759713682982566,0.20075804,0.201697438,0.201738137,0.21113893944173814,0.202575098,0.20272233384834412,0.20246127,0.20389327278487995,0.19609614392008415,0.20002888901833418,0.202626363,0.19355215678824048,0.203002747,0.20302722045002844,0.1960067326938742,0.204383975,0.20301638136431438,0.206302606,0.2050218178530383,0.178422736,0.19541014504827814,0.19274228459157453,0.216175739,0.208576161,0.208027398,27.24
247,1495037894.9738424,43.614487715594905,0.176117511086123,0.119539411,0.10785007900000002,0.104869625,0.102193439,0.10075784277690816,0.102931943,0.103285778,0.104057659,0.104226168,0.10566085548551324,0.11349854576632996,0.084361201,0.08392413196369133,0.08327952246254686,0.08891266858359048,0.126212868,0.129036412,0.132311372,0.1292380745089664,0.1556,0.143033939,0.146938473,0.15626240726673024,0.153797953,0.128771071,0.13024736022370204,0.16965861491909662,0.168423419,0.171127387,0.174803319,0.18057143023006633,0.18123853311729843,0.2034,0.2068,0.106311321,0.10780606011653443,0.194736857,0.196239194,0.19864329,0.200539419,0.185994874,0.204017956,0.189262038,0.2025406306353079,0.209882574,0.212420444941759,0.212845606,0.214874898,0.216983115,0.21404016701792766,0.217031896,0.222471085,0.2308111108200447,0.2311668723199885,0.174672398,0.17908909432651474,0.22478270743263065,0.2608,0.2401837350544173,0.236644244,0.24527003571157663,0.2462472616029628,0.1151,0.1166,0.11959472527306873,0.248336401,0.250023824,0.251655982,0.2639411146261188,0.2783,0.257508884,0.24926099163342727,0.260820551,0.262162109,0.264114503,0.2853453228008708,0.2687674184935729,0.269126789,0.269283198,0.270717301,0.272478385,0.28274873348178814,0.274149348,0.2647615392330863,0.276214689,0.2753610478994124,0.275360771,0.276527928,0.2699330676430899,0.152467592,0.16038372650561117,0.15884765909458406,0.279351769,0.279187932,0.27925796,0.29081706472483204,0.280394872,0.281244615,0.282006756,0.280975964,0.281811256,0.281769074,0.29113968764626313,0.283406423,0.281457855,0.282194826,0.282436448,0.2622292398313096,0.236688889,0.2371403279540802,0.283591187,0.283421303,0.2873269089134185,0.3001,0.2865415311170045,0.2840993426423918,0.2838894,0.293991330087087,0.177270398,0.1940685127653952,0.19140063288413217,0.142,0.14171650541378178,0.283137815,25.99
549,1495042944.0,42.8,0.180403446,0.125055353,0.11375664300000002,0.111867744,0.110693681,0.111742917,0.112463175,0.114092219,0.115628105,0.065003722,0.119856733,0.12231814399999999,0.125732141,0.128330149,0.13290332,0.136619969,0.140228951,0.142728611,0.146929724,0.150699686,0.154677828,0.15908011,0.161415228,0.155032472,0.169819133,0.174010529,0.151780739,0.180538698,0.184350785,0.188081708,0.192207578,0.196199813,0.199381465,0.202369313,0.206177425,0.207936136,0.211727477,0.213380387,0.21617643200000003,0.218725592,0.221182058,0.222311933,0.225219232,0.226688977,0.22772246,0.230235171,0.232124434,0.234309854,0.236335754,0.238631809,0.239601979,0.118713602,0.243616471,0.24567361100000001,0.248053546,0.250191236,0.253135106,0.256971039,0.259327738,0.259903612,0.260998242,0.262303287,0.262547224,0.264433887,0.266385824,0.26872815,0.270486163,0.271860175,0.273231357,0.275392044,0.277435294,0.279240754,0.281620553,0.283603149,0.285681042,0.28730152,0.289643447,0.2911669,0.252512767,0.291739456,0.293210956,0.294456527,0.201406313,0.297132274,0.286500542,0.297223211,0.298510294,0.29880477,0.299329262,0.299452846,0.299504473,0.299425711,0.300130387,0.298985819,0.29846027,0.298983071,0.299000171,0.2977804,0.298132411,0.297271766,0.296164292,0.296215285,0.296844732,0.29780772,0.298749997,0.299300568,0.265668824,0.298947928,0.299115852,0.299372372,0.299845328,0.30006966,0.299851533,0.299974352,0.299089544,0.299275476,0.299022417,0.298013858,0.297374954,0.193745835,0.297328024,0.296968132,0.295636116,0.294965482,0.295500505,25.59
537,1495022554.1355097,43.1,0.178013923,0.12071894372974287,0.091510673,0.09571872627369764,0.109814179,0.1074911061421426,0.1099510875238273,0.10642036018775688,0.11161852395792003,0.115208979,0.11628610240258735,0.1211084,0.124130108,0.12305250689786987,0.11929995980612618,0.13500806,0.124349614,0.12716601130926658,0.145876424,0.14127687966339328,0.1524908639913693,0.1582568725411133,0.161223527,0.164861922,0.169003299,0.171979096,0.1709504909496261,0.180571262,0.184087562,0.1897,0.18238694353944748,0.18815359872179643,0.18968459664206253,0.19922408559010335,0.086,0.090199124,0.09192341092921026,0.2142,0.2077530131406304,0.160871515,0.16727070357595297,0.2123258062055369,0.2066728001943356,0.22710000000000002,0.228180056,0.229742846,0.2326,0.0979,0.10489238680643294,0.10396947654763287,0.23461437828201356,0.24148668829564052,0.2448,0.2464,0.247630962,0.249860584,0.2546,0.25066216932835717,0.259370252,0.23886383380140191,0.24982329845465195,0.165744077,0.16333242066052464,0.264955349,0.2677,0.269856659,0.27123312,0.271757274,0.273606483,0.275808752,0.267911224323359,0.27822485,0.280997428,0.283421856,0.2875,0.2796024376365059,0.291,0.291237356,0.291439108,0.292573759,0.2749457705379036,0.157652957,0.16241284844560863,0.296692708,0.28782216856021436,0.2941554283154363,0.298333282,0.298999275,0.290867907,0.2841532729470814,0.299486541,0.300018885,0.299760935,0.299284977,0.27976347648893557,0.299178777,0.298720954,0.29311873926578963,0.297310867,0.2852755568789838,0.2939021798122744,0.29787407800295707,0.296443498,0.296935154,0.297242727,0.296938829,0.297137544,0.3001,0.3001,0.1484,0.16065413716479712,0.2925736749884774,0.1488,0.295781812,0.28860951347664193,0.2997,0.2970857029158066,0.29619046,0.2984,0.241034938,0.26830763823655074,0.294970562,0.29098483,0.2901291721272456,0.27956097980297123,25.75
529,1495636007.0,31.0,0.093609027,0.068751668,0.06190426,0.05896697,0.057648773,0.05724283,0.057774011,0.057642358,0.058604318,0.059794887,0.061139011,0.075707729,0.063956293,0.066178476,0.06778665,0.068409893,0.070571941,0.07264823,0.074002142,0.0760507,0.077844499,0.079458477,0.081224657,0.08361087,0.085548034,0.087549407,0.089947283,0.09209204,0.093923199,0.095957597,0.097729516,0.099416421,0.101606392,0.102863853,0.10529386,0.106191824,0.107109644,0.108802324,0.109547244,0.110170804,0.111231358,0.112067015,0.112924141,0.114200365,0.11531526,0.116171675,0.116952613,0.11828809,0.11905104,0.120547466,0.122568616,0.12296594,0.123926652,0.125221057,0.12682418,0.127741082,0.128675192,0.129716764,0.131326514,0.132699033,0.133857943,0.135494708,0.136912197,0.138521433,0.140042648,0.141281351,0.142341788,0.143661581,0.14435226,0.145338987,0.146453066,0.147233474,0.148823804,0.150265648,0.15108563,0.152291757,0.153930748,0.155715644,0.156522974,0.157518858,0.157939774,0.158918687,0.160202525,0.160987255,0.1610729,0.160878968,0.161917469,0.162715639,0.163465111,0.164782713,0.16576444,0.166604741,0.16728895,0.167195261,0.167357938,0.167449938,0.168525194,0.168608393,0.169171534,0.169764043,0.17124779,0.172395816,0.172263122,0.172671656,0.172896261,0.172993238,0.173169308,0.174649718,0.176256128,0.177690961,0.177691706,0.177407583,0.178764632,0.179001186,0.179853224,0.181391,0.181986221,0.181508919,0.181306978,0.179825799,0.179376309,0.180695495,0.179707549,0.18053359,0.181788597,31.78
224,1495035732.0,44.6,0.147696354,0.100846276,0.08809559,0.083871742,0.082448158,0.082733897,0.082535981,0.083234714,0.084855707,0.086634172,0.088580163,0.090730906,0.093031717,0.094931206,0.098093941,0.100357854,0.102978889,0.106400594,0.108697631,0.112575299,0.115568522,0.119175495,0.121487048,0.123994844,0.126676544,0.098830534,0.133847305,0.136798146,0.140678778,0.143681956,0.14636003,0.149341921,0.151926351,0.153550427,0.156980939,0.159345952,0.161642452,0.1636953,0.165087314,0.185647532,0.169215118,0.17095593,0.171429526,0.173256731,0.175730886,0.177149348,0.178387487,0.179990499,0.117945972,0.183538338,0.18573938,0.187834073,0.188385476,0.190789238,0.192983941,0.193883015,0.196740238,0.19789083,0.198884174,0.200621511,0.20249697,0.204072162,0.205787096,0.207030959,0.209073633,0.19178617,0.212578536,0.214159692,0.215725858,0.218666447,0.220696316,0.22196066,0.224348011,0.226430568,0.227478055,0.228841753,0.229491918,0.230653692,0.231574994,0.232664625,0.234103109,0.235330228,0.236108419,0.236935079,0.237376981,0.237570735,0.238695199,0.240655369,0.240871861,0.241266557,0.242214165,0.242404217,0.242362399,0.242631352,0.242800442,0.242744909,0.242835875,0.24274596,0.243096603,0.243651898,0.243644927,0.244062883,0.244453749,0.244975086,0.244566984,0.244724732,0.244400221,0.24555606,0.246652637,0.247294472,0.247286115,0.246219437,0.246057232,0.246744768,0.24809225,0.248154945,0.248360723,0.248702256,0.247543112,0.246690583,0.246373984,0.246417213,0.245749113,0.142357346,0.246695007,26.28
343,1495031529.0,44.4,0.134534921,0.088704299,0.077655397,0.075467799,0.073809423,0.073323634,0.072274015,0.072585201,0.073458609,0.074520025,0.075763491,0.094667331,0.106920571,0.082357673,0.085461258,0.087232878,0.088961295,0.091961548,0.094229538,0.097318885,0.100101296,0.102385511,0.105434164,0.107435859,0.097273993,0.11414623,0.116798613,0.11975933,0.122038622,0.125325986,0.128255344,0.13075434,0.133000053,0.135387563,0.165290989,0.139451949,0.141338889,0.142679136,0.14407777,0.146239604,0.14760315,0.148775128,0.150321583,0.152193634,0.153496804,0.154851784,0.156092607,0.157371878,0.159365922,0.161779163,0.162593796,0.164131318,0.165365537,0.166654317,0.196423587,0.169838117,0.171477038,0.173468799,0.175553859,0.177385676,0.178291953,0.180164353,0.182388969,0.183517592,0.185134082,0.186818066,0.188488535,0.190524648,0.192174774,0.194175399,0.196152066,0.197968576,0.200277363,0.201475359,0.203295516,0.20457293,0.205370528,0.206302107,0.207591411,0.208981145,0.209890553,0.2105659,0.211917261,0.213090331,0.213215509,0.214211855,0.214507509,0.215854315,0.215917514,0.216595788,0.216864332,0.21683002,0.216538619,0.217140143,0.21734774,0.217083527,0.217340453,0.217949865,0.218337565,0.219152818,0.219470274,0.219827744,0.219073425,0.220107969,0.220380135,0.22105536,0.221238639,0.221170379,0.221943783,0.221764541,0.221035496,0.221544306,0.220931488,0.22042504,0.221292687,0.222165153,0.222469863,0.223465258,0.223819093,0.223393946,0.223339241,0.22406284,0.224329948,0.225442067,0.224771321,26.9
220,1494750268.0,44.8,0.14352081,0.095543074,0.085649739,0.080865419,0.080883715,0.080258876,0.07953694,0.041029299,0.082166352,0.083179825,0.085325052,0.087658312,0.089877702,0.093109688,0.094798911,0.097749353,0.099300599,0.103075725,0.104518817,0.107880791,0.110872251,0.114310229,0.117482059,0.120787497,0.122618331,0.126276426,0.129586362,0.132729625,0.136032955,0.138927221,0.141501665,0.143600328,0.146654483,0.149475313,0.152562742,0.15414054,0.156190729,0.157787482,0.160115219,0.161518611,0.1637735,0.166228249,0.167305931,0.168800766,0.16947468,0.171231939,0.172985283,0.175252551,0.177278114,0.179116629,0.18061588,0.180468896,0.182485169,0.18421006,0.186036509,0.187602932,0.18972203,0.191685235,0.193209271,0.164696764,0.152645407,0.198628229,0.199347986,0.200100881,0.202460161,0.204187128,0.206383762,0.208590641,0.210531926,0.212351181,0.213968215,0.215957577,0.217779937,0.204318146,0.221437195,0.223020407,0.224231285,0.225366112,0.226077663,0.227594742,0.147315854,0.228995777,0.22976889,0.229563132,0.230450094,0.232076732,0.233666822,0.234334535,0.234589528,0.23448507,0.234821844,0.23567551,0.23521441,0.235048636,0.235441049,0.236342991,0.236981756,0.237934272,0.237166914,0.23665638,0.236385565,0.237093933,0.238072645,0.238438643,0.23875192,0.23893142,0.239888533,0.240343872,0.240953042,0.240822175,0.241800499,0.240746603,0.240149432,0.240125993,0.239618609,0.240560346,0.241677957,0.219966957,0.244412929,0.244119302,0.24423587,0.244175408,0.243619738,0.243646227,0.243859649,26.32
619,1495701027.0,39.4,0.08300322,0.056519097,0.049522593,0.047499904,0.046241423,0.045563531,0.045414348,0.045592857,0.046338391,0.068294466,0.048007521,0.048667366,0.04948281,0.051423087,0.052605472,0.054698676,0.055835726,0.057672392,0.058908858,0.061208559,0.062379031,0.094375538,0.066189357,0.067555556,0.069387339,0.071937052,0.073711976,0.075191586,0.076773812,0.078953144,0.080522181,0.082538068,0.083854527,0.085278047,0.087183105,0.08869991,0.089742053,0.090696707,0.091986382,0.093486066,0.093776153,0.095087488,0.096006639,0.096571888,0.097911205,0.098658685,0.099668953,0.100653098,0.101623817,0.103020332,0.103807424,0.105063505,0.10644636,0.107389686,0.108406815,0.110159427,0.111462305,0.112713496,0.113852129,0.115573702,0.116857348,0.117791134,0.119082015,0.120349078,0.121430884,0.122529978,0.124465076,0.126178703,0.127573231,0.128551258,0.12962902,0.131585271,0.133045901,0.134382689,0.135568882,0.136704718,0.137985461,0.138962056,0.139129313,0.139684433,0.14020549,0.141074617,0.141947448,0.1428679,0.143785409,0.14428151,0.144875134,0.145577185,0.145984996,0.146556174,0.146528186,0.147254093,0.14740533,0.148191832,0.147762865,0.148052854,0.148582453,0.148861041,0.14875024,0.14923119,0.149275554,0.149722084,0.149896943,0.150167953,0.15053142,0.150953075,0.151354077,0.152549546,0.152920854,0.15334574,0.153452163,0.153791783,0.154391911,0.17435259,0.155970063,0.156276805,0.15322145,0.157000747,0.157440629,0.15776764,0.157983807,0.158165994,0.158090652,0.158098008,0.157877418,32.82
387,1495310469.0191278,35.9,0.08925426002911943,0.065512094,0.057747582956568996,0.042184492,0.040351286738483524,0.046117545607641176,0.054419871,0.055009375,0.055324728,0.05652957,0.05951710131780309,0.072618639,0.059877583,0.06127675,0.062431005129753664,0.064543846,0.066312726,0.068725503,0.06990018739638909,0.07384896941008157,0.073480723,0.07759204246728776,0.077848055,0.079302963,0.081850998,0.083171259,0.085750573,0.087831503,0.09010271329083201,0.091571856,0.09210562405124686,0.09788961314938727,0.2,0.098616289,0.09752716177187595,0.101601114,0.102401046,0.1104924343224796,0.105396897,0.11285422646996206,0.107561622,0.108361746,0.109949217,0.11086688,0.12175413408698454,0.112277762,0.13376611,0.114550357,0.115691798,0.116573979,0.11538504363527627,0.119506678,0.118340081,0.12237562,0.123251506,0.124778917,0.126889279,0.11466199191001236,0.1101,0.130726298,0.131826224,0.14399828341029797,0.114,0.135733477,0.137269744,0.138808873,0.140284184,0.14389776634938264,0.142678481,0.1466957756289972,0.14791168385179163,0.146255975,0.148226424,0.149610886,0.150481619,0.151631548,0.15887146039721492,0.1581508128241607,0.154305481,0.15263848561018598,0.153804603557097,0.1355,0.13919677398200264,0.158520339,0.15930333,0.160151335,0.160290545,0.16827962823539228,0.160430094,0.15480493287882507,0.161102617,0.162448773,0.162432463,0.17071210857434924,0.1700083075828637,0.162916996,0.15977638131396765,0.163068388,0.16110440031724113,0.16114631690412404,0.164932057,0.165685977,0.166496196,0.17591029219773893,0.166323434,0.1664688726360952,0.16681783,0.1666048101419662,0.168537867,0.16886449,0.169226585,0.150275732,0.168487178,0.168796156,0.168737325,0.17517281943971463,0.168951919,0.169010381,0.16225846990013285,0.167360739,0.182530996492599,0.2133456508407678,0.16521048,0.164232964,0.163741684,34.62
657,1498217033.0,40.6,0.089646153,0.060016027,0.052536888,0.049635423,0.048539641,0.0481199,0.047891476,0.047831324,0.048302139,0.049196366,0.049636641,0.065949473,0.052318463,0.053686437,0.055378337,0.085491179,0.058520006,0.059966358,0.062131454,0.063583822,0.065436315,0.067170088,0.068651811,0.070302136,0.072236319,0.074482355,0.075824811,0.0782475,0.080400656,0.082260271,0.083861041,0.085990884,0.087519938,0.088870978,0.090554024,0.091963899,0.09321895,0.094245389,0.095594388,0.096660187,0.097574344,0.098540966,0.099587634,0.100798597,0.101222177,0.102641448,0.103663182,0.104086679,0.105224213,0.106530178,0.108001181,0.10921895,0.109609748,0.110540717,0.11193143,0.113335422,0.114399607,0.116202346,0.11779857,0.118649185,0.119703605,0.121311818,0.122343523,0.123828231,0.125433457,0.126840313,0.128146517,0.129362541,0.130722061,0.132214489,0.133577416,0.134441011,0.135966388,0.137713319,0.138756776,0.139777272,0.141251944,0.142116371,0.142790691,0.143436081,0.14371075,0.14472107,0.145294552,0.146481699,0.146757405,0.147745182,0.14825073,0.148491895,0.148925488,0.149395122,0.149266463,0.149653634,0.149862202,0.150343692,0.150467718,0.151020113,0.151552171,0.151508588,0.15109151,0.151379126,0.1518072,0.151842106,0.152024379,0.152282868,0.152167795,0.152544913,0.152420963,0.152296614,0.15315025,0.153527506,0.154168206,0.154662412,0.155610174,0.156610523,0.157099469,0.157573647,0.15810553,0.15833598,0.158479511,0.158942755,0.158731881,0.158302872,0.158207618,0.158626182,0.158583492,30.47
510,1495633727.0,34.5,0.08746198,0.064395291,0.059099072,0.057540045,0.056780426,0.056662088,0.057035389,0.059123251,0.059176595,0.060339352,0.061649174,0.063120067,0.065692229,0.066891645,0.067564843,0.070183318,0.071949852,0.089164806,0.075550892,0.07760524,0.080073937,0.082275436,0.084066156,0.08592594,0.088542052,0.090689617,0.091926429,0.094395936,0.096183801,0.098623256,0.100534739,0.102428742,0.103881514,0.104585198,0.106896487,0.109372932,0.10883651,0.110688683,0.111887056,0.113231528,0.114243435,0.115080478,0.115894719,0.116502219,0.117815661,0.118895267,0.119677996,0.119588633,0.12081767,0.122765376,0.123560882,0.125455129,0.126226785,0.126764545,0.121904394,0.129190839,0.132026886,0.133164116,0.134355805,0.136137297,0.137335009,0.138924419,0.140719193,0.141744936,0.142464656,0.143613274,0.144969347,0.145471388,0.146413327,0.147285428,0.149080184,0.150124163,0.151524795,0.152946644,0.15431543,0.154693321,0.15626753,0.157978069,0.159064963,0.160932076,0.16220317,0.164238947,0.164760148,0.165293521,0.165882201,0.166580349,0.167413276,0.167114156,0.167207612,0.168044539,0.168187268,0.169008499,0.169662237,0.169392142,0.169165027,0.17019544,0.17121448,0.171821171,0.172145516,0.172939637,0.173496068,0.174654785,0.175762472,0.175847543,0.174930543,0.173670374,0.173449397,0.17311375,0.172782998,0.173664393,0.175027575,0.175581563,0.174438652,0.172539769,0.187426832,0.170558694,0.170576253,0.171756854,0.172225073,0.172745968,0.172988745,0.172077705,0.170350114,0.168707376,0.167214825,31.91
268,1495621727.0,33.7,0.097491974,0.069943827,0.063888872,0.06038824,0.05952034,0.059632226,0.058996667,0.059866348,0.060426731,0.061973467,0.062920441,0.063871643,0.064936861,0.066996312,0.068531103,0.070120254,0.072081412,0.074291408,0.075741263,0.077212523,0.079488471,0.081637492,0.083158917,0.085842383,0.087443194,0.089800559,0.09243469,0.093828243,0.096013169,0.097978706,0.100082503,0.101674917,0.103135118,0.105031219,0.107153944,0.108821722,0.110017498,0.110725661,0.112253042,0.113351433,0.114347301,0.115951708,0.116988464,0.11738173,0.118146061,0.11906153,0.120440197,0.121515179,0.123039325,0.124491073,0.125349186,0.126791409,0.127958249,0.129324177,0.131022384,0.132457331,0.134049921,0.135840032,0.136461197,0.138001099,0.139254442,0.14056472,0.141768319,0.142740345,0.143941034,0.146423602,0.147714923,0.148706727,0.149951938,0.151335278,0.15290977,0.15447893,0.155628878,0.156832053,0.157574601,0.158413823,0.159702463,0.160405256,0.160836818,0.161822432,0.162632666,0.163598795,0.164360045,0.165203077,0.166026985,0.167172395,0.167511017,0.168236885,0.167811424,0.167539412,0.167793924,0.16822151,0.168723676,0.16876824,0.168828758,0.168822381,0.169128828,0.169174831,0.169394081,0.169666468,0.170560552,0.17149052,0.17317054,0.173742196,0.175135086,0.175796787,0.176486516,0.176765345,0.176798538,0.176695961,0.176291104,0.175534654,0.174713261,0.173997391,0.173748086,0.173048747,0.173447422,0.153937153,0.173704502,0.174091748,0.17399067,0.172292607,0.1706263,0.170119752,0.168720815,36.96
497,1495247154.0,36.4,0.099527195,0.06933785,0.061504808,0.059328501,0.058802009,0.058122491,0.080693075,0.058333495,0.059425322,0.061167207,0.061477244,0.063094995,0.064981536,0.065960779,0.067453757,0.069265673,0.072289509,0.073793835,0.076287188,0.078457073,0.08013757,0.083217986,0.085692621,0.102001438,0.090012382,0.091871805,0.094748478,0.097033301,0.099503691,0.101498628,0.104131278,0.10603531,0.10822767,0.10982659,0.112052267,0.11408154,0.115821116,0.116502454,0.118277727,0.120295911,0.121530144,0.123132117,0.123236559,0.124554363,0.125986529,0.127164962,0.128707537,0.129490591,0.130950412,0.131954017,0.134013247,0.1358445,0.13694813,0.137754768,0.139679385,0.141628136,0.142350823,0.143921908,0.145756001,0.1478467,0.149301124,0.150586429,0.176451873,0.154692957,0.155654017,0.157445396,0.159592962,0.161292835,0.162644394,0.16463852,0.166307812,0.167996446,0.169973149,0.17148269,0.172769458,0.173161304,0.174222365,0.174846773,0.175694031,0.176938585,0.178609777,0.179964573,0.181425123,0.182248723,0.183257889,0.183888428,0.183849402,0.184418514,0.185402144,0.186030859,0.186753813,0.187052918,0.187173196,0.187424335,0.187537827,0.18809865,0.188591728,0.188914313,0.188841632,0.188523787,0.189874376,0.150164515,0.19163519,0.190868199,0.190535549,0.211556998,0.190781369,0.19129022,0.192313158,0.193255282,0.193055306,0.193527908,0.223093108,0.193237397,0.193424742,0.192766001,0.192549074,0.192650309,0.193338751,0.193514187,0.194320901,0.192869772,0.192266652,0.19114756,0.188252839,30.1
113,1494333487.0,45.18016291832025,0.1844,0.1284,0.11630000000000001,0.074192091,0.073913598,0.099829522,0.074024233,0.07106512770508899,0.0718041042737097,0.1195,0.12043742191918017,0.080265578,0.082736259,0.083970027,0.086698794,0.089395587,0.09208809,0.0940601572557199,0.097236737,0.09810979747562801,0.1015366088806975,0.1592,0.1633,0.111128509,0.114166221,0.11594889818117599,0.073,0.075,0.12497106827418006,0.128760118,0.131121424,0.13689792210670737,0.136601994,0.120400916,0.141250968,0.14815952523758585,0.14536345,0.147657077,0.14019217427389097,0.153088382,0.15884458956099234,0.2235,0.21744268914937298,0.161601936,0.16293762,0.16541628,0.16764385,0.17368519556255732,0.170896643,0.173093339,0.17496717,0.177031096,0.179768759,0.18194684,0.184338134,0.187279321,0.190342301,0.193951154,0.2151131119264749,0.19731607,0.197681055,0.198482619,0.19746606766831834,0.200653848,0.20624326287604317,0.171034389,0.1715130077211476,0.21446802241066665,0.21042680058583635,0.207913382,0.208649938,0.202394057,0.210053652,0.212301425,0.214447609,0.215981277,0.23122516742116844,0.23275790394017049,0.214855876,0.20996080185584096,0.23596067741224,0.24972961913093253,0.213614334,0.21150065040348362,0.214517764,0.215230596,0.216153159,0.216740711,0.21726743660622055,0.217226752,0.217330987,0.217216064,0.21415548835534895,0.21931699410270128,0.217002494,0.217296159,0.2210263696055447,0.216471919,0.21871278992434667,0.21364665548761352,0.2986,0.148356782,0.1462,0.1469,0.216605536,0.21670628,0.217143355,0.217579417,0.20761983245895999,0.218066674,0.22100758117765343,0.2130839852279222,0.21726242,0.21656051,0.216084161,0.22094091076775335,0.214737716,0.215313013,0.215989815,0.216040749,0.23920765989089382,0.2365404335479038,0.142,0.144926874,0.14116642384482397,27.45
233,1495036724.3865857,43.63939431432931,0.160796619374926,0.110010103,0.074098205,0.095555597,0.09208098236030066,0.09182303673122107,0.095438072,0.09213825715730153,0.095419016,0.09316634936491058,0.09983589388788588,0.10698772186362387,0.11502079131892676,0.092748867,0.09140331538734288,0.113760762,0.12276925865393304,0.0576,0.1484,0.085138502,0.086225342395135,0.132204621,0.13952544,0.14834008796070253,0.142981346,0.14725277,0.14765762163773752,0.154056213,0.1550686273981064,0.160838722,0.163780233,0.167605516,0.1696042479533073,0.0853,0.086,0.177704477,0.17818208960052767,0.2142,0.184177859,0.186650985,0.18897566,0.190034156,0.191352468,0.19471835831689427,0.2081633886434916,0.18117878779887273,0.0972,0.200332744,0.20271672,0.20495516,0.206493301,0.209148728,0.21195492803594657,0.211903067,0.213803414,0.215780154,0.22168538937068968,0.21843045,0.220454463,0.22298491,0.224136275,0.2331852440091568,0.2336474942054681,0.22232722367345575,0.231923722,0.2239149454280654,0.237068102,0.24667513739029603,0.2508494854485086,0.26307343129045835,0.256074825877151,0.2808,0.273260347809469,0.24900085,0.251029063,0.25249071,0.27227573375521874,0.2565946305167569,0.2609893928742187,0.258055702,0.259076518,0.27470971430873947,0.26961027210740374,0.26570995456758917,0.224608343,0.22630520678497115,0.263361316,0.27509366923689227,0.27347643119846204,0.2669070582603465,0.26593281790158485,0.1418,0.1424,0.296535839,0.267389848,0.267044692,0.27706064625987886,0.274772662,0.267429769,0.2580439718104622,0.26418467068140583,0.26930618539859086,0.2574924023327038,0.278364836318352,0.27068795288943875,0.2946742282288508,0.2998,0.1481,0.2541491909169483,0.269759848614752,0.1489,0.1488,0.1561251784978686,0.15388726299231303,0.3001,0.2997,0.2970857029158066,0.1488,0.2382623559140407,0.25573011727525763,0.271386704,0.271870756,0.27103629,0.2702572427607443,0.27038697,26.18
588,1495795708.0,37.5,0.082368024,0.058831858,0.052667442,0.050591678,0.049987538,0.049573468,0.048605457,0.049268145,0.049033816,0.046159169,0.051135344,0.052490431,0.053912641,0.05544098,0.056413743,0.057555534,0.059398354,0.061734489,0.063096195,0.064492223,0.066475347,0.06876933,0.070757964,0.071857262,0.0740424,0.076930148,0.078311088,0.079216618,0.081279256,0.083593273,0.08531315,0.086418397,0.08836253,0.090534111,0.091793079,0.093687575,0.094694887,0.096011819,0.096875024,0.098958115,0.099156055,0.100321292,0.101559794,0.10239215,0.103530708,0.105136938,0.105504016,0.106662536,0.107885912,0.10926322,0.110888391,0.111994157,0.112417889,0.11395007,0.115271818,0.116602946,0.117627908,0.118632621,0.120105782,0.121475107,0.122737108,0.124917341,0.126499033,0.127648469,0.129021899,0.130717071,0.131944268,0.133650905,0.137397179,0.135851237,0.137927493,0.139758699,0.140319047,0.141613199,0.142742196,0.143838841,0.144875825,0.145542909,0.145898839,0.146476941,0.14795071,0.149386716,0.165942273,0.150439034,0.151436296,0.162477077,0.15242047,0.153513191,0.154422907,0.153929877,0.154289584,0.154347541,0.154310414,0.154212735,0.154748726,0.154569695,0.155261058,0.156068433,0.156752553,0.157239801,0.157457963,0.15810592,0.158587454,0.159550999,0.160449494,0.160635945,0.16005251,0.159879516,0.160063505,0.160168337,0.161123348,0.161555409,0.161758987,0.161855788,0.161280227,0.160264032,0.159331243,0.158419379,0.157230101,0.15638171,0.155142372,0.1542234,0.152299434,0.150498694,0.180841521,34.89
374,1495026614.0,42.0,0.111142126,0.074993459,0.066404026,0.063973406,0.063251285,0.062702599,0.0595927,0.06234192,0.062798366,0.051458071,0.064580611,0.065939564,0.067774707,0.069379768,0.079988379,0.099108307,0.075914056,0.077933776,0.080582337,0.082533789,0.085048783,0.08740925,0.089481787,0.102538344,0.105604448,0.096842027,0.098792632,0.101313216,0.104827026,0.106906745,0.109314999,0.111716512,0.113737917,0.115385943,0.117548261,0.119415131,0.12055096,0.12295486,0.124177402,0.125381299,0.126979837,0.128139312,0.129191538,0.140171085,0.131720302,0.132222871,0.133895025,0.135429496,0.136909447,0.137767622,0.138727134,0.140747422,0.142457688,0.144213285,0.145399716,0.14663002,0.148248128,0.150039352,0.151128051,0.15279286,0.15406082,0.155375351,0.156659186,0.158030774,0.159498741,0.161192571,0.163515393,0.16543554,0.167153085,0.168747298,0.169572344,0.170868399,0.172703334,0.200806079,0.175550359,0.176912449,0.178129807,0.179385998,0.179941755,0.180803385,0.181328316,0.182235963,0.183322738,0.183653481,0.1847489,0.185717445,0.185827514,0.18637264,0.186631133,0.186750108,0.187097469,0.187112662,0.188026671,0.188237837,0.188185781,0.188508974,0.188411579,0.145846783,0.189097262,0.189402047,0.189021123,0.188848117,0.189102837,0.189486996,0.190435252,0.191135852,0.191434872,0.191526706,0.192558578,0.199313176,0.19333003,0.193799773,0.194029567,0.19461401,0.195235871,0.194794212,0.195049797,0.194733456,0.194705516,0.195567374,0.196068507,0.196203623,0.196278424,0.196678254,0.219632089,27.9
234,1495037206.0,43.2,0.163578558,0.110258914,0.099451363,0.096685903,0.094363501,0.09533171,0.09611632,0.094817178,0.096696701,0.098628554,0.100894368,0.10290968,0.106543464,0.109027693,0.11113428,0.115343885,0.117408414,0.120507825,0.123687189,0.126169136,0.125635405,0.13412875,0.13654825,0.139967962,0.144399638,0.147590314,0.15142693,0.155658373,0.180297065,0.161642186,0.165631263,0.167866917,0.170498683,0.173142444,0.176383772,0.178852334,0.181519935,0.182735852,0.184970417,0.186295475,0.189357387,0.168388384,0.193232304,0.195491335,0.196881677,0.19898456,0.200107565,0.201696304,0.203452126,0.205235987,0.207376312,0.208843417,0.210320594,0.213224368,0.214295575,0.215797345,0.218021524,0.220660419,0.222310666,0.223069469,0.224781084,0.226681557,0.229538367,0.175496218,0.231783925,0.234445517,0.236957964,0.2394733,0.240895483,0.242607959,0.244189958,0.271056043,0.248144027,0.249714625,0.250897626,0.252936686,0.25494616,0.256591417,0.257990308,0.258224582,0.259628874,0.260699818,0.261770373,0.262749868,0.263262727,0.182873036,0.265605412,0.266053889,0.266873258,0.266463019,0.266726329,0.267538835,0.268442073,0.268572468,0.171288012,0.268055409,0.268180269,0.268630872,0.269702802,0.270090183,0.245296202,0.271252828,0.270497245,0.27023959,0.271166052,0.270883042,0.272083084,0.272181406,0.271802052,0.271305334,0.271836348,0.271496783,0.271604603,0.271964257,0.272025973,0.272102169,0.271891435,0.271114153,0.270105605,0.224270713,0.271571496,0.272685734,0.274369802,0.275230338,0.275746287,26.15
538,1494920714.7851098,43.0,0.1832553109957715,0.123978989,0.10607889455158553,0.11087026,0.10872417299999998,0.10652803727118182,0.10893618884744952,0.111901443,0.1166,0.1195,0.118212236,0.121029735,0.1264,0.068400478,0.0689889007364164,0.1369,0.0558,0.14250917,0.136749162448364,0.149311489,0.1556,0.1592,0.1624994167504633,0.164333546,0.167722421,0.172305656,0.176291865,0.180514208,0.183649283,0.18721207,0.1814042195500984,0.19424365,0.19563602066806213,0.151505155,0.15743317199736342,0.2094,0.20942605171306666,0.212175534,0.215063792,0.217916939,0.219936757,0.21254697579776244,0.223291506,0.225989632,0.2287,0.229205354,0.231626658,0.2343,0.2368,0.0997,0.1009,0.242109075,0.24466389927049187,0.2464,0.247362204,0.24082191948127152,0.11039857,0.1093,0.11925635787932665,0.23793450754630618,0.1119,0.263,0.262803922,0.264508622,0.2677,0.267831126,0.270020807,0.274,0.2749,0.2761,0.2681819145912593,0.19371467,0.18352691243530603,0.1835755445482332,0.1877546857468705,0.1306,0.216721949,0.21780299723628477,0.291766774,0.29261553,0.293571754,0.294140693,0.2969,0.2921289629793765,0.2982,0.259034361,0.2598578923042823,0.2714630100437053,0.201980715,0.19600850515242058,0.1415,0.298811864,0.298069369,0.298134262,0.27878117811810327,0.297816604,0.297548302,0.2920474171450637,0.296617677,0.28464383101490587,0.297154822,0.296946283,0.296927811,0.2996,0.297446385,0.2975983241866258,0.2998,0.3001,0.27710189267924334,0.296832181,0.296189008,0.295490672,0.29730538199376916,0.3005,0.257869058,0.26133252177273564,0.296529363,0.297815667,0.297224816,0.296931012,0.2989,0.295094997,0.2939771583635853,0.295167077,0.2843626848504577,25.73
359,1495024814.0,40.6,0.114652328,0.08130921709581665,0.09665892256451485,0.064595335,0.06207289222179385,0.06653983631015387,0.063001598,0.062432806,0.063284572,0.064688332,0.065393682,0.06849009871825305,0.067873731,0.0677022149802545,0.06834610022669957,0.07399737,0.07688834917235149,0.078276219,0.07855326200723078,0.082771942,0.085251814,0.086868872,0.08885293028889739,0.092010197,0.0937943172374902,0.096323527,0.09968089426819556,0.075,0.104988699,0.107139393,0.109138876,0.111180729,0.11446385295933152,0.115230911,0.11725355,0.119258247,0.120507289,0.1309181295259974,0.0907,0.124890561,0.126356336,0.127928898,0.1253295421265807,0.130534948,0.1420221499712588,0.132539987,0.13044606602897907,0.134988624,0.136803748,0.138287007,0.136718774226793,0.14254373868077144,0.141726298,0.143387016,0.1505417546718405,0.146174254,0.148604804,0.150218343,0.151592705,0.13936677604560657,0.2621,0.155506803,0.157695746,0.158620351,0.151895631,0.162588057,0.163924455,0.16900198773536482,0.2328902507616333,0.168815628,0.170680349,0.17659048375988995,0.139385521,0.14872040600376205,0.177148486,0.17605908695601205,0.179611506,0.1795367864761384,0.180883297,0.181632432,0.182489325,0.183490243,0.18949006236849417,0.184976472,0.185733568,0.186067135,0.19401384916243877,0.187791181,0.18938155002251075,0.18351457384061343,0.17760515399438478,0.189228586,0.18691876498784285,0.189648857,0.18617350672198815,0.18702997270307986,0.191035455,0.1947384378975156,0.191207153,0.191407486,0.19146505592014462,0.191652834,0.191446119,0.191337731,0.190983937,0.19113059820502487,0.191590199,0.19252047810311065,0.1865202881005535,0.2996,0.194511129,0.194911069,0.19563596,0.196064614,0.1888625853403332,0.197824008,0.198712131,0.1994121313319163,0.19912258,0.19067535094459762,0.199315427,0.199388067,0.200561617,0.201396547,0.202632808,28.33
283,1495623527.0,33.0,0.09717418957407259,0.070438142,0.061265882,0.057281152,0.056719421,0.055810664,0.05548934142632114,0.1147,0.058006941,0.058339751,0.06126834879803344,0.061808718,0.06347832642597491,0.064173583,0.057818179,0.067326092,0.06908568,0.07045574140915782,0.072563244,0.074109518,0.075127917,0.07925368073248285,0.07948145,0.08417098724471532,0.083383702,0.0821859379650779,0.088020929,0.09019975,0.092205717,0.094089716,0.100111306,0.1058937580158565,0.10102251665981114,0.17659588898364584,0.18585287316072874,0.2094,0.10504188107980826,0.105705937,0.09759930215410104,0.108035962,0.109541871,0.10428310949408344,0.139483641,0.13819501863076927,0.14991588072402487,0.2307,0.16487017580829105,0.115855962,0.12329129045566975,0.12168279303661211,0.120090974,0.121155478,0.12463276837894552,0.11685835182195575,0.124988313,0.13482051889649557,0.127888529,0.12956303,0.14220168338498942,0.131600258,0.132680332,0.1448234947033041,0.14152033839635675,0.136674781,0.13771693748956526,0.140092629,0.13953060859212452,0.14309752493631517,0.14134834513463312,0.145304374,0.145956691,0.147517634,0.149443204,0.150660029,0.151153638,0.15167577,0.15892118283865694,0.1582020838214843,0.153599061,0.154711175,0.156143855,0.1634757010405119,0.16851502519912476,0.158714996,0.160129979,0.15709769968425505,0.1678724586602871,0.161593113,0.161558405,0.15592381973819577,0.161547857,0.162522618,0.16092917554797012,0.163164251,0.1635894,0.164713867,0.16180028756113582,0.1680295067053278,0.166313128,0.16589319437803118,0.167647788,0.168306597,0.168858229,0.16922921,0.17040556862415543,0.17055120963612913,0.168576254,0.168606988,0.168856069,0.170378959,0.170369743,0.170214015,0.170249785,0.169523493,0.168826155,0.168223485,0.166620708,0.17160064432179545,0.164775707,0.16022926219497344,0.164661426,0.165141812,0.165102689,0.16420407,0.15953981748216323,35.75
385,1495625416.0,35.9,0.104534941,0.07501639167184115,0.06560425419367753,0.062936603,0.06046517393531339,0.055284648,0.054984025,0.055628844,0.05442091557313367,0.057347889,0.05799261,0.060217584698096,0.061151778,0.06108852813002433,0.062257733582301085,0.065526671,0.06711445025385067,0.069299281,0.07042003782897023,0.072935051,0.07482348,0.07894657412054691,0.07778697909522413,0.080813252,0.082804284,0.08155041925127507,0.08809528347637327,0.088554041,0.09081151732556832,0.0939736443029385,0.094559178,0.10034269601843335,0.098255634,0.099688165,0.097101075,0.103239246,0.116869519,0.105595013,0.09748668133504783,0.108251126,0.109093601,0.10591677,0.10411385725618415,0.111441218,0.113253528,0.114706125,0.115121731,0.116595462,0.117743158,0.11634139726740647,0.119940567,0.12558602818611023,0.12902952847951998,0.123761343,0.12529589,0.124189165,0.128759398,0.129883322,0.131038075,0.12039134688447525,0.133426381,0.14554430291483697,0.25313414656132344,0.13979884566075054,0.139139498,0.119216956,0.1192,0.12150792052744672,0.144895474,0.145914291,0.14718536029391943,0.15054207633103853,0.150129214,0.1513703,0.152590063,0.153624602,0.1611124153699844,0.155775444,0.15331389902410453,0.156553809,0.1571940766546201,0.1355,0.13919677398200264,0.13945749365828378,0.14778256947416404,0.161186448,0.162127423,0.162714165,0.163212211,0.163483173,0.163687393,0.17152440621162646,0.164137287,0.163960386,0.16424475528268964,0.165252066,0.16581471,0.17169703940956887,0.165799857,0.16542543436132412,0.146881128,0.1550945676952039,0.166555369,0.167141063,0.166750519,0.168224583,0.169044009,0.16893373216739188,0.170263949,0.16900030682597353,0.170187336,0.1590825419895607,0.1488,0.1496,0.170067434,0.17645857695449865,0.17066702,0.170207953,0.170414733,0.16522786238944934,0.171077133,0.17101073,0.1687608282322603,0.16837456101186316,0.169379538,34.66
225,1495035852.0,44.1,0.146915964,0.100308368,0.087726801,0.086407251,0.084578079,0.050654695,0.083131973,0.085580568,0.085018156,0.088335623,0.089554651,0.09231836,0.094076564,0.09649817,0.098808867,0.101661365,0.104235308,0.107812035,0.109460534,0.112550265,0.116209617,0.11885652,0.122768987,0.125289654,0.12765444,0.131766452,0.135323766,0.137977886,0.14208985,0.144716621,0.147999032,0.150827818,0.153342613,0.156214894,0.158074055,0.16019049,0.163145357,0.164617847,0.166683899,0.168788211,0.170343948,0.172213734,0.124909824,0.133310531,0.17733862,0.178559645,0.181083322,0.182176301,0.184082842,0.185220556,0.186259668,0.188636918,0.103721072,0.19268838,0.194332098,0.195757073,0.196448979,0.19884032,0.200687433,0.202818021,0.204956879,0.206476121,0.208633316,0.210209143,0.211476335,0.213019537,0.214339568,0.216535919,0.218420096,0.219429315,0.221135141,0.222885003,0.2251838,0.22742813,0.229364074,0.230917547,0.233371924,0.234715448,0.234798497,0.235313513,0.236342325,0.236688689,0.23776133,0.23882964,0.239689304,0.240623189,0.241810098,0.242695596,0.243413459,0.244830376,0.245905253,0.245708575,0.245177532,0.244177222,0.243738033,0.244381583,0.244057081,0.243877572,0.244660601,0.244221316,0.244939308,0.245534036,0.247131063,0.2476046,0.249051103,0.248334586,0.246892373,0.246494811,0.246171084,0.247160727,0.247890828,0.248684038,0.248746922,0.24965709,0.250454568,0.248972251,0.249185798,0.248095038,0.24793067,0.248657615,0.250208805,0.251453449,0.252232782,0.252517116,0.252027455,26.29
644,1495803131.0,40.6,0.102471664,0.06736838,0.055898538,0.052504676,0.050655269,0.050088718,0.04954884,0.049370467,0.049613257,0.050613239,0.050801033,0.051980105,0.053543996,0.054752034,0.055849159,0.057626112,0.05906716,0.060998069,0.063158036,0.064399016,0.066352303,0.067960224,0.069128576,0.0709712,0.072401298,0.074653406,0.076296157,0.078391273,0.080116371,0.081936944,0.083713903,0.085609441,0.087466603,0.088968551,0.090084173,0.091395257,0.092480578,0.093881519,0.094870593,0.096138603,0.096936517,0.097539438,0.098168035,0.099327945,0.100908945,0.101143099,0.101973528,0.102475345,0.103471575,0.105314507,0.106460531,0.106952477,0.108331559,0.109730788,0.111199669,0.112099428,0.113511498,0.114902648,0.116163262,0.117170672,0.118306383,0.119615774,0.120964329,0.122341858,0.123806156,0.124828092,0.126088219,0.127260887,0.128671659,0.130280276,0.132060637,0.133346825,0.134996529,0.136425441,0.150296172,0.138568762,0.139451775,0.14032877,0.140963568,0.141529337,0.14196166,0.142943189,0.144177072,0.145229598,0.14591685,0.176007232,0.146973548,0.147491288,0.148216084,0.148388503,0.148323187,0.148455673,0.148523833,0.148793422,0.148651735,0.149424232,0.150292944,0.150358783,0.150568726,0.150962857,0.151249054,0.151982481,0.15273305,0.153386072,0.15447768,0.15463617,0.155094643,0.15537148,0.155609157,0.156396311,0.157537607,0.15850517,0.159819934,0.160680186,0.161459015,0.162104807,0.162832873,0.163707999,0.164504163,0.165728208,0.166935318,0.168613085,0.169806888,0.171104622,0.172093747,31.46
560,1495418548.8787634,33.4,0.077198711,0.060501508,0.071161484,0.07204762919596584,0.05256685,0.052016561,0.052193195,0.051619476,0.0499058650696842,0.10932975871507777,0.0432,0.055399789,0.05616670001249638,0.081623821,0.060573598,0.061360011,0.063383892,0.06460472949253963,0.066626692,0.07094378532003594,0.070542085,0.074627635513185,0.073623111,0.07791017171064779,0.08045903019060846,0.07897809204624227,0.073,0.075,0.07751511084205974,0.0784,0.089658858,0.09544331687457848,0.093322879,0.094683604,0.095477311,0.096830858,0.095873218,0.10312837624212637,0.100811695,0.10885332669473044,0.103731956,0.0985853468205866,0.14424776057096186,0.14338665230343348,0.106863252,0.115059889,0.108939826,0.109884196,0.11177206,0.11059279666178842,0.11390957,0.115085181,0.11860876717658722,0.10984216858287485,0.119181512,0.12979061395609387,0.120821864,0.1093,0.123730887,0.11364556609148267,0.126400117,0.1387557557984977,0.114,0.130312002,0.132667883,0.13412950669457652,0.13504617,0.136439594,0.137483098,0.138407477,0.1402084145544218,0.141138007,0.129351489416301,0.143976066,0.14566849920483851,0.145878102,0.15240238659175825,0.146923406,0.1472297,0.14593993052781207,0.1480057026788067,0.151326408,0.1557826891995246,0.151601132,0.152991213,0.154368077,0.154986018,0.1627824542162752,0.16529167641510037,0.156189528,0.15634792,0.164236690689404,0.156072085,0.155963681,0.156205612,0.157485461,0.158200333,0.158213477,0.158750255,0.158677365,0.158902369,0.159494698,0.15960331,0.159404963,0.159472598,0.159222494,0.159459239,0.16000715,0.15914417248074303,0.15696351190519678,0.1489,0.1488,0.1488,0.161366455,0.161598606,0.16827213566103078,0.161743256,0.16737368333784383,0.162941645,0.161961741,0.17624510640477717,0.15883211258864166,0.159163804,0.157524399,0.155699049,42.5
348,1494977233.9607131,44.49993689114762,0.1331964322650355,0.092843303,0.081579282,0.078875329,0.07591371007822335,0.076476263,0.075586763,0.094131104,0.09777928237731398,0.09535956820145693,0.1209,0.081886818,0.083932034,0.08350187727901076,0.088755135,0.09473434211375306,0.1407,0.096137837,0.09473612339943979,0.09924167689360829,0.10287267492211812,0.10724173279068965,0.110653196,0.11316068,0.115570864,0.11748954226318957,0.122426486,0.125726525,0.108302087,0.131711877,0.13367087,0.136618525,0.138477914,0.13697191197493228,0.14097169964760267,0.1478695957158994,0.1464004779967523,0.1601282967757545,0.151385319,0.15304288,0.154931153,0.14879621454922143,0.157492299,0.159408836,0.1717767969769919,0.2307,0.2326,0.1686974133070058,0.166402831,0.168322006,0.16622910217287562,0.1760085390132193,0.17906748639960682,0.18025873030314565,0.18454595351083625,0.18640990007971897,0.1081,0.1093,0.11925635787932665,0.16966336235601065,0.1727961709872684,0.131057577,0.127167806276175,0.191700956,0.193303727,0.18897984004892346,0.197076444490617,0.20420695148380086,0.20049526086022545,0.21066733016290087,0.205642864,0.207162876,0.208516965,0.210228004,0.212012007,0.20877169460414782,0.1312,0.1322,0.216472697,0.21149142646488958,0.160151337,0.1678063798840213,0.17305353274504187,0.199786248,0.18869213854409597,0.22557859109669273,0.22886456814286843,0.23934408665125256,0.226371196,0.22019526632432357,0.22107976260179435,0.23531050228826517,0.23176454945574138,0.23241936394713525,0.1423,0.228342702,0.228504322,0.223325006,0.22610547161626304,0.22038383898662428,0.16849159373566158,0.231006503,0.2178307190240516,0.232306505,0.2283659409516375,0.23203641105079298,0.174316983,0.17445006543982733,0.231767496,0.24287586672767936,0.187077325,0.17702979468563998,0.2333270396674502,0.23481501361481383,0.234267228,0.235719079,0.23394163211858626,0.2994,0.2984,0.2220310424519959,0.2461819773907419,0.232265004,0.23057394588672198,0.2299502907621454,0.22220355728282223,26.82
669,1495806490.0,41.4,0.090965971,0.061766631,0.053362405,0.050658109,0.050002385,0.04884406,0.049217364,0.049084761,0.049282061,0.050336786,0.051334478,0.051928543,0.053517745,0.054506493,0.056344955,0.05829441,0.059797972,0.061230578,0.063778639,0.064887545,0.066861743,0.068636249,0.070495762,0.072540246,0.074039642,0.076384071,0.078748417,0.080602602,0.082398847,0.084350386,0.086313982,0.08858626,0.089939111,0.09153026,0.092922609,0.094663944,0.095874184,0.097226532,0.098342314,0.099016476,0.100267435,0.101145467,0.101945067,0.103096613,0.103699036,0.105493158,0.106314506,0.106770703,0.108183307,0.109538007,0.110290053,0.111045735,0.112775631,0.113648079,0.115097348,0.116672048,0.117798669,0.119012129,0.120508345,0.121895125,0.122966277,0.124207135,0.125661457,0.127335815,0.128414427,0.129567062,0.130766418,0.132318526,0.133775002,0.135372846,0.136720459,0.13847207,0.139842662,0.140543251,0.141850443,0.143410744,0.144371715,0.145018931,0.146212814,0.146812266,0.147508193,0.147707178,0.148389076,0.149057463,0.150127286,0.150651973,0.151340251,0.155013743,0.15264802,0.153139895,0.153386396,0.153737561,0.153978849,0.154085422,0.154341213,0.15461762,0.154958195,0.154967879,0.154808869,0.155141968,0.155220145,0.155468929,0.155367184,0.1554756,0.156127865,0.156775983,0.157243261,0.157117433,0.15739222,0.157409068,0.157904272,0.158314358,0.158599947,0.15861754,0.158741439,0.159408766,0.16081009,0.161295536,0.161897341,0.161688476,0.161924571,0.161329373,0.160638948,0.15997683,0.159898359,30.24
577,1495677921.4190412,35.2,0.082777118,0.060447764,0.071465911,0.07240175245218419,0.06963922607788188,0.050303275,0.04968555939687887,0.051088169,0.049307546846503826,0.052573738,0.066615119,0.054568572,0.055218406128677046,0.05,0.058449785,0.06251368137295966,0.061552623,0.063132016,0.065287892,0.06975561793661958,0.0624,0.09689368652090095,0.09941941080334651,0.074126537,0.07688060717989686,0.07505319708403903,0.080100943,0.07772780942716696,0.120088628,0.12431137694206487,0.088626048,0.089313403,0.090615233,0.092728693,0.09085841628999061,0.0868,0.096488746,0.10382275482288611,0.099531121,0.101156771,0.102267051,0.09714871977368163,0.09566305274835195,0.17730043405850987,0.1902141541004739,0.106998978,0.10813603,0.10673875873391403,0.110346783,0.10922062889207948,0.10816014666800497,0.113751765,0.11728552062254814,0.1083009769426763,0.117314414,0.11879432,0.120060325,0.121802214,0.123100288,0.11306341566340003,0.124981952,0.13738557102871915,0.128789067,0.130394033,0.13098979060700022,0.1332816500308069,0.134476361,0.135720871,0.137451552,0.138571769,0.139816797,0.14080477,0.142533391,0.144192692,0.144655343,0.14557061626443246,0.1522375206394322,0.147568858,0.148383155,0.149338694,0.1509479928057973,0.26438936795594503,0.151641687,0.152291871,0.153274818,0.14973974929357747,0.1612328037149378,0.155712562,0.155964855,0.15564192,0.155753966,0.156039431,0.15461989784674918,0.156723325,0.1580668978376108,0.156927836,0.15719419,0.16382142604076022,0.157809281,0.158297531,0.159110542,0.16673023329668177,0.160956189,0.17037237496632743,0.161458594,0.161071314,0.16344957115263348,0.16308109878858137,0.161368907,0.1583159440509422,0.16131063,0.161947133,0.161709401,0.161775045,0.1545627930931824,0.162340942,0.16152325793331734,0.1488,0.1471,0.1454,0.157136443,0.156665784,0.155015342,0.15468186312441412,0.154744407,35.79
243,1494837519.6278784,43.63991369588856,0.1844,0.127891598,0.10931322954968088,0.100121213,0.099565002,0.099172787,0.099011537,0.100028518,0.10075516,0.10337022,0.105224666,0.106931987,0.110887833,0.113007637,0.11005294642033442,0.11737818408541781,0.12694321381494467,0.1253267365370475,0.06941305038183586,0.13144398,0.1408841476572228,0.139096499,0.14390254760209825,0.15212899591292584,0.15065247344399293,0.153316401,0.1533697263976002,0.160134428,0.161031307998981,0.167961453,0.16343005378143632,0.16920034866613562,0.0836,0.180078403,0.18979743722595405,0.185269644,0.187822395,0.20685645851829537,0.191678893,0.18814112078845346,0.195920384,0.18899420546770127,0.147200124,0.14660394967891519,0.203454663,0.204933867,0.20717537623535115,0.148408126,0.1566464584500192,0.212901586,0.214310691,0.215900828,0.21865553239162194,0.22636711830419773,0.220639074,0.222628922,0.22878215579153505,0.228219514,0.25391770703121663,0.23383020484271802,0.233900239,0.24261886757585463,0.2359512405516585,0.23017310399372476,0.240048928,0.2312648927244655,0.244294556,0.245850841,0.247142724,0.2590854475449708,0.251944256,0.25381839,0.2454582764706354,0.23247808711676965,0.259159116,0.2530100513226471,0.261057294,0.263530956,0.264742538,0.266209406,0.267465513,0.268004169,0.2780598004503081,0.269087996,0.25958405183253386,0.24781664790014946,0.24973527115243283,0.272451724,0.2709315544686377,0.27373621,0.2743785103026191,0.273684095,0.274222691,0.275447011,0.275466937,0.2884803017804501,0.2994,0.1436,0.276695677,0.2664882854009164,0.277418523,0.2792942617040933,0.2664667668439177,0.277732671,0.277312579,0.2774635200331959,0.244774433,0.2481592807187107,0.2333679774088268,0.280863548,0.2754095986923893,0.2708914092300039,0.2826017520381061,0.277644056,0.27046634980405354,0.278955242,0.2766122797866959,0.190328683,0.18670436890967493,0.17966747966130484,0.2515177634531031,0.24885071533952893,0.24731097433331234,0.1405,0.211568093,26.08
160,1495410452.955394,33.1,0.07274296273633274,0.055242376,0.049258181549996095,0.047857669,0.047591237,0.05251436427118152,0.069174092,0.047458377,0.048046225,0.066932919,0.06958175160537482,0.051185776,0.052827846,0.052898664319520144,0.055250618,0.056478393,0.057381521,0.059443445,0.060960613,0.0659152147645681,0.0624,0.06641415246597203,0.066242396,0.069999708,0.07297760359096328,0.07398574,0.07863809343689518,0.16111366958092913,0.16199193620613983,0.12003898399596483,0.090361838,0.084258346,0.086045189,0.087780544,0.086,0.2094,0.091544474,0.092972492,0.094401125,0.095032818,0.09599293310505802,0.0933,0.097823605,0.0945,0.099493941,0.100680661,0.101101055,0.10242168,0.120880595,0.104837234,0.105569432,0.107083536,0.11066814761532948,0.1038,0.110240813,0.128033081,0.113141707,0.1093,0.115646627,0.116897967,0.118111311,0.11905363,0.120145567,0.121027706,0.123810173,0.124701222,0.126269137,0.127944091,0.128523678,0.13146708474377977,0.130781984,0.132138837,0.128141668,0.13984198053176375,0.135590165,0.13706471661148256,0.138210887,0.139024597,0.139326822,0.139758389,0.1403188,0.141237096,0.136719153,0.13705892486997034,0.143260752,0.1389912051183245,0.1388,0.14600860093537738,0.14607944,0.146191199,0.1415,0.14949347723842218,0.147097549,0.147167452,0.14990960564990125,0.14582890465207063,0.148011192,0.148637542,0.149311558,0.149392392,0.149391363,0.1574829286617331,0.149393103,0.15881365072505974,0.16083493479189462,0.150397618,0.1519036958685271,0.150160555,0.150380576,0.1484,0.15107194,0.1488,0.24623400986438432,0.1497839302828041,0.151793682,0.1587941494847955,0.1496,0.15684993664999605,0.151847473,0.151872191,0.151633575,0.151979223,0.151083715,0.150299435,0.149734824,34.81
541,1495041984.0,42.6,0.182011356,0.124153254,0.113765075,0.063648738,0.1104703,0.110151715,0.111495361,0.11324609,0.1140323,0.11586903,0.118540032,0.121635868,0.124222381,0.08453387,0.131501845,0.13553279,0.139042926,0.141884986,0.145471408,0.149872893,0.154274827,0.157390363,0.161388408,0.16493015,0.168730761,0.172514125,0.176788903,0.180595334,0.1844728,0.187983266,0.192398093,0.195281117,0.198569294,0.201488908,0.205904404,0.207567168,0.21077425700000002,0.120722307,0.214760823,0.217969863,0.220520801,0.223255055,0.223944923,0.225627221,0.227510035,0.22961088,0.231906068,0.233704833,0.23578291,0.237598942,0.240149794,0.24203558,0.244331299,0.246427119,0.248366913,0.250964086,0.253841536,0.245830883,0.259685583,0.261125864,0.261511385,0.262061679,0.263483557,0.11732007,0.26678303,0.269320576,0.271659104,0.272285802,0.273265534,0.275572696,0.277554595,0.279604187,0.282284865,0.284229998,0.140901538,0.288722785,0.289978834,0.290883335,0.293147931,0.293667779,0.294565029,0.295068614,0.296059342,0.144498635,0.29773594,0.141513196,0.297858083,0.298281977,0.298864197,0.299368382,0.29999413,0.300415121,0.300907193,0.299909015,0.299007133,0.298009297,0.297465139,0.211697928,0.298207752,0.297864867,0.297708809,0.297698887,0.297250152,0.297357724,0.296504017,0.295980065,0.296365049,0.29651545,0.250553473,0.297908917,0.298015816,0.298269236,0.298829364,0.299553821,0.299379641,0.298390132,0.29747009,0.297173677,0.296723433,0.296660472,0.296144698,0.296647031,0.296047754,0.294333707,0.291878316,25.63
171,1495469578.1679404,46.58857658,0.08237246,0.058820836,0.05221629426130568,0.049110644,0.052997059,0.05729064888810565,0.05704897516518247,0.10810368867360914,0.049087815,0.076831244,0.0791578198078093,0.07466899740326197,0.11960270161776204,0.11859802052228004,0.055654148,0.05954135895030461,0.05730529666421165,0.11792592562398353,0.061783402,0.063686043,0.0624,0.066832745,0.068228366,0.070270848,0.072101467,0.0708,0.0755257,0.077655878,0.0801205060491871,0.0784,0.08207218180001596,0.084511961,0.085718003,0.0853,0.088617754,0.0935170194583028,0.091568161,0.09251007,0.094178704,0.095120609,0.095941297,0.0933,0.0938,0.098720946,0.10923770475384686,0.10128733943849068,0.09732180069719318,0.102557896,0.10966518481704164,0.104214753,0.1032417166979339,0.10870852362388717,0.107495905,0.1038,0.110070619,0.12189867384790502,0.11200865500000001,0.11360842,0.12413510006719825,0.1111,0.116799471,0.117836384,0.114,0.11980817997825258,0.119313132,0.12204898639680845,0.124624419,0.125681527,0.126757835,0.128112652,0.129017525,0.130399773572076,0.13179727,0.133399105,0.134721083,0.13624925283546127,0.1411822088124996,0.1322,0.1331,0.138165583,0.138822371,0.139940287,0.14385014976527985,0.141389162,0.14232613,0.1384,0.27571977215951055,0.144271107,0.1474604601920832,0.145131222,0.1415,0.145563351,0.14442483514992943,0.14536213,0.14836850741147758,0.146434438,0.146779912,0.146537967,0.146803531,0.14811348459768528,0.147329884,0.147735563,0.147821055,0.147986049,0.148464642,0.148658852,0.1500228501535803,0.149284122,0.149891819,0.150126498,0.150225004,0.150692161,0.15794626003894305,0.151982294,0.1499,0.156963610888251,0.153227188,0.15999337756083584,0.152762705,0.152326525,0.152176411,0.14950792459217224,0.24290977537647787,0.153950751,0.153492381,34.32
579,1495794628.0,35.8,0.083772893,0.060529759,0.054392638,0.051822392,0.050822221,0.049990461,0.050717721,0.050769643,0.050906829,0.051720286,0.053196319,0.054357803,0.055138695,0.056908147,0.058651866,0.059252185,0.061562357,0.063366175,0.065007484,0.090571842,0.068537432,0.070478043,0.072631342,0.074145496,0.076388032,0.09821779,0.080248412,0.082012349,0.084266396,0.086013293,0.087797716,0.089238805,0.090419033,0.092268476,0.093905817,0.095686335,0.096605011,0.097954592,0.099370144,0.100475697,0.10141931,0.102786677,0.103821973,0.10447617,0.105819274,0.106856598,0.107804644,0.108692597,0.109682101,0.111024972,0.112641568,0.11336286,0.114098434,0.116020815,0.117391164,0.118629096,0.12043191,0.121820211,0.122681863,0.124008739,0.125657581,0.127207555,0.128850152,0.129444062,0.131104743,0.133218969,0.134589094,0.135883305,0.136938871,0.138716432,0.140162077,0.141643783,0.141951525,0.143398433,0.145038013,0.146365628,0.147035423,0.147389287,0.147777104,0.148482037,0.149758541,0.150590315,0.151163247,0.152101458,0.153127104,0.154443885,0.155054735,0.155829558,0.156154938,0.156384327,0.15564598,0.155781319,0.155971498,0.156325275,0.156512135,0.156639164,0.156758933,0.157257364,0.157799892,0.158364826,0.158549062,0.159307351,0.159492467,0.160131782,0.161356083,0.162119201,0.161962288,0.161889679,0.160820615,0.161360734,0.161545436,0.161777345,0.162250144,0.162127522,0.162427332,0.161714151,0.161758175,0.16144203,0.161105637,0.160243432,0.160148274,0.159082009,0.157606738,0.156726795,0.155978607,35.61
571,1495820875.5231504,34.8,0.081523043,0.062554716,0.055302883992783644,0.053600188352611516,0.052211358,0.0565964470442784,0.052091671,0.051894224,0.052782162,0.053117188,0.055152561,0.05704313305508631,0.056716998119021304,0.0567251763805411,0.05824095960268533,0.06197516,0.06301654646551588,0.06476342382489104,0.066606808,0.068667631,0.06678319063749698,0.07083577935807449,0.074540461,0.075732851,0.078207641,0.07650871766939328,0.082527293,0.0804368391640313,0.1854,0.1897,0.090144874,0.091466842,0.09519871127529461,0.094878631,0.096681089,0.10188817515739795,0.10344593010307818,0.0893,0.09282683,0.103358894,0.104789622,0.104849794,0.105631316,0.106412935,0.107228269,0.10794443417546133,0.10437756683579812,0.110679681,0.11798731980901905,0.11657646102338497,0.114723567,0.12031321360855673,0.117292192,0.10830874712815386,0.12791759781505824,0.147195976,0.122525135,0.123968973,0.125567599,0.11534116452577217,0.127540494,0.1398575508626868,0.13634277813371104,0.131938585,0.133385302,0.13477847385177058,0.13403772677207854,0.137847702,0.138911049,0.14264251841594544,0.14414452568806338,0.14339596,0.13167810263121787,0.144668991,0.147173964,0.147933850333285,0.15471383397363428,0.149243787,0.149337165,0.1479350417935049,0.151690566,0.15866326159441255,0.153585355,0.154063728,0.154785144,0.151360849626852,0.156955301,0.157042645,0.15976275526103734,0.156806105,0.1415,0.157331194,0.157467114,0.157554499,0.158776422668762,0.2996,0.2994,0.1436,0.160287384,0.160548265,0.161263037,0.162513725,0.14690222301997582,0.1563237103400108,0.1585469820223494,0.15869203513311406,0.163434059,0.162982119,0.163023249,0.16324522,0.163118585,0.16345494,0.16377211,0.163287009,0.1560752078769661,0.163122496,0.162910539,0.162974201,0.162285669,0.15802201852717473,0.160822461,0.159343778,0.158569106,0.144555673,0.155361407,36.39
638,1498231808.0,40.0,0.103609402,0.066780255,0.056235407,0.052138613,0.050315486,0.04924105,0.049012622,0.04887845,0.049300002,0.050441624,0.050492373,0.051284132,0.053021191,0.05429527,0.055930758,0.057166166,0.058707998,0.061145682,0.062225567,0.064464063,0.066241065,0.067660902,0.069336593,0.070578069,0.072206345,0.075036957,0.076272844,0.078077768,0.079637835,0.081777168,0.083503476,0.085287409,0.087140629,0.088391232,0.089533774,0.091056693,0.092301299,0.093374083,0.094785561,0.095518331,0.096554061,0.097104432,0.098576238,0.099415734,0.100337886,0.101343307,0.102110693,0.102778865,0.103738047,0.105026637,0.106254085,0.10748507,0.10836071,0.109814538,0.111061717,0.112056691,0.113250089,0.115064869,0.116106484,0.116853417,0.117867677,0.119115179,0.120940865,0.122399927,0.123926002,0.12511658,0.126062318,0.127371156,0.128867497,0.130126777,0.131544704,0.133310086,0.134818792,0.13571976,0.137000154,0.138071709,0.139458479,0.140682416,0.141149129,0.238613199,0.142186372,0.142559288,0.14337183,0.144570888,0.145635624,0.146700231,0.147527801,0.147777612,0.147819943,0.148124337,0.148238665,0.148907815,0.149401585,0.299863184,0.150260745,0.150489945,0.150503861,0.150563993,0.150655875,0.150872193,0.150921644,0.151457968,0.151874367,0.152594816,0.153102518,0.153946192,0.154834473,0.155394886,0.156534611,0.157525992,0.158598999,0.159358893,0.159748055,0.160236705,0.160970283,0.162597745,0.166841734,0.165355768,0.166001085,0.167204154,0.168219433,0.169505163,0.170596673,0.171334063,0.172286441,31.63
241,1494025520.0,43.9,0.077328628,0.11518817,0.069578536,0.097872151,0.098685588,0.09855549,0.098382494,0.099169471,0.100388069,0.101501278,0.104324962,0.107086779,0.109642055,0.113834023,0.115938261,0.118624952,0.122220161,0.125326971,0.126783381,0.131088322,0.134507161,0.138129556,0.141693677,0.145787808,0.089323243,0.153289828,0.15582842,0.159845124,0.163685319,0.166746889,0.170049004,0.172751841,0.174715629,0.148962122,0.181690026,0.184307141,0.142318118,0.144340097,0.190790172,0.15502836,0.195145544,0.196984074,0.198188857,0.200087441,0.202671892,0.204452403,0.206238863,0.206917949,0.210171182,0.2108025,0.212446282,0.215192476,0.21737587,0.218984446,0.220291194,0.222319829,0.224697865,0.226519709,0.228410658,0.231332168,0.232357185,0.233424807,0.23505197,0.236690587,0.238692175,0.240420327,0.24313717,0.245613892,0.246998661,0.248069597,0.249002379,0.25065609,0.253725746,0.152086217,0.258334396,0.259669615,0.261558588,0.26300424,0.263636585,0.264803162,0.264753845,0.266331536,0.267981035,0.269166365,0.270193254,0.270949835,0.271817699,0.27161921,0.272233202,0.272975097,0.27354019,0.274312601,0.274599367,0.275336652,0.273172032,0.274394697,0.275496246,0.27516799,0.150619518,0.275069709,0.274928775,0.27553524,0.27604326,0.27664149,0.277959852,0.278299845,0.278496696,0.278654322,0.279308314,0.279712478,0.279862242,0.280394175,0.210048018,0.27962665,0.279650113,0.280180717,0.281601465,0.280459823,0.278782716,0.278633563,0.272171107,0.275965618,0.27617711,0.276456689,0.276690351,26.06
461,1495022419.0,39.5,0.11148262,0.07933771802308388,0.064112992,0.06246258,0.039365233,0.04524632319177557,0.061433253,0.061164825,0.061551392,0.06296389,0.066365062,0.06957585422352312,0.089144303,0.068267561,0.070694112,0.072561341,0.074151689,0.075952685,0.07644810957019597,0.0603,0.0624,0.1592,0.087418862,0.104569419,0.09160297,0.0912010162466652,0.096389477,0.098976629,0.101242698,0.104088785,0.10379259266947731,0.108026154,0.11138108524701172,0.1426082108937842,0.114295915,0.12017545344342596,0.12147267255216528,0.2142,0.2077530131406304,0.122260298,0.124050455,0.11851162546385124,0.126375663,0.127068983,0.128169509,0.12520589253949863,0.131055016,0.13252267164528533,0.133433466,0.13144704686001638,0.136399333,0.137739697,0.139262871,0.140609024,0.14241109,0.143872416,0.145434776,0.1345044955964216,0.148448736,0.13646435644261237,0.151857896,0.1633522315669647,0.16083865023823676,0.15575745,0.15815589114195994,0.163669674,0.16390060123226322,0.16897665679621635,0.1216,0.166274704,0.1661086341001923,0.169912834,0.15900130619953215,0.12866880872140202,0.1294,0.13125645533683328,0.18610017521818548,0.177904349,0.178991775,0.179685839,0.16100951,0.181612479,0.182303484,0.183198145,0.183976422,0.184478548,0.185109156,0.19399958848439708,0.19536185253434263,0.1413,0.188887045,0.19654635193375186,0.189542181,0.188784285,0.18543547196354038,0.19073088177746922,0.189796795,0.189817044,0.189989093,0.190338275,0.1902982385066385,0.1462,0.1772633048902954,0.19329077,0.169613716,0.197818959,0.20319997496351735,0.1481,0.14911839123593595,0.1484,0.194870982,0.18531131171952125,0.196842073,0.196879301,0.196916927,0.196898396,0.19654544,0.19753440535505806,0.197527912,0.199018359,0.21938900602733669,0.164072569,0.16175936802070678,0.199378834,0.199716118,29.02
207,1495033692.0,44.8,0.134493401,0.08994759,0.078812795,0.075550204,0.074322811,0.074178827,0.073913675,0.074121757,0.074823115,0.076315048,0.078024197,0.080296804,0.081545263,0.08447057,0.086831619,0.089133077,0.090809777,0.093864105,0.096863746,0.099264329,0.10219799,0.105231398,0.107601566,0.110567085,0.11342287,0.116155751,0.119085202,0.121577036,0.124238715,0.127981439,0.13083351,0.133420796,0.135885979,0.137622359,0.140370637,0.142114136,0.144482472,0.1455776,0.147701387,0.149438254,0.151469144,0.153288696,0.154568239,0.155350716,0.15708607,0.15937257,0.160359505,0.161211563,0.163780402,0.16611876,0.16660416,0.168121268,0.169670341,0.17141206,0.173414484,0.175118385,0.194063075,0.178599311,0.180207588,0.181758183,0.182549784,0.184642477,0.186790713,0.187389894,0.189217539,0.191706668,0.194357953,0.196052807,0.197211557,0.198860075,0.200560412,0.202772292,0.204601916,0.206103076,0.2077515,0.209620661,0.210025076,0.211167636,0.211935459,0.212769846,0.21429251,0.214682707,0.215533058,0.216765827,0.217481596,0.2176913,0.218658906,0.219607239,0.221323997,0.222225218,0.222050593,0.221840756,0.221689779,0.221214532,0.221629767,0.145940059,0.222238423,0.222420215,0.222737251,0.222113225,0.221661275,0.221678779,0.222974826,0.22472592,0.16100478,0.225355962,0.225370567,0.181384918,0.225829468,0.226123571,0.22611748,0.23367914,0.234680802,0.225931617,0.207227699,0.227121385,0.22754348,0.227689832,0.227632906,0.2274253,0.227564567,0.228697425,0.229066582,0.228913315,0.227069426,26.56
393,1495626376.0,35.5,0.07970278783923193,0.059571257,0.05548171,0.054173775,0.053413889,0.05765893676678026,0.05743708331805002,0.052810496,0.054664223,0.054909894,0.055950824,0.05793538783375522,0.05800638218397315,0.057993793170225336,0.062090855,0.06638486851329893,0.0681046797198124,0.06944906695377936,0.070199746,0.071391734,0.06999871117247275,0.074502773,0.07581865979433412,0.078143361,0.08067957207233958,0.1129438523445081,0.11533769124525947,0.08187161169709346,0.1378281050947923,0.089343906,0.091141379,0.09692555323214835,0.0836,0.095805615,0.098015391,0.10327341461372887,0.10481143428139375,0.100575049,0.101689516,0.10961928506288816,0.104102105,0.10581721,0.10401789953752574,0.105955472,0.11669291021089505,0.108189106,0.109138062,0.1078660470800218,0.110354456,0.111977302,0.11086866440276107,0.11641706896416909,0.115296215,0.116961669,0.12617150851540399,0.13584541383751242,0.13885615937718718,0.122401351,0.13409198528840321,0.12321062693680629,0.1230513720791222,0.135520307674718,0.20937362652570837,0.130702094,0.131904864,0.133069119,0.13227088257438394,0.1353882322149697,0.136532593,0.137310924,0.157826695,0.139330962,0.140861696,0.14988603043171633,0.159052876,0.143823388,0.15009210219609254,0.1636607561749367,0.147517321,0.148306588,0.150131864,0.150997107,0.151639637,0.1515033485687087,0.1393013624297984,0.153985173,0.155079363,0.16287918927084546,0.155862345,0.156372166,0.1415,0.157919664,0.157873283,0.157417882,0.157546268,0.15450526422363317,0.143,0.158633775,0.15632061713517523,0.1449,0.160510323,0.161246583,0.1462,0.15562175220843844,0.161088159,0.161475419,0.16388669676794834,0.162771614,0.16147184210136126,0.164011319,0.190288711,0.163342142,0.163667647,0.162353569,0.1551414895769437,0.16203032693349048,0.16121670561359755,0.163316982,0.152683226,0.14951012774191438,0.1427,0.158768868,0.1564072795457526,0.160422875,0.159929585,34.32
398,1494987516.0,36.9,0.095434893,0.064546579,0.056785055,0.054799879,0.049742594,0.053420124,0.053647527,0.054402421,0.054480611,0.055181133,0.056757564,0.057135169,0.059048271,0.060471266,0.062449234,0.063747527,0.065597076,0.067600792,0.068971509,0.071152171,0.073009351,0.074752074,0.077149959,0.07837068,0.080604546,0.082843661,0.08457765,0.086469067,0.08916807,0.090631898,0.09276901,0.094809317,0.096428471,0.098404255,0.100099773,0.101445726,0.103032746,0.103966866,0.10549213,0.106748541,0.107847562,0.109061977,0.113222613,0.110687839,0.111397976,0.112525558,0.113650374,0.114670953,0.116055461,0.117293768,0.11848458,0.119418585,0.12069808,0.122359859,0.123511248,0.124870883,0.126540465,0.12762933,0.128784615,0.130238814,0.131742022,0.133214163,0.134296709,0.135549524,0.137132836,0.138847331,0.140053216,0.141864597,0.143498611,0.144977441,0.145342739,0.145903921,0.147448676,0.148892968,0.150513943,0.152048078,0.15316422,0.154016054,0.154957858,0.155876629,0.156254645,0.15689234,0.157455732,0.15834828,0.158994387,0.159706254,0.160866804,0.161534199,0.16161941,0.161371661,0.161347248,0.161397447,0.161620641,0.161835282,0.162139135,0.162652724,0.162605624,0.16282951,0.162576218,0.162371621,0.162968599,0.163737735,0.165362717,0.165549309,0.166085725,0.166002162,0.166162648,0.166322178,0.166505307,0.167193082,0.167582292,0.167908997,0.167853444,0.167846372,0.167608114,0.16749851,0.167264257,0.167099356,0.167170492,0.167513872,0.167475876,0.167276613,0.1669996,0.148967124,0.165222564,34.14
572,1495793788.0,34.7,0.084675358,0.062019283,0.055015476,0.05326586237538965,0.051091853503805844,0.113,0.050651564,0.052696435,0.052136228,0.053595936,0.05667897675986216,0.055132465,0.05586172343694737,0.058762385,0.059474966,0.06360365423910071,0.062997632,0.064888966,0.06642423429420757,0.067599965,0.0655229218637041,0.0645,0.073825762,0.0781267451333866,0.0806638573947929,0.0792027511375289,0.073,0.10225966778321036,0.10425662825749091,0.107101,0.089118047,0.09490260970970613,0.09445688864119733,0.094281088,0.09261677864065995,0.09766870829567376,0.19706030267923758,0.099201113,0.100909651,0.102476664,0.1040517309061246,0.104307569,0.10256288038974366,0.10571186,0.11644186715544093,0.19028123547182665,0.130470018,0.13186454752560017,0.110778667,0.10963641986117037,0.113809495,0.114939696,0.116090405,0.10690902001604033,0.118470329,0.129174580638398,0.122118209,0.123023365,0.124464251,0.11432258614153096,0.153300671,0.16474619371609212,0.16229201404229804,0.131351512,0.1320153216217729,0.13395984,0.13319156047165295,0.1205,0.138699942,0.140074956,0.141247415,0.142397481,0.13064926171370675,0.145109607,0.145955706,0.146800446,0.1534394540136164,0.148899021,0.14596983815604522,0.149895285,0.143391739,0.14969514782251173,0.151434886,0.152639596,0.154009012,0.15052779249622916,0.156470204,0.16432054210210126,0.1595296505090876,0.15391201028072243,0.1415,0.157198565,0.15574793846919724,0.16443056283337626,0.1646461178593733,0.15769613,0.181958241,0.18644559385447212,0.159264328,0.15946940108800567,0.15745464583075713,0.161437089,0.1462,0.162212055,0.162851487,0.16299675351087423,0.162574034,0.1621651536831579,0.162363731,0.1625628,0.161991654,0.1503738343716512,0.161297833,0.15930955835233454,0.184480859,0.1903913971275264,0.16056315421574946,0.162806245,0.162039544,0.15780384601425046,0.17140419502138213,0.15711643974896916,0.1570335788289946,0.158932484,0.158984258,36.23
218,1495035012.0,44.6,0.141890352,0.095986862,0.083718536,0.081509499,0.079928088,0.079582571,0.079141905,0.079742585,0.098074231,0.08279634,0.083697245,0.085835512,0.088800424,0.091113972,0.094128307,0.095572566,0.098270778,0.100839113,0.103905532,0.106889246,0.109658867,0.112656265,0.115402329,0.118159385,0.121547454,0.117068327,0.12829431,0.13131344,0.134524726,0.137183592,0.106359869,0.142635521,0.144612227,0.147027261,0.149944663,0.152077821,0.154062137,0.15608555,0.157567248,0.159457279,0.14931699,0.163206391,0.165070589,0.166211044,0.167298854,0.16924227,0.170706387,0.172188069,0.174340095,0.17535514,0.176865069,0.178552294,0.180001863,0.182909448,0.184698013,0.186062695,0.187771706,0.189017415,0.190649528,0.192685058,0.213980562,0.195839203,0.19710549,0.198571043,0.200553397,0.128390463,0.204875199,0.206865658,0.208743078,0.210148452,0.211506265,0.212978754,0.214540996,0.217255365,0.219451594,0.220241287,0.220996972,0.222936292,0.224032581,0.224787209,0.226109378,0.226835792,0.227835974,0.228765621,0.229218752,0.229437439,0.230048038,0.231070153,0.232270881,0.208617417,0.23355348,0.232915597,0.233062421,0.233276535,0.233272603,0.233616941,0.234121741,0.234160439,0.233873588,0.234842986,0.23497296,0.235424387,0.235114646,0.161005283,0.235580253,0.235758463,0.236898204,0.177144663,0.238785283,0.238920942,0.240238466,0.240299419,0.160872958,0.240161411,0.241368271,0.241635095,0.242591653,0.242930846,0.24212668,0.240971356,0.240210394,0.239394284,0.24000138,0.239832408,0.238587325,26.38
604,1498932754.0,39.1,0.07720137980098404,0.058015428,0.05074553,0.04829886805032477,0.0869153049155486,0.0872589305295442,0.08863007002589518,0.0381,0.04708835,0.047834138,0.051104763888830895,0.049913685,0.050701815,0.051770485,0.053679815657152845,0.057442247981170313,0.05778625509540597,0.05837390279875434,0.06052150114051231,0.0655255087673209,0.063961027,0.065895487,0.067187208,0.07103211267750684,0.0739540140895667,0.072948101,0.077660609373152,0.07500316691351427,0.078199306,0.08090453036481317,0.081986807,0.083822434,0.08772831220023725,0.086917122,0.086,0.08967671122112938,0.090990238,0.09761987504920229,0.0907,0.09419717,0.095769916,0.0933,0.096718279,0.098043146,0.10853922937912469,0.10272686724077204,0.133361777,0.118642354,0.103108883,0.10225243035917934,0.10345898581918055,0.10892811721977781,0.107504481,0.108674934,0.11852923340041087,0.11160271,0.11247613,0.113909672,0.12447622995740873,0.11433364476227643,0.1119,0.1247462156720618,0.119854385,0.121610834,0.123065582,0.12442637,0.12333745900410334,0.1259015963365961,0.1216,0.12401812540109017,0.1324697165408069,0.132843093,0.1258,0.135410527,0.136510285,0.13792806958576198,0.14346350953555942,0.139641397,0.140577357,0.141504372,0.14416586499346482,0.15053170580633018,0.1363,0.144326983,0.145005023,0.145794478,0.14653561,0.1540251487470903,0.147450528,0.14193377781808836,0.148720012,0.149127115,0.149185995,0.149525518,0.15192254924593934,0.181698067,0.180930446867593,0.149756626,0.14674450393411503,0.14805969137475916,0.1521392971819511,0.151166405,0.152188242,0.152765949,0.152717264,0.152029536,0.1536689627172258,0.152717618,0.153564315,0.1489413854778509,0.155366756,0.155488634,0.156224781,0.15399167247586373,0.156842935,0.16367503893731083,0.15759527,0.16377890168054046,0.15625948296796463,0.2986,0.158375646,0.1557072493465782,0.158734951,0.158598409,0.1541969752892177,33.64
99,1494953082.9641993,46.5,0.12147737236740005,0.085554267,0.07431532626334504,0.072982429,0.07020204412471151,0.073666214,0.07430582964166382,0.074385356,0.075522868,0.077154087,0.07947015210510995,0.079755181,0.081753898,0.08135882310692522,0.086744068,0.088998322,0.09419716731466564,0.1446,0.060616694,0.06560999117752213,0.06317396454078282,0.10678850707459007,0.1468620390317904,0.15618072217211604,0.11321736,0.116397718,0.11935405,0.12155406455413433,0.12318427812370426,0.0784,0.130354298,0.133085319,0.13586983088142968,0.138523302,0.140472388,0.142945257,0.145014079,0.146757151,0.14920322,0.152052714,0.1577233628455236,0.15691016,0.158606327,0.15903370226803576,0.16258796,0.165085329,0.16494044099673144,0.169148338,0.17789829459518064,0.16897296163793277,0.17822848,0.180640639,0.18366425915879978,0.185612613694518,0.18948346506520114,0.193183337,0.19827032667567834,0.201077778,0.22318311465738283,0.205127842,0.21227172566261057,0.22172210339972342,0.16664834,0.16738819102695077,0.207111213,0.2014698980727794,0.209416943,0.210296242,0.2063889956461412,0.208826472,0.208362263,0.208681267,0.19894861623628654,0.210307621,0.21616544259142279,0.20865708630774044,0.14418741554293907,0.214012961,0.212253172,0.20749685390336547,0.165389954,0.17346748274390908,0.17898631117914832,0.20966235603464922,0.211920263,0.212064208,0.2174730443382792,0.213588447,0.214120354,0.20804674864610648,0.215209066,0.218509838,0.215272414,0.223586929,0.21514446202785345,0.214928226,0.214580232,0.2162486902380727,0.213330941,0.212984055,0.213344136,0.213444938,0.19964463533318688,0.2227740548563066,0.1473,0.164746306,0.16742485762342005,0.213404571,0.20410462582036404,0.1484,0.21373948,0.213886602,0.2187667874695467,0.21955205957431037,0.2064855749721055,0.193782075,0.1925531508618174,0.214563306,0.214691983,0.214957439,0.215171766,0.215566645,0.215061114,0.214762633,0.214212977,27.68
407,1494870892.0,30.5,0.063222481,0.052967209,0.053803245,0.054188266,0.0540964,0.054875489,0.055723225,0.056606343,0.057826512,0.060115209,0.060333074,0.060944442,0.065105271,0.065487286,0.067107136,0.068004302,0.0714413,0.072464801,0.074604654,0.076179004,0.078476994,0.079955137,0.081985268,0.083848797,0.08786847,0.089200255,0.091802559,0.093498463,0.097179497,0.098629934,0.101073229,0.10236726,0.103158407,0.103912049,0.105984314,0.108278991,0.109814102,0.110642932,0.112470829,0.11340265,0.11423535,0.114936844,0.115335579,0.117640272,0.118617288,0.120227645,0.11955238,0.121311793,0.122656689,0.123252206,0.124321854,0.125341557,0.126634292,0.127631992,0.128726287,0.130940174,0.132302032,0.156543745,0.136008431,0.137230646,0.138727632,0.139372683,0.140899134,0.142052516,0.143094011,0.144215404,0.145318382,0.146948003,0.147659633,0.148816234,0.150486493,0.151289986,0.153469132,0.155123146,0.156717998,0.158030593,0.159843571,0.161284169,0.161314941,0.161971023,0.164035071,0.165414692,0.16654131,0.166692376,0.167510924,0.169402304,0.170129338,0.170010745,0.170286877,0.170142022,0.17083703,0.170998497,0.170960373,0.171365859,0.170765959,0.171032979,0.170868859,0.17147734,0.17203416,0.172741581,0.173346109,0.17348879,0.174764808,0.175557741,0.176954127,0.178397161,0.179787733,0.17983774,0.178658366,0.178046887,0.176725159,0.176232952,0.175937344,0.176336995,0.177389381,0.176843047,0.164123848,0.174054374,0.172923531,0.168764198,0.164391173,0.160250772,0.156652361,0.152978719,0.148922557,33.81
503,1495501137.0796216,37.5,0.0910972013157535,0.066658369,0.058367466,0.056768819,0.055637102,0.05962324451721039,0.055198116,0.055802541,0.056088459,0.05661940733609359,0.05960401384669633,0.058654694,0.060577153,0.062382675,0.079710577,0.064829576,0.066728382,0.069038795,0.070749258,0.072584885,0.07140710194985044,0.076394683,0.078221266,0.08282422674434424,0.0694,0.083743631,0.08783029125159089,0.08807523,0.089743865,0.112271199,0.0942151,0.095729821,0.098028876,0.09503544403252841,0.09842123028938579,0.102488396,0.1040375996983524,0.10996452867680022,0.105837999,0.107643,0.108360424,0.109645119,0.110325608,0.10642045384567707,0.0954,0.10861825,0.10509173526306005,0.115630748,0.11659848,0.11523937270776306,0.118531084,0.119410426,0.121090617,0.1127327910359593,0.123891046,0.125298964,0.126529255,0.128421629,0.14090919072828956,0.13051607,0.131899223,0.14406881266324745,0.12956678078175193,0.1151,0.137077371,0.13811826764465074,0.23560788135478955,0.141733951,0.142870527,0.143868627,0.14528408943130797,0.1484341766984207,0.24543073881233662,0.148701089,0.150439121,0.15099756268323852,0.1590488463483076,0.1519556497476923,0.15417952,0.155244029,0.156145644,0.1634776343204246,0.28342129984285497,0.158264778,0.158713087,0.15557688623509638,0.160396475,0.160551973,0.16314314598216603,0.177465916,0.161569525,0.16942147327657536,0.162585884,0.162884385,0.163430851,0.163722936,0.163774678,0.1698332883490763,0.16840195176496903,0.164488225,0.165118471,0.165711017,0.15021321608330088,0.165786514,0.166078708,0.166863258,0.1697147920354962,0.168226819,0.168712761,0.169686914,0.170136757,0.15902879689273947,0.17656809958056335,0.17531679324342617,0.168532912,0.167897045,0.168187523,0.168582219,0.169256179,0.170000603,0.171003322,0.171606045,0.172402313,0.172762384,0.172993017,31.99
33,1495552575.0,34.5,0.0805237,0.053788586,0.049048039,0.047567179,0.046563662,0.046715573,0.04685954,0.047179653,0.0476814,0.049148723,0.050134534,0.051048073,0.051835937,0.053611494,0.055009008,0.056855823,0.057862663,0.060194873,0.061207471,0.063456747,0.06537738,0.066644504,0.068588943,0.070714091,0.072752425,0.074534585,0.076617005,0.078239799,0.08013687,0.081983472,0.084346493,0.08565415,0.086969593,0.088846442,0.090166726,0.091884426,0.093621731,0.102632743,0.096054855,0.096451208,0.09782057,0.099152698,0.100062517,0.101135361,0.102381904,0.103188389,0.103997681,0.104895544,0.122078158,0.107538355,0.10883567,0.11015441,0.110774973,0.112418078,0.113735975,0.114918616,0.116431264,0.117624859,0.118926743,0.120536145,0.121657653,0.123253157,0.124382702,0.125885941,0.126882793,0.128103664,0.130019875,0.131928366,0.13308165,0.133725091,0.134853284,0.136512094,0.137770962,0.139120605,0.141014661,0.142222354,0.143030324,0.143666894,0.144466489,0.145031064,0.146000624,0.146563365,0.147815734,0.148870541,0.149511959,0.150060958,0.150606298,0.15108436,0.151514271,0.151793678,0.152225054,0.151768452,0.152379239,0.160706868,0.152823324,0.153247731,0.153276188,0.153636312,0.154168028,0.154231803,0.154806006,0.155472197,0.155765022,0.156387069,0.156348952,0.156772777,0.156459132,0.156804286,0.157624043,0.158340939,0.157911909,0.157744005,0.15742999,0.158205015,0.158693844,0.177282833,0.159161259,0.178130888,0.158758366,0.159335195,0.158685421,0.158435867,0.157507489,0.15624215,0.155021026,31.95
201,1495032972.0,44.2,0.131690204,0.086613318,0.076449105,0.073103288,0.072691543,0.0721726,0.071867229,0.062865837,0.073358376,0.074215574,0.091725462,0.077626071,0.08098707,0.082284072,0.084383954,0.086930213,0.088503617,0.090819186,0.093399736,0.09679065,0.099344502,0.10205925,0.105008573,0.107525189,0.110368548,0.113563093,0.116570261,0.133027072,0.122047028,0.125092903,0.127369688,0.130221148,0.13279765,0.134888484,0.136657767,0.139451368,0.141314149,0.142578167,0.145157334,0.146758434,0.147809299,0.149771316,0.151625184,0.152496584,0.153798481,0.155297602,0.15701362,0.158480909,0.159051179,0.161452525,0.163354297,0.164432622,0.166584826,0.168110898,0.169972492,0.171634438,0.172949717,0.174368587,0.176363731,0.178089477,0.178865626,0.180742198,0.18227322,0.184360473,0.186178954,0.187659673,0.128721301,0.191385568,0.193259217,0.194797909,0.197202268,0.199261334,0.200182861,0.201660823,0.203378264,0.204392771,0.206099634,0.207691187,0.208206745,0.209151061,0.209863064,0.211019471,0.211760272,0.212797008,0.205980047,0.214352011,0.174660847,0.215418053,0.216067281,0.2168135,0.216602638,0.21688935,0.216673149,0.216712193,0.217063885,0.21782252,0.217219536,0.217135791,0.217375268,0.216714182,0.217725871,0.218530175,0.219580142,0.219383057,0.2202932,0.221255323,0.222654801,0.222573749,0.222776443,0.223009175,0.222507775,0.222051469,0.222491637,0.223241997,0.223063522,0.22204359,0.220871086,0.220746229,0.221941594,0.221978017,0.222466483,0.168074937,0.222236706,0.220992299,0.220812514,26.62
135,1495541413.0,33.1,0.078568319,0.057526286,0.053295311,0.050926645,0.050304862,0.050579674,0.051019521,0.050947532,0.051222762,0.052823941,0.053720439,0.05445153,0.055369799,0.056728296,0.058535445,0.060081551,0.061258264,0.062899739,0.064925884,0.066524397,0.068753845,0.070250798,0.072121488,0.074012663,0.076108181,0.077380644,0.079809439,0.081982772,0.083164122,0.085107228,0.086659401,0.088641606,0.090533828,0.092159244,0.093416067,0.094692535,0.096467644,0.097617736,0.098487104,0.09967588,0.100763745,0.101369062,0.102607436,0.103353777,0.104345563,0.105480581,0.106288089,0.107480744,0.108401184,0.109716126,0.110445417,0.111357901,0.112787147,0.11449738,0.115904637,0.117216193,0.11851146,0.119858442,0.120928882,0.121691489,0.123085984,0.124505267,0.125582008,0.144778667,0.128330391,0.130210662,0.131499408,0.132727793,0.133992416,0.135009696,0.13603607,0.137413722,0.138763454,0.140242083,0.14124823,0.142220072,0.143091504,0.143644949,0.144291141,0.145396292,0.145959346,0.146868774,0.147397996,0.147968926,0.148747702,0.149416827,0.150206783,0.1510881,0.151079705,0.151347099,0.151806264,0.151872122,0.1519575,0.152073453,0.152033741,0.152116013,0.152338373,0.153005938,0.153204388,0.153601225,0.15418438,0.154735041,0.154998124,0.155268042,0.155121353,0.155048226,0.154966631,0.154976199,0.155639496,0.156257106,0.156537633,0.156220554,0.155821328,0.155686694,0.155931101,0.155549894,0.155726802,0.15564128,0.155835649,0.1557904,0.15546809,0.155773098,0.155605183,0.155851722,0.155410395,36.16
28,1495551617.0,35.9,0.081245864,0.054704583,0.050563414,0.048588147,0.047359909,0.047666995,0.047990301,0.047903065,0.048681949,0.050174273,0.050246373,0.05960035,0.053053397,0.054125993,0.055906855,0.057254292,0.058742497,0.060775057,0.062055193,0.064221747,0.066097631,0.068105087,0.069515069,0.07134493,0.073375926,0.076660379,0.077672894,0.079563666,0.081121108,0.082982929,0.084660974,0.086535842,0.087995438,0.089865341,0.091447554,0.092873127,0.094430243,0.095329112,0.096369919,0.097844489,0.098729456,0.099552527,0.100820798,0.101810288,0.103002923,0.103868569,0.104518603,0.106147743,0.107105716,0.108376957,0.108428537,0.11056062,0.111499807,0.112433919,0.114325486,0.116050221,0.117252974,0.118828862,0.11998342,0.12096145,0.122471111,0.123690477,0.12471114,0.125998487,0.12749887,0.128700888,0.130337131,0.131674641,0.132405192,0.133807179,0.13548796,0.137157775,0.138120932,0.241372014,0.140430964,0.14173977,0.142532946,0.14363242,0.144097845,0.144350574,0.145430559,0.145850038,0.147184813,0.147877249,0.149018086,0.149825345,0.150678127,0.150873293,0.151127132,0.151091779,0.150739391,0.150849206,0.151025581,0.151618199,0.151792124,0.152272225,0.152258349,0.152778817,0.153868371,0.154663268,0.165366944,0.155152107,0.155126742,0.155611729,0.156074709,0.156459187,0.157028289,0.157403752,0.157533213,0.158154502,0.158413894,0.158963267,0.159159056,0.159522469,0.159106555,0.158367803,0.15801846,0.157951852,0.15782676,0.1577033,0.157425782,0.157282237,0.157218212,0.157349447,0.157144944,32.27
231,1495036846.0,43.9,0.16289362,0.111142236,0.098120684,0.093869313,0.093105214,0.093116995,0.092246928,0.093579995,0.094609458,0.096386641,0.099453868,0.101305223,0.104813798,0.098962635,0.110609274,0.111461291,0.114589017,0.066151171,0.1211291,0.124465653,0.129272969,0.131988601,0.133746819,0.13866081,0.14195428,0.145267116,0.148480449,0.1521431,0.155608823,0.134847802,0.162333278,0.16457853,0.165623618,0.155013789,0.153245959,0.175612177,0.17851538,0.180022814,0.182455242,0.184311224,0.186736646,0.188626033,0.189875082,0.191808861,0.193972018,0.126494942,0.196908166,0.198605079,0.200458043,0.20263927,0.204190033,0.207576367,0.208136257,0.210415617,0.211524328,0.212298701,0.214689541,0.217301351,0.219192987,0.220996196,0.222718365,0.224033666,0.224896583,0.226820066,0.229709185,0.231346134,0.23303745,0.235036109,0.236734526,0.238366342,0.241039362,0.24176533,0.243765599,0.246955687,0.248877484,0.250899714,0.251579132,0.25283765,0.253549565,0.254377032,0.255104909,0.255540032,0.257163491,0.257920113,0.259092478,0.259875945,0.260638712,0.261835471,0.262891655,0.263521857,0.263673187,0.264113644,0.263452222,0.264867725,0.264771212,0.264568033,0.147822007,0.264932995,0.263670907,0.175952849,0.266304448,0.266560594,0.266883688,0.268014913,0.267083622,0.267413594,0.267202992,0.266610807,0.267004332,0.267087061,0.267809273,0.267106891,0.26882702,0.269340311,0.268897658,0.268600617,0.268675101,0.269471987,0.269566954,0.268396709,0.267931947,0.267155295,0.266876232,0.26641392,0.266829533,26.16
379,1495624696.0,35.2,0.092215246,0.06624759,0.058819997,0.056822046,0.056243245,0.055957624,0.055888618,0.056431542,0.056768071,0.057847589,0.059188773,0.06032562,0.061578244,0.062772112,0.065241426,0.06623757,0.067902152,0.069960558,0.07251176,0.07388195,0.075333932,0.077961027,0.079650426,0.081160049,0.08325312,0.085547957,0.087821382,0.089463326,0.092121639,0.094268873,0.095557587,0.097426916,0.099703388,0.101399597,0.102887362,0.104175136,0.105251784,0.107136449,0.108388792,0.109602307,0.111096726,0.112013047,0.112956767,0.113737682,0.114689034,0.115799977,0.137355893,0.117366397,0.118957702,0.120744667,0.12118137,0.122309244,0.124024152,0.12539982,0.147700939,0.1287404,0.129581117,0.131267707,0.132873435,0.121580124,0.134986154,0.136440313,0.138223023,0.13953641,0.140892047,0.142499751,0.144023005,0.144981034,0.145942545,0.147185113,0.148410554,0.149837774,0.150864472,0.152574051,0.154224753,0.154936,0.155876592,0.156918004,0.157376863,0.15825155,0.159527579,0.188698259,0.160017948,0.160520619,0.161419903,0.162733753,0.163421652,0.163924224,0.164746413,0.165101956,0.165520336,0.165569612,0.165095758,0.164963194,0.164627629,0.165233699,0.174930649,0.165950745,0.166212506,0.166747565,0.16751694,0.168582355,0.169087541,0.169643752,0.169317247,0.169375221,0.169776307,0.169741415,0.170247654,0.169862215,0.170369149,0.170765312,0.171339723,0.171957758,0.17232417,0.172514414,0.171729359,0.170764121,0.169957998,0.169648429,0.169386585,0.169678816,0.170829707,0.171326009,0.172593845,35.09
392,1495626256.0,37.140684731624916,0.092728726,0.064064675,0.05655108263450559,0.054799464,0.054254653,0.05840178922467909,0.0371,0.0381,0.0377,0.0427,0.056938494,0.058097453,0.05959773,0.060556718,0.06176816473362168,0.091962066,0.065892855,0.067669153,0.069488831,0.071444202,0.073278682,0.074792804,0.077329644,0.08187134899723601,0.08420536646137616,0.0708,0.07563704000576045,0.1821,0.089218975,0.090721682,0.092644795,0.094479153,0.09814245332937976,0.098315767,0.099426046,0.087159814,0.08892740147739396,0.15970907928235575,0.104505635,0.105848322,0.106993414,0.10178384691113485,0.109761218,0.110193853,0.12106057730618912,0.111768848,0.113337721,0.114348779,0.12174692793146927,0.12019597715418769,0.117832033,0.12345493583179411,0.120034281,0.121237175,0.12263976,0.124566509,0.125938171,0.127926897,0.1403489691435578,0.130227391,0.131359367,0.132368811,0.133564217,0.13748899690465766,0.13687501,0.137964723,0.139812777,0.14339716694039525,0.14163836422603143,0.2761,0.1231,0.14549563,0.13384161975002615,0.148088948,0.149155186,0.14979284036328958,0.15680404976912585,0.1510576202483334,0.19441023503666321,0.153880876,0.15488013382206853,0.156004696,0.1606854876191755,0.156976714,0.16492898,0.175464055,0.1844458595974193,0.19331220283224745,0.160774112,0.171229707,0.1575435364744504,0.161051301,0.161376888,0.1697201692651324,0.1691615467711873,0.161907298,0.161618957,0.162004101,0.162574739,0.16270981,0.163446255,0.1708554437615479,0.15554058728438885,0.164731165,0.165187165,0.16533254730443095,0.165880227,0.165668015,0.166109553,0.166629325,0.166869088,0.16744958,0.16739009,0.167453958,0.167218854,0.1737049807142932,0.166577022,0.166753081,0.167500706,0.167609491,0.18282061092311477,0.1801525681913148,0.29657989433136406,0.16618827,0.166368582,34.36
499,1495563674.6532707,33.99766496528343,0.09450208669081747,0.068776144,0.060445790508239276,0.058963039,0.056613815484822076,0.057235152,0.05699049158214928,0.058080275,0.058522955,0.05888160220359538,0.1209,0.062018457,0.063220971,0.06312439397655559,0.0516,0.05523098710833723,0.071038344,0.072944666,0.07372280469903977,0.0603,0.0624,0.08284479,0.108566283,0.11525399119040028,0.115777445723203,0.1742,0.1730426427163807,0.096403688,0.09868782,0.10213528181488135,0.103872099,0.1096538289476641,0.107199781,0.109077229,0.10937602952049078,0.11506774957515196,0.115334827,0.12508306300978098,0.11811619,0.11961906,0.12261029635600264,0.11709926707897263,0.123722237,0.124823191,0.125680952,0.126407562,0.127821944,0.128994758,0.129891883,0.131715526,0.132831178,0.134820478,0.136322955,0.13047396853203552,0.139111187,0.140431178,0.14360797709422152,0.13254993681472715,0.145700565,0.147680811,0.149430367,0.150792522,0.14774372704711902,0.153312227,0.155054887,0.1543804762729846,0.158857872,0.1613999,0.168056594,0.17399925969211824,0.1231,0.1245,0.168687899,0.170281499,0.17230056,0.17151025492194422,0.1812227299207492,0.1322,0.175971478,0.1731494192186523,0.178223468,0.18733599857696376,0.19352037524472188,0.19204781937962337,0.181379063,0.182836356,0.19109846422156462,0.19224007271662855,0.149186151,0.14365490414542326,0.185535334,0.18581574,0.186347404,0.19318532938338848,0.186643684,0.187423859,0.18737969458698148,0.188170913,0.18818343447927258,0.187941925,0.18768312988088037,0.188825067,0.174864634,0.190256665,0.190926909,0.19107356737780515,0.191352557,0.191758745,0.1875256,0.18973430014269785,0.19646275592378815,0.192344105,0.191831223,0.19207271,0.191601154,0.192456835,0.193096256,0.193468819,0.1903051926306367,0.19168829,0.191416539,0.18874862072265583,0.190082108,0.188357954,0.186417927,29.96
139,1495541893.0,33.6,0.082206104,0.057131975,0.053323839,0.051242672,0.050534228,0.050980273,0.051255719,0.051073383,0.051044177,0.052657916,0.053486048,0.054426421,0.055910319,0.054863623,0.058446991,0.059675898,0.061395232,0.063088149,0.064640508,0.066565933,0.068788642,0.070367912,0.072369616,0.073586477,0.076014678,0.077701473,0.079208676,0.08078301,0.083557571,0.084906975,0.086514732,0.08851078,0.09015716,0.091856305,0.093619924,0.0948515,0.096100465,0.097293699,0.098186116,0.099176599,0.100251705,0.101382269,0.101850772,0.103211406,0.10428381,0.105389239,0.105872615,0.107129133,0.10815388,0.108828872,0.141351416,0.111202397,0.112669507,0.113866656,0.115085668,0.116215189,0.117782098,0.119349553,0.120194139,0.121207852,0.122611974,0.123772165,0.125161119,0.12665918,0.127865047,0.129206201,0.130733945,0.131631711,0.132784267,0.133877474,0.135411198,0.136231655,0.137730926,0.139026001,0.140468028,0.141695812,0.142839599,0.143664167,0.143955635,0.144386956,0.144733634,0.145457639,0.146214793,0.146832946,0.147511499,0.148278936,0.149202971,0.149787404,0.150267216,0.150632839,0.15108188,0.150908869,0.150989276,0.15128057,0.15185084,0.151832487,0.152039919,0.152203832,0.152770221,0.153235639,0.153626471,0.153867518,0.154276836,0.154015332,0.15426488,0.185154129,0.155003926,0.154971682,0.155104366,0.155240237,0.155383606,0.155615232,0.155598497,0.156012732,0.155816753,0.155178343,0.155527815,0.1557347,0.156697055,0.156317217,0.15612897,0.155401544,0.153298253,0.151467681,0.149996444,36.0
472,1495016182.0,33.3,0.095357747,0.072430065,0.065166396,0.063963903,0.06357025,0.063374149,0.063580992,0.091975604,0.064629028,0.065448984,0.066925498,0.068483831,0.069423319,0.071454855,0.072915762,0.075286458,0.077114016,0.079231773,0.081192805,0.083997338,0.086402509,0.088835223,0.090639094,0.092987289,0.095594585,0.09734028,0.099986988,0.102455671,0.104148253,0.106539186,0.109349204,0.110907747,0.104793116,0.114703178,0.116819059,0.118576246,0.120511207,0.122218264,0.123534002,0.125098072,0.126061961,0.128067571,0.10526161,0.129948446,0.13093415,0.131475635,0.133171719,0.134886947,0.13605901,0.137210768,0.138720745,0.133806111,0.141367097,0.142517849,0.144230935,0.146457468,0.148449897,0.130365657,0.150689806,0.151891716,0.153776487,0.155478169,0.156238671,0.158568188,0.160072056,0.161370778,0.162973278,0.165447789,0.167535995,0.168326517,0.169695374,0.17110415,0.173150953,0.199118579,0.175495233,0.177123704,0.178046625,0.179224968,0.179732041,0.180546711,0.181105299,0.181421202,0.199758921,0.184311077,0.184812411,0.185071827,0.185201842,0.185393324,0.18556145,0.186399505,0.187159191,0.187835158,0.188561507,0.188897354,0.189555074,0.164878385,0.190077422,0.189833095,0.190900976,0.191355031,0.191580425,0.192236017,0.192844412,0.193331667,0.193974089,0.194018797,0.194971751,0.196449507,0.196818989,0.197181818,0.196115581,0.194908727,0.193799885,0.193374657,0.193502074,0.193816342,0.194679803,0.194937678,0.195658175,0.194738681,0.193551223,0.192442751,0.190446321,0.190099599,0.190003112,31.32
129,1495664693.9057462,37.36063964558209,0.09338232792877457,0.068079675,0.05987005854478767,0.052052973,0.051510469,0.055977180381618905,0.0371,0.05179792,0.052583272,0.053619391,0.05670166814246357,0.0587746404035833,0.056179985,0.058020034,0.05943296764873976,0.06355900157455042,0.062406556,0.064293994,0.06588518181820874,0.067659465,0.06559315543116873,0.07402551843854507,0.073363015,0.075167233,0.076971608,0.078977692,0.081005647,0.082702688,0.08450478,0.086732451,0.088902188,0.09468679215440089,0.092015178,0.094024441,0.09232608044708665,0.15563171035986306,0.097886044,0.1053990499745907,0.100543482,0.10861929265840789,0.1653616243041359,0.103555614,0.10183813263629071,0.09717134449025328,0.150808791908132,0.14386701477057864,0.108141071,0.109248859,0.110574216,0.10943958719447838,0.1009,0.114025612,0.115258287,0.116235686,0.117890655,0.12867246163751914,0.120434413,0.121937041,0.122942137,0.11291741531713927,0.125392174,0.13778191414579516,0.128078154,0.129499776,0.130811091,0.13244987871463637,0.13163081588253223,0.135092543,0.136233354,0.137334114,0.138559092,0.139630576,0.12779822020069936,0.141475144,0.14301052809820208,0.14407078677662105,0.1503702730428062,0.2922,0.2931,0.147247319,0.147984524,0.148733289,0.15306512676318745,0.150258063,0.13802750312460108,0.25350533483637555,0.161953246,0.17000271433501243,0.153669268,0.1481005762166177,0.153878232,0.16178441876570504,0.154033511,0.154004944,0.154219664,0.15414755,0.154107813,0.16100174556181188,0.154713721,0.155080746,0.155532674,0.16332607381575912,0.156531105,0.156844034,0.157370717,0.157732598,0.157868983,0.157772023,0.157581465,0.157781994,0.157983226,0.158387404,0.15822403,0.1560874085378336,0.155420353,0.157975281,0.158142576,0.158623616,0.158495282,0.158177855,0.157600663,0.1549322551261391,0.156375095,0.15628775,0.155290856,36.7
521,1495208854.625019,32.73918194718335,0.082471821,0.061293543819107794,0.061752045,0.06110214414415392,0.060665926,0.06406643460234802,0.06050073817486239,0.061860465,0.063220583,0.06324675620304032,0.06601559810476108,0.06918524256984612,0.0693060287570854,0.070828141,0.071798573,0.073644962,0.07648172391390809,0.077670931,0.079458013,0.08233141386675331,0.083758884,0.084597299,0.08645861847478799,0.090751021,0.09260343473494428,0.09229834850344161,0.09588906701988706,0.1821,0.1854,0.1897,0.19289999999999996,0.120067885,0.109323346,0.110856011,0.11139081525404977,0.11715945047508208,0.0889,0.114767508,0.10679948920044582,0.0915,0.146299678,0.119941537,0.11763117993633286,0.1221598,0.13339152937867452,0.12355663,0.12092472546887116,0.1626662611299972,0.1712563164166721,0.2389,0.130031089,0.13578450460871405,0.132172537,0.12563995668034805,0.134948241,0.136824359,0.13987055279173866,0.138723528,0.140832917,0.12943365659841677,0.141743901,0.15358041946427123,0.1506504266777671,0.147670462,0.149039869,0.1489393754212772,0.149739368,0.150244023,0.14826533556617347,0.15604461886921775,0.15390223340278986,0.15565914,0.14431418347298225,0.1275,0.1294,0.161376925,0.16982899142731414,0.16232540200546408,0.165359157,0.166162006,0.1655118379235684,0.169300183,0.17461902327411788,0.17220869,0.16048179887931774,0.15747532366981484,0.149227174,0.17360625,0.174736762,0.1689921054106709,0.1549931604936491,0.1628914848574169,0.1744693513518783,0.177022093,0.169844149,0.178720332,0.17757647406213772,0.180143043,0.180380992,0.17949354,0.179167782,0.18581367732176635,0.178991441,0.179189858,0.179936174,0.18008228750120125,0.182025005,0.182612148,0.17817750665284146,0.183178589,0.183166333,0.183026042,0.182430554,0.18146217940516393,0.17425579710961836,0.181189383,0.18012516728878336,0.18330405473425065,0.185611641,0.187510183,0.205990384755888,0.187493871,0.1853943505550958,0.184433631,0.17882092492971763,31.79
65,1495473377.1066492,31.2,0.1844,0.12469096414421009,0.070488557,0.066176964,0.06360587878365423,0.039099999999999996,0.063193404,0.06040662496806097,0.0628712951890747,0.0629221891907486,0.065297494,0.06838258502583514,0.10310700939433629,0.068949454,0.06949427198284289,0.07425618453264234,0.072607861,0.07407010290479502,0.076112611,0.077447612,0.07714704589634627,0.08368224832107486,0.088151377,0.0934365510232593,0.08740810512158576,0.12233419638798368,0.097869318,0.09756627306627784,0.09965244534673488,0.097250717,0.09740793664679588,0.10319090770664717,0.102785211,0.09996668344175326,0.086,0.09079933176258766,0.108537387,0.11741485499974819,0.2168,0.114964442,0.116306034,0.11091669973746023,0.119103208,0.11598572252678548,0.12702912000029268,0.11967301930786672,0.1168085381679905,0.0979,0.127214672,0.129186158,0.130932998,0.132022526,0.133659721,0.144861176,0.137920897,0.140556133,0.143301902,0.145189279,0.146101743,0.146266911,0.14675355302178206,0.1584205818587289,0.25333281344259123,0.148440087,0.15031845271996838,0.151440049,0.151541812,0.151626744,0.152105059,0.134137628,0.1362399527290924,0.154832458,0.14346236358756662,0.157432827,0.159167226,0.159991741,0.16827151482457245,0.15812664343028102,0.162445744,0.15463541,0.156644717,0.157147151,0.157825197,0.158392942,0.14634904122894926,0.2991,0.161803971,0.184917189,0.178286246,0.163366585,0.163408116,0.1712470986545444,0.1694196249594171,0.17152917356211086,0.164097776,0.164483719,0.164749056,0.1707234694985978,0.1693622235208298,0.16459694,0.1622070217824415,0.166442555,0.15097076880090024,0.195412766,0.167606151,0.167889356,0.168314725,0.169114199,0.16681227786782046,0.16971309,0.170420108,0.15932988483297947,0.172451403,0.17100141808001496,0.16597861664398356,0.17250609814104995,0.17155545704835132,0.1770027,0.178169488,0.179257729,0.179992791,0.1773247073261649,0.182810319,0.18237009593180392,0.184712726,39.68
41,1495553535.0,32.1,0.039413829,0.042972878000000006,0.037770402,0.04092647,0.041442838,0.092667187,0.042306476,0.045683615,0.045288581,0.045860711,0.04887995,0.049644259,0.053158088,0.053754234,0.061801016,0.057619861,0.058999508,0.059829543,0.063079015,0.064367554,0.065474237,0.066617278,0.068222403,0.06914501,0.071921975,0.074791488,0.074982018,0.077121272,0.080105893,0.08097224,0.083513176,0.084888502,0.086185515,0.087552364,0.089297619,0.090474373,0.092035268,0.092596088,0.09445032,0.095682996,0.096750076,0.09708829,0.097130628,0.098566815,0.099241364,0.099559949,0.101105727,0.101615382,0.103495587,0.103790153,0.104107809,0.105158088,0.106454887,0.108392745,0.109147846,0.110559666,0.11256577,0.113778359,0.114897825,0.116738296,0.116809814,0.11821403,0.119509552,0.121161065,0.12269298,0.124118372,0.124652567,0.125861438,0.126853412,0.128467615,0.129767903,0.13257776,0.134131779,0.135993582,0.137961233,0.139694469,0.141034816,0.142667563,0.144245832,0.144528148,0.145909617,0.146651977,0.147014915,0.147056465,0.148521019,0.150122952,0.150723465,0.151460446,0.15229508,0.153297249,0.154263561,0.154253874,0.153375448,0.1536684,0.154620508,0.155433893,0.155851696,0.155213387,0.155836389,0.157483423,0.159221334,0.160966556,0.161447777,0.160156534,0.15892883,0.158633568,0.159132881,0.161086777,0.160348873,0.160263387,0.159482508,0.178759159,0.158426647,0.15836695,0.159015497,0.158820629,0.158995215,0.159369915,0.158629128,0.156718167,0.154344349,0.152557085,0.151865009,0.151523624,0.149055784,31.8
380,1495624816.0,35.9,0.092136727,0.064398938,0.059455193,0.05696845,0.056360691,0.056011026,0.056433796,0.055727268,0.057336387,0.057689075,0.059111663,0.060344734,0.061185811,0.063393461,0.06483129,0.066494579,0.068216683,0.069942448,0.071407266,0.074224799,0.075942513,0.078274943,0.079268755,0.08191258,0.083884638,0.085784847,0.087657403,0.089660159,0.091668433,0.093484742,0.095210894,0.096467354,0.099507753,0.100616055,0.102784145,0.104294861,0.105642589,0.106635174,0.108236264,0.105156688,0.110497538,0.111470788,0.113943084,0.113506815,0.114251694,0.115017091,0.11628235,0.117371732,0.118985314,0.119930371,0.121310673,0.122202598,0.123588661,0.125314135,0.126472121,0.128264034,0.13012778,0.131078005,0.132232237,0.13371764,0.134965503,0.136057287,0.137620516,0.139426008,0.140544608,0.141730386,0.143072135,0.144633837,0.146438614,0.147939994,0.148640879,0.149850463,0.151513204,0.152921698,0.153740737,0.15440192,0.155631434,0.157011373,0.157663471,0.157829622,0.158705153,0.159323812,0.160206137,0.161011766,0.161382867,0.162319868,0.162809052,0.163550272,0.164759695,0.165114772,0.165300051,0.165509529,0.165775198,0.159917025,0.166509203,0.166174583,0.165947443,0.165964603,0.187064164,0.165926248,0.166515392,0.167051501,0.167983055,0.169214908,0.169980743,0.170447029,0.16972148,0.169457361,0.166057466,0.169922211,0.169753138,0.169759014,0.17009326,0.170677138,0.171710198,0.171925331,0.172197299,0.172327621,0.172431749,0.171898523,0.171395004,0.162283536,0.170878087,0.169896679,0.169782866,34.91
188,1494934567.0,31.4,0.094647013,0.072730251,0.06598617,0.06602746986176611,0.050570748,0.05514689500476029,0.064514104,0.061706311683158495,0.066154594,0.06618772,0.067574528,0.068573029,0.07119539038105747,0.06912454245877868,0.06965545329613869,0.074587514,0.0775692856338359,0.0576,0.066027798,0.0704122747755754,0.08070543726451558,0.084716243,0.086485533,0.09165626108228231,0.08933151,0.08870962775398017,0.093350162,0.09533665,0.096354902,0.098482377,0.100588931,0.102142394,0.103459003,0.092042936,0.106519611,0.11210228625547006,0.109645235,0.11866462092743549,0.120089118,0.111789859,0.113042617,0.113624715,0.121575669,0.115236445,0.1262569867732458,0.117618914,0.117731328,0.11753349144986644,0.119321848,0.120056221,0.120536498,0.121208435,0.122315213,0.11415908390032359,0.124872458,0.13472016421982072,0.1285555800094021,0.127737988,0.128870404,0.129729222,0.13030153,0.130912655,0.12701670863744496,0.132815694,0.1335835691261797,0.135206471,0.136462434,0.13759049,0.13601816696608138,0.2761,0.2681819145912593,0.140085476,0.141329846,0.128849856,0.12959241641100705,0.13143700057087135,0.1312,0.14453492190680295,0.14576993,0.146418059,0.147507167,0.148320691,0.148951881,0.14919464,0.150249704,0.14649275936319592,0.151317983,0.152010047,0.15491506146257483,0.14667689259408184,0.151806713,0.151961007,0.15065087619130035,0.16076967649769927,0.152092402,0.15278779,0.153468236,0.170229446,0.16882930186472644,0.152937437,0.153256046,0.16115997803169607,0.155040639,0.16445905639501948,0.1473,0.155397823,0.155334899,0.155407531,0.155996625,0.155558024,0.155594473,0.1488,0.154711327,0.177429642,0.1702220574255183,0.1611903044611653,0.16038767036942286,0.151320697,0.1471,0.1454,0.147909384,0.146257513,0.144125927,0.149936132,0.140833322,34.83
338,1495030929.0,44.4,0.130268574,0.087353852,0.077938,0.073593767,0.071682342,0.071749998,0.070905111,0.089679289,0.071813236,0.055292361,0.074372312,0.072865563,0.078178777,0.080827704,0.082838265,0.085400671,0.08740773,0.090241412,0.092547593,0.094993185,0.097379429,0.100334899,0.076902561,0.105629779,0.108292723,0.110712918,0.114789287,0.117432721,0.119642568,0.122875409,0.124830486,0.127942631,0.130084429,0.132519436,0.134077223,0.13689432,0.137464871,0.139964973,0.14928762,0.143233298,0.144246542,0.145733165,0.147073177,0.148486907,0.149910814,0.151215448,0.152178331,0.153765679,0.155399749,0.15757026,0.158607946,0.159763521,0.161608321,0.162977339,0.164303329,0.166008643,0.167934552,0.169933632,0.24588224,0.17265529,0.174006485,0.175750077,0.176923285,0.178580986,0.180569515,0.183082463,0.184676634,0.186146212,0.188504961,0.190526319,0.191376759,0.19360564,0.195831947,0.196898168,0.198132215,0.200041352,0.201619299,0.202005408,0.201931521,0.202487228,0.203708831,0.205107911,0.206418653,0.207645165,0.208523138,0.21005643,0.211370066,0.211750833,0.211954348,0.21228353,0.212318952,0.212020869,0.21228702,0.212664444,0.212953055,0.21293144,0.212912883,0.212610985,0.213035218,0.21348079,0.233517932,0.215634225,0.216069614,0.2153967,0.215663238,0.216693026,0.217665545,0.217596492,0.218583601,0.218120045,0.149853614,0.216742426,0.215543452,0.215702895,0.217250179,0.217918748,0.219104581,0.219878725,0.220307114,0.219662697,0.220116432,0.220372863,0.219660937,0.219998635,0.221244191,27.03
456,1495064946.9641316,37.21251147300135,0.09752255535816803,0.070654819,0.063909902,0.060815463,0.059772256,0.06327683733599213,0.059467505,0.06032334,0.059707506010390016,0.105226859,0.1066289672888297,0.11458064825986267,0.06624212787055189,0.1294,0.069965441,0.071684298,0.07421941572078927,0.075532934,0.078610926,0.08157963530063739,0.0624,0.06641415246597203,0.086843639,0.089068196,0.09101188053811492,0.09343752,0.0969621974474792,0.09655346924502385,0.1854,0.10432594445164235,0.106050481,0.108156495,0.11150845930734997,0.112856104,0.114299325,0.12017899362139624,0.117596948,0.118986935,0.11108346133159146,0.122271406,0.1254817582471363,0.124726706,0.125782,0.126797843,0.128251504,0.1252734794292224,0.130582575,0.13199117441413555,0.133818702,0.134804537,0.13329713829591136,0.1370656,0.138894164,0.13346866804884697,0.141932088,0.143458044,0.1467444479148419,0.120711545,0.13217849314475924,0.12144414733478487,0.15172465,0.153379685,0.15044113820836205,0.162832878,0.157886477,0.15694189284076313,0.160946278,0.162579329,0.164666389,0.1703518487050124,0.2065200883638542,0.170194076,0.15929110025361104,0.172156002,0.173240222,0.174940704,0.18507986671699334,0.17779897,0.179081073,0.17609323466338903,0.180928981,0.1902597067582955,0.181631634,0.182601543,0.17111312139221427,0.184322713,0.19243972056084468,0.20159638062992402,0.18696452395812202,0.186772823,0.18676302,0.19443730541745724,0.187873795,0.19461970139308446,0.198425971,0.188246917,0.18830674623842544,0.19224551923341623,0.189355476,0.189794225,0.18970452312789846,0.2991,0.28834573492642956,0.189707895,0.189653667,0.189857419,0.18995329,0.190478752,0.18480116141855152,0.197796376,0.192246944,0.192982858,0.194602681,0.1942217533775792,0.195444445,0.195566856,0.19532788,0.19647922764841533,0.194774228,0.194428206,0.21404482971086358,0.1915086096820352,0.18944571706879504,0.1889800113312123,0.1831541503350318,29.17
677,1495807450.0,39.5,0.095643215,0.06454538,0.055754335,0.052564666,0.052036375,0.051648472,0.050826471,0.050821091,0.051342798,0.05249641,0.052821857,0.054256213,0.055002689,0.056805106,0.058176407,0.06050486,0.061738179,0.063750327,0.06546797,0.066945994,0.069444673,0.071017544,0.073386758,0.074834743,0.076849831,0.078803078,0.080937819,0.083420919,0.085132965,0.08695905,0.088794425,0.091170414,0.092685648,0.094763565,0.095901322,0.097368288,0.099018339,0.100101195,0.101287863,0.102035282,0.103579042,0.104322874,0.104822808,0.106430484,0.107587573,0.108370647,0.109121599,0.110589884,0.111823952,0.112727279,0.113915071,0.115372079,0.116325578,0.11766,0.11901862,0.119836763,0.121226305,0.122429134,0.123871153,0.125184451,0.126523935,0.12783693,0.129427036,0.13079244,0.13224752,0.133414081,0.134824258,0.136072981,0.137776629,0.13877208,0.140093249,0.141456382,0.142582352,0.144286482,0.145302021,0.147143807,0.148116596,0.149365688,0.150072922,0.150704488,0.15125264,0.152474406,0.153748787,0.154239006,0.154827367,0.155619242,0.156234294,0.156792385,0.157169791,0.157213268,0.157486382,0.158065598,0.158001615,0.158164077,0.15827099,0.157945168,0.15781621,0.158031276,0.158429455,0.158944559,0.159463839,0.159371722,0.15947385,0.159476104,0.159656382,0.159884992,0.160317311,0.161049302,0.161489579,0.161867274,0.161941664,0.162088632,0.162160953,0.162529987,0.16313081,0.164781072,0.165448603,0.165924398,0.165938774,0.165626525,0.164794965,0.164872012,0.164912858,0.165139292,0.165223663,29.78
202,1495033092.0,44.2,0.1238812806883503,0.087049453,0.077852543,0.074297323,0.07147649902675923,0.055688237,0.072168649,0.072600157,0.074324921,0.073565186149364,0.0432,0.078557509,0.080384335,0.082628093,0.08208642690554986,0.087302216,0.088928179,0.092680027,0.095029626,0.09615101550537147,0.070188336,0.07427078448369212,0.105648002,0.108378287,0.110993508,0.1124689950973479,0.118088719,0.119693447,0.123163038,0.126021222,0.128628193,0.13440516980436543,0.133230054,0.136064622,0.13994403302083522,0.1451434098825551,0.178250122,0.19605795489151523,0.145320268,0.147590037,0.149674319,0.14364085641644858,0.1404730102392569,0.15429087,0.1665027143277365,0.156922349,0.158094587,0.16294225232938897,0.118234307,0.11681424488083514,0.164634423,0.1707580457141679,0.1025,0.169253238,0.169756088,0.171612786,0.1759186917515676,0.176121381,0.19492314304338698,0.16330113215619366,0.181034318,0.183079583,0.18140665385348387,0.185488091,0.18999961245028352,0.188715898,0.190697774,0.193117316,0.18976176567878697,0.19647,0.19417259595938724,0.199669726,0.201842522,0.19803800456922016,0.20312533739720878,0.206655445,0.22073936543305733,0.208879415,0.209469081,0.210126436,0.211229272,0.212346701,0.213218157,0.212917098,0.21472366,0.214890318,0.2200232647449532,0.216213094,0.21675920494160847,0.218106233,0.218403959,0.198823997,0.219007886,0.22387686333764964,0.219107802,0.219716548,0.2237525755589365,0.220177232,0.220075262,0.219958975,0.219308466,0.2240054971455611,0.219373289,0.21966869,0.234281045,0.23442985270215783,0.219812003,0.22204478002710099,0.220747927,0.22963960850422308,0.222162561,0.22230049,0.239324321,0.221956941,0.221462233,0.220674342,0.21909367551831227,0.221227259,0.222048701,0.222119306,0.2462847399703011,0.223564925,0.2217944930957198,0.222677674,0.222301861,26.73
162,1495368979.7798088,36.809774656683906,0.124996687,0.08774321485728705,0.07612480701233613,0.037,0.037500000000000006,0.0529185850235404,0.047602438,0.04506372242718335,0.0377,0.0427,0.050758866,0.051795704,0.053046672,0.054237309,0.055754879,0.057033352,0.058542084,0.060302404,0.06226874865383765,0.064293794,0.0624,0.066831088,0.068798065,0.07275363793044312,0.07558216956696837,0.074674457,0.090681497,0.078006061,0.07971029,0.08247025278611858,0.083653969,0.084935781,0.08881631618943012,0.14415626322140349,0.090436035,0.09540471398615094,0.093290915,0.1002152741700328,0.0907,0.09584502,0.09687223282345922,0.0933,0.099287976,0.0945,0.10488800448970989,0.10302309144128065,0.09823425244856136,0.103703903,0.10493199,0.10400760403147655,0.10699137,0.108355261,0.11193017366266604,0.1038,0.1045,0.112812046,0.113950022,0.1093,0.11925635787932665,0.1111,0.119298422,0.13189432971012827,0.11619636319431895,0.12682224420499466,0.124206972,0.125465098,0.126896526,0.128411386,0.129527167,0.129954147,0.13235176262084947,0.13409637377474024,0.134599758,0.135570598,0.136735197373851,0.153215718,0.1606526733694737,0.140007392,0.140697003,0.141357197,0.141988031,0.14817823307702693,0.15248343378020518,0.137,0.144526165,0.14034942939310355,0.15275918257655827,0.146282137,0.14939760233209162,0.147261191,0.1415,0.147767817,0.14657016709498974,0.15580607646615316,0.14868583,0.14443851745322733,0.148821851,0.14860373,0.148852339,0.148885206,0.14933411,0.15742845534333194,0.150439049,0.150487468,0.150834027,0.150842191,0.150994251,0.15005093839393363,0.151276267,0.1484,0.3002,0.2972336168362317,0.1488,0.1496,0.152984957,0.153181806,0.1524839205341985,0.1593492374281224,0.153020134,0.152371606,0.16507960226171708,0.145957991,0.153783955,0.182926319,0.210166853,34.65
477,1495016782.0,34.3,0.097030003,0.070157173,0.065037296,0.06191343,0.061772731,0.06149195,0.061673886,0.061091375,0.062384622,0.063183377,0.065081401,0.06620874,0.066974686,0.069316293,0.070694468,0.072814156,0.074806285,0.07662211,0.079047988,0.081273334,0.084021934,0.086064297,0.088864961,0.091016499,0.118557566,0.09572966,0.09763776,0.09994375,0.132296753,0.10476927,0.106018165,0.108260752,0.110746388,0.111605779,0.114846577,0.115894793,0.118291055,0.119667983,0.120410735,0.122246537,0.12404201,0.124929014,0.126508135,0.126891078,0.127864726,0.12869813,0.130608694,0.131818599,0.133551767,0.134528998,0.135707473,0.137529138,0.13867994,0.140194772,0.141605002,0.143485565,0.145297184,0.146234661,0.14743045,0.149177158,0.117867194,0.152152789,0.153419087,0.155151488,0.139303149,0.159506067,0.16105352,0.162730878,0.163567328,0.165183578,0.167105951,0.169102026,0.170048885,0.171895536,0.172802359,0.17468404,0.175696999,0.176200562,0.176506227,0.17753613,0.179305624,0.180267907,0.181571037,0.182591149,0.18311773,0.18325327,0.183184491,0.184122089,0.185015286,0.186137591,0.186665534,0.187033795,0.187069248,0.187483533,0.187709545,0.18779424,0.187833602,0.187844408,0.18849883,0.188455135,0.188597898,0.188974001,0.189417934,0.190232714,0.190653984,0.19025228,0.190522994,0.191192696,0.192229822,0.192892009,0.193150447,0.19274875,0.192685891,0.192165943,0.192209972,0.193067442,0.193609595,0.194745813,0.195477747,0.195821178,0.194855281,0.194223814,0.192835752,0.191429938,0.18893468,31.18
106,1494953511.0,46.0,0.130379355,0.086410932,0.076084455,0.07294397,0.072838161,0.054670489,0.073487372,0.074103333,0.075086485,0.077064582,0.078168711,0.07961447,0.081511753,0.083371186,0.086387562,0.093990716,0.091558603,0.0944867,0.096780057,0.098864892,0.102358228,0.104747527,0.107311153,0.110765623,0.112855395,0.116071736,0.118882421,0.122381479,0.124697821,0.127504865,0.129816861,0.132675221,0.13526618,0.138111958,0.105545768,0.142773828,0.144427324,0.146784686,0.149058111,0.151643192,0.154646833,0.156377402,0.158596888,0.160387803,0.162484006,0.164171629,0.165994074,0.142030265,0.170343918,0.173157916,0.175806849,0.178031575,0.180148026,0.183127078,0.186595672,0.189755783,0.120068709,0.196380751,0.199791784,0.201304678,0.201088304,0.201284371,0.202130649,0.202596506,0.20412337,0.205684366,0.206857468,0.207225026,0.208052271,0.208059701,0.2079579,0.208695602,0.209153145,0.210453227,0.212272097,0.214135343,0.215928177,0.214821339,0.215398255,0.212264338,0.211550668,0.211566336,0.224630159,0.212091993,0.212565379,0.179565054,0.213925759,0.214744483,0.215330413,0.215659808,0.216212084,0.21660216,0.216592614,0.216283318,0.216048707,0.215521659,0.214809957,0.214075614,0.213564215,0.21440523,0.214719104,0.21483945,0.214707992,0.214535672,0.214247273,0.214686046,0.215116113,0.215545716,0.215901973,0.216118669,0.215793906,0.215211777,0.214808095,0.214424484,0.214907834,0.215312619,0.216115421,0.216333585,0.216183265,0.216398487,0.216083352,0.2160362,0.215127137,0.214592457,0.214853713,27.67
390,1496527678.0,35.6,0.09274841,0.06405432,0.057304677,0.054742621,0.054013539,0.053535302,0.053461039,0.054510984,0.055599469,0.056629191,0.056937433,0.05826851,0.059188049,0.061361616,0.062640507,0.063839746,0.065419622,0.067276765,0.069997538,0.07102287,0.072842908,0.075402327,0.077068226,0.079454875,0.081308919,0.082759351,0.084836178,0.086968945,0.089276903,0.090536513,0.092965612,0.094821512,0.09599543,0.097843715,0.09946172,0.100430324,0.102123227,0.103588506,0.104917171,0.106089215,0.107703473,0.108105463,0.109260761,0.109892047,0.110923067,0.111967602,0.113061179,0.114333184,0.11587442,0.116732693,0.11779471,0.118756663,0.120333547,0.121528595,0.123012534,0.124801147,0.126288761,0.12785766,0.128858124,0.129135921,0.131168853,0.132792142,0.134280708,0.135788017,0.136812916,0.137727258,0.139275673,0.14056433,0.142614398,0.143995459,0.145169371,0.146557521,0.147353726,0.148375972,0.14907949,0.150388025,0.152164184,0.152854135,0.16083775,0.154094893,0.154193534,0.154822111,0.155644952,0.156656867,0.157789654,0.158912042,0.159537071,0.160093072,0.160487067,0.160270818,0.160481161,0.161198379,0.18796229,0.161151456,0.160721652,0.16097828,0.161897055,0.162571467,0.162884626,0.163261113,0.163528491,0.1638494,0.164480813,0.164996265,0.165507665,0.166324266,0.166397837,0.16625648,0.166350519,0.165466866,0.165183394,0.165290154,0.16545545,0.164850752,0.16483079,0.165120594,0.164672798,0.164893925,0.165461987,0.165483228,0.166488816,0.167368652,0.167546293,0.167329251,0.166582551,34.44
2,1495548497.0,35.2,0.079510139,0.055326171,0.049116138,0.047579043,0.046744916,0.046832668,0.046328636,0.047021146,0.047659957,0.04827156,0.049085771,0.050254595,0.048855756,0.052758349,0.054271861,0.055413186,0.057244764,0.05879469,0.060665578,0.062129212,0.063880964,0.065639224,0.067651339,0.069087637,0.070920814,0.072937716,0.074583953,0.076383595,0.078716174,0.080225229,0.08211746,0.08390329,0.08588198,0.08742316,0.088399781,0.090014239,0.090899753,0.092435542,0.093707921,0.09444687,0.095736844,0.096544648,0.097538006,0.098354719,0.09905626,0.100267073,0.101267404,0.102084946,0.103208754,0.104392164,0.105429364,0.106536604,0.107480038,0.10886822,0.110182512,0.111710164,0.113015853,0.114101358,0.119872203,0.116505158,0.117551275,0.119241691,0.120537921,0.121647908,0.122902507,0.124025099,0.125388301,0.126949545,0.128282774,0.129831544,0.130674275,0.131353739,0.132734992,0.134591042,0.135895943,0.136681866,0.137321962,0.138213403,0.139123794,0.140073305,0.140867501,0.141593463,0.141931674,0.142276615,0.143425382,0.144397821,0.160521878,0.145129469,0.145313539,0.145615971,0.146163119,0.146341141,0.1465925,0.146501949,0.146817203,0.147310318,0.147750136,0.147913187,0.147478738,0.147232547,0.147689182,0.148295744,0.149031083,0.149186515,0.149416479,0.149423027,0.149915732,0.149966084,0.150217005,0.150537547,0.151034046,0.151720371,0.152390751,0.152628761,0.152847987,0.152714706,0.153101882,0.153550595,0.15359016,0.153687737,0.153370397,0.154020811,0.155542716,0.156219521,0.156727341,33.49
206,1495033572.0,44.5,0.102628879,0.088388581,0.07725701,0.075118888,0.074345164,0.073426972,0.074483644,0.073929782,0.074429465,0.0763067,0.077169327,0.07983774,0.081561884,0.08451805,0.086542654,0.08850788,0.090700166,0.092546276,0.096274314,0.098715477,0.101460467,0.104294255,0.106897877,0.110134595,0.113132711,0.11522855,0.118524533,0.121569552,0.125156287,0.127842945,0.130353238,0.132879738,0.135106602,0.137615013,0.139557061,0.090587411,0.101509124,0.145404405,0.147411729,0.149514014,0.150615641,0.152789373,0.154191476,0.155731689,0.156739085,0.158316095,0.160594083,0.161697245,0.163165489,0.165418026,0.165750856,0.16750335,0.169344876,0.170348643,0.172464991,0.173913253,0.175820049,0.17712831,0.179202888,0.180519189,0.182174826,0.18442905,0.186242563,0.187235523,0.18891941,0.190843293,0.192643861,0.194927657,0.197082733,0.197996842,0.199895132,0.201435584,0.202423942,0.204516566,0.207484549,0.208876993,0.209762222,0.210938753,0.211902439,0.2133411,0.21415694,0.214131449,0.215184992,0.215815333,0.171838003,0.217642234,0.172131293,0.218416395,0.219330329,0.220090128,0.22052382,0.220596643,0.220168902,0.220891242,0.220992564,0.221451632,0.221571219,0.221563469,0.221547789,0.221538985,0.222532827,0.223653604,0.223593988,0.224200563,0.224103022,0.223925486,0.224428119,0.225225337,0.224312476,0.224223632,0.223957274,0.224062279,0.224676864,0.226880816,0.227150843,0.228315646,0.227785748,0.227847878,0.227392215,0.228347812,0.228070086,0.229082513,0.228951373,0.227656831,0.226685704,26.55
367,1495605834.6024053,36.032706688276626,0.06624780273567685,0.051202508,0.06526617,0.063796845,0.06129895949814002,0.062726131,0.062118381,0.05934870635556436,0.052676018,0.05344848139665778,0.07233813978122898,0.065585549,0.06778712393314726,0.0827106585412367,0.08216243432752582,0.064506155,0.075600031,0.077089993,0.07747852561225052,0.08057464485718657,0.13472345388458196,0.08823294858281008,0.0661,0.091117127,0.09294968436921072,0.09300372413458212,0.098636245,0.09842255021054976,0.10333554854644252,0.105974461,0.108143832,0.11392474177954376,0.112807117,0.115187427,0.116100219,0.118046702,0.11937424907937975,0.121839728,0.122526106,0.124192007,0.12756102414214893,0.127051424,0.127881926,0.129172792,0.1406184432398778,0.131547337,0.132866778,0.134284233,0.14217415412797116,0.136688823,0.13514850835269784,0.1018,0.14298839428516597,0.142463432,0.133824763,0.145355469,0.14871057992954473,0.1093,0.172551105,0.151793889,0.15290563883887626,0.154928788,0.15205625396338604,0.15741663,0.15993299596524124,0.161168185,0.1613149816807296,0.164285771,0.16185613705979632,0.167595336,0.169496287,0.170801779,0.15991728238873282,0.1649327945238464,0.175355689,0.174376897000105,0.178121389,0.204779116,0.179370348,0.17636708775769108,0.180828342,0.181503022,0.182563425,0.183094102,0.183794293,0.184074106,0.184456212,0.19332293120793523,0.185240859,0.17940846765729912,0.188433563,0.186435436,0.18420054029200034,0.186772909,0.18371847742715983,0.187425381,0.187392315,0.1914101047936609,0.187939374,0.18816404,0.189315788,0.190177857,0.1755501379288765,0.190551433,0.190870029,0.190771445,0.190702206,0.191571174,0.18572097715943112,0.19532639113894665,0.19975127976152812,0.193558643,0.193414246,0.194098995,0.194906018,0.20046893703370566,0.19402592908922803,0.196368909,0.196562996,0.18840645963603167,0.196590509,0.19392266563296393,0.142,0.195658596,0.195115772,28.08
92,1494951831.0,47.0,0.11479159087733964,0.081395836,0.072122727,0.069744815,0.069681928,0.07203247411655275,0.070570454,0.059053933,0.05827799474716043,0.058653978980260604,0.0432,0.07831332461277953,0.08230760627196342,0.07150721507347932,0.082891605,0.085070524,0.08724109,0.08908630435907618,0.091826174,0.09330799400795597,0.09577886087726561,0.100085713,0.10278391051779853,0.10907436118600285,0.10780021,0.1089665139218422,0.1782,0.116293972,0.11802416913918468,0.121537917,0.124550494,0.1303282537181674,0.13317552441174949,0.131754845,0.13506244707358556,0.14075076536244582,0.137934395,0.139953419,0.142361495,0.1451083456624703,0.1508191080649017,0.14476354692104704,0.15457377,0.15463927882918183,0.159648569,0.162633029,0.1623412808547542,0.168417238,0.171757643,0.175942951,0.179516565,0.182432896,0.184783584,0.18691629673276866,0.19113825664929168,0.19212021426557496,0.1971687075636125,0.204570872,0.207766952,0.191225186760292,0.209012954,0.2185735845036183,0.114,0.207960893,0.21406964995486125,0.209488612,0.210436602,0.21839445178221717,0.209159551,0.21822059054507212,0.249819992,0.26433096707854487,0.256290521762621,0.19887055655957062,0.20401017072472727,0.205769179,0.21974286348183247,0.22091799508878088,0.204638632,0.203241863,0.202482738,0.213551738871738,0.202312184,0.201882245,0.202580015,0.2026612187570351,0.20898799065985002,0.2996,0.29708236746903016,0.3004,0.206230137,0.206208067,0.20344277715216955,0.205802619,0.205680305,0.20512724,0.2073199036514595,0.204095369,0.2053617417625346,0.203890828,0.203778971,0.203587162,0.18943630029346817,0.203271939,0.203410582,0.20355785926829326,0.1476,0.3001,0.191092712,0.204296098,0.204004934,0.203432326,0.203487631,0.202752124,0.1955520891848039,0.2010934654602835,0.202425561,0.202531375,0.20069731151254017,0.202653753,0.22362158531518359,0.203859398,0.203872876,0.203829981,0.203504058,27.91
340,1495031215.674676,44.8,0.12675157602828988,0.088834723,0.076906098,0.07873002404069883,0.07577287392133679,0.07741409624665577,0.0716693,0.06874766337931879,0.072302156,0.073903986,0.07632586366834915,0.077383767,0.08124712050367845,0.07910572239824167,0.083523854,0.086246265,0.09102171190821659,0.090557592,0.093746366,0.095781249,0.09878799936040095,0.101270367,0.103762454,0.106037066,0.109670075,0.11101742397259129,0.115676923,0.11744853716145531,0.121309609,0.123877167,0.12599131,0.128237717,0.13113257438006998,0.133572513,0.13712127809095964,0.19657579128680908,0.139132572,0.14104876,0.142765091,0.14546051054979356,0.144445809,0.147566984,0.14425708261851977,0.149697566,0.150931724,0.15198883,0.153548313,0.155419434,0.156967593,0.158678324,0.159900683,0.161146303,0.1643185988882765,0.163864977,0.166400617,0.168004936,0.17218019911589255,0.137924644,0.15167015650982352,0.158931727151693,0.17623757,0.177684851,0.17578203325218622,0.17880367789247245,0.182080531,0.184505748,0.1854374380169148,0.19184718643590015,0.18853242594296044,0.13650795701587498,0.13844297213632917,0.206052798,0.195739018,0.1932185262834365,0.1294,0.201364685,0.21479052765358428,0.202851575,0.20359148833132604,0.205866643,0.19988391541492825,0.207366559,0.2145121996015772,0.209886151,0.1990237891641876,0.19884416277863376,0.14452568928006185,0.212257807,0.212774327,0.2067119642447684,0.148174493,0.15612090215558794,0.213311242,0.21852364342033984,0.28347953099186896,0.215827477,0.215556348,0.2171404592055025,0.215269176,0.21050838173595984,0.26212138199357593,0.216080542,0.216491406,0.216458444,0.217890152,0.21803814710735747,0.2250713327606138,0.16310022,0.16174852727554073,0.22707269976521158,0.218961606,0.219019094,0.223706476238585,0.219647581,0.21245258347275106,0.220305874,0.221068054,0.220204994,0.22096381797291037,0.219200795,0.24288680587843833,0.24021963280324066,0.222305175,0.2217132753711082,0.2143527305248047,27.01
565,1495746945.0547488,34.5,0.08200703399841831,0.061004455,0.055752112,0.054451376,0.05224090707795633,0.05662255497134058,0.052842933,0.052981995,0.053736298,0.047186253,0.055958036,0.057058698,0.05805926628401495,0.1294,0.061555509,0.06581568842315179,0.064614629,0.06586767663354574,0.0589,0.06408644784161942,0.071898922,0.07599637063414373,0.075774911,0.08020980354591825,0.079631825,0.07807079476036832,0.073,0.085365389,0.08768347505932074,0.07884685,0.091993662,0.09777767259473327,0.122139206,0.12003238168839499,0.097570505,0.099200651,0.10079669465899749,0.10868256181106614,0.102114442,0.10999006182209967,0.10509428,0.0999213730509891,0.107029623,0.10282869959691851,0.11347075983333046,0.110105965,0.1066685445974081,0.111403982,0.1187294880265752,0.11469495,0.116256165,0.117528075,0.119054042,0.120588262,0.12951606115719935,0.13874249638888625,0.124062527,0.125749782,0.113942049,0.127335572,0.128615157,0.130684177,0.1267784943821783,0.133812862,0.13465161000325254,0.136549455,0.13836763,0.140019021,0.141078347,0.1449742436471726,0.143072844,0.144337159,0.145482313,0.147577556,0.1494961501115201,0.150136566,0.151190555,0.15023069328372377,0.151498059,0.14998073363814665,0.153789558,0.154444208,0.1590501120073525,0.15867738131557607,0.157321402,0.158369562,0.15824178,0.16615645726665623,0.1685417142014139,0.15342506421244442,0.158955255,0.16682563893557015,0.159837879,0.160538202,0.16132343613078118,0.15879667680186255,0.161448098,0.16770775015049863,0.16610905407870089,0.1657072153906418,0.16341865228342606,0.163577589,0.164738564,0.165181482,0.164410877,0.16455622081918234,0.14934052076299617,0.163518252,0.16210050884840488,0.1639824,0.17415343965749158,0.1632969120853521,0.164954067,0.16314224824979123,0.164760707,0.193892014,0.166294514,0.16729472,0.16029110516627132,0.166470129,0.164812762,0.162957011,0.161518233,0.160469706,0.159631714,37.35
346,1495031889.0,43.9,0.12968127508431723,0.090656941,0.079941254,0.076528624,0.07363917715700699,0.074311783,0.074358113,0.074465895,0.07563379416174254,0.07478142398615026,0.07816092,0.080363475,0.082160027,0.08175841084977273,0.08375566930346255,0.078016822,0.091739882,0.09370283615618728,0.09252998053235277,0.099250826,0.102182618,0.104934355,0.10789453686482198,0.16348924023254896,0.113496529,0.11521436491074938,0.119600296,0.12182899922414643,0.12345398684960307,0.128268609,0.130811324,0.133490328,0.135753133,0.138474111,0.14267320616423748,0.142900057,0.145361541,0.146601934,0.13912089061230054,0.149645231,0.150826995,0.152468423,0.1489811776826349,0.14854482839404015,0.20954070797182156,0.158647005,0.1581165470514818,0.0979,0.162665763,0.164469688,0.166284851,0.17242613097726978,0.17551239999841456,0.16846814806946855,0.162981547,0.174257065,0.175754983,0.177704739,0.179615132,0.181409908,0.183331355,0.19376086115100427,0.123470353,0.1283668448929502,0.12881852180992176,0.192207943,0.1933986746970379,0.195561747,0.176066088,0.199521971,0.200951654,0.202979713,0.19307368842248251,0.19111391587877347,0.2115185041944825,0.20452622775812093,0.21834531089851114,0.1322,0.212222075,0.212817151,0.213886537,0.2258752355374582,0.23390910506735435,0.218543009,0.218940348,0.219467478,0.219488681,0.2296276909748897,0.220291697,0.221311293,0.222358613,0.22978188065178456,0.223075472,0.222524803,0.2142377869263569,0.2189150783954953,0.2228498400039231,0.22380371422160317,0.1444,0.224584649,0.225504213,0.225491302,0.225362857,0.23475474786495334,0.226123162,0.226805119,0.23455467986846817,0.2964006136024194,0.226913973,0.256580464,0.2543727432419125,0.227053957,0.23143950777996128,0.23082359104511516,0.230163272,0.23455056438992136,0.2311818,0.231850914,0.231727653,0.231768702,0.2575192399034123,0.25485227868103577,0.233232144,0.23259828029667917,0.233752543,26.77
242,1494977234.3874803,44.1,0.0846131,0.06262537929510816,0.0407838341584424,0.099125118,0.09554072400975092,0.060474296,0.060403957697939485,0.09502669795736063,0.0377,0.101846337,0.10335850392944008,0.106728196,0.108943386,0.113329985,0.11034969055950095,0.087148659,0.09206293740101967,0.123620709,0.1196359677604502,0.1244139542971777,0.072578004,0.07668140751286306,0.142029763,0.144654975,0.1435838184435279,0.152749277,0.155965206,0.144791872,0.14598038251690568,0.16639669,0.16196904556800248,0.197,0.17395961387884407,0.1743390862347423,0.100358591,0.10570606711224466,0.0889,0.188471248,0.18163068502897983,0.194086385,0.194744824,0.196445529,0.198753998,0.200245861,0.202836829,0.204834682,0.206232711,0.207819059,0.209622555,0.211076098,0.213621465,0.22026918030662052,0.217029148,0.218258298,0.219556335,0.222324786,0.22846700682573998,0.2233437079534983,0.142675685,0.13113484575358034,0.1299100331116535,0.263,0.26091181832845306,0.235973418,0.24407314161326327,0.2349051398722844,0.242532035,0.244226591,0.23922968171089215,0.2505720634319968,0.1231,0.252808881,0.255098236,0.25612675,0.2648618517610194,0.258360955422988,0.18346976114413324,0.1835152031313053,0.18294012759172013,0.2560583041188314,0.170877383,0.17939746388307823,0.27773586992633886,0.27357629306587405,0.268645558,0.27357231594748443,0.151322466,0.15898585126334755,0.271682869,0.272168175,0.27259129365952817,0.272748757,0.273996187,0.274470252,0.275233571,0.274371464,0.27440197,0.273891587,0.28065353697447426,0.27009520776314666,0.28205177813019633,0.2837025683769475,0.27240074482325827,0.276856005,0.269301520180315,0.276212558,0.2879993469079918,0.277923328,0.296156571,0.2996,0.2916413109567292,0.28813917900049674,0.28137064686215324,0.279287522,0.2721103057944382,0.277787977,0.2754602822435671,0.230153322,0.2323716600046913,0.26086864394552894,0.28124238875142693,0.278575771,0.278874247,0.2780650987683356,0.2680625249087536,26.09
14,1495549937.0,34.7,0.080388577,0.079127421,0.048042748,0.047165255,0.082359103,0.046215436,0.046031431,0.047270933,0.047518467,0.048109666,0.048915286,0.050283977,0.05206648,0.052833832,0.054742533,0.055518873,0.057248038,0.058792284,0.060358529,0.062492259,0.06428886,0.065931142,0.067306711,0.069704534,0.07148276,0.073171509,0.075190918,0.077203791,0.078765571,0.080470537,0.082385181,0.083863214,0.085733104,0.087278855,0.088929544,0.090331764,0.091428852,0.092812842,0.09405309,0.094970492,0.095863004,0.096956446,0.097785522,0.098962688,0.099428994,0.100863317,0.10187692,0.102938583,0.104060627,0.105137292,0.10635893,0.106673763,0.108309875,0.109609744,0.11083844,0.1125346,0.113813503,0.114860556,0.116368963,0.117365456,0.118456674,0.12042361,0.121635718,0.12269028,0.124161779,0.125408168,0.126642942,0.127977544,0.129529368,0.130876541,0.13182793,0.133141902,0.13448359,0.135555182,0.137011629,0.138266706,0.139191611,0.139682345,0.14005223,0.141070117,0.141935496,0.142555759,0.176235147,0.143790092,0.144642349,0.145437157,0.14251345,0.146461249,0.146563815,0.147130008,0.147546282,0.148049933,0.148296673,0.148406235,0.148511401,0.148655357,0.148807881,0.148897859,0.148951288,0.149102635,0.149540391,0.150223483,0.150439585,0.150068423,0.150263322,0.150605167,0.151249783,0.151488266,0.152227693,0.152451214,0.153150054,0.153884139,0.154205067,0.154212623,0.153962003,0.153645413,0.153634717,0.153257692,0.153365027,0.153074724,0.151687546,0.154541618,0.155262082,0.156107794,0.156471316,32.72
601,1495797498.0,39.3,0.082583523,0.057944091,0.050607042,0.048347516,0.046825127,0.045964489,0.046744407,0.046849298,0.046982424,0.048273751,0.04937084,0.050026463,0.050089995,0.052062476,0.053806046,0.055145581,0.056884281,0.058744642,0.060666329,0.062268833,0.064084991,0.065550321,0.068032287,0.069360954,0.071145598,0.072799338,0.074511381,0.076848294,0.078337609,0.079941921,0.081938383,0.083311068,0.085391049,0.086760344,0.088736019,0.08977589,0.090886458,0.09182928,0.116448616,0.094355277,0.095396906,0.096756082,0.097334286,0.098368823,0.098685198,0.099899561,0.101140572,0.102325002,0.103212732,0.104010222,0.105830478,0.117429038,0.107790966,0.115180662,0.110371477,0.111667752,0.112457397,0.114133437,0.115001861,0.116387013,0.117918909,0.119098639,0.120390288,0.121775838,0.122798527,0.12451137,0.126444648,0.127947509,0.129427551,0.144623743,0.131794214,0.132951958,0.134416373,0.135898517,0.137206636,0.1380987,0.138971784,0.139761456,0.140322885,0.141695598,0.142288445,0.143227104,0.144021319,0.144572904,0.14474799,0.145297166,0.146154008,0.14701061,0.148000941,0.148117142,0.147833398,0.147948104,0.148607055,0.14905175,0.149088406,0.149241946,0.149159457,0.149657376,0.150425586,0.150654528,0.150752319,0.150524879,0.150970265,0.151391287,0.152342506,0.152641532,0.152793332,0.153096697,0.153867279,0.15438105,0.154586118,0.154773173,0.155129742,0.155440826,0.155452701,0.155753956,0.156701663,0.157326917,0.15818043,0.158909385,0.159425593,0.159202397,0.158252033,0.157664036,0.157358474,33.84
388,1495625776.0,35.7,0.040556748,0.064046459,0.057472033,0.054662462,0.05491985,0.053861674,0.054263719,0.054555978,0.053212734090806825,0.05394721147710517,0.05680374,0.058512369,0.059884621,0.05984178040833138,0.062416513505053776,0.112101424,0.09409295,0.09611748729870837,0.069700724,0.07367194827042295,0.073623161,0.075095441,0.077838157,0.079317354,0.081789891616082,0.08043781083538368,0.085291196,0.087469528,0.089287718,0.090456392,0.093328139,0.095406063,0.09904826416609354,0.098183243,0.123142745,0.12936001434452038,0.102288164,0.103736854,0.105482637,0.107052175,0.107503547,0.108596446,0.10945759,0.110275907,0.12114513425277729,0.112260285,0.123491821,0.114086853,0.11555766,0.117360416,0.118052129,0.12367738655007306,0.12713544331196408,0.121920055,0.123316411,0.13337230186104568,0.13629349437968985,0.127873321,0.128981751,0.11849300911851526,0.131492686,0.14367602987298575,0.12896166456781147,0.151022435,0.137276147,0.138739022,0.140173952,0.14378070810872964,0.143164238,0.1472183857422097,0.144956828,0.145855628,0.147278262,0.15495271024486917,0.1294,0.13125645533683328,0.15832798001249734,0.15759040628453497,0.153912933,0.154539875,0.1554506254927197,0.1627265637116667,0.16772993686938453,0.137,0.158308724,0.159361043,0.15938092,0.159637266,0.16226204650803552,0.161135148,0.161116267,0.161058079,0.15950392231136468,0.160792008,0.161278269,0.161697158,0.162231318,0.1684232914290663,0.16086239851201067,0.163536023,0.16104925551377733,0.20992938729942714,0.18957646253080151,0.165428661,0.166043257,0.16618868174604215,0.1476,0.1481,0.16581297511058063,0.168897834,0.169071905,0.168315579,0.1749076503278451,0.17357620796465772,0.16824679,0.168242159,0.168109668,0.167789411,0.167497189,0.1626416647010911,0.17703672100681325,0.167591383,0.168232908,0.167684103,0.16770461,34.59
674,1495807090.0,40.6,0.035857004354720445,0.0323,0.03409999999999999,0.1131,0.037500000000000006,0.050517638,0.050230154,0.047649629579639766,0.04543532081461343,0.04672024359716409,0.1209,0.052697358,0.05308363170573199,0.05559797,0.057403677,0.06140145891170349,0.060482562,0.06162746755224268,0.06346927370155793,0.11213441744950385,0.0642876916518114,0.06986104,0.07092612226204197,0.073432291,0.07622401476242505,0.0733508614217169,0.079262805,0.081789207,0.08417526894344676,0.085817089,0.08673243855708707,0.09251745930103655,0.19133154925048845,0.092914017,0.09106832855090066,0.09606114556962393,0.14443204327368003,0.10462954767431124,0.099609313,0.100642492,0.101997213,0.102570814,0.103147916,0.104439083,0.11513026580989244,0.106611334,0.10296463169681756,0.1009209235347796,0.109476602,0.10838287291761761,0.11199694,0.11755741552667999,0.12106214693069678,0.115467282,0.11702925,0.117960639,0.119423931,0.1093,0.165714166,0.15240329301804437,0.124449304,0.13687094390334728,0.126988262,0.1315460932621925,0.129500728,0.13112417,0.13026052068147306,0.13450842,0.13303507671553347,0.13764276,0.138626203,0.14105271588789273,0.1258,0.14260772,0.143967042,0.145619423,0.146770233,0.14567270476066269,0.147526911,0.14807527,0.149069518,0.15583083037664974,0.151138298,0.151665648,0.151821857,0.152424141,0.16365514060530134,0.153875443,0.15447079,0.14889540355881017,0.155071179,0.155433202,0.15402993073465854,0.155878789,0.155614448,0.156017049,0.1520046237206685,0.15706772,0.157464455,0.15782912017490014,0.2986,0.2991,0.157998302,0.16741560372292144,0.158394869,0.158677738,0.15894716,0.15837089152272793,0.188660777,0.19109782859842317,0.159772243,0.1488,0.160855392,0.1588457644182153,0.15163263916243955,0.162267399,0.162186747,0.16775802728499772,0.160822384022319,0.162747547,0.163248468,0.163197153,0.163522582,0.16315643180883285,0.163666973,29.96
485,1495017742.0,35.5,0.10137385,0.071833226,0.063699209,0.061221153,0.059891871,0.060110956,0.060671101,0.059732108,0.060952207,0.062043267,0.062442138,0.065130509,0.065732581,0.067553687,0.06951189,0.07163412,0.073291228,0.074561729,0.077776304,0.079205036,0.081970079,0.084520244,0.087405372,0.071747096,0.091231343,0.093655837,0.095471826,0.097621246,0.09983639,0.102754655,0.097182388,0.107203838,0.108597476,0.1107021,0.135438382,0.114581823,0.116172194,0.117423772,0.118978418,0.120587846,0.123469802,0.12330101,0.124847404,0.131705061,0.126955171,0.128116946,0.128948543,0.130080153,0.131721211,0.133395575,0.134215642,0.136317187,0.137778573,0.138000027,0.139574365,0.141678307,0.143612306,0.145072824,0.147132617,0.148174478,0.149187986,0.15115912,0.15246967,0.154180207,0.155343635,0.157389439,0.15939008,0.161371309,0.162131686,0.16377912,0.165393019,0.167664961,0.169234807,0.170599699,0.172044474,0.173290037,0.174097304,0.175717298,0.176676969,0.177636252,0.178187544,0.179076102,0.179888108,0.175700608,0.181666744,0.182418726,0.183107844,0.183776289,0.184314684,0.185083761,0.185738813,0.147624201,0.186441403,0.186229127,0.186926126,0.187464848,0.187671027,0.187961459,0.188529632,0.189168294,0.189107335,0.189494338,0.218408303,0.190271669,0.191388812,0.191962072,0.191761306,0.194444091,0.191733051,0.18108386,0.193430239,0.193398066,0.193758078,0.194202283,0.162796935,0.169288389,0.195415673,0.194564058,0.195570821,0.195897699,0.196456645,0.196596181,0.196066864,0.19477804,0.193841075,30.75
505,1495633127.0,36.2,0.087285122,0.06428732698723676,0.05646661035770758,0.05662459,0.056530551,0.060412646520218674,0.056970288,0.057387022,0.056400844196311646,0.0427,0.059896358,0.06234549022595007,0.064070953,0.064562576,0.06545584042521388,0.067853202,0.070481735,0.072770432,0.07356494639797151,0.076195814,0.07566942842937031,0.079799940682484,0.108788955,0.11549196108538277,0.0856556482072982,0.08467785974087941,0.08871036004825379,0.091701783,0.094040151,0.095709162,0.09596859757981897,0.0817,0.100806097,0.09791479160651695,0.104853742,0.11037282211026264,0.11180969769049341,0.15053691793975313,0.0907,0.109857057,0.110779492,0.112001755,0.10997867524202767,0.22710000000000002,0.2287,0.115257557,0.11212864841591685,0.11123046379993823,0.118149477,0.116732575849549,0.120055481,0.121065198,0.122880859,0.123635483,0.124736225,0.126479084,0.1291506685389196,0.129396672,0.130800041,0.12017160090486187,0.11770683216836549,0.1461828468043602,0.14293761729584933,0.1403829947917885,0.14168870945833628,0.139806929,0.141479218,0.14297612,0.14416375,0.144456001,0.145286274,0.146519209,0.1348963239125625,0.1451756245333955,0.1294,0.152165801,0.1594721651031923,0.15877022587949777,0.155979858,0.156171447,0.157379723,0.158101433,0.159935893,0.1595349001441938,0.14751720220718623,0.168408475,0.17807905713859035,0.1867141741934027,0.164296216,0.158638763358652,0.1415,0.165058728,0.1633972552548864,0.166604212,0.166661643,0.1648616565196222,0.168724972,0.198646803,0.171598091,0.17070954749592832,0.172083743,0.1722171,0.172983966,0.172735367,0.17362730102657709,0.17377310175913452,0.17548381171321176,0.173231871,0.17027934418594592,0.22070500336710902,0.22329321151713666,0.16263845611540825,0.1488,0.173260551,0.173580698,0.17985469380614025,0.1788079354072766,0.175265152,0.174227493,0.16860760613907735,0.19064628269224987,0.172953375,0.173247753,0.173101662,0.174469648,32.07
244,1495038406.0,44.1,0.168692397,0.116516463,0.103072269,0.099491209,0.099603914,0.10017698,0.099527538,0.099927399,0.101058702,0.103280074,0.046813477,0.106960436,0.110090017,0.11380709,0.11778867199999998,0.1194871,0.12194689,0.126640974,0.128633371,0.132072034,0.13528578,0.139306171,0.144293957,0.146901878,0.097462807,0.154648746,0.158134205,0.161678637,0.164710611,0.167721994,0.170559305,0.173706441,0.177435692,0.166395693,0.183234892,0.186399862,0.188693215,0.191509164,0.192815849,0.195922465,0.196927934,0.199159555,0.200452779,0.201593874,0.205378439,0.20564856200000003,0.208614555,0.209360475,0.210819322,0.213611851,0.216351509,0.218065309,0.219926694,0.220627558,0.221971395,0.223734667,0.225957482,0.228310315,0.23014265,0.231601179,0.232736692,0.234599439,0.236542281,0.239076146,0.240469847,0.242241322,0.243777251,0.24766027,0.249237372,0.25113018,0.252577419,0.253533418,0.255107783,0.257162063,0.281478184,0.260508355,0.262515289,0.264356805,0.265118221,0.266283325,0.267202648,0.267924966,0.268459028,0.268790678,0.269503918,0.271136849,0.272439302,0.273554565,0.275175534,0.27539359,0.274626733,0.201565743,0.275174017,0.276205576,0.276220421,0.276389288,0.169237295,0.276530423,0.277284874,0.278515509,0.149079049,0.279412556,0.280098678,0.279418112,0.278661278,0.27809574,0.278044326,0.277533164,0.27713527,0.277220185,0.27769443,0.277771439,0.298949996,0.278302994,0.278812581,0.280371531,0.280746153,0.281083257,0.280442183,0.270279297,0.279671689,0.279927073,0.278493721,0.278000928,0.278189747,26.04
563,1495746474.9626126,34.55931900988915,0.077142469,0.061075695,0.05408026006506227,0.053898638,0.051705168338827504,0.053038168,0.05342803,0.053406667,0.054056649,0.05473139842018704,0.056188349,0.056661713,0.057606365961394006,0.0588172775352398,0.0516,0.063411815,0.065575904,0.078976635,0.07918784813738347,0.06966,0.06795457912676238,0.0720174397679427,0.075773224,0.08020800064652885,0.079945125,0.07841442925745752,0.116274836,0.1181161094808065,0.088019497,0.089753494,0.09040783223421389,0.093937548,0.095058836,0.09195618693752265,0.08998341632160371,0.0868,0.0889,0.102575439,0.103096834,0.104323633,0.105575894,0.10039369016272542,0.10505731940604689,0.108414188,0.10960106,0.111197267,0.111632787,0.112748729,0.114520748,0.11555785,0.116736138,0.117822387,0.11939427,0.12102208,0.121621031,0.13190374796401041,0.12627665951679146,0.11400652797966143,0.13826839410442948,0.12706616457657072,0.12538117923104114,0.1129,0.132734285,0.134152191,0.13501505652658288,0.137263273,0.13660609515558772,0.139951521,0.13830337416687216,0.14508956587214364,0.14641884836661523,0.144687983,0.13300941368409477,0.147811128,0.14974438961172012,0.150246599,0.15731424802435293,0.1493030524220214,0.14640134612987607,0.1501690156281571,0.1516667974971931,0.154579802,0.15919221314540002,0.156090055,0.156271217,0.157352441,0.158461993,0.158567808,0.161231881787087,0.15318443894671535,0.1436190417447006,0.15159757564100398,0.1575279763997916,0.160356927,0.16116869222184405,0.160734036,0.161186515,0.161348703,0.161961233,0.161807713,0.161458069,0.161615706,0.1462,0.162480106,0.1642039618381178,0.2857632264789886,0.29833042876925603,0.163855436,0.164369654,0.164905133,0.1749528192066619,0.163986848,0.164039739,0.1621837932689115,0.1499,0.163376162,0.162598451,0.16811482356816707,0.160971453,0.16145731,0.175657812647141,0.17298966621017353,0.142,0.158637149,0.156805898,37.87
190,1494934807.0,32.6,0.09892037,0.072292322,0.066689547,0.064995917,0.064614893,0.064992349,0.064701016,0.064659875,0.065543142,0.066102555,0.067112129,0.068544112,0.069978237,0.071419365,0.08483,0.074918258,0.075504453,0.078138251,0.079746352,0.081106879,0.082515345,0.084546626,0.086786325,0.087646152,0.08925032,0.090833769,0.093900292,0.095629656,0.096374597,0.098496162,0.100587425,0.103071876,0.104068891,0.105263277,0.106977121,0.107891155,0.108756671,0.110083198,0.111119381,0.111769225,0.112909548,0.113927396,0.142179692,0.115389421,0.11574274,0.116369146,0.116944412,0.117642614,0.119296458,0.119908398,0.121109136,0.121876982,0.122644911,0.123775897,0.1242902,0.125245064,0.125976248,0.127704123,0.129014605,0.129184859,0.130187374,0.131304499,0.132137296,0.133122806,0.133482977,0.135488824,0.137132136,0.138283992,0.138345469,0.138870189,0.139521204,0.140578864,0.141905754,0.143037988,0.14443614,0.145181209,0.14537283,0.145042408,0.145300865,0.145827541,0.146730811,0.160749246,0.148314597,0.149439149,0.149993503,0.150602938,0.151199228,0.152308713,0.152453875,0.151981853,0.151143007,0.150749678,0.150716989,0.150820102,0.151312453,0.151912863,0.15227163,0.152380334,0.152166364,0.152002785,0.157771424,0.153539687,0.154503011,0.155022908,0.154883467,0.154511629,0.15481576,0.155101727,0.155220744,0.155056735,0.154855911,0.155063102,0.155609661,0.155397134,0.155259818,0.155522782,0.153946544,0.152755434,0.15247165,0.151016085,0.148942294,0.146603559,0.144842865,0.142559588,0.141391526,34.51
475,1495268095.3033915,36.30713478128762,0.09947836659934668,0.071871297,0.064474803,0.063221651,0.060741455385315384,0.06413316817981461,0.061985048,0.062053915,0.062919605,0.063988923,0.06645427,0.067228927,0.067786371,0.070303141,0.071576741,0.073719532,0.075411697,0.069139151,0.080238688,0.08302425265675074,0.08372969073318352,0.1592,0.0891346078315425,0.09448733126381817,0.1704,0.1742,0.098467053,0.100850415,0.10285077,0.10644904301537941,0.107104402,0.109313135,0.11263877082214278,0.112635792,0.11501114,0.12091798241374474,0.118690326,0.119378609,0.120470808,0.122762595,0.124229404,0.11868712010235449,0.11642215036878957,0.127801409,0.13920522805130797,0.129573217,0.130663015,0.132046948,0.13988167928586118,0.135287838,0.136262713,0.138486211,0.139077862,0.13368262199496306,0.14774061864386331,0.1545287772927446,0.145472207,0.13454454438861552,0.147571706,0.13565470817177572,0.151014695,0.152856636,0.154508258,0.156055966,0.158244846,0.160247674,0.161038311,0.16593711602015374,0.164584689,0.1702639503396786,0.167921328,0.169108082,0.170221425,0.17306920134337506,0.172615485,0.17180575054797667,0.17549746,0.1752946126138394,0.169166221,0.178084889,0.178849593,0.17997028,0.180131761,0.179086388846289,0.182772826,0.184068011,0.183899961,0.19274647857694516,0.184247625,0.185452763,0.17375470676007196,0.1418,0.1424,0.18688866,0.187425292,0.18816306,0.187903969,0.18879945,0.168348613,0.189521363,0.189944773,0.190714886,0.19111899,0.20052379813339838,0.1991614938750238,0.191059222,0.191497063,0.17559467,0.192277293,0.193534362,0.194677823,0.194769788,0.20036810094152205,0.195380553,0.195631117,0.20116985815236013,0.195541446,0.195379427,0.195632222,0.193950644,0.2134888187173199,0.191579486,0.18951724001560646,0.189700374,0.18384073913535737,31.23
561,1495792468.0,33.3,0.076933894,0.059805915,0.054001852,0.052652994,0.052287686,0.051520063,0.051321067,0.052133268,0.052324319,0.053603301,0.054509648,0.055900346,0.056838364,0.058985587,0.060383351,0.061723203,0.06309362,0.065672664,0.066380295,0.068035732,0.0703841,0.071814964,0.073831575,0.075888644,0.078089176,0.080207041,0.08141046,0.084095563,0.086218296,0.088067371,0.08973269,0.091670109,0.093061938,0.094264813,0.095738105,0.097177536,0.0985343,0.099931912,0.1008534,0.101654558,0.103187217,0.104594849,0.10531511,0.105561344,0.10721728,0.108213082,0.109031749,0.110142309,0.111202076,0.112341072,0.113579449,0.114935405,0.115597416,0.117009583,0.118575463,0.12016198,0.121093704,0.122629281,0.123705079,0.124747539,0.131732246,0.118618818,0.129130901,0.130987656,0.132376871,0.13391442,0.166080341,0.137053953,0.137359661,0.13819503,0.139790517,0.140891085,0.142354356,0.143581104,0.14517417,0.146076592,0.146733963,0.147848761,0.148530248,0.149246634,0.149693594,0.150659128,0.151743298,0.152131491,0.152731105,0.153840932,0.154665031,0.155185825,0.155366111,0.155436488,0.155606268,0.156365026,0.15617745,0.156372361,0.156158634,0.157001867,0.157279822,0.158002239,0.15884618,0.159650104,0.159381696,0.160224805,0.159987943,0.160027845,0.160242074,0.173638459,0.160650278,0.160822878,0.160755338,0.161067692,0.160788048,0.160695292,0.161430448,0.162178554,0.163017223,0.162164283,0.162403378,0.16170785,0.160130985,0.160228503,0.160382121,0.159688623,0.159465624,0.159587087,0.159187897,39.06
253,1494990714.0,44.1,0.177117216,0.122360835,0.038074949,0.103877427,0.103651562,0.10244157,0.103472689,0.103768589,0.105448466,0.107158302,0.109551537,0.111965068,0.115978006,0.118985743,0.121579135,0.124789137,0.127511058,0.130362255,0.133813616,0.137645845,0.140517816,0.143364654,0.147199853,0.151206055,0.155619725,0.159631656,0.163787766,0.167409089,0.168995688,0.17391795,0.176876286,0.179601654,0.183477298,0.186641573,0.146020601,0.190212278,0.193446768,0.196944991,0.198317233,0.150267749,0.203295849,0.205079858,0.206251606,0.20839064,0.210120662,0.211436236,0.214338529,0.216067356,0.217102695,0.21862532,0.220727961,0.222259063,0.224534489,0.226191792,0.228237844,0.22950639,0.154069532,0.233085747,0.235074335,0.236785986,0.237449856,0.238888567,0.241938853,0.24267825,0.244397148,0.247913847,0.249820412,0.252144646,0.254509328,0.25566065,0.257667026,0.259744555,0.26070848,0.261423806,0.264256761,0.266875298,0.268567295,0.269356115,0.270819899,0.272266886,0.272026797,0.286067892,0.274078698,0.275824462,0.19203922,0.279153034,0.279169931,0.278850009,0.278874318,0.279482782,0.279926845,0.27963665,0.279986083,0.280669707,0.282148783,0.282364653,0.282485507,0.282637442,0.282782701,0.282987775,0.28338694,0.283955869,0.283968319,0.283557489,0.283852601,0.284241228,0.285391262,0.284556322,0.28437144,0.285115649,0.284306445,0.284073043,0.284556683,0.284553434,0.284814464,0.285540823,0.286311043,0.286172012,0.28576758,0.28626231,0.285919283,0.285560632,0.285581515,0.285560394,0.285852994,25.93
314,1495631669.0,38.5,0.095892795,0.064379169,0.057592721,0.055327149,0.054919411,0.054380079,0.053839036,0.054707836,0.054840933,0.056454379,0.057267989,0.057743115,0.058983988,0.061142693,0.062700893,0.064312989,0.065870247,0.06821428,0.069863417,0.071873397,0.073344019,0.075199969,0.068205986,0.079522006,0.081032821,0.083208592,0.085225473,0.087482713,0.089555431,0.09146606,0.093603353,0.096101784,0.097762178,0.099096995,0.108471133,0.102450877,0.103309518,0.105426378,0.10650853,0.107511267,0.108702055,0.109034337,0.110224839,0.111740488,0.111878998,0.112960196,0.114228033,0.115502323,0.139735676,0.117765975,0.119014785,0.12026988,0.121608135,0.12277705,0.124245313,0.125453998,0.12671401,0.128540196,0.129692471,0.130610188,0.132239517,0.133811027,0.135375582,0.136560746,0.137446448,0.139157219,0.140336004,0.141240704,0.14288042,0.144097385,0.145521546,0.146869754,0.148233711,0.149917205,0.151016404,0.151763702,0.153091857,0.154048696,0.154611495,0.15595018,0.156954747,0.157698283,0.157991089,0.158717101,0.159428948,0.160445053,0.161485928,0.161746757,0.162037473,0.162694516,0.162672136,0.163151727,0.163090129,0.191835648,0.163368781,0.163364604,0.164104336,0.164318357,0.164719286,0.164936841,0.164898746,0.164814139,0.165000618,0.165659087,0.166031601,0.166720378,0.167215126,0.167158576,0.167840914,0.168735173,0.169235744,0.169371145,0.16944416,0.169257444,0.169251162,0.169084793,0.169668211,0.169930313,0.170726594,0.171638117,0.172868889,0.173867488,0.174296301,0.174346562,0.173097349,32.6
460,1495022299.0,39.5,0.1013573363008831,0.073039981,0.065596455,0.06557413574620759,0.06302159029869756,0.113,0.060385234,0.060934637,0.060950654,0.062619245,0.06540851659570719,0.06484819,0.066063906,0.068345885,0.05503868,0.05888699311639031,0.07482800476016735,0.07365696,0.07436815245378976,0.07781422960686034,0.0624,0.06641415246597203,0.086703971,0.09188970609521697,0.09368036135664269,0.093786987,0.096531439,0.099095913,0.100932563,0.10446134512539185,0.10609766,0.108702214,0.110671797,0.112908296,0.114053382,0.116594103,0.11794234501770164,0.12802461020249536,0.120204313,0.1257747013685949,0.123601313,0.12483412,0.1223467394283665,0.20373576647025562,0.128790857,0.129866194,0.1276121484032816,0.136834258,0.13372271,0.131725512936703,0.136470824,0.14229313573456828,0.139052653,0.1336532609511431,0.1469367606063029,0.143781892,0.146132061,0.13525054625135838,0.1624529884306029,0.15418364312502938,0.151243576,0.152917195,0.1499589398745256,0.15230543927511553,0.158134616,0.160319985,0.16221837,0.1671902515017445,0.165290837,0.17102367194168283,0.1705223962698338,0.2808,0.171756282,0.173221098,0.17437833,0.176109433,0.18639396511290732,0.18653047851820287,0.208100745,0.17962336,0.180982749,0.18206468,0.18799608678949759,0.182996918,0.183718142,0.184096311,0.19223542030341953,0.20138466070329977,0.1403,0.1413,0.187426956,0.19509655938473286,0.188324848,0.188065287,0.184821705249774,0.188456054,0.187913002,0.185328113,0.188772588,0.1890703,0.189951951,0.19607426579099504,0.1816562329009696,0.19106461051948714,0.19046964943214142,0.192166967,0.192738356,0.192528592,0.192941216,0.19623931788114857,0.193667421,0.194693514,0.195687433,0.196043698,0.19631822,0.196348382,0.1954065,0.19654736233688755,0.2048246010230508,0.197555296,0.199148595,0.199737844,0.200183388,0.199768328,0.198990938,29.17
161,1495545289.0,33.5,0.079884976,0.054960523,0.050065534,0.04856433,0.047241216,0.047792105,0.047843403,0.047921907,0.04854338,0.049860161,0.050578129,0.051448612,0.052406342,0.053729068,0.055425595,0.056622391,0.058269641,0.059859498,0.061506194,0.063606742,0.065195431,0.066997185,0.068504475,0.070356145,0.072458242,0.074217657,0.076591512,0.078106609,0.079848092,0.08138357,0.083254382,0.085088998,0.086333476,0.088028503,0.089511082,0.090906477,0.092175814,0.093392276,0.094751197,0.095634249,0.096510713,0.097715816,0.098435308,0.099655033,0.100258871,0.101213411,0.10228881,0.102984102,0.104395744,0.105384237,0.106371665,0.107444546,0.10816084,0.109619795,0.111393215,0.112564326,0.11404669,0.132035984,0.116105274,0.117280324,0.118386817,0.169874295,0.121178578,0.122264647,0.123442223,0.124949142,0.126448199,0.127929812,0.129339791,0.130692078,0.147209577,0.132516812,0.13409346,0.134961996,0.136098515,0.137660424,0.138615546,0.139322613,0.139895801,0.140043405,0.140788669,0.14195317,0.142879708,0.143301761,0.144059169,0.145529404,0.146390831,0.146802388,0.146811229,0.147084156,0.147556093,0.147956484,0.147978625,0.148125145,0.148178475,0.148163255,0.148235605,0.148584273,0.148309983,0.147821008,0.147805164,0.148383814,0.148898926,0.149388995,0.149910605,0.150570633,0.150796382,0.151150307,0.15130679,0.150987073,0.150930671,0.150967065,0.15137447,0.152310326,0.152736389,0.152498652,0.152081895,0.152315671,0.15195349,0.151947589,0.152116671,0.15250453,0.151848512,0.150935166,0.149977365,34.9
277,1495142676.0,34.0,0.094224399,0.067469781,0.060783511,0.057487959,0.05784496,0.057160169,0.056964945,0.057646478,0.059074952,0.060195248,0.060854128,0.062003731,0.062909958,0.06545078,0.066344927,0.06797513,0.06996661,0.071424059,0.073890291,0.074922325,0.077189226,0.079474141,0.081881837,0.083699116,0.085821667,0.087771766,0.089814044,0.09182283,0.093547161,0.095945374,0.097702758,0.117702184,0.101227075,0.102753739,0.104852197,0.106403043,0.10723489,0.108596617,0.110424094,0.111453019,0.112146474,0.113750522,0.114178347,0.115315277,0.116126353,0.117035689,0.118376299,0.135647031,0.120445333,0.121521792,0.122987594,0.124642031,0.125638426,0.126430273,0.128706803,0.129968449,0.131183988,0.132942664,0.134135418,0.136031929,0.137233913,0.134548179,0.138305274,0.139953212,0.14197124,0.143741609,0.145220713,0.146414337,0.147594905,0.149260583,0.15090861,0.152074019,0.153236925,0.154870383,0.155829864,0.15671449,0.157931565,0.157826087,0.15829956,0.159785415,0.160081348,0.160955358,0.161897012,0.162533124,0.163810092,0.16438574,0.16483937,0.165373467,0.164688093,0.164975845,0.16515971,0.165900249,0.166725741,0.167386664,0.16720771,0.167345872,0.167508242,0.168018398,0.168845177,0.169366177,0.169837737,0.169973705,0.170348819,0.170588114,0.170706534,0.170834641,0.171176011,0.171271571,0.171845511,0.172096478,0.172408911,0.172065618,0.171342491,0.170866964,0.170810297,0.170337966,0.170028313,0.169788798,0.169519177,0.168675253,0.168432116,0.167367739,0.166367993,0.165241862,0.163823161,36.19
414,1495638060.0,32.3,0.100947382,0.07349711,0.0654741,0.062851632,0.063029245,0.062613247,0.062966031,0.063347487,0.064155915,0.06611168,0.065967485,0.06739918,0.06913501,0.070384064,0.07293007,0.075020953,0.076283809,0.079185537,0.081864446,0.082785076,0.085322765,0.087248322,0.089448963,0.09177682,0.094202846,0.096183427,0.098025836,0.100589365,0.102825145,0.105342949,0.107518965,0.109448268,0.111560989,0.114181044,0.115198336,0.116851505,0.118127781,0.138137406,0.12132073,0.122207084,0.124291024,0.125435089,0.125999397,0.127473727,0.119681704,0.129115503,0.130391756,0.131465779,0.133294895,0.13429074,0.135014847,0.135859559,0.136904974,0.138797931,0.14031124,0.141872837,0.143428124,0.145193409,0.147206136,0.148008765,0.149258447,0.150404487,0.151254163,0.152656936,0.154350316,0.155770641,0.157180056,0.158505816,0.159459175,0.160881847,0.162399978,0.163248484,0.164245693,0.166006232,0.167842197,0.169239983,0.16998614,0.17096217,0.172499392,0.17414949,0.174610963,0.175066461,0.175657505,0.176934097,0.177697555,0.179030472,0.179207644,0.179666674,0.180040215,0.180705796,0.180557313,0.180534155,0.180907745,0.181291807,0.181498987,0.182277237,0.181911727,0.181456803,0.181655214,0.181704894,0.182748465,0.182908546,0.184112769,0.184966551,0.185395977,0.18638497,0.186623462,0.187023592,0.186755087,0.186850064,0.1865166,0.186248658,0.185981848,0.18631407,0.18662262,0.186784138,0.186123659,0.186249506,0.186178296,0.18649192,0.186750966,0.203426312,0.186148798,0.18658267,0.186407099,31.5
344,1495017036.8210382,44.49954351255989,0.139016624,0.09646335336697684,0.078975022,0.076401517,0.074019258,0.075864698440166,0.073795585,0.07084011765887592,0.07155071478129205,0.07098732400896504,0.07350415856676891,0.11130778104897382,0.1264,0.084147807,0.08348543115781551,0.08880597,0.09397522234828548,0.093294657,0.09595099,0.09696871393161438,0.1019769137674666,0.10633811669504804,0.10937414734207618,0.108898928,0.10976705991850115,0.115073418,0.118303186,0.12038077058360237,0.124739546,0.126699466,0.129580151,0.132960962,0.134646333,0.136860864,0.139201456,0.14603177238356654,0.19561147915023597,0.2142,0.2077530131406304,0.2021668809747428,0.098333704,0.0933,0.153022382,0.154121499,0.16632817689384438,0.156641221,0.157798099,0.15940827,0.16791795643958557,0.20031675602808902,0.163843966,0.165158893,0.16830058642275314,0.168632879,0.17004131,0.171705167,0.173994585,0.176177373,0.177458942,0.16324572438272258,0.180692531,0.19121131546702103,0.18988490818720194,0.18504237,0.18952221220501914,0.188905729,0.190572711,0.192489785,0.195029375,0.197465146,0.198437802,0.199813862,0.1898115696923505,0.1275,0.1294,0.206632554,0.2207136271940123,0.1989262852970661,0.210783517,0.211622707,0.20486690714592498,0.191367539,0.215143851,0.21298136588177663,0.217240996,0.21839750429090757,0.2998,0.218703819,0.219245609,0.21312919530347668,0.219038538,0.218889886,0.21578441064625511,0.2189813,0.21121290481050778,0.1427,0.221032472,0.22214338656761687,0.28309413733759436,0.2991,0.222860582,0.22738515490787573,0.2140805897230966,0.225834992,0.2224194065765959,0.225809556,0.225252182,0.22773603517565746,0.21466329331732537,0.22233099392782527,0.225540328,0.21790046868614144,0.225344131,0.2264468365774427,0.21925386621099618,0.225794032,0.225303373,0.22245697984069013,0.170583393,0.187858887,0.2063963702771243,0.224531536,0.225181691,0.22457874436150102,0.2170838533352008,26.86
309,1495631069.0,38.8,0.094691642,0.062982643,0.057423628,0.054684062,0.054289889,0.053838256,0.053776855,0.053745947,0.055186768,0.056190808,0.056986789,0.057361096,0.058763693,0.060419569,0.062190197,0.063860668,0.065590064,0.06737668,0.069711312,0.071627786,0.07332752,0.074721935,0.07691536,0.079174633,0.080834798,0.083058092,0.085250239,0.086931912,0.088623576,0.091011269,0.093024898,0.09504422,0.096825191,0.098654642,0.099891913,0.101079853,0.102919133,0.104709475,0.105423544,0.106218803,0.107512239,0.108584183,0.109293416,0.110875627,0.111432366,0.112448843,0.113873312,0.114732951,0.115819027,0.117000428,0.117920263,0.119504221,0.120544211,0.121604554,0.123168517,0.124621088,0.131944019,0.126863441,0.120754942,0.130245489,0.131115219,0.132625325,0.148467416,0.13562849,0.137105034,0.137889443,0.139607421,0.141806729,0.142962722,0.14371638,0.144813047,0.146163998,0.147653025,0.148722396,0.149830481,0.151240444,0.152810152,0.15368721,0.154600275,0.155485701,0.156220433,0.156910385,0.157195396,0.158185023,0.159351907,0.159862436,0.160563693,0.160773413,0.161502331,0.161800081,0.162161845,0.162741854,0.162302651,0.162850455,0.162319342,0.162637066,0.154716969,0.164489315,0.164732417,0.164783756,0.164376018,0.164963846,0.165278423,0.165555688,0.166031448,0.166082922,0.166134645,0.166595746,0.167633978,0.167785033,0.168932935,0.169045082,0.169342933,0.169473409,0.169343043,0.168603447,0.168531106,0.168766676,0.168734438,0.169683832,0.170875479,0.171124291,0.171201009,0.170530858,0.169811684,32.74
131,1495540933.0,33.0,0.080641036,0.06015482980195762,0.052900069,0.051802423,0.04967342168662896,0.039099999999999996,0.03787935393074966,0.084779841,0.08724858908200198,0.053395323,0.05648489505712003,0.055616359,0.056115182,0.057947655,0.05936633765863983,0.060486659,0.06129904259551798,0.06246531660837441,0.065489428,0.06993447848471056,0.1289174443492218,0.0734668661943577,0.072685976,0.07690865415327898,0.0694,0.07844113,0.08040783,0.07807045002265281,0.084229001,0.0871526631412907,0.087761922,0.089775766,0.091047298,0.092576763,0.09068632864996526,0.095482762,0.09713177381025094,0.098151169,0.099145156,0.100097087,0.10143109,0.102355162,0.10311045,0.09855783481010369,0.11197404437979185,0.130691418,0.12848679234121868,0.108390409,0.109398757,0.10830792860852331,0.10726339003138163,0.112702948,0.1162447025424684,0.2464,0.11651961,0.11824361,0.11272236799999999,0.1093,0.121852938,0.122891713,0.12073459219227109,0.263,0.126887894,0.128180236,0.129464947,0.1312321757476759,0.132272695,0.133414138,0.1319759372522669,0.1351812578769844,0.2783,0.13763183,0.1258,0.139603747,0.1410216139477224,0.14224685556560857,0.143741717,0.14254986864829194,0.144826023,0.145679008,0.146746716,0.147090815,0.147997543,0.149108626,0.149802048,0.14601227019013502,0.150869451,0.161426246,0.152057172,0.152596708,0.152794937,0.152774295,0.153109889,0.16195154905590392,0.2545207503246977,0.15009667088316478,0.14533620386400636,0.153904514,0.15121898611677514,0.1449,0.1458,0.154994896,0.155068268,0.16448667497297195,0.1925418891215148,0.155733026,0.155744866,0.155773587,0.15557952632073754,0.156473546,0.156713601,0.157321759,0.16432681568010896,0.16248472474420794,0.157596343,0.157916824,0.15715700599694316,0.157536877,0.14910169408986534,0.156802724,0.17023861893743522,0.16757039403973634,0.142,0.14171650541378178,0.155024649,36.25
100,1494952791.0,46.5,0.12026871382519694,0.084802504,0.076176874,0.073839332,0.07103259337729718,0.0732258471621685,0.067388556,0.06453502908876574,0.1166,0.076433995,0.078307253,0.104681915,0.082098727,0.084082587,0.08342539153369362,0.09246321312415462,0.0558,0.0576,0.09342112499229724,0.07275182587528796,0.102082752,0.10644488302439242,0.10753872,0.110559137,0.11336111,0.11506583430123352,0.119375867,0.12157842332420837,0.124874657,0.127618995,0.130431987,0.13620861747786644,0.136313316,0.152601874,0.140715222,0.14760332694231879,0.2122,0.2142,0.149835369,0.152289608,0.155105097,0.1489668008022869,0.1534486253658763,0.161183963,0.163264805,0.164813474,0.166581076,0.182732744,0.172254439,0.175289005,0.17307439706667702,0.181058789,0.18407922009115055,0.185615238,0.166867455,0.192751869,0.19782323493391263,0.201219486,0.2233435810924005,0.205165692,0.21231385654284513,0.22176280888211422,0.204746505,0.2058632,0.2118228651888543,0.129677158,0.12876484249999642,0.13166507666334554,0.2749,0.208684732,0.208195681,0.208532893,0.19879573045471796,0.19563218232452334,0.2005684379760724,0.1306,0.291,0.214672963,0.21298971,0.211852028,0.211150443,0.211193649,0.2185229511422822,0.212230658,0.212314225,0.212594361,0.21795144291415183,0.214192393,0.214550636,0.20847343674506477,0.284194536,0.2911817408158664,0.215733454,0.215452046,0.20820018623600992,0.215309655,0.21878887016589404,0.2989,0.214395354,0.200940134,0.213167478,0.21323972,0.1994321194370881,0.213292935,0.2108947796332163,0.213027267,0.21965099881226458,0.3001,0.21360739,0.2210626857964344,0.214463525,0.20613029035709163,0.214176163,0.21457076,0.20737424884638195,0.214660589,0.214333707,0.213998838,0.22555927,0.214814297,0.209828945,0.215000567,0.213151999533737,0.21401802,0.213342525,27.71
373,1495026494.0,41.4,0.109582862,0.055759538,0.066179263,0.063984169,0.062679933,0.062445718,0.061563782,0.061814482,0.062765574,0.063435425,0.064627057,0.065286709,0.067461208,0.069925912,0.071882851,0.073840076,0.075132833,0.077246943,0.080431037,0.082649732,0.083816723,0.087376373,0.089673208,0.091443034,0.093874121,0.096618693,0.09912171,0.101664262,0.104165833,0.106516567,0.108815295,0.111155431,0.112719124,0.11566663,0.116670159,0.119120046,0.120385938,0.122471984,0.141094501,0.1252085,0.126507695,0.127376546,0.129012966,0.130188166,0.13141578,0.13219748,0.133551615,0.134621578,0.136332448,0.137741134,0.139270744,0.140605165,0.115225415,0.142733054,0.144118901,0.145873128,0.147565503,0.14930627,0.150694681,0.152841982,0.153902578,0.154887372,0.157129985,0.158195266,0.159675194,0.161154452,0.162275702,0.141002066,0.165769076,0.16764779,0.168911598,0.170539093,0.172675775,0.174029878,0.175661586,0.176485173,0.17712007,0.178054326,0.179224271,0.180079056,0.181015233,0.181732821,0.182887967,0.183515936,0.18460478,0.184846713,0.185376795,0.185791647,0.186414155,0.186523696,0.186112796,0.186131138,0.186311628,0.186738808,0.186788634,0.187370709,0.187565848,0.187870665,0.188411501,0.187947469,0.188266037,0.188794221,0.188655852,0.188776067,0.188738533,0.16787314,0.189523139,0.190471717,0.190596989,0.191267603,0.191976272,0.192508064,0.193090586,0.193640081,0.19433828,0.195379469,0.196564216,0.197208304,0.197369337,0.196425879,0.196538691,0.196405095,0.196556915,0.196543883,0.196531759,27.98
331,1495030089.0,44.3,0.129613327,0.083764187,0.073326153,0.070818818,0.069928646,0.068956922,0.06951816,0.068518897,0.069640154,0.070672271,0.071874311,0.073039771,0.075449456,0.077641867,0.079334098,0.082053371,0.084510727,0.08657675,0.089099609,0.091471695,0.093451261,0.096105965,0.098650585,0.101151724,0.104008322,0.10641896,0.109827778,0.112293448,0.115287211,0.118191489,0.121028258,0.123258959,0.124468658,0.126954232,0.128989983,0.131029194,0.133038135,0.134583822,0.135764865,0.137773327,0.138725463,0.140596961,0.141403109,0.142953779,0.144282848,0.145793285,0.147234459,0.147989529,0.150082917,0.151175168,0.152584544,0.153906123,0.154917185,0.15708845,0.15808801,0.15983565,0.184496414,0.162807934,0.164441673,0.166543035,0.168475055,0.169867348,0.171229219,0.172937632,0.174033562,0.17592029,0.177464954,0.179360924,0.180959616,0.182661597,0.184672194,0.186677557,0.187647909,0.188730764,0.190742313,0.192739546,0.194621172,0.194950544,0.19530364,0.19645803,0.197378487,0.199039498,0.199424654,0.200431968,0.200994594,0.201738094,0.202161442,0.203019768,0.20361414,0.203540608,0.203696839,0.203504808,0.204245427,0.205024327,0.205711547,0.205454368,0.205492006,0.205623468,0.206184532,0.206647179,0.207780631,0.208569809,0.209374128,0.208783767,0.208115937,0.207583916,0.208017394,0.209302198,0.210510218,0.210528642,0.210570467,0.210903241,0.210630861,0.20945247,0.209041429,0.209343556,0.210288114,0.21044843,0.211064125,0.211622537,0.212081027,0.21271487,0.212891945,0.213105669,0.213852375,27.1
215,1495034652.0,44.7,0.144427442,0.093846521,0.083107352,0.079887742,0.079236614,0.044518657,0.07776684,0.079612676,0.080235233,0.08150152,0.083493178,0.085208456,0.087854855,0.090722991,0.092670065,0.095005267,0.096953195,0.099880767,0.101865403,0.10481117,0.107969508,0.111676703,0.113948262,0.116995133,0.091729491,0.122094953,0.125584541,0.128802705,0.132434833,0.13584211,0.137543768,0.140729749,0.14294632,0.146200828,0.147683935,0.09242115,0.151872188,0.153506584,0.155980938,0.158629159,0.160322324,0.161962853,0.163060833,0.164185769,0.165921495,0.167606953,0.167731554,0.170041121,0.172087649,0.173797958,0.175044968,0.176375896,0.178594963,0.180074606,0.181499596,0.184123028,0.185571661,0.187623966,0.189149206,0.190376694,0.191792328,0.193014793,0.195008208,0.196554667,0.14888627,0.200645796,0.202569866,0.204083213,0.205444902,0.207398798,0.208950592,0.211129649,0.212547198,0.214857433,0.216573333,0.213540872,0.217905152,0.219176783,0.220072464,0.221001953,0.223020664,0.225122889,0.225313809,0.225543971,0.226078903,0.226551296,0.227406707,0.229027856,0.229800398,0.229955265,0.230313168,0.23047039,0.230277277,0.23105313,0.231061226,0.231619559,0.231297662,0.193574574,0.231403826,0.231604717,0.231457687,0.232035115,0.232765962,0.218795781,0.2341094,0.234728995,0.235600954,0.234741652,0.201383277,0.23530879,0.235931167,0.23697972,0.237787233,0.238459383,0.238727199,0.237528678,0.219914006,0.238479355,0.237698082,0.237837051,0.237457906,0.236768941,0.237048983,0.237172338,0.238514444,26.51
122,1494955431.0,43.3,0.12422217518662082,0.087261483,0.077601056,0.074352515,0.07152999361640205,0.073273057,0.074082569,0.07112253553745966,0.07648156151308216,0.077572822,0.078954352,0.080988846,0.082879727,0.084940438,0.087487774,0.089864763,0.091782701,0.095096163,0.097494871,0.09833888800397486,0.103184176,0.106047461,0.109322845,0.11606253011620932,0.11243568818605763,0.117797776,0.11991021889685063,0.08508954,0.08741286938297158,0.129122265,0.132035042,0.13781136469303856,0.129481166,0.12764432712389365,0.086,0.09079933176258766,0.09251506763081889,0.0893,0.150932267,0.15339971,0.156522191,0.158793486,0.15507738716285444,0.162440508,0.17490094604195902,0.166086562,0.168130782,0.170165173,0.172307435,0.173903162,0.175712882,0.177775064,0.18082053878639495,0.18888516850246742,0.184616367,0.187056184,0.19192130541144775,0.191748372,0.193739248,0.17827522348947084,0.196677831,0.197841637,0.19679777115937944,0.20129429,0.203693794,0.205860294,0.20751018415000755,0.21528681221352944,0.21121929520087368,0.2761,0.156396879,0.16075469636232095,0.14956468637092996,0.214872529,0.22101701076046337,0.21282727202469784,0.22767885952708072,0.218838967,0.217196755,0.215954809,0.215334147,0.22743959290716131,0.22298267621393622,0.237993386,0.21752438,0.21870167299146936,0.167333456,0.1755783199694816,0.21971621167730468,0.1413,0.22062371,0.22805921207290286,0.3009,0.220428563,0.220478877,0.191455999,0.219719793,0.219321453,0.219502088,0.219294788,0.219389913,0.2240829898247887,0.21066099411404515,0.220647217,0.22140302,0.221753129,0.221691156,0.221561372,0.21097262550823426,0.21789791381932666,0.22086138131578165,0.2129286336841678,0.2637047110104075,0.222135673,0.2149414172837505,0.2258835878892398,0.1686474,0.17335704254170348,0.219833079,0.195050213,0.220298149,0.21763064887937175,0.2988,0.21897399,0.218950883,27.31
72,1495537346.0,31.4,0.119141272,0.081141727,0.069622862,0.065592035,0.064661925,0.063384492,0.063236701,0.063405733,0.06400527,0.06449819,0.065322255,0.066588207,0.067350127,0.068364973,0.070168321,0.071364764,0.07281013,0.07444127,0.076120664,0.100488057,0.079628613,0.081449207,0.083159366,0.085169494,0.087417639,0.089140115,0.091556629,0.093382723,0.095319018,0.097583714,0.099390049,0.101076484,0.102760008,0.104121442,0.105895004,0.10731795,0.108731844,0.109887202,0.11236954,0.115174966,0.116848655,0.118631661,0.120824903,0.122760914,0.124480524,0.126484234,0.128165669,0.130578493,0.13356286,0.136514111,0.138619585,0.139823844,0.162342394,0.144673124,0.147145171,0.150463703,0.154459585,0.156977738,0.157934252,0.157459841,0.157015758,0.128530462,0.157088141,0.157275297,0.158521977,0.159881717,0.159395046,0.158341748,0.156934389,0.155462874,0.155206938,0.155447615,0.156007365,0.157043238,0.158629061,0.159165011,0.15803033,0.156345932,0.155159692,0.154700211,0.155039986,0.155771446,0.156481467,0.156902893,0.15756504,0.158427315,0.159685116,0.160609636,0.160404444,0.160639711,0.16070003,0.160949657,0.160478026,0.160330803,0.160738822,0.161270532,0.161308439,0.161515813,0.161988865,0.162267244,0.162826197,0.163417379,0.16115878,0.163887108,0.164675529,0.164909389,0.164701528,0.165345756,0.165416208,0.165687689,0.166453848,0.167594892,0.16895514,0.170193743,0.17109971,0.171515992,0.172024403,0.171856901,0.171822063,0.171930928,0.172530511,0.173212506,0.173555177,0.173986467,0.173833571,38.27
107,1494953631.0,45.8,0.130775137,0.086955724,0.076603339,0.074679002,0.072735623,0.073274673,0.073516096,0.074836032,0.07531424,0.077198422,0.078388531,0.080199572,0.081862024,0.08432472,0.08686007,0.089434194,0.091506765,0.093764953,0.097398793,0.100268511,0.102217989,0.105482243,0.108174095,0.110965594,0.113804865,0.116717299,0.119710169,0.122550874,0.125788228,0.128337973,0.131154537,0.133887546,0.136143078,0.139119624,0.141325162,0.143333322,0.145738655,0.115713376,0.149927394,0.152678115,0.155447604,0.157747911,0.159471143,0.160963631,0.163171305,0.164413991,0.166834847,0.168807378,0.170895667,0.173443164,0.17639643,0.178806511,0.180922056,0.183022046,0.185980035,0.18941521,0.207931653,0.196852274,0.199640586,0.200868681,0.200879634,0.200843186,0.200880837,0.202527181,0.203788352,0.205696046,0.207393883,0.208283377,0.208090197,0.201384487,0.208641465,0.209379548,0.209951671,0.211201153,0.213564427,0.215905007,0.216936795,0.216223204,0.214504826,0.213204751,0.212525966,0.212688641,0.213109297,0.213183699,0.213651156,0.214072762,0.214741248,0.167472144,0.216025795,0.161615105,0.217347676,0.217340347,0.217030223,0.216788218,0.216368965,0.216569383,0.216204124,0.215941218,0.2156731,0.215838271,0.215421422,0.21562604,0.215512408,0.21593912,0.21611501,0.216543798,0.216610635,0.216819401,0.21674601,0.216778141,0.216712952,0.216417519,0.21599293,0.216047362,0.21576078,0.215886175,0.216641371,0.216763987,0.21696533,0.216703105,0.216259082,0.216166844,0.2159025,0.215047007,0.156990231,27.55
271,1495622087.0,33.0,0.095977537,0.068837982,0.062414454,0.05947888,0.058462549,0.086471972,0.057528377,0.059001856,0.058950521,0.0614752,0.06182929,0.06282312,0.064196831,0.066352952,0.066881245,0.069428451,0.071080272,0.072966007,0.074815965,0.075901825,0.07802897,0.080136216,0.082889598,0.084183283,0.08630976,0.088731856,0.090463354,0.09286735,0.095006467,0.097132385,0.098609963,0.100040393,0.102108866,0.104097215,0.105020975,0.107342806,0.108803925,0.109309061,0.110366495,0.111875336,0.113723399,0.113984278,0.114198158,0.115900729,0.116969591,0.11758514,0.119180823,0.119364931,0.121232691,0.123159213,0.12404349,0.125694429,0.126877051,0.127770054,0.129453283,0.131026651,0.132633745,0.132994092,0.134023874,0.135607809,0.137271454,0.138763142,0.140135218,0.14189029,0.143234944,0.144278201,0.146379783,0.147894306,0.148962782,0.150116897,0.151060442,0.152440782,0.153889114,0.155220819,0.155848187,0.156882658,0.157662485,0.158675381,0.159636844,0.16062526,0.161225797,0.161990082,0.162514489,0.163403668,0.164510833,0.165074859,0.165258239,0.166345888,0.166501133,0.166394184,0.165926706,0.166335489,0.16693761,0.167182553,0.16691946,0.166962936,0.167119758,0.168093756,0.169109128,0.169752185,0.170255597,0.177147217,0.171196393,0.170836343,0.170675716,0.170747769,0.171407177,0.171133383,0.170612288,0.167640434,0.171416597,0.17236992,0.173483717,0.173992287,0.173984342,0.172929068,0.171848144,0.171632514,0.171164951,0.170861392,0.189215165,0.169249392,0.168389956,0.1814872,0.166531602,36.57
103,1494953151.0,46.2,0.127469643,0.086052159,0.076450654,0.073185783,0.073289011,0.073037436,0.074247277,0.074571676,0.075731291,0.083172706,0.07763032,0.08025388,0.082010419,0.084507273,0.086421187,0.089480465,0.091694965,0.09424115,0.097036437,0.09981928,0.10248683,0.105380537,0.133450721,0.109378717,0.113781716,0.116438667,0.119815093,0.12225542,0.125874424,0.128205669,0.131487048,0.133226054,0.13605968,0.138710672,0.141526222,0.14357055,0.15534804,0.147126914,0.150064835,0.152798362,0.15536733,0.157445682,0.159449487,0.161354542,0.162879767,0.164850571,0.166934603,0.168773529,0.171455099,0.174222127,0.17723148,0.179652757,0.181907236,0.184439509,0.18778321,0.191050997,0.194809827,0.198876027,0.20178181,0.202807434,0.203081039,0.203051997,0.203794227,0.204250686,0.205894906,0.207289272,0.208293985,0.137523931,0.208674888,0.208607387,0.208733536,0.209344779,0.21022375,0.211444623,0.213180213,0.214673565,0.215422248,0.215094043,0.213538865,0.212420284,0.211882738,0.211771157,0.211677686,0.211980745,0.212870994,0.213540381,0.214589106,0.21568123,0.216190578,0.216662137,0.216666779,0.216437978,0.216642556,0.216347976,0.215492067,0.215439777,0.215380088,0.215287189,0.214754196,0.214762987,0.214884942,0.215004292,0.214503903,0.214495879,0.214391353,0.214529312,0.214521091,0.214525011,0.214652429,0.21512004,0.215574855,0.215220858,0.215023471,0.214309473,0.214200298,0.213756177,0.213681982,0.213527121,0.213686797,0.213988537,0.214445122,0.214890261,0.214639785,0.17382301,0.214847546,27.74
