index,datetime,soil_temperature,454,458,462,466,470,474,478,482,486,490,494,498,502,506,510,514,518,522,526,530,534,538,542,546,550,554,558,562,566,570,574,578,582,586,590,594,598,602,606,610,614,618,622,626,630,634,638,642,646,650,654,658,662,666,670,674,678,682,686,690,694,698,702,706,710,714,718,722,726,730,734,738,742,746,750,754,758,762,766,770,774,778,782,786,790,794,798,802,806,810,814,818,822,826,830,834,838,842,846,850,854,858,862,866,870,874,878,882,886,890,894,898,902,906,910,914,918,922,926,930,934,938,942,946,950,soil_moisture
297,1495629629.0,33.25990550807783,0.035,0.0323,0.03409999999999999,0.055072464,0.052842893737111374,0.053902103,0.05347806674899321,0.054125455,0.054905853,0.056169121,0.057153316,0.05829059,0.060007806,0.061594463,0.062740199,0.064023397,0.06537990058766488,0.067937841,0.070061006,0.071412628,0.073162615,0.0645,0.077042761,0.08156475671180154,0.081294735,0.083801123,0.085785928,0.087641296,0.089010066,0.090982606,0.09155544546844174,0.095015082,0.09866618302903687,0.098769345,0.09948432,0.10479842050396117,0.102048426,0.104069565,0.105047679,0.11254951007628805,0.106914999,0.108050244,0.10883613,0.109286604,0.110826821,0.112269307,0.10896144199979176,0.11450131,0.115017008,0.11371683013737349,0.11509600551197903,0.12068963668986886,0.121234058,0.11289985746011656,0.11024438719745944,0.12204919347392387,0.125386338,0.126498999,0.13873205477295847,0.129879448,0.12851264837181675,0.140796814710079,0.133670457,0.13758500943560947,0.137305392,0.138281842,0.13765892086099202,0.14110993083607085,0.142739767,0.144007156,0.144965678,0.14808116053840154,0.146664338,0.148482516,0.150374916,0.15093731882622682,0.15198647,0.15105139626312936,0.256665697,0.2495416465643887,0.155785202,0.157194727,0.157606988,0.157916257,0.15867997,0.15554134028029123,0.160260308,0.16095839,0.1635346306925462,0.161788386,0.162087169,0.184640923,0.162714897,0.17097751594650124,0.162753662,0.163667541,0.16062175792379707,0.164685984,0.16284936172428546,0.166455053,0.167262595,0.17448649722506984,0.15930076709601806,0.168659022,0.1473,0.168986059,0.169809904,0.16973497489525136,0.16733496913549067,0.1654821353060212,0.17949547778433284,0.181721014,0.18780950710883434,0.169290504,0.169071358,0.17549571436030825,0.169113284,0.17376079300219952,0.16311160684633108,0.170877695,0.18662568199900323,0.171315768,0.171090772,0.171263561,0.171044763,33.34
307,1495630829.0,33.60046307538268,0.041755799,0.06398019,0.057804303,0.055216281,0.054848634,0.054389901,0.054568439,0.054388528,0.05520929,0.055802461405820264,0.056696525,0.058768891679866306,0.059196731,0.075837697,0.063173089,0.064849918,0.06633358017278745,0.068520902,0.070153656,0.072172534,0.07370393,0.075389055,0.079892834,0.07966619,0.081431369,0.08381869,0.085897908,0.088037198,0.090145234,0.092243992,0.094319661,0.096443039,0.098128289,0.099555887,0.101325942,0.102941176,0.104292853,0.105734544,0.107248441,0.11446982420664442,0.109687542,0.10442596851808138,0.111007473,0.111917233,0.1228365266884386,0.096,0.11493883,0.11439192466165084,0.117399876,0.118809584,0.119762585,0.1018,0.122708997,0.123900047,0.124968809,0.126867979,0.128077042,0.129708122,0.1423659817731509,0.131540757,0.133405722,0.1455243428628269,0.13624491,0.13991162604278748,0.121695077,0.140813619,0.141776572,0.142749544,0.144660481,0.145489486,0.146865509,0.14842001,0.13685492478934214,0.15086612,0.15244543,0.160471306,0.154922937,0.15407931660113813,0.156442209,0.157296705,0.157749265,0.158329946,0.167570784,0.160520706,0.161518077,0.162273432,0.162748128,0.163095841,0.163668492,0.15801628238052487,0.22139679385204858,0.163902813,0.164134675,0.164752645,0.16492106064498804,0.165394877,0.165086562,0.164933244,0.16311609034966892,0.166200973,0.166800384,0.17404672696025383,0.167351028,0.167153281,0.167915185,0.168650172,0.168445821,0.167850049,0.167588781,0.16745883,0.167789598,0.168320005,0.169438825,0.1496,0.1499,0.170953759,0.170056727,0.171489077,0.17095559,0.16570729410432058,0.171246965,0.167792575,0.17099462,0.171253475,0.171264773,32.86
421,1494768002.0,33.06633071169969,0.0979938090830304,0.07094793,0.063252926,0.06100069,0.06001186,0.059856431,0.060186335,0.060728404,0.062091006,0.05842065,0.0639723,0.065798215,0.066975587,0.06681853680481752,0.070152086,0.072017114,0.074255892,0.07576126522439655,0.078064859,0.080145893,0.0803320862434385,0.104028021,0.115288716,0.088938596,0.091798848,0.094501949,0.096450135,0.098928231,0.101282117,0.0784,0.105600412,0.107511824,0.109957669,0.111522095,0.1121452733835743,0.11895420935749794,0.116350253,0.12622856746245661,0.119536718,0.120787973,0.12189272,0.11639554253625287,0.124161664,0.1214981052682598,0.13764912425697895,0.128744198,0.13131561,0.0979,0.136386347,0.138842219,0.140677966,0.142376882,0.144658042,0.14749308,0.150868977,0.15723859034658935,0.156830044,0.159590678,0.17620420707120338,0.126270243,0.124495237972954,0.160597417,0.154920885,0.16168938,0.16235887,0.162658635,0.162362097,0.16734287895796712,0.160927824,0.161191649,0.161872764,0.162827624,0.163924746,0.165494354,0.166830005,0.16831546,0.169980981,0.170816194,0.171261431,0.17163861,0.17025290272860594,0.172692393,0.173159917,0.173969465,0.16228297579364964,0.175210856,0.175932638,0.1762788,0.1782921488863108,0.17251779617064053,0.3003,0.176859018,0.1748810064662799,0.17661543,0.1423,0.176568074,0.17515227754957916,0.18022773962552102,0.175978851,0.176270473,0.244804137,0.24826333174346552,0.1462,0.177341349,0.177130544,0.176802567,0.176942839,0.177587896,0.148,0.178351772,0.178613226,0.178848604,0.179048285,0.179151861,0.179288302,0.208922159,0.179311877,0.180210165,0.17510136839142382,0.180407016,0.181010854,0.181575776,0.182016014,0.182134335,0.181526475,31.29
145,1495542613.0,33.9,0.083115674,0.058996768,0.051919823,0.050970982,0.068809902,0.07126200028863947,0.050225345,0.051140828,0.051250507,0.052733889,0.11243401987078644,0.054358165,0.05497836331048062,0.056833375,0.057935334,0.059590264,0.061181009,0.063084576,0.065182363,0.06966196233772165,0.068132282,0.07219670091994224,0.06941835615208554,0.073416544,0.075580171,0.077448397,0.079068175,0.07657471971493177,0.082870363,0.08574480575892429,0.0805,0.087923274,0.09173580517326513,0.091369331,0.092903016,0.093837852,0.09589762,0.09650492,0.097573196,0.098522414,0.099980422,0.22296868041598591,0.0938,0.0945,0.13476893765687922,0.104474325,0.105106984,0.10617172,0.107493165,0.108540615,0.10923293,0.11476383449917307,0.1025,0.112772851,0.114251507,0.12552019785164928,0.1282067883920549,0.118250145,0.12939126812462956,0.12034153,0.121774271,0.1342864142645147,0.11883221219677001,0.125485579,0.126749144,0.12877549847482825,0.129489633,0.131004502,0.131820051,0.132984823,0.1351685184384304,0.135581458,0.1258,0.13799294134402595,0.13930965536125486,0.22745433976142593,0.141795107,0.14054263341998147,0.142551574,0.143022094,0.143364985,0.144294731,0.144902012,0.145913521,0.1378,0.1384,0.148026094,0.148534499,0.149205343,0.149613117,0.150232699,0.15816459382311387,0.1493836607905636,0.2999,0.15088114,0.14693270903298217,0.15067644,0.150189916,0.150529699,0.151197398,0.14758425888661736,0.1462,0.153044587,0.1624637573339184,0.153404549,0.153475516,0.153965405,0.154167313,0.169922039,0.15450309,0.154401616,0.154383236,0.154298314,0.154371294,0.154320059,0.153518393,0.153372275,0.16011911474662027,0.1471,0.1454,0.15358097,0.153513197,0.15110365926488625,0.152190524,0.150890739,35.7
405,1495220909.0656831,32.8,0.092203955,0.064152854,0.057660664,0.053899074,0.053517687,0.052863453,0.053069049,0.050443355722637244,0.054118476,0.060483514,0.056004429,0.057565433,0.059350654,0.061245296,0.062057162,0.063268046,0.065188592,0.066681834,0.06804859633904174,0.070827474,0.071663048,0.066107448,0.06696971422631229,0.07079967676062546,0.079416304,0.081669967,0.08308038,0.08105436307034039,0.087135333,0.089406472,0.091931163,0.09771518559447373,0.094646746,0.095528066,0.097686737,0.10293221412966981,0.10447509482434421,0.1128321736667085,0.10483454980268635,0.142406067,0.104816913,0.105405645,0.10362122578823244,0.107258405,0.107912288,0.10850825778326634,0.109824145,0.111336647,0.11866049199187534,0.100936581,0.115045561,0.12063865249241428,0.116915257,0.118374571,0.119789496,0.1303172553418216,0.121973354,0.122729535,0.124488703,0.126542384,0.2621,0.263,0.130454576,0.13467871355788003,0.1166,0.134976839,0.136124687,0.136955977,0.138111669,0.139653565,0.140598581,0.141807613,0.143779074,0.144973937,0.146284987,0.147096774,0.148380874,0.149288249,0.14931398,0.150463559,0.151731949,0.15870798206541678,0.160376145,0.15369647,0.154384389,0.15093070139126483,0.16230749307341766,0.151666287,0.156335184,0.156290985,0.157329832,0.16521167831097527,0.16354610272549477,0.159702544,0.160060436,0.160147495,0.177585523,0.160929349,0.161558826,0.152618795,0.162101899,0.163358462,0.1644344,0.182752376,0.164602359,0.16421172,0.164159747,0.164409926,0.165055963,0.16274468580121793,0.165415486,0.165118719,0.165256126,0.16345888511650594,0.166523712,0.166855355,0.16597862383966142,0.17104419298323498,0.16056570653883448,0.172091521,0.16676788,0.16409960485188932,0.167495935,0.167137577,0.166595011,33.8
358,1497958007.0,40.5,0.10832484491464037,0.077373641,0.057455968,0.064667352,0.063496846,0.06656767856630816,0.0371,0.060060282617879365,0.060248482,0.064209951,0.111470189,0.11999190145133884,0.1264,0.05,0.071653215,0.0765515736475849,0.0558,0.077963469,0.079908899,0.08273156925877533,0.084838277,0.086446462,0.089013035,0.09435740619935162,0.093872837,0.096166985,0.099711265,0.101314759,0.104531995,0.106490469,0.108973417,0.11475416750012014,0.113330858,0.11090012485876316,0.117385103,0.118598793,0.11991847452997961,0.121870745,0.11401138535338852,0.124718807,0.126034401,0.127476055,0.2257,0.0945,0.131436792,0.12789905060788556,0.108369733,0.10700167515609459,0.1142185841019962,0.137584676,0.138606549,0.1444517099944198,0.142397896,0.13754948159898497,0.144821441,0.146258093,0.162161255,0.152400765576037,0.151383827,0.152891904,0.154330951,0.155709885,0.156969664,0.15864125786596658,0.160774796,0.162707728,0.163600316,0.16865777606301,0.1660877364974506,0.168988754,0.170784773,0.172219665,0.174057719,0.175145894,0.17879568278866326,0.178063495,0.18859107816453552,0.1322,0.18090068,0.181351867,0.17866161383953977,0.182967729,0.183820214,0.185271801,0.185601068,0.1844369568160035,0.186527801,0.187257622,0.187818345,0.188150281,0.17682928676921553,0.18457362421587703,0.187989735,0.1947286519115323,0.188779412,0.189708626,0.190598255,0.19433901672978524,0.191323204,0.191806451,0.191655471,0.191769198,0.191766804,0.192153676,0.192890693,0.193445379,0.193983455,0.1950241880971777,0.1878953149673498,0.195356622,0.195223293,0.195769418,0.195278049,0.196190564,0.196387509,0.20190102882944186,0.20056591134404989,0.197233458,0.199095009,0.199302835,0.21972021283064042,0.19710221366675895,0.19509035341237813,0.202993792,0.205270645,28.38
613,1495798939.0,39.5,0.080351361,0.055700524,0.050059997,0.046548377,0.046230101,0.04542039099999999,0.045102444,0.045442226,0.045931486,0.047055729,0.047578286,0.049059408,0.049889272,0.051144707,0.052785023,0.054117371,0.056291903,0.058108638,0.059838796,0.061371036,0.062563341,0.064714926,0.066538655,0.06830421,0.069874921,0.071963233,0.073588619,0.075531747,0.077062164,0.079311345,0.080821879,0.082923884,0.08408825,0.085615954,0.087491479,0.088996531,0.090372214,0.091407116,0.092976464,0.093592799,0.094217645,0.095800783,0.096436488,0.097782827,0.098198576,0.099333525,0.100139045,0.100840692,0.10200585,0.103674817,0.104801897,0.105758985,0.106633534,0.108011874,0.109081932,0.110471123,0.111817224,0.113394401,0.114696401,0.115672564,0.116212939,0.117691036,0.119327513,0.120813414,0.122183843,0.123592598,0.125230751,0.12647905,0.12803521,0.12957429,0.130404333,0.131860116,0.133170936,0.134646566,0.135896837,0.137436434,0.138546322,0.138945304,0.139739827,0.140441167,0.141080738,0.142164306,0.174198749,0.144028457,0.14432378,0.145045504,0.146033296,0.146745359,0.147419753,0.147582308,0.147459554,0.147924072,0.157909099,0.148281873,0.148310242,0.147941076,0.147838257,0.148494324,0.148645532,0.14908073,0.149635414,0.150241101,0.150997328,0.151504642,0.152224579,0.152237543,0.152069747,0.152209269,0.152871964,0.153251304,0.153571384,0.153963951,0.154003658,0.154354046,0.154779255,0.155633535,0.156786698,0.157483865,0.157654561,0.157994014,0.157307447,0.157247814,0.15689199,0.15645365,0.155599869,33.13
612,1495698943.4457235,39.5,0.08321846,0.06175793930795601,0.05464423327129716,0.04785028346504819,0.046582312,0.045990983,0.04514119130969496,0.045962533,0.046605016,0.047402707,0.048259878,0.048793004,0.04862934958870892,0.05,0.053051683,0.054770305,0.056323957,0.058062786,0.060239625219135576,0.061819054,0.0624,0.064698961,0.066942358,0.068689685,0.070616413,0.071990619,0.073918701,0.075717328,0.077568203,0.079502245,0.08083631310514747,0.082872858,0.084320131,0.086132782,0.086,0.089352657,0.090233079,0.091196731,0.0907,0.094055528,0.094567347,0.0933,0.096601393,0.0945,0.131344307123796,0.096,0.100453789,0.100990523,0.10805914751258447,0.103059176,0.10210632607458313,0.11031332733176741,0.107379982,0.1038,0.109083708,0.110653346,0.112175927,0.113381127,0.114496158,0.115651682,0.11267570503360637,0.117976826,0.119686805,0.121162348,0.122863023,0.12388935,0.125428701,0.127032111,0.1257988671265289,0.129619495,0.130637467,0.13219576972065844,0.133169445,0.134412689,0.13550457576065628,0.13800563642522284,0.138452159,0.13709557263635758,0.140454812,0.13952622715783586,0.141540417,0.141927581,0.14260282,0.14275486469674034,0.144216004,0.14001651974282356,0.15245877212412623,0.146399388,0.146797349,0.14647787,0.1415,0.14669996,0.14553095499788493,0.147765685,0.148247874,0.148612405,0.14890672,0.148654315,0.149291819,0.14966953,0.14591691447289656,0.151566033,0.1462,0.152240275,0.151905262,0.151544316,0.152148465,0.1512584218921854,0.15349369,0.1536197,0.15370652,0.154064394,0.15416348,0.154573559,0.1499,0.155857743,0.156478943,0.1628114558349777,0.2984,0.2786778057868103,0.157169657,0.1545012428859034,0.157470551,0.157608543,0.157095267,33.12
269,1495621847.0,33.4,0.096462543,0.06962224,0.063320745,0.060186404,0.058959685,0.05862117,0.057665574,0.058966956,0.059912765,0.061136117,0.063115721,0.063209958,0.06517474,0.067461598,0.06824635,0.069956083,0.071065428,0.072827887,0.07489867,0.076136479,0.078028624,0.080067249,0.082295971,0.084449513,0.085859796,0.089505586,0.09101373,0.093433578,0.095118449,0.097594934,0.099130331,0.101054924,0.102295742,0.104161297,0.105248992,0.107155194,0.107833637,0.108770405,0.110213804,0.11165015,0.113154239,0.114450604,0.115466569,0.115722059,0.117121493,0.117851073,0.119177347,0.120239507,0.120766258,0.12263529,0.123882443,0.125469664,0.126843769,0.127702154,0.129223159,0.129870171,0.131267627,0.132837033,0.134215809,0.136259118,0.13753569,0.138424274,0.139830562,0.141416524,0.143065281,0.144572704,0.145801631,0.14685996,0.148124316,0.149190385,0.150431019,0.151969981,0.153378349,0.154116209,0.154995846,0.15661585,0.158408932,0.158861134,0.15948394,0.160129961,0.161109682,0.161761271,0.162842102,0.163643543,0.164946697,0.165839537,0.16596414,0.166224533,0.166619453,0.166159386,0.165838733,0.166611841,0.149364232,0.167384268,0.167777485,0.168405745,0.169287642,0.169935814,0.170438424,0.170646002,0.170435762,0.17068232,0.170406232,0.17073937,0.170883749,0.178541913,0.171760731,0.171778873,0.171856676,0.171889131,0.172217788,0.172137278,0.171843185,0.172440097,0.171948916,0.172269196,0.172008881,0.171584854,0.170652954,0.169497908,0.169584475,0.169582794,0.170097262,0.170095689,0.169441516,36.86
469,1494482145.0,38.060494783816466,0.095178696,0.07338238,0.11630000000000001,0.037,0.065153981,0.064128226,0.064570654,0.06395619,0.065756958,0.067429067,0.0679563,0.069411645,0.071014211,0.072985987,0.07321018618210051,0.076531088,0.07836289,0.091652002,0.09067189774903567,0.085088425,0.0624,0.0899783,0.091478806,0.09699257930562855,0.096821671,0.0969250050548167,0.102177119,0.104178301,0.10613879219245294,0.109429899,0.110932892,0.1167132662830374,0.11987045362767926,0.11768020062710295,0.118292622,0.120283816,0.121980891,0.123796082,0.125635751,0.127408994,0.1310437732159019,0.129187508,0.130062782,0.12792876731584968,0.132261888,0.133568844,0.0972,0.136202726,0.137578055,0.139203775,0.140307692,0.14106931,0.143628449,0.144821427,0.15186461144111962,0.148346902,0.149684345,0.150935782,0.152177372,0.154344329,0.156566852,0.157352341,0.1545830831241556,0.159990052,0.161309612,0.164080953,0.16432571244543875,0.168290573,0.168299792,0.17426090848835393,0.17083347,0.172476419,0.174279678,0.14803932,0.17705191,0.178369086,0.179267288,0.17918184814960225,0.180971887,0.181780224,0.182339236,0.19178369650858093,0.163432611,0.18542354,0.186140417,0.186991821,0.187178829,0.19614442677887045,0.23826562278158714,0.187895456,0.156027244,0.16391827607532963,0.189635094,0.19627481989568665,0.189883496,0.1912450603299744,0.18959052092442324,0.15897481286523665,0.18972377664916884,0.192183908,0.19231235613481626,0.192945075,0.19395626,0.195050661,0.19548226,0.195618241,0.195082121,0.19617355993384777,0.195269891,0.195842783,0.196530085,0.196662493,0.20218970604711262,0.197055831,0.198238096,0.20368990939638157,0.197039586,0.197193855,0.196369974,0.195977373,0.196783865,0.196687371,0.195200791,0.19471298340134363,0.18861833467783742,31.48
47,1495590507.6862407,32.882700074934625,0.035931027481612254,0.032346041,0.036513536,0.03704817099999999,0.037500000000000006,0.03910934,0.037889196584710544,0.080804446,0.08277179643134967,0.08141423508894995,0.043536014,0.045463323,0.046542755,0.1294,0.05156566,0.054379121,0.056962025,0.058500867,0.061173905,0.063962104,0.066396012,0.069692876,0.07008719,0.072644382,0.074689655,0.076903784,0.078563799,0.0760115818401154,0.081314533,0.083821328,0.086119358,0.087689224,0.09150708283093108,0.091114485,0.09066538,0.093244159,0.093552775,0.097186701,0.097073131,0.097820227,0.099792438,0.100784447,0.101349713,0.0966390959200006,0.10709235064534442,0.10783239930934091,0.104756419,0.107030978,0.107383901,0.10636815096263086,0.10535749769315428,0.109640727,0.112055231,0.113807485,0.115746821,0.12681545272193875,0.117229501,0.119348955,0.119320085,0.1111,0.128094399,0.122447241,0.123132411,0.124514695,0.126196064,0.127448206,0.1192,0.13235721728046088,0.132761914,0.135485314,0.136951602,0.1391961204379246,0.1273505536407582,0.1392172969932689,0.1294,0.147660844,0.148227175,0.14717502176715352,0.149225544,0.14782937156192907,0.149692021,0.15650353722152666,0.16120826816465658,0.153129595,0.14096492394620827,0.153615607,0.16473029369808903,0.155797101,0.155129037,0.155420144,0.155588177,0.157434543,0.158618052,0.142,0.161490631,0.16268749,0.163391664,0.16948337092195578,0.165236145,0.164711033,0.163725688,0.164367917,0.26516609723616563,0.166745258,0.167779916,0.168065769,0.17101556376759033,0.163762383,0.160359292,0.160285947,0.161432514,0.16230124,0.162952791,0.162207184,0.160929957,0.15943986,0.1496,0.15824087,0.1499089695371043,0.1534407015740155,0.183696831,0.157360603,0.153772911,0.151079027,0.147679193,31.73
262,1495621007.0,32.3,0.099114618,0.07164505217671666,0.065098164,0.037,0.061117486,0.061200245,0.060884798,0.060936015,0.062919695,0.06296716351145534,0.064159765,0.054960538,0.05566558052533295,0.069038581,0.06957631969181424,0.071470445,0.073891279,0.07538710978263795,0.077883187,0.0796497,0.07974638196543903,0.083124127,0.08490584727887433,0.0676,0.089847654,0.091889192,0.094200079,0.096529152,0.097376281,0.10077622968811067,0.101480844,0.104021754,0.10746783701952835,0.107456843,0.10754065531743569,0.110390317,0.111445874,0.113452394,0.151849228,0.15338703629096553,0.116196398,0.118018127,0.118478653,0.11530512231931081,0.13074706945826248,0.121877611,0.122883013,0.12332914913676489,0.125044326,0.12646408,0.12510237786691317,0.1308030631843149,0.130574395,0.132007146,0.14004689785394336,0.19783479211738542,0.20309021406055255,0.138129328,0.139138391,0.140635301,0.141574387,0.14275272,0.13936132066260273,0.146425044,0.147189323,0.148455106,0.1481743340014508,0.151786981,0.153095511,0.15405829,0.154850681,0.155865327,0.14452664024198678,0.1275,0.1294,0.161524453,0.16224035,0.151826307,0.14909619710199978,0.163715757,0.164772926,0.166139203,0.17130634826382607,0.167964686,0.168658914,0.169329469,0.17891014216119186,0.170257708,0.170650337,0.170671357,0.183262084,0.171477324,0.16964367458783883,0.1791815830173772,0.172547594,0.1715489532672567,0.172864817,0.17813794053162785,0.173718422,0.17264187187035135,0.1739701,0.173943981,0.15873895808453348,0.175444519,0.17577323,0.176893996,0.18056517131888097,0.18098662130296744,0.20814274357597215,0.2144987747062348,0.179068317,0.16851944631176477,0.179608178,0.179434639,0.178712413,0.178056785,0.177762917,0.178505421,0.17314652228495986,0.1721138637965249,0.178879565,0.178550013,0.178751556,0.178094458,0.17277896110550833,38.53
196,1494935527.0,33.39876876243459,0.097307174,0.07052085582487086,0.065320001,0.064169257,0.063341906,0.062667317,0.063213148,0.064011562,0.065387059,0.064661885,0.06738465497801134,0.07071549956212442,0.0465,0.069995371,0.07045711257687369,0.07527987705319501,0.074290651,0.075769178,0.059336357,0.079489732,0.07955755636341919,0.07867434,0.08021562707271301,0.08495560336570078,0.12069190708785134,0.089502878,0.09325565803296741,0.093167616,0.094816337,0.09622894,0.098770816,0.099837792,0.10337911414460134,0.091301362,0.08924171107492408,0.105754502,0.10725717402497059,0.107376818,0.108584489,0.109543043,0.11170187836305792,0.111107861,0.0938,0.112457819,0.113417101,0.113975956,0.114413826,0.114916016,0.115860907,0.11452928344202207,0.117824425,0.119225364,0.11876159,0.11002016206198603,0.11976984299419013,0.13030023172571753,0.22925069502157583,0.124222191,0.11872877923587029,0.12596488,0.126679341,0.127259196,0.127576019,0.128500178,0.129578627,0.130942807,0.1300730580467284,0.274,0.134787606,0.135085662,0.135707576,0.13781689457382795,0.137391933,0.138505167,0.139905548,0.140967465,0.141237456,0.13996761493538387,0.1376031412723826,0.13682658545810852,0.142746288,0.143163288,0.14722782215512273,0.145354664,0.146494407,0.147085926,0.147709273,0.14802263,0.147674738,0.1421561151193639,0.1415,0.147494653,0.147405315,0.147467289,0.148168389,0.1438506291890551,0.149234854,0.148902459,0.149416276,0.15049456134827371,0.150498793,0.150453671,0.150839541,0.151395041,0.15138054,0.1515252378272835,0.151252868,0.1503214911336053,0.152154015,0.152629872,0.152905156,0.1488,0.152559559,0.152310402,0.151365342,0.150858353,0.150672501,0.1577794014365791,0.1509473560030077,0.147971401,0.145962022,0.144263115,0.142459266,0.140546571,0.138599286,33.98
679,1495748590.1085532,39.7,0.08914157175206533,0.065442004,0.056054045,0.044328635,0.042429487382064916,0.051931158,0.05140105073069142,0.051362753,0.052184395,0.052733243,0.053405893,0.055489159,0.055640533,0.05566604918902359,0.05726595809278072,0.054,0.062346771,0.064852839,0.066391502755916,0.0603,0.06613036667692315,0.071323875,0.07246799792379385,0.0676,0.077348784,0.079836238,0.081988305,0.083641176,0.085897598,0.087545957,0.090099239,0.091953828,0.092981391,0.094954158,0.09337914965278316,0.098239099,0.099582933,0.100156931,0.102334209,0.11018182343716118,0.103538449,0.104972142,0.106241675,0.10197004411857111,0.10766014,0.108584048,0.10505548501832006,0.111105544,0.111727192,0.113450869,0.114739721,0.1203295404336834,0.11903309214423075,0.117427609,0.119243471,0.120583577,0.12304168132962026,0.122996677,0.124706392,0.126118938,0.12432682019662933,0.128509817,0.129638532,0.131008065,0.132860139,0.133990124,0.13322286298887315,0.136990288,0.138501753,0.14220217019883807,0.140871226,0.142122444,0.13036586134231234,0.145466048,0.2875,0.177343611,0.148339801,0.1472911553916719,0.15018721,0.15123877,0.152592877747359,0.153276491,0.153632269,0.154392054,0.154987097,0.155620208,0.15656352,0.1644172471034648,0.157658849,0.15205683451357224,0.24315920867297008,0.16586320813524397,0.158103332,0.158223702,0.158614957,0.159080362,0.159202206,0.159350867,0.159459721,0.159959332,0.159979315,0.16038802,0.160695298,0.161321328,0.16171812,0.161748198,0.183411681,0.18396450362597272,0.162734368,0.162939548,0.163265092,0.1517269858496533,0.163910806,0.164593401,0.165207346,0.165825331,0.166197998,0.166590222,0.15948325063074478,0.16271808292015333,0.1427,0.1428,0.166546055,0.166404951,0.165966073,29.75
642,1495802891.0,40.5,0.09194418820739092,0.067185179,0.056057208,0.052644359,0.052457672,0.050043407,0.1139,0.049487077,0.050616399,0.050457553,0.05148163,0.052219299,0.054037733,0.05408906445206561,0.056346606,0.05817998,0.059063491,0.061694154,0.06352969250240763,0.064572816,0.0624,0.067332126,0.069480628,0.07348309401575667,0.073434404,0.075190859,0.076492899,0.07885596,0.080375773,0.082791201,0.08390718820228517,0.086007924,0.087292056,0.088764997,0.08636882838491577,0.0911822403030831,0.093194129,0.093857326,0.095160294,0.096162254,0.097361334,0.097888147,0.098741028,0.0945,0.11083555219007504,0.101857003,0.102940443,0.10089371119422565,0.104256081,0.105632496,0.106966103,0.107749776,0.108515369,0.109786061,0.111537349,0.11247874,0.11464336281919255,0.115705711,0.1164201,0.117462218,0.11469101481897885,0.1313441543881541,0.121485517,0.122734168,0.124100236,0.125387843,0.1243312684460284,0.12815385,0.129388748,0.13239778534230273,0.1231,0.1245,0.134809286,0.136725268,0.138015954,0.1306,0.137417133,0.13602831178317318,0.13715304617324015,0.141947403,0.142596644,0.143588669,0.144716082,0.14480069991994376,0.146169608,0.146631133,0.147272284,0.147706844,0.14826924,0.148743257,0.149400954,0.1494175,0.149256869,0.149544418,0.1423,0.150314425,0.150629795,0.150818289,0.150747161,0.151175692,0.2667972302646252,0.185776269,0.15254723,0.153311355,0.15382278,0.154777672,0.155652832,0.15492452308686694,0.156002552,0.156504636,0.1489,0.1488,0.159327752,0.160840429,0.186965141,0.19279284261082338,0.164345101,0.164741642,0.1471,0.165753361,0.167037567,0.1677652,0.169418111,0.170251083,0.16530331909199836,31.49
108,1494953751.0,45.1,0.129979078,0.087415426,0.076624282,0.073663385,0.072976447,0.073450499,0.073329002,0.07422831,0.090644563,0.077139498,0.078570405,0.08073137,0.082466982,0.08398914,0.086501329,0.08923362,0.091456496,0.094441173,0.097314396,0.099781512,0.102616438,0.105379548,0.108132445,0.110853069,0.11395442,0.117314763,0.119846044,0.122947134,0.125896408,0.128526163,0.130992624,0.133814412,0.136712677,0.139518649,0.141520306,0.143252864,0.145311951,0.135378792,0.149553788,0.152523348,0.15527958,0.157990187,0.16011236,0.16163603,0.143646696,0.165005442,0.183234584,0.169406687,0.171587749,0.173654263,0.176050342,0.178364573,0.12685709,0.18335263,0.186176113,0.189902965,0.193125851,0.1966984,0.199790445,0.201085023,0.20083349,0.2006908,0.201452176,0.202639177,0.204273416,0.206290801,0.207723419,0.208321873,0.208282756,0.208616375,0.209202257,0.209900037,0.211091968,0.212811767,0.214218434,0.215814016,0.217041633,0.216378524,0.214924476,0.21356797,0.212958088,0.212791822,0.213172653,0.213477139,0.214229993,0.215012491,0.216539234,0.217128933,0.217561944,0.217744935,0.218116007,0.21817459,0.217835024,0.215255636,0.217505961,0.217270124,0.217087783,0.217080229,0.216383633,0.216079125,0.215422738,0.215551315,0.215994124,0.216386571,0.216696724,0.217228115,0.21661443,0.215990805,0.215936731,0.215812661,0.21611368,0.216403018,0.217039054,0.21720103,0.216760168,0.216666486,0.216484009,0.216797481,0.217393264,0.218203831,0.219401833,0.219557465,0.219365061,0.218776793,0.217924446,27.51
440,1495019899.0,39.64591982222158,0.10042913,0.069755922,0.06125571817434746,0.060788351,0.060082369,0.06355083598992638,0.05963655737236594,0.060192853,0.060731011,0.062295458,0.063222789,0.064527435,0.065799224,0.068050463,0.069876622,0.071233537,0.073548166,0.075433019,0.07597728532301726,0.079990631,0.0801488155854269,0.084529678,0.113838833,0.089660379,0.091770907,0.0913852133310497,0.1571559839138894,0.098745866,0.1008096166384437,0.103411708,0.105735114,0.107932011,0.110050934,0.112813648,0.1136081859600088,0.115890778,0.091509767,0.119190978,0.12135715,0.122655958,0.124043706,0.125114734,0.125839348,0.127378128,0.128562652,0.1255299526966628,0.130951362,0.132562047,0.133590688,0.135018848,0.136542214,0.137889021,0.139024936,0.14007443,0.14748678868655501,0.144178963,0.1454615,0.147231485,0.1622089799816561,0.150082955,0.151840567,0.153134795,0.154689037,0.155884873,0.157617441,0.159473562,0.162045955,0.16700715950883696,0.164996846,0.1666603,0.167913897,0.169242861,0.1583109605477681,0.172238879,0.17570611746972944,0.17324435189708481,0.176677543,0.178060338,0.179291783,0.17987556,0.18012666,0.181259251,0.158733711,0.182867331,0.1713850080385526,0.2714649464802037,0.27107498320255635,0.184519398,0.18622997658886573,0.151285053,0.1415,0.14949347723842218,0.187341183,0.19411919808506692,0.18998957652634965,0.18856043031363642,0.187762347,0.18821094,0.18822661310374975,0.18586364304596642,0.18829288,0.18880519,0.210273847,0.189795658,0.190256259,0.190798327,0.191216675,0.190924316,0.190505913,0.1933141309377792,0.191148418,0.191462776,0.19718531760051056,0.193723258,0.194324539,0.194076259,0.194097276,0.19541274558058672,0.193306738,0.194055249,0.19483188,0.193624541,0.194050508,0.194056048,0.193118731,29.94
628,1495801211.0,39.5,0.093009804,0.061604875,0.052427301,0.056326958,0.048135153,0.047766404,0.047273557,0.047311445,0.047822836,0.04862931,0.049042054,0.049929094,0.051323669,0.052458327,0.054097007,0.056000851,0.057243264,0.058771687,0.080192117,0.093191925,0.06437654,0.065871124,0.067646901,0.068721836,0.070980602,0.072725635,0.074532653,0.07640715,0.078646395,0.080367039,0.082105189,0.08347183,0.085278865,0.086831393,0.087787145,0.089648323,0.091121445,0.092130467,0.093161305,0.093971343,0.095082704,0.095983959,0.096976527,0.098180933,0.099338327,0.100076417,0.100345207,0.101723077,0.10310734,0.104043647,0.105139436,0.105983213,0.107410129,0.108610176,0.109826386,0.110811017,0.11234327,0.113664292,0.114837942,0.133403486,0.117011235,0.118224412,0.119577793,0.12089442,0.122414868,0.123656786,0.125384626,0.126761086,0.128074712,0.129471696,0.130529769,0.131881758,0.176120554,0.134537083,0.135809243,0.136724212,0.138138208,0.139465617,0.139819255,0.140584669,0.141494262,0.142309017,0.143070596,0.143462085,0.166407929,0.1452466,0.145595279,0.145602556,0.146140641,0.14649389,0.147299944,0.147466319,0.147903449,0.147853916,0.148291125,0.145572974,0.148991227,0.149367705,0.149581497,0.149624065,0.149452928,0.149803226,0.150229549,0.150838736,0.151651537,0.151989397,0.152286833,0.152526297,0.153074989,0.153772877,0.15453861,0.155714275,0.157120097,0.157931907,0.15896761,0.159755537,0.160430832,0.161404124,0.161586057,0.178954781,0.163599995,0.164144684,0.164946579,0.165576928,0.166229243,32.02
555,1494156137.8602362,41.5,0.16345694376884318,0.111664775,0.09616449,0.11227218,0.1082834527874511,0.10897252321619376,0.07352976,0.0705785221254158,0.1166,0.11718534,0.120215924,0.1234,0.1264,0.05,0.05204995895808148,0.136589275,0.1407,0.14398324930995954,0.146585149,0.14190586377514391,0.1556,0.1592,0.0661,0.1667,0.1632171031484111,0.16974901059372155,0.160298343,0.16726853579360346,0.135604377,0.14038921502151971,0.1822606830401399,0.195059181,0.198444539,0.202301776,0.205460448,0.2094,0.210230278,0.2142,0.215053404,0.218450849,0.2214,0.21321264406789242,0.22400061600000004,0.22638458,0.226937447,0.20661839005582608,0.127804061,0.12886533965866137,0.2368,0.22950220630416032,0.22634056662748722,0.15696294881195152,0.16016714951789238,0.2464,0.24554341264019397,0.2522,0.2546,0.2124407430387359,0.2608,0.259702684,0.2621,0.263,0.20738315634408175,0.262830846,0.2677,0.253271962,0.268419819,0.271033222,0.272722038,0.2761,0.2681819145912593,0.1901773983659094,0.280842706,0.282135182,0.2875,0.25712155,0.27748256905727264,0.289978271,0.2931,0.264632566,0.292132681,0.293262034,0.2969,0.2921289629793765,0.2831537059945576,0.2991,0.2960122564954265,0.258565013,0.257555059307343,0.298566759,0.298556,0.3008,0.2954973135387161,0.2990381066241785,0.2795527376283349,0.2996,0.29847818,0.298450728,0.298629141,0.28647694146580926,0.297116846,0.298036214453252,0.28552466194994264,0.297622124,0.298008263,0.277700033,0.28960836789174715,0.3001,0.299088297,0.2996,0.1489,0.298680974,0.2999,0.3005,0.296662821,0.2988327358935333,0.3,0.28719154369939914,0.1471,0.1454,0.15696277224036886,0.29489554052772887,0.2937758821818214,0.29649615501581505,0.225464837,25.63
101,1495017956.1514099,46.5,0.12281037870135547,0.086383372,0.075959261,0.073654472,0.072639091,0.073324716,0.074147853,0.074361002,0.075887734,0.076883467,0.078685711,0.079778653,0.081980783,0.084139394,0.086502696,0.088978511,0.091381658,0.093973444,0.096981315,0.0978831138115953,0.10126903236958881,0.104966615,0.081258478,0.110419112,0.113376049,0.116518554,0.119552147,0.12250256,0.125426153,0.1298422644741487,0.130222818,0.133427506,0.136431781,0.138712173,0.141077218,0.14797914226915931,0.14519502,0.147255812,0.149233858,0.152140977,0.1578189174379098,0.15753446,0.159672522,0.161030626,0.162852521,0.164960569,0.167578245,0.169393664,0.171498778,0.174953788,0.17274503585700618,0.180208327,0.182537078,0.185322057,0.18908243,0.192341245,0.195968003,0.1885718383607409,0.20902171550942858,0.204155237,0.1119,0.20426742,0.1848609857593742,0.2139074651409578,0.220438869710214,0.208187733,0.1192,0.209300761,0.20542548421852738,0.208451292,0.20820029,0.21818806535913243,0.2836,0.2406230478773692,0.24838457166677813,0.214161582,0.2291791342684421,0.214642409,0.213294622,0.212394895,0.211724063,0.22353836155987347,0.211676381,0.211625854,0.212031986,0.212881933,0.2182109416536871,0.214476705,0.215407943,0.215855001,0.20840660275780937,0.184068408,0.1818970070176145,0.215532931,0.215291731,0.22011251221304867,0.214861396,0.2165055586122807,0.214409578,0.193923772,0.213781134,0.213772541,0.213911989,0.22330819929347712,0.2200975909999382,0.214773736,0.22154017696213488,0.22385271299393927,0.214971384,0.214682082,0.21421829,0.213629443,0.213399133,0.213910955,0.214086029,0.21900940497797944,0.3,0.29489518072529314,0.2984,0.215557683,0.215781235,0.216005632,0.21416623408487023,0.216039849,0.215599942,27.76
335,1495030569.0,43.9,0.130366739,0.086708181,0.075230499,0.072660081,0.070911249,0.07125303,0.07071227,0.070471873,0.071210714,0.072087118,0.073495103,0.075655873,0.077726752,0.079343042,0.081164119,0.084122289,0.085857897,0.0889805,0.09134064,0.094257437,0.096389929,0.099403922,0.101236423,0.098025924,0.106722063,0.109805622,0.113110357,0.116113505,0.118006004,0.121094623,0.123739898,0.126229513,0.128317022,0.130732643,0.132093584,0.13458788,0.135851231,0.137838458,0.139693434,0.141161506,0.14318683,0.144663675,0.145492178,0.147096708,0.148043962,0.149077025,0.150370364,0.151596969,0.153368233,0.154745531,0.155998043,0.157779206,0.159618338,0.160617472,0.162551468,0.164062016,0.165337015,0.167068429,0.168838076,0.169986263,0.172579955,0.173908018,0.174887193,0.176622957,0.17558171,0.180888901,0.182234556,0.183715715,0.185276298,0.187069685,0.188430514,0.207162252,0.19244562,0.194396526,0.195951971,0.197170102,0.251206013,0.199540666,0.200556608,0.20089938,0.202062173,0.202760891,0.203967616,0.205019854,0.206228501,0.2072438,0.207929748,0.207861346,0.20756536,0.208027882,0.208808759,0.209445168,0.209791216,0.209790172,0.209479186,0.20965967,0.209653314,0.210232833,0.21054796,0.211731922,0.212042116,0.179904274,0.213069994,0.213927901,0.213572264,0.213709387,0.21382924,0.213580578,0.222352619,0.21392248,0.214016664,0.213703698,0.213494416,0.214469637,0.214884962,0.159529535,0.215231723,0.214334359,0.214333541,0.214695385,0.21566476,0.216019823,0.216716416,0.21655902,0.216902903,27.05
606,1495798098.0,37.081201535802656,0.081768501,0.072295482,0.050787465,0.04834764873912542,0.04632489778109749,0.046310026,0.046124991,0.046777892,0.04655716,0.048343913,0.05159794229708644,0.049388736,0.049308990418955964,0.052269463,0.054139160207368885,0.057061348290887465,0.056653609,0.058337061,0.060500477,0.06550685011926212,0.063274883,0.065494338,0.06632347634782518,0.068718568,0.070707907,0.0708,0.07563704000576045,0.075829287,0.07832863479727645,0.079610751,0.081453718,0.083637533,0.086374221,0.086209338,0.087717011,0.088853453,0.090207605,0.091402041,0.092715739,0.094272802,0.09517013058206447,0.0933,0.18438217470927198,0.097451946,0.098732711,0.1009417103302514,0.0972,0.101401237,0.10847999309654109,0.103696969,0.1048277,0.11031147472124014,0.10712845,0.108146809,0.109698195,0.11109174,0.11229383,0.114032705,0.114811687,0.115560146,0.11257381620261164,0.12990213797179093,0.119734495,0.120916722,0.122359606,0.12480478401472156,0.12372859991059479,0.126952947,0.12572224545453758,0.129402784,0.130986805,0.132726409,0.132929132,0.135034332,0.136536147,0.13795233602342316,0.138490156,0.139050088,0.139811054,0.13891678935546195,0.141238177,0.141754578,0.14575150834935738,0.14348697,0.144281273,0.1400865758748457,0.145167784,0.146328126,0.14944190163636697,0.147404491,0.1415,0.147595455,0.17794723671670556,0.148297987,0.148368492,0.148397057,0.14342184320266183,0.149634603,0.15021924,0.151069494,0.150852946,0.151142576,0.1462,0.151680421,0.152380394,0.15252514139603862,0.153047887,0.153226006,0.153029263,0.1484,0.153670131,0.154145963,0.16127031918017154,0.15928071667007432,0.155876092,0.156037236,0.156771804,0.1630652588494863,0.15544114196797157,0.158934608,0.15937499,0.1594065,0.159659616,0.159228394,0.158689292,33.57
319,1495028649.0,42.6,0.12800029043772831,0.0896114,0.07766913116790554,0.0686774,0.06678116,0.06632775,0.06657242902534473,0.065954203,0.066446777,0.067973655,0.068914522,0.070002281,0.072014684,0.074269727,0.076571668,0.079023453,0.080889118,0.075223042,0.084764352,0.0873255,0.08880686628720184,0.0939561390505318,0.09632314023981538,0.1021697264561863,0.099910248,0.1003126258786796,0.14484974782107723,0.107913896,0.1098033811941951,0.11365352647342415,0.15460250961441718,0.11742714,0.119720174,0.146215051,0.15144119205364726,0.12559768,0.12681764954147703,0.13803686205623658,0.129510508,0.131251221,0.0922,0.15626737,0.1526426711280364,0.15253489043598584,0.137817131,0.138352869,0.140230136,0.0979,0.143025576,0.144519302,0.146079186,0.146506664,0.14979061072919772,0.128572482,0.150988881,0.152523105,0.15613776077165273,0.20345670365567003,0.1101,0.158760134,0.186135858,0.16145152,0.162903743,0.164876074,0.166918251,0.16838182,0.169724486,0.171310266,0.17344092,0.175286291,0.17698344,0.178268855,0.179557287,0.180931258,0.18301282,0.184047208,0.18504725,0.185755151,0.186825009,0.187760107,0.1842091906090549,0.19817261495701652,0.19579979137676531,0.191374873,0.191624362,0.191591662,0.19899906258039549,0.171619538,0.194884504,0.18897156477053834,0.17776537048125424,0.194357432,0.1919100314283753,0.194551816,0.195136724,0.195683914,0.1966834102774525,0.196384239,0.196773471,0.197385555,0.197667055,0.197873257,0.198149207,0.198664848,0.198867432,0.192348101,0.19728207696782254,0.20065721232280334,0.199892014,0.200683062,0.20594785759183654,0.200182461,0.200066317,0.20052039,0.19331968980553776,0.201013999,0.201121732,0.201451067,0.20233986,0.202356614,0.202958744,0.203254034,0.20129829890280607,0.2040544579739797,0.207600326,27.35
180,1495547569.0,33.7,0.082348133,0.05818453,0.050530416,0.048822978,0.047261322,0.048087351,0.04680881,0.047780559,0.048573842,0.049667894,0.049627044,0.051160989,0.05230271,0.053940066,0.054916306,0.055912185,0.057713968,0.059053457,0.060985633,0.062276319,0.064149673,0.065889322,0.067502196,0.069502127,0.07154667,0.073104965,0.074842901,0.077018278,0.102278725,0.079929548,0.081362068,0.083305804,0.084549064,0.086499281,0.08802312,0.089215262,0.0900083,0.09105485,0.092369986,0.093705709,0.094411217,0.095137003,0.095799787,0.096725685,0.097568124,0.098728155,0.09995735,0.10101327,0.101195152,0.102606585,0.103594423,0.104799779,0.105861501,0.107184061,0.108690536,0.109619706,0.110457382,0.111768615,0.113208207,0.114153643,0.115409437,0.116229455,0.117023812,0.1244623,0.119537376,0.121255568,0.123111228,0.124687318,0.125606378,0.144010704,0.127099408,0.128458823,0.130055357,0.13161202,0.1328723,0.134092847,0.134815831,0.135272085,0.135484867,0.136104651,0.13763538,0.138673426,0.139298135,0.14009362,0.140974164,0.141631446,0.14227039,0.143044514,0.143265181,0.143416876,0.143925108,0.144079137,0.144326726,0.144434803,0.14477845,0.144913417,0.144981854,0.14509887,0.145248176,0.145554383,0.146302697,0.146848674,0.147397516,0.147592269,0.147494865,0.147501437,0.147560724,0.14807506,0.148616697,0.149674313,0.150459644,0.150767478,0.150597195,0.150774117,0.151288428,0.151573273,0.152237271,0.152250129,0.151859857,0.151404184,0.151884811,0.152424958,0.153060229,0.153524671,0.153170906,33.78
334,1495317767.0,44.2,0.130907492,0.086431216,0.075591578,0.071937933,0.070793729,0.069729559,0.069998523,0.070090026,0.0707266,0.071915137,0.073174329,0.07525698,0.07752881,0.078717138,0.08179253,0.083880409,0.086109998,0.08887569,0.090796203,0.093589919,0.096105786,0.097747699,0.101396516,0.104336231,0.082418747,0.109863066,0.11233574,0.115580391,0.118613895,0.112906815,0.1385792,0.125396774,0.127687689,0.130005862,0.132104269,0.134329928,0.136063813,0.137966487,0.139448225,0.140935893,0.14203345,0.143103967,0.144878339,0.145971867,0.147289987,0.148860259,0.150055396,0.151676342,0.120298665,0.154153567,0.156091013,0.157730995,0.159122917,0.160566535,0.162215936,0.163757965,0.164864307,0.166941772,0.16841339,0.170086225,0.171950308,0.173216034,0.174982888,0.176255441,0.177776406,0.179616706,0.182000059,0.136221796,0.184795554,0.186234025,0.188427053,0.190441604,0.138439186,0.192860984,0.193965529,0.196608793,0.19821589,0.198704951,0.199274682,0.200415054,0.201591918,0.203054294,0.203654867,0.204508113,0.205187254,0.206391623,0.20722074,0.20753954,0.184829327,0.207755318,0.208419835,0.209044193,0.208834157,0.209211784,0.209372773,0.209421681,0.172467644,0.210164828,0.210666521,0.211280033,0.211215995,0.211899794,0.212328183,0.21197444,0.211702221,0.211701785,0.212479529,0.212998729,0.212655438,0.212893848,0.212885745,0.213884868,0.214298467,0.214405622,0.215443253,0.215656765,0.216044437,0.216519785,0.21641514,0.216707201,0.216062892,0.216830915,0.217108953,0.216802452,0.218757912,26.99
150,1495543213.0,33.6,0.084078756,0.056969995,0.052342726,0.050800724,0.049873364,0.049794016,0.050416195,0.049933062,0.050694416,0.052262003,0.052842481,0.053693703,0.054431589,0.056084141,0.057712314,0.05937831,0.060532895,0.062848495,0.063956444,0.065643656,0.067482883,0.069290642,0.071555082,0.073303004,0.074687024,0.076895429,0.078591646,0.080209257,0.082336077,0.083819694,0.085986478,0.111791841,0.089358461,0.091271182,0.092264364,0.093707229,0.094809872,0.09588111,0.098225378,0.097991322,0.099038085,0.100212196,0.101038781,0.102115588,0.102602699,0.10347617,0.105074647,0.105792599,0.106835929,0.108193709,0.108841007,0.110245235,0.111098239,0.112170673,0.113642811,0.11502108,0.116509686,0.117538548,0.118493597,0.119476642,0.120610617,0.121755753,0.12291934,0.124205088,0.126038107,0.127720443,0.129080286,0.129923308,0.130966169,0.132455771,0.13340698,0.134693266,0.13591052,0.136877606,0.138607622,0.139893223,0.140658311,0.141338466,0.141971764,0.142359502,0.142952936,0.143742767,0.144803387,0.145892205,0.146798953,0.147567697,0.148189623,0.148836509,0.148885229,0.148530629,0.148608547,0.149287199,0.14971717,0.149984973,0.150199159,0.15031622,0.150312681,0.150428687,0.159953397,0.150568806,0.151075995,0.151064202,0.151628351,0.151988447,0.151887457,0.15199663,0.151833833,0.152128805,0.153121323,0.153774455,0.154454212,0.15440842,0.154419003,0.154405423,0.154117067,0.153150346,0.152814518,0.152508144,0.152695328,0.15317816,0.153231349,0.153241016,0.152609679,0.151851578,0.150609894,35.54
125,1495540213.0,32.2,0.08113499,0.060468406,0.05357824821908985,0.05205890471414237,0.051242206,0.05574015806749351,0.05541504105203303,0.06002230169203005,0.052538773,0.053296103,0.05638890533289441,0.055837807,0.05666641283165526,0.058296619,0.059359019,0.06348037934041408,0.072911416,0.074927207,0.066093646,0.0704707140091153,0.1556,0.07356975357227556,0.073274387,0.075150094,0.0778486498694481,0.07611496811112109,0.081051965,0.083019285,0.084840414,0.08778622580163498,0.088319243,0.090501482,0.2,0.094162945,0.09585023,0.097104383,0.098650099,0.099538952,0.100869326,0.101887712,0.10341412434057587,0.2235,0.105069124,0.10069227281920656,0.107050182,0.107560694,0.108068759,0.109957969,0.134464662,0.13243981803042942,0.113627107,0.114947706,0.11847234064501978,0.1038,0.118351788,0.12907189932358454,0.121411448,0.122339182,0.13402158673787243,0.12314563706792307,0.125767373,0.11746666422291788,0.114,0.130015552,0.13058440938819316,0.13224482571046106,0.134359818,0.135601534,0.13409308568876815,0.13778641,0.138860672,0.166833286,0.141675506,0.143283654,0.144373411,0.14530607812729326,0.145709466,0.14457890122968872,0.147586232,0.148398484,0.148839947,0.149029652,0.150056291,0.151225489,0.152079284,0.1484565292696614,0.153188721,0.153469554,0.15632094427553,0.154035523,0.1415,0.16227605416287474,0.155020338,0.155169461,0.155394226,0.155907381,0.156093343,0.156082291,0.15356823575521936,0.156202962,0.156079425,0.16384627959203535,0.156913816,0.156586701,0.156820945,0.156874701,0.157028677,0.157294062,0.157694921,0.158688709,0.159267013,0.159390093,0.159308567,0.15722428708644892,0.15916303,0.1659177721127595,0.160051065,0.159814547,0.15957007,0.158426283,0.15743332,0.15476490970329632,0.15708202,0.157042657,0.15271416399767518,36.64
539,1496233109.0,42.8,0.177582562,0.12045064525823918,0.111126193,0.108379562,0.080101813,0.109456038,0.11202176678866793,0.112416575,0.1166,0.113971747,0.1150891505936465,0.120128571,0.123187935,0.127190257,0.130101305,0.133614305,0.1407,0.092181481,0.09115161270358713,0.1513,0.1556,0.156162755,0.159084068,0.1667,0.16443319497285114,0.171480062,0.17048038739505075,0.178434148,0.18216687,0.18624637,0.189583308,0.193876157,0.197553684,0.200469413,0.202797052,0.2094,0.208815657,0.210929432,0.214021673,0.215585605,0.206603161,0.221297837,0.222859566,0.22710000000000002,0.2287,0.2080712283416157,0.22963359299999997,0.2343,0.2368,0.0997,0.23309419104801038,0.2399502371919291,0.24141006799999998,0.244734481,0.24400742115413238,0.24831925500000002,0.2546,0.184051193,0.2039026548705279,0.23638333499999997,0.24706225227436607,0.263,0.2627442251703218,0.22552144056256024,0.2677,0.267273816,0.2709891773463558,0.27031491,0.272129108,0.274399658,0.276598948,0.2808,0.273260347809469,0.1275,0.1294,0.180989617,0.19188115843673598,0.2912050656044225,0.2931,0.29135293,0.291768986,0.2958,0.2969,0.294374412,0.295605338,0.2991,0.2960122564954265,0.297280183,0.2948477835653549,0.2907098096645288,0.2937246982471541,0.297904954,0.297760512,0.29788186102464725,0.186546408,0.18745364281240245,0.29768358,0.270044067,0.2765030730064432,0.161126894,0.1584202013153238,0.297655191,0.28684954609637286,0.297812161,0.2885576820736365,0.296701666,0.2998,0.3001,0.27710189267924334,0.234638188,0.23536377022734545,0.29464121,0.2964878302272735,0.294638675,0.295614552,0.287027265,0.2845787232798864,0.29514135,0.2984,0.203373409,0.224459459031203,0.295245932,0.294413607,0.295182105,0.295693017,25.64
587,1495880295.0,37.2,0.083186067,0.061737791468008923,0.053890884,0.049922002,0.047850832366605076,0.048871376,0.048850933,0.049857537,0.04792170108947652,0.051291895,0.051942575,0.05302395,0.059723819,0.055225186,0.056594749,0.057544328,0.059707346,0.061708704,0.063219301,0.073703081,0.07272701613816408,0.069139831,0.07016594452214894,0.14743923887623406,0.074230217,0.14610742318077757,0.078514279,0.079672965,0.083685821,0.083936073,0.08586272,0.087256909,0.087778957,0.090101136,0.092257858,0.093797173,0.094010477,0.095379443,0.09696613,0.098190879,0.099545448,0.100487514,0.101775997,0.102458241,0.116142603,0.11529234696305758,0.105803217,0.106903615,0.107377879,0.1063623533567555,0.10535180136365936,0.11576853358873049,0.11928690810052342,0.11063200258596126,0.115267987,0.116931298,0.118117689,0.119733077,0.13107050155826527,0.1204212821282282,0.123255123,0.124720062,0.126211632,0.13084422756270891,0.129230144,0.130777909,0.1192,0.12150792052744672,0.19597378614275454,0.136717385,0.13863761765193305,0.14588181577683437,0.1258,0.141695568,0.142822754,0.143880991,0.1501568699993214,0.14916481519394806,0.146038942,0.146852568,0.147614282,0.15425823198256755,0.149398921,0.150463416,0.151962298,0.14833096297232662,0.189076358924552,0.153837956,0.15667581070649492,0.154520978,0.154444102,0.154657641,0.154627507,0.154463905,0.154209177,0.154545977,0.155056496,0.155868688,0.156060637,0.156297354,0.156758732,0.16449260566233956,0.15812719,0.159038879,0.16104189221887708,0.1475,0.16107546,0.161099212,0.161073423,0.160516052,0.159827737,0.160407819,0.160181675,0.15813953272198225,0.159745736,0.16648104821901072,0.160075814,0.1659286230323806,0.174455737,0.16880992840231712,0.157604336,0.15493592817931792,0.154994451,0.1405,0.1381,34.91
186,1494934327.0,30.4,0.09291162,0.072829979,0.066160238,0.064175507,0.065424272,0.065106591,0.065053793,0.065224338,0.066019064,0.067217829,0.068905056,0.069846609,0.071698337,0.072494589,0.073753306,0.07451903,0.076141741,0.078675071,0.08020314,0.081241582,0.083300049,0.085305787,0.086104749,0.088899588,0.090334564,0.09212234,0.094228457,0.095756693,0.096975151,0.099465527,0.100447195,0.102695481,0.103839378,0.134598384,0.106300395,0.107930984,0.109214573,0.110141416,0.111218442,0.111538112,0.112509932,0.113230788,0.114119794,0.114583208,0.115918834,0.09725451,0.117058122,0.117693511,0.118127695,0.119545455,0.12040055,0.122198347,0.122217679,0.123086017,0.12422273,0.125398658,0.126412857,0.127052152,0.128295946,0.129593736,0.129603679,0.129734266,0.131065812,0.132622204,0.133370936,0.13549478,0.136889374,0.1375976,0.137736765,0.137622003,0.13879256,0.139782409,0.141187484,0.142382045,0.143562659,0.144313036,0.145458058,0.145956895,0.145923347,0.145745445,0.146110199,0.146819351,0.147890051,0.149038462,0.149998975,0.150842849,0.151316349,0.151574597,0.151125688,0.151413812,0.151944572,0.152127567,0.151967084,0.151958494,0.152549608,0.153207073,0.154144659,0.154665167,0.155565898,0.155934998,0.15603841,0.155976243,0.156347166,0.156239319,0.156506689,0.156329566,0.155885759,0.156223883,0.156489665,0.156256162,0.157169566,0.156906298,0.156156548,0.154852691,0.153229696,0.153119274,0.153019489,0.15267757,0.152157452,0.152072978,0.151641701,0.149536587,0.148496461,0.147483589,0.146332404,35.08
409,1495569925.1454117,30.4,0.10023150179338451,0.072339733,0.065449326,0.079430541,0.062352895,0.061692164,0.062615677,0.062222084,0.063828632,0.065252345,0.080426012,0.08529241609614474,0.068597941,0.06841476059814339,0.06900204887845893,0.054,0.076050306,0.078265173,0.0801358822126604,0.082673055,0.084436572,0.086751596,0.088798821,0.091794956,0.09317713,0.096104686,0.098473176,0.100870155,0.1028935272620316,0.104498525,0.10677891,0.108874913,0.111380635,0.112885916,0.2068,0.116502817,0.117679018,0.119169676,0.120586369,0.12610807114478487,0.1657335686847867,0.11735410755196206,0.11513736889752929,0.126695033,0.127036458,0.128317015,0.129620769,0.130436124,0.131956663,0.133213845,0.134813023,0.135696511,0.137120489,0.138157693,0.139705882,0.141517905,0.1447340551979368,0.144673756,0.145601695,0.146908343,0.14746753174755778,0.149528569,0.1464259125416214,0.152399432,0.154113557,0.154589427,0.15451496564643635,0.158446064,0.159461747,0.160880974,0.162104083,0.163114606,0.164372872,0.165678803,0.1687340917666732,0.168147793,0.169399309,0.170893769,0.1694603604944216,0.172720887,0.173874414,0.175196982,0.176138597,0.17522063270094218,0.177081246,0.17529225144534866,0.158088112,0.178826688,0.1807464241645621,0.180776285,0.180806356,0.18852264741769842,0.181323646,0.180936697,0.17873644317938187,0.180631879,0.181779825,0.182738382,0.18232315976446622,0.18348987,0.18282465451924723,0.1462,0.184708779,0.1941160051551795,0.19327351046015176,0.185105559,0.185107454,0.184931135,0.184689084,0.185226487,0.18554138,0.186338661,0.186968761,0.187746739,0.187828003,0.19362693312575227,0.19240003819419713,0.18848479,0.172132881,0.16675087982666956,0.186465981,0.185638813,0.18352236822762832,0.182809189,0.175438467,31.62
378,1495027094.0,42.1,0.10796103332832406,0.077147357,0.067071377,0.06728983173016462,0.06468452066204063,0.063018738,0.06308533479960385,0.06001933367875472,0.06175081746660704,0.063815909,0.065285726,0.082254135,0.068201374,0.07020514,0.072024603,0.07694643352385104,0.076691586,0.07826070480707403,0.081330393,0.08399312647906367,0.09935562469185778,0.108003471,0.089963455,0.09537312145582423,0.09440433743068766,0.097672182,0.100491103,0.102678005,0.105039252,0.1087168071584963,0.087432136,0.112162223,0.114504279,0.116836853,0.11862342,0.120201122,0.121821987,0.13240124342393164,0.124192112,0.126179536,0.127309523,0.12885121,0.129845306,0.131001187,0.14250261096304853,0.13401795,0.134526287,0.135513383,0.136764629,0.138596271,0.140584867,0.142185981,0.142973681,0.13822010116405622,0.1457766711169758,0.146832068,0.148206239,0.150184856,0.151758539,0.13951986911123251,0.154507446,0.156003851,0.157333466,0.15897003752320815,0.160615155,0.16219814,0.16237957632224104,0.2502998162056151,0.166407546,0.17222510273303615,0.1716390241016988,0.171943034,0.16109324086288618,0.1658613605297285,0.176814245,0.177734042,0.178480644,0.179597475,0.173860692,0.17115116400299435,0.181986312,0.182727798,0.181112254,0.18412365,0.18467238,0.185262489,0.186321659,0.186772043,0.193355202,0.1874550361611307,0.187367938,0.1950379575757623,0.188038441,0.19477442165408468,0.188393551,0.188545872,0.188749935,0.19265041166862462,0.2992,0.188974311,0.188945421,0.19511660367424477,0.213753813,0.189512167,0.190096455,0.19024307220722328,0.24090440741283037,0.190829123,0.190971228,0.191737511,0.192399538,0.18950556,0.194521985,0.19413716285520968,0.18693455953654312,0.19548033,0.195938982,0.19700882882362214,0.196136263,0.196065651,0.195953241,0.2993,0.2982205250415801,0.23548682133926513,0.196172141,27.74
670,1495623808.0,41.5,0.1844,0.1284,0.053519324,0.050684742,0.050271222,0.049281789,0.049403401,0.049449767,0.04746250100013785,0.050700739,0.051183959,0.05197721,0.053327975,0.053390738065159066,0.056889453,0.054,0.0558,0.06150596,0.063430112,0.0681068626321953,0.0624,0.06641415246597203,0.16097218687058024,0.1667,0.074356372,0.076653237,0.078273073,0.07932498,0.08281252,0.0784,0.086336911,0.088159196,0.09196635690344301,0.091501055,0.09285247,0.09791339725699894,0.095770656,0.096913193,0.09767566,0.099273593,0.10058404746245042,0.110449331,0.10848242106936248,0.10315468,0.11380668382889617,0.104982043,0.106438107,0.107412589,0.108241127,0.10940624,0.110305276,0.1158476530962559,0.113128908,0.114311741,0.115324583,0.106,0.117774824,0.119386914,0.120831168,0.121814694,0.122854744,0.13533033203766304,0.125243186,0.126794249,0.128426302,0.129916987,0.131532184,0.133007829,0.13158267674338492,0.2761,0.137047544,0.138234816,0.13928627,0.14864203495012754,0.141319224,0.142944405,0.144254518,0.1430786403243405,0.13975363680291158,0.146126436,0.147107151,0.148222411,0.149124424,0.149512128,0.150512028,0.150934826,0.16231121503093737,0.152026437,0.152240949,0.1743927,0.16114865608694642,0.153290525,0.153332084,0.153553519,0.153733728,0.153970734,0.154157303,0.154163381,0.15430791,0.154508754,0.154645061,0.1550275,0.154814161,0.20635458,0.20451927416583304,0.163912845,0.16652329205886146,0.156844753,0.156460341,0.156534211,0.157519801,0.158337623,0.158626388,0.1496,0.158555499,0.159097706,0.159762709,0.160856504,0.161034936,0.160680574,0.159750717,0.171409985,0.159061802,0.15871278304659253,0.2999,30.02
329,1495029849.0,44.12043460163295,0.12055714050732558,0.0849819,0.073538281,0.070742914,0.069241569,0.068571429,0.068237543,0.06794022,0.068781059,0.069831124,0.071038266,0.073036175,0.07628717033068885,0.077124826,0.079116066,0.081036022,0.083767535,0.08552184147514771,0.088445765,0.09030792550152703,0.0624,0.06641415246597203,0.098537098,0.10453578638148821,0.102880725,0.1035707119623375,0.109336537,0.111927206,0.113414937,0.116360322,0.119920241,0.121936871,0.124043132,0.136550223,0.12737074,0.13374941456663642,0.131093756,0.14286074778336308,0.134644,0.1383743077703881,0.138019415,0.13221093412423104,0.140495933,0.141852342,0.142475071,0.1369976901043589,0.111181077,0.11016444373843529,0.15559338437600403,0.1462898093959122,0.151132309,0.15711147804558648,0.16031454597674805,0.155424454,0.157181057,0.158338765,0.1621640096682504,0.162327402,0.16353886,0.15039511457324709,0.166250503,0.140464086,0.169274763,0.171245002,0.17284463,0.174746938,0.17535041787183248,0.178141336,0.180099553,0.181542916,0.182707298,0.1899245130542704,0.186358455,0.18581140085402326,0.19013094596585403,0.190565553,0.215780816,0.193119782,0.193017499,0.194491553,0.196093053,0.20664673626756175,0.198261134,0.199062251,0.199914053,0.1998917,0.200066661,0.2095003122768886,0.20194764,0.201966489,0.1925767393975091,0.203235421,0.202878437,0.203258061,0.204283021,0.204502075,0.2066157488462393,0.204642943,0.20595243035072405,0.20201773819568442,0.2058371007943005,0.205405127,0.206100051,0.21549920806640505,0.164189505,0.16433483784444558,0.1669797671873225,0.207331461,0.208925287,0.210129361,0.210870296,0.212052398,0.211384504,0.210720497,0.210335026,0.2153834763546656,0.210590677,0.209706471591559,0.212816462,0.20281401482526243,0.212862355,0.213284562,0.212953823,0.212923241,0.20597481282421626,27.23
626,1495800971.0,38.7,0.089189035,0.060696905,0.051547505,0.048767666,0.047438503,0.047430449,0.046764747,0.046604169,0.047497329,0.048041427,0.048677505,0.049466178,0.051256922,0.052631579,0.053928052,0.055593125,0.056958947,0.058943763,0.060283038,0.062112294,0.064063462,0.065471387,0.067369445,0.06875808,0.070363591,0.072516288,0.074008235,0.076303878,0.077911823,0.079518713,0.081836497,0.083794124,0.085651244,0.086552494,0.088384658,0.089300886,0.11664345,0.092342632,0.093152913,0.093979878,0.094849887,0.096041809,0.097020739,0.097728677,0.098995895,0.099389712,0.100392115,0.101407969,0.102742557,0.103977691,0.105000977,0.105996311,0.106624917,0.108466579,0.109706441,0.111047868,0.112079172,0.113117016,0.114320139,0.131105101,0.116609365,0.118542897,0.120116047,0.121209482,0.122221538,0.123634455,0.125120436,0.126724894,0.128022184,0.129453992,0.131110046,0.132563064,0.159779475,0.134435302,0.13531547,0.136762074,0.138228489,0.138939707,0.139707403,0.140435951,0.141379667,0.141696396,0.142470186,0.14338409,0.144044662,0.144687437,0.145036309,0.145657258,0.145895412,0.146168847,0.145976405,0.14673902,0.147029277,0.147294589,0.147760622,0.148238249,0.144670194,0.148309538,0.148824522,0.14952608,0.150053826,0.150965402,0.151244038,0.151755565,0.1513561,0.151655646,0.151540148,0.152418449,0.152844437,0.152788034,0.1534753,0.15430437,0.155176696,0.155706377,0.157096132,0.157694465,0.157811149,0.158402722,0.158710198,0.15863708,0.159875696,0.160869505,0.161579475,0.162625049,0.163063921,32.17
143,1495542373.0,33.5,0.0835753,0.058328708,0.05180947957219602,0.066909575,0.06431595859255447,0.050119039,0.04949140830532235,0.04692263785918242,0.054937233,0.05554965920402247,0.053132804,0.05478555900367722,0.0465,0.056494783,0.057975206,0.059547774,0.060982133,0.062993764,0.064929451,0.06943750626566116,0.068239697,0.069770605,0.07083080083107365,0.073538982,0.07532044,0.07334197057832909,0.079151898,0.081223489,0.082640777,0.084784558,0.086354738,0.08783223,0.09164683359909098,0.0853,0.092676959,0.0977311860617672,0.095825598,0.096614057,0.097294424,0.10578426915848041,0.1076325842953482,0.100724987,0.101545626,0.09685258941288272,0.103775174,0.10509811487586086,0.10136079088062858,0.1992383401186545,0.20873056355333808,0.108387404,0.10734147709461479,0.11285214570249469,0.112002642,0.113438738,0.114901691,0.116531522,0.11884289873698192,0.1184978,0.119948612,0.1111,0.122104644,0.1346056098820529,0.12461327,0.125629838,0.12588698445362773,0.128900599,0.130315292,0.131574556,0.132423181,0.133166264,0.134063586,0.1245,0.137066852,0.138289521,0.13962485917664583,0.140446261,0.14128768,0.142009827,0.142818397,0.143416412,0.144251827,0.145057286,0.1492127128675419,0.146088875,0.146506809,0.147484954,0.148556517,0.15611944998364763,0.149129982,0.1435992042931627,0.149843829,0.150164359,0.1424,0.150599352,0.1528392187850905,0.1466768354324156,0.14620877746054642,0.15378527255377808,0.1444,0.152654519,0.152584736,0.152833255,0.152798113,0.153377855,0.154434707,0.15457955624064598,0.154684282,0.154945816,0.154581733,0.154814229,0.154899568,0.154825821,0.155051121,0.155401644,0.155280724,0.16216491868932498,0.154517023,0.175856947,0.17010949204055306,0.2455772358952349,0.2735960983018426,0.19030651327797057,0.153309278,0.15298235111487704,0.14884422366426936,35.91
142,1495542253.0,33.9,0.081434529,0.058790535,0.052488793,0.051144864,0.049936073,0.050481393,0.050981787,0.050609039,0.05103737,0.052350346,0.053406144,0.054330012,0.055542164,0.056877728,0.057984963,0.059458293,0.06077029,0.063135827,0.079234888,0.06662406,0.068092212,0.069526781,0.071698724,0.073105963,0.075693847,0.077256788,0.078784395,0.081169611,0.082751235,0.084267342,0.086379647,0.087924643,0.089362915,0.090996199,0.09283104,0.093902857,0.095124292,0.096684672,0.09790994,0.098910559,0.09961636,0.100197674,0.101390686,0.102117529,0.10314105,0.104070506,0.105568168,0.106441859,0.10707736,0.108495176,0.109370172,0.11059723,0.111664432,0.112663368,0.114091695,0.115577404,0.116796609,0.117913939,0.119562575,0.120319348,0.121699196,0.123153639,0.124034293,0.125621788,0.127073181,0.12847512,0.129564241,0.131289525,0.132496558,0.13281766,0.158957348,0.135181897,0.136688685,0.138059815,0.139256944,0.140400033,0.141645732,0.142278806,0.14241431,0.143054929,0.143850502,0.144626071,0.145453896,0.146586175,0.147042547,0.147600951,0.148102717,0.148760394,0.149627009,0.150241531,0.150267644,0.150185959,0.149944417,0.149940992,0.150792616,0.151384923,0.151072975,0.150864425,0.151266492,0.152280771,0.152770475,0.153222619,0.152992013,0.15292475,0.153139154,0.153442705,0.154060495,0.154691739,0.155264923,0.155498679,0.155068843,0.154843294,0.154557712,0.154445496,0.154956022,0.155260435,0.155812587,0.156129308,0.172469938,0.154982341,0.154309839,0.153535634,0.152899135,0.152255378,0.151022396,36.04
536,1493135957.0,43.2,0.179854567,0.121361162,0.112508457,0.110159371,0.109241446,0.109847576,0.110356213,0.1120421,0.113592615,0.115637577,0.118950938,0.120697185,0.123696645,0.128592513,0.132091819,0.133888048,0.137806267,0.140970702,0.145046675,0.148541923,0.152403088,0.156768024,0.160886487,0.1641486,0.168349245,0.114832217,0.175856794,0.179368783,0.143681565,0.18758421,0.131392401,0.195063579,0.198375561,0.201521187,0.205067065,0.20804587200000002,0.209802187,0.21178224,0.214547367,0.218202876,0.219919579,0.221820285,0.22411903500000002,0.225952482,0.227446042,0.230014592,0.124984418,0.233920396,0.23551531999999997,0.23724933,0.23873829,0.241645018,0.243128714,0.245644462,0.247771534,0.250188907,0.253653225,0.256198538,0.258528509,0.189805669,0.261203176,0.262257977,0.263070208,0.264472515,0.266582308,0.269495717,0.271251803,0.273121323,0.273840682,0.275483148,0.27808843,0.280372805,0.28171891,0.284099587,0.286502178,0.288518502,0.290258887,0.29222913,0.292067928,0.29213541,0.293175682,0.29458642,0.295279516,0.295912237,0.29657206,0.296985087,0.297993872,0.298859439,0.299727796,0.300045825,0.29974482,0.299311369,0.298744945,0.298826469,0.29917705,0.298408901,0.298434498,0.297782083,0.297319449,0.297550727,0.298502437,0.299051257,0.299691672,0.299083782,0.297415083,0.296361188,0.295883815,0.295732466,0.296332883,0.296422568,0.296649808,0.296721845,0.295986594,0.295593298,0.295350144,0.29536825,0.296292842,0.181415788,0.297369328,0.297982437,0.298440423,0.297364505,0.296983016,0.295979736,0.293686753,25.64
20,1495550657.0,34.8,0.07134898511502216,0.054375348,0.049376896,0.047395368,0.046335899,0.046602958,0.04578610117668783,0.047118117,0.044836771083011775,0.048994681,0.049935412,0.050778475,0.05089447410589355,0.065562411,0.054788999,0.056138982,0.0562824842774511,0.0576,0.061039419,0.06598515405260032,0.064556654,0.066437287,0.068507633,0.070294214,0.071984892,0.073906319,0.075830826,0.110064173,0.11191278583921124,0.11583934852601212,0.08284804,0.084799689,0.0886833220385524,0.088493271,0.089778411,0.09472198495461973,0.092505747,0.09932952430731663,0.10151225,0.096482174,0.097192442,0.098386368,0.09945429,0.100703821,0.100781828,0.102074513,0.102934143,0.104064215,0.11120866202789867,0.106527099,0.105513669121998,0.108731037,0.11230308376505765,0.110779671,0.112618087,0.11042351,0.115721341,0.19072562155475536,0.148195476,0.118815056,0.11619686041355623,0.1214083,0.123074058,0.124183244,0.12433757500153106,0.126895746,0.12588988552514258,0.130110841,0.131396756,0.132659282,0.133866025,0.135017355,0.135864048,0.137106087,0.138396085,0.1394706,0.14081862,0.141957238,0.142372901,0.14134205848718245,0.143915387,0.15026102717394638,0.145961089,0.146333069,0.1378,0.1384,0.148245404,0.148559187,0.15159099055101732,0.149210616,0.148969699,0.1569105004155127,0.149987178,0.150485966,0.150520732,0.15064549,0.150662316,0.2949628700861217,0.151793643,0.1519877,0.15211869,0.16007784162795388,0.151908509,0.152373196,0.152995782,0.153636219,0.153945354,0.3001,0.27710189267924334,0.15447884,0.15453723,0.163368644,0.15472724,0.155204722,0.155714605,0.156277644,0.156892339,0.157132647,0.157284572,0.157802623,0.15887413,0.159242589,0.158830335,0.15848220497548174,0.23733763478607867,32.5
173,1495546729.0,35.92868091948635,0.081248312,0.058255979,0.051049395,0.037,0.048680024,0.048681855,0.048424506,0.048649863,0.04656170891572175,0.049778315,0.050234685,0.052062713,0.052969837,0.054094408,0.05585043,0.056995339,0.058731704,0.05983078710352971,0.061821973,0.08626817769759564,0.08755880717362607,0.066825289,0.068920535,0.070255972,0.071976185,0.073732164,0.0754693,0.077477572,0.079345465,0.0820922112698929,0.082662822,0.084646513,0.08853363276912554,0.0853,0.089621539,0.2094,0.091599033,0.09830665811686715,0.094114212,0.094908116,0.0958579292101106,0.097078936,0.097725025,0.098642024,0.099919366,0.100699954,0.101635382,0.102837415,0.1099515990536685,0.104745831,0.105623433,0.106758732,0.121615099,0.11334365774962447,0.109929259,0.111375608,0.1135002856795727,0.113982006,0.115361529,0.116428343,0.11354020732089433,0.12633093049041416,0.150619198,0.15290213594029176,0.15509763803651608,0.123019947,0.12188373491955748,0.126195109,0.127256495,0.13010376388357403,0.129432097,0.1308594009632481,0.131721069,0.1426683644246247,0.134712694,0.136278239,0.137216002,0.137902722,0.1342257250932829,0.139161374,0.140281673,0.14633426010595607,0.141482725,0.142167537,0.143010554,0.143369056,0.1554840281747279,0.144127633,0.144482564,0.166024052,0.145194796,0.144911219,0.145009137,0.15433915359085693,0.145581492,0.146284951,0.146770859,0.146952833,0.147306319,0.14857169112655622,0.147335516,0.147413674,0.148390287,0.1478488,0.148045479,0.14832544,0.148899422,0.149371868,0.149998174,0.150540099,0.151236668,0.1488,0.151713391,0.1496,0.151851118,0.151637587,0.151606602,0.151554274,0.15190411,0.151940602,0.152023489,0.152361046,0.152259549,0.15193665350783572,0.153986421,34.07
551,1495043184.0,42.3,0.181677205,0.12299743659601278,0.11354226,0.1131,0.03953484,0.045396178533853554,0.113226296,0.10964345774636705,0.1166,0.11818236600000001,0.11916268573403302,0.122796771,0.1264,0.128361201,0.132236486,0.135924237,0.139792934,0.14301350499934207,0.147188633,0.150315151,0.1556,0.1592,0.1633,0.1667,0.169230061,0.1742,0.076929825,0.075,0.1813272801377412,0.111951223,0.11113369576024203,0.173063443,0.198471612,0.201964807,0.2068,0.2094,0.211170296,0.213510747,0.20705321654661218,0.217869622,0.220463975,0.21306401658772162,0.225119202,0.226379757,0.2287,0.2080712283416157,0.231779888,0.2343,0.2368,0.0997,0.1009,0.2424,0.24383888199999998,0.2464,0.194657039,0.19516821620847363,0.2546,0.25130435055030564,0.258678427,0.260100964,0.260510881,0.263,0.2647,0.264470997,0.2677,0.229470388,0.2319143373003698,0.267656372,0.272530773,0.274895508,0.277864431,0.2808,0.281790326,0.283257812,0.284383271,0.286842909,0.28870866,0.2920316626029511,0.2931,0.28403355431752586,0.192200192,0.2024399224195088,0.294804953,0.295675429,0.296031417,0.2991,0.14814577,0.15569378569033174,0.297282888,0.298159737,0.3003,0.3008,0.2954973135387161,0.142,0.297485395,0.297204484,0.2994,0.296521068,0.2992,0.28470145997196067,0.260954302,0.26362939256606027,0.25161373323071307,0.2996,0.296807485,0.297460305,0.297431039,0.3001,0.2971268,0.2996,0.3002,0.297434649,0.2991763330550019,0.297746701,0.297860539,0.298337039,0.298625061,0.2859999761538214,0.218101228,0.198084068,0.21830123927209039,0.295605529,0.29449234812132147,0.296768402,0.2858889324731053,25.69
313,1495317406.0741124,34.280137484807895,0.08827440418909699,0.064902642,0.058365697,0.055258755,0.054677251,0.054079139,0.054529341,0.054202637,0.054764194,0.055909376,0.05710637,0.058017815,0.059381431,0.061401241,0.10467176208593758,0.064516295,0.06674231,0.06805104207711574,0.069896041,0.071512632,0.0701414186991843,0.07422345576446716,0.07552425034461772,0.07994192213362768,0.08181156472883853,0.08046158239364239,0.08753686959079107,0.1821,0.09023778,0.092583424,0.093908352,0.095835604,0.09804859,0.09505588297421638,0.086,0.102869919,0.104280198,0.1126123101019597,0.106362805,0.108029728,0.11006354522259247,0.109647621,0.110782716,0.111369264,0.112788231,0.114044076,0.115033173,0.11449806075754083,0.12331429015857125,0.117811069,0.11660052333610195,0.1249295663086499,0.122462293,0.123355375,0.125105127,0.125830766,0.12847887451517265,0.128908613,0.149104914,0.131681208,0.130518189581101,0.1427345032160882,0.13934232759713075,0.137385148,0.13847779322673656,0.140066692,0.141304742,0.1205,0.1216,0.145630043,0.146230438,0.14948337375892495,0.148963224,0.15067632,0.1527895055933324,0.153436493,0.154294263,0.1534310631759924,0.156335041,0.156988485,0.157742227,0.158198205,0.158613229,0.159546762,0.14752933623955225,0.161222978,0.161877008,0.162333495,0.162763406,0.15711875604957498,0.163505013,0.163939684,0.163963382,0.164204454,0.164357647,0.16224398182994793,0.164785419,0.164313362,0.16476634,0.165390625,0.165845905,0.166630016,0.167204312,0.167079651,0.166945523,0.167218317,0.166947112,0.167227866,0.16522399166895166,0.167322298,0.1489,0.169358074,0.170251799,0.17101396,0.172010868,0.171746078,0.170983653,0.170430883,0.169413425,0.169601881,0.169590612,0.170357063,0.142,0.172617555,0.173060689,32.57
13,1495489998.0,34.5,0.076957366,0.05544889,0.048349776,0.046962235,0.046905476,0.046316872,0.045484618788994666,0.04370179108089281,0.047347141,0.047879787,0.043524609,0.050200719,0.051344582,0.052444412,0.05430021313899261,0.05810185484222956,0.087923172,0.059087336,0.0589,0.062563121,0.0624,0.065863407,0.067442883,0.069248323,0.071197305,0.073171132,0.074652658,0.07672112,0.079016489,0.080556274,0.082280578,0.084342393,0.085899845,0.087121136,0.088940214,0.090761851,0.091281305,0.093085063,0.2168,0.21006099069819123,0.22052382549601984,0.097241218,0.097838486,0.09930727,0.099817111,0.100438623,0.101530545,0.10294565,0.104044473,0.104986971,0.106089367,0.107324673,0.10854987,0.109667021,0.110729521,0.12246942087798932,0.12499581286222165,0.115246391,0.12598989561178542,0.117702059,0.11495798212271297,0.119981338,0.121238072,0.122548559,0.124157865,0.1179,0.126987342,0.128393232,0.129373556,0.13238144076499367,0.2525184682638445,0.133758723,0.135303537,0.136344093,0.137173791,0.138465136,0.14406737759517754,0.140124746,0.185356842,0.182034428198174,0.142299122,0.14306739,0.1363,0.144756016,0.145293484,0.1411730271373176,0.15350237932905036,0.14664468,0.147223306,0.147551255,0.147775572,0.15572479432007436,0.147876273,0.148068551,0.15067882138069347,0.148513646,0.149065845,0.149432321,0.149646864,0.15008372,0.14636891515798128,0.150194692,0.150686633,0.1469,0.20884745761456913,0.151840689,0.151989,0.152404694,0.1527429294646333,0.1484,0.16065413716479712,0.153635592,0.153505981,0.15114165869304644,0.153293948,0.153427542,0.15352985,0.16025567444562833,0.154529183,0.1511464388742259,0.2989,0.155633801,0.156762017,0.15738709,0.158123663,32.85
306,1495630709.0,39.1,0.092139082,0.064973683,0.058443556,0.055724979,0.055352341,0.046938918,0.054343795,0.055152988,0.05388504212066699,0.056099561,0.058074861,0.058320156,0.060556307,0.0617223,0.063114772,0.064860586,0.066308359,0.06760573396109522,0.07001451,0.07395042921647364,0.07301898500621373,0.076205762,0.077617614,0.079960577,0.081977823,0.0806439382104234,0.085853248,0.083160547,0.090090803,0.091966735,0.094209569,0.095543326,0.09918240266161073,0.19573258061908957,0.086,0.102281309,0.10383346303267885,0.104422534,0.09629626676919481,0.107080964,0.092836207,0.108826074,0.109549256,0.10557443494858493,0.11217682,0.112917786,0.10964875626383339,0.114939147,0.116791256,0.1154249654128817,0.118235526,0.119440847,0.120674223,0.122440261,0.124040829,0.13399979945862409,0.126883375,0.128445741,0.129448629,0.11892401714035222,0.132487379,0.14463706980783486,0.134787035,0.136460776,0.1166,0.138890674,0.140227132,0.141329551,0.132236359,0.144661146,0.145954319,0.1245,0.147988173,0.149563227,0.15093956,0.1514671269782168,0.153264432,0.1322,0.155115407,0.155961557,0.157234634,0.158325513,0.158922557,0.1585538961410271,0.2982,0.160893772,0.1712979520362785,0.161673188,0.162701932,0.16319706,0.16328368,0.17112354016897968,0.163427106,0.163696633,0.164503053,0.16240918420266334,0.165283781,0.165496584,0.166245167,0.166523446,0.167024579,0.1742600371032847,0.167861287,0.168195392,0.16865189,0.168864639,0.17187971179918257,0.1481,0.170295755,0.170924285,0.171273272,0.171450963,0.171610707,0.171310429,0.16410102001568486,0.17069110856157324,0.1713769,0.172562141,0.172554086,0.16712424845361226,0.1886589987944465,0.171528707,0.1692835309132733,0.16889525629867466,0.168042986,32.85
26,1495551377.0,35.5,0.0748248951345025,0.056537299,0.05283836,0.048383892,0.037500000000000006,0.047770142,0.04701609991551897,0.04514409299886657,0.048949302,0.049574093,0.050273554,0.051589645531664785,0.053116386,0.053182556992343866,0.055682568,0.057696735,0.059163184,0.060651573,0.06258510037121601,0.0603,0.065945402,0.067715249,0.06981602,0.07384152794107271,0.073444293,0.075259077,0.077136938,0.079400481,0.081497437,0.08432214276514464,0.0805,0.094675885,0.09833470713776286,0.2034,0.091837251,0.093349514,0.094710074,0.096104579,0.097343199,0.098963994,0.1002488718367843,0.10085984,0.101678718,0.10281158,0.103579337,0.104540186,0.105546908,0.106974366,0.10817546,0.109146912,0.110421414,0.1905911581119903,0.112406068,0.1038,0.1151708,0.116496073,0.117994523,0.119582214,0.120817066,0.121785737,0.123011264,0.124500008,0.125785419,0.127335306,0.1284321,0.13029787684925473,0.131058935,0.140584033,0.1389155732345619,0.135106351,0.136362275,0.138107442,0.139664157,0.140859648,0.1423563811139098,0.143409047,0.144084504,0.2922,0.145597189,0.146293332,0.146904294,0.15349098461608016,0.148552197,0.149175099,0.149891376,0.150518702,0.151185048,0.151402697,0.15172815,0.152022283,0.1415,0.152883815,0.15154893017877724,0.15309102,0.152983566,0.153128243,0.143,0.153802369,0.15110879847850048,0.15203701035244588,0.154185156,0.1462,0.155138578,0.155260602,0.15549448,0.15563938177994505,0.156155864,0.156555716,0.157098086,0.157300723,0.16836498736635033,0.157775269,0.214025419,0.21458186482382358,0.157955989,0.158672292,0.158839525,0.16485721415580146,0.15749599410618567,0.15377630838934303,0.15601092,0.155331392,0.156115952,0.156499637,0.157505202,32.38
523,1494501394.0,29.0,0.09271450880581499,0.067664304,0.0609307,0.059484844,0.060886534,0.060033727,0.059939678446023686,0.057204668522936174,0.061727523,0.06185936732712013,0.063859956,0.06677578357065289,0.067637214,0.068975798,0.0695185234986029,0.072085997,0.074127933,0.075851638,0.077931909,0.080078674,0.08025274119854096,0.084106239,0.085835326,0.088289963,0.09027585629479722,0.09274826,0.093783973,0.096796218,0.09889702744768063,0.1897,0.18372718230193263,0.103902354,0.10735115491025818,0.108214129,0.10839841586877025,0.110233305,0.098943997,0.112823035,0.113808218,0.114517646,0.11708744379758991,0.116667534,0.11831538,0.119216463,0.119924884,0.120482974,0.121340437,0.122572119,0.123550378,0.12193222635930168,0.125928239,0.127336103,0.128586092,0.12962995,0.131059464,0.14007940626129842,0.133856087,0.135381728,0.137469416,0.12632857151739638,0.139427613,0.141828269,0.142510001,0.143732468,0.14527624365822064,0.145993957,0.146972614,0.15100038490416337,0.150106903,0.150496027,0.15057331,0.151853182,0.153877433,0.154690602,0.156027901,0.15624154155077025,0.160162348,0.15948190383473781,0.162601959,0.162120273,0.163688775,0.17162910645068494,0.16738013,0.168538769,0.168963984,0.169077446,0.169851554,0.17818786892704003,0.169620483,0.170121486,0.170755018,0.17854219078795067,0.173635658,0.174406227,0.174627443,0.174918716,0.1732945226189154,0.176287609,0.176653599,0.176528955,0.17614487,0.17052872087938692,0.17754767,0.1869575974262514,0.179801481,0.1796233,0.178896328,0.178896328,0.148,0.179068664,0.179550574,0.179676874,0.1858421556935098,0.2838708824897257,0.181006999,0.182115594,0.183742427,0.186659966,0.18249741634485103,0.189779685,0.211856054,0.193759574,0.192097804,0.189336513,0.186418481,31.77
170,1495546369.0,35.3,0.082762187,0.056422903,0.05124937,0.049331047,0.048226312,0.05307548133221185,0.0526069585013905,0.048525914,0.04902854,0.050136784,0.05333244333379385,0.051628007,0.052717907,0.052790496035893725,0.0516,0.057181627,0.0558,0.060678056,0.0626090943183629,0.063518223,0.0624,0.066886895,0.068781597,0.07273603855454236,0.071918302,0.073870445,0.075868934,0.098048534,0.079305764,0.081002621,0.082859536,0.08864530033705571,0.08610843,0.087695321,0.089065342,0.090984383,0.0926974824737792,0.093387807,0.094278886,0.095234123,0.09621086833522582,0.097694747,0.097990483,0.098765892,0.0954,0.100754101,0.101585618,0.09936952989710593,0.10639816739265409,0.1054191481473753,0.137481447,0.14331457098218395,0.10774397,0.108842875,0.110609771,0.111992811,0.1141398380085821,0.113939583,0.12451010039194887,0.116182095,0.11326610837780321,0.118498449,0.119890478,0.121039113,0.122063282,0.123413515,0.12229053947302862,0.12758282503082802,0.127918813,0.128642227,0.1311324444581027,0.13097111924939922,0.1258,0.133758043,0.13480882029404231,0.135729062,0.14099098396200693,0.137932994,0.13425805577023484,0.1338,0.139480978,0.14546899036884842,0.140913507,0.141777367,0.1378,0.1384,0.144124896,0.144645931,0.145353131,0.145261857,0.1415,0.145624549,0.146049728,0.15531701221550914,0.15686641052573427,0.147070383,0.147799061,0.14774965,0.147280804,0.14854843850401123,0.146612535,0.146370541,0.1462,0.147602446,0.148093606,0.14823814087426573,0.148435691,0.1481,0.149202647,0.1484,0.16191582433521443,0.151512239,0.151683288,0.151318754,0.151137863,0.151680156,0.152464967,0.153545515,0.1471,0.155208141,0.16838209417600555,0.15440856,0.142,0.152805017,0.152440465,33.97
532,1494999535.0,43.8,0.1761816384169631,0.119579297,0.109772393,0.1131,0.106283558,0.107347776,0.10898317499999999,0.10546784784688093,0.111300326,0.10792366174957047,0.083345512,0.08855567372718096,0.1264,0.125057257,0.129188927,0.132489669,0.1407,0.1439443102090691,0.13804941839839893,0.107861569,0.11304756187660486,0.1549344917976065,0.15868503221860897,0.161081241,0.164826397,0.169001767,0.16814576632957962,0.17603021616024223,0.1854,0.144105416,0.14115583973305876,0.098815788,0.10238037392347435,0.198545121,0.202091546,0.204841675,0.2049326684173678,0.209628973,0.2031120625379267,0.106471226,0.10837629208885517,0.10314003046230137,0.10143758574808714,0.22710000000000002,0.2287,0.096,0.16825826,0.229974882,0.2368,0.23474834,0.236355002,0.238344279,0.239954076,0.242660226,0.245102478,0.23886452383927276,0.2546,0.253570753,0.255873188,0.258107958,0.2587567,0.258987771,0.259980082,0.261473007,0.2677,0.2527125309324298,0.2717,0.274,0.1713489847791535,0.122479396,0.12540461671537537,0.276019463,0.278421768,0.280228472,0.282141833,0.27457484404421817,0.28623181,0.2894776735783181,0.198942191,0.19489551146089412,0.271576530784759,0.291008055,0.291553121,0.29183151,0.29275829,0.2991,0.2960122564954265,0.294745875,0.295462917,0.295336788,0.29899844066258197,0.296204316,0.2910249072078394,0.266225702,0.2515426989954672,0.294263871,0.2994,0.211845494,0.21372209195180897,0.294986246,0.294772153,0.294041278,0.293982482,0.2996,0.29020048895211137,0.1475,0.2998,0.3001,0.2716253843488516,0.292341372,0.293699332,0.294279992,0.293774571,0.293637245,0.293933239,0.296194169754428,0.3,0.187462121,0.18341725508810552,0.17675368430236144,0.1934669186343679,0.19079903004304244,0.142,0.293414183,0.293047726,25.7
518,1495634687.0,34.33984177879176,0.084109076,0.066485566,0.059760509,0.060681184,0.061574275,0.061239564,0.06114513,0.061065976,0.06268516,0.0962142700566932,0.066883293,0.067369838,0.069498676,0.069624892,0.074388395,0.073550023,0.075388375,0.078286126,0.079618402,0.083054552,0.084402138,0.08619545,0.08851128,0.0938211798904446,0.093813657,0.096078258,0.098530133,0.10072686,0.1027529560060457,0.0784,0.106986268,0.108579895,0.111559321,0.112723039,0.112966557,0.0868,0.11570502936108078,0.117384076,0.142161777,0.120095257,0.12312583299344441,0.120372411,0.121749122,0.11886907085857393,0.124763894,0.125036006,0.126345521,0.0979,0.134817280168088,0.130003999,0.12858045924099842,0.13246759,0.134230589,0.135133327,0.136869956,0.138322901,0.138538596,0.14055371,0.142755524,0.2613,0.144891348,0.1566213801021978,0.148454212,0.149170031,0.1166,0.150823701,0.15196316,0.177491987,0.153949613,0.155683331,0.156741854,0.158234776,0.159309791,0.160476299,0.16320488881105907,0.161860577,0.163773585,0.16625,0.167121284,0.167959521,0.168957154,0.17732237156700714,0.170574408,0.171889538,0.16015532376775443,0.16385561171969856,0.173970652,0.174779897,0.176509121,0.176822175,0.16391772575310398,0.176425521,0.17763606,0.17892785,0.178891571,0.179685186,0.179615893,0.180453306,0.153568266,0.180983649,0.180909307,0.181028876,0.16607580382755177,0.1469,0.179404075,0.179334327,0.180179498,0.180583148317659,0.17705285921187888,0.182499119,0.183690006,0.17343043946668568,0.186346237,0.187558285,0.188090759,0.187272056,0.186222471,0.186490126,0.185926458,0.28953876988025695,0.2016559912420884,0.182166826,0.181410946,0.181279775,0.17581493600044162,31.94
246,1495038646.0,44.0,0.051205792403414455,0.041846659,0.038184691631202555,0.102234594,0.100177591,0.098976751244028,0.100695342,0.09731188021831517,0.10136123476129671,0.10550511499999998,0.10689816419171341,0.108677212,0.111243258,0.115492731,0.1123406512603766,0.12040385,0.123463897,0.126961116,0.12266242054174722,0.132758068,0.137086469,0.140281677,0.1451517637563766,0.15435294846154,0.119194249,0.115940863,0.11816095651826082,0.162503944,0.16664393,0.169669316,0.16502467345893362,0.087816981,0.104317369,0.10155518339197944,0.184560465,0.186689481,0.189191407,0.191745138,0.1849546561559685,0.1822737680136161,0.197648461,0.200129872,0.19491813945436712,0.203446554,0.21715782616253215,0.20666794,0.2090132971360888,0.209817847,0.21957104805460367,0.214019914,0.216406484,0.218681374,0.2214148722471863,0.222192019,0.2232180877950618,0.24468532116703776,0.25163723176627895,0.24813437675021893,0.211067651,0.23356023000000004,0.2439198507249719,0.236101854,0.2366883912584537,0.204331745197476,0.2101825635240544,0.1179,0.245419524,0.255543730596176,0.249066163,0.252584934,0.254788453,0.255279132,0.256740862,0.259059806,0.26797909336317516,0.26128587805130676,0.263615743,0.265682286,0.271178738,0.26688981,0.2527113225737494,0.268891045,0.270287264,0.26636534602387646,0.272473378,0.2776808860692428,0.147184933,0.15469805351798036,0.15750430712206126,0.3004,0.3003,0.1418,0.276487532,0.27789132971594466,0.277220362,0.2904724477055047,0.277265328,0.2735171125702122,0.277586734,0.2673003336896507,0.278016345,0.278800255,0.26732409696459575,0.27670015945943804,0.27222850115890646,0.280953891,0.281127156,0.28618976132197715,0.2653895173376283,0.280940043,0.281782472,0.2776632056859867,0.2999,0.3005,0.29332910817854674,0.2997,0.2970857029158066,0.1488,0.160574443,0.1565051369564226,0.281457214,0.2787905993588783,0.2819868466511878,0.2811657447511794,0.27440538274061854,25.95
299,1495629869.0,34.9,0.094941075,0.064991847,0.05827294,0.055411606,0.055120005,0.054441874,0.054719455,0.054781227,0.055378993,0.056761622,0.057275005,0.058551782,0.059527865,0.061259157,0.063250417,0.064983921,0.066609826,0.06889364,0.070581718,0.072715931,0.073912825,0.076257496,0.077988027,0.079461711,0.082011162,0.083858091,0.085697937,0.088196782,0.113229444,0.092744726,0.094675155,0.096934963,0.098496464,0.099989917,0.101249012,0.102955718,0.104562343,0.105520063,0.106981742,0.108323528,0.109395391,0.110151254,0.111403046,0.112480477,0.113269169,0.114258973,0.115370161,0.116279787,0.117590201,0.119187759,0.120413502,0.121370004,0.122733237,0.124165592,0.125598274,0.12756693,0.128771573,0.129865764,0.131154668,0.191615794,0.133422317,0.135010235,0.136518724,0.138129017,0.139351184,0.140611283,0.14211817,0.143715545,0.144866237,0.145891462,0.147361615,0.148689064,0.149940847,0.151066194,0.153101151,0.154667073,0.155639406,0.156374491,0.156973944,0.157575573,0.157933657,0.159436855,0.160504004,0.161181836,0.161635857,0.162152863,0.162617544,0.16332028,0.163707794,0.163962205,0.164431815,0.164868065,0.164717569,0.165517008,0.165841444,0.165170063,0.165815862,0.166259225,0.167354293,0.168349722,0.168347082,0.168556505,0.168218467,0.168558603,0.168784222,0.169028241,0.169027069,0.169534247,0.169336259,0.170081516,0.170766739,0.171604569,0.172504404,0.172541536,0.172138137,0.171971444,0.171253014,0.171219582,0.171403617,0.172231023,0.172580449,0.173246796,0.173962955,0.173230125,0.173140626,33.21
448,1495020859.0,37.4,0.102433509,0.072590605,0.03409999999999999,0.037,0.058440173230786874,0.059468004,0.059253324,0.0381,0.060458985,0.062204098,0.062770431,0.064425165,0.065672424,0.067783873,0.069982495,0.072066091,0.061659258,0.06283495936327406,0.078669958,0.080937809,0.078473867,0.085213321,0.087087624,0.089824144,0.091884995,0.09151034761928434,0.096822917,0.09639796205356962,0.091441417,0.09462636335451725,0.105600175,0.133923279,0.13668871647844846,0.11317852,0.115160729,0.116871752,0.118432866,0.119240074,0.12107594,0.122330461,0.123760178,0.11822695185751197,0.12665444,0.127342162,0.128606189,0.130154739,0.12791797340967023,0.132839257,0.133664068,0.134720853,0.13321491614288783,0.14175887237090884,0.139336638,0.141157307,0.14848545027639692,0.20009876694392426,0.14540487,0.13447249807620168,0.148719012,0.15021211,0.1511449587435914,0.153059061,0.149073195,0.15150496292740434,0.15929692786512323,0.160141966,0.161757679,0.163353786,0.165111903,0.166936553,0.16672376650666204,0.170266297,0.15936551736193638,0.172742884,0.17365087,0.1727772572202306,0.176715241,0.17815538,0.179036436,0.180008098,0.17749832069071972,0.18655236932779237,0.182408813,0.18129078810519103,0.183912496,0.1384,0.185096778,0.185559157,0.18723153348973395,0.186645066,0.187314899,0.19498529260327951,0.187398961,0.19417349291907485,0.1900359248636796,0.187244197,0.187780332,0.188071232,0.188608839,0.189508113,0.189651077,0.1957879994783018,0.190647849,0.190921633,0.190930502,0.190681561,0.19547935905305577,0.192138086,0.192048179,0.191844183,0.19829058391657953,0.192435237,0.19812124788155683,0.19791013211386044,0.192714496,0.19835048968817648,0.1954291839533365,0.196567021,0.1938579302362472,0.19552591,0.194567076,0.194165321,0.194557267,0.193786726,0.18773550442366632,29.57
273,1496838082.0,33.0,0.094496571,0.06877271334350668,0.061570074,0.060890467246055825,0.1126,0.10995250313002054,0.1125449503516699,0.058442059,0.059635059,0.060343598,0.056441595,0.084603095,0.064025075,0.065483083,0.067208463,0.068148091,0.07013917042191901,0.07153680317657031,0.073938519,0.07743293556994854,0.07514610100244815,0.080121681,0.081906014,0.08676212236928577,0.085841319,0.08779544,0.09164720515597499,0.092388873,0.093735047,0.09700308469450414,0.175986112,0.18175399613508833,0.101552066,0.103133481,0.10264368195104731,0.139098944,0.108168912,0.0893,0.110140081,0.111481328,0.112509947,0.114057656,0.1119601896026898,0.0945,0.116049654,0.117674585,0.11936213,0.11936814751814495,0.0988,0.122292421,0.12362917,0.124939445,0.12838787653225073,0.127740381,0.128956423,0.13825773262106736,0.14135582982003284,0.13014028229910943,0.134418148,0.12351173074791391,0.1119,0.14891724832797915,0.139679803,0.14083973,0.14217790673739886,0.143804692,0.145025924,0.146931134,0.14505883899826705,0.149848747,0.151286135,0.15508852032614756,0.14372621230003196,0.155030517,0.155712406,0.156434443,0.157552188,0.158875068,0.1566243159842155,0.2937,0.160865188,0.1685778017951161,0.161767543,0.162614546,0.15066751216717322,0.1384,0.165034028,0.17319538255386843,0.166377462,0.166186667,0.15179557484108547,0.16617564,0.16448420646820575,0.166967715,0.167740324,0.16608719508476402,0.16334713610516893,0.167706874,0.1661081089423338,0.16570635405812376,0.167924297,0.168771665,0.1533827058569217,0.1469,0.171639087,0.171875,0.17157702,0.17158364716009714,0.170539513,0.170558381,0.170986577,0.171174836,0.172025129,0.17055457139204355,0.16445538263546872,0.17103365522605388,0.1496,0.188010854,0.169645585,0.169080324,0.169108236,0.189088729,0.18700375898912863,0.167423749,0.166535178,36.52
155,1495326827.750342,33.3,0.079335082,0.05934255084754553,0.050568001,0.048825804,0.04678834754675275,0.048093265,0.04735661253605468,0.0381,0.049047532,0.050192178,0.05074,0.051976948,0.052883086,0.052953014604564794,0.055837786,0.05973660294838144,0.058808797,0.060308972,0.06227469934842893,0.076685221,0.065798654,0.067268104,0.069823207,0.070884006,0.072976257,0.074806738,0.076679709,0.078628855,0.080215163,0.0821837,0.084143984,0.085505074,0.087190767,0.088665573,0.0862562130915446,0.091851456,0.09355220242778675,0.094350333,0.095326969,0.096445805,0.09752264993806821,0.0933,0.099325481,0.100404824,0.100858119,0.102166359,0.103160596,0.104302577,0.1114529039945301,0.11028553317250539,0.10762242,0.11313609430264332,0.109279083,0.110907832,0.112489438,0.123993877323629,0.112096356,0.116051777,0.117298344,0.22937667219999797,0.119400459,0.13199291453160805,0.118775606,0.123709663,0.12383033463019438,0.126316918,0.127828915,0.129386995,0.130766576,0.13176445,0.132768444,0.134042995,0.135163709,0.136398416,0.13761499943307298,0.138876327,0.14012712,0.141089109,0.238360541,0.142082425,0.142493306,0.14872425767617775,0.143952359,0.14406134464162496,0.145383673,0.146440242,0.147216943,0.147526479,0.147832146,0.147956472,0.148215083,0.15616120591759472,0.148588041,0.149026485,0.149101416,0.14491068361739728,0.149046495,0.148989152,0.160488774,0.149135775,0.149799154,0.150426779,0.150879723,0.151599846,0.15217872,0.151950354,0.152478059,0.15160322737550377,0.152724442,0.1484,0.152476903,0.152258397,0.152308345,0.1498862227997118,0.152035122,0.151642526,0.151616995,0.152103652,0.1471,0.15266692,0.1654234274206438,0.15212788,0.151691398,0.151322116,0.14726182790006337,34.65
127,1495540453.0,32.4,0.083095221,0.059217307,0.053679673,0.052002101,0.051637117,0.051860515,0.052148488,0.05179988,0.05275467,0.053678703,0.054416552,0.055244473,0.056385941,0.0577513,0.05955797,0.061097302,0.062724796,0.068142289,0.066183287,0.068009651,0.070524069,0.071670671,0.073546895,0.075423414,0.077209046,0.079208547,0.081089604,0.08287905,0.084661193,0.08670936,0.08877592,0.090659135,0.092222817,0.094166951,0.09553775,0.097357839,0.098241344,0.099208483,0.1013684,0.102159894,0.103108332,0.103602392,0.10453461,0.105800833,0.106461899,0.107954212,0.109321837,0.109677754,0.110980759,0.112183552,0.113397449,0.114310119,0.115798869,0.116713208,0.128208698,0.11989517,0.121107127,0.122651254,0.123282946,0.144094398,0.125809066,0.127182369,0.128718158,0.130031046,0.131013904,0.132562654,0.134094672,0.135272981,0.136897649,0.138142565,0.139126168,0.140136637,0.14131967,0.142874311,0.144088849,0.145274144,0.14621738,0.147096947,0.147458949,0.148181635,0.14878027,0.149833707,0.150810482,0.151155845,0.151688256,0.152413609,0.152850104,0.153280054,0.153639056,0.154189117,0.15488666,0.155258139,0.154858736,0.154963163,0.155178809,0.155359456,0.155673144,0.1556662,0.155906214,0.156070081,0.156190709,0.156558759,0.157022542,0.157710241,0.157820614,0.157814174,0.157817575,0.157730683,0.157820097,0.157762793,0.158281202,0.158927941,0.159596925,0.159598398,0.159106443,0.159239594,0.159124302,0.158536626,0.158369905,0.158583352,0.158507751,0.159215725,0.158689481,0.158343129,0.157195884,36.75
449,1495020979.0,36.8,0.09491987578498849,0.069036001,0.062872565,0.06240558369142729,0.069847237,0.059400786,0.05927267424466852,0.05992675,0.060935305,0.061641852,0.062106141,0.063865822,0.065463163,0.067232954,0.068775505,0.1369,0.073629174,0.075679037,0.077873126,0.08092484750896979,0.084317328,0.08852367379474789,0.086849085,0.089008595,0.091585039,0.093989922,0.095945045,0.09541781436129089,0.100455423,0.103182403,0.10294631016758496,0.108236604,0.109800301,0.112188721,0.114942725,0.0868,0.117040574,0.11962979,0.121132621,0.12163996,0.12479814716271942,0.124451325,0.125868781,0.1233584125020239,0.128268543,0.129362664,0.230922913,0.1320609,0.2368,0.13458311,0.13307957932791814,0.13886560950435864,0.139028461,0.13362508441212556,0.142244661,0.14976812775350493,0.1081,0.1469313,0.148269028,0.1111,0.151877812,0.153381506,0.154530811,0.156390286,0.15883370542850272,0.160047683,0.16015679474537528,0.162983433,0.165003636,0.166758678,0.16748878,0.1245,0.1702436,0.172148801,0.173689863,0.17281384453767404,0.18522722153678312,0.177222219,0.19375277162489862,0.18998275179102095,0.180663819,0.182092595,0.182538554,0.183127185,0.1716508245261202,0.184911808,0.185259333,0.19415521953362522,0.186079655,0.185817084,0.186190016,0.186509918,0.186804994,0.187394638,0.187353315,0.187383172,0.187943954,0.19191407618786407,0.188155573,0.1857989019635424,0.18534447399679055,0.1462,0.189830184,0.190073997,0.18955939593407825,0.190487564,0.190995194,0.19189801232217463,0.185268092383633,0.18702267378492898,0.192179757,0.192399795,0.186176621,0.192905448,0.18570247745229698,0.193328795,0.193022232,0.193318104,0.193531607,0.195721537,0.196709048,0.196210372,0.196246258,0.19665787,0.195876289,29.45
288,1495578304.0807652,33.0,0.08999113589164282,0.065970417,0.058126452943151365,0.056433749,0.054162312900431026,0.055827158,0.05558543,0.056064657,0.057443294,0.057878354068111953,0.059508082,0.060434656,0.061829137,0.063861127,0.06481010699527412,0.066114947,0.067979626,0.070223494,0.072181756,0.073596629,0.075596442,0.077696531,0.079643872,0.08434456787579084,0.084101755,0.085629011,0.08960637031579351,0.089550318,0.091721533,0.093827977,0.0942121483693069,0.097709056,0.10129883435767195,0.13263161,0.102852894,0.10829559102185776,0.105768706,0.106642957,0.09855065587258605,0.10688041668189775,0.10881928687508456,0.111686003,0.111822025,0.112901383,0.113368195,0.096,0.116553658,0.117241758,0.117797609,0.11639381929289935,0.120293362,0.12594259759743628,0.1025,0.1038,0.126171613,0.13584550434303957,0.128690567,0.11658925564310535,0.131404396,0.132618253,0.13156121549046396,0.135058315,0.136830302,0.138102489,0.13924611863509334,0.156925681,0.15692979298317405,0.14597141816641912,0.14483096,0.1490115575814498,0.14830405,0.15178234444161254,0.150505822,0.152036496,0.1542350958628171,0.2891,0.154155064,0.154552266,0.154874853,0.156250447,0.1571066,0.16451608984405353,0.158773487,0.159681491,0.16075553,0.15776913150399477,0.16847834418080487,0.16963149919807527,0.162201903,0.1565619429650644,0.162350951,0.17019738871214796,0.163150608,0.17138695996360867,0.170584388906409,0.163977486,0.164571646,0.17056138965100617,0.165641395,0.166028185,0.166821665,0.167851913,0.167854816,0.167064748,0.1473,0.1475,0.167357044,0.167858417,0.16575491354275812,0.168348833,0.168977679,0.15779716401479818,0.16797616,0.167953923,0.16074351329180872,0.1499,0.166004588,0.1710666943820662,0.16461646395003235,0.1454,0.16413809,0.16146977677699148,0.164038566,0.163735986,0.162211509,35.47
114,1495031888.4928968,44.25997087755546,0.131856037,0.0920096022231105,0.076872672,0.076010351,0.07313684345904428,0.073527292,0.073679043,0.074282049,0.07542676054076856,0.07458904314232565,0.078898619,0.080217196,0.1264,0.063819204,0.087026337,0.089326918,0.091502085,0.09345881566985281,0.097197469,0.0980749476423355,0.075983089,0.105728601,0.1087316979778961,0.11122975,0.114102976,0.115879529640581,0.15546794,0.122590319,0.125590138,0.130012190159171,0.131487547,0.137263974811487,0.089456752,0.08614809785326177,0.086,0.143468652,0.166957924,0.18331919983748368,0.144978547,0.153105272,0.156217965,0.150058186433734,0.16000931,0.16056258366500392,0.163372509,0.15422304332852568,0.1654333720409229,0.0979,0.171063646,0.172729548,0.17055965033957052,0.176853138,0.179180619,0.181265087,0.1854740457861626,0.1872138222256325,0.19208465182153356,0.193380332,0.195921419,0.18028973950012028,0.1119,0.198202869,0.19717439653188135,0.200371435,0.20594077760955165,0.19767199209675484,0.1990464917272583,0.21451358753685448,0.207919146,0.208669888,0.209760428,0.21991775805137515,0.20064040425236562,0.1275,0.1294,0.216254895,0.23153281870293962,0.220830492,0.22279307915693197,0.2937,0.27592075093946095,0.22528184936271586,0.1363,0.137,0.1378,0.1384,0.216129753,0.2261467751960305,0.2263279097596569,0.220152341629349,0.21330463034890487,0.22079174608703867,0.218691014,0.22357909407180857,0.21513777380601048,0.2199375944397541,0.185237413,0.1894414097497804,0.217943205,0.21294530852456692,0.217953619,0.217993526,0.217221525,0.216773722,0.21409320008724275,0.21720096,0.217611425,0.2197426405437678,0.217594113,0.217746622,0.217722601,0.217851261,0.217335675,0.217173527,0.21659143,0.22143126526408935,0.21502730228083874,0.1488,0.217058046,0.20657388090981066,0.1427,0.216390908,0.21455502508935492,0.215546345,0.215060404,27.51
568,1495793308.0,35.2,0.08308590728627824,0.061675494,0.055737133,0.05350418,0.053293375,0.05755245727775453,0.05244243,0.046082277,0.05298286,0.054678271,0.0577260745039635,0.074554276,0.057527637,0.05969496,0.060882911,0.06510058194944546,0.06662280826416363,0.065539964,0.067510032,0.068977597,0.06714907329250096,0.073143719,0.073966147,0.076681971,0.078909372,0.080747634,0.073,0.1821,0.086422018,0.088392363,0.090659906,0.09644417267444412,0.093003582,0.095168984,0.096903216,0.097942452,0.09955642101258899,0.100288945,0.102187919,0.103689648,0.104393986,0.099234597252432,0.10349844019594148,0.09898064178123658,0.108142453,0.109741202,0.110694519,0.111214937,0.11853577962262725,0.11710448391241898,0.115505542,0.12110355464349681,0.117635625,0.118759145,0.12020772,0.13067952485369133,0.123246012,0.11076392765872414,0.125361144,0.127030255,0.128331254,0.14062155738417767,0.2080001447983461,0.20475915712367704,0.13386373,0.135390095,0.13466991807853376,0.1379358306925425,0.139359734,0.140948429,0.14257001352712417,0.144075315,0.145360837,0.146717585,0.1485821759569702,0.161021254,0.149418196,0.14840313592913648,0.2931,0.182723644,0.152781056,0.15984169782246263,0.154402468,0.1549786,0.14285635534458926,0.157169465,0.17035887,0.158576143,0.1612399105483372,0.159401343,0.1440617908492967,0.15203720250822117,0.264719333574711,0.159457235,0.159854352,0.159649002,0.160201941,0.16656927466075616,0.1444,0.162745081,0.163592942,0.17099500898356784,0.27433369900451493,0.149163765,0.163365188,0.16351047997811155,0.16608804860041831,0.163459733,0.163428588,0.16371257,0.164690284,0.15324139068226927,0.166466187,0.164727345660882,0.15977606893954563,0.2997,0.166571995,0.17155842802721966,0.164634607,0.163925968,0.1785319964961482,0.16016281585468853,0.15781394486262576,0.158537333,0.1541387628090523,36.84
174,1495546849.0,35.7,0.084273465,0.058544273,0.051316747,0.050186028,0.04836225,0.048475647,0.048458734,0.048846466,0.048963036,0.050214342,0.05081271,0.051711532,0.053259489,0.054352487,0.055937122,0.057390078,0.05847757,0.060296681,0.061385783,0.063916869,0.065411604,0.067225561,0.068660656,0.070631835,0.072412789,0.074529136,0.075843417,0.077572346,0.079294994,0.081203085,0.082716828,0.084665302,0.086292838,0.088050945,0.089689058,0.090875148,0.0916773,0.092978129,0.094204376,0.094913017,0.096233626,0.097212649,0.097410794,0.098866193,0.09957678,0.100846545,0.101885128,0.102760672,0.103407986,0.104231994,0.105518664,0.106565825,0.107395667,0.108349383,0.109745949,0.110913579,0.1123262,0.113570378,0.114833379,0.116013893,0.117182213,0.117964722,0.11909661,0.120577046,0.121431448,0.122800412,0.124491115,0.12616246,0.127150029,0.128133816,0.129226093,0.130710776,0.132012149,0.1328673,0.134407376,0.135539597,0.136695112,0.137325135,0.137756173,0.13828325,0.13910117,0.140043545,0.140688827,0.14145195,0.142277624,0.143095456,0.143838638,0.170920635,0.144614364,0.144841128,0.145179342,0.145600743,0.145569636,0.145519022,0.145770594,0.145914084,0.14648638,0.146671906,0.147120423,0.147472512,0.148498011,0.148723527,0.148954953,0.148786844,0.148917971,0.148889919,0.149003891,0.149585082,0.149580314,0.149902604,0.150120176,0.150854844,0.151448945,0.152008555,0.152480492,0.153111026,0.153512095,0.153963168,0.153696072,0.152910134,0.152281957,0.152729684,0.153426883,0.153221537,0.141206646,33.65
658,1495805170.0,40.7,0.091104275,0.06103783,0.052465422,0.049684076,0.04878257,0.048491358,0.047909827,0.048205617,0.04842361,0.049063729,0.050023902,0.051101622,0.05218236,0.053745626,0.067206768,0.057117212,0.058420492,0.060139003,0.06210695,0.063752935,0.065733265,0.06697498,0.068795159,0.070687623,0.072838462,0.074343636,0.076591793,0.078230613,0.080572374,0.082342574,0.08438896,0.086156298,0.087618838,0.089452851,0.091584201,0.092648652,0.093384182,0.094436411,0.095923353,0.09739388,0.098167674,0.098540053,0.099298055,0.100707864,0.101757117,0.102493655,0.104107952,0.104715443,0.105434226,0.106764871,0.108054437,0.108944308,0.109864845,0.110802997,0.112191157,0.113584164,0.114772512,0.116186684,0.117825638,0.118975357,0.12009872,0.121594672,0.122893735,0.124473547,0.12563287,0.127096402,0.128378408,0.129855796,0.130882932,0.132475354,0.133703975,0.135094071,0.136523194,0.137983672,0.139250068,0.140174683,0.141264421,0.142307364,0.142787346,0.143368863,0.144368158,0.145239014,0.145836597,0.146494082,0.146483415,0.146909693,0.147886178,0.169953095,0.148852062,0.14914661,0.149695376,0.150180991,0.150376483,0.150448772,0.150473353,0.150598453,0.150265779,0.150230074,0.150823294,0.151628366,0.152056563,0.151977867,0.152287095,0.152616012,0.153282211,0.153431722,0.154193211,0.154565194,0.155182475,0.156181237,0.156501485,0.156335345,0.15601068,0.156356401,0.15671974,0.157451856,0.15811935,0.15905448,0.159100557,0.15923948,0.159416654,0.159105199,0.159352872,0.159440511,0.160128557,30.55
58,1495555815.0,34.6,0.080780621,0.059224554,0.051421452,0.050257306,0.049307875,0.049544766,0.049461742,0.050194119,0.071700041,0.052120418,0.053237591,0.054627706,0.055804675,0.056944486,0.058608248,0.059857556,0.061798342,0.063805864,0.065727778,0.067360971,0.069527674,0.071385329,0.072888815,0.075393813,0.077791657,0.079750651,0.081263558,0.083407438,0.086045221,0.087057749,0.089130211,0.091491868,0.093381389,0.094848036,0.096667339,0.097681575,0.099392836,0.100826858,0.102316052,0.103240655,0.104464273,0.105419742,0.10668236,0.107826389,0.108681253,0.109393515,0.11144564,0.112600925,0.113579825,0.114670655,0.115951002,0.116878267,0.118031354,0.119391231,0.120722877,0.122610454,0.1245572,0.125645166,0.126956249,0.128478653,0.129329622,0.130672483,0.13229347,0.134306201,0.135466384,0.141168469,0.138352677,0.139547724,0.141041019,0.142891573,0.143827911,0.144946674,0.136891252,0.147775031,0.149513871,0.151224377,0.152162085,0.153011388,0.153438018,0.154122097,0.155323483,0.155301976,0.155380613,0.156126399,0.15774085,0.159022762,0.159479356,0.159721138,0.160206771,0.160911325,0.161135682,0.161016422,0.16102303,0.161032324,0.16111478,0.16133918,0.161691398,0.162028909,0.162560225,0.162744616,0.163463168,0.162623131,0.163778925,0.163574986,0.163678041,0.163628146,0.163812478,0.164231441,0.164503263,0.165065471,0.165120393,0.164580773,0.164684986,0.164688707,0.164642354,0.165103421,0.165641581,0.165560701,0.16565061,0.165774427,0.16518276,0.165771239,0.165561366,0.165040416,0.164550988,31.5
422,1495639020.0,32.5,0.100983103,0.070527313,0.063303356,0.060777868,0.060510663,0.076150746,0.06059623,0.060918023,0.061964631,0.062721478,0.064020889,0.065338275,0.067149096,0.068816999,0.070665539,0.072375673,0.074460087,0.076438077,0.078425544,0.080678971,0.082808072,0.085208702,0.087398798,0.089027405,0.091802096,0.094057384,0.096793548,0.099295413,0.101511385,0.103765352,0.105545397,0.107704688,0.109476933,0.111853411,0.113160474,0.114975678,0.116580055,0.117838712,0.120501245,0.123068407,0.125656266,0.128347263,0.130539454,0.132966051,0.134969842,0.137350001,0.13984603,0.142761059,0.14601359,0.148737675,0.167234761,0.153264479,0.156096379,0.159414627,0.163191319,0.167496362,0.17034896,0.17361033,0.175007991,0.174977608,0.17474626,0.174622949,0.174185538,0.174926052,0.175617998,0.175979171,0.17514253,0.173504869,0.172058649,0.170684794,0.170320496,0.170174926,0.170845127,0.172479018,0.173946278,0.174315949,0.173155146,0.17229444,0.171866669,0.172209802,0.172340139,0.172810726,0.173446131,0.174440257,0.174927506,0.175655612,0.175911979,0.175932586,0.175992513,0.176645326,0.176533223,0.176513896,0.175819076,0.175522694,0.175693741,0.175788444,0.175743859,0.175908031,0.176089806,0.175833012,0.175937832,0.175980717,0.176512119,0.176309622,0.175753685,0.176193754,0.153903431,0.177389243,0.177658977,0.177782131,0.177974569,0.178482313,0.178802658,0.179536077,0.180121885,0.180853779,0.181330554,0.181520911,0.181132828,0.180568444,0.178381558,0.179925377,0.179776569,0.179835141,0.179685648,31.28
223,1495035612.0,44.49916381703865,0.14354586575614509,0.099280457,0.085322654,0.082911133,0.081904406,0.081774459,0.08285043882422113,0.110570244,0.082974783,0.08160285531004399,0.08692515,0.089626118,0.090736933,0.092194207,0.096584856,0.09822164,0.10483947414497433,0.10714526329361906,0.106166414,0.10603476831208089,0.11089121348401039,0.116056622,0.11961776798166443,0.0676,0.12241500845375128,0.127795866,0.131487549,0.133535562,0.137239323,0.140463791,0.16766977,0.146195399,0.148240973,0.150953208,0.153146303,0.156840315,0.158409406,0.17367559662781806,0.162207143,0.164478719,0.165994034,0.167050827,0.16303596093288725,0.22710000000000002,0.2287,0.2051439168765115,0.2073980053047374,0.176891929,0.18583290621376708,0.1751435667211637,0.182057609,0.18439966,0.185785695,0.187199515,0.19094695295962943,0.190076244,0.191621826,0.194314607,0.195954063,0.196724398,0.20291784210325037,0.20090459,0.202137963,0.203824288,0.2096390392329929,0.206271154,0.20793486227129576,0.210898328,0.20697174583565386,0.214061046,0.2105219784594741,0.2207620732751095,0.219678944,0.221608198,0.22817565608641377,0.225343199,0.226881977,0.228265693,0.23073391826910628,0.2238773879809599,0.21547571448269645,0.22759257757490092,0.2357088621210403,0.137,0.2229808491863778,0.2991,0.2960122564954265,0.2996,0.29708236746903016,0.238435148,0.2341430273413424,0.238605794,0.2349714460817167,0.2999,0.238952909,0.2469950531456186,0.23906948,0.239490184,0.23991714,0.23297084708552157,0.241132913,0.24477034877534293,0.23208403022829455,0.1469,0.153141643,0.15328642813571386,0.241485429,0.241562967,0.242839705,0.2561753539787757,0.244160394,0.243365742,0.242911845,0.243377739,0.245516247,0.245683844,0.24377606114529038,0.247101482,0.2518062757521163,0.23737574420971758,0.244271445,0.243716205,0.24212962010298789,0.244432488,0.23600676344333904,26.32
281,1495623287.0,33.5,0.09253129589938469,0.067550349,0.060728958,0.05991204306956243,0.07143835,0.057328711,0.05708908567871528,0.058623141,0.058832497,0.05916923640947464,0.060889063,0.062381277,0.0465,0.064813785,0.066379533,0.068075725,0.07005567105909948,0.071969315,0.07283912383419582,0.0603,0.076948105,0.08108982998427038,0.081589969,0.08642436461141884,0.085130413,0.08763977,0.089617889,0.091494546,0.093222353,0.095598561,0.084848621,0.09951826,0.100817107,0.09792620647655777,0.103998096,0.105837947,0.107322197,0.11670689,0.10876853818260512,0.110510696,0.11133538,0.106041997297912,0.114063626,0.11049390746680579,0.163224511,0.116757077,0.117499178,0.0979,0.119965011,0.121231802,0.122010518,0.123666789,0.125384574,0.126435799,0.1367386,0.14499872659337334,0.131154383,0.121032918,0.132922891,0.134350464,0.13348934162473022,0.14560513341700074,0.14233528549879482,0.139882797,0.14115296052911705,0.142146012,0.14165305135784795,0.1477769240794618,0.127096676,0.148371989,0.14946958174793068,0.15327862023057237,0.24222767380474003,0.160331534,0.154509999,0.15481728688141771,0.156406655,0.156696244,0.157604221,0.15576136230640228,0.159806746,0.1674339981856472,0.160356744,0.15994232326518892,0.162662343,0.163774432,0.1738973971805544,0.16375177,0.16622537827515646,0.16415707,0.1494822785580513,0.165695724,0.165725227,0.17380636719886583,0.165145402,0.16313898612907188,0.2994,0.166430516,0.167522817,0.168470762,0.16853408,0.16932435,0.169987087,0.17004453,0.170474359,0.171737753,0.1749875964457961,0.172108875,0.16933378523734835,0.171301778,0.171159827,0.16011590806941206,0.16701600190333027,0.3005,0.171619625,0.17795901131185593,0.17693704784021358,0.18054112513058015,0.17548088351079624,0.17117956,0.170655147,0.170300937,0.168513206,0.167801343,0.166041887,35.9
18,1495550417.0,35.0,0.08178201,0.055177178,0.049531904,0.04688712339248807,0.04547151142230464,0.046521018,0.046904761,0.047265401,0.048093774,0.048646698,0.05189086961667577,0.050730029,0.051739985,0.053051657,0.054548568,0.056117945,0.057747351,0.059553987,0.061269487,0.062961311,0.064417875,0.066491358,0.068006746,0.069807853,0.07279615416488945,0.073817397,0.076006617,0.077651386,0.079533329,0.08228688101951045,0.083373859,0.084795775,0.086888929,0.0853,0.086,0.091093438,0.092503133,0.094045023,0.0907,0.095870854,0.09726743,0.09818024,0.099096451,0.099947058,0.100844683,0.102209006,0.09829866282289897,0.099006365,0.10602604386339752,0.106283389,0.107444901,0.108717137,0.110303861,0.111048239,0.112206193,0.119417376,0.12183325141978009,0.116527262,0.118018269,0.119176837,0.120315047,0.13287655962806877,0.122348418,0.1237425,0.125372665,0.126907038,0.127982427,0.129469558,0.12815803625050312,0.132157538,0.133239408,0.134409539,0.135635141,0.137125895,0.138430921,0.139259327,0.140554315,0.141388897,0.142358443,0.143221722,0.2402988463638629,0.144285601,0.144763303,0.14484641426349176,0.1378,0.147169437,0.147813636,0.148142403,0.15118951973771208,0.14564153988246753,0.148915873,0.149252475,0.149857836,0.150207052,0.150318403,0.150348129,0.15016799,0.23769660565150774,0.150518732,0.151012406,0.15136458,0.151903358,0.152262503,0.152605488,0.152622721,0.152941302,0.153106043,0.15226019420935447,0.153539291,0.154285479,0.155070942,0.1488,0.156398583,0.156359639,0.156124876,0.155504908,0.155305273,0.155295428,0.1471,0.1454,0.156866545,0.156848637,0.156357751,0.155770169,0.15150133600532661,32.61
389,1496253449.0,35.6,0.092488807,0.065240031,0.056314505,0.055160872,0.054774121,0.05886076234983644,0.054125747,0.05429634,0.0377,0.05660035,0.059585576954576815,0.058226098,0.059651965,0.060864498,0.062754521,0.064146921,0.06552242850537378,0.0576,0.07013462,0.071851103,0.07054094854478624,0.075417813,0.07678314171165868,0.099060618,0.10046234696842711,0.10091818046329153,0.085137609,0.08335126769520476,0.0767,0.111209748,0.092777784,0.095009522,0.096685375,0.098279136,0.09714527627133311,0.2094,0.175507997,0.19296455724629713,0.2168,0.097286074,0.09843233533047215,0.108498844,0.10921422,0.110289625,0.111295431,0.112043883,0.113499525,0.11277270316673386,0.116374722,0.117080166,0.11588238822889665,0.2424,0.121208487,0.121852001,0.13068151909829998,0.124772542,0.12682856,0.127703686,0.12847118,0.130157997,0.131653527,0.14383142920138262,0.12920877961482707,0.13355284699169853,0.136738579,0.138557201,0.13794354078700038,0.14164565,0.13994309672446187,0.143191105,0.144121497,0.14714523454555337,0.147417401,0.14865689,0.15064326249103865,0.151736039,0.15254372,0.139756335,0.153924946,0.154553621,0.154876577,0.1621062191505259,0.156333876,0.15604781087027628,0.158587514,0.155442103127244,0.16976054120870862,0.159880451,0.160469079,0.160613454,0.158699183,0.1665713727383641,0.159808743210316,0.16261865,0.16313094,0.163087861,0.162644106,0.16880041005894986,0.1444,0.163622157,0.164376617,0.17174063589915337,0.164634901,0.164905338,0.15523522493981395,0.1553801138669319,0.15729332621617526,0.15664072969587461,0.167408765,0.167293415,0.167149233,0.166626791,0.166672367,0.166770412,0.167216722,0.1737029198042313,0.167542893,0.167868397,0.167446439,0.16623911,0.165875563,0.165006741,0.1627020627907975,0.2974121137944127,0.163835352,34.56
323,1495029129.0,43.3,0.11675229294087237,0.082615356,0.07188589293545886,0.069512008,0.06840362,0.068401626,0.0687579155163283,0.06698437,0.067834493,0.068612226,0.07120638591116146,0.071970465,0.073886502,0.075742365,0.077879215,0.08013695,0.081881064,0.089332456,0.0885703584925779,0.088999477,0.09078282219583567,0.093693842,0.09648128,0.10233873065125211,0.10004621298925725,0.0708,0.07563704000576045,0.109727177,0.112179826,0.114561894,0.117530123,0.118644068,0.121096974,0.123649355,0.125054256,0.127294988,0.128492721,0.13992651409812634,0.132842063,0.1368019955062214,0.2214,0.21398197292726528,0.137399569,0.13592392987863033,0.14963002454421886,0.14079377,0.142612052,0.1455243642043533,0.145509168,0.146403982,0.170782815,0.149351208,0.15261346049687155,0.14944759881261382,0.153537654,0.15955022314176115,0.2546,0.25130435055030564,0.17497814286227953,0.161577078,0.163256267,0.17436496587114333,0.165793116,0.170936944,0.17441425491344303,0.170250807,0.172119717,0.17770475055750534,0.175721056,0.18224520437955016,0.18095185714804563,0.180651932,0.182101175,0.18244974687353907,0.1865581919372853,0.187196514,0.188792818,0.189666842,0.190015392,0.190690302,0.18674584368574204,0.1965456898690724,0.193468087,0.193836408,0.194541458,0.19403307659981456,0.1388,0.1397,0.2999,0.197262577,0.18721530944598683,0.198361484,0.197934374,0.198153129,0.198564404,0.198735955,0.20012107767066734,0.199593375,0.20050527217139744,0.19705357150602576,0.2007816304408309,0.152037474,0.1462,0.15562175220843844,0.198954601,0.19910165735860938,0.201246615,0.2026225588024044,0.201597472,0.202736971,0.2077271944644279,0.203854151,0.204242126,0.20432641392955406,0.204169409,0.203955947,0.204041444,0.20403068998144605,0.204585801,0.205200592,0.20562644,0.20586586,0.20393395348310495,0.207374984,0.208041192,27.32
256,1492467798.0,44.0,0.171863599,0.120882359,0.107868687,0.103091631,0.103555046,0.105467493,0.102419449,0.105816796,0.104878793,0.108050037,0.109738945,0.112287671,0.11556895,0.11848782,0.120987743,0.125268607,0.127840857,0.129925313,0.135052321,0.137687434,0.141707545,0.143880487,0.146843573,0.151145554,0.155762619,0.159580504,0.162587065,0.166496234,0.170219427,0.174397902,0.178479981,0.195319541,0.183656289,0.18627451,0.189884884,0.19255213,0.193747691,0.19701045,0.19899717,0.200928318,0.202588842,0.20466258,0.207329534,0.20863952,0.210647398,0.21146333100000003,0.214036515,0.216012493,0.217138352,0.219048999,0.221170803,0.224231251,0.224788383,0.226857444,0.227624417,0.229958508,0.232892362,0.234068552,0.235530258,0.239325303,0.239821416,0.246194997,0.243570984,0.244039695,0.262780484,0.247873486,0.249373771,0.251444967,0.25381068,0.255859479,0.257516352,0.258830321,0.260499522,0.263278662,0.266052973,0.26691354,0.268067517,0.269393915,0.270110549,0.270596375,0.271677566,0.272348379,0.273135568,0.275787785,0.276281866,0.27671905,0.27692157,0.277279444,0.277945941,0.279335555,0.280050855,0.280133673,0.280591911,0.28126485,0.281842949,0.282418833,0.281949084,0.282568397,0.282331209,0.282723703,0.282616415,0.283413026,0.283763416,0.284316563,0.284267052,0.283773863,0.156292222,0.284286965,0.285329584,0.285405101,0.285396335,0.284582577,0.284784969,0.284974951,0.284145753,0.283991975,0.283706916,0.284848674,0.285173748,0.285346725,0.23523284,0.287447546,0.285675538,0.285845485,0.285429795,25.86
564,1495792828.0,34.0,0.080511468,0.060803297,0.05545674,0.054472935,0.053860547,0.053127678,0.078156714,0.05386173,0.05439272,0.054888526,0.055713924,0.057090796,0.058372697,0.060449195,0.062073482,0.06333183,0.065092382,0.066718345,0.068377388,0.069689251,0.072032623,0.073873602,0.075547258,0.077427345,0.079854217,0.082269237,0.084464455,0.085340305,0.087749519,0.0903466,0.09150054,0.093235539,0.094405869,0.096159312,0.097910454,0.099293704,0.100605566,0.10224185,0.103391558,0.104686439,0.105673799,0.106702622,0.107481688,0.108644408,0.11017708,0.110888833,0.111999594,0.112656448,0.11418129,0.115108777,0.116409881,0.117934095,0.11914929,0.120603763,0.121953362,0.123090478,0.124267242,0.125764669,0.127429179,0.1287528,0.129153207,0.131432695,0.133078261,0.134757787,0.136011893,0.13720698,0.120892551,0.139936012,0.140994012,0.142156056,0.143369034,0.144148609,0.145913655,0.147557467,0.148596546,0.167928415,0.149948894,0.150604964,0.151572043,0.152852987,0.153584852,0.154160457,0.155094671,0.174617879,0.157414726,0.158386456,0.158825314,0.159027543,0.158989571,0.159238564,0.159549529,0.160152956,0.160887305,0.161043755,0.160525571,0.160422274,0.161063286,0.16160821,0.16253247,0.162982127,0.163231723,0.162978714,0.16294891,0.16281872,0.163270859,0.163256139,0.16357143,0.163179268,0.163003783,0.164627636,0.165353896,0.16615038,0.166622987,0.166380495,0.165731372,0.165204105,0.1644944,0.169604184,0.164726868,0.163654248,0.162554909,0.160726016,0.159857545,0.158154622,0.156737368,37.71
650,1495804210.0,39.9,0.073120209,0.060954393,0.052854406,0.04993636,0.04786474879141468,0.047464073,0.04669355909590929,0.047947856,0.048285524,0.049222335,0.050054643,0.051344958773224036,0.05222409,0.05230463262695288,0.0516,0.056210158,0.05636461056117613,0.059946195,0.061903853,0.063891113,0.064990029,0.067095024,0.068349658,0.07227442470785825,0.072147342,0.0708,0.076128727,0.077976142,0.08007897,0.081819394,0.084075043,0.085655556,0.086752782,0.088784239,0.089972207,0.091847421,0.093031257,0.094073439,0.095156452,0.096595903,0.096895538,0.0933,0.0938,0.100147372,0.101263632,0.102007701,0.103106154,0.10108013645721312,0.105414527,0.106295245,0.10528586529967687,0.108315342,0.109333545,0.11059411,0.11207956,0.113356727,0.114060989,0.115913895,0.117523257,0.118566762,0.11592048406541997,0.1286306762486349,0.122374668,0.123835783,0.123965418503139,0.12707846535636855,0.12783986,0.12929224,0.130405715,0.131545295,0.133371422,0.146378103,0.135723991,0.137053365,0.138273676,0.139450988,0.14054627,0.13925490263630236,0.141529878,0.14174828,0.143006297,0.144176273,0.145003671,0.145540779,0.14632761,0.146597134,0.147417547,0.148096026,0.148778406,0.149431443,0.1415,0.149750545,0.14849970908691232,0.15761929537582095,0.173066769,0.150821368,0.151130891,0.151237822,0.151417742,0.150982049,0.150729558,0.15875615316207056,0.151271542,0.26680399387640097,0.152514008,0.15265876202008538,0.15434960465732045,0.1535611489545517,0.153175113,0.153844035,0.154339211,0.155025466,0.15583014,0.1535779854487691,0.156892855,0.157654505,0.158407647,0.159029587,0.1508133987983611,0.159136896,0.158848811,0.150291671,0.158723243,0.15837552425299695,0.19887994,30.78
191,1496359173.0,33.4,0.097441633,0.071013746,0.065238104,0.064315938,0.064072091,0.063491314,0.064082536,0.064342278,0.066669584,0.065578817,0.06827173469796342,0.07170702881900781,0.068627609,0.070455011,0.0708802437150427,0.073899922,0.075628421,0.076630161,0.078808408,0.067274866,0.081857518,0.083839302,0.08565966498654021,0.086952259,0.087560611,0.090331612,0.09250706,0.09157928999345709,0.0767,0.097826571,0.09947488,0.10525745420896084,0.101843398,0.0853,0.10537855,0.107591358,0.10768421,0.2142,0.109430746,0.110599582,0.111319567,0.111592873,0.11269515,0.10900262959772442,0.113789738,0.114599322,0.111157671,0.11013811193363364,0.116779678,0.16523863820252657,0.118866422,0.119400392,0.12084603,0.121366882,0.122328335,0.123320733,0.1258779515594507,0.125620314,0.126303785,0.126947709,0.128195005,0.129353447,0.130008701,0.2661,0.1166,0.133167393,0.13237246174415337,0.13815994374635032,0.133537974,0.137048593,0.137386156,0.138029672,0.139597595,0.140605984,0.142029438,0.14310671710788206,0.14350157,0.14230224250932572,0.143592195,0.144716925,0.145124739,0.145505677,0.14968262209206712,0.2716742517470263,0.147598504,0.14364710802462569,0.149413201,0.149944212,0.149628124,0.148899394,0.1415,0.15696392102147383,0.14951943,0.15857754207370806,0.150583087,0.14659407745797878,0.143,0.193997035,0.19446829055132764,0.15123529,0.152414092,0.153313225,0.153716857,0.154860059,0.1572020642254679,0.155979119,0.155434128,0.1546957254193619,0.154186697,0.154522087,0.16595780696531517,0.15458825686179106,0.154690915,0.154690281,0.1499,0.156963610888251,0.152655335,0.15949779086525062,0.15135029260940633,0.1454,0.146822199,0.144503644,0.142946242,0.141192455,0.139314069,34.46
418,1495393836.934459,31.3,0.102137698,0.069669035,0.063290971,0.06289229247593489,0.05948233,0.059517713,0.05939589394484888,0.05666953602346405,0.06123678,0.062396099,0.06373223,0.0842863,0.08912187502236747,0.068197229,0.069895684,0.07468296595645355,0.073665113,0.075898569,0.078045741,0.080155814,0.082305085,0.084350489,0.086815669,0.1667,0.090965659,0.0905019991864213,0.095908719,0.098589277,0.10065600407412831,0.110122928,0.104917706,0.10697671,0.108962252,0.098401711,0.112521035,0.114480551,0.115451508,0.116794041,0.118812614,0.121193458,0.123284757,0.126184957,0.128114569,0.130102366,0.132094809,0.134189625,0.1321944953966303,0.139779219,0.143050394,0.145833497,0.147810075,0.150001185,0.152436093,0.155432162,0.159303724,0.163615697,0.16763202286751258,0.16919559,0.18708055835199633,0.170034935,0.170180802,0.1810552257455574,0.170566326,0.171357178,0.171897846,0.171748576,0.170965304,0.169701774,0.168600442,0.2761,0.167556373,0.167906281,0.168225498,0.17149316783270488,0.171022758,0.171651788,0.18138186723217198,0.170329322,0.170465357,0.171144448,0.171886894,0.172174769,0.175606932,0.173774617,0.16208365690315896,0.22772923996698857,0.2316088296380075,0.175542538,0.175898837,0.17538533,0.17566399,0.175689074,0.1424,0.174879675,0.17356591629592652,0.145110368,0.174130825,0.174448868,0.174680831,0.17515975,0.175747336,0.18255929686952943,0.175552238,0.163980467,0.16558261135353586,0.176448102,0.177132539,0.177179297,0.177047912,0.176350326,0.176358815,0.16564033744588377,0.277971777,0.28161437977930737,0.178709785,0.179031734,0.17799573965501184,0.179178736,0.17391861897875893,0.179109072,0.179090623,0.17642252626430274,0.17422199816151818,0.181363699,0.181445587,31.34
598,1495797138.0,39.1,0.081202272,0.05666425,0.050515853,0.075325246,0.072262403,0.046862095,0.047059132,0.051489911,0.047300748,0.047869999,0.049507658,0.050199987,0.05108008,0.052486082,0.054424064,0.055772595,0.05715224,0.059260572,0.06075477,0.062735004,0.129085938,0.066099323,0.068280765,0.069827706,0.071689951,0.073521796,0.07529167,0.076493831,0.169958793,0.080275735,0.081917026,0.083765403,0.085231021,0.086896129,0.088793536,0.090240099,0.091480438,0.092352813,0.093644092,0.094601512,0.09550394,0.096612774,0.097913012,0.098642893,0.099599505,0.100300355,0.101467127,0.103053307,0.10380514,0.104744852,0.105760537,0.106817584,0.107918541,0.108951808,0.110257549,0.111503547,0.113010938,0.114391687,0.115447129,0.116478548,0.12256374,0.119315901,0.120543536,0.121639787,0.123122851,0.125152089,0.126556344,0.127804467,0.12911652,0.141823183,0.132728036,0.133851006,0.134753056,0.135803051,0.137049041,0.13840923,0.139197197,0.140068312,0.140968631,0.14203931,0.142452433,0.142955809,0.143437796,0.144511727,0.176982543,0.14616202,0.147228353,0.147797298,0.148249995,0.148366569,0.148651812,0.149031849,0.148982352,0.149373496,0.224882783,0.149815845,0.149898854,0.150155021,0.150043002,0.150455795,0.151229885,0.151439663,0.151822178,0.151927782,0.152351178,0.152500409,0.153458075,0.154442251,0.155223806,0.155606988,0.160148738,0.153457575,0.153395602,0.153761542,0.155103525,0.156727488,0.15759338,0.15838674,0.158351446,0.157896777,0.157218105,0.157160006,0.157647104,0.15798689,0.156890769,34.1
355,1495024334.0,40.2,0.118493289,0.079418361,0.06874248,0.065965901,0.064394492,0.06409803,0.06422271142473797,0.063379748,0.064651091,0.065067394,0.065602882,0.067178986,0.068347447,0.070532294,0.07095138818408611,0.074399839,0.076488929,0.07805274398461165,0.0783507906970364,0.082128925,0.083172917,0.087626474,0.08965146743429968,0.091654969,0.094122415,0.0708,0.099498661,0.102306088,0.10430216612117951,0.106757515,0.109420475,0.111596201,0.113650111,0.115759826,0.11694525447257827,0.12292593239843792,0.121250493,0.13175653970187073,0.123781261,0.125895245,0.1294049702217821,0.127743198,0.129043751,0.12681829232161682,0.131037031,0.12756953536155505,0.133423562,0.135606159,0.136842632,0.138511257,0.13693910688077143,0.140982277,0.16861222,0.143875067,0.14543925,0.146886003,0.149004307,0.150228026,0.16560218468184476,0.153474962,0.154552085,0.156133179,0.114,0.11980817997825258,0.160835244,0.162748784,0.164580773,0.16596109,0.167628381,0.169489327,0.170958425,0.172033982,0.173954454,0.175949158,0.17722868,0.17613433336780548,0.179290479,0.180232909,0.181289636,0.209058186,0.18338284,0.184092287,0.184977897,0.186113875,0.186909869,0.18584175136849748,0.24358315902516037,0.2887729469293947,0.2514009834664232,0.18937175,0.17822149403870866,0.1418,0.189799098,0.190045539,0.271932325,0.28446446825894267,0.191475882,0.191811943,0.192126658,0.18941787670777135,0.193370025,0.19932638940583922,0.193162901,0.193541618,0.194642557,0.19478939958474523,0.1999228612838396,0.196769301,0.19009778304368766,0.1484,0.196940782,0.196998994,0.2025135663104058,0.3005,0.29332910817854674,0.201609871,0.203144689,0.20389299,0.20225868834170213,0.205391585,0.205847636,0.20726161,0.208146801,0.210311783,0.211870823,28.46
95,1497154207.0,47.0,0.125721274,0.128201781,0.10956964048486868,0.037,0.073813038,0.073616746,0.07433174,0.07136774204801283,0.075816747,0.077762239,0.078714986,0.079993451,0.08422437839891059,0.1294,0.0516,0.069507113,0.085890745,0.08770061890627685,0.097113312,0.099551895,0.102636332,0.105431326,0.132300084,0.110545455,0.113293047,0.11499118126971297,0.119526285,0.122269823,0.12388643146972368,0.0784,0.0805,0.13326645,0.136105039,0.138242062,0.140686393,0.14757339738492728,0.14407117086902355,0.147217804,0.14928131,0.152231381,0.1579167899028167,0.177989627,0.17357897311509396,0.16035446584091556,0.163807023,0.166223603,0.1661468824645164,0.171216279,0.18001724802197594,0.17732161,0.17507149518993137,0.184045032,0.186446761,0.18885832,0.19259191,0.19660878,0.20181980723319173,0.192916956,0.207963092,0.209613847,0.209468286,0.209086202,0.209029246,0.183485579,0.210106476,0.2041793709389267,0.212508307,0.212606807,0.211542425,0.210456234,0.2071716120157218,0.21704759138049912,0.2075693452168944,0.21099071,0.212005734,0.213174113,0.214442818,0.21545288497284498,0.213031046,0.2082332576778953,0.210949179,0.210357143,0.210582462,0.20856551480276575,0.2982,0.2127169071533156,0.2180620259066556,0.155643998,0.15841549637245966,0.214569189,0.214901577,0.22237743117605627,0.21917840360238805,0.22403710122953044,0.1423,0.21962968786793402,0.213692051,0.2154372577308084,0.2175966620505742,0.212287663,0.212513028,0.21753998341092298,0.19908448552458152,0.20848628896099317,0.21055222079704464,0.2106998521191745,0.213038773,0.21495895066195375,0.212730309,0.212927658,0.213440324,0.213748672,0.21863403884141178,0.213655928,0.20645914409423283,0.214081134,0.21258670459282655,0.214067269,0.213836802,0.2037184745178461,0.213915272,0.214002107,0.213751872,0.213126101,0.212885881,27.79
181,1495547689.0,33.6,0.082604926,0.058036726,0.050476251,0.048497041,0.047737858,0.047992426,0.047517358,0.061793378,0.048516987,0.049074181,0.049955154,0.050726286,0.052073063,0.053759658,0.055251398,0.056566121,0.058022758,0.059345593,0.061276078,0.08948605,0.064775596,0.066283083,0.067829018,0.06973285,0.07143536,0.07339449,0.106649937,0.077117954,0.089943955,0.080901935,0.082897997,0.084519318,0.085999126,0.087584813,0.088926517,0.090768135,0.091773691,0.092934318,0.093847678,0.095123161,0.095794465,0.096871879,0.097795225,0.098671009,0.099439902,0.10050229,0.101513477,0.102423904,0.103431744,0.104289038,0.105431515,0.106717184,0.10744615,0.108602968,0.109919501,0.110998423,0.11224989700000002,0.113399692,0.114698014,0.115805266,0.116710568,0.118239281,0.119272087,0.120390321,0.121458329,0.123295145,0.124686779,0.126151323,0.127124657,0.12806169,0.12906631,0.130152553,0.131758972,0.133221668,0.134641271,0.135871654,0.136841585,0.136955104,0.137479883,0.138043855,0.138780862,0.139927204,0.140825093,0.141331781,0.142156721,0.142700611,0.143202723,0.14418553,0.144600965,0.145135197,0.145169882,0.145083056,0.145251641,0.145501984,0.145533928,0.145932193,0.146172167,0.146027641,0.146079537,0.145773573,0.145941869,0.169612503,0.147618198,0.147521769,0.147835192,0.14792571,0.148298171,0.148403572,0.148634349,0.149390166,0.149586014,0.149752202,0.150323033,0.15118041,0.151183156,0.151333352,0.152053266,0.152090429,0.152253622,0.152366285,0.152009932,0.15168032,0.151846681,0.151230652,0.15047023,33.85
302,1495630229.0,36.8,0.096047173,0.065392562,0.05764877253850976,0.055688461,0.055395483,0.053982056,0.05356232260682348,0.05092878099234022,0.054957161,0.056436036,0.057110241,0.058452843,0.064950998,0.061781165,0.063102519,0.064963576,0.0558,0.068777018,0.070746115,0.072264191,0.07102855600557317,0.075616782,0.077466595,0.080027905,0.081985865,0.08065275885716962,0.085967442,0.08427777964674982,0.090690934,0.092902948,0.094601468,0.096321435,0.098658179,0.100197594,0.09931826981907088,0.103796001,0.10532657546562926,0.105944632,0.106926536,0.107922926,0.10924284,0.11010937,0.11125204,0.10743002035528978,0.113401091,0.114626719,0.115327307,0.116611745,0.117545902,0.11615149149780399,0.119757503,0.121167379,0.12464457861464062,0.123946887,0.13261348568665443,0.126286876,0.127592622,0.129754883,0.135135114,0.132487243,0.134147753,0.14624126901380619,0.136476485,0.14012090787500867,0.14140799493433748,0.140404842,0.1192,0.143855389,0.144593871,0.146146258,0.14740095390958036,0.1507811005080683,0.15003053,0.150755507,0.15287366525845641,0.154020721,0.155301741,0.156225183,0.186146559,0.1827820435955396,0.15789338,0.16536632235925788,0.159020063,0.160051216,0.161191835,0.15823743714192284,0.163426358,0.163634278,0.163292514,0.15764344471111238,0.3003,0.17132722261284972,0.16465637,0.164550576,0.1647485661094204,0.164536288,0.16160027139555358,0.164395436,0.16253593671155428,0.165107488,0.1627641768218404,0.165391823,0.165960985,0.17537528308685857,0.167275362,0.16779163,0.167825197,0.16829492,0.16612244763703776,0.168719797,0.1782575285738962,0.169042764,0.16889206,0.16727029530240195,0.169670476,0.17607485522075078,0.170992375,0.1753892753208968,0.170812769,0.170446655,0.170812821,0.171263794,0.16901620102153062,0.2773616786068888,0.195470064,33.13
583,1495795108.0,36.7,0.084500713,0.060366489,0.053724618,0.042885172,0.051155253,0.078231155,0.049794988,0.049732336,0.050595658,0.051822359,0.052939609,0.053384866,0.054358345,0.056211922,0.057319679,0.058625718,0.060753357,0.062132772,0.06459773,0.065920758,0.067555489,0.07017632,0.072207535,0.073344765,0.075233578,0.077973338,0.079186686,0.080502988,0.083076767,0.084864303,0.086747049,0.088231422,0.089638045,0.091273481,0.093534262,0.09478578,0.09509621,0.096588371,0.09852031,0.099640096,0.10071781,0.102245889,0.102459133,0.103493139,0.10460433,0.106004032,0.106671143,0.107095986,0.108653722,0.110464531,0.111440324,0.112785859,0.11396757,0.114830341,0.116222116,0.117508447,0.118917698,0.120739739,0.121821393,0.122696521,0.124082409,0.126041661,0.127660575,0.1291538,0.130193815,0.131870275,0.149532912,0.134777193,0.136502647,0.137968746,0.139201568,0.140704508,0.14183835,0.14280987,0.144273848,0.144821885,0.145932063,0.146902207,0.147093758,0.147873905,0.148855767,0.150024632,0.150648829,0.151665182,0.151941769,0.153276174,0.153906644,0.154759074,0.155105564,0.154883519,0.154696895,0.155123372,0.155548205,0.155531416,0.155558509,0.155844317,0.156423336,0.156585916,0.157474635,0.157777986,0.15815864,0.158647067,0.159077642,0.159580146,0.160225798,0.160819368,0.160843906,0.160876206,0.16084985,0.161115148,0.161034925,0.161472549,0.16160054,0.160973848,0.160450802,0.160064424,0.160420773,0.160444641,0.159512649,0.158885185,0.158534667,0.157178352,0.156056681,0.155314006,0.154746785,35.2
488,1495018102.0,35.7,0.099934411,0.068383967,0.063475424,0.063239064,0.06075833285468504,0.059166895,0.0590261958530662,0.059278569,0.060536279,0.060752433463707615,0.062201536,0.063851649,0.064429066,0.06431303097168613,0.069273755,0.1369,0.072987251,0.073818207,0.1484,0.1435165201569489,0.0624,0.083667983,0.08665991,0.088337701,0.090783601,0.1435285104442409,0.095287838,0.09468404004749634,0.09682499766541912,0.10186318,0.104479084,0.105495472,0.108054445,0.109977827,0.111750806,0.114293856,0.115595413,0.142283992,0.13473689648421083,0.119341949,0.121419379,0.122751626,0.123837187,0.124181714,0.126044372,0.2251432464113574,0.128343503,0.129611832,0.1313519,0.12944304498829462,0.133516712,0.1018,0.137075629,0.138038505,0.138967859,0.14123908,0.14310673,0.145013219,0.15969707354771484,0.2613,0.148652376,0.1129,0.151826769,0.154030738,0.15630645453856692,0.156731463,0.158883971,0.161372176,0.162706796,0.163801291,0.165189064,0.166973278,0.167770866,0.169198666,0.170851593,0.172390754,0.174249281,0.174942668,0.175078126,0.176704583,0.177898474,0.178742792,0.179743369,0.180766644,0.16923611966346938,0.18131013,0.181926836,0.182761618,0.183857522,0.184573734,0.184644849,0.19233407161914207,0.185762618,0.186660366,0.1836224060232513,0.1841315511216649,0.186613296,0.187004228,0.188295703,0.14533950004096127,0.190408704,0.19650884304632976,0.191948015,0.191854783,0.19119572196225634,0.191782036,0.19225567,0.193397735,0.193127752,0.192781003,0.192939157,0.193729688,0.194218216,0.19502314,0.194513848,0.2000898436476953,0.19489794,0.195101367,0.195542658,0.2986,0.195503476,0.19283561689457024,0.194893206,0.194335292,0.19428357,30.56
433,1494999490.0,36.18571748121073,0.10168266763005837,0.073242331,0.06642741,0.080579575,0.063239875,0.064167668,0.063465941,0.064103085,0.065312692,0.054404569,0.067467339,0.068036791,0.070354492,0.071992955,0.073272482,0.075864451,0.077642906,0.080002898,0.08011765594544165,0.08291683830092904,0.086401867,0.088560752,0.090824663,0.09629349571625252,0.094908227,0.09482629657524971,0.099419583,0.102391455,0.104277323,0.10792727575462782,0.109197164,0.1149778715409379,0.2,0.115210012,0.11632249271576321,0.118521341,0.119347499,0.120790142,0.0907,0.123798738,0.125225823,0.126668687,0.127485278,0.128510235,0.12960519,0.130508192,0.131634145,0.132899326,0.1407550839352322,0.1544646243021882,0.136751832,0.137996827,0.14134567495095274,0.14079769,0.1481538007123613,0.143420595,0.14670564286177334,0.146834655,0.16175962006261083,0.149843216,0.150728314,0.151942003,0.153597474,0.155127417,0.15631861,0.157742204,0.15777377743926274,0.160970472,0.162037109,0.163512207,0.170265414,0.165579271,0.166936791,0.168459238,0.17168912830674943,0.170774769,0.18039576244561661,0.172527298,0.174291452,0.176450239,0.177287968,0.177526718,0.178276012,0.179089327,0.178941707,0.17728916730797983,0.181654236,0.1397,0.18385736,0.184100642,0.184578992,0.1418,0.1424,0.184590227,0.185094947,0.184772995,0.184875813,0.184896097,0.18465076777190484,0.186005325,0.186873704,0.187962612,0.187625806,0.19703193181155243,0.188044753,0.188559222,0.19318359745326924,0.189495679,0.190744037,0.191416057,0.192140934,0.192447687,0.19217318,0.191900106,0.1912919,0.190557878,0.190631634,0.189919053,0.189737287,0.1823559483713495,0.188843499,0.188557263,0.188448535,0.187923454,0.186965134,31.1
430,1495909539.0,36.71768369797229,0.104698376,0.078235885,0.067381887,0.064489718,0.064974531,0.064907439,0.064637529,0.064996493,0.065471063,0.067504048,0.06823439,0.069781829,0.07132711,0.07274382,0.074876701,0.076906848,0.079010724,0.081086885,0.08363173,0.085026303,0.087657395,0.090076276,0.09223363841045976,0.094228835,0.096758572,0.101841408,0.10487888773522147,0.104232324,0.10619178832603839,0.108925894,0.11089811,0.112691534,0.11594026765025224,0.116491861,0.118269507,0.120886842,0.102442855,0.123579877,0.1250146,0.126670601,0.127957772,0.12234351714490332,0.129776413,0.130848946,0.2287,0.17973566943019542,0.133594437,0.134980842,0.136118879,0.13803863,0.139565187,0.14542060407550028,0.143677403,0.142805595,0.144761627,0.146638871,0.147990205,0.13723864229267124,0.150852305,0.1111,0.153373319,0.16481638384428937,0.155442945,0.157460165,0.1599796251787573,0.160452012,0.16057472221483532,0.16544481897775382,0.164050124,0.164832689,0.165794191,0.17117330157104294,0.169213362,0.170331553,0.172143064,0.173026704,0.18292779867574568,0.175801058,0.17470137447991343,0.178277099,0.17919533,0.180137077,0.180602007,0.181484715,0.16997066718263068,0.1676601497066431,0.184123191,0.184362806,0.184528964,0.184322127,0.184472773,0.185489966,0.185742868,0.185678475,0.184980602,0.185487755,0.18519896320405685,0.187013181,0.187918355,0.18558271773407453,0.18510855468482262,0.190113651,0.190579743,0.190578516,0.190686587,0.191176136,0.191157573,0.3001,0.221894114,0.192002382,0.192012584,0.166816421,0.17692457,0.17569046751463446,0.191914813,0.19757747151696264,0.192801997,0.192615807,0.192977751,0.18522839194238322,0.192365404,0.193243924,0.193233676,0.192300866,0.191229668,31.15
410,1495671858.1097677,30.4,0.100794931,0.071484077,0.065228405,0.063167554,0.060689022119336467,0.062140887,0.062748248,0.062862921,0.064003782,0.064905393,0.066364249,0.06957494549653082,0.07233842677920367,0.071142054,0.072497634,0.074370056,0.076234958,0.078994328,0.062836177,0.06757975313498184,0.085230514,0.086981422,0.089536977,0.091452189,0.094017632,0.096354456,0.09971003022454214,0.100400568,0.10243286614765461,0.096461736,0.107114922,0.110045122,0.111603982,0.11381694,0.115007364,0.117016327,0.11835855366202673,0.120246966,0.121091972,0.12654924405909845,0.123479617,0.125344322,0.12283848129231742,0.12653525,0.128202879,0.129287638,0.129551749,0.131443921,0.132843363,0.133858354,0.1323674838408868,0.136334799,0.137533698,0.138433767,0.140401584,0.141659286,0.143345539,0.145130753,0.15983016597702984,0.147650153,0.148646685,0.149591129,0.151378832,0.15296459,0.155098961,0.156466238,0.150217002,0.158989263,0.160120371,0.161717702,0.21684460579611675,0.2277718392701465,0.1258,0.165614166,0.167010482,0.16654654956234974,0.170639216,0.171699946,0.172959498,0.173870327,0.174867091,0.175142234,0.18074143352554317,0.176025865,0.176455924,0.177269948,0.178792379,0.179676155,0.180544382,0.18062903,0.180507583,0.180613471,0.18065975,0.180940824,0.17873996615890017,0.17858438903598048,0.182391137,0.182636851,0.184100783,0.184475397,0.18060004,0.18717639798385544,0.17244194199859889,0.185857518,0.186256854,0.186683188,0.186505019,0.18720060593413673,0.186308499,0.186402658,0.186139079,0.185864703,0.186337741,0.18555793370928508,0.17835277254044773,0.187441523,0.187044187,0.186970191,0.186854127,0.187762887,0.187977099,0.1878327,0.187866301,0.188278723,0.188138309,31.54
6,1495712297.227288,35.5,0.08147394,0.054824537,0.048912777421633365,0.047652785,0.046675008,0.046542027,0.0457218910323098,0.046723267,0.047532552,0.048933563,0.049113468,0.050067313,0.051676614,0.052548517,0.054555611,0.05599574,0.057808122,0.059377379,0.0608518,0.062574593,0.0624,0.066132066,0.067374597,0.07123237557832453,0.0741434154000212,0.0708,0.074911705,0.075,0.078657081,0.08137888918093107,0.082374219,0.084001269,0.085837578,0.087401852,0.089052792,0.090108601,0.09183417759545794,0.09857192528662613,0.094036182,0.10294123199557019,0.095857361,0.097149649,0.0956639483533904,0.098204784,0.09955694,0.100421659,0.101319498,0.102670192,0.103589099,0.104786436,0.109707266,0.107014707,0.11059984354738071,0.109186593,0.11046815,0.111713832,0.113155445,0.114825214,0.12551296578635956,0.1111,0.117835122,0.119137089,0.11473934414268594,0.121841847,0.122610036,0.123975434,0.125774744,0.18258669468511673,0.129029124,0.13201087760993052,0.131163772,0.132188423,0.133290899,0.14390794116568553,0.2875,0.158441227,0.138142482,0.138869464,0.13525821132801705,0.140428046,0.161733465,0.16951610390956248,0.142490593,0.143647394,0.144026372,0.144657955,0.145130111,0.145438554,0.1485850136696178,0.145685568,0.146194619,0.146423953,0.1452623517923194,0.15457710324500443,0.147293133,0.147294426,0.143,0.147606411,0.148073576,0.14927091657887792,0.14831948,0.171541319,0.15625085339609252,0.149430099,0.149656829,0.159748763,0.149803425,0.150185689,0.15070916,0.151321464,0.15071135,0.15246485,0.152767851,0.190490304,0.1832866133903441,0.152696298,0.153006891,0.153839996,0.1471,0.155191749,0.155896597,0.156416326,0.156194611,0.15585660324434794,0.155265313,33.23
46,1495554135.0,33.420161751939645,0.035041180000000005,0.069926345,0.06139659733538308,0.037317776,0.03810187799999999,0.03960396,0.039288953,0.041060306,0.042446048,0.044216406,0.056082656,0.047359202,0.046993596629845064,0.11733930017488167,0.054537999,0.056718589,0.056951262642785,0.061183357,0.06248499,0.065708339,0.066308883,0.067863479,0.069312796,0.071641228,0.07381146,0.075358624,0.075998201,0.077903918,0.081561361,0.083411057,0.082915421,0.084589513,0.087051178,0.087871842,0.089442923,0.091002874,0.092112098,0.09389512,0.095237699,0.10398963708115573,0.10568969388110967,0.097728247,0.099154953,0.098373479,0.100327836,0.10225654095980988,0.135194742,0.13717987308783344,0.14514122450709732,0.104902366,0.10391731802324075,0.107384715,0.11096702964006815,0.110424399,0.12014264240094624,0.11353611,0.114850382,0.115142644,0.115997298,0.1111,0.117639439,0.118853171,0.120830413,0.12598104556161516,0.17313384359425385,0.1707344466389878,0.15873413750991047,0.126730224,0.128757602,0.131462141,0.131987928,0.1245,0.137531019,0.139319202,0.141011019,0.142335586,0.14841924371338389,0.14478474,0.145300248,0.146770092,0.14812747,0.149008221,0.149576193,0.1495057418278939,0.150497163,0.152604288,0.1638177013533264,0.154877485,0.15767714605786254,0.154933907,0.1415,0.154608693,0.1532275389097496,0.155781691,0.156194483,0.157974786,0.158798722,0.16528730903504377,0.1444,0.158617948,0.158977913,0.1666040435468656,0.161574179,0.160759053,0.160016042,0.16107321,0.162424391,0.161136736,0.162300683,0.162878621,0.161190006,0.158238144,0.156938326,0.15473965433722178,0.156576427,0.157808174,0.157502218,0.154904323,0.151723621,0.1486595053579034,0.144840141,0.1428,0.145915885,0.146493452,0.146984808,31.76
382,1495234950.4739475,36.6,0.083831246,0.065267819,0.057545654478241684,0.056216942,0.05395217372271156,0.056177948,0.056042134,0.056302978,0.057239558,0.05768903745657292,0.059023102,0.059995765,0.06141001906273292,0.063182085,0.064927404,0.065932667,0.067981236,0.070144951,0.072112011,0.07581193375403203,0.07521629768729429,0.077410092,0.07969046,0.0843943565401377,0.083815534,0.08265958102970292,0.087488667,0.089799889,0.09169631,0.09393118,0.09430850828493055,0.098079838,0.10166117628262519,0.101125381,0.10036915295785995,0.104386184,0.10590835022578908,0.107210949,0.108495261,0.109593902,0.110221189,0.111582415,0.112639855,0.114052888,0.114852063,0.115703967,0.116873475,0.117336152,0.11935155,0.120455656,0.123180231,0.123153482,0.123693713,0.11576462949538201,0.13336335822803552,0.1420750608325088,0.129955643,0.131255555,0.132784453,0.134041207,0.135123558,0.14718405997908438,0.138304886,0.140065008,0.14134812202271924,0.141401741,0.143233506,0.145360688,0.146579228,0.14729729,0.148235449,0.1517062879335469,0.150963513,0.158289985,0.153717836,0.155231024,0.162918648100892,0.1322,0.157910816,0.15605161203226017,0.159834477,0.1674639656452663,0.17269468609245572,0.1600867376461725,0.162113315,0.1592265027708704,0.1388,0.163842284,0.164022726,0.15836755766521352,0.164470982,0.164710096,0.1630579751903854,0.17129991155380367,0.17051008074918939,0.146137518,0.143,0.166323534,0.16461584825868925,0.167857468,0.168259468,0.168826872,0.1534398761103884,0.16285889733569262,0.170266286,0.170064034,0.1731771129136963,0.3001,0.27710189267924334,0.171109881,0.18032809966043928,0.16985808766606303,0.1763922143045441,0.2863919077387682,0.171833951,0.172749217,0.1717953959895504,0.17608519983068668,0.174160175,0.173629523,0.173154089,0.172518291,0.172364599,0.17300621,0.172579158,34.84
513,1495634087.0,31.3,0.087329839,0.066184168,0.060831727,0.059764177,0.057896742,0.058007216,0.058741793,0.05602584229411385,0.060421228,0.053381807,0.062197412,0.063956499,0.065394243,0.0652626624899435,0.067737952,0.07238886439545678,0.071719315,0.0731583023898577,0.076803182,0.078332871,0.080602257,0.081896552,0.083578678,0.086605543,0.089100422,0.090658958,0.09434471672911532,0.094450829,0.097469901,0.10087324126009463,0.10009276,0.101502116,0.104198059,0.106044196,0.10594058233370024,0.108712875,0.09098918,0.09761868151692034,0.111266498,0.136322697,0.114087302,0.114517474,0.115815432,0.11240291392269097,0.117917519,0.118643771,0.119507324,0.120514438,0.121805539,0.122475433,0.12118340716772456,0.124618568,0.125306137,0.11764262750087096,0.128340384,0.130043825,0.1081,0.11939145136909837,0.133575838,0.135246766,0.137195014,0.138115991,0.140147701,0.141102446,0.141760962,0.1423549783210193,0.144401199,0.144988837,0.1216,0.146771054,0.147337697,0.148498829,0.14999315,0.151916229,0.15349345,0.154168468,0.161453466,0.16081323241802145,0.158635795,0.159324547,0.160596956,0.161923771,0.162911266,0.163678475,0.164600424,0.16189602791232333,0.21606157394156916,0.167920812,0.17024124424516435,0.168118792,0.168303579,0.169447922,0.169446603,0.17730339880607152,0.169601125,0.16969086,0.170393743,0.170184673,0.171625206,0.171051213,0.172061129,0.171449197,0.172589614,0.173248084,0.173467713,0.174729413,0.174224103,0.174531072,0.174799441,0.176293,0.176340653,0.176237531,0.175942381,0.174586506,0.2561925204084395,0.1803287930193614,0.1792758335527963,0.18256799406889276,0.176313653,0.176180065,0.175669009,0.1730008627251367,0.175680592,0.175871765,0.17494154,32.01
502,1495632767.0,38.4,0.09253173481933956,0.067550622,0.041837002,0.03793606533088019,0.055428174,0.054490856,0.054730778,0.054889425,0.055834046,0.057301182,0.057573082,0.059748659215159414,0.060059572,0.061541106,0.06267436353015791,0.054,0.066641126,0.06794720994765545,0.070381946,0.07427652383157146,0.074217288,0.076018444,0.07741622631832568,0.08196387964859451,0.07997948589027325,0.085383095,0.08586449,0.087624761,0.090191243,0.085903049,0.09387779,0.095704837,0.097645725,0.099362872,0.101489155,0.102241712,0.103399021,0.105479877,0.105671544,0.107569118,0.109137039,0.109297757,0.110016489,0.1060835956738037,0.112380983,0.113143705,0.113991259,0.115015781,0.116756449,0.117963074,0.119212068,0.119525007,0.121013724,0.122835177,0.123957452,0.13392757752709658,0.127102816,0.128464077,0.130065023,0.130136163,0.131138008,0.132369025,0.134066531,0.135544865,0.136658877,0.138493351,0.140022879,0.141691273,0.1216,0.12401812540109017,0.1231,0.146262168,0.146688793,0.15448725088813858,0.149595204,0.151240281,0.15843152664261992,0.15769717777125028,0.153969497,0.155089835,0.155966819,0.157000532,0.157319977,0.157867059,0.158448918,0.158359756,0.159282211,0.159897204,0.160731132,0.161907282,0.162241676,0.162924297,0.162506794,0.17078195850523373,0.163381022,0.163318662,0.163022518,0.163642545,0.163797237,0.163805513,0.16134334678740414,0.164160615,0.164502685,0.164520907,0.165124113,0.165667773,0.166544125,0.16631847305812472,0.167262757,0.16737616,0.1770935126133653,0.16733788,0.167113162,0.3005,0.168039903,0.17449865245229051,0.169417154,0.170203296,0.170598236,0.171368956,0.172109133,0.173103585,0.1708727770629448,0.171705033,0.171901081,32.2
17,1495550297.0,35.0,0.079502642,0.061533184502646124,0.048379728,0.037,0.046788914,0.046666285,0.04585283626741385,0.046982596,0.047319549,0.04868687,0.049434129,0.050570989,0.05065776371043949,0.053021498,0.054831461629118367,0.056260622,0.057799062,0.059528778,0.06150403,0.062842339,0.064384785,0.066121294,0.0680782,0.07198431714268544,0.07186749,0.073261083,0.075119366,0.077028669,0.079405978,0.081108903,0.082410518,0.084353402,0.086190017,0.087509354,0.08921222,0.090707224,0.092125001,0.093156733,0.094332546,0.095732482,0.09675039782217942,0.0933,0.09914411,0.099655333,0.100637025,0.101661946,0.102477618,0.113548209,0.1209266092933217,0.105623255,0.1009,0.10634175384405847,0.108953986,0.110460463,0.111583858,0.110350511,0.114366804,0.11583612,0.117240151,0.118631432,0.119056375,0.120392711,0.121448399,0.122951668,0.124526749,0.12605507,0.12502093575078613,0.129568853,0.130626789,0.131512559,0.13380017415253015,0.1357021976452621,0.13498985,0.136475886,0.137540634,0.138930977,0.140273832,0.13897397982632478,0.139194181,0.142240881,0.144803456628444,0.143622809,0.144318568,0.144930958,0.146034794,0.14196870826050542,0.147098203,0.147886258,0.148009392,0.148463766,0.28231954980844065,0.14929539,0.149638065,0.15868902512318242,0.15974490153839416,0.149420684,0.14457480581381751,0.154976057,0.15237489969531298,0.151251718,0.151436746,0.151305,0.15148236,0.16090211962792342,0.1473,0.1475,0.1487693049275651,0.153268673,0.148,0.2996,0.1535815,0.154111991,0.154868565,0.154991727,0.155669934,0.155965298,0.15523100533955003,0.16172995184454872,0.157597969,0.15386670196512225,0.157374356,0.15470594484959765,0.158703149,0.159381625,0.15494347057157423,32.74
49,1495554735.0,30.3,0.045059025,0.038554507,0.038829513,0.037,0.041854009,0.043417727,0.043245823,0.045379439,0.04557661,0.047491605,0.044757972,0.051235825,0.1264,0.054353343,0.058299369,0.06235375901911827,0.059290501,0.07453869,0.063362149,0.065295142,0.067046957,0.069736931,0.07079530733998694,0.07444650167850435,0.074983884,0.07297282837659799,0.0794052,0.080369217,0.08321388,0.084910011,0.087091708,0.088948353,0.09273755039846251,0.092173847,0.093647989,0.09436984,0.09543794,0.096772609,0.0907,0.098955122,0.1002392669021724,0.100960995,0.101265141,0.102643454,0.104109871,0.10468234,0.106177142,0.10453500514747133,0.108065433,0.109457663,0.1009,0.112379111,0.11348867,0.114441372,0.12384721516639599,0.13383208935831672,0.118970901,0.1093,0.11925635787932665,0.122584042,0.25720778676089606,0.124512006,0.1203433053567861,0.128811726,0.1166,0.131396585,0.131486593,0.132173356,0.13391447,0.134924864,0.13697162169760274,0.138609201,0.140882548,0.143132207,0.144438019,0.145522808,0.15200290024763752,0.15106833821445392,0.1331,0.148933576,0.15013986,0.151506987,0.151163875,0.15178738,0.152795205,0.1384,0.15500325,0.154687573,0.154375988,0.154502887,0.1415,0.15723433,0.15714932,0.157904061,0.158870802,0.15601012756862728,0.161409927,0.161625709,0.1595481284312119,0.15919224,0.15630893611480745,0.160568744,0.16197242,0.161794692,0.161843294,0.161270341,0.16186052,0.162411202,0.162628876,0.162586279,0.161102055,0.15980593,0.159157824,0.1570662689800552,0.15121348681349506,0.159786269,0.1590019992478454,0.159456119,0.157431324,0.155659866,0.153946166,0.151684768,0.150733836,0.151886786,0.152408415,31.69
656,1495804930.0,40.3,0.089533595,0.060487617,0.0535941288781714,0.0493637,0.048506353,0.047929396,0.047183924542273464,0.047914218,0.048253424,0.048830882,0.049894923,0.0455,0.052192183,0.053740607,0.054473695,0.056410416,0.058470621,0.060540655,0.066230789,0.07059242661702078,0.064808197,0.06884346697618031,0.068351849,0.070414584,0.07336997810344306,0.07491157,0.07951025039199744,0.078382461,0.080143379,0.082003161,0.084081617,0.086073803,0.087436657,0.118109984,0.090733188,0.091762694,0.093146857,0.094490822,0.096153873,0.10478906104343112,0.097935508,0.09873897,0.099687781,0.100143404,0.101828638,0.10349362296811807,0.103533035,0.104444746,0.105568272,0.10462017664216623,0.107767094,0.108808328,0.109902872,0.111222378,0.112284513,0.113582124,0.11578670108389914,0.116157737,0.117469678,0.11884132,0.119792592,0.120947182,0.12237792,0.123791662,0.125521828,0.127165859,0.12616908301668595,0.1205,0.1216,0.132240068,0.133805411,0.13570800362960386,0.136097913,0.137276427,0.138939425,0.140437355,0.141069612,0.13979454360128996,0.142375967,0.142863355,0.143563402,0.145065007,0.145834401,0.146188464,0.146970247,0.147698832,0.148280904,0.148876846,0.149152304,0.19865347514551893,0.18880062885181373,0.149581305,0.14833500889267842,0.149859112,0.1522073190131879,0.150273826,0.150975485,0.158140084748741,0.152218641,0.15304844477285695,0.14960428450156507,0.151227178,0.151507016,0.1609267663273333,0.152564884,0.153234065,0.153352241,0.15251775478503854,0.167686299,0.154125902,0.154568809,0.1488,0.27630706771462366,0.3005,0.15620279,0.15607975,0.155910529,0.15656302,0.15679322,0.157340223,0.158435048,0.159477669,0.159764111,0.153420167,0.158654785,30.54
621,1495800371.0,38.5,0.086617176,0.056908188,0.05063521514876541,0.047786859,0.046538385,0.046072796,0.073547547,0.04582609,0.046114103,0.047137248,0.047770646,0.048803176,0.050150431,0.05141734,0.053426068,0.0571724633664111,0.056591183,0.085720692,0.062191947,0.061439895,0.0624,0.064632648,0.066461691,0.07025675158900889,0.069696419,0.0708,0.073349466,0.0754343,0.077331153,0.078901727,0.080726925,0.0865130987960634,0.084585288,0.0853,0.086884885,0.088380386,0.089867337,0.090903476,0.0907,0.093039291,0.093754379,0.09461226,0.096395067,0.0945,0.097749901,0.098608548,0.099572429,0.10036353,0.101644269,0.10084239138018475,0.104111538,0.10958765079302665,0.106174127,0.106730937,0.1167364211653483,0.11014796800000001,0.110939652,0.1093,0.114046298,0.11527099,0.116187667,0.11735127,0.118813049,0.119909593,0.121111244,0.123010342,0.12187380688237942,0.125670857,0.126961297,0.128173549,0.129766101,0.131229704281275,0.132119362,0.133601972,0.135056202,0.1365636965877844,0.141929432458606,0.137417299,0.138573635,0.139563481,0.140062675,0.2958,0.141116488,0.141840254,0.143117833,0.143681855,0.15576629121225555,0.180702082,0.1825529137477702,0.17674297328435776,0.145790558,0.145610877,0.14447108628105187,0.1538335394388762,0.14850012275073474,0.146429574,0.146184911,0.146461389,0.146619199,0.147279677,0.147843579,0.147903135,0.148035476,0.148473389,0.149238229,0.14938282062008784,0.151021475,0.151079008,0.1516267062008545,0.152222665,0.152971246,0.1488,0.1602112896420168,0.153344906,0.1499,0.154232183,0.154605948,0.155428285,0.2984,0.155723494,0.16898210408792425,0.156157775,0.156183618,0.156096636,0.155854469,32.27
4,1495548737.0,35.0,0.078024069,0.054972471,0.049051849,0.047920121,0.046883117,0.046774957,0.046834931,0.0469964,0.04756541,0.048464572,0.048689509,0.049915645,0.051436901,0.052027043,0.05437317,0.056049888,0.057311023,0.058919885,0.060887784,0.062372193,0.064291089,0.065244214,0.067218755,0.068841601,0.070900665,0.073284504,0.074839594,0.076867083,0.078546992,0.080383267,0.08199549,0.083849474,0.085804253,0.087125738,0.088588026,0.090112465,0.091644845,0.092668011,0.094009085,0.094922534,0.095798398,0.096946896,0.097876727,0.098874938,0.099757799,0.100366413,0.101507477,0.102540157,0.103719669,0.10481733,0.105790334,0.107067058,0.108029074,0.109383986,0.110574838,0.111859909,0.112995636,0.115032964,0.116127227,0.117021311,0.118174892,0.119254661,0.120383443,0.121979367,0.123326497,0.124537268,0.125805014,0.127087551,0.128910808,0.129960022,0.130994124,0.132344213,0.133904015,0.13500381,0.136372804,0.137085317,0.137817661,0.138432009,0.231879706,0.140143217,0.141127768,0.141764341,0.142406398,0.143040001,0.143512151,0.14449299,0.144867239,0.145372372,0.146213919,0.14642221,0.14682543,0.146741243,0.147156643,0.147298356,0.147334257,0.147530174,0.147953582,0.147925528,0.147875057,0.148161919,0.1482248,0.148359381,0.148620825,0.148995089,0.148675975,0.149480493,0.149578826,0.14990389,0.150083068,0.150627679,0.150956848,0.151444524,0.151796687,0.152598968,0.153193414,0.153281438,0.153990169,0.154498827,0.15501185,0.154691044,0.154643108,0.155405454,0.155917639,0.157644973,0.157823527,33.33
623,1494085057.0,38.4,0.086379466,0.059183025,0.050302379,0.047542111,0.046646938,0.046004794,0.08990521690300535,0.08669343375598138,0.046921706,0.044073275,0.04746634217727745,0.0455,0.049184500870977074,0.051704494,0.052982852,0.05485918,0.056451225,0.058233432,0.064194507,0.061443496,0.063145512,0.06716620187020865,0.066678107,0.068408519,0.070407191,0.0708,0.074311592,0.0756128,0.077841706,0.0784,0.081352284,0.08301666,0.084864859,0.086155202,0.087370242,0.09222188324127974,0.090007053,0.091590913,0.092410384,0.093565784,0.094344634,0.09532222,0.0938,0.09706029,0.10752639268260959,0.098837911,0.099588146,0.101139974,0.102448735,0.103394747,0.104637153,0.110118889135787,0.106304345,0.107689285,0.108801414,0.109677752,0.11162935199999999,0.113099789,0.114523777,0.115219571,0.116348081,0.135812909,0.118736793,0.120079254,0.147965295,0.123359783,0.124917694,0.126231574,0.127529838,0.128872834,0.130070879,0.1313909,0.132602534,0.133881843,0.135383962,0.136605275,0.156204241,0.138040038,0.139005874,0.1338,0.140633713,0.141320495,0.141928043,0.142898797,0.1378,0.143686456,0.1388,0.144627984,0.145035546,0.145478636,0.145795694,0.145812503,0.1446673037317881,0.146391827,0.147106869,0.1477057,0.143,0.148029675,0.14797897,0.14918469915350108,0.148251801,0.148813002,0.148933084,0.15835380525069903,0.149137038,0.149973605,0.15144503551162353,0.151163751,0.151400589,0.152066491,0.152641989,0.1488,0.153666748,0.15131018457425216,0.154027434,0.2997,0.156101819,0.16248462772183342,0.15757952,0.1538503482233612,0.159223453,0.160298472,0.15795083864526513,0.160995189,0.186875355,32.37
394,1495626496.0,35.6,0.090304914,0.063793896,0.056740742,0.05415621,0.053940032,0.053826011,0.083630288,0.054274084,0.054372203,0.063603764,0.056645388,0.057168583,0.059126634,0.060657087,0.06239422,0.063807727,0.06526303,0.067733098,0.069233923,0.070779731,0.073037451,0.092757576,0.076157203,0.078918744,0.080595277,0.082744021,0.084265699,0.106642175,0.088653214,0.089993201,0.092005408,0.094306193,0.096286045,0.097790742,0.099733761,0.100992644,0.102554807,0.103540673,0.104882273,0.105748384,0.10705974,0.108947151,0.108970911,0.110123574,0.111255538,0.112006232,0.112939533,0.113860789,0.115278991,0.116194974,0.117996968,0.119099166,0.11984608,0.120815929,0.122244756,0.123834166,0.125667452,0.126938107,0.128165601,0.129078941,0.130873344,0.132381043,0.133448425,0.134822828,0.136407908,0.137857834,0.139863238,0.141620159,0.142544397,0.143657982,0.144795346,0.145693119,0.147186137,0.148505596,0.14976011,0.150802563,0.151587801,0.151803117,0.152778865,0.154095324,0.154923951,0.155406663,0.156169354,0.156601842,0.157081337,0.157866736,0.158757744,0.159111783,0.159670928,0.160408549,0.16070145,0.160635811,0.160647777,0.160420658,0.160149771,0.160687165,0.161439754,0.161684897,0.161878801,0.161950318,0.16279255,0.163483636,0.164115481,0.164590025,0.164542283,0.165136172,0.165608333,0.165489597,0.16502844,0.164565572,0.16462598,0.164578152,0.165033173,0.165546773,0.16564659,0.166293007,0.167242092,0.167730021,0.168694622,0.168543041,0.167425861,0.166548424,0.166778424,0.167085554,0.188753533,34.35
317,1496160700.0,37.8,0.097002027,0.065075445,0.059036919,0.05794378677058618,0.055792419,0.054608691,0.05422268143602904,0.05508352,0.055562769,0.056401407,0.057579492,0.058759996,0.06000019204462148,0.061483758,0.06262157063895672,0.054,0.066826413,0.068924435,0.070530772,0.072258122,0.074023198,0.075236851,0.07659240187873019,0.081083457254335,0.082299188,0.083715331,0.085957333,0.087246558,0.089607839,0.0927263603195332,0.093929018,0.095468654,0.097575359,0.099898637,0.101155796,0.101979239,0.104098046,0.14329462271420565,0.1357629869497022,0.096606845,0.108788894,0.10354466766755041,0.110581714,0.111448921,0.112679211,0.2276732142261847,0.114323336,0.115834514,0.11728257,0.117934895,0.118659047,0.12429079772081861,0.121611869,0.122551683,0.123780513,0.125737361,0.127029072,0.128616386,0.1101,0.154615274,0.132445921,0.1445970144403808,0.146513997,0.136416494,0.137579322,0.140141527,0.139581151138916,0.142427871,0.143721215,0.145281942,0.146300044,0.14956054448967843,0.148353083,0.150008121,0.151438334,0.152854443,0.291,0.155593546,0.155686408,0.15616694,0.156953033,0.157854486,0.158515218,0.169514299,0.16072541,0.165929973,0.162626883,0.163178326,0.163198819,0.162938395,0.163018504,0.163433018,0.163219994,0.163373158,0.163816942,0.16162966227684092,0.164100973,0.163901718,0.164481379,0.164712395,0.16233301646868806,0.166976537,0.167980099,0.168332576,0.168330691,0.16847622914785465,0.1714595638286962,0.167945955,0.16582862025163536,0.151431257,0.169436356,0.15828455284760795,0.170759638,0.23654166548337185,0.171206086,0.171768012,0.173314019,0.173073883,0.173359574,0.16783825694966248,0.173258715,0.173046963,0.173112038,0.173349542,0.173510158,32.39
625,1495504802.0,37.54532471020376,0.08020724191965381,0.059885018,0.050857848,0.048717604,0.047159282,0.046608096,0.046618389,0.046548853,0.04419570852407588,0.047835991,0.048531516,0.049473206,0.04940535801534321,0.051776445,0.053685302258805204,0.054771979,0.056702116,0.05774808189354552,0.060441687,0.061780572,0.063648743,0.064824773,0.067255963,0.0711055912474641,0.070750345,0.071957777,0.074431795,0.076030809,0.077641628,0.0784,0.08084392923870698,0.083537211,0.085203706,0.086486137,0.086,0.089301345,0.090051872,0.091855374,0.092588853,0.10167833926570002,0.094900318,0.096128603,0.096584624,0.097809322,0.098674462,0.099515079,0.100070173,0.101031644,0.10261406,0.103873377,0.104897556,0.105529413,0.10637516,0.108136773,0.109416567,0.110333298,0.111689261,0.113299377,0.114387452,0.115794033,0.117104168,0.118495067,0.119304307,0.12460185411243585,0.122427962,0.123794438,0.12268427374746631,0.125774954,0.127564029,0.129645625,0.130770693,0.13201662,0.133036412,0.134256527,0.135492531,0.137004705,0.137947571,0.138590224,0.139595142,0.140627065,0.141329404,0.142150782,0.143157044,0.143632909,0.144120969,0.144666836,0.145540711,0.145797296,0.1489305750215573,0.14583265,0.14633372,0.1542931101649385,0.147030815,0.147154231,0.147261803,0.147208145,0.147997697,0.148181399,0.148415,0.148697703,0.149539535,0.15011429,0.1462,0.150321471,0.150926395,0.152137267,0.152342721,0.152843358,0.153501106,0.15375778,0.1489,0.154269616,0.155452785,0.156055051,0.157180491,0.158014679,0.158056669,0.158189583,0.14985015824798276,0.15942957,0.160356373,0.161795946,0.161797646,0.162241294,0.162034229,32.23
284,1495623647.0,32.9,0.094785671,0.06750824,0.060350152,0.05947139879623894,0.056843935,0.056377818,0.056739369,0.057070944,0.0560449007825294,0.058478716,0.060038427,0.06186209,0.062855027,0.064503833,0.06578916,0.06724015,0.068619492,0.0699773526049118,0.073159375,0.074358225,0.076182658,0.08031767076976451,0.080406835,0.0851599475597454,0.08731560242996997,0.0828332913939257,0.08697272666744181,0.091020725,0.092527345,0.094558202,0.096686083,0.10246919265497151,0.09959172,0.12308696,0.12524453175955047,0.0868,0.105586891,0.11408639354061509,0.108258094,0.109273416,0.110221774,0.11127404,0.112484715,0.11282714,0.113470956,0.114641541,0.116400477,0.0979,0.10489238680643294,0.119232689,0.1009,0.10634175384405847,0.124040026,0.124807811,0.125768322,0.13549616993441777,0.128501371,0.129878609,0.131207211,0.132591411,0.133833731,0.14593787119918278,0.13750744,0.1384866,0.1396575300014161,0.141239733,0.14071629221097812,0.144192354,0.145817643,0.14702697,0.160332784,0.16511835272852812,0.150206157,0.15726464882565072,0.151869118,0.152852294,0.1602440457958988,0.15956614602706362,0.155550775,0.157170605,0.158589969,0.16611909011839476,0.159374464,0.15899138437401109,0.2982,0.162212201,0.17248767378828067,0.1397,0.162918815,0.162712114,0.162810122,0.17065332166864966,0.1688417758403644,0.17673503385339212,0.16408141520129077,0.164439737,0.165281955,0.166045274,0.166490333,0.16605468687178315,0.167337039,0.17455732690587356,0.167888988,0.168039685,0.16853745,0.168796758,0.17180628404180964,0.170203227,0.170033183,0.169921638,0.17011577,0.15900649616819,0.169665285,0.169455923,0.16858628,0.17502681092175065,0.168466066,0.17319989250864035,0.20149486859693264,0.166430749,0.18144823726157622,0.21266940405000323,0.164449921,0.1641022,0.1594427236097019,35.63
479,1495017022.0,34.8,0.035,0.070420831,0.03409999999999999,0.062825207,0.061931812,0.061410609,0.061390660573536836,0.062020342,0.063492239,0.064084133,0.064474014,0.06626232,0.066807497,0.068952802,0.06949735405370397,0.072868337,0.07421793,0.076338536,0.078993181,0.08105829,0.083781917,0.086175197,0.087434408,0.089778009,0.113851342,0.094892371,0.096057138,0.099778767,0.101645529,0.104088295,0.10379213515992182,0.120494612,0.109765802,0.10720397127763535,0.114829387,0.115870238,0.116888977,0.1268363032706428,0.120471157,0.121839511,0.123803908,0.11826983771069778,0.125898249,0.127401014,0.128222948,0.129036257,0.130252588,0.131271219,0.133063648,0.13464447,0.136288472,0.136933625,0.13863659,0.140342796,0.14217766,0.1497100908652231,0.145101116,0.14667223,0.148469183,0.149866092,0.15075980569426511,0.2147129738321546,0.154349359,0.156265144,0.2677,0.158918735,0.15898987775255033,0.163141306,0.163726303,0.165867609,0.167513172,0.168786046,0.170494874,0.172303396,0.173602807,0.17273215947862863,0.175161621,0.176439839,0.177008764,0.177874326,0.178970905,0.1355,0.181055068,0.1799802363590112,0.182848048,0.183732373,0.184302781,0.184216702,0.185054504,0.186431489,0.17487024014818248,0.187870203,0.187087627,0.187278886,0.18415040052086992,0.188401971,0.189421569,0.183724667,0.188515746,0.1449,0.189830892,0.190584301,0.17597103575886203,0.1853815579137325,0.18524761438789603,0.191811947,0.192312931,0.193262623,0.193629608,0.1484,0.194271809,0.194389923,0.194432541,0.195211434,0.195071533,0.2006289330603918,0.194104182,0.193487141,0.193923453,0.2986,0.1427,0.195978777,0.19395666724935695,0.197102405,0.19811956,31.07
286,1495623887.0,32.3,0.095671345,0.066056923,0.060174445,0.056683076,0.055873265,0.056215136,0.056244671,0.056394432,0.057476188,0.058526594,0.059558251,0.061187685,0.062247394,0.062941516,0.064981504,0.066139821,0.068175601,0.069778298,0.072329167,0.073644205,0.075435109,0.078059628,0.080488515,0.081916816,0.071520758,0.085889835,0.08784016,0.089583199,0.090513806,0.093491366,0.09588438,0.097879594,0.099307964,0.100571822,0.10247546,0.104603119,0.105730208,0.10614011,0.096485449,0.108853419,0.109664718,0.11105529,0.112201891,0.112636889,0.113946801,0.11566092,0.116331151,0.117004963,0.117616648,0.119233291,0.120786699,0.121541652,0.123375283,0.12470519,0.125677705,0.126493312,0.127820081,0.129471011,0.130955547,0.132411174,0.13375572,0.135099563,0.136292679,0.138118453,0.139428167,0.140506724,0.141656252,0.143391462,0.144871822,0.145898937,0.147221707,0.149014478,0.149836866,0.151408095,0.152176215,0.153039953,0.153688098,0.154333634,0.15482061,0.155846337,0.157458291,0.158170525,0.158210938,0.159001817,0.160516295,0.160959954,0.161201697,0.161642591,0.161405617,0.161892055,0.162819492,0.177572974,0.163555866,0.163557476,0.16331106,0.16319186,0.163012672,0.163750161,0.164210575,0.164323742,0.164751255,0.165646805,0.166337389,0.166685883,0.16776778,0.168329726,0.168004434,0.167956075,0.168042278,0.16735782,0.167564412,0.168694719,0.188581019,0.167666732,0.167840522,0.167554666,0.167177644,0.167189243,0.166441653,0.165702503,0.164833273,0.163933453,0.163320522,0.162334139,0.161681854,35.52
482,1495017382.0,35.5,0.131618483,0.09186184807959824,0.063962413,0.062561205,0.06099535,0.06435749538526793,0.060450194,0.05770706140803776,0.061966553,0.063253458,0.06602208171332766,0.065064823,0.066544575,0.06639446683635873,0.070007557,0.071882412,0.07444800915922214,0.075962277,0.078178323,0.080891985,0.08286845,0.085315922,0.087244636,0.089278328,0.091458981,0.094427169,0.09622097,0.098711682,0.09644443,0.102807644,0.105678093,0.107237188,0.10957206,0.11139651,0.112963067,0.114839538,0.116258339,0.12612487906343667,0.118867792,0.120780641,0.12386783800968014,0.124000669,0.124589323,0.12607422,0.1374253534806514,0.127491977,0.129286335,0.13053290137918383,0.131857628,0.133492479,0.1320080001852598,0.136640883,0.14000007220922026,0.17835178192921441,0.140332148,0.142614824,0.144079523,0.13305446097893375,0.14705571,0.148521243,0.149935437,0.150993446,0.152500823,0.154407428,0.156060052,0.158006206,0.15804665840449747,0.161540114,0.162848723,0.163587629,0.165268251,0.1245,0.169733019,0.170628493,0.171921421,0.173675548,0.175027834,0.176223956,0.1853958,0.17762789,0.17804384,0.17860977,0.179697782,0.181085044,0.182010923,0.182393985,0.182829379,0.183269205,0.184593703,0.185135042,0.185914868,0.18567113,0.18345673654197592,0.186885585,0.187898524,0.18898984332260457,0.189076723,0.214232422,0.21629696060961567,0.189645694,0.1895424329911102,0.191391748,0.192118707,0.191790753,0.1911368861697556,0.192775823,0.213292881,0.2152247863014225,0.192076546,0.192458336,0.193841892,0.194054572,0.194398774,0.194515347,0.18731285643486442,0.19312896373577126,0.194718422,0.19528876,0.194868789,0.194314541,0.194129737,0.19146185800516002,0.163543947,0.19588363,0.196559191,30.9
226,1494814001.1909711,44.1,0.14745256686860564,0.101710352,0.08767065799920296,0.05085861,0.048758635320224994,0.083967174,0.08516115991414025,0.0851913,0.08771194344735303,0.08848232,0.089659827,0.092081826,0.094475965,0.096855306,0.099290037,0.102439293,0.094292127,0.107331126,0.11103388,0.113969961,0.117221753,0.12171663811725134,0.12198989,0.12959981979963878,0.12934520453949605,0.13227783474785132,0.135510566,0.139782721,0.141973193,0.145591389,0.1425432822773552,0.107871435,0.11122988810074562,0.10872189612491696,0.10897355209077661,0.11464990742553163,0.162505344,0.164703432,0.167239222,0.169394907,0.171373497,0.16492116197237564,0.16891037179914264,0.17026239314093694,0.178178805,0.17913395,0.180284893,0.18790639853466523,0.184816587,0.186887824,0.188365694,0.189432683,0.19090698,0.19404824557179542,0.17475344644598467,0.106,0.197906979,0.199734745,0.201508921,0.202692393,0.2095608244701042,0.123751432,0.11955032060996061,0.1151,0.1166,0.21383682,0.215599971,0.21690859,0.218735169,0.2285226856400674,0.222799561,0.22350782,0.21422601755574072,0.132426501,0.13339366213906073,0.22484970521247105,0.24828489862605,0.25034894347040304,0.2931,0.235211713,0.236147432,0.236432222,0.237734982,0.239628442,0.24007804,0.240690329,0.24330463544340947,0.243254693,0.24280726039384415,0.23816521336929786,0.23383536095345087,0.3008,0.244233935,0.243940634,0.2447266,0.245229827,0.245430356,0.245828174,0.245499259,0.23805800781874198,0.245617186,0.24903690652649402,0.23296824894054555,0.2996,0.194914457,0.19506131306445781,0.247582491,0.2510969367314899,0.249994029,0.251602009,0.252552095,0.24660309295171168,0.254755445,0.25727758921491783,0.192585118,0.19822542570037718,0.253261877,0.254671684,0.254886969,0.240106562238929,0.252908306,0.2502412780191229,0.2988,0.29791432864632916,0.28698113288194704,26.35
27,1495551497.0,35.9,0.081828682,0.054538274,0.049079169,0.048815609,0.04776584,0.047649113,0.047868081,0.04784965,0.04863535,0.049982039,0.050943594,0.051478297,0.053158561,0.054404987,0.055882558,0.05774758,0.059061941,0.060781731,0.062161427,0.064174876,0.066175946,0.06803165,0.069523964,0.071344243,0.073647174,0.075301533,0.079350733,0.079172568,0.081141301,0.083182378,0.084651981,0.087543016,0.088608446,0.090633371,0.092143935,0.093720598,0.094857765,0.096154263,0.097267517,0.098554156,0.099567092,0.100533266,0.101381171,0.102369254,0.103261426,0.104162551,0.104995052,0.106328391,0.107567263,0.108921497,0.110142163,0.111005754,0.111929483,0.113074401,0.114933536,0.116296811,0.117991327,0.119305665,0.120438523,0.121652927,0.12267895,0.123495402,0.125007603,0.126804843,0.128071785,0.129407609,0.131015512,0.132269022,0.133448427,0.134942025,0.136158254,0.137218956,0.138821957,0.140151332,0.141149477,0.14235744,0.14342025,0.144322245,0.144579692,0.14525102,0.146408531,0.14693282,0.147623942,0.148363856,0.149416032,0.149792249,0.150469648,0.151192149,0.151665272,0.151747545,0.151738257,0.152234972,0.152751767,0.152891715,0.152939397,0.152853294,0.152779732,0.153006037,0.153504971,0.153662358,0.154274228,0.154968126,0.18335909,0.154794908,0.15510862,0.155590693,0.155927495,0.156172548,0.156477004,0.167669823,0.157288846,0.157507721,0.15779631,0.157663106,0.157665964,0.153538424,0.156849573,0.156866981,0.156748172,0.156701477,0.156817036,0.156998604,0.157127111,0.156737919,0.157171321,32.38
535,1495041264.0,43.3,0.17477140800000002,0.121598067,0.111229095,0.108218278,0.107758282,0.108037424,0.108689181,0.110527977,0.072674425,0.114520138,0.116328144,0.119487735,0.122854869,0.126435265,0.130311936,0.133317363,0.136238449,0.14023036,0.142946736,0.14782288,0.150994781,0.155325609,0.159399745,0.161789287,0.166054878,0.170566192,0.173886032,0.178065724,0.182015145,0.184870417,0.188479255,0.192622069,0.166661091,0.199582783,0.202565282,0.205892476,0.208421223,0.209498608,0.213021209,0.216447087,0.217986628,0.220053727,0.222442442,0.224670446,0.22536891600000003,0.227504073,0.229824957,0.230855162,0.23423214,0.236657997,0.237687125,0.238918703,0.241683189,0.24308798399999998,0.24639593,0.248474014,0.251595398,0.2545948,0.257341667,0.258813437,0.259520899,0.260110976,0.261074911,0.262257608,0.263963585,0.266656682,0.268782603,0.269666394,0.271327063,0.272586019,0.274507767,0.277272433,0.279732094,0.28196735,0.285078194,0.28741982,0.287755173,0.288252532,0.289178218,0.291443266,0.29193557,0.2925412,0.293639742,0.293595694,0.294233193,0.295512832,0.296817495,0.29740126,0.297292756,0.297468281,0.296722695,0.296735005,0.296569955,0.295872528,0.294747234,0.294508926,0.29562654,0.295761774,0.295132143,0.29468035,0.294816595,0.295010117,0.295402791,0.295386831,0.171020539,0.29582967,0.294845593,0.294239697,0.293634661,0.292966375,0.293668654,0.293418662,0.293974088,0.295005747,0.295222666,0.296059118,0.295802032,0.29507629,0.293672326,0.293256185,0.292644149,0.292686682,0.292600734,0.293177539,0.292596221,25.86
264,1495199329.4943025,32.8,0.095272584,0.069613365,0.063118272,0.061279957,0.060517169,0.059886817,0.05978486214052114,0.059875139,0.05920277555145071,0.0427,0.066975831,0.065054132,0.084003986,0.068224455,0.06882685911181036,0.054,0.072861928,0.0747207,0.07533191491793767,0.078525021,0.080176177,0.082586622,0.084288981,0.08930880271857425,0.0894107,0.091892278,0.09550653759889348,0.083901431,0.08624734389793616,0.099076315,0.100678372,0.10349173,0.10694987790492352,0.2034,0.14892024234951826,0.11401504233645672,0.095439414,0.106540427,0.112786048,0.11930176194932643,0.1222667856448661,0.117609141,0.118087605,0.11487898314832898,0.119321189,0.120462637,0.11764544345396405,0.2343,0.2368,0.125777947,0.12442823068799601,0.13012170357679892,0.129436295,0.12245304243289512,0.132044351,0.14093252452504423,0.14412747770865925,0.136175154,0.149689079764692,0.139476615,0.13919526642909588,0.23685794575204772,0.143544643,0.144633722,0.146075471,0.147602302,0.148988084,0.15055746,0.151369985,0.152449647,0.153682163,0.15774494695123398,0.156372327,0.158085559,0.159227001,0.159990181,0.160372377,0.15969847397861195,0.162382582,0.164121074,0.164669412,0.165344587,0.17047359874754373,0.166798121,0.167715807,0.16932072,0.17890224725323073,0.169088386,0.17136592005655366,0.168892733,0.169713291,0.17750780997780005,0.1755123948186851,0.171010984,0.170793722,0.170601478,0.16843180016487633,0.2989,0.2992,0.28699718323940915,0.173175222,0.18011206118081372,0.175685801,0.19274567,0.19201433890234096,0.175817226,0.175754247,0.175379658,0.1750978,0.175350701,0.1840019953374254,0.177057922,0.18332158522188502,0.17910373,0.17189664454568443,0.1499,0.176718614,0.18035182315074366,0.21232316595073575,0.177367422,0.176488731,0.175439822,0.175528341,0.17536045,0.17017313579815374,37.6
51,1496213919.0,31.1,0.065845253,0.047161659,0.04257830482252241,0.039452225207224675,0.045033701,0.047013623,0.04644723,0.048179611,0.048646179,0.05036658,0.050640663,0.051999979919632615,0.053534315,0.05359375468022264,0.056847591,0.058229772,0.059521298,0.061676297,0.063703858,0.065698005,0.0624,0.069534775,0.070719603,0.073522876,0.075569159,0.077270023,0.078800512,0.080618557,0.083205349,0.084640045,0.086690438,0.102493658,0.090039509,0.09176968,0.093129425,0.09433078,0.096156821,0.096675926,0.098201292,0.099012085,0.100708552,0.19571398617480867,0.102090545,0.102918547,0.104328727,0.104915909,0.106178335,0.107290962,0.108789406,0.10902352,0.110833857,0.112236936,0.112718677,0.114170416,0.115862634,0.117272275,0.118804225,0.118979545,0.120995025,0.122621756,0.123406481,0.125703519,0.12158559293780294,0.1266635261447526,0.1305092,0.131453923,0.13060136399678518,0.133615326820609,0.135648165,0.16303724,0.137605172,0.139085358,0.127236423119976,0.143063019,0.144273449,0.145268531,0.146681136,0.147704226,0.2931,0.149860299,0.151159031,0.151658647,0.15253366,0.153255493,0.155005974,0.155856517,0.156480564,0.156406561,0.1591500418151986,0.157261832,0.158331583,0.158558539,0.158777039,0.158815241,0.159302233,0.159869848,0.15634422515292667,0.161335664,0.15923524602342518,0.161469323,0.162408333,0.162565261,0.163613602,0.163347646,0.1650011257210805,0.162064174,0.162936585,0.1481,0.164497637,0.164369315,0.163251991,0.16176894,0.161028401,0.161691176,0.161418813,0.16159435,0.162165834,0.161005595,0.15307930590531768,0.15748708,0.157385156,0.155870289,0.155043896,0.161533031,0.15699400890255003,31.6
365,1495025534.0,40.9,0.110712815,0.075638823,0.066481585,0.063313773,0.063014069,0.062917139,0.062838429,0.062127214,0.062892605,0.064024961,0.064061839,0.065659507,0.067498228,0.069408663,0.071346447,0.073491838,0.075389213,0.077466365,0.079782263,0.081779949,0.093735719,0.086935131,0.088331852,0.090792571,0.094182319,0.096876992,0.099257601,0.1011434,0.103823722,0.106223182,0.108685393,0.110538119,0.112941183,0.129827822,0.116513697,0.11857653,0.120354882,0.121536604,0.123438204,0.124864718,0.125776983,0.126897358,0.128467744,0.129218924,0.130667242,0.131703553,0.13363674,0.134091575,0.135877444,0.13745324,0.138514955,0.139844635,0.141846277,0.143203011,0.144901413,0.145973637,0.176213956,0.149245237,0.150488589,0.151704449,0.153736972,0.15499165,0.156121235,0.157590763,0.159689064,0.161649148,0.163262796,0.165048025,0.166799074,0.16829254,0.169318003,0.171094147,0.172796671,0.174464519,0.175892698,0.203334849,0.177512189,0.178470029,0.179972868,0.180921612,0.181666299,0.182315129,0.182906845,0.183832265,0.18454164,0.185082969,0.18537008,0.186054683,0.186750831,0.186851183,0.186407366,0.186452409,0.187348866,0.187668179,0.187872953,0.188258139,0.188720513,0.188972507,0.189157585,0.190243863,0.190807261,0.191152507,0.191004523,0.190797844,0.191078223,0.191441534,0.190959493,0.191778145,0.19292482,0.193445049,0.193889405,0.19441338,0.194317397,0.19455434,0.195242433,0.195536175,0.195792647,0.195717187,0.195679478,0.196249871,0.200853052,0.197598187,0.196950203,0.196039627,0.200681519,28.14
230,1495036726.0,44.1,0.161541161,0.108466542,0.096617828,0.092304245,0.092770948,0.091353533,0.092216945,0.093058289,0.093810581,0.095132252,0.098338962,0.100382628,0.102633256,0.104805613,0.10885008,0.111767036,0.113642809,0.116593005,0.120837325,0.123107693,0.126299793,0.129716613,0.133391773,0.137533552,0.140246914,0.135628642,0.147072049,0.150134805,0.153564643,0.157515609,0.160390154,0.163342402,0.166324871,0.169190764,0.171195498,0.174698046,0.17694451,0.178074077,0.181333561,0.183331743,0.185129563,0.18734839,0.188977494,0.191382753,0.191963092,0.192811592,0.195280791,0.119310712,0.198557608,0.201453512,0.203610887,0.203310908,0.132932684,0.207285873,0.20892787,0.210902752,0.213452475,0.215393474,0.216624135,0.218501293,0.220354418,0.221879803,0.223397399,0.225056436,0.226147456,0.228671668,0.231389215,0.232396613,0.234565489,0.236637767,0.2383339,0.239942958,0.241866629,0.243505809,0.245907582,0.246918523,0.247992946,0.250133628,0.251242096,0.252067287,0.253251118,0.254364373,0.255386091,0.255784974,0.257186469,0.25826636,0.25883135,0.259186891,0.259793905,0.260117265,0.261116039,0.262534078,0.262947154,0.263115727,0.263626474,0.263663662,0.263587481,0.263120365,0.263394083,0.264148175,0.264148273,0.263490956,0.2635233,0.264142808,0.264645842,0.264560135,0.263494494,0.263168054,0.263742114,0.264055623,0.26466661,0.235339901,0.265246962,0.265951479,0.265144178,0.265416318,0.266319563,0.266764739,0.267658802,0.267599032,0.267367782,0.267865336,0.266956848,0.267376894,0.139528687,26.17
38,1498162290.0,33.9,0.077534418,0.056639584,0.049168516,0.047984545,0.047474652,0.047688551,0.04679934,0.048045754,0.048097619,0.048968509,0.050134641,0.051693035,0.052430607,0.054190318,0.055634611,0.057150721,0.058571833,0.060105465,0.143405457,0.063887962,0.066032457,0.0673989,0.069545506,0.070838484,0.073274224,0.075270119,0.077229587,0.079104181,0.081605368,0.082847754,0.084645029,0.086771942,0.088065141,0.09010794,0.091389146,0.092815406,0.093844151,0.095124115,0.096982475,0.09776016,0.098973289,0.099930489,0.100865811,0.102232241,0.102895923,0.103692051,0.104734591,0.10624396,0.107311588,0.108022742,0.109624593,0.111002068,0.111809403,0.113233482,0.11453684,0.116091303,0.117710944,0.118921381,0.120186613,0.121363979,0.122155947,0.123468998,0.125621108,0.12671837,0.127664632,0.129686007,0.131277483,0.132865305,0.13399967,0.135102591,0.136229303,0.137366036,0.138777915,0.140272642,0.141286503,0.142709867,0.14397715,0.144959606,0.145432653,0.14616403,0.14709576,0.147674628,0.148191632,0.148961397,0.149793761,0.151075236,0.151825989,0.152090789,0.152422848,0.152655681,0.153350353,0.153747064,0.153670193,0.154061359,0.154014195,0.154477248,0.154515476,0.154587789,0.155153647,0.155701696,0.156067816,0.156424207,0.156863427,0.157067387,0.170162977,0.156626087,0.156653996,0.156989735,0.157396487,0.158238159,0.157941495,0.158097784,0.158062689,0.159146481,0.159165969,0.159282717,0.159084457,0.158749323,0.158529382,0.158664432,0.15871923,0.158449779,0.158638826,0.143780847,0.158721942,31.89
158,1495613595.1664922,33.4,0.035,0.056151489,0.076014755,0.07769317354594169,0.047611572,0.047879844,0.047131705785413744,0.048150258,0.048354317,0.044974724,0.050406685,0.051448935,0.053079354,0.054376218,0.055393084,0.05926379559678339,0.057884779,0.059663236,0.061429196,0.06633107601122436,0.09878249045184032,0.067158144,0.068485149,0.07241922413949345,0.072369575,0.0708,0.07563704000576045,0.077911262,0.08037103572320714,0.081424869,0.083243732,0.084816666,0.086423811,0.0853,0.089677219,0.0946169299138081,0.09627827709095717,0.1584193977093639,0.1511191276221457,0.094792032,0.2214,0.096749869,0.0952786331990588,0.098773695,0.099487714,0.100742373,0.101620648,0.0979,0.103634013,0.10468763,0.105726383,0.107123934,0.108225125,0.1038,0.110633494,0.112323148,0.11448213672992333,0.114376128,0.115932613,0.117330333,0.118305957,0.118960092,0.120105848,0.121482823,0.12144522384976328,0.125083042,0.12401621632110321,0.127242204,0.128395188,0.12981588,0.130845886,0.13253689,0.133550586,0.13474414,0.136075221,0.1375198469643627,0.137716899,0.138486985,0.13484972146973545,0.140832913,0.157505441,0.141672695,0.142125961,0.1422932205945412,0.143855348,0.144434189,0.144895982,0.1523259736005378,0.146071624,0.146601108,0.1415,0.146603482,0.14543706498760783,0.147043535,0.147741452,0.148506593,0.148769375,0.148888805,0.14580835290924687,0.148701254,0.14919663,0.149577166,0.149897516,0.15003527,0.150205944,0.15035058359552014,0.149907611,0.150190846,0.15087887671000655,0.15131042,0.16317548432318016,0.1488,0.151594528,0.1496,0.151389173,0.151088067,0.17133569,0.151028765,0.1471,0.15037487,0.16275486292482588,0.14994497,0.150180077,0.149909001,0.14591496613916055,34.88
238,1494486553.101588,43.4,0.16755133541437967,0.11421141,0.10214232,0.0974541,0.096957283,0.096504919,0.097003146,0.097262592,0.10130573005459029,0.09863643201065937,0.10310888,0.106199711,0.107573341,0.110126854,0.114450986,0.116456282,0.12587947895721582,0.122420215,0.11854830436936331,0.12292810163994718,0.07395489838438506,0.135801295,0.137495848,0.143407081,0.146601127,0.150480569,0.153228701,0.1593752514747768,0.088864903,0.09195650997512521,0.167644947,0.144576478,0.173840886,0.1736352843306883,0.18249946390794386,0.181848758,0.1822673277127909,0.21293130882864203,0.2064649146331487,0.190488458,0.19933436463539922,0.194166825,0.196391905,0.197890144,0.199417295,0.201763886,0.202735853,0.204354004,0.21397242176482,0.208442026,0.211550822,0.213123152,0.214661754,0.216574214,0.218956036,0.21621623301791926,0.222346029,0.223811059,0.24892568782421415,0.226514599,0.228400004,0.23730471990812702,0.23794251553514623,0.234021879,0.236234188,0.23831492,0.240525623,0.242677813,0.244987862,0.246496511,0.248662815,0.250725368,0.231149702,0.22117968148588196,0.2459001936168715,0.257527212,0.258871073,0.2612648136942436,0.261461124,0.261994673,0.262162834,0.263823141,0.264756441,0.2610109921828933,0.2922212987534227,0.26733987,0.26735260359988466,0.269171779,0.270131764,0.26359032716641284,0.2628144248969759,0.2387984885513676,0.2662989791323684,0.271604538,0.25613429799241605,0.2843850085148952,0.29659191752107084,0.2697615221514186,0.27952753894329196,0.2690690503182921,0.17942249133858906,0.2991,0.263516687,0.274677274,0.276163095,0.27631397904638494,0.276541544,0.2813925133078433,0.275355489,0.274427042,0.275506767,0.276419479,0.275883905,0.27942574362484274,0.161891571,0.1685553319632276,0.274609754,0.274638206,0.28338289822221885,0.274932095,0.275149802,0.273857957,0.27254636559714895,0.274013346,0.274231834,26.06
651,1496708016.0,39.8,0.089446518,0.059899549,0.070604105,0.04907102,0.048107077,0.05297013189667754,0.05249593943940561,0.049879364746488304,0.047946281865741305,0.049037716,0.049215314,0.050730381,0.05083960606776584,0.05,0.054853792,0.056707988,0.057588383,0.05865754376380542,0.061839694,0.063520783,0.0624,0.06641415246597203,0.1633,0.070238577,0.07320351713482104,0.074315894,0.07894910745389055,0.077347367,0.079659832,0.081819162,0.083331983,0.085128411,0.086709236,0.088347685,0.089889392,0.091123209,0.092912226,0.0893,0.0907,0.096115061,0.0971645824794029,0.09800403,0.098713735,0.099682514,0.100338134,0.101503609,0.103162912,0.104136139,0.105167018,0.106024774,0.107040257,0.11254770297565228,0.108799483,0.1038,0.11085758,0.112601053,0.11477010485385235,0.116253169,0.117325238,0.118190269,0.119214796,0.120560703,0.122054904,0.1151,0.124446334,0.12669240887271563,0.2717,0.128574664,0.130381121,0.13173114,0.132985128,0.134020348,0.135415286,0.136809473,0.138185052,0.139383229,0.140196222,0.140808221,0.13732881539300493,0.142425749,0.143017146,0.143831886,0.14436552,0.145128878,0.145887073,0.146937017,0.147257848,0.15477361660656563,0.143258585,0.14793046,0.148149754,0.148750312,0.148674447,0.148916933,0.14923001,0.149355874,0.149939834,0.149852224,0.149885429,0.149623151,0.149913001,0.150358269,0.1462,0.150805207,0.150918413,0.15106308791687845,0.151373851,0.15191383,0.152625014,0.153264327,0.154140004,0.154720105,0.1488,0.24303619885905844,0.154382149,0.154969276,0.155268676,0.155255706,0.156458923,0.15285701774711777,0.158712223,0.159377088,0.152020547,0.160139837,0.159957977,30.73
375,1495026734.0,42.3,0.110595963,0.074095647,0.066241916,0.067941966,0.06243517,0.062293604,0.062482242,0.062475938,0.062762432,0.063813951,0.064075928,0.066052231,0.067844532,0.06952887,0.071766055,0.073521561,0.075411688,0.077712618,0.080105482,0.08226377,0.084654167,0.087062499,0.088792835,0.091617098,0.093960874,0.096171219,0.099307976,0.101870199,0.104568469,0.10658728,0.104845779,0.111221915,0.113239142,0.115723304,0.117059901,0.118791996,0.121042732,0.12238422,0.123702411,0.124981903,0.126354618,0.127920178,0.128982848,0.129255101,0.130685478,0.132536049,0.134018501,0.13578719,0.136522459,0.137667068,0.138956631,0.139951594,0.142509487,0.14368383,0.144713284,0.14608815,0.14775668,0.149522175,0.151103757,0.152126889,0.153750824,0.155437489,0.157405879,0.158157299,0.159572437,0.161433394,0.163091407,0.164972984,0.166413455,0.167901023,0.169394892,0.170895893,0.172634268,0.174165061,0.175762039,0.177197516,0.177768206,0.178681532,0.179903705,0.18059908,0.180519518,0.181205575,0.182837621,0.183809591,0.184185752,0.184533554,0.184836902,0.185380439,0.186233947,0.186493113,0.186482898,0.186495278,0.186388719,0.186373698,0.187133799,0.187970103,0.18833271,0.188002597,0.187357157,0.186730228,0.187121742,0.187277109,0.187653451,0.187738365,0.188398712,0.18878257,0.189575064,0.190250249,0.155764279,0.191783618,0.191856161,0.192330204,0.192448599,0.192740733,0.193321817,0.193378574,0.194179865,0.194916878,0.195103347,0.195810592,0.196488416,0.196099016,0.196346864,0.195527805,0.194720311,27.87
371,1495026254.0,42.1,0.110852541,0.07894582067347049,0.06659018,0.063919775,0.063813121,0.062416068,0.06245023070296495,0.05967527609157754,0.063247648,0.063792496,0.064721761,0.066121963,0.0683990918252802,0.070367901,0.071820497,0.074056054,0.075336139,0.077777538,0.079910413,0.082705852,0.084678979,0.087647967,0.089449813,0.09482419149247634,0.094209959,0.096851974,0.099963112,0.09990400266376713,0.104385217,0.119390077,0.108651034,0.111238658,0.113227312,0.115734285,0.11691632476538491,0.118922572,0.120971174,0.122024088,0.123787095,0.125039061,0.125988785,0.127626951,0.129215506,0.12700545996679588,0.131635397,0.1280627568611155,0.12570070937463498,0.135093366,0.137178457,0.1350524905373156,0.13354076041827517,0.1449939983049349,0.142277471,0.143267831,0.145052052,0.15219991590338972,0.147842216,0.149658797,0.148352855,0.1528803,0.15411492422134662,0.155337019,0.156358246,0.158422046,0.160072577,0.15891940821510075,0.15899057360934876,0.164815647,0.166577017,0.17240743105459658,0.1718084827836777,0.171178823,0.172546874,0.174236136,0.176023355,0.176854126,0.152192772,0.1512641233333031,0.179213835,0.180192925,0.1776583243690431,0.181723376,0.18763840365587678,0.183620469,0.18433042,0.185409763,0.1934206509185006,0.1397,0.186384552,0.186854721,0.186874853,0.19454834977854374,0.187433296,0.187572327,0.187499171,0.187347757,0.18729397707402592,0.188604338,0.188754323,0.188600867,0.188888055,0.189653645,0.189997446,0.189655961,0.189893169,0.1897275,0.19444733890563637,0.19550948125872356,0.191969809,0.192837864,0.19244539,0.192249217,0.191763143,0.1912451745792735,0.3001,0.2997,0.19357736,0.193904398,0.194253491,0.194198601,0.194530672,0.195736473,0.196760979,0.19626717963497592,0.177455051,28.01
176,1495547089.0,36.0,0.082534361,0.058233509,0.050782421,0.067853112,0.048223427,0.048330072,0.04760616385902208,0.048329917,0.048698474,0.051901869,0.050534518,0.052310228,0.05264197445949788,0.054403855,0.055624855,0.057038735,0.058468535,0.059855548,0.0589,0.06297322,0.064815776,0.066776629,0.068132528,0.069864616,0.07284983852949933,0.073834311,0.07529141,0.077226933,0.079255265,0.096040911,0.082475504,0.08453916,0.085731761,0.087042038,0.086,0.089398209,0.090902447,0.092027174,0.092959841,0.093989157,0.09522201,0.095572798,0.096444788,0.097034849,0.098181835,0.099427969,0.100764928,0.0979,0.10489238680643294,0.2389,0.1041686,0.105132964,0.106345869,0.107417778,0.108934005,0.148197362,0.15165537975544563,0.112893385,0.1101,0.115312685,0.115752929,0.117105516,0.118377689,0.119282627,0.120599567,0.122034862,0.12086551935437909,0.124281912,0.125691463,0.126863761,0.127813552,0.1290649536396357,0.127647992,0.131806006,0.133385403,0.134975126,0.14014327154259934,0.136396185,0.1331,0.1338,0.137440901,0.138439493,0.139253675,0.139895449,0.141069131,0.142098184,0.15433722082870435,0.143460356,0.2999,0.143448305,0.1415,0.143956963,0.1428615379647782,0.1523210232794412,0.145165596,0.1427,0.14559431,0.15322390176095152,0.15048478419596079,0.22714133122666716,0.147330317,0.147310598,0.147736346,0.147918087,0.14823022,0.1483747616470405,0.15012275067219993,0.149488786,0.1498654,0.1484,0.150100475,0.1488,0.150026198,0.1496,0.151406017,0.151706507,0.152041617,0.15896592257804884,0.1471,0.150421624,0.16280929719303008,0.149965206,0.150459817,0.15139723,0.14733342021513215,33.71
574,1495794028.0,34.5,0.081003673,0.066094005,0.058228616229527436,0.050979621,0.051926501,0.051292353,0.05072786694445117,0.050900459,0.051300639,0.052284925,0.053883843,0.055166093,0.05590008793950817,0.05592142364497969,0.058916532,0.060095038,0.062542185,0.06374099382097469,0.065582124,0.067749888,0.069269998,0.071812833,0.073845498,0.07814783702570972,0.07789361335027686,0.101591271,0.081382747,0.0791589488558692,0.0815950066112816,0.086494772,0.088734142,0.090062944,0.091382283,0.093230702,0.095364506,0.10052133113023279,0.1576702922913532,0.20847246964118932,0.099946894,0.101635705,0.103368127,0.10392495,0.104610843,0.10637982,0.11713020237423616,0.11610640599101996,0.108353745,0.109522247,0.11680133397064678,0.112091405,0.11098077417674947,0.114607183,0.116238771,0.10708182261143856,0.144278832,0.1515301455603011,0.12312474086762705,0.1106341752508396,0.124559984,0.124911186,0.12298247000204429,0.128168219,0.129936287,0.1309419,0.132642015,0.134349512,0.135897894,0.137211822,0.138293307,0.139547324,0.141447249,0.14418035116802858,0.144076918,0.1524248495449624,0.146218654,0.1306,0.147426132,0.14634903108129887,0.148905973,0.1475268376160326,0.150820099,0.1577225928600619,0.152574227,0.153300213,0.154215268,0.1507491762705533,0.16214368873913398,0.16332169165047195,0.156209647,0.15628282,0.156992993,0.164877214677307,0.15677827,0.156360689,0.156463496,0.15327507768724685,0.157925258,0.146491698,0.159516693,0.160149807,0.15735391774163213,0.161091321,0.161373548,0.162701648,0.16440753202618905,0.161678454,0.161646332,0.161106836,0.160649465,0.15745177957329343,0.16849585028710695,0.161875395,0.163493737,0.1616114403097215,0.163331711,0.16994745157698934,0.16196506,0.16159787,0.1537584732628247,0.160019182,0.158686855,0.15601846285235654,0.2988,0.155028515,0.154694151,36.03
457,1495266688.528968,38.5,0.105660647,0.071142282,0.063957914,0.060909319,0.058500238334692437,0.059798762,0.059862497,0.0381,0.06097169,0.062173534,0.062577149,0.08270354,0.065660681,0.067033795,0.069579639,0.071937134,0.073285347,0.07476531967878626,0.07537234093517546,0.080087959,0.081949968,0.084380809,0.087229812,0.089680518,0.09192453,0.09377012,0.096298079,0.1821,0.101122386,0.103798168,0.105450175,0.107940276,0.11074984,0.107683276,0.114393727,0.12027699945152806,0.11743802186946646,0.119423946,0.11152715734647786,0.162602085,0.123215586,0.114597002,0.11248002097801658,0.126606923,0.127802691,0.129068235,0.12676640227608182,0.111032314,0.133567205,0.134788327,0.13328121146281888,0.1371967,0.138528992,0.13304335046013555,0.141865667,0.143053381,0.144668994,0.14661924,0.148322843,0.150071431,0.150926055,0.152337743,0.157828577,0.155289561,0.15765474732473683,0.160147751,0.16026022825129232,0.2309197812292892,0.164797057,0.16614551,0.1659885592551424,0.214340102,0.186908358,0.172561199,0.173673924,0.17279888889813025,0.177023469,0.17686814764320782,0.14209808686619563,0.179594164,0.180438828,0.180999078,0.18687934669107337,0.18277772,0.183500354,0.206439309,0.185379632,0.19427988748937805,0.186916378,0.18106999199919238,0.187624684,0.188148,0.18586716534185832,0.187874645,0.187554371,0.187711899,0.143,0.188134033,0.18814365064159508,0.1857880367430903,0.203005069,0.20849364386623492,0.19451726487988508,0.190306516,0.190881485,0.19106713,0.191947346,0.191556836,0.18570890461045944,0.192610572,0.19895451995583366,0.194586845,0.194980845,0.19461816819741343,0.195699571,0.22477285113148532,0.194430947,0.194495879,0.194439393,0.18652403483983646,0.20484224227739553,0.220458814,0.21866004398461258,0.1405,0.23801263211179746,29.14
195,1494935407.0,36.44414111,0.095964864,0.070999178,0.057710046,0.06346312,0.062546135,0.063596239,0.062119799,0.062689166,0.085967464,0.065182164,0.065232783,0.066905214,0.068688669,0.069561745,0.070653252,0.072710157,0.074283968,0.076080504,0.077645439,0.074442688,0.07360004535046327,0.082855341,0.084582695,0.08617161,0.08827239568093892,0.1296007498143901,0.090946403,0.092919099,0.094515773,0.096110446,0.09634327362975087,0.099432954,0.101104809,0.102945019,0.104244302,0.10974011652017411,0.106226534,0.124085932,0.10868602,0.108616856,0.110176183,0.110624342,0.111471353,0.111392393,0.111984832,0.113152937,0.11382072,0.11313404829376382,0.115066243,0.115539946,0.11436907380164746,0.118005829,0.118343066,0.118906319,0.120271624,0.13073487909181855,0.121908491,0.123622477,0.120505524,0.124901692,0.12532581,0.126184714,0.12208729335781293,0.128583633,0.129689579,0.13143537470178054,0.132425989,0.133624701,0.133649402,0.13698168401859412,0.2783,0.134581398,0.135950554,0.14600807078306202,0.1294,0.13125645533683328,0.141405721,0.141285196,0.141166782,0.14020024042393292,0.14303688573616782,0.143328167,0.14740061367643004,0.144464908,0.1378,0.1384,0.15737663767028207,0.147197992,0.15027980762720777,0.16066363034449188,0.1455005220960093,0.1478973152079138,0.146691517,0.147251945,0.149981732402613,0.147718981,0.148333895,0.148478597,0.1453658461715566,0.148968896,0.148838546,0.15695695139489005,0.1462,0.150593149,0.151545407,0.151980869,0.152042154,0.151560449,0.15203207794373852,0.24587199173933075,0.151115503,0.1488,0.15831847206275876,0.151107169,0.1499,0.156963610888251,0.150431326,0.15757039121663136,0.1471,0.1454,0.15696277224036886,0.144277898,0.142841295,0.140917677,0.138089236,34.07
576,1495181739.136426,35.1,0.035,0.060171542,0.03409999999999999,0.037,0.037500000000000006,0.050785992,0.05019425494206485,0.048156504446259955,0.070718148,0.049174165,0.0536381,0.074755195,0.07824831423434231,0.1294,0.059099124,0.062180024,0.061569858,0.06274321963788516,0.065742139,0.07015875617191591,0.1556,0.071460387,0.07261188601119749,0.074903675,0.076680822,0.079638438,0.0839630881722058,0.0820399103687428,0.084995643,0.08794707828302246,0.11625297932388347,0.089647572,0.09342085314353611,0.093396324,0.095239515,0.096087894,0.097632454,0.10511297450069695,0.099955693,0.101121648,0.10258477417956012,0.103514445,0.104411573,0.105251535,0.106724086,0.107459551,0.108063381,0.108970457,0.110289631,0.1091656065123074,0.113638448,0.11921648535830175,0.115261,0.116920943,0.12613394977890122,0.13581288011123344,0.121504354,0.1093,0.123362617,0.124799014,0.125954827,0.127269656,0.129092816,0.130312447,0.13090240595065658,0.13338525,0.1325976457520137,0.136470225,0.137386356,0.138988438,0.1407483684381552,0.22696547487400548,0.143432255,0.14466228,0.14639780503083763,0.14686467082720764,0.147805864,0.148594314,0.148651216,0.14728566228893863,0.150740982,0.152104214,0.15659782200613995,0.159988994,0.1479817154868603,0.15655303308782523,0.155129587,0.156003885,0.156671828,0.156615808,0.1415,0.15540731,0.156352441,0.156681129,0.15706451,0.1539579170393724,0.1496853197534623,0.158707963,0.15882961,0.1590732288925322,0.1561790606902242,0.161111085,0.162117959,0.162540644,0.16425958890677955,0.161335408,0.161401767,0.161246318,0.160994494,0.161467795,0.16166557,0.1500273384711418,0.1488,0.1496,0.161850423,0.16851555601237067,0.16115219,0.160500794,0.15250044581289965,0.158497417,0.157693316,0.15502490946759734,0.176992618,0.1765747373066903,0.153269667,35.87
584,1495472786.653425,36.5,0.082792008,0.06149269414260797,0.053335758,0.050784798,0.050191705,0.049732188,0.049732353,0.05020975,0.049742652,0.051021598,0.052494561,0.053190442,0.054350192,0.05439649087702515,0.05609723984909473,0.058548164,0.059987094,0.062603222,0.063858884,0.065553537,0.06310732625026753,0.069483273,0.070768702,0.072658874,0.07549254531536478,0.077268928,0.07911816,0.080081623,0.082376545,0.0850109,0.086778902,0.088077693,0.089203469,0.090682326,0.09262173,0.09767384867492845,0.09618479426027461,0.096185811,0.0983986,0.099612642,0.100105937,0.147642766,0.14433012267311368,0.14347640526964556,0.117548527,0.10557493,0.10186616088664513,0.0979,0.10489238680643294,0.0997,0.111650455,0.112658543,0.11620063620215741,0.11439717,0.115781271,0.11709478,0.118629972,0.120438255,0.121395088,0.1114892252349875,0.12390793,0.125239344,0.127050504,0.149547055,0.15150409753970948,0.131100026,0.13023556466589503,0.134571356,0.136086552,0.136849696,0.137950639,0.139474501,0.140906362,0.142245499,0.14382925868310353,0.144713732,0.15109318937901658,0.145974799,0.146492532,0.147447333,0.148526624,0.15524415286691462,0.149945486,0.14986325198379621,0.151313566,0.14763464995023348,0.15933320769656914,0.154271939,0.154508978,0.154426684,0.1415,0.155063966,0.15536372,0.16406950710268553,0.16433790561217299,0.1427,0.155468561,0.155805728,0.156370782,0.157289907,0.1542329424421952,0.15799914,0.1462,0.15562175220843844,0.158402366,0.158644733,0.1608247070387612,0.16004349,0.160414465,0.15716950712847166,0.159869055,0.159963488,0.166869307528541,0.16514992145258367,0.160903798,0.16760049551174072,0.160311471,0.1661328511712931,0.15895877916540577,0.159066676,0.158594684,0.157736753,0.155864866,0.173260579,0.16817171627268782,35.23
406,1495627936.0,31.5,0.093520131,0.06613939,0.05830722,0.057079515,0.055824064,0.055432838,0.059218326,0.082830629,0.056112082,0.074794855,0.059181608,0.059795496,0.061388006,0.063165293,0.065186393,0.066313843,0.067328614,0.069882681,0.071325914,0.073153292,0.075280652,0.07672749,0.079132451,0.081116143,0.083614023,0.085108219,0.087454443,0.089199784,0.091953753,0.093769876,0.095434267,0.097824381,0.098995494,0.100575974,0.10248845,0.103226009,0.104950534,0.10645825,0.107216576,0.108935542,0.109354879,0.110342962,0.111791045,0.112381057,0.108792126,0.114506333,0.115393669,0.117507563,0.117919189,0.118829406,0.119979265,0.144666731,0.122673642,0.124063386,0.150376288,0.126637606,0.128496241,0.130121513,0.131256635,0.132022627,0.13429528,0.135798211,0.136575212,0.138632236,0.139581947,0.140836287,0.142645342,0.144145884,0.145423048,0.145903545,0.146742281,0.148206623,0.149952818,0.151414148,0.152738568,0.153677443,0.154664124,0.155231872,0.156071795,0.157309526,0.158179263,0.159223624,0.159969046,0.160458053,0.161553581,0.163097751,0.163154075,0.163393764,0.163940789,0.164340226,0.164654813,0.164688555,0.164507018,0.165477235,0.16649173,0.167663593,0.168058556,0.168608683,0.169316066,0.170540905,0.170926128,0.17124158,0.171437558,0.17148352,0.172616403,0.173554605,0.17387218,0.173128938,0.172476398,0.172778725,0.172761633,0.17331795,0.173306061,0.173371815,0.17309967,0.173442318,0.173506748,0.175040102,0.174488293,0.17442515,0.174445675,0.174075246,0.174866301,0.175059436,0.175649807,33.7
427,1495639620.0,34.9,0.09949699899259506,0.071882886,0.06500793,0.061984471,0.061622297,0.061575065,0.061868806,0.062280262,0.063010046,0.06305111993137703,0.065243632,0.066422553,0.068401065,0.06822105555255234,0.06882372967993394,0.073480625,0.075855772,0.078577646,0.0788263588431876,0.082673189,0.084753408,0.087255442,0.089503986,0.091935045,0.093775715,0.09358413190379272,0.098851654,0.101580172,0.103192167,0.10680280780538806,0.108113527,0.110326925,0.111949806,0.103638596,0.11603576,0.117927658,0.118987775,0.120950084,0.11307664088068341,0.126071434,0.128782143,0.131998308,0.12925171267585428,0.136329037,0.138460933,0.140687958,0.143801779,0.14684189,0.15017419,0.153492047,0.155321414,0.157636735,0.160646676,0.16351099,0.167886379,0.171699508,0.175606961,0.178197775,0.19727439733299743,0.179676996,0.18394235856369162,0.179508826,0.178818529,0.179205529,0.180573381,0.180911425,0.179517715,0.177961452,0.176469604,0.175843519,0.175373418,0.17502183,0.17529784,0.176899747,0.17863051,0.179599199,0.178922147,0.17882595807715101,0.175923506,0.175532243,0.176143387,0.176769192,0.177319023,0.178066627,0.178449177,0.179370607,0.179949015,0.18865204420001871,0.180357312,0.180362044,0.180189842,0.180346318,0.179831371,0.142,0.179755947,0.17973869109767718,0.179973708,0.179847164,0.17916955,0.179305526,0.179555766,0.17989388,0.179848015,0.198409646,0.180110405,0.180519706,0.1844871488116199,0.185089606627177,0.180897097,0.181055403,0.180680712,0.180391128,0.180509305,0.180883281,0.190565633,0.1962732789103445,0.182337506,0.182829937,0.182398981,0.17585105589546385,0.181120254,0.1784521866499164,0.180765541,0.18035951,0.180034778,31.18
655,1497831812.0,40.0,0.091427003,0.06686349947721673,0.045012356,0.04162978073104498,0.04711082,0.047755284,0.04700044229747285,0.044471304908352174,0.048432555,0.04910006,0.049927698,0.050802584,0.052150534,0.05223226134587497,0.075334701,0.08046573109595559,0.08435185454779133,0.060230909,0.062104791,0.063188481,0.065538886,0.066588048,0.068410681,0.070440688,0.12314023491698775,0.074635517,0.07925020098343771,0.078183743,0.080174454,0.081892092,0.084090164,0.085815842,0.087424057,0.088754677,0.090628371,0.09560439248177852,0.093700534,0.1006773663248531,0.095921936,0.096430962,0.097703882,0.098354549,0.099660283,0.100138488,0.101573244,0.102765681,0.10339465,0.103994462,0.105285835,0.106522854,0.107136826,0.108301681,0.109858561,0.110823836,0.111928245,0.113661559,0.11489696,0.116283238,0.117564249,0.118708723,0.11607850102417762,0.121343037,0.122696338,0.124046793,0.1252208,0.126647859,0.127816021,0.13065749832417636,0.130519612,0.131951238,0.13356974,0.134688979,0.136486787,0.137653057,0.138676793,0.139740925,0.140463254,0.141199284,0.142122364,0.14110487818232667,0.143748025,0.144726804,0.145593811,0.162541416,0.146854103,0.147105718,0.147351882,0.148280509,0.148585336,0.14901833,0.149278046,0.149607361,0.14836036594929006,0.150162594,0.150412718,0.14640051348512245,0.150712554,0.150468314,0.15053243,0.150703919,0.151284421,0.15928407709388223,0.17158978,0.152590611,0.152449408,0.1525941588174762,0.153101398,0.1481,0.154187264,0.154183483,0.154883283,0.173292758,0.15646469,0.156606202,0.156606962,0.1570023,0.15625444368150293,0.15732363,0.14885716173329738,0.159126842,0.159355195,0.159256791,0.158745607,0.158404671,0.15401232060518008,30.72
582,1495794988.0,36.7,0.08272396,0.060542448,0.054020016,0.051287087,0.050123841,0.049812791,0.049623844,0.050306228,0.050523563,0.051291005,0.052257333,0.053562319,0.054954319,0.056036047,0.058280909,0.059341952,0.060578934,0.062655801,0.064961801,0.065852689,0.067596081,0.070394994,0.071008219,0.072970386,0.075017053,0.077130926,0.079404243,0.080680271,0.083023703,0.084920609,0.086235426,0.0876617,0.089741613,0.091055468,0.093683486,0.09499462,0.095638559,0.096729805,0.098839825,0.10001259,0.100548256,0.101848481,0.111032415,0.103873866,0.105018191,0.105719502,0.106512435,0.107113102,0.108962104,0.110168616,0.111417318,0.112463609,0.11352623,0.114726504,0.116279597,0.117694289,0.118725593,0.120468187,0.148155593,0.123036275,0.124105252,0.125885565,0.127457167,0.128407953,0.130161116,0.132150669,0.133209108,0.134636444,0.135919878,0.137373026,0.13884698,0.140368587,0.141641695,0.142672601,0.143669491,0.14461788,0.145771076,0.146264994,0.146397095,0.147352682,0.148430535,0.149448833,0.150601076,0.14289008,0.152403959,0.153349694,0.153469142,0.154287906,0.15457967,0.154416819,0.154286771,0.154485643,0.1544785,0.155002139,0.155110521,0.15535905,0.155676992,0.156316312,0.156830492,0.157015207,0.157574147,0.158188715,0.159364364,0.159949721,0.160059963,0.159935178,0.160613803,0.160442673,0.160378809,0.160488045,0.160407127,0.160559047,0.160045359,0.160174466,0.161425841,0.161370247,0.161548641,0.160211057,0.158888235,0.156766057,0.154706725,0.153608664,0.152304695,0.152058424,0.151309041,35.35
68,1495612972.0516503,31.1,0.118372698,0.08362321763000553,0.070491976,0.07126882720723213,0.064521546,0.064059918,0.063127601,0.063232946,0.06385945,0.064382364,0.06711423425935312,0.092032384,0.067497567,0.069284518,0.070102495,0.07490284749778088,0.072676764,0.074640277,0.07525905061965597,0.10779213336868257,0.07666794673058934,0.081360667,0.08304710309072391,0.09326767695348247,0.0694,0.0708,0.091016542,0.092618585,0.094810917,0.09811793023979769,0.099038367,0.100892678,0.102284924,0.09944799941921849,0.105685436,0.107054404,0.101847951,0.109775492,0.10173110967350221,0.114688988,0.11727294072120041,0.117571267,0.118797369,0.11565243868972734,0.1310429012939048,0.122085014,0.123530167,0.124676193,0.127062863,0.12531382776631667,0.130962087,0.13220121,0.13559425887091447,0.12962525263781036,0.137891719,0.140247619,0.146868605,0.145621532,0.16038591128789123,0.146728772,0.1472676510528524,0.14705657,0.14384857292553163,0.14678330264279751,0.2067932091162511,0.150356184,0.15013934941658572,0.1205,0.150889896,0.151748076,0.1526073677395409,0.153315126,0.154786326,0.156358713,0.15882873289052638,0.158310219,0.157290479,0.155620159,0.154775204,0.155182589,0.156036968,0.156347233,0.1610444629243025,0.156609379,0.14452455343189588,0.158893647,0.16949308258997284,0.161143618,0.161326064,0.161626295,0.161420241,0.161626871,0.161842969,0.17015815241666504,0.161905934,0.15945847913530553,0.162197,0.16839193887729556,0.16684711409083955,0.163614901,0.164223002,0.17159447903739605,0.1563059038935336,0.165659624,0.166189017,0.166661451,0.166969252,0.16676322059814877,0.167824558,0.16607020954322363,0.16898604,0.169729132,0.170759772,0.171605649,0.172315252,0.172975546,0.173794562,0.1778177431189882,0.17235795553933864,0.17652673,0.177388535,0.178433092,0.179234789,0.17880829744390422,0.151690068,39.06
468,1495023259.0,39.9,0.120938004,0.079213032,0.067797762,0.06813479561795435,0.063535853,0.062936414,0.06299858034085909,0.062723563,0.063573656,0.064537735,0.064665935,0.066085726,0.068045578,0.069537605,0.071638506,0.073142693,0.075683908,0.078577923,0.080558039,0.08330767246707446,0.0840642383696403,0.086668965,0.088891433,0.09422744996251152,0.094148709,0.096272845,0.098389854,0.10105257,0.103083434,0.105533146,0.107892785,0.1136737429802965,0.112380771,0.114291234,0.11650347,0.118186061,0.11951162265469639,0.13024369692281532,0.122696693,0.124467918,0.12561759,0.126641184,0.12408842021291572,0.129258212,0.129723426,0.12648675621312397,0.132843223,0.1345344087071041,0.135674341,0.136883833,0.138258969,0.139714027,0.14304977853347756,0.142668134,0.14425524,0.15150970995085727,0.146793326,0.13595805779446737,0.150254009,0.15203467,0.1531736524577338,0.154769345,0.156697093,0.157194804,0.158790869,0.160923395,0.16106195885711538,0.165218699,0.167597058,0.1735048598976012,0.17031203,0.1761821361119805,0.17333938,0.151156069,0.15329938114340463,0.177626398,0.179288847,0.180237709,0.180192095,0.17714502556318215,0.181862946,0.183186756,0.184865625,0.186226204,0.187387249,0.18635414463796288,0.188634306,0.19765276302634785,0.190125102,0.190548962,0.190526302,0.191071064,0.18871181913858542,0.191151332,0.191127537,0.191352919,0.191805192621898,0.192067566,0.192418616,0.193044888,0.19325193350231484,0.175080828,0.151857581,0.1612771990892828,0.195877338,0.196453595,0.196598605,0.197777057,0.19851104,0.20292956399905066,0.2078940411088575,0.199949874,0.2053535958311103,0.2006678119896352,0.1934671557482316,0.203509394,0.204624742,0.20453619529200925,0.20299625794789594,0.16022334173092542,0.22849767279732883,0.207249744,0.2053304631293074,0.209875007,0.20306949385662776,28.77
169,1495546249.0,35.2,0.081127344,0.057506169,0.050405317,0.063162718,0.06068433484879884,0.048426056,0.047791228,0.048139959,0.048523884,0.050052364,0.050535716,0.051727805,0.053243288,0.053744006,0.055496581358420026,0.059071077762896045,0.058224625,0.05931043712354679,0.062203799,0.063281827,0.079362558,0.067040837,0.06795353658635081,0.070297466,0.072444941,0.074028957,0.076011227,0.077443268,0.079458021,0.080809461,0.082761503,0.084382052,0.086096366,0.087669153,0.088849021,0.09375711515878685,0.091419162,0.092664697,0.09339827,0.094961336,0.095827154,0.0933,0.0938,0.098436931,0.099470926,0.100232237,0.0972,0.102173469,0.10927127468662562,0.104243062,0.105391824,0.106203678,0.10979499995057689,0.1038,0.110017907,0.111247926,0.112290362,0.113622801,0.115174453,0.116606736,0.117339824,0.118075383,0.114,0.120437183,0.12186287,0.1179,0.1192,0.126363142,0.127297552,0.128397246,0.129357423,0.1310756,0.132548179,0.14332147101470058,0.1294,0.136125425,0.136960578,0.1355575378327356,0.138028994,0.138874285,0.139488858,0.140164626,0.140684219,0.141388651,0.142084658,0.142951995,0.15510768136833047,0.16290853609076927,0.16541312587740264,0.145083873,0.1415,0.14949347723842218,0.145759478,0.145945278,0.146362658,0.147003524,0.147213611,0.147416187,0.147506661,0.14753279,0.147827106,0.148381321,0.1462,0.149491545,0.149718705,0.150258625,0.149908333,0.173770661,0.149919522,0.1484,0.149435662,0.1488,0.150128115,0.150747515,0.151185275,0.1582060293590786,0.152533245,0.1593919836391558,0.152951843,0.152483279,0.16520961975825577,0.153035133,0.153508709,0.153786478,0.149610649434632,34.27
426,1495366191.3380675,34.17624606037469,0.1844,0.12469096414421009,0.066616646,0.06676086806260743,0.064575455,0.063582907,0.063953728,0.064018535,0.06505468,0.065567485,0.067133454,0.068632961,0.0465,0.072177154,0.074004485,0.076147855,0.078448431,0.08099445,0.082163785,0.0847327509128851,0.08603635,0.088390447,0.09045671982088845,0.092895079,0.095256561,0.098316873,0.100473601,0.102715548,0.105051752,0.107115418,0.109624,0.11183526,0.113766545,0.115574173,0.11678605,0.118365345,0.11968835242512436,0.12999428525474674,0.123294597,0.12437304,0.125846027,0.127833653,0.12523774328253065,0.129097456,0.130197034,0.131152618,0.12897561208492048,0.133425679,0.135023321,0.13297766005977374,0.137571131,0.138828305,0.13982978,0.141479907,0.14283162,0.144268463,0.14758421272305486,0.147252506,0.148669389,0.15000514,0.15091458018924145,0.152575226,0.1538283,0.1151,0.156329278,0.157902983,0.159529644,0.16051415,0.162273778,0.163988478,0.164681225,0.165220172,0.166814225,0.167891714,0.169763208,0.171383406,0.172156068,0.172978141,0.174118283,0.175351016,0.176201274,0.177217689,0.164155327,0.178153285,0.24783467,0.180212655,0.1388,0.182095154,0.182638273,0.182794075,0.182606508,0.18325061,0.183236983,0.182460927,0.182687379,0.183065487,0.183674925,0.184070634,0.184959197,0.185664154,0.173829714,0.188557378,0.17387203197913406,0.186475791,0.18625308168152543,0.186703918,0.187470808,0.18821096820689817,0.187422133,0.203137628,0.187892574,0.188250509,0.188873983,0.188450069,0.190127729,0.188407858,0.18835397,0.189127616,0.188973379,0.1816787976227341,0.189372839,0.189353494,0.188789421,0.18774952,0.18198135001720045,31.26
163,1494436519.0,33.541493593179865,0.09873419148189642,0.071408434,0.06262175740708771,0.04858025,0.04781553,0.048350458,0.047848385,0.048441831,0.048996103,0.050090023,0.050615772,0.051473242,0.05168709901224113,0.054300693,0.053449251,0.057382573,0.05882402,0.060717225,0.06264458194875962,0.0603,0.0624,0.067248927,0.068813768,0.070779302,0.07371491501819011,0.0708,0.076460859,0.078196495,0.080103288,0.081829047,0.083782376,0.112304239,0.087316781,0.088958039,0.08658748264810132,0.09140924177101133,0.093299832,0.10022533345865109,0.095237101,0.10398911528559131,0.097372291,0.098398124,0.09686725101311364,0.099740152,0.0954,0.102306295,0.09840177813956204,0.104293614,0.105190916,0.106017305,0.107230665,0.108399668,0.11197424198772381,0.110260307,0.111565679,0.113157514,0.114603593,0.11602203,0.117584541,0.118703578,0.11965862,0.1322423412699289,0.121857316,0.12690909108187165,0.12301674241465191,0.1255953,0.126830367,0.1278481,0.12658865088564347,0.130429826,0.131781386,0.13346400902693625,0.134676105,0.135702148,0.136672503,0.137838256,0.13886295,0.13751915731262707,0.1407438,0.141226279,0.141743746,0.142485689,0.143112327,0.143903605,0.1378,0.145353197,0.15727447400589462,0.14713211,0.147455318,0.14772625,0.1415,0.148139969,0.148546664,0.148514313,0.148848053,0.148417294,0.148419972,0.15580539584981562,0.149238593,0.149145421,0.15924126,0.16685460482716508,0.1462,0.15562175220843844,0.22831790473854113,0.22846641681209773,0.2998,0.150217643,0.150945854,0.151585179,0.1634135127946345,0.151747671,0.151907398,0.152141063,0.152586062,0.15956010816905714,0.153496682,0.153241525,0.1471,0.153141509,0.153193965,0.153253491,0.153427556,0.154172994,0.14997904381186042,34.6
310,1495663696.6322918,38.3,0.093611386,0.06822214483476803,0.057824299,0.056533212337452794,0.037500000000000006,0.043598306722702186,0.05383183,0.06944077,0.055132158,0.056079171,0.057150173,0.05712807,0.05953021,0.06123583,0.062672572,0.06700335026995748,0.063289791,0.068302079,0.070075125,0.0740042242313719,0.07308248443156022,0.075308107,0.07666750801999274,0.07857165,0.08108463210853221,0.083162841,0.084637753,0.08719909,0.088957036,0.091896504,0.092923035,0.094488821,0.117287817,0.097898234,0.100008045,0.10534213889325153,0.102587994,0.103507358,0.09536709120125789,0.106902607,0.107476549,0.108277466,0.109454442,0.10547111269822827,0.111057989,0.112424302,0.113442631,0.11434244,0.115641653,0.116609422,0.11779526,0.119030123,0.12252362263608678,0.121445266,0.122972781,0.124421826,0.125819642,0.127189918,0.1395144333882518,0.129294002,0.130706765,0.134349907,0.13372111,0.135525033,0.136970202,0.138160734,0.139598377,0.141192553,0.142906302,0.144351529,0.144693696,0.14589888,0.147572928,0.148576192,0.149300099,0.150464385,0.152165452,0.1512359524791323,0.153816233,0.154883755,0.155097779,0.155324893,0.15997306096351127,0.157623658,0.159037895,0.1559255171644787,0.16681470656207426,0.1750407308625552,0.16134825,0.168001015,0.161936819,0.1697861771435995,0.1619518,0.2999,0.161963103,0.159523431437451,0.15865996764473062,0.162095275,0.163161709,0.16302120705731574,0.165129988,0.17245743009958284,0.165394563,0.17480907474920654,0.1473,0.166315477,0.166551008,0.16632567372361523,0.166551604,0.167689389,0.168792517,0.1576004114175223,0.169664669,0.169995559,0.16996574,0.17636027386452,0.17535922137283985,0.1488,0.1471,0.169796465,0.169391809,0.1684755,0.16620246846342,0.167225746,0.16241982360922136,32.72
194,1494935287.0,33.6,0.096316879,0.069586733,0.064860659,0.06227598,0.063244072,0.062784924,0.062968183,0.063678347,0.06425832,0.065581537,0.065641072,0.066743866,0.067867289,0.069097995,0.071407602,0.072129007,0.07366491,0.075559029,0.077241116,0.079920938,0.08087033,0.082214953,0.0841398,0.085763494,0.08695818,0.089361448,0.091015131,0.092323142,0.094309048,0.096291389,0.097841591,0.099753964,0.100667601,0.102476122,0.103657428,0.105426808,0.105762801,0.106396268,0.107211307,0.108532938,0.109728043,0.109635045,0.110153958,0.111230286,0.112620933,0.113041361,0.113346107,0.114294474,0.114390823,0.11544861,0.11676114,0.117000395,0.117839877,0.118792408,0.120415709,0.121412125,0.121582026,0.123561285,0.124741899,0.124882721,0.12519378,0.126411369,0.127146477,0.128059023,0.129231705,0.130944783,0.132373207,0.132817165,0.133187463,0.13427375,0.134754502,0.135066856,0.136272884,0.137435016,0.138756337,0.139726857,0.139843521,0.140058023,0.140887412,0.141290489,0.156299176,0.142299324,0.143079855,0.144068223,0.145458058,0.146137018,0.146403529,0.147008779,0.147184026,0.14673461,0.146675974,0.146390231,0.146739978,0.146815297,0.147481572,0.148582735,0.148949601,0.149054737,0.149347078,0.149642436,0.149811386,0.150773275,0.159302856,0.150532819,0.150835122,0.151128591,0.151599444,0.15243516,0.152896257,0.152865782,0.152223571,0.152659372,0.152577329,0.152569328,0.152081901,0.151047541,0.150445177,0.149565653,0.148888114,0.147466849,0.14543794,0.144275805,0.142257349,0.140784413,0.138658209,34.17
624,1497429706.0,39.420723005884014,0.0892079,0.059331145,0.050979252,0.048303537,0.046282142682841476,0.046480851,0.04565742270268333,0.04314965371923763,0.06754262,0.048255108,0.048386949,0.049241318,0.0465,0.05,0.0516,0.055303025,0.056513109,0.073731579,0.060271476,0.06530361474506902,0.0624,0.065273836,0.067084635,0.07092249276104659,0.070238854,0.072134347,0.074168117,0.075985015,0.078079611,0.07933865,0.08120393,0.082844878,0.084508776,0.0853,0.086,0.089167773,0.090337574,0.09688360325972566,0.0907,0.094129275,0.09473947,0.095840862,0.09678752,0.0977385,0.098278396,0.099542153,0.099910328,0.0979,0.102869471,0.103816051,0.10284997948586479,0.105314735,0.106604551,0.108053933,0.108937677,0.110372541,0.111809466,0.113181042,0.114421504,0.115360471,0.116179717,0.151241244,0.119694211,0.121000333,0.121969405,0.123567538,0.124685897,0.1273335378728949,0.12727644,0.128748595,0.130018734,0.13150979325668574,0.132603446,0.133970667,0.135365803,0.136675337,0.14205495898067547,0.138300433,0.138723928,0.139706012,0.140594721,0.141296941,0.141906391,0.142607127,0.170753246,0.16850012649420487,0.1388,0.145386547,0.145625215,0.145496127,0.1415,0.146069644,0.14693126,0.147412983,0.147529491,0.22412656198611952,0.147444812,0.14769541,0.147727545,0.148209526,0.148789479,0.15691026663926172,0.1462,0.150223256,0.150679471,0.150954837,0.151237044,0.251328525533025,0.152138245,0.16249256,0.153515805,0.1488,0.155802549,0.156172279,0.156799043,0.157426865,0.1496,0.157972831,0.14960160667468597,0.159885328,0.160812277,0.161687552,0.161200288,0.16084305637703433,0.15633638341866105,32.27
366,1495025654.0,38.43697350468688,0.111868055,0.07462892,0.064785646,0.063155112,0.062989707,0.062587946,0.06263135871982675,0.08205538552069093,0.084180511,0.063087764,0.063854927,0.1234,0.067472837,0.068387929,0.0689773484941118,0.073190756,0.07526165,0.077343232,0.079903642,0.081528001,0.083861599,0.08656472,0.08853234418979998,0.09384369122116688,0.093339992,0.09310622110272285,0.098208381,0.100952711,0.103703423,0.1060145,0.108071409,0.110240938,0.113062959,0.114272023,0.116220941,0.117848844,0.11917920992966567,0.2142,0.123315538,0.124506577,0.125353056,0.126546243,0.0938,0.0945,0.130017993,0.131400127,0.118969563,0.133663433,0.135408623,0.136952898,0.1354079703174664,0.140069031,0.14340207505584576,0.142677966,0.14988784753346984,0.145781874,0.14915242533673048,0.2249146059914533,0.1505823,0.151803757,0.153492785,0.16493180799712515,0.156298279,0.158015123,0.16057402635193835,0.161190549,0.162768527,0.16777447759310563,0.166700384,0.168161727,0.155833663,0.170427103,0.15953121317785368,0.16462794469026856,0.174937476,0.176028725,0.18630321845278555,0.178133781,0.178722854,0.179716819,0.17724616212396072,0.181373526,0.182343105,0.183449322,0.1378,0.1384,0.1925663720658243,0.186243596,0.186602691,0.186777354,0.186462437,0.186170042,0.186870404,0.19367680015403047,0.18961192718058056,0.187944627,0.187638545,0.187449723,0.187459093,0.167546532,0.188882356,0.189524382,0.189923927,0.19932918592797655,0.190057546,0.188329476,0.19293507822778047,0.191501791,0.19200675,0.191916019,0.191944626,0.18220177443026145,0.19781365372834925,0.192435119,0.192986315,0.193644225,0.221658522,0.21929823159071923,0.1471,0.165328382,0.195321406,0.195875723,0.1938526730525314,0.19337004278364384,0.196024891,28.22
384,1495625296.0,35.9,0.147493956,0.065218914,0.057829374,0.056146256,0.056217743,0.055834266,0.055914746,0.055657886,0.056301524,0.058221921,0.058566225,0.076307506,0.061085106,0.0621535,0.063683276,0.065835905,0.06755354,0.069171951,0.071637289,0.073032465,0.075061469,0.076292156,0.078776369,0.080818417,0.083428165,0.084999917,0.086674796,0.088898832,0.09055227,0.092859196,0.094541727,0.096559525,0.098003485,0.099929285,0.101688456,0.097050924,0.104911896,0.105495236,0.107065271,0.108454423,0.109587379,0.110668495,0.111396423,0.11183541,0.113381271,0.114517134,0.115559795,0.117721922,0.117740663,0.119057863,0.12020603,0.121314091,0.122797141,0.123712536,0.125736299,0.127435626,0.128873317,0.129974471,0.155027239,0.132412026,0.133611605,0.14407085,0.136740476,0.138141357,0.13939424,0.140985967,0.142539159,0.144038163,0.144963495,0.146330649,0.147353256,0.148947205,0.150182282,0.151009173,0.152113028,0.153194182,0.154775426,0.156590851,0.157410836,0.157597156,0.158110933,0.159153686,0.159889397,0.160334057,0.160374225,0.160768037,0.139393512,0.162636123,0.163696613,0.163525653,0.163816409,0.164493362,0.164663389,0.157765768,0.164795009,0.165039709,0.165697674,0.166070323,0.166163418,0.166071746,0.16661099,0.166932059,0.167983747,0.168740983,0.168698366,0.168728009,0.169291184,0.169635217,0.170193605,0.170701152,0.17060268,0.17102088,0.171141549,0.171305625,0.171217201,0.171591431,0.171676517,0.162314832,0.171601182,0.17074956,0.170883234,0.170244311,0.169666911,0.16931378,0.17268145,34.82
611,1495597075.9834936,39.3,0.035134343,0.055978469,0.049595367,0.047364971,0.064356577,0.046002162,0.04515297193374515,0.038509106,0.046400914,0.047737764,0.069065033,0.048964424,0.048824914089392026,0.101014824,0.053679334,0.054394534,0.056674767,0.058316196,0.060114736,0.061634933,0.0624,0.073989037,0.066572309,0.068688578,0.070549269,0.072357491,0.07710423874436168,0.075692579,0.077252685,0.079516338,0.081187437,0.197,0.084914967,0.086164249,0.086,0.088875217,0.090126908,0.091664666,0.093196253,0.093623095,0.094307071,0.095567393,0.096086873,0.0945,0.10780141864953602,0.098853086,0.099827328,0.0979,0.102222784,0.103435307,0.104407462,0.105783545,0.10700962,0.108314348,0.109302484,0.110535273,0.11201486,0.12887732,0.114439125,0.115512347,0.16905608267628192,0.1129,0.119735164,0.12499123354624914,0.122349389,0.12374879,0.125275859,0.12796003393367678,0.1656328438952519,0.129165035,0.130584041,0.132177301,0.1258,0.13799294134402595,0.1294,0.137353479,0.138349573,0.138860958,0.2931,0.140231557,0.140809036,0.141600233,0.142533585,0.143300356,0.1378,0.19079058,0.14613924,0.259827754257562,0.14666547,0.146751642,0.1415,0.154947682382082,0.1424,0.148083081,0.148088008,0.148235502,0.1432398756747974,0.148697163,0.149041053,0.15015260881881293,0.150340914,0.15838637815715037,0.1462,0.15562175220843844,0.151569909,0.151593955,0.164902944,0.1646015479687181,0.153565093,0.154523728,0.154730563,0.1488,0.154391279,0.1520696826381327,0.155483182,0.155669748,0.15493932104003647,0.16147716859754285,0.1536200638203289,0.15034056862140108,0.157117145,0.157120105,0.157857496,0.157506621,0.157761923,33.27
552,1495043304.0,42.0,0.183194563,0.127252176,0.114483113,0.112243539,0.111596251,0.111978907,0.113362953,0.11435568,0.115632246,0.116690827,0.11990074,0.122620637,0.126360464,0.12922797,0.132428696,0.096625419,0.13986528,0.143642933,0.147722778,0.150571819,0.155530639,0.158547061,0.162630892,0.165281208,0.16891136,0.173431494,0.177155098,0.182052339,0.18512955,0.188066876,0.192269657,0.195729354,0.199594213,0.203367613,0.111530268,0.208967156,0.211113968,0.213814652,0.215916068,0.218719281,0.220958655,0.222919703,0.22516918599999997,0.226041581,0.228399357,0.230062356,0.231721508,0.234321171,0.236560767,0.237993826,0.239783684,0.242018671,0.243885995,0.246256916,0.248378785,0.25104047,0.25299148,0.255959892,0.258998277,0.261013785,0.261914886,0.262344793,0.262859544,0.264519836,0.265108331,0.26713506,0.254006335,0.272171092,0.273609775,0.274697455,0.276345774,0.260191591,0.280711117,0.282952492,0.285435786,0.28716118,0.288239991,0.289927305,0.292098641,0.292541834,0.29471609,0.295549605,0.295514336,0.296547869,0.296618265,0.297289605,0.298686953,0.298890729,0.299648824,0.285302182,0.298757688,0.299317629,0.298803644,0.279452602,0.298644212,0.298646291,0.298107106,0.297429077,0.180134536,0.297845928,0.297738004,0.297648244,0.297907341,0.297694,0.297308801,0.296783333,0.296701543,0.296258063,0.296650537,0.297341681,0.296640682,0.183040272,0.295227525,0.294724466,0.295261097,0.295065793,0.295543656,0.295721672,0.295219729,0.183305045,0.294402007,0.294356956,0.294464945,0.293704283,0.293221322,25.55
153,1495977302.0,33.3,0.068145762,0.056089912,0.04995879215201274,0.049615115,0.047553383567291434,0.049314159,0.049257418,0.049878253,0.050269051,0.050525988,0.051103993,0.052537126,0.053545543,0.055208398,0.05684465779581798,0.06080710946101121,0.1407,0.061422911,0.063114475,0.06782673894800097,0.065657574,0.066888324,0.06779278292459076,0.0676,0.07251305,0.073974366,0.076073046,0.078176758,0.079878993,0.08155486,0.083081046,0.085377727,0.086257743,0.088156673,0.086,0.090568486,0.091924192,0.092935444,0.093335479,0.094707562,0.09564080702163505,0.096392845,0.096714856,0.097767829,0.099018389,0.099840044,0.100794155,0.101798641,0.1088872003464685,0.134098649,0.10415155,0.10962809086526683,0.10915071442902573,0.107835718,0.11775528327977783,0.12855520139658164,0.1313019635201182,0.112321406,0.1226777190555556,0.115173025,0.11214291135486314,0.117258211,0.118614355,0.120004761,0.121408645,0.122759672,0.12161470630149224,0.124860866,0.12369735100552878,0.126987791,0.128411867,0.129650154,0.130555519,0.132217886,0.13317194685069472,0.13479569101519168,0.135819127,0.136783859,0.137716986,0.138479926,0.138789785,0.139277672,0.140255906,0.1404828324891725,0.141491686,0.1384,0.143438414,0.15081547041322316,0.2792211652110643,0.145300133,0.145016686,0.1418,0.144975353,0.15430740627055983,0.145937368,0.146645497,0.146884902,0.15440297258369512,0.1444,0.14592307114998238,0.149437282,0.14931016,0.149998374,0.150885451,0.151386381,0.15153107911685684,0.152002074,0.1481,0.1524085,0.1484,0.16065413716479712,0.15173977,0.150743024,0.1496,0.150914343,0.15794413138305147,0.1496,0.15684993664999605,0.14710382,0.1454,0.179915312,0.1772472272044004,0.17505422312985264,0.141110965,0.139969555,35.32
429,1495023754.0712023,34.9,0.105202475,0.073629836,0.11630000000000001,0.064660045,0.062135612088727234,0.064397864,0.064131481,0.064897452,0.065567998,0.067300941,0.068101429,0.06913588,0.071313232,0.073304201,0.074794937,0.077579086,0.08102110493887996,0.081270572,0.082909361,0.08539443980223228,0.0624,0.089924619,0.091860082,0.093616588,0.096336813,0.098143868,0.10139570483148233,0.104052411,0.105827861,0.108596148,0.110550699,0.112290686,0.11554854411476873,0.117267436,0.11908078,0.129287284,0.122525763,0.123605671,0.11577285074515853,0.126118625,0.127017399,0.128802544,0.12617157785453403,0.130747484,0.149491756,0.133274362,0.133944099,0.1349614,0.136622715,0.138153402,0.139320107,0.139887206,0.141505932,0.143021816,0.145196026,0.146338643,0.147941099,0.13718610199213224,0.16395809,0.152316608,0.153027785,0.157998348,0.155867021,0.15764476365318095,0.158940448,0.159755149,0.160970416,0.274,0.164013485,0.165241724,0.166385071,0.167268107,0.15627615789571558,0.170516101,0.172122228,0.20550036543691735,0.166173827,0.175031722,0.176781177,0.178751978,0.178707476,0.1878590410274824,0.180000148,0.171603653,0.15986287898511395,0.1568110093120113,0.183840532,0.184802988,0.185970981,0.185833672,0.204354571,0.185391145,0.185107717,0.184921333,0.185151924,0.185396944,0.186072282,0.182310757,0.18186186465636298,0.188265484,0.189569914,0.19571077701063389,0.18127981785024158,0.1998612841373043,0.19050067,0.190809495,0.190580184,0.190920742,0.191167888,0.190674917,0.190657589,0.191046257,0.19678444523161234,0.191324163,0.18412072100083687,0.19004326765935256,0.18886324593820727,0.193520577,0.19036454401992353,0.193117109,0.192371227,0.238550134,0.19074359,0.189554349,0.202428376,31.12
465,1497887478.0,31.142088919487037,0.118006338,0.077929258,0.080672648,0.063732835,0.062529145,0.062527827,0.07638989,0.062354516,0.062859097,0.064473296,0.064428344,0.078825701,0.067299107,0.06713684607740339,0.071391135,0.072907852,0.075323666,0.077076926,0.079652137,0.081510497,0.08391093,0.0645,0.0661,0.06987021188358515,0.092228557,0.095218973,0.097570249,0.100537719,0.10256741018847755,0.0784,0.107018514,0.109714916,0.111337206,0.10883316041856288,0.088471857,0.117348951,0.118756644,0.120912959,0.122103016,0.123098349,0.124617912,0.126418429,0.127422854,0.12505194214509902,0.129617979,0.130463596,0.131696042,0.13324382739615168,0.134883088,0.135753376,0.13422940235418662,0.138763874,0.140552879,0.2464,0.14344119,0.14460414,0.14633964,0.147694428,0.1627332045337378,0.15117011,0.152547753,0.16401874890079057,0.16153357023184514,0.1151,0.158721538,0.160315553,0.162820089,0.164790057,0.16583925,0.167138712,0.168879689,0.17459412930713394,0.171523606,0.172827677,0.174889655,0.177188564,0.178251664,0.178762694,0.17786441943119632,0.180306746,0.17775685855869314,0.182863802,0.184124863,0.18515178,0.185702701,0.186125519,0.19406653361853682,0.187439381,0.188331542,0.18247333593845602,0.188851134,0.19651069417574685,0.19400553307445184,0.190668332,0.18704377314903936,0.191049369,0.191631394,0.191518872,0.191867593,0.192307175,0.192856508,0.19883780409073956,0.194038402,0.195014965,0.19409954536404628,0.195834673,0.19581649,0.19694182166791763,0.196159298,0.197331845,0.198274728,0.199009643,0.199528873,0.20045199,0.200219218,0.2056049723718249,0.200687418,0.20112398028114367,0.203374456,0.20427354,0.206119476,0.207897651,0.20598428120606965,0.206876447,0.207987238,28.85
227,1495036092.0,43.9,0.14372094336963925,0.099389352,0.08575201713051935,0.085837556,0.091813724,0.09158690206103615,0.085111305,0.08197579643207444,0.087661409,0.089106854,0.09103377645567513,0.09714919578726194,0.05208489970419185,0.098172257,0.101165491,0.102489069,0.105883839,0.109196551,0.111322083,0.11061035670877255,0.118841007,0.12335009137623007,0.124638848,0.13243076512313276,0.106752567,0.133709532,0.13489952434524838,0.1407782153527441,0.14204301724944407,0.147806229,0.150295883,0.152980108,0.15531175671061898,0.15810925,0.16491347952749824,0.17272536161029292,0.0889,0.18112181553012469,0.169661455,0.1689294126139006,0.173483501,0.174962398,0.17066127535799724,0.177761696,0.19068948621529744,0.18064714,0.0972,0.0979,0.186793324,0.18281858891383856,0.1862196731153638,0.192024801,0.192968635,0.1964494650885021,0.137295389,0.14548102239477267,0.14884067969581596,0.19270149143196894,0.21369802670004456,0.205389769,0.21256327691933966,0.208156977,0.20755268426227125,0.22152174866840452,0.1166,0.215605143,0.217435389,0.219399994,0.2152003833935336,0.125683744,0.1283827858995949,0.12969605147604896,0.228278293,0.229602293,0.230795951,0.232364129,0.234234187,0.23519874,0.23684313,0.23077586552572357,0.239560348,0.240725599,0.241202208,0.241846376,0.24268747,0.24571034104407316,0.2998,0.25401314583311607,0.244390716,0.2380642795132119,0.2337203184528382,0.148253079563498,0.2430063534267249,0.2464285751549326,0.245512888,0.260215594,0.26936868946124204,0.26630282943595907,0.247586945,0.23996058177721435,0.2986,0.2991,0.147730198,0.1571513729962229,0.24809357,0.249110575,0.2586827806810754,0.2627095290373477,0.23542708315047486,0.250489045,0.251175592,0.24514042490746898,0.24884655340109352,0.253561612,0.253688033,0.257290909909911,0.198816466,0.1995025514886417,0.19722413087759127,0.251499143,0.2804907956458395,0.170239815,0.16798287991151797,0.16759960033401006,0.2999,26.28
435,1495640580.0,31.5,0.106047945,0.073756243,0.066914273,0.064936388,0.064167646,0.06414133,0.064221889,0.063790651,0.065070276,0.066221958,0.067019286,0.06872569,0.070048162,0.072228061,0.074119382,0.102173111,0.078117036,0.080198154,0.081997852,0.084057116,0.086451547,0.088869551,0.090163545,0.092956754,0.09514871,0.097710234,0.100243454,0.102930408,0.104802285,0.107336654,0.109514896,0.111142917,0.113397516,0.115855218,0.123988191,0.119190556,0.12098972,0.122264136,0.123312863,0.125366008,0.125740625,0.127162142,0.12911484,0.129382365,0.130727547,0.132301544,0.132798901,0.133654437,0.135322205,0.136210254,0.137529604,0.138826155,0.140256092,0.141994681,0.143607514,0.144651166,0.145617729,0.147640399,0.149559788,0.150306323,0.151365468,0.152773117,0.153943127,0.155348031,0.157184851,0.158833654,0.160225838,0.160956069,0.162947709,0.16421524,0.165111317,0.166178069,0.16712047,0.169052913,0.170859782,0.172850539,0.174298517,0.17526936,0.175527881,0.176623608,0.177361478,0.177789634,0.178125379,0.179198307,0.180233639,0.181493667,0.181670146,0.182381975,0.182737871,0.183453467,0.183339515,0.18420682,0.184118439,0.184222178,0.20299497,0.184071002,0.184479136,0.184651268,0.185119465,0.186205232,0.186601367,0.187036356,0.187531203,0.187826155,0.187642032,0.187440384,0.186632805,0.186496612,0.186763508,0.186135069,0.186438141,0.186890313,0.187475552,0.188601203,0.188869159,0.188411396,0.188915624,0.18855521,0.188206052,0.186782032,0.185824064,0.184651518,0.183709517,0.183078608,0.183623732,31.05
545,1495042464.0,42.6,0.1844,0.12469096414421009,0.04656024,0.0434303494136135,0.110127084,0.110434962,0.11305337387496411,0.078547349,0.08023002252928224,0.066584097,0.06924428609858356,0.07279409365190681,0.124540298,0.1234560902328167,0.131319577,0.135903146,0.139687227,0.14290503149652678,0.145606159,0.150249939,0.1556,0.125534750146544,0.161461395,0.1667,0.1704,0.1742,0.176746892,0.180348798,0.18086144429029377,0.1897,0.18372718230193263,0.194267905,0.19565972355382721,0.19992254189289207,0.2053287,0.2094,0.211286539,0.2142,0.107121175,0.1143587759887481,0.0922,0.222642991,0.223748304,0.22710000000000002,0.0954,0.230127894,0.231113834,0.2343,0.2368,0.22938477638442525,0.18549781519689465,0.19184464692425068,0.1947828184660162,0.24544588900000003,0.248338671,0.24166774426284043,0.2546,0.255234823,0.2608,0.2401837350544173,0.16752656,0.17849078369282972,0.17662230958608924,0.17740236849635682,0.1813392040190474,0.22390807238391636,0.2716379686325562,0.274,0.27221629,0.2761,0.276755861,0.279004574,0.27141032619342775,0.187239488,0.1916487119624605,0.2778370435061496,0.166045117,0.165547885812028,0.2931,0.292330484,0.2747351687597861,0.295220823,0.2969,0.205953878,0.19500128807889802,0.297351467,0.298011372,0.297346565,0.297881295,0.298795017,0.3003,0.3008,0.210783196,0.21614800151625116,0.248714244,0.2580853499894202,0.24239707963470158,0.24166185987400762,0.2992,0.28699718323940915,0.295770787,0.295781656,0.28490938505105806,0.2996,0.29020048895211137,0.298101753,0.2998,0.3001,0.297812067,0.298070012,0.298223995,0.297583365,0.2993194625045902,0.296424903,0.28925279621070066,0.2996003649589332,0.297642255,0.296802017,0.2984,0.156288482,0.1696399025292162,0.16697166896311944,0.2988,0.29791432864632916,0.294809813,25.61
104,1494953271.0,45.14246611295852,0.12203149514439823,0.085898921,0.075641216,0.073022492,0.0702408750013759,0.064988157,0.06516074269264394,0.074807939,0.075235143,0.096121826,0.078039166,0.079881474,0.081882878,0.083840706,0.086206664,0.088882654,0.091602838,0.093902624,0.096805046,0.099430423,0.10309547008845335,0.104909168,0.108349631,0.1667,0.11120716524824388,0.116818631,0.119161392,0.12133896110613844,0.125090559,0.1294945129094362,0.130970689,0.133194768,0.135945205,0.138381894,0.140872375,0.14776647931433107,0.1451352,0.147489319,0.149454642,0.15129759757285174,0.154761419,0.15732045,0.159415378,0.15991535444992142,0.16292573,0.164759003,0.166364544,0.139185641,0.171054423,0.2389,0.176301181,0.119604163,0.12309328465595198,0.183802196,0.186910612,0.1884581892180944,0.193778529,0.1862292402671823,0.200595815,0.201905681,0.202377871,0.21216298371117415,0.20122168152221198,0.19863324018932246,0.204604684,0.19920252712281228,0.20062850199701407,0.121011112,0.1216,0.208226128,0.20509891798662663,0.208205081,0.142257123,0.15098789423419703,0.2173822414735556,0.214403768,0.22945144396052028,0.214747804,0.21629673201345143,0.2732401307883189,0.211658755,0.211262412,0.211666611,0.211470891,0.20064489186227133,0.1384,0.15100005974706374,0.2238521693365944,0.22411761070642353,0.215077573,0.21513171,0.22260594129337336,0.21241587320877664,0.215125948,0.20792181536734855,0.215396389,0.215019602,0.214928364,0.21704769931788478,0.214563787,0.214220299,0.214002307,0.214185079,0.214129562,0.214453752,0.21460157674441435,0.2214171699729971,0.16221525809591433,0.214227666,0.214462692,0.21432479,0.20598287095363374,0.174886043,0.1735535578314488,0.214615109,0.21952084320290832,0.214391423,0.214583883,0.214608126,0.214630912,0.215145011,0.214795412,0.21511859,0.2145542898259827,0.214886701,27.59
515,1495634327.0,30.5,0.082382763,0.066024387,0.062916495,0.060499736,0.062266462,0.061608797,0.061513557,0.062706271,0.063935456,0.064000161,0.065644899,0.067636172,0.09927119,0.070051049,0.071838732,0.073000682,0.076752872,0.077305779,0.080383287,0.081998951,0.0832983,0.085889263,0.087973542,0.090338242,0.092475514,0.094412293,0.097212488,0.099963716,0.100871843,0.104640803,0.105944381,0.107286184,0.109019529,0.11103023,0.112617733,0.113940991,0.115067268,0.115926459,0.116766407,0.118585563,0.120782209,0.120393022,0.121426555,0.123022687,0.12404331,0.123698911,0.125876103,0.127795786,0.12835249,0.129353535,0.131323982,0.132500811,0.1328376,0.134479272,0.135371884,0.137792412,0.138454852,0.140518914,0.141768108,0.143190867,0.144482274,0.146106148,0.147737709,0.147998613,0.148870262,0.149822428,0.150817741,0.152264808,0.15439626,0.155400302,0.156276568,0.157087785,0.158034234,0.159491416,0.160074557,0.161159154,0.163541667,0.165381187,0.166461092,0.167848184,0.168931242,0.170352245,0.170795878,0.172012596,0.172765348,0.173565416,0.173834763,0.173828376,0.173888224,0.173398058,0.174694759,0.175869887,0.264680986,0.175949343,0.175554959,0.176409651,0.176899756,0.178639856,0.179879868,0.180308873,0.180555556,0.181064923,0.1816429,0.181446112,0.181344241,0.181499579,0.180907089,0.180089373,0.179881657,0.180956032,0.180248115,0.179796683,0.179783777,0.200233077,0.178458017,0.180109828,0.180585349,0.18283469,0.183606232,0.183899805,0.184638143,0.183511556,0.184002235,0.180992765,0.17945319,31.97
75,1498101198.0,31.7,0.11476804997631773,0.081381194,0.0708656802461972,0.066271389,0.06369739977631664,0.06674487676423017,0.06701200444270465,0.06326926,0.063915042,0.048689451,0.05193223072008051,0.082623066,0.08722437457475828,0.068755958,0.059187398,0.06329791182174177,0.072697095,0.074528554,0.075999599,0.07926211694925223,0.1556,0.081129732,0.08280369009066124,0.08772147013201731,0.087095444,0.089004709,0.091317804,0.09025148078672916,0.094808121,0.0981150329490984,0.098891296,0.100511789,0.102046967,0.09920129204135278,0.10313132438479315,0.106807423,0.108096934,0.10933329,0.10128214325120438,0.1092638247060507,0.115924511,0.117390293,0.11517224508316966,0.11600768180143833,0.122835175,0.124575406,0.12200451259638535,0.128503482,0.130971057,0.133861093,0.13237017499423906,0.13771714,0.1410681210150771,0.1038,0.144361516,0.1516017672087943,0.15518306072941387,0.165768912,0.154500616,0.134897657,0.153641562,0.153462571,0.172318956,0.154148165,0.15643222756384653,0.156342476,0.15632697352222413,0.155453959,0.1533079560412368,0.152931169,0.15370695215255278,0.152789792,0.1413575838559861,0.155083992,0.15747396389452303,0.2891,0.156453958,0.1556580197242512,0.153022773,0.152417408,0.152987639,0.16006494140222885,0.154377163,0.154836473,0.14271096716534817,0.13840109650688343,0.158413032,0.16633392870663985,0.1403,0.159309257,0.159229291,0.1670977424518373,0.1593309,0.159392556,0.1603454648699994,0.182983533,0.18237833192329383,0.18682938435569574,0.160565292,0.16065501052702574,0.161414477,0.161988253,0.14635806435477677,0.162798508,0.164496534600945,0.163627464,0.164184283,0.16384971919317287,0.16237960313785124,0.1656575,0.17560460774491796,0.3001,0.2999,0.25287140689785403,0.169047562,0.17547271182004892,0.16867758344962408,0.171042147,0.171476758,0.171667343,0.1875450452838328,0.1696382810413633,0.173498994,0.1730945302659187,0.174706169,38.32
116,1495001246.6761777,44.7,0.09277640938157274,0.067702805,0.077409134,0.079315178269184,0.07634003193935715,0.073979545,0.074710871,0.07554236,0.07583937,0.077890564,0.079164286,0.080694651,0.08502434239307112,0.084480835,0.087329201,0.089259728,0.09449879009936021,0.059314046,0.06137328327551185,0.107537994,0.112665615211187,0.10559717433598782,0.10859317,0.111643458,0.114549104,0.134598513,0.120163603,0.123068032,0.126190285,0.13063407868610394,0.131510148,0.134309423,0.136818888,0.13525187871568356,0.141494866,0.144598639,0.14625302,0.148421527,0.14096831816633282,0.153013692,0.15876372926273233,0.158751754,0.1550371651106743,0.1551442572673781,0.127293904,0.12448414830416,0.167245764,0.17323734788049858,0.17911335641900833,0.173105114,0.175341084,0.177796797,0.1874919,0.1900706854334043,0.184724022,0.18656414465833887,0.189739381,0.18190760849425366,0.20147531580853936,0.196703623,0.20289471742592216,0.198534206,0.19974963,0.200939754,0.20654948940457235,0.19778579534303786,0.19916412242586115,0.20642391122461765,0.209126003,0.21818449734604864,0.2099736,0.22015409743327008,0.211656122,0.20578706676453723,0.21136101344735397,0.216834615,0.217873745,0.21899066477473733,0.215990309,0.215015824,0.213876083,0.214210777,0.21460804,0.215425385,0.216287578,0.21720951,0.218268671,0.247456709,0.218710075,0.2125981343146658,0.219601602,0.22704431191086294,0.1424,0.218947365,0.21118393647758937,0.2244256238856148,0.219199192,0.218758313,0.22117920878993344,0.217710696,0.22016944023634522,0.217884491,0.218157425,0.22755203385528447,0.2157192401891167,0.219886758,0.219815804,0.2220487564515568,0.20883320362030142,0.217943317,0.217868248,0.20974813901532066,0.218245722,0.2190058466237593,0.166363153,0.1728778124211998,0.17192230942332914,0.218814685,0.21936953746191767,0.218859009,0.24248887477537878,0.218958085,0.218612958,0.217917993,0.21073538820130364,27.46
408,1495628176.0,30.4,0.097555151,0.07067509287937528,0.059968519,0.057174372,0.056526945,0.070366071,0.056090553,0.056131165,0.056936295,0.058550239,0.059303423,0.077771368,0.061560856,0.06149101737523602,0.064781845,0.06675869,0.068997769,0.070746101,0.072623005,0.07626543420512365,0.076333955,0.078538865,0.080614253,0.082296417,0.084451444,0.08587443,0.08983756166600276,0.090367615,0.092316529,0.0947719,0.096745931,0.098742223,0.100753941,0.102627237,0.104439829,0.117518553,0.10705949,0.11574763592706738,0.109805677,0.110713826,0.11296938221334257,0.113279503,0.114589822,0.11106732230900918,0.116389195,0.11730439,0.118256655,0.119883656,0.121452813,0.122804126,0.123721203,0.124933088,0.12590922,0.127464872,0.128907315,0.130251971,0.131880068,0.133497115,0.1466565384038067,0.136369002,0.137220654,0.138517382,0.139684455,0.14122586,0.14259148060244883,0.144496628,0.145785616,0.147429352,0.14840446,0.14967345,0.15067917915890588,0.152100638,0.153326902,0.155020722,0.156723121,0.158159021,0.16621083659021751,0.159589317,0.15738713818566394,0.1338,0.16248311,0.16329016,0.16331233,0.16280360688454468,0.2079259930917263,0.20839929574582813,0.1754336285996542,0.167521414,0.168426616,0.168542188,0.3003,0.1418,0.168628665,0.168750625,0.16833390330422168,0.16912832,0.143,0.1436,0.171467176,0.17059024053608213,0.172785093,0.173104148,0.172970536,0.172887018,0.172602511,0.172748260927574,0.172349107,0.17239136766228713,0.17269746,0.173775474,0.182637348956402,0.1488,0.1561251784978686,0.173843577,0.174359556,0.1499,0.174269473,0.17822931667580627,0.172228398,0.172570346,0.172788125,0.17011993701482372,0.174539081,0.174450319,0.1693056758665047,33.72
654,1495518399.0,40.2,0.08314381578054184,0.061711512,0.067781976,0.06811643262872322,0.048122896,0.070853048,0.07134126652897323,0.047940749,0.048212064,0.075196465,0.049663928,0.050762069,0.052013479,0.05376373,0.055192388,0.056627312,0.058219195,0.060017773,0.061572725,0.06645845611009975,0.06417548923126265,0.067026826,0.068711295,0.0726609067034023,0.09811356829719474,0.0983419871103941,0.076610776,0.077684078,0.079763576,0.08252546917817943,0.083698829,0.142602073,0.14516995592435628,0.0853,0.090817365,0.092112562,0.092861334,0.0997306628361839,0.095601982,0.09665043,0.097862184,0.098343397,0.09681450414620907,0.100460566,0.101559253,0.096,0.103476029,0.104372146,0.11152418913803697,0.106277166,0.107558117,0.11307110335079734,0.109780723,0.111267052,0.111925294,0.113205275,0.11477057,0.116071367,0.117518646,0.118304103,0.119147981,0.12109298,0.11677858257241566,0.123672147,0.124699882,0.126226367,0.127796364,0.129370908,0.130706199,0.141325646,0.133442538,0.134565849,0.135939298,0.137530469,0.138820662,0.139833213,0.14024453,0.141092323,0.141833114,0.142982636,0.144108105,0.145197971,0.14936014932200314,0.146108715,0.146842681,0.1428358494505188,0.147819241,0.148181441,0.148455292,0.148819106,0.149025382,0.1569657907426825,0.149181186,0.149593854,0.149919682,0.150587606,0.15067753,0.150367049,0.150170473,0.1511818848115522,0.151011421,0.15902433147490136,0.1462,0.151309076,0.151651498,0.152664143,0.153250952,0.1481,0.15390068,0.154695806,0.155214031,0.155723056,0.1627881683224262,0.157006975,0.15676692,0.156930146,0.15699818,0.157637902,0.157942158,0.157655059,0.157767518,0.171423441,0.157985601,0.15764071510296568,0.157507478,30.7
120,1492765389.0,43.8,0.133170125,0.088224458,0.077693091,0.075123304,0.075560843,0.073570136,0.080608004,0.087528428,0.076023071,0.077441317,0.0793556,0.080911634,0.082664636,0.084820045,0.087447298,0.089859759,0.0951911346558091,0.094869166,0.097365224,0.100343564,0.10417333815615427,0.106047644,0.108645006,0.11533812257666665,0.1704,0.1742,0.120316518,0.12262866402773884,0.12423845166560295,0.0784,0.131550566,0.137448023,0.149364673,0.139434623,0.141692772,0.144269105,0.14522306582967376,0.148239238,0.14078324066746523,0.153825572,0.155938281,0.1497839013442664,0.160540293,0.162496418,0.164235513,0.184745372,0.18577785899418667,0.17403605679276823,0.1829065847181329,0.174107041,0.175731556,0.17753097,0.179821429,0.18113685088420345,0.2494,0.2425870772967246,0.208180299,0.192292486,0.194066822,0.180625716,0.18499837992950735,0.197124501,0.1960500754592905,0.200532486,0.2061132751739475,0.150877594,0.150678295576399,0.208150659,0.20431231739774278,0.2761,0.1231,0.210747579,0.2010777609994155,0.179372077,0.18328725521889416,0.217854751,0.21861797,0.2197580679206111,0.175425704,0.17263274166722334,0.214676113,0.2267284895454719,0.2348033066218654,0.137,0.216241071,0.217169029,0.21741846,0.218258715,0.2187296671632492,0.219611394,0.220271473,0.220155499,0.2170160740055374,0.21945064,0.219332496,0.219433003,0.219113881,0.218663234,0.2210766435105804,0.218393818,0.218803568,0.22352511237071784,0.219962238,0.22935616605442707,0.22565493782796714,0.21949306423274337,0.219707522,0.22193547700064242,0.219963396,0.220433812,0.220920196,0.21299112999484673,0.220859542,0.2217458138982199,0.3001,0.219598121,0.219489856,0.21741879401363545,0.21894298,0.20824474241301605,0.218454169,0.218123709,0.21630363502447175,0.21666963,0.216945741,27.33
512,1495633967.0,32.1,0.091359237,0.06623892,0.06079235,0.05998578351130444,0.059417685,0.059158256,0.058949232,0.058886395,0.060293803,0.061577363,0.061933346,0.063693586,0.06453642,0.066494063,0.069259018,0.070197464,0.072576577,0.075289051,0.07584684841697024,0.078137119,0.080596747,0.135466788,0.08406476,0.08662614,0.08860919,0.116101955,0.093241824,0.094277547,0.096873926,0.098863245,0.09891354270496062,0.10240909,0.10589188193523952,0.106415479,0.107952573,0.108594264,0.110047978,0.11911895625052546,0.112257923,0.113085024,0.114162794,0.0933,0.11549628,0.116684256,0.117492998,0.118855967,0.118203482,0.11806466580534428,0.121881682,0.122725619,0.124131028,0.12982132123718737,0.126117725,0.11858788795673042,0.128910797,0.106,0.1081,0.13307366,0.134642113,0.136044829,0.137084634,0.138692514,0.139602717,0.140985934,0.141929311,0.143857591,0.144512983,0.14838843848646688,0.145672851,0.14991732064986174,0.148204323,0.15167177918192445,0.150823373,0.152064737,0.15426511029830234,0.155050873,0.155354346,0.157512615,0.158717063,0.158832615,0.161816891,0.162974024,0.16359123,0.164404367,0.2982,0.166424812,0.17628904264426273,0.16629762,0.166945884,0.168115079,0.168278325,0.169336528,0.170117515,0.172845187,0.169992879,0.170269029,0.170125171,0.170149254,0.17058451,0.16978583922974153,0.17167382,0.172832019,0.174212034,0.173617364,0.174013322,0.174526859,0.174701789,0.174428612,0.173381543,0.172789973,0.173461185,0.173848554,0.176412193,0.177797959,0.177921093,0.18405036159605895,0.18294872519003452,0.18024859,0.17514543070320837,0.181122609,0.180606086,0.154796356,0.176520611,0.173004168,0.170170062,31.93
152,1495596003.3967059,33.5,0.081288794,0.060557723158807905,0.053652081718083194,0.085833874,0.08265824749825088,0.08349763060964269,0.049394989,0.04862391,0.049896681,0.051259605,0.051874875,0.053338976,0.053952207,0.079694592,0.07938593169854016,0.058470667,0.078702875,0.08032463210615338,0.0804091512872985,0.064687276,0.066514101,0.067932214,0.070442519,0.084868973,0.073419766,0.07125726852240663,0.08005413821961253,0.079579123,0.080866252,0.08295816,0.0850236,0.09080894883910602,0.08795969,0.089261571,0.090468586,0.091619647,0.092670792,0.090687021,0.095213374,0.096197944,0.09725431261865428,0.097769395,0.09626127069476914,0.0945,0.1004416,0.10235031442066159,0.102475438,0.10037057948048611,0.104660361,0.105265551,0.106803591,0.108325132,0.108759279,0.11014962,0.111741928,0.12334637722124911,0.114352347,0.1093,0.116219539,0.1111,0.118609322,0.119867683,0.120959088,0.12609733332912484,0.154367118,0.125425494,0.12437018573158704,0.12699827582889006,0.128349669,0.129697342,0.130768591,0.132105136,0.133315779,0.134630302,0.13573585409177916,0.24307466501301192,0.208940645,0.2097793522786439,0.13941231,0.139486438,0.1402644,0.141311278,0.142443275,0.142985757,0.1378,0.1384,0.145200835,0.154772459,0.146729055,0.14672211,0.1415,0.147067454,0.147065407,0.15627146066838654,0.147570029,0.148323555,0.148570086,0.149137336,0.148969209,0.149306401,0.150004728,0.158066514271939,0.151225641,0.16064549746594226,0.152057066,0.15220179736673187,0.151973103,0.15107496655268993,0.152347703,0.152264122,0.15215071,0.151873694,0.1590834084826909,0.151580853,0.1499,0.151524449,0.151971669,0.15265808,0.153713339,0.15283769,0.1656222497669935,0.151047653,0.148634934,0.146118649,0.14230232302861293,35.21
404,1495627513.040802,33.5,0.096194769,0.06982896072727723,0.056310177,0.054771917140404434,0.06125198,0.06458423942553437,0.06473508734851272,0.054093073,0.054304149,0.055910157,0.07328682,0.057271941,0.058686153,0.060017483,0.061879348,0.06615999418281593,0.065640309,0.0576,0.059820335001852076,0.1513,0.0724463,0.0746397,0.076826846,0.078763779,0.080722536,0.08291337,0.08704816288493594,0.08648419,0.089269286,0.090549043,0.092969514,0.094673326,0.1026096,0.098052641,0.099332197,0.10165227,0.10321338584754108,0.104373182,0.105244968,0.106288631,0.107312064,0.108595276,0.109434754,0.11041722,0.1112119,0.112301816,0.10899589785635724,0.2343,0.115818524,0.116980455,0.11778084,0.118993567,0.120477682,0.121564591,0.123063663,0.13315336919676518,0.126470054,0.127322234,0.128447762,0.13022992,0.131604996,0.1437845401320133,0.134270921,0.135382358,0.136782187,0.13785124834166437,0.140197791,0.156003372,0.15383972480827462,0.144262627,0.14543156,0.146638035,0.147985247,0.149236496,0.15125926570954487,0.151953338,0.152817667,0.15190848006526023,0.153500207,0.15187614259173987,0.155078649,0.16232458792554863,0.156705621,0.157884295,0.14582872305431355,0.160032669,0.17052091135391007,0.17888153564895878,0.16341009675499735,0.16162157,0.161741003,0.161993277,0.162337339,0.161683295,0.161408601,0.161150897,0.15778713511921166,0.16436313425648652,0.1444,0.162970874,0.16043251504400513,0.163773676,0.163713119,0.164172403,0.164305523,0.165388071,0.166143147,0.165952352,0.16415001306460983,0.166425454,0.166329966,0.166766868,0.17341711700929616,0.25122499980745044,0.169117544,0.169261773,0.168750029,0.17344598422248722,0.167803133,0.167669332,0.18289028198962476,0.168064622,0.168163514,0.16798418,0.167830075,33.78
639,1495802531.0,39.9,0.0904632787107727,0.066264081,0.065428962,0.051898304,0.050796871,0.049589579,0.0489334541761863,0.046515901649283285,0.04415860117632361,0.0427,0.05081557,0.052195481410460376,0.0465,0.054327926,0.05603412102903105,0.05994534643301182,0.058882639,0.060979425,0.062830671,0.064131836,0.0624,0.067412341,0.069076532,0.07305123602425864,0.0735959512303914,0.074234316,0.076604313,0.105375988,0.10731371361935536,0.080201159,0.083500712,0.085130279,0.086885355,0.088169057,0.089753583,0.091081235,0.092830804,0.093770029,0.20794355293806738,0.095821843,0.096447587,0.097334327,0.098529466,0.099342275,0.100651219,0.101040992,0.101923319,0.09974944431278221,0.10678745362131642,0.105158554,0.105985289,0.107364567,0.10793774,0.109476931,0.111093916,0.112341119,0.113339683,0.114828189,0.115907579,0.1111,0.117732153,0.11933055,0.12054921,0.121864605,0.123417356,0.124941091,0.126314005,0.1290624682930364,0.129038647,0.130563324,0.132129848,0.133405843,0.134562454,0.135760099,0.141993952,0.138345252,0.139103541,0.140084789,0.140975374,0.141673011,0.142533001,0.143284665,0.143808013,0.14392160421609868,0.145331718,0.145902287,0.146878693,0.147613232,0.148021194,0.148170927,0.1415,0.148314948,0.148344345,0.148955901,0.14923393,0.149280239,0.149557944,0.149714354,0.15046404,0.150912293,0.1472731271467852,0.152379021,0.152620819,0.153191816,0.153167858,0.153769126,0.154296386,0.15350547413990423,0.156056283,0.156578147,0.156997928,0.157460983,0.16446080969883914,0.159671333,0.160324456,0.161733701,0.162947691,0.164159734,0.164733467,0.16001229,0.166325294,0.187027675,0.16998221,0.16973623,0.16481260473528564,31.48
208,1495033812.0,44.438205882712914,0.133386972,0.09296181515026786,0.078795444,0.08092779676664993,0.1126,0.10995250313002054,0.083620346,0.08050855965986645,0.075351559,0.078265623,0.078879256,0.080447498,0.0847423779021288,0.051339369,0.05328294287897238,0.090507721,0.091750541,0.09445302,0.09320965698512966,0.09782427343400305,0.14187027652106182,0.106424565,0.107816943,0.110150463,0.114102501,0.117717584,0.11983467585920488,0.122763581,0.12590535,0.13033882134511643,0.131821741,0.134302375,0.136633552,0.139262291,0.141322506,0.143148715,0.145266044,0.15884853912276314,0.148373905,0.150887747,0.152589785,0.1465000434012236,0.14322874607972294,0.15734655,0.157845742,0.1496674363798333,0.14859922174475454,0.162311442,0.164907039,0.166514431,0.167352845,0.169015386,0.171122448,0.17100510578007075,0.17674806195856702,0.124230425,0.12682058410867877,0.11458849274014495,0.180283057,0.16585286419138798,0.16855470092629862,0.185470835,0.187325377,0.18607469945085053,0.19062791360349418,0.13664566230368208,0.135967712859429,0.196056651,0.209713918,0.2188170159195521,0.27701656,0.2808,0.205026953,0.206502559,0.207868401,0.2048837293775013,0.211969055,0.213156007,0.213937125,0.20909103155338443,0.215575255,0.22770014587149176,0.217447696,0.21521170327004233,0.218688078,0.21945968,0.22414655797058164,0.221182037,0.224482922,0.221909226,0.222476844,0.22989927789459855,0.222711721,0.22180011,0.222400012,0.222423285,0.223031756,0.2239699106982314,0.2268011544750457,0.225137857,0.22827461385288467,0.2991,0.28834573492642956,0.224652829,0.224680022,0.22482835372190663,0.23241638725016445,0.2352308841531109,0.225794233,0.227192647,0.227769658,0.228583361,0.228412263,0.228891969,0.22169972763639026,0.22636923055395822,0.226784326102924,0.22374042270904065,0.22501792759086417,0.21362975645783944,0.2495399799965144,0.22505981843958633,0.22634464336073637,0.2257372305048057,0.292092425,26.54
678,1495807570.0,39.5,0.095015953,0.06423344,0.055004136,0.052434874,0.051800324,0.05623328018986981,0.05153505,0.050992968,0.04920033859747832,0.052247046,0.050390184,0.053940406,0.055008696,0.064856009,0.06572596626122978,0.060069229,0.062153554,0.064035812,0.06565126552238586,0.067107002,0.06494103026508127,0.070712712,0.072399374,0.074818488,0.076727522,0.079021523,0.081045994,0.07878296274876251,0.085397911,0.086873196,0.08897199,0.090885715,0.09286723,0.094140558,0.096358472,0.097512642,0.09913273444475446,0.100257839,0.101618742,0.102705365,0.1033513,0.09821203885510989,0.105640435,0.10131485111116253,0.107264218,0.108295815,0.109412984,0.110471476,0.111476637,0.112682196,0.11156124485223022,0.11788786,0.11644632,0.117733004,0.118900388,0.120200571,0.121042922,0.122788798,0.13453072014351583,0.125215072,0.126266709,0.127587236,0.1293688,0.130401776,0.2677,0.133470605,0.134803767,0.136216549,0.1216,0.139378825,0.140463893,0.142012295,0.143487103,0.144916892,0.145967187,0.147219735,0.148444052,0.149521269,0.150386902,0.150942187,0.15140925,0.152059741,0.15295189,0.137,0.153302055,0.14976898398183508,0.155729634,0.15651464,0.156168505,0.1413,0.2909582903522078,0.157752219,0.158062479,0.158143082,0.158287273,0.158723438,0.159082723,0.158821745,0.1444,0.158787698,0.159332284,0.16694120953493838,0.16056338,0.160699163,0.160858548,0.161078174,0.1634569917035325,0.161556689,0.162056657,0.15914204138679827,0.189004458,0.163406041,0.163381636,0.163428207,0.163794755,0.164162349,0.164827866,0.165641745,0.166185986,0.166549146,0.165807862,0.1659225,0.166376341,0.166403275,0.165648695,29.9
474,1495016422.0,33.3,0.098133044,0.072802269,0.065741038,0.06307747,0.063241607,0.062798224,0.063330611,0.062903869,0.064006373,0.064149652,0.066077986,0.06722569,0.068933454,0.07071691,0.072000343,0.07430216,0.076351456,0.078530199,0.080410269,0.082802657,0.085390811,0.087258705,0.089416084,0.091946959,0.094669524,0.096731135,0.098814274,0.101614672,0.103720342,0.106131393,0.108129292,0.110072813,0.112187401,0.114806556,0.116004952,0.117947429,0.119739205,0.121026313,0.139185454,0.124077901,0.12546697,0.1271148,0.127658429,0.129063928,0.130454495,0.131388002,0.132142392,0.133793724,0.134730437,0.136710775,0.137362327,0.139065412,0.14016093,0.142101384,0.143251681,0.144680053,0.146795065,0.148178841,0.149131758,0.15107824,0.152514778,0.154487782,0.155643286,0.156814694,0.15847263,0.138849929,0.162781485,0.165208451,0.166266654,0.16731081,0.168903618,0.170450993,0.171703542,0.172822703,0.17408062,0.175954793,0.177030331,0.177934545,0.178638197,0.179504666,0.180446226,0.181643208,0.182214233,0.183701886,0.184054145,0.184629122,0.185081258,0.224383605,0.185691023,0.186533764,0.204746173,0.188122073,0.188421585,0.187661775,0.187836123,0.188186933,0.189064894,0.189214518,0.189542579,0.190953648,0.191299648,0.191153552,0.191946995,0.192007117,0.192574769,0.192009203,0.192605042,0.193146978,0.193613901,0.19446994,0.19401732,0.193906945,0.193848691,0.193604262,0.193949391,0.194603593,0.195297772,0.19450428,0.163291484,0.192391239,0.191052146,0.189500181,0.188132171,0.187198248,0.18836137,31.22
446,1495020619.0,37.7,0.101929993,0.070501466,0.06268018,0.061131339,0.059244396,0.059161743,0.060073044,0.05733591213522862,0.06083463,0.06102966871113214,0.062885947,0.064014377,0.065739154,0.066999772,0.068992939,0.07372316709650152,0.073511789,0.070290677,0.077806438,0.089393109,0.09124746387025973,0.084530119,0.086750149,0.089317259,0.091354391,0.09092836920021789,0.095584989,0.098363127,0.1004341527217349,0.1897,0.106098829,0.10813317,0.110075124,0.11256054,0.113646251,0.11950098828774325,0.12080781639029098,0.119585826,0.120776289,0.122328984,0.123489149,0.124751228,0.125583161,0.12304716204168185,0.13430595920248384,0.129479234,0.12720201464781142,0.131723995,0.13955075960969837,0.173165124,0.13617435,0.13720144,0.14055635405868996,0.140271493,0.141806888,0.14329071,0.145226672,0.13428183753623824,0.14754513769155467,0.149650466,0.151482498,0.152380516,0.154168801,0.155828081,0.157598725,0.1566815964206559,0.161477091,0.163484078,0.16108019018894898,0.166716733,0.16651946249533897,0.169418722,0.170887471,0.173153474,0.17667814581938374,0.17432744552442417,0.18439032963950586,0.177494462,0.178201494,0.179182067,0.17678323037161503,0.180941984,0.181294898,0.182409601,0.205351065,0.183843298,0.19200710685640088,0.185292711,0.18697487706261118,0.154838198,0.1415,0.186790044,0.18454563605232227,0.187582164,0.188274199,0.18941666478368493,0.153893279,0.16080574963135014,0.18772204983595986,0.18540381865968478,0.188577175,0.189423518,0.189753494,0.18989899,0.19081505,0.1908607,0.19083402,0.191636124,0.18577566484639652,0.1876323491891352,0.220864574,0.193133239,0.214686753,0.218888696,0.193709801,0.193655177,0.193286801,0.19471036117916807,0.193050538,0.193157599,0.21256550040812686,0.20989788833186526,0.218919895,0.2183409962446243,0.21113855913567364,29.52
550,1494996155.0977087,42.3,0.179861203,0.12186791732828184,0.114178796,0.110990171,0.10704087151890831,0.110343857,0.11295736584615186,0.10887254778895597,0.11437999431019163,0.0427,0.04613777647947522,0.0455,0.0465,0.129193576,0.12495324837709232,0.1369,0.1407,0.1439443102090691,0.146019912,0.150785097,0.1556,0.157869764,0.161886907,0.1667,0.1692225,0.173470566,0.177763838,0.1821,0.183992527,0.188709846,0.19127568,0.19550749,0.199906011,0.183076963,0.19319383763321063,0.2094,0.16987792848902789,0.18661326375155946,0.17974427895051778,0.156361637,0.1623882550527731,0.221708133,0.21571565550675276,0.22710000000000002,0.2287,0.2080712283416157,0.2326,0.2343,0.2368,0.237524971,0.239418368,0.241295349,0.24385637924265957,0.2464,0.24813071,0.24148760651379225,0.253234201,0.256366918,0.259170179,0.26039389,0.261242501,0.263,0.2647,0.193250601,0.19831383632097216,0.268113488,0.2717,0.271297386,0.2654311062856358,0.274885712,0.277483235,0.279350948,0.280677685,0.26028820645894035,0.2692846330510352,0.1306,0.288221714,0.289625618,0.290959051,0.292479753,0.27486439008058694,0.1355,0.295254833,0.295882752,0.29607824,0.296613478,0.2937684729392154,0.2996,0.29708236746903016,0.176956575,0.16407091233173993,0.3008,0.298808962,0.29886710486686446,0.297787401,0.2996,0.181323174,0.1858654035463133,0.298098249,0.28599312287720857,0.296427109,0.297379964768274,0.163852098,0.17326719158870707,0.17411598322473368,0.299121514,0.2998,0.29904604,0.27621446181620923,0.2996,0.2916413109567292,0.28813917900049674,0.1488,0.29697771,0.28980576802707925,0.2989799188982351,0.29637504024701533,0.297050516,0.298161193,0.27846612016652017,0.22925347,0.22658609953722736,0.22484323083970645,0.272968597,0.2632049702538637,25.57
9,1495549337.0,34.10133011902329,0.080288575,0.054010745,0.04824006109685621,0.04538439329501365,0.046760241,0.039099999999999996,0.046782512,0.046816588,0.047155193,0.048710508,0.05195260217364853,0.056251695,0.051178173,0.052515259,0.054340564,0.055928197,0.080920257,0.059219358,0.060614411,0.062137527,0.064058345,0.065702674,0.06654306926696284,0.069362067,0.071400554,0.0708,0.074649789,0.076593583,0.078132195,0.080350777,0.082191929,0.084129964,0.08802884192439017,0.087432903,0.088980472,0.090555125,0.091155739,0.09780657711554909,0.093781352,0.095103403,0.096371732,0.096587535,0.097734705,0.0945,0.099858349,0.100527127,0.101362824,0.09911888612546715,0.103901692,0.10526861,0.106172901,0.107060908,0.108161515,0.109352177,0.110670842,0.11188777,0.113195349,0.13947441,0.11603314,0.117334866,0.118375954,0.119570557,0.11519128374650746,0.122596359,0.123659099,0.124655513,0.126287522,0.127908986,0.128909253,0.130209889,0.131726843,0.132718415,0.133519332,0.1275,0.136147062,0.137249031,0.138011945,0.13664164861007833,0.14028367,0.1393642091256345,0.141220445,0.141896468,0.143043833,0.14318180651904663,0.169835387,0.145210441,0.145758494,0.14670067,0.22947490656239827,0.147033888,0.146960985,0.147192267,0.1460100560290992,0.147685712,0.1503520140252744,0.1463315449373464,0.147778579,0.148089475,0.165513712,0.16516466141685496,0.149195329,0.15729641227832175,0.1462,0.15562175220843844,0.150898419,0.150887885,0.15243402403581915,0.150815375,0.150681633,0.1484,0.151524297,0.151626885,0.152036418,0.14960117215313237,0.152293019,0.1592768364677117,0.152368492,0.152927118,0.153448289,0.154187511,0.16719380553423657,0.19595900411526374,0.19393671396984258,0.152649273,0.152321279,32.96
500,1495632527.0,38.1,0.095397186,0.066783633,0.058007657,0.055862854,0.05559817,0.05958884636042571,0.054709379,0.055074316,0.053796447595742515,0.056587227,0.057330098,0.058555057,0.059993417,0.061544921,0.063329444,0.06770173685391465,0.067389424,0.068791806,0.06996025878851536,0.072466996,0.074590296,0.076503676,0.078331989,0.08294255657783094,0.082532114,0.084609885,0.086500917,0.089364886,0.09160694982537561,0.093254892,0.095108006,0.097124131,0.098780286,0.09581448558542273,0.10221466,0.2094,0.104977575,0.106399916,0.126484095,0.108688962,0.109995114,0.110860449,0.10887866399201619,0.10484366654585878,0.113972559,0.11350362174171783,0.115275508,0.11477068819993191,0.117993697,0.2389,0.120819105,0.12151748,0.123270165,0.11527132109806913,0.125537401,0.13529614402019366,0.128344823,0.129220004,0.130820454,0.132377644,0.133918103,0.135253045,0.13154205799894547,0.137728222,0.138483065,0.139995241,0.141754249,0.1677834476830867,0.144252626,0.14838934689335959,0.147221133,0.14839851,0.149482991,0.15076868,0.151626485,0.153226624,0.154521862,0.15366575052000497,0.1331,0.156975783,0.156384496,0.158892409,0.159317212,0.159827532,0.1478165486558104,0.161508238,0.1388,0.163356683,0.163607454,0.163577578,0.1488217845340416,0.15676362903257737,0.15532466951201326,0.164409215,0.163888291,0.1617107251221903,0.164069794,0.1643106,0.164346492,0.164567173,0.154368802,0.165590871,0.1500887974901332,0.165963793,0.165980593,0.165941589,0.166504078,0.166500115,0.166987695,0.167801905,0.168499953,0.168989547,0.169476303,0.17083709,0.171517759,0.17136288,0.171562298,0.171889744,0.16556026274976093,0.171527399,0.171535251,0.171705063,0.1694614958692708,0.172833692,0.173130045,32.38
37,1495553055.0,34.0,0.080837903,0.055192161,0.06754895,0.048416799,0.047287457,0.047198351,0.047661202,0.047363348,0.048473648,0.049379178,0.050341973,0.051389124,0.052082674,0.054217544,0.054989204,0.0569376,0.058467378,0.060153057,0.062010464,0.063411482,0.065607798,0.067471394,0.069437087,0.071221511,0.073426624,0.075006062,0.076857894,0.078606503,0.080935487,0.0826496,0.085053252,0.086137878,0.0880231,0.089586527,0.0912539,0.092574556,0.094007445,0.095038381,0.096096154,0.09759805,0.14827902,0.100059797,0.100557493,0.102125525,0.102685868,0.132056239,0.104392605,0.10523835,0.106801489,0.108108883,0.109226576,0.110311609,0.111222569,0.112614519,0.114221631,0.115343066,0.117248645,0.11855109,0.119963675,0.121211445,0.122319156,0.123341852,0.124763606,0.126376965,0.127818963,0.12954628,0.130814411,0.132154183,0.133423027,0.134339263,0.135758833,0.136954887,0.138012775,0.139234238,0.140934265,0.142245458,0.143232428,0.143947616,0.144680618,0.14572307,0.146766711,0.166141475,0.148363468,0.148633869,0.149113924,0.150082985,0.150679552,0.151367225,0.151811354,0.15194094,0.152098488,0.152107931,0.152761498,0.153174781,0.15354098,0.153635611,0.153626236,0.154109292,0.154561186,0.154859116,0.155015727,0.154810722,0.155222881,0.155738966,0.155772531,0.156494026,0.156553983,0.156729418,0.15700382,0.157132275,0.157475305,0.158129346,0.158359102,0.158865184,0.178466565,0.159138863,0.158819396,0.158212208,0.158141472,0.157801439,0.158720272,0.158446208,0.157607527,0.157531864,0.15678472,31.86
140,1495659724.478206,33.6,0.04541419536614427,0.038244394,0.03520690065798904,0.050992812,0.050359266,0.050787438,0.050339144,0.051267022,0.051456324,0.052052697,0.05518598052901939,0.054616516,0.05527310303931028,0.056917159,0.058417693186099115,0.059384631,0.06106581,0.062818123,0.064484075,0.066339116,0.068414524,0.069950125,0.071929186,0.07384422,0.075519141,0.077799299,0.08223056938338948,0.075,0.083240374,0.08494501,0.086306731,0.09209183347934045,0.094643484,0.091593682,0.093273072,0.09835005588886164,0.096185401,0.09723668,0.098043025,0.099042299,0.124752965,0.097289629,0.102040985,0.102911786,0.104039235,0.10531577524158256,0.10159148620627065,0.106556038,0.107739613,0.109175346,0.110200483,0.11574173895824066,0.112802737,0.114010948,0.12345026526705737,0.13348824766996278,0.11801613,0.11924903,0.120163235,0.124697685,0.12274482178378915,0.13522412877745538,0.2465281002854845,0.23957811908452514,0.1889093885563017,0.129400229,0.1284785997714509,0.13178358,0.132715636,0.133671723,0.13580693362075152,0.136342826,0.137598925,0.138628168,0.1399847720173298,0.141503959,0.142536395,0.143451904,0.143818855,0.144298507,0.144716868,0.15112714630066354,0.212764532,0.21067796260407745,0.147872841,0.1439415661761304,0.148771005,0.15634172764591847,0.15908759052294066,0.24654570431702139,0.24338728606930898,0.2506622609105504,0.2467045023446694,0.151277756,0.151671435,0.151772926,0.151823034,0.152180104,0.152307975,0.152796287,0.153576721,0.1614650839890832,0.154266149,0.154855175,0.155002721,0.154962595,0.155233343,0.1544856737528629,0.155957063,0.15181545708552074,0.16361300668093465,0.3001,0.155753616,0.1534977682740169,0.155520898,0.1623970842677518,0.16157866587797068,0.155085095,0.15478516,0.15137334449267514,0.15311792,0.1504494472236253,0.2849115434210431,0.153654278,0.14948464757010482,35.97
254,1495039606.0,44.0,0.172386722,0.12015743,0.107691684,0.103284918,0.102097902,0.101871868,0.102957857,0.10319022,0.107944867,0.10553289500000002,0.108155905,0.111629058,0.114631243,0.118190332,0.120858353,0.089725147,0.126630328,0.133253536,0.132881927,0.136514129,0.139856619,0.114760968,0.147105632,0.150403877,0.154267146,0.158152366,0.161552554,0.165691252,0.170366748,0.173009599,0.17656843,0.1780649,0.18056414,0.18445232,0.18763743,0.19055097,0.193144757,0.196046315,0.197031027,0.199582077,0.201991386,0.203420623,0.20580969799999999,0.207730548,0.209113966,0.21122213,0.213510764,0.214601965,0.216749938,0.218171188,0.219710629,0.221449238,0.22324159,0.225443969,0.227545243,0.228609404,0.230180284,0.23229919,0.233735066,0.235648888,0.238310661,0.239480878,0.240863535,0.241963918,0.24339801,0.246548116,0.248055123,0.249949572,0.252084132,0.254406241,0.256124368,0.257605506,0.259469295,0.260945694,0.263668143,0.264895297,0.267353191,0.269121498,0.269940138,0.270453358,0.270759462,0.271471459,0.272341573,0.273447499,0.274705528,0.276370351,0.277169501,0.277719355,0.278344553,0.279721307,0.280724568,0.281243735,0.281633377,0.282533957,0.281666365,0.281604283,0.280692124,0.281287853,0.282224733,0.283063998,0.283312146,0.28378668,0.28450734,0.284395839,0.285426125,0.28508954,0.28454598,0.283710719,0.283908508,0.284442994,0.28465539,0.284527323,0.284357354,0.283912172,0.283428498,0.282113118,0.283637365,0.284604502,0.2848984,0.285023987,0.285868722,0.284681558,0.284471905,0.285171264,0.284392332,25.92
304,1496129953.0,38.3,0.035857004354720445,0.0323,0.084059407,0.06974128,0.06706057551103083,0.059315721532060654,0.054536537,0.05188749493530101,0.055392344,0.056422228,0.057275879,0.058110148,0.0465,0.061021157,0.062880902,0.064638465,0.066307544,0.0681888,0.070264942,0.07417268432116719,0.07052034473100313,0.07613521,0.1633,0.079557303,0.081741178,0.083892916,0.086041809,0.088124784,0.0767,0.092174513,0.09266832065570607,0.125871954,0.097652913,0.09464565576866338,0.101451129,0.102118874,0.0889,0.105514061,0.106815957,0.108610762,0.11069257966547924,0.10430203399234382,0.111383075,0.10757281394142142,0.0954,0.09819462122923021,0.114787776,0.115906128,0.117051291,0.118542707,0.119845396,0.120659392,0.12414046583419802,0.11389004756913161,0.124553414,0.126294555,0.12895945762173391,0.12873761,0.130351951,0.131637302,0.132691226,0.133850721,0.114,0.136769799,0.13862907,0.14010986,0.14196257,0.142628153,0.14089404693663551,0.145417655,0.14677017,0.148394025,0.14920955,0.150491904,0.151942273,0.15240797735740497,0.16104635565130135,0.155776296,0.156666973,0.15760761,0.157484004,0.16492393085700274,0.158516184,0.159782086,0.160817273,0.161641868,0.161861345,0.16990747572287399,0.163478742,0.15782811725445095,0.1415,0.14949347723842218,0.163707355,0.163795785,0.163622319,0.16140854223100384,0.164657513,0.164794059,0.16559982,0.165748345,0.1634635365433241,0.165991669,0.165762248,0.166450527,0.1473,0.167380476,0.168254621,0.1681079121862463,0.168582258,0.168626805,0.168549158,0.168915135,0.169531474,0.16794056847914401,0.170576854,0.17695101072735583,0.170046833,0.170233624,0.169954029,0.169969873,0.170101445,0.169954866,0.168727117,0.1683409792446594,0.167288557,33.06
507,1495633367.0,35.2,0.090632724,0.065646807,0.05918271,0.047648152,0.056502153,0.055929882,0.056542633,0.076711406,0.057348697,0.058416522,0.05901531,0.060114032,0.07050687,0.064045649,0.066131866,0.09201472,0.069136584,0.070880699,0.072701134,0.074217112,0.075381931,0.077430256,0.079858423,0.081387518,0.084056884,0.086479755,0.087963933,0.089887454,0.092554372,0.093461132,0.095926624,0.097240719,0.099174148,0.101401074,0.102662738,0.104017679,0.105098757,0.10619469,0.107886568,0.118697574,0.109306225,0.110803401,0.111117835,0.112096256,0.113195429,0.113705752,0.114711991,0.115971516,0.105020778,0.117793779,0.118744755,0.120294535,0.121643644,0.12316709,0.124196066,0.125492736,0.126618992,0.151059173,0.131781328,0.130970485,0.132053108,0.133227968,0.134998999,0.136486652,0.138061405,0.139786558,0.140656767,0.141382119,0.142258724,0.143812893,0.144747812,0.145512631,0.146812354,0.147823599,0.149123465,0.15022491,0.152267357,0.153578502,0.153928369,0.154878049,0.155729351,0.144741878,0.157055175,0.157809689,0.158784075,0.159406953,0.160450171,0.160978765,0.162208894,0.162777079,0.163662565,0.16435119,0.164979813,0.164984101,0.166213601,0.166481313,0.166584131,0.166227255,0.166723279,0.167913426,0.169174354,0.169543625,0.153076879,0.170260219,0.170284653,0.170429807,0.170899241,0.170877804,0.171622213,0.17152732,0.172197434,0.172322023,0.172464108,0.172392314,0.172029718,0.171179256,0.170221843,0.16971569,0.170220575,0.171327606,0.173152594,0.1749544,0.175769005,0.175383112,0.173106476,31.97
514,1495634207.0,33.30044895626466,0.08313940085674684,0.061708766,0.071206466,0.061282134,0.060581905,0.060728132,0.059462313,0.056734898303776954,0.062276306,0.06236931028285808,0.06407189,0.065964753,0.0657526,0.078730127,0.070601328,0.071969697,0.075248958,0.1446,0.078036483,0.079598493,0.081705017,0.083884025,0.086603749,0.089285377,0.108257986,0.091953374,0.095113488,0.097119792,0.09921445096967638,0.10202478478468549,0.103108937,0.104144144,0.10640608,0.107948371,0.11035326,0.110498818,0.11193389853757485,0.113835611,0.115024368,0.115421737,0.116626442,0.118294674,0.118516558,0.119666364,0.120057513,0.120735305,0.122415235,0.124352184,0.125362319,0.125778816,0.126375401,0.12713137,0.129109009,0.130767178,0.13187642,0.14078706113366116,0.135820497,0.136513032,0.1500716839799156,0.139845128,0.141345616,0.142459767,0.13905588389966214,0.1424519942519946,0.145480714,0.14571981376712112,0.14534704790245548,0.148856045,0.149724757,0.150626515,0.152051038,0.1559365524421364,0.154244573,0.155497487,0.135066685,0.158131034,0.159366263,0.16033545,0.162063903,0.185462652,0.165081092,0.166053512,0.17121654496411934,0.167680662,0.144528106,0.168490692,0.168561039,0.17553705,0.17757765174685922,0.171345405,0.1576754068671217,0.173191458,0.17370711,0.18130705972120642,0.174655286,0.17394359805050671,0.174720908,0.174091798,0.173959486,0.159751298,0.174623623,0.175074699,0.176259132,0.176307234,0.17690941293743576,0.17655521,0.177646507,0.178807686,0.180224959,0.18122262,0.181919732,0.180890982,0.18701065544996331,0.179102244,0.17189515810264167,0.180571035,0.1496,0.182491009,0.182093317,0.17558010624390272,0.182032258,0.181275595,0.179762534,0.1793340156851151,0.177922693,31.78
369,1494698992.0,42.0,0.112492018,0.07996554469387447,0.03409999999999999,0.063582758,0.062802863,0.061870643,0.06187545237998676,0.061447553,0.062102001,0.0633514,0.064246389,0.065512123,0.066832757,0.069171586,0.06969876020402416,0.073081861,0.075022139,0.077400002,0.079491239,0.081692516,0.084287651,0.086504065,0.08846841184728456,0.091274253,0.09309828838016314,0.09284111512810658,0.122250796,0.10090488,0.1709164264573123,0.105751391,0.10778313,0.110182483,0.112195397,0.114413602,0.116075091,0.118450628,0.119774538,0.120546459,0.122291125,0.148536929,0.125381175,0.126604184,0.128061703,0.129256185,0.130404593,0.131578035,0.133328885,0.1350807795942089,0.0988,0.136752547,0.13521111918008746,0.1018,0.141191699,0.142426209,0.144049404,0.145578355,0.1489415367790798,0.149065367,0.150660302,0.151889829,0.15301242976753424,0.15456571,0.15616092,0.157493888,0.159071459,0.15801381092470868,0.162288851,0.16372796,0.14616992,0.1504521009749305,0.168879969,0.170410569,0.172264548,0.17468250198734694,0.174844007,0.176133558,0.1779229,0.17852901,0.178892326,0.179457381,0.180426347,0.181511675,0.182346485,0.183275689,0.183894735,0.1826054734177323,0.184046101,0.184688137,0.18528914,0.186020197,0.186743238,0.19441766291881182,0.186817816,0.186659484,0.186811135,0.19976862724836564,0.143,0.15085376834454112,0.187985974,0.188038855,0.188062572,0.18863838,0.189081531,0.189029171,0.189293237,0.18943981438689314,0.2998,0.189123987,0.190034608,0.19097846,0.19754059311594016,0.188148032649182,0.26563592492490407,0.192689161,0.1854861259675128,0.1913631442233236,0.19281057718330794,0.194952827,0.19200691867323394,0.195638484,0.21545391978344905,0.195688857,0.195741946,0.19669091,0.196689788,28.06
60,1495535906.0,31.5,0.1071738,0.076945381,0.067915331,0.063834725,0.062343033,0.085104809,0.061199019,0.061398041,0.082464002,0.062764757,0.063467033,0.06490468,0.066165042,0.066062097,0.068716032,0.069908088,0.071331093,0.073429389,0.074761506,0.07669192,0.078494459,0.08047119,0.08224067,0.084418885,0.086520358,0.088440731,0.090835106,0.092756056,0.094751308,0.096777568,0.098741906,0.1005968,0.102443406,0.104133108,0.105902428,0.107465336,0.108393948,0.110172961,0.11261158,0.114569363,0.110808929,0.117861304,0.119536402,0.120909121,0.122220724,0.124490218,0.126298473,0.128500955,0.131457834,0.133857939,0.136216997,0.137791089,0.139764912,0.142261046,0.145523828,0.148483921,0.152267101,0.15433213,0.155121251,0.154977202,0.154890781,0.154989262,0.155208478,0.156078914,0.157355233,0.158337091,0.158149339,0.175569135,0.15649028,0.156367637,0.156766978,0.15711294,0.158621918,0.160250218,0.161173879,0.161594775,0.161238761,0.160022263,0.1589731,0.158892092,0.159575871,0.160312845,0.160884015,0.161459392,0.162124359,0.162553095,0.163672656,0.164470467,0.16520803,0.165449721,0.165593435,0.165340927,0.166155448,0.166485669,0.166692132,0.166724106,0.166816818,0.166555808,0.166385989,0.166493078,0.167173993,0.167714817,0.168104799,0.168341985,0.168587881,0.181688273,0.169304477,0.170269064,0.170833621,0.171376374,0.171826973,0.172604241,0.173433389,0.174917889,0.175949262,0.176502252,0.177450621,0.178243789,0.179274237,0.180518813,0.181728828,0.163464917,0.184452667,0.185046183,0.185863823,42.25
112,1494954231.0,44.5,0.131027583,0.052746405,0.075927797,0.074133826,0.072723759,0.073034411,0.074023773,0.074054126,0.075447066,0.076853825,0.078294122,0.079171189,0.082074102,0.084175499,0.086254708,0.088629452,0.09149914,0.094059607,0.097035484,0.09998902,0.102666572,0.105852274,0.108774577,0.11087126,0.113598729,0.116828026,0.119785274,0.122482572,0.125338993,0.128486088,0.131138131,0.133365525,0.136030183,0.138654186,0.138154648,0.143516647,0.144941176,0.147216769,0.14993958,0.161677813,0.155569437,0.157806985,0.159044282,0.161489638,0.174606399,0.164866382,0.166696048,0.168809032,0.170990665,0.17253495,0.181302044,0.177532999,0.179507129,0.181987252,0.184631334,0.187980053,0.191710805,0.195175244,0.19774878,0.19896776,0.199191834,0.199590079,0.200013041,0.201330931,0.203253227,0.205793619,0.20698166,0.207318873,0.207922988,0.208540495,0.209078676,0.209604437,0.210180984,0.212230842,0.214349155,0.215937004,0.216413823,0.216110603,0.215202026,0.214346773,0.213032085,0.227061296,0.21346986,0.213456479,0.209861319,0.21535373,0.215926384,0.216697494,0.21728665,0.217620984,0.217853163,0.217935252,0.217957464,0.218290262,0.21813882,0.217705872,0.217321035,0.216681162,0.216599715,0.216649794,0.216661589,0.216435228,0.216151455,0.21630036,0.216842309,0.217653098,0.241056255,0.217701956,0.217355828,0.21684289,0.215511952,0.215752103,0.215868402,0.216032598,0.215844878,0.215614544,0.215122581,0.215413517,0.215081338,0.21532686,0.216181776,0.216473921,0.217088889,0.217123319,0.216159313,27.37
466,1495023019.0,36.69764211252295,0.10904338903604559,0.077820562,0.066806225,0.067363519,0.06475594170606411,0.06768014572710429,0.062339117,0.062417971,0.062922435,0.06296970958831764,0.0432,0.065400287,0.06775958,0.068336558,0.0712514,0.073325281,0.075389351,0.07692438846152815,0.077932593,0.081450143,0.08187161784622378,0.086409722,0.088788619,0.090461936,0.09233002873907994,0.095205569,0.098069436,0.07631718,0.07880725395214387,0.105069265,0.10778114,0.110373528,0.1136750261981506,0.114155142,0.115705274,0.12163861522759109,0.119011522,0.120458178,0.11257721012974417,0.123967206,0.12731765185791877,0.125615061,0.127095039,0.12469471026477892,0.129294027,0.12613281093767423,0.22622882686427412,0.133538093,0.148000452,0.135618754,0.137226526,0.14305692268528447,0.14636717925168163,0.141767996,0.14904864595572057,0.144507884,0.146310063,0.147657524,0.149416784,0.150561003,0.15153331195885358,0.154777497,0.15189851591905115,0.157192394,0.159246525,0.2699,0.162820192,0.164476376,0.166607836,0.168528948,0.16820376234921888,0.1245,0.172995422,0.174278636,0.175351262,0.176697083,0.177984062,0.1778586573547928,0.205139136,0.181262453,0.181836549,0.182872082,0.184067367,0.184834552,0.185574071,0.186293887,0.1942184652522775,0.187562048,0.18794016,0.188805331,0.1775759003729021,0.1853149727498507,0.190515262,0.191022502,0.191523564,0.191459318,0.191791239,0.2989,0.2992,0.192721981,0.19289954888361655,0.194414837,0.195209176,0.2046124412576901,0.195567947,0.1957148354618736,0.195715724,0.19683640509682696,0.195755511,0.196748162,0.20253898569928447,0.19345930992517602,0.199316654,0.19916323050786777,0.24749319852633092,0.200921951,0.201692108,0.202868193,0.20108354390631128,0.205668844,0.22713196458014734,0.27595648932636707,0.207360997,0.206366001,0.19972500596981135,28.84
480,1495017142.0,35.2,0.099777271,0.068565457,0.042494897,0.063124674,0.06064746087850656,0.067461792,0.06776750214987484,0.061459355,0.0620451,0.06315449,0.06397376,0.065735039,0.066282475,0.06613658831155421,0.06954059,0.072014868,0.073983435,0.077066678,0.078290919,0.081256084,0.083021256,0.085316919,0.087208225,0.089789073,0.09169365957916063,0.093939866,0.09743542099582804,0.098256555,0.100814094,0.103163069,0.1179477,0.107503037,0.108894955,0.111668223,0.112856048,0.092586326,0.116864126,0.12680826879924512,0.11902443910519755,0.121591036,0.122860364,0.124402071,0.125144951,0.12624361,0.127460838,0.12462174876576314,0.12886553,0.130389819,0.131110012,0.133580614,0.1320945955852972,0.13658147,0.138352547,0.138488667,0.139889178,0.142103844,0.14534121143682005,0.145332256,0.146387057,0.13456107509833654,0.149923749,0.150975675,0.152601869,0.154786576,0.156113231,0.157999372,0.2717,0.161507919,0.16345139,0.164797196,0.165866411,0.167812199,0.169328985,0.170485584,0.171835788,0.173015736,0.174078682,0.175796386,0.176841153,0.177540665,0.178062205,0.179006662,0.1363,0.181387788,0.181615065,0.182189148,0.19051443775091673,0.183151518,0.184599883,0.185150543,0.184787951,0.185474383,0.18326526721371467,0.186438579,0.187167088,0.1427,0.187755578,0.188274197,0.189208629,0.189783636,0.190164432,0.19089359,0.17629132359418104,0.190782823,0.190826647,0.190519404,0.190095689,0.190902897,0.192054361,0.19517406371496807,0.192120821,0.191830674,0.1488,0.192037458,0.187801985,0.19360178267641343,0.196724947,0.197108678,0.196789004,0.195783856,0.195873474,0.196464456,0.195425025,0.19527655,0.194413607,30.94
483,1495017502.0,35.5,0.100531378,0.069450734,0.063442425,0.061268825,0.060485801,0.059979453,0.060087368,0.080912175,0.061331864,0.062722477,0.063447956,0.064771121,0.065801302,0.068205596,0.069114258,0.068478409,0.073531486,0.075597155,0.077716892,0.080527,0.082683249,0.085431104,0.087242051,0.089077694,0.091430545,0.093184251,0.096351513,0.098791763,0.10012393,0.102594094,0.112109392,0.106984436,0.11087517,0.110779627,0.112694804,0.114799189,0.116781684,0.117838112,0.119138799,0.120592993,0.122028335,0.123215809,0.147708564,0.125463103,0.126214943,0.127517461,0.128644058,0.130642766,0.131749681,0.132662957,0.134569949,0.136477857,0.137337283,0.138960685,0.140847816,0.1423059,0.143409824,0.144841667,0.146685902,0.147943411,0.149895207,0.151084263,0.152697165,0.154177175,0.15574994,0.158038569,0.159717898,0.161778473,0.163405433,0.165055094,0.166245242,0.167404521,0.168247551,0.169682763,0.171151457,0.172303552,0.173568409,0.174694174,0.176510031,0.177529168,0.178894962,0.179007734,0.179653437,0.180807352,0.181502661,0.183041886,0.18371734,0.184226079,0.184804781,0.185449982,0.185947199,0.186596569,0.186495507,0.185964619,0.186277526,0.186321825,0.186616009,0.187097543,0.187370322,0.188428728,0.189604903,0.190493718,0.177487209,0.191193319,0.191329023,0.192187358,0.192420332,0.192979554,0.192421222,0.192094436,0.193309245,0.194628233,0.186774933,0.19603158,0.195646425,0.194686092,0.194454655,0.194799476,0.194852573,0.195029027,0.195077976,0.194853447,0.193857254,0.193275273,0.192436839,30.75
263,1495611422.3950393,32.9,0.097848448,0.086931231,0.064782872,0.040981901,0.03918568099755805,0.04508768099689728,0.1139,0.11030644263219128,0.06158234,0.062884782,0.061532804,0.065795904,0.0680271074271456,0.068723526,0.070165276,0.072076303,0.07350297,0.07498863818279417,0.07723158,0.079143826,0.07914925027287441,0.083298324,0.08508945658180336,0.09016427215405694,0.089541448,0.091491862,0.093840329,0.09306789030595915,0.09763944,0.099799078,0.101759625,0.129316803,0.105335556,0.107106349,0.108205591,0.1138526291452992,0.111813919,0.12111111843532522,0.11324013868099801,0.115184302,0.11612674,0.117529265,0.11530618879628128,0.120082055,0.120751278,0.121522136,0.122870751,0.12331535435805525,0.124516388,0.122862240516,0.126438305,0.13215328286265293,0.130406485,0.2464,0.133154729,0.14189434425813194,0.136345852,0.137404354,0.138569016,0.139643203,0.140803411,0.142383265,0.143829837,0.145287665,0.14704878,0.14713826426022575,0.14681320399103068,0.151068274,0.152247658,0.153408762,0.15436331,0.155506934,0.157340576,0.158192204,0.1607773606775097,0.160909452,0.161603623,0.163055712,0.164182576,0.165239248,0.151343661,0.15828837927573772,0.1363,0.167008882,0.168587562,0.169673432,0.170288426,0.170232991,0.17055616,0.169867947,0.155991428175914,0.190436747,0.170948622,0.1787148680899126,0.172544797,0.17154577546829045,0.171994,0.171725221,0.17044285039515167,0.1449,0.173208745,0.174504123,0.175438596,0.18484931899863896,0.175104407,0.175334354,0.175232038,0.176489375,0.176988611,0.178477034,0.179943403,0.180406116,0.180657725,0.180380108,0.17317340309079282,0.179460979839656,0.180858965,0.181688156,0.17679619468307742,0.21407364979535787,0.1816636,0.17899554051664474,0.17986255436813345,0.2270756223508102,0.258513085,37.76
570,1495793548.0,34.8,0.083184715,0.061736950549304004,0.056220612,0.053878277,0.05303163,0.052100633,0.05157964642448384,0.05207444,0.052296854,0.054296819,0.055666836,0.056156242,0.057504185,0.058665449,0.060839471,0.061987455,0.063382067,0.065688085,0.06714824664364202,0.0603,0.0624,0.072906465,0.074339607,0.076050426,0.078937054,0.080066491,0.082145456,0.083665567,0.102534466,0.088101384,0.089938453,0.091181943,0.092984463,0.094794013,0.09319775706993669,0.09827186578439168,0.09927496285440858,0.100207626,0.126350311,0.102526061,0.104277298,0.09912016175193933,0.105356507,0.106707802,0.107702357,0.10833521572769461,0.110056108,0.111179286,0.112467346,0.114044583,0.114714531,0.12030408093603942,0.117561201,0.11885471,0.119926938,0.13043630887832453,0.13325118714843118,0.123742974,0.13561120410419156,0.126462678,0.12470943760143316,0.2113759524547275,0.21090883164044166,0.18415283566946647,0.18856945496995997,0.135590971,0.1348775499781879,0.13815632043124768,0.138760012,0.140768287,0.14240258684525828,0.1245,0.1258,0.146604968,0.147704257,0.148154794,0.148707541,0.149268514,0.14636445888870256,0.14512081738064708,0.151850907,0.152688772,0.1572104328669066,0.153842748,0.14169444061925654,0.1522527185309337,0.16350045268488234,0.2996,0.158442925,0.1528343615722892,0.3003,0.3008,0.157668062,0.157814822,0.158455053,0.158326083,0.1546054049328555,0.159755888,0.16038085,0.188078653,0.160481357,0.161063612,0.1462,0.152699081,0.16270892,0.16305997,0.165600726118916,0.1653315342571934,0.164013054,0.161491985915445,0.191334905,0.165221907,0.164266782,0.1624217937394471,0.15720717426595313,0.1640271329186151,0.164528953,0.164467152,0.163391491,0.15900225200441986,0.161626179,0.159944586,0.178720243,0.17829572751308143,0.17297079419114175,36.54
298,1495164769.5491455,33.7,0.035857004354720445,0.0323,0.057729976,0.055076475,0.054941992,0.045945704,0.05444803,0.051800396145194896,0.055455055,0.057233584,0.057124355,0.05924709668493096,0.08328408757758275,0.08286436691058142,0.062689544,0.06516549,0.066784901,0.069297816,0.069973479,0.072081251,0.07081261434453155,0.076546191,0.078444732,0.087428549,0.082011212,0.083890438,0.086526885,0.088307916,0.090466203,0.092986219,0.110592148,0.096427077,0.098229673,0.100427972,0.101654557,0.10705150707805702,0.105189929,0.11363857977718671,0.107339018,0.11454885878329799,0.0922,0.110328122,0.10836559765513121,0.10757916492413577,0.113183798,0.114405328,0.115549489,0.116966835,0.12442956671697719,0.119414949,0.11817638570873473,0.121869239,0.123050853,0.11501588735447577,0.125876204,0.127471127,0.128313522,0.129631029,0.14227868367512667,0.13250907,0.133375948,0.134875352,0.1311482701650427,0.138542011,0.140032614,0.140918181,0.142103165,0.14582938979485394,0.14515683,0.146684584,0.14790128218362056,0.14953056,0.150498729,0.151937588,0.15412997678824575,0.154652555,0.155705586,0.156546153,0.157816008,0.158884827,0.159231647,0.16681251839553873,0.159633524,0.137,0.1378,0.162529113,0.17277364830785702,0.163670577,0.164411528,0.164431984,0.14979562033691385,0.165460002,0.194550903,0.20089427771128662,0.165680787,0.16374726138811366,0.166046566,0.166518239,0.167301178,0.1667936354403694,0.16460424973089377,0.167533578,0.164086436,0.168710575,0.169469146,0.17022452,0.170567013,0.170146861,0.193672975,0.19711827703838403,0.172056621,0.17236998,0.173496763,0.173131114,0.1724875,0.17879794767206636,0.20717309037910944,0.17556700442178572,0.171127214,0.17239693,0.17307342,0.17040523614541134,0.173926306,0.173111193,0.172087944,33.36
415,1495638180.0,31.8,0.09685854020815055,0.070241814,0.063382631,0.061027411,0.060642747,0.06404595492300681,0.060310891,0.060843618,0.061684778,0.062776739,0.063864389,0.065341468,0.066736348,0.06910238,0.070783794,0.072797312,0.074072825,0.076309571,0.078566913,0.0603,0.082625864,0.08681737732535817,0.086654125,0.088958578,0.091804589,0.09142215650733748,0.095763647,0.099096035,0.100843834,0.103423374,0.105616659,0.106985402,0.10908791,0.11100626,0.113034681,0.114380616,0.115918647,0.11778496,0.118789075,0.120119657,0.12315224872885137,0.122378071,0.123120687,0.1203637149228517,0.125572384,0.12646958,0.126978083,0.129057302,0.13018895,0.135898754,0.13270026,0.134307349,0.135588022,0.117026745,0.138040112,0.140040324,0.141058153,0.142821821,0.144385871,0.145304965,0.14568280977955994,0.148107227,0.148973506,0.150527407,0.151619465,0.153031189,0.154855934,0.156499849,0.157112041,0.158257904,0.159727782,0.1644475995399049,0.162587736,0.163961128,0.16690855281720107,0.167191076,0.168248789,0.169277902,0.170047277,0.171255279,0.16992105527117068,0.172152935,0.172713308,0.173731257,0.17452288,0.174805583,0.1437248294194397,0.18421100826246986,0.177814199,0.178292209,0.1655932427094918,0.178089905,0.178153154,0.177854368,0.177614467,0.17730565823024008,0.177982657,0.17812742,0.177904976,0.178080831,0.178281579,0.179227819,0.179369707,0.2996,0.179979895,0.180226105,0.180515567,0.1809347276363763,0.180870443,0.181263484,0.181194869,0.181682726,0.182052534,0.2160360354026869,0.182389738,0.182054963,0.182583216,0.183031032,0.182429455,0.182202464,0.19981076804718695,0.182523611,0.18037874517622435,0.172524966,0.182627251,31.42
151,1495543333.0,33.7,0.085595157,0.05723723,0.05090721576432482,0.050695148,0.050076481,0.054710188086043166,0.049566493,0.04699652790247741,0.044699846531316006,0.052367346,0.05299404,0.053530814,0.054455143,0.056247855,0.057769777,0.06179069658416741,0.085593212,0.06212259,0.064015323,0.065509456,0.067424254,0.068946791,0.070748583,0.07483815939529491,0.08064616,0.076538203,0.08104258276872843,0.1821,0.081830849,0.083471738,0.085642337,0.086912033,0.088569099,0.090207326,0.091522466,0.093072793,0.094212347,0.13746157550118837,0.096767862,0.097823953,0.09901464964788816,0.099220237,0.09765961830880883,0.0945,0.102134503,0.10374574156102452,0.09992742839765492,0.105005524,0.106336901,0.106870426,0.10585099866087179,0.10905479,0.11035717,0.111250377,0.12090438404164451,0.114321011,0.115224438,0.1093,0.11925635787932665,0.119110078,0.120200251,0.121181467,0.122149205,0.12717288063050686,0.125299836,0.127029201,0.128152817,0.12899082,0.12769467277713398,0.1223,0.132689886,0.13447124416312456,0.135146668,0.136662485,0.137926824,0.13925721486989098,0.18370023031586086,0.18375285003568329,0.141336468,0.14036088007879333,0.142230439,0.14291299,0.143738018,0.14385384251099625,0.145369709,0.14125484283333548,0.1388,0.147346668,0.147446161,0.14779994,0.1415,0.1561559869825588,0.15473332725449296,0.148454967,0.15100868221266622,0.1427,0.2994,0.2937391083103062,0.1444,0.149835759,0.150164046,0.1582180972482203,0.1462,0.151948774,0.152255201,0.15239994218947128,0.152818241,0.15195910951815866,0.152980257,0.153256458,0.153593423,0.153755263,0.1608942959146578,0.2712376471082818,0.153989355,0.15374922,0.15304391293861128,0.152841892,0.151929894,0.151186695,0.15089427,0.150572234,0.150024451,0.149393104,0.148346018,35.51
434,1495640460.0,32.3,0.106013411,0.07593597235058608,0.067422481,0.06769825178407339,0.065169339,0.064856983,0.064707306,0.06539073,0.066226569,0.067786438,0.068411097,0.07186280038797499,0.0465,0.05,0.074989221,0.077960789,0.079351663,0.08099039981259194,0.083640877,0.085403137,0.08653771651489968,0.09029731,0.119856265,0.127319611613688,0.097449644,0.099683137,0.10284573795216681,0.113492487,0.106125956,0.108643303,0.111116163,0.112992198,0.115391289,0.117292651,0.11868145033134148,0.120509725,0.122011878,0.123530627,0.124570715,0.126637519,0.13020856504077608,0.128959982,0.130225489,0.13099539,0.131929354,0.132962609,0.134030442,0.13587003286179944,0.136313979,0.137838102,0.139306401,0.14515904942852562,0.142096825,0.143064361,0.144277148,0.15152868686386572,0.147943359,0.122643211,0.151254089,0.152198126,0.153233232,0.154147326,0.156080961,0.179103673,0.18316142730964544,0.1798052581135976,0.162034112,0.163065704,0.164445686,0.165908746,0.166750213,0.167915032,0.169051178,0.170465131,0.171625137,0.2852396900540264,0.174298375,0.175564531,0.176919858,0.178381253,0.17944715,0.180296068,0.181127915,0.182221841,0.17072470692885255,0.168469494234846,0.184359289,0.185185909,0.186180048,0.186075604,0.186808988,0.19448294925416398,0.19203218172464398,0.19308676365172142,0.186028603,0.187277601,0.188399173,0.189566099,0.190315162,0.190891847,0.191070423,0.191067097,0.191814691,0.191187047,0.19271242,0.192983875,0.212330331,0.19247545,0.192966477,0.192751847,0.1990769089305523,0.192335946,0.19802568677058643,0.193122871,0.193913757,0.194630517,0.1933904955089089,0.194581321,0.193496069,0.18568784441797037,0.190519743,0.190590359,0.191374927,0.190734159,0.191023548,31.04
441,1495020019.0,37.0,0.12853437885004723,0.089943593,0.047925959,0.061726146,0.060249203,0.058962688,0.059589301,0.076234067,0.061142489,0.062120612,0.063017485,0.0658341155043139,0.06605331,0.067955816,0.069803929,0.071482102,0.07398611227490776,0.07548442497948098,0.077994237,0.0809483,0.082899471,0.084642891,0.087498315,0.089736841,0.091606636,0.094019055,0.096685619,0.098808725,0.100785699,0.103753687,0.106138614,0.108407375,0.110951544,0.108433316493978,0.113969901,0.116001304,0.117677869,0.119146524,0.120762117,0.122696779,0.12594227220685997,0.12036692377136964,0.125957342,0.127782763,0.13918601328022936,0.130001621,0.114471143,0.116722075,0.12417876892306409,0.1319943978487149,0.1305360884976893,0.11372277855970499,0.139915336,0.140688634,0.141828905,0.143812385,0.145871611,0.147448198,0.149052372,0.150154921,0.151354517,0.153626661,0.15069863872880052,0.156041474,0.157580166,0.159341867,0.24912763431213114,0.16631022270238016,0.164825841,0.166385501,0.168316193,0.170234086,0.172051288,0.17243411,0.173891913,0.175681409,0.177021222,0.178009536,0.178810669,0.2937,0.180816806,0.180883218,0.19188461,0.182367798,0.183238959,0.18190159975591796,0.185724245,0.185703023,0.186270108,0.186715339,0.187186567,0.19485786559204887,0.18788565,0.1946308417104572,0.206169428,0.187657956,0.18764336982062002,0.18775086,0.1876625,0.188035374,0.18839901,0.189392817,0.17473718059046864,0.19029165,0.190335378,0.1904820070520683,0.191167604,0.1908966,0.190488238,0.190945158,0.19751174301764904,0.153125715,0.16028839702866426,0.193649711,0.194036504,0.194655292,0.1496,0.195618839,0.195214603,0.18721120401705954,0.195488867,0.195646322,0.196165925,0.19567441088812756,0.18953468608436141,29.84
267,1495621607.0,33.7,0.11799499269994049,0.083388292,0.07252483589042519,0.060371021,0.059658363,0.059095257,0.058950702486422736,0.05623142788066755,0.060150354,0.061236154,0.062053331,0.064366813,0.06639672901245813,0.06624900210852369,0.069436648,0.07419491869008604,0.07201209,0.073890965,0.075637392,0.077613916,0.07874648,0.081978263,0.08369806935909685,0.150314047983094,0.08845806,0.08775160811950025,0.1264460265056161,0.093613997,0.096606176,0.09997822609226889,0.099656033,0.101832428,0.103585351,0.104983226,0.107165849,0.108176322,0.109684405,0.11870880869632393,0.111925191,0.11855060582189593,0.114194231,0.108845662156501,0.10693677619485747,0.11331472782378868,0.118153113,0.11694957139940809,0.12051403,0.121213368,0.122623797,0.124805029,0.1234723082574793,0.1291555541179837,0.128160567,0.12096719588164906,0.130796207,0.1398513706036454,0.14300717448840874,0.134431593,0.135912115,0.12489091709072661,0.1229599086549087,0.14071552,0.142516461,0.143303367,0.14481664466548033,0.145561886,0.14518380867877775,0.175086166,0.149799218,0.151699561,0.15256227716948656,0.2628149346246133,0.155343778,0.1613214419153392,0.157413408,0.158192139,0.159644753,0.15894818885433734,0.1580504339780718,0.160777445,0.16085045421795854,0.163846422,0.16426779,0.164162121,0.165761353,0.16314210484459363,0.167427308,0.166887709,0.167001588,0.167012601,0.15273695879673357,0.16065119374552425,0.167548596,0.168491845,0.168066844,0.16645816931374377,0.170654775,0.170924264,0.16957882807208582,0.16886932963655757,0.171661694,0.191251506,0.172898578,0.18231025912916674,0.173903035,0.17436366,0.17472319,0.17487501978050796,0.175185952,0.17491241669929314,0.175703235,0.176407219,0.176763403,0.17552152232876744,0.176816965,0.175751311,0.17475822354990872,0.1488,0.1471,0.152938858,0.174084652,0.173895967,0.172855763,0.171392494,0.170173559,37.11
589,1495387138.8741374,37.8,0.07741341833331393,0.058147312,0.052571101,0.049699527,0.049559716,0.05425360318182974,0.048664556,0.048973241,0.048887317,0.050319892,0.0512834,0.052718396230644546,0.053273378,0.054989821,0.056135601,0.05768042,0.058997544,0.061286511,0.063173769,0.064909308,0.066513102,0.073754482,0.070003969,0.072012958,0.07488166164023562,0.075861491,0.077536595,0.07902223,0.08121082,0.083077821,0.088225017,0.086392869,0.087685785,0.0853,0.091776708,0.09312004,0.094270809,0.095207149,0.097113419,0.098216065,0.099262424,0.100688363,0.0990746245529137,0.101902203,0.103422727,0.1048075996429506,0.10105287765059245,0.106305387,0.107318217,0.119169258,0.11793498660020134,0.111844786,0.112421981,0.1038,0.114673104,0.106,0.11753323,0.118959294,0.1302792,0.11969077583042789,0.122336977,0.124169152,0.125399272,0.127400508,0.129373585,0.130752486,0.132014122,0.13511557145306363,0.134135694,0.135505234,0.137194782,0.1394657290679942,0.140334381,0.141803743,0.14335976195982178,0.14435496640956802,0.15068979963948262,0.145099582,0.145779957,0.147221623,0.148338444,0.15504079645888297,0.29506000178216596,0.149985941,0.1378,0.152238992,0.152785713,0.16050223969759458,0.154111789,0.154420254,0.1415,0.154547511,0.3009,0.153700763,0.15548671271067704,0.153992036,0.154839926,0.170980135,0.155812947,0.15632404895585245,0.157011055,0.1647326781671678,0.158853228,0.159267246,0.16125173375293955,0.159898025,0.16218040923662858,0.1769806542219879,0.17343580736293232,0.159045452,0.159210222,0.159673225,0.160077258,0.15803007638493632,0.159553838,0.159693779,0.15891071898778106,0.27119854791756604,0.159722714,0.157556947,0.1711167379661341,0.16844852578210906,0.142,0.151396063,0.14733230792938404,34.77
360,1495024934.0,40.6,0.112867189,0.076202916,0.066775569,0.0669457344846002,0.062843442,0.062589298,0.0626327834808712,0.062134305,0.06323442,0.063678191,0.064300476,0.0672681727645642,0.06856985082521455,0.070048775,0.071296046,0.07617183141804033,0.075149297,0.098429777,0.090235477,0.081801015,0.0624,0.086378784,0.08936628,0.09473491965211217,0.09637126004031589,0.1742,0.099407377,0.102031754,0.10403304664778801,0.106762603,0.109182103,0.111093602,0.112778434,0.115768822,0.117341535,0.12333734107680325,0.116085232,0.12592959665064704,0.123054833,0.12470811,0.12811976349832635,0.12250238162271199,0.12850146,0.129747564,0.131055669,0.132195472,0.134024291,0.134771325,0.14267326182135534,0.14034254578742142,0.13622097668622285,0.14489790007168812,0.141769707,0.13681782684250027,0.144736806,0.146315718,0.137939064,0.12648455992188767,0.150973546,0.1387951866886599,0.154338219,0.155695179,0.157407433,0.158924873,0.160328801,0.162382977,0.16257062979521128,0.16569452,0.167399971,0.16872113,0.16838237918801469,0.213502884,0.20391684977767022,0.175909695,0.1796074478054131,0.177698877,0.178818699,0.179369301,0.180064117,0.1338,0.181361932,0.19072757454559344,0.183218044,0.18440584,0.184830537,0.1384,0.186273493,0.186943799,0.187415761,0.187948845,0.188621532,0.1962827113138529,0.178462899,0.18577614439585396,0.18838018,0.1890646,0.189031508,0.18961205,0.190103243,0.1875738749344288,0.190580601,0.1966723943015164,0.17622489334820435,0.18563531974442032,0.1473,0.191788542,0.191864418,0.19280735290917533,0.19296387,0.193331531,0.193777316,0.194785654,0.2003833709316184,0.196019079,0.1888170367643224,0.196520358,0.19525561798658456,0.19641660300109354,0.197087308,0.196701244,0.197379754,0.198809127,0.19681283949871387,0.19631884096795335,0.199154545,28.29
633,1495801811.0,40.0,0.096407005,0.063871358,0.054321187,0.05068785,0.049222223,0.048810526,0.048500663,0.048114694,0.048401956,0.049264003,0.049823063,0.050520579,0.052403695,0.053531433,0.055454573,0.056452856,0.058566468,0.060089809,0.061884095,0.062963895,0.065329625,0.066710693,0.068346234,0.069860593,0.071644361,0.073329517,0.075585621,0.077090443,0.078924366,0.080840739,0.082665304,0.084073203,0.086064037,0.087440583,0.088894938,0.090263758,0.091587932,0.092521422,0.094058933,0.09500607,0.095621322,0.096532332,0.097471346,0.098596296,0.099751137,0.100209407,0.100767676,0.102285322,0.103179267,0.104663191,0.105517446,0.106624971,0.10770903,0.10842823,0.109619501,0.111065888,0.112325815,0.113891057,0.114944233,0.115945184,0.117612615,0.118724703,0.12005239,0.121429692,0.122598641,0.123971711,0.125158687,0.126509131,0.12851514,0.130127894,0.131154641,0.132406485,0.133926907,0.135634026,0.13654854,0.137555741,0.138454516,0.139508113,0.140271702,0.141155125,0.14162819,0.141903443,0.142554283,0.143487159,0.144015165,0.144882908,0.145882837,0.146455765,0.151744109,0.146970798,0.14730111,0.146917632,0.1474134,0.147993372,0.14841538,0.148701908,0.149227926,0.149179537,0.149670367,0.15000967,0.15072346,0.15120582,0.151682435,0.151730339,0.151830844,0.152047785,0.152711252,0.15346635,0.154396157,0.155019584,0.155454849,0.156021142,0.157106525,0.158004186,0.158735933,0.159778626,0.160732984,0.161586892,0.162313133,0.162757791,0.163380609,0.164374272,0.165239752,0.165591137,0.16641551,31.97
39,1495553295.0,33.9,0.083205781,0.05403299,0.049748399,0.04776539,0.0468439,0.047145776,0.044751216,0.047736962,0.048005182,0.049437315,0.050575418,0.051398418,0.052412584,0.054140589,0.082131408,0.056804428,0.058837794,0.060609022,0.06204401,0.063350388,0.065710558,0.067963391,0.069377348,0.071478606,0.073030557,0.07530637,0.076975048,0.078598112,0.080488806,0.082802776,0.084879023,0.086178546,0.087954823,0.090057482,0.09113013,0.093053304,0.094148445,0.095140556,0.096506179,0.097964296,0.098506124,0.0999213,0.101021742,0.102048579,0.103142638,0.104110807,0.104999734,0.105843611,0.107211241,0.108567755,0.109686697,0.111110932,0.111878926,0.112917931,0.114656436,0.116354016,0.118063363,0.119233622,0.120245243,0.121435985,0.122426809,0.124058899,0.12531142,0.126629188,0.128086593,0.129635404,0.131196122,0.132868732,0.133939621,0.135507406,0.136669676,0.138084321,0.139049595,0.14062139,0.142443279,0.143736666,0.144602837,0.145208459,0.145695767,0.146445577,0.147149995,0.147845738,0.148626315,0.149441457,0.150303629,0.150909447,0.15142221,0.151802679,0.152142581,0.152567922,0.152978647,0.153340542,0.153732566,0.154168111,0.154772325,0.154527817,0.15423272,0.154286076,0.233158784,0.154938897,0.15538984,0.155675255,0.155587579,0.156364353,0.156656006,0.157056628,0.157397779,0.157251646,0.156865341,0.157252781,0.158350865,0.158098274,0.158531123,0.177491063,0.158211381,0.158365811,0.158313983,0.158263282,0.15854771,0.15971962,0.160646447,0.161408964,0.16850121,0.159964551,0.159618346,31.84
128,1495540573.0,32.9,0.082879429,0.059702825,0.05294538523120201,0.051858155,0.051328829,0.05581669334785824,0.05549569525764646,0.05283139229665421,0.051932341,0.05370176,0.054515976,0.055282837,0.056372419,0.0563861471745447,0.059267113,0.06338266484293943,0.062231108,0.06342177549262122,0.06509494035135897,0.067951211,0.06593753126937933,0.07109994,0.073517686,0.07779750385757901,0.08035247306529872,0.07859212,0.080571531,0.07825322286125996,0.084442149,0.086013466,0.08821059,0.089729671,0.091651827,0.0853,0.094759961,0.095991786,0.09745701,0.10491505571272497,0.099481645,0.10072204,0.10215215372076926,0.09679125790049342,0.103673434,0.105205672,0.11592023857329299,0.11510905627476758,0.1032087002851527,0.10898156,0.1162473091839272,0.11067215,0.10958631165357383,0.112833052,0.11419527,0.115535805,0.117304303,0.118639216,0.119849096,0.121133808,0.122211911,0.123653831,0.124755384,0.13716666841659772,0.126945885,0.13150779579396826,0.12936769377817095,0.1318215741100157,0.1309813800185225,0.133992307,0.135129331,0.136204753,0.13816116976760687,0.138202333,0.12632654694713186,0.2853,0.2875,0.2796024376365059,0.291,0.2922,0.146275165,0.146876862,0.1488167989033141,0.148624164,0.176725406,0.149443688,0.150506454,0.14676834060232458,0.16249398273678312,0.151980278,0.152741157,0.153119346,0.15311961,0.1610311465178339,0.153231346,0.152938441,0.15483596282156498,0.152865334,0.153475953,0.154130427,0.154196011,0.154106385,0.154591263,0.16243036911645356,0.1462,0.1646462907409381,0.16619442249618632,0.2994,0.155820856,0.156693363,0.156920333,0.15297249784264189,0.15681638,0.1488,0.1488,0.156963622,0.156960526,0.157585253,0.15682977184071234,0.158296991,0.1499733240198541,0.1544452719790101,0.157090565,0.156320451,0.15393652480155,0.15360718902961995,0.154465087,36.54
424,1495639260.0,33.8,0.09849078383880032,0.071257039,0.063844133,0.046367231,0.060837762,0.060506698,0.06074495,0.047336163,0.06246666,0.063635936,0.064384386,0.06564386,0.06712648,0.068904505,0.06945289324833423,0.073309527,0.074779029,0.076793327,0.1005575,0.10105693094190811,0.083108514,0.085553204,0.087972402,0.089945698,0.092777351,0.0924891037804223,0.10806757600928761,0.099802865,0.10184652425563788,0.104015336,0.116545302,0.108075489,0.109941448,0.112340985,0.11307281137831121,0.115566253,0.117222175,0.12721218471608797,0.121206908,0.124317278,0.12769664404338513,0.156998049,0.132236079,0.1345094,0.136258428,0.138571488,0.141359925,0.144978218,0.148159309,0.150937779,0.1009,0.14074891865934858,0.157574807,0.16113951,0.16513458,0.169668687,0.172998356,0.173837662,0.177521406,0.177173658,0.177266186,0.177099341,0.176951041,0.177161676,0.178004953,0.178076339,0.177214632,0.175776189,0.174264222,0.172964783,0.17225256,0.1245,0.2836,0.174914081,0.176304709,0.177102044,0.176313537,0.17613610551864003,0.173149835,0.173422984,0.173838377,0.1825972571875917,0.174053191,0.174471697,0.162796731772715,0.23924649640772988,0.176460197,0.18503652114451766,0.177802998,0.177838612,0.16507624142593874,0.177525754,0.1755298574985579,0.176580518,0.176302414,0.176296306,0.176281817,0.176541548,0.176487874,0.176582743,0.176751391,0.176791742,0.177397646,0.177349787,0.177343961,0.177273968,0.177767757,0.177786125,0.177388836,0.177009048,0.176824392,0.1661350581984244,0.17851843,0.179304657,0.1799585,0.180388023,0.17933428882402883,0.180278078,0.180356029,0.180813932,0.181086608,0.180715981,0.190208022,0.179544629,0.178434737,31.22
417,1495638420.0,31.7,0.099430021,0.070854848,0.064942509,0.062518637,0.062269911,0.047956584,0.062057915,0.062826291,0.06252614230734739,0.063813341,0.0665637367704594,0.066745188,0.068358958,0.06817962674277003,0.072268191,0.074114029,0.07702295592368727,0.093729323,0.080583115,0.08332992708711222,0.083993224,0.086512786,0.088290573,0.090855694,0.092641261,0.095020371,0.097825484,0.100551021,0.102250168,0.104837481,0.106437411,0.108864239,0.110909796,0.113056917,0.115035981,0.101096578,0.118230234,0.119097148,0.119855832,0.121687395,0.122926213,0.12341999,0.125341249,0.126317571,0.12716701,0.127915946,0.1255451064962674,0.130778471,0.120867628,0.133071538,0.134190392,0.135392079,0.136451355,0.137540408,0.139502371,0.14739273069426106,0.14210837,0.143639208,0.145493494,0.146686906,0.147822658,0.149240194,0.149963051,0.151762594,0.1538771041110687,0.154955922,0.155757903,0.156906615,0.1216,0.159122504,0.160041168,0.1647950441083028,0.162939881,0.164826904,0.166171193,0.16575904069999484,0.169126862,0.170502085,0.170738575,0.171581014,0.171901871,0.172358591,0.1778242038677555,0.174613521,0.175497255,0.1735920831783627,0.177388196,0.177923928,0.17987683274209998,0.156104323,0.179135257,0.179605449,0.179096584,0.179246525,0.179327414,0.179378816,0.179828728,0.180522249,0.17993253407184742,0.181835544,0.18101930797453716,0.18252343,0.16762350667319884,0.184371946,0.184028719,0.183554622,0.183435234,0.183144581,0.20683681,0.184947445,0.185532492,0.17538825967787638,0.185010206,0.185234661,0.185778209,0.18723174,0.187832218,0.187758216,0.2984,0.185545492,0.185837801,0.184834603,0.184911701,0.184506045,0.17888994383302986,31.41
308,1495005290.8860793,38.0589083923055,0.119240624,0.08416305136364935,0.057390609,0.054845551,0.054726035,0.053904443,0.053480532681570145,0.054146464,0.054551231,0.056236013,0.056765514,0.057797944,0.058902635055873453,0.060476516,0.062619751,0.064281297,0.066193489,0.067591932,0.0589,0.07157821,0.087817374,0.075345856,0.07694761,0.11505508660915811,0.08178990296524209,0.083504586,0.085675083,0.075,0.089367553,0.091504075,0.093444876,0.09922860796321332,0.10278379690552267,0.099119848,0.100357558,0.102431132,0.103739947,0.0893,0.0907,0.107248552,0.10921783462741814,0.108802542,0.10967025,0.110457155,0.112202698,0.11204475961313168,0.11387544,0.114977134,0.2368,0.117465665,0.118399587,0.2424,0.121095255,0.122489718,0.124030329,0.1339907042611351,0.126604908,0.127934767,0.129381328,0.130305457,0.131568973,0.132644114,0.134225067,0.136000336,0.137625777,0.139282823,0.140415914,0.14403765387787906,0.142907702,0.144281907,0.146006821,0.14923545422183193,0.147883816,0.149345027,0.151047628,0.152105872,0.153150485,0.15225166335015852,0.155279154,0.155856156,0.156577866,0.157367143,0.16211331826971648,0.159951621,0.162789767,0.160459517,0.160984145,0.16899841803505952,0.162006312,0.162629052,0.16222386,0.161523822,0.1424,0.162864317,0.16381974,0.163513456,0.163190254,0.1629224,0.163235178,0.16308816166933834,0.165128842,0.1724563397388526,0.166146742,0.17556097001670454,0.167250632,0.167571871,0.167690577,0.3001,0.168145234,0.1664553925156307,0.168968712,0.15778763570693927,0.170595572,0.16905602160782884,0.171267707,0.17761882775314924,0.171506875,0.17583515801256513,0.196864137,0.18867339996600438,0.172849992,0.173387464,0.173826819,0.17342109628250807,0.173043963,32.86
199,1493837452.0,44.5,0.133157913,0.09281934473781943,0.07570301117085755,0.072328188,0.071757326,0.07386618072794231,0.07123702081000975,0.071365564,0.071983886,0.07138983759194509,0.043425415,0.06499884,0.07929951,0.080669896,0.083780041,0.08944482010105376,0.087827916,0.090844882,0.08994063638811754,0.095556734,0.097561674,0.101332122,0.10409766613732398,0.11022180189558717,0.1110181855556873,0.111747365,0.1142105677353229,0.075,0.07751511084205974,0.12446020193663312,0.125360433,0.128338573,0.13123113460463073,0.132961442,0.1364291319297147,0.137619262,0.1386679620458891,0.14092157,0.13335363333524303,0.14452225,0.14957079134898657,0.148202894,0.149462034,0.14906883494168474,0.095725379,0.09846282483422361,0.15460889,0.15902083504315176,0.1675209641513753,0.159471502,0.161302562,0.16270386,0.164497291,0.16328875348560537,0.16762666,0.17175425095066127,0.1760652792416942,0.173036237,0.19142960662204023,0.176328256,0.177822074,0.17885003,0.180346527,0.182212545,0.1864912597727683,0.18028881601978825,0.18107868138215732,0.189596689,0.191323017,0.193482597,0.194850505,0.2033874351857043,0.198364364,0.200019548,0.20523131478697063,0.203044936,0.204454839,0.20515384032166914,0.206689214,0.207380788,0.2011947020939037,0.209709203,0.239633854,0.2366899788004577,0.211008471,0.194667942,0.212157284,0.22203003615812042,0.21291436266370467,0.1661899582863586,0.21511896,0.215224369,0.21576839,0.215800423,0.20849757538930627,0.1427,0.216628147,0.21811964312167875,0.215873607,0.215808259,0.216169539,0.22101896770764606,0.216676643,0.198807833,0.19758473034968954,0.217685212,0.22468955828128329,0.22714744514289448,0.220650308,0.221993861,0.221486277,0.220489144,0.220435645,0.22130145892819827,0.15089603,0.15792642901627682,0.221796823,0.222256339,0.221665097,0.21065770780200097,0.221130728,0.221622282,0.21983412670039504,0.21925171691765932,0.150776882,26.7
352,1495023974.0,40.6,0.118880679,0.078725588,0.068706643,0.065635237,0.064647949,0.06369134,0.063968013,0.063883079,0.06363013,0.064702583,0.065244145,0.067115486,0.068031296,0.07045682,0.072098661,0.074400365,0.076710836,0.078835033,0.081244095,0.083618343,0.073068874,0.087966725,0.089829392,0.091735593,0.094360946,0.097070992,0.099687587,0.102119778,0.104688839,0.10723066,0.1092155,0.111474464,0.113410374,0.115538512,0.11745289,0.119994359,0.121063746,0.121826013,0.1238491,0.125973704,0.126321073,0.127782857,0.129387002,0.130389114,0.131228811,0.132675534,0.134306079,0.135210133,0.136694471,0.138289742,0.139487079,0.141099752,0.14223606,0.143780286,0.144981112,0.146291399,0.148554928,0.149949205,0.152013616,0.153402599,0.154986806,0.156094684,0.157921802,0.159040208,0.160513357,0.162598814,0.164647377,0.165996688,0.167837135,0.169738197,0.17069504,0.172462124,0.174700724,0.176040991,0.187772866,0.178830224,0.179472556,0.180549205,0.181236626,0.181867704,0.183039019,0.184154587,0.185172368,0.186314083,0.187081758,0.187475214,0.187901764,0.188785883,0.189845166,0.190012259,0.19029642,0.190633841,0.191213304,0.1918427,0.191838769,0.19162325,0.191567666,0.191912115,0.191534542,0.192063808,0.192660786,0.193650377,0.193988814,0.193946387,0.19476598,0.213783702,0.196761624,0.19704728,0.197477096,0.198276687,0.199534225,0.200648747,0.200791051,0.201260723,0.202355143,0.203750022,0.204555757,0.204927681,0.205486754,0.206204584,0.207213745,0.207359103,0.208043131,0.20831011,0.210173559,28.58
471,1495265602.05273,33.2,0.096624739,0.071939419,0.067012095,0.06722087222632579,0.063854955,0.064344434,0.063416815,0.064639284,0.065149643,0.066473929,0.067152125,0.07045559025395856,0.070310102,0.072081913,0.074126608,0.07546374,0.077533288,0.07912443534778185,0.082059782,0.084189875,0.087203536,0.089069976,0.0911729654853377,0.093834023,0.096391047,0.098788177,0.100651161,0.10067221219718965,0.10458604,0.1897,0.109692431,0.090190134,0.113613042,0.11551539,0.117348566,0.12334464048774431,0.121279883,0.122465637,0.123888886,0.126167655,0.127277156,0.128060242,0.128514173,0.0945,0.10326111,0.132580912,0.133763406,0.135130683,0.137009707,0.138195594,0.139533472,0.140784294,0.153672431,0.143451582,0.144571775,0.146751277,0.149156054,0.149514006,0.150659194,0.153802441,0.155324766,0.156087044,0.15728157,0.158897073,0.160168075,0.162439016,0.164146032,0.142825218,0.167542349,0.168975894,0.170138645,0.171608744,0.2708263980060649,0.174905289,0.175912503,0.177140845,0.18755366668164256,0.178974901,0.17926835,0.180015068,0.181782343,0.183286049,0.18355128,0.18239680299115765,0.185297086,0.186487129,0.186775417,0.186449807,0.1864065,0.187757466,0.188590634,0.3008,0.189363154,0.189161102,0.189155787,0.189364249,0.188960264,0.19284256595679378,0.190597831,0.191608965,0.192949336,0.193137916,0.210335376,0.21973293544222383,0.21681235779538133,0.1475,0.2998,0.194624652,0.162775839,0.16000589356301875,0.19465916,0.194039826,0.193950917,0.194093556,0.194765514,0.195728718,0.196241675,0.196475621,0.196331868,0.18820158090950181,0.196090906,0.195876289,0.194820283,0.191852912,0.18589235639304,31.44
147,1495542853.0,34.1,0.084047818,0.05710917,0.052333713,0.050799267,0.049763342,0.049559437,0.050429964,0.070426281,0.050838894,0.051971354,0.053313407,0.054331938,0.075386599,0.056344735,0.057641975,0.059231442,0.060783322,0.062057756,0.065836526,0.065551638,0.067567752,0.069152772,0.071553824,0.073019859,0.074644525,0.076731461,0.078804172,0.080407661,0.08255327,0.08252629,0.085554598,0.087377403,0.089028007,0.09057383,0.092200134,0.093147675,0.094443767,0.132871884,0.096780576,0.09760208,0.098788162,0.099830427,0.10084259,0.102015317,0.102416601,0.103676057,0.104185794,0.1053971,0.106347946,0.1072176,0.108554388,0.109535139,0.110223554,0.111755513,0.11328543,0.114388384,0.115927267,0.117239212,0.118051953,0.119253454,0.120356907,0.121726629,0.123177901,0.124296682,0.125143933,0.126798729,0.128370395,0.129958654,0.130832946,0.131591226,0.132428443,0.13373253,0.135281772,0.136611253,0.137922158,0.138934746,0.139763113,0.140675724,0.140871739,0.141552726,0.142471266,0.143192224,0.143566556,0.144355554,0.145059204,0.145730397,0.146614077,0.147633351,0.148076786,0.14854889,0.148765725,0.148423933,0.148412136,0.148741494,0.149036733,0.149197926,0.149061262,0.14939307,0.149788986,0.150484327,0.150552873,0.150873711,0.151470132,0.152155354,0.152343287,0.152239453,0.152785408,0.152923181,0.153291303,0.153904715,0.153841611,0.153980605,0.153714341,0.153491152,0.152553628,0.152195273,0.152121163,0.152725955,0.154016038,0.154549116,0.15478015,0.154662623,0.153497353,0.151302559,0.149861721,35.54
451,1495021219.0,37.2,0.053393983624794125,0.069600375,0.06330149,0.061187594,0.05997129,0.059508773,0.059618634,0.060201627,0.06105905,0.061891727,0.062398168,0.06514187679005444,0.065682368,0.067501223,0.069587754,0.071203273,0.073911842,0.08598488,0.08553741050276614,0.079901932,0.082634509,0.08682609813347343,0.087473499,0.09271210180435908,0.091550212,0.094316288,0.096227124,0.09958825,0.101910612,0.103755144,0.106032932,0.0817,0.11085237,0.112420026,0.11316233931324998,0.116230126,0.117758907,0.119603308,0.11170926307064054,0.122741776,0.1259909865038315,0.125272264,0.126468243,0.127109883,0.128418276,0.096,0.131379616,0.1328878474052876,0.133695172,0.135313024,0.137233274,0.14306374287941315,0.139080019,0.1336851342632609,0.142423284,0.144304336,0.145731371,0.147106851,0.148792622,0.150508621,0.152261475,0.16374215643410112,0.16124519118237515,0.2661,0.158235673,0.159904375,0.162140207,0.164304422,0.165710145,0.16737081,0.168690575,0.170099046,0.17135562,0.172822638,0.174443753,0.176321933,0.18663289638707925,0.178028857,0.17886231,0.179937926,0.180935134,0.182048452,0.18269847,0.18157120316647896,0.184107284,0.184867063,0.185378377,0.185608042,0.185767327,0.186544618,0.187086844,0.187872954,0.188646619,0.188597334,0.188443063,0.188353318,0.18842659104008616,0.19235500814152634,0.190314758,0.190167061,0.190694323,0.190638,0.17602664438532076,0.18543714556383492,0.191555021,0.1917017105170814,0.192265676,0.19322712984269155,0.192495536,0.1957039851866457,0.192234826,0.18251014009778216,0.2999,0.170549792,0.194496003,0.20007259367581232,0.22786224639402375,0.195738796,0.195980986,0.18789054867921273,0.196969097,0.196918686,0.19490515136005734,0.195959854,0.2999,29.44
629,1495801331.0,39.2,0.092382162,0.062082488,0.053340682,0.05002986,0.047954834,0.05283561842232815,0.047266388,0.047278054,0.048041482,0.049064942,0.049324724,0.078959323,0.05155512,0.052821968,0.053746422,0.055755669,0.056957991,0.059090121,0.06117040427332681,0.062580213,0.063831168,0.065801286,0.067119745,0.06957899,0.071037557,0.072875019,0.0775917641482265,0.076915797,0.078527429,0.080342789,0.081333681,0.0817,0.085604514,0.08690784,0.087861551,0.089638197,0.09082107,0.091794655,0.093289624,0.094166076,0.094919396,0.0933,0.097324042,0.1486100810552503,0.099018867,0.10117758317634931,0.10051003,0.09815949087877779,0.102897444,0.10204887008208269,0.10467103,0.105768236,0.106838188,0.107671249,0.10909762,0.11085273,0.111978791,0.1093,0.114818953,0.115699588,0.117056373,0.118289299,0.119809619,0.120782172,0.122539921,0.12382315,0.125014613,0.125855354,0.127427565,0.129309548,0.130861855,0.132514771,0.133321256,0.134315507,0.135805112,0.136789641,0.137867063,0.138624272,0.1349963448063733,0.140069085,0.140920878,0.14181432,0.14246526,0.143443561,0.144304047,0.144412295,0.145090909,0.146179625,0.14929885675641322,0.146425652,0.1415,0.147007922,0.147399948,0.147908249,0.148239545,0.1439314727583228,0.148722563,0.148834693,0.149266013,0.149580615,0.150358945,0.150901708,0.150606431,0.151148048,0.151549589,0.152091338,0.15246623,0.153157882,0.176850481,0.15509378,0.155803862,0.156565993,0.156804776,0.157218955,0.15000534471990826,0.158071828,0.159163813,0.16046515,0.15245957250018008,0.165119053,0.161251674,0.161917434,0.162340869,0.16197925707486854,0.15741931387557642,31.96
543,1495042224.0,43.17429293937994,0.179107399,0.12139906534348632,0.03409999999999999,0.109134838,0.110080332,0.089405978,0.110830124,0.10728541056268517,0.11259267901947316,0.11677350526946981,0.118110256,0.121626198,0.123810583,0.126857232,0.12280247843567219,0.134928276,0.138240036,0.142332162,0.13658879086672387,0.149366853,0.153522948,0.157409837,0.160062029,0.1667,0.1687671,0.144082832,0.14467145411892418,0.180535849,0.183208003,0.187378514,0.18155962714286278,0.193390401,0.19804299,0.19872737078611213,0.204762144,0.2094,0.2122,0.212067084,0.215063437,0.20854572168357083,0.21888337691566942,0.221696327,0.21570427667161335,0.225138835,0.227711071,0.229611535,0.23138053800000002,0.2343,0.12511207,0.12343572597980511,0.239016783,0.2424,0.2448,0.2464,0.247168225,0.2406538930704415,0.2474598229908646,0.25596472,0.2608,0.23793822700046763,0.260808174,0.263,0.263317841,0.264343398,0.265852147,0.2546061224394377,0.2717,0.236150989,0.23141342523602138,0.200892399,0.19828284004714652,0.278592654,0.281129763,0.282482901,0.2875,0.287339705,0.288496475,0.2918128693126058,0.217496313,0.21246047117658987,0.2733850224242743,0.29017217612203405,0.147192321,0.1471979308204521,0.2867507998584065,0.188971731,0.1966348936342901,0.298551647,0.298367879,0.298517529,0.3003,0.3008,0.297750061,0.287824302,0.26998016578112494,0.2996,0.298653593,0.29305719898838917,0.297258863,0.2852281639970387,0.179450069,0.18608225904903836,0.297798366,0.298502292,0.298766646,0.297725896,0.297571906,0.3001,0.297360306,0.2996,0.297330974,0.29706897,0.296585366,0.296180375,0.28900819530601696,0.295477888,0.29550096,0.295481436,0.2984,0.2986,0.2989,0.2962336379008283,0.2947151514547478,0.295633497,0.296236177,25.72
420,1495696348.1667354,32.11981027022888,0.103357972,0.07115728,0.062414142444255576,0.061856176,0.058361361,0.060187601,0.059963685,0.05722829311540857,0.065918747,0.062224573,0.064040341,0.065654174,0.067251322,0.069229666,0.070368691,0.072497666,0.07423897,0.076270339,0.078243992,0.080922102,0.08124832031349129,0.085316937,0.087155963,0.089179195,0.091693689,0.09431754,0.097388931,0.0970299190084531,0.10138404,0.10492917778384733,0.105631503,0.107561593,0.109618318,0.111749425,0.113369958,0.114648542,0.116132443,0.117633222,0.118848074,0.12459129084267687,0.121658375,0.122767585,0.123596531,0.124839473,0.125912051,0.12641844,0.127786795,0.129127933,0.130522462,0.131744264,0.133165421,0.134365342,0.136116928,0.137282474,0.138726918,0.140705498,0.141917346,0.143592813,0.144998865,0.146033718,0.14718544,0.148600715,0.177725608,0.151273607,0.15218436,0.153279018,0.154698808,0.156010586,0.157273444,0.158984603,0.160137323,0.161764172,0.16298448,0.164215039,0.165855493,0.167446387,0.16915031,0.1687497869531416,0.169693387,0.171053416,0.171523419,0.172280132,0.173122519,0.174689116,0.175302285,0.175448102,0.18443146395600843,0.176156969,0.176822726,0.176855313,0.1639554958188989,0.176989142,0.176860197,0.176672757,0.176666102,0.17622817760220386,0.17476943512912185,0.154891994,0.177071148,0.177471856,0.177962442,0.17825173,0.178903352,0.179338816,0.1796950685598161,0.179335881,0.17926443,0.179531941,0.179829421,0.180220406,0.18080638,0.180954924,0.181115364,0.181449398,0.181325652,0.18163298,0.181895896,0.18483862671475926,0.181962387,0.181862221,0.19941463341236196,0.181058469,0.1800192,0.179008432,0.178093519,31.31
443,1494734784.0,37.2,0.097932643,0.068163489,0.062639449,0.060743452,0.059379626,0.059285731,0.0591514272905497,0.058952652,0.060389622,0.061555443,0.062619598,0.063749634,0.065555145,0.06542097294548754,0.06624605554257736,0.071446691,0.073045804,0.075576229,0.077407931,0.08043954,0.082025295,0.084285553,0.086876122,0.08907557,0.091800771,0.093892229,0.095704319,0.098850391,0.101177319,0.102807847,0.10562141,0.108144,0.110529247,0.10799549039283134,0.114256126,0.12013414548411244,0.117745568,0.119183273,0.120652604,0.122236095,0.1254435301310316,0.11810179244198185,0.126007448,0.126578287,0.127759318,0.129425602,0.12714517080458893,0.0979,0.10489238680643294,0.134460585,0.13295919467494732,0.1018,0.139199618,0.140297463,0.141889487,0.14946047273703333,0.145045341,0.14655556,0.148092567,0.149674652,0.150926987,0.152267903,0.14928197924711026,0.155725924,0.157641462,0.160311168,0.161711773,0.163693465,0.165212577,0.166789965,0.21322992301272214,0.1245,0.170414211,0.17322142995513692,0.173930744,0.174935272,0.17780671,0.17729299,0.178549913,0.179234852,0.179887156,0.18913386028259352,0.181890927,0.182927863,0.183234215,0.184325249,0.185399792,0.18598037,0.187093872,0.18715524,0.187189091,0.19486037179296795,0.186709167,0.19352528338032876,0.186691459,0.186685809,0.187698043,0.187474761,0.18743246923613602,0.189252979,0.18911386772144398,0.189422879,0.189405342,0.188871771,0.189251544,0.189531745,0.190447776,0.1913253297852742,0.190875418,0.191222126,0.191498635,0.192719832,0.19839515200556218,0.19332536,0.193521839,0.19913091244244568,0.193981921,0.194461275,0.2984,0.194376162,0.19408966,0.19142178042491304,0.193822978,0.19334046177237996,0.1381,29.67
603,1493207856.0,39.2,0.083250466,0.056042918,0.049898614,0.048427507,0.046402300029522545,0.05146388547950398,0.039284654,0.046647275,0.046911509,0.048116014,0.048312448,0.049863428,0.050714994,0.052504091,0.05341858,0.054746688,0.056765688,0.058420901,0.06056408213045632,0.062316221,0.063310206,0.080577948,0.067176618,0.069134201,0.070807338,0.072182293,0.074418539,0.076103058,0.077913486,0.079957743,0.081730081,0.083723998,0.084774631,0.0853,0.088397095,0.089150846,0.090675205,0.0893,0.092896698,0.094029817,0.095415132,0.09614029,0.097166809,0.16187787131335735,0.098950807,0.096,0.100555027,0.09821011260913154,0.102937445,0.103996676,0.10480547,0.1018,0.106869085,0.1083804,0.110001345,0.111179555,0.112952622,0.113660155,0.114655298,0.116027524,0.117357302,0.118770892,0.119895757,0.121439691,0.123015396,0.124509314,0.125602535,0.126999904,0.12576769444463023,0.12974663,0.130754932,0.131976456,0.133645599,0.135401296,0.137030487,0.137823084,0.138659774,0.139417198,0.13584319451411622,0.13516046544926527,0.141723698,0.142346867,0.143156179,0.144011689,0.144408598,0.144992732,0.145415548,0.146231938,0.146767941,0.14674965,0.147146807,0.1551004633292348,0.148319249,0.149009901,0.14918358,0.14500403387633978,0.149909952,0.1571666253820547,0.150043478,0.149656693,0.1498361,0.150430513,0.150799205,0.151741628,0.151691012,0.152065682,0.15370806231384346,0.1528899980300453,0.153257356,0.154313436,0.16577704899706874,0.154868366,0.155372373,0.156218613,0.1499,0.156837094,0.157100659,0.157542284,0.157976814,0.1542025214294546,0.157917065,0.157560498,0.1551878851736942,0.156911789,0.156813208,33.64
148,1495542973.0,36.3123457765867,0.072038546,0.057437871,0.05107307445563613,0.050724019,0.049807707,0.05447271428064795,0.059512833,0.05678461449431737,0.050980878,0.073971163,0.05251297,0.053702451,0.055056008,0.05635772,0.05790269000794635,0.058829958,0.060117954,0.061253317241341206,0.064298442,0.065963193,0.06359088259166727,0.069212606,0.070982829,0.07508849844115639,0.0694,0.0708,0.078376571,0.07580254100941347,0.081880772,0.083974312,0.085467185,0.102046917,0.088889805,0.090781035,0.102624092,0.093448234,0.09512623139503668,0.095363871,0.09666222,0.098058287,0.09926834247333284,0.100311094,0.100528242,0.09574390921421101,0.102552919,0.103158279,0.09930478464545543,0.105659995,0.11284380708252616,0.11162460788439425,0.2250806123465109,0.10918371,0.110601261,0.1038,0.12151631680656363,0.114639537,0.11688240370827849,0.117091766,0.12807955002452684,0.1176601237443103,0.12069556,0.133244198878299,0.12321811,0.124112482,0.12426178365188542,0.127219373,0.128479789,0.13136237090456812,0.1216,0.13361979747672625,0.132748988,0.134195329,0.13507892,0.13654465,0.137970166,0.13929788287472863,0.140164968,0.141396583,0.13795718952595937,0.1338,0.142305419,0.143298662,0.144254784,0.144739508,0.1378,0.14632223,0.15814890838082715,0.147825677,0.148412336,0.14288755238240408,0.1415,0.149061535,0.14782918154715163,0.2999,0.149218241,0.149086913,0.148953,0.1491042,0.149465237,0.150325326,0.151035685,0.15904741743716858,0.151802347,0.1612219859243248,0.1630479023079998,0.163193178556358,0.1476,0.1481,0.152773176,0.1526507,0.16433659205657863,0.152664153,0.152775074,0.15037547691286485,0.27150217153658174,0.274511049381799,0.153618966,0.1603329053143372,0.15230792626539733,0.153081632,0.1659062640599796,0.1632379764371318,0.151531185,0.151002061,0.151464491,35.67
534,1495041144.0,43.2,0.175628796,0.1192354393599871,0.10215766740726921,0.109175881,0.109016393,0.108685003,0.10977035100000002,0.111949565,0.1166,0.053518346,0.05660391283421546,0.1234,0.125079384,0.12715728,0.131491374,0.1369,0.138105659,0.14126215,0.1356193458878871,0.13217385780653168,0.1417456925675752,0.1592,0.160341068,0.1667,0.168413805,0.172057938,0.175415169,0.179723301,0.183100078,0.182248293,0.17676957585859115,0.194607451,0.197279052,0.19793534054185802,0.204026787,0.2094,0.209396904,0.212009984,0.2055294961771273,0.216701922,0.219142013,0.221716807,0.2157240156639609,0.225468696,0.2287,0.2307,0.230532203,0.232333829,0.2368,0.230961896549812,0.2408,0.2424,0.242649075,0.24413679100000002,0.246457767,0.248904132,0.2546,0.256060713,0.2608,0.2613,0.2621,0.263,0.263512756,0.265203476,0.265980075,0.268068015,0.2717,0.274,0.134058439,0.124014612,0.12683146953608046,0.23418733638764477,0.22523027847543908,0.21650555771354096,0.2875,0.192639212,0.20497975879879368,0.289767689,0.265243123,0.29235427,0.293556582,0.2958,0.2969,0.295164075,0.2862584602669424,0.2924770303832234,0.1388,0.2996,0.297838337,0.298064056,0.3003,0.3008,0.2954973135387161,0.1933719708118991,0.2784319182772733,0.157053415,0.15317193490870185,0.297079402,0.29696475,0.297094606,0.297638449,0.297986289,0.298363872,0.297456578,0.296936121,0.296220437,0.288955661,0.29437956893432776,0.295102614,0.29412053,0.293387697,0.293678892,0.294186841,0.2986120095752705,0.295138071,0.295083593,0.29527695,0.294883871,0.296495925,0.296315618,0.2989,0.297811668,0.29671861448061415,0.29299962888869024,0.294904303,25.73
349,1495023614.0,40.2,0.117935177,0.078403074,0.06896461,0.065528805,0.064463834,0.06323032,0.062691246,0.077836706,0.063638152,0.064477147,0.065448151,0.066583823,0.068493906,0.069990652,0.072313972,0.073664569,0.075549579,0.078112353,0.080151972,0.083069618,0.084874959,0.087653413,0.088580397,0.091903225,0.094683011,0.096556799,0.098664852,0.101162861,0.104349736,0.10667406,0.109368002,0.110835611,0.112818034,0.11453037,0.116228977,0.117931598,0.120458079,0.121295327,0.123199982,0.124388032,0.126126229,0.127117507,0.128887112,0.129942632,0.130585496,0.131335035,0.133236191,0.134261103,0.136217953,0.137116128,0.138424075,0.140150482,0.141794667,0.14361243,0.144495706,0.146175015,0.147720847,0.149402023,0.151626765,0.152964705,0.154108362,0.156005841,0.157436074,0.158806935,0.160655255,0.161990489,0.164271955,0.165877933,0.167800267,0.169585248,0.170731638,0.172492178,0.173988547,0.175137942,0.176487834,0.177645582,0.179056192,0.180059293,0.180740657,0.181353634,0.182712478,0.183754189,0.185007811,0.185561554,0.185761967,0.186799651,0.187248603,0.187741472,0.187848897,0.188266537,0.188539498,0.189206833,0.189245524,0.190266898,0.191295751,0.192246819,0.192741954,0.192577826,0.192411357,0.192159235,0.19181431,0.192743784,0.193104911,0.193474015,0.193835684,0.194544179,0.194823893,0.195255993,0.196486913,0.197429924,0.198044248,0.198261851,0.198625655,0.200023421,0.200679205,0.201425216,0.202383737,0.202939184,0.203408422,0.203399177,0.203319643,0.203942163,0.204984742,0.206707886,0.209290955,28.66
464,1495024987.084661,38.605554868649186,0.10594154975391425,0.075891276,0.066641358,0.0667896141787787,0.062280087,0.089972617,0.061734311,0.061643836,0.05203742,0.063981356,0.06377694,0.06668299282035385,0.06675594,0.06660242751699706,0.070911605,0.073322717,0.07610990217204332,0.077338681,0.0777038402189063,0.081316441,0.08401059,0.085661789,0.088461216,0.09376767641976842,0.091924556,0.095396027,0.09880716412782707,0.099826574,0.102256251,0.084556556,0.10667237,0.11245356229865783,0.111004063,0.113750138,0.115643113,0.092871203,0.118996529,0.2142,0.121884809,0.123558114,0.124088375,0.126134338,0.12359991292212491,0.0945,0.128865814,0.12577984325904393,0.131024306,0.133363552,0.134255776,0.135929804,0.13440274839421382,0.138882243,0.14222433822699793,0.141436423,0.1045,0.143997379,0.145813977,0.147002132,0.149345781,0.151136654,0.152751222,0.16421533401248212,0.17600075,0.17584026703033387,0.158961259,0.159948863,0.162321747,0.167300030238808,0.165366757,0.167374915,0.169519338,0.17530329490716445,0.16023459761457978,0.174649201,0.1757282,0.176747501,0.177456584,0.178239541,0.17730568890003096,0.180802753,0.181972434,0.182750179,0.183518112,0.184749154,0.185433015,0.186273001,0.186698142,0.187601332,0.188596954,0.189375595,0.17822587649700372,0.189403984,0.189363668,0.1960197569025848,0.190011295,0.190869224,0.19131043,0.191282939,0.191062315,0.191760202,0.19184997075063387,0.194303811,0.17982281776969125,0.195245966,0.195021758,0.19516861938401142,0.194646449,0.19571778071903115,0.19628411,0.196427887,0.197233456,0.197641983,0.198409065,0.198713638,0.199674122,0.20507805218838226,0.201368803,0.20171449102528835,0.202314346,0.201665578,0.2011516,0.19848382266982387,0.198899414932102,0.204438983,0.20652596,28.95
326,1495026484.23841,44.6,0.127270309,0.08915736520323211,0.073489474,0.069435797,0.068874161,0.077090477,0.07791437736972229,0.068077363,0.068735749,0.069060766,0.070171451,0.072303001,0.074205439,0.07393194225432158,0.07671629954639571,0.08049211,0.08438229179290073,0.08615268732930507,0.087594876,0.089567013,0.09145273947221547,0.094881906,0.09729892871072243,0.1667,0.113960184,0.11572291215858817,0.107728175,0.10857372738428349,0.11175263005791392,0.0784,0.117739866,0.120712909,0.122068322,0.124214573,0.1265217532433386,0.128052604,0.129841004,0.14144751531334723,0.13388762410339383,0.134450184,0.138666650756476,0.137257485,0.13432060205854537,0.14001201,0.141265988,0.13600106641525714,0.143696472,0.14439117,0.146094618,0.147417192,0.149078481,0.15503567696868645,0.151455597,0.153155182,0.155093497,0.156825904,0.1605963669704387,0.159806702,0.1764488270020348,0.162301563,0.163714887,0.165166252,0.167417134,0.16808297507929074,0.170242409,0.16811889549126874,0.16849945978288167,0.176157317,0.1733464319367883,0.18324247534837176,0.180650417,0.18764409168480636,0.183151823,0.183279364618035,0.187288341,0.1855733611517821,0.190328117,0.190923128,0.19085183563261637,0.18723647126951476,0.1933042,0.194108078,0.195105417,0.186421413,0.1750206403311753,0.2991,0.1388,0.199027969,0.199194238,0.19324530201140827,0.1415,0.199365175,0.199365593,0.199468043,0.199675984,0.202370751514568,0.200080617,0.2030019995817574,0.1444,0.1449,0.152969831,0.16088765901214805,0.18847518825270887,0.21239396185098205,0.153942398,0.15408722283393833,0.1558947892311531,0.186620708,0.20443217,0.204400852,0.204407167,0.205207649,0.179863824,0.206113575,0.20554969,0.205141469,0.20505312,0.20490744181424736,0.220435133,0.209569601,0.210818233,0.211920454,0.213116637,0.192070823,0.18610005073722297,27.19
187,1495199948.0,33.21551508116269,0.035,0.0323,0.03409999999999999,0.06450203,0.06566613,0.065177143,0.064626413,0.06181683376636125,0.066669327,0.0664514158024513,0.067661755,0.069859904,0.070469273,0.072075551,0.073936916,0.074483631,0.07587188,0.077632201,0.080118375,0.08291747645238791,0.082272332,0.08646074519874106,0.08562301,0.087679333,0.08969834482497123,0.091800227,0.09322638,0.095617663,0.09715559,0.09881829,0.09887156853747653,0.102510315,0.10599080276028872,0.104968905,0.10472262478396994,0.108163355,0.108592908,0.109012283,0.110241441,0.11708141973226537,0.112810064,0.10748821457482621,0.15569967431769932,0.115164371,0.115725475,0.11680699,0.0972,0.0979,0.118782852,0.11734234978201223,0.120568411,0.106857359,0.121765585,0.122691596,0.13145581874407994,0.151157938,0.15472316017130444,0.11421018020530618,0.151430883,0.129146358,0.129856897,0.14209558389217866,0.131653496,0.133037989,0.1338216635563749,0.135445125,0.1192,0.137260836,0.138223023,0.138774942,0.139180973,0.14166777789835303,0.141015389,0.142292795,0.14387952470557824,0.144818598,0.15121109887076864,0.1502518769728719,0.145242523,0.145865653,0.146966188,0.148293784,0.14842289,0.148666154,0.149550431,0.14574219842909966,0.151434298,0.15160944,0.1545291732852317,0.150878276,0.151060284,0.151042563,0.151874231,0.151887156,0.176317102,0.1758316628223621,0.153103817,0.16008450572943164,0.15788557472339348,0.153871815,0.154296368,0.16214979151825074,0.2997,0.155952626,0.155435995,0.173862158,0.155665714,0.1549379996193163,0.155884985,0.15598704,0.156038995,0.156148908,0.156198179,0.155724392,0.155766286,0.155996957,0.1552622502498471,0.16150525267267335,0.1471,0.150787303,0.148806903,0.147357759,0.146827716,0.145309094,0.14153072363801295,34.88
124,1495540093.0,37.09965841538949,0.0778376208036751,0.058411158,0.053357512,0.051938291,0.051534345,0.051019505,0.051928304,0.051538167,0.0377,0.053750744,0.054624242,0.055601474,0.056423771,0.056436672081090905,0.059789556,0.06393812645811306,0.09986318973675258,0.10203874243156899,0.065670242,0.067951668,0.06593807071039332,0.071835407,0.0730071692869396,0.074991798,0.07727101,0.07548139969096002,0.080789217,0.082922207,0.084808974,0.08775364682467303,0.088839876,0.09462449211823756,0.092294371,0.093823483,0.086,0.096661608,0.098077101,0.09964694,0.0914476198781202,0.101389156,0.102693518,0.09756695442153417,0.105014641,0.10063290072050614,0.106547074,0.107464491,0.108731257,0.10740839050254886,0.110957442,0.10980853327703952,0.1724622623535607,0.114026819,0.115135834,0.11671462,0.12594367253116123,0.13564806019258058,0.118196951,0.122113915,0.122999635,0.124567955,0.12260041916574874,0.127297102,0.12860877,0.130021167,0.13059042346959643,0.132730142,0.13192050503575786,0.135134651,0.13364119649564582,0.137276649,0.138476219,0.139712058,0.141261397,0.142396422,0.14398965911675435,0.1449460019092071,0.15772007813435068,0.146738299,0.147178388,0.147590416,0.148166013,0.15485445918184337,0.1594800510889143,0.15068154,0.13846069702850733,0.1384,0.1388,0.16058247657798563,0.15346092,0.14789396842906963,0.1415,0.14949347723842218,0.154314961,0.154872222,0.154973513,0.15158224020526126,0.14700947536295783,0.155299584,0.155618455,0.15562463,0.155930767,0.1637048390637333,0.157086916,0.157797246,0.150121536,0.158312699,0.16046554155811765,0.158774103,0.15810595095111035,0.150601452,0.159593913,0.1488,0.159917185,0.159407038,0.158752805,0.16552122575715833,0.15771361227775033,0.158339423,0.15002198119652668,0.158605467,0.1584757,0.175045465,0.156351739,0.15601312780792498,0.189957875,36.95
575,1495794148.0,34.8,0.083290229,0.06180257828320261,0.03409999999999999,0.037,0.051592863,0.050417275,0.04980569457370339,0.051347619,0.052389644,0.053182375478641915,0.1209,0.1234,0.055773351,0.057681306,0.059442685,0.06356933306645715,0.061964387,0.06314807402399203,0.065418387,0.067176215,0.06502272901978595,0.071467988,0.07261989771238386,0.074455674,0.076985564,0.079050761,0.08340948050891596,0.100963063,0.10298466927153045,0.086527011,0.088790952,0.090158184,0.09097299,0.08772009237832451,0.086,0.0868,0.09714771,0.10456613365714183,0.09644206308922539,0.101486651,0.102264811,0.102700106,0.104613419,0.1001956745731798,0.106917442,0.107493769,0.10389991281245828,0.109303122,0.110464043,0.111308401,0.113483293,0.11905967041757329,0.115975634,0.1067753456790868,0.118671304,0.119892473,0.121012384,0.1093,0.124266302,0.11413984545356834,0.1119,0.127772448,0.118081792,0.130471033,0.13107226331725025,0.133399634,0.135280204,0.1385839092564996,0.137364699,0.1409788508855421,0.2783,0.141437925,0.163559031,0.16780840963842403,0.1294,0.146412597,0.15300336339829254,0.15209995979279844,0.148755718,0.149358815,0.15096541144058306,0.1355,0.152367787,0.152613441,0.1404369265194842,0.1384,0.13890219840658788,0.14611451092989527,0.1403,0.15587854,0.1415,0.16380940924935228,0.155768858,0.16445022122329042,0.156219264,0.157105824,0.157767828,0.158511377,0.158826536,0.159467157,0.159739796,0.160638084,0.1462,0.160946732,0.161207953,0.16135313803104379,0.1476,0.1481,0.14911839123593595,0.160924665,0.160677135,0.160584835,0.161087526,0.1590891015888275,0.160407051,0.1671203121672205,0.161444377,0.161842479,0.161625709,0.161121515,0.17526685668419378,0.1725987045868472,0.155154353,0.15350562,0.14934295933124792,35.96
97,1494952431.0,46.5,0.12704834,0.084420912,0.07337844508207536,0.054154589,0.073218123,0.0751568599696097,0.073638071,0.074353547,0.068820553,0.077799744,0.078268796,0.08288119788282278,0.08395954491101493,0.08352894508957374,0.08291572498662042,0.088800425,0.091753393,0.09371670075830954,0.096979719,0.099595816,0.102455126,0.105093689,0.107109717,0.11369735695684113,0.11345254,0.116296406,0.11849588766143822,0.12191072620817955,0.0767,0.128259567,0.12636068191182176,0.117569347,0.1207070474615212,0.138337664,0.140809508,0.142975701,0.145092695,0.147026998,0.159407415,0.15998206714663088,0.114778876,0.10941902139811584,0.15945837,0.0945,0.163322111,0.165284097,0.16777742,0.170436437,0.173622614,0.149214314,0.14745519586401443,0.18591233918514502,0.184850043,0.1869937018504342,0.19075714591122434,0.195054407,0.192367643,0.203505075,0.2259317223317493,0.20799436784787806,0.2621,0.207437422,0.13159505091709267,0.207637087,0.208723118,0.1179,0.2717,0.274,0.210669723,0.209685551,0.20909559,0.208903871,0.1991779892161906,0.153107788,0.15537366123301688,0.214429607,0.215524363,0.21656811361392003,0.213466106,0.212154463,0.210955506,0.18826317,0.211522675,0.211725694,0.20090554145197048,0.212616908,0.213248011,0.21349088,0.214335665,0.214692584,0.2070817018413044,0.222583359668452,0.21937880813261654,0.215299799,0.215175111,0.214639252,0.214216962,0.21591681071473917,0.21594433967112495,0.21112367963918327,0.213316879,0.240786282,0.213768078,0.22316434257873116,0.21402908,0.213899166,0.213938722,0.21590043427484376,0.214527005,0.214604562,0.214117688,0.213982169,0.213905141,0.213699479,0.214310377,0.21922627226248526,0.213684566,0.21238773797648233,0.2984,0.214525233,0.23744319044631623,0.215286508,0.215090914,0.214934804,0.214581057,27.83
144,1494431586.0,33.7,0.08377769,0.058787634,0.053152081,0.051442912,0.061659775,0.050732163,0.050311636,0.050861147,0.051458772,0.052486593,0.053206667,0.077467499,0.055164748,0.057311934,0.058244741,0.060093413,0.061562138,0.063126985,0.065019576,0.066895786,0.068444223,0.070134783,0.07176924,0.073579399,0.075576401,0.077522255,0.079294873,0.081135302,0.082841402,0.085101,0.086490032,0.088281472,0.090043914,0.091996116,0.093461855,0.094731988,0.095869255,0.097413921,0.097848104,0.099058504,0.099883629,0.101150799,0.10205275,0.103272213,0.103756675,0.105606235,0.106055089,0.107353753,0.108488607,0.109524082,0.110051651,0.111126275,0.11239374,0.113581609,0.115128862,0.116595098,0.117791621,0.118845544,0.120331235,0.121282961,0.12237628,0.123793312,0.125645143,0.12627991,0.127107294,0.128440738,0.129424535,0.131293905,0.13289323,0.133838941,0.134746919,0.136354609,0.137709173,0.13883009,0.140349183,0.141588863,0.14261033,0.143363804,0.143724672,0.14405595,0.144490016,0.145371694,0.146491073,0.147083855,0.147680469,0.148124633,0.1489944,0.149549706,0.150152177,0.15051058,0.150805546,0.151160145,0.151531337,0.151693039,0.15150352,0.151113009,0.151183187,0.151595053,0.151913192,0.152316714,0.152761178,0.153434736,0.153546227,0.153693075,0.154124761,0.154066343,0.153971134,0.153933734,0.154037969,0.155036307,0.155522058,0.155077317,0.154877612,0.154946627,0.154421307,0.154382907,0.153898618,0.154294489,0.15447459,0.154235358,0.15445355,0.156692918,0.153373524,0.152805556,0.152224797,35.7
240,1494824081.0,43.6,0.162623708,0.113509673,0.0562074,0.098545697,0.096156747,0.096671613,0.0969616,0.098021018,0.099611721,0.100829584,0.103347933,0.105330557,0.108911917,0.111621382,0.114768873,0.117391471,0.120988998,0.123428365,0.127021725,0.130136275,0.13297839,0.136490979,0.140412955,0.144507802,0.146946129,0.150627273,0.153798031,0.158169327,0.161890207,0.164826133,0.168310789,0.171155347,0.175056087,0.177562872,0.18033839,0.181465361,0.18574248,0.187198691,0.189399303,0.191678664,0.193146451,0.188249089,0.197686915,0.19898315,0.200204394,0.140383881,0.203588567,0.205346173,0.207926664,0.209762419,0.21125508800000004,0.21332904,0.176660135,0.216949107,0.219255837,0.220884051,0.222704547,0.224860201,0.226768448,0.228006315,0.231079357,0.232012579,0.232627096,0.234555311,0.236967997,0.239661373,0.242226559,0.243731868,0.24570642,0.247409567,0.248368687,0.250142401,0.252352952,0.255263716,0.257005275,0.258709839,0.260560919,0.261707989,0.262858481,0.262644773,0.263684994,0.211795336,0.266155791,0.26715154,0.268333739,0.26936904,0.26964264,0.269791959,0.234328361,0.271046351,0.233315073,0.272578883,0.273460405,0.273407342,0.274391424,0.273675265,0.273459869,0.273488834,0.273568056,0.273509018,0.274165217,0.275707331,0.276837065,0.27712541,0.276545015,0.275746948,0.275613539,0.276106278,0.276844889,0.27780541,0.277289074,0.277308923,0.277593845,0.277790472,0.278193598,0.277739863,0.276984911,0.276417618,0.276521799,0.277145348,0.276200079,0.276420702,0.276881952,0.276731389,0.276633686,26.08
395,1495626616.0,36.1,0.090418137,0.063787538,0.05632198897900177,0.037783538000000005,0.053647855,0.053814632,0.053136788,0.053580778,0.054604233,0.055840785,0.056428623,0.057442751,0.058497413134912454,0.059801762,0.0516,0.063348744,0.065302734,0.06657379032189834,0.069072443,0.070668874,0.072706721,0.12453457988085426,0.076124236,0.078394377,0.080446838,0.07896471937695357,0.083765942,0.085537423,0.078811316,0.090040413,0.092121391,0.109652539,0.095488214,0.097472571,0.098945014,0.10423852630442013,0.101093544,0.103573056,0.104125355,0.105623756,0.106813174,0.1016070861935906,0.108502725,0.10443399220818789,0.110804325,0.111459795,0.112185622,0.11129455921542687,0.115268345,0.11622029,0.11503753310661197,0.118278237,0.119095623,0.120508439,0.122503298,0.123928696,0.125232623,0.126661422,0.13891597833249553,0.129169626,0.130631776,0.132071563,0.133277961,0.134113372,0.1852170381911445,0.137407243,0.138819543,0.14234242580717876,0.20552970320411443,0.14240923,0.143428668,0.144368353,0.145830894,0.147133923,0.14902465851923916,0.149895131,0.151238519,0.15028015107469916,0.15207012,0.152697279,0.152898536,0.15414511,0.154624889,0.155683487,0.156489456,0.157527168,0.158287572,0.158270757,0.1609457448275033,0.3004,0.3003,0.160310545,0.15877644065811225,0.142,0.1454984528614575,0.159928113,0.160428786,0.16677651778699998,0.14999393,0.161691988,0.162173253,0.16964424708589257,0.163461341,0.163719752,0.163592178,0.16373748123136625,0.16633359879778337,0.164533391,0.165029581,0.16271299681551882,0.165787457,0.165814276,0.16577718,0.165449716,0.16521696,0.165770811,0.165828314,0.17091392951211257,0.15844469534840291,0.166793118,0.166496581,0.166392853,0.166826342,0.165579957,0.164793331,34.2
470,1495015942.0,32.8,0.10227910679244769,0.073613305,0.067054467,0.064556176,0.064707545,0.064484086,0.063815119,0.064540331,0.065167875,0.066884066,0.067720484,0.068864516,0.07152793331426607,0.088856613,0.074306421,0.07937246337172395,0.078215467,0.080297813,0.082110021,0.095362162,0.087301634,0.089378365,0.09149801752022338,0.094414251,0.09637872,0.09880706,0.101772726,0.103200538,0.17710613902960298,0.105891034,0.10997021,0.111998712,0.114852042,0.116985268,0.096367272,0.119419867,0.121532461,0.12301915,0.12418952,0.124911561,0.127631015,0.128894026,0.129874415,0.130399856,0.131016602,0.132315204,0.13020782151803256,0.135137178,0.136565546,0.21980518289744472,0.13721089863138067,0.140976848,0.142529867,0.1038,0.145857826,0.147767393,0.120701333,0.150182105,0.151528382,0.171545098,0.15517337,0.156307079,0.157591817,0.159569586,0.161243282,0.185772648,0.165131816,0.166115115,0.167639368,0.169215736,0.170998322,0.17694301384019728,0.173356335,0.173877167,0.176529405,0.17547820030789021,0.141729291,0.1404747676462587,0.179371866,0.180660359,0.182015597,0.183175718,0.184591679,0.185587003,0.185610023,0.18633059,0.186802445,0.187465762,0.188124412,0.188471501,0.1886434,0.19630442510216436,0.189665597,0.190274264,0.190443702,0.190810156,0.191091459,0.191586495,0.191434898,0.19070006,0.191347936,0.192332356,0.19362998,0.2090255239526288,0.20697354722811642,0.194672969,0.194853213,0.195411346,0.190481782,0.194334847,0.194760086,0.3001,0.195609476,0.19500424,0.19925357,0.195746334,0.19449171797559928,0.196651,0.196751194,0.197678429,0.196881501,0.195867851,0.1938447292335878,0.194186278,0.192971133,31.47
585,1495795348.0,36.8,0.082036532,0.057865843,0.053205378,0.050774769,0.049896861,0.049392564,0.052686134,0.049198736,0.049810618,0.050696277,0.051713716,0.052692339,0.054324276,0.055842814,0.057661063,0.05831295,0.059725152,0.061899487,0.062873353,0.065154467,0.067249369,0.069390145,0.071090603,0.072335251,0.074596328,0.076949911,0.078996667,0.07976143,0.081916046,0.084082839,0.085911781,0.087031776,0.088865928,0.090529958,0.092620223,0.093395567,0.094362825,0.095485025,0.097453146,0.099150665,0.099955785,0.100684264,0.101544165,0.102982804,0.103963736,0.10505565,0.10573635,0.106252029,0.107848542,0.109233925,0.110618444,0.11180291,0.112947349,0.114066624,0.115543385,0.116377532,0.11817944,0.119849147,0.12130738,0.122171494,0.123242436,0.12450958,0.126502935,0.127865163,0.128807991,0.130667605,0.132455191,0.134092472,0.134919503,0.136482254,0.142113597,0.139870598,0.141373436,0.142295579,0.143215491,0.143506344,0.144132404,0.1452528,0.146108161,0.1476604,0.148216281,0.148615932,0.149655323,0.150300747,0.151334138,0.152581262,0.153242136,0.153794668,0.154215054,0.153930419,0.153974309,0.153779699,0.153811936,0.154050914,0.154561956,0.154644864,0.155699929,0.155760506,0.156157832,0.156965699,0.157747538,0.158203154,0.15880311,0.159514798,0.160135701,0.161098253,0.161330216,0.160819277,0.16047532,0.159874485,0.160717845,0.160543298,0.160131864,0.158905115,0.158405115,0.158120974,0.15809113,0.158119116,0.157338355,0.156614793,0.155879872,0.154758531,0.153050337,0.151878949,0.151030133,35.07
98,1494969433.2303302,46.4,0.127862137,0.08952547114649795,0.075585879,0.073030796,0.072940793,0.08839053,0.073268117,0.07032104205333412,0.075497388,0.0746546719524687,0.1209,0.080188418,0.082462769,0.086401843,0.08556043076218835,0.089068842,0.091742322,0.094161792,0.09294580057763453,0.0603,0.0624,0.06641415246597203,0.107449827,0.110584018,0.113476029,0.11519188004898645,0.119476565,0.14519272,0.12508041,0.128242018,0.12634429653388432,0.133395811,0.135673924,0.13406481102618237,0.13767889281823453,0.09848704520368076,0.1000932554867369,0.147415152,0.149536083,0.151972141,0.15763613354023903,0.1514489792032154,0.159636146,0.16015593333665482,0.132714273,0.12895205344307337,0.12664326298969902,0.169808635,0.178574879947883,0.175899836,0.17367455767029927,0.1798948971369397,0.14888773,0.1451082225430259,0.190086519,0.19420095,0.1993247881157236,0.202346673,0.22461997818704782,0.206721785,0.1119,0.1247462156720618,0.20626404729655273,0.20319018954906887,0.21314370313110423,0.20692680396903235,0.210684158,0.211234111,0.210306652,0.209012828,0.208507384,0.21852853411742917,0.209076363,0.21055279,0.212717075,0.214227952,0.215104988,0.21613567759752603,0.212659953,0.211406715,0.210524029,0.210265711,0.21755048152093054,0.2153112092655862,0.211646465,0.21239264436754357,0.213983698,0.214330886,0.214894566,0.215116679,0.215481712,0.22295347510243688,0.21518861,0.215211542,0.20799488197963134,0.21182223002723177,0.21876299451972014,0.214535211,0.214356949,0.2096770405599327,0.214041104,0.21899387002802861,0.2997,0.2996,0.1473,0.2994,0.213648802,0.21559713383331977,0.21343731,0.2208583926159438,0.2234260952750397,0.1488,0.214419581,0.2149950497335863,0.20779866507962796,0.171691937,0.1707519448774214,0.213159595,0.213010124,0.213541954,0.213765866,0.21109827130299577,0.213629872,0.21329867,0.212742792,27.76
372,1495026374.0,41.5,0.11220926,0.075102409,0.066243044,0.06382882,0.06270276,0.062246214,0.062503651,0.062301548,0.062381652,0.063562612,0.064459944,0.065950506,0.067907283,0.06968396,0.071384228,0.07324799,0.075057929,0.077795742,0.079509225,0.081526027,0.084546616,0.087181002,0.089298903,0.09181178,0.093563996,0.096586709,0.099432055,0.101616227,0.104502183,0.106794117,0.109067882,0.111062814,0.11257566,0.115525011,0.11711671,0.11896302,0.121135808,0.12238561,0.12358412,0.124790196,0.12612033,0.127949686,0.129468461,0.130010415,0.131481452,0.132169543,0.133364765,0.13512203,0.136475915,0.137355923,0.138815397,0.1401017,0.141840557,0.143424852,0.144692095,0.146173153,0.148095936,0.150008205,0.151127133,0.152183943,0.153919813,0.155652266,0.157268079,0.158466182,0.159484303,0.161612389,0.16311455,0.164876528,0.166704677,0.168107292,0.169491126,0.171159068,0.172861246,0.174163557,0.175079929,0.176676534,0.17756963,0.178300368,0.17892683,0.180086327,0.18104699,0.142670596,0.182587065,0.183204786,0.183914264,0.184127803,0.184544215,0.185635318,0.186279906,0.186565142,0.186794035,0.18666835,0.186887381,0.188193881,0.188548314,0.188485278,0.187986186,0.187877743,0.188292152,0.188548154,0.188502001,0.189372479,0.189493328,0.189994909,0.190104935,0.190347569,0.190414299,0.190605218,0.191161904,0.191344486,0.192267534,0.192940787,0.193803701,0.194417111,0.194611711,0.194387636,0.193963349,0.193909154,0.194870443,0.196471568,0.197086347,0.198680443,0.197690861,0.19623729,0.195041208,27.88
325,1495029369.0,44.3,0.126385418,0.082952935,0.072645605,0.07044161,0.046979736,0.067888681,0.068364553,0.068354138,0.068406289,0.068889687,0.070689502,0.071756535,0.074309012,0.075757048,0.07789243,0.079672341,0.082354615,0.084493111,0.086960246,0.089220277,0.091723225,0.094356889,0.096462388,0.098787355,0.101962542,0.104860201,0.10720009,0.10923315,0.112136171,0.115584274,0.117472929,0.119220425,0.121548279,0.123550194,0.125652995,0.127476006,0.12948001,0.131249885,0.120053462,0.134003925,0.1348096,0.137232701,0.107546061,0.139348883,0.140601308,0.141252255,0.142113042,0.113277402,0.145536846,0.14775892,0.148325987,0.149768145,0.151386878,0.152746806,0.154437051,0.155902554,0.15717764,0.158614856,0.160430118,0.162239089,0.16349773,0.164742331,0.165982166,0.167617025,0.169671785,0.171886116,0.173927066,0.17520104,0.176935382,0.178608711,0.179937564,0.18155731,0.183484066,0.185038666,0.186481999,0.187573517,0.18916514,0.190189191,0.191555924,0.182420756,0.193090446,0.193277311,0.193951173,0.194955624,0.195814803,0.19659685,0.197699478,0.198323135,0.198602417,0.198623613,0.199632996,0.199759355,0.200325435,0.200090441,0.200207867,0.200445042,0.199555441,0.177487893,0.200027782,0.200414113,0.200567029,0.201026965,0.201333541,0.201627455,0.202456342,0.15024376,0.20340369,0.204030974,0.204455342,0.204946651,0.205209394,0.205222761,0.204784328,0.204774103,0.205250053,0.205516892,0.206420558,0.206621633,0.206208865,0.206475489,0.168161189,0.206265359,0.207160717,0.208981276,0.210957611,27.16
280,1495623167.0,34.1,0.097890759,0.066928903,0.060695866,0.057884189,0.057369031,0.057837292,0.057120285,0.057714226,0.05883596,0.067740865,0.078088178,0.062079771,0.063777087,0.065205099,0.066364618,0.067827705,0.069383393,0.10273076,0.073579388,0.074602098,0.076121555,0.079147561,0.081328193,0.083029862,0.085346747,0.087209762,0.089948288,0.090718713,0.092838738,0.095419767,0.097041457,0.098886094,0.10087717,0.109172556,0.103844386,0.105854561,0.107229105,0.108118248,0.109045683,0.11022881,0.111542864,0.173624993,0.114113213,0.114749014,0.11536565,0.116114987,0.117273477,0.118846247,0.120160674,0.120985991,0.122084983,0.123736402,0.125070056,0.126524406,0.128035332,0.12934589,0.130138362,0.131615184,0.132827934,0.134287622,0.135616489,0.137092998,0.138269182,0.139185572,0.140691676,0.142544468,0.144320791,0.145905191,0.147305068,0.148413775,0.14962092,0.15054045,0.151769998,0.153362657,0.154458418,0.180196732,0.156021546,0.15687036,0.157616388,0.158586695,0.159439955,0.160316256,0.160883713,0.16185688,0.162855469,0.163771162,0.163718246,0.164051683,0.164162791,0.164305393,0.164894709,0.165216979,0.165157637,0.164971166,0.164622717,0.165147711,0.165707342,0.16654548,0.167377951,0.168553412,0.169007806,0.169990022,0.170091359,0.17051195,0.170806455,0.170758758,0.170816847,0.170922361,0.171117803,0.171139141,0.171376309,0.171043551,0.170668699,0.170613531,0.170016927,0.169874628,0.169071922,0.169350503,0.169095858,0.168462348,0.167685384,0.166468567,0.16617293,0.16575632,0.165933058,35.95
294,1495629269.0,33.0,0.092026492,0.066034036,0.05938192,0.0561365,0.056044256,0.054989604,0.054708605,0.055394744,0.056340242,0.057544878,0.058783429,0.059698366,0.060493131,0.063487907,0.064367047,0.065876456,0.068238788,0.069564851,0.071217832,0.073478688,0.074838412,0.076600854,0.078346017,0.080361817,0.083245566,0.085784185,0.087397969,0.089460412,0.090752922,0.092700394,0.095346168,0.096411852,0.097731522,0.099982215,0.101212965,0.102939171,0.104340743,0.105501265,0.106890025,0.107679623,0.108696106,0.109499205,0.109787713,0.111772888,0.112945839,0.113675725,0.113646876,0.115100913,0.116166586,0.117984499,0.119041622,0.120040964,0.121166352,0.122324448,0.123603535,0.124951374,0.126347305,0.127563672,0.128851056,0.129767784,0.131523216,0.132897247,0.134728329,0.136880966,0.138047156,0.13868033,0.140298289,0.141749619,0.142689231,0.143821483,0.145304975,0.146489117,0.147472327,0.1489174,0.150684792,0.151658192,0.152298851,0.153034752,0.153730953,0.15465183,0.155929382,0.156666329,0.157866653,0.15857345,0.158823709,0.159629637,0.160266694,0.161097645,0.183651087,0.163388006,0.164464107,0.164506019,0.164124807,0.144129722,0.165087205,0.166125761,0.182147173,0.167864138,0.16861222,0.169158442,0.169923405,0.170229357,0.169965661,0.170487498,0.169962139,0.170376085,0.170103601,0.170421839,0.170026356,0.169930512,0.17069288,0.171334606,0.172417847,0.172093728,0.171531041,0.171849899,0.171633875,0.172426517,0.173415862,0.173520055,0.173500608,0.173068233,0.17283499,0.173054722,0.174772356,33.34
255,1495039726.0,43.9,0.172905475,0.119715757,0.107635395,0.103008993,0.082379373,0.10317492,0.102444785,0.10400095200000001,0.056190489,0.10739875,0.109345786,0.112549858,0.115025815,0.11783474400000002,0.120347417,0.12331696,0.125924287,0.129982085,0.132624317,0.088082503,0.139536918,0.143818238,0.146660636,0.151315472,0.155573604,0.158965941,0.162725633,0.128977516,0.16967338,0.17370893400000004,0.082446381,0.179425665,0.181360382,0.18506309,0.188460273,0.190141643,0.192977942,0.195190499,0.197755356,0.103528948,0.200611061,0.20322388800000002,0.204750954,0.208093496,0.210310483,0.130379574,0.212980047,0.21380037699999999,0.216451085,0.217954109,0.220606654,0.221663397,0.22326779800000002,0.22494129,0.22734976,0.229732032,0.231118879,0.232982148,0.234017758,0.236161014,0.238407863,0.239138152,0.241068802,0.242840303,0.244891702,0.247023256,0.249159946,0.251170107,0.251890862,0.253778658,0.25667466,0.259351998,0.260814181,0.262426738,0.265005177,0.265775393,0.266561482,0.268485598,0.268960575,0.270150113,0.270313981,0.270412988,0.272432907,0.274088065,0.275204505,0.275725297,0.276168009,0.276967114,0.278185545,0.278974323,0.27928053,0.279798757,0.280657748,0.280476137,0.280632742,0.281903176,0.282931694,0.282959279,0.28266457,0.282538991,0.282388183,0.184358629,0.284348861,0.285573231,0.285539365,0.285544389,0.285758966,0.286107774,0.284836159,0.202159577,0.285525756,0.285967704,0.258157838,0.28425974,0.284023795,0.282875809,0.282310507,0.28173184,0.279722502,0.278980368,0.279140871,0.279867175,0.27928528,0.281077775,0.282833269,25.73
401,1495627336.0,32.3,0.111937099,0.065220724,0.055600785,0.054707289,0.053683575,0.053207126,0.052547359,0.053333083,0.053979635,0.054920463,0.078225747,0.057748767,0.058655168,0.060340417,0.061459819,0.063151659,0.064282519,0.066641287,0.068253869,0.070377415,0.071936532,0.073621443,0.076333954,0.078162719,0.080214271,0.081681225,0.083721278,0.085621228,0.087203629,0.090200188,0.104077234,0.09292341,0.095067483,0.096317122,0.098535187,0.099071564,0.100829795,0.10224991,0.118532113,0.104048827,0.105210035,0.106031527,0.106494966,0.107924355,0.108717544,0.109936365,0.110962534,0.111841286,0.113225455,0.114169034,0.115515391,0.117354267,0.118851767,0.119854903,0.120781528,0.122002662,0.123682911,0.125222086,0.126372391,0.127026556,0.128693049,0.130329315,0.131345684,0.132729211,0.134264312,0.135935498,0.137004242,0.138627416,0.140169225,0.141039796,0.142089396,0.142945139,0.143972832,0.145754409,0.146806517,0.148329325,0.14933627,0.150593692,0.150793651,0.151562103,0.15218894,0.152975725,0.153670365,0.154864033,0.155358988,0.156006164,0.157217125,0.158237485,0.158815382,0.158300571,0.158411411,0.158645483,0.158858598,0.158992399,0.15940343,0.160261318,0.160173428,0.160651899,0.160628872,0.16145387,0.164740845,0.163129095,0.163567247,0.163931077,0.164041962,0.16483947,0.165314479,0.165730479,0.166028279,0.16584066,0.166439122,0.166390676,0.166189953,0.165534446,0.165642087,0.165345784,0.165103684,0.164340596,0.163159286,0.163128893,0.162277624,0.162835073,0.163230241,0.163532098,0.163605274,33.87
123,1494856286.0,34.063905766487736,0.0795820285798578,0.059496147,0.053155023,0.051777524,0.04964928844653045,0.051861011,0.039774842,0.051670247,0.04996303957427211,0.05338274,0.054466505,0.056276297132045315,0.05677284044301755,0.0580145,0.059331801,0.061268193,0.062384684,0.06357937079537652,0.066221086,0.0705838153321976,0.0624,0.071557145,0.07271387208979131,0.0676,0.077146172,0.0753444745605814,0.110349532,0.082917314,0.08528193294342223,0.08796238335585096,0.088647187,0.090304391,0.092328234,0.105759804,0.095265252,0.10041828807326467,0.097813866,0.10531762580346918,0.100475377,0.10855986642610839,0.102951893,0.09782034185160238,0.104392518,0.0999549507515286,0.106947727,0.10771318884078375,0.22288521396653155,0.110007549,0.11729860750791433,0.11591341179002333,0.11473601564640103,0.114688129,0.11533809,0.116623204,0.1258593659590418,0.119798077,0.120914078,0.1093,0.1101,0.1111,0.125887113,0.127445762,0.128635391,0.13303465711850082,0.1338180948642,0.132588014,0.13177359695995966,0.1348601516292365,0.136587478,0.137344292,0.138454446,0.14086229245884893,0.12786606227450253,0.142623415,0.1442309064788907,0.145293302,0.146506191,0.14540043943573702,0.14414118977726195,0.148016393,0.148388641,0.149289844,0.15364839076370407,0.150377231,0.151102267,0.152065765,0.152639815,0.153364852,0.177168351,0.154398314,0.154480221,0.154553966,0.1531742799430169,0.155211123,0.1567760190700886,0.155460496,0.155218797,0.16201672846805565,0.155393777,0.155396616,0.15216681619804462,0.15023849870851716,0.157204861,0.15758428,0.157839999,0.15798501706137913,0.1476,0.21118992169223008,0.159288816,0.159988852,0.17069375998869246,0.1488,0.159271452,0.15718538085518907,0.159209258,0.159433777,0.15937029,0.1653171926336311,0.158956842,0.157815355,0.157095303,0.156951527,0.156603674,0.16088977,0.156268469,36.67
184,1494934087.0,28.2,0.097737545,0.075174513,0.069320883,0.06990655885884478,0.068213824,0.067868555,0.067375887,0.06452256166164862,0.069605289,0.069811372,0.070543104,0.072645229,0.07584115960099537,0.07513752,0.075924772,0.078147395,0.059886656,0.081287718,0.083632524,0.08603623744900067,0.08571193383657258,0.088300825,0.089586168,0.092259944,0.09403051879498758,0.0708,0.073,0.099374437,0.101417559,0.102389878,0.095484587,0.106059299,0.108074823,0.1054508100127178,0.111818962,0.11760394187627157,0.114296145,0.12391132340894936,0.115345013,0.117068996,0.11781657,0.1123980769413906,0.119063369,0.22710000000000002,0.121092715,0.121674722,0.1189301162185885,0.122664232,0.13026750836858297,0.12235984070895635,0.125709644,0.126510801,0.127159088,0.127932281,0.129669283,0.130564631,0.131679933,0.133195288,0.14631475739862645,0.13449433023529392,0.13402701513911275,0.136319617,0.13265408040227658,0.1151,0.1166,0.11959472527306873,0.1192,0.14324358,0.143599701,0.14440342,0.14578113408205637,0.145626179,0.146577044,0.147927841,0.150022649,0.151013745,0.1581768135361455,0.2260539114879783,0.151106723,0.14961026064700747,0.153386111,0.160495549514787,0.155066829,0.155824595,0.156041636,0.156236909,0.16709569980487732,0.17533192907002676,0.24921604013650533,0.156096729,0.1415,0.156713244,0.15527563604089548,0.142,0.158162492,0.157950045,0.158027071,0.157777664,0.15866787,0.159896038,0.160851357,0.161726438,0.1462,0.186162809,0.1859654892403499,0.161627611,0.1640513248266113,0.160676983,0.160170567,0.169952558,0.1793254907389155,0.158216698,0.158526067,0.15871398,0.158959755,0.158956652,0.1581832333757102,0.155890395,0.14721365757114876,0.1454,0.151057043,0.149772227,0.1473285591183755,0.149241603,0.148566464,35.4
203,1495033212.0,44.2,0.131449258,0.087171529,0.077325001,0.074088278,0.072671492,0.072539427,0.072657312,0.073507278,0.074160459,0.075371796,0.077057304,0.07899736,0.081034792,0.083216188,0.085816622,0.088625991,0.089829125,0.091757127,0.095045726,0.097453445,0.100880837,0.103088691,0.106122097,0.109210838,0.112197545,0.115353905,0.118111483,0.12022002,0.123375737,0.126527042,0.129193522,0.131176896,0.133465451,0.136786281,0.138878999,0.137461602,0.142763074,0.144575088,0.14603558,0.148759264,0.149773804,0.150972158,0.152911293,0.154115871,0.155905568,0.158006135,0.159229528,0.160053635,0.161911015,0.163743903,0.165362956,0.167457842,0.168000761,0.169147246,0.171103105,0.172649577,0.17476177,0.177007099,0.178628962,0.179723063,0.182035439,0.182952634,0.184063292,0.185758617,0.187631375,0.18972566,0.191985131,0.193735551,0.195441363,0.196771177,0.19876803,0.200660396,0.201894118,0.204398931,0.20578012,0.207046378,0.147956803,0.2096298,0.211180467,0.212287445,0.212044401,0.212693211,0.213321029,0.214303415,0.215732645,0.216765578,0.217054656,0.217681564,0.217953604,0.218871,0.219249802,0.219479661,0.176869974,0.218804705,0.219023345,0.219484073,0.219049741,0.21938317,0.219650252,0.219783868,0.220227839,0.221130997,0.221995798,0.221942801,0.222342797,0.174650434,0.224248727,0.223337516,0.223039258,0.237630748,0.221517112,0.222492586,0.223464017,0.224783876,0.225412752,0.225062667,0.224594861,0.224068728,0.224092046,0.224093438,0.225915603,0.226727816,0.225925824,0.22458866,0.224259371,26.66
439,1495019779.0,36.8,0.09784374026037054,0.07085459,0.063885211,0.060514182,0.061007472,0.060086937,0.060205602,0.060228063,0.061335579,0.062046781,0.06321052,0.06604987948335383,0.0465,0.068034475,0.070215747,0.07502325707134516,0.073637153,0.07512633294310576,0.078095099,0.080353754,0.083162595,0.0873588149263429,0.08936934606632657,0.089507199,0.073408208,0.07124459144766243,0.09744064453612815,0.098835585,0.101397698,0.103443396,0.106205222,0.108347799,0.110228973,0.112301357,0.11422219,0.116675183,0.118359205,0.119731932,0.120104431,0.121578889,0.123747495,0.124929647,0.126453277,0.126881045,0.127952394,0.129627269,0.130697539,0.1321205091833065,0.133569547,0.134993723,0.136195468,0.1018,0.13900145,0.140344172,0.141787682,0.143460477,0.14516801,0.147055606,0.148407185,0.150239617,0.151432255,0.129275644,0.154244123,0.156097878,0.157939142,0.159895058,0.161834783,0.163780978,0.16136755533490207,0.1668027411570285,0.168271904,0.1739202906640429,0.171536423,0.172952031,0.174100125,0.175131731,0.17653546,0.193884039,0.178038905,0.135026495,0.13855800387075773,0.181064797,0.182570996,0.183213679,0.183563405,0.184299112,0.184763891,0.1397,0.185844692,0.186292852,0.186751579,0.194420725,0.187184831,0.187782052,0.187760135,0.188440179,0.188971132,0.189528484,0.189426069,0.189403282,0.18951451,0.19565806292171806,0.190088467,0.190046637,0.190470787,0.191231215,0.19607392690784667,0.190876797,0.190918892,0.191637825,0.191780482,0.192160924,0.192773714,0.204492858,0.192789176,0.193293979,0.194387906,0.1956646151368152,0.19428215,0.194832056,0.21451502005210224,0.194582839,0.194613959,0.193791208,0.192915539,29.93
324,1495029249.0,43.9,0.125687181,0.083276641,0.095633083,0.070272131,0.068768706,0.068207053,0.067950621,0.067463074,0.068508217,0.069269069,0.070649429,0.072048708,0.073529256,0.075837016,0.078211756,0.08060049,0.082572134,0.084830687,0.086952938,0.089457192,0.091705651,0.094543695,0.096851499,0.099732778,0.102052184,0.104519729,0.107241714,0.11010649,0.112721983,0.115570069,0.118109883,0.119823608,0.121982358,0.123947822,0.125958028,0.128584034,0.129589196,0.13095001,0.133126059,0.134827311,0.135680916,0.13728719,0.138589581,0.139156246,0.14059822,0.141538936,0.143295506,0.144656206,0.145119373,0.146914498,0.148737098,0.149826428,0.151291234,0.152627921,0.154510612,0.15551388,0.157157912,0.159645939,0.16373148,0.161894029,0.163772624,0.165063314,0.166722699,0.168117484,0.170170567,0.127573988,0.17276909,0.174477079,0.177094302,0.178992576,0.18043365,0.181865154,0.183366731,0.185348173,0.186993123,0.188028525,0.189329273,0.190352818,0.190884063,0.192061463,0.192985351,0.141634486,0.194869493,0.195530197,0.195766139,0.19647205,0.196863009,0.198002475,0.198833899,0.198792616,0.19861271,0.199114974,0.199708659,0.2002686,0.201126591,0.201570147,0.201388318,0.201215628,0.201101724,0.200823978,0.20075804,0.201697438,0.201738137,0.202278282,0.202575098,0.202520365,0.20246127,0.202494736,0.203099892,0.203089223,0.202626363,0.202777988,0.203002747,0.203206632,0.203545657,0.204383975,0.205523973,0.206302606,0.206910962,0.207932237,0.208665315,0.209165249,0.20925967,0.208576161,0.208027398,27.24
247,1494288607.9772806,43.8998034249315,0.176117511086123,0.119539411,0.10785007900000002,0.104869625,0.102193439,0.101033196,0.102931943,0.103285778,0.104057659,0.104226168,0.10566085548551324,0.11349854576632996,0.084361201,0.08392413196369133,0.08327952246254686,0.08891266858359048,0.126212868,0.129036412,0.132311372,0.150936533,0.138072738,0.143033939,0.146938473,0.149902022,0.14854628315246138,0.128771071,0.13024736022370204,0.16965861491909662,0.168423419,0.171127387,0.174803319,0.1795108,0.18123853311729843,0.2034,0.2068,0.106311321,0.10780606011653443,0.21256256714294397,0.196239194,0.19864329,0.200539419,0.185994874,0.204017956,0.20852039938704492,0.208621043,0.209882574,0.210921044,0.212845606,0.2226734964844962,0.216983115,0.22006981,0.217031896,0.222471085,0.2308111108200447,0.22484021832413192,0.174672398,0.17908909432651474,0.22478270743263065,0.186069844,0.1711950555511476,0.17450110051330267,0.24527003571157663,0.2462472616029628,0.23932431606590604,0.1166,0.245737958,0.24872902129376007,0.250023824,0.251655982,0.2639411146261188,0.2783,0.257508884,0.24926099163342727,0.260820551,0.2698504069571835,0.264114503,0.266147074,0.267765113,0.269126789,0.269283198,0.270717301,0.2872893073449613,0.273692677,0.274149348,0.27490867,0.276214689,0.2753610478994124,0.275360771,0.276527928,0.2699330676430899,0.27793264408756957,0.2849640073507118,0.27414732487234583,0.279351769,0.279187932,0.2927078935088665,0.2994,0.280394872,0.281244615,0.282006756,0.280975964,0.281811256,0.281769074,0.29377867,0.283406423,0.2835576661415648,0.282194826,0.2873067066255158,0.2622292398313096,0.236688889,0.2371403279540802,0.283591187,0.283421303,0.2873269089134185,0.28015208960702315,0.282872542433373,0.1496,0.2838894,0.293991330087087,0.2747698297845597,0.1940685127653952,0.2993,0.142,0.28230747,0.283137815,25.99
416,1495927236.0,32.0,0.123499248,0.072086251,0.064616792,0.062119851,0.061899241,0.061981184,0.062149663,0.062705359,0.063328729,0.064888713,0.065950139,0.049777621,0.069033329,0.070642309,0.071767454,0.074125311,0.076509506,0.078649874,0.080680442,0.082430105,0.084425869,0.086906005,0.088804606,0.090613634,0.092876998,0.095116981,0.097856949,0.100244867,0.102578397,0.104744987,0.107350544,0.109021757,0.110581423,0.112266112,0.114369309,0.116410463,0.117290805,0.11871095,0.10842048,0.122526809,0.123254185,0.123909434,0.125277922,0.126066351,0.127106936,0.152357529,0.128581096,0.130819445,0.132845843,0.133464398,0.134684766,0.134987333,0.136262445,0.114425129,0.139404759,0.140619456,0.14243713,0.144214087,0.145809223,0.146835672,0.148364587,0.149319637,0.150333091,0.151655928,0.152939153,0.154707829,0.156022022,0.15704331,0.158011483,0.159744034,0.160919622,0.161965888,0.162694458,0.164708834,0.166657231,0.16803041,0.169297352,0.170469352,0.171328919,0.171907266,0.173067488,0.174406413,0.174902443,0.175473732,0.149717091,0.176717366,0.177865457,0.178698318,0.17899616,0.178416544,0.178968604,0.179085423,0.179589941,0.179994809,0.18041103,0.180806096,0.181547143,0.181952781,0.181639711,0.181928824,0.182400671,0.183098228,0.184175281,0.184440087,0.184292822,0.183900403,0.183748614,0.183658132,0.192914361,0.184758348,0.186330161,0.187404294,0.188175528,0.187779355,0.186375826,0.185514574,0.185012457,0.185444484,0.186079305,0.186238411,0.186358712,0.186413073,0.185351271,0.183568332,0.183572664,31.5
198,1495032652.0,44.5,0.133431935,0.089974117,0.057675059,0.075401913,0.07434842,0.074383673,0.073509996,0.073909786,0.074882487,0.075883169,0.077292478,0.079028674,0.092291759,0.084401664,0.086763192,0.088476018,0.091159861,0.093890814,0.09668897,0.098222526,0.101248152,0.104624975,0.106432865,0.10956095,0.112439814,0.115577097,0.1130693,0.121467376,0.125398584,0.127300318,0.130571326,0.132833306,0.135473892,0.137649238,0.139965521,0.142229217,0.144390525,0.145980781,0.148146952,0.149309971,0.150937491,0.152982937,0.154555954,0.155778283,0.156893454,0.158897511,0.181972132,0.161511227,0.163877949,0.16514692,0.166439703,0.168639888,0.16995415,0.171784534,0.173574731,0.174984068,0.176505717,0.179141323,0.180886019,0.181563179,0.183763728,0.186085145,0.187524619,0.188568459,0.190261392,0.192788865,0.194738318,0.196334605,0.197927448,0.19958913,0.201331437,0.2030406,0.204999602,0.206219207,0.20812943,0.209671525,0.210807964,0.212411332,0.213658415,0.199880299,0.215210126,0.216216284,0.217612055,0.218725322,0.221835625,0.219160906,0.219661962,0.220208179,0.220912018,0.2214327,0.221676579,0.222028782,0.222145346,0.22310823,0.22423364,0.224184132,0.223800078,0.22280389,0.222709921,0.223148006,0.224257948,0.225151102,0.22650768,0.225932295,0.22635793,0.22597675,0.225909972,0.226029633,0.226028386,0.226500147,0.227281507,0.227579957,0.228509349,0.228318268,0.22846801,0.227580465,0.226904692,0.227580634,0.228071987,0.228400143,0.247588718,0.229897647,0.230191037,0.22998745,0.229516545,26.66
549,1495042944.0,42.8,0.1844,0.125055353,0.11375664300000002,0.1131,0.110693681,0.111742917,0.112463175,0.114092219,0.1166,0.065003722,0.06771536289335213,0.12231814399999999,0.125732141,0.12462873698840081,0.076123856,0.08130476102060258,0.08531996753033233,0.1446,0.13694797888743282,0.13335300211082723,0.0624,0.06641415246597203,0.06729299070755104,0.1667,0.169819133,0.1742,0.151780739,0.15775859595687972,0.184350785,0.188081708,0.192207578,0.196199813,0.199381465,0.202369313,0.206177425,0.2094,0.2122,0.213380387,0.20692086241250437,0.2014407730167688,0.2214,0.2137682379943812,0.20806304189559968,0.226688977,0.22772246,0.2072654610609207,0.207069099,0.21803869299586998,0.236335754,0.2305149494662512,0.22733561852805345,0.118713602,0.1222095156188236,0.24567361100000001,0.248053546,0.24142076634055035,0.2546,0.256971039,0.2608,0.259903612,0.260998242,0.263,0.2647,0.264433887,0.2677,0.26872815,0.2717,0.271860175,0.2659758214864637,0.275392044,0.26752392964612115,0.2808,0.225504146,0.2167218103100499,0.2229824204334381,0.21906528573012443,0.291,0.2922,0.252512767,0.24561011867252167,0.23428961532327625,0.2958,0.201406313,0.19968214452612096,0.286500542,0.297223211,0.298510294,0.2996,0.29708236746903016,0.299452846,0.3003,0.299425711,0.300130387,0.298985819,0.27950810272912413,0.1427,0.299000171,0.2977804,0.298132411,0.28602425578300444,0.296164292,0.296215285,0.296844732,0.2996,0.298749997,0.2989020008144855,0.265668824,0.27001799352112077,0.254778173,0.2705153563182928,0.2914441128853277,0.30006966,0.2999,0.26163461,0.25445213067543226,0.299275476,0.299022417,0.298013858,0.2984,0.193745835,0.21325036579272227,0.296968132,0.2958673826136954,0.294965482,0.295500505,25.59
614,1496178283.768332,39.5,0.044702321,0.055406973,0.049966268,0.047687303,0.045684860740640446,0.045378903,0.043515685,0.04565506,0.045984416,0.04723047664340917,0.04764001,0.061667383,0.049578009,0.051453703,0.068487631,0.054241865,0.055894145,0.0576,0.059261688,0.1513,0.062600215,0.064474486,0.0661,0.068234001,0.070212551,0.0708,0.073831014,0.074973104,0.07748872607984894,0.079135912,0.080836142,0.08217421,0.083978594,0.085650512,0.087414086,0.08899133,0.089777722,0.091360546,0.092287764,0.093103437,0.094198352,0.09528095,0.095988693,0.096580379,0.09757586,0.09998814046667623,0.099691525,0.0979,0.101619624,0.102784304,0.10183625571888924,0.15589925423462211,0.106779247,0.1038,0.108668593,0.109739928,0.11138849,0.160589185,0.114223007,0.2613,0.116284676,0.117757508,0.119095785,0.120553505,0.121548578,0.12407113947009035,0.124887776,0.126819045,0.127413433,0.12827571,0.129716068,0.131693847,0.133349791,0.134505076,0.135968434,0.137161475,0.138294799,0.1322,0.138799768,0.137959417303524,0.140696422,0.141298313,0.142384469,0.165001288,0.143307319,0.144518765,0.15652150065581916,0.1524954881949593,0.146244564,0.145397233,0.147274312,0.146970176,0.147127434,0.147404701,0.147195985,0.147690604,0.148247256,0.148652715,0.149200347,0.149611205,0.149864181,0.149832746,0.15005881,0.1594791066110128,0.150763502,0.15090816923701175,0.151655403,0.15074260400346198,0.152027006,0.173451122,0.153222305,0.154409367,0.155172838,0.15288896096757398,0.155764508,0.156066942,0.156624428,0.1629375379407063,0.156676646,0.1530500138833551,0.156947664,0.15427924667182136,0.155925726,0.155328958,0.155015922,33.0
172,1496717785.0,35.4,0.081905133,0.05798619,0.050328759,0.049108822,0.04824035,0.048049055,0.048084447,0.048332979,0.072098763,0.049699205,0.050759676,0.052133006150303106,0.05239403,0.053727145,0.055699419,0.056493835,0.058757961,0.060042861,0.06187739,0.0630516,0.065460153,0.06950113998665965,0.068718505,0.070399958,0.07335614536879577,0.07118748798104575,0.07600206418696821,0.077228442,0.079097242,0.080927944,0.16277537254661273,0.084537863,0.086035275,0.087882838,0.08916907,0.090557944,0.091847388,0.092802875,0.094190879,0.095008135,0.096033391,0.096932779,0.097642293,0.098630639,0.099794484,0.100639428,0.101572992,0.102191011,0.103303944,0.104358511,0.10338296343894006,0.10885128150677181,0.1102458510588918,0.108558062,0.109670779,0.12155232872752458,0.12404551219818413,0.113738185,0.114954218,0.116123338,0.117445632,0.118294729,0.119064708,0.1151,0.121838399,0.123349372,0.124766966,0.126158068,0.126893905,0.12971366512853866,0.12883808,0.130410417,0.131711133,0.141698845,0.150783118,0.136056226,0.1413588414273396,0.137737347,0.138442765,0.138937957,0.139646267,0.140311305,0.141017173,0.141806287,0.14232179,0.142827747,0.14349840284549764,0.14462578,0.145023889,0.145177379,0.1415,0.145692472,0.1445504925227708,0.146410906,0.146563519,0.1427,0.146801111,0.15432642203688518,0.1444,0.206393871,0.20781952195491923,0.2130743510560878,0.148279336,0.148734655,0.14888898,0.1490335543057218,0.149680112,0.14867614900746878,0.150372494,0.1484,0.150654606,0.1488,0.151545801,0.1496,0.153227155,0.154338501,0.1536254863295829,0.1551494,0.154634547,0.154145162,0.154119677,0.154047685,0.154122045,0.15379199675387736,0.14926981153173954,34.18
600,1495547354.0,39.5,0.082294035,0.057774626,0.051351450976848345,0.048048405,0.047332113,0.046941489,0.1139,0.044373001969027555,0.047023796,0.048665245,0.049937922,0.050213688,0.051353294,0.05296586,0.054780242913894606,0.055557496,0.056926758,0.058884087,0.060814131,0.062365853,0.0624,0.06613176,0.06785472,0.069749875,0.071167109,0.073115416,0.103016285,0.076774093,0.078467653,0.08118259877228144,0.082389669,0.084091279,0.085451647,0.086927814,0.088206074,0.089780853,0.090931472,0.092572618,0.093430114,0.094351258,0.095443278,0.0933,0.097112734,0.0945,0.21848009115986228,0.100711427,0.101739773,0.102501334,0.102858308,0.104214941,0.105470328,0.106335878,0.108151922,0.109137838,0.110609958,0.12236585429728693,0.113277082,0.114386448,0.1157557,0.116371377,0.117032192,0.118663135,0.120694514,0.122069904,0.123510506,0.2375049519411112,0.126414165,0.12773241,0.128783385,0.129829261,0.131573031,0.133225824,0.1258,0.136521551,0.137517589,0.138251546,0.132849111,0.139892491,0.140725876,0.141700555,0.142434443,0.142978486,0.168344152,0.144324254,0.145264306,0.2991,0.146890163,0.147503719,0.147827178,0.148481717,0.148646147,0.148573014,0.149123644,0.148977869,0.149415785,0.150269345,0.150930448,0.150923606,0.150228816,0.15123505462370745,0.150107114,0.150603153,0.151748623,0.151813101,0.152461477,0.15260622841580887,0.153713912,0.154263634,0.154894069,0.155940281,0.155621858,0.1488,0.172361042,0.155900368,0.155487316,0.16236462203430965,0.155253265,0.15534642,0.1471,0.157471832,0.158780209,0.1561118182039641,0.159417186,0.158949488,0.15453159411369835,33.85
130,1495540813.0,33.3,0.078787942,0.058482501,0.053073216,0.051940305,0.050836999,0.051159381,0.051204901,0.051481529,0.051989558,0.052783578,0.054061531,0.055352743,0.056329364,0.05808661,0.059260618,0.060507059,0.061759688,0.063671963,0.065325133,0.067251132,0.069111697,0.070904906,0.072749632,0.074425408,0.07647635,0.078697242,0.08054108,0.082183651,0.083946981,0.085982059,0.087355543,0.089717697,0.091059656,0.092393081,0.093711904,0.095366821,0.096851948,0.097964415,0.099266505,0.100156662,0.101244237,0.102151803,0.102902669,0.103624451,0.104941587,0.106062401,0.107063758,0.107908812,0.108991999,0.110071421,0.110976224,0.112521547,0.113635203,0.114555524,0.116436582,0.118109112,0.119158064,0.120353331,0.121178204,0.122132114,0.123540278,0.124959956,0.126350748,0.127765487,0.129321096,0.131024504,0.132202814,0.133441947,0.134116459,0.135353372,0.136716633,0.137905923,0.139099041,0.140296249,0.141384236,0.142750765,0.14352383,0.144209991,0.145045911,0.145652073,0.146440479,0.147432921,0.148092689,0.148779036,0.149363372,0.149942479,0.150823928,0.151011708,0.151223427,0.151218009,0.151839129,0.152288396,0.15314496,0.153367886,0.153355844,0.153272879,0.15351554,0.154199877,0.154626432,0.154619302,0.154810905,0.154694002,0.154918501,0.155087425,0.155322175,0.155903573,0.156866954,0.156991013,0.157322917,0.157375313,0.156557516,0.156140835,0.156151341,0.15656801,0.156781121,0.157155413,0.157192191,0.157015115,0.1561161,0.15453736,0.154194446,0.153369981,0.152980876,0.152812328,0.151813452,36.26
126,1495201731.0,32.3,0.07833051665861915,0.05871773,0.053416341,0.051405676211439884,0.051527687,0.05599239325184182,0.055680850863200126,0.053013601943632284,0.052803793,0.053567213137927866,0.05665118901939376,0.05575433,0.05657117809928141,0.058103522,0.059576367,0.061055812,0.062903286,0.064016832,0.0656340693921571,0.068132738,0.070165244,0.071743123,0.073904008,0.07535646,0.077485615,0.07571678328894221,0.081720175,0.07953568860324722,0.085007039,0.086722827,0.0875781197607065,0.090688096,0.09443769179568223,0.093949799,0.095575494,0.097218961,0.098211486,0.099534342,0.115479731,0.101997127,0.103264722,0.09812713212295529,0.0966060641680336,0.0945,0.132831142,0.108425547,0.10488749191728691,0.110486528,0.11102394,0.10987255340249591,0.11344743,0.11902342373380968,0.12251697446259784,0.11672036,0.118302436,0.12902915016296776,0.120910827,0.122348396,0.13403202043062268,0.124889714,0.1229585694931831,0.13543064484292494,0.128595601,0.139778489,0.14104123892573056,0.14170392693058276,0.1192,0.135565929,0.136332271,0.13986809527324262,0.138524571,0.139876266,0.12805138118357762,0.143020785,0.143979955,0.1449368964902806,0.1514586181782212,0.146609022,0.14352410553549602,0.148222618,0.14998181218668608,0.15569968289190786,0.150037266,0.150937838,0.151936948,0.152616582,0.1638287951924479,0.154159158,0.154318893,0.150362267,0.1415,0.154369765,0.1529950200725485,0.154898908,0.15650949930989655,0.15332734414081597,0.2994,0.155373233,0.15280334832637057,0.150131669,0.155913516,0.156333611,0.1462,0.15562175220843844,0.156448428,0.156993883,0.1590389612003218,0.3001,0.27710189267924334,0.150033185,0.159034913,0.1488,0.1660486971443392,0.1496,0.159086182,0.16584348655157904,0.1578762143083203,0.1488,0.158439295,0.1546124783291996,0.159170288,0.15650190285164625,0.158995952,0.157675874,0.156283004,36.96
403,1495546432.0,33.839266964422755,0.095929578,0.06966401688683609,0.057520224,0.05510063,0.053903541,0.05809156612735597,0.05789299564026267,0.054184275,0.054556843,0.055509523,0.056417193,0.05845666962794214,0.058545625,0.06047208,0.061820568,0.063661223,0.06496200684986247,0.066974857,0.06831407904020181,0.07244131911475303,0.063035567,0.06705529276110135,0.075973557,0.077982191,0.08052714339443012,0.081962656,0.083802019,0.086239047,0.08847106,0.090038979,0.092319925,0.093880037,0.095494707,0.096840784,0.098646534,0.100550016,0.101633452,0.103069662,0.104216592,0.1118243302932604,0.1071601354481859,0.107274625,0.108308322,0.115242945,0.110252525,0.111532347,0.112443096,0.113571581,0.114739421,0.116194059,0.117159883,0.117866381,0.119179161,0.120749422,0.121787757,0.12394035,0.125515391,0.11319201902631379,0.144982751,0.13326466115055194,0.129855934,0.13112964,0.132325702,0.133538072,0.1343572895350758,0.13565772013248828,0.138951001,0.140576868,0.155425867,0.142691367,0.143494798,0.14645042634234584,0.146626713,0.147840575,0.148270867,0.21901014115277748,0.151011631,0.15004619687407303,0.15212485,0.153266615,0.154296865,0.154778017,0.155071863,0.165813533,0.156468872,0.157537126,0.158406444,0.16632710144712398,0.15982047,0.160294715,0.160386377,0.160516653,0.160067438,0.160040628,0.16089868618872907,0.16067498,0.1572510858483216,0.161088822,0.15896896831030172,0.2714808007152936,0.1458,0.163721425,0.164588972,0.17400378762946644,0.165770008,0.165898268,0.1686709498471474,0.165007487,0.165043276,0.165361616,0.165559009,0.165343207,0.17204693615901565,0.1496,0.15835708400305656,0.165850938,0.165952754,0.17102177332581756,0.1645649525489622,0.16771714,0.1829459433981525,0.167056107,0.166767428,0.1663888162598841,0.166788276,33.85
537,1494225850.0,43.1,0.178013923,0.12071894372974287,0.091510673,0.09571872627369764,0.109814179,0.110796326,0.1134341855244204,0.112943501,0.1166,0.115208979,0.117948067,0.1211084,0.124130108,0.12305250689786987,0.11929995980612618,0.12720961256815014,0.124349614,0.12716601130926658,0.145876424,0.14127687966339328,0.153444351,0.1582568725411133,0.1633,0.1667,0.169003299,0.171979096,0.176638257,0.180571262,0.184087562,0.1897,0.18238694353944748,0.18815359872179643,0.2,0.19922408559010335,0.086,0.09079933176258766,0.09251506763081889,0.2142,0.2077530131406304,0.160871515,0.16727070357595297,0.222445359,0.224070773,0.22710000000000002,0.228180056,0.20764264857711126,0.21004637778840335,0.0979,0.2368,0.230961896549812,0.23461437828201356,0.24148668829564052,0.2448,0.2464,0.247630962,0.2410547201561995,0.24787516429060974,0.25066216932835717,0.2608,0.261113274,0.2621,0.165744077,0.16333242066052464,0.264955349,0.2677,0.269856659,0.2717,0.271757274,0.2658762251210756,0.2761,0.277236226,0.27822485,0.280997428,0.283421856,0.2875,0.287630203,0.290390573,0.291237356,0.291439108,0.292573759,0.2749457705379036,0.157652957,0.16241284844560863,0.296692708,0.29769726,0.297578411,0.2946392075630174,0.298999275,0.290867907,0.2841532729470814,0.28625168167388954,0.2932243796346314,0.299760935,0.299284977,0.27976347648893557,0.2996,0.2994,0.298341766,0.2992,0.28699718323940915,0.296946436,0.29787407800295707,0.287076217088088,0.296935154,0.28775181916759696,0.296938829,0.297137544,0.3001,0.3001,0.2996,0.2916413109567292,0.2925736749884774,0.1488,0.1496,0.1499,0.295989605,0.29342383870841804,0.29619046,0.2984,0.2786778057868103,0.2989,0.294970562,0.293851588100597,0.29298492069259974,0.166406823,25.75
529,1495636007.0,31.0,0.093609027,0.06822067758090346,0.06190426,0.05896697,0.057648773,0.07999169,0.057774011,0.057642358,0.058604318,0.059794887,0.061139011,0.075707729,0.063956293,0.06384787262064681,0.06778665,0.068409893,0.070571941,0.07264823,0.0589,0.0760507,0.077844499,0.079458477,0.08104213297103999,0.08361087,0.085548034,0.087549407,0.089947283,0.08872128846328159,0.093923199,0.095957597,0.097729516,0.099416421,0.101606392,0.09874451580445626,0.10529386,0.11082974177240919,0.11226010769359009,0.12161446494727289,0.1137511849509046,0.110170804,0.111231358,0.112067015,0.112924141,0.114200365,0.11531526,0.116171675,0.116952613,0.11828809,0.11905104,0.120547466,0.122568616,0.12296594,0.123926652,0.125221057,0.1045,0.127741082,0.128675192,0.129716764,0.131326514,0.132699033,0.133857943,0.135494708,0.136912197,0.138521433,0.140042648,0.141281351,0.142341788,0.143661581,0.14435226,0.145338987,0.146453066,0.147233474,0.148823804,0.150265648,0.15108563,0.152291757,0.153930748,0.155715644,0.156522974,0.157518858,0.157939774,0.1654164579591847,0.160202525,0.160987255,0.1610729,0.160878968,0.161917469,0.162715639,0.163465111,0.164782713,0.16576444,0.166604741,0.19394529,0.167195261,0.167357938,0.167449938,0.16488206203999128,0.168608393,0.169171534,0.169764043,0.17124779,0.172395816,0.172263122,0.1816750428321108,0.172896261,0.172993238,0.173169308,0.174649718,0.176256128,0.177690961,0.177691706,0.1670566635070393,0.178764632,0.17761933394881071,0.179853224,0.18591806713958745,0.181986221,0.181508919,0.181306978,0.179825799,0.2989,0.180695495,0.179707549,0.17927924185022706,0.181788597,31.78
224,1493947430.0,44.6,0.147696354,0.100846276,0.08809559,0.083871742,0.082448158,0.082733897,0.082535981,0.083234714,0.084855707,0.086634172,0.088580163,0.090730906,0.093031717,0.094931206,0.098093941,0.100357854,0.102978889,0.106400594,0.108697631,0.112575299,0.115568522,0.119175495,0.121487048,0.123994844,0.126676544,0.098830534,0.133847305,0.136798146,0.140678778,0.143681956,0.14636003,0.149341921,0.151926351,0.153550427,0.156980939,0.159345952,0.161642452,0.1636953,0.165087314,0.166904875,0.169215118,0.17095593,0.171429526,0.173256731,0.175730886,0.177149348,0.178387487,0.179990499,0.181496205,0.183538338,0.18573938,0.187834073,0.188385476,0.190789238,0.192983941,0.193883015,0.196740238,0.19789083,0.198884174,0.200621511,0.20249697,0.204072162,0.205787096,0.207030959,0.209073633,0.19178617,0.212578536,0.214159692,0.215725858,0.218666447,0.220696316,0.22196066,0.224348011,0.226430568,0.227478055,0.228841753,0.229491918,0.230653692,0.231574994,0.232664625,0.234103109,0.235330228,0.236108419,0.236935079,0.237376981,0.237570735,0.238695199,0.240655369,0.240871861,0.241266557,0.242214165,0.242404217,0.242362399,0.242631352,0.242800442,0.242744909,0.242835875,0.24274596,0.243096603,0.243651898,0.243644927,0.244062883,0.244453749,0.244975086,0.244566984,0.244724732,0.244400221,0.24555606,0.246652637,0.247294472,0.247286115,0.246219437,0.246057232,0.246744768,0.24809225,0.248154945,0.248360723,0.248702256,0.247543112,0.246690583,0.246373984,0.246417213,0.245749113,0.142357346,0.246695007,26.28
610,1495798579.0,39.5,0.0759769571190104,0.05725386,0.050570989,0.047972525,0.046641281,0.045682847,0.0371,0.046166821,0.046974433,0.047689444,0.048721242,0.1234,0.1264,0.05184015,0.053552978,0.055180527,0.056056341,0.057921289,0.0601593,0.061825979,0.063215035,0.065182427,0.066848807,0.06876635,0.07090782,0.072098061,0.074194962,0.075960819,0.077770508,0.079629196,0.080982084,0.083428858,0.084817448,0.086412118,0.088161123,0.089601562,0.090562621,0.091621359,0.0907,0.094003053,0.095001314,0.095961843,0.096576089,0.0945,0.098568265,0.099839324,0.100608746,0.101408315,0.120519282,0.103787385,0.104699692,0.2424,0.107197905,0.108461786,0.11833266193333603,0.110915319,0.112964563,0.113728178,0.114840283,0.115744437,0.117087814,0.11847324,0.120339101,0.121439277,0.122557555,0.124295208,0.12570754,0.12719554,0.12820839,0.129400629,0.131253491,0.133000991,0.133984681,0.135235762,0.136870247,0.138163086,0.138679731,0.139135948,0.139169628,0.140289713,0.141387227,0.141910922,0.142735581,0.143545638,0.14429059,0.14524497,0.146180954,0.147258385,0.147642845,0.148229923,0.1415,0.148492269,0.14727518591508626,0.148892925,0.149119558,0.149106933,0.149599101,0.149780396,0.149956231,0.150647295,0.150236316,0.150636012,0.150972583,0.1469,0.151677633,0.15200299,0.152521865,0.153166334,0.15338422784647066,0.154749372,0.155160786,0.155624313,0.162693134625711,0.155737207,0.156200932,0.15639675,0.156773834,0.157681569,0.157524906,0.15380193675105708,0.15734194,0.1428,0.15737982,0.158323331,0.15393479419322365,33.31
343,1495031529.0,44.4,0.12654188483344747,0.088704299,0.077655397,0.075467799,0.07261097745310327,0.073323634,0.07394481289713274,0.086307793,0.073458609,0.074520025,0.075763491,0.08008090479862234,0.106920571,0.082357673,0.085461258,0.09123229071560382,0.088961295,0.091961548,0.094229538,0.097318885,0.1006030188854769,0.102385511,0.105434164,0.1119066909932372,0.097273993,0.09742112201297942,0.116798613,0.11975933,0.12142365779196937,0.1256947708617868,0.128255344,0.13403239239097053,0.133000053,0.135387563,0.165290989,0.139451949,0.14047453905653326,0.0893,0.14407777,0.146239604,0.15143001958111993,0.1416096684526481,0.0938,0.0945,0.16434150497249775,0.15502176793290393,0.0972,0.16069002014205278,0.16923132507814834,0.16591099208022098,0.2183893557692882,0.164131318,0.16728084833818935,0.166654317,0.196423587,0.19669841648787992,0.171477038,0.173468799,0.175553859,0.177385676,0.1813918875333339,0.24627233389227432,0.182388969,0.1816135075655816,0.18788906189086807,0.17398058,0.17455828557451908,0.190524648,0.192174774,0.194175399,0.19203995930809986,0.1245,0.200277363,0.201475359,0.20677854559813685,0.20457293,0.205370528,0.20609804754292887,0.20705874041307737,0.20257934923404006,0.24190898233667055,0.2561576450811362,0.211917261,0.20985772504934036,0.19899471096504456,0.19881295184912465,0.2998,0.2996,0.215917514,0.216595788,0.216864332,0.22432634495771603,0.216538619,0.22155645692195014,0.20964121631983335,0.21369270538095994,0.217340453,0.217949865,0.218337565,0.219152818,0.219470274,0.219827744,0.20625442461441285,0.220107969,0.21715696808096835,0.21730492684000485,0.22833509104678276,0.24246755898627964,0.221943783,0.221764541,0.221035496,0.221544306,0.220931488,0.22042504,0.21323027426789276,0.222165153,0.222469863,0.223465258,0.223819093,0.223393946,0.223339241,0.22406284,0.22229695074425748,0.22373027240644006,0.21627516159286556,26.9
54,1495555335.0,32.9,0.075680191,0.056306865,0.049775837,0.048487827,0.048671717,0.048596038,0.047907873,0.048908495,0.050526031,0.080348304,0.051686616,0.053043475,0.054142622,0.056119562,0.05730443,0.058608955,0.06013761,0.062440455,0.063921629,0.066040703,0.068536874,0.069531875,0.071778752,0.073730162,0.076370304,0.078026568,0.088438951,0.082074006,0.084113424,0.08636288,0.08765242,0.089766921,0.091413091,0.092814251,0.095138619,0.095996497,0.099678948,0.09927844,0.100130201,0.101554505,0.102845039,0.102683315,0.104825965,0.106060158,0.10686298,0.114613766,0.108973155,0.109978469,0.111453428,0.113039905,0.114367205,0.115326578,0.116082743,0.11804414,0.119470065,0.121418081,0.122958169,0.124117051,0.125091695,0.126438403,0.1275707,0.129195995,0.130798173,0.132463693,0.134063939,0.135705518,0.136877244,0.138258015,0.139497903,0.141100495,0.142324347,0.143791675,0.14632597,0.147401961,0.148495048,0.149678494,0.150338701,0.151312453,0.14989745,0.152607049,0.15386192,0.154620562,0.155129794,0.155790725,0.156993823,0.157168752,0.158154459,0.15841585,0.158606326,0.15877354,0.159377631,0.160010599,0.160091707,0.160002801,0.159694236,0.160050172,0.159973852,0.160583172,0.161404423,0.162041999,0.162362947,0.161997023,0.161911161,0.162629204,0.16319836,0.163605464,0.16395108,0.164309174,0.164481399,0.164881723,0.164018393,0.163418625,0.162673257,0.162567516,0.162635627,0.163613258,0.16418586,0.164212204,0.163188151,0.162257474,0.16100919,0.160320951,0.159177868,0.159134729,0.157995516,31.63
220,1494750268.0,44.8,0.14352081,0.095543074,0.085649739,0.080865419,0.080883715,0.055401585,0.07953694,0.041029299,0.082166352,0.083179825,0.081670918,0.087658312,0.089877702,0.093109688,0.094798911,0.097749353,0.099300599,0.103075725,0.104518817,0.107880791,0.110872251,0.114310229,0.117482059,0.120787497,0.122618331,0.126276426,0.129586362,0.132729625,0.136032955,0.138927221,0.141501665,0.143600328,0.146654483,0.149475313,0.152562742,0.15414054,0.156190729,0.157787482,0.160115219,0.161518611,0.1637735,0.166228249,0.167305931,0.168800766,0.16947468,0.171231939,0.172985283,0.175252551,0.177278114,0.179116629,0.18061588,0.180468896,0.182485169,0.18421006,0.186036509,0.187602932,0.18972203,0.191685235,0.193209271,0.164696764,0.152645407,0.198628229,0.199347986,0.200100881,0.202460161,0.204187128,0.206383762,0.208590641,0.210531926,0.212351181,0.213968215,0.215957577,0.217779937,0.204318146,0.221437195,0.223020407,0.224231285,0.225366112,0.226077663,0.227594742,0.147315854,0.228995777,0.22976889,0.229563132,0.230450094,0.232076732,0.233666822,0.234334535,0.234589528,0.23448507,0.234821844,0.23567551,0.23521441,0.235048636,0.235441049,0.236342991,0.236981756,0.237934272,0.237166914,0.23665638,0.236385565,0.237093933,0.238072645,0.209230996,0.23875192,0.1918482,0.239888533,0.240343872,0.240953042,0.240822175,0.241800499,0.240746603,0.240149432,0.240125993,0.239618609,0.240560346,0.241677957,0.219966957,0.244412929,0.244119302,0.24423587,0.244175408,0.243619738,0.243646227,0.243859649,26.32
616,1495799299.0,39.5,0.0852426,0.057661596,0.049816045,0.047184291,0.046146571,0.045563512,0.045670353,0.045298152,0.046304082,0.084888899,0.067256173,0.0487515,0.050066992,0.051181818,0.052765004,0.054380067,0.056270127,0.058281594,0.059219969,0.060315622,0.062733709,0.064493312,0.066413511,0.06835534,0.06993608,0.071837165,0.073655216,0.07525999,0.101990145,0.079071764,0.080842279,0.082806204,0.084244715,0.085673273,0.087267485,0.088586713,0.089575685,0.091162063,0.092769633,0.093689439,0.094576095,0.095739286,0.09618304,0.097142204,0.097865001,0.099163871,0.100237699,0.101223754,0.102320282,0.103359464,0.104331391,0.105666998,0.10693195,0.107903308,0.10887997,0.109827773,0.111564211,0.112779998,0.114019794,0.115364415,0.116277634,0.117322606,0.118893496,0.120722391,0.119742645,0.123313043,0.12480384,0.126570702,0.12797686,0.129333816,0.13073891,0.132060654,0.133459514,0.134616673,0.135652041,0.136667521,0.137727971,0.138512701,0.138930475,0.139638566,0.140557292,0.141198786,0.142038875,0.142813111,0.143607342,0.144613275,0.145648375,0.146607689,0.146622994,0.146601601,0.146888186,0.147451696,0.148020958,0.14784527,0.148335416,0.148304907,0.148243899,0.148611561,0.148796102,0.149193179,0.149939964,0.150005729,0.150852689,0.151509163,0.151949165,0.151894062,0.152201092,0.152522525,0.153114433,0.153562652,0.153852697,0.154501532,0.155335828,0.155739186,0.155516595,0.15607967,0.15614357,0.156557531,0.156865353,0.157353765,0.189384935,0.156917151,0.156859839,0.156807972,0.156217109,32.85
517,1495634567.0,29.7,0.06308669,0.064004671,0.060039102,0.060109044,0.071526855,0.060281073,0.061527946,0.058767665600185696,0.06136534254451664,0.064907628,0.066709629,0.066836283,0.069669763,0.070846451,0.067940592,0.073020431,0.075415216,0.078703704,0.080273403,0.082267519,0.083318716,0.085846512,0.087407277,0.090197802,0.093428886,0.084851043,0.097862693,0.096859623,0.102348182,0.103871096,0.10556952,0.108245374,0.110352041,0.110785944,0.112548254,0.11836107485934924,0.115453608,0.115946718,0.118361626,0.119023375,0.12196540056313852,0.120965788,0.122393412,0.123822402,0.1245212,0.125013846,0.127083241,0.127293298,0.12823066,0.12643810985671927,0.130993815,0.131891772,0.133207211,0.135427108,0.136185558,0.1379992,0.139259062,0.139798768,0.141256897,0.144630221,0.145614231,0.146818375,0.147510907,0.148918116,0.150279616,0.152015138,0.152083562,0.152852978,0.154023718,0.154826146,0.156104733,0.157969364,0.158907333,0.160124546,0.160849834,0.162184418,0.1707369223984903,0.165513756,0.166719368,0.167513393,0.168825244,0.17031045,0.171727717,0.173548785,0.16185264306838884,0.173244831,0.173035043,0.18148697420465384,0.173680123,0.174840771,0.176057909,0.177177054,0.177658059,0.177499896,0.17580264634595674,0.17673004147362392,0.179669031,0.18435419648169063,0.181129611,0.162397959,0.182320925,0.182508633,0.18227359,0.181872631,0.18115281,0.18129898381713933,0.180308422,0.18071802244197965,0.180799758,0.18165549220727245,0.181405149,0.17100255713038542,0.1488,0.185492701,0.184888129,0.1907850870153823,0.181488801,0.177515631,0.175733015,0.1699421455723035,0.18553645009444894,0.177972503,0.17578611586415116,0.1405,0.178020006,31.79
619,1495701027.0,39.4,0.08300322,0.056519097,0.049522593,0.047499904,0.046241423,0.045563531,0.045414348,0.045592857,0.046338391,0.068294466,0.048007521,0.048667366,0.04948281,0.051423087,0.052605472,0.054698676,0.055835726,0.057672392,0.058908858,0.061208559,0.062379031,0.094375538,0.066189357,0.067555556,0.069387339,0.071937052,0.073711976,0.075191586,0.076773812,0.078953144,0.080522181,0.082538068,0.083854527,0.085278047,0.087183105,0.08869991,0.089742053,0.090696707,0.091986382,0.093486066,0.093776153,0.095087488,0.096006639,0.096571888,0.097911205,0.098658685,0.099668953,0.100653098,0.101623817,0.103020332,0.103807424,0.105063505,0.10644636,0.107389686,0.108406815,0.110159427,0.111462305,0.112713496,0.113852129,0.115573702,0.116857348,0.117791134,0.119082015,0.120349078,0.121430884,0.122529978,0.124465076,0.126178703,0.129088107,0.128551258,0.12962902,0.131585271,0.133045901,0.134382689,0.135568882,0.136704718,0.137985461,0.138962056,0.139129313,0.139684433,0.14020549,0.141074617,0.141947448,0.1428679,0.143785409,0.14428151,0.144875134,0.145577185,0.145984996,0.146556174,0.146528186,0.147254093,0.14740533,0.148191832,0.147762865,0.148052854,0.148582453,0.148861041,0.14875024,0.14923119,0.149275554,0.149722084,0.149896943,0.150167953,0.15053142,0.150953075,0.151354077,0.152549546,0.152920854,0.15334574,0.153452163,0.153791783,0.154391911,0.17435259,0.182587014,0.156276805,0.15322145,0.157000747,0.157440629,0.15776764,0.157983807,0.158165994,0.158090652,0.158098008,0.157877418,32.82
524,1495635407.0,29.0,0.089736381,0.066546872,0.061267342,0.06002126,0.05763949127382091,0.059428818,0.059848327,0.060374417,0.060264792,0.062535371,0.062441447,0.064338564,0.065332917,0.067312834,0.069202866,0.071119825,0.072409396,0.07533389,0.076301816,0.078383071,0.080644207,0.082721242,0.084320774,0.086081047,0.088208768,0.09039331,0.088639931,0.094619283,0.097060961,0.098777277,0.101135958,0.102558415,0.104429676,0.106657669,0.107077179,0.109106056,0.110265087,0.111154665,0.12567107,0.113884716,0.115102413,0.115885932,0.116856302,0.117321885,0.118174181,0.11902241,0.120533475,0.12068591338567375,0.12288223,0.123784902,0.125408829,0.126037881,0.126752474,0.127976671,0.129215706,0.13848232596302318,0.132505055,0.133553452,0.134683332,0.136281961,0.13563929324376328,0.138943278,0.141114957,0.142923975,0.144884469,0.145674526,0.145934072,0.146919466,0.147372206,0.148839593,0.149207413,0.150098568,0.152346967,0.153687701,0.155320725,0.156648865,0.158183259,0.159895531,0.161099001,0.162057796,0.162388567,0.163242737,0.164885974,0.165544876,0.166959578,0.167509717,0.168518624,0.167704525,0.167493939,0.16809298,0.168616098,0.169640362,0.171468927,0.17920380632952804,0.174764355,0.174394591,0.174154969,0.173395205,0.173969432,0.174456936,0.174968111,0.174648106,0.15946812294989884,0.175520662,0.17618664881157442,0.177578532,0.178481737,0.178477858,0.179633372,0.179354725,0.179761541,0.180444702,0.180848306,0.1496,0.183099289,0.183228777,0.18213788666053835,0.18491563,0.18049716971663887,0.186503876,0.20481877194984405,0.186469378,0.186880765,0.186172352,0.18047812680485076,31.91
387,1496169673.0776157,35.9,0.08925426002911943,0.065512094,0.057347419,0.042184492,0.04737446,0.054563032,0.054174565190076136,0.05153128235667009,0.055324728,0.05652957,0.078788747,0.072618639,0.059877583,0.06127675,0.062431005129753664,0.06674651627291002,0.066312726,0.068725503,0.069780663,0.1513,0.073480723,0.075100302,0.077848055,0.079302963,0.081850998,0.083171259,0.085750573,0.087831503,0.089026798,0.0784,0.093382558,0.14411817855905446,0.2,0.098616289,0.09752716177187595,0.101601114,0.10316295865863402,0.104222628,0.105396897,0.106899823,0.10884029639001129,0.108361746,0.109949217,0.10601028693853262,0.12175413408698454,0.112277762,0.13376611,0.114550357,0.115691798,0.116573979,0.118082193,0.119506678,0.118340081,0.12237562,0.123251506,0.124778917,0.126889279,0.127946672,0.1101,0.130726298,0.131826224,0.132971121,0.134349297,0.135733477,0.1367087310993159,0.138808873,0.140284184,0.14389776634938264,0.14212288703582496,0.146098030203779,0.145132828,0.146255975,0.148226424,0.149610886,0.15165716608493188,0.151631548,0.152782194,0.15187190229403033,0.154305481,0.15263848561018598,0.1345,0.14008630467129923,0.2621369306059098,0.158520339,0.14647936142054396,0.14244588232332814,0.15465097625914329,0.16827962823539228,0.160430094,0.14859766,0.161102617,0.162448773,0.162432463,0.17071210857434924,0.1423,0.1427,0.15977638131396765,0.163068388,0.16110440031724113,0.164010267,0.164932057,0.165685977,0.166496196,0.166603459,0.2994,0.2994,0.2998,0.3001,0.168537867,0.16886449,0.169226585,0.150275732,0.168487178,0.16684587302771653,0.168737325,0.17517281943971463,0.168951919,0.169010381,0.16225846990013285,0.167360739,0.182530996492599,0.2133456508407678,0.16521048,0.164232964,0.163741684,34.62
657,1495805050.0,40.6,0.089646153,0.060016027,0.052536888,0.049635423,0.048539641,0.0481199,0.047891476,0.047831324,0.048302139,0.049196366,0.049636641,0.065949473,0.052318463,0.053686437,0.071271484,0.085491179,0.058520006,0.059966358,0.062131454,0.063583822,0.065436315,0.067170088,0.068651811,0.070302136,0.072236319,0.074482355,0.075824811,0.0782475,0.080400656,0.082260271,0.083861041,0.085990884,0.087519938,0.088870978,0.090554024,0.091963899,0.09321895,0.094245389,0.095594388,0.096660187,0.097574344,0.098540966,0.099587634,0.100798597,0.101222177,0.102641448,0.103663182,0.104086679,0.105224213,0.106530178,0.108001181,0.10921895,0.109609748,0.110540717,0.11193143,0.113335422,0.114399607,0.116202346,0.11779857,0.118649185,0.119703605,0.121311818,0.122343523,0.123828231,0.125433457,0.126840313,0.128146517,0.129362541,0.130722061,0.132214489,0.133577416,0.134441011,0.135966388,0.137713319,0.138756776,0.139777272,0.141251944,0.142116371,0.142790691,0.143436081,0.14371075,0.14472107,0.145294552,0.146481699,0.146757405,0.147745182,0.14825073,0.148491895,0.148925488,0.149395122,0.149266463,0.149653634,0.149862202,0.150343692,0.150467718,0.151020113,0.151552171,0.151508588,0.15109151,0.151379126,0.1518072,0.151842106,0.152024379,0.152282868,0.152167795,0.152544913,0.152420963,0.152296614,0.15315025,0.153527506,0.154168206,0.154662412,0.155610174,0.156610523,0.157099469,0.157573647,0.15810553,0.15833598,0.158479511,0.158942755,0.158731881,0.158302872,0.158207618,0.158626182,0.158583492,30.47
510,1495633727.0,34.5,0.08746198,0.064395291,0.059099072,0.057540045,0.056780426,0.056662088,0.057035389,0.059123251,0.059176595,0.060339352,0.061649174,0.063120067,0.065692229,0.066891645,0.067564843,0.070183318,0.071949852,0.073711113,0.075550892,0.07760524,0.080073937,0.082275436,0.084066156,0.08592594,0.088542052,0.090689617,0.091926429,0.094395936,0.096183801,0.098623256,0.100534739,0.102428742,0.103881514,0.104585198,0.106896487,0.109372932,0.10883651,0.110688683,0.111887056,0.113231528,0.114243435,0.115080478,0.115894719,0.116502219,0.117815661,0.118895267,0.119677996,0.119588633,0.12081767,0.122765376,0.123560882,0.125455129,0.126226785,0.126764545,0.121904394,0.129190839,0.132026886,0.133164116,0.134355805,0.136137297,0.137335009,0.138924419,0.140719193,0.141744936,0.142464656,0.143613274,0.144969347,0.145471388,0.154566746,0.147285428,0.149080184,0.150124163,0.151524795,0.152946644,0.15431543,0.154693321,0.15626753,0.157978069,0.159064963,0.160932076,0.16220317,0.164238947,0.164760148,0.165293521,0.165882201,0.166580349,0.167413276,0.167114156,0.167207612,0.168044539,0.168187268,0.169008499,0.169662237,0.169392142,0.169165027,0.17019544,0.17121448,0.171821171,0.172145516,0.172939637,0.173496068,0.174654785,0.175762472,0.175847543,0.174930543,0.173670374,0.173449397,0.17311375,0.172782998,0.173664393,0.175027575,0.175581563,0.174438652,0.172539769,0.187426832,0.170558694,0.170576253,0.171756854,0.172225073,0.172745968,0.172988745,0.172077705,0.170350114,0.168707376,0.167214825,31.91
268,1495265658.623305,33.120820957134065,0.097491974,0.07063579796737768,0.063888872,0.06358779796334635,0.039704058,0.059632226,0.05951656972996911,0.059866348,0.049342737,0.061973467,0.06478376299632227,0.063871643,0.064936861,0.066996312,0.068531103,0.07323214286896793,0.072081412,0.07352987598431117,0.065350878,0.06981151718281907,0.079488471,0.081637492,0.08333888564314061,0.085842383,0.087443194,0.089800559,0.09243469,0.093828243,0.096013169,0.097978706,0.100082503,0.101674917,0.10517442084471007,0.105031219,0.10479320642815174,0.11276083514474157,0.0889,0.09526187265793809,0.0907,0.10003018689571816,0.114347301,0.1089957773530972,0.116988464,0.11738173,0.118146061,0.11694375857245118,0.11391583102752821,0.121515179,0.12909011027457573,0.124491073,0.12316383664672145,0.126791409,0.127958249,0.129324177,0.131022384,0.132457331,0.134049921,0.135840032,0.14930959637182784,0.12539781342477166,0.12352413557012631,0.14056472,0.141768319,0.142740345,0.14421360635028038,0.14457360597321353,0.23467609914691107,0.148706727,0.14677740936404107,0.1223,0.15222370707506014,0.15612798706991154,0.2836,0.156832053,0.15933179697793703,0.15769281752055458,0.159702463,0.160405256,0.160836818,0.161822432,0.16175509349577044,0.1695394767080055,0.164360045,0.165203077,0.166026985,0.167172395,0.17696364533923306,0.168236885,0.167811424,0.16212461082371687,0.1415,0.14949347723842218,0.16647519669733177,0.16876824,0.16834894020371655,0.168822381,0.169128828,0.17472478159062171,0.169394081,0.169666468,0.16773933818084838,0.17494009412105657,0.2997,0.173742196,0.175135086,0.17528096148249506,0.176486516,0.176765345,0.17325451770422806,0.176695961,0.176291104,0.16556838793618878,0.174713261,0.192560893,0.173748086,0.18001650037904868,0.3,0.28719154369939914,0.173704502,0.1681440113774449,0.1834429368329076,0.172292607,0.1700544002337756,0.170119752,0.168720815,36.96
442,1495293418.0,37.4,0.09654730737378889,0.070048233,0.062654002,0.061227105,0.05880825093913213,0.059603168,0.059695102,0.05696398346370792,0.061182015,0.061753964,0.06329221,0.064149715,0.065341012,0.089688103,0.069866871,0.07465233196285426,0.073584946,0.07507275961152435,0.078403456,0.08025615,0.083425122,0.08527551,0.087570477,0.089441753,0.092167433,0.09182013197960633,0.096388425,0.09932578,0.101070757,0.10460454547978996,0.105704413,0.10863994,0.111289417,0.12735091,0.114883905,0.116497435,0.11803096,0.120493823,0.121437978,0.1268511577648913,0.13043985295413815,0.2235,0.125762267,0.127090862,0.128422974,0.130347054,0.131183213,0.132367144,0.134259396,0.135464993,0.137015204,0.138350734,0.139768342,0.141209034,0.142281106,0.143809705,0.145640602,0.147679362,0.149498766,0.150909971,0.20131404360350413,0.153514272,0.155042855,0.156378601,0.15795254,0.159888033,0.162175256,0.164530655,0.165587427,0.166830194,0.168250419,0.17389647068946837,0.171134463,0.172388084,0.173709636,0.17283239763766145,0.176526135,0.24147592392879644,0.179647248,0.180711762,0.181677009,0.182673438,0.182937124,0.183638033,0.184596797,0.185252415,0.185793254,0.185865722,0.186823992,0.186991846,0.187200431,0.19487163182403858,0.187719262,0.187680694,0.187789117,0.188485415,0.1885753785398745,0.188840712,0.188981965,0.189709284,0.190077477,0.19619369739747194,0.191184595,0.20058937838626933,0.191373878,0.19137197,0.191464138,0.191724071,0.19185136,0.192468632,0.192191917,0.193015725,0.193815041,0.1933961005690246,0.1861932763066971,0.194133996,0.194716764,0.193872663,0.194050857,0.193402896,0.193919308,0.194120049,0.1920809814392265,0.192739122,0.192570558,29.72
497,1495019182.0,36.4,0.099527195,0.06933785,0.061504808,0.059328501,0.058802009,0.058122491,0.080693075,0.058333495,0.059425322,0.061167207,0.061477244,0.063094995,0.064981536,0.065960779,0.067453757,0.069265673,0.072289509,0.073793835,0.076287188,0.078457073,0.08013757,0.083217986,0.085692621,0.087490047,0.090012382,0.091871805,0.094748478,0.097033301,0.099503691,0.101498628,0.104131278,0.10603531,0.10822767,0.10982659,0.112052267,0.11408154,0.115821116,0.116502454,0.118277727,0.120295911,0.121530144,0.123132117,0.123236559,0.124554363,0.125986529,0.127164962,0.128707537,0.139637022,0.130950412,0.131954017,0.134013247,0.1358445,0.13694813,0.137754768,0.139679385,0.141628136,0.142350823,0.143921908,0.145756001,0.1478467,0.149301124,0.150586429,0.176451873,0.154692957,0.155654017,0.157445396,0.159592962,0.161292835,0.162644394,0.16463852,0.166307812,0.167996446,0.169973149,0.17148269,0.172769458,0.173161304,0.174222365,0.174846773,0.175694031,0.176938585,0.178609777,0.179964573,0.181425123,0.182248723,0.183257889,0.183888428,0.183849402,0.184418514,0.185402144,0.186030859,0.186753813,0.187052918,0.187173196,0.187424335,0.187537827,0.18809865,0.188591728,0.188914313,0.188841632,0.188523787,0.189874376,0.150164515,0.19163519,0.190868199,0.190535549,0.211556998,0.190781369,0.19129022,0.192313158,0.193255282,0.193055306,0.193527908,0.223093108,0.193237397,0.193424742,0.192766001,0.192549074,0.192650309,0.193338751,0.193514187,0.194320901,0.192869772,0.192266652,0.19114756,0.188252839,30.1
113,1494333487.0,44.66058242522483,0.1844,0.1284,0.10973349704426101,0.074192091,0.073913598,0.099829522,0.10187717729863217,0.074221378,0.07535843739629922,0.076998263,0.079040512,0.080265578,0.082736259,0.083970027,0.086698794,0.09254803950618101,0.09208809,0.094787901,0.097236737,0.09810979747562801,0.15415953250432748,0.10570216,0.108567912,0.111128509,0.114166221,0.11594889818117599,0.11816852587672635,0.123375476,0.125530367,0.128760118,0.131121424,0.133702549,0.136601994,0.120400916,0.141250968,0.143566275,0.14536345,0.147657077,0.14019217427389097,0.153088382,0.155648739,0.2235,0.159891603,0.0945,0.16293762,0.16541628,0.16764385,0.17368519556255732,0.170896643,0.173093339,0.17496717,0.177031096,0.179768759,0.18194684,0.184338134,0.187279321,0.190342301,0.193951154,0.196269987,0.19731607,0.2035764329135579,0.198482619,0.19746606766831834,0.200653848,0.203122403,0.171034389,0.1715130077211476,0.21446802241066665,0.21042680058583635,0.2761,0.2681819145912593,0.202394057,0.210053652,0.212301425,0.214447609,0.215981277,0.217076758,0.21816885640896017,0.214855876,0.20996080185584096,0.23596067741224,0.1355,0.213614334,0.21150065040348362,0.214517764,0.215230596,0.22033032423645998,0.216740711,0.21726743660622055,0.217226752,0.217330987,0.217216064,0.21415548835534895,0.142,0.217002494,0.2220561878987405,0.216955291,0.216471919,0.21871278992434667,0.21364665548761352,0.21573440053038728,0.148356782,0.1462,0.15562175220843844,0.216605536,0.21670628,0.217143355,0.21925296809045608,0.217893282,0.218066674,0.22100758117765343,0.217534036,0.21726242,0.21656051,0.216084161,0.22094091076775335,0.214737716,0.215313013,0.215989815,0.216040749,0.23920765989089382,0.2365404335479038,0.23488838163806136,0.144926874,0.14116642384482397,27.45
233,1494743194.991819,44.99977461328505,0.160796619374926,0.110010103,0.074098205,0.095555597,0.093846844,0.09338325417554542,0.095438072,0.09213825715730153,0.095419016,0.09316634936491058,0.09496110804782332,0.0455,0.0465,0.092748867,0.09140331538734288,0.113760762,0.12276925865393304,0.1255442958118947,0.12137876277223317,0.085138502,0.086225342395135,0.132204621,0.13663828406454046,0.14834008796070253,0.142981346,0.1475539763424822,0.150232721,0.154056213,0.1550686273981064,0.160838722,0.163780233,0.167605516,0.1696042479533073,0.16924285265830347,0.086,0.177704477,0.17818208960052767,0.19598120738207409,0.184177859,0.186650985,0.19517986990592034,0.190034156,0.191352468,0.19471835831689427,0.0954,0.18117878779887273,0.1819976838530637,0.20855126587567646,0.20271672,0.20495516,0.20222232422157116,0.209148728,0.21195492803594657,0.211903067,0.213803414,0.2117529840011504,0.22168538937068968,0.21843045,0.24283282683927268,0.22298491,0.224136275,0.22595769,0.227439601,0.22232722367345575,0.22945705550016196,0.234613616,0.23723054331798377,0.24684763806970428,0.2508494854485086,0.240969475,0.23553107673580342,0.24848914262932525,0.247340377,0.24900085,0.2572884703005899,0.25249071,0.254341945,0.256151561,0.257277965,0.258055702,0.259076518,0.259941564,0.260699668,0.2570836565775871,0.224608343,0.22630520678497115,0.263361316,0.264525378,0.265768348,0.2592633563007845,0.2578826253228461,0.1418,0.1424,0.296535839,0.267389848,0.267044692,0.26789029,0.274772662,0.267429769,0.2580439718104622,0.266920772,0.268526577,0.2566850697525565,0.26606514543815474,0.1473,0.1475,0.2822894633960342,0.2874057117441756,0.2541491909169483,0.1484,0.1489,0.1488,0.271111775,0.27442330274158694,0.3001,0.2997,0.2970857029158066,0.1488,0.1471,0.25573011727525763,0.1427,0.271870756,0.27103629,0.2702572427607443,0.27038697,26.18
588,1495795708.0,37.5,0.082368024,0.058831858,0.052667442,0.050591678,0.049987538,0.049573468,0.048605457,0.049268145,0.049033816,0.046159169,0.051135344,0.052490431,0.053912641,0.05544098,0.078422632,0.057555534,0.059398354,0.061734489,0.063096195,0.064492223,0.066475347,0.06876933,0.070757964,0.071857262,0.0740424,0.076930148,0.078311088,0.079216618,0.081279256,0.083593273,0.08531315,0.086418397,0.08836253,0.090534111,0.091793079,0.093687575,0.094694887,0.096011819,0.096875024,0.098958115,0.099156055,0.100321292,0.101559794,0.10239215,0.103530708,0.105136938,0.105504016,0.106662536,0.107885912,0.10926322,0.110888391,0.111994157,0.112417889,0.11395007,0.115271818,0.116602946,0.117627908,0.118632621,0.120105782,0.121475107,0.122737108,0.124917341,0.126499033,0.127648469,0.129021899,0.130717071,0.131944268,0.133650905,0.137397179,0.135851237,0.137927493,0.139758699,0.140319047,0.141613199,0.142742196,0.143838841,0.144875825,0.145542909,0.145898839,0.146476941,0.14795071,0.149386716,0.165942273,0.150439034,0.151436296,0.162477077,0.15242047,0.153513191,0.154422907,0.153929877,0.154289584,0.154347541,0.154310414,0.154212735,0.154748726,0.154569695,0.155261058,0.156068433,0.156752553,0.157239801,0.157457963,0.15810592,0.148778704,0.159550999,0.160449494,0.160635945,0.16005251,0.159879516,0.160063505,0.160168337,0.161123348,0.161555409,0.161758987,0.161855788,0.161280227,0.160264032,0.159331243,0.158419379,0.157230101,0.15638171,0.155142372,0.1542234,0.152299434,0.150498694,0.180841521,34.89
374,1495026614.0,42.0,0.111142126,0.074993459,0.066404026,0.063973406,0.063251285,0.062702599,0.062376458,0.06234192,0.062798366,0.063606027,0.064580611,0.065939564,0.067774707,0.069379768,0.071773711,0.073869939,0.075914056,0.077933776,0.080582337,0.082533789,0.085048783,0.08740925,0.089481787,0.102538344,0.105604448,0.096842027,0.098792632,0.101313216,0.104827026,0.106906745,0.109314999,0.111716512,0.113737917,0.115385943,0.117548261,0.119415131,0.12055096,0.12295486,0.124177402,0.125381299,0.126979837,0.128139312,0.129191538,0.140171085,0.131720302,0.132222871,0.133895025,0.135429496,0.136909447,0.137767622,0.138727134,0.140747422,0.142457688,0.144213285,0.145399716,0.14663002,0.148248128,0.150039352,0.151128051,0.15279286,0.15406082,0.155375351,0.156659186,0.158030774,0.159498741,0.161192571,0.163515393,0.16543554,0.167153085,0.168747298,0.169572344,0.170868399,0.172703334,0.200806079,0.175550359,0.176912449,0.178129807,0.179385998,0.179941755,0.180803385,0.181328316,0.182235963,0.183322738,0.183653481,0.1847489,0.185717445,0.185827514,0.18637264,0.186631133,0.186750108,0.187097469,0.187112662,0.188026671,0.188237837,0.188185781,0.188508974,0.188411579,0.145846783,0.189097262,0.189402047,0.189021123,0.188848117,0.189102837,0.189486996,0.190435252,0.191135852,0.191434872,0.191526706,0.192558578,0.199313176,0.19333003,0.193799773,0.194029567,0.19461401,0.195235871,0.194794212,0.195049797,0.194733456,0.194705516,0.195567374,0.196068507,0.196203623,0.196278424,0.196678254,0.219632089,27.9
234,1495037206.0,43.2,0.16119664909246212,0.110258914,0.099451363,0.096685903,0.09317652620072729,0.09383974365694644,0.09556504501457583,0.09316977098096012,0.096696701,0.098628554,0.087128482,0.09278407095974854,0.106543464,0.10574911959919653,0.11113428,0.11852785839764429,0.12459594192736226,0.12741878598948836,0.123687189,0.126169136,0.13465774241454517,0.13412875,0.13654825,0.14515836061445803,0.08625859,0.08533917988039151,0.0893333415450995,0.08803582030822597,0.180297065,0.18670098514615863,0.165631263,0.167866917,0.16985969870745582,0.16950769708704397,0.17782424013543285,0.18463353660258475,0.181519935,0.182735852,0.1758075539201624,0.186295475,0.189357387,0.168388384,0.1643251224264145,0.22710000000000002,0.196881677,0.1818440012204906,0.144072715,0.14716761349927682,0.203452126,0.205235987,0.207376312,0.208843417,0.210320594,0.2166593753809101,0.2181157182067624,0.215797345,0.218021524,0.21216770487975645,0.2608,0.223069469,0.224781084,0.23380823743461587,0.22686666210183526,0.175496218,0.17929757547906036,0.234445517,0.23705679078059774,0.24666312571090285,0.240895483,0.242607959,0.23705390838755813,0.271056043,0.248144027,0.2345988224119877,0.241982046027495,0.23689272483244178,0.25494616,0.25721766319072525,0.2609859608191134,0.25363158733032226,0.24123375492844215,0.25542796169107423,0.261770373,0.262749868,0.25310049213087926,0.182873036,0.19113156345850754,0.266053889,0.266873258,0.266463019,0.2660886647292874,0.27383671845536506,0.268442073,0.2703308938939591,0.2550470622038984,0.1701178848448422,0.268180269,0.2652171014204422,0.27129604439765603,0.270090183,0.245296202,0.24873150657131834,0.2997,0.27023959,0.271166052,0.270883042,0.28223434038535433,0.272181406,0.25359452810362415,0.2996,0.2916413109567292,0.271496783,0.271604603,0.2749399154356278,0.3001,0.2997,0.2698488428131875,0.271114153,0.27934183323766837,0.224270713,0.2487895580747291,0.24612247046136937,0.27136344800651246,0.2735779526977314,0.275746287,26.15
538,1495041624.0,43.0,0.177722088,0.123978989,0.11205480500000001,0.11087026,0.10872417299999998,0.110096536,0.110471684,0.111901443,0.113672134,0.115956353,0.118212236,0.121029735,0.125453438,0.127325063,0.131598635,0.13513655,0.138862049,0.14250917,0.129112718,0.149311489,0.151917941,0.156740043,0.1614549,0.164333546,0.167722421,0.172305656,0.176291865,0.180514208,0.183649283,0.18721207,0.191983332,0.19424365,0.197948072,0.151505155,0.20444656899999997,0.207200182,0.209394013,0.212175534,0.215063792,0.217916939,0.219936757,0.22173079700000004,0.223291506,0.225989632,0.226863001,0.229205354,0.231626658,0.233596121,0.23562172600000003,0.237438028,0.2394534,0.242109075,0.243499846,0.245419474,0.247362204,0.250000586,0.253886035,0.256327385,0.258363584,0.260284964,0.260752512,0.261825519,0.262803922,0.264508622,0.266097681,0.267831126,0.270020807,0.272529877,0.274017578,0.274571399,0.276769512,0.279193858,0.281172776,0.283030738,0.284909445,0.287131104,0.216721949,0.291126748,0.291766774,0.29261553,0.293571754,0.294140693,0.295370942,0.295894972,0.296531087,0.259034361,0.296354153,0.297387854,0.201980715,0.298229332,0.298577873,0.298811864,0.298069369,0.298134262,0.297332849,0.297816604,0.297548302,0.297153468,0.296617677,0.296944696,0.297154822,0.296946283,0.296927811,0.297164396,0.297446385,0.297841973,0.297361746,0.296927201,0.297503754,0.296832181,0.296189008,0.295490672,0.294843162,0.294253548,0.29434909,0.295314854,0.296529363,0.297815667,0.297224816,0.296931012,0.295726386,0.295094997,0.294917667,0.295167077,0.296831006,25.73
318,1495632149.0,37.7,0.093977892,0.065097984,0.058568928,0.056005245,0.055258385,0.05928863117232637,0.054175429,0.054807785,0.055228622,0.056150863,0.057178872,0.058067098,0.059774847,0.061630554,0.063143256,0.064970639,0.066295565,0.068381895,0.0589,0.072840882,0.073867379,0.075594362,0.077974774,0.080017227,0.081814619,0.083943881,0.085850458,0.088238021,0.090326419,0.09256556,0.121877173,0.12765544599291084,0.0836,0.0853,0.101476271,0.103235258,0.104858681,0.106105441,0.107395705,0.11459832203607476,0.109335164,0.110471402,0.131893843,0.112256776,0.113728272,0.114631208,0.115392784,0.1167035,0.117486381,0.118808445,0.120387957,0.121742339,0.12379076,0.12438901,0.12567512,0.127040811,0.127918658,0.11576336204866178,0.130920213,0.132478299,0.134135802,0.134996728,0.135823997,0.137541225,0.139210926,0.141578852,0.142600734,0.143627448,0.145263392,0.146920104,0.147900321,0.15133473845999654,0.150078525,0.15123371,0.152748507,0.15316447055597168,0.155507836,0.156162917,0.156986551,0.158318688,0.159002974,0.159426333,0.160084848,0.161039397,0.16183325,0.15892589650120506,0.163082113,0.16325065,0.1657426700762728,0.164786702,0.165838969,0.165984691,0.165519816,0.164997121,0.16512975556641304,0.16312120950394568,0.166465436,0.166425308,0.166246904,0.166976399,0.167131559,0.167073815,0.167068931,0.150841631,0.167904981,0.16805049804285857,0.177671641,0.188836019,0.16952639,0.168114380944568,0.16981452,0.169918453,0.170768568,0.16923736668079203,0.171695613,0.172395964,0.192525376,0.1940504851276548,0.172919858,0.172977714,0.1890706706091745,0.2993,0.172976742,0.17372712,0.173839809,32.34
411,1495637700.0,30.2,0.102386786,0.072765147,0.065679012,0.062907819,0.062096193,0.0617102,0.062132622,0.062384927,0.063402626,0.064498908,0.065692385,0.067090213,0.068994739,0.070791216,0.072745265,0.074160406,0.075772036,0.078715826,0.066435383,0.08270846,0.084629919,0.086934814,0.088642942,0.091215406,0.092952704,0.095338925,0.097740229,0.100432702,0.102593471,0.104882126,0.107294849,0.109352611,0.110987483,0.112857735,0.114602764,0.116527543,0.117039814,0.118537636,0.120477074,0.122220939,0.123481918,0.124460602,0.125502511,0.126475582,0.127308132,0.128736754,0.129734522,0.130643537,0.132315022,0.133315108,0.13474495,0.135670362,0.137385049,0.138725401,0.139937467,0.141234706,0.142752592,0.144299271,0.145374894,0.146507563,0.148768145,0.16851193,0.150790618,0.152638317,0.154372611,0.155103079,0.156594451,0.158480659,0.159434914,0.160119794,0.148764246,0.162937266,0.164169358,0.16588586,0.167465556,0.168575446,0.169987396,0.170932669,0.171821317,0.172572535,0.173406032,0.174527094,0.175698065,0.176595479,0.177492328,0.178461417,0.1788813,0.187465295,0.179619614,0.180022302,0.180207273,0.180076907,0.17956246,0.194235135,0.179394314,0.180052721,0.180948743,0.181947971,0.182511936,0.18323528,0.183819893,0.183839788,0.184528792,0.18540856,0.185262065,0.185170535,0.184847308,0.184293758,0.184669573,0.185011597,0.186078087,0.187030407,0.187927186,0.187845997,0.187894413,0.188111549,0.18837293,0.188700617,0.187984427,0.187937735,0.188044773,0.187794942,0.188083831,0.187401881,0.18699184,31.5
605,1495797978.0,39.2,0.103985621,0.057593783,0.050883083,0.047484885,0.065299305,0.046508221,0.04568626568329463,0.046201797,0.04651254,0.047312118,0.049002412,0.050168832436398254,0.04962068545993796,0.052303619,0.05374069,0.054848632,0.056302977,0.05849916,0.06055407,0.061400911,0.063424638,0.065441752,0.067004694,0.06942506,0.070978894,0.072480545,0.074673243,0.076029639,0.078108427,0.079717608,0.081618017,0.083221311,0.084855579,0.086463325,0.088276248,0.089268608,0.0889,0.092101635,0.093558496,0.093966382,0.094919352,0.0933,0.113368451,0.09795587,0.10844929114247044,0.100274822,0.101213315,0.101202215,0.102657586,0.103848846,0.1009,0.106470634,0.11005991998084505,0.1038,0.109782397,0.111038679,0.112501551,0.113862793,0.115337254,0.11631729,0.11341659409387483,0.118277032,0.119976258,0.121628488,0.123207733,0.124272715,0.125714484,0.12842582128042193,0.128787608,0.129884471,0.13228700469940036,0.132060777,0.134192099,0.135270332,0.136416075724993,0.137518974,0.13871898,0.139849468,0.14035299,0.140570712,0.141489667,0.142141083,0.143197011,0.144407737,0.175461605,0.1735538184415567,0.14584314,0.1533075299861682,0.1403,0.1413,0.147676083,0.15562600690991696,0.147992946,0.15714308267054808,0.148678162,0.149087722,0.1441997739546192,0.149865794,0.149743982,0.149813723,0.150145572,0.150444385,0.151524127,0.16094387087282336,0.15214849,0.152692215,0.152539974,0.152551441,0.153130206,0.153150435,0.153456559,0.154325805,0.154384765,0.154522416,0.154863712,0.155024768,0.155879408,0.156698571,0.14814040065218478,0.157721772,0.157972327,0.15834512,0.158313387,0.15796724226933112,0.157376585,33.6
359,1495024814.0,40.6,0.114652328,0.11258355,0.067028393,0.064595335,0.063465334,0.066199273,0.063001598,0.062432806,0.063284572,0.064688332,0.065393682,0.066312491,0.067873731,0.0677022149802545,0.072019771,0.1369,0.07688834917235149,0.078276219,0.08068615,0.082771942,0.085251814,0.086868872,0.089342355,0.0947093509693076,0.09634707811740353,0.096323527,0.099036696,0.075,0.104988699,0.107139393,0.109138876,0.111180729,0.113345627,0.115230911,0.11725355,0.119258247,0.120507289,0.1309181295259974,0.12319716891336743,0.124890561,0.126356336,0.127928898,0.1253295421265807,0.22710000000000002,0.131474005,0.132539987,0.13044606602897907,0.134988624,0.136803748,0.13469174409096177,0.118672691,0.12430458769246824,0.141726298,0.143387016,0.144971951,0.15213053167347876,0.148604804,0.150218343,0.151592705,0.15269059,0.153753381,0.155506803,0.157695746,0.158620351,0.160348709,0.162588057,0.163924455,0.16900198773536482,0.16735149,0.168815628,0.170680349,0.17659048375988995,0.139385521,0.14872040600376205,0.17911725099502587,0.17605908695601205,0.179611506,0.1795367864761384,0.180883297,0.181632432,0.17890449735768812,0.183490243,0.18949006236849417,0.184976472,0.185733568,0.18457917498225293,0.19401384916243877,0.187791181,0.18938155002251075,0.188830997,0.188966103,0.19662485242196892,0.19411662906432525,0.189648857,0.189893513,0.190613475,0.191035455,0.190862196,0.191207153,0.191407486,0.19146505592014462,0.191652834,0.191446119,0.191337731,0.190983937,0.19113059820502487,0.191590199,0.192461909,0.1864709731078397,0.18846752520131538,0.194511129,0.194911069,0.19563596,0.19530490013037294,0.18810264496617782,0.197824008,0.198712131,0.1994121313319163,0.19912258,0.19067535094459762,0.199315427,0.199388067,0.200561617,0.201396547,0.202632808,28.33
259,1495620647.0,31.2,0.09938878351889045,0.071815578,0.065749322,0.062313372,0.062010988,0.062079513,0.061148938,0.061863583,0.062418802,0.0632108,0.065556751,0.067020865,0.06942460413885532,0.069801269,0.07027842795373193,0.0767936292967978,0.07536344,0.077849002,0.079855828,0.102496759,0.084214316,0.085945359,0.088549855,0.091155906,0.092662303,0.09236291654256365,0.098063149,0.100591899,0.102460378,0.10604450828337812,0.107421573,0.108275722,0.110504548,0.112770752,0.11355959864080568,0.115720511,0.117734793,0.11859797,0.120106297,0.121481586,0.12462668955291044,0.123936835,0.125058086,0.125506246,0.11732795190286952,0.127646721,0.12525975850082482,0.129813162,0.131053578,0.132672852,0.134170989,0.135647407,0.137187456,0.138485313,0.140143256,0.14212904,0.143697284,0.145259408,0.146585477,0.14742317,0.149037237,0.1606270028365005,0.152132871,0.154545289,0.155770807,0.156947433,0.158319958,0.159517805,0.161118449,0.162721982,0.163780357,0.165060104,0.166602068,0.141770272,0.169509493,0.145795164,0.172039362,0.172796153,0.17149211797798858,0.17402871,0.17232199864836212,0.176641751,0.177220762,0.17626826961218078,0.179208694,0.179779229,0.18027356,0.180040714,0.180347227,0.180574024,0.181283941,0.182084769,0.183055522,0.156418954,0.183555645,0.183427564,0.183654824,0.188607759,0.185000061,0.185021164,0.185282141,0.185974058,0.186842462,0.187377999,0.1870821012454879,0.187073172,0.187638704,0.188553291,0.189652285,0.190673452,0.189871756,0.18900536,0.188537821,0.18786419320733594,0.1806597196371337,0.189320419,0.191460942,0.192268154,0.192772682,0.1454,0.194173067,0.194564542,0.19484128,0.194671083,0.193725592,31.29
283,1495623527.0,33.0,0.09717418957407259,0.070438142,0.061265882,0.057281152,0.056719421,0.055810664,0.05548934142632114,0.1147,0.058006941,0.058339751,0.060411963,0.061808718,0.062426923,0.064173583,0.057818179,0.067326092,0.06908568,0.07045574140915782,0.072563244,0.074109518,0.07320677278454418,0.07925368073248285,0.07948145,0.082254602,0.083383702,0.0821859379650779,0.088020929,0.09019975,0.092205717,0.094089716,0.100111306,0.097426302,0.10102251665981114,0.100934444,0.086,0.103507192,0.10504188107980826,0.105705937,0.107016394,0.108035962,0.109541871,0.10428310949408344,0.139483641,0.112340718,0.1232729295271288,0.114034856,0.11552294,0.115855962,0.12329129045566975,0.118586081,0.120090974,0.12573804432990285,0.1291803852552238,0.12361113,0.124988313,0.126256613,0.12892014171680913,0.12956303,0.130849819,0.131600258,0.132680332,0.1448234947033041,0.135026083,0.136674781,0.13771693748956526,0.140092629,0.141587168,0.18320491090789906,0.144167596,0.145304374,0.145956691,0.147517634,0.149443204,0.150660029,0.151153638,0.15167577,0.152603857,0.15168801116590955,0.153599061,0.15196972646101353,0.156143855,0.1634757010405119,0.157628785,0.158714996,0.160129979,0.161297587,0.1716623459393895,0.161593113,0.161558405,0.15592381973819577,0.1415,0.14949347723842218,0.16092917554797012,0.16929944730753174,0.1635894,0.164713867,0.16180028756113582,0.165981626,0.1642470192897998,0.167106529,0.167647788,0.168306597,0.168858229,0.16922921,0.17040556862415543,0.169001061,0.168576254,0.168606988,0.168856069,0.170378959,0.170369743,0.170214015,0.170249785,0.169523493,0.168826155,0.168223485,0.166620708,0.17160064432179545,0.164775707,0.16022926219497344,0.17422803372798087,0.165141812,0.165102689,0.16420407,0.163240101,35.75
377,1495026974.0,42.3,0.10747232248672246,0.076843388,0.066626657,0.064495459,0.063510697,0.063141707,0.062353093,0.062502956,0.063570222,0.064423697,0.064741759,0.065999101,0.06825892471710772,0.06794950090605846,0.06857374441614915,0.1369,0.076319816,0.07787920505642718,0.080595887,0.082784487,0.08344667228899695,0.087360857,0.08937149847836989,0.0676,0.094684888,0.09458133332933397,0.099484088,0.10271305,0.10470139260834607,0.107073943,0.100043326,0.112033447,0.113900938,0.116139986,0.123752833,0.119397528,0.12140751,0.122753624,0.148303682,0.125692169,0.127062238,0.128277681,0.129046163,0.12682092076538945,0.131753482,0.12816009203854137,0.134639662,0.13564798,0.137160176,0.138565429,0.140025388,0.1018,0.1428016,0.13801967759383987,0.145534461,0.15261778305819565,0.2119435045731919,0.150105547,0.151460012,0.152626651,0.154015148,0.155952865,0.157441793,0.158381313,0.16096624299825602,0.162330848,0.164281854,0.165939297,0.16345656057049773,0.168673072,0.170442046,0.171982737,0.16113415115839358,0.1275,0.1294,0.177166519,0.178292765,0.179332959,0.179835027,0.180670044,0.181522863,0.182438452,0.183747156,0.184781135,0.173342725284286,0.2738751054001697,0.18545276,0.18626477,0.187485939,0.188055829,0.1767216321656045,0.17961482,0.18805832,0.1947931022419424,0.18814437,0.188053861,0.188102069,0.188064105,0.18806821668820264,0.187677115,0.188691863,0.18961235,0.189894559,0.19929982900599935,0.1473,0.1911107902230732,0.19594366186605486,0.1481,0.192557274,0.1957781423619581,0.2016986409181351,0.19256636202928817,0.194299938,0.194334482,0.195237436,0.195220706,0.19397296502352782,0.2766718389879827,0.28571488444920345,0.194565532,0.195726962,0.196333969,0.197535885,0.197906043,0.19166168916329254,27.8
385,1495625416.0,35.9,0.0896647852392024,0.065767433,0.058310416,0.062936603,0.06046517393531339,0.055284648,0.054935016644105994,0.055628844,0.05442091557313367,0.057347889,0.05799261,0.058805323,0.06005190335090116,0.06000636845059091,0.063667782,0.065526671,0.066935555,0.069299281,0.07042003782897023,0.072935051,0.07482348,0.076370191,0.078732902,0.080813252,0.082804284,0.084024931,0.08809528347637327,0.088554041,0.113565615,0.092928512,0.094559178,0.10034269601843335,0.098255634,0.099688165,0.097101075,0.10232419427324024,0.116869519,0.105595013,0.09748668133504783,0.108251126,0.109093601,0.10384349272281425,0.10411385725618415,0.111441218,0.113253528,0.114706125,0.115121731,0.116595462,0.117743158,0.118743507,0.119940567,0.121280146,0.12234647,0.123761343,0.12529589,0.13508694494964496,0.13807022582904044,0.129883322,0.131038075,0.12039134688447525,0.133426381,0.14554430291483697,0.136120116,0.13979884566075054,0.1166,0.119216956,0.1192,0.1205,0.144895474,0.145914291,0.147034286,0.15037458338991525,0.150129214,0.1513703,0.15352706509682093,0.153624602,0.1611124153699844,0.155775444,0.15331389902410453,0.156553809,0.1571940766546201,0.158441762,0.16323950809277288,0.159794315,0.14778256947416404,0.26158648553265235,0.162127423,0.162714165,0.163212211,0.163483173,0.163687393,0.17152440621162646,0.164137287,0.163960386,0.16424475528268964,0.2996,0.16581471,0.17169703940956887,0.165799857,0.16569255,0.146881128,0.166663931,0.166555369,0.167141063,0.166750519,0.16689597880925827,0.169044009,0.16893373216739188,0.170263949,0.16900030682597353,0.170187336,0.1590825419895607,0.1488,0.1496,0.170067434,0.17645857695449865,0.17066702,0.170207953,0.170414733,0.16522786238944934,0.171077133,0.17101073,0.1687608282322603,0.2856012333215561,0.169379538,34.66
225,1495035852.0,44.1,0.146915964,0.100308368,0.087726801,0.086407251,0.084578079,0.050654695,0.083131973,0.084591005,0.085018156,0.088335623,0.089554651,0.09231836,0.094076564,0.09649817,0.098808867,0.101661365,0.104235308,0.107812035,0.109460534,0.112550265,0.116209617,0.11885652,0.122768987,0.125289654,0.12765444,0.131766452,0.135323766,0.137977886,0.113197658,0.144716621,0.147999032,0.150827818,0.153342613,0.156214894,0.158074055,0.16019049,0.163145357,0.164617847,0.166683899,0.168788211,0.170343948,0.172213734,0.174070873,0.175949984,0.17733862,0.178559645,0.181083322,0.182176301,0.184082842,0.185220556,0.186259668,0.188636918,0.190992498,0.19268838,0.194332098,0.195757073,0.196448979,0.19884032,0.200687433,0.202818021,0.204956879,0.206476121,0.208633316,0.210209143,0.211476335,0.213019537,0.214339568,0.216535919,0.218420096,0.219429315,0.221135141,0.222885003,0.2251838,0.22742813,0.229364074,0.230917547,0.233371924,0.234715448,0.234798497,0.236053707,0.236342325,0.236688689,0.23776133,0.23882964,0.239689304,0.240623189,0.241810098,0.242695596,0.243413459,0.244830376,0.245905253,0.245708575,0.245177532,0.244177222,0.243738033,0.244381583,0.244057081,0.243877572,0.244660601,0.244221316,0.244939308,0.245534036,0.247131063,0.2476046,0.249051103,0.248334586,0.246892373,0.246494811,0.246171084,0.247160727,0.247890828,0.248684038,0.248746922,0.24965709,0.250454568,0.248972251,0.249185798,0.248095038,0.24793067,0.248657615,0.250208805,0.251453449,0.252232782,0.252517116,0.252027455,26.29
644,1496356258.0,40.6,0.102471664,0.06736838,0.055898538,0.052504676,0.0503540771450368,0.050088718,0.04954884,0.049370467,0.049613257,0.050613239,0.050801033,0.051980105,0.053543996,0.054752034,0.055849159,0.057626112,0.05906716,0.060998069,0.063158036,0.064399016,0.066352303,0.07040111326138856,0.069128576,0.07310685552385657,0.07389640511208767,0.074653406,0.073,0.078391273,0.080116371,0.081936944,0.083713903,0.085609441,0.087466603,0.088968551,0.090084173,0.091395257,0.092480578,0.093881519,0.094870593,0.10366931219407635,0.096936517,0.097539438,0.098168035,0.099327945,0.100908945,0.101143099,0.101973528,0.102475345,0.103471575,0.0997,0.106460531,0.106952477,0.108331559,0.1038,0.141478795,0.1491047275134957,0.113511498,0.114902648,0.116163262,0.117170672,0.11436649461795209,0.119615774,0.120964329,0.122341858,0.123806156,0.124828092,0.126088219,0.127260887,0.128671659,0.130280276,0.132060637,0.133346825,0.134996529,0.136425441,0.150296172,0.15086343295633306,0.139451775,0.14032877,0.140963568,0.141529337,0.14196166,0.142943189,0.144177072,0.145229598,0.14591685,0.176007232,0.146973548,0.147491288,0.148216084,0.14269293956384144,0.148323187,0.148455673,0.14723957159041015,0.148793422,0.148651735,0.149424232,0.150292944,0.150358783,0.150568726,0.150962857,0.151249054,0.151982481,0.15273305,0.153386072,0.15447768,0.15463617,0.155094643,0.15537148,0.155609157,0.156396311,0.157537607,0.15850517,0.159819934,0.15776033350327912,0.1499,0.156963610888251,0.15621626061109417,0.163707999,0.15617817819200272,0.165728208,0.1806302900224425,0.168613085,0.16634130869834773,0.1405,0.172093747,31.46
560,1495594354.0559096,33.4,0.077198711,0.060501508,0.071161484,0.07204762919596584,0.05256685,0.052016561,0.052193195,0.051619476,0.0499058650696842,0.050874385673700964,0.0432,0.055399789,0.05616670001249638,0.081623821,0.060573598,0.061360011,0.063383892,0.06460472949253963,0.06616671227112787,0.07053555936329964,0.070542085,0.072087973,0.07327338206444767,0.0775364158811509,0.078397468,0.07671692419885053,0.082606715,0.08052551415311417,0.0767,0.0793509090024442,0.089658858,0.09544331687457848,0.093322879,0.094683604,0.09307269931802753,0.096830858,0.095873218,0.10312837624212637,0.100811695,0.10885332669473044,0.11095518314068682,0.0985853468205866,0.104506821,0.10007951087115774,0.106863252,0.115059889,0.108939826,0.109884196,0.11177206,0.11059279666178842,0.10950834451149935,0.11504219555938075,0.115674206,0.117069077,0.119181512,0.12979061395609387,0.120821864,0.122647119,0.123730887,0.11364556609148267,0.1119,0.1387557557984977,0.128422718,0.130312002,0.132667883,0.13412950669457652,0.13336693342861622,0.136439594,0.137483098,0.138407477,0.1402084145544218,0.141138007,0.129351489416301,0.143976066,0.144941914,0.145878102,0.146638094,0.146923406,0.1472297,0.14593993052781207,0.1480057026788067,0.151326408,0.1557826891995246,0.151601132,0.13940138955367626,0.1494353433838478,0.154986018,0.1627824542162752,0.155980387,0.156189528,0.1415,0.14949347723842218,0.156072085,0.155963681,0.156205612,0.157485461,0.158200333,0.158213477,0.158750255,0.158677365,0.158902369,0.159494698,0.15960331,0.159404963,0.159472598,0.159222494,0.159459239,0.16000715,0.160242968,0.15696351190519678,0.16807285556555962,0.3001,0.2999,0.161366455,0.161598606,0.161432495,0.161743256,0.16737368333784383,0.162941645,0.161961741,0.161500464,0.15883211258864166,0.1564711011363687,0.157524399,0.155699049,42.5
473,1495016302.0,33.3,0.097960099,0.071069874,0.066362111,0.063797783,0.063229499,0.06259894,0.063218358,0.062592779,0.064153403,0.065393577,0.066286974,0.067776392,0.069119165,0.071052351,0.072967225,0.074168725,0.077001511,0.078472879,0.081234346,0.083537442,0.086360145,0.088674362,0.089995046,0.092407105,0.095309155,0.09664531,0.100202795,0.101510415,0.103508697,0.106407395,0.108435593,0.111104436,0.111842481,0.087591715,0.116240267,0.117828703,0.119172485,0.121129867,0.122583091,0.124042992,0.126005194,0.12710225,0.127850063,0.129127943,0.13032448,0.131588157,0.132682696,0.134504656,0.135352556,0.13703447,0.137607948,0.139340252,0.140511006,0.142873845,0.144297768,0.145805668,0.146721704,0.148830574,0.150571413,0.151673917,0.153505413,0.154430958,0.156067429,0.158370081,0.15987848,0.161803068,0.163065384,0.164834347,0.166412236,0.167501426,0.168967645,0.170224152,0.172199637,0.1733353,0.174252419,0.175460655,0.177175868,0.178528567,0.179490067,0.180677294,0.181199887,0.181636442,0.181888988,0.182535939,0.183401753,0.184455228,0.184802229,0.185725111,0.187244421,0.188428198,0.189318057,0.189023058,0.189209275,0.188638106,0.188306351,0.187901426,0.187939552,0.188672941,0.189797125,0.191239944,0.191591152,0.19198239,0.192408062,0.192212588,0.191118052,0.205616919,0.19106618,0.190337249,0.190146701,0.191330726,0.192914739,0.19493453,0.196714023,0.179510835,0.198014285,0.196995602,0.196242388,0.196664482,0.19635916,0.196129791,0.195330094,0.194704104,0.193957505,0.19275036,0.191062415,31.34
348,1495032129.0,45.082240180717164,0.1331964322650355,0.092843303,0.081579282,0.078875329,0.07591371007822335,0.076476263,0.075586763,0.094131104,0.076906311,0.07596387861343888,0.1209,0.1234,0.083932034,0.08350187727901076,0.1331,0.1369,0.1407,0.096137837,0.098512113,0.09924167689360829,0.13833683400468974,0.107272173,0.110653196,0.11316068,0.115570864,0.11748954226318957,0.11961985436193992,0.125726525,0.108302087,0.131711877,0.13367087,0.136618525,0.138477914,0.13697191197493228,0.143600815,0.145463534,0.1464004779967523,0.0893,0.151385319,0.15298224421990128,0.154931153,0.14879621454922143,0.157492299,0.1578197056017172,0.1717767969769919,0.2307,0.163210275,0.1686974133070058,0.166402831,0.168322006,0.169829338,0.172212939,0.1753008339535561,0.17505656,0.17974835630859842,0.17925688369036888,0.1081,0.112972565,0.12341507448615714,0.16966336235601065,0.1727961709872684,0.131057577,0.127167806276175,0.191700956,0.19665405160570695,0.18897984004892346,0.19006200357649056,0.19675813342214996,0.202138927,0.204366042,0.205642864,0.207162876,0.208516965,0.210228004,0.212012007,0.20877169460414782,0.214746184,0.2157656990045574,0.216472697,0.21149142646488958,0.160151337,0.1678063798840213,0.220998346,0.199786248,0.223931379,0.22557859109669273,0.22886456814286843,0.23934408665125256,0.226371196,0.22019526632432357,0.227926499,0.23531050228826517,0.2033140669282923,0.20912915138069357,0.2028026993834974,0.23441030004961189,0.228504322,0.22896958751022048,0.23219449316073443,0.170355796,0.16849159373566158,0.231006503,0.231997342,0.232306505,0.2283659409516375,0.2285144554066371,0.174316983,0.17445006543982733,0.231767496,0.24287586672767936,0.187077325,0.17702979468563998,0.2329543,0.23442428491478598,0.234267228,0.235719079,0.23394163211858626,0.22994318047649928,0.23213068872746623,0.21993471926536678,0.14850182832119424,0.232265004,0.23057394588672198,0.2299502907621454,0.22220355728282223,26.82
506,1495633247.0,34.9,0.095713054,0.064969301,0.059100562,0.056304592,0.0559871,0.055555556,0.055114738,0.055770431,0.056626633,0.057665441,0.058429426,0.059918103,0.061321418372894794,0.06125403478370048,0.064121542,0.065313072,0.067574084,0.069623413,0.089486046,0.072738523,0.07158845564460889,0.076758772,0.079211818,0.080958762,0.082958455,0.084716957,0.087088159,0.089251762,0.090657846,0.09381440592585838,0.094594703,0.096683,0.098564785,0.099848823,0.101057353,0.103253426,0.104218382,0.11254257532734628,0.106976315,0.107776137,0.108524192,0.10952362,0.110269615,0.10635943624527817,0.112443509,0.113137468,0.114271708,0.116196114,0.11675927,0.117737015,0.119076874,0.120150815,0.121392244,0.122240425,0.124158775,0.125606227,0.126762014,0.127891415,0.129062173,0.130638561,0.13188485,0.134035606,0.135582495,0.136280234,0.137538,0.139291548,0.1192,0.142017952,0.142495498,0.143714489,0.144751059,0.146041277,0.147381548,0.148589725,0.149757568,0.151222706,0.152289342,0.15136370090970408,0.154446239,0.155317401,0.156211528,0.157127053,0.157827619,0.158477517,0.159242902,0.15614556033133378,0.159782729,0.160764157,0.161843956,0.16246198,0.1475502470284381,0.162368566,0.162768437,0.163069458,0.16348422194217624,0.163782497,0.164066552,0.164079057,0.16219464683138685,0.166424836,0.16420178323072276,0.167952149,0.168348045,0.168715093,0.169244122,0.16938970543210372,0.185407529,0.170741335,0.148,0.2996,0.170622708,0.15954516699783025,0.170042091,0.169896876,0.171244011,0.172332827,0.1713844522390024,0.174364462,0.174709763,0.173973316,0.17342987,0.17206775,0.171307436,0.170904273,0.171072167,31.95
669,1495806490.0,41.4,0.090965971,0.061766631,0.053362405,0.050658109,0.050002385,0.04884406,0.049217364,0.049084761,0.049282061,0.050336786,0.051334478,0.051928543,0.053517745,0.054506493,0.056344955,0.05829441,0.059797972,0.061230578,0.063778639,0.064887545,0.066861743,0.068636249,0.070495762,0.072540246,0.074039642,0.076384071,0.078748417,0.080602602,0.082398847,0.084350386,0.086313982,0.08858626,0.089939111,0.09153026,0.092922609,0.094663944,0.095874184,0.097226532,0.098342314,0.099016476,0.100267435,0.101145467,0.101945067,0.103096613,0.103699036,0.105493158,0.106314506,0.106770703,0.108183307,0.109538007,0.110290053,0.111045735,0.112775631,0.113648079,0.115097348,0.116672048,0.117798669,0.119012129,0.120508345,0.121895125,0.122966277,0.124207135,0.125661457,0.127335815,0.128414427,0.129567062,0.130766418,0.132318526,0.133775002,0.135372846,0.136720459,0.13847207,0.139842662,0.140543251,0.141850443,0.143410744,0.144371715,0.145018931,0.146212814,0.146812266,0.147508193,0.147707178,0.148389076,0.149057463,0.150127286,0.150651973,0.151340251,0.155013743,0.15264802,0.153139895,0.153386396,0.153737561,0.153978849,0.154085422,0.154341213,0.15461762,0.154958195,0.154967879,0.154808869,0.155141968,0.155220145,0.155468929,0.155367184,0.1554756,0.156127865,0.156775983,0.157243261,0.157117433,0.15739222,0.157409068,0.157904272,0.158314358,0.158599947,0.15861754,0.158741439,0.159408766,0.16081009,0.161295536,0.161897341,0.161688476,0.161924571,0.161329373,0.160638948,0.15997683,0.159898359,30.24
627,1495801091.0,39.1,0.092726489,0.060481768,0.05187606,0.04961395168236967,0.047660009,0.046806406,0.047351612,0.0937316413823362,0.047051175,0.04828543,0.048942643,0.049809944,0.04978952555023429,0.052724823,0.053733423,0.055259092,0.057483181,0.059183993,0.060999968,0.068343931,0.064274868,0.065717109,0.06655828422639257,0.068729198,0.070434862,0.072709579,0.0774359151838895,0.076604153,0.078303116,0.080116932,0.082032017,0.083777598,0.085529598,0.086814237,0.088235191,0.09311985197887736,0.09096032121525888,0.091638103,0.093170392,0.094025307,0.09490218949868162,0.096338662,0.09727371,0.098169613,0.098295895,0.098891906,0.100758275,0.101794896,0.102983726,0.103699232,0.10485911,0.106290491,0.107165725,0.1082486,0.1098351,0.111153752,0.11231095399999999,0.113164257,0.114377607,0.115834033,0.117091598,0.118307498,0.119486522,0.120946581,0.122442915,0.123693657,0.124927013,0.126461399,0.127964517,0.129558918,0.13096275,0.132073412,0.132953931,0.134453124,0.13554754993645898,0.137350507,0.138233669,0.138716436,0.139791079,0.140792222,0.140935693,0.141047977,0.142053821,0.142971296,0.143912063,0.14475897,0.145252291,0.14592131,0.14905003258576618,0.146475397,0.1415,0.146844963,0.147366365,0.147777434,0.147370524,0.147651527,0.148518914,0.148780199,0.149424167,0.15050175266493068,0.150127676,0.150913939,0.1462,0.151263868,0.151698846,0.152309334,0.152192601,0.15130459486503,0.152610568,0.153221003,0.154245596,0.155211172,0.1488,0.157264135,0.157754713,0.1499,0.15772854734289848,0.159531156,0.15049822111083377,0.160317758,0.17433106671736712,0.160497228,0.160878577,0.162607166,0.15801778358298818,32.11
577,1494912136.0,35.2,0.082777118,0.060447764,0.071465911,0.07240175245218419,0.050492892,0.039099999999999996,0.04968555939687887,0.1147,0.1166,0.052573738,0.066615119,0.054568572,0.055218406128677046,0.05525072124222042,0.058449785,0.06251368137295966,0.061552623,0.063132016,0.065287892,0.066713223,0.0624,0.06641415246597203,0.06729299070755104,0.07703092642650927,0.07962747223181116,0.0780660205461726,0.080100943,0.07772780942716696,0.120088628,0.086517623,0.088626048,0.089313403,0.090615233,0.092728693,0.09085841628999061,0.0868,0.096488746,0.097382635,0.099531121,0.101156771,0.10262279876458874,0.09714871977368163,0.09566305274835195,0.105084772,0.105848277,0.106998978,0.10813603,0.10673875873391403,0.110346783,0.111512354,0.11041183841925178,0.113751765,0.11546284,0.115970886,0.117314414,0.11879432,0.120060325,0.121802214,0.123100288,0.11306341566340003,0.124981952,0.13738557102871915,0.128789067,0.130394033,0.13098979060700022,0.133216211,0.134476361,0.135720871,0.13420859021696824,0.138571769,0.139816797,0.1423727028000941,0.142533391,0.144192692,0.14589872855583236,0.145731474,0.146722766,0.14562375944825692,0.148383155,0.149338694,0.1509479928057973,0.150429792,0.151641687,0.152291871,0.153274818,0.147227579,0.15896587569454174,0.155712562,0.155964855,0.15564192,0.1415,0.156039431,0.15461989784674918,0.156723325,0.1580668978376108,0.24509060061105709,0.15719419,0.16382142604076022,0.2338554829357012,0.158297531,0.159110542,0.16673023329668177,0.160956189,0.17037237496632743,0.161458594,0.161071314,0.16344957115263348,0.16308109878858137,0.161368907,0.1583159440509422,0.16131063,0.161947133,0.161709401,0.161775045,0.1545627930931824,0.16147092664917156,0.16152325793331734,0.16718302574768973,0.16016302430824034,0.1561404432038772,0.157136443,0.156665784,0.155015342,0.15468186312441412,0.154744407,35.79
86,1495539026.0,31.8,0.11400445144504108,0.08090625,0.069676203,0.065846842,0.06328590956851309,0.06299771,0.06306317512856642,0.05944292306344914,0.063159524,0.081348014,0.064392069,0.065465744,0.06765044440331212,0.067428396,0.069095229,0.07383192186710062,0.060405298,0.061548181443266764,0.075083975,0.076358997,0.078015733,0.079962111,0.08200542,0.083629493,0.085395552,0.087351711,0.089611674,0.09152772,0.093269751,0.09652093241509963,0.1773236003227413,0.1830912276615168,0.100496032,0.09759332460568096,0.09636847337295308,0.0868,0.105689503,0.11420215037853135,0.10622548322889981,0.112149369,0.11452351844503471,0.115604179,0.117301628,0.1140224755400794,0.121030185,0.11932108610141892,0.124091393,0.126458243,0.134155110872595,0.132079418,0.134455001,0.135621428,0.137444693,0.139797162,0.142448167,0.145151088,0.148613383,0.13790540316525873,0.152562003,0.152293687,0.15346196458998512,0.151571616,0.151674425,0.1538557787772527,0.152691481,0.154300339,0.15421615498410135,0.15869249031544716,0.15644248289922652,0.1508638,0.1517855083367716,0.150341056,0.13883438627948974,0.187465649,0.19188907507792272,0.18989025182913205,0.153296978,0.151595032,0.150149515,0.149513561,0.149982743,0.150386752,0.150951174,0.151618055,0.152034443,0.14840839942216863,0.16003142244864257,0.155760508,0.156184538,0.1505948375955898,0.156275324,0.16416460663159066,0.15490054117759872,0.145223846,0.155923321,0.156043049,0.156054294,0.156173887,0.15366704379198481,0.157381686,0.15433309978755938,0.158423791,0.158969456,0.16838639138996847,0.160471175,0.161089888,0.161225035,0.161393699,0.16031164219089247,0.162258405,0.17265991298631814,0.163432523,0.164349288,0.16250828161540898,0.164885046,0.165492037,0.16463313760774043,0.166663381,0.167288183,0.167992927,0.168219067,0.16555081286261517,0.16325109840676633,0.16883494,0.16900966,37.16
243,1495753101.0,43.89939115367274,0.1844,0.127891598,0.10931322954968088,0.100121213,0.099565002,0.099172787,0.099011537,0.100028518,0.10075516,0.10337022,0.105224666,0.106931987,0.110887833,0.113007637,0.116826141,0.11894478,0.12875082734427237,0.068187832,0.06941305038183586,0.13144398,0.135578209,0.139096499,0.143070778,0.15212899591292584,0.149303783,0.153316401,0.1533697263976002,0.160134428,0.161031307998981,0.167961453,0.16343005378143632,0.17616618319516147,0.0836,0.180078403,0.183642927,0.19216981244240355,0.187822395,0.20685645851829537,0.191678893,0.18814112078845346,0.195920384,0.18899420546770127,0.147200124,0.14660394967891519,0.203454663,0.18726198621881926,0.20717537623535115,0.148408126,0.1566464584500192,0.212901586,0.21002993684240986,0.215900828,0.217683247,0.22523469282167446,0.220639074,0.222628922,0.22878215579153505,0.228219514,0.25391770703121663,0.1111,0.233900239,0.24261886757585463,0.236121242,0.23017310399372476,0.2677,0.24253106400000002,0.2454142724277463,0.245850841,0.24080176941151293,0.25226342131505647,0.24331915271099408,0.25381839,0.2454582764706354,0.23247808711676965,0.1294,0.13125645533683328,0.261057294,0.263530956,0.26839742995245075,0.266209406,0.267465513,0.268004169,0.268639073,0.269087996,0.25958405183253386,0.24781664790014946,0.1388,0.272451724,0.2709315544686377,0.27373621,0.2743785103026191,0.273684095,0.274222691,0.275447011,0.275466937,0.2884803017804501,0.2994,0.2937391083103062,0.276695677,0.277095642,0.277418523,0.277972366,0.2664667668439177,0.277732671,0.277312579,0.2774635200331959,0.28935252875057305,0.2947947529988126,0.280098941,0.280863548,0.2754095986923893,0.280213138,0.278375391,0.277644056,0.27046634980405354,0.278955242,0.2766122797866959,0.190328683,0.18670436890967493,0.1454,0.2515177634531031,0.2993,0.2982205250415801,0.2973370791111062,0.211568093,26.08
160,1495545169.0,33.1,0.080389229,0.055242376,0.050598142,0.047857669,0.047591237,0.047194664,0.047254798,0.047458377,0.048046225,0.066932919,0.050514589,0.051185776,0.052827846,0.053799587,0.055250618,0.056478393,0.057381521,0.059443445,0.060960613,0.062798628,0.064864392,0.066633294,0.068311942,0.069999708,0.071931014,0.07398574,0.075677398,0.077603472,0.079505114,0.080895006,0.082748599,0.084258346,0.086045189,0.087780544,0.088774938,0.090348905,0.091544474,0.092972492,0.094401125,0.095032818,0.095807717,0.096541295,0.097823605,0.09851028,0.099493941,0.100680661,0.101101055,0.10242168,0.120880595,0.104837234,0.105569432,0.107083536,0.108268119,0.109102067,0.110240813,0.128033081,0.113141707,0.114359009,0.115646627,0.116897967,0.118111311,0.11905363,0.120145567,0.121027706,0.12259742,0.124701222,0.126269137,0.127944091,0.128523678,0.129492948,0.130781984,0.132138837,0.128141668,0.134487124,0.135590165,0.136994055,0.138210887,0.139024597,0.139326822,0.139758389,0.1403188,0.141237096,0.136719153,0.14247545,0.143260752,0.144229729,0.145292282,0.145898788,0.14607944,0.146191199,0.146562134,0.147025357,0.147097549,0.147167452,0.147319634,0.14754365,0.148011192,0.148637542,0.149311558,0.149392392,0.149391363,0.149379859,0.149393103,0.149607892,0.150137873,0.150397618,0.150139367,0.150160555,0.150380576,0.150654383,0.15107194,0.152013587,0.152210762,0.152141013,0.151793682,0.151704765,0.151595984,0.164141576,0.151847473,0.151872191,0.151633575,0.151979223,0.151083715,0.150299435,0.149734824,34.81
525,1495635527.0,29.0,0.090796708,0.098276995,0.080641443,0.082687829,0.060271853,0.04334764,0.059193088,0.059663099,0.061608731,0.063487242,0.062989951,0.06580333950307637,0.066659719,0.06812631,0.068938111,0.070595351,0.07296293642603394,0.075046545,0.076955032,0.079336082,0.081295039,0.083617777,0.085225403,0.087678055,0.079428047,0.07784728645986452,0.093737514,0.096237337,0.097327615,0.099892065,0.19289999999999996,0.102806675,0.105840311,0.106929416,0.10694325080406991,0.110062506,0.111046618,0.112808028,0.113506149,0.114710744,0.115347975,0.11661588,0.117218635,0.118671273,0.119255846,0.120056399,0.120514739,0.122059207,0.123535131,0.124858747,0.126233172,0.127456632,0.127998957,0.128888426,0.126861799,0.131887273,0.13299868,0.135018678,0.136368382,0.12531212934981675,0.138948179,0.140600399,0.13711728165617837,0.143581436,0.144458976,0.145382934,0.14597135,0.146999705,0.147967915,0.148944987,0.14988878,0.151746218,0.15354324,0.154683763,0.156649616,0.158016032,0.158943643,0.160290863,0.162113329,0.1600300795420506,0.16020346420933557,0.16786271106720335,0.170553407,0.166902488,0.15505384326591912,0.168768276,0.189478558,0.169897125,0.1721449449329445,0.171325222,0.171547825,0.172117844,0.172425474,0.173292797,0.1722112909767905,0.1711668641004715,0.172164141,0.172961389,0.168869557,0.176145354,0.17480967042109022,0.176687853,0.177301432,0.177995565,0.178523967,0.177913882,0.176357021,0.1765842556513536,0.176235806,0.176573922,0.177824864,0.177156177,0.177912219,0.179590764,0.180386838,0.18643388818169296,0.1853010760020888,0.178277586,0.177356218,0.178538014,0.180079879,0.183635056,0.185545279,0.18509455255570753,0.187449664,31.8
36,1495552935.0,34.5,0.076625445,0.055974621,0.04986348753142187,0.047755086,0.047593554,0.04733166,0.04655401998039292,0.047872065,0.048137157,0.0427,0.050342523,0.051666735312639246,0.052714975,0.053878668,0.055437031,0.057308365,0.057631774488213314,0.060676368,0.061983471,0.06682298778030346,0.06460578099012385,0.067122998,0.06919196,0.071172024,0.073144246,0.075087045,0.077323644,0.078592508,0.08103933263416266,0.101987883,0.084440662,0.086162351,0.0836,0.089932263,0.091039293,0.092492399,0.093843619,0.114708553,0.09669635,0.097440456,0.098817801,0.099936677,0.100662869,0.09589061713285979,0.102407505,0.103816472,0.104937903,0.105519734,0.106565183,0.108262522,0.109526902,0.2424,0.111867034,0.11318763,0.114386928,0.11604991,0.117107842,0.118248967,0.119451001,0.120955832,0.122305824,0.123443516,0.11922928322069473,0.15773053418476085,0.127486752,0.12944272831803508,0.12852252843459444,0.13360173947924864,0.133790985,0.2761,0.135351414,0.136807773,0.138484386,0.139623462,0.140654131,0.141771679,0.142772617,0.143848662,0.135077847,0.151168785,0.1462131,0.147101762,0.147633061,0.148478451,0.149161217,0.149701479,0.150136042,0.150691284,0.151339914,0.151631205,0.151849212,0.152137945,0.1526448,0.15287089,0.153112806,0.153784147,0.14948959381194707,0.154320959,0.154415741,0.15505073115316498,0.154432978,0.154510432,0.154940165,0.154781924,0.154716932,0.154747273,0.154898246,0.15413511129406957,0.15419993515050878,0.1562614,0.157039161,0.157616915,0.157558919,0.15838155,0.158663255,0.158425397,0.158419173,0.158846657,0.159014446,0.158584654,0.158623661,0.158462523,0.15609813965572863,0.158144785,0.157422576,31.92
541,1495041984.0,42.6,0.182011356,0.124153254,0.113765075,0.110504657,0.1104703,0.110151715,0.111495361,0.11324609,0.1140323,0.11586903,0.118540032,0.121635868,0.124222381,0.129084621,0.131501845,0.13553279,0.139042926,0.141884986,0.145471408,0.149872893,0.154274827,0.157390363,0.161388408,0.16493015,0.168730761,0.172514125,0.176788903,0.077482147,0.1844728,0.187983266,0.192398093,0.195281117,0.198569294,0.201488908,0.205904404,0.207567168,0.21077425700000002,0.120722307,0.214760823,0.217969863,0.220520801,0.223255055,0.223944923,0.225627221,0.227510035,0.22961088,0.231906068,0.233704833,0.23578291,0.237598942,0.240149794,0.24203558,0.178072446,0.246427119,0.248366913,0.250964086,0.253841536,0.245830883,0.259685583,0.261125864,0.261511385,0.262061679,0.263483557,0.11732007,0.26678303,0.269320576,0.271659104,0.272285802,0.273265534,0.275572696,0.277554595,0.279604187,0.282284865,0.284229998,0.140901538,0.288722785,0.255088154,0.290883335,0.293147931,0.293667779,0.294565029,0.295068614,0.296059342,0.144498635,0.29773594,0.29811594,0.297858083,0.298281977,0.298864197,0.299368382,0.29999413,0.300415121,0.300907193,0.299909015,0.299007133,0.298009297,0.297465139,0.211697928,0.298207752,0.297864867,0.297708809,0.297698887,0.297250152,0.297357724,0.296504017,0.295980065,0.296365049,0.29651545,0.250553473,0.297908917,0.298015816,0.298269236,0.165620426,0.299553821,0.299379641,0.298390132,0.29747009,0.297173677,0.296723433,0.296660472,0.296144698,0.296647031,0.296047754,0.294333707,0.291878316,25.63
171,1495546489.0,46.58857658,0.08237246,0.058820836,0.051248403,0.049110644,0.052997059,0.04837749,0.048322676,0.048336711,0.049087815,0.076831244,0.070921684,0.051280827,0.11960270161776204,0.053911221,0.05565051459588616,0.057025418,0.058300175,0.059648848,0.061783402,0.063686043,0.065167123,0.066832745,0.068228366,0.070270848,0.072101467,0.073669942,0.0755257,0.077655878,0.079150977,0.0784,0.082571955,0.084511961,0.085718003,0.0853,0.088617754,0.0935170194583028,0.091568161,0.09251007,0.094178704,0.095120609,0.095941297,0.097034783,0.0938,0.098720946,0.099152021,0.100287574,0.101325169,0.102557896,0.103705597,0.104214753,0.1032417166979339,0.106092125,0.107495905,0.108774243,0.110070619,0.12189867384790502,0.11200865500000001,0.1093,0.114906109,0.11598858,0.116799471,0.117836384,0.114,0.11980817997825258,0.24164811404107117,0.2327114939699,0.23526444875973093,0.125681527,0.126757835,0.128112652,0.129017525,0.130399773572076,0.13179727,0.133399105,0.134721083,0.135899133,0.136972453,0.1322,0.1331,0.138165583,0.138822371,0.139940287,0.140558526,0.141389162,0.14232613,0.1384,0.15100005974706374,0.144271107,0.1474604601920832,0.145131222,0.1415,0.145563351,0.14442483514992943,0.15471206526058484,0.1563500025461198,0.146434438,0.146779912,0.146537967,0.146803531,0.146992001,0.147329884,0.147735563,0.147821055,0.147986049,0.148464642,0.148658852,0.1500228501535803,0.3001,0.149891819,0.150126498,0.150225004,0.150692161,0.15794626003894305,0.151982294,0.1499,0.156963610888251,0.1496,0.15999337756083584,0.15191858657159663,0.152326525,0.152176411,0.14950792459217224,0.24290977537647787,0.153950751,0.153492381,34.32
579,1495749488.780834,35.8,0.083772893,0.06210278626085908,0.054392638,0.051822392,0.050822221,0.05536908260573416,0.0371,0.074953552,0.07618295701817294,0.051720286,0.053196319,0.054357803,0.055138695,0.056908147,0.058651866,0.059252185,0.061562357,0.063366175,0.065007484,0.090571842,0.068537432,0.070478043,0.07157646348913041,0.1667,0.076388032,0.09821779,0.10146534135917648,0.082012349,0.084266396,0.08719141285005315,0.087797716,0.09358253221183149,0.090419033,0.092268476,0.09033713900815321,0.095686335,0.0973324465393028,0.097954592,0.0907,0.15823529105213371,0.0922,0.102786677,0.10109701732580423,0.0963637242901432,0.111210208,0.106856598,0.107804644,0.108692597,0.109682101,0.10858071453332278,0.112641568,0.11336286,0.1168995816499405,0.10785147196086162,0.12530382478821328,0.2522,0.12043191,0.1093,0.11925635787932665,0.124008739,0.125657581,0.1380383417329889,0.128850152,0.129444062,0.129972301217014,0.133218969,0.13242577235794775,0.135883305,0.13436580769799805,0.138716432,0.140162077,0.141643783,0.141951525,0.143398433,0.145038013,0.146365628,0.1529505522782145,0.147389287,0.147777104,0.148482037,0.149758541,0.15657542195030902,0.151163247,0.15104215850236488,0.153127104,0.14958120126180863,0.155054735,0.16285366684410643,0.148139913,0.1426174047769209,0.3003,0.1635397007238208,0.1619189753716833,0.156325275,0.156512135,0.156639164,0.15270534315737655,0.157257364,0.1548358310234197,0.15543357241318798,0.1458,0.159307351,0.1462,0.160131782,0.16204613732478756,0.1475,0.1487693049275651,0.161889679,0.160820615,0.161360734,0.161545436,0.14989968443564236,0.162250144,0.162127522,0.154915375182269,0.16181175215341317,0.161758175,0.16738661263595267,0.161105637,0.160243432,0.17424453120343147,0.159082009,0.157606738,0.156726795,0.155978607,35.61
571,1495475256.3471785,34.8,0.081523043,0.062554716,0.055302883992783644,0.10239245028847188,0.052211358,0.0565964470442784,0.0371,0.051894224,0.050215265727274555,0.053117188,0.055152561,0.055882147,0.056716998119021304,0.09085588703256392,0.060500342,0.06197516,0.063538539,0.065603859,0.0670719367772223,0.07092613853167931,0.070559388,0.070583122,0.07168722017232518,0.07889054500932116,0.078207641,0.07650871766939328,0.082527293,0.0804368391640313,0.08284860684597614,0.1897,0.090144874,0.091466842,0.09519871127529461,0.094878631,0.096681089,0.097886403,0.09950117053344573,0.100192761,0.09282683,0.103358894,0.104789622,0.104849794,0.105631316,0.1013049138065345,0.107228269,0.10794443417546133,0.140163235,0.14276943934581526,0.11798731980901905,0.11657646102338497,0.114723567,0.12031321360855673,0.117292192,0.118855003,0.12791759781505824,0.147195976,0.122525135,0.123968973,0.125567599,0.11534116452577217,0.25818425589739924,0.263,0.12742256283356077,0.131938585,0.13264412034157316,0.13477847385177058,0.13403772677207854,0.137847702,0.138911049,0.140099593,0.14178109259292598,0.14339596,0.144673221,0.144668991,0.147173964,0.147943145,0.15472428473392236,0.149243787,0.149337165,0.150162822,0.151690566,0.15866326159441255,0.153585355,0.154063728,0.154785144,0.151360849626852,0.2719989631284489,0.157042645,0.156771109,0.156806105,0.1415,0.157331194,0.157467114,0.157554499,0.158776422668762,0.2996,0.2994,0.1436,0.1444,0.160548265,0.161263037,0.162513725,0.14690222301997582,0.163669902,0.16529723984177583,0.2957908575841159,0.163434059,0.162982119,0.163023249,0.16324522,0.163118585,0.16345494,0.16377211,0.163287009,0.1560752078769661,0.1499,0.162910539,0.162974201,0.15533672506870033,0.15802201852717473,0.15065602425985597,0.159343778,0.158569106,0.144555673,0.1408126264309483,36.39
638,1495701686.1988041,40.0,0.0912931654095902,0.066780255,0.056235407,0.052138613,0.050315486,0.05492135965345103,0.049012622,0.04887845,0.049300002,0.05031140248266329,0.050492373,0.051284132,0.053021191,0.05429527,0.055930758,0.057166166,0.058707998,0.061145682,0.062225567,0.064464063,0.0624,0.067660902,0.069336593,0.070578069,0.072206345,0.075036957,0.076272844,0.078077768,0.079637835,0.081777168,0.083503476,0.085287409,0.087140629,0.088391232,0.086,0.091056693,0.092301299,0.093374083,0.0907,0.095518331,0.096554061,0.097104432,0.098576238,0.099415734,0.100337886,0.101343307,0.102110693,0.102778865,0.103738047,0.105026637,0.106254085,0.111753120038703,0.10836071,0.109814538,0.111061717,0.12275717213751788,0.113250089,0.115064869,0.116106484,0.116853417,0.117867677,0.119115179,0.120940865,0.122399927,0.123926002,0.12511658,0.126062318,0.127371156,0.128867497,0.130126777,0.131544704,0.133310086,0.134818792,0.13571976,0.137000154,0.138071709,0.139458479,0.140682416,0.141149129,0.238613199,0.22823242192330295,0.142559288,0.14337183,0.144570888,0.145635624,0.146700231,0.147527801,0.147777612,0.147819943,0.148124337,0.148238665,0.148907815,0.14767958503416634,0.28079735315587606,0.150260745,0.150489945,0.14577916829601756,0.150563993,0.150655875,0.1516242469314258,0.14805007411497184,0.151457968,0.151874367,0.152594816,0.153102518,0.15324730119605312,0.154834473,0.155394886,0.156534611,0.157525992,0.158598999,0.1488,0.159748055,0.160236705,0.160970283,0.1676647636193698,0.166841734,0.17179219275291047,0.166001085,0.16131547366289475,0.168219433,0.169505163,0.170596673,0.171334063,0.172286441,31.63
96,1494952311.0,46.8,0.126778719,0.08885160542057557,0.076176458,0.073134226,0.073018059,0.07498009451088755,0.0756904197074688,0.07446913,0.075422266,0.0745848667020857,0.078231473,0.079717229,0.08390925054038949,0.107667076,0.105136582190957,0.088892954,0.0917327,0.093926101,0.09273226142432876,0.0603,0.0624,0.06689884983629635,0.107387194,0.1139938970361958,0.11306051,0.116297922,0.073,0.075,0.125308706,0.128213818,0.130885359,0.133062893,0.135818666,0.138534315,0.140559476,0.14744163528303494,0.144558532,0.15805039317581923,0.13910652517318203,0.152393288,0.15809207238119916,0.156802435,0.159465679,0.15997016927173247,0.163377631,0.165779093,0.168735307,0.17491308724304033,0.173315835,0.176869556,0.1746273379655766,0.18637134390991744,0.185771042,0.188429752,0.17529095,0.17839313010902597,0.199780084,0.202143112,0.207533411,0.19100958858597702,0.127405564,0.13972718589740687,0.208158375,0.208617468,0.209867705,0.210774644,0.21258981449940315,0.212056103,0.20809233924035528,0.209674436,0.20937406,0.208991076,0.209451798,0.210615044,0.21649217067471185,0.21297545349844538,0.214335541,0.2153422669376004,0.2169316219842317,0.135543149,0.139005268287864,0.210304883,0.211222158,0.211402086,0.211594042,0.2123363764209074,0.212930251,0.213466744,0.213953299,0.214056236,0.214465577,0.22194450581919628,0.21875709132181836,0.215192915,0.214842167,0.21960174209704644,0.214009036,0.213637171,0.213385703,0.212914681,0.21493560536424167,0.213302085,0.213460467,0.22285684761392846,0.212794547,0.21294228948767852,0.212325996,0.212876618,0.213326881,0.214154288,0.2176182135525005,0.161141112,0.16800269381476415,0.16633800683473465,0.15912711534999108,0.21365532,0.213516037,0.2122416851793119,0.21327410116167983,0.214136692,0.214435042,0.214785494,0.21484144,0.213552239,0.212086001,27.83
241,1494025520.0,43.9,0.077328628,0.091504613,0.069578536,0.097872151,0.098685588,0.09855549,0.098382494,0.099169471,0.100388069,0.101501278,0.104324962,0.107086779,0.109642055,0.113834023,0.115938261,0.118624952,0.122220161,0.125326971,0.113669653,0.131088322,0.134507161,0.109834029,0.141693677,0.145787808,0.089323243,0.153289828,0.15582842,0.159845124,0.163685319,0.166746889,0.170049004,0.172751841,0.174715629,0.148962122,0.181690026,0.184307141,0.142318118,0.144340097,0.190790172,0.15502836,0.195145544,0.196984074,0.198188857,0.200087441,0.202671892,0.204452403,0.206238863,0.206917949,0.210171182,0.2108025,0.212446282,0.215192476,0.21737587,0.218984446,0.220291194,0.222319829,0.224697865,0.226519709,0.228410658,0.231332168,0.232357185,0.233424807,0.23505197,0.236690587,0.238692175,0.240420327,0.24313717,0.245613892,0.246998661,0.248069597,0.249002379,0.25065609,0.253725746,0.152086217,0.258334396,0.259669615,0.261558588,0.26300424,0.263636585,0.264803162,0.264753845,0.266331536,0.267981035,0.269166365,0.270193254,0.270949835,0.271817699,0.27161921,0.272233202,0.272975097,0.27354019,0.274312601,0.274599367,0.275336652,0.273172032,0.274394697,0.275496246,0.27516799,0.150619518,0.275069709,0.274928775,0.27553524,0.27604326,0.27664149,0.277959852,0.278299845,0.278496696,0.278654322,0.279308314,0.279712478,0.279862242,0.280394175,0.210048018,0.27962665,0.279650113,0.26942395,0.281601465,0.280459823,0.278782716,0.278633563,0.277600473,0.275965618,0.27617711,0.276456689,0.276690351,26.06
461,1495022419.0,39.5,0.11148262,0.07933771802308388,0.064112992,0.06246258,0.039365233,0.04524632319177557,0.061433253,0.061164825,0.061551392,0.06296389,0.066365062,0.064866221,0.089144303,0.068267561,0.070694112,0.072561341,0.074151689,0.075952685,0.078576092,0.0603,0.082412288,0.1592,0.087418862,0.104569419,0.09160297,0.09419946,0.096389477,0.098976629,0.101242698,0.104088785,0.10379259266947731,0.108026154,0.11110599,0.112760864,0.114295915,0.12017545344342596,0.117952168,0.119538228,0.12100374,0.122260298,0.124050455,0.125238161,0.126375663,0.127068983,0.128169509,0.129960084,0.131055016,0.132209672,0.133433466,0.13144704686001638,0.136399333,0.137739697,0.139262871,0.140609024,0.14241109,0.143872416,0.145434776,0.1345044955964216,0.148448736,0.150365697,0.1119,0.153346164,0.15040618876005285,0.15575745,0.157760993,0.163669674,0.161585966,0.1665186851723492,0.165177395,0.166274704,0.168161037,0.169912834,0.15900130619953215,0.173532115,0.174980185,0.175848143,0.18610017521818548,0.177904349,0.178991775,0.179685839,0.16100951,0.181612479,0.182303484,0.183198145,0.183976422,0.1826931517222336,0.185109156,0.18591664,0.1875758820989723,0.1413,0.1415,0.19654635193375186,0.1940402343251572,0.188784285,0.189430932,0.19073088177746922,0.189796795,0.189817044,0.189989093,0.190338275,0.191443373,0.191832193,0.1772633048902954,0.18667333958306723,0.18643460483383154,0.197818959,0.20319997496351735,0.194369222,0.19373784,0.19719619023895152,0.194870982,0.18531131171952125,0.196842073,0.196879301,0.196916927,0.2024127937840147,0.19654544,0.19753440535505806,0.197527912,0.199018359,0.21938900602733669,0.164072569,0.16175936802070678,0.199378834,0.199716118,29.02
554,1495043544.0,43.224279735232194,0.1844,0.127944653,0.114661703,0.111410477,0.10744825115716058,0.044326474,0.04338710286196684,0.098317956,0.10249420209295707,0.118694069,0.11965772937297095,0.122620993,0.1264,0.1252858392154036,0.12135590020606456,0.054,0.139370563,0.14258007994842226,0.13681340779649798,0.1332335720383746,0.14299657510531222,0.1592,0.1633,0.0676,0.0707080477318781,0.0708,0.17237488020844413,0.1807520391694658,0.18171338487523003,0.189676831,0.191691332,0.197,0.199466483,0.2002032098050954,0.205512324,0.2094,0.210495443,0.212490602,0.215737511,0.217705186,0.2214,0.222061679,0.22405257,0.22524403599999998,0.228115793,0.20758967783140336,0.20999023479980705,0.0979,0.235153486,0.238501925,0.23518307233680052,0.240224909,0.243780059,0.2464,0.24479688963795193,0.23859982036278113,0.2546,0.187389945,0.20768337036187753,0.23784081865947893,0.24868457907757152,0.262605907,0.2643218756505765,0.264583154,0.265762197,0.2545247549320402,0.166662626,0.1719097230560249,0.169235248192565,0.274855394,0.276006842,0.278549824,0.28122949,0.2607239253862134,0.171196902,0.17047468736892152,0.287823378,0.288859077,0.2931,0.291412462,0.29327794,0.294838887,0.2969,0.165242265,0.15335552557044815,0.296590301,0.297148256,0.297969481,0.297789175,0.298416106,0.3003,0.3008,0.299005316,0.2990516216005139,0.2789404036462484,0.29242666528338673,0.297751105,0.297813218,0.2992,0.28699718323940915,0.296548379,0.2974953470071524,0.297187864,0.2996,0.297325168,0.29747710117717263,0.281260577,0.297283383,0.297215406,0.296616013,0.28905623143449466,0.3001,0.296601666,0.296712113,0.2895400918407887,0.2919475087864111,0.295915712,0.296723825,0.296104454,0.27664296560660395,0.2989,0.1428,0.296205354,0.280266767,0.295007399,25.62
593,1495796538.0,38.6,0.091055813,0.057092431,0.050325594,0.048616732,0.047285576,0.047335572,0.046738501,0.047118867,0.047524739,0.04914699,0.049951654,0.051229843294490415,0.075236163,0.07494606504944029,0.07501457669632854,0.066970133,0.057891417,0.059355486,0.060944373,0.063322637,0.064552572,0.066138177,0.068864342,0.070319931,0.072339503,0.074142803,0.076501563,0.095347368,0.079230832,0.080961293,0.08306693,0.08482999,0.086490134,0.08764878,0.086,0.09083027,0.09254556509626662,0.093324788,0.094497542,0.096018145,0.09705966004445621,0.0933,0.19496493570902784,0.099480316,0.14636516,0.100879562,0.101930303,0.103352175,0.11047905726740728,0.105547671,0.106727451,0.107837341,0.2448,0.110264799,0.111776669,0.12337647019800765,0.114206467,0.1093,0.116485085,0.11811421,0.119726489,0.120775967,0.122167283,0.123272749,0.12336236733504913,0.126344625,0.128011857,0.13086546168886642,0.130352777,0.131380797,0.132743491,0.134167577,0.1258,0.136678264,0.138311528,0.13961818446365828,0.140085469,0.13877975044842666,0.148128828,0.142351284,0.142931297,0.14919757193120065,0.15355169057058057,0.145275814,0.14585088,0.14177130515237255,0.147103182,0.147487202,0.148157147,0.14263449483111196,0.1415,0.1418,0.150003787,0.149721667,0.149724591,0.149909491,0.14512537374048534,0.15279548669149481,0.152042801,0.151928836,0.151300283,0.15929916898035942,0.151885823,0.16130543043600307,0.15524643617680134,0.153907413,0.151444661,0.15052213579965526,0.15351639,0.153395513,0.16498183643404882,0.1535511934422374,0.154323982,0.155356046,0.155613071,0.16248618382832178,0.155771123,0.16219803564680146,0.15444668889982546,0.155056976,0.155394693,0.2158271117675921,0.155421438,0.15508639954803302,0.15084962476588196,34.25
207,1495033692.0,44.8,0.134493401,0.08994759,0.078812795,0.075550204,0.074322811,0.074178827,0.073913675,0.074121757,0.074823115,0.076315048,0.078024197,0.080296804,0.081545263,0.08447057,0.086831619,0.089133077,0.090809777,0.093864105,0.096863746,0.099264329,0.10219799,0.105231398,0.107601566,0.110567085,0.11342287,0.116155751,0.119085202,0.121577036,0.124238715,0.127981439,0.13083351,0.133420796,0.135885979,0.137622359,0.140370637,0.142114136,0.144482472,0.1455776,0.147701387,0.149438254,0.151469144,0.153288696,0.154568239,0.155350716,0.15708607,0.15937257,0.160359505,0.161211563,0.163780402,0.16611876,0.16660416,0.168121268,0.169670341,0.17141206,0.173414484,0.175118385,0.176516971,0.178599311,0.180207588,0.181758183,0.182549784,0.184642477,0.186790713,0.187389894,0.189217539,0.191706668,0.194357953,0.196052807,0.197211557,0.198860075,0.200560412,0.202772292,0.204601916,0.206103076,0.2077515,0.209620661,0.210025076,0.211167636,0.211935459,0.212769846,0.21429251,0.214682707,0.215533058,0.216765827,0.217481596,0.2176913,0.218658906,0.219607239,0.221323997,0.222225218,0.222050593,0.221840756,0.221689779,0.221214532,0.221629767,0.145940059,0.222238423,0.222420215,0.222737251,0.222113225,0.221661275,0.221678779,0.222974826,0.22472592,0.16100478,0.225355962,0.225370567,0.225386088,0.225829468,0.226123571,0.22611748,0.23367914,0.234680802,0.225931617,0.226848852,0.227121385,0.22754348,0.227689832,0.227632906,0.2274253,0.227564567,0.228697425,0.229066582,0.228913315,0.227069426,26.56
393,1495626376.0,35.5,0.08444691,0.059571257,0.05548171,0.054173775,0.053413889,0.052907453,0.052811881,0.052810496,0.054664223,0.054909894,0.055950824,0.057012343,0.058686804,0.060529582,0.062090855,0.064009991,0.064973518,0.067127984,0.070199746,0.071391734,0.073180943,0.074502773,0.075310535,0.078143361,0.079150032,0.08165845,0.083812351,0.084231032,0.087127481,0.089343906,0.091141379,0.093386953,0.094714242,0.095805615,0.098015391,0.098521221,0.099996791,0.100575049,0.101689516,0.102999968,0.104102105,0.10581721,0.105736735,0.105955472,0.106772276,0.108189106,0.109138062,0.109324793,0.110354456,0.111977302,0.113249215,0.114322673,0.115296215,0.116961669,0.11843832,0.119805453,0.121108866,0.122401351,0.123607658,0.124973087,0.126065865,0.127171658,0.129197293,0.130702094,0.131904864,0.133069119,0.134115746,0.135347432,0.136532593,0.137310924,0.157826695,0.139330962,0.140861696,0.142289455,0.159052876,0.143823388,0.164214985,0.146859531,0.147517321,0.148306588,0.150131864,0.150997107,0.151639637,0.151945734,0.152881591,0.153985173,0.155079363,0.1553176,0.155862345,0.156372166,0.157523754,0.157919664,0.157873283,0.157417882,0.157546268,0.158284851,0.158644104,0.158633775,0.159321491,0.160223303,0.160510323,0.161246583,0.16155067,0.161404038,0.161088159,0.161475419,0.162152019,0.162771614,0.163935327,0.164011319,0.190288711,0.163342142,0.163667647,0.162353569,0.164606073,0.164365419,0.164171002,0.163316982,0.160890497,0.159071181,0.158802324,0.158768868,0.159602394,0.160422875,0.159929585,34.32
398,1494987516.0,36.9,0.095434893,0.064546579,0.056785055,0.054799879,0.049742594,0.053420124,0.053647527,0.054402421,0.054480611,0.055181133,0.056757564,0.057135169,0.059048271,0.060471266,0.062449234,0.063747527,0.065597076,0.067600792,0.068971509,0.071152171,0.073009351,0.074752074,0.077149959,0.07837068,0.080604546,0.082843661,0.08457765,0.086469067,0.08916807,0.090631898,0.09276901,0.094809317,0.096428471,0.098404255,0.100099773,0.101445726,0.103032746,0.103966866,0.10549213,0.106748541,0.107847562,0.109061977,0.113222613,0.110687839,0.111397976,0.112525558,0.113650374,0.114670953,0.116055461,0.117293768,0.11848458,0.119418585,0.12069808,0.122359859,0.123511248,0.124870883,0.126540465,0.12762933,0.128784615,0.130238814,0.131742022,0.133214163,0.134296709,0.135549524,0.137132836,0.138847331,0.140053216,0.141864597,0.143498611,0.144977441,0.145342739,0.145903921,0.147448676,0.148892968,0.150513943,0.152048078,0.15316422,0.154016054,0.153444966,0.155876629,0.156254645,0.15689234,0.157455732,0.15834828,0.158994387,0.159706254,0.160866804,0.161534199,0.16161941,0.161371661,0.161347248,0.161397447,0.160619391,0.161835282,0.162139135,0.162652724,0.162605624,0.16282951,0.162576218,0.162371621,0.162968599,0.163737735,0.165362717,0.165549309,0.166085725,0.166002162,0.166162648,0.166322178,0.166505307,0.167193082,0.167582292,0.167908997,0.167853444,0.167846372,0.167608114,0.16749851,0.167264257,0.167099356,0.167170492,0.167513872,0.167475876,0.167276613,0.1669996,0.148967124,0.165222564,34.14
572,1495793788.0,34.7,0.084675358,0.062019283,0.055015476,0.05326586237538965,0.1126,0.051606957,0.051059402095062593,0.052696435,0.052136228,0.053595936,0.054901474,0.055132465,0.056607225,0.058762385,0.059474966,0.06360365423910071,0.062997632,0.064888966,0.066021628,0.067599965,0.0655229218637041,0.07187132,0.073825762,0.075397837,0.077880447,0.07614984392014146,0.10207297,0.10225966778321036,0.08573905,0.107101,0.089118047,0.09070774,0.092072049,0.094281088,0.09261677864065995,0.09766870829567376,0.098070722,0.099201113,0.100909651,0.102476664,0.1040517309061246,0.104307569,0.10256288038974366,0.09796112837056307,0.11644186715544093,0.19028123547182665,0.130470018,0.13186454752560017,0.110778667,0.10963641986117037,0.113809495,0.114939696,0.116090405,0.10690902001604033,0.118470329,0.120213258,0.122118209,0.10955725009246406,0.124464251,0.11432258614153096,0.126237021,0.127812314,0.12378425114749964,0.131351512,0.1320153216217729,0.13395984,0.13319156047165295,0.1205,0.138699942,0.140074956,0.141247415,0.14395879935052164,0.13064926171370675,0.145109607,0.1468732225933279,0.146800446,0.1534394540136164,0.148899021,0.14596983815604522,0.149895285,0.143391739,0.150333129,0.151434886,0.152639596,0.154009012,0.15052779249622916,0.1619439168197862,0.156800649,0.1595296505090876,0.23590191761709256,0.3003,0.3008,0.157195173,0.16579055034800974,0.157437649,0.15438185723546233,0.181958241,0.18644559385447212,0.159264328,0.160242109,0.15745464583075713,0.161437089,0.1462,0.162212055,0.162851487,0.16299675351087423,0.162574034,0.1621651536831579,0.162363731,0.1625628,0.161991654,0.161612573,0.161297833,0.15930955835233454,0.3001,0.2997,0.16056315421574946,0.162806245,0.162039544,0.15780384601425046,0.159784816,0.159389505,0.1570335788289946,0.158932484,0.158984258,36.23
218,1495035012.0,44.6,0.141890352,0.095986862,0.083718536,0.081509499,0.079928088,0.079582571,0.079141905,0.079742585,0.098074231,0.08279634,0.083697245,0.085835512,0.088800424,0.091113972,0.094128307,0.095572566,0.098270778,0.100839113,0.105308454,0.106889246,0.109658867,0.112656265,0.115402329,0.118159385,0.121547454,0.124316477,0.12829431,0.13131344,0.134524726,0.137183592,0.140037937,0.142635521,0.144612227,0.147027261,0.149944663,0.152077821,0.154062137,0.15608555,0.157567248,0.159457279,0.16090675,0.163206391,0.165070589,0.166211044,0.167298854,0.16924227,0.170706387,0.172188069,0.174340095,0.17535514,0.176865069,0.178552294,0.180001863,0.182909448,0.184698013,0.186062695,0.187771706,0.189017415,0.190649528,0.192685058,0.213980562,0.195839203,0.19710549,0.198571043,0.200553397,0.128390463,0.204875199,0.206865658,0.208743078,0.210148452,0.211506265,0.212978754,0.214540996,0.217255365,0.219451594,0.220241287,0.220996972,0.222936292,0.224032581,0.224787209,0.226109378,0.226835792,0.227835974,0.228765621,0.229218752,0.229437439,0.230048038,0.231070153,0.232270881,0.233028098,0.23355348,0.232915597,0.233062421,0.233276535,0.233272603,0.233616941,0.234121741,0.234160439,0.233873588,0.234842986,0.23497296,0.235424387,0.235114646,0.161005283,0.235580253,0.235758463,0.236898204,0.177144663,0.238785283,0.238920942,0.240238466,0.240299419,0.160872958,0.240161411,0.241368271,0.241635095,0.242591653,0.242930846,0.24212668,0.240971356,0.240210394,0.239394284,0.24000138,0.239832408,0.238587325,26.38
5,1493992532.0,35.3,0.07289160064778444,0.055334826,0.049314171,0.04737276,0.047028388,0.046962935,0.046763231,0.047051317,0.048083179,0.048178271,0.048974406,0.050069867,0.05160597,0.053044428,0.054379935,0.055813025,0.057545032,0.05934327,0.061065226,0.062528525,0.0624,0.065472791,0.086141407,0.069320036,0.07233479472844495,0.073241634,0.074871454,0.076983936,0.078913333,0.080763437,0.082439548,0.08465636,0.086397767,0.087801026,0.089325605,0.090582505,0.091832614,0.09345126,0.0907,0.095509569,0.096206427,0.097135472,0.098168854,0.0945,0.0954,0.100422119,0.101635061,0.103016047,0.104082197,0.105321201,0.106568397,0.107786522,0.108810046,0.109629157,0.110837997,0.111954974,0.113570181,0.115014629,0.116246076,0.1111,0.118628059,0.120100692,0.121477176,0.122662641,0.123949996,0.20905434390219985,0.126554623,0.1205,0.129475467,0.130255228,0.131175447,0.13279221700581703,0.133819412,0.135191496,0.13633228910143466,0.137980996,0.139007084,0.139801522,0.139998088,0.140537559,0.1433289005009887,0.142397062,0.143290021,0.143643154,0.144319795,0.145002622,0.145699988,0.15315917906719187,0.146758183,0.146924062,0.147060028,0.147055545,0.147302288,0.15649406121833,0.1423,0.24685694,0.222481123,0.147910943,0.148018918,0.148351106,0.1458,0.149199609,0.149459844,0.149814194,0.150179743,0.15032438129657955,0.15182447477735944,0.2486918443654621,0.151563467,0.1484,0.151787651,0.1488,0.152256087,0.149831442742237,0.1499,0.156963610888251,0.3,0.153295384,0.154230363,0.155070917,0.15562388,0.156504421,0.156859197,0.156634429,0.1523250755774618,33.32
604,1498932754.0,39.1,0.081942562,0.058015428,0.05074553,0.048458941,0.047096032,0.046953136,0.04615512482537253,0.046502844,0.04708835,0.047834138,0.049012327,0.049913685,0.050701815,0.051770485,0.053679815657152845,0.054,0.057311976,0.058868282,0.060365057,0.062343886,0.1556,0.065895487,0.067187208,0.068865617,0.071905021896113,0.072948101,0.074437292,0.076489376,0.078199306,0.08090453036481317,0.081986807,0.083822434,0.085048403,0.086917122,0.088394017,0.089463734,0.090990238,0.091995947,0.0907,0.09419717,0.095769916,0.096398132,0.096718279,0.098043146,0.100898426,0.10272686724077204,0.133361777,0.118642354,0.103108883,0.104435885,0.105360363,0.106386291,0.107504481,0.108674934,0.11021122,0.11160271,0.11247613,0.113909672,0.12447622995740873,0.1111,0.117697828,0.11909393,0.119854385,0.121610834,0.123065582,0.12442637,0.126011371,0.1287410933420079,0.128812823,0.130081059,0.131614207,0.13327866113168824,0.134148272,0.135410527,0.136510285,0.137797191,0.138586451,0.13723404702685196,0.140577357,0.141504372,0.14416586499346482,0.21266667273735784,0.143109741,0.144326983,0.145005023,0.145794478,0.15767267641531166,0.16556668527757312,0.147450528,0.148130999,0.148720012,0.149127115,0.149185995,0.149525518,0.15192254924593934,0.181698067,0.180930446867593,0.149756626,0.150313721,0.155371399,0.1521392971819511,0.151166405,0.152188242,0.152765949,0.152717264,0.152029536,0.1536689627172258,0.1481,0.153564315,0.1489413854778509,0.155366756,0.155488634,0.156224781,0.15399167247586373,0.156842935,0.157312965,0.15759527,0.16377890168054046,0.1471,0.2986,0.158375646,0.1557072493465782,0.158734951,0.158598409,0.1541969752892177,33.64
547,1495042704.0,43.1009775044626,0.1844,0.1284,0.10973349704426101,0.1131,0.10908581347737223,0.066337046,0.06658222531134263,0.113832959,0.114733276,0.11111364516724306,0.11232409912483907,0.122462053,0.1264,0.128956123,0.132563467,0.135553208,0.1407,0.1439443102090691,0.1484,0.1435165201569489,0.154227465,0.15904685367776752,0.1633,0.1667,0.16222847119089379,0.16866465679376058,0.176907096,0.180796957,0.184873275,0.1897,0.191795247,0.194247848,0.195676795,0.19627416384549276,0.134100402,0.14073598382170074,0.1417402804459528,0.2142,0.109403762,0.11635048798207939,0.219797164,0.222384321,0.21636737766288158,0.22710000000000002,0.2287,0.20740590858779745,0.174681467,0.159258134,0.16776411685147094,0.2299818498823638,0.2268118314772053,0.2424,0.141912133,0.13698371109126473,0.24448108029535157,0.23832626337803678,0.2546,0.25130435055030564,0.259179408,0.260190837,0.260120854,0.263,0.262361794,0.263690959,0.2677,0.2549442195844892,0.2582449096104339,0.255041852,0.24969761386241068,0.2618341702195589,0.1231,0.278950761,0.28086735,0.283182691,0.285447987,0.27767702407435096,0.215026099,0.2160543316782478,0.2931,0.291677548,0.29333453,0.294446185,0.295293984,0.29057418931580414,0.296862014,0.2991,0.2960122564954265,0.2996,0.298396357,0.291618842082213,0.29476079620797413,0.3008,0.298568766,0.29864138916280114,0.298640549,0.2996,0.170245189,0.17574467686561865,0.299042311,0.2868534762906929,0.298578908,0.2991,0.28715900713436554,0.2965275876220138,0.297669353,0.297411887,0.297051217,0.3001,0.297448984,0.298204053,0.297731487,0.296070877,0.298425926,0.298357959,0.29118642854075727,0.29353894962610866,0.298731202,0.297610816,0.2984,0.296216635,0.294997975,0.295353526,0.2942380460119164,0.294970751,0.294788427,25.56
99,1494985442.832311,46.5,0.12147737236740005,0.085554267,0.07431532626334504,0.072982429,0.072624373,0.073666214,0.07430582964166382,0.074385356,0.07554309716099396,0.077154087,0.07947015210510995,0.079755181,0.081753898,0.084141628,0.086744068,0.09259617484183555,0.0983485425435271,0.10048445476302809,0.060616694,0.06560999117752213,0.10357997546831092,0.10795523566439326,0.1468620390317904,0.15618072217211604,0.1704,0.116397718,0.11935405,0.12155406455413433,0.12363308929149266,0.0784,0.130354298,0.1361309433940705,0.13884612801999638,0.138523302,0.140472388,0.142945257,0.145014079,0.146757151,0.14920322,0.152052714,0.1577233628455236,0.15691016,0.158606327,0.15903370226803576,0.16258796,0.165085329,0.16494044099673144,0.20995261604216053,0.2197091416093579,0.16897296163793277,0.17822848,0.180640639,0.18366425915879978,0.114845024,0.12421947512580306,0.193183337,0.19827032667567834,0.201077778,0.22318311465738283,0.2613,0.21227172566261057,0.22172210339972342,0.16664834,0.16738819102695077,0.207111213,0.208238105,0.2099679661396352,0.210296242,0.209709891,0.208826472,0.208362263,0.208681267,0.19894861623628654,0.210307621,0.21616544259142279,0.138571895,0.14418741554293907,0.214012961,0.212253172,0.20749685390336547,0.165389954,0.17346748274390908,0.211715453,0.20966235603464922,0.211920263,0.212064208,0.2174730443382792,0.213588447,0.214120354,0.20804674864610648,0.215209066,0.22268275178398175,0.21541455730532982,0.223586929,0.21514446202785345,0.214928226,0.214580232,0.213695891,0.213330941,0.2087420071775254,0.213344136,0.213444938,0.213377643,0.2227740548563066,0.21960677714282756,0.164746306,0.16742485762342005,0.16723985341666459,0.1652340850344648,0.1484,0.21373948,0.213886602,0.213385161,0.21391070691424618,0.213343597,0.193782075,0.211935754,0.214563306,0.214691983,0.214957439,0.215171766,0.215566645,0.215061114,0.214762633,0.214212977,27.68
407,1494870892.0,30.5,0.063222481,0.052967209,0.053803245,0.054188266,0.0540964,0.054875489,0.055723225,0.056606343,0.057826512,0.060115209,0.060333074,0.060944442,0.065105271,0.065487286,0.056421455,0.068004302,0.0714413,0.072464801,0.074604654,0.076179004,0.078476994,0.092809414,0.081985268,0.083848797,0.08786847,0.089200255,0.091802559,0.093498463,0.097179497,0.098629934,0.101073229,0.10236726,0.103158407,0.103912049,0.105984314,0.108278991,0.109814102,0.110642932,0.099688333,0.11340265,0.11423535,0.114936844,0.115335579,0.117640272,0.116292129,0.120227645,0.11955238,0.121311793,0.122656689,0.123252206,0.124321854,0.125341557,0.126634292,0.127631992,0.128726287,0.130940174,0.132302032,0.156543745,0.136008431,0.137230646,0.138727632,0.139372683,0.140899134,0.142052516,0.143094011,0.144215404,0.145318382,0.146948003,0.147659633,0.148816234,0.150486493,0.151289986,0.153469132,0.155123146,0.156717998,0.158030593,0.159843571,0.161284169,0.161314941,0.161971023,0.164035071,0.165414692,0.16654131,0.166692376,0.167510924,0.169402304,0.170129338,0.170010745,0.170286877,0.170142022,0.17083703,0.170998497,0.170960373,0.171365859,0.170765959,0.171032979,0.170868859,0.17147734,0.17203416,0.172741581,0.173346109,0.17348879,0.174764808,0.175557741,0.176954127,0.178397161,0.179787733,0.17983774,0.178658366,0.178046887,0.176725159,0.176232952,0.175937344,0.176336995,0.155497372,0.176843047,0.164123848,0.174054374,0.172923531,0.168764198,0.164391173,0.160250772,0.156652361,0.152978719,0.148922557,33.81
503,1496132405.0,37.5,0.099610237,0.066658369,0.058367466,0.056768819,0.055637102,0.055241536,0.055198116,0.055802541,0.056088459,0.056991009,0.058178054,0.058654694,0.060577153,0.062382675,0.079710577,0.064829576,0.066728382,0.069038795,0.070749258,0.072584885,0.074648668,0.076394683,0.078221266,0.080216391,0.082407341,0.083743631,0.085971928,0.08807523,0.089743865,0.091962652,0.0942151,0.095729821,0.098028876,0.09940563,0.100835653,0.102488396,0.101933087,0.105252332,0.105837999,0.107643,0.108360424,0.109645119,0.110325608,0.111392083,0.112401872,0.10861825,0.11446267,0.115630748,0.11659848,0.118057266,0.118531084,0.119410426,0.121090617,0.122229401,0.123891046,0.125298964,0.126529255,0.128421629,0.129665273,0.13051607,0.131899223,0.133358501,0.134567875,0.136026115,0.137077371,0.138354664,0.139801144,0.141733951,0.142870527,0.143868627,0.145151375,0.146475627,0.147430822,0.148701089,0.150439121,0.151789311,0.152863412,0.153242571,0.15417952,0.155244029,0.156145644,0.157172597,0.172315794,0.158264778,0.158713087,0.159536707,0.160396475,0.160551973,0.160871868,0.177465916,0.161569525,0.16243976,0.162585884,0.162884385,0.163430851,0.163722936,0.163774678,0.163512107,0.164107871,0.164488225,0.165118471,0.165711017,0.165466398,0.165786514,0.166078708,0.166863258,0.167366686,0.168226819,0.168712761,0.169686914,0.170136757,0.170040838,0.16951719,0.169406828,0.168532912,0.167897045,0.168187523,0.168582219,0.169256179,0.170000603,0.171003322,0.171606045,0.172402313,0.172762384,0.172993017,31.99
48,1495438544.0,30.6,0.053619817,0.046229687,0.042353543,0.043637115,0.058385238,0.044992723,0.046009255,0.046933174,0.048546329,0.048922567,0.051402988,0.052653164,0.053873735,0.056033983,0.057062188,0.057956856,0.059051501,0.061590533,0.06394278,0.06856184873625962,0.066435141,0.068990806,0.070820902,0.073522621,0.074908285,0.07669059,0.08118613545325709,0.080536397,0.083183377,0.0784,0.086095551,0.087926942,0.089174393,0.08585535568342947,0.09245925,0.093188627,0.094502499,0.096847358,0.107335462,0.098380691,0.099588141,0.101005854,0.102022232,0.102956289,0.11360224117904887,0.104653216,0.105114885,0.105931322,0.11312182723708186,0.108733034,0.109780326,0.111081049,0.111989553,0.113531571,0.114836024,0.116956793,0.118947034,0.119440148,0.120350874,0.121846943,0.1233465,0.125403245,0.126949278,0.127976273,0.1284001903481154,0.13134484916609077,0.132745552,0.1205,0.136098555,0.136935324,0.137706994,0.138749227,0.140809078,0.143176415,0.145126618,0.146627594,0.147799422,0.148093533,0.1451095721572125,0.14393283150417263,0.151391645,0.152293585,0.153050123,0.160801901,0.15449594,0.15105043406042173,0.155667437,0.155310511,0.155588305,0.15000358459103416,0.15724938,0.24132894719169468,0.237621551609965,0.2068527687850807,0.159428649,0.160023433,0.2153977334312389,0.161312881,0.162161534,0.162468676,0.163157319,0.17058053584885244,0.165348042,0.165538562,0.1670143114022077,0.165902158,0.165458146,0.16437816,0.176947174,0.162898486,0.161699949,0.161235823,0.160692621,0.15867513782065645,0.15146196169349538,0.160485371,0.1596919572148849,0.160118864,0.159083815,0.156319263,0.152463598,0.149709805,0.150473621,0.151351625,0.14728995338433215,31.73
33,1495552575.0,34.5,0.0805237,0.053788586,0.049048039,0.047567179,0.046563662,0.046715573,0.04685954,0.047179653,0.0476814,0.049148723,0.050134534,0.051048073,0.051835937,0.053611494,0.055009008,0.1369,0.057862663,0.060194873,0.061207471,0.063456747,0.06537738,0.066644504,0.068588943,0.070714091,0.07365324084486286,0.0708,0.076617005,0.078239799,0.08013687,0.081983472,0.084346493,0.08565415,0.086969593,0.0853,0.090166726,0.091884426,0.093621731,0.102632743,0.0944790971002859,0.096451208,0.09782057,0.099152698,0.100062517,0.22710000000000002,0.102381904,0.103188389,0.103997681,0.104895544,0.122078158,0.107538355,0.10883567,0.11436232437475694,0.110774973,0.112418078,0.113735975,0.114918616,0.116431264,0.117624859,0.118926743,0.136426749,0.121657653,0.123253157,0.124382702,0.125885941,0.126882793,0.128103664,0.130019875,0.131928366,0.13308165,0.133725091,0.134853284,0.136512094,0.137770962,0.139120605,0.141014661,0.142222354,0.1482919276379155,0.172425617,0.144466489,0.14332403256718818,0.146000624,0.146563365,0.147815734,0.148870541,0.149511959,0.150060958,0.1388,0.15108436,0.151514271,0.151793678,0.152225054,0.16014289886753294,0.152379239,0.160706868,0.152823324,0.153247731,0.153276188,0.153636312,0.154168028,0.15482498249988327,0.154806006,0.155472197,0.155765022,0.156387069,0.156348952,0.156772777,0.156459132,0.15576803559376812,0.157624043,0.158340939,0.157911909,0.1488,0.15742999,0.3005,0.158693844,0.177282833,0.159161259,0.16513603946565805,0.158758366,0.159335195,0.17318709833242596,0.158435867,0.157507489,0.15624215,0.15195118839580624,31.95
201,1495032972.0,44.2,0.12318007792457533,0.086613318,0.07519078448420684,0.073103288,0.072691543,0.0721726,0.07273183330835173,0.062865837,0.06257067605611014,0.07266704824393735,0.091725462,0.110441283,0.08098707,0.082284072,0.08176973123658275,0.086930213,0.097371995,0.090819186,0.093399736,0.09679065,0.09997949235590263,0.10432317986965,0.10486408269570434,0.107525189,0.10846782793014931,0.113563093,0.116570261,0.133027072,0.13443920723219305,0.125092903,0.127369688,0.130221148,0.1330708567307556,0.134888484,0.13861184837814344,0.139451368,0.141314149,0.15439039710256017,0.145157334,0.14754790484147348,0.147809299,0.14181183803299113,0.151625184,0.152496584,0.16465369605360144,0.155297602,0.15456655937582256,0.158480909,0.159051179,0.161452525,0.15947962177071603,0.164432622,0.166584826,0.1657201155630666,0.169972492,0.171634438,0.172949717,0.174368587,0.19293832493502053,0.178089477,0.178865626,0.1894462194402313,0.18227322,0.1815089014431687,0.186178954,0.18253487040153055,0.18340027549000296,0.18968387032692569,0.193259217,0.194797909,0.197202268,0.20599478612195918,0.200182861,0.1967274950403885,0.203378264,0.204392771,0.21819525445961846,0.2922,0.2931,0.209151061,0.209863064,0.22152727604605402,0.211760272,0.212797008,0.205980047,0.2063106249172575,0.174660847,0.18317182329845177,0.216067281,0.2168135,0.216602638,0.22406649640648182,0.216673149,0.216712193,0.20927590033125432,0.21782252,0.22161923649257537,0.22267944823003036,0.217375268,0.216714182,0.217725871,0.218530175,0.20491071188558307,0.2143103175874361,0.2202932,0.22044131424084884,0.222654801,0.22501877936679296,0.222776443,0.223009175,0.222507775,0.222051469,0.22662493938105313,0.223241997,0.21604807112819036,0.22204359,0.220871086,0.220746229,0.221941594,0.221978017,0.24612024146064834,0.168074937,0.16579825099041517,0.220992299,0.220812514,26.62
135,1495541413.0,33.1,0.078568319,0.057526286,0.051146162190407636,0.050926645,0.050304862,0.050579674,0.051019521,0.050947532,0.051222762,0.052823941,0.05593211536948162,0.0455,0.055369799,0.056728296,0.058535445,0.060081551,0.061258264,0.06242347077890502,0.06419046311927068,0.066524397,0.06425332559999351,0.06828372990179007,0.0661,0.06987021188358515,0.076108181,0.077380644,0.079809439,0.081982772,0.083164122,0.08604920676698277,0.086659401,0.09244443576708153,0.090533828,0.092159244,0.09021341441725443,0.094692535,0.096467644,0.10379894960718318,0.098487104,0.10682496336212144,0.10875925243973014,0.101369062,0.102607436,0.09800968223304855,0.104345563,0.105480581,0.106288089,0.1046598207822371,0.11181896034554428,0.109716126,0.110445417,0.11598929340825762,0.112787147,0.1038,0.115904637,0.117216193,0.11851146,0.119858442,0.1312124616072815,0.121691489,0.11939862142348277,0.124505267,0.125582008,0.144778667,0.1463968003723879,0.130210662,0.1293162894075069,0.13225067254119136,0.133992416,0.135009696,0.13603607,0.13818108906895954,0.138763454,0.14822920645694393,0.23883953174990352,0.142220072,0.1482893617971265,0.2906316917945102,0.144291141,0.14315803276637692,0.17763963662642993,0.146868774,0.147397996,0.147968926,0.1378,0.149416827,0.16094140563671325,0.1510881,0.151079705,0.151347099,0.1415,0.3008,0.1519575,0.16086863221095296,0.152033741,0.14824223147355636,0.152338373,0.15938520441124268,0.153204388,0.153601225,0.1502075270747077,0.2692303872503061,0.2574139086752013,0.155268042,0.155121353,0.15526623628180342,0.154966631,0.154976199,0.155639496,0.15143400851750066,0.156537633,0.1488,0.1561251784978686,0.15388726299231303,0.155931101,0.16279360935692638,0.15482103469243402,0.15564128,0.1471,0.1454,0.15696277224036886,0.155773098,0.15338417811325977,0.155851722,0.15157906543087715,36.16
28,1495593258.885162,35.9,0.081245864,0.054704583,0.050563414,0.048588147,0.047359909,0.047666995,0.047990301,0.047903065,0.048681949,0.050174273,0.050246373,0.05165625,0.053053397,0.054125993,0.055906855,0.057254292,0.058742497,0.05984186257171899,0.062055193,0.064221747,0.15439067766703202,0.068105087,0.069515069,0.073519901163279,0.073375926,0.076660379,0.077672894,0.079563666,0.081121108,0.082982929,0.084660974,0.086535842,0.087995438,0.089865341,0.091447554,0.092873127,0.094430243,0.095329112,0.096369919,0.097844489,0.098729456,0.099552527,0.100820798,0.101810288,0.103002923,0.103868569,0.104518603,0.106147743,0.107105716,0.108376957,0.108428537,0.11395083562309832,0.111499807,0.112433919,0.114325486,0.116050221,0.11834416950931362,0.118828862,0.11998342,0.12096145,0.1185860141401128,0.123690477,0.12471114,0.125998487,0.12749887,0.128700888,0.130337131,0.131674641,0.132405192,0.133807179,0.13548796,0.137157775,0.138120932,0.241372014,0.24918057022802959,0.2436471343431076,0.142532946,0.14363242,0.144097845,0.164393752,0.145430559,0.145850038,0.147184813,0.147877249,0.149018086,0.14517080877089536,0.150678127,0.150873293,0.151127132,0.151091779,0.1415,0.1586677126646691,0.151025581,0.15999289425855162,0.151792124,0.152272225,0.152258349,0.152778817,0.153868371,0.154663268,0.165366944,0.155152107,0.155126742,0.1645451269157564,0.156074709,0.156459187,0.157028289,0.1563634604330219,0.157533213,0.158154502,0.158413894,0.158963267,0.159159056,0.159522469,0.159106555,0.158367803,0.15801846,0.157951852,0.14957754985649654,0.1577033,0.157425782,0.157282237,0.1549070855035904,0.1545740223776669,0.157144944,32.27
595,1495701367.5434823,38.0,0.07768525,0.05733912,0.050509767,0.048459278,0.047423548,0.05236620356756838,0.046387159,0.051063938,0.047246865,0.04840357598236177,0.04930041,0.050434026,0.05050150947693663,0.053178105,0.054038392,0.055831863,0.057379997,0.059293827,0.061354964594948366,0.062708287,0.064713295,0.066595104,0.068433282,0.07236379380005671,0.0694,0.073302642,0.075722059,0.077985865,0.078781283,0.08086084,0.082725439,0.08476882,0.08623089,0.087820021,0.120379377,0.090606908,0.091653318,0.092724493,0.094189583,0.095387047,0.096632047,0.096873722,0.0953980049480443,0.0945,0.099864447,0.2307,0.102005749,0.1031923,0.103958046,0.105445982,0.106756155,0.107585502,0.108505421,0.110111192,0.11135565,0.112702534,0.114305643,0.115332037,0.116961694,0.1111,0.123871111,0.1363123126844182,0.121124491,0.122841983,0.12290098500383395,0.126254375,0.1252269438142709,0.128456923,0.130152153,0.131485354,0.13377488941670973,0.134249239,0.1258,0.13725309,0.13852334395465077,0.139253357,0.140272823,0.13897293940202543,0.140753715,0.141367935,0.142621881,0.143576534,0.144341388,0.14443796109100396,0.145297821,0.146278094,0.1581090810110967,0.147387506,0.148051196,0.147852436,0.148658752,0.149455573,0.156386331,0.149836348,0.149789466,0.14569240852934612,0.150058972,0.150657959,0.151116255,0.1449,0.151679634,0.152516986,0.1462,0.152872172,0.153006196,0.153504709,0.153712287,0.1528944176946996,0.154404227,0.154454669,0.1658994015864613,0.155632067,0.156248783,0.156090454,0.155986057,0.155277605,0.180432313,0.18357023735126068,0.1476914352228691,0.164889789,0.17965414413730948,0.254172676,0.2526814890578541,0.156155905,0.154808519,34.21
231,1495036846.0,43.9,0.16289362,0.111142236,0.098120684,0.093869313,0.093105214,0.093116995,0.092246928,0.093579995,0.094609458,0.096386641,0.081855007,0.101305223,0.104813798,0.098962635,0.110609274,0.111461291,0.114589017,0.118551731,0.1211291,0.124465653,0.129272969,0.131988601,0.133746819,0.13866081,0.14195428,0.145267116,0.148480449,0.1521431,0.155608823,0.159544848,0.162333278,0.16457853,0.16774222,0.171055017,0.17430967,0.175612177,0.17851538,0.180022814,0.182455242,0.184311224,0.186736646,0.188626033,0.189875082,0.191808861,0.193972018,0.126494942,0.196908166,0.198605079,0.200458043,0.20263927,0.204190033,0.207576367,0.208136257,0.210415617,0.211524328,0.212298701,0.214689541,0.217301351,0.219192987,0.220996196,0.222718365,0.224033666,0.224896583,0.226820066,0.229709185,0.231346134,0.23303745,0.235036109,0.236734526,0.238366342,0.241039362,0.24176533,0.243765599,0.246955687,0.248877484,0.250899714,0.160531899,0.25283765,0.253549565,0.254377032,0.255104909,0.255540032,0.257163491,0.257920113,0.259092478,0.259875945,0.260638712,0.261835471,0.262891655,0.263521857,0.263673187,0.264113644,0.263452222,0.264867725,0.264771212,0.264568033,0.147822007,0.264932995,0.263670907,0.264662025,0.266304448,0.266560594,0.266883688,0.268014913,0.267083622,0.267413594,0.267202992,0.266610807,0.267004332,0.267087061,0.267809273,0.267106891,0.26882702,0.269340311,0.268897658,0.268600617,0.268675101,0.269471987,0.269566954,0.268396709,0.267931947,0.267155295,0.229503117,0.26641392,0.266829533,26.16
490,1495018342.0,36.4,0.098659718,0.069651585,0.062485726,0.060253069,0.059220448,0.058962921,0.059156895,0.059509142,0.059695052,0.060618859,0.062366468,0.063999715,0.064723365,0.066845716,0.068287055,0.070990476,0.086645939,0.074370012,0.076493817,0.078724098,0.081373269,0.083220338,0.0858945,0.087954621,0.090248987,0.116644196,0.094589526,0.097223113,0.098280639,0.101703187,0.104138653,0.106623524,0.107640715,0.109148957,0.111681942,0.113594452,0.115402062,0.116255503,0.117371606,0.118776906,0.12109546,0.122539469,0.123257683,0.124492261,0.125650732,0.126972304,0.127715725,0.129341128,0.130599949,0.131771839,0.133115873,0.134390028,0.135908228,0.137150845,0.138277337,0.14042239,0.142100932,0.143807967,0.145543901,0.147458995,0.148140359,0.149954838,0.151996034,0.153067599,0.154673507,0.156186373,0.158147784,0.160170216,0.16164311,0.163249172,0.164744616,0.166601054,0.167735671,0.169758827,0.171715937,0.172792686,0.173526041,0.173987389,0.174394988,0.175447022,0.177241877,0.17816866,0.178711082,0.18016642,0.181820602,0.182328592,0.181924441,0.182436224,0.183180282,0.184251144,0.184291905,0.18439418,0.185249052,0.185994124,0.186479636,0.186047418,0.186531328,0.18719553,0.187599186,0.188271161,0.188852948,0.188756107,0.189831795,0.190389204,0.191075364,0.190161776,0.190822476,0.190513326,0.190872344,0.191864585,0.192520808,0.192892895,0.192536072,0.193017521,0.193398226,0.1937859,0.19473311,0.196025119,0.196104319,0.195666026,0.194842126,0.195043032,0.193406946,0.193259272,0.192380087,30.44
379,1495729735.918148,35.301182233094764,0.092215246,0.06624759,0.058819997,0.05769145328838717,0.056243245,0.06015879886704956,0.060071481348337466,0.056431542,0.05532485405147188,0.057847589,0.059188773,0.06032562,0.10688041514060222,0.062772112,0.0516,0.06623757,0.067902152,0.069960558,0.07251176,0.07388195,0.075333932,0.07946150228064547,0.079650426,0.081160049,0.08325312,0.085547957,0.087821382,0.089463326,0.092121639,0.094268873,0.095557587,0.097426916,0.10102311668338812,0.101399597,0.102887362,0.104175136,0.105251784,0.107136449,0.108388792,0.115464857808127,0.111096726,0.112013047,0.112956767,0.10928772311947815,0.114689034,0.115799977,0.137355893,0.117366397,0.118957702,0.120744667,0.11948287532292812,0.122309244,0.12577773505376227,0.118191900027426,0.147700939,0.154494406416818,0.129581117,0.131267707,0.132873435,0.12208569719217596,0.11983741503331224,0.13241508719974418,0.1327799196855059,0.13953641,0.140892047,0.1179,0.144023005,0.14786811804740502,0.145942545,0.15020747562832368,0.25589423469088063,0.27106535416053706,0.150864472,0.152574051,0.15480640742640364,0.154936,0.155876592,0.15506267223562806,0.157376863,0.15554612527653683,0.159527579,0.188698259,0.160017948,0.160520619,0.161419903,0.162733753,0.163421652,0.1715244491311056,0.1663914960907102,0.16071654276539069,0.165520336,0.165569612,0.165095758,0.164963194,0.164627629,0.165233699,0.174930649,0.165950745,0.16421370679816966,0.166747565,0.16751694,0.168582355,0.169087541,0.1785006597059446,0.2994,0.169375221,0.17243201496523766,0.169741415,0.170247654,0.169862215,0.170369149,0.1592757359492745,0.171339723,0.16983608656534588,0.17232417,0.172514414,0.171729359,0.1760279699946315,0.17030560572986428,0.169648429,0.169386585,0.16671834776629516,0.170829707,0.171326009,0.172593845,35.09
289,1495628669.0,35.3,0.136779544,0.064994706,0.058668615,0.056177183,0.055086464,0.054470771,0.054473463,0.054814363,0.055680999,0.057187314,0.058239823,0.059127922,0.059996278,0.062210236,0.06290526,0.06504383,0.066847183,0.069402516,0.070803204,0.072950422,0.074315071,0.076454749,0.078564152,0.080543231,0.082559185,0.084291761,0.086630454,0.088859575,0.090652651,0.093217598,0.095568058,0.097142138,0.098863799,0.10023706,0.101888552,0.103438298,0.104863766,0.106346883,0.107478222,0.108836675,0.109813542,0.110321562,0.111190007,0.112714256,0.113672894,0.115096067,0.115998358,0.116932463,0.118104382,0.119238113,0.12045804,0.121669764,0.123131002,0.125201463,0.125096835,0.127580429,0.129011649,0.13057779,0.131941304,0.133144838,0.134475505,0.135882979,0.13731191,0.138361538,0.139722439,0.141636507,0.143438646,0.144509063,0.145284195,0.146299833,0.147841029,0.14910651,0.150033584,0.151454807,0.153077008,0.154575747,0.155576491,0.156308342,0.157485152,0.158220688,0.158857313,0.152896508,0.160541145,0.161593804,0.162426603,0.163578682,0.163682035,0.164200434,0.164810848,0.165306316,0.165206134,0.165449501,0.165906594,0.166261876,0.166106712,0.166251136,0.166074563,0.167133329,0.167457123,0.168334663,0.168619323,0.169011909,0.169369216,0.169303048,0.169396282,0.169839124,0.170345627,0.170150121,0.170320001,0.171191173,0.171722747,0.172029122,0.171765769,0.171740358,0.171885298,0.172438528,0.173264224,0.17383387,0.173651818,0.173821768,0.173939241,0.173945847,0.174568611,0.174976544,0.175358228,33.5
419,1495391380.045674,31.9,0.099926213,0.071844055,0.064827862,0.061982132,0.073211771,0.044847936,0.062107584,0.061875209,0.063332893,0.064658716,0.065421081,0.066550143,0.067440623,0.069711689,0.071734868,0.075887222,0.075302791,0.077408626,0.080147606,0.1513,0.083983291,0.07034268334263179,0.087973328,0.0676,0.092751051,0.094830331,0.09732757,0.09925383,0.101433761,0.10458872,0.105668169,0.108323383,0.110255121,0.112461588,0.114430999,0.115560028,0.117311368,0.118097697,0.119737247,0.121024476,0.122555464,0.123184647,0.12075694768400504,0.125044307,0.126970461,0.127916485,0.128639308,0.130208581,0.131214936,0.132587491,0.1311188211089672,0.134572763,0.135926671,0.13001241464694874,0.138645351,0.139811514,0.141847438,0.143759011,0.145343241,0.146230407,0.147139804,0.148476199,0.149573334,0.150945664,0.152835773,0.15237309689765507,0.155219288,0.159757743472262,0.15747352577186072,0.158966348,0.160660055,0.16548119130888636,0.16244185,0.163518498,0.164871185,0.167397305,0.168730457,0.169958208,0.170730742,0.171622531,0.172092808,0.17280502,0.173605213,0.174439307,0.175442912,0.176398267,0.176724538,0.177077673,0.177715951,0.178178198,0.1654632951275211,0.2621371053040458,0.257871537917893,0.165658677,0.16569448739055226,0.17743717,0.1761311841176015,0.178907721,0.179966621,0.180941989,0.181070126,0.1462,0.181982178,0.182672376,0.1827582052839892,0.183251565,0.184002217,0.183874328,0.184147983,0.184507944,0.19193507324943568,0.184872552,0.184637965,0.18377612370939467,0.185995079,0.202845134,0.201497667917697,0.184904728,0.1804846682898835,0.17415415223070402,0.2989,0.184217154,0.183553284,0.18311020763931649,0.181312127,31.34
392,1495626256.0,35.6,0.092728726,0.064064675,0.057037257,0.054799464,0.054254653,0.054305876,0.053753473,0.054368968,0.055158598,0.055927473,0.056938494,0.058097453,0.05959773,0.060556718,0.062023007,0.091962066,0.065892855,0.067669153,0.069488831,0.071444202,0.073278682,0.074792804,0.077329644,0.078541292,0.080741256,0.08238406,0.084685633,0.087013808,0.089218975,0.090721682,0.092644795,0.094479153,0.09669494,0.098315767,0.099426046,0.087159814,0.102087873,0.103021382,0.104505635,0.105848322,0.106993414,0.108325555,0.109761218,0.110193853,0.11069894,0.111768848,0.113337721,0.114348779,0.116053825,0.116841447,0.117832033,0.119092372,0.120034281,0.121237175,0.12263976,0.124566509,0.125938171,0.127926897,0.129401104,0.130227391,0.131359367,0.132368811,0.133564217,0.135068468,0.13687501,0.137964723,0.139812777,0.140924301,0.142004184,0.143219085,0.144503537,0.14549563,0.146798132,0.148088948,0.149155186,0.150450703,0.151992506,0.1530509,0.153275886,0.153880876,0.15469051,0.156004696,0.156308573,0.156976714,0.16492898,0.158581168,0.159383516,0.159964529,0.160774112,0.171229707,0.161486399,0.161051301,0.161376888,0.16152702,0.16198765,0.161907298,0.161618957,0.162004101,0.162574739,0.16270981,0.163446255,0.163928145,0.164422401,0.164731165,0.165187165,0.165774861,0.165880227,0.165668015,0.166109553,0.166629325,0.166869088,0.16744958,0.16739009,0.167453958,0.167218854,0.166587895,0.166577022,0.166753081,0.167500706,0.167609491,0.166479654,0.165285092,0.166057752,0.16618827,0.166368582,34.36
499,1495019518.0,34.894590707178445,0.09889147,0.068776144,0.061253333,0.058963039,0.057958004,0.057235152,0.05699049158214928,0.058080275,0.058522955,0.05888160220359538,0.061166167,0.062018457,0.063220971,0.06312439397655559,0.067623199,0.069357975,0.071038344,0.072944666,0.076042256,0.077919864,0.080115185,0.08284479,0.108566283,0.11525399119040028,0.089362568,0.091447061,0.094346776,0.096403688,0.09868782,0.101143789,0.103872099,0.10613304,0.107199781,0.109077229,0.10937602952049078,0.113311334,0.115334827,0.116000118,0.11811619,0.11961906,0.121159366,0.122267596,0.2257,0.124823191,0.125680952,0.126407562,0.127821944,0.128994758,0.129891883,0.131715526,0.132831178,0.134820478,0.136322955,0.137602394,0.139111187,0.140431178,0.14360797709422152,0.143760464,0.145700565,0.147680811,0.149430367,0.150792522,0.152226012,0.153312227,0.155054887,0.156809919,0.158857872,0.1613999,0.168056594,0.1636103,0.165530178,0.17088059582529666,0.168687899,0.170281499,0.17230056,0.173000411,0.174070054,0.174753614,0.175971478,0.177156619,0.178223468,0.18733599857696376,0.17893623,0.180165469,0.181379063,0.182836356,0.183411302,0.183482635,0.149186151,0.184962421,0.28229879667433494,0.18581574,0.186347404,0.19318532938338848,0.186643684,0.187423859,0.18737969458698148,0.188170913,0.18818343447927258,0.2991,0.188025589,0.188825067,0.174864634,0.190256665,0.190926909,0.19107356737780515,0.191352557,0.191758745,0.1875256,0.18973430014269785,0.19646275592378815,0.192344105,0.191831223,0.19207271,0.191601154,0.192456835,0.193096256,0.193468819,0.1903051926306367,0.19168829,0.191416539,0.191530734,0.190082108,0.188357954,0.186417927,29.96
139,1495541893.0,33.6,0.082206104,0.057131975,0.053323839,0.051242672,0.049130885629824296,0.05387471244137619,0.0371,0.11183061585800369,0.051044177,0.051932133727662234,0.05506934239897061,0.054426421,0.055910319,0.054863623,0.058446991,0.059675898,0.061395232,0.063088149,0.064640508,0.066565933,0.068788642,0.070367912,0.07146038183364335,0.073586477,0.076014678,0.07410342645445488,0.079208676,0.08078301,0.083557571,0.084906975,0.0858826715130292,0.08851078,0.092309937830626,0.091856305,0.093619924,0.09871014908808287,0.10031318084690274,0.097293699,0.0907,0.099176599,0.10047904058375942,0.09539522441110246,0.101850772,0.09718511806273752,0.10428381,0.105389239,0.105872615,0.107129133,0.10815388,0.10710943870329649,0.141351416,0.14722594321869537,0.1505044042846452,0.1469911708755296,0.12331719486467421,0.106,0.1081,0.2581,0.120194139,0.121207852,0.11886028450078796,0.1129,0.125161119,0.12989484492031597,0.127865047,0.129206201,0.130733945,0.131631711,0.1302507523583439,0.133877474,0.13599816169205411,0.136231655,0.137730926,0.139026001,0.1404075875306751,0.141695812,0.142839599,0.14161965508230134,0.1381954318432784,0.1338,0.144733634,0.15114526445103585,0.146214793,0.146832946,0.147511499,0.148278936,0.159914597462661,0.2996,0.150267216,0.150632839,0.15108188,0.15900778645491134,0.150989276,0.15995877791758,0.16082881554081568,0.151832487,0.152039919,0.15911254008097322,0.152770221,0.153235639,0.14980856736429127,0.153867518,0.1462,0.15562175220843844,0.1564258627184902,0.185154129,0.18950026422841593,0.19033408827495885,0.18467935503656074,0.155240237,0.155383606,0.155615232,0.155598497,0.15333516297462862,0.155816753,0.155178343,0.15445434346195333,0.1557347,0.156697055,0.156317217,0.15612897,0.155401544,0.1530092342992659,0.19443492338352125,0.149996444,36.0
63,1495536266.0,34.5514192847085,0.09629132057418444,0.069889014,0.070060846,0.065626619,0.06307245944866033,0.051256949,0.050690557595325786,0.063103499,0.063239999,0.06418413,0.06692245410422168,0.066134911,0.06841386355060307,0.082338153,0.07041043,0.071286622,0.073033427,0.07450680657341748,0.076441096,0.07965393972731927,0.07975138652299717,0.082044471,0.08376785474419719,0.085651984,0.08778095245833309,0.089945328,0.09367245792580411,0.093331987,0.096074357,0.09942714088397005,0.110559984,0.11634042988097046,0.10341241,0.105020968,0.106590819,0.11217621264635189,0.109287546,0.11826111112743717,0.113145446,0.116076749,0.13892897,0.1331029314303005,0.11627074217512556,0.122039908,0.123029091,0.12096874558541434,0.11818186120983465,0.11804034236578642,0.0988,0.12850057974611212,0.12710330270030112,0.136256298,0.137962972,0.167455754,0.143413778,0.15078082775376453,0.149860349,0.13923957757168348,0.152583486,0.152266896,0.1534321434958672,0.15269028,0.14972235522421426,0.15525898601142368,0.15762199924455822,0.156155891,0.15613411326018703,0.16093646979024728,0.15861439764928276,0.155245583,0.155858003303778,0.157142054,0.158476574,0.1637951754126532,0.2412880267324757,0.162147544,0.17069546191941354,0.1322,0.1331,0.158600975,0.159140261,0.152594099,0.160076831,0.160790846,0.161650348,0.162855097,0.17306780920359327,0.164684863,0.164802254,0.15914057471079007,0.16511839,0.17294531191550383,0.165367418,0.17347012883371737,0.165580125,0.16363289470969408,0.16058273406321313,0.166298491,0.166405619,0.166700344,0.16450244187710805,0.167734589,0.15230874969585137,0.16172819759795418,0.1473,0.169878697,0.170195299,0.171054137,0.16844569930086603,0.17173488,0.172484532,0.16152353571101444,0.174386604,0.175299873,0.176771674,0.18293926910898792,0.179077104,0.18239576847527786,0.180069473,0.199011894,0.181939549,0.17927149351191812,0.185193047,0.186532181,0.187932095,40.11
472,1495016182.0,33.3,0.095357747,0.072430065,0.065166396,0.063963903,0.06357025,0.063374149,0.063580992,0.063678142,0.064629028,0.065448984,0.066925498,0.068483831,0.069423319,0.071454855,0.072915762,0.075286458,0.077114016,0.079231773,0.100953824,0.083997338,0.086402509,0.088835223,0.090639094,0.092987289,0.095594585,0.093811824,0.099986988,0.102455671,0.104148253,0.106539186,0.109349204,0.110907747,0.104793116,0.114703178,0.116819059,0.118576246,0.120511207,0.122218264,0.123534002,0.125098072,0.126061961,0.128067571,0.128846872,0.129948446,0.13093415,0.131475635,0.133171719,0.134886947,0.13605901,0.137210768,0.138720745,0.14042783,0.141367097,0.142517849,0.144230935,0.146457468,0.148449897,0.130365657,0.150689806,0.151891716,0.153776487,0.155478169,0.156238671,0.158568188,0.160072056,0.161370778,0.162973278,0.165447789,0.167535995,0.168326517,0.169695374,0.17110415,0.173150953,0.199118579,0.175495233,0.177123704,0.178046625,0.179224968,0.179732041,0.180546711,0.181105299,0.181421202,0.199758921,0.184311077,0.184812411,0.185071827,0.185201842,0.185393324,0.18556145,0.186399505,0.187159191,0.187835158,0.188561507,0.188897354,0.189555074,0.164878385,0.190077422,0.189833095,0.190900976,0.191355031,0.191580425,0.192236017,0.192844412,0.193331667,0.193974089,0.194018797,0.194971751,0.196449507,0.196818989,0.197181818,0.196115581,0.194908727,0.193799885,0.193374657,0.193502074,0.193816342,0.194679803,0.194937678,0.195658175,0.194738681,0.193551223,0.192442751,0.169081686,0.190099599,0.190003112,31.32
129,1495430159.0,33.0,0.082715452,0.068079675,0.053326603,0.052052973,0.051510469,0.051364319,0.051861752,0.05179792,0.052583272,0.053619391,0.054442535,0.055442619,0.056179985,0.058020034,0.059150709,0.060936279,0.062406556,0.064293994,0.065804172,0.067659465,0.069945202,0.071782147,0.073363015,0.075167233,0.076971608,0.078977692,0.081005647,0.082702688,0.08450478,0.086732451,0.088902188,0.090122003,0.092015178,0.094024441,0.095160293,0.096781227,0.097886044,0.099513391,0.100543482,0.101832454,0.10284648,0.103555614,0.10421238,0.105567927,0.106220286,0.107399119,0.108141071,0.109248859,0.110574216,0.111526007,0.112969688,0.114025612,0.115258287,0.116235686,0.117890655,0.115939729,0.120434413,0.121937041,0.122942137,0.123947057,0.125392174,0.126681088,0.128078154,0.129499776,0.130811091,0.132341515,0.133389654,0.135092543,0.136233354,0.137334114,0.138559092,0.139630576,0.140408662,0.141475144,0.143056897,0.144140247,0.145151535,0.145914333,0.146535828,0.147247319,0.147984524,0.148733289,0.149454762,0.150258063,0.15106346,0.151991549,0.152918971,0.153380844,0.153669268,0.15392074,0.153878232,0.153842414,0.154033511,0.154004944,0.154219664,0.15414755,0.154107813,0.154112934,0.154713721,0.155080746,0.155532674,0.156095167,0.156531105,0.156844034,0.157370717,0.157732598,0.157868983,0.157772023,0.157581465,0.157781994,0.157983226,0.158387404,0.15822403,0.158124649,0.155420353,0.157975281,0.158142576,0.158623616,0.158495282,0.158177855,0.157600663,0.157403021,0.156375095,0.15628775,0.155290856,36.7
660,1495805410.0,40.3,0.08097285337321426,0.060361214,0.052063863,0.049543858,0.045146074,0.047648119,0.047558426,0.047980086,0.048044234,0.049612582,0.060874108,0.050808913,0.052424601,0.053622097,0.055519652,0.05661,0.058116945,0.060506962,0.061699582,0.063565273,0.065769104,0.067210804,0.068809916,0.07085825,0.07297927,0.07476986,0.077157728,0.078869606,0.080280485,0.082434785,0.084353916,0.086058192,0.087894272,0.089418451,0.090835427,0.09239042,0.093539758,0.095161185,0.0907,0.09721375,0.09835958,0.098942692,0.09739211544596184,0.100752605,0.102057517,0.103319608,0.10379439,0.105112498,0.10587101,0.107211525,0.107934953,0.109203966,0.11028825,0.1038,0.112763621,0.113912861,0.115325566,0.116530614,0.11755483,0.118858678,0.120770089,0.121580528,0.122827655,0.124691495,0.126013773,0.127070499,0.128576607,0.129744123,0.131484204,0.132926833,0.13511462166099145,0.135691734,0.137050555,0.138476487,0.13923673,0.140171472,0.141317653,0.1400503095910184,0.142937075,0.143674456,0.144607199,0.145394829,0.159209337,0.146263571,0.147141165,0.14315622565530975,0.148631421,0.149324366,0.15232805587851095,0.150076187,0.150131145,0.150068654,0.149776146,0.15881878186406392,0.15985566731025982,0.151341696,0.14673853831753367,0.151794626,0.152135395,0.15206718,0.152045405,0.152044454,0.152142221,0.152375573,0.152524558,0.152849162,0.15264564,0.2925212417309651,0.15326457,0.14858134397158237,0.154949097,0.155775716,0.161975682,0.16002012146571873,0.155220658,0.15511026,0.155658362,0.156522175,0.14793812568667922,0.157702567,0.158197962,0.157942598,0.15557347120244658,0.157627131,0.157896654,30.3
521,1495635047.0,29.1,0.082471821,0.068484822,0.061752045,0.059625538,0.060665926,0.060566134,0.06050073817486239,0.061860465,0.063220583,0.064434254,0.066540741,0.066916929,0.0693060287570854,0.070828141,0.071798573,0.073644962,0.07648172391390809,0.077670931,0.079458013,0.082415616,0.083758884,0.084597299,0.087217794,0.090751021,0.093336692,0.094946369,0.096117414,0.1821,0.101150337,0.10345475,0.19289999999999996,0.120067885,0.109323346,0.110856011,0.112863334,0.113478482,0.11312141,0.114767508,0.118019852,0.118187321,0.146299678,0.119941537,0.11763117993633286,0.1221598,0.123224824,0.12355663,0.124267826,0.125213089,0.126400699,0.150034228,0.130031089,0.130813712,0.1025,0.132783978,0.134948241,0.136824359,0.13987055279173866,0.138723528,0.140832917,0.141454893,0.141743901,0.143372314,0.146349898,0.147670462,0.149039869,0.14959076,0.149739368,0.150244023,0.151368068,0.153141281,0.154553219,0.15565914,0.156866464,0.158563949,0.1294,0.161376925,0.162919963,0.164245451,0.165359157,0.166162006,0.167049477,0.1355,0.171327945,0.17220869,0.172577234,0.172404015,0.149227174,0.17360625,0.174736762,0.175587919,0.176130848,0.176436016,0.1744693513518783,0.177619858,0.169844149,0.178720332,0.180589127,0.180143043,0.180380992,0.17949354,0.179167782,0.178319672,0.178991441,0.179189858,0.17955819425122124,0.18008228750120125,0.182025005,0.182612148,0.1829559,0.183178589,0.183166333,0.183026042,0.182430554,0.181376449,0.1499,0.181189383,0.18012516728878336,0.184584403,0.185611641,0.187510183,0.205990384755888,0.187493871,0.1853943505550958,0.184433631,0.17882092492971763,31.79
65,1495478518.473606,31.2,0.035857004354720445,0.0323,0.070488557,0.066176964,0.06360587878365423,0.06666401388909683,0.063193404,0.06040662496806097,0.063712793,0.06370413010537292,0.065297494,0.06838258502583514,0.10310700939433629,0.068949454,0.06949427198284289,0.1148441453867384,0.072607861,0.07407010290479502,0.076112611,0.077447612,0.079517988,0.081081081,0.08275241035451883,0.085257755,0.08740810512158576,0.08659999395859944,0.097869318,0.09756627306627784,0.09965244534673488,0.10313485264656609,0.10290191273684393,0.100997492,0.102785211,0.09996668344175326,0.09905672270509983,0.107413019,0.108537387,0.11741485499974819,0.2168,0.114964442,0.11757115055647843,0.11091669973746023,0.11565690866783343,0.11223016530525592,0.121457143,0.123128301,0.12047074526071841,0.12061534228210967,0.0988,0.129186158,0.12777690482377493,0.132022526,0.133659721,0.144861176,0.137920897,0.140556133,0.143301902,0.145189279,0.15989643928958697,0.146266911,0.14675355302178206,0.1584205818587289,0.25333281344259123,0.148440087,0.15031845271996838,0.151440049,0.151541812,0.151626744,0.152105059,0.134137628,0.153925769,0.154832458,0.14346236358756662,0.157432827,0.159167226,0.159991741,0.158848021,0.15812664343028102,0.162445744,0.15463541,0.156644717,0.157147151,0.157825197,0.158392942,0.14634904122894926,0.2991,0.161803971,0.184917189,0.178286246,0.163366585,0.14858129870229952,0.1712470986545444,0.163301945,0.17152917356211086,0.164097776,0.164483719,0.164749056,0.164562428,0.16271607723816608,0.16459694,0.1622070217824415,0.166442555,0.167210997,0.195412766,0.167606151,0.167889356,0.168314725,0.169114199,0.169228647,0.16971309,0.170420108,0.15932988483297947,0.172451403,0.17100141808001496,0.16379191696578688,0.1499,0.1496,0.1770027,0.17142333786785582,0.179257729,0.179992791,0.181629137,0.182810319,0.18237009593180392,0.184712726,39.68
15,1495550057.0,34.7,0.079468607,0.055507223,0.048782742,0.069374566,0.051727463,0.046486854,0.04575655,0.04693203,0.047196593,0.048393301,0.07777029,0.049783099,0.051359511,0.052661181,0.054252596,0.055337782,0.057041956,0.059153541,0.060880028,0.062198111,0.064119885,0.066097395,0.074865409,0.069611761,0.071447703,0.073253771,0.074953106,0.076986569,0.078908938,0.080838082,0.082470669,0.084405094,0.086030705,0.087376291,0.089070374,0.090649933,0.091985292,0.092811073,0.094431264,0.095368059,0.096161015,0.096892725,0.098323922,0.099218036,0.109381619,0.100576588,0.101842777,0.103010803,0.104404966,0.105517723,0.10618787,0.107070745,0.108595995,0.110192444,0.111267606,0.112724228,0.114173183,0.115296517,0.116380611,0.117976278,0.119006526,0.120082822,0.121432608,0.155546132,0.124339677,0.12577976,0.126967659,0.12821637,0.129748456,0.131141377,0.132347563,0.133884416,0.135055397,0.135989749,0.137140913,0.138260149,0.139314126,0.140243124,0.14089294,0.141624365,0.142293182,0.143414376,0.14441577,0.144589213,0.145491202,0.146066137,0.146365038,0.147137356,0.147824258,0.148111067,0.148148791,0.148260361,0.148394721,0.148622887,0.148907221,0.149018593,0.149323065,0.149486988,0.14932197,0.149910114,0.150057422,0.150591712,0.151199891,0.151416234,0.151427278,0.152062917,0.152484509,0.152349394,0.152678165,0.153175868,0.153348061,0.153376239,0.153533259,0.153959435,0.154822314,0.155196695,0.155671925,0.156147632,0.156762684,0.156585231,0.156616762,0.156322866,0.156829658,0.157652233,0.157615124,32.78
157,1494359427.0,33.4,0.081171055,0.055397577,0.050128889,0.048391865,0.048587781,0.048285803,0.04755951241917256,0.048153179,0.048913812,0.04995254502884923,0.050820949,0.067653456,0.0701462955578941,0.054409475,0.055815733,0.059713156189597376,0.058736987,0.060384717,0.062825276,0.063658054,0.0624,0.06946387505055948,0.069211336,0.07319530125798009,0.073132763,0.07094247716725793,0.076456108,0.078524825,0.080317679,0.08309964566900435,0.084009362,0.08979490557170612,0.0836,0.088884674,0.109141361,0.092023032,0.09372133401281917,0.094739018,0.09537857,0.10411255658442661,0.20671874705928445,0.14123001538152052,0.0938,0.0945,0.11129947668977543,0.102288335,0.103401678,0.104616194,0.106175454,0.107121093,0.108150545,0.11366986949888071,0.109994254,0.1038,0.1121819268213363,0.17379967944226055,0.114872965,0.1093,0.117646843,0.118756551,0.119801333,0.146651196,0.1434259245063645,0.123631214,0.12374630993348783,0.126366293,0.127786555,0.129504918,0.12819226067475673,0.131505496,0.133102586,0.155851219,0.1445121032435479,0.137043464,0.13830055417904014,0.13962293791556424,0.140182307,0.1322,0.141321262,0.14034648474510752,0.142789361,0.143425405,0.143873304,0.144790722,0.1378,0.14620674,0.146866419,0.1477144,0.148079961,0.148562706,0.1415,0.148402417,0.14718774416459993,0.142,0.149235666,0.149578237,0.149691435,0.149460657,0.149186314,0.149741889,0.150145899,0.15820083130042673,0.150487149,0.15990728403551524,0.151229087,0.151170826,0.151123998,0.15018667350150267,0.151234746,0.151772174,0.152411424,0.152836518,0.153320859,0.15094760239927613,0.1499,0.2822472489739552,0.153772632,0.154448834,0.154551428,0.154166395,0.153650274,0.154453346,0.15205238556518857,0.15173028566618443,0.152973176,34.65
41,1495553535.0,32.1,0.039413829,0.042972878000000006,0.037770402,0.04092647,0.074598854,0.092667187,0.042306476,0.045683615,0.045288581,0.045860711,0.047331756,0.049644259,0.053158088,0.053754234,0.061801016,0.057619861,0.058999508,0.059829543,0.063079015,0.064367554,0.065474237,0.066617278,0.068222403,0.06914501,0.071921975,0.074791488,0.074982018,0.077121272,0.080105893,0.08097224,0.083513176,0.084888502,0.086185515,0.087552364,0.089297619,0.090474373,0.092035268,0.092596088,0.09445032,0.095682996,0.096750076,0.09708829,0.097130628,0.098566815,0.099241364,0.099559949,0.101105727,0.101615382,0.103495587,0.103790153,0.104107809,0.105158088,0.106454887,0.108392745,0.109147846,0.110559666,0.11256577,0.113778359,0.114897825,0.116738296,0.116809814,0.11821403,0.119509552,0.121161065,0.12269298,0.124118372,0.124652567,0.125861438,0.126853412,0.128467615,0.129767903,0.13257776,0.134131779,0.135993582,0.137961233,0.139694469,0.141034816,0.142667563,0.144245832,0.144528148,0.145909617,0.146651977,0.147014915,0.147056465,0.148521019,0.150122952,0.150723465,0.151460446,0.15229508,0.153297249,0.154263561,0.154253874,0.153375448,0.1536684,0.154620508,0.155433893,0.155851696,0.155213387,0.155836389,0.157483423,0.159221334,0.160966556,0.161447777,0.160156534,0.15892883,0.158633568,0.159132881,0.161086777,0.160348873,0.160263387,0.159482508,0.158975029,0.158426647,0.15836695,0.159015497,0.158820629,0.158995215,0.159369915,0.158629128,0.156718167,0.154344349,0.152557085,0.151865009,0.151523624,0.149055784,31.8
493,1495018702.0,36.8,0.09532192324810462,0.069286067,0.062310784,0.07758887,0.059021324,0.058983518,0.058110643,0.058831143,0.05802710530481851,0.060967137,0.06150526,0.063269449,0.086442231,0.084598217,0.067598584,0.07020897,0.072214947,0.074254305,0.076473531,0.07811961,0.080827372,0.083196944,0.08550825,0.08768899,0.089715652,0.09222348,0.094949014,0.097095676,0.098944345,0.10240109994672483,0.103183655,0.106388601,0.10978080770863892,0.10992072,0.111941124,0.113626982,0.11501749610111114,0.104978288,0.117529442,0.119074766,0.121443209,0.122402077,0.12000269264291923,0.124572282,0.125505084,0.126699253,0.128161725,0.129090264,0.130711767,0.131570068,0.132961879,0.134921588,0.13612458,0.137486366,0.138766877,0.140346121,0.142388989,0.143377964,0.144725335,0.14666325,0.148145868,0.1597657911805559,0.15090295,0.152781994,0.154724724,0.156789492,0.158270993,0.159786678,0.144481949,0.163363706,0.137399642,0.166792283,0.16818393,0.170595728,0.172947224,0.173260277,0.173601807,0.17437394,0.174610949,0.175327758,0.177242369,0.17834578,0.178838056,0.181328747,0.182124391,0.183381997,0.183855437,0.19270033757775198,0.184590728,0.184553435,0.17272966971102796,0.1852627,0.18305926253860233,0.186227075,0.18325253073406478,0.186538555,0.187126669,0.188236953,0.188498542,0.188498936,0.188966688,0.1951368381433981,0.190459302,0.19067311,0.190958012,0.191661063,0.192497668,0.19346982878043312,0.193898761,0.194273928,0.2003955140130417,0.194445451,0.20005594773479837,0.192813143,0.192909771,0.192513012,0.1913006868043192,0.19298912902458912,0.193761832,0.18592342463758357,0.20414296998335393,0.194338737,0.193791113,0.193308719147142,0.190819087,30.32
380,1495624816.0,34.3600641937589,0.092136727,0.064398938,0.059455193,0.05696845,0.056360691,0.056011026,0.055700486376311614,0.05303292504163722,0.057336387,0.057689075,0.059111663,0.060344734,0.061808140333523276,0.063393461,0.06483129,0.066494579,0.068216683,0.06956400151940649,0.0589,0.074224799,0.07334285002640784,0.078274943,0.079268755,0.08191258,0.083884638,0.08273537585347199,0.087657403,0.08616462804172208,0.091668433,0.093484742,0.095210894,0.096467354,0.099507753,0.100616055,0.102784145,0.10822421750418088,0.105642589,0.106635174,0.09854275381500886,0.105156688,0.10695315733515144,0.10174436734519737,0.113943084,0.11036254848287416,0.12447459674317687,0.12216024796067124,0.2326,0.117371732,0.118985314,0.11753726756360192,0.121310673,0.122202598,0.123588661,0.125314135,0.126472121,0.1361058071627557,0.1310002527594521,0.131078005,0.23925718312167799,0.1111,0.1119,0.1247462156720618,0.116504177,0.139426008,0.140544608,0.141730386,0.14122344694554564,0.144633837,0.14283531899926868,0.147939994,0.14906807910316894,0.1245,0.151513204,0.1582967255859836,0.1608884458515232,0.15440192,0.155631434,0.157011373,0.1546338785839134,0.157829622,0.158705153,0.159323812,0.160206137,0.15979652160620816,0.161382867,0.1584424803172811,0.162809052,0.163550272,0.1660312835739698,0.16035933889911475,0.165300051,0.165509529,0.165775198,0.159917025,0.166509203,0.166174583,0.165947443,0.165964603,0.187064164,0.165926248,0.166515392,0.167051501,0.167983055,0.17739659033360394,0.169980743,0.170447029,0.16972148,0.190640723,0.166057466,0.169922211,0.169753138,0.15862116447024247,0.1488,0.1496,0.1499,0.171925331,0.1709822861577485,0.17538053199701165,0.172431749,0.16701580530190635,0.1427,0.162283536,0.170878087,0.169896679,0.169782866,34.91
188,1494934567.0,31.4,0.094647013,0.072730251,0.06598617,0.06602746986176611,0.050570748,0.063598788,0.064514104,0.061706311683158495,0.066154594,0.06618772,0.067574528,0.068573029,0.069319342,0.06912454245877868,0.0516,0.074587514,0.075545863,0.0576,0.10029083496258534,0.10082026923011128,0.082315891,0.084716243,0.086485533,0.088527502,0.08933151,0.08870962775398017,0.093350162,0.09533665,0.09746520284140109,0.098482377,0.100588931,0.102142394,0.103459003,0.092042936,0.106519611,0.108380477,0.109645235,0.11866462092743549,0.120089118,0.111789859,0.113042617,0.113624715,0.121575669,0.11868005284128624,0.115684001,0.117618914,0.117731328,0.11753349144986644,0.12501020157370674,0.120056221,0.120536498,0.121208435,0.12468532149647392,0.123138221,0.124872458,0.13472016421982072,0.1285555800094021,0.127737988,0.128870404,0.129729222,0.13030153,0.130912655,0.12701670863744496,0.132815694,0.134046552,0.135206471,0.13448011840140914,0.13773427745681505,0.137879679,0.2761,0.1231,0.1245,0.141329846,0.128849856,0.12959241641100705,0.13143700057087135,0.145666815,0.14453492190680295,0.14576993,0.146418059,0.147507167,0.148320691,0.148951881,0.14890134943363867,0.150249704,0.14649275936319592,0.151317983,0.152010047,0.152233593,0.151973805,0.151806713,0.151961007,0.151852196,0.152569662,0.152092402,0.1483088789047893,0.153468236,0.170229446,0.16882930186472644,0.1449,0.153256046,0.16115997803169607,0.2894115080791333,0.16445905639501948,0.1660223768749856,0.155397823,0.155334899,0.155407531,0.155996625,0.155558024,0.155594473,0.1488,0.154711327,0.177429642,0.1702220574255183,0.1766080445780707,0.17560375132385328,0.151320697,0.1471,0.149559009,0.147909384,0.146257513,0.144125927,0.149936132,0.140833322,34.83
217,1495034892.0,44.5,0.1333307803575907,0.092926865,0.084850063,0.083526978,0.08042229926537867,0.078002545,0.079017483,0.07597893151379702,0.0801522680859233,0.07898010351580337,0.082755036,0.084355917,0.084163836,0.090024435,0.09229675,0.095340708,0.117932961,0.10083083,0.10258941,0.105943771,0.108300317,0.11271696993117916,0.114358673,0.116680053,0.11712616270685046,0.123162048,0.12496350852222494,0.129185178,0.133016753,0.13770784916012874,0.138404941,0.141000166,0.143655254,0.145933159,0.147751848,0.150632886,0.152367593,0.153829927,0.156454243,0.157405224252682,0.2214,0.2235,0.21744268914937298,0.13386894017868542,0.165601809,0.15606061212249148,0.16959737,0.17588291013643165,0.18479899664929728,0.17415743,0.175597749,0.18183866391452655,0.178737364,0.180237079,0.1845259860308532,0.18445986504173018,0.189230972025815,0.187493133,0.189142547,0.191032325,0.193086436,0.20318590225281968,0.195454682,0.197073647,0.20240860210058992,0.20056037,0.2020320121028619,0.204923251,0.206590084,0.216991946,0.209939467,0.211690904,0.20204977078481026,0.180301334,0.1842748662905868,0.18274580349268582,0.219975272,0.221324839,0.221990373,0.222295932,0.22304061,0.204980814,0.2120119630159523,0.2979,0.227495416,0.2294040311463924,0.23312012489637796,0.24375419447467783,0.230080039,0.230317001,0.231526196,0.231935449,0.230952459,0.23510135377225652,0.230871198,0.23781305355275384,0.232335837,0.2324700179664796,0.232678804,0.22637432367334498,0.233455402,0.23746558743128604,0.2245194993254501,0.23391170831678434,0.22984092782135235,0.2747025881640417,0.2863659929686687,0.3001,0.234242115,0.234492917,0.235114402,0.236523036,0.24055287867063901,0.207020465,0.19982170276729003,0.1499,0.23851935837959887,0.239855324,0.240128657,0.22702435597966797,0.239812747,0.239034851,0.23740555651218959,0.239133366,0.23095608831204484,26.34
53,1496534729.0,32.2,0.073381684,0.056123549,0.04998659797833756,0.048537741,0.048550376,0.048101449,0.048143267,0.049121875,0.049312281,0.050014195,0.051195045,0.052772952,0.054624616,0.05466649490713182,0.05696235,0.06093223986151096,0.060120869,0.06189771,0.063910195,0.065854507,0.067637447,0.069918842,0.07098704744977714,0.073806103,0.093581348,0.078079231,0.08249427291509151,0.075,0.083771842,0.086112989,0.10327285807966488,0.116415232,0.090832275,0.093026818,0.094167968,0.095770468,0.097049052,0.098249159,0.0907,0.100955139,0.10188624,0.103049953,0.104116318,0.104882486,0.106225133,0.107434107,0.108359729,0.109553517,0.111201213,0.11253195,0.113692832,0.114983684,0.11590683,0.117615847,0.119353523,0.107378318,0.122396004,0.123617899,0.124943657,0.125896882,0.127340107,0.129091237,0.130676832,0.131558008,0.133455988,0.135483017,0.136712948,0.137457315,0.136869337,0.1404459070660991,0.142191971,0.142875396,0.14457336,0.146242254,0.147447323,0.148709744,0.150225329,0.151182225,0.152357737,0.153126122,0.1542267475947895,0.154248102,0.154851918,0.155674217,0.1378,0.157650548,0.158468321,0.158245686,0.16092159496867864,0.158645433,0.19575723584409987,0.159192965,0.159342551,0.159229347,0.1602061428529881,0.1563807086912637,0.160623667,0.160625024,0.161020665,0.1449,0.161984544,0.162262445,0.14664200708194067,0.162875337,0.16456713111979615,0.1475,0.163241351,0.163602067,0.163799481,0.164169673,0.164270597,0.164280599,0.163759606,0.163273554,0.163319091,0.163973287,0.16413966,0.16945048618691042,0.162648281,0.16194347,0.1427,0.15911981,0.157971566,0.158018284,0.157491117,31.61
338,1495030929.0,44.4,0.12437068286907493,0.087353852,0.07580294251826532,0.073593767,0.071682342,0.071749998,0.07228648799259386,0.089679289,0.0927659811395593,0.055292361,0.074372312,0.072865563,0.07609252763677597,0.080827704,0.082838265,0.085400671,0.08740773,0.0892573055653268,0.12933345631703635,0.12659521352520375,0.1556,0.100334899,0.10304656066538818,0.10935505578630754,0.11019844885828292,0.110712918,0.114789287,0.117432721,0.1191412728565697,0.1897,0.124830486,0.127942631,0.1308442053943405,0.132519436,0.134077223,0.13689432,0.137464871,0.15004801756078517,0.14928762,0.143233298,0.14817535630864853,0.145733165,0.14248961488376255,0.14147073726075743,0.15329152073223576,0.151215448,0.152178331,0.153765679,0.155399749,0.15259481361195673,0.158607946,0.159763521,0.161608321,0.162977339,0.164303329,0.16887555078244643,0.17308233943566356,0.1585778266170668,0.24588224,0.2264120982931252,0.2621,0.175750077,0.17376481169247665,0.178580986,0.180569515,0.17746065062022637,0.17815539858855794,0.186146212,0.188504961,0.190526319,0.191376759,0.19953616493210655,0.18952542836527037,0.1275,0.20191392309989176,0.200041352,0.21330259523078995,0.2922,0.201931521,0.202487228,0.203708831,0.2148767142590947,0.265266125,0.26150441395449725,0.2982,0.2991,0.2960122564954265,0.225656172,0.22585533196367497,0.21228353,0.212318952,0.21981301867660571,0.20909965270430347,0.21456595118939625,0.20582057277557111,0.21293144,0.212912883,0.212610985,0.213035218,0.20847250550020355,0.233517932,0.23752508154687169,0.2882775908258785,0.2976457493680198,0.21282788413126946,0.21297562827166935,0.217665545,0.217596492,0.20763420955295436,0.2138879443149485,0.149853614,0.1488,0.215543452,0.21617316060606998,0.2085067213862301,0.21361613518452918,0.21212778781473401,0.219878725,0.220307114,0.219662697,0.24342458440759226,0.24075741911851536,0.2391438402077504,0.219998635,0.221244191,27.03
296,1495677921.392252,33.1,0.1303682700252312,0.064353958,0.07888664478203354,0.055909169,0.054226275,0.054287659,0.053828211,0.053887671,0.1166,0.056110204,0.057113216,0.05778968,0.060231763,0.061862273,0.063455406,0.06783565970477208,0.06977867220346809,0.068645161,0.069946509,0.071411476,0.073602284,0.075405499,0.077656217,0.079537392,0.081625798,0.083684155,0.08777426324746307,0.087897729,0.089340119,0.091651735,0.093303046,0.094666667,0.097125885,0.098610694,0.100114548,0.0868,0.102365463,0.103702264,0.105198118,0.105925666,0.1077856622278465,0.107518863,0.108445214,0.109785632,0.110779152,0.111518953,0.11273872,0.113246241,0.114706833,0.116345893,0.117320957,0.117624669,0.118672199,0.120895353,0.12979926967144995,0.106,0.125039434,0.11268277527150515,0.127531814,0.129372585,0.130574755,0.132099654,0.13357001,0.134867499,0.136469684,0.1375685625143799,0.139042196,0.140073767,0.140934339,0.142329518,0.143374486,0.14631703891944534,0.157249738,0.146801286,0.147946336,0.1306,0.1312,0.2922,0.152613719,0.153467523,0.154172029,0.154653837,0.155826817,0.157449883,0.158320887,0.1590778,0.15958014,0.159474016,0.160207691,0.160779494,0.161009868,0.16886576294069425,0.161927989,0.156895868,0.163658038,0.16144912421215332,0.164517349,0.164787511,0.164983532,0.1646814916962634,0.165264768,0.165052568,0.166133411,0.166244552,0.16672197,0.167050745,0.167429638,0.1672448544180696,0.3001,0.1484,0.167741155,0.168427444,0.168782632,0.16715558612621165,0.170201626,0.170009761,0.170019917,0.1745465111020933,0.17000729,0.16486669280820643,0.1427,0.169097978,0.167976424,0.168145842,0.1632967813364832,33.35
252,1494286580.4149303,44.1,0.049094023094906986,0.040533178,0.03709891036156041,0.037,0.102426338,0.102516038,0.1047082744451401,0.1147,0.103541618,0.1007140752823735,0.061119407,0.06371254759275302,0.114335964,0.118433628,0.111699706,0.12402486400000001,0.127042168,0.129507525,0.133041452,0.135887626,0.139738455,0.144324112,0.14698301,0.150383531,0.14900167671374143,0.159968549,0.162082027,0.16926002630287418,0.17014359,0.17617968018087507,0.175207372,0.179456315,0.181804079,0.185341154,0.187111207,0.19577049527253002,0.195090867,0.195927301,0.18920079425479291,0.2193,0.2214,0.21398197292726528,0.205497526,0.206964955,0.209631317,0.210316253,0.21288009554372964,0.21411302100000001,0.22397217635854566,0.21747489400000003,0.219196819,0.222493895,0.224159957,0.23277814817965115,0.227260951,0.228809609,0.23119100399999998,0.232373708,0.2586218077280853,0.238172892088378,0.1119,0.2457776291383845,0.239822028,0.23351762423441738,0.24144280437088997,0.2325257737241274,0.2717,0.273990217,0.252648756,0.254959288,0.2485334191685211,0.258231928,0.260486678,0.262531974,0.2716693013030419,0.2891,0.291,0.2705607707392819,0.27590531411496766,0.26241303168303204,0.271925537,0.272617521,0.295796856,0.274098397,0.274576842,0.2799386279020861,0.276100374,0.2882953776390976,0.28619309164908446,0.1413,0.1415,0.2861987620148238,0.2812877488246191,0.280544586,0.281490554,0.281483136,0.281701721,0.281854661,0.28924360322799997,0.282235377,0.281989367,0.283643187359936,0.283166977,0.284293375,0.284438935,0.2845902293293727,0.2970615825515937,0.2888585436693419,0.283754661,0.2996,0.3002,0.28115917,0.259247184,0.2619861069649612,0.282819492,0.2854510022977321,0.284392646,0.284336953,0.283014414,0.282166897,0.2989,0.2827069,0.282905158,0.28441974,0.285424406,25.86
462,1495379121.0,39.8,0.090357524,0.06619830354850431,0.066225019,0.04814373,0.04612725049036699,0.060930422,0.061494007,0.061950324,0.061539693758759395,0.063817896,0.063927859,0.065490903,0.066898134,0.09111694353384736,0.070555245,0.07538421148633057,0.07434364,0.07585130971459145,0.079364429,0.081166957,0.082973719,0.085596063,0.088376906,0.089398307,0.09132408742086834,0.0947062,0.097443553,0.099908338,0.102202276,0.104565366,0.106426055,0.109405483,0.110863602,0.10834214060831687,0.17807510310758023,0.117099054,0.11834108,0.120329192,0.121110476,0.12332499,0.124686423,0.125787353,0.126271886,0.1237976906226603,0.129260784,0.12610540937690723,0.131897491,0.13258801,0.134268921,0.130930424,0.1294907008417206,0.138448658,0.139635724,0.1343323665555365,0.142443617,0.143826477,0.145495957,0.13456995537989563,0.148987461,0.15096307,0.1519808532170641,0.16347102881986234,0.155350944,0.157558274,0.158670512,0.160275838,0.16039262309752084,0.1639795,0.16490672,0.166817025,0.168446597,0.169970826,0.171637496,0.173351414,0.174893686,0.17670686,0.177176434,0.17702587658567628,0.179658494,0.180756768,0.18159361,0.182459438,0.18840978917347748,0.18710029418125013,0.185226885,0.186327525,0.186970307,0.187582545,0.188492678,0.188773181,0.17753925641082516,0.18527858719856877,0.18690683288502138,0.189741848,0.189821654,0.189901659,0.190118727,0.19390092516135105,0.2992,0.28699718323940915,0.191633202,0.191064069,0.191383836,0.20078854422976078,0.190899299,0.191051382,0.192488791,0.19346054208748537,0.148,0.194466202,0.2005620843030792,0.19637819,0.20191608295406077,0.20188811220072034,0.197462538,0.2029402117951693,0.20159150212538857,0.200110355,0.200664685,0.173919756,0.202799861,0.20013210753384691,0.1981478900356485,0.20455211141114762,0.15002815689867752,28.91
456,1495021819.0,38.0,0.102750594,0.070654819,0.063909902,0.060815463,0.059772256,0.06327683733599213,0.1139,0.06032334,0.059707506010390016,0.105226859,0.1066289672888297,0.064231299,0.06624212787055189,0.067677898,0.069965441,0.071684298,0.074127899,0.075532934,0.078610926,0.08036071,0.0624,0.084302326,0.086843639,0.089068196,0.091088074,0.09343752,0.096123997,0.098777953,0.100801896,0.103296028,0.106050481,0.108156495,0.10949767,0.112856104,0.11365627490126409,0.12017899362139624,0.117596948,0.118986935,0.11108346133159146,0.122271406,0.1254817582471363,0.124726706,0.125782,0.126797843,0.128251504,0.129455858,0.130582575,0.131939718,0.133818702,0.134804537,0.135849545,0.1370656,0.138894164,0.140385071,0.141932088,0.143458044,0.145792895,0.120711545,0.148779461,0.150181306,0.15172465,0.153379685,0.154429028,0.162832878,0.157886477,0.15694189284076313,0.160946278,0.162579329,0.164666389,0.166229404,0.2065200883638542,0.170194076,0.171145709,0.172156002,0.173240222,0.174940704,0.18507986671699334,0.17779897,0.179081073,0.17609323466338903,0.174109245858627,0.1902597067582955,0.181631634,0.182601543,0.183041385,0.1384,0.15100005974706374,0.185281963,0.18696452395812202,0.186772823,0.18676302,0.19443730541745724,0.187873795,0.188355659,0.198425971,0.188246917,0.18830674623842544,0.19224551923341623,0.189355476,0.189794225,0.18970452312789846,0.2991,0.1462,0.189707895,0.189653667,0.189857419,0.18995329,0.19080802217583906,0.190992688,0.197796376,0.192246944,0.192982858,0.194602681,0.1942217533775792,0.18701917527911344,0.2009894105899425,0.19966621678268237,0.19647922764841533,0.1937572567676685,0.18682084253253328,0.194176488,0.1915086096820352,0.196605652,0.19611244915481493,0.1381,29.17
677,1495807450.0,39.5,0.095643215,0.06948590445850988,0.055754335,0.054125336584202384,0.052036375,0.051648472,0.05110315132195619,0.048236458748176766,0.051342798,0.05249641,0.052821857,0.054256213,0.1264,0.056805106,0.058176407,0.06050486,0.061738179,0.063750327,0.06546797,0.066945994,0.069444673,0.071017544,0.073386758,0.07765758091077712,0.076849831,0.078803078,0.080937819,0.083420919,0.085132965,0.08695905,0.088794425,0.091170414,0.092685648,0.094763565,0.095901322,0.097368288,0.099018339,0.100101195,0.101287863,0.102035282,0.103579042,0.104322874,0.10257763162401512,0.09797720332489962,0.107587573,0.108370647,0.109121599,0.110589884,0.111823952,0.0997,0.113915071,0.115372079,0.116325578,0.11766,0.11901862,0.119836763,0.121226305,0.122429134,0.123871153,0.125184451,0.126523935,0.12783693,0.129427036,0.13079244,0.13224752,0.133414081,0.134824258,0.136072981,0.137776629,0.13877208,0.140093249,0.141456382,0.142582352,0.144286482,0.145302021,0.147143807,0.148116596,0.1322,0.150072922,0.14863157392073467,0.15125264,0.152474406,0.153748787,0.154239006,0.154827367,0.155619242,0.1665383304923137,0.156792385,0.157169791,0.157213268,0.157486382,0.158065598,0.158001615,0.2999,0.15827099,0.157945168,0.15781621,0.158031276,0.158429455,0.158944559,0.159463839,0.159371722,0.15947385,0.159476104,0.159656382,0.159884992,0.160317311,0.161049302,0.161489579,0.161867274,0.17232106943954295,0.162088632,0.16891462001015603,0.1672939440959451,0.16008333761865912,0.1499,0.165448603,0.165924398,0.15871974393766344,0.165626525,0.164794965,0.164872012,0.1625661046121328,0.165139292,0.165223663,29.78
270,1495572486.3212867,32.424264659645,0.096328282,0.06991200331533197,0.061715173,0.059866373,0.05748936776849389,0.05861244,0.0584419015595027,0.058614323,0.059730458,0.060125556,0.058384505,0.063269666,0.065236654,0.06510761167405102,0.067784768,0.0724386391861535,0.11377126827018746,0.11631081519828519,0.074979711,0.076398791,0.07590902168690418,0.080775039,0.08242983213395817,0.084824327,0.086899158,0.115171375,0.090800091,0.08967345209665509,0.16743856929252826,0.17337666468118484,0.098811771,0.101012194,0.102674167,0.09985155602769222,0.105960752,0.11152209261315697,0.11294259472612488,0.12238438016971351,0.111230007,0.112302155,0.11468892641839065,0.0933,0.115788346,0.11237339732732361,0.117714499,0.1165880303780128,0.119643432,0.11968461292677143,0.122355007,0.12078139774209622,0.124719546,0.126248346,0.1296867950526737,0.12845031,0.1367666772060149,0.13097079,0.133069559,0.134240771,0.147498635019379,0.2613,0.138081395,0.139784035,0.141510819,0.139872328,0.14114174745374553,0.14179484553421554,0.146550182,0.148056346,0.148896038,0.149792793,0.151648516,0.15549028463642503,0.2836,0.15624601,0.1587089525384677,0.157351625,0.16530301468414058,0.158385059,0.15610098344316956,0.2937,0.161911434,0.163242241,0.163822788,0.16329777796052386,0.165703484,0.16629041,0.166610242,0.167146043,0.166905197,0.166838575,0.152538607252584,0.167944556,0.168022292,0.167861689,0.168510049,0.1669617146805053,0.168865334,0.17448405633634462,0.169077678,0.169888053,0.16798115129030178,0.170971129,0.170971006,0.18038341423644616,0.18065492745543058,0.1475,0.171591135,0.171682007,0.172220322,0.17135022252679613,0.17280835,0.174030626,0.179232741,0.174304669,0.174047651,0.18030607660920445,0.173412406,0.17748655410845912,0.1719781779611589,0.1666137464564675,0.26118047127221067,0.2585135630582532,0.169095862,0.16870830811154644,0.168229282,36.59
202,1495033092.0,44.2,0.1238812806883503,0.087049453,0.077852543,0.074297323,0.07147649902675923,0.055688237,0.05536032573076767,0.072600157,0.074324921,0.073565186149364,0.0432,0.078557509,0.080384335,0.082628093,0.08208642690554986,0.0876441688905215,0.088928179,0.092680027,0.09160330195232373,0.09615101550537147,0.070188336,0.07427078448369212,0.105648002,0.11213521997938396,0.110993508,0.1124689950973479,0.118088719,0.119693447,0.123163038,0.126021222,0.128628193,0.131013726,0.133230054,0.136064622,0.13994403302083522,0.14680269754790387,0.178250122,0.19605795489151523,0.145320268,0.147590037,0.15289201469639876,0.14679643897378586,0.147779879764322,0.15429087,0.155310506,0.156922349,0.15628860710375025,0.1609105207176767,0.16788667331878082,0.1646164452618225,0.164634423,0.1707580457141679,0.1025,0.169253238,0.169756088,0.171612786,0.1759186917515676,0.176121381,0.19492314304338698,0.178934639,0.181034318,0.183079583,0.18140665385348387,0.185488091,0.18999961245028352,0.188715898,0.18978918457861835,0.193117316,0.195176316,0.19647,0.19417259595938724,0.199669726,0.201842522,0.203323842,0.20874310682999797,0.206655445,0.197256677,0.208879415,0.209469081,0.210126436,0.211229272,0.212346701,0.213218157,0.212917098,0.21472366,0.214890318,0.2200232647449532,0.2301816894508705,0.23021457601245832,0.218106233,0.21097251442295648,0.21847607608823133,0.219007886,0.22387686333764964,0.21539196208435882,0.219716548,0.2237525755589365,0.220177232,0.220075262,0.219958975,0.219308466,0.219201306,0.219373289,0.21966869,0.234281045,0.219498828,0.219812003,0.22204478002710099,0.220747927,0.22963960850422308,0.222162561,0.22230049,0.239324321,0.221956941,0.221462233,0.22613965499777475,0.22448750395132994,0.221227259,0.22213605893989685,0.222119306,0.2462847399703011,0.223564925,0.2217944930957198,0.222677674,0.222301861,26.73
162,1495545409.0,33.6,0.124996687,0.056273267,0.049894817,0.04869066,0.048048736,0.047932515,0.047602438,0.048414878,0.049077981,0.049254016,0.050758866,0.051795704,0.053046672,0.054237309,0.055754879,0.057033352,0.058542084,0.060302404,0.06186993,0.064293794,0.065639896,0.066831088,0.068798065,0.070741457,0.072491797,0.074674457,0.090681497,0.078006061,0.07971029,0.081943831,0.083653969,0.084935781,0.087498684,0.08856162,0.090436035,0.091750819,0.093290915,0.094274465,0.095273944,0.09584502,0.09717023,0.097717057,0.099287976,0.100258351,0.101257799,0.102148235,0.102931364,0.103703903,0.10493199,0.10606311,0.10699137,0.108355261,0.109406975,0.110323178,0.111757583,0.112812046,0.113950022,0.115697226,0.116908112,0.118159382,0.119298422,0.120534557,0.121761218,0.122886139,0.124206972,0.125465098,0.126896526,0.128411386,0.129527167,0.129954147,0.132130497,0.133405347,0.134599758,0.135570598,0.137113771,0.137826485,0.138968104,0.140007392,0.140697003,0.141357197,0.141988031,0.142793389,0.143284671,0.144239703,0.144526165,0.145268905,0.145975042,0.146282137,0.146827204,0.147261191,0.147901682,0.147767817,0.147853563,0.148126336,0.14868583,0.148643484,0.148821851,0.14860373,0.148852339,0.148885206,0.14933411,0.149859278,0.150439049,0.150487468,0.150834027,0.150842191,0.150994251,0.151085487,0.151276267,0.151894112,0.15215235,0.152655369,0.153021833,0.152900555,0.152984957,0.153181806,0.153487318,0.153434813,0.153020134,0.152371606,0.152325935,0.145957991,0.153783955,0.182926319,0.210166853,34.65
556,1495043784.0,41.4,0.1844,0.127175964,0.116276143,0.112069793,0.112573554,0.111954349,0.1139,0.1103165384041381,0.115983487,0.119480302,0.12041836522105684,0.06200952,0.06370741138027528,0.129397792,0.133065141,0.1369,0.139718255,0.143137737,0.13731865243727298,0.080498727,0.08074857011810758,0.158705001,0.137731643,0.166061141,0.16382898554962994,0.1742,0.178190007,0.181904267,0.18530615,0.189202089,0.192083591,0.195994427,0.199972875,0.202759189,0.2068,0.0868,0.20797824153831865,0.109517014,0.10146867770145618,0.10942658866717725,0.22135458200000002,0.21393743165857118,0.224597015,0.22710000000000002,0.140775806,0.13559701889066925,0.17193052517574617,0.1785077151718793,0.2368,0.230961896549812,0.23554788032978274,0.241821893,0.24437890749607033,0.199136476,0.20195557577657036,0.20149027652880744,0.2546,0.25130435055030564,0.2608,0.261269211,0.2621,0.263,0.2647,0.260740731,0.265137625,0.2539597758677793,0.2572273568963066,0.274,0.273025571,0.2761,0.2681819145912593,0.21234411148991233,0.151202622,0.1580514823281836,0.2875,0.285869111,0.288134099,0.289841673,0.290112628,0.291525871,0.29256957,0.277847662,0.294126415,0.28944387334659616,0.29621685,0.2991,0.293332884995814,0.2996,0.297988996,0.297607682,0.3003,0.169523165,0.1677419352421528,0.296720074,0.27757396819344726,0.2908741957913082,0.2668412449191628,0.297190585,0.2992,0.2991,0.170055588,0.1771438880514225,0.296011076,0.295568058,0.296102782,0.297254373,0.2998,0.3001,0.27710189267924334,0.29703921,0.297399377,0.2942576830634239,0.2999,0.296080229,0.296708736,0.296905332,0.2943275882889989,0.296462077,0.2984,0.296047164,0.297547703,0.293091808,0.2981735,0.29729023466510984,0.2999,25.5
402,1494792186.0,32.9,0.093033512,0.064651958,0.056838263,0.054622123,0.053530201,0.045229188,0.053577161,0.05397807,0.05462189,0.055061141,0.05648155,0.056965095,0.058633907,0.060172095,0.06180884,0.063347006,0.065327103,0.067691302,0.068945902,0.070918851,0.073116021,0.074402174,0.076653039,0.078226474,0.080066896,0.082353833,0.084610219,0.086340414,0.088404555,0.090309321,0.092711804,0.094227861,0.096373108,0.098109762,0.100076578,0.100659848,0.101618441,0.103203317,0.104717096,0.105458081,0.106803743,0.108206178,0.108747992,0.10976998,0.110678167,0.11214825,0.113012156,0.1140186,0.115421562,0.116961216,0.117817107,0.118986223,0.119645125,0.121330307,0.122362393,0.12372953,0.125892471,0.127123846,0.128777933,0.129322055,0.129823712,0.131530522,0.133435342,0.135212069,0.136217219,0.137325043,0.139169557,0.14074691,0.142063681,0.143337483,0.144160053,0.145504362,0.146870062,0.147939505,0.149631536,0.15073858,0.142107429,0.152857533,0.153570418,0.166599793,0.152466369,0.15536025,0.155776454,0.156870454,0.157956594,0.158557866,0.15922782,0.159627446,0.159811721,0.159982354,0.160835317,0.161122996,0.161267196,0.160789071,0.160425979,0.160753025,0.160949372,0.161311749,0.16179266,0.162600464,0.163526895,0.163847261,0.164252055,0.165481956,0.165103666,0.164697049,0.164542182,0.164303313,0.164529374,0.164790286,0.165569723,0.166510626,0.166765425,0.166975414,0.166408367,0.166794323,0.167244234,0.167786823,0.168007887,0.167905327,0.167388779,0.167194872,0.166954415,0.16651934,0.166657008,33.87
477,1495016782.0,34.3,0.097030003,0.070157173,0.065037296,0.06191343,0.061772731,0.06149195,0.061673886,0.061091375,0.062384622,0.063183377,0.065081401,0.06620874,0.066974686,0.069316293,0.070694468,0.072814156,0.074806285,0.07662211,0.079047988,0.081273334,0.084021934,0.086064297,0.088864961,0.091016499,0.118557566,0.09572966,0.09763776,0.09994375,0.132296753,0.10476927,0.106018165,0.108260752,0.110746388,0.111605779,0.114846577,0.115894793,0.118291055,0.119667983,0.120410735,0.122246537,0.12404201,0.124929014,0.126508135,0.126891078,0.127864726,0.12869813,0.130608694,0.131818599,0.133551767,0.134528998,0.135707473,0.137529138,0.13867994,0.125518833,0.127779024,0.143485565,0.145297184,0.146234661,0.14743045,0.13347038,0.150638331,0.152152789,0.153419087,0.155151488,0.157228156,0.159506067,0.16105352,0.162730878,0.163567328,0.165183578,0.167105951,0.169102026,0.170048885,0.171895536,0.172802359,0.17468404,0.175696999,0.176200562,0.176506227,0.17753613,0.179305624,0.180267907,0.181571037,0.182591149,0.18311773,0.18325327,0.183184491,0.184122089,0.185015286,0.186137591,0.186665534,0.187033795,0.187069248,0.187483533,0.187709545,0.18779424,0.187833602,0.187844408,0.18849883,0.188455135,0.188597898,0.188974001,0.189417934,0.190232714,0.190653984,0.19025228,0.190522994,0.191192696,0.192229822,0.192892009,0.193150447,0.19274875,0.192685891,0.192165943,0.192209972,0.193067442,0.193609595,0.194745813,0.195477747,0.195821178,0.194855281,0.194223814,0.192835752,0.191429938,0.18893468,31.18
106,1494953511.0,46.0,0.130379355,0.086410932,0.076084455,0.07294397,0.072838161,0.072885879,0.073487372,0.074103333,0.075086485,0.077064582,0.078168711,0.07961447,0.081511753,0.083371186,0.086387562,0.088945495,0.091558603,0.0944867,0.096780057,0.098864892,0.102358228,0.104747527,0.107311153,0.110765623,0.112855395,0.116071736,0.118882421,0.122381479,0.124697821,0.127504865,0.129816861,0.132675221,0.13526618,0.138111958,0.105545768,0.142773828,0.144427324,0.146784686,0.149058111,0.151643192,0.154646833,0.156377402,0.158596888,0.160387803,0.162484006,0.142223368,0.165994074,0.142030265,0.170343918,0.173157916,0.175806849,0.178031575,0.180148026,0.183127078,0.186595672,0.189755783,0.120068709,0.196380751,0.199791784,0.201304678,0.201088304,0.201284371,0.202130649,0.202596506,0.20412337,0.205684366,0.206857468,0.207225026,0.208052271,0.208059701,0.2079579,0.208695602,0.209153145,0.210453227,0.212272097,0.214135343,0.215928177,0.214821339,0.215398255,0.212264338,0.211550668,0.211566336,0.224630159,0.212091993,0.212565379,0.179565054,0.213925759,0.214744483,0.215330413,0.215659808,0.216212084,0.21660216,0.216592614,0.216283318,0.216048707,0.215521659,0.214809957,0.214075614,0.213564215,0.21440523,0.214719104,0.21483945,0.214707992,0.214535672,0.214247273,0.214686046,0.215116113,0.215545716,0.215901973,0.216118669,0.215793906,0.215211777,0.214808095,0.214424484,0.214907834,0.215312619,0.216115421,0.216333585,0.216183265,0.216398487,0.216083352,0.2160362,0.215127137,0.214592457,0.214853713,27.67
566,1495474948.2033951,34.7,0.081376962,0.060124635,0.055425195,0.053198452,0.053580974,0.05780656380947955,0.051867763,0.052549689,0.050953401408071,0.054737464,0.05778334037522017,0.057284958,0.053828871,0.053883566457225016,0.060763911,0.062957196,0.06414966671903084,0.0576,0.059820335001852076,0.069383852,0.071115284,0.07520586090252684,0.07655973730818794,0.07948387738157871,0.079586806,0.081986655,0.082891562,0.08521232,0.08694153,0.089307089,0.091008317,0.091968395,0.093863747,0.09071715100453409,0.097498708,0.1027370070553085,0.100091748,0.100791469,0.102170768,0.103610095,0.104889834,0.105479725,0.10369262542461465,0.0991922524591168,0.108687455,0.109809734,0.10635457330188225,0.141544623,0.14961364503722363,0.114687027,0.11353105414992565,0.117452663,0.118321994,0.10950816248171379,0.121028191,0.13139022445168966,0.12440250259662833,0.2581,0.125926915,0.126694015,0.127781361,0.14009026870224867,0.13658541290309145,0.133507144,0.13432416335348343,0.19907542374911108,0.20049712385859025,0.138899109,0.140384534,0.141585523,0.14316213826459062,0.14608161338263265,0.145718211,0.15372085524498466,0.148791751,0.14949086,0.133009226,0.1322,0.151080877,0.151958926,0.152776523,0.153500076,0.154346804,0.154651361,0.1425216076725306,0.1384,0.15100005974706374,0.158307767,0.169895832,0.159078115,0.1436933816868016,0.159271913,0.159238209,0.16771042124164132,0.1423,0.159653905,0.1561009976832128,0.161058149,0.16097144,0.161172419,0.16199841,0.162957131,0.163155322,0.163773144,0.16539210669933266,0.1655374991639519,0.1664964298809495,0.1662685767051082,0.148,0.16589421,0.165438639,0.15403659050693314,0.16504041,0.16323275830571654,0.165674315,0.165329367,0.164947121,0.165076423,0.1577473629660168,0.16488482,0.17964835888088848,0.164461902,0.162771888,0.160918483,0.16070952,37.18
390,1495674966.9031467,35.6,0.0869105014274037,0.06405432,0.057304677,0.054742621,0.054013539,0.049775363,0.053461039,0.054510984,0.055599469,0.056629191,0.056937433,0.05826851,0.059188049,0.061361616,0.062640507,0.063839746,0.065419622,0.067276765,0.06858761166850005,0.0603,0.0624,0.075402327,0.1633,0.079454875,0.081308919,0.082759351,0.084836178,0.08301471874611961,0.089276903,0.09238343550019884,0.092965612,0.094821512,0.09599543,0.097843715,0.09946172,0.100430324,0.102123227,0.103588506,0.104917171,0.106089215,0.107703473,0.1024801992099517,0.109260761,0.109892047,0.110923067,0.111967602,0.113061179,0.114333184,0.11587442,0.116732693,0.11779471,0.118756663,0.120333547,0.121528595,0.13038326440259176,0.124801147,0.126288761,0.12785766,0.26057795413030493,0.129135921,0.131168853,0.132792142,0.134280708,0.135788017,0.136812916,0.1378790453637302,0.139275673,0.14056433,0.142614398,0.143995459,0.145169371,0.146557521,0.147353726,0.148375972,0.14907949,0.14972181444629934,0.152164184,0.1512346449885361,0.16083775,0.154094893,0.154193534,0.154822111,0.155644952,0.15538086801827294,0.1432678536154571,0.158912042,0.16950968183925216,0.160093072,0.160487067,0.160270818,0.14505280201342985,0.1683407843474618,0.18796229,0.19470286144250692,0.1904878159384785,0.19193165570922882,0.15759270790397617,0.162571467,0.1605683530178228,0.163261113,0.163528491,0.1638494,0.164480813,0.164996265,0.165507665,0.1656530631935368,0.16913175740427464,0.16902553035226883,0.166350519,0.16429965383134004,0.165183394,0.165290154,0.17199587610704403,0.3005,0.29332910817854674,0.1499,0.164672798,0.164893925,0.165461987,0.165483228,0.18034506721744897,0.17767698864397585,0.16508552231122814,0.281753078798794,0.27157759571190676,34.44
2,1495548497.0,35.2,0.079510139,0.055326171,0.049116138,0.047579043,0.095946003,0.046832668,0.046328636,0.047021146,0.063037069,0.04827156,0.049085771,0.050254595,0.048855756,0.052758349,0.054271861,0.05807171083624524,0.057244764,0.05879469,0.060665578,0.062129212,0.063880964,0.06790810305817693,0.06647619090355332,0.069087637,0.07211500027341311,0.072937716,0.074583953,0.076383595,0.07887240653922858,0.080225229,0.08211746,0.08390329,0.08588198,0.08742316,0.088399781,0.090014239,0.090899753,0.092435542,0.093707921,0.09444687,0.095736844,0.096544648,0.097538006,0.098354719,0.09905626,0.1012084055017038,0.101267404,0.102084946,0.103208754,0.104392164,0.10341602856627266,0.106536604,0.107480038,0.10886822,0.110182512,0.111710164,0.113015853,0.114101358,0.119872203,0.116505158,0.117551275,0.119241691,0.11484840360368176,0.121647908,0.12162204212731688,0.124025099,0.125388301,0.126949545,0.128282774,0.129831544,0.130674275,0.13223657798801433,0.132734992,0.134591042,0.135895943,0.136681866,0.137321962,0.13593017677723282,0.1331,0.140073305,0.140867501,0.14696733417229885,0.141931674,0.142276615,0.143425382,0.144397821,0.15641236341173992,0.145129469,0.145313539,0.145615971,0.1415,0.146341141,0.1465925,0.146501949,0.146817203,0.147310318,0.147750136,0.147913187,0.147478738,0.1487288219878763,0.147689182,0.148295744,0.1462,0.149186515,0.15198876643493406,0.149423027,0.149915732,0.149966084,0.150217005,0.150537547,0.16250593108263722,0.151720371,0.152390751,0.14997260584950833,0.152847987,0.152714706,0.153101882,0.153550595,0.1471,0.2986,0.153370397,0.154020811,0.155542716,0.1552072117904182,0.1381,33.49
634,1495801931.0,35.556540108098474,0.096601422,0.064851186,0.057201247282618134,0.050855639,0.049080867,0.048310679,0.047787331,0.047908379,0.048404618,0.04923175,0.049845908,0.050517798,0.052434029,0.053157511,0.054794539,0.056618208,0.058049725,0.059463419,0.061651491,0.06320258,0.0624,0.066181763,0.06704804465305426,0.07003583,0.071587181,0.074088918,0.075460776,0.075,0.106416163,0.080628445,0.08188783812840608,0.084554147,0.085955039,0.113301796,0.089231827,0.090026747,0.091782187,0.092469983,0.093836779,0.094462017,0.095587724,0.096723363,0.09765712,0.098557244,0.099250904,0.100139114,0.101431465,0.102351005,0.103160259,0.104241942,0.105434883,0.106569033,0.107835503,0.10893593,0.110459284,0.111715223,0.112760247,0.11370484,0.115050725,0.1111,0.117624018,0.13027657517574315,0.1203587,0.121540371,0.12274409,0.123970801,0.125408537,0.127687481,0.129029907,0.130219915,0.131700854,0.132604862,0.133878165,0.134915415,0.136327111,0.137689809,0.138727525,0.139353292,0.139909114,0.143604496,0.141352992,0.14240129,0.143324858,0.143676082,0.144507553,0.144993966,0.145571101,0.146354342,0.146913984,0.14702585,0.147129477,0.147683093,0.147886782,0.14785855,0.14830299,0.148473075,0.1435074661021895,0.149199845,0.149579763,0.150026273,0.150472616,0.150793372,0.1462,0.151877023,0.152536595,0.1526813501398583,0.245121744,0.154052089,0.148,0.155718068,0.156620848,0.157345739,0.157631203,0.158430471,0.158676585,0.159288134,0.15851037969603285,0.160251677,0.15221478098726954,0.15536375,0.1685632650285741,0.16589501587459282,0.16346164,0.164840075,0.1601460036837413,31.77
562,1495792588.0,33.3,0.078234038,0.062415314,0.056990928,0.054936262,0.049384723,0.054013479,0.053199159,0.054097501,0.054687601,0.055721778,0.057085007,0.058097123,0.059582273,0.060657536,0.062655541,0.063211045,0.065408192,0.067395253,0.084477764,0.070233918,0.072860319,0.075070505,0.07687526,0.078895966,0.071661877,0.082976279,0.084616941,0.087031592,0.089137054,0.091419805,0.092557429,0.094147909,0.095545775,0.097214959,0.099125981,0.101442693,0.10191969,0.10317183,0.104886223,0.105448208,0.10671311,0.107318327,0.108704319,0.109773971,0.111039355,0.1339358,0.112301844,0.113874198,0.115271839,0.116427696,0.117297161,0.118518691,0.119742378,0.121553896,0.122673556,0.12436638,0.12597367,0.127119969,0.12842617,0.129704409,0.130962277,0.132255706,0.133063109,0.134660799,0.136677296,0.138067268,0.139687639,0.141749292,0.142694851,0.143764436,0.144776549,0.145912968,0.147051466,0.148307078,0.149982148,0.150509824,0.15158792,0.180791409,0.152943584,0.153924339,0.154654264,0.154999906,0.155791455,0.156847082,0.157983836,0.159351498,0.159773397,0.160318554,0.161088091,0.161088988,0.161893708,0.162074621,0.161791895,0.161447811,0.161511524,0.161661262,0.161922633,0.162360012,0.163690026,0.164577574,0.164602794,0.16465044,0.16509579,0.165186464,0.165426281,0.16517535,0.164896094,0.164263491,0.16484966,0.16517811,0.165026238,0.164913741,0.165060831,0.165131091,0.165272011,0.165264459,0.166699807,0.166233542,0.165923452,0.164805275,0.163652511,0.162992775,0.162267132,0.16122807,0.161531027,38.52
81,1495624079.0,31.2,0.045267789033071076,0.038153332,0.03513162479638453,0.037,0.064691707,0.063457687,0.062462355,0.059687207482344816,0.1166,0.063614232,0.071303551,0.065550728,0.06774739839658042,0.067705642,0.069199465,0.069969071,0.07156968,0.073540445,0.075187027,0.07854096999147109,0.078030143,0.080076901,0.081711407,0.083607697,0.085517785,0.0877731,0.08969445,0.091705531,0.093324844,0.095347903,0.097700042,0.090065759,0.09382952099302833,0.101803781,0.103437714,0.1078464,0.10931926909925903,0.122532742,0.109301402,0.111434199,0.113032804,0.114006981,0.115342088,0.1118870938194064,0.117094548,0.11607701678119411,0.11299718293503491,0.121989999,0.12957664323954474,0.12591149,0.12455944087131925,0.13025431752492048,0.13366221458860975,0.12348475193935132,0.134390885,0.136743005,0.13978625290956984,0.155148825,0.143195344,0.143267708,0.151066403,0.16258751684478054,0.143162011,0.14616283438107436,0.144686792,0.14500164306997784,0.147118962,0.146392414,0.14453741982875593,0.146397321,0.146970243,0.15030358024205956,0.148970391,0.15628885731256092,0.152176924,0.1526281515072633,0.152440747,0.15151982126752736,0.150131096,0.149611532,0.150376737,0.15724347444270753,0.16198371487478783,0.151982048,0.13979104587291052,0.1384,0.154930689,0.156100322,0.156433262,0.156129939,0.1415,0.256200005685043,0.15600679,0.16467380941334853,0.155976263,0.15272151010636822,0.14829269239415319,0.157139702,0.157348566,0.15772350688177397,0.1458,0.159242983,0.159992772,0.16081551,0.16267440030674843,0.161976842,0.16442909252501156,0.162219798,0.162573439,0.15976277891267013,0.163174134,0.15163033414604768,0.16476676,0.1629459015043086,0.15573399868194354,0.167161372,0.168065321,0.16917806,0.17009651,0.1649457800671322,0.1858846068348246,0.170459053,0.170473586,0.170707275,0.16573812274239466,37.64
206,1495033572.0,44.5,0.102628879,0.088388581,0.07725701,0.07913822075152308,0.07616851668730097,0.073426972,0.07405371227347214,0.1147,0.074429465,0.0763067,0.07865035322945611,0.07983774,0.0840467355102986,0.08451805,0.086542654,0.09238203139315583,0.09810145355813701,0.0576,0.096274314,0.098715477,0.10225155062417508,0.10661516184585584,0.10721985064861345,0.110134595,0.1109357084706284,0.0708,0.07563704000576045,0.075,0.07751511084205974,0.08019554886710328,0.12597168487910995,0.132879738,0.1356689295019835,0.13405963286580294,0.14170012548648772,0.090587411,0.101509124,0.10948625502193052,0.147411729,0.149514014,0.15497493548988409,0.14456400750477627,0.2257,0.155731689,0.16798748356782478,0.158316095,0.160594083,0.161697245,0.163165489,0.165418026,0.165750856,0.16750335,0.17062716315975254,0.170348643,0.172464991,0.1759452581851435,0.18040804562116472,0.17712831,0.179202888,0.180519189,0.182174826,0.18442905,0.186242563,0.187235523,0.1918712417102529,0.190843293,0.1919881285299349,0.194927657,0.197082733,0.197996842,0.1955916658586529,0.201435584,0.202423942,0.204516566,0.207484549,0.208876993,0.22323723505317106,0.210938753,0.21222864277671571,0.2133411,0.21415694,0.214131449,0.215184992,0.2130211942167951,0.171838003,0.16966444461772381,0.172131293,0.1805504022879161,0.219330329,0.21321320768545815,0.22052382,0.220596643,0.220168902,0.2249678871010295,0.220992564,0.221451632,0.221571219,0.221563469,0.22420523565989284,0.21865209415261053,0.1458,0.2270733126904798,0.21021633860952274,0.224200563,0.22091756485394698,0.223925486,0.23143974353507465,0.1481,0.224312476,0.224223632,0.223957274,0.21621832015605424,0.224676864,0.22574736616887303,0.227150843,0.228315646,0.22663503367974108,0.227847878,0.227392215,0.2157343953626872,0.23885098161611898,0.22540269840383464,0.228951373,0.227656831,0.226685704,26.55
35,1495552815.0,34.5,0.079325765,0.054403083,0.049745779,0.047297529,0.04530707410157239,0.046813164,0.047295318,0.046912583,0.047242916,0.049073769,0.049821052,0.051043946,0.051999484,0.053596957,0.05527651,0.05913985407143564,0.057584556,0.059501107,0.061084432,0.06257337,0.064826814,0.066251806,0.068845676,0.07280451987639955,0.072287397,0.074175319,0.076177124,0.077705184,0.079240872,0.081952135,0.083530592,0.085032682,0.086785289,0.19731044638929682,0.089404371,0.093840694,0.092158885,0.093454431,0.094505286,0.095321531,0.096483564,0.097551643,0.098156705,0.099178497,0.10017134,0.100955288,0.0972,0.0979,0.104703434,0.106090744,0.106619942,0.107898648,0.109998122,0.1038,0.111245176,0.112729406,0.114513307,0.115561997,0.116848235,0.118608622,0.119814872,0.120476319,0.114,0.123565814,0.125046492,0.126205707,0.127578033,0.127347781,0.1261043994795872,0.13122933,0.132429065,0.133741818,0.135582322,0.137032705,0.138379891,0.139153533,0.14041078,0.141591386,0.14248748,0.142875675,0.143960796,0.144302889,0.144911502,0.145776223,0.146974909,0.1429777756670232,0.148618635,0.149298466,0.149779968,0.149809374,0.149977175,0.150573875,0.150822803,0.142,0.151023568,0.151428345,0.152359261,0.152690841,0.153743575,0.154636967,0.154975866,0.154767688,0.154832901,0.16425139675671596,0.1658315628910717,0.16597697714216814,0.1476,0.155395589,0.155528901,0.1513011663003302,0.155010538,0.154789253,0.15479139,0.15445684,0.154740907,0.154872901,0.155681459,0.156240569,0.1476152054167402,0.157057992,0.157193723,0.15452530923433827,0.159241132,0.154880751,0.153768869,31.94
509,1495349561.8609364,36.4,0.08688004713515148,0.064035378,0.056222614,0.057164211,0.05582762,0.057193162,0.056624415,0.057345856,0.059835185,0.059688319,0.061665031,0.063218391,0.064051377,0.066468742,0.068214804,0.069566702,0.071583723,0.073574236,0.075201733,0.077953949,0.079980778,0.081820978,0.083298235,0.08641378,0.087679327,0.090240371,0.093469166,0.094519987,0.096198813,0.09955610555180636,0.099472582,0.101812159,0.103780578,0.105596869,0.106756201,0.107706364,0.109299016,0.110452011,0.112199554,0.112483148,0.124043333,0.114787862,0.11266397527877133,0.116511724,0.117051541,0.117196401,0.118726665,0.119548547,0.120714412,0.121586872,0.2408,0.125034688,0.125620145,0.127602418,0.128168208,0.129228767,0.130370487,0.132215335,0.134458765,0.135735891,0.137251371,0.138212194,0.116379653,0.140591161,0.142272098,0.14380124,0.143856333,0.144591786,0.144894023,0.146527641,0.147890516,0.149255788,0.151106758,0.152472554,0.153131492,0.154286041,0.156145612,0.15737381,0.158697844,0.160085968,0.16025184652819444,0.2958,0.164060847,0.164763191,0.164866171,0.16534172,0.165509682,0.165336276,0.165929289,0.166789126,0.167962569,0.169877754,0.170807889,0.17858261922573523,0.20743097050521764,0.17089537,0.170903402,0.171854949,0.17058279284889974,0.172809768,0.171706913,0.171139272,0.15583450893079795,0.18084198919024594,0.17227877,0.1475,0.1487693049275651,0.172184872,0.16939777446207985,0.172134965,0.171737747,0.171342685,0.171722376,0.172349592,0.172030108,0.170562894,0.16837706,0.166440366,0.164912435,0.166818556,0.168164371,0.17028836,0.16803186780412668,0.173175349,0.173518019,31.89
428,1495639740.0,35.1,0.105961288,0.072843704,0.06622912,0.063092619,0.062307299,0.062432833,0.062136662,0.062594488,0.063732599,0.064822684,0.066408093,0.067527036,0.069467876,0.08498829,0.072738918,0.074542203,0.076446059,0.078547289,0.080780026,0.082651115,0.084820185,0.087631865,0.08958375,0.091903289,0.137077409,0.096535243,0.099149826,0.101521003,0.103430907,0.106241214,0.108403726,0.110047801,0.112248683,0.114013203,0.116182812,0.117502054,0.118967986,0.120520993,0.121836331,0.123901358,0.124976696,0.12539369,0.127125151,0.127571467,0.129059369,0.130073283,0.131126189,0.132836537,0.133868183,0.134855204,0.136603838,0.137911706,0.139060957,0.140451082,0.142288969,0.144165922,0.145706622,0.147508285,0.148852425,0.149579939,0.150496988,0.152059418,0.153608513,0.154485973,0.156290208,0.157891678,0.158591851,0.159915625,0.160648894,0.161692059,0.163988695,0.165459343,0.166912929,0.168271621,0.169766896,0.171210076,0.1723771,0.173225028,0.17358551,0.174337505,0.175525681,0.176899298,0.177709247,0.17778842,0.178885657,0.180046252,0.180965302,0.180621652,0.180649793,0.180956526,0.180994626,0.181210509,0.18114857,0.180930914,0.181551602,0.166544096,0.181621674,0.181174316,0.158279835,0.1818485,0.182290425,0.182646169,0.182310312,0.182014887,0.18159212,0.181419086,0.181635395,0.182221064,0.18307065,0.184045336,0.184461359,0.184488478,0.184476617,0.184136466,0.183983571,0.183658389,0.183724754,0.183739097,0.184632738,0.185022937,0.185175122,0.185624943,0.185830589,0.185371705,0.184218905,31.09
455,1495021699.0,37.9,0.09882485819623385,0.071464827,0.063402638,0.0612765,0.060666234,0.055157076,0.03828392,0.060370557,0.060508542,0.062863504,0.063306844,0.064266486,0.065844059,0.068239767,0.070334004,0.071886859,0.073958885,0.075758044,0.07627176225808566,0.1513,0.082533589,0.085302319,0.08763695,0.089543587,0.091625269,0.093378702,0.092647148,0.099465046,0.101755936,0.104330874,0.106191885,0.108277314,0.110687405,0.112510891,0.114922227,0.11607834,0.118346397,0.119707223,0.121269422,0.122467965,0.124344791,0.125871081,0.126912621,0.12678221,0.128360649,0.129781277,0.131518397,0.132259473,0.133765817,0.135297696,0.136968567,0.138668482,0.1420122074991246,0.140909443,0.149149379,0.143862172,0.145283729,0.147028249,0.148499768,0.149892384,0.15078907135088668,0.16231956805053402,0.154864522,0.156727121,0.2677,0.160007515,0.16197864,0.163690953,0.1612804214606534,0.16670899666361774,0.169139155,0.170762349,0.171668111,0.172894401,0.174395908,0.175775988,0.18601904540130132,0.1861438823058524,0.179007285,0.179857565,0.17736800513233777,0.18238132,0.18832792230103476,0.183690294,0.183886448,0.184762169,0.185612179,0.19452088000890402,0.187305175,0.187555692,0.187973027,0.19563877952818667,0.187836329,0.19458449404338488,0.188351921,0.189253648,0.18944067803437395,0.202706664,0.208174529,0.189543592,0.189699767,0.1462,0.190431307,0.1998363745371017,0.192200985,0.193335691,0.193702546,0.193734644,0.194154715,0.19427058,0.194350529,0.18475827989058208,0.194908356,0.19454218075843202,0.193306987,0.194204635,0.1929701839107176,0.196310827,0.19356415014762426,0.197128698,0.21718893087464286,0.198376799,0.1963765672227692,0.197420383,0.19119879910636153,29.2
367,1494929065.0,34.561195174107496,0.06624780273567685,0.051202508,0.06526617,0.063796845,0.062436843,0.062726131,0.062118381,0.05934870635556436,0.058609946463102774,0.069782066,0.044717779,0.065585549,0.083127863,0.069033941,0.07121079,0.064506155,0.075600031,0.077089993,0.07747852561225052,0.0603,0.0624,0.06641415246597203,0.0661,0.06987021188358515,0.093246543,0.09300372413458212,0.098636245,0.101320741,0.103475317,0.1070962154811759,0.108143832,0.110469275,0.112807117,0.115187427,0.116100219,0.118046702,0.11937424907937975,0.121839728,0.122526106,0.124192007,0.12756102414214893,0.127051424,0.12448381690337798,0.129172792,0.1406184432398778,0.131547337,0.132866778,0.13456090813725455,0.135900515,0.136688823,0.13514850835269784,0.139652171,0.141026052,0.142463432,0.133824763,0.14247473392997312,0.14572553153656104,0.149102627,0.172551105,0.151793889,0.153579852,0.154928788,0.15205625396338604,0.15741663,0.159397671,0.161168185,0.162397044,0.164285771,0.16185613705979632,0.167595336,0.169496287,0.17527773874081962,0.172023085,0.20745007113282501,0.175355689,0.176726886,0.178121389,0.17800026126733728,0.179370348,0.17636708775769108,0.180828342,0.181503022,0.182563425,0.1814404669786719,0.183794293,0.18249766453430266,0.184456212,0.184850485,0.185240859,0.185874795,0.17423573085348631,0.186435436,0.186516003,0.186772909,0.18371847742715983,0.187425381,0.187392315,0.1914101047936609,0.187939374,0.18816404,0.189315788,0.190177857,0.190527265,0.190551433,0.190870029,0.190771445,0.19557658774066658,0.191571174,0.192181178,0.193530281,0.19975127976152812,0.193558643,0.193414246,0.192975962539716,0.194906018,0.195274372,0.19402592908922803,0.196368909,0.196562996,0.196518641,0.196590509,0.19392266563296393,0.1961111,0.195658596,0.195115772,28.08
92,1494951831.0,47.0,0.11479159087733964,0.081395836,0.072122727,0.069744815,0.069681928,0.07203247411655275,0.07073727112022783,0.070946774,0.071993368,0.07139864850464886,0.074182111,0.052066295,0.071741019,0.08023241,0.082891605,0.085070524,0.08724109,0.089536415,0.091826174,0.09330799400795597,0.09586857883366282,0.100085713,0.103027197,0.10538685,0.10780021,0.1089665139218422,0.1782,0.116293972,0.119167918,0.12335731237849562,0.124550494,0.126688574,0.0836,0.131754845,0.13411464,0.136071866,0.137934395,0.139953419,0.142361495,0.1451083456624703,0.15020530560894443,0.1441615930675993,0.15457377,0.15463927882918183,0.159648569,0.1511534717434537,0.165296325,0.2343,0.171757643,0.175942951,0.179516565,0.182432896,0.184783584,0.187406951,0.191192587,0.19216727571979758,0.19721747314423127,0.204570872,0.22713860299510313,0.209361698,0.209012954,0.2185735845036183,0.207663331,0.207960893,0.21406964995486125,0.209488612,0.21126053042775705,0.210930668,0.209159551,0.21822059054507212,0.21438792166680437,0.26433096707854487,0.256290521762621,0.24103149692382586,0.24881866987696422,0.205769179,0.21974286348183247,0.2922,0.2931,0.203241863,0.202482738,0.202221534,0.202312184,0.201882245,0.202580015,0.203601785,0.20983673725026505,0.205180346,0.20613181446464215,0.20012493284206367,0.206230137,0.206208067,0.20344277715216955,0.205802619,0.205680305,0.20512724,0.2073199036514595,0.204095369,0.2053617417625346,0.203890828,0.203778971,0.203587162,0.203072993,0.21247329191527348,0.203410582,0.20355785926829326,0.1476,0.3001,0.191092712,0.204296098,0.204004934,0.203432326,0.203487631,0.202752124,0.1955520891848039,0.2010934654602835,0.202425561,0.202531375,0.20069731151254017,0.202653753,0.22362158531518359,0.203859398,0.20190918584525477,0.203829981,0.203504058,27.91
340,1495073314.7812097,44.8,0.12675157602828988,0.088834723,0.076906098,0.07873002404069883,0.072389254,0.071888487,0.0716693,0.06874766337931879,0.072302156,0.073903986,0.075907143,0.077383767,0.08124712050367845,0.0808602079479953,0.083523854,0.086246265,0.088509723,0.090557592,0.093746366,0.095781249,0.09878799936040095,0.101270367,0.10403257435903628,0.11040881007570515,0.109670075,0.112249637,0.115676923,0.11744853716145531,0.121309609,0.123877167,0.12599131,0.128237717,0.13113257438006998,0.133572513,0.13712127809095964,0.1438721829384554,0.139132572,0.15192935497112492,0.142765091,0.14546051054979356,0.144445809,0.147566984,0.14425708261851977,0.149697566,0.150931724,0.15198883,0.153548313,0.155419434,0.156967593,0.158678324,0.159900683,0.161146303,0.162167363,0.163864977,0.166400617,0.1706922411206628,0.17218019911589255,0.137924644,0.15167015650982352,0.158931727151693,0.17623757,0.177684851,0.17927983,0.17880367789247245,0.18284011030211886,0.184505748,0.1854374380169148,0.19302393861525613,0.133209081,0.13650795701587498,0.192065375,0.206052798,0.195739018,0.1932185262834365,0.19800321282368172,0.201364685,0.202191539,0.202851575,0.20359148833132604,0.205866643,0.19988391541492825,0.207366559,0.208218464,0.209886151,0.1990237891641876,0.19884416277863376,0.2055435620815087,0.212257807,0.212774327,0.2067119642447684,0.148174493,0.15612090215558794,0.213311242,0.21852364342033984,0.214342051,0.215827477,0.21937211914744092,0.22062650624919594,0.215269176,0.21050838173595984,0.206403977,0.216080542,0.20237396582964193,0.216458444,0.217890152,0.21803814710735747,0.2998,0.16310022,0.16174852727554073,0.22707269976521158,0.218961606,0.219019094,0.223706476238585,0.2247301458898124,0.219513027,0.220305874,0.221068054,0.220204994,0.22096381797291037,0.219200795,0.219900896,0.21723339012782228,0.222305175,0.2217132753711082,0.26647940701331885,27.01
565,1495467630.174005,34.5,0.08200703399841831,0.061004455,0.055752112,0.054451376,0.076239345,0.0778262442303036,0.052842933,0.05022083739048688,0.05144023210631178,0.047186253,0.055958036,0.057058698,0.05805926628401495,0.060116898,0.061555509,0.06581568842315179,0.064614629,0.06586767663354574,0.06817446,0.07231740905374938,0.1556,0.1592,0.1633,0.07750277,0.079631825,0.07807079476036832,0.083626657,0.085365389,0.08768347505932074,0.07884685,0.091993662,0.09777767259473327,0.122139206,0.12003238168839499,0.2068,0.10281154493147611,0.100763187,0.10864476174234587,0.102114442,0.10999006182209967,0.10509428,0.0999213730509891,0.107029623,0.10282869959691851,0.11347075983333046,0.110105965,0.1066685445974081,0.111403982,0.113864695,0.11469495,0.116256165,0.12186220825604174,0.119054042,0.11036078231615074,0.121860917,0.13211153944447154,0.18883585656759697,0.125749782,0.113942049,0.127335572,0.128615157,0.14089585520332737,0.132080088,0.133812862,0.135177602,0.136549455,0.13586826989349918,0.140019021,0.141078347,0.1449742436471726,0.143072844,0.144337159,0.145482313,0.147577556,0.1494961501115201,0.150136566,0.15719052884839543,0.151113606,0.151498059,0.14998073363814665,0.153789558,0.154444208,0.1590501120073525,0.15867738131557607,0.157321402,0.158369562,0.15824178,0.158848648,0.159038603,0.158952581,0.158955255,0.159579121,0.159837879,0.160538202,0.16132343613078118,0.15805308873735868,0.161448098,0.16770775015049863,0.163275076,0.163716597,0.16124631380033297,0.163577589,0.164738564,0.165181482,0.164410877,0.16455622081918234,0.16721924002000718,0.16702474611154514,0.1650529653891015,0.1639824,0.17415343965749158,0.1632969120853521,0.164954067,0.16314224824979123,0.164760707,0.171328798779058,0.166294514,0.16729472,0.16029110516627132,0.166470129,0.18149408620459462,0.162957011,0.161518233,0.160469706,0.15598053740029297,37.35
346,1495031889.0,43.9,0.139291792,0.090656941,0.079941254,0.076528624,0.100130404,0.074311783,0.074358113,0.074465895,0.0760193,0.076435673,0.07816092,0.080363475,0.082160027,0.084441362,0.086722678,0.078016822,0.091739882,0.094176093,0.096115387,0.099250826,0.102182618,0.104934355,0.108408201,0.111206198,0.113496529,0.11654285,0.119600296,0.123389719,0.125698854,0.128268609,0.130811324,0.133490328,0.135753133,0.138474111,0.140276668,0.142900057,0.145361541,0.146601934,0.147711322,0.149645231,0.150826995,0.152468423,0.154637463,0.156222421,0.157767125,0.158647005,0.160306123,0.161295213,0.162665763,0.164469688,0.166284851,0.167876285,0.16894425,0.170511208,0.162981547,0.174257065,0.175754983,0.177704739,0.179615132,0.181409908,0.183331355,0.184821332,0.123470353,0.18806423,0.18991585,0.192207943,0.1939591,0.195561747,0.176066088,0.199521971,0.200951654,0.202979713,0.204408583,0.205935252,0.207487393,0.209105238,0.210549949,0.212036416,0.212222075,0.212817151,0.213886537,0.215007147,0.216394299,0.218543009,0.218940348,0.219467478,0.219488681,0.21995087,0.220291697,0.221311293,0.222358613,0.222607644,0.223075472,0.222524803,0.22248553,0.222339072,0.222955415,0.223207583,0.223543204,0.224584649,0.225504213,0.225491302,0.225362857,0.225995194,0.226123162,0.226805119,0.226232257,0.226093314,0.226913973,0.256580464,0.22838783,0.227053957,0.229519381,0.22988994,0.230163272,0.230587842,0.2311818,0.231850914,0.231727653,0.231768702,0.232400905,0.232512121,0.233232144,0.233988723,0.233752543,26.77
242,1494790064.9331107,44.1,0.0846131,0.06262537929510816,0.0407838341584424,0.099125118,0.09554072400975092,0.060474296,0.060403957697939485,0.05766156075872809,0.0377,0.101846337,0.104066284,0.106728196,0.108943386,0.113329985,0.11034969055950095,0.087148659,0.09206293740101967,0.123620709,0.126875663,0.1244139542971777,0.072578004,0.07668140751286306,0.07811501142061889,0.08271067231856671,0.1435838184435279,0.14821478168924826,0.155965206,0.144791872,0.162552353,0.16639669,0.16196904556800248,0.172062332,0.174519725,0.1743390862347423,0.15592546883554642,0.10570606711224466,0.187002113,0.188471248,0.190738426,0.194086385,0.194744824,0.196445529,0.19136710340540125,0.200245861,0.202836829,0.18675271762408052,0.206232711,0.207819059,0.21752295350933504,0.21240315892219913,0.213621465,0.22026918030662052,0.217029148,0.218258298,0.21959029251650808,0.21673621758529432,0.22267607265099787,0.21883968750594124,0.142675685,0.13113484575358034,0.23996276039297287,0.263,0.26091181832845306,0.235973418,0.237655161,0.240381318,0.242532035,0.244226591,0.23922968171089215,0.2581060316712665,0.2514580500239724,0.252808881,0.255098236,0.25612675,0.2648618517610194,0.2517344569676883,0.27142541610530513,0.2638039377469247,0.2686889760899243,0.260923937403324,0.170877383,0.17939746388307823,0.268423937,0.2645614712516305,0.268645558,0.27357231594748443,0.2729766277315595,0.15898585126334755,0.271682869,0.272168175,0.272741734,0.27980970321748017,0.273996187,0.274470252,0.275233571,0.28821516404946856,0.27440197,0.273891587,0.28065353697447426,0.27009520776314666,0.28205177813019633,0.2837025683769475,0.276777791,0.276856005,0.2771788,0.276212558,0.2879993469079918,0.277923328,0.296156571,0.2996,0.2916413109567292,0.1488,0.1561251784978686,0.279287522,0.2721103057944382,0.277787977,0.2754602822435671,0.230153322,0.2323716600046913,0.26086864394552894,0.27869095,0.278575771,0.2773072218249751,0.2765040916172546,0.2681254812653933,26.09
14,1496322504.0,34.7,0.080388577,0.079127421,0.048042748,0.04515486977589988,0.082359103,0.046215436,0.046031431,0.04351771127610801,0.047518467,0.048109666,0.048915286,0.050283977,0.05206648,0.052833832,0.054742533,0.058572129502658624,0.057248038,0.05830829145018706,0.060358529,0.062492259,0.06428886,0.065931142,0.067306711,0.069704534,0.0726984388421065,0.073171509,0.075190918,0.077203791,0.07967701229570723,0.080470537,0.082385181,0.08817103641270317,0.14436388972356368,0.087278855,0.088929544,0.090331764,0.0920541612290115,0.092812842,0.09405309,0.094970492,0.095863004,0.096956446,0.097785522,0.098962688,0.10948682076747342,0.100863317,0.10187692,0.102938583,0.104060627,0.105137292,0.10635893,0.106673763,0.108309875,0.109609744,0.11083844,0.1125346,0.113813503,0.114860556,0.116368963,0.117365456,0.118456674,0.13108106024600275,0.121635718,0.12269028,0.124161779,0.12643500441393302,0.126642942,0.127977544,0.129529368,0.130876541,0.13182793,0.133141902,0.13448359,0.135555182,0.137011629,0.138266706,0.139191611,0.139682345,0.14005223,0.141070117,0.141935496,0.142555759,0.176235147,0.143790092,0.144642349,0.145437157,0.14251345,0.146461249,0.146563815,0.1413,0.147546282,0.148049933,0.14684471542869623,0.148406235,0.148511401,0.148655357,0.148807881,0.148897859,0.148951288,0.149102635,0.1458,0.150223483,0.150439585,0.150068423,0.150263322,0.150605167,0.151249783,0.151488266,0.152227693,0.1484,0.153150054,0.1488,0.154205067,0.154212623,0.153962003,0.1608901694502374,0.153634717,0.153257692,0.153365027,0.153074724,0.151687546,0.154541618,0.155262082,0.1405,0.1381,32.72
316,1494062473.0,38.4,0.096364412,0.064800275,0.058458901,0.055681498,0.05502048,0.054493518,0.054200362,0.054767986,0.055220112,0.055974766,0.057068438,0.058154907,0.059442952,0.061561961,0.062733166,0.064473798,0.06636984,0.068573963,0.070316207,0.072113771,0.073410762,0.075633692,0.077445203,0.079328261,0.081445867,0.083481524,0.085295084,0.086994834,0.089736104,0.091421079,0.093419062,0.095430534,0.097220377,0.09871752,0.100442264,0.102196398,0.10277107,0.10452383,0.105981941,0.107162599,0.108559535,0.109370773,0.11018196,0.110852829,0.112121125,0.134758845,0.114123661,0.115534322,0.116108745,0.118057871,0.118882486,0.120856644,0.122201336,0.123124035,0.123905409,0.12485949,0.126867262,0.128142713,0.1298138,0.131292055,0.131963418,0.133430495,0.134927204,0.136298109,0.137854958,0.139267016,0.140468361,0.142043413,0.143414634,0.1451887,0.145941042,0.146687769,0.148026073,0.149444372,0.151237732,0.152578282,0.153145317,0.154524345,0.156041921,0.156258322,0.156860302,0.158288497,0.158768216,0.160110235,0.160934347,0.162134202,0.162797486,0.163379709,0.163707997,0.163444935,0.163154927,0.16387156,0.163836087,0.164222815,0.164205022,0.164250918,0.163948324,0.16389235,0.163856906,0.164740831,0.164877889,0.165679138,0.166458625,0.167054979,0.167327217,0.167693303,0.167840034,0.167745343,0.168096692,0.168475734,0.169133217,0.169609116,0.169710512,0.169940744,0.169810158,0.169876587,0.169394344,0.168819778,0.168051431,0.168917957,0.169975936,0.171158257,0.17145201,0.17130414,0.17045755,32.44
601,1495797498.0,39.3,0.07708668664047316,0.057944091,0.050607042,0.048347516,0.046825127,0.045964489,0.046744407,0.046849298,0.046982424,0.048273751,0.04937084,0.050026463,0.050089995,0.052062476,0.053806046,0.055145581,0.056884281,0.058744642,0.060666329,0.06565404158690058,0.064084991,0.065550321,0.068032287,0.069360954,0.071145598,0.072799338,0.074511381,0.076848294,0.078337609,0.079941921,0.081938383,0.083311068,0.085391049,0.086760344,0.088736019,0.08977589,0.090886458,0.09750280058774603,0.116448616,0.094355277,0.095396906,0.096756082,0.097334286,0.098368823,0.098685198,0.099899561,0.099976983,0.102325002,0.103212732,0.10235240969703192,0.105830478,0.117429038,0.116011075,0.10681662398263013,0.110371477,0.111667752,0.112457397,0.1093,0.115001861,0.137783487,0.13731064362883777,0.119098639,0.120390288,0.121775838,0.12175906464448943,0.12451137,0.126444648,0.12920120150783448,0.129427551,0.144623743,0.14598590558913827,0.132951958,0.134416373,0.135898517,0.137206636,0.1380987,0.14365536338161294,0.1376313808390848,0.140322885,0.13940133348512998,0.1345,0.143227104,0.144021319,0.144572904,0.1378,0.1384,0.146154008,0.14701061,0.148000941,0.148117142,0.147833398,0.147948104,0.1424,0.142,0.149088406,0.149241946,0.14437348420820068,0.149657376,0.150425586,0.150654528,0.14699183122802603,0.150524879,0.150970265,0.1603902177973626,0.15401468409702163,0.15415951251461502,0.152793332,0.153096697,0.1533255937208785,0.1484,0.16065413716479712,0.14895259291159774,0.155129742,0.155440826,0.155452701,0.155753956,0.156701663,0.157326917,0.15818043,0.15438301270174143,0.159425593,0.159202397,0.158252033,0.15790612389403386,0.172696103,33.84
388,1495625776.0,35.7,0.040556748,0.064046459,0.057472033,0.054662462,0.052445501202998845,0.053861674,0.054263719,0.054555978,0.053212734090806825,0.056423983,0.05680374,0.058512369,0.059884621,0.061261008,0.062416513505053776,0.06474713,0.09409295,0.068083886,0.069700724,0.071825162,0.0624,0.075095441,0.077838157,0.08241479759071536,0.081362479,0.083499056,0.085291196,0.087469528,0.089287718,0.090456392,0.093328139,0.095406063,0.09904826416609354,0.098183243,0.123142745,0.101680169,0.102288164,0.103736854,0.09560009783182868,0.107052175,0.107503547,0.108596446,0.10945759,0.1054745431878619,0.11619731131406287,0.112260285,0.123491821,0.114086853,0.11555766,0.117360416,0.118052129,0.11962963,0.120740566,0.11232508494883865,0.123316411,0.13337230186104568,0.18457643389082753,0.127873321,0.128981751,0.11849300911851526,0.131492686,0.14367602987298575,0.133943726,0.151022435,0.137276147,0.138739022,0.140173952,0.14378070810872964,0.26352944686472857,0.1472183857422097,0.144956828,0.145855628,0.147278262,0.15495271024486917,0.15733443810684702,0.151148189,0.15832798001249734,0.153346849,0.153912933,0.154539875,0.1554506254927197,0.155378969,0.1363,0.156987898,0.158308724,0.15514286537200864,0.15938092,0.159637266,0.16226204650803552,0.161135148,0.161116267,0.1689714116219891,0.160871135,0.160792008,0.16154009552977003,0.161697158,0.162231318,0.16284405,0.16086239851201067,0.163536023,0.16104925551377733,0.16857482062877954,0.165003317,0.165428661,0.166043257,0.16618868174604215,0.16898509415972598,0.167927374,0.16581297511058063,0.168897834,0.169071905,0.168315579,0.168089195,0.16642868271017683,0.16824679,0.168242159,0.168109668,0.167789411,0.16085837202584247,0.1626416647010911,0.17703672100681325,0.167591383,0.168232908,0.167684103,0.16770461,34.59
274,1496053281.0,33.2,0.100349391,0.07241305788088102,0.061450956,0.058853898,0.058203988,0.06189120267698663,0.057706653,0.057725058,0.05678151506812587,0.05983324,0.061271325,0.06388235323508622,0.1084099994610454,0.066291081,0.06704705156432456,0.068431652,0.07046635670857954,0.13401248544475391,0.073916938,0.075959639,0.07673558,0.079729625,0.080541602,0.083083486,0.08535176120466866,0.08434454963133411,0.090596835,0.091416235,0.0936193068887443,0.0784,0.097708947,0.099595137,0.10314198267705564,0.086034801,0.104727605,0.11024186978514944,0.107023253,0.11570675688235944,0.109354222,0.110874106,0.111678041,0.113415621,0.114386372,0.11084561547420564,0.116068833,0.116877452,0.118107621,0.11795682195590011,0.11968557,0.121077217,0.11980961612150347,0.12545367631701304,0.12889818600672567,0.126374051,0.154059792,0.129760074,0.13255046535772402,0.13166841,0.1445857606633191,0.133970754,0.1330666859699386,0.1451967773081867,0.1419095278926151,0.140308625,0.14160905389613462,0.142786242,0.14231481369439167,0.146766547,0.148150841,0.148894194,0.14995492692231416,0.15032808,0.1388210157030974,0.182019159,0.1861005646595314,0.155391395,0.156759021,0.15597258360733723,0.158476105,0.159441625,0.1596940424730405,0.160619322,0.161397014,0.16094940189890394,0.163072572,0.163931653,0.17403927000311184,0.186187243,0.164254121,0.16408499,0.14940012313700904,0.1573378892299984,0.164629795,0.164864144,0.16569045,0.166400584,0.167157652,0.17292393662327926,0.167420504,0.167595172,0.16547895716968627,0.169665438,0.170439747,0.170563512,0.17163163008917712,0.170797696,0.17397072460665516,0.1481,0.17089713,0.170600621,0.17105217,0.16000151205746077,0.186603631,0.173464994,0.172008714,0.17833512643149635,0.169777384,0.169455011,0.169468342,0.16438895328765582,0.167455875,0.16478760981288976,0.16248093239505387,0.165415371,0.164778362,36.26
167,1495546009.0,35.3,0.08172232,0.056672143,0.051178125,0.04936138,0.048381929,0.048510909,0.048730004,0.049002158,0.049136423,0.050151112,0.050928182,0.051650666,0.053306922,0.054673973,0.055721205,0.057424331,0.059214146,0.086627082,0.062229905,0.063775469,0.065677428,0.066982701,0.069280697,0.070704823,0.072619818,0.074448499,0.075954439,0.078033402,0.079764649,0.081911916,0.083260012,0.085388862,0.086774474,0.088684711,0.090334191,0.091248964,0.092715276,0.093776565,0.094772972,0.096137599,0.096869347,0.097439355,0.09856857,0.099393052,0.100862325,0.101387097,0.102299795,0.103499069,0.104609306,0.105901769,0.10671151,0.107558961,0.108558472,0.109348573,0.111055653,0.112543917,0.113451403,0.115035598,0.116568888,0.117786962,0.118714163,0.119620609,0.120709512,0.121767561,0.123049418,0.124695151,0.125861094,0.127319291,0.128535662,0.129485496,0.130904489,0.132192389,0.133664017,0.135224134,0.135964644,0.136800668,0.137928419,0.138803578,0.139459285,0.14020185,0.140720881,0.141350543,0.142027974,0.142526277,0.143549705,0.144623521,0.145342838,0.146066327,0.146673262,0.146875746,0.147225696,0.147316312,0.147373867,0.147404025,0.147904526,0.148057032,0.14851232,0.148585062,0.148593998,0.14856528,0.148406036,0.148461675,0.148748848,0.14897821,0.149513564,0.150179565,0.1507293,0.151496259,0.151745958,0.152023524,0.152133403,0.151969684,0.151867465,0.152466214,0.153246466,0.153198965,0.153486709,0.153760711,0.153795519,0.154822777,0.155070116,0.155339588,0.155435892,0.154811661,0.153755224,34.59
674,1495807090.0,40.6,0.095793944,0.063635661,0.054587846,0.052045614,0.050835897,0.050517638,0.050230154,0.050035821,0.050484831,0.056404414375700894,0.046982136,0.052697358,0.054344586,0.05559797,0.057403677,0.059284071,0.060482562,0.062590363,0.064138222,0.066553511,0.0642876916518114,0.06986104,0.071812641,0.0676,0.075328546,0.077563213,0.079262805,0.081789207,0.083673656,0.085817089,0.087601831,0.089501349,0.19133154925048845,0.092914017,0.09418378,0.095991869,0.097203923,0.098478662,0.099609313,0.100642492,0.101997213,0.102570814,0.103147916,0.104439083,0.105533078,0.106611334,0.107664626,0.108677151,0.109476602,0.110462857,0.1009,0.113342647,0.114261381,0.10477874694643124,0.11702925,0.117960639,0.119423931,0.1093,0.165714166,0.123541792,0.124449304,0.12571714,0.126988262,0.1315460932621925,0.129500728,0.13112417,0.13257279,0.13450842,0.136314495,0.13764276,0.138626203,0.140077854,0.141481474,0.14260772,0.143967042,0.145619423,0.146770233,0.147232643,0.147526911,0.14807527,0.149069518,0.150050727,0.151138298,0.151665648,0.151821857,0.152424141,0.153209047,0.153875443,0.15447079,0.154791347,0.1415,0.155433202,0.155670708,0.155878789,0.155614448,0.156017049,0.1520046237206685,0.15706772,0.157464455,0.157676681,0.2986,0.157893163,0.157998302,0.16741560372292144,0.158394869,0.158677738,0.15894716,0.15837089152272793,0.188660777,0.19109782859842317,0.159772243,0.1488,0.160855392,0.1588457644182153,0.162126543,0.162267399,0.162186747,0.162330066,0.16275121,0.162747547,0.163248468,0.163197153,0.163522582,0.16315643180883285,0.163666973,29.96
485,1495448004.3512864,35.5,0.10137385,0.071833226,0.063699209,0.061221153,0.059891871,0.063382522518459,0.06346869723338537,0.059732108,0.05904170473216974,0.062043267,0.062442138,0.065130509,0.065732581,0.067553687,0.06951189,0.07163412,0.073291228,0.074561729,0.077776304,0.079205036,0.081970079,0.084520244,0.087405372,0.088435356,0.091231343,0.093655837,0.073,0.097621246,0.09983639,0.10332546106326437,0.097182388,0.107203838,0.108597476,0.1107021,0.135438382,0.114581823,0.11595873363890154,0.117423772,0.118978418,0.120587846,0.123469802,0.12330101,0.124847404,0.12224538098660913,0.126955171,0.128116946,0.128948543,0.13015288458829447,0.131721211,0.133395575,0.134215642,0.136317187,0.137778573,0.138000027,0.139574365,0.141678307,0.143612306,0.145072824,0.147132617,0.148174478,0.14887686812921636,0.16077265160364632,0.15246967,0.154180207,0.155343635,0.157389439,0.15939008,0.161371309,0.162131686,0.1676248444172923,0.165393019,0.167664961,0.165684737,0.170599699,0.172044474,0.173290037,0.174097304,0.175717298,0.176676969,0.177636252,0.178187544,0.179076102,0.179888108,0.175700608,0.181666744,0.182418726,0.183107844,0.2996,0.184314684,0.185083761,0.17333412525791556,0.147624201,0.14643040354562142,0.186229127,0.186926126,0.187464848,0.187671027,0.187961459,0.188529632,0.189168294,0.189107335,0.2991,0.218408303,0.190271669,0.191388812,0.191962072,0.1968645043959554,0.19803820421833415,0.191733051,0.18108386,0.193430239,0.193398066,0.193758078,0.19333638844047132,0.162796935,0.16943050728090076,0.195415673,0.194564058,0.195570821,0.195897699,0.196456645,0.196596181,0.196066864,0.19477804,0.193841075,30.75
663,1495805770.0,40.2,0.088900039,0.059804729,0.052304105,0.049581565,0.048537569,0.048890559,0.048418364,0.048250509,0.048812086,0.049418752,0.04996414,0.051431363,0.052042837,0.054022319,0.055558701,0.057202119,0.058783037,0.060699376,0.062080022,0.064441987,0.065697972,0.067355817,0.068797467,0.07113743,0.072695301,0.075327673,0.07717459,0.079060565,0.081127133,0.082718233,0.084863556,0.086722137,0.088332873,0.090166382,0.091831591,0.092526848,0.094284347,0.095747942,0.096550976,0.09764601,0.098616641,0.099968581,0.100476604,0.101391611,0.102785042,0.103651816,0.104398884,0.105716422,0.106674475,0.107494747,0.108761202,0.109941137,0.110526189,0.11146157,0.113349029,0.114627198,0.116201787,0.117200022,0.118458156,0.119831769,0.121154957,0.122350688,0.123743129,0.124922902,0.126384118,0.127433665,0.128946758,0.130428619,0.132129902,0.133652421,0.134825382,0.136220077,0.137093896,0.13901964,0.140245087,0.141336363,0.142155265,0.143341055,0.143989338,0.144361864,0.144867247,0.14543419,0.146340333,0.146991198,0.147880716,0.148702748,0.149234208,0.150057753,0.150281366,0.150660764,0.150932292,0.151370004,0.151569903,0.151356017,0.15133016,0.15185542,0.152409686,0.152568342,0.152980965,0.15259436,0.152888561,0.152993344,0.153255658,0.153391359,0.153286741,0.153319523,0.153418185,0.153947235,0.155082084,0.155367017,0.15562219,0.156080134,0.156416897,0.156839992,0.157168808,0.157838556,0.157895336,0.157640403,0.157675362,0.157197653,0.156755783,0.156935136,0.157492993,0.158035521,0.158463998,30.24
505,1495633127.0,36.2,0.087285122,0.063962488,0.057674541,0.05662459,0.056530551,0.057372099,0.056970288,0.057387022,0.059140787,0.0427,0.059896358,0.06234549022595007,0.064070953,0.064562576,0.06655327,0.067853202,0.070481735,0.072770432,0.074970406,0.076195814,0.078116857,0.079221874,0.1633,0.0834048,0.086058268,0.086912956,0.090047393,0.091701783,0.094040151,0.095709162,0.097510191,0.098869849,0.100806097,0.102301697,0.104853742,0.104983174,0.106455882,0.097848394,0.109092778,0.109857057,0.110779492,0.112001755,0.113113413,0.113184736,0.114643898,0.115257557,0.116450178,0.117077219,0.118149477,0.118748262,0.120055481,0.121065198,0.122880859,0.123635483,0.124736225,0.126479084,0.128419742,0.129396672,0.130800041,0.132349469,0.134087285,0.1461828468043602,0.13676649,0.136912672,0.138555106,0.139806929,0.141479218,0.14297612,0.14416375,0.144456001,0.145286274,0.146519209,0.147456245,0.148253042,0.149861233,0.152165801,0.154004783,0.155137465,0.155979858,0.156171447,0.157379723,0.158101433,0.159935893,0.161631705,0.162292647,0.163626172,0.164062159,0.164207071,0.164296216,0.158638763358652,0.164086596,0.165058728,0.157853925,0.16640958926407468,0.166661643,0.1648616565196222,0.168724972,0.198646803,0.171598091,0.17070954749592832,0.172083743,0.1722171,0.172983966,0.172735367,0.172110572,0.172196484,0.17548381171321176,0.173231871,0.17027934418594592,0.16901879889735838,0.173533773,0.16263845611540825,0.173107037,0.173260551,0.173580698,0.17985469380614025,0.1788079354072766,0.175265152,0.174227493,0.174331019,0.19064628269224987,0.172953375,0.173247753,0.173101662,0.174469648,32.07
244,1494467739.8917663,43.89962125493901,0.171257319878474,0.116516463,0.103072269,0.099491209,0.099603914,0.099192523,0.099527538,0.09616265681812003,0.1000670652833074,0.1195,0.046813477,0.0477221604574319,0.04740767777263108,0.10923855056364158,0.11778867199999998,0.12560281074329446,0.12194689,0.1247004045984691,0.128633371,0.12597389701839817,0.13528578,0.139306171,0.14412354870868294,0.15325409352280012,0.14570885693506358,0.09762821746121879,0.10090994804697519,0.16485226683130283,0.153141748,0.15856191240643663,0.16320647259643856,0.0817,0.177435692,0.166395693,0.183234892,0.19174620056026292,0.120873982,0.13133179675951812,0.2168,0.195922465,0.2052172864022628,0.199159555,0.200452779,0.207380686,0.227353379,0.20564856200000003,0.208614555,0.21977733461432358,0.210819322,0.213611851,0.2107277944677297,0.218065309,0.219926694,0.220627558,0.221971395,0.21882816498031726,0.210651967,0.228310315,0.23014265,0.231601179,0.24173922871560904,0.263,0.2647,0.239076146,0.240469847,0.242241322,0.2451147857699595,0.274,0.2680469266512973,0.2761,0.252577419,0.253533418,0.255107783,0.24009757703384027,0.281478184,0.2739521390296249,0.262515289,0.2650225251694609,0.265118221,0.266283325,0.267202648,0.267924966,0.27797679650885954,0.268790678,0.269503918,0.271136849,0.27077891514809505,0.273554565,0.275175534,0.27539359,0.2762675606872892,0.201565743,0.19892498192351998,0.27665700040562,0.276220421,0.2893363692371099,0.169237295,0.17482387586280884,0.1737854854841057,0.26702523917107635,0.149079049,0.15718577777072065,0.24582385,0.25520802269050674,0.278661278,0.2788122858962884,0.2908115062633977,0.1481,0.14911839123593595,0.1484,0.1489,0.277771439,0.298949996,0.278302994,0.278812581,0.28157769873439953,0.280746153,0.2705055240194568,0.280442183,0.270279297,0.279671689,0.27700504850750535,0.278493721,0.278000928,0.278189747,26.04
567,1495793188.0,35.1,0.136815898,0.09509454296919291,0.068305179,0.06872504602380056,0.05337475,0.05595913,0.05564579747160561,0.052602086,0.05321742,0.05395156574169479,0.055368639,0.057224011,0.058005442,0.0579928681291874,0.060900483,0.062581042,0.06396932,0.06520547897749451,0.06671099922466511,0.069536797,0.07056284,0.07464857251404472,0.083537463,0.08850565432300832,0.079176971,0.07757190064757225,0.083043684,0.08101339183567764,0.086770569,0.088978772,0.090373496,0.08922425,0.093720337,0.09056846739758108,0.09429824467201327,0.098027175,0.099286309,0.114531835,0.101965925,0.10986047066517396,0.104860614,0.105755531,0.106708359,0.10247860657860283,0.11802179722468724,0.2307,0.110292641,0.10916495115829553,0.105841687,0.114341473,0.115436185,0.116868101,0.118267185,0.10944432617520702,0.120570225,0.1309935300504288,0.123176198,0.11068923111366186,0.125996878,0.127418279,0.12810127,0.129015226,0.12503842348020275,0.1151,0.1166,0.135750299,0.13504223652764172,0.13833120538061153,0.139418777,0.140738234,0.142558873,0.144066502,0.1323690345852297,0.146426518,0.147607762,0.148601559,0.149475474,0.150571129,0.14775565949512937,0.151851096,0.15312296486846713,0.153143143,0.153434785,0.154478969,0.155853215,0.15250725792152534,0.16733022883379514,0.157939437,0.158221948,0.15261523026760176,0.2748598364380226,0.159349643,0.159231431,0.16770405185563098,0.16098739066430148,0.15841488025699715,0.161270443,0.161057088,0.160972206,0.160977552,0.161433621,0.162814302,0.163706295,0.164351905,0.164104368,0.163636192,0.16622403292360283,0.164047968,0.1625465279829479,0.164253448,0.163554286,0.16312085,0.162699544,0.16077891824255325,0.163402923,0.17001628906635513,0.165008956,0.17020384680952758,0.164234732,0.151692643,0.161476973,0.159876527,0.15752504409697432,0.157733582,0.1533726953006136,37.0
563,1496010066.0,35.25584880278562,0.077142469,0.061075695,0.05408026006506227,0.053898638,0.053834535,0.053038168,0.05342803,0.053406667,0.054056649,0.05473139842018704,0.056188349,0.056661713,0.058843347,0.0588172775352398,0.062113025,0.06640843966653173,0.065575904,0.078976635,0.068466174,0.06966,0.06795457912676238,0.0720174397679427,0.07319903774410132,0.08020800064652885,0.079945125,0.07841442925745752,0.116274836,0.086466156,0.088019497,0.089753494,0.09040783223421389,0.093937548,0.095058836,0.09195618693752265,0.09494358861325002,0.10008434507161804,0.101198415,0.102575439,0.103096834,0.104323633,0.105575894,0.10039369016272542,0.10505731940604689,0.108414188,0.10960106,0.111197267,0.111632787,0.112748729,0.12010740754353566,0.11555785,0.11438666504283734,0.117822387,0.12132509756949919,0.11075704750781959,0.121621031,0.123705508,0.12627665951679146,0.12608954,0.13826839410442948,0.12706616457657072,0.12538117923104114,0.1129,0.132734285,0.134152191,0.13501505652658288,0.137263273,0.13660609515558772,0.139951521,0.141185537,0.14508956587214364,0.19988671761870552,0.208970979822881,0.146453314,0.147811128,0.14974438961172012,0.150246599,0.150290932,0.151076136,0.151696944,0.152584856,0.1537581767098463,0.154579802,0.15919221314540002,0.156090055,0.156271217,0.15295591813230727,0.158461993,0.158567808,0.158795951,0.159012892,0.158959565,0.16682991854173546,0.159649203,0.160356927,0.160209753,0.160734036,0.1573176035935202,0.161348703,0.161961233,0.161807713,0.161458069,0.161615706,0.1462,0.162480106,0.1642039618381178,0.163491099,0.1660670839452361,0.163855436,0.164369654,0.164905133,0.1749528192066619,0.163986848,0.164039739,0.1621837932689115,0.1499,0.163376162,0.162598451,0.16811482356816707,0.160971453,0.16145731,0.175657812647141,0.17298966621017353,0.142,0.158637149,0.156805898,37.87
190,1494934807.0,33.193802948716936,0.09892037,0.072292322,0.066689547,0.06684566980325979,0.064614893,0.064992349,0.06516516029493559,0.064659875,0.049647203,0.066102555,0.067112129,0.068544112,0.069978237,0.06977282506313226,0.08483,0.074918258,0.07795091392967084,0.078138251,0.079746352,0.081106879,0.082515345,0.084546626,0.086786325,0.1301563236503445,0.08925032,0.090833769,0.093900292,0.095629656,0.0977526393983738,0.098496162,0.100587425,0.103071876,0.104068891,0.10129756812603931,0.106977121,0.107891155,0.108756671,0.1176622297945639,0.111119381,0.111769225,0.112909548,0.113927396,0.142179692,0.115389421,0.11574274,0.11496274764010349,0.116944412,0.11664820910742055,0.119296458,0.11783681759390362,0.1166258221366861,0.10458930152631854,0.10819293569926991,0.123775897,0.1242902,0.13421580693415028,0.12787196385821623,0.127704123,0.129014605,0.11852333896389121,0.11587214983203237,0.2599107739569063,0.132137296,0.13619944215429666,0.13720781433512008,0.135488824,0.13477196755094936,0.13804419969338197,0.138345469,0.1420340293404803,0.139521204,0.2477700136214127,0.141905754,0.143037988,0.14467151320536661,0.145181209,0.14537283,0.165119331,0.145300865,0.145827541,0.14790840770645436,0.160749246,0.148314597,0.1482843989303958,0.149993503,0.150602938,0.151199228,0.152308713,0.152453875,0.151981853,0.1415,0.14949347723842218,0.150716989,0.150820102,0.151312453,0.14742274335744604,0.143,0.152380334,0.152166364,0.152002785,0.157771424,0.1654561306087754,0.14994926550472357,0.1469,0.154883467,0.1550283384883687,0.15481576,0.1540488183849238,0.155220744,0.1509310206416964,0.154855911,0.155063102,0.155609661,0.15334686576772538,0.155259818,0.155522782,0.153946544,0.152755434,0.15247165,0.151016085,0.1635014101568609,0.146603559,0.144842865,0.142559588,0.13891012694717544,34.51
476,1495016662.0,34.0,0.095674985,0.069539349,0.064266104,0.062826493,0.062236329,0.061689178,0.061224948,0.061295653,0.062592732,0.063975938,0.064980943,0.06637322,0.06803273,0.069417924,0.071805572,0.073446818,0.075018675,0.077678845,0.097211582,0.082904099,0.084107445,0.086294659,0.088995102,0.091205888,0.093022995,0.09610656,0.098255239,0.100222823,0.115256127,0.104896809,0.107127874,0.108454697,0.111319092,0.088912767,0.115280565,0.111888886,0.118137789,0.119655568,0.121437108,0.136668899,0.123850751,0.125833093,0.127193363,0.128127547,0.129302635,0.13025696,0.131198996,0.132928064,0.133980572,0.135895576,0.13612428,0.138115266,0.140107847,0.141323813,0.142614844,0.144208071,0.145328632,0.146925719,0.148293306,0.149832456,0.151934794,0.153738601,0.155102695,0.1562456,0.157842251,0.159765098,0.161821934,0.16348237,0.165153275,0.166369628,0.167452226,0.168952735,0.170237883,0.171592022,0.1729651,0.17439564,0.175461528,0.176478066,0.177179884,0.178428223,0.179802031,0.181160825,0.181408697,0.182332477,0.204672816,0.183651545,0.184241762,0.196107262,0.184973246,0.186736186,0.18812042,0.188222582,0.187958172,0.154331692,0.188170549,0.188598474,0.189402628,0.18939656,0.189566518,0.189967793,0.190213477,0.18957038,0.19058557,0.192114808,0.193573928,0.194409534,0.194467144,0.193742809,0.196463616,0.193476134,0.193285239,0.193851494,0.193507249,0.193399085,0.192773694,0.192476125,0.192388385,0.192134894,0.193818823,0.195048892,0.194087496,0.193659614,0.19304309,0.192704218,0.192324493,31.25
511,1495633847.0,33.1,0.079331942,0.061737523,0.059339295,0.057957752,0.05687545,0.056427815,0.05846598,0.05935125,0.060892789,0.061482786,0.062739784,0.063403379,0.064657974,0.066547351,0.068508298,0.071339174,0.072893773,0.074528521,0.076197303,0.077220895,0.080972211,0.070094645,0.084536323,0.087537179,0.088618711,0.091850571,0.094267429,0.096384121,0.097338358,0.091438136,0.101349758,0.103101067,0.106073294,0.107149974,0.108723489,0.110147129,0.110480541,0.111470307,0.113210759,0.114046983,0.115360115,0.116319583,0.117535184,0.118487378,0.119971135,0.120882661,0.120515437,0.122509462,0.122142312,0.124226659,0.125640665,0.126993075,0.128774584,0.129467976,0.130891533,0.132325333,0.133867646,0.135283899,0.136167628,0.136651877,0.138961224,0.140637141,0.14164025,0.142397039,0.143283399,0.144801728,0.146680093,0.147988885,0.147930191,0.148914251,0.149838051,0.150360258,0.152189861,0.153527789,0.155582666,0.156989892,0.157646065,0.158487823,0.159395364,0.16129187,0.162512309,0.164155632,0.165972763,0.167783079,0.167495563,0.167724547,0.167379627,0.167531505,0.168515234,0.168575337,0.169181671,0.16958209,0.170508904,0.171427992,0.171876923,0.172544629,0.172236611,0.171687947,0.172447196,0.172884624,0.174549718,0.177124855,0.177326267,0.177080439,0.175472422,0.174794497,0.174285836,0.174237055,0.174829084,0.173709625,0.172601448,0.172133262,0.171716515,0.198320278,0.172301127,0.172291976,0.171566298,0.170286256,0.168487728,0.168118763,0.168591853,0.168448272,0.167475444,0.167306134,0.165833679,31.84
59,1495555935.0,33.7,0.054664837,0.080285495,0.06995992717373888,0.048600556,0.048364089,0.048188945,0.049086663,0.050381774,0.04851205760720621,0.052439657,0.052989506,0.054562245,0.055968917,0.0559891441203071,0.059022555,0.060253442,0.060740652,0.063408156,0.064684798,0.066052069,0.06369579147472584,0.070641015,0.072617148,0.073782562,0.077030059,0.078212266,0.080026813,0.082139738,0.083853804,0.086982367,0.087779484,0.089813723,0.090981442,0.092405948,0.094174068,0.095652603,0.096046894,0.097494666,0.098591486,0.100141357,0.191072494,0.101060219,0.102996364,0.103457084,0.104428888,0.10563695865937073,0.106699101,0.10512221024456012,0.135578481,0.109574232,0.10850757280500894,0.112191973,0.113807045,0.114747543,0.111327168,0.117667498,0.11817625,0.118856045,0.120352758,0.122342253,0.123857139,0.125188798,0.126017353,0.127808041,0.129267033,0.130855208,0.131646737,0.132550763,0.134030167,0.135120688,0.136614946,0.139047043,0.141561329,0.142997727,0.144612971,0.145144113,0.146132699,0.146396407,0.148102124,0.149099663,0.150952567,0.151597809,0.152201212,0.152784466,0.153553653,0.155220788,0.156197743,0.157026238,0.157389838,0.156923756,0.1415,0.157334385,0.15588011514362907,0.142,0.157999015,0.159389291,0.159891625,0.16056338,0.160741471,0.160877838,0.162154263,0.163029484,0.163306245,0.162854761,0.16242882,0.162078055,0.164024354,0.165487309,0.166456663,0.16537199,0.164442333,0.1529779186780397,0.16014615270920066,0.161789897,0.162412714,0.161967811,0.163306266,0.162909328,0.161271259,0.159025599,0.159616666,0.1428,0.158810147,0.15846209450574056,0.1381,31.58
475,1495846242.0,31.49898750206587,0.099201107,0.071871297,0.064474803,0.063221651,0.060741455385315384,0.062453206,0.06248936737135889,0.062053915,0.062919605,0.063988923,0.06645427,0.067228927,0.067786371,0.070303141,0.0707404366356899,0.073719532,0.075411697,0.069139151,0.080238688,0.08302425265675074,0.084904569,0.08713611,0.089387372,0.091131924,0.093755406,0.09356185653513206,0.098467053,0.100850415,0.10285077,0.105232574,0.107104402,0.109313135,0.11039395,0.112635792,0.11501114,0.12091798241374474,0.118690326,0.119378609,0.120470808,0.122762595,0.124229404,0.11868712010235449,0.12269673836406532,0.127801409,0.128646012,0.129573217,0.130663015,0.132046948,0.133995805,0.135287838,0.136262713,0.138486211,0.139077862,0.140349665,0.142220862,0.144124262,0.145472207,0.146138887,0.147571706,0.149529395,0.151014695,0.152856636,0.154508258,0.156055966,0.158244846,0.160247674,0.1603635118805419,0.162748252,0.164584689,0.166314259,0.167921328,0.169108082,0.170221425,0.171368381,0.172615485,0.173940862,0.17549746,0.190805363,0.169166221,0.178084889,0.178849593,0.17997028,0.180131761,0.18132523,0.182772826,0.184068011,0.183899961,0.183645415,0.184247625,0.185452763,0.186349761,0.1418,0.186691054,0.18688866,0.187425292,0.18816306,0.18821229387864624,0.18879945,0.168348613,0.189521363,0.189944773,0.190714886,0.19111899,0.20052379813339838,0.190968365,0.191059222,0.191497063,0.17559467,0.192277293,0.193534362,0.194677823,0.194769788,0.20036810094152205,0.195380553,0.195631117,0.196191409,0.195541446,0.195379427,0.195632222,0.193950644,0.2134888187173199,0.191579486,0.190279805,0.189700374,0.189248609,31.23
561,1495521039.071035,33.3,0.076933894,0.059805915,0.05303060396758831,0.0509569694477112,0.052287686,0.051520063,0.051321067,0.048723185370831694,0.052324319,0.053603301,0.054509648,0.05632452002088786,0.057221679363599606,0.058985587,0.060383351,0.06456944954940155,0.06309362,0.065672664,0.066380295,0.068035732,0.06603729952745793,0.071814964,0.07298562170012822,0.07722888595517358,0.078089176,0.080207041,0.08449872761048498,0.084095563,0.086218296,0.088067371,0.10649298,0.112274206741344,0.093061938,0.094264813,0.09259834431997667,0.10090919240575047,0.0985343,0.10613034908892666,0.1008534,0.101654558,0.103187217,0.104594849,0.10283976602068165,0.10096033267404059,0.10721728,0.10793537615568971,0.109031749,0.110142309,0.11743669179745399,0.11604635072863631,0.1009,0.11915685515181121,0.115597416,0.117009583,0.118575463,0.12926564868533197,0.2413821396326618,0.122629281,0.123705079,0.11362174090582909,0.12280031433076968,0.118618818,0.11419898778324952,0.13348246556364346,0.132376871,0.133866261324229,0.1330948345401457,0.136263208333471,0.13549886069018297,0.1223,0.139790517,0.14234356670831752,0.142354356,0.143581104,0.14517417,0.14605743410730782,0.146733963,0.14563530516766213,0.148530248,0.149246634,0.149693594,0.150659128,0.151743298,0.152131491,0.152731105,0.153840932,0.1649336220940587,0.17309133015909198,0.155366111,0.155436488,0.155606268,0.156365026,0.15617745,0.1648341811183538,0.156158634,0.1529287100975273,0.157279822,0.16389965850515886,0.15884618,0.159650104,0.159381696,0.160224805,0.159987943,0.16940449420234188,0.1473,0.173638459,0.160650278,0.160822878,0.15983101278117295,0.161067692,0.160788048,0.160695292,0.161430448,0.1594485735714784,0.15223562803994936,0.25080752465249845,0.162403378,0.16794576686396526,0.16103766677736836,0.160228503,0.17422714982023385,0.159688623,0.159465624,0.159587087,0.15513929958132827,39.06
253,1494990714.0,44.1,0.177117216,0.12016120875257369,0.038074949,0.037,0.103651562,0.10204615942042386,0.10421310825002225,0.103768589,0.105448466,0.107158302,0.109551537,0.11784733704637124,0.1264,0.11503170553268105,0.121579135,0.124789137,0.127511058,0.130362255,0.133813616,0.13057129629170683,0.140517816,0.14521698459082721,0.147199853,0.1565417444584316,0.155619725,0.159631656,0.1593188677858619,0.17116449089962618,0.0767,0.17391795,0.176876286,0.179601654,0.183477298,0.18362605550595817,0.146020601,0.15311124068417742,0.193446768,0.196944991,0.19023405199290416,0.150267749,0.15579093812623457,0.205079858,0.1996890249902351,0.21095448870411995,0.210120662,0.211436236,0.214338529,0.216067356,0.22597472132736054,0.22053999365464608,0.161722917,0.16781539068648252,0.224534489,0.226191792,0.228237844,0.22425622128599662,0.154069532,0.14374313599313054,0.2594281020793115,0.2389172392911597,0.24988274416912631,0.204808069,0.20406106745375316,0.24267825,0.2512545139095125,0.247913847,0.249820412,0.252144646,0.254509328,0.25566065,0.24918527555096848,0.2636272700956267,0.1258,0.261423806,0.264256761,0.274899917,0.291,0.2712630148644416,0.2766553150383271,0.272266886,0.272026797,0.286067892,0.274078698,0.27003580866582577,0.2501348226684808,0.19134731282713757,0.1987785671831931,0.29147641319431283,0.28925725181719353,0.282556070651775,0.2194369961152765,0.286944145290309,0.28201313744581447,0.280669707,0.282148783,0.2960718510515865,0.282485507,0.2782862113623935,0.29008801841891757,0.282987775,0.28338694,0.28497290700812633,0.283968319,0.283557489,0.2754593699705868,0.2994,0.2998,0.2906506651316662,0.28437144,0.285115649,0.284306445,0.284073043,0.284556683,0.284553434,0.284814464,0.2873794534553318,0.28492630522165674,0.1488,0.1471,0.28626231,0.285919283,0.2832527329620676,0.285581515,0.285560394,0.285852994,25.93
22,1495849730.0,34.9,0.078419965,0.056983085,0.049075715,0.047790441,0.047060487,0.047264426,0.046871044,0.047412724,0.048213814,0.048145341,0.050112283,0.050855208,0.052316506,0.053692163,0.055102971,0.056473982,0.05666902335028297,0.075912629,0.061787235,0.063431525,0.065284378,0.0670168,0.068570862,0.07251082574907451,0.072144347,0.0708,0.076363162,0.078019155,0.08021673,0.082158432,0.08331637623510145,0.106334344,0.087398971,0.088900556,0.08652237296725107,0.09174816,0.09345037806885831,0.094392523,0.095385457,0.096484175,0.097822007,0.098663391,0.099818351,0.100552425,0.10176523,0.10277855,0.103407762,0.105221144,0.10621484,0.107057273,0.108293282,0.109012345,0.110583049,0.111805264,0.113019051,0.114065927,0.116286108,0.11744244,0.12847664409566886,0.1111,0.120596141,0.122249445,0.123580482,0.125138948,0.126520935,0.150313891,0.129025597,0.130594357,0.131779133,0.132976302,0.134315748,0.135818609,0.136678857,0.138259955,0.155267539,0.141044609,0.14189878,0.142663316,0.142969322,0.143505353,0.14405676,0.15041380167427937,0.145863153,0.147363092,0.148148683,0.148340067,0.148784671,0.149297076,0.149599103,0.149579819,0.150096473,0.150438141,0.15035839,0.150689236,0.151274532,0.151302821,0.151841082,0.15893088475908848,0.1491153078258302,0.15238644,0.14888184646380295,0.152737982,0.153244511,0.16266360591977266,0.152033967,0.15217869722157598,0.154440338,0.21071382934043406,0.20183903016858362,0.15501223,0.155003771,0.155237223,0.155180211,0.155616763,0.156049394,0.16290795796572188,0.16208285750961446,0.158590091,0.161662679,0.15746978168074832,0.190273035,0.181423159,0.158635525,0.158813041,0.158765257,32.52
314,1495631669.0,38.5,0.08743278241060737,0.064379169,0.057592721,0.055327149,0.054919411,0.054380079,0.053839036,0.054707836,0.054840933,0.056454379,0.057267989,0.057743115,0.058983988,0.061142693,0.062700893,0.064312989,0.065870247,0.06821428,0.069863417,0.071873397,0.073344019,0.075199969,0.068205986,0.079522006,0.081032821,0.083208592,0.085225473,0.087482713,0.089555431,0.09146606,0.093603353,0.096101784,0.097762178,0.099096995,0.100563194,0.102450877,0.103309518,0.105426378,0.09731546670321849,0.107511267,0.10950225306706711,0.109034337,0.110224839,0.111740488,0.111878998,0.112960196,0.114228033,0.115502323,0.139735676,0.117765975,0.119014785,0.12026988,0.121608135,0.12277705,0.124245313,0.125453998,0.12671401,0.128540196,0.2608,0.130610188,0.132239517,0.1443975936274138,0.135375582,0.136560746,0.137446448,0.139157219,0.140336004,0.14395279536119987,0.14288042,0.144097385,0.145521546,0.146869754,0.148233711,0.149917205,0.1519827208409034,0.151763702,0.153091857,0.154048696,0.154611495,0.15595018,0.156954747,0.157698283,0.157991089,0.158717101,0.159428948,0.160445053,0.161485928,0.161746757,0.162037473,0.162694516,0.162672136,0.163151727,0.163090129,0.191835648,0.18804024282662804,0.163364604,0.164104336,0.164318357,0.164719286,0.1644406759997312,0.164898746,0.164814139,0.14928444359813253,0.165659087,0.16712505923745924,0.166720378,0.167215126,0.167158576,0.167840914,0.168735173,0.169235744,0.1580713831257173,0.1488,0.169257444,0.16204742292945387,0.169084793,0.169668211,0.17424171106719358,0.170726594,0.171638117,0.172868889,0.173867488,0.174296301,0.174346562,0.173097349,32.6
460,1495022299.0,39.5,0.109528734,0.073039981,0.065596455,0.061353211,0.060681169,0.061063654,0.060385234,0.060934637,0.060950654,0.062619245,0.063229929,0.06484819,0.066063906,0.068345885,0.05503868,0.072211741,0.073732241,0.07365696,0.078332379,0.080377007,0.083185977,0.085238175,0.086703971,0.089573983,0.091429348,0.093786987,0.096531439,0.099095913,0.100932563,0.10354603,0.10609766,0.108702214,0.110671797,0.112908296,0.114053382,0.116594103,0.118215638,0.119458642,0.120204313,0.122073307,0.123601313,0.12483412,0.126677661,0.127443801,0.128790857,0.129866194,0.130649593,0.136834258,0.13372271,0.13507755,0.136470824,0.13785736,0.139052653,0.139478019,0.141550373,0.143781892,0.146132061,0.147446969,0.148464437,0.149772862,0.151243576,0.152917195,0.154863538,0.156258955,0.158134616,0.160319985,0.16221837,0.163943898,0.165290837,0.16706561,0.168553561,0.170072328,0.171756282,0.173221098,0.17437833,0.176109433,0.176732971,0.177706736,0.208100745,0.17962336,0.180982749,0.18206468,0.182951415,0.182996918,0.183718142,0.184096311,0.184571429,0.185353495,0.186034434,0.186999325,0.187426956,0.187675949,0.188324848,0.188065287,0.188638908,0.188456054,0.187913002,0.185328113,0.188772588,0.1890703,0.189951951,0.190909066,0.191066833,0.191347413,0.19197242,0.192166967,0.192738356,0.192528592,0.192941216,0.192988569,0.193667421,0.194693514,0.195687433,0.196043698,0.19631822,0.196348382,0.1954065,0.196004264,0.196701406,0.197555296,0.199148595,0.199737844,0.200183388,0.199768328,0.198990938,29.17
161,1495545289.0,33.5,0.079884976,0.054960523,0.04902518944109429,0.04856433,0.047241216,0.047792105,0.047843403,0.047921907,0.04854338,0.049860161,0.047183154,0.0481353652155304,0.047879082405681006,0.05,0.055425595,0.056622391,0.058269641,0.0593566312564115,0.061506194,0.063606742,0.072106574,0.066997185,0.068504475,0.070356145,0.093468283,0.09324693356128036,0.076591512,0.078106609,0.079848092,0.08261304693953167,0.083254382,0.085088998,0.086333476,0.0853,0.086,0.090906477,0.092175814,0.09895732611603077,0.094751197,0.10356513108502956,0.09664404958708804,0.0933,0.098435308,0.0945,0.100258871,0.101213411,0.10228881,0.1001606225435246,0.0988,0.105384237,0.10439077138469108,0.10986987158300915,0.11102640433226826,0.109619795,0.111393215,0.112564326,0.11404669,0.132035984,0.116105274,0.1111,0.1119,0.169874295,0.16763864185013155,0.122264647,0.12228261533312076,0.124949142,0.12387781297095841,0.127929812,0.12666773872938253,0.130692078,0.147209577,0.132516812,0.13409346,0.134961996,0.13608837730851467,0.137660424,0.138615546,0.13726404816162868,0.139895801,0.140043405,0.140788669,0.14688214450093126,0.142879708,0.143301761,0.1378,0.145529404,0.146390831,0.146802388,0.14989873863313213,0.147084156,0.1415,0.2062106131883532,0.1467537731665185,0.148125145,0.15072713238211338,0.148163255,0.143,0.148584273,0.14547984283181714,0.2991,0.147805164,0.148383814,0.1462,0.15831966013557722,0.149910605,0.150570633,0.15209084843613624,0.151150307,0.15168673972499536,0.1484,0.156374527,0.1488,0.1561251784978686,0.15388726299231303,0.215004557,0.21989730535196347,0.152081895,0.152315671,0.1471,0.1454,0.1427,0.15250453,0.151848512,0.15152719505969772,0.147457291923493,34.9
277,1495622807.0,34.0,0.094224399,0.067469781,0.060783511,0.057487959,0.05784496,0.057160169,0.056964945,0.057646478,0.059074952,0.060195248,0.060854128,0.062003731,0.062909958,0.06545078,0.066344927,0.06797513,0.06996661,0.071424059,0.073890291,0.074922325,0.077189226,0.079474141,0.081881837,0.083699116,0.085821667,0.087771766,0.089814044,0.09182283,0.093547161,0.095945374,0.097702758,0.117702184,0.101227075,0.102753739,0.104852197,0.106403043,0.10723489,0.108596617,0.110424094,0.111453019,0.112146474,0.113750522,0.114178347,0.115315277,0.116126353,0.117035689,0.118376299,0.135647031,0.120445333,0.121521792,0.122987594,0.124642031,0.125638426,0.126430273,0.128706803,0.129968449,0.131183988,0.132942664,0.134135418,0.136031929,0.137233913,0.134548179,0.138305274,0.139953212,0.14197124,0.143741609,0.145220713,0.146414337,0.147594905,0.149260583,0.15090861,0.152074019,0.153236925,0.154870383,0.155829864,0.15671449,0.157931565,0.157826087,0.15829956,0.159785415,0.160081348,0.160955358,0.161897012,0.162533124,0.163810092,0.16438574,0.181429572,0.165373467,0.164688093,0.164975845,0.16515971,0.165900249,0.166725741,0.167386664,0.16720771,0.167345872,0.167508242,0.168018398,0.168845177,0.169366177,0.169837737,0.169973705,0.170348819,0.170588114,0.170706534,0.170834641,0.171176011,0.171271571,0.171845511,0.172096478,0.172408911,0.172065618,0.171342491,0.170866964,0.170810297,0.170337966,0.170028313,0.169788798,0.169519177,0.168675253,0.168432116,0.167367739,0.166367993,0.165241862,0.163823161,36.19
192,1495377584.9269793,33.7,0.09655460180541957,0.07005277,0.066738468,0.063525279,0.063408379,0.063027874,0.063725778,0.064015819,0.064920392,0.065700296,0.06616567,0.068248991,0.069075646,0.07038136,0.072320617,0.07726115573192734,0.074855798,0.076035661,0.078436861,0.07978349,0.0799043071585666,0.08328561,0.085132735,0.0865197,0.088303248,0.08758180683075664,0.091882556,0.093963431,0.09611808591775617,0.096642623,0.098946835,0.10472951059303028,0.12275604,0.1206718984864653,0.10481264,0.11033015102670427,0.11176763453482316,0.107801702,0.108656863,0.11569876793981719,0.111437242,0.11136541,0.111946544,0.10818684652190759,0.113434602,0.096,0.0972,0.114948932,0.116700243,0.11533734377496535,0.147843383,0.118804957,0.119730424,0.120789114,0.122053574,0.122888423,0.123309315,0.125000961,0.126093558,0.11582671438710071,0.127124861,0.24407150410411552,0.128531999,0.13294121841744497,0.13371801508604,0.132378742,0.13155728668444433,0.134750423,0.135483871,0.13895532938402338,0.13628726,0.13845957822015284,0.138412244,0.14795188232170126,0.14989398280983512,0.141662632,0.156821077,0.142634285,0.142982948,0.14191958249934972,0.143698179,0.144634366,0.14876949699292305,0.146545864,0.1378,0.148244287,0.15988333095609517,0.149497805,0.149090829,0.14356037831592333,0.1415,0.148988838,0.14775843461959187,0.148807292,0.14920567,0.14502913133045642,0.148929469,0.15627086677089322,0.1537716595041111,0.2844615109516597,0.15052386,0.150829694,0.1462,0.151929567,0.15300993,0.15411084,0.15592033622573792,0.154765992,0.154168617,0.14966724846913043,0.15375707,0.152782058,0.152827306,0.1517647,0.152030441,0.151559324,0.15064186,0.149961086,0.149274029,0.148993968,0.147173643,0.14450508416057864,0.14201336233658018,0.142674328,0.13901948741567657,34.33
386,1495625536.0,35.8,0.093504179,0.064341233,0.058636481,0.055387191,0.054677041,0.05479088,0.05407415,0.055575829,0.064111706,0.056977749,0.057639153,0.058997486,0.060124879,0.061443188,0.082409004,0.064152855,0.066687525,0.068905691,0.069918883,0.07386556151228037,0.073761453,0.076111803,0.077740879,0.08231083644856858,0.081610132,0.083653961,0.085735017,0.087701093,0.089952827,0.09200459,0.09250966474509768,0.09829357626786143,0.096971191,0.092043962,0.100421245,0.101984577,0.10326087,0.104685415,0.106471031,0.107073748,0.107687143,0.109353137,0.110093218,0.111246868,0.1269040626868579,0.112803193,0.114260984,0.115290219,0.116786797,0.117639924,0.118665067,0.119736864,0.1232249735969633,0.11521868645310715,0.124300871,0.125391283,0.1280234775449537,0.128126059,0.129566671,0.131078129,0.131864105,0.133617795,0.135063718,0.136419482,0.1166,0.11959472527306873,0.1192,0.142406396,0.14067941159587727,0.144340904,0.14563261,0.147041629,0.13543462974786416,0.2423215032418583,0.150783609,0.151919033,0.153200271,0.154359097,0.154769176,0.155032305,0.155665115,0.156420011,0.157378804,0.158456454,0.2982,0.159849803,0.160289435,0.1682784779229966,0.16327807733410415,0.160730046,0.160710521,0.161027687,0.161565706,0.169808968,0.162610694,0.2996,0.164393747,0.164763725,0.16496688,0.165487032,0.166006951,0.165931793,0.16631921,0.166221667,0.166260547,0.166690427,0.167250463,0.1670574101002921,0.15089729117827344,0.168378343,0.168434089,0.168797578,0.1687124,0.16708196461378164,0.1598712949359743,0.169897109,0.1689805926597684,0.1736457983045444,0.1471,0.168245632,0.168485367,0.16581711671818739,0.169076117,0.169942197,0.170802631,34.77
414,1496324071.0,32.3,0.100947382,0.07349711,0.074173945,0.062851632,0.067448286,0.062613247,0.062966031,0.041359102,0.064155915,0.06611168,0.065967485,0.06739918,0.06913501,0.070384064,0.07293007,0.075020953,0.076283809,0.079185537,0.081864446,0.082785076,0.085322765,0.087248322,0.089448963,0.09177682,0.09357359782590939,0.096183427,0.098025836,0.100589365,0.102825145,0.105342949,0.107518965,0.109448268,0.111560989,0.114181044,0.115198336,0.116851505,0.118127781,0.120069122,0.12132073,0.122207084,0.124291024,0.125435089,0.125999397,0.12350074948867762,0.119681704,0.11820955934196269,0.130391756,0.13177650259236143,0.13960456247098263,0.13429074,0.135014847,0.135859559,0.136904974,0.138797931,0.14031124,0.141872837,0.143428124,0.1323575054290866,0.16095391016238447,0.148008765,0.149258447,0.150404487,0.151254163,0.152656936,0.154350316,0.155770641,0.1557359064592663,0.158505816,0.159459175,0.160881847,0.162399978,0.163248484,0.164245693,0.166006232,0.167842197,0.169239983,0.16998614,0.17096217,0.172499392,0.17414949,0.174610963,0.175066461,0.175657505,0.176934097,0.177697555,0.179030472,0.18766411699437452,0.179666674,0.180040215,0.180705796,0.180557313,0.180534155,0.180907745,0.181291807,0.181498987,0.18171903815170412,0.181911727,0.181456803,0.181655214,0.181704894,0.182748465,0.182908546,0.184112769,0.184966551,0.185395977,0.18638497,0.186623462,0.1873245153374046,0.186755087,0.1888087912564129,0.1865166,0.186248658,0.185981848,0.18631407,0.18662262,0.163550019,0.186123659,0.186249506,0.1820267379715239,0.18649192,0.186750966,0.203426312,0.186148798,0.18658267,0.186407099,31.5
492,1495018582.0,36.8,0.143014478,0.0989499437576125,0.08538878291600789,0.08859746682314258,0.059721141,0.058991168,0.059243381,0.059621939,0.060665235,0.084138672,0.090751397,0.063920308,0.064924019,0.067029195,0.067927436,0.070739047,0.07312873976516722,0.074344071,0.077066056,0.07936516,0.081407552,0.082807363,0.086102427,0.088247348,0.090103781,0.08955667198220092,0.094379591,0.097061655,0.098251603,0.1009364,0.103836738,0.106144713,0.097336909,0.109319228,0.11150794,0.113680692,0.115291848,0.116387245,0.118269545,0.119526144,0.121329841,0.122817164,0.123440445,0.124605142,0.125179992,0.126831691,0.128020016,0.129086158,0.130453566,0.132389026,0.133466694,0.13925686576008758,0.136396161,0.137958537,0.139162775,0.141487154,0.2546,0.14490531,0.145549378,0.13378775451196417,0.13286298902110313,0.14994247,0.151474482,0.153922676,0.154860978,0.156297795,0.158496487,0.160526377,0.162249058,0.164300098,0.16427340561059786,0.167515616,0.169247031,0.170256257,0.171691572,0.172665085,0.162329859,0.174715931,0.17354245235752877,0.17084989043694015,0.1781233,0.178753177,0.179322648,0.180803618,0.16927394205146928,0.144336367,0.183200034,0.183173095,0.184562159,0.184663252,0.17285483705110286,0.185652781,0.185323983,0.186044366,0.2146033914458487,0.187327654,0.187627906,0.187255735,0.18719619768431514,0.187982732,0.18772766208097272,0.190425051,0.191913115,0.191773693,0.191999303,0.19216309,0.192043118,0.192504858,0.192533016,0.192812592,0.193292585,0.193244217,0.193826812,0.19340843965694482,0.194669109,0.194705254,0.1934642549725961,0.195243644,0.195421596,0.195952693,0.186576953,0.197393881,0.196303739,0.196932619,0.196818083,30.36
344,1496735468.0,44.59908767367051,0.139016624,0.09646335336697684,0.078975022,0.076401517,0.074019258,0.075864698440166,0.073795585,0.07084011765887592,0.0750772709507399,0.07426428863181993,0.0432,0.0455,0.113668478,0.1127593756065661,0.086032352,0.08880597,0.091312857,0.093294657,0.09595099,0.09696871393161438,0.10018967832487831,0.10713597,0.106618613,0.1131725133873511,0.11380886031886797,0.115073418,0.118303186,0.120523374,0.124739546,0.126699466,0.129580151,0.132960962,0.134646333,0.136860864,0.139201456,0.14603177238356654,0.19561147915023597,0.2142,0.2168,0.2193,0.098333704,0.0933,0.14756504377148677,0.154121499,0.16632817689384438,0.156641221,0.15599064327697795,0.1605753107149202,0.1691137859734503,0.16579783276371823,0.22715688481055854,0.165158893,0.16705176,0.168632879,0.17004131,0.171705167,0.17601441792870254,0.176177373,0.177458942,0.179486827,0.180692531,0.19121131546702103,0.184352379,0.18504237,0.18952221220501914,0.188905729,0.190572711,0.192489785,0.195029375,0.197465146,0.198437802,0.199813862,0.1898115696923505,0.1275,0.1294,0.206632554,0.2207136271940123,0.1989262852970661,0.210783517,0.211622707,0.20486690714592498,0.2958,0.215143851,0.216639473,0.217240996,0.21839750429090757,0.2998,0.218703819,0.219245609,0.21312919530347668,0.219038538,0.2264852186009203,0.217797132,0.22273910004618144,0.21121290481050778,0.21547837218858062,0.221032472,0.22214338656761687,0.28309413733759436,0.2991,0.222860582,0.22738515490787573,0.20736924,0.225834992,0.2224194065765959,0.225809556,0.225252182,0.22773603517565746,0.225978885,0.23592282256132951,0.225540328,0.21790046868614144,0.225344131,0.2264468365774427,0.21796686403527304,0.225794032,0.225303373,0.22245697984069013,0.22354619148616814,0.187858887,0.2063963702771243,0.224531536,0.225181691,0.22565631,0.21811089781024853,26.86
309,1496928991.0,38.8,0.094691642,0.06889404385584948,0.057423628,0.054684062,0.052466436902670624,0.053838256,0.055912739,0.053745947,0.05230053773607968,0.056190808,0.056986789,0.057361096,0.058763693,0.060419569,0.062190197,0.063860668,0.065590064,0.06737668,0.069711312,0.071627786,0.07332752,0.07743749602822673,0.07691536,0.079174633,0.080834798,0.083058092,0.085250239,0.08347701955262972,0.088623576,0.09170644042126735,0.093024898,0.09504422,0.096825191,0.098654642,0.099891913,0.101079853,0.102919133,0.104709475,0.105423544,0.11287747778502093,0.107512239,0.108584183,0.10668475788093061,0.22710000000000002,0.111432366,0.112448843,0.113873312,0.0979,0.115819027,0.117000428,0.117920263,0.119504221,0.120544211,0.1120963893338095,0.123168517,0.124621088,0.131944019,0.12007024260741024,0.120754942,0.130245489,0.131115219,0.132625325,0.148467416,0.13562849,0.13659628223657536,0.137889443,0.139607421,0.14317909403899157,0.142962722,0.14371638,0.144813047,0.14791194170948405,0.147653025,0.148722396,0.149830481,0.151240444,0.152810152,0.15368721,0.154600275,0.155485701,0.156220433,0.156910385,0.157195396,0.158185023,0.159351907,0.159862436,0.1703672967845942,0.160773413,0.161502331,0.161800081,0.162161845,0.162741854,0.162302651,0.162850455,0.162319342,0.15992817077457439,0.154716969,0.1615582638620177,0.164732417,0.164783756,0.164376018,0.164963846,0.165278423,0.165555688,0.166031448,0.16617687216059923,0.166134645,0.166595746,0.167633978,0.16584129259626984,0.168932935,0.169045082,0.17560974938149776,0.169473409,0.169343043,0.17575834022811615,0.1496,0.168766676,0.1619790110662107,0.169683832,0.170875479,0.1682072633229544,0.171201009,0.170530858,0.16556997697133347,32.74
662,1495805650.0,40.4,0.08265405828366326,0.061406892,0.052937557,0.0508487330063193,0.04874906208997688,0.061320589,0.048592194,0.048523776,0.04878568,0.049545694,0.050372911,0.051246122,0.05242362,0.054232741,0.05594649650247414,0.057250297,0.059004272,0.06011048859648048,0.062555551,0.06415755,0.066172062,0.067640413,0.069195281,0.076609408,0.072697605,0.0747458,0.076844881,0.079562236,0.08199062809405094,0.083060757,0.084713864,0.086468853,0.088458864,0.090289071,0.0880951121859033,0.093289259,0.094118168,0.095005459,0.096865933,0.097514435,0.09850336,0.09960419,0.100361809,0.101174961,0.102898077,0.10437514081383197,0.104649368,0.105597054,0.106285604,0.107582955,0.108320419,0.109717532,0.110958245,0.112047717,0.11332487,0.114915511,0.116230017,0.117807359,0.118641187,0.119741333,0.120907426,0.122071758,0.123137987,0.123664752,0.126263508,0.127776333,0.1268000885938054,0.26506095677484764,0.131706497,0.133135567,0.134747451,0.136317079,0.137427199,0.1275,0.139583912,0.140824759,0.142195069,0.142947279,0.143225329,0.143963933,0.14629509290421808,0.145566363,0.146924784,0.1469389299875643,0.148715131,0.148946716,0.149413872,0.149762389,0.150243687,0.14470360714815164,0.150892225,0.151125798,0.151036912,0.151470909,0.151814697,0.152070315,0.152101887,0.15916915337219442,0.152490641,0.152562508,0.14907398740545172,0.153121206,0.153434569,0.153714711,0.1473,0.153894603,0.1556864298606129,0.15495967156216411,0.154244921,0.154380876,0.1658354734349029,0.15445826561173684,0.156567553,0.157466036,0.158219502,0.159143003,0.15836714696359264,0.159298302,0.159704265,0.159889746,0.17383274529026732,0.160513445,0.160373503,0.159820489,0.159282522,30.44
131,1495540933.0,33.0,0.080641036,0.06015482980195762,0.052900069,0.051802423,0.04967342168662896,0.051475194,0.0509205479608176,0.1147,0.073710378,0.053395323,0.054177472,0.05595323183220928,0.05679809524722776,0.057947655,0.05936633765863983,0.060486659,0.06129904259551798,0.0576,0.065489428,0.06993447848471056,0.1289174443492218,0.1335148891330868,0.072685976,0.07690865415327898,0.07951183159798676,0.07844113,0.08040783,0.07807045002265281,0.084229001,0.0871526631412907,0.087761922,0.089775766,0.091047298,0.092576763,0.09068632864996526,0.095482762,0.09713177381025094,0.1045481560041014,0.099145156,0.100097087,0.10143109,0.102355162,0.10311045,0.09855783481010369,0.105769034,0.10674161503983011,0.10310271483753516,0.0979,0.109398757,0.10830792860852331,0.10726339003138163,0.112702948,0.1162447025424684,0.1070887311075445,0.11651961,0.12748484972882568,0.12061698257628445,0.1093,0.121852938,0.122891713,0.12073459219227109,0.125139709,0.126887894,0.128180236,0.129464947,0.130567376,0.12968500048027426,0.133414138,0.1319759372522669,0.1223,0.136648251,0.13885980146621532,0.1270040078251429,0.139603747,0.141113039,0.14224685556560857,0.143741717,0.14254986864829194,0.144826023,0.145679008,0.146746716,0.15332069820910377,0.147997543,0.149108626,0.1378,0.14601227019013502,0.150869451,0.15851638390305883,0.152057172,0.152596708,0.1415,0.152774295,0.153109889,0.16195154905590392,0.2545207503246977,0.2646823860266332,0.27439986214281115,0.1436,0.15121898611677514,0.1449,0.1458,0.154994896,0.155068268,0.16448667497297195,0.1925418891215148,0.155733026,0.155744866,0.155773587,0.15557952632073754,0.2496575871350938,0.156713601,0.157321759,0.157739357,0.15557934441757487,0.157596343,0.157916824,0.15715700599694316,0.16339908762156216,0.14910169408986534,0.156802724,0.17023861893743522,0.16757039403973634,0.156060955,0.1557234605385956,0.155024649,36.25
664,1493318550.0,40.4,0.089759216,0.06582616716647526,0.053047539,0.05027668,0.049163717,0.048869939,0.048530046,0.045976571518133745,0.049212812,0.049820538,0.050664674,0.051574185,0.053231558,0.076020844,0.055710361,0.058008864,0.058859423,0.06081031,0.06272891818597473,0.064411025,0.066158916,0.067986031,0.069753473,0.071804314,0.07468433379340468,0.079550267,0.08388002870028512,0.079607228,0.081441936,0.08380116,0.084959911,0.087263214,0.09109077005563637,0.090137132,0.092059007,0.09708964352303262,0.094718808,0.096065244,0.097298285,0.10578763814288548,0.099663665,0.100572596,0.100945814,0.102611185,0.10325076,0.121699604,0.105204689,0.105961756,0.11315301198973733,0.108223051,0.109349525,0.110693061,0.111812487,0.112848725,0.114123189,0.115219751,0.116227009,0.117962387,0.119479451,0.120545881,0.121573829,0.12272064,0.124616539,0.125931456,0.12621003969934455,0.128753451,0.130178998,0.13122747,0.132616794,0.134223697,0.128717171,0.136607393,0.138000157,0.139327487,0.140794513,0.141916567,0.142767469,0.143643044,0.144626137,0.145193456,0.145732901,0.146342116,0.146878738,0.147947277,0.149983637,0.14620717777195447,0.150530125,0.151119196,0.151040287,0.151638063,0.151798404,0.152107569,0.162004569,0.152784709,0.153143521,0.153318231,0.15326316,0.153055044,0.152791194,0.15357023034197284,0.153317882,0.154349536,0.154589332,0.154383267,0.154398292,0.154517734,0.155117151,0.15436411923816384,0.155526345,0.15129809613705802,0.156615187,0.1488,0.158400914,0.2551221368313481,0.158611406,0.16538454160057198,0.1645270482141248,0.2994,0.159918029,0.159417999,0.1732835045253588,0.1428,0.159617046,0.160125535,0.15565250269744738,30.31
100,1494997886.6805036,46.5,0.12026871382519694,0.084802504,0.076176874,0.073839332,0.073301994,0.039099999999999996,0.067388556,0.06453502908876574,0.1166,0.076433995,0.078307253,0.104681915,0.082098727,0.084082587,0.08342539153369362,0.09246321312415462,0.09819512493434943,0.094686425,0.068663951,0.07275182587528796,0.102082752,0.10644488302439242,0.14921904758097582,0.15869966068671382,0.11336111,0.116510955,0.119375867,0.12157842332420837,0.124874657,0.1292707894271196,0.130431987,0.133471074,0.136313316,0.152601874,0.140715222,0.14760332694231879,0.1485097856620174,0.16250781170113954,0.149835369,0.152289608,0.1579798271579618,0.1489668008022869,0.162804832,0.1636089652538152,0.163264805,0.164813474,0.166581076,0.17248957232423123,0.1813219512280613,0.175289005,0.178520796,0.181058789,0.18407922009115055,0.2464,0.166867455,0.1710966205306972,0.19782323493391263,0.201219486,0.2233435810924005,0.205165692,0.21231385654284513,0.204754513,0.20400522924326872,0.2058632,0.2118228651888543,0.129677158,0.12876484249999642,0.274,0.2680469266512973,0.208684732,0.208195681,0.208532893,0.19879573045471796,0.19563218232452334,0.2005684379760724,0.1306,0.215655626,0.21670346466922832,0.21298971,0.211852028,0.211150443,0.211193649,0.2185229511422822,0.212230658,0.212314225,0.212594361,0.21340684,0.22332497287512304,0.214550636,0.20847343674506477,0.2704900593473877,0.2911817408158664,0.28613706090447655,0.28695913355344976,0.215389939,0.215309655,0.21878887016589404,0.214850015,0.214395354,0.2097120402451704,0.213167478,0.21323972,0.213327172,0.22272360289467794,0.21956041791831343,0.213027267,0.21965099881226458,0.213219364,0.21360739,0.2210626857964344,0.214463525,0.20613029035709163,0.214176163,0.21457076,0.214227142,0.214660589,0.214333707,0.213998838,0.22555927,0.214814297,0.209828945,0.215000567,0.21495416,0.2143904913051018,0.20737327178163628,27.71
373,1495026494.0,41.4,0.07357443790736781,0.055759538,0.066179263,0.063984169,0.06148052241505284,0.062445718,0.061563782,0.061814482,0.062765574,0.063435425,0.064627057,0.06763320716785294,0.07012319467848531,0.069925912,0.07039317065335511,0.07521189397348117,0.07828972520411707,0.077246943,0.07762072438144978,0.082649732,0.083816723,0.087376373,0.08938785284695401,0.09475797458548554,0.0694,0.0708,0.09912171,0.09896457387622323,0.104165833,0.106516567,0.108815295,0.111155431,0.112719124,0.1102658956026736,0.116670159,0.18165761109200712,0.12043230132447824,0.122471984,0.141094501,0.1252085,0.12866149177046898,0.127376546,0.0938,0.0945,0.14166478985411965,0.13632979105622334,0.133551615,0.134621578,0.136332448,0.137741134,0.139270744,0.14512301094867286,0.14393412017005106,0.13933872929521116,0.144118901,0.145873128,0.14924698370444972,0.13678423813188623,0.150694681,0.13853774673216257,0.153902578,0.154887372,0.157129985,0.15878614514923778,0.159675194,0.161154452,0.162275702,0.141002066,0.165769076,0.16764779,0.168911598,0.170539093,0.172675775,0.174029878,0.1776095849085439,0.176491738255982,0.17712007,0.17696775718507293,0.179224271,0.180079056,0.1775597486260672,0.181732821,0.1876483019201721,0.183515936,0.18460478,0.1833675964204085,0.19157784406204353,0.20070320295415817,0.186414155,0.18057196378252718,0.16819166410282727,0.17599691349278582,0.3009,0.142,0.186788634,0.187370709,0.18731982906684289,0.187870665,0.188411501,0.187947469,0.18768917998300286,0.188794221,0.188655852,0.188776067,0.188738533,0.16787314,0.17080719448200246,0.249294117,0.2343235058354341,0.191267603,0.191976272,0.192508064,0.193090586,0.1926366821730297,0.19433828,0.195379469,0.196564216,0.197208304,0.197369337,0.196425879,0.21637065996851682,0.196405095,0.196556915,0.196543883,0.196531759,27.98
88,1495539266.0,33.584470137846324,0.11467827878730942,0.081325358,0.07081952374833257,0.1131,0.052627712,0.05696431435574276,0.062512057,0.062561727,0.063131304,0.0631637959124604,0.0659353387274738,0.065366972,0.065780399,0.06564259892498514,0.068741074,0.07345538412361124,0.07283834276745645,0.073105655,0.075004018,0.07601503,0.07545603170230271,0.07958467267679498,0.081756011,0.083311523,0.085210353,0.087491892,0.09136125471214905,0.091181715,0.092797541,0.095045489,0.09534893076507817,0.098473198,0.099747434,0.101571274,0.10087420577214176,0.104786054,0.105387119,0.1066391,0.109101236,0.11141298,0.113249726,0.115213157,0.116958783,0.118905878,0.096237564,0.122385009,0.123888283,0.12446008024045396,0.129032996,0.1272105488981668,0.1205117369503266,0.12616330885322594,0.13842204966568902,0.1329187942078481,0.14658860958196568,0.144645475,0.148124303,0.150770539,0.151907723,0.139657591387137,0.1119,0.150968821,0.14792753877073903,0.151353011,0.15343841034376557,0.15339609,0.15328149411057573,0.155124219,0.150988121,0.171590699,0.17104939973877625,0.1526668620844003,0.149324519,0.150485452,0.151972578,0.15243641268310765,0.291,0.150117673,0.148663239,0.148219839,0.148641169,0.149125371,0.149808174,0.150270398,0.13804012115770484,0.152209292,0.1634612655246592,0.17156550131889955,0.154818265,0.154791911,0.1415,0.154883084,0.15349456946396867,0.1635397523565255,0.154808266,0.154787376,0.1506195811290334,0.155732759,0.155699246,0.155956442,0.15277774774040015,0.157566958,0.146508348,0.15592998389523438,0.16091662518391758,0.159555339,0.159835497,0.159957176,0.160303451,0.160795305,0.161620047,0.162309423,0.162824974,0.163567404,0.164540793,0.17111621764615367,0.16577922,0.17087138303035404,0.171494536,0.166786807,0.166885403,0.167420433,0.167867455,0.176144549,0.168640622,37.01
459,1495022179.0,39.2,0.106342521,0.072714895,0.063306802,0.061447273,0.060234515,0.059669619,0.05955597512178489,0.053127265,0.05160382432000634,0.061897567,0.063263733,0.064096386,0.065828508,0.06735868,0.069413817,0.071648703,0.073496225,0.07576841,0.0589,0.080381247,0.082965095,0.084865699,0.08674152080322162,0.088935329,0.091444101,0.094148036,0.09763152277838386,0.098972961,0.101377813,0.103497141,0.105334636,0.10789686,0.11030306,0.112418372,0.149155936,0.115421672,0.1179244,0.119231407,0.120233879,0.12189391,0.123671976,0.124881803,0.12565243,0.126694568,0.128081176,0.129487019,0.130728502,0.131730001,0.13955691376703716,0.134720632,0.136409833,0.137537017,0.1408893717432421,0.13579249612529878,0.141627373,0.143449948,0.151933064,0.146683823,0.148064549,0.149194929,0.150875256,0.152796607,0.153798931,0.156319501,0.157723661,0.159254888,0.1192,0.12150792052744672,0.1216,0.131866666,0.13412928651963774,0.13606707771120027,0.1258,0.172943305,0.17645477894528264,0.176266883,0.176840698,0.177924177,0.17846414,0.179347708,0.179704495,0.180942027,0.182163297,0.18105310565944602,0.183472272,0.18215202501646255,0.19048093877523148,0.2996,0.185823771,0.1799865109245982,0.187272727,0.19494341799743203,0.19248029854959603,0.19894850034047445,0.188449296,0.1896156004524699,0.209848856,0.188814022,0.18887718025109873,0.2991,0.190002623,0.190560844,0.191014385,0.1919263,0.190032164,0.24816107840756374,0.2576556979124681,0.26163504415462047,0.29284682802722134,0.2996,0.194741176,0.1851733802452339,0.195144825,0.19479006214331102,0.195169455,0.195573521,0.195996495,0.19705867148882314,0.196110458,0.18800531650691546,0.291707788,0.28904132176979996,0.197767369,0.197864246,0.1916218517961848,29.2
331,1495030089.0,44.3,0.129613327,0.083764187,0.073326153,0.070818818,0.069928646,0.068956922,0.06951816,0.068518897,0.069640154,0.070672271,0.071874311,0.073039771,0.075449456,0.077641867,0.079334098,0.082053371,0.084510727,0.08657675,0.089099609,0.091471695,0.093451261,0.096105965,0.098650585,0.101151724,0.104008322,0.10641896,0.109827778,0.112293448,0.115287211,0.118191489,0.121028258,0.123258959,0.124468658,0.126954232,0.128989983,0.131029194,0.133038135,0.134583822,0.135764865,0.137773327,0.138725463,0.140596961,0.141403109,0.142953779,0.144282848,0.145793285,0.147234459,0.147989529,0.150082917,0.1005303,0.152584544,0.153906123,0.154917185,0.15708845,0.15808801,0.15983565,0.184496414,0.162807934,0.164441673,0.166543035,0.168475055,0.169867348,0.171229219,0.172937632,0.174033562,0.17592029,0.177464954,0.179360924,0.180959616,0.182661597,0.184672194,0.186677557,0.187647909,0.188730764,0.190742313,0.192739546,0.194621172,0.194950544,0.19530364,0.19645803,0.197378487,0.199039498,0.199424654,0.200431968,0.200994594,0.201738094,0.202161442,0.149084414,0.20361414,0.203540608,0.203696839,0.179299052,0.204245427,0.205024327,0.205711547,0.205454368,0.205492006,0.205623468,0.206184532,0.206647179,0.207780631,0.208569809,0.209374128,0.208783767,0.208115937,0.207583916,0.208017394,0.209302198,0.210510218,0.210528642,0.210570467,0.210903241,0.210630861,0.20945247,0.209041429,0.209343556,0.210288114,0.21044843,0.211064125,0.211622537,0.212081027,0.21271487,0.212891945,0.213105669,0.213852375,27.1
215,1495015838.0,44.7,0.144427442,0.093846521,0.083107352,0.079887742,0.079236614,0.044518657,0.07776684,0.079612676,0.080235233,0.08150152,0.083493178,0.085208456,0.087854855,0.090722991,0.092670065,0.095005267,0.096953195,0.099880767,0.101865403,0.10481117,0.107969508,0.071513776,0.113948262,0.116995133,0.091729491,0.122094953,0.125584541,0.128802705,0.132434833,0.13584211,0.137543768,0.140729749,0.14294632,0.146200828,0.147683935,0.149742721,0.151872188,0.153506584,0.155980938,0.158629159,0.160322324,0.161962853,0.163060833,0.164185769,0.165921495,0.167606953,0.167731554,0.170041121,0.172087649,0.173797958,0.175044968,0.176375896,0.178594963,0.180074606,0.181499596,0.184123028,0.185571661,0.187623966,0.189149206,0.190376694,0.191792328,0.193014793,0.195008208,0.196554667,0.14888627,0.200645796,0.202569866,0.204083213,0.205444902,0.207398798,0.208950592,0.211129649,0.212547198,0.214857433,0.216573333,0.217904868,0.217905152,0.219176783,0.220072464,0.221001953,0.223020664,0.225122889,0.225313809,0.225543971,0.226078903,0.226551296,0.227406707,0.229027856,0.229800398,0.229955265,0.230313168,0.23047039,0.230277277,0.23105313,0.231061226,0.231619559,0.231297662,0.193574574,0.231403826,0.231604717,0.231457687,0.232035115,0.232765962,0.233207393,0.2341094,0.234728995,0.235600954,0.234741652,0.201383277,0.23530879,0.235931167,0.23697972,0.237787233,0.238459383,0.238727199,0.237528678,0.219914006,0.238479355,0.237698082,0.237837051,0.237457906,0.236768941,0.237048983,0.237172338,0.238514444,26.51
467,1495023139.0,39.8,0.117886351,0.078541661,0.067103313,0.065032978,0.063662874,0.062655326,0.062273852,0.062714936,0.06355831,0.064069509,0.065084985,0.065860434,0.068263534,0.1294,0.071687208,0.073287061,0.0756612,0.0772033521372244,0.080108356,0.081871641,0.08236915243814309,0.086096672,0.089046061,0.090960706,0.092328454,0.083367308,0.098346732,0.100648244,0.103117742,0.104987184,0.108059076,0.110096417,0.122441877,0.12034618279013183,0.116453076,0.11764331,0.120062315,0.2142,0.122537411,0.12781048763576333,0.124952637,0.126038986,0.127657825,0.128620295,0.129994692,0.12671035552073798,0.132425618,0.134086525,0.135238323,0.136821722,0.138171909,0.14401241995646932,0.141372506,0.141558966,0.143379831,0.15075142254717805,0.146910991,0.2581,0.2608,0.151510644,0.153077748,0.1645308127840896,0.156066273,0.165735452,0.159221389,0.160669414,0.1607994359200495,0.164874145,0.166099001,0.167627297,0.169644648,0.171075297,0.17314397,0.175026463,0.176540661,0.177249685,0.178424509,0.179684693,0.180541511,0.181924135,0.17915702297882555,0.1355,0.13919677398200264,0.186332031,0.1749292074138765,0.1384,0.188107303,0.188276865,0.18874991,0.189246044,0.1895833,0.190005553,0.18767489011082394,0.191527874,0.18777751408946503,0.192335063,0.192549055,0.19301781,0.19341196385800433,0.19058921638917511,0.265472511078679,0.26792823877055294,0.194855585,0.195641824,0.19467555264268485,0.196881081,0.197102045,0.1982867078403216,0.197751019,0.2020166576765575,0.1986816,0.199289539,0.20014944,0.20109353,0.20292194,0.210358089,0.20891235584343548,0.208216285,0.207342571,0.206206939,0.20639822,0.205376395,0.2034400229268022,0.164042739,0.15938605041101317,28.83
122,1494955431.0,43.3,0.12422217518662082,0.087261483,0.077601056,0.074352515,0.074329038,0.07613840287376199,0.07389151397749893,0.07093452033749201,0.07648156151308216,0.077572822,0.078954352,0.080988846,0.082879727,0.084940438,0.087487774,0.089864763,0.091782701,0.095096163,0.097494871,0.09833888800397486,0.103184176,0.106047461,0.10906778678730125,0.111720594,0.11243568818605763,0.117797776,0.11991021889685063,0.12217502941093049,0.08741286938297158,0.0904518735324689,0.132035042,0.13781136469303856,0.129481166,0.12764432712389365,0.141973666,0.14890981249235385,0.1497976579279483,0.0893,0.150932267,0.15339971,0.1591816370229912,0.158793486,0.161135448,0.162440508,0.16356458,0.166086562,0.168130782,0.170165173,0.17894021310626745,0.17525810371669442,0.175712882,0.18195502867602883,0.186474031,0.181825894,0.184616367,0.187056184,0.19192130541144775,0.191748372,0.193739248,0.193010964,0.19878441427992352,0.20869110302824437,0.198907516,0.20129429,0.20692922375263995,0.2013052731541487,0.20751018415000755,0.21528681221352944,0.21121929520087368,0.2761,0.156396879,0.16075469636232095,0.14956468637092996,0.214872529,0.22101701076046337,0.218381963,0.218960559,0.218838967,0.217196755,0.215954809,0.215334147,0.215449153,0.216479062,0.237993386,0.21752438,0.21870167299146936,0.2234625488762588,0.2337458796927101,0.21971621167730468,0.21359586730403407,0.22062371,0.22805921207290286,0.2247077726481517,0.220428563,0.220478877,0.191455999,0.219719793,0.219321453,0.2217866890054897,0.21644799646645563,0.219389913,0.2240829898247887,0.21066099411404515,0.220647217,0.21765247149240746,0.221753129,0.221691156,0.22401066004431647,0.21097262550823426,0.21789791381932666,0.22086138131578165,0.260578518,0.2637047110104075,0.222135673,0.221197333,0.2258835878892398,0.1686474,0.17335704254170348,0.219833079,0.195050213,0.220298149,0.21763064887937175,0.2988,0.21897399,0.218950883,27.31
615,1495799179.0,39.7,0.081650182,0.060782499733462975,0.050070224,0.047580114,0.046606068,0.045953445,0.045924107,0.045656672,0.046761779,0.047200235,0.048048717,0.047827022,0.049892489,0.051491259,0.053254726,0.054172104,0.1407,0.057781337,0.059439564,0.061021788,0.062862036,0.064739312,0.0661,0.067869709,0.069852839,0.071992041,0.073662307,0.075340224,0.077329525,0.079250755,0.081121055,0.082651862,0.083973696,0.086035229,0.087107031,0.088953058,0.0906950974259523,0.127185897,0.092567301,0.10165953368375275,0.094726852,0.095325625,0.09633518,0.096915998,0.097893802,0.098777438,0.099840186,0.100937686,0.102159918,0.103345267,0.104536818,0.11001748069211462,0.10916565064089423,0.124719104,0.108751103,0.18094885981440706,0.111374358,0.1093,0.146055701,0.13425517699629747,0.116339468,0.117746019,0.119578873,0.120923297,0.1208459300098235,0.123334672,0.1222090448103291,0.125776502,0.1272797,0.128853062,0.1313283976754046,0.131785482,0.133569887,0.134710832,0.136152591,0.137002718,0.138108949,0.138500294,0.139350297,0.1338,0.140536844,0.23140056681827967,0.142053078,0.142758197,0.143759294,0.144693102,0.145528128,0.146217371,0.145960967,0.146055161,0.146488777,0.146818962,0.14564676480947925,0.154938341795269,0.1503568558813025,0.148051028,0.14816207,0.148128125,0.14498777889502423,0.1449,0.149226759,0.149581585,0.149920373,0.150519865,0.151525246,0.151565649,0.151998656,0.1481,0.152500975813158,0.1484,0.153246138,0.15334806,0.154221539,0.15189175070511246,0.156212933,0.156696726,0.1559528664927377,0.157805926,0.14941021512885894,0.204100944,0.22530650602863542,0.15762924,0.157217138,0.15687520331830526,0.155331676,32.87
21,1495550777.0,34.18064783379768,0.079537843,0.056557441,0.049645412,0.0475622,0.047052506,0.046753183,0.04594441088667434,0.047455475,0.0377,0.048634418,0.050106657,0.050857084,0.05230568,0.053806201,0.054863199,0.054,0.057677973,0.059593519,0.0589,0.063079896,0.06470348,0.066699795,0.068302493,0.070151951,0.071987401,0.0708,0.075957725,0.077998464,0.079730156,0.081197391,0.08241905900914029,0.085133024,0.086977477,0.090951011,0.089823533,0.091064665,0.092774992,0.093648497,0.095158125,0.096330248,0.097251678,0.098390644,0.099224275,0.10005561,0.100765692,0.102015495,0.103028431,0.123730499,0.105128215,0.1064774,0.107510404,0.12742622,0.11001342,0.111180209,0.112302091,0.113932967,0.115354301,0.116681826,0.118033116,0.119558575,0.119735133,0.121480688,0.122439737,0.124132643,0.125894871,0.127926015,0.128948301,0.129732805,0.1284128291524119,0.132340752,0.133801759,0.13488188,0.135920103,0.14598402591747656,0.138928282,0.13977779,0.140717725,0.141834955,0.143046844,0.143891572,0.14447397,0.1508646589757721,0.145219765,0.145911488,0.146763105,0.1384,0.147923286,0.148599147,0.149183156,0.1436519341609564,0.149989829,0.1579234365262777,0.150085972,0.150291978,0.150573323,0.151249342,0.151541803,0.151268401,0.151186915,0.151661793,0.151734421,0.15229083,0.153113624,0.153393696,0.153803349,0.15394816694044605,0.153271674,0.153118854,0.15334424984220402,0.155028262,0.15567505,0.1488,0.156313882,0.156397851,0.156446798,0.156393232,0.156328987,0.16268149901299167,0.1550010809252644,0.156363292,0.156864598,0.157503109,0.15855381,0.159460316,0.15501847218066278,32.46
72,1495537346.0,31.4,0.119141272,0.08410125627846354,0.069622862,0.07025783449073537,0.064661925,0.089611168,0.063236701,0.063405733,0.06317866656898159,0.06449819,0.065322255,0.0684102615191395,0.07100969710651582,0.068364973,0.06895621587204277,0.071364764,0.07281013,0.07427766557274451,0.076120664,0.07936956054371988,0.079628613,0.081449207,0.08314042713006636,0.085169494,0.105781581,0.089140115,0.09291392545408819,0.0920335569434139,0.1533442425133704,0.0784,0.099390049,0.101076484,0.102760008,0.09994055365341187,0.105895004,0.10731795,0.108731844,0.109887202,0.10184452851610104,0.138393612,0.1429358536517353,0.118631661,0.11636869788846836,0.11300582780294208,0.22394353194652006,0.126484234,0.12402765399649554,0.130578493,0.13356286,0.136514111,0.138619585,0.139823844,0.162342394,0.1607789345620257,0.147145171,0.150463703,0.154459585,0.156977738,0.157934252,0.157459841,0.157015758,0.128530462,0.12453300197248607,0.1151,0.1166,0.159881717,0.15998524694544902,0.16419208998572987,0.156934389,0.155462874,0.1560599568244968,0.16038115772354516,0.1491797891063466,0.157043238,0.15955624365326518,0.159165011,0.16734195410788452,0.156345932,0.155159692,0.15344715668627915,0.155039986,0.1622828068180785,0.156481467,0.15619069275923647,0.14409626021373248,0.1398879933903501,0.159685116,0.160609636,0.16319869036848514,0.160639711,0.16070003,0.160949657,0.160478026,0.16887549546046549,0.168440497943103,0.16688269456012342,0.161308439,0.161515813,0.161988865,0.162267244,0.162826197,0.163417379,0.16115878,0.163887108,0.164675529,0.164909389,0.164701528,0.165345756,0.16363926122223152,0.165687689,0.1756307609974947,0.167594892,0.16895514,0.170193743,0.16298400108187144,0.171515992,0.172024403,0.17628366486903496,0.171822063,0.16647536151637155,0.172530511,0.16986231928501005,0.1709826917864144,0.173986467,0.16886357135164334,38.27
107,1494953631.0,45.8,0.130775137,0.09133730264607791,0.076603339,0.074679002,0.072735623,0.073274673,0.073516096,0.074836032,0.07605061477990362,0.077198422,0.078388531,0.080199572,0.08445953153416495,0.08402087875153452,0.08686007,0.0927195082165451,0.057921038,0.05899890481916606,0.097398793,0.100268511,0.10408474588827324,0.0645,0.0661,0.110965594,0.113804865,0.116717299,0.119710169,0.122550874,0.12416214026672354,0.13021745636611723,0.1281887494497761,0.13693102874904717,0.13962800110889803,0.139119624,0.141325162,0.14823655162008625,0.2122,0.115713376,0.10775982626795344,0.152678115,0.15840042953975464,0.157747911,0.159471143,0.15997612359046123,0.163171305,0.15405719476995525,0.166834847,0.17277506529339803,0.170895667,0.173443164,0.17126080042742542,0.1018,0.1025,0.1038,0.185980035,0.18765211478059873,0.207931653,0.20137218386929803,0.22351649216814112,0.1837231649593437,0.1119,0.21071543598653092,0.200880837,0.19832520794874786,0.2037491166913217,0.19846408465423182,0.1998652240915568,0.208283377,0.208090197,0.201384487,0.208641465,0.209379548,0.19966813068247977,0.19632105120282844,0.213564427,0.2102283376771501,0.22475666331461558,0.1322,0.214504826,0.213204751,0.212525966,0.212688641,0.213109297,0.213183699,0.20239700114839992,0.214072762,0.2192855199314821,0.167472144,0.16980906089152303,0.161615105,0.1465849949169625,0.217340347,0.217030223,0.216788218,0.216368965,0.216569383,0.216204124,0.215941218,0.2156731,0.215838271,0.215421422,0.21562604,0.201903300976614,0.2113040411161763,0.21611501,0.216543798,0.216610635,0.21869566189837325,0.148,0.216778141,0.216712952,0.216417519,0.21599293,0.216047362,0.21576078,0.215886175,0.216641371,0.21495020283972507,0.22848503671382586,0.216703105,0.23997882094985498,0.216166844,0.2159025,0.2153351892877826,0.156990231,27.55
271,1495622087.0,33.0,0.095977537,0.068837982,0.062414454,0.05947888,0.058462549,0.086471972,0.057528377,0.059001856,0.058950521,0.0614752,0.06182929,0.06282312,0.064196831,0.066352952,0.066881245,0.069428451,0.071080272,0.072966007,0.074815965,0.075901825,0.07802897,0.080136216,0.082889598,0.084183283,0.08630976,0.088731856,0.090463354,0.09286735,0.095006467,0.097132385,0.098609963,0.100040393,0.102108866,0.104097215,0.105020975,0.107342806,0.108803925,0.109309061,0.110366495,0.111875336,0.113723399,0.113984278,0.114198158,0.115900729,0.116969591,0.11758514,0.129004504,0.119364931,0.121232691,0.123159213,0.12404349,0.125694429,0.126877051,0.127770054,0.129453283,0.131026651,0.132633745,0.132994092,0.134023874,0.135607809,0.137271454,0.138763142,0.140135218,0.14189029,0.143234944,0.144278201,0.146379783,0.147894306,0.148962782,0.150116897,0.151060442,0.152440782,0.153889114,0.155220819,0.155848187,0.156882658,0.157662485,0.158675381,0.159636844,0.16062526,0.161225797,0.161990082,0.162514489,0.163403668,0.164510833,0.165074859,0.165258239,0.166345888,0.166501133,0.166394184,0.165926706,0.166335489,0.16693761,0.167182553,0.16691946,0.166962936,0.167119758,0.168093756,0.169109128,0.169752185,0.170255597,0.177147217,0.171196393,0.170836343,0.170675716,0.170747769,0.171407177,0.171133383,0.170612288,0.167640434,0.171416597,0.17236992,0.173483717,0.173992287,0.173984342,0.172929068,0.171848144,0.171632514,0.171164951,0.170861392,0.170493605,0.169249392,0.168389956,0.168118114,0.166531602,36.57
436,1495640700.0,31.5,0.106440705,0.073280053,0.065368407,0.062656479,0.062141772,0.062167208,0.062390443,0.063036053,0.064211254,0.065226736,0.066641571,0.067837987,0.069624242,0.071672517,0.073337404,0.075072458,0.077504427,0.078857732,0.081158792,0.083463637,0.08600956,0.088540659,0.090430618,0.092390919,0.095312968,0.097626539,0.099907577,0.102550606,0.104596783,0.107329484,0.092138571,0.111295018,0.113631478,0.115685738,0.126233219,0.118411417,0.120545326,0.121704343,0.123436655,0.124691492,0.126093927,0.127886899,0.129568282,0.131449028,0.133482452,0.134636741,0.136973401,0.139846959,0.142542809,0.145077826,0.146718297,0.14878768,0.151263535,0.154540276,0.157756888,0.161030627,0.164000428,0.166140997,0.167482622,0.167757124,0.167436674,0.167548571,0.167935615,0.168582524,0.169671844,0.169173463,0.168961279,0.167981542,0.130176837,0.167300628,0.192258756,0.168901048,0.193923113,0.171207749,0.172695226,0.173777636,0.174347121,0.175314055,0.175654249,0.176731734,0.177067809,0.177479074,0.178326975,0.179244609,0.179882122,0.180334011,0.181189939,0.181995902,0.182162821,0.182065859,0.181765406,0.179002959,0.181459683,0.181420428,0.181415716,0.181460397,0.181414749,0.181498417,0.181687078,0.181687557,0.181713203,0.18192366,0.182263586,0.182164119,0.181940661,0.182009362,0.181850021,0.182045949,0.182049633,0.182655873,0.182572982,0.182818424,0.182781432,0.183008194,0.183904653,0.18455085,0.185107765,0.185656408,0.185550772,0.185112237,0.184712872,0.183800599,0.183442833,0.183023746,0.182639284,31.1
103,1494953151.0,46.2,0.127469643,0.086052159,0.076450654,0.073185783,0.073289011,0.073037436,0.074247277,0.074571676,0.075731291,0.083172706,0.07763032,0.08025388,0.082010419,0.084507273,0.086421187,0.089480465,0.091694965,0.09424115,0.097036437,0.09981928,0.10248683,0.105380537,0.107936147,0.109378717,0.113781716,0.116438667,0.119815093,0.12225542,0.125874424,0.128205669,0.131487048,0.133226054,0.13605968,0.138710672,0.141526222,0.14357055,0.15534804,0.147126914,0.150064835,0.152798362,0.15536733,0.157445682,0.159449487,0.161354542,0.162879767,0.164850571,0.166934603,0.168773529,0.171455099,0.174222127,0.17723148,0.179652757,0.181907236,0.184439509,0.18778321,0.191050997,0.194809827,0.198876027,0.20178181,0.202807434,0.203081039,0.203051997,0.203794227,0.204250686,0.205894906,0.207289272,0.208293985,0.137523931,0.208674888,0.208607387,0.208733536,0.209344779,0.21022375,0.211444623,0.213180213,0.214673565,0.215422248,0.215094043,0.213538865,0.212420284,0.211882738,0.211771157,0.211677686,0.211980745,0.212870994,0.213540381,0.214589106,0.21568123,0.216190578,0.216662137,0.216666779,0.216437978,0.216642556,0.216347976,0.215492067,0.215439777,0.215380088,0.215287189,0.214754196,0.214762987,0.214884942,0.215004292,0.214503903,0.214495879,0.214391353,0.214529312,0.214521091,0.214525011,0.218992056,0.21512004,0.215574855,0.215220858,0.215023471,0.214309473,0.214200298,0.213756177,0.213681982,0.213527121,0.213686797,0.213988537,0.214445122,0.214890261,0.214639785,0.17382301,0.214847546,27.74
