tid,attribute,correct_val
0,index,1
0,frequency,800
0,angle,0.0
0,chord_length,0.3048
0,velocity,71.3
0,thickness,0.00266337
0,sound_pressure_level,126.201
1,index,2
1,frequency,1000
1,angle,0.0
1,chord_length,0.3048
1,velocity,71.3
1,thickness,0.00266337
1,sound_pressure_level,125.201
2,index,3
2,frequency,1250
2,angle,0.0
2,chord_length,0.3048
2,velocity,71.3
2,thickness,0.00266337
2,sound_pressure_level,125.951
3,index,4
3,frequency,1600
3,angle,0.0
3,chord_length,0.3048
3,velocity,71.3
3,thickness,0.00266337
3,sound_pressure_level,127.591
4,index,5
4,frequency,2000
4,angle,0.0
4,chord_length,0.3048
4,velocity,71.3
4,thickness,0.00266337
4,sound_pressure_level,127.461
5,index,6
5,frequency,2500
5,angle,0.0
5,chord_length,0.3048
5,velocity,71.3
5,thickness,0.00266337
5,sound_pressure_level,125.571
6,index,7
6,frequency,3150
6,angle,0.0
6,chord_length,0.3048
6,velocity,71.3
6,thickness,0.00266337
6,sound_pressure_level,125.201
7,index,8
7,frequency,4000
7,angle,0.0
7,chord_length,0.3048
7,velocity,71.3
7,thickness,0.00266337
7,sound_pressure_level,123.061
8,index,9
8,frequency,5000
8,angle,0.0
8,chord_length,0.3048
8,velocity,71.3
8,thickness,0.00266337
8,sound_pressure_level,121.301
9,index,10
9,frequency,6300
9,angle,0.0
9,chord_length,0.3048
9,velocity,71.3
9,thickness,0.00266337
9,sound_pressure_level,119.541
10,index,11
10,frequency,8000
10,angle,0.0
10,chord_length,0.3048
10,velocity,71.3
10,thickness,0.00266337
10,sound_pressure_level,117.151
11,index,12
11,frequency,10000
11,angle,0.0
11,chord_length,0.3048
11,velocity,71.3
11,thickness,0.00266337
11,sound_pressure_level,115.391
12,index,13
12,frequency,12500
12,angle,0.0
12,chord_length,0.3048
12,velocity,71.3
12,thickness,0.00266337
12,sound_pressure_level,112.241
13,index,14
13,frequency,16000
13,angle,0.0
13,chord_length,0.3048
13,velocity,71.3
13,thickness,0.00266337
13,sound_pressure_level,108.721
14,index,15
14,frequency,500
14,angle,0.0
14,chord_length,0.3048
14,velocity,55.5
14,thickness,0.00283081
14,sound_pressure_level,126.416
15,index,16
15,frequency,630
15,angle,0.0
15,chord_length,0.3048
15,velocity,55.5
15,thickness,0.00283081
15,sound_pressure_level,127.696
16,index,17
16,frequency,800
16,angle,0.0
16,chord_length,0.3048
16,velocity,55.5
16,thickness,0.00283081
16,sound_pressure_level,128.086
17,index,18
17,frequency,1000
17,angle,0.0
17,chord_length,0.3048
17,velocity,55.5
17,thickness,0.00283081
17,sound_pressure_level,126.966
18,index,19
18,frequency,1250
18,angle,0.0
18,chord_length,0.3048
18,velocity,55.5
18,thickness,0.00283081
18,sound_pressure_level,126.086
19,index,20
19,frequency,1600
19,angle,0.0
19,chord_length,0.3048
19,velocity,55.5
19,thickness,0.00283081
19,sound_pressure_level,126.986
20,index,21
20,frequency,2000
20,angle,0.0
20,chord_length,0.3048
20,velocity,55.5
20,thickness,0.00283081
20,sound_pressure_level,126.616
21,index,22
21,frequency,2500
21,angle,0.0
21,chord_length,0.3048
21,velocity,55.5
21,thickness,0.00283081
21,sound_pressure_level,124.106
22,index,23
22,frequency,3150
22,angle,0.0
22,chord_length,0.3048
22,velocity,55.5
22,thickness,0.00283081
22,sound_pressure_level,123.236
23,index,24
23,frequency,4000
23,angle,0.0
23,chord_length,0.3048
23,velocity,55.5
23,thickness,0.00283081
23,sound_pressure_level,121.106
24,index,25
24,frequency,5000
24,angle,0.0
24,chord_length,0.3048
24,velocity,55.5
24,thickness,0.00283081
24,sound_pressure_level,119.606
25,index,26
25,frequency,6300
25,angle,0.0
25,chord_length,0.3048
25,velocity,55.5
25,thickness,0.00283081
25,sound_pressure_level,117.976
26,index,27
26,frequency,8000
26,angle,0.0
26,chord_length,0.3048
26,velocity,55.5
26,thickness,0.00283081
26,sound_pressure_level,116.476
27,index,28
27,frequency,10000
27,angle,0.0
27,chord_length,0.3048
27,velocity,55.5
27,thickness,0.00283081
27,sound_pressure_level,113.076
28,index,29
28,frequency,12500
28,angle,0.0
28,chord_length,0.3048
28,velocity,55.5
28,thickness,0.00283081
28,sound_pressure_level,111.076
29,index,30
29,frequency,200
29,angle,0.0
29,chord_length,0.3048
29,velocity,39.6
29,thickness,0.00310138
29,sound_pressure_level,118.129
30,index,31
30,frequency,250
30,angle,0.0
30,chord_length,0.3048
30,velocity,39.6
30,thickness,0.00310138
30,sound_pressure_level,119.319
31,index,32
31,frequency,315
31,angle,0.0
31,chord_length,0.3048
31,velocity,39.6
31,thickness,0.00310138
31,sound_pressure_level,122.779
32,index,33
32,frequency,400
32,angle,0.0
32,chord_length,0.3048
32,velocity,39.6
32,thickness,0.00310138
32,sound_pressure_level,124.809
33,index,34
33,frequency,500
33,angle,0.0
33,chord_length,0.3048
33,velocity,39.6
33,thickness,0.00310138
33,sound_pressure_level,126.959
34,index,35
34,frequency,630
34,angle,0.0
34,chord_length,0.3048
34,velocity,39.6
34,thickness,0.00310138
34,sound_pressure_level,128.629
35,index,36
35,frequency,800
35,angle,0.0
35,chord_length,0.3048
35,velocity,39.6
35,thickness,0.00310138
35,sound_pressure_level,129.099
36,index,37
36,frequency,1000
36,angle,0.0
36,chord_length,0.3048
36,velocity,39.6
36,thickness,0.00310138
36,sound_pressure_level,127.899
37,index,38
37,frequency,1250
37,angle,0.0
37,chord_length,0.3048
37,velocity,39.6
37,thickness,0.00310138
37,sound_pressure_level,125.499
38,index,39
38,frequency,1600
38,angle,0.0
38,chord_length,0.3048
38,velocity,39.6
38,thickness,0.00310138
38,sound_pressure_level,124.049
39,index,40
39,frequency,2000
39,angle,0.0
39,chord_length,0.3048
39,velocity,39.6
39,thickness,0.00310138
39,sound_pressure_level,123.689
40,index,41
40,frequency,2500
40,angle,0.0
40,chord_length,0.3048
40,velocity,39.6
40,thickness,0.00310138
40,sound_pressure_level,121.399
41,index,42
41,frequency,3150
41,angle,0.0
41,chord_length,0.3048
41,velocity,39.6
41,thickness,0.00310138
41,sound_pressure_level,120.319
42,index,43
42,frequency,4000
42,angle,0.0
42,chord_length,0.3048
42,velocity,39.6
42,thickness,0.00310138
42,sound_pressure_level,119.229
43,index,44
43,frequency,5000
43,angle,0.0
43,chord_length,0.3048
43,velocity,39.6
43,thickness,0.00310138
43,sound_pressure_level,117.789
44,index,45
44,frequency,6300
44,angle,0.0
44,chord_length,0.3048
44,velocity,39.6
44,thickness,0.00310138
44,sound_pressure_level,116.229
45,index,46
45,frequency,8000
45,angle,0.0
45,chord_length,0.3048
45,velocity,39.6
45,thickness,0.00310138
45,sound_pressure_level,114.779
46,index,47
46,frequency,10000
46,angle,0.0
46,chord_length,0.3048
46,velocity,39.6
46,thickness,0.00310138
46,sound_pressure_level,112.139
47,index,48
47,frequency,12500
47,angle,0.0
47,chord_length,0.3048
47,velocity,39.6
47,thickness,0.00310138
47,sound_pressure_level,109.619
48,index,49
48,frequency,200
48,angle,0.0
48,chord_length,0.3048
48,velocity,31.7
48,thickness,0.00331266
48,sound_pressure_level,117.195
49,index,50
49,frequency,250
49,angle,0.0
49,chord_length,0.3048
49,velocity,31.7
49,thickness,0.00331266
49,sound_pressure_level,118.595
50,index,51
50,frequency,315
50,angle,0.0
50,chord_length,0.3048
50,velocity,31.7
50,thickness,0.00331266
50,sound_pressure_level,122.765
51,index,52
51,frequency,400
51,angle,0.0
51,chord_length,0.3048
51,velocity,31.7
51,thickness,0.00331266
51,sound_pressure_level,125.045
52,index,53
52,frequency,500
52,angle,0.0
52,chord_length,0.3048
52,velocity,31.7
52,thickness,0.00331266
52,sound_pressure_level,127.315
53,index,54
53,frequency,630
53,angle,0.0
53,chord_length,0.3048
53,velocity,31.7
53,thickness,0.00331266
53,sound_pressure_level,129.095
54,index,55
54,frequency,800
54,angle,0.0
54,chord_length,0.3048
54,velocity,31.7
54,thickness,0.00331266
54,sound_pressure_level,129.235
55,index,56
55,frequency,1000
55,angle,0.0
55,chord_length,0.3048
55,velocity,31.7
55,thickness,0.00331266
55,sound_pressure_level,127.365
56,index,57
56,frequency,1250
56,angle,0.0
56,chord_length,0.3048
56,velocity,31.7
56,thickness,0.00331266
56,sound_pressure_level,124.355
57,index,58
57,frequency,1600
57,angle,0.0
57,chord_length,0.3048
57,velocity,31.7
57,thickness,0.00331266
57,sound_pressure_level,122.365
58,index,59
58,frequency,2000
58,angle,0.0
58,chord_length,0.3048
58,velocity,31.7
58,thickness,0.00331266
58,sound_pressure_level,122.375
59,index,60
59,frequency,2500
59,angle,0.0
59,chord_length,0.3048
59,velocity,31.7
59,thickness,0.00331266
59,sound_pressure_level,120.755
60,index,61
60,frequency,3150
60,angle,0.0
60,chord_length,0.3048
60,velocity,31.7
60,thickness,0.00331266
60,sound_pressure_level,119.135
61,index,62
61,frequency,4000
61,angle,0.0
61,chord_length,0.3048
61,velocity,31.7
61,thickness,0.00331266
61,sound_pressure_level,118.145
62,index,63
62,frequency,5000
62,angle,0.0
62,chord_length,0.3048
62,velocity,31.7
62,thickness,0.00331266
62,sound_pressure_level,115.645
63,index,64
63,frequency,6300
63,angle,0.0
63,chord_length,0.3048
63,velocity,31.7
63,thickness,0.00331266
63,sound_pressure_level,113.775
64,index,65
64,frequency,8000
64,angle,0.0
64,chord_length,0.3048
64,velocity,31.7
64,thickness,0.00331266
64,sound_pressure_level,110.515
65,index,66
65,frequency,10000
65,angle,0.0
65,chord_length,0.3048
65,velocity,31.7
65,thickness,0.00331266
65,sound_pressure_level,108.265
66,index,67
66,frequency,800
66,angle,1.5
66,chord_length,0.3048
66,velocity,71.3
66,thickness,0.00336729
66,sound_pressure_level,127.122
67,index,68
67,frequency,1000
67,angle,1.5
67,chord_length,0.3048
67,velocity,71.3
67,thickness,0.00336729
67,sound_pressure_level,125.992
68,index,69
68,frequency,1250
68,angle,1.5
68,chord_length,0.3048
68,velocity,71.3
68,thickness,0.00336729
68,sound_pressure_level,125.872
69,index,70
69,frequency,1600
69,angle,1.5
69,chord_length,0.3048
69,velocity,71.3
69,thickness,0.00336729
69,sound_pressure_level,126.632
70,index,71
70,frequency,2000
70,angle,1.5
70,chord_length,0.3048
70,velocity,71.3
70,thickness,0.00336729
70,sound_pressure_level,126.642
71,index,72
71,frequency,2500
71,angle,1.5
71,chord_length,0.3048
71,velocity,71.3
71,thickness,0.00336729
71,sound_pressure_level,124.512
72,index,73
72,frequency,3150
72,angle,1.5
72,chord_length,0.3048
72,velocity,71.3
72,thickness,0.00336729
72,sound_pressure_level,123.392
73,index,74
73,frequency,4000
73,angle,1.5
73,chord_length,0.3048
73,velocity,71.3
73,thickness,0.00336729
73,sound_pressure_level,121.762
74,index,75
74,frequency,5000
74,angle,1.5
74,chord_length,0.3048
74,velocity,71.3
74,thickness,0.00336729
74,sound_pressure_level,119.632
75,index,76
75,frequency,6300
75,angle,1.5
75,chord_length,0.3048
75,velocity,71.3
75,thickness,0.00336729
75,sound_pressure_level,118.122
76,index,77
76,frequency,8000
76,angle,1.5
76,chord_length,0.3048
76,velocity,71.3
76,thickness,0.00336729
76,sound_pressure_level,115.372
77,index,78
77,frequency,10000
77,angle,1.5
77,chord_length,0.3048
77,velocity,71.3
77,thickness,0.00336729
77,sound_pressure_level,113.492
78,index,79
78,frequency,12500
78,angle,1.5
78,chord_length,0.3048
78,velocity,71.3
78,thickness,0.00336729
78,sound_pressure_level,109.222
79,index,80
79,frequency,16000
79,angle,1.5
79,chord_length,0.3048
79,velocity,71.3
79,thickness,0.00336729
79,sound_pressure_level,106.582
80,index,81
80,frequency,315
80,angle,1.5
80,chord_length,0.3048
80,velocity,39.6
80,thickness,0.00392107
80,sound_pressure_level,121.851
81,index,82
81,frequency,400
81,angle,1.5
81,chord_length,0.3048
81,velocity,39.6
81,thickness,0.00392107
81,sound_pressure_level,124.001
82,index,83
82,frequency,500
82,angle,1.5
82,chord_length,0.3048
82,velocity,39.6
82,thickness,0.00392107
82,sound_pressure_level,126.661
83,index,84
83,frequency,630
83,angle,1.5
83,chord_length,0.3048
83,velocity,39.6
83,thickness,0.00392107
83,sound_pressure_level,128.311
84,index,85
84,frequency,800
84,angle,1.5
84,chord_length,0.3048
84,velocity,39.6
84,thickness,0.00392107
84,sound_pressure_level,128.831
85,index,86
85,frequency,1000
85,angle,1.5
85,chord_length,0.3048
85,velocity,39.6
85,thickness,0.00392107
85,sound_pressure_level,127.581
86,index,87
86,frequency,1250
86,angle,1.5
86,chord_length,0.3048
86,velocity,39.6
86,thickness,0.00392107
86,sound_pressure_level,125.211
87,index,88
87,frequency,1600
87,angle,1.5
87,chord_length,0.3048
87,velocity,39.6
87,thickness,0.00392107
87,sound_pressure_level,122.211
88,index,89
88,frequency,2000
88,angle,1.5
88,chord_length,0.3048
88,velocity,39.6
88,thickness,0.00392107
88,sound_pressure_level,122.101
89,index,90
89,frequency,2500
89,angle,1.5
89,chord_length,0.3048
89,velocity,39.6
89,thickness,0.00392107
89,sound_pressure_level,120.981
90,index,91
90,frequency,3150
90,angle,1.5
90,chord_length,0.3048
90,velocity,39.6
90,thickness,0.00392107
90,sound_pressure_level,119.111
91,index,92
91,frequency,4000
91,angle,1.5
91,chord_length,0.3048
91,velocity,39.6
91,thickness,0.00392107
91,sound_pressure_level,117.741
92,index,93
92,frequency,5000
92,angle,1.5
92,chord_length,0.3048
92,velocity,39.6
92,thickness,0.00392107
92,sound_pressure_level,116.241
93,index,94
93,frequency,6300
93,angle,1.5
93,chord_length,0.3048
93,velocity,39.6
93,thickness,0.00392107
93,sound_pressure_level,114.751
94,index,95
94,frequency,8000
94,angle,1.5
94,chord_length,0.3048
94,velocity,39.6
94,thickness,0.00392107
94,sound_pressure_level,112.251
95,index,96
95,frequency,10000
95,angle,1.5
95,chord_length,0.3048
95,velocity,39.6
95,thickness,0.00392107
95,sound_pressure_level,108.991
96,index,97
96,frequency,12500
96,angle,1.5
96,chord_length,0.3048
96,velocity,39.6
96,thickness,0.00392107
96,sound_pressure_level,106.111
97,index,98
97,frequency,400
97,angle,3.0
97,chord_length,0.3048
97,velocity,71.3
97,thickness,0.00425727
97,sound_pressure_level,127.564
98,index,99
98,frequency,500
98,angle,3.0
98,chord_length,0.3048
98,velocity,71.3
98,thickness,0.00425727
98,sound_pressure_level,128.454
99,index,100
99,frequency,630
99,angle,3.0
99,chord_length,0.3048
99,velocity,71.3
99,thickness,0.00425727
99,sound_pressure_level,129.354
100,index,101
100,frequency,800
100,angle,3.0
100,chord_length,0.3048
100,velocity,71.3
100,thickness,0.00425727
100,sound_pressure_level,129.494
101,index,102
101,frequency,1000
101,angle,3.0
101,chord_length,0.3048
101,velocity,71.3
101,thickness,0.00425727
101,sound_pressure_level,129.004
102,index,103
102,frequency,1250
102,angle,3.0
102,chord_length,0.3048
102,velocity,71.3
102,thickness,0.00425727
102,sound_pressure_level,127.634
103,index,104
103,frequency,1600
103,angle,3.0
103,chord_length,0.3048
103,velocity,71.3
103,thickness,0.00425727
103,sound_pressure_level,126.514
104,index,105
104,frequency,2000
104,angle,3.0
104,chord_length,0.3048
104,velocity,71.3
104,thickness,0.00425727
104,sound_pressure_level,125.524
105,index,106
105,frequency,2500
105,angle,3.0
105,chord_length,0.3048
105,velocity,71.3
105,thickness,0.00425727
105,sound_pressure_level,124.024
106,index,107
106,frequency,3150
106,angle,3.0
106,chord_length,0.3048
106,velocity,71.3
106,thickness,0.00425727
106,sound_pressure_level,121.514
107,index,108
107,frequency,4000
107,angle,3.0
107,chord_length,0.3048
107,velocity,71.3
107,thickness,0.00425727
107,sound_pressure_level,120.264
108,index,109
108,frequency,5000
108,angle,3.0
108,chord_length,0.3048
108,velocity,71.3
108,thickness,0.00425727
108,sound_pressure_level,118.134
109,index,110
109,frequency,6300
109,angle,3.0
109,chord_length,0.3048
109,velocity,71.3
109,thickness,0.00425727
109,sound_pressure_level,116.134
110,index,111
110,frequency,8000
110,angle,3.0
110,chord_length,0.3048
110,velocity,71.3
110,thickness,0.00425727
110,sound_pressure_level,114.634
111,index,112
111,frequency,10000
111,angle,3.0
111,chord_length,0.3048
111,velocity,71.3
111,thickness,0.00425727
111,sound_pressure_level,110.224
112,index,113
112,frequency,400
112,angle,3.0
112,chord_length,0.3048
112,velocity,55.5
112,thickness,0.00452492
112,sound_pressure_level,126.159
113,index,114
113,frequency,500
113,angle,3.0
113,chord_length,0.3048
113,velocity,55.5
113,thickness,0.00452492
113,sound_pressure_level,128.179
114,index,115
114,frequency,630
114,angle,3.0
114,chord_length,0.3048
114,velocity,55.5
114,thickness,0.00452492
114,sound_pressure_level,129.569
115,index,116
115,frequency,800
115,angle,3.0
115,chord_length,0.3048
115,velocity,55.5
115,thickness,0.00452492
115,sound_pressure_level,129.949
116,index,117
116,frequency,1000
116,angle,3.0
116,chord_length,0.3048
116,velocity,55.5
116,thickness,0.00452492
116,sound_pressure_level,129.329
117,index,118
117,frequency,1250
117,angle,3.0
117,chord_length,0.3048
117,velocity,55.5
117,thickness,0.00452492
117,sound_pressure_level,127.329
118,index,119
118,frequency,1600
118,angle,3.0
118,chord_length,0.3048
118,velocity,55.5
118,thickness,0.00452492
118,sound_pressure_level,124.439
119,index,120
119,frequency,2000
119,angle,3.0
119,chord_length,0.3048
119,velocity,55.5
119,thickness,0.00452492
119,sound_pressure_level,123.069
120,index,121
120,frequency,2500
120,angle,3.0
120,chord_length,0.3048
120,velocity,55.5
120,thickness,0.00452492
120,sound_pressure_level,122.439
121,index,122
121,frequency,3150
121,angle,3.0
121,chord_length,0.3048
121,velocity,55.5
121,thickness,0.00452492
121,sound_pressure_level,120.189
122,index,123
122,frequency,4000
122,angle,3.0
122,chord_length,0.3048
122,velocity,55.5
122,thickness,0.00452492
122,sound_pressure_level,118.689
123,index,124
123,frequency,5000
123,angle,3.0
123,chord_length,0.3048
123,velocity,55.5
123,thickness,0.00452492
123,sound_pressure_level,117.309
124,index,125
124,frequency,6300
124,angle,3.0
124,chord_length,0.3048
124,velocity,55.5
124,thickness,0.00452492
124,sound_pressure_level,115.679
125,index,126
125,frequency,8000
125,angle,3.0
125,chord_length,0.3048
125,velocity,55.5
125,thickness,0.00452492
125,sound_pressure_level,113.799
126,index,127
126,frequency,10000
126,angle,3.0
126,chord_length,0.3048
126,velocity,55.5
126,thickness,0.00452492
126,sound_pressure_level,112.169
127,index,128
127,frequency,315
127,angle,3.0
127,chord_length,0.3048
127,velocity,39.6
127,thickness,0.00495741
127,sound_pressure_level,123.312
128,index,129
128,frequency,400
128,angle,3.0
128,chord_length,0.3048
128,velocity,39.6
128,thickness,0.00495741
128,sound_pressure_level,125.472
129,index,130
129,frequency,500
129,angle,3.0
129,chord_length,0.3048
129,velocity,39.6
129,thickness,0.00495741
129,sound_pressure_level,127.632
130,index,131
130,frequency,630
130,angle,3.0
130,chord_length,0.3048
130,velocity,39.6
130,thickness,0.00495741
130,sound_pressure_level,129.292
131,index,132
131,frequency,800
131,angle,3.0
131,chord_length,0.3048
131,velocity,39.6
131,thickness,0.00495741
131,sound_pressure_level,129.552
132,index,133
132,frequency,1000
132,angle,3.0
132,chord_length,0.3048
132,velocity,39.6
132,thickness,0.00495741
132,sound_pressure_level,128.312
133,index,134
133,frequency,1250
133,angle,3.0
133,chord_length,0.3048
133,velocity,39.6
133,thickness,0.00495741
133,sound_pressure_level,125.802
134,index,135
134,frequency,1600
134,angle,3.0
134,chord_length,0.3048
134,velocity,39.6
134,thickness,0.00495741
134,sound_pressure_level,122.782
135,index,136
135,frequency,2000
135,angle,3.0
135,chord_length,0.3048
135,velocity,39.6
135,thickness,0.00495741
135,sound_pressure_level,120.532
136,index,137
136,frequency,2500
136,angle,3.0
136,chord_length,0.3048
136,velocity,39.6
136,thickness,0.00495741
136,sound_pressure_level,120.162
137,index,138
137,frequency,3150
137,angle,3.0
137,chord_length,0.3048
137,velocity,39.6
137,thickness,0.00495741
137,sound_pressure_level,118.922
138,index,139
138,frequency,4000
138,angle,3.0
138,chord_length,0.3048
138,velocity,39.6
138,thickness,0.00495741
138,sound_pressure_level,116.792
139,index,140
139,frequency,5000
139,angle,3.0
139,chord_length,0.3048
139,velocity,39.6
139,thickness,0.00495741
139,sound_pressure_level,115.792
140,index,141
140,frequency,6300
140,angle,3.0
140,chord_length,0.3048
140,velocity,39.6
140,thickness,0.00495741
140,sound_pressure_level,114.042
141,index,142
141,frequency,8000
141,angle,3.0
141,chord_length,0.3048
141,velocity,39.6
141,thickness,0.00495741
141,sound_pressure_level,110.652
142,index,143
142,frequency,315
142,angle,3.0
142,chord_length,0.3048
142,velocity,31.7
142,thickness,0.00529514
142,sound_pressure_level,123.118
143,index,144
143,frequency,400
143,angle,3.0
143,chord_length,0.3048
143,velocity,31.7
143,thickness,0.00529514
143,sound_pressure_level,125.398
144,index,145
144,frequency,500
144,angle,3.0
144,chord_length,0.3048
144,velocity,31.7
144,thickness,0.00529514
144,sound_pressure_level,127.548
145,index,146
145,frequency,630
145,angle,3.0
145,chord_length,0.3048
145,velocity,31.7
145,thickness,0.00529514
145,sound_pressure_level,128.698
146,index,147
146,frequency,800
146,angle,3.0
146,chord_length,0.3048
146,velocity,31.7
146,thickness,0.00529514
146,sound_pressure_level,128.708
147,index,148
147,frequency,1000
147,angle,3.0
147,chord_length,0.3048
147,velocity,31.7
147,thickness,0.00529514
147,sound_pressure_level,126.838
148,index,149
148,frequency,1250
148,angle,3.0
148,chord_length,0.3048
148,velocity,31.7
148,thickness,0.00529514
148,sound_pressure_level,124.838
149,index,150
149,frequency,1600
149,angle,3.0
149,chord_length,0.3048
149,velocity,31.7
149,thickness,0.00529514
149,sound_pressure_level,122.088
150,index,151
150,frequency,2000
150,angle,3.0
150,chord_length,0.3048
150,velocity,31.7
150,thickness,0.00529514
150,sound_pressure_level,120.088
151,index,152
151,frequency,2500
151,angle,3.0
151,chord_length,0.3048
151,velocity,31.7
151,thickness,0.00529514
151,sound_pressure_level,119.598
152,index,153
152,frequency,3150
152,angle,3.0
152,chord_length,0.3048
152,velocity,31.7
152,thickness,0.00529514
152,sound_pressure_level,118.108
153,index,154
153,frequency,4000
153,angle,3.0
153,chord_length,0.3048
153,velocity,31.7
153,thickness,0.00529514
153,sound_pressure_level,115.608
154,index,155
154,frequency,5000
154,angle,3.0
154,chord_length,0.3048
154,velocity,31.7
154,thickness,0.00529514
154,sound_pressure_level,113.858
155,index,156
155,frequency,6300
155,angle,3.0
155,chord_length,0.3048
155,velocity,31.7
155,thickness,0.00529514
155,sound_pressure_level,109.718
156,index,157
156,frequency,250
156,angle,4.0
156,chord_length,0.3048
156,velocity,71.3
156,thickness,0.00497773
156,sound_pressure_level,126.395
157,index,158
157,frequency,315
157,angle,4.0
157,chord_length,0.3048
157,velocity,71.3
157,thickness,0.00497773
157,sound_pressure_level,128.175
158,index,159
158,frequency,400
158,angle,4.0
158,chord_length,0.3048
158,velocity,71.3
158,thickness,0.00497773
158,sound_pressure_level,129.575
159,index,160
159,frequency,500
159,angle,4.0
159,chord_length,0.3048
159,velocity,71.3
159,thickness,0.00497773
159,sound_pressure_level,130.715
160,index,161
160,frequency,630
160,angle,4.0
160,chord_length,0.3048
160,velocity,71.3
160,thickness,0.00497773
160,sound_pressure_level,131.615
161,index,162
161,frequency,800
161,angle,4.0
161,chord_length,0.3048
161,velocity,71.3
161,thickness,0.00497773
161,sound_pressure_level,131.755
162,index,163
162,frequency,1000
162,angle,4.0
162,chord_length,0.3048
162,velocity,71.3
162,thickness,0.00497773
162,sound_pressure_level,131.015
163,index,164
163,frequency,1250
163,angle,4.0
163,chord_length,0.3048
163,velocity,71.3
163,thickness,0.00497773
163,sound_pressure_level,129.395
164,index,165
164,frequency,1600
164,angle,4.0
164,chord_length,0.3048
164,velocity,71.3
164,thickness,0.00497773
164,sound_pressure_level,126.645
165,index,166
165,frequency,2000
165,angle,4.0
165,chord_length,0.3048
165,velocity,71.3
165,thickness,0.00497773
165,sound_pressure_level,124.395
166,index,167
166,frequency,2500
166,angle,4.0
166,chord_length,0.3048
166,velocity,71.3
166,thickness,0.00497773
166,sound_pressure_level,123.775
167,index,168
167,frequency,3150
167,angle,4.0
167,chord_length,0.3048
167,velocity,71.3
167,thickness,0.00497773
167,sound_pressure_level,121.775
168,index,169
168,frequency,4000
168,angle,4.0
168,chord_length,0.3048
168,velocity,71.3
168,thickness,0.00497773
168,sound_pressure_level,119.535
169,index,170
169,frequency,5000
169,angle,4.0
169,chord_length,0.3048
169,velocity,71.3
169,thickness,0.00497773
169,sound_pressure_level,117.785
170,index,171
170,frequency,6300
170,angle,4.0
170,chord_length,0.3048
170,velocity,71.3
170,thickness,0.00497773
170,sound_pressure_level,116.165
171,index,172
171,frequency,8000
171,angle,4.0
171,chord_length,0.3048
171,velocity,71.3
171,thickness,0.00497773
171,sound_pressure_level,113.665
172,index,173
172,frequency,10000
172,angle,4.0
172,chord_length,0.3048
172,velocity,71.3
172,thickness,0.00497773
172,sound_pressure_level,110.905
173,index,174
173,frequency,12500
173,angle,4.0
173,chord_length,0.3048
173,velocity,71.3
173,thickness,0.00497773
173,sound_pressure_level,107.405
174,index,175
174,frequency,250
174,angle,4.0
174,chord_length,0.3048
174,velocity,39.6
174,thickness,0.00579636
174,sound_pressure_level,123.543
175,index,176
175,frequency,315
175,angle,4.0
175,chord_length,0.3048
175,velocity,39.6
175,thickness,0.00579636
175,sound_pressure_level,126.843
176,index,177
176,frequency,400
176,angle,4.0
176,chord_length,0.3048
176,velocity,39.6
176,thickness,0.00579636
176,sound_pressure_level,128.633
177,index,178
177,frequency,500
177,angle,4.0
177,chord_length,0.3048
177,velocity,39.6
177,thickness,0.00579636
177,sound_pressure_level,130.173
178,index,179
178,frequency,630
178,angle,4.0
178,chord_length,0.3048
178,velocity,39.6
178,thickness,0.00579636
178,sound_pressure_level,131.073
179,index,180
179,frequency,800
179,angle,4.0
179,chord_length,0.3048
179,velocity,39.6
179,thickness,0.00579636
179,sound_pressure_level,130.723
180,index,181
180,frequency,1000
180,angle,4.0
180,chord_length,0.3048
180,velocity,39.6
180,thickness,0.00579636
180,sound_pressure_level,128.723
181,index,182
181,frequency,1250
181,angle,4.0
181,chord_length,0.3048
181,velocity,39.6
181,thickness,0.00579636
181,sound_pressure_level,126.343
182,index,183
182,frequency,1600
182,angle,4.0
182,chord_length,0.3048
182,velocity,39.6
182,thickness,0.00579636
182,sound_pressure_level,123.213
183,index,184
183,frequency,2000
183,angle,4.0
183,chord_length,0.3048
183,velocity,39.6
183,thickness,0.00579636
183,sound_pressure_level,120.963
184,index,185
184,frequency,2500
184,angle,4.0
184,chord_length,0.3048
184,velocity,39.6
184,thickness,0.00579636
184,sound_pressure_level,120.233
185,index,186
185,frequency,3150
185,angle,4.0
185,chord_length,0.3048
185,velocity,39.6
185,thickness,0.00579636
185,sound_pressure_level,118.743
186,index,187
186,frequency,4000
186,angle,4.0
186,chord_length,0.3048
186,velocity,39.6
186,thickness,0.00579636
186,sound_pressure_level,115.863
187,index,188
187,frequency,5000
187,angle,4.0
187,chord_length,0.3048
187,velocity,39.6
187,thickness,0.00579636
187,sound_pressure_level,113.733
188,index,189
188,frequency,1250
188,angle,0.0
188,chord_length,0.2286
188,velocity,71.3
188,thickness,0.00214345
188,sound_pressure_level,128.144
189,index,190
189,frequency,1600
189,angle,0.0
189,chord_length,0.2286
189,velocity,71.3
189,thickness,0.00214345
189,sound_pressure_level,129.134
190,index,191
190,frequency,2000
190,angle,0.0
190,chord_length,0.2286
190,velocity,71.3
190,thickness,0.00214345
190,sound_pressure_level,128.244
191,index,192
191,frequency,2500
191,angle,0.0
191,chord_length,0.2286
191,velocity,71.3
191,thickness,0.00214345
191,sound_pressure_level,128.354
192,index,193
192,frequency,3150
192,angle,0.0
192,chord_length,0.2286
192,velocity,71.3
192,thickness,0.00214345
192,sound_pressure_level,127.834
193,index,194
193,frequency,4000
193,angle,0.0
193,chord_length,0.2286
193,velocity,71.3
193,thickness,0.00214345
193,sound_pressure_level,125.824
194,index,195
194,frequency,5000
194,angle,0.0
194,chord_length,0.2286
194,velocity,71.3
194,thickness,0.00214345
194,sound_pressure_level,124.304
195,index,196
195,frequency,6300
195,angle,0.0
195,chord_length,0.2286
195,velocity,71.3
195,thickness,0.00214345
195,sound_pressure_level,122.044
196,index,197
196,frequency,8000
196,angle,0.0
196,chord_length,0.2286
196,velocity,71.3
196,thickness,0.00214345
196,sound_pressure_level,118.024
197,index,198
197,frequency,10000
197,angle,0.0
197,chord_length,0.2286
197,velocity,71.3
197,thickness,0.00214345
197,sound_pressure_level,118.134
198,index,199
198,frequency,12500
198,angle,0.0
198,chord_length,0.2286
198,velocity,71.3
198,thickness,0.00214345
198,sound_pressure_level,117.624
199,index,200
199,frequency,16000
199,angle,0.0
199,chord_length,0.2286
199,velocity,71.3
199,thickness,0.00214345
199,sound_pressure_level,114.984
200,index,201
200,frequency,20000
200,angle,0.0
200,chord_length,0.2286
200,velocity,71.3
200,thickness,0.00214345
200,sound_pressure_level,114.474
201,index,202
201,frequency,315
201,angle,0.0
201,chord_length,0.2286
201,velocity,55.5
201,thickness,0.00229336
201,sound_pressure_level,119.54
202,index,203
202,frequency,400
202,angle,0.0
202,chord_length,0.2286
202,velocity,55.5
202,thickness,0.00229336
202,sound_pressure_level,121.66
203,index,204
203,frequency,500
203,angle,0.0
203,chord_length,0.2286
203,velocity,55.5
203,thickness,0.00229336
203,sound_pressure_level,123.78
204,index,205
204,frequency,630
204,angle,0.0
204,chord_length,0.2286
204,velocity,55.5
204,thickness,0.00229336
204,sound_pressure_level,126.16
205,index,206
205,frequency,800
205,angle,0.0
205,chord_length,0.2286
205,velocity,55.5
205,thickness,0.00229336
205,sound_pressure_level,127.53
206,index,207
206,frequency,1000
206,angle,0.0
206,chord_length,0.2286
206,velocity,55.5
206,thickness,0.00229336
206,sound_pressure_level,128.29
207,index,208
207,frequency,1250
207,angle,0.0
207,chord_length,0.2286
207,velocity,55.5
207,thickness,0.00229336
207,sound_pressure_level,127.91
208,index,209
208,frequency,1600
208,angle,0.0
208,chord_length,0.2286
208,velocity,55.5
208,thickness,0.00229336
208,sound_pressure_level,126.79
209,index,210
209,frequency,2000
209,angle,0.0
209,chord_length,0.2286
209,velocity,55.5
209,thickness,0.00229336
209,sound_pressure_level,126.54
210,index,211
210,frequency,2500
210,angle,0.0
210,chord_length,0.2286
210,velocity,55.5
210,thickness,0.00229336
210,sound_pressure_level,126.54
211,index,212
211,frequency,3150
211,angle,0.0
211,chord_length,0.2286
211,velocity,55.5
211,thickness,0.00229336
211,sound_pressure_level,125.16
212,index,213
212,frequency,4000
212,angle,0.0
212,chord_length,0.2286
212,velocity,55.5
212,thickness,0.00229336
212,sound_pressure_level,123.41
213,index,214
213,frequency,5000
213,angle,0.0
213,chord_length,0.2286
213,velocity,55.5
213,thickness,0.00229336
213,sound_pressure_level,122.41
214,index,215
214,frequency,6300
214,angle,0.0
214,chord_length,0.2286
214,velocity,55.5
214,thickness,0.00229336
214,sound_pressure_level,118.41
215,index,216
215,frequency,315
215,angle,0.0
215,chord_length,0.2286
215,velocity,39.6
215,thickness,0.00253511
215,sound_pressure_level,121.055
216,index,217
216,frequency,400
216,angle,0.0
216,chord_length,0.2286
216,velocity,39.6
216,thickness,0.00253511
216,sound_pressure_level,123.565
217,index,218
217,frequency,500
217,angle,0.0
217,chord_length,0.2286
217,velocity,39.6
217,thickness,0.00253511
217,sound_pressure_level,126.195
218,index,219
218,frequency,630
218,angle,0.0
218,chord_length,0.2286
218,velocity,39.6
218,thickness,0.00253511
218,sound_pressure_level,128.705
219,index,220
219,frequency,800
219,angle,0.0
219,chord_length,0.2286
219,velocity,39.6
219,thickness,0.00253511
219,sound_pressure_level,130.205
220,index,221
220,frequency,1000
220,angle,0.0
220,chord_length,0.2286
220,velocity,39.6
220,thickness,0.00253511
220,sound_pressure_level,130.435
221,index,222
221,frequency,1250
221,angle,0.0
221,chord_length,0.2286
221,velocity,39.6
221,thickness,0.00253511
221,sound_pressure_level,129.395
222,index,223
222,frequency,1600
222,angle,0.0
222,chord_length,0.2286
222,velocity,39.6
222,thickness,0.00253511
222,sound_pressure_level,127.095
223,index,224
223,frequency,2000
223,angle,0.0
223,chord_length,0.2286
223,velocity,39.6
223,thickness,0.00253511
223,sound_pressure_level,125.305
224,index,225
224,frequency,2500
224,angle,0.0
224,chord_length,0.2286
224,velocity,39.6
224,thickness,0.00253511
224,sound_pressure_level,125.025
225,index,226
225,frequency,3150
225,angle,0.0
225,chord_length,0.2286
225,velocity,39.6
225,thickness,0.00253511
225,sound_pressure_level,124.625
226,index,227
226,frequency,4000
226,angle,0.0
226,chord_length,0.2286
226,velocity,39.6
226,thickness,0.00253511
226,sound_pressure_level,123.465
227,index,228
227,frequency,5000
227,angle,0.0
227,chord_length,0.2286
227,velocity,39.6
227,thickness,0.00253511
227,sound_pressure_level,122.175
228,index,229
228,frequency,6300
228,angle,0.0
228,chord_length,0.2286
228,velocity,39.6
228,thickness,0.00253511
228,sound_pressure_level,117.465
229,index,230
229,frequency,315
229,angle,0.0
229,chord_length,0.2286
229,velocity,31.7
229,thickness,0.0027238
229,sound_pressure_level,120.595
230,index,231
230,frequency,400
230,angle,0.0
230,chord_length,0.2286
230,velocity,31.7
230,thickness,0.0027238
230,sound_pressure_level,123.635
231,index,232
231,frequency,500
231,angle,0.0
231,chord_length,0.2286
231,velocity,31.7
231,thickness,0.0027238
231,sound_pressure_level,126.675
232,index,233
232,frequency,630
232,angle,0.0
232,chord_length,0.2286
232,velocity,31.7
232,thickness,0.0027238
232,sound_pressure_level,129.465
233,index,234
233,frequency,800
233,angle,0.0
233,chord_length,0.2286
233,velocity,31.7
233,thickness,0.0027238
233,sound_pressure_level,130.725
234,index,235
234,frequency,1000
234,angle,0.0
234,chord_length,0.2286
234,velocity,31.7
234,thickness,0.0027238
234,sound_pressure_level,130.595
235,index,236
235,frequency,1250
235,angle,0.0
235,chord_length,0.2286
235,velocity,31.7
235,thickness,0.0027238
235,sound_pressure_level,128.805
236,index,237
236,frequency,1600
236,angle,0.0
236,chord_length,0.2286
236,velocity,31.7
236,thickness,0.0027238
236,sound_pressure_level,125.625
237,index,238
237,frequency,2000
237,angle,0.0
237,chord_length,0.2286
237,velocity,31.7
237,thickness,0.0027238
237,sound_pressure_level,123.455
238,index,239
238,frequency,2500
238,angle,0.0
238,chord_length,0.2286
238,velocity,31.7
238,thickness,0.0027238
238,sound_pressure_level,123.445
239,index,240
239,frequency,3150
239,angle,0.0
239,chord_length,0.2286
239,velocity,31.7
239,thickness,0.0027238
239,sound_pressure_level,123.445
240,index,241
240,frequency,4000
240,angle,0.0
240,chord_length,0.2286
240,velocity,31.7
240,thickness,0.0027238
240,sound_pressure_level,122.035
241,index,242
241,frequency,5000
241,angle,0.0
241,chord_length,0.2286
241,velocity,31.7
241,thickness,0.0027238
241,sound_pressure_level,120.505
242,index,243
242,frequency,6300
242,angle,0.0
242,chord_length,0.2286
242,velocity,31.7
242,thickness,0.0027238
242,sound_pressure_level,116.815
243,index,244
243,frequency,400
243,angle,2.0
243,chord_length,0.2286
243,velocity,71.3
243,thickness,0.00293031
243,sound_pressure_level,125.116
244,index,245
244,frequency,500
244,angle,2.0
244,chord_length,0.2286
244,velocity,71.3
244,thickness,0.00293031
244,sound_pressure_level,126.486
245,index,246
245,frequency,630
245,angle,2.0
245,chord_length,0.2286
245,velocity,71.3
245,thickness,0.00293031
245,sound_pressure_level,127.356
246,index,247
246,frequency,800
246,angle,2.0
246,chord_length,0.2286
246,velocity,71.3
246,thickness,0.00293031
246,sound_pressure_level,128.216
247,index,248
247,frequency,1000
247,angle,2.0
247,chord_length,0.2286
247,velocity,71.3
247,thickness,0.00293031
247,sound_pressure_level,128.956
248,index,249
248,frequency,1250
248,angle,2.0
248,chord_length,0.2286
248,velocity,71.3
248,thickness,0.00293031
248,sound_pressure_level,128.816
249,index,250
249,frequency,1600
249,angle,2.0
249,chord_length,0.2286
249,velocity,71.3
249,thickness,0.00293031
249,sound_pressure_level,127.796
250,index,251
250,frequency,2000
250,angle,2.0
250,chord_length,0.2286
250,velocity,71.3
250,thickness,0.00293031
250,sound_pressure_level,126.896
251,index,252
251,frequency,2500
251,angle,2.0
251,chord_length,0.2286
251,velocity,71.3
251,thickness,0.00293031
251,sound_pressure_level,127.006
252,index,253
252,frequency,3150
252,angle,2.0
252,chord_length,0.2286
252,velocity,71.3
252,thickness,0.00293031
252,sound_pressure_level,126.116
253,index,254
253,frequency,4000
253,angle,2.0
253,chord_length,0.2286
253,velocity,71.3
253,thickness,0.00293031
253,sound_pressure_level,124.086
254,index,255
254,frequency,5000
254,angle,2.0
254,chord_length,0.2286
254,velocity,71.3
254,thickness,0.00293031
254,sound_pressure_level,122.816
255,index,256
255,frequency,6300
255,angle,2.0
255,chord_length,0.2286
255,velocity,71.3
255,thickness,0.00293031
255,sound_pressure_level,120.786
256,index,257
256,frequency,8000
256,angle,2.0
256,chord_length,0.2286
256,velocity,71.3
256,thickness,0.00293031
256,sound_pressure_level,115.996
257,index,258
257,frequency,10000
257,angle,2.0
257,chord_length,0.2286
257,velocity,71.3
257,thickness,0.00293031
257,sound_pressure_level,113.086
258,index,259
258,frequency,400
258,angle,2.0
258,chord_length,0.2286
258,velocity,55.5
258,thickness,0.00313525
258,sound_pressure_level,122.292
259,index,260
259,frequency,500
259,angle,2.0
259,chord_length,0.2286
259,velocity,55.5
259,thickness,0.00313525
259,sound_pressure_level,124.692
260,index,261
260,frequency,630
260,angle,2.0
260,chord_length,0.2286
260,velocity,55.5
260,thickness,0.00313525
260,sound_pressure_level,126.842
261,index,262
261,frequency,800
261,angle,2.0
261,chord_length,0.2286
261,velocity,55.5
261,thickness,0.00313525
261,sound_pressure_level,128.492
262,index,263
262,frequency,1000
262,angle,2.0
262,chord_length,0.2286
262,velocity,55.5
262,thickness,0.00313525
262,sound_pressure_level,129.002
263,index,264
263,frequency,1250
263,angle,2.0
263,chord_length,0.2286
263,velocity,55.5
263,thickness,0.00313525
263,sound_pressure_level,128.762
264,index,265
264,frequency,1600
264,angle,2.0
264,chord_length,0.2286
264,velocity,55.5
264,thickness,0.00313525
264,sound_pressure_level,126.752
265,index,266
265,frequency,2000
265,angle,2.0
265,chord_length,0.2286
265,velocity,55.5
265,thickness,0.00313525
265,sound_pressure_level,124.612
266,index,267
266,frequency,2500
266,angle,2.0
266,chord_length,0.2286
266,velocity,55.5
266,thickness,0.00313525
266,sound_pressure_level,123.862
267,index,268
267,frequency,3150
267,angle,2.0
267,chord_length,0.2286
267,velocity,55.5
267,thickness,0.00313525
267,sound_pressure_level,123.742
268,index,269
268,frequency,4000
268,angle,2.0
268,chord_length,0.2286
268,velocity,55.5
268,thickness,0.00313525
268,sound_pressure_level,122.232
269,index,270
269,frequency,5000
269,angle,2.0
269,chord_length,0.2286
269,velocity,55.5
269,thickness,0.00313525
269,sound_pressure_level,120.472
270,index,271
270,frequency,6300
270,angle,2.0
270,chord_length,0.2286
270,velocity,55.5
270,thickness,0.00313525
270,sound_pressure_level,118.712
271,index,272
271,frequency,315
271,angle,2.0
271,chord_length,0.2286
271,velocity,39.6
271,thickness,0.00346574
271,sound_pressure_level,120.137
272,index,273
272,frequency,400
272,angle,2.0
272,chord_length,0.2286
272,velocity,39.6
272,thickness,0.00346574
272,sound_pressure_level,122.147
273,index,274
273,frequency,500
273,angle,2.0
273,chord_length,0.2286
273,velocity,39.6
273,thickness,0.00346574
273,sound_pressure_level,125.157
274,index,275
274,frequency,630
274,angle,2.0
274,chord_length,0.2286
274,velocity,39.6
274,thickness,0.00346574
274,sound_pressure_level,127.417
275,index,276
275,frequency,800
275,angle,2.0
275,chord_length,0.2286
275,velocity,39.6
275,thickness,0.00346574
275,sound_pressure_level,129.037
276,index,277
276,frequency,1000
276,angle,2.0
276,chord_length,0.2286
276,velocity,39.6
276,thickness,0.00346574
276,sound_pressure_level,129.147
277,index,278
277,frequency,1250
277,angle,2.0
277,chord_length,0.2286
277,velocity,39.6
277,thickness,0.00346574
277,sound_pressure_level,128.257
278,index,279
278,frequency,1600
278,angle,2.0
278,chord_length,0.2286
278,velocity,39.6
278,thickness,0.00346574
278,sound_pressure_level,125.837
279,index,280
279,frequency,2000
279,angle,2.0
279,chord_length,0.2286
279,velocity,39.6
279,thickness,0.00346574
279,sound_pressure_level,122.797
280,index,281
280,frequency,2500
280,angle,2.0
280,chord_length,0.2286
280,velocity,39.6
280,thickness,0.00346574
280,sound_pressure_level,121.397
281,index,282
281,frequency,3150
281,angle,2.0
281,chord_length,0.2286
281,velocity,39.6
281,thickness,0.00346574
281,sound_pressure_level,121.627
282,index,283
282,frequency,4000
282,angle,2.0
282,chord_length,0.2286
282,velocity,39.6
282,thickness,0.00346574
282,sound_pressure_level,120.227
283,index,284
283,frequency,5000
283,angle,2.0
283,chord_length,0.2286
283,velocity,39.6
283,thickness,0.00346574
283,sound_pressure_level,118.827
284,index,285
284,frequency,6300
284,angle,2.0
284,chord_length,0.2286
284,velocity,39.6
284,thickness,0.00346574
284,sound_pressure_level,116.417
285,index,286
285,frequency,315
285,angle,2.0
285,chord_length,0.2286
285,velocity,31.7
285,thickness,0.00372371
285,sound_pressure_level,120.147
286,index,287
286,frequency,400
286,angle,2.0
286,chord_length,0.2286
286,velocity,31.7
286,thickness,0.00372371
286,sound_pressure_level,123.417
287,index,288
287,frequency,500
287,angle,2.0
287,chord_length,0.2286
287,velocity,31.7
287,thickness,0.00372371
287,sound_pressure_level,126.677
288,index,289
288,frequency,630
288,angle,2.0
288,chord_length,0.2286
288,velocity,31.7
288,thickness,0.00372371
288,sound_pressure_level,129.057
289,index,290
289,frequency,800
289,angle,2.0
289,chord_length,0.2286
289,velocity,31.7
289,thickness,0.00372371
289,sound_pressure_level,130.307
290,index,291
290,frequency,1000
290,angle,2.0
290,chord_length,0.2286
290,velocity,31.7
290,thickness,0.00372371
290,sound_pressure_level,130.307
291,index,292
291,frequency,1250
291,angle,2.0
291,chord_length,0.2286
291,velocity,31.7
291,thickness,0.00372371
291,sound_pressure_level,128.677
292,index,293
292,frequency,1600
292,angle,2.0
292,chord_length,0.2286
292,velocity,31.7
292,thickness,0.00372371
292,sound_pressure_level,125.797
293,index,294
293,frequency,2000
293,angle,2.0
293,chord_length,0.2286
293,velocity,31.7
293,thickness,0.00372371
293,sound_pressure_level,123.037
294,index,295
294,frequency,2500
294,angle,2.0
294,chord_length,0.2286
294,velocity,31.7
294,thickness,0.00372371
294,sound_pressure_level,121.407
295,index,296
295,frequency,3150
295,angle,2.0
295,chord_length,0.2286
295,velocity,31.7
295,thickness,0.00372371
295,sound_pressure_level,121.527
296,index,297
296,frequency,4000
296,angle,2.0
296,chord_length,0.2286
296,velocity,31.7
296,thickness,0.00372371
296,sound_pressure_level,120.527
297,index,298
297,frequency,5000
297,angle,2.0
297,chord_length,0.2286
297,velocity,31.7
297,thickness,0.00372371
297,sound_pressure_level,118.267
298,index,299
298,frequency,6300
298,angle,2.0
298,chord_length,0.2286
298,velocity,31.7
298,thickness,0.00372371
298,sound_pressure_level,115.137
299,index,300
299,frequency,500
299,angle,4.0
299,chord_length,0.2286
299,velocity,71.3
299,thickness,0.00400603
299,sound_pressure_level,126.758
300,index,301
300,frequency,630
300,angle,4.0
300,chord_length,0.2286
300,velocity,71.3
300,thickness,0.00400603
300,sound_pressure_level,129.038
301,index,302
301,frequency,800
301,angle,4.0
301,chord_length,0.2286
301,velocity,71.3
301,thickness,0.00400603
301,sound_pressure_level,130.688
302,index,303
302,frequency,1000
302,angle,4.0
302,chord_length,0.2286
302,velocity,71.3
302,thickness,0.00400603
302,sound_pressure_level,131.708
303,index,304
303,frequency,1250
303,angle,4.0
303,chord_length,0.2286
303,velocity,71.3
303,thickness,0.00400603
303,sound_pressure_level,131.718
304,index,305
304,frequency,1600
304,angle,4.0
304,chord_length,0.2286
304,velocity,71.3
304,thickness,0.00400603
304,sound_pressure_level,129.468
305,index,306
305,frequency,2000
305,angle,4.0
305,chord_length,0.2286
305,velocity,71.3
305,thickness,0.00400603
305,sound_pressure_level,126.218
306,index,307
306,frequency,2500
306,angle,4.0
306,chord_length,0.2286
306,velocity,71.3
306,thickness,0.00400603
306,sound_pressure_level,124.338
307,index,308
307,frequency,3150
307,angle,4.0
307,chord_length,0.2286
307,velocity,71.3
307,thickness,0.00400603
307,sound_pressure_level,124.108
308,index,309
308,frequency,4000
308,angle,4.0
308,chord_length,0.2286
308,velocity,71.3
308,thickness,0.00400603
308,sound_pressure_level,121.728
309,index,310
309,frequency,5000
309,angle,4.0
309,chord_length,0.2286
309,velocity,71.3
309,thickness,0.00400603
309,sound_pressure_level,121.118
310,index,311
310,frequency,6300
310,angle,4.0
310,chord_length,0.2286
310,velocity,71.3
310,thickness,0.00400603
310,sound_pressure_level,118.618
311,index,312
311,frequency,8000
311,angle,4.0
311,chord_length,0.2286
311,velocity,71.3
311,thickness,0.00400603
311,sound_pressure_level,112.848
312,index,313
312,frequency,10000
312,angle,4.0
312,chord_length,0.2286
312,velocity,71.3
312,thickness,0.00400603
312,sound_pressure_level,113.108
313,index,314
313,frequency,12500
313,angle,4.0
313,chord_length,0.2286
313,velocity,71.3
313,thickness,0.00400603
313,sound_pressure_level,114.258
314,index,315
314,frequency,16000
314,angle,4.0
314,chord_length,0.2286
314,velocity,71.3
314,thickness,0.00400603
314,sound_pressure_level,112.768
315,index,316
315,frequency,20000
315,angle,4.0
315,chord_length,0.2286
315,velocity,71.3
315,thickness,0.00400603
315,sound_pressure_level,109.638
316,index,317
316,frequency,400
316,angle,4.0
316,chord_length,0.2286
316,velocity,55.5
316,thickness,0.0042862
316,sound_pressure_level,123.274
317,index,318
317,frequency,500
317,angle,4.0
317,chord_length,0.2286
317,velocity,55.5
317,thickness,0.0042862
317,sound_pressure_level,127.314
318,index,319
318,frequency,630
318,angle,4.0
318,chord_length,0.2286
318,velocity,55.5
318,thickness,0.0042862
318,sound_pressure_level,129.964
319,index,320
319,frequency,800
319,angle,4.0
319,chord_length,0.2286
319,velocity,55.5
319,thickness,0.0042862
319,sound_pressure_level,131.864
320,index,321
320,frequency,1000
320,angle,4.0
320,chord_length,0.2286
320,velocity,55.5
320,thickness,0.0042862
320,sound_pressure_level,132.134
321,index,322
321,frequency,1250
321,angle,4.0
321,chord_length,0.2286
321,velocity,55.5
321,thickness,0.0042862
321,sound_pressure_level,131.264
322,index,323
322,frequency,1600
322,angle,4.0
322,chord_length,0.2286
322,velocity,55.5
322,thickness,0.0042862
322,sound_pressure_level,128.264
323,index,324
323,frequency,2000
323,angle,4.0
323,chord_length,0.2286
323,velocity,55.5
323,thickness,0.0042862
323,sound_pressure_level,124.254
324,index,325
324,frequency,2500
324,angle,4.0
324,chord_length,0.2286
324,velocity,55.5
324,thickness,0.0042862
324,sound_pressure_level,122.384
325,index,326
325,frequency,3150
325,angle,4.0
325,chord_length,0.2286
325,velocity,55.5
325,thickness,0.0042862
325,sound_pressure_level,122.394
326,index,327
326,frequency,4000
326,angle,4.0
326,chord_length,0.2286
326,velocity,55.5
326,thickness,0.0042862
326,sound_pressure_level,120.654
327,index,328
327,frequency,5000
327,angle,4.0
327,chord_length,0.2286
327,velocity,55.5
327,thickness,0.0042862
327,sound_pressure_level,120.034
328,index,329
328,frequency,6300
328,angle,4.0
328,chord_length,0.2286
328,velocity,55.5
328,thickness,0.0042862
328,sound_pressure_level,117.154
329,index,330
329,frequency,8000
329,angle,4.0
329,chord_length,0.2286
329,velocity,55.5
329,thickness,0.0042862
329,sound_pressure_level,112.524
330,index,331
330,frequency,315
330,angle,4.0
330,chord_length,0.2286
330,velocity,39.6
330,thickness,0.00473801
330,sound_pressure_level,122.229
331,index,332
331,frequency,400
331,angle,4.0
331,chord_length,0.2286
331,velocity,39.6
331,thickness,0.00473801
331,sound_pressure_level,123.879
332,index,333
332,frequency,500
332,angle,4.0
332,chord_length,0.2286
332,velocity,39.6
332,thickness,0.00473801
332,sound_pressure_level,127.039
333,index,334
333,frequency,630
333,angle,4.0
333,chord_length,0.2286
333,velocity,39.6
333,thickness,0.00473801
333,sound_pressure_level,129.579
334,index,335
334,frequency,800
334,angle,4.0
334,chord_length,0.2286
334,velocity,39.6
334,thickness,0.00473801
334,sound_pressure_level,130.469
335,index,336
335,frequency,1000
335,angle,4.0
335,chord_length,0.2286
335,velocity,39.6
335,thickness,0.00473801
335,sound_pressure_level,129.969
336,index,337
336,frequency,1250
336,angle,4.0
336,chord_length,0.2286
336,velocity,39.6
336,thickness,0.00473801
336,sound_pressure_level,128.339
337,index,338
337,frequency,1600
337,angle,4.0
337,chord_length,0.2286
337,velocity,39.6
337,thickness,0.00473801
337,sound_pressure_level,125.319
338,index,339
338,frequency,2000
338,angle,4.0
338,chord_length,0.2286
338,velocity,39.6
338,thickness,0.00473801
338,sound_pressure_level,121.659
339,index,340
339,frequency,2500
339,angle,4.0
339,chord_length,0.2286
339,velocity,39.6
339,thickness,0.00473801
339,sound_pressure_level,119.649
340,index,341
340,frequency,3150
340,angle,4.0
340,chord_length,0.2286
340,velocity,39.6
340,thickness,0.00473801
340,sound_pressure_level,120.419
341,index,342
341,frequency,4000
341,angle,4.0
341,chord_length,0.2286
341,velocity,39.6
341,thickness,0.00473801
341,sound_pressure_level,119.159
342,index,343
342,frequency,5000
342,angle,4.0
342,chord_length,0.2286
342,velocity,39.6
342,thickness,0.00473801
342,sound_pressure_level,117.649
343,index,344
343,frequency,6300
343,angle,4.0
343,chord_length,0.2286
343,velocity,39.6
343,thickness,0.00473801
343,sound_pressure_level,114.249
344,index,345
344,frequency,8000
344,angle,4.0
344,chord_length,0.2286
344,velocity,39.6
344,thickness,0.00473801
344,sound_pressure_level,113.129
345,index,346
345,frequency,250
345,angle,4.0
345,chord_length,0.2286
345,velocity,31.7
345,thickness,0.00509068
345,sound_pressure_level,120.189
346,index,347
346,frequency,315
346,angle,4.0
346,chord_length,0.2286
346,velocity,31.7
346,thickness,0.00509068
346,sound_pressure_level,123.609
347,index,348
347,frequency,400
347,angle,4.0
347,chord_length,0.2286
347,velocity,31.7
347,thickness,0.00509068
347,sound_pressure_level,126.149
348,index,349
348,frequency,500
348,angle,4.0
348,chord_length,0.2286
348,velocity,31.7
348,thickness,0.00509068
348,sound_pressure_level,128.939
349,index,350
349,frequency,630
349,angle,4.0
349,chord_length,0.2286
349,velocity,31.7
349,thickness,0.00509068
349,sound_pressure_level,130.349
350,index,351
350,frequency,800
350,angle,4.0
350,chord_length,0.2286
350,velocity,31.7
350,thickness,0.00509068
350,sound_pressure_level,130.869
351,index,352
351,frequency,1000
351,angle,4.0
351,chord_length,0.2286
351,velocity,31.7
351,thickness,0.00509068
351,sound_pressure_level,129.869
352,index,353
352,frequency,1250
352,angle,4.0
352,chord_length,0.2286
352,velocity,31.7
352,thickness,0.00509068
352,sound_pressure_level,128.119
353,index,354
353,frequency,1600
353,angle,4.0
353,chord_length,0.2286
353,velocity,31.7
353,thickness,0.00509068
353,sound_pressure_level,125.229
354,index,355
354,frequency,2000
354,angle,4.0
354,chord_length,0.2286
354,velocity,31.7
354,thickness,0.00509068
354,sound_pressure_level,122.089
355,index,356
355,frequency,2500
355,angle,4.0
355,chord_length,0.2286
355,velocity,31.7
355,thickness,0.00509068
355,sound_pressure_level,120.209
356,index,357
356,frequency,3150
356,angle,4.0
356,chord_length,0.2286
356,velocity,31.7
356,thickness,0.00509068
356,sound_pressure_level,120.229
357,index,358
357,frequency,4000
357,angle,4.0
357,chord_length,0.2286
357,velocity,31.7
357,thickness,0.00509068
357,sound_pressure_level,118.859
358,index,359
358,frequency,5000
358,angle,4.0
358,chord_length,0.2286
358,velocity,31.7
358,thickness,0.00509068
358,sound_pressure_level,115.969
359,index,360
359,frequency,6300
359,angle,4.0
359,chord_length,0.2286
359,velocity,31.7
359,thickness,0.00509068
359,sound_pressure_level,112.699
360,index,361
360,frequency,400
360,angle,5.3
360,chord_length,0.2286
360,velocity,71.3
360,thickness,0.0051942
360,sound_pressure_level,127.7
361,index,362
361,frequency,500
361,angle,5.3
361,chord_length,0.2286
361,velocity,71.3
361,thickness,0.0051942
361,sound_pressure_level,129.88
362,index,363
362,frequency,630
362,angle,5.3
362,chord_length,0.2286
362,velocity,71.3
362,thickness,0.0051942
362,sound_pressure_level,131.8
363,index,364
363,frequency,800
363,angle,5.3
363,chord_length,0.2286
363,velocity,71.3
363,thickness,0.0051942
363,sound_pressure_level,133.48
364,index,365
364,frequency,1000
364,angle,5.3
364,chord_length,0.2286
364,velocity,71.3
364,thickness,0.0051942
364,sound_pressure_level,134.0
365,index,366
365,frequency,1250
365,angle,5.3
365,chord_length,0.2286
365,velocity,71.3
365,thickness,0.0051942
365,sound_pressure_level,133.38
366,index,367
366,frequency,1600
366,angle,5.3
366,chord_length,0.2286
366,velocity,71.3
366,thickness,0.0051942
366,sound_pressure_level,130.46
367,index,368
367,frequency,2000
367,angle,5.3
367,chord_length,0.2286
367,velocity,71.3
367,thickness,0.0051942
367,sound_pressure_level,125.89
368,index,369
368,frequency,2500
368,angle,5.3
368,chord_length,0.2286
368,velocity,71.3
368,thickness,0.0051942
368,sound_pressure_level,123.74
369,index,370
369,frequency,3150
369,angle,5.3
369,chord_length,0.2286
369,velocity,71.3
369,thickness,0.0051942
369,sound_pressure_level,123.12
370,index,371
370,frequency,4000
370,angle,5.3
370,chord_length,0.2286
370,velocity,71.3
370,thickness,0.0051942
370,sound_pressure_level,120.33
371,index,372
371,frequency,5000
371,angle,5.3
371,chord_length,0.2286
371,velocity,71.3
371,thickness,0.0051942
371,sound_pressure_level,118.05
372,index,373
372,frequency,6300
372,angle,5.3
372,chord_length,0.2286
372,velocity,71.3
372,thickness,0.0051942
372,sound_pressure_level,116.92
373,index,374
373,frequency,8000
373,angle,5.3
373,chord_length,0.2286
373,velocity,71.3
373,thickness,0.0051942
373,sound_pressure_level,114.9
374,index,375
374,frequency,10000
374,angle,5.3
374,chord_length,0.2286
374,velocity,71.3
374,thickness,0.0051942
374,sound_pressure_level,111.35
375,index,376
375,frequency,250
375,angle,5.3
375,chord_length,0.2286
375,velocity,39.6
375,thickness,0.00614329
375,sound_pressure_level,127.011
376,index,377
376,frequency,315
376,angle,5.3
376,chord_length,0.2286
376,velocity,39.6
376,thickness,0.00614329
376,sound_pressure_level,129.691
377,index,378
377,frequency,400
377,angle,5.3
377,chord_length,0.2286
377,velocity,39.6
377,thickness,0.00614329
377,sound_pressure_level,131.221
378,index,379
378,frequency,500
378,angle,5.3
378,chord_length,0.2286
378,velocity,39.6
378,thickness,0.00614329
378,sound_pressure_level,132.251
379,index,380
379,frequency,630
379,angle,5.3
379,chord_length,0.2286
379,velocity,39.6
379,thickness,0.00614329
379,sound_pressure_level,132.011
380,index,381
380,frequency,800
380,angle,5.3
380,chord_length,0.2286
380,velocity,39.6
380,thickness,0.00614329
380,sound_pressure_level,129.491
381,index,382
381,frequency,1000
381,angle,5.3
381,chord_length,0.2286
381,velocity,39.6
381,thickness,0.00614329
381,sound_pressure_level,125.581
382,index,383
382,frequency,1250
382,angle,5.3
382,chord_length,0.2286
382,velocity,39.6
382,thickness,0.00614329
382,sound_pressure_level,125.721
383,index,384
383,frequency,1600
383,angle,5.3
383,chord_length,0.2286
383,velocity,39.6
383,thickness,0.00614329
383,sound_pressure_level,123.081
384,index,385
384,frequency,2000
384,angle,5.3
384,chord_length,0.2286
384,velocity,39.6
384,thickness,0.00614329
384,sound_pressure_level,117.911
385,index,386
385,frequency,2500
385,angle,5.3
385,chord_length,0.2286
385,velocity,39.6
385,thickness,0.00614329
385,sound_pressure_level,116.151
386,index,387
386,frequency,3150
386,angle,5.3
386,chord_length,0.2286
386,velocity,39.6
386,thickness,0.00614329
386,sound_pressure_level,118.441
387,index,388
387,frequency,4000
387,angle,5.3
387,chord_length,0.2286
387,velocity,39.6
387,thickness,0.00614329
387,sound_pressure_level,115.801
388,index,389
388,frequency,5000
388,angle,5.3
388,chord_length,0.2286
388,velocity,39.6
388,thickness,0.00614329
388,sound_pressure_level,115.311
389,index,390
389,frequency,6300
389,angle,5.3
389,chord_length,0.2286
389,velocity,39.6
389,thickness,0.00614329
389,sound_pressure_level,112.541
390,index,391
390,frequency,200
390,angle,7.3
390,chord_length,0.2286
390,velocity,71.3
390,thickness,0.0104404
390,sound_pressure_level,138.758
391,index,392
391,frequency,250
391,angle,7.3
391,chord_length,0.2286
391,velocity,71.3
391,thickness,0.0104404
391,sound_pressure_level,139.918
392,index,393
392,frequency,315
392,angle,7.3
392,chord_length,0.2286
392,velocity,71.3
392,thickness,0.0104404
392,sound_pressure_level,139.808
393,index,394
393,frequency,400
393,angle,7.3
393,chord_length,0.2286
393,velocity,71.3
393,thickness,0.0104404
393,sound_pressure_level,139.438
394,index,395
394,frequency,500
394,angle,7.3
394,chord_length,0.2286
394,velocity,71.3
394,thickness,0.0104404
394,sound_pressure_level,136.798
395,index,396
395,frequency,630
395,angle,7.3
395,chord_length,0.2286
395,velocity,71.3
395,thickness,0.0104404
395,sound_pressure_level,133.768
396,index,397
396,frequency,800
396,angle,7.3
396,chord_length,0.2286
396,velocity,71.3
396,thickness,0.0104404
396,sound_pressure_level,130.748
397,index,398
397,frequency,1000
397,angle,7.3
397,chord_length,0.2286
397,velocity,71.3
397,thickness,0.0104404
397,sound_pressure_level,126.838
398,index,399
398,frequency,1250
398,angle,7.3
398,chord_length,0.2286
398,velocity,71.3
398,thickness,0.0104404
398,sound_pressure_level,127.358
399,index,400
399,frequency,1600
399,angle,7.3
399,chord_length,0.2286
399,velocity,71.3
399,thickness,0.0104404
399,sound_pressure_level,125.728
400,index,401
400,frequency,2000
400,angle,7.3
400,chord_length,0.2286
400,velocity,71.3
400,thickness,0.0104404
400,sound_pressure_level,122.708
401,index,402
401,frequency,2500
401,angle,7.3
401,chord_length,0.2286
401,velocity,71.3
401,thickness,0.0104404
401,sound_pressure_level,122.088
402,index,403
402,frequency,3150
402,angle,7.3
402,chord_length,0.2286
402,velocity,71.3
402,thickness,0.0104404
402,sound_pressure_level,120.458
403,index,404
403,frequency,4000
403,angle,7.3
403,chord_length,0.2286
403,velocity,71.3
403,thickness,0.0104404
403,sound_pressure_level,119.208
404,index,405
404,frequency,5000
404,angle,7.3
404,chord_length,0.2286
404,velocity,71.3
404,thickness,0.0104404
404,sound_pressure_level,115.298
405,index,406
405,frequency,6300
405,angle,7.3
405,chord_length,0.2286
405,velocity,71.3
405,thickness,0.0104404
405,sound_pressure_level,115.818
406,index,407
406,frequency,200
406,angle,7.3
406,chord_length,0.2286
406,velocity,55.5
406,thickness,0.0111706
406,sound_pressure_level,135.234
407,index,408
407,frequency,250
407,angle,7.3
407,chord_length,0.2286
407,velocity,55.5
407,thickness,0.0111706
407,sound_pressure_level,136.384
408,index,409
408,frequency,315
408,angle,7.3
408,chord_length,0.2286
408,velocity,55.5
408,thickness,0.0111706
408,sound_pressure_level,136.284
409,index,410
409,frequency,400
409,angle,7.3
409,chord_length,0.2286
409,velocity,55.5
409,thickness,0.0111706
409,sound_pressure_level,135.924
410,index,411
410,frequency,500
410,angle,7.3
410,chord_length,0.2286
410,velocity,55.5
410,thickness,0.0111706
410,sound_pressure_level,133.174
411,index,412
411,frequency,630
411,angle,7.3
411,chord_length,0.2286
411,velocity,55.5
411,thickness,0.0111706
411,sound_pressure_level,130.934
412,index,413
412,frequency,800
412,angle,7.3
412,chord_length,0.2286
412,velocity,55.5
412,thickness,0.0111706
412,sound_pressure_level,128.444
413,index,414
413,frequency,1000
413,angle,7.3
413,chord_length,0.2286
413,velocity,55.5
413,thickness,0.0111706
413,sound_pressure_level,125.194
414,index,415
414,frequency,1250
414,angle,7.3
414,chord_length,0.2286
414,velocity,55.5
414,thickness,0.0111706
414,sound_pressure_level,125.724
415,index,416
415,frequency,1600
415,angle,7.3
415,chord_length,0.2286
415,velocity,55.5
415,thickness,0.0111706
415,sound_pressure_level,123.354
416,index,417
416,frequency,2000
416,angle,7.3
416,chord_length,0.2286
416,velocity,55.5
416,thickness,0.0111706
416,sound_pressure_level,120.354
417,index,418
417,frequency,2500
417,angle,7.3
417,chord_length,0.2286
417,velocity,55.5
417,thickness,0.0111706
417,sound_pressure_level,118.994
418,index,419
418,frequency,3150
418,angle,7.3
418,chord_length,0.2286
418,velocity,55.5
418,thickness,0.0111706
418,sound_pressure_level,117.134
419,index,420
419,frequency,4000
419,angle,7.3
419,chord_length,0.2286
419,velocity,55.5
419,thickness,0.0111706
419,sound_pressure_level,117.284
420,index,421
420,frequency,5000
420,angle,7.3
420,chord_length,0.2286
420,velocity,55.5
420,thickness,0.0111706
420,sound_pressure_level,113.144
421,index,422
421,frequency,6300
421,angle,7.3
421,chord_length,0.2286
421,velocity,55.5
421,thickness,0.0111706
421,sound_pressure_level,111.534
422,index,423
422,frequency,200
422,angle,7.3
422,chord_length,0.2286
422,velocity,39.6
422,thickness,0.0123481
422,sound_pressure_level,130.989
423,index,424
423,frequency,250
423,angle,7.3
423,chord_length,0.2286
423,velocity,39.6
423,thickness,0.0123481
423,sound_pressure_level,131.889
424,index,425
424,frequency,315
424,angle,7.3
424,chord_length,0.2286
424,velocity,39.6
424,thickness,0.0123481
424,sound_pressure_level,132.149
425,index,426
425,frequency,400
425,angle,7.3
425,chord_length,0.2286
425,velocity,39.6
425,thickness,0.0123481
425,sound_pressure_level,132.039
426,index,427
426,frequency,500
426,angle,7.3
426,chord_length,0.2286
426,velocity,39.6
426,thickness,0.0123481
426,sound_pressure_level,130.299
427,index,428
427,frequency,630
427,angle,7.3
427,chord_length,0.2286
427,velocity,39.6
427,thickness,0.0123481
427,sound_pressure_level,128.929
428,index,429
428,frequency,800
428,angle,7.3
428,chord_length,0.2286
428,velocity,39.6
428,thickness,0.0123481
428,sound_pressure_level,126.299
429,index,430
429,frequency,1000
429,angle,7.3
429,chord_length,0.2286
429,velocity,39.6
429,thickness,0.0123481
429,sound_pressure_level,122.539
430,index,431
430,frequency,1250
430,angle,7.3
430,chord_length,0.2286
430,velocity,39.6
430,thickness,0.0123481
430,sound_pressure_level,123.189
431,index,432
431,frequency,1600
431,angle,7.3
431,chord_length,0.2286
431,velocity,39.6
431,thickness,0.0123481
431,sound_pressure_level,121.059
432,index,433
432,frequency,2000
432,angle,7.3
432,chord_length,0.2286
432,velocity,39.6
432,thickness,0.0123481
432,sound_pressure_level,117.809
433,index,434
433,frequency,2500
433,angle,7.3
433,chord_length,0.2286
433,velocity,39.6
433,thickness,0.0123481
433,sound_pressure_level,116.559
434,index,435
434,frequency,3150
434,angle,7.3
434,chord_length,0.2286
434,velocity,39.6
434,thickness,0.0123481
434,sound_pressure_level,114.309
435,index,436
435,frequency,4000
435,angle,7.3
435,chord_length,0.2286
435,velocity,39.6
435,thickness,0.0123481
435,sound_pressure_level,114.079
436,index,437
436,frequency,5000
436,angle,7.3
436,chord_length,0.2286
436,velocity,39.6
436,thickness,0.0123481
436,sound_pressure_level,111.959
437,index,438
437,frequency,6300
437,angle,7.3
437,chord_length,0.2286
437,velocity,39.6
437,thickness,0.0123481
437,sound_pressure_level,110.839
438,index,439
438,frequency,200
438,angle,7.3
438,chord_length,0.2286
438,velocity,31.7
438,thickness,0.0132672
438,sound_pressure_level,128.679
439,index,440
439,frequency,250
439,angle,7.3
439,chord_length,0.2286
439,velocity,31.7
439,thickness,0.0132672
439,sound_pressure_level,130.089
440,index,441
440,frequency,315
440,angle,7.3
440,chord_length,0.2286
440,velocity,31.7
440,thickness,0.0132672
440,sound_pressure_level,130.239
441,index,442
441,frequency,400
441,angle,7.3
441,chord_length,0.2286
441,velocity,31.7
441,thickness,0.0132672
441,sound_pressure_level,130.269
442,index,443
442,frequency,500
442,angle,7.3
442,chord_length,0.2286
442,velocity,31.7
442,thickness,0.0132672
442,sound_pressure_level,128.169
443,index,444
443,frequency,630
443,angle,7.3
443,chord_length,0.2286
443,velocity,31.7
443,thickness,0.0132672
443,sound_pressure_level,126.189
444,index,445
444,frequency,800
444,angle,7.3
444,chord_length,0.2286
444,velocity,31.7
444,thickness,0.0132672
444,sound_pressure_level,123.209
445,index,446
445,frequency,1000
445,angle,7.3
445,chord_length,0.2286
445,velocity,31.7
445,thickness,0.0132672
445,sound_pressure_level,119.099
446,index,447
446,frequency,1250
446,angle,7.3
446,chord_length,0.2286
446,velocity,31.7
446,thickness,0.0132672
446,sound_pressure_level,120.509
447,index,448
447,frequency,1600
447,angle,7.3
447,chord_length,0.2286
447,velocity,31.7
447,thickness,0.0132672
447,sound_pressure_level,119.039
448,index,449
448,frequency,2000
448,angle,7.3
448,chord_length,0.2286
448,velocity,31.7
448,thickness,0.0132672
448,sound_pressure_level,115.309
449,index,450
449,frequency,2500
449,angle,7.3
449,chord_length,0.2286
449,velocity,31.7
449,thickness,0.0132672
449,sound_pressure_level,114.709
450,index,451
450,frequency,3150
450,angle,7.3
450,chord_length,0.2286
450,velocity,31.7
450,thickness,0.0132672
450,sound_pressure_level,113.229
451,index,452
451,frequency,4000
451,angle,7.3
451,chord_length,0.2286
451,velocity,31.7
451,thickness,0.0132672
451,sound_pressure_level,112.639
452,index,453
452,frequency,5000
452,angle,7.3
452,chord_length,0.2286
452,velocity,31.7
452,thickness,0.0132672
452,sound_pressure_level,111.029
453,index,454
453,frequency,6300
453,angle,7.3
453,chord_length,0.2286
453,velocity,31.7
453,thickness,0.0132672
453,sound_pressure_level,110.689
454,index,455
454,frequency,800
454,angle,0.0
454,chord_length,0.1524
454,velocity,71.3
454,thickness,0.0015988
454,sound_pressure_level,125.817
455,index,456
455,frequency,1000
455,angle,0.0
455,chord_length,0.1524
455,velocity,71.3
455,thickness,0.0015988
455,sound_pressure_level,127.307
456,index,457
456,frequency,1250
456,angle,0.0
456,chord_length,0.1524
456,velocity,71.3
456,thickness,0.0015988
456,sound_pressure_level,128.927
457,index,458
457,frequency,1600
457,angle,0.0
457,chord_length,0.1524
457,velocity,71.3
457,thickness,0.0015988
457,sound_pressure_level,129.667
458,index,459
458,frequency,2000
458,angle,0.0
458,chord_length,0.1524
458,velocity,71.3
458,thickness,0.0015988
458,sound_pressure_level,128.647
459,index,460
459,frequency,2500
459,angle,0.0
459,chord_length,0.1524
459,velocity,71.3
459,thickness,0.0015988
459,sound_pressure_level,128.127
460,index,461
460,frequency,3150
460,angle,0.0
460,chord_length,0.1524
460,velocity,71.3
460,thickness,0.0015988
460,sound_pressure_level,129.377
461,index,462
461,frequency,4000
461,angle,0.0
461,chord_length,0.1524
461,velocity,71.3
461,thickness,0.0015988
461,sound_pressure_level,128.857
462,index,463
462,frequency,5000
462,angle,0.0
462,chord_length,0.1524
462,velocity,71.3
462,thickness,0.0015988
462,sound_pressure_level,126.457
463,index,464
463,frequency,6300
463,angle,0.0
463,chord_length,0.1524
463,velocity,71.3
463,thickness,0.0015988
463,sound_pressure_level,125.427
464,index,465
464,frequency,8000
464,angle,0.0
464,chord_length,0.1524
464,velocity,71.3
464,thickness,0.0015988
464,sound_pressure_level,122.527
465,index,466
465,frequency,10000
465,angle,0.0
465,chord_length,0.1524
465,velocity,71.3
465,thickness,0.0015988
465,sound_pressure_level,120.247
466,index,467
466,frequency,12500
466,angle,0.0
466,chord_length,0.1524
466,velocity,71.3
466,thickness,0.0015988
466,sound_pressure_level,117.087
467,index,468
467,frequency,16000
467,angle,0.0
467,chord_length,0.1524
467,velocity,71.3
467,thickness,0.0015988
467,sound_pressure_level,113.297
468,index,469
468,frequency,500
468,angle,0.0
468,chord_length,0.1524
468,velocity,55.5
468,thickness,0.00172668
468,sound_pressure_level,120.573
469,index,470
469,frequency,630
469,angle,0.0
469,chord_length,0.1524
469,velocity,55.5
469,thickness,0.00172668
469,sound_pressure_level,123.583
470,index,471
470,frequency,800
470,angle,0.0
470,chord_length,0.1524
470,velocity,55.5
470,thickness,0.00172668
470,sound_pressure_level,126.713
471,index,472
471,frequency,1000
471,angle,0.0
471,chord_length,0.1524
471,velocity,55.5
471,thickness,0.00172668
471,sound_pressure_level,128.583
472,index,473
472,frequency,1250
472,angle,0.0
472,chord_length,0.1524
472,velocity,55.5
472,thickness,0.00172668
472,sound_pressure_level,129.953
473,index,474
473,frequency,1600
473,angle,0.0
473,chord_length,0.1524
473,velocity,55.5
473,thickness,0.00172668
473,sound_pressure_level,130.183
474,index,475
474,frequency,2000
474,angle,0.0
474,chord_length,0.1524
474,velocity,55.5
474,thickness,0.00172668
474,sound_pressure_level,129.673
475,index,476
475,frequency,2500
475,angle,0.0
475,chord_length,0.1524
475,velocity,55.5
475,thickness,0.00172668
475,sound_pressure_level,127.763
476,index,477
476,frequency,3150
476,angle,0.0
476,chord_length,0.1524
476,velocity,55.5
476,thickness,0.00172668
476,sound_pressure_level,127.753
477,index,478
477,frequency,4000
477,angle,0.0
477,chord_length,0.1524
477,velocity,55.5
477,thickness,0.00172668
477,sound_pressure_level,127.233
478,index,479
478,frequency,5000
478,angle,0.0
478,chord_length,0.1524
478,velocity,55.5
478,thickness,0.00172668
478,sound_pressure_level,125.203
479,index,480
479,frequency,6300
479,angle,0.0
479,chord_length,0.1524
479,velocity,55.5
479,thickness,0.00172668
479,sound_pressure_level,123.303
480,index,481
480,frequency,8000
480,angle,0.0
480,chord_length,0.1524
480,velocity,55.5
480,thickness,0.00172668
480,sound_pressure_level,121.903
481,index,482
481,frequency,10000
481,angle,0.0
481,chord_length,0.1524
481,velocity,55.5
481,thickness,0.00172668
481,sound_pressure_level,119.253
482,index,483
482,frequency,12500
482,angle,0.0
482,chord_length,0.1524
482,velocity,55.5
482,thickness,0.00172668
482,sound_pressure_level,117.093
483,index,484
483,frequency,16000
483,angle,0.0
483,chord_length,0.1524
483,velocity,55.5
483,thickness,0.00172668
483,sound_pressure_level,112.803
484,index,485
484,frequency,500
484,angle,0.0
484,chord_length,0.1524
484,velocity,39.6
484,thickness,0.00193287
484,sound_pressure_level,119.513
485,index,486
485,frequency,630
485,angle,0.0
485,chord_length,0.1524
485,velocity,39.6
485,thickness,0.00193287
485,sound_pressure_level,124.403
486,index,487
486,frequency,800
486,angle,0.0
486,chord_length,0.1524
486,velocity,39.6
486,thickness,0.00193287
486,sound_pressure_level,127.903
487,index,488
487,frequency,1000
487,angle,0.0
487,chord_length,0.1524
487,velocity,39.6
487,thickness,0.00193287
487,sound_pressure_level,130.033
488,index,489
488,frequency,1250
488,angle,0.0
488,chord_length,0.1524
488,velocity,39.6
488,thickness,0.00193287
488,sound_pressure_level,131.023
489,index,490
489,frequency,1600
489,angle,0.0
489,chord_length,0.1524
489,velocity,39.6
489,thickness,0.00193287
489,sound_pressure_level,131.013
490,index,491
490,frequency,2000
490,angle,0.0
490,chord_length,0.1524
490,velocity,39.6
490,thickness,0.00193287
490,sound_pressure_level,129.633
491,index,492
491,frequency,2500
491,angle,0.0
491,chord_length,0.1524
491,velocity,39.6
491,thickness,0.00193287
491,sound_pressure_level,126.863
492,index,493
492,frequency,3150
492,angle,0.0
492,chord_length,0.1524
492,velocity,39.6
492,thickness,0.00193287
492,sound_pressure_level,125.603
493,index,494
493,frequency,4000
493,angle,0.0
493,chord_length,0.1524
493,velocity,39.6
493,thickness,0.00193287
493,sound_pressure_level,125.343
494,index,495
494,frequency,5000
494,angle,0.0
494,chord_length,0.1524
494,velocity,39.6
494,thickness,0.00193287
494,sound_pressure_level,123.453
495,index,496
495,frequency,6300
495,angle,0.0
495,chord_length,0.1524
495,velocity,39.6
495,thickness,0.00193287
495,sound_pressure_level,121.313
496,index,497
496,frequency,8000
496,angle,0.0
496,chord_length,0.1524
496,velocity,39.6
496,thickness,0.00193287
496,sound_pressure_level,120.553
497,index,498
497,frequency,10000
497,angle,0.0
497,chord_length,0.1524
497,velocity,39.6
497,thickness,0.00193287
497,sound_pressure_level,115.413
498,index,499
498,frequency,500
498,angle,0.0
498,chord_length,0.1524
498,velocity,31.7
498,thickness,0.00209405
498,sound_pressure_level,121.617
499,index,500
499,frequency,630
499,angle,0.0
499,chord_length,0.1524
499,velocity,31.7
499,thickness,0.00209405
499,sound_pressure_level,125.997
500,index,501
500,frequency,800
500,angle,0.0
500,chord_length,0.1524
500,velocity,31.7
500,thickness,0.00209405
500,sound_pressure_level,129.117
501,index,502
501,frequency,1000
501,angle,0.0
501,chord_length,0.1524
501,velocity,31.7
501,thickness,0.00209405
501,sound_pressure_level,130.987
502,index,503
502,frequency,1250
502,angle,0.0
502,chord_length,0.1524
502,velocity,31.7
502,thickness,0.00209405
502,sound_pressure_level,131.467
503,index,504
503,frequency,1600
503,angle,0.0
503,chord_length,0.1524
503,velocity,31.7
503,thickness,0.00209405
503,sound_pressure_level,130.817
504,index,505
504,frequency,2000
504,angle,0.0
504,chord_length,0.1524
504,velocity,31.7
504,thickness,0.00209405
504,sound_pressure_level,128.907
505,index,506
505,frequency,2500
505,angle,0.0
505,chord_length,0.1524
505,velocity,31.7
505,thickness,0.00209405
505,sound_pressure_level,125.867
506,index,507
506,frequency,3150
506,angle,0.0
506,chord_length,0.1524
506,velocity,31.7
506,thickness,0.00209405
506,sound_pressure_level,124.207
507,index,508
507,frequency,4000
507,angle,0.0
507,chord_length,0.1524
507,velocity,31.7
507,thickness,0.00209405
507,sound_pressure_level,123.807
508,index,509
508,frequency,5000
508,angle,0.0
508,chord_length,0.1524
508,velocity,31.7
508,thickness,0.00209405
508,sound_pressure_level,122.397
509,index,510
509,frequency,6300
509,angle,0.0
509,chord_length,0.1524
509,velocity,31.7
509,thickness,0.00209405
509,sound_pressure_level,119.737
510,index,511
510,frequency,8000
510,angle,0.0
510,chord_length,0.1524
510,velocity,31.7
510,thickness,0.00209405
510,sound_pressure_level,117.957
511,index,512
511,frequency,630
511,angle,2.7
511,chord_length,0.1524
511,velocity,71.3
511,thickness,0.00243851
511,sound_pressure_level,127.404
512,index,513
512,frequency,800
512,angle,2.7
512,chord_length,0.1524
512,velocity,71.3
512,thickness,0.00243851
512,sound_pressure_level,127.394
513,index,514
513,frequency,1000
513,angle,2.7
513,chord_length,0.1524
513,velocity,71.3
513,thickness,0.00243851
513,sound_pressure_level,128.774
514,index,515
514,frequency,1250
514,angle,2.7
514,chord_length,0.1524
514,velocity,71.3
514,thickness,0.00243851
514,sound_pressure_level,130.144
515,index,516
515,frequency,1600
515,angle,2.7
515,chord_length,0.1524
515,velocity,71.3
515,thickness,0.00243851
515,sound_pressure_level,130.644
516,index,517
516,frequency,2000
516,angle,2.7
516,chord_length,0.1524
516,velocity,71.3
516,thickness,0.00243851
516,sound_pressure_level,130.114
517,index,518
517,frequency,2500
517,angle,2.7
517,chord_length,0.1524
517,velocity,71.3
517,thickness,0.00243851
517,sound_pressure_level,128.334
518,index,519
518,frequency,3150
518,angle,2.7
518,chord_length,0.1524
518,velocity,71.3
518,thickness,0.00243851
518,sound_pressure_level,127.054
519,index,520
519,frequency,4000
519,angle,2.7
519,chord_length,0.1524
519,velocity,71.3
519,thickness,0.00243851
519,sound_pressure_level,126.534
520,index,521
520,frequency,5000
520,angle,2.7
520,chord_length,0.1524
520,velocity,71.3
520,thickness,0.00243851
520,sound_pressure_level,124.364
521,index,522
521,frequency,6300
521,angle,2.7
521,chord_length,0.1524
521,velocity,71.3
521,thickness,0.00243851
521,sound_pressure_level,121.944
522,index,523
522,frequency,8000
522,angle,2.7
522,chord_length,0.1524
522,velocity,71.3
522,thickness,0.00243851
522,sound_pressure_level,120.534
523,index,524
523,frequency,10000
523,angle,2.7
523,chord_length,0.1524
523,velocity,71.3
523,thickness,0.00243851
523,sound_pressure_level,116.724
524,index,525
524,frequency,12500
524,angle,2.7
524,chord_length,0.1524
524,velocity,71.3
524,thickness,0.00243851
524,sound_pressure_level,113.034
525,index,526
525,frequency,16000
525,angle,2.7
525,chord_length,0.1524
525,velocity,71.3
525,thickness,0.00243851
525,sound_pressure_level,110.364
526,index,527
526,frequency,500
526,angle,2.7
526,chord_length,0.1524
526,velocity,39.6
526,thickness,0.00294804
526,sound_pressure_level,121.009
527,index,528
527,frequency,630
527,angle,2.7
527,chord_length,0.1524
527,velocity,39.6
527,thickness,0.00294804
527,sound_pressure_level,125.809
528,index,529
528,frequency,800
528,angle,2.7
528,chord_length,0.1524
528,velocity,39.6
528,thickness,0.00294804
528,sound_pressure_level,128.829
529,index,530
529,frequency,1000
529,angle,2.7
529,chord_length,0.1524
529,velocity,39.6
529,thickness,0.00294804
529,sound_pressure_level,130.589
530,index,531
530,frequency,1250
530,angle,2.7
530,chord_length,0.1524
530,velocity,39.6
530,thickness,0.00294804
530,sound_pressure_level,130.829
531,index,532
531,frequency,1600
531,angle,2.7
531,chord_length,0.1524
531,velocity,39.6
531,thickness,0.00294804
531,sound_pressure_level,130.049
532,index,533
532,frequency,2000
532,angle,2.7
532,chord_length,0.1524
532,velocity,39.6
532,thickness,0.00294804
532,sound_pressure_level,128.139
533,index,534
533,frequency,2500
533,angle,2.7
533,chord_length,0.1524
533,velocity,39.6
533,thickness,0.00294804
533,sound_pressure_level,125.589
534,index,535
534,frequency,3150
534,angle,2.7
534,chord_length,0.1524
534,velocity,39.6
534,thickness,0.00294804
534,sound_pressure_level,122.919
535,index,536
535,frequency,4000
535,angle,2.7
535,chord_length,0.1524
535,velocity,39.6
535,thickness,0.00294804
535,sound_pressure_level,121.889
536,index,537
536,frequency,5000
536,angle,2.7
536,chord_length,0.1524
536,velocity,39.6
536,thickness,0.00294804
536,sound_pressure_level,121.499
537,index,538
537,frequency,6300
537,angle,2.7
537,chord_length,0.1524
537,velocity,39.6
537,thickness,0.00294804
537,sound_pressure_level,119.209
538,index,539
538,frequency,8000
538,angle,2.7
538,chord_length,0.1524
538,velocity,39.6
538,thickness,0.00294804
538,sound_pressure_level,116.659
539,index,540
539,frequency,10000
539,angle,2.7
539,chord_length,0.1524
539,velocity,39.6
539,thickness,0.00294804
539,sound_pressure_level,112.589
540,index,541
540,frequency,12500
540,angle,2.7
540,chord_length,0.1524
540,velocity,39.6
540,thickness,0.00294804
540,sound_pressure_level,108.649
541,index,542
541,frequency,400
541,angle,5.4
541,chord_length,0.1524
541,velocity,71.3
541,thickness,0.00401199
541,sound_pressure_level,124.121
542,index,543
542,frequency,500
542,angle,5.4
542,chord_length,0.1524
542,velocity,71.3
542,thickness,0.00401199
542,sound_pressure_level,126.291
543,index,544
543,frequency,630
543,angle,5.4
543,chord_length,0.1524
543,velocity,71.3
543,thickness,0.00401199
543,sound_pressure_level,128.971
544,index,545
544,frequency,800
544,angle,5.4
544,chord_length,0.1524
544,velocity,71.3
544,thickness,0.00401199
544,sound_pressure_level,131.281
545,index,546
545,frequency,1000
545,angle,5.4
545,chord_length,0.1524
545,velocity,71.3
545,thickness,0.00401199
545,sound_pressure_level,133.201
546,index,547
546,frequency,1250
546,angle,5.4
546,chord_length,0.1524
546,velocity,71.3
546,thickness,0.00401199
546,sound_pressure_level,134.111
547,index,548
547,frequency,1600
547,angle,5.4
547,chord_length,0.1524
547,velocity,71.3
547,thickness,0.00401199
547,sound_pressure_level,133.241
548,index,549
548,frequency,2000
548,angle,5.4
548,chord_length,0.1524
548,velocity,71.3
548,thickness,0.00401199
548,sound_pressure_level,131.111
549,index,550
549,frequency,2500
549,angle,5.4
549,chord_length,0.1524
549,velocity,71.3
549,thickness,0.00401199
549,sound_pressure_level,127.591
550,index,551
550,frequency,3150
550,angle,5.4
550,chord_length,0.1524
550,velocity,71.3
550,thickness,0.00401199
550,sound_pressure_level,123.311
551,index,552
551,frequency,4000
551,angle,5.4
551,chord_length,0.1524
551,velocity,71.3
551,thickness,0.00401199
551,sound_pressure_level,121.431
552,index,553
552,frequency,5000
552,angle,5.4
552,chord_length,0.1524
552,velocity,71.3
552,thickness,0.00401199
552,sound_pressure_level,120.061
553,index,554
553,frequency,6300
553,angle,5.4
553,chord_length,0.1524
553,velocity,71.3
553,thickness,0.00401199
553,sound_pressure_level,116.411
554,index,555
554,frequency,400
554,angle,5.4
554,chord_length,0.1524
554,velocity,55.5
554,thickness,0.00433288
554,sound_pressure_level,126.807
555,index,556
555,frequency,500
555,angle,5.4
555,chord_length,0.1524
555,velocity,55.5
555,thickness,0.00433288
555,sound_pressure_level,129.367
556,index,557
556,frequency,630
556,angle,5.4
556,chord_length,0.1524
556,velocity,55.5
556,thickness,0.00433288
556,sound_pressure_level,131.807
557,index,558
557,frequency,800
557,angle,5.4
557,chord_length,0.1524
557,velocity,55.5
557,thickness,0.00433288
557,sound_pressure_level,133.097
558,index,559
558,frequency,1000
558,angle,5.4
558,chord_length,0.1524
558,velocity,55.5
558,thickness,0.00433288
558,sound_pressure_level,132.127
559,index,560
559,frequency,1250
559,angle,5.4
559,chord_length,0.1524
559,velocity,55.5
559,thickness,0.00433288
559,sound_pressure_level,130.777
560,index,561
560,frequency,1600
560,angle,5.4
560,chord_length,0.1524
560,velocity,55.5
560,thickness,0.00433288
560,sound_pressure_level,130.567
561,index,562
561,frequency,2000
561,angle,5.4
561,chord_length,0.1524
561,velocity,55.5
561,thickness,0.00433288
561,sound_pressure_level,128.707
562,index,563
562,frequency,2500
562,angle,5.4
562,chord_length,0.1524
562,velocity,55.5
562,thickness,0.00433288
562,sound_pressure_level,124.077
563,index,564
563,frequency,3150
563,angle,5.4
563,chord_length,0.1524
563,velocity,55.5
563,thickness,0.00433288
563,sound_pressure_level,121.587
564,index,565
564,frequency,4000
564,angle,5.4
564,chord_length,0.1524
564,velocity,55.5
564,thickness,0.00433288
564,sound_pressure_level,119.737
565,index,566
565,frequency,5000
565,angle,5.4
565,chord_length,0.1524
565,velocity,55.5
565,thickness,0.00433288
565,sound_pressure_level,118.757
566,index,567
566,frequency,6300
566,angle,5.4
566,chord_length,0.1524
566,velocity,55.5
566,thickness,0.00433288
566,sound_pressure_level,117.287
567,index,568
567,frequency,8000
567,angle,5.4
567,chord_length,0.1524
567,velocity,55.5
567,thickness,0.00433288
567,sound_pressure_level,114.927
568,index,569
568,frequency,315
568,angle,5.4
568,chord_length,0.1524
568,velocity,39.6
568,thickness,0.00485029
568,sound_pressure_level,125.347
569,index,570
569,frequency,400
569,angle,5.4
569,chord_length,0.1524
569,velocity,39.6
569,thickness,0.00485029
569,sound_pressure_level,127.637
570,index,571
570,frequency,500
570,angle,5.4
570,chord_length,0.1524
570,velocity,39.6
570,thickness,0.00485029
570,sound_pressure_level,129.937
571,index,572
571,frequency,630
571,angle,5.4
571,chord_length,0.1524
571,velocity,39.6
571,thickness,0.00485029
571,sound_pressure_level,132.357
572,index,573
572,frequency,800
572,angle,5.4
572,chord_length,0.1524
572,velocity,39.6
572,thickness,0.00485029
572,sound_pressure_level,132.757
573,index,574
573,frequency,1000
573,angle,5.4
573,chord_length,0.1524
573,velocity,39.6
573,thickness,0.00485029
573,sound_pressure_level,130.507
574,index,575
574,frequency,1250
574,angle,5.4
574,chord_length,0.1524
574,velocity,39.6
574,thickness,0.00485029
574,sound_pressure_level,127.117
575,index,576
575,frequency,1600
575,angle,5.4
575,chord_length,0.1524
575,velocity,39.6
575,thickness,0.00485029
575,sound_pressure_level,126.267
576,index,577
576,frequency,2000
576,angle,5.4
576,chord_length,0.1524
576,velocity,39.6
576,thickness,0.00485029
576,sound_pressure_level,124.647
577,index,578
577,frequency,2500
577,angle,5.4
577,chord_length,0.1524
577,velocity,39.6
577,thickness,0.00485029
577,sound_pressure_level,120.497
578,index,579
578,frequency,3150
578,angle,5.4
578,chord_length,0.1524
578,velocity,39.6
578,thickness,0.00485029
578,sound_pressure_level,119.137
579,index,580
579,frequency,4000
579,angle,5.4
579,chord_length,0.1524
579,velocity,39.6
579,thickness,0.00485029
579,sound_pressure_level,117.137
580,index,581
580,frequency,5000
580,angle,5.4
580,chord_length,0.1524
580,velocity,39.6
580,thickness,0.00485029
580,sound_pressure_level,117.037
581,index,582
581,frequency,6300
581,angle,5.4
581,chord_length,0.1524
581,velocity,39.6
581,thickness,0.00485029
581,sound_pressure_level,116.677
582,index,583
582,frequency,315
582,angle,5.4
582,chord_length,0.1524
582,velocity,31.7
582,thickness,0.00525474
582,sound_pressure_level,125.741
583,index,584
583,frequency,400
583,angle,5.4
583,chord_length,0.1524
583,velocity,31.7
583,thickness,0.00525474
583,sound_pressure_level,127.781
584,index,585
584,frequency,500
584,angle,5.4
584,chord_length,0.1524
584,velocity,31.7
584,thickness,0.00525474
584,sound_pressure_level,129.681
585,index,586
585,frequency,630
585,angle,5.4
585,chord_length,0.1524
585,velocity,31.7
585,thickness,0.00525474
585,sound_pressure_level,131.471
586,index,587
586,frequency,800
586,angle,5.4
586,chord_length,0.1524
586,velocity,31.7
586,thickness,0.00525474
586,sound_pressure_level,131.491
587,index,588
587,frequency,1000
587,angle,5.4
587,chord_length,0.1524
587,velocity,31.7
587,thickness,0.00525474
587,sound_pressure_level,128.241
588,index,589
588,frequency,1250
588,angle,5.4
588,chord_length,0.1524
588,velocity,31.7
588,thickness,0.00525474
588,sound_pressure_level,123.991
589,index,590
589,frequency,1600
589,angle,5.4
589,chord_length,0.1524
589,velocity,31.7
589,thickness,0.00525474
589,sound_pressure_level,123.761
590,index,591
590,frequency,2000
590,angle,5.4
590,chord_length,0.1524
590,velocity,31.7
590,thickness,0.00525474
590,sound_pressure_level,122.771
591,index,592
591,frequency,2500
591,angle,5.4
591,chord_length,0.1524
591,velocity,31.7
591,thickness,0.00525474
591,sound_pressure_level,119.151
592,index,593
592,frequency,3150
592,angle,5.4
592,chord_length,0.1524
592,velocity,31.7
592,thickness,0.00525474
592,sound_pressure_level,118.291
593,index,594
593,frequency,4000
593,angle,5.4
593,chord_length,0.1524
593,velocity,31.7
593,thickness,0.00525474
593,sound_pressure_level,116.181
594,index,595
594,frequency,5000
594,angle,5.4
594,chord_length,0.1524
594,velocity,31.7
594,thickness,0.00525474
594,sound_pressure_level,115.691
595,index,596
595,frequency,6300
595,angle,5.4
595,chord_length,0.1524
595,velocity,31.7
595,thickness,0.00525474
595,sound_pressure_level,115.591
596,index,597
596,frequency,315
596,angle,7.2
596,chord_length,0.1524
596,velocity,71.3
596,thickness,0.00752039
596,sound_pressure_level,128.713
597,index,598
597,frequency,400
597,angle,7.2
597,chord_length,0.1524
597,velocity,71.3
597,thickness,0.00752039
597,sound_pressure_level,130.123
598,index,599
598,frequency,500
598,angle,7.2
598,chord_length,0.1524
598,velocity,71.3
598,thickness,0.00752039
598,sound_pressure_level,132.043
599,index,600
599,frequency,630
599,angle,7.2
599,chord_length,0.1524
599,velocity,71.3
599,thickness,0.00752039
599,sound_pressure_level,134.853
600,index,601
600,frequency,800
600,angle,7.2
600,chord_length,0.1524
600,velocity,71.3
600,thickness,0.00752039
600,sound_pressure_level,136.023
601,index,602
601,frequency,1000
601,angle,7.2
601,chord_length,0.1524
601,velocity,71.3
601,thickness,0.00752039
601,sound_pressure_level,134.273
602,index,603
602,frequency,1250
602,angle,7.2
602,chord_length,0.1524
602,velocity,71.3
602,thickness,0.00752039
602,sound_pressure_level,132.513
603,index,604
603,frequency,1600
603,angle,7.2
603,chord_length,0.1524
603,velocity,71.3
603,thickness,0.00752039
603,sound_pressure_level,130.893
604,index,605
604,frequency,2000
604,angle,7.2
604,chord_length,0.1524
604,velocity,71.3
604,thickness,0.00752039
604,sound_pressure_level,128.643
605,index,606
605,frequency,2500
605,angle,7.2
605,chord_length,0.1524
605,velocity,71.3
605,thickness,0.00752039
605,sound_pressure_level,124.353
606,index,607
606,frequency,3150
606,angle,7.2
606,chord_length,0.1524
606,velocity,71.3
606,thickness,0.00752039
606,sound_pressure_level,116.783
607,index,608
607,frequency,4000
607,angle,7.2
607,chord_length,0.1524
607,velocity,71.3
607,thickness,0.00752039
607,sound_pressure_level,119.343
608,index,609
608,frequency,5000
608,angle,7.2
608,chord_length,0.1524
608,velocity,71.3
608,thickness,0.00752039
608,sound_pressure_level,118.343
609,index,610
609,frequency,6300
609,angle,7.2
609,chord_length,0.1524
609,velocity,71.3
609,thickness,0.00752039
609,sound_pressure_level,116.603
610,index,611
610,frequency,8000
610,angle,7.2
610,chord_length,0.1524
610,velocity,71.3
610,thickness,0.00752039
610,sound_pressure_level,113.333
611,index,612
611,frequency,10000
611,angle,7.2
611,chord_length,0.1524
611,velocity,71.3
611,thickness,0.00752039
611,sound_pressure_level,110.313
612,index,613
612,frequency,250
612,angle,7.2
612,chord_length,0.1524
612,velocity,39.6
612,thickness,0.00909175
612,sound_pressure_level,127.488
613,index,614
613,frequency,315
613,angle,7.2
613,chord_length,0.1524
613,velocity,39.6
613,thickness,0.00909175
613,sound_pressure_level,130.558
614,index,615
614,frequency,400
614,angle,7.2
614,chord_length,0.1524
614,velocity,39.6
614,thickness,0.00909175
614,sound_pressure_level,132.118
615,index,616
615,frequency,500
615,angle,7.2
615,chord_length,0.1524
615,velocity,39.6
615,thickness,0.00909175
615,sound_pressure_level,132.658
616,index,617
616,frequency,630
616,angle,7.2
616,chord_length,0.1524
616,velocity,39.6
616,thickness,0.00909175
616,sound_pressure_level,133.198
617,index,618
617,frequency,800
617,angle,7.2
617,chord_length,0.1524
617,velocity,39.6
617,thickness,0.00909175
617,sound_pressure_level,132.358
618,index,619
618,frequency,1000
618,angle,7.2
618,chord_length,0.1524
618,velocity,39.6
618,thickness,0.00909175
618,sound_pressure_level,128.338
619,index,620
619,frequency,1250
619,angle,7.2
619,chord_length,0.1524
619,velocity,39.6
619,thickness,0.00909175
619,sound_pressure_level,122.428
620,index,621
620,frequency,1600
620,angle,7.2
620,chord_length,0.1524
620,velocity,39.6
620,thickness,0.00909175
620,sound_pressure_level,120.058
621,index,622
621,frequency,2000
621,angle,7.2
621,chord_length,0.1524
621,velocity,39.6
621,thickness,0.00909175
621,sound_pressure_level,120.228
622,index,623
622,frequency,2500
622,angle,7.2
622,chord_length,0.1524
622,velocity,39.6
622,thickness,0.00909175
622,sound_pressure_level,117.478
623,index,624
623,frequency,3150
623,angle,7.2
623,chord_length,0.1524
623,velocity,39.6
623,thickness,0.00909175
623,sound_pressure_level,111.818
624,index,625
624,frequency,4000
624,angle,7.2
624,chord_length,0.1524
624,velocity,39.6
624,thickness,0.00909175
624,sound_pressure_level,114.258
625,index,626
625,frequency,5000
625,angle,7.2
625,chord_length,0.1524
625,velocity,39.6
625,thickness,0.00909175
625,sound_pressure_level,113.288
626,index,627
626,frequency,6300
626,angle,7.2
626,chord_length,0.1524
626,velocity,39.6
626,thickness,0.00909175
626,sound_pressure_level,112.688
627,index,628
627,frequency,8000
627,angle,7.2
627,chord_length,0.1524
627,velocity,39.6
627,thickness,0.00909175
627,sound_pressure_level,111.588
628,index,629
628,frequency,10000
628,angle,7.2
628,chord_length,0.1524
628,velocity,39.6
628,thickness,0.00909175
628,sound_pressure_level,110.868
629,index,630
629,frequency,200
629,angle,9.9
629,chord_length,0.1524
629,velocity,71.3
629,thickness,0.0193001
629,sound_pressure_level,134.319
630,index,631
630,frequency,250
630,angle,9.9
630,chord_length,0.1524
630,velocity,71.3
630,thickness,0.0193001
630,sound_pressure_level,135.329
631,index,632
631,frequency,315
631,angle,9.9
631,chord_length,0.1524
631,velocity,71.3
631,thickness,0.0193001
631,sound_pressure_level,135.459
632,index,633
632,frequency,400
632,angle,9.9
632,chord_length,0.1524
632,velocity,71.3
632,thickness,0.0193001
632,sound_pressure_level,135.079
633,index,634
633,frequency,500
633,angle,9.9
633,chord_length,0.1524
633,velocity,71.3
633,thickness,0.0193001
633,sound_pressure_level,131.279
634,index,635
634,frequency,630
634,angle,9.9
634,chord_length,0.1524
634,velocity,71.3
634,thickness,0.0193001
634,sound_pressure_level,129.889
635,index,636
635,frequency,800
635,angle,9.9
635,chord_length,0.1524
635,velocity,71.3
635,thickness,0.0193001
635,sound_pressure_level,128.879
636,index,637
636,frequency,1000
636,angle,9.9
636,chord_length,0.1524
636,velocity,71.3
636,thickness,0.0193001
636,sound_pressure_level,126.349
637,index,638
637,frequency,1250
637,angle,9.9
637,chord_length,0.1524
637,velocity,71.3
637,thickness,0.0193001
637,sound_pressure_level,122.679
638,index,639
638,frequency,1600
638,angle,9.9
638,chord_length,0.1524
638,velocity,71.3
638,thickness,0.0193001
638,sound_pressure_level,121.789
639,index,640
639,frequency,2000
639,angle,9.9
639,chord_length,0.1524
639,velocity,71.3
639,thickness,0.0193001
639,sound_pressure_level,120.779
640,index,641
640,frequency,2500
640,angle,9.9
640,chord_length,0.1524
640,velocity,71.3
640,thickness,0.0193001
640,sound_pressure_level,119.639
641,index,642
641,frequency,3150
641,angle,9.9
641,chord_length,0.1524
641,velocity,71.3
641,thickness,0.0193001
641,sound_pressure_level,116.849
642,index,643
642,frequency,4000
642,angle,9.9
642,chord_length,0.1524
642,velocity,71.3
642,thickness,0.0193001
642,sound_pressure_level,115.079
643,index,644
643,frequency,5000
643,angle,9.9
643,chord_length,0.1524
643,velocity,71.3
643,thickness,0.0193001
643,sound_pressure_level,114.569
644,index,645
644,frequency,6300
644,angle,9.9
644,chord_length,0.1524
644,velocity,71.3
644,thickness,0.0193001
644,sound_pressure_level,112.039
645,index,646
645,frequency,200
645,angle,9.9
645,chord_length,0.1524
645,velocity,55.5
645,thickness,0.0208438
645,sound_pressure_level,131.955
646,index,647
646,frequency,250
646,angle,9.9
646,chord_length,0.1524
646,velocity,55.5
646,thickness,0.0208438
646,sound_pressure_level,133.235
647,index,648
647,frequency,315
647,angle,9.9
647,chord_length,0.1524
647,velocity,55.5
647,thickness,0.0208438
647,sound_pressure_level,132.355
648,index,649
648,frequency,400
648,angle,9.9
648,chord_length,0.1524
648,velocity,55.5
648,thickness,0.0208438
648,sound_pressure_level,131.605
649,index,650
649,frequency,500
649,angle,9.9
649,chord_length,0.1524
649,velocity,55.5
649,thickness,0.0208438
649,sound_pressure_level,127.815
650,index,651
650,frequency,630
650,angle,9.9
650,chord_length,0.1524
650,velocity,55.5
650,thickness,0.0208438
650,sound_pressure_level,127.315
651,index,652
651,frequency,800
651,angle,9.9
651,chord_length,0.1524
651,velocity,55.5
651,thickness,0.0208438
651,sound_pressure_level,126.565
652,index,653
652,frequency,1000
652,angle,9.9
652,chord_length,0.1524
652,velocity,55.5
652,thickness,0.0208438
652,sound_pressure_level,124.665
653,index,654
653,frequency,1250
653,angle,9.9
653,chord_length,0.1524
653,velocity,55.5
653,thickness,0.0208438
653,sound_pressure_level,121.635
654,index,655
654,frequency,1600
654,angle,9.9
654,chord_length,0.1524
654,velocity,55.5
654,thickness,0.0208438
654,sound_pressure_level,119.875
655,index,656
655,frequency,2000
655,angle,9.9
655,chord_length,0.1524
655,velocity,55.5
655,thickness,0.0208438
655,sound_pressure_level,119.505
656,index,657
656,frequency,2500
656,angle,9.9
656,chord_length,0.1524
656,velocity,55.5
656,thickness,0.0208438
656,sound_pressure_level,118.365
657,index,658
657,frequency,3150
657,angle,9.9
657,chord_length,0.1524
657,velocity,55.5
657,thickness,0.0208438
657,sound_pressure_level,115.085
658,index,659
658,frequency,4000
658,angle,9.9
658,chord_length,0.1524
658,velocity,55.5
658,thickness,0.0208438
658,sound_pressure_level,112.945
659,index,660
659,frequency,5000
659,angle,9.9
659,chord_length,0.1524
659,velocity,55.5
659,thickness,0.0208438
659,sound_pressure_level,112.065
660,index,661
660,frequency,6300
660,angle,9.9
660,chord_length,0.1524
660,velocity,55.5
660,thickness,0.0208438
660,sound_pressure_level,110.555
661,index,662
661,frequency,200
661,angle,9.9
661,chord_length,0.1524
661,velocity,39.6
661,thickness,0.0233328
661,sound_pressure_level,127.315
662,index,663
662,frequency,250
662,angle,9.9
662,chord_length,0.1524
662,velocity,39.6
662,thickness,0.0233328
662,sound_pressure_level,128.335
663,index,664
663,frequency,315
663,angle,9.9
663,chord_length,0.1524
663,velocity,39.6
663,thickness,0.0233328
663,sound_pressure_level,128.595
664,index,665
664,frequency,400
664,angle,9.9
664,chord_length,0.1524
664,velocity,39.6
664,thickness,0.0233328
664,sound_pressure_level,128.345
665,index,666
665,frequency,500
665,angle,9.9
665,chord_length,0.1524
665,velocity,39.6
665,thickness,0.0233328
665,sound_pressure_level,126.835
666,index,667
666,frequency,630
666,angle,9.9
666,chord_length,0.1524
666,velocity,39.6
666,thickness,0.0233328
666,sound_pressure_level,126.465
667,index,668
667,frequency,800
667,angle,9.9
667,chord_length,0.1524
667,velocity,39.6
667,thickness,0.0233328
667,sound_pressure_level,126.345
668,index,669
668,frequency,1000
668,angle,9.9
668,chord_length,0.1524
668,velocity,39.6
668,thickness,0.0233328
668,sound_pressure_level,123.835
669,index,670
669,frequency,1250
669,angle,9.9
669,chord_length,0.1524
669,velocity,39.6
669,thickness,0.0233328
669,sound_pressure_level,120.555
670,index,671
670,frequency,1600
670,angle,9.9
670,chord_length,0.1524
670,velocity,39.6
670,thickness,0.0233328
670,sound_pressure_level,118.545
671,index,672
671,frequency,2000
671,angle,9.9
671,chord_length,0.1524
671,velocity,39.6
671,thickness,0.0233328
671,sound_pressure_level,117.925
672,index,673
672,frequency,2500
672,angle,9.9
672,chord_length,0.1524
672,velocity,39.6
672,thickness,0.0233328
672,sound_pressure_level,116.295
673,index,674
673,frequency,3150
673,angle,9.9
673,chord_length,0.1524
673,velocity,39.6
673,thickness,0.0233328
673,sound_pressure_level,113.525
674,index,675
674,frequency,4000
674,angle,9.9
674,chord_length,0.1524
674,velocity,39.6
674,thickness,0.0233328
674,sound_pressure_level,112.265
675,index,676
675,frequency,5000
675,angle,9.9
675,chord_length,0.1524
675,velocity,39.6
675,thickness,0.0233328
675,sound_pressure_level,111.135
676,index,677
676,frequency,6300
676,angle,9.9
676,chord_length,0.1524
676,velocity,39.6
676,thickness,0.0233328
676,sound_pressure_level,109.885
677,index,678
677,frequency,200
677,angle,9.9
677,chord_length,0.1524
677,velocity,31.7
677,thickness,0.0252785
677,sound_pressure_level,127.299
678,index,679
678,frequency,250
678,angle,9.9
678,chord_length,0.1524
678,velocity,31.7
678,thickness,0.0252785
678,sound_pressure_level,128.559
679,index,680
679,frequency,315
679,angle,9.9
679,chord_length,0.1524
679,velocity,31.7
679,thickness,0.0252785
679,sound_pressure_level,128.809
680,index,681
680,frequency,400
680,angle,9.9
680,chord_length,0.1524
680,velocity,31.7
680,thickness,0.0252785
680,sound_pressure_level,128.939
681,index,682
681,frequency,500
681,angle,9.9
681,chord_length,0.1524
681,velocity,31.7
681,thickness,0.0252785
681,sound_pressure_level,127.179
682,index,683
682,frequency,630
682,angle,9.9
682,chord_length,0.1524
682,velocity,31.7
682,thickness,0.0252785
682,sound_pressure_level,126.049
683,index,684
683,frequency,800
683,angle,9.9
683,chord_length,0.1524
683,velocity,31.7
683,thickness,0.0252785
683,sound_pressure_level,125.539
684,index,685
684,frequency,1000
684,angle,9.9
684,chord_length,0.1524
684,velocity,31.7
684,thickness,0.0252785
684,sound_pressure_level,122.149
685,index,686
685,frequency,1250
685,angle,9.9
685,chord_length,0.1524
685,velocity,31.7
685,thickness,0.0252785
685,sound_pressure_level,118.619
686,index,687
686,frequency,1600
686,angle,9.9
686,chord_length,0.1524
686,velocity,31.7
686,thickness,0.0252785
686,sound_pressure_level,117.119
687,index,688
687,frequency,2000
687,angle,9.9
687,chord_length,0.1524
687,velocity,31.7
687,thickness,0.0252785
687,sound_pressure_level,116.859
688,index,689
688,frequency,2500
688,angle,9.9
688,chord_length,0.1524
688,velocity,31.7
688,thickness,0.0252785
688,sound_pressure_level,114.729
689,index,690
689,frequency,3150
689,angle,9.9
689,chord_length,0.1524
689,velocity,31.7
689,thickness,0.0252785
689,sound_pressure_level,112.209
690,index,691
690,frequency,4000
690,angle,9.9
690,chord_length,0.1524
690,velocity,31.7
690,thickness,0.0252785
690,sound_pressure_level,111.459
691,index,692
691,frequency,5000
691,angle,9.9
691,chord_length,0.1524
691,velocity,31.7
691,thickness,0.0252785
691,sound_pressure_level,109.949
692,index,693
692,frequency,6300
692,angle,9.9
692,chord_length,0.1524
692,velocity,31.7
692,thickness,0.0252785
692,sound_pressure_level,108.689
693,index,694
693,frequency,200
693,angle,12.6
693,chord_length,0.1524
693,velocity,71.3
693,thickness,0.0483159
693,sound_pressure_level,128.354
694,index,695
694,frequency,250
694,angle,12.6
694,chord_length,0.1524
694,velocity,71.3
694,thickness,0.0483159
694,sound_pressure_level,129.744
695,index,696
695,frequency,315
695,angle,12.6
695,chord_length,0.1524
695,velocity,71.3
695,thickness,0.0483159
695,sound_pressure_level,128.484
696,index,697
696,frequency,400
696,angle,12.6
696,chord_length,0.1524
696,velocity,71.3
696,thickness,0.0483159
696,sound_pressure_level,127.094
697,index,698
697,frequency,500
697,angle,12.6
697,chord_length,0.1524
697,velocity,71.3
697,thickness,0.0483159
697,sound_pressure_level,121.664
698,index,699
698,frequency,630
698,angle,12.6
698,chord_length,0.1524
698,velocity,71.3
698,thickness,0.0483159
698,sound_pressure_level,123.304
699,index,700
699,frequency,800
699,angle,12.6
699,chord_length,0.1524
699,velocity,71.3
699,thickness,0.0483159
699,sound_pressure_level,123.054
700,index,701
700,frequency,1000
700,angle,12.6
700,chord_length,0.1524
700,velocity,71.3
700,thickness,0.0483159
700,sound_pressure_level,122.044
701,index,702
701,frequency,1250
701,angle,12.6
701,chord_length,0.1524
701,velocity,71.3
701,thickness,0.0483159
701,sound_pressure_level,120.154
702,index,703
702,frequency,1600
702,angle,12.6
702,chord_length,0.1524
702,velocity,71.3
702,thickness,0.0483159
702,sound_pressure_level,120.534
703,index,704
703,frequency,2000
703,angle,12.6
703,chord_length,0.1524
703,velocity,71.3
703,thickness,0.0483159
703,sound_pressure_level,117.504
704,index,705
704,frequency,2500
704,angle,12.6
704,chord_length,0.1524
704,velocity,71.3
704,thickness,0.0483159
704,sound_pressure_level,115.234
705,index,706
705,frequency,3150
705,angle,12.6
705,chord_length,0.1524
705,velocity,71.3
705,thickness,0.0483159
705,sound_pressure_level,113.334
706,index,707
706,frequency,4000
706,angle,12.6
706,chord_length,0.1524
706,velocity,71.3
706,thickness,0.0483159
706,sound_pressure_level,108.034
707,index,708
707,frequency,5000
707,angle,12.6
707,chord_length,0.1524
707,velocity,71.3
707,thickness,0.0483159
707,sound_pressure_level,108.034
708,index,709
708,frequency,6300
708,angle,12.6
708,chord_length,0.1524
708,velocity,71.3
708,thickness,0.0483159
708,sound_pressure_level,107.284
709,index,710
709,frequency,200
709,angle,12.6
709,chord_length,0.1524
709,velocity,39.6
709,thickness,0.0584113
709,sound_pressure_level,114.75
710,index,711
710,frequency,250
710,angle,12.6
710,chord_length,0.1524
710,velocity,39.6
710,thickness,0.0584113
710,sound_pressure_level,115.89
711,index,712
711,frequency,315
711,angle,12.6
711,chord_length,0.1524
711,velocity,39.6
711,thickness,0.0584113
711,sound_pressure_level,116.02
712,index,713
712,frequency,400
712,angle,12.6
712,chord_length,0.1524
712,velocity,39.6
712,thickness,0.0584113
712,sound_pressure_level,115.91
713,index,714
713,frequency,500
713,angle,12.6
713,chord_length,0.1524
713,velocity,39.6
713,thickness,0.0584113
713,sound_pressure_level,114.9
714,index,715
714,frequency,630
714,angle,12.6
714,chord_length,0.1524
714,velocity,39.6
714,thickness,0.0584113
714,sound_pressure_level,116.55
715,index,716
715,frequency,800
715,angle,12.6
715,chord_length,0.1524
715,velocity,39.6
715,thickness,0.0584113
715,sound_pressure_level,116.56
716,index,717
716,frequency,1000
716,angle,12.6
716,chord_length,0.1524
716,velocity,39.6
716,thickness,0.0584113
716,sound_pressure_level,114.67
717,index,718
717,frequency,1250
717,angle,12.6
717,chord_length,0.1524
717,velocity,39.6
717,thickness,0.0584113
717,sound_pressure_level,112.16
718,index,719
718,frequency,1600
718,angle,12.6
718,chord_length,0.1524
718,velocity,39.6
718,thickness,0.0584113
718,sound_pressure_level,110.78
719,index,720
719,frequency,2000
719,angle,12.6
719,chord_length,0.1524
719,velocity,39.6
719,thickness,0.0584113
719,sound_pressure_level,109.52
720,index,721
720,frequency,2500
720,angle,12.6
720,chord_length,0.1524
720,velocity,39.6
720,thickness,0.0584113
720,sound_pressure_level,106.88
721,index,722
721,frequency,3150
721,angle,12.6
721,chord_length,0.1524
721,velocity,39.6
721,thickness,0.0584113
721,sound_pressure_level,106.26
722,index,723
722,frequency,4000
722,angle,12.6
722,chord_length,0.1524
722,velocity,39.6
722,thickness,0.0584113
722,sound_pressure_level,104.5
723,index,724
723,frequency,5000
723,angle,12.6
723,chord_length,0.1524
723,velocity,39.6
723,thickness,0.0584113
723,sound_pressure_level,104.13
724,index,725
724,frequency,6300
724,angle,12.6
724,chord_length,0.1524
724,velocity,39.6
724,thickness,0.0584113
724,sound_pressure_level,103.38
725,index,726
725,frequency,800
725,angle,0.0
725,chord_length,0.0508
725,velocity,71.3
725,thickness,0.000740478
725,sound_pressure_level,130.96
726,index,727
726,frequency,1000
726,angle,0.0
726,chord_length,0.0508
726,velocity,71.3
726,thickness,0.000740478
726,sound_pressure_level,129.45
727,index,728
727,frequency,1250
727,angle,0.0
727,chord_length,0.0508
727,velocity,71.3
727,thickness,0.000740478
727,sound_pressure_level,128.56
728,index,729
728,frequency,1600
728,angle,0.0
728,chord_length,0.0508
728,velocity,71.3
728,thickness,0.000740478
728,sound_pressure_level,129.68
729,index,730
729,frequency,2000
729,angle,0.0
729,chord_length,0.0508
729,velocity,71.3
729,thickness,0.000740478
729,sound_pressure_level,131.06
730,index,731
730,frequency,2500
730,angle,0.0
730,chord_length,0.0508
730,velocity,71.3
730,thickness,0.000740478
730,sound_pressure_level,131.31
731,index,732
731,frequency,3150
731,angle,0.0
731,chord_length,0.0508
731,velocity,71.3
731,thickness,0.000740478
731,sound_pressure_level,135.07
732,index,733
732,frequency,4000
732,angle,0.0
732,chord_length,0.0508
732,velocity,71.3
732,thickness,0.000740478
732,sound_pressure_level,134.43
733,index,734
733,frequency,5000
733,angle,0.0
733,chord_length,0.0508
733,velocity,71.3
733,thickness,0.000740478
733,sound_pressure_level,134.43
734,index,735
734,frequency,6300
734,angle,0.0
734,chord_length,0.0508
734,velocity,71.3
734,thickness,0.000740478
734,sound_pressure_level,133.04
735,index,736
735,frequency,8000
735,angle,0.0
735,chord_length,0.0508
735,velocity,71.3
735,thickness,0.000740478
735,sound_pressure_level,130.89
736,index,737
736,frequency,10000
736,angle,0.0
736,chord_length,0.0508
736,velocity,71.3
736,thickness,0.000740478
736,sound_pressure_level,128.74
737,index,738
737,frequency,12500
737,angle,0.0
737,chord_length,0.0508
737,velocity,71.3
737,thickness,0.000740478
737,sound_pressure_level,125.22
738,index,739
738,frequency,800
738,angle,0.0
738,chord_length,0.0508
738,velocity,55.5
738,thickness,0.00076193
738,sound_pressure_level,124.336
739,index,740
739,frequency,1000
739,angle,0.0
739,chord_length,0.0508
739,velocity,55.5
739,thickness,0.00076193
739,sound_pressure_level,125.586
740,index,741
740,frequency,1250
740,angle,0.0
740,chord_length,0.0508
740,velocity,55.5
740,thickness,0.00076193
740,sound_pressure_level,127.076
741,index,742
741,frequency,1600
741,angle,0.0
741,chord_length,0.0508
741,velocity,55.5
741,thickness,0.00076193
741,sound_pressure_level,128.576
742,index,743
742,frequency,2000
742,angle,0.0
742,chord_length,0.0508
742,velocity,55.5
742,thickness,0.00076193
742,sound_pressure_level,131.456
743,index,744
743,frequency,2500
743,angle,0.0
743,chord_length,0.0508
743,velocity,55.5
743,thickness,0.00076193
743,sound_pressure_level,133.956
744,index,745
744,frequency,3150
744,angle,0.0
744,chord_length,0.0508
744,velocity,55.5
744,thickness,0.00076193
744,sound_pressure_level,134.826
745,index,746
745,frequency,4000
745,angle,0.0
745,chord_length,0.0508
745,velocity,55.5
745,thickness,0.00076193
745,sound_pressure_level,134.946
746,index,747
746,frequency,5000
746,angle,0.0
746,chord_length,0.0508
746,velocity,55.5
746,thickness,0.00076193
746,sound_pressure_level,134.556
747,index,748
747,frequency,6300
747,angle,0.0
747,chord_length,0.0508
747,velocity,55.5
747,thickness,0.00076193
747,sound_pressure_level,132.796
748,index,749
748,frequency,8000
748,angle,0.0
748,chord_length,0.0508
748,velocity,55.5
748,thickness,0.00076193
748,sound_pressure_level,130.156
749,index,750
749,frequency,10000
749,angle,0.0
749,chord_length,0.0508
749,velocity,55.5
749,thickness,0.00076193
749,sound_pressure_level,127.636
750,index,751
750,frequency,12500
750,angle,0.0
750,chord_length,0.0508
750,velocity,55.5
750,thickness,0.00076193
750,sound_pressure_level,125.376
751,index,752
751,frequency,800
751,angle,0.0
751,chord_length,0.0508
751,velocity,39.6
751,thickness,0.000791822
751,sound_pressure_level,126.508
752,index,753
752,frequency,1000
752,angle,0.0
752,chord_length,0.0508
752,velocity,39.6
752,thickness,0.000791822
752,sound_pressure_level,127.638
753,index,754
753,frequency,1250
753,angle,0.0
753,chord_length,0.0508
753,velocity,39.6
753,thickness,0.000791822
753,sound_pressure_level,129.148
754,index,755
754,frequency,1600
754,angle,0.0
754,chord_length,0.0508
754,velocity,39.6
754,thickness,0.000791822
754,sound_pressure_level,130.908
755,index,756
755,frequency,2000
755,angle,0.0
755,chord_length,0.0508
755,velocity,39.6
755,thickness,0.000791822
755,sound_pressure_level,132.918
756,index,757
756,frequency,2500
756,angle,0.0
756,chord_length,0.0508
756,velocity,39.6
756,thickness,0.000791822
756,sound_pressure_level,134.938
757,index,758
757,frequency,3150
757,angle,0.0
757,chord_length,0.0508
757,velocity,39.6
757,thickness,0.000791822
757,sound_pressure_level,135.938
758,index,759
758,frequency,4000
758,angle,0.0
758,chord_length,0.0508
758,velocity,39.6
758,thickness,0.000791822
758,sound_pressure_level,135.308
759,index,760
759,frequency,5000
759,angle,0.0
759,chord_length,0.0508
759,velocity,39.6
759,thickness,0.000791822
759,sound_pressure_level,134.308
760,index,761
760,frequency,6300
760,angle,0.0
760,chord_length,0.0508
760,velocity,39.6
760,thickness,0.000791822
760,sound_pressure_level,131.918
761,index,762
761,frequency,8000
761,angle,0.0
761,chord_length,0.0508
761,velocity,39.6
761,thickness,0.000791822
761,sound_pressure_level,128.518
762,index,763
762,frequency,10000
762,angle,0.0
762,chord_length,0.0508
762,velocity,39.6
762,thickness,0.000791822
762,sound_pressure_level,125.998
763,index,764
763,frequency,12500
763,angle,0.0
763,chord_length,0.0508
763,velocity,39.6
763,thickness,0.000791822
763,sound_pressure_level,123.988
764,index,765
764,frequency,800
764,angle,0.0
764,chord_length,0.0508
764,velocity,31.7
764,thickness,0.000812164
764,sound_pressure_level,122.79
765,index,766
765,frequency,1000
765,angle,0.0
765,chord_length,0.0508
765,velocity,31.7
765,thickness,0.000812164
765,sound_pressure_level,126.78
766,index,767
766,frequency,1250
766,angle,0.0
766,chord_length,0.0508
766,velocity,31.7
766,thickness,0.000812164
766,sound_pressure_level,129.27
767,index,768
767,frequency,1600
767,angle,0.0
767,chord_length,0.0508
767,velocity,31.7
767,thickness,0.000812164
767,sound_pressure_level,131.01
768,index,769
768,frequency,2000
768,angle,0.0
768,chord_length,0.0508
768,velocity,31.7
768,thickness,0.000812164
768,sound_pressure_level,133.01
769,index,770
769,frequency,2500
769,angle,0.0
769,chord_length,0.0508
769,velocity,31.7
769,thickness,0.000812164
769,sound_pressure_level,134.87
770,index,771
770,frequency,3150
770,angle,0.0
770,chord_length,0.0508
770,velocity,31.7
770,thickness,0.000812164
770,sound_pressure_level,135.49
771,index,772
771,frequency,4000
771,angle,0.0
771,chord_length,0.0508
771,velocity,31.7
771,thickness,0.000812164
771,sound_pressure_level,134.11
772,index,773
772,frequency,5000
772,angle,0.0
772,chord_length,0.0508
772,velocity,31.7
772,thickness,0.000812164
772,sound_pressure_level,133.23
773,index,774
773,frequency,6300
773,angle,0.0
773,chord_length,0.0508
773,velocity,31.7
773,thickness,0.000812164
773,sound_pressure_level,130.34
774,index,775
774,frequency,8000
774,angle,0.0
774,chord_length,0.0508
774,velocity,31.7
774,thickness,0.000812164
774,sound_pressure_level,126.59
775,index,776
775,frequency,10000
775,angle,0.0
775,chord_length,0.0508
775,velocity,31.7
775,thickness,0.000812164
775,sound_pressure_level,122.45
776,index,777
776,frequency,12500
776,angle,0.0
776,chord_length,0.0508
776,velocity,31.7
776,thickness,0.000812164
776,sound_pressure_level,119.07
777,index,778
777,frequency,1600
777,angle,4.2
777,chord_length,0.0508
777,velocity,71.3
777,thickness,0.00142788
777,sound_pressure_level,124.318
778,index,779
778,frequency,2000
778,angle,4.2
778,chord_length,0.0508
778,velocity,71.3
778,thickness,0.00142788
778,sound_pressure_level,129.848
779,index,780
779,frequency,2500
779,angle,4.2
779,chord_length,0.0508
779,velocity,71.3
779,thickness,0.00142788
779,sound_pressure_level,131.978
780,index,781
780,frequency,3150
780,angle,4.2
780,chord_length,0.0508
780,velocity,71.3
780,thickness,0.00142788
780,sound_pressure_level,133.728
781,index,782
781,frequency,4000
781,angle,4.2
781,chord_length,0.0508
781,velocity,71.3
781,thickness,0.00142788
781,sound_pressure_level,133.598
782,index,783
782,frequency,5000
782,angle,4.2
782,chord_length,0.0508
782,velocity,71.3
782,thickness,0.00142788
782,sound_pressure_level,132.828
783,index,784
783,frequency,6300
783,angle,4.2
783,chord_length,0.0508
783,velocity,71.3
783,thickness,0.00142788
783,sound_pressure_level,129.308
784,index,785
784,frequency,8000
784,angle,4.2
784,chord_length,0.0508
784,velocity,71.3
784,thickness,0.00142788
784,sound_pressure_level,125.268
785,index,786
785,frequency,10000
785,angle,4.2
785,chord_length,0.0508
785,velocity,71.3
785,thickness,0.00142788
785,sound_pressure_level,121.238
786,index,787
786,frequency,12500
786,angle,4.2
786,chord_length,0.0508
786,velocity,71.3
786,thickness,0.00142788
786,sound_pressure_level,117.328
787,index,788
787,frequency,1000
787,angle,4.2
787,chord_length,0.0508
787,velocity,39.6
787,thickness,0.00152689
787,sound_pressure_level,125.647
788,index,789
788,frequency,1250
788,angle,4.2
788,chord_length,0.0508
788,velocity,39.6
788,thickness,0.00152689
788,sound_pressure_level,128.427
789,index,790
789,frequency,1600
789,angle,4.2
789,chord_length,0.0508
789,velocity,39.6
789,thickness,0.00152689
789,sound_pressure_level,130.197
790,index,791
790,frequency,2000
790,angle,4.2
790,chord_length,0.0508
790,velocity,39.6
790,thickness,0.00152689
790,sound_pressure_level,132.587
791,index,792
791,frequency,2500
791,angle,4.2
791,chord_length,0.0508
791,velocity,39.6
791,thickness,0.00152689
791,sound_pressure_level,133.847
792,index,793
792,frequency,3150
792,angle,4.2
792,chord_length,0.0508
792,velocity,39.6
792,thickness,0.00152689
792,sound_pressure_level,133.587
793,index,794
793,frequency,4000
793,angle,4.2
793,chord_length,0.0508
793,velocity,39.6
793,thickness,0.00152689
793,sound_pressure_level,131.807
794,index,795
794,frequency,5000
794,angle,4.2
794,chord_length,0.0508
794,velocity,39.6
794,thickness,0.00152689
794,sound_pressure_level,129.777
795,index,796
795,frequency,6300
795,angle,4.2
795,chord_length,0.0508
795,velocity,39.6
795,thickness,0.00152689
795,sound_pressure_level,125.717
796,index,797
796,frequency,8000
796,angle,4.2
796,chord_length,0.0508
796,velocity,39.6
796,thickness,0.00152689
796,sound_pressure_level,120.397
797,index,798
797,frequency,10000
797,angle,4.2
797,chord_length,0.0508
797,velocity,39.6
797,thickness,0.00152689
797,sound_pressure_level,116.967
798,index,799
798,frequency,800
798,angle,8.4
798,chord_length,0.0508
798,velocity,71.3
798,thickness,0.00529514
798,sound_pressure_level,127.556
799,index,800
799,frequency,1000
799,angle,8.4
799,chord_length,0.0508
799,velocity,71.3
799,thickness,0.00529514
799,sound_pressure_level,129.946
800,index,801
800,frequency,1250
800,angle,8.4
800,chord_length,0.0508
800,velocity,71.3
800,thickness,0.00529514
800,sound_pressure_level,132.086
801,index,802
801,frequency,1600
801,angle,8.4
801,chord_length,0.0508
801,velocity,71.3
801,thickness,0.00529514
801,sound_pressure_level,133.846
802,index,803
802,frequency,2000
802,angle,8.4
802,chord_length,0.0508
802,velocity,71.3
802,thickness,0.00529514
802,sound_pressure_level,134.476
803,index,804
803,frequency,2500
803,angle,8.4
803,chord_length,0.0508
803,velocity,71.3
803,thickness,0.00529514
803,sound_pressure_level,134.226
804,index,805
804,frequency,3150
804,angle,8.4
804,chord_length,0.0508
804,velocity,71.3
804,thickness,0.00529514
804,sound_pressure_level,131.966
805,index,806
805,frequency,4000
805,angle,8.4
805,chord_length,0.0508
805,velocity,71.3
805,thickness,0.00529514
805,sound_pressure_level,126.926
806,index,807
806,frequency,5000
806,angle,8.4
806,chord_length,0.0508
806,velocity,71.3
806,thickness,0.00529514
806,sound_pressure_level,121.146
807,index,808
807,frequency,400
807,angle,8.4
807,chord_length,0.0508
807,velocity,55.5
807,thickness,0.00544854
807,sound_pressure_level,121.582
808,index,809
808,frequency,500
808,angle,8.4
808,chord_length,0.0508
808,velocity,55.5
808,thickness,0.00544854
808,sound_pressure_level,123.742
809,index,810
809,frequency,630
809,angle,8.4
809,chord_length,0.0508
809,velocity,55.5
809,thickness,0.00544854
809,sound_pressure_level,126.152
810,index,811
810,frequency,800
810,angle,8.4
810,chord_length,0.0508
810,velocity,55.5
810,thickness,0.00544854
810,sound_pressure_level,128.562
811,index,812
811,frequency,1000
811,angle,8.4
811,chord_length,0.0508
811,velocity,55.5
811,thickness,0.00544854
811,sound_pressure_level,130.722
812,index,813
812,frequency,1250
812,angle,8.4
812,chord_length,0.0508
812,velocity,55.5
812,thickness,0.00544854
812,sound_pressure_level,132.252
813,index,814
813,frequency,1600
813,angle,8.4
813,chord_length,0.0508
813,velocity,55.5
813,thickness,0.00544854
813,sound_pressure_level,133.032
814,index,815
814,frequency,2000
814,angle,8.4
814,chord_length,0.0508
814,velocity,55.5
814,thickness,0.00544854
814,sound_pressure_level,133.042
815,index,816
815,frequency,2500
815,angle,8.4
815,chord_length,0.0508
815,velocity,55.5
815,thickness,0.00544854
815,sound_pressure_level,131.542
816,index,817
816,frequency,3150
816,angle,8.4
816,chord_length,0.0508
816,velocity,55.5
816,thickness,0.00544854
816,sound_pressure_level,128.402
817,index,818
817,frequency,4000
817,angle,8.4
817,chord_length,0.0508
817,velocity,55.5
817,thickness,0.00544854
817,sound_pressure_level,122.612
818,index,819
818,frequency,5000
818,angle,8.4
818,chord_length,0.0508
818,velocity,55.5
818,thickness,0.00544854
818,sound_pressure_level,115.812
819,index,820
819,frequency,400
819,angle,8.4
819,chord_length,0.0508
819,velocity,39.6
819,thickness,0.00566229
819,sound_pressure_level,120.015
820,index,821
820,frequency,500
820,angle,8.4
820,chord_length,0.0508
820,velocity,39.6
820,thickness,0.00566229
820,sound_pressure_level,122.905
821,index,822
821,frequency,630
821,angle,8.4
821,chord_length,0.0508
821,velocity,39.6
821,thickness,0.00566229
821,sound_pressure_level,126.045
822,index,823
822,frequency,800
822,angle,8.4
822,chord_length,0.0508
822,velocity,39.6
822,thickness,0.00566229
822,sound_pressure_level,128.435
823,index,824
823,frequency,1000
823,angle,8.4
823,chord_length,0.0508
823,velocity,39.6
823,thickness,0.00566229
823,sound_pressure_level,130.195
824,index,825
824,frequency,1250
824,angle,8.4
824,chord_length,0.0508
824,velocity,39.6
824,thickness,0.00566229
824,sound_pressure_level,131.205
825,index,826
825,frequency,1600
825,angle,8.4
825,chord_length,0.0508
825,velocity,39.6
825,thickness,0.00566229
825,sound_pressure_level,130.965
826,index,827
826,frequency,2000
826,angle,8.4
826,chord_length,0.0508
826,velocity,39.6
826,thickness,0.00566229
826,sound_pressure_level,129.965
827,index,828
827,frequency,2500
827,angle,8.4
827,chord_length,0.0508
827,velocity,39.6
827,thickness,0.00566229
827,sound_pressure_level,127.465
828,index,829
828,frequency,3150
828,angle,8.4
828,chord_length,0.0508
828,velocity,39.6
828,thickness,0.00566229
828,sound_pressure_level,123.965
829,index,830
829,frequency,4000
829,angle,8.4
829,chord_length,0.0508
829,velocity,39.6
829,thickness,0.00566229
829,sound_pressure_level,118.955
830,index,831
830,frequency,400
830,angle,8.4
830,chord_length,0.0508
830,velocity,31.7
830,thickness,0.00580776
830,sound_pressure_level,120.076
831,index,832
831,frequency,500
831,angle,8.4
831,chord_length,0.0508
831,velocity,31.7
831,thickness,0.00580776
831,sound_pressure_level,122.966
832,index,833
832,frequency,630
832,angle,8.4
832,chord_length,0.0508
832,velocity,31.7
832,thickness,0.00580776
832,sound_pressure_level,125.856
833,index,834
833,frequency,800
833,angle,8.4
833,chord_length,0.0508
833,velocity,31.7
833,thickness,0.00580776
833,sound_pressure_level,128.246
834,index,835
834,frequency,1000
834,angle,8.4
834,chord_length,0.0508
834,velocity,31.7
834,thickness,0.00580776
834,sound_pressure_level,129.516
835,index,836
835,frequency,1250
835,angle,8.4
835,chord_length,0.0508
835,velocity,31.7
835,thickness,0.00580776
835,sound_pressure_level,130.156
836,index,837
836,frequency,1600
836,angle,8.4
836,chord_length,0.0508
836,velocity,31.7
836,thickness,0.00580776
836,sound_pressure_level,129.296
837,index,838
837,frequency,2000
837,angle,8.4
837,chord_length,0.0508
837,velocity,31.7
837,thickness,0.00580776
837,sound_pressure_level,127.686
838,index,839
838,frequency,2500
838,angle,8.4
838,chord_length,0.0508
838,velocity,31.7
838,thickness,0.00580776
838,sound_pressure_level,125.576
839,index,840
839,frequency,3150
839,angle,8.4
839,chord_length,0.0508
839,velocity,31.7
839,thickness,0.00580776
839,sound_pressure_level,122.086
840,index,841
840,frequency,4000
840,angle,8.4
840,chord_length,0.0508
840,velocity,31.7
840,thickness,0.00580776
840,sound_pressure_level,118.106
841,index,842
841,frequency,200
841,angle,11.2
841,chord_length,0.0508
841,velocity,71.3
841,thickness,0.014072
841,sound_pressure_level,125.941
842,index,843
842,frequency,250
842,angle,11.2
842,chord_length,0.0508
842,velocity,71.3
842,thickness,0.014072
842,sound_pressure_level,127.101
843,index,844
843,frequency,315
843,angle,11.2
843,chord_length,0.0508
843,velocity,71.3
843,thickness,0.014072
843,sound_pressure_level,128.381
844,index,845
844,frequency,400
844,angle,11.2
844,chord_length,0.0508
844,velocity,71.3
844,thickness,0.014072
844,sound_pressure_level,129.281
845,index,846
845,frequency,500
845,angle,11.2
845,chord_length,0.0508
845,velocity,71.3
845,thickness,0.014072
845,sound_pressure_level,130.311
846,index,847
846,frequency,630
846,angle,11.2
846,chord_length,0.0508
846,velocity,71.3
846,thickness,0.014072
846,sound_pressure_level,133.611
847,index,848
847,frequency,800
847,angle,11.2
847,chord_length,0.0508
847,velocity,71.3
847,thickness,0.014072
847,sound_pressure_level,136.031
848,index,849
848,frequency,1000
848,angle,11.2
848,chord_length,0.0508
848,velocity,71.3
848,thickness,0.014072
848,sound_pressure_level,136.941
849,index,850
849,frequency,1250
849,angle,11.2
849,chord_length,0.0508
849,velocity,71.3
849,thickness,0.014072
849,sound_pressure_level,136.191
850,index,851
850,frequency,1600
850,angle,11.2
850,chord_length,0.0508
850,velocity,71.3
850,thickness,0.014072
850,sound_pressure_level,135.191
851,index,852
851,frequency,2000
851,angle,11.2
851,chord_length,0.0508
851,velocity,71.3
851,thickness,0.014072
851,sound_pressure_level,133.311
852,index,853
852,frequency,2500
852,angle,11.2
852,chord_length,0.0508
852,velocity,71.3
852,thickness,0.014072
852,sound_pressure_level,130.541
853,index,854
853,frequency,3150
853,angle,11.2
853,chord_length,0.0508
853,velocity,71.3
853,thickness,0.014072
853,sound_pressure_level,127.141
854,index,855
854,frequency,4000
854,angle,11.2
854,chord_length,0.0508
854,velocity,71.3
854,thickness,0.014072
854,sound_pressure_level,122.471
855,index,856
855,frequency,200
855,angle,11.2
855,chord_length,0.0508
855,velocity,39.6
855,thickness,0.0150478
855,sound_pressure_level,125.01
856,index,857
856,frequency,250
856,angle,11.2
856,chord_length,0.0508
856,velocity,39.6
856,thickness,0.0150478
856,sound_pressure_level,126.43
857,index,858
857,frequency,315
857,angle,11.2
857,chord_length,0.0508
857,velocity,39.6
857,thickness,0.0150478
857,sound_pressure_level,128.99
858,index,859
858,frequency,400
858,angle,11.2
858,chord_length,0.0508
858,velocity,39.6
858,thickness,0.0150478
858,sound_pressure_level,130.67
859,index,860
859,frequency,500
859,angle,11.2
859,chord_length,0.0508
859,velocity,39.6
859,thickness,0.0150478
859,sound_pressure_level,131.96
860,index,861
860,frequency,630
860,angle,11.2
860,chord_length,0.0508
860,velocity,39.6
860,thickness,0.0150478
860,sound_pressure_level,133.13
861,index,862
861,frequency,800
861,angle,11.2
861,chord_length,0.0508
861,velocity,39.6
861,thickness,0.0150478
861,sound_pressure_level,133.79
862,index,863
862,frequency,1000
862,angle,11.2
862,chord_length,0.0508
862,velocity,39.6
862,thickness,0.0150478
862,sound_pressure_level,132.43
863,index,864
863,frequency,1250
863,angle,11.2
863,chord_length,0.0508
863,velocity,39.6
863,thickness,0.0150478
863,sound_pressure_level,130.05
864,index,865
864,frequency,1600
864,angle,11.2
864,chord_length,0.0508
864,velocity,39.6
864,thickness,0.0150478
864,sound_pressure_level,126.54
865,index,866
865,frequency,2000
865,angle,11.2
865,chord_length,0.0508
865,velocity,39.6
865,thickness,0.0150478
865,sound_pressure_level,124.42
866,index,867
866,frequency,2500
866,angle,11.2
866,chord_length,0.0508
866,velocity,39.6
866,thickness,0.0150478
866,sound_pressure_level,122.17
867,index,868
867,frequency,3150
867,angle,11.2
867,chord_length,0.0508
867,velocity,39.6
867,thickness,0.0150478
867,sound_pressure_level,119.67
868,index,869
868,frequency,4000
868,angle,11.2
868,chord_length,0.0508
868,velocity,39.6
868,thickness,0.0150478
868,sound_pressure_level,115.52
869,index,870
869,frequency,200
869,angle,15.4
869,chord_length,0.0508
869,velocity,71.3
869,thickness,0.0264269
869,sound_pressure_level,123.595
870,index,871
870,frequency,250
870,angle,15.4
870,chord_length,0.0508
870,velocity,71.3
870,thickness,0.0264269
870,sound_pressure_level,124.835
871,index,872
871,frequency,315
871,angle,15.4
871,chord_length,0.0508
871,velocity,71.3
871,thickness,0.0264269
871,sound_pressure_level,126.195
872,index,873
872,frequency,400
872,angle,15.4
872,chord_length,0.0508
872,velocity,71.3
872,thickness,0.0264269
872,sound_pressure_level,126.805
873,index,874
873,frequency,500
873,angle,15.4
873,chord_length,0.0508
873,velocity,71.3
873,thickness,0.0264269
873,sound_pressure_level,127.285
874,index,875
874,frequency,630
874,angle,15.4
874,chord_length,0.0508
874,velocity,71.3
874,thickness,0.0264269
874,sound_pressure_level,129.645
875,index,876
875,frequency,800
875,angle,15.4
875,chord_length,0.0508
875,velocity,71.3
875,thickness,0.0264269
875,sound_pressure_level,131.515
876,index,877
876,frequency,1000
876,angle,15.4
876,chord_length,0.0508
876,velocity,71.3
876,thickness,0.0264269
876,sound_pressure_level,131.865
877,index,878
877,frequency,1250
877,angle,15.4
877,chord_length,0.0508
877,velocity,71.3
877,thickness,0.0264269
877,sound_pressure_level,130.845
878,index,879
878,frequency,1600
878,angle,15.4
878,chord_length,0.0508
878,velocity,71.3
878,thickness,0.0264269
878,sound_pressure_level,130.065
879,index,880
879,frequency,2000
879,angle,15.4
879,chord_length,0.0508
879,velocity,71.3
879,thickness,0.0264269
879,sound_pressure_level,129.285
880,index,881
880,frequency,2500
880,angle,15.4
880,chord_length,0.0508
880,velocity,71.3
880,thickness,0.0264269
880,sound_pressure_level,127.625
881,index,882
881,frequency,3150
881,angle,15.4
881,chord_length,0.0508
881,velocity,71.3
881,thickness,0.0264269
881,sound_pressure_level,125.715
882,index,883
882,frequency,4000
882,angle,15.4
882,chord_length,0.0508
882,velocity,71.3
882,thickness,0.0264269
882,sound_pressure_level,122.675
883,index,884
883,frequency,5000
883,angle,15.4
883,chord_length,0.0508
883,velocity,71.3
883,thickness,0.0264269
883,sound_pressure_level,119.135
884,index,885
884,frequency,6300
884,angle,15.4
884,chord_length,0.0508
884,velocity,71.3
884,thickness,0.0264269
884,sound_pressure_level,115.215
885,index,886
885,frequency,8000
885,angle,15.4
885,chord_length,0.0508
885,velocity,71.3
885,thickness,0.0264269
885,sound_pressure_level,112.675
886,index,887
886,frequency,200
886,angle,15.4
886,chord_length,0.0508
886,velocity,55.5
886,thickness,0.0271925
886,sound_pressure_level,122.94
887,index,888
887,frequency,250
887,angle,15.4
887,chord_length,0.0508
887,velocity,55.5
887,thickness,0.0271925
887,sound_pressure_level,124.17
888,index,889
888,frequency,315
888,angle,15.4
888,chord_length,0.0508
888,velocity,55.5
888,thickness,0.0271925
888,sound_pressure_level,125.39
889,index,890
889,frequency,400
889,angle,15.4
889,chord_length,0.0508
889,velocity,55.5
889,thickness,0.0271925
889,sound_pressure_level,126.5
890,index,891
890,frequency,500
890,angle,15.4
890,chord_length,0.0508
890,velocity,55.5
890,thickness,0.0271925
890,sound_pressure_level,127.22
891,index,892
891,frequency,630
891,angle,15.4
891,chord_length,0.0508
891,velocity,55.5
891,thickness,0.0271925
891,sound_pressure_level,129.33
892,index,893
892,frequency,800
892,angle,15.4
892,chord_length,0.0508
892,velocity,55.5
892,thickness,0.0271925
892,sound_pressure_level,130.43
893,index,894
893,frequency,1000
893,angle,15.4
893,chord_length,0.0508
893,velocity,55.5
893,thickness,0.0271925
893,sound_pressure_level,130.4
894,index,895
894,frequency,1250
894,angle,15.4
894,chord_length,0.0508
894,velocity,55.5
894,thickness,0.0271925
894,sound_pressure_level,130.0
895,index,896
895,frequency,1600
895,angle,15.4
895,chord_length,0.0508
895,velocity,55.5
895,thickness,0.0271925
895,sound_pressure_level,128.2
896,index,897
896,frequency,2000
896,angle,15.4
896,chord_length,0.0508
896,velocity,55.5
896,thickness,0.0271925
896,sound_pressure_level,127.04
897,index,898
897,frequency,2500
897,angle,15.4
897,chord_length,0.0508
897,velocity,55.5
897,thickness,0.0271925
897,sound_pressure_level,125.63
898,index,899
898,frequency,3150
898,angle,15.4
898,chord_length,0.0508
898,velocity,55.5
898,thickness,0.0271925
898,sound_pressure_level,123.46
899,index,900
899,frequency,4000
899,angle,15.4
899,chord_length,0.0508
899,velocity,55.5
899,thickness,0.0271925
899,sound_pressure_level,120.92
900,index,901
900,frequency,5000
900,angle,15.4
900,chord_length,0.0508
900,velocity,55.5
900,thickness,0.0271925
900,sound_pressure_level,117.11
901,index,902
901,frequency,6300
901,angle,15.4
901,chord_length,0.0508
901,velocity,55.5
901,thickness,0.0271925
901,sound_pressure_level,112.93
902,index,903
902,frequency,200
902,angle,15.4
902,chord_length,0.0508
902,velocity,39.6
902,thickness,0.0282593
902,sound_pressure_level,121.783
903,index,904
903,frequency,250
903,angle,15.4
903,chord_length,0.0508
903,velocity,39.6
903,thickness,0.0282593
903,sound_pressure_level,122.893
904,index,905
904,frequency,315
904,angle,15.4
904,chord_length,0.0508
904,velocity,39.6
904,thickness,0.0282593
904,sound_pressure_level,124.493
905,index,906
905,frequency,400
905,angle,15.4
905,chord_length,0.0508
905,velocity,39.6
905,thickness,0.0282593
905,sound_pressure_level,125.353
906,index,907
906,frequency,500
906,angle,15.4
906,chord_length,0.0508
906,velocity,39.6
906,thickness,0.0282593
906,sound_pressure_level,125.963
907,index,908
907,frequency,630
907,angle,15.4
907,chord_length,0.0508
907,velocity,39.6
907,thickness,0.0282593
907,sound_pressure_level,127.443
908,index,909
908,frequency,800
908,angle,15.4
908,chord_length,0.0508
908,velocity,39.6
908,thickness,0.0282593
908,sound_pressure_level,128.423
909,index,910
909,frequency,1000
909,angle,15.4
909,chord_length,0.0508
909,velocity,39.6
909,thickness,0.0282593
909,sound_pressure_level,127.893
910,index,911
910,frequency,1250
910,angle,15.4
910,chord_length,0.0508
910,velocity,39.6
910,thickness,0.0282593
910,sound_pressure_level,126.743
911,index,912
911,frequency,1600
911,angle,15.4
911,chord_length,0.0508
911,velocity,39.6
911,thickness,0.0282593
911,sound_pressure_level,124.843
912,index,913
912,frequency,2000
912,angle,15.4
912,chord_length,0.0508
912,velocity,39.6
912,thickness,0.0282593
912,sound_pressure_level,123.443
913,index,914
913,frequency,2500
913,angle,15.4
913,chord_length,0.0508
913,velocity,39.6
913,thickness,0.0282593
913,sound_pressure_level,122.413
914,index,915
914,frequency,3150
914,angle,15.4
914,chord_length,0.0508
914,velocity,39.6
914,thickness,0.0282593
914,sound_pressure_level,120.513
915,index,916
915,frequency,4000
915,angle,15.4
915,chord_length,0.0508
915,velocity,39.6
915,thickness,0.0282593
915,sound_pressure_level,118.113
916,index,917
916,frequency,5000
916,angle,15.4
916,chord_length,0.0508
916,velocity,39.6
916,thickness,0.0282593
916,sound_pressure_level,114.453
917,index,918
917,frequency,6300
917,angle,15.4
917,chord_length,0.0508
917,velocity,39.6
917,thickness,0.0282593
917,sound_pressure_level,109.663
918,index,919
918,frequency,200
918,angle,15.4
918,chord_length,0.0508
918,velocity,31.7
918,thickness,0.0289853
918,sound_pressure_level,119.975
919,index,920
919,frequency,250
919,angle,15.4
919,chord_length,0.0508
919,velocity,31.7
919,thickness,0.0289853
919,sound_pressure_level,121.225
920,index,921
920,frequency,315
920,angle,15.4
920,chord_length,0.0508
920,velocity,31.7
920,thickness,0.0289853
920,sound_pressure_level,122.845
921,index,922
921,frequency,400
921,angle,15.4
921,chord_length,0.0508
921,velocity,31.7
921,thickness,0.0289853
921,sound_pressure_level,123.705
922,index,923
922,frequency,500
922,angle,15.4
922,chord_length,0.0508
922,velocity,31.7
922,thickness,0.0289853
922,sound_pressure_level,123.695
923,index,924
923,frequency,630
923,angle,15.4
923,chord_length,0.0508
923,velocity,31.7
923,thickness,0.0289853
923,sound_pressure_level,124.685
924,index,925
924,frequency,800
924,angle,15.4
924,chord_length,0.0508
924,velocity,31.7
924,thickness,0.0289853
924,sound_pressure_level,125.555
925,index,926
925,frequency,1000
925,angle,15.4
925,chord_length,0.0508
925,velocity,31.7
925,thickness,0.0289853
925,sound_pressure_level,124.525
926,index,927
926,frequency,1250
926,angle,15.4
926,chord_length,0.0508
926,velocity,31.7
926,thickness,0.0289853
926,sound_pressure_level,123.255
927,index,928
927,frequency,1600
927,angle,15.4
927,chord_length,0.0508
927,velocity,31.7
927,thickness,0.0289853
927,sound_pressure_level,121.485
928,index,929
928,frequency,2000
928,angle,15.4
928,chord_length,0.0508
928,velocity,31.7
928,thickness,0.0289853
928,sound_pressure_level,120.835
929,index,930
929,frequency,2500
929,angle,15.4
929,chord_length,0.0508
929,velocity,31.7
929,thickness,0.0289853
929,sound_pressure_level,119.945
930,index,931
930,frequency,3150
930,angle,15.4
930,chord_length,0.0508
930,velocity,31.7
930,thickness,0.0289853
930,sound_pressure_level,118.045
931,index,932
931,frequency,4000
931,angle,15.4
931,chord_length,0.0508
931,velocity,31.7
931,thickness,0.0289853
931,sound_pressure_level,115.635
932,index,933
932,frequency,5000
932,angle,15.4
932,chord_length,0.0508
932,velocity,31.7
932,thickness,0.0289853
932,sound_pressure_level,112.355
933,index,934
933,frequency,6300
933,angle,15.4
933,chord_length,0.0508
933,velocity,31.7
933,thickness,0.0289853
933,sound_pressure_level,108.185
934,index,935
934,frequency,200
934,angle,19.7
934,chord_length,0.0508
934,velocity,71.3
934,thickness,0.0341183
934,sound_pressure_level,118.005
935,index,936
935,frequency,250
935,angle,19.7
935,chord_length,0.0508
935,velocity,71.3
935,thickness,0.0341183
935,sound_pressure_level,119.115
936,index,937
936,frequency,315
936,angle,19.7
936,chord_length,0.0508
936,velocity,71.3
936,thickness,0.0341183
936,sound_pressure_level,121.235
937,index,938
937,frequency,400
937,angle,19.7
937,chord_length,0.0508
937,velocity,71.3
937,thickness,0.0341183
937,sound_pressure_level,123.865
938,index,939
938,frequency,500
938,angle,19.7
938,chord_length,0.0508
938,velocity,71.3
938,thickness,0.0341183
938,sound_pressure_level,126.995
939,index,940
939,frequency,630
939,angle,19.7
939,chord_length,0.0508
939,velocity,71.3
939,thickness,0.0341183
939,sound_pressure_level,128.365
940,index,941
940,frequency,800
940,angle,19.7
940,chord_length,0.0508
940,velocity,71.3
940,thickness,0.0341183
940,sound_pressure_level,124.555
941,index,942
941,frequency,1000
941,angle,19.7
941,chord_length,0.0508
941,velocity,71.3
941,thickness,0.0341183
941,sound_pressure_level,121.885
942,index,943
942,frequency,1250
942,angle,19.7
942,chord_length,0.0508
942,velocity,71.3
942,thickness,0.0341183
942,sound_pressure_level,121.485
943,index,944
943,frequency,1600
943,angle,19.7
943,chord_length,0.0508
943,velocity,71.3
943,thickness,0.0341183
943,sound_pressure_level,120.575
944,index,945
944,frequency,2000
944,angle,19.7
944,chord_length,0.0508
944,velocity,71.3
944,thickness,0.0341183
944,sound_pressure_level,120.055
945,index,946
945,frequency,2500
945,angle,19.7
945,chord_length,0.0508
945,velocity,71.3
945,thickness,0.0341183
945,sound_pressure_level,118.385
946,index,947
946,frequency,3150
946,angle,19.7
946,chord_length,0.0508
946,velocity,71.3
946,thickness,0.0341183
946,sound_pressure_level,116.225
947,index,948
947,frequency,4000
947,angle,19.7
947,chord_length,0.0508
947,velocity,71.3
947,thickness,0.0341183
947,sound_pressure_level,113.045
948,index,949
948,frequency,200
948,angle,19.7
948,chord_length,0.0508
948,velocity,39.6
948,thickness,0.036484
948,sound_pressure_level,125.974
949,index,950
949,frequency,250
949,angle,19.7
949,chord_length,0.0508
949,velocity,39.6
949,thickness,0.036484
949,sound_pressure_level,127.224
950,index,951
950,frequency,315
950,angle,19.7
950,chord_length,0.0508
950,velocity,39.6
950,thickness,0.036484
950,sound_pressure_level,129.864
951,index,952
951,frequency,400
951,angle,19.7
951,chord_length,0.0508
951,velocity,39.6
951,thickness,0.036484
951,sound_pressure_level,130.614
952,index,953
952,frequency,500
952,angle,19.7
952,chord_length,0.0508
952,velocity,39.6
952,thickness,0.036484
952,sound_pressure_level,128.444
953,index,954
953,frequency,630
953,angle,19.7
953,chord_length,0.0508
953,velocity,39.6
953,thickness,0.036484
953,sound_pressure_level,120.324
954,index,955
954,frequency,800
954,angle,19.7
954,chord_length,0.0508
954,velocity,39.6
954,thickness,0.036484
954,sound_pressure_level,119.174
955,index,956
955,frequency,1000
955,angle,19.7
955,chord_length,0.0508
955,velocity,39.6
955,thickness,0.036484
955,sound_pressure_level,118.904
956,index,957
956,frequency,1250
956,angle,19.7
956,chord_length,0.0508
956,velocity,39.6
956,thickness,0.036484
956,sound_pressure_level,118.634
957,index,958
957,frequency,1600
957,angle,19.7
957,chord_length,0.0508
957,velocity,39.6
957,thickness,0.036484
957,sound_pressure_level,117.604
958,index,959
958,frequency,2000
958,angle,19.7
958,chord_length,0.0508
958,velocity,39.6
958,thickness,0.036484
958,sound_pressure_level,117.724
959,index,960
959,frequency,2500
959,angle,19.7
959,chord_length,0.0508
959,velocity,39.6
959,thickness,0.036484
959,sound_pressure_level,116.184
960,index,961
960,frequency,3150
960,angle,19.7
960,chord_length,0.0508
960,velocity,39.6
960,thickness,0.036484
960,sound_pressure_level,113.004
961,index,962
961,frequency,4000
961,angle,19.7
961,chord_length,0.0508
961,velocity,39.6
961,thickness,0.036484
961,sound_pressure_level,108.684
962,index,963
962,frequency,2500
962,angle,0.0
962,chord_length,0.0254
962,velocity,71.3
962,thickness,0.000400682
962,sound_pressure_level,133.707
963,index,964
963,frequency,3150
963,angle,0.0
963,chord_length,0.0254
963,velocity,71.3
963,thickness,0.000400682
963,sound_pressure_level,137.007
964,index,965
964,frequency,4000
964,angle,0.0
964,chord_length,0.0254
964,velocity,71.3
964,thickness,0.000400682
964,sound_pressure_level,138.557
965,index,966
965,frequency,5000
965,angle,0.0
965,chord_length,0.0254
965,velocity,71.3
965,thickness,0.000400682
965,sound_pressure_level,136.837
966,index,967
966,frequency,6300
966,angle,0.0
966,chord_length,0.0254
966,velocity,71.3
966,thickness,0.000400682
966,sound_pressure_level,134.987
967,index,968
967,frequency,8000
967,angle,0.0
967,chord_length,0.0254
967,velocity,71.3
967,thickness,0.000400682
967,sound_pressure_level,129.867
968,index,969
968,frequency,10000
968,angle,0.0
968,chord_length,0.0254
968,velocity,71.3
968,thickness,0.000400682
968,sound_pressure_level,130.787
969,index,970
969,frequency,12500
969,angle,0.0
969,chord_length,0.0254
969,velocity,71.3
969,thickness,0.000400682
969,sound_pressure_level,133.207
970,index,971
970,frequency,16000
970,angle,0.0
970,chord_length,0.0254
970,velocity,71.3
970,thickness,0.000400682
970,sound_pressure_level,130.477
971,index,972
971,frequency,20000
971,angle,0.0
971,chord_length,0.0254
971,velocity,71.3
971,thickness,0.000400682
971,sound_pressure_level,123.217
972,index,973
972,frequency,2000
972,angle,0.0
972,chord_length,0.0254
972,velocity,55.5
972,thickness,0.00041229
972,sound_pressure_level,127.623
973,index,974
973,frequency,2500
973,angle,0.0
973,chord_length,0.0254
973,velocity,55.5
973,thickness,0.00041229
973,sound_pressure_level,130.073
974,index,975
974,frequency,3150
974,angle,0.0
974,chord_length,0.0254
974,velocity,55.5
974,thickness,0.00041229
974,sound_pressure_level,130.503
975,index,976
975,frequency,4000
975,angle,0.0
975,chord_length,0.0254
975,velocity,55.5
975,thickness,0.00041229
975,sound_pressure_level,133.223
976,index,977
976,frequency,5000
976,angle,0.0
976,chord_length,0.0254
976,velocity,55.5
976,thickness,0.00041229
976,sound_pressure_level,135.803
977,index,978
977,frequency,6300
977,angle,0.0
977,chord_length,0.0254
977,velocity,55.5
977,thickness,0.00041229
977,sound_pressure_level,136.103
978,index,979
978,frequency,8000
978,angle,0.0
978,chord_length,0.0254
978,velocity,55.5
978,thickness,0.00041229
978,sound_pressure_level,136.163
979,index,980
979,frequency,10000
979,angle,0.0
979,chord_length,0.0254
979,velocity,55.5
979,thickness,0.00041229
979,sound_pressure_level,134.563
980,index,981
980,frequency,12500
980,angle,0.0
980,chord_length,0.0254
980,velocity,55.5
980,thickness,0.00041229
980,sound_pressure_level,131.453
981,index,982
981,frequency,16000
981,angle,0.0
981,chord_length,0.0254
981,velocity,55.5
981,thickness,0.00041229
981,sound_pressure_level,125.683
982,index,983
982,frequency,20000
982,angle,0.0
982,chord_length,0.0254
982,velocity,55.5
982,thickness,0.00041229
982,sound_pressure_level,121.933
983,index,984
983,frequency,1600
983,angle,0.0
983,chord_length,0.0254
983,velocity,39.6
983,thickness,0.000428464
983,sound_pressure_level,124.156
984,index,985
984,frequency,2000
984,angle,0.0
984,chord_length,0.0254
984,velocity,39.6
984,thickness,0.000428464
984,sound_pressure_level,130.026
985,index,986
985,frequency,2500
985,angle,0.0
985,chord_length,0.0254
985,velocity,39.6
985,thickness,0.000428464
985,sound_pressure_level,131.836
986,index,987
986,frequency,3150
986,angle,0.0
986,chord_length,0.0254
986,velocity,39.6
986,thickness,0.000428464
986,sound_pressure_level,133.276
987,index,988
987,frequency,4000
987,angle,0.0
987,chord_length,0.0254
987,velocity,39.6
987,thickness,0.000428464
987,sound_pressure_level,135.346
988,index,989
988,frequency,5000
988,angle,0.0
988,chord_length,0.0254
988,velocity,39.6
988,thickness,0.000428464
988,sound_pressure_level,136.536
989,index,990
989,frequency,6300
989,angle,0.0
989,chord_length,0.0254
989,velocity,39.6
989,thickness,0.000428464
989,sound_pressure_level,136.826
990,index,991
990,frequency,8000
990,angle,0.0
990,chord_length,0.0254
990,velocity,39.6
990,thickness,0.000428464
990,sound_pressure_level,135.866
991,index,992
991,frequency,10000
991,angle,0.0
991,chord_length,0.0254
991,velocity,39.6
991,thickness,0.000428464
991,sound_pressure_level,133.376
992,index,993
992,frequency,12500
992,angle,0.0
992,chord_length,0.0254
992,velocity,39.6
992,thickness,0.000428464
992,sound_pressure_level,129.116
993,index,994
993,frequency,16000
993,angle,0.0
993,chord_length,0.0254
993,velocity,39.6
993,thickness,0.000428464
993,sound_pressure_level,124.986
994,index,995
994,frequency,1000
994,angle,0.0
994,chord_length,0.0254
994,velocity,31.7
994,thickness,0.000439472
994,sound_pressure_level,125.127
995,index,996
995,frequency,1250
995,angle,0.0
995,chord_length,0.0254
995,velocity,31.7
995,thickness,0.000439472
995,sound_pressure_level,127.947
996,index,997
996,frequency,1600
996,angle,0.0
996,chord_length,0.0254
996,velocity,31.7
996,thickness,0.000439472
996,sound_pressure_level,129.267
997,index,998
997,frequency,2000
997,angle,0.0
997,chord_length,0.0254
997,velocity,31.7
997,thickness,0.000439472
997,sound_pressure_level,130.697
998,index,999
998,frequency,2500
998,angle,0.0
998,chord_length,0.0254
998,velocity,31.7
998,thickness,0.000439472
998,sound_pressure_level,132.897
999,index,1000
999,frequency,3150
999,angle,0.0
999,chord_length,0.0254
999,velocity,31.7
999,thickness,0.000439472
999,sound_pressure_level,135.227
1000,index,1001
1000,frequency,4000
1000,angle,0.0
1000,chord_length,0.0254
1000,velocity,31.7
1000,thickness,0.000439472
1000,sound_pressure_level,137.047
1001,index,1002
1001,frequency,5000
1001,angle,0.0
1001,chord_length,0.0254
1001,velocity,31.7
1001,thickness,0.000439472
1001,sound_pressure_level,138.607
1002,index,1003
1002,frequency,6300
1002,angle,0.0
1002,chord_length,0.0254
1002,velocity,31.7
1002,thickness,0.000439472
1002,sound_pressure_level,138.537
1003,index,1004
1003,frequency,8000
1003,angle,0.0
1003,chord_length,0.0254
1003,velocity,31.7
1003,thickness,0.000439472
1003,sound_pressure_level,137.207
1004,index,1005
1004,frequency,10000
1004,angle,0.0
1004,chord_length,0.0254
1004,velocity,31.7
1004,thickness,0.000439472
1004,sound_pressure_level,134.227
1005,index,1006
1005,frequency,12500
1005,angle,0.0
1005,chord_length,0.0254
1005,velocity,31.7
1005,thickness,0.000439472
1005,sound_pressure_level,128.977
1006,index,1007
1006,frequency,16000
1006,angle,0.0
1006,chord_length,0.0254
1006,velocity,31.7
1006,thickness,0.000439472
1006,sound_pressure_level,125.627
1007,index,1008
1007,frequency,2000
1007,angle,4.8
1007,chord_length,0.0254
1007,velocity,71.3
1007,thickness,0.000848633
1007,sound_pressure_level,128.398
1008,index,1009
1008,frequency,2500
1008,angle,4.8
1008,chord_length,0.0254
1008,velocity,71.3
1008,thickness,0.000848633
1008,sound_pressure_level,130.828
1009,index,1010
1009,frequency,3150
1009,angle,4.8
1009,chord_length,0.0254
1009,velocity,71.3
1009,thickness,0.000848633
1009,sound_pressure_level,133.378
1010,index,1011
1010,frequency,4000
1010,angle,4.8
1010,chord_length,0.0254
1010,velocity,71.3
1010,thickness,0.000848633
1010,sound_pressure_level,134.928
1011,index,1012
1011,frequency,5000
1011,angle,4.8
1011,chord_length,0.0254
1011,velocity,71.3
1011,thickness,0.000848633
1011,sound_pressure_level,135.468
1012,index,1013
1012,frequency,6300
1012,angle,4.8
1012,chord_length,0.0254
1012,velocity,71.3
1012,thickness,0.000848633
1012,sound_pressure_level,134.498
1013,index,1014
1013,frequency,8000
1013,angle,4.8
1013,chord_length,0.0254
1013,velocity,71.3
1013,thickness,0.000848633
1013,sound_pressure_level,131.518
1014,index,1015
1014,frequency,10000
1014,angle,4.8
1014,chord_length,0.0254
1014,velocity,71.3
1014,thickness,0.000848633
1014,sound_pressure_level,127.398
1015,index,1016
1015,frequency,12500
1015,angle,4.8
1015,chord_length,0.0254
1015,velocity,71.3
1015,thickness,0.000848633
1015,sound_pressure_level,127.688
1016,index,1017
1016,frequency,16000
1016,angle,4.8
1016,chord_length,0.0254
1016,velocity,71.3
1016,thickness,0.000848633
1016,sound_pressure_level,124.208
1017,index,1018
1017,frequency,20000
1017,angle,4.8
1017,chord_length,0.0254
1017,velocity,71.3
1017,thickness,0.000848633
1017,sound_pressure_level,119.708
1018,index,1019
1018,frequency,1600
1018,angle,4.8
1018,chord_length,0.0254
1018,velocity,55.5
1018,thickness,0.000873218
1018,sound_pressure_level,121.474
1019,index,1020
1019,frequency,2000
1019,angle,4.8
1019,chord_length,0.0254
1019,velocity,55.5
1019,thickness,0.000873218
1019,sound_pressure_level,125.054
1020,index,1021
1020,frequency,2500
1020,angle,4.8
1020,chord_length,0.0254
1020,velocity,55.5
1020,thickness,0.000873218
1020,sound_pressure_level,129.144
1021,index,1022
1021,frequency,3150
1021,angle,4.8
1021,chord_length,0.0254
1021,velocity,55.5
1021,thickness,0.000873218
1021,sound_pressure_level,132.354
1022,index,1023
1022,frequency,4000
1022,angle,4.8
1022,chord_length,0.0254
1022,velocity,55.5
1022,thickness,0.000873218
1022,sound_pressure_level,133.924
1023,index,1024
1023,frequency,5000
1023,angle,4.8
1023,chord_length,0.0254
1023,velocity,55.5
1023,thickness,0.000873218
1023,sound_pressure_level,135.484
1024,index,1025
1024,frequency,6300
1024,angle,4.8
1024,chord_length,0.0254
1024,velocity,55.5
1024,thickness,0.000873218
1024,sound_pressure_level,135.164
1025,index,1026
1025,frequency,8000
1025,angle,4.8
1025,chord_length,0.0254
1025,velocity,55.5
1025,thickness,0.000873218
1025,sound_pressure_level,132.184
1026,index,1027
1026,frequency,10000
1026,angle,4.8
1026,chord_length,0.0254
1026,velocity,55.5
1026,thickness,0.000873218
1026,sound_pressure_level,126.944
1027,index,1028
1027,frequency,12500
1027,angle,4.8
1027,chord_length,0.0254
1027,velocity,55.5
1027,thickness,0.000873218
1027,sound_pressure_level,125.094
1028,index,1029
1028,frequency,16000
1028,angle,4.8
1028,chord_length,0.0254
1028,velocity,55.5
1028,thickness,0.000873218
1028,sound_pressure_level,124.394
1029,index,1030
1029,frequency,20000
1029,angle,4.8
1029,chord_length,0.0254
1029,velocity,55.5
1029,thickness,0.000873218
1029,sound_pressure_level,121.284
1030,index,1031
1030,frequency,500
1030,angle,4.8
1030,chord_length,0.0254
1030,velocity,39.6
1030,thickness,0.000907475
1030,sound_pressure_level,116.366
1031,index,1032
1031,frequency,630
1031,angle,4.8
1031,chord_length,0.0254
1031,velocity,39.6
1031,thickness,0.000907475
1031,sound_pressure_level,118.696
1032,index,1033
1032,frequency,800
1032,angle,4.8
1032,chord_length,0.0254
1032,velocity,39.6
1032,thickness,0.000907475
1032,sound_pressure_level,120.766
1033,index,1034
1033,frequency,1000
1033,angle,4.8
1033,chord_length,0.0254
1033,velocity,39.6
1033,thickness,0.000907475
1033,sound_pressure_level,122.956
1034,index,1035
1034,frequency,1250
1034,angle,4.8
1034,chord_length,0.0254
1034,velocity,39.6
1034,thickness,0.000907475
1034,sound_pressure_level,125.026
1035,index,1036
1035,frequency,1600
1035,angle,4.8
1035,chord_length,0.0254
1035,velocity,39.6
1035,thickness,0.000907475
1035,sound_pressure_level,125.966
1036,index,1037
1036,frequency,2000
1036,angle,4.8
1036,chord_length,0.0254
1036,velocity,39.6
1036,thickness,0.000907475
1036,sound_pressure_level,128.916
1037,index,1038
1037,frequency,2500
1037,angle,4.8
1037,chord_length,0.0254
1037,velocity,39.6
1037,thickness,0.000907475
1037,sound_pressure_level,131.236
1038,index,1039
1038,frequency,3150
1038,angle,4.8
1038,chord_length,0.0254
1038,velocity,39.6
1038,thickness,0.000907475
1038,sound_pressure_level,133.436
1039,index,1040
1039,frequency,4000
1039,angle,4.8
1039,chord_length,0.0254
1039,velocity,39.6
1039,thickness,0.000907475
1039,sound_pressure_level,134.996
1040,index,1041
1040,frequency,5000
1040,angle,4.8
1040,chord_length,0.0254
1040,velocity,39.6
1040,thickness,0.000907475
1040,sound_pressure_level,135.426
1041,index,1042
1041,frequency,6300
1041,angle,4.8
1041,chord_length,0.0254
1041,velocity,39.6
1041,thickness,0.000907475
1041,sound_pressure_level,134.336
1042,index,1043
1042,frequency,8000
1042,angle,4.8
1042,chord_length,0.0254
1042,velocity,39.6
1042,thickness,0.000907475
1042,sound_pressure_level,131.346
1043,index,1044
1043,frequency,10000
1043,angle,4.8
1043,chord_length,0.0254
1043,velocity,39.6
1043,thickness,0.000907475
1043,sound_pressure_level,126.066
1044,index,1045
1044,frequency,500
1044,angle,4.8
1044,chord_length,0.0254
1044,velocity,31.7
1044,thickness,0.000930789
1044,sound_pressure_level,116.128
1045,index,1046
1045,frequency,630
1045,angle,4.8
1045,chord_length,0.0254
1045,velocity,31.7
1045,thickness,0.000930789
1045,sound_pressure_level,120.078
1046,index,1047
1046,frequency,800
1046,angle,4.8
1046,chord_length,0.0254
1046,velocity,31.7
1046,thickness,0.000930789
1046,sound_pressure_level,122.648
1047,index,1048
1047,frequency,1000
1047,angle,4.8
1047,chord_length,0.0254
1047,velocity,31.7
1047,thickness,0.000930789
1047,sound_pressure_level,125.348
1048,index,1049
1048,frequency,1250
1048,angle,4.8
1048,chord_length,0.0254
1048,velocity,31.7
1048,thickness,0.000930789
1048,sound_pressure_level,127.408
1049,index,1050
1049,frequency,1600
1049,angle,4.8
1049,chord_length,0.0254
1049,velocity,31.7
1049,thickness,0.000930789
1049,sound_pressure_level,128.718
1050,index,1051
1050,frequency,2000
1050,angle,4.8
1050,chord_length,0.0254
1050,velocity,31.7
1050,thickness,0.000930789
1050,sound_pressure_level,130.148
1051,index,1052
1051,frequency,2500
1051,angle,4.8
1051,chord_length,0.0254
1051,velocity,31.7
1051,thickness,0.000930789
1051,sound_pressure_level,132.588
1052,index,1053
1052,frequency,3150
1052,angle,4.8
1052,chord_length,0.0254
1052,velocity,31.7
1052,thickness,0.000930789
1052,sound_pressure_level,134.268
1053,index,1054
1053,frequency,4000
1053,angle,4.8
1053,chord_length,0.0254
1053,velocity,31.7
1053,thickness,0.000930789
1053,sound_pressure_level,135.328
1054,index,1055
1054,frequency,5000
1054,angle,4.8
1054,chord_length,0.0254
1054,velocity,31.7
1054,thickness,0.000930789
1054,sound_pressure_level,135.248
1055,index,1056
1055,frequency,6300
1055,angle,4.8
1055,chord_length,0.0254
1055,velocity,31.7
1055,thickness,0.000930789
1055,sound_pressure_level,132.898
1056,index,1057
1056,frequency,8000
1056,angle,4.8
1056,chord_length,0.0254
1056,velocity,31.7
1056,thickness,0.000930789
1056,sound_pressure_level,127.008
1057,index,1058
1057,frequency,630
1057,angle,9.5
1057,chord_length,0.0254
1057,velocity,71.3
1057,thickness,0.00420654
1057,sound_pressure_level,125.726
1058,index,1059
1058,frequency,800
1058,angle,9.5
1058,chord_length,0.0254
1058,velocity,71.3
1058,thickness,0.00420654
1058,sound_pressure_level,127.206
1059,index,1060
1059,frequency,1000
1059,angle,9.5
1059,chord_length,0.0254
1059,velocity,71.3
1059,thickness,0.00420654
1059,sound_pressure_level,129.556
1060,index,1061
1060,frequency,1250
1060,angle,9.5
1060,chord_length,0.0254
1060,velocity,71.3
1060,thickness,0.00420654
1060,sound_pressure_level,131.656
1061,index,1062
1061,frequency,1600
1061,angle,9.5
1061,chord_length,0.0254
1061,velocity,71.3
1061,thickness,0.00420654
1061,sound_pressure_level,133.756
1062,index,1063
1062,frequency,2000
1062,angle,9.5
1062,chord_length,0.0254
1062,velocity,71.3
1062,thickness,0.00420654
1062,sound_pressure_level,134.976
1063,index,1064
1063,frequency,2500
1063,angle,9.5
1063,chord_length,0.0254
1063,velocity,71.3
1063,thickness,0.00420654
1063,sound_pressure_level,135.956
1064,index,1065
1064,frequency,3150
1064,angle,9.5
1064,chord_length,0.0254
1064,velocity,71.3
1064,thickness,0.00420654
1064,sound_pressure_level,136.166
1065,index,1066
1065,frequency,4000
1065,angle,9.5
1065,chord_length,0.0254
1065,velocity,71.3
1065,thickness,0.00420654
1065,sound_pressure_level,134.236
1066,index,1067
1066,frequency,5000
1066,angle,9.5
1066,chord_length,0.0254
1066,velocity,71.3
1066,thickness,0.00420654
1066,sound_pressure_level,131.186
1067,index,1068
1067,frequency,6300
1067,angle,9.5
1067,chord_length,0.0254
1067,velocity,71.3
1067,thickness,0.00420654
1067,sound_pressure_level,127.246
1068,index,1069
1068,frequency,400
1068,angle,9.5
1068,chord_length,0.0254
1068,velocity,55.5
1068,thickness,0.0043284
1068,sound_pressure_level,120.952
1069,index,1070
1069,frequency,500
1069,angle,9.5
1069,chord_length,0.0254
1069,velocity,55.5
1069,thickness,0.0043284
1069,sound_pressure_level,123.082
1070,index,1071
1070,frequency,630
1070,angle,9.5
1070,chord_length,0.0254
1070,velocity,55.5
1070,thickness,0.0043284
1070,sound_pressure_level,125.452
1071,index,1072
1071,frequency,800
1071,angle,9.5
1071,chord_length,0.0254
1071,velocity,55.5
1071,thickness,0.0043284
1071,sound_pressure_level,128.082
1072,index,1073
1072,frequency,1000
1072,angle,9.5
1072,chord_length,0.0254
1072,velocity,55.5
1072,thickness,0.0043284
1072,sound_pressure_level,130.332
1073,index,1074
1073,frequency,1250
1073,angle,9.5
1073,chord_length,0.0254
1073,velocity,55.5
1073,thickness,0.0043284
1073,sound_pressure_level,132.202
1074,index,1075
1074,frequency,1600
1074,angle,9.5
1074,chord_length,0.0254
1074,velocity,55.5
1074,thickness,0.0043284
1074,sound_pressure_level,133.062
1075,index,1076
1075,frequency,2000
1075,angle,9.5
1075,chord_length,0.0254
1075,velocity,55.5
1075,thickness,0.0043284
1075,sound_pressure_level,134.052
1076,index,1077
1076,frequency,2500
1076,angle,9.5
1076,chord_length,0.0254
1076,velocity,55.5
1076,thickness,0.0043284
1076,sound_pressure_level,134.152
1077,index,1078
1077,frequency,3150
1077,angle,9.5
1077,chord_length,0.0254
1077,velocity,55.5
1077,thickness,0.0043284
1077,sound_pressure_level,133.252
1078,index,1079
1078,frequency,4000
1078,angle,9.5
1078,chord_length,0.0254
1078,velocity,55.5
1078,thickness,0.0043284
1078,sound_pressure_level,131.582
1079,index,1080
1079,frequency,5000
1079,angle,9.5
1079,chord_length,0.0254
1079,velocity,55.5
1079,thickness,0.0043284
1079,sound_pressure_level,128.412
1080,index,1081
1080,frequency,6300
1080,angle,9.5
1080,chord_length,0.0254
1080,velocity,55.5
1080,thickness,0.0043284
1080,sound_pressure_level,124.222
1081,index,1082
1081,frequency,200
1081,angle,9.5
1081,chord_length,0.0254
1081,velocity,39.6
1081,thickness,0.00449821
1081,sound_pressure_level,116.074
1082,index,1083
1082,frequency,250
1082,angle,9.5
1082,chord_length,0.0254
1082,velocity,39.6
1082,thickness,0.00449821
1082,sound_pressure_level,116.924
1083,index,1084
1083,frequency,315
1083,angle,9.5
1083,chord_length,0.0254
1083,velocity,39.6
1083,thickness,0.00449821
1083,sound_pressure_level,119.294
1084,index,1085
1084,frequency,400
1084,angle,9.5
1084,chord_length,0.0254
1084,velocity,39.6
1084,thickness,0.00449821
1084,sound_pressure_level,121.154
1085,index,1086
1085,frequency,500
1085,angle,9.5
1085,chord_length,0.0254
1085,velocity,39.6
1085,thickness,0.00449821
1085,sound_pressure_level,123.894
1086,index,1087
1086,frequency,630
1086,angle,9.5
1086,chord_length,0.0254
1086,velocity,39.6
1086,thickness,0.00449821
1086,sound_pressure_level,126.514
1087,index,1088
1087,frequency,800
1087,angle,9.5
1087,chord_length,0.0254
1087,velocity,39.6
1087,thickness,0.00449821
1087,sound_pressure_level,129.014
1088,index,1089
1088,frequency,1000
1088,angle,9.5
1088,chord_length,0.0254
1088,velocity,39.6
1088,thickness,0.00449821
1088,sound_pressure_level,130.374
1089,index,1090
1089,frequency,1250
1089,angle,9.5
1089,chord_length,0.0254
1089,velocity,39.6
1089,thickness,0.00449821
1089,sound_pressure_level,130.964
1090,index,1091
1090,frequency,1600
1090,angle,9.5
1090,chord_length,0.0254
1090,velocity,39.6
1090,thickness,0.00449821
1090,sound_pressure_level,131.184
1091,index,1092
1091,frequency,2000
1091,angle,9.5
1091,chord_length,0.0254
1091,velocity,39.6
1091,thickness,0.00449821
1091,sound_pressure_level,131.274
1092,index,1093
1092,frequency,2500
1092,angle,9.5
1092,chord_length,0.0254
1092,velocity,39.6
1092,thickness,0.00449821
1092,sound_pressure_level,131.234
1093,index,1094
1093,frequency,3150
1093,angle,9.5
1093,chord_length,0.0254
1093,velocity,39.6
1093,thickness,0.00449821
1093,sound_pressure_level,129.934
1094,index,1095
1094,frequency,4000
1094,angle,9.5
1094,chord_length,0.0254
1094,velocity,39.6
1094,thickness,0.00449821
1094,sound_pressure_level,127.864
1095,index,1096
1095,frequency,5000
1095,angle,9.5
1095,chord_length,0.0254
1095,velocity,39.6
1095,thickness,0.00449821
1095,sound_pressure_level,125.044
1096,index,1097
1096,frequency,6300
1096,angle,9.5
1096,chord_length,0.0254
1096,velocity,39.6
1096,thickness,0.00449821
1096,sound_pressure_level,120.324
1097,index,1098
1097,frequency,200
1097,angle,9.5
1097,chord_length,0.0254
1097,velocity,31.7
1097,thickness,0.00461377
1097,sound_pressure_level,119.146
1098,index,1099
1098,frequency,250
1098,angle,9.5
1098,chord_length,0.0254
1098,velocity,31.7
1098,thickness,0.00461377
1098,sound_pressure_level,120.136
1099,index,1100
1099,frequency,315
1099,angle,9.5
1099,chord_length,0.0254
1099,velocity,31.7
1099,thickness,0.00461377
1099,sound_pressure_level,122.766
1100,index,1101
1100,frequency,400
1100,angle,9.5
1100,chord_length,0.0254
1100,velocity,31.7
1100,thickness,0.00461377
1100,sound_pressure_level,124.756
1101,index,1102
1101,frequency,500
1101,angle,9.5
1101,chord_length,0.0254
1101,velocity,31.7
1101,thickness,0.00461377
1101,sound_pressure_level,126.886
1102,index,1103
1102,frequency,630
1102,angle,9.5
1102,chord_length,0.0254
1102,velocity,31.7
1102,thickness,0.00461377
1102,sound_pressure_level,129.006
1103,index,1104
1103,frequency,800
1103,angle,9.5
1103,chord_length,0.0254
1103,velocity,31.7
1103,thickness,0.00461377
1103,sound_pressure_level,130.746
1104,index,1105
1104,frequency,1000
1104,angle,9.5
1104,chord_length,0.0254
1104,velocity,31.7
1104,thickness,0.00461377
1104,sound_pressure_level,131.346
1105,index,1106
1105,frequency,1250
1105,angle,9.5
1105,chord_length,0.0254
1105,velocity,31.7
1105,thickness,0.00461377
1105,sound_pressure_level,131.446
1106,index,1107
1106,frequency,1600
1106,angle,9.5
1106,chord_length,0.0254
1106,velocity,31.7
1106,thickness,0.00461377
1106,sound_pressure_level,131.036
1107,index,1108
1107,frequency,2000
1107,angle,9.5
1107,chord_length,0.0254
1107,velocity,31.7
1107,thickness,0.00461377
1107,sound_pressure_level,130.496
1108,index,1109
1108,frequency,2500
1108,angle,9.5
1108,chord_length,0.0254
1108,velocity,31.7
1108,thickness,0.00461377
1108,sound_pressure_level,130.086
1109,index,1110
1109,frequency,3150
1109,angle,9.5
1109,chord_length,0.0254
1109,velocity,31.7
1109,thickness,0.00461377
1109,sound_pressure_level,128.536
1110,index,1111
1110,frequency,4000
1110,angle,9.5
1110,chord_length,0.0254
1110,velocity,31.7
1110,thickness,0.00461377
1110,sound_pressure_level,126.736
1111,index,1112
1111,frequency,5000
1111,angle,9.5
1111,chord_length,0.0254
1111,velocity,31.7
1111,thickness,0.00461377
1111,sound_pressure_level,124.426
1112,index,1113
1112,frequency,6300
1112,angle,9.5
1112,chord_length,0.0254
1112,velocity,31.7
1112,thickness,0.00461377
1112,sound_pressure_level,120.726
1113,index,1114
1113,frequency,250
1113,angle,12.7
1113,chord_length,0.0254
1113,velocity,71.3
1113,thickness,0.0121808
1113,sound_pressure_level,119.698
1114,index,1115
1114,frequency,315
1114,angle,12.7
1114,chord_length,0.0254
1114,velocity,71.3
1114,thickness,0.0121808
1114,sound_pressure_level,122.938
1115,index,1116
1115,frequency,400
1115,angle,12.7
1115,chord_length,0.0254
1115,velocity,71.3
1115,thickness,0.0121808
1115,sound_pressure_level,125.048
1116,index,1117
1116,frequency,500
1116,angle,12.7
1116,chord_length,0.0254
1116,velocity,71.3
1116,thickness,0.0121808
1116,sound_pressure_level,126.898
1117,index,1118
1117,frequency,630
1117,angle,12.7
1117,chord_length,0.0254
1117,velocity,71.3
1117,thickness,0.0121808
1117,sound_pressure_level,128.878
1118,index,1119
1118,frequency,800
1118,angle,12.7
1118,chord_length,0.0254
1118,velocity,71.3
1118,thickness,0.0121808
1118,sound_pressure_level,130.348
1119,index,1120
1119,frequency,1000
1119,angle,12.7
1119,chord_length,0.0254
1119,velocity,71.3
1119,thickness,0.0121808
1119,sound_pressure_level,131.698
1120,index,1121
1120,frequency,1250
1120,angle,12.7
1120,chord_length,0.0254
1120,velocity,71.3
1120,thickness,0.0121808
1120,sound_pressure_level,133.048
1121,index,1122
1121,frequency,1600
1121,angle,12.7
1121,chord_length,0.0254
1121,velocity,71.3
1121,thickness,0.0121808
1121,sound_pressure_level,134.528
1122,index,1123
1122,frequency,2000
1122,angle,12.7
1122,chord_length,0.0254
1122,velocity,71.3
1122,thickness,0.0121808
1122,sound_pressure_level,134.228
1123,index,1124
1123,frequency,2500
1123,angle,12.7
1123,chord_length,0.0254
1123,velocity,71.3
1123,thickness,0.0121808
1123,sound_pressure_level,134.058
1124,index,1125
1124,frequency,3150
1124,angle,12.7
1124,chord_length,0.0254
1124,velocity,71.3
1124,thickness,0.0121808
1124,sound_pressure_level,133.758
1125,index,1126
1125,frequency,4000
1125,angle,12.7
1125,chord_length,0.0254
1125,velocity,71.3
1125,thickness,0.0121808
1125,sound_pressure_level,131.808
1126,index,1127
1126,frequency,5000
1126,angle,12.7
1126,chord_length,0.0254
1126,velocity,71.3
1126,thickness,0.0121808
1126,sound_pressure_level,128.978
1127,index,1128
1127,frequency,6300
1127,angle,12.7
1127,chord_length,0.0254
1127,velocity,71.3
1127,thickness,0.0121808
1127,sound_pressure_level,125.398
1128,index,1129
1128,frequency,8000
1128,angle,12.7
1128,chord_length,0.0254
1128,velocity,71.3
1128,thickness,0.0121808
1128,sound_pressure_level,120.538
1129,index,1130
1129,frequency,10000
1129,angle,12.7
1129,chord_length,0.0254
1129,velocity,71.3
1129,thickness,0.0121808
1129,sound_pressure_level,114.418
1130,index,1131
1130,frequency,250
1130,angle,12.7
1130,chord_length,0.0254
1130,velocity,39.6
1130,thickness,0.0130253
1130,sound_pressure_level,121.547
1131,index,1132
1131,frequency,315
1131,angle,12.7
1131,chord_length,0.0254
1131,velocity,39.6
1131,thickness,0.0130253
1131,sound_pressure_level,123.537
1132,index,1133
1132,frequency,400
1132,angle,12.7
1132,chord_length,0.0254
1132,velocity,39.6
1132,thickness,0.0130253
1132,sound_pressure_level,125.527
1133,index,1134
1133,frequency,500
1133,angle,12.7
1133,chord_length,0.0254
1133,velocity,39.6
1133,thickness,0.0130253
1133,sound_pressure_level,127.127
1134,index,1135
1134,frequency,630
1134,angle,12.7
1134,chord_length,0.0254
1134,velocity,39.6
1134,thickness,0.0130253
1134,sound_pressure_level,128.867
1135,index,1136
1135,frequency,800
1135,angle,12.7
1135,chord_length,0.0254
1135,velocity,39.6
1135,thickness,0.0130253
1135,sound_pressure_level,130.217
1136,index,1137
1136,frequency,1000
1136,angle,12.7
1136,chord_length,0.0254
1136,velocity,39.6
1136,thickness,0.0130253
1136,sound_pressure_level,130.947
1137,index,1138
1137,frequency,1250
1137,angle,12.7
1137,chord_length,0.0254
1137,velocity,39.6
1137,thickness,0.0130253
1137,sound_pressure_level,130.777
1138,index,1139
1138,frequency,1600
1138,angle,12.7
1138,chord_length,0.0254
1138,velocity,39.6
1138,thickness,0.0130253
1138,sound_pressure_level,129.977
1139,index,1140
1139,frequency,2000
1139,angle,12.7
1139,chord_length,0.0254
1139,velocity,39.6
1139,thickness,0.0130253
1139,sound_pressure_level,129.567
1140,index,1141
1140,frequency,2500
1140,angle,12.7
1140,chord_length,0.0254
1140,velocity,39.6
1140,thickness,0.0130253
1140,sound_pressure_level,129.027
1141,index,1142
1141,frequency,3150
1141,angle,12.7
1141,chord_length,0.0254
1141,velocity,39.6
1141,thickness,0.0130253
1141,sound_pressure_level,127.847
1142,index,1143
1142,frequency,4000
1142,angle,12.7
1142,chord_length,0.0254
1142,velocity,39.6
1142,thickness,0.0130253
1142,sound_pressure_level,126.537
1143,index,1144
1143,frequency,5000
1143,angle,12.7
1143,chord_length,0.0254
1143,velocity,39.6
1143,thickness,0.0130253
1143,sound_pressure_level,125.107
1144,index,1145
1144,frequency,6300
1144,angle,12.7
1144,chord_length,0.0254
1144,velocity,39.6
1144,thickness,0.0130253
1144,sound_pressure_level,123.177
1145,index,1146
1145,frequency,8000
1145,angle,12.7
1145,chord_length,0.0254
1145,velocity,39.6
1145,thickness,0.0130253
1145,sound_pressure_level,120.607
1146,index,1147
1146,frequency,10000
1146,angle,12.7
1146,chord_length,0.0254
1146,velocity,39.6
1146,thickness,0.0130253
1146,sound_pressure_level,116.017
1147,index,1148
1147,frequency,200
1147,angle,17.4
1147,chord_length,0.0254
1147,velocity,71.3
1147,thickness,0.016104
1147,sound_pressure_level,112.506
1148,index,1149
1148,frequency,250
1148,angle,17.4
1148,chord_length,0.0254
1148,velocity,71.3
1148,thickness,0.016104
1148,sound_pressure_level,113.796
1149,index,1150
1149,frequency,315
1149,angle,17.4
1149,chord_length,0.0254
1149,velocity,71.3
1149,thickness,0.016104
1149,sound_pressure_level,115.846
1150,index,1151
1150,frequency,400
1150,angle,17.4
1150,chord_length,0.0254
1150,velocity,71.3
1150,thickness,0.016104
1150,sound_pressure_level,117.396
1151,index,1152
1151,frequency,500
1151,angle,17.4
1151,chord_length,0.0254
1151,velocity,71.3
1151,thickness,0.016104
1151,sound_pressure_level,119.806
1152,index,1153
1152,frequency,630
1152,angle,17.4
1152,chord_length,0.0254
1152,velocity,71.3
1152,thickness,0.016104
1152,sound_pressure_level,122.606
1153,index,1154
1153,frequency,800
1153,angle,17.4
1153,chord_length,0.0254
1153,velocity,71.3
1153,thickness,0.016104
1153,sound_pressure_level,124.276
1154,index,1155
1154,frequency,1000
1154,angle,17.4
1154,chord_length,0.0254
1154,velocity,71.3
1154,thickness,0.016104
1154,sound_pressure_level,125.816
1155,index,1156
1155,frequency,1250
1155,angle,17.4
1155,chord_length,0.0254
1155,velocity,71.3
1155,thickness,0.016104
1155,sound_pressure_level,126.356
1156,index,1157
1156,frequency,1600
1156,angle,17.4
1156,chord_length,0.0254
1156,velocity,71.3
1156,thickness,0.016104
1156,sound_pressure_level,126.406
1157,index,1158
1157,frequency,2000
1157,angle,17.4
1157,chord_length,0.0254
1157,velocity,71.3
1157,thickness,0.016104
1157,sound_pressure_level,126.826
1158,index,1159
1158,frequency,2500
1158,angle,17.4
1158,chord_length,0.0254
1158,velocity,71.3
1158,thickness,0.016104
1158,sound_pressure_level,126.746
1159,index,1160
1159,frequency,3150
1159,angle,17.4
1159,chord_length,0.0254
1159,velocity,71.3
1159,thickness,0.016104
1159,sound_pressure_level,126.536
1160,index,1161
1160,frequency,4000
1160,angle,17.4
1160,chord_length,0.0254
1160,velocity,71.3
1160,thickness,0.016104
1160,sound_pressure_level,125.586
1161,index,1162
1161,frequency,5000
1161,angle,17.4
1161,chord_length,0.0254
1161,velocity,71.3
1161,thickness,0.016104
1161,sound_pressure_level,123.126
1162,index,1163
1162,frequency,6300
1162,angle,17.4
1162,chord_length,0.0254
1162,velocity,71.3
1162,thickness,0.016104
1162,sound_pressure_level,119.916
1163,index,1164
1163,frequency,8000
1163,angle,17.4
1163,chord_length,0.0254
1163,velocity,71.3
1163,thickness,0.016104
1163,sound_pressure_level,115.466
1164,index,1165
1164,frequency,200
1164,angle,17.4
1164,chord_length,0.0254
1164,velocity,55.5
1164,thickness,0.0165706
1164,sound_pressure_level,109.951
1165,index,1166
1165,frequency,250
1165,angle,17.4
1165,chord_length,0.0254
1165,velocity,55.5
1165,thickness,0.0165706
1165,sound_pressure_level,110.491
1166,index,1167
1166,frequency,315
1166,angle,17.4
1166,chord_length,0.0254
1166,velocity,55.5
1166,thickness,0.0165706
1166,sound_pressure_level,111.911
1167,index,1168
1167,frequency,400
1167,angle,17.4
1167,chord_length,0.0254
1167,velocity,55.5
1167,thickness,0.0165706
1167,sound_pressure_level,115.461
1168,index,1169
1168,frequency,500
1168,angle,17.4
1168,chord_length,0.0254
1168,velocity,55.5
1168,thickness,0.0165706
1168,sound_pressure_level,119.621
1169,index,1170
1169,frequency,630
1169,angle,17.4
1169,chord_length,0.0254
1169,velocity,55.5
1169,thickness,0.0165706
1169,sound_pressure_level,122.411
1170,index,1171
1170,frequency,800
1170,angle,17.4
1170,chord_length,0.0254
1170,velocity,55.5
1170,thickness,0.0165706
1170,sound_pressure_level,123.091
1171,index,1172
1171,frequency,1000
1171,angle,17.4
1171,chord_length,0.0254
1171,velocity,55.5
1171,thickness,0.0165706
1171,sound_pressure_level,126.001
1172,index,1173
1172,frequency,1250
1172,angle,17.4
1172,chord_length,0.0254
1172,velocity,55.5
1172,thickness,0.0165706
1172,sound_pressure_level,129.301
1173,index,1174
1173,frequency,1600
1173,angle,17.4
1173,chord_length,0.0254
1173,velocity,55.5
1173,thickness,0.0165706
1173,sound_pressure_level,126.471
1174,index,1175
1174,frequency,2000
1174,angle,17.4
1174,chord_length,0.0254
1174,velocity,55.5
1174,thickness,0.0165706
1174,sound_pressure_level,125.261
1175,index,1176
1175,frequency,2500
1175,angle,17.4
1175,chord_length,0.0254
1175,velocity,55.5
1175,thickness,0.0165706
1175,sound_pressure_level,124.931
1176,index,1177
1176,frequency,3150
1176,angle,17.4
1176,chord_length,0.0254
1176,velocity,55.5
1176,thickness,0.0165706
1176,sound_pressure_level,124.101
1177,index,1178
1177,frequency,4000
1177,angle,17.4
1177,chord_length,0.0254
1177,velocity,55.5
1177,thickness,0.0165706
1177,sound_pressure_level,121.771
1178,index,1179
1178,frequency,5000
1178,angle,17.4
1178,chord_length,0.0254
1178,velocity,55.5
1178,thickness,0.0165706
1178,sound_pressure_level,118.941
1179,index,1180
1179,frequency,6300
1179,angle,17.4
1179,chord_length,0.0254
1179,velocity,55.5
1179,thickness,0.0165706
1179,sound_pressure_level,114.861
1180,index,1181
1180,frequency,200
1180,angle,17.4
1180,chord_length,0.0254
1180,velocity,39.6
1180,thickness,0.0172206
1180,sound_pressure_level,114.044
1181,index,1182
1181,frequency,250
1181,angle,17.4
1181,chord_length,0.0254
1181,velocity,39.6
1181,thickness,0.0172206
1181,sound_pressure_level,114.714
1182,index,1183
1182,frequency,315
1182,angle,17.4
1182,chord_length,0.0254
1182,velocity,39.6
1182,thickness,0.0172206
1182,sound_pressure_level,115.144
1183,index,1184
1183,frequency,400
1183,angle,17.4
1183,chord_length,0.0254
1183,velocity,39.6
1183,thickness,0.0172206
1183,sound_pressure_level,115.444
1184,index,1185
1184,frequency,500
1184,angle,17.4
1184,chord_length,0.0254
1184,velocity,39.6
1184,thickness,0.0172206
1184,sound_pressure_level,117.514
1185,index,1186
1185,frequency,630
1185,angle,17.4
1185,chord_length,0.0254
1185,velocity,39.6
1185,thickness,0.0172206
1185,sound_pressure_level,124.514
1186,index,1187
1186,frequency,800
1186,angle,17.4
1186,chord_length,0.0254
1186,velocity,39.6
1186,thickness,0.0172206
1186,sound_pressure_level,135.324
1187,index,1188
1187,frequency,1000
1187,angle,17.4
1187,chord_length,0.0254
1187,velocity,39.6
1187,thickness,0.0172206
1187,sound_pressure_level,138.274
1188,index,1189
1188,frequency,1250
1188,angle,17.4
1188,chord_length,0.0254
1188,velocity,39.6
1188,thickness,0.0172206
1188,sound_pressure_level,131.364
1189,index,1190
1189,frequency,1600
1189,angle,17.4
1189,chord_length,0.0254
1189,velocity,39.6
1189,thickness,0.0172206
1189,sound_pressure_level,127.614
1190,index,1191
1190,frequency,2000
1190,angle,17.4
1190,chord_length,0.0254
1190,velocity,39.6
1190,thickness,0.0172206
1190,sound_pressure_level,126.644
1191,index,1192
1191,frequency,2500
1191,angle,17.4
1191,chord_length,0.0254
1191,velocity,39.6
1191,thickness,0.0172206
1191,sound_pressure_level,124.154
1192,index,1193
1192,frequency,3150
1192,angle,17.4
1192,chord_length,0.0254
1192,velocity,39.6
1192,thickness,0.0172206
1192,sound_pressure_level,123.564
1193,index,1194
1193,frequency,4000
1193,angle,17.4
1193,chord_length,0.0254
1193,velocity,39.6
1193,thickness,0.0172206
1193,sound_pressure_level,122.724
1194,index,1195
1194,frequency,5000
1194,angle,17.4
1194,chord_length,0.0254
1194,velocity,39.6
1194,thickness,0.0172206
1194,sound_pressure_level,119.854
1195,index,1196
1195,frequency,200
1195,angle,17.4
1195,chord_length,0.0254
1195,velocity,31.7
1195,thickness,0.0176631
1195,sound_pressure_level,116.146
1196,index,1197
1196,frequency,250
1196,angle,17.4
1196,chord_length,0.0254
1196,velocity,31.7
1196,thickness,0.0176631
1196,sound_pressure_level,116.956
1197,index,1198
1197,frequency,315
1197,angle,17.4
1197,chord_length,0.0254
1197,velocity,31.7
1197,thickness,0.0176631
1197,sound_pressure_level,118.416
1198,index,1199
1198,frequency,400
1198,angle,17.4
1198,chord_length,0.0254
1198,velocity,31.7
1198,thickness,0.0176631
1198,sound_pressure_level,120.766
1199,index,1200
1199,frequency,500
1199,angle,17.4
1199,chord_length,0.0254
1199,velocity,31.7
1199,thickness,0.0176631
1199,sound_pressure_level,127.676
1200,index,1201
1200,frequency,630
1200,angle,17.4
1200,chord_length,0.0254
1200,velocity,31.7
1200,thickness,0.0176631
1200,sound_pressure_level,136.886
1201,index,1202
1201,frequency,800
1201,angle,17.4
1201,chord_length,0.0254
1201,velocity,31.7
1201,thickness,0.0176631
1201,sound_pressure_level,139.226
1202,index,1203
1202,frequency,1000
1202,angle,17.4
1202,chord_length,0.0254
1202,velocity,31.7
1202,thickness,0.0176631
1202,sound_pressure_level,131.796
1203,index,1204
1203,frequency,1250
1203,angle,17.4
1203,chord_length,0.0254
1203,velocity,31.7
1203,thickness,0.0176631
1203,sound_pressure_level,128.306
1204,index,1205
1204,frequency,1600
1204,angle,17.4
1204,chord_length,0.0254
1204,velocity,31.7
1204,thickness,0.0176631
1204,sound_pressure_level,126.846
1205,index,1206
1205,frequency,2000
1205,angle,17.4
1205,chord_length,0.0254
1205,velocity,31.7
1205,thickness,0.0176631
1205,sound_pressure_level,124.356
1206,index,1207
1206,frequency,2500
1206,angle,17.4
1206,chord_length,0.0254
1206,velocity,31.7
1206,thickness,0.0176631
1206,sound_pressure_level,124.166
1207,index,1208
1207,frequency,3150
1207,angle,17.4
1207,chord_length,0.0254
1207,velocity,31.7
1207,thickness,0.0176631
1207,sound_pressure_level,123.466
1208,index,1209
1208,frequency,4000
1208,angle,17.4
1208,chord_length,0.0254
1208,velocity,31.7
1208,thickness,0.0176631
1208,sound_pressure_level,121.996
1209,index,1210
1209,frequency,5000
1209,angle,17.4
1209,chord_length,0.0254
1209,velocity,31.7
1209,thickness,0.0176631
1209,sound_pressure_level,117.996
1210,index,1211
1210,frequency,315
1210,angle,22.2
1210,chord_length,0.0254
1210,velocity,71.3
1210,thickness,0.0214178
1210,sound_pressure_level,115.857
1211,index,1212
1211,frequency,400
1211,angle,22.2
1211,chord_length,0.0254
1211,velocity,71.3
1211,thickness,0.0214178
1211,sound_pressure_level,117.927
1212,index,1213
1212,frequency,500
1212,angle,22.2
1212,chord_length,0.0254
1212,velocity,71.3
1212,thickness,0.0214178
1212,sound_pressure_level,117.967
1213,index,1214
1213,frequency,630
1213,angle,22.2
1213,chord_length,0.0254
1213,velocity,71.3
1213,thickness,0.0214178
1213,sound_pressure_level,120.657
1214,index,1215
1214,frequency,800
1214,angle,22.2
1214,chord_length,0.0254
1214,velocity,71.3
1214,thickness,0.0214178
1214,sound_pressure_level,123.227
1215,index,1216
1215,frequency,1000
1215,angle,22.2
1215,chord_length,0.0254
1215,velocity,71.3
1215,thickness,0.0214178
1215,sound_pressure_level,134.247
1216,index,1217
1216,frequency,1250
1216,angle,22.2
1216,chord_length,0.0254
1216,velocity,71.3
1216,thickness,0.0214178
1216,sound_pressure_level,140.987
1217,index,1218
1217,frequency,1600
1217,angle,22.2
1217,chord_length,0.0254
1217,velocity,71.3
1217,thickness,0.0214178
1217,sound_pressure_level,131.817
1218,index,1219
1218,frequency,2000
1218,angle,22.2
1218,chord_length,0.0254
1218,velocity,71.3
1218,thickness,0.0214178
1218,sound_pressure_level,127.197
1219,index,1220
1219,frequency,2500
1219,angle,22.2
1219,chord_length,0.0254
1219,velocity,71.3
1219,thickness,0.0214178
1219,sound_pressure_level,126.097
1220,index,1221
1220,frequency,3150
1220,angle,22.2
1220,chord_length,0.0254
1220,velocity,71.3
1220,thickness,0.0214178
1220,sound_pressure_level,124.127
1221,index,1222
1221,frequency,4000
1221,angle,22.2
1221,chord_length,0.0254
1221,velocity,71.3
1221,thickness,0.0214178
1221,sound_pressure_level,123.917
1222,index,1223
1222,frequency,5000
1222,angle,22.2
1222,chord_length,0.0254
1222,velocity,71.3
1222,thickness,0.0214178
1222,sound_pressure_level,125.727
1223,index,1224
1223,frequency,6300
1223,angle,22.2
1223,chord_length,0.0254
1223,velocity,71.3
1223,thickness,0.0214178
1223,sound_pressure_level,123.127
1224,index,1225
1224,frequency,8000
1224,angle,22.2
1224,chord_length,0.0254
1224,velocity,71.3
1224,thickness,0.0214178
1224,sound_pressure_level,121.657
1225,index,1226
1225,frequency,200
1225,angle,22.2
1225,chord_length,0.0254
1225,velocity,39.6
1225,thickness,0.0229028
1225,sound_pressure_level,116.066
1226,index,1227
1226,frequency,250
1226,angle,22.2
1226,chord_length,0.0254
1226,velocity,39.6
1226,thickness,0.0229028
1226,sound_pressure_level,117.386
1227,index,1228
1227,frequency,315
1227,angle,22.2
1227,chord_length,0.0254
1227,velocity,39.6
1227,thickness,0.0229028
1227,sound_pressure_level,120.716
1228,index,1229
1228,frequency,400
1228,angle,22.2
1228,chord_length,0.0254
1228,velocity,39.6
1228,thickness,0.0229028
1228,sound_pressure_level,123.416
1229,index,1230
1229,frequency,500
1229,angle,22.2
1229,chord_length,0.0254
1229,velocity,39.6
1229,thickness,0.0229028
1229,sound_pressure_level,129.776
1230,index,1231
1230,frequency,630
1230,angle,22.2
1230,chord_length,0.0254
1230,velocity,39.6
1230,thickness,0.0229028
1230,sound_pressure_level,137.026
1231,index,1232
1231,frequency,800
1231,angle,22.2
1231,chord_length,0.0254
1231,velocity,39.6
1231,thickness,0.0229028
1231,sound_pressure_level,137.076
1232,index,1233
1232,frequency,1000
1232,angle,22.2
1232,chord_length,0.0254
1232,velocity,39.6
1232,thickness,0.0229028
1232,sound_pressure_level,128.416
1233,index,1234
1233,frequency,1250
1233,angle,22.2
1233,chord_length,0.0254
1233,velocity,39.6
1233,thickness,0.0229028
1233,sound_pressure_level,126.446
1234,index,1235
1234,frequency,1600
1234,angle,22.2
1234,chord_length,0.0254
1234,velocity,39.6
1234,thickness,0.0229028
1234,sound_pressure_level,122.216
1235,index,1236
1235,frequency,2000
1235,angle,22.2
1235,chord_length,0.0254
1235,velocity,39.6
1235,thickness,0.0229028
1235,sound_pressure_level,121.256
1236,index,1237
1236,frequency,2500
1236,angle,22.2
1236,chord_length,0.0254
1236,velocity,39.6
1236,thickness,0.0229028
1236,sound_pressure_level,121.306
1237,index,1238
1237,frequency,3150
1237,angle,22.2
1237,chord_length,0.0254
1237,velocity,39.6
1237,thickness,0.0229028
1237,sound_pressure_level,120.856
1238,index,1239
1238,frequency,4000
1238,angle,22.2
1238,chord_length,0.0254
1238,velocity,39.6
1238,thickness,0.0229028
1238,sound_pressure_level,119.646
1239,index,1240
1239,frequency,5000
1239,angle,22.2
1239,chord_length,0.0254
1239,velocity,39.6
1239,thickness,0.0229028
1239,sound_pressure_level,118.816
1240,index,1241
1240,frequency,630
1240,angle,0.0
1240,chord_length,0.1016
1240,velocity,71.3
1240,thickness,0.00121072
1240,sound_pressure_level,124.155
1241,index,1242
1241,frequency,800
1241,angle,0.0
1241,chord_length,0.1016
1241,velocity,71.3
1241,thickness,0.00121072
1241,sound_pressure_level,126.805
1242,index,1243
1242,frequency,1000
1242,angle,0.0
1242,chord_length,0.1016
1242,velocity,71.3
1242,thickness,0.00121072
1242,sound_pressure_level,128.825
1243,index,1244
1243,frequency,1250
1243,angle,0.0
1243,chord_length,0.1016
1243,velocity,71.3
1243,thickness,0.00121072
1243,sound_pressure_level,130.335
1244,index,1245
1244,frequency,1600
1244,angle,0.0
1244,chord_length,0.1016
1244,velocity,71.3
1244,thickness,0.00121072
1244,sound_pressure_level,131.725
1245,index,1246
1245,frequency,2000
1245,angle,0.0
1245,chord_length,0.1016
1245,velocity,71.3
1245,thickness,0.00121072
1245,sound_pressure_level,132.095
1246,index,1247
1246,frequency,2500
1246,angle,0.0
1246,chord_length,0.1016
1246,velocity,71.3
1246,thickness,0.00121072
1246,sound_pressure_level,132.595
1247,index,1248
1247,frequency,3150
1247,angle,0.0
1247,chord_length,0.1016
1247,velocity,71.3
1247,thickness,0.00121072
1247,sound_pressure_level,131.955
1248,index,1249
1248,frequency,4000
1248,angle,0.0
1248,chord_length,0.1016
1248,velocity,71.3
1248,thickness,0.00121072
1248,sound_pressure_level,130.935
1249,index,1250
1249,frequency,5000
1249,angle,0.0
1249,chord_length,0.1016
1249,velocity,71.3
1249,thickness,0.00121072
1249,sound_pressure_level,130.795
1250,index,1251
1250,frequency,6300
1250,angle,0.0
1250,chord_length,0.1016
1250,velocity,71.3
1250,thickness,0.00121072
1250,sound_pressure_level,129.395
1251,index,1252
1251,frequency,8000
1251,angle,0.0
1251,chord_length,0.1016
1251,velocity,71.3
1251,thickness,0.00121072
1251,sound_pressure_level,125.465
1252,index,1253
1252,frequency,10000
1252,angle,0.0
1252,chord_length,0.1016
1252,velocity,71.3
1252,thickness,0.00121072
1252,sound_pressure_level,123.305
1253,index,1254
1253,frequency,12500
1253,angle,0.0
1253,chord_length,0.1016
1253,velocity,71.3
1253,thickness,0.00121072
1253,sound_pressure_level,119.375
1254,index,1255
1254,frequency,630
1254,angle,0.0
1254,chord_length,0.1016
1254,velocity,55.5
1254,thickness,0.00131983
1254,sound_pressure_level,126.17
1255,index,1256
1255,frequency,800
1255,angle,0.0
1255,chord_length,0.1016
1255,velocity,55.5
1255,thickness,0.00131983
1255,sound_pressure_level,127.92
1256,index,1257
1256,frequency,1000
1256,angle,0.0
1256,chord_length,0.1016
1256,velocity,55.5
1256,thickness,0.00131983
1256,sound_pressure_level,129.8
1257,index,1258
1257,frequency,1250
1257,angle,0.0
1257,chord_length,0.1016
1257,velocity,55.5
1257,thickness,0.00131983
1257,sound_pressure_level,131.43
1258,index,1259
1258,frequency,1600
1258,angle,0.0
1258,chord_length,0.1016
1258,velocity,55.5
1258,thickness,0.00131983
1258,sound_pressure_level,132.05
1259,index,1260
1259,frequency,2000
1259,angle,0.0
1259,chord_length,0.1016
1259,velocity,55.5
1259,thickness,0.00131983
1259,sound_pressure_level,132.54
1260,index,1261
1260,frequency,2500
1260,angle,0.0
1260,chord_length,0.1016
1260,velocity,55.5
1260,thickness,0.00131983
1260,sound_pressure_level,133.04
1261,index,1262
1261,frequency,3150
1261,angle,0.0
1261,chord_length,0.1016
1261,velocity,55.5
1261,thickness,0.00131983
1261,sound_pressure_level,131.78
1262,index,1263
1262,frequency,4000
1262,angle,0.0
1262,chord_length,0.1016
1262,velocity,55.5
1262,thickness,0.00131983
1262,sound_pressure_level,129.5
1263,index,1264
1263,frequency,5000
1263,angle,0.0
1263,chord_length,0.1016
1263,velocity,55.5
1263,thickness,0.00131983
1263,sound_pressure_level,128.36
1264,index,1265
1264,frequency,6300
1264,angle,0.0
1264,chord_length,0.1016
1264,velocity,55.5
1264,thickness,0.00131983
1264,sound_pressure_level,127.73
1265,index,1266
1265,frequency,8000
1265,angle,0.0
1265,chord_length,0.1016
1265,velocity,55.5
1265,thickness,0.00131983
1265,sound_pressure_level,124.45
1266,index,1267
1266,frequency,10000
1266,angle,0.0
1266,chord_length,0.1016
1266,velocity,55.5
1266,thickness,0.00131983
1266,sound_pressure_level,121.93
1267,index,1268
1267,frequency,12500
1267,angle,0.0
1267,chord_length,0.1016
1267,velocity,55.5
1267,thickness,0.00131983
1267,sound_pressure_level,119.91
1268,index,1269
1268,frequency,630
1268,angle,0.0
1268,chord_length,0.1016
1268,velocity,39.6
1268,thickness,0.00146332
1268,sound_pressure_level,125.401
1269,index,1270
1269,frequency,800
1269,angle,0.0
1269,chord_length,0.1016
1269,velocity,39.6
1269,thickness,0.00146332
1269,sound_pressure_level,128.401
1270,index,1271
1270,frequency,1000
1270,angle,0.0
1270,chord_length,0.1016
1270,velocity,39.6
1270,thickness,0.00146332
1270,sound_pressure_level,130.781
1271,index,1272
1271,frequency,1250
1271,angle,0.0
1271,chord_length,0.1016
1271,velocity,39.6
1271,thickness,0.00146332
1271,sound_pressure_level,132.271
1272,index,1273
1272,frequency,1600
1272,angle,0.0
1272,chord_length,0.1016
1272,velocity,39.6
1272,thickness,0.00146332
1272,sound_pressure_level,133.261
1273,index,1274
1273,frequency,2000
1273,angle,0.0
1273,chord_length,0.1016
1273,velocity,39.6
1273,thickness,0.00146332
1273,sound_pressure_level,133.251
1274,index,1275
1274,frequency,2500
1274,angle,0.0
1274,chord_length,0.1016
1274,velocity,39.6
1274,thickness,0.00146332
1274,sound_pressure_level,132.611
1275,index,1276
1275,frequency,3150
1275,angle,0.0
1275,chord_length,0.1016
1275,velocity,39.6
1275,thickness,0.00146332
1275,sound_pressure_level,130.961
1276,index,1277
1276,frequency,4000
1276,angle,0.0
1276,chord_length,0.1016
1276,velocity,39.6
1276,thickness,0.00146332
1276,sound_pressure_level,127.801
1277,index,1278
1277,frequency,5000
1277,angle,0.0
1277,chord_length,0.1016
1277,velocity,39.6
1277,thickness,0.00146332
1277,sound_pressure_level,126.021
1278,index,1279
1278,frequency,6300
1278,angle,0.0
1278,chord_length,0.1016
1278,velocity,39.6
1278,thickness,0.00146332
1278,sound_pressure_level,125.631
1279,index,1280
1279,frequency,8000
1279,angle,0.0
1279,chord_length,0.1016
1279,velocity,39.6
1279,thickness,0.00146332
1279,sound_pressure_level,122.341
1280,index,1281
1280,frequency,10000
1280,angle,0.0
1280,chord_length,0.1016
1280,velocity,39.6
1280,thickness,0.00146332
1280,sound_pressure_level,119.561
1281,index,1282
1281,frequency,630
1281,angle,0.0
1281,chord_length,0.1016
1281,velocity,31.7
1281,thickness,0.00150092
1281,sound_pressure_level,126.413
1282,index,1283
1282,frequency,800
1282,angle,0.0
1282,chord_length,0.1016
1282,velocity,31.7
1282,thickness,0.00150092
1282,sound_pressure_level,129.053
1283,index,1284
1283,frequency,1000
1283,angle,0.0
1283,chord_length,0.1016
1283,velocity,31.7
1283,thickness,0.00150092
1283,sound_pressure_level,131.313
1284,index,1285
1284,frequency,1250
1284,angle,0.0
1284,chord_length,0.1016
1284,velocity,31.7
1284,thickness,0.00150092
1284,sound_pressure_level,133.063
1285,index,1286
1285,frequency,1600
1285,angle,0.0
1285,chord_length,0.1016
1285,velocity,31.7
1285,thickness,0.00150092
1285,sound_pressure_level,133.553
1286,index,1287
1286,frequency,2000
1286,angle,0.0
1286,chord_length,0.1016
1286,velocity,31.7
1286,thickness,0.00150092
1286,sound_pressure_level,133.153
1287,index,1288
1287,frequency,2500
1287,angle,0.0
1287,chord_length,0.1016
1287,velocity,31.7
1287,thickness,0.00150092
1287,sound_pressure_level,132.003
1288,index,1289
1288,frequency,3150
1288,angle,0.0
1288,chord_length,0.1016
1288,velocity,31.7
1288,thickness,0.00150092
1288,sound_pressure_level,129.973
1289,index,1290
1289,frequency,4000
1289,angle,0.0
1289,chord_length,0.1016
1289,velocity,31.7
1289,thickness,0.00150092
1289,sound_pressure_level,126.933
1290,index,1291
1290,frequency,5000
1290,angle,0.0
1290,chord_length,0.1016
1290,velocity,31.7
1290,thickness,0.00150092
1290,sound_pressure_level,124.393
1291,index,1292
1291,frequency,6300
1291,angle,0.0
1291,chord_length,0.1016
1291,velocity,31.7
1291,thickness,0.00150092
1291,sound_pressure_level,124.253
1292,index,1293
1292,frequency,8000
1292,angle,0.0
1292,chord_length,0.1016
1292,velocity,31.7
1292,thickness,0.00150092
1292,sound_pressure_level,120.193
1293,index,1294
1293,frequency,10000
1293,angle,0.0
1293,chord_length,0.1016
1293,velocity,31.7
1293,thickness,0.00150092
1293,sound_pressure_level,115.893
1294,index,1295
1294,frequency,800
1294,angle,3.3
1294,chord_length,0.1016
1294,velocity,71.3
1294,thickness,0.00202822
1294,sound_pressure_level,131.074
1295,index,1296
1295,frequency,1000
1295,angle,3.3
1295,chord_length,0.1016
1295,velocity,71.3
1295,thickness,0.00202822
1295,sound_pressure_level,131.434
1296,index,1297
1296,frequency,1250
1296,angle,3.3
1296,chord_length,0.1016
1296,velocity,71.3
1296,thickness,0.00202822
1296,sound_pressure_level,132.304
1297,index,1298
1297,frequency,1600
1297,angle,3.3
1297,chord_length,0.1016
1297,velocity,71.3
1297,thickness,0.00202822
1297,sound_pressure_level,133.664
1298,index,1299
1298,frequency,2000
1298,angle,3.3
1298,chord_length,0.1016
1298,velocity,71.3
1298,thickness,0.00202822
1298,sound_pressure_level,134.034
1299,index,1300
1299,frequency,2500
1299,angle,3.3
1299,chord_length,0.1016
1299,velocity,71.3
1299,thickness,0.00202822
1299,sound_pressure_level,133.894
1300,index,1301
1300,frequency,3150
1300,angle,3.3
1300,chord_length,0.1016
1300,velocity,71.3
1300,thickness,0.00202822
1300,sound_pressure_level,132.114
1301,index,1302
1301,frequency,4000
1301,angle,3.3
1301,chord_length,0.1016
1301,velocity,71.3
1301,thickness,0.00202822
1301,sound_pressure_level,128.704
1302,index,1303
1302,frequency,5000
1302,angle,3.3
1302,chord_length,0.1016
1302,velocity,71.3
1302,thickness,0.00202822
1302,sound_pressure_level,127.054
1303,index,1304
1303,frequency,6300
1303,angle,3.3
1303,chord_length,0.1016
1303,velocity,71.3
1303,thickness,0.00202822
1303,sound_pressure_level,124.904
1304,index,1305
1304,frequency,8000
1304,angle,3.3
1304,chord_length,0.1016
1304,velocity,71.3
1304,thickness,0.00202822
1304,sound_pressure_level,121.234
1305,index,1306
1305,frequency,10000
1305,angle,3.3
1305,chord_length,0.1016
1305,velocity,71.3
1305,thickness,0.00202822
1305,sound_pressure_level,116.694
1306,index,1307
1306,frequency,630
1306,angle,3.3
1306,chord_length,0.1016
1306,velocity,55.5
1306,thickness,0.002211
1306,sound_pressure_level,126.599
1307,index,1308
1307,frequency,800
1307,angle,3.3
1307,chord_length,0.1016
1307,velocity,55.5
1307,thickness,0.002211
1307,sound_pressure_level,129.119
1308,index,1309
1308,frequency,1000
1308,angle,3.3
1308,chord_length,0.1016
1308,velocity,55.5
1308,thickness,0.002211
1308,sound_pressure_level,131.129
1309,index,1310
1309,frequency,1250
1309,angle,3.3
1309,chord_length,0.1016
1309,velocity,55.5
1309,thickness,0.002211
1309,sound_pressure_level,132.769
1310,index,1311
1310,frequency,1600
1310,angle,3.3
1310,chord_length,0.1016
1310,velocity,55.5
1310,thickness,0.002211
1310,sound_pressure_level,133.649
1311,index,1312
1311,frequency,2000
1311,angle,3.3
1311,chord_length,0.1016
1311,velocity,55.5
1311,thickness,0.002211
1311,sound_pressure_level,133.649
1312,index,1313
1312,frequency,2500
1312,angle,3.3
1312,chord_length,0.1016
1312,velocity,55.5
1312,thickness,0.002211
1312,sound_pressure_level,132.889
1313,index,1314
1313,frequency,3150
1313,angle,3.3
1313,chord_length,0.1016
1313,velocity,55.5
1313,thickness,0.002211
1313,sound_pressure_level,130.629
1314,index,1315
1314,frequency,4000
1314,angle,3.3
1314,chord_length,0.1016
1314,velocity,55.5
1314,thickness,0.002211
1314,sound_pressure_level,127.229
1315,index,1316
1315,frequency,5000
1315,angle,3.3
1315,chord_length,0.1016
1315,velocity,55.5
1315,thickness,0.002211
1315,sound_pressure_level,124.839
1316,index,1317
1316,frequency,6300
1316,angle,3.3
1316,chord_length,0.1016
1316,velocity,55.5
1316,thickness,0.002211
1316,sound_pressure_level,123.839
1317,index,1318
1317,frequency,8000
1317,angle,3.3
1317,chord_length,0.1016
1317,velocity,55.5
1317,thickness,0.002211
1317,sound_pressure_level,120.569
1318,index,1319
1318,frequency,10000
1318,angle,3.3
1318,chord_length,0.1016
1318,velocity,55.5
1318,thickness,0.002211
1318,sound_pressure_level,115.659
1319,index,1320
1319,frequency,630
1319,angle,3.3
1319,chord_length,0.1016
1319,velocity,39.6
1319,thickness,0.00245138
1319,sound_pressure_level,127.251
1320,index,1321
1320,frequency,800
1320,angle,3.3
1320,chord_length,0.1016
1320,velocity,39.6
1320,thickness,0.00245138
1320,sound_pressure_level,129.991
1321,index,1322
1321,frequency,1000
1321,angle,3.3
1321,chord_length,0.1016
1321,velocity,39.6
1321,thickness,0.00245138
1321,sound_pressure_level,131.971
1322,index,1323
1322,frequency,1250
1322,angle,3.3
1322,chord_length,0.1016
1322,velocity,39.6
1322,thickness,0.00245138
1322,sound_pressure_level,133.211
1323,index,1324
1323,frequency,1600
1323,angle,3.3
1323,chord_length,0.1016
1323,velocity,39.6
1323,thickness,0.00245138
1323,sound_pressure_level,133.071
1324,index,1325
1324,frequency,2000
1324,angle,3.3
1324,chord_length,0.1016
1324,velocity,39.6
1324,thickness,0.00245138
1324,sound_pressure_level,132.301
1325,index,1326
1325,frequency,2500
1325,angle,3.3
1325,chord_length,0.1016
1325,velocity,39.6
1325,thickness,0.00245138
1325,sound_pressure_level,130.791
1326,index,1327
1326,frequency,3150
1326,angle,3.3
1326,chord_length,0.1016
1326,velocity,39.6
1326,thickness,0.00245138
1326,sound_pressure_level,128.401
1327,index,1328
1327,frequency,4000
1327,angle,3.3
1327,chord_length,0.1016
1327,velocity,39.6
1327,thickness,0.00245138
1327,sound_pressure_level,124.881
1328,index,1329
1328,frequency,5000
1328,angle,3.3
1328,chord_length,0.1016
1328,velocity,39.6
1328,thickness,0.00245138
1328,sound_pressure_level,122.371
1329,index,1330
1329,frequency,6300
1329,angle,3.3
1329,chord_length,0.1016
1329,velocity,39.6
1329,thickness,0.00245138
1329,sound_pressure_level,120.851
1330,index,1331
1330,frequency,8000
1330,angle,3.3
1330,chord_length,0.1016
1330,velocity,39.6
1330,thickness,0.00245138
1330,sound_pressure_level,118.091
1331,index,1332
1331,frequency,10000
1331,angle,3.3
1331,chord_length,0.1016
1331,velocity,39.6
1331,thickness,0.00245138
1331,sound_pressure_level,115.321
1332,index,1333
1332,frequency,630
1332,angle,3.3
1332,chord_length,0.1016
1332,velocity,31.7
1332,thickness,0.00251435
1332,sound_pressure_level,128.952
1333,index,1334
1333,frequency,800
1333,angle,3.3
1333,chord_length,0.1016
1333,velocity,31.7
1333,thickness,0.00251435
1333,sound_pressure_level,131.362
1334,index,1335
1334,frequency,1000
1334,angle,3.3
1334,chord_length,0.1016
1334,velocity,31.7
1334,thickness,0.00251435
1334,sound_pressure_level,133.012
1335,index,1336
1335,frequency,1250
1335,angle,3.3
1335,chord_length,0.1016
1335,velocity,31.7
1335,thickness,0.00251435
1335,sound_pressure_level,134.022
1336,index,1337
1336,frequency,1600
1336,angle,3.3
1336,chord_length,0.1016
1336,velocity,31.7
1336,thickness,0.00251435
1336,sound_pressure_level,133.402
1337,index,1338
1337,frequency,2000
1337,angle,3.3
1337,chord_length,0.1016
1337,velocity,31.7
1337,thickness,0.00251435
1337,sound_pressure_level,131.642
1338,index,1339
1338,frequency,2500
1338,angle,3.3
1338,chord_length,0.1016
1338,velocity,31.7
1338,thickness,0.00251435
1338,sound_pressure_level,130.392
1339,index,1340
1339,frequency,3150
1339,angle,3.3
1339,chord_length,0.1016
1339,velocity,31.7
1339,thickness,0.00251435
1339,sound_pressure_level,128.252
1340,index,1341
1340,frequency,4000
1340,angle,3.3
1340,chord_length,0.1016
1340,velocity,31.7
1340,thickness,0.00251435
1340,sound_pressure_level,124.852
1341,index,1342
1341,frequency,5000
1341,angle,3.3
1341,chord_length,0.1016
1341,velocity,31.7
1341,thickness,0.00251435
1341,sound_pressure_level,122.082
1342,index,1343
1342,frequency,6300
1342,angle,3.3
1342,chord_length,0.1016
1342,velocity,31.7
1342,thickness,0.00251435
1342,sound_pressure_level,120.702
1343,index,1344
1343,frequency,8000
1343,angle,3.3
1343,chord_length,0.1016
1343,velocity,31.7
1343,thickness,0.00251435
1343,sound_pressure_level,117.432
1344,index,1345
1344,frequency,630
1344,angle,6.7
1344,chord_length,0.1016
1344,velocity,71.3
1344,thickness,0.00478288
1344,sound_pressure_level,131.448
1345,index,1346
1345,frequency,800
1345,angle,6.7
1345,chord_length,0.1016
1345,velocity,71.3
1345,thickness,0.00478288
1345,sound_pressure_level,134.478
1346,index,1347
1346,frequency,1000
1346,angle,6.7
1346,chord_length,0.1016
1346,velocity,71.3
1346,thickness,0.00478288
1346,sound_pressure_level,136.758
1347,index,1348
1347,frequency,1250
1347,angle,6.7
1347,chord_length,0.1016
1347,velocity,71.3
1347,thickness,0.00478288
1347,sound_pressure_level,137.658
1348,index,1349
1348,frequency,1600
1348,angle,6.7
1348,chord_length,0.1016
1348,velocity,71.3
1348,thickness,0.00478288
1348,sound_pressure_level,136.678
1349,index,1350
1349,frequency,2000
1349,angle,6.7
1349,chord_length,0.1016
1349,velocity,71.3
1349,thickness,0.00478288
1349,sound_pressure_level,134.568
1350,index,1351
1350,frequency,2500
1350,angle,6.7
1350,chord_length,0.1016
1350,velocity,71.3
1350,thickness,0.00478288
1350,sound_pressure_level,131.458
1351,index,1352
1351,frequency,3150
1351,angle,6.7
1351,chord_length,0.1016
1351,velocity,71.3
1351,thickness,0.00478288
1351,sound_pressure_level,124.458
1352,index,1353
1352,frequency,500
1352,angle,6.7
1352,chord_length,0.1016
1352,velocity,55.5
1352,thickness,0.0052139
1352,sound_pressure_level,129.343
1353,index,1354
1353,frequency,630
1353,angle,6.7
1353,chord_length,0.1016
1353,velocity,55.5
1353,thickness,0.0052139
1353,sound_pressure_level,133.023
1354,index,1355
1354,frequency,800
1354,angle,6.7
1354,chord_length,0.1016
1354,velocity,55.5
1354,thickness,0.0052139
1354,sound_pressure_level,135.953
1355,index,1356
1355,frequency,1000
1355,angle,6.7
1355,chord_length,0.1016
1355,velocity,55.5
1355,thickness,0.0052139
1355,sound_pressure_level,137.233
1356,index,1357
1356,frequency,1250
1356,angle,6.7
1356,chord_length,0.1016
1356,velocity,55.5
1356,thickness,0.0052139
1356,sound_pressure_level,136.883
1357,index,1358
1357,frequency,1600
1357,angle,6.7
1357,chord_length,0.1016
1357,velocity,55.5
1357,thickness,0.0052139
1357,sound_pressure_level,133.653
1358,index,1359
1358,frequency,2000
1358,angle,6.7
1358,chord_length,0.1016
1358,velocity,55.5
1358,thickness,0.0052139
1358,sound_pressure_level,129.653
1359,index,1360
1359,frequency,2500
1359,angle,6.7
1359,chord_length,0.1016
1359,velocity,55.5
1359,thickness,0.0052139
1359,sound_pressure_level,124.273
1360,index,1361
1360,frequency,400
1360,angle,6.7
1360,chord_length,0.1016
1360,velocity,39.6
1360,thickness,0.00578076
1360,sound_pressure_level,128.295
1361,index,1362
1361,frequency,500
1361,angle,6.7
1361,chord_length,0.1016
1361,velocity,39.6
1361,thickness,0.00578076
1361,sound_pressure_level,130.955
1362,index,1363
1362,frequency,630
1362,angle,6.7
1362,chord_length,0.1016
1362,velocity,39.6
1362,thickness,0.00578076
1362,sound_pressure_level,133.355
1363,index,1364
1363,frequency,800
1363,angle,6.7
1363,chord_length,0.1016
1363,velocity,39.6
1363,thickness,0.00578076
1363,sound_pressure_level,134.625
1364,index,1365
1364,frequency,1000
1364,angle,6.7
1364,chord_length,0.1016
1364,velocity,39.6
1364,thickness,0.00578076
1364,sound_pressure_level,134.515
1365,index,1366
1365,frequency,1250
1365,angle,6.7
1365,chord_length,0.1016
1365,velocity,39.6
1365,thickness,0.00578076
1365,sound_pressure_level,132.395
1366,index,1367
1366,frequency,1600
1366,angle,6.7
1366,chord_length,0.1016
1366,velocity,39.6
1366,thickness,0.00578076
1366,sound_pressure_level,127.375
1367,index,1368
1367,frequency,2000
1367,angle,6.7
1367,chord_length,0.1016
1367,velocity,39.6
1367,thickness,0.00578076
1367,sound_pressure_level,122.235
1368,index,1369
1368,frequency,315
1368,angle,6.7
1368,chord_length,0.1016
1368,velocity,31.7
1368,thickness,0.00592927
1368,sound_pressure_level,126.266
1369,index,1370
1369,frequency,400
1369,angle,6.7
1369,chord_length,0.1016
1369,velocity,31.7
1369,thickness,0.00592927
1369,sound_pressure_level,128.296
1370,index,1371
1370,frequency,500
1370,angle,6.7
1370,chord_length,0.1016
1370,velocity,31.7
1370,thickness,0.00592927
1370,sound_pressure_level,130.206
1371,index,1372
1371,frequency,630
1371,angle,6.7
1371,chord_length,0.1016
1371,velocity,31.7
1371,thickness,0.00592927
1371,sound_pressure_level,132.116
1372,index,1373
1372,frequency,800
1372,angle,6.7
1372,chord_length,0.1016
1372,velocity,31.7
1372,thickness,0.00592927
1372,sound_pressure_level,132.886
1373,index,1374
1373,frequency,1000
1373,angle,6.7
1373,chord_length,0.1016
1373,velocity,31.7
1373,thickness,0.00592927
1373,sound_pressure_level,131.636
1374,index,1375
1374,frequency,1250
1374,angle,6.7
1374,chord_length,0.1016
1374,velocity,31.7
1374,thickness,0.00592927
1374,sound_pressure_level,129.256
1375,index,1376
1375,frequency,1600
1375,angle,6.7
1375,chord_length,0.1016
1375,velocity,31.7
1375,thickness,0.00592927
1375,sound_pressure_level,124.346
1376,index,1377
1376,frequency,2000
1376,angle,6.7
1376,chord_length,0.1016
1376,velocity,31.7
1376,thickness,0.00592927
1376,sound_pressure_level,120.446
1377,index,1378
1377,frequency,200
1377,angle,8.9
1377,chord_length,0.1016
1377,velocity,71.3
1377,thickness,0.0103088
1377,sound_pressure_level,133.503
1378,index,1379
1378,frequency,250
1378,angle,8.9
1378,chord_length,0.1016
1378,velocity,71.3
1378,thickness,0.0103088
1378,sound_pressure_level,134.533
1379,index,1380
1379,frequency,315
1379,angle,8.9
1379,chord_length,0.1016
1379,velocity,71.3
1379,thickness,0.0103088
1379,sound_pressure_level,136.583
1380,index,1381
1380,frequency,400
1380,angle,8.9
1380,chord_length,0.1016
1380,velocity,71.3
1380,thickness,0.0103088
1380,sound_pressure_level,138.123
1381,index,1382
1381,frequency,500
1381,angle,8.9
1381,chord_length,0.1016
1381,velocity,71.3
1381,thickness,0.0103088
1381,sound_pressure_level,138.523
1382,index,1383
1382,frequency,630
1382,angle,8.9
1382,chord_length,0.1016
1382,velocity,71.3
1382,thickness,0.0103088
1382,sound_pressure_level,138.423
1383,index,1384
1383,frequency,800
1383,angle,8.9
1383,chord_length,0.1016
1383,velocity,71.3
1383,thickness,0.0103088
1383,sound_pressure_level,137.813
1384,index,1385
1384,frequency,1000
1384,angle,8.9
1384,chord_length,0.1016
1384,velocity,71.3
1384,thickness,0.0103088
1384,sound_pressure_level,135.433
1385,index,1386
1385,frequency,1250
1385,angle,8.9
1385,chord_length,0.1016
1385,velocity,71.3
1385,thickness,0.0103088
1385,sound_pressure_level,132.793
1386,index,1387
1386,frequency,1600
1386,angle,8.9
1386,chord_length,0.1016
1386,velocity,71.3
1386,thickness,0.0103088
1386,sound_pressure_level,128.763
1387,index,1388
1387,frequency,2000
1387,angle,8.9
1387,chord_length,0.1016
1387,velocity,71.3
1387,thickness,0.0103088
1387,sound_pressure_level,124.233
1388,index,1389
1388,frequency,2500
1388,angle,8.9
1388,chord_length,0.1016
1388,velocity,71.3
1388,thickness,0.0103088
1388,sound_pressure_level,123.623
1389,index,1390
1389,frequency,3150
1389,angle,8.9
1389,chord_length,0.1016
1389,velocity,71.3
1389,thickness,0.0103088
1389,sound_pressure_level,123.263
1390,index,1391
1390,frequency,4000
1390,angle,8.9
1390,chord_length,0.1016
1390,velocity,71.3
1390,thickness,0.0103088
1390,sound_pressure_level,120.243
1391,index,1392
1391,frequency,5000
1391,angle,8.9
1391,chord_length,0.1016
1391,velocity,71.3
1391,thickness,0.0103088
1391,sound_pressure_level,116.723
1392,index,1393
1392,frequency,6300
1392,angle,8.9
1392,chord_length,0.1016
1392,velocity,71.3
1392,thickness,0.0103088
1392,sound_pressure_level,117.253
1393,index,1394
1393,frequency,200
1393,angle,8.9
1393,chord_length,0.1016
1393,velocity,39.6
1393,thickness,0.0124596
1393,sound_pressure_level,133.42
1394,index,1395
1394,frequency,250
1394,angle,8.9
1394,chord_length,0.1016
1394,velocity,39.6
1394,thickness,0.0124596
1394,sound_pressure_level,134.34
1395,index,1396
1395,frequency,315
1395,angle,8.9
1395,chord_length,0.1016
1395,velocity,39.6
1395,thickness,0.0124596
1395,sound_pressure_level,135.38
1396,index,1397
1396,frequency,400
1396,angle,8.9
1396,chord_length,0.1016
1396,velocity,39.6
1396,thickness,0.0124596
1396,sound_pressure_level,135.54
1397,index,1398
1397,frequency,500
1397,angle,8.9
1397,chord_length,0.1016
1397,velocity,39.6
1397,thickness,0.0124596
1397,sound_pressure_level,133.79
1398,index,1399
1398,frequency,630
1398,angle,8.9
1398,chord_length,0.1016
1398,velocity,39.6
1398,thickness,0.0124596
1398,sound_pressure_level,131.92
1399,index,1400
1399,frequency,800
1399,angle,8.9
1399,chord_length,0.1016
1399,velocity,39.6
1399,thickness,0.0124596
1399,sound_pressure_level,130.94
1400,index,1401
1400,frequency,1000
1400,angle,8.9
1400,chord_length,0.1016
1400,velocity,39.6
1400,thickness,0.0124596
1400,sound_pressure_level,129.58
1401,index,1402
1401,frequency,1250
1401,angle,8.9
1401,chord_length,0.1016
1401,velocity,39.6
1401,thickness,0.0124596
1401,sound_pressure_level,127.71
1402,index,1403
1402,frequency,1600
1402,angle,8.9
1402,chord_length,0.1016
1402,velocity,39.6
1402,thickness,0.0124596
1402,sound_pressure_level,123.82
1403,index,1404
1403,frequency,2000
1403,angle,8.9
1403,chord_length,0.1016
1403,velocity,39.6
1403,thickness,0.0124596
1403,sound_pressure_level,119.04
1404,index,1405
1404,frequency,2500
1404,angle,8.9
1404,chord_length,0.1016
1404,velocity,39.6
1404,thickness,0.0124596
1404,sound_pressure_level,119.19
1405,index,1406
1405,frequency,3150
1405,angle,8.9
1405,chord_length,0.1016
1405,velocity,39.6
1405,thickness,0.0124596
1405,sound_pressure_level,119.35
1406,index,1407
1406,frequency,4000
1406,angle,8.9
1406,chord_length,0.1016
1406,velocity,39.6
1406,thickness,0.0124596
1406,sound_pressure_level,116.22
1407,index,1408
1407,frequency,5000
1407,angle,8.9
1407,chord_length,0.1016
1407,velocity,39.6
1407,thickness,0.0124596
1407,sound_pressure_level,113.08
1408,index,1409
1408,frequency,6300
1408,angle,8.9
1408,chord_length,0.1016
1408,velocity,39.6
1408,thickness,0.0124596
1408,sound_pressure_level,113.11
1409,index,1410
1409,frequency,200
1409,angle,12.3
1409,chord_length,0.1016
1409,velocity,71.3
1409,thickness,0.0337792
1409,sound_pressure_level,130.588
1410,index,1411
1410,frequency,250
1410,angle,12.3
1410,chord_length,0.1016
1410,velocity,71.3
1410,thickness,0.0337792
1410,sound_pressure_level,131.568
1411,index,1412
1411,frequency,315
1411,angle,12.3
1411,chord_length,0.1016
1411,velocity,71.3
1411,thickness,0.0337792
1411,sound_pressure_level,137.068
1412,index,1413
1412,frequency,400
1412,angle,12.3
1412,chord_length,0.1016
1412,velocity,71.3
1412,thickness,0.0337792
1412,sound_pressure_level,139.428
1413,index,1414
1413,frequency,500
1413,angle,12.3
1413,chord_length,0.1016
1413,velocity,71.3
1413,thickness,0.0337792
1413,sound_pressure_level,140.158
1414,index,1415
1414,frequency,630
1414,angle,12.3
1414,chord_length,0.1016
1414,velocity,71.3
1414,thickness,0.0337792
1414,sound_pressure_level,135.368
1415,index,1416
1415,frequency,800
1415,angle,12.3
1415,chord_length,0.1016
1415,velocity,71.3
1415,thickness,0.0337792
1415,sound_pressure_level,127.318
1416,index,1417
1416,frequency,1000
1416,angle,12.3
1416,chord_length,0.1016
1416,velocity,71.3
1416,thickness,0.0337792
1416,sound_pressure_level,127.928
1417,index,1418
1417,frequency,1250
1417,angle,12.3
1417,chord_length,0.1016
1417,velocity,71.3
1417,thickness,0.0337792
1417,sound_pressure_level,126.648
1418,index,1419
1418,frequency,1600
1418,angle,12.3
1418,chord_length,0.1016
1418,velocity,71.3
1418,thickness,0.0337792
1418,sound_pressure_level,124.748
1419,index,1420
1419,frequency,2000
1419,angle,12.3
1419,chord_length,0.1016
1419,velocity,71.3
1419,thickness,0.0337792
1419,sound_pressure_level,122.218
1420,index,1421
1420,frequency,2500
1420,angle,12.3
1420,chord_length,0.1016
1420,velocity,71.3
1420,thickness,0.0337792
1420,sound_pressure_level,121.318
1421,index,1422
1421,frequency,3150
1421,angle,12.3
1421,chord_length,0.1016
1421,velocity,71.3
1421,thickness,0.0337792
1421,sound_pressure_level,120.798
1422,index,1423
1422,frequency,4000
1422,angle,12.3
1422,chord_length,0.1016
1422,velocity,71.3
1422,thickness,0.0337792
1422,sound_pressure_level,118.018
1423,index,1424
1423,frequency,5000
1423,angle,12.3
1423,chord_length,0.1016
1423,velocity,71.3
1423,thickness,0.0337792
1423,sound_pressure_level,116.108
1424,index,1425
1424,frequency,6300
1424,angle,12.3
1424,chord_length,0.1016
1424,velocity,71.3
1424,thickness,0.0337792
1424,sound_pressure_level,113.958
1425,index,1426
1425,frequency,200
1425,angle,12.3
1425,chord_length,0.1016
1425,velocity,55.5
1425,thickness,0.0368233
1425,sound_pressure_level,132.304
1426,index,1427
1426,frequency,250
1426,angle,12.3
1426,chord_length,0.1016
1426,velocity,55.5
1426,thickness,0.0368233
1426,sound_pressure_level,133.294
1427,index,1428
1427,frequency,315
1427,angle,12.3
1427,chord_length,0.1016
1427,velocity,55.5
1427,thickness,0.0368233
1427,sound_pressure_level,135.674
1428,index,1429
1428,frequency,400
1428,angle,12.3
1428,chord_length,0.1016
1428,velocity,55.5
1428,thickness,0.0368233
1428,sound_pressure_level,136.414
1429,index,1430
1429,frequency,500
1429,angle,12.3
1429,chord_length,0.1016
1429,velocity,55.5
1429,thickness,0.0368233
1429,sound_pressure_level,133.774
1430,index,1431
1430,frequency,630
1430,angle,12.3
1430,chord_length,0.1016
1430,velocity,55.5
1430,thickness,0.0368233
1430,sound_pressure_level,124.244
1431,index,1432
1431,frequency,800
1431,angle,12.3
1431,chord_length,0.1016
1431,velocity,55.5
1431,thickness,0.0368233
1431,sound_pressure_level,125.114
1432,index,1433
1432,frequency,1000
1432,angle,12.3
1432,chord_length,0.1016
1432,velocity,55.5
1432,thickness,0.0368233
1432,sound_pressure_level,125.484
1433,index,1434
1433,frequency,1250
1433,angle,12.3
1433,chord_length,0.1016
1433,velocity,55.5
1433,thickness,0.0368233
1433,sound_pressure_level,124.214
1434,index,1435
1434,frequency,1600
1434,angle,12.3
1434,chord_length,0.1016
1434,velocity,55.5
1434,thickness,0.0368233
1434,sound_pressure_level,121.824
1435,index,1436
1435,frequency,2000
1435,angle,12.3
1435,chord_length,0.1016
1435,velocity,55.5
1435,thickness,0.0368233
1435,sound_pressure_level,118.564
1436,index,1437
1436,frequency,2500
1436,angle,12.3
1436,chord_length,0.1016
1436,velocity,55.5
1436,thickness,0.0368233
1436,sound_pressure_level,117.054
1437,index,1438
1437,frequency,3150
1437,angle,12.3
1437,chord_length,0.1016
1437,velocity,55.5
1437,thickness,0.0368233
1437,sound_pressure_level,116.914
1438,index,1439
1438,frequency,4000
1438,angle,12.3
1438,chord_length,0.1016
1438,velocity,55.5
1438,thickness,0.0368233
1438,sound_pressure_level,114.404
1439,index,1440
1439,frequency,5000
1439,angle,12.3
1439,chord_length,0.1016
1439,velocity,55.5
1439,thickness,0.0368233
1439,sound_pressure_level,112.014
1440,index,1441
1440,frequency,6300
1440,angle,12.3
1440,chord_length,0.1016
1440,velocity,55.5
1440,thickness,0.0368233
1440,sound_pressure_level,110.124
1441,index,1442
1441,frequency,200
1441,angle,12.3
1441,chord_length,0.1016
1441,velocity,39.6
1441,thickness,0.0408268
1441,sound_pressure_level,128.545
1442,index,1443
1442,frequency,250
1442,angle,12.3
1442,chord_length,0.1016
1442,velocity,39.6
1442,thickness,0.0408268
1442,sound_pressure_level,129.675
1443,index,1444
1443,frequency,315
1443,angle,12.3
1443,chord_length,0.1016
1443,velocity,39.6
1443,thickness,0.0408268
1443,sound_pressure_level,129.415
1444,index,1445
1444,frequency,400
1444,angle,12.3
1444,chord_length,0.1016
1444,velocity,39.6
1444,thickness,0.0408268
1444,sound_pressure_level,128.265
1445,index,1446
1445,frequency,500
1445,angle,12.3
1445,chord_length,0.1016
1445,velocity,39.6
1445,thickness,0.0408268
1445,sound_pressure_level,122.205
1446,index,1447
1446,frequency,630
1446,angle,12.3
1446,chord_length,0.1016
1446,velocity,39.6
1446,thickness,0.0408268
1446,sound_pressure_level,121.315
1447,index,1448
1447,frequency,800
1447,angle,12.3
1447,chord_length,0.1016
1447,velocity,39.6
1447,thickness,0.0408268
1447,sound_pressure_level,122.315
1448,index,1449
1448,frequency,1000
1448,angle,12.3
1448,chord_length,0.1016
1448,velocity,39.6
1448,thickness,0.0408268
1448,sound_pressure_level,122.435
1449,index,1450
1449,frequency,1250
1449,angle,12.3
1449,chord_length,0.1016
1449,velocity,39.6
1449,thickness,0.0408268
1449,sound_pressure_level,121.165
1450,index,1451
1450,frequency,1600
1450,angle,12.3
1450,chord_length,0.1016
1450,velocity,39.6
1450,thickness,0.0408268
1450,sound_pressure_level,117.875
1451,index,1452
1451,frequency,2000
1451,angle,12.3
1451,chord_length,0.1016
1451,velocity,39.6
1451,thickness,0.0408268
1451,sound_pressure_level,114.085
1452,index,1453
1452,frequency,2500
1452,angle,12.3
1452,chord_length,0.1016
1452,velocity,39.6
1452,thickness,0.0408268
1452,sound_pressure_level,113.315
1453,index,1454
1453,frequency,3150
1453,angle,12.3
1453,chord_length,0.1016
1453,velocity,39.6
1453,thickness,0.0408268
1453,sound_pressure_level,113.055
1454,index,1455
1454,frequency,4000
1454,angle,12.3
1454,chord_length,0.1016
1454,velocity,39.6
1454,thickness,0.0408268
1454,sound_pressure_level,110.905
1455,index,1456
1455,frequency,5000
1455,angle,12.3
1455,chord_length,0.1016
1455,velocity,39.6
1455,thickness,0.0408268
1455,sound_pressure_level,108.625
1456,index,1457
1456,frequency,6300
1456,angle,12.3
1456,chord_length,0.1016
1456,velocity,39.6
1456,thickness,0.0408268
1456,sound_pressure_level,107.985
1457,index,1458
1457,frequency,200
1457,angle,12.3
1457,chord_length,0.1016
1457,velocity,31.7
1457,thickness,0.0418756
1457,sound_pressure_level,124.987
1458,index,1459
1458,frequency,250
1458,angle,12.3
1458,chord_length,0.1016
1458,velocity,31.7
1458,thickness,0.0418756
1458,sound_pressure_level,125.857
1459,index,1460
1459,frequency,315
1459,angle,12.3
1459,chord_length,0.1016
1459,velocity,31.7
1459,thickness,0.0418756
1459,sound_pressure_level,124.717
1460,index,1461
1460,frequency,400
1460,angle,12.3
1460,chord_length,0.1016
1460,velocity,31.7
1460,thickness,0.0418756
1460,sound_pressure_level,123.207
1461,index,1462
1461,frequency,500
1461,angle,12.3
1461,chord_length,0.1016
1461,velocity,31.7
1461,thickness,0.0418756
1461,sound_pressure_level,118.667
1462,index,1463
1462,frequency,630
1462,angle,12.3
1462,chord_length,0.1016
1462,velocity,31.7
1462,thickness,0.0418756
1462,sound_pressure_level,119.287
1463,index,1464
1463,frequency,800
1463,angle,12.3
1463,chord_length,0.1016
1463,velocity,31.7
1463,thickness,0.0418756
1463,sound_pressure_level,120.037
1464,index,1465
1464,frequency,1000
1464,angle,12.3
1464,chord_length,0.1016
1464,velocity,31.7
1464,thickness,0.0418756
1464,sound_pressure_level,119.777
1465,index,1466
1465,frequency,1250
1465,angle,12.3
1465,chord_length,0.1016
1465,velocity,31.7
1465,thickness,0.0418756
1465,sound_pressure_level,118.767
1466,index,1467
1466,frequency,1600
1466,angle,12.3
1466,chord_length,0.1016
1466,velocity,31.7
1466,thickness,0.0418756
1466,sound_pressure_level,114.477
1467,index,1468
1467,frequency,2000
1467,angle,12.3
1467,chord_length,0.1016
1467,velocity,31.7
1467,thickness,0.0418756
1467,sound_pressure_level,110.447
1468,index,1469
1468,frequency,2500
1468,angle,12.3
1468,chord_length,0.1016
1468,velocity,31.7
1468,thickness,0.0418756
1468,sound_pressure_level,110.317
1469,index,1470
1469,frequency,3150
1469,angle,12.3
1469,chord_length,0.1016
1469,velocity,31.7
1469,thickness,0.0418756
1469,sound_pressure_level,110.307
1470,index,1471
1470,frequency,4000
1470,angle,12.3
1470,chord_length,0.1016
1470,velocity,31.7
1470,thickness,0.0418756
1470,sound_pressure_level,108.407
1471,index,1472
1471,frequency,5000
1471,angle,12.3
1471,chord_length,0.1016
1471,velocity,31.7
1471,thickness,0.0418756
1471,sound_pressure_level,107.147
1472,index,1473
1472,frequency,6300
1472,angle,12.3
1472,chord_length,0.1016
1472,velocity,31.7
1472,thickness,0.0418756
1472,sound_pressure_level,107.267
1473,index,1474
1473,frequency,200
1473,angle,15.6
1473,chord_length,0.1016
1473,velocity,71.3
1473,thickness,0.0437259
1473,sound_pressure_level,130.898
1474,index,1475
1474,frequency,250
1474,angle,15.6
1474,chord_length,0.1016
1474,velocity,71.3
1474,thickness,0.0437259
1474,sound_pressure_level,132.158
1475,index,1476
1475,frequency,315
1475,angle,15.6
1475,chord_length,0.1016
1475,velocity,71.3
1475,thickness,0.0437259
1475,sound_pressure_level,133.808
1476,index,1477
1476,frequency,400
1476,angle,15.6
1476,chord_length,0.1016
1476,velocity,71.3
1476,thickness,0.0437259
1476,sound_pressure_level,134.058
1477,index,1478
1477,frequency,500
1477,angle,15.6
1477,chord_length,0.1016
1477,velocity,71.3
1477,thickness,0.0437259
1477,sound_pressure_level,130.638
1478,index,1479
1478,frequency,630
1478,angle,15.6
1478,chord_length,0.1016
1478,velocity,71.3
1478,thickness,0.0437259
1478,sound_pressure_level,122.288
1479,index,1480
1479,frequency,800
1479,angle,15.6
1479,chord_length,0.1016
1479,velocity,71.3
1479,thickness,0.0437259
1479,sound_pressure_level,124.188
1480,index,1481
1480,frequency,1000
1480,angle,15.6
1480,chord_length,0.1016
1480,velocity,71.3
1480,thickness,0.0437259
1480,sound_pressure_level,124.438
1481,index,1482
1481,frequency,1250
1481,angle,15.6
1481,chord_length,0.1016
1481,velocity,71.3
1481,thickness,0.0437259
1481,sound_pressure_level,123.178
1482,index,1483
1482,frequency,1600
1482,angle,15.6
1482,chord_length,0.1016
1482,velocity,71.3
1482,thickness,0.0437259
1482,sound_pressure_level,121.528
1483,index,1484
1483,frequency,2000
1483,angle,15.6
1483,chord_length,0.1016
1483,velocity,71.3
1483,thickness,0.0437259
1483,sound_pressure_level,119.888
1484,index,1485
1484,frequency,2500
1484,angle,15.6
1484,chord_length,0.1016
1484,velocity,71.3
1484,thickness,0.0437259
1484,sound_pressure_level,118.998
1485,index,1486
1485,frequency,3150
1485,angle,15.6
1485,chord_length,0.1016
1485,velocity,71.3
1485,thickness,0.0437259
1485,sound_pressure_level,116.468
1486,index,1487
1486,frequency,4000
1486,angle,15.6
1486,chord_length,0.1016
1486,velocity,71.3
1486,thickness,0.0437259
1486,sound_pressure_level,113.298
1487,index,1488
1487,frequency,200
1487,angle,15.6
1487,chord_length,0.1016
1487,velocity,39.6
1487,thickness,0.0528487
1487,sound_pressure_level,123.514
1488,index,1489
1488,frequency,250
1488,angle,15.6
1488,chord_length,0.1016
1488,velocity,39.6
1488,thickness,0.0528487
1488,sound_pressure_level,124.644
1489,index,1490
1489,frequency,315
1489,angle,15.6
1489,chord_length,0.1016
1489,velocity,39.6
1489,thickness,0.0528487
1489,sound_pressure_level,122.754
1490,index,1491
1490,frequency,400
1490,angle,15.6
1490,chord_length,0.1016
1490,velocity,39.6
1490,thickness,0.0528487
1490,sound_pressure_level,120.484
1491,index,1492
1491,frequency,500
1491,angle,15.6
1491,chord_length,0.1016
1491,velocity,39.6
1491,thickness,0.0528487
1491,sound_pressure_level,115.304
1492,index,1493
1492,frequency,630
1492,angle,15.6
1492,chord_length,0.1016
1492,velocity,39.6
1492,thickness,0.0528487
1492,sound_pressure_level,118.084
1493,index,1494
1493,frequency,800
1493,angle,15.6
1493,chord_length,0.1016
1493,velocity,39.6
1493,thickness,0.0528487
1493,sound_pressure_level,118.964
1494,index,1495
1494,frequency,1000
1494,angle,15.6
1494,chord_length,0.1016
1494,velocity,39.6
1494,thickness,0.0528487
1494,sound_pressure_level,119.224
1495,index,1496
1495,frequency,1250
1495,angle,15.6
1495,chord_length,0.1016
1495,velocity,39.6
1495,thickness,0.0528487
1495,sound_pressure_level,118.214
1496,index,1497
1496,frequency,1600
1496,angle,15.6
1496,chord_length,0.1016
1496,velocity,39.6
1496,thickness,0.0528487
1496,sound_pressure_level,114.554
1497,index,1498
1497,frequency,2000
1497,angle,15.6
1497,chord_length,0.1016
1497,velocity,39.6
1497,thickness,0.0528487
1497,sound_pressure_level,110.894
1498,index,1499
1498,frequency,2500
1498,angle,15.6
1498,chord_length,0.1016
1498,velocity,39.6
1498,thickness,0.0528487
1498,sound_pressure_level,110.264
1499,index,1500
1499,frequency,3150
1499,angle,15.6
1499,chord_length,0.1016
1499,velocity,39.6
1499,thickness,0.0528487
1499,sound_pressure_level,109.254
1500,index,1501
1500,frequency,4000
1500,angle,15.6
1500,chord_length,0.1016
1500,velocity,39.6
1500,thickness,0.0528487
1500,sound_pressure_level,106.604
1501,index,1502
1501,frequency,5000
1501,angle,15.6
1501,chord_length,0.1016
1501,velocity,39.6
1501,thickness,0.0528487
1501,sound_pressure_level,106.224
1502,index,1503
1502,frequency,6300
1502,angle,15.6
1502,chord_length,0.1016
1502,velocity,39.6
1502,thickness,0.0528487
1502,sound_pressure_level,104.204
