Attribute,Index,Clean Value,Cleaned Value
datetime,3,1495548617,1497577728
datetime,13,1495549817,1495489998
datetime,31,1495552252,1497740926
datetime,42,1495553655,1498120175
datetime,47,1495554495,1494614650
datetime,53,1495555215,1496534729
datetime,77,1495537946,1495883407
datetime,79,1495538186,1494406110
datetime,133,1495541173,1496840764
datetime,147,1495542853,1495578642
datetime,149,1495543093,1493180598
datetime,172,1495546609,1496717785
datetime,175,1495546969,1494824877
datetime,240,1495037926,1494824081
datetime,287,1495624007,1493800851
datetime,301,1495630109,1498864092
datetime,327,1495029609,1493069892
datetime,332,1495030209,1495069585
datetime,333,1495030329,1495301224
datetime,336,1495030689,1494470024
datetime,356,1495024454,1494714583
datetime,369,1495026014,1494698992
datetime,384,1495625296,1495059065
datetime,386,1495625536,1498956303
datetime,399,1495627096,1497089848
datetime,400,1495627216,1495226754
datetime,402,1495627456,1494792186
datetime,447,1495020739,1492336564
datetime,458,1495022059,1494575794
datetime,486,1495017862,1493875362
datetime,536,1495041384,1493135957
datetime,559,1495044144,1494347918
datetime,604,1495797858,1498932754
datetime,608,1495798338,1498071025
datetime,631,1495801571,1497091528
datetime,632,1495801691,1496931446
datetime,635,1495802051,1496215071
datetime,636,1495802171,1496417835
datetime,644,1495803131,1496356258
datetime,661,1495805530,1497184066
datetime,673,1495806970,1494461285
soil_temperature,7,35.4,23.87204429
soil_temperature,40,32.6,64.37728791
soil_temperature,47,30,57.06775665
soil_temperature,57,34.6,12.16195362
soil_temperature,61,31.5,68.4955029
soil_temperature,64,31.5,61.27722575
soil_temperature,71,31.5,37.283017
soil_temperature,78,31.8,12.90334956
soil_temperature,121,43.7,53.03849209
soil_temperature,136,33,16.85939704
soil_temperature,149,33.7,21.9942445
soil_temperature,164,34.5,47.0846831
soil_temperature,200,44.3,23.14612604
soil_temperature,212,45.1,45.27160685
soil_temperature,213,44.9,64.98807303
soil_temperature,216,44.3,51.03471791
soil_temperature,229,44.3,60.76609237
soil_temperature,239,43.6,52.85024507
soil_temperature,240,43.6,38.03462579
soil_temperature,272,33,40.88427147
soil_temperature,278,34.1,10.9420306
soil_temperature,287,32.8,27.84149202
soil_temperature,301,36.3,53.38486027
soil_temperature,312,38.4,-0.486710672
soil_temperature,324,43.9,48.46556902
soil_temperature,330,44.4,23.10685842
soil_temperature,336,44.1,51.11584676
soil_temperature,337,44.3,15.89916028
soil_temperature,351,40.3,46.42149588
soil_temperature,377,42.3,37.97389421
soil_temperature,445,37.4,25.45998661
soil_temperature,463,39.9,29.95704487
soil_temperature,489,36.1,19.23486631
soil_temperature,526,28.8,7.301151377
soil_temperature,528,30.4,32.22155923
soil_temperature,592,38.6,30.18698532
soil_temperature,596,38.4,62.0843328
soil_temperature,599,39.5,46.37496408
soil_temperature,608,39.5,30.36476919
soil_temperature,635,40,71.05459463
soil_temperature,636,39.8,19.32105607
soil_temperature,644,40.6,90.942596
soil_temperature,645,40.9,47.18100075
soil_temperature,653,40.5,61.47362552
soil_temperature,661,40.4,47.00383888
soil_temperature,673,40.6,46.72887699
soil_temperature,676,39.5,33.3544023
454,7,0.07903599,0.23604476
454,10,0.080708404,0.117299751
454,13,0.076957366,0.197374512
454,20,0.081158823,0.180483975
454,25,0.081556608,0.231526928
454,31,0.079854747,0.369847847
454,32,0.078841252,0.138880972
454,42,0.040034691,0.297016404
454,47,0.042713368,0.028450886
454,53,0.073381684,-0.129752226
454,61,0.110894695,-0.04183023
454,64,0.115246492,0.133241044
454,71,0.121477263,0.16511195
454,79,0.123242612,0.072346208
454,87,0.1235926,0.332852753
454,111,0.128671635,-0.101622594
454,119,0.131440588,0.301823986
454,132,0.080294219,0.199355333
454,165,0.080042024,0.003736314
454,166,0.080432331,0.0088218
454,174,0.084273465,0.011076207
454,197,0.100536004,0.245117554
454,212,0.140188671,0.163967322
454,239,0.162525088,0.295468176
454,257,0.174928787,0.104279709
454,261,0.098457444,0.1610044
454,276,0.093219858,0.000889211
454,290,0.096373497,0.193552606
454,303,0.094749299,-0.095659426
454,327,0.12683836,0.163261928
454,330,0.128294894,0.087392925
454,333,0.129658113,0.048516304
454,336,0.133137868,0.22907296
454,351,0.119794189,0.191308965
454,362,0.111955388,-0.042690124
454,368,0.110278155,0.231730056
454,381,0.095474531,-0.114893215
454,384,0.094397058,0.147493956
454,385,0.093352463,0.104534941
454,386,0.093504179,-0.191216567
454,397,0.09276107,0.081881616
454,399,0.053601062,-0.20998494
454,413,0.100160969,0.115574275
454,425,0.104295901,0.013049835
454,445,0.101052812,0.213479961
454,478,0.097968489,0.058281861
454,489,0.099739117,-0.053312075
454,519,0.089347695,0.258144989
454,578,0.083564411,0.145713364
454,596,0.081371361,0.220904667
454,604,0.081942562,-0.055588765
454,618,0.084435926,0.189841547
454,631,0.095565688,0.092466153
454,632,0.096231475,0.246710396
454,644,0.102471664,0.02468726
454,648,0.098288491,0.155332397
454,650,0.08988773,0.073120209
454,653,0.089682512,0.254697071
454,661,0.091319141,0.112772875
454,667,0.092296169,0.243632228
458,3,0.054065266,0.071522176
458,7,0.055272174,0.099292397
458,8,0.055309793,0.092875626
458,10,0.054309011,-0.034424177
458,32,0.053923026,0.1072119
458,52,0.054881637,0.021254679
458,64,0.081426728,0.085224835
458,66,0.081492507,0.054440408
458,70,0.081565765,0.067587241
458,71,0.082111264,0.028231907
458,73,0.082120242,0.138542438
458,77,0.082802448,0.158028451
458,87,0.081991167,0.280315644
458,91,0.08196294,0.159445741
458,98,0.085867295,0.194740084
458,121,0.088237568,-0.014975607
458,133,0.059791327,0.096102276
458,149,0.058151702,0.13129579
458,172,0.05798619,0.011899788
458,219,0.094619076,-0.026012291
458,260,0.072672118,0.157778057
458,276,0.067706255,0.069361375
458,287,0.066501465,0.050369302
458,312,0.064525667,0.095694337
458,322,0.080101091,0.016487518
458,324,0.083276641,0.190142334
458,333,0.086649854,0.044276402
458,336,0.087494579,-0.062151931
458,356,0.078394907,-0.013771892
458,362,0.076051063,-0.03764788
458,368,0.075095645,0.016406187
458,369,0.076127539,-0.003738323
458,383,0.065436682,0.028245982
458,384,0.065218914,0.143227538
458,396,0.063299109,-0.005644049
458,400,0.046395948,0.086583532
458,437,0.073468285,0.1460399
458,445,0.069821176,0.091001593
458,448,0.072590605,0.014381631
458,454,0.070679368,0.14652559
458,495,0.069626172,0.207649431
458,520,0.065236779,0.037130359
458,522,0.069065512,0.183679325
458,536,0.121361162,0.107009059
458,570,0.062304984,-0.006109837
458,596,0.056930563,0.011963114
458,607,0.057444345,0.031394329
458,635,0.063634566,0.076895853
458,641,0.067976218,-0.023216933
458,644,0.06736838,0.200373411
458,647,0.065158656,0.06527511
458,648,0.064314135,0.049475845
458,649,0.062070869,0.123966809
462,7,0.048757114,0.097706869
462,8,0.048459966,0.00406504
462,13,0.048349776,0.098435499
462,25,0.049776101,0.069793065
462,32,0.048976098,-0.015168627
462,40,0.047919882,0.158371189
462,42,0.040027474,0.077558091
462,44,0.049190881,0.057044159
462,50,0.040156001,0.09125912
462,52,0.049944552,0.082364558
462,53,0.049680033,0.16836354
462,56,0.050547074,-0.054054791
462,61,0.070103444,0.105674612
462,79,0.071022153,0.121752507
462,82,0.0707224,-0.046998994
462,83,0.070491891,0.216030028
462,119,0.077919476,0.10571457
462,133,0.052973707,-0.10776539
462,135,0.053295311,0.083966938
462,138,0.052815058,0.066911602
462,164,0.050412185,0.024450451
462,165,0.050812999,0.120959013
462,166,0.050555269,0.151988284
462,182,0.049963187,-0.015262758
462,200,0.074709071,-0.009454183
462,214,0.082811448,0.210707659
462,216,0.083260383,0.21242795
462,219,0.083129534,0.021332442
462,236,0.101229955,0.114978238
462,240,0.102030755,0.0562074
462,248,0.106119776,0.152417971
462,261,0.064857414,0.094878687
462,272,0.061671506,0.220657957
462,278,0.060221327,0.131830182
462,293,0.053985406,0.071981026
462,303,0.057921878,-0.003533727
462,312,0.057230496,0.09359557
462,322,0.071734657,0.223157787
462,324,0.073536176,0.095633083
462,356,0.067508651,0.000560169
462,369,0.066023026,0.112210337
462,381,0.058955317,0.120292694
462,386,0.058636481,empty
462,397,0.05706731,-0.061489409
462,437,0.066296059,0.138701486
462,447,0.063033334,0.198350166
462,448,0.063487581,0.127761415
462,452,0.06394089,-0.008565627
462,478,0.064762435,-0.001310012
462,495,0.062492233,0.061544553
462,540,0.11345968,0.057758356
462,558,0.114805865,0.117023184
462,597,0.050951503,0.041328673
462,599,0.051040519,0.072386001
462,607,0.050160161,0.066096753
462,608,0.050080088,0.067359838
462,628,0.052427301,-0.029020235
462,648,0.054957933,0.061204107
462,649,0.052837053,0.073351345
462,653,0.05249152,0.111599782
462,661,0.052201583,0.023111912
462,667,0.053259375,0.051826584
466,7,0.047900265,0.007812962
466,10,0.046926307,-0.007836981
466,11,0.047262697,0.09500179
466,31,0.048236652,0.063538016
466,32,0.047211667,-0.043383368
466,42,0.042412467,empty
466,50,0.04164897,0.024493441
466,53,0.048537741,0.118467348
466,55,0.048831263,0.056271968
466,56,0.049161305,0.044887035
466,73,0.066012906,0.120556417
466,79,0.066671359,0.075855016
466,87,0.06532011,0.008242729
466,91,0.070104071,0.205681264
466,102,0.073823593,0.079729234
466,109,0.073680336,0.045092695
466,121,0.075083345,0.236524992
466,132,0.051570443,0.19716813
466,133,0.051485251,-0.063851179
466,137,0.050586061,0.109041551
466,146,0.050828926,0.064462383
466,149,0.050590747,0.123949931
466,165,0.049056612,0.109662924
466,174,0.050186028,0.048824649
466,182,0.048091667,-0.009937048
466,209,0.075592748,0.011992676
466,265,0.061455588,0.00583429
466,278,0.057924807,-0.028505189
466,301,0.055862419,0.143230319
466,303,0.055337416,0.033364768
466,327,0.070448302,0.14866186
466,330,0.071005689,0.032330497
466,333,0.072091351,0.006201356
466,341,0.074020344,-0.005100435
466,356,0.065628186,0.066732575
466,381,0.057351218,0.042740333
466,383,0.056489787,0.071009355
466,385,0.056680323,0.062936603
466,397,0.054232784,-0.077700665
466,399,0.048501318,0.025035967
466,454,0.060982162,0.073490852
466,458,0.061702033,0.007530603
466,528,0.058869988,0.149241099
466,540,0.110635907,0.033586957
466,546,0.110175464,0.128288551
466,570,0.053878277,-0.032735964
466,578,0.051497074,0.025797394
466,596,0.048226379,-0.072345087
466,597,0.048758776,0.04101689
466,604,0.048458941,0.09022601
466,607,0.04789561,0.036410293
466,628,0.049278732,0.056326958
466,675,0.052591711,0.050424447
466,676,0.052328738,0.157392958
466,679,0.053890316,0.044328635
470,31,0.047703434,0.022543895
470,45,0.047323703,0.017444658
470,57,0.049416365,0.063193966
470,61,0.063797085,0.14393089
470,64,0.064218214,0.118140672
470,70,0.064268541,0.051500625
470,82,0.064637687,0.114091847
470,119,0.073478162,0.028357127
470,121,0.073242929,-0.049325711
470,133,0.050842475,0.180022341
470,137,0.050500322,0.048377327
470,138,0.050771664,0.146578123
470,149,0.050096824,0.030287451
470,197,0.063838783,0.061581843
470,200,0.07170728,-0.053925543
470,209,0.074796942,0.128110484
470,213,0.077890551,0.118867212
470,229,0.091174121,0.059096932
470,260,0.061936493,0.094449871
470,266,0.060823919,0.028521052
470,278,0.057358739,-0.022571098
470,293,0.053884738,0.064821426
470,301,0.055653819,0.070846228
470,327,0.069347011,0.100367446
470,337,0.071750113,0.020793838
470,345,0.075200382,0.082449303
470,356,0.064269533,-0.014646093
470,370,0.062316379,0.04247635
470,385,0.055763813,empty
470,396,0.053644691,0.010080327
470,402,0.053530201,0.020703034
470,437,0.06407134,0.034196138
470,445,0.05973501,0.071899018
470,489,0.059533674,0.108258277
470,496,0.058341522,0.12355565
470,508,0.055793452,0.063080382
470,519,0.060979078,-0.004280676
470,631,0.048222661,0.116585446
470,641,0.050819777,0.072898579
470,644,0.050655269,-0.062966122
470,647,0.049380585,-0.030802127
470,648,0.049670354,0.149630813
470,667,0.049208747,0.017212599
470,673,0.050139405,0.064483682
470,675,0.05165693,0.052162148
470,679,0.052823587,0.095635781
474,8,0.046036377,0.068132289
474,25,0.047526051,0.070923791
474,31,0.04760772,-0.076708342
474,32,0.046249876,0.15586404
474,40,0.046798456,0.024026822
474,42,0.044046754,0.087380259
474,44,0.047742983,0.158185106
474,50,0.043620065,-0.012728646
474,52,0.048256703,-0.047139346
474,55,0.04914512,0.093818749
474,56,0.049030217,-0.042596415
474,57,0.049301074,-0.108077999
474,64,0.063671114,-0.029821074
474,98,0.073802084,0.08839053
474,109,0.073719642,0.064854278
474,110,0.073265273,0.131577565
474,119,0.073930283,0.031164665
474,132,0.051230797,0.057818532
474,135,0.050579674,-0.046574172
474,146,0.051040475,0.11172878
474,164,0.047846256,-0.013633763
474,165,0.048986189,-0.015965199
474,175,0.048457553,-0.026810755
474,182,0.047659193,0.091239407
474,216,0.078914739,0.026685895
474,260,0.061763656,0.003098421
474,261,0.061145492,0.068726121
474,265,0.059765836,0.089158063
474,285,0.053411821,-0.008996997
474,287,0.056085178,-0.012378934
474,303,0.054443389,0.135278501
474,312,0.054495458,0.054806299
474,332,0.069011473,0.092014622
474,362,0.062576397,0.102368275
474,368,0.061859634,-0.0039852
474,370,0.061921516,-0.003051859
474,381,0.056402178,0.078773729
474,383,0.055457952,0.056529184
474,402,0.053481272,0.045229188
474,463,0.061160222,0.058673905
474,494,0.058424827,0.092786851
474,495,0.058662384,0.071829665
474,519,0.06138314,-0.004501558
474,522,0.060076934,0.116273386
474,526,0.059101042,0.103903115
474,540,0.111459609,0.013002114
474,588,0.049573468,0.113321925
474,592,0.048062334,0.011229456
474,596,0.047583793,-0.015880096
474,636,0.04885546,0.147252626
474,641,0.049826,0.10673202
474,653,0.047829992,0.020054519
478,11,0.046174742,0.004354912
478,40,0.046650349,0.016207871
478,52,0.048089297,0.066363017
478,53,0.048143267,0.191915748
478,57,0.04984642,0.156697336
478,64,0.063311313,0.158073695
478,91,0.070526739,-0.033478484
478,119,0.074514204,0.066463252
478,132,0.050454639,0.060980988
478,138,0.050216295,0.067717245
478,166,0.048115826,-0.019761753
478,182,0.048556654,0.039309738
478,211,0.076260796,0.169796803
478,236,0.096307872,0.104254946
478,278,0.057405586,0.092220759
478,279,0.057578562,0.11948663
478,285,0.054944345,0.070843202
478,293,0.057524708,0.016136935
478,341,0.071766117,0.063080406
478,345,0.073563458,0.081990271
478,362,0.062240299,0.01487298
478,386,0.05407415,0.177557105
478,445,0.059847702,-0.008483447
478,448,0.059253324,-0.038000254
478,452,0.060022037,-0.055226464
478,454,0.06055658,0.044131792
478,489,0.060177365,0.028418005
478,494,0.0587964,0.075814463
478,520,0.061504597,0.094216188
478,526,0.058450251,0.08729211
478,546,0.111428305,0.013238948
478,558,0.112745361,0.069584725
478,588,0.048605457,0.181283271
478,592,0.04770299,0.071588806
478,604,0.046522306,0.030380437
478,607,0.046043577,-0.045939166
478,632,0.047522028,0.08163305
478,645,0.049737671,0.052141266
478,653,0.04802673,0.056810744
482,7,0.047158514,0.029255567
482,13,0.047047646,-0.051163158
482,47,0.038140081,0.080804446
482,52,0.048692959,0.020425592
482,61,0.06247209,0.04078448
482,73,0.063488053,-0.033387731
482,82,0.062703302,0.060700714
482,98,0.074337711,0.034193748
482,109,0.075035472,0.089150115
482,132,0.051888753,-0.092755014
482,134,0.051440841,-0.027848483
482,137,0.050761715,-0.024733685
482,147,0.050604149,0.070426281
482,164,0.048777446,0.107301123
482,172,0.048332979,0.061911468
482,175,0.048743214,-0.026409071
482,200,0.071348307,0.097792107
482,212,0.07759852,0.132951812
482,239,0.098497733,0.278808112
482,251,0.102295523,0.158214005
482,265,0.06026613,0.149361549
482,266,0.059852246,0.07060701
482,330,0.068752925,0.071176768
482,336,0.070972223,-0.026479806
482,383,0.056271115,0.126460367
482,384,0.055657886,0.078711334
482,402,0.05397807,0.07941137
482,425,0.061368315,0.081163218
482,445,0.059907023,0.033345216
482,447,0.059812738,0.052287318
482,448,0.060112229,0.035940488
482,478,0.061627008,0.044780338
482,486,0.059686688,0.029189764
482,494,0.058969818,0.173274857
482,496,0.058404948,0.087266311
482,508,0.056157109,-0.021348969
482,519,0.062458405,-0.016212761
482,520,0.061957414,0.03917001
482,528,0.057965907,-0.089620135
482,540,0.112553073,0.08501831
482,586,0.049749641,0.007451963
482,592,0.047888487,-0.010967749
482,604,0.046502844,0.080142746
482,607,0.046253916,0.10279112
482,618,0.045639372,-0.005954562
482,628,0.047311445,-0.00639614
482,636,0.048425257,0.201520744
482,667,0.048684568,0.062438719
482,673,0.050047298,-0.090225961
486,45,0.047315711,-0.052896606
486,54,0.049197341,0.050526031
486,55,0.049706424,0.153002967
486,56,0.049986764,-0.044611701
486,57,0.050469338,0.124169578
486,64,0.06351418,0.004894028
486,66,0.063745035,0.015682183
486,71,0.063768822,0.059297906
486,78,0.063875596,0.0248104
486,87,0.062971031,0.03996545
486,91,0.07233668,0.084790149
486,102,0.07510263,-0.085526053
486,134,0.052299736,0.086427974
486,137,0.051722397,0.076802493
486,138,0.051737697,0.090647972
486,172,0.049010221,0.072098763
486,210,0.076504203,0.070330524
486,213,0.078823971,0.088692096
486,219,0.080660925,0.038100031
486,236,0.09781915,0.114825327
486,248,0.103811937,0.211944509
486,251,0.103832541,0.176011821
486,278,0.058645309,0.127744616
486,279,0.058814979,-0.08468933
486,312,0.055316832,0.055120099
486,337,0.071924356,0.053032107
486,362,0.063164894,0.052527383
486,381,0.057735339,-0.129597887
486,383,0.05704572,-0.066551455
486,385,0.055967753,0.143123396
486,386,0.055406666,0.064111706
486,397,0.054519369,0.024622582
486,402,0.05462189,-0.054478583
486,508,0.056425008,0.06023136
486,526,0.059779436,0.258794689
486,559,0.115038009,0.039834729
486,592,0.048113364,0.118258692
486,645,0.049347404,0.129907736
486,648,0.049007119,-0.021611871
486,675,0.051140674,-0.012824084
486,676,0.05109373,0.01738028
486,679,0.052184395,-0.003959062
490,42,0.047964595,0.080289448
490,44,0.049943645,0.102189792
490,45,0.047888118,0.091443034
490,54,0.050368174,0.080348304
490,55,0.050611496,-0.020113757
490,56,0.051423973,0.075281455
490,61,0.064515565,0.07384757
490,71,0.064476802,0.032278677
490,78,0.064529541,0.013096622
490,98,0.077035237,0.192520493
490,119,0.077270623,0.041563374
490,132,0.052485812,0.072077663
490,136,0.052825763,0.054009461
490,149,0.051511223,0.066639646
490,174,0.050214342,-0.053172284
490,182,0.048847289,-0.090252564
490,200,0.073603681,0.132843625
490,211,0.079624508,0.05974376
490,212,0.080842022,0.056142893
490,213,0.080916601,0.128266566
490,216,0.082265194,0.139156645
490,229,0.094785164,0.136454316
490,236,0.100144015,0.232734219
490,239,0.101115329,0.116745994
490,272,0.060040051,0.067004745
490,276,0.059893307,0.031565243
490,285,0.05625765,0.107765547
490,287,0.058403531,0.051378355
490,312,0.055722073,-0.044356223
490,322,0.069232498,0.065683718
490,332,0.071181586,0.002929559
490,333,0.071328771,-0.06185828
490,341,0.073845583,0.049757047
490,351,0.064510326,-0.002799532
490,362,0.063617355,-0.006032537
490,384,0.058221921,0.022163525
490,399,0.052620968,0.001973995
490,425,0.063653841,0.080196685
490,445,0.061872289,-0.034095923
490,448,0.062204098,0.041959351
490,496,0.060209411,0.146876552
490,526,0.06169877,0.14847106
490,540,0.117434854,0.221337985
490,578,0.05202903,0.096267772
490,588,0.050674327,0.046159169
490,608,0.047942911,empty
490,628,0.04862931,0.035152665
490,632,0.0493486,0.086754009
490,636,0.050289938,-0.004217188
490,647,0.050379123,0.172418481
490,649,0.049278552,-0.043716487
490,653,0.049195735,0.090791207
490,659,0.048975342,0.065905008
490,667,0.049690104,0.073343539
490,673,0.05156137,0.213846496
494,3,0.04924247,0.014101977
494,7,0.049312234,0.077824252
494,13,0.04922595,0.043524609
494,40,0.048994952,0.016847089
494,50,0.050020784,0.130858152
494,55,0.052046029,0.131859363
494,66,0.065150413,-0.009946312
494,73,0.065423794,-0.016006739
494,79,0.065284285,-0.011291301
494,98,0.078259935,-0.039552239
494,110,0.078065982,0.094655769
494,111,0.078215752,0.170076078
494,134,0.053589354,0.150430176
494,135,0.053720439,-0.015779471
494,136,0.053322048,0.239587964
494,149,0.052911022,-0.011329588
494,165,0.051058981,0.071046474
494,182,0.049571245,0.105354916
494,213,0.081869533,0.196465029
494,214,0.082146454,0.011698306
494,216,0.083036581,0.092824104
494,239,0.103034296,0.05818115
494,240,0.103347933,0.218557573
494,265,0.06319353,0.073701627
494,276,0.061027837,0.003494363
494,278,0.06079913,0.016112189
494,279,0.061164009,0.033471731
494,301,0.057163585,-0.05011387
494,322,0.06971378,0.043940429
494,324,0.070649429,0.178815605
494,333,0.072223899,0.084461214
494,337,0.074377074,0.069180822
494,351,0.065244039,0.08127383
494,381,0.059487896,0.156716281
494,397,0.055971368,0.003737155
494,399,0.054315825,0.098188916
494,402,0.05648155,0.101333919
494,413,0.063299494,0.083735108
494,437,0.067057448,0.061232685
494,452,0.0630281,0.119683669
494,478,0.064735407,0.021640671
494,496,0.061453067,0.210745596
494,578,0.053157708,-0.000142169
494,586,0.05200684,0.121113337
494,592,0.050224548,0.088685044
494,607,0.048594704,0.053804295
494,635,0.049810393,0.017179157
494,647,0.050046205,0.006961275
494,653,0.049349481,0.07679292
494,659,0.049964953,empty
498,44,0.051873907,0.046740907
498,52,0.052851233,0.191764559
498,53,0.052772952,0.095319053
498,56,0.053677971,0.090731636
498,61,0.065786113,-0.175424517
498,64,0.066400488,-0.036194905
498,73,0.066328655,0.062207383
498,78,0.066467392,0.229186669
498,87,0.065549774,-0.08116971
498,98,0.080188418,0.009057969
498,135,0.05445153,0.00910961
498,146,0.054003826,0.080676272
498,172,0.051277272,-0.013942367
498,213,0.083535252,0.162385017
498,216,0.086556188,0.128435847
498,229,0.098913692,0.17873823
498,240,0.105330557,0.156118051
498,260,0.066737394,0.084637222
498,261,0.066637034,0.090023086
498,272,0.063326638,0.03666513
498,279,0.062199194,0.040577969
498,290,0.059016268,0.1398347
498,301,0.058235445,0.059875411
498,311,0.057958052,0.152999548
498,330,0.073245713,0.118919077
498,332,0.073832661,0.069908167
498,362,0.065960752,0.078751101
498,368,0.065814811,0.074968605
498,381,0.060127853,0.065675014
498,384,0.059461671,0.076307506
498,396,0.056882556,0.06400783
498,397,0.057148343,0.038031223
498,400,0.055900059,0.142910187
498,447,0.063484276,0.120944134
498,452,0.064292534,0.043981808
498,570,0.056156242,0.03205643
498,596,0.050410556,-0.056162619
498,599,0.050086863,0.07038738
498,607,0.049389116,-0.030187982
498,631,0.050279833,-0.071779527
498,636,0.051308013,0.041973084
498,641,0.05160569,-0.117986974
498,650,0.050658418,0.008850586
498,659,0.051116323,0.081947924
498,675,0.053680373,0.175899109
502,40,0.051410298,-0.078267657
502,45,0.052272756,0.070281692
502,47,0.046542755,0.176233822
502,55,0.054432848,0.057019176
502,71,0.067717768,0.002437073
502,77,0.06740302,0.136297813
502,83,0.066605906,0.053132128
502,87,0.066271352,0.135993911
502,91,0.077712348,0.033404364
502,109,0.081885109,0.038984411
502,110,0.081966684,0.074143165
502,119,0.083002891,0.071190627
502,132,0.055991444,0.165123242
502,147,0.055170473,0.075386599
502,149,0.055193053,0.084492196
502,166,0.053018647,0.009205594
502,200,0.078831617,0.132073169
502,216,0.087780043,0.177393021
502,219,0.088444516,0.077273858
502,229,0.101328195,0.012607606
502,239,0.107534489,0.148679461
502,287,0.06192455,0.145021983
502,341,0.0791025,0.064960103
502,345,0.081585082,0.151538745
502,356,0.068397332,0.038109862
502,402,0.058633907,0.015084305
502,425,0.067731956,0.077607045
502,519,0.069143406,0.123532882
502,522,0.066665345,0.015595712
502,526,0.06383143,0.182514251
502,528,0.064113878,0.102456181
502,536,0.123696645,0.167125864
502,559,0.126426768,0.118820712
502,599,0.05119148,0.180716162
502,608,0.050260536,0.185510005
502,618,0.05022987,0.04579356
502,631,0.051595364,0.063040077
502,632,0.051909682,0.050558089
502,648,0.052896649,0.076294096
502,649,0.051605911,-0.003928107
502,661,0.052455829,-0.062854617
502,676,0.054845906,0.056794656
506,10,0.052726337,0.076693966
506,20,0.053143299,0.065562411
506,40,0.05275578,0.088086583
506,44,0.054267759,0.000711323
506,50,0.056125553,-0.024795674
506,52,0.055963253,0.002303692
506,53,0.055531453,0.038848362
506,54,0.056119562,0.128644734
506,57,0.056799794,-0.163103583
506,61,0.068833641,0.19768206
506,83,0.067602325,0.049547515
506,91,0.079982904,0.113247889
506,98,0.084211656,0.086401843
506,110,0.08380675,0.113955241
506,111,0.08378766,0.069044921
506,132,0.057670895,0.078664658
506,133,0.057515488,-0.007702711
506,134,0.057242724,0.047198631
506,135,0.056728296,-0.018020351
506,147,0.056344735,0.036592801
506,182,0.053178362,0.011010813
506,209,0.085839788,0.062678188
506,212,0.088172434,0.039812547
506,213,0.088553843,0.102762144
506,251,0.117442382,0.227831006
506,261,0.068118033,0.192289812
506,272,0.065716321,0.029898195
506,301,0.061493599,0.109371247
506,303,0.06131858,-0.003367309
506,311,0.060911536,-0.094668101
506,332,0.07802896,-0.00695834
506,345,0.083879214,0.077984666
506,385,0.062223523,0.046963352
506,396,0.060069807,0.00161785
506,402,0.060172095,0.135891026
506,413,0.06863449,0.066813585
506,437,0.072330265,0.155995143
506,445,0.067228646,0.023700641
506,454,0.067810658,0.080082616
506,458,0.068042676,0.008529999
506,478,0.068822306,0.081157029
506,494,0.066687259,-0.024816951
506,496,0.065304519,0.134396799
506,508,0.062200575,-0.029126698
506,519,0.0703,0.198047729
506,558,0.129399869,-0.011181288
506,596,0.052896066,-0.043180146
506,599,0.053113259,0.032983144
506,607,0.052388499,-0.033235132
506,618,0.051400367,0.019712619
506,628,0.052458327,0.105582108
506,632,0.053415627,-0.047257246
506,635,0.053657967,0.025829743
506,645,0.055021061,0.040739449
506,649,0.053744696,0.107433989
506,650,0.053866806,0.009044751
506,679,0.057442387,0.153825598
510,8,0.054144817,0.024667464
510,13,0.0540237,0.109263587
510,40,0.054467688,0.226122645
510,47,0.05156566,0.209744727
510,50,0.056739743,-0.05683004
510,57,0.058863573,0.151098349
510,82,0.069294654,0.091995568
510,83,0.06928736,0.034314896
510,87,0.068872672,0.179608917
510,98,0.086733401,0.116050552
510,109,0.086904507,0.078103567
510,110,0.087028396,0.10903793
510,111,0.086096938,0.05150332
510,132,0.059046116,0.157006122
510,134,0.058999382,0.021402609
510,135,0.058535445,0.003498817
510,136,0.058698363,0.122714218
510,147,0.057641975,0.160425699
510,166,0.055661181,-0.005021428
510,174,0.055937122,-0.008626248
510,182,0.054272106,-0.075731721
510,200,0.083331351,-0.024908392
510,209,0.088318654,0.069179567
510,211,0.089636159,0.098301913
510,212,0.090415613,0.026948677
510,213,0.090902923,0.051327976
510,214,0.091157537,0.089945781
510,236,0.113946234,0.226441114
510,248,0.120438421,0.185539787
510,257,0.121479651,-0.063758324
510,260,0.071885394,0.079420349
510,261,0.070485872,0.054632224
510,272,0.068104748,0.111258988
510,278,0.066225922,0.035267483
510,301,0.063464663,0.015651532
510,303,0.062720583,0.032624876
510,312,0.062841027,-0.00369079
510,332,0.0798198,0.071756978
510,333,0.080629946,0.222998485
510,336,0.082053868,-0.084192184
510,362,0.071050482,-0.007807475
510,369,0.071054408,0.099732422
510,377,0.072614102,0.138233649
510,381,0.064592895,0.050049448
510,384,0.063683276,-0.014691512
510,386,0.063430503,0.082409004
510,437,0.074127621,0.086766556
510,445,0.069911749,0.15526048
510,458,0.069312878,0.09081268
510,478,0.070014326,-0.057574427
510,495,0.068184877,0.017226798
510,522,0.070499521,0.089702478
510,540,0.131979412,0.147673743
510,546,0.131316542,0.286011988
510,578,0.058503042,-0.041801366
510,588,0.056413743,0.078422632
510,596,0.054746809,-0.060768858
510,597,0.054347302,-0.011771945
510,604,0.054182545,-0.104699457
510,608,0.053637151,0.097438183
510,632,0.05458673,0.071081843
510,641,0.056683375,-0.015032552
510,647,0.055493803,0.236708453
510,648,0.055745783,0.250277217
510,661,0.055401534,0.001782129
510,667,0.055996333,-0.054466239
510,673,0.057218836,-0.039879649
510,675,0.057741464,0.117650263
510,679,0.058761293,-0.008165054
514,7,0.055406164,0.181834563
514,13,0.055649029,0.053072324
514,31,0.057725008,0.040936006
514,44,0.057412491,0.087155871
514,53,0.058336274,0.022638013
514,57,0.060016428,0.031238881
514,73,0.07112326,0.097887359
514,79,0.070858493,0.088168915
514,109,0.089142975,-0.006236123
514,136,0.060125243,0.0672567
514,165,0.057881264,-0.175064607
514,197,0.072847605,0.093984532
514,209,0.090184272,0.131687607
514,210,0.091076506,-0.03454237
514,261,0.072038901,0.105957208
514,276,0.068563984,0.053552541
514,285,0.067517469,0.078094162
514,287,0.066786052,0.059316546
514,290,0.065350447,-0.09516593
514,301,0.065422236,0.003766324
514,311,0.064232666,-0.041617399
514,330,0.082015279,0.03718971
514,345,0.088988604,0.052956884
514,377,0.074324593,0.001615285
514,383,0.065916505,0.119098318
514,396,0.063002024,0.104807167
514,397,0.063825793,0.070961062
514,400,0.062320983,-0.000456548
514,496,0.069640879,0.08673952
514,522,0.072114904,0.257553513
514,526,0.068966405,0.103402504
514,540,0.135631765,0.094840234
514,558,0.135965853,0.126856106
514,559,0.135101504,0.032453104
514,586,0.058102039,0.147683327
514,588,0.057555534,0.149048417
514,592,0.056522372,0.116183344
514,604,0.055339506,-0.052741054
514,608,0.054784685,0.103116013
514,635,0.056986083,-0.000676192
514,648,0.056763633,0.101633665
514,661,0.057213272,-0.07197621
514,675,0.059637582,0.024367459
514,676,0.060080551,-0.040515696
514,679,0.060168336,0.037964625
518,13,0.057289154,0.087923172
518,20,0.057794537,-0.07130833
518,31,0.059557568,0.031213109
518,54,0.06013761,0.1719239
518,55,0.06074057,0.07582844
518,57,0.061989017,0.202909719
518,78,0.072281486,0.148225729
518,87,0.071601728,0.129979951
518,98,0.091742322,-0.015336643
518,109,0.091581799,0.079442188
518,149,0.060748588,0.05185698
518,182,0.057117765,-0.006028304
518,212,0.095430879,0.273745119
518,216,0.097234865,empty
518,219,0.097871461,0.143148555
518,236,0.118799967,0.14425651
518,266,0.071866602,0.133010148
518,272,0.070290477,0.070550178
518,276,0.070175136,0.225349154
518,311,0.065991481,0.131871146
518,312,0.066010423,-0.006685982
518,322,0.081922036,0.115059116
518,327,0.082971216,0.07968066
518,330,0.08424428,0.136601883
518,333,0.084616601,-0.038615597
518,336,0.086258276,0.020832557
518,368,0.075355453,0.017779281
518,369,0.075022139,0.114121754
518,381,0.067818246,0.072987302
518,386,0.066687525,0.164811792
518,437,0.077986644,0.129358454
518,448,0.073680116,0.061659258
518,452,0.07322804,0.007686947
518,454,0.07356461,0.07469051
518,458,0.07353193,0.086506476
518,494,0.072594156,0.083899207
518,520,0.075457037,0.163476446
518,536,0.137806267,0.181451146
518,540,0.138925965,0.086145518
518,578,0.061266228,-0.020874984
518,586,0.059144857,0.015833305
518,592,0.05835797,0.060956528
518,599,0.057269061,0.009465651
518,607,0.056397977,0.046360726
518,608,0.056447575,0.05252894
518,635,0.0580613,0.378259842
518,645,0.05921246,-0.015220753
518,648,0.058510597,0.146228637
518,649,0.057685314,-0.069637693
518,650,0.058484968,0.044203844
522,8,0.058717,0.043863987
522,11,0.059131819,-0.03798468
522,13,0.059087336,0.016039915
522,20,0.059315284,0.020849593
522,25,0.060761035,0.107961189
522,47,0.058500867,0.100502328
522,61,0.074452936,0.185089145
522,71,0.074392434,-0.028413105
522,77,0.074134243,0.10843529
522,87,0.07270433,-0.115251241
522,102,0.093735265,0.03941921
522,109,0.094079319,0.083465708
522,111,0.094756434,0.226859528
522,135,0.062899739,0.167482363
522,149,0.062489113,0.119491442
522,182,0.058664304,0.156601316
522,197,0.076520663,0.178848555
522,200,0.089982811,0.192496258
522,209,0.094160168,0.123021483
522,216,0.100304422,0.014763492
522,236,0.120993291,0.155275021
522,239,0.122689997,0.137507239
522,260,0.07787954,0.144362351
522,276,0.071691059,0.078974599
522,287,0.069965713,-0.019975403
522,290,0.069097216,0.051414276
522,311,0.068281215,0.153079067
522,330,0.08637045,0.050937606
522,332,0.087419747,0.121472041
522,336,0.089195239,0.01430708
522,337,0.089895093,0.146401217
522,341,0.090924258,0.020876461
522,396,0.067325396,0.120596571
522,397,0.067844994,0.334499018
522,425,0.076891362,-0.050655751
522,445,0.075528311,0.173846905
522,448,0.075559801,0.051513958
522,458,0.076348994,0.114482602
522,508,0.069763226,0.107767852
522,520,0.077187881,0.254832383
522,526,0.073346719,0.036957779
522,528,0.071280724,0.084205871
522,536,0.140970702,0.140114765
522,559,0.143121523,0.165912208
522,588,0.061734489,0.172974481
522,592,0.059974094,0.172575184
522,599,0.05964952,-0.071392964
522,604,0.058868282,0.155862998
522,608,0.058109197,0.119529529
522,618,0.057584925,0.00061528
522,628,0.058771687,0.24505995
522,631,0.059295078,0.016093509
522,667,0.061386969,0.035978792
526,13,0.060821015,-0.141462826
526,32,0.061656945,0.083474316
526,40,0.061108681,0.165026884
526,42,0.06338051,0.19563552
526,44,0.062996316,0.111959144
526,50,0.063873364,0.126031409
526,79,0.076047309,0.028975709
526,82,0.075044612,0.122900656
526,98,0.096887674,0.051341056
526,102,0.096755512,0.057248907
526,109,0.096630834,0.086944506
526,110,0.097357996,0.164983978
526,132,0.065352869,0.062955248
526,135,0.064925884,0.015543513
526,137,0.064880987,0.065626188
526,138,0.0653325,-0.055878671
526,147,0.063833222,0.065836526
526,212,0.10014918,-0.111021583
526,214,0.101420569,0.004935062
526,219,0.103916066,0.084337583
526,257,0.134100133,0.110296343
526,265,0.076400538,0.122552765
526,278,0.073621313,0.128948038
526,279,0.073780952,0.099329704
526,290,0.07067531,-0.026141222
526,301,0.070663645,-0.014106785
526,311,0.069542469,0.136380535
526,312,0.070261385,0.028818185
526,322,0.086851277,0.060904743
526,383,0.071782192,0.025652694
526,385,0.070890028,0.106744788
526,400,0.070142225,0.016429298
526,402,0.068945902,0.046939335
526,425,0.079294695,-0.051310954
526,448,0.078669958,0.034484539
526,452,0.078022348,0.073066198
526,519,0.080826842,0.151967095
526,522,0.078879087,0.21255458
526,526,0.07509252,0.16112699
526,558,0.146407532,0.220885616
526,559,0.146152984,0.18525484
526,570,0.066559202,0.039937909
526,578,0.064814255,0.022559562
526,586,0.063167185,0.091248419
526,588,0.063096195,0.035911618
526,597,0.061481008,0.062657042
526,628,0.060888585,0.080192117
526,632,0.061635444,0.158013344
526,635,0.06211179,0.053783136
526,636,0.061825166,0.080553097
526,648,0.062396429,0.055623013
526,649,0.061067457,0.003441134
526,661,0.062527757,0.120276701
526,679,0.065865209,-0.018199452
530,11,0.061867508,-0.093990973
530,13,0.062563121,0.013182046
530,20,0.06293816,0.037663099
530,25,0.063867294,0.028114001
530,54,0.066040703,0.122767771
530,56,0.067139113,0.137006242
530,57,0.067462464,0.107766176
530,64,0.07766155,0.06630065
530,79,0.077032514,0.196546111
530,82,0.076535044,-0.009078683
530,87,0.076478321,0.064106745
530,119,0.100155991,-0.030869528
530,121,0.099942081,0.010807628
530,122,0.10012619,0.129138389
530,138,0.066669329,0.086292763
530,146,0.066650894,0.10022136
530,149,0.066099114,-0.022936428
530,209,0.100318369,0.12118822
530,212,0.103026601,0.239359254
530,216,0.105837618,0.126677294
530,239,0.129853751,0.112866296
530,272,0.076278453,0.092525376
530,279,0.074867209,-0.069565354
530,287,0.073942487,0.113266781
530,336,0.092857594,0.086917132
530,341,0.095696791,0.19043068
530,345,0.098274945,0.164279043
530,362,0.082233967,-0.050402383
530,368,0.082399318,0.008981986
530,381,0.074370509,-0.11582372
530,383,0.07389029,0.078734935
530,399,0.072857335,0.152465525
530,425,0.081867282,0.118828626
530,445,0.079813445,0.091831507
530,447,0.079302008,0.225826963
530,452,0.079805845,0.108840497
530,486,0.080110403,0.062321374
530,495,0.078733545,0.128549017
530,508,0.073197738,0.037246196
530,520,0.080875275,empty
530,526,0.077156861,0.066254702
530,528,0.075626406,0.219002705
530,540,0.150122794,0.089457962
530,570,0.068858048,0.021458081
530,596,0.062928395,0.054183939
530,604,0.062343886,0.218250949
530,608,0.06178005,0.010336162
530,628,0.062261926,0.093191925
530,641,0.064166595,0.213929232
530,645,0.064306269,0.166857425
530,648,0.063565085,-0.067868288
530,650,0.063891113,-0.023269859
530,653,0.063821776,0.118167856
530,659,0.063684511,-0.025228739
534,3,0.0634925,-0.01846966
534,13,0.063913832,-0.006890102
534,25,0.06592745,0.061776592
534,45,0.065666181,0.026454676
534,50,0.066829872,0.015807815
534,53,0.067637447,0.005214688
534,55,0.068868503,-0.014532079
534,56,0.069258585,-0.139579113
534,57,0.069351907,0.034339052
534,61,0.079286409,0.076385651
534,64,0.079334424,empty
534,70,0.079314151,0.202122464
534,71,0.079342925,0.077169749
534,77,0.078856749,0.028100461
534,82,0.078132034,0.103052562
534,83,0.077722008,0.052264681
534,102,0.102389766,0.089598658
534,111,0.102873815,0.016539072
534,119,0.103609448,0.071623483
534,132,0.068826582,0.046397226
534,135,0.068753845,0.16874956
534,136,0.069294611,0.113316212
534,146,0.068188116,0.064032617
534,147,0.067567752,-0.067347264
534,164,0.065619675,0.215957631
534,200,0.097691158,0.167043439
534,211,0.105982364,0.106340025
534,214,0.107654066,0.033776024
534,219,0.109610989,0.00445925
534,257,0.141409701,0.15304096
534,261,0.081333454,0.081000966
534,266,0.079860349,0.083429447
534,285,0.073682759,0.101296981
534,290,0.075240778,0.096154407
534,332,0.094084603,0.052585142
534,345,0.101765713,0.217318032
534,369,0.084287651,0.012168823
534,370,0.08429153,-0.064190848
534,377,0.085308663,0.189204399
534,381,0.07599235,0.138533135
534,384,0.075061469,0.231505888
534,400,0.074118123,0.005946872
534,448,0.082958665,0.078473867
534,452,0.082903907,0.190438337
534,489,0.081906948,0.239691738
534,494,0.080546598,0.161321083
534,508,0.074906162,0.077560835
534,520,0.084326139,-0.030922771
534,528,0.077610368,0.163942537
534,540,0.154278027,0.244925678
534,546,0.153708788,0.270479012
534,592,0.065159656,-0.019734649
534,597,0.064641848,0.196238946
534,618,0.062567954,0.113445379
534,628,0.06437654,-0.022847405
534,631,0.064855788,0.041941604
534,632,0.064266204,-0.017913328
534,648,0.065062372,0.10617712
534,650,0.064990029,0.253485967
534,653,0.065136305,0.083647918
534,659,0.065327502,0.141265086
538,8,0.065613588,0.194002931
538,25,0.067634021,0.116884985
538,40,0.066242846,0.127942482
538,50,0.06950109,-0.085476376
538,54,0.069531875,0.155810837
538,61,0.081391094,0.046465167
538,64,0.081673607,0.129082243
538,66,0.081362561,0.141125484
538,71,0.081399634,0.201168867
538,78,0.081249694,0.140579031
538,79,0.08049615,0.069501754
538,82,0.080242252,0.253211391
538,98,0.105194263,0.00641463
538,133,0.070795535,0.161766322
538,135,0.070250798,-0.033495223
538,138,0.070536378,0.149828637
538,166,0.067045125,0.20333298
538,200,0.101246646,0.10499791
538,210,0.106993319,0.15054738
538,213,0.109968277,0.101608189
538,214,0.11013544,0.094152977
538,239,0.135932518,0.213351872
538,240,0.136490979,0.01297856
538,261,0.083265507,0.075507822
538,265,0.081912545,0.077871559
538,278,0.078722048,0.040731136
538,279,0.078768,0.017101949
538,301,0.076053385,0.219869353
538,332,0.097106552,-0.07261922
538,337,0.099623231,0.225529468
538,345,0.10374672,0.174030733
538,362,0.086889922,-0.018716901
538,368,0.086581391,-0.023247872
538,370,0.086183747,0.152666088
538,384,0.076292156,0.027957049
538,399,0.076093523,-0.005739144
538,447,0.084743012,0.075681525
538,452,0.085341241,0.061254574
538,458,0.084444444,-0.018953035
538,478,0.08564838,0.130110786
538,489,0.08387249,0.257668513
538,494,0.083311073,0.057020238
538,495,0.083618838,-0.23669924
538,526,0.081668587,0.375364937
538,546,0.156474265,0.151362122
538,586,0.069387146,0.012751171
538,588,0.06876933,empty
538,596,0.066936924,-0.022432427
538,618,0.064484981,0.263861954
538,628,0.065871124,0.115657218
538,631,0.065824445,0.230802882
538,632,0.066531287,0.044988617
538,644,0.067960224,0.173222269
538,650,0.067095024,0.001551534
538,653,0.066830385,0.002721804
538,661,0.067501363,-0.008591295
538,667,0.068111098,0.085099512
538,673,0.069434033,-0.029394213
538,675,0.070121065,0.152620271
538,676,0.070502888,0.112947291
542,8,0.067085153,-0.04794679
542,13,0.067442883,0.006535549
542,25,0.068947014,-0.043102466
542,44,0.070465322,-0.007961767
542,45,0.068290153,0.185758049
542,52,0.07146029,0.023244376
542,55,0.07221313,0.11726148
542,56,0.072631334,0.028684682
542,71,0.083457063,-0.004129859
542,78,0.082825467,0.142913529
542,98,0.107449827,0.187302158
542,111,0.108519102,0.139130332
542,121,0.1090135,0.168803442
542,134,0.072642666,-0.032971492
542,135,0.072121488,-0.068013348
542,149,0.071502006,0.039577937
542,165,0.069677732,0.006877195
542,166,0.068680603,0.090736678
542,197,0.08479184,0.143584274
542,200,0.103643526,-0.040629128
542,214,0.113148084,0.044349446
542,216,0.114302339,0.164983172
542,239,0.140003698,0.126101649
542,240,0.140412955,0.213152022
542,248,0.147025106,0.206208754
542,265,0.084513374,0.133402386
542,266,0.083419508,0.169088526
542,272,0.082148499,0.143899105
542,276,0.081413711,0.126855522
542,278,0.080450431,0.157640897
542,293,0.080499545,0.035103815
542,330,0.098792084,0.071731626
542,332,0.09957725,0.313627562
542,345,0.106617185,0.200359859
542,351,0.089265763,0.177554062
542,369,0.088050008,0.157028086
542,377,0.089832965,0.060795994
542,385,0.078732902,0.020524095
542,397,0.076384683,0.236945054
542,399,0.078433132,0.083309505
542,454,0.08727597,-0.110071664
542,458,0.087021219,0.187761291
542,478,0.088222346,0.103031878
542,495,0.085261287,0.081079435
542,519,0.088317905,0.09642974
542,540,0.162118804,0.292072028
542,546,0.160546081,0.095494997
542,596,0.06771281,-0.092180595
542,599,0.068079706,0.103775123
542,607,0.067192694,0.069090398
542,618,0.066349447,0.09275074
542,635,0.068505086,0.012434228
542,645,0.069704405,0.139672516
542,647,0.068859828,0.208994206
542,659,0.068866531,0.180841297
542,679,0.073276287,0.003980713
546,3,0.069135008,0.126635892
546,20,0.070294214,-0.006506176
546,25,0.071133046,0.023054614
546,31,0.071329029,0.076158936
546,50,0.073681489,0.111651626
546,56,0.075005092,-0.046350097
546,57,0.075225306,0.006861908
546,61,0.085423568,0.162148334
546,78,0.084890871,0.094575026
546,79,0.083867669,0.155008002
546,82,0.083855526,0.112316477
546,91,0.105106939,-0.026106886
546,121,0.111851961,0.134950002
546,133,0.07423486,0.256153548
546,134,0.074171065,0.157600605
546,146,0.073482694,0.180660958
546,149,0.072634093,0.176034602
546,165,0.07114732,0.101457888
546,174,0.070631835,0.37498051
546,175,0.070650059,0.195155814
546,200,0.106410587,0.155204277
546,213,0.115305203,0.13828164
546,214,0.115601368,0.017372716
546,219,0.11800881,0.08212711
546,248,0.149782026,0.154095508
546,261,0.087017125,0.095981846
546,265,0.086424506,0.103702483
546,272,0.084373753,-0.111875741
546,279,0.082654458,-0.070679814
546,287,0.082004602,0.205753879
546,290,0.080430535,-0.066362124
546,312,0.079544897,0.068859474
546,327,0.099642092,0.134487599
546,332,0.101904272,0.250451072
546,336,0.103741511,0.308932471
546,356,0.092426448,0.06962233
546,381,0.081933543,0.048111407
546,384,0.080818417,0.179833078
546,386,0.080420535,0.146416875
546,396,0.078181953,-0.051044944
546,413,0.088745875,0.212262345
546,448,0.089824144,0.175765179
546,463,0.089374299,-0.018050721
546,496,0.086976707,0.055047181
546,522,0.08886951,0.14365335
546,526,0.084464145,0.237668333
546,558,0.164674947,0.339095339
546,578,0.073725912,-0.036610903
546,596,0.069911868,-0.045802823
546,597,0.069686011,0.018673854
546,607,0.068639784,0.054151944
546,635,0.069636139,0.156108394
546,641,0.070964814,-0.114473495
546,645,0.071167071,0.165133368
546,650,0.070250184,0.21962434
546,676,0.074405027,0.20076228
546,679,0.075569876,0.025776528
550,3,0.071209607,0.163105086
550,42,0.073303508,0.055493009
550,45,0.072565893,0.015788893
550,47,0.074689655,0.159799251
550,53,0.075645122,0.093581348
550,56,0.077592078,0.172622434
550,73,0.087126996,0.11005429
550,77,0.086160063,0.094946982
550,78,0.086813866,0.183923684
550,79,0.085664765,0.108246379
550,83,0.085312613,0.063442632
550,110,0.114280938,0.207115988
550,122,0.114066951,0.017484495
550,147,0.074644525,0.01564581
550,172,0.072319202,-0.096392461
550,200,0.109253478,0.105249102
550,248,0.152802184,0.105694486
550,251,0.153779834,0.14634533
550,260,0.092325383,-0.002637671
550,265,0.088199858,0.099260157
550,266,0.087533298,0.077275805
550,272,0.086312858,0.09809828
550,287,0.083404877,0.167573575
550,290,0.082433131,0.018076293
550,327,0.101929206,0.142898069
550,333,0.105406579,0.115232308
550,336,0.106972085,0.202480141
550,370,0.092895497,0.305935825
550,397,0.080506494,0.043270454
550,400,0.082759883,0.092041906
550,437,0.095277723,0.218745463
550,458,0.09169652,0.000961178
550,489,0.089893172,0.13808157
550,496,0.089358726,0.163238554
550,520,0.093099555,-0.030555723
550,522,0.091679905,0.276504794
550,526,0.086233351,0.240157458
550,540,0.169157671,0.388126758
550,570,0.078937054,-0.015139911
550,596,0.071910296,0.044963796
550,597,0.071298529,-0.068643512
550,599,0.071500628,0.14372033
550,604,0.071413249,0.243595306
550,607,0.070691072,0.050171221
550,608,0.070605062,0.02988456
550,631,0.071140395,0.118762933
550,632,0.071248849,-0.058717781
550,644,0.072401298,0.237720991
550,645,0.073440586,0.031806466
550,647,0.07219595,0.066324484
550,648,0.07181595,-0.015055038
550,675,0.076358569,0.139843323
550,679,0.077348784,0.126082835
554,3,0.072657212,0.360157286
554,32,0.074450641,0.124421579
554,40,0.073513129,-0.003578668
554,50,0.077708785,0.000311489
554,52,0.077582546,-0.010521638
554,54,0.078026568,0.124872378
554,57,0.079555063,-0.01692314
554,64,0.089381838,-0.084101355
554,66,0.089427963,0.307438532
554,70,0.089492935,0.0473718
554,71,0.089301558,0.202853572
554,77,0.088581484,0.102195508
554,98,0.116489764,0.251958527
554,132,0.078442089,0.191301789
554,166,0.074665229,0.210535241
554,172,0.073741675,0.113254207
554,197,0.089704061,0.192987621
554,210,0.118959382,0.203116971
554,248,0.158040414,0.222756009
554,257,0.159304102,-0.040858848
554,261,0.09203215,0.199333504
554,266,0.08976838,0.100374511
554,285,0.084540249,0.21308589
554,293,0.087177421,0.137106626
554,311,0.083444601,-0.19143759
554,324,0.104519729,0.164005227
554,332,0.106966708,0.193426832
554,333,0.108013928,0.098476299
554,341,0.112220858,0.06802655
554,370,0.095339143,0.206050846
554,377,0.097865298,0.064549037
554,386,0.083653961,-0.007327012
554,402,0.082353833,0.118494822
554,413,0.093540634,-0.062975087
554,445,0.093987571,0.119504346
554,447,0.093312314,-0.118212516
554,448,0.094601063,-0.015892854
554,463,0.094061435,0.099878112
554,508,0.084565619,-0.057639013
554,520,0.094387485,-0.008293787
554,522,0.094253195,0.088635399
554,526,0.088182967,-0.006536616
554,528,0.087340811,0.083142652
554,536,0.173113939,0.114832217
554,558,0.172868686,0.31436895
554,578,0.078476774,0.266471509
554,599,0.073261377,0.09397225
554,608,0.072354973,0.079735894
554,628,0.072725635,-0.005516391
554,631,0.072955544,0.152359142
554,636,0.07403029,0.121309357
554,641,0.074802898,0.198966832
554,644,0.074653406,-0.030077224
554,645,0.074666926,0.153273672
554,647,0.074048377,0.083298893
554,650,0.074029445,0.058718445
554,653,0.074158502,0.109506168
554,659,0.074806075,0.190184298
554,667,0.075713505,-0.00419355
554,675,0.078316178,-0.019562529
558,3,0.074420981,-0.04551043
558,13,0.074652658,0.176365705
558,20,0.075830826,0.297045746
558,40,0.074946651,0.118295531
558,50,0.079820602,-0.056846071
558,53,0.08001329,0.065793123
558,54,0.07970998,0.088438951
558,56,0.08090427,-0.024237464
558,61,0.091706649,0.132457609
558,66,0.091701877,0.028213718
558,70,0.091280127,0.009334541
558,73,0.091717797,0.108979205
558,77,0.090503353,0.182058848
558,83,0.089917703,0.079782079
558,87,0.089431351,-0.061374354
558,102,0.119287472,0.025609723
558,109,0.119914667,0.165950308
558,111,0.119775698,0.092549887
558,121,0.120850003,0.160022416
558,132,0.080435215,0.260796908
558,133,0.08016126,0.13799004
558,136,0.079798987,0.274849175
558,147,0.078804172,0.222338782
558,149,0.078899888,0.149889174
558,164,0.076080967,0.064798742
558,165,0.076346373,0.204713241
558,172,0.0757215,0.233724033
558,197,0.091653312,0.277076971
558,211,0.122974002,0.047791202
558,219,0.127561083,0.193677576
558,229,0.146002354,0.149365088
558,248,0.162023412,0.100616616
558,260,0.097116122,0.101544201
558,261,0.09431595,0.223341246
558,272,0.09047019,0.198754553
558,285,0.088315651,0.066637703
558,290,0.086749844,-0.061904565
558,301,0.086404025,0.090352775
558,303,0.085670232,-0.078915963
558,330,0.109361391,0.029473251
558,332,0.110451078,0.07509193
558,336,0.112997512,0.231870329
558,341,0.115760698,0.057342438
558,345,0.119399183,0.046145282
558,368,0.099408882,0.11269535
558,369,0.098327516,0.122250796
558,370,0.098343792,0.045995732
558,381,0.088089633,0.306139736
558,385,0.086222897,0.203473732
558,396,0.083827937,0.083157332
558,445,0.095959875,-0.147667848
558,447,0.09658527,0.112906061
558,454,0.096382113,0.078288088
558,463,0.096932741,0.072356306
558,486,0.09538623,0.023996483
558,496,0.093973967,0.201003676
558,508,0.086467328,0.150272667
558,540,0.177511075,-0.015063137
558,586,0.078424688,-0.048250358
558,592,0.076139134,0.138216719
558,604,0.074437292,0.011898249
558,607,0.074388354,-0.049302275
558,618,0.073281058,-0.056899181
558,631,0.075189166,0.045243375
558,635,0.075733904,-0.083897421
558,636,0.075972465,0.106190747
558,644,0.076296157,0.108520767
558,645,0.07657035,-0.105105121
558,647,0.076181278,0.029459683
558,653,0.075930146,0.092240494
558,659,0.076381273,0.116439101
558,673,0.079195697,0.18765594
562,11,0.076752869,0.128702979
562,20,0.078082644,0.110064173
562,40,0.077197561,0.198989293
562,47,0.081675989,0.108428181
562,53,0.081780213,0.018519836
562,55,0.082713245,-0.002587718
562,61,0.093785659,0.13388116
562,66,0.093605505,0.007219878
562,70,0.093461918,0.14848892
562,73,0.093175618,0.004761611
562,78,0.092614811,0.113743655
562,83,0.091616139,0.048313706
562,98,0.122148903,0.14519272
562,102,0.121880569,0.108305165
562,110,0.122001994,0.189387867
562,119,0.123021583,empty
562,121,0.123728242,0.113776338
562,122,0.123287674,0.08508954
562,134,0.081905881,0.219040923
562,138,0.081461802,-0.024215883
562,146,0.08097641,0.04464679
562,147,0.080407661,-0.008141443
562,149,0.08024321,0.086068425
562,165,0.079146592,0.236398501
562,209,0.123735579,0.117314815
562,210,0.123768328,-0.035758627
562,229,0.149248853,0.067589776
562,240,0.158169327,-0.034078791
562,248,0.164314505,0.159026626
562,266,0.09446444,0.140662387
562,272,0.092311608,0.078514939
562,276,0.091387772,0.035858198
562,285,0.089205851,-0.076515007
562,301,0.088604427,0.157241188
562,311,0.087491713,0.263268955
562,324,0.11010649,0.046495882
562,330,0.11228726,0.269849998
562,332,0.113473372,0.144056346
562,333,0.113707756,0.292331817
562,336,0.115898045,0.164428921
562,337,0.116478526,0.250747488
562,345,0.12222455,0.205005984
562,351,0.102242445,0.122646641
562,362,0.101713343,0.1916924
562,369,0.10090488,0.170211083
562,370,0.101374135,0.009606749
562,384,0.088898832,0.074745943
562,399,0.08792458,0.139978157
562,400,0.088292122,0.006730554
562,413,0.099003022,0.085715757
562,448,0.098727748,-0.049907046
562,540,0.181503831,0.126001304
562,546,0.179988849,0.047324684
562,559,0.181154983,0.195396144
562,604,0.076489376,-0.030432195
562,635,0.077682111,0.01864199
562,641,0.078763087,0.104948198
562,647,0.07777189,0.220377279
562,649,0.077254168,0.099817571
562,661,0.07882539,0.084741382
566,7,0.078728986,0.140835204
566,8,0.078565171,0.097093322
566,11,0.078403966,0.141012748
566,20,0.079685952,0.245834856
566,31,0.081566214,0.259232411
566,42,0.080773493,0.23181946
566,54,0.084113424,-0.015352528
566,56,0.085239536,0.022007572
566,57,0.085384757,-0.016499143
566,64,0.095417833,0.055120213
566,70,0.095126438,0.174648069
566,77,0.094260216,0.061349704
566,83,0.092928122,0.050746157
566,110,0.125341449,0.134613461
566,134,0.084315822,0.188371716
566,137,0.083523608,0.016121804
566,164,0.080227005,0.154437227
566,197,0.094963796,0.274484426
566,216,0.132400662,0.056640571
566,229,0.152214056,0.289763686
566,236,0.159571153,0.119596873
566,240,0.161890207,0.068230114
566,248,0.169349199,0.18457627
566,278,0.092979831,0.041566127
566,290,0.090781024,-0.076798209
566,293,0.092915788,0.187276146
566,311,0.089255191,0.371154647
566,324,0.112721983,0.007338964
566,327,0.112493946,-0.011949864
566,337,0.119335745,0.236928688
566,356,0.104661491,0.185256165
566,369,0.103557423,0.29825859
566,377,0.104830917,0.060612309
566,381,0.09210897,0.12983904
566,385,0.090320835,0.113565615
566,396,0.088159236,0.180145732
566,397,0.088346086,-0.041195072
566,447,0.101055681,0.130123728
566,448,0.101961853,0.091441417
566,452,0.101892543,0.023988995
566,454,0.100946759,0.028969471
566,494,0.098892707,0.020358663
566,536,0.183577661,0.143681565
566,540,0.184897474,0.226947959
566,559,0.185037063,0.534404284
566,570,0.085809114,0.102534466
566,592,0.080234198,0.109710649
566,597,0.078513018,0.10561279
566,635,0.079270827,-0.009503093
566,636,0.079440442,0.104511405
566,641,0.080087832,-0.053916136
566,649,0.079227392,0.061280251
566,675,0.084621178,0.146356263
570,3,0.080071487,0.011356697
570,13,0.080556274,-0.03863006
570,42,0.08262195,0.075881627
570,44,0.084519061,0.128538029
570,50,0.085638485,0.18453015
570,53,0.086112989,0.103532141
570,64,0.098034602,-0.076767627
570,71,0.096985515,0.064009102
570,77,0.096136203,0.161874556
570,87,0.094914978,0.441015446
570,111,0.128109251,0.128862812
570,132,0.085390833,-0.058553738
570,135,0.085107228,0.097829285
570,136,0.085990562,0.074078779
570,146,0.084937589,-0.054050305
570,147,0.08425161,0.08252629
570,149,0.084104186,0.182707232
570,164,0.081877262,0.244173298
570,172,0.080927944,0.167260279
570,174,0.081203085,0.193067362
570,175,0.081693627,0.04973464
570,200,0.123224226,0.023656485
570,251,0.170861815,0.148015084
570,260,0.104655337,0.197828724
570,261,0.100776837,0.288071627
570,265,0.098816295,0.179778785
570,266,0.098754349,-0.028721641
570,278,0.095667102,0.058140395
570,279,0.095257817,0.192357458
570,285,0.092597921,0.213806306
570,293,0.095070981,0.10117108
570,383,0.09365538,0.148210495
570,384,0.092859196,0.126691211
570,399,0.092192325,0.08183747
570,402,0.090309321,0.176766533
570,437,0.107024326,-0.001189447
570,448,0.103850081,-0.053186788
570,520,0.103471749,0.153499261
570,526,0.097184501,0.030175493
570,528,0.096667658,-0.007943024
570,540,0.188346897,0.077843153
570,559,0.188978495,0.226613683
570,592,0.081646662,0.108842755
570,604,0.079848109,0.264948019
570,618,0.078790969,0.154933478
570,628,0.080367039,-0.129892489
570,636,0.081195433,-0.116537367
570,641,0.082108064,-0.045855237
570,645,0.082109713,0.087425753
570,650,0.081819394,0.043564821
570,653,0.081884414,0.170738307
570,661,0.08308456,-0.063702305
574,10,0.082302754,0.092567076
574,25,0.084490972,0.118194099
574,45,0.084020841,0.094570389
574,50,0.08767592,0.058847304
574,53,0.087198267,0.354335307
574,55,0.088148606,0.163741068
574,70,0.099503156,0.166616779
574,73,0.099323453,0.02200869
574,78,0.09881665,0.078376053
574,98,0.131034273,0.181286368
574,119,0.131190561,-0.016641632
574,149,0.08572127,0.078605709
574,164,0.08354603,0.180618932
574,172,0.0830145,0.016319216
574,182,0.080608385,-0.11206485
574,197,0.098428626,0.231034201
574,212,0.13559814,0.350489995
574,213,0.136473609,0.095513257
574,219,0.139162191,0.202515454
574,229,0.159298406,0.237256777
574,265,0.100897825,0.07260695
574,290,0.095213939,0.013290391
574,311,0.093662052,0.007393709
574,312,0.093763277,-0.006044842
574,327,0.11739839,-0.096449276
574,330,0.119654319,0.373933198
574,336,0.124264564,-0.048741695
574,341,0.126374095,-0.094703635
574,351,0.109781487,0.092730229
574,368,0.107650033,0.154615259
574,377,0.109743015,0.100043326
574,386,0.093301503,-0.019072815
574,396,0.091957222,0.073379547
574,397,0.092754272,0.113825476
574,413,0.105024928,0.081580099
574,437,0.109570152,0.142391092
574,445,0.106051395,0.117672788
574,448,0.10652548,0.105600175
574,478,0.105721163,0.211526827
574,486,0.104487823,-0.071078418
574,526,0.098417619,0.131262945
574,536,0.191373349,0.131392401
574,540,0.192026175,0.005327502
574,546,0.191642301,0.136893942
574,588,0.08531315,0.149207826
574,597,0.082520332,0.090211893
574,607,0.081476403,0.067145244
574,608,0.081392435,-0.009092431
574,618,0.080833955,-0.077875818
574,631,0.08218028,0.090136048
574,636,0.082631035,0.155827224
574,653,0.083723284,0.156810592
574,659,0.083841923,-0.000377475
574,673,0.087331863,-0.144588768
574,675,0.088385034,0.188336571
574,679,0.090099239,0.013964418
578,7,0.08362385,0.138977771
578,53,0.089511708,0.116415232
578,54,0.089766921,-0.0589176
578,57,0.091565634,0.235285271
578,64,0.101440872,0.269665358
578,66,0.101170458,0.05519818
578,79,0.099407158,-0.026460167
578,82,0.09883554,-0.054774281
578,83,0.098439537,0.143033094
578,98,0.133395811,0.258272686
578,122,0.134372144,0.181200887
578,135,0.088641606,-0.079044161
578,146,0.088493088,0.200960856
578,147,0.087377403,-0.018816944
578,149,0.087226298,0.096733214
578,172,0.084537863,0.160375244
578,174,0.084665302,-0.013505402
578,210,0.135417639,0.117074017
578,213,0.139387722,0.163822391
578,214,0.13960295,0.173385195
578,229,0.161953302,0.020770543
578,239,0.170352445,0.228745068
578,261,0.104629467,-0.012812561
578,265,0.103168742,0.18361093
578,266,0.102110678,0.003743546
578,279,0.098597389,0.141982705
578,293,0.09960795,0.227754638
578,311,0.094810266,0.137456339
578,324,0.119823608,0.354724873
578,332,0.122927763,-0.069397775
578,333,0.124757743,0.203676459
578,345,0.13219795,0.116188633
578,368,0.110405191,0.27355779
578,385,0.097220381,0.180379378
578,386,0.095716798,0.19494436
578,396,0.094069621,0.062008442
578,448,0.108933246,0.133923279
578,478,0.108719918,0.130259354
578,508,0.096904819,0.058848162
578,558,0.196445206,0.17218704
578,559,0.194025572,0.257498603
578,592,0.085504157,0.132318863
578,596,0.084740329,-0.108892762
578,597,0.084215926,0.209138225
578,608,0.083252411,0.018976981
578,628,0.08347183,0.012611661
578,636,0.085313578,-0.030665241
578,641,0.08563517,0.026583782
578,648,0.084830686,0.076058748
578,653,0.08531025,0.22177386
578,661,0.086119805,0.202001091
578,673,0.088935532,-0.115054744
578,676,0.090458478,-0.037050215
578,679,0.091953828,0.066025538
582,7,0.085680608,0.044018324
582,10,0.085175113,0.139412149
582,20,0.0863663,0.197946479
582,40,0.085761351,0.235033855
582,42,0.087853619,-0.135154717
582,47,0.088880226,0.210920937
582,52,0.090973036,0.217884694
582,77,0.101088713,0.294712582
582,78,0.101906092,0.091120836
582,83,0.099630624,0.028470732
582,91,0.129068202,0.138716738
582,109,0.13661176,0.296135666
582,122,0.137085993,0.129481166
582,136,0.090673661,0.038219032
582,149,0.089092965,0.224009545
582,165,0.087874083,-0.065188271
582,166,0.086496771,0.174617064
582,200,0.130758713,0.079995269
582,209,0.136525334,0.00092126
582,211,0.13995366,0.105944508
582,212,0.141364131,0.1150669
582,216,0.143908401,-0.033918978
582,236,0.171400658,0.158715356
582,240,0.175056087,0.219619165
582,266,0.103069492,0.205053201
582,278,0.100183127,0.196058297
582,287,0.099221273,0.191404146
582,290,0.098677735,0.030649075
582,330,0.124486243,0.310451948
582,341,0.131079231,-0.054718076
582,345,0.135121218,-0.022741249
582,351,0.113451579,0.097695419
582,356,0.11370995,0.235897128
582,362,0.11323632,0.168683271
582,384,0.098003485,0.148691902
582,452,0.110741757,0.296281599
582,489,0.107481456,0.143495069
582,494,0.106829259,0.081096876
582,495,0.107859659,0.064017232
582,508,0.098589219,0.199929047
582,540,0.199817291,0.289021263
582,570,0.092984463,0.027692014
582,597,0.085646694,0.070101105
582,604,0.085048403,0.034089205
582,607,0.084697381,0.045791061
582,618,0.084840786,0.103260074
582,632,0.085910134,0.160040334
582,667,0.088936124,0.17035492
582,679,0.092981391,0.199435677
586,3,0.086862211,0.006688367
586,31,0.0904136,0.290179359
586,40,0.087510894,0.027505999
586,45,0.088851424,0.053607046
586,57,0.095415524,0.045447361
586,64,0.10493113,0.150260761
586,70,0.104234174,-0.032341188
586,78,0.103097556,-0.030573454
586,79,0.102666287,0.13040416
586,82,0.101802984,0.185220461
586,87,0.101604784,0.308781864
586,91,0.131863425,-0.071319156
586,98,0.139007635,-0.001285858
586,122,0.139224138,0.027296111
586,138,0.092246022,0.091938821
586,147,0.09057383,0.067333723
586,174,0.088050945,0.168386704
586,182,0.085260787,-0.041866902
586,197,0.102534502,0.060721239
586,200,0.133396027,0.13325727
586,209,0.13971958,0.065022804
586,214,0.145122537,0.07735477
586,219,0.147364054,0.208013709
586,229,0.167136252,0.167938285
586,251,0.184578289,0.157464156
586,265,0.105728973,0.396463317
586,266,0.105579154,0.106873674
586,278,0.101689865,0.217644412
586,287,0.100897503,0.224662861
586,290,0.101236599,-0.125113632
586,301,0.099959242,0.140625842
586,303,0.099474785,0.248670722
586,311,0.098951245,-0.126959184
586,322,0.123242492,0.249657532
586,327,0.123865814,0.105244809
586,333,0.128280385,0.230531638
586,368,0.115430662,0.065177342
586,386,0.098757634,0.092043962
586,413,0.111491682,-0.092470713
586,425,0.112950223,0.00143968
586,445,0.112357496,empty
586,447,0.111812785,0.059071554
586,458,0.112566764,0.159038484
586,496,0.109968881,0.026664015
586,546,0.201999034,-0.017304521
586,588,0.090534111,0.024045445
586,592,0.087981241,0.002663018
586,618,0.085832846,0.157163185
586,628,0.086831393,-0.006508355
586,635,0.088172454,-0.259883087
586,636,0.087889567,0.01511608
586,641,0.088814343,0.209144602
586,649,0.087648872,0.06189803
586,650,0.088784239,0.075205479
586,653,0.089345379,0.14384602
586,676,0.093740678,0.109111887
590,3,0.088656707,0.263608647
590,10,0.088770449,-0.078012102
590,13,0.088940214,0.13374622
590,32,0.090007047,0.121845134
590,44,0.092889757,empty
590,50,0.093822858,0.04387399
590,53,0.094167968,-0.041026684
590,54,0.095138619,-0.14504534
590,57,0.097259075,0.283032481
590,66,0.106150756,0.148397168
590,73,0.106026062,0.00658436
590,78,0.105049959,0.012286381
590,83,0.103296495,0.041891894
590,91,0.133733597,0.089724026
590,98,0.140705132,0.093405024
590,102,0.140647542,0.33532612
590,111,0.141155808,0.159726824
590,132,0.09400803,0.076108413
590,135,0.093416067,0.01238824
590,172,0.08916907,0.277264537
590,182,0.085987305,0.145822133
590,209,0.141919831,0.156962197
590,211,0.145209086,-0.014830053
590,212,0.146496594,-0.075752822
590,213,0.145730997,0.118518764
590,214,0.147005096,0.055535802
590,219,0.14960706,0.163876361
590,239,0.179600995,-0.331910981
590,293,0.104513337,0.015740273
590,301,0.101998805,0.07473845
590,312,0.100375917,0.111926826
590,322,0.124775616,0.078368951
590,332,0.129085558,0.169382743
590,333,0.130799882,0.135500589
590,341,0.135609347,0.213754019
590,345,0.139726005,0.28956776
590,370,0.115820265,0.118114631
590,377,0.117407159,0.123752833
590,385,0.101099238,0.097101075
590,386,0.100421245,-0.024361414
590,397,0.100195331,0.458579974
590,399,0.099530672,0.07330998
590,402,0.100076578,0.056272407
590,413,0.113470038,0.120714802
590,447,0.114225399,0.172341042
590,463,0.115160813,0.069515374
590,486,0.112335821,0.164474422
590,494,0.111085859,0.289244959
590,495,0.111523411,-0.018703167
590,496,0.111994698,0.194063779
590,522,0.109844105,0.20465299
590,526,0.105818356,-0.032210712
590,540,0.205818604,0.274861488
590,570,0.096471361,0.405060061
590,578,0.094620389,0.149844424
590,592,0.089657947,0.015041336
590,604,0.088394017,0.08491866
590,635,0.089349961,0.274885348
590,641,0.090168735,0.193052633
590,649,0.089039746,-0.058750685
590,661,0.091244857,0.066856326
590,667,0.092615156,-0.1951117
590,679,0.096342903,0.024930355
594,20,0.090983219,-0.00199367
594,25,0.092838751,0.174138222
594,50,0.095217574,-0.111544127
594,56,0.097310394,0.357999664
594,57,0.098318166,0.046180087
594,64,0.107606318,0.095046346
594,82,0.105207741,0.135484363
594,98,0.14296143,0.079376585
594,102,0.14327961,0.18274271
594,110,0.14331973,0.352622209
594,119,0.144933888,0.216324671
594,121,0.144477097,0.232861931
594,132,0.095402146,0.097910526
594,134,0.095535571,0.233170121
594,172,0.090557944,0.146614994
594,200,0.13800413,-0.131536211
594,212,0.148222812,-0.032773777
594,213,0.147773765,0.169924194
594,229,0.172918249,0.123191588
594,240,0.181465361,0.00962025
594,248,0.189087333,0.185771375
594,251,0.189268347,0.100992458
594,257,0.192309086,0.350179213
594,272,0.106575976,0.126023775
594,285,0.103516592,empty
594,287,0.104172303,0.088798231
594,301,0.10331519,0.085095839
594,311,0.102041059,0.220300816
594,324,0.128584034,-0.038984777
594,362,0.119026852,0.34716758
594,370,0.118377056,0.146239721
594,384,0.103845793,0.097050924
594,495,0.113245975,0.199714502
594,496,0.113428035,0.02176279
594,520,0.112546244,0.188058864
594,522,0.110663763,-0.055153305
594,536,0.208045872,0.265426983
594,540,0.208665191,0.064126386
594,592,0.091120396,0.17290712
594,596,0.090238406,0.00873227
594,618,0.088982923,0.031507543
594,628,0.089648323,0.048451762
594,632,0.089782039,0.127443734
594,636,0.091152383,0.087003758
594,644,0.091395257,0.062669523
594,645,0.091737994,0.05957525
594,649,0.090619106,0.266287343
594,653,0.091439357,0.14574415
594,661,0.092402273,0.05146944
594,673,0.09546163,0.324470422
598,10,0.091081672,0.090149628
598,32,0.093113917,-0.040218928
598,44,0.0958815,0.113654485
598,45,0.093375809,0.06711802
598,53,0.097049052,0.015761145
598,54,0.098013774,0.099678948
598,56,0.098968065,0.064583836
598,66,0.108716324,0.115825322
598,70,0.108448163,0.123977017
598,78,0.107755724,0.04473513
598,98,0.144848368,0.001374169
598,119,0.146301623,0.04596739
598,122,0.145885639,0.050045443
598,133,0.097172841,0.221472402
598,137,0.09656253,-0.030904551
598,138,0.096232451,0.065777569
598,146,0.095855517,0.135409334
598,147,0.094443767,0.196556143
598,174,0.0916773,0.121578578
598,175,0.09223392,0.082271661
598,209,0.144695769,0.063480671
598,210,0.146399206,0.127459416
598,239,0.183568924,0.237516411
598,240,0.18574248,0.308223519
598,272,0.10802188,0.284656206
598,278,0.106593545,0.118500603
598,290,0.10471872,-0.02291645
598,322,0.129125877,0.137460112
598,327,0.12953734,0.248497196
598,330,0.133008093,0.198581653
598,332,0.133113894,0.177814619
598,336,0.136557053,0.281706648
598,341,0.139032884,0.193098051
598,345,0.143464494,0.229375316
598,383,0.105705579,0.18343782
598,384,0.104911896,0.197420293
598,385,0.104200079,0.116869519
598,396,0.102260949,0.041136369
598,400,0.102697391,0.253553362
598,413,0.116121164,0.175275914
598,478,0.11808297,0.092129144
598,489,0.115519449,0.049936034
598,540,0.211610428,0.131137331
598,546,0.209672153,0.115023102
598,570,0.09950298,0.073583126
598,592,0.092206298,0.275668156
598,596,0.091040469,0.224458705
598,599,0.091007091,-0.064380859
598,632,0.091143436,0.088340181
598,645,0.092890583,-0.107339203
598,648,0.092693229,-0.025188848
598,649,0.091882505,0.070314519
598,653,0.09333973,0.064019887
598,661,0.09437429,0.081603115
598,676,0.098361592,-0.239108356
602,13,0.093085063,0.353477235
602,25,0.095612318,0.204173645
602,50,0.098034809,0.019959445
602,55,0.099598285,-0.204657841
602,57,0.101488352,0.079133009
602,73,0.109909408,-0.001495397
602,79,0.107826897,0.142835587
602,111,0.147080735,0.135226801
602,121,0.148442144,0.195500023
602,132,0.097138286,0.181472214
602,135,0.097617736,0.332845436
602,136,0.098118632,-0.160789447
602,147,0.095709261,0.132871884
602,172,0.092802875,0.340213356
602,175,0.093178054,0.058935579
602,209,0.146673424,0.017701335
602,212,0.151490983,0.075293508
602,213,0.152487809,0.167376609
602,216,0.154547979,0.084503483
602,229,0.176907476,0.288429892
602,236,0.185079651,0.146689725
602,239,0.187281138,-0.057652731
602,257,0.197045523,0.159969477
602,260,0.118376969,0.213626006
602,261,0.113493906,-0.171455946
602,265,0.112335243,0.348520267
602,278,0.106904786,0.272434087
602,279,0.107944534,0.041380271
602,290,0.107008203,0.155479869
602,322,0.130325285,0.019230933
602,324,0.13095001,0.255158567
602,337,0.139468058,-0.040429295
602,351,0.122212462,0.283904633
602,362,0.121787854,0.149142153
602,386,0.104685415,0.139865377
602,396,0.103629205,0.124172389
602,400,0.104152661,0.153389037
602,402,0.103203317,0.12754971
602,425,0.119485505,0.319117364
602,447,0.119009977,0.120048052
602,458,0.119427798,0.166937903
602,478,0.119181404,-0.104883448
602,486,0.117512712,0.177064308
602,508,0.106173254,0.068413711
602,528,0.108292774,0.111301427
602,540,0.214031039,0.097407421
602,588,0.096011819,0.183619222
602,592,0.09347771,0.055284679
602,604,0.091995947,-0.077334624
602,607,0.09168594,0.090221821
602,618,0.090730676,0.163378968
602,635,0.093168253,-0.142557099
602,636,0.092841929,-0.039666883
602,645,0.09438074,-0.081583914
602,648,0.093558706,0.082939602
602,653,0.094594834,-0.014772331
602,659,0.094222307,-0.040895733
602,667,0.096719569,0.126253528
606,8,0.093337043,0.043679013
606,11,0.093967877,0.170145978
606,13,0.09375204,0.339156431
606,20,0.09507517,0.10151225
606,53,0.100120181,empty
606,61,0.113532405,0.128003699
606,64,0.113237917,0.116523603
606,82,0.109371245,0.021374667
606,91,0.142280196,0.089155695
606,102,0.149233347,0.148711667
606,109,0.150531218,0.466111173
606,110,0.149648649,0.144147326
606,146,0.097978577,0.240838078
606,147,0.096780576,0.221800609
606,165,0.096440092,0.059308989
606,211,0.152149067,-0.026640898
606,213,0.153726836,0.088960841
606,236,0.187671171,0.067147755
606,248,0.196260143,0.198929691
606,260,0.12050394,0.140459586
606,261,0.114357252,0.317842927
606,266,0.112977329,0.277168332
606,272,0.110468167,0.048083879
606,287,0.107779026,0.110554879
606,293,0.108534067,-0.024541479
606,324,0.133126059,0.20701382
606,327,0.133034652,0.289290076
606,332,0.136796458,0.27335358
606,345,0.146615001,0.055678822
606,362,0.123407315,-0.058365499
606,368,0.122910088,0.083501432
606,369,0.122291125,0.050747249
606,377,0.124062503,0.148303682
606,384,0.107065271,0.273951658
606,385,0.107252091,-0.070285915
606,399,0.10446077,-0.044423145
606,494,0.117953871,0.156254704
606,519,0.117427533,0.222267073
606,526,0.111790721,-0.084551976
606,570,0.101815733,0.126350311
606,588,0.096875024,0.316977387
606,597,0.09399909,-0.004183633
606,604,0.093201163,-0.209968557
606,607,0.092839966,0.060059389
606,635,0.093860942,-0.173211089
606,645,0.095296175,-0.016693901
606,647,0.09489546,-0.144557072
606,649,0.093904531,-0.093535164
606,673,0.099595754,0.064255351
606,676,0.100928272,-0.021355597
610,3,0.094495827,0.071794544
610,10,0.094658006,-0.232938732
610,11,0.0946528,-0.012552314
610,13,0.095206401,0.292530477
610,40,0.094220568,0.053398645
610,42,0.096824438,-0.007387619
610,45,0.097045525,-0.128907711
610,66,0.114856522,0.043573747
610,70,0.114929653,-0.017073019
610,71,0.114640518,-0.133172783
610,73,0.114702723,0.245199777
610,82,0.111577267,0.111145761
610,87,0.111651837,0.084715919
610,91,0.145104886,0.119302446
610,111,0.152653513,0.397404893
610,132,0.099720084,0.30068573
610,133,0.100205503,-0.015066412
610,138,0.099379213,0.276903882
610,211,0.153821576,0.131902978
610,212,0.155255385,0.303434234
610,213,0.156100116,0.107841823
610,219,0.159414634,0.338086997
610,265,0.114630974,-0.197734421
610,272,0.112173668,0.206139651
610,276,0.110257574,0.070388323
610,311,0.107028019,0.125239005
610,332,0.138492343,0.325931915
610,336,0.141577968,0.111011407
610,341,0.144660285,0.203806369
610,362,0.125140804,0.11711937
610,369,0.12430073,0.148536929
610,383,0.109208673,-0.0657181
610,386,0.107073748,0.072709108
610,448,0.122330461,0.08203576
610,454,0.12176991,0.268076746
610,458,0.122482455,0.224906254
610,463,0.122404533,0.205536132
610,486,0.120641439,0.220010306
610,494,0.11950228,-0.00220731
610,495,0.120010481,-0.10049424
610,508,0.108610726,0.169383871
610,519,0.118957756,0.16739399
610,520,0.11804996,0.203055799
610,536,0.218202876,0.071114123
610,578,0.100100281,0.05965443
610,588,0.098958115,0.271628411
610,592,0.09580659,0.12416066
610,607,0.09421008,0.233933642
610,631,0.094615777,0.201280202
610,641,0.09623596,0.311372674
610,644,0.096138603,0.136829713
610,649,0.09528958,0.134636364
610,653,0.095920071,-0.029060384
610,659,0.097162534,0.017328399
610,676,0.101951025,0.227142162
610,679,0.103247564,0.002643302
614,11,0.095858613,0.418501296
614,13,0.096038783,0.031183794
614,45,0.097679137,-0.038080661
614,54,0.102845039,0.218696745
614,61,0.117346083,0.158919716
614,77,0.114629894,0.13062529
614,79,0.114033819,-0.038178795
614,98,0.154698478,-0.030022854
614,109,0.15584078,-0.028193287
614,136,0.10112596,0.173710858
614,146,0.099828458,0.075649247
614,165,0.097849856,0.13155378
614,172,0.096033391,0.208581613
614,174,0.096233626,0.281438818
614,197,0.109953005,0.04050171
614,200,0.146383279,0.257035005
614,210,0.153657572,0.09151954
614,211,0.155961612,0.312430501
614,214,0.159018676,0.146940684
614,216,0.159855021,-0.034077277
614,219,0.161189894,0.407934212
614,229,0.182556522,0.275956333
614,240,0.193146451,0.288945877
614,266,0.114730131,0.162136779
614,278,0.11133495,0.139788186
614,285,0.109933527,0.320237757
614,287,0.10989455,0.092341395
614,290,0.109884915,0.080455593
614,303,0.108804694,0.064378298
614,312,0.108196222,0.027733814
614,322,0.134105457,0.261383515
614,332,0.139935991,0.116564746
614,341,0.145933086,0.072506048
614,356,0.126742969,0.331996799
614,384,0.109587379,0.266125526
614,386,0.107687143,0.158144879
614,397,0.107225469,0.115031492
614,400,0.107599202,0.190296313
614,402,0.106803743,0.157131976
614,445,0.123078124,0.288500323
614,463,0.123797783,0.190536259
614,486,0.122338534,0.314150919
614,495,0.121036831,-0.065050621
614,496,0.120901268,0.288354437
614,526,0.112707523,0.115173404
614,528,0.111293956,0.062969382
614,536,0.219919579,0.227328683
614,558,0.22065816,0.065176786
614,559,0.220075321,0.126464025
614,588,0.099156055,0.04871234
614,618,0.094902323,0.246221503
614,631,0.095531935,0.126266393
614,632,0.095593645,-0.057158492
614,641,0.096976798,-0.003998491
614,649,0.096487575,0.026423639
614,653,0.097568807,0.109878378
614,667,0.09976482,-0.017101643
618,11,0.096550856,-0.059287064
618,25,0.100125767,-0.124199142
618,31,0.099840741,0.031895253
618,40,0.096045634,0.116522732
618,44,0.10184626,0.118340143
618,54,0.103472559,0.102683315
618,64,0.118616206,0.003467726
618,82,0.114389989,-0.310393294
618,83,0.11342538,-0.092027324
618,98,0.157583533,0.052570698
618,102,0.157105435,0.182313522
618,109,0.15787655,empty
618,111,0.157996807,0.366396537
618,137,0.101722932,0.139479005
618,138,0.101403521,-0.067842383
618,147,0.099830427,-0.017679627
618,149,0.100342657,0.05080809
618,165,0.098989202,0.349386755
618,200,0.147645297,0.157497061
618,209,0.155139066,0.264342088
618,211,0.157364398,0.36704292
618,213,0.159183704,0.132775294
618,229,0.184393046,0.145039934
618,240,0.195632959,0.188249089
618,266,0.115217391,0.00053979
618,287,0.111219607,0.133037203
618,327,0.137198577,0.279272822
618,336,0.14454789,0.30381962
618,351,0.127625243,0.358977885
618,356,0.128246407,0.07357211
618,385,0.110457825,0.10591677
618,396,0.108038241,0.12608471
618,445,0.124976549,0.32231511
618,448,0.124599187,0.059506744
618,454,0.124752497,0.129946308
618,463,0.125914683,0.17939391
618,508,0.110338067,0.174916579
618,519,0.119882013,-0.127782307
618,570,0.105009067,0.179135328
618,578,0.102653341,0.014847389
618,588,0.100321292,0.263990091
618,604,0.096398132,0.182887986
618,641,0.097531493,-0.037999963
618,649,0.097007279,0.355256019
618,650,0.098299595,-0.026712069
618,653,0.098645736,0.0598353
618,676,0.103684407,-0.060648143
622,3,0.097208439,0.107917022
622,11,0.097937784,0.407844634
622,25,0.10100808,0.164086629
622,42,0.099010236,0.221901138
622,45,0.099659187,-0.07579914
622,56,0.10672289,0.240877805
622,66,0.119307837,0.197576637
622,73,0.120041617,0.161682477
622,79,0.11618168,0.017697544
622,109,0.159777895,0.091335752
622,119,0.161115473,0.160587669
622,132,0.102889899,0.279957577
622,211,0.158619808,0.299882206
622,212,0.160037304,0.441657589
622,216,0.162791693,0.108904813
622,229,0.187059174,0.179446614
622,248,0.203992916,0.127176652
622,261,0.119042892,-0.050769562
622,265,0.117675403,0.07141044
622,276,0.113795771,0.190936351
622,278,0.113387097,0.031564523
622,285,0.109482984,-0.121658106
622,287,0.112132042,0.240211401
622,290,0.111936901,0.151385623
622,301,0.1114898,0.302492545
622,311,0.109895573,0.191014096
622,312,0.110350325,0.248159368
622,322,0.13693098,-0.094150214
622,332,0.142249516,-0.021370817
622,351,0.129217723,-0.255109909
622,384,0.111396423,0.210123154
622,385,0.111147052,-0.128515255
622,413,0.13215084,0.134466307
622,452,0.126225459,0.002656984
622,489,0.123325589,-0.123631179
622,528,0.113070905,-0.051538658
622,578,0.103452428,0.247354481
622,597,0.097659683,0.264423999
622,607,0.096977179,0.04157403
622,635,0.097781656,0.320701006
622,636,0.097783244,-0.059576804
622,649,0.097589222,0.08665099
622,659,0.099837649,0.180125827
622,667,0.101209711,-0.15109789
622,676,0.104619014,0.086403886
626,7,0.098435509,0.207526598
626,25,0.102022883,0.063727943
626,42,0.100201878,0.131415738
626,45,0.100230993,0.110461847
626,52,0.105081218,-0.175370514
626,53,0.104882486,0.248968502
626,54,0.106060158,0.360801836
626,55,0.106779758,0.194914824
626,57,0.10825532,0.1661252
626,73,0.121674033,0.144175886
626,79,0.117514164,0.373989879
626,91,0.157354354,0.188193715
626,102,0.160497919,0.270316141
626,121,0.162887184,0.052109773
626,132,0.103653363,0.096436735
626,133,0.104227234,0.015875732
626,134,0.104131703,0.001927716
626,135,0.103353777,0.226131787
626,138,0.103940678,-0.012404162
626,146,0.102928929,0.076419042
626,147,0.102015317,0.011420021
626,175,0.098611221,0.164505366
626,182,0.094498938,0.347326327
626,209,0.157128342,0.167039545
626,210,0.159118187,0.203983395
626,212,0.161894336,0.05059908
626,257,0.208235372,0.321149537
626,265,0.11832562,0.083844021
626,272,0.116031015,0.165861821
626,278,0.113911487,0.243019648
626,322,0.138069131,empty
626,327,0.139481774,0.15553221
626,336,0.147432629,0.34282714
626,341,0.150232534,0.141334981
626,356,0.13054078,0.296516552
626,368,0.129692659,0.143117827
626,384,0.11183541,0.136928619
626,386,0.111246868,0.115864367
626,458,0.126482052,0.006662242
626,478,0.127377514,empty
626,489,0.12413403,-0.128241303
626,494,0.124328417,0.043193662
626,495,0.124290736,0.222035428
626,519,0.12300332,0.208854901
626,540,0.226825458,0.139489032
626,546,0.22652628,0.176476316
626,558,0.225599339,0.337021454
626,559,0.226042698,0.208016838
626,570,0.106707802,0.045933308
626,592,0.099593867,0.043662951
626,599,0.098209319,0.169888664
626,607,0.097881137,0.152666542
626,618,0.097435747,0.014525718
626,631,0.097942146,0.13282299
626,644,0.099327945,-0.047413728
626,645,0.099423628,-0.021333337
626,648,0.099903195,-0.057306384
626,676,0.105546945,0.292947776
630,10,0.099351431,0.070997733
630,40,0.098954054,0.193768531
630,44,0.105188259,0.033328586
630,47,0.102817208,0.005556792
630,53,0.106225133,0.204912127
630,56,0.108504335,0.120535504
630,57,0.108846932,0.315388569
630,64,0.122973581,0.148542624
630,78,0.122049658,0.129678064
630,98,0.162994071,0.132714273
630,102,0.162331403,0.201678452
630,109,0.163109642,0.123917159
630,132,0.104800109,-0.208822287
630,138,0.10503341,0.225408857
630,146,0.104204909,-0.108357372
630,166,0.100221696,-0.074397281
630,172,0.099794484,-0.014148629
630,182,0.095421651,0.197458231
630,197,0.11289883,0.173017633
630,211,0.161631661,0.079347055
630,213,0.163216716,0.192930544
630,214,0.163875793,0.022866877
630,216,0.166007002,0.446238071
630,219,0.166971313,0.071545004
630,236,0.19862754,0.123190745
630,251,0.208462062,0.361635272
630,257,0.210430187,0.324431555
630,276,0.116030785,-0.026625937
630,285,0.112094395,0.080310238
630,293,0.11365205,-0.069275536
630,301,0.113434204,0.17977995
630,368,0.131259737,0.088031563
630,370,0.130504743,0.144141402
630,381,0.114916105,-0.022458887
630,383,0.113959705,0.113855913
630,384,0.113381271,-0.006630797
630,386,0.111701768,0.401352908
630,400,0.110048223,0.061178745
630,437,0.130686611,0.017057496
630,463,0.128415264,0.304220468
630,489,0.125043793,0.260206043
630,519,0.124058824,-0.059959538
630,520,0.122572841,0.117290295
630,528,0.115605802,0.110983997
630,540,0.22832167,0.080366613
630,558,0.227508873,empty
630,578,0.105699973,0.158352146
630,586,0.104266844,0.089508578
630,596,0.0998873,0.112995828
630,604,0.098792567,0.100898426
630,632,0.099007217,0.1204461
630,641,0.10119297,0.221607609
630,648,0.100376024,0.11665179
630,675,0.106028807,0.253191937
634,7,0.099694154,0.141184894
634,8,0.100081745,0.008279516
634,11,0.100499898,0.131271518
634,44,0.105928338,0.096413383
634,45,0.102989012,0.184724345
634,47,0.104161174,0.171785818
634,50,0.106245207,0.089362867
634,52,0.106734681,0.027646062
634,54,0.108117645,0.114613766
634,66,0.123571636,0.048806329
634,77,0.120529392,0.208169083
634,78,0.123598537,-0.050885572
634,87,0.123232593,0.131241332
634,109,0.165149636,0.000184723
634,111,0.164375366,-0.020492933
634,134,0.106627718,0.260150557
634,136,0.106357014,0.32740793
634,146,0.105090132,0.025745334
634,165,0.102272352,0.168952594
634,174,0.100846545,0.085514084
634,197,0.113731158,0.171846746
634,209,0.160715334,0.196175356
634,214,0.164877924,0.239736885
634,229,0.192244233,0.361734913
634,240,0.203086307,0.140383881
634,248,0.208856784,0.215641576
634,260,0.12818425,-0.023765624
634,293,0.115007855,0.237767413
634,301,0.114774062,-0.009916141
634,327,0.142464922,0.155244123
634,333,0.146828307,0.0953497
634,337,0.15040625,0.351871232
634,345,0.157744299,0.265922269
634,368,0.132424042,0.063536288
634,370,0.131740359,-0.048713679
634,377,0.133392189,-0.032737449
634,381,0.115801468,0.121853828
634,383,0.114355727,0.276637094
634,384,0.114517134,-0.009134914
634,445,0.128958161,-0.012778444
634,448,0.130196461,0.130154739
634,452,0.129549297,0.217339741
634,463,0.129694571,-0.038050702
634,478,0.129818452,-0.236550561
634,486,0.127938867,-0.037202582
634,489,0.127109346,-0.061338014
634,496,0.126328449,-0.094383766
634,508,0.114261168,0.063068851
634,519,0.123981032,0.297420107
634,546,0.229237527,0.277731142
634,570,0.109188664,0.141463578
634,618,0.099014173,0.136728925
634,632,0.100273189,0.198898719
634,641,0.101490765,0.066137182
634,644,0.101143099,0.050009026
634,645,0.101503555,0.120938007
634,647,0.101259612,0.174528872
634,661,0.103299785,0.343829091
638,3,0.100892645,0.024196182
638,10,0.101559089,0.030550002
638,40,0.100800759,0.025144374
638,52,0.107925242,0.115812882
638,55,0.110093476,0.054256137
638,56,0.110758229,0.301437789
638,64,0.125860745,0.132758175
638,66,0.125100629,0.166869983
638,70,0.126430731,0.188301329
638,71,0.123113927,0.034880684
638,79,0.120829335,0.08722968
638,91,0.16551707,0.345360216
638,98,0.16785534,0.36377807
638,111,0.166364515,0.12358979
638,132,0.106361799,0.103833731
638,133,0.10745729,-0.086810896
638,137,0.10705625,0.028440891
638,138,0.106348426,0.218182517
638,149,0.10464185,-0.119288088
638,174,0.101885128,empty
638,175,0.101907987,0.174667995
638,210,0.162967778,0.247358606
638,212,0.166396458,0.13234876
638,214,0.16750287,0.300151177
638,219,0.170633744,0.179222541
638,229,0.192409754,0.149105934
638,278,0.11746134,0.134592196
638,279,0.117433156,0.079055483
638,290,0.116068246,-0.152132967
638,311,0.113507792,0.098533464
638,356,0.133835023,0.246487306
638,362,0.133927646,0.091590579
638,370,0.133190467,0.071127634
638,397,0.113500264,0.055934571
638,399,0.110997517,0.263527653
638,402,0.113012156,0.075767224
638,437,0.13215087,0.00434572
638,448,0.13076364,-0.060192968
638,458,0.130432651,0.226529417
638,486,0.129081755,0.195637446
638,520,0.123736626,0.343680073
638,528,0.117273617,-0.026155842
638,536,0.232389981,0.124984418
638,578,0.10756322,0.26234376
638,586,0.105747634,0.074346751
638,588,0.105504016,-0.125251387
638,592,0.102864048,-0.000732524
638,599,0.101419343,0.199699655
638,604,0.101202087,0.133361777
638,608,0.10049946,0.097975696
638,644,0.101973528,0.075247372
638,653,0.10303936,0.367136479
638,659,0.103472714,0.080842524
638,675,0.108543102,0.238890693
638,679,0.110056682,0.067195464
642,8,0.102137504,-0.035940498
642,10,0.102737149,0.042839411
642,40,0.10108948,0.284506274
642,42,0.103478395,0.186997545
642,47,0.107030978,-0.168042428
642,50,0.107353491,0.091051107
642,55,0.11093828,0.036499087
642,56,0.111835056,-0.083339467
642,61,0.126695322,0.138421621
642,66,0.127260483,0.095915749
642,77,0.123749525,0.190112709
642,78,0.127547332,-0.339199606
642,79,0.122376385,0.060019626
642,91,0.168771808,0.02701546
642,102,0.16925941,-0.106377872
642,109,0.168550237,0.062542683
642,111,0.168727247,0.154102987
642,132,0.107482033,0.012470198
642,134,0.107950012,0.170621634
642,164,0.104099012,0.242153531
642,166,0.103236219,0.009381396
642,182,0.097878082,0.479138115
642,209,0.162977426,0.204539753
642,212,0.16791894,0.487269046
642,214,0.169493355,-0.00473817
642,219,0.17233342,0.058645877
642,240,0.205346173,0.306455578
642,251,0.212754828,0.278707752
642,279,0.118159592,0.411860475
642,287,0.117066468,0.247095914
642,301,0.11713946,0.088408605
642,312,0.115681108,0.131306199
642,322,0.143090705,-0.062886602
642,333,0.14953066,-0.110346916
642,356,0.135286638,0.096443063
642,369,0.135131093,0.08504891
642,381,0.118299509,0.208145061
642,384,0.116646432,0.117721922
642,397,0.114854319,0.126897678
642,400,0.114650789,0.292024635
642,478,0.13188538,0.111265274
642,540,0.233916513,0.316397537
642,570,0.111179286,-0.022042531
642,588,0.106662536,0.258258027
642,592,0.103597055,0.052940227
642,596,0.103045629,-0.290075618
642,599,0.102517386,0.067762532
642,604,0.102344304,0.118642354
642,607,0.101654525,0.148779666
642,608,0.101767889,0.062190896
642,631,0.102181555,0.339769949
642,635,0.102629154,0.206146215
642,641,0.103213677,0.131665377
642,647,0.103412183,0.170918588
642,649,0.102477962,0.357267216
642,653,0.103865261,-0.005509016
642,675,0.109476065,0.416121082
642,676,0.110089815,0.039210426
642,679,0.111105544,-0.140520868
646,3,0.103514206,0.09642859
646,8,0.103109113,0.056827355
646,11,0.103407626,0.024515556
646,25,0.107344054,0.426783435
646,32,0.106332357,0.002309967
646,44,0.109359288,0.201660694
646,45,0.105341385,0.038157667
646,50,0.108591428,0.0530465
646,52,0.110689596,0.238052841
646,61,0.129178182,0.288687733
646,77,0.12552472,0.200489162
646,78,0.130250006,0.211275381
646,83,0.123109725,-0.080402774
646,87,0.130049129,0.345494405
646,91,0.17257772,0.39132705
646,109,0.170533319,0.274277646
646,119,0.171857811,0.204958887
646,135,0.108401184,0.237817078
646,136,0.109245575,0.134350125
646,146,0.108043626,-0.026272538
646,149,0.106672528,0.10408492
646,182,0.098812606,0.06591289
646,197,0.115913928,0.223434693
646,209,0.165089303,0.106341728
646,229,0.197075469,0.159261683
646,266,0.123435943,0.220835056
646,276,0.119793111,0.211604984
646,285,0.115191032,0.069278193
646,301,0.11784832,0.310564863
646,324,0.145119373,-0.120790204
646,337,0.154742746,0.327208632
646,368,0.135966547,0.17297038
646,369,0.135555989,-0.094195305
646,396,0.115290009,0.000459429
646,397,0.115584092,0.015545909
646,425,0.13763468,0.253190618
646,437,0.135100529,0.108962192
646,445,0.133641523,0.207806986
646,452,0.133709808,0.251546959
646,454,0.133867986,0.204655146
646,489,0.131101241,0.335533648
646,494,0.130481689,0.240912029
646,526,0.119846977,0.227896804
646,546,0.234714118,0.306099672
646,596,0.103963415,0.079512511
646,628,0.10310734,-0.096726468
646,636,0.103585183,0.124951702
646,641,0.104662312,0.195215859
646,644,0.103471575,0.043819445
646,647,0.104843023,0.219559487
646,653,0.105501043,0.246501811
646,667,0.107548407,0.30721556
646,673,0.109471731,0.042084663
650,7,0.104513504,0.059190996
650,8,0.104335034,0.218488535
650,25,0.108459152,0.297988847
650,47,0.108633107,0.162485629
650,56,0.114812916,0.137329932
650,57,0.11549951,-0.077856038
650,64,0.132527602,0.049816728
650,73,0.134552176,-0.001828504
650,102,0.173998036,0.073107907
650,110,0.173193394,0.184762748
650,119,0.174138574,0.175246478
650,121,0.173827047,0.032876765
650,136,0.110076116,0.024375799
650,138,0.109457139,0.251479869
650,146,0.109204715,0.048796175
650,147,0.1072176,0.095440251
650,165,0.106690211,0.447475114
650,166,0.105219102,0.102680972
650,197,0.116655775,-0.07433932
650,200,0.160180066,0.16860833
650,212,0.171576318,0.161566454
650,216,0.17436931,0.208711904
650,229,0.198477475,0.312971388
650,236,0.207749204,0.323998254
650,251,0.217249247,0.287066781
650,279,0.1209781,-0.050660716
650,290,0.119466578,0.334409803
650,303,0.118267703,-0.109890003
650,322,0.146016141,0.37833081
650,368,0.137543304,0.018564364
650,370,0.136912405,0.143650494
650,385,0.118743507,0.223274626
650,396,0.116699089,0.105286284
650,399,0.115083469,0.05536644
650,425,0.139919135,0.178187622
650,445,0.134973216,0.28497071
650,447,0.134932884,-0.092687247
650,454,0.13501411,-0.248004103
650,486,0.132749553,0.105025479
650,489,0.132279865,0.228950187
650,495,0.131856232,-0.059552193
650,540,0.238044218,0.15478401
650,546,0.236535963,0.43217337
650,559,0.23795091,0.249411877
650,578,0.111587609,0.28418638
650,588,0.10926322,-0.048379924
650,599,0.104298551,0.060026626
650,631,0.104621226,0.240294435
650,632,0.10410944,0.042844153
650,644,0.105314507,0.103732271
650,647,0.105555789,0.336685567
650,675,0.111604651,0.178341092
654,3,0.105620452,-0.249007095
654,13,0.106089367,0.0889976
654,20,0.107351809,-0.055812439
654,44,0.112260055,0.345739124
654,47,0.108595411,0.205133644
654,57,0.116901824,0.17418038
654,64,0.134527031,0.114041342
654,70,0.136432577,0.236830332
654,79,0.127426658,0.307111859
654,121,0.17610612,0.153438882
654,132,0.110892406,0.048003708
654,136,0.11096934,0.08791944
654,137,0.111024613,0.074582432
654,147,0.108554388,-0.031046403
654,175,0.105901199,0.284239246
654,210,0.169562086,0.095234337
654,212,0.172904865,0.205006561
654,229,0.2003951,0.078669108
654,236,0.209438908,0.078628873
654,239,0.211661748,0.21405689
654,257,0.221534613,0.010363994
654,266,0.125934322,0.04810495
654,285,0.116769096,0.099484491
654,290,0.121163567,0.156116019
654,301,0.120154477,-0.042184711
654,312,0.119064147,-0.042359306
654,333,0.154368511,0.139344499
654,337,0.157445332,0.343886701
654,345,0.165110905,0.372223982
654,351,0.139389068,-0.225641063
654,369,0.138507892,-0.022624601
654,377,0.140025388,0.037776503
654,381,0.121828489,-0.079588413
654,384,0.12020603,0.0636668
654,397,0.117746531,0.013959433
654,413,0.153291484,0.304720651
654,445,0.13595081,0.173014877
654,452,0.136509947,0.08508227
654,463,0.136961311,0.249870105
654,478,0.136296161,-0.053600773
654,496,0.133798748,0.059009055
654,508,0.120124134,0.103309201
654,540,0.239934989,-0.004444995
654,592,0.107066641,0.086604175
654,597,0.105819917,0.265620371
654,604,0.105360363,-0.31493973
654,608,0.104766428,0.180556925
654,631,0.105163691,empty
654,641,0.106381001,-0.003725658
654,676,0.113305666,0.156204382
658,3,0.106981872,0.100286598
658,8,0.10647366,0.185254072
658,10,0.106769058,-0.065000556
658,11,0.106823783,-0.306765036
658,31,0.110849213,-0.006012875
658,40,0.105980513,0.033418768
658,42,0.107980653,0.180587611
658,44,0.113167131,0.018134344
658,50,0.113026829,0.103993203
658,55,0.115735541,0.248533024
658,56,0.117281883,0.238424446
658,57,0.117677865,0.135164699
658,66,0.135172508,-0.007493098
658,70,0.137952062,0.030446088
658,73,0.138671571,0.200852941
658,77,0.130700489,0.220374013
658,78,0.136331245,0.102745
658,79,0.128815105,0.171922658
658,91,0.182730688,-0.017642464
658,109,0.178204078,0.102174345
658,110,0.177486571,0.253828076
658,111,0.177287144,-0.149876677
658,121,0.177794284,0.082007574
658,132,0.112052072,0.065498975
658,165,0.108652427,-0.216409625
658,166,0.106751796,0.260318364
658,174,0.106565825,-0.177644678
658,175,0.107047406,0.162689665
658,200,0.163227767,0.212796283
658,239,0.213207128,0.327376504
658,240,0.21332904,0.356906233
658,260,0.136265977,-0.056300649
658,261,0.12929421,0.224187191
658,265,0.128048388,0.512907244
658,290,0.122267405,-0.107534029
658,301,0.121569133,0.231392393
658,333,0.1557606,-0.021287695
658,336,0.158190138,-0.085432176
658,337,0.158898931,0.325394397
658,341,0.161426434,-0.136620248
658,351,0.140664278,0.201588192
658,356,0.140856499,0.04734363
658,377,0.141051194,-0.053662421
658,399,0.117301469,0.123138045
658,400,0.117926062,-0.110225576
658,452,0.137624183,-0.023517061
658,458,0.137590998,0.20469338
658,489,0.134970015,0.131799558
658,495,0.134995921,-0.072434232
658,508,0.121369651,0.180547685
658,520,0.129814913,0.066562748
658,526,0.123430532,0.247033675
658,604,0.106386291,0.095255483
658,607,0.105870448,0.202590768
658,628,0.105983213,0.110759259
658,635,0.106303937,0.118696187
658,641,0.107788362,0.341816356
658,648,0.10728763,0.015245902
658,659,0.108809035,0.024034198
658,676,0.114570865,-0.10845175
662,11,0.107915389,0.241870493
662,20,0.10990549,-0.028525504
662,32,0.110977396,0.179145673
662,42,0.10910083,0.3181613
662,50,0.114250794,-0.1430225
662,56,0.117815922,0.01882219
662,66,0.136683925,0.193227834
662,70,0.139837065,0.037179013
662,71,0.133801222,0.012608425
662,77,0.13243203,-0.056287508
662,78,0.137856831,0.426865112
662,91,0.185630009,0.153345484
662,98,0.184107235,0.14888773
662,122,0.179569029,0.186474031
662,136,0.113448937,-0.045930729
662,146,0.112151793,0.222690705
662,172,0.107322176,-0.087368129
662,174,0.107395667,-0.110134195
662,182,0.102529141,0.241969462
662,214,0.176249847,0.082480437
662,239,0.214521956,-0.037749507
662,240,0.215084909,0.176660135
662,265,0.12929037,0.016245354
662,287,0.123876142,0.17172536
662,301,0.122888675,0.006417344
662,311,0.120905369,0.136626207
662,312,0.121696318,0.364147329
662,336,0.160216727,0.176034496
662,341,0.163289598,0.08409345
662,370,0.141387867,-0.109209244
662,399,0.117677785,0.089803875
662,402,0.119645125,0.252335425
662,447,0.139366555,0.187925969
662,519,0.133427493,-0.036083972
662,522,0.130274062,0.119829007
662,526,0.124563364,0.068106088
662,540,0.244576519,0.190379907
662,588,0.112417889,0.148339001
662,596,0.108410522,0.106025983
662,618,0.106676093,0.175517456
662,631,0.107361727,0.112816738
662,632,0.107509548,-0.029233073
662,635,0.107637804,0.096760238
662,641,0.10891031,-0.060412421
662,647,0.10829399,0.021905829
662,648,0.108418391,0.136290717
662,649,0.107766932,0.013149151
662,650,0.109333545,0.26113622
662,661,0.110545289,0.010737036
662,679,0.116351082,0.161820055
666,11,0.109050796,0.07328479
666,13,0.109667021,0.22233428
666,44,0.115712459,0.003225739
666,45,0.111408202,0.172103974
666,52,0.117571079,0.041592357
666,79,0.132511008,0.050792194
666,91,0.188611273,0.329040889
666,134,0.115090417,0.019555037
666,135,0.11449738,0.152734228
666,174,0.108349383,0.172118451
666,175,0.108962405,0.26187639
666,197,0.119685442,0.219450911
666,200,0.167470728,0.058402661
666,209,0.172981726,0.064548164
666,212,0.177059085,0.2065106
666,216,0.180093884,0.096231437
666,278,0.126103277,-0.136624952
666,293,0.124293257,0.238505203
666,322,0.152008267,-0.004394258
666,324,0.152627921,-0.044398041
666,332,0.158177537,0.205175967
666,341,0.165188978,0.156089702
666,356,0.143802473,0.338563763
666,362,0.143385487,-0.008472099
666,368,0.143196922,0.1726303
666,381,0.125424883,empty
666,384,0.123712536,-0.085241274
666,386,0.122844596,-0.051134505
666,396,0.12108629,0.4301363
666,400,0.120760506,0.177952506
666,402,0.121330307,-0.136831544
666,425,0.148660956,0.023481124
666,454,0.140796125,0.555129353
666,463,0.141315429,0.157953789
666,486,0.139024144,-0.039491808
666,528,0.124214278,0.062061512
666,540,0.24639553,0.275291208
666,596,0.109576109,0.154041077
666,597,0.109020946,-0.097358535
666,608,0.108464849,0.069229557
666,631,0.10858848,-0.083708441
666,641,0.110090729,-0.010690017
666,644,0.109730788,0.413401366
666,648,0.109986173,0.298418327
666,659,0.111194296,0.10991415
666,673,0.115872198,0.037148681
666,679,0.117427609,-0.024149011
670,10,0.110075671,0.384438205
670,32,0.113373295,0.141503042
670,42,0.111709139,0.155007091
670,44,0.117312942,0.255350533
670,64,0.143213416,0.190711871
670,77,0.136288014,-0.011803323
670,111,0.185236279,0.087811892
670,119,0.184750031,0.072780252
670,137,0.115768777,0.101219158
670,146,0.11433338,0.313270038
670,147,0.11328543,0.002251643
670,164,0.111360162,0.122671964
670,166,0.110504913,0.080555429
670,182,0.104521175,0.144808974
670,197,0.120902619,0.288045295
670,200,0.167982303,0.43751734
670,210,0.175344798,0.168927087
670,211,0.178294859,0.084467764
670,236,0.215674435,0.331190996
670,239,0.217838476,0.201485857
670,251,0.226475645,0.002013886
670,260,0.140492917,0.065201263
670,266,0.131414771,-0.135226364
670,272,0.129217574,0.200004154
670,278,0.127609967,-0.050500887
670,279,0.127562467,-0.006557114
670,287,0.125963917,0.174363999
670,303,0.124931564,0.118170006
670,312,0.12434378,-0.011946975
670,322,0.153144105,0.312716878
670,327,0.1553816,0.378800799
670,337,0.164161202,0.287417074
670,345,0.171430067,0.28750142
670,362,0.145028682,0.125378999
670,370,0.144259859,-0.067132378
670,402,0.122362393,0.248614541
670,447,0.142049579,0.062387729
670,448,0.142535998,0.20034914
670,452,0.142445975,0.200788299
670,454,0.142273405,0.24096998
670,458,0.142091519,0.364440424
670,478,0.141223195,-0.146642672
670,489,0.13979605,0.182924085
670,496,0.138674111,0.009375127
670,526,0.127337677,0.286818192
670,546,0.246982624,0.319869811
670,558,0.247386876,0.264532289
670,559,0.247530208,empty
670,592,0.111908444,0.063717464
670,607,0.109487133,-0.171816505
670,608,0.109575523,-0.011748253
670,618,0.108813814,0.035256592
670,631,0.109843532,0.095240567
670,635,0.10999992,0.143171653
670,644,0.111199669,0.141478795
670,648,0.111131001,0.365412827
670,659,0.112330876,0.245325932
670,667,0.11474744,0.243111197
670,673,0.116903157,0.307033402
670,675,0.118438157,0.154175213
670,676,0.118459658,0.270599066
674,8,0.111631199,0.160358238
674,11,0.112233976,0.044555924
674,20,0.114157729,0.11042351
674,25,0.115847837,-0.06666484
674,42,0.113469374,0.135436299
674,47,0.11590314,0.187299983
674,53,0.120361333,0.107378318
674,56,0.123202655,-0.030247663
674,70,0.148271494,0.162335928
674,77,0.138647718,0.033040973
674,109,0.188313557,0.242315152
674,110,0.188427403,0.183011593
674,111,0.188620199,-0.08899014
674,121,0.186880502,0.114394106
674,133,0.118063588,0.1994205
674,149,0.114852039,0.160609024
674,164,0.112256222,0.02652909
674,165,0.113362981,0.180836821
674,175,0.111360533,0.138518782
674,197,0.121623379,-0.027826822
674,212,0.181702891,-0.125935716
674,248,0.227746308,0.194857162
674,265,0.133428694,0.079020057
674,276,0.129465116,0.195216915
674,290,0.128042077,0.05435126
674,327,0.156295708,0.178905169
674,336,0.164848085,0.394070259
674,337,0.165678374,0.201765655
674,377,0.146841247,0.206378702
674,381,0.128275164,-0.13427215
674,385,0.126761182,0.124189165
674,396,0.123619449,0.183931986
674,399,0.121797922,0.24783894
674,400,0.124569571,0.047297376
674,445,0.143193542,0.104210109
674,463,0.143735925,0.163381249
674,478,0.143497995,0.339137164
674,508,0.126324864,-0.06753649
674,520,0.136974683,0.129465417
674,528,0.127608362,0.387367276
674,536,0.250188907,0.242918044
674,558,0.250840591,0.12426087
674,559,0.250187911,-0.077148151
674,644,0.112099428,0.171049508
674,645,0.112496714,0.108373909
674,649,0.112326404,0.201265682
674,667,0.116037915,0.260095074
674,673,0.118344202,0.268303038
678,3,0.112820311,0.00819617
678,8,0.113012889,0.133217334
678,10,0.113371524,-0.042333663
678,20,0.115721341,0.197981004
678,25,0.117247999,0.305113315
678,42,0.115232691,0.01804118
678,50,0.118832233,0.404541926
678,55,0.123749366,-0.059736153
678,57,0.125101581,0.156134567
678,87,0.149709895,-0.084211083
678,98,0.198376102,0.348235799
678,119,0.189861631,0.013866906
678,121,0.189113824,0.232336194
678,122,0.189339898,0.321083619
678,132,0.118963479,0.425522435
678,133,0.119149802,0.326639526
678,136,0.119161203,0.165593462
678,137,0.118367237,0.24817829
678,147,0.115927267,0.196582042
678,149,0.116582799,0.215675362
678,165,0.115050996,0.156744214
678,166,0.113185273,0.005981704
678,172,0.112766033,0.343670292
678,174,0.1123262,0.307074591
678,182,0.108149071,0.236056589
678,209,0.177831737,0.262000535
678,211,0.181121948,0.294825443
678,212,0.182938255,0.027588504
678,213,0.182746879,0.227134076
678,248,0.230304646,0.012974659
678,261,0.136758927,0.24012174
678,272,0.132020019,0.042745057
678,290,0.129044592,-0.017802383
678,293,0.127867509,0.026965652
678,311,0.126568693,0.16273481
678,327,0.158262978,0.323179389
678,333,0.162962725,0.268154383
678,369,0.146700581,0.212341727
678,377,0.148365007,0.033091406
678,396,0.125303356,0.182110479
678,397,0.126215995,0.071243029
678,445,0.145461552,-0.013738958
678,458,0.145478575,0.185263634
678,486,0.142820535,-0.030813695
678,489,0.142979228,0.168564114
678,508,0.127547257,0.122145792
678,520,0.137352301,0.031572909
678,522,0.135773388,0.038098058
678,570,0.123086388,0.179297645
678,586,0.118375324,0.043278962
678,599,0.113063458,0.038452838
678,632,0.112702455,0.00293129
678,636,0.112758135,0.009220104
678,649,0.113521682,-0.011549626
678,653,0.114651097,0.172987091
678,675,0.120457505,0.124092285
678,676,0.120384828,0.223124858
678,679,0.121640061,0.229045539
682,3,0.114293325,0.254870705
682,10,0.114955155,-0.009375722
682,11,0.115212532,0.035743951
682,40,0.113823414,-0.000987097
682,44,0.121628396,0.300399226
682,50,0.120254922,0.071772901
682,53,0.123617899,0.23575004
682,55,0.124497667,0.221253693
682,64,0.151632916,0.119112714
682,71,0.146273925,0.08003738
682,73,0.154807094,0.338026615
682,79,0.141747893,0.2809759
682,110,0.195885594,0.31421852
682,136,0.120146489,0.287178797
682,137,0.12005275,0.113597209
682,149,0.118019731,-0.092951507
682,182,0.109314821,0.158701047
682,213,0.184012973,0.014229826
682,216,0.187601312,0.157145431
682,219,0.189511849,0.247589901
682,236,0.22271639,0.109676414
682,240,0.224860201,0.322886198
682,251,0.23231313,0.130540465
682,266,0.135609396,0.344248293
682,301,0.129236447,-0.055535641
682,324,0.159645939,0.074997399
682,341,0.171056328,0.218191886
682,351,0.149954245,0.536998824
682,368,0.149122666,0.202814617
682,399,0.125009381,empty
682,400,0.127178182,0.00674623
682,445,0.146784908,-0.098081401
682,448,0.147033904,0.095417256
682,478,0.146285683,0.181927438
682,486,0.145382412,0.35524767
682,489,0.144600302,0.169096556
682,520,0.138773959,0.208974337
682,522,0.137184795,0.112971891
682,526,0.131579621,0.133951777
682,536,0.256198538,0.052676491
682,546,0.255928775,-0.052834792
682,559,0.256430832,0.20103297
682,588,0.118632621,-0.072509399
682,607,0.113825895,-0.041382959
682,636,0.114139043,0.206869449
682,641,0.115179323,0.168364972
682,650,0.115913895,0.082481443
682,659,0.116379762,0.096644886
682,667,0.118507808,0.122684972
682,675,0.122154369,0.20241698
686,10,0.115584749,0.102813387
686,20,0.118037075,0.148195476
686,31,0.120131866,0.025783278
686,52,0.124770222,0.132425036
686,57,0.127822369,-0.076117355
686,66,0.150898186,0.039285816
686,70,0.155332486,-0.013185151
686,71,0.147272645,-0.020272262
686,78,0.153127473,0.0656323
686,82,0.145837729,0.020610421
686,87,0.154063959,0.093134923
686,102,0.202111678,0.301395279
686,135,0.120928882,0.008600881
686,136,0.12150487,0.195586
686,138,0.120686218,0.172648153
686,147,0.118051953,0.220686767
686,149,0.118905103,0.110240747
686,164,0.116801292,-0.194654388
686,166,0.116075547,empty
686,197,0.125374673,0.012578381
686,210,0.18263932,0.159153908
686,214,0.186638322,0.158426508
686,236,0.224108414,0.212380222
686,251,0.233082578,0.441627543
686,272,0.135398671,-0.163424224
686,276,0.13300834,0.084916235
686,279,0.133471547,0.126348714
686,293,0.129863768,0.261787151
686,301,0.130814219,-0.004254592
686,303,0.130390819,0.042132543
686,324,0.160755301,0.16373148
686,351,0.151658488,0.448099601
686,362,0.150645585,0.44843192
686,384,0.131276996,0.155027239
686,413,0.17781587,-0.043062433
686,425,0.160661973,0.027453704
686,437,0.149033928,0.299333025
686,447,0.147817847,0.315376681
686,454,0.148379662,-0.050166163
686,458,0.148419674,0.040051089
686,478,0.147792207,0.008023428
686,495,0.145902779,0.318544885
686,496,0.145228173,0.096997699
686,519,0.141634663,0.197533591
686,522,0.138970048,0.115286579
686,528,0.132002178,0.075726376
686,570,0.125310607,0.090009576
686,597,0.116428863,0.070931664
686,607,0.114658013,0.114435735
686,618,0.114391822,-0.003974158
686,628,0.114837942,0.24340815
686,632,0.115012685,-0.054640837
686,644,0.116163262,0.199561129
686,648,0.116198542,0.033615215
686,653,0.11735563,0.297788041
686,659,0.117710537,0.385856542
686,661,0.118717879,-0.138470355
686,679,0.124706392,0.093595731
690,8,0.116544674,-0.047160617
690,47,0.11997653,0.304104371
690,50,0.123118282,-0.177384466
690,56,0.128808598,0.228159422
690,61,0.149347731,-0.04074545
690,66,0.150535053,0.110205469
690,70,0.154922281,0.00138309
690,73,0.155400009,0.373232347
690,77,0.144861512,0.164279084
690,82,0.14578209,0.11909269
690,83,0.141635059,empty
690,98,0.206721785,0.107166168
690,110,0.199527002,0.331412202
690,122,0.195614205,0.193010964
690,132,0.122597231,0.251291265
690,147,0.119253454,-0.079007177
690,165,0.11874045,0.279724564
690,211,0.186027223,-0.266437258
690,216,0.190221807,0.37906834
690,219,0.193035955,0.133443617
690,229,0.216807403,0.309530261
690,236,0.226104469,0.15483768
690,257,0.238042411,0.224622574
690,265,0.138984462,0.1010944
690,276,0.134247303,0.009282923
690,278,0.133433879,0.071618733
690,279,0.134692806,0.34513866
690,285,0.128901452,0.258133279
690,333,0.167591942,-0.115133931
690,336,0.171727404,0.097388163
690,345,0.180199093,0.279568352
690,383,0.132900928,0.346047852
690,385,0.131789081,-0.089958877
690,396,0.12938564,0.160262061
690,397,0.130294848,0.175042435
690,400,0.128630247,0.181175526
690,402,0.129322055,0.215196769
690,452,0.150455416,-0.108657408
690,458,0.150369492,0.048855767
690,486,0.148501033,0.044153396
690,489,0.147444141,0.416633082
690,528,0.133436584,0.220452944
690,536,0.260232402,0.189805669
690,578,0.124258179,0.196039208
690,604,0.11638287,-0.142245222
690,608,0.11540796,0.128176062
690,618,0.115671027,0.023484718
690,628,0.115914624,0.133403486
690,631,0.11643377,0.161622081
690,649,0.116796606,0.472761806
690,673,0.122909752,0.211557736
690,675,0.124466623,0.30661514
694,10,0.118158604,0.127600604
694,13,0.11887759,0.17710582
694,47,0.121594572,0.128094399
694,50,0.12419339,0.191284367
694,64,0.151953388,-0.06265173
694,82,0.145231296,-0.004675697
694,83,0.141505897,-0.022478409
694,87,0.153430744,0.24630269
694,98,0.207020174,0.318461042
694,102,0.203637103,0.229376825
694,121,0.196112115,0.051420505
694,135,0.123085984,0.04177406
694,147,0.120356907,0.108972649
694,172,0.117445632,0.183439413
694,182,0.111878434,0.120888785
694,209,0.183937609,0.212661954
694,210,0.185947721,0.498662558
694,211,0.188251352,-0.018590291
694,239,0.229745456,0.218999631
694,251,0.237132705,0.10564761
694,272,0.137938002,-0.050153429
694,287,0.134420178,-0.15767617
694,332,0.16922917,0.385777428
694,341,0.175723621,0.097023738
694,351,0.155020383,0.014024698
694,356,0.155030446,0.09612849
694,369,0.153261715,0.345163085
694,381,0.135541144,0.323146396
694,402,0.129823712,0.330136888
694,454,0.151838376,0.093204734
694,458,0.151528624,-0.121157027
694,463,0.151745137,0.09233951
694,519,0.144879763,-0.084893393
694,522,0.141297829,0.162008803
694,526,0.134627535,0.241139612
694,528,0.134651665,0.019418375
694,559,0.259528695,0.312018932
694,570,0.127142426,0.20156328
694,586,0.122940466,-0.034389637
694,592,0.118914101,0.163638781
694,604,0.117697828,0.078747898
694,632,0.117598251,0.222248649
694,635,0.117891112,-0.005571914
694,636,0.117997465,0.530914353
694,644,0.118306383,0.211562278
694,647,0.118490941,0.207971985
694,648,0.118230862,0.027799252
694,659,0.119950707,0.212157499
694,675,0.125250619,0.069074396
694,679,0.126898825,0.05656803
698,40,0.118985054,0.181610897
698,42,0.121050833,-0.135167384
698,45,0.122094626,0.091709808
698,50,0.125291433,0.238299473
698,52,0.128484321,0.030722134
698,54,0.129195995,0.188587928
698,55,0.130036034,0.13595334
698,70,0.154441396,0.186605976
698,73,0.15497762,0.048020323
698,87,0.152936382,0.207499466
698,102,0.203069236,0.316069688
698,110,0.200012739,0.349594796
698,121,0.197155565,0.154101263
698,132,0.124765197,-0.086491997
698,133,0.125233938,0.18168586
698,146,0.123220298,0.046530824
698,147,0.121726629,empty
698,166,0.119306271,-0.102714938
698,174,0.117964722,0.515503038
698,175,0.118080097,0.159258815
698,182,0.112928951,-0.140082759
698,210,0.187232735,0.140986017
698,213,0.19091482,0.278777146
698,219,0.195837244,0.116076393
698,229,0.22021127,0.129611043
698,236,0.229666492,-0.099081863
698,239,0.231118807,0.226873191
698,251,0.238835486,0.266196513
698,261,0.142620648,-0.115753306
698,265,0.141532178,0.352513342
698,266,0.1407691,0.284813982
698,272,0.138729458,0.061544226
698,276,0.137623854,-0.056223382
698,278,0.136338546,0.189767744
698,293,0.134329775,0.126767095
698,311,0.132944507,0.133736066
698,330,0.168636359,-0.146573989
698,336,0.174189904,0.352347945
698,345,0.182998806,0.175278899
698,384,0.13511731,0.14407085
698,385,0.134857716,0.251875441
698,396,0.132214317,0.338814338
698,400,0.130377549,0.377255777
698,402,0.131530522,0.248602333
698,437,0.152306543,0.29876008
698,452,0.153021691,-0.092519018
698,454,0.153306281,0.216735128
698,496,0.150462115,0.171223775
698,526,0.136687117,0.262790785
698,540,0.263031945,0.301713869
698,546,0.260856125,0.291551026
698,570,0.129080122,0.090227175
698,588,0.124917341,0.163428713
698,596,0.119705472,0.055357857
698,597,0.119513814,-0.059971564
698,599,0.119202434,0.056877291
698,632,0.118736153,-0.149573242
698,636,0.119236974,-0.053201485
698,641,0.119613037,0.233800572
698,653,0.121317212,0.02378249
698,659,0.121545051,0.194841124
702,25,0.124859169,0.098201081
702,32,0.124105343,0.308417789
702,45,0.123906072,0.077172692
702,73,0.155076077,0.185522115
702,79,0.143197475,0.090228956
702,83,0.142080293,0.121134187
702,98,0.206886991,0.079701714
702,102,0.20344298,0.18748028
702,149,0.123461266,0.193280406
702,165,0.122184175,0.153655348
702,172,0.119064708,0.00204468
702,182,0.113955296,-0.281633403
702,209,0.187650547,0.000633333
702,212,0.192475555,0.269536888
702,239,0.232454004,0.065584035
702,266,0.142355979,0.392107336
702,276,0.138905225,0.210926112
702,279,0.138413962,-0.084551198
702,285,0.133501757,0.213123866
702,293,0.134566644,0.086426724
702,324,0.166722699,0.014697139
702,327,0.166950113,0.289516646
702,356,0.157502029,0.209245804
702,377,0.157441793,0.408137888
702,381,0.138545031,0.243527834
702,413,0.177054461,0.112013073
702,437,0.153434245,0.020394322
702,447,0.154838306,0.235365399
702,448,0.154453213,0.149073195
702,463,0.154643404,0.210664987
702,486,0.152563498,0.133782671
702,489,0.1515736,0.265563308
702,496,0.151942597,-0.026707029
702,520,0.14638531,0.269594488
702,522,0.144927536,0.131843517
702,536,0.263070208,0.240699623
702,558,0.262972299,0.154115632
702,570,0.130910275,0.185198792
702,578,0.128029436,0.165324601
702,592,0.122122283,-0.136144978
702,596,0.121216908,0.215382031
702,599,0.120382963,0.029415744
702,608,0.119397137,-0.023794198
702,636,0.120680546,0.065747442
702,641,0.121257112,0.059061512
702,645,0.121002767,0.123701183
702,650,0.122374668,-0.27210511
702,673,0.126905015,-0.067495293
702,679,0.129638532,0.023211897
706,11,0.122373389,0.196346553
706,25,0.125947357,0.150231661
706,32,0.12576556,0.138042305
706,42,0.123275463,0.205704933
706,45,0.125144256,-0.12278064
706,61,0.151447826,0.109078847
706,91,0.208874649,0.200760296
706,102,0.20452745,0.050684293
706,109,0.201433083,0.465408976
706,111,0.201346877,-0.009960977
706,133,0.127975783,0.255845255
706,134,0.127967886,0.237387917
706,135,0.126768273,0.144778667
706,138,0.126720993,0.285111486
706,165,0.123517765,-0.019205378
706,172,0.120411742,0.350983815
706,174,0.120577046,-0.124281163
706,175,0.120608578,0.049263178
706,219,0.19940794,0.235513423
706,229,0.223064414,0.338428486
706,239,0.234157707,0.178873467
706,276,0.139780734,0.063611745
706,285,0.134144902,0.1798484
706,293,0.135952234,0.173880944
706,301,0.137709269,0.128398262
706,312,0.136322404,0.21567979
706,322,0.167073574,0.299948206
706,336,0.177506804,0.001873514
706,345,0.186255002,-0.010580227
706,351,0.158700077,-0.042462164
706,384,0.138141357,0.245114037
706,385,0.137755688,0.009051686
706,386,0.136419482,-0.060826774
706,400,0.134154263,0.193022148
706,447,0.156176812,0.136729469
706,452,0.156184739,-0.000286345
706,458,0.155763995,-0.05578494
706,508,0.136819804,0.137328055
706,519,0.148592871,0.070072906
706,558,0.26397208,0.230458683
706,559,0.263088551,0.152269454
706,570,0.132462884,0.155005728
706,599,0.121712815,0.236344306
706,607,0.120859185,0.100023363
706,632,0.121670979,-0.108114406
706,641,0.123053852,0.095046097
706,653,0.12383769,0.438147972
706,679,0.131008065,0.163912785
710,8,0.12251595,0.197478952
710,13,0.124157865,0.041459669
710,25,0.127320062,0.011369404
710,64,0.154804189,0.423324942
710,66,0.153341623,-0.169030942
710,70,0.156351078,0.375570946
710,73,0.156505634,0.171724117
710,83,0.143993864,0.095061838
710,98,0.208100371,0.094060936
710,102,0.205638002,0.064943405
710,110,0.202869069,0.276247118
710,136,0.12901159,0.182012037
710,138,0.12796512,0.467126837
710,146,0.127008227,0.330190613
710,147,0.125143933,0.39460398
710,149,0.126019635,0.146863595
710,164,0.123708664,-0.112275882
710,197,0.129931001,0.184284275
710,200,0.184445039,0.228461375
710,209,0.190752518,0.085487512
710,212,0.196430249,0.253525486
710,219,0.200910701,0.128505479
710,261,0.147528744,0.134294123
710,276,0.141367093,0.004013338
710,285,0.135874263,-0.042106594
710,287,0.140012406,0.262405682
710,293,0.137073159,-0.012102914
710,322,0.169402906,0.168148047
710,327,0.169897836,0.001032643
710,333,0.176035467,0.119848475
710,336,0.179525941,0.178545225
710,337,0.18063758,0.18104551
710,341,0.182707276,0.296541557
710,399,0.133857663,0.285086368
710,448,0.158692287,0.263699854
710,478,0.157030035,0.233013695
710,495,0.155073397,-0.067528159
710,508,0.138203316,0.376306851
710,519,0.14960777,0.083010702
710,536,0.266582308,0.434051239
710,546,0.265229824,0.166041753
710,559,0.265038204,0.355435932
710,578,0.131298423,0.080345135
710,592,0.125509115,0.204630982
710,608,0.12261165,0.15361004
710,636,0.123612059,0.15811959
710,644,0.123806156,-0.052793143
710,659,0.125806054,-0.013875769
710,673,0.129817536,0.127923399
714,10,0.124269878,0.143278485
714,13,0.125524091,-0.051224981
714,25,0.128911824,0.363307265
714,40,0.12516229,0.089456547
714,47,0.127448206,-0.129523299
714,52,0.135297813,0.328393388
714,64,0.155993959,0.129891186
714,66,0.154637036,-0.274123942
714,73,0.157538131,0.21856666
714,82,0.14841171,0.358387052
714,83,0.145058301,0.079948077
714,91,0.210715847,0.3062316
714,110,0.20517985,0.155351893
714,111,0.204728776,0.09269564
714,132,0.130111035,0.110570904
714,134,0.130884887,0.098983021
714,165,0.12571283,0.098631246
714,172,0.123349372,0.345128221
714,197,0.131252393,-0.042829082
714,211,0.196923606,0.360448844
714,251,0.246122054,0.038153537
714,261,0.148987481,0.070177163
714,276,0.143081644,0.206187704
714,285,0.136350268,0.145369072
714,312,0.139268373,0.194325327
714,324,0.171785931,0.127573988
714,332,0.177102402,0.105566466
714,345,0.19057203,0.083874445
714,369,0.160737155,0.19369769
714,383,0.141928925,0.067032231
714,384,0.140985967,0.23601181
714,385,0.140681204,0.119216956
714,386,0.139340528,0.306736727
714,400,0.134843837,0.239955678
714,402,0.137325043,0.208118278
714,413,0.178141679,0.03099794
714,437,0.157843371,0.2160501
714,445,0.159285554,0.081488531
714,478,0.158860752,0.247069291
714,495,0.15747016,-0.001195105
714,520,0.148862679,0.310600761
714,526,0.142136097,0.026127994
714,540,0.269235199,0.200341422
714,578,0.132725401,-0.128544854
714,596,0.125041781,0.292439058
714,597,0.125682846,0.284278519
714,599,0.125269163,0.243309042
714,607,0.124144929,0.197944391
714,608,0.12412116,0.245791077
714,628,0.123656786,-0.074729475
714,632,0.123683994,0.026246034
714,636,0.125469565,0.254762901
714,641,0.125833656,0.100059728
714,645,0.125721503,0.154016288
714,650,0.126388698,empty
714,653,0.126304983,0.492715871
718,7,0.125746764,0.353393167
718,13,0.126987342,0.109565016
718,20,0.128376415,0.251565387
718,31,0.130996673,0.051691787
718,40,0.126425118,0.176793825
718,56,0.138558379,-0.279783152
718,57,0.139353997,0.034957394
718,61,0.154159269,0.343096165
718,64,0.156013462,0.126221656
718,77,0.148769717,0.209373781
718,79,0.147039812,0.247572942
718,83,0.146053342,0.03780003
718,91,0.21174808,0.384896861
718,136,0.131584122,-0.041165599
718,138,0.131011283,0.244670368
718,149,0.128768355,0.000430598
718,175,0.125045326,-0.040066739
718,200,0.187734748,-0.059042333
718,212,0.199604313,0.367068095
718,213,0.200583783,0.105377213
718,236,0.238500202,0.300896844
718,257,0.249281012,0.287628543
718,276,0.144487927,0.139182748
718,279,0.143648729,0.166695156
718,287,0.142313454,0.258014723
718,303,0.140994514,0.330672845
718,311,0.140092948,0.081421023
718,324,0.17276909,0.310142112
718,333,0.180013111,0.083412213
718,336,0.182857004,0.092667227
718,341,0.186368614,0.246855688
718,385,0.142331014,-0.108544588
718,386,0.140931985,0.160516904
718,454,0.161291835,0.397486414
718,458,0.161693323,0.302888896
718,494,0.158242724,0.214628766
718,495,0.159074108,0.243690575
718,496,0.159019528,0.048450549
718,536,0.271251803,0.256398631
718,546,0.269583451,empty
718,558,0.268734623,0.301485732
718,578,0.13430579,-0.099308045
718,596,0.126846389,0.190227575
718,597,0.127602762,0.178234691
718,604,0.126011371,0.375672003
718,628,0.125384626,-0.027775351
718,631,0.125509041,0.150006942
718,635,0.125886377,0.133362353
718,648,0.126288033,0.04185853
718,649,0.126263587,0.126342465
718,650,0.12783986,-0.076523965
718,673,0.132826253,0.089482761
722,42,0.12757987,0.215187485
722,45,0.130634183,0.441845257
722,47,0.130952492,0.049522271
722,54,0.138258015,0.344793612
722,70,0.156284733,0.137149191
722,73,0.156415594,0.063630257
722,91,0.211375384,0.155173241
722,122,0.209513391,0.096120386
722,132,0.1331423,0.190904387
722,134,0.133568473,0.410003111
722,135,0.132727793,0.225498083
722,136,0.133010401,0.272423413
722,147,0.129958654,0.118559291
722,174,0.12616246,-0.024361014
722,197,0.132957583,0.098037452
722,209,0.196358062,-0.003309432
722,211,0.20011296,0.127988592
722,214,0.202586467,0.277029324
722,219,0.205751333,0.346132626
722,236,0.240008201,0.278732735
722,248,0.249809513,0.420609811
722,261,0.151437199,0.109986605
722,265,0.150497326,0.323619639
722,266,0.149171016,0.083457509
722,278,0.14578995,-0.055471774
722,279,0.144796598,0.147980656
722,301,0.143678622,-0.170572125
722,303,0.142412422,0.212667635
722,312,0.142366773,0.280543113
722,324,0.174477079,0.219118145
722,333,0.181477034,0.229606997
722,368,0.164476782,-0.090502484
722,369,0.16372796,0.351296093
722,381,0.145539608,0.072294898
722,384,0.144038163,-0.074984753
722,396,0.140952596,0.178481835
722,399,0.13656805,0.097820787
722,402,0.14074691,0.040348009
722,452,0.162899209,-0.084189041
722,458,0.163447425,0.118204716
722,463,0.163107597,0.168807093
722,495,0.161175956,0.093186933
722,520,0.1516106,0.067830527
722,526,0.144621027,-0.029078545
722,536,0.273121323,0.503294142
722,546,0.270952362,0.625983196
722,558,0.271271064,0.542858636
722,570,0.137914509,0.222497127
722,588,0.133650905,0.22338174
722,592,0.129325612,0.048751054
722,596,0.128721349,0.212418646
722,599,0.127998854,0.060841474
722,604,0.127258299,0.108604304
722,618,0.126549546,0.334603673
722,649,0.127518753,0.091747915
722,661,0.129927643,0.171226751
722,676,0.135585252,0.097740235
726,10,0.129063077,-0.163534816
726,11,0.128989098,0.025453336
726,32,0.132696966,0.30424885
726,45,0.132029208,0.374950829
726,50,0.135338568,0.119340086
726,52,0.138827491,0.032066818
726,53,0.139028572,0.136869337
726,54,0.139497903,0.238334325
726,55,0.140124934,0.385581532
726,56,0.141821128,0.05814839
726,70,0.154845241,0.195302861
726,79,0.146774516,0.177481611
726,87,0.15268194,0.07504419
726,91,0.209846383,0.271108292
726,119,0.209236857,0.269950697
726,121,0.209940771,0.112908661
726,122,0.210000249,0.376231152
726,133,0.134700152,-0.013275887
726,134,0.134387473,-0.180910057
726,146,0.132352547,0.145582458
726,147,0.130832946,0.277248325
726,164,0.128984848,0.193717875
726,174,0.127150029,0.028230022
726,197,0.133325015,-0.001046096
726,213,0.203242846,0.309817078
726,236,0.24183752,0.60988185
726,239,0.244549367,0.477736216
726,261,0.151944747,-0.104497376
726,272,0.149080562,0.173257259
726,290,0.145560568,0.101553648
726,356,0.168241898,0.37543565
726,362,0.166313774,-0.063702627
726,369,0.165509787,0.14616992
726,377,0.167058603,0.209314046
726,383,0.145489339,-0.068188016
726,386,0.143670421,-0.14610557
726,425,0.162231167,0.264661112
726,437,0.162286169,0.313546338
726,454,0.165300791,0.318470262
726,463,0.164778042,0.051794337
726,519,0.154678142,0.246114559
726,528,0.144367055,0.304616857
726,546,0.272390224,0.380004957
726,578,0.13648133,0.143746003
726,588,0.13467328,0.137397179
726,608,0.127984042,0.232676417
726,636,0.128624506,0.271577415
726,641,0.129924396,0.132964658
726,649,0.128788187,-0.098717953
726,653,0.13064836,0.244110748
726,661,0.131492781,0.111089481
726,673,0.135510444,0.111011881
730,10,0.130096644,0.257311807
730,11,0.129868783,0.188573629
730,13,0.130533722,0.259246984
730,42,0.130494659,0.158700094
730,52,0.139955138,0.009038658
730,53,0.141082465,0.306763318
730,54,0.141100495,0.541281993
730,64,0.154708324,-0.056152009
730,66,0.153289464,0.084838205
730,102,0.207482462,0.021341106
730,133,0.135912987,0.161798747
730,134,0.135111712,0.293106251
730,136,0.135259131,0.322194929
730,138,0.134854999,0.117137884
730,146,0.132967282,0.017461204
730,165,0.130976016,0.510302711
730,166,0.129175563,0.233556779
730,172,0.127815878,-0.010451051
730,200,0.192769028,0.544143134
730,210,0.201343054,0.169031287
730,213,0.205291071,0.21722126
730,239,0.247003621,0.174625718
730,279,0.148061444,0.126221977
730,301,0.146002129,0.195010733
730,311,0.144425104,0.250703278
730,324,0.178992576,0.361112043
730,327,0.179595551,0.103014284
730,336,0.187457619,0.066044569
730,368,0.168069618,0.286763748
730,383,0.147066571,0.2196595
730,413,0.172427512,0.042629799
730,425,0.162380004,0.037851758
730,437,0.163608545,0.050057452
730,454,0.166561026,0.49694387
730,463,0.166371937,0.164957605
730,495,0.163871239,0.206117105
730,508,0.144719755,0.14521459
730,520,0.152132084,0.162551441
730,546,0.273514695,0.298913249
730,559,0.274367449,0.310479682
730,596,0.13100701,0.303393574
730,632,0.130097064,0.154679051
730,636,0.130106336,0.143829861
730,641,0.131179349,0.093413888
730,647,0.131331093,5.86e-05
730,648,0.130602605,0.21401129
730,667,0.134336045,0.211472452
730,679,0.140030975,0.070182203
734,7,0.130409176,0.200847963
734,13,0.131964491,0.178874004
734,32,0.135584376,0.23472537
734,40,0.130500075,0.005266286
734,52,0.141570669,0.028996188
734,53,0.142191971,-0.266301957
734,55,0.142926802,0.186228575
734,70,0.154192037,0.454998951
734,83,0.146441429,0.268245419
734,102,0.207721833,0.28607579
734,111,0.208305312,0.089255081
734,122,0.210599829,0.156396879
734,132,0.135867324,0.058287263
734,133,0.137008367,0.096334214
734,134,0.136703938,0.114567268
734,136,0.136493522,0.520716561
734,149,0.133068586,0.07052572
734,164,0.131713081,0.483800446
734,165,0.131612288,0.517508081
734,174,0.129226093,0.180159575
734,219,0.212494117,0.324677957
734,239,0.249808272,0.245862253
734,260,0.162618342,-0.074689743
734,266,0.152492501,0.012295032
734,272,0.151316324,-0.12558136
734,279,0.149516292,0.453777955
734,332,0.185908489,0.222536996
734,336,0.188630938,-0.00424048
734,384,0.147353256,0.20470224
734,400,0.141657428,0.242789228
734,413,0.171815364,0.065804993
734,437,0.165087332,0.386601751
734,447,0.167678717,0.121814093
734,448,0.168279958,0.270866256
734,478,0.167332,0.229746287
734,528,0.147050801,0.184482082
734,540,0.278343599,0.081624824
734,546,0.275889011,0.524080793
734,559,0.275456844,0.253835978
734,570,0.14218701,0.054440407
734,599,0.131342025,0.227491539
734,607,0.130941015,-0.064167297
734,632,0.131332474,0.024390393
734,636,0.13181021,0.375102277
734,644,0.132060637,0.001273083
734,661,0.134601141,0.167855684
734,667,0.13545217,0.280901504
734,675,0.139606923,0.553908
738,3,0.131959163,0.412571643
738,10,0.132431338,0.092131359
738,42,0.133700303,0.120667284
738,47,0.138795274,0.222788535
738,55,0.144503422,-0.001382175
738,71,0.152216397,0.243359951
738,77,0.149848779,-0.096018904
738,98,0.208204639,0.360437132
738,119,0.211449667,0.148586419
738,122,0.212014497,0.189566509
738,135,0.137413722,0.170532555
738,136,0.137302998,-0.047087401
738,137,0.13776208,0.027434168
738,146,0.135388896,0.196922029
738,149,0.134348905,0.300443778
738,166,0.13138277,-0.014650137
738,200,0.196735197,0.062004103
738,210,0.205499696,0.162850933
738,211,0.2076513,0.058743098
738,214,0.208841915,-0.005121347
738,216,0.211824503,0.411258958
738,236,0.247950712,0.320105726
738,240,0.250142401,0.378692317
738,248,0.257340232,0.289920162
738,257,0.25946261,0.318164999
738,261,0.156562848,0.048326955
738,266,0.154183698,0.238994345
738,272,0.152281388,-0.146581302
738,287,0.148510387,0.056028118
738,301,0.149106763,0.453954012
738,311,0.146767687,0.126650782
738,312,0.14743794,0.257624488
738,322,0.180558218,0.329017738
738,327,0.181825126,0.117436197
738,333,0.187959904,0.447067548
738,336,0.190335826,0.067297928
738,341,0.195052521,0.209695112
738,368,0.170773495,-0.073417532
738,369,0.170410569,0.411257685
738,381,0.1507581,0.223575902
738,385,0.148629422,0.01905453
738,397,0.146333357,0.177434758
738,402,0.145504362,0.066648568
738,445,0.168890101,0.358303922
738,458,0.169207313,0.171520488
738,463,0.169093646,0.211700644
738,486,0.167297899,0.203540819
738,508,0.147683241,-0.044318346
738,578,0.140875291,-0.012996562
738,592,0.134644587,-0.087232914
738,597,0.133845291,0.174989043
738,607,0.132649455,0.153362926
738,628,0.131881758,0.015854492
738,644,0.133346825,0.314821184
738,645,0.13377372,-0.211064054
738,650,0.13476682,0.146378103
742,3,0.13333505,0.083144891
742,11,0.133843595,-0.033661096
742,31,0.138559708,-0.018400535
742,44,0.142626075,0.105863544
742,47,0.14171976,-0.050698091
742,53,0.14457336,-0.150220893
742,55,0.146608908,0.368161024
742,61,0.159733964,0.397472823
742,70,0.155183563,0.278408351
742,71,0.153366386,0.099042295
742,82,0.149644562,0.295895801
742,83,0.148355564,0.192350719
742,87,0.15053251,0.135697007
742,110,0.210323135,0.191669939
742,119,0.212778579,0.225366859
742,121,0.212425718,0.543120962
742,122,0.213119608,-0.013682632
742,132,0.139021183,0.303167536
742,137,0.138698491,-0.012320936
742,138,0.138008505,-0.085496103
742,146,0.136542906,0.055624416
742,164,0.134453547,0.198406569
742,166,0.132840557,-0.193364294
742,174,0.132012149,-0.082103134
742,210,0.208139689,-0.00867746
742,212,0.210412887,0.236413939
742,213,0.211607663,0.030095909
742,219,0.215256688,0.295237712
742,229,0.240794908,0.475360301
742,265,0.156175714,0.203154641
742,276,0.152445155,0.62638598
742,278,0.151629659,-0.062538083
742,285,0.145443544,0.184918132
742,293,0.146660847,0.185546748
742,312,0.148841263,0.13579737
742,324,0.183366731,0.086363398
742,330,0.18775065,0.158332391
742,332,0.188974357,0.178093068
742,333,0.189763242,0.180887331
742,337,0.194309526,-0.131910645
742,351,0.174221582,0.376797045
742,368,0.171908986,-0.022397891
742,377,0.173870918,-0.001194923
742,384,0.150182282,-0.055543352
742,386,0.148413542,0.257924217
742,437,0.16762033,0.208864998
742,448,0.171808882,0.215469091
742,489,0.169121307,0.218957837
742,495,0.169374184,0.226698207
742,519,0.158226664,0.146282892
742,520,0.156942742,0.149768096
742,559,0.279328982,0.158125602
742,570,0.145455059,-0.146431501
742,592,0.136203587,0.541038555
742,599,0.134642097,0.035999091
742,607,0.134155908,0.053712695
742,608,0.133648682,-0.054834596
742,628,0.1330826,0.176120554
742,653,0.135927936,0.265312139
742,661,0.137456111,0.182827259
742,675,0.142008127,0.108081763
742,676,0.142196912,0.245950332
742,679,0.143523161,0.248529367
746,32,0.139389387,0.026287887
746,40,0.134868885,0.135279193
746,45,0.138832165,0.131736653
746,47,0.145047932,0.037013941
746,54,0.147401961,0.262952246
746,61,0.161036577,0.129939349
746,70,0.156838726,0.011537361
746,78,0.153879551,0.141685839
746,102,0.210936108,0.382897981
746,110,0.211980788,0.163945358
746,119,0.214567163,0.161735689
746,133,0.140321363,-0.081146483
746,135,0.140242083,0.231641987
746,136,0.139922155,0.284988122
746,147,0.136611253,0.270928671
746,149,0.137430841,-0.06896076
746,166,0.134048221,0.115020312
746,172,0.133217929,0.141698845
746,175,0.133123005,0.349687542
746,182,0.127476288,0.030331055
746,212,0.212777041,0.075769608
746,216,0.21545133,0.198314803
746,261,0.15913587,0.430866276
746,279,0.153094156,0.237852145
746,287,0.151403925,0.06354367
746,311,0.149568223,0.091764925
746,322,0.182950365,0.064650722
746,324,0.185348173,0.115176376
746,327,0.185148957,0.389028626
746,345,0.204267162,-0.12295735
746,356,0.176115587,0.036273511
746,362,0.175618209,0.307811012
746,369,0.173816194,-0.081230839
746,377,0.174989413,0.316087643
746,381,0.152819262,-0.106013913
746,386,0.149759313,0.005270051
746,397,0.149208452,-0.111970175
746,399,0.145177141,0.248806198
746,413,0.174665616,0.050109773
746,437,0.169237174,-0.069115057
746,447,0.171889971,0.265733288
746,486,0.170723326,0.027173989
746,494,0.169787675,0.213180424
746,496,0.17083947,-0.10321098
746,546,0.282968734,0.130624755
746,558,0.282688567,0.407081742
746,588,0.141613199,0.187987563
746,607,0.135425374,-0.020425324
746,618,0.134994261,0.100653793
746,628,0.134537083,0.261184892
746,650,0.137053365,0.417116469
746,659,0.137701096,0.180491978
746,679,0.145466048,0.282036069
750,10,0.136489348,0.160112989
750,13,0.137173791,0.243605429
750,25,0.141072396,0.126646433
750,31,0.141411772,0.126656973
750,42,0.14053499,0.089632387
750,55,0.149173201,-0.102000579
750,73,0.157265195,-0.015409565
750,77,0.154082653,0.07160678
750,87,0.1527778,0.291130216
750,102,0.212639268,0.313164289
750,121,0.216840486,0.338229593
750,133,0.141648856,0.109965181
750,134,0.141651021,-0.281751781
750,135,0.14124823,0.311319456
750,146,0.139034616,0.011236146
750,147,0.137922158,-0.097432937
750,172,0.134784471,0.150783118
750,210,0.210775433,-0.061563694
750,216,0.216876236,-0.271267385
750,239,0.255372102,0.239770534
750,240,0.257005275,0.248920698
750,251,0.263498328,0.278044281
750,260,0.170015272,0.281572115
750,265,0.158820463,-0.112795939
750,293,0.149805141,-0.009494986
750,301,0.153058521,-0.100417643
750,311,0.150511953,0.226745072
750,312,0.151075101,0.011017475
750,322,0.18438064,0.113869376
750,333,0.193359286,0.242095997
750,345,0.206247592,0.275980863
750,356,0.177662175,-0.037705432
750,368,0.175615732,0.00555058
750,369,0.174844007,0.009735084
750,377,0.175953338,0.102905549
750,383,0.152860579,0.04309505
750,396,0.149494296,0.200177994
750,397,0.150019632,-0.008875671
750,437,0.170638897,-0.010058555
750,447,0.173098461,0.41573625
750,478,0.172728733,-0.086723896
750,489,0.171535245,-0.069317405
750,508,0.15154253,0.199121258
750,522,0.15798363,0.143202579
750,536,0.286502178,0.546727488
750,586,0.143264892,0.010804666
750,588,0.142742196,0.379905028
750,618,0.13572716,0.13192957
750,636,0.136497649,0.148026771
750,644,0.137484509,0.150296172
750,645,0.13767915,-0.022528393
750,673,0.143493375,0.109675953
750,676,0.145409953,0.082143256
750,679,0.146738409,0.244660678
754,11,0.137512678,0.257060661
754,20,0.1394706,0.119732769
754,40,0.137896051,0.065506621
754,42,0.14159094,0.245647512
754,54,0.149678494,0.015953514
754,55,0.149987105,0.133808114
754,70,0.159139276,0.269487045
754,87,0.153765819,0.538036662
754,91,0.205724579,0.317231843
754,102,0.214441505,0.346885549
754,133,0.143198847,0.250485577
754,138,0.14172987,0.163432388
754,175,0.136072523,0.126530899
754,209,0.210777063,0.171164056
754,211,0.2144725,0.356711262
754,212,0.215040004,0.167186989
754,216,0.2183434,0.384758058
754,219,0.220467349,-0.042448307
754,260,0.170854751,0.353393156
754,265,0.159590069,-0.028176376
754,279,0.154883615,0.141751927
754,293,0.150217755,0.12910309
754,312,0.15227558,0.270084727
754,330,0.192223071,0.1518314
754,332,0.192879473,0.407239362
754,356,0.179018956,0.076308917
754,369,0.176133558,0.312953839
754,381,0.155920747,0.362472049
754,396,0.150446168,-0.092133742
754,399,0.14611183,0.076354406
754,400,0.149540773,0.064694927
754,437,0.172033878,-0.249461606
754,445,0.17502531,-0.133510112
754,489,0.172611036,-0.056934302
754,495,0.173001943,0.161765775
754,519,0.162103913,0.311362148
754,536,0.288518502,0.336038946
754,586,0.144190399,-0.206336988
754,588,0.143838841,0.577522286
754,592,0.139330116,0.207551585
754,618,0.13696749,-0.11746201
754,645,0.138896256,0.11430562
754,659,0.140404157,0.349032012
754,667,0.142229218,0.162133773
754,676,0.147005708,0.011896223
754,679,0.14735566,0.177343611
758,11,0.138388702,0.05663563
758,13,0.139331727,0.562622942
758,32,0.143332311,0.142781895
758,40,0.13857878,-0.130886028
758,45,0.142738981,0.214441753
758,53,0.149932521,0.150225329
758,70,0.158223062,0.279080004
758,77,0.154431035,0.146994075
758,83,0.151991241,0.149603189
758,87,0.152728541,0.058662454
758,91,0.206537635,0.322799034
758,102,0.215378591,0.505054584
758,110,0.216107372,0.242412336
758,111,0.216276104,0.244919763
758,132,0.1433442,-0.132541024
758,135,0.143091504,0.287350973
758,138,0.142463021,0.166669191
758,147,0.139763113,0.1424783
758,165,0.139751377,-0.116475681
758,166,0.137485738,0.21897213
758,172,0.136914842,0.312992612
758,200,0.20442849,0.246754203
758,209,0.211769701,0.234267412
758,212,0.216883474,0.442069689
758,213,0.217465088,0.255136091
758,216,0.219706106,0.214103036
758,239,0.259640117,0.58130227
758,248,0.266364403,0.153473721
758,260,0.171318065,0.267200032
758,266,0.160392351,0.138326014
758,272,0.158071323,0.015519761
758,285,0.150150038,0.618240352
758,322,0.186566298,0.16274405
758,327,0.189506634,0.12694451
758,332,0.194315469,0.233518149
758,333,0.196056406,0.213241698
758,345,0.210179554,0.189491786
758,356,0.180241387,-0.054429834
758,381,0.157168478,0.163483031
758,383,0.154696118,-0.01328582
758,385,0.154700298,0.128680804
758,396,0.150929161,-0.053274058
758,397,0.151414603,0.242058192
758,402,0.152086751,0.142107429
758,448,0.176715241,-0.043011227
758,454,0.177039353,0.420864537
758,463,0.177242226,0.27634158
758,486,0.173869535,0.395626358
758,494,0.173960167,0.249246133
758,578,0.146572298,0.237042782
758,588,0.144875825,0.113425413
758,607,0.138458624,-0.149926852
758,618,0.138038252,-0.050845992
758,628,0.138138208,0.185802585
758,632,0.138623521,0.13359856
758,645,0.140211175,0.005098615
758,648,0.139766612,0.03126998
758,653,0.14049585,0.12501428
758,675,0.146879812,-0.062751486
762,10,0.139202672,0.133785749
762,11,0.139502378,empty
762,13,0.140124746,-0.104330015
762,40,0.139396391,0.141952533
762,42,0.143260569,0.177436028
762,45,0.143457103,0.089727151
762,47,0.148191585,0.099788647
762,50,0.149208388,0.188721171
762,52,0.151129631,0.196586719
762,54,0.151312453,-0.203188263
762,73,0.15569682,0.139235362
762,87,0.150865141,0.289986353
762,110,0.215410819,0.079226621
762,119,0.218604515,0.435931238
762,133,0.144610723,0.085432788
762,134,0.145057707,0.001553943
762,135,0.143644949,-0.119776168
762,137,0.144080465,0.158453885
762,146,0.142175822,0.267509809
762,164,0.139166414,0.302788458
762,166,0.138248127,0.130857971
762,174,0.137325135,0.256849477
762,175,0.138147089,-0.034235594
762,210,0.213875991,0.163664983
762,212,0.218137419,0.12648689
762,236,0.258581302,0.315618414
762,239,0.260635332,0.138234911
762,251,0.267831142,0.273562759
762,257,0.268887804,0.389279811
762,272,0.158486325,-0.036856553
762,276,0.157142222,-0.320823556
762,311,0.154210937,0.42515059
762,322,0.187837293,0.319072594
762,333,0.196551023,0.029776204
762,341,0.204667957,0.258604123
762,356,0.181093011,0.123865932
762,368,0.178275027,0.050611984
762,381,0.157656176,0.104323581
762,397,0.152569448,0.170849732
762,400,0.152684829,-0.189296546
762,413,0.174037768,0.131363941
762,425,0.17262973,0.084050234
762,445,0.177413758,0.1484821
762,447,0.177592816,0.136331595
762,454,0.177792885,0.380001486
762,486,0.175144425,-0.116984976
762,495,0.17478576,0.125158164
762,520,0.165493895,0.015552801
762,536,0.29222913,0.397180507
762,558,0.287612199,0.497444645
762,559,0.288582056,0.182988139
762,608,0.139550205,-0.017580084
762,628,0.139465617,0.400648773
762,635,0.139964615,0.179877589
762,636,0.139732612,0.234369171
762,648,0.140485059,0.140379196
762,650,0.14094757,0.073503515
762,661,0.142573205,-0.033205457
762,676,0.149231946,0.145175002
766,13,0.14062653,0.185356842
766,25,0.144877251,0.021680813
766,44,0.149091137,0.258030349
766,50,0.150511141,0.097031564
766,52,0.151266222,0.218160831
766,54,0.151816101,0.14989745
766,64,0.158061567,0.051286774
766,77,0.151435991,0.079554597
766,79,0.150179974,0.335714712
766,87,0.149015062,0.360673933
766,102,0.212476224,0.314209226
766,110,0.214526642,0.316076839
766,121,0.217481146,0.140257566
766,132,0.144474006,empty
766,136,0.145140103,-0.044873357
766,149,0.141975164,0.072478626
766,165,0.140849814,-0.145200293
766,174,0.137756173,-0.095690238
766,182,0.13308308,0.083877501
766,197,0.141735048,-0.226999839
766,200,0.205790243,0.290551641
766,210,0.214746112,0.238822051
766,251,0.268284857,0.212966943
766,257,0.270458828,0.298591287
766,261,0.16296547,0.20995955
766,266,0.162063013,0.377625436
766,279,0.157804487,0.040510326
766,287,0.156286995,0.294278842
766,293,0.154290393,0.055868841
766,324,0.190884063,0.243923356
766,332,0.196540889,0.222042267
766,336,0.20067659,0.489457617
766,337,0.201923259,0.163300846
766,356,0.181700026,0.145927136
766,381,0.158093048,0.04557384
766,385,0.156078693,0.4203217
766,397,0.153738638,0.507406925
766,400,0.152566101,0.043593074
766,402,0.153570418,0.313878979
766,454,0.178142058,0.214649008
766,486,0.175294565,0.369668911
766,489,0.175375696,0.042441926
766,496,0.175891017,0.229948234
766,508,0.154824486,0.257171783
766,522,0.164653453,0.235578972
766,528,0.156523879,0.306294009
766,540,0.292738798,-0.102387163
766,558,0.28872632,0.411319838
766,559,0.289614713,0.205106745
766,570,0.149928062,0.185580357
766,588,0.145898839,0.059332948
766,592,0.141964959,0.125771795
766,597,0.140909015,0.266270473
766,599,0.140755924,0.237378297
766,607,0.139982847,0.051842419
766,628,0.139819255,0.023144434
766,636,0.140351759,0.157732783
766,644,0.140963568,0.13031754
766,645,0.141193076,0.104105963
766,661,0.143059486,0.070926263
766,676,0.149277546,-0.065233686
770,3,0.139638372,0.212776538
770,7,0.13963738,0.179087577
770,10,0.140808686,-0.038109843
770,11,0.140846538,0.090907919
770,13,0.141504601,empty
770,20,0.143030633,0.203333424
770,40,0.141423776,0.289423688
770,50,0.151059137,-0.027588354
770,52,0.152036805,0.084671605
770,57,0.155093003,0.100791122
770,64,0.157884238,0.075311265
770,73,0.153995125,0.215002621
770,77,0.150972736,0.095232555
770,79,0.14998487,-0.015698655
770,109,0.214200701,0.289194258
770,119,0.215036976,0.004531605
770,133,0.146277603,0.056094206
770,134,0.146024702,0.289015596
770,135,0.145396292,0.180171338
770,149,0.142592734,empty
770,164,0.140753593,0.11590548
770,182,0.133807659,0.094766558
770,209,0.214019975,0.210011397
770,210,0.215637646,0.25642516
770,211,0.218588054,0.168482236
770,213,0.219249972,0.241352533
770,239,0.261590963,0.174371966
770,240,0.262644773,0.349061312
770,251,0.268597788,0.326214345
770,257,0.271819058,0.23738396
770,272,0.15969073,-0.118418736
770,290,0.158418622,0.103797022
770,293,0.156223539,-0.055618794
770,301,0.157798934,0.292013016
770,311,0.156304044,0.281724058
770,327,0.192449355,0.243359897
770,332,0.198052581,0.217834162
770,356,0.182520111,0.27777006
770,370,0.179622479,0.098064505
770,402,0.154032428,0.166599793
770,458,0.17933515,0.357575871
770,495,0.176636947,0.222405567
770,558,0.290053693,0.35016928
770,607,0.1405664,0.1434979
770,645,0.141882158,0.027944043
770,648,0.142341686,0.006636206
770,659,0.142997923,0.164589037
770,675,0.149072885,0.120932944
774,11,0.14157408,0.104810329
774,32,0.146360058,-0.005763235
774,52,0.152817617,0.230955772
774,53,0.15369853,0.100838483
774,56,0.156030718,0.027127542
774,57,0.155939834,0.625929754
774,73,0.154542669,0.179420139
774,79,0.150732707,0.287239203
774,132,0.145689808,-0.128059329
774,134,0.146587878,0.128326834
774,135,0.145959346,0.123707279
774,137,0.14546393,0.201446571
774,138,0.145845932,-0.073204821
774,149,0.143183863,0.171005834
774,164,0.141540943,-0.029071125
774,165,0.142417714,0.265488061
774,166,0.140577273,0.059892041
774,182,0.13453248,0.46125209
774,200,0.207473352,0.084304961
774,211,0.220181172,0.403962058
774,212,0.220841948,-0.024296981
774,216,0.223809007,0.101108976
774,229,0.251180636,0.330752028
774,236,0.261666407,0.184085766
774,239,0.262454595,0.363527595
774,248,0.271048861,0.064481169
774,251,0.26949582,0.446865611
774,261,0.16485082,-0.012452104
774,276,0.159875527,0.478235188
774,287,0.157663764,0.053688123
774,290,0.159421247,0.229477182
774,301,0.158327453,0.231576216
774,311,0.156323195,0.159359524
774,312,0.157039233,0.210502174
774,322,0.190858072,0.377124284
774,327,0.193625792,0.136196372
774,330,0.197150387,0.325648527
774,332,0.199692439,0.226839647
774,337,0.203668537,0.031494566
774,345,0.214278792,0.329225276
774,381,0.160001676,0.224881248
774,385,0.157428016,0.019456918
774,396,0.155125934,empty
774,402,0.154717802,0.152466369
774,448,0.180894355,0.217671294
774,454,0.180252672,0.044024867
774,478,0.178502143,-0.196219059
774,489,0.177903562,0.553492234
774,494,0.177519971,0.035859762
774,495,0.17842939,0.154641082
774,508,0.156301254,0.2180631
774,528,0.158033193,-0.098452643
774,558,0.291981638,0.475770995
774,570,0.151850907,0.113058244
774,578,0.149608821,0.05973402
774,588,0.14795071,0.117107407
774,596,0.142798044,0.426330273
774,599,0.14170222,-0.021619656
774,604,0.141956128,0.201663724
774,608,0.141455216,-0.011352502
774,628,0.141494262,0.015689495
774,645,0.142755392,0.181401754
774,648,0.142669531,0.249876147
774,649,0.142007438,-0.013291017
774,653,0.143728467,-0.068107597
778,11,0.142492348,0.080562308
778,13,0.14306739,-0.077922727
778,20,0.144782584,0.244133007
778,47,0.150339623,0.153043669
778,57,0.156708321,0.089245187
778,64,0.158820523,0.009731171
778,77,0.152279325,0.506373619
778,78,0.152812328,0.219276269
778,82,0.150963227,0.034085344
778,109,0.212474331,0.322918456
778,138,0.146643205,0.183219804
778,147,0.143192224,0.085468488
778,165,0.143108018,-0.021057954
778,175,0.139976748,0.27906387
778,200,0.208324965,0.549382246
778,210,0.21758297,0.235260145
778,240,0.26483173,0.211795336
778,248,0.272123831,0.207373994
778,251,0.270313115,0.275883962
778,257,0.273586363,0.383580167
778,265,0.164552343,0.099932611
778,279,0.15953212,0.157024409
778,324,0.193731776,0.141634486
778,327,0.194202967,0.529687395
778,345,0.215165566,0.134039643
778,383,0.159208313,0.021462476
778,396,0.156318922,0.0065293
778,399,0.154745365,0.086611041
778,402,0.15536025,0.012125471
778,413,0.173130856,0.117570369
778,452,0.181806044,0.172122524
778,458,0.181601204,0.348364478
778,494,0.178789097,-0.045505042
778,496,0.178640285,0.08504716
778,508,0.157150975,0.109705889
778,526,0.161012852,-0.025158672
778,536,0.29458642,0.124531913
778,546,0.294603954,0.344276028
778,588,0.149386716,0.323960642
778,604,0.142528726,-0.075312774
778,631,0.142262689,0.308369036
778,648,0.143106276,0.438486726
778,649,0.142589275,0.116795085
778,667,0.147600585,0.116393282
778,673,0.149186471,0.349755415
778,675,0.151056048,0.276207877
782,3,0.141588763,-0.063543482
782,8,0.142147597,0.136304576
782,10,0.142850999,0.248989224
782,13,0.143947276,0.316314169
782,20,0.145961089,0.011180544
782,32,0.147256282,-0.051545996
782,40,0.145610942,-0.059467876
782,44,0.151539006,0.229719874
782,45,0.147421446,0.147161436
782,47,0.151739099,0.416150976
782,64,0.159476507,-0.147147218
782,70,0.156651529,0.290340306
782,71,0.155583925,0.131245005
782,73,0.155660332,0.31284309
782,79,0.151558064,0.085987146
782,82,0.15141102,0.292579123
782,83,0.151024378,-0.023428918
782,91,0.201896652,0.333516478
782,98,0.210828024,0.269371322
782,111,0.21299136,0.14040898
782,137,0.147476769,0.238618372
782,138,0.147481633,0.175205558
782,146,0.145762278,0.049505326
782,149,0.144668691,0.314780771
782,164,0.143198456,0.382299921
782,200,0.209851276,0.293688413
782,211,0.222986206,0.139856625
782,214,0.222652121,0.218791365
782,216,0.225344819,0.258145482
782,248,0.272038406,0.035976037
782,251,0.272246123,empty
782,257,0.273906585,0.21564817
782,260,0.175763918,0.360923368
782,272,0.161244552,0.20880822
782,278,0.159422269,-0.25193584
782,293,0.160321318,0.197450714
782,327,0.194958655,0.011014469
782,332,0.200492689,0.118782067
782,345,0.215850875,0.432183504
782,351,0.185717498,0.027782109
782,356,0.184464498,0.306546273
782,370,0.181822262,0.47294079
782,385,0.159102302,-0.276649217
782,396,0.156232113,0.116666691
782,397,0.156548997,0.138611902
782,400,0.156453369,0.273456968
782,413,0.173539906,0.066121539
782,425,0.175026792,0.00741801
782,447,0.182107584,0.421075306
782,452,0.182352515,0.305613477
782,454,0.181918538,-0.008081969
782,486,0.180555705,0.106190892
782,520,0.170051821,0.186117344
782,526,0.16218301,0.102434891
782,540,0.2968966,0.080070263
782,570,0.152654774,0.087032988
782,588,0.15,0.165942273
782,597,0.144210177,-0.147350305
782,604,0.143109741,0.327656027
782,618,0.142721949,0.075810899
782,631,0.14331289,0.084396667
782,635,0.143659094,0.017333591
782,636,0.143331169,0.033377677
782,641,0.144383008,0.199183382
782,653,0.145237836,0.014713678
782,667,0.148015826,0.124495134
786,3,0.142575743,0.39477748
786,40,0.14605671,0.343133694
786,44,0.152391869,0.072011156
786,50,0.154273241,-0.105793981
786,52,0.155930808,-0.043552702
786,53,0.155674217,-0.03838013
786,78,0.153472335,0.253620383
786,109,0.214119504,0.32647444
786,122,0.217112819,0.237993386
786,132,0.148058806,0.217993019
786,134,0.148892521,-0.084523436
786,146,0.146560242,0.292647954
786,147,0.144355554,0.194329893
786,164,0.144164832,0.059349244
786,182,0.136960022,0.306086266
786,209,0.217544007,0.436416616
786,212,0.223820436,0.386304186
786,216,0.225774243,0.259037545
786,219,0.228409253,0.193463104
786,239,0.267275901,0.106539688
786,248,0.27230998,0.144042118
786,287,0.16001499,0.210396367
786,290,0.160395983,0.048832739
786,301,0.160728654,0.443674448
786,311,0.159621026,0.217598649
786,330,0.198688146,0.173464602
786,351,0.18647881,0.231299888
786,381,0.162359151,0.20934635
786,386,0.158456454,0.322181511
786,399,0.156256029,0.263877129
786,425,0.175159543,0.052777972
786,445,0.181618212,0.29355885
786,448,0.182929187,0.230315035
786,458,0.183983182,0.392044833
786,463,0.183882356,0.332243685
786,494,0.18132367,0.320693929
786,526,0.162246918,0.136055842
786,558,0.294494324,0.305505566
786,597,0.144877995,0.321598392
786,641,0.14528521,0.130391722
786,644,0.145229598,0.352333076
786,645,0.145540529,0.148414142
786,647,0.144760125,-0.087626694
790,7,0.142874387,-0.058411873
790,8,0.143398943,0.024302902
790,20,0.14692649,-0.042432577
790,25,0.148784583,-0.081600871
790,31,0.149949674,0.193194683
790,40,0.145905663,0.211236413
790,45,0.149023233,0.191883495
790,47,0.152669268,0.097217751
790,54,0.156993823,-0.027023827
790,57,0.158871773,-0.002953939
790,64,0.160814258,0.268542301
790,78,0.153948266,0.173221453
790,82,0.152397676,-0.073907507
790,83,0.15184296,0.247361107
790,119,0.21623511,0.449236902
790,135,0.148747702,0.268174831
790,172,0.14232179,0.155505926
790,175,0.142613892,-0.010790816
790,200,0.211960672,0.254193304
790,210,0.221597281,0.448097011
790,212,0.224313961,0.202102962
790,213,0.223735306,0.364099837
790,236,0.265774723,0.352738178
790,239,0.268022181,0.199557896
790,266,0.166066419,0.03664646
790,272,0.164479181,0.446187007
790,278,0.162106911,0.015419397
790,285,0.159188503,0.090464238
790,287,0.161418653,0.353126458
790,301,0.16144122,0.30946218
790,312,0.159609695,-0.206642094
790,327,0.196682891,0.075239208
790,337,0.207156211,0.067962617
790,362,0.184917602,0.18653063
790,377,0.185048841,0.268927657
790,384,0.160374225,0.360028796
790,385,0.160745021,0.257478753
790,386,0.159244129,0.22201776
790,397,0.157564798,0.161827297
790,402,0.157956594,0.293227299
790,445,0.182995445,-0.027034147
790,448,0.183912496,0.088721584
790,454,0.182777952,0.149411459
790,463,0.18419075,0.273401469
790,489,0.181689176,-0.093891972
790,496,0.182390917,0.204731706
790,520,0.172832238,0.179687672
790,536,0.29657206,0.091463305
790,540,0.298238968,0.623474258
790,559,0.29490787,0.258593705
790,628,0.144213192,0.166407929
790,631,0.144807332,0.044231132
790,635,0.145556598,0.051197331
790,641,0.145767548,0.355783541
790,645,0.146364158,0.184251696
790,653,0.146796421,0.152509073
790,676,0.153248455,-0.214410835
794,3,0.14402013,0.286681319
794,8,0.14365491,0.103139406
794,11,0.145327675,0.491508347
794,32,0.148781426,0.095810915
794,50,0.155365049,0.222660848
794,52,0.157256089,0.010480092
794,55,0.157855333,0.038811184
794,61,0.164229754,0.079677069
794,71,0.157516224,-0.075162071
794,78,0.154641334,0.172098632
794,83,0.152988572,-0.059448619
794,91,0.203814423,-0.142500273
794,98,0.213154813,-0.036100883
794,102,0.21267406,0.091724925
794,110,0.214143275,0.289663336
794,119,0.217414215,-0.086223506
794,121,0.217948883,0.363630272
794,133,0.149935361,-0.005069351
794,136,0.150068994,0.253387033
794,137,0.14905316,0.009852899
794,149,0.14625486,-0.040444916
794,166,0.143974994,0.134236266
794,172,0.142827747,0.130086794
794,174,0.143095456,-0.055557279
794,200,0.212032773,0.170778599
794,214,0.226473221,0.312253715
794,261,0.169700903,-0.114204946
794,278,0.163291089,0.113335734
794,290,0.162514678,-0.068672872
794,311,0.159997611,0.021162774
794,336,0.207262721,0.396700157
794,351,0.186895926,0.030844154
794,368,0.18386542,0.238663389
794,369,0.184298012,0.268731965
794,370,0.18363913,0.346246767
794,377,0.185023556,0.015049158
794,384,0.160768037,0.374315504
794,402,0.158557866,0.09653224
794,437,0.180239412,0.151952631
794,448,0.184735314,0.043512421
794,458,0.185364327,0.003671664
794,463,0.184841837,-0.247304126
794,489,0.182746618,0.156017432
794,496,0.18348679,0.312561359
794,519,0.173506769,0.500951975
794,522,0.172354666,0.19933997
794,526,0.16456808,0.112908585
794,536,0.296985087,0.574498686
794,588,0.152012004,0.162477077
794,596,0.145712002,0.234513863
794,607,0.145247307,-0.11148516
794,628,0.1452466,0.028286597
794,631,0.145161069,0.021600116
794,636,0.145222766,0.151374919
794,644,0.146615914,0.176007232
794,648,0.145844903,-0.04262426
794,653,0.147370156,0.057565544
794,661,0.148404496,0.247473361
794,667,0.150043125,0.324176244
794,679,0.155620208,0.2648578
798,10,0.145264052,0.237537028
798,31,0.151849917,-0.005992872
798,45,0.151056314,0.033267003
798,52,0.157826337,0.117492764
798,53,0.158468321,0.245340393
798,54,0.158154459,0.279649214
798,71,0.159221593,0.204566705
798,91,0.204303825,0.192120498
798,102,0.213516416,0.025777124
798,109,0.215610767,0.199473982
798,110,0.215178472,0.238801276
798,119,0.21785045,0.45360664
798,122,0.218601667,0.167333456
798,134,0.15116574,0.066398691
798,136,0.150630204,0.22399961
798,137,0.15007053,0.133898907
798,138,0.149698006,-0.113078506
798,174,0.143838638,0.133031723
798,197,0.146601839,0.192110287
798,211,0.224786263,0.515447671
798,213,0.225997447,0.406911039
798,214,0.227214211,0.250992682
798,236,0.267253633,-0.030161693
798,240,0.26964264,0.389287293
798,257,0.278233557,0.407096681
798,261,0.170167324,0.308970135
798,324,0.196863009,0.256625745
798,327,0.197908286,0.127926797
798,333,0.20427346,0.236393412
798,336,0.20780747,0.41830645
798,345,0.217587929,-0.0080801
798,362,0.185235118,0.400766529
798,368,0.184668618,-0.043013377
798,370,0.184575823,0.240163246
798,381,0.164114175,0.169413313
798,384,0.161737795,0.139393512
798,400,0.159930934,0.141544432
798,425,0.177874182,0.212134886
798,437,0.181186087,-0.075986516
798,452,0.18458453,0.204656885
798,486,0.182901495,0.197344159
798,496,0.183673896,0.120479836
798,519,0.173702789,0.346579486
798,536,0.297993872,0.325258657
798,558,0.296795849,0.229000829
798,559,0.297087604,0.079798207
798,570,0.157362488,0.321759645
798,592,0.14772359,0.10670433
798,607,0.14568563,0.094645591
798,618,0.145415161,0.533963063
798,635,0.14628993,0.009665648
798,641,0.146673191,-0.086692888
798,647,0.146698812,-0.060315077
798,673,0.154009139,0.328342056
798,676,0.154292236,0.314617071
802,47,0.155797101,0.055123078
802,52,0.158042162,0.216293937
802,64,0.163408795,0.505686924
802,66,0.162297978,empty
802,73,0.160294669,0.148939271
802,110,0.215974672,0.027366339
802,146,0.14910845,0.359386078
802,164,0.146360775,0.171610101
802,165,0.147487399,0.139028557
802,174,0.144141009,0.170920635
802,182,0.139696918,0.025380007
802,211,0.22548519,0.460680942
802,214,0.227826171,0.235521482
802,219,0.230912785,0.200476737
802,229,0.258139216,0.017236899
802,240,0.269791959,0.416711533
802,257,0.279049456,0.599227926
802,261,0.17062011,0.103636004
802,285,0.160819609,0.122814958
802,290,0.163972813,0.193735653
802,301,0.163233546,0.18863497
802,327,0.198200082,0.055170452
802,336,0.20817524,0.400005923
802,341,0.21248752,0.079749815
802,351,0.187837572,0.225485042
802,362,0.185980391,0.148694378
802,399,0.158333333,0.322824007
802,437,0.181809871,0.090644657
802,445,0.185929182,0.232714143
802,454,0.18466312,0.171640504
802,458,0.186242306,0.279929751
802,463,0.185590437,-0.130037618
802,478,0.185134487,0.266039104
802,494,0.183572003,0.211280536
802,496,0.183895652,0.347353217
802,519,0.17435034,0.223951576
802,522,0.171567008,0.075582458
802,536,0.298859439,0.301184436
802,540,0.299591255,0.23635405
802,546,0.297945553,0.34551974
802,559,0.296184047,0.331692095
802,570,0.157730999,0.263404448
802,578,0.155512145,0.184106652
802,592,0.14847277,0.199765921
802,596,0.148077806,0.138343281
802,597,0.147409313,0.161493539
802,604,0.146912112,-0.072357478
802,607,0.146306069,0.117930975
802,608,0.146992811,0.186069049
802,618,0.146723763,0.005290959
802,628,0.145602556,0.030391911
802,632,0.14621053,0.322118398
802,647,0.147346595,0.436896734
802,648,0.147433678,0.006214176
802,673,0.154324797,0.104472663
802,679,0.157100621,-0.041656273
806,20,0.148917051,0.264517567
806,31,0.152443631,0.274054083
806,32,0.151502028,0.207368662
806,53,0.158320285,0.353993149
806,54,0.158606326,0.356845296
806,56,0.160743678,0.139029396
806,64,0.163876281,0.555643334
806,70,0.161511171,0.098867532
806,73,0.160539428,0.337685694
806,121,0.220272594,0.157063385
806,122,0.219978485,0.113131325
806,132,0.152001909,0.028849822
806,137,0.151109084,0.334019161
806,149,0.148728834,0.009989179
806,164,0.147365596,-0.245148539
806,200,0.214328158,0.318117238
806,209,0.222751669,0.224111973
806,214,0.228322462,0.254937447
806,219,0.232401216,0.183746074
806,236,0.268094298,0.164413753
806,239,0.269688691,0.394580149
806,240,0.269460625,0.234328361
806,248,0.277513204,0.097364932
806,265,0.168720061,0.149188333
806,266,0.168975756,0.027458238
806,276,0.163966298,0.056011157
806,278,0.163489556,0.04012984
806,312,0.162494764,-0.226925778
806,333,0.205984634,-0.218769777
806,381,0.16459201,0.193192224
806,386,0.160845221,0.369853917
806,396,0.159875551,0.233832924
806,397,0.160697958,0.039848628
806,399,0.157169967,-0.022838047
806,400,0.162516632,0.082475241
806,413,0.177525091,0.199756577
806,425,0.178364323,0.337734765
806,448,0.186121784,-0.012836976
806,454,0.18542588,0.173796604
806,458,0.187166421,0.351331447
806,478,0.185981255,0.419923419
806,495,0.184888239,0.016805869
806,540,0.299899198,0.370129841
806,586,0.15377969,-0.013941281
806,592,0.148998648,0.202255357
806,597,0.14807818,0.317450996
806,628,0.146140641,0.365909191
806,649,0.147665357,0.196261842
806,653,0.148598748,0.134914977
806,667,0.15117111,0.175763422
810,3,0.146029545,-0.007686782
810,10,0.146572594,0.366492183
810,31,0.152849583,0.174246716
810,42,0.15312181,0.272127572
810,44,0.155760658,0.194638225
810,53,0.158645433,0.204756934
810,77,0.15776232,0.257531967
810,91,0.205636991,0.197201313
810,102,0.214778904,0.304378314
810,119,0.219076742,0.021085871
810,133,0.151838163,0.352608748
810,147,0.14854889,0.231198853
810,164,0.147777335,-0.012650786
810,175,0.145189477,0.298547551
810,216,0.230412607,0.157326686
810,219,0.233452989,0.17309532
810,229,0.259011511,0.093941724
810,236,0.2689589,0.297756111
810,239,0.270589376,0.076970564
810,261,0.170362191,-0.197372422
810,265,0.169395846,0.166077862
810,279,0.164271446,0.207912862
810,303,0.162763868,-0.038393563
810,330,0.203479223,0.148702457
810,351,0.18938924,0.132949615
810,356,0.189429871,0.356636682
810,383,0.16416553,0.206472574
810,384,0.163525653,0.08239324
810,399,0.158321692,0.232547722
810,413,0.177345906,-0.079814041
810,425,0.178597173,0.223189956
810,452,0.187294575,0.220096801
810,478,0.185914905,0.127787056
810,496,0.184329664,0.213954536
810,508,0.162531096,0.24207141
810,526,0.167363578,0.33548335
810,536,0.300045825,0.081693296
810,540,0.300373949,0.274284012
810,546,0.298352605,0.530443271
810,570,0.157595529,0.463328654
810,592,0.149391419,0.071502831
810,597,0.148145228,-0.012257805
810,618,0.147553235,0.246852027
810,632,0.147294855,0.135935399
810,644,0.148388503,0.255385802
810,647,0.147773364,0.328920346
810,679,0.157795368,0.246345598
814,3,0.146272016,0.127732053
814,10,0.146853513,0.270331536
814,25,0.150915432,0.177153079
814,61,0.165891569,-0.094637795
814,66,0.16337317,-0.125917977
814,82,0.156308504,0.40660258
814,110,0.217502365,-0.143612087
814,111,0.217560633,0.205140492
814,132,0.152021034,0.091170538
814,133,0.151702082,0.006117223
814,135,0.151806264,0.384232198
814,136,0.151468074,0.251776424
814,147,0.148765725,0.129159545
814,172,0.145528383,-0.082547096
814,213,0.228530707,0.290148356
814,214,0.229259916,-0.002538151
814,240,0.271999415,0.233315073
814,248,0.277717173,0.304413658
814,279,0.164572247,0.07172676
814,303,0.162885905,0.063389545
814,311,0.162139873,-0.023778235
814,322,0.197241254,0.27820767
814,324,0.19861271,0.077267116
814,330,0.20347212,0.350082633
814,332,0.205259773,0.221586832
814,333,0.206006328,0.102084879
814,377,0.18828314,0.275411735
814,381,0.164822643,0.139887326
814,396,0.1605305,0.247099217
814,402,0.160835317,0.265333704
814,425,0.178298584,0.121753476
814,452,0.188046533,0.35210408
814,463,0.187295698,0.102718363
814,494,0.185601843,0.063074262
814,496,0.184923167,0.37646984
814,536,0.29974482,0.464335447
814,599,0.149094811,0.16040229
814,636,0.148562091,-0.032256103
814,644,0.148323187,0.101616294
814,647,0.148614363,0.134544762
814,648,0.148939635,-0.11167676
818,7,0.146437882,0.148851448
818,8,0.146338261,0.098136382
818,13,0.147761793,0.13134762
818,20,0.149467217,0.090789502
818,25,0.151539222,0.349466322
818,42,0.154208351,0.088074431
818,44,0.157095645,0.041336499
818,47,0.157434543,0.111096225
818,55,0.160511086,-0.050732059
818,57,0.162030903,0.28057363
818,64,0.164110152,-0.148495152
818,66,0.163432482,0.385938207
818,77,0.157653066,0.260964999
818,83,0.156096802,0.465567627
818,87,0.155076741,0.172654194
818,98,0.21558649,0.058858704
818,102,0.215072053,0.087907159
818,111,0.217704469,0.486989825
818,119,0.220062241,0.212129101
818,122,0.220793323,0.547450637
818,146,0.150642784,0.152628972
818,147,0.148423933,0.022741491
818,165,0.148369613,0.058328899
818,174,0.145600743,0.214490238
818,175,0.14531014,-0.05347112
818,212,0.227235353,0.092791115
818,213,0.228624503,0.159873192
818,236,0.26971291,0.050533983
818,257,0.280420628,0.019409298
818,260,0.182232126,0.057989476
818,266,0.170034206,0.11739016
818,287,0.162497171,0.307134054
818,301,0.164135511,-0.075351786
818,324,0.199114974,0.216978679
818,327,0.199681898,empty
818,330,0.203270796,0.352629093
818,332,0.205452346,0.329226474
818,337,0.210290547,empty
818,351,0.190316926,0.247972244
818,362,0.188302993,0.427959631
818,377,0.188170482,0.17961482
818,385,0.163897137,0.135473607
818,396,0.160875031,0.000336943
818,399,0.159594326,0.192770049
818,402,0.161122996,0.343357761
818,425,0.178396389,0.389622288
818,454,0.187136729,-0.189979284
818,478,0.187045834,0.363349379
818,495,0.186267412,-0.065550598
818,508,0.163093185,0.010015154
818,520,0.176262397,0.421705503
818,528,0.166319539,0.200721094
818,546,0.298385559,0.231598289
818,558,0.29882885,0.404130234
818,618,0.14788623,0.203234744
818,628,0.147466319,-0.007641451
818,631,0.147265206,0.04324976
818,661,0.150777029,0.256235074
822,3,0.146187853,0.073395534
822,10,0.147458883,0.005302909
822,20,0.149987178,0.343889132
822,45,0.153630191,0.141125669
822,47,0.158618052,0.075565575
822,54,0.160091707,0.103257956
822,55,0.160606146,0.160521932
822,56,0.161447947,0.047170121
822,61,0.16645767,0.031899074
822,70,0.1615046,0.259992382
822,79,0.156636023,0.100981035
822,82,0.15588395,0.102041267
822,110,0.217602564,0.118703039
822,119,0.2202311,0.149509074
822,121,0.220912822,-0.070504148
822,122,0.220558085,0.252394563
822,133,0.152640025,0.210329394
822,137,0.152279416,0.155880689
822,165,0.148276238,0.070504756
822,197,0.147149214,0.021814949
822,200,0.214594499,0.19874881
822,209,0.223409313,0.10997587
822,210,0.224098741,0.271275784
822,214,0.230528073,0.021194842
822,236,0.269533219,0.117046784
822,248,0.278182583,0.24252873
822,272,0.166097438,0.115937054
822,278,0.164525694,0.133235047
822,303,0.162914715,0.207469878
822,324,0.199708659,0.110399307
822,337,0.21015437,0.122741622
822,351,0.189864536,-0.036370683
822,381,0.165250951,0.039834
822,399,0.159827755,0.029652411
822,402,0.161267196,-0.043145545
822,425,0.178654595,0.100690389
822,437,0.182110757,0.202868711
822,458,0.18743518,0.371237344
822,463,0.188150214,0.367998598
822,486,0.187107783,0.023736617
822,496,0.18656103,0.404203976
822,519,0.177086972,0.018930382
822,526,0.167418706,0.229702884
822,588,0.154310414,0.21295519
822,607,0.148177871,0.062559382
822,645,0.149345615,0.001309218
822,648,0.149182982,-0.019900937
822,649,0.148305617,0.469272307
822,673,0.155032151,0.103952822
826,3,0.146411031,0.075664959
826,8,0.146428476,0.029375441
826,50,0.160363636,0.106757354
826,54,0.160002801,0.000804949
826,55,0.160388418,0.204575703
826,56,0.1616984,0.108544731
826,61,0.166733304,-0.067946865
826,66,0.163316557,-0.040427503
826,71,0.16015038,0.086755862
826,73,0.160151467,0.031307009
826,77,0.157462796,-0.010542016
826,87,0.154999019,0.62139602
826,91,0.206490674,-0.009266358
826,119,0.220386238,0.303034965
826,133,0.152815264,0.074188403
826,134,0.152799151,0.27077155
826,135,0.152073453,0.104201898
826,166,0.147579583,0.01892216
826,197,0.14718523,0.122647514
826,210,0.223589496,0.090715971
826,219,0.232500797,0.221535481
826,257,0.28154647,0.128878214
826,276,0.164855022,empty
826,303,0.163497319,0.102249077
826,312,0.164114645,-0.068280451
826,327,0.200489225,0.609024083
826,336,0.210467943,0.314027123
826,337,0.210207199,-0.007282586
826,351,0.190177247,0.21530453
826,356,0.189537739,0.300160017
826,362,0.188854608,0.367997383
826,377,0.188263822,0.384068352
826,384,0.164997325,0.157765768
826,386,0.161936039,0.169808968
826,402,0.160789071,0.043073323
826,478,0.186710765,0.09616113
826,489,0.18628958,0.035889007
826,495,0.186451484,-0.033027297
826,519,0.1783963,0.249307542
826,526,0.168300566,-0.394842418
826,528,0.166405885,0.275745483
826,546,0.299072949,0.410324814
826,559,0.296554326,0.534808736
826,578,0.156683666,0.025815492
826,608,0.148486867,0.047192888
826,618,0.14801352,0.595841028
826,628,0.147853916,0.250929885
826,648,0.149127852,0.120868737
826,650,0.1500602,0.028477207
826,673,0.154913901,0.046592724
826,675,0.156719873,0.17002495
830,7,0.147040988,0.36203482
830,8,0.146500679,0.397616018
830,13,0.148343451,-0.007811193
830,32,0.152903774,0.183822734
830,45,0.154429796,-0.029783053
830,50,0.160909905,0.148167932
830,52,0.159340638,-0.1498617
830,54,0.159694236,0.242774732
830,61,0.166890023,empty
830,64,0.164697056,0.202777824
830,66,0.163363783,0.167497708
830,73,0.160338437,0.351798877
830,79,0.157121534,-0.132804334
830,98,0.215593633,0.371710377
830,102,0.21524234,0.215778594
830,109,0.216734053,0.144531465
830,134,0.153228082,-0.075214195
830,211,0.228142643,0.102770171
830,276,0.165038173,0.284389059
830,279,0.165810478,0.33031048
830,290,0.166202518,0.371962932
830,301,0.165070813,0.387896578
830,312,0.164112855,0.487026976
830,337,0.210980523,-0.034280511
830,369,0.186811135,0.197385675
830,381,0.166247364,-0.061295992
830,385,0.164684925,0.424116959
830,386,0.162610694,0.295473948
830,402,0.160425979,0.212943311
830,425,0.178386184,0.284430459
830,454,0.1875898,0.175348513
830,463,0.189134651,0.396971526
830,528,0.166442049,0.212674968
830,536,0.29917705,0.121209291
830,559,0.296343841,0.209917869
830,588,0.154748726,0.305760629
830,618,0.148013736,0.308012672
830,631,0.147784434,0.182773828
830,632,0.147671251,0.381273025
830,641,0.149927864,0.071376817
830,648,0.14916466,0.266918477
830,650,0.150516236,0.173066769
830,653,0.149519631,0.211627315
830,661,0.150976833,-0.007063292
830,673,0.155465966,0.048678721
830,675,0.157107591,-0.005641403
834,10,0.148353173,0.062563569
834,11,0.148115098,0.138495853
834,31,0.154992081,0.19379223
834,42,0.156892522,0.339820958
834,52,0.1600351,0.184454415
834,70,0.162035662,-0.098351087
834,77,0.157192118,0.319846408
834,87,0.155510879,0.209412288
834,102,0.215302902,0.127534472
834,122,0.220410901,0.191455999
834,133,0.153384577,-0.077514577
834,135,0.152116013,0.234189899
834,137,0.152498259,0.23458828
834,146,0.15050468,0.251175137
834,172,0.146969925,-0.083290549
834,174,0.145914084,-0.029155976
834,175,0.146988807,0.072855767
834,182,0.14265803,-0.057558983
834,200,0.215539952,0.417514127
834,209,0.223539969,0.026320309
834,210,0.224881258,0.248005542
834,214,0.22980861,0.030652535
834,219,0.232312117,0.554261518
834,229,0.260235437,0.350410024
834,248,0.278838756,0.268170313
834,276,0.165630462,0.101859612
834,279,0.165788884,0.422352147
834,290,0.166252789,0.123724364
834,303,0.164213517,0.542432716
834,312,0.164122595,0.03971177
834,322,0.198169837,0.319306243
834,336,0.210775311,-0.054860587
834,356,0.191327546,0.448488307
834,369,0.186688199,-0.000228028
834,370,0.187350517,0.378621947
834,381,0.166295593,0.119677519
834,397,0.161416425,0.553311948
834,437,0.182183834,-0.011337201
834,454,0.187858141,0.114831295
834,494,0.186378277,0.144887504
834,519,0.179404377,0.385311982
834,526,0.170367986,0.225098144
834,586,0.154645395,0.53894198
834,596,0.14987114,-0.301649141
834,597,0.149558606,0.365468305
834,599,0.150063093,0.102504065
834,604,0.149372214,0.181698067
834,628,0.14831344,0.145572974
834,636,0.148790644,0.215872618
834,641,0.149956609,0.172925201
834,644,0.149424232,0.230583203
834,648,0.149636559,0.420640628
834,650,0.150821368,0.128026832
834,659,0.151031057,0.128298964
834,676,0.157867642,0.294435661
834,679,0.159080362,0.015970415
838,7,0.146679552,0.109212445
838,10,0.148277548,0.134875169
838,11,0.148220111,0.039533473
838,20,0.150662316,0.30073951
838,42,0.157992098,0.091710983
838,44,0.156825378,0.122000748
838,52,0.160840554,0.080076098
838,54,0.159973852,0.467479405
838,56,0.161608249,0.069508732
838,73,0.160666886,0.118206523
838,77,0.15775484,-0.042419646
838,78,0.158616754,0.064164241
838,79,0.158020112,0.145249996
838,82,0.15722907,-0.023542919
838,87,0.155707043,-0.001014139
838,98,0.214988559,0.108229597
838,110,0.216636266,0.010453745
838,136,0.152333072,0.096538649
838,137,0.152720071,-0.059579029
838,138,0.153375688,0.205902768
838,149,0.14983491,0.26983843
838,164,0.148602884,0.273305403
838,174,0.14648638,0.04658715
838,197,0.148204064,0.010864391
838,210,0.225439683,0.06655709
838,214,0.230270972,0.182068987
838,261,0.172059673,0.285917806
838,278,0.16620471,0.166397891
838,285,0.162264224,0.283891022
838,287,0.164011845,0.257710884
838,290,0.166160078,0.164969466
838,301,0.164716684,0.135937073
838,303,0.16455745,-0.259974531
838,327,0.2018743,0.314063215
838,332,0.206535142,0.103229945
838,333,0.208063201,0.098859481
838,337,0.213546025,0.370071993
838,356,0.191726495,0.168188928
838,383,0.165240648,0.251681336
838,384,0.165697674,0.230349731
838,413,0.175426719,0.431184871
838,437,0.182638587,0.093619744
838,452,0.187034029,0.057966001
838,463,0.18932824,-0.20353805
838,486,0.18856249,0.149683432
838,508,0.163092026,0.215130224
838,528,0.167953529,0.180937034
838,558,0.297767282,0.246679468
838,559,0.296984398,0.6269039
838,588,0.155261058,0.346296596
838,597,0.150168705,0.043728716
838,628,0.148991227,0.523484699
838,636,0.149527609,0.267262958
838,645,0.150562518,0.357382467
838,647,0.150363033,0.386201908
838,649,0.149277582,0.000542608
838,653,0.150523937,0.108995061
838,661,0.151723754,0.222335794
838,673,0.155832051,0.475530146
842,20,0.151398507,0.255270782
842,31,0.156026103,0.201544455
842,40,0.153460963,0.1841011
842,42,0.157135376,0.367525974
842,47,0.164871138,0.224015604
842,50,0.161307064,0.181672522
842,56,0.162266094,0.054779795
842,77,0.158451633,-0.179441859
842,82,0.157489371,0.443190022
842,83,0.156598708,0.326352173
842,91,0.205049847,0.3950733
842,109,0.217146124,0.167750975
842,119,0.219960339,-0.014962851
842,134,0.15324995,-0.032793183
842,136,0.152610136,0.009381644
842,138,0.153546969,0.214337492
842,149,0.150000236,0.163550489
842,164,0.148765098,0.106459358
842,172,0.146383994,-0.084508021
842,200,0.217081593,0.029394953
842,209,0.224126809,0.086069059
842,211,0.227890825,0.116982299
842,214,0.230067399,0.271375374
842,219,0.233933215,0.208587598
842,229,0.260406368,0.389098525
842,236,0.272779694,0.175812242
842,285,0.162273108,-0.07052571
842,287,0.164225359,0.093015338
842,303,0.164651984,0.191921293
842,312,0.164154947,0.258634902
842,322,0.198708735,0.226804799
842,341,0.215200816,0.278823454
842,369,0.187493804,0.468187642
842,370,0.188019642,0.28971917
842,384,0.166070323,0.39545948
842,385,0.165934108,0.51945365
842,425,0.177741282,0.203673736
842,448,0.188071232,0.063940205
842,463,0.189257189,0.210850169
842,478,0.187906309,-0.014630329
842,489,0.188397646,0.251874324
842,494,0.187713181,-0.08916659
842,495,0.188425531,0.426308943
842,519,0.180945432,-0.012920554
842,588,0.156068433,0.110523625
842,597,0.150470809,-0.013676281
842,618,0.149449235,0.120963296
842,635,0.150636357,0.125053946
842,636,0.149631284,0.637468749
842,645,0.150944262,-0.052973716
842,649,0.14957359,-0.020084607
842,650,0.151237822,0.100792525
842,661,0.151741017,0.099807563
842,675,0.158009121,0.475208554
846,3,0.147351689,0.182494486
846,10,0.148773991,0.050040979
846,25,0.153374155,0.159144696
846,52,0.161077535,0.019643631
846,53,0.161020665,0.135818109
846,61,0.168189523,0.05700138
846,64,0.165597956,0.144677426
846,77,0.159024652,0.122160674
846,79,0.15814382,0.099362822
846,91,0.204730307,empty
846,137,0.153487626,-0.107689397
846,166,0.147762575,0.176945936
846,172,0.146272827,0.369083995
846,174,0.147120423,0.068857586
846,182,0.144376155,-0.309366267
846,197,0.148422711,-0.038528697
846,216,0.232719465,0.31838923
846,219,0.234903893,0.084256072
846,229,0.260486396,0.306180341
846,260,0.185080435,0.137366138
846,261,0.17318911,0.116146663
846,278,0.167575624,0.092619162
846,285,0.162654025,0.302078989
846,290,0.166961845,-0.043787448
846,301,0.165705161,empty
846,303,0.165102318,0.20713807
846,312,0.16446474,0.151417606
846,322,0.199386947,0.104761212
846,330,0.205189146,0.446009117
846,337,0.212430432,0.509264438
846,345,0.22273177,0.177362714
846,351,0.193770883,0.101521756
846,384,0.166163418,0.255105891
846,396,0.16037922,0.053476628
846,399,0.159626833,-0.015585022
846,413,0.17502742,0.049831839
846,437,0.182560761,0.542199486
846,447,0.18786378,0.17429876
846,463,0.189762732,0.184841851
846,495,0.188413739,0.249428197
846,508,0.164146027,0.215557365
846,519,0.182890256,0.244298159
846,528,0.170111147,0.357418539
846,540,0.297849696,0.452370677
846,559,0.296861167,0.216427847
846,578,0.158033905,0.360972294
846,586,0.156710372,0.136177522
846,618,0.149576037,0.340089439
846,628,0.149581497,0.287295263
846,641,0.151579018,0.248585425
846,647,0.150638437,-0.178183802
846,653,0.150511472,0.226585498
846,667,0.154609458,0.176211479
846,675,0.158585943,0.175502364
846,679,0.159459721,0.183733129
850,8,0.149243728,0.203119169
850,52,0.161200232,0.086827333
850,53,0.161365373,-0.025789861
850,57,0.163735859,0.326975774
850,77,0.159423137,0.260661599
850,79,0.158836952,0.205786571
850,109,0.216560452,0.078793566
850,121,0.220382024,0.148030252
850,133,0.15389003,0.013007004
850,164,0.14876115,-0.14138132
850,165,0.149929806,0.068505222
850,172,0.146537243,0.206393871
850,209,0.225364186,0.270254986
850,210,0.225936644,0.284167661
850,212,0.230503099,0.519983309
850,219,0.235766674,0.407018456
850,229,0.261627587,0.199891386
850,239,0.275182175,0.214625622
850,265,0.173264906,0.199753741
850,266,0.172082095,0.082435558
850,303,0.16507394,0.032401955
850,311,0.164811709,0.123431709
850,324,0.200823978,0.369067721
850,327,0.20224261,-0.114004569
850,345,0.222795773,-0.009600622
850,368,0.187971856,0.278309888
850,370,0.188137974,0.367810378
850,383,0.167218056,-0.140537092
850,396,0.161176136,0.265574444
850,413,0.175149458,-0.170548913
850,489,0.189630211,0.400204021
850,494,0.187894015,0.156255063
850,495,0.188503557,0.131890265
850,519,0.183898421,0.042148932
850,522,0.179234386,0.073468806
850,526,0.173563812,0.24043619
850,528,0.171266039,0.198807466
850,536,0.297550727,0.09448656
850,540,0.297238168,0.090734065
850,558,0.297472675,0.040637447
850,559,0.298143689,-0.068755994
850,570,0.16003805,0.188078653
850,596,0.151143059,0.123710095
850,599,0.15080839,0.275711189
850,604,0.150631939,0.155371399
850,618,0.149254921,-0.007641763
850,632,0.149862892,0.337201008
850,636,0.150397073,0.060214807
850,648,0.150613973,-0.059710293
850,650,0.150982049,0.229771973
850,659,0.151400836,0.325518
850,679,0.159959332,0.109479016
854,7,0.148004428,0.084638323
854,13,0.149812981,0.295419804
854,32,0.153548851,-0.084264502
854,45,0.155136299,0.331636627
854,56,0.163343317,0.170162643
854,82,0.159059387,0.091566206
854,135,0.15418438,0.266841106
854,149,0.151283899,0.035681077
854,166,0.148549886,0.109420991
854,172,0.146797875,0.325743415
854,210,0.226124064,0.136599793
854,213,0.230293942,0.176070146
854,216,0.233793956,-0.104280157
854,229,0.264455242,0.407608727
854,266,0.172842561,0.331288914
854,279,0.167325647,0.329288035
854,285,0.164709383,0.27380914
854,290,0.168068626,0.249895727
854,311,0.16480843,-0.02714112
854,327,0.202507869,0.118888966
854,351,0.194323088,0.171756916
854,356,0.193030972,0.476533617
854,383,0.167190346,-0.172079846
854,385,0.166292429,0.146881128
854,396,0.162343256,0.160352104
854,413,0.175698628,0.03885617
854,437,0.182898508,0.129652992
854,445,0.189114296,0.285699151
854,452,0.188553598,0.293449797
854,478,0.189707435,0.022903794
854,489,0.190426539,-0.023013141
854,520,0.17980198,0.121509282
854,528,0.171584103,0.406888927
854,559,0.298115011,0.1069829
854,586,0.157810846,empty
854,588,0.157457963,0.037169791
854,592,0.151841779,-0.094957591
854,596,0.151612218,0.261501082
854,597,0.150927701,0.451089658
854,599,0.15044996,0.001087229
854,604,0.15085836,0.064618807
854,608,0.150925495,0.316087442
854,631,0.15018175,0.343466417
854,648,0.15132631,0.204757512
854,676,0.1580779,0.25710109
858,10,0.149125557,0.466917199
858,11,0.149342576,0.055733409
858,20,0.152057153,0.075503576
858,31,0.158150237,0.086187787
858,45,0.155651811,0.304617553
858,47,0.164367917,0.276716362
858,50,0.163661878,0.088031245
858,71,0.162292023,0.361808689
858,79,0.1599986,-0.083589375
858,82,0.159540342,0.121040238
858,91,0.20487674,0.405741214
858,98,0.214318731,0.418508325
858,102,0.214545163,0.247234219
858,110,0.216712694,0.36066188
858,122,0.219764207,0.411967806
858,132,0.155845761,0.280679008
858,133,0.154922917,0.21244818
858,135,0.154735041,0.206136273
858,172,0.147604935,0.04270399
858,210,0.226213546,0.378617194
858,213,0.230911339,0.421499828
858,219,0.236758291,0.332347752
858,239,0.275087578,0.467944501
858,251,0.282824449,0.374349858
858,260,0.186537655,0.216021734
858,266,0.173347866,0.170344792
858,337,0.213983575,0.142918951
858,341,0.217495048,0.213207188
858,351,0.194607218,0.192089624
858,362,0.190481987,0.164077501
858,368,0.188578464,-0.132930733
858,381,0.168214056,0.162958436
858,384,0.166932059,0.213492042
858,396,0.162660809,0.234676883
858,400,0.165495453,0.149266691
858,448,0.190049098,0.515023444
858,478,0.19041314,0.025435963
858,489,0.191277038,0.234860128
858,495,0.190237127,0.175712394
858,496,0.189657158,0.234975689
858,522,0.179311048,0.212304434
858,528,0.171963314,0.28340736
858,578,0.159883125,0.171246548
858,588,0.15810592,0.099793698
858,631,0.150571636,0.253484458
858,641,0.151936431,0.281674968
858,645,0.152825182,0.080384609
858,650,0.150849069,0.204252669
858,653,0.152190041,-0.026790495
858,661,0.152604263,-0.027896188
858,673,0.15681969,0.399275511
862,8,0.149457525,0.152918447
862,13,0.150686633,-0.187612739
862,53,0.162993383,0.040696814
862,55,0.162423435,0.104846096
862,56,0.163564868,0.160967823
862,79,0.16054798,0.100042094
862,83,0.159871007,0.060323235
862,87,0.158192198,0.356893371
862,91,0.205002597,0.170825802
862,98,0.213761891,0.332792824
862,102,0.214621604,0.259051012
862,110,0.216812652,0.191847906
862,119,0.219913472,0.221051707
862,122,0.220032799,-0.009921716
862,133,0.155404911,0.034541002
862,136,0.154376722,empty
862,137,0.155281972,0.386077965
862,147,0.151470132,-0.04457007
862,197,0.150225067,0.241286678
862,209,0.226124378,0.308045352
862,211,0.231723055,0.6025675
862,219,0.237061951,0.215518573
862,229,0.264055843,0.169152209
862,240,0.276837065,empty
862,278,0.16898339,0.258909849
862,327,0.203740585,0.116544108
862,330,0.205557048,0.315244296
862,333,0.209532089,0.169434254
862,351,0.194528595,0.14439942
862,362,0.190129418,0.271098306
862,368,0.188967677,-0.134526727
862,370,0.188263052,0.221988105
862,381,0.168299218,0.073806778
862,383,0.167573764,0.255432146
862,399,0.159508005,0.225857852
862,402,0.164252055,0.326143886
862,425,0.178801351,0.101520977
862,437,0.184305337,0.039182691
862,445,0.190618191,0.317240785
862,448,0.190647849,0.069318558
862,463,0.192871258,0.166790176
862,494,0.18977728,0.286990589
862,496,0.190803924,0.249726215
862,520,0.180211424,0.043724794
862,540,0.298221105,0.528154827
862,559,0.29771457,0.444312793
862,570,0.161418223,0.420698775
862,578,0.160660927,0.121615197
862,588,0.158587454,0.148778704
862,592,0.152653857,0.121480703
862,596,0.152201769,0.099171753
862,628,0.150229549,-0.039152741
862,631,0.151062995,0.133976551
862,632,0.15098001,0.096184602
862,645,0.153395584,0.170951244
862,648,0.152501567,0.190286935
862,649,0.150437779,0.131821909
862,650,0.151271542,0.257424197
862,659,0.152058875,0.184229527
862,675,0.158851554,0.130409035
862,676,0.158486257,0.192137839
866,13,0.151259278,0.211064869
866,25,0.154791846,0.075803635
866,44,0.158621061,0.160851631
866,56,0.163927614,0.214877013
866,57,0.163487489,0.015116702
866,61,0.17070459,0.184007539
866,78,0.161598408,-0.186482078
866,98,0.213345254,0.071869141
866,109,0.216315748,0.226061982
866,119,0.220003141,0.393330119
866,164,0.14978093,-0.010972934
866,174,0.148786844,0.078290925
866,175,0.148386203,0.225383644
866,197,0.150670663,-0.106122969
866,209,0.226081371,0.277257972
866,212,0.232558081,0.351427943
866,214,0.232165319,0.097849087
866,216,0.234573928,0.066150702
866,229,0.263255477,0.149373218
866,251,0.282319816,0.341549751
866,278,0.169287156,0.254603248
866,290,0.168315095,0.026376317
866,312,0.166191962,-0.036893945
866,324,0.202278282,0.38310223
866,327,0.204596023,0.073096491
866,330,0.206317358,0.202432811
866,337,0.216059189,-0.050130686
866,351,0.195134631,-0.026327069
866,369,0.189029171,0.527935824
866,377,0.190848439,0.101816478
866,381,0.168204362,0.079377034
866,413,0.176443684,0.048573505
866,445,0.191044511,0.291682793
866,454,0.190571878,0.243508435
866,495,0.19072445,0.241425636
866,508,0.165488244,0.318244278
866,519,0.182469456,0.156003103
866,528,0.17216459,0.17479262
866,536,0.299083782,0.550330116
866,540,0.298124172,0.048537917
866,570,0.161978282,0.152699081
866,607,0.150965313,0.138571697
866,618,0.150533586,0.288977553
866,632,0.151313016,-0.096045966
866,635,0.152505251,0.070227615
866,675,0.159331123,0.507895547
866,676,0.159295991,0.478937817
866,679,0.161321328,0.321191855
870,8,0.149390274,0.112701071
870,31,0.158030752,0.232306595
870,44,0.158392632,0.25706385
870,53,0.162756768,0.066552099
870,54,0.16319836,0.078603057
870,56,0.163443199,0.203573341
870,61,0.17113118,0.506203484
870,64,0.168481833,0.500661523
870,66,0.167699276,0.160641124
870,70,0.165230706,0.160293423
870,71,0.164287341,0.098051514
870,78,0.162503506,0.200917899
870,79,0.162178287,0.174689307
870,98,0.213542905,0.312568904
870,119,0.219922153,0.094029486
870,133,0.155984951,0.12682865
870,166,0.149994665,-0.228322296
870,174,0.148917971,0.38924994
870,175,0.148576426,0.145642577
870,182,0.147253591,0.271698879
870,212,0.23283465,0.323003
870,214,0.233098026,0.418349828
870,216,0.235428222,0.165873232
870,219,0.238159023,-0.033956834
870,236,0.272366529,0.268858703
870,261,0.175092545,0.161235064
870,278,0.170170965,0.049665982
870,285,0.168161886,0.445451408
870,290,0.168755585,0.323251425
870,303,0.167194687,0.290052148
870,327,0.205002983,0.222095577
870,333,0.209780001,0.268731409
870,381,0.168371758,-0.223424097
870,385,0.167684217,0.166750519
870,396,0.163130986,0.243790686
870,413,0.176507032,0.089734677
870,425,0.179111287,0.325966811
870,452,0.190928813,0.115004494
870,454,0.191612468,0.163749114
870,463,0.194211829,0.555398313
870,486,0.19199685,0.322608266
870,494,0.190287096,-0.020870335
870,508,0.16575607,0.380019036
870,546,0.298385781,0.281107011
870,559,0.297279625,0.142814411
870,586,0.159228984,0.30825381
870,588,0.160449494,-0.019306919
870,607,0.151521799,0.319805502
870,641,0.153449073,0.001126981
874,8,0.149483464,0.021129332
874,20,0.153636219,0.338773415
874,50,0.164394041,-0.092668236
874,52,0.163465274,0.149622781
874,55,0.163192564,0.181297881
874,61,0.17145537,0.43358885
874,66,0.168540768,-0.108830995
874,70,0.165638484,0.339177983
874,77,0.163232159,0.447825495
874,78,0.162733138,0.031011136
874,83,0.161452813,0.033910186
874,98,0.213614681,0.244305321
874,109,0.216658447,0.479963692
874,121,0.221269312,0.098844219
874,133,0.156350052,0.128543486
874,136,0.155867926,0.112677207
874,137,0.15552365,0.272219381
874,146,0.152885329,0.141036833
874,149,0.151940145,-0.144372815
874,166,0.149756065,0.107253326
874,197,0.152213573,0.527138268
874,213,0.232348133,0.512129618
874,251,0.283263136,0.268481821
874,257,0.286428355,0.42985686
874,260,0.187760972,0.060689563
874,265,0.176594143,0.382214475
874,272,0.171160051,-0.022461912
874,276,0.170868728,0.239307839
874,293,0.167978742,0.0333921
874,303,0.167299778,-0.206384125
874,311,0.166998786,0.152176283
874,324,0.202520365,0.391460924
874,369,0.189080843,0.366287968
874,377,0.191412773,0.424009706
874,445,0.19001688,-0.090655633
874,447,0.189506505,0.320851646
874,458,0.192783103,0.051820152
874,463,0.194404877,-0.063559187
874,478,0.191451457,0.391179428
874,486,0.191571525,0.153109585
874,494,0.190515848,0.209064543
874,495,0.191516293,0.151555396
874,508,0.166453568,0.236534523
874,519,0.180343714,0.339755508
874,526,0.174846626,0.231203812
874,546,0.297172215,0.286383019
874,578,0.16104307,0.333888896
874,632,0.152038182,0.206386901
874,647,0.152862774,0.019128879
874,649,0.151901173,0.064925365
874,659,0.152439281,0.228843306
874,661,0.154487237,0.281185298
874,676,0.159583887,0.508938925
878,3,0.149884321,0.0677863
878,10,0.151156068,-0.174888442
878,20,0.153945354,0.303875537
878,40,0.154513521,0.043786286
878,47,0.166564963,0.388732722
878,56,0.164115018,0.066207342
878,73,0.164988952,0.177669255
878,78,0.162789395,0.230710758
878,102,0.214843107,0.397891506
878,110,0.216352914,0.276015526
878,119,0.219837358,0.326711022
878,121,0.221724476,0.346933624
878,133,0.15622792,-0.05608355
878,138,0.155280984,0.141364088
878,174,0.149003891,0.309470785
878,200,0.217052117,0.151808409
878,212,0.23212611,0.299320185
878,214,0.233766634,0.313138849
878,216,0.236538239,0.092951111
878,265,0.17622017,0.060982112
878,279,0.168528153,0.041653757
878,303,0.167561917,0.452657195
878,333,0.210108686,-0.152837808
878,336,0.214002756,0.102595108
878,356,0.194726212,0.341635414
878,368,0.189885686,0.260592666
878,377,0.191940132,0.095514618
878,384,0.169291184,0.221671283
878,396,0.163549425,0.470248737
878,397,0.165296227,0.02632603
878,437,0.185284487,0.317981389
878,448,0.191148001,0.20539352
878,452,0.192535635,0.08897999
878,463,0.193823248,0.159323866
878,478,0.192203119,0.262093863
878,526,0.174289753,0.117691863
878,528,0.173857003,empty
878,546,0.296480515,0.416755261
878,559,0.297113998,0.130388753
878,570,0.162809081,0.557279355
878,588,0.16005251,0.283613735
878,604,0.152518139,-0.120968328
878,608,0.152451317,-0.087242285
878,618,0.152213283,0.20593467
878,628,0.152286833,0.248479324
878,650,0.15224816,0.204877852
878,661,0.154477576,-0.093940637
878,667,0.156635349,-0.128531091
878,679,0.162149743,0.183411681
882,20,0.1542565,0.350831657
882,25,0.155140927,0.288869157
882,45,0.15760093,0.223404873
882,64,0.170093244,0.275720202
882,77,0.163719185,0.245253121
882,78,0.16306814,0.058554738
882,87,0.160810397,0.320658711
882,91,0.204464872,0.464281607
882,111,0.215762966,0.135108799
882,121,0.221324119,0.208918812
882,132,0.156600613,-0.008073419
882,136,0.156795004,0.381237511
882,137,0.155215771,0.295791927
882,164,0.150404424,0.260511325
882,165,0.151600818,-0.063050535
882,197,0.152502288,0.087055677
882,213,0.23137228,0.289040128
882,214,0.233936523,0.080330399
882,261,0.175451921,-0.072036294
882,266,0.175649182,0.106407704
882,276,0.171518529,0.339580728
882,278,0.169755833,0.216465576
882,285,0.165669021,0.007642636
882,301,0.16881857,0.274896382
882,312,0.167298179,0.038990021
882,330,0.209559207,0.057901437
882,336,0.213853133,0.273245466
882,356,0.195454662,0.318581997
882,368,0.19060683,0.039857996
882,369,0.189123987,0.420768053
882,370,0.189585956,0.122311999
882,384,0.169635217,0.053638832
882,385,0.16980086,0.434814537
882,386,0.167597797,0.150212716
882,397,0.165673654,0.218654201
882,402,0.164303313,0.324578877
882,425,0.179052823,0.354901449
882,447,0.190007805,0.382609959
882,452,0.192800947,-0.029301432
882,463,0.194588635,-0.019260665
882,489,0.191778382,0.313137424
882,495,0.192266963,0.336604203
882,496,0.191710974,0.433895
882,519,0.181107913,-0.074339808
882,520,0.181397482,0.009250121
882,522,0.181107525,0.071353998
882,536,0.295732466,0.344344578
882,559,0.296718829,0.252486618
882,596,0.152749777,0.284063278
882,597,0.153485276,0.167877629
882,599,0.15342636,0.349124164
882,608,0.153380869,-0.132541162
882,631,0.152624204,0.339963079
882,644,0.15537148,0.015259972
882,645,0.154937936,0.293625195
882,647,0.153632678,0.194192795
882,661,0.154214553,-0.124546563
882,673,0.157990654,0.31324556
882,675,0.159177772,0.114532862
886,11,0.151300114,-0.014931525
886,13,0.152741951,-0.038709127
886,20,0.15447263,0.09762481
886,25,0.15544754,0.111280782
886,42,0.162978401,-0.015159418
886,44,0.159474436,0.114618938
886,50,0.162805548,0.179819117
886,56,0.164700059,0.154972378
886,73,0.165988573,-0.056236467
886,83,0.1621166,-0.048852707
886,87,0.160999856,0.147316723
886,119,0.220204678,0.274440577
886,122,0.220930145,0.110164759
886,132,0.156586757,0.358349146
886,134,0.157022679,0.136240619
886,138,0.155375054,0.180739829
886,147,0.153291303,-0.062863919
886,174,0.149580314,0.023558237
886,182,0.148031601,-0.03752836
886,200,0.216972827,-0.009787512
886,212,0.232092509,0.489444155
886,216,0.236250855,0.367907939
886,219,0.238844145,0.244518759
886,236,0.272698924,0.245207148
886,239,0.275985117,0.633023496
886,260,0.187585151,-0.024745289
886,266,0.175908598,0.20945822
886,279,0.169853864,0.376164574
886,285,0.163757323,0.08384035
886,337,0.216556116,0.264638942
886,341,0.217910096,0.28967023
886,345,0.225172824,0.058514687
886,362,0.193597749,0.12433111
886,386,0.168075037,0.255239967
886,396,0.164565983,0.035606491
886,397,0.166745752,0.097475079
886,399,0.159295322,0.022442749
886,400,0.162194447,0.199280025
886,402,0.164529374,0.362907115
886,425,0.179274111,0.004764705
886,447,0.190924423,0.070155809
886,458,0.193187867,0.093882198
886,478,0.192733981,0.268609694
886,486,0.191914537,0.048243942
886,495,0.193089134,0.208495835
886,496,0.191929509,0.000373268
886,519,0.182232589,0.134324099
886,522,0.182306881,-0.017192604
886,526,0.17461695,0.187792414
886,528,0.173887199,-0.002978053
886,536,0.296332883,-0.00548527
886,588,0.160063505,-0.00240887
886,592,0.153089801,0.0620408
886,607,0.154676653,0.21018356
886,644,0.155609157,0.446192262
886,645,0.155605949,0.203052359
886,676,0.160750527,0.280409081
886,679,0.162734368,0.31575469
890,8,0.151901883,-0.09012234
890,13,0.153565289,0.015185055
890,20,0.15447884,0.072490494
890,42,0.162300882,-0.234128189
890,52,0.164433741,0.26554884
890,57,0.164459941,0.143773929
890,77,0.164516278,0.215995965
890,87,0.161178246,0.107850759
890,91,0.204996951,0.046919186
890,121,0.221413032,0.233354022
890,122,0.220913084,0.072653343
890,133,0.156882925,0.119703347
890,134,0.156997125,0.041058817
890,135,0.156257106,0.194569936
890,136,0.157038691,0.319217509
890,146,0.155152204,0.111770381
890,164,0.151104336,0.043488839
890,165,0.152855805,0.114486545
890,166,0.150360238,0.035300052
890,172,0.150663292,0.334522122
890,197,0.152968292,0.081281528
890,219,0.239379856,0.344855172
890,236,0.272432335,0.291982304
890,239,0.276826282,0.32957953
890,257,0.285783204,0.409550079
890,260,0.188350226,0.072545557
890,261,0.179172959,-0.111795854
890,278,0.17012433,-0.04913514
890,287,0.168127657,-0.043520982
890,293,0.168608139,0.034658392
890,303,0.168130787,0.170656481
890,312,0.167565743,empty
890,322,0.200975576,0.088000947
890,327,0.204740154,0.133518532
890,330,0.209293136,0.232674697
890,333,0.211888098,0.336497132
890,351,0.19839958,0.386492331
890,362,0.194405819,0.434556783
890,377,0.192738351,0.252313337
890,383,0.170870096,0.371423914
890,385,0.170567845,0.121839281
890,399,0.161145379,0.018123633
890,402,0.164790286,0.535223347
890,437,0.184925889,0.433265718
890,486,0.192356249,0.471496679
890,528,0.174584195,0.169344979
890,536,0.296422568,0.436438459
890,570,0.164606765,-0.071584262
890,586,0.159320057,0.272258399
890,604,0.154483863,0.022405463
890,644,0.156396311,0.108302075
890,647,0.155369111,0.218737867
890,648,0.155010993,-0.114867125
890,673,0.160469946,0.230770153
894,10,0.152334658,0.297952171
894,13,0.153871078,0.191898484
894,40,0.155701166,0.027378856
894,44,0.161000625,0.049787149
894,47,0.161432514,0.050738675
894,52,0.16440344,0.196035815
894,56,0.164630668,-0.138322016
894,70,0.167761807,0.24804135
894,82,0.162993004,-0.221379498
894,83,0.163260113,-0.18628643
894,98,0.213931298,0.140041662
894,102,0.214374621,0.188543561
894,111,0.216624025,0.196308214
894,121,0.221620103,0.232889085
894,122,0.221224976,empty
894,136,0.156584155,0.261855405
894,146,0.155043382,0.01179269
894,166,0.151212081,0.097605076
894,200,0.217546296,0.237706419
894,213,0.232343266,0.324353906
894,216,0.235758298,0.342210502
894,236,0.27360207,0.42176779
894,266,0.176740076,0.299443711
894,287,0.168124784,0.209111312
894,290,0.171489279,0.465630945
894,301,0.169874614,0.156100802
894,327,0.205020328,0.229183712
894,332,0.211089534,0.405718089
894,356,0.199549354,-0.006820448
894,362,0.194962086,-0.122340072
894,368,0.192020916,0.393304716
894,369,0.191467956,-0.168966682
894,377,0.192765905,0.273260896
894,384,0.17060268,-0.054740882
894,425,0.180454348,0.214594794
894,447,0.192191649,0.298918457
894,448,0.192131503,0.338411864
894,452,0.193293018,0.260386791
894,463,0.197858579,0.24746654
894,478,0.191440694,0.248941692
894,486,0.192499529,0.407344084
894,495,0.193488524,0.119092488
894,496,0.192704566,-0.004700671
894,508,0.169006961,0.501870967
894,519,0.183684675,0.031968077
894,570,0.165264319,0.191334905
894,578,0.160976745,0.209433325
894,592,0.153804966,-0.055134217
894,596,0.154421605,0.015372415
894,607,0.155082098,-0.040282689
894,608,0.154904287,0.204226042
894,618,0.153797079,0.162354701
894,631,0.156050776,0.115719637
894,635,0.156312145,0.155545655
894,636,0.157018395,0.110428025
894,644,0.157537607,0.027618236
894,653,0.155088174,0.27573764
894,661,0.155153904,0.376243282
894,676,0.161534453,0.177562123
898,20,0.154325507,0.163368644
898,31,0.158953897,0.451607958
898,40,0.154707005,0.237674527
898,54,0.163418625,-0.022739991
898,55,0.164786915,0.212639485
898,57,0.165335147,0.154457313
898,66,0.170934863,0.067510228
898,87,0.162107955,0.091815469
898,119,0.219773762,0.381646865
898,121,0.222136668,0.470477409
898,122,0.221742364,0.260578518
898,132,0.157014314,0.295499181
898,134,0.156944915,0.246330504
898,135,0.156220554,0.19938004
898,149,0.153770323,0.15986113
898,164,0.151870586,0.42793267
898,165,0.15291798,0.279982137
898,172,0.151131576,-0.183767697
898,174,0.150854844,-0.020545055
898,209,0.226268801,0.4169837
898,211,0.231951057,0.228304152
898,212,0.233619592,0.118961408
898,213,0.232854078,0.126796835
898,219,0.238462357,0.315082094
898,239,0.277369942,0.41351137
898,248,0.282965612,0.393022867
898,278,0.169971322,0.264171713
898,322,0.202238868,0.352461285
898,324,0.202777988,0.305990308
898,341,0.220872561,0.168244408
898,345,0.225690368,-0.013124261
898,356,0.200173034,0.483759188
898,369,0.191724478,0.26258511
898,370,0.19259308,0.211631438
898,383,0.171423351,0.25277874
898,385,0.169881604,0.055858853
898,425,0.181477828,0.216669067
898,437,0.18649842,0.217743207
898,458,0.194419858,-0.081227991
898,463,0.198960334,0.540146566
898,478,0.19123315,0.161500247
898,486,0.192877844,0.664805046
898,489,0.193208762,0.15147047
898,496,0.193868627,-0.003404276
898,526,0.175872576,0.096593135
898,528,0.176236106,0.349900321
898,578,0.161148592,-0.056271003
898,592,0.155192261,0.313396875
898,597,0.154659699,0.086540481
898,599,0.155614236,0.263291944
898,618,0.154606715,0.025487986
898,631,0.157091824,0.052172376
898,636,0.157505323,0.265226676
898,648,0.155446765,0.055800625
898,650,0.155025466,0.481574983
898,679,0.163556621,0.312471308
902,7,0.152539349,0.206609037
902,25,0.158039485,0.240740134
902,40,0.154123176,0.127340141
902,56,0.165127115,0.215535218
902,64,0.172584697,0.282179629
902,73,0.167492662,0.270285631
902,78,0.165318415,0.211718932
902,122,0.222354932,0.338967931
902,135,0.155821328,-0.139680812
902,138,0.156258962,0.068119914
902,146,0.154577882,0.301422116
902,165,0.153609507,-0.006425479
902,210,0.229980624,0.100256929
902,251,0.282915405,0.199209171
902,260,0.190778071,0.00888795
902,285,0.161344722,0.100532523
902,330,0.210970499,0.484603126
902,356,0.201058785,0.237379064
902,369,0.192694376,0.228826209
902,370,0.192945201,0.330582194
902,385,0.170038911,-0.317598525
902,396,0.164790217,0.15967086
902,400,0.166494548,0.14071153
902,413,0.178761901,0.069564347
902,425,0.182083272,-0.117113634
902,448,0.192353982,0.257768182
902,478,0.19092974,0.473327646
902,489,0.193033673,0.240593692
902,508,0.168154106,0.277842587
902,520,0.185842243,-0.036742918
902,526,0.176081809,0.133450887
902,558,0.295347767,0.173075614
902,586,0.159693336,0.061792826
902,588,0.161758987,0.099089304
902,592,0.155276247,0.3479057
902,596,0.153540904,0.28859042
902,628,0.157120097,0.301239033
902,631,0.157699089,-0.132391781
902,659,0.155019414,0.108207729
906,7,0.152863487,0.020786949
906,8,0.15290655,0.208363998
906,13,0.153477691,0.392595411
906,31,0.159409261,0.198454356
906,44,0.15978096,0.222483826
906,45,0.15613469,-0.045232172
906,47,0.162207184,0.177890464
906,50,0.162580323,0.506328647
906,53,0.163273554,-0.297018524
906,55,0.163766777,0.242715074
906,57,0.165293678,0.099070452
906,61,0.177191292,0.331875221
906,66,0.17228316,-0.092101335
906,70,0.170065928,0.272585891
906,98,0.214002394,-0.051393509
906,111,0.216986,0.12986622
906,119,0.218293141,0.36528439
906,121,0.221837838,0.197891676
906,137,0.156835347,0.21771882
906,138,0.156479776,0.157880141
906,172,0.152469782,0.232156367
906,182,0.14958898,0.554899082
906,213,0.233947785,0.15019588
906,229,0.26863168,0.411846495
906,251,0.282240504,0.458155318
906,265,0.175800359,-0.008206315
906,272,0.172597451,0.097867944
906,278,0.169939662,0.057083091
906,290,0.172841587,empty
906,301,0.170809152,0.096023502
906,336,0.214347499,0.418526116
906,337,0.219031842,0.065125758
906,370,0.19290726,0.334866587
906,381,0.170769973,0.079828068
906,385,0.169734301,0.433183436
906,402,0.166975414,0.530851959
906,425,0.18286314,0.054766746
906,448,0.191969727,0.041824366
906,463,0.199512827,0.315089505
906,519,0.186173627,0.29077153
906,526,0.176404741,0.217443624
906,528,0.176505844,0.235165691
906,546,0.297140039,0.289781126
906,578,0.161502077,0.098535169
906,586,0.159710726,0.381632161
906,592,0.156249781,0.063053756
906,604,0.156400133,0.409299731
906,608,0.155768397,0.122586662
906,636,0.159014937,0.059638911
906,641,0.16098975,0.143425738
906,644,0.160680186,-0.025351997
906,675,0.162184764,0.034807925
906,676,0.161749334,0.539525496
910,3,0.152802185,0.12481403
910,8,0.152944885,-0.051487449
910,25,0.158685016,0.151772831
910,53,0.163319091,0.149862462
910,54,0.162635627,-0.095329712
910,57,0.165727752,-0.117650526
910,61,0.1780945,0.14421143
910,64,0.174151295,0.052809483
910,66,0.173179898,0.135207946
910,71,0.171313907,0.351440436
910,79,0.167310679,0.130029692
910,82,0.165780755,0.414024303
910,98,0.213517422,0.038016817
910,109,0.217637383,0.074347457
910,137,0.156565774,0.145334334
910,174,0.152480492,0.054880443
910,175,0.152459702,0.153934839
910,197,0.151797258,0.207903723
910,213,0.234379269,0.32403855
910,239,0.277627188,0.144664909
910,260,0.191620611,0.248989367
910,261,0.179417038,0.171717925
910,265,0.176451207,-0.067176044
910,278,0.169700768,0.283200066
910,279,0.172038478,0.214013002
910,293,0.167447514,0.269038829
910,303,0.170315388,0.093639674
910,324,0.203545657,0.075222537
910,332,0.210354504,0.188923038
910,336,0.21401202,0.44321572
910,345,0.228144517,0.436553119
910,386,0.16928086,0.264628769
910,397,0.165685603,0.346666073
910,399,0.161370852,-0.1143817
910,402,0.166408367,0.222460299
910,452,0.19502184,0.333836677
910,463,0.198566657,0.147590716
910,478,0.192641616,0.302705707
910,489,0.193846341,0.27967526
910,540,0.296270078,0.235349802
910,570,0.164206443,0.050079106
910,592,0.156178363,0.082581165
910,608,0.156416001,0.298491213
910,618,0.155735403,0.098330124
910,628,0.15896761,0.058372026
910,632,0.158697072,-0.062495105
910,635,0.15896752,0.245576226
910,636,0.160404177,0.030386519
910,644,0.161459015,0.064813234
910,647,0.157979483,0.059614239
910,653,0.15691501,0.020702511
910,667,0.159834153,0.212386133
910,673,0.162529519,0.222954136
910,675,0.162791103,0.257339866
910,676,0.162870524,0.292883276
914,3,0.152361524,0.220037234
914,10,0.153800643,0.291801925
914,11,0.153024173,-0.143621139
914,20,0.156277644,0.06828437
914,25,0.158377744,0.043200752
914,42,0.159717512,-0.077632923
914,47,0.15943986,0.046282393
914,52,0.163428249,-0.003901145
914,55,0.163059701,0.180011678
914,61,0.179003129,0.269465425
914,66,0.17398079,0.157747764
914,70,0.171619992,0.27654126
914,73,0.170671488,0.287194265
914,82,0.166227359,0.024225529
914,91,0.203767954,-0.059587833
914,98,0.21378294,0.171691937
914,102,0.214138543,0.390063065
914,136,0.156922955,0.250186998
914,137,0.156184077,0.056913223
914,149,0.153486027,0.179105594
914,175,0.152548217,0.18588502
914,197,0.152298906,0.217049012
914,200,0.22173504,0.273854322
914,210,0.230641415,0.244841069
914,211,0.231403186,0.079619646
914,212,0.2345001,0.04807645
914,229,0.267051864,0.194183276
914,236,0.273448793,0.297221825
914,251,0.283474696,0.398552097
914,257,0.281262082,0.160076429
914,260,0.191534222,0.061386985
914,261,0.179698908,0.064236861
914,265,0.176430882,0.276856757
914,290,0.173539359,0.384715854
914,293,0.16845009,0.206362776
914,327,0.206800307,0.295083729
914,332,0.210190462,0.24384591
914,336,0.215322822,0.101274872
914,337,0.218535459,0.294918244
914,351,0.203825236,-0.043454555
914,368,0.191808753,0.332108886
914,370,0.19355563,-0.041034631
914,385,0.17052516,0.453761039
914,386,0.170252877,0.169897109
914,397,0.16572402,-0.000391166
914,399,0.161214,0.116232017
914,413,0.1798375,0.170773987
914,448,0.192699036,empty
914,494,0.194580838,0.240268947
914,508,0.169508486,0.097480975
914,586,0.15910719,0.082069619
914,592,0.156470588,0.10940881
914,599,0.156437318,0.034956199
914,631,0.15908123,-0.003405563
914,636,0.161400563,0.365704831
914,649,0.157296868,-0.069738842
914,659,0.157038188,0.186222528
918,25,0.158534647,0.162280837
918,31,0.160521119,0.162043485
918,40,0.157726399,0.249741869
918,44,0.158400213,0.196329973
918,47,0.158950071,0.053631322
918,64,0.176363607,0.176756938
918,78,0.168614229,0.433945046
918,102,0.213890074,0.147907348
918,109,0.217371612,0.335941396
918,122,0.21967636,0.1686474
918,135,0.155726802,0.221320791
918,146,0.155790897,0.020494364
918,149,0.153105468,0.293288914
918,165,0.154798788,0.409929052
918,166,0.154722414,0.004161138
918,172,0.154981002,0.007376682
918,182,0.149995994,0.396221053
918,213,0.234435599,0.07734412
918,219,0.23960599,0.099081227
918,239,0.278056694,0.317374578
918,240,0.276984911,0.35548949
918,272,0.167195454,0.093056063
918,287,0.167816637,0.132171249
918,312,0.170165142,-0.058830876
918,324,0.205523973,-0.053585696
918,351,0.203005693,0.002395197
918,368,0.192418417,0.152616963
918,369,0.194452582,0.14561986
918,377,0.195305141,0.287861408
918,383,0.172259559,0.017181505
918,384,0.171676517,0.315337945
918,386,0.16958138,0.247623348
918,397,0.165859558,0.26074354
918,437,0.187217181,0.273204078
918,447,0.196379296,0.390309383
918,463,0.198095669,0.447735198
918,486,0.197550761,0.301652901
918,489,0.194957593,-0.005753554
918,519,0.187258286,0.044027511
918,540,0.295472284,0.189351909
918,559,0.29659593,0.505605195
918,578,0.161586081,0.084502861
918,596,0.154992907,0.391279385
918,597,0.156445529,0.106405307
918,607,0.15730999,0.112665767
918,608,0.157594996,0.304469393
918,618,0.155706839,0.132631082
918,631,0.160354758,-0.00462012
918,632,0.160336523,0.289902548
918,644,0.162832873,-0.032408517
918,647,0.160176599,0.190921851
918,659,0.157462172,0.099756765
918,673,0.161915197,0.090834381
918,676,0.163968602,-0.120329276
922,7,0.153995661,0.261119859
922,11,0.153827667,0.067690744
922,25,0.158827899,0.115547249
922,56,0.163645105,0.098260927
922,77,0.171022039,0.230375792
922,82,0.168225399,0.140289052
922,87,0.166050004,0.342737916
922,109,0.216681521,0.227943967
922,121,0.21929755,0.190603574
922,133,0.156736939,0.136706056
922,166,0.155118194,0.180823129
922,182,0.150483277,0.053597535
922,200,0.222523072,0.330900576
922,212,0.235471021,0.106601483
922,213,0.233570857,0.356914764
922,214,0.234520967,0.278873347
922,216,0.238876804,0.191415575
922,236,0.273723887,0.421835238
922,239,0.276957162,0.486247426
922,257,0.282844428,0.278097502
922,260,0.19082846,0.157343586
922,265,0.176333452,0.095941369
922,276,0.169518795,0.3901979
922,279,0.169628544,0.401649234
922,290,0.173796008,0.319812934
922,312,0.170792093,0.134861352
922,327,0.207375454,-0.061494742
922,332,0.212205973,0.42026763
922,384,0.172183514,0.162314832
922,386,0.169382658,0.075223831
922,396,0.166468596,-0.007278919
922,437,0.185833584,0.317597725
922,447,0.195694674,0.16143598
922,489,0.195424623,0.263140447
922,494,0.19606765,0.373131203
922,508,0.171205796,0.088440255
922,519,0.187189172,0.231928009
922,520,0.184704135,0.131938479
922,536,0.296607872,0.181415788
922,559,0.296743427,0.034632109
922,578,0.16046574,0.29973197
922,597,0.156299279,0.338148576
922,599,0.157117152,0.179085896
922,604,0.157984736,0.104005754
922,608,0.15786754,0.310102006
922,647,0.1610785,0.201852263
922,648,0.160938441,0.221852189
922,649,0.159695965,0.377610895
922,653,0.157580337,0.353471209
922,661,0.157340628,0.312348033
922,675,0.164741229,0.135579783
926,8,0.15450491,0.139988292
926,10,0.154562695,0.432103096
926,11,0.154856339,0.233934494
926,44,0.156971899,0.21131271
926,45,0.156289291,0.148936827
926,54,0.163188151,-0.23200041
926,66,0.176429783,0.135711272
926,71,0.175193618,0.36801101
926,82,0.169128523,0.351837571
926,83,0.168223872,-0.111870402
926,109,0.216548878,0.111698897
926,111,0.216795508,0.296202398
926,121,0.218796411,0.490882048
926,138,0.156630332,0.135548536
926,146,0.154579314,0.405182937
926,164,0.153858091,0.346033873
926,165,0.15531353,0.222396196
926,174,0.153696072,0.107041678
926,212,0.235940386,-0.006747307
926,214,0.236253821,0.252882817
926,219,0.239384391,0.168883263
926,229,0.262499932,0.161343228
926,240,0.276521799,0.161288691
926,278,0.166710237,-0.154253219
926,285,0.153906755,-0.244123701
926,293,0.168556934,0.118084724
926,311,0.169776014,0.414196426
926,312,0.170059157,0.165208173
926,324,0.206910962,0.10974218
926,327,0.207852136,0.192973486
926,341,0.221568277,0.325855534
926,356,0.203075667,0.065985305
926,368,0.193768733,0.186946241
926,369,0.195246444,0.140175618
926,370,0.195067265,0.16648922
926,377,0.19430466,0.42263449
926,381,0.173562771,0.379974766
926,383,0.172352951,0.215876879
926,384,0.171601182,-0.013556614
926,386,0.168573063,0.2874692
926,396,0.166083418,0.047976857
926,413,0.181478405,0.305753673
926,437,0.185074959,0.233062099
926,445,0.193757273,0.419326622
926,463,0.200217558,0.312687679
926,486,0.198043824,0.311197397
926,495,0.195627452,-0.023455946
926,528,0.178882496,0.057615102
926,558,0.296636014,0.272146471
926,592,0.156481276,0.291405214
926,597,0.156275527,-0.102742765
926,604,0.157865824,0.381919558
926,608,0.157361926,0.159710418
926,631,0.162336191,0.093444667
926,645,0.16542346,0.112901061
926,648,0.161666935,0.167819617
926,661,0.157404526,0.169774247
926,675,0.164673838,0.210753351
926,676,0.164359846,0.147396976
930,7,0.154227616,0.125954627
930,8,0.154752816,0.208653085
930,13,0.154522171,0.310857164
930,25,0.158477521,0.195943837
930,31,0.15958378,0.258398913
930,50,0.161532133,0.180702146
930,53,0.16194347,-0.008503334
930,54,0.162257474,0.146090677
930,55,0.160065681,0.186596685
930,73,0.173157954,0.30554064
930,78,0.170928101,0.194949717
930,87,0.165956247,0.289632654
930,102,0.214111042,-0.006880469
930,110,0.216401806,0.108934008
930,122,0.220239602,0.195050213
930,133,0.155381822,0.293110695
930,135,0.1557904,0.255248756
930,146,0.154188749,0.099329581
930,165,0.15491024,0.329058738
930,166,0.155551972,0.404373461
930,200,0.223128456,0.288958458
930,211,0.233914707,0.420238097
930,236,0.274075786,0.141075341
930,239,0.27517052,0.038828533
930,261,0.181095301,0.312549919
930,285,0.152493567,0.085268033
930,293,0.16829504,0.019792324
930,301,0.172873258,0.307398462
930,303,0.169100341,0.08105217
930,311,0.170620271,0.032097979
930,322,0.205470236,-0.011180252
930,324,0.207932237,0.178422736
930,333,0.213481927,0.208685408
930,368,0.194162544,0.143535479
930,370,0.19566483,0.344915936
930,397,0.165229198,0.221185971
930,402,0.167905327,0.270916874
930,452,0.196895329,-0.00234989
930,489,0.193866247,0.257136469
930,494,0.194110227,0.286144301
930,508,0.171893278,0.228822332
930,519,0.186175312,0.187747534
930,546,0.297016634,0.313128039
930,586,0.156668295,-0.0589004
930,592,0.15651468,0.236708811
930,596,0.156098398,0.178560624
930,597,0.156728067,0.178649656
930,604,0.157761307,0.023133114
930,608,0.15682398,0.337131119
930,618,0.155613436,0.370727167
930,628,0.163013841,0.178954781
930,631,0.162942024,0.129362706
930,641,0.166491581,0.376649274
930,647,0.163467715,0.070730429
930,659,0.158585435,0.175873007
930,661,0.15786852,-0.003914881
930,679,0.167871969,0.072264732
934,31,0.15919109,0.158378242
934,44,0.157011036,0.375221787
934,45,0.151796386,0.123517493
934,47,0.155992246,0.183696831
934,53,0.160668362,0.277650934
934,54,0.16100919,0.219407046
934,55,0.159476271,0.170044319
934,57,0.163921132,0.305229328
934,66,0.17742828,-0.081037072
934,70,0.174975221,0.288287968
934,78,0.171033497,0.148353832
934,82,0.170790598,0.119955204
934,91,0.20447764,0.151559048
934,110,0.217331393,0.189273378
934,135,0.15546809,-0.010290062
934,136,0.155441961,0.128267515
934,137,0.15619989,0.051608796
934,138,0.155099824,0.075943106
934,164,0.152196965,0.335911355
934,197,0.147999678,0.169812287
934,210,0.229125907,0.461093334
934,211,0.233938975,0.290266678
934,212,0.237687455,0.165302772
934,216,0.239338033,0.219621453
934,240,0.276200079,0.213629849
934,251,0.279942405,0.391565535
934,260,0.192641983,0.315835495
934,261,0.182040112,0.263934813
934,278,0.165629288,0.241417706
934,333,0.212925955,0.237976988
934,336,0.216853781,0.162193157
934,351,0.205551236,0.323192957
934,356,0.204854517,0.192610531
934,368,0.195324473,0.283574481
934,369,0.195682485,0.378372355
934,399,0.152175198,0.095083497
934,402,0.167388779,0.084020404
934,425,0.182006937,-0.015272563
934,437,0.185898881,0.356778092
934,447,0.196514302,empty
934,458,0.198104001,0.107843166
934,478,0.193357495,0.403395097
934,486,0.198082622,0.148197341
934,489,0.195735396,0.553734323
934,522,0.188376068,0.145279899
934,592,0.156941874,-0.029301474
934,599,0.158409474,0.011035356
934,628,0.163599995,0.259797248
934,631,0.163879784,0.273676596
934,635,0.163239835,0.10494455
934,636,0.16501181,0.082703155
934,641,0.168873785,0.176723035
934,644,0.166935318,0.127499689
934,659,0.158751156,-0.196712376
934,661,0.157880524,-0.005353092
934,675,0.164769485,0.416934312
934,679,0.167654849,-0.231946966
938,3,0.155608797,0.228738227
938,10,0.156333535,0.259883565
938,13,0.155633801,0.203963175
938,32,0.159187912,0.057967667
938,44,0.157062373,0.124067321
938,50,0.161526232,0.309069959
938,56,0.161491059,0.260359848
938,57,0.163529265,0.064990373
938,61,0.184762264,0.402045312
938,64,0.181984514,0.159675176
938,70,0.175937379,0.17311503
938,73,0.173430964,0.230078451
938,78,0.171440188,0.528047086
938,79,0.171998757,0.186188207
938,82,0.171044637,-0.069677155
938,87,0.166465513,0.225808414
938,91,0.205089658,0.039979588
938,98,0.212964562,0.369974019
938,119,0.217949421,0.339503569
938,122,0.220361722,0.322007277
938,149,0.152743607,0.630312073
938,166,0.155069055,0.077926064
938,209,0.232521012,0.175072499
938,210,0.229584725,0.477023006
938,211,0.233748977,0.285668325
938,212,0.23677608,0.210379423
938,213,0.23476395,0.320236547
938,261,0.182270935,0.300978195
938,266,0.174081255,0.118322017
938,324,0.209165249,-0.101763387
938,333,0.212525878,0.340548488
938,337,0.220743369,0.188757108
938,345,0.227830215,0.181948385
938,351,0.206543523,0.375473731
938,356,0.206573623,0.332361052
938,362,0.198118834,-0.022638106
938,368,0.195990477,0.34917718
938,384,0.170244311,0.216185186
938,386,0.169017779,0.284180252
938,399,0.150631855,0.055064315
938,400,0.16057428,0.372105756
938,425,0.182502713,0.250576401
938,447,0.195655615,0.079949412
938,448,0.194165321,0.495080501
938,452,0.196936001,-0.133496252
938,494,0.193044578,0.172564314
938,496,0.191688977,0.255948171
938,508,0.173644188,0.003820608
938,519,0.182807636,0.1305483
938,522,0.186641755,0.162980785
938,536,0.297364505,0.310327357
938,559,0.297343207,0.482884279
938,586,0.153333118,0.140367637
938,588,0.1542234,-0.070097221
938,599,0.158752711,-0.113570521
938,604,0.158639625,0.509803316
938,618,0.15691595,0.028055691
938,635,0.164481917,0.274125996
938,636,0.165284951,0.281523547
938,649,0.159846896,0.220464589
938,650,0.158807878,0.150291671
938,659,0.159101316,0.203623869
938,661,0.158080907,0.00850367
938,679,0.167314091,0.087099406
942,11,0.154995183,0.06026638
942,25,0.158400761,0.116604491
942,31,0.159431183,0.089588954
942,40,0.154341292,-0.020927298
942,42,0.142898765,0.199142218
942,50,0.158217443,0.14965102
942,57,0.162984694,0.433280878
942,61,0.186048642,0.539543929
942,64,0.18309155,0.322049619
942,77,0.171273272,-0.099460046
942,91,0.205016104,0.224691424
942,122,0.219467521,0.043983163
942,132,0.154897986,0.448757224
942,135,0.155605183,0.317517649
942,146,0.153230703,0.0616397
942,147,0.153497353,0.312598596
942,149,0.152270447,0.123275415
942,166,0.155592007,0.146312479
942,174,0.153426883,0.235284783
942,175,0.152445055,0.031234174
942,197,0.145061354,-0.040473243
942,200,0.219945011,0.461327902
942,209,0.232376691,0.335566786
942,212,0.237338516,0.207293535
942,229,0.265894881,0.523938737
942,240,0.276881952,0.459888908
942,276,0.168789368,0.340004268
942,287,0.165303146,0.104514456
942,311,0.170675184,0.19572614
942,324,0.20925967,0.216175739
942,332,0.2141636,0.230721481
942,336,0.217374453,0.258986221
942,341,0.224812916,0.54500287
942,384,0.169666911,0.102781065
942,385,0.170680003,0.286439435
942,396,0.166327003,-0.045864939
942,399,0.151133123,0.191015389
942,445,0.196711661,0.317617517
942,454,0.19586975,0.22669306
942,486,0.198050736,0.049409618
942,489,0.197125168,0.385840751
942,496,0.191517093,0.175182653
942,519,0.181520661,0.416070873
942,522,0.183210685,0.214060637
942,546,0.298778101,0.129736211
942,558,0.297252477,0.497511735
942,559,0.296523068,0.360098089
942,570,0.15883965,0.178720243
942,578,0.153584646,-0.014399695
942,636,0.166213528,0.333817569
942,644,0.169806888,0.042326409
942,673,0.162409478,0.095781604
942,676,0.163974737,0.202973765
946,8,0.155824027,0.178828837
946,10,0.155245174,0.146533095
946,11,0.154968158,0.064271021
946,20,0.158184471,0.245828826
946,25,0.15909818,0.194877999
946,31,0.159498703,-0.037735405
946,50,0.153880729,0.305363015
946,61,0.187445721,-0.132681067
946,70,0.177573861,0.226001192
946,73,0.173893264,0.051924478
946,78,0.172142252,0.112707968
946,87,0.167525371,-0.149562685
946,119,0.217640401,-0.01951441
946,133,0.153271254,0.062056477
946,136,0.155405767,0.334544739
946,138,0.154976656,0.158310921
946,165,0.156312499,0.18315961
946,166,0.155643902,0.239689775
946,174,0.153221537,-0.082655437
946,182,0.144443374,0.18657743
946,210,0.229992002,0.363414888
946,214,0.237973343,0.183849324
946,219,0.238939065,0.225341124
946,236,0.276229208,0.127217444
946,239,0.274167171,0.310131647
946,248,0.283427226,0.287031698
946,251,0.281365343,0.352904203
946,272,0.169314529,-0.206598397
946,279,0.166228108,0.056837369
946,303,0.170780344,0.255210722
946,330,0.215329456,0.176810416
946,333,0.213541331,-0.106702884
946,336,0.217391816,0.463319186
946,356,0.207673836,0.074479983
946,362,0.199600655,0.182687977
946,370,0.195749949,0.145696802
946,385,0.170090052,-0.150866291
946,396,0.165997406,-0.111852132
946,425,0.183224733,0.319328962
946,489,0.196882016,0.081310832
946,494,0.191443518,-0.072205494
946,496,0.191353863,0.198781128
946,519,0.179421143,0.318875305
946,528,0.184920424,0.167890298
946,570,0.158756609,0.234484818
946,588,0.150498694,-0.032345382
946,596,0.156949544,0.007706986
946,608,0.157304099,0.16960113
946,641,0.172145885,0.288164659
946,644,0.171104622,-0.049065874
946,650,0.158710032,0.306055886
946,661,0.15876885,0.13208382
946,676,0.164414795,0.084753721
950,10,0.15467026,0.082546407
950,31,0.159665511,0.362023511
950,40,0.152177399,0.276155776
950,52,0.157950769,0.221767892
950,55,0.158187073,0.06267008
950,61,0.188787909,0.082988625
950,70,0.178528191,0.072418424
950,78,0.17253848,0.144614353
950,79,0.172776126,0.252104699
950,87,0.168406152,0.309134339
950,91,0.204226793,-0.021018601
950,110,0.217692555,0.391426294
950,111,0.213742211,0.354049668
950,121,0.219036604,0.121994154
950,133,0.15250042,0.31133205
950,134,0.15437227,0.168118876
950,138,0.154192231,0.14951017
950,146,0.152380187,-0.182084631
950,149,0.150852784,0.342435091
950,166,0.155362874,0.076234189
950,174,0.154153831,0.141206646
950,182,0.142644395,0.018497693
950,210,0.230390964,0.353661211
950,216,0.240144067,0.254441895
950,229,0.266036095,0.513680376
950,248,0.282775224,0.365166946
950,260,0.189309156,0.46376385
950,279,0.165463982,empty
950,293,0.15845277,0.307304456
950,303,0.171170125,0.211570306
950,311,0.169768156,-0.128522316
950,312,0.169598027,0.26250668
950,322,0.208533189,-0.023443275
950,336,0.217288328,0.122527119
950,337,0.219411759,0.040555896
950,341,0.22468011,0.208319801
950,351,0.209223744,0.371872174
950,362,0.199584792,0.178582669
950,377,0.19885262,-0.255743648
950,381,0.170148928,0.000752493
950,384,0.168804566,0.17268145
950,400,0.148119535,0.236921294
950,448,0.192191318,0.105706093
950,452,0.198646695,-0.013607201
950,454,0.197405042,0.159263424
950,458,0.197803402,0.286895857
950,478,0.194805115,0.086341739
950,486,0.196606693,0.097114208
950,520,0.191798874,-0.137962582
950,536,0.293686753,0.133427821
950,540,0.292785838,0.301377948
950,588,0.149493259,0.180841521
950,604,0.158299241,0.068722581
950,618,0.156443858,0.084444033
950,644,0.172093747,0.136575747
950,647,0.169424821,0.087593686
950,648,0.164832523,0.404605707
950,650,0.158751127,0.19887994
950,675,0.164567523,-0.049512166
