============================================================
Baran/Raha 数据清洗
============================================================
脏数据: Data/mercedes/dirty_index.csv
干净数据: Data/mercedes/clean_index.csv
任务名称: mercedes_raha_baran_vzekai
标注预算: 20
列拆分阈值: 30
并行进程数限制: 12
------------------------------------------------------------
sys:1: DtypeWarning: Columns (9,10,11,13,14,15,16,17,18,19,20,21,22,23,24,25,27,28,29,30,32,33,34,35,36,37,39,40,42,43,44,45,46,47,48,49,51,53,54,55,56,57,58,59,60,61,62,63,64,65,66,67,68,69,70,71,72,73,75,76,77,79,80,81,82,83,84,85,86,87,88,89,90,91,92,93,94,95,96,97,98,99,100,101,102,103,105,106,107,108,109,110,111,112,113,114,115,117,118,119,120,121,122,123,124,125,126,128,129,130,131,132,133,134,135,136,137,140,141,142,143,144,145,146,147,148,150,151,152,153,154,155,156,157,158,159,160,161,163,164,165,166,167,168,169,170,171,172,173,175,176,177,178,179,180,181,182,183,184,185,186,187,188,189,191,192,193,194,195,196,197,198,199,200,201,202,203,204,205,207,208,209,210,211,212,213,214,215,216,217,218,219,220,221,222,223,224,225,226,227,228,229,230,231,232,233,235,236,237,239,240,241,242,243,244,245,246,247,248,249,251,252,253,254,255,256,257,258,260,261,262,263,264,266,267,268,269,270,271,272,273,274,275,276,277,278,279,280,281,282,283,284,285,287,288,289,290,291,292,293,294,295,296,297,298,300,301,302,303,304,305,306,307,308,309,310,311,312,313,314,315,316,317,318,319,320,321,322,323,324,325,326,327,329,330,331,332,333,334,335,337,338,339,340,341,342,344,345,346,347,348,349,350,351,352,353,354,355,356,357,358,359,360,361,362,364,365,366,369,370,371,372,373,375,376) have mixed types.Specify dtype option on import or set low_memory=False.
数据集列数 (378) 超过阈值 (30)，启用列拆分模式
检测到高维数据集: 378 列，将拆分处理
拆分为 13 个子集，每组最多 30 列
临时目录: /tmp/baran_split_mercedes_raha_baran_vzekai_wf2nm7sw
  Split 0: 处理 30 列 (X0...X32)
============================================================
阶段1: Raha错误检测
============================================================
检测到错误单元格: 92598
检测 Precision: 1.0000
检测 Recall: 0.9996
检测 F1: 0.9998
============================================================
阶段2: Baran错误修复
============================================================
------------------------------------------------------------------------
---------------------Initialize the Dataset Object----------------------
------------------------------------------------------------------------
------------------------------------------------------------------------
--------------------Initialize Error Corrector Models-------------------
------------------------------------------------------------------------
The error corrector models are initialized.
------------------------------------------------------------------------
--------------Iterative Tuple Sampling, Labeling, and Learning----------
------------------------------------------------------------------------
Tuple 3624 is sampled.
Tuple 3624 is labeled.
The error corrector models are updated with new labeled tuple 3624.
167347 pairs of (a data error, a potential correction) are featurized.
89% (82401 / 92598) of data errors are corrected.
------------------------------------------------------------------------
Tuple 1308 is sampled.
Tuple 1308 is labeled.
The error corrector models are updated with new labeled tuple 1308.
172958 pairs of (a data error, a potential correction) are featurized.
97% (89680 / 92598) of data errors are corrected.
------------------------------------------------------------------------
Tuple 2179 is sampled.
Tuple 2179 is labeled.
The error corrector models are updated with new labeled tuple 2179.
184245 pairs of (a data error, a potential correction) are featurized.
98% (91039 / 92599) of data errors are corrected.
------------------------------------------------------------------------
Tuple 515 is sampled.
Tuple 515 is labeled.
The error corrector models are updated with new labeled tuple 515.
184550 pairs of (a data error, a potential correction) are featurized.
99% (91956 / 92600) of data errors are corrected.
------------------------------------------------------------------------
Tuple 16 is sampled.
Tuple 16 is labeled.
The error corrector models are updated with new labeled tuple 16.
184550 pairs of (a data error, a potential correction) are featurized.
99% (92113 / 92600) of data errors are corrected.
------------------------------------------------------------------------
Tuple 3966 is sampled.
Tuple 3966 is labeled.
The error corrector models are updated with new labeled tuple 3966.
196161 pairs of (a data error, a potential correction) are featurized.
100% (92172 / 92600) of data errors are corrected.
------------------------------------------------------------------------
Tuple 1662 is sampled.
Tuple 1662 is labeled.
The error corrector models are updated with new labeled tuple 1662.
196163 pairs of (a data error, a potential correction) are featurized.
100% (92233 / 92600) of data errors are corrected.
------------------------------------------------------------------------
Tuple 10 is sampled.
Tuple 10 is labeled.
The error corrector models are updated with new labeled tuple 10.
196163 pairs of (a data error, a potential correction) are featurized.
100% (92235 / 92600) of data errors are corrected.
------------------------------------------------------------------------
Tuple 1561 is sampled.
Tuple 1561 is labeled.
The error corrector models are updated with new labeled tuple 1561.
201707 pairs of (a data error, a potential correction) are featurized.
100% (92261 / 92600) of data errors are corrected.
------------------------------------------------------------------------
Tuple 2140 is sampled.
Tuple 2140 is labeled.
The error corrector models are updated with new labeled tuple 2140.
202283 pairs of (a data error, a potential correction) are featurized.
100% (92263 / 92600) of data errors are corrected.
------------------------------------------------------------------------
Tuple 1627 is sampled.
Tuple 1627 is labeled.
The error corrector models are updated with new labeled tuple 1627.
202315 pairs of (a data error, a potential correction) are featurized.
100% (92294 / 92600) of data errors are corrected.
------------------------------------------------------------------------
Tuple 2407 is sampled.
Tuple 2407 is labeled.
The error corrector models are updated with new labeled tuple 2407.
202315 pairs of (a data error, a potential correction) are featurized.
100% (92318 / 92600) of data errors are corrected.
------------------------------------------------------------------------
Tuple 744 is sampled.
Tuple 744 is labeled.
The error corrector models are updated with new labeled tuple 744.
202315 pairs of (a data error, a potential correction) are featurized.
100% (92349 / 92600) of data errors are corrected.
------------------------------------------------------------------------
Tuple 2744 is sampled.
Tuple 2744 is labeled.
The error corrector models are updated with new labeled tuple 2744.
202315 pairs of (a data error, a potential correction) are featurized.
100% (92350 / 92600) of data errors are corrected.
------------------------------------------------------------------------
Tuple 3947 is sampled.
Tuple 3947 is labeled.
The error corrector models are updated with new labeled tuple 3947.
202315 pairs of (a data error, a potential correction) are featurized.
100% (92351 / 92600) of data errors are corrected.
------------------------------------------------------------------------
Tuple 1238 is sampled.
Tuple 1238 is labeled.
The error corrector models are updated with new labeled tuple 1238.
207121 pairs of (a data error, a potential correction) are featurized.
100% (92374 / 92600) of data errors are corrected.
------------------------------------------------------------------------
Tuple 2722 is sampled.
Tuple 2722 is labeled.
The error corrector models are updated with new labeled tuple 2722.
207121 pairs of (a data error, a potential correction) are featurized.
100% (92375 / 92600) of data errors are corrected.
------------------------------------------------------------------------
Tuple 3273 is sampled.
Tuple 3273 is labeled.
The error corrector models are updated with new labeled tuple 3273.
207121 pairs of (a data error, a potential correction) are featurized.
100% (92389 / 92600) of data errors are corrected.
------------------------------------------------------------------------
Tuple 2443 is sampled.
Tuple 2443 is labeled.
The error corrector models are updated with new labeled tuple 2443.
  Split 1: 处理 30 列 (X33...X62)
207151 pairs of (a data error, a potential correction) are featurized.
100% (92533 / 92600) of data errors are corrected.
------------------------------------------------------------------------
修复单元格数: 92533
修复后数据已保存: /tmp/baran_split_mercedes_raha_baran_vzekai_wf2nm7sw/mercedes_raha_baran_vzekai_split0_cleaned.csv
============================================================
阶段1: Raha错误检测
============================================================
检测到错误单元格: 126270
检测 Precision: 1.0000
检测 Recall: 1.0000
检测 F1: 1.0000
============================================================
阶段2: Baran错误修复
============================================================
------------------------------------------------------------------------
---------------------Initialize the Dataset Object----------------------
------------------------------------------------------------------------
------------------------------------------------------------------------
--------------------Initialize Error Corrector Models-------------------
------------------------------------------------------------------------
The error corrector models are initialized.
------------------------------------------------------------------------
--------------Iterative Tuple Sampling, Labeling, and Learning----------
------------------------------------------------------------------------
Tuple 39 is sampled.
Tuple 39 is labeled.
The error corrector models are updated with new labeled tuple 39.
227082 pairs of (a data error, a potential correction) are featurized.
85% (107607 / 126270) of data errors are corrected.
------------------------------------------------------------------------
Tuple 1482 is sampled.
Tuple 1482 is labeled.
The error corrector models are updated with new labeled tuple 1482.
264789 pairs of (a data error, a potential correction) are featurized.
92% (115604 / 126270) of data errors are corrected.
------------------------------------------------------------------------
Tuple 465 is sampled.
Tuple 465 is labeled.
The error corrector models are updated with new labeled tuple 465.
289046 pairs of (a data error, a potential correction) are featurized.
94% (118788 / 126270) of data errors are corrected.
------------------------------------------------------------------------
Tuple 2683 is sampled.
Tuple 2683 is labeled.
The error corrector models are updated with new labeled tuple 2683.
301305 pairs of (a data error, a potential correction) are featurized.
96% (121218 / 126270) of data errors are corrected.
------------------------------------------------------------------------
Tuple 1573 is sampled.
Tuple 1573 is labeled.
The error corrector models are updated with new labeled tuple 1573.
308828 pairs of (a data error, a potential correction) are featurized.
97% (122480 / 126270) of data errors are corrected.
------------------------------------------------------------------------
Tuple 269 is sampled.
Tuple 269 is labeled.
The error corrector models are updated with new labeled tuple 269.
308828 pairs of (a data error, a potential correction) are featurized.
97% (122528 / 126270) of data errors are corrected.
------------------------------------------------------------------------
Tuple 927 is sampled.
Tuple 927 is labeled.
The error corrector models are updated with new labeled tuple 927.
315020 pairs of (a data error, a potential correction) are featurized.
97% (122578 / 126270) of data errors are corrected.
------------------------------------------------------------------------
Tuple 2263 is sampled.
Tuple 2263 is labeled.
The error corrector models are updated with new labeled tuple 2263.
321477 pairs of (a data error, a potential correction) are featurized.
97% (122690 / 126270) of data errors are corrected.
------------------------------------------------------------------------
Tuple 280 is sampled.
Tuple 280 is labeled.
The error corrector models are updated with new labeled tuple 280.
332809 pairs of (a data error, a potential correction) are featurized.
97% (122694 / 126270) of data errors are corrected.
------------------------------------------------------------------------
Tuple 634 is sampled.
Tuple 634 is labeled.
The error corrector models are updated with new labeled tuple 634.
332809 pairs of (a data error, a potential correction) are featurized.
97% (122788 / 126270) of data errors are corrected.
------------------------------------------------------------------------
Tuple 4190 is sampled.
Tuple 4190 is labeled.
The error corrector models are updated with new labeled tuple 4190.
337507 pairs of (a data error, a potential correction) are featurized.
97% (122839 / 126270) of data errors are corrected.
------------------------------------------------------------------------
Tuple 734 is sampled.
Tuple 734 is labeled.
The error corrector models are updated with new labeled tuple 734.
346001 pairs of (a data error, a potential correction) are featurized.
97% (122853 / 126270) of data errors are corrected.
------------------------------------------------------------------------
Tuple 3381 is sampled.
Tuple 3381 is labeled.
The error corrector models are updated with new labeled tuple 3381.
346003 pairs of (a data error, a potential correction) are featurized.
97% (122856 / 126270) of data errors are corrected.
------------------------------------------------------------------------
Tuple 2442 is sampled.
Tuple 2442 is labeled.
The error corrector models are updated with new labeled tuple 2442.
346034 pairs of (a data error, a potential correction) are featurized.
97% (122865 / 126270) of data errors are corrected.
------------------------------------------------------------------------
Tuple 2645 is sampled.
Tuple 2645 is labeled.
The error corrector models are updated with new labeled tuple 2645.
346689 pairs of (a data error, a potential correction) are featurized.
97% (122869 / 126270) of data errors are corrected.
------------------------------------------------------------------------
Tuple 2181 is sampled.
Tuple 2181 is labeled.
The error corrector models are updated with new labeled tuple 2181.
346689 pairs of (a data error, a potential correction) are featurized.
97% (122873 / 126270) of data errors are corrected.
------------------------------------------------------------------------
Tuple 520 is sampled.
Tuple 520 is labeled.
The error corrector models are updated with new labeled tuple 520.
346689 pairs of (a data error, a potential correction) are featurized.
97% (122876 / 126270) of data errors are corrected.
------------------------------------------------------------------------
Tuple 4038 is sampled.
Tuple 4038 is labeled.
The error corrector models are updated with new labeled tuple 4038.
347613 pairs of (a data error, a potential correction) are featurized.
97% (122879 / 126270) of data errors are corrected.
------------------------------------------------------------------------
Tuple 2335 is sampled.
Tuple 2335 is labeled.
The error corrector models are updated with new labeled tuple 2335.
  Split 2: 处理 30 列 (X63...X93)
347613 pairs of (a data error, a potential correction) are featurized.
97% (122882 / 126270) of data errors are corrected.
------------------------------------------------------------------------
修复单元格数: 122882
修复后数据已保存: /tmp/baran_split_mercedes_raha_baran_vzekai_wf2nm7sw/mercedes_raha_baran_vzekai_split1_cleaned.csv
============================================================
阶段1: Raha错误检测
============================================================
检测到错误单元格: 126270
检测 Precision: 1.0000
检测 Recall: 1.0000
检测 F1: 1.0000
============================================================
阶段2: Baran错误修复
============================================================
------------------------------------------------------------------------
---------------------Initialize the Dataset Object----------------------
------------------------------------------------------------------------
------------------------------------------------------------------------
--------------------Initialize Error Corrector Models-------------------
------------------------------------------------------------------------
The error corrector models are initialized.
------------------------------------------------------------------------
--------------Iterative Tuple Sampling, Labeling, and Learning----------
------------------------------------------------------------------------
Tuple 3152 is sampled.
Tuple 3152 is labeled.
The error corrector models are updated with new labeled tuple 3152.
227940 pairs of (a data error, a potential correction) are featurized.
88% (110947 / 126270) of data errors are corrected.
------------------------------------------------------------------------
Tuple 2761 is sampled.
Tuple 2761 is labeled.
The error corrector models are updated with new labeled tuple 2761.
275063 pairs of (a data error, a potential correction) are featurized.
93% (118004 / 126270) of data errors are corrected.
------------------------------------------------------------------------
Tuple 3056 is sampled.
Tuple 3056 is labeled.
The error corrector models are updated with new labeled tuple 3056.
280641 pairs of (a data error, a potential correction) are featurized.
95% (120581 / 126270) of data errors are corrected.
------------------------------------------------------------------------
Tuple 275 is sampled.
Tuple 275 is labeled.
The error corrector models are updated with new labeled tuple 275.
296148 pairs of (a data error, a potential correction) are featurized.
98% (123288 / 126270) of data errors are corrected.
------------------------------------------------------------------------
Tuple 3422 is sampled.
Tuple 3422 is labeled.
The error corrector models are updated with new labeled tuple 3422.
297961 pairs of (a data error, a potential correction) are featurized.
98% (124361 / 126270) of data errors are corrected.
------------------------------------------------------------------------
Tuple 1329 is sampled.
Tuple 1329 is labeled.
The error corrector models are updated with new labeled tuple 1329.
297961 pairs of (a data error, a potential correction) are featurized.
99% (124473 / 126270) of data errors are corrected.
------------------------------------------------------------------------
Tuple 1737 is sampled.
Tuple 1737 is labeled.
The error corrector models are updated with new labeled tuple 1737.
298033 pairs of (a data error, a potential correction) are featurized.
99% (124500 / 126270) of data errors are corrected.
------------------------------------------------------------------------
Tuple 4121 is sampled.
Tuple 4121 is labeled.
The error corrector models are updated with new labeled tuple 4121.
304605 pairs of (a data error, a potential correction) are featurized.
99% (124507 / 126270) of data errors are corrected.
------------------------------------------------------------------------
Tuple 4008 is sampled.
Tuple 4008 is labeled.
The error corrector models are updated with new labeled tuple 4008.
317663 pairs of (a data error, a potential correction) are featurized.
99% (124526 / 126270) of data errors are corrected.
------------------------------------------------------------------------
Tuple 3822 is sampled.
Tuple 3822 is labeled.
The error corrector models are updated with new labeled tuple 3822.
317666 pairs of (a data error, a potential correction) are featurized.
99% (124528 / 126270) of data errors are corrected.
------------------------------------------------------------------------
Tuple 465 is sampled.
Tuple 465 is labeled.
The error corrector models are updated with new labeled tuple 465.
317675 pairs of (a data error, a potential correction) are featurized.
99% (124529 / 126270) of data errors are corrected.
------------------------------------------------------------------------
Tuple 3769 is sampled.
Tuple 3769 is labeled.
The error corrector models are updated with new labeled tuple 3769.
317713 pairs of (a data error, a potential correction) are featurized.
99% (124530 / 126270) of data errors are corrected.
------------------------------------------------------------------------
Tuple 2684 is sampled.
Tuple 2684 is labeled.
The error corrector models are updated with new labeled tuple 2684.
322904 pairs of (a data error, a potential correction) are featurized.
99% (124533 / 126270) of data errors are corrected.
------------------------------------------------------------------------
Tuple 1971 is sampled.
Tuple 1971 is labeled.
The error corrector models are updated with new labeled tuple 1971.
322904 pairs of (a data error, a potential correction) are featurized.
99% (124536 / 126270) of data errors are corrected.
------------------------------------------------------------------------
Tuple 1223 is sampled.
Tuple 1223 is labeled.
The error corrector models are updated with new labeled tuple 1223.
322972 pairs of (a data error, a potential correction) are featurized.
99% (124539 / 126270) of data errors are corrected.
------------------------------------------------------------------------
Tuple 2694 is sampled.
Tuple 2694 is labeled.
The error corrector models are updated with new labeled tuple 2694.
327588 pairs of (a data error, a potential correction) are featurized.
99% (124542 / 126270) of data errors are corrected.
------------------------------------------------------------------------
Tuple 1964 is sampled.
Tuple 1964 is labeled.
The error corrector models are updated with new labeled tuple 1964.
333497 pairs of (a data error, a potential correction) are featurized.
99% (124545 / 126270) of data errors are corrected.
------------------------------------------------------------------------
Tuple 3403 is sampled.
Tuple 3403 is labeled.
The error corrector models are updated with new labeled tuple 3403.
333497 pairs of (a data error, a potential correction) are featurized.
99% (124548 / 126270) of data errors are corrected.
------------------------------------------------------------------------
Tuple 916 is sampled.
Tuple 916 is labeled.
The error corrector models are updated with new labeled tuple 916.
  Split 3: 处理 30 列 (X94...X124)
333497 pairs of (a data error, a potential correction) are featurized.
99% (124551 / 126270) of data errors are corrected.
------------------------------------------------------------------------
修复单元格数: 124551
修复后数据已保存: /tmp/baran_split_mercedes_raha_baran_vzekai_wf2nm7sw/mercedes_raha_baran_vzekai_split2_cleaned.csv
============================================================
阶段1: Raha错误检测
============================================================
检测到错误单元格: 126270
检测 Precision: 1.0000
检测 Recall: 1.0000
检测 F1: 1.0000
============================================================
阶段2: Baran错误修复
============================================================
------------------------------------------------------------------------
---------------------Initialize the Dataset Object----------------------
------------------------------------------------------------------------
------------------------------------------------------------------------
--------------------Initialize Error Corrector Models-------------------
------------------------------------------------------------------------
The error corrector models are initialized.
------------------------------------------------------------------------
--------------Iterative Tuple Sampling, Labeling, and Learning----------
------------------------------------------------------------------------
Tuple 3403 is sampled.
Tuple 3403 is labeled.
The error corrector models are updated with new labeled tuple 3403.
227873 pairs of (a data error, a potential correction) are featurized.
87% (110060 / 126270) of data errors are corrected.
------------------------------------------------------------------------
Tuple 3084 is sampled.
Tuple 3084 is labeled.
The error corrector models are updated with new labeled tuple 3084.
260908 pairs of (a data error, a potential correction) are featurized.
97% (122165 / 126270) of data errors are corrected.
------------------------------------------------------------------------
Tuple 4198 is sampled.
Tuple 4198 is labeled.
The error corrector models are updated with new labeled tuple 4198.
273848 pairs of (a data error, a potential correction) are featurized.
98% (123888 / 126270) of data errors are corrected.
------------------------------------------------------------------------
Tuple 2876 is sampled.
Tuple 2876 is labeled.
The error corrector models are updated with new labeled tuple 2876.
293192 pairs of (a data error, a potential correction) are featurized.
98% (124120 / 126270) of data errors are corrected.
------------------------------------------------------------------------
Tuple 1183 is sampled.
Tuple 1183 is labeled.
The error corrector models are updated with new labeled tuple 1183.
302833 pairs of (a data error, a potential correction) are featurized.
99% (125267 / 126270) of data errors are corrected.
------------------------------------------------------------------------
Tuple 448 is sampled.
Tuple 448 is labeled.
The error corrector models are updated with new labeled tuple 448.
302939 pairs of (a data error, a potential correction) are featurized.
99% (125281 / 126270) of data errors are corrected.
------------------------------------------------------------------------
Tuple 2204 is sampled.
Tuple 2204 is labeled.
The error corrector models are updated with new labeled tuple 2204.
302983 pairs of (a data error, a potential correction) are featurized.
99% (125295 / 126270) of data errors are corrected.
------------------------------------------------------------------------
Tuple 1249 is sampled.
Tuple 1249 is labeled.
The error corrector models are updated with new labeled tuple 1249.
303217 pairs of (a data error, a potential correction) are featurized.
99% (125296 / 126270) of data errors are corrected.
------------------------------------------------------------------------
Tuple 1246 is sampled.
Tuple 1246 is labeled.
The error corrector models are updated with new labeled tuple 1246.
304018 pairs of (a data error, a potential correction) are featurized.
99% (125298 / 126270) of data errors are corrected.
------------------------------------------------------------------------
Tuple 1372 is sampled.
Tuple 1372 is labeled.
The error corrector models are updated with new labeled tuple 1372.
311597 pairs of (a data error, a potential correction) are featurized.
99% (125300 / 126270) of data errors are corrected.
------------------------------------------------------------------------
Tuple 785 is sampled.
Tuple 785 is labeled.
The error corrector models are updated with new labeled tuple 785.
311750 pairs of (a data error, a potential correction) are featurized.
99% (125302 / 126270) of data errors are corrected.
------------------------------------------------------------------------
Tuple 1291 is sampled.
Tuple 1291 is labeled.
The error corrector models are updated with new labeled tuple 1291.
311750 pairs of (a data error, a potential correction) are featurized.
99% (125304 / 126270) of data errors are corrected.
------------------------------------------------------------------------
Tuple 3158 is sampled.
Tuple 3158 is labeled.
The error corrector models are updated with new labeled tuple 3158.
311750 pairs of (a data error, a potential correction) are featurized.
99% (125306 / 126270) of data errors are corrected.
------------------------------------------------------------------------
Tuple 1191 is sampled.
Tuple 1191 is labeled.
The error corrector models are updated with new labeled tuple 1191.
316677 pairs of (a data error, a potential correction) are featurized.
99% (125308 / 126270) of data errors are corrected.
------------------------------------------------------------------------
Tuple 3890 is sampled.
Tuple 3890 is labeled.
The error corrector models are updated with new labeled tuple 3890.
328153 pairs of (a data error, a potential correction) are featurized.
99% (125310 / 126270) of data errors are corrected.
------------------------------------------------------------------------
Tuple 3524 is sampled.
Tuple 3524 is labeled.
The error corrector models are updated with new labeled tuple 3524.
328289 pairs of (a data error, a potential correction) are featurized.
99% (125312 / 126270) of data errors are corrected.
------------------------------------------------------------------------
Tuple 2353 is sampled.
Tuple 2353 is labeled.
The error corrector models are updated with new labeled tuple 2353.
340740 pairs of (a data error, a potential correction) are featurized.
99% (125314 / 126270) of data errors are corrected.
------------------------------------------------------------------------
Tuple 3304 is sampled.
Tuple 3304 is labeled.
The error corrector models are updated with new labeled tuple 3304.
344586 pairs of (a data error, a potential correction) are featurized.
99% (125316 / 126270) of data errors are corrected.
------------------------------------------------------------------------
Tuple 3193 is sampled.
Tuple 3193 is labeled.
The error corrector models are updated with new labeled tuple 3193.
  Split 4: 处理 30 列 (X125...X155)
345537 pairs of (a data error, a potential correction) are featurized.
99% (125318 / 126270) of data errors are corrected.
------------------------------------------------------------------------
修复单元格数: 125318
修复后数据已保存: /tmp/baran_split_mercedes_raha_baran_vzekai_wf2nm7sw/mercedes_raha_baran_vzekai_split3_cleaned.csv
============================================================
阶段1: Raha错误检测
============================================================
检测到错误单元格: 126270
检测 Precision: 1.0000
检测 Recall: 1.0000
检测 F1: 1.0000
============================================================
阶段2: Baran错误修复
============================================================
------------------------------------------------------------------------
---------------------Initialize the Dataset Object----------------------
------------------------------------------------------------------------
------------------------------------------------------------------------
--------------------Initialize Error Corrector Models-------------------
------------------------------------------------------------------------
The error corrector models are initialized.
------------------------------------------------------------------------
--------------Iterative Tuple Sampling, Labeling, and Learning----------
------------------------------------------------------------------------
Tuple 1728 is sampled.
Tuple 1728 is labeled.
The error corrector models are updated with new labeled tuple 1728.
227353 pairs of (a data error, a potential correction) are featurized.
85% (106829 / 126270) of data errors are corrected.
------------------------------------------------------------------------
Tuple 2303 is sampled.
Tuple 2303 is labeled.
The error corrector models are updated with new labeled tuple 2303.
256292 pairs of (a data error, a potential correction) are featurized.
92% (116099 / 126270) of data errors are corrected.
------------------------------------------------------------------------
Tuple 1205 is sampled.
Tuple 1205 is labeled.
The error corrector models are updated with new labeled tuple 1205.
289020 pairs of (a data error, a potential correction) are featurized.
95% (119632 / 126270) of data errors are corrected.
------------------------------------------------------------------------
Tuple 1635 is sampled.
Tuple 1635 is labeled.
The error corrector models are updated with new labeled tuple 1635.
291485 pairs of (a data error, a potential correction) are featurized.
96% (120785 / 126270) of data errors are corrected.
------------------------------------------------------------------------
Tuple 2468 is sampled.
Tuple 2468 is labeled.
The error corrector models are updated with new labeled tuple 2468.
294671 pairs of (a data error, a potential correction) are featurized.
96% (120913 / 126270) of data errors are corrected.
------------------------------------------------------------------------
Tuple 2551 is sampled.
Tuple 2551 is labeled.
The error corrector models are updated with new labeled tuple 2551.
311442 pairs of (a data error, a potential correction) are featurized.
96% (120995 / 126270) of data errors are corrected.
------------------------------------------------------------------------
Tuple 271 is sampled.
Tuple 271 is labeled.
The error corrector models are updated with new labeled tuple 271.
323868 pairs of (a data error, a potential correction) are featurized.
96% (121001 / 126270) of data errors are corrected.
------------------------------------------------------------------------
Tuple 137 is sampled.
Tuple 137 is labeled.
The error corrector models are updated with new labeled tuple 137.
333597 pairs of (a data error, a potential correction) are featurized.
96% (121011 / 126270) of data errors are corrected.
------------------------------------------------------------------------
Tuple 4208 is sampled.
Tuple 4208 is labeled.
The error corrector models are updated with new labeled tuple 4208.
338251 pairs of (a data error, a potential correction) are featurized.
96% (121015 / 126270) of data errors are corrected.
------------------------------------------------------------------------
Tuple 3508 is sampled.
Tuple 3508 is labeled.
The error corrector models are updated with new labeled tuple 3508.
342040 pairs of (a data error, a potential correction) are featurized.
96% (121023 / 126270) of data errors are corrected.
------------------------------------------------------------------------
Tuple 4018 is sampled.
Tuple 4018 is labeled.
The error corrector models are updated with new labeled tuple 4018.
353625 pairs of (a data error, a potential correction) are featurized.
96% (121027 / 126270) of data errors are corrected.
------------------------------------------------------------------------
Tuple 3962 is sampled.
Tuple 3962 is labeled.
The error corrector models are updated with new labeled tuple 3962.
353708 pairs of (a data error, a potential correction) are featurized.
96% (121031 / 126270) of data errors are corrected.
------------------------------------------------------------------------
Tuple 970 is sampled.
Tuple 970 is labeled.
The error corrector models are updated with new labeled tuple 970.
353708 pairs of (a data error, a potential correction) are featurized.
96% (121044 / 126270) of data errors are corrected.
------------------------------------------------------------------------
Tuple 1489 is sampled.
Tuple 1489 is labeled.
The error corrector models are updated with new labeled tuple 1489.
353708 pairs of (a data error, a potential correction) are featurized.
96% (121048 / 126270) of data errors are corrected.
------------------------------------------------------------------------
Tuple 2320 is sampled.
Tuple 2320 is labeled.
The error corrector models are updated with new labeled tuple 2320.
353708 pairs of (a data error, a potential correction) are featurized.
96% (121052 / 126270) of data errors are corrected.
------------------------------------------------------------------------
Tuple 2041 is sampled.
Tuple 2041 is labeled.
The error corrector models are updated with new labeled tuple 2041.
353717 pairs of (a data error, a potential correction) are featurized.
96% (121056 / 126270) of data errors are corrected.
------------------------------------------------------------------------
Tuple 1525 is sampled.
Tuple 1525 is labeled.
The error corrector models are updated with new labeled tuple 1525.
353728 pairs of (a data error, a potential correction) are featurized.
96% (121060 / 126270) of data errors are corrected.
------------------------------------------------------------------------
Tuple 1662 is sampled.
Tuple 1662 is labeled.
The error corrector models are updated with new labeled tuple 1662.
353728 pairs of (a data error, a potential correction) are featurized.
96% (121075 / 126270) of data errors are corrected.
------------------------------------------------------------------------
Tuple 2708 is sampled.
Tuple 2708 is labeled.
The error corrector models are updated with new labeled tuple 2708.
  Split 5: 处理 30 列 (X156...X185)
359163 pairs of (a data error, a potential correction) are featurized.
96% (121079 / 126270) of data errors are corrected.
------------------------------------------------------------------------
修复单元格数: 121079
修复后数据已保存: /tmp/baran_split_mercedes_raha_baran_vzekai_wf2nm7sw/mercedes_raha_baran_vzekai_split4_cleaned.csv
============================================================
阶段1: Raha错误检测
============================================================
检测到错误单元格: 126270
检测 Precision: 1.0000
检测 Recall: 1.0000
检测 F1: 1.0000
============================================================
阶段2: Baran错误修复
============================================================
------------------------------------------------------------------------
---------------------Initialize the Dataset Object----------------------
------------------------------------------------------------------------
------------------------------------------------------------------------
--------------------Initialize Error Corrector Models-------------------
------------------------------------------------------------------------
The error corrector models are initialized.
------------------------------------------------------------------------
--------------Iterative Tuple Sampling, Labeling, and Learning----------
------------------------------------------------------------------------
Tuple 2070 is sampled.
Tuple 2070 is labeled.
The error corrector models are updated with new labeled tuple 2070.
227058 pairs of (a data error, a potential correction) are featurized.
90% (114253 / 126270) of data errors are corrected.
------------------------------------------------------------------------
Tuple 1182 is sampled.
Tuple 1182 is labeled.
The error corrector models are updated with new labeled tuple 1182.
273957 pairs of (a data error, a potential correction) are featurized.
93% (117545 / 126270) of data errors are corrected.
------------------------------------------------------------------------
Tuple 2223 is sampled.
Tuple 2223 is labeled.
The error corrector models are updated with new labeled tuple 2223.
281082 pairs of (a data error, a potential correction) are featurized.
94% (119261 / 126270) of data errors are corrected.
------------------------------------------------------------------------
Tuple 2803 is sampled.
Tuple 2803 is labeled.
The error corrector models are updated with new labeled tuple 2803.
295067 pairs of (a data error, a potential correction) are featurized.
97% (122644 / 126270) of data errors are corrected.
------------------------------------------------------------------------
Tuple 1395 is sampled.
Tuple 1395 is labeled.
The error corrector models are updated with new labeled tuple 1395.
295459 pairs of (a data error, a potential correction) are featurized.
98% (123603 / 126270) of data errors are corrected.
------------------------------------------------------------------------
Tuple 2312 is sampled.
Tuple 2312 is labeled.
The error corrector models are updated with new labeled tuple 2312.
301041 pairs of (a data error, a potential correction) are featurized.
98% (123627 / 126270) of data errors are corrected.
------------------------------------------------------------------------
Tuple 2048 is sampled.
Tuple 2048 is labeled.
The error corrector models are updated with new labeled tuple 2048.
308247 pairs of (a data error, a potential correction) are featurized.
98% (123643 / 126270) of data errors are corrected.
------------------------------------------------------------------------
Tuple 977 is sampled.
Tuple 977 is labeled.
The error corrector models are updated with new labeled tuple 977.
314646 pairs of (a data error, a potential correction) are featurized.
98% (123645 / 126270) of data errors are corrected.
------------------------------------------------------------------------
Tuple 2634 is sampled.
Tuple 2634 is labeled.
The error corrector models are updated with new labeled tuple 2634.
314646 pairs of (a data error, a potential correction) are featurized.
98% (123651 / 126270) of data errors are corrected.
------------------------------------------------------------------------
Tuple 1123 is sampled.
Tuple 1123 is labeled.
The error corrector models are updated with new labeled tuple 1123.
321962 pairs of (a data error, a potential correction) are featurized.
98% (123654 / 126270) of data errors are corrected.
------------------------------------------------------------------------
Tuple 1315 is sampled.
Tuple 1315 is labeled.
The error corrector models are updated with new labeled tuple 1315.
322478 pairs of (a data error, a potential correction) are featurized.
98% (123657 / 126270) of data errors are corrected.
------------------------------------------------------------------------
Tuple 3518 is sampled.
Tuple 3518 is labeled.
The error corrector models are updated with new labeled tuple 3518.
328201 pairs of (a data error, a potential correction) are featurized.
98% (123660 / 126270) of data errors are corrected.
------------------------------------------------------------------------
Tuple 3212 is sampled.
Tuple 3212 is labeled.
The error corrector models are updated with new labeled tuple 3212.
335672 pairs of (a data error, a potential correction) are featurized.
98% (123663 / 126270) of data errors are corrected.
------------------------------------------------------------------------
Tuple 3087 is sampled.
Tuple 3087 is labeled.
The error corrector models are updated with new labeled tuple 3087.
340806 pairs of (a data error, a potential correction) are featurized.
98% (123666 / 126270) of data errors are corrected.
------------------------------------------------------------------------
Tuple 2039 is sampled.
Tuple 2039 is labeled.
The error corrector models are updated with new labeled tuple 2039.
340806 pairs of (a data error, a potential correction) are featurized.
98% (123669 / 126270) of data errors are corrected.
------------------------------------------------------------------------
Tuple 1928 is sampled.
Tuple 1928 is labeled.
The error corrector models are updated with new labeled tuple 1928.
340806 pairs of (a data error, a potential correction) are featurized.
98% (123672 / 126270) of data errors are corrected.
------------------------------------------------------------------------
Tuple 1991 is sampled.
Tuple 1991 is labeled.
The error corrector models are updated with new labeled tuple 1991.
340807 pairs of (a data error, a potential correction) are featurized.
98% (123675 / 126270) of data errors are corrected.
------------------------------------------------------------------------
Tuple 1448 is sampled.
Tuple 1448 is labeled.
The error corrector models are updated with new labeled tuple 1448.
340807 pairs of (a data error, a potential correction) are featurized.
98% (123678 / 126270) of data errors are corrected.
------------------------------------------------------------------------
Tuple 2799 is sampled.
Tuple 2799 is labeled.
The error corrector models are updated with new labeled tuple 2799.
  Split 6: 处理 30 列 (X186...X217)
340807 pairs of (a data error, a potential correction) are featurized.
98% (123681 / 126270) of data errors are corrected.
------------------------------------------------------------------------
修复单元格数: 123681
修复后数据已保存: /tmp/baran_split_mercedes_raha_baran_vzekai_wf2nm7sw/mercedes_raha_baran_vzekai_split5_cleaned.csv
============================================================
阶段1: Raha错误检测
============================================================
检测到错误单元格: 126270
检测 Precision: 1.0000
检测 Recall: 1.0000
检测 F1: 1.0000
============================================================
阶段2: Baran错误修复
============================================================
------------------------------------------------------------------------
---------------------Initialize the Dataset Object----------------------
------------------------------------------------------------------------
------------------------------------------------------------------------
--------------------Initialize Error Corrector Models-------------------
------------------------------------------------------------------------
The error corrector models are initialized.
------------------------------------------------------------------------
--------------Iterative Tuple Sampling, Labeling, and Learning----------
------------------------------------------------------------------------
Tuple 4051 is sampled.
Tuple 4051 is labeled.
The error corrector models are updated with new labeled tuple 4051.
227200 pairs of (a data error, a potential correction) are featurized.
89% (112789 / 126270) of data errors are corrected.
------------------------------------------------------------------------
Tuple 2350 is sampled.
Tuple 2350 is labeled.
The error corrector models are updated with new labeled tuple 2350.
266764 pairs of (a data error, a potential correction) are featurized.
95% (119501 / 126270) of data errors are corrected.
------------------------------------------------------------------------
Tuple 2474 is sampled.
Tuple 2474 is labeled.
The error corrector models are updated with new labeled tuple 2474.
266764 pairs of (a data error, a potential correction) are featurized.
97% (122734 / 126270) of data errors are corrected.
------------------------------------------------------------------------
Tuple 2844 is sampled.
Tuple 2844 is labeled.
The error corrector models are updated with new labeled tuple 2844.
285138 pairs of (a data error, a potential correction) are featurized.
97% (123053 / 126270) of data errors are corrected.
------------------------------------------------------------------------
Tuple 365 is sampled.
Tuple 365 is labeled.
The error corrector models are updated with new labeled tuple 365.
285171 pairs of (a data error, a potential correction) are featurized.
98% (123126 / 126270) of data errors are corrected.
------------------------------------------------------------------------
Tuple 1924 is sampled.
Tuple 1924 is labeled.
The error corrector models are updated with new labeled tuple 1924.
286261 pairs of (a data error, a potential correction) are featurized.
98% (123383 / 126270) of data errors are corrected.
------------------------------------------------------------------------
Tuple 505 is sampled.
Tuple 505 is labeled.
The error corrector models are updated with new labeled tuple 505.
286275 pairs of (a data error, a potential correction) are featurized.
98% (123540 / 126270) of data errors are corrected.
------------------------------------------------------------------------
Tuple 200 is sampled.
Tuple 200 is labeled.
The error corrector models are updated with new labeled tuple 200.
293478 pairs of (a data error, a potential correction) are featurized.
98% (123567 / 126270) of data errors are corrected.
------------------------------------------------------------------------
Tuple 115 is sampled.
Tuple 115 is labeled.
The error corrector models are updated with new labeled tuple 115.
301018 pairs of (a data error, a potential correction) are featurized.
98% (123610 / 126270) of data errors are corrected.
------------------------------------------------------------------------
Tuple 3974 is sampled.
Tuple 3974 is labeled.
The error corrector models are updated with new labeled tuple 3974.
301018 pairs of (a data error, a potential correction) are featurized.
98% (123613 / 126270) of data errors are corrected.
------------------------------------------------------------------------
Tuple 1005 is sampled.
Tuple 1005 is labeled.
The error corrector models are updated with new labeled tuple 1005.
307475 pairs of (a data error, a potential correction) are featurized.
98% (123616 / 126270) of data errors are corrected.
------------------------------------------------------------------------
Tuple 3040 is sampled.
Tuple 3040 is labeled.
The error corrector models are updated with new labeled tuple 3040.
314933 pairs of (a data error, a potential correction) are featurized.
98% (123619 / 126270) of data errors are corrected.
------------------------------------------------------------------------
Tuple 1522 is sampled.
Tuple 1522 is labeled.
The error corrector models are updated with new labeled tuple 1522.
315537 pairs of (a data error, a potential correction) are featurized.
98% (123622 / 126270) of data errors are corrected.
------------------------------------------------------------------------
Tuple 2495 is sampled.
Tuple 2495 is labeled.
The error corrector models are updated with new labeled tuple 2495.
316546 pairs of (a data error, a potential correction) are featurized.
98% (123625 / 126270) of data errors are corrected.
------------------------------------------------------------------------
Tuple 466 is sampled.
Tuple 466 is labeled.
The error corrector models are updated with new labeled tuple 466.
316546 pairs of (a data error, a potential correction) are featurized.
98% (123628 / 126270) of data errors are corrected.
------------------------------------------------------------------------
Tuple 1588 is sampled.
Tuple 1588 is labeled.
The error corrector models are updated with new labeled tuple 1588.
316546 pairs of (a data error, a potential correction) are featurized.
98% (123631 / 126270) of data errors are corrected.
------------------------------------------------------------------------
Tuple 4145 is sampled.
Tuple 4145 is labeled.
The error corrector models are updated with new labeled tuple 4145.
316675 pairs of (a data error, a potential correction) are featurized.
98% (123634 / 126270) of data errors are corrected.
------------------------------------------------------------------------
Tuple 77 is sampled.
Tuple 77 is labeled.
The error corrector models are updated with new labeled tuple 77.
323533 pairs of (a data error, a potential correction) are featurized.
98% (123637 / 126270) of data errors are corrected.
------------------------------------------------------------------------
Tuple 621 is sampled.
Tuple 621 is labeled.
The error corrector models are updated with new labeled tuple 621.
  Split 7: 处理 30 列 (X218...X247)
329286 pairs of (a data error, a potential correction) are featurized.
98% (123640 / 126270) of data errors are corrected.
------------------------------------------------------------------------
修复单元格数: 123640
修复后数据已保存: /tmp/baran_split_mercedes_raha_baran_vzekai_wf2nm7sw/mercedes_raha_baran_vzekai_split6_cleaned.csv
============================================================
阶段1: Raha错误检测
============================================================
检测到错误单元格: 126270
检测 Precision: 1.0000
检测 Recall: 1.0000
检测 F1: 1.0000
============================================================
阶段2: Baran错误修复
============================================================
------------------------------------------------------------------------
---------------------Initialize the Dataset Object----------------------
------------------------------------------------------------------------
------------------------------------------------------------------------
--------------------Initialize Error Corrector Models-------------------
------------------------------------------------------------------------
The error corrector models are initialized.
------------------------------------------------------------------------
--------------Iterative Tuple Sampling, Labeling, and Learning----------
------------------------------------------------------------------------
Tuple 1362 is sampled.
Tuple 1362 is labeled.
The error corrector models are updated with new labeled tuple 1362.
228863 pairs of (a data error, a potential correction) are featurized.
89% (112809 / 126270) of data errors are corrected.
------------------------------------------------------------------------
Tuple 3497 is sampled.
Tuple 3497 is labeled.
The error corrector models are updated with new labeled tuple 3497.
278009 pairs of (a data error, a potential correction) are featurized.
95% (120035 / 126270) of data errors are corrected.
------------------------------------------------------------------------
Tuple 259 is sampled.
Tuple 259 is labeled.
The error corrector models are updated with new labeled tuple 259.
285127 pairs of (a data error, a potential correction) are featurized.
96% (120974 / 126270) of data errors are corrected.
------------------------------------------------------------------------
Tuple 2792 is sampled.
Tuple 2792 is labeled.
The error corrector models are updated with new labeled tuple 2792.
285452 pairs of (a data error, a potential correction) are featurized.
98% (123451 / 126270) of data errors are corrected.
------------------------------------------------------------------------
Tuple 3043 is sampled.
Tuple 3043 is labeled.
The error corrector models are updated with new labeled tuple 3043.
285555 pairs of (a data error, a potential correction) are featurized.
98% (124027 / 126270) of data errors are corrected.
------------------------------------------------------------------------
Tuple 1282 is sampled.
Tuple 1282 is labeled.
The error corrector models are updated with new labeled tuple 1282.
290694 pairs of (a data error, a potential correction) are featurized.
98% (124135 / 126270) of data errors are corrected.
------------------------------------------------------------------------
Tuple 1453 is sampled.
Tuple 1453 is labeled.
The error corrector models are updated with new labeled tuple 1453.
297996 pairs of (a data error, a potential correction) are featurized.
98% (124187 / 126270) of data errors are corrected.
------------------------------------------------------------------------
Tuple 1299 is sampled.
Tuple 1299 is labeled.
The error corrector models are updated with new labeled tuple 1299.
297997 pairs of (a data error, a potential correction) are featurized.
98% (124189 / 126270) of data errors are corrected.
------------------------------------------------------------------------
Tuple 3403 is sampled.
Tuple 3403 is labeled.
The error corrector models are updated with new labeled tuple 3403.
298009 pairs of (a data error, a potential correction) are featurized.
98% (124247 / 126270) of data errors are corrected.
------------------------------------------------------------------------
Tuple 3880 is sampled.
Tuple 3880 is labeled.
The error corrector models are updated with new labeled tuple 3880.
298009 pairs of (a data error, a potential correction) are featurized.
98% (124250 / 126270) of data errors are corrected.
------------------------------------------------------------------------
Tuple 2142 is sampled.
Tuple 2142 is labeled.
The error corrector models are updated with new labeled tuple 2142.
298009 pairs of (a data error, a potential correction) are featurized.
98% (124253 / 126270) of data errors are corrected.
------------------------------------------------------------------------
Tuple 418 is sampled.
Tuple 418 is labeled.
The error corrector models are updated with new labeled tuple 418.
309690 pairs of (a data error, a potential correction) are featurized.
98% (124256 / 126270) of data errors are corrected.
------------------------------------------------------------------------
Tuple 4022 is sampled.
Tuple 4022 is labeled.
The error corrector models are updated with new labeled tuple 4022.
322307 pairs of (a data error, a potential correction) are featurized.
98% (124259 / 126270) of data errors are corrected.
------------------------------------------------------------------------
Tuple 998 is sampled.
Tuple 998 is labeled.
The error corrector models are updated with new labeled tuple 998.
327198 pairs of (a data error, a potential correction) are featurized.
98% (124262 / 126270) of data errors are corrected.
------------------------------------------------------------------------
Tuple 3393 is sampled.
Tuple 3393 is labeled.
The error corrector models are updated with new labeled tuple 3393.
331788 pairs of (a data error, a potential correction) are featurized.
98% (124265 / 126270) of data errors are corrected.
------------------------------------------------------------------------
Tuple 921 is sampled.
Tuple 921 is labeled.
The error corrector models are updated with new labeled tuple 921.
337804 pairs of (a data error, a potential correction) are featurized.
98% (124268 / 126270) of data errors are corrected.
------------------------------------------------------------------------
Tuple 4139 is sampled.
Tuple 4139 is labeled.
The error corrector models are updated with new labeled tuple 4139.
337867 pairs of (a data error, a potential correction) are featurized.
98% (124271 / 126270) of data errors are corrected.
------------------------------------------------------------------------
Tuple 1579 is sampled.
Tuple 1579 is labeled.
The error corrector models are updated with new labeled tuple 1579.
342251 pairs of (a data error, a potential correction) are featurized.
98% (124274 / 126270) of data errors are corrected.
------------------------------------------------------------------------
Tuple 2284 is sampled.
Tuple 2284 is labeled.
The error corrector models are updated with new labeled tuple 2284.
  Split 8: 处理 30 列 (X248...X277)
342251 pairs of (a data error, a potential correction) are featurized.
98% (124277 / 126270) of data errors are corrected.
------------------------------------------------------------------------
修复单元格数: 124277
修复后数据已保存: /tmp/baran_split_mercedes_raha_baran_vzekai_wf2nm7sw/mercedes_raha_baran_vzekai_split7_cleaned.csv
============================================================
阶段1: Raha错误检测
============================================================
检测到错误单元格: 126270
检测 Precision: 1.0000
检测 Recall: 1.0000
检测 F1: 1.0000
============================================================
阶段2: Baran错误修复
============================================================
------------------------------------------------------------------------
---------------------Initialize the Dataset Object----------------------
------------------------------------------------------------------------
------------------------------------------------------------------------
--------------------Initialize Error Corrector Models-------------------
------------------------------------------------------------------------
The error corrector models are initialized.
------------------------------------------------------------------------
--------------Iterative Tuple Sampling, Labeling, and Learning----------
------------------------------------------------------------------------
Tuple 212 is sampled.
Tuple 212 is labeled.
The error corrector models are updated with new labeled tuple 212.
228128 pairs of (a data error, a potential correction) are featurized.
89% (112778 / 126270) of data errors are corrected.
------------------------------------------------------------------------
Tuple 1565 is sampled.
Tuple 1565 is labeled.
The error corrector models are updated with new labeled tuple 1565.
244130 pairs of (a data error, a potential correction) are featurized.
94% (118684 / 126270) of data errors are corrected.
------------------------------------------------------------------------
Tuple 1916 is sampled.
Tuple 1916 is labeled.
The error corrector models are updated with new labeled tuple 1916.
258543 pairs of (a data error, a potential correction) are featurized.
96% (121073 / 126270) of data errors are corrected.
------------------------------------------------------------------------
Tuple 235 is sampled.
Tuple 235 is labeled.
The error corrector models are updated with new labeled tuple 235.
286167 pairs of (a data error, a potential correction) are featurized.
98% (123277 / 126270) of data errors are corrected.
------------------------------------------------------------------------
Tuple 4191 is sampled.
Tuple 4191 is labeled.
The error corrector models are updated with new labeled tuple 4191.
300714 pairs of (a data error, a potential correction) are featurized.
98% (124263 / 126270) of data errors are corrected.
------------------------------------------------------------------------
Tuple 3392 is sampled.
Tuple 3392 is labeled.
The error corrector models are updated with new labeled tuple 3392.
300805 pairs of (a data error, a potential correction) are featurized.
99% (124493 / 126270) of data errors are corrected.
------------------------------------------------------------------------
Tuple 310 is sampled.
Tuple 310 is labeled.
The error corrector models are updated with new labeled tuple 310.
301518 pairs of (a data error, a potential correction) are featurized.
99% (124499 / 126270) of data errors are corrected.
------------------------------------------------------------------------
Tuple 1107 is sampled.
Tuple 1107 is labeled.
The error corrector models are updated with new labeled tuple 1107.
301520 pairs of (a data error, a potential correction) are featurized.
99% (124506 / 126270) of data errors are corrected.
------------------------------------------------------------------------
Tuple 2110 is sampled.
Tuple 2110 is labeled.
The error corrector models are updated with new labeled tuple 2110.
301521 pairs of (a data error, a potential correction) are featurized.
99% (124520 / 126270) of data errors are corrected.
------------------------------------------------------------------------
Tuple 448 is sampled.
Tuple 448 is labeled.
The error corrector models are updated with new labeled tuple 448.
301526 pairs of (a data error, a potential correction) are featurized.
99% (124526 / 126270) of data errors are corrected.
------------------------------------------------------------------------
Tuple 452 is sampled.
Tuple 452 is labeled.
The error corrector models are updated with new labeled tuple 452.
301553 pairs of (a data error, a potential correction) are featurized.
99% (124527 / 126270) of data errors are corrected.
------------------------------------------------------------------------
Tuple 71 is sampled.
Tuple 71 is labeled.
The error corrector models are updated with new labeled tuple 71.
301553 pairs of (a data error, a potential correction) are featurized.
99% (124530 / 126270) of data errors are corrected.
------------------------------------------------------------------------
Tuple 3625 is sampled.
Tuple 3625 is labeled.
The error corrector models are updated with new labeled tuple 3625.
301553 pairs of (a data error, a potential correction) are featurized.
99% (124532 / 126270) of data errors are corrected.
------------------------------------------------------------------------
Tuple 4159 is sampled.
Tuple 4159 is labeled.
The error corrector models are updated with new labeled tuple 4159.
307052 pairs of (a data error, a potential correction) are featurized.
99% (124534 / 126270) of data errors are corrected.
------------------------------------------------------------------------
Tuple 883 is sampled.
Tuple 883 is labeled.
The error corrector models are updated with new labeled tuple 883.
307113 pairs of (a data error, a potential correction) are featurized.
99% (124536 / 126270) of data errors are corrected.
------------------------------------------------------------------------
Tuple 1973 is sampled.
Tuple 1973 is labeled.
The error corrector models are updated with new labeled tuple 1973.
313583 pairs of (a data error, a potential correction) are featurized.
99% (124538 / 126270) of data errors are corrected.
------------------------------------------------------------------------
Tuple 3456 is sampled.
Tuple 3456 is labeled.
The error corrector models are updated with new labeled tuple 3456.
313583 pairs of (a data error, a potential correction) are featurized.
99% (124540 / 126270) of data errors are corrected.
------------------------------------------------------------------------
Tuple 1003 is sampled.
Tuple 1003 is labeled.
The error corrector models are updated with new labeled tuple 1003.
313583 pairs of (a data error, a potential correction) are featurized.
99% (124542 / 126270) of data errors are corrected.
------------------------------------------------------------------------
Tuple 3987 is sampled.
Tuple 3987 is labeled.
The error corrector models are updated with new labeled tuple 3987.
  Split 9: 处理 30 列 (X278...X308)
319740 pairs of (a data error, a potential correction) are featurized.
99% (124544 / 126270) of data errors are corrected.
------------------------------------------------------------------------
修复单元格数: 124544
修复后数据已保存: /tmp/baran_split_mercedes_raha_baran_vzekai_wf2nm7sw/mercedes_raha_baran_vzekai_split8_cleaned.csv
============================================================
阶段1: Raha错误检测
============================================================
检测到错误单元格: 126270
检测 Precision: 1.0000
检测 Recall: 1.0000
检测 F1: 1.0000
============================================================
阶段2: Baran错误修复
============================================================
------------------------------------------------------------------------
---------------------Initialize the Dataset Object----------------------
------------------------------------------------------------------------
------------------------------------------------------------------------
--------------------Initialize Error Corrector Models-------------------
------------------------------------------------------------------------
The error corrector models are initialized.
------------------------------------------------------------------------
--------------Iterative Tuple Sampling, Labeling, and Learning----------
------------------------------------------------------------------------
Tuple 11 is sampled.
Tuple 11 is labeled.
The error corrector models are updated with new labeled tuple 11.
230477 pairs of (a data error, a potential correction) are featurized.
87% (109344 / 126270) of data errors are corrected.
------------------------------------------------------------------------
Tuple 3128 is sampled.
Tuple 3128 is labeled.
The error corrector models are updated with new labeled tuple 3128.
243378 pairs of (a data error, a potential correction) are featurized.
95% (119916 / 126270) of data errors are corrected.
------------------------------------------------------------------------
Tuple 1860 is sampled.
Tuple 1860 is labeled.
The error corrector models are updated with new labeled tuple 1860.
258987 pairs of (a data error, a potential correction) are featurized.
97% (122439 / 126270) of data errors are corrected.
------------------------------------------------------------------------
Tuple 72 is sampled.
Tuple 72 is labeled.
The error corrector models are updated with new labeled tuple 72.
258987 pairs of (a data error, a potential correction) are featurized.
98% (124260 / 126270) of data errors are corrected.
------------------------------------------------------------------------
Tuple 3897 is sampled.
Tuple 3897 is labeled.
The error corrector models are updated with new labeled tuple 3897.
276260 pairs of (a data error, a potential correction) are featurized.
99% (124517 / 126270) of data errors are corrected.
------------------------------------------------------------------------
Tuple 3521 is sampled.
Tuple 3521 is labeled.
The error corrector models are updated with new labeled tuple 3521.
282349 pairs of (a data error, a potential correction) are featurized.
99% (124578 / 126270) of data errors are corrected.
------------------------------------------------------------------------
Tuple 3430 is sampled.
Tuple 3430 is labeled.
The error corrector models are updated with new labeled tuple 3430.
289547 pairs of (a data error, a potential correction) are featurized.
99% (124586 / 126270) of data errors are corrected.
------------------------------------------------------------------------
Tuple 3662 is sampled.
Tuple 3662 is labeled.
The error corrector models are updated with new labeled tuple 3662.
289618 pairs of (a data error, a potential correction) are featurized.
99% (124588 / 126270) of data errors are corrected.
------------------------------------------------------------------------
Tuple 1040 is sampled.
Tuple 1040 is labeled.
The error corrector models are updated with new labeled tuple 1040.
289618 pairs of (a data error, a potential correction) are featurized.
99% (124590 / 126270) of data errors are corrected.
------------------------------------------------------------------------
Tuple 2936 is sampled.
Tuple 2936 is labeled.
The error corrector models are updated with new labeled tuple 2936.
295711 pairs of (a data error, a potential correction) are featurized.
99% (124592 / 126270) of data errors are corrected.
------------------------------------------------------------------------
Tuple 1165 is sampled.
Tuple 1165 is labeled.
The error corrector models are updated with new labeled tuple 1165.
295719 pairs of (a data error, a potential correction) are featurized.
99% (124594 / 126270) of data errors are corrected.
------------------------------------------------------------------------
Tuple 2327 is sampled.
Tuple 2327 is labeled.
The error corrector models are updated with new labeled tuple 2327.
295719 pairs of (a data error, a potential correction) are featurized.
99% (124596 / 126270) of data errors are corrected.
------------------------------------------------------------------------
Tuple 1914 is sampled.
Tuple 1914 is labeled.
The error corrector models are updated with new labeled tuple 1914.
295719 pairs of (a data error, a potential correction) are featurized.
99% (124598 / 126270) of data errors are corrected.
------------------------------------------------------------------------
Tuple 1589 is sampled.
Tuple 1589 is labeled.
The error corrector models are updated with new labeled tuple 1589.
303191 pairs of (a data error, a potential correction) are featurized.
99% (124600 / 126270) of data errors are corrected.
------------------------------------------------------------------------
Tuple 390 is sampled.
Tuple 390 is labeled.
The error corrector models are updated with new labeled tuple 390.
306978 pairs of (a data error, a potential correction) are featurized.
99% (124602 / 126270) of data errors are corrected.
------------------------------------------------------------------------
Tuple 2372 is sampled.
Tuple 2372 is labeled.
The error corrector models are updated with new labeled tuple 2372.
311931 pairs of (a data error, a potential correction) are featurized.
99% (124604 / 126270) of data errors are corrected.
------------------------------------------------------------------------
Tuple 25 is sampled.
Tuple 25 is labeled.
The error corrector models are updated with new labeled tuple 25.
317521 pairs of (a data error, a potential correction) are featurized.
99% (124606 / 126270) of data errors are corrected.
------------------------------------------------------------------------
Tuple 3207 is sampled.
Tuple 3207 is labeled.
The error corrector models are updated with new labeled tuple 3207.
322613 pairs of (a data error, a potential correction) are featurized.
99% (124608 / 126270) of data errors are corrected.
------------------------------------------------------------------------
Tuple 885 is sampled.
Tuple 885 is labeled.
The error corrector models are updated with new labeled tuple 885.
  Split 10: 处理 30 列 (X309...X338)
322613 pairs of (a data error, a potential correction) are featurized.
99% (124610 / 126270) of data errors are corrected.
------------------------------------------------------------------------
修复单元格数: 124610
修复后数据已保存: /tmp/baran_split_mercedes_raha_baran_vzekai_wf2nm7sw/mercedes_raha_baran_vzekai_split9_cleaned.csv
============================================================
阶段1: Raha错误检测
============================================================
检测到错误单元格: 126270
检测 Precision: 1.0000
检测 Recall: 1.0000
检测 F1: 1.0000
============================================================
阶段2: Baran错误修复
============================================================
------------------------------------------------------------------------
---------------------Initialize the Dataset Object----------------------
------------------------------------------------------------------------
------------------------------------------------------------------------
--------------------Initialize Error Corrector Models-------------------
------------------------------------------------------------------------
The error corrector models are initialized.
------------------------------------------------------------------------
--------------Iterative Tuple Sampling, Labeling, and Learning----------
------------------------------------------------------------------------
Tuple 1629 is sampled.
Tuple 1629 is labeled.
The error corrector models are updated with new labeled tuple 1629.
228057 pairs of (a data error, a potential correction) are featurized.
89% (111956 / 126270) of data errors are corrected.
------------------------------------------------------------------------
Tuple 44 is sampled.
Tuple 44 is labeled.
The error corrector models are updated with new labeled tuple 44.
262119 pairs of (a data error, a potential correction) are featurized.
93% (116832 / 126270) of data errors are corrected.
------------------------------------------------------------------------
Tuple 3437 is sampled.
Tuple 3437 is labeled.
The error corrector models are updated with new labeled tuple 3437.
276711 pairs of (a data error, a potential correction) are featurized.
96% (120888 / 126270) of data errors are corrected.
------------------------------------------------------------------------
Tuple 2123 is sampled.
Tuple 2123 is labeled.
The error corrector models are updated with new labeled tuple 2123.
290708 pairs of (a data error, a potential correction) are featurized.
97% (122820 / 126270) of data errors are corrected.
------------------------------------------------------------------------
Tuple 3948 is sampled.
Tuple 3948 is labeled.
The error corrector models are updated with new labeled tuple 3948.
294702 pairs of (a data error, a potential correction) are featurized.
97% (122860 / 126270) of data errors are corrected.
------------------------------------------------------------------------
Tuple 1428 is sampled.
Tuple 1428 is labeled.
The error corrector models are updated with new labeled tuple 1428.
294761 pairs of (a data error, a potential correction) are featurized.
97% (122915 / 126270) of data errors are corrected.
------------------------------------------------------------------------
Tuple 3536 is sampled.
Tuple 3536 is labeled.
The error corrector models are updated with new labeled tuple 3536.
308594 pairs of (a data error, a potential correction) are featurized.
97% (122921 / 126270) of data errors are corrected.
------------------------------------------------------------------------
Tuple 3963 is sampled.
Tuple 3963 is labeled.
The error corrector models are updated with new labeled tuple 3963.
320458 pairs of (a data error, a potential correction) are featurized.
97% (122939 / 126270) of data errors are corrected.
------------------------------------------------------------------------
Tuple 3413 is sampled.
Tuple 3413 is labeled.
The error corrector models are updated with new labeled tuple 3413.
320507 pairs of (a data error, a potential correction) are featurized.
97% (122947 / 126270) of data errors are corrected.
------------------------------------------------------------------------
Tuple 1433 is sampled.
Tuple 1433 is labeled.
The error corrector models are updated with new labeled tuple 1433.
332898 pairs of (a data error, a potential correction) are featurized.
97% (122951 / 126270) of data errors are corrected.
------------------------------------------------------------------------
Tuple 1297 is sampled.
Tuple 1297 is labeled.
The error corrector models are updated with new labeled tuple 1297.
337197 pairs of (a data error, a potential correction) are featurized.
97% (122955 / 126270) of data errors are corrected.
------------------------------------------------------------------------
Tuple 452 is sampled.
Tuple 452 is labeled.
The error corrector models are updated with new labeled tuple 452.
337266 pairs of (a data error, a potential correction) are featurized.
97% (122963 / 126270) of data errors are corrected.
------------------------------------------------------------------------
Tuple 1619 is sampled.
Tuple 1619 is labeled.
The error corrector models are updated with new labeled tuple 1619.
337435 pairs of (a data error, a potential correction) are featurized.
97% (122966 / 126270) of data errors are corrected.
------------------------------------------------------------------------
Tuple 420 is sampled.
Tuple 420 is labeled.
The error corrector models are updated with new labeled tuple 420.
342373 pairs of (a data error, a potential correction) are featurized.
97% (122970 / 126270) of data errors are corrected.
------------------------------------------------------------------------
Tuple 3999 is sampled.
Tuple 3999 is labeled.
The error corrector models are updated with new labeled tuple 3999.
342953 pairs of (a data error, a potential correction) are featurized.
97% (122973 / 126270) of data errors are corrected.
------------------------------------------------------------------------
Tuple 2953 is sampled.
Tuple 2953 is labeled.
The error corrector models are updated with new labeled tuple 2953.
342953 pairs of (a data error, a potential correction) are featurized.
97% (122976 / 126270) of data errors are corrected.
------------------------------------------------------------------------
Tuple 3842 is sampled.
Tuple 3842 is labeled.
The error corrector models are updated with new labeled tuple 3842.
342953 pairs of (a data error, a potential correction) are featurized.
97% (122979 / 126270) of data errors are corrected.
------------------------------------------------------------------------
Tuple 3897 is sampled.
Tuple 3897 is labeled.
The error corrector models are updated with new labeled tuple 3897.
342953 pairs of (a data error, a potential correction) are featurized.
97% (122982 / 126270) of data errors are corrected.
------------------------------------------------------------------------
Tuple 172 is sampled.
Tuple 172 is labeled.
The error corrector models are updated with new labeled tuple 172.
  Split 11: 处理 30 列 (X339...X368)
347413 pairs of (a data error, a potential correction) are featurized.
97% (122985 / 126270) of data errors are corrected.
------------------------------------------------------------------------
修复单元格数: 122985
修复后数据已保存: /tmp/baran_split_mercedes_raha_baran_vzekai_wf2nm7sw/mercedes_raha_baran_vzekai_split10_cleaned.csv
============================================================
阶段1: Raha错误检测
============================================================
检测到错误单元格: 126270
检测 Precision: 1.0000
检测 Recall: 1.0000
检测 F1: 1.0000
============================================================
阶段2: Baran错误修复
============================================================
------------------------------------------------------------------------
---------------------Initialize the Dataset Object----------------------
------------------------------------------------------------------------
------------------------------------------------------------------------
--------------------Initialize Error Corrector Models-------------------
------------------------------------------------------------------------
The error corrector models are initialized.
------------------------------------------------------------------------
--------------Iterative Tuple Sampling, Labeling, and Learning----------
------------------------------------------------------------------------
Tuple 1766 is sampled.
Tuple 1766 is labeled.
The error corrector models are updated with new labeled tuple 1766.
228164 pairs of (a data error, a potential correction) are featurized.
87% (110301 / 126270) of data errors are corrected.
------------------------------------------------------------------------
Tuple 3310 is sampled.
Tuple 3310 is labeled.
The error corrector models are updated with new labeled tuple 3310.
255666 pairs of (a data error, a potential correction) are featurized.
91% (115129 / 126270) of data errors are corrected.
------------------------------------------------------------------------
Tuple 2 is sampled.
Tuple 2 is labeled.
The error corrector models are updated with new labeled tuple 2.
273392 pairs of (a data error, a potential correction) are featurized.
95% (119878 / 126270) of data errors are corrected.
------------------------------------------------------------------------
Tuple 73 is sampled.
Tuple 73 is labeled.
The error corrector models are updated with new labeled tuple 73.
286978 pairs of (a data error, a potential correction) are featurized.
97% (122572 / 126270) of data errors are corrected.
------------------------------------------------------------------------
Tuple 1214 is sampled.
Tuple 1214 is labeled.
The error corrector models are updated with new labeled tuple 1214.
299469 pairs of (a data error, a potential correction) are featurized.
97% (122657 / 126270) of data errors are corrected.
------------------------------------------------------------------------
Tuple 203 is sampled.
Tuple 203 is labeled.
The error corrector models are updated with new labeled tuple 203.
316694 pairs of (a data error, a potential correction) are featurized.
97% (122809 / 126270) of data errors are corrected.
------------------------------------------------------------------------
Tuple 1974 is sampled.
Tuple 1974 is labeled.
The error corrector models are updated with new labeled tuple 1974.
316735 pairs of (a data error, a potential correction) are featurized.
97% (122988 / 126270) of data errors are corrected.
------------------------------------------------------------------------
Tuple 2652 is sampled.
Tuple 2652 is labeled.
The error corrector models are updated with new labeled tuple 2652.
316933 pairs of (a data error, a potential correction) are featurized.
97% (123001 / 126270) of data errors are corrected.
------------------------------------------------------------------------
Tuple 2425 is sampled.
Tuple 2425 is labeled.
The error corrector models are updated with new labeled tuple 2425.
328703 pairs of (a data error, a potential correction) are featurized.
97% (123007 / 126270) of data errors are corrected.
------------------------------------------------------------------------
Tuple 1053 is sampled.
Tuple 1053 is labeled.
The error corrector models are updated with new labeled tuple 1053.
333468 pairs of (a data error, a potential correction) are featurized.
97% (123048 / 126270) of data errors are corrected.
------------------------------------------------------------------------
Tuple 3389 is sampled.
Tuple 3389 is labeled.
The error corrector models are updated with new labeled tuple 3389.
333468 pairs of (a data error, a potential correction) are featurized.
97% (123049 / 126270) of data errors are corrected.
------------------------------------------------------------------------
Tuple 3052 is sampled.
Tuple 3052 is labeled.
The error corrector models are updated with new labeled tuple 3052.
338701 pairs of (a data error, a potential correction) are featurized.
98% (123203 / 126270) of data errors are corrected.
------------------------------------------------------------------------
Tuple 3865 is sampled.
Tuple 3865 is labeled.
The error corrector models are updated with new labeled tuple 3865.
343031 pairs of (a data error, a potential correction) are featurized.
98% (123207 / 126270) of data errors are corrected.
------------------------------------------------------------------------
Tuple 3474 is sampled.
Tuple 3474 is labeled.
The error corrector models are updated with new labeled tuple 3474.
343031 pairs of (a data error, a potential correction) are featurized.
98% (123211 / 126270) of data errors are corrected.
------------------------------------------------------------------------
Tuple 987 is sampled.
Tuple 987 is labeled.
The error corrector models are updated with new labeled tuple 987.
347637 pairs of (a data error, a potential correction) are featurized.
98% (123214 / 126270) of data errors are corrected.
------------------------------------------------------------------------
Tuple 937 is sampled.
Tuple 937 is labeled.
The error corrector models are updated with new labeled tuple 937.
347637 pairs of (a data error, a potential correction) are featurized.
98% (123217 / 126270) of data errors are corrected.
------------------------------------------------------------------------
Tuple 3626 is sampled.
Tuple 3626 is labeled.
The error corrector models are updated with new labeled tuple 3626.
347637 pairs of (a data error, a potential correction) are featurized.
98% (123220 / 126270) of data errors are corrected.
------------------------------------------------------------------------
Tuple 3274 is sampled.
Tuple 3274 is labeled.
The error corrector models are updated with new labeled tuple 3274.
347637 pairs of (a data error, a potential correction) are featurized.
98% (123223 / 126270) of data errors are corrected.
------------------------------------------------------------------------
Tuple 3508 is sampled.
Tuple 3508 is labeled.
The error corrector models are updated with new labeled tuple 3508.
  Split 12: 处理 17 列 (X369...y)
347637 pairs of (a data error, a potential correction) are featurized.
98% (123226 / 126270) of data errors are corrected.
------------------------------------------------------------------------
修复单元格数: 123226
修复后数据已保存: /tmp/baran_split_mercedes_raha_baran_vzekai_wf2nm7sw/mercedes_raha_baran_vzekai_split11_cleaned.csv
============================================================
阶段1: Raha错误检测
============================================================
检测到错误单元格: 67344
检测 Precision: 1.0000
检测 Recall: 1.0000
检测 F1: 1.0000
============================================================
阶段2: Baran错误修复
============================================================
------------------------------------------------------------------------
---------------------Initialize the Dataset Object----------------------
------------------------------------------------------------------------
------------------------------------------------------------------------
--------------------Initialize Error Corrector Models-------------------
------------------------------------------------------------------------
The error corrector models are initialized.
------------------------------------------------------------------------
--------------Iterative Tuple Sampling, Labeling, and Learning----------
------------------------------------------------------------------------
Tuple 3683 is sampled.
Tuple 3683 is labeled.
The error corrector models are updated with new labeled tuple 3683.
70741 pairs of (a data error, a potential correction) are featurized.
99% (66491 / 67344) of data errors are corrected.
------------------------------------------------------------------------
Tuple 413 is sampled.
Tuple 413 is labeled.
The error corrector models are updated with new labeled tuple 413.
122043 pairs of (a data error, a potential correction) are featurized.
99% (66497 / 67344) of data errors are corrected.
------------------------------------------------------------------------
Tuple 1981 is sampled.
Tuple 1981 is labeled.
The error corrector models are updated with new labeled tuple 1981.
128884 pairs of (a data error, a potential correction) are featurized.
99% (66498 / 67344) of data errors are corrected.
------------------------------------------------------------------------
Tuple 4137 is sampled.
Tuple 4137 is labeled.
The error corrector models are updated with new labeled tuple 4137.
129267 pairs of (a data error, a potential correction) are featurized.
99% (66499 / 67344) of data errors are corrected.
------------------------------------------------------------------------
Tuple 2914 is sampled.
Tuple 2914 is labeled.
The error corrector models are updated with new labeled tuple 2914.
129354 pairs of (a data error, a potential correction) are featurized.
99% (66500 / 67344) of data errors are corrected.
------------------------------------------------------------------------
Tuple 2395 is sampled.
Tuple 2395 is labeled.
The error corrector models are updated with new labeled tuple 2395.
129650 pairs of (a data error, a potential correction) are featurized.
99% (66501 / 67344) of data errors are corrected.
------------------------------------------------------------------------
Tuple 3770 is sampled.
Tuple 3770 is labeled.
The error corrector models are updated with new labeled tuple 3770.
133176 pairs of (a data error, a potential correction) are featurized.
99% (66502 / 67344) of data errors are corrected.
------------------------------------------------------------------------
Tuple 3818 is sampled.
Tuple 3818 is labeled.
The error corrector models are updated with new labeled tuple 3818.
133176 pairs of (a data error, a potential correction) are featurized.
99% (66503 / 67344) of data errors are corrected.
------------------------------------------------------------------------
Tuple 1139 is sampled.
Tuple 1139 is labeled.
The error corrector models are updated with new labeled tuple 1139.
133673 pairs of (a data error, a potential correction) are featurized.
99% (66504 / 67344) of data errors are corrected.
------------------------------------------------------------------------
Tuple 237 is sampled.
Tuple 237 is labeled.
The error corrector models are updated with new labeled tuple 237.
133673 pairs of (a data error, a potential correction) are featurized.
99% (66505 / 67344) of data errors are corrected.
------------------------------------------------------------------------
Tuple 1245 is sampled.
Tuple 1245 is labeled.
The error corrector models are updated with new labeled tuple 1245.
138317 pairs of (a data error, a potential correction) are featurized.
99% (66506 / 67344) of data errors are corrected.
------------------------------------------------------------------------
Tuple 2352 is sampled.
Tuple 2352 is labeled.
The error corrector models are updated with new labeled tuple 2352.
138317 pairs of (a data error, a potential correction) are featurized.
99% (66507 / 67344) of data errors are corrected.
------------------------------------------------------------------------
Tuple 711 is sampled.
Tuple 711 is labeled.
The error corrector models are updated with new labeled tuple 711.
138638 pairs of (a data error, a potential correction) are featurized.
99% (66508 / 67344) of data errors are corrected.
------------------------------------------------------------------------
Tuple 2853 is sampled.
Tuple 2853 is labeled.
The error corrector models are updated with new labeled tuple 2853.
138638 pairs of (a data error, a potential correction) are featurized.
99% (66509 / 67344) of data errors are corrected.
------------------------------------------------------------------------
Tuple 4179 is sampled.
Tuple 4179 is labeled.
The error corrector models are updated with new labeled tuple 4179.
138638 pairs of (a data error, a potential correction) are featurized.
99% (66510 / 67344) of data errors are corrected.
------------------------------------------------------------------------
Tuple 1891 is sampled.
Tuple 1891 is labeled.
The error corrector models are updated with new labeled tuple 1891.
138638 pairs of (a data error, a potential correction) are featurized.
99% (66511 / 67344) of data errors are corrected.
------------------------------------------------------------------------
Tuple 2045 is sampled.
Tuple 2045 is labeled.
The error corrector models are updated with new labeled tuple 2045.
138638 pairs of (a data error, a potential correction) are featurized.
99% (66512 / 67344) of data errors are corrected.
------------------------------------------------------------------------
Tuple 520 is sampled.
Tuple 520 is labeled.
The error corrector models are updated with new labeled tuple 520.
138638 pairs of (a data error, a potential correction) are featurized.
99% (66513 / 67344) of data errors are corrected.
------------------------------------------------------------------------
Tuple 1938 is sampled.
Tuple 1938 is labeled.
The error corrector models are updated with new labeled tuple 1938.
合并所有子集结果...
合并结果已保存: results/raha_baran/mercedes_raha_baran_vzekai/mercedes_raha_baran_vzekai_cleaned.csv
已清理临时目录: /tmp/baran_split_mercedes_raha_baran_vzekai_wf2nm7sw
------------------------------------------------------------
执行时间: 37965.92 秒
执行状态: 成功
拆分数量: 13
总检测单元格: 1548914
总修复单元格: 1519840
标注预算: 20
真值使用成本: 260 (Type 3: 迭代交互)

============================================================
调用统一测评模块 getScoreML
============================================================
138638 pairs of (a data error, a potential correction) are featurized.
99% (66514 / 67344) of data errors are corrected.
------------------------------------------------------------------------
修复单元格数: 66514
修复后数据已保存: /tmp/baran_split_mercedes_raha_baran_vzekai_wf2nm7sw/mercedes_raha_baran_vzekai_split12_cleaned.csv
======================================================================
Clean4MLBaseline 统一测评 - mercedes_raha_baran_vzekai
======================================================================

[1/5] 传统清洗指标
--------------------------------------------------
调试文件已保存到: results/raha_baran/mercedes_raha_baran_vzekai/debug
修复准确率: 0.8458426536795312, 修复召回率: 0.7936219601696294, F1值: 0.8189006326781831
========================================
错误减少率 (EDR): 0.7586964968269202
========================================
混合距离 (Hybrid Distance): 0.23844101153973632
========================================
基于条目的错误减少率 (R-EDR): 0.0
========================================
numeric: Index(['X10', 'X11', 'X12', 'X13', 'X14', 'X15', 'X16', 'X17', 'X18', 'X19',
       ...
       'X376', 'X377', 'X378', 'X379', 'X380', 'X382', 'X383', 'X384', 'X385',
       'y'],
      dtype='object', length=369)
categorical: Index(['X0', 'X1', 'X2', 'X3', 'X4', 'X5', 'X6', 'X8'], dtype='object')
列级平均RMSE (数值列, 归一化): 1.167541
  X10: 0.850833
  X11: 0.000000
  X12: 1.475137
  X13: 1.030310
  X14: 0.670193
  X15: 1.000238
  X16: 0.000000
  X17: 1.003823
  X18: 1.003943
  X19: 1.339645
  X20: 1.421492
  X21: 1.001309
  X22: 1.046536
  X23: 0.216674
  X24: 1.000952
  X26: 1.002504
  X27: 1.370157
  X28: 1.016683
  X29: 0.740572
  X30: 1.002265
  X31: 1.260768
  X32: 0.414891
  X33: 2.000238
  X34: 1.106382
  X35: 1.265856
  X36: 1.078492
  X37: 1.785524
  X38: 0.833385
  X39: 3.000356
  X40: 1.000357
  X41: 0.659028
  X42: 2.828763
  X43: 0.522501
  X44: 1.005751
  X45: 1.708927
  X46: 1.770959
  X47: 2.669924
  X48: 1.011357
  X49: 1.192531
  X50: 1.134859
  X51: 0.528413
  X52: 0.663290
  X53: 1.086530
  X54: 0.447158
  X55: 1.002624
  X56: 1.038747
  X57: 0.503360
  X58: 1.793759
  X59: 1.915537
  X60: 1.000714
  X61: 0.487610
  X62: 1.169669
  X63: 0.459061
  X64: 1.839202
  X65: 0.333690
  X66: 1.013824
  X67: 1.000952
  X68: 0.417891
  X69: 0.833919
  X70: 1.755855
  X71: 0.469086
  X73: 0.747510
  X74: 1.000357
  X75: 1.018561
  X76: 1.022475
  X77: 1.006356
  X78: 1.002863
  X79: 1.012835
  X80: 1.027592
  X81: 1.200780
  X82: 5.061501
  X83: 1.000594
  X84: 1.056200
  X85: 0.584192
  X86: 1.000714
  X87: 1.000476
  X88: 0.578152
  X89: 1.000357
  X90: 0.698184
  X91: 1.000833
  X92: 0.707443
  X93: 0.000000
  X94: 1.209291
  X95: 1.000119
  X96: 0.511597
  X97: 1.619360
  X98: 8.536745
  X99: 1.058630
  X100: 0.622716
  X101: 0.784385
  X102: 1.581134
  X103: 2.397502
  X104: 1.000952
  X105: 2.147313
  X106: 13.037118
  X107: 0.000000
  X108: 1.007448
  X109: 1.020828
  X110: 2.873647
  X111: 0.511173
  X112: 0.408832
  X113: 0.766545
  X114: 0.546780
  X115: 0.513009
  X116: 0.542850
  X117: 0.660354
  X118: 1.694782
  X119: 2.007961
  X120: 1.822959
  X122: 1.269443
  X123: 1.933142
  X124: 4.528769
  X125: 1.001548
  X126: 1.628532
  X127: 0.918625
  X128: 0.443567
  X129: 1.957821
  X130: 0.678121
  X131: 0.459316
  X132: 0.917644
  X133: 1.751383
  X134: 0.788740
  X135: 2.605599
  X136: 0.501364
  X137: 1.721805
  X138: 0.815053
  X139: 0.474448
  X140: 2.424641
  X141: 0.411190
  X142: 1.782584
  X143: 0.440166
  X144: 1.743449
  X145: 1.291916
  X146: 1.747525
  X147: 0.827963
  X148: 1.755947
  X150: 0.662556
  X151: 6.955110
  X152: 1.016558
  X153: 1.155112
  X154: 0.485618
  X155: 0.749398
  X156: 4.219384
  X157: 0.526937
  X158: 1.767776
  X159: 1.006841
  X160: 1.000594
  X161: 1.857464
  X162: 1.130934
  X163: 1.741901
  X164: 1.367362
  X165: 1.002265
  X166: 1.156434
  X167: 1.225327
  X168: 0.521426
  X169: 1.003343
  X170: 1.194459
  X171: 1.303617
  X172: 1.678312
  X173: 1.004906
  X174: 1.950828
  X175: 1.193923
  X176: 1.008664
  X177: 1.141161
  X178: 1.786412
  X179: 0.467335
  X180: 0.485533
  X181: 0.475711
  X182: 0.490187
  X183: 1.086849
  X184: 1.000714
  X185: 1.009519
  X186: 3.065835
  X187: 1.797045
  X189: 0.498549
  X190: 1.000119
  X191: 1.234042
  X192: 1.001190
  X194: 1.444409
  X195: 1.005872
  X196: 0.508384
  X197: 1.168422
  X198: 0.397853
  X199: 0.408832
  X200: 1.003343
  X201: 1.784191
  X202: 1.812754
  X203: 1.008543
  X204: 1.000119
  X205: 1.732257
  X206: 1.009763
  X207: 0.000000
  X208: 0.435058
  X209: 0.507963
  X210: 0.000000
  X211: 1.007569
  X212: 1.002743
  X213: 1.000952
  X214: 0.322748
  X215: 0.506585
  X216: 1.002983
  X217: 1.003703
  X218: 0.552499
  X219: 0.475977
  X220: 1.754966
  X221: 1.180513
  X222: 0.521568
  X223: 0.590149
  X224: 4.538864
  X225: 1.354515
  X226: 0.359408
  X227: 1.734732
  X228: 0.689108
  X229: 1.489814
  X230: 0.523603
  X231: 0.440813
  X232: 9.181772
  X233: 0.000000
  X234: 1.180190
  X235: 0.000000
  X236: 0.707275
  X237: 0.501671
  X238: 1.493377
  X239: 1.003463
  X240: 2.044158
  X241: 0.447664
  X242: 0.509882
  X243: 1.003583
  X244: 1.294564
  X245: 1.000357
  X246: 1.827703
  X247: 0.514468
  X248: 12.112355
  X249: 0.396796
  X250: 1.346760
  X251: 1.737229
  X252: 1.000357
  X253: 1.000714
  X254: 0.213760
  X255: 1.009886
  X256: 0.485447
  X257: 1.000119
  X258: 1.001190
  X259: 1.000119
  X260: 0.000000
  X261: 0.605656
  X262: 1.000714
  X263: 0.449510
  X264: 0.440925
  X265: 0.462247
  X266: 1.000714
  X267: 1.004545
  X268: 0.000000
  X269: 1.000238
  X270: 1.000119
  X271: 0.943819
  X272: 0.413491
  X273: 0.531899
  X274: 1.005027
  X275: 1.781731
  X276: 1.019818
  X277: 1.000714
  X278: 1.000238
  X279: 0.993582
  X280: 1.000119
  X281: 1.001309
  X282: 0.486054
  X283: 1.733288
  X284: 1.021207
  X285: 1.783582
  X286: 0.479539
  X287: 1.008055
  X288: 1.000119
  X289: 0.000000
  X290: 0.000000
  X291: 1.005268
  X292: 1.004545
  X293: 0.000000
  X294: 0.502024
  X295: 0.000000
  X296: 1.000119
  X297: 0.000000
  X298: 1.002265
  X299: 1.002265
  X300: 1.346501
  X301: 1.024257
  X302: 0.580671
  X304: 0.473142
  X305: 1.006720
  X306: 1.052725
  X307: 1.001071
  X308: 0.420332
  X309: 1.003583
  X310: 0.000000
  X311: 0.594109
  X312: 1.056354
  X313: 1.660565
  X314: 1.651653
  X315: 0.470357
  X316: 1.467079
  X317: 0.614714
  X318: 1.000357
  X319: 1.000238
  X320: 0.409711
  X321: 0.523926
  X322: 1.032858
  X323: 1.030104
  X324: 1.285775
  X325: 1.002863
  X326: 1.035076
  X327: 1.223090
  X328: 0.451037
  X329: 1.142720
  X330: 0.000000
  X331: 1.714842
  X332: 1.528070
  X333: 1.036971
  X334: 0.874936
  X335: 0.633586
  X336: 1.070481
  X337: 1.797945
  X338: 1.020617
  X339: 1.000119
  X340: 2.505320
  X341: 0.596503
  X342: 0.752216
  X343: 1.292356
  X344: 1.004304
  X345: 1.123491
  X346: 1.024640
  X347: 0.000000
  X348: 0.487613
  X349: 1.023237
  X350: 1.418685
  X351: 0.589788
  X352: 0.436032
  X353: 1.001071
  X354: 0.730244
  X355: 0.554485
  X356: 1.203333
  X357: 3.001783
  X358: 1.748851
  X359: 1.144716
  X360: 0.437816
  X361: 0.488759
  X362: 1.690589
  X363: 1.743477
  X364: 1.001429
  X365: 1.001429
  X366: 1.000594
  X367: 1.026948
  X368: 0.453993
  X369: 0.000000
  X370: 1.003343
  X371: 0.450436
  X372: 1.000238
  X373: 1.009763
  X374: 3.528529
  X375: 3.296563
  X376: 0.513891
  X377: 1.293063
  X378: 1.799806
  X379: 1.004786
  X380: 0.571108
  X382: 1.003823
  X383: 1.000833
  X384: 0.000000
  X385: 0.577762
  y: 0.000000
列级平均F1 (类别列, weighted): 0.999493
  X0: 0.999641
  X1: 0.999045
  X2: 0.999641
  X3: 0.999524
  X4: 0.999525
  X5: 0.999523
  X6: 0.999643
  X8: 0.999404
========================================

[2/5] 下游任务性能 (regression)
--------------------------------------------------
RF - MSE: 74.7635, R2: 0.5197, MAE: 5.8724, RMSE: 8.6466
LR - MSE: 472956492531369634793783296.0000, R2: -3038590915047500581699584.0000, MAE: 1018879950562.9850, RMSE: 21747562910160.0625
RIDGE - MSE: 87.9962, R2: 0.4347, MAE: 6.7019, RMSE: 9.3806
2026-02-02 07:18:52.856182: W tensorflow/compiler/xla/stream_executor/platform/default/dso_loader.cc:64] Could not load dynamic library 'libnvinfer.so.7'; dlerror: libnvinfer.so.7: cannot open shared object file: No such file or directory
2026-02-02 07:18:52.856251: W tensorflow/compiler/xla/stream_executor/platform/default/dso_loader.cc:64] Could not load dynamic library 'libnvinfer_plugin.so.7'; dlerror: libnvinfer_plugin.so.7: cannot open shared object file: No such file or directory
2026-02-02 07:18:52.856258: W tensorflow/compiler/tf2tensorrt/utils/py_utils.cc:38] TF-TRT Warning: Cannot dlopen some TensorRT libraries. If you would like to use Nvidia GPU with TensorRT, please make sure the missing libraries mentioned above are installed properly.
sys:1: DtypeWarning: Columns (9,10,11,13,14,15,16,17,18,19,20,21,22,23,24,25,27,28,29,30,32,33,34,35,36,37,39,40,42,43,44,45,46,47,48,49,51,53,54,55,56,57,58,59,60,61,62,63,64,65,66,67,68,69,70,71,72,73,75,76,77,79,80,81,82,83,84,85,86,87,88,89,90,91,92,93,94,95,96,97,98,99,100,101,102,103,105,106,107,108,109,110,111,112,113,114,115,117,118,119,120,121,122,123,124,125,126,128,129,130,131,132,133,134,135,136,137,140,141,142,143,144,145,146,147,148,150,151,152,153,154,155,156,157,158,159,160,161,163,164,165,166,167,168,169,170,171,172,173,175,176,177,178,179,180,181,182,183,184,185,186,187,188,189,191,192,193,194,195,196,197,198,199,200,201,202,203,204,205,207,208,209,210,211,212,213,214,215,216,217,218,219,220,221,222,223,224,225,226,227,228,229,230,231,232,233,235,236,237,239,240,241,242,243,244,245,246,247,248,249,251,252,253,254,255,256,257,258,260,261,262,263,264,266,267,268,269,270,271,272,273,274,275,276,277,278,279,280,281,282,283,284,285,287,288,289,290,291,292,293,294,295,296,297,298,300,301,302,303,304,305,306,307,308,309,310,311,312,313,314,315,316,317,318,319,320,321,322,323,324,325,326,327,329,330,331,332,333,334,335,337,338,339,340,341,342,344,345,346,347,348,349,350,351,352,353,354,355,356,357,358,359,360,361,362,364,365,366,369,370,371,372,373,375,376) have mixed types.Specify dtype option on import or set low_memory=False.
sys:1: DtypeWarning: Columns (9,10,16,18,19,22,25,26,27,28,29,30) have mixed types.Specify dtype option on import or set low_memory=False.
[1;34m[07:18:53][0m[1;33m WARNING Snoopy may use all CPU cores! Set env. variable 'SNOOPY_LIMIT_CPU' to 'y' to limit CPU usage. [0m[1;34m(__init__ -> _init_tf_pytorch on MainThread)[0m
2026-02-02 07:18:53.418307: E tensorflow/compiler/xla/stream_executor/cuda/cuda_driver.cc:267] failed call to cuInit: CUDA_ERROR_NO_DEVICE: no CUDA-capable device is detected

结果已保存到: results/raha_baran/mercedes_raha_baran_vzekai
============================================================
LASSO - MSE: 89.0136, R2: 0.4281, MAE: 6.8563, RMSE: 9.4347
KNN - MSE: 103.2112, R2: 0.3369, MAE: 7.5572, RMSE: 10.1593
GB - MSE: 73.3026, R2: 0.5291, MAE: 5.8775, RMSE: 8.5617

[3/5] 模型容忍度
--------------------------------------------------

容忍度计算结果:
  P_do_nothing (脏数据性能): -70.1801
  P_demand_clean (清洗后性能): -74.1487
  P_repair_all (完全修复性能): -79.0839
  先验容忍度 (Tolerance_prior): 1.0565
  后验容忍度 (Tolerance_post): 0.4457

[4/5] Snoopy上界评估
--------------------------------------------------
Snoopy模块可用，正在评估数据质量上界...
  脏数据上界: 82.4356
  清洗后上界: 82.6451
  干净数据上界: 82.6160
  上界提升比例: 1.1615

[5/5] 真值使用成本
--------------------------------------------------
  方法类型: Type 3 (需迭代交互)
  实际真值使用: 260
  理想最小成本: 1247620
  总修改单元格: 1306803
  正确修复: 1247620
  错误修复: 59183

======================================================================
测评完成，结果已保存到: results/raha_baran/mercedes_raha_baran_vzekai/mercedes_raha_baran_vzekai_report.txt
======================================================================
