Attribute,Index,Dirty Value,Cleaned Value
x,56,empty,-5.7939453
x,75,empty,-5.7939453
x,94,empty,-5.7939453
x,110,empty,-5.7939453
x,124,empty,-5.7939453
x,137,empty,-5.7939453
x,160,empty,-5.7939453
x,327,empty,-5.7939453
x,343,empty,-5.7939453
x,365,empty,-5.7939453
x,367,empty,-5.7939453
x,422,empty,-5.7939453
x,436,empty,-5.7939453
x,460,empty,-5.7939453
x,488,empty,-5.7939453
x,509,empty,-5.7939453
x,543,empty,-5.7939453
x,564,empty,-5.7939453
x,569,empty,-5.7939453
x,572,empty,-5.7939453
x,647,empty,-5.7939453
x,688,empty,-5.7939453
x,737,empty,-5.7939453
x,752,empty,-5.7939453
x,755,empty,-5.7939453
x,763,empty,-5.7939453
x,805,empty,-5.7939453
x,935,empty,-5.7939453
x,997,empty,-5.7939453
x,998,empty,-5.7939453
x,1034,empty,-5.7939453
x,1039,empty,-5.7939453
x,1058,empty,-5.7939453
x,1060,empty,-5.7939453
x,1075,empty,-5.7939453
x,1082,empty,-5.7939453
x,1097,empty,-5.7939453
x,1173,empty,-5.7939453
x,1174,empty,-5.7939453
x,1251,empty,-5.7939453
x,1260,empty,-5.7939453
x,1265,empty,-5.7939453
x,1267,empty,-5.7939453
x,1288,empty,-5.7939453
x,1297,empty,-5.7939453
x,1304,empty,-5.7939453
x,1325,empty,-5.7939453
x,1383,empty,-5.7939453
x,1543,empty,-5.7939453
x,1565,empty,-5.7939453
x,1614,empty,-5.7939453
x,1708,empty,-5.7939453
x,1709,empty,-5.7939453
x,1738,empty,-5.7939453
x,1830,empty,-5.7939453
x,1839,empty,-5.7939453
x,1840,empty,-5.7939453
x,1871,empty,-5.7939453
x,1882,empty,-5.7939453
x,1951,empty,-5.7939453
x,1957,empty,-5.7939453
x,1995,empty,-5.7939453
x,2013,empty,-5.7939453
x,2044,empty,-5.7939453
x,2045,empty,-5.7939453
x,2059,empty,-5.7939453
x,2104,empty,-5.7939453
x,2135,empty,-5.7939453
x,2150,empty,-5.7939453
x,2160,empty,-5.7939453
x,2168,empty,-5.7939453
x,2196,empty,-5.7939453
x,2219,empty,-5.7939453
x,2239,empty,-5.7939453
x,2241,empty,-5.7939453
x,2251,empty,-5.7939453
x,2254,empty,-5.7939453
x,2295,empty,-5.7939453
x,2382,empty,-5.7939453
x,2406,empty,-5.7939453
x,2476,empty,-5.7939453
x,2495,empty,-5.7939453
x,2518,empty,-5.7939453
x,2554,empty,-5.7939453
x,2578,empty,-5.7939453
x,2614,empty,-5.7939453
x,2641,empty,-5.7939453
x,2661,empty,-5.7939453
x,2667,empty,-5.7939453
x,2694,empty,-5.7939453
x,2697,empty,-5.7939453
x,2735,empty,-5.7939453
x,2739,empty,-5.7939453
x,2753,empty,-5.7939453
x,2757,empty,-5.7939453
x,2758,empty,-5.7939453
x,2763,empty,-5.7939453
x,2777,empty,-5.7939453
x,2799,empty,-5.7939453
x,2900,empty,-5.7939453
x,2921,empty,-5.7939453
x,2977,empty,-5.7939453
x,2996,empty,-5.7939453
x,3026,empty,-5.7939453
x,3078,empty,-5.7939453
x,3080,empty,-5.7939453
x,3122,empty,-5.7939453
x,3180,empty,-5.7939453
x,3225,empty,-5.7939453
x,3249,empty,-5.7939453
x,3346,empty,-5.7939453
x,3403,empty,-5.7939453
x,3468,empty,-5.7939453
x,3684,empty,-5.7939453
x,3726,empty,-5.7939453
x,3831,empty,-5.7939453
x,3911,empty,-5.7939453
x,3953,empty,-5.7939453
x,4039,empty,-5.7939453
x,4050,empty,-5.7939453
x,4078,empty,-5.7939453
x,4165,empty,-5.7939453
x,4173,empty,-5.7939453
x,4251,empty,-5.7939453
x,4256,empty,-5.7939453
x,4268,empty,-5.7939453
x,4280,empty,-5.7939453
x,4285,empty,-5.7939453
x,4328,empty,-5.7939453
x,4344,empty,-5.7939453
x,4378,empty,-5.7939453
x,4444,empty,-5.7939453
x,4454,empty,-5.7939453
x,4475,empty,-5.7939453
x,4523,empty,-5.7939453
x,4529,empty,-5.7939453
x,4554,empty,-5.7939453
x,4568,empty,-5.7939453
x,4631,empty,-5.7939453
x,4721,empty,-5.7939453
x,4780,empty,-5.7939453
x,4818,empty,-5.7939453
x,4908,empty,-5.7939453
x,4916,empty,-5.7939453
x,4956,empty,-5.7939453
x,4972,empty,-5.7939453
x,4975,empty,-5.7939453
x,5103,empty,-5.7939453
x,5113,empty,-5.7939453
x,5130,empty,-5.7939453
x,5175,empty,-5.7939453
x,5181,empty,-5.7939453
x,5202,empty,-5.7939453
x,5221,empty,-5.7939453
x,5231,empty,-5.7939453
x,5260,empty,-5.7939453
x,5263,empty,-5.7939453
x,5329,empty,-5.7939453
x,5332,empty,-5.7939453
x,5382,empty,-5.7939453
x,5473,empty,-5.7939453
x,5512,empty,-5.7939453
x,5529,empty,-5.7939453
x,5531,empty,-5.7939453
x,5546,empty,-5.7939453
x,5553,empty,-5.7939453
x,5672,empty,-5.7939453
x,5675,empty,-5.7939453
x,5688,empty,-5.7939453
x,5707,empty,-5.7939453
x,5730,empty,-5.7939453
x,5741,empty,-5.7939453
x,5748,empty,-5.7939453
x,5752,empty,-5.7939453
x,5821,empty,-5.7939453
x,5862,empty,-5.7939453
x,5939,empty,-5.7939453
x,6001,empty,-5.7939453
x,6025,empty,-5.7939453
x,6039,empty,-5.7939453
x,6065,empty,-5.7939453
x,6146,empty,-5.7939453
x,6158,empty,-5.7939453
x,6197,empty,-5.7939453
x,6230,empty,-5.7939453
x,6272,empty,-5.7939453
x,6281,empty,-5.7939453
x,6363,empty,-5.7939453
x,6378,empty,-5.7939453
x,6496,empty,-5.7939453
x,6508,empty,-5.7939453
x,6600,empty,-5.7939453
x,6685,empty,-5.7939453
x,6690,empty,-5.7939453
x,6705,empty,-5.7939453
x,6740,empty,-5.7939453
x,6777,empty,-5.7939453
x,6779,empty,-5.7939453
x,6785,empty,-5.7939453
x,6800,empty,-5.7939453
x,6839,empty,-5.7939453
x,6843,empty,-5.7939453
x,6858,empty,-5.7939453
x,6874,empty,-5.7939453
x,6900,empty,-5.7939453
x,6912,empty,-5.7939453
x,6923,empty,-5.7939453
x,6963,empty,-5.7939453
x,7027,empty,-5.7939453
x,7059,empty,-5.7939453
x,7076,empty,-5.7939453
x,7080,empty,-5.7939453
x,7094,empty,-5.7939453
x,7103,empty,-5.7939453
x,7112,empty,-5.7939453
x,7142,empty,-5.7939453
x,7170,empty,-5.7939453
x,7183,empty,-5.7939453
x,7184,empty,-5.7939453
x,7196,empty,-5.7939453
x,7206,empty,-5.7939453
x,7223,empty,-5.7939453
x,7246,empty,-5.7939453
x,7252,empty,-5.7939453
x,7294,empty,-5.7939453
x,7320,empty,-5.7939453
x,7334,empty,-5.7939453
x,7337,empty,-5.7939453
x,7347,empty,-5.7939453
x,7364,empty,-5.7939453
x,7367,empty,-5.7939453
x,7419,empty,-5.7939453
x,7468,empty,-5.7939453
x,7517,empty,-5.7939453
x,7529,empty,-5.7939453
x,7552,empty,-5.7939453
x,7588,empty,-5.7939453
x,7635,empty,-5.7939453
x,7724,empty,-5.7939453
x,7783,empty,-5.7939453
x,7790,empty,-5.7939453
x,7836,empty,-5.7939453
x,7904,empty,-5.7939453
x,7939,empty,-5.7939453
x,7993,empty,-5.7939453
x,8031,empty,-5.7939453
x,8057,empty,-5.7939453
x,8134,empty,-5.7939453
x,8173,empty,-5.7939453
x,8181,empty,-5.7939453
x,8185,empty,-5.7939453
x,8193,empty,-5.7939453
x,8230,empty,-5.7939453
x,8231,empty,-5.7939453
x,8279,empty,-5.7939453
x,8362,empty,-5.7939453
x,8405,empty,-5.7939453
x,8441,empty,-5.7939453
x,8457,empty,-5.7939453
x,8464,empty,-5.7939453
x,8470,empty,-5.7939453
x,8535,empty,-5.7939453
x,8626,empty,-5.7939453
x,8673,empty,-5.7939453
x,8687,empty,-5.7939453
x,8731,empty,-5.7939453
x,8846,empty,-5.7939453
x,8855,empty,-5.7939453
x,8869,empty,-5.7939453
x,8871,empty,-5.7939453
x,8887,empty,-5.7939453
x,8968,empty,-5.7939453
x,8982,empty,-5.7939453
x,9001,empty,-5.7939453
x,9005,empty,-5.7939453
x,9009,empty,-5.7939453
x,9058,empty,-5.7939453
x,9066,empty,-5.7939453
x,9076,empty,-5.7939453
x,9091,empty,-5.7939453
x,9133,empty,-5.7939453
x,9141,empty,-5.7939453
x,9169,empty,-5.7939453
x,9237,empty,-5.7939453
x,9239,empty,-5.7939453
x,9285,empty,-5.7939453
x,9300,empty,-5.7939453
x,9315,empty,-5.7939453
x,9331,empty,-5.7939453
x,9368,empty,-5.7939453
x,9412,empty,-5.7939453
x,9419,empty,-5.7939453
x,9436,empty,-5.7939453
x,9499,empty,-5.7939453
x,9567,empty,-5.7939453
x,9579,empty,-5.7939453
x,9612,empty,-5.7939453
x,9652,empty,-5.7939453
x,9666,empty,-5.7939453
x,9709,empty,-5.7939453
x,9716,empty,-5.7939453
x,9720,empty,-5.7939453
x,9744,empty,-5.7939453
x,9765,empty,-5.7939453
x,9768,empty,-5.7939453
x,9813,empty,-5.7939453
x,9889,empty,-5.7939453
x,9896,empty,-5.7939453
x,9899,empty,-5.7939453
x,9974,empty,-5.7939453
x,10018,empty,-5.7939453
x,10052,empty,-5.7939453
x,10057,empty,-5.7939453
x,10066,empty,-5.7939453
x,10068,empty,-5.7939453
x,10124,empty,-5.7939453
x,10134,empty,-5.7939453
x,10159,empty,-5.7939453
x,10250,empty,-5.7939453
x,10283,empty,-5.7939453
x,10305,empty,-5.7939453
x,10314,empty,-5.7939453
x,10352,empty,-5.7939453
x,10410,empty,-5.7939453
x,10438,empty,-5.7939453
x,10447,empty,-5.7939453
x,10522,empty,-5.7939453
x,10546,empty,-5.7939453
x,10577,empty,-5.7939453
x,10652,empty,-5.7939453
x,10653,empty,-5.7939453
x,10661,empty,-5.7939453
x,10677,empty,-5.7939453
x,10703,empty,-5.7939453
x,10712,empty,-5.7939453
x,10785,empty,-5.7939453
x,10807,empty,-5.7939453
x,10816,empty,-5.7939453
x,10848,empty,-5.7939453
x,10906,empty,-5.7939453
x,10925,empty,-5.7939453
x,10943,empty,-5.7939453
x,10958,empty,-5.7939453
x,10966,empty,-5.7939453
x,10971,empty,-5.7939453
x,10992,empty,-5.7939453
x,11005,empty,-5.7939453
x,11021,empty,-5.7939453
x,11028,empty,-5.7939453
x,11054,empty,-5.7939453
x,11073,empty,-5.7939453
x,11079,empty,-5.7939453
x,11088,empty,-5.7939453
x,11155,empty,-5.7939453
x,11198,empty,-5.7939453
x,11208,empty,-5.7939453
x,11284,empty,-5.7939453
x,11286,empty,-5.7939453
x,11303,empty,-5.7939453
x,11322,empty,-5.7939453
x,11339,empty,-5.7939453
x,11402,empty,-5.7939453
x,11418,empty,-5.7939453
x,11502,empty,-5.7939453
x,11519,empty,-5.7939453
x,11533,empty,-5.7939453
x,11588,empty,-5.7939453
x,11632,empty,-5.7939453
x,11661,empty,-5.7939453
x,11687,empty,-5.7939453
x,11738,empty,-5.7939453
x,11780,empty,-5.7939453
x,11795,empty,-5.7939453
x,11800,empty,-5.7939453
x,11810,empty,-5.7939453
x,11826,empty,-5.7939453
x,11832,empty,-5.7939453
x,12008,empty,-5.7939453
x,12014,empty,-5.7939453
x,12149,empty,-5.7939453
x,12163,empty,-5.7939453
x,12165,empty,-5.7939453
x,12166,empty,-5.7939453
x,12171,empty,-5.7939453
x,12176,empty,-5.7939453
x,12181,empty,-5.7939453
x,12205,empty,-5.7939453
x,12209,empty,-5.7939453
x,12224,empty,-5.7939453
x,12277,empty,-5.7939453
x,12419,empty,-5.7939453
x,12474,empty,-5.7939453
x,12521,empty,-5.7939453
x,12609,empty,-5.7939453
x,12635,empty,-5.7939453
x,12675,empty,-5.7939453
x,12685,empty,-5.7939453
x,12695,empty,-5.7939453
x,12701,empty,-5.7939453
x,12753,empty,-5.7939453
x,12777,empty,-5.7939453
x,12804,empty,-5.7939453
x,12819,empty,-5.7939453
x,12941,empty,-5.7939453
x,12961,empty,-5.7939453
x,12987,empty,-5.7939453
x,12994,empty,-5.7939453
x,12996,empty,-5.7939453
x,13028,empty,-5.7939453
x,13152,empty,-5.7939453
x,13240,empty,-5.7939453
x,13241,empty,-5.7939453
x,13250,empty,-5.7939453
x,13268,empty,-5.7939453
x,13282,empty,-5.7939453
x,13304,empty,-5.7939453
x,13314,empty,-5.7939453
x,13323,empty,-5.7939453
x,13333,empty,-5.7939453
x,13364,empty,-5.7939453
x,13366,empty,-5.7939453
x,13397,empty,-5.7939453
x,13431,empty,-5.7939453
x,13469,empty,-5.7939453
x,13503,empty,-5.7939453
x,13551,empty,-5.7939453
x,13552,empty,-5.7939453
x,13560,empty,-5.7939453
x,13623,empty,-5.7939453
x,13654,empty,-5.7939453
x,13681,empty,-5.7939453
x,13725,empty,-5.7939453
x,13726,empty,-5.7939453
x,13727,empty,-5.7939453
x,13732,empty,-5.7939453
x,13746,empty,-5.7939453
x,13800,empty,-5.7939453
x,13836,empty,-5.7939453
x,13890,empty,-5.7939453
x,13925,empty,-5.7939453
x,13930,empty,-5.7939453
x,14029,empty,-5.7939453
x,14071,empty,-5.7939453
x,14086,empty,-5.7939453
x,14104,empty,-5.7939453
x,14194,empty,-5.7939453
x,14229,empty,-5.7939453
x,14237,empty,-5.7939453
x,14319,empty,-5.7939453
x,14393,empty,-5.7939453
x,14645,empty,-5.7939453
x,14772,empty,-5.7939453
x,14866,empty,-5.7939453
x,14888,empty,-5.7939453
x,14894,empty,-5.7939453
x,14923,empty,-5.7939453
x,14927,empty,-5.7939453
x,14958,empty,-5.7939453
x,14971,empty,-5.7939453
x,14976,empty,-5.7939453
x,14979,empty,-5.7939453
x,15033,empty,-5.7939453
x,15076,empty,-5.7939453
x,15115,empty,-5.7939453
x,15118,empty,-5.7939453
x,15168,empty,-5.7939453
x,15220,empty,-5.7939453
x,15244,empty,-5.7939453
x,15256,empty,-5.7939453
x,15406,empty,-5.7939453
x,15468,empty,-5.7939453
x,15527,empty,-5.7939453
x,15533,empty,-5.7939453
x,15636,empty,-5.7939453
x,15653,empty,-5.7939453
x,15674,empty,-5.7939453
x,15685,empty,-5.7939453
x,15697,empty,-5.7939453
x,15712,empty,-5.7939453
x,15717,empty,-5.7939453
x,15735,empty,-5.7939453
x,15773,empty,-5.7939453
x,15778,empty,-5.7939453
x,15821,empty,-5.7939453
x,15900,empty,-5.7939453
x,15918,empty,-5.7939453
x,15972,empty,-5.7939453
x,16000,empty,-5.7939453
x,16004,empty,-5.7939453
x,16014,empty,-5.7939453
x,16055,empty,-5.7939453
x,16098,empty,-5.7939453
x,16117,empty,-5.7939453
x,16277,empty,-5.7939453
x,16323,empty,-5.7939453
x,16401,empty,-5.7939453
x,16420,empty,-5.7939453
x,16433,empty,-5.7939453
x,16441,empty,-5.7939453
x,16447,empty,-5.7939453
x,16465,empty,-5.7939453
x,16526,empty,-5.7939453
x,16549,empty,-5.7939453
x,16571,empty,-5.7939453
x,16574,empty,-5.7939453
x,16578,empty,-5.7939453
x,16581,empty,-5.7939453
x,16598,empty,-5.7939453
x,16630,empty,-5.7939453
x,16657,empty,-5.7939453
x,16676,empty,-5.7939453
x,16701,empty,-5.7939453
x,16732,empty,-5.7939453
x,16747,empty,-5.7939453
x,16793,empty,-5.7939453
x,16848,empty,-5.7939453
x,16853,empty,-5.7939453
x,16912,empty,-5.7939453
x,16924,empty,-5.7939453
x,16933,empty,-5.7939453
x,16966,empty,-5.7939453
x,16997,empty,-5.7939453
x,17043,empty,-5.7939453
x,17050,empty,-5.7939453
x,17096,empty,-5.7939453
x,17140,empty,-5.7939453
x,17172,empty,-5.7939453
x,17179,empty,-5.7939453
x,17194,empty,-5.7939453
x,17246,empty,-5.7939453
x,17346,empty,-5.7939453
x,17414,empty,-5.7939453
x,17429,empty,-5.7939453
x,17456,empty,-5.7939453
x,17478,empty,-5.7939453
x,17528,empty,-5.7939453
x,17557,empty,-5.7939453
x,17685,empty,-5.7939453
x,17718,empty,-5.7939453
x,17828,empty,-5.7939453
x,17853,empty,-5.7939453
x,17926,empty,-5.7939453
x,17938,empty,-5.7939453
x,17961,empty,-5.7939453
x,18006,empty,-5.7939453
x,18062,empty,-5.7939453
x,18065,empty,-5.7939453
x,18095,empty,-5.7939453
x,18101,empty,-5.7939453
x,18232,empty,-5.7939453
x,18356,empty,-5.7939453
x,18360,empty,-5.7939453
x,18401,empty,-5.7939453
x,18472,empty,-5.7939453
x,18481,empty,-5.7939453
x,18491,empty,-5.7939453
x,18553,empty,-5.7939453
x,18556,empty,-5.7939453
x,18592,empty,-5.7939453
x,18593,empty,-5.7939453
x,18602,empty,-5.7939453
x,18799,empty,-5.7939453
x,18832,empty,-5.7939453
x,18858,empty,-5.7939453
x,18926,empty,-5.7939453
x,19057,empty,-5.7939453
x,19132,empty,-5.7939453
x,19211,empty,-5.7939453
x,19224,empty,-5.7939453
x,19232,empty,-5.7939453
x,19245,empty,-5.7939453
x,19370,empty,-5.7939453
x,19393,empty,-5.7939453
x,19412,empty,-5.7939453
x,19418,empty,-5.7939453
x,19438,empty,-5.7939453
x,19451,empty,-5.7939453
x,19482,empty,-5.7939453
x,19487,empty,-5.7939453
x,19566,empty,-5.7939453
x,19593,empty,-5.7939453
x,19602,empty,-5.7939453
x,19614,empty,-5.7939453
x,19619,empty,-5.7939453
x,19640,empty,-5.7939453
x,19674,empty,-5.7939453
x,19749,empty,-5.7939453
x,19787,empty,-5.7939453
x,19829,empty,-5.7939453
x,19852,empty,-5.7939453
x,19898,empty,-5.7939453
x,19925,empty,-5.7939453
x,19927,empty,-5.7939453
x,19943,empty,-5.7939453
x,19962,empty,-5.7939453
x,19985,empty,-5.7939453
x,20010,empty,-5.7939453
x,20028,empty,-5.7939453
x,20031,empty,-5.7939453
x,20038,empty,-5.7939453
x,20041,empty,-5.7939453
x,20109,empty,-5.7939453
x,20166,empty,-5.7939453
x,20180,empty,-5.7939453
x,20230,empty,-5.7939453
x,20234,empty,-5.7939453
x,20314,empty,-5.7939453
x,20331,empty,-5.7939453
x,20357,empty,-5.7939453
x,20366,empty,-5.7939453
x,20392,empty,-5.7939453
x,20393,empty,-5.7939453
x,20403,empty,-5.7939453
x,20426,empty,-5.7939453
x,20429,empty,-5.7939453
x,20442,empty,-5.7939453
x,20513,empty,-5.7939453
x,20517,empty,-5.7939453
x,20531,empty,-5.7939453
x,20536,empty,-5.7939453
x,20557,empty,-5.7939453
x,20586,empty,-5.7939453
x,20599,empty,-5.7939453
x,20608,empty,-5.7939453
x,20626,empty,-5.7939453
x,20680,empty,-5.7939453
x,20700,empty,-5.7939453
x,20709,empty,-5.7939453
x,20767,empty,-5.7939453
x,20786,empty,-5.7939453
x,20835,empty,-5.7939453
x,20846,empty,-5.7939453
x,20881,empty,-5.7939453
x,20896,empty,-5.7939453
x,20914,empty,-5.7939453
x,20921,empty,-5.7939453
x,20933,empty,-5.7939453
x,21055,empty,-5.7939453
x,21081,empty,-5.7939453
x,21129,empty,-5.7939453
x,21156,empty,-5.7939453
x,21165,empty,-5.7939453
x,21213,empty,-5.7939453
x,21242,empty,-5.7939453
x,21248,empty,-5.7939453
x,21252,empty,-5.7939453
x,21267,empty,-5.7939453
x,21308,empty,-5.7939453
x,21333,empty,-5.7939453
x,21367,empty,-5.7939453
x,21423,empty,-5.7939453
x,21433,empty,-5.7939453
x,21545,empty,-5.7939453
x,21548,empty,-5.7939453
x,21569,empty,-5.7939453
x,21604,empty,-5.7939453
x,21688,empty,-5.7939453
x,21699,empty,-5.7939453
x,21715,empty,-5.7939453
x,21751,empty,-5.7939453
x,21752,empty,-5.7939453
x,21753,empty,-5.7939453
x,21874,empty,-5.7939453
x,21886,empty,-5.7939453
x,21919,empty,-5.7939453
x,21930,empty,-5.7939453
x,22066,empty,-5.7939453
x,22136,empty,-5.7939453
x,22159,empty,-5.7939453
x,22190,empty,-5.7939453
x,22241,empty,-5.7939453
x,22321,empty,-5.7939453
x,22354,empty,-5.7939453
x,22407,empty,-5.7939453
x,22420,empty,-5.7939453
x,22432,empty,-5.7939453
x,22500,empty,-5.7939453
x,22594,empty,-5.7939453
x,22616,empty,-5.7939453
x,22739,empty,-5.7939453
x,22808,empty,-5.7939453
x,22819,empty,-5.7939453
x,22820,empty,-5.7939453
x,22833,empty,-5.7939453
x,22856,empty,-5.7939453
x,22858,empty,-5.7939453
x,22963,empty,-5.7939453
x,22964,empty,-5.7939453
x,22985,empty,-5.7939453
x,22989,empty,-5.7939453
x,23033,empty,-5.7939453
x,23045,empty,-5.7939453
x,23069,empty,-5.7939453
x,23127,empty,-5.7939453
x,23133,empty,-5.7939453
x,23211,empty,-5.7939453
x,23249,empty,-5.7939453
x,23266,empty,-5.7939453
x,23456,empty,-5.7939453
x,23492,empty,-5.7939453
x,23585,empty,-5.7939453
x,23595,empty,-5.7939453
x,23615,empty,-5.7939453
x,23652,empty,-5.7939453
x,23711,empty,-5.7939453
x,23728,empty,-5.7939453
x,23759,empty,-5.7939453
x,23786,empty,-5.7939453
x,23855,empty,-5.7939453
x,23899,empty,-5.7939453
x,23963,empty,-5.7939453
x,23979,empty,-5.7939453
x,23993,empty,-5.7939453
x,24036,empty,-5.7939453
x,24089,empty,-5.7939453
x,24116,empty,-5.7939453
x,24170,empty,-5.7939453
x,24199,empty,-5.7939453
x,24208,empty,-5.7939453
x,24230,empty,-5.7939453
x,24308,empty,-5.7939453
x,24346,empty,-5.7939453
x,24397,empty,-5.7939453
x,24403,empty,-5.7939453
x,24517,empty,-5.7939453
x,24549,empty,-5.7939453
x,24552,empty,-5.7939453
x,24578,empty,-5.7939453
x,24609,empty,-5.7939453
x,24627,empty,-5.7939453
x,24632,empty,-5.7939453
x,24649,empty,-5.7939453
x,24669,empty,-5.7939453
x,24730,empty,-5.7939453
x,24733,empty,-5.7939453
x,24734,empty,-5.7939453
x,24744,empty,-5.7939453
x,24748,empty,-5.7939453
x,24796,empty,-5.7939453
x,24801,empty,-5.7939453
x,24814,empty,-5.7939453
x,24829,empty,-5.7939453
x,24865,empty,-5.7939453
x,24902,empty,-5.7939453
x,25065,empty,-5.7939453
x,25099,empty,-5.7939453
x,25158,empty,-5.7939453
x,25161,empty,-5.7939453
x,25187,empty,-5.7939453
x,25190,empty,-5.7939453
x,25201,empty,-5.7939453
x,25253,empty,-5.7939453
x,25316,empty,-5.7939453
x,25318,empty,-5.7939453
x,25329,empty,-5.7939453
x,25416,empty,-5.7939453
x,25450,empty,-5.7939453
x,25475,empty,-5.7939453
x,25507,empty,-5.7939453
x,25533,empty,-5.7939453
x,25539,empty,-5.7939453
x,25602,empty,-5.7939453
x,25604,empty,-5.7939453
x,25636,empty,-5.7939453
x,25680,empty,-5.7939453
x,25697,empty,-5.7939453
x,25702,empty,-5.7939453
x,25751,empty,-5.7939453
x,25763,empty,-5.7939453
x,25800,empty,-5.7939453
x,25807,empty,-5.7939453
x,25817,empty,-5.7939453
x,25819,empty,-5.7939453
x,25889,empty,-5.7939453
x,25906,empty,-5.7939453
x,25957,empty,-5.7939453
x,25991,empty,-5.7939453
x,26061,empty,-5.7939453
x,26070,empty,-5.7939453
x,26131,empty,-5.7939453
x,26173,empty,-5.7939453
x,26186,empty,-5.7939453
x,26198,empty,-5.7939453
x,26224,empty,-5.7939453
x,26242,empty,-5.7939453
x,26292,empty,-5.7939453
x,26313,empty,-5.7939453
x,26352,empty,-5.7939453
x,26359,empty,-5.7939453
x,26412,empty,-5.7939453
x,26437,empty,-5.7939453
x,26528,empty,-5.7939453
x,26574,empty,-5.7939453
x,26615,empty,-5.7939453
x,26623,empty,-5.7939453
x,26638,empty,-5.7939453
x,26646,empty,-5.7939453
x,26699,empty,-5.7939453
x,26743,empty,-5.7939453
x,26808,empty,-5.7939453
x,26864,empty,-5.7939453
x,26869,empty,-5.7939453
x,26894,empty,-5.7939453
x,26901,empty,-5.7939453
x,26920,empty,-5.7939453
x,26929,empty,-5.7939453
x,26958,empty,-5.7939453
x,26986,empty,-5.7939453
x,27005,empty,-5.7939453
x,27022,empty,-5.7939453
x,27037,empty,-5.7939453
x,27041,empty,-5.7939453
x,27061,empty,-5.7939453
x,27145,empty,-5.7939453
x,27147,empty,-5.7939453
x,27212,empty,-5.7939453
x,27224,empty,-5.7939453
x,27249,empty,-5.7939453
x,27283,empty,-5.7939453
x,27313,empty,-5.7939453
x,27323,empty,-5.7939453
x,27446,empty,-5.7939453
x,27484,empty,-5.7939453
x,27512,empty,-5.7939453
x,27516,empty,-5.7939453
x,27536,empty,-5.7939453
x,27544,empty,-5.7939453
x,27557,empty,-5.7939453
x,27575,empty,-5.7939453
x,27592,empty,-5.7939453
x,27606,empty,-5.7939453
x,27616,empty,-5.7939453
x,27665,empty,-5.7939453
x,27695,empty,-5.7939453
x,27703,empty,-5.7939453
x,27714,empty,-5.7939453
x,27721,empty,-5.7939453
x,27797,empty,-5.7939453
x,27828,empty,-5.7939453
x,27841,empty,-5.7939453
x,27870,empty,-5.7939453
x,27871,empty,-5.7939453
x,27948,empty,-5.7939453
x,27955,empty,-5.7939453
x,27961,empty,-5.7939453
x,28000,empty,-5.7939453
x,28026,empty,-5.7939453
x,28044,empty,-5.7939453
x,28058,empty,-5.7939453
x,28072,empty,-5.7939453
x,28117,empty,-5.7939453
x,28130,empty,-5.7939453
x,28230,empty,-5.7939453
x,28308,empty,-5.7939453
x,28390,empty,-5.7939453
x,28416,empty,-5.7939453
x,28431,empty,-5.7939453
x,28434,empty,-5.7939453
x,28440,empty,-5.7939453
x,28462,empty,-5.7939453
x,28465,empty,-5.7939453
x,28476,empty,-5.7939453
x,28479,empty,-5.7939453
x,28507,empty,-5.7939453
x,28517,empty,-5.7939453
x,28521,empty,-5.7939453
x,28522,empty,-5.7939453
x,28523,empty,-5.7939453
x,28555,empty,-5.7939453
x,28653,empty,-5.7939453
x,28700,empty,-5.7939453
x,28724,empty,-5.7939453
x,28732,empty,-5.7939453
x,28794,empty,-5.7939453
x,28835,empty,-5.7939453
x,28846,empty,-5.7939453
x,28946,empty,-5.7939453
x,29002,empty,-5.7939453
x,29006,empty,-5.7939453
x,29015,empty,-5.7939453
x,29024,empty,-5.7939453
x,29086,empty,-5.7939453
x,29088,empty,-5.7939453
x,29125,empty,-5.7939453
x,29135,empty,-5.7939453
x,29157,empty,-5.7939453
x,29180,empty,-5.7939453
x,29209,empty,-5.7939453
x,29217,empty,-5.7939453
x,29312,empty,-5.7939453
x,29323,empty,-5.7939453
x,29331,empty,-5.7939453
x,29381,empty,-5.7939453
x,29401,empty,-5.7939453
x,29416,empty,-5.7939453
x,29438,empty,-5.7939453
x,29478,empty,-5.7939453
x,29509,empty,-5.7939453
x,29516,empty,-5.7939453
x,29524,empty,-5.7939453
x,29526,empty,-5.7939453
x,29533,empty,-5.7939453
x,29583,empty,-5.7939453
x,29620,empty,-5.7939453
x,29626,empty,-5.7939453
x,29631,empty,-5.7939453
x,29687,empty,-5.7939453
x,29887,empty,-5.7939453
x,29890,empty,-5.7939453
x,29900,empty,-5.7939453
x,29914,empty,-5.7939453
x,29958,empty,-5.7939453
x,30006,empty,-5.7939453
x,30020,empty,-5.7939453
x,30023,empty,-5.7939453
x,30086,empty,-5.7939453
x,30115,empty,-5.7939453
x,30151,empty,-5.7939453
x,30218,empty,-5.7939453
x,30219,empty,-5.7939453
x,30263,empty,-5.7939453
x,30284,empty,-5.7939453
x,30319,empty,-5.7939453
x,30320,empty,-5.7939453
x,30356,empty,-5.7939453
x,30357,empty,-5.7939453
x,30378,empty,-5.7939453
x,30394,empty,-5.7939453
x,30436,empty,-5.7939453
x,30522,empty,-5.7939453
x,30580,empty,-5.7939453
x,30598,empty,-5.7939453
x,30643,empty,-5.7939453
x,30660,empty,-5.7939453
x,30679,empty,-5.7939453
x,30719,empty,-5.7939453
x,30788,empty,-5.7939453
x,30790,empty,-5.7939453
x,30820,empty,-5.7939453
x,30822,empty,-5.7939453
x,30915,empty,-5.7939453
x,30930,empty,-5.7939453
x,30976,empty,-5.7939453
x,31145,empty,-5.7939453
x,31151,empty,-5.7939453
x,31200,empty,-5.7939453
x,31203,empty,-5.7939453
x,31284,empty,-5.7939453
x,31320,empty,-5.7939453
x,31327,empty,-5.7939453
x,31366,empty,-5.7939453
x,31431,empty,-5.7939453
x,31436,empty,-5.7939453
x,31437,empty,-5.7939453
x,31484,empty,-5.7939453
x,31563,empty,-5.7939453
x,31580,empty,-5.7939453
x,31608,empty,-5.7939453
x,31629,empty,-5.7939453
x,31654,empty,-5.7939453
x,31755,empty,-5.7939453
x,31782,empty,-5.7939453
x,31797,empty,-5.7939453
x,31799,empty,-5.7939453
x,31902,empty,-5.7939453
x,31923,empty,-5.7939453
x,31991,empty,-5.7939453
x,31994,empty,-5.7939453
x,32040,empty,-5.7939453
x,32042,empty,-5.7939453
x,32070,empty,-5.7939453
x,32127,empty,-5.7939453
x,32128,empty,-5.7939453
x,32211,empty,-5.7939453
x,32227,empty,-5.7939453
x,32275,empty,-5.7939453
x,32301,empty,-5.7939453
x,32363,empty,-5.7939453
x,32372,empty,-5.7939453
x,32461,empty,-5.7939453
x,32555,empty,-5.7939453
x,32614,empty,-5.7939453
x,32670,empty,-5.7939453
x,32671,empty,-5.7939453
x,32746,empty,-5.7939453
x,32781,empty,-5.7939453
x,32825,empty,-5.7939453
x,32835,empty,-5.7939453
x,32847,empty,-5.7939453
x,32877,empty,-5.7939453
x,32917,empty,-5.7939453
x,32928,empty,-5.7939453
x,32956,empty,-5.7939453
x,32960,empty,-5.7939453
x,32982,empty,-5.7939453
x,33049,empty,-5.7939453
x,33074,empty,-5.7939453
x,33117,empty,-5.7939453
x,33155,empty,-5.7939453
x,33176,empty,-5.7939453
x,33179,empty,-5.7939453
x,33212,empty,-5.7939453
x,33235,empty,-5.7939453
x,33306,empty,-5.7939453
x,33334,empty,-5.7939453
x,33352,empty,-5.7939453
x,33434,empty,-5.7939453
x,33442,empty,-5.7939453
x,33475,empty,-5.7939453
x,33487,empty,-5.7939453
x,33517,empty,-5.7939453
x,33528,empty,-5.7939453
x,33547,empty,-5.7939453
x,33580,empty,-5.7939453
x,33591,empty,-5.7939453
x,33667,empty,-5.7939453
x,33691,empty,-5.7939453
x,33701,empty,-5.7939453
x,33742,empty,-5.7939453
x,33795,empty,-5.7939453
x,33903,empty,-5.7939453
x,33962,empty,-5.7939453
x,34006,empty,-5.7939453
x,34017,empty,-5.7939453
x,34046,empty,-5.7939453
x,34060,empty,-5.7939453
x,34086,empty,-5.7939453
x,34130,empty,-5.7939453
x,34147,empty,-5.7939453
x,34202,empty,-5.7939453
x,34242,empty,-5.7939453
x,34255,empty,-5.7939453
x,34284,empty,-5.7939453
x,34411,empty,-5.7939453
x,34413,empty,-5.7939453
x,34481,empty,-5.7939453
x,34483,empty,-5.7939453
x,34530,empty,-5.7939453
x,34629,empty,-5.7939453
x,34651,empty,-5.7939453
x,34674,empty,-5.7939453
x,34701,empty,-5.7939453
x,34764,empty,-5.7939453
x,34833,empty,-5.7939453
x,34845,empty,-5.7939453
x,34940,empty,-5.7939453
x,34954,empty,-5.7939453
x,34996,empty,-5.7939453
x,35029,empty,-5.7939453
x,35097,empty,-5.7939453
x,35123,empty,-5.7939453
x,35155,empty,-5.7939453
x,35190,empty,-5.7939453
x,35214,empty,-5.7939453
x,35248,empty,-5.7939453
x,35300,empty,-5.7939453
x,35301,empty,-5.7939453
x,35311,empty,-5.7939453
x,35323,empty,-5.7939453
x,35330,empty,-5.7939453
x,35380,empty,-5.7939453
x,35417,empty,-5.7939453
x,35462,empty,-5.7939453
x,35480,empty,-5.7939453
x,35530,empty,-5.7939453
x,35624,empty,-5.7939453
x,35629,empty,-5.7939453
x,35630,empty,-5.7939453
x,35635,empty,-5.7939453
x,35652,empty,-5.7939453
x,35689,empty,-5.7939453
x,35756,empty,-5.7939453
x,35761,empty,-5.7939453
x,35828,empty,-5.7939453
x,35857,empty,-5.7939453
x,35875,empty,-5.7939453
x,35909,empty,-5.7939453
x,35947,empty,-5.7939453
x,35999,empty,-5.7939453
x,36014,empty,-5.7939453
x,36017,empty,-5.7939453
x,36079,empty,-5.7939453
x,36119,empty,-5.7939453
x,36121,empty,-5.7939453
x,36129,empty,-5.7939453
x,36225,empty,-5.7939453
x,36258,empty,-5.7939453
x,36261,empty,-5.7939453
x,36352,empty,-5.7939453
x,36413,empty,-5.7939453
x,36424,empty,-5.7939453
x,36567,empty,-5.7939453
x,36587,empty,-5.7939453
x,36602,empty,-5.7939453
x,36685,empty,-5.7939453
x,36732,empty,-5.7939453
x,36743,empty,-5.7939453
x,36750,empty,-5.7939453
x,36756,empty,-5.7939453
x,36785,empty,-5.7939453
x,36832,empty,-5.7939453
x,36863,empty,-5.7939453
x,36916,empty,-5.7939453
x,37025,empty,-5.7939453
x,37041,empty,-5.7939453
x,37055,empty,-5.7939453
x,37188,empty,-5.7939453
x,37205,empty,-5.7939453
x,37243,empty,-5.7939453
x,37319,empty,-5.7939453
x,37342,empty,-5.7939453
x,37351,empty,-5.7939453
x,37367,empty,-5.7939453
x,37373,empty,-5.7939453
x,37390,empty,-5.7939453
x,37408,empty,-5.7939453
x,37461,empty,-5.7939453
x,37467,empty,-5.7939453
x,37480,empty,-5.7939453
x,37536,empty,-5.7939453
x,37599,empty,-5.7939453
x,37610,empty,-5.7939453
x,37637,empty,-5.7939453
x,37662,empty,-5.7939453
x,37737,empty,-5.7939453
x,37770,empty,-5.7939453
x,37788,empty,-5.7939453
x,37798,empty,-5.7939453
x,37822,empty,-5.7939453
x,37826,empty,-5.7939453
x,37848,empty,-5.7939453
x,37877,empty,-5.7939453
x,37891,empty,-5.7939453
x,37990,empty,-5.7939453
x,38075,empty,-5.7939453
x,38088,empty,-5.7939453
x,38099,empty,-5.7939453
x,38172,empty,-5.7939453
x,38189,empty,-5.7939453
x,38210,empty,-5.7939453
x,38233,empty,-5.7939453
x,38237,empty,-5.7939453
x,38311,empty,-5.7939453
x,38346,empty,-5.7939453
x,38357,empty,-5.7939453
x,38375,empty,-5.7939453
x,38417,empty,-5.7939453
x,38445,empty,-5.7939453
x,38487,empty,-5.7939453
x,38531,empty,-5.7939453
x,38544,empty,-5.7939453
x,38549,empty,-5.7939453
x,38642,empty,-5.7939453
x,38683,empty,-5.7939453
x,38729,empty,-5.7939453
x,38739,empty,-5.7939453
x,38754,empty,-5.7939453
x,38838,empty,-5.7939453
x,38885,empty,-5.7939453
x,38964,empty,-5.7939453
x,38981,empty,-5.7939453
x,39063,empty,-5.7939453
x,39118,empty,-5.7939453
x,39142,empty,-5.7939453
x,39168,empty,-5.7939453
x,39172,empty,-5.7939453
x,39193,empty,-5.7939453
x,39222,empty,-5.7939453
x,39229,empty,-5.7939453
x,39245,empty,-5.7939453
x,39298,empty,-5.7939453
x,39302,empty,-5.7939453
x,39327,empty,-5.7939453
x,39331,empty,-5.7939453
x,39348,empty,-5.7939453
x,39436,empty,-5.7939453
x,39546,empty,-5.7939453
x,39553,empty,-5.7939453
x,39554,empty,-5.7939453
x,39559,empty,-5.7939453
x,39572,empty,-5.7939453
x,39586,empty,-5.7939453
x,39634,empty,-5.7939453
x,39692,empty,-5.7939453
x,39817,empty,-5.7939453
x,39842,empty,-5.7939453
x,39854,empty,-5.7939453
x,39890,empty,-5.7939453
x,39902,empty,-5.7939453
x,39970,empty,-5.7939453
x,40015,empty,-5.7939453
x,40027,empty,-5.7939453
x,40138,empty,-5.7939453
x,40152,empty,-5.7939453
x,40231,empty,-5.7939453
x,40283,empty,-5.7939453
x,40349,empty,-5.7939453
x,40360,empty,-5.7939453
x,40381,empty,-5.7939453
x,40388,empty,-5.7939453
x,40400,empty,-5.7939453
x,40419,empty,-5.7939453
x,40425,empty,-5.7939453
x,40453,empty,-5.7939453
x,40465,empty,-5.7939453
x,40548,empty,-5.7939453
x,40557,empty,-5.7939453
x,40585,empty,-5.7939453
x,40595,empty,-5.7939453
x,40661,empty,-5.7939453
x,40662,empty,-5.7939453
x,40780,empty,-5.7939453
x,40820,empty,-5.7939453
x,40897,empty,-5.7939453
x,40944,empty,-5.7939453
x,41004,empty,-5.7939453
x,41032,empty,-5.7939453
x,41039,empty,-5.7939453
x,41067,empty,-5.7939453
x,41079,empty,-5.7939453
x,41084,empty,-5.7939453
x,41118,empty,-5.7939453
x,41138,empty,-5.7939453
x,41152,empty,-5.7939453
x,41196,empty,-5.7939453
x,41213,empty,-5.7939453
x,41214,empty,-5.7939453
x,41292,empty,-5.7939453
x,41342,empty,-5.7939453
x,41374,empty,-5.7939453
x,41403,empty,-5.7939453
x,41412,empty,-5.7939453
x,41432,empty,-5.7939453
x,41464,empty,-5.7939453
x,41528,empty,-5.7939453
x,41621,empty,-5.7939453
x,41627,empty,-5.7939453
x,41669,empty,-5.7939453
x,41689,empty,-5.7939453
x,41694,empty,-5.7939453
x,41801,empty,-5.7939453
x,41817,empty,-5.7939453
x,41827,empty,-5.7939453
x,41868,empty,-5.7939453
x,41985,empty,-5.7939453
x,42002,empty,-5.7939453
x,42032,empty,-5.7939453
x,42063,empty,-5.7939453
x,42070,empty,-5.7939453
x,42133,empty,-5.7939453
x,42173,empty,-5.7939453
x,42196,empty,-5.7939453
x,42244,empty,-5.7939453
x,42254,empty,-5.7939453
x,42283,empty,-5.7939453
x,42290,empty,-5.7939453
x,42291,empty,-5.7939453
x,42336,empty,-5.7939453
x,42423,empty,-5.7939453
x,42499,empty,-5.7939453
x,42589,empty,-5.7939453
x,42603,empty,-5.7939453
x,42629,empty,-5.7939453
x,42643,empty,-5.7939453
x,42662,empty,-5.7939453
x,42672,empty,-5.7939453
x,42748,empty,-5.7939453
x,42776,empty,-5.7939453
x,42832,empty,-5.7939453
x,42898,empty,-5.7939453
x,42929,empty,-5.7939453
x,42952,empty,-5.7939453
x,42978,empty,-5.7939453
x,43043,empty,-5.7939453
x,43053,empty,-5.7939453
x,43118,empty,-5.7939453
x,43146,empty,-5.7939453
x,43229,empty,-5.7939453
x,43239,empty,-5.7939453
x,43258,empty,-5.7939453
x,43261,empty,-5.7939453
x,43328,empty,-5.7939453
x,43437,empty,-5.7939453
x,43443,empty,-5.7939453
x,43456,empty,-5.7939453
x,43462,empty,-5.7939453
x,43465,empty,-5.7939453
x,43489,empty,-5.7939453
x,43512,empty,-5.7939453
x,43547,empty,-5.7939453
x,43560,empty,-5.7939453
x,43565,empty,-5.7939453
x,43606,empty,-5.7939453
x,43638,empty,-5.7939453
x,43698,empty,-5.7939453
x,43732,empty,-5.7939453
x,43740,empty,-5.7939453
x,43748,empty,-5.7939453
x,43793,empty,-5.7939453
x,44011,empty,-5.7939453
x,44038,empty,-5.7939453
x,44039,empty,-5.7939453
x,44092,empty,-5.7939453
x,44185,empty,-5.7939453
x,44230,empty,-5.7939453
x,44344,empty,-5.7939453
x,44385,empty,-5.7939453
x,44402,empty,-5.7939453
x,44426,empty,-5.7939453
x,44443,empty,-5.7939453
x,44451,empty,-5.7939453
x,44462,empty,-5.7939453
x,44486,empty,-5.7939453
x,44520,empty,-5.7939453
x,44553,empty,-5.7939453
x,44557,empty,-5.7939453
x,44567,empty,-5.7939453
x,44570,empty,-5.7939453
x,44579,empty,-5.7939453
x,44599,empty,-5.7939453
x,44698,empty,-5.7939453
x,44806,empty,-5.7939453
x,44840,empty,-5.7939453
x,44888,empty,-5.7939453
x,44914,empty,-5.7939453
x,44917,empty,-5.7939453
x,44942,empty,-5.7939453
x,44952,empty,-5.7939453
x,45030,empty,-5.7939453
x,45151,empty,-5.7939453
x,45184,empty,-5.7939453
x,45187,empty,-5.7939453
x,45382,empty,-5.7939453
x,45418,empty,-5.7939453
x,45480,empty,-5.7939453
x,45610,empty,-5.7939453
x,45621,empty,-5.7939453
x,45628,empty,-5.7939453
x,45670,empty,-5.7939453
x,45746,empty,-5.7939453
x,45804,empty,-5.7939453
x,45879,empty,-5.7939453
x,45882,empty,-5.7939453
x,45883,empty,-5.7939453
x,45939,empty,-5.7939453
x,45946,empty,-5.7939453
x,45958,empty,-5.7939453
x,45981,empty,-5.7939453
x,45995,empty,-5.7939453
x,46010,empty,-5.7939453
x,46056,empty,-5.7939453
x,46149,empty,-5.7939453
x,46150,empty,-5.7939453
x,46204,empty,-5.7939453
x,46222,empty,-5.7939453
x,46232,empty,-5.7939453
x,46270,empty,-5.7939453
x,46292,empty,-5.7939453
x,46301,empty,-5.7939453
x,46352,empty,-5.7939453
x,46372,empty,-5.7939453
x,46408,empty,-5.7939453
x,46482,empty,-5.7939453
x,46488,empty,-5.7939453
x,46500,empty,-5.7939453
x,46535,empty,-5.7939453
x,46578,empty,-5.7939453
x,46588,empty,-5.7939453
x,46607,empty,-5.7939453
x,46625,empty,-5.7939453
x,46681,empty,-5.7939453
x,46695,empty,-5.7939453
x,46706,empty,-5.7939453
x,46738,empty,-5.7939453
x,46846,empty,-5.7939453
x,46853,empty,-5.7939453
x,46869,empty,-5.7939453
x,46871,empty,-5.7939453
x,46908,empty,-5.7939453
x,46940,empty,-5.7939453
x,46961,empty,-5.7939453
x,46963,empty,-5.7939453
x,47096,empty,-5.7939453
x,47119,empty,-5.7939453
x,47131,empty,-5.7939453
x,47149,empty,-5.7939453
x,47197,empty,-5.7939453
x,47246,empty,-5.7939453
x,47312,empty,-5.7939453
x,47494,empty,-5.7939453
x,47503,empty,-5.7939453
x,47529,empty,-5.7939453
x,47539,empty,-5.7939453
x,47560,empty,-5.7939453
x,47590,empty,-5.7939453
x,47609,empty,-5.7939453
x,47654,empty,-5.7939453
x,47659,empty,-5.7939453
x,47666,empty,-5.7939453
x,47694,empty,-5.7939453
x,47715,empty,-5.7939453
x,47719,empty,-5.7939453
x,47785,empty,-5.7939453
x,47810,empty,-5.7939453
x,47833,empty,-5.7939453
x,47879,empty,-5.7939453
x,47930,empty,-5.7939453
x,47962,empty,-5.7939453
x,48001,empty,-5.7939453
x,48052,empty,-5.7939453
x,48060,empty,-5.7939453
x,48123,empty,-5.7939453
x,48143,empty,-5.7939453
x,48148,empty,-5.7939453
x,48167,empty,-5.7939453
x,48186,empty,-5.7939453
x,48198,empty,-5.7939453
x,48257,empty,-5.7939453
x,48275,empty,-5.7939453
x,48302,empty,-5.7939453
x,48319,empty,-5.7939453
x,48339,empty,-5.7939453
x,48343,empty,-5.7939453
x,48458,empty,-5.7939453
x,48505,empty,-5.7939453
x,48533,empty,-5.7939453
x,48547,empty,-5.7939453
x,48577,empty,-5.7939453
x,48659,empty,-5.7939453
x,48726,empty,-5.7939453
x,48768,empty,-5.7939453
x,48835,empty,-5.7939453
x,48873,empty,-5.7939453
x,48935,empty,-5.7939453
x,48953,empty,-5.7939453
x,48969,empty,-5.7939453
x,48970,empty,-5.7939453
x,48994,empty,-5.7939453
x,49037,empty,-5.7939453
x,49073,empty,-5.7939453
x,49077,empty,-5.7939453
x,49083,empty,-5.7939453
x,49109,empty,-5.7939453
x,49128,empty,-5.7939453
x,49152,empty,-5.7939453
x,49181,empty,-5.7939453
x,49223,empty,-5.7939453
x,49283,empty,-5.7939453
x,49297,empty,-5.7939453
x,49389,empty,-5.7939453
x,49413,empty,-5.7939453
x,49464,empty,-5.7939453
x,49469,empty,-5.7939453
x,49524,empty,-5.7939453
x,49532,empty,-5.7939453
x,49591,empty,-5.7939453
x,49602,empty,-5.7939453
x,49604,empty,-5.7939453
x,49605,empty,-5.7939453
x,49626,empty,-5.7939453
x,49642,empty,-5.7939453
x,49652,empty,-5.7939453
x,49681,empty,-5.7939453
x,49689,empty,-5.7939453
x,49714,empty,-5.7939453
x,49720,empty,-5.7939453
x,49733,empty,-5.7939453
x,49734,empty,-5.7939453
x,49806,empty,-5.7939453
x,49826,empty,-5.7939453
x,49829,empty,-5.7939453
x,49835,empty,-5.7939453
x,49910,empty,-5.7939453
x,49982,empty,-5.7939453
x,50000,empty,-5.7939453
x,50039,empty,-5.7939453
x,50057,empty,-5.7939453
x,50087,empty,-5.7939453
x,50170,empty,-5.7939453
x,50188,empty,-5.7939453
x,50277,empty,-5.7939453
x,50291,empty,-5.7939453
x,50294,empty,-5.7939453
x,50296,empty,-5.7939453
x,50302,empty,-5.7939453
x,50322,empty,-5.7939453
x,50324,empty,-5.7939453
x,50360,empty,-5.7939453
x,50375,empty,-5.7939453
x,50396,empty,-5.7939453
x,50516,empty,-5.7939453
x,50526,empty,-5.7939453
x,50537,empty,-5.7939453
x,50593,empty,-5.7939453
x,50596,empty,-5.7939453
x,50610,empty,-5.7939453
x,50623,empty,-5.7939453
x,50668,empty,-5.7939453
x,50697,empty,-5.7939453
x,50835,empty,-5.7939453
x,50866,empty,-5.7939453
x,50920,empty,-5.7939453
x,50926,empty,-5.7939453
x,50952,empty,-5.7939453
x,50966,empty,-5.7939453
x,50996,empty,-5.7939453
x,51015,empty,-5.7939453
x,51071,empty,-5.7939453
x,51074,empty,-5.7939453
x,51075,empty,-5.7939453
x,51084,empty,-5.7939453
x,51117,empty,-5.7939453
x,51216,empty,-5.7939453
x,51248,empty,-5.7939453
x,51252,empty,-5.7939453
x,51262,empty,-5.7939453
x,51270,empty,-5.7939453
x,51298,empty,-5.7939453
x,51341,empty,-5.7939453
x,51382,empty,-5.7939453
x,51439,empty,-5.7939453
x,51440,empty,-5.7939453
x,51469,empty,-5.7939453
x,51567,empty,-5.7939453
x,51584,empty,-5.7939453
x,51604,empty,-5.7939453
x,51628,empty,-5.7939453
x,51667,empty,-5.7939453
x,51672,empty,-5.7939453
x,51720,empty,-5.7939453
x,51808,empty,-5.7939453
x,51829,empty,-5.7939453
x,51933,empty,-5.7939453
x,51934,empty,-5.7939453
x,51976,empty,-5.7939453
x,51977,empty,-5.7939453
x,51988,empty,-5.7939453
x,52032,empty,-5.7939453
x,52079,empty,-5.7939453
x,52083,empty,-5.7939453
x,52096,empty,-5.7939453
x,52110,empty,-5.7939453
x,52113,empty,-5.7939453
x,52154,empty,-5.7939453
x,52182,empty,-5.7939453
x,52285,empty,-5.7939453
x,52286,empty,-5.7939453
x,52313,empty,-5.7939453
x,52347,empty,-5.7939453
x,52365,empty,-5.7939453
x,52376,empty,-5.7939453
x,52391,empty,-5.7939453
x,52396,empty,-5.7939453
x,52414,empty,-5.7939453
x,52704,empty,-5.7939453
x,52777,empty,-5.7939453
x,52780,empty,-5.7939453
x,52807,empty,-5.7939453
x,52824,empty,-5.7939453
x,52858,empty,-5.7939453
x,52885,empty,-5.7939453
x,52959,empty,-5.7939453
x,52985,empty,-5.7939453
x,52995,empty,-5.7939453
x,53013,empty,-5.7939453
x,53067,empty,-5.7939453
x,53081,empty,-5.7939453
x,53087,empty,-5.7939453
x,53093,empty,-5.7939453
x,53133,empty,-5.7939453
x,53168,empty,-5.7939453
x,53182,empty,-5.7939453
x,53358,empty,-5.7939453
x,53397,empty,-5.7939453
x,53525,empty,-5.7939453
x,53582,empty,-5.7939453
x,53593,empty,-5.7939453
x,53615,empty,-5.7939453
x,53649,empty,-5.7939453
x,53657,empty,-5.7939453
x,53692,empty,-5.7939453
x,53707,empty,-5.7939453
x,53723,empty,-5.7939453
x,53731,empty,-5.7939453
x,53739,empty,-5.7939453
x,53740,empty,-5.7939453
x,53785,empty,-5.7939453
x,53798,empty,-5.7939453
x,53820,empty,-5.7939453
x,53842,empty,-5.7939453
x,53906,empty,-5.7939453
x,53928,empty,-5.7939453
x,53969,empty,-5.7939453
x,54034,empty,-5.7939453
x,54063,empty,-5.7939453
x,54131,empty,-5.7939453
x,54132,empty,-5.7939453
x,54146,empty,-5.7939453
x,54160,empty,-5.7939453
x,54194,empty,-5.7939453
x,54231,empty,-5.7939453
x,54250,empty,-5.7939453
x,54266,empty,-5.7939453
x,54298,empty,-5.7939453
x,54344,empty,-5.7939453
x,54363,empty,-5.7939453
x,54408,empty,-5.7939453
x,54510,empty,-5.7939453
x,54544,empty,-5.7939453
x,54560,empty,-5.7939453
x,54681,empty,-5.7939453
x,54694,empty,-5.7939453
x,54706,empty,-5.7939453
x,54721,empty,-5.7939453
x,54756,empty,-5.7939453
x,54776,empty,-5.7939453
x,54783,empty,-5.7939453
x,54789,empty,-5.7939453
x,54892,empty,-5.7939453
x,54904,empty,-5.7939453
x,54910,empty,-5.7939453
x,54929,empty,-5.7939453
x,54945,empty,-5.7939453
x,54961,empty,-5.7939453
x,54966,empty,-5.7939453
x,55027,empty,-5.7939453
x,55125,empty,-5.7939453
x,55156,empty,-5.7939453
x,55159,empty,-5.7939453
x,55194,empty,-5.7939453
x,55202,empty,-5.7939453
x,55205,empty,-5.7939453
x,55212,empty,-5.7939453
x,55269,empty,-5.7939453
x,55272,empty,-5.7939453
x,55274,empty,-5.7939453
x,55275,empty,-5.7939453
x,55297,empty,-5.7939453
x,55329,empty,-5.7939453
x,55339,empty,-5.7939453
x,55343,empty,-5.7939453
x,55366,empty,-5.7939453
x,55375,empty,-5.7939453
x,55379,empty,-5.7939453
x,55397,empty,-5.7939453
x,55403,empty,-5.7939453
x,55437,empty,-5.7939453
x,55442,empty,-5.7939453
x,55448,empty,-5.7939453
x,55538,empty,-5.7939453
x,55604,empty,-5.7939453
x,55627,empty,-5.7939453
x,55628,empty,-5.7939453
x,55657,empty,-5.7939453
x,55715,empty,-5.7939453
x,55752,empty,-5.7939453
x,55772,empty,-5.7939453
x,55773,empty,-5.7939453
x,55784,empty,-5.7939453
x,55788,empty,-5.7939453
x,55825,empty,-5.7939453
x,55839,empty,-5.7939453
x,55844,empty,-5.7939453
x,55846,empty,-5.7939453
x,55848,empty,-5.7939453
x,55870,empty,-5.7939453
x,55873,empty,-5.7939453
x,55876,empty,-5.7939453
x,55898,empty,-5.7939453
x,55932,empty,-5.7939453
x,55973,empty,-5.7939453
x,56024,empty,-5.7939453
x,56029,empty,-5.7939453
x,56052,empty,-5.7939453
x,56054,empty,-5.7939453
x,56070,empty,-5.7939453
x,56108,empty,-5.7939453
x,56151,empty,-5.7939453
x,56169,empty,-5.7939453
x,56296,empty,-5.7939453
x,56346,empty,-5.7939453
x,56355,empty,-5.7939453
x,56377,empty,-5.7939453
x,56385,empty,-5.7939453
x,56418,empty,-5.7939453
x,56450,empty,-5.7939453
x,56509,empty,-5.7939453
x,56530,empty,-5.7939453
x,56598,empty,-5.7939453
x,56634,empty,-5.7939453
x,56664,empty,-5.7939453
x,56675,empty,-5.7939453
x,56682,empty,-5.7939453
x,56687,empty,-5.7939453
x,56711,empty,-5.7939453
x,56783,empty,-5.7939453
x,56837,empty,-5.7939453
x,56866,empty,-5.7939453
x,56920,empty,-5.7939453
x,56949,empty,-5.7939453
x,56960,empty,-5.7939453
x,56991,empty,-5.7939453
x,57011,empty,-5.7939453
x,57027,empty,-5.7939453
x,57267,empty,-5.7939453
x,57269,empty,-5.7939453
x,57272,empty,-5.7939453
x,57444,empty,-5.7939453
x,57467,empty,-5.7939453
x,57539,empty,-5.7939453
x,57571,empty,-5.7939453
x,57643,empty,-5.7939453
x,57654,empty,-5.7939453
x,57757,empty,-5.7939453
x,57806,empty,-5.7939453
x,57823,empty,-5.7939453
x,57850,empty,-5.7939453
x,57946,empty,-5.7939453
x,58020,empty,-5.7939453
x,58151,empty,-5.7939453
x,58177,empty,-5.7939453
x,58183,empty,-5.7939453
x,58197,empty,-5.7939453
x,58263,empty,-5.7939453
x,58277,empty,-5.7939453
x,58346,empty,-5.7939453
x,58381,empty,-5.7939453
x,58387,empty,-5.7939453
x,58394,empty,-5.7939453
x,58473,empty,-5.7939453
x,58485,empty,-5.7939453
x,58540,empty,-5.7939453
x,58541,empty,-5.7939453
x,58563,empty,-5.7939453
x,58667,empty,-5.7939453
x,58698,empty,-5.7939453
x,58716,empty,-5.7939453
x,58728,empty,-5.7939453
x,58771,empty,-5.7939453
x,58779,empty,-5.7939453
x,58782,empty,-5.7939453
x,58840,empty,-5.7939453
x,58929,empty,-5.7939453
x,58964,empty,-5.7939453
x,58989,empty,-5.7939453
x,59027,empty,-5.7939453
x,59113,empty,-5.7939453
x,59144,empty,-5.7939453
x,59151,empty,-5.7939453
x,59168,empty,-5.7939453
x,59177,empty,-5.7939453
x,59184,empty,-5.7939453
x,59205,empty,-5.7939453
x,59218,empty,-5.7939453
x,59245,empty,-5.7939453
x,59299,empty,-5.7939453
x,59300,empty,-5.7939453
x,59320,empty,-5.7939453
x,59337,empty,-5.7939453
x,59355,empty,-5.7939453
x,59369,empty,-5.7939453
x,59439,empty,-5.7939453
x,59481,empty,-5.7939453
x,59508,empty,-5.7939453
x,59512,empty,-5.7939453
x,59522,empty,-5.7939453
x,59548,empty,-5.7939453
x,59583,empty,-5.7939453
x,59601,empty,-5.7939453
x,59685,empty,-5.7939453
x,59704,empty,-5.7939453
x,59732,empty,-5.7939453
x,59782,empty,-5.7939453
x,59793,empty,-5.7939453
x,59803,empty,-5.7939453
x,59836,empty,-5.7939453
x,59891,empty,-5.7939453
x,60126,empty,-5.7939453
x,60155,empty,-5.7939453
x,60202,empty,-5.7939453
x,60223,empty,-5.7939453
x,60227,empty,-5.7939453
x,60312,empty,-5.7939453
x,60341,empty,-5.7939453
x,60444,empty,-5.7939453
x,60473,empty,-5.7939453
x,60477,empty,-5.7939453
x,60483,empty,-5.7939453
x,60493,empty,-5.7939453
x,60499,empty,-5.7939453
x,60502,empty,-5.7939453
x,60514,empty,-5.7939453
x,60559,empty,-5.7939453
x,60651,empty,-5.7939453
x,60656,empty,-5.7939453
x,60675,empty,-5.7939453
x,60734,empty,-5.7939453
x,60769,empty,-5.7939453
x,60770,empty,-5.7939453
x,60788,empty,-5.7939453
x,60830,empty,-5.7939453
x,60841,empty,-5.7939453
x,60862,empty,-5.7939453
x,60967,empty,-5.7939453
x,61029,empty,-5.7939453
x,61048,empty,-5.7939453
x,61119,empty,-5.7939453
x,61127,empty,-5.7939453
x,61146,empty,-5.7939453
x,61165,empty,-5.7939453
x,61172,empty,-5.7939453
x,61196,empty,-5.7939453
x,61209,empty,-5.7939453
x,61288,empty,-5.7939453
x,61470,empty,-5.7939453
x,61523,empty,-5.7939453
x,61555,empty,-5.7939453
x,61564,empty,-5.7939453
x,61565,empty,-5.7939453
x,61594,empty,-5.7939453
x,61618,empty,-5.7939453
x,61622,empty,-5.7939453
x,61681,empty,-5.7939453
x,61694,empty,-5.7939453
x,61698,empty,-5.7939453
x,61700,empty,-5.7939453
x,61710,empty,-5.7939453
x,61715,empty,-5.7939453
x,61718,empty,-5.7939453
x,61722,empty,-5.7939453
x,61729,empty,-5.7939453
x,61770,empty,-5.7939453
x,61868,empty,-5.7939453
x,61878,empty,-5.7939453
x,61891,empty,-5.7939453
x,61935,empty,-5.7939453
x,61947,empty,-5.7939453
x,61955,empty,-5.7939453
x,62007,empty,-5.7939453
x,62048,empty,-5.7939453
x,62065,empty,-5.7939453
x,62139,empty,-5.7939453
x,62182,empty,-5.7939453
x,62243,empty,-5.7939453
x,62265,empty,-5.7939453
x,62279,empty,-5.7939453
x,62312,empty,-5.7939453
x,62313,empty,-5.7939453
x,62318,empty,-5.7939453
x,62322,empty,-5.7939453
x,62379,empty,-5.7939453
x,62402,empty,-5.7939453
x,62438,empty,-5.7939453
x,62490,empty,-5.7939453
x,62497,empty,-5.7939453
x,62501,empty,-5.7939453
x,62531,empty,-5.7939453
x,62612,empty,-5.7939453
x,62638,empty,-5.7939453
x,62644,empty,-5.7939453
x,62661,empty,-5.7939453
x,62696,empty,-5.7939453
x,62701,empty,-5.7939453
x,62732,empty,-5.7939453
x,62743,empty,-5.7939453
x,62798,empty,-5.7939453
x,62875,empty,-5.7939453
x,62962,empty,-5.7939453
x,62998,empty,-5.7939453
x,63014,empty,-5.7939453
x,63104,empty,-5.7939453
x,63113,empty,-5.7939453
x,63116,empty,-5.7939453
x,63157,empty,-5.7939453
x,63190,empty,-5.7939453
x,63199,empty,-5.7939453
x,63201,empty,-5.7939453
x,63254,empty,-5.7939453
x,63315,empty,-5.7939453
x,63328,empty,-5.7939453
x,63347,empty,-5.7939453
x,63463,empty,-5.7939453
x,63481,empty,-5.7939453
x,63518,empty,-5.7939453
x,63519,empty,-5.7939453
x,63554,empty,-5.7939453
x,63643,empty,-5.7939453
x,63664,empty,-5.7939453
x,63680,empty,-5.7939453
x,63692,empty,-5.7939453
x,63708,empty,-5.7939453
x,63743,empty,-5.7939453
x,63746,empty,-5.7939453
x,63757,empty,-5.7939453
x,63763,empty,-5.7939453
x,63811,empty,-5.7939453
x,63814,empty,-5.7939453
x,63815,empty,-5.7939453
x,63816,empty,-5.7939453
x,63817,empty,-5.7939453
x,63819,empty,-5.7939453
x,63921,empty,-5.7939453
x,63926,empty,-5.7939453
x,63932,empty,-5.7939453
x,63947,empty,-5.7939453
x,64060,empty,-5.7939453
x,64092,empty,-5.7939453
x,64094,empty,-5.7939453
x,64097,empty,-5.7939453
x,64120,empty,-5.7939453
x,64200,empty,-5.7939453
x,64241,empty,-5.7939453
x,64287,empty,-5.7939453
x,64296,empty,-5.7939453
x,64346,empty,-5.7939453
x,64364,empty,-5.7939453
x,64422,empty,-5.7939453
x,64434,empty,-5.7939453
x,64475,empty,-5.7939453
x,64510,empty,-5.7939453
x,64547,empty,-5.7939453
x,64610,empty,-5.7939453
x,64612,empty,-5.7939453
x,64638,empty,-5.7939453
x,64704,empty,-5.7939453
x,64758,empty,-5.7939453
x,64772,empty,-5.7939453
x,64774,empty,-5.7939453
x,64783,empty,-5.7939453
x,64794,empty,-5.7939453
x,64837,empty,-5.7939453
x,64874,empty,-5.7939453
x,64937,empty,-5.7939453
x,64954,empty,-5.7939453
x,65043,empty,-5.7939453
x,65067,empty,-5.7939453
x,65095,empty,-5.7939453
x,65115,empty,-5.7939453
x,65122,empty,-5.7939453
x,65180,empty,-5.7939453
x,65211,empty,-5.7939453
x,65212,empty,-5.7939453
x,65215,empty,-5.7939453
x,65252,empty,-5.7939453
x,65285,empty,-5.7939453
x,65308,empty,-5.7939453
x,65319,empty,-5.7939453
x,65336,empty,-5.7939453
x,65396,empty,-5.7939453
x,65453,empty,-5.7939453
x,65477,empty,-5.7939453
x,65499,empty,-5.7939453
x,65503,empty,-5.7939453
x,65568,empty,-5.7939453
x,65582,empty,-5.7939453
x,65596,empty,-5.7939453
x,65598,empty,-5.7939453
x,65608,empty,-5.7939453
x,65626,empty,-5.7939453
x,65633,empty,-5.7939453
x,65691,empty,-5.7939453
x,65715,empty,-5.7939453
x,65812,empty,-5.7939453
x,65839,empty,-5.7939453
x,65844,empty,-5.7939453
x,65930,empty,-5.7939453
x,66077,empty,-5.7939453
x,66092,empty,-5.7939453
x,66116,empty,-5.7939453
x,66144,empty,-5.7939453
x,66250,empty,-5.7939453
x,66288,empty,-5.7939453
x,66366,empty,-5.7939453
x,66387,empty,-5.7939453
x,66409,empty,-5.7939453
x,66421,empty,-5.7939453
x,66460,empty,-5.7939453
x,66466,empty,-5.7939453
x,66474,empty,-5.7939453
x,66500,empty,-5.7939453
x,66543,empty,-5.7939453
x,66558,empty,-5.7939453
x,66603,empty,-5.7939453
x,66619,empty,-5.7939453
x,66622,empty,-5.7939453
x,66642,empty,-5.7939453
x,66647,empty,-5.7939453
x,66777,empty,-5.7939453
x,66824,empty,-5.7939453
x,66887,empty,-5.7939453
x,66963,empty,-5.7939453
x,67035,empty,-5.7939453
x,67037,empty,-5.7939453
x,67046,empty,-5.7939453
x,67105,empty,-5.7939453
x,67125,empty,-5.7939453
x,67188,empty,-5.7939453
x,67209,empty,-5.7939453
x,67215,empty,-5.7939453
x,67226,empty,-5.7939453
x,67228,empty,-5.7939453
x,67248,empty,-5.7939453
x,67255,empty,-5.7939453
x,67342,empty,-5.7939453
x,67378,empty,-5.7939453
x,67402,empty,-5.7939453
x,67403,empty,-5.7939453
x,67433,empty,-5.7939453
x,67451,empty,-5.7939453
x,67633,empty,-5.7939453
x,67698,empty,-5.7939453
x,67703,empty,-5.7939453
x,67792,empty,-5.7939453
x,67802,empty,-5.7939453
x,67840,empty,-5.7939453
x,67846,empty,-5.7939453
x,67888,empty,-5.7939453
x,67893,empty,-5.7939453
x,67916,empty,-5.7939453
x,67990,empty,-5.7939453
x,68006,empty,-5.7939453
x,68066,empty,-5.7939453
x,68070,empty,-5.7939453
x,68073,empty,-5.7939453
x,68098,empty,-5.7939453
x,68114,empty,-5.7939453
x,68141,empty,-5.7939453
x,68188,empty,-5.7939453
x,68213,empty,-5.7939453
x,68229,empty,-5.7939453
x,68281,empty,-5.7939453
x,68294,empty,-5.7939453
x,68386,empty,-5.7939453
x,68405,empty,-5.7939453
x,68437,empty,-5.7939453
x,68448,empty,-5.7939453
x,68465,empty,-5.7939453
x,68486,empty,-5.7939453
x,68578,empty,-5.7939453
x,68655,empty,-5.7939453
x,68663,empty,-5.7939453
x,68669,empty,-5.7939453
x,68682,empty,-5.7939453
x,68722,empty,-5.7939453
x,68726,empty,-5.7939453
x,68736,empty,-5.7939453
x,68824,empty,-5.7939453
x,68841,empty,-5.7939453
x,68851,empty,-5.7939453
x,68854,empty,-5.7939453
x,68863,empty,-5.7939453
x,68885,empty,-5.7939453
x,68907,empty,-5.7939453
x,68964,empty,-5.7939453
x,68989,empty,-5.7939453
x,69001,empty,-5.7939453
x,69047,empty,-5.7939453
x,69050,empty,-5.7939453
x,69051,empty,-5.7939453
x,69180,empty,-5.7939453
x,69348,empty,-5.7939453
x,69366,empty,-5.7939453
x,69447,empty,-5.7939453
x,69522,empty,-5.7939453
x,69584,empty,-5.7939453
x,69590,empty,-5.7939453
x,69643,empty,-5.7939453
x,69661,empty,-5.7939453
x,69704,empty,-5.7939453
x,69705,empty,-5.7939453
x,69724,empty,-5.7939453
x,69732,empty,-5.7939453
x,69775,empty,-5.7939453
x,69835,empty,-5.7939453
x,69863,empty,-5.7939453
x,69919,empty,-5.7939453
x,69980,empty,-5.7939453
x,69983,empty,-5.7939453
x,69999,empty,-5.7939453
y,13,empty,0.100112915
y,45,empty,0.100112915
y,66,empty,0.100112915
y,150,empty,0.100112915
y,186,empty,0.100112915
y,228,empty,0.100112915
y,229,empty,0.100112915
y,234,empty,0.100112915
y,307,empty,0.100112915
y,366,empty,0.100112915
y,391,empty,0.100112915
y,424,empty,0.100112915
y,425,empty,0.100112915
y,428,empty,0.100112915
y,461,empty,0.100112915
y,463,empty,0.100112915
y,477,empty,0.100112915
y,485,empty,0.100112915
y,508,empty,0.100112915
y,518,empty,0.100112915
y,527,empty,0.100112915
y,576,empty,0.100112915
y,577,empty,0.100112915
y,588,empty,0.100112915
y,615,empty,0.100112915
y,622,empty,0.100112915
y,700,empty,0.100112915
y,749,empty,0.100112915
y,750,empty,0.100112915
y,769,empty,0.100112915
y,784,empty,0.100112915
y,812,empty,0.100112915
y,837,empty,0.100112915
y,866,empty,0.100112915
y,884,empty,0.100112915
y,887,empty,0.100112915
y,944,empty,0.100112915
y,947,empty,0.100112915
y,1001,empty,0.100112915
y,1006,empty,0.100112915
y,1037,empty,0.100112915
y,1052,empty,0.100112915
y,1101,empty,0.100112915
y,1280,empty,0.100112915
y,1285,empty,0.100112915
y,1291,empty,0.100112915
y,1296,empty,0.100112915
y,1322,empty,0.100112915
y,1343,empty,0.100112915
y,1355,empty,0.100112915
y,1357,empty,0.100112915
y,1472,empty,0.100112915
y,1495,empty,0.100112915
y,1513,empty,0.100112915
y,1514,empty,0.100112915
y,1544,empty,0.100112915
y,1568,empty,0.100112915
y,1570,empty,0.100112915
y,1622,empty,0.100112915
y,1653,empty,0.100112915
y,1654,empty,0.100112915
y,1659,empty,0.100112915
y,1672,empty,0.100112915
y,1678,empty,0.100112915
y,1686,empty,0.100112915
y,1809,empty,0.100112915
y,1810,empty,0.100112915
y,1854,empty,0.100112915
y,1862,empty,0.100112915
y,1873,empty,0.100112915
y,1971,empty,0.100112915
y,2001,empty,0.100112915
y,2102,empty,0.100112915
y,2109,empty,0.100112915
y,2132,empty,0.100112915
y,2149,empty,0.100112915
y,2214,empty,0.100112915
y,2231,empty,0.100112915
y,2244,empty,0.100112915
y,2248,empty,0.100112915
y,2279,empty,0.100112915
y,2330,empty,0.100112915
y,2361,empty,0.100112915
y,2378,empty,0.100112915
y,2385,empty,0.100112915
y,2405,empty,0.100112915
y,2421,empty,0.100112915
y,2506,empty,0.100112915
y,2515,empty,0.100112915
y,2520,empty,0.100112915
y,2559,empty,0.100112915
y,2564,empty,0.100112915
y,2568,empty,0.100112915
y,2600,empty,0.100112915
y,2610,empty,0.100112915
y,2670,empty,0.100112915
y,2702,empty,0.100112915
y,2718,empty,0.100112915
y,2728,empty,0.100112915
y,2729,empty,0.100112915
y,2762,empty,0.100112915
y,2773,empty,0.100112915
y,2778,empty,0.100112915
y,2780,empty,0.100112915
y,2824,empty,0.100112915
y,2830,empty,0.100112915
y,2875,empty,0.100112915
y,2888,empty,0.100112915
y,2958,empty,0.100112915
y,2991,empty,0.100112915
y,3001,empty,0.100112915
y,3013,empty,0.100112915
y,3061,empty,0.100112915
y,3143,empty,0.100112915
y,3149,empty,0.100112915
y,3261,empty,0.100112915
y,3302,empty,0.100112915
y,3360,empty,0.100112915
y,3365,empty,0.100112915
y,3379,empty,0.100112915
y,3428,empty,0.100112915
y,3430,empty,0.100112915
y,3463,empty,0.100112915
y,3464,empty,0.100112915
y,3525,empty,0.100112915
y,3567,empty,0.100112915
y,3589,empty,0.100112915
y,3593,empty,0.100112915
y,3612,empty,0.100112915
y,3636,empty,0.100112915
y,3671,empty,0.100112915
y,3673,empty,0.100112915
y,3683,empty,0.100112915
y,3702,empty,0.100112915
y,3736,empty,0.100112915
y,3782,empty,0.100112915
y,3784,empty,0.100112915
y,3810,empty,0.100112915
y,3978,empty,0.100112915
y,3984,empty,0.100112915
y,4007,empty,0.100112915
y,4011,empty,0.100112915
y,4022,empty,0.100112915
y,4099,empty,0.100112915
y,4193,empty,0.100112915
y,4222,empty,0.100112915
y,4257,empty,0.100112915
y,4286,empty,0.100112915
y,4322,empty,0.100112915
y,4359,empty,0.100112915
y,4388,empty,0.100112915
y,4401,empty,0.100112915
y,4447,empty,0.100112915
y,4467,empty,0.100112915
y,4494,empty,0.100112915
y,4574,empty,0.100112915
y,4599,empty,0.100112915
y,4640,empty,0.100112915
y,4647,empty,0.100112915
y,4675,empty,0.100112915
y,4700,empty,0.100112915
y,4730,empty,0.100112915
y,4740,empty,0.100112915
y,4829,empty,0.100112915
y,4892,empty,0.100112915
y,4907,empty,0.100112915
y,4913,empty,0.100112915
y,4933,empty,0.100112915
y,4934,empty,0.100112915
y,5001,empty,0.100112915
y,5066,empty,0.100112915
y,5075,empty,0.100112915
y,5081,empty,0.100112915
y,5106,empty,0.100112915
y,5115,empty,0.100112915
y,5116,empty,0.100112915
y,5126,empty,0.100112915
y,5170,empty,0.100112915
y,5206,empty,0.100112915
y,5212,empty,0.100112915
y,5215,empty,0.100112915
y,5258,empty,0.100112915
y,5318,empty,0.100112915
y,5401,empty,0.100112915
y,5417,empty,0.100112915
y,5433,empty,0.100112915
y,5482,empty,0.100112915
y,5483,empty,0.100112915
y,5554,empty,0.100112915
y,5573,empty,0.100112915
y,5602,empty,0.100112915
y,5603,empty,0.100112915
y,5613,empty,0.100112915
y,5639,empty,0.100112915
y,5663,empty,0.100112915
y,5691,empty,0.100112915
y,5706,empty,0.100112915
y,5768,empty,0.100112915
y,5820,empty,0.100112915
y,5889,empty,0.100112915
y,5892,empty,0.100112915
y,5897,empty,0.100112915
y,5904,empty,0.100112915
y,5935,empty,0.100112915
y,5948,empty,0.100112915
y,5950,empty,0.100112915
y,5993,empty,0.100112915
y,5996,empty,0.100112915
y,6070,empty,0.100112915
y,6075,empty,0.100112915
y,6187,empty,0.100112915
y,6257,empty,0.100112915
y,6262,empty,0.100112915
y,6286,empty,0.100112915
y,6347,empty,0.100112915
y,6373,empty,0.100112915
y,6465,empty,0.100112915
y,6516,empty,0.100112915
y,6563,empty,0.100112915
y,6572,empty,0.100112915
y,6587,empty,0.100112915
y,6675,empty,0.100112915
y,6683,empty,0.100112915
y,6764,empty,0.100112915
y,6773,empty,0.100112915
y,6794,empty,0.100112915
y,6846,empty,0.100112915
y,6864,empty,0.100112915
y,6892,empty,0.100112915
y,6917,empty,0.100112915
y,6928,empty,0.100112915
y,6935,empty,0.100112915
y,6993,empty,0.100112915
y,7042,empty,0.100112915
y,7070,empty,0.100112915
y,7117,empty,0.100112915
y,7200,empty,0.100112915
y,7257,empty,0.100112915
y,7271,empty,0.100112915
y,7291,empty,0.100112915
y,7379,empty,0.100112915
y,7409,empty,0.100112915
y,7414,empty,0.100112915
y,7446,empty,0.100112915
y,7447,empty,0.100112915
y,7506,empty,0.100112915
y,7538,empty,0.100112915
y,7564,empty,0.100112915
y,7677,empty,0.100112915
y,7694,empty,0.100112915
y,7778,empty,0.100112915
y,7803,empty,0.100112915
y,7886,empty,0.100112915
y,7887,empty,0.100112915
y,7901,empty,0.100112915
y,7977,empty,0.100112915
y,8063,empty,0.100112915
y,8094,empty,0.100112915
y,8109,empty,0.100112915
y,8117,empty,0.100112915
y,8169,empty,0.100112915
y,8290,empty,0.100112915
y,8330,empty,0.100112915
y,8398,empty,0.100112915
y,8519,empty,0.100112915
y,8547,empty,0.100112915
y,8571,empty,0.100112915
y,8623,empty,0.100112915
y,8669,empty,0.100112915
y,8676,empty,0.100112915
y,8735,empty,0.100112915
y,8739,empty,0.100112915
y,8756,empty,0.100112915
y,8793,empty,0.100112915
y,8822,empty,0.100112915
y,8891,empty,0.100112915
y,8965,empty,0.100112915
y,9040,empty,0.100112915
y,9055,empty,0.100112915
y,9062,empty,0.100112915
y,9074,empty,0.100112915
y,9167,empty,0.100112915
y,9256,empty,0.100112915
y,9319,empty,0.100112915
y,9405,empty,0.100112915
y,9456,empty,0.100112915
y,9463,empty,0.100112915
y,9473,empty,0.100112915
y,9543,empty,0.100112915
y,9580,empty,0.100112915
y,9582,empty,0.100112915
y,9586,empty,0.100112915
y,9596,empty,0.100112915
y,9605,empty,0.100112915
y,9608,empty,0.100112915
y,9635,empty,0.100112915
y,9637,empty,0.100112915
y,9663,empty,0.100112915
y,9668,empty,0.100112915
y,9714,empty,0.100112915
y,9715,empty,0.100112915
y,9751,empty,0.100112915
y,9769,empty,0.100112915
y,9801,empty,0.100112915
y,9843,empty,0.100112915
y,9845,empty,0.100112915
y,9885,empty,0.100112915
y,9911,empty,0.100112915
y,9912,empty,0.100112915
y,9937,empty,0.100112915
y,9940,empty,0.100112915
y,9949,empty,0.100112915
y,9973,empty,0.100112915
y,9994,empty,0.100112915
y,10080,empty,0.100112915
y,10097,empty,0.100112915
y,10135,empty,0.100112915
y,10138,empty,0.100112915
y,10140,empty,0.100112915
y,10175,empty,0.100112915
y,10228,empty,0.100112915
y,10234,empty,0.100112915
y,10253,empty,0.100112915
y,10264,empty,0.100112915
y,10278,empty,0.100112915
y,10361,empty,0.100112915
y,10386,empty,0.100112915
y,10388,empty,0.100112915
y,10449,empty,0.100112915
y,10495,empty,0.100112915
y,10517,empty,0.100112915
y,10523,empty,0.100112915
y,10531,empty,0.100112915
y,10613,empty,0.100112915
y,10633,empty,0.100112915
y,10638,empty,0.100112915
y,10645,empty,0.100112915
y,10650,empty,0.100112915
y,10667,empty,0.100112915
y,10689,empty,0.100112915
y,10705,empty,0.100112915
y,10715,empty,0.100112915
y,10742,empty,0.100112915
y,10747,empty,0.100112915
y,10755,empty,0.100112915
y,10769,empty,0.100112915
y,10779,empty,0.100112915
y,10808,empty,0.100112915
y,10869,empty,0.100112915
y,10908,empty,0.100112915
y,10920,empty,0.100112915
y,10968,empty,0.100112915
y,10975,empty,0.100112915
y,10993,empty,0.100112915
y,11062,empty,0.100112915
y,11140,empty,0.100112915
y,11142,empty,0.100112915
y,11162,empty,0.100112915
y,11220,empty,0.100112915
y,11235,empty,0.100112915
y,11352,empty,0.100112915
y,11357,empty,0.100112915
y,11364,empty,0.100112915
y,11406,empty,0.100112915
y,11439,empty,0.100112915
y,11543,empty,0.100112915
y,11553,empty,0.100112915
y,11561,empty,0.100112915
y,11591,empty,0.100112915
y,11696,empty,0.100112915
y,11748,empty,0.100112915
y,11769,empty,0.100112915
y,11775,empty,0.100112915
y,11809,empty,0.100112915
y,11840,empty,0.100112915
y,11854,empty,0.100112915
y,11859,empty,0.100112915
y,11955,empty,0.100112915
y,11995,empty,0.100112915
y,12007,empty,0.100112915
y,12045,empty,0.100112915
y,12047,empty,0.100112915
y,12094,empty,0.100112915
y,12108,empty,0.100112915
y,12109,empty,0.100112915
y,12187,empty,0.100112915
y,12261,empty,0.100112915
y,12288,empty,0.100112915
y,12308,empty,0.100112915
y,12321,empty,0.100112915
y,12329,empty,0.100112915
y,12337,empty,0.100112915
y,12351,empty,0.100112915
y,12359,empty,0.100112915
y,12406,empty,0.100112915
y,12450,empty,0.100112915
y,12472,empty,0.100112915
y,12486,empty,0.100112915
y,12522,empty,0.100112915
y,12551,empty,0.100112915
y,12589,empty,0.100112915
y,12592,empty,0.100112915
y,12595,empty,0.100112915
y,12655,empty,0.100112915
y,12721,empty,0.100112915
y,12821,empty,0.100112915
y,12917,empty,0.100112915
y,12939,empty,0.100112915
y,12964,empty,0.100112915
y,12985,empty,0.100112915
y,13080,empty,0.100112915
y,13089,empty,0.100112915
y,13125,empty,0.100112915
y,13126,empty,0.100112915
y,13148,empty,0.100112915
y,13192,empty,0.100112915
y,13220,empty,0.100112915
y,13285,empty,0.100112915
y,13363,empty,0.100112915
y,13435,empty,0.100112915
y,13456,empty,0.100112915
y,13468,empty,0.100112915
y,13508,empty,0.100112915
y,13513,empty,0.100112915
y,13587,empty,0.100112915
y,13608,empty,0.100112915
y,13657,empty,0.100112915
y,13744,empty,0.100112915
y,13747,empty,0.100112915
y,13776,empty,0.100112915
y,13821,empty,0.100112915
y,13842,empty,0.100112915
y,13866,empty,0.100112915
y,13895,empty,0.100112915
y,13921,empty,0.100112915
y,13955,empty,0.100112915
y,13977,empty,0.100112915
y,13983,empty,0.100112915
y,14008,empty,0.100112915
y,14025,empty,0.100112915
y,14055,empty,0.100112915
y,14075,empty,0.100112915
y,14172,empty,0.100112915
y,14203,empty,0.100112915
y,14219,empty,0.100112915
y,14267,empty,0.100112915
y,14287,empty,0.100112915
y,14330,empty,0.100112915
y,14368,empty,0.100112915
y,14386,empty,0.100112915
y,14402,empty,0.100112915
y,14414,empty,0.100112915
y,14416,empty,0.100112915
y,14417,empty,0.100112915
y,14476,empty,0.100112915
y,14514,empty,0.100112915
y,14540,empty,0.100112915
y,14571,empty,0.100112915
y,14589,empty,0.100112915
y,14624,empty,0.100112915
y,14709,empty,0.100112915
y,14734,empty,0.100112915
y,14759,empty,0.100112915
y,14819,empty,0.100112915
y,14824,empty,0.100112915
y,14835,empty,0.100112915
y,14858,empty,0.100112915
y,14886,empty,0.100112915
y,14909,empty,0.100112915
y,14914,empty,0.100112915
y,14991,empty,0.100112915
y,15010,empty,0.100112915
y,15021,empty,0.100112915
y,15105,empty,0.100112915
y,15126,empty,0.100112915
y,15151,empty,0.100112915
y,15185,empty,0.100112915
y,15190,empty,0.100112915
y,15245,empty,0.100112915
y,15266,empty,0.100112915
y,15274,empty,0.100112915
y,15313,empty,0.100112915
y,15354,empty,0.100112915
y,15372,empty,0.100112915
y,15396,empty,0.100112915
y,15421,empty,0.100112915
y,15499,empty,0.100112915
y,15513,empty,0.100112915
y,15728,empty,0.100112915
y,15779,empty,0.100112915
y,15787,empty,0.100112915
y,15812,empty,0.100112915
y,15829,empty,0.100112915
y,15930,empty,0.100112915
y,15937,empty,0.100112915
y,15944,empty,0.100112915
y,15947,empty,0.100112915
y,16011,empty,0.100112915
y,16039,empty,0.100112915
y,16048,empty,0.100112915
y,16124,empty,0.100112915
y,16131,empty,0.100112915
y,16135,empty,0.100112915
y,16148,empty,0.100112915
y,16183,empty,0.100112915
y,16204,empty,0.100112915
y,16227,empty,0.100112915
y,16276,empty,0.100112915
y,16360,empty,0.100112915
y,16422,empty,0.100112915
y,16477,empty,0.100112915
y,16515,empty,0.100112915
y,16527,empty,0.100112915
y,16530,empty,0.100112915
y,16589,empty,0.100112915
y,16602,empty,0.100112915
y,16659,empty,0.100112915
y,16715,empty,0.100112915
y,16717,empty,0.100112915
y,16725,empty,0.100112915
y,16733,empty,0.100112915
y,16801,empty,0.100112915
y,16805,empty,0.100112915
y,16843,empty,0.100112915
y,16868,empty,0.100112915
y,16969,empty,0.100112915
y,16985,empty,0.100112915
y,17007,empty,0.100112915
y,17025,empty,0.100112915
y,17033,empty,0.100112915
y,17073,empty,0.100112915
y,17098,empty,0.100112915
y,17099,empty,0.100112915
y,17109,empty,0.100112915
y,17167,empty,0.100112915
y,17212,empty,0.100112915
y,17257,empty,0.100112915
y,17287,empty,0.100112915
y,17302,empty,0.100112915
y,17311,empty,0.100112915
y,17365,empty,0.100112915
y,17408,empty,0.100112915
y,17435,empty,0.100112915
y,17469,empty,0.100112915
y,17510,empty,0.100112915
y,17615,empty,0.100112915
y,17643,empty,0.100112915
y,17658,empty,0.100112915
y,17713,empty,0.100112915
y,17723,empty,0.100112915
y,17732,empty,0.100112915
y,17744,empty,0.100112915
y,17748,empty,0.100112915
y,17829,empty,0.100112915
y,17892,empty,0.100112915
y,17923,empty,0.100112915
y,17970,empty,0.100112915
y,17997,empty,0.100112915
y,18044,empty,0.100112915
y,18047,empty,0.100112915
y,18048,empty,0.100112915
y,18056,empty,0.100112915
y,18130,empty,0.100112915
y,18134,empty,0.100112915
y,18211,empty,0.100112915
y,18257,empty,0.100112915
y,18298,empty,0.100112915
y,18353,empty,0.100112915
y,18422,empty,0.100112915
y,18435,empty,0.100112915
y,18443,empty,0.100112915
y,18497,empty,0.100112915
y,18510,empty,0.100112915
y,18520,empty,0.100112915
y,18594,empty,0.100112915
y,18596,empty,0.100112915
y,18604,empty,0.100112915
y,18644,empty,0.100112915
y,18645,empty,0.100112915
y,18675,empty,0.100112915
y,18684,empty,0.100112915
y,18706,empty,0.100112915
y,18714,empty,0.100112915
y,18807,empty,0.100112915
y,18837,empty,0.100112915
y,18914,empty,0.100112915
y,18924,empty,0.100112915
y,18925,empty,0.100112915
y,18951,empty,0.100112915
y,18958,empty,0.100112915
y,18971,empty,0.100112915
y,18990,empty,0.100112915
y,18994,empty,0.100112915
y,19032,empty,0.100112915
y,19080,empty,0.100112915
y,19129,empty,0.100112915
y,19180,empty,0.100112915
y,19223,empty,0.100112915
y,19290,empty,0.100112915
y,19342,empty,0.100112915
y,19347,empty,0.100112915
y,19405,empty,0.100112915
y,19415,empty,0.100112915
y,19417,empty,0.100112915
y,19543,empty,0.100112915
y,19647,empty,0.100112915
y,19661,empty,0.100112915
y,19691,empty,0.100112915
y,19717,empty,0.100112915
y,19724,empty,0.100112915
y,19750,empty,0.100112915
y,19774,empty,0.100112915
y,19782,empty,0.100112915
y,19875,empty,0.100112915
y,19902,empty,0.100112915
y,19920,empty,0.100112915
y,19970,empty,0.100112915
y,20030,empty,0.100112915
y,20104,empty,0.100112915
y,20147,empty,0.100112915
y,20219,empty,0.100112915
y,20239,empty,0.100112915
y,20265,empty,0.100112915
y,20412,empty,0.100112915
y,20448,empty,0.100112915
y,20500,empty,0.100112915
y,20537,empty,0.100112915
y,20551,empty,0.100112915
y,20589,empty,0.100112915
y,20615,empty,0.100112915
y,20628,empty,0.100112915
y,20697,empty,0.100112915
y,20719,empty,0.100112915
y,20755,empty,0.100112915
y,20816,empty,0.100112915
y,20867,empty,0.100112915
y,20871,empty,0.100112915
y,20872,empty,0.100112915
y,20876,empty,0.100112915
y,20885,empty,0.100112915
y,20968,empty,0.100112915
y,20993,empty,0.100112915
y,21061,empty,0.100112915
y,21092,empty,0.100112915
y,21149,empty,0.100112915
y,21154,empty,0.100112915
y,21155,empty,0.100112915
y,21251,empty,0.100112915
y,21259,empty,0.100112915
y,21277,empty,0.100112915
y,21335,empty,0.100112915
y,21339,empty,0.100112915
y,21341,empty,0.100112915
y,21434,empty,0.100112915
y,21460,empty,0.100112915
y,21482,empty,0.100112915
y,21495,empty,0.100112915
y,21555,empty,0.100112915
y,21594,empty,0.100112915
y,21615,empty,0.100112915
y,21616,empty,0.100112915
y,21652,empty,0.100112915
y,21676,empty,0.100112915
y,21698,empty,0.100112915
y,21755,empty,0.100112915
y,21781,empty,0.100112915
y,21789,empty,0.100112915
y,21859,empty,0.100112915
y,21934,empty,0.100112915
y,21953,empty,0.100112915
y,21967,empty,0.100112915
y,21980,empty,0.100112915
y,21993,empty,0.100112915
y,22016,empty,0.100112915
y,22027,empty,0.100112915
y,22051,empty,0.100112915
y,22064,empty,0.100112915
y,22082,empty,0.100112915
y,22092,empty,0.100112915
y,22143,empty,0.100112915
y,22157,empty,0.100112915
y,22171,empty,0.100112915
y,22299,empty,0.100112915
y,22316,empty,0.100112915
y,22343,empty,0.100112915
y,22357,empty,0.100112915
y,22358,empty,0.100112915
y,22378,empty,0.100112915
y,22422,empty,0.100112915
y,22576,empty,0.100112915
y,22608,empty,0.100112915
y,22637,empty,0.100112915
y,22680,empty,0.100112915
y,22794,empty,0.100112915
y,22851,empty,0.100112915
y,22993,empty,0.100112915
y,23006,empty,0.100112915
y,23039,empty,0.100112915
y,23046,empty,0.100112915
y,23245,empty,0.100112915
y,23256,empty,0.100112915
y,23270,empty,0.100112915
y,23289,empty,0.100112915
y,23299,empty,0.100112915
y,23383,empty,0.100112915
y,23414,empty,0.100112915
y,23464,empty,0.100112915
y,23530,empty,0.100112915
y,23556,empty,0.100112915
y,23561,empty,0.100112915
y,23577,empty,0.100112915
y,23623,empty,0.100112915
y,23674,empty,0.100112915
y,23693,empty,0.100112915
y,23704,empty,0.100112915
y,23735,empty,0.100112915
y,23740,empty,0.100112915
y,23798,empty,0.100112915
y,23931,empty,0.100112915
y,23974,empty,0.100112915
y,24046,empty,0.100112915
y,24080,empty,0.100112915
y,24114,empty,0.100112915
y,24134,empty,0.100112915
y,24172,empty,0.100112915
y,24182,empty,0.100112915
y,24186,empty,0.100112915
y,24215,empty,0.100112915
y,24219,empty,0.100112915
y,24234,empty,0.100112915
y,24294,empty,0.100112915
y,24336,empty,0.100112915
y,24390,empty,0.100112915
y,24410,empty,0.100112915
y,24427,empty,0.100112915
y,24438,empty,0.100112915
y,24507,empty,0.100112915
y,24579,empty,0.100112915
y,24671,empty,0.100112915
y,24767,empty,0.100112915
y,24800,empty,0.100112915
y,24846,empty,0.100112915
y,24858,empty,0.100112915
y,24906,empty,0.100112915
y,24928,empty,0.100112915
y,24934,empty,0.100112915
y,24980,empty,0.100112915
y,24992,empty,0.100112915
y,25052,empty,0.100112915
y,25054,empty,0.100112915
y,25068,empty,0.100112915
y,25088,empty,0.100112915
y,25110,empty,0.100112915
y,25120,empty,0.100112915
y,25191,empty,0.100112915
y,25223,empty,0.100112915
y,25230,empty,0.100112915
y,25305,empty,0.100112915
y,25399,empty,0.100112915
y,25446,empty,0.100112915
y,25449,empty,0.100112915
y,25585,empty,0.100112915
y,25592,empty,0.100112915
y,25630,empty,0.100112915
y,25657,empty,0.100112915
y,25666,empty,0.100112915
y,25687,empty,0.100112915
y,25729,empty,0.100112915
y,25759,empty,0.100112915
y,25773,empty,0.100112915
y,25782,empty,0.100112915
y,25810,empty,0.100112915
y,25826,empty,0.100112915
y,25863,empty,0.100112915
y,25870,empty,0.100112915
y,25894,empty,0.100112915
y,25898,empty,0.100112915
y,25903,empty,0.100112915
y,25911,empty,0.100112915
y,25968,empty,0.100112915
y,26014,empty,0.100112915
y,26064,empty,0.100112915
y,26079,empty,0.100112915
y,26080,empty,0.100112915
y,26120,empty,0.100112915
y,26128,empty,0.100112915
y,26179,empty,0.100112915
y,26225,empty,0.100112915
y,26229,empty,0.100112915
y,26238,empty,0.100112915
y,26241,empty,0.100112915
y,26355,empty,0.100112915
y,26379,empty,0.100112915
y,26413,empty,0.100112915
y,26475,empty,0.100112915
y,26492,empty,0.100112915
y,26547,empty,0.100112915
y,26630,empty,0.100112915
y,26671,empty,0.100112915
y,26705,empty,0.100112915
y,26724,empty,0.100112915
y,26735,empty,0.100112915
y,26876,empty,0.100112915
y,26914,empty,0.100112915
y,26932,empty,0.100112915
y,26943,empty,0.100112915
y,26948,empty,0.100112915
y,26964,empty,0.100112915
y,26984,empty,0.100112915
y,26988,empty,0.100112915
y,27033,empty,0.100112915
y,27059,empty,0.100112915
y,27062,empty,0.100112915
y,27069,empty,0.100112915
y,27115,empty,0.100112915
y,27138,empty,0.100112915
y,27154,empty,0.100112915
y,27188,empty,0.100112915
y,27279,empty,0.100112915
y,27299,empty,0.100112915
y,27312,empty,0.100112915
y,27395,empty,0.100112915
y,27441,empty,0.100112915
y,27461,empty,0.100112915
y,27463,empty,0.100112915
y,27477,empty,0.100112915
y,27496,empty,0.100112915
y,27656,empty,0.100112915
y,27675,empty,0.100112915
y,27699,empty,0.100112915
y,27759,empty,0.100112915
y,27784,empty,0.100112915
y,27790,empty,0.100112915
y,27834,empty,0.100112915
y,27898,empty,0.100112915
y,27911,empty,0.100112915
y,27993,empty,0.100112915
y,28014,empty,0.100112915
y,28036,empty,0.100112915
y,28143,empty,0.100112915
y,28175,empty,0.100112915
y,28201,empty,0.100112915
y,28249,empty,0.100112915
y,28269,empty,0.100112915
y,28272,empty,0.100112915
y,28332,empty,0.100112915
y,28478,empty,0.100112915
y,28498,empty,0.100112915
y,28501,empty,0.100112915
y,28512,empty,0.100112915
y,28515,empty,0.100112915
y,28615,empty,0.100112915
y,28751,empty,0.100112915
y,28778,empty,0.100112915
y,28809,empty,0.100112915
y,28851,empty,0.100112915
y,28874,empty,0.100112915
y,28892,empty,0.100112915
y,28930,empty,0.100112915
y,28960,empty,0.100112915
y,28962,empty,0.100112915
y,29101,empty,0.100112915
y,29102,empty,0.100112915
y,29103,empty,0.100112915
y,29109,empty,0.100112915
y,29110,empty,0.100112915
y,29122,empty,0.100112915
y,29167,empty,0.100112915
y,29170,empty,0.100112915
y,29206,empty,0.100112915
y,29230,empty,0.100112915
y,29281,empty,0.100112915
y,29295,empty,0.100112915
y,29362,empty,0.100112915
y,29364,empty,0.100112915
y,29367,empty,0.100112915
y,29407,empty,0.100112915
y,29409,empty,0.100112915
y,29410,empty,0.100112915
y,29412,empty,0.100112915
y,29430,empty,0.100112915
y,29443,empty,0.100112915
y,29466,empty,0.100112915
y,29471,empty,0.100112915
y,29500,empty,0.100112915
y,29504,empty,0.100112915
y,29525,empty,0.100112915
y,29542,empty,0.100112915
y,29559,empty,0.100112915
y,29635,empty,0.100112915
y,29680,empty,0.100112915
y,29719,empty,0.100112915
y,29723,empty,0.100112915
y,29731,empty,0.100112915
y,29753,empty,0.100112915
y,29763,empty,0.100112915
y,29807,empty,0.100112915
y,29868,empty,0.100112915
y,29875,empty,0.100112915
y,29878,empty,0.100112915
y,29899,empty,0.100112915
y,29909,empty,0.100112915
y,29937,empty,0.100112915
y,29967,empty,0.100112915
y,30068,empty,0.100112915
y,30076,empty,0.100112915
y,30110,empty,0.100112915
y,30140,empty,0.100112915
y,30165,empty,0.100112915
y,30201,empty,0.100112915
y,30205,empty,0.100112915
y,30217,empty,0.100112915
y,30223,empty,0.100112915
y,30228,empty,0.100112915
y,30295,empty,0.100112915
y,30341,empty,0.100112915
y,30348,empty,0.100112915
y,30437,empty,0.100112915
y,30462,empty,0.100112915
y,30478,empty,0.100112915
y,30490,empty,0.100112915
y,30574,empty,0.100112915
y,30579,empty,0.100112915
y,30652,empty,0.100112915
y,30653,empty,0.100112915
y,30656,empty,0.100112915
y,30667,empty,0.100112915
y,30780,empty,0.100112915
y,30806,empty,0.100112915
y,30817,empty,0.100112915
y,30832,empty,0.100112915
y,30848,empty,0.100112915
y,30856,empty,0.100112915
y,30868,empty,0.100112915
y,30953,empty,0.100112915
y,30985,empty,0.100112915
y,31031,empty,0.100112915
y,31033,empty,0.100112915
y,31094,empty,0.100112915
y,31110,empty,0.100112915
y,31111,empty,0.100112915
y,31125,empty,0.100112915
y,31172,empty,0.100112915
y,31185,empty,0.100112915
y,31202,empty,0.100112915
y,31269,empty,0.100112915
y,31281,empty,0.100112915
y,31299,empty,0.100112915
y,31301,empty,0.100112915
y,31308,empty,0.100112915
y,31317,empty,0.100112915
y,31389,empty,0.100112915
y,31395,empty,0.100112915
y,31411,empty,0.100112915
y,31470,empty,0.100112915
y,31476,empty,0.100112915
y,31504,empty,0.100112915
y,31524,empty,0.100112915
y,31594,empty,0.100112915
y,31613,empty,0.100112915
y,31673,empty,0.100112915
y,31681,empty,0.100112915
y,31853,empty,0.100112915
y,31881,empty,0.100112915
y,31916,empty,0.100112915
y,31933,empty,0.100112915
y,31961,empty,0.100112915
y,32246,empty,0.100112915
y,32292,empty,0.100112915
y,32317,empty,0.100112915
y,32321,empty,0.100112915
y,32379,empty,0.100112915
y,32385,empty,0.100112915
y,32409,empty,0.100112915
y,32425,empty,0.100112915
y,32457,empty,0.100112915
y,32458,empty,0.100112915
y,32487,empty,0.100112915
y,32492,empty,0.100112915
y,32495,empty,0.100112915
y,32683,empty,0.100112915
y,32689,empty,0.100112915
y,32778,empty,0.100112915
y,32819,empty,0.100112915
y,32848,empty,0.100112915
y,32906,empty,0.100112915
y,32922,empty,0.100112915
y,32934,empty,0.100112915
y,32966,empty,0.100112915
y,33108,empty,0.100112915
y,33151,empty,0.100112915
y,33174,empty,0.100112915
y,33201,empty,0.100112915
y,33209,empty,0.100112915
y,33231,empty,0.100112915
y,33256,empty,0.100112915
y,33268,empty,0.100112915
y,33277,empty,0.100112915
y,33319,empty,0.100112915
y,33355,empty,0.100112915
y,33390,empty,0.100112915
y,33479,empty,0.100112915
y,33531,empty,0.100112915
y,33537,empty,0.100112915
y,33541,empty,0.100112915
y,33545,empty,0.100112915
y,33604,empty,0.100112915
y,33606,empty,0.100112915
y,33640,empty,0.100112915
y,33642,empty,0.100112915
y,33678,empty,0.100112915
y,33693,empty,0.100112915
y,33697,empty,0.100112915
y,33764,empty,0.100112915
y,33775,empty,0.100112915
y,33776,empty,0.100112915
y,33797,empty,0.100112915
y,33799,empty,0.100112915
y,33826,empty,0.100112915
y,33839,empty,0.100112915
y,33844,empty,0.100112915
y,33877,empty,0.100112915
y,33894,empty,0.100112915
y,33933,empty,0.100112915
y,33968,empty,0.100112915
y,33995,empty,0.100112915
y,33999,empty,0.100112915
y,34012,empty,0.100112915
y,34118,empty,0.100112915
y,34167,empty,0.100112915
y,34222,empty,0.100112915
y,34258,empty,0.100112915
y,34260,empty,0.100112915
y,34267,empty,0.100112915
y,34357,empty,0.100112915
y,34513,empty,0.100112915
y,34552,empty,0.100112915
y,34584,empty,0.100112915
y,34603,empty,0.100112915
y,34611,empty,0.100112915
y,34618,empty,0.100112915
y,34638,empty,0.100112915
y,34641,empty,0.100112915
y,34655,empty,0.100112915
y,34694,empty,0.100112915
y,34704,empty,0.100112915
y,34742,empty,0.100112915
y,34789,empty,0.100112915
y,34841,empty,0.100112915
y,34866,empty,0.100112915
y,34868,empty,0.100112915
y,34879,empty,0.100112915
y,34905,empty,0.100112915
y,34933,empty,0.100112915
y,34952,empty,0.100112915
y,34967,empty,0.100112915
y,34974,empty,0.100112915
y,34988,empty,0.100112915
y,34994,empty,0.100112915
y,35012,empty,0.100112915
y,35018,empty,0.100112915
y,35050,empty,0.100112915
y,35068,empty,0.100112915
y,35150,empty,0.100112915
y,35257,empty,0.100112915
y,35277,empty,0.100112915
y,35317,empty,0.100112915
y,35361,empty,0.100112915
y,35369,empty,0.100112915
y,35378,empty,0.100112915
y,35398,empty,0.100112915
y,35413,empty,0.100112915
y,35469,empty,0.100112915
y,35476,empty,0.100112915
y,35493,empty,0.100112915
y,35551,empty,0.100112915
y,35559,empty,0.100112915
y,35593,empty,0.100112915
y,35595,empty,0.100112915
y,35646,empty,0.100112915
y,35684,empty,0.100112915
y,35830,empty,0.100112915
y,35855,empty,0.100112915
y,35911,empty,0.100112915
y,35960,empty,0.100112915
y,36009,empty,0.100112915
y,36080,empty,0.100112915
y,36081,empty,0.100112915
y,36088,empty,0.100112915
y,36100,empty,0.100112915
y,36160,empty,0.100112915
y,36172,empty,0.100112915
y,36185,empty,0.100112915
y,36205,empty,0.100112915
y,36206,empty,0.100112915
y,36207,empty,0.100112915
y,36249,empty,0.100112915
y,36262,empty,0.100112915
y,36305,empty,0.100112915
y,36325,empty,0.100112915
y,36372,empty,0.100112915
y,36430,empty,0.100112915
y,36496,empty,0.100112915
y,36520,empty,0.100112915
y,36579,empty,0.100112915
y,36652,empty,0.100112915
y,36691,empty,0.100112915
y,36722,empty,0.100112915
y,36813,empty,0.100112915
y,36886,empty,0.100112915
y,36887,empty,0.100112915
y,36897,empty,0.100112915
y,36901,empty,0.100112915
y,37018,empty,0.100112915
y,37070,empty,0.100112915
y,37080,empty,0.100112915
y,37087,empty,0.100112915
y,37182,empty,0.100112915
y,37278,empty,0.100112915
y,37331,empty,0.100112915
y,37343,empty,0.100112915
y,37357,empty,0.100112915
y,37368,empty,0.100112915
y,37410,empty,0.100112915
y,37411,empty,0.100112915
y,37455,empty,0.100112915
y,37473,empty,0.100112915
y,37474,empty,0.100112915
y,37476,empty,0.100112915
y,37521,empty,0.100112915
y,37566,empty,0.100112915
y,37598,empty,0.100112915
y,37613,empty,0.100112915
y,37636,empty,0.100112915
y,37668,empty,0.100112915
y,37730,empty,0.100112915
y,37768,empty,0.100112915
y,37902,empty,0.100112915
y,37906,empty,0.100112915
y,37910,empty,0.100112915
y,37911,empty,0.100112915
y,37932,empty,0.100112915
y,37951,empty,0.100112915
y,38006,empty,0.100112915
y,38066,empty,0.100112915
y,38247,empty,0.100112915
y,38274,empty,0.100112915
y,38282,empty,0.100112915
y,38323,empty,0.100112915
y,38338,empty,0.100112915
y,38380,empty,0.100112915
y,38432,empty,0.100112915
y,38440,empty,0.100112915
y,38447,empty,0.100112915
y,38463,empty,0.100112915
y,38464,empty,0.100112915
y,38485,empty,0.100112915
y,38668,empty,0.100112915
y,38676,empty,0.100112915
y,38702,empty,0.100112915
y,38703,empty,0.100112915
y,38706,empty,0.100112915
y,38716,empty,0.100112915
y,38720,empty,0.100112915
y,38807,empty,0.100112915
y,38815,empty,0.100112915
y,38828,empty,0.100112915
y,38905,empty,0.100112915
y,39036,empty,0.100112915
y,39043,empty,0.100112915
y,39045,empty,0.100112915
y,39055,empty,0.100112915
y,39087,empty,0.100112915
y,39179,empty,0.100112915
y,39304,empty,0.100112915
y,39343,empty,0.100112915
y,39347,empty,0.100112915
y,39357,empty,0.100112915
y,39440,empty,0.100112915
y,39443,empty,0.100112915
y,39448,empty,0.100112915
y,39452,empty,0.100112915
y,39484,empty,0.100112915
y,39495,empty,0.100112915
y,39526,empty,0.100112915
y,39538,empty,0.100112915
y,39564,empty,0.100112915
y,39596,empty,0.100112915
y,39601,empty,0.100112915
y,39622,empty,0.100112915
y,39694,empty,0.100112915
y,39702,empty,0.100112915
y,39714,empty,0.100112915
y,39741,empty,0.100112915
y,39755,empty,0.100112915
y,39835,empty,0.100112915
y,39846,empty,0.100112915
y,39948,empty,0.100112915
y,39952,empty,0.100112915
y,39976,empty,0.100112915
y,40035,empty,0.100112915
y,40041,empty,0.100112915
y,40107,empty,0.100112915
y,40114,empty,0.100112915
y,40137,empty,0.100112915
y,40163,empty,0.100112915
y,40197,empty,0.100112915
y,40203,empty,0.100112915
y,40204,empty,0.100112915
y,40216,empty,0.100112915
y,40246,empty,0.100112915
y,40272,empty,0.100112915
y,40280,empty,0.100112915
y,40312,empty,0.100112915
y,40402,empty,0.100112915
y,40416,empty,0.100112915
y,40463,empty,0.100112915
y,40473,empty,0.100112915
y,40515,empty,0.100112915
y,40553,empty,0.100112915
y,40570,empty,0.100112915
y,40577,empty,0.100112915
y,40589,empty,0.100112915
y,40618,empty,0.100112915
y,40640,empty,0.100112915
y,40680,empty,0.100112915
y,40715,empty,0.100112915
y,40729,empty,0.100112915
y,40764,empty,0.100112915
y,40861,empty,0.100112915
y,40890,empty,0.100112915
y,40911,empty,0.100112915
y,40929,empty,0.100112915
y,40949,empty,0.100112915
y,40955,empty,0.100112915
y,40963,empty,0.100112915
y,40974,empty,0.100112915
y,41034,empty,0.100112915
y,41043,empty,0.100112915
y,41056,empty,0.100112915
y,41106,empty,0.100112915
y,41110,empty,0.100112915
y,41111,empty,0.100112915
y,41130,empty,0.100112915
y,41223,empty,0.100112915
y,41245,empty,0.100112915
y,41277,empty,0.100112915
y,41282,empty,0.100112915
y,41284,empty,0.100112915
y,41313,empty,0.100112915
y,41320,empty,0.100112915
y,41328,empty,0.100112915
y,41336,empty,0.100112915
y,41385,empty,0.100112915
y,41468,empty,0.100112915
y,41492,empty,0.100112915
y,41504,empty,0.100112915
y,41508,empty,0.100112915
y,41523,empty,0.100112915
y,41571,empty,0.100112915
y,41578,empty,0.100112915
y,41581,empty,0.100112915
y,41620,empty,0.100112915
y,41637,empty,0.100112915
y,41660,empty,0.100112915
y,41673,empty,0.100112915
y,41707,empty,0.100112915
y,41780,empty,0.100112915
y,41812,empty,0.100112915
y,41819,empty,0.100112915
y,41828,empty,0.100112915
y,41838,empty,0.100112915
y,41864,empty,0.100112915
y,41895,empty,0.100112915
y,42022,empty,0.100112915
y,42025,empty,0.100112915
y,42045,empty,0.100112915
y,42077,empty,0.100112915
y,42095,empty,0.100112915
y,42106,empty,0.100112915
y,42121,empty,0.100112915
y,42156,empty,0.100112915
y,42181,empty,0.100112915
y,42185,empty,0.100112915
y,42230,empty,0.100112915
y,42231,empty,0.100112915
y,42237,empty,0.100112915
y,42248,empty,0.100112915
y,42256,empty,0.100112915
y,42323,empty,0.100112915
y,42327,empty,0.100112915
y,42337,empty,0.100112915
y,42357,empty,0.100112915
y,42372,empty,0.100112915
y,42380,empty,0.100112915
y,42479,empty,0.100112915
y,42493,empty,0.100112915
y,42524,empty,0.100112915
y,42594,empty,0.100112915
y,42621,empty,0.100112915
y,42639,empty,0.100112915
y,42644,empty,0.100112915
y,42680,empty,0.100112915
y,42697,empty,0.100112915
y,42717,empty,0.100112915
y,42785,empty,0.100112915
y,42797,empty,0.100112915
y,42820,empty,0.100112915
y,42831,empty,0.100112915
y,42883,empty,0.100112915
y,42914,empty,0.100112915
y,42920,empty,0.100112915
y,42992,empty,0.100112915
y,42999,empty,0.100112915
y,43020,empty,0.100112915
y,43062,empty,0.100112915
y,43069,empty,0.100112915
y,43087,empty,0.100112915
y,43165,empty,0.100112915
y,43217,empty,0.100112915
y,43254,empty,0.100112915
y,43283,empty,0.100112915
y,43340,empty,0.100112915
y,43383,empty,0.100112915
y,43390,empty,0.100112915
y,43400,empty,0.100112915
y,43483,empty,0.100112915
y,43539,empty,0.100112915
y,43540,empty,0.100112915
y,43581,empty,0.100112915
y,43636,empty,0.100112915
y,43653,empty,0.100112915
y,43715,empty,0.100112915
y,43734,empty,0.100112915
y,43736,empty,0.100112915
y,43763,empty,0.100112915
y,43830,empty,0.100112915
y,43865,empty,0.100112915
y,43873,empty,0.100112915
y,43886,empty,0.100112915
y,43912,empty,0.100112915
y,43992,empty,0.100112915
y,44024,empty,0.100112915
y,44030,empty,0.100112915
y,44107,empty,0.100112915
y,44109,empty,0.100112915
y,44186,empty,0.100112915
y,44327,empty,0.100112915
y,44349,empty,0.100112915
y,44367,empty,0.100112915
y,44445,empty,0.100112915
y,44474,empty,0.100112915
y,44480,empty,0.100112915
y,44511,empty,0.100112915
y,44543,empty,0.100112915
y,44560,empty,0.100112915
y,44614,empty,0.100112915
y,44634,empty,0.100112915
y,44669,empty,0.100112915
y,44688,empty,0.100112915
y,44694,empty,0.100112915
y,44709,empty,0.100112915
y,44724,empty,0.100112915
y,44751,empty,0.100112915
y,44752,empty,0.100112915
y,44767,empty,0.100112915
y,44782,empty,0.100112915
y,44818,empty,0.100112915
y,44828,empty,0.100112915
y,44864,empty,0.100112915
y,44932,empty,0.100112915
y,45003,empty,0.100112915
y,45006,empty,0.100112915
y,45050,empty,0.100112915
y,45100,empty,0.100112915
y,45125,empty,0.100112915
y,45133,empty,0.100112915
y,45166,empty,0.100112915
y,45191,empty,0.100112915
y,45352,empty,0.100112915
y,45355,empty,0.100112915
y,45409,empty,0.100112915
y,45488,empty,0.100112915
y,45510,empty,0.100112915
y,45519,empty,0.100112915
y,45546,empty,0.100112915
y,45558,empty,0.100112915
y,45570,empty,0.100112915
y,45571,empty,0.100112915
y,45696,empty,0.100112915
y,45702,empty,0.100112915
y,45706,empty,0.100112915
y,45725,empty,0.100112915
y,45775,empty,0.100112915
y,45796,empty,0.100112915
y,45805,empty,0.100112915
y,45835,empty,0.100112915
y,45861,empty,0.100112915
y,45891,empty,0.100112915
y,45909,empty,0.100112915
y,46041,empty,0.100112915
y,46136,empty,0.100112915
y,46226,empty,0.100112915
y,46227,empty,0.100112915
y,46244,empty,0.100112915
y,46272,empty,0.100112915
y,46327,empty,0.100112915
y,46328,empty,0.100112915
y,46338,empty,0.100112915
y,46364,empty,0.100112915
y,46373,empty,0.100112915
y,46376,empty,0.100112915
y,46410,empty,0.100112915
y,46414,empty,0.100112915
y,46425,empty,0.100112915
y,46469,empty,0.100112915
y,46544,empty,0.100112915
y,46572,empty,0.100112915
y,46653,empty,0.100112915
y,46756,empty,0.100112915
y,46774,empty,0.100112915
y,46781,empty,0.100112915
y,46807,empty,0.100112915
y,46821,empty,0.100112915
y,46844,empty,0.100112915
y,46897,empty,0.100112915
y,46936,empty,0.100112915
y,46994,empty,0.100112915
y,47034,empty,0.100112915
y,47090,empty,0.100112915
y,47114,empty,0.100112915
y,47145,empty,0.100112915
y,47191,empty,0.100112915
y,47240,empty,0.100112915
y,47253,empty,0.100112915
y,47282,empty,0.100112915
y,47351,empty,0.100112915
y,47359,empty,0.100112915
y,47410,empty,0.100112915
y,47429,empty,0.100112915
y,47480,empty,0.100112915
y,47484,empty,0.100112915
y,47486,empty,0.100112915
y,47510,empty,0.100112915
y,47528,empty,0.100112915
y,47554,empty,0.100112915
y,47588,empty,0.100112915
y,47695,empty,0.100112915
y,47728,empty,0.100112915
y,47777,empty,0.100112915
y,47803,empty,0.100112915
y,47809,empty,0.100112915
y,47847,empty,0.100112915
y,47855,empty,0.100112915
y,47863,empty,0.100112915
y,47880,empty,0.100112915
y,47893,empty,0.100112915
y,47976,empty,0.100112915
y,48006,empty,0.100112915
y,48026,empty,0.100112915
y,48170,empty,0.100112915
y,48190,empty,0.100112915
y,48199,empty,0.100112915
y,48214,empty,0.100112915
y,48247,empty,0.100112915
y,48262,empty,0.100112915
y,48356,empty,0.100112915
y,48378,empty,0.100112915
y,48512,empty,0.100112915
y,48563,empty,0.100112915
y,48682,empty,0.100112915
y,48714,empty,0.100112915
y,48727,empty,0.100112915
y,48782,empty,0.100112915
y,48828,empty,0.100112915
y,48844,empty,0.100112915
y,48854,empty,0.100112915
y,48904,empty,0.100112915
y,48939,empty,0.100112915
y,48942,empty,0.100112915
y,48943,empty,0.100112915
y,48950,empty,0.100112915
y,48967,empty,0.100112915
y,49048,empty,0.100112915
y,49055,empty,0.100112915
y,49081,empty,0.100112915
y,49142,empty,0.100112915
y,49165,empty,0.100112915
y,49277,empty,0.100112915
y,49343,empty,0.100112915
y,49465,empty,0.100112915
y,49522,empty,0.100112915
y,49531,empty,0.100112915
y,49574,empty,0.100112915
y,49624,empty,0.100112915
y,49657,empty,0.100112915
y,49659,empty,0.100112915
y,49672,empty,0.100112915
y,49760,empty,0.100112915
y,49783,empty,0.100112915
y,49800,empty,0.100112915
y,49810,empty,0.100112915
y,49864,empty,0.100112915
y,49979,empty,0.100112915
y,50024,empty,0.100112915
y,50066,empty,0.100112915
y,50068,empty,0.100112915
y,50192,empty,0.100112915
y,50219,empty,0.100112915
y,50242,empty,0.100112915
y,50273,empty,0.100112915
y,50347,empty,0.100112915
y,50401,empty,0.100112915
y,50445,empty,0.100112915
y,50463,empty,0.100112915
y,50560,empty,0.100112915
y,50571,empty,0.100112915
y,50599,empty,0.100112915
y,50602,empty,0.100112915
y,50616,empty,0.100112915
y,50634,empty,0.100112915
y,50711,empty,0.100112915
y,50768,empty,0.100112915
y,50887,empty,0.100112915
y,50895,empty,0.100112915
y,50906,empty,0.100112915
y,50949,empty,0.100112915
y,50956,empty,0.100112915
y,50972,empty,0.100112915
y,50985,empty,0.100112915
y,51000,empty,0.100112915
y,51072,empty,0.100112915
y,51118,empty,0.100112915
y,51124,empty,0.100112915
y,51159,empty,0.100112915
y,51172,empty,0.100112915
y,51176,empty,0.100112915
y,51232,empty,0.100112915
y,51344,empty,0.100112915
y,51348,empty,0.100112915
y,51445,empty,0.100112915
y,51447,empty,0.100112915
y,51502,empty,0.100112915
y,51555,empty,0.100112915
y,51575,empty,0.100112915
y,51618,empty,0.100112915
y,51678,empty,0.100112915
y,51730,empty,0.100112915
y,51823,empty,0.100112915
y,51871,empty,0.100112915
y,51881,empty,0.100112915
y,51909,empty,0.100112915
y,51996,empty,0.100112915
y,52001,empty,0.100112915
y,52002,empty,0.100112915
y,52114,empty,0.100112915
y,52197,empty,0.100112915
y,52247,empty,0.100112915
y,52298,empty,0.100112915
y,52303,empty,0.100112915
y,52389,empty,0.100112915
y,52407,empty,0.100112915
y,52420,empty,0.100112915
y,52668,empty,0.100112915
y,52721,empty,0.100112915
y,52756,empty,0.100112915
y,52782,empty,0.100112915
y,52784,empty,0.100112915
y,52797,empty,0.100112915
y,52865,empty,0.100112915
y,52890,empty,0.100112915
y,52912,empty,0.100112915
y,52937,empty,0.100112915
y,53015,empty,0.100112915
y,53052,empty,0.100112915
y,53116,empty,0.100112915
y,53163,empty,0.100112915
y,53215,empty,0.100112915
y,53373,empty,0.100112915
y,53430,empty,0.100112915
y,53441,empty,0.100112915
y,53451,empty,0.100112915
y,53452,empty,0.100112915
y,53495,empty,0.100112915
y,53526,empty,0.100112915
y,53609,empty,0.100112915
y,53650,empty,0.100112915
y,53683,empty,0.100112915
y,53767,empty,0.100112915
y,53875,empty,0.100112915
y,53879,empty,0.100112915
y,53891,empty,0.100112915
y,53915,empty,0.100112915
y,53917,empty,0.100112915
y,53940,empty,0.100112915
y,53980,empty,0.100112915
y,54005,empty,0.100112915
y,54025,empty,0.100112915
y,54190,empty,0.100112915
y,54206,empty,0.100112915
y,54226,empty,0.100112915
y,54259,empty,0.100112915
y,54271,empty,0.100112915
y,54273,empty,0.100112915
y,54309,empty,0.100112915
y,54343,empty,0.100112915
y,54345,empty,0.100112915
y,54375,empty,0.100112915
y,54383,empty,0.100112915
y,54419,empty,0.100112915
y,54467,empty,0.100112915
y,54473,empty,0.100112915
y,54522,empty,0.100112915
y,54538,empty,0.100112915
y,54541,empty,0.100112915
y,54632,empty,0.100112915
y,54650,empty,0.100112915
y,54671,empty,0.100112915
y,54679,empty,0.100112915
y,54701,empty,0.100112915
y,54717,empty,0.100112915
y,54761,empty,0.100112915
y,54764,empty,0.100112915
y,54780,empty,0.100112915
y,54790,empty,0.100112915
y,54800,empty,0.100112915
y,54811,empty,0.100112915
y,54818,empty,0.100112915
y,54826,empty,0.100112915
y,54831,empty,0.100112915
y,54851,empty,0.100112915
y,54873,empty,0.100112915
y,54930,empty,0.100112915
y,54973,empty,0.100112915
y,55038,empty,0.100112915
y,55062,empty,0.100112915
y,55127,empty,0.100112915
y,55157,empty,0.100112915
y,55183,empty,0.100112915
y,55308,empty,0.100112915
y,55354,empty,0.100112915
y,55452,empty,0.100112915
y,55454,empty,0.100112915
y,55501,empty,0.100112915
y,55512,empty,0.100112915
y,55526,empty,0.100112915
y,55540,empty,0.100112915
y,55547,empty,0.100112915
y,55595,empty,0.100112915
y,55620,empty,0.100112915
y,55641,empty,0.100112915
y,55662,empty,0.100112915
y,55690,empty,0.100112915
y,55714,empty,0.100112915
y,55744,empty,0.100112915
y,55776,empty,0.100112915
y,55850,empty,0.100112915
y,55860,empty,0.100112915
y,55869,empty,0.100112915
y,55906,empty,0.100112915
y,55926,empty,0.100112915
y,55963,empty,0.100112915
y,56058,empty,0.100112915
y,56088,empty,0.100112915
y,56114,empty,0.100112915
y,56141,empty,0.100112915
y,56163,empty,0.100112915
y,56170,empty,0.100112915
y,56221,empty,0.100112915
y,56266,empty,0.100112915
y,56271,empty,0.100112915
y,56290,empty,0.100112915
y,56331,empty,0.100112915
y,56454,empty,0.100112915
y,56477,empty,0.100112915
y,56518,empty,0.100112915
y,56558,empty,0.100112915
y,56639,empty,0.100112915
y,56649,empty,0.100112915
y,56703,empty,0.100112915
y,56718,empty,0.100112915
y,56722,empty,0.100112915
y,56785,empty,0.100112915
y,56839,empty,0.100112915
y,56858,empty,0.100112915
y,56859,empty,0.100112915
y,56876,empty,0.100112915
y,56882,empty,0.100112915
y,56908,empty,0.100112915
y,56909,empty,0.100112915
y,56957,empty,0.100112915
y,56969,empty,0.100112915
y,56997,empty,0.100112915
y,57022,empty,0.100112915
y,57060,empty,0.100112915
y,57071,empty,0.100112915
y,57089,empty,0.100112915
y,57090,empty,0.100112915
y,57104,empty,0.100112915
y,57169,empty,0.100112915
y,57176,empty,0.100112915
y,57189,empty,0.100112915
y,57191,empty,0.100112915
y,57275,empty,0.100112915
y,57324,empty,0.100112915
y,57333,empty,0.100112915
y,57355,empty,0.100112915
y,57404,empty,0.100112915
y,57413,empty,0.100112915
y,57423,empty,0.100112915
y,57453,empty,0.100112915
y,57489,empty,0.100112915
y,57509,empty,0.100112915
y,57513,empty,0.100112915
y,57529,empty,0.100112915
y,57547,empty,0.100112915
y,57591,empty,0.100112915
y,57597,empty,0.100112915
y,57644,empty,0.100112915
y,57660,empty,0.100112915
y,57684,empty,0.100112915
y,57711,empty,0.100112915
y,57717,empty,0.100112915
y,57727,empty,0.100112915
y,57729,empty,0.100112915
y,57762,empty,0.100112915
y,57763,empty,0.100112915
y,57770,empty,0.100112915
y,57821,empty,0.100112915
y,57833,empty,0.100112915
y,57867,empty,0.100112915
y,57885,empty,0.100112915
y,57917,empty,0.100112915
y,57933,empty,0.100112915
y,57942,empty,0.100112915
y,57952,empty,0.100112915
y,57954,empty,0.100112915
y,57969,empty,0.100112915
y,58069,empty,0.100112915
y,58090,empty,0.100112915
y,58154,empty,0.100112915
y,58161,empty,0.100112915
y,58209,empty,0.100112915
y,58227,empty,0.100112915
y,58264,empty,0.100112915
y,58287,empty,0.100112915
y,58296,empty,0.100112915
y,58376,empty,0.100112915
y,58389,empty,0.100112915
y,58414,empty,0.100112915
y,58453,empty,0.100112915
y,58523,empty,0.100112915
y,58524,empty,0.100112915
y,58561,empty,0.100112915
y,58599,empty,0.100112915
y,58600,empty,0.100112915
y,58601,empty,0.100112915
y,58649,empty,0.100112915
y,58659,empty,0.100112915
y,58666,empty,0.100112915
y,58676,empty,0.100112915
y,58748,empty,0.100112915
y,58823,empty,0.100112915
y,58838,empty,0.100112915
y,58864,empty,0.100112915
y,58876,empty,0.100112915
y,58926,empty,0.100112915
y,58949,empty,0.100112915
y,59006,empty,0.100112915
y,59045,empty,0.100112915
y,59072,empty,0.100112915
y,59073,empty,0.100112915
y,59088,empty,0.100112915
y,59116,empty,0.100112915
y,59187,empty,0.100112915
y,59194,empty,0.100112915
y,59258,empty,0.100112915
y,59288,empty,0.100112915
y,59294,empty,0.100112915
y,59303,empty,0.100112915
y,59307,empty,0.100112915
y,59349,empty,0.100112915
y,59376,empty,0.100112915
y,59377,empty,0.100112915
y,59420,empty,0.100112915
y,59423,empty,0.100112915
y,59520,empty,0.100112915
y,59530,empty,0.100112915
y,59539,empty,0.100112915
y,59629,empty,0.100112915
y,59640,empty,0.100112915
y,59659,empty,0.100112915
y,59678,empty,0.100112915
y,59751,empty,0.100112915
y,59756,empty,0.100112915
y,59757,empty,0.100112915
y,59789,empty,0.100112915
y,59791,empty,0.100112915
y,59828,empty,0.100112915
y,59865,empty,0.100112915
y,59880,empty,0.100112915
y,59908,empty,0.100112915
y,59928,empty,0.100112915
y,59962,empty,0.100112915
y,59970,empty,0.100112915
y,60001,empty,0.100112915
y,60068,empty,0.100112915
y,60085,empty,0.100112915
y,60092,empty,0.100112915
y,60121,empty,0.100112915
y,60165,empty,0.100112915
y,60169,empty,0.100112915
y,60224,empty,0.100112915
y,60242,empty,0.100112915
y,60283,empty,0.100112915
y,60316,empty,0.100112915
y,60338,empty,0.100112915
y,60361,empty,0.100112915
y,60404,empty,0.100112915
y,60420,empty,0.100112915
y,60484,empty,0.100112915
y,60501,empty,0.100112915
y,60518,empty,0.100112915
y,60528,empty,0.100112915
y,60545,empty,0.100112915
y,60554,empty,0.100112915
y,60566,empty,0.100112915
y,60604,empty,0.100112915
y,60621,empty,0.100112915
y,60637,empty,0.100112915
y,60657,empty,0.100112915
y,60666,empty,0.100112915
y,60671,empty,0.100112915
y,60684,empty,0.100112915
y,60757,empty,0.100112915
y,60886,empty,0.100112915
y,61007,empty,0.100112915
y,61035,empty,0.100112915
y,61047,empty,0.100112915
y,61059,empty,0.100112915
y,61092,empty,0.100112915
y,61098,empty,0.100112915
y,61178,empty,0.100112915
y,61317,empty,0.100112915
y,61335,empty,0.100112915
y,61394,empty,0.100112915
y,61431,empty,0.100112915
y,61524,empty,0.100112915
y,61562,empty,0.100112915
y,61635,empty,0.100112915
y,61655,empty,0.100112915
y,61670,empty,0.100112915
y,61799,empty,0.100112915
y,61951,empty,0.100112915
y,61997,empty,0.100112915
y,62033,empty,0.100112915
y,62071,empty,0.100112915
y,62075,empty,0.100112915
y,62103,empty,0.100112915
y,62104,empty,0.100112915
y,62112,empty,0.100112915
y,62125,empty,0.100112915
y,62132,empty,0.100112915
y,62173,empty,0.100112915
y,62197,empty,0.100112915
y,62205,empty,0.100112915
y,62218,empty,0.100112915
y,62233,empty,0.100112915
y,62253,empty,0.100112915
y,62268,empty,0.100112915
y,62271,empty,0.100112915
y,62281,empty,0.100112915
y,62283,empty,0.100112915
y,62292,empty,0.100112915
y,62389,empty,0.100112915
y,62410,empty,0.100112915
y,62444,empty,0.100112915
y,62509,empty,0.100112915
y,62510,empty,0.100112915
y,62513,empty,0.100112915
y,62539,empty,0.100112915
y,62557,empty,0.100112915
y,62608,empty,0.100112915
y,62615,empty,0.100112915
y,62634,empty,0.100112915
y,62657,empty,0.100112915
y,62682,empty,0.100112915
y,62730,empty,0.100112915
y,62741,empty,0.100112915
y,62744,empty,0.100112915
y,62795,empty,0.100112915
y,62808,empty,0.100112915
y,62853,empty,0.100112915
y,62896,empty,0.100112915
y,62913,empty,0.100112915
y,62925,empty,0.100112915
y,62928,empty,0.100112915
y,62942,empty,0.100112915
y,62990,empty,0.100112915
y,63016,empty,0.100112915
y,63023,empty,0.100112915
y,63036,empty,0.100112915
y,63045,empty,0.100112915
y,63067,empty,0.100112915
y,63085,empty,0.100112915
y,63089,empty,0.100112915
y,63115,empty,0.100112915
y,63145,empty,0.100112915
y,63212,empty,0.100112915
y,63290,empty,0.100112915
y,63296,empty,0.100112915
y,63307,empty,0.100112915
y,63316,empty,0.100112915
y,63323,empty,0.100112915
y,63363,empty,0.100112915
y,63446,empty,0.100112915
y,63464,empty,0.100112915
y,63465,empty,0.100112915
y,63489,empty,0.100112915
y,63500,empty,0.100112915
y,63512,empty,0.100112915
y,63537,empty,0.100112915
y,63547,empty,0.100112915
y,63613,empty,0.100112915
y,63670,empty,0.100112915
y,63675,empty,0.100112915
y,63742,empty,0.100112915
y,63824,empty,0.100112915
y,63883,empty,0.100112915
y,63923,empty,0.100112915
y,64080,empty,0.100112915
y,64081,empty,0.100112915
y,64088,empty,0.100112915
y,64187,empty,0.100112915
y,64195,empty,0.100112915
y,64204,empty,0.100112915
y,64216,empty,0.100112915
y,64222,empty,0.100112915
y,64248,empty,0.100112915
y,64344,empty,0.100112915
y,64365,empty,0.100112915
y,64397,empty,0.100112915
y,64449,empty,0.100112915
y,64458,empty,0.100112915
y,64466,empty,0.100112915
y,64501,empty,0.100112915
y,64513,empty,0.100112915
y,64587,empty,0.100112915
y,64630,empty,0.100112915
y,64663,empty,0.100112915
y,64736,empty,0.100112915
y,64773,empty,0.100112915
y,64782,empty,0.100112915
y,64811,empty,0.100112915
y,64821,empty,0.100112915
y,64826,empty,0.100112915
y,64827,empty,0.100112915
y,64870,empty,0.100112915
y,64882,empty,0.100112915
y,64886,empty,0.100112915
y,64891,empty,0.100112915
y,64899,empty,0.100112915
y,64987,empty,0.100112915
y,65034,empty,0.100112915
y,65083,empty,0.100112915
y,65099,empty,0.100112915
y,65169,empty,0.100112915
y,65203,empty,0.100112915
y,65204,empty,0.100112915
y,65277,empty,0.100112915
y,65288,empty,0.100112915
y,65300,empty,0.100112915
y,65329,empty,0.100112915
y,65366,empty,0.100112915
y,65389,empty,0.100112915
y,65409,empty,0.100112915
y,65414,empty,0.100112915
y,65422,empty,0.100112915
y,65459,empty,0.100112915
y,65465,empty,0.100112915
y,65472,empty,0.100112915
y,65516,empty,0.100112915
y,65624,empty,0.100112915
y,65634,empty,0.100112915
y,65720,empty,0.100112915
y,65842,empty,0.100112915
y,65847,empty,0.100112915
y,65888,empty,0.100112915
y,65922,empty,0.100112915
y,65947,empty,0.100112915
y,66143,empty,0.100112915
y,66154,empty,0.100112915
y,66209,empty,0.100112915
y,66240,empty,0.100112915
y,66247,empty,0.100112915
y,66254,empty,0.100112915
y,66266,empty,0.100112915
y,66304,empty,0.100112915
y,66340,empty,0.100112915
y,66355,empty,0.100112915
y,66458,empty,0.100112915
y,66467,empty,0.100112915
y,66509,empty,0.100112915
y,66520,empty,0.100112915
y,66546,empty,0.100112915
y,66564,empty,0.100112915
y,66581,empty,0.100112915
y,66591,empty,0.100112915
y,66616,empty,0.100112915
y,66641,empty,0.100112915
y,66658,empty,0.100112915
y,66660,empty,0.100112915
y,66688,empty,0.100112915
y,66695,empty,0.100112915
y,66717,empty,0.100112915
y,66737,empty,0.100112915
y,66765,empty,0.100112915
y,66806,empty,0.100112915
y,66811,empty,0.100112915
y,66893,empty,0.100112915
y,66923,empty,0.100112915
y,66980,empty,0.100112915
y,66995,empty,0.100112915
y,67069,empty,0.100112915
y,67111,empty,0.100112915
y,67121,empty,0.100112915
y,67202,empty,0.100112915
y,67247,empty,0.100112915
y,67282,empty,0.100112915
y,67291,empty,0.100112915
y,67321,empty,0.100112915
y,67361,empty,0.100112915
y,67383,empty,0.100112915
y,67386,empty,0.100112915
y,67398,empty,0.100112915
y,67455,empty,0.100112915
y,67474,empty,0.100112915
y,67475,empty,0.100112915
y,67510,empty,0.100112915
y,67567,empty,0.100112915
y,67612,empty,0.100112915
y,67629,empty,0.100112915
y,67647,empty,0.100112915
y,67656,empty,0.100112915
y,67704,empty,0.100112915
y,67768,empty,0.100112915
y,67783,empty,0.100112915
y,67814,empty,0.100112915
y,67822,empty,0.100112915
y,67843,empty,0.100112915
y,67851,empty,0.100112915
y,67889,empty,0.100112915
y,67945,empty,0.100112915
y,67973,empty,0.100112915
y,68009,empty,0.100112915
y,68065,empty,0.100112915
y,68076,empty,0.100112915
y,68090,empty,0.100112915
y,68126,empty,0.100112915
y,68170,empty,0.100112915
y,68189,empty,0.100112915
y,68227,empty,0.100112915
y,68249,empty,0.100112915
y,68307,empty,0.100112915
y,68337,empty,0.100112915
y,68380,empty,0.100112915
y,68384,empty,0.100112915
y,68395,empty,0.100112915
y,68398,empty,0.100112915
y,68481,empty,0.100112915
y,68498,empty,0.100112915
y,68552,empty,0.100112915
y,68630,empty,0.100112915
y,68686,empty,0.100112915
y,68708,empty,0.100112915
y,68746,empty,0.100112915
y,68770,empty,0.100112915
y,68774,empty,0.100112915
y,68817,empty,0.100112915
y,68823,empty,0.100112915
y,68830,empty,0.100112915
y,68848,empty,0.100112915
y,68896,empty,0.100112915
y,68937,empty,0.100112915
y,68984,empty,0.100112915
y,69002,empty,0.100112915
y,69034,empty,0.100112915
y,69069,empty,0.100112915
y,69074,empty,0.100112915
y,69079,empty,0.100112915
y,69229,empty,0.100112915
y,69250,empty,0.100112915
y,69257,empty,0.100112915
y,69266,empty,0.100112915
y,69296,empty,0.100112915
y,69300,empty,0.100112915
y,69369,empty,0.100112915
y,69373,empty,0.100112915
y,69378,empty,0.100112915
y,69419,empty,0.100112915
y,69430,empty,0.100112915
y,69445,empty,0.100112915
y,69520,empty,0.100112915
y,69554,empty,0.100112915
y,69622,empty,0.100112915
y,69636,empty,0.100112915
y,69641,empty,0.100112915
y,69708,empty,0.100112915
y,69729,empty,0.100112915
y,69769,empty,0.100112915
y,69874,empty,0.100112915
y,69901,empty,0.100112915
y,69931,empty,0.100112915
y,69966,empty,0.100112915
gt,18,empty,stand
gt,67,empty,stand
gt,140,empty,stand
gt,173,empty,stand
gt,176,empty,stand
gt,204,empty,stand
gt,219,empty,stand
gt,233,empty,stand
gt,236,empty,stand
gt,290,empty,stand
gt,414,empty,stand
gt,491,empty,stand
gt,563,empty,stand
gt,616,empty,stand
gt,691,empty,stand
gt,712,empty,stand
gt,718,empty,stand
gt,725,empty,stand
gt,739,empty,stand
gt,872,empty,stand
gt,910,empty,stand
gt,953,empty,stand
gt,954,empty,stand
gt,979,empty,stand
gt,1000,empty,stand
gt,1002,empty,stand
gt,1027,empty,stand
gt,1127,empty,stand
gt,1136,empty,stand
gt,1144,empty,stand
gt,1270,empty,stand
gt,1293,empty,stand
gt,1342,empty,stand
gt,1405,empty,stand
gt,1417,empty,stand
gt,1421,empty,stand
gt,1423,empty,stand
gt,1482,empty,stand
gt,1542,empty,stand
gt,1548,empty,stand
gt,1580,empty,stand
gt,1589,empty,stand
gt,1611,empty,stand
gt,1612,empty,stand
gt,1637,empty,stand
gt,1639,empty,stand
gt,1669,empty,stand
gt,1691,empty,stand
gt,1718,empty,stand
gt,1747,empty,stand
gt,1760,empty,stand
gt,1798,empty,stand
gt,1807,empty,stand
gt,1931,empty,stand
gt,1948,empty,stand
gt,1961,empty,stand
gt,1978,empty,stand
gt,1982,empty,stand
gt,2016,empty,stand
gt,2126,empty,stand
gt,2201,empty,stand
gt,2207,empty,stand
gt,2268,empty,stand
gt,2313,empty,stand
gt,2410,empty,stand
gt,2415,empty,stand
gt,2422,empty,stand
gt,2487,empty,stand
gt,2534,empty,stand
gt,2542,empty,stand
gt,2550,empty,stand
gt,2571,empty,stand
gt,2572,empty,stand
gt,2695,empty,stand
gt,2713,empty,stand
gt,2726,empty,stand
gt,2779,empty,stand
gt,2788,empty,stand
gt,2810,empty,stand
gt,2833,empty,stand
gt,2877,empty,stand
gt,2965,empty,stand
gt,3014,empty,stand
gt,3016,empty,stand
gt,3053,empty,stand
gt,3088,empty,stand
gt,3112,empty,stand
gt,3163,empty,stand
gt,3174,empty,stand
gt,3181,empty,stand
gt,3370,empty,stand
gt,3759,empty,stand
gt,3783,empty,stand
gt,3884,empty,stand
gt,3973,empty,stand
gt,3975,empty,stand
gt,3998,empty,stand
gt,4062,empty,stand
gt,4088,empty,stand
gt,4119,empty,stand
gt,4142,empty,stand
gt,4191,empty,stand
gt,4232,empty,stand
gt,4312,empty,stand
gt,4363,empty,stand
gt,4379,empty,stand
gt,4383,empty,stand
gt,4389,empty,stand
gt,4402,empty,stand
gt,4469,empty,stand
gt,4515,empty,stand
gt,4562,empty,stand
gt,4634,empty,stand
gt,4651,empty,stand
gt,4653,empty,stand
gt,4666,empty,stand
gt,4707,empty,stand
gt,4744,empty,stand
gt,4757,empty,stand
gt,4773,empty,stand
gt,4791,empty,stand
gt,4803,empty,stand
gt,4856,empty,stand
gt,4938,empty,stand
gt,4991,empty,stand
gt,5146,empty,stand
gt,5151,empty,stand
gt,5189,empty,stand
gt,5201,empty,stand
gt,5218,empty,stand
gt,5223,empty,stand
gt,5280,empty,stand
gt,5375,empty,stand
gt,5416,empty,stand
gt,5474,empty,stand
gt,5504,empty,stand
gt,5544,empty,stand
gt,5599,empty,stand
gt,5619,empty,stand
gt,5633,empty,stand
gt,5695,empty,stand
gt,5697,empty,stand
gt,5708,empty,stand
gt,5753,empty,stand
gt,5883,empty,stand
gt,5933,empty,stand
gt,5975,empty,stand
gt,6042,empty,stand
gt,6074,empty,stand
gt,6088,empty,stand
gt,6098,empty,stand
gt,6136,empty,stand
gt,6142,empty,stand
gt,6161,empty,stand
gt,6175,empty,stand
gt,6177,empty,stand
gt,6189,empty,stand
gt,6192,empty,stand
gt,6214,empty,stand
gt,6231,empty,stand
gt,6261,empty,stand
gt,6282,empty,stand
gt,6329,empty,stand
gt,6334,empty,stand
gt,6352,empty,stand
gt,6483,empty,stand
gt,6527,empty,stand
gt,6582,empty,stand
gt,6603,empty,stand
gt,6680,empty,stand
gt,6774,empty,stand
gt,6802,empty,stand
gt,6832,empty,stand
gt,7010,empty,stand
gt,7052,empty,stand
gt,7074,empty,stand
gt,7081,empty,stand
gt,7133,empty,stand
gt,7173,empty,stand
gt,7182,empty,stand
gt,7185,empty,stand
gt,7220,empty,stand
gt,7297,empty,stand
gt,7309,empty,stand
gt,7319,empty,stand
gt,7340,empty,stand
gt,7374,empty,stand
gt,7392,empty,stand
gt,7426,empty,stand
gt,7431,empty,stand
gt,7441,empty,stand
gt,7465,empty,stand
gt,7504,empty,stand
gt,7505,empty,stand
gt,7508,empty,stand
gt,7511,empty,stand
gt,7520,empty,stand
gt,7524,empty,stand
gt,7561,empty,stand
gt,7574,empty,stand
gt,7576,empty,stand
gt,7604,empty,stand
gt,7662,empty,stand
gt,7695,empty,stand
gt,7707,empty,stand
gt,7728,empty,stand
gt,7798,empty,stand
gt,7858,empty,stand
gt,7889,empty,stand
gt,7907,empty,stand
gt,7917,empty,stand
gt,7937,empty,stand
gt,7955,empty,stand
gt,8021,empty,stand
gt,8044,empty,stand
gt,8054,empty,stand
gt,8066,empty,stand
gt,8165,empty,stand
gt,8175,empty,stand
gt,8188,empty,stand
gt,8320,empty,stand
gt,8324,empty,stand
gt,8326,empty,stand
gt,8328,empty,stand
gt,8349,empty,stand
gt,8387,empty,stand
gt,8388,empty,stand
gt,8409,empty,stand
gt,8451,empty,stand
gt,8454,empty,stand
gt,8592,empty,stand
gt,8597,empty,stand
gt,8621,empty,stand
gt,8719,empty,stand
gt,8721,empty,stand
gt,8754,empty,stand
gt,8762,empty,stand
gt,8789,empty,stand
gt,8825,empty,stand
gt,8853,empty,stand
gt,8856,empty,stand
gt,8865,empty,stand
gt,8926,empty,stand
gt,8940,empty,stand
gt,8946,empty,stand
gt,8976,empty,stand
gt,9023,empty,stand
gt,9135,empty,stand
gt,9192,empty,stand
gt,9196,empty,stand
gt,9197,empty,stand
gt,9225,empty,stand
gt,9238,empty,stand
gt,9240,empty,stand
gt,9302,empty,stand
gt,9355,empty,stand
gt,9417,empty,stand
gt,9432,empty,stand
gt,9442,empty,stand
gt,9449,empty,stand
gt,9474,empty,stand
gt,9486,empty,stand
gt,9500,empty,stand
gt,9508,empty,stand
gt,9532,empty,stand
gt,9547,empty,stand
gt,9556,empty,stand
gt,9569,empty,stand
gt,9622,empty,stand
gt,9623,empty,stand
gt,9643,empty,stand
gt,9644,empty,stand
gt,9734,empty,stand
gt,9743,empty,stand
gt,9822,empty,stand
gt,9868,empty,stand
gt,9925,empty,stand
gt,9936,empty,stand
gt,9952,empty,stand
gt,9975,empty,stand
gt,10012,empty,stand
gt,10031,empty,stand
gt,10055,empty,stand
gt,10237,empty,stand
gt,10300,empty,stand
gt,10394,empty,stand
gt,10401,empty,stand
gt,10409,empty,stand
gt,10411,empty,stand
gt,10423,empty,stand
gt,10461,empty,stand
gt,10477,empty,stand
gt,10490,empty,stand
gt,10498,empty,stand
gt,10521,empty,stand
gt,10529,empty,stand
gt,10604,empty,stand
gt,10651,empty,stand
gt,10660,empty,stand
gt,10728,empty,stand
gt,10733,empty,stand
gt,10738,empty,stand
gt,10776,empty,stand
gt,10811,empty,stand
gt,10831,empty,stand
gt,10867,empty,stand
gt,10918,empty,stand
gt,10935,empty,stand
gt,10949,empty,stand
gt,10953,empty,stand
gt,10985,empty,stand
gt,10997,empty,stand
gt,11040,empty,stand
gt,11064,empty,stand
gt,11076,empty,stand
gt,11093,empty,stand
gt,11176,empty,stand
gt,11179,empty,stand
gt,11186,empty,stand
gt,11193,empty,stand
gt,11201,empty,stand
gt,11213,empty,stand
gt,11224,empty,stand
gt,11312,empty,stand
gt,11458,empty,stand
gt,11465,empty,stand
gt,11468,empty,stand
gt,11567,empty,stand
gt,11626,empty,stand
gt,11752,empty,stand
gt,11756,empty,stand
gt,11841,empty,stand
gt,11860,empty,stand
gt,11881,empty,stand
gt,11890,empty,stand
gt,11898,empty,stand
gt,11987,empty,stand
gt,12011,empty,stand
gt,12012,empty,stand
gt,12042,empty,stand
gt,12065,empty,stand
gt,12097,empty,stand
gt,12143,empty,stand
gt,12199,empty,stand
gt,12213,empty,stand
gt,12236,empty,stand
gt,12242,empty,stand
gt,12285,empty,stand
gt,12302,empty,stand
gt,12316,empty,stand
gt,12331,empty,stand
gt,12335,empty,stand
gt,12374,empty,stand
gt,12458,empty,stand
gt,12480,empty,stand
gt,12488,empty,stand
gt,12509,empty,stand
gt,12546,empty,stand
gt,12572,empty,stand
gt,12604,empty,stand
gt,12617,empty,stand
gt,12620,empty,stand
gt,12625,empty,stand
gt,12638,empty,stand
gt,12698,empty,stand
gt,12702,empty,stand
gt,12746,empty,stand
gt,12788,empty,stand
gt,12796,empty,stand
gt,12799,empty,stand
gt,12840,empty,stand
gt,12841,empty,stand
gt,12853,empty,stand
gt,12919,empty,stand
gt,12949,empty,stand
gt,12958,empty,stand
gt,12983,empty,stand
gt,13012,empty,stand
gt,13082,empty,stand
gt,13127,empty,stand
gt,13149,empty,stand
gt,13171,empty,stand
gt,13234,empty,stand
gt,13289,empty,stand
gt,13306,empty,stand
gt,13321,empty,stand
gt,13346,empty,stand
gt,13377,empty,stand
gt,13390,empty,stand
gt,13391,empty,stand
gt,13396,empty,stand
gt,13430,empty,stand
gt,13432,empty,stand
gt,13462,empty,stand
gt,13487,empty,stand
gt,13516,empty,stand
gt,13545,empty,stand
gt,13594,empty,stand
gt,13622,empty,stand
gt,13632,empty,stand
gt,13677,empty,stand
gt,13714,empty,stand
gt,13752,empty,stand
gt,13767,empty,stand
gt,13777,empty,stand
gt,13809,empty,stand
gt,13849,empty,stand
gt,13875,empty,stand
gt,13971,empty,stand
gt,13987,empty,stand
gt,13991,empty,stand
gt,14030,empty,stand
gt,14042,empty,stand
gt,14059,empty,stand
gt,14060,empty,stand
gt,14061,empty,stand
gt,14067,empty,stand
gt,14089,empty,stand
gt,14145,empty,stand
gt,14230,empty,stand
gt,14232,empty,stand
gt,14298,empty,stand
gt,14387,empty,stand
gt,14451,empty,stand
gt,14506,empty,stand
gt,14606,empty,stand
gt,14664,empty,stand
gt,14670,empty,stand
gt,14701,empty,stand
gt,14729,empty,stand
gt,14761,empty,stand
gt,14796,empty,stand
gt,14800,empty,stand
gt,14801,empty,stand
gt,14812,empty,stand
gt,14889,empty,stand
gt,14907,empty,stand
gt,14993,empty,stand
gt,15018,empty,stand
gt,15024,empty,stand
gt,15026,empty,stand
gt,15131,empty,stand
gt,15132,empty,stand
gt,15152,empty,stand
gt,15160,empty,stand
gt,15206,empty,stand
gt,15335,empty,stand
gt,15344,empty,stand
gt,15347,empty,stand
gt,15384,empty,stand
gt,15435,empty,stand
gt,15444,empty,stand
gt,15450,empty,stand
gt,15451,empty,stand
gt,15512,empty,stand
gt,15531,empty,stand
gt,15562,empty,stand
gt,15574,empty,stand
gt,15640,empty,stand
gt,15720,empty,stand
gt,15723,empty,stand
gt,15758,empty,stand
gt,15788,empty,stand
gt,15859,empty,stand
gt,15877,empty,stand
gt,15892,empty,stand
gt,15999,empty,stand
gt,16094,empty,stand
gt,16142,empty,stand
gt,16171,empty,stand
gt,16205,empty,stand
gt,16223,empty,stand
gt,16245,empty,stand
gt,16267,empty,stand
gt,16331,empty,stand
gt,16346,empty,stand
gt,16348,empty,stand
gt,16488,empty,stand
gt,16489,empty,stand
gt,16531,empty,stand
gt,16609,empty,stand
gt,16655,empty,stand
gt,16691,empty,stand
gt,16692,empty,stand
gt,16767,empty,stand
gt,16807,empty,stand
gt,16836,empty,stand
gt,16908,empty,stand
gt,16909,empty,stand
gt,16913,empty,stand
gt,17008,empty,stand
gt,17059,empty,stand
gt,17075,empty,stand
gt,17092,empty,stand
gt,17163,empty,stand
gt,17203,empty,stand
gt,17234,empty,stand
gt,17298,empty,stand
gt,17306,empty,stand
gt,17307,empty,stand
gt,17396,empty,stand
gt,17406,empty,stand
gt,17415,empty,stand
gt,17421,empty,stand
gt,17465,empty,stand
gt,17474,empty,stand
gt,17625,empty,stand
gt,17650,empty,stand
gt,17689,empty,stand
gt,17691,empty,stand
gt,17719,empty,stand
gt,17768,empty,stand
gt,17813,empty,stand
gt,17858,empty,stand
gt,17910,empty,stand
gt,17956,empty,stand
gt,17963,empty,stand
gt,18076,empty,stand
gt,18153,empty,stand
gt,18157,empty,stand
gt,18182,empty,stand
gt,18191,empty,stand
gt,18197,empty,stand
gt,18265,empty,stand
gt,18286,empty,stand
gt,18296,empty,stand
gt,18300,empty,stand
gt,18311,empty,stand
gt,18331,empty,stand
gt,18404,empty,stand
gt,18429,empty,stand
gt,18447,empty,stand
gt,18526,empty,stand
gt,18536,empty,stand
gt,18571,empty,stand
gt,18585,empty,stand
gt,18590,empty,stand
gt,18611,empty,stand
gt,18641,empty,stand
gt,18673,empty,stand
gt,18705,empty,stand
gt,18738,empty,stand
gt,18836,empty,stand
gt,18846,empty,stand
gt,18896,empty,stand
gt,18937,empty,stand
gt,18944,empty,stand
gt,18967,empty,stand
gt,19022,empty,stand
gt,19088,empty,stand
gt,19111,empty,stand
gt,19234,empty,stand
gt,19242,empty,stand
gt,19257,empty,stand
gt,19312,empty,stand
gt,19425,empty,stand
gt,19430,empty,stand
gt,19480,empty,stand
gt,19491,empty,stand
gt,19511,empty,stand
gt,19530,empty,stand
gt,19535,empty,stand
gt,19565,empty,stand
gt,19716,empty,stand
gt,19719,empty,stand
gt,19723,empty,stand
gt,19729,empty,stand
gt,19732,empty,stand
gt,19752,empty,stand
gt,19772,empty,stand
gt,19878,empty,stand
gt,19909,empty,stand
gt,20033,empty,stand
gt,20064,empty,stand
gt,20091,empty,stand
gt,20106,empty,stand
gt,20108,empty,stand
gt,20111,empty,stand
gt,20120,empty,stand
gt,20154,empty,stand
gt,20170,empty,stand
gt,20176,empty,stand
gt,20178,empty,stand
gt,20190,empty,stand
gt,20242,empty,stand
gt,20293,empty,stand
gt,20306,empty,stand
gt,20353,empty,stand
gt,20382,empty,stand
gt,20386,empty,stand
gt,20421,empty,stand
gt,20528,empty,stand
gt,20556,empty,stand
gt,20581,empty,stand
gt,20587,empty,stand
gt,20678,empty,stand
gt,20685,empty,stand
gt,20713,empty,stand
gt,20725,empty,stand
gt,20768,empty,stand
gt,20812,empty,stand
gt,20832,empty,stand
gt,20870,empty,stand
gt,20873,empty,stand
gt,20879,empty,stand
gt,20892,empty,stand
gt,20905,empty,stand
gt,20925,empty,stand
gt,20936,empty,stand
gt,20939,empty,stand
gt,20969,empty,stand
gt,21008,empty,stand
gt,21030,empty,stand
gt,21051,empty,stand
gt,21107,empty,stand
gt,21121,empty,stand
gt,21167,empty,stand
gt,21221,empty,stand
gt,21270,empty,stand
gt,21296,empty,stand
gt,21328,empty,stand
gt,21377,empty,stand
gt,21397,empty,stand
gt,21413,empty,stand
gt,21583,empty,stand
gt,21593,empty,stand
gt,21640,empty,stand
gt,21661,empty,stand
gt,21665,empty,stand
gt,21795,empty,stand
gt,21805,empty,stand
gt,21820,empty,stand
gt,21871,empty,stand
gt,21898,empty,stand
gt,21927,empty,stand
gt,21929,empty,stand
gt,21988,empty,stand
gt,21989,empty,stand
gt,22012,empty,stand
gt,22076,empty,stand
gt,22078,empty,stand
gt,22083,empty,stand
gt,22088,empty,stand
gt,22142,empty,stand
gt,22146,empty,stand
gt,22154,empty,stand
gt,22158,empty,stand
gt,22227,empty,stand
gt,22230,empty,stand
gt,22287,empty,stand
gt,22305,empty,stand
gt,22314,empty,stand
gt,22334,empty,stand
gt,22350,empty,stand
gt,22470,empty,stand
gt,22475,empty,stand
gt,22516,empty,stand
gt,22524,empty,stand
gt,22548,empty,stand
gt,22569,empty,stand
gt,22571,empty,stand
gt,22629,empty,stand
gt,22631,empty,stand
gt,22646,empty,stand
gt,22711,empty,stand
gt,22712,empty,stand
gt,22723,empty,stand
gt,22727,empty,stand
gt,22745,empty,stand
gt,22750,empty,stand
gt,22752,empty,stand
gt,22821,empty,stand
gt,22824,empty,stand
gt,22842,empty,stand
gt,22983,empty,stand
gt,22987,empty,stand
gt,22991,empty,stand
gt,22999,empty,stand
gt,23009,empty,stand
gt,23031,empty,stand
gt,23036,empty,stand
gt,23258,empty,stand
gt,23269,empty,stand
gt,23281,empty,stand
gt,23315,empty,stand
gt,23322,empty,stand
gt,23337,empty,stand
gt,23341,empty,stand
gt,23352,empty,stand
gt,23407,empty,stand
gt,23425,empty,stand
gt,23426,empty,stand
gt,23489,empty,stand
gt,23516,empty,stand
gt,23540,empty,stand
gt,23576,empty,stand
gt,23591,empty,stand
gt,23677,empty,stand
gt,23692,empty,stand
gt,23723,empty,stand
gt,23725,empty,stand
gt,23736,empty,stand
gt,23744,empty,stand
gt,23755,empty,stand
gt,23760,empty,stand
gt,23835,empty,stand
gt,23852,empty,stand
gt,23874,empty,stand
gt,23882,empty,stand
gt,23924,empty,stand
gt,23944,empty,stand
gt,23978,empty,stand
gt,23982,empty,stand
gt,24009,empty,stand
gt,24035,empty,stand
gt,24077,empty,stand
gt,24141,empty,stand
gt,24181,empty,stand
gt,24267,empty,stand
gt,24268,empty,stand
gt,24312,empty,stand
gt,24321,empty,stand
gt,24338,empty,stand
gt,24354,empty,stand
gt,24387,empty,stand
gt,24472,empty,stand
gt,24474,empty,stand
gt,24483,empty,stand
gt,24514,empty,stand
gt,24542,empty,stand
gt,24559,empty,stand
gt,24581,empty,stand
gt,24612,empty,stand
gt,24618,empty,stand
gt,24630,empty,stand
gt,24641,empty,stand
gt,24688,empty,stand
gt,24710,empty,stand
gt,24716,empty,stand
gt,24725,empty,stand
gt,24802,empty,stand
gt,24886,empty,stand
gt,24891,empty,stand
gt,24932,empty,stand
gt,24948,empty,stand
gt,24951,empty,stand
gt,24976,empty,stand
gt,24979,empty,stand
gt,25008,empty,stand
gt,25018,empty,stand
gt,25041,empty,stand
gt,25072,empty,stand
gt,25073,empty,stand
gt,25096,empty,stand
gt,25098,empty,stand
gt,25227,empty,stand
gt,25249,empty,stand
gt,25276,empty,stand
gt,25290,empty,stand
gt,25321,empty,stand
gt,25328,empty,stand
gt,25333,empty,stand
gt,25408,empty,stand
gt,25429,empty,stand
gt,25430,empty,stand
gt,25434,empty,stand
gt,25536,empty,stand
gt,25543,empty,stand
gt,25549,empty,stand
gt,25583,empty,stand
gt,25654,empty,stand
gt,25663,empty,stand
gt,25750,empty,stand
gt,25767,empty,stand
gt,25783,empty,stand
gt,25793,empty,stand
gt,25838,empty,stand
gt,25934,empty,stand
gt,25985,empty,stand
gt,26111,empty,stand
gt,26196,empty,stand
gt,26303,empty,stand
gt,26304,empty,stand
gt,26319,empty,stand
gt,26331,empty,stand
gt,26335,empty,stand
gt,26354,empty,stand
gt,26432,empty,stand
gt,26497,empty,stand
gt,26526,empty,stand
gt,26596,empty,stand
gt,26607,empty,stand
gt,26742,empty,stand
gt,26809,empty,stand
gt,26946,empty,stand
gt,27131,empty,stand
gt,27144,empty,stand
gt,27176,empty,stand
gt,27229,empty,stand
gt,27287,empty,stand
gt,27288,empty,stand
gt,27311,empty,stand
gt,27351,empty,stand
gt,27376,empty,stand
gt,27409,empty,stand
gt,27415,empty,stand
gt,27457,empty,stand
gt,27491,empty,stand
gt,27626,empty,stand
gt,27627,empty,stand
gt,27631,empty,stand
gt,27694,empty,stand
gt,27712,empty,stand
gt,27726,empty,stand
gt,27749,empty,stand
gt,27751,empty,stand
gt,27771,empty,stand
gt,27858,empty,stand
gt,27886,empty,stand
gt,27922,empty,stand
gt,27928,empty,stand
gt,27932,empty,stand
gt,27940,empty,stand
gt,27957,empty,stand
gt,28098,empty,stand
gt,28127,empty,stand
gt,28144,empty,stand
gt,28218,empty,stand
gt,28236,empty,stand
gt,28277,empty,stand
gt,28299,empty,stand
gt,28309,empty,stand
gt,28315,empty,stand
gt,28453,empty,stand
gt,28524,empty,stand
gt,28559,empty,stand
gt,28564,empty,stand
gt,28581,empty,stand
gt,28616,empty,stand
gt,28624,empty,stand
gt,28763,empty,stand
gt,28772,empty,stand
gt,28823,empty,stand
gt,28834,empty,stand
gt,28840,empty,stand
gt,28862,empty,stand
gt,28872,empty,stand
gt,28876,empty,stand
gt,28894,empty,stand
gt,28916,empty,stand
gt,28936,empty,stand
gt,28947,empty,stand
gt,29057,empty,stand
gt,29069,empty,stand
gt,29097,empty,stand
gt,29139,empty,stand
gt,29143,empty,stand
gt,29168,empty,stand
gt,29169,empty,stand
gt,29178,empty,stand
gt,29212,empty,stand
gt,29220,empty,stand
gt,29317,empty,stand
gt,29321,empty,stand
gt,29340,empty,stand
gt,29399,empty,stand
gt,29415,empty,stand
gt,29423,empty,stand
gt,29468,empty,stand
gt,29482,empty,stand
gt,29507,empty,stand
gt,29514,empty,stand
gt,29556,empty,stand
gt,29585,empty,stand
gt,29600,empty,stand
gt,29634,empty,stand
gt,29645,empty,stand
gt,29678,empty,stand
gt,29694,empty,stand
gt,29738,empty,stand
gt,29747,empty,stand
gt,29815,empty,stand
gt,29836,empty,stand
gt,29838,empty,stand
gt,29916,empty,stand
gt,29959,empty,stand
gt,29981,empty,stand
gt,30024,empty,stand
gt,30145,empty,stand
gt,30191,empty,stand
gt,30253,empty,stand
gt,30265,empty,stand
gt,30281,empty,stand
gt,30294,empty,stand
gt,30297,empty,stand
gt,30325,empty,stand
gt,30333,empty,stand
gt,30337,empty,stand
gt,30350,empty,stand
gt,30361,empty,stand
gt,30475,empty,stand
gt,30482,empty,stand
gt,30494,empty,stand
gt,30583,empty,stand
gt,30614,empty,stand
gt,30634,empty,stand
gt,30682,empty,stand
gt,30697,empty,stand
gt,30769,empty,stand
gt,30786,empty,stand
gt,30800,empty,stand
gt,30831,empty,stand
gt,30852,empty,stand
gt,30899,empty,stand
gt,30928,empty,stand
gt,30950,empty,stand
gt,31021,empty,stand
gt,31076,empty,stand
gt,31095,empty,stand
gt,31120,empty,stand
gt,31208,empty,stand
gt,31215,empty,stand
gt,31245,empty,stand
gt,31414,empty,stand
gt,31527,empty,stand
gt,31557,empty,stand
gt,31576,empty,stand
gt,31589,empty,stand
gt,31680,empty,stand
gt,31734,empty,stand
gt,31748,empty,stand
gt,31764,empty,stand
gt,31779,empty,stand
gt,31795,empty,stand
gt,31796,empty,stand
gt,31895,empty,stand
gt,31903,empty,stand
gt,31936,empty,stand
gt,31957,empty,stand
gt,31982,empty,stand
gt,31986,empty,stand
gt,31989,empty,stand
gt,32092,empty,stand
gt,32093,empty,stand
gt,32147,empty,stand
gt,32167,empty,stand
gt,32187,empty,stand
gt,32213,empty,stand
gt,32238,empty,stand
gt,32252,empty,stand
gt,32258,empty,stand
gt,32350,empty,stand
gt,32351,empty,stand
gt,32357,empty,stand
gt,32412,empty,stand
gt,32440,empty,stand
gt,32572,empty,stand
gt,32598,empty,stand
gt,32677,empty,stand
gt,32739,empty,stand
gt,32761,empty,stand
gt,32777,empty,stand
gt,32871,empty,stand
gt,32929,empty,stand
gt,32933,empty,stand
gt,32951,empty,stand
gt,33031,empty,stand
gt,33083,empty,stand
gt,33084,empty,stand
gt,33121,empty,stand
gt,33229,empty,stand
gt,33232,empty,stand
gt,33264,empty,stand
gt,33281,empty,stand
gt,33296,empty,stand
gt,33338,empty,stand
gt,33344,empty,stand
gt,33392,empty,stand
gt,33393,empty,stand
gt,33544,empty,stand
gt,33589,empty,stand
gt,33605,empty,stand
gt,33671,empty,stand
gt,33672,empty,stand
gt,33677,empty,stand
gt,33683,empty,stand
gt,33688,empty,stand
gt,33754,empty,stand
gt,33808,empty,stand
gt,33874,empty,stand
gt,33892,empty,stand
gt,33907,empty,stand
gt,33910,empty,stand
gt,33946,empty,stand
gt,33948,empty,stand
gt,33958,empty,stand
gt,33976,empty,stand
gt,33984,empty,stand
gt,34008,empty,stand
gt,34047,empty,stand
gt,34180,empty,stand
gt,34184,empty,stand
gt,34185,empty,stand
gt,34208,empty,stand
gt,34209,empty,stand
gt,34212,empty,stand
gt,34213,empty,stand
gt,34281,empty,stand
gt,34308,empty,stand
gt,34365,empty,stand
gt,34444,empty,stand
gt,34446,empty,stand
gt,34526,empty,stand
gt,34545,empty,stand
gt,34576,empty,stand
gt,34662,empty,stand
gt,34673,empty,stand
gt,34712,empty,stand
gt,34715,empty,stand
gt,34718,empty,stand
gt,34724,empty,stand
gt,34745,empty,stand
gt,34761,empty,stand
gt,34773,empty,stand
gt,34859,empty,stand
gt,34903,empty,stand
gt,35041,empty,stand
gt,35070,empty,stand
gt,35089,empty,stand
gt,35136,empty,stand
gt,35157,empty,stand
gt,35158,empty,stand
gt,35179,empty,stand
gt,35221,empty,stand
gt,35243,empty,stand
gt,35262,empty,stand
gt,35306,empty,stand
gt,35309,empty,stand
gt,35339,empty,stand
gt,35343,empty,stand
gt,35357,empty,stand
gt,35366,empty,stand
gt,35479,empty,stand
gt,35519,empty,stand
gt,35535,empty,stand
gt,35543,empty,stand
gt,35554,empty,stand
gt,35555,empty,stand
gt,35579,empty,stand
gt,35617,empty,stand
gt,35619,empty,stand
gt,35667,empty,stand
gt,35737,empty,stand
gt,35747,empty,stand
gt,35778,empty,stand
gt,35793,empty,stand
gt,35803,empty,stand
gt,35887,empty,stand
gt,35899,empty,stand
gt,35978,empty,stand
gt,35984,empty,stand
gt,36033,empty,stand
gt,36072,empty,stand
gt,36076,empty,stand
gt,36097,empty,stand
gt,36141,empty,stand
gt,36174,empty,stand
gt,36243,empty,stand
gt,36331,empty,stand
gt,36393,empty,stand
gt,36406,empty,stand
gt,36411,empty,stand
gt,36429,empty,stand
gt,36463,empty,stand
gt,36497,empty,stand
gt,36548,empty,stand
gt,36556,empty,stand
gt,36582,empty,stand
gt,36651,empty,stand
gt,36694,empty,stand
gt,36703,empty,stand
gt,36734,empty,stand
gt,36762,empty,stand
gt,36857,empty,stand
gt,36994,empty,stand
gt,37014,empty,stand
gt,37035,empty,stand
gt,37112,empty,stand
gt,37120,empty,stand
gt,37140,empty,stand
gt,37175,empty,stand
gt,37212,empty,stand
gt,37233,empty,stand
gt,37259,empty,stand
gt,37280,empty,stand
gt,37315,empty,stand
gt,37369,empty,stand
gt,37452,empty,stand
gt,37459,empty,stand
gt,37468,empty,stand
gt,37520,empty,stand
gt,37561,empty,stand
gt,37571,empty,stand
gt,37584,empty,stand
gt,37611,empty,stand
gt,37752,empty,stand
gt,37760,empty,stand
gt,37787,empty,stand
gt,37790,empty,stand
gt,37808,empty,stand
gt,37824,empty,stand
gt,37825,empty,stand
gt,37867,empty,stand
gt,37948,empty,stand
gt,37949,empty,stand
gt,37965,empty,stand
gt,38008,empty,stand
gt,38026,empty,stand
gt,38028,empty,stand
gt,38037,empty,stand
gt,38074,empty,stand
gt,38143,empty,stand
gt,38144,empty,stand
gt,38184,empty,stand
gt,38194,empty,stand
gt,38222,empty,stand
gt,38249,empty,stand
gt,38258,empty,stand
gt,38284,empty,stand
gt,38309,empty,stand
gt,38317,empty,stand
gt,38332,empty,stand
gt,38342,empty,stand
gt,38364,empty,stand
gt,38386,empty,stand
gt,38415,empty,stand
gt,38429,empty,stand
gt,38439,empty,stand
gt,38483,empty,stand
gt,38556,empty,stand
gt,38568,empty,stand
gt,38646,empty,stand
gt,38666,empty,stand
gt,38689,empty,stand
gt,38698,empty,stand
gt,38701,empty,stand
gt,38704,empty,stand
gt,38758,empty,stand
gt,38816,empty,stand
gt,38862,empty,stand
gt,38867,empty,stand
gt,38928,empty,stand
gt,38949,empty,stand
gt,38970,empty,stand
gt,38994,empty,stand
gt,39002,empty,stand
gt,39037,empty,stand
gt,39048,empty,stand
gt,39066,empty,stand
gt,39067,empty,stand
gt,39164,empty,stand
gt,39242,empty,stand
gt,39264,empty,stand
gt,39309,empty,stand
gt,39322,empty,stand
gt,39346,empty,stand
gt,39365,empty,stand
gt,39387,empty,stand
gt,39402,empty,stand
gt,39418,empty,stand
gt,39431,empty,stand
gt,39569,empty,stand
gt,39608,empty,stand
gt,39635,empty,stand
gt,39693,empty,stand
gt,39726,empty,stand
gt,39772,empty,stand
gt,39856,empty,stand
gt,39913,empty,stand
gt,40011,empty,stand
gt,40024,empty,stand
gt,40037,empty,stand
gt,40110,empty,stand
gt,40111,empty,stand
gt,40149,empty,stand
gt,40165,empty,stand
gt,40166,empty,stand
gt,40167,empty,stand
gt,40168,empty,stand
gt,40169,empty,stand
gt,40170,empty,stand
gt,40171,empty,stand
gt,40172,empty,stand
gt,40173,empty,stand
gt,40174,empty,stand
gt,40175,empty,stand
gt,40176,empty,stand
gt,40177,empty,stand
gt,40178,empty,stand
gt,40179,empty,stand
gt,40180,empty,stand
gt,40181,empty,stand
gt,40182,empty,stand
gt,40183,empty,stand
gt,40184,empty,stand
gt,40185,empty,stand
gt,40186,empty,stand
gt,40187,empty,stand
gt,40188,empty,stand
gt,40189,empty,stand
gt,40190,empty,stand
gt,40191,empty,stand
gt,40192,empty,stand
gt,40193,empty,stand
gt,40194,empty,stand
gt,40195,empty,stand
gt,40196,empty,stand
gt,40197,empty,stand
gt,40198,empty,stand
gt,40199,empty,stand
gt,40200,empty,stand
gt,40201,empty,stand
gt,40202,empty,stand
gt,40203,empty,stand
gt,40204,empty,stand
gt,40205,empty,stand
gt,40206,empty,stand
gt,40207,empty,stand
gt,40208,empty,stand
gt,40209,empty,stand
gt,40210,empty,stand
gt,40211,empty,stand
gt,40212,empty,stand
gt,40213,empty,stand
gt,40214,empty,stand
gt,40215,empty,stand
gt,40216,empty,stand
gt,40217,empty,stand
gt,40218,empty,stand
gt,40219,empty,stand
gt,40220,empty,stand
gt,40221,empty,stand
gt,40222,empty,stand
gt,40223,empty,stand
gt,40224,empty,stand
gt,40225,empty,stand
gt,40226,empty,stand
gt,40227,empty,stand
gt,40228,empty,stand
gt,40229,empty,stand
gt,40230,empty,stand
gt,40231,empty,stand
gt,40232,empty,stand
gt,40233,empty,stand
gt,40234,empty,stand
gt,40235,empty,stand
gt,40236,empty,stand
gt,40237,empty,stand
gt,40238,empty,stand
gt,40239,empty,stand
gt,40240,empty,stand
gt,40241,empty,stand
gt,40242,empty,stand
gt,40243,empty,stand
gt,40244,empty,stand
gt,40245,empty,stand
gt,40246,empty,stand
gt,40247,empty,stand
gt,40248,empty,stand
gt,40249,empty,stand
gt,40250,empty,stand
gt,40251,empty,stand
gt,40252,empty,stand
gt,40253,empty,stand
gt,40254,empty,stand
gt,40255,empty,stand
gt,40256,empty,stand
gt,40257,empty,stand
gt,40258,empty,stand
gt,40259,empty,stand
gt,40260,empty,stand
gt,40261,empty,stand
gt,40262,empty,stand
gt,40263,empty,stand
gt,40264,empty,stand
gt,40265,empty,stand
gt,40266,empty,stand
gt,40267,empty,stand
gt,40268,empty,stand
gt,40269,empty,stand
gt,40270,empty,stand
gt,40271,empty,stand
gt,40272,empty,stand
gt,40273,empty,stand
gt,40274,empty,stand
gt,40275,empty,stand
gt,40276,empty,stand
gt,40277,empty,stand
gt,40278,empty,stand
gt,40279,empty,stand
gt,40280,empty,stand
gt,40281,empty,stand
gt,40282,empty,stand
gt,40283,empty,stand
gt,40284,empty,stand
gt,40285,empty,stand
gt,40286,empty,stand
gt,40287,empty,stand
gt,40288,empty,stand
gt,40289,empty,stand
gt,40290,empty,stand
gt,40291,empty,stand
gt,40292,empty,stand
gt,40293,empty,stand
gt,40294,empty,stand
gt,40295,empty,stand
gt,40296,empty,stand
gt,40297,empty,stand
gt,40298,empty,stand
gt,40299,empty,stand
gt,40300,empty,stand
gt,40301,empty,stand
gt,40302,empty,stand
gt,40303,empty,stand
gt,40304,empty,stand
gt,40305,empty,stand
gt,40306,empty,stand
gt,40307,empty,stand
gt,40308,empty,stand
gt,40309,empty,stand
gt,40310,empty,stand
gt,40311,empty,stand
gt,40312,empty,stand
gt,40313,empty,stand
gt,40314,empty,stand
gt,40315,empty,stand
gt,40316,empty,stand
gt,40317,empty,stand
gt,40318,empty,stand
gt,40319,empty,stand
gt,40320,empty,stand
gt,40321,empty,stand
gt,40322,empty,stand
gt,40323,empty,stand
gt,40324,empty,stand
gt,40325,empty,stand
gt,40326,empty,stand
gt,40327,empty,stand
gt,40328,empty,stand
gt,40329,empty,stand
gt,40330,empty,stand
gt,40331,empty,stand
gt,40332,empty,stand
gt,40333,empty,stand
gt,40334,empty,stand
gt,40335,empty,stand
gt,40336,empty,stand
gt,40337,empty,stand
gt,40338,empty,stand
gt,40339,empty,stand
gt,40340,empty,stand
gt,40341,empty,stand
gt,40342,empty,stand
gt,40343,empty,stand
gt,40344,empty,stand
gt,40345,empty,stand
gt,40346,empty,stand
gt,40347,empty,stand
gt,40348,empty,stand
gt,40349,empty,stand
gt,40350,empty,stand
gt,40351,empty,stand
gt,40352,empty,stand
gt,40353,empty,stand
gt,40354,empty,stand
gt,40355,empty,stand
gt,40356,empty,stand
gt,40357,empty,stand
gt,40358,empty,stand
gt,40359,empty,stand
gt,40360,empty,stand
gt,40361,empty,stand
gt,40362,empty,stand
gt,40363,empty,stand
gt,40364,empty,stand
gt,40365,empty,stand
gt,40366,empty,stand
gt,40367,empty,stand
gt,40368,empty,stand
gt,40369,empty,stand
gt,40370,empty,stand
gt,40371,empty,stand
gt,40372,empty,stand
gt,40373,empty,stand
gt,40374,empty,stand
gt,40375,empty,stand
gt,40376,empty,stand
gt,40377,empty,stand
gt,40378,empty,stand
gt,40379,empty,stand
gt,40380,empty,stand
gt,40381,empty,stand
gt,40382,empty,stand
gt,40383,empty,stand
gt,40384,empty,stand
gt,40385,empty,stand
gt,40386,empty,stand
gt,40387,empty,stand
gt,40388,empty,stand
gt,40389,empty,stand
gt,40390,empty,stand
gt,40391,empty,stand
gt,40392,empty,stand
gt,40393,empty,stand
gt,40394,empty,stand
gt,40395,empty,stand
gt,40396,empty,stand
gt,40397,empty,stand
gt,40398,empty,stand
gt,40399,empty,stand
gt,40400,empty,stand
gt,40401,empty,stand
gt,40402,empty,stand
gt,40403,empty,stand
gt,40404,empty,stand
gt,40405,empty,stand
gt,40406,empty,stand
gt,40407,empty,stand
gt,40408,empty,stand
gt,40409,empty,stand
gt,40410,empty,stand
gt,40411,empty,stand
gt,40412,empty,stand
gt,40413,empty,stand
gt,40414,empty,stand
gt,40415,empty,stand
gt,40416,empty,stand
gt,40417,empty,stand
gt,40418,empty,stand
gt,40419,empty,stand
gt,40420,empty,stand
gt,40421,empty,stand
gt,40422,empty,stand
gt,40423,empty,stand
gt,40424,empty,stand
gt,40425,empty,stand
gt,40426,empty,stand
gt,40427,empty,stand
gt,40428,empty,stand
gt,40429,empty,stand
gt,40430,empty,stand
gt,40431,empty,stand
gt,40432,empty,stand
gt,40433,empty,stand
gt,40434,empty,stand
gt,40435,empty,stand
gt,40436,empty,stand
gt,40437,empty,stand
gt,40438,empty,stand
gt,40439,empty,stand
gt,40440,empty,stand
gt,40441,empty,stand
gt,40442,empty,stand
gt,40443,empty,stand
gt,40444,empty,stand
gt,40445,empty,stand
gt,40446,empty,stand
gt,40447,empty,stand
gt,40448,empty,stand
gt,40449,empty,stand
gt,40450,empty,stand
gt,40451,empty,stand
gt,40452,empty,stand
gt,40453,empty,stand
gt,40454,empty,stand
gt,40455,empty,stand
gt,40456,empty,stand
gt,40457,empty,stand
gt,40458,empty,stand
gt,40459,empty,stand
gt,40460,empty,stand
gt,40461,empty,stand
gt,40462,empty,stand
gt,40463,empty,stand
gt,40464,empty,stand
gt,40465,empty,stand
gt,40466,empty,stand
gt,40467,empty,stand
gt,40468,empty,stand
gt,40469,empty,stand
gt,40470,empty,stand
gt,40471,empty,stand
gt,40472,empty,stand
gt,40473,empty,stand
gt,40474,empty,stand
gt,40475,empty,stand
gt,40476,empty,stand
gt,40477,empty,stand
gt,40478,empty,stand
gt,40479,empty,stand
gt,40480,empty,stand
gt,40481,empty,stand
gt,40482,empty,stand
gt,40483,empty,stand
gt,40484,empty,stand
gt,40485,empty,stand
gt,40486,empty,stand
gt,40487,empty,stand
gt,40488,empty,stand
gt,40489,empty,stand
gt,40490,empty,stand
gt,40491,empty,stand
gt,40492,empty,stand
gt,40493,empty,stand
gt,40494,empty,stand
gt,40495,empty,stand
gt,40496,empty,stand
gt,40497,empty,stand
gt,40498,empty,stand
gt,40499,empty,stand
gt,40500,empty,stand
gt,40501,empty,stand
gt,40502,empty,stand
gt,40503,empty,stand
gt,40504,empty,stand
gt,40505,empty,stand
gt,40506,empty,stand
gt,40507,empty,stand
gt,40508,empty,stand
gt,40509,empty,stand
gt,40510,empty,stand
gt,40511,empty,stand
gt,40512,empty,stand
gt,40513,empty,stand
gt,40514,empty,stand
gt,40515,empty,stand
gt,40516,empty,stand
gt,40517,empty,stand
gt,40518,empty,stand
gt,40519,empty,stand
gt,40520,empty,stand
gt,40521,empty,stand
gt,40522,empty,stand
gt,40523,empty,stand
gt,40524,empty,stand
gt,40525,empty,stand
gt,40526,empty,stand
gt,40527,empty,stand
gt,40528,empty,stand
gt,40529,empty,stand
gt,40530,empty,stand
gt,40531,empty,stand
gt,40532,empty,stand
gt,40533,empty,stand
gt,40534,empty,stand
gt,40535,empty,stand
gt,40536,empty,stand
gt,40537,empty,stand
gt,40538,empty,stand
gt,40539,empty,stand
gt,40540,empty,stand
gt,40541,empty,stand
gt,40542,empty,stand
gt,40543,empty,stand
gt,40544,empty,stand
gt,40545,empty,stand
gt,40546,empty,stand
gt,40547,empty,stand
gt,40548,empty,stand
gt,40549,empty,stand
gt,40550,empty,stand
gt,40551,empty,stand
gt,40552,empty,stand
gt,40553,empty,stand
gt,40554,empty,stand
gt,40555,empty,stand
gt,40556,empty,stand
gt,40557,empty,stand
gt,40558,empty,stand
gt,40559,empty,stand
gt,40560,empty,stand
gt,40561,empty,stand
gt,40562,empty,stand
gt,40563,empty,stand
gt,40564,empty,stand
gt,40565,empty,stand
gt,40566,empty,stand
gt,40567,empty,stand
gt,40568,empty,stand
gt,40569,empty,stand
gt,40570,empty,stand
gt,40571,empty,stand
gt,40572,empty,stand
gt,40573,empty,stand
gt,40574,empty,stand
gt,40575,empty,stand
gt,40576,empty,stand
gt,40577,empty,stand
gt,40578,empty,stand
gt,40579,empty,stand
gt,40580,empty,stand
gt,40581,empty,stand
gt,40582,empty,stand
gt,40583,empty,stand
gt,40584,empty,stand
gt,40585,empty,stand
gt,40586,empty,stand
gt,40587,empty,stand
gt,40588,empty,stand
gt,40589,empty,stand
gt,40590,empty,stand
gt,40591,empty,stand
gt,40592,empty,stand
gt,40593,empty,stand
gt,40594,empty,stand
gt,40595,empty,stand
gt,40596,empty,stand
gt,40597,empty,stand
gt,40598,empty,stand
gt,40599,empty,stand
gt,40600,empty,stand
gt,40601,empty,stand
gt,40602,empty,stand
gt,40603,empty,stand
gt,40604,empty,stand
gt,40605,empty,stand
gt,40606,empty,stand
gt,40607,empty,stand
gt,40608,empty,stand
gt,40609,empty,stand
gt,40610,empty,stand
gt,40611,empty,stand
gt,40612,empty,stand
gt,40613,empty,stand
gt,40614,empty,stand
gt,40615,empty,stand
gt,40616,empty,stand
gt,40617,empty,stand
gt,40618,empty,stand
gt,40619,empty,stand
gt,40620,empty,stand
gt,40621,empty,stand
gt,40622,empty,stand
gt,40623,empty,stand
gt,40624,empty,stand
gt,40625,empty,stand
gt,40626,empty,stand
gt,40627,empty,stand
gt,40628,empty,stand
gt,40629,empty,stand
gt,40630,empty,stand
gt,40631,empty,stand
gt,40632,empty,stand
gt,40633,empty,stand
gt,40634,empty,stand
gt,40635,empty,stand
gt,40636,empty,stand
gt,40637,empty,stand
gt,40638,empty,stand
gt,40639,empty,stand
gt,40640,empty,stand
gt,40641,empty,stand
gt,40642,empty,stand
gt,40643,empty,stand
gt,40644,empty,stand
gt,40645,empty,stand
gt,40646,empty,stand
gt,40647,empty,stand
gt,40648,empty,stand
gt,40649,empty,stand
gt,40650,empty,stand
gt,40651,empty,stand
gt,40652,empty,stand
gt,40653,empty,stand
gt,40654,empty,stand
gt,40655,empty,stand
gt,40656,empty,stand
gt,40657,empty,stand
gt,40658,empty,stand
gt,40659,empty,stand
gt,40660,empty,stand
gt,40661,empty,stand
gt,40662,empty,stand
gt,40663,empty,stand
gt,40664,empty,stand
gt,40665,empty,stand
gt,40666,empty,stand
gt,40667,empty,stand
gt,40668,empty,stand
gt,40669,empty,stand
gt,40670,empty,stand
gt,40671,empty,stand
gt,40672,empty,stand
gt,40673,empty,stand
gt,40674,empty,stand
gt,40675,empty,stand
gt,40676,empty,stand
gt,40677,empty,stand
gt,40678,empty,stand
gt,40679,empty,stand
gt,40680,empty,stand
gt,40681,empty,stand
gt,40682,empty,stand
gt,40683,empty,stand
gt,40684,empty,stand
gt,40685,empty,stand
gt,40686,empty,stand
gt,40687,empty,stand
gt,40688,empty,stand
gt,40689,empty,stand
gt,40690,empty,stand
gt,40691,empty,stand
gt,40692,empty,stand
gt,40693,empty,stand
gt,40694,empty,stand
gt,40695,empty,stand
gt,40696,empty,stand
gt,40697,empty,stand
gt,40698,empty,stand
gt,40699,empty,stand
gt,40700,empty,stand
gt,40701,empty,stand
gt,40702,empty,stand
gt,40703,empty,stand
gt,40704,empty,stand
gt,40705,empty,stand
gt,40706,empty,stand
gt,40707,empty,stand
gt,40708,empty,stand
gt,40709,empty,stand
gt,40710,empty,stand
gt,40711,empty,stand
gt,40712,empty,stand
gt,40713,empty,stand
gt,40714,empty,stand
gt,40715,empty,stand
gt,40716,empty,stand
gt,40717,empty,stand
gt,40718,empty,stand
gt,40719,empty,stand
gt,40720,empty,stand
gt,40721,empty,stand
gt,40722,empty,stand
gt,40723,empty,stand
gt,40724,empty,stand
gt,40725,empty,stand
gt,40726,empty,stand
gt,40727,empty,stand
gt,40728,empty,stand
gt,40729,empty,stand
gt,40730,empty,stand
gt,40731,empty,stand
gt,40732,empty,stand
gt,40733,empty,stand
gt,40734,empty,stand
gt,40735,empty,stand
gt,40736,empty,stand
gt,40737,empty,stand
gt,40738,empty,stand
gt,40739,empty,stand
gt,40740,empty,stand
gt,40741,empty,stand
gt,40742,empty,stand
gt,40743,empty,stand
gt,40744,empty,stand
gt,40745,empty,stand
gt,40746,empty,stand
gt,40747,empty,stand
gt,40748,empty,stand
gt,40749,empty,stand
gt,40750,empty,stand
gt,40751,empty,stand
gt,40752,empty,stand
gt,40753,empty,stand
gt,40754,empty,stand
gt,40755,empty,stand
gt,40756,empty,stand
gt,40757,empty,stand
gt,40758,empty,stand
gt,40759,empty,stand
gt,40760,empty,stand
gt,40761,empty,stand
gt,40762,empty,stand
gt,40763,empty,stand
gt,40764,empty,stand
gt,40765,empty,stand
gt,40766,empty,stand
gt,40767,empty,stand
gt,40768,empty,stand
gt,40769,empty,stand
gt,40770,empty,stand
gt,40771,empty,stand
gt,40772,empty,stand
gt,40773,empty,stand
gt,40774,empty,stand
gt,40775,empty,stand
gt,40776,empty,stand
gt,40777,empty,stand
gt,40778,empty,stand
gt,40779,empty,stand
gt,40780,empty,stand
gt,40781,empty,stand
gt,40782,empty,stand
gt,40783,empty,stand
gt,40784,empty,stand
gt,40785,empty,stand
gt,40786,empty,stand
gt,40787,empty,stand
gt,40788,empty,stand
gt,40789,empty,stand
gt,40790,empty,stand
gt,40791,empty,stand
gt,40792,empty,stand
gt,40793,empty,stand
gt,40794,empty,stand
gt,40795,empty,stand
gt,40796,empty,stand
gt,40797,empty,stand
gt,40798,empty,stand
gt,40799,empty,stand
gt,40800,empty,stand
gt,40801,empty,stand
gt,40802,empty,stand
gt,40803,empty,stand
gt,40804,empty,stand
gt,40805,empty,stand
gt,40806,empty,stand
gt,40807,empty,stand
gt,40808,empty,stand
gt,40809,empty,stand
gt,40810,empty,stand
gt,40811,empty,stand
gt,40812,empty,stand
gt,40813,empty,stand
gt,40814,empty,stand
gt,40815,empty,stand
gt,40816,empty,stand
gt,40817,empty,stand
gt,40818,empty,stand
gt,40819,empty,stand
gt,40820,empty,stand
gt,40821,empty,stand
gt,40822,empty,stand
gt,40823,empty,stand
gt,40824,empty,stand
gt,40825,empty,stand
gt,40826,empty,stand
gt,40827,empty,stand
gt,40828,empty,stand
gt,40829,empty,stand
gt,40884,empty,stand
gt,40888,empty,stand
gt,40896,empty,stand
gt,40986,empty,stand
gt,41005,empty,stand
gt,41021,empty,stand
gt,41030,empty,stand
gt,41076,empty,stand
gt,41104,empty,stand
gt,41135,empty,stand
gt,41144,empty,stand
gt,41148,empty,stand
gt,41161,empty,stand
gt,41216,empty,stand
gt,41218,empty,stand
gt,41252,empty,stand
gt,41264,empty,stand
gt,41270,empty,stand
gt,41288,empty,stand
gt,41307,empty,stand
gt,41364,empty,stand
gt,41378,empty,stand
gt,41392,empty,stand
gt,41397,empty,stand
gt,41405,empty,stand
gt,41411,empty,stand
gt,41433,empty,stand
gt,41447,empty,stand
gt,41457,empty,stand
gt,41463,empty,stand
gt,41482,empty,stand
gt,41533,empty,stand
gt,41554,empty,stand
gt,41585,empty,stand
gt,41602,empty,stand
gt,41606,empty,stand
gt,41636,empty,stand
gt,41676,empty,stand
gt,41678,empty,stand
gt,41710,empty,stand
gt,41720,empty,stand
gt,41747,empty,stand
gt,41759,empty,stand
gt,41766,empty,stand
gt,41770,empty,stand
gt,41782,empty,stand
gt,41892,empty,stand
gt,41897,empty,stand
gt,42017,empty,stand
gt,42024,empty,stand
gt,42053,empty,stand
gt,42109,empty,stand
gt,42186,empty,stand
gt,42217,empty,stand
gt,42265,empty,stand
gt,42321,empty,stand
gt,42451,empty,stand
gt,42458,empty,stand
gt,42505,empty,stand
gt,42509,empty,stand
gt,42520,empty,stand
gt,42546,empty,stand
gt,42574,empty,stand
gt,42623,empty,stand
gt,42638,empty,stand
gt,42670,empty,stand
gt,42676,empty,stand
gt,42704,empty,stand
gt,42810,empty,stand
gt,42823,empty,stand
gt,42850,empty,stand
gt,42880,empty,stand
gt,42904,empty,stand
gt,42953,empty,stand
gt,43000,empty,stand
gt,43028,empty,stand
gt,43150,empty,stand
gt,43262,empty,stand
gt,43342,empty,stand
gt,43373,empty,stand
gt,43388,empty,stand
gt,43401,empty,stand
gt,43458,empty,stand
gt,43544,empty,stand
gt,43588,empty,stand
gt,43617,empty,stand
gt,43652,empty,stand
gt,43695,empty,stand
gt,43706,empty,stand
gt,43756,empty,stand
gt,43857,empty,stand
gt,43869,empty,stand
gt,43889,empty,stand
gt,43959,empty,stand
gt,44014,empty,stand
gt,44051,empty,stand
gt,44117,empty,stand
gt,44162,empty,stand
gt,44176,empty,stand
gt,44183,empty,stand
gt,44253,empty,stand
gt,44280,empty,stand
gt,44299,empty,stand
gt,44313,empty,stand
gt,44338,empty,stand
gt,44393,empty,stand
gt,44399,empty,stand
gt,44422,empty,stand
gt,44428,empty,stand
gt,44515,empty,stand
gt,44534,empty,stand
gt,44549,empty,stand
gt,44607,empty,stand
gt,44681,empty,stand
gt,44717,empty,stand
gt,44740,empty,stand
gt,44825,empty,stand
gt,44835,empty,stand
gt,44843,empty,stand
gt,44845,empty,stand
gt,44863,empty,stand
gt,44866,empty,stand
gt,44877,empty,stand
gt,44938,empty,stand
gt,44939,empty,stand
gt,44977,empty,stand
gt,44992,empty,stand
gt,45029,empty,stand
gt,45047,empty,stand
gt,45060,empty,stand
gt,45103,empty,stand
gt,45178,empty,stand
gt,45179,empty,stand
gt,45180,empty,stand
gt,45243,empty,stand
gt,45266,empty,stand
gt,45279,empty,stand
gt,45284,empty,stand
gt,45294,empty,stand
gt,45316,empty,stand
gt,45357,empty,stand
gt,45358,empty,stand
gt,45391,empty,stand
gt,45428,empty,stand
gt,45472,empty,stand
gt,45473,empty,stand
gt,45476,empty,stand
gt,45515,empty,stand
gt,45677,empty,stand
gt,45728,empty,stand
gt,45760,empty,stand
gt,45764,empty,stand
gt,45814,empty,stand
gt,45836,empty,stand
gt,45872,empty,stand
gt,45902,empty,stand
gt,45955,empty,stand
gt,45960,empty,stand
gt,46019,empty,stand
gt,46046,empty,stand
gt,46065,empty,stand
gt,46078,empty,stand
gt,46082,empty,stand
gt,46090,empty,stand
gt,46101,empty,stand
gt,46102,empty,stand
gt,46114,empty,stand
gt,46123,empty,stand
gt,46124,empty,stand
gt,46125,empty,stand
gt,46155,empty,stand
gt,46199,empty,stand
gt,46240,empty,stand
gt,46290,empty,stand
gt,46295,empty,stand
gt,46465,empty,stand
gt,46474,empty,stand
gt,46477,empty,stand
gt,46490,empty,stand
gt,46498,empty,stand
gt,46556,empty,stand
gt,46604,empty,stand
gt,46740,empty,stand
gt,46795,empty,stand
gt,46798,empty,stand
gt,46916,empty,stand
gt,46917,empty,stand
gt,47025,empty,stand
gt,47082,empty,stand
gt,47093,empty,stand
gt,47109,empty,stand
gt,47113,empty,stand
gt,47157,empty,stand
gt,47158,empty,stand
gt,47202,empty,stand
gt,47221,empty,stand
gt,47241,empty,stand
gt,47258,empty,stand
gt,47271,empty,stand
gt,47277,empty,stand
gt,47333,empty,stand
gt,47383,empty,stand
gt,47424,empty,stand
gt,47427,empty,stand
gt,47441,empty,stand
gt,47452,empty,stand
gt,47605,empty,stand
gt,47652,empty,stand
gt,47681,empty,stand
gt,47742,empty,stand
gt,47753,empty,stand
gt,47762,empty,stand
gt,47787,empty,stand
gt,47795,empty,stand
gt,47816,empty,stand
gt,47835,empty,stand
gt,47859,empty,stand
gt,47885,empty,stand
gt,47890,empty,stand
gt,47894,empty,stand
gt,47910,empty,stand
gt,47911,empty,stand
gt,47937,empty,stand
gt,47972,empty,stand
gt,47996,empty,stand
gt,48011,empty,stand
gt,48064,empty,stand
gt,48101,empty,stand
gt,48115,empty,stand
gt,48135,empty,stand
gt,48211,empty,stand
gt,48241,empty,stand
gt,48251,empty,stand
gt,48283,empty,stand
gt,48381,empty,stand
gt,48403,empty,stand
gt,48453,empty,stand
gt,48461,empty,stand
gt,48471,empty,stand
gt,48484,empty,stand
gt,48485,empty,stand
gt,48499,empty,stand
gt,48504,empty,stand
gt,48534,empty,stand
gt,48571,empty,stand
gt,48589,empty,stand
gt,48632,empty,stand
gt,48649,empty,stand
gt,48751,empty,stand
gt,48824,empty,stand
gt,48858,empty,stand
gt,48885,empty,stand
gt,48963,empty,stand
gt,48966,empty,stand
gt,49000,empty,stand
gt,49024,empty,stand
gt,49046,empty,stand
gt,49130,empty,stand
gt,49132,empty,stand
gt,49141,empty,stand
gt,49173,empty,stand
gt,49184,empty,stand
gt,49194,empty,stand
gt,49250,empty,stand
gt,49266,empty,stand
gt,49344,empty,stand
gt,49353,empty,stand
gt,49370,empty,stand
gt,49472,empty,stand
gt,49491,empty,stand
gt,49505,empty,stand
gt,49523,empty,stand
gt,49552,empty,stand
gt,49606,empty,stand
gt,49737,empty,stand
gt,49743,empty,stand
gt,49777,empty,stand
gt,49791,empty,stand
gt,49799,empty,stand
gt,49856,empty,stand
gt,49872,empty,stand
gt,49895,empty,stand
gt,49926,empty,stand
gt,49973,empty,stand
gt,49999,empty,stand
gt,50001,empty,stand
gt,50038,empty,stand
gt,50045,empty,stand
gt,50067,empty,stand
gt,50078,empty,stand
gt,50115,empty,stand
gt,50134,empty,stand
gt,50160,empty,stand
gt,50176,empty,stand
gt,50179,empty,stand
gt,50199,empty,stand
gt,50221,empty,stand
gt,50237,empty,stand
gt,50247,empty,stand
gt,50272,empty,stand
gt,50335,empty,stand
gt,50342,empty,stand
gt,50349,empty,stand
gt,50376,empty,stand
gt,50455,empty,stand
gt,50462,empty,stand
gt,50502,empty,stand
gt,50589,empty,stand
gt,50638,empty,stand
gt,50694,empty,stand
gt,50715,empty,stand
gt,50739,empty,stand
gt,50791,empty,stand
gt,50806,empty,stand
gt,50824,empty,stand
gt,50842,empty,stand
gt,50899,empty,stand
gt,50904,empty,stand
gt,50947,empty,stand
gt,51039,empty,stand
gt,51062,empty,stand
gt,51121,empty,stand
gt,51195,empty,stand
gt,51208,empty,stand
gt,51250,empty,stand
gt,51253,empty,stand
gt,51294,empty,stand
gt,51306,empty,stand
gt,51321,empty,stand
gt,51345,empty,stand
gt,51374,empty,stand
gt,51386,empty,stand
gt,51433,empty,stand
gt,51519,empty,stand
gt,51545,empty,stand
gt,51625,empty,stand
gt,51629,empty,stand
gt,51641,empty,stand
gt,51697,empty,stand
gt,51699,empty,stand
gt,51746,empty,stand
gt,51801,empty,stand
gt,51811,empty,stand
gt,51817,empty,stand
gt,51897,empty,stand
gt,51975,empty,stand
gt,51989,empty,stand
gt,52010,empty,stand
gt,52053,empty,stand
gt,52127,empty,stand
gt,52132,empty,stand
gt,52192,empty,stand
gt,52271,empty,stand
gt,52284,empty,stand
gt,52294,empty,stand
gt,52323,empty,stand
gt,52340,empty,stand
gt,52425,empty,stand
gt,52491,empty,stand
gt,52518,empty,stand
gt,52536,empty,stand
gt,52554,empty,stand
gt,52678,empty,stand
gt,52710,empty,stand
gt,52722,empty,stand
gt,52746,empty,stand
gt,52846,empty,stand
gt,52878,empty,stand
gt,52896,empty,stand
gt,52902,empty,stand
gt,52922,empty,stand
gt,52939,empty,stand
gt,53000,empty,stand
gt,53010,empty,stand
gt,53018,empty,stand
gt,53044,empty,stand
gt,53073,empty,stand
gt,53125,empty,stand
gt,53145,empty,stand
gt,53155,empty,stand
gt,53172,empty,stand
gt,53193,empty,stand
gt,53211,empty,stand
gt,53223,empty,stand
gt,53249,empty,stand
gt,53252,empty,stand
gt,53301,empty,stand
gt,53309,empty,stand
gt,53360,empty,stand
gt,53388,empty,stand
gt,53393,empty,stand
gt,53411,empty,stand
gt,53418,empty,stand
gt,53433,empty,stand
gt,53507,empty,stand
gt,53546,empty,stand
gt,53569,empty,stand
gt,53602,empty,stand
gt,53624,empty,stand
gt,53635,empty,stand
gt,53812,empty,stand
gt,53845,empty,stand
gt,53851,empty,stand
gt,53856,empty,stand
gt,53859,empty,stand
gt,53862,empty,stand
gt,53873,empty,stand
gt,53898,empty,stand
gt,53934,empty,stand
gt,53943,empty,stand
gt,53952,empty,stand
gt,54067,empty,stand
gt,54118,empty,stand
gt,54214,empty,stand
gt,54230,empty,stand
gt,54257,empty,stand
gt,54320,empty,stand
gt,54369,empty,stand
gt,54390,empty,stand
gt,54406,empty,stand
gt,54461,empty,stand
gt,54497,empty,stand
gt,54507,empty,stand
gt,54524,empty,stand
gt,54540,empty,stand
gt,54554,empty,stand
gt,54568,empty,stand
gt,54599,empty,stand
gt,54615,empty,stand
gt,54625,empty,stand
gt,54636,empty,stand
gt,54749,empty,stand
gt,54786,empty,stand
gt,54824,empty,stand
gt,54849,empty,stand
gt,54925,empty,stand
gt,54950,empty,stand
gt,54957,empty,stand
gt,54975,empty,stand
gt,55003,empty,stand
gt,55023,empty,stand
gt,55055,empty,stand
gt,55061,empty,stand
gt,55071,empty,stand
gt,55111,empty,stand
gt,55114,empty,stand
gt,55131,empty,stand
gt,55174,empty,stand
gt,55189,empty,stand
gt,55204,empty,stand
gt,55226,empty,stand
gt,55253,empty,stand
gt,55319,empty,stand
gt,55340,empty,stand
gt,55353,empty,stand
gt,55388,empty,stand
gt,55456,empty,stand
gt,55460,empty,stand
gt,55490,empty,stand
gt,55491,empty,stand
gt,55498,empty,stand
gt,55554,empty,stand
gt,55637,empty,stand
gt,55644,empty,stand
gt,55679,empty,stand
gt,55697,empty,stand
gt,55699,empty,stand
gt,55757,empty,stand
gt,55759,empty,stand
gt,55761,empty,stand
gt,55786,empty,stand
gt,55798,empty,stand
gt,55813,empty,stand
gt,55828,empty,stand
gt,55856,empty,stand
gt,55867,empty,stand
gt,55875,empty,stand
gt,55880,empty,stand
gt,55920,empty,stand
gt,55981,empty,stand
gt,55992,empty,stand
gt,56026,empty,stand
gt,56030,empty,stand
gt,56040,empty,stand
gt,56134,empty,stand
gt,56145,empty,stand
gt,56182,empty,stand
gt,56191,empty,stand
gt,56195,empty,stand
gt,56203,empty,stand
gt,56211,empty,stand
gt,56227,empty,stand
gt,56233,empty,stand
gt,56269,empty,stand
gt,56289,empty,stand
gt,56317,empty,stand
gt,56319,empty,stand
gt,56333,empty,stand
gt,56393,empty,stand
gt,56399,empty,stand
gt,56415,empty,stand
gt,56428,empty,stand
gt,56471,empty,stand
gt,56495,empty,stand
gt,56513,empty,stand
gt,56524,empty,stand
gt,56529,empty,stand
gt,56532,empty,stand
gt,56585,empty,stand
gt,56610,empty,stand
gt,56648,empty,stand
gt,56651,empty,stand
gt,56678,empty,stand
gt,56754,empty,stand
gt,56771,empty,stand
gt,56817,empty,stand
gt,56846,empty,stand
gt,56910,empty,stand
gt,56916,empty,stand
gt,56933,empty,stand
gt,56948,empty,stand
gt,56963,empty,stand
gt,56975,empty,stand
gt,57049,empty,stand
gt,57065,empty,stand
gt,57115,empty,stand
gt,57127,empty,stand
gt,57157,empty,stand
gt,57158,empty,stand
gt,57192,empty,stand
gt,57206,empty,stand
gt,57218,empty,stand
gt,57228,empty,stand
gt,57280,empty,stand
gt,57312,empty,stand
gt,57347,empty,stand
gt,57359,empty,stand
gt,57372,empty,stand
gt,57373,empty,stand
gt,57403,empty,stand
gt,57439,empty,stand
gt,57473,empty,stand
gt,57507,empty,stand
gt,57525,empty,stand
gt,57536,empty,stand
gt,57599,empty,stand
gt,57738,empty,stand
gt,57810,empty,stand
gt,57834,empty,stand
gt,57887,empty,stand
gt,57890,empty,stand
gt,58054,empty,stand
gt,58079,empty,stand
gt,58088,empty,stand
gt,58100,empty,stand
gt,58188,empty,stand
gt,58344,empty,stand
gt,58356,empty,stand
gt,58392,empty,stand
gt,58398,empty,stand
gt,58423,empty,stand
gt,58425,empty,stand
gt,58459,empty,stand
gt,58517,empty,stand
gt,58621,empty,stand
gt,58622,empty,stand
gt,58637,empty,stand
gt,58662,empty,stand
gt,58680,empty,stand
gt,58713,empty,stand
gt,58721,empty,stand
gt,58777,empty,stand
gt,58786,empty,stand
gt,58812,empty,stand
gt,58817,empty,stand
gt,58851,empty,stand
gt,58866,empty,stand
gt,58939,empty,stand
gt,58977,empty,stand
gt,58980,empty,stand
gt,59015,empty,stand
gt,59115,empty,stand
gt,59149,empty,stand
gt,59160,empty,stand
gt,59170,empty,stand
gt,59199,empty,stand
gt,59224,empty,stand
gt,59236,empty,stand
gt,59252,empty,stand
gt,59261,empty,stand
gt,59264,empty,stand
gt,59358,empty,stand
gt,59532,empty,stand
gt,59540,empty,stand
gt,59543,empty,stand
gt,59547,empty,stand
gt,59576,empty,stand
gt,59599,empty,stand
gt,59636,empty,stand
gt,59639,empty,stand
gt,59694,empty,stand
gt,59714,empty,stand
gt,59729,empty,stand
gt,59730,empty,stand
gt,59740,empty,stand
gt,59741,empty,stand
gt,59783,empty,stand
gt,59799,empty,stand
gt,59812,empty,stand
gt,59816,empty,stand
gt,59834,empty,stand
gt,59867,empty,stand
gt,59905,empty,stand
gt,59945,empty,stand
gt,60020,empty,stand
gt,60046,empty,stand
gt,60078,empty,stand
gt,60095,empty,stand
gt,60221,empty,stand
gt,60291,empty,stand
gt,60318,empty,stand
gt,60333,empty,stand
gt,60359,empty,stand
gt,60417,empty,stand
gt,60426,empty,stand
gt,60443,empty,stand
gt,60505,empty,stand
gt,60553,empty,stand
gt,60583,empty,stand
gt,60589,empty,stand
gt,60593,empty,stand
gt,60683,empty,stand
gt,60691,empty,stand
gt,60707,empty,stand
gt,60714,empty,stand
gt,60716,empty,stand
gt,60867,empty,stand
gt,60878,empty,stand
gt,60884,empty,stand
gt,60925,empty,stand
gt,60950,empty,stand
gt,60958,empty,stand
gt,60965,empty,stand
gt,60970,empty,stand
gt,60983,empty,stand
gt,61000,empty,stand
gt,61034,empty,stand
gt,61046,empty,stand
gt,61051,empty,stand
gt,61067,empty,stand
gt,61151,empty,stand
gt,61166,empty,stand
gt,61184,empty,stand
gt,61189,empty,stand
gt,61214,empty,stand
gt,61229,empty,stand
gt,61232,empty,stand
gt,61277,empty,stand
gt,61287,empty,stand
gt,61303,empty,stand
gt,61309,empty,stand
gt,61322,empty,stand
gt,61331,empty,stand
gt,61392,empty,stand
gt,61429,empty,stand
gt,61458,empty,stand
gt,61459,empty,stand
gt,61554,empty,stand
gt,61581,empty,stand
gt,61632,empty,stand
gt,61636,empty,stand
gt,61646,empty,stand
gt,61750,empty,stand
gt,61790,empty,stand
gt,61804,empty,stand
gt,61817,empty,stand
gt,61830,empty,stand
gt,61886,empty,stand
gt,61893,empty,stand
gt,61918,empty,stand
gt,62024,empty,stand
gt,62036,empty,stand
gt,62106,empty,stand
gt,62142,empty,stand
gt,62189,empty,stand
gt,62269,empty,stand
gt,62303,empty,stand
gt,62345,empty,stand
gt,62352,empty,stand
gt,62371,empty,stand
gt,62427,empty,stand
gt,62452,empty,stand
gt,62560,empty,stand
gt,62633,empty,stand
gt,62660,empty,stand
gt,62702,empty,stand
gt,62747,empty,stand
gt,62843,empty,stand
gt,62922,empty,stand
gt,62935,empty,stand
gt,62968,empty,stand
gt,63049,empty,stand
gt,63098,empty,stand
gt,63230,empty,stand
gt,63256,empty,stand
gt,63270,empty,stand
gt,63358,empty,stand
gt,63408,empty,stand
gt,63440,empty,stand
gt,63447,empty,stand
gt,63460,empty,stand
gt,63492,empty,stand
gt,63507,empty,stand
gt,63509,empty,stand
gt,63523,empty,stand
gt,63546,empty,stand
gt,63588,empty,stand
gt,63673,empty,stand
gt,63762,empty,stand
gt,63764,empty,stand
gt,63783,empty,stand
gt,63900,empty,stand
gt,63907,empty,stand
gt,63910,empty,stand
gt,63938,empty,stand
gt,63944,empty,stand
gt,63995,empty,stand
gt,64005,empty,stand
gt,64119,empty,stand
gt,64165,empty,stand
gt,64185,empty,stand
gt,64199,empty,stand
gt,64239,empty,stand
gt,64321,empty,stand
gt,64366,empty,stand
gt,64372,empty,stand
gt,64429,empty,stand
gt,64463,empty,stand
gt,64511,empty,stand
gt,64564,empty,stand
gt,64592,empty,stand
gt,64651,empty,stand
gt,64657,empty,stand
gt,64660,empty,stand
gt,64731,empty,stand
gt,64785,empty,stand
gt,64790,empty,stand
gt,64823,empty,stand
gt,64825,empty,stand
gt,64829,empty,stand
gt,64847,empty,stand
gt,64869,empty,stand
gt,64943,empty,stand
gt,64949,empty,stand
gt,65019,empty,stand
gt,65120,empty,stand
gt,65124,empty,stand
gt,65125,empty,stand
gt,65201,empty,stand
gt,65217,empty,stand
gt,65219,empty,stand
gt,65430,empty,stand
gt,65482,empty,stand
gt,65489,empty,stand
gt,65492,empty,stand
gt,65509,empty,stand
gt,65540,empty,stand
gt,65602,empty,stand
gt,65605,empty,stand
gt,65665,empty,stand
gt,65668,empty,stand
gt,65699,empty,stand
gt,65757,empty,stand
gt,65785,empty,stand
gt,65788,empty,stand
gt,65832,empty,stand
gt,65874,empty,stand
gt,65897,empty,stand
gt,65903,empty,stand
gt,65913,empty,stand
gt,65927,empty,stand
gt,65996,empty,stand
gt,66011,empty,stand
gt,66014,empty,stand
gt,66037,empty,stand
gt,66051,empty,stand
gt,66063,empty,stand
gt,66071,empty,stand
gt,66089,empty,stand
gt,66108,empty,stand
gt,66128,empty,stand
gt,66146,empty,stand
gt,66178,empty,stand
gt,66236,empty,stand
gt,66278,empty,stand
gt,66296,empty,stand
gt,66338,empty,stand
gt,66411,empty,stand
gt,66417,empty,stand
gt,66443,empty,stand
gt,66547,empty,stand
gt,66553,empty,stand
gt,66574,empty,stand
gt,66664,empty,stand
gt,66669,empty,stand
gt,66741,empty,stand
gt,66743,empty,stand
gt,66770,empty,stand
gt,66823,empty,stand
gt,66831,empty,stand
gt,66846,empty,stand
gt,66875,empty,stand
gt,66883,empty,stand
gt,66909,empty,stand
gt,66927,empty,stand
gt,66930,empty,stand
gt,66994,empty,stand
gt,67000,empty,stand
gt,67002,empty,stand
gt,67103,empty,stand
gt,67206,empty,stand
gt,67270,empty,stand
gt,67278,empty,stand
gt,67298,empty,stand
gt,67332,empty,stand
gt,67390,empty,stand
gt,67399,empty,stand
gt,67463,empty,stand
gt,67498,empty,stand
gt,67507,empty,stand
gt,67630,empty,stand
gt,67631,empty,stand
gt,67637,empty,stand
gt,67660,empty,stand
gt,67667,empty,stand
gt,67668,empty,stand
gt,67712,empty,stand
gt,67726,empty,stand
gt,67861,empty,stand
gt,67913,empty,stand
gt,67933,empty,stand
gt,67976,empty,stand
gt,67982,empty,stand
gt,68010,empty,stand
gt,68029,empty,stand
gt,68055,empty,stand
gt,68131,empty,stand
gt,68262,empty,stand
gt,68283,empty,stand
gt,68369,empty,stand
gt,68382,empty,stand
gt,68422,empty,stand
gt,68454,empty,stand
gt,68499,empty,stand
gt,68515,empty,stand
gt,68548,empty,stand
gt,68579,empty,stand
gt,68613,empty,stand
gt,68638,empty,stand
gt,68748,empty,stand
gt,68749,empty,stand
gt,68756,empty,stand
gt,68783,empty,stand
gt,68797,empty,stand
gt,68846,empty,stand
gt,68855,empty,stand
gt,68936,empty,stand
gt,68939,empty,stand
gt,68947,empty,stand
gt,68961,empty,stand
gt,68966,empty,stand
gt,69009,empty,stand
gt,69014,empty,stand
gt,69068,empty,stand
gt,69154,empty,stand
gt,69163,empty,stand
gt,69168,empty,stand
gt,69220,empty,stand
gt,69235,empty,stand
gt,69237,empty,stand
gt,69263,empty,stand
gt,69423,empty,stand
gt,69528,empty,stand
gt,69543,empty,stand
gt,69549,empty,stand
gt,69553,empty,stand
gt,69568,empty,stand
gt,69578,empty,stand
gt,69645,empty,stand
gt,69694,empty,stand
gt,69699,empty,stand
gt,69727,empty,stand
gt,69750,empty,stand
gt,69755,empty,stand
gt,69792,empty,stand
gt,69810,empty,stand
gt,69831,empty,stand
gt,69869,empty,stand
gt,69870,empty,stand
gt,69897,empty,stand
gt,69940,empty,stand
gt,69944,empty,stand
