Attribute,Index,Dirty Value,Cleaned Value,Clean Value
id,1,1436,1555,1436
id,2,2265,2040,2265
id,3,2264,2038,2264
id,4,2263,2036,2263
id,5,2262,2037,2262
id,6,2261,2045,2261
id,7,2260,2038,2260
id,8,2259,2039,2259
id,9,2258,2037,2258
id,10,2131,1966,2131
id,11,2099,1955,2099
id,12,2098,1954,2098
id,13,2097,1954,2097
id,14,1980,1884,1980
id,15,1979,1870,1979
id,16,2318,2113,2318
id,17,2170,2042,2170
id,18,2169,2041,2169
id,20,1593,1618,1593
id,22,1036,1204,1036
id,23,1024,1273,1024
id,24,976,1165,976
id,25,876,1109,876
id,26,802,1163,802
id,27,801,1163,801
id,28,800,1163,800
id,29,799,1064,799
id,30,797,1063,797
id,31,796,1062,796
id,32,531,936,531
id,33,432,894,432
id,34,353,856,353
id,35,321,902,321
id,36,173,778,173
id,37,11,739,11
id,38,10,721,10
id,39,9,933,9
id,40,2519,2169,2519
id,41,2518,2186,2518
id,42,2517,2182,2517
id,43,2545,2284,2545
id,44,2544,2277,2544
id,45,2324,2170,2324
id,46,2288,2150,2288
id,47,2287,2151,2287
id,48,2286,2149,2286
id,49,2285,2153,2285
id,50,1870,1935,1870
id,51,2603,2201,2603
id,52,2602,2200,2602
id,53,2220,2041,2220
id,54,2219,2017,2219
id,55,2218,2042,2218
id,56,2217,2068,2217
id,57,2216,2052,2216
id,58,972,1376,972
id,59,866,1270,866
id,60,48,987,48
id,61,47,1092,47
id,62,1583,1624,1583
id,63,1165,1386,1165
id,64,431,857,431
id,65,516,904,516
id,66,515,1049,515
id,67,514,1080,514
id,68,2540,2224,2540
id,69,2539,2243,2539
id,70,2686,2277,2686
id,71,2685,2280,2685
id,72,2684,2309,2684
id,73,2683,2292,2683
id,74,2682,2310,2682
id,75,2681,2308,2681
id,76,2680,2306,2680
id,77,2679,2300,2679
id,78,2678,2275,2678
id,79,2677,2297,2677
id,80,2676,2292,2676
id,81,2675,2277,2675
id,82,2674,2307,2674
id,83,1594,1643,1594
id,84,1162,1395,1162
id,85,1137,1381,1137
id,86,2403,2251,2403
id,87,2402,2246,2402
id,88,2401,2221,2401
id,89,1921,1779,1921
id,90,1920,1801,1920
id,91,2501,2216,2501
id,92,1535,1559,1535
id,93,1149,1263,1149
id,94,1474,1570,1474
id,95,1473,1566,1473
id,96,837,1245,837
id,97,2592,2185,2592
id,98,2578,2179,2578
id,99,2577,2183,2577
id,100,2103,1936,2103
id,101,2102,1956,2102
id,102,2291,1958,2291
id,103,1818,1680,1818
id,104,1738,1632,1738
id,105,1563,1605,1563
id,106,1520,1552,1520
id,107,1350,1449,1350
id,108,1327,1542,1327
id,109,1326,1446,1326
id,110,1221,1397,1221
id,111,1217,1456,1217
id,112,811,1209,811
id,113,753,1123,753
id,114,572,963,572
id,115,523,1010,523
id,116,367,848,367
id,117,78,742,78
id,118,77,909,77
id,119,76,724,76
id,120,2337,2177,2337
id,121,410,1095,410
id,122,409,1074,409
id,123,1294,1475,1294
id,124,1293,1474,1293
id,126,2207,2142,2207
id,127,2040,2007,2040
id,128,2039,2054,2039
id,129,2511,2149,2511
id,130,2510,2169,2510
id,131,2509,2174,2509
id,132,413,877,413
id,133,390,1030,390
id,134,735,986,735
id,135,1333,1503,1333
id,136,1332,1537,1332
id,137,1172,1487,1172
id,138,1322,1549,1322
id,139,550,1034,550
id,140,429,1013,429
id,141,428,901,428
id,142,1640,1781,1640
id,143,1639,1751,1639
id,144,1638,1746,1638
id,145,597,925,597
id,146,596,929,596
id,147,1580,1641,1580
id,149,979,1231,979
id,150,978,1301,978
id,151,2503,2119,2503
id,152,2502,2193,2502
id,153,2495,2191,2495
id,154,534,1076,534
id,155,528,933,528
id,156,527,1045,527
id,157,1409,1552,1409
id,158,343,922,343
id,159,342,924,342
id,160,341,970,341
id,161,340,1011,340
id,162,2589,2083,2589
id,163,2546,2072,2546
id,164,146,766,146
id,165,108,860,108
id,166,107,750,107
id,167,106,752,106
id,168,1620,1705,1620
id,169,1579,1680,1579
id,170,1228,1422,1228
id,171,705,1033,705
id,172,704,1157,704
id,173,702,1025,702
id,174,2058,1828,2058
id,175,1483,1572,1483
id,176,1426,1539,1426
id,177,1132,1393,1132
id,178,1131,1391,1131
id,179,1876,1748,1876
id,180,1875,1739,1875
id,181,966,1135,966
id,182,965,1123,965
id,183,2593,2180,2593
id,184,2105,2054,2105
id,185,1401,1448,1401
id,186,1400,1575,1400
id,187,1019,1250,1019
id,188,1018,1195,1018
id,189,1776,1723,1776
id,190,1644,1646,1644
id,191,1643,1701,1643
id,192,2618,2224,2618
id,193,2005,1868,2005
id,194,1343,1503,1343
id,195,2404,2242,2404
id,196,2323,2198,2323
id,197,2189,2134,2189
id,198,2188,2079,2188
id,199,2187,2127,2187
id,200,1966,1948,1966
id,201,1965,1932,1965
id,202,1964,1936,1964
id,203,1963,1947,1963
id,204,1855,1862,1855
id,205,1778,1852,1778
id,206,1209,1417,1209
id,207,954,1218,954
id,208,910,1222,910
id,209,707,1038,707
id,210,533,954,533
id,211,183,992,183
id,212,182,810,182
id,214,2435,2177,2435
id,215,2423,2157,2423
id,216,2420,2136,2420
id,217,2419,2158,2419
id,218,2494,2184,2494
id,219,2325,2143,2325
id,220,2022,1988,2022
id,221,1989,1966,1989
id,222,1988,1964,1988
id,223,1955,1944,1955
id,224,2558,2263,2558
id,225,2557,2285,2557
id,226,2556,2262,2556
id,227,2496,2145,2496
id,228,2410,2096,2410
id,229,1902,1854,1902
id,230,1901,1834,1901
id,231,1261,1442,1261
id,233,1900,1923,1900
id,234,1317,1453,1317
id,235,1158,1349,1158
id,236,1157,1381,1157
id,237,1156,1356,1156
id,238,1155,1413,1155
id,239,1154,1340,1154
id,240,2104,1940,2104
id,241,1762,1803,1762
id,242,1422,1593,1422
id,243,1067,1270,1067
id,244,1003,1253,1003
id,245,1002,1240,1002
id,246,1001,1191,1001
id,247,2639,2252,2639
id,248,2469,2193,2469
id,249,2586,2222,2586
id,250,2585,2240,2585
id,251,643,1093,643
id,252,632,1054,632
id,254,1713,1720,1713
id,255,1712,1746,1712
id,256,1711,1744,1711
id,258,767,1099,767
id,259,766,1083,766
id,260,579,992,579
id,261,168,842,168
id,262,159,716,159
id,263,35,703,35
id,264,34,991,34
id,265,2096,1929,2096
id,266,2095,1955,2095
id,267,1257,1330,1257
id,268,1256,1497,1256
id,269,1255,1357,1255
id,270,986,1283,986
id,271,985,1199,985
id,272,2508,2168,2508
id,273,1441,1547,1441
id,274,1413,1569,1413
id,275,1411,1531,1411
id,276,2620,2204,2620
id,277,2412,2122,2412
id,278,1898,1834,1898
id,279,1897,1876,1897
id,280,1896,1826,1896
id,281,1850,1702,1850
id,282,1849,1725,1849
id,283,1848,1734,1848
id,284,1847,1722,1847
id,285,2485,2294,2485
id,286,2484,2296,2484
id,287,2449,2153,2449
id,288,2634,2249,2634
id,289,2153,2045,2153
id,290,1953,1930,1953
id,291,1496,1622,1496
id,292,1481,1613,1481
id,293,1480,1582,1480
id,294,1564,1652,1564
id,295,1541,1635,1541
id,296,1321,1483,1321
id,297,1320,1488,1320
id,298,1319,1480,1319
id,299,1303,1421,1303
id,300,1025,1269,1025
id,301,1012,1245,1012
id,302,942,1267,942
id,303,937,1199,937
id,304,888,1125,888
id,305,886,1124,886
id,306,612,1069,612
id,307,611,987,611
id,308,1372,1537,1372
id,309,1371,1536,1371
id,310,1812,1745,1812
id,311,1547,1550,1547
id,312,1546,1656,1546
id,313,1545,1647,1545
id,314,119,828,119
id,315,1408,1578,1408
id,316,2490,2132,2490
id,317,2489,2131,2489
id,318,2488,2130,2488
id,319,2487,2131,2487
id,320,939,1216,939
id,321,692,992,692
id,322,667,1002,667
id,323,665,1155,665
id,324,1607,1599,1607
id,325,1597,1635,1597
id,326,344,1010,344
id,327,89,879,89
id,328,88,909,88
id,329,1569,1617,1569
id,330,1568,1612,1568
id,331,1188,1422,1188
id,332,1891,1972,1891
id,333,1890,1964,1890
id,334,577,1085,577
id,335,513,845,513
id,336,2422,2025,2422
id,337,1727,1740,1727
id,338,1614,1667,1614
id,339,1613,1608,1613
id,341,1548,1604,1548
id,342,1517,1644,1517
id,343,1500,1579,1500
id,344,1421,1538,1421
id,345,1360,1495,1360
id,346,1184,1360,1184
id,347,1183,1420,1183
id,349,998,1197,998
id,350,997,1143,997
id,351,996,1138,996
id,352,931,1123,931
id,353,798,1139,798
id,354,633,1032,633
id,355,2062,1981,2062
id,356,1830,1761,1830
id,357,1629,1673,1629
id,359,1427,1538,1427
id,361,1310,1442,1310
id,362,1281,1411,1281
id,363,1144,1341,1144
id,364,1143,1346,1143
id,365,1395,1514,1395
id,366,808,1036,808
id,367,81,740,81
id,368,2596,2207,2596
id,369,2300,2203,2300
id,370,2299,2203,2299
id,371,2298,2192,2298
id,372,2107,1932,2107
id,373,1573,1607,1573
id,375,1288,1431,1288
id,376,470,910,470
id,377,2167,2141,2167
id,378,2204,2138,2204
id,379,1522,1541,1522
id,380,397,982,397
id,381,193,785,193
id,382,83,944,83
id,383,1802,1814,1802
id,384,1801,1781,1801
id,385,1800,1736,1800
id,386,1799,1814,1799
id,387,2619,2298,2619
id,388,2468,2255,2468
id,389,2637,2223,2637
id,390,2636,2237,2636
id,391,2598,2221,2598
id,392,2597,2222,2597
id,393,2548,2198,2548
id,394,2542,2206,2542
id,395,2541,2205,2541
id,396,2504,2193,2504
id,397,2500,2179,2500
id,398,2499,2172,2499
id,399,2498,2190,2498
id,400,2481,2172,2481
id,401,2476,2181,2476
id,402,2467,2168,2467
id,403,2466,2168,2466
id,404,2465,2179,2465
id,405,2433,2164,2433
id,406,2418,2160,2418
id,407,2416,2157,2416
id,408,2382,2143,2382
id,409,2381,2143,2381
id,410,2290,2091,2290
id,411,2241,2082,2241
id,412,2240,2078,2240
id,413,2137,2027,2137
id,414,2101,2009,2101
id,415,2092,2005,2092
id,416,2091,2004,2091
id,417,2086,2002,2086
id,418,2023,1967,2023
id,419,2006,1957,2006
id,420,1997,1956,1997
id,421,1977,1941,1977
id,422,1976,1941,1976
id,423,1974,1940,1974
id,424,1973,1940,1973
id,425,1959,1931,1959
id,426,1958,1927,1958
id,427,1949,1924,1949
id,428,1947,1924,1947
id,429,1785,1826,1785
id,430,1651,1746,1651
id,431,1443,1466,1443
id,432,1352,1447,1352
id,433,1267,1357,1267
id,434,1266,1483,1266
id,435,1178,1443,1178
id,436,1136,1322,1136
id,437,1044,1235,1044
id,438,1033,1352,1033
id,439,1031,1246,1031
id,440,909,1204,909
id,441,873,1197,873
id,442,860,1272,860
id,443,677,1073,677
id,444,671,1189,671
id,445,670,1196,670
id,446,669,1106,669
id,447,627,1092,627
id,448,387,1079,387
id,449,385,1008,385
id,450,384,1007,384
id,451,1096,1281,1096
id,452,1095,1281,1095
id,453,2456,2099,2456
id,454,921,1256,921
id,455,920,1257,920
id,456,919,1104,919
id,457,648,952,648
id,458,1279,1498,1279
id,459,756,1132,756
id,460,566,1030,566
id,461,328,924,328
id,462,66,932,66
id,463,65,794,65
id,464,538,1078,538
id,465,504,1121,504
id,466,383,1064,383
id,467,29,981,29
id,468,28,914,28
id,469,27,960,27
id,470,26,986,26
id,471,1627,1747,1627
id,472,2552,2177,2552
id,473,2125,1999,2125
id,474,2124,2006,2124
id,475,2123,2015,2123
id,476,2608,2242,2608
id,477,2607,2241,2607
id,478,2606,2238,2606
id,479,2478,2160,2478
id,480,2471,2109,2471
id,481,2470,2161,2470
id,482,2464,2190,2464
id,483,2160,2059,2160
id,484,2158,2011,2158
id,485,2072,1998,2072
id,486,2054,1991,2054
id,487,2196,2141,2196
id,488,668,967,668
id,489,52,835,52
id,490,51,810,51
id,491,50,845,50
id,492,49,811,49
id,493,2657,2197,2657
id,494,2656,2199,2656
id,495,2655,2198,2655
id,496,2654,2212,2654
id,497,2653,2215,2653
id,498,2652,2214,2652
id,499,2252,2163,2252
id,500,2214,2145,2214
id,501,2213,2115,2213
id,502,1442,1567,1442
id,503,170,943,170
id,504,169,928,169
id,505,2315,2016,2315
id,506,1808,1776,1808
id,508,878,1229,878
id,509,794,1071,794
id,510,793,1120,793
id,511,792,1120,792
id,512,791,1120,791
id,513,790,1120,790
id,514,789,1119,789
id,515,788,1119,788
id,516,38,780,38
id,517,37,799,37
id,518,36,767,36
id,519,2257,2005,2257
id,520,2256,1988,2256
id,521,870,1228,870
id,522,869,1113,869
id,523,868,1117,868
id,524,867,1167,867
id,525,2068,1976,2068
id,527,2066,1926,2066
id,528,2065,1940,2065
id,529,2064,1958,2064
id,530,1928,1911,1928
id,531,1927,1920,1927
id,532,2227,2128,2227
id,533,2226,2070,2226
id,534,2225,2094,2225
id,535,1954,2001,1954
id,536,1910,1963,1910
id,537,1177,1404,1177
id,538,840,1277,840
id,539,180,1069,180
id,540,63,901,63
id,541,62,1040,62
id,542,61,1042,61
id,543,784,1107,784
id,544,783,1106,783
id,545,782,1094,782
id,546,2255,2124,2255
id,547,530,878,530
id,548,427,988,427
id,549,2094,1904,2094
id,550,1941,1888,1941
id,551,1940,1824,1940
id,552,1439,1525,1439
id,553,1465,1556,1465
id,554,1464,1556,1464
id,555,1744,1825,1744
id,556,1743,1826,1743
id,559,638,1110,638
id,560,507,917,507
id,561,480,868,480
id,562,1882,1930,1882
id,563,1881,1934,1881
id,564,2446,2192,2446
id,565,2106,2037,2106
id,566,2600,2318,2600
id,567,2210,2160,2210
id,568,2052,2081,2052
id,569,1584,1675,1584
id,570,1182,1393,1182
id,571,1050,1320,1050
id,572,1219,1436,1219
id,573,1218,1429,1218
id,574,2377,2074,2377
id,575,1839,1820,1839
id,576,1248,1408,1248
id,577,1247,1423,1247
id,578,1649,1697,1649
id,579,1648,1592,1648
id,580,1647,1512,1647
id,581,1646,1485,1646
id,582,2057,2021,2057
id,583,2056,1965,2056
id,584,2055,1961,2055
id,585,1933,1825,1933
id,586,2019,1866,2019
id,587,2018,1890,2018
id,588,2017,1872,2017
id,589,2016,1890,2016
id,590,2080,1964,2080
id,591,2079,1986,2079
id,592,2380,2080,2380
id,593,2379,2108,2379
id,594,2354,2077,2354
id,595,2440,2080,2440
id,596,567,851,567
id,597,1342,1340,1342
id,598,1341,1339,1341
id,599,2349,2116,2349
id,600,2014,1900,2014
id,601,2013,1894,2013
id,602,2012,1914,2012
id,603,2011,1933,2011
id,604,2010,1920,2010
id,605,2009,1915,2009
id,606,1726,1709,1726
id,607,1725,1708,1725
id,608,1695,1722,1695
id,609,1694,1693,1694
id,610,1693,1692,1693
id,612,1369,1492,1369
id,613,1243,1269,1243
id,614,1142,1300,1142
id,615,1141,1300,1141
id,616,1140,1304,1140
id,617,1139,1311,1139
id,618,1138,1262,1138
id,619,571,1086,571
id,620,570,1044,570
id,621,569,972,569
id,622,546,962,546
id,623,545,1070,545
id,624,2338,2112,2338
id,626,1094,1335,1094
id,627,657,1078,657
id,628,656,1034,656
id,629,359,934,359
id,630,56,818,56
id,631,1772,1698,1772
id,632,1393,1490,1393
id,633,893,1179,893
id,634,1407,1524,1407
id,635,1406,1461,1406
id,636,2438,2191,2438
id,637,2437,2208,2437
id,638,751,1028,751
id,639,120,693,120
id,640,2061,1924,2061
id,641,970,1243,970
id,642,969,1216,969
id,643,968,1190,968
id,644,2351,2055,2351
id,645,1650,1649,1650
id,646,1337,1435,1337
id,647,1336,1402,1336
id,648,737,1046,737
id,649,129,826,129
id,650,716,1046,716
id,651,659,1086,659
id,652,556,989,556
id,653,2538,2075,2538
id,654,2355,2011,2355
id,655,1689,1629,1689
id,656,1163,1411,1163
id,657,940,1111,940
id,658,685,1034,685
id,659,613,949,613
id,660,356,851,356
id,661,2029,1799,2029
id,662,2028,1808,2028
id,663,2293,2023,2293
id,664,1105,1247,1105
id,665,1104,1242,1104
id,666,2145,2117,2145
id,667,1804,1659,1804
id,668,1602,1595,1602
id,669,1301,1379,1301
id,670,542,825,542
id,671,272,705,272
id,672,271,718,271
id,673,1057,1401,1057
id,674,681,1086,681
id,675,1789,1739,1789
id,676,1788,1734,1788
id,677,1787,1734,1787
id,678,1786,1736,1786
id,679,1763,1821,1763
id,680,1311,1396,1311
id,681,2078,1956,2078
id,682,1809,1782,1809
id,683,1263,1360,1263
id,684,1092,1288,1092
id,685,851,1120,851
id,686,186,798,186
id,687,185,841,185
id,688,184,843,184
id,689,1224,1495,1224
id,690,964,1184,964
id,691,1623,1696,1623
id,692,110,600,110
id,693,1735,1645,1735
id,694,1734,1645,1734
id,695,1746,1706,1746
id,696,2371,2091,2371
id,697,2251,2060,2251
id,698,2166,1989,2166
id,699,1827,1844,1827
id,700,1203,1409,1203
id,701,1202,1485,1202
id,702,1161,1419,1161
id,703,946,1279,946
id,704,943,1230,943
id,705,1886,1818,1886
id,706,1885,1833,1885
id,707,1213,1375,1213
id,708,1159,1298,1159
id,709,947,1161,947
id,710,929,1200,929
id,711,1944,1773,1944
id,712,1943,1775,1943
id,713,1210,1378,1210
id,714,2550,2074,2550
id,715,2505,2053,2505
id,716,2025,1849,2025
id,717,2021,1867,2021
id,718,2015,1821,2015
id,719,1888,1732,1888
id,720,1887,1757,1887
id,721,2051,2025,2051
id,722,1201,1307,1201
id,723,924,1153,924
id,724,731,1137,731
id,725,730,1109,730
id,726,647,1096,647
id,727,1773,1807,1773
id,728,1795,1715,1795
id,729,944,1151,944
id,730,524,1009,524
id,731,450,968,450
id,732,449,931,449
id,733,448,935,448
id,734,447,977,447
id,735,446,959,446
id,736,1246,1403,1246
id,737,977,1224,977
id,738,881,1129,881
id,739,880,1145,880
id,740,872,1150,872
id,741,871,1071,871
id,742,1685,1600,1685
id,743,457,830,457
id,744,1590,1581,1590
id,745,1382,1614,1382
id,746,1110,1438,1110
id,747,1014,1285,1014
id,748,911,1204,911
id,749,680,1085,680
id,750,395,944,395
id,751,1642,1736,1642
id,752,673,1139,673
id,753,1107,1236,1107
id,754,1039,1341,1039
id,755,2477,2037,2477
id,756,2008,1808,2008
id,757,2004,1806,2004
id,758,2003,1805,2003
id,759,2292,2187,2292
id,760,1504,1482,1504
id,761,2604,2234,2604
id,762,2432,2153,2432
id,763,2431,2164,2431
id,764,2430,2163,2430
id,765,2429,2163,2429
id,766,1967,1931,1967
id,767,2283,2020,2283
id,768,2248,2031,2248
id,769,1287,1419,1287
id,770,1286,1416,1286
id,771,640,1040,640
id,772,1722,1753,1722
id,773,1435,1559,1435
id,775,2089,2025,2089
id,776,2088,2039,2088
id,777,1455,1631,1455
id,778,1454,1572,1454
id,779,1453,1550,1453
id,780,1452,1570,1452
id,781,1451,1645,1451
id,782,2191,2046,2191
id,783,1731,1808,1731
id,784,1022,1312,1022
id,785,895,1257,895
id,786,682,1151,682
id,787,112,1024,112
id,788,2289,2171,2289
id,789,2027,2071,2027
id,790,1929,2009,1929
id,791,1858,1974,1858
id,792,2591,2048,2591
id,793,2590,2053,2590
id,794,1968,1838,1968
id,795,1981,1857,1981
id,796,1664,1639,1664
id,797,1663,1667,1663
id,798,1662,1681,1662
id,799,941,1201,941
id,800,935,1225,935
id,801,809,1135,809
id,802,481,970,481
id,803,351,923,351
id,804,350,917,350
id,805,2569,2130,2569
id,806,2463,2160,2463
id,807,2462,2106,2462
id,808,1957,1829,1957
id,809,1733,1719,1733
id,810,2624,2192,2624
id,811,2284,2070,2284
id,813,520,850,520
id,814,2554,2186,2554
id,815,608,990,608
id,816,607,1008,607
id,817,2567,2281,2567
id,818,2566,2275,2566
id,820,983,1151,983
id,821,982,1140,982
id,822,981,1159,981
id,823,2111,1918,2111
id,824,2110,1934,2110
id,825,2172,1953,2172
id,826,2171,1953,2171
id,827,1911,1853,1911
id,828,1803,1794,1803
id,829,1566,1652,1566
id,830,1515,1606,1515
id,831,1214,1439,1214
id,832,674,1213,674
id,833,562,1128,562
id,834,552,1125,552
id,835,319,1041,319
id,836,318,1148,318
id,837,2322,2080,2322
id,838,2661,2189,2661
id,839,2660,2178,2660
id,840,2659,2203,2659
id,841,2658,2172,2658
id,842,2625,2118,2625
id,844,1223,1351,1223
id,845,1874,1844,1874
id,846,1873,1862,1873
id,847,1872,1805,1872
id,848,2613,2270,2613
id,849,2612,2287,2612
id,850,2611,2284,2611
id,851,2610,2255,2610
id,852,1657,1678,1657
id,853,2309,2068,2309
id,854,1635,1649,1635
id,855,1616,1624,1616
id,856,1585,1502,1585
id,857,358,889,358
id,858,179,904,179
id,859,178,845,178
id,860,2428,2090,2428
id,861,2427,2095,2427
id,862,2425,2092,2425
id,863,2424,2076,2424
id,864,1998,1886,1998
id,866,1208,1399,1208
id,867,2527,2242,2527
id,868,2526,2249,2526
id,869,2525,2168,2525
id,870,2524,2200,2524
id,871,2523,2246,2523
id,872,2522,2170,2522
id,873,2521,2237,2521
id,874,2520,2245,2520
id,875,1174,1245,1174
id,876,1116,1199,1116
id,877,994,1343,994
id,878,901,1317,901
id,879,875,1032,875
id,880,858,1017,858
id,881,857,1228,857
id,882,1300,1452,1300
id,883,1260,1445,1260
id,884,1259,1414,1259
id,885,2254,2163,2254
id,886,1658,1690,1658
id,887,2077,1956,2077
id,888,2076,2035,2076
id,889,2075,2031,2075
id,890,2426,2144,2426
id,891,2045,1966,2045
id,892,1960,1821,1960
id,893,1777,1720,1777
id,894,1698,1675,1698
id,895,1641,1776,1641
id,896,1490,1610,1490
id,897,1489,1608,1489
id,898,1399,1474,1399
id,899,1296,1356,1296
id,900,1034,1297,1034
id,901,991,1339,991
id,902,750,1080,750
id,903,749,1080,749
id,904,549,979,549
id,905,548,1136,548
id,906,2587,2208,2587
id,907,1109,1308,1109
id,908,1108,1332,1108
id,909,1000,1322,1000
id,910,312,873,312
id,911,311,897,311
id,912,309,829,309
id,913,308,827,308
id,914,2205,1973,2205
id,915,2198,1920,2198
id,916,2457,2071,2457
id,917,2202,1930,2202
id,918,2201,1970,2201
id,919,1829,1767,1829
id,920,581,984,581
id,921,1383,1481,1383
id,922,477,958,477
id,923,476,957,476
id,924,143,832,143
id,925,142,825,142
id,926,2129,2013,2129
id,927,2127,2003,2127
id,928,2126,2006,2126
id,929,2303,1983,2303
id,930,1990,1840,1990
id,931,1702,1668,1702
id,932,1701,1651,1701
id,933,1700,1669,1700
id,934,1699,1673,1699
id,935,1269,1368,1269
id,936,930,1235,930
id,937,649,1067,649
id,938,639,1079,639
id,939,626,1072,626
id,940,615,1041,615
id,941,478,1075,478
id,942,455,987,455
id,943,442,1019,442
id,944,441,1000,441
id,945,440,1009,440
id,946,439,1007,439
id,947,436,966,436
id,948,389,961,389
id,949,2650,2085,2650
id,950,2649,2070,2649
id,951,2648,2084,2648
id,952,2647,2082,2647
id,953,2646,2085,2646
id,954,2645,2082,2645
id,955,2644,2046,2644
id,956,2643,2062,2643
id,957,2642,2080,2642
id,958,404,906,404
id,959,164,696,164
id,960,1923,1892,1923
id,961,1922,1896,1922
id,962,1604,1601,1604
id,963,1574,1619,1574
id,964,1446,1552,1446
id,965,1275,1462,1275
id,966,1244,1390,1244
id,967,1064,1292,1064
id,968,1028,1341,1028
id,969,865,1208,865
id,970,864,1192,864
id,971,863,1157,863
id,973,655,1218,655
id,974,540,1007,540
id,975,539,1061,539
id,976,517,1165,517
id,977,371,934,371
id,978,190,866,190
id,979,189,910,189
id,980,1106,1255,1106
id,981,2314,2123,2314
id,982,2313,2112,2313
id,983,2461,2240,2461
id,984,2044,2032,2044
id,985,1567,1767,1567
id,986,1505,1493,1505
id,987,1186,1561,1186
id,988,1185,1389,1185
id,989,984,1288,984
id,990,693,925,693
id,991,631,857,631
id,992,2375,2040,2375
id,993,2143,1907,2143
id,994,2142,1933,2142
id,995,2141,1931,2141
id,996,2140,1934,2140
id,997,2139,1926,2139
id,998,2138,1930,2138
id,999,2007,1827,2007
id,1001,2339,2002,2339
id,1002,1857,1741,1857
id,1003,1440,1429,1440
id,1004,1753,1713,1753
id,1005,1448,1600,1448
id,1006,1134,1355,1134
id,1007,1066,1262,1066
id,1008,849,1194,849
id,1009,352,920,352
id,1010,149,854,149
id,1011,148,858,148
id,1012,2026,1893,2026
id,1013,1361,1387,1361
id,1014,1016,1182,1016
id,1015,1015,1188,1015
id,1016,1677,1731,1677
id,1017,1331,1321,1331
id,1018,1270,1320,1270
id,1019,2059,1855,2059
id,1020,1653,1614,1653
id,1021,1558,1552,1558
id,1022,1380,1475,1380
id,1023,1379,1508,1379
id,1024,1340,1460,1340
id,1025,1313,1436,1313
id,1026,770,1068,770
id,1027,769,1117,769
id,1028,610,1030,610
id,1029,192,858,192
id,1030,126,804,126
id,1031,506,946,506
id,1032,181,886,181
id,1033,2183,1941,2183
id,1034,2182,1944,2182
id,1035,2181,1993,2181
id,1036,2180,1940,2180
id,1037,2179,1981,2179
id,1038,1895,1808,1895
id,1039,1894,1828,1894
id,1040,1893,1887,1893
id,1041,990,1206,990
id,1042,989,1257,989
id,1043,988,1222,988
id,1044,1351,1530,1351
id,1045,1346,1450,1346
id,1046,904,1175,904
id,1047,2295,2049,2295
id,1048,2294,2016,2294
id,1049,824,1118,824
id,1050,616,1025,616
id,1051,96,806,96
id,1052,1615,1695,1615
id,1053,889,1293,889
id,1054,724,1162,724
id,1055,497,1116,497
id,1056,496,1133,496
id,1057,1652,1722,1652
id,1059,1834,1910,1834
id,1060,1833,1848,1833
id,1061,2195,2113,2195
id,1062,1605,1571,1605
id,1063,1543,1539,1543
id,1064,1390,1418,1390
id,1065,1354,1376,1354
id,1067,499,1004,499
id,1068,498,833,498
id,1069,1501,1591,1501
id,1070,1004,1278,1004
id,1071,502,986,502
id,1072,501,988,501
id,1073,2357,2029,2357
id,1074,2483,2235,2483
id,1075,2482,2200,2482
id,1076,2400,2194,2400
id,1077,2399,2217,2399
id,1078,2398,2193,2398
id,1079,2397,2216,2397
id,1080,2396,2215,2396
id,1081,2395,2215,2395
id,1082,2394,2215,2394
id,1083,2393,2214,2393
id,1084,2392,2214,2392
id,1085,2391,2213,2391
id,1086,2390,2213,2390
id,1087,2389,2213,2389
id,1088,2388,2211,2388
id,1089,2200,2101,2200
id,1090,2199,2119,2199
id,1091,2193,2117,2193
id,1092,1398,1539,1398
id,1093,1085,1335,1085
id,1094,916,1289,916
id,1095,658,1132,658
id,1096,653,1160,653
id,1097,2385,2154,2385
id,1098,2384,2130,2384
id,1099,2383,2151,2383
id,1100,1251,1382,1251
id,1101,1250,1457,1250
id,1102,1903,1842,1903
id,1103,1691,1726,1691
id,1104,1555,1504,1555
id,1105,1115,1270,1115
id,1106,729,1065,729
id,1107,728,1095,728
id,1108,2350,2031,2350
id,1109,2301,2008,2301
id,1110,1904,1810,1904
id,1111,2609,2126,2609
id,1112,2038,1874,2038
id,1113,1774,1766,1774
id,1114,559,976,559
id,1115,558,948,558
id,1116,553,969,553
id,1117,2376,2059,2376
id,1118,1784,1849,1784
id,1119,2673,2170,2673
id,1120,2672,2150,2672
id,1121,2671,2153,2671
id,1122,2670,2131,2670
id,1123,2669,2139,2669
id,1124,1405,1537,1405
id,1125,823,1173,823
id,1126,1793,1874,1793
id,1127,2453,2022,2453
id,1128,2363,2007,2363
id,1129,689,1066,689
id,1130,688,1060,688
id,1131,687,1093,687
id,1132,2408,2085,2408
id,1133,2595,2253,2595
id,1134,2480,2191,2480
id,1135,1525,1467,1525
id,1136,1524,1471,1524
id,1137,1523,1482,1523
id,1138,1254,1351,1254
id,1139,2060,1945,2060
id,1140,469,967,469
id,1141,468,938,468
id,1142,467,1027,467
id,1143,2163,1937,2163
id,1144,2162,1949,2162
id,1145,2374,2092,2374
id,1146,1560,1694,1560
id,1147,1557,1579,1557
id,1148,1458,1630,1458
id,1149,1235,1423,1235
id,1150,1068,1396,1068
id,1151,666,1077,666
id,1152,465,997,465
id,1153,464,1043,464
id,1154,463,977,463
id,1155,1678,1689,1678
id,1156,1572,1605,1572
id,1157,1348,1457,1348
id,1158,1193,1414,1193
id,1159,1187,1307,1187
id,1160,349,875,349
id,1161,348,940,348
id,1162,760,1279,760
id,1163,759,1149,759
id,1164,758,1148,758
id,1165,87,879,87
id,1166,86,857,86
id,1167,85,932,85
id,1168,2472,2041,2472
id,1169,779,1104,779
id,1170,364,940,364
id,1171,60,806,60
id,1172,59,805,59
id,1173,58,805,58
id,1174,57,804,57
id,1175,2436,1929,2436
id,1176,1706,1559,1706
id,1177,1667,1705,1667
id,1178,1666,1547,1666
id,1179,1665,1540,1665
id,1180,2460,2131,2460
id,1181,2459,2154,2459
id,1182,1274,1543,1274
id,1183,1220,1467,1220
id,1184,1070,1210,1070
id,1185,590,1000,590
id,1186,781,1150,781
id,1187,1637,1726,1637
id,1188,1741,1706,1741
id,1189,664,1250,664
id,1190,392,992,392
id,1191,195,902,195
id,1192,2547,2168,2547
id,1193,2493,2158,2493
id,1194,2492,2156,2492
id,1195,2491,2157,2491
id,1196,2108,1975,2108
id,1197,1397,1392,1397
id,1198,1396,1459,1396
id,1200,1249,1413,1249
id,1201,1445,1628,1445
id,1202,475,982,475
id,1203,474,967,474
id,1204,473,952,473
id,1205,472,977,472
id,1206,471,1000,471
id,1207,2036,2025,2036
id,1208,1168,1506,1168
id,1209,1832,1701,1832
id,1210,1688,1623,1688
id,1211,1687,1548,1687
id,1213,2434,2037,2434
id,1214,2332,2112,2332
id,1215,2330,2165,2330
id,1216,2329,2109,2329
id,1217,2327,2105,2327
id,1218,2326,2113,2326
id,1219,1926,1846,1926
id,1220,1924,1856,1924
id,1221,1090,1372,1090
id,1222,574,1092,574
id,1223,573,1041,573
id,1224,2584,2177,2584
id,1225,2583,2168,2583
id,1226,2582,2170,2582
id,1227,2581,2170,2581
id,1228,1309,1466,1309
id,1229,1308,1504,1308
id,1230,1571,1797,1571
id,1231,1204,1505,1204
id,1232,1122,1414,1122
id,1233,700,1187,700
id,1234,2033,1918,2033
id,1235,2032,1916,2032
id,1236,2311,1940,2311
id,1237,1153,1364,1153
id,1238,355,855,355
id,1239,125,778,125
id,1240,962,1142,962
id,1241,961,1119,961
id,1242,1475,1487,1475
id,1243,1008,1202,1008
id,1244,2454,2059,2454
id,1245,2209,1977,2209
id,1246,2133,1883,2133
id,1247,1994,1872,1994
id,1248,1816,1777,1816
id,1249,1815,1773,1815
id,1250,1126,1321,1126
id,1251,1125,1336,1125
id,1252,1124,1333,1124
id,1253,1813,1855,1813
id,1254,1113,1334,1113
id,1255,360,658,360
id,1256,511,975,511
id,1257,75,774,75
id,1258,74,804,74
id,1259,73,775,73
id,1260,1628,1681,1628
id,1261,1626,1682,1626
id,1262,1625,1565,1625
id,1263,1624,1591,1624
id,1264,1600,1667,1600
id,1265,1484,1469,1484
id,1266,1356,1585,1356
id,1267,1355,1437,1355
id,1271,1672,1552,1672
id,1272,1671,1619,1671
id,1273,1670,1615,1670
id,1274,1262,1450,1262
id,1275,845,1146,845
id,1276,1783,1711,1783
id,1277,1717,1672,1717
id,1278,1716,1657,1716
id,1279,1516,1549,1516
id,1280,725,1137,725
id,1281,2308,2067,2308
id,1282,2268,2067,2268
id,1283,2197,2047,2197
id,1284,2120,2009,2120
id,1285,1234,1368,1234
id,1286,1233,1477,1233
id,1287,1232,1501,1232
id,1288,1231,1374,1231
id,1289,1831,1844,1831
id,1290,1359,1576,1359
id,1291,1135,1366,1135
id,1292,960,1058,960
id,1293,959,1313,959
id,1294,958,1312,958
id,1295,957,1121,957
id,1296,956,1055,956
id,1297,773,985,773
id,1298,686,920,686
id,1299,453,776,453
id,1300,150,593,150
id,1301,133,958,133
id,1302,1578,1600,1578
id,1303,1429,1505,1429
id,1304,1271,1412,1271
id,1305,713,1056,713
id,1306,712,1095,712
id,1307,690,1042,690
id,1308,547,941,547
id,1309,435,898,435
id,1310,313,908,313
id,1311,33,773,33
id,1312,32,801,32
id,1313,31,759,31
id,1314,1237,1332,1237
id,1315,1236,1387,1236
id,1316,1047,1202,1047
id,1317,1986,1991,1986
id,1318,1985,1990,1985
id,1319,1984,1989,1984
id,1320,2186,1939,2186
id,1321,2185,1912,2185
id,1322,2184,1930,2184
id,1323,2178,1930,2178
id,1324,2177,1924,2177
id,1325,2176,1922,2176
id,1326,1508,1423,1508
id,1327,1507,1453,1507
id,1328,1506,1514,1506
id,1329,1325,1335,1325
id,1330,174,830,174
id,1331,2093,1767,2093
id,1332,1814,1618,1814
id,1333,587,1033,587
id,1334,586,959,586
id,1335,434,883,434
id,1336,2668,2161,2668
id,1337,2667,2178,2667
id,1338,2666,2200,2666
id,1339,2664,2159,2664
id,1340,2663,2221,2663
id,1341,2662,2216,2662
id,1342,2535,2064,2535
id,1343,2534,2092,2534
id,1344,2533,2061,2533
id,1345,2532,2054,2532
id,1346,2531,2028,2531
id,1347,2530,2090,2530
id,1348,2529,2060,2529
id,1349,2528,2058,2528
id,1350,1612,1569,1612
id,1351,1611,1574,1611
id,1352,1273,1553,1273
id,1353,365,1026,365
id,1354,273,959,273
id,1355,1884,1934,1884
id,1356,1272,1460,1272
id,1357,1080,1404,1080
id,1358,932,1295,932
id,1359,776,1303,776
id,1360,172,993,172
id,1361,171,964,171
id,1362,2361,2203,2361
id,1363,2359,2163,2359
id,1364,2358,2083,2358
id,1365,2282,2093,2282
id,1366,2281,2142,2281
id,1367,2280,2092,2280
id,1368,2279,2098,2279
id,1369,2278,2091,2278
id,1370,2277,2091,2277
id,1371,2276,2176,2276
id,1372,2275,2053,2275
id,1373,2274,2093,2274
id,1374,2273,2093,2273
id,1375,2442,2227,2442
id,1376,2441,2131,2441
id,1377,1460,1461,1460
id,1378,1459,1679,1459
id,1379,1476,1589,1476
id,1380,902,1278,902
id,1381,645,1168,645
id,1382,644,1148,644
id,1383,337,966,337
id,1384,336,941,336
id,1385,2236,2025,2236
id,1386,2159,1959,2159
id,1387,2157,1968,2157
id,1388,2156,1989,2156
id,1389,2154,1963,2154
id,1390,1495,1672,1495
id,1391,1494,1669,1494
id,1392,1493,1669,1493
id,1393,1492,1522,1492
id,1394,327,844,327
id,1395,719,1081,719
id,1396,718,1080,718
id,1397,717,1085,717
id,1398,1907,1898,1907
id,1399,1906,1875,1906
id,1400,1756,1793,1756
id,1401,1617,1700,1617
id,1402,1052,1246,1052
id,1403,1051,1402,1051
id,1404,1046,1337,1046
id,1405,2413,2088,2413
id,1406,419,959,419
id,1407,408,950,408
id,1408,2237,2070,2237
id,1409,2208,2035,2208
id,1410,1952,1930,1952
id,1411,768,1105,768
id,1412,625,978,625
id,1413,326,909,326
id,1414,132,880,132
id,1415,131,825,131
id,1416,1598,1584,1598
id,1417,862,1216,862
id,1418,699,1124,699
id,1419,421,1018,421
id,1420,420,1013,420
id,1421,2345,2152,2345
id,1422,2224,2136,2224
id,1423,1775,1889,1775
id,1424,1291,1598,1291
id,1425,1093,1171,1093
id,1426,580,1093,580
id,1427,403,1008,403
id,1428,316,979,316
id,1429,315,1002,315
id,1430,314,1003,314
id,1431,1537,1724,1537
id,1432,1536,1725,1536
id,1433,1265,1480,1265
id,1434,747,1206,747
id,1435,746,1155,746
id,1436,654,1113,654
id,1437,1705,1587,1705
id,1438,1148,1355,1148
id,1439,1147,1281,1147
id,1440,1146,1292,1146
id,1441,1145,1245,1145
id,1442,1758,1744,1758
id,1443,1757,1732,1757
id,1444,2475,2003,2475
id,1445,2230,1892,2230
id,1446,1987,1784,1987
id,1447,1978,1788,1978
id,1448,1975,1777,1975
id,1449,1737,1632,1737
id,1450,1707,1649,1707
id,1451,1690,1606,1690
id,1452,1586,1548,1586
id,1453,952,1162,952
id,1454,748,1053,748
id,1455,578,1011,578
id,1456,564,994,564
id,1457,563,1127,563
id,1458,115,773,115
id,1459,72,777,72
id,1460,71,804,71
id,1461,1417,1374,1417
id,1462,885,1177,885
id,1463,884,1179,884
id,1464,757,1109,757
id,1465,568,1017,568
id,1466,320,838,320
id,1467,43,850,43
id,1468,42,783,42
id,1469,41,811,41
id,1470,40,817,40
id,1471,39,811,39
id,1472,2272,2026,2272
id,1473,1582,1756,1582
id,1474,1114,1261,1114
id,1475,486,1017,486
id,1476,485,1004,485
id,1477,484,975,484
id,1478,2043,1910,2043
id,1479,2042,1908,2042
id,1480,2041,1898,2041
id,1481,646,1064,646
id,1482,165,907,165
id,1483,2050,1967,2050
id,1484,915,1197,915
id,1485,914,1244,914
id,1486,913,1199,913
id,1487,1811,1765,1811
id,1488,1622,1651,1622
id,1489,1621,1615,1621
id,1490,1307,1299,1307
id,1491,1306,1321,1306
id,1492,1305,1539,1305
id,1493,1304,1535,1304
id,1494,2692,2229,2692
id,1495,2691,2201,2691
id,1496,2690,2230,2690
id,1497,2689,2183,2689
id,1498,2688,2237,2688
id,1499,2687,2203,2687
id,1500,1854,1868,1854
id,1501,1227,1475,1227
id,1502,1226,1476,1226
id,1503,541,1069,541
id,1504,109,830,109
id,1505,1917,1810,1917
id,1506,1190,1358,1190
id,1507,1264,1437,1264
id,1508,1258,1405,1258
id,1509,128,841,128
id,1510,2331,2008,2331
id,1511,1669,1706,1669
id,1512,1668,1706,1668
id,1513,999,1259,999
id,1514,2247,1997,2247
id,1515,2071,1889,2071
id,1516,2070,1872,2070
id,1517,2069,1886,2069
id,1518,2192,2113,2192
id,1519,1130,1403,1130
id,1520,1129,1349,1129
id,1521,1081,1401,1081
id,1522,2335,1878,2335
id,1523,2334,1865,2334
id,1524,2333,1884,2333
id,1525,1721,1566,1721
id,1526,1720,1574,1720
id,1527,1431,1541,1431
id,1528,1430,1522,1430
id,1529,1059,1383,1059
id,1530,1058,1371,1058
id,1531,603,1159,603
id,1532,602,1071,602
id,1533,601,1092,601
id,1534,600,1152,600
id,1535,1828,1817,1828
id,1536,1487,1620,1487
id,1537,1486,1602,1486
id,1538,1485,1599,1485
id,1539,1394,1582,1394
id,1540,1381,1536,1381
id,1541,900,1262,900
id,1542,891,1265,891
id,1543,509,1093,509
id,1544,508,1094,508
id,1545,1530,1636,1530
id,1546,1529,1631,1529
id,1547,1528,1634,1528
id,1548,1527,1687,1527
id,1549,1526,1667,1526
id,1550,2113,1776,2113
id,1551,2112,1776,2112
id,1552,2302,1963,2302
id,1553,1883,2002,1883
id,1554,1859,1759,1859
id,1556,1790,1697,1790
id,1557,1752,1711,1752
id,1558,1751,1676,1751
id,1559,1750,1739,1750
id,1560,1444,1559,1444
id,1561,1252,1338,1252
id,1562,1167,1465,1167
id,1563,993,1344,993
id,1564,992,1219,992
id,1565,955,1146,955
id,1566,933,1179,933
id,1567,892,1116,892
id,1568,828,1079,828
id,1569,806,1058,806
id,1570,755,1039,755
id,1571,754,1039,754
id,1572,726,1067,726
id,1573,720,1086,720
id,1574,661,1061,661
id,1575,585,954,585
id,1576,565,994,565
id,1577,391,866,391
id,1578,388,855,388
id,1579,8,800,8
id,1580,7,786,7
id,1581,6,725,6
id,1582,5,842,5
id,1583,4,758,4
id,1584,1,733,1
id,1585,805,1057,805
id,1586,804,1106,804
id,1587,803,1105,803
id,1588,787,1173,787
id,1589,786,1123,786
id,1590,785,1122,785
id,1591,745,1034,745
id,1592,744,1093,744
id,1593,743,1033,743
id,1594,742,1033,742
id,1595,741,1032,741
id,1596,734,1042,734
id,1597,733,1026,733
id,1599,1532,1618,1532
id,1600,1328,1529,1328
id,1601,1175,1405,1175
id,1602,1166,1388,1166
id,1603,1065,1262,1065
id,1604,1908,1899,1908
id,1605,1946,1958,1946
id,1606,1961,1808,1961
id,1607,1684,1604,1684
id,1608,927,1160,927
id,1609,1268,1471,1268
id,1610,697,1058,697
id,1611,696,1136,696
id,1612,695,1104,695
id,1613,694,1074,694
id,1614,1805,1707,1805
id,1615,1048,1227,1048
id,1616,1043,1237,1043
id,1617,890,1151,890
id,1618,775,1090,775
id,1619,1087,1292,1087
id,1620,1931,1870,1931
id,1621,1930,1868,1930
id,1622,2238,1998,2238
id,1623,2144,1978,2144
id,1624,2175,1915,2175
id,1625,2168,1919,2168
id,1626,1956,1819,1956
id,1627,1794,1725,1794
id,1628,2633,2076,2633
id,1629,2632,2074,2632
id,1630,2631,2065,2631
id,1631,2630,2056,2630
id,1632,2629,2066,2629
id,1633,2628,2068,2628
id,1634,1062,1130,1062
id,1635,1061,1128,1061
id,1636,1060,1383,1060
id,1637,1056,1127,1056
id,1638,1055,1124,1055
id,1639,1054,1123,1054
id,1640,1053,1122,1053
id,1641,2635,2245,2635
id,1642,1404,1640,1404
id,1643,1403,1632,1403
id,1644,1402,1618,1402
id,1645,2312,1972,2312
id,1646,1636,1591,1636
id,1647,1518,1710,1518
id,1648,1384,1420,1384
id,1649,1797,1737,1797
id,1650,1437,1439,1437
id,1651,1791,1730,1791
id,1652,1540,1571,1540
id,1653,1491,1549,1491
id,1654,1335,1542,1335
id,1655,847,1180,847
id,1656,846,1292,846
id,1657,521,1152,521
id,1658,479,1000,479
id,1659,2559,2038,2559
id,1660,1760,1669,1760
id,1661,1759,1674,1759
id,1662,1589,1531,1589
id,1663,1457,1605,1457
id,1664,1191,1327,1191
id,1665,2336,1990,2336
id,1666,2553,2079,2553
id,1667,1909,1798,1909
id,1668,335,877,335
id,1669,64,785,64
id,1670,2360,1936,2360
id,1671,1463,1565,1463
id,1672,1462,1481,1462
id,1673,1461,1514,1461
id,1674,711,1018,711
id,1675,188,855,188
id,1676,130,834,130
id,1677,399,1012,399
id,1678,82,945,82
id,1679,2031,1911,2031
id,1680,2030,1914,2030
id,1681,2269,1966,2269
id,1682,2229,1977,2229
id,1683,2370,2012,2370
id,1684,2211,1908,2211
id,1685,1861,1742,1861
id,1686,1718,1707,1718
id,1687,1290,1508,1290
id,1688,1091,1392,1091
id,1689,1086,1331,1086
id,1690,830,1188,830
id,1691,1021,1210,1021
id,1692,938,1213,938
id,1693,715,1080,715
id,1694,2516,2176,2516
id,1695,2515,2168,2515
id,1696,2514,2164,2514
id,1697,2513,2174,2513
id,1698,2512,2134,2512
id,1699,1467,1659,1467
id,1700,945,1337,945
id,1701,583,791,583
id,1702,339,674,339
id,1703,1375,1508,1375
id,1704,1374,1507,1374
id,1705,1373,1507,1373
id,1706,2087,1972,2087
id,1707,2414,1948,2414
id,1708,1581,1566,1581
id,1709,1176,1438,1176
id,1710,1006,1192,1006
id,1711,1005,1221,1005
id,1712,636,1062,636
id,1713,1538,1527,1538
id,1714,1075,1292,1075
id,1715,710,1096,710
id,1716,709,1074,709
id,1717,708,1180,708
id,1718,706,1081,706
id,1719,220,837,220
id,1720,219,836,219
id,1721,2576,2017,2576
id,1722,1133,1286,1133
id,1723,609,1033,609
id,1724,418,925,418
id,1725,417,936,417
id,1726,416,931,416
id,1727,415,906,415
id,1728,414,964,414
id,1729,2452,2024,2452
id,1730,2451,2023,2451
id,1731,2132,1892,2132
id,1732,1993,1840,1993
id,1733,1992,1834,1992
id,1734,1935,1807,1935
id,1735,1852,1744,1852
id,1736,1851,1727,1851
id,1737,2307,2162,2307
id,1738,2580,2195,2580
id,1739,1807,1732,1807
id,1740,1180,1356,1180
id,1741,1179,1310,1179
id,1742,1771,1828,1771
id,1743,1654,1828,1654
id,1744,2579,2037,2579
id,1745,2373,1990,2373
id,1746,2049,1857,2049
id,1747,2048,1894,2048
id,1748,1880,1745,1880
id,1749,1879,1808,1879
id,1750,1878,1809,1878
id,1751,1877,1806,1877
id,1752,1764,1744,1764
id,1753,1103,1345,1103
id,1754,1102,1411,1102
id,1755,1101,1417,1101
id,1756,1100,1341,1100
id,1757,1099,1346,1099
id,1758,1098,1380,1098
id,1759,1330,1523,1330
id,1760,2074,2017,2074
id,1761,1724,1680,1724
id,1762,1280,1550,1280
id,1763,899,1152,899
id,1764,363,1034,363
id,1765,158,920,158
id,1766,97,863,97
id,1767,1860,1922,1860
id,1768,1577,1761,1577
id,1769,1576,1760,1576
id,1770,1575,1778,1575
id,1771,2304,1987,2304
id,1772,2249,2006,2249
id,1773,2053,1889,2053
id,1774,1842,1814,1842
id,1775,1841,1817,1841
id,1776,1782,1784,1782
id,1777,1552,1685,1552
id,1778,1479,1425,1479
id,1779,1478,1483,1478
id,1780,1370,1369,1370
id,1781,883,1160,883
id,1782,882,1169,882
id,1783,1868,1801,1868
id,1784,1867,1776,1867
id,1785,1865,1716,1865
id,1786,1864,1686,1864
id,1787,2599,1990,2599
id,1788,2073,1776,2073
id,1789,2063,1740,2063
id,1790,1995,1726,1995
id,1791,1934,1696,1934
id,1792,1329,1485,1329
id,1793,1299,1466,1299
id,1794,1073,1220,1073
id,1795,1072,1247,1072
id,1796,1071,1215,1071
id,1797,852,1117,852
id,1798,850,1092,850
id,1799,839,1152,839
id,1800,777,1127,777
id,1801,764,1088,764
id,1802,317,848,317
id,1803,286,920,286
id,1804,285,842,285
id,1805,124,812,124
id,1806,1392,1458,1392
id,1807,1391,1546,1391
id,1808,2002,1896,2002
id,1809,1683,1594,1683
id,1810,1362,1601,1362
id,1811,1519,1666,1519
id,1813,599,1097,599
id,1814,307,947,307
id,1815,305,957,305
id,1816,304,939,304
id,1817,217,939,217
id,1818,1477,1677,1477
id,1819,1503,1670,1503
id,1820,1466,1648,1466
id,1821,1245,1514,1245
id,1822,1324,1409,1324
id,1823,1323,1491,1323
id,1824,1078,1261,1078
id,1825,1077,1264,1077
id,1826,588,986,588
id,1827,53,792,53
id,1828,815,1175,815
id,1829,1302,1389,1302
id,1830,1416,1659,1416
id,1831,1415,1658,1415
id,1832,918,1231,918
id,1833,917,1281,917
id,1834,2250,1984,2250
id,1836,1767,1755,1767
id,1837,1766,1746,1766
id,1838,1765,1731,1765
id,1839,2368,2033,2368
id,1840,738,1104,738
id,1841,1539,1600,1539
id,1842,975,1261,975
id,1843,814,1192,814
id,1844,727,1121,727
id,1845,2474,1942,2474
id,1846,2239,1850,2239
id,1847,1919,1690,1919
id,1848,1918,1681,1918
id,1849,1905,1707,1905
id,1850,1338,1465,1338
id,1851,1295,1435,1295
id,1852,426,972,426
id,1853,400,894,400
id,1854,2353,1916,2353
id,1855,212,852,212
id,1856,161,834,161
id,1857,160,831,160
id,1858,2574,2021,2574
id,1859,2479,2011,2479
id,1860,2443,1990,2443
id,1861,2266,1949,2266
id,1862,2090,1901,2090
id,1863,1962,1793,1962
id,1865,1608,1583,1608
id,1866,1591,1560,1591
id,1867,1388,1586,1388
id,1868,1387,1609,1387
id,1869,1386,1549,1386
id,1870,1385,1560,1385
id,1871,1020,1261,1020
id,1872,778,1208,778
id,1873,630,1202,630
id,1874,629,1192,629
id,1875,628,1008,628
id,1876,525,1137,525
id,1877,512,1111,512
id,1878,425,1045,425
id,1879,424,1064,424
id,1880,423,1063,423
id,1881,422,1082,422
id,1882,1942,1725,1942
id,1883,1708,1594,1708
id,1884,1521,1543,1521
id,1885,1297,1235,1297
id,1886,1192,1311,1192
id,1887,1013,1253,1013
id,1888,774,1068,774
id,1889,386,919,386
id,1890,70,778,70
id,1891,69,781,69
id,1892,68,804,68
id,1893,67,762,67
id,1894,1792,1712,1792
id,1895,1609,1695,1609
id,1896,2537,2014,2537
id,1897,2536,1976,2536
id,1898,30,800,30
id,1899,2305,2049,2305
id,1900,1588,1520,1588
id,1901,1363,1584,1363
id,1902,1211,1243,1211
id,1903,1123,1279,1123
id,1904,926,1169,926
id,1905,894,1235,894
id,1906,166,948,166
id,1907,24,759,24
id,1908,23,929,23
id,1909,22,836,22
id,1910,21,819,21
id,1911,20,821,20
id,1912,2407,2066,2407
id,1913,2406,2104,2406
id,1914,2405,2052,2405
id,1915,2234,2006,2234
id,1916,1606,1694,1606
id,1917,617,1129,617
id,1918,407,1013,407
id,1919,406,1051,406
id,1920,402,993,402
id,1921,393,965,393
id,1922,1798,1630,1798
id,1923,1655,1552,1655
id,1926,1482,1452,1482
id,1927,1447,1453,1447
id,1928,1425,1525,1425
id,1929,1424,1579,1424
id,1930,1298,1470,1298
id,1931,1181,1348,1181
id,1932,1160,1308,1160
id,1933,1152,1317,1152
id,1934,1151,1301,1151
id,1935,1150,1153,1150
id,1936,1076,1257,1076
id,1937,995,1278,995
id,1938,879,1158,879
id,1939,1972,2016,1972
id,1940,1971,2025,1971
id,1941,1970,1965,1970
id,1942,1969,1992,1969
id,1943,2024,1935,2024
id,1944,1283,1572,1283
id,1945,1282,1496,1282
id,1946,2362,2022,2362
id,1947,2346,2022,2346
id,1948,2320,1970,2320
id,1949,2297,1964,2297
id,1950,2296,1977,2296
id,1951,1745,1719,1745
id,1952,1120,1408,1120
id,1953,1118,1428,1118
id,1954,1117,1357,1117
id,1955,2387,2003,2387
id,1956,2267,1880,2267
id,1957,1740,1732,1740
id,1959,1497,1552,1497
id,1960,1011,1260,1011
id,1961,1010,1364,1010
id,1962,856,1233,856
id,1963,853,1170,853
id,1964,691,1176,691
id,1965,555,1053,555
id,1966,46,793,46
id,1967,45,960,45
id,1968,44,804,44
id,1969,2486,2054,2486
id,1970,763,1218,763
id,1971,2271,1908,2271
id,1972,2206,1882,2206
id,1973,2136,1849,2136
id,1974,2135,1851,2135
id,1975,2134,1852,2134
id,1976,2109,1837,2109
id,1977,1821,1664,1821
id,1978,1820,1689,1820
id,1979,1819,1665,1819
id,1980,1634,1584,1634
id,1981,1633,1551,1633
id,1982,1632,1555,1632
id,1983,855,1303,855
id,1984,445,1061,445
id,1985,1587,1611,1587
id,1986,2242,2072,2242
id,1987,1544,1694,1544
id,1988,1205,1482,1205
id,1989,369,991,369
id,1990,368,929,368
id,1991,2386,1923,2386
id,1992,92,867,92
id,1993,91,809,91
id,1994,90,768,90
id,1995,2366,2131,2366
id,1996,2365,2130,2365
id,1997,2270,2082,2270
id,1998,2228,2078,2228
id,1999,2151,2045,2151
id,2000,2150,2017,2150
id,2001,2122,2033,2122
id,2002,2121,2032,2121
id,2003,2115,2107,2115
id,2004,1450,1546,1450
id,2005,1357,1563,1357
id,2006,1225,1545,1225
id,2007,816,1216,816
id,2008,772,1196,772
id,2009,684,1175,684
id,2010,650,1094,650
id,2011,456,1014,456
id,2012,357,1029,357
id,2013,141,983,141
id,2014,140,931,140
id,2015,139,969,139
id,2016,138,979,138
id,2017,953,1312,953
id,2018,1983,1745,1983
id,2019,1631,1549,1631
id,2020,1344,1499,1344
id,2021,922,1229,922
id,2022,1410,1364,1410
id,2023,925,1234,925
id,2024,637,964,637
id,2025,2369,2105,2369
id,2026,2233,2062,2233
id,2027,2232,2062,2232
id,2028,2231,2042,2231
id,2029,2352,2073,2352
id,2030,2549,2146,2549
id,2031,2473,2218,2473
id,2032,2415,2159,2415
id,2033,2605,2112,2605
id,2034,2215,1919,2215
id,2035,2164,1944,2164
id,2036,2085,1907,2085
id,2037,2084,1884,2084
id,2038,2083,1900,2083
id,2039,2082,1875,2082
id,2040,2081,1884,2081
id,2041,2001,1834,2001
id,2042,2000,1864,2000
id,2043,1999,1864,1999
id,2044,1996,1831,1996
id,2045,1948,1859,1948
id,2046,1656,1669,1656
id,2047,1599,1672,1599
id,2048,1420,1567,1420
id,2049,1389,1626,1389
id,2051,1366,1594,1366
id,2052,1347,1592,1347
id,2053,1314,1545,1314
id,2054,1128,1425,1128
id,2055,1127,1415,1127
id,2056,1049,1323,1049
id,2057,934,1225,934
id,2058,923,1274,923
id,2059,874,1243,874
id,2060,739,1178,739
id,2061,698,1188,698
id,2062,660,1100,660
id,2063,651,1064,651
id,2064,584,1138,584
id,2065,532,1002,532
id,2066,526,1064,526
id,2067,394,971,394
id,2068,213,980,213
id,2069,55,886,55
id,2070,54,829,54
id,2071,1207,1439,1207
id,2072,1206,1444,1206
id,2073,2543,2015,2543
id,2074,2409,1957,2409
id,2075,1739,1630,1739
id,2076,1112,1378,1112
id,2077,329,949,329
id,2078,19,848,19
id,2079,18,867,18
id,2080,17,820,17
id,2081,16,820,16
id,2082,15,868,15
id,2083,14,895,14
id,2084,13,867,13
id,2085,12,838,12
id,2086,1242,1306,1242
id,2087,1241,1402,1241
id,2088,1240,1259,1240
id,2089,1239,1387,1239
id,2090,1238,1223,1238
id,2091,1554,1689,1554
id,2092,2568,1948,2568
id,2093,2551,1935,2551
id,2094,1710,1563,1710
id,2095,1709,1563,1709
id,2096,1229,1301,1229
id,2097,1164,1332,1164
id,2098,663,1144,663
id,2099,662,1038,662
id,2100,623,1250,623
id,2101,622,1238,622
id,2102,362,948,362
id,2103,361,960,361
id,2104,2575,2090,2575
id,2105,2555,2099,2555
id,2106,1736,1653,1736
id,2107,1196,1483,1196
id,2108,1063,1391,1063
id,2109,1017,1289,1017
id,2110,1009,1317,1009
id,2111,912,1294,912
id,2112,765,1177,765
id,2113,676,1187,676
id,2114,595,1066,595
id,2115,537,1115,537
id,2116,412,982,412
id,2117,105,907,105
id,2118,104,813,104
id,2119,103,900,103
id,2120,102,935,102
id,2121,101,837,101
id,2122,1433,1494,1433
id,2123,1432,1481,1432
id,2124,936,1231,936
id,2125,544,1003,544
id,2126,2640,2040,2640
id,2127,2448,1978,2448
id,2128,2447,1924,2447
id,2129,2601,1983,2601
id,2130,973,1218,973
id,2131,827,1141,827
id,2132,589,1023,589
id,2133,2155,1874,2155
id,2134,1982,1770,1982
id,2135,1939,1750,1939
id,2136,1082,1282,1082
id,2137,2119,1951,2119
id,2138,2118,1995,2118
id,2139,2117,1994,2117
id,2140,2116,1960,2116
id,2141,1916,1767,1916
id,2142,1915,1764,1915
id,2143,1914,1763,1914
id,2144,1810,1697,1810
id,2146,379,1090,379
id,2147,1200,1429,1200
id,2148,1199,1470,1199
id,2149,1198,1376,1198
id,2150,1197,1408,1197
id,2151,1945,1721,1945
id,2152,1079,1278,1079
id,2153,94,766,94
id,2154,1748,1719,1748
id,2155,1747,1706,1747
id,2156,1037,1357,1037
id,2157,2594,2201,2594
id,2158,2035,1843,2035
id,2159,2034,1808,2034
id,2160,1562,1538,1562
id,2161,1561,1650,1561
id,2162,1749,1713,1749
id,2163,2455,2146,2455
id,2164,963,1281,963
id,2165,2638,2107,2638
id,2166,1278,1358,1278
id,2167,1277,1371,1277
id,2168,1276,1364,1276
id,2169,1732,1823,1732
id,2170,2347,1942,2347
id,2171,1781,1664,1781
id,2172,1780,1666,1780
id,2173,1779,1661,1779
id,2174,2421,1910,2421
id,2175,2319,2078,2319
id,2176,2317,2069,2317
id,2177,2316,2048,2316
id,2178,1913,1804,1913
id,2179,1912,1790,1912
id,2180,2617,2128,2617
id,2181,2616,2113,2616
id,2182,2615,2146,2615
id,2183,2614,2146,2614
id,2184,1889,1784,1889
id,2185,1222,1319,1222
id,2186,122,804,122
id,2187,121,849,121
id,2188,2623,2073,2623
id,2189,2622,2070,2622
id,2190,2621,1943,2621
id,2191,1817,1690,1817
id,2193,951,1244,951
id,2194,950,1289,950
id,2195,949,1247,949
id,2196,948,1305,948
id,2197,2321,1881,2321
id,2198,1755,1607,1755
id,2199,1754,1609,1754
id,2200,1428,1520,1428
id,2201,529,971,529
id,2202,495,941,495
id,2203,494,964,494
id,2204,1856,1679,1856
id,2205,736,1149,736
id,2206,1027,1373,1027
id,2207,1026,1383,1026
id,2208,1938,1722,1938
id,2209,1937,1722,1937
id,2210,1936,1738,1936
id,2211,594,1018,594
id,2212,114,830,114
id,2213,113,783,113
id,2214,2445,2087,2445
id,2215,2444,2049,2444
id,2216,2203,1947,2203
id,2217,1510,1730,1510
id,2218,1509,1622,1509
id,2219,433,913,433
id,2220,641,1039,641
id,2221,2588,2072,2588
id,2222,2458,1998,2458
id,2223,2212,1950,2212
id,2224,2235,2040,2235
id,2225,1661,1653,1661
id,2226,1660,1586,1660
id,2227,1659,1710,1659
id,2228,1438,1642,1438
id,2229,1173,1453,1173
id,2230,560,1111,560
id,2231,519,1120,519
id,2232,518,1107,518
id,2233,505,1060,505
id,2234,482,1060,482
id,2235,451,1041,451
id,2236,2497,2203,2497
id,2237,2246,1995,2246
id,2238,1630,1588,1630
id,2239,1284,1311,1284
id,2240,1121,1235,1121
id,2241,1042,1363,1042
id,2242,1041,1214,1041
id,2243,1040,1201,1040
id,2244,861,1168,861
id,2245,642,1090,642
id,2246,2037,1857,2037
id,2247,1285,1400,1285
id,2248,1189,1287,1189
id,2249,1171,1263,1171
id,2250,1170,1356,1170
id,2251,1169,1293,1169
id,2252,2310,2045,2310
id,2253,2100,1983,2100
id,2254,1925,1781,1925
id,2255,1723,1772,1723
id,2256,1212,1399,1212
id,2257,1097,1473,1097
id,2258,1089,1387,1089
id,2259,1088,1407,1088
id,2260,974,1348,974
id,2261,98,835,98
id,2262,2372,1948,2372
id,2263,2367,1998,2367
id,2264,1704,1646,1704
id,2265,1703,1646,1703
id,2266,877,1286,877
id,2267,606,1105,606
id,2268,543,1017,543
id,2269,347,945,347
id,2270,346,942,346
id,2271,25,889,25
id,2272,2507,1929,2507
id,2273,2506,1961,2506
id,2274,829,1126,829
id,2275,582,999,582
id,2276,2190,1831,2190
id,2277,1951,1731,1951
id,2278,1950,1722,1950
id,2279,2565,1909,2565
id,2280,2564,1906,2564
id,2281,2563,1959,2563
id,2282,2562,1936,2562
id,2283,2561,1947,2561
id,2284,2560,1912,2560
id,2285,1932,1674,1932
id,2286,1853,1654,1853
id,2287,1315,1505,1315
id,2288,907,1282,907
id,2289,906,1266,906
id,2290,683,1048,683
id,2291,614,996,614
id,2292,466,974,466
id,2293,444,959,444
id,2294,345,888,345
id,2295,80,793,80
id,2296,79,790,79
id,2297,382,1010,382
id,2298,381,904,381
id,2299,1826,1727,1826
id,2300,1825,1804,1825
id,2301,1824,1737,1824
id,2302,1823,1730,1823
id,2303,1682,1650,1682
id,2304,1681,1663,1681
id,2305,1680,1726,1680
id,2306,1679,1643,1679
id,2307,2245,2109,2245
id,2308,2244,2108,2244
id,2309,1378,1447,1378
id,2310,1377,1446,1377
id,2311,1376,1446,1376
id,2312,2411,2122,2411
id,2313,1770,1830,1770
id,2314,1769,1830,1769
id,2315,1730,1605,1730
id,2316,1729,1620,1729
id,2317,1603,1700,1603
id,2318,1488,1582,1488
id,2319,1846,1716,1846
id,2320,1845,1758,1845
id,2321,1844,1744,1844
id,2322,1843,1720,1843
id,2323,1418,1564,1418
id,2324,1038,1212,1038
id,2325,1030,1179,1030
id,2326,1029,1183,1029
id,2327,908,1109,908
id,2328,619,971,619
id,2329,618,1085,618
id,2330,780,1104,780
id,2331,2450,2014,2450
id,2332,2223,1975,2223
id,2333,2222,1927,2222
id,2334,2221,1960,2221
id,2335,2439,1997,2439
id,2336,2356,1977,2356
id,2337,1069,1166,1069
id,2338,652,1066,652
id,2339,1542,1551,1542
id,2340,1312,1368,1312
id,2341,576,985,576
id,2342,575,1064,575
id,2343,1645,1564,1645
id,2344,1551,1539,1551
id,2345,1550,1575,1550
id,2346,2364,2195,2364
id,2347,2348,2074,2348
id,2348,2344,2072,2344
id,2349,2343,2049,2343
id,2350,2342,2072,2342
id,2351,2341,2076,2341
id,2352,2340,2062,2340
id,2353,2573,2049,2573
id,2354,2572,2053,2572
id,2355,2571,2049,2571
id,2356,2570,2048,2570
id,2357,1498,1519,1498
id,2358,1838,1700,1838
id,2359,1837,1695,1837
id,2360,1836,1694,1836
id,2361,1619,1693,1619
id,2362,1618,1568,1618
id,2363,1364,1365,1364
id,2364,971,1045,971
id,2365,740,1071,740
id,2366,430,905,430
id,2367,398,966,398
id,2368,366,929,366
id,2369,334,898,334
id,2370,162,851,162
id,2371,2253,1982,2253
id,2372,1318,1604,1318
id,2373,1195,1383,1195
id,2374,1194,1464,1194
id,2375,826,1254,826
id,2376,825,1270,825
id,2377,813,1249,813
id,2378,324,1055,324
id,2379,323,1048,323
id,2380,762,1270,762
id,2381,761,1246,761
id,2382,2149,2007,2149
id,2383,2148,1998,2148
id,2384,2147,2007,2147
id,2385,2146,2010,2146
id,2386,2047,1870,2047
id,2387,1470,1557,1470
id,2388,1469,1442,1469
id,2389,2627,2132,2627
id,2390,2626,2141,2626
id,2391,1676,1628,1676
id,2392,1468,1400,1468
id,2393,822,1247,822
id,2394,2417,2020,2417
id,2395,2306,2022,2306
id,2396,1697,1667,1697
id,2397,2194,1847,2194
id,2398,1514,1658,1514
id,2399,1513,1524,1513
id,2400,1512,1580,1512
id,2401,1511,1600,1511
id,2402,1345,1353,1345
id,2403,1316,1324,1316
id,2404,1045,1262,1045
id,2405,1035,1231,1035
id,2406,928,1175,928
id,2407,807,1083,807
id,2408,620,1028,620
id,2409,145,818,145
id,2410,84,789,84
style,1,american pale lager,belgian dark ale,american pale lager
style,2,american pale ale (apa),baltic porter,american pale ale (apa)
style,3,american ipa,american white ipa,american ipa
style,4,american double / imperial ipa,american strong ale,american double / imperial ipa
style,5,american ipa,american white ipa,american ipa
style,6,oatmeal stout,grisette,oatmeal stout
style,7,american pale ale (apa),baltic porter,american pale ale (apa)
style,8,american porter,belgian ipa,american porter
style,9,american pale ale (apa),baltic porter,american pale ale (apa)
style,10,american double / imperial ipa,american strong ale,american double / imperial ipa
style,11,saison / farmhouse ale,irish red ale,saison / farmhouse ale
style,12,saison / farmhouse ale,irish red ale,saison / farmhouse ale
style,13,saison / farmhouse ale,irish red ale,saison / farmhouse ale
style,14,belgian ipa,berliner weissbier,belgian ipa
style,15,american pale ale (apa),american wild ale,american pale ale (apa)
style,16,cider,dunkelweizen,cider
style,17,cider,dunkelweizen,cider
style,18,cider,dunkelweizen,cider
style,19,cider,dubbel,cider
style,20,baltic porter,berliner weissbier,baltic porter
style,21,tripel,grisette,tripel
style,22,american barleywine,american wild ale,american barleywine
style,23,winter warmer,gose,winter warmer
style,24,american stout,belgian strong pale ale,american stout
style,25,american pale ale (apa),belgian ipa,american pale ale (apa)
style,26,fruit / vegetable beer,english india pale ale (ipa),fruit / vegetable beer
style,27,fruit / vegetable beer,english india pale ale (ipa),fruit / vegetable beer
style,28,fruit / vegetable beer,english india pale ale (ipa),fruit / vegetable beer
style,29,american ipa,american wild ale,american ipa
style,30,american ipa,american wild ale,american ipa
style,31,american ipa,american wild ale,american ipa
style,32,english strong ale,czech pilsener,english strong ale
style,33,american double / imperial ipa,american stout,american double / imperial ipa
style,34,american pale ale (apa),belgian ipa,american pale ale (apa)
style,35,winter warmer,fruit / vegetable beer,winter warmer
style,36,american black ale,american stout,american black ale
style,37,belgian dark ale,bock,belgian dark ale
style,38,american ipa,baltic porter,american ipa
style,39,fruit / vegetable beer,english dark mild ale,fruit / vegetable beer
style,40,american ipa,american wild ale,american ipa
style,41,american blonde ale,american strong ale,american blonde ale
style,42,american amber / red ale,american porter,american amber / red ale
style,43,berliner weissbier,braggot,berliner weissbier
style,44,american blonde ale,american stout,american blonde ale
style,45,american brown ale,american stout,american brown ale
style,46,american amber / red ale,american pilsner,american amber / red ale
style,47,american black ale,american stout,american black ale
style,48,american ipa,american wild ale,american ipa
style,49,american ipa,american wild ale,american ipa
style,50,american pale wheat ale,belgian ipa,american pale wheat ale
style,51,american ipa,belgian strong dark ale,american ipa
style,52,american ipa,belgian strong dark ale,american ipa
style,53,belgian strong dark ale,cream ale,belgian strong dark ale
style,54,american ipa,belgian dark ale,american ipa
style,55,english strong ale,english stout,english strong ale
style,56,k?lsch,hefeweizen,k?lsch
style,57,belgian dark ale,doppelbock,belgian dark ale
style,58,american ipa,belgian dark ale,american ipa
style,59,english pale ale,english dark mild ale,english pale ale
style,60,english pale ale,english brown ale,english pale ale
style,61,american double / imperial ipa,belgian ipa,american double / imperial ipa
style,62,berliner weissbier,bock,berliner weissbier
style,63,american amber / red lager,american porter,american amber / red lager
style,64,american amber / red lager,american stout,american amber / red lager
style,65,american ipa,baltic porter,american ipa
style,66,fruit / vegetable beer,foreign / export stout,fruit / vegetable beer
style,67,american amber / red lager,american strong ale,american amber / red lager
style,68,american ipa,american white ipa,american ipa
style,69,american brown ale,belgian ipa,american brown ale
style,70,american double / imperial ipa,american strong ale,american double / imperial ipa
style,71,english barleywine,doppelbock,english barleywine
style,72,milk / sweet stout,hefeweizen,milk / sweet stout
style,73,american pale ale (apa),belgian strong pale ale,american pale ale (apa)
style,74,german pilsener,flanders oud bruin,german pilsener
style,75,pumpkin ale,irish red ale,pumpkin ale
style,76,belgian pale ale,cider,belgian pale ale
style,77,american pilsner,bière de garde,american pilsner
style,78,american double / imperial ipa,american strong ale,american double / imperial ipa
style,79,saison / farmhouse ale,k?lsch,saison / farmhouse ale
style,80,american wild ale,braggot,american wild ale
style,81,american ipa,american white ipa,american ipa
style,82,english brown ale,english pale ale,english brown ale
style,83,american stout,belgian ipa,american stout
style,84,american pale ale (apa),baltic porter,american pale ale (apa)
style,85,american pilsner,belgian ipa,american pilsner
style,86,american pilsner,belgian ipa,american pilsner
style,87,american pale ale (apa),baltic porter,american pale ale (apa)
style,88,american double / imperial ipa,american porter,american double / imperial ipa
style,89,american pale ale (apa),baltic porter,american pale ale (apa)
style,90,altbier,american pilsner,altbier
style,91,american pale ale (apa),baltic porter,american pale ale (apa)
style,92,k?lsch,extra special / strong bitter (esb),k?lsch
style,93,american ipa,belgian strong pale ale,american ipa
style,94,american pale ale (apa),american white ipa,american pale ale (apa)
style,95,american ipa,belgian strong dark ale,american ipa
style,96,american ipa,belgian strong dark ale,american ipa
style,97,american ipa,american wild ale,american ipa
style,98,american ipa,american wild ale,american ipa
style,99,american pale wheat ale,belgian ipa,american pale wheat ale
style,100,american amber / red lager,american stout,american amber / red lager
style,101,california common / steam beer,chile beer,california common / steam beer
style,102,gose,flanders red ale,gose
style,103,american pale ale (apa),bière de garde,american pale ale (apa)
style,104,gose,flanders oud bruin,gose
style,105,pumpkin ale,herbed / spiced beer,pumpkin ale
style,106,oatmeal stout,k?lsch,oatmeal stout
style,107,cream ale,english pale ale,cream ale
style,108,american ipa,american pale ale (apa),american ipa
style,109,american amber / red ale,belgian strong dark ale,american amber / red ale
style,110,oatmeal stout,k?lsch,oatmeal stout
style,111,vienna lager,low alcohol beer,vienna lager
style,112,american amber / red ale,american stout,american amber / red ale
style,113,cream ale,english india pale ale (ipa),cream ale
style,114,oatmeal stout,irish dry stout,oatmeal stout
style,115,winter warmer,maibock / helles bock,winter warmer
style,116,american ipa,american pale wheat ale,american ipa
style,117,american amber / red ale,american stout,american amber / red ale
style,118,cream ale,dortmunder / export lager,cream ale
style,119,american pale ale (apa),american white ipa,american pale ale (apa)
style,120,american ipa,belgian pale ale,american ipa
style,121,american pale ale (apa),baltic porter,american pale ale (apa)
style,122,oatmeal stout,flanders red ale,oatmeal stout
style,123,cider,dunkelweizen,cider
style,124,cider,dunkelweizen,cider
style,125,cider,dubbel,cider
style,126,belgian pale ale,berliner weissbier,belgian pale ale
style,127,witbier,irish red ale,witbier
style,128,american stout,belgian pale ale,american stout
style,129,american ipa,belgian dark ale,american ipa
style,130,american blonde ale,berliner weissbier,american blonde ale
style,131,american porter,cider,american porter
style,132,american pale ale (apa),belgian dark ale,american pale ale (apa)
style,133,american pale wheat ale,belgian strong dark ale,american pale wheat ale
style,134,american pale ale (apa),baltic porter,american pale ale (apa)
style,135,american double / imperial stout,american wild ale,american double / imperial stout
style,136,saison / farmhouse ale,keller bier / zwickel bier,saison / farmhouse ale
style,137,gose,english stout,gose
style,138,american ipa,belgian strong pale ale,american ipa
style,139,k?lsch,german pilsener,k?lsch
style,140,american porter,belgian strong pale ale,american porter
style,141,american ipa,american strong ale,american ipa
style,142,k?lsch,foreign / export stout,k?lsch
style,143,american ipa,berliner weissbier,american ipa
style,144,american amber / red ale,belgian dark ale,american amber / red ale
style,145,american blonde ale,american strong ale,american blonde ale
style,146,american ipa,american porter,american ipa
style,147,american stout,belgian strong dark ale,american stout
style,148,american double / imperial ipa,american malt liquor,american double / imperial ipa
style,149,american porter,belgian strong dark ale,american porter
style,150,american amber / red ale,american porter,american amber / red ale
style,151,american double / imperial ipa,american porter,american double / imperial ipa
style,152,american porter,cider,american porter
style,153,fruit / vegetable beer,flanders oud bruin,fruit / vegetable beer
style,154,american blonde ale,american white ipa,american blonde ale
style,155,american ipa,american wild ale,american ipa
style,156,munich helles lager,herbed / spiced beer,munich helles lager
style,157,american black ale,belgian ipa,american black ale
style,158,american ipa,american wild ale,american ipa
style,159,american pale ale (apa),baltic porter,american pale ale (apa)
style,160,german pilsener,english strong ale,german pilsener
style,161,schwarzbier,hefeweizen,schwarzbier
style,162,american double / imperial ipa,belgian strong dark ale,american double / imperial ipa
style,163,saison / farmhouse ale,kristalweizen,saison / farmhouse ale
style,164,german pilsener,english stout,german pilsener
style,165,witbier,low alcohol beer,witbier
style,166,american ipa,american porter,american ipa
style,167,american brown ale,american white ipa,american brown ale
style,168,pumpkin ale,k?lsch,pumpkin ale
style,169,m?rzen / oktoberfest,grisette,m?rzen / oktoberfest
style,170,american pale wheat ale,belgian pale ale,american pale wheat ale
style,171,american ipa,baltic porter,american ipa
style,172,tripel,m?rzen / oktoberfest,tripel
style,173,american amber / red ale,american porter,american amber / red ale
style,174,american double / imperial ipa,belgian strong dark ale,american double / imperial ipa
style,175,american porter,braggot,american porter
style,176,american blonde ale,american stout,american blonde ale
style,177,american ipa,american wild ale,american ipa
style,178,american amber / red ale,american pilsner,american amber / red ale
style,180,american pale ale (apa),baltic porter,american pale ale (apa)
style,181,american ipa,american wild ale,american ipa
style,182,american pale ale (apa),belgian dark ale,american pale ale (apa)
style,183,american ipa,american wild ale,american ipa
style,184,american ipa,american wild ale,american ipa
style,185,k?lsch,euro dark lager,k?lsch
style,186,american ipa,belgian ipa,american ipa
style,187,munich helles lager,euro pale lager,munich helles lager
style,188,american ipa,american wild ale,american ipa
style,189,extra special / strong bitter (esb),dunkelweizen,extra special / strong bitter (esb)
style,190,rye beer,grisette,rye beer
style,191,american amber / red ale,american stout,american amber / red ale
style,192,american ipa,belgian ipa,american ipa
style,193,american ipa,belgian pale ale,american ipa
style,194,american blonde ale,american white ipa,american blonde ale
style,195,american pilsner,belgian ipa,american pilsner
style,196,american ipa,belgian ipa,american ipa
style,197,american pale lager,belgian pale ale,american pale lager
style,198,witbier,light lager,witbier
style,199,euro dark lager,english brown ale,euro dark lager
style,201,american ipa,belgian dark ale,american ipa
style,202,schwarzbier,k?lsch,schwarzbier
style,203,german pilsener,english pale mild ale,german pilsener
style,204,california common / steam beer,cream ale,california common / steam beer
style,205,hefeweizen,euro pale lager,hefeweizen
style,206,american pale wheat ale,belgian ipa,american pale wheat ale
style,207,foreign / export stout,english india pale ale (ipa),foreign / export stout
style,208,rye beer,gose,rye beer
style,209,american pale wheat ale,belgian ipa,american pale wheat ale
style,210,american amber / red ale,american porter,american amber / red ale
style,211,american pale ale (apa),belgian ipa,american pale ale (apa)
style,212,american ipa,american white ipa,american ipa
style,213,american double / imperial ipa,american stout,american double / imperial ipa
style,214,fruit / vegetable beer,flanders oud bruin,fruit / vegetable beer
style,215,american pale ale (apa),baltic porter,american pale ale (apa)
style,216,american ipa,american wild ale,american ipa
style,217,other,irish red ale,other
style,218,american pale wheat ale,belgian dark ale,american pale wheat ale
style,219,rye beer,irish red ale,rye beer
style,220,witbier,light lager,witbier
style,221,american pale wheat ale,bière de garde,american pale wheat ale
style,222,american ipa,belgian strong dark ale,american ipa
style,223,american brown ale,belgian dark ale,american brown ale
style,224,english india pale ale (ipa),dunkelweizen,english india pale ale (ipa)
style,225,american double / imperial ipa,american strong ale,american double / imperial ipa
style,226,american blonde ale,american stout,american blonde ale
style,227,american black ale,baltic porter,american black ale
style,228,american ipa,american wild ale,american ipa
style,229,extra special / strong bitter (esb),euro dark lager,extra special / strong bitter (esb)
style,230,american ipa,belgian ipa,american ipa
style,231,american black ale,american stout,american black ale
style,232,german pilsener,euro pale lager,german pilsener
style,233,english india pale ale (ipa),dubbel,english india pale ale (ipa)
style,234,american pale ale (apa),belgian ipa,american pale ale (apa)
style,235,american ipa,american wild ale,american ipa
style,236,czech pilsener,english barleywine,czech pilsener
style,237,american porter,belgian pale ale,american porter
style,238,hefeweizen,flanders oud bruin,hefeweizen
style,239,american blonde ale,american stout,american blonde ale
style,240,american strong ale,czech pilsener,american strong ale
style,241,american double / imperial ipa,american stout,american double / imperial ipa
style,242,california common / steam beer,dubbel,california common / steam beer
style,243,american amber / red ale,american india pale lager,american amber / red ale
style,244,american ipa,baltic porter,american ipa
style,245,american stout,belgian strong dark ale,american stout
style,246,saison / farmhouse ale,foreign / export stout,saison / farmhouse ale
style,247,american stout,belgian strong pale ale,american stout
style,248,american ipa,belgian ipa,american ipa
style,249,fruit / vegetable beer,english pale mild ale,fruit / vegetable beer
style,250,american ipa,american wild ale,american ipa
style,251,czech pilsener,dunkelweizen,czech pilsener
style,252,american ipa,baltic porter,american ipa
style,253,american ipa,belgian ipa,american ipa
style,254,english pale ale,english bitter,english pale ale
style,255,american pale wheat ale,belgian ipa,american pale wheat ale
style,256,american brown ale,american strong ale,american brown ale
style,257,english strong ale,dunkelweizen,english strong ale
style,258,american brown ale,american white ipa,american brown ale
style,259,american pale wheat ale,belgian pale ale,american pale wheat ale
style,260,american ipa,american wild ale,american ipa
style,261,american blonde ale,american strong ale,american blonde ale
style,262,english pale ale,dortmunder / export lager,english pale ale
style,263,american pale wheat ale,belgian pale ale,american pale wheat ale
style,264,american brown ale,american wild ale,american brown ale
style,265,american ipa,baltic porter,american ipa
style,266,american amber / red ale,american pilsner,american amber / red ale
style,267,american pale ale (apa),belgian pale ale,american pale ale (apa)
style,268,rye beer,english pale mild ale,rye beer
style,269,american double / imperial ipa,american white ipa,american double / imperial ipa
style,270,oatmeal stout,euro pale lager,oatmeal stout
style,271,american ipa,belgian dark ale,american ipa
style,272,american pale ale (apa),berliner weissbier,american pale ale (apa)
style,273,american brown ale,american stout,american brown ale
style,274,american pale ale (apa),belgian dark ale,american pale ale (apa)
style,275,american blonde ale,american stout,american blonde ale
style,276,rye beer,gose,rye beer
style,277,american blonde ale,american wild ale,american blonde ale
style,278,american ipa,belgian dark ale,american ipa
style,279,hefeweizen,english strong ale,hefeweizen
style,280,american pale ale (apa),belgian ipa,american pale ale (apa)
style,281,american strong ale,belgian strong pale ale,american strong ale
style,282,american porter,belgian ipa,american porter
style,283,saison / farmhouse ale,kristalweizen,saison / farmhouse ale
style,284,american amber / red ale,american pilsner,american amber / red ale
style,285,american brown ale,american stout,american brown ale
style,286,american amber / red ale,american pilsner,american amber / red ale
style,287,rye beer,herbed / spiced beer,rye beer
style,288,american ipa,american white ipa,american ipa
style,289,foreign / export stout,english strong ale,foreign / export stout
style,290,american pale wheat ale,belgian dark ale,american pale wheat ale
style,291,american brown ale,american strong ale,american brown ale
style,292,american ipa,american wild ale,american ipa
style,294,american pale wheat ale,belgian ipa,american pale wheat ale
style,295,american pilsner,belgian ipa,american pilsner
style,296,american brown ale,american strong ale,american brown ale
style,297,american amber / red ale,american pilsner,american amber / red ale
style,298,american double / imperial ipa,american white ipa,american double / imperial ipa
style,299,german pilsener,english pale mild ale,german pilsener
style,300,american double / imperial ipa,american white ipa,american double / imperial ipa
style,301,american stout,belgian strong dark ale,american stout
style,302,saison / farmhouse ale,grisette,saison / farmhouse ale
style,303,american pale ale (apa),belgian dark ale,american pale ale (apa)
style,304,extra special / strong bitter (esb),english india pale ale (ipa),extra special / strong bitter (esb)
style,305,extra special / strong bitter (esb),english india pale ale (ipa),extra special / strong bitter (esb)
style,306,extra special / strong bitter (esb),english dark mild ale,extra special / strong bitter (esb)
style,307,american pale ale (apa),belgian ipa,american pale ale (apa)
style,308,mead,fruit / vegetable beer,mead
style,309,mead,fruit / vegetable beer,mead
style,310,american double / imperial ipa,american white ipa,american double / imperial ipa
style,311,american pale ale (apa),belgian strong pale ale,american pale ale (apa)
style,312,extra special / strong bitter (esb),euro pale lager,extra special / strong bitter (esb)
style,313,euro pale lager,extra special / strong bitter (esb),euro pale lager
style,314,american pale ale (apa),belgian pale ale,american pale ale (apa)
style,315,k?lsch,gose,k?lsch
style,316,american stout,california common / steam beer,american stout
style,317,american pale wheat ale,braggot,american pale wheat ale
style,318,american amber / red ale,belgian dark ale,american amber / red ale
style,319,american pale ale (apa),bock,american pale ale (apa)
style,320,american black ale,american wild ale,american black ale
style,321,american white ipa,belgian strong pale ale,american white ipa
style,322,american blonde ale,american white ipa,american blonde ale
style,323,vienna lager,herbed / spiced beer,vienna lager
style,324,dortmunder / export lager,doppelbock,dortmunder / export lager
style,325,altbier,american pale wheat ale,altbier
style,326,schwarzbier,foreign / export stout,schwarzbier
style,327,czech pilsener,chile beer,czech pilsener
style,328,vienna lager,fruit / vegetable beer,vienna lager
style,329,american ipa,american wild ale,american ipa
style,330,cream ale,doppelbock,cream ale
style,331,american brown ale,american stout,american brown ale
style,332,american ipa,belgian strong pale ale,american ipa
style,333,irish dry stout,euro dark lager,irish dry stout
style,334,munich helles lager,euro pale lager,munich helles lager
style,335,munich helles lager,flanders red ale,munich helles lager
style,336,american ipa,belgian dark ale,american ipa
style,337,scotch ale / wee heavy,low alcohol beer,scotch ale / wee heavy
style,338,czech pilsener,english brown ale,czech pilsener
style,339,m?rzen / oktoberfest,grisette,m?rzen / oktoberfest
style,340,english india pale ale (ipa),dortmunder / export lager,english india pale ale (ipa)
style,341,american blonde ale,american stout,american blonde ale
style,342,american ipa,belgian strong dark ale,american ipa
style,343,american blonde ale,american stout,american blonde ale
style,344,american blonde ale,american stout,american blonde ale
style,345,extra special / strong bitter (esb),english stout,extra special / strong bitter (esb)
style,346,munich dunkel lager,german pilsener,munich dunkel lager
style,347,american pale ale (apa),baltic porter,american pale ale (apa)
style,348,winter warmer,keller bier / zwickel bier,winter warmer
style,349,american porter,belgian strong pale ale,american porter
style,350,american pale ale (apa),baltic porter,american pale ale (apa)
style,351,american brown ale,american stout,american brown ale
style,352,czech pilsener,dortmunder / export lager,czech pilsener
style,353,american blonde ale,american wild ale,american blonde ale
style,354,american ipa,american strong ale,american ipa
style,355,american porter,chile beer,american porter
style,356,radler,m?rzen / oktoberfest,radler
style,357,american ipa,belgian strong pale ale,american ipa
style,358,witbier,m?rzen / oktoberfest,witbier
style,359,bock,dortmunder / export lager,bock
style,360,vienna lager,m?rzen / oktoberfest,vienna lager
style,361,vienna lager,m?rzen / oktoberfest,vienna lager
style,362,m?rzen / oktoberfest,irish dry stout,m?rzen / oktoberfest
style,363,american pale wheat ale,berliner weissbier,american pale wheat ale
style,364,vienna lager,m?rzen / oktoberfest,vienna lager
style,365,american pale ale (apa),bock,american pale ale (apa)
style,366,american pale ale (apa),american white ipa,american pale ale (apa)
style,367,american pale ale (apa),american strong ale,american pale ale (apa)
style,368,american ipa,american wild ale,american ipa
style,369,american pale ale (apa),american white ipa,american pale ale (apa)
style,370,american ipa,american wild ale,american ipa
style,371,english dark mild ale,dortmunder / export lager,english dark mild ale
style,372,american porter,bock,american porter
style,373,american porter,bière de garde,american porter
style,374,american ipa,american stout,american ipa
style,375,hefeweizen,fruit / vegetable beer,hefeweizen
style,376,american amber / red ale,american porter,american amber / red ale
style,377,american amber / red ale,american pilsner,american amber / red ale
style,378,k?lsch,euro dark lager,k?lsch
style,379,american pale wheat ale,chile beer,american pale wheat ale
style,380,american pale wheat ale,belgian pale ale,american pale wheat ale
style,381,american ipa,american porter,american ipa
style,382,american amber / red ale,american strong ale,american amber / red ale
style,383,fruit / vegetable beer,english brown ale,fruit / vegetable beer
style,384,american ipa,belgian ipa,american ipa
style,385,irish red ale,english strong ale,irish red ale
style,386,american pale wheat ale,belgian strong dark ale,american pale wheat ale
style,387,american pale ale (apa),baltic porter,american pale ale (apa)
style,388,american amber / red ale,american pilsner,american amber / red ale
style,389,saison / farmhouse ale,keller bier / zwickel bier,saison / farmhouse ale
style,390,belgian pale ale,chile beer,belgian pale ale
style,391,american double / imperial stout,belgian ipa,american double / imperial stout
style,392,american ipa,belgian pale ale,american ipa
style,393,rauchbier,irish red ale,rauchbier
style,394,bière de garde,cream ale,bière de garde
style,395,belgian ipa,california common / steam beer,belgian ipa
style,396,doppelbock,english bitter,doppelbock
style,397,saison / farmhouse ale,keller bier / zwickel bier,saison / farmhouse ale
style,398,witbier,m?rzen / oktoberfest,witbier
style,399,belgian ipa,california common / steam beer,belgian ipa
style,400,saison / farmhouse ale,keller bier / zwickel bier,saison / farmhouse ale
style,401,belgian ipa,california common / steam beer,belgian ipa
style,402,saison / farmhouse ale,keller bier / zwickel bier,saison / farmhouse ale
style,403,rye beer,k?lsch,rye beer
style,404,dunkelweizen,english brown ale,dunkelweizen
style,405,belgian strong pale ale,cider,belgian strong pale ale
style,406,dubbel,english brown ale,dubbel
style,407,belgian dark ale,california common / steam beer,belgian dark ale
style,408,belgian dark ale,california common / steam beer,belgian dark ale
style,409,belgian pale ale,chile beer,belgian pale ale
style,410,witbier,low alcohol beer,witbier
style,411,oatmeal stout,hefeweizen,oatmeal stout
style,412,american porter,berliner weissbier,american porter
style,413,quadrupel (quad),irish dry stout,quadrupel (quad)
style,414,rauchbier,irish dry stout,rauchbier
style,415,belgian ipa,california common / steam beer,belgian ipa
style,416,belgian dark ale,braggot,belgian dark ale
style,417,belgian ipa,california common / steam beer,belgian ipa
style,418,rye beer,irish red ale,rye beer
style,419,american stout,berliner weissbier,american stout
style,420,fruit / vegetable beer,euro pale lager,fruit / vegetable beer
style,421,belgian dark ale,bock,belgian dark ale
style,422,belgian dark ale,bock,belgian dark ale
style,423,belgian pale ale,braggot,belgian pale ale
style,424,bière de garde,chile beer,bière de garde
style,425,belgian dark ale,bock,belgian dark ale
style,426,witbier,light lager,witbier
style,427,american stout,berliner weissbier,american stout
style,428,belgian ipa,braggot,belgian ipa
style,429,american wild ale,bock,american wild ale
style,430,fruit / vegetable beer,euro dark lager,fruit / vegetable beer
style,431,american double / imperial ipa,belgian ipa,american double / imperial ipa
style,432,bière de garde,cream ale,bière de garde
style,433,american black ale,baltic porter,american black ale
style,434,saison / farmhouse ale,irish dry stout,saison / farmhouse ale
style,435,tripel,k?lsch,tripel
style,436,belgian dark ale,california common / steam beer,belgian dark ale
style,437,american amber / red ale,american wild ale,american amber / red ale
style,438,quadrupel (quad),grisette,quadrupel (quad)
style,439,american double / imperial stout,belgian strong dark ale,american double / imperial stout
style,440,american wild ale,california common / steam beer,american wild ale
style,441,bière de garde,czech pilsener,bière de garde
style,442,russian imperial stout,hefeweizen,russian imperial stout
style,443,american amber / red ale,american strong ale,american amber / red ale
style,444,saison / farmhouse ale,hefeweizen,saison / farmhouse ale
style,445,tripel,irish dry stout,tripel
style,446,belgian ipa,cider,belgian ipa
style,447,belgian strong dark ale,cream ale,belgian strong dark ale
style,448,saison / farmhouse ale,grisette,saison / farmhouse ale
style,449,belgian pale ale,cream ale,belgian pale ale
style,450,belgian ipa,cream ale,belgian ipa
style,451,american pale ale (apa),belgian ipa,american pale ale (apa)
style,452,american pale wheat ale,belgian pale ale,american pale wheat ale
style,453,american amber / red ale,american wild ale,american amber / red ale
style,454,american amber / red ale,belgian strong dark ale,american amber / red ale
style,455,american pale ale (apa),chile beer,american pale ale (apa)
style,456,cream ale,english barleywine,cream ale
style,457,american ipa,american pilsner,american ipa
style,458,english india pale ale (ipa),english pale ale,english india pale ale (ipa)
style,459,english pale mild ale,english india pale ale (ipa),english pale mild ale
style,460,english india pale ale (ipa),english brown ale,english india pale ale (ipa)
style,461,english pale mild ale,english dark mild ale,english pale mild ale
style,462,american amber / red lager,american white ipa,american amber / red lager
style,463,american amber / red lager,american strong ale,american amber / red lager
style,464,belgian ipa,california common / steam beer,belgian ipa
style,465,maibock / helles bock,english stout,maibock / helles bock
style,466,american black ale,american strong ale,american black ale
style,467,schwarzbier,flanders oud bruin,schwarzbier
style,468,american amber / red ale,american wild ale,american amber / red ale
style,469,herbed / spiced beer,english dark mild ale,herbed / spiced beer
style,470,schwarzbier,flanders oud bruin,schwarzbier
style,471,munich helles lager,grisette,munich helles lager
style,472,american pale ale (apa),american wild ale,american pale ale (apa)
style,473,american blonde ale,american stout,american blonde ale
style,474,witbier,m?rzen / oktoberfest,witbier
style,475,american double / imperial ipa,american pilsner,american double / imperial ipa
style,476,american brown ale,belgian dark ale,american brown ale
style,477,american black ale,baltic porter,american black ale
style,478,fruit / vegetable beer,euro dark lager,fruit / vegetable beer
style,479,american pale ale (apa),baltic porter,american pale ale (apa)
style,480,american double / imperial ipa,american pale wheat ale,american double / imperial ipa
style,481,cream ale,doppelbock,cream ale
style,482,american pale wheat ale,berliner weissbier,american pale wheat ale
style,483,american pale wheat ale,bière de garde,american pale wheat ale
style,484,american ipa,american white ipa,american ipa
style,485,american ipa,belgian dark ale,american ipa
style,486,american pale ale (apa),berliner weissbier,american pale ale (apa)
style,487,american pale lager,belgian dark ale,american pale lager
style,488,american pale ale (apa),american white ipa,american pale ale (apa)
style,489,hefeweizen,english pale mild ale,hefeweizen
style,490,american ipa,belgian dark ale,american ipa
style,491,milk / sweet stout,extra special / strong bitter (esb),milk / sweet stout
style,492,american pale ale (apa),belgian ipa,american pale ale (apa)
style,493,american double / imperial stout,belgian strong dark ale,american double / imperial stout
style,494,american brown ale,belgian pale ale,american brown ale
style,495,american pale ale (apa),bière de garde,american pale ale (apa)
style,496,k?lsch,fruit / vegetable beer,k?lsch
style,497,american ipa,belgian strong pale ale,american ipa
style,498,american double / imperial ipa,belgian strong dark ale,american double / imperial ipa
style,499,american porter,belgian ipa,american porter
style,500,american blonde ale,belgian dark ale,american blonde ale
style,501,american amber / red ale,american wild ale,american amber / red ale
style,502,american ipa,american strong ale,american ipa
style,503,american amber / red ale,american wild ale,american amber / red ale
style,504,american blonde ale,belgian strong dark ale,american blonde ale
style,505,american ipa,american white ipa,american ipa
style,506,american porter,california common / steam beer,american porter
style,507,american pale ale (apa),baltic porter,american pale ale (apa)
style,508,american adjunct lager,american strong ale,american adjunct lager
style,509,american amber / red ale,american stout,american amber / red ale
style,510,american ipa,american porter,american ipa
style,511,american ipa,american porter,american ipa
style,512,american pale ale (apa),belgian ipa,american pale ale (apa)
style,513,american pale ale (apa),american wild ale,american pale ale (apa)
style,514,american pale ale (apa),belgian ipa,american pale ale (apa)
style,515,american pale ale (apa),belgian ipa,american pale ale (apa)
style,516,american pale ale (apa),belgian pale ale,american pale ale (apa)
style,517,american amber / red ale,baltic porter,american amber / red ale
style,518,american ipa,american stout,american ipa
style,519,american pilsner,bock,american pilsner
style,520,american ipa,belgian strong pale ale,american ipa
style,521,witbier,kristalweizen,witbier
style,522,american amber / red ale,american porter,american amber / red ale
style,523,american blonde ale,american strong ale,american blonde ale
style,525,pumpkin ale,herbed / spiced beer,pumpkin ale
style,526,american double / imperial ipa,american porter,american double / imperial ipa
style,527,american ipa,belgian dark ale,american ipa
style,528,german pilsener,extra special / strong bitter (esb),german pilsener
style,529,american amber / red ale,american pilsner,american amber / red ale
style,530,american amber / red ale,american wild ale,american amber / red ale
style,531,american blonde ale,belgian strong dark ale,american blonde ale
style,532,american black ale,american porter,american black ale
style,533,vienna lager,keller bier / zwickel bier,vienna lager
style,534,munich helles lager,grisette,munich helles lager
style,535,american ipa,american porter,american ipa
style,536,munich helles lager,gose,munich helles lager
style,537,american ipa,belgian dark ale,american ipa
style,538,vienna lager,gose,vienna lager
style,539,american pale wheat ale,belgian pale ale,american pale wheat ale
style,540,vienna lager,foreign / export stout,vienna lager
style,541,american pale ale (apa),belgian pale ale,american pale ale (apa)
style,542,american pale lager,belgian pale ale,american pale lager
style,543,american blonde ale,american strong ale,american blonde ale
style,544,american blonde ale,american strong ale,american blonde ale
style,545,american blonde ale,american strong ale,american blonde ale
style,546,winter warmer,low alcohol beer,winter warmer
style,547,english india pale ale (ipa),doppelbock,english india pale ale (ipa)
style,548,k?lsch,english pale ale,k?lsch
style,549,american black ale,american strong ale,american black ale
style,550,berliner weissbier,english bitter,berliner weissbier
style,551,american double / imperial ipa,baltic porter,american double / imperial ipa
style,552,american ipa,belgian dark ale,american ipa
style,553,cider,cream ale,cider
style,554,cider,cream ale,cider
style,556,american ipa,american wild ale,american ipa
style,557,witbier,k?lsch,witbier
style,558,winter warmer,irish red ale,winter warmer
style,559,witbier,hefeweizen,witbier
style,560,american ipa,baltic porter,american ipa
style,561,cream ale,chile beer,cream ale
style,562,witbier,low alcohol beer,witbier
style,563,scottish ale,keller bier / zwickel bier,scottish ale
style,564,american brown ale,american stout,american brown ale
style,565,american porter,belgian ipa,american porter
style,566,american double / imperial ipa,american pilsner,american double / imperial ipa
style,567,nan,bière de garde,nan
style,568,american ipa,american strong ale,american ipa
style,569,smoked beer,grisette,smoked beer
style,570,american pale ale (apa),american wild ale,american pale ale (apa)
style,571,cream ale,doppelbock,cream ale
style,572,american blonde ale,american stout,american blonde ale
style,573,american amber / red ale,american pilsner,american amber / red ale
style,574,altbier,belgian dark ale,altbier
style,575,american amber / red lager,american strong ale,american amber / red lager
style,576,altbier,american pale wheat ale,altbier
style,577,american pale ale (apa),belgian dark ale,american pale ale (apa)
style,578,herbed / spiced beer,euro pale lager,herbed / spiced beer
style,579,american ipa,american white ipa,american ipa
style,580,american double / imperial ipa,american strong ale,american double / imperial ipa
style,581,american black ale,american stout,american black ale
style,582,rye beer,irish red ale,rye beer
style,583,american stout,bock,american stout
style,584,k?lsch,german pilsener,k?lsch
style,585,american ipa,belgian dark ale,american ipa
style,586,k?lsch,gose,k?lsch
style,587,fruit / vegetable beer,grisette,fruit / vegetable beer
style,588,american pale ale (apa),california common / steam beer,american pale ale (apa)
style,589,english brown ale,english stout,english brown ale
style,590,american strong ale,belgian strong pale ale,american strong ale
style,591,m?rzen / oktoberfest,grisette,m?rzen / oktoberfest
style,592,american ipa,belgian ipa,american ipa
style,593,fruit / vegetable beer,gose,fruit / vegetable beer
style,594,altbier,american wild ale,altbier
style,595,american double / imperial ipa,american pale lager,american double / imperial ipa
style,596,american pilsner,belgian strong dark ale,american pilsner
style,597,cider,chile beer,cider
style,598,cider,chile beer,cider
style,599,bock,chile beer,bock
style,600,american ipa,baltic porter,american ipa
style,601,american black ale,american strong ale,american black ale
style,602,american brown ale,belgian dark ale,american brown ale
style,603,m?rzen / oktoberfest,euro dark lager,m?rzen / oktoberfest
style,604,american porter,bière de garde,american porter
style,605,american ipa,belgian strong dark ale,american ipa
style,606,american ipa,belgian ipa,american ipa
style,607,american ipa,belgian ipa,american ipa
style,608,american pale ale (apa),belgian strong pale ale,american pale ale (apa)
style,609,american ipa,belgian ipa,american ipa
style,610,american ipa,belgian ipa,american ipa
style,611,american ipa,belgian ipa,american ipa
style,612,american pale ale (apa),belgian ipa,american pale ale (apa)
style,613,american pale wheat ale,belgian strong pale ale,american pale wheat ale
style,614,american ipa,belgian dark ale,american ipa
style,615,american ipa,belgian dark ale,american ipa
style,616,american porter,berliner weissbier,american porter
style,617,american pale ale (apa),belgian ipa,american pale ale (apa)
style,618,english brown ale,dortmunder / export lager,english brown ale
style,619,american brown ale,american wild ale,american brown ale
style,620,munich helles lager,english strong ale,munich helles lager
style,621,american amber / red ale,american strong ale,american amber / red ale
style,622,american ipa,belgian ipa,american ipa
style,623,witbier,irish dry stout,witbier
style,624,light lager,flanders oud bruin,light lager
style,625,pumpkin ale,fruit / vegetable beer,pumpkin ale
style,626,witbier,irish dry stout,witbier
style,627,munich helles lager,extra special / strong bitter (esb),munich helles lager
style,628,american ipa,baltic porter,american ipa
style,629,light lager,english stout,light lager
style,630,english pale ale,doppelbock,english pale ale
style,631,american ipa,belgian ipa,american ipa
style,632,american black ale,american stout,american black ale
style,633,american pale wheat ale,bock,american pale wheat ale
style,634,american blonde ale,american white ipa,american blonde ale
style,635,american brown ale,baltic porter,american brown ale
style,636,k?lsch,fruit / vegetable beer,k?lsch
style,637,american ipa,american white ipa,american ipa
style,638,american amber / red ale,american stout,american amber / red ale
style,639,american amber / red ale,american strong ale,american amber / red ale
style,640,fruit / vegetable beer,euro dark lager,fruit / vegetable beer
style,641,american ipa,belgian pale ale,american ipa
style,642,german pilsener,flanders oud bruin,german pilsener
style,643,american blonde ale,belgian pale ale,american blonde ale
style,644,american pilsner,bière de garde,american pilsner
style,645,american amber / red ale,american stout,american amber / red ale
style,646,oatmeal stout,extra special / strong bitter (esb),oatmeal stout
style,647,extra special / strong bitter (esb),english barleywine,extra special / strong bitter (esb)
style,648,american pale lager,belgian ipa,american pale lager
style,649,k?lsch,euro pale lager,k?lsch
style,650,american blonde ale,american strong ale,american blonde ale
style,651,oatmeal stout,gose,oatmeal stout
style,652,american black ale,american pale lager,american black ale
style,653,american pale ale (apa),belgian strong pale ale,american pale ale (apa)
style,654,belgian strong pale ale,doppelbock,belgian strong pale ale
style,655,american stout,belgian pale ale,american stout
style,656,american amber / red ale,american pale wheat ale,american amber / red ale
style,657,american amber / red ale,american pale wheat ale,american amber / red ale
style,658,witbier,m?rzen / oktoberfest,witbier
style,659,american pale ale (apa),baltic porter,american pale ale (apa)
style,660,american amber / red ale,american porter,american amber / red ale
style,661,american ipa,belgian pale ale,american ipa
style,662,berliner weissbier,dortmunder / export lager,berliner weissbier
style,663,american blonde ale,belgian pale ale,american blonde ale
style,664,american porter,belgian pale ale,american porter
style,665,american pale ale (apa),belgian dark ale,american pale ale (apa)
style,666,american amber / red ale,american pilsner,american amber / red ale
style,667,herbed / spiced beer,english pale ale,herbed / spiced beer
style,668,american brown ale,american strong ale,american brown ale
style,669,american blonde ale,american strong ale,american blonde ale
style,670,cream ale,braggot,cream ale
style,671,american porter,belgian strong dark ale,american porter
style,672,american ipa,belgian dark ale,american ipa
style,673,american amber / red ale,american stout,american amber / red ale
style,674,k?lsch,fruit / vegetable beer,k?lsch
style,675,american blonde ale,belgian pale ale,american blonde ale
style,676,witbier,m?rzen / oktoberfest,witbier
style,677,scottish ale,light lager,scottish ale
style,678,american ipa,berliner weissbier,american ipa
style,679,english pale ale,dunkelweizen,english pale ale
style,680,k?lsch,english stout,k?lsch
style,681,scotch ale / wee heavy,german pilsener,scotch ale / wee heavy
style,682,american blonde ale,american wild ale,american blonde ale
style,683,hefeweizen,english stout,hefeweizen
style,684,american porter,bock,american porter
style,685,american double / imperial ipa,american white ipa,american double / imperial ipa
style,686,american ipa,belgian ipa,american ipa
style,687,belgian pale ale,cream ale,belgian pale ale
style,688,american pale ale (apa),belgian pale ale,american pale ale (apa)
style,689,american ipa,berliner weissbier,american ipa
style,690,american ipa,american wild ale,american ipa
style,691,american ipa,belgian dark ale,american ipa
style,692,american pale lager,belgian pale ale,american pale lager
style,693,american blonde ale,belgian dark ale,american blonde ale
style,694,american pale ale (apa),berliner weissbier,american pale ale (apa)
style,695,american amber / red ale,american porter,american amber / red ale
style,696,euro pale lager,english stout,euro pale lager
style,697,american brown ale,belgian pale ale,american brown ale
style,698,american double / imperial ipa,american porter,american double / imperial ipa
style,699,american pale ale (apa),belgian strong pale ale,american pale ale (apa)
style,700,baltic porter,berliner weissbier,baltic porter
style,701,saison / farmhouse ale,keller bier / zwickel bier,saison / farmhouse ale
style,702,german pilsener,english strong ale,german pilsener
style,703,american blonde ale,american white ipa,american blonde ale
style,704,american ipa,american wild ale,american ipa
style,705,american ipa,american white ipa,american ipa
style,706,english pale mild ale,english strong ale,english pale mild ale
style,707,irish dry stout,english brown ale,irish dry stout
style,708,american blonde ale,american white ipa,american blonde ale
style,709,american ipa,belgian dark ale,american ipa
style,710,irish red ale,english dark mild ale,irish red ale
style,711,american ipa,belgian strong dark ale,american ipa
style,712,american porter,bock,american porter
style,713,american pale ale (apa),belgian dark ale,american pale ale (apa)
style,714,hefeweizen,grisette,hefeweizen
style,715,abbey single ale,belgian ipa,abbey single ale
style,716,american ipa,baltic porter,american ipa
style,718,fruit / vegetable beer,flanders red ale,fruit / vegetable beer
style,719,american double / imperial ipa,american pale lager,american double / imperial ipa
style,720,abbey single ale,belgian ipa,abbey single ale
style,721,american pale ale (apa),american white ipa,american pale ale (apa)
style,722,american pale ale (apa),belgian ipa,american pale ale (apa)
style,723,american amber / red ale,american stout,american amber / red ale
style,724,american black ale,american white ipa,american black ale
style,725,american ipa,american pale wheat ale,american ipa
style,726,scotch ale / wee heavy,low alcohol beer,scotch ale / wee heavy
style,727,american pale ale (apa),belgian dark ale,american pale ale (apa)
style,728,american ipa,american white ipa,american ipa
style,729,american amber / red ale,american porter,american amber / red ale
style,730,hefeweizen,euro dark lager,hefeweizen
style,731,extra special / strong bitter (esb),english pale ale,extra special / strong bitter (esb)
style,732,american double / imperial ipa,american white ipa,american double / imperial ipa
style,733,american pale ale (apa),belgian ipa,american pale ale (apa)
style,734,irish dry stout,euro dark lager,irish dry stout
style,735,english dark mild ale,english bitter,english dark mild ale
style,736,cider,cream ale,cider
style,737,cider,cream ale,cider
style,738,american ipa,american malt liquor,american ipa
style,739,fruit / vegetable beer,foreign / export stout,fruit / vegetable beer
style,740,hefeweizen,german pilsener,hefeweizen
style,741,american amber / red ale,american pale lager,american amber / red ale
style,742,american ipa,belgian ipa,american ipa
style,743,american pale wheat ale,belgian strong dark ale,american pale wheat ale
style,744,pumpkin ale,irish dry stout,pumpkin ale
style,745,american ipa,american porter,american ipa
style,746,american pale ale (apa),belgian dark ale,american pale ale (apa)
style,747,pumpkin ale,hefeweizen,pumpkin ale
style,748,fruit / vegetable beer,euro dark lager,fruit / vegetable beer
style,749,german pilsener,euro dark lager,german pilsener
style,750,american ipa,american porter,american ipa
style,751,extra special / strong bitter (esb),english strong ale,extra special / strong bitter (esb)
style,752,american amber / red lager,belgian dark ale,american amber / red lager
style,753,american brown ale,american strong ale,american brown ale
style,754,american adjunct lager,american porter,american adjunct lager
style,755,fruit / vegetable beer,extra special / strong bitter (esb),fruit / vegetable beer
style,756,american pale ale (apa),berliner weissbier,american pale ale (apa)
style,757,american pale lager,berliner weissbier,american pale lager
style,758,american ipa,belgian strong dark ale,american ipa
style,759,american ipa,american pale wheat ale,american ipa
style,760,american ipa,american white ipa,american ipa
style,761,american blonde ale,baltic porter,american blonde ale
style,762,belgian ipa,berliner weissbier,belgian ipa
style,763,american pale wheat ale,berliner weissbier,american pale wheat ale
style,764,american pale ale (apa),belgian strong dark ale,american pale ale (apa)
style,765,american porter,bière de garde,american porter
style,766,czech pilsener,doppelbock,czech pilsener
style,767,berliner weissbier,doppelbock,berliner weissbier
style,768,american double / imperial ipa,belgian strong dark ale,american double / imperial ipa
style,769,american pale ale (apa),belgian dark ale,american pale ale (apa)
style,770,american ipa,american wild ale,american ipa
style,771,american pale ale (apa),belgian pale ale,american pale ale (apa)
style,772,american pale ale (apa),belgian dark ale,american pale ale (apa)
style,773,scottish ale,low alcohol beer,scottish ale
style,774,american ipa,baltic porter,american ipa
style,775,american pale ale (apa),belgian ipa,american pale ale (apa)
style,776,american ipa,american white ipa,american ipa
style,777,american stout,bock,american stout
style,778,belgian pale ale,dubbel,belgian pale ale
style,779,roggenbier,light lager,roggenbier
style,780,k?lsch,hefeweizen,k?lsch
style,781,american ipa,american porter,american ipa
style,782,american amber / red ale,american stout,american amber / red ale
style,783,fruit / vegetable beer,euro dark lager,fruit / vegetable beer
style,784,american ipa,belgian strong dark ale,american ipa
style,785,american amber / red ale,american wild ale,american amber / red ale
style,786,american double / imperial ipa,belgian pale ale,american double / imperial ipa
style,787,scottish ale,gose,scottish ale
style,788,american double / imperial ipa,american pale wheat ale,american double / imperial ipa
style,789,american double / imperial ipa,american strong ale,american double / imperial ipa
style,790,american double / imperial ipa,american stout,american double / imperial ipa
style,791,american porter,belgian ipa,american porter
style,792,kristalweizen,grisette,kristalweizen
style,793,czech pilsener,english barleywine,czech pilsener
style,794,k?lsch,hefeweizen,k?lsch
style,795,american double / imperial ipa,belgian pale ale,american double / imperial ipa
style,796,american black ale,american white ipa,american black ale
style,797,belgian strong dark ale,cream ale,belgian strong dark ale
style,798,american pale wheat ale,california common / steam beer,american pale wheat ale
style,799,american stout,california common / steam beer,american stout
style,800,american amber / red ale,american pale ale (apa),american amber / red ale
style,801,american pale ale (apa),belgian ipa,american pale ale (apa)
style,802,american ipa,belgian dark ale,american ipa
style,803,american pale ale (apa),belgian pale ale,american pale ale (apa)
style,804,american blonde ale,american strong ale,american blonde ale
style,805,american ipa,belgian pale ale,american ipa
style,806,american ipa,american strong ale,american ipa
style,807,german pilsener,english pale mild ale,german pilsener
style,808,american blonde ale,american stout,american blonde ale
style,809,american blonde ale,american strong ale,american blonde ale
style,810,doppelbock,dunkelweizen,doppelbock
style,811,american blonde ale,baltic porter,american blonde ale
style,812,american ipa,american wild ale,american ipa
style,813,american ipa,baltic porter,american ipa
style,814,american pale ale (apa),belgian strong dark ale,american pale ale (apa)
style,815,american ipa,american strong ale,american ipa
style,816,american pale lager,belgian pale ale,american pale lager
style,817,american porter,american wild ale,american porter
style,818,american ipa,american strong ale,american ipa
style,819,saison / farmhouse ale,gose,saison / farmhouse ale
style,820,american ipa,baltic porter,american ipa
style,821,american porter,belgian strong dark ale,american porter
style,822,american blonde ale,american strong ale,american blonde ale
style,823,witbier,munich dunkel lager,witbier
style,824,american ipa,belgian dark ale,american ipa
style,825,belgian pale ale,czech pilsener,belgian pale ale
style,826,american ipa,berliner weissbier,american ipa
style,827,american ipa,berliner weissbier,american ipa
style,828,american ipa,berliner weissbier,american ipa
style,829,american black ale,belgian pale ale,american black ale
style,830,american ipa,berliner weissbier,american ipa
style,831,american pale ale (apa),bière de garde,american pale ale (apa)
style,832,witbier,keller bier / zwickel bier,witbier
style,833,american pale ale (apa),belgian strong pale ale,american pale ale (apa)
style,834,american double / imperial stout,belgian pale ale,american double / imperial stout
style,835,american amber / red lager,american wild ale,american amber / red lager
style,836,american ipa,american stout,american ipa
style,837,american amber / red ale,american pale wheat ale,american amber / red ale
style,838,american pale wheat ale,belgian pale ale,american pale wheat ale
style,839,american amber / red ale,american porter,american amber / red ale
style,840,k?lsch,flanders oud bruin,k?lsch
style,841,american ipa,belgian pale ale,american ipa
style,842,scotch ale / wee heavy,keller bier / zwickel bier,scotch ale / wee heavy
style,843,american ipa,belgian dark ale,american ipa
style,844,american ipa,american wild ale,american ipa
style,845,american ipa,american wild ale,american ipa
style,846,american porter,bock,american porter
style,847,american blonde ale,belgian strong dark ale,american blonde ale
style,848,oatmeal stout,foreign / export stout,oatmeal stout
style,849,belgian pale ale,california common / steam beer,belgian pale ale
style,850,american ipa,american wild ale,american ipa
style,851,american ipa,american stout,american ipa
style,852,american pale lager,belgian strong pale ale,american pale lager
style,853,k?lsch,euro pale lager,k?lsch
style,854,nan,chile beer,nan
style,855,american porter,bière de garde,american porter
style,856,fruit / vegetable beer,english pale mild ale,fruit / vegetable beer
style,857,american ipa,belgian pale ale,american ipa
style,858,scottish ale,german pilsener,scottish ale
style,859,k?lsch,english brown ale,k?lsch
style,860,american porter,bock,american porter
style,861,american pale wheat ale,braggot,american pale wheat ale
style,862,american pale ale (apa),bière de garde,american pale ale (apa)
style,863,american white ipa,belgian strong pale ale,american white ipa
style,864,american amber / red ale,american pilsner,american amber / red ale
style,865,american ipa,baltic porter,american ipa
style,866,munich helles lager,irish dry stout,munich helles lager
style,867,nan,bock,nan
style,868,american brown ale,american stout,american brown ale
style,869,witbier,irish dry stout,witbier
style,870,munich helles lager,gose,munich helles lager
style,871,american amber / red ale,american pilsner,american amber / red ale
style,872,witbier,m?rzen / oktoberfest,witbier
style,873,american ipa,american strong ale,american ipa
style,874,berliner weissbier,california common / steam beer,berliner weissbier
style,875,american ipa,american stout,american ipa
style,876,american pale ale (apa),american white ipa,american pale ale (apa)
style,877,english strong ale,dortmunder / export lager,english strong ale
style,878,saison / farmhouse ale,flanders red ale,saison / farmhouse ale
style,879,american pale ale (apa),american white ipa,american pale ale (apa)
style,880,american pale ale (apa),american wild ale,american pale ale (apa)
style,881,american ipa,american wild ale,american ipa
style,882,k?lsch,gose,k?lsch
style,883,scotch ale / wee heavy,m?rzen / oktoberfest,scotch ale / wee heavy
style,884,extra special / strong bitter (esb),euro pale lager,extra special / strong bitter (esb)
style,885,american ipa,american strong ale,american ipa
style,886,american pale ale (apa),belgian ipa,american pale ale (apa)
style,887,american ipa,belgian ipa,american ipa
style,888,american blonde ale,american strong ale,american blonde ale
style,889,american amber / red ale,american porter,american amber / red ale
style,890,american ipa,american white ipa,american ipa
style,891,american pale lager,belgian dark ale,american pale lager
style,892,saison / farmhouse ale,k?lsch,saison / farmhouse ale
style,893,american ipa,belgian dark ale,american ipa
style,894,american ipa,belgian dark ale,american ipa
style,895,american ipa,baltic porter,american ipa
style,896,american ipa,belgian ipa,american ipa
style,897,hefeweizen,flanders red ale,hefeweizen
style,898,american ipa,belgian dark ale,american ipa
style,899,american ipa,belgian ipa,american ipa
style,900,k?lsch,euro pale lager,k?lsch
style,901,american brown ale,belgian dark ale,american brown ale
style,902,american ipa,belgian pale ale,american ipa
style,903,american ipa,belgian pale ale,american ipa
style,904,american ipa,belgian strong dark ale,american ipa
style,905,hefeweizen,euro pale lager,hefeweizen
style,906,american porter,bock,american porter
style,907,american ipa,american white ipa,american ipa
style,908,american pale wheat ale,belgian strong pale ale,american pale wheat ale
style,909,american pale ale (apa),american wild ale,american pale ale (apa)
style,910,american double / imperial ipa,american ipa,american double / imperial ipa
style,911,oatmeal stout,foreign / export stout,oatmeal stout
style,912,american ipa,american pilsner,american ipa
style,913,american brown ale,american stout,american brown ale
style,914,american pale ale (apa),bock,american pale ale (apa)
style,915,american ipa,belgian pale ale,american ipa
style,916,american pale ale (apa),bock,american pale ale (apa)
style,917,american pale ale (apa),bock,american pale ale (apa)
style,918,american pale wheat ale,chile beer,american pale wheat ale
style,919,american pale wheat ale,chile beer,american pale wheat ale
style,920,american pale wheat ale,belgian strong pale ale,american pale wheat ale
style,921,american pale lager,braggot,american pale lager
style,922,american pale wheat ale,berliner weissbier,american pale wheat ale
style,923,american pilsner,bière de garde,american pilsner
style,924,american amber / red ale,american pale lager,american amber / red ale
style,925,american ipa,belgian strong dark ale,american ipa
style,926,american pale wheat ale,belgian strong pale ale,american pale wheat ale
style,927,english brown ale,english pale ale,english brown ale
style,928,american pale ale (apa),berliner weissbier,american pale ale (apa)
style,929,american blonde ale,berliner weissbier,american blonde ale
style,930,fruit / vegetable beer,german pilsener,fruit / vegetable beer
style,931,american porter,chile beer,american porter
style,932,american ipa,belgian strong dark ale,american ipa
style,933,dortmunder / export lager,english pale ale,dortmunder / export lager
style,934,american blonde ale,berliner weissbier,american blonde ale
style,935,american porter,chile beer,american porter
style,936,m?rzen / oktoberfest,hefeweizen,m?rzen / oktoberfest
style,937,american brown ale,american wild ale,american brown ale
style,938,fruit / vegetable beer,flanders red ale,fruit / vegetable beer
style,939,dortmunder / export lager,english dark mild ale,dortmunder / export lager
style,940,american dark wheat ale,belgian dark ale,american dark wheat ale
style,941,witbier,mead,witbier
style,942,american stout,belgian ipa,american stout
style,943,english stout,english bitter,english stout
style,944,american porter,berliner weissbier,american porter
style,946,english dark mild ale,english pale mild ale,english dark mild ale
style,947,american ipa,american white ipa,american ipa
style,948,american blonde ale,baltic porter,american blonde ale
style,949,american pale ale (apa),berliner weissbier,american pale ale (apa)
style,950,old ale,irish red ale,old ale
style,951,american pale wheat ale,bière de garde,american pale wheat ale
style,952,american ipa,belgian strong dark ale,american ipa
style,953,tripel,m?rzen / oktoberfest,tripel
style,954,american ipa,belgian strong dark ale,american ipa
style,955,russian imperial stout,herbed / spiced beer,russian imperial stout
style,956,saison / farmhouse ale,light lager,saison / farmhouse ale
style,957,american ipa,belgian strong dark ale,american ipa
style,958,american pale lager,berliner weissbier,american pale lager
style,959,american pale lager,belgian strong dark ale,american pale lager
style,960,american pale ale (apa),belgian pale ale,american pale ale (apa)
style,961,american pale lager,belgian strong dark ale,american pale lager
style,963,american brown ale,baltic porter,american brown ale
style,964,american blonde ale,american porter,american blonde ale
style,965,american blonde ale,american porter,american blonde ale
style,966,vienna lager,mead,vienna lager
style,967,irish red ale,fruit / vegetable beer,irish red ale
style,968,vienna lager,keller bier / zwickel bier,vienna lager
style,969,witbier,milk / sweet stout,witbier
style,970,irish red ale,foreign / export stout,irish red ale
style,971,american pale ale (apa),belgian dark ale,american pale ale (apa)
style,972,rye beer,euro dark lager,rye beer
style,973,american brown ale,belgian dark ale,american brown ale
style,974,american ipa,american stout,american ipa
style,975,m?rzen / oktoberfest,german pilsener,m?rzen / oktoberfest
style,976,american amber / red ale,american strong ale,american amber / red ale
style,977,american stout,berliner weissbier,american stout
style,978,american pale ale (apa),belgian ipa,american pale ale (apa)
style,979,irish red ale,flanders oud bruin,irish red ale
style,980,american pale ale (apa),belgian dark ale,american pale ale (apa)
style,981,american pale ale (apa),american strong ale,american pale ale (apa)
style,982,american black ale,american ipa,american black ale
style,983,m?rzen / oktoberfest,euro dark lager,m?rzen / oktoberfest
style,984,american double / imperial ipa,american stout,american double / imperial ipa
style,985,m?rzen / oktoberfest,english stout,m?rzen / oktoberfest
style,986,american pale ale (apa),belgian ipa,american pale ale (apa)
style,987,witbier,irish dry stout,witbier
style,988,american blonde ale,american white ipa,american blonde ale
style,989,american porter,belgian ipa,american porter
style,990,american pale ale (apa),belgian pale ale,american pale ale (apa)
style,991,cream ale,czech pilsener,cream ale
style,992,american pale wheat ale,cream ale,american pale wheat ale
style,993,winter warmer,maibock / helles bock,winter warmer
style,994,pumpkin ale,light lager,pumpkin ale
style,995,czech pilsener,english brown ale,czech pilsener
style,996,american amber / red ale,belgian pale ale,american amber / red ale
style,997,american ipa,berliner weissbier,american ipa
style,998,american pale ale (apa),braggot,american pale ale (apa)
style,999,american ipa,belgian strong dark ale,american ipa
style,1000,tripel,light lager,tripel
style,1001,altbier,american pale lager,altbier
style,1002,american ipa,american pale wheat ale,american ipa
style,1003,american pale ale (apa),american strong ale,american pale ale (apa)
style,1004,american ipa,belgian strong pale ale,american ipa
style,1005,american double / imperial pilsner,belgian dark ale,american double / imperial pilsner
style,1006,german pilsener,euro pale lager,german pilsener
style,1007,american pale wheat ale,bock,american pale wheat ale
style,1009,american brown ale,american white ipa,american brown ale
style,1010,american blonde ale,american strong ale,american blonde ale
style,1011,american pale ale (apa),belgian ipa,american pale ale (apa)
style,1012,american ipa,belgian pale ale,american ipa
style,1013,american blonde ale,american white ipa,american blonde ale
style,1014,fruit / vegetable beer,english pale mild ale,fruit / vegetable beer
style,1015,munich helles lager,german pilsener,munich helles lager
style,1016,american ipa,american white ipa,american ipa
style,1017,cream ale,czech pilsener,cream ale
style,1018,american pale ale (apa),american strong ale,american pale ale (apa)
style,1019,herbed / spiced beer,hefeweizen,herbed / spiced beer
style,1020,american white ipa,california common / steam beer,american white ipa
style,1021,cider,english barleywine,cider
style,1022,k?lsch,gose,k?lsch
style,1023,american ipa,belgian dark ale,american ipa
style,1024,pumpkin ale,kristalweizen,pumpkin ale
style,1025,m?rzen / oktoberfest,hefeweizen,m?rzen / oktoberfest
style,1026,american ipa,baltic porter,american ipa
style,1027,k?lsch,german pilsener,k?lsch
style,1028,american pale wheat ale,berliner weissbier,american pale wheat ale
style,1029,k?lsch,foreign / export stout,k?lsch
style,1030,american ipa,baltic porter,american ipa
style,1031,american blonde ale,american strong ale,american blonde ale
style,1032,witbier,k?lsch,witbier
style,1033,american blonde ale,american wild ale,american blonde ale
style,1034,american pale ale (apa),belgian strong dark ale,american pale ale (apa)
style,1035,american brown ale,american wild ale,american brown ale
style,1036,american brown ale,baltic porter,american brown ale
style,1037,flanders red ale,euro dark lager,flanders red ale
style,1038,belgian ipa,bock,belgian ipa
style,1039,american pale lager,belgian strong pale ale,american pale lager
style,1040,american double / imperial ipa,american white ipa,american double / imperial ipa
style,1041,american ipa,american wild ale,american ipa
style,1042,m?rzen / oktoberfest,german pilsener,m?rzen / oktoberfest
style,1043,cream ale,doppelbock,cream ale
style,1044,cream ale,czech pilsener,cream ale
style,1045,american ipa,baltic porter,american ipa
style,1046,american double / imperial stout,baltic porter,american double / imperial stout
style,1047,american pilsner,bock,american pilsner
style,1048,american pale ale (apa),american wild ale,american pale ale (apa)
style,1049,american pale wheat ale,belgian pale ale,american pale wheat ale
style,1050,fruit / vegetable beer,english pale ale,fruit / vegetable beer
style,1051,american amber / red ale,american pale wheat ale,american amber / red ale
style,1052,16.0 oz. alumi-tek,american white ipa,16
style,1053,czech pilsener,cream ale,czech pilsener
style,1054,american blonde ale,american stout,american blonde ale
style,1055,american amber / red ale,american stout,american amber / red ale
style,1056,saison / farmhouse ale,flanders red ale,saison / farmhouse ale
style,1057,american white ipa,berliner weissbier,american white ipa
style,1058,saison / farmhouse ale,herbed / spiced beer,saison / farmhouse ale
style,1059,american brown ale,american strong ale,american brown ale
style,1060,american ipa,belgian ipa,american ipa
style,1061,american blonde ale,american strong ale,american blonde ale
style,1062,american strong ale,belgian strong dark ale,american strong ale
style,1063,american ipa,american white ipa,american ipa
style,1064,american blonde ale,american white ipa,american blonde ale
style,1065,american pale lager,belgian pale ale,american pale lager
style,1066,american ipa,american stout,american ipa
style,1067,american ipa,american wild ale,american ipa
style,1068,american blonde ale,american wild ale,american blonde ale
style,1069,american ipa,baltic porter,american ipa
style,1070,american pale lager,belgian ipa,american pale lager
style,1071,altbier,american strong ale,altbier
style,1072,american pale ale (apa),belgian strong dark ale,american pale ale (apa)
style,1073,american porter,california common / steam beer,american porter
style,1074,cider,chile beer,cider
style,1075,radler,irish dry stout,radler
style,1076,american pale wheat ale,berliner weissbier,american pale wheat ale
style,1077,american pale wheat ale,belgian dark ale,american pale wheat ale
style,1078,american pale wheat ale,berliner weissbier,american pale wheat ale
style,1079,american pale wheat ale,belgian dark ale,american pale wheat ale
style,1080,american pale wheat ale,belgian dark ale,american pale wheat ale
style,1081,american pale wheat ale,belgian dark ale,american pale wheat ale
style,1082,american pale wheat ale,belgian dark ale,american pale wheat ale
style,1083,american pale wheat ale,belgian dark ale,american pale wheat ale
style,1084,american pale wheat ale,belgian dark ale,american pale wheat ale
style,1085,american pale wheat ale,belgian dark ale,american pale wheat ale
style,1086,american pale wheat ale,belgian dark ale,american pale wheat ale
style,1087,american pale wheat ale,belgian dark ale,american pale wheat ale
style,1088,american amber / red ale,american pale wheat ale,american amber / red ale
style,1089,american stout,bock,american stout
style,1090,american ipa,american white ipa,american ipa
style,1091,american strong ale,belgian ipa,american strong ale
style,1092,american white ipa,belgian strong pale ale,american white ipa
style,1093,american amber / red ale,american stout,american amber / red ale
style,1094,american strong ale,belgian strong pale ale,american strong ale
style,1095,czech pilsener,doppelbock,czech pilsener
style,1096,american ipa,belgian dark ale,american ipa
style,1097,american pale wheat ale,american white ipa,american pale wheat ale
style,1098,hefeweizen,extra special / strong bitter (esb),hefeweizen
style,1099,m?rzen / oktoberfest,extra special / strong bitter (esb),m?rzen / oktoberfest
style,1100,american pale ale (apa),belgian dark ale,american pale ale (apa)
style,1101,vienna lager,irish red ale,vienna lager
style,1102,american ipa,american stout,american ipa
style,1103,winter warmer,m?rzen / oktoberfest,winter warmer
style,1104,fruit / vegetable beer,euro pale lager,fruit / vegetable beer
style,1105,american pale wheat ale,belgian pale ale,american pale wheat ale
style,1106,american black ale,american pale ale (apa),american black ale
style,1107,american pale ale (apa),belgian dark ale,american pale ale (apa)
style,1108,american amber / red ale,belgian pale ale,american amber / red ale
style,1109,american pale ale (apa),bock,american pale ale (apa)
style,1110,witbier,maibock / helles bock,witbier
style,1111,american pale ale (apa),belgian dark ale,american pale ale (apa)
style,1112,american ipa,belgian dark ale,american ipa
style,1113,cream ale,dubbel,cream ale
style,1114,american blonde ale,american white ipa,american blonde ale
style,1115,american ipa,american strong ale,american ipa
style,1116,american pale ale (apa),belgian ipa,american pale ale (apa)
style,1117,american blonde ale,american wild ale,american blonde ale
style,1118,american ipa,belgian dark ale,american ipa
style,1119,keller bier / zwickel bier,herbed / spiced beer,keller bier / zwickel bier
style,1120,american pale lager,braggot,american pale lager
style,1121,american india pale lager,american wild ale,american india pale lager
style,1122,american india pale lager,baltic porter,american india pale lager
style,1123,american india pale lager,belgian pale ale,american india pale lager
style,1124,cider,dunkelweizen,cider
style,1125,cider,dubbel,cider
style,1126,american pale ale (apa),american wild ale,american pale ale (apa)
style,1127,fruit / vegetable beer,flanders oud bruin,fruit / vegetable beer
style,1128,american ipa,berliner weissbier,american ipa
style,1129,american ipa,belgian ipa,american ipa
style,1130,american amber / red ale,american stout,american amber / red ale
style,1131,english brown ale,english dark mild ale,english brown ale
style,1132,american ipa,belgian ipa,american ipa
style,1133,american strong ale,baltic porter,american strong ale
style,1134,hefeweizen,english india pale ale (ipa),hefeweizen
style,1135,american porter,american wild ale,american porter
style,1136,american pale ale (apa),american strong ale,american pale ale (apa)
style,1137,american blonde ale,american pale ale (apa),american blonde ale
style,1138,american ipa,belgian ipa,american ipa
style,1139,hefeweizen,foreign / export stout,hefeweizen
style,1140,american pale ale (apa),belgian ipa,american pale ale (apa)
style,1141,american double / imperial ipa,american pale wheat ale,american double / imperial ipa
style,1142,american adjunct lager,american strong ale,american adjunct lager
style,1143,american ipa,belgian ipa,american ipa
style,1144,doppelbock,english bitter,doppelbock
style,1145,hefeweizen,foreign / export stout,hefeweizen
style,1146,munich dunkel lager,gose,munich dunkel lager
style,1147,american pale ale (apa),american wild ale,american pale ale (apa)
style,1148,m?rzen / oktoberfest,fruit / vegetable beer,m?rzen / oktoberfest
style,1149,k?lsch,fruit / vegetable beer,k?lsch
style,1150,saison / farmhouse ale,irish red ale,saison / farmhouse ale
style,1151,american double / imperial ipa,american stout,american double / imperial ipa
style,1152,american amber / red lager,american strong ale,american amber / red lager
style,1153,hefeweizen,euro pale lager,hefeweizen
style,1154,american ipa,american wild ale,american ipa
style,1155,euro dark lager,extra special / strong bitter (esb),euro dark lager
style,1156,american ipa,belgian ipa,american ipa
style,1157,czech pilsener,english dark mild ale,czech pilsener
style,1158,scottish ale,gose,scottish ale
style,1159,american blonde ale,american white ipa,american blonde ale
style,1160,american ipa,american white ipa,american ipa
style,1161,scottish ale,foreign / export stout,scottish ale
style,1162,scotch ale / wee heavy,keller bier / zwickel bier,scotch ale / wee heavy
style,1163,american ipa,belgian ipa,american ipa
style,1164,american ipa,belgian ipa,american ipa
style,1165,american pale ale (apa),berliner weissbier,american pale ale (apa)
style,1166,american ipa,belgian pale ale,american ipa
style,1167,scotch ale / wee heavy,irish dry stout,scotch ale / wee heavy
style,1168,witbier,m?rzen / oktoberfest,witbier
style,1169,american pale ale (apa),belgian ipa,american pale ale (apa)
style,1170,scottish ale,hefeweizen,scottish ale
style,1171,american brown ale,american strong ale,american brown ale
style,1172,american brown ale,american strong ale,american brown ale
style,1173,american blonde ale,american stout,american blonde ale
style,1174,american amber / red ale,american pilsner,american amber / red ale
style,1175,american amber / red ale,belgian dark ale,american amber / red ale
style,1176,czech pilsener,english brown ale,czech pilsener
style,1177,american ipa,belgian pale ale,american ipa
style,1178,hefeweizen,grisette,hefeweizen
style,1179,american blonde ale,belgian pale ale,american blonde ale
style,1180,american ipa,american wild ale,american ipa
style,1181,american pale wheat ale,berliner weissbier,american pale wheat ale
style,1182,american amber / red lager,baltic porter,american amber / red lager
style,1183,american amber / red lager,american white ipa,american amber / red lager
style,1184,american amber / red lager,american strong ale,american amber / red lager
style,1185,american amber / red lager,american strong ale,american amber / red lager
style,1186,american dark wheat ale,baltic porter,american dark wheat ale
style,1187,belgian strong dark ale,czech pilsener,belgian strong dark ale
style,1189,american ipa,american porter,american ipa
style,1190,maibock / helles bock,flanders oud bruin,maibock / helles bock
style,1191,k?lsch,euro dark lager,k?lsch
style,1192,hefeweizen,english stout,hefeweizen
style,1193,american ipa,belgian dark ale,american ipa
style,1194,american amber / red ale,american stout,american amber / red ale
style,1195,english brown ale,dubbel,english brown ale
style,1196,cream ale,dortmunder / export lager,cream ale
style,1197,american pilsner,belgian strong dark ale,american pilsner
style,1198,american ipa,american wild ale,american ipa
style,1199,american ipa,american stout,american ipa
style,1200,american ipa,american white ipa,american ipa
style,1201,czech pilsener,cream ale,czech pilsener
style,1202,k?lsch,euro dark lager,k?lsch
style,1203,american ipa,baltic porter,american ipa
style,1204,american amber / red ale,american pilsner,american amber / red ale
style,1205,hefeweizen,english stout,hefeweizen
style,1206,scottish ale,hefeweizen,scottish ale
style,1207,german pilsener,english pale mild ale,german pilsener
style,1208,saison / farmhouse ale,grisette,saison / farmhouse ale
style,1209,american stout,baltic porter,american stout
style,1210,american amber / red ale,american india pale lager,american amber / red ale
style,1211,fruit / vegetable beer,english india pale ale (ipa),fruit / vegetable beer
style,1212,american ipa,american stout,american ipa
style,1213,american pale ale (apa),belgian strong dark ale,american pale ale (apa)
style,1214,american porter,belgian strong dark ale,american porter
style,1215,american stout,belgian pale ale,american stout
style,1216,american pale ale (apa),belgian dark ale,american pale ale (apa)
style,1217,hefeweizen,flanders oud bruin,hefeweizen
style,1218,american brown ale,american strong ale,american brown ale
style,1220,american amber / red ale,american strong ale,american amber / red ale
style,1221,altbier,belgian dark ale,altbier
style,1222,fruit / vegetable beer,flanders oud bruin,fruit / vegetable beer
style,1223,altbier,american white ipa,altbier
style,1224,gose,fruit / vegetable beer,gose
style,1225,german pilsener,flanders red ale,german pilsener
style,1226,american ipa,belgian strong pale ale,american ipa
style,1227,american ipa,belgian strong pale ale,american ipa
style,1228,american ipa,baltic porter,american ipa
style,1229,czech pilsener,dubbel,czech pilsener
style,1230,american stout,belgian pale ale,american stout
style,1231,hefeweizen,english pale ale,hefeweizen
style,1232,american pale ale (apa),belgian pale ale,american pale ale (apa)
style,1233,american blonde ale,american wild ale,american blonde ale
style,1234,english dark mild ale,english pale ale,english dark mild ale
style,1235,belgian pale ale,cider,belgian pale ale
style,1236,american pale ale (apa),belgian strong pale ale,american pale ale (apa)
style,1237,american pilsner,belgian ipa,american pilsner
style,1238,american ipa,american white ipa,american ipa
style,1239,american amber / red ale,american pale lager,american amber / red ale
style,1240,american pale ale (apa),belgian strong dark ale,american pale ale (apa)
style,1241,american amber / red ale,american stout,american amber / red ale
style,1242,american pale ale (apa),baltic porter,american pale ale (apa)
style,1243,american brown ale,american porter,american brown ale
style,1244,american double / imperial ipa,belgian pale ale,american double / imperial ipa
style,1245,american blonde ale,belgian strong pale ale,american blonde ale
style,1246,winter warmer,low alcohol beer,winter warmer
style,1248,k?lsch,grisette,k?lsch
style,1249,american pale ale (apa),belgian pale ale,american pale ale (apa)
style,1250,american ipa,american white ipa,american ipa
style,1251,american brown ale,american wild ale,american brown ale
style,1252,american amber / red ale,american stout,american amber / red ale
style,1253,fruit / vegetable beer,english pale ale,fruit / vegetable beer
style,1254,hefeweizen,english pale mild ale,hefeweizen
style,1255,fruit / vegetable beer,english bitter,fruit / vegetable beer
style,1256,german pilsener,english india pale ale (ipa),german pilsener
style,1257,american ipa,american white ipa,american ipa
style,1258,german pilsener,english dark mild ale,german pilsener
style,1259,american amber / red ale,american pale lager,american amber / red ale
style,1260,winter warmer,herbed / spiced beer,winter warmer
style,1261,m?rzen / oktoberfest,euro dark lager,m?rzen / oktoberfest
style,1262,belgian pale ale,bock,belgian pale ale
style,1263,american ipa,american stout,american ipa
style,1264,pumpkin ale,flanders red ale,pumpkin ale
style,1265,american pale wheat ale,belgian ipa,american pale wheat ale
style,1266,tripel,irish dry stout,tripel
style,1267,fruit / vegetable beer,english stout,fruit / vegetable beer
style,1268,american double / imperial ipa,american porter,american double / imperial ipa
style,1269,american double / imperial ipa,american pilsner,american double / imperial ipa
style,1270,american ipa,american stout,american ipa
style,1271,american blonde ale,american strong ale,american blonde ale
style,1272,american brown ale,american white ipa,american brown ale
style,1273,american pale ale (apa),belgian pale ale,american pale ale (apa)
style,1274,german pilsener,flanders oud bruin,german pilsener
style,1275,american ipa,baltic porter,american ipa
style,1276,american ipa,berliner weissbier,american ipa
style,1277,american pale ale (apa),bock,american pale ale (apa)
style,1278,russian imperial stout,keller bier / zwickel bier,russian imperial stout
style,1279,american pale ale (apa),bock,american pale ale (apa)
style,1280,american double / imperial ipa,american wild ale,american double / imperial ipa
style,1281,saison / farmhouse ale,light lager,saison / farmhouse ale
style,1282,american stout,belgian strong dark ale,american stout
style,1283,american amber / red ale,american wild ale,american amber / red ale
style,1284,american double / imperial ipa,american wild ale,american double / imperial ipa
style,1285,american double / imperial ipa,american white ipa,american double / imperial ipa
style,1286,rye beer,hefeweizen,rye beer
style,1287,saison / farmhouse ale,hefeweizen,saison / farmhouse ale
style,1288,american stout,belgian strong pale ale,american stout
style,1289,american ipa,american white ipa,american ipa
style,1290,shandy,fruit / vegetable beer,shandy
style,1291,american ipa,baltic porter,american ipa
style,1292,german pilsener,english barleywine,german pilsener
style,1293,light lager,english india pale ale (ipa),light lager
style,1294,light lager,english india pale ale (ipa),light lager
style,1295,american pale lager,belgian strong dark ale,american pale lager
style,1296,fruit / vegetable beer,dunkelweizen,fruit / vegetable beer
style,1297,american blonde ale,american wild ale,american blonde ale
style,1298,american ipa,belgian ipa,american ipa
style,1299,american pale wheat ale,belgian strong pale ale,american pale wheat ale
style,1300,english pale ale,cider,english pale ale
style,1301,english pale ale,cider,english pale ale
style,1302,american brown ale,belgian dark ale,american brown ale
style,1303,czech pilsener,doppelbock,czech pilsener
style,1304,saison / farmhouse ale,irish dry stout,saison / farmhouse ale
style,1305,belgian strong dark ale,braggot,belgian strong dark ale
style,1306,fruit / vegetable beer,english pale ale,fruit / vegetable beer
style,1307,american amber / red ale,american porter,american amber / red ale
style,1308,witbier,m?rzen / oktoberfest,witbier
style,1309,american ipa,american porter,american ipa
style,1310,american pale wheat ale,belgian strong pale ale,american pale wheat ale
style,1311,munich helles lager,fruit / vegetable beer,munich helles lager
style,1312,american porter,belgian strong pale ale,american porter
style,1313,american ipa,american stout,american ipa
style,1314,american porter,belgian ipa,american porter
style,1315,witbier,maibock / helles bock,witbier
style,1316,american pale ale (apa),american white ipa,american pale ale (apa)
style,1320,american ipa,belgian dark ale,american ipa
style,1321,american ipa,american strong ale,american ipa
style,1322,american blonde ale,belgian pale ale,american blonde ale
style,1323,american porter,braggot,american porter
style,1324,american amber / red ale,baltic porter,american amber / red ale
style,1325,american pale ale (apa),belgian strong dark ale,american pale ale (apa)
style,1326,fruit / vegetable beer,euro pale lager,fruit / vegetable beer
style,1327,american brown ale,american strong ale,american brown ale
style,1328,american ipa,baltic porter,american ipa
style,1329,american blonde ale,american strong ale,american blonde ale
style,1330,american amber / red ale,american pale wheat ale,american amber / red ale
style,1331,american ipa,belgian strong dark ale,american ipa
style,1332,american ipa,belgian strong dark ale,american ipa
style,1333,witbier,mead,witbier
style,1334,american brown ale,american strong ale,american brown ale
style,1335,american ipa,american pale wheat ale,american ipa
style,1336,american double / imperial ipa,american strong ale,american double / imperial ipa
style,1337,american ipa,american wild ale,american ipa
style,1338,wheat ale,maibock / helles bock,wheat ale
style,1339,american double / imperial ipa,american strong ale,american double / imperial ipa
style,1340,cream ale,dunkelweizen,cream ale
style,1341,k?lsch,flanders red ale,k?lsch
style,1342,american double / imperial ipa,american wild ale,american double / imperial ipa
style,1343,american ipa,belgian dark ale,american ipa
style,1344,american ipa,belgian dark ale,american ipa
style,1345,belgian ipa,braggot,belgian ipa
style,1346,saison / farmhouse ale,kristalweizen,saison / farmhouse ale
style,1347,berliner weissbier,cream ale,berliner weissbier
style,1348,american ipa,belgian dark ale,american ipa
style,1349,american pale ale (apa),belgian pale ale,american pale ale (apa)
style,1350,american pilsner,baltic porter,american pilsner
style,1351,american ipa,american stout,american ipa
style,1352,witbier,irish dry stout,witbier
style,1353,irish red ale,english india pale ale (ipa),irish red ale
style,1354,american pale ale (apa),belgian strong pale ale,american pale ale (apa)
style,1355,american double / imperial ipa,american stout,american double / imperial ipa
style,1356,american amber / red ale,american strong ale,american amber / red ale
style,1357,american ipa,belgian dark ale,american ipa
style,1358,saison / farmhouse ale,hefeweizen,saison / farmhouse ale
style,1359,witbier,gose,witbier
style,1360,vienna lager,hefeweizen,vienna lager
style,1361,american amber / red ale,baltic porter,american amber / red ale
style,1362,american malt liquor,belgian dark ale,american malt liquor
style,1363,bock,bière de garde,bock
style,1364,light lager,euro pale lager,light lager
style,1365,american pale lager,american strong ale,american pale lager
style,1366,american pale lager,baltic porter,american pale lager
style,1367,american pale lager,american white ipa,american pale lager
style,1368,american pale lager,belgian strong dark ale,american pale lager
style,1369,american pale lager,american white ipa,american pale lager
style,1370,american pale lager,american strong ale,american pale lager
style,1371,american adjunct lager,american porter,american adjunct lager
style,1372,light lager,euro pale lager,light lager
style,1373,american adjunct lager,american ipa,american adjunct lager
style,1374,american adjunct lager,american ipa,american adjunct lager
style,1375,belgian pale ale,cream ale,belgian pale ale
style,1376,american ipa,belgian ipa,american ipa
style,1377,american pale ale (apa),belgian pale ale,american pale ale (apa)
style,1378,american double / imperial ipa,baltic porter,american double / imperial ipa
style,1379,american brown ale,american white ipa,american brown ale
style,1380,american pale wheat ale,belgian strong dark ale,american pale wheat ale
style,1381,california common / steam beer,czech pilsener,california common / steam beer
style,1382,american ipa,belgian pale ale,american ipa
style,1384,american pale ale (apa),belgian strong pale ale,american pale ale (apa)
style,1385,american pale ale (apa),belgian pale ale,american pale ale (apa)
style,1386,american ipa,american wild ale,american ipa
style,1387,american ipa,baltic porter,american ipa
style,1388,american pale ale (apa),belgian strong dark ale,american pale ale (apa)
style,1389,american amber / red ale,american porter,american amber / red ale
style,1390,saison / farmhouse ale,irish dry stout,saison / farmhouse ale
style,1391,american pale wheat ale,belgian strong pale ale,american pale wheat ale
style,1392,american stout,bock,american stout
style,1393,american amber / red ale,american pilsner,american amber / red ale
style,1394,american amber / red ale,american pale lager,american amber / red ale
style,1395,american brown ale,belgian dark ale,american brown ale
style,1396,american double / imperial ipa,belgian ipa,american double / imperial ipa
style,1397,american pale ale (apa),belgian strong pale ale,american pale ale (apa)
style,1398,american blonde ale,american strong ale,american blonde ale
style,1399,extra special / strong bitter (esb),english brown ale,extra special / strong bitter (esb)
style,1400,munich helles lager,gose,munich helles lager
style,1401,m?rzen / oktoberfest,flanders red ale,m?rzen / oktoberfest
style,1402,american pale wheat ale,belgian pale ale,american pale wheat ale
style,1403,schwarzbier,herbed / spiced beer,schwarzbier
style,1404,german pilsener,english india pale ale (ipa),german pilsener
style,1405,cream ale,cider,cream ale
style,1406,american pale ale (apa),belgian ipa,american pale ale (apa)
style,1407,hefeweizen,english pale mild ale,hefeweizen
style,1408,american blonde ale,american strong ale,american blonde ale
style,1409,american ipa,american stout,american ipa
style,1410,american amber / red ale,american stout,american amber / red ale
style,1411,witbier,k?lsch,witbier
style,1412,american ipa,american white ipa,american ipa
style,1413,light lager,euro dark lager,light lager
style,1414,witbier,herbed / spiced beer,witbier
style,1415,hefeweizen,english pale ale,hefeweizen
style,1416,american amber / red lager,american porter,american amber / red lager
style,1417,american pale lager,baltic porter,american pale lager
style,1418,american pale lager,belgian strong dark ale,american pale lager
style,1419,american blonde ale,baltic porter,american blonde ale
style,1420,american pale wheat ale,belgian strong pale ale,american pale wheat ale
style,1421,light lager,german pilsener,light lager
style,1422,american pilsner,belgian strong pale ale,american pilsner
style,1423,milk / sweet stout,foreign / export stout,milk / sweet stout
style,1424,german pilsener,english india pale ale (ipa),german pilsener
style,1425,american pale wheat ale,belgian dark ale,american pale wheat ale
style,1426,cream ale,doppelbock,cream ale
style,1427,american pale wheat ale,berliner weissbier,american pale wheat ale
style,1428,american porter,bock,american porter
style,1429,bock,czech pilsener,bock
style,1430,m?rzen / oktoberfest,extra special / strong bitter (esb),m?rzen / oktoberfest
style,1431,american blonde ale,american white ipa,american blonde ale
style,1432,american black ale,american strong ale,american black ale
style,1433,american double / imperial ipa,american white ipa,american double / imperial ipa
style,1434,american double / imperial ipa,american wild ale,american double / imperial ipa
style,1435,american black ale,american wild ale,american black ale
style,1436,american blonde ale,american wild ale,american blonde ale
style,1437,pumpkin ale,irish dry stout,pumpkin ale
style,1438,american ipa,american white ipa,american ipa
style,1439,hefeweizen,euro pale lager,hefeweizen
style,1440,english brown ale,english barleywine,english brown ale
style,1441,american pale ale (apa),belgian ipa,american pale ale (apa)
style,1442,american ipa,belgian dark ale,american ipa
style,1443,german pilsener,euro pale lager,german pilsener
style,1444,american ipa,belgian strong dark ale,american ipa
style,1445,american ipa,american wild ale,american ipa
style,1446,american pale lager,bière de garde,american pale lager
style,1448,czech pilsener,dunkelweizen,czech pilsener
style,1449,american amber / red lager,american pale lager,american amber / red lager
style,1450,american pale wheat ale,belgian strong dark ale,american pale wheat ale
style,1451,american pale wheat ale,berliner weissbier,american pale wheat ale
style,1452,american amber / red ale,belgian dark ale,american amber / red ale
style,1453,american pale lager,belgian ipa,american pale lager
style,1454,american amber / red ale,american stout,american amber / red ale
style,1455,american pale lager,belgian pale ale,american pale lager
style,1456,american ipa,american porter,american ipa
style,1457,american amber / red ale,american strong ale,american amber / red ale
style,1458,american ipa,american pilsner,american ipa
style,1459,american pale wheat ale,belgian dark ale,american pale wheat ale
style,1460,american amber / red ale,american stout,american amber / red ale
style,1461,berliner weissbier,california common / steam beer,berliner weissbier
style,1462,american ipa,belgian dark ale,american ipa
style,1463,american pilsner,belgian strong dark ale,american pilsner
style,1464,american amber / red ale,american pale lager,american amber / red ale
style,1465,belgian pale ale,california common / steam beer,belgian pale ale
style,1466,american double / imperial ipa,american pale lager,american double / imperial ipa
style,1467,belgian pale ale,chile beer,belgian pale ale
style,1468,american double / imperial ipa,baltic porter,american double / imperial ipa
style,1469,american pilsner,belgian pale ale,american pilsner
style,1470,american amber / red ale,american pale lager,american amber / red ale
style,1471,american ipa,american wild ale,american ipa
style,1472,american pale ale (apa),belgian ipa,american pale ale (apa)
style,1473,american stout,berliner weissbier,american stout
style,1474,american double / imperial ipa,belgian dark ale,american double / imperial ipa
style,1475,american ipa,belgian strong dark ale,american ipa
style,1476,english dark mild ale,doppelbock,english dark mild ale
style,1477,american blonde ale,american porter,american blonde ale
style,1478,dunkelweizen,english india pale ale (ipa),dunkelweizen
style,1479,american blonde ale,american wild ale,american blonde ale
style,1480,american amber / red ale,american white ipa,american amber / red ale
style,1481,english brown ale,doppelbock,english brown ale
style,1482,witbier,fruit / vegetable beer,witbier
style,1483,cream ale,dortmunder / export lager,cream ale
style,1484,american ipa,american wild ale,american ipa
style,1485,witbier,irish dry stout,witbier
style,1486,american pale ale (apa),belgian dark ale,american pale ale (apa)
style,1487,american amber / red ale,american porter,american amber / red ale
style,1488,american pale ale (apa),bock,american pale ale (apa)
style,1490,english india pale ale (ipa),czech pilsener,english india pale ale (ipa)
style,1491,american stout,belgian dark ale,american stout
style,1492,irish red ale,english india pale ale (ipa),irish red ale
style,1493,german pilsener,english bitter,german pilsener
style,1494,american ipa,belgian dark ale,american ipa
style,1495,milk / sweet stout,herbed / spiced beer,milk / sweet stout
style,1497,pumpkin ale,irish dry stout,pumpkin ale
style,1498,american porter,berliner weissbier,american porter
style,1499,extra special / strong bitter (esb),english pale mild ale,extra special / strong bitter (esb)
style,1500,american ipa,belgian ipa,american ipa
style,1501,american ipa,belgian dark ale,american ipa
style,1502,american pale ale (apa),belgian ipa,american pale ale (apa)
style,1503,german pilsener,english pale ale,german pilsener
style,1504,american pale wheat ale,bière de garde,american pale wheat ale
style,1505,american ipa,belgian dark ale,american ipa
style,1506,czech pilsener,doppelbock,czech pilsener
style,1507,pumpkin ale,foreign / export stout,pumpkin ale
style,1508,american ipa,american white ipa,american ipa
style,1509,fruit / vegetable beer,english pale mild ale,fruit / vegetable beer
style,1511,american amber / red ale,american white ipa,american amber / red ale
style,1512,american stout,bière de garde,american stout
style,1513,american ipa,american white ipa,american ipa
style,1514,baltic porter,doppelbock,baltic porter
style,1515,english bitter,english pale ale,english bitter
style,1516,keller bier / zwickel bier,german pilsener,keller bier / zwickel bier
style,1517,american pale ale (apa),belgian strong dark ale,american pale ale (apa)
style,1518,american pale wheat ale,belgian ipa,american pale wheat ale
style,1519,dunkelweizen,cream ale,dunkelweizen
style,1520,altbier,american porter,altbier
style,1521,k?lsch,english pale mild ale,k?lsch
style,1522,belgian strong dark ale,chile beer,belgian strong dark ale
style,1523,scotch ale / wee heavy,mead,scotch ale / wee heavy
style,1524,american porter,chile beer,american porter
style,1525,hefeweizen,foreign / export stout,hefeweizen
style,1526,american pale ale (apa),bock,american pale ale (apa)
style,1527,american pale ale (apa),bock,american pale ale (apa)
style,1528,hefeweizen,foreign / export stout,hefeweizen
style,1529,scottish ale,irish red ale,scottish ale
style,1530,american brown ale,baltic porter,american brown ale
style,1531,saison / farmhouse ale,gose,saison / farmhouse ale
style,1532,american pale ale (apa),belgian strong dark ale,american pale ale (apa)
style,1533,american stout,bock,american stout
style,1534,rye beer,grisette,rye beer
style,1536,american brown ale,baltic porter,american brown ale
style,1539,pumpkin ale,k?lsch,pumpkin ale
style,1540,american pale wheat ale,berliner weissbier,american pale wheat ale
style,1541,american blonde ale,belgian ipa,american blonde ale
style,1542,american ipa,belgian strong pale ale,american ipa
style,1543,american pale ale (apa),bock,american pale ale (apa)
style,1544,american pale wheat ale,braggot,american pale wheat ale
style,1546,american amber / red lager,baltic porter,american amber / red lager
style,1548,euro dark lager,english strong ale,euro dark lager
style,1549,light lager,fruit / vegetable beer,light lager
style,1550,saison / farmhouse ale,low alcohol beer,saison / farmhouse ale
style,1551,saison / farmhouse ale,low alcohol beer,saison / farmhouse ale
style,1552,american ipa,belgian pale ale,american ipa
style,1553,american pale ale (apa),belgian strong dark ale,american pale ale (apa)
style,1554,scotch ale / wee heavy,k?lsch,scotch ale / wee heavy
style,1555,32.0 oz.,american brown ale,32
style,1556,nan,cider,nan
style,1557,american ipa,belgian ipa,american ipa
style,1558,english brown ale,english barleywine,english brown ale
style,1559,american ipa,belgian dark ale,american ipa
style,1560,american pale ale (apa),baltic porter,american pale ale (apa)
style,1561,american pale ale (apa),american stout,american pale ale (apa)
style,1562,czech pilsener,dunkelweizen,czech pilsener
style,1563,american ipa,belgian strong pale ale,american ipa
style,1564,american ipa,belgian ipa,american ipa
style,1565,american pale ale (apa),belgian strong pale ale,american pale ale (apa)
style,1566,american brown ale,american wild ale,american brown ale
style,1567,american pale ale (apa),american strong ale,american pale ale (apa)
style,1568,american pale ale (apa),american strong ale,american pale ale (apa)
style,1569,american double / imperial ipa,american malt liquor,american double / imperial ipa
style,1570,american pale ale (apa),american strong ale,american pale ale (apa)
style,1571,american pale ale (apa),american strong ale,american pale ale (apa)
style,1572,american double / imperial ipa,belgian dark ale,american double / imperial ipa
style,1573,belgian dark ale,cider,belgian dark ale
style,1574,belgian strong pale ale,czech pilsener,belgian strong pale ale
style,1575,american strong ale,baltic porter,american strong ale
style,1576,american double / imperial ipa,american strong ale,american double / imperial ipa
style,1577,american double / imperial ipa,american pilsner,american double / imperial ipa
style,1578,american double / imperial ipa,american pale ale (apa),american double / imperial ipa
style,1579,russian imperial stout,english pale mild ale,russian imperial stout
style,1580,czech pilsener,cream ale,czech pilsener
style,1581,american double / imperial ipa,american india pale lager,american double / imperial ipa
style,1582,scottish ale,grisette,scottish ale
style,1583,american double / imperial ipa,american pale wheat ale,american double / imperial ipa
style,1584,american pale ale (apa),american strong ale,american pale ale (apa)
style,1585,american double / imperial ipa,american pale ale (apa),american double / imperial ipa
style,1586,russian imperial stout,euro dark lager,russian imperial stout
style,1587,russian imperial stout,euro dark lager,russian imperial stout
style,1588,scottish ale,irish dry stout,scottish ale
style,1589,scottish ale,irish dry stout,scottish ale
style,1590,scottish ale,irish dry stout,scottish ale
style,1591,american pale ale (apa),american strong ale,american pale ale (apa)
style,1592,american pale ale (apa),american wild ale,american pale ale (apa)
style,1593,american pale ale (apa),american strong ale,american pale ale (apa)
style,1594,american pale ale (apa),american strong ale,american pale ale (apa)
style,1595,american pale ale (apa),american strong ale,american pale ale (apa)
style,1596,american brown ale,american porter,american brown ale
style,1597,american double / imperial ipa,american pilsner,american double / imperial ipa
style,1598,american double / imperial ipa,american pale wheat ale,american double / imperial ipa
style,1599,russian imperial stout,foreign / export stout,russian imperial stout
style,1601,scottish ale,light lager,scottish ale
style,1602,american pale ale (apa),berliner weissbier,american pale ale (apa)
style,1603,american pale ale (apa),american wild ale,american pale ale (apa)
style,1604,american white ipa,belgian ipa,american white ipa
style,1605,american pale ale (apa),american porter,american pale ale (apa)
style,1606,american pale ale (apa),belgian pale ale,american pale ale (apa)
style,1607,american ipa,belgian dark ale,american ipa
style,1608,american dark wheat ale,american porter,american dark wheat ale
style,1609,irish red ale,fruit / vegetable beer,irish red ale
style,1610,american pale ale (apa),baltic porter,american pale ale (apa)
style,1611,k?lsch,foreign / export stout,k?lsch
style,1612,english bitter,english brown ale,english bitter
style,1613,american porter,berliner weissbier,american porter
style,1614,american pale ale (apa),belgian strong dark ale,american pale ale (apa)
style,1615,american ipa,american porter,american ipa
style,1616,american pale lager,belgian dark ale,american pale lager
style,1617,american pale ale (apa),belgian dark ale,american pale ale (apa)
style,1618,american brown ale,american white ipa,american brown ale
style,1619,k?lsch,euro pale lager,k?lsch
style,1620,american pilsner,belgian pale ale,american pilsner
style,1621,american pale wheat ale,baltic porter,american pale wheat ale
style,1622,light lager,grisette,light lager
style,1623,american pilsner,bock,american pilsner
style,1624,american ipa,american stout,american ipa
style,1625,american ipa,american white ipa,american ipa
style,1626,american pale wheat ale,belgian strong dark ale,american pale wheat ale
style,1627,german pilsener,english strong ale,german pilsener
style,1628,american brown ale,berliner weissbier,american brown ale
style,1629,american blonde ale,belgian strong pale ale,american blonde ale
style,1630,american black ale,belgian dark ale,american black ale
style,1631,american ipa,belgian dark ale,american ipa
style,1632,american pale ale (apa),berliner weissbier,american pale ale (apa)
style,1633,american ipa,berliner weissbier,american ipa
style,1634,american pale lager,american white ipa,american pale lager
style,1635,american pale wheat ale,american wild ale,american pale wheat ale
style,1636,czech pilsener,braggot,czech pilsener
style,1637,american pale ale (apa),american white ipa,american pale ale (apa)
style,1638,american pale wheat ale,american wild ale,american pale wheat ale
style,1639,american pale wheat ale,american wild ale,american pale wheat ale
style,1640,american pale wheat ale,american wild ale,american pale wheat ale
style,1641,american pale lager,belgian strong pale ale,american pale lager
style,1642,american amber / red ale,american strong ale,american amber / red ale
style,1643,dubbel,dunkelweizen,dubbel
style,1644,american ipa,baltic porter,american ipa
style,1645,american ipa,american white ipa,american ipa
style,1646,american pale ale (apa),belgian pale ale,american pale ale (apa)
style,1647,american amber / red ale,american stout,american amber / red ale
style,1648,american ipa,american pale wheat ale,american ipa
style,1649,milk / sweet stout,extra special / strong bitter (esb),milk / sweet stout
style,1650,american pale ale (apa),belgian ipa,american pale ale (apa)
style,1651,chile beer,english brown ale,chile beer
style,1652,american black ale,belgian ipa,american black ale
style,1653,fruit / vegetable beer,foreign / export stout,fruit / vegetable beer
style,1654,american blonde ale,berliner weissbier,american blonde ale
style,1655,american porter,bock,american porter
style,1656,american dark wheat ale,belgian ipa,american dark wheat ale
style,1657,american amber / red ale,american wild ale,american amber / red ale
style,1658,american ipa,american strong ale,american ipa
style,1659,american amber / red ale,belgian dark ale,american amber / red ale
style,1660,american ipa,belgian strong dark ale,american ipa
style,1661,american pale ale (apa),belgian strong pale ale,american pale ale (apa)
style,1662,american ipa,belgian dark ale,american ipa
style,1663,american amber / red ale,american stout,american amber / red ale
style,1664,american ipa,american white ipa,american ipa
style,1665,american pilsner,bock,american pilsner
style,1666,american pale ale (apa),belgian pale ale,american pale ale (apa)
style,1667,american barleywine,american strong ale,american barleywine
style,1668,american ipa,american white ipa,american ipa
style,1669,american amber / red ale,american pale lager,american amber / red ale
style,1670,american pale wheat ale,chile beer,american pale wheat ale
style,1671,munich helles lager,irish red ale,munich helles lager
style,1672,munich dunkel lager,irish red ale,munich dunkel lager
style,1673,czech pilsener,english bitter,czech pilsener
style,1674,american pale ale (apa),american stout,american pale ale (apa)
style,1675,czech pilsener,dubbel,czech pilsener
style,1676,american pale wheat ale,belgian strong pale ale,american pale wheat ale
style,1677,hefeweizen,english dark mild ale,hefeweizen
style,1678,hefeweizen,english dark mild ale,hefeweizen
style,1680,american porter,berliner weissbier,american porter
style,1681,munich helles lager,german pilsener,munich helles lager
style,1683,gose,german pilsener,gose
style,1684,witbier,maibock / helles bock,witbier
style,1686,american blonde ale,belgian dark ale,american blonde ale
style,1687,english pale ale,english india pale ale (ipa),english pale ale
style,1688,german pilsener,english strong ale,german pilsener
style,1689,american blonde ale,american white ipa,american blonde ale
style,1690,american blonde ale,baltic porter,american blonde ale
style,1691,american brown ale,american pale wheat ale,american brown ale
style,1692,american ipa,american white ipa,american ipa
style,1693,czech pilsener,cream ale,czech pilsener
style,1694,american blonde ale,american wild ale,american blonde ale
style,1695,american ipa,belgian dark ale,american ipa
style,1696,belgian ipa,california common / steam beer,belgian ipa
style,1697,american porter,berliner weissbier,american porter
style,1698,rye beer,low alcohol beer,rye beer
style,1700,american ipa,belgian dark ale,american ipa
style,1701,american ipa,american porter,american ipa
style,1702,american amber / red ale,american strong ale,american amber / red ale
style,1703,mead,gose,mead
style,1704,mead,gose,mead
style,1705,mead,gose,mead
style,1706,witbier,maibock / helles bock,witbier
style,1707,american pale ale (apa),berliner weissbier,american pale ale (apa)
style,1708,russian imperial stout,herbed / spiced beer,russian imperial stout
style,1710,american double / imperial ipa,american ipa,american double / imperial ipa
style,1711,american blonde ale,american wild ale,american blonde ale
style,1712,american ipa,belgian pale ale,american ipa
style,1713,american stout,bière de garde,american stout
style,1714,american stout,bière de garde,american stout
style,1715,american porter,bière de garde,american porter
style,1716,american blonde ale,american white ipa,american blonde ale
style,1717,vienna lager,hefeweizen,vienna lager
style,1718,american pale ale (apa),berliner weissbier,american pale ale (apa)
style,1719,american amber / red ale,american pale lager,american amber / red ale
style,1720,american blonde ale,american pilsner,american blonde ale
style,1721,american pale ale (apa),bière de garde,american pale ale (apa)
style,1722,belgian pale ale,bock,belgian pale ale
style,1723,herbed / spiced beer,foreign / export stout,herbed / spiced beer
style,1724,herbed / spiced beer,flanders oud bruin,herbed / spiced beer
style,1725,m?rzen / oktoberfest,german pilsener,m?rzen / oktoberfest
style,1726,american porter,belgian strong pale ale,american porter
style,1727,american ipa,american porter,american ipa
style,1728,witbier,maibock / helles bock,witbier
style,1729,american amber / red ale,baltic porter,american amber / red ale
style,1730,american pale ale (apa),berliner weissbier,american pale ale (apa)
style,1731,american amber / red ale,american strong ale,american amber / red ale
style,1732,american porter,bière de garde,american porter
style,1733,m?rzen / oktoberfest,herbed / spiced beer,m?rzen / oktoberfest
style,1734,american pale ale (apa),berliner weissbier,american pale ale (apa)
style,1736,american blonde ale,belgian strong dark ale,american blonde ale
style,1738,gose,english strong ale,gose
style,1740,witbier,kristalweizen,witbier
style,1741,american amber / red ale,american pale wheat ale,american amber / red ale
style,1745,m?rzen / oktoberfest,fruit / vegetable beer,m?rzen / oktoberfest
style,1746,pumpkin ale,hefeweizen,pumpkin ale
style,1748,oatmeal stout,hefeweizen,oatmeal stout
style,1751,american amber / red ale,american stout,american amber / red ale
style,1752,american amber / red ale,american stout,american amber / red ale
style,1754,scottish ale,herbed / spiced beer,scottish ale
style,1755,witbier,k?lsch,witbier
style,1756,american amber / red lager,american stout,american amber / red lager
style,1758,fruit / vegetable beer,english stout,fruit / vegetable beer
style,1759,american amber / red lager,american stout,american amber / red lager
style,1762,american adjunct lager,american stout,american adjunct lager
style,1763,american amber / red ale,american strong ale,american amber / red ale
style,1764,milk / sweet stout,english strong ale,milk / sweet stout
style,1765,american ipa,belgian strong dark ale,american ipa
style,1766,american adjunct lager,american pale wheat ale,american adjunct lager
style,1767,american amber / red ale,american porter,american amber / red ale
style,1769,american ipa,american wild ale,american ipa
style,1771,saison / farmhouse ale,irish dry stout,saison / farmhouse ale
style,1774,english brown ale,english barleywine,english brown ale
style,1777,k?lsch,flanders oud bruin,k?lsch
style,1778,american amber / red ale,american pale wheat ale,american amber / red ale
style,1779,american black ale,american pale lager,american black ale
style,1780,american amber / red lager,american pale lager,american amber / red lager
style,1781,american black ale,american wild ale,american black ale
style,1782,american amber / red ale,american strong ale,american amber / red ale
style,1783,witbier,low alcohol beer,witbier
style,1784,american ipa,american strong ale,american ipa
style,1785,american pale ale (apa),belgian ipa,american pale ale (apa)
style,1786,k?lsch,euro pale lager,k?lsch
style,1787,american porter,cider,american porter
style,1788,winter warmer,munich dunkel lager,winter warmer
style,1790,m?rzen / oktoberfest,grisette,m?rzen / oktoberfest
style,1791,american blonde ale,belgian strong pale ale,american blonde ale
style,1792,american pale wheat ale,baltic porter,american pale wheat ale
style,1793,belgian ipa,braggot,belgian ipa
style,1794,american amber / red ale,american porter,american amber / red ale
style,1795,hefeweizen,fruit / vegetable beer,hefeweizen
style,1796,american ipa,american pale lager,american ipa
style,1797,american porter,belgian strong dark ale,american porter
style,1798,american pale ale (apa),american wild ale,american pale ale (apa)
style,1799,herbed / spiced beer,extra special / strong bitter (esb),herbed / spiced beer
style,1800,fruit / vegetable beer,extra special / strong bitter (esb),fruit / vegetable beer
style,1801,american pale ale (apa),belgian dark ale,american pale ale (apa)
style,1802,american ipa,american pale lager,american ipa
style,1803,hefeweizen,flanders oud bruin,hefeweizen
style,1804,american pale ale (apa),american wild ale,american pale ale (apa)
style,1805,american amber / red ale,american porter,american amber / red ale
style,1806,saison / farmhouse ale,low alcohol beer,saison / farmhouse ale
style,1807,american black ale,american malt liquor,american black ale
style,1808,american double / imperial ipa,american white ipa,american double / imperial ipa
style,1809,american brown ale,american strong ale,american brown ale
style,1810,english india pale ale (ipa),dubbel,english india pale ale (ipa)
style,1811,saison / farmhouse ale,grisette,saison / farmhouse ale
style,1812,american black ale,american pale ale (apa),american black ale
style,1813,irish red ale,english dark mild ale,irish red ale
style,1814,m?rzen / oktoberfest,english pale ale,m?rzen / oktoberfest
style,1815,russian imperial stout,extra special / strong bitter (esb),russian imperial stout
style,1816,german pilsener,dunkelweizen,german pilsener
style,1817,american ipa,belgian dark ale,american ipa
style,1818,american blonde ale,american wild ale,american blonde ale
style,1819,cider,california common / steam beer,cider
style,1820,cider,california common / steam beer,cider
style,1821,cider,california common / steam beer,cider
style,1823,schwarzbier,german pilsener,schwarzbier
style,1825,american brown ale,american white ipa,american brown ale
style,1826,hefeweizen,english stout,hefeweizen
style,1827,munich helles lager,flanders oud bruin,munich helles lager
style,1828,fruit / vegetable beer,english brown ale,fruit / vegetable beer
style,1829,american ipa,american white ipa,american ipa
style,1830,cider,california common / steam beer,cider
style,1831,cider,california common / steam beer,cider
style,1832,american ipa,baltic porter,american ipa
style,1833,american porter,belgian strong pale ale,american porter
style,1835,english brown ale,english stout,english brown ale
style,1836,american amber / red ale,american wild ale,american amber / red ale
style,1839,american black ale,american porter,american black ale
style,1840,english pale ale,dunkelweizen,english pale ale
style,1841,american ipa,american strong ale,american ipa
style,1843,pumpkin ale,flanders oud bruin,pumpkin ale
style,1844,american blonde ale,american stout,american blonde ale
style,1845,german pilsener,flanders oud bruin,german pilsener
style,1846,american ipa,belgian ipa,american ipa
style,1847,maibock / helles bock,grisette,maibock / helles bock
style,1848,rye beer,kristalweizen,rye beer
style,1849,american pale ale (apa),belgian pale ale,american pale ale (apa)
style,1850,american pale wheat ale,bière de garde,american pale wheat ale
style,1851,czech pilsener,english bitter,czech pilsener
style,1853,american pale ale (apa),baltic porter,american pale ale (apa)
style,1855,american brown ale,american porter,american brown ale
style,1856,american amber / red ale,american pale lager,american amber / red ale
style,1857,american ipa,american white ipa,american ipa
style,1858,baltic porter,california common / steam beer,baltic porter
style,1859,gose,german pilsener,gose
style,1860,belgian pale ale,cream ale,belgian pale ale
style,1861,fruit / vegetable beer,gose,fruit / vegetable beer
style,1867,german pilsener,extra special / strong bitter (esb),german pilsener
style,1869,rye beer,hefeweizen,rye beer
style,1873,american pale wheat ale,braggot,american pale wheat ale
style,1874,saison / farmhouse ale,irish red ale,saison / farmhouse ale
style,1875,american double / imperial ipa,american pale lager,american double / imperial ipa
style,1877,pumpkin ale,german pilsener,pumpkin ale
style,1878,german pilsener,euro dark lager,german pilsener
style,1880,rye beer,german pilsener,rye beer
style,1882,american ipa,belgian strong dark ale,american ipa
style,1883,doppelbock,dunkelweizen,doppelbock
style,1885,american stout,braggot,american stout
style,1886,american stout,belgian ipa,american stout
style,1887,foreign / export stout,english strong ale,foreign / export stout
style,1888,american stout,belgian ipa,american stout
style,1889,american pale lager,belgian pale ale,american pale lager
style,1890,american blonde ale,american pilsner,american blonde ale
style,1891,american pale ale (apa),baltic porter,american pale ale (apa)
style,1892,extra special / strong bitter (esb),english bitter,extra special / strong bitter (esb)
style,1893,american ipa,american porter,american ipa
style,1894,american amber / red ale,american pale wheat ale,american amber / red ale
style,1896,belgian ipa,braggot,belgian ipa
style,1897,tripel,low alcohol beer,tripel
style,1898,english pale ale,english brown ale,english pale ale
style,1900,winter warmer,keller bier / zwickel bier,winter warmer
style,1901,grisette,english pale mild ale,grisette
style,1903,munich helles lager,foreign / export stout,munich helles lager
style,1904,winter warmer,k?lsch,winter warmer
style,1906,m?rzen / oktoberfest,euro dark lager,m?rzen / oktoberfest
style,1907,american ipa,american porter,american ipa
style,1908,munich dunkel lager,euro pale lager,munich dunkel lager
style,1909,hefeweizen,english pale ale,hefeweizen
style,1910,german pilsener,dunkelweizen,german pilsener
style,1914,saison / farmhouse ale,hefeweizen,saison / farmhouse ale
style,1917,foreign / export stout,english dark mild ale,foreign / export stout
style,1918,english brown ale,dunkelweizen,english brown ale
style,1919,vienna lager,irish dry stout,vienna lager
style,1922,k?lsch,german pilsener,k?lsch
style,1923,american double / imperial ipa,belgian strong dark ale,american double / imperial ipa
style,1926,m?rzen / oktoberfest,gose,m?rzen / oktoberfest
style,1927,american double / imperial ipa,baltic porter,american double / imperial ipa
style,1928,american double / imperial stout,belgian ipa,american double / imperial stout
style,1929,saison / farmhouse ale,keller bier / zwickel bier,saison / farmhouse ale
style,1930,witbier,low alcohol beer,witbier
style,1931,maibock / helles bock,gose,maibock / helles bock
style,1932,american barleywine,american double / imperial stout,american barleywine
style,1933,american blonde ale,american white ipa,american blonde ale
style,1934,american pale ale (apa),belgian strong pale ale,american pale ale (apa)
style,1935,american pale wheat ale,braggot,american pale wheat ale
style,1936,american porter,berliner weissbier,american porter
style,1938,american ipa,american pale ale (apa),american ipa
style,1939,bock,california common / steam beer,bock
style,1941,saison / farmhouse ale,fruit / vegetable beer,saison / farmhouse ale
style,1942,k?lsch,euro dark lager,k?lsch
style,1943,light lager,english stout,light lager
style,1948,extra special / strong bitter (esb),english pale mild ale,extra special / strong bitter (esb)
style,1950,american blonde ale,belgian pale ale,american blonde ale
style,1952,oatmeal stout,gose,oatmeal stout
style,1953,american blonde ale,american white ipa,american blonde ale
style,1956,saison / farmhouse ale,kristalweizen,saison / farmhouse ale
style,1961,old ale,german pilsener,old ale
style,1962,american blonde ale,belgian strong dark ale,american blonde ale
style,1964,saison / farmhouse ale,grisette,saison / farmhouse ale
style,1966,foreign / export stout,english dark mild ale,foreign / export stout
style,1967,american pale ale (apa),braggot,american pale ale (apa)
style,1968,american blonde ale,belgian ipa,american blonde ale
style,1969,american ipa,baltic porter,american ipa
style,1970,english india pale ale (ipa),english dark mild ale,english india pale ale (ipa)
style,1971,american pale ale (apa),belgian ipa,american pale ale (apa)
style,1972,american double / imperial ipa,american white ipa,american double / imperial ipa
style,1973,american porter,belgian strong dark ale,american porter
style,1974,american double / imperial ipa,american white ipa,american double / imperial ipa
style,1975,american amber / red ale,american pilsner,american amber / red ale
style,1976,american stout,belgian strong pale ale,american stout
style,1977,american double / imperial ipa,belgian pale ale,american double / imperial ipa
style,1978,american pale ale (apa),belgian ipa,american pale ale (apa)
style,1979,american ipa,belgian strong pale ale,american ipa
style,1980,american pale ale (apa),belgian strong dark ale,american pale ale (apa)
style,1981,irish red ale,foreign / export stout,irish red ale
style,1982,american pale wheat ale,belgian strong pale ale,american pale wheat ale
style,1983,vienna lager,irish red ale,vienna lager
style,1984,vienna lager,irish dry stout,vienna lager
style,1987,german pilsener,extra special / strong bitter (esb),german pilsener
style,1989,m?rzen / oktoberfest,german pilsener,m?rzen / oktoberfest
style,1991,american pale ale (apa),belgian pale ale,american pale ale (apa)
style,1992,k?lsch,flanders oud bruin,k?lsch
style,1993,american amber / red lager,american porter,american amber / red lager
style,1994,american ipa,american porter,american ipa
style,2004,winter warmer,foreign / export stout,winter warmer
style,2005,m?rzen / oktoberfest,euro pale lager,m?rzen / oktoberfest
style,2006,american pale wheat ale,belgian ipa,american pale wheat ale
style,2007,american pale wheat ale,belgian dark ale,american pale wheat ale
style,2008,american pale wheat ale,belgian dark ale,american pale wheat ale
style,2010,k?lsch,english pale ale,k?lsch
style,2011,m?rzen / oktoberfest,english stout,m?rzen / oktoberfest
style,2013,american pale wheat ale,belgian dark ale,american pale wheat ale
style,2014,american pale ale (apa),american white ipa,american pale ale (apa)
style,2015,american amber / red lager,american wild ale,american amber / red lager
style,2016,american adjunct lager,american wild ale,american adjunct lager
style,2017,american amber / red ale,baltic porter,american amber / red ale
style,2018,american black ale,belgian ipa,american black ale
style,2019,american black ale,american wild ale,american black ale
style,2020,saison / farmhouse ale,keller bier / zwickel bier,saison / farmhouse ale
style,2021,american blonde ale,american porter,american blonde ale
style,2022,k?lsch,flanders red ale,k?lsch
style,2023,milk / sweet stout,german pilsener,milk / sweet stout
style,2024,american ipa,american pilsner,american ipa
style,2028,light lager,flanders oud bruin,light lager
style,2030,extra special / strong bitter (esb),english barleywine,extra special / strong bitter (esb)
style,2033,altbier,american pilsner,altbier
style,2034,scottish ale,kristalweizen,scottish ale
style,2035,american porter,belgian strong pale ale,american porter
style,2036,belgian pale ale,california common / steam beer,belgian pale ale
style,2037,scotch ale / wee heavy,maibock / helles bock,scotch ale / wee heavy
style,2038,belgian dark ale,braggot,belgian dark ale
style,2039,scotch ale / wee heavy,low alcohol beer,scotch ale / wee heavy
style,2040,scotch ale / wee heavy,m?rzen / oktoberfest,scotch ale / wee heavy
style,2046,scotch ale / wee heavy,light lager,scotch ale / wee heavy
style,2047,extra special / strong bitter (esb),english pale ale,extra special / strong bitter (esb)
style,2050,russian imperial stout,foreign / export stout,russian imperial stout
style,2051,flanders oud bruin,euro dark lager,flanders oud bruin
style,2053,german pilsener,english strong ale,german pilsener
style,2054,irish dry stout,flanders red ale,irish dry stout
style,2055,scottish ale,light lager,scottish ale
style,2058,quadrupel (quad),irish dry stout,quadrupel (quad)
style,2059,m?rzen / oktoberfest,german pilsener,m?rzen / oktoberfest
style,2064,scotch ale / wee heavy,irish red ale,scotch ale / wee heavy
style,2066,m?rzen / oktoberfest,fruit / vegetable beer,m?rzen / oktoberfest
style,2068,scottish ale,irish red ale,scottish ale
style,2070,american pale ale (apa),belgian dark ale,american pale ale (apa)
style,2073,american ipa,berliner weissbier,american ipa
style,2079,rye beer,hefeweizen,rye beer
style,2080,american brown ale,american strong ale,american brown ale
style,2081,american brown ale,american strong ale,american brown ale
style,2083,keller bier / zwickel bier,fruit / vegetable beer,keller bier / zwickel bier
style,2084,saison / farmhouse ale,herbed / spiced beer,saison / farmhouse ale
style,2086,american ipa,american strong ale,american ipa
style,2087,witbier,milk / sweet stout,witbier
style,2088,american pale ale (apa),baltic porter,american pale ale (apa)
style,2089,oatmeal stout,grisette,oatmeal stout
style,2090,cream ale,dunkelweizen,cream ale
style,2091,herbed / spiced beer,english stout,herbed / spiced beer
style,2092,german pilsener,fruit / vegetable beer,german pilsener
style,2093,hefeweizen,fruit / vegetable beer,hefeweizen
style,2094,american ipa,belgian pale ale,american ipa
style,2095,american pale ale (apa),belgian strong pale ale,american pale ale (apa)
style,2097,saison / farmhouse ale,german pilsener,saison / farmhouse ale
style,2098,american ipa,belgian strong pale ale,american ipa
style,2099,american ipa,american white ipa,american ipa
style,2100,hefeweizen,english pale mild ale,hefeweizen
style,2101,american blonde ale,belgian ipa,american blonde ale
style,2102,american blonde ale,american strong ale,american blonde ale
style,2103,hefeweizen,english india pale ale (ipa),hefeweizen
style,2104,tripel,m?rzen / oktoberfest,tripel
style,2105,saison / farmhouse ale,m?rzen / oktoberfest,saison / farmhouse ale
style,2107,saison / farmhouse ale,keller bier / zwickel bier,saison / farmhouse ale
style,2108,oatmeal stout,hefeweizen,oatmeal stout
style,2110,american brown ale,baltic porter,american brown ale
style,2111,extra special / strong bitter (esb),doppelbock,extra special / strong bitter (esb)
style,2112,milk / sweet stout,gose,milk / sweet stout
style,2115,tripel,hefeweizen,tripel
style,2116,american pale wheat ale,belgian strong pale ale,american pale wheat ale
style,2117,german pilsener,english strong ale,german pilsener
style,2119,american brown ale,american wild ale,american brown ale
style,2120,milk / sweet stout,foreign / export stout,milk / sweet stout
style,2125,american ipa,belgian dark ale,american ipa
style,2126,american porter,chile beer,american porter
style,2127,american ipa,berliner weissbier,american ipa
style,2128,witbier,mead,witbier
style,2129,dubbel,english pale ale,dubbel
style,2130,american brown ale,american porter,american brown ale
style,2131,american ipa,american white ipa,american ipa
style,2132,american pale ale (apa),baltic porter,american pale ale (apa)
style,2133,extra special / strong bitter (esb),english stout,extra special / strong bitter (esb)
style,2134,fruit / vegetable beer,euro pale lager,fruit / vegetable beer
style,2136,american pale ale (apa),belgian strong dark ale,american pale ale (apa)
style,2137,saison / farmhouse ale,german pilsener,saison / farmhouse ale
style,2139,dunkelweizen,english dark mild ale,dunkelweizen
style,2140,english india pale ale (ipa),english brown ale,english india pale ale (ipa)
style,2145,american double / imperial ipa,american white ipa,american double / imperial ipa
style,2146,american double / imperial ipa,american wild ale,american double / imperial ipa
style,2149,english brown ale,doppelbock,english brown ale
style,2150,american pale wheat ale,baltic porter,american pale wheat ale
style,2151,belgian pale ale,chile beer,belgian pale ale
style,2153,dubbel,dunkelweizen,dubbel
style,2154,american pale ale (apa),california common / steam beer,american pale ale (apa)
style,2158,k?lsch,english strong ale,k?lsch
style,2160,english brown ale,dortmunder / export lager,english brown ale
style,2161,american double / imperial ipa,american wild ale,american double / imperial ipa
style,2165,american pale ale (apa),belgian dark ale,american pale ale (apa)
style,2169,shandy,irish red ale,shandy
style,2170,american pale wheat ale,chile beer,american pale wheat ale
style,2173,american brown ale,baltic porter,american brown ale
style,2174,fruit / vegetable beer,german pilsener,fruit / vegetable beer
style,2178,irish red ale,fruit / vegetable beer,irish red ale
style,2181,oatmeal stout,irish dry stout,oatmeal stout
style,2182,american pale ale (apa),belgian ipa,american pale ale (apa)
style,2183,california common / steam beer,czech pilsener,california common / steam beer
style,2187,american dark wheat ale,american strong ale,american dark wheat ale
style,2188,american porter,belgian strong pale ale,american porter
style,2189,fruit / vegetable beer,german pilsener,fruit / vegetable beer
style,2190,russian imperial stout,gose,russian imperial stout
style,2191,roggenbier,k?lsch,roggenbier
style,2194,irish red ale,fruit / vegetable beer,irish red ale
style,2197,american blonde ale,belgian pale ale,american blonde ale
style,2199,american porter,bock,american porter
style,2200,fruit / vegetable beer,flanders red ale,fruit / vegetable beer
style,2201,american blonde ale,american wild ale,american blonde ale
style,2202,american pale ale (apa),belgian dark ale,american pale ale (apa)
style,2203,american amber / red ale,american porter,american amber / red ale
style,2205,vienna lager,k?lsch,vienna lager
style,2206,shandy,herbed / spiced beer,shandy
style,2209,milk / sweet stout,hefeweizen,milk / sweet stout
style,2210,american amber / red ale,baltic porter,american amber / red ale
style,2212,witbier,irish dry stout,witbier
style,2219,american pale ale (apa),american wild ale,american pale ale (apa)
style,2220,american ipa,american porter,american ipa
style,2221,american amber / red lager,belgian ipa,american amber / red lager
style,2223,american adjunct lager,baltic porter,american adjunct lager
style,2228,czech pilsener,english barleywine,czech pilsener
style,2239,dortmunder / export lager,cider,dortmunder / export lager
style,2241,m?rzen / oktoberfest,english strong ale,m?rzen / oktoberfest
style,2246,munich helles lager,flanders red ale,munich helles lager
style,2247,hefeweizen,english pale ale,hefeweizen
style,2250,saison / farmhouse ale,foreign / export stout,saison / farmhouse ale
style,2251,german pilsener,english barleywine,german pilsener
style,2252,pumpkin ale,grisette,pumpkin ale
style,2257,schwarzbier,foreign / export stout,schwarzbier
style,2261,german pilsener,dubbel,german pilsener
style,2263,maibock / helles bock,irish dry stout,maibock / helles bock
style,2267,low alcohol beer,english stout,low alcohol beer
style,2274,american pale ale (apa),baltic porter,american pale ale (apa)
style,2275,altbier,american pale lager,altbier
style,2277,witbier,oatmeal stout,witbier
style,2279,quadrupel (quad),irish red ale,quadrupel (quad)
style,2280,rye beer,kristalweizen,rye beer
style,2281,american wild ale,bière de garde,american wild ale
style,2282,american double / imperial stout,american wild ale,american double / imperial stout
style,2283,american brown ale,american strong ale,american brown ale
style,2284,saison / farmhouse ale,low alcohol beer,saison / farmhouse ale
style,2285,american white ipa,california common / steam beer,american white ipa
style,2286,american wild ale,bock,american wild ale
style,2288,winter warmer,keller bier / zwickel bier,winter warmer
style,2289,pumpkin ale,grisette,pumpkin ale
style,2290,belgian pale ale,bock,belgian pale ale
style,2291,foreign / export stout,english stout,foreign / export stout
style,2292,vienna lager,low alcohol beer,vienna lager
style,2293,vienna lager,light lager,vienna lager
style,2294,english brown ale,english bitter,english brown ale
style,2295,american pale ale (apa),baltic porter,american pale ale (apa)
style,2296,american ipa,american white ipa,american ipa
style,2297,american brown ale,belgian ipa,american brown ale
style,2301,doppelbock,english bitter,doppelbock
style,2304,fruit / vegetable beer,english barleywine,fruit / vegetable beer
style,2313,tripel,k?lsch,tripel
style,2314,witbier,kristalweizen,witbier
style,2322,witbier,grisette,witbier
style,2325,english pale ale,dortmunder / export lager,english pale ale
style,2327,pumpkin ale,flanders red ale,pumpkin ale
style,2328,fruit / vegetable beer,english brown ale,fruit / vegetable beer
style,2330,american amber / red ale,american pale lager,american amber / red ale
style,2332,cream ale,doppelbock,cream ale
style,2333,oatmeal stout,herbed / spiced beer,oatmeal stout
style,2335,herbed / spiced beer,euro pale lager,herbed / spiced beer
style,2340,gose,euro dark lager,gose
style,2341,witbier,irish red ale,witbier
style,2343,m?rzen / oktoberfest,euro dark lager,m?rzen / oktoberfest
style,2348,english stout,czech pilsener,english stout
style,2350,cream ale,dubbel,cream ale
style,2351,chile beer,dubbel,chile beer
style,2358,radler,german pilsener,radler
style,2359,hefeweizen,english pale mild ale,hefeweizen
style,2360,hefeweizen,english pale mild ale,hefeweizen
style,2362,pumpkin ale,grisette,pumpkin ale
style,2367,witbier,light lager,witbier
style,2368,oatmeal stout,german pilsener,oatmeal stout
style,2369,pumpkin ale,foreign / export stout,pumpkin ale
style,2370,american pale ale (apa),belgian dark ale,american pale ale (apa)
style,2372,scotch ale / wee heavy,hefeweizen,scotch ale / wee heavy
style,2375,irish dry stout,english dark mild ale,irish dry stout
style,2377,munich helles lager,euro dark lager,munich helles lager
style,2378,american pale ale (apa),belgian strong pale ale,american pale ale (apa)
style,2379,american blonde ale,baltic porter,american blonde ale
style,2380,american ipa,belgian dark ale,american ipa
style,2386,saison / farmhouse ale,gose,saison / farmhouse ale
style,2392,american pale lager,braggot,american pale lager
style,2398,k?lsch,german pilsener,k?lsch
style,2399,american double / imperial ipa,belgian pale ale,american double / imperial ipa
style,2404,pumpkin ale,grisette,pumpkin ale
style,2407,american amber / red ale,american pale ale (apa),american amber / red ale
style,2408,schwarzbier,herbed / spiced beer,schwarzbier
style,2409,american pale ale (apa),baltic porter,american pale ale (apa)
style,2410,american amber / red ale,american pale lager,american amber / red ale
ounces,1,12,12.976060792075472,12
ounces,2,12,12.757571228866398,12
ounces,3,12,12.754514871431727,12
ounces,4,12,12.750408792547397,12
ounces,5,12,12.754427708181128,12
ounces,6,12,13.351100151901107,12
ounces,7,12,12.759291779873823,12
ounces,8,12,13.102573373079649,12
ounces,9,12,12.759127068503387,12
ounces,10,12,12.764709278984196,12
ounces,11,12,13.391451128102156,12
ounces,12,12,13.391683406668651,12
ounces,13,12,13.391037050405666,12
ounces,14,12,13.108939147042657,12
ounces,15,12,13.078020753468378,12
ounces,16,12,12.92035337208794,12
ounces,17,12,12.934672322362797,12
ounces,18,12,12.934775789530775,12
ounces,19,12,13.02339545374068,12
ounces,20,12,13.40353438628781,12
ounces,21,12,13.025167703494663,12
ounces,22,8.4,11.660451852768146,8.4
ounces,23,12,13.285340600426434,12
ounces,24,12,13.17340933038467,12
ounces,25,12,13.1496529202428,12
ounces,26,12,13.362971842372575,12
ounces,27,12,13.36311847311669,12
ounces,28,12,13.363109415384814,12
ounces,29,12,13.212875296506496,12
ounces,30,12,13.212784858537448,12
ounces,31,12,13.212739918252367,12
ounces,32,12,13.420005488494024,12
ounces,33,12,13.243577802525234,12
ounces,34,12,13.119162852874004,12
ounces,35,12,13.326491444027065,12
ounces,36,12,13.144326764874666,12
ounces,37,12,13.101944766487398,12
ounces,38,12,13.15750005141683,12
ounces,39,12,13.4314050272727,12
ounces,40,12,13.382627364407227,12
ounces,41,12,13.26273608991728,12
ounces,42,12,13.263435068118726,12
ounces,43,12,12.903896170016417,12
ounces,44,12,12.823707233612843,12
ounces,45,12,12.818128367525349,12
ounces,46,12,12.800023424675713,12
ounces,47,12,12.811871077320278,12
ounces,48,12,12.840149246564762,12
ounces,49,12,12.837869415451374,12
ounces,50,12,12.877126461503718,12
ounces,51,16,14.627660233639537,16
ounces,52,16,14.625034815217616,16
ounces,53,16,14.66870910808169,16
ounces,54,16,14.661153984248395,16
ounces,55,16,14.642641582814028,16
ounces,56,16,14.638102265646545,16
ounces,57,16,14.666950723624964,16
ounces,58,16,14.978953146828363,16
ounces,59,16,15.009275088758557,16
ounces,60,16,15.012213138279948,16
ounces,61,16,15.00704242752579,16
ounces,62,12,13.074284021020038,12
ounces,63,12,12.833260841472462,12
ounces,64,12,12.946397974326468,12
ounces,65,12,13.267610264464764,12
ounces,66,12,13.2560400919525,12
ounces,67,12,12.923537582891797,12
ounces,68,16,14.653610635466544,16
ounces,69,16,14.632677659700391,16
ounces,70,16,14.643849605546947,16
ounces,71,16,14.573569061393124,16
ounces,72,16,14.53832591438455,16
ounces,73,16,14.632071627762974,16
ounces,74,16,14.555959994526312,16
ounces,75,16,14.525448606650174,16
ounces,76,16,14.577756311490043,16
ounces,77,16,14.599550468533096,16
ounces,78,16,14.644490544589525,16
ounces,79,16,14.510680950273114,16
ounces,80,16,14.62306573398246,16
ounces,81,16,14.639918201538118,16
ounces,82,16,14.56964908406143,16
ounces,83,16,14.998594768728328,16
ounces,84,16,15.030200400290044,16
ounces,85,16,15.030901886786472,16
ounces,86,12,12.836141896957889,12
ounces,87,12,12.983695275574975,12
ounces,88,12,12.000000023081505,12
ounces,89,12,12.908758221138156,12
ounces,90,12,12.79738114493753,12
ounces,91,12,12.827842784963208,12
ounces,92,16,14.665471596009482,16
ounces,93,16,14.735380076407752,16
ounces,94,16,14.903770070458798,16
ounces,95,16,14.909009201926054,16
ounces,96,16,14.969890816410777,16
ounces,97,12,13.33436884892802,12
ounces,98,12,13.336211017404606,12
ounces,99,12,13.331465462649774,12
ounces,100,12,13.136391216302547,12
ounces,101,12,13.350419498187998,12
ounces,102,12,13.093629838299362,12
ounces,103,12,12.965865339400096,12
ounces,104,12,13.114284219135442,12
ounces,105,12,13.188355458917137,12
ounces,106,12,13.066234902425157,12
ounces,107,12,12.75059573019836,12
ounces,108,12,12.98820233328201,12
ounces,109,12,12.731196576813252,12
ounces,110,12,13.082327217251768,12
ounces,111,16,14.661261910607452,16
ounces,112,12,12.819889329951916,12
ounces,113,12,12.848033305414903,12
ounces,114,12,13.10911183618463,12
ounces,115,12,13.135790166117662,12
ounces,116,12,13.47751807960717,12
ounces,117,12,12.939402060924277,12
ounces,118,12,12.948391999161714,12
ounces,119,12,13.157406373566763,12
ounces,120,16,14.946897276317513,16
ounces,121,16,15.060122408520446,16
ounces,122,16,14.778432799840497,16
ounces,123,16,14.93389761952794,16
ounces,124,16,14.933967015689088,16
ounces,125,12,13.041884932145916,12
ounces,126,12,12.984803384557813,12
ounces,127,12,12.000000023081505,12
ounces,128,12,13.003659317892325,12
ounces,129,16,14.658180052173805,16
ounces,130,16,14.7749677296736,16
ounces,131,16,14.769495048073642,16
ounces,132,12,13.203566665456716,12
ounces,133,12,13.009624774943813,12
ounces,134,12,13.271150897017971,12
ounces,135,12,12.909058589462164,12
ounces,136,12,13.226360691586676,12
ounces,137,16,14.476175451013614,16
ounces,138,16,14.686317547874756,16
ounces,139,12,13.28526354003062,12
ounces,140,12,13.027538460301123,12
ounces,141,12,13.24041027885049,12
ounces,142,16,14.979058077168416,16
ounces,143,16,15.019540285969386,16
ounces,144,16,15.01534056407242,16
ounces,145,12,12.889493191859684,12
ounces,146,12,13.46300313394947,12
ounces,147,12,12.955592059905436,12
ounces,148,12,13.576107469540194,12
ounces,149,12,13.037412572519456,12
ounces,150,12,12.99229879703558,12
ounces,151,16,14.582357848308035,16
ounces,152,16,14.708143476654238,16
ounces,153,16,14.665156665639612,16
ounces,154,12,12.999477676621682,12
ounces,155,12,13.149897200304032,12
ounces,156,12,13.166652715291177,12
ounces,157,16,15.005912301287008,16
ounces,158,12,13.199041109074198,12
ounces,159,12,13.210538575869435,12
ounces,160,12,13.129081452490825,12
ounces,161,12,13.27818523610578,12
ounces,162,12,12.988169028698646,12
ounces,163,12,13.160548396242534,12
ounces,164,12,13.435774930016658,12
ounces,165,12,13.333360200808675,12
ounces,166,12,13.361175485116828,12
ounces,167,12,12.95341513856114,12
ounces,168,12,13.08470044751578,12
ounces,169,12,12.959456994097264,12
ounces,170,12,12.967785996607136,12
ounces,171,12,13.065717322723255,12
ounces,172,12,13.165589024031968,12
ounces,173,12,13.0414894576372,12
ounces,174,12,12.948277732390345,12
ounces,175,12,12.95465709295117,12
ounces,176,12,12.893839997387357,12
ounces,177,12,12.909606930615013,12
ounces,178,12,12.814569166621792,12
ounces,179,12,13.257220384090909,12
ounces,180,12,13.128949488304864,12
ounces,181,12,12.873774752335002,12
ounces,182,12,12.85973826394498,12
ounces,183,12,13.320944245163703,12
ounces,184,12,12.851857061764122,12
ounces,185,12,13.287306894667164,12
ounces,186,12,13.23847018235734,12
ounces,187,12,13.30412034430089,12
ounces,188,12,13.21673517927093,12
ounces,189,12,13.151565564840876,12
ounces,190,12,13.102118640102,12
ounces,191,12,12.829853880139297,12
ounces,192,16,14.633066166723044,16
ounces,193,12,13.415827191616687,12
ounces,194,12,13.235510254929729,12
ounces,195,12,12.838121568771852,12
ounces,196,12,12.000000023081505,12
ounces,197,12,12.000000023081505,12
ounces,198,12,13.017954578714582,12
ounces,199,12,12.000000023081505,12
ounces,200,12,12.924540970559162,12
ounces,201,12,12.89655334548334,12
ounces,202,12,12.833245443328272,12
ounces,203,12,12.935910374960631,12
ounces,204,12,12.89538301685,12
ounces,205,16,14.688661549534748,16
ounces,206,12,12.98455778067423,12
ounces,207,12,13.206710813215732,12
ounces,208,12,13.335790233502784,12
ounces,209,12,13.076940305405197,12
ounces,210,12,13.084453415297554,12
ounces,211,12,13.163121349494428,12
ounces,212,12,13.026137368529506,12
ounces,213,16,14.66310049082872,16
ounces,214,12,12.8547726759804,12
ounces,215,12,12.792227504524218,12
ounces,216,12,13.265172166905543,12
ounces,217,12,13.417335530417471,12
ounces,218,12,12.784496660692517,12
ounces,219,16,14.606731229340436,16
ounces,220,16,14.608336329103864,16
ounces,221,16,14.74656762942308,16
ounces,222,16,14.75217025463804,16
ounces,223,16,14.75905622111022,16
ounces,224,12,12.990798279237898,12
ounces,225,16,14.665414253599216,16
ounces,226,12,12.81908416726293,12
ounces,227,12,12.74400469741106,12
ounces,228,12,13.10987268566228,12
ounces,229,12,13.108046403053908,12
ounces,230,12,12.971509769531409,12
ounces,231,12,12.895386152218723,12
ounces,232,12,13.345579603671924,12
ounces,233,12,13.092168791310206,12
ounces,234,12,12.916460080227852,12
ounces,235,12,13.062324400874502,12
ounces,236,12,13.128432605351572,12
ounces,237,12,13.08236414492788,12
ounces,238,12,13.262068639590252,12
ounces,239,12,13.048342572412611,12
ounces,240,16,14.57580945653542,16
ounces,241,12,13.08836538002028,12
ounces,242,16,14.667642594990628,16
ounces,243,16,14.722101859525536,16
ounces,244,12,13.108172270689565,12
ounces,245,12,13.115066389120434,12
ounces,246,12,13.10376962076113,12
ounces,247,16,14.67851793495565,16
ounces,248,16,14.710510749717669,16
ounces,249,12,13.502115012429774,12
ounces,250,16,14.617973477121328,16
ounces,251,12,13.213389949864249,12
ounces,252,12,13.18699484823952,12
ounces,253,12,12.947334195428226,12
ounces,254,12,13.000657481036065,12
ounces,255,12,12.965116613348188,12
ounces,256,12,12.969646803108931,12
ounces,257,12,13.082915342750017,12
ounces,258,12,13.138416525150198,12
ounces,259,12,13.142132320302933,12
ounces,260,12,13.151512019710513,12
ounces,261,12,13.223371431042754,12
ounces,262,12,13.32068080451581,12
ounces,263,12,13.272250645017536,12
ounces,264,12,13.260412293966858,12
ounces,265,12,13.348157817375792,12
ounces,266,12,13.040141841321088,12
ounces,267,16,14.703921876851046,16
ounces,268,16,14.543757905865922,16
ounces,269,16,14.655409361667552,16
ounces,270,16,14.683297421367593,16
ounces,271,16,14.70307400347252,16
ounces,272,16,14.743683786943231,16
ounces,273,12,12.926033197048431,12
ounces,274,12,12.945110034528447,12
ounces,275,12,12.929116867028458,12
ounces,276,16,14.477751426685314,16
ounces,277,12,13.268366480564184,12
ounces,278,12,13.333416219396591,12
ounces,279,12,13.271499131971204,12
ounces,280,12,13.348082951738087,12
ounces,281,12,13.155487005344645,12
ounces,282,12,13.0635590742416,12
ounces,283,12,13.27436952720296,12
ounces,284,12,12.984321652571689,12
ounces,285,12,12.79914433695964,12
ounces,286,12,12.776632877226806,12
ounces,287,12,13.533467724247544,12
ounces,288,12,12.788338393155763,12
ounces,289,12,12.872141294903312,12
ounces,290,12,12.87612760270229,12
ounces,291,12,12.93918070389218,12
ounces,292,12,12.946014135519476,12
ounces,293,12,12.985630146453582,12
ounces,294,12,12.97748529460025,12
ounces,295,12,12.982205975429853,12
ounces,296,12,13.003793685860972,12
ounces,297,12,12.994292926383116,12
ounces,298,12,13.005911522923489,12
ounces,299,12,13.113071563024292,12
ounces,300,12,13.0616753795481,12
ounces,301,12,13.087791921080187,12
ounces,302,12,13.176106165538696,12
ounces,303,12,13.092368026574064,12
ounces,304,12,13.183606873305866,12
ounces,305,12,13.183817953296025,12
ounces,306,12,13.24432732983804,12
ounces,307,12,13.157350668515724,12
ounces,308,12,13.293301179692218,12
ounces,309,12,13.292888965798248,12
ounces,310,12,12.92223954023899,12
ounces,311,12,13.40449819863436,12
ounces,312,12,13.074206786437072,12
ounces,313,12,13.054285315459548,12
ounces,314,12,13.32359899670193,12
ounces,315,12,13.085410678207207,12
ounces,316,12,12.938447724358763,12
ounces,317,12,12.934198951359944,12
ounces,318,12,12.909162962403329,12
ounces,319,12,12.931325072385158,12
ounces,320,16,14.882578740309576,16
ounces,321,12,13.256261100610294,12
ounces,322,12,13.273035741346671,12
ounces,323,12,13.1649736208258,12
ounces,324,12,13.137247102290043,12
ounces,325,12,13.065419915580826,12
ounces,326,12,13.122524873922089,12
ounces,327,12,13.46988763724958,12
ounces,328,12,13.156693739092644,12
ounces,329,12,12.813045656120115,12
ounces,330,12,13.217804200656971,12
ounces,331,12,12.872887094611077,12
ounces,332,16,14.781410982081583,16
ounces,333,16,14.703976710966332,16
ounces,334,12,13.122691118139455,12
ounces,335,12,13.108683962865744,12
ounces,336,12,13.15057294193947,12
ounces,337,16,14.564064783334809,16
ounces,338,16,14.603707828114825,16
ounces,339,12,13.231249985578907,12
ounces,340,16,14.621372286495804,16
ounces,341,12,12.992586205835517,12
ounces,342,16,14.631269252068412,16
ounces,343,12,12.988880409025278,12
ounces,344,12,12.982799953616388,12
ounces,345,12,13.199555030845916,12
ounces,346,16,14.627404666250888,16
ounces,347,12,13.0162866322269,12
ounces,348,12,13.389154470509936,12
ounces,349,16,14.64621228006958,16
ounces,350,12,13.251959792766588,12
ounces,351,12,13.199756600217604,12
ounces,352,12,13.116448529329972,12
ounces,353,16,14.84255485274157,16
ounces,354,16,14.658036243261543,16
ounces,355,16,14.357428377084284,16
ounces,356,12,13.042747959806622,12
ounces,357,16,14.78044417371603,16
ounces,358,12,13.252866680752035,12
ounces,359,12,12.930051137234118,12
ounces,360,16,14.72255613961659,16
ounces,361,12,13.184877986625052,12
ounces,362,12,13.036246076003447,12
ounces,363,12,12.856061312527029,12
ounces,364,12,13.187782209001623,12
ounces,365,12,12.94429992492436,12
ounces,366,12,13.264588361248654,12
ounces,367,12,13.172093450967552,12
ounces,368,12,13.202469878638729,12
ounces,369,12,12.829145077782508,12
ounces,370,12,12.819681420167914,12
ounces,371,12,12.899360266917098,12
ounces,372,12,12.909385991632078,12
ounces,373,12,12.90586782922141,12
ounces,374,12,13.383220367145716,12
ounces,375,12,13.303364250132471,12
ounces,376,12,13.043811302691529,12
ounces,377,12,12.782306779824149,12
ounces,378,16,14.717982263718252,16
ounces,379,12,12.726136509737712,12
ounces,380,12,12.926256156602324,12
ounces,381,12,13.29082136431022,12
ounces,382,12,13.082974357356935,12
ounces,383,12,13.24269854062201,12
ounces,384,12,13.290967455074163,12
ounces,385,12,13.19276988389701,12
ounces,386,12,13.218873082693296,12
ounces,387,16,14.652226892735213,16
ounces,388,16,14.632695984188729,16
ounces,389,16,14.583579806013075,16
ounces,390,16,14.676898760870383,16
ounces,391,16,14.698010382979088,16
ounces,392,16,14.695391165619762,16
ounces,393,16,14.602773906283463,16
ounces,394,16,14.684711960387304,16
ounces,395,16,14.688905411546816,16
ounces,396,16,14.679434020022695,16
ounces,397,16,14.598296321042463,16
ounces,398,16,14.571220670216915,16
ounces,399,16,14.692635246183958,16
ounces,400,16,14.602571291788868,16
ounces,401,16,14.695389075373946,16
ounces,402,16,14.600510379087456,16
ounces,403,16,14.60431372070252,16
ounces,404,16,14.678163568614686,16
ounces,405,16,14.69884320658773,16
ounces,406,16,14.686649757610052,16
ounces,407,16,14.703176634542167,16
ounces,408,16,14.707632272202083,16
ounces,409,16,14.70587688376436,16
ounces,410,16,14.592094283001842,16
ounces,411,16,14.656706707571752,16
ounces,412,16,14.726782895359465,16
ounces,413,16,14.653187081989014,16
ounces,414,16,14.647816613409542,16
ounces,415,16,14.735315557486846,16
ounces,416,16,14.736278185360767,16
ounces,417,16,14.735409897248084,16
ounces,418,16,14.649463518089323,16
ounces,419,16,14.748312915006018,16
ounces,420,16,14.708335639919747,16
ounces,421,16,14.747190453001902,16
ounces,422,16,14.747135688561478,16
ounces,423,16,14.74479231397523,16
ounces,424,16,14.741862625437111,16
ounces,425,16,14.748553293275055,16
ounces,426,16,14.624895674521015,16
ounces,427,16,14.753284076959444,16
ounces,428,16,14.750127805774683,16
ounces,429,16,14.764999486718608,16
ounces,430,16,14.739195053724536,16
ounces,431,16,14.796055244280542,16
ounces,432,16,14.787816470715132,16
ounces,433,16,14.804316035101897,16
ounces,434,16,14.715990398803685,16
ounces,435,16,14.707271356424224,16
ounces,436,16,14.801675218535788,16
ounces,437,16,14.811370614736706,16
ounces,438,16,14.74436896952228,16
ounces,439,16,14.809715418748514,16
ounces,440,16,14.8077252260306,16
ounces,441,16,14.80452505968367,16
ounces,442,16,14.745020847517967,16
ounces,443,16,14.811555253117271,16
ounces,444,16,14.748517759096154,16
ounces,445,16,14.735859648473198,16
ounces,446,16,14.808104535971657,16
ounces,447,16,14.807041576298484,16
ounces,448,16,14.755480646614426,16
ounces,449,16,14.80226856964858,16
ounces,450,16,14.802469790645963,16
ounces,451,12,13.284093942983311,12
ounces,452,12,12.93188198354586,12
ounces,453,16,14.569188115183762,16
ounces,454,12,12.79710258484489,12
ounces,455,12,12.827792549388722,12
ounces,456,12,13.04030387020939,12
ounces,457,12,13.493127303787876,12
ounces,458,16,14.926426105527357,16
ounces,459,12,13.16671308855788,12
ounces,460,12,13.146484351445148,12
ounces,461,12,13.107420966667815,12
ounces,462,16,14.862551537731102,16
ounces,463,12,13.183283338090712,12
ounces,464,16,14.849690673263828,16
ounces,465,16,14.807199320182862,16
ounces,466,16,14.731594641231858,16
ounces,467,16,14.712964698307673,16
ounces,468,16,14.860383952818124,16
ounces,469,16,14.85066305561823,16
ounces,470,16,14.807653878973356,16
ounces,471,16,14.843771933206368,16
ounces,472,12,13.21971566078242,12
ounces,473,12,12.798218427737249,12
ounces,474,12,13.122223634662324,12
ounces,475,16,14.707784372422754,16
ounces,476,16,14.617171240776488,16
ounces,477,16,14.620132422351592,16
ounces,478,24,15.916436896409351,24
ounces,479,12,13.062544050872514,12
ounces,480,12,13.428039452806726,12
ounces,481,12,13.347101598745382,12
ounces,482,16,14.614450716169864,16
ounces,483,16,14.59010631987947,16
ounces,484,16,14.665986144854944,16
ounces,485,16,14.65003018373051,16
ounces,486,16,14.643040750090352,16
ounces,487,12,12.869922568642664,12
ounces,488,12,13.232809587658371,12
ounces,489,12,13.036700077395055,12
ounces,490,12,13.25514128625088,12
ounces,491,12,13.089636632689189,12
ounces,492,12,13.267435763776414,12
ounces,493,12,12.881535068632736,12
ounces,494,12,12.874987443283583,12
ounces,495,12,12.887281642109675,12
ounces,496,16,14.8180435154852,16
ounces,497,16,14.85249355355567,16
ounces,498,16,14.852328702835512,16
ounces,499,16,14.794487281217808,16
ounces,500,16,14.814944935085007,16
ounces,501,16,14.70523496927374,16
ounces,502,16,14.754339511747672,16
ounces,503,16,14.927667990242526,16
ounces,504,16,14.948648762963042,16
ounces,505,12,12.96890072470173,12
ounces,506,12,12.944855930311874,12
ounces,507,12,13.027377023649136,12
ounces,508,12,13.001560954953344,12
ounces,509,12,12.929933874443744,12
ounces,510,12,13.316624038014062,12
ounces,511,12,13.316704878271064,12
ounces,512,12,13.134452861680913,12
ounces,513,12,13.135103067479946,12
ounces,514,12,13.135290248992924,12
ounces,515,12,13.135478022742214,12
ounces,516,12,13.28147977705138,12
ounces,517,12,13.164681439297912,12
ounces,518,12,13.178072355267131,12
ounces,519,12,12.76309609693694,12
ounces,520,12,12.932318844921763,12
ounces,521,12,13.488005017061829,12
ounces,522,12,12.983521227773222,12
ounces,523,12,12.995491299147846,12
ounces,524,12,13.21520059046642,12
ounces,525,16,14.636295596511426,16
ounces,526,16,14.686953121953064,16
ounces,527,12,13.062022569378424,12
ounces,528,12,13.23378043716584,12
ounces,529,12,12.77676783743177,12
ounces,530,16,14.724577476997188,16
ounces,531,16,14.682361478965277,16
ounces,532,12,12.000000023081505,12
ounces,533,12,13.040746653948444,12
ounces,534,12,12.973848754601438,12
ounces,535,12,13.057946485521576,12
ounces,536,16,14.856706095626985,16
ounces,537,12,13.197086102160885,12
ounces,538,12,13.130735220144375,12
ounces,539,12,13.411670720389436,12
ounces,540,12,13.147163193611885,12
ounces,541,12,13.42707227864815,12
ounces,542,12,13.428542766580918,12
ounces,543,12,13.094318678808593,12
ounces,544,12,13.094050848644482,12
ounces,545,12,13.12436770430985,12
ounces,546,16,14.5778668854938,16
ounces,547,12,13.070717782955562,12
ounces,548,12,13.14750254502039,12
ounces,549,16,14.710881071601708,16
ounces,550,16,14.860538352309195,16
ounces,551,16,14.735606728729254,16
ounces,552,12,12.914397774029228,12
ounces,553,16,14.83095789024541,16
ounces,554,16,14.831035089990944,16
ounces,555,12,12.977732779705068,12
ounces,556,12,12.949709411425763,12
ounces,557,12,13.179755804411297,12
ounces,558,12,13.17837150428108,12
ounces,559,12,13.264984985392566,12
ounces,560,12,13.189826190711914,12
ounces,561,12,13.254315081753996,12
ounces,562,16,14.67380324616406,16
ounces,563,16,14.694021079161107,16
ounces,564,12,12.835460894870474,12
ounces,565,12,12.89545157691282,12
ounces,566,16,14.68464075267978,16
ounces,567,16,14.792492629308818,16
ounces,568,16,14.775899421909418,16
ounces,569,16,14.750923213983189,16
ounces,570,16,14.923692900096103,16
ounces,571,16,14.936417201836624,16
ounces,572,12,12.818935341760708,12
ounces,573,12,12.912964631821737,12
ounces,574,12,12.928413081261631,12
ounces,575,12,12.943709430480856,12
ounces,576,12,13.049451447818914,12
ounces,577,12,13.096006691656124,12
ounces,578,16,14.42158826343466,16
ounces,579,16,14.67710583455606,16
ounces,580,16,14.538533336444528,16
ounces,581,16,14.53473786808871,16
ounces,582,24,16.00819088422293,24
ounces,583,12,13.007547837024465,12
ounces,584,12,13.010953195835834,12
ounces,585,12,12.933211797935094,12
ounces,586,16,14.66429053744761,16
ounces,587,16,14.679685337244848,16
ounces,588,16,14.690321413738602,16
ounces,589,16,14.758735995450946,16
ounces,590,16,14.81440815995902,16
ounces,591,16,14.812166719693815,16
ounces,592,16,14.699125389773124,16
ounces,593,16,14.692705757142877,16
ounces,594,16,14.721097705434705,16
ounces,595,12,13.173191387420742,12
ounces,596,12,12.8876811577603,12
ounces,597,12,12.929313419810184,12
ounces,598,12,12.929342265202468,12
ounces,599,12,13.154239546640628,12
ounces,600,12,13.264122515130744,12
ounces,601,12,13.259569437178293,12
ounces,602,12,13.204595519285627,12
ounces,603,12,13.20053117564279,12
ounces,604,12,13.20764442151022,12
ounces,605,12,13.205030185903423,12
ounces,606,12,13.261070129163128,12
ounces,607,12,13.261112700502949,12
ounces,608,12,13.22037164959488,12
ounces,609,12,13.262438125375963,12
ounces,610,12,13.26248132378953,12
ounces,611,12,13.26252392996678,12
ounces,612,12,13.2359742198264,12
ounces,613,16,14.52467653951997,16
ounces,614,12,13.325223918963196,12
ounces,615,12,13.3252808433243,12
ounces,616,12,13.311865366966725,12
ounces,617,12,13.249965210532457,12
ounces,618,12,13.062004941638694,12
ounces,619,12,12.967898103457827,12
ounces,620,12,13.291781309702008,12
ounces,621,12,13.266432933507932,12
ounces,622,12,13.301279456372594,12
ounces,623,12,13.34537622275386,12
ounces,624,12,13.505015855575609,12
ounces,625,12,13.183956362406589,12
ounces,626,12,13.268589126581205,12
ounces,627,12,13.223700609921616,12
ounces,628,12,13.101092956479246,12
ounces,629,12,13.218963067775748,12
ounces,630,12,13.158339250275215,12
ounces,631,16,14.624753537805413,16
ounces,632,12,12.000000023081505,12
ounces,633,16,14.923328639924936,16
ounces,634,12,12.948984374826455,12
ounces,635,12,13.236800633347867,12
ounces,636,12,12.975911200149785,12
ounces,637,12,12.000000023081505,12
ounces,638,12,13.245562769628602,12
ounces,639,12,13.359088984322865,12
ounces,640,16,14.491260197681225,16
ounces,641,16,14.743229646201902,16
ounces,642,16,14.70439176411087,16
ounces,643,16,14.821798293722432,16
ounces,644,12,13.312118426060389,12
ounces,645,12,13.339798680488713,12
ounces,646,12,13.302880166619804,12
ounces,647,12,13.074791114655415,12
ounces,648,12,13.116642364792137,12
ounces,649,12,13.265076015597929,12
ounces,650,16,14.59260346688304,16
ounces,651,16,14.613494080333952,16
ounces,652,16,14.60071738309827,16
ounces,653,12,13.102309061495996,12
ounces,654,12,13.111655316970497,12
ounces,655,12,13.080950720705935,12
ounces,656,12,12.821352083975158,12
ounces,657,12,12.865483025875545,12
ounces,658,12,13.404096087595176,12
ounces,659,12,13.179165066105778,12
ounces,660,12,12.940924386953323,12
ounces,661,12,12.960882750769532,12
ounces,662,12,12.980761615569806,12
ounces,663,12,12.660154904482336,12
ounces,664,12,12.917203301965774,12
ounces,665,12,12.909251588826,12
ounces,666,12,12.80882712201079,12
ounces,667,12,12.995124530681696,12
ounces,668,12,12.856950642447606,12
ounces,669,12,12.864681764978751,12
ounces,670,12,12.984761091917434,12
ounces,671,12,12.937146894711535,12
ounces,672,12,12.915393845836231,12
ounces,673,16,14.656075801709104,16
ounces,674,16,14.69226624812227,16
ounces,675,16,14.717202671703102,16
ounces,676,16,14.625901779507943,16
ounces,677,16,14.644930541334151,16
ounces,678,16,14.71783092992105,16
ounces,679,12,13.043386599578795,12
ounces,680,12,13.135723104064343,12
ounces,681,12,13.222645140295956,12
ounces,682,12,12.958098264640885,12
ounces,683,12,13.231183724786488,12
ounces,684,12,13.27410316021092,12
ounces,685,12,13.399416619445612,12
ounces,686,12,13.328573346280228,12
ounces,687,12,13.118119332486936,12
ounces,688,12,13.05081083918647,12
ounces,689,16,14.68022935855634,16
ounces,690,16,14.696090492195513,16
ounces,691,16,14.610450334049046,16
ounces,692,12,12.914082564959916,12
ounces,693,12,13.005012368847568,12
ounces,694,12,13.047008716881464,12
ounces,695,12,12.844761095262122,12
ounces,696,12,12.999175009027276,12
ounces,697,12,12.916612598497686,12
ounces,698,12,13.524985889930964,12
ounces,699,12,13.007197442150552,12
ounces,700,12,13.12894081378472,12
ounces,701,16,14.874637478398888,16
ounces,702,12,13.229631682429398,12
ounces,703,12,13.103040961069071,12
ounces,704,12,13.207903228779882,12
ounces,705,12,12.785299733135684,12
ounces,706,12,13.10617364731352,12
ounces,707,12,13.380200902549726,12
ounces,708,12,13.222253776604015,12
ounces,709,12,13.284937844894788,12
ounces,710,12,13.374309893086782,12
ounces,711,12,13.035508811466109,12
ounces,712,12,13.061461303538936,12
ounces,713,12,13.039376010090905,12
ounces,714,12,13.017813347772163,12
ounces,715,12,12.57189023368714,12
ounces,716,12,12.940204924342863,12
ounces,717,12,12.992203690850872,12
ounces,718,12,13.096043514819948,12
ounces,719,12,12.989883030269178,12
ounces,720,12,12.667698044239607,12
ounces,721,12,13.01533922831002,12
ounces,722,12,13.164432281996442,12
ounces,723,16,14.6481748815427,16
ounces,724,16,14.870719660987874,16
ounces,725,16,14.734687647643202,16
ounces,726,16,14.675575983642068,16
ounces,727,12,13.054453440898152,12
ounces,728,16,14.736702783961206,16
ounces,729,12,13.19273198077285,12
ounces,730,16,14.642419320008743,16
ounces,731,16,14.64080781015814,16
ounces,732,16,14.615451665217108,16
ounces,733,16,14.619268941804291,16
ounces,734,16,14.642087249623168,16
ounces,735,16,14.63794041094539,16
ounces,736,12,13.00043055001512,12
ounces,737,12,13.05677702782399,12
ounces,738,12,13.019083172106429,12
ounces,739,12,13.031521458544225,12
ounces,740,12,13.021952626727566,12
ounces,741,12,13.27786685683031,12
ounces,742,12,12.981112707192322,12
ounces,743,12,12.953698645568885,12
ounces,744,16,14.589313350291086,16
ounces,745,16,14.68014930214152,16
ounces,746,16,14.660660407535971,16
ounces,747,16,14.647192605358091,16
ounces,748,16,14.671667781361814,16
ounces,749,16,14.680869740200029,16
ounces,750,16,14.693613202527208,16
ounces,751,16,14.876895919330076,16
ounces,752,16,15.0275271152389,16
ounces,753,12,12.886102534443898,12
ounces,754,16,14.93149843537836,16
ounces,755,12,13.202202222661768,12
ounces,756,12,13.047195236483264,12
ounces,757,12,13.050937403570732,12
ounces,758,12,13.036129928010844,12
ounces,759,12,12.840474488814,12
ounces,760,12,12.000000023081505,12
ounces,761,16,14.560062519992757,16
ounces,762,16,14.609349262227132,16
ounces,763,16,14.601418451545534,16
ounces,764,16,14.604093826842496,16
ounces,765,16,14.59886911807138,16
ounces,766,16,14.615590736238849,16
ounces,767,12,12.89030657618222,12
ounces,768,16,14.8327380829335,16
ounces,769,12,13.01309134312021,12
ounces,770,12,13.006643108959691,12
ounces,771,12,13.140214171390868,12
ounces,772,12,12.883405002541268,12
ounces,773,12,13.276338747787834,12
ounces,774,12,13.00063800691253,12
ounces,775,12,12.948039165667682,12
ounces,776,16,14.767098372219042,16
ounces,777,16,14.658089196155592,16
ounces,778,16,14.618653503760694,16
ounces,779,16,14.60685545961687,16
ounces,780,16,14.775323350162054,16
ounces,781,16,14.67259320286018,16
ounces,782,16,14.846804322488996,16
ounces,783,16,14.862663574906932,16
ounces,784,16,14.94699496047206,16
ounces,785,16,14.94647462861317,16
ounces,786,16,14.957678624895598,16
ounces,787,16,14.845460851827086,16
ounces,788,12,12.838421519046694,12
ounces,789,16,14.83458599958609,16
ounces,790,16,14.75549764728041,16
ounces,791,16,14.86096016391521,16
ounces,792,12,13.147646911331536,12
ounces,793,12,13.077480529436787,12
ounces,794,12,13.07011843980476,12
ounces,795,16,14.678270449850832,16
ounces,796,16,14.728385556502772,16
ounces,797,16,14.704124212646205,16
ounces,798,16,14.68599836733839,16
ounces,799,16,14.749762430805747,16
ounces,800,16,14.77223145854848,16
ounces,801,16,14.751291236596828,16
ounces,802,16,14.74800913261384,16
ounces,803,16,14.745458266292756,16
ounces,804,16,14.74070518665298,16
ounces,805,12,13.253130783311104,12
ounces,806,12,12.905441210050013,12
ounces,807,12,13.593574486784975,12
ounces,808,12,13.062875250322332,12
ounces,809,12,13.023242343234532,12
ounces,810,16,14.58246556564251,16
ounces,811,16,14.62415551847696,16
ounces,812,16,14.71334637719399,16
ounces,813,12,12.942437097851608,12
ounces,814,16,14.596452654556373,16
ounces,815,12,13.085890981858691,12
ounces,816,12,13.044511395690742,12
ounces,817,12,12.85378893662372,12
ounces,818,12,12.000000023081505,12
ounces,819,12,13.118750168674724,12
ounces,820,12,13.214440124200502,12
ounces,821,12,12.953593575879111,12
ounces,822,12,13.203266053270696,12
ounces,823,12,13.204144095863862,12
ounces,824,12,12.915895644182209,12
ounces,825,12,12.93407465140865,12
ounces,826,12,12.90383799150782,12
ounces,827,16,14.895133732138856,16
ounces,828,16,14.907406540782748,16
ounces,829,16,14.92956872043944,16
ounces,830,16,14.937828117763583,16
ounces,831,16,14.965670331405352,16
ounces,832,16,14.849415596914216,16
ounces,833,16,15.001199075667488,16
ounces,834,16,15.000320196975997,16
ounces,835,16,15.001901676961683,16
ounces,836,16,15.04677563157541,16
ounces,837,12,12.77082777686697,12
ounces,838,12,13.19890099292955,12
ounces,839,12,12.968490130748268,12
ounces,840,12,13.134938007735206,12
ounces,841,12,13.244103429673531,12
ounces,842,12,13.44493895089328,12
ounces,843,12,12.92215809032696,12
ounces,844,12,12.950659497824777,12
ounces,845,12,13.098375184029614,12
ounces,846,12,13.011216148759702,12
ounces,847,12,12.76772201995614,12
ounces,848,16,14.416750668188984,16
ounces,849,16,14.48672805702438,16
ounces,850,16,14.512248704311263,16
ounces,851,16,14.578161819178682,16
ounces,852,12,12.980866406560134,12
ounces,853,12,13.196304245712764,12
ounces,854,12,13.249207217724091,12
ounces,855,12,13.278251044011608,12
ounces,856,12,13.233928356894875,12
ounces,857,12,13.07515819665844,12
ounces,858,12,13.442125967746652,12
ounces,859,12,13.344764303290722,12
ounces,860,12,12.867096486622245,12
ounces,861,12,12.827069115311208,12
ounces,862,12,12.841508185045724,12
ounces,863,12,13.028437475027326,12
ounces,864,12,12.780454403980483,12
ounces,865,12,12.940890803670518,12
ounces,866,12,13.262491356969456,12
ounces,867,12,12.91348287343481,12
ounces,868,12,12.842520351745526,12
ounces,869,12,13.03796958819245,12
ounces,870,12,12.988805369200422,12
ounces,871,12,12.814496426067336,12
ounces,872,12,13.037853161500404,12
ounces,873,12,12.000000023081505,12
ounces,874,12,12.948348731073288,12
ounces,875,12,12.91671815591148,12
ounces,876,12,12.926527400834605,12
ounces,877,12,13.012906356365342,12
ounces,878,12,13.108976632117654,12
ounces,879,12,12.931317268800772,12
ounces,880,12,12.925681060303008,12
ounces,881,12,12.000000023081505,12
ounces,882,12,13.364890513846094,12
ounces,883,12,13.460654777610692,12
ounces,884,12,13.346029180709886,12
ounces,885,16,14.63904092536842,16
ounces,886,12,12.902762908408906,12
ounces,887,12,12.829540134242055,12
ounces,888,12,13.010142319808278,12
ounces,889,12,13.00688578649913,12
ounces,890,12,12.915851470320591,12
ounces,891,16,14.718479254498844,16
ounces,892,12,13.52111654009485,12
ounces,893,16,14.586529491236185,16
ounces,894,16,14.580828694142651,16
ounces,895,16,14.606998850479965,16
ounces,896,16,14.563250562913945,16
ounces,897,16,14.4910028187462,16
ounces,898,16,14.753248682130264,16
ounces,899,12,13.159949505978329,12
ounces,900,16,14.531605774080576,16
ounces,901,16,14.501361728644524,16
ounces,902,16,14.530926583539538,16
ounces,903,16,14.53083252247774,16
ounces,904,16,14.510190299904831,16
ounces,905,16,14.54539700696132,16
ounces,906,16,14.633268850892504,16
ounces,907,12,13.142350123917137,12
ounces,908,12,13.048416810976573,12
ounces,909,12,12.996977533599106,12
ounces,910,12,13.539997617344676,12
ounces,911,12,13.227553420687698,12
ounces,912,12,13.364966494281568,12
ounces,913,12,13.179582488195576,12
ounces,914,12,12.901764049607475,12
ounces,915,12,12.99620672061639,12
ounces,916,16,14.607154364768803,16
ounces,917,12,12.961571556441331,12
ounces,918,16,14.623899811738593,16
ounces,919,12,12.797684927329708,12
ounces,920,12,12.988338268935022,12
ounces,921,12,12.98736595625548,12
ounces,922,12,13.099986101643902,12
ounces,923,12,13.105703516191683,12
ounces,924,12,13.029216788343032,12
ounces,925,12,13.09080821547002,12
ounces,926,12,12.948273482223849,12
ounces,927,12,12.98992929437661,12
ounces,928,12,12.965765983048891,12
ounces,929,16,14.630870154466947,16
ounces,930,16,14.65653551643928,16
ounces,931,16,14.706147013198873,16
ounces,932,16,14.715559459790931,16
ounces,933,16,14.701230267311567,16
ounces,934,16,14.696009599682366,16
ounces,935,16,14.747386518059605,16
ounces,936,16,14.74177734340775,16
ounces,937,16,14.776119873168328,16
ounces,938,16,14.760845192830748,16
ounces,939,16,14.776508658890425,16
ounces,940,16,14.76265841140276,16
ounces,941,16,14.742180621500848,16
ounces,942,16,14.817597038978535,16
ounces,943,16,14.813016056244416,16
ounces,944,16,14.779934989834832,16
ounces,945,16,14.773730443499227,16
ounces,946,16,14.77897347675868,16
ounces,947,16,14.808903288573468,16
ounces,948,16,14.75772097208186,16
ounces,949,12,13.055541379008844,12
ounces,950,12,13.266407188646944,12
ounces,951,12,13.065053983213003,12
ounces,952,12,13.048002872629803,12
ounces,953,12,13.343663423074672,12
ounces,954,12,13.043931631175766,12
ounces,955,12,13.471814983243238,12
ounces,956,12,13.289928794508622,12
ounces,957,12,13.047979113502342,12
ounces,958,24,16.33221772519222,24
ounces,959,12,13.00044699328222,12
ounces,960,12,12.967475525428345,12
ounces,961,12,12.975185884851037,12
ounces,962,12,13.167624261547251,12
ounces,963,16,14.652409719569402,16
ounces,964,12,12.811782172198164,12
ounces,965,12,12.847846855487964,12
ounces,966,12,13.428385580095426,12
ounces,967,16,14.679390055185664,16
ounces,968,16,14.638430085865622,16
ounces,969,16,14.641131589235306,16
ounces,970,16,14.689227309402746,16
ounces,971,16,14.708923835092854,16
ounces,972,16,14.66977534247331,16
ounces,973,16,14.67900043336524,16
ounces,974,16,14.720860323184672,16
ounces,975,16,14.693314018675832,16
ounces,976,16,14.677545204226943,16
ounces,977,16,14.692147382810102,16
ounces,978,16,14.687361416636126,16
ounces,979,16,14.698088140123508,16
ounces,980,12,13.056960516569356,12
ounces,981,12,13.019030846286126,12
ounces,982,12,13.059229443567062,12
ounces,983,16,14.604284875310237,16
ounces,984,12,12.887117697162704,12
ounces,985,16,14.71612180559076,16
ounces,986,12,12.948061600972792,12
ounces,987,16,14.76853478914498,16
ounces,988,16,14.82612788955954,16
ounces,989,16,14.857507077824335,16
ounces,990,12,12.976269746982384,12
ounces,991,12,13.023885860246947,12
ounces,992,16,14.692658796286835,16
ounces,993,16,14.615765341439488,16
ounces,994,16,14.67079224706363,16
ounces,995,16,14.717015455352696,16
ounces,996,16,14.722332274289512,16
ounces,997,16,14.71998248961609,16
ounces,998,16,14.722535306833272,16
ounces,999,12,12.894736434143717,12
ounces,1000,16,14.684959515166982,16
ounces,1001,12,13.134658472194516,12
ounces,1002,12,12.000000023081505,12
ounces,1003,12,12.939658952135275,12
ounces,1004,16,14.688102478453368,16
ounces,1005,16,14.712643079151183,16
ounces,1006,16,14.711902087008804,16
ounces,1007,16,14.731914030792806,16
ounces,1008,16,14.734969970178316,16
ounces,1009,16,14.72705135259732,16
ounces,1010,16,14.716114280705815,16
ounces,1011,16,14.72163155421655,16
ounces,1012,12,13.19597579841994,12
ounces,1013,12,13.03946303399178,12
ounces,1014,12,13.31288709654114,12
ounces,1015,12,13.375890641486434,12
ounces,1016,16,14.800654899877298,16
ounces,1017,12,13.005810389863342,12
ounces,1018,12,12.957908400645774,12
ounces,1019,12,13.049111713198672,12
ounces,1020,12,12.857129497814745,12
ounces,1021,12,12.991334496965004,12
ounces,1022,12,13.076877598030666,12
ounces,1023,12,12.879882868663548,12
ounces,1024,12,13.102945820046934,12
ounces,1025,12,13.099785019996236,12
ounces,1026,12,13.013536635154246,12
ounces,1027,12,13.31018303262033,12
ounces,1028,12,13.007067672722702,12
ounces,1029,12,13.33538331489822,12
ounces,1030,12,13.149189443070153,12
ounces,1031,12,13.09679290278303,12
ounces,1032,12,13.411156607011852,12
ounces,1033,12,13.057856988163149,12
ounces,1034,12,13.108617249186729,12
ounces,1035,19.2,15.718549283703766,19.2
ounces,1036,12,13.066674620470344,12
ounces,1037,19.2,15.61505006529069,19.2
ounces,1038,16,14.536507748897437,16
ounces,1039,16,14.500062710543672,16
ounces,1040,16,14.71963334888967,16
ounces,1041,12,12.998453107796696,12
ounces,1042,12,13.29896471815405,12
ounces,1043,12,13.066759937337135,12
ounces,1044,16,14.447616074031783,16
ounces,1045,16,14.497504319337642,16
ounces,1046,16,14.449020649546432,16
ounces,1047,12,13.157484061036325,12
ounces,1048,12,13.26268665560369,12
ounces,1049,12,13.10525338175484,12
ounces,1050,12,13.277563387975007,12
ounces,1051,12,13.133119110662056,12
ounces,1052,0.05,15.58463615254452,0.045
ounces,1053,16,14.931089861995856,16
ounces,1054,16,15.008937305034411,16
ounces,1055,16,14.898260461182726,16
ounces,1056,16,14.893723512960502,16
ounces,1057,16,14.9623970064548,16
ounces,1058,12,13.160961080441812,12
ounces,1059,12,12.935726433328671,12
ounces,1060,12,12.980565759536686,12
ounces,1061,12,12.925426956086437,12
ounces,1062,12,12.985163185537903,12
ounces,1063,12,12.000000023081505,12
ounces,1064,12,12.949084915650287,12
ounces,1065,12,12.990792356874747,12
ounces,1066,12,12.000000023081505,12
ounces,1067,12,12.000000023081505,12
ounces,1068,12,12.95247626981468,12
ounces,1069,12,13.072420845572982,12
ounces,1070,12,13.16639725241482,12
ounces,1071,12,13.196404856211458,12
ounces,1072,12,13.267947804326896,12
ounces,1073,12,12.978567484534944,12
ounces,1074,16,14.717129791798923,16
ounces,1075,16,14.636280337716956,16
ounces,1076,16,14.601076138955452,16
ounces,1077,16,14.735817773881983,16
ounces,1078,16,14.60127039246678,16
ounces,1079,16,14.73603188472858,16
ounces,1080,16,14.73613347067532,16
ounces,1081,16,14.736221748723688,16
ounces,1082,16,14.736335388421312,16
ounces,1083,16,14.73643676534347,16
ounces,1084,16,14.736524555667817,16
ounces,1085,16,14.736639101138628,16
ounces,1086,16,14.736726961137832,16
ounces,1087,16,14.736841088559478,16
ounces,1088,16,14.742779825301929,16
ounces,1089,16,14.642387548272314,16
ounces,1090,16,14.729996369604768,16
ounces,1091,16,14.729726100820535,16
ounces,1092,16,14.796152510385928,16
ounces,1093,16,14.821035493348688,16
ounces,1094,16,14.79299791139782,16
ounces,1095,16,14.876782767356476,16
ounces,1096,16,14.7838518317978,16
ounces,1097,12,12.909970354687852,12
ounces,1098,12,13.033959974152609,12
ounces,1099,16,14.786558003383142,16
ounces,1100,12,13.028730039766948,12
ounces,1101,12,13.365267838053622,12
ounces,1102,12,13.231198983580956,12
ounces,1103,12,13.317785291496811,12
ounces,1104,12,13.192526230909523,12
ounces,1105,12,13.053291891297244,12
ounces,1106,12,13.13954675590127,12
ounces,1107,12,13.065030502784984,12
ounces,1108,12,12.918345412280576,12
ounces,1109,12,12.975991395914324,12
ounces,1110,12,13.409620206660966,12
ounces,1111,12,13.164111498938285,12
ounces,1112,12,13.115146097160949,12
ounces,1113,12,13.05000038120808,12
ounces,1114,12,13.146628090682546,12
ounces,1115,12,13.093369672369915,12
ounces,1116,12,13.212346429477185,12
ounces,1117,12,12.764916840393896,12
ounces,1118,16,14.469680987583091,16
ounces,1119,16,14.574219058167577,16
ounces,1120,12,12.720075981338953,12
ounces,1121,16,14.64472611529318,16
ounces,1122,12,13.111730809681944,12
ounces,1123,12,13.054804532520668,12
ounces,1124,12,13.108569626419513,12
ounces,1125,12,13.226323903260283,12
ounces,1126,12,12.967600243428803,12
ounces,1127,12,13.059733506346006,12
ounces,1128,12,12.875858797090132,12
ounces,1129,12,13.153169201432233,12
ounces,1130,12,13.120980739661675,12
ounces,1131,12,13.26027569640267,12
ounces,1132,12,12.810342132179477,12
ounces,1133,12,12.911319399338607,12
ounces,1134,12,12.992510817636356,12
ounces,1135,12,12.975606860358724,12
ounces,1136,12,12.964389068453896,12
ounces,1137,12,12.935095527466023,12
ounces,1138,12,13.005529739524883,12
ounces,1139,12,13.170888075879336,12
ounces,1140,12,13.234896628432503,12
ounces,1141,12,13.293939749789532,12
ounces,1142,12,13.149977570255723,12
ounces,1143,12,13.109025369682636,12
ounces,1144,12,13.187790813846908,12
ounces,1145,12,13.106628693828036,12
ounces,1146,12,13.195797883663422,12
ounces,1147,12,13.085916935744262,12
ounces,1148,12,13.179913617970534,12
ounces,1149,12,13.267764733630694,12
ounces,1150,12,13.258813499778316,12
ounces,1151,12,13.316452724950585,12
ounces,1152,12,13.268395709168203,12
ounces,1153,12,13.161720710609403,12
ounces,1154,12,13.33340122188285,12
ounces,1155,12,13.032761427200724,12
ounces,1156,12,13.033475977733511,12
ounces,1157,12,13.13220299075758,12
ounces,1158,12,13.255571249815588,12
ounces,1159,12,13.00453652438716,12
ounces,1160,12,13.152796754464944,12
ounces,1161,12,13.490322716461948,12
ounces,1162,16,14.727410178129364,16
ounces,1163,16,14.742374596312732,16
ounces,1164,16,14.742204310953449,16
ounces,1165,16,14.738687820739436,16
ounces,1166,16,14.706952802961602,16
ounces,1167,16,14.775079209450546,16
ounces,1168,12,13.48953087909005,12
ounces,1169,12,13.075871249181723,12
ounces,1170,12,13.614735541029932,12
ounces,1171,12,13.190574324527509,12
ounces,1172,12,13.190741683542646,12
ounces,1173,12,13.18827240648331,12
ounces,1174,12,13.17808130848672,12
ounces,1175,12,12.921027615713877,12
ounces,1176,12,13.052362463494394,12
ounces,1177,12,13.01383916339893,12
ounces,1178,12,13.019249381486368,12
ounces,1179,12,12.969300449376938,12
ounces,1180,16,14.690412827155695,16
ounces,1181,16,14.650336822791967,16
ounces,1182,24,16.261042068104384,24
ounces,1183,16,14.593841658830597,16
ounces,1184,12,13.054716951220906,12
ounces,1185,12,13.145804638342655,12
ounces,1186,12,13.151623603999749,12
ounces,1187,16,14.98232345918486,16
ounces,1188,16,14.732991761536423,16
ounces,1189,16,14.975586875613786,16
ounces,1190,12,13.236078732117289,12
ounces,1191,12,13.220374541101595,12
ounces,1192,12,13.110398173460856,12
ounces,1193,12,12.974216637865355,12
ounces,1194,12,12.935610842734954,12
ounces,1195,12,13.0748822842105,12
ounces,1196,12,13.172980655804883,12
ounces,1197,12,13.130230007730232,12
ounces,1198,12,13.063231706909114,12
ounces,1199,12,13.171358938587206,12
ounces,1200,12,13.149338477596956,12
ounces,1201,16,14.96708556717367,16
ounces,1202,12,13.508686118206946,12
ounces,1203,12,13.162047625055294,12
ounces,1204,12,13.112744996952705,12
ounces,1205,12,13.48995253392763,12
ounces,1206,12,13.617489091520476,12
ounces,1207,16,14.57161642342507,16
ounces,1208,16,14.648462499367218,16
ounces,1209,12,13.000031243389076,12
ounces,1210,12,12.938142339444797,12
ounces,1211,12,13.095145998103249,12
ounces,1212,12,12.000000023081505,12
ounces,1213,12,13.20506972638681,12
ounces,1214,12,13.002596811105748,12
ounces,1215,16,14.663273214808124,16
ounces,1216,12,12.98664426404948,12
ounces,1217,12,13.148236360652133,12
ounces,1218,12,12.971258173609815,12
ounces,1219,12,13.11508467877134,12
ounces,1220,12,13.005192304175042,12
ounces,1221,16,15.002369055926527,16
ounces,1222,12,13.355211369306408,12
ounces,1223,12,13.204815238958505,12
ounces,1224,16,14.872855892213584,16
ounces,1225,16,14.871026509073914,16
ounces,1226,16,14.86438649485962,16
ounces,1227,16,14.864438890354783,16
ounces,1228,12,13.193755574149789,12
ounces,1229,12,13.22200650052378,12
ounces,1230,16,14.925605056970156,16
ounces,1231,16,14.883762237491569,16
ounces,1232,16,14.942585377894996,16
ounces,1233,16,14.97083518947122,16
ounces,1234,12,13.177913252722975,12
ounces,1235,12,12.991851972154612,12
ounces,1236,12,13.096399309495553,12
ounces,1237,12,13.165279249601785,12
ounces,1238,12,13.13901022463729,12
ounces,1239,12,13.110247257712816,12
ounces,1240,12,13.070907228901508,12
ounces,1241,12,12.986076413935663,12
ounces,1242,12,13.142031047893065,12
ounces,1243,12,13.12395836450388,12
ounces,1244,12,12.864519352878714,12
ounces,1245,12,12.74307258712608,12
ounces,1246,12,13.323687553449744,12
ounces,1247,16,14.6938999842534,16
ounces,1248,12,13.25857009065284,12
ounces,1249,12,12.960787505235103,12
ounces,1250,12,13.145391048370188,12
ounces,1251,12,13.049272662126638,12
ounces,1252,12,13.032074642099882,12
ounces,1253,16,14.781353012597574,16
ounces,1254,12,13.091524786573766,12
ounces,1255,12,13.068140370512593,12
ounces,1256,12,13.519135082862585,12
ounces,1257,12,13.316877532575608,12
ounces,1258,12,13.5536947216661,12
ounces,1259,12,13.276296455147456,12
ounces,1260,12,13.282506749659058,12
ounces,1261,12,13.183125350344325,12
ounces,1262,12,13.061410684752715,12
ounces,1263,12,13.010542114158348,12
ounces,1264,12,13.21767045976207,12
ounces,1265,12,13.036642874334513,12
ounces,1266,12,13.265589832857357,12
ounces,1267,12,13.142047421485302,12
ounces,1268,12,12.000000023081505,12
ounces,1269,12,13.431519259206638,12
ounces,1270,12,13.326835916537824,12
ounces,1271,12,13.104779104978798,12
ounces,1272,12,13.07367450533959,12
ounces,1273,12,13.11794173126729,12
ounces,1274,12,13.311273583538297,12
ounces,1275,12,13.113713512352344,12
ounces,1276,16,14.727773671877063,16
ounces,1277,16,14.734792159934088,16
ounces,1278,16,14.654172981266372,16
ounces,1279,16,14.755682285660976,16
ounces,1280,16,14.805252604577957,16
ounces,1281,16,14.7686289895565,16
ounces,1282,16,14.8537003221411,16
ounces,1283,16,14.874466217591555,16
ounces,1284,16,14.87228218941148,16
ounces,1285,12,12.968953050522032,12
ounces,1286,16,14.821248559072371,16
ounces,1287,12,13.348642092494329,12
ounces,1288,12,13.000637797887949,12
ounces,1289,12,13.004948895049568,12
ounces,1290,12,13.228473930108391,12
ounces,1291,16,14.733856496231216,16
ounces,1292,12,13.153334714063565,12
ounces,1293,12,13.1798929942118,12
ounces,1294,12,13.179661569162349,12
ounces,1295,12,13.05948034274005,12
ounces,1296,12,13.150909332166403,12
ounces,1297,12,12.996543319867904,12
ounces,1298,12,13.024116902084666,12
ounces,1299,12,13.043245055099506,12
ounces,1300,12,13.128926878812605,12
ounces,1301,16,14.823027636962696,16
ounces,1302,12,13.023944770341576,12
ounces,1303,12,13.246168069979984,12
ounces,1304,12,13.60278947482212,12
ounces,1305,12,13.329289168379225,12
ounces,1306,12,13.476731067219369,12
ounces,1307,12,13.18405669420584,12
ounces,1308,12,13.525046785759123,12
ounces,1309,12,13.269731202058574,12
ounces,1310,12,13.310153420804578,12
ounces,1311,12,13.659847783666876,12
ounces,1312,12,13.336208230410184,12
ounces,1313,12,13.305662214128333,12
ounces,1314,12,13.06293973440581,12
ounces,1315,12,13.53850361414646,12
ounces,1316,12,13.086358256311245,12
ounces,1317,16,14.607973183730463,16
ounces,1318,16,14.608043067615638,16
ounces,1319,16,14.608122078907549,16
ounces,1320,19.2,15.710642580523931,19.2
ounces,1321,12,13.166842091562264,12
ounces,1322,12,12.888384316453385,12
ounces,1323,12,12.975431279710037,12
ounces,1324,12,12.869512462413226,12
ounces,1325,12,13.104829828277309,12
ounces,1326,12,13.337179933434696,12
ounces,1327,12,13.124984744875242,12
ounces,1328,12,13.134714142408129,12
ounces,1329,12,13.091089458044795,12
ounces,1330,12,13.292416500568583,12
ounces,1331,12,12.98695222693329,12
ounces,1332,12,13.002746159169424,12
ounces,1333,12,13.32844551032976,12
ounces,1334,12,13.129647734920276,12
ounces,1335,12,13.057432041188404,12
ounces,1336,16,14.574706991216292,16
ounces,1337,16,14.535745505922574,16
ounces,1338,16,14.309802404826948,16
ounces,1339,16,14.574796662761871,16
ounces,1340,16,14.3601876409134,16
ounces,1341,16,14.336965776301982,16
ounces,1342,24,16.046427611616785,24
ounces,1343,24,16.061152417954585,24
ounces,1344,24,16.040919117138486,24
ounces,1345,24,16.010337706027453,24
ounces,1346,24,15.80912576637336,24
ounces,1347,24,16.059460991038883,24
ounces,1348,24,16.041762182951633,24
ounces,1349,24,16.035160629260382,24
ounces,1350,12,13.0450324939731,12
ounces,1351,12,13.02398295216518,12
ounces,1352,16,14.60479155089645,16
ounces,1353,16,14.687460354938164,16
ounces,1354,16,14.680465765358324,16
ounces,1355,16,14.78446399512295,16
ounces,1356,16,14.949787250185096,16
ounces,1357,16,14.91561507545866,16
ounces,1358,16,14.842437380926611,16
ounces,1359,16,14.808432425865597,16
ounces,1360,16,14.87151325765,16
ounces,1361,16,15.027769583753756,16
ounces,1362,24,16.198001926438565,24
ounces,1363,16,14.819425167970714,16
ounces,1364,12,13.132703291094051,12
ounces,1365,12,12.98878885625846,12
ounces,1366,16,14.832247711264664,16
ounces,1367,12,12.98776366035973,12
ounces,1368,16,14.661589382452227,16
ounces,1369,12,12.988098308715148,12
ounces,1370,12,12.988653896053496,12
ounces,1371,24,16.234974751861305,24
ounces,1372,12,13.138402834040091,12
ounces,1373,12,12.938453995096218,12
ounces,1374,12,12.938972794108176,12
ounces,1375,32,16.173474982013424,32
ounces,1376,32,16.14068738611665,32
ounces,1377,32,16.303844449763027,32
ounces,1378,32,16.1622762810204,32
ounces,1379,16,14.875239469194392,16
ounces,1380,16,14.909544862254275,16
ounces,1381,16,14.912032394127085,16
ounces,1382,16,14.924283046165309,16
ounces,1383,24,16.271323011833708,24
ounces,1384,24,16.327410717210345,24
ounces,1385,12,13.0579270810729,12
ounces,1386,16,14.54039010180441,16
ounces,1387,16,14.522374830500356,16
ounces,1388,16,14.464244676260362,16
ounces,1389,16,14.540724123086084,16
ounces,1390,16,14.43107651627504,16
ounces,1391,16,14.46338670002705,16
ounces,1392,16,14.453782577893504,16
ounces,1393,16,14.53786355200967,16
ounces,1394,12,13.132840271869972,12
ounces,1395,16,14.445150698764644,16
ounces,1396,16,14.44537317059451,16
ounces,1397,16,14.445452878635024,16
ounces,1398,12,13.02745533819244,12
ounces,1399,12,13.178076431246478,12
ounces,1400,12,13.272731471230472,12
ounces,1401,12,13.261022401883622,12
ounces,1402,12,13.102870466685204,12
ounces,1403,12,13.342588601256486,12
ounces,1404,12,13.239519625107558,12
ounces,1405,12,13.14772665420948,12
ounces,1406,12,13.20996588335281,12
ounces,1407,12,13.564280423235648,12
ounces,1408,12,13.030410318704952,12
ounces,1409,12,13.01186241792911,12
ounces,1410,16,14.681370911472255,16
ounces,1411,12,13.674036093578128,12
ounces,1412,12,13.264280154502831,12
ounces,1413,12,13.570205015981395,12
ounces,1414,12,13.701270881785266,12
ounces,1415,12,13.547027185881872,12
ounces,1416,12,13.02436254080568,12
ounces,1417,12,13.09113495572876,12
ounces,1418,12,13.096026618666253,12
ounces,1419,12,13.264745756758728,12
ounces,1420,12,13.085046731572914,12
ounces,1421,16,14.660265699450726,16
ounces,1422,16,14.74585039640816,16
ounces,1423,16,14.72051083408395,16
ounces,1424,16,14.793849895593125,16
ounces,1425,12,13.061742058389685,12
ounces,1426,16,14.898655517642275,16
ounces,1427,16,14.918281114324303,16
ounces,1428,16,14.9289862386049,16
ounces,1429,16,14.899820899360517,16
ounces,1430,16,14.896745032964878,16
ounces,1431,16,14.685745029545282,16
ounces,1432,16,14.796715901308662,16
ounces,1433,16,14.735901383714692,16
ounces,1434,16,14.736815726910224,16
ounces,1435,16,14.84256809096508,16
ounces,1436,16,14.845384209480436,16
ounces,1437,12,13.291963892674186,12
ounces,1438,12,13.09472167820225,12
ounces,1439,12,13.241370119729988,12
ounces,1440,12,13.18756102615668,12
ounces,1441,12,13.090526589683511,12
ounces,1442,12,13.010934906184929,12
ounces,1443,12,13.129013205964876,12
ounces,1444,12,13.069773061520811,12
ounces,1445,12,13.12900787583804,12
ounces,1446,12,13.054893716342225,12
ounces,1447,12,13.210198876086626,12
ounces,1448,12,13.19524093766529,12
ounces,1449,12,13.053372017386923,12
ounces,1450,16,14.554012373148222,16
ounces,1451,12,13.090210230979,12
ounces,1452,12,13.041231590978157,12
ounces,1453,12,13.071587360053163,12
ounces,1454,12,13.2020573686266,12
ounces,1455,16,14.54392610097939,16
ounces,1456,16,14.573432359316646,16
ounces,1457,16,14.528750986017592,16
ounces,1458,12,13.23182215553408,12
ounces,1459,12,13.23320217066037,12
ounces,1460,12,13.148404311903583,12
ounces,1461,12,13.27299557378954,12
ounces,1462,12,13.11973453510515,12
ounces,1463,12,13.150823945624747,12
ounces,1464,12,13.067137052520083,12
ounces,1465,12,13.202385781081995,12
ounces,1466,12,13.13545837443153,12
ounces,1467,16,14.443186843144034,16
ounces,1468,16,14.293276085293716,16
ounces,1469,12,13.172920387050477,12
ounces,1470,12,13.087163871886824,12
ounces,1471,12,13.141359800286132,12
ounces,1472,12,13.101936091967254,12
ounces,1473,16,14.642302405592671,16
ounces,1474,16,14.656501793806756,16
ounces,1475,16,14.644870272579745,16
ounces,1476,12,13.280155432138702,12
ounces,1477,12,13.1281433153304,12
ounces,1478,12,13.038817113196677,12
ounces,1479,12,12.981928739159562,12
ounces,1480,12,13.02133140567054,12
ounces,1481,12,13.245661742768071,12
ounces,1482,12,13.35713591088693,12
ounces,1483,12,13.133956149599763,12
ounces,1484,12,13.1306898269727,12
ounces,1485,12,13.476088908866734,12
ounces,1486,12,13.143806990414658,12
ounces,1487,16,14.692034370186224,16
ounces,1488,16,14.77478378804164,16
ounces,1489,16,14.771108717844925,16
ounces,1490,12,13.1502412199282,12
ounces,1491,12,13.083798819982304,12
ounces,1492,12,13.19425712863375,12
ounces,1493,12,13.17982924171436,12
ounces,1494,16,14.632398054484842,16
ounces,1495,16,14.536714404533948,16
ounces,1496,16,14.569131539196963,16
ounces,1497,16,14.52885312936322,16
ounces,1498,16,14.60047533263258,16
ounces,1499,16,14.578655256541383,16
ounces,1500,16,14.64092221627923,16
ounces,1501,16,14.885043697527554,16
ounces,1502,16,14.886008694346735,16
ounces,1503,12,13.447505058590124,12
ounces,1504,12,13.39717328054046,12
ounces,1505,12,13.070297016472455,12
ounces,1506,12,13.264388812447924,12
ounces,1507,12,13.36259127828403,12
ounces,1508,12,13.120122206029476,12
ounces,1509,12,13.285938759104605,12
ounces,1510,12,13.00679158608761,12
ounces,1511,12,12.944963508296627,12
ounces,1512,12,13.06696673232337,12
ounces,1513,12,13.206736836776164,12
ounces,1514,16,14.875338546846152,16
ounces,1515,12,13.064389981791576,12
ounces,1516,12,13.11990663201081,12
ounces,1517,12,13.018354651764094,12
ounces,1518,16,14.73005064632117,16
ounces,1519,16,14.796469809701057,16
ounces,1520,16,14.817896919578518,16
ounces,1521,16,14.773720689018749,16
ounces,1522,12,13.053279419497198,12
ounces,1523,12,13.12984766693274,12
ounces,1524,12,12.975799093299091,12
ounces,1525,12,13.115793167591256,12
ounces,1526,12,12.990950240108846,12
ounces,1527,12,12.9983593951092,12
ounces,1528,12,13.11882047060906,12
ounces,1529,16,14.550106052089204,16
ounces,1530,16,14.5483435568157,16
ounces,1531,16,14.5808319688611,16
ounces,1532,16,14.538092015877549,16
ounces,1533,16,14.563369079851809,16
ounces,1534,16,14.590848078445315,16
ounces,1535,16,14.840189530574236,16
ounces,1536,16,14.848500487295215,16
ounces,1537,16,14.866343522343891,16
ounces,1538,16,14.866253920473172,16
ounces,1539,16,14.777725600005502,16
ounces,1540,16,14.873314631495711,16
ounces,1541,16,14.89926238567802,16
ounces,1542,16,14.900328689744502,16
ounces,1543,16,14.908742904608877,16
ounces,1544,16,14.908239852115411,16
ounces,1545,16,14.946192027378617,16
ounces,1546,16,14.939536405995549,16
ounces,1547,16,14.946730056652097,16
ounces,1548,16,14.92737368363139,16
ounces,1549,16,14.893717242223047,16
ounces,1550,12,13.19196893653709,12
ounces,1551,12,13.189750732837894,12
ounces,1552,12,13.049119203246187,12
ounces,1553,19.2,15.713166064624806,19.2
ounces,1554,16,14.445925483214411,16
ounces,1555,nan,13.77142998265708,nan
ounces,1556,12,13.293149619451718,12
ounces,1557,16,14.523249807399653,16
ounces,1558,12,13.34602776979396,12
ounces,1559,12,13.130578591057768,12
ounces,1560,12,13.151145495106377,12
ounces,1561,12,13.306959507776384,12
ounces,1562,19.2,15.68614141579721,19.2
ounces,1563,19.2,15.711717802972569,19.2
ounces,1564,16,14.516443967017151,16
ounces,1565,19.2,15.701171537374115,19.2
ounces,1566,16,14.514261402009147,16
ounces,1567,12,13.333791592708025,12
ounces,1568,12,13.339126527108595,12
ounces,1569,12,13.325434755091344,12
ounces,1570,12,13.345415484537805,12
ounces,1571,12,13.345503205187288,12
ounces,1572,16,14.522121562382107,16
ounces,1573,16,14.507049844913428,16
ounces,1574,16,14.505741769080698,16
ounces,1575,12,13.389650032955888,12
ounces,1576,16,14.494546969879869,16
ounces,1577,12,13.344837531569205,12
ounces,1578,12,13.368262951285836,12
ounces,1579,12,13.64300221392242,12
ounces,1580,12,13.513652089383257,12
ounces,1581,12,13.35815257161524,12
ounces,1582,12,13.767592639710047,12
ounces,1583,12,13.39564335995161,12
ounces,1584,12,13.42184877176838,12
ounces,1585,12,13.33372487902901,12
ounces,1586,12,13.610308541915058,12
ounces,1587,12,13.609312679132636,12
ounces,1588,12,13.463561856656549,12
ounces,1589,12,13.73948628867178,12
ounces,1590,12,13.739542585959136,12
ounces,1591,12,13.35544566844386,12
ounces,1592,12,13.186766663071085,12
ounces,1593,12,13.355626021820498,12
ounces,1594,12,13.35482549250974,12
ounces,1595,12,13.355806479709427,12
ounces,1596,12,13.315682260342172,12
ounces,1597,12,13.322182715810705,12
ounces,1598,12,13.335224160097916,12
ounces,1599,12,13.44335234980534,12
ounces,1600,16,14.801527229131894,16
ounces,1601,12,13.488970815141908,12
ounces,1602,19.2,15.823820473171384,19.2
ounces,1603,12,13.098111151145403,12
ounces,1604,12,13.086440890695904,12
ounces,1605,12,13.05689119008307,12
ounces,1606,12,13.204576463211255,12
ounces,1607,12,13.195530680573055,12
ounces,1608,12,13.190498065392587,12
ounces,1609,16,14.530011264895958,16
ounces,1610,16,14.552818773111442,16
ounces,1611,16,14.554630807210824,16
ounces,1612,16,14.550695989133825,16
ounces,1613,16,14.536821494794676,16
ounces,1614,12,13.130058085011724,12
ounces,1615,12,13.229930657256192,12
ounces,1616,12,13.257817288621588,12
ounces,1617,12,13.25933080078077,12
ounces,1618,12,13.27702584642555,12
ounces,1619,12,13.5593515539226,12
ounces,1620,12,13.136943145710717,12
ounces,1621,12,13.12271494694178,12
ounces,1622,12,13.275085227370948,12
ounces,1623,12,12.958218523450263,12
ounces,1624,12,13.180718258098066,12
ounces,1625,12,13.137530086736334,12
ounces,1626,12,13.202926248975595,12
ounces,1627,12,13.361996220137156,12
ounces,1628,12,12.82976581111551,12
ounces,1629,12,12.828896826254224,12
ounces,1630,12,12.874368173122653,12
ounces,1631,12,13.015217785028009,12
ounces,1632,12,12.93443431303902,12
ounces,1633,12,12.90375772606842,12
ounces,1634,12,13.096253480012336,12
ounces,1635,12,13.09877219138526,12
ounces,1636,12,13.142948665807042,12
ounces,1637,12,13.09136007520333,12
ounces,1638,12,13.098731431591814,12
ounces,1639,12,13.099049950217005,12
ounces,1640,12,13.099043191755529,12
ounces,1641,16,14.543477673576628,16
ounces,1642,16,14.68440971084206,16
ounces,1643,16,14.65457382073935,16
ounces,1644,16,14.667125955899348,16
ounces,1645,12,13.337888091299025,12
ounces,1646,16,14.503110079921328,16
ounces,1647,16,14.51196742689906,16
ounces,1648,12,13.211780739284048,12
ounces,1649,12,13.40847781764672,12
ounces,1650,12,13.207569939084246,12
ounces,1651,16,14.707799840241805,16
ounces,1652,16,14.742857025047462,16
ounces,1653,16,14.70869112105848,16
ounces,1654,16,14.743984503641542,16
ounces,1655,16,14.76878352839729,16
ounces,1656,16,14.763846785824995,16
ounces,1657,16,14.769750476112566,16
ounces,1658,16,14.809865080349065,16
ounces,1659,16,14.560147244623233,16
ounces,1660,12,13.108945975178994,12
ounces,1661,12,13.08552975254396,12
ounces,1662,16,14.551599184351662,16
ounces,1663,16,14.56247410626752,16
ounces,1664,16,14.57052796275292,16
ounces,1665,12,13.007568321433476,12
ounces,1666,12,13.054219960440312,12
ounces,1667,12,13.006930657109349,12
ounces,1668,12,13.240948447473691,12
ounces,1669,12,13.206012601437754,12
ounces,1670,12,13.04695761037122,12
ounces,1671,12,13.443974981778291,12
ounces,1672,12,13.476997120674532,12
ounces,1673,12,13.01807703228207,12
ounces,1674,12,13.219863162462287,12
ounces,1675,12,13.294569453760836,12
ounces,1676,12,13.190951509385314,12
ounces,1677,12,13.119968503287014,12
ounces,1678,16,14.983932112366178,16
ounces,1679,12,13.124980773408188,12
ounces,1680,12,13.061041198967004,12
ounces,1681,12,13.341688715594527,12
ounces,1682,12,13.063038812057568,12
ounces,1683,12,13.167319643056752,12
ounces,1684,12,13.52628903626731,12
ounces,1685,12,13.180062095098451,12
ounces,1686,12,12.984054797855626,12
ounces,1687,12,13.233469199563585,12
ounces,1688,12,13.309118940730674,12
ounces,1689,12,13.179208578056215,12
ounces,1690,12,13.172524529330028,12
ounces,1691,12,13.348830353967644,12
ounces,1692,12,13.188006422703005,12
ounces,1693,12,13.527276625160038,12
ounces,1694,16,14.567112640436486,16
ounces,1695,16,14.607155688591154,16
ounces,1696,16,14.591011814367706,16
ounces,1697,16,14.572949164158448,16
ounces,1698,16,14.484358275665969,16
ounces,1699,16,14.840499583703863,16
ounces,1700,16,14.839699855654004,16
ounces,1701,12,13.06581772419737,12
ounces,1702,12,13.012030125318551,12
ounces,1703,16,14.526703938613435,16
ounces,1704,16,14.526800089921052,16
ounces,1705,16,14.526895823179505,16
ounces,1706,16,14.333344843471943,16
ounces,1707,12,13.047669199722437,12
ounces,1708,12,13.376110796627186,12
ounces,1709,16,14.770355811301378,16
ounces,1710,12,13.130316857443958,12
ounces,1711,16,14.542629103449492,16
ounces,1712,16,14.629115602127552,16
ounces,1713,16,14.486017025072051,16
ounces,1714,16,14.481322123940869,16
ounces,1715,16,14.691021019013792,16
ounces,1716,16,14.467444703257572,16
ounces,1717,16,14.479903822478684,16
ounces,1718,16,14.46814605040428,16
ounces,1719,12,13.21802318874381,12
ounces,1720,12,13.235751573809384,12
ounces,1721,12,12.99841224349096,12
ounces,1722,12,13.239686217699232,12
ounces,1723,12,13.396114849733229,12
ounces,1724,12,13.390830847655748,12
ounces,1725,12,13.428223673138127,12
ounces,1726,12,13.204298007630909,12
ounces,1727,12,13.19955677271743,12
ounces,1728,12,13.561270887307291,12
ounces,1729,12,12.909439850299314,12
ounces,1730,12,12.995553971684949,12
ounces,1731,12,13.029249744552091,12
ounces,1732,12,13.08975016787452,12
ounces,1733,12,13.38406179559964,12
ounces,1734,12,13.101612312890088,12
ounces,1735,12,13.071464906485676,12
ounces,1736,12,13.051047211151024,12
ounces,1737,16,14.54912077988559,16
ounces,1738,16,14.527388633468462,16
ounces,1739,16,14.65161222111508,16
ounces,1740,16,14.492350469899746,16
ounces,1741,16,14.562273791043324,16
ounces,1742,16,14.764873793270102,16
ounces,1743,16,14.766962227541448,16
ounces,1744,12,13.176861371352636,12
ounces,1745,12,13.354152468193863,12
ounces,1746,12,13.41944491940314,12
ounces,1747,12,13.071826728036724,12
ounces,1748,12,13.52783611429058,12
ounces,1749,12,13.169421838113063,12
ounces,1750,12,13.123979998548094,12
ounces,1751,12,13.043868436077211,12
ounces,1752,12,13.06692785375116,12
ounces,1753,12,13.139256211732606,12
ounces,1754,12,13.617236520150836,12
ounces,1755,12,13.637759250337828,12
ounces,1756,12,13.132550459287344,12
ounces,1757,12,13.153488904530054,12
ounces,1758,12,13.5020537508086,12
ounces,1759,16,14.8265170933308,16
ounces,1760,16,14.607455638865998,16
ounces,1761,16,14.638789538471409,16
ounces,1762,16,14.665902395672514,16
ounces,1763,16,14.669578929041304,16
ounces,1764,16,14.6747755588436,16
ounces,1765,16,14.661943539768613,16
ounces,1766,12,13.136388394470693,12
ounces,1767,16,14.759408497205367,16
ounces,1768,16,14.738419154476995,16
ounces,1769,16,14.73988803988797,16
ounces,1770,16,14.776835433986594,16
ounces,1771,12,13.407172772670426,12
ounces,1772,12,13.173177696310637,12
ounces,1773,12,13.174344018639497,12
ounces,1774,12,13.242414093003648,12
ounces,1775,12,13.0954802284095,12
ounces,1776,12,13.142502119625515,12
ounces,1777,12,13.318461973742869,12
ounces,1778,12,13.192023526790363,12
ounces,1779,12,13.187565694372338,12
ounces,1780,12,13.18992122722176,12
ounces,1781,16,14.448270042273288,16
ounces,1782,16,14.447235231243797,16
ounces,1783,12,13.568228061486996,12
ounces,1784,12,13.205901191335668,12
ounces,1785,12,13.24427085836353,12
ounces,1786,12,13.456793292324464,12
ounces,1787,12,13.017367463501811,12
ounces,1788,16,14.397083405940323,16
ounces,1789,16,14.576140690822667,16
ounces,1790,12,13.217037393978742,12
ounces,1791,12,13.111104885571828,12
ounces,1792,12,13.09365101945698,12
ounces,1793,12,13.201038582815045,12
ounces,1794,12,12.958943908423874,12
ounces,1795,12,13.34664409619203,12
ounces,1796,12,13.09432094324156,12
ounces,1797,12,13.157464447563068,12
ounces,1798,12,13.167326192493649,12
ounces,1799,12,13.337480110152836,12
ounces,1800,12,13.323334232231684,12
ounces,1801,12,13.218870818260326,12
ounces,1802,12,13.22190512360162,12
ounces,1803,12,13.328267700085531,12
ounces,1804,12,13.17664719083118,12
ounces,1805,12,13.12786479007519,12
ounces,1806,12,13.435522532834169,12
ounces,1807,12,13.007433848952536,12
ounces,1808,16,14.53956919259693,16
ounces,1809,12,13.206574982075011,12
ounces,1810,16,14.444549126018302,16
ounces,1811,12,13.359226539916383,12
ounces,1812,12,12.000000023081505,12
ounces,1813,12,13.281830102250431,12
ounces,1814,12,13.292922479406192,12
ounces,1815,12,13.347016090272724,12
ounces,1816,12,13.255524219284688,12
ounces,1817,12,13.137116705788449,12
ounces,1818,16,14.688261476485236,16
ounces,1819,12,13.179347753590246,12
ounces,1820,12,13.177949065601318,12
ounces,1821,12,13.172737734403436,12
ounces,1822,12,13.186627278512471,12
ounces,1823,12,13.431936158734985,12
ounces,1824,12,13.164073874513564,12
ounces,1825,12,13.144907156463386,12
ounces,1826,12,13.317645628238758,12
ounces,1827,12,13.36218657185629,12
ounces,1828,12,13.344500827805398,12
ounces,1829,12,13.224735839000273,12
ounces,1830,16,14.796748369793695,16
ounces,1831,16,14.796852324685698,16
ounces,1832,16,14.570515560627737,16
ounces,1833,16,14.761313129194477,16
ounces,1834,16,14.743776454507817,16
ounces,1835,16,14.77237052957022,16
ounces,1836,16,14.785010664079143,16
ounces,1837,16,14.775748924210545,16
ounces,1838,16,14.762704954209635,16
ounces,1839,12,13.131670883847248,12
ounces,1840,12,13.621696547326968,12
ounces,1841,12,13.190921444682967,12
ounces,1842,12,13.20909452954626,12
ounces,1843,12,13.44044729133044,12
ounces,1844,12,13.168703838674675,12
ounces,1845,12,13.194107188333758,12
ounces,1846,12,13.048963688957349,12
ounces,1847,12,13.239352579629292,12
ounces,1848,12,13.274804228658184,12
ounces,1849,16,14.502546898023173,16
ounces,1850,12,12.985216277781673,12
ounces,1851,12,13.277593801051657,12
ounces,1852,16,14.754177169322496,16
ounces,1853,12,13.198609124938535,12
ounces,1854,16,14.583469789408204,16
ounces,1855,12,13.22180824070797,12
ounces,1856,12,13.197283212341494,12
ounces,1857,12,13.24527090163759,12
ounces,1858,12,13.118431824236684,12
ounces,1859,12,13.27050814642902,12
ounces,1860,12,13.133071696919425,12
ounces,1861,16,14.61097819079288,16
ounces,1862,24,16.024932081026225,24
ounces,1863,12,13.16510447021399,12
ounces,1864,12,13.491481339718712,12
ounces,1865,12,13.09975951899726,12
ounces,1866,16,14.704904292385375,16
ounces,1867,16,14.76499600297558,16
ounces,1868,16,14.793111481420585,16
ounces,1869,16,14.696288577824172,16
ounces,1870,16,14.796456989526709,16
ounces,1871,12,13.228823210184531,12
ounces,1872,16,14.83737912539745,16
ounces,1873,16,14.822860277947555,16
ounces,1874,16,14.737530381955304,16
ounces,1875,12,13.189194309401216,12
ounces,1876,16,14.857141145456511,16
ounces,1877,16,14.768982519799136,16
ounces,1878,16,14.810998829680594,16
ounces,1879,16,14.830182269697314,16
ounces,1880,16,14.7607027774157,16
ounces,1881,16,14.855151510137484,16
ounces,1882,12,12.946473989599372,12
ounces,1883,12,13.183781826880807,12
ounces,1884,12,13.235360140442584,12
ounces,1885,12,12.925088684638268,12
ounces,1886,12,13.264468450813578,12
ounces,1887,12,13.419022829097685,12
ounces,1888,12,13.276238206964004,12
ounces,1889,12,13.23857985058791,12
ounces,1890,12,13.252749348286802,12
ounces,1891,12,13.285767637646993,12
ounces,1892,12,13.443991651488693,12
ounces,1893,12,13.310728656453614,12
ounces,1894,12,13.208604262389716,12
ounces,1895,12,13.268271269867189,12
ounces,1896,24,15.99906264138722,24
ounces,1897,24,15.757904571309542,24
ounces,1898,12,13.17000299612525,12
ounces,1899,12,12.000000023081505,12
ounces,1900,12,13.397149451738136,12
ounces,1901,12,13.27412772059928,12
ounces,1902,12,13.16728191411974,12
ounces,1903,12,13.306698314142745,12
ounces,1904,12,13.377535281733248,12
ounces,1905,12,12.000000023081505,12
ounces,1906,12,13.374904463509631,12
ounces,1907,12,12.000000023081505,12
ounces,1908,12,13.257661565308169,12
ounces,1909,12,13.209027746192389,12
ounces,1910,12,13.243491475372965,12
ounces,1911,12,13.157525378228655,12
ounces,1912,12,12.000000023081505,12
ounces,1913,12,13.107774601422744,12
ounces,1914,12,13.344261982383294,12
ounces,1915,12,13.137023933711571,12
ounces,1916,12,13.21232967267321,12
ounces,1917,12,13.25223702903688,12
ounces,1918,12,13.515066489053249,12
ounces,1919,12,13.36390977050842,12
ounces,1920,12,13.368057410447094,12
ounces,1921,12,13.410398614203483,12
ounces,1922,12,13.167276549155476,12
ounces,1923,12,13.243417132296711,12
ounces,1924,12,13.038288455191944,12
ounces,1925,12,13.038257101504678,12
ounces,1926,16,14.561496080249407,16
ounces,1927,12,13.26444406461237,12
ounces,1928,12,13.306694360094406,12
ounces,1929,16,14.535853014232464,16
ounces,1930,16,14.524996556154662,16
ounces,1931,12,13.383353899016038,12
ounces,1932,12,12.990184234691512,12
ounces,1933,12,13.307332634073564,12
ounces,1934,12,13.185123381484052,12
ounces,1935,12,13.357958736153076,12
ounces,1936,12,13.199846132413464,12
ounces,1937,16,14.69852834589272,16
ounces,1938,12,13.180355774635842,12
ounces,1939,16,14.72871902038556,16
ounces,1940,16,14.72685298826922,16
ounces,1941,16,14.63336967041578,16
ounces,1942,16,14.690082219942193,16
ounces,1943,12,13.305016572032669,12
ounces,1944,16,14.78598917782128,16
ounces,1945,16,14.76449364723072,16
ounces,1946,16,14.64616253221912,16
ounces,1947,16,14.650105293230226,16
ounces,1948,12,13.370072198390794,12
ounces,1949,12,13.212233695552746,12
ounces,1950,12,13.054627210000463,12
ounces,1951,16,14.70574805494713,16
ounces,1952,16,14.665499117579415,16
ounces,1953,16,14.722626371876064,16
ounces,1954,16,14.72279205869455,16
ounces,1955,12,13.08832775559556,12
ounces,1956,12,13.32371505760096,12
ounces,1957,12,13.23545862585803,12
ounces,1958,12,13.410090947437832,12
ounces,1959,12,13.290646306222984,12
ounces,1960,12,13.38367151186804,12
ounces,1961,12,13.540259246446196,12
ounces,1962,16,14.89089736126522,16
ounces,1963,12,13.368495647901494,12
ounces,1964,12,13.560110835715887,12
ounces,1965,12,13.452331383927095,12
ounces,1966,12,13.428185665501676,12
ounces,1967,16,14.89999968505279,16
ounces,1968,12,13.302907670771024,12
ounces,1969,12,13.267152744492694,12
ounces,1970,16,14.76288360055219,16
ounces,1971,16,14.554575206672071,16
ounces,1972,16,14.567374130188284,16
ounces,1973,16,14.566161996638586,16
ounces,1974,16,14.57374889220831,16
ounces,1975,16,14.57809534936168,16
ounces,1976,16,14.566964651032592,16
ounces,1977,12,13.229632414015434,12
ounces,1978,16,14.597669944045752,16
ounces,1979,12,13.247649427191003,12
ounces,1980,12,13.285865443732549,12
ounces,1981,12,13.41839025103838,12
ounces,1982,12,13.319813282826596,12
ounces,1983,12,13.444026628268707,12
ounces,1984,12,13.426610769790312,12
ounces,1985,12,13.251868170324911,12
ounces,1986,16,14.591994996325502,16
ounces,1987,12,13.400711631241984,12
ounces,1988,16,14.867348651882772,16
ounces,1989,12,13.4942248221919,12
ounces,1990,12,13.3414860662625,12
ounces,1991,12,13.098210368146889,12
ounces,1992,12,13.473942365761657,12
ounces,1993,12,13.221129085004362,12
ounces,1994,12,13.33405036514026,12
ounces,1995,12,13.15610718127876,12
ounces,1996,12,13.156124112269884,12
ounces,1997,12,13.17406277606472,12
ounces,1998,12,13.157482249489949,12
ounces,1999,12,13.169586932695234,12
ounces,2000,12,13.16114571882238,12
ounces,2001,12,13.156772715547124,12
ounces,2002,12,13.156763797164968,12
ounces,2003,16,14.741965604881065,16
ounces,2004,12,13.32796656533806,12
ounces,2005,16,14.788266709664269,16
ounces,2006,16,14.872367889490006,16
ounces,2007,12,13.112891697371676,12
ounces,2008,12,13.108891489438012,12
ounces,2009,12,13.128820485300482,12
ounces,2010,12,13.158983847247969,12
ounces,2011,12,13.15222866048912,12
ounces,2012,12,13.09153481975369,12
ounces,2013,12,13.058758162810028,12
ounces,2014,12,13.093068990509035,12
ounces,2015,12,13.047125631297536,12
ounces,2016,12,13.458023994224508,12
ounces,2017,16,14.906643183010114,16
ounces,2018,12,13.155997617560482,12
ounces,2019,12,13.23353469393254,12
ounces,2020,12,13.45390774281053,12
ounces,2021,12,13.196773505898843,12
ounces,2022,12,13.57660075013446,12
ounces,2023,12,13.638307452140957,12
ounces,2024,12,13.412954566789397,12
ounces,2025,12,13.12940875014845,12
ounces,2026,12,13.178169551697655,12
ounces,2027,12,13.18544503547797,12
ounces,2028,12,13.30252917950958,12
ounces,2029,12,13.199487341718852,12
ounces,2030,12,13.295072784953744,12
ounces,2031,16,14.576636288106048,16
ounces,2032,16,14.607513887049452,16
ounces,2033,16,14.549487130302577,16
ounces,2034,16,14.464440950342649,16
ounces,2035,16,14.558648677721648,16
ounces,2036,16,14.55528268520651,16
ounces,2037,16,14.482749831509231,16
ounces,2038,16,14.574441808696884,16
ounces,2039,16,14.48411782772207,16
ounces,2040,16,14.481815840003012,16
ounces,2041,16,14.62446090339093,16
ounces,2042,16,14.663275932127688,16
ounces,2043,16,14.66338114116718,16
ounces,2044,16,14.62473688551373,16
ounces,2045,16,14.65114978906534,16
ounces,2046,16,14.522570338159174,16
ounces,2047,16,14.581306384986862,16
ounces,2048,16,14.643314084568448,16
ounces,2049,16,14.6218482354685,16
ounces,2050,16,14.533245432574857,16
ounces,2051,16,14.58587092445388,16
ounces,2052,16,14.616410460973697,16
ounces,2053,16,14.589763658915084,16
ounces,2054,16,14.594241940904691,16
ounces,2055,16,14.56528855258622,16
ounces,2056,16,14.613021266729984,16
ounces,2057,16,14.6205745790169,16
ounces,2058,16,14.590334435373045,16
ounces,2059,16,14.602766381398522,16
ounces,2060,16,14.616910447773297,16
ounces,2061,16,14.698999347950313,16
ounces,2062,16,14.614260155426146,16
ounces,2063,16,14.623401288111069,16
ounces,2064,16,14.596753928653568,16
ounces,2065,16,14.607506501514228,16
ounces,2066,16,14.617701536140444,16
ounces,2067,16,14.601625664580933,16
ounces,2068,16,14.616599906919644,16
ounces,2069,16,14.619665740135355,16
ounces,2070,16,14.578285770755674,16
ounces,2071,12,13.264027722482911,12
ounces,2072,12,13.31862304460184,12
ounces,2073,16,14.58365930502901,16
ounces,2074,16,14.56565852609596,16
ounces,2075,16,14.6758321084296,16
ounces,2076,16,14.726282072461538,16
ounces,2077,16,14.778318115019964,16
ounces,2078,16,14.716851440730863,16
ounces,2079,16,14.677660167746918,16
ounces,2080,16,14.718849785407468,16
ounces,2081,16,14.718809164963742,16
ounces,2082,16,14.832828102853384,16
ounces,2083,16,14.696764457122006,16
ounces,2084,16,14.675341806435622,16
ounces,2085,16,14.786184128081214,16
ounces,2086,12,13.308372322343295,12
ounces,2087,12,13.711372134049125,12
ounces,2088,12,13.31902480726672,12
ounces,2089,12,13.592825238171612,12
ounces,2090,12,13.404151461690631,12
ounces,2091,12,13.364868531427575,12
ounces,2092,12,13.11627371510475,12
ounces,2093,12,13.136163449183275,12
ounces,2094,12,13.054571504949422,12
ounces,2095,12,13.069247991771402,12
ounces,2096,12,13.261664873773128,12
ounces,2097,12,13.598340491111392,12
ounces,2098,24,16.140985873219417,24
ounces,2099,12,13.282596665066649,12
ounces,2100,24,16.053781653802414,24
ounces,2101,24,16.152996146988603,24
ounces,2102,12,13.272673397234168,12
ounces,2103,12,13.513812968636362,12
ounces,2104,16.9,14.733090281789298,16.9
ounces,2105,16,14.441203548237318,16
ounces,2106,16,14.5950403451322,16
ounces,2107,16,14.57073294619278,16
ounces,2108,16,14.592315361334498,16
ounces,2109,16,14.62705942731666,16
ounces,2110,16,14.612486790874392,16
ounces,2111,16,14.582384673129363,16
ounces,2112,16,14.614933075229732,16
ounces,2113,16,14.700478963289818,16
ounces,2114,16,14.606178638021092,16
ounces,2115,16,14.588431057531428,16
ounces,2116,12,13.49377747474948,12
ounces,2117,16,14.647294191304832,16
ounces,2118,16,14.524748653000682,16
ounces,2119,16,14.6121621756989,16
ounces,2120,16,14.643775192795838,16
ounces,2121,16,14.559565041488137,16
ounces,2122,16,14.702991369087858,16
ounces,2123,16,14.706785931670488,16
ounces,2124,16,14.496190599841205,16
ounces,2125,16,14.421327400756606,16
ounces,2126,16,14.563618724877305,16
ounces,2127,16,14.58074006771998,16
ounces,2128,16,14.46118455638322,16
ounces,2129,12,13.29875417814406,12
ounces,2130,12,13.233838720186723,12
ounces,2131,12,13.254982288219011,12
ounces,2132,12,13.265433273445607,12
ounces,2133,12,13.458699648766371,12
ounces,2134,12,13.466386092293162,12
ounces,2135,12,13.41791712389754,12
ounces,2136,12,13.217541596107408,12
ounces,2137,12,13.384502628442595,12
ounces,2138,12,13.20014880000787,12
ounces,2139,12,13.277638567149584,12
ounces,2140,12,12.000000023081505,12
ounces,2141,16,14.691664536026208,16
ounces,2142,16,14.695802804696132,16
ounces,2143,16,14.696191520743367,16
ounces,2144,16,14.598221629591912,16
ounces,2145,16,14.560110944020863,16
ounces,2146,16,14.55004202089232,16
ounces,2147,12,13.14876108202724,12
ounces,2148,12,12.000000023081505,12
ounces,2149,12,13.203500334989434,12
ounces,2150,12,13.172677883698189,12
ounces,2151,12,13.34770088964004,12
ounces,2152,12,13.257136600071046,12
ounces,2153,12,13.273408223151389,12
ounces,2154,16,14.750162364505538,16
ounces,2155,16,14.735025431367346,16
ounces,2156,16,14.789810286525796,16
ounces,2157,16,14.37653099426272,16
ounces,2158,16,14.38703935673701,16
ounces,2159,16,14.425863512880504,16
ounces,2160,16,14.413165757261872,16
ounces,2161,16,14.47863086277569,16
ounces,2162,12,13.229923654932705,12
ounces,2163,12,13.21673643341842,12
ounces,2164,12,13.207079010016525,12
ounces,2165,16,14.586276223117936,16
ounces,2166,12,13.182611498247466,12
ounces,2167,16,14.621300312364816,16
ounces,2168,16,14.622923039867972,16
ounces,2169,12,13.55816739482943,12
ounces,2170,12,13.171950826527924,12
ounces,2171,12,13.335337956563976,12
ounces,2172,12,13.366948204085205,12
ounces,2173,12,13.287603430873837,12
ounces,2174,12,13.126260491572658,12
ounces,2175,12,13.22859746363622,12
ounces,2176,12,13.24787301381864,12
ounces,2177,12,12.000000023081505,12
ounces,2178,12,13.42136146579341,12
ounces,2179,12,13.239068968109258,12
ounces,2180,16,14.559212417018689,16
ounces,2181,16,14.445663784438032,16
ounces,2182,16,14.533503159884182,16
ounces,2183,16,14.501828968259646,16
ounces,2184,12,13.277875043626429,12
ounces,2185,12,13.417074911601432,12
ounces,2186,12,13.526075326051163,12
ounces,2187,12,13.43297166651308,12
ounces,2188,16,14.515285831484414,16
ounces,2189,16,14.476631194276736,16
ounces,2190,16,14.368711384658624,16
ounces,2191,16,14.497179425462706,16
ounces,2192,16,14.68580745822037,16
ounces,2193,16,14.615377949214604,16
ounces,2194,16,14.59287589558795,16
ounces,2195,16,14.619011702218993,16
ounces,2196,16,14.680013784537673,16
ounces,2197,12,13.173348748093389,12
ounces,2198,12,13.17920084414669,12
ounces,2199,12,13.362436652349665,12
ounces,2200,12,13.371858174092315,12
ounces,2201,12,13.156871166125136,12
ounces,2202,12,13.215340532423916,12
ounces,2203,12,13.163383745019413,12
ounces,2204,12,13.220442160553798,12
ounces,2205,12,13.765707586356765,12
ounces,2206,16,14.613255234911849,16
ounces,2207,16,14.667961566502411,16
ounces,2208,12,12.816363433631723,12
ounces,2209,12,13.42964467450116,12
ounces,2210,12,13.162197321493274,12
ounces,2211,12,13.331909535373748,12
ounces,2212,12,13.630374829912984,12
ounces,2213,12,13.389257868003051,12
ounces,2214,16,14.69090988761115,16
ounces,2215,16,14.621728255358562,16
ounces,2216,12,13.2824928843618,12
ounces,2217,16,14.763456188556525,16
ounces,2218,12,13.349885057169836,12
ounces,2219,12,13.436365180598152,12
ounces,2220,16,14.55678863764332,16
ounces,2221,12,13.034856341234104,12
ounces,2222,12,13.22943955400132,12
ounces,2223,12,13.068176253065795,12
ounces,2224,12,13.241392485360237,12
ounces,2225,12,13.24710871543539,12
ounces,2226,12,13.209987761259034,12
ounces,2227,12,12.000000023081505,12
ounces,2228,12,13.28125563302486,12
ounces,2229,12,12.000000023081505,12
ounces,2230,12,13.179878153466491,12
ounces,2231,12,13.138200115033204,12
ounces,2232,12,13.141568824867903,12
ounces,2233,12,12.000000023081505,12
ounces,2234,12,12.000000023081505,12
ounces,2235,12,13.192311353639464,12
ounces,2236,16,14.525719084458988,16
ounces,2237,12,13.254800785207172,12
ounces,2238,12,13.254490836589836,12
ounces,2239,12,13.39136051594596,12
ounces,2240,12,13.270045993078725,12
ounces,2241,12,13.47730341136169,12
ounces,2242,12,13.324732920220615,12
ounces,2243,12,13.261681491227378,12
ounces,2244,12,13.287683556963517,12
ounces,2245,12,13.229377822074836,12
ounces,2246,12,13.55771085030541,12
ounces,2247,16,14.454285351687528,16
ounces,2248,12,13.34288743673356,12
ounces,2249,12,13.282190390954543,12
ounces,2250,12,13.602103560657037,12
ounces,2251,12,13.490300977905443,12
ounces,2252,12,13.38185965195581,12
ounces,2253,12,13.23425199662232,12
ounces,2254,12,13.255975433681872,12
ounces,2255,12,12.000000023081505,12
ounces,2256,12,13.200949120294045,12
ounces,2257,12,13.380402680945997,12
ounces,2258,12,12.000000023081505,12
ounces,2259,12,13.227472772036563,12
ounces,2260,12,13.213222451499387,12
ounces,2261,12,13.485073760839349,12
ounces,2262,16,14.635574879753475,16
ounces,2263,16,14.707019481803188,16
ounces,2264,16,14.590252010012964,16
ounces,2265,16,14.590222746571516,16
ounces,2266,16,14.637810606680109,16
ounces,2267,16,14.45710725321631,16
ounces,2268,16,14.422761448737283,16
ounces,2269,16,14.422868538998012,16
ounces,2270,16,14.420507327647456,16
ounces,2271,16,14.67174163671404,16
ounces,2272,12,12.957933344245866,12
ounces,2273,12,13.463594098698286,12
ounces,2274,12,13.24283552139793,12
ounces,2275,12,13.188224644366375,12
ounces,2276,16,14.521480065940649,16
ounces,2277,16,14.44589245733049,16
ounces,2278,16,14.548903115621105,16
ounces,2279,19.2,15.323825869988069,19.2
ounces,2280,19.2,15.30658886687681,19.2
ounces,2281,19.2,15.488548527751918,19.2
ounces,2282,19.2,15.494253365987364,19.2
ounces,2283,19.2,15.506088616506744,19.2
ounces,2284,12,13.251195633733058,12
ounces,2285,12,12.958402465082225,12
ounces,2286,19.2,15.596580931944748,19.2
ounces,2287,19.2,15.6781079043711,19.2
ounces,2288,16,14.460275996201116,16
ounces,2289,16,14.484041533749725,16
ounces,2290,12,13.248606202376637,12
ounces,2291,12,13.355306214210389,12
ounces,2292,12,13.457402598980329,12
ounces,2293,12,13.459215329828318,12
ounces,2294,12,13.350777766321157,12
ounces,2295,12,13.240232468606262,12
ounces,2296,12,13.229402277950904,12
ounces,2297,16,14.78664244931418,16
ounces,2298,12,13.35394191076516,12
ounces,2299,12,13.27606450753655,12
ounces,2300,12,12.000000023081505,12
ounces,2301,12,13.317893810092182,12
ounces,2302,12,13.289238908876484,12
ounces,2303,12,13.286279991734348,12
ounces,2304,12,13.352937826349187,12
ounces,2305,12,12.000000023081505,12
ounces,2306,12,13.273765202299623,12
ounces,2307,16,14.550916928116758,16
ounces,2308,16,14.5509806806142,16
ounces,2309,16,14.611775549897482,16
ounces,2310,16,14.61186961095928,16
ounces,2311,16,14.611929182965085,16
ounces,2312,12,13.278691598155122,12
ounces,2313,12,13.54321213889023,12
ounces,2314,12,13.56434563890516,12
ounces,2315,12,13.41198106963722,12
ounces,2316,12,13.31699967260622,12
ounces,2317,12,12.000000023081505,12
ounces,2318,12,12.000000023081505,12
ounces,2319,12,13.29102903023221,12
ounces,2320,12,13.27457708861266,12
ounces,2321,12,13.279959715455304,12
ounces,2322,12,13.529598992775815,12
ounces,2323,12,13.278754793253675,12
ounces,2324,12,13.26897087514238,12
ounces,2325,12,13.37695760746409,12
ounces,2326,12,13.249745665046737,12
ounces,2327,12,13.473443354410104,12
ounces,2328,12,13.382528669967202,12
ounces,2329,12,13.23303495099495,12
ounces,2330,12,13.337911432377323,12
ounces,2331,16,14.618165501037115,16
ounces,2332,16,14.69154316241906,16
ounces,2333,16,14.609452590045388,16
ounces,2334,16,14.678779564057168,16
ounces,2335,12,13.596728458699337,12
ounces,2336,12,13.407714303105651,12
ounces,2337,12,13.434346490862255,12
ounces,2338,12,13.502268053261062,12
ounces,2339,12,13.288490461524018,12
ounces,2340,12,13.355876015220298,12
ounces,2341,12,13.452135876268278,12
ounces,2342,12,13.560260671503588,12
ounces,2343,12,13.472427216243249,12
ounces,2344,12,13.245133572487363,12
ounces,2345,12,13.28126859254893,12
ounces,2346,16,14.548028208396667,16
ounces,2347,12,13.340104483451846,12
ounces,2348,12,13.377075218628766,12
ounces,2349,12,12.000000023081505,12
ounces,2350,12,13.352229999440446,12
ounces,2351,12,13.364636862516113,12
ounces,2352,12,13.241710551098834,12
ounces,2353,12,13.387210263200013,12
ounces,2354,12,13.275529334932353,12
ounces,2355,12,13.38714988993331,12
ounces,2356,12,13.38766060666144,12
ounces,2357,16,14.64540098599286,16
ounces,2358,12,13.471095311608195,12
ounces,2359,12,13.40733849432634,12
ounces,2360,12,13.40730637421561,12
ounces,2361,12,13.408635683462103,12
ounces,2362,12,13.720815725303869,12
ounces,2363,12,13.419391478785068,12
ounces,2364,12,13.421372787958257,12
ounces,2365,12,13.482174938264473,12
ounces,2366,12,13.558257728286188,12
ounces,2367,12,13.867829541800544,12
ounces,2368,12,13.77266852297894,12
ounces,2369,12,13.78955784853585,12
ounces,2370,12,13.52631208122745,12
ounces,2371,12,13.386789705741489,12
ounces,2372,12,13.44429487648198,12
ounces,2373,12,13.268970457093216,12
ounces,2374,12,13.283041504214092,12
ounces,2375,16,14.672451832568042,16
ounces,2376,16,14.670984480004002,16
ounces,2377,16,14.646488680241545,16
ounces,2378,16,14.873711360151916,16
ounces,2379,16,14.87261704679148,16
ounces,2380,16,14.66797564082425,16
ounces,2381,16,14.85284861664524,16
ounces,2382,12,13.255069172770169,12
ounces,2383,12,13.282654216501497,12
ounces,2384,12,13.302263648615869,12
ounces,2385,12,13.285857518217156,12
ounces,2386,12,13.53430796822884,12
ounces,2387,12,13.29673554066431,12
ounces,2388,12,13.446921305189376,12
ounces,2389,12,12.000000023081505,12
ounces,2390,12,13.290549806541067,12
ounces,2391,12,13.620527333491395,12
ounces,2392,12,13.437856170358648,12
ounces,2393,12,13.629064890277732,12
ounces,2394,12,12.000000023081505,12
ounces,2395,12,13.362832527488829,12
ounces,2396,16,14.552225561348372,16
ounces,2397,12,13.36338616393108,12
ounces,2398,12,13.47034561010824,12
ounces,2399,12,13.35834957728356,12
ounces,2400,12,13.265162029213329,12
ounces,2401,12,13.447980032114767,12
ounces,2402,12,13.399959891752356,12
ounces,2403,12,13.343299493859094,12
ounces,2404,12,13.555233142587944,12
ounces,2405,12,13.353327831381344,12
ounces,2406,12,13.383300876447128,12
ounces,2407,12,13.303169944365,12
ounces,2408,12,13.584533442037294,12
ounces,2409,12,13.35859612177776,12
ounces,2410,12,13.328834853450742,12
abv,1,0.05,0.2634009207686472,0.05
abv,2,0.066,0.1426454221693157,0.066
abv,3,0.071,0.1453794908609436,0.071
abv,4,0.09,0.1500628897844069,0.09
abv,5,0.075,0.1459883532984688,0.075
abv,6,0.077,0,0.077
abv,7,0.05,0.1406052563821397,0.045
abv,8,0.065,0,0.065
abv,9,0.055,0.1413480983171372,0.055
abv,10,0.086,0.1533059784157186,0.086
abv,11,0.072,0,0.072
abv,12,0.073,0,0.073
abv,13,0.07,0,0.069
abv,14,0.085,0.1831600344658054,0.085
abv,15,0.06,0.1559812760708651,0.061
abv,16,0.06,0,0.06
abv,17,0.06,0,0.06
abv,18,0.06,0,0.06
abv,19,0.06,0.0992457815835639,0.06
abv,20,0.082,0.1312024602317612,0.082
abv,21,0.082,0.1566740543352775,0.082
abv,22,0.099,0.1358886732108695,0.099
abv,23,0.079,0.1484303053342135,0.079
abv,24,0.079,0.1130655008122077,0.079
abv,25,0.044,0.1461141067170486,0.044
abv,26,0.049,0,0.049
abv,27,0.05,0,0.049
abv,28,0.049,0,0.049
abv,29,0.07,0.1671413885829066,0.07
abv,30,0.07,0.1672098099149246,0.07
abv,31,0.07,0.1672439223590961,0.07
abv,32,0.085,0.0963986006238453,0.085
abv,33,0.097,0.0748747533473014,0.097
abv,34,0.044,0.1610096349987986,0.044
abv,35,0.08,0.1504373310734095,0.079
abv,36,0.07,0.1798268469429345,0.068
abv,37,0.083,0.0682723354510622,0.083
abv,38,0.07,0.1080800206274445,0.07
abv,39,0.049,0,0.049
abv,40,0.07,0.1073707312721446,0.07
abv,41,0.05,0.10003196881546,0.05
abv,42,0.059,0.103084683881286,0.059
abv,43,0.035,0.0289907534474547,0.035
abv,44,0.05,0.1550477364383181,0.045
abv,45,0.06,0.1615330002378525,0.055
abv,46,0.06,0.1657494083459079,0.06
abv,47,0.06,0.1637619582189301,0.055
abv,48,0.065,0.1562244733405703,0.065
abv,49,0.065,0.1600692001932575,0.065
abv,50,0.05,0.1646698423075164,0.05
abv,51,0.065,0.0298685816537591,0.065
abv,52,0.05,0.1387729034477016,0.05
abv,53,0.09,0.1484327117692328,0.09
abv,54,0.069,0.1643693424178006,0.069
abv,55,0.09,0.0213246961837782,0.09
abv,56,0.05,0,0.046
abv,57,0.05,0.0256404360361198,0.052
abv,58,0.059,0.1377934794837559,0.059
abv,59,0.054,0.1384364298099933,0.054
abv,60,0.054,0.1413507110180153,0.054
abv,61,0.084,0.1667176792202028,0.084
abv,62,0.038,0.1276080910207347,0.038
abv,63,0.055,0.1254179699542134,0.055
abv,64,0.055,0.0916176919711817,0.055
abv,65,0.065,0.203701432545808,0.065
abv,66,0.042,0.0696726203444234,0.042
abv,67,0.045,0.1773892166680408,0.045
abv,68,0.082,0.1423129510714864,0.082
abv,69,0.05,0.011810771846427,0.05
abv,70,0.08,0.1386274909283417,0.08
abv,71,0.13,0.128177541945954,0.125
abv,72,0.077,0,0.077
abv,73,0.042,0.1162237969867323,0.042
abv,74,0.05,0,0.05
abv,75,0.066,0,0.066
abv,76,0.04,0,0.04
abv,77,0.055,0.0006982379924813,0.055
abv,78,0.076,0.1384661910267625,0.076
abv,79,0.05,0,0.051
abv,80,0.07,0.1177925372425362,0.065
abv,81,0.06,0.1330618978378961,0.06
abv,82,0.05,0,0.05
abv,83,0.053,0.0936107751205413,0.053
abv,84,0.05,0.0882746380647316,0.05
abv,85,0.052,0.0903194399226386,0.052
abv,86,0.04,0.0376408977568131,0.04
abv,87,0.053,0.0408345120485649,0.053
abv,88,0.082,0.241917840465767,0.082
abv,89,0.053,0.0881789994615362,0.053
abv,90,0.053,0.0809339946598585,0.053
abv,91,0.057,0,0.057
abv,92,0.043,0.1466155341086919,0.043
abv,93,0.065,0.1773242134559685,0.065
abv,94,0.054,0.0694974908081211,0.054
abv,95,0.062,0.0629586862849532,0.062
abv,96,0.062,0.0591119360624131,0.062
abv,97,0.06,0.0806475355818165,0.059
abv,98,0.07,0.0824089183275529,0.065
abv,99,0.05,0.0782472296051813,0.045
abv,100,0.049,0.1016924580896935,0.049
abv,101,0.06,0.0730382407180442,0.056
abv,102,0.042,0,0.042
abv,103,0.042,0.1021800607577055,0.042
abv,104,0.05,0.1602961024601178,0.048
abv,105,0.06,0.1785676429858985,0.06
abv,106,0.057,0.1550471765738442,0.057
abv,107,0.056,0.0250542088210517,0.056
abv,108,0.07,0.1424091200726045,0.07
abv,109,0.06,0.0968093152374448,0.058
abv,110,0.057,0.1298507804146979,0.057
abv,111,0.055,0.128786812004105,0.055
abv,112,0.06,0.1064831103486392,0.058
abv,113,0.056,0.0982823383125832,0.056
abv,114,0.06,0.0877938127035087,0.057
abv,115,0.07,0.0799063928846082,0.069
abv,116,0.07,0.1619114784443772,0.07
abv,117,0.058,0.0883919345831008,0.058
abv,118,0.056,0.0747788004342258,0.056
abv,119,0.055,0.0932712958946048,0.055
abv,120,0.06,0.0941789491618729,0.06
abv,121,0.05,0.1123840131480185,0.054
abv,122,0.05,0.1399154051284855,0.047
abv,123,0.05,0.1452590954436006,0.05
abv,124,0.05,0.1452721294814399,0.05
abv,125,0.05,0.1077415678197101,0.05
abv,126,0.068,0.0456259893709458,0.068
abv,127,0.06,0.0544679977621744,0.06
abv,128,0.09,0.2184994461872659,0.085
abv,129,0.071,0.2106515999467031,0.071
abv,130,0.047,0.0502288512987327,0.047
abv,131,0.06,0.0445585635516721,0.06
abv,132,0.06,0.2252486615307741,0.06
abv,133,0.062,0.0428796527718113,0.062
abv,134,0.052,0.1367369366440797,0.052
abv,135,0.092,0.2120919937274166,0.092
abv,136,0.05,0.14523438282928,0.051
abv,137,0.052,0.0353987780495075,0.052
abv,138,0.07,0.1508269771028605,0.07
abv,139,0.032,0.1243499940926496,0.032
abv,140,0.053,0.2111181045640153,0.053
abv,141,0.06,0.2549716208943199,0.06
abv,142,0.048,0.2198332496299001,0.048
abv,143,0.077,0.1281015378880793,0.077
abv,144,0.077,0.111903207431163,0.077
abv,145,0.056,0.1202367385583602,0.056
abv,146,0.07,0.1504247193894716,0.07
abv,147,0.057,0.0935956931573898,0.057
abv,148,0.08,0.3165966893086815,0.082
abv,149,0.062,0.0952320345928684,0.062
abv,150,0.06,0.2751018721846378,0.06
abv,151,0.075,0.2036426271316834,0.075
abv,152,0.06,0.0267046401791228,0.055
abv,153,0.052,0.0023234066939417,0.052
abv,154,0.045,0.0057979550853748,0.045
abv,155,0.05,0.2261836253799652,0.05
abv,156,0.05,0.1211208824288173,0.05
abv,157,0.07,0.1194991613138539,0.07
abv,158,0.06,0.0986729125383988,0.062
abv,159,0.051,0.1057895659538942,0.051
abv,160,0.053,0.1890332387070034,0.053
abv,161,0.052,0.1579200670995343,0.052
abv,162,0.08,0,0.08
abv,163,0.064,0,0.064
abv,164,0.047,0.0879444113358897,0.047
abv,165,0.056,0.0559589168561094,0.056
abv,166,0.063,0.1183222574344778,0.063
abv,167,0.055,0.0899092753513292,0.055
abv,168,0.062,0.0526084128232832,0.062
abv,169,0.072,0.1952319402955665,0.072
abv,170,0.05,0.0318727098487481,0.048
abv,171,0.067,0.2350294153119384,0.067
abv,172,0.092,0.1434787951719575,0.092
abv,173,0.061,0.235474615612692,0.061
abv,174,0.086,0.1099774848179762,0.086
abv,175,0.06,0.1197175575695847,0.06
abv,176,0.05,0.122170667606072,0.049
abv,177,0.07,0.1310034431445735,0.07
abv,178,0.05,0.1282035117997949,0.05
abv,179,0.06,0.1555346417312836,0.06
abv,180,0.06,0.0894530742047731,0.06
abv,181,0.068,0.2843623645368139,0.068
abv,182,0.04,0.2562551445783265,0.044
abv,183,0.07,0.0770490017648791,0.07
abv,184,0.04,0.1507726997154456,0.038
abv,185,0.05,0.0571811304691345,0.052
abv,186,0.07,0.1285431138030283,0.07
abv,187,0.046,0.1445224709509183,0.046
abv,188,0.07,0.1503747342963565,0.07
abv,189,0.045,0.036409087870262,0.045
abv,190,0.05,0.0125542816899196,0.045
abv,191,0.035,0.142025396819956,0.035
abv,192,0.07,0.0280404473472425,0.07
abv,193,0.06,0.0981272705865948,0.06
abv,194,0.045,0.1201392337402518,0.045
abv,195,0.05,0.0433027187814793,0.049
abv,196,0.067,0.2153481949740375,0.067
abv,197,0.068,0.2166164942732281,0.068
abv,198,0.05,0.0174791442676559,0.05
abv,199,0.051,0.0435200837079162,0.051
abv,200,0.054,0.1588407298491822,0.054
abv,201,0.07,0.1797333593979808,0.067
abv,202,0.05,0.0560127031343366,0.05
abv,203,0.054,0.0778241586844214,0.054
abv,204,0.053,0.1566547439220206,0.053
abv,205,0.07,0.1492552410810122,0.07
abv,206,0.047,0.1839668875723162,0.047
abv,207,0.068,0.1366069105755677,0.068
abv,208,0.066,0.1388555620350685,0.066
abv,209,0.047,0.1978777615772726,0.047
abv,210,0.055,0.2015422317137388,0.055
abv,211,0.05,0.0125129695850577,0.049
abv,212,0.069,0.2300055451219796,0.069
abv,213,0.088,0.1181582564323668,0.088
abv,214,0.05,0,0.05
abv,215,0.06,0.1416835455366434,0.058
abv,216,0.07,0.1576289572174857,0.068
abv,217,0.048,0.0456361062202106,0.048
abv,218,0.06,0,0.058
abv,219,0.06,0,0.06
abv,220,0.05,0.0499999993283976,0.05
abv,221,0.058,0.1603540435220722,0.058
abv,222,0.07,0.1636989587323433,0.07
abv,223,0.058,0.1649269281450472,0.058
abv,224,0.044,0.0610575043978713,0.044
abv,225,0.083,0.1352907870636874,0.083
abv,226,0.06,0.1442997824008877,0.057
abv,227,0.06,0.0071132142450848,0.06
abv,228,0.072,0.1853198540954511,0.072
abv,229,0.056,0,0.056
abv,230,0.062,0.1936668440699347,0.062
abv,231,0.06,0.1998955327854935,0.06
abv,232,0.05,0.1650254741146334,0.05
abv,233,0.055,0.0488803342248376,0.055
abv,234,0.053,0.1503006259199459,0.053
abv,235,0.08,0.100040413437941,0.078
abv,236,0.05,0.1530336092602692,0.047
abv,237,0.064,0.1152082224754866,0.064
abv,238,0.06,0.1918256659033952,0.056
abv,239,0.06,0.293741430291247,0.06
abv,240,0.081,0.0754875299250518,0.081
abv,241,0.1,0.0735618122229569,0.095
abv,242,0.041,0.1343604691074111,0.041
abv,243,0.067,0.1685983032766912,0.067
abv,244,0.07,0.1698586171404913,0.07
abv,245,0.065,0.1671466925621328,0.065
abv,246,0.06,0.1241216283204102,0.06
abv,247,0.08,0.0360101107662464,0.08
abv,248,0.062,0.0427830859722512,0.062
abv,249,0.06,0.0882279728697248,0.06
abv,250,0.075,0.1128731873654309,0.075
abv,251,0.05,0.1239401340090364,0.05
abv,252,0.06,0.3116193762697083,0.06
abv,253,0.062,0.1944368050542722,0.062
abv,254,0.05,0.0654592718466069,0.05
abv,255,0.05,0.1788340009648915,0.05
abv,256,0.051,0.1811412122839231,0.051
abv,257,0.072,0.1631367664009169,0.072
abv,258,0.051,0.001438418115682,0.051
abv,259,0.05,0.2052208752613594,0.05
abv,260,0.062,0.2308887755293478,0.062
abv,261,0.047,0.2249435452146947,0.047
abv,262,0.05,0.0962805232418678,0.05
abv,263,0.05,0.2217161917217541,0.05
abv,264,0.05,0.0039303257779905,0.051
abv,265,0.069,0.156669870084999,0.069
abv,266,0.06,0.1108555831343338,0.058
abv,267,0.053,0.17254357982445,0.053
abv,268,0.1,0.1486553119196096,0.099
abv,269,0.098,0.211062815491674,0.098
abv,270,0.055,0.1231007105412033,0.055
abv,271,0.066,0.1912274752685168,0.066
abv,272,0.055,0.0658761204139597,0.055
abv,273,0.052,0.2060689913618134,0.052
abv,274,0.063,0.2045762846304355,0.063
abv,275,0.054,0.207602617310703,0.054
abv,276,0.072,0,0.072
abv,277,0.05,0,0.045
abv,278,0.075,0.0956628257500575,0.075
abv,279,0.05,0.0070194222124348,0.05
abv,280,0.058,0.0946050060264934,0.058
abv,281,0.071,0.1233215918094234,0.071
abv,282,0.071,0.1030970745660894,0.071
abv,283,0.078,0.1489846497408219,0.078
abv,284,0.066,0.1077989441060988,0.066
abv,285,0.05,0.0425614189293309,0.048
abv,286,0.046,0.0423502714452092,0.046
abv,287,0.07,0.0897730220183183,0.073
abv,288,0.048,0,0.048
abv,289,0.06,0.0689636649433711,0.06
abv,290,0.052,0.1601212675893281,0.052
abv,291,0.068,0.1807714758209379,0.068
abv,292,0.07,0.1824839244472206,0.07
abv,293,0.055,0.1662710547028051,0.055
abv,294,0.05,0.2022115546033508,0.05
abv,295,nan,0.2057091556600503,nan
abv,296,0.06,0.2158599700362637,0.055
abv,297,0.08,0.2209662483479038,0.08
abv,298,0.096,0.2200637468160137,0.096
abv,299,0.052,0.1624266323378143,0.052
abv,300,nan,0.2248907411548428,nan
abv,301,0.05,0.2172971323185227,0.05
abv,302,0.064,0.1521435426130096,0.064
abv,303,0.045,0.2209825335285649,0.045
abv,304,0.056,0.1429044036883107,0.056
abv,305,0.06,0.143552903548368,0.056
abv,306,0.06,0.1305956653639159,0.056
abv,307,0.046,0.0377516428786195,0.046
abv,308,0.059,0.1996920957156172,0.059
abv,309,0.06,0.1998168767380056,0.059
abv,310,0.08,0.2048217508245875,0.08
abv,311,0.059,0.1998810057757239,0.059
abv,312,0.065,0.1666774966664724,0.065
abv,313,0.053,0.1571063089978457,0.053
abv,314,0.059,0.3373020098133251,0.059
abv,315,0.049,0.1618241886973712,0.049
abv,316,nan,0.0280296036563801,nan
abv,317,nan,0.0308302421983888,nan
abv,318,nan,0.0717725590308236,nan
abv,319,nan,0.0327402665063936,nan
abv,320,0.07,0.0770088683220674,0.07
abv,321,0.06,0.2320091723855973,0.06
abv,322,0.044,0,0.044
abv,323,0.055,0.1336739770406002,0.055
abv,324,0.06,0.1026717543652503,0.06
abv,325,0.053,0.037945871651228,0.053
abv,326,0.04,0.1520832049382196,0.04
abv,327,0.05,0.0854865178959151,0.05
abv,328,0.05,0.1323916221964601,0.05
abv,329,0.065,0.1272987609878257,0.065
abv,330,0.055,0.1440577343266815,0.055
abv,331,0.06,0.1388638519581554,0.06
abv,332,0.04,0.0631115783972404,0.042
abv,333,0.04,0.1699547370306907,0.04
abv,334,0.051,0.132537668246672,0.051
abv,335,0.045,0.0797646980617985,0.045
abv,336,0.066,0.0993319908903573,0.066
abv,337,0.075,0.1373664453118521,0.075
abv,338,0.048,0.1323422166121864,0.048
abv,339,0.056,0.1260368657524415,0.056
abv,340,0.07,0.1940247153349473,0.07
abv,341,0.047,0.1096217597001135,0.047
abv,342,0.068,0.1217008823793865,0.068
abv,343,0.047,0.1109071397768492,0.047
abv,344,0.047,0.1129772484911939,0.047
abv,345,0.048,0.1520711432965719,0.048
abv,346,0.05,0.1578312843805979,0.049
abv,347,0.053,0.1197332730635883,0.053
abv,348,0.06,0.1632158939132248,0.064
abv,349,0.061,0.1400491341602721,0.061
abv,350,0.058,0.1179955716028785,0.058
abv,351,0.06,0.1245865122774033,0.058
abv,352,0.048,0.1136602806937781,0.048
abv,353,0.048,0.2070224012720912,0.048
abv,354,0.066,0.1639667802167154,0.066
abv,355,0.071,0.1094459573442242,0.071
abv,356,0.045,0,0.045
abv,357,0.065,0.1839767097560685,0.065
abv,358,0.055,0.2007712492222911,0.055
abv,359,0.06,0.1706137957382816,0.056
abv,360,0.049,0.1512889438712792,0.049
abv,361,0.049,0.1703318892424088,0.049
abv,362,0.053,0.1613600021154245,0.053
abv,363,0.053,0.0424423445957026,0.053
abv,364,0.049,0.1574722246313513,0.049
abv,365,0.049,0.104609572997728,0.049
abv,366,0.057,0.1189840467091518,0.057
abv,367,0.049,0.1004091897824644,0.049
abv,368,0.062,0.1690454483698278,0.062
abv,369,0.065,0.027978469367766,0.065
abv,370,0.058,0.0274283779667222,0.058
abv,371,0.05,0.0300116417601103,0.047
abv,372,0.06,0.1898506997719666,0.06
abv,373,0.057,0.2051447926260147,0.057
abv,374,0.07,0.2283908370462153,0.07
abv,375,0.06,0.1778349571889008,0.06
abv,376,0.06,0.2294479102838142,0.055
abv,377,0.052,0.0394066317299517,0.052
abv,378,0.05,0.1930971083013866,0.05
abv,379,0.042,0.0387550477041962,0.042
abv,380,0.045,0.0863564539775746,0.045
abv,381,0.06,0.2130727977081793,0.062
abv,382,0.054,0.023541474657003,0.054
abv,383,0.05,0.0592714777931006,0.05
abv,384,0.072,0.111665628450564,0.072
abv,385,0.05,0.0285350041213511,0.05
abv,386,0.055,0.0427783320353152,0.055
abv,387,0.06,0.1265201466596025,0.058
abv,388,0.053,0.0808482371735177,0.053
abv,389,0.067,0,0.067
abv,390,0.06,0.0349707272815853,0.06
abv,391,0.098,0.0583032118298975,0.098
abv,392,0.06,0.0512623169176831,0.06
abv,393,0.07,0,0.07
abv,394,0.077,0.0384637512006563,0.077
abv,395,0.065,0.0413414251298338,0.065
abv,396,0.065,0.030999468602256,0.065
abv,397,0.07,0,0.065
abv,398,0.065,0,0.065
abv,399,0.05,0.0410060319323382,0.05
abv,400,0.09,0.0019150592266265,0.09
abv,401,0.055,0.0429147916341849,0.055
abv,402,0.059,0,0.059
abv,403,0.07,0.0001885845219455,0.066
abv,404,0.04,0.026271580097487,0.041
abv,405,0.08,0.0463504834666941,0.082
abv,406,0.065,0.033677479635664,0.065
abv,407,0.06,0.0476854606602868,0.062
abv,408,nan,0.0516200212055718,nan
abv,409,nan,0.0497991111152051,nan
abv,410,0.061,0.0610000004230939,0.061
abv,411,0.063,0.0178716190860275,0.063
abv,412,0.06,0.1512297455698045,0.056
abv,413,0.099,0.0269162100171459,0.099
abv,414,0.051,0.0203106048222791,0.051
abv,415,0.062,0.1534273216737937,0.062
abv,416,0.062,0.1538436545764995,0.062
abv,417,0.053,0.1524372160850175,0.053
abv,418,0.063,0.0629999996175881,0.063
abv,419,0.064,0.1587216948042889,0.064
abv,420,0.07,0.044815015858351,0.07
abv,421,0.07,0.1585662980351448,0.067
abv,422,0.067,0.158205902468908,0.067
abv,423,0.05,0.1552742261734607,0.05
abv,424,0.06,0.1550699149292306,0.06
abv,425,0.065,0.1584989276767883,0.065
abv,426,0.05,0.0499999993283976,0.045
abv,427,0.063,0.1604349586718231,0.063
abv,428,0.093,0.1621771488705076,0.093
abv,429,0.073,0.1660419129780493,0.073
abv,430,0.06,0.1513477492854038,0.056
abv,431,0.093,0.1834295060770479,0.093
abv,432,0.065,0.1765417881204495,0.065
abv,433,0.05,0.1836940174854955,0.05
abv,434,0.09,0.136013847120608,0.09
abv,435,0.082,0.1272034563388778,0.082
abv,436,0.098,0.1899565632684481,0.098
abv,437,0.06,0.1908324073936346,0.06
abv,438,0.1,0.1417268613669907,0.099
abv,439,0.095,0.195542321302137,0.095
abv,440,0.09,0.1964952990363298,0.092
abv,441,0.065,0.1254022348158423,0.065
abv,442,0.099,0.1343402648754328,0.099
abv,443,0.062,0.1998016327088221,0.062
abv,444,0.09,0.1273680466720139,0.09
abv,445,0.092,0.1198865384188581,0.092
abv,446,0.097,0.1221639394102017,0.097
abv,447,0.085,0.1249257213932866,0.085
abv,448,0.06,0.1175551301501529,0.055
abv,449,0.06,0.1288492025152991,0.06
abv,450,0.065,0.1277832794901395,0.065
abv,451,nan,0.1299944593186255,nan
abv,452,nan,0.1642487260013232,nan
abv,453,0.061,0.0758147363323899,0.061
abv,454,0.05,0.1230799759113023,0.05
abv,455,0.052,0.1292358527787057,0.052
abv,456,0.05,0.1724675954109427,0.048
abv,457,0.061,0.1142006063886261,0.061
abv,458,0.07,0.1925689793032128,0.068
abv,459,0.045,0.1547198523003011,0.045
abv,460,0.068,0.1592627006853618,0.068
abv,461,0.045,0.1566056722919944,0.045
abv,462,0.052,0.1211751794605996,0.052
abv,463,0.05,0.2727859387664342,0.052
abv,464,0.08,0.1015223869780236,0.08
abv,465,nan,0.1576880278305716,nan
abv,466,0.073,0.1318754369737291,0.073
abv,467,0.099,0.1499697754824357,0.099
abv,468,0.06,0.0865346087464726,0.062
abv,469,0.06,0.1382778506533135,0.058
abv,470,0.052,0.1630408036656576,0.052
abv,471,0.05,0.0499999993283976,0.053
abv,472,0.05,0,0.045
abv,473,0.06,0.1682316313350367,0.06
abv,474,0.06,0.1693891756902372,0.06
abv,475,0.09,0.1917519209477835,0.09
abv,476,0.07,0.0364944524692527,0.065
abv,477,0.068,0.0379737371865331,0.068
abv,478,0.078,0.1719242420279531,0.078
abv,479,0.055,0,0.055
abv,480,0.099,0.1821639569893079,0.099
abv,481,0.06,0.1001380778665354,0.06
abv,482,0.065,0.0333109648489495,0.065
abv,483,0.07,0.0020355970656339,0.068
abv,484,0.072,0.1483965170221058,0.072
abv,485,0.068,0.1184747173706799,0.068
abv,486,0.055,0.114924960518256,0.055
abv,487,0.05,0.0465811378077478,0.05
abv,488,0.056,0.1094758315161066,0.056
abv,489,0.05,0.1330185623631813,0.049
abv,490,0.068,0.0788206585148203,0.068
abv,491,0.049,0.1135707097445956,0.049
abv,492,0.04,0.0835488957071125,0.043
abv,493,0.093,0.0320879138947595,0.093
abv,494,0.062,0.031655511899435,0.062
abv,495,0.06,0.0245750237645153,0.06
abv,496,0.048,0.0357994838578636,0.048
abv,497,0.077,0.0925447145848092,0.077
abv,498,0.097,0.0985297443880263,0.097
abv,499,0.052,0.1066233613104374,0.052
abv,500,0.053,0.0775029241648047,0.053
abv,501,0.063,0.1351054719228341,0.063
abv,502,0.07,0.1588075210459159,0.068
abv,503,0.063,0.0858795574898526,0.063
abv,504,0.053,0.079334673034942,0.053
abv,505,0.07,0.2354461214576269,0.068
abv,506,0.06,0.1143009252623795,0.06
abv,507,0.06,0.2536788447132187,0.056
abv,508,0.039,0.0733559490736939,0.039
abv,509,0.054,0.1941365998300689,0.054
abv,510,0.061,0.2869479168990163,0.061
abv,511,0.06,0.286834627831618,0.061
abv,512,0.06,0.2740735091901466,0.056
abv,513,0.056,0.2735372965347449,0.056
abv,514,0.056,0.2735682364135644,0.056
abv,515,0.056,0.2735993530916915,0.056
abv,516,0.056,0.2938175522153268,0.056
abv,517,0.054,0.0680074164219889,0.054
abv,518,0.061,0.310933689621965,0.061
abv,519,0.05,0.0347836834363916,0.05
abv,520,0.07,0.039659302495886,0.065
abv,521,nan,0.1623531918698988,nan
abv,522,nan,0.2257684711393097,nan
abv,523,nan,0.2256558106916715,nan
abv,524,nan,0.1563763341235636,nan
abv,525,0.099,0.0365547508553076,0.099
abv,526,0.09,0.205265409042492,0.09
abv,527,0.06,0.1591872466697771,0.055
abv,528,0.054,0,0.054
abv,529,0.06,0.1680013207704144,0.055
abv,530,0.055,0.1397340777942355,0.055
abv,531,0.05,0.0880414594224537,0.049
abv,532,0.065,0.2786996005825076,0.065
abv,533,0.052,0.2087480705577044,0.052
abv,534,0.05,0.1598279280715677,0.046
abv,535,0.056,0.0845199266150418,0.056
abv,536,0.046,0.1971020546154401,0.046
abv,537,0.062,0.3039656360244572,0.062
abv,538,0.05,0.1976460857291087,0.052
abv,539,0.04,0.0691557672131972,0.042
abv,540,0.052,0.1393869421760642,0.052
abv,541,0.05,0.0651117433410854,0.05
abv,542,nan,0.0660330789103204,nan
abv,543,0.04,0.1884015151367949,0.04
abv,544,0.05,0.1897033375491319,0.05
abv,545,0.035,0.2037618684424355,0.035
abv,546,0.059,0.0854226786126175,0.059
abv,547,0.06,0.1152997946946086,0.057
abv,548,0.051,0.1078668595956536,0.051
abv,549,0.099,0.2404626642985064,0.099
abv,550,0.039,0.155737518936686,0.039
abv,551,0.078,0.2052724810147936,0.078
abv,552,0.042,0.2193477685535786,0.042
abv,553,0.069,0.1295882825539195,0.069
abv,554,0.069,0.1295813284478229,0.069
abv,555,0.056,0.0733104036076348,0.056
abv,556,0.052,0.1766689264669384,0.052
abv,557,0.047,0.0856430785938338,0.047
abv,558,0.07,0.0887104287134506,0.07
abv,559,0.047,0.1602520696103566,0.047
abv,560,0.052,0.2101361120990185,0.052
abv,561,0.056,0.2046371232365968,0.056
abv,562,0.048,0.0730926457938478,0.048
abv,563,0.078,0.0777952912863736,0.078
abv,564,0.06,0.0831488921848947,0.058
abv,565,0.054,0.0768157150785798,0.054
abv,566,0.085,0.1329309386619276,0.085
abv,567,nan,0.1402426606467423,nan
abv,568,0.07,0.1248707957417441,0.068
abv,569,0.05,0.0499999993283976,0.051
abv,570,0.05,0.0992459682050552,0.051
abv,571,0.05,0.1155482075438863,0.05
abv,572,0.05,0.1106781011850228,0.05
abv,573,0.05,0.1932922456259921,0.05
abv,574,0.05,0.0918607173526713,0.05
abv,575,0.045,0.0985174740249738,0.045
abv,576,0.05,0.2824597682552717,0.05
abv,577,0.052,0.1271903437235685,0.052
abv,578,0.051,0.0696815978203729,0.051
abv,579,0.072,0.1924733799887524,0.072
abv,580,0.095,0.146579020140593,0.095
abv,581,0.075,0.1231728446586796,0.075
abv,582,0.07,0.0699999998677501,0.07
abv,583,0.06,0.1206072264184024,0.06
abv,584,0.05,0.035733184117536,0.05
abv,585,0.07,0.1854593880378353,0.07
abv,586,0.045,0.1388741652510952,0.045
abv,587,0.065,0.1045032724140695,0.065
abv,588,0.055,0.0868194864529305,0.055
abv,589,0.05,0.1269116589039665,0.045
abv,590,0.08,0.2318243090651966,0.08
abv,591,0.055,0.0550000003840654,0.055
abv,592,0.06,0.1089168805053183,0.057
abv,593,0.06,0.0402462221749087,0.057
abv,594,0.052,0.0847559880682511,0.052
abv,595,0.089,0.2431414291845174,0.089
abv,596,0.049,0.0465656482239705,0.049
abv,597,0.05,0.030755426624748,0.05
abv,598,0.05,0.0307568704857596,0.05
abv,599,0.055,0.0464622893843458,0.055
abv,600,0.062,0.194370367803372,0.062
abv,601,0.082,0.1013035585462076,0.082
abv,602,0.055,0.0890230000669979,0.055
abv,603,0.055,0.0643017913356008,0.055
abv,604,0.06,0.0604456019944748,0.06
abv,605,0.045,0.0599283166871636,0.045
abv,606,0.07,0.183428906923839,0.07
abv,607,0.07,0.1833910325832904,0.07
abv,608,0.063,0.0990073480729785,0.063
abv,609,0.07,0.1822138045718505,0.07
abv,610,0.07,0.1821757534319943,0.07
abv,611,0.07,0.1821377415808732,0.07
abv,612,0.055,0.1098446054050841,0.055
abv,613,0.052,0.1236625099852796,0.052
abv,614,0.075,0.1615698628934747,0.075
abv,615,0.075,0.1615264881300248,0.075
abv,616,0.08,0.1666935362925398,0.08
abv,617,0.05,0.1173745247464087,0.05
abv,618,0.055,0.0335362759220419,0.055
abv,619,0.06,0.0843653303538736,0.055
abv,620,0.05,0.1534636244649419,0.05
abv,621,0.07,0.1318524039528301,0.072
abv,622,0.075,0.1361850477834093,0.075
abv,623,0.05,0.0840777761023433,0.05
abv,624,0.048,0.0898839341172485,0.048
abv,625,0.06,0.0961355183431336,0.06
abv,626,0.045,0.1459977040174009,0.045
abv,627,0.06,0.1129059296149689,0.062
abv,628,0.065,0.1735652342674383,0.065
abv,629,0.04,0.1684080573995943,0.038
abv,630,0.06,0.0765578925772675,0.056
abv,631,0.067,0.1247269400385089,0.067
abv,632,0.06,0.2372697964927199,0.06
abv,633,0.044,0.0798256741785323,0.044
abv,634,0.047,0.0557129595527697,0.047
abv,635,0.062,0.121163746438712,0.062
abv,636,0.046,0.0345401522124387,0.046
abv,637,0.065,0.0663436956493009,0.065
abv,638,0.052,0.0267689853048837,0.052
abv,639,0.052,0.0241432012780322,0.052
abv,640,0.058,0.1449576575353365,0.058
abv,641,0.068,0.1708167711655215,0.068
abv,642,0.048,0.1607257345996242,0.048
abv,643,0.056,0.1068952688232504,0.056
abv,644,0.05,0.0766221885921096,0.05
abv,645,0.052,0.0849015626536429,0.052
abv,646,0.057,0.1789424673400674,0.057
abv,647,0.061,0.0604009699915047,0.061
abv,648,0.038,0.1214447787602308,0.038
abv,649,0.05,0.0998324016859822,0.05
abv,650,0.05,0.1434766146471645,0.048
abv,651,0.08,0.1705863820234291,0.075
abv,652,0.077,0.1474234234555886,0.077
abv,653,0.06,0.0160595538721296,0.06
abv,654,0.08,0.0103880972852025,0.075
abv,655,0.059,0.0916782850227492,0.059
abv,656,nan,0.126621138352943,nan
abv,657,nan,0.1225748259120169,nan
abv,658,0.052,0.1041749364555999,0.052
abv,659,0.06,0.111499726855897,0.06
abv,660,0.052,0.0928462237039055,0.052
abv,661,0.065,0.1244348282937176,0.065
abv,662,0.05,0.0502398717889027,0.045
abv,663,0.05,0.0243826562957279,0.049
abv,664,0.06,0.1437401045485018,0.055
abv,665,0.056,0.1441445182312243,0.056
abv,666,0.065,0.0419144415077552,0.065
abv,667,0.066,0.0491257709524383,0.066
abv,668,0.06,0.0380778867119499,0.055
abv,669,0.045,0.0365814671951137,0.045
abv,670,0.06,0.2348137790898419,0.055
abv,671,0.069,0.2474351575230703,0.069
abv,672,0.06,0.2480054924448274,0.06
abv,673,0.06,0.1238131429953038,0.06
abv,674,0.052,0.1653552048231958,0.052
abv,675,0.05,0.0984383931680386,0.049
abv,676,0.054,0.0540000001729319,0.054
abv,677,0.08,0.1621058103499151,0.08
abv,678,0.063,0.1058725142956818,0.063
abv,679,0.05,0.0745971882566471,0.045
abv,680,0.06,0.0814427297562134,0.06
abv,681,0.08,0.0643066434943744,0.08
abv,682,0.05,0.0406609737060304,0.05
abv,683,0.053,0.0224403882140104,0.053
abv,684,0.055,0.1097048553746574,0.055
abv,685,0.092,0.1305720233676242,0.092
abv,686,0.07,0.1181579519446704,0.065
abv,687,0.07,0.067534119764612,0.07
abv,688,0.06,0.1382355072191576,0.06
abv,689,0.07,0.130891391672328,0.065
abv,690,0.07,0.137378698486083,0.065
abv,691,0.07,0.120034804282598,0.072
abv,692,0.055,0.2644488888419078,0.055
abv,693,0.05,0.0863366770105895,0.05
abv,694,0.05,0.0839813566355395,0.05
abv,695,0.06,0.0364334370637838,0.063
abv,696,0.06,0.0247279944542726,0.06
abv,697,0.08,0.0960241151350158,0.075
abv,698,0.085,0.2591550853980702,0.085
abv,699,0.06,0.1189335410402979,0.06
abv,700,0.07,0.1360607480480248,0.07
abv,701,0.048,0.0479999989061304,0.048
abv,702,0.046,0.187524816481622,0.046
abv,703,0.05,0.0885010541334962,0.052
abv,704,0.07,0.2922535069633565,0.07
abv,705,0.045,0.1322068669200806,0.045
abv,706,0.05,0.0948868879669068,0.05
abv,707,0.059,0.1215411540272077,0.059
abv,708,0.056,0.0949299140428335,0.056
abv,709,0.065,0.137129028397285,0.065
abv,710,0.058,0.1048395250526434,0.058
abv,711,0.07,0.085559663698318,0.07
abv,712,0.05,0.0802618822700608,0.05
abv,713,0.05,0.1258593003145687,0.05
abv,714,0.05,0,0.052
abv,715,0.05,0.0380110762180672,0.049
abv,716,0.06,0.1805669190221139,0.063
abv,717,0.05,0.0356621697290074,0.05
abv,718,0.05,0.0325155938752451,0.05
abv,719,0.096,0.158030203245948,0.096
abv,720,0.05,0.076227214027973,0.049
abv,721,0.04,0.0988216891556938,0.044
abv,722,0.052,0.0768994000841488,0.052
abv,723,0.05,0.1281789268738631,0.054
abv,724,nan,0.2074212015767992,nan
abv,725,0.071,0.2181794590849857,0.071
abv,726,0.074,0.1600191659892236,0.074
abv,727,0.05,0.1319279463680685,0.045
abv,728,0.07,0.1390728189174841,0.065
abv,729,nan,0.2346607985779009,nan
abv,730,nan,0.1186806983861479,nan
abv,731,nan,0.1283373488756028,nan
abv,732,nan,0.0956506462422047,nan
abv,733,nan,0.0963499267922611,nan
abv,734,nan,0.1150784861613953,nan
abv,735,nan,0.1387905882895475,nan
abv,736,0.049,0.1640173742852231,0.049
abv,737,0.051,0.1294878801916042,0.051
abv,738,0.07,0.2569155096363564,0.066
abv,739,0.051,0.1375378178628691,0.051
abv,740,0.043,0.1320846200211003,0.043
abv,741,0.06,0.1106530693497303,0.058
abv,742,0.06,0.1234785011948653,0.061
abv,743,0.05,0.0359087802075665,0.045
abv,744,0.05,0.1627294993738143,0.05
abv,745,0.078,0.1380127695582083,0.078
abv,746,0.06,0.1390626627794843,0.06
abv,747,0.05,0.1008135985540951,0.05
abv,748,0.055,0.1674224798375279,0.055
abv,749,0.045,0.1244438155918509,0.045
abv,750,0.078,0.2091737640015261,0.078
abv,751,0.06,0.0600000002119603,0.057
abv,752,0.049,0.096473612641161,0.049
abv,753,0.07,0.127316784695011,0.07
abv,754,0.05,0.1057878814493807,0.05
abv,755,0.052,0,0.052
abv,756,0.052,0.1135198136439374,0.052
abv,757,0.05,0.1143232609082321,0.05
abv,758,0.062,0.0794471124834457,0.062
abv,759,0.04,0.0285377248662505,0.043
abv,760,0.062,0.2861546773391861,0.062
abv,761,0.05,0.0161682166909806,0.049
abv,762,0.07,0.1228689954043044,0.07
abv,763,0.051,0.1129857422245936,0.051
abv,764,0.052,0.1115794510658679,0.052
abv,765,0.048,0.1143140550665103,0.048
abv,766,0.054,0.1405222049074227,0.054
abv,767,0.04,0.0566807196735096,0.04
abv,768,0.085,0.1732406503831621,0.085
abv,769,0.055,0.2290631949906069,0.055
abv,770,0.03,0.2260129060041676,0.027
abv,771,0.06,0.1260490747268455,0.055
abv,772,0.05,0.0878980408063955,0.05
abv,773,0.045,0.0871881228313355,0.045
abv,774,0.067,0.2093258114060107,0.067
abv,775,0.06,0.0826084707237551,0.063
abv,776,0.07,0.2288557013588409,0.07
abv,777,0.07,0.1411149098526755,0.07
abv,778,0.05,0.129275799600026,0.05
abv,779,0.05,0.1522587961171582,0.05
abv,780,0.05,0.0499999993283976,0.05
abv,781,0.07,0.1369798294260886,0.07
abv,782,0.08,0.1634480510483926,0.075
abv,783,0.046,0.0460000009394092,0.046
abv,784,0.051,0.163781386498392,0.051
abv,785,0.075,0.1607420197802853,0.075
abv,786,0.069,0.1584223833988071,0.069
abv,787,0.05,0.0499999993283976,0.05
abv,788,0.081,0.0498558538707417,0.081
abv,789,0.08,0.1325382084667784,0.082
abv,790,0.082,0.1570782470188655,0.082
abv,791,0.06,0.1372864780028333,0.055
abv,792,0.045,0,0.045
abv,793,0.06,0.0198036131635402,0.055
abv,794,0.048,0.0392656342821885,0.048
abv,795,0.09,0.1078094145539786,0.09
abv,796,0.08,0.130086807490264,0.08
abv,797,0.086,0.1354129553851977,0.086
abv,798,0.05,0.1100509301969835,0.05
abv,799,0.05,0.141549806682673,0.053
abv,800,0.08,0.1680818430328152,0.08
abv,801,0.055,0.1393705194848304,0.055
abv,802,0.075,0.0969980435871521,0.075
abv,803,0.055,0.0954715338103909,0.055
abv,804,0.05,0.090077249426768,0.047
abv,805,0.045,0,0.045
abv,806,0.075,0.2274648997838925,0.075
abv,807,0.053,0.1033578388114355,0.053
abv,808,0.047,0.0680630640040371,0.047
abv,809,0.047,0.0903975361056526,0.047
abv,810,0.065,0.121924209371361,0.065
abv,811,0.05,0.0929258546031307,0.05
abv,812,0.06,0.169147402637176,0.06
abv,813,nan,0.225414803768943,nan
abv,814,0.06,0.1086609708742918,0.055
abv,815,0.07,0.1896707180768907,0.071
abv,816,0.047,0.0675768904637611,0.047
abv,817,0.04,0.0453581384200225,0.04
abv,818,0.07,0.0433720732209538,0.07
abv,819,0.078,0.0797944199898327,0.078
abv,820,0.06,0.0749589982173443,0.06
abv,821,0.07,0.0827970615628898,0.065
abv,822,0.045,0.0691239187823806,0.045
abv,823,0.05,0.0250021708915323,0.05
abv,824,0.069,0.1991337536802216,0.069
abv,825,0.05,0.0807471325250641,0.052
abv,826,0.06,0.095491035756231,0.062
abv,827,0.045,0.1932438910153799,0.045
abv,828,0.065,0.192029554793724,0.065
abv,829,0.062,0.1819616494705632,0.062
abv,830,0.067,0.1905872456871789,0.067
abv,831,0.058,0.1933211817793262,0.058
abv,832,0.052,0.0519999997506647,0.052
abv,833,0.055,0.1894440220758892,0.055
abv,834,0.088,0.1818258872467399,0.088
abv,835,0.051,0.166109833378696,0.051
abv,836,0.07,0.2819125351096999,0.074
abv,837,nan,0.0572741219938087,nan
abv,838,0.05,0.0868339103297706,0.047
abv,839,0.056,0.0957126536882325,0.056
abv,840,0.046,0,0.046
abv,841,0.063,0.1039194860116637,0.063
abv,842,0.085,0,0.085
abv,843,0.072,0.1746510668590637,0.072
abv,844,0.047,0.1698407702326135,0.047
abv,845,0.08,0.2499967044681822,0.076
abv,846,0.057,0.1375082334454074,0.057
abv,847,0.052,0.0862745811649079,0.052
abv,848,0.055,0.1004553835126512,0.055
abv,849,0.05,0.099279275230159,0.05
abv,850,0.06,0.1012391495762524,0.06
abv,851,0.064,0.1375160911924092,0.064
abv,852,0.04,0.0699476071118427,0.04
abv,853,0.052,0.0321384883188997,0.052
abv,854,0.06,0.0495586051238479,0.06
abv,855,0.051,0.0681289610348308,0.051
abv,856,0.042,0.0288017451655105,0.042
abv,857,0.067,0.0758214399728008,0.067
abv,858,0.06,0.084516984871008,0.06
abv,859,0.052,0.0578364371025321,0.052
abv,860,0.06,0.0661763943934492,0.06
abv,861,0.05,0.0619173187191741,0.05
abv,862,0.057,0.0665514839465794,0.057
abv,863,0.07,0.1995023016589728,0.07
abv,864,0.06,0.154911208084162,0.056
abv,865,0.069,0.1805803852360382,0.069
abv,866,0.055,0.1025576107678656,0.055
abv,867,0.053,0.0608253472627036,0.053
abv,868,0.07,0.0613583284196509,0.065
abv,869,0.06,0.0800433337704818,0.06
abv,870,0.042,0.049612676245404,0.042
abv,871,0.068,0.0590780593506517,0.068
abv,872,0.042,0.0297607635427108,0.042
abv,873,0.059,0.0598438557290781,0.059
abv,874,0.044,0.0511948925373159,0.044
abv,875,0.04,0.0414764506898757,0.04
abv,876,0.045,0.0421830585890112,0.045
abv,877,0.08,0.1484970765393612,0.08
abv,878,0.07,0.1988744087404277,0.065
abv,879,0.065,0.0861074321529043,0.065
abv,880,0.06,0.0749559778958405,0.056
abv,881,0.07,0.2335096681086907,0.065
abv,882,0.05,0.1730640671636645,0.053
abv,883,0.07,0.169771376504404,0.07
abv,884,0.05,0.173720208682681,0.052
abv,885,0.07,0.1059325671271429,0.07
abv,886,0.05,0.1805270998891823,0.05
abv,887,0.072,0.1498149680443168,0.072
abv,888,0.049,0.0719458665520398,0.049
abv,889,0.05,0.0732532090316455,0.05
abv,890,0.067,0.2288559469134348,0.067
abv,891,0.072,0.1606878602590755,0.072
abv,892,0.06,0.1155594048333639,0.058
abv,893,0.074,0.1311098173946102,0.074
abv,894,0.08,0.1321087629487633,0.08
abv,895,0.094,0.1350857980887784,0.094
abv,896,0.06,0.1334887994103193,0.059
abv,897,0.046,0.1593312595279524,0.046
abv,898,0.068,0.1718084679480655,0.068
abv,899,0.06,0.1149493195339615,0.059
abv,900,0.05,0.1748003542299139,0.05
abv,901,0.055,0.0386888756522574,0.055
abv,902,0.08,0.1438439250307629,0.08
abv,903,0.08,0.1438478931929988,0.08
abv,904,0.059,0.1446352394425777,0.059
abv,905,0.05,0.1676463175830575,0.046
abv,906,0.07,0,0.07
abv,907,0.07,0.2476158071266413,0.07
abv,908,0.06,0.1304323961144944,0.06
abv,909,0.06,0.1412930155106547,0.056
abv,910,0.093,0.2471957516162934,0.093
abv,911,0.06,0.1621465036572006,0.06
abv,912,0.06,0.1844160756796733,0.06
abv,913,0.06,0.1138565303806936,0.058
abv,914,0.055,0.0960954340112408,0.055
abv,915,0.059,0.1185847356508886,0.059
abv,916,0.054,0.0907334449677952,0.054
abv,917,0.05,0.0679904093108219,0.054
abv,918,0.04,0.0891627599196084,0.042
abv,919,0.04,0.0918678187915241,0.042
abv,920,0.04,0.1023317349192074,0.042
abv,921,0.05,0.0916535920527961,0.052
abv,922,0.05,0.0733096374773021,0.05
abv,923,0.05,0.0730204134545339,0.052
abv,924,0.054,0.1144722978133966,0.054
abv,925,nan,0.0571538297093952,nan
abv,926,0.043,0.0882700953047462,0.043
abv,927,0.049,0.0866459333771204,0.049
abv,928,0.055,0.0953252814943202,0.055
abv,929,0.053,0.074733323723453,0.053
abv,930,0.057,0.1303472034037194,0.057
abv,931,0.056,0.1177349399570131,0.056
abv,932,0.062,0.1259424549222151,0.062
abv,933,0.057,0.1347753090381866,0.057
abv,934,0.053,0.0961313291817633,0.053
abv,935,0.056,0.1307584484152416,0.056
abv,936,0.06,0.1708155532147362,0.057
abv,937,0.045,0.0584060697381509,0.045
abv,938,0.057,0.1694474310620717,0.057
abv,939,0.06,0.0503600412960194,0.057
abv,940,0.06,0.0348139259401647,0.06
abv,941,0.051,0.0510000007673041,0.051
abv,942,0.075,0.1977405947811727,0.075
abv,943,0.08,0.1568324174039147,0.08
abv,944,0.06,0.0662917657638029,0.056
abv,945,0.057,0.0452688940584497,0.057
abv,946,0.042,0.0479297776589398,0.042
abv,947,0.06,0.1385030143936496,0.062
abv,948,0.05,0.0288519070579331,0.053
abv,949,0.05,0.039970061656531,0.05
abv,950,0.087,0.0022894906934453,0.087
abv,951,0.06,0.0401801778113587,0.061
abv,952,0.071,0.0449480622483668,0.071
abv,953,0.08,0.0023256363296535,0.083
abv,954,0.05,0.0421786484285064,0.05
abv,955,0.1,0.0288573976586506,0.095
abv,956,0.07,0,0.073
abv,957,0.071,0.0452682752608733,0.071
abv,958,0.05,0.0382999171756691,0.045
abv,959,0.045,0.1604713007517063,0.045
abv,960,0.052,0.081670967840064,0.052
abv,961,0.052,0.077296373462679,0.052
abv,962,0.05,0.1210909149461892,0.05
abv,963,0.07,0.1066143249013853,0.07
abv,964,0.048,0.1198963900691616,0.048
abv,965,0.048,0.1240401729505529,0.048
abv,966,0.05,0.1146963786579741,0.048
abv,967,0.05,0.1709200710720437,0.05
abv,968,0.06,0.0788434312478498,0.06
abv,969,0.055,0.1661708684285323,0.055
abv,970,0.05,0.172735210629456,0.054
abv,971,0.053,0.1000876090308705,0.053
abv,972,0.09,0.1328115893071542,0.09
abv,973,0.07,0.0413773252114482,0.07
abv,974,0.07,0.2033485214835904,0.07
abv,975,0.06,0.1742349205778492,0.059
abv,976,0.048,0.0432185623110902,0.048
abv,977,0.06,0.0835545876625969,0.06
abv,978,0.05,0.1181183587219652,0.053
abv,979,0.054,0.0871026403661398,0.054
abv,980,0.05,0.1169676506066563,0.05
abv,981,0.057,0.0772699910771205,0.057
abv,982,0.067,0.0739330907687912,0.067
abv,983,0.058,0.0579999997896932,0.058
abv,984,0.085,0.0523370357083928,0.085
abv,985,0.058,0.0579999997896932,0.058
abv,986,0.06,0.0456151849688184,0.06
abv,987,0.04,0.0399999996726078,0.04
abv,988,0.055,0.12335621500715,0.055
abv,989,0.06,0.1380241141804421,0.06
abv,990,0.06,0.2327325565745817,0.06
abv,991,0.05,0.0318253276343273,0.049
abv,992,0.045,0.0781892983654106,0.045
abv,993,0.07,0.0699999998677501,0.065
abv,994,0.05,0.0499999993283976,0.05
abv,995,0.05,0.1271114224771194,0.05
abv,996,0.065,0.0865439594654047,0.065
abv,997,0.075,0.1117081977949462,0.075
abv,998,0.05,0.1060132170779325,0.05
abv,999,0.04,0.1551269916390148,0.04
abv,1000,0.09,0.0900000004071026,0.09
abv,1001,0.063,0.0513554950638486,0.063
abv,1002,0.069,0.0507657416848134,0.069
abv,1003,0.047,0.0457752079865097,0.047
abv,1004,0.07,0.119962218344669,0.07
abv,1005,0.08,0.1255771482641021,0.08
abv,1006,0.06,0.1723109512244622,0.057
abv,1007,0.055,0.139006460244054,0.055
abv,1008,0.06,0.1670093195001741,0.06
abv,1009,0.06,0.0989937197930223,0.06
abv,1010,0.042,0.099433959890981,0.042
abv,1011,0.052,0.1064299772456315,0.052
abv,1012,0.07,0.0811542227528591,0.07
abv,1013,0.052,0.0638139332908113,0.052
abv,1014,0.046,0.075540923315929,0.046
abv,1015,0.043,0.1282173217901506,0.043
abv,1016,0.075,0.1759621712350466,0.075
abv,1017,0.044,0.0416101993660298,0.044
abv,1018,0.056,0.0551007231951257,0.056
abv,1019,0.052,0.0536809658224756,0.052
abv,1020,0.062,0.147286561147185,0.062
abv,1021,0.048,0.1640107737777416,0.048
abv,1022,0.05,0.1374630121114121,0.05
abv,1023,0.059,0.154487194233762,0.059
abv,1024,0.06,0.1545493391903623,0.059
abv,1025,0.055,0.1441583724214069,0.055
abv,1026,0.06,0.168770879045218,0.059
abv,1027,0.05,0.1478424181700912,0.05
abv,1028,0.048,0.0823698555027703,0.048
abv,1029,0.05,0.1084347979045751,0.05
abv,1030,0.06,0.165189013474108,0.059
abv,1031,nan,0.2068428812196516,nan
abv,1032,0.05,0.1149909557708872,0.048
abv,1033,0.049,0.0736218454100505,0.049
abv,1034,0.05,0.0680662611248485,0.054
abv,1035,0.06,0.1301598992706562,0.064
abv,1036,0.064,0.0754753700615666,0.064
abv,1037,0.083,0.1899189737712284,0.083
abv,1038,0.076,0.1383398188106063,0.076
abv,1039,0.06,0.1238421970148429,0.062
abv,1040,0.088,0.1640359283903311,0.088
abv,1041,0.072,0.1406972804217144,0.072
abv,1042,0.06,0.1200092076717397,0.06
abv,1043,0.06,0.1390361281500776,0.06
abv,1044,0.06,0.0954480587912231,0.063
abv,1045,0.08,0.1367730724581042,0.08
abv,1046,0.099,0.124740651807027,0.099
abv,1047,0.063,0.0541193397055215,0.063
abv,1048,0.07,0.0952509422965914,0.07
abv,1049,0.044,0.0978536049028902,0.044
abv,1050,0.05,0.1503487644425156,0.045
abv,1051,0.055,0.1835981235055225,0.055
abv,1052,32,0.4033970558314896,32
abv,1053,0.06,0.1875051328253825,0.055
abv,1054,0.049,0.1266858665438702,0.049
abv,1055,0.055,0.1457202371485841,0.055
abv,1056,0.07,0.0699999998677501,0.066
abv,1057,0.042,0.2076297461822266,0.042
abv,1058,0.042,0.0619770965294902,0.042
abv,1059,0.05,0.0622241440952263,0.047
abv,1060,0.06,0.088351806051381,0.058
abv,1061,0.049,0.0527563349105918,0.049
abv,1062,0.08,0.2585651061088087,0.078
abv,1063,0.063,0.2502385462765297,0.063
abv,1064,0.049,0.0433502777952076,0.049
abv,1065,0.048,0.0380273122878096,0.048
abv,1066,0.065,0.2335949639523951,0.065
abv,1067,0.065,0.1897574577816067,0.065
abv,1068,0.049,0.0411049167672638,0.049
abv,1069,0.07,0.1636858461170341,0.07
abv,1070,0.051,0.1695099099729196,0.051
abv,1071,0.051,0.1299139959893273,0.051
abv,1072,0.06,0.169699743318299,0.06
abv,1073,0.065,0.1036268487800416,0.065
abv,1074,0.068,0.1208364123429851,0.068
abv,1075,0.03,0.0299999975612721,0.027
abv,1076,0.039,0.0156233801582443,0.039
abv,1077,0.039,0.1139502585691493,0.039
abv,1078,0.039,0.0156551745670503,0.039
abv,1079,0.04,0.1140472428115188,0.039
abv,1080,0.04,0.1140438541581243,0.039
abv,1081,0.039,0.113937028087635,0.039
abv,1082,0.04,0.1140373911612153,0.039
abv,1083,0.04,0.1140340221521883,0.039
abv,1084,0.039,0.1139273335922716,0.039
abv,1085,0.04,0.1140275787996468,0.039
abv,1086,0.039,0.1139209000619139,0.039
abv,1087,0.04,0.1140210470474516,0.039
abv,1088,0.058,0.1583603268418605,0.058
abv,1089,0.06,0.130337744640766,0.058
abv,1090,0.07,0.1782762679048885,0.066
abv,1091,0.07,0.1853743770374597,0.073
abv,1092,0.06,0.1729876407518884,0.06
abv,1093,0.058,0.1514357658740075,0.058
abv,1094,0.073,0.1760395896873817,0.073
abv,1095,0.051,0.1706217909958559,0.051
abv,1096,0.066,0.1714082336045296,0.066
abv,1097,0.06,0.0758708602903502,0.056
abv,1098,0.051,0.0703638467038029,0.051
abv,1099,0.06,0.0600000002119603,0.06
abv,1100,0.07,0.1798255013037605,0.065
abv,1101,0.055,0.137695837155075,0.055
abv,1102,0.07,0.1838710230588945,0.068
abv,1103,0.065,0.0852754342559878,0.065
abv,1104,0.05,0.0685429120579768,0.05
abv,1105,0.046,0.0836932277862596,0.046
abv,1106,0.065,0.1309601960695124,0.065
abv,1107,0.05,0.1557964815057506,0.054
abv,1108,0.048,0.1168303561221676,0.048
abv,1109,0.055,0.1116451491974406,0.055
abv,1110,0.059,0.0844960046865133,0.059
abv,1111,0.06,0.0676403024820655,0.058
abv,1112,0.07,0.2205039869139725,0.07
abv,1113,0.06,0.1343224081453712,0.055
abv,1114,0.05,0.1169359544196878,0.045
abv,1115,0.068,0.1833469015116917,0.068
abv,1116,0.053,0.1361133360198343,0.053
abv,1117,0.049,0.0752803702475335,0.049
abv,1118,nan,0.1229507847284092,nan
abv,1119,0.052,0.0519999997506647,0.052
abv,1120,0.048,0.0450122698635551,0.048
abv,1121,0.072,0.1480871575226456,0.072
abv,1122,0.07,0.0875254313546627,0.067
abv,1123,0.05,0.0630403282763018,0.049
abv,1124,0.05,0.1932743299628281,0.05
abv,1125,0.051,0.1935186273171136,0.051
abv,1126,0.06,0.0708222087307845,0.055
abv,1127,0.055,0.0644442522887432,0.055
abv,1128,0.065,0.1128971043828675,0.065
abv,1129,0.07,0.1541212098449701,0.07
abv,1130,0.05,0.2306532395629693,0.05
abv,1131,0.067,0.2027201472780413,0.067
abv,1132,0.07,0.1269571552591068,0.069
abv,1133,nan,0.0616422386410092,nan
abv,1134,0.045,0.0707316285522215,0.045
abv,1135,0.055,0.0452301750100984,0.055
abv,1136,0.055,0.0443609117480259,0.055
abv,1137,0.06,0.0433446300395501,0.06
abv,1138,0.06,0.0690650593462454,0.06
abv,1139,0.05,0.0902310697354198,0.05
abv,1140,0.05,0.1318187727956625,0.05
abv,1141,0.09,0.1314771376003924,0.093
abv,1142,0.052,0.0758921449625413,0.052
abv,1143,0.071,0.0844198189182391,0.071
abv,1144,0.075,0.1262896101847539,0.075
abv,1145,0.05,0.0873152071558137,0.052
abv,1146,0.06,0.0859479984662381,0.058
abv,1147,0.055,0.1401929505747723,0.055
abv,1148,0.055,0.0843013781154628,0.055
abv,1149,0.05,0.1035809006044487,0.047
abv,1150,0.07,0.0789713013470282,0.066
abv,1151,0.1,0.2831448852163574,0.095
abv,1152,0.05,0.1192108212876233,0.049
abv,1153,0.052,0.1538104064844982,0.052
abv,1154,0.07,0.2782922156892,0.066
abv,1155,0.057,0.1174376420992006,0.057
abv,1156,0.06,0.2074830027569683,0.06
abv,1157,0.055,0.1311085994438249,0.055
abv,1158,0.06,0.0846458519218373,0.058
abv,1159,0.05,0.056912572320981,0.05
abv,1160,0.068,0.0628014282119881,0.068
abv,1161,0.058,0.1143192583683531,0.058
abv,1162,0.07,0.0699999998677501,0.065
abv,1163,0.07,0.1913236246252674,0.065
abv,1164,0.065,0.1898346797902667,0.065
abv,1165,0.055,0.1736652928533223,0.055
abv,1166,0.07,0.2198670182976403,0.065
abv,1167,0.065,0.0650000000398552,0.065
abv,1168,nan,0.1338556579734652,nan
abv,1169,nan,0.1303546289746361,nan
abv,1170,nan,0.152696619957914,nan
abv,1171,nan,0.1966280949606599,nan
abv,1172,nan,0.1966447730286712,nan
abv,1173,nan,0.1963485163223364,nan
abv,1174,nan,0.1950029753701183,nan
abv,1175,0.051,0.1075262164409424,0.051
abv,1176,0.055,0.1468208128380217,0.055
abv,1177,0.06,0.1565425451170189,0.06
abv,1178,0.06,0.1232065740376848,0.057
abv,1179,0.049,0.1282169387249843,0.049
abv,1180,0.063,0.1371546299192352,0.063
abv,1181,0.048,0,0.048
abv,1182,0.05,0,0.046
abv,1183,0.05,0.0321423779036656,0.046
abv,1184,0.046,0.0773294496664646,0.046
abv,1185,0.046,0.1137431332692741,0.046
abv,1186,0.04,0.0837426137261659,0.04
abv,1187,0.08,0.2513171202743622,0.08
abv,1188,0.054,0.0540000001729319,0.054
abv,1189,0.07,0.2675063971334048,0.072
abv,1190,0.07,0.1626299810080367,0.066
abv,1191,0.048,0.1555354373281676,0.048
abv,1192,0.045,0.1036586333666639,0.045
abv,1193,0.07,0.103542751242755,0.068
abv,1194,0.05,0.1004766878292098,0.05
abv,1195,0.055,0.1037850055828201,0.055
abv,1196,0.05,0.0787597511533727,0.05
abv,1197,0.048,0.0774052229030212,0.048
abv,1198,0.064,0.1680326437144003,0.064
abv,1199,0.064,0.224819019569084,0.064
abv,1200,0.056,0.2292810804927826,0.056
abv,1201,0.05,0.2460715633971156,0.05
abv,1202,0.051,0.1584112843311671,0.051
abv,1203,0.057,0.1915288886213216,0.057
abv,1204,0.05,0.1832981933024643,0.05
abv,1205,0.05,0.1600837566695783,0.05
abv,1206,0.057,0.1505536944843221,0.057
abv,1207,0.052,0.1077942441911733,0.052
abv,1208,0.06,0.0600000002119603,0.06
abv,1209,0.058,0.0480945791690266,0.058
abv,1210,0.057,0.0449196073820366,0.057
abv,1211,0.052,0.0344678511178386,0.052
abv,1212,0.065,0.244895789068871,0.065
abv,1213,0.057,0.144608189148524,0.057
abv,1214,0.06,0.0934619101035925,0.06
abv,1215,0.08,0.1353320697019981,0.075
abv,1216,0.057,0.094808786872801,0.057
abv,1217,0.058,0.0620521380133573,0.058
abv,1218,0.061,0.0852729492434985,0.061
abv,1219,0.059,0.1237580012557188,0.059
abv,1220,0.046,0.1604599855960238,0.046
abv,1221,0.072,0.0868687324267182,0.072
abv,1222,0.04,0.1938586320298808,0.04
abv,1223,0.046,0.1387755701705903,0.046
abv,1224,0.05,0.1538231556790086,0.046
abv,1225,0.048,0.0479999989061304,0.048
abv,1226,0.055,0.0550000003840654,0.055
abv,1227,0.05,0.0499999993283976,0.045
abv,1228,0.062,0.2380174316533884,0.062
abv,1229,0.056,0.2323785061390487,0.056
abv,1230,0.052,0.192508121052684,0.052
abv,1231,0.062,0.0619999994064545,0.062
abv,1232,0.052,0.1924190633126025,0.052
abv,1233,0.05,0.1762160746850418,0.048
abv,1234,0.04,0.1047978642602583,0.038
abv,1235,0.051,0.1162614650614221,0.051
abv,1236,0.05,0.1290954348397838,0.054
abv,1237,0.053,0.1222545588774998,0.053
abv,1238,0.061,0.173689406314434,0.061
abv,1239,0.06,0.1765468465450819,0.058
abv,1240,0.05,0.1814942215679783,0.05
abv,1241,0.051,0.0629995465693625,0.051
abv,1242,0.05,0.155290589931592,0.05
abv,1243,0.055,0.1342182438866788,0.055
abv,1244,0.099,0.1209571564478513,0.099
abv,1245,0.043,0.1099639940485925,0.043
abv,1246,0.085,0.1419172251102927,0.085
abv,1247,0.079,0.0789999999262928,0.079
abv,1248,0.047,0.1072683644730789,0.047
abv,1249,0.05,0.1491142534554327,0.05
abv,1250,0.069,0.2213264572926493,0.069
abv,1251,0.07,0.1419984643921074,0.07
abv,1252,0.06,0.1338587421391634,0.06
abv,1253,0.051,0.0510000007673041,0.051
abv,1254,0.055,0.0368778810563885,0.055
abv,1255,0.05,0.0416566681173616,0.051
abv,1256,0.042,0.1211263828517185,0.042
abv,1257,0.07,0.0607584581913509,0.065
abv,1258,0.042,0.1285663727341536,0.042
abv,1259,0.045,0.1785253191961101,0.045
abv,1260,0.07,0.0969121093015038,0.072
abv,1261,0.067,0.0892411409459512,0.067
abv,1262,0.045,0.0635700975791621,0.045
abv,1263,0.055,0.07437903755551,0.055
abv,1264,0.055,0.0902213948844239,0.055
abv,1265,0.05,0.0609388327737769,0.05
abv,1266,0.09,0.0829998110799034,0.09
abv,1267,0.06,0.0551622493541496,0.06
abv,1268,0.085,0.222020296352907,0.085
abv,1269,0.099,0.1734769917686083,0.099
abv,1270,0.08,0.1742301371743619,0.08
abv,1271,0.06,0.0962436753195213,0.06
abv,1272,0.095,0.1419736535559493,0.095
abv,1273,0.066,0.1057816001628711,0.066
abv,1274,0.05,0.0499999993283976,0.047
abv,1275,0.062,0.16828446486144,0.062
abv,1276,0.07,0.1252884153505215,0.072
abv,1277,0.05,0.128015525024961,0.05
abv,1278,0.099,0.0990000010795318,0.099
abv,1279,0.063,0.0858446789153484,0.063
abv,1280,0.1,0.1081078026741877,0.097
abv,1281,0.05,0.0499999993283976,0.05
abv,1282,0.065,0.0650000000398552,0.065
abv,1283,0.05,0.0499999993283976,0.05
abv,1284,0.08,0.2188908798541598,0.08
abv,1285,0.08,0.1573577863684541,0.08
abv,1286,0.05,0.0499999993283976,0.05
abv,1287,0.05,0.1128027721301111,0.05
abv,1288,0.07,0.165146080708927,0.065
abv,1289,0.07,0.089157819361181,0.065
abv,1290,0.042,0.224510838731674,0.042
abv,1291,0.065,0.1953444730548159,0.065
abv,1292,0.051,0.2194593878497389,0.051
abv,1293,0.045,0.2157328709785099,0.045
abv,1294,0.05,0.2169709179517436,0.045
abv,1295,0.048,0.2024562644893539,0.048
abv,1296,0.05,0.2193147856605386,0.047
abv,1297,0.05,0.0419243226246099,0.05
abv,1298,0.06,0.2211030320788373,0.06
abv,1299,0.047,0.2090104701966453,0.047
abv,1300,0.055,0.1977755421109631,0.055
abv,1301,0.055,0.2202001376595972,0.055
abv,1302,0.051,0.1245014128773739,0.051
abv,1303,0.06,0.1714981065858625,0.055
abv,1304,0.05,0.1170407178315891,0.05
abv,1305,0.07,0.1073873553181453,0.07
abv,1306,0.082,0.135311973514041,0.082
abv,1307,0.06,0.132315195784684,0.06
abv,1308,0.05,0.0685464676884951,0.05
abv,1309,0.068,0.2090937819592317,0.068
abv,1310,0.055,0.1185244519981093,0.055
abv,1311,0.045,0.0876272088227033,0.045
abv,1312,0.057,0.156854605717011,0.057
abv,1313,0.062,0.2062705622167766,0.062
abv,1314,0.037,0.1473914915362101,0.037
abv,1315,0.037,0.068780756237537,0.037
abv,1316,0.037,0.1466916805882311,0.037
abv,1317,0.07,0.1336403164168813,0.069
abv,1318,0.069,0.1335674554578072,0.069
abv,1319,0.069,0.133578525058896,0.069
abv,1320,0.072,0.1581344951930293,0.072
abv,1321,0.072,0.1574575110000904,0.072
abv,1322,0.04,0.1362076093394882,0.042
abv,1323,0.052,0.1398302959062724,0.052
abv,1324,0.052,0.137494177900458,0.052
abv,1325,0.054,0.1215384627488596,0.054
abv,1326,0.05,0.1006105445493852,0.053
abv,1327,0.053,0.1203593488781393,0.053
abv,1328,0.071,0.153348498649182,0.071
abv,1329,0.053,0.1128156293686428,0.053
abv,1330,0.056,0.1898313795365259,0.056
abv,1331,0.063,0.1421991807170843,0.063
abv,1332,0.063,0.1476711880407386,0.063
abv,1333,0.048,0.0946397962013438,0.048
abv,1334,0.05,0.0995203214416225,0.05
abv,1335,0.06,0.1694524305536016,0.057
abv,1336,0.08,0.1685206392697624,0.08
abv,1337,0.075,0.1350399677793904,0.075
abv,1338,0.06,0.0600000002119603,0.06
abv,1339,0.08,0.1686080370607897,0.08
abv,1340,0.063,0.1485754870322553,0.063
abv,1341,0.058,0.1348363637323905,0.058
abv,1342,0.083,0.1393153089899592,0.083
abv,1343,0.08,0.1368355022580333,0.08
abv,1344,0.08,0.1439957170584699,0.075
abv,1345,0.08,0.1658486222239891,0.075
abv,1346,0.065,0.0650000000398552,0.065
abv,1347,0.043,0.1303607089063787,0.043
abv,1348,0.075,0.1435643365702557,0.075
abv,1349,0.053,0.1461029388941223,0.053
abv,1350,0.05,0.0740285820392304,0.05
abv,1351,0.068,0.0748135807868925,0.068
abv,1352,0.048,0.0479999989061304,0.048
abv,1353,0.048,0.0479999989061304,0.048
abv,1354,nan,0.1613567116838675,nan
abv,1355,0.087,0.2329838866124338,0.087
abv,1356,0.051,0.1720747080608535,0.051
abv,1357,0.08,0.2002886755123603,0.075
abv,1358,0.07,0.0699999998677501,0.065
abv,1359,0.092,0.0919999996015968,0.092
abv,1360,0.05,0.0499999993283976,0.048
abv,1361,0.051,0.1598751924197834,0.051
abv,1362,0.099,0.0990000010795318,0.099
abv,1363,0.05,0.0499999993283976,0.054
abv,1364,0.04,0.1006236768090619,0.04
abv,1365,0.05,0.0797396023823115,0.05
abv,1366,0.062,0.2169051191427874,0.062
abv,1367,0.062,0.0813230169806412,0.062
abv,1368,0.055,0.096409196304568,0.055
abv,1369,0.06,0.0810260432548925,0.055
abv,1370,0.055,0.0803405137620893,0.055
abv,1371,0.05,0.0499999993283976,0.05
abv,1372,0.042,0.0989012390219031,0.042
abv,1373,0.055,0.0739175422519115,0.055
abv,1374,0.05,0.0731985878677994,0.05
abv,1375,0.05,0.0499999993283976,0.05
abv,1376,0.068,0.1520453109533035,0.068
abv,1377,0.048,0.0551219784007655,0.048
abv,1378,0.092,0.1553006674921218,0.092
abv,1379,0.04,0.1917877129853766,0.04
abv,1380,0.04,0.1953101052338668,0.04
abv,1381,0.04,0.2136120159518094,0.04
abv,1382,0.04,0.18728489982129,0.04
abv,1383,0.06,0.1120173903172827,0.055
abv,1384,0.056,0.1060487242721968,0.056
abv,1385,0.042,0.1143226764882989,0.042
abv,1386,0.075,0.1458765179142659,0.075
abv,1387,0.068,0.1235929492799463,0.068
abv,1388,0.052,0.1693690107469939,0.052
abv,1389,0.067,0.1277285601044558,0.067
abv,1390,0.06,0.0600000002119603,0.055
abv,1391,0.047,0.1317369638271901,0.047
abv,1392,0.058,0.1342529554840592,0.058
abv,1393,0.065,0.2319060198118314,0.065
abv,1394,0.05,0.1735176850758938,0.05
abv,1395,0.05,0.1119101615372596,0.054
abv,1396,0.087,0.1242644134056163,0.087
abv,1397,0.058,0.1140281484863045,0.058
abv,1398,0.06,0.0861880329927751,0.056
abv,1399,0.06,0.1091820205335261,0.06
abv,1400,0.056,0.0682454766895917,0.056
abv,1401,0.049,0.0747848705437847,0.049
abv,1402,0.047,0.0675957785231166,0.047
abv,1403,0.05,0.0797314401476134,0.046
abv,1404,0.05,0.0860435879585148,0.05
abv,1405,0.052,0.0708852180395551,0.052
abv,1406,0.05,0.2008691763943009,0.05
abv,1407,0.05,0.1475605509629535,0.05
abv,1408,0.052,0.0759289388628771,0.052
abv,1409,0.07,0.2557061237953117,0.07
abv,1410,0.082,0.1160501702445441,0.082
abv,1411,0.085,0.119731023783509,0.085
abv,1412,0.072,0.1814435489220005,0.072
abv,1413,0.042,0.1182548576095699,0.042
abv,1414,0.085,0.1282545969774903,0.085
abv,1415,0.055,0.123375996885227,0.055
abv,1416,0.05,0.0857690382782725,0.05
abv,1417,0.04,0.1998726962082695,0.04
abv,1418,0.04,0.1940723234595944,0.04
abv,1419,0.053,0.1456329081128431,0.053
abv,1420,0.053,0.1529715527033227,0.053
abv,1421,0.037,0.1037162502965544,0.037
abv,1422,0.05,0.1228669131013489,0.052
abv,1423,0.053,0.0529999999617983,0.053
abv,1424,0.09,0.0900000004071026,0.086
abv,1425,0.042,0.0598384240614631,0.042
abv,1426,0.05,0.1152139782751654,0.05
abv,1427,0.04,0.1231924202708978,0.042
abv,1428,0.07,0.1304715620722064,0.07
abv,1429,0.065,0.1575358822042495,0.065
abv,1430,0.055,0.0550000003840654,0.055
abv,1431,0.05,0.1171929715019325,0.053
abv,1432,0.07,0.1450067242542708,0.074
abv,1433,0.085,0.1595899954923536,0.085
abv,1434,0.085,0.1386017764512783,0.085
abv,1435,0.07,0.1653449406411747,0.074
abv,1436,0.053,0.1634232402122344,0.053
abv,1437,0.061,0.0683377069950251,0.061
abv,1438,0.065,0.193907585793702,0.065
abv,1439,0.048,0.0642748392633847,0.048
abv,1440,0.048,0.0700131456329295,0.048
abv,1441,0.057,0.0825173061252588,0.057
abv,1442,0.07,0.1292836573470278,0.066
abv,1443,0.048,0.1377885880362473,0.048
abv,1444,0.045,0.1147011031283589,0.045
abv,1445,0.065,0.1432406857934359,0.065
abv,1446,0.05,0.1100160418002955,0.05
abv,1447,0.06,0.1535701951586536,0.056
abv,1448,0.048,0.1652784346349884,0.048
abv,1449,0.06,0.1170138345146593,0.055
abv,1450,0.052,0.1298529805838584,0.052
abv,1451,0.05,0.15739473742373,0.048
abv,1452,0.05,0.0781858753343729,0.052
abv,1453,0.05,0.1328609359583255,0.05
abv,1454,0.052,0.108838361968403,0.052
abv,1455,0.05,0.0671028816980621,0.05
abv,1456,0.07,0.1765010064135103,0.065
abv,1457,0.052,0.0425734609266111,0.052
abv,1458,0.065,0.1932343438527727,0.065
abv,1459,0.048,0.1825435451025966,0.048
abv,1460,0.05,0.1230137547484448,0.052
abv,1461,0.034,0.0542221779694073,0.034
abv,1462,0.06,0.092158997428859,0.062
abv,1463,0.05,0.0908053924637803,0.05
abv,1464,0.05,0.0818462250647551,0.05
abv,1465,0.09,0.0768061875603401,0.09
abv,1466,0.088,0.1390181486427192,0.088
abv,1467,0.09,0.1665579705123915,0.09
abv,1468,0.088,0.1486368462141555,0.088
abv,1469,0.05,0.0270068196622602,0.05
abv,1470,0.05,0.1880670992465827,0.05
abv,1471,0.062,0.0284852940493811,0.062
abv,1472,0.05,0.122080480314859,0.05
abv,1473,0.068,0.1130020298608007,0.068
abv,1474,0.088,0.1265367068614088,0.088
abv,1475,0.07,0.1369806839560751,0.065
abv,1476,0.039,0.1593778265011217,0.039
abv,1477,0.05,0.1960218501351047,0.049
abv,1478,0.056,0.1183296928275782,0.056
abv,1479,0.056,0.1124896310899062,0.056
abv,1480,0.05,0.1685938636496353,0.052
abv,1481,0.05,0.1809084068846277,0.054
abv,1482,0.046,0.241636218813223,0.046
abv,1483,0.04,0.0947285003428102,0.042
abv,1484,0.072,0.1719596215338286,0.072
abv,1485,0.054,0.101675868421336,0.054
abv,1486,0.055,0.1686223970934355,0.055
abv,1487,0.06,0.0950703418039391,0.055
abv,1488,0.05,0.0640798983824542,0.051
abv,1489,0.072,0.071999999983074,0.072
abv,1490,0.06,0.0775735260216157,0.06
abv,1491,0.061,0.0714499641387571,0.061
abv,1492,0.055,0.0817105119518505,0.055
abv,1493,0.045,0.0791294188610717,0.045
abv,1494,0.05,0.1106612929730768,0.045
abv,1495,0.05,0.0499999993283976,0.049
abv,1496,0.05,0.1553393472517381,0.048
abv,1497,0.06,0.0600000002119603,0.06
abv,1498,0.06,0.0592331860097425,0.06
abv,1499,0.056,0.056000000595199,0.056
abv,1500,0.07,0.1126801863657914,0.069
abv,1501,0.063,0.2023900236821288,0.063
abv,1502,0.06,0.2053113768624525,0.063
abv,1503,0.045,0.2263475674489737,0.045
abv,1504,0.045,0.1731430964541349,0.045
abv,1505,0.043,0.1381105592196455,0.043
abv,1506,0.04,0.1760717082282515,0.04
abv,1507,0.055,0.2240959889787147,0.055
abv,1508,0.061,0.1826123789663323,0.061
abv,1509,0.051,0.0730303436823074,0.051
abv,1510,0.067,0.2225954736112538,0.067
abv,1511,0.054,0.1060749765138206,0.054
abv,1512,0.058,0.1141200251931228,0.058
abv,1513,0.07,0.1728118236627234,0.067
abv,1514,0.082,0.081999999945807,0.082
abv,1515,0.049,0.1497854327377739,0.049
abv,1516,0.048,0.0479999989061304,0.048
abv,1517,0.05,0.172630515972841,0.048
abv,1518,0.047,0.1312155924914379,0.047
abv,1519,0.05,0.0499999993283976,0.051
abv,1520,0.05,0.1499384427162661,0.05
abv,1521,0.045,0.0449999995005027,0.045
abv,1522,0.09,0.1552143894300421,0.092
abv,1523,0.087,0.0869999997737019,0.087
abv,1524,0.054,0.1184986442103003,0.054
abv,1525,0.047,0.0987472566472194,0.047
abv,1526,0.05,0.1354631663885391,0.051
abv,1527,0.051,0.1424014391249102,0.051
abv,1528,0.047,0.1080285916733178,0.047
abv,1529,0.1,0.1000000000628924,0.095
abv,1530,0.065,0.0790251170918067,0.065
abv,1531,0.06,0.0600000002119603,0.06
abv,1532,0.05,0.1370535056264141,0.05
abv,1533,0.057,0.0879781849147218,0.057
abv,1534,0.05,0.0499999993283976,0.05
abv,1535,0.06,0.0600000002119603,0.06
abv,1536,0.065,0.1658879797142843,0.065
abv,1537,0.068,0.119480165210477,0.068
abv,1538,0.055,0.0550000003840654,0.055
abv,1539,0.05,0.0499999993283976,0.046
abv,1540,0.045,0.1123621858001751,0.045
abv,1541,0.065,0.1215336056789941,0.065
abv,1542,0.08,0.1285710284492522,0.075
abv,1543,0.055,0.1299790286679508,0.055
abv,1544,0.05,0.1291594460112971,0.048
abv,1545,0.05,0.0499999993283976,0.053
abv,1546,0.06,0.1108025678975311,0.055
abv,1547,0.07,0.1199361895577256,0.067
abv,1548,0.042,0.0420000000948749,0.042
abv,1549,0.04,0.0399999996726078,0.041
abv,1550,0.065,0.1105394757946357,0.065
abv,1551,0.053,0.1083970119636803,0.053
abv,1552,0.05,0.1501852643717759,0.049
abv,1553,0.052,0.1462607519204694,0.052
abv,1554,0.08,0.0800000001374264,0.08
abv,1555,nan,0.1775232894762587,nan
abv,1556,nan,0.1495471072712098,nan
abv,1557,nan,0.1226645368273179,nan
abv,1558,0.05,0.1444266457262316,0.05
abv,1559,nan,0.1268732443433115,nan
abv,1560,0.065,0.1770701921397683,0.065
abv,1561,0.065,0.1330729772611686,0.065
abv,1562,0.05,0.0309721727536085,0.053
abv,1563,0.085,0.0689177069455944,0.085
abv,1564,0.085,0.1143877140780143,0.085
abv,1565,0.065,0.1568929122336447,0.065
abv,1566,0.07,0.1107346106636953,0.07
abv,1567,0.065,0.1174983726613406,0.065
abv,1568,0.065,0.1148271708568188,0.065
abv,1569,0.09,0.2302238922667918,0.087
abv,1570,0.065,0.1756058911638019,0.065
abv,1571,0.065,0.1756256632196952,0.065
abv,1572,0.087,0.202077079085599,0.087
abv,1573,0.09,0.1199037272404245,0.09
abv,1574,0.08,0.1177341247157617,0.08
abv,1575,0.08,0.1886638067317145,0.08
abv,1576,0.08,0.1215826625757447,0.08
abv,1577,0.09,0.1779996948547932,0.09
abv,1578,0.087,0.2366268559886663,0.087
abv,1579,0.099,0.1990706363274298,0.099
abv,1580,0.05,0.109666814056985,0.053
abv,1581,0.099,0.2738424324951917,0.099
abv,1582,0.08,0.110107083621495,0.08
abv,1583,0.087,0.1134249485377124,0.087
abv,1584,0.065,0.1883923805059053,0.065
abv,1585,0.092,0.098592665297143,0.092
abv,1586,0.095,0.199350981096086,0.095
abv,1587,0.099,0.2000505268451036,0.099
abv,1588,0.08,0.1067509514773788,0.08
abv,1589,0.08,0.0919488026965613,0.08
abv,1590,0.08,0.0919777879608141,0.08
abv,1591,0.065,0.112751519975292,0.065
abv,1592,0.07,0.1538844853943575,0.065
abv,1593,0.065,0.1126687484328119,0.065
abv,1594,0.07,0.1140381278249967,0.065
abv,1595,0.065,0.1125859572459643,0.065
abv,1596,0.05,0.1786135715171239,0.052
abv,1597,0.087,0.1204572171170465,0.087
abv,1598,0.09,0.1417325385891995,0.087
abv,1599,0.1,0.2243973335762332,0.099
abv,1600,0.08,0.0800000001374264,0.08
abv,1601,0.08,0.1406544164118196,0.08
abv,1602,0.065,0.1206004343783378,0.065
abv,1603,0.065,0.1382918079764254,0.065
abv,1604,0.06,0.0895202382972708,0.055
abv,1605,0.055,0.060107561718458,0.055
abv,1606,0.04,0.1224782198237219,0.04
abv,1607,0.048,0.1330400827677824,0.048
abv,1608,0.053,0.1480458454177837,0.053
abv,1609,0.052,0.1644489315727449,0.052
abv,1610,0.05,0.1154968768115972,0.053
abv,1611,0.045,0.1650528485407509,0.045
abv,1612,0.044,0.062111611335977,0.044
abv,1613,0.05,0.0550127950061757,0.05
abv,1614,0.042,0.1234317672445722,0.042
abv,1615,0.06,0.1213883110258393,0.062
abv,1616,0.044,0.1756025909100612,0.044
abv,1617,0.048,0.1580140359314919,0.048
abv,1618,0.06,0.1367776495957327,0.055
abv,1619,0.05,0.1075779105940304,0.05
abv,1620,0.05,0.110995274231658,0.046
abv,1621,0.05,0.2226544067137673,0.05
abv,1622,0.04,0.1069857409577922,0.04
abv,1623,0.05,0.1004970246606688,0.05
abv,1624,0.065,0.1737471411105297,0.065
abv,1625,0.062,0.1837749129908789,0.062
abv,1626,0.042,0.1449870504202151,0.042
abv,1627,0.045,0.1432012791922219,0.045
abv,1628,0.055,0.1324927514003731,0.055
abv,1629,0.048,0.106494258527198,0.048
abv,1630,0.058,0.1283914985746289,0.058
abv,1631,0.07,0.1453736810392542,0.065
abv,1632,0.05,0.1183717023074865,0.05
abv,1633,0.05,0.1165775625789364,0.05
abv,1634,0.051,0.0692630745706904,0.051
abv,1635,0.05,0.0693568862477079,0.047
abv,1636,0.05,0.0745495899541838,0.049
abv,1637,nan,0.0718770228661204,nan
abv,1638,0.05,0.0693452076712265,0.047
abv,1639,0.047,0.0689653838255277,0.047
abv,1640,0.047,0.068963350633491,0.047
abv,1641,0.041,0.0350012546286872,0.041
abv,1642,0.059,0.0787493887495141,0.059
abv,1643,0.069,0.0724710096063528,0.069
abv,1644,0.067,0.1973417944764646,0.067
abv,1645,0.061,0.155024389107539,0.061
abv,1646,0.06,0.126034587005811,0.056
abv,1647,0.073,0.1095139980666218,0.073
abv,1648,0.07,0.1423476233801318,0.07
abv,1649,0.05,0.2011543733217307,0.05
abv,1650,0.05,0.1231141374663926,0.05
abv,1651,0.06,0.0600000002119603,0.06
abv,1652,0.07,0.0986996288782048,0.07
abv,1653,0.06,0.0600000002119603,0.06
abv,1654,0.045,0.0260735746952257,0.045
abv,1655,0.055,0.0579136885777434,0.055
abv,1656,0.045,0.0325975501764737,0.045
abv,1657,0.055,0.0458152628518513,0.055
abv,1658,0.07,0.1888152549829901,0.07
abv,1659,0.065,0.1108082745862912,0.065
abv,1660,0.069,0.1885352736351328,0.069
abv,1661,0.057,0.1320691697260581,0.057
abv,1662,0.045,0.1286256889018334,0.045
abv,1663,0.049,0.0829856671353002,0.049
abv,1664,0.068,0.0941748434890645,0.068
abv,1665,0.05,0.1518455179135994,0.05
abv,1666,0.054,0.1538670019072786,0.054
abv,1667,0.099,0.1977710631951721,0.099
abv,1668,nan,0.0499247564897636,nan
abv,1669,nan,0.195717264216948,nan
abv,1670,0.06,0.167267672399409,0.059
abv,1671,0.07,0.1432037543825275,0.069
abv,1672,0.06,0.0436936760724612,0.06
abv,1673,0.058,0.1365580550335841,0.058
abv,1674,0.057,0.1690985863839274,0.057
abv,1675,0.06,0.1380148911498988,0.058
abv,1676,0.059,0.1224344325285544,0.059
abv,1677,0.05,0.0515120508506754,0.052
abv,1678,0.05,0.0499999993283976,0.052
abv,1679,0.045,0.1155767508098703,0.045
abv,1680,0.055,0.1100403025941636,0.055
abv,1681,0.046,0.141002897669165,0.046
abv,1682,0.058,0.127555787892254,0.058
abv,1683,0.044,0.1263581199164257,0.044
abv,1684,0.046,0.0460000009394092,0.046
abv,1685,0.1,0.1891942144765187,0.099
abv,1686,0.05,0.1267845794905801,0.051
abv,1687,0.059,0.0590000000008267,0.059
abv,1688,0.053,0.0529999999617983,0.053
abv,1689,0.06,0.2057927915547006,0.06
abv,1690,0.05,0.1368107012440589,0.051
abv,1691,0.072,0.1437005211479803,0.072
abv,1692,0.06,0.1655143733109007,0.062
abv,1693,0.049,0.1128760554430865,0.049
abv,1694,0.051,0.0505876409379261,0.051
abv,1695,0.055,0.1762438812872443,0.055
abv,1696,0.07,0.1772379157495214,0.07
abv,1697,0.05,0.0817197055158426,0.047
abv,1698,0.06,0.0600000002119603,0.058
abv,1699,0.055,0.0550000003840654,0.055
abv,1700,0.065,0.2017940332164109,0.065
abv,1701,0.065,0.2624457723318452,0.065
abv,1702,0.058,0.0479960430216242,0.058
abv,1703,0.08,0.0800000001374264,0.08
abv,1704,0.08,0.0800000001374264,0.08
abv,1705,0.08,0.0800000001374264,0.08
abv,1706,0.05,0.0499999993283976,0.05
abv,1707,0.05,0.1277145929591601,0.05
abv,1708,0.09,0.1370601356004469,0.09
abv,1709,0.07,0.0699999998677501,0.07
abv,1710,0.099,0.2473908987630828,0.099
abv,1711,0.05,0.0515000039423033,0.05
abv,1712,0.07,0.2141333087100915,0.07
abv,1713,0.064,0.1312608334698007,0.064
abv,1714,0.064,0.1129133453637018,0.064
abv,1715,nan,0.1441642559094744,nan
abv,1716,0.05,0.1156717116823869,0.05
abv,1717,0.046,0.0460000009394092,0.046
abv,1718,0.056,0.117037869398301,0.056
abv,1719,0.062,0.1940747200724299,0.062
abv,1720,nan,0.1976039289164441,nan
abv,1721,0.055,0.1133385722537953,0.055
abv,1722,0.068,0.1791521316744425,0.068
abv,1723,0.058,0.0758365514025036,0.058
abv,1724,0.061,0.1078498475733947,0.061
abv,1725,0.06,0.0995126994270308,0.057
abv,1726,0.068,0.1532787807889087,0.068
abv,1727,0.065,0.1940142154205162,0.065
abv,1728,0.05,0.0900214078565906,0.05
abv,1729,0.06,0.1649999069703263,0.057
abv,1730,0.055,0.1403515542869114,0.055
abv,1731,0.06,0.1922839198863556,0.06
abv,1732,0.058,0.1382213829189219,0.058
abv,1733,0.052,0.141409712875815,0.052
abv,1734,0.04,0.147491589410829,0.043
abv,1735,0.072,0.1878080882610363,0.072
abv,1736,0.05,0.0945004832580941,0.048
abv,1737,0.038,0.1346256778909051,0.038
abv,1738,0.04,0.1557844296862867,0.035
abv,1739,0.043,0.1155719575841992,0.043
abv,1740,0.05,0.0183882364848436,0.05
abv,1741,0.05,0.0945534199174267,0.05
abv,1742,0.05,0.0499999993283976,0.05
abv,1743,0.06,0.0600000002119603,0.055
abv,1744,0.05,0.1702369676586273,0.05
abv,1745,0.062,0.151861744161158,0.062
abv,1746,0.08,0.1497739800715188,0.08
abv,1747,0.05,0.1246905292033394,0.05
abv,1748,0.071,0.1593438908562577,0.071
abv,1749,0.062,0.1306519562989999,0.062
abv,1750,0.048,0.1257217209867512,0.048
abv,1751,0.08,0.1238030654347741,0.08
abv,1752,0.081,0.1243527443041002,0.081
abv,1753,0.053,0.2015768843780166,0.053
abv,1754,0.051,0.135305471228397,0.051
abv,1755,0.061,0.1369053478066955,0.061
abv,1756,0.055,0.2015991807351342,0.055
abv,1757,0.062,0.2055231726107019,0.062
abv,1758,0.048,0.1322262657329913,0.048
abv,1759,0.045,0.1605638453670199,0.045
abv,1760,0.053,0.1564758721337087,0.053
abv,1761,nan,0.1272909523517426,nan
abv,1762,0.06,0.1292720868145677,0.055
abv,1763,0.059,0.1372138920649043,0.059
abv,1764,0.05,0.0499999993283976,0.05
abv,1765,0.07,0.1689013569341826,0.07
abv,1766,0.06,0.2236193871565052,0.055
abv,1767,0.051,0.1355542867872085,0.051
abv,1768,0.076,0.0759999999067786,0.076
abv,1769,0.07,0.0699999998677501,0.07
abv,1770,0.08,0.1392161147562454,0.08
abv,1771,0.07,0.1329560834523333,0.071
abv,1772,0.099,0.1265504284521107,0.099
abv,1773,0.051,0.13784984899631,0.051
abv,1774,0.056,0.1195432923854526,0.056
abv,1775,0.07,0.1088851450296149,0.072
abv,1776,0.06,0.1100574717713625,0.063
abv,1777,0.05,0.1094911835893113,0.045
abv,1778,0.06,0.1338074114068742,0.056
abv,1779,0.073,0.1903308179359594,0.073
abv,1780,0.048,0.137320266314941,0.048
abv,1781,0.07,0.1519390447472881,0.073
abv,1782,0.056,0.0968343470727374,0.056
abv,1783,0.05,0.0499999993283976,0.05
abv,1784,0.07,0.2056192041012474,0.068
abv,1785,0.05,0.1319280544120898,0.052
abv,1786,0.05,0.0967510844210697,0.048
abv,1787,0.07,0.1802380821322729,0.069
abv,1788,0.095,0.0950000002349975,0.095
abv,1789,0.09,0.1764756160685107,0.091
abv,1790,0.055,0.0706853366001972,0.055
abv,1791,0.05,0.1063944160293566,0.05
abv,1792,0.06,0.1602707514038533,0.06
abv,1793,0.065,0.0911220891345035,0.065
abv,1794,0.06,0.1026817779037694,0.055
abv,1795,0.05,0.0434428813436236,0.05
abv,1796,0.07,0.1919203517547668,0.07
abv,1797,0.07,0.1181785981749176,0.069
abv,1798,0.055,0.1744613415577057,0.055
abv,1799,0.081,0.1070348420543696,0.081
abv,1800,0.05,0.0569525584310363,0.05
abv,1801,0.055,0.1921001762949026,0.055
abv,1802,0.07,0.1981970611266901,0.07
abv,1803,0.05,0.0548806080572382,0.05
abv,1804,0.06,0.1906334099508144,0.055
abv,1805,0.06,0.1306848606145699,0.055
abv,1806,0.06,0.0620325427567716,0.058
abv,1807,0.068,0.2109207474258818,0.068
abv,1808,0.09,0.137460163678124,0.089
abv,1809,0.05,0.1363923056827652,0.054
abv,1810,0.07,0.0329504612386914,0.07
abv,1811,0.055,0.0901509108938179,0.055
abv,1812,0.071,0.1842108313279867,0.071
abv,1813,0.045,0.2094025717720344,0.045
abv,1814,nan,0.210338822327297,nan
abv,1815,0.08,0.2162171242818624,0.08
abv,1816,0.055,0.2023036277538442,0.055
abv,1817,0.066,0.244893804987753,0.066
abv,1818,0.05,0.0219541115408049,0.05
abv,1819,0.065,0.0783423672770054,0.065
abv,1820,0.07,0.0786109057807914,0.065
abv,1821,0.065,0.0764037628698275,0.065
abv,1822,0.05,0.1120128622905729,0.05
abv,1823,0.05,0.2190095514782543,0.05
abv,1824,0.05,0.099172635781161,0.045
abv,1825,0.05,0.0992926530444296,0.05
abv,1826,0.04,0.0836943573373912,0.041
abv,1827,0.05,0.0499999993283976,0.045
abv,1828,0.047,0.1888557518466006,0.047
abv,1829,0.074,0.1821359932321653,0.074
abv,1830,0.065,0.0650000000398552,0.065
abv,1831,0.065,0.0650000000398552,0.065
abv,1832,0.07,0.1424143945852794,0.07
abv,1833,0.07,0.199738289445804,0.07
abv,1834,0.08,0.0800000001374264,0.077
abv,1835,0.053,0.0529999999617983,0.053
abv,1836,0.077,0.1129441919317757,0.077
abv,1837,0.06,0.0600000002119603,0.06
abv,1838,0.07,0.0699999998677501,0.07
abv,1839,0.068,0.1223834848614316,0.068
abv,1840,0.05,0.1789652646285563,0.05
abv,1841,0.07,0.2033675568757021,0.069
abv,1842,0.051,0.1876936892868741,0.051
abv,1843,0.047,0.1950151745223385,0.047
abv,1844,0.051,0.2070462691786091,0.051
abv,1845,0.052,0.0519999997506647,0.052
abv,1846,0.072,0.1389571921703528,0.072
abv,1847,0.06,0.0713238964102973,0.06
abv,1848,0.06,0.0784498367005304,0.06
abv,1849,0.06,0.1223057226326652,0.056
abv,1850,0.05,0.1180470300235565,0.048
abv,1851,0.05,0.1446929349499383,0.05
abv,1852,0.072,0.1842603842450167,0.072
abv,1853,0.06,0.1715192537474811,0.056
abv,1854,0.07,0.0699999998677501,0.069
abv,1855,0.04,0.1902671701852449,0.042
abv,1856,0.06,0.1964075967576061,0.06
abv,1857,0.07,0.2006037515227643,0.068
abv,1858,0.1,0.1701639691889807,0.1
abv,1859,0.042,0.1497158327437056,0.042
abv,1860,0.08,0.1688706036768544,0.08
abv,1861,0.032,0.0320000004390851,0.032
abv,1862,0.065,0.0650000000398552,0.065
abv,1863,0.047,0.0469999999227698,0.047
abv,1864,0.099,0.3194675171757837,0.099
abv,1865,0.07,0.0699999998677501,0.07
abv,1866,0.067,0.0669999998482359,0.067
abv,1867,0.054,0.0540000001729319,0.054
abv,1868,0.05,0.0499999993283976,0.052
abv,1869,0.06,0.0600000002119603,0.063
abv,1870,0.064,0.1564544008400263,0.064
abv,1871,0.1,0.1752468903476579,0.099
abv,1872,0.059,0.1270552002973216,0.059
abv,1873,0.052,0.0371729492784893,0.052
abv,1874,0.049,0.049000000345037,0.049
abv,1875,0.09,0.1302750398196918,0.091
abv,1876,0.063,0.1946158339975241,0.063
abv,1877,0.06,0.0600000002119603,0.06
abv,1878,0.05,0.1392173130626632,0.054
abv,1879,0.052,0.1104344741947784,0.052
abv,1880,0.063,0.0629999996175881,0.063
abv,1881,0.064,0.1781444640211174,0.064
abv,1882,0.045,0.1253958602185871,0.045
abv,1883,0.074,0.0796812242331801,0.074
abv,1884,0.07,0.1615365951571059,0.068
abv,1885,0.058,0.1031274693137107,0.058
abv,1886,0.058,0.1751150177086004,0.058
abv,1887,0.08,0.0969992713601211,0.08
abv,1888,nan,0.1881767639281763,nan
abv,1889,0.042,0.1255336949231822,0.042
abv,1890,0.053,0.1962768340253126,0.053
abv,1891,0.061,0.2003686968433897,0.061
abv,1892,0.057,0.1358387568730407,0.057
abv,1893,0.068,0.1607428841324555,0.068
abv,1894,0.06,0.14715212982926,0.058
abv,1895,0.071,0.1444646870439039,0.071
abv,1896,0.085,0.173279664097026,0.085
abv,1897,0.082,0.081999999945807,0.082
abv,1898,0.05,0.087773343272569,0.049
abv,1899,0.06,0.1184027502303273,0.06
abv,1900,0.055,0.0802986516149373,0.055
abv,1901,0.056,0.0854754335615508,0.056
abv,1902,0.06,0.0914357507504472,0.062
abv,1903,0.049,0.0771398962533222,0.049
abv,1904,0.055,0.0781310331713924,0.055
abv,1905,0.084,0.203501040352895,0.084
abv,1906,0.06,0.1840095551385359,0.058
abv,1907,0.07,0.1413661122021388,0.07
abv,1908,0.053,0.0786238710633443,0.053
abv,1909,0.06,0.1805417644095244,0.056
abv,1910,0.05,0.214740417887817,0.049
abv,1911,0.051,0.2476199717325523,0.051
abv,1912,0.07,0.1200239605917356,0.07
abv,1913,0.058,0.0840912521384513,0.058
abv,1914,0.062,0.1169874521291008,0.062
abv,1915,0.05,0.103541523469786,0.05
abv,1916,0.06,0.1062667669293126,0.06
abv,1917,0.05,0.0948187662114933,0.054
abv,1918,0.05,0.1773387699322893,0.05
abv,1919,0.05,0.0831408969273204,0.05
abv,1920,0.052,0.2109564412416373,0.052
abv,1921,0.068,0.2800316458542501,0.068
abv,1922,0.05,0.0876107664871021,0.05
abv,1923,0.092,0.1649063310257188,0.092
abv,1924,0.063,0.2314008452570866,0.063
abv,1925,0.063,0.2314218450859489,0.063
abv,1926,0.06,0.0600000002119603,0.06
abv,1927,0.079,0.1763928248816632,0.079
abv,1928,0.099,0.1738634848770748,0.099
abv,1929,0.06,0.0600000002119603,0.055
abv,1930,0.05,0.0499999993283976,0.05
abv,1931,0.064,0.1107619482566237,0.064
abv,1932,0.1,0.2542281798061135,0.099
abv,1933,0.04,0.1681184699560273,0.043
abv,1934,0.05,0.1372147957058095,0.052
abv,1935,0.046,0.0856699127998449,0.046
abv,1936,0.06,0.1731409748624445,0.057
abv,1937,0.084,0.1893270104008489,0.084
abv,1938,0.063,0.2430410464665696,0.063
abv,1939,0.07,0.1222781910516077,0.07
abv,1940,0.055,0.1253658730915916,0.055
abv,1941,0.08,0.0800000001374264,0.08
abv,1942,0.05,0.0499999993283976,0.05
abv,1943,0.04,0.1043478952892929,0.035
abv,1944,0.048,0.0479999989061304,0.048
abv,1945,0.055,0.1861395840848611,0.055
abv,1946,0.075,0.0750000000025882,0.075
abv,1947,0.077,0.0770000001179121,0.077
abv,1948,0.05,0.1597085001393243,0.053
abv,1949,0.058,0.2101010174364718,0.058
abv,1950,0.05,0.1274495315084224,0.05
abv,1951,0.08,0.0800000001374264,0.08
abv,1952,0.06,0.0600000002119603,0.058
abv,1953,0.05,0.0592337900740433,0.05
abv,1954,0.058,0.1588016572022158,0.058
abv,1955,0.065,0.1341882076487645,0.065
abv,1956,0.055,0.1725379222466087,0.055
abv,1957,0.069,0.127369353022453,0.069
abv,1958,0.085,0.1889634128027088,0.085
abv,1959,0.092,0.1895736454348674,0.092
abv,1960,0.09,0.2151995853338663,0.085
abv,1961,0.072,0.1447626036992929,0.072
abv,1962,0.05,0.0721929411287812,0.05
abv,1963,0.099,0.174012929402865,0.099
abv,1964,0.055,0.1397012815226869,0.055
abv,1965,0.069,0.1713096876349434,0.069
abv,1966,0.083,0.2540462926073897,0.083
abv,1967,0.065,0.1641535883294991,0.065
abv,1968,0.05,0.1657598002163177,0.05
abv,1969,0.047,0.1418832207101425,0.047
abv,1970,nan,0.1339650083451788,nan
abv,1971,0.058,0.1284240100028488,0.058
abv,1972,0.096,0.126087312488193,0.096
abv,1973,0.082,0.1348591413765119,0.082
abv,1974,0.08,0.125648192119182,0.079
abv,1975,0.06,0.0929052181950673,0.06
abv,1976,0.055,0.1345377300575876,0.055
abv,1977,0.1,0.1736698994575021,0.096
abv,1978,0.073,0.101135697425882,0.073
abv,1979,0.06,0.1626324463761585,0.062
abv,1980,0.06,0.1773945894025532,0.06
abv,1981,0.058,0.0916957046656338,0.058
abv,1982,0.055,0.1672088080521819,0.055
abv,1983,0.05,0.1060014009908786,0.05
abv,1984,0.05,0.0992961890305804,0.05
abv,1985,0.056,0.1943793256349541,0.056
abv,1986,0.052,0.1728030033417139,0.052
abv,1987,0.042,0.1280319575383785,0.042
abv,1988,0.065,0.1522247769837324,0.065
abv,1989,0.05,0.1383435021295134,0.048
abv,1990,0.07,0.2455882923121383,0.065
abv,1991,0.065,0.1349379938676748,0.065
abv,1992,0.05,0.0550743555428428,0.049
abv,1993,0.057,0.1541208464241713,0.057
abv,1994,0.065,0.1557911087712382,0.065
abv,1995,0.047,0.0592135072645949,0.047
abv,1996,0.047,0.0591972417283012,0.047
abv,1997,0.054,0.0708160403993881,0.054
abv,1998,0.047,0.0570929174368557,0.047
abv,1999,0.05,0.0575378034277293,0.052
abv,2000,0.063,0.0807887589398061,0.063
abv,2001,0.05,0.0559691417493954,0.047
abv,2002,0.05,0.0559557246463899,0.047
abv,2003,0.05,0.1155258915424013,0.047
abv,2004,0.062,0.0619999994064545,0.062
abv,2005,0.057,0.0569999995785596,0.057
abv,2006,0.05,0.0907000790095889,0.052
abv,2007,0.05,0.0463391781331953,0.05
abv,2008,0.05,0.0461834179432524,0.05
abv,2009,0.035,0.2501611474685621,0.035
abv,2010,0.049,0.049000000345037,0.049
abv,2011,0.06,0.0600000002119603,0.057
abv,2012,0.054,0.243308858128758,0.054
abv,2013,0.05,0.186873409255174,0.05
abv,2014,0.054,0.2526673365860464,0.054
abv,2015,0.047,0.2063465269859164,0.047
abv,2016,0.047,0.1956593329771774,0.047
abv,2017,0.05,0.1182120230662265,0.051
abv,2018,0.05,0.1460367963087348,0.05
abv,2019,0.05,0.1548312260418676,0.05
abv,2020,0.045,0.1202962413475312,0.045
abv,2021,0.045,0.2039857749432513,0.045
abv,2022,0.051,0.0251324228702707,0.051
abv,2023,0.05,0.0510464056744415,0.05
abv,2024,0.07,0.1637014732113839,0.072
abv,2025,0.05,0.0867261904405599,0.05
abv,2026,0.041,0.0693806853989396,0.041
abv,2027,0.041,0.0698366311687181,0.041
abv,2028,0.032,0.0776679957849447,0.032
abv,2029,0.053,0.1245265674899634,0.053
abv,2030,0.053,0.1187500822921737,0.053
abv,2031,0.05,0.1591663647071199,0.047
abv,2032,0.08,0.1634779399535506,0.083
abv,2033,0.052,0.1052716520268228,0.052
abv,2034,0.054,0.0540000001729319,0.054
abv,2035,0.054,0.1190835552527457,0.054
abv,2036,0.06,0.1259067512842757,0.058
abv,2037,0.083,0.0830000001569406,0.083
abv,2038,0.1,0.1357708855833128,0.099
abv,2039,0.09,0.0900000004071026,0.09
abv,2040,0.05,0.0499999993283976,0.053
abv,2041,0.064,0.1544867620576769,0.064
abv,2042,0.063,0.0629999996175881,0.063
abv,2043,0.064,0.0639999998287216,0.064
abv,2044,0.064,0.1545014265780189,0.064
abv,2045,nan,0.1191334224796558,nan
abv,2046,0.09,0.0900000004071026,0.09
abv,2047,0.07,0.0699999998677501,0.065
abv,2048,0.075,0.1855850334123938,0.075
abv,2049,0.06,0.12812140816581,0.056
abv,2050,0.099,0.1001741031809926,0.099
abv,2051,0.063,0.0738628425105953,0.063
abv,2052,nan,0.1171456727760736,nan
abv,2053,0.054,0.0540000001729319,0.054
abv,2054,0.07,0.0699999998677501,0.071
abv,2055,0.054,0.0540000001729319,0.054
abv,2056,0.1,0.1731544116098175,0.099
abv,2057,0.07,0.1218902639043133,0.07
abv,2058,0.09,0.0900000004071026,0.09
abv,2059,0.055,0.0550000003840654,0.055
abv,2060,0.052,0.0745150158673759,0.052
abv,2061,0.052,0.0808872656206572,0.052
abv,2062,0.08,0.1329801478025263,0.08
abv,2063,0.09,0.2355331951165903,0.091
abv,2064,0.09,0.0900000004071026,0.09
abv,2065,0.075,0.2127492255088296,0.075
abv,2066,0.055,0.0550000003840654,0.055
abv,2067,0.1,0.1951894200621031,0.099
abv,2068,0.054,0.0540000001729319,0.054
abv,2069,0.053,0.0846321843531461,0.053
abv,2070,0.06,0.1662929974613076,0.056
abv,2071,0.045,0.2138665578437484,0.045
abv,2072,0.07,0.2206063438908545,0.07
abv,2073,0.07,0.0699999998677501,0.072
abv,2074,0.057,0.0569999995785596,0.057
abv,2075,0.1,0.1000000000628924,0.099
abv,2076,0.07,0.1698630469453636,0.073
abv,2077,0.075,0.237346497925641,0.075
abv,2078,0.04,0.128859751540649,0.04
abv,2079,0.055,0.1411757582810205,0.055
abv,2080,0.051,0.1406317861004545,0.051
abv,2081,0.051,0.1406773806774323,0.051
abv,2082,0.1,0.2619324846533211,0.097
abv,2083,0.05,0.0882798192666609,0.051
abv,2084,0.067,0.1425798198040345,0.067
abv,2085,0.062,0.0619999994064545,0.062
abv,2086,0.073,0.206348167290603,0.073
abv,2087,0.05,0.024404137411594,0.05
abv,2088,0.056,0.1624877557873044,0.056
abv,2089,0.05,0.074011432506399,0.05
abv,2090,0.06,0.1264295370144882,0.059
abv,2091,0.045,0.1226656369118982,0.045
abv,2092,0.055,0.0550000003840654,0.055
abv,2093,0.06,0.0600000002119603,0.057
abv,2094,0.06,0.148573394907116,0.064
abv,2095,0.054,0.1480997102734809,0.054
abv,2096,0.08,0.1391929638691414,0.08
abv,2097,0.05,0.1606910426466113,0.05
abv,2098,0.05,0.0598488355762405,0.05
abv,2099,0.05,0.1931723069401937,0.05
abv,2100,0.05,0.024428516071667,0.049
abv,2101,0.05,0.0039685438949705,0.05
abv,2102,0.05,0.1309322814232886,0.05
abv,2103,0.05,0.0694609424623791,0.049
abv,2104,0.085,0.0850000005792078,0.085
abv,2105,0.05,0.0499999993283976,0.048
abv,2106,0.062,0.0966931335369315,0.062
abv,2107,0.06,0.0600000002119603,0.056
abv,2108,0.05,0.0499999993283976,0.05
abv,2109,0.07,0.2239633698536921,0.068
abv,2110,0.04,0.0410114341334019,0.044
abv,2111,0.072,0.1578185351860875,0.072
abv,2112,0.05,0.0499999993283976,0.05
abv,2113,0.05,0.0736170227178282,0.05
abv,2114,0.052,0.1293751608108636,0.052
abv,2115,0.085,0.0850000005792078,0.085
abv,2116,0.05,0.1484506667211319,0.05
abv,2117,0.05,0.0880095766139939,0.05
abv,2118,0.07,0.2705123978933052,0.072
abv,2119,0.044,0.0882641037726574,0.044
abv,2120,0.05,0.1123791904557961,0.05
abv,2121,0.063,0.1975873294259028,0.063
abv,2122,0.068,0.1248457540842678,0.068
abv,2123,0.06,0.1231609057943288,0.056
abv,2124,0.055,0.1263134977356393,0.055
abv,2125,0.07,0.1466203322454549,0.07
abv,2126,0.065,0.0650000000398552,0.065
abv,2127,0.07,0.0699999998677501,0.07
abv,2128,0.057,0.0569999995785596,0.057
abv,2129,0.08,0.1810548556443735,0.08
abv,2130,0.057,0.0832189832881507,0.057
abv,2131,0.064,0.0746996729219179,0.064
abv,2132,0.055,0.1942082821270928,0.055
abv,2133,0.05,0.1697228843832192,0.048
abv,2134,0.04,0.0399999996726078,0.04
abv,2135,0.066,0.1788480172211059,0.066
abv,2136,0.05,0.1729755594658731,0.047
abv,2137,0.055,0.0550000003840654,0.055
abv,2138,0.063,0.0791477863446883,0.063
abv,2139,0.056,0.084279130869264,0.056
abv,2140,0.071,0.1272557791117259,0.071
abv,2141,0.06,0.1203192547240626,0.06
abv,2142,0.1,0.124269540585535,0.096
abv,2143,0.08,0.1220644406887916,0.08
abv,2144,0.07,0.1634080158274184,0.07
abv,2145,0.08,0.2078836299878543,0.08
abv,2146,0.08,0.1730162331287911,0.08
abv,2147,0.05,0.0556806642125924,0.046
abv,2148,0.07,0.2789228784635633,0.07
abv,2149,0.05,0.0619046873908688,0.048
abv,2150,0.059,0.0571156852587934,0.059
abv,2151,0.05,0.0499999993283976,0.05
abv,2152,0.073,0.1869211057794748,0.073
abv,2153,0.07,0.2170755831418074,0.07
abv,2154,0.052,0.0461145840795168,0.052
abv,2155,0.06,0.1195873350573976,0.057
abv,2156,0.063,0.1362586159397135,0.063
abv,2157,0.052,0.1777930753973813,0.052
abv,2158,0.06,0.1540764697979786,0.055
abv,2159,0.05,0.1924027879541251,0.05
abv,2160,0.069,0.1736876972544612,0.069
abv,2161,0.099,0.1624944446944397,0.099
abv,2162,0.046,0.0460000009394092,0.046
abv,2163,0.045,0.0925733757169982,0.045
abv,2164,nan,0.2292169514550643,nan
abv,2165,0.052,0.0519999997506647,0.052
abv,2166,0.058,0.1220754808233291,0.058
abv,2167,0.059,0.1410066300989909,0.059
abv,2168,0.047,0.1354293093211452,0.047
abv,2169,0.044,0.0440000005171421,0.044
abv,2170,0.048,0.1497029460386226,0.048
abv,2171,0.05,0.175474234612787,0.052
abv,2172,0.04,0.0399999996726078,0.041
abv,2173,0.049,0.1726061962458705,0.049
abv,2174,0.05,0.1879711954444259,0.051
abv,2175,0.04,0.083346023412802,0.04
abv,2176,0.062,0.1041107091960441,0.062
abv,2177,0.062,0.2842673447311948,0.062
abv,2178,0.053,0.1483391554689928,0.053
abv,2179,0.06,0.0600000002119603,0.06
abv,2180,0.06,0.1451918920623679,0.055
abv,2181,0.055,0.0550000003840654,0.055
abv,2182,0.054,0.1551985069589148,0.054
abv,2183,0.053,0.1991687010100121,0.053
abv,2184,0.052,0.1358576252880287,0.052
abv,2185,0.07,0.2115799436440452,0.065
abv,2186,0.075,0.2399769376675911,0.075
abv,2187,nan,0.2289861006703356,nan
abv,2188,0.058,0.1146676585926826,0.058
abv,2189,0.052,0.141842252381712,0.052
abv,2190,0.12,0.119999999374472,0.12
abv,2191,0.06,0.0600000002119603,0.055
abv,2192,0.085,0.0850000005792078,0.085
abv,2193,0.058,0.0987371864533274,0.058
abv,2194,0.051,0.0510000007673041,0.051
abv,2195,0.052,0.1309292169019579,0.052
abv,2196,0.045,0.0985889844337819,0.045
abv,2197,0.055,0.1393794282054937,0.055
abv,2198,0.07,0.2068148585294065,0.07
abv,2199,0.07,0.1448912546620796,0.07
abv,2200,0.05,0.0499999993283976,0.05
abv,2201,0.045,0.1183325314386826,0.045
abv,2202,0.055,0.1768682971527412,0.055
abv,2203,0.045,0.1423679749448664,0.045
abv,2204,0.073,0.1360022372994128,0.073
abv,2205,0.06,0.0800702760205141,0.055
abv,2206,0.05,0.0499999993283976,0.05
abv,2207,0.068,0.1340361700664637,0.068
abv,2208,0.062,0.0619999994064545,0.062
abv,2209,0.07,0.0699999998677501,0.065
abv,2210,0.06,0.1259045216485639,0.06
abv,2211,0.057,0.2100958411456344,0.057
abv,2212,0.05,0.1124306758874794,0.05
abv,2213,0.08,0.2332028721991897,0.08
abv,2214,0.082,0.081999999945807,0.082
abv,2215,0.075,0.0750000000025882,0.075
abv,2216,0.045,0.1308275180113873,0.045
abv,2217,0.08,0.0926635065306546,0.082
abv,2218,0.08,0.1548349584716934,0.075
abv,2219,0.06,0.2286503587853168,0.055
abv,2220,0.062,0.1677923243445344,0.062
abv,2221,0.05,0.1059775036178094,0.054
abv,2222,0.075,0.0750000000025882,0.075
abv,2223,0.05,0.1001944375569057,0.051
abv,2224,0.041,0.0819917996501469,0.041
abv,2225,0.048,0.0822860722753637,0.048
abv,2226,0.05,0.0676546919812625,0.052
abv,2227,0.06,0.0973338935161921,0.062
abv,2228,0.048,0.089625325841236,0.048
abv,2229,0.06,0.2636527026269519,0.062
abv,2230,0.057,0.2413495682025979,0.057
abv,2231,0.054,0.2047561091705714,0.054
abv,2232,0.052,0.2229218254886055,0.052
abv,2233,0.062,0.2363647411930542,0.062
abv,2234,0.048,0.2359422104924008,0.048
abv,2235,0.046,0.2601933491537836,0.046
abv,2236,0.063,0.1927715913096539,0.063
abv,2237,0.06,0.1390680944470992,0.058
abv,2238,0.06,0.1394932967817334,0.058
abv,2239,0.05,0.1045741787585768,0.051
abv,2240,0.05,0.1324075144897712,0.051
abv,2241,0.077,0.162907624676161,0.077
abv,2242,0.045,0.1983534204698419,0.045
abv,2243,0.065,0.1008419650207715,0.065
abv,2244,0.07,0.1808249576114687,0.07
abv,2245,0.07,0.2126942802129196,0.065
abv,2246,0.045,0.2198412743540257,0.045
abv,2247,0.05,0.0499999993283976,0.05
abv,2248,0.06,0.1057267334444312,0.06
abv,2249,0.072,0.1579545036757696,0.072
abv,2250,0.05,0.1560411029921,0.048
abv,2251,0.05,0.1755188862601246,0.05
abv,2252,0.05,0.0921621798163948,0.05
abv,2253,0.04,0.0740875151417438,0.04
abv,2254,0.04,0.0875328471033956,0.04
abv,2255,0.07,0.2707176226006244,0.073
abv,2256,0.04,0.0686142407563855,0.04
abv,2257,0.04,0.0399999996726078,0.04
abv,2258,0.073,0.2419027339471561,0.073
abv,2259,0.04,0.0810624835566133,0.04
abv,2260,0.04,0.0777352188105449,0.04
abv,2261,0.055,0.0334816252916445,0.055
abv,2262,0.06,0.0600000002119603,0.06
abv,2263,0.05,0.0499999993283976,0.047
abv,2264,0.065,0.1726316160574212,0.065
abv,2265,0.07,0.1729517013815389,0.065
abv,2266,0.065,0.1615778679732327,0.065
abv,2268,0.07,0.1384450536873277,0.068
abv,2269,0.064,0.1467984673699853,0.064
abv,2270,0.078,0.150231762589659,0.078
abv,2271,0.085,0.2037042711569124,0.085
abv,2272,0.085,0.0850000005792078,0.085
abv,2273,0.04,0.1328912373952011,0.042
abv,2274,0.055,0.1866042912425466,0.055
abv,2275,0.06,0.1861627546163326,0.06
abv,2276,0.045,0.1057663856002389,0.045
abv,2277,0.045,0.0449999995005027,0.045
abv,2278,0.06,0.0966506034812844,0.06
abv,2279,0.13,0.1299999990302618,0.128
abv,2280,0.1,0.1000000000628924,0.104
abv,2281,0.068,0.1347892663612985,0.068
abv,2282,0.099,0.1514589069389278,0.099
abv,2283,0.076,0.1333045745318625,0.076
abv,2284,0.06,0.0600000002119603,0.06
abv,2285,0.07,0.1309632605908431,0.065
abv,2286,0.075,0.0416255367059589,0.075
abv,2287,0.099,0.0990000010795318,0.099
abv,2288,0.082,0.0157914573666125,0.082
abv,2289,0.077,0.0770000001179121,0.077
abv,2290,0.075,0.1624101212469268,0.075
abv,2291,0.07,0.081710413730013,0.069
abv,2292,0.05,0.0522625835555509,0.048
abv,2293,0.048,0.0656286701386897,0.048
abv,2294,0.067,0.2174893524545539,0.067
abv,2295,0.058,0.2069702847651018,0.058
abv,2296,0.072,0.210221997273748,0.072
abv,2297,0.053,0.0871994674535693,0.053
abv,2298,0.07,0.2906925851658195,0.065
abv,2299,0.04,0.0903708492323978,0.04
abv,2300,0.09,0.2838426335057484,0.09
abv,2301,0.08,0.1063617965571154,0.08
abv,2302,0.06,0.0964212751350373,0.06
abv,2303,0.06,0.0954270344069014,0.06
abv,2304,0.04,0.1061710497486471,0.04
abv,2305,0.09,0.2765720762930392,0.09
abv,2306,0.04,0.0896069387132518,0.04
abv,2307,0.068,0.1674878759369503,0.068
abv,2308,0.069,0.1675617780475021,0.069
abv,2309,0.07,0.150542241818067,0.068
abv,2310,0.068,0.1499137792128643,0.068
abv,2311,0.068,0.1499297009727266,0.068
abv,2312,0.052,0.0991617626237473,0.052
abv,2313,0.092,0.1248861576371326,0.092
abv,2314,0.079,0.1219831130073231,0.079
abv,2315,0.08,0.1412261853724045,0.075
abv,2316,0.092,0.1139837718601119,0.092
abv,2317,0.073,0.2160321332730729,0.073
abv,2318,0.08,0.2109422088973804,0.075
abv,2319,0.04,0.126250164294805,0.04
abv,2320,0.06,0.1374718324324216,0.06
abv,2321,0.06,0.1402719209321402,0.056
abv,2322,0.047,0.2050807126992151,0.047
abv,2323,0.085,0.2116511544762489,0.085
abv,2324,0.047,0.1344589757882622,0.047
abv,2325,0.05,0.1601137339743901,0.051
abv,2326,0.04,0.1293246649641934,0.04
abv,2327,0.052,0.0519999997506647,0.052
abv,2328,0.05,0.0499999993283976,0.045
abv,2329,0.06,0.1868764737765047,0.06
abv,2330,0.047,0.1960173712193137,0.047
abv,2331,0.052,0.0519999997506647,0.052
abv,2332,0.054,0.0540000001729319,0.054
abv,2333,0.07,0.0699999998677501,0.07
abv,2334,0.07,0.0699999998677501,0.07
abv,2335,0.09,0.1686355195309285,0.09
abv,2336,0.07,0.1688011019046236,0.07
abv,2337,0.055,0.2014460823569882,0.055
abv,2338,nan,0.2168627855308153,nan
abv,2339,0.055,0.1104653281294901,0.055
abv,2340,0.04,0.0864659811485958,0.04
abv,2341,0.05,0.0499999993283976,0.05
abv,2342,0.068,0.2036382955486487,0.068
abv,2343,0.057,0.0569999995785596,0.057
abv,2344,0.05,0.1358265577208204,0.052
abv,2345,0.058,0.1478564147819382,0.058
abv,2346,nan,0.1601100211889318,nan
abv,2347,0.08,0.1296299580795802,0.08
abv,2348,nan,0.1268895688127077,nan
abv,2349,0.08,0.2738802871913728,0.075
abv,2350,nan,0.1287440167494965,nan
abv,2351,0.05,0.1137153708668984,0.049
abv,2352,0.05,0.1239476872683419,0.052
abv,2353,0.06,0.1574644454618196,0.055
abv,2354,0.05,0.1449138162181585,0.05
abv,2355,0.055,0.1569220251862863,0.055
abv,2356,0.06,0.1574376603667272,0.055
abv,2357,0.06,0.1198266722088882,0.06
abv,2358,0.049,0.049000000345037,0.049
abv,2359,0.049,0.1128234772934608,0.049
abv,2360,0.049,0.1128086850847299,0.049
abv,2361,0.082,0.1211277481352601,0.082
abv,2362,0.045,0.0449999995005027,0.045
abv,2363,0.05,0.1932931983778161,0.05
abv,2364,0.052,0.1585763068403884,0.052
abv,2365,0.082,0.1093369753044013,0.082
abv,2366,0.082,0.0785521887663205,0.082
abv,2367,0.04,0.0399999996726078,0.042
abv,2368,0.06,0.0600000002119603,0.06
abv,2369,0.05,0.0871596237651783,0.045
abv,2370,0.06,0.2164905247666058,0.056
abv,2371,0.07,0.135855788539667,0.068
abv,2372,0.057,0.0569999995785596,0.057
abv,2373,0.045,0.0856649034861313,0.045
abv,2374,0.051,0.1002402776884773,0.051
abv,2375,0.05,0.0499999993283976,0.054
abv,2376,0.075,0.1696093399390434,0.075
abv,2377,0.05,0.0499999993283976,0.05
abv,2378,0.072,0.2033032903274113,0.072
abv,2379,0.05,0.1993797797388475,0.05
abv,2380,0.07,0.2794442203327642,0.074
abv,2381,0.08,0.1675060567990756,0.08
abv,2382,0.06,0.0739022687561767,0.055
abv,2383,0.07,0.0900341447733713,0.071
abv,2384,0.052,0.0828519675700648,0.052
abv,2385,0.048,0.0753328108865867,0.048
abv,2386,0.06,0.1389704815849696,0.059
abv,2387,0.062,0.2396536110228351,0.062
abv,2388,0.045,0.0960974180923587,0.045
abv,2389,0.06,0.1725475970976047,0.058
abv,2390,0.05,0.141270011956307,0.045
abv,2391,0.06,0.0600000002119603,0.059
abv,2392,0.047,0.0937767896703215,0.047
abv,2393,0.05,0.2315756408391414,0.05
abv,2394,0.07,0.2322238460336861,0.065
abv,2395,0.028,0.1149200788929311,0.028
abv,2396,0.065,0.2096283543099469,0.065
abv,2397,0.069,0.0689999999635598,0.069
abv,2398,0.045,0.0449999995005027,0.045
abv,2399,0.08,0.1642370867135768,0.077
abv,2400,0.069,0.0689999999635598,0.069
abv,2401,0.06,0.2073028049738499,0.06
abv,2402,0.042,0.0540985510536099,0.042
abv,2403,0.08,0.1916502515237642,0.082
abv,2404,0.06,0.0704792868294429,0.055
abv,2405,0.075,0.1965097278242618,0.075
abv,2406,0.067,0.2026179671004669,0.067
abv,2407,0.052,0.1897002926721687,0.052
abv,2408,0.06,0.0873284572816955,0.055
abv,2409,0.06,0.2075813424606957,0.055
abv,2410,0.052,0.2109907599516676,0.052
ibu,1,nan,43.235870806851096,nan
ibu,2,nan,45.45818614181091,nan
ibu,3,nan,45.92998231437235,nan
ibu,4,nan,46.42375020392929,nan
ibu,5,nan,45.93547765035267,nan
ibu,6,nan,39.78286618172892,nan
ibu,7,nan,45.43415815443984,nan
ibu,8,nan,42.69848229255828,nan
ibu,9,nan,45.44103833393139,nan
ibu,10,nan,46.401143929146805,nan
ibu,11,nan,38.16605841235457,nan
ibu,12,nan,38.165557812215326,nan
ibu,13,nan,38.16287906891701,nan
ibu,14,nan,42.95718810216359,nan
ibu,15,60,55.90895573155064,60
ibu,16,nan,42.18785622220729,nan
ibu,17,nan,42.40120446387671,nan
ibu,18,nan,42.40267922697106,nan
ibu,19,nan,41.41110029266135,nan
ibu,20,nan,45.58956930380679,nan
ibu,21,nan,38.4618536944699,nan
ibu,22,92,66.38232831882152,92
ibu,23,45,41.31377514570376,45
ibu,24,nan,45.058605431071925,nan
ibu,25,42,44.657293921979154,42
ibu,26,17,24.487164932938736,17
ibu,27,17,24.48715018530779,17
ibu,28,17,24.487961305009684,17
ibu,29,70,59.18806361519579,70
ibu,30,70,59.19188980611279,70
ibu,31,70,59.19379880500714,70
ibu,32,52,49.39786028375038,52
ibu,33,94,68.41308529286616,94
ibu,34,42,44.25893275838791,42
ibu,35,45,42.49142842170681,45
ibu,36,65,58.83650631151394,65
ibu,37,35,39.96866380051386,35
ibu,38,65,58.7320619505466,65
ibu,39,17,25.096822164387977,17
ibu,40,82,59.86714941587559,82
ibu,41,nan,47.04375822401877,nan
ibu,42,nan,47.10406538351079,nan
ibu,43,11,31.3643752347877,11
ibu,44,18,36.950466906956486,18
ibu,45,nan,46.33126903925201,nan
ibu,46,nan,46.42693610186949,nan
ibu,47,nan,46.36259423634519,nan
ibu,48,nan,46.21681349481253,nan
ibu,49,nan,46.18106933396971,nan
ibu,50,28,38.47484840561318,28
ibu,51,nan,45.37558650435038,nan
ibu,52,45,46.49118374641832,45
ibu,53,nan,39.63269597170851,nan
ibu,54,65,59.34295634436943,65
ibu,55,50,48.73044395571103,50
ibu,56,15,25.37191955613056,15
ibu,57,18,30.42326745582238,18
ibu,58,75,64.57136839773275,75
ibu,59,30,34.65134360572573,30
ibu,60,30,36.35109246118258,30
ibu,61,82,68.28143974593641,82
ibu,62,nan,48.00784608924535,nan
ibu,63,26,38.155183263503005,26
ibu,64,26,39.33132854303504,26
ibu,65,52,56.04474454346267,52
ibu,66,13,28.535532187354725,13
ibu,67,17,36.41745598111539,17
ibu,68,68,58.29051296422202,68
ibu,69,20,35.59236699546954,20
ibu,70,68,58.19787162388644,68
ibu,71,80,60.21057094315361,80
ibu,72,25,28.10705779517436,25
ibu,73,42,47.01198732074596,42
ibu,74,25,30.082664364680213,25
ibu,75,21,25.11108476213597,21
ibu,76,13,30.37711638341044,13
ibu,77,17,33.14458798398498,17
ibu,78,68,58.19192341273924,68
ibu,79,38,34.12763720604071,38
ibu,80,nan,47.05774471334299,nan
ibu,81,65,56.45955279763542,65
ibu,82,20,32.322173235416884,20
ibu,83,35,38.97983842300526,35
ibu,84,35,40.083424948638985,35
ibu,85,33,39.04024676763181,33
ibu,86,20,36.869010415722286,20
ibu,87,36,46.06193551326984,36
ibu,88,103,69.80426373090289,103
ibu,89,40,41.80423055348822,40
ibu,90,18,36.90588113170663,18
ibu,91,nan,43.79093189889118,nan
ibu,92,nan,43.85601309183063,nan
ibu,93,nan,47.00918363224104,nan
ibu,94,nan,47.05016606966371,nan
ibu,95,nan,47.17672859979494,nan
ibu,96,43,46.82166709513836,43
ibu,97,nan,47.334340628252,nan
ibu,98,nan,47.31381684185566,nan
ibu,99,nan,47.17890223673344,nan
ibu,100,nan,46.96582600692364,nan
ibu,101,nan,44.64225604946559,nan
ibu,102,nan,45.07527230232012,nan
ibu,103,nan,42.96141104531861,nan
ibu,104,nan,45.96754289175972,nan
ibu,105,nan,44.51507739608605,nan
ibu,106,13,25.34323377531984,13
ibu,107,4,26.742423454210208,4
ibu,108,80,65.83573195728657,80
ibu,109,15,34.56079970623544,15
ibu,110,13,25.636808310008927,13
ibu,111,25,28.91733196622465,25
ibu,112,15,35.45713941284619,15
ibu,113,4,27.84469416343864,4
ibu,114,13,26.599161689973982,13
ibu,115,6,22.771720501593872,6
ibu,116,80,66.69861092791223,80
ibu,117,15,36.8375279105657,15
ibu,118,4,29.372545451931195,4
ibu,119,28,39.59848679345304,28
ibu,120,nan,42.249943338822895,nan
ibu,121,nan,44.4604570869484,nan
ibu,122,nan,43.736265708235045,nan
ibu,123,nan,40.11541133118614,nan
ibu,124,nan,40.11672837656067,nan
ibu,125,nan,41.87526743380444,nan
ibu,126,nan,44.87415271429774,nan
ibu,127,nan,37.37701755261156,nan
ibu,128,nan,45.72466374809523,nan
ibu,129,75,62.70625025994258,75
ibu,130,19,33.068492666255146,19
ibu,131,23,33.06113933360417,23
ibu,132,55,56.87091420273154,55
ibu,133,17,35.31352616340581,17
ibu,134,nan,43.92747422257173,nan
ibu,135,50,53.65426417475766,50
ibu,136,20,26.153773403727115,20
ibu,137,10,19.16095806153792,10
ibu,138,45,42.85046236462058,45
ibu,139,27,32.93206479033556,27
ibu,140,26,38.06692688543462,26
ibu,141,69,62.61473465543568,69
ibu,142,nan,36.69419855302099,nan
ibu,143,nan,42.36892579147739,nan
ibu,144,nan,43.40503268827538,nan
ibu,145,27,39.43207862245104,27
ibu,146,67,62.13767665105053,67
ibu,147,40,42.05376579458519,40
ibu,148,138,79.12628549316545,138
ibu,149,35,40.87828784535336,35
ibu,150,35,42.649466492835565,35
ibu,151,115,76.21404459274714,115
ibu,152,12,29.63446173886163,12
ibu,153,nan,43.54578858422046,nan
ibu,154,8,33.58677521500429,8
ibu,155,62,59.68469828034557,62
ibu,156,12,22.891153371476765,12
ibu,157,nan,43.30331745834541,nan
ibu,158,nan,45.44139780743564,nan
ibu,159,nan,45.132955612473445,nan
ibu,160,nan,42.645327529245634,nan
ibu,161,nan,40.04766583533701,nan
ibu,162,nan,44.77551175093487,nan
ibu,163,nan,41.39790628367212,nan
ibu,164,42,39.721667609877656,42
ibu,165,10,24.935438838973543,10
ibu,166,69,63.08226732885701,69
ibu,167,17,37.02383268399254,17
ibu,168,17,24.728960535385287,17
ibu,169,22,28.17105595896639,22
ibu,170,23,36.6368798370771,23
ibu,171,nan,45.32569649783785,nan
ibu,172,5,17.325490855072424,5
ibu,173,41,45.38640839786798,41
ibu,174,nan,44.043007573039326,nan
ibu,175,nan,42.69354675206919,nan
ibu,176,nan,43.961806707408144,nan
ibu,177,nan,43.833191849844326,nan
ibu,178,nan,44.70363753290619,nan
ibu,179,nan,45.55692685651086,nan
ibu,180,43,46.60689038154949,43
ibu,181,70,56.80123492377495,70
ibu,182,38,43.14925715100724,38
ibu,183,nan,47.6024677160917,nan
ibu,184,40,45.19553472644358,40
ibu,185,23,26.97607508712464,23
ibu,186,75,60.30941612023942,75
ibu,187,nan,41.78994911154513,nan
ibu,188,70,59.005337190554826,70
ibu,189,nan,40.34112300346317,nan
ibu,190,20,22.37605139513444,20
ibu,191,45,47.57070910251135,45
ibu,192,46,49.50857566512002,46
ibu,193,60,51.63879557812442,60
ibu,194,nan,46.127008615495086,nan
ibu,195,22,37.81669727671406,22
ibu,196,60,52.77743394525946,60
ibu,197,62,53.60919049871742,62
ibu,198,20,22.17396296969036,20
ibu,199,45,42.00780910414221,45
ibu,200,55,50.14964780841736,55
ibu,201,70,59.15724925965223,70
ibu,202,28,27.670639345792445,28
ibu,203,48,44.31061173446516,48
ibu,204,nan,45.35150751475563,nan
ibu,205,42,39.63243461091567,42
ibu,206,nan,46.074199807025,nan
ibu,207,nan,44.86590817411573,nan
ibu,208,nan,41.70024029665701,nan
ibu,209,nan,46.85686641294911,nan
ibu,210,35,43.59089708105598,35
ibu,211,28,40.41865334761509,28
ibu,212,69,62.07784223506154,69
ibu,213,108,71.75525568505125,108
ibu,214,10,27.370974039523706,10
ibu,215,45,45.33485805390507,45
ibu,216,85,64.62381097336775,85
ibu,217,16,23.48393767450101,16
ibu,218,nan,49.457932300460136,nan
ibu,219,nan,37.7707899498691,nan
ibu,220,nan,36.23722190610387,nan
ibu,221,nan,46.89000393002268,nan
ibu,222,nan,47.1643889292594,nan
ibu,223,nan,47.398464146907045,nan
ibu,224,44,40.890626696576064,44
ibu,225,nan,49.35603764102035,nan
ibu,226,27,41.59635736980656,27
ibu,227,nan,46.15757922547166,nan
ibu,228,87,66.6118866648363,87
ibu,229,32,36.99482573255239,32
ibu,230,68,60.20722323092944,68
ibu,231,34,41.93957058679752,34
ibu,232,38,38.99800586570196,38
ibu,233,40,40.07132861401402,40
ibu,234,20,35.358710446678124,20
ibu,235,nan,44.88268544776779,nan
ibu,236,nan,42.06824673920244,nan
ibu,237,nan,44.12786236906496,nan
ibu,238,nan,41.731851229099725,nan
ibu,239,nan,45.43494448992862,nan
ibu,240,17,31.07198542645107,17
ibu,241,104,72.99290636908947,104
ibu,242,nan,40.10049819905097,nan
ibu,243,85,70.18475588649584,85
ibu,244,nan,46.47068290078123,nan
ibu,245,nan,46.14091583630299,nan
ibu,246,nan,39.8414032158513,nan
ibu,247,54,51.34767898192591,54
ibu,248,nan,48.047514348888384,nan
ibu,249,nan,41.80405849779388,nan
ibu,250,60,54.10972509293892,60
ibu,251,32,38.84864718503986,32
ibu,252,55,55.84618735631672,55
ibu,253,65,57.428661411885415,65
ibu,254,40,40.1702925914602,40
ibu,255,35,41.39858467469552,35
ibu,256,26,41.05747074200373,26
ibu,257,60,51.81637344094045,60
ibu,258,26,38.78001662650591,26
ibu,259,35,42.55936809469669,35
ibu,260,65,59.25597809431615,65
ibu,261,nan,47.320413129451545,nan
ibu,262,40,39.60921323702593,40
ibu,263,35,43.5773431889061,35
ibu,264,26,41.08585911225708,26
ibu,265,81,62.62340953968177,81
ibu,266,38,45.12532699071152,38
ibu,267,43,48.70084382178182,43
ibu,268,85,58.661088157318304,85
ibu,269,76,61.78336154038226,76
ibu,270,35,32.75594366573162,35
ibu,271,50,52.312006905811735,50
ibu,272,45,45.41673485262116,45
ibu,273,nan,46.08429701834429,nan
ibu,274,nan,45.77617189744739,nan
ibu,275,nan,46.200162600164525,nan
ibu,276,75,54.88888012407282,75
ibu,277,16,36.40187183177228,16
ibu,278,35,43.243937760977175,35
ibu,279,8,19.753753834941783,8
ibu,280,44,47.50533777041591,44
ibu,281,83,65.07577998026673,83
ibu,282,45,45.855351518326486,45
ibu,283,34,34.48253648675691,34
ibu,284,44,47.96503863249343,44
ibu,285,16,35.585559325163466,16
ibu,286,20,38.07689997086014,20
ibu,287,nan,37.64692582654411,nan
ibu,288,47,52.25825179102277,47
ibu,289,30,33.76259565179955,30
ibu,290,nan,45.37722840726209,nan
ibu,291,nan,46.81918293863721,nan
ibu,292,51,51.85418636667952,51
ibu,293,nan,45.46960367575606,nan
ibu,294,nan,46.12947065054981,nan
ibu,295,nan,46.25507704260821,nan
ibu,296,nan,47.16970708884018,nan
ibu,297,nan,47.551252880732754,nan
ibu,298,nan,47.27403019150866,nan
ibu,299,nan,43.49126638779423,nan
ibu,300,nan,47.64637919688232,nan
ibu,301,nan,46.88620190883417,nan
ibu,302,nan,40.82882511048177,nan
ibu,303,nan,47.27588593506905,nan
ibu,304,37,37.28215300691125,37
ibu,305,37,37.27975364928803,37
ibu,306,37,37.1996178903361,37
ibu,307,35,43.01543981059286,35
ibu,308,nan,42.48121241002713,nan
ibu,309,nan,42.48935146368227,nan
ibu,310,80,65.83178942394768,80
ibu,311,60,57.329452459903,60
ibu,312,30,35.580065013324194,30
ibu,313,22,32.73766889305416,22
ibu,314,60,57.92432273339293,60
ibu,315,16,29.505841094900955,16
ibu,316,nan,41.14183210687738,nan
ibu,317,nan,41.666028660463056,nan
ibu,318,nan,44.27973121941056,nan
ibu,319,nan,42.01470915196989,nan
ibu,320,nan,48.39688859353418,nan
ibu,321,40,44.96296499612142,40
ibu,322,16,34.62660609344371,16
ibu,323,28,26.341389487338667,28
ibu,324,nan,45.795444388323816,nan
ibu,325,nan,47.09726508702018,nan
ibu,326,nan,40.19821764030808,nan
ibu,327,nan,45.62533067021905,nan
ibu,328,nan,40.60192994082152,nan
ibu,329,nan,45.34248954326191,nan
ibu,330,nan,45.607389562691694,nan
ibu,331,nan,46.19701725820941,nan
ibu,332,30,42.04002489428181,30
ibu,333,34,33.613347988025936,34
ibu,334,nan,41.278351131349325,nan
ibu,335,27,27.846114851886195,27
ibu,336,72,61.08416488697255,72
ibu,337,22,26.345799028990765,22
ibu,338,30,35.03778315315304,30
ibu,339,26,31.8249929079222,26
ibu,340,94,66.79963056124937,94
ibu,341,nan,47.44631283550315,nan
ibu,342,nan,48.0802299198544,nan
ibu,343,nan,47.45091163841902,nan
ibu,344,nan,47.461320598270206,nan
ibu,345,38,41.04729651527839,38
ibu,346,nan,40.19911970373413,nan
ibu,347,45,47.225179483321234,45
ibu,348,nan,37.62605424185136,nan
ibu,349,nan,42.9161261913964,nan
ibu,350,nan,44.56692433129349,nan
ibu,351,nan,45.2773525346359,nan
ibu,352,nan,46.19067618656014,nan
ibu,353,nan,44.95616183203591,nan
ibu,354,72,64.07885159886753,72
ibu,355,16,36.88667561965408,16
ibu,356,8,23.81762740398201,8
ibu,357,45,43.53720689680881,45
ibu,358,nan,41.59420585431448,nan
ibu,359,nan,42.62008439853329,nan
ibu,360,30,31.94316239742093,30
ibu,361,30,32.475038984648634,30
ibu,362,15,28.186562273590624,15
ibu,363,7,31.6312917879208,7
ibu,364,30,32.33389432476562,30
ibu,365,35,40.885079948715656,35
ibu,366,35,41.72848385336764,35
ibu,367,35,42.792080078209,35
ibu,368,80,62.97007718439302,80
ibu,369,nan,46.97834428765616,nan
ibu,370,nan,47.086851211292014,nan
ibu,371,nan,45.65997244564885,nan
ibu,372,52,52.17061317482835,52
ibu,373,52,53.10543764369892,52
ibu,374,80,66.15511812337806,80
ibu,375,25,32.98875959955926,25
ibu,376,nan,46.90522389481276,nan
ibu,377,40,45.74226012974929,40
ibu,378,nan,41.28861835008089,nan
ibu,379,9,31.216884177722022,9
ibu,380,15,35.34611433122674,15
ibu,381,68,62.29314453783097,68
ibu,382,19,38.94906953932378,19
ibu,383,nan,40.78513074759117,nan
ibu,384,60,52.793903771772,60
ibu,385,21,26.4851100667598,21
ibu,386,28,40.045700508685584,28
ibu,387,nan,49.33684073175252,nan
ibu,388,nan,51.03182733138387,nan
ibu,389,nan,38.79602845714638,nan
ibu,390,nan,45.58630024561432,nan
ibu,391,nan,47.95231511389694,nan
ibu,392,nan,47.76508246868992,nan
ibu,393,nan,39.18073597725066,nan
ibu,394,nan,45.0699584441317,nan
ibu,395,nan,45.77339749937615,nan
ibu,396,nan,44.65940815873747,nan
ibu,397,nan,38.64873403515994,nan
ibu,398,nan,37.49045510085951,nan
ibu,399,nan,45.77431820216908,nan
ibu,400,nan,38.64010298415028,nan
ibu,401,nan,45.78962624308841,nan
ibu,402,nan,38.60801254887369,nan
ibu,403,nan,38.73294136922152,nan
ibu,404,nan,44.29692163155726,nan
ibu,405,nan,45.40274877295335,nan
ibu,406,nan,44.65676997142425,nan
ibu,407,nan,45.96767459629717,nan
ibu,408,nan,45.99947827208319,nan
ibu,409,nan,45.707854726071,nan
ibu,410,nan,37.26545090521135,nan
ibu,411,nan,39.59904515514682,nan
ibu,412,nan,46.94154198429314,nan
ibu,413,nan,39.05968332590248,nan
ibu,414,nan,38.759510045679015,nan
ibu,415,nan,45.97977769025299,nan
ibu,416,nan,46.12991185050888,nan
ibu,417,nan,45.97120624425172,nan
ibu,418,nan,38.331619823546575,nan
ibu,419,nan,46.93060620629214,nan
ibu,420,nan,44.01595693580946,nan
ibu,421,nan,42.05631570094096,nan
ibu,422,nan,42.04860903963196,nan
ibu,423,nan,41.80109422397424,nan
ibu,424,nan,41.43026094733644,nan
ibu,425,nan,42.05858478782418,nan
ibu,426,nan,36.959958236437856,nan
ibu,427,nan,46.96225953817381,nan
ibu,428,nan,42.04981998399498,nan
ibu,429,nan,42.45427627176529,nan
ibu,430,nan,44.43357768610005,nan
ibu,431,nan,44.29383937669007,nan
ibu,432,nan,42.10741767595755,nan
ibu,433,nan,44.77807353732668,nan
ibu,434,nan,37.79282495878073,nan
ibu,435,nan,37.00415934431394,nan
ibu,436,nan,43.11033733363459,nan
ibu,437,nan,45.37198705825914,nan
ibu,438,nan,38.50651197890523,nan
ibu,439,nan,44.64641467656344,nan
ibu,440,nan,43.620338063467926,nan
ibu,441,nan,42.7748541283683,nan
ibu,442,nan,37.93892072609659,nan
ibu,443,nan,45.88186263805766,nan
ibu,444,nan,37.64384111373843,nan
ibu,445,nan,36.86970355437663,nan
ibu,446,nan,43.70536389104687,nan
ibu,447,nan,43.5327076404018,nan
ibu,448,nan,38.72478183274562,nan
ibu,449,nan,43.964667542982966,nan
ibu,450,nan,44.08259041931981,nan
ibu,451,nan,46.63817952887815,nan
ibu,452,nan,46.78823995097931,nan
ibu,453,nan,49.28476315998338,nan
ibu,454,15,36.193119115767416,15
ibu,455,17,35.251891717128885,17
ibu,456,nan,42.03058743461903,nan
ibu,457,64,60.672248807090384,64
ibu,458,47,48.28050315772319,47
ibu,459,nan,44.25683040166563,nan
ibu,460,47,47.205657306859806,47
ibu,461,nan,45.07160096152803,nan
ibu,462,nan,46.3307614749537,nan
ibu,463,nan,47.57434521285175,nan
ibu,464,nan,47.76425127582369,nan
ibu,465,nan,42.21776503224528,nan
ibu,466,85,66.82725778988348,85
ibu,467,nan,41.48199809462464,nan
ibu,468,42,48.572752453909445,42
ibu,469,35,36.633473953642,35
ibu,470,40,37.57099682931881,40
ibu,471,nan,42.74391974349511,nan
ibu,472,nan,49.73165324664799,nan
ibu,473,40,48.90878910499253,40
ibu,474,20,24.81720544307405,20
ibu,475,118,77.61416173376129,118
ibu,476,nan,49.57360288582678,nan
ibu,477,nan,49.709292151229945,nan
ibu,478,nan,46.15932702456667,nan
ibu,479,40,48.07477657365664,40
ibu,480,115,74.37373360882955,115
ibu,481,nan,45.53836122777869,nan
ibu,482,nan,48.79068884742795,nan
ibu,483,16,35.345924250650135,16
ibu,484,86,66.36483271264558,86
ibu,485,nan,48.95093332800841,nan
ibu,486,40,47.195030000139376,40
ibu,487,14,33.42376719224758,14
ibu,488,36,42.66435248523323,36
ibu,489,nan,44.37503491678786,nan
ibu,490,nan,47.47777444818256,nan
ibu,491,nan,43.308366883317895,nan
ibu,492,nan,49.09290467453708,nan
ibu,493,nan,49.37536768862309,nan
ibu,494,nan,49.7637064031908,nan
ibu,495,nan,48.87621363652048,nan
ibu,496,nan,42.20568078248455,nan
ibu,497,nan,44.7706308995772,nan
ibu,498,nan,45.28026703520111,nan
ibu,499,nan,48.21717150491852,nan
ibu,500,25,39.99338205894436,25
ibu,501,35,45.754178263833694,35
ibu,502,100,71.27053382845249,100
ibu,503,35,45.13297650495062,35
ibu,504,25,40.12207644105976,25
ibu,505,100,71.08758127347039,100
ibu,506,nan,41.05508695132429,nan
ibu,507,55,54.49380747735377,55
ibu,508,16,37.36276314799186,16
ibu,509,24,39.86878219269786,24
ibu,510,94,71.02040417589721,94
ibu,511,94,71.01320405474547,94
ibu,512,55,55.4593922271211,55
ibu,513,55,55.43252859804473,55
ibu,514,55,55.433916513979085,55
ibu,515,55,55.43529377884664,55
ibu,516,55,56.326597169490185,55
ibu,517,24,40.87778806452694,24
ibu,518,94,71.32983241385054,94
ibu,519,nan,43.21516615714749,nan
ibu,520,nan,44.415015744275614,nan
ibu,521,nan,40.39854372385442,nan
ibu,522,nan,47.09061513443392,nan
ibu,523,nan,46.7362418525547,nan
ibu,524,nan,42.7082981723345,nan
ibu,525,43,39.32740321526558,43
ibu,526,130,79.31527474508042,130
ibu,527,64,57.98331653441814,64
ibu,528,35,37.89684573501486,35
ibu,529,30,43.60986335376212,30
ibu,530,35,44.47673130252274,35
ibu,531,10,32.43161376602274,10
ibu,532,80,63.03732146561828,80
ibu,533,28,33.07979426743483,28
ibu,534,18,29.345570396309924,18
ibu,535,55,51.99995932474028,55
ibu,536,18,30.81795748344974,18
ibu,537,70,59.79792567485258,70
ibu,538,nan,39.19285648160412,nan
ibu,539,nan,48.19098298961424,nan
ibu,540,nan,41.5555840619838,nan
ibu,541,nan,48.79312097756438,nan
ibu,542,nan,48.89090678316074,nan
ibu,543,nan,47.85168916037471,nan
ibu,544,nan,47.85588158412681,nan
ibu,545,nan,47.87274058423369,nan
ibu,546,22,23.94814066058043,22
ibu,547,nan,44.96724262840786,nan
ibu,548,nan,42.75681101639358,nan
ibu,549,100,74.47077957494025,100
ibu,550,9,28.85243091969375,9
ibu,551,80,66.96212979073853,80
ibu,552,35,42.40015451448482,35
ibu,553,nan,47.341175335881466,nan
ibu,554,nan,47.34103810098241,nan
ibu,555,nan,44.46395555273333,nan
ibu,556,nan,47.41942626566754,nan
ibu,557,nan,38.328061547925046,nan
ibu,558,nan,38.6229105237215,nan
ibu,559,nan,39.16243375759339,nan
ibu,560,nan,47.70890013964151,nan
ibu,561,nan,46.65927191837864,nan
ibu,562,16,20.274631966736976,16
ibu,563,16,20.841099941655425,16
ibu,564,nan,50.51509983838645,nan
ibu,565,nan,49.42195709339919,nan
ibu,566,90,65.05491044385604,90
ibu,567,nan,47.89544620069683,nan
ibu,568,70,57.778655466687255,70
ibu,569,35,31.195172387721907,35
ibu,570,36,45.11089643383333,36
ibu,571,18,35.228998478027634,18
ibu,572,nan,48.26122022060819,nan
ibu,573,nan,46.78536252431967,nan
ibu,574,40,43.06194134406792,40
ibu,575,24,38.89053824039121,24
ibu,576,40,46.157764799827696,40
ibu,577,42,45.445940077766224,42
ibu,578,15,30.762793969905672,15
ibu,579,85,65.36555618067504,85
ibu,580,99,70.6630920188961,99
ibu,581,77,63.09622678085783,77
ibu,582,nan,36.85792347450412,nan
ibu,583,45,46.40703827047543,45
ibu,584,22,31.36177309723901,22
ibu,585,65,59.229937055321294,65
ibu,586,nan,43.45666332489565,nan
ibu,587,8,25.278744023829688,8
ibu,588,30,37.4311438161126,30
ibu,589,nan,39.61991633018316,nan
ibu,590,69,59.93923255867597,69
ibu,591,40,39.5817130018805,40
ibu,592,58,55.52663323109504,58
ibu,593,10,24.303719151632865,10
ibu,594,nan,47.54760448069991,nan
ibu,595,126,78.55325482247717,126
ibu,596,29,40.52525454960792,29
ibu,597,nan,46.18623755930257,nan
ibu,598,nan,46.18599258476634,nan
ibu,599,25,39.45566459055022,25
ibu,600,65,54.76844441528577,65
ibu,601,65,55.465074980911325,65
ibu,602,nan,48.29411972730458,nan
ibu,603,nan,39.33432927627562,nan
ibu,604,nan,47.9711355489193,nan
ibu,605,nan,48.17424770574471,nan
ibu,606,60,53.226237127382575,60
ibu,607,60,53.22827721632976,60
ibu,608,nan,47.79376374328007,nan
ibu,609,60,53.29118815199613,60
ibu,610,60,53.29321103537387,60
ibu,611,60,53.29523146081313,60
ibu,612,nan,47.491557747924894,nan
ibu,613,nan,49.78730752857734,nan
ibu,614,70,58.62988053161625,70
ibu,615,70,58.63156503879513,70
ibu,616,65,56.10138282010108,65
ibu,617,nan,47.28630636529986,nan
ibu,618,25,36.8331724435604,25
ibu,619,25,38.4657585394186,25
ibu,620,nan,41.91100831739595,nan
ibu,621,75,62.00515607801814,75
ibu,622,70,59.58060458526956,70
ibu,623,18,21.30359056391974,18
ibu,624,nan,40.18728534438661,nan
ibu,625,nan,40.86260865572195,nan
ibu,626,nan,39.36468604560351,nan
ibu,627,nan,42.246838962509294,nan
ibu,628,nan,47.790700332607976,nan
ibu,629,nan,43.30845291116506,nan
ibu,630,nan,46.39300180306856,nan
ibu,631,60,58.26481603661584,60
ibu,632,75,61.69666841119388,75
ibu,633,13,34.36184842961817,13
ibu,634,17,36.26692691207535,17
ibu,635,55,52.62441416521564,55
ibu,636,11,26.516850245801475,11
ibu,637,75,59.86411795840387,75
ibu,638,24,39.31446708498967,24
ibu,639,24,39.67750869661233,24
ibu,640,nan,42.624537671007694,nan
ibu,641,75,65.22116048748182,75
ibu,642,22,31.660223362580577,22
ibu,643,21,37.36979531001341,21
ibu,644,nan,48.39064952633226,nan
ibu,645,nan,48.035871503914926,nan
ibu,646,nan,39.067903081871385,nan
ibu,647,nan,42.25035422420724,nan
ibu,648,nan,47.32801758148498,nan
ibu,649,nan,45.05406357039775,nan
ibu,650,nan,48.39027510036886,nan
ibu,651,29,31.052841362860782,29
ibu,652,71,63.97755503779379,71
ibu,653,46,48.6608642232633,46
ibu,654,25,38.29467209215619,25
ibu,655,nan,46.187444202273234,nan
ibu,656,nan,49.269924994972165,nan
ibu,657,nan,49.36079948718943,nan
ibu,658,15,22.708263084269763,15
ibu,659,nan,46.26065246641768,nan
ibu,660,25,41.19021252950028,25
ibu,661,65,59.54661785044749,65
ibu,662,nan,40.91102082671701,nan
ibu,663,25,40.70187791297677,25
ibu,664,nan,46.12157329417958,nan
ibu,665,nan,46.324171332204045,nan
ibu,666,nan,48.16599968348316,nan
ibu,667,nan,39.99788520708732,nan
ibu,668,nan,48.03072744831056,nan
ibu,669,nan,48.10512474019982,nan
ibu,670,nan,46.18198000018047,nan
ibu,671,nan,47.49223777757396,nan
ibu,672,nan,47.949771557215605,nan
ibu,673,31,40.79576911503481,31
ibu,674,23,31.312379184645167,23
ibu,675,nan,45.88057160586549,nan
ibu,676,nan,39.19297159505676,nan
ibu,677,nan,40.0599962886032,nan
ibu,678,nan,44.99695029714604,nan
ibu,679,nan,42.713459740750615,nan
ibu,680,nan,41.79138168002872,nan
ibu,681,nan,38.00601343444826,nan
ibu,682,15,36.18093019879263,15
ibu,683,11,21.96471538873605,11
ibu,684,nan,47.26579200100107,nan
ibu,685,115,73.54730258876785,115
ibu,686,80,63.540320552833,80
ibu,687,nan,45.9400807546609,nan
ibu,688,nan,46.6182603953505,nan
ibu,689,nan,44.05258390622683,nan
ibu,690,nan,44.36596655755508,nan
ibu,691,nan,50.42542359118333,nan
ibu,692,nan,47.46148159324135,nan
ibu,693,nan,48.11603675812874,nan
ibu,694,nan,46.6544080677622,nan
ibu,695,37,45.45497136309344,37
ibu,696,nan,44.54241499763468,nan
ibu,697,33,44.29739539920132,33
ibu,698,100,72.02463918911607,100
ibu,699,nan,46.43475070764387,nan
ibu,700,nan,46.82199236233194,nan
ibu,701,25,29.965202761466763,25
ibu,702,nan,43.39727195231959,nan
ibu,703,23,40.34346459953186,23
ibu,704,70,61.80867994546088,70
ibu,705,44,46.24681795962345,44
ibu,706,16,30.698175586301183,16
ibu,707,55,47.92381982331924,55
ibu,708,46,49.016926518541965,46
ibu,709,71,59.24570227279987,71
ibu,710,46,44.25900977379395,46
ibu,711,nan,46.98984662047924,nan
ibu,712,nan,45.83276531670835,nan
ibu,713,40,45.37450071002217,40
ibu,714,16,28.68543366276684,16
ibu,715,22,39.66080782388168,22
ibu,716,76,63.70468617694934,76
ibu,717,12,26.543333713724632,12
ibu,718,nan,44.90360045604054,nan
ibu,719,85,67.98236106765407,85
ibu,720,22,39.52525456440832,22
ibu,721,45,48.54296469734212,45
ibu,722,26,35.66761268579447,26
ibu,723,27,39.633670953976434,27
ibu,724,nan,46.138401365227125,nan
ibu,725,85,69.39239517116488,85
ibu,726,12,25.817622458504218,12
ibu,727,nan,46.403996776421536,nan
ibu,728,72,57.434799703609215,72
ibu,729,nan,48.7105010621113,nan
ibu,730,nan,42.38546587406512,nan
ibu,731,nan,43.61339786931157,nan
ibu,732,nan,46.133466439222666,nan
ibu,733,nan,45.56585142634195,nan
ibu,734,nan,42.023152580341446,nan
ibu,735,nan,44.88085264496665,nan
ibu,736,nan,46.23149517107318,nan
ibu,737,nan,46.69982913244243,nan
ibu,738,100,72.3699926560477,100
ibu,739,17,31.586769509415284,17
ibu,740,12,29.42492084391412,12
ibu,741,49,49.46970050029661,49
ibu,742,64,59.44502797538054,64
ibu,743,18,34.89557748315494,18
ibu,744,nan,40.8393463161907,nan
ibu,745,74,64.85438690591764,74
ibu,746,nan,44.50561474255373,nan
ibu,747,nan,40.53192539467135,nan
ibu,748,nan,43.89975502607244,nan
ibu,749,nan,43.60912023702513,nan
ibu,750,74,65.48133327670962,74
ibu,751,nan,40.40462138642879,nan
ibu,752,25,41.15322096487348,25
ibu,753,nan,48.04587203632026,nan
ibu,754,nan,50.33655846368211,nan
ibu,755,nan,44.99633171595924,nan
ibu,756,nan,46.68242201205216,nan
ibu,757,nan,46.51804819480752,nan
ibu,758,nan,47.18259938587969,nan
ibu,759,60,50.79140489724072,60
ibu,760,80,60.43173788716157,80
ibu,761,23,40.92597697277577,23
ibu,762,61,53.799202253044456,61
ibu,763,nan,49.61229903079679,nan
ibu,764,nan,49.777829308101246,nan
ibu,765,nan,49.44338253356515,nan
ibu,766,48,47.36231852277742,48
ibu,767,nan,46.962536056254,nan
ibu,768,nan,45.72276826786258,nan
ibu,769,nan,46.94518342016693,nan
ibu,770,nan,46.53606611291271,nan
ibu,771,nan,43.03556187766714,nan
ibu,772,32,43.11114845333648,32
ibu,773,19,25.22281609141505,19
ibu,774,70,61.70151874314862,70
ibu,775,55,51.95828825488384,55
ibu,776,80,63.605075761680126,80
ibu,777,58,57.07533603111601,58
ibu,778,20,33.90838417680409,20
ibu,779,20,27.961785437252843,20
ibu,780,20,30.800126778326245,20
ibu,781,70,63.23492497262989,70
ibu,782,53,53.54507025731368,53
ibu,783,nan,39.84880202036436,nan
ibu,784,nan,46.6035311989457,nan
ibu,785,53,55.902773196934,53
ibu,786,nan,47.3550184454604,nan
ibu,787,nan,41.509688820003085,nan
ibu,788,nan,48.20480479705959,nan
ibu,789,nan,50.04945158447456,nan
ibu,790,80,61.98948426220221,80
ibu,791,30,42.76390073514145,30
ibu,792,nan,44.26110598567,nan
ibu,793,45,43.13956099331833,45
ibu,794,20,29.99230481057672,20
ibu,795,nan,47.58525190524728,nan
ibu,796,80,67.6844261500827,80
ibu,797,nan,44.79647305038253,nan
ibu,798,22,36.06593718513656,22
ibu,799,nan,44.79624179933621,nan
ibu,800,72,65.52877804408043,72
ibu,801,nan,45.48786226700512,nan
ibu,802,nan,46.26528834323911,nan
ibu,803,nan,46.07242558509121,nan
ibu,804,nan,46.922985368002095,nan
ibu,805,47,50.59890898641255,47
ibu,806,75,60.09989980467681,75
ibu,807,nan,42.852140010054505,nan
ibu,808,nan,48.734670790602,nan
ibu,809,20,38.69081476143148,20
ibu,810,nan,46.06743801823741,nan
ibu,811,27,39.50619734797803,27
ibu,812,104,73.7048957730298,104
ibu,813,nan,48.590248060085386,nan
ibu,814,nan,49.36383913778945,nan
ibu,815,60,58.326172735843336,60
ibu,816,28,41.92693268639179,28
ibu,817,nan,48.03375235127963,nan
ibu,818,70,55.180730005254354,70
ibu,819,nan,38.38271299095024,nan
ibu,820,nan,48.51781097414237,nan
ibu,821,nan,48.09601930706147,nan
ibu,822,nan,48.83383058381459,nan
ibu,823,18,26.624312955235247,18
ibu,824,65,58.63532896193704,65
ibu,825,nan,47.03021375396644,nan
ibu,826,nan,43.392975271009846,nan
ibu,827,nan,44.23036495862474,nan
ibu,828,nan,45.05160686087641,nan
ibu,829,nan,46.01933616197678,nan
ibu,830,nan,45.3814376269272,nan
ibu,831,nan,45.40229507847364,nan
ibu,832,nan,40.38835884606229,nan
ibu,833,nan,46.2101776753726,nan
ibu,834,nan,46.728597663849,nan
ibu,835,nan,47.66399851929561,nan
ibu,836,97,74.69727369097012,97
ibu,837,nan,51.07750893754412,nan
ibu,838,19,39.03430552064366,19
ibu,839,16,38.75707832519901,16
ibu,840,17,26.408428940356377,17
ibu,841,42,48.77781744286562,42
ibu,842,50,42.73460538558506,50
ibu,843,65,59.31382485737909,65
ibu,844,42,46.84838652515661,42
ibu,845,73,61.93360384993173,73
ibu,846,40,46.84199998164526,40
ibu,847,20,37.59376061699289,20
ibu,848,nan,47.12755917891657,nan
ibu,849,nan,51.16881643659215,nan
ibu,850,nan,52.30617913365057,nan
ibu,851,90,64.80672747858532,90
ibu,852,nan,48.69288583626215,nan
ibu,853,17,26.13076382220397,17
ibu,854,21,38.00521337546958,21
ibu,855,nan,48.45881225724017,nan
ibu,856,9,22.338910305916126,9
ibu,857,47,49.56399439461069,47
ibu,858,21,25.16310293372493,21
ibu,859,nan,44.15623517237454,nan
ibu,860,nan,48.59347615263635,nan
ibu,861,28,40.39808572798234,28
ibu,862,36,45.09637206563608,36
ibu,863,70,58.98456433305812,70
ibu,864,nan,51.12766317244438,nan
ibu,865,69,61.16626494843487,69
ibu,866,18,26.036977082531784,18
ibu,867,27,39.028021800892496,27
ibu,868,33,44.620680675051695,33
ibu,869,nan,36.10484962869374,nan
ibu,870,20,30.39239165181656,20
ibu,871,nan,48.7154099749334,nan
ibu,872,10,22.58658365860648,10
ibu,873,70,56.41684447773595,70
ibu,874,5,27.22178700489952,5
ibu,875,nan,48.59544864827504,nan
ibu,876,nan,48.44688306243256,nan
ibu,877,nan,48.43566298287948,nan
ibu,878,35,36.23019220202082,35
ibu,879,45,49.46488335051149,45
ibu,880,30,42.153213985914014,30
ibu,881,80,62.32225636131339,80
ibu,882,32,37.49348000382859,32
ibu,883,24,30.85264718868011,24
ibu,884,42,44.96299490103972,42
ibu,885,73,58.25500394616145,73
ibu,886,nan,46.62231599385995,nan
ibu,887,50,50.91036256568211,50
ibu,888,15,34.67532653089114,15
ibu,889,26,41.08380755293028,26
ibu,890,70,57.86215163721222,70
ibu,891,75,61.915991901333896,75
ibu,892,35,33.728668726814085,35
ibu,893,74,62.69860443261122,74
ibu,894,70,61.18328699179496,70
ibu,895,92,69.54753205556193,92
ibu,896,60,56.90978568064722,60
ibu,897,15,30.510788090969257,15
ibu,898,65,58.8635895164288,65
ibu,899,60,56.520761201240646,60
ibu,900,nan,40.89147345638607,nan
ibu,901,20,39.01683490350904,20
ibu,902,70,62.02106385592917,70
ibu,903,70,62.02169472680842,70
ibu,904,60,57.8131518140897,60
ibu,905,15,24.57860516066525,15
ibu,906,11,29.79070633420509,11
ibu,907,70,62.04016695387794,70
ibu,908,18,31.716797732818232,18
ibu,909,36,44.085466821838416,36
ibu,910,103,73.53378392706966,103
ibu,911,54,50.05623549470856,54
ibu,912,64,60.57246961337816,64
ibu,913,36,45.71235644041649,36
ibu,914,40,47.01472423525522,40
ibu,915,55,54.5191996205871,55
ibu,916,30,39.06474012469043,30
ibu,917,30,42.18349461035575,30
ibu,918,18,33.20449777675435,18
ibu,919,18,35.12253696887235,18
ibu,920,20,38.9635091086431,20
ibu,921,19,36.272626871435,19
ibu,922,nan,47.65283292404574,nan
ibu,923,nan,47.61241171591176,nan
ibu,924,nan,47.930152292183806,nan
ibu,925,nan,47.59273714726392,nan
ibu,926,21,36.57875000143133,21
ibu,927,21,33.274212286162644,21
ibu,928,35,44.66885811292092,35
ibu,929,22,36.457910371419,22
ibu,930,18,30.64358067586128,18
ibu,931,33,40.33075972030227,33
ibu,932,60,58.41388345156682,60
ibu,933,27,35.80247403558272,27
ibu,934,22,37.59093152979023,22
ibu,935,33,40.79967969517332,33
ibu,936,25,32.95689078840324,25
ibu,937,36,43.97218883476414,36
ibu,938,18,31.84697015527929,18
ibu,939,27,37.01063273498529,27
ibu,940,25,39.79665275872257,25
ibu,941,13,26.09364567374492,13
ibu,942,65,61.391995464907,65
ibu,943,66,57.9597154090316,66
ibu,944,33,41.854342798605934,33
ibu,945,23,34.523244044725054,23
ibu,946,26,36.20089931040293,26
ibu,947,60,60.05859169040414,60
ibu,948,22,39.18924658927429,22
ibu,949,nan,49.60767564849601,nan
ibu,950,nan,42.01813019269236,nan
ibu,951,nan,49.40033870506172,nan
ibu,952,nan,47.65790119321332,nan
ibu,953,nan,39.4691750591201,nan
ibu,954,nan,47.63100602059298,nan
ibu,955,75,53.663111934010914,75
ibu,956,nan,40.61734736000368,nan
ibu,957,nan,47.65801384872747,nan
ibu,958,15,37.98485959648551,15
ibu,959,15,35.1368741240879,15
ibu,960,49,51.97763550805602,49
ibu,961,nan,49.02034796892085,nan
ibu,962,5,23.69038484420172,5
ibu,963,22,38.14360227664823,22
ibu,964,nan,48.3683666752895,nan
ibu,965,nan,48.43140624307021,nan
ibu,966,20,26.35123926618325,20
ibu,967,30,34.717059868522675,30
ibu,968,nan,37.92087945757574,nan
ibu,969,10,20.268642789948267,10
ibu,970,30,34.61094984457155,30
ibu,971,48,51.4845763240972,48
ibu,972,99,63.84898355260293,99
ibu,973,22,39.19378885960488,22
ibu,974,70,63.51409434913852,70
ibu,975,25,30.809859395436103,25
ibu,976,25,40.930371971625135,25
ibu,977,36,43.57342892185985,36
ibu,978,48,53.551197897970695,48
ibu,979,30,36.894445572879214,30
ibu,980,30,42.6133822147541,30
ibu,981,44,50.31638780111559,44
ibu,982,71,59.42710468790723,71
ibu,983,nan,47.06737368737984,nan
ibu,984,69,56.05239364804535,69
ibu,985,nan,46.94607155527486,nan
ibu,986,54,54.50605948141647,54
ibu,987,20,23.29714581959664,20
ibu,988,nan,51.57582319399579,nan
ibu,989,34,46.00372907187444,34
ibu,990,54,50.823970124302406,54
ibu,991,22,36.70635879404672,22
ibu,992,6,26.89039298996872,6
ibu,993,nan,39.57886957670332,nan
ibu,994,25,33.65055953814764,25
ibu,995,35,36.86641237473774,35
ibu,996,25,39.26569585014677,25
ibu,997,nan,45.732972399506224,nan
ibu,998,35,40.4647845516909,35
ibu,999,55,54.45953398304113,55
ibu,1000,nan,39.60305282385571,nan
ibu,1001,43,49.08981258791594,43
ibu,1002,67,55.91733894042917,67
ibu,1003,nan,48.67289378389261,nan
ibu,1004,nan,47.744158447976034,nan
ibu,1005,nan,48.27245709607429,nan
ibu,1006,nan,43.48686729238072,nan
ibu,1007,nan,45.89954115582295,nan
ibu,1008,nan,44.256698492299975,nan
ibu,1009,nan,47.68403235661949,nan
ibu,1010,nan,47.92533923896284,nan
ibu,1011,nan,47.1185483764101,nan
ibu,1012,40,48.02963735258999,40
ibu,1013,18,38.12305063361567,18
ibu,1014,17,26.9021665153386,17
ibu,1015,14,22.5172763476748,14
ibu,1016,70,58.18597192434071,70
ibu,1017,18,32.63294678503739,18
ibu,1018,55,51.486106800464,55
ibu,1019,15,27.77461997569789,15
ibu,1020,45,44.75611124242873,45
ibu,1021,nan,41.2995844426566,nan
ibu,1022,28,34.82954086904138,28
ibu,1023,42,44.658863725361805,42
ibu,1024,20,29.186939962004946,20
ibu,1025,30,35.27324792536069,30
ibu,1026,42,42.00000002872944,42
ibu,1027,28,37.038608990885066,28
ibu,1028,10,30.19226629991362,10
ibu,1029,28,38.775524334257966,28
ibu,1030,42,42.00000002872944,42
ibu,1031,nan,43.03556187766714,nan
ibu,1032,nan,44.4207869838515,nan
ibu,1033,nan,50.872092463383794,nan
ibu,1034,nan,49.89296119528204,nan
ibu,1035,nan,50.52477346497253,nan
ibu,1036,nan,50.79108208798563,nan
ibu,1037,nan,43.81764026818623,nan
ibu,1038,65,57.04853794706606,65
ibu,1039,40,48.48660908363013,40
ibu,1040,77,63.32024821076618,77
ibu,1041,45,44.99999998432822,45
ibu,1042,30,33.04355196439124,30
ibu,1043,nan,45.73638360847473,nan
ibu,1044,30,42.77916719593464,30
ibu,1045,86,66.49719597761458,86
ibu,1046,85,66.69731969089185,85
ibu,1047,21,40.34785570664528,21
ibu,1048,68,55.21901075861946,68
ibu,1049,22,37.38277035764876,22
ibu,1050,nan,42.32265981044102,nan
ibu,1051,nan,49.3969299540317,nan
ibu,1052,362,92.7459061955374,362
ibu,1053,34,44.03921190152525,34
ibu,1054,20,39.64573082918047,20
ibu,1055,60,55.360243904288126,60
ibu,1056,30,33.83531785860748,30
ibu,1057,nan,47.71274845200493,nan
ibu,1058,25,30.60327458117993,25
ibu,1059,28,41.7058028162894,28
ibu,1060,45,50.05194065685269,45
ibu,1061,20,37.23512199251968,20
ibu,1062,60,52.69238435760845,60
ibu,1063,70,57.777521537730266,70
ibu,1064,20,38.74212013085817,20
ibu,1065,13,31.138185903130665,13
ibu,1066,90,65.87205373367469,90
ibu,1067,90,66.42598458366552,90
ibu,1068,20,38.71408898099877,20
ibu,1069,nan,43.03556187766714,nan
ibu,1070,nan,43.03556187766714,nan
ibu,1071,40,40.00000005833025,40
ibu,1072,50,55.8363662534212,50
ibu,1073,nan,48.05527733795447,nan
ibu,1074,nan,48.602126457497526,nan
ibu,1075,21,29.07668175719455,21
ibu,1076,20,39.68363101173595,20
ibu,1077,20,39.04458380009844,20
ibu,1078,20,39.682599906539146,20
ibu,1079,20,39.044430998255606,20
ibu,1080,20,39.04409344136956,20
ibu,1081,20,39.04323234358503,20
ibu,1082,20,39.043416688971824,20
ibu,1083,20,39.043081999680695,20
ibu,1084,20,39.04222254052182,20
ibu,1085,20,39.04240442797012,20
ibu,1086,20,39.04154660743691,20
ibu,1087,20,39.04173218179295,20
ibu,1088,60,59.91730938596566,60
ibu,1089,35,46.49290471301814,35
ibu,1090,75,59.92302982814607,75
ibu,1091,70,57.0946292096414,70
ibu,1092,60,53.80545688719015,60
ibu,1093,60,55.837431360100446,60
ibu,1094,70,58.83932638627547,70
ibu,1095,32,43.19685021400032,32
ibu,1096,75,61.79148912365777,75
ibu,1097,nan,49.60807383453149,nan
ibu,1098,17,29.61424929134077,17
ibu,1099,nan,44.0720802743341,nan
ibu,1100,nan,48.318242754963954,nan
ibu,1101,nan,39.5125843011458,nan
ibu,1102,90,67.65383792488028,90
ibu,1103,22,24.630366068025523,22
ibu,1104,10,29.755590586303025,10
ibu,1105,27,39.46426327870309,27
ibu,1106,80,65.75359420743406,80
ibu,1107,45,49.836631799580616,45
ibu,1108,32,44.02447717475885,32
ibu,1109,42,47.98019100397501,42
ibu,1110,27,34.382510679882806,27
ibu,1111,58,53.75626288692687,58
ibu,1112,75,62.53374066629412,75
ibu,1113,20,31.30045326708888,20
ibu,1114,20,37.21860259758092,20
ibu,1115,55,55.6398049123296,55
ibu,1116,28,41.39271839483134,28
ibu,1117,nan,50.65585614398794,nan
ibu,1118,nan,52.56851408943723,nan
ibu,1119,18,28.25310522303324,18
ibu,1120,15,34.151464461768384,15
ibu,1121,80,63.90202586522962,80
ibu,1122,65,57.52935659734179,65
ibu,1123,45,50.77290153628365,45
ibu,1124,nan,48.121202935179525,nan
ibu,1125,nan,49.32443633550339,nan
ibu,1126,37,46.03155949009043,37
ibu,1127,nan,42.88165298958141,nan
ibu,1128,nan,49.10347217142091,nan
ibu,1129,nan,43.03556187766714,nan
ibu,1130,nan,43.03556187766714,nan
ibu,1131,nan,48.87342059908234,nan
ibu,1132,nan,50.042446459776414,nan
ibu,1133,nan,48.62055075476649,nan
ibu,1134,nan,45.38259408698702,nan
ibu,1135,nan,48.94352182414649,nan
ibu,1136,nan,49.15054415145399,nan
ibu,1137,nan,49.579585098456434,nan
ibu,1138,nan,49.68926404909588,nan
ibu,1139,15,27.807576014979578,15
ibu,1140,50,55.57587884806662,50
ibu,1141,90,70.22682923895191,90
ibu,1142,15,32.78470236538422,15
ibu,1143,nan,50.28203319483276,nan
ibu,1144,24,36.451409943424245,24
ibu,1145,16,28.611362867040405,16
ibu,1146,25,34.71830440471174,25
ibu,1147,40,47.54593717909047,40
ibu,1148,25,34.81209114438393,25
ibu,1149,20,34.27229671796525,20
ibu,1150,20,32.64561008414085,20
ibu,1151,85,67.78714176097833,85
ibu,1152,45,53.61082093124951,45
ibu,1153,15,31.018930824131925,15
ibu,1154,70,61.37194032544953,70
ibu,1155,19,31.403918549224137,19
ibu,1156,64,58.803902576749245,64
ibu,1157,23,34.90664312223952,23
ibu,1158,nan,39.069557684131965,nan
ibu,1159,15,33.77632078033094,15
ibu,1160,nan,48.58757464232047,nan
ibu,1161,nan,38.95509476587702,nan
ibu,1162,11,25.42561076451876,11
ibu,1163,65,58.92361892887138,65
ibu,1164,65,58.89112498202593,65
ibu,1165,50,53.62627153260128,50
ibu,1166,65,59.486375416669055,65
ibu,1167,11,24.372072782430205,11
ibu,1168,nan,37.95253442808308,nan
ibu,1169,nan,43.03556187766714,nan
ibu,1170,nan,45.03415099137274,nan
ibu,1171,nan,43.03556187766714,nan
ibu,1172,nan,43.03556187766714,nan
ibu,1173,nan,43.03556187766714,nan
ibu,1174,nan,43.03556187766714,nan
ibu,1175,nan,47.066341353213794,nan
ibu,1176,nan,40.9536482394745,nan
ibu,1177,70,61.82937742617722,70
ibu,1178,10,29.61767238034532,10
ibu,1179,nan,46.18457148666237,nan
ibu,1180,65,57.09196808156893,65
ibu,1181,11,29.876952118588186,11
ibu,1182,18,38.68808317245562,18
ibu,1183,18,38.700284379122856,18
ibu,1184,18,35.49194627981127,18
ibu,1185,18,36.165906459425386,18
ibu,1186,9,29.164707089044825,9
ibu,1187,nan,46.02160299574972,nan
ibu,1188,15,30.94605048994777,15
ibu,1189,100,75.93326936309133,100
ibu,1190,30,38.79948022209998,30
ibu,1191,28,38.55133699350151,28
ibu,1192,nan,42.35241264379896,nan
ibu,1193,nan,49.39326230014734,nan
ibu,1194,nan,49.85965940598602,nan
ibu,1195,nan,47.52951651134774,nan
ibu,1196,12,30.63630599724199,12
ibu,1197,9,30.97253641580941,9
ibu,1198,66,58.05471473169248,66
ibu,1199,95,70.90793218781964,95
ibu,1200,70,61.36782245916498,70
ibu,1201,nan,44.80570179010182,nan
ibu,1202,nan,46.994806740353226,nan
ibu,1203,nan,43.03556187766714,nan
ibu,1204,nan,43.03556187766714,nan
ibu,1205,nan,47.38562428588868,nan
ibu,1206,nan,44.86229070314221,nan
ibu,1207,30,42.24943126830402,30
ibu,1208,30,30.82470206666789,30
ibu,1209,40,48.27166277228541,40
ibu,1210,42,49.91781750792444,42
ibu,1211,20,34.84581078322336,20
ibu,1212,75,59.23813346087454,75
ibu,1213,40,48.32474154433305,40
ibu,1214,nan,49.089629471498384,nan
ibu,1215,nan,50.83338730597264,nan
ibu,1216,47,51.19632896143003,47
ibu,1217,11,26.454811878299264,11
ibu,1218,30,42.991938334129294,30
ibu,1219,42,44.13996157128483,42
ibu,1220,30,42.91266213675034,30
ibu,1221,33,45.82954459797286,33
ibu,1222,8,26.40341146858428,8
ibu,1223,30,29.99999979667789,30
ibu,1224,8,23.58709571432495,8
ibu,1225,20,29.852688169122025,20
ibu,1226,nan,46.84935823017322,nan
ibu,1227,nan,46.84044041967299,nan
ibu,1228,65,58.9849870984785,65
ibu,1229,55,51.7983403655479,55
ibu,1230,29,42.265159207048825,29
ibu,1231,nan,42.83868663734748,nan
ibu,1232,nan,49.49974920800035,nan
ibu,1233,nan,50.23213622416118,nan
ibu,1234,18,31.603626051583674,18
ibu,1235,31,41.261058100270645,31
ibu,1236,nan,49.91057314387987,nan
ibu,1237,20,36.30405653091403,20
ibu,1238,nan,43.03556187766714,nan
ibu,1239,nan,43.03556187766714,nan
ibu,1240,nan,49.61365949975133,nan
ibu,1241,32,44.89701359054221,32
ibu,1242,nan,48.80338328041896,nan
ibu,1243,nan,49.31465169202882,nan
ibu,1244,nan,49.90942938316892,nan
ibu,1245,18,36.37836820461254,18
ibu,1246,nan,40.13077795297282,nan
ibu,1247,18,33.196588130691666,18
ibu,1248,11,27.14007529771872,11
ibu,1249,40,47.37691294222165,40
ibu,1250,70,62.00109556363171,70
ibu,1251,32,39.29854005322713,32
ibu,1252,30,38.27561405641308,30
ibu,1253,20,35.896518039483595,20
ibu,1254,13,31.244567119628584,13
ibu,1255,20,35.6576711439129,20
ibu,1256,nan,42.95844861495284,nan
ibu,1257,nan,48.98472015049991,nan
ibu,1258,nan,42.68568872271481,nan
ibu,1259,nan,49.52340358872085,nan
ibu,1260,nan,46.4258292102359,nan
ibu,1261,nan,46.63495020735794,nan
ibu,1262,21,34.323494757411176,21
ibu,1263,nan,49.391919446418655,nan
ibu,1264,nan,46.58547968901448,nan
ibu,1265,18,32.90999250269016,18
ibu,1266,30,39.21199767759951,30
ibu,1267,14,31.0371384131573,14
ibu,1268,85,65.48728640373379,85
ibu,1269,93,67.6267301405805,93
ibu,1270,88,65.63011393217002,88
ibu,1271,25,42.11477756311117,25
ibu,1272,49,52.64287328327989,49
ibu,1273,44,50.11069931509564,44
ibu,1274,nan,46.94731691077676,nan
ibu,1275,nan,43.03556187766714,nan
ibu,1276,nan,46.53276223392496,nan
ibu,1277,nan,46.05779593519529,nan
ibu,1278,nan,41.304375784087576,nan
ibu,1279,nan,46.17957716047772,nan
ibu,1280,nan,48.459387414846965,nan
ibu,1281,20,33.584022323894835,20
ibu,1282,47,49.59698771262615,47
ibu,1283,35,43.22605323724216,35
ibu,1284,nan,49.23914423125464,nan
ibu,1285,nan,43.03556187766714,nan
ibu,1286,nan,41.55735930805862,nan
ibu,1287,nan,43.26078672450189,nan
ibu,1288,nan,43.03556187766714,nan
ibu,1289,60,53.21082093716967,60
ibu,1290,nan,46.92276702113285,nan
ibu,1291,60,60.76205040915652,60
ibu,1292,nan,48.2553645918108,nan
ibu,1293,nan,48.17776788331963,nan
ibu,1294,nan,48.20126987185372,nan
ibu,1295,nan,50.13246681836821,nan
ibu,1296,nan,48.2719610021556,nan
ibu,1297,12,32.21944205757748,12
ibu,1298,nan,50.27296749836668,nan
ibu,1299,nan,50.009252000461146,nan
ibu,1300,nan,47.85958938433985,nan
ibu,1301,nan,45.13636641178554,nan
ibu,1302,20,38.044178255047896,20
ibu,1303,nan,46.42132360415446,nan
ibu,1304,nan,38.99713944238403,nan
ibu,1305,nan,43.03556187766714,nan
ibu,1306,nan,43.0822086855484,nan
ibu,1307,24,39.27941811108325,24
ibu,1308,12,20.01709408757109,12
ibu,1309,68,61.23378124151975,68
ibu,1310,15,34.82250624908134,15
ibu,1311,18,35.3951370951085,18
ibu,1312,30,29.99999979667789,30
ibu,1313,65,60.33809370792183,65
ibu,1314,34,44.20485708745414,34
ibu,1315,21,25.35559392867613,21
ibu,1316,53,53.73773494658489,53
ibu,1317,nan,50.42599301360031,nan
ibu,1318,nan,50.42491643654144,nan
ibu,1319,nan,50.4249639566856,nan
ibu,1320,75,63.34771485408557,75
ibu,1321,75,62.43931322398872,75
ibu,1322,22,39.145489958608586,22
ibu,1323,27,40.35741667771722,27
ibu,1324,23,40.15839780779146,23
ibu,1325,42,49.31217327071748,42
ibu,1326,11,31.77987826624045,11
ibu,1327,30,43.58296387974943,30
ibu,1328,62,56.97069503506943,62
ibu,1329,16,34.773245884478825,16
ibu,1330,nan,49.87715009628498,nan
ibu,1331,61,57.770437759000416,61
ibu,1332,61,58.01484041487264,61
ibu,1333,12,29.6004569791573,12
ibu,1334,24,23.999999885480324,24
ibu,1335,70,62.61553758200927,70
ibu,1336,100,69.35466253808318,100
ibu,1337,85,63.927680188568615,85
ibu,1338,24,28.02835788195734,24
ibu,1339,100,69.36169551941755,100
ibu,1340,30,43.95102147813969,30
ibu,1341,28,34.11387766637045,28
ibu,1342,nan,49.55397133110253,nan
ibu,1343,nan,48.83789273682669,nan
ibu,1344,nan,49.1288356387052,nan
ibu,1345,nan,47.15568250146936,nan
ibu,1346,nan,40.93687977343536,nan
ibu,1347,8,25.39657759506804,8
ibu,1348,nan,49.13411692920862,nan
ibu,1349,nan,48.7026180437156,nan
ibu,1350,nan,49.32080596035281,nan
ibu,1351,nan,49.663840362318574,nan
ibu,1352,nan,38.39202571023463,nan
ibu,1353,nan,43.31780782506021,nan
ibu,1354,nan,51.62795279212965,nan
ibu,1355,80,62.93247400273849,80
ibu,1356,24,41.718400980022864,24
ibu,1357,51,53.82301066457703,51
ibu,1358,20,28.903869017798925,20
ibu,1359,nan,41.856643838689536,nan
ibu,1360,18,29.328030547241152,18
ibu,1361,24,36.47817689358665,24
ibu,1362,nan,51.73668543645022,nan
ibu,1363,nan,48.32969592901723,nan
ibu,1364,nan,43.57550547022797,nan
ibu,1365,nan,49.56638473979278,nan
ibu,1366,nan,49.87350825075477,nan
ibu,1367,nan,49.57719270499227,nan
ibu,1368,nan,50.54121461553601,nan
ibu,1369,nan,49.57461965304905,nan
ibu,1370,nan,49.56950796030148,nan
ibu,1371,nan,53.3865725516872,nan
ibu,1372,nan,43.48814583005223,nan
ibu,1373,nan,51.12907566776363,nan
ibu,1374,nan,51.12513395373757,nan
ibu,1375,nan,51.93470843163088,nan
ibu,1376,66,64.88572726029818,66
ibu,1377,44,53.55383608528392,44
ibu,1378,75,63.02053046847631,75
ibu,1379,nan,50.74738076093597,nan
ibu,1380,nan,49.908370421335896,nan
ibu,1381,nan,47.07492939029988,nan
ibu,1382,nan,50.33963334473383,nan
ibu,1383,nan,46.4999372846961,nan
ibu,1384,nan,51.58622682831359,nan
ibu,1385,nan,49.601512777387306,nan
ibu,1386,85,64.83930007946246,85
ibu,1387,75,60.99429446262867,75
ibu,1388,50,55.22425845729685,50
ibu,1389,75,61.8157981353296,75
ibu,1390,30,31.075600234657884,30
ibu,1391,46,52.9034917786873,46
ibu,1392,40,49.740695183042,40
ibu,1393,115,75.14588023801397,115
ibu,1394,nan,43.03556187766714,nan
ibu,1395,nan,51.85030610111572,nan
ibu,1396,nan,51.76334341800621,nan
ibu,1397,nan,51.36531550990865,nan
ibu,1398,28,41.94188248277612,28
ibu,1399,49,44.9512066280389,49
ibu,1400,18,34.202678068158086,18
ibu,1401,24,37.43314007182337,24
ibu,1402,14,33.123548030505624,14
ibu,1403,24,27.11999230162502,24
ibu,1404,35,43.86142926170872,35
ibu,1405,21,40.72388998112915,21
ibu,1406,nan,43.03556187766714,nan
ibu,1407,nan,48.25304224959361,nan
ibu,1408,21,40.93981250371104,21
ibu,1409,70,57.106994278874666,70
ibu,1410,nan,52.01790145640868,nan
ibu,1411,nan,37.84690288282479,nan
ibu,1412,nan,49.03042633604506,nan
ibu,1413,nan,41.76931144066539,nan
ibu,1414,nan,45.88601921687344,nan
ibu,1415,nan,42.64725434819404,nan
ibu,1416,nan,49.937936553782656,nan
ibu,1417,nan,49.44714195048649,nan
ibu,1418,nan,49.50103880639508,nan
ibu,1419,10,31.04408536664451,10
ibu,1420,14,32.70512906469022,14
ibu,1421,10,23.832563476876427,10
ibu,1422,30,44.380319689370815,30
ibu,1423,30,38.74496068844044,30
ibu,1424,35,38.28843138632861,35
ibu,1425,24,36.79545169051473,24
ibu,1426,22,35.65089870405853,22
ibu,1427,24,41.8242832350072,24
ibu,1428,22,40.77712769986584,22
ibu,1429,32,44.51853612519871,32
ibu,1430,15,32.509741798884285,15
ibu,1431,nan,52.31677039060648,nan
ibu,1432,nan,52.032514720048,nan
ibu,1433,86,65.56177341037795,86
ibu,1434,86,65.9674856535099,86
ibu,1435,nan,51.99964880517764,nan
ibu,1436,nan,51.91943316322477,nan
ibu,1437,11,29.916893619060097,11
ibu,1438,65,57.642546303458616,65
ibu,1439,10,30.09091976075724,10
ibu,1440,15,32.522176509708125,15
ibu,1441,29,40.26879160887525,29
ibu,1442,nan,49.50431933496717,nan
ibu,1443,nan,45.8683282045875,nan
ibu,1444,40,48.42056755363959,40
ibu,1445,70,60.46130688720324,70
ibu,1446,29,41.76816235442105,29
ibu,1447,21,33.28004415488796,21
ibu,1448,nan,47.45911500813133,nan
ibu,1449,nan,51.67300188878498,nan
ibu,1450,nan,50.50203835324751,nan
ibu,1451,nan,49.38853445546072,nan
ibu,1452,18,34.903397824119125,18
ibu,1453,29,41.517658890387,29
ibu,1454,18,35.840605674012735,18
ibu,1455,29,43.02389020312347,29
ibu,1456,70,62.77479560994219,70
ibu,1457,18,35.29642628532685,18
ibu,1458,70,62.50806831807286,70
ibu,1459,nan,43.03556187766714,nan
ibu,1460,18,36.77167932874668,18
ibu,1461,6,31.080653756194515,6
ibu,1462,nan,50.34190693783761,nan
ibu,1463,nan,50.198523095989685,nan
ibu,1464,nan,50.42088869466821,nan
ibu,1465,nan,49.692107474273065,nan
ibu,1466,85,65.54468909924277,85
ibu,1467,nan,51.47284949955865,nan
ibu,1468,85,66.52289945972339,85
ibu,1469,nan,49.64698095255528,nan
ibu,1470,nan,50.16204646947666,nan
ibu,1471,nan,49.88189268860255,nan
ibu,1472,nan,49.408811219038746,nan
ibu,1473,nan,50.68923904525416,nan
ibu,1474,nan,51.59490908637514,nan
ibu,1475,nan,51.3855033780446,nan
ibu,1476,nan,48.906732220132334,nan
ibu,1477,nan,50.30727622313101,nan
ibu,1478,20,30.84772066063216,20
ibu,1479,30,42.75484917182168,30
ibu,1480,50,52.6810049217099,50
ibu,1481,nan,48.97476181270533,nan
ibu,1482,nan,44.89278143011784,nan
ibu,1483,35,42.38066306225453,35
ibu,1484,nan,49.9806088239176,nan
ibu,1485,nan,37.65152462945999,nan
ibu,1486,nan,49.806711723991214,nan
ibu,1487,nan,52.10005641183062,nan
ibu,1488,31,38.22584162129168,31
ibu,1489,80,66.85851129710402,80
ibu,1490,nan,48.31901127039868,nan
ibu,1491,nan,49.99355560526031,nan
ibu,1492,nan,48.34353862893975,nan
ibu,1493,nan,48.3684805597729,nan
ibu,1494,50,54.46962709779628,50
ibu,1495,26,32.35359552108045,26
ibu,1496,19,31.26624859505398,19
ibu,1497,38,38.375665671641336,38
ibu,1498,25,36.96025400836956,25
ibu,1499,47,43.46456313920437,47
ibu,1500,nan,51.549918980243575,nan
ibu,1501,nan,50.81809810924841,nan
ibu,1502,42,50.04855279829984,42
ibu,1503,nan,48.70877886654223,nan
ibu,1504,nan,53.90250858849066,nan
ibu,1505,nan,50.14028060482976,nan
ibu,1506,nan,43.03556187766714,nan
ibu,1507,nan,39.66157265240866,nan
ibu,1508,66,58.1801400556154,66
ibu,1509,7,30.5888456629274,7
ibu,1510,70,59.66160021303677,70
ibu,1511,24,34.606111802309265,24
ibu,1512,27,36.08010228465776,27
ibu,1513,70,61.59479505388768,70
ibu,1514,25,32.179003234217646,25
ibu,1515,27,34.45594896610432,27
ibu,1516,35,38.68490587730013,35
ibu,1517,35,44.23461248116467,35
ibu,1518,nan,51.136633828622166,nan
ibu,1519,nan,49.13296415605654,nan
ibu,1520,nan,52.57417963765802,nan
ibu,1521,nan,42.75406324598932,nan
ibu,1522,72,59.959608868762864,72
ibu,1523,29,34.29492777696083,29
ibu,1524,36,45.01069898092129,36
ibu,1525,nan,45.461514805011774,nan
ibu,1526,nan,45.41385558250766,nan
ibu,1527,nan,45.48165433369075,nan
ibu,1528,nan,43.03556187766714,nan
ibu,1529,19,24.223985265624144,19
ibu,1530,26,44.59724750879535,26
ibu,1531,29,33.21122925096722,29
ibu,1532,45,53.3622102846814,45
ibu,1533,26,43.57226918454871,26
ibu,1534,23,29.92626164196052,23
ibu,1535,nan,48.1010916727932,nan
ibu,1536,65,60.08739709088806,65
ibu,1537,nan,48.13065575695788,nan
ibu,1538,nan,48.1309683248026,nan
ibu,1539,20,30.676331886935408,20
ibu,1540,nan,48.48948077509995,nan
ibu,1541,nan,50.657317798077,nan
ibu,1542,nan,50.29765011668908,nan
ibu,1543,nan,50.67719350802466,nan
ibu,1544,nan,50.47856176341116,nan
ibu,1545,nan,49.1304693484886,nan
ibu,1546,nan,50.242789748892186,nan
ibu,1547,nan,49.2544231865685,nan
ibu,1548,nan,45.74498803181741,nan
ibu,1549,nan,44.13617859911962,nan
ibu,1550,nan,41.506509476565526,nan
ibu,1551,nan,41.51506023491783,nan
ibu,1552,35,45.87872569405906,35
ibu,1553,nan,50.70443893687989,nan
ibu,1554,nan,39.285180338218,nan
ibu,1555,166,81.52471237701052,166
ibu,1556,nan,48.20515669192015,nan
ibu,1557,nan,50.50956456090566,nan
ibu,1558,nan,46.09516028715982,nan
ibu,1559,nan,49.22089198968002,nan
ibu,1560,65,58.04171551432864,65
ibu,1561,65,58.36430683221184,65
ibu,1562,35,44.50773410001724,35
ibu,1563,nan,50.81603507954199,nan
ibu,1564,nan,50.50322799547695,nan
ibu,1565,65,59.31106213451568,65
ibu,1566,nan,50.85041016864557,nan
ibu,1567,65,58.793505496934095,65
ibu,1568,65,58.865519817456736,65
ibu,1569,85,67.18096333180608,85
ibu,1570,65,58.94641385043301,65
ibu,1571,65,58.94751828412811,65
ibu,1572,85,67.7445538800649,85
ibu,1573,nan,49.57981122879757,nan
ibu,1574,nan,49.28248874756676,nan
ibu,1575,70,60.72667411977445,70
ibu,1576,nan,50.717890414926,nan
ibu,1577,60,57.90002355347506,60
ibu,1578,85,67.4113524610307,85
ibu,1579,98,62.82437714517414,98
ibu,1580,35,34.99999972267586,35
ibu,1581,100,72.06867233786195,100
ibu,1582,35,42.4166227023717,35
ibu,1583,85,68.01658048731991,85
ibu,1584,65,59.74385594393682,65
ibu,1585,85,67.13275988075452,85
ibu,1586,98,62.70948818424751,98
ibu,1587,98,62.734444453055175,98
ibu,1588,35,40.69435211497503,35
ibu,1589,35,34.17064703306169,35
ibu,1590,35,34.1705577279632,35
ibu,1591,65,58.90407176336864,65
ibu,1592,65,58.87556623138056,65
ibu,1593,65,58.90629373976412,65
ibu,1594,65,58.94142751254846,65
ibu,1595,65,58.90851080028262,65
ibu,1596,nan,49.71871138118226,nan
ibu,1597,60,57.44088392068623,60
ibu,1598,85,68.48653177221597,85
ibu,1599,98,63.574113929827135,98
ibu,1600,85,69.98672633681252,85
ibu,1601,35,40.98513852810297,35
ibu,1602,65,60.96435841043909,65
ibu,1603,65,59.83999575005733,65
ibu,1604,45,46.86922861458748,45
ibu,1605,55,56.303018984862895,55
ibu,1606,39,48.39790863800777,39
ibu,1607,nan,49.97427635505304,nan
ibu,1608,nan,50.12847102969536,nan
ibu,1609,23,30.924596783489164,23
ibu,1610,48,51.5175520268868,48
ibu,1611,22,29.71389247912318,22
ibu,1612,28,39.855590027162506,28
ibu,1613,24,37.99647417516633,24
ibu,1614,35,45.124987385543406,35
ibu,1615,65,59.60778119184705,65
ibu,1616,nan,43.03556187766714,nan
ibu,1617,35,34.99999972267586,35
ibu,1618,25,38.9419902668145,25
ibu,1619,nan,42.37570580997544,nan
ibu,1620,nan,50.0123063986921,nan
ibu,1621,61,53.9209947438783,61
ibu,1622,12,26.742919957785304,12
ibu,1623,17,34.332240102560654,17
ibu,1624,77,62.65798781836723,77
ibu,1625,62,56.20535279893974,62
ibu,1626,nan,49.707523664485976,nan
ibu,1627,nan,43.55975080140209,nan
ibu,1628,10,32.85509362719025,10
ibu,1629,15,35.41641874587277,15
ibu,1630,nan,50.58404501304718,nan
ibu,1631,65,57.75295198457844,65
ibu,1632,40,47.64751681274704,40
ibu,1633,35,45.24336907706516,35
ibu,1634,nan,50.22043070175621,nan
ibu,1635,nan,50.16045782189892,nan
ibu,1636,nan,50.53576618521523,nan
ibu,1637,nan,50.29657272031737,nan
ibu,1638,nan,50.1621939457861,nan
ibu,1639,nan,50.16042013350873,nan
ibu,1640,nan,50.160709350937786,nan
ibu,1641,12,30.7985217444919,12
ibu,1642,25,43.88998722971793,25
ibu,1643,20,35.24106449807788,20
ibu,1644,74,61.232255681029926,74
ibu,1645,60,53.77811314079528,60
ibu,1646,nan,50.9358972693479,nan
ibu,1647,nan,51.9440354888898,nan
ibu,1648,75,62.09755981763297,75
ibu,1649,nan,42.39301809490563,nan
ibu,1650,nan,50.38025897141894,nan
ibu,1651,20,31.84781650543288,20
ibu,1652,nan,49.45870859936674,nan
ibu,1653,24,33.88814960783681,24
ibu,1654,18,31.915068160473616,18
ibu,1655,25,35.5836011674993,25
ibu,1656,18,32.380720510949644,18
ibu,1657,20,33.98640733762336,20
ibu,1658,70,64.16488600054043,70
ibu,1659,nan,50.0107595360687,nan
ibu,1660,51,51.0000003051822,51
ibu,1661,31,42.3513202949681,31
ibu,1662,nan,49.51727594806384,nan
ibu,1663,nan,51.30551386643286,nan
ibu,1664,nan,49.89550434230696,nan
ibu,1665,nan,48.74454924539563,nan
ibu,1666,45,50.99683693834483,45
ibu,1667,nan,50.60280072235596,nan
ibu,1668,nan,50.26231479294852,nan
ibu,1669,nan,50.59601353487064,nan
ibu,1670,14,33.62653400871506,14
ibu,1671,17,31.49287543976234,17
ibu,1672,15,32.79161818498388,15
ibu,1673,21,36.188966838344,21
ibu,1674,68,60.92604242662228,68
ibu,1675,21,36.85681576355769,21
ibu,1676,14,33.90794830237843,14
ibu,1677,18,34.64574278321853,18
ibu,1678,18,34.295635663246124,18
ibu,1679,35,43.193745018373896,35
ibu,1680,30,41.35766081814021,30
ibu,1681,nan,41.47659370236848,nan
ibu,1682,60,54.2115492914753,60
ibu,1683,5,22.47283026526249,5
ibu,1684,25,32.649031534519736,25
ibu,1685,85,67.9417854190516,85
ibu,1686,21,31.876832469314166,21
ibu,1687,nan,49.51257555035703,nan
ibu,1688,52,53.36154500266329,52
ibu,1689,50,50.00000031998261,50
ibu,1690,21,32.94420618716619,21
ibu,1691,55,54.79524741521271,55
ibu,1692,55,54.088576990165976,55
ibu,1693,nan,43.03556187766714,nan
ibu,1694,17,34.42527880961888,17
ibu,1695,45,52.476916553647314,45
ibu,1696,nan,50.05582092241649,nan
ibu,1697,25,42.19281593242486,25
ibu,1698,18,26.87405753076033,18
ibu,1699,nan,47.7824080674536,nan
ibu,1700,44,53.49340520955455,44
ibu,1701,44,51.88778638584573,44
ibu,1702,27,40.05551956329903,27
ibu,1703,nan,42.32278926186819,nan
ibu,1704,nan,42.3217774105229,nan
ibu,1705,nan,42.320768836428925,nan
ibu,1706,16,23.75408641674922,16
ibu,1707,40,47.98212949813124,40
ibu,1708,60,48.948350853967646,60
ibu,1709,100,74.15712368278312,100
ibu,1710,100,72.62322586560374,100
ibu,1711,25,38.433081066499184,25
ibu,1712,100,73.27853848520266,100
ibu,1713,nan,51.13133287461081,nan
ibu,1714,nan,51.14639102511693,nan
ibu,1715,nan,51.52158878120117,nan
ibu,1716,nan,52.06255810221835,nan
ibu,1717,nan,37.30189680749324,nan
ibu,1718,nan,51.48756435798892,nan
ibu,1719,nan,50.72204105372376,nan
ibu,1720,nan,50.588180904214,nan
ibu,1721,40,47.80261068322049,40
ibu,1722,nan,43.03556187766714,nan
ibu,1723,15,31.66052814695341,15
ibu,1724,31,30.999999781877484,31
ibu,1725,25,36.815094715618606,25
ibu,1726,28,27.999999826278703,28
ibu,1727,70,62.76934062511876,70
ibu,1728,14,30.69944224393666,14
ibu,1729,42,50.22371614620529,42
ibu,1730,42,48.556241661755394,42
ibu,1731,60,56.50578743995604,60
ibu,1732,35,44.09701565066461,35
ibu,1733,21,31.680421062470494,21
ibu,1734,45,44.99999998432822,45
ibu,1735,75,63.02195443417519,75
ibu,1736,25,40.26260661632012,25
ibu,1737,nan,51.6253817884685,nan
ibu,1738,nan,47.81118765958337,nan
ibu,1739,nan,52.07762362653994,nan
ibu,1740,nan,37.7080383705482,nan
ibu,1741,nan,52.94867442333395,nan
ibu,1742,55,56.42884904932393,55
ibu,1743,60,54.62062071721104,60
ibu,1744,100,70.68051716416863,100
ibu,1745,nan,42.17731658195969,nan
ibu,1746,nan,44.086515132604646,nan
ibu,1747,nan,49.630687687957646,nan
ibu,1748,nan,41.05210076088644,nan
ibu,1749,nan,45.37688634415548,nan
ibu,1750,nan,45.44751643565152,nan
ibu,1751,nan,50.88114341221893,nan
ibu,1752,nan,45.57515595249804,nan
ibu,1753,nan,43.03556187766714,nan
ibu,1754,nan,45.17388520421856,nan
ibu,1755,nan,44.52638104554781,nan
ibu,1756,nan,43.03556187766714,nan
ibu,1757,nan,43.03556187766714,nan
ibu,1758,nan,48.72841410817423,nan
ibu,1759,nan,52.64069636909007,nan
ibu,1760,nan,50.26994423402327,nan
ibu,1761,nan,52.03562892811557,nan
ibu,1762,nan,53.443801552876174,nan
ibu,1763,nan,53.33833141224543,nan
ibu,1764,nan,43.88548715399809,nan
ibu,1765,nan,52.687711816537856,nan
ibu,1766,nan,51.715224356176144,nan
ibu,1767,nan,52.50314767321878,nan
ibu,1768,78,61.72563603561818,78
ibu,1769,80,63.23636204733404,80
ibu,1770,nan,50.389486072512575,nan
ibu,1771,36,36.83867863543571,36
ibu,1772,nan,47.937504805521954,nan
ibu,1773,nan,49.80787883511782,nan
ibu,1774,40,44.01007918556566,40
ibu,1775,nan,46.25064456019687,nan
ibu,1776,nan,46.23600692200085,nan
ibu,1777,28,37.10897567330619,28
ibu,1778,35,47.51137979288217,35
ibu,1779,55,56.36269773141415,55
ibu,1780,42,50.52752881402047,42
ibu,1781,55,58.42940942969897,55
ibu,1782,35,49.06170442265051,35
ibu,1783,15,22.73927407489257,15
ibu,1784,66,56.69865695743479,66
ibu,1785,40,49.42398776024882,40
ibu,1786,22,30.94337133699304,22
ibu,1787,20,36.53480288053261,20
ibu,1788,25,29.43926045706815,25
ibu,1789,99,72.692559394546,99
ibu,1790,nan,43.68058602760796,nan
ibu,1791,15,34.83570783671424,15
ibu,1792,nan,43.03556187766714,nan
ibu,1793,nan,43.03556187766714,nan
ibu,1794,20,36.019831994243106,20
ibu,1795,15,32.620588270306754,15
ibu,1796,85,67.36622143309235,85
ibu,1797,20,35.94325737850761,20
ibu,1798,45,44.99999998432822,45
ibu,1799,nan,43.03556187766714,nan
ibu,1800,20,35.40765291790253,20
ibu,1801,45,44.99999998432822,45
ibu,1802,85,67.73893175542412,85
ibu,1803,15,32.72243377097672,15
ibu,1804,45,44.99999998432822,45
ibu,1805,20,36.93662584565962,20
ibu,1806,20,34.59896002061451,20
ibu,1807,65,60.399065330119136,65
ibu,1808,88,65.89280692766347,88
ibu,1809,nan,51.06928795260596,nan
ibu,1810,nan,50.12436791104175,nan
ibu,1811,30,39.97598558962088,30
ibu,1812,95,68.4534102317426,95
ibu,1813,nan,47.54702194927764,nan
ibu,1814,nan,47.61052442880741,nan
ibu,1815,nan,46.11080752359085,nan
ibu,1816,nan,48.8767326711984,nan
ibu,1817,nan,51.41907144401044,nan
ibu,1818,11,28.57962760387571,11
ibu,1819,nan,46.84483029781716,nan
ibu,1820,nan,46.87170498761673,nan
ibu,1821,nan,47.024182792223385,nan
ibu,1822,45,51.88912022713329,45
ibu,1823,nan,47.73883209526695,nan
ibu,1824,30,44.97511171848544,30
ibu,1825,30,45.233621302667935,30
ibu,1826,16,34.55286548078785,16
ibu,1827,17,35.27639080937732,17
ibu,1828,nan,48.17335055819565,nan
ibu,1829,60,55.113279257195884,60
ibu,1830,nan,50.06337416739803,nan
ibu,1831,nan,50.06357735697992,nan
ibu,1832,105,71.38879671961386,105
ibu,1833,55,58.104253662657264,55
ibu,1834,40,42.14329149305576,40
ibu,1835,20,30.59869134520783,20
ibu,1836,40,42.75587167423376,40
ibu,1837,53,54.89013858858,53
ibu,1838,68,60.53107465194549,68
ibu,1839,nan,52.393428576250656,nan
ibu,1840,nan,50.46934531338432,nan
ibu,1841,65,56.73406192276592,65
ibu,1842,nan,50.8985202180345,nan
ibu,1843,nan,45.935576172720495,nan
ibu,1844,nan,51.43479979241165,nan
ibu,1845,nan,45.11315978552674,nan
ibu,1846,65,58.34616396890004,65
ibu,1847,nan,43.3838075700964,nan
ibu,1848,nan,41.09471629360789,nan
ibu,1849,37,46.03697944929037,37
ibu,1850,26,39.104118757248,26
ibu,1851,28,40.155261068621066,28
ibu,1852,65,61.69004836352592,65
ibu,1853,37,37.00000010273146,37
ibu,1854,nan,42.65522185822535,nan
ibu,1855,nan,51.29970657709245,nan
ibu,1856,nan,51.43288587764032,nan
ibu,1857,nan,51.173869138815945,nan
ibu,1858,52,52.81864292267968,52
ibu,1859,16,28.556083830387287,16
ibu,1860,nan,47.52602910628602,nan
ibu,1861,7,24.78220276034255,7
ibu,1862,62,59.74296289295191,62
ibu,1863,50,50.00000031998261,50
ibu,1864,111,76.76651706590023,111
ibu,1865,70,60.38231365999301,70
ibu,1866,74,64.2552611215877,74
ibu,1867,42,45.76834786957546,42
ibu,1868,34,38.48734292627362,34
ibu,1869,57,48.867995109520805,57
ibu,1870,62,58.928813372214805,62
ibu,1871,85,67.2422987289,85
ibu,1872,47,54.982802050362,47
ibu,1873,11,27.419070979907342,11
ibu,1874,35,41.60237809013923,35
ibu,1875,103,74.96084335119187,103
ibu,1876,69,62.79308431093775,69
ibu,1877,48,49.00347422118303,48
ibu,1878,42,48.05977167848449,42
ibu,1879,34,45.83496906339336,34
ibu,1880,57,52.88455008536607,57
ibu,1881,62,63.19710713101384,62
ibu,1882,nan,49.91409127317272,nan
ibu,1883,nan,43.03556187766714,nan
ibu,1884,65,58.97205342614107,65
ibu,1885,15,33.32433866442668,15
ibu,1886,nan,43.03556187766714,nan
ibu,1887,nan,43.03556187766714,nan
ibu,1888,nan,43.03556187766714,nan
ibu,1889,18,35.77026930616633,18
ibu,1890,nan,43.03556187766714,nan
ibu,1891,nan,43.03556187766714,nan
ibu,1892,58,53.2637559198156,58
ibu,1893,65,60.52732711506019,65
ibu,1894,39,48.75358626591266,39
ibu,1895,92,67.9573802194615,92
ibu,1896,nan,47.87431284555483,nan
ibu,1897,nan,40.66691865382526,nan
ibu,1898,nan,43.03556187766714,nan
ibu,1899,70,56.54016498699811,70
ibu,1900,16,32.191931171365255,16
ibu,1901,25,37.05979396273536,25
ibu,1902,nan,50.917017843801766,nan
ibu,1903,18,33.68352458987045,18
ibu,1904,16,32.92371435397023,16
ibu,1905,90,66.60861269076686,90
ibu,1906,25,38.97196195911221,25
ibu,1907,113,73.62399682417654,113
ibu,1908,21,36.18006746238244,21
ibu,1909,11,31.81846298466556,11
ibu,1910,44,50.74431079576124,44
ibu,1911,40,40.00000005833025,40
ibu,1912,88,63.49077015148859,88
ibu,1913,35,46.41008017418572,35
ibu,1914,33,35.61230743113078,33
ibu,1915,nan,44.81046343144269,nan
ibu,1916,55,51.52640552132987,55
ibu,1917,36,46.183572334665946,36
ibu,1918,22,34.33877166444295,22
ibu,1919,18,31.91340905199248,18
ibu,1920,32,39.88419469600304,32
ibu,1921,60,64.64461168750069,60
ibu,1922,nan,43.03556187766714,nan
ibu,1923,nan,43.03556187766714,nan
ibu,1924,100,72.34840212434645,100
ibu,1925,100,72.34930009120833,100
ibu,1926,nan,45.5649546884493,nan
ibu,1927,nan,43.03556187766714,nan
ibu,1928,nan,43.03556187766714,nan
ibu,1929,nan,44.395271534037214,nan
ibu,1930,nan,43.93056897195958,nan
ibu,1931,nan,48.71422115201679,nan
ibu,1932,100,73.86799146225934,100
ibu,1933,nan,43.03556187766714,nan
ibu,1934,32,31.99999976707708,32
ibu,1935,12,30.288455264803936,12
ibu,1936,nan,43.03556187766714,nan
ibu,1937,90,70.30823452313422,90
ibu,1938,100,72.79751992259636,100
ibu,1939,18,33.718882854370264,18
ibu,1940,40,51.20183638227458,40
ibu,1941,nan,39.54469112267899,nan
ibu,1942,22,36.53219254985561,22
ibu,1943,nan,47.208745706573225,nan
ibu,1944,32,39.86270330115424,32
ibu,1945,65,57.06855048225635,65
ibu,1946,72,60.02370371146886,72
ibu,1947,65,56.89925259490225,65
ibu,1948,45,46.17704814659912,45
ibu,1949,60,54.353760696663215,60
ibu,1950,20,37.82206459506465,20
ibu,1951,80,65.75434469798651,80
ibu,1952,40,43.08685336998276,40
ibu,1953,20,33.73847672070433,20
ibu,1954,60,56.56324339079898,60
ibu,1955,45,50.16698692584273,45
ibu,1956,nan,40.86764824894047,nan
ibu,1957,23,32.780101923842686,23
ibu,1958,110,75.82669970464246,110
ibu,1959,100,72.99356837385625,100
ibu,1960,110,76.39799015487944,110
ibu,1961,40,45.80231289260753,40
ibu,1962,20,31.38563804135687,20
ibu,1963,100,73.48527077576827,100
ibu,1964,nan,46.965373746241376,nan
ibu,1965,23,34.02396299913375,23
ibu,1966,50,55.73680171967048,50
ibu,1967,45,54.5076071633527,45
ibu,1968,20,33.84614098109433,20
ibu,1969,35,47.83303422654405,35
ibu,1970,nan,49.31186561874974,nan
ibu,1971,nan,48.95470995049919,nan
ibu,1972,nan,50.021196762212526,nan
ibu,1973,nan,48.51194633290384,nan
ibu,1974,nan,50.09831376304161,nan
ibu,1975,nan,51.192497854636045,nan
ibu,1976,nan,48.35974217878248,nan
ibu,1977,nan,43.03556187766714,nan
ibu,1978,nan,49.50470850856152,nan
ibu,1979,nan,43.03556187766714,nan
ibu,1980,nan,43.03556187766714,nan
ibu,1981,nan,43.03556187766714,nan
ibu,1982,nan,43.03556187766714,nan
ibu,1983,22,33.03369808898251,22
ibu,1984,22,33.29778637422579,22
ibu,1985,nan,43.03556187766714,nan
ibu,1986,nan,50.036305710114114,nan
ibu,1987,20,30.933645274385817,20
ibu,1988,52,56.3810700023184,52
ibu,1989,12,27.863992257841005,12
ibu,1990,52,61.05993780658374,52
ibu,1991,65,57.18374586618148,65
ibu,1992,17,34.29820666690727,17
ibu,1993,25,25.00000068999275,25
ibu,1994,65,60.41951210110943,65
ibu,1995,9,27.830211989852152,9
ibu,1996,9,27.83066097328309,9
ibu,1997,33,41.40597549090848,33
ibu,1998,9,27.90414350239745,9
ibu,1999,9,27.947413051585595,9
ibu,2000,64,52.060295979494185,64
ibu,2001,9,27.978181525610665,9
ibu,2002,9,27.978940209291423,9
ibu,2003,9,28.664764038686727,9
ibu,2004,nan,42.45656358835898,nan
ibu,2005,15,33.60299924766777,15
ibu,2006,7,28.5247369215041,7
ibu,2007,7,29.13674230352468,7
ibu,2008,7,29.23661162164822,7
ibu,2009,nan,51.94774861463624,nan
ibu,2010,13,32.5145208506228,13
ibu,2011,15,33.71772926190535,15
ibu,2012,32,42.208415648711735,32
ibu,2013,7,30.74637084422445,7
ibu,2014,33,42.916029102826016,33
ibu,2015,14,33.880052339136014,14
ibu,2016,9,31.692698465230936,9
ibu,2017,31,37.753572090742594,31
ibu,2018,nan,43.03556187766714,nan
ibu,2019,nan,43.03556187766714,nan
ibu,2020,nan,46.58800440150071,nan
ibu,2021,nan,51.67092001488346,nan
ibu,2022,25,33.07994747893407,25
ibu,2023,30,34.58544217822916,30
ibu,2024,70,61.17185921643942,70
ibu,2025,nan,51.90693536531301,nan
ibu,2026,8,28.02287176324637,8
ibu,2027,8,28.010285479548948,8
ibu,2028,13,30.684570077443,13
ibu,2029,49,54.50558346066213,49
ibu,2030,40,48.55722033093106,40
ibu,2031,55,59.49443909354382,55
ibu,2032,100,67.3532140226002,100
ibu,2033,29,41.4066082052416,29
ibu,2034,nan,40.30847092924149,nan
ibu,2035,23,36.36635216264493,23
ibu,2036,20,34.7302729265352,20
ibu,2037,23,28.674833393369795,23
ibu,2038,36,45.89706150554237,36
ibu,2039,30,32.660276603114134,30
ibu,2040,23,28.69025941533667,23
ibu,2041,75,61.887820648980544,75
ibu,2042,75,61.66333384938464,75
ibu,2043,75,61.67251998483677,75
ibu,2044,75,61.897308291554175,75
ibu,2045,nan,49.271619743561416,nan
ibu,2046,30,31.967766361711625,30
ibu,2047,55,49.45274809852709,55
ibu,2048,77,63.78916060699355,77
ibu,2049,50,53.79556941995538,50
ibu,2050,75,55.70867143295864,75
ibu,2051,23,36.64513523315413,23
ibu,2052,nan,50.07849704361774,nan
ibu,2053,nan,46.14373529657989,nan
ibu,2054,27,38.7906914533705,27
ibu,2055,23,36.83765695233646,23
ibu,2056,60,53.97667852106954,60
ibu,2057,nan,51.11060016344278,nan
ibu,2058,24,34.8742802654469,24
ibu,2059,23,36.44085227829438,23
ibu,2060,24,36.92937492711241,24
ibu,2061,24,35.87428434721065,24
ibu,2062,nan,50.99830924350068,nan
ibu,2063,91,70.21547356312543,91
ibu,2064,30,38.41065237777265,30
ibu,2065,77,64.87964795909815,77
ibu,2066,23,35.80486069385707,23
ibu,2067,60,54.85575694497378,60
ibu,2068,23,35.00895235397138,23
ibu,2069,20,34.563754148301115,20
ibu,2070,50,56.94080650302398,50
ibu,2071,nan,43.03556187766714,nan
ibu,2072,nan,43.03556187766714,nan
ibu,2073,nan,48.3569151398619,nan
ibu,2074,nan,42.50357596338366,nan
ibu,2075,85,69.49913852393374,85
ibu,2076,69,62.7911425395302,69
ibu,2077,90,72.00569995373333,90
ibu,2078,37,48.30716318756126,37
ibu,2079,34,43.165062514814494,34
ibu,2080,45,56.05974370344501,45
ibu,2081,45,56.06100626451634,45
ibu,2082,120,80.77924912807981,120
ibu,2083,20,37.16108601758854,20
ibu,2084,33,42.66333213351733,33
ibu,2085,99,74.82457524127418,99
ibu,2086,50,50.00000031998261,50
ibu,2087,10,30.68673715987886,10
ibu,2088,35,34.99999972267586,35
ibu,2089,38,38.73840126992192,38
ibu,2090,18,34.93188369259928,18
ibu,2091,nan,47.63676456082,nan
ibu,2092,35,39.80148834304637,35
ibu,2093,nan,44.03112282595275,nan
ibu,2094,nan,43.03556187766714,nan
ibu,2095,nan,43.03556187766714,nan
ibu,2096,95,67.94967867885768,95
ibu,2097,nan,41.41734284194279,nan
ibu,2098,44,53.53699592937213,44
ibu,2099,44,51.98257760304774,44
ibu,2100,28,38.19511943844152,28
ibu,2101,19,41.81258631538695,19
ibu,2102,19,38.44974752809097,19
ibu,2103,28,42.706369407518125,28
ibu,2104,34,35.736602103348034,34
ibu,2105,20,27.975885811060465,20
ibu,2106,35,46.84015898571581,35
ibu,2107,20,36.05598007631122,20
ibu,2108,20,35.804747628686506,20
ibu,2109,110,74.37393679841144,110
ibu,2110,12,31.34599804800647,12
ibu,2111,93,65.438099777286,93
ibu,2112,20,35.49627552880602,20
ibu,2113,20,34.71038328826943,20
ibu,2114,nan,51.35969502389352,nan
ibu,2115,nan,44.29020633877279,nan
ibu,2116,20,36.88859526961522,20
ibu,2117,16,32.827430348791616,16
ibu,2118,93,70.25114480512637,93
ibu,2119,22,42.13774986590054,22
ibu,2120,20,34.181088355769674,20
ibu,2121,60,57.63745509353179,60
ibu,2122,nan,51.01474220093586,nan
ibu,2123,nan,51.96032752451819,nan
ibu,2124,nan,54.59233476106145,nan
ibu,2125,80,63.84306155946629,80
ibu,2126,35,42.313543316579455,35
ibu,2127,nan,48.48068709049349,nan
ibu,2128,nan,43.06458157966321,nan
ibu,2129,22,34.63441250608979,22
ibu,2130,nan,52.27178847760322,nan
ibu,2131,nan,52.21773185569275,nan
ibu,2132,nan,52.12906909846058,nan
ibu,2133,nan,44.953718846004485,nan
ibu,2134,nan,44.96913667484306,nan
ibu,2135,nan,46.177364401351575,nan
ibu,2136,42,42.00000002872944,42
ibu,2137,35,42.64698151702159,35
ibu,2138,23,35.353283318490924,23
ibu,2139,12,29.14507963088472,12
ibu,2140,69,52.439987666452026,69
ibu,2141,nan,52.63862596556817,nan
ibu,2142,nan,53.95035481914827,nan
ibu,2143,nan,53.748416327952114,nan
ibu,2144,nan,54.6624605655105,nan
ibu,2145,120,72.17284632559534,120
ibu,2146,120,72.5802086647673,120
ibu,2147,20,34.52784448626659,20
ibu,2148,75,58.036280193013134,75
ibu,2149,16,32.6156723933256,16
ibu,2150,15,31.938045788796376,15
ibu,2151,nan,43.03556187766714,nan
ibu,2152,nan,43.03556187766714,nan
ibu,2153,nan,54.66255232854749,nan
ibu,2154,16,28.72681715381988,16
ibu,2155,46,51.70375889243043,46
ibu,2156,50,56.39681391766339,50
ibu,2157,35,50.224845159285294,35
ibu,2158,nan,50.2955125295151,nan
ibu,2159,nan,54.08593224835011,nan
ibu,2160,34,47.510760392382544,34
ibu,2161,101,69.50328424685452,101
ibu,2162,45,44.99999998432822,45
ibu,2163,nan,52.041145361401256,nan
ibu,2164,nan,51.4814449104602,nan
ibu,2165,nan,47.19204893040672,nan
ibu,2166,nan,52.99098537651078,nan
ibu,2167,nan,53.90712050041181,nan
ibu,2168,nan,54.23874064568375,nan
ibu,2169,nan,44.681033511234,nan
ibu,2170,18,35.39976293534777,18
ibu,2171,nan,43.03556187766714,nan
ibu,2172,nan,43.03556187766714,nan
ibu,2173,nan,43.03556187766714,nan
ibu,2174,11,26.92163502680964,11
ibu,2175,18,33.381698755668495,18
ibu,2176,40,49.749250857271285,40
ibu,2177,82,59.9788872996573,82
ibu,2178,22,31.46002263389726,22
ibu,2179,50,50.00000031998261,50
ibu,2180,64,54.35918946347608,64
ibu,2181,31,36.00325237981132,31
ibu,2182,37,48.33877842139633,37
ibu,2183,27,36.86379917646585,27
ibu,2184,nan,46.96241602692438,nan
ibu,2185,nan,43.03556187766714,nan
ibu,2186,nan,54.96645348214832,nan
ibu,2187,nan,43.03556187766714,nan
ibu,2188,20,34.59790310706356,20
ibu,2189,12,26.1852940069303,12
ibu,2190,90,59.8073395792715,90
ibu,2191,nan,40.709899804897184,nan
ibu,2192,115,77.24048626091556,115
ibu,2193,36,43.39618697730421,36
ibu,2194,22,35.049301872232725,22
ibu,2195,50,50.00000031998261,50
ibu,2196,35,41.35256837924415,35
ibu,2197,nan,50.348732633025946,nan
ibu,2198,60,56.68771339596189,60
ibu,2199,35,34.99999972267586,35
ibu,2200,21,33.59841109581869,21
ibu,2201,18,33.59068661445563,18
ibu,2202,37,37.00000010273146,37
ibu,2203,28,27.999999826278703,28
ibu,2204,87,65.90161781783937,87
ibu,2205,33,41.86094912278399,33
ibu,2206,nan,43.062683231835656,nan
ibu,2207,nan,52.11176521148691,nan
ibu,2208,72,61.48999347252638,72
ibu,2209,nan,47.21948321086931,nan
ibu,2210,30,37.62365898079229,30
ibu,2211,nan,43.03556187766714,nan
ibu,2212,nan,48.31827184056943,nan
ibu,2213,nan,43.03556187766714,nan
ibu,2214,nan,44.7678005834053,nan
ibu,2215,93,68.18497057605816,93
ibu,2216,45,46.780826808491724,45
ibu,2217,25,34.57801346879779,25
ibu,2218,85,66.25434510024273,85
ibu,2219,52,52.00000029038179,52
ibu,2220,65,61.32210808049153,65
ibu,2221,26,41.464250549753416,26
ibu,2222,63,54.99465668770206,63
ibu,2223,19,30.638667256818607,19
ibu,2224,41,50.29596151294605,41
ibu,2225,48,53.84256684252091,48
ibu,2226,27,38.04936040869887,27
ibu,2227,70,55.44163935671648,70
ibu,2228,nan,47.02006451628242,nan
ibu,2229,70,56.17636551100751,70
ibu,2230,36,43.81745756142509,36
ibu,2231,20,35.59783590861108,20
ibu,2232,27,39.15234187180749,27
ibu,2233,70,56.99632477902352,70
ibu,2234,48,47.999999939927,48
ibu,2235,nan,47.606649079120594,nan
ibu,2236,69,55.70106493264313,69
ibu,2237,43,53.0549614188564,43
ibu,2238,43,53.16757924461774,43
ibu,2239,17,36.46216178569487,17
ibu,2240,36,49.78940578873546,36
ibu,2241,23,39.47457678860956,23
ibu,2242,nan,52.76937354563603,nan
ibu,2243,nan,53.17093105340606,nan
ibu,2244,68,57.20185267972875,68
ibu,2245,nan,53.236750549619615,nan
ibu,2246,nan,43.13930639185634,nan
ibu,2247,nan,51.04888214725717,nan
ibu,2248,nan,52.57686780305388,nan
ibu,2249,nan,52.75920833135182,nan
ibu,2250,nan,42.484845243116204,nan
ibu,2251,nan,51.23272611459852,nan
ibu,2252,10,28.39303729992756,10
ibu,2253,22,34.96054653265075,22
ibu,2254,42,50.84083322097344,42
ibu,2255,83,61.046671493237255,83
ibu,2256,17,32.9915993378287,17
ibu,2257,32,39.53485240455762,32
ibu,2258,82,61.634297402682606,82
ibu,2259,34,42.3415298138896,34
ibu,2260,29,39.69421653350204,29
ibu,2261,nan,49.88432768633388,nan
ibu,2262,75,62.36697609421098,75
ibu,2263,25,31.63796017504574,25
ibu,2264,nan,52.45356040279701,nan
ibu,2265,nan,52.463179954736304,nan
ibu,2266,nan,52.795326098845216,nan
ibu,2267,nan,44.32211406728824,nan
ibu,2268,nan,53.69763040285977,nan
ibu,2269,nan,52.6397828352844,nan
ibu,2270,nan,52.82918911742993,nan
ibu,2271,nan,49.33094331800079,nan
ibu,2272,90,68.14906173333645,90
ibu,2273,10,25.8455610260138,10
ibu,2274,nan,43.03556187766714,nan
ibu,2275,nan,43.03556187766714,nan
ibu,2276,50,52.91813453758851,50
ibu,2277,15,30.56005255213593,15
ibu,2278,nan,49.21233426716866,nan
ibu,2279,nan,42.38494397179228,nan
ibu,2280,nan,41.67172718602526,nan
ibu,2281,24,34.431068074077025,24
ibu,2282,51,53.88815013114153,51
ibu,2283,nan,49.965346664516765,nan
ibu,2284,nan,42.43563321797066,nan
ibu,2285,33,42.54837803722069,33
ibu,2286,30,41.10612542959653,30
ibu,2287,90,72.57144201748423,90
ibu,2288,nan,46.85600285722609,nan
ibu,2289,nan,48.157003218951225,nan
ibu,2290,30,29.99999979667789,30
ibu,2291,nan,43.03556187766714,nan
ibu,2292,15,31.84675631463061,15
ibu,2293,22,35.55057876387838,22
ibu,2294,nan,54.34895133034998,nan
ibu,2295,nan,43.03556187766714,nan
ibu,2296,nan,43.03556187766714,nan
ibu,2297,22,33.5035199224514,22
ibu,2298,70,61.71242871279547,70
ibu,2299,nan,51.30117888224831,nan
ibu,2300,75,57.976911146711686,75
ibu,2301,nan,46.79999913837466,nan
ibu,2302,nan,50.96553017579032,nan
ibu,2303,nan,51.021710456556654,nan
ibu,2304,nan,50.1435758810328,nan
ibu,2305,75,58.22546608000734,75
ibu,2306,nan,51.35877903214937,nan
ibu,2307,nan,52.059582358019085,nan
ibu,2308,nan,52.06205504414061,nan
ibu,2309,nan,52.54730863476618,nan
ibu,2310,nan,52.54412642373371,nan
ibu,2311,nan,52.54460408311371,nan
ibu,2312,nan,52.57418783078632,nan
ibu,2313,25,35.77891469515052,25
ibu,2314,23,34.703424045089776,23
ibu,2315,31,41.23998721773195,31
ibu,2316,25,36.060511695575016,25
ibu,2317,85,64.22550204096943,85
ibu,2318,85,64.60919770972842,85
ibu,2319,37,50.61109872270016,37
ibu,2320,55,59.075239322601234,55
ibu,2321,50,56.71115311672089,50
ibu,2322,nan,46.05239666364432,nan
ibu,2323,85,62.86427768000454,85
ibu,2324,nan,53.530519261449456,nan
ibu,2325,17,36.10840462706395,17
ibu,2326,37,50.698584946708166,37
ibu,2327,20,37.55031737348473,20
ibu,2328,10,33.10633426794327,10
ibu,2329,55,59.520555509319045,55
ibu,2330,nan,43.03556187766714,nan
ibu,2331,67,57.36205455604205,67
ibu,2332,20,30.75546193938828,20
ibu,2333,nan,43.24731742640172,nan
ibu,2334,nan,44.40882317307681,nan
ibu,2335,nan,45.36948385273469,nan
ibu,2336,nan,49.749689599291855,nan
ibu,2337,nan,43.03556187766714,nan
ibu,2338,nan,43.03556187766714,nan
ibu,2339,nan,46.796195478560485,nan
ibu,2340,5,26.254047462388773,5
ibu,2341,16,32.44508982345376,16
ibu,2342,65,56.80324387883458,65
ibu,2343,22,38.294262435741096,22
ibu,2344,nan,53.690005877662,nan
ibu,2345,55,59.26782208058941,55
ibu,2346,nan,54.78413917186095,nan
ibu,2347,nan,52.67658227105252,nan
ibu,2348,nan,52.00368965605615,nan
ibu,2349,89,61.9226889644079,89
ibu,2350,nan,52.4949127599625,nan
ibu,2351,28,45.666394629268325,28
ibu,2352,nan,53.53218082786909,nan
ibu,2353,nan,47.96784641756249,nan
ibu,2354,nan,50.031498801739374,nan
ibu,2355,nan,47.95498402544129,nan
ibu,2356,nan,47.967449050839846,nan
ibu,2357,nan,51.055910212714565,nan
ibu,2358,30,39.52777518033041,30
ibu,2359,30,39.676049090805336,30
ibu,2360,30,39.67684669184553,30
ibu,2361,100,70.51894375817758,100
ibu,2362,nan,41.50225068847418,nan
ibu,2363,nan,43.03556187766714,nan
ibu,2364,27,40.16918221774708,27
ibu,2365,100,71.70279672315966,100
ibu,2366,100,71.69907704291059,100
ibu,2367,13,32.434060234133696,13
ibu,2368,23,37.5331257323688,23
ibu,2369,nan,49.773102692383866,nan
ibu,2370,41,41.000000043529845,41
ibu,2371,21,35.65594485177969,21
ibu,2372,20,33.75558069534743,20
ibu,2373,25,36.55443935113384,25
ibu,2374,45,44.99999998432822,45
ibu,2375,nan,44.82783941794543,nan
ibu,2376,nan,53.33997413446997,nan
ibu,2377,nan,43.400435523985166,nan
ibu,2378,nan,53.27032107352394,nan
ibu,2379,nan,52.6149371737088,nan
ibu,2380,83,60.605510861194176,83
ibu,2381,31,47.1361865430185,31
ibu,2382,nan,52.75675776667672,nan
ibu,2383,60,60.24345324428058,60
ibu,2384,nan,52.0398983672737,nan
ibu,2385,38,49.96563424332016,38
ibu,2386,nan,44.63873341395217,nan
ibu,2387,61,53.71815173131761,61
ibu,2388,23,34.94046927174687,23
ibu,2389,72,55.83994501186348,72
ibu,2390,nan,52.57112769736555,nan
ibu,2391,135,79.79665708258332,135
ibu,2392,15,30.289941498277905,15
ibu,2393,nan,53.74147347102905,nan
ibu,2394,82,61.24682634040208,82
ibu,2395,15,31.491701364476672,15
ibu,2396,69,68.14032294268962,69
ibu,2397,69,58.99806988575102,69
ibu,2398,25,33.68280441389271,25
ibu,2399,30,37.46106634964049,30
ibu,2400,69,60.294050727421975,69
ibu,2401,50,50.00000031998261,50
ibu,2402,nan,43.03556187766714,nan
ibu,2403,nan,43.03556187766714,nan
ibu,2404,nan,43.03556187766714,nan
ibu,2405,nan,43.03556187766714,nan
ibu,2406,45,44.99999998432822,45
ibu,2407,nan,43.03556187766714,nan
ibu,2408,nan,49.93277078638829,nan
ibu,2409,40,40.00000005833025,40
ibu,2410,nan,43.03556187766714,nan
brewery_id,1052,nan,hilliard's beer,nan
brewery_id,1555,nan,oskar blues brewery,nan
brewery_name,1,10 barrel brewing company,burnside brewing co.,10 barrel brewing company
brewery_name,2,18th street brewery,cape ann brewing company,18th street brewery
brewery_name,3,18th street brewery,cape ann brewing company,18th street brewery
brewery_name,4,18th street brewery,cape ann brewing company,18th street brewery
brewery_name,5,18th street brewery,cape ann brewing company,18th street brewery
brewery_name,6,18th street brewery,cape cod beer,18th street brewery
brewery_name,7,18th street brewery,cape ann brewing company,18th street brewery
brewery_name,8,18th street brewery,cape ann brewing company,18th street brewery
brewery_name,9,18th street brewery,cape ann brewing company,18th street brewery
brewery_name,10,18th street brewery,capital brewery,18th street brewery
brewery_name,11,18th street brewery,carolina beer & beverage,18th street brewery
brewery_name,12,18th street brewery,carolina beer & beverage,18th street brewery
brewery_name,13,18th street brewery,carolina beer & beverage,18th street brewery
brewery_name,14,18th street brewery,carolina brewery,18th street brewery
brewery_name,15,18th street brewery,centennial beer company,18th street brewery
brewery_name,16,2 towns ciderhouse,brewery terra firma,2 towns ciderhouse
brewery_name,17,2 towns ciderhouse,brindle dog brewing company,2 towns ciderhouse
brewery_name,18,2 towns ciderhouse,brindle dog brewing company,2 towns ciderhouse
brewery_name,19,2 towns ciderhouse,butternuts beer and ale,2 towns ciderhouse
brewery_name,20,21st amendment brewery,crystal springs brewing company,21st amendment brewery
brewery_name,21,21st amendment brewery,crystal springs brewing company,21st amendment brewery
brewery_name,22,21st amendment brewery,epic brewing,21st amendment brewery
brewery_name,23,21st amendment brewery,coop ale works,21st amendment brewery
brewery_name,24,21st amendment brewery,dave's brewfarm,21st amendment brewery
brewery_name,25,21st amendment brewery,daredevil brewing company,21st amendment brewery
brewery_name,26,21st amendment brewery,centennial beer company,21st amendment brewery
brewery_name,27,21st amendment brewery,centennial beer company,21st amendment brewery
brewery_name,28,21st amendment brewery,centennial beer company,21st amendment brewery
brewery_name,29,21st amendment brewery,dry dock brewing company,21st amendment brewery
brewery_name,30,21st amendment brewery,dry dock brewing company,21st amendment brewery
brewery_name,31,21st amendment brewery,dry dock brewing company,21st amendment brewery
brewery_name,32,21st amendment brewery,cedar creek brewery,21st amendment brewery
brewery_name,33,21st amendment brewery,fiddlehead brewing company,21st amendment brewery
brewery_name,34,21st amendment brewery,cisco brewers,21st amendment brewery
brewery_name,35,21st amendment brewery,cape cod beer,21st amendment brewery
brewery_name,36,21st amendment brewery,dolores river brewery,21st amendment brewery
brewery_name,37,21st amendment brewery,claremont craft ales,21st amendment brewery
brewery_name,38,21st amendment brewery,downeast cider house,21st amendment brewery
brewery_name,39,21st amendment brewery,chapman's brewing,21st amendment brewery
brewery_name,40,3 daughters brewing,destihl brewery,3 daughters brewing
brewery_name,41,3 daughters brewing,crabtree brewing company,3 daughters brewing
brewery_name,42,3 daughters brewing,crabtree brewing company,3 daughters brewing
brewery_name,43,4 hands brewing company,carolina brewery,4 hands brewing company
brewery_name,44,4 hands brewing company,centennial beer company,4 hands brewing company
brewery_name,45,4 hands brewing company,coastal empire beer company,4 hands brewing company
brewery_name,46,4 hands brewing company,coastal extreme brewing company,4 hands brewing company
brewery_name,47,4 hands brewing company,coastal extreme brewing company,4 hands brewing company
brewery_name,48,4 hands brewing company,coastal empire beer company,4 hands brewing company
brewery_name,49,4 hands brewing company,coastal empire beer company,4 hands brewing company
brewery_name,50,4 hands brewing company,cisco brewers,4 hands brewing company
brewery_name,62,7venth sun,champion brewing company,7venth sun
brewery_name,63,ac golden brewing company,churchkey can company,ac golden brewing company
brewery_name,64,ac golden brewing company,crooked fence brewing company,ac golden brewing company
brewery_name,65,abita brewing company,emerald city beer company,abita brewing company
brewery_name,66,abita brewing company,college street brewhouse and pub,abita brewing company
brewery_name,67,abita brewing company,dc brau brewing company,abita brewing company
brewery_name,86,alameda brewing,catawba island brewing,alameda brewing
brewery_name,87,alameda brewing,chatham brewing,alameda brewing
brewery_name,88,alameda brewing,destihl brewery,alameda brewing
brewery_name,89,alaskan brewing company,ciderboys,alaskan brewing company
brewery_name,90,alaskan brewing company,chatham brewing,alaskan brewing company
brewery_name,91,ale asylum,catawba brewing company,ale asylum
brewery_name,97,anchor brewing company,cottrell brewing,anchor brewing company
brewery_name,98,anchor brewing company,covington brewhouse,anchor brewing company
brewery_name,99,anchor brewing company,cottrell brewing,anchor brewing company
brewery_name,100,anchor brewing company,cutters brewing company,anchor brewing company
brewery_name,101,anchor brewing company,crystal springs brewing company,anchor brewing company
brewery_name,102,anderson valley brewing company,carolina beer & beverage,anderson valley brewing company
brewery_name,103,anderson valley brewing company,chatham brewing,anderson valley brewing company
brewery_name,104,anderson valley brewing company,catawba brewing company,anderson valley brewing company
brewery_name,105,anderson valley brewing company,carolina brewery,anderson valley brewing company
brewery_name,106,anderson valley brewing company,centennial beer company,anderson valley brewing company
brewery_name,107,anderson valley brewing company,coastal empire beer company,anderson valley brewing company
brewery_name,108,anderson valley brewing company,crystal springs brewing company,anderson valley brewing company
brewery_name,109,anderson valley brewing company,cottrell brewing,anderson valley brewing company
brewery_name,110,anderson valley brewing company,champion brewing company,anderson valley brewing company
brewery_name,112,anderson valley brewing company,crooked fence brewing company,anderson valley brewing company
brewery_name,113,anderson valley brewing company,covington brewhouse,anderson valley brewing company
brewery_name,114,anderson valley brewing company,cigar city brewing company,anderson valley brewing company
brewery_name,115,anderson valley brewing company,chatham brewing,anderson valley brewing company
brewery_name,116,anderson valley brewing company,engine house 9,anderson valley brewing company
brewery_name,117,anderson valley brewing company,dave's brewfarm,anderson valley brewing company
brewery_name,118,anderson valley brewing company,cutters brewing company,anderson valley brewing company
brewery_name,119,anderson valley brewing company,dad & dude's breweria,anderson valley brewing company
brewery_name,125,angry orchard cider company,cascadia ciderworks united,angry orchard cider company
brewery_name,126,anthem brewing company,churchkey can company,anthem brewing company
brewery_name,127,anthem brewing company,christian moerlein brewing company,anthem brewing company
brewery_name,128,anthem brewing company,claremont craft ales,anthem brewing company
brewery_name,132,arcadia brewing company,covington brewhouse,arcadia brewing company
brewery_name,133,arcadia brewing company,deep ellum brewing company,arcadia brewing company
brewery_name,134,arctic craft brewery,crazy mountain brewing company,arctic craft brewery
brewery_name,135,armadillo ale works,cigar city brewing company,armadillo ale works
brewery_name,136,armadillo ale works,buckbean brewing company,armadillo ale works
brewery_name,139,asheville brewing company,crabtree brewing company,asheville brewing company
brewery_name,140,asheville brewing company,dead armadillo craft brewing,asheville brewing company
brewery_name,141,asheville brewing company,defiance brewing company,asheville brewing company
brewery_name,145,aspen brewing company,d.l. geary brewing company,aspen brewing company
brewery_name,146,aspen brewing company,everybody's brewing,aspen brewing company
brewery_name,147,astoria brewing company,cape ann brewing company,astoria brewing company
brewery_name,148,astoria brewing company,dock street brewery,astoria brewing company
brewery_name,149,astoria brewing company,catawba island brewing,astoria brewing company
brewery_name,150,astoria brewing company,cedar creek brewery,astoria brewing company
brewery_name,154,atwater brewery,destihl brewery,atwater brewery
brewery_name,155,atwater brewery,dave's brewfarm,atwater brewery
brewery_name,156,atwater brewery,covington brewhouse,atwater brewery
brewery_name,158,austin beerworks,ciderboys,austin beerworks
brewery_name,159,austin beerworks,ciderboys,austin beerworks
brewery_name,162,avery brewing company,cheboygan brewing company,avery brewing company
brewery_name,163,avery brewing company,cascadia ciderworks united,avery brewing company
brewery_name,164,avery brewing company,crooked fence brewing company,avery brewing company
brewery_name,165,avery brewing company,college street brewhouse and pub,avery brewing company
brewery_name,166,avery brewing company,engine house 9,avery brewing company
brewery_name,167,avery brewing company,defiance brewing company,avery brewing company
brewery_name,168,aviator brewing company,catawba island brewing,aviator brewing company
brewery_name,169,aviator brewing company,cedar creek brewery,aviator brewing company
brewery_name,170,aviator brewing company,christian moerlein brewing company,aviator brewing company
brewery_name,171,aviator brewing company,creature comforts,aviator brewing company
brewery_name,172,aviator brewing company,chatham brewing,aviator brewing company
brewery_name,173,aviator brewing company,crazy mountain brewing company,aviator brewing company
brewery_name,174,back east brewing company,evil twin brewing,back east brewing company
brewery_name,175,back east brewing company,coastal extreme brewing company,back east brewing company
brewery_name,176,back east brewing company,fate brewing company,back east brewing company
brewery_name,177,back east brewing company,covington brewhouse,back east brewing company
brewery_name,178,back east brewing company,fiddlehead brewing company,back east brewing company
brewery_name,179,back forty beer company,core brewing & distilling company,back forty beer company
brewery_name,180,back forty beer company,covington brewhouse,back forty beer company
brewery_name,183,ballast point brewing company,daredevil brewing company,ballast point brewing company
brewery_name,184,ballast point brewing company,dave's brewfarm,ballast point brewing company
brewery_name,185,ballast point brewing company,cigar city brewing company,ballast point brewing company
brewery_name,186,ballast point brewing company,fate brewing company,ballast point brewing company
brewery_name,187,ballast point brewing company,cheboygan brewing company,ballast point brewing company
brewery_name,188,ballast point brewing company,fearless brewing company,ballast point brewing company
brewery_name,189,banner beer company,engine 15 brewing,banner beer company
brewery_name,190,banner beer company,due south brewing company,banner beer company
brewery_name,191,banner beer company,everybody's brewing,banner beer company
brewery_name,193,barrio brewing company,evil twin brewing,barrio brewing company
brewery_name,194,barrio brewing company,epic brewing,barrio brewing company
brewery_name,195,base camp brewing co.,claremont craft ales,base camp brewing co.
brewery_name,196,base camp brewing co.,dead armadillo craft brewing,base camp brewing co.
brewery_name,197,base camp brewing co.,deep ellum brewing company,base camp brewing co.
brewery_name,198,base camp brewing co.,claremont craft ales,base camp brewing co.
brewery_name,199,base camp brewing co.,crabtree brewing company,base camp brewing co.
brewery_name,200,bauhaus brew labs,d.l. geary brewing company,bauhaus brew labs
brewery_name,201,bauhaus brew labs,denali brewing company,bauhaus brew labs
brewery_name,202,bauhaus brew labs,core brewing & distilling company,bauhaus brew labs
brewery_name,203,bauhaus brew labs,crooked fence brewing company,bauhaus brew labs
brewery_name,204,baxter brewing company,covington brewhouse,baxter brewing company
brewery_name,206,baxter brewing company,dad & dude's breweria,baxter brewing company
brewery_name,207,baxter brewing company,dead armadillo craft brewing,baxter brewing company
brewery_name,208,baxter brewing company,dead armadillo craft brewing,baxter brewing company
brewery_name,209,baxter brewing company,defiance brewing company,baxter brewing company
brewery_name,210,baxter brewing company,david's ale works,baxter brewing company
brewery_name,211,baxter brewing company,devil's canyon brewery,baxter brewing company
brewery_name,212,baxter brewing company,engine 15 brewing,baxter brewing company
brewery_name,214,beer works brewery,central coast brewing company,beer works brewery
brewery_name,215,beer works brewery,college street brewhouse and pub,beer works brewery
brewery_name,216,beer works brewery,defiance brewing company,beer works brewery
brewery_name,217,beer works brewery,cheboygan brewing company,beer works brewery
brewery_name,218,bell's brewery,churchkey can company,bell's brewery
brewery_name,224,bent brewstillery,cutters brewing company,bent brewstillery
brewery_name,226,bent brewstillery,crow peak brewing company,bent brewstillery
brewery_name,227,bent paddle brewing company,central coast brewing company,bent paddle brewing company
brewery_name,228,bent paddle brewing company,crooked fence brewing company,bent paddle brewing company
brewery_name,229,bent paddle brewing company,chatham brewing,bent paddle brewing company
brewery_name,230,bent paddle brewing company,crazy mountain brewing company,bent paddle brewing company
brewery_name,231,bent paddle brewing company,confluence brewing company,bent paddle brewing company
brewery_name,232,bent paddle brewing company,coastal extreme brewing company,bent paddle brewing company
brewery_name,233,berkshire brewing company,dock street brewery,berkshire brewing company
brewery_name,234,berkshire brewing company,destihl brewery,berkshire brewing company
brewery_name,235,big bend brewing company,central coast brewing company,big bend brewing company
brewery_name,236,big bend brewing company,catawba island brewing,big bend brewing company
brewery_name,237,big bend brewing company,center of the universe brewing c...,big bend brewing company
brewery_name,238,big bend brewing company,capital brewery,big bend brewing company
brewery_name,239,big bend brewing company,central coast brewing company,big bend brewing company
brewery_name,241,big choice brewing,due south brewing company,big choice brewing
brewery_name,243,big choice brewing,cutters brewing company,big choice brewing
brewery_name,244,big elm brewing,emerald city beer company,big elm brewing
brewery_name,245,big elm brewing,emerald city beer company,big elm brewing
brewery_name,249,big muddy brewing,crooked fence brewing company,big muddy brewing
brewery_name,251,big river brewing company,cisco brewers,big river brewing company
brewery_name,253,big sky brewing company,dock street brewery,big sky brewing company
brewery_name,254,big sky brewing company,dad & dude's breweria,big sky brewing company
brewery_name,255,big sky brewing company,dc brau brewing company,big sky brewing company
brewery_name,256,big sky brewing company,crystal springs brewing company,big sky brewing company
brewery_name,257,big sky brewing company,dick's brewing company,big sky brewing company
brewery_name,258,big sky brewing company,deep ellum brewing company,big sky brewing company
brewery_name,259,big sky brewing company,deschutes brewery,big sky brewing company
brewery_name,260,big sky brewing company,epic brewing,big sky brewing company
brewery_name,261,big sky brewing company,downeast cider house,big sky brewing company
brewery_name,263,big sky brewing company,downeast cider house,big sky brewing company
brewery_name,264,big sky brewing company,due south brewing company,big sky brewing company
brewery_name,265,big storm brewing company,everybody's brewing,big storm brewing company
brewery_name,266,big storm brewing company,denver beer company,big storm brewing company
brewery_name,273,bitter root brewing,cutters brewing company,bitter root brewing
brewery_name,274,bitter root brewing,cutters brewing company,bitter root brewing
brewery_name,275,bitter root brewing,d.l. geary brewing company,bitter root brewing
brewery_name,277,black market brewing company,dolores river brewery,black market brewing company
brewery_name,278,black market brewing company,evil czech brewery,black market brewing company
brewery_name,279,black market brewing company,dolores river brewery,black market brewing company
brewery_name,280,black market brewing company,fearless brewing company,black market brewing company
brewery_name,281,black shirt brewing company,dolores river brewery,black shirt brewing company
brewery_name,282,black shirt brewing company,dad & dude's breweria,black shirt brewing company
brewery_name,283,black shirt brewing company,coastal extreme brewing company,black shirt brewing company
brewery_name,284,black shirt brewing company,daredevil brewing company,black shirt brewing company
brewery_name,287,blackrocks brewery,d.l. geary brewing company,blackrocks brewery
brewery_name,288,blackrocks brewery,crow peak brewing company,blackrocks brewery
brewery_name,289,blackrocks brewery,creature comforts,blackrocks brewery
brewery_name,290,blackrocks brewery,david's ale works,blackrocks brewery
brewery_name,291,blackrocks brewery,destihl brewery,blackrocks brewery
brewery_name,292,blackrocks brewery,dirty bucket brewing company,blackrocks brewery
brewery_name,293,blackrocks brewery,deschutes brewery,blackrocks brewery
brewery_name,294,blue blood brewing company,david's ale works,blue blood brewing company
brewery_name,295,blue blood brewing company,dead armadillo craft brewing,blue blood brewing company
brewery_name,296,blue blood brewing company,denali brewing company,blue blood brewing company
brewery_name,297,blue blood brewing company,denver beer company,blue blood brewing company
brewery_name,298,blue blood brewing company,denali brewing company,blue blood brewing company
brewery_name,299,blue blood brewing company,deep ellum brewing company,blue blood brewing company
brewery_name,300,blue blood brewing company,devil's backbone brewing company,blue blood brewing company
brewery_name,301,blue blood brewing company,destihl brewery,blue blood brewing company
brewery_name,303,blue blood brewing company,devil's backbone brewing company,blue blood brewing company
brewery_name,304,blue blood brewing company,denver beer company,blue blood brewing company
brewery_name,305,blue blood brewing company,denver beer company,blue blood brewing company
brewery_name,306,blue blood brewing company,devil's backbone brewing company,blue blood brewing company
brewery_name,307,blue blood brewing company,devil's backbone brewing company,blue blood brewing company
brewery_name,308,blue dog mead,coastal empire beer company,blue dog mead
brewery_name,309,blue dog mead,coastal empire beer company,blue dog mead
brewery_name,310,blue hills brewery,deep ellum brewing company,blue hills brewery
brewery_name,311,blue mountain brewery,deschutes brewery,blue mountain brewery
brewery_name,313,blue mountain brewery,cape ann brewing company,blue mountain brewery
brewery_name,315,blue mountain brewery,cambridge brewing company,blue mountain brewery
brewery_name,316,blue owl brewing,cascadia ciderworks united,blue owl brewing
brewery_name,317,blue owl brewing,cascadia ciderworks united,blue owl brewing
brewery_name,318,blue owl brewing,founders brewing company,blue owl brewing
brewery_name,319,blue owl brewing,cascadia ciderworks united,blue owl brewing
brewery_name,322,blue point brewing company,emerald city beer company,blue point brewing company
brewery_name,324,bohemian brewery,daredevil brewing company,bohemian brewery
brewery_name,325,bohemian brewery,denver beer company,bohemian brewery
brewery_name,329,bold city brewery,dick's brewing company,bold city brewery
brewery_name,330,bold city brewery,devil's canyon brewery,bold city brewery
brewery_name,331,bold city brewery,dry dock brewing company,bold city brewery
brewery_name,336,bonfire brewing company,devil's backbone brewing company,bonfire brewing company
brewery_name,339,bonfire brewing company,cutters brewing company,bonfire brewing company
brewery_name,341,bonfire brewing company,devil's canyon brewery,bonfire brewing company
brewery_name,343,bonfire brewing company,dick's brewing company,bonfire brewing company
brewery_name,344,bonfire brewing company,dick's brewing company,bonfire brewing company
brewery_name,345,bonfire brewing company,daredevil brewing company,bonfire brewing company
brewery_name,347,bonfire brewing company,denali brewing company,bonfire brewing company
brewery_name,348,bonfire brewing company,crystal springs brewing company,bonfire brewing company
brewery_name,350,bonfire brewing company,deschutes brewery,bonfire brewing company
brewery_name,351,bonfire brewing company,destihl brewery,bonfire brewing company
brewery_name,352,bonfire brewing company,denali brewing company,bonfire brewing company
brewery_name,356,boston beer company,cutters brewing company,boston beer company
brewery_name,359,boston beer company,denali brewing company,boston beer company
brewery_name,361,boston beer company,dad & dude's breweria,boston beer company
brewery_name,362,boston beer company,david's ale works,boston beer company
brewery_name,363,boston beer company,dry dock brewing company,boston beer company
brewery_name,364,boston beer company,daredevil brewing company,boston beer company
brewery_name,365,boulder beer company,denali brewing company,boulder beer company
brewery_name,366,boulder beer company,dick's brewing company,boulder beer company
brewery_name,367,boulder beer company,elevator brewing company,boulder beer company
brewery_name,368,boulevard brewing company,dick's brewing company,boulevard brewing company
brewery_name,369,boxcar brewing company,flat 12 bierwerks,boxcar brewing company
brewery_name,370,boxcar brewing company,flat rock brewing company,boxcar brewing company
brewery_name,371,boxcar brewing company,fat head's brewery,boxcar brewing company
brewery_name,372,bozeman brewing company,creature comforts,bozeman brewing company
brewery_name,373,bozeman brewing company,dc brau brewing company,bozeman brewing company
brewery_name,374,bozeman brewing company,due south brewing company,bozeman brewing company
brewery_name,375,bozeman brewing company,deschutes brewery,bozeman brewing company
brewery_name,376,bozeman brewing company,epic brewing,bozeman brewing company
brewery_name,377,branchline brewing company,engine 15 brewing,branchline brewing company
brewery_name,379,breckenridge brewery,dirty bucket brewing company,breckenridge brewery
brewery_name,380,breckenridge brewery,elevator brewing company,breckenridge brewery
brewery_name,381,breckenridge brewery,elevator brewing company,breckenridge brewery
brewery_name,382,breckenridge brewery,fearless brewing company,breckenridge brewery
brewery_name,383,brew bus brewing,fort george brewery,brew bus brewing
brewery_name,384,brew bus brewing,frankenmuth brewery,brew bus brewing
brewery_name,385,brew bus brewing,figueroa mountain brewing company,brew bus brewing
brewery_name,386,brew bus brewing,firestone walker brewing company,brew bus brewing
brewery_name,451,brindle dog brewing company,four horsemen brewing company,brindle dog brewing company
brewery_name,452,brindle dog brewing company,founders brewing company,brindle dog brewing company
brewery_name,454,broken tooth brewing company,dry dock brewing company,broken tooth brewing company
brewery_name,455,broken tooth brewing company,downeast cider house,broken tooth brewing company
brewery_name,456,broken tooth brewing company,devil's backbone brewing company,broken tooth brewing company
brewery_name,457,broken tooth brewing company,foolproof brewing company,broken tooth brewing company
brewery_name,463,brooklyn brewery,flat 12 bierwerks,brooklyn brewery
brewery_name,472,buckledown brewing,dock street brewery,buckledown brewing
brewery_name,473,buffalo bayou brewing company,destihl brewery,buffalo bayou brewing company
brewery_name,474,buffalo bayou brewing company,college street brewhouse and pub,buffalo bayou brewing company
brewery_name,479,burn 'em brewing,dry dock brewing company,burn 'em brewing
brewery_name,480,burn 'em brewing,freetail brewing company,burn 'em brewing
brewery_name,481,burn 'em brewing,dry dock brewing company,burn 'em brewing
brewery_name,487,burnside brewing co.,dick's brewing company,burnside brewing co.
brewery_name,488,butcher's brewing,engine 15 brewing,butcher's brewing
brewery_name,490,butternuts beer and ale,foolproof brewing company,butternuts beer and ale
brewery_name,492,butternuts beer and ale,flying mouse brewery,butternuts beer and ale
brewery_name,493,coast brewing company,college street brewhouse and pub,coast brewing company
brewery_name,494,coast brewing company,college street brewhouse and pub,coast brewing company
brewery_name,495,coast brewing company,college street brewhouse and pub,coast brewing company
brewery_name,505,caldera brewing company,fate brewing company,caldera brewing company
brewery_name,506,caldera brewing company,elevator brewing company,caldera brewing company
brewery_name,507,caldera brewing company,epic brewing,caldera brewing company
brewery_name,508,caldera brewing company,firestone walker brewing company,caldera brewing company
brewery_name,509,caldera brewing company,fearless brewing company,caldera brewing company
brewery_name,510,caldera brewing company,firestone walker brewing company,caldera brewing company
brewery_name,511,caldera brewing company,firestone walker brewing company,caldera brewing company
brewery_name,512,caldera brewing company,evil twin brewing,caldera brewing company
brewery_name,513,caldera brewing company,evil twin brewing,caldera brewing company
brewery_name,514,caldera brewing company,evil twin brewing,caldera brewing company
brewery_name,515,caldera brewing company,evil twin brewing,caldera brewing company
brewery_name,516,caldera brewing company,finch's beer company,caldera brewing company
brewery_name,517,caldera brewing company,forgotten boardwalk,caldera brewing company
brewery_name,518,caldera brewing company,fort point beer company,caldera brewing company
brewery_name,519,cambridge brewing company,dead armadillo craft brewing,cambridge brewing company
brewery_name,520,cambridge brewing company,denali brewing company,cambridge brewing company
brewery_name,522,cans bar and canteen,fiddlehead brewing company,cans bar and canteen
brewery_name,523,cans bar and canteen,fiddlehead brewing company,cans bar and canteen
brewery_name,524,cans bar and canteen,dolores river brewery,cans bar and canteen
brewery_name,527,cape ann brewing company,epic brewing,cape ann brewing company
brewery_name,528,cape ann brewing company,dick's brewing company,cape ann brewing company
brewery_name,529,cape ann brewing company,devil's backbone brewing company,cape ann brewing company
brewery_name,533,capital brewery,dave's brewfarm,capital brewery
brewery_name,534,capital brewery,cutters brewing company,capital brewery
brewery_name,543,carolina beer & beverage,forgotten boardwalk,carolina beer & beverage
brewery_name,544,carolina beer & beverage,forgotten boardwalk,carolina beer & beverage
brewery_name,545,carolina beer & beverage,foolproof brewing company,carolina beer & beverage
brewery_name,551,carton brewing company,dundee brewing company,carton brewing company
brewery_name,552,carton brewing company,fate brewing company,carton brewing company
brewery_name,555,catawba brewing company,figueroa mountain brewing company,catawba brewing company
brewery_name,556,catawba brewing company,firestone walker brewing company,catawba brewing company
brewery_name,557,catawba brewing company,finch's beer company,catawba brewing company
brewery_name,558,catawba brewing company,firestone walker brewing company,catawba brewing company
brewery_name,560,catawba brewing company,flying dog brewery,catawba brewing company
brewery_name,564,catawba valley brewing company,fat head's brewery,catawba valley brewing company
brewery_name,565,catawba valley brewing company,fearless brewing company,catawba valley brewing company
brewery_name,572,centennial beer company,evil czech brewery,centennial beer company
brewery_name,573,centennial beer company,finch's beer company,centennial beer company
brewery_name,574,center of the universe brewing c...,grapevine craft brewery,center of the universe brewing c...
brewery_name,575,center of the universe brewing c...,flesk brewing company,center of the universe brewing c...
brewery_name,576,center of the universe brewing c...,good people brewing company,center of the universe brewing c...
brewery_name,577,center of the universe brewing c...,frankenmuth brewery,center of the universe brewing c...
brewery_name,583,champion brewing company,dave's brewfarm,champion brewing company
brewery_name,585,champion brewing company,everybody's brewing,champion brewing company
brewery_name,595,christian moerlein brewing company,founders brewing company,christian moerlein brewing company
brewery_name,599,cigar city brewing company,fremont brewing company,cigar city brewing company
brewery_name,600,cigar city brewing company,griffin claw brewing company,cigar city brewing company
brewery_name,601,cigar city brewing company,griffin claw brewing company,cigar city brewing company
brewery_name,602,cigar city brewing company,grand canyon brewing company,cigar city brewing company
brewery_name,603,cigar city brewing company,gore range brewery,cigar city brewing company
brewery_name,604,cigar city brewing company,gore range brewery,cigar city brewing company
brewery_name,605,cigar city brewing company,grand canyon brewing company,cigar city brewing company
brewery_name,606,cigar city brewing company,grey sail brewing of rhode island,cigar city brewing company
brewery_name,607,cigar city brewing company,grey sail brewing of rhode island,cigar city brewing company
brewery_name,608,cigar city brewing company,great crescent brewery,cigar city brewing company
brewery_name,609,cigar city brewing company,grey sail brewing of rhode island,cigar city brewing company
brewery_name,610,cigar city brewing company,grey sail brewing of rhode island,cigar city brewing company
brewery_name,611,cigar city brewing company,grey sail brewing of rhode island,cigar city brewing company
brewery_name,612,cigar city brewing company,great divide brewing company,cigar city brewing company
brewery_name,614,cigar city brewing company,harpoon brewery,cigar city brewing company
brewery_name,615,cigar city brewing company,harpoon brewery,cigar city brewing company
brewery_name,616,cigar city brewing company,half full brewery,cigar city brewing company
brewery_name,617,cigar city brewing company,great northern brewing company,cigar city brewing company
brewery_name,618,cigar city brewing company,geneva lake brewing company,cigar city brewing company
brewery_name,619,cigar city brewing company,firestone walker brewing company,cigar city brewing company
brewery_name,620,cigar city brewing company,fat head's brewery,cigar city brewing company
brewery_name,621,cigar city brewing company,hawai'i nui brewing co.,cigar city brewing company
brewery_name,622,cigar city brewing company,harpoon brewery,cigar city brewing company
brewery_name,623,cigar city brewing company,fiddlehead brewing company,cigar city brewing company
brewery_name,624,cisco brewers,flying dog brewery,cisco brewers
brewery_name,625,cisco brewers,fremont brewing company,cisco brewers
brewery_name,628,cisco brewers,fort george brewery,cisco brewers
brewery_name,629,cisco brewers,flying dog brewery,cisco brewers
brewery_name,630,cisco brewers,fort pitt brewing company,cisco brewers
brewery_name,632,coalition brewing company,great crescent brewery,coalition brewing company
brewery_name,634,coastal empire beer company,flat 12 bierwerks,coastal empire beer company
brewery_name,635,coastal empire beer company,great river brewery,coastal empire beer company
brewery_name,636,coastal extreme brewing company,downeast cider house,coastal extreme brewing company
brewery_name,637,coastal extreme brewing company,french broad brewery,coastal extreme brewing company
brewery_name,638,coastal extreme brewing company,fremont brewing company,coastal extreme brewing company
brewery_name,639,coastal extreme brewing company,fullsteam brewery,coastal extreme brewing company
brewery_name,644,core brewing & distilling company,grand canyon brewing company,core brewing & distilling company
brewery_name,645,core brewing & distilling company,greenbrier valley brewing company,core brewing & distilling company
brewery_name,646,core brewing & distilling company,half acre beer company,core brewing & distilling company
brewery_name,647,core brewing & distilling company,grapevine craft brewery,core brewing & distilling company
brewery_name,648,cottrell brewing,flying mouse brewery,cottrell brewing
brewery_name,649,covington brewhouse,four peaks brewing company,covington brewhouse
brewery_name,653,crazy mountain brewing company,flying mouse brewery,crazy mountain brewing company
brewery_name,654,crazy mountain brewing company,firestone walker brewing company,crazy mountain brewing company
brewery_name,655,crazy mountain brewing company,firestone walker brewing company,crazy mountain brewing company
brewery_name,656,crazy mountain brewing company,flying dog brewery,crazy mountain brewing company
brewery_name,657,crazy mountain brewing company,foolproof brewing company,crazy mountain brewing company
brewery_name,658,crazy mountain brewing company,flying mouse brewery,crazy mountain brewing company
brewery_name,659,crazy mountain brewing company,fort point beer company,crazy mountain brewing company
brewery_name,660,crazy mountain brewing company,founders brewing company,crazy mountain brewing company
brewery_name,661,creature comforts,flat rock brewing company,creature comforts
brewery_name,662,creature comforts,figueroa mountain brewing company,creature comforts
brewery_name,663,crooked fence brewing company,flesk brewing company,crooked fence brewing company
brewery_name,664,crooked fence brewing company,fort point beer company,crooked fence brewing company
brewery_name,665,crooked fence brewing company,fort point beer company,crooked fence brewing company
brewery_name,666,crow peak brewing company,grapevine craft brewery,crow peak brewing company
brewery_name,673,crystal springs brewing company,half acre beer company,crystal springs brewing company
brewery_name,679,d.l. geary brewing company,goodlife brewing co.,d.l. geary brewing company
brewery_name,680,d.l. geary brewing company,grapevine craft brewery,d.l. geary brewing company
brewery_name,681,dc brau brewing company,harpoon brewery,dc brau brewing company
brewery_name,682,dc brau brewing company,fort george brewery,dc brau brewing company
brewery_name,683,dc brau brewing company,foolproof brewing company,dc brau brewing company
brewery_name,684,dc brau brewing company,hawai'i nui brewing co.,dc brau brewing company
brewery_name,685,dc brau brewing company,kirkwood station brewing company,dc brau brewing company
brewery_name,686,dc brau brewing company,independence brewing company,dc brau brewing company
brewery_name,687,dc brau brewing company,fort point beer company,dc brau brewing company
brewery_name,688,dc brau brewing company,four corners brewing company,dc brau brewing company
brewery_name,689,dad & dude's breweria,flying mouse brewery,dad & dude's breweria
brewery_name,690,dad & dude's breweria,forgotten boardwalk,dad & dude's breweria
brewery_name,693,david's ale works,flying mouse brewery,david's ale works
brewery_name,694,david's ale works,foolproof brewing company,david's ale works
brewery_name,695,dead armadillo craft brewing,hale's ales,dead armadillo craft brewing
brewery_name,696,deep ellum brewing company,elevator brewing company,deep ellum brewing company
brewery_name,697,deep ellum brewing company,dundee brewing company,deep ellum brewing company
brewery_name,698,deep ellum brewing company,good life brewing company,deep ellum brewing company
brewery_name,699,deep ellum brewing company,fargo brewing company,deep ellum brewing company
brewery_name,703,deep ellum brewing company,goose island brewery company,deep ellum brewing company
brewery_name,705,defiance brewing company,freetail brewing company,defiance brewing company
brewery_name,706,defiance brewing company,four horsemen brewing company,defiance brewing company
brewery_name,707,denali brewing company,four horsemen brewing company,denali brewing company
brewery_name,708,denali brewing company,hilliard's beer,denali brewing company
brewery_name,709,denali brewing company,intuition ale works,denali brewing company
brewery_name,710,denali brewing company,four fathers brewing,denali brewing company
brewery_name,711,denver beer company,fort george brewery,denver beer company
brewery_name,712,denver beer company,fort george brewery,denver beer company
brewery_name,713,deschutes brewery,good life brewing company,deschutes brewery
brewery_name,714,destihl brewery,fort point beer company,destihl brewery
brewery_name,715,destihl brewery,four corners brewing company,destihl brewery
brewery_name,716,destihl brewery,frankenmuth brewery,destihl brewery
brewery_name,717,destihl brewery,four horsemen brewing company,destihl brewery
brewery_name,718,destihl brewery,founders brewing company,destihl brewery
brewery_name,719,destihl brewery,four string brewing company,destihl brewery
brewery_name,720,destihl brewery,four peaks brewing company,destihl brewery
brewery_name,721,devil's backbone brewing company,four corners brewing company,devil's backbone brewing company
brewery_name,723,devil's canyon brewery,heavy seas beer,devil's canyon brewery
brewery_name,725,devil's canyon brewery,fremont brewing company,devil's canyon brewery
brewery_name,727,dick's brewing company,great river brewery,dick's brewing company
brewery_name,736,downeast cider house,great divide brewing company,downeast cider house
brewery_name,737,downeast cider house,great raft brewing company,downeast cider house
brewery_name,738,dry dock brewing company,good people brewing company,dry dock brewing company
brewery_name,739,dry dock brewing company,french broad brewery,dry dock brewing company
brewery_name,740,dry dock brewing company,french broad brewery,dry dock brewing company
brewery_name,741,dry dock brewing company,frog level brewing company,dry dock brewing company
brewery_name,742,due south brewing company,fullsteam brewery,due south brewing company
brewery_name,743,dundee brewing company,great river brewery,dundee brewing company
brewery_name,745,eddyline brewery & restaurant,french broad brewery,eddyline brewery & restaurant
brewery_name,746,eddyline brewery & restaurant,fullsteam brewery,eddyline brewery & restaurant
brewery_name,750,eddyline brewery & restaurant,goose island brewing company,eddyline brewery & restaurant
brewery_name,753,engine 15 brewing,good people brewing company,engine 15 brewing
brewery_name,755,epic brewing,golden road brewing,epic brewing
brewery_name,756,epic brewing,french broad brewery,epic brewing
brewery_name,757,epic brewing,french broad brewery,epic brewing
brewery_name,758,epic brewing,french broad brewery,epic brewing
brewery_name,759,everybody's brewing,intuition ale works,everybody's brewing
brewery_name,767,evil twin brewing,gonzo's biggdogg brewing,evil twin brewing
brewery_name,769,evil twin brewing,great river brewery,evil twin brewing
brewery_name,770,evil twin brewing,great river brewery,evil twin brewing
brewery_name,771,evil twin brewing,grimm brothers brewhouse,evil twin brewing
brewery_name,772,fargo brewing company,great northern brewing company,fargo brewing company
brewery_name,773,fargo brewing company,great river brewery,fargo brewing company
brewery_name,774,fargo brewing company,grey sail brewing of rhode island,fargo brewing company
brewery_name,775,fat head's brewery,grey sail brewing company,fat head's brewery
brewery_name,777,fate brewing company,good life brewing company,fate brewing company
brewery_name,778,fate brewing company,heavy seas beer,fate brewing company
brewery_name,781,fate brewing company,gonzo's biggdogg brewing,fate brewing company
brewery_name,788,fiddlehead brewing company,heavy seas beer,fiddlehead brewing company
brewery_name,792,figueroa mountain brewing company,good people brewing company,figueroa mountain brewing company
brewery_name,793,figueroa mountain brewing company,gore range brewery,figueroa mountain brewing company
brewery_name,794,figueroa mountain brewing company,grapevine craft brewery,figueroa mountain brewing company
brewery_name,796,finch's beer company,goose island brewery company,finch's beer company
brewery_name,798,finch's beer company,hilliard's beer,finch's beer company
brewery_name,800,finch's beer company,great river brewery,finch's beer company
brewery_name,805,firestone walker brewing company,high noon saloon and brewery,firestone walker brewing company
brewery_name,806,firestone walker brewing company,hopworks urban brewery,firestone walker brewing company
brewery_name,807,firestone walker brewing company,hawai'i nui brewing co.,firestone walker brewing company
brewery_name,808,firestone walker brewing company,hops & grain brewery,firestone walker brewing company
brewery_name,809,firestone walker brewing company,goose island brewing company,firestone walker brewing company
brewery_name,815,flying dog brewery,harpoon brewery,flying dog brewery
brewery_name,816,flying dog brewery,hardywood park craft brewery,flying dog brewery
brewery_name,817,flying mouse brewery,horny goat brew pub,flying mouse brewery
brewery_name,818,flying mouse brewery,kalona brewing company,flying mouse brewery
brewery_name,819,foolproof brewing company,half acre beer company,foolproof brewing company
brewery_name,822,foolproof brewing company,hinterland brewery,foolproof brewing company
brewery_name,824,forgotten boardwalk,grey sail brewing of rhode island,forgotten boardwalk
brewery_name,825,fort george brewery,headlands brewing company,fort george brewery
brewery_name,826,fort george brewery,hops & grain brewery,fort george brewery
brewery_name,836,fort george brewery,horny goat brew pub,fort george brewery
brewery_name,837,fort pitt brewing company,hale's ales,fort pitt brewing company
brewery_name,838,fort point beer company,hilliard's beer,fort point beer company
brewery_name,839,fort point beer company,great northern brewing company,fort point beer company
brewery_name,840,fort point beer company,harvest moon brewing company,fort point beer company
brewery_name,841,fort point beer company,indiana city brewing,fort point beer company
brewery_name,842,founders brewing company,greenbrier valley brewing company,founders brewing company
brewery_name,843,founders brewing company,high noon saloon and brewery,founders brewing company
brewery_name,844,founders brewing company,harpoon brewery,founders brewing company
brewery_name,845,four corners brewing company,headlands brewing company,four corners brewing company
brewery_name,846,four corners brewing company,high noon saloon and brewery,four corners brewing company
brewery_name,847,four corners brewing company,half acre beer company,four corners brewing company
brewery_name,852,four horsemen brewing company,james page brewing company,four horsemen brewing company
brewery_name,853,four peaks brewing company,independence brewing company,four peaks brewing company
brewery_name,854,four peaks brewing company,jackalope brewing company,four peaks brewing company
brewery_name,855,four peaks brewing company,kona brewing company,four peaks brewing company
brewery_name,856,four peaks brewing company,grimm brothers brewhouse,four peaks brewing company
brewery_name,857,four peaks brewing company,half acre beer company,four peaks brewing company
brewery_name,858,four peaks brewing company,hangar 24 craft brewery,four peaks brewing company
brewery_name,859,four peaks brewing company,hardywood park craft brewery,four peaks brewing company
brewery_name,860,four string brewing company,gonzo's biggdogg brewing,four string brewing company
brewery_name,861,four string brewing company,hawai'i nui brewing co.,four string brewing company
brewery_name,862,four string brewing company,horny goat brew pub,four string brewing company
brewery_name,863,four string brewing company,harvest moon brewing company,four string brewing company
brewery_name,864,frankenmuth brewery,half acre beer company,frankenmuth brewery
brewery_name,865,frankenmuth brewery,hops & grain brewery,frankenmuth brewery
brewery_name,866,frankenmuth brewery,high hops brewery,frankenmuth brewery
brewery_name,867,freetail brewing company,harvest moon brewing company,freetail brewing company
brewery_name,868,freetail brewing company,hop valley brewing company,freetail brewing company
brewery_name,869,freetail brewing company,headlands brewing company,freetail brewing company
brewery_name,870,freetail brewing company,grey sail brewing company,freetail brewing company
brewery_name,871,freetail brewing company,indeed brewing company,freetail brewing company
brewery_name,872,freetail brewing company,great river brewery,freetail brewing company
brewery_name,873,freetail brewing company,james page brewing company,freetail brewing company
brewery_name,874,freetail brewing company,green room brewing,freetail brewing company
brewery_name,882,french broad brewery,high hops brewery,french broad brewery
brewery_name,883,french broad brewery,high noon saloon and brewery,french broad brewery
brewery_name,884,french broad brewery,half full brewery,french broad brewery
brewery_name,886,fullsteam brewery,high noon saloon and brewery,fullsteam brewery
brewery_name,887,geneva lake brewing company,hop farm brewing company,geneva lake brewing company
brewery_name,888,geneva lake brewing company,horny goat brew pub,geneva lake brewing company
brewery_name,889,geneva lake brewing company,great river brewery,geneva lake brewing company
brewery_name,890,glabrous brewing company,kelso beer company,glabrous brewing company
brewery_name,892,golden road brewing,independence brewing company,golden road brewing
brewery_name,899,golden road brewing,keweenaw brewing company,golden road brewing
brewery_name,901,golden road brewing,hinterland brewery,golden road brewing
brewery_name,907,good life brewing company,hop valley brewing company,good life brewing company
brewery_name,908,good life brewing company,indeed brewing company,good life brewing company
brewery_name,909,good people brewing company,hawai'i nui brewing co.,good people brewing company
brewery_name,910,good people brewing company,indeed brewing company,good people brewing company
brewery_name,911,good people brewing company,hop farm brewing company,good people brewing company
brewery_name,912,good people brewing company,hops & grains brewing company,good people brewing company
brewery_name,913,good people brewing company,high hops brewery,good people brewing company
brewery_name,914,goodlife brewing co.,iron hill brewery & restaurant,goodlife brewing co.
brewery_name,915,goose island brewery company,high noon saloon and brewery,goose island brewery company
brewery_name,916,goose island brewing company,kettle house brewing company,goose island brewing company
brewery_name,917,goose island brewing company,hess brewing company,goose island brewing company
brewery_name,918,goose island brewing company,jackie o's pub & brewery,goose island brewing company
brewery_name,919,goose island brewing company,hop valley brewing company,goose island brewing company
brewery_name,920,goose island brewing company,horny goat brew pub,goose island brewing company
brewery_name,921,gore range brewery,high hops brewery,gore range brewery
brewery_name,922,grand canyon brewing company,hangar 24 craft brewery,grand canyon brewing company
brewery_name,923,grand canyon brewing company,hangar 24 craft brewery,grand canyon brewing company
brewery_name,924,grand canyon brewing company,hilliard's beer,grand canyon brewing company
brewery_name,925,grand canyon brewing company,hilliard's beer,grand canyon brewing company
brewery_name,926,grapevine craft brewery,intuition ale works,grapevine craft brewery
brewery_name,927,grapevine craft brewery,ipswich ale brewery,grapevine craft brewery
brewery_name,928,grapevine craft brewery,greenbrier valley brewing company,grapevine craft brewery
brewery_name,929,great crescent brewery,latitude 42 brewing company,great crescent brewery
brewery_name,931,great crescent brewery,headlands brewing company,great crescent brewery
brewery_name,932,great crescent brewery,headlands brewing company,great crescent brewery
brewery_name,933,great crescent brewery,heavy seas beer,great crescent brewery
brewery_name,934,great crescent brewery,lavery brewing company,great crescent brewery
brewery_name,935,great crescent brewery,high hops brewery,great crescent brewery
brewery_name,937,great crescent brewery,hop farm brewing company,great crescent brewery
brewery_name,940,great crescent brewery,la cumbre brewing company,great crescent brewery
brewery_name,942,great crescent brewery,howard brewing company,great crescent brewery
brewery_name,943,great crescent brewery,indeed brewing company,great crescent brewery
brewery_name,944,great crescent brewery,hop valley brewing company,great crescent brewery
brewery_name,947,great crescent brewery,horny goat brew pub,great crescent brewery
brewery_name,948,great crescent brewery,krebs brewing company (pete's pl...,great crescent brewery
brewery_name,949,great divide brewing company,hops & grains brewing company,great divide brewing company
brewery_name,950,great divide brewing company,hilliard's beer,great divide brewing company
brewery_name,951,great divide brewing company,hops & grains brewing company,great divide brewing company
brewery_name,952,great divide brewing company,hopworks urban brewery,great divide brewing company
brewery_name,953,great divide brewing company,harpoon brewery,great divide brewing company
brewery_name,954,great divide brewing company,hopworks urban brewery,great divide brewing company
brewery_name,955,great divide brewing company,intuition ale works,great divide brewing company
brewery_name,956,great divide brewing company,hilliard's beer,great divide brewing company
brewery_name,957,great divide brewing company,hopworks urban brewery,great divide brewing company
brewery_name,959,great northern brewing company,intuition ale works,great northern brewing company
brewery_name,960,great raft brewing company,lazy monk brewing,great raft brewing company
brewery_name,961,great raft brewing company,latitude 42 brewing company,great raft brewing company
brewery_name,962,great river brewery,horny goat brew pub,great river brewery
brewery_name,963,great river brewery,kettle house brewing company,great river brewery
brewery_name,964,great river brewery,hopworks urban brewery,great river brewery
brewery_name,965,great river brewery,horny goat brew pub,great river brewery
brewery_name,966,great river brewery,intuition ale works,great river brewery
brewery_name,973,great river brewery,kenai river brewing company,great river brewery
brewery_name,974,great river brewery,jackalope brewing company,great river brewery
brewery_name,976,great river brewery,kirkwood station brewing company,great river brewery
brewery_name,980,green room brewing,indeed brewing company,green room brewing
brewery_name,981,greenbrier valley brewing company,hinterland brewery,greenbrier valley brewing company
brewery_name,982,greenbrier valley brewing company,jackalope brewing company,greenbrier valley brewing company
brewery_name,984,grey sail brewing company,mammoth brewing company,grey sail brewing company
brewery_name,986,grey sail brewing of rhode island,lost rhino brewing company,grey sail brewing of rhode island
brewery_name,992,griffin claw brewing company,latitude 42 brewing company,griffin claw brewing company
brewery_name,996,griffin claw brewing company,lazy monk brewing,griffin claw brewing company
brewery_name,997,griffin claw brewing company,high noon saloon and brewery,griffin claw brewing company
brewery_name,998,griffin claw brewing company,high noon saloon and brewery,griffin claw brewing company
brewery_name,999,griffin claw brewing company,horny goat brew pub,griffin claw brewing company
brewery_name,1001,grimm brothers brewhouse,kirkwood station brewing company,grimm brothers brewhouse
brewery_name,1002,hale's ales,long trail brewing company,hale's ales
brewery_name,1003,hale's ales,kulshan brewery,hale's ales
brewery_name,1004,half acre beer company,lost rhino brewing company,half acre beer company
brewery_name,1005,half acre beer company,lucette brewing company,half acre beer company
brewery_name,1007,half acre beer company,ipswich ale brewery,half acre beer company
brewery_name,1009,half acre beer company,jailbreak brewing company,half acre beer company
brewery_name,1010,half acre beer company,joseph james brewing company,half acre beer company
brewery_name,1012,half full brewery,lumberyard brewing company,half full brewery
brewery_name,1013,half full brewery,howard brewing company,half full brewery
brewery_name,1014,hangar 24 craft brewery,jack's abby craft lagers,hangar 24 craft brewery
brewery_name,1015,hangar 24 craft brewery,jackie o's pub & brewery,hangar 24 craft brewery
brewery_name,1018,hardywood park craft brewery,lazy monk brewing,hardywood park craft brewery
brewery_name,1019,harpoon brewery,jack's abby craft lagers,harpoon brewery
brewery_name,1020,harpoon brewery,kalona brewing company,harpoon brewery
brewery_name,1021,harpoon brewery,jailbreak brewing company,harpoon brewery
brewery_name,1022,harpoon brewery,james page brewing company,harpoon brewery
brewery_name,1023,harpoon brewery,jailbreak brewing company,harpoon brewery
brewery_name,1024,harpoon brewery,joseph james brewing company,harpoon brewery
brewery_name,1025,harpoon brewery,joseph james brewing company,harpoon brewery
brewery_name,1026,harpoon brewery,karbach brewing company,harpoon brewery
brewery_name,1027,harpoon brewery,kelso beer company,harpoon brewery
brewery_name,1028,harpoon brewery,karbach brewing company,harpoon brewery
brewery_name,1029,harpoon brewery,kona brewing company,harpoon brewery
brewery_name,1030,harpoon brewery,king street brewing company,harpoon brewery
brewery_name,1031,harvest moon brewing company,king street brewing company,harvest moon brewing company
brewery_name,1032,harvest moon brewing company,hopworks urban brewery,harvest moon brewing company
brewery_name,1033,hawai'i nui brewing co.,kettle house brewing company,hawai'i nui brewing co.
brewery_name,1034,hawai'i nui brewing co.,kenai river brewing company,hawai'i nui brewing co.
brewery_name,1036,hawai'i nui brewing co.,kettle house brewing company,hawai'i nui brewing co.
brewery_name,1039,headlands brewing company,keweenaw brewing company,headlands brewing company
brewery_name,1041,heavy seas beer,king street brewing company,heavy seas beer
brewery_name,1042,heavy seas beer,kulshan brewery,heavy seas beer
brewery_name,1043,heavy seas beer,kona brewing company,heavy seas beer
brewery_name,1046,hess brewing company,kenai river brewing company,hess brewing company
brewery_name,1047,high hops brewery,madtree brewing company,high hops brewery
brewery_name,1048,high hops brewery,mission brewery,high hops brewery
brewery_name,1049,high noon saloon and brewery,keweenaw brewing company,high noon saloon and brewery
brewery_name,1050,high noon saloon and brewery,la cumbre brewing company,high noon saloon and brewery
brewery_name,1051,high noon saloon and brewery,kona brewing company,high noon saloon and brewery
brewery_name,1058,hop farm brewing company,kenai river brewing company,hop farm brewing company
brewery_name,1059,hop farm brewing company,la cumbre brewing company,hop farm brewing company
brewery_name,1060,hop farm brewing company,lost rhino brewing company,hop farm brewing company
brewery_name,1061,hop valley brewing company,lift bridge brewing company,hop valley brewing company
brewery_name,1062,hop valley brewing company,marble brewery,hop valley brewing company
brewery_name,1063,hop valley brewing company,mavericks beer company,hop valley brewing company
brewery_name,1064,hop valley brewing company,lewis and clark brewing company,hop valley brewing company
brewery_name,1065,hop valley brewing company,lewis and clark brewing company,hop valley brewing company
brewery_name,1066,hop valley brewing company,mikerphone brewing,hop valley brewing company
brewery_name,1067,hop valley brewing company,mehana brewing co.,hop valley brewing company
brewery_name,1068,hop valley brewing company,liquid hero brewery,hop valley brewing company
brewery_name,1069,hops & grain brewery,la cumbre brewing company,hops & grain brewery
brewery_name,1070,hops & grain brewery,kettle house brewing company,hops & grain brewery
brewery_name,1071,hops & grain brewery,kona brewing company,hops & grain brewery
brewery_name,1072,hops & grain brewery,kulshan brewery,hops & grain brewery
brewery_name,1073,hops & grains brewing company,latitude 42 brewing company,hops & grains brewing company
brewery_name,1097,horny goat brew pub,keweenaw brewing company,horny goat brew pub
brewery_name,1098,horny goat brew pub,howard brewing company,horny goat brew pub
brewery_name,1100,howard brewing company,liquid hero brewery,howard brewing company
brewery_name,1101,howard brewing company,james page brewing company,howard brewing company
brewery_name,1102,indeed brewing company,meckley's cidery,indeed brewing company
brewery_name,1103,indeed brewing company,latitude 42 brewing company,indeed brewing company
brewery_name,1104,indeed brewing company,lift bridge brewing company,indeed brewing company
brewery_name,1105,indeed brewing company,lewis and clark brewing company,indeed brewing company
brewery_name,1106,indeed brewing company,miami brewing company,indeed brewing company
brewery_name,1107,indeed brewing company,lone tree brewing company,indeed brewing company
brewery_name,1108,independence brewing company,lucette brewing company,independence brewing company
brewery_name,1109,independence brewing company,liquid hero brewery,independence brewing company
brewery_name,1110,independence brewing company,liquid hero brewery,independence brewing company
brewery_name,1111,indiana city brewing,lewis and clark brewing company,indiana city brewing
brewery_name,1112,infamous brewing company,laughing dog brewing company,infamous brewing company
brewery_name,1113,infamous brewing company,kettle house brewing company,infamous brewing company
brewery_name,1114,intuition ale works,lancaster brewing company,intuition ale works
brewery_name,1115,intuition ale works,lift bridge brewing company,intuition ale works
brewery_name,1116,intuition ale works,laughing dog brewing company,intuition ale works
brewery_name,1117,ipswich ale brewery,lavery brewing company,ipswich ale brewery
brewery_name,1118,iron hill brewery & restaurant,mammoth brewing company,iron hill brewery & restaurant
brewery_name,1120,jack's abby craft lagers,kulshan brewery,jack's abby craft lagers
brewery_name,1121,jack's abby craft lagers,mother earth brewing company,jack's abby craft lagers
brewery_name,1122,jack's abby craft lagers,lazy monk brewing,jack's abby craft lagers
brewery_name,1123,jack's abby craft lagers,kona brewing company,jack's abby craft lagers
brewery_name,1124,jack's hard cider (hauser estate...,king street brewing company,jack's hard cider (hauser estate...
brewery_name,1125,jack's hard cider (hauser estate...,karbach brewing company,jack's hard cider (hauser estate...
brewery_name,1126,jackalope brewing company,lonerider brewing company,jackalope brewing company
brewery_name,1127,jackie o's pub & brewery,kenai river brewing company,jackie o's pub & brewery
brewery_name,1128,jackie o's pub & brewery,lumberyard brewing company,jackie o's pub & brewery
brewery_name,1129,jackie o's pub & brewery,lavery brewing company,jackie o's pub & brewery
brewery_name,1130,jackie o's pub & brewery,lonerider brewing company,jackie o's pub & brewery
brewery_name,1131,jackie o's pub & brewery,liquid hero brewery,jackie o's pub & brewery
brewery_name,1132,jailbreak brewing company,long trail brewing company,jailbreak brewing company
brewery_name,1133,james page brewing company,marshall wharf brewing company,james page brewing company
brewery_name,1134,james page brewing company,lumberyard brewing company,james page brewing company
brewery_name,1135,james page brewing company,matt brewing company,james page brewing company
brewery_name,1136,james page brewing company,maui brewing company,james page brewing company
brewery_name,1137,james page brewing company,mehana brewing co.,james page brewing company
brewery_name,1138,james page brewing company,millking it productions,james page brewing company
brewery_name,1139,joseph james brewing company,lewis and clark brewing company,joseph james brewing company
brewery_name,1140,joseph james brewing company,marshall wharf brewing company,joseph james brewing company
brewery_name,1141,joseph james brewing company,mike hess brewing company,joseph james brewing company
brewery_name,1142,joseph james brewing company,mammoth brewing company,joseph james brewing company
brewery_name,1143,kalona brewing company,mactarnahans brewing company,kalona brewing company
brewery_name,1144,kalona brewing company,lone tree brewing company,kalona brewing company
brewery_name,1145,karbach brewing company,lucette brewing company,karbach brewing company
brewery_name,1146,karbach brewing company,lift bridge brewing company,karbach brewing company
brewery_name,1147,karbach brewing company,lavery brewing company,karbach brewing company
brewery_name,1148,karbach brewing company,lewis and clark brewing company,karbach brewing company
brewery_name,1149,karbach brewing company,manayunk brewing company,karbach brewing company
brewery_name,1150,karbach brewing company,la cumbre brewing company,karbach brewing company
brewery_name,1151,karbach brewing company,mike hess brewing company,karbach brewing company
brewery_name,1152,karbach brewing company,maui brewing company,karbach brewing company
brewery_name,1153,karbach brewing company,kalona brewing company,karbach brewing company
brewery_name,1154,karbach brewing company,mickey finn's brewery,karbach brewing company
brewery_name,1155,kelso beer company,madtree brewing company,kelso beer company
brewery_name,1156,kelso beer company,lost rhino brewing company,kelso beer company
brewery_name,1157,kelso beer company,lumberyard brewing company,kelso beer company
brewery_name,1158,kenai river brewing company,long trail brewing company,kenai river brewing company
brewery_name,1159,kenai river brewing company,lucky town brewing company,kenai river brewing company
brewery_name,1160,kenai river brewing company,king street brewing company,kenai river brewing company
brewery_name,1161,kenai river brewing company,lumberyard brewing company,kenai river brewing company
brewery_name,1168,keweenaw brewing company,long trail brewing company,keweenaw brewing company
brewery_name,1169,keweenaw brewing company,marble brewery,keweenaw brewing company
brewery_name,1170,keweenaw brewing company,marshall wharf brewing company,keweenaw brewing company
brewery_name,1171,keweenaw brewing company,martin house brewing company,keweenaw brewing company
brewery_name,1172,keweenaw brewing company,martin house brewing company,keweenaw brewing company
brewery_name,1173,keweenaw brewing company,marshall wharf brewing company,keweenaw brewing company
brewery_name,1174,keweenaw brewing company,marshall wharf brewing company,keweenaw brewing company
brewery_name,1175,king street brewing company,manzanita brewing company,king street brewing company
brewery_name,1176,king street brewing company,lift bridge brewing company,king street brewing company
brewery_name,1177,king street brewing company,liquid hero brewery,king street brewing company
brewery_name,1178,king street brewing company,lewis and clark brewing company,king street brewing company
brewery_name,1179,king street brewing company,laughing dog brewing company,king street brewing company
brewery_name,1181,kirkwood station brewing company,lonerider brewing company,kirkwood station brewing company
brewery_name,1182,kona brewing company,miami brewing company,kona brewing company
brewery_name,1183,kona brewing company,lumberyard brewing company,kona brewing company
brewery_name,1184,kona brewing company,lost rhino brewing company,kona brewing company
brewery_name,1185,kona brewing company,lucky town brewing company,kona brewing company
brewery_name,1186,krebs brewing company (pete's pl...,mehana brewing co.,krebs brewing company (pete's pl...
brewery_name,1188,la cumbre brewing company,martin house brewing company,la cumbre brewing company
brewery_name,1189,la cumbre brewing company,mehana brewing co.,la cumbre brewing company
brewery_name,1190,lancaster brewing company,laughing dog brewing company,lancaster brewing company
brewery_name,1191,lancaster brewing company,mikkeller,lancaster brewing company
brewery_name,1192,latitude 42 brewing company,mavericks beer company,latitude 42 brewing company
brewery_name,1193,latitude 42 brewing company,mikerphone brewing,latitude 42 brewing company
brewery_name,1194,latitude 42 brewing company,millking it productions,latitude 42 brewing company
brewery_name,1195,latitude 42 brewing company,meckley's cidery,latitude 42 brewing company
brewery_name,1196,laughing dog brewing company,madtree brewing company,laughing dog brewing company
brewery_name,1197,laughing dog brewing company,macon beer company,laughing dog brewing company
brewery_name,1198,laughing dog brewing company,nebraska brewing company,laughing dog brewing company
brewery_name,1199,lavery brewing company,mikkeller,lavery brewing company
brewery_name,1200,lavery brewing company,midnight sun brewing company,lavery brewing company
brewery_name,1202,lewis and clark brewing company,mikkeller,lewis and clark brewing company
brewery_name,1203,lewis and clark brewing company,mikkeller,lewis and clark brewing company
brewery_name,1204,lewis and clark brewing company,midnight sun brewing company,lewis and clark brewing company
brewery_name,1205,lewis and clark brewing company,millking it productions,lewis and clark brewing company
brewery_name,1206,lewis and clark brewing company,lost rhino brewing company,lewis and clark brewing company
brewery_name,1209,liquid hero brewery,mother's brewing,liquid hero brewery
brewery_name,1210,liquid hero brewery,natian brewery,liquid hero brewery
brewery_name,1211,liquid hero brewery,mikkeller,liquid hero brewery
brewery_name,1212,liquid hero brewery,northwoods brewpub,liquid hero brewery
brewery_name,1213,lone tree brewing company,mikkeller,lone tree brewing company
brewery_name,1214,lonerider brewing company,mission brewery,lonerider brewing company
brewery_name,1216,lonerider brewing company,modern monks brewery,lonerider brewing company
brewery_name,1217,lonerider brewing company,magic hat brewing company,lonerider brewing company
brewery_name,1218,lonerider brewing company,mikkeller,lonerider brewing company
brewery_name,1219,long trail brewing company,mammoth brewing company,long trail brewing company
brewery_name,1220,long trail brewing company,mike hess brewing company,long trail brewing company
brewery_name,1221,long trail brewing company,mountain town brewing company,long trail brewing company
brewery_name,1222,long trail brewing company,monkey paw pub & brewery,long trail brewing company
brewery_name,1223,long trail brewing company,manayunk brewing company,long trail brewing company
brewery_name,1226,lost nation brewing,northampton brewery,lost nation brewing
brewery_name,1227,lost nation brewing,northampton brewery,lost nation brewing
brewery_name,1228,lost rhino brewing company,miami brewing company,lost rhino brewing company
brewery_name,1229,lost rhino brewing company,mavericks beer company,lost rhino brewing company
brewery_name,1234,lucky town brewing company,minhas craft brewery,lucky town brewing company
brewery_name,1235,lucky town brewing company,marshall wharf brewing company,lucky town brewing company
brewery_name,1236,lumberyard brewing company,marble brewery,lumberyard brewing company
brewery_name,1237,lumberyard brewing company,mavericks beer company,lumberyard brewing company
brewery_name,1238,lumberyard brewing company,midnight sun brewing company,lumberyard brewing company
brewery_name,1239,lumberyard brewing company,miami brewing company,lumberyard brewing company
brewery_name,1240,mactarnahans brewing company,mustang brewing company,mactarnahans brewing company
brewery_name,1241,mactarnahans brewing company,morgan street brewery,mactarnahans brewing company
brewery_name,1242,macon beer company,mike hess brewing company,macon beer company
brewery_name,1243,macon beer company,mikerphone brewing,macon beer company
brewery_name,1244,madtree brewing company,moab brewery,madtree brewing company
brewery_name,1245,madtree brewing company,moat mountain smoke house & brew...,madtree brewing company
brewery_name,1246,madtree brewing company,mother earth brew company,madtree brewing company
brewery_name,1247,madtree brewing company,monkey paw pub & brewery,madtree brewing company
brewery_name,1248,madtree brewing company,mactarnahans brewing company,madtree brewing company
brewery_name,1249,madtree brewing company,mikerphone brewing,madtree brewing company
brewery_name,1250,madtree brewing company,modern monks brewery,madtree brewing company
brewery_name,1251,madtree brewing company,mike hess brewing company,madtree brewing company
brewery_name,1252,madtree brewing company,mogollon brewing company,madtree brewing company
brewery_name,1254,magic hat brewing company,morgan street brewery,magic hat brewing company
brewery_name,1255,magic hat brewing company,mudshark brewing company,magic hat brewing company
brewery_name,1256,mammoth brewing company,mavericks beer company,mammoth brewing company
brewery_name,1257,mammoth brewing company,mikkeller,mammoth brewing company
brewery_name,1258,mammoth brewing company,mavericks beer company,mammoth brewing company
brewery_name,1259,mammoth brewing company,mike hess brewing company,mammoth brewing company
brewery_name,1260,manayunk brewing company,meckley's cidery,manayunk brewing company
brewery_name,1261,manayunk brewing company,modern monks brewery,manayunk brewing company
brewery_name,1262,manayunk brewing company,mikerphone brewing,manayunk brewing company
brewery_name,1263,manayunk brewing company,morgan street brewery,manayunk brewing company
brewery_name,1264,manayunk brewing company,moat mountain smoke house & brew...,manayunk brewing company
brewery_name,1265,manayunk brewing company,mountain town brewing company,manayunk brewing company
brewery_name,1266,manayunk brewing company,marshall wharf brewing company,manayunk brewing company
brewery_name,1267,manayunk brewing company,mother earth brew company,manayunk brewing company
brewery_name,1268,manayunk brewing company,newburyport brewing company,manayunk brewing company
brewery_name,1269,manzanita brewing company,meckley's cidery,manzanita brewing company
brewery_name,1270,manzanita brewing company,mehana brewing co.,manzanita brewing company
brewery_name,1271,manzanita brewing company,mavericks beer company,manzanita brewing company
brewery_name,1272,manzanita brewing company,mavericks beer company,manzanita brewing company
brewery_name,1273,manzanita brewing company,mavericks beer company,manzanita brewing company
brewery_name,1275,marble brewery,midnight sun brewing company,marble brewery
brewery_name,1276,marshall wharf brewing company,monkey paw pub & brewery,marshall wharf brewing company
brewery_name,1277,marshall wharf brewing company,montauk brewing company,marshall wharf brewing company
brewery_name,1278,marshall wharf brewing company,natian brewery,marshall wharf brewing company
brewery_name,1279,marshall wharf brewing company,morgan street brewery,marshall wharf brewing company
brewery_name,1280,marshall wharf brewing company,mission brewery,marshall wharf brewing company
brewery_name,1282,martin house brewing company,orpheus brewing,martin house brewing company
brewery_name,1283,martin house brewing company,northampton brewery,martin house brewing company
brewery_name,1284,martin house brewing company,occidental brewing company,martin house brewing company
brewery_name,1285,martin house brewing company,mother earth brew company,martin house brewing company
brewery_name,1287,martin house brewing company,mogollon brewing company,martin house brewing company
brewery_name,1288,martin house brewing company,montauk brewing company,martin house brewing company
brewery_name,1289,matt brewing company,odyssey beerwerks,matt brewing company
brewery_name,1290,matt brewing company,moab brewery,matt brewing company
brewery_name,1292,matt brewing company,mother earth brew company,matt brewing company
brewery_name,1293,matt brewing company,montauk brewing company,matt brewing company
brewery_name,1294,matt brewing company,montauk brewing company,matt brewing company
brewery_name,1295,matt brewing company,northgate brewing,matt brewing company
brewery_name,1296,matt brewing company,mother earth brew company,matt brewing company
brewery_name,1297,matt brewing company,mudshark brewing company,matt brewing company
brewery_name,1298,matt brewing company,new republic brewing company,matt brewing company
brewery_name,1299,matt brewing company,new belgium brewing company,matt brewing company
brewery_name,1300,matt brewing company,natian brewery,matt brewing company
brewery_name,1302,maui brewing company,minhas craft brewery,maui brewing company
brewery_name,1303,maui brewing company,monkey paw pub & brewery,maui brewing company
brewery_name,1304,maui brewing company,mikkeller,maui brewing company
brewery_name,1305,maui brewing company,mother earth brew company,maui brewing company
brewery_name,1306,maui brewing company,millking it productions,maui brewing company
brewery_name,1307,maui brewing company,moat mountain smoke house & brew...,maui brewing company
brewery_name,1308,maui brewing company,narragansett brewing company,maui brewing company
brewery_name,1309,maui brewing company,midnight sun brewing company,maui brewing company
brewery_name,1310,maui brewing company,mogollon brewing company,maui brewing company
brewery_name,1311,maui brewing company,narragansett brewing company,maui brewing company
brewery_name,1312,maui brewing company,montauk brewing company,maui brewing company
brewery_name,1313,maui brewing company,mehana brewing co.,maui brewing company
brewery_name,1314,mavericks beer company,moab brewery,mavericks beer company
brewery_name,1315,mavericks beer company,mikkeller,mavericks beer company
brewery_name,1316,mavericks beer company,miami brewing company,mavericks beer company
brewery_name,1320,mehana brewing co.,phoenix ale brewery,mehana brewing co.
brewery_name,1321,mehana brewing co.,new republic brewing company,mehana brewing co.
brewery_name,1322,mehana brewing co.,millking it productions,mehana brewing co.
brewery_name,1323,mehana brewing co.,mission brewery,mehana brewing co.
brewery_name,1324,mehana brewing co.,millking it productions,mehana brewing co.
brewery_name,1325,mehana brewing co.,new orleans lager & ale brewing ...,mehana brewing co.
brewery_name,1326,miami brewing company,mother earth brew company,miami brewing company
brewery_name,1327,miami brewing company,moat mountain smoke house & brew...,miami brewing company
brewery_name,1328,miami brewing company,mission brewery,miami brewing company
brewery_name,1329,miami brewing company,moab brewery,miami brewing company
brewery_name,1330,mickey finn's brewery,mountain town brewing company,mickey finn's brewery
brewery_name,1331,midnight sun brewing company,millking it productions,midnight sun brewing company
brewery_name,1332,midnight sun brewing company,minhas craft brewery,midnight sun brewing company
brewery_name,1333,midnight sun brewing company,mother earth brew company,midnight sun brewing company
brewery_name,1334,midnight sun brewing company,moat mountain smoke house & brew...,midnight sun brewing company
brewery_name,1335,midnight sun brewing company,monkey paw pub & brewery,midnight sun brewing company
brewery_name,1336,mike hess brewing company,new south brewing company,mike hess brewing company
brewery_name,1337,mike hess brewing company,night shift brewing,mike hess brewing company
brewery_name,1339,mike hess brewing company,new south brewing company,mike hess brewing company
brewery_name,1340,mike hess brewing company,marshall wharf brewing company,mike hess brewing company
brewery_name,1341,mike hess brewing company,macon beer company,mike hess brewing company
brewery_name,1342,mikerphone brewing,oskar blues brewery,mikerphone brewing
brewery_name,1343,mikerphone brewing,peak organic brewing company,mikerphone brewing
brewery_name,1344,mikerphone brewing,oskar blues brewery,mikerphone brewing
brewery_name,1345,mikerphone brewing,ozark beer company,mikerphone brewing
brewery_name,1347,mikerphone brewing,northampton brewery,mikerphone brewing
brewery_name,1348,mikerphone brewing,oskar blues brewery,mikerphone brewing
brewery_name,1349,mikerphone brewing,oskar blues brewery,mikerphone brewing
brewery_name,1350,mikkeller,new england brewing company,mikkeller
brewery_name,1351,mikkeller,new orleans lager & ale brewing ...,mikkeller
brewery_name,1364,minhas craft brewery,moat mountain smoke house & brew...,minhas craft brewery
brewery_name,1365,minhas craft brewery,morgan street brewery,minhas craft brewery
brewery_name,1367,minhas craft brewery,morgan street brewery,minhas craft brewery
brewery_name,1368,minhas craft brewery,mother's brewing,minhas craft brewery
brewery_name,1369,minhas craft brewery,morgan street brewery,minhas craft brewery
brewery_name,1370,minhas craft brewery,morgan street brewery,minhas craft brewery
brewery_name,1372,minhas craft brewery,moat mountain smoke house & brew...,minhas craft brewery
brewery_name,1373,minhas craft brewery,mother earth brewing company,minhas craft brewery
brewery_name,1374,minhas craft brewery,mother earth brewing company,minhas craft brewery
brewery_name,1385,modern monks brewery,occidental brewing company,modern monks brewery
brewery_name,1386,modern times beer,northampton brewery,modern times beer
brewery_name,1387,modern times beer,northwest brewing company,modern times beer
brewery_name,1388,modern times beer,notch brewing company,modern times beer
brewery_name,1389,modern times beer,north country brewing company,modern times beer
brewery_name,1390,modern times beer,odyssey beerwerks,modern times beer
brewery_name,1391,modern times beer,northampton brewery,modern times beer
brewery_name,1392,modern times beer,northwest brewing company,modern times beer
brewery_name,1393,modern times beer,neshaminy creek brewing company,modern times beer
brewery_name,1394,mogollon brewing company,mother's brewing,mogollon brewing company
brewery_name,1395,monkey paw pub & brewery,newburyport brewing company,monkey paw pub & brewery
brewery_name,1396,monkey paw pub & brewery,night shift brewing,monkey paw pub & brewery
brewery_name,1397,monkey paw pub & brewery,noda brewing company,monkey paw pub & brewery
brewery_name,1398,montauk brewing company,oasis texas brewing company,montauk brewing company
brewery_name,1399,montauk brewing company,new south brewing company,montauk brewing company
brewery_name,1400,morgan street brewery,new belgium brewing company,morgan street brewery
brewery_name,1401,morgan street brewery,new orleans lager & ale brewing ...,morgan street brewery
brewery_name,1402,morgan street brewery,noda brewing company,morgan street brewery
brewery_name,1403,morgan street brewery,new orleans lager & ale brewing ...,morgan street brewery
brewery_name,1404,morgan street brewery,noda brewing company,morgan street brewery
brewery_name,1405,mother earth brew company,okoboji brewing company,mother earth brew company
brewery_name,1406,mother earth brewing company,new republic brewing company,mother earth brewing company
brewery_name,1407,mother earth brewing company,new england brewing company,mother earth brewing company
brewery_name,1408,mother's brewing,o'fallon brewery,mother's brewing
brewery_name,1409,mother's brewing,perrin brewing company,mother's brewing
brewery_name,1410,mountain town brewing company,new republic brewing company,mountain town brewing company
brewery_name,1411,mudshark brewing company,new belgium brewing company,mudshark brewing company
brewery_name,1412,mudshark brewing company,newburgh brewing company,mudshark brewing company
brewery_name,1413,mudshark brewing company,nebraska brewing company,mudshark brewing company
brewery_name,1414,mudshark brewing company,new republic brewing company,mudshark brewing company
brewery_name,1415,mudshark brewing company,narragansett brewing company,mudshark brewing company
brewery_name,1416,mustang brewing company,oskar blues brewery (north carol...,mustang brewing company
brewery_name,1417,mustang brewing company,occidental brewing company,mustang brewing company
brewery_name,1418,mustang brewing company,oakshire brewing,mustang brewing company
brewery_name,1419,mustang brewing company,neshaminy creek brewing company,mustang brewing company
brewery_name,1420,mustang brewing company,new england brewing company,mustang brewing company
brewery_name,1425,narragansett brewing company,occidental brewing company,narragansett brewing company
brewery_name,1431,natian brewery,payette brewing company,natian brewery
brewery_name,1437,nebraska brewing company,newburgh brewing company,nebraska brewing company
brewery_name,1438,nebraska brewing company,pateros creek brewing company,nebraska brewing company
brewery_name,1439,nebraska brewing company,oasis texas brewing company,nebraska brewing company
brewery_name,1440,nebraska brewing company,northampton brewery,nebraska brewing company
brewery_name,1441,nebraska brewing company,odyssey beerwerks,nebraska brewing company
brewery_name,1442,neshaminy creek brewing company,noda brewing company,neshaminy creek brewing company
brewery_name,1443,neshaminy creek brewing company,new republic brewing company,neshaminy creek brewing company
brewery_name,1444,new belgium brewing company,notch brewing company,new belgium brewing company
brewery_name,1445,new belgium brewing company,okoboji brewing company,new belgium brewing company
brewery_name,1446,new belgium brewing company,night shift brewing,new belgium brewing company
brewery_name,1448,new belgium brewing company,northampton brewery,new belgium brewing company
brewery_name,1449,new belgium brewing company,northgate brewing,new belgium brewing company
brewery_name,1450,new belgium brewing company,mother earth brew company,new belgium brewing company
brewery_name,1451,new belgium brewing company,north country brewing company,new belgium brewing company
brewery_name,1453,new belgium brewing company,nebraska brewing company,new belgium brewing company
brewery_name,1454,new belgium brewing company,mother's brewing,new belgium brewing company
brewery_name,1455,new belgium brewing company,miami brewing company,new belgium brewing company
brewery_name,1456,new belgium brewing company,orpheus brewing,new belgium brewing company
brewery_name,1457,new belgium brewing company,marshall wharf brewing company,new belgium brewing company
brewery_name,1458,new belgium brewing company,mustang brewing company,new belgium brewing company
brewery_name,1459,new belgium brewing company,natian brewery,new belgium brewing company
brewery_name,1460,new belgium brewing company,modern times beer,new belgium brewing company
brewery_name,1461,new england brewing company,notch brewing company,new england brewing company
brewery_name,1462,new england brewing company,natian brewery,new england brewing company
brewery_name,1463,new england brewing company,nebraska brewing company,new england brewing company
brewery_name,1464,new england brewing company,mustang brewing company,new england brewing company
brewery_name,1465,new england brewing company,nebraska brewing company,new england brewing company
brewery_name,1466,new england brewing company,mother earth brew company,new england brewing company
brewery_name,1467,new england brewing company,odyssey beerwerks,new england brewing company
brewery_name,1468,new england brewing company,newburgh brewing company,new england brewing company
brewery_name,1469,new england brewing company,orpheus brewing,new england brewing company
brewery_name,1470,new england brewing company,oskar blues brewery,new england brewing company
brewery_name,1471,new england brewing company,orpheus brewing,new england brewing company
brewery_name,1472,new orleans lager & ale brewing ...,peak organic brewing company,new orleans lager & ale brewing ...
brewery_name,1473,new orleans lager & ale brewing ...,night shift brewing,new orleans lager & ale brewing ...
brewery_name,1474,new orleans lager & ale brewing ...,payette brewing company,new orleans lager & ale brewing ...
brewery_name,1475,new orleans lager & ale brewing ...,ozark beer company,new orleans lager & ale brewing ...
brewery_name,1476,new orleans lager & ale brewing ...,oasis texas brewing company,new orleans lager & ale brewing ...
brewery_name,1477,new orleans lager & ale brewing ...,occidental brewing company,new orleans lager & ale brewing ...
brewery_name,1478,new republic brewing company,mudshark brewing company,new republic brewing company
brewery_name,1479,new republic brewing company,newburyport brewing company,new republic brewing company
brewery_name,1480,new republic brewing company,oakshire brewing,new republic brewing company
brewery_name,1481,new south brewing company,okoboji brewing company,new south brewing company
brewery_name,1482,new south brewing company,nebraska brewing company,new south brewing company
brewery_name,1483,newburgh brewing company,peace tree brewing company,newburgh brewing company
brewery_name,1484,newburyport brewing company,oskar blues brewery,newburyport brewing company
brewery_name,1485,newburyport brewing company,north country brewing company,newburyport brewing company
brewery_name,1486,newburyport brewing company,oskar blues brewery,newburyport brewing company
brewery_name,1487,night shift brewing,narragansett brewing company,night shift brewing
brewery_name,1488,noda brewing company,modern monks brewery,noda brewing company
brewery_name,1489,noda brewing company,petoskey brewing,noda brewing company
brewery_name,1490,north country brewing company,phoenix ale brewery,north country brewing company
brewery_name,1491,north country brewing company,phoenix ale brewery,north country brewing company
brewery_name,1492,north country brewing company,northwest brewing company,north country brewing company
brewery_name,1493,north country brewing company,northwoods brewpub,north country brewing company
brewery_name,1494,northgate brewing,pateros creek brewing company,northgate brewing
brewery_name,1495,northgate brewing,neshaminy creek brewing company,northgate brewing
brewery_name,1496,northgate brewing,new republic brewing company,northgate brewing
brewery_name,1497,northgate brewing,new republic brewing company,northgate brewing
brewery_name,1498,northgate brewing,noda brewing company,northgate brewing
brewery_name,1499,northgate brewing,northwest brewing company,northgate brewing
brewery_name,1500,northampton brewery,notch brewing company,northampton brewery
brewery_name,1503,northwoods brewpub,newburyport brewing company,northwoods brewpub
brewery_name,1504,northwoods brewpub,new republic brewing company,northwoods brewpub
brewery_name,1505,notch brewing company,ozark beer company,notch brewing company
brewery_name,1506,notch brewing company,okoboji brewing company,notch brewing company
brewery_name,1507,o'fallon brewery,peace tree brewing company,o'fallon brewery
brewery_name,1508,o'fallon brewery,pikes peak brewing company,o'fallon brewery
brewery_name,1509,o'fallon brewery,north country brewing company,o'fallon brewery
brewery_name,1510,oakshire brewing,new republic brewing company,oakshire brewing
brewery_name,1511,oakshire brewing,o'fallon brewery,oakshire brewing
brewery_name,1512,oakshire brewing,notch brewing company,oakshire brewing
brewery_name,1513,oakshire brewing,orpheus brewing,oakshire brewing
brewery_name,1514,oasis texas brewing company,palisade brewing company,oasis texas brewing company
brewery_name,1515,oasis texas brewing company,nebraska brewing company,oasis texas brewing company
brewery_name,1516,oasis texas brewing company,neshaminy creek brewing company,oasis texas brewing company
brewery_name,1517,oasis texas brewing company,noda brewing company,oasis texas brewing company
brewery_name,1518,occidental brewing company,orlison brewing company,occidental brewing company
brewery_name,1520,occidental brewing company,oasis texas brewing company,occidental brewing company
brewery_name,1522,odyssey beerwerks,marble brewery,odyssey beerwerks
brewery_name,1523,odyssey beerwerks,mountain town brewing company,odyssey beerwerks
brewery_name,1524,odyssey beerwerks,newburgh brewing company,odyssey beerwerks
brewery_name,1525,odyssey beerwerks,new england brewing company,odyssey beerwerks
brewery_name,1526,odyssey beerwerks,newburgh brewing company,odyssey beerwerks
brewery_name,1527,odyssey beerwerks,new republic brewing company,odyssey beerwerks
brewery_name,1528,odyssey beerwerks,neshaminy creek brewing company,odyssey beerwerks
brewery_name,1529,okoboji brewing company,pipeworks brewing company,okoboji brewing company
brewery_name,1530,okoboji brewing company,pine street brewery,okoboji brewing company
brewery_name,1531,okoboji brewing company,pollyanna brewing company,okoboji brewing company
brewery_name,1532,okoboji brewing company,petoskey brewing,okoboji brewing company
brewery_name,1533,okoboji brewing company,phoenix ale brewery,okoboji brewing company
brewery_name,1534,okoboji brewing company,pizza port brewing company,okoboji brewing company
brewery_name,1535,old forge brewing company,pine street brewery,old forge brewing company
brewery_name,1536,old forge brewing company,pug ryan's brewery,old forge brewing company
brewery_name,1537,old forge brewing company,natian brewery,old forge brewing company
brewery_name,1538,old forge brewing company,natian brewery,old forge brewing company
brewery_name,1539,old forge brewing company,millking it productions,old forge brewing company
brewery_name,1540,old forge brewing company,natian brewery,old forge brewing company
brewery_name,1541,old forge brewing company,mother earth brewing company,old forge brewing company
brewery_name,1542,old forge brewing company,mother earth brewing company,old forge brewing company
brewery_name,1543,old forge brewing company,monkey paw pub & brewery,old forge brewing company
brewery_name,1544,old forge brewing company,monkey paw pub & brewery,old forge brewing company
brewery_name,1545,orlison brewing company,pipeworks brewing company,orlison brewing company
brewery_name,1546,orlison brewing company,pine street brewery,orlison brewing company
brewery_name,1547,orlison brewing company,pipeworks brewing company,orlison brewing company
brewery_name,1548,orlison brewing company,platform beer company,orlison brewing company
brewery_name,1549,orlison brewing company,pollyanna brewing company,orlison brewing company
brewery_name,1550,orpheus brewing,newburgh brewing company,orpheus brewing
brewery_name,1551,orpheus brewing,newburgh brewing company,orpheus brewing
brewery_name,1552,oskar blues brewery,peace tree brewing company,oskar blues brewery
brewery_name,1553,oskar blues brewery,phoenix ale brewery,oskar blues brewery
brewery_name,1554,oskar blues brewery,new south brewing company,oskar blues brewery
brewery_name,1555,longmont,mavericks beer company,longmont
brewery_name,1556,oskar blues brewery,payette brewing company,oskar blues brewery
brewery_name,1557,oskar blues brewery,northampton brewery,oskar blues brewery
brewery_name,1558,oskar blues brewery,payette brewing company,oskar blues brewery
brewery_name,1559,oskar blues brewery,perrin brewing company,oskar blues brewery
brewery_name,1560,oskar blues brewery,pikes peak brewing company,oskar blues brewery
brewery_name,1561,oskar blues brewery,pedernales brewing company,oskar blues brewery
brewery_name,1562,oskar blues brewery,morgan street brewery,oskar blues brewery
brewery_name,1563,oskar blues brewery,rahr & sons brewing company,oskar blues brewery
brewery_name,1564,oskar blues brewery,noda brewing company,oskar blues brewery
brewery_name,1565,oskar blues brewery,red tank cider company,oskar blues brewery
brewery_name,1566,oskar blues brewery,noda brewing company,oskar blues brewery
brewery_name,1567,oskar blues brewery,peak organic brewing company,oskar blues brewery
brewery_name,1568,oskar blues brewery,peace tree brewing company,oskar blues brewery
brewery_name,1569,oskar blues brewery,oasis texas brewing company,oskar blues brewery
brewery_name,1570,oskar blues brewery,oasis texas brewing company,oskar blues brewery
brewery_name,1571,oskar blues brewery,oasis texas brewing company,oskar blues brewery
brewery_name,1572,oskar blues brewery,pine street brewery,oskar blues brewery
brewery_name,1573,oskar blues brewery,night shift brewing,oskar blues brewery
brewery_name,1574,oskar blues brewery,night shift brewing,oskar blues brewery
brewery_name,1575,oskar blues brewery,occidental brewing company,oskar blues brewery
brewery_name,1576,oskar blues brewery,petoskey brewing,oskar blues brewery
brewery_name,1577,oskar blues brewery,notch brewing company,oskar blues brewery
brewery_name,1578,oskar blues brewery,o'fallon brewery,oskar blues brewery
brewery_name,1579,oskar blues brewery,petoskey brewing,oskar blues brewery
brewery_name,1580,oskar blues brewery,o'fallon brewery,oskar blues brewery
brewery_name,1581,oskar blues brewery,northwoods brewpub,oskar blues brewery
brewery_name,1582,oskar blues brewery,northwoods brewpub,oskar blues brewery
brewery_name,1583,oskar blues brewery,ozark beer company,oskar blues brewery
brewery_name,1584,oskar blues brewery,northwoods brewpub,oskar blues brewery
brewery_name,1585,oskar blues brewery,oakshire brewing,oskar blues brewery
brewery_name,1586,oskar blues brewery,perrin brewing company,oskar blues brewery
brewery_name,1587,oskar blues brewery,perrin brewing company,oskar blues brewery
brewery_name,1588,oskar blues brewery,orlison brewing company,oskar blues brewery
brewery_name,1589,oskar blues brewery,occidental brewing company,oskar blues brewery
brewery_name,1590,oskar blues brewery,occidental brewing company,oskar blues brewery
brewery_name,1591,oskar blues brewery,oasis texas brewing company,oskar blues brewery
brewery_name,1592,oskar blues brewery,people's brewing company,oskar blues brewery
brewery_name,1593,oskar blues brewery,oasis texas brewing company,oskar blues brewery
brewery_name,1594,oskar blues brewery,oasis texas brewing company,oskar blues brewery
brewery_name,1595,oskar blues brewery,oasis texas brewing company,oskar blues brewery
brewery_name,1596,oskar blues brewery,oskar blues brewery (north carol...,oskar blues brewery
brewery_name,1597,oskar blues brewery,payette brewing company,oskar blues brewery
brewery_name,1598,oskar blues brewery (north carol...,neshaminy creek brewing company,oskar blues brewery (north carol...
brewery_name,1599,oskar blues brewery (north carol...,neshaminy creek brewing company,oskar blues brewery (north carol...
brewery_name,1600,oskar blues brewery (north carol...,platform beer company,oskar blues brewery (north carol...
brewery_name,1601,oskar blues brewery (north carol...,new belgium brewing company,oskar blues brewery (north carol...
brewery_name,1602,oskar blues brewery (north carol...,rogue ales,oskar blues brewery (north carol...
brewery_name,1603,oskar blues brewery (north carol...,occidental brewing company,oskar blues brewery (north carol...
brewery_name,1604,otter creek brewing,pisgah brewing company,otter creek brewing
brewery_name,1605,otter creek brewing,pollyanna brewing company,otter creek brewing
brewery_name,1606,ozark beer company,petoskey brewing,ozark beer company
brewery_name,1607,palisade brewing company,pete's brewing company,palisade brewing company
brewery_name,1608,palisade brewing company,peak organic brewing company,palisade brewing company
brewery_name,1609,pateros creek brewing company,mountain town brewing company,pateros creek brewing company
brewery_name,1610,pateros creek brewing company,new england brewing company,pateros creek brewing company
brewery_name,1611,pateros creek brewing company,morgan street brewery,pateros creek brewing company
brewery_name,1612,pateros creek brewing company,mother's brewing,pateros creek brewing company
brewery_name,1613,pateros creek brewing company,montauk brewing company,pateros creek brewing company
brewery_name,1614,payette brewing company,ozark beer company,payette brewing company
brewery_name,1616,payette brewing company,orpheus brewing,payette brewing company
brewery_name,1617,payette brewing company,odyssey beerwerks,payette brewing company
brewery_name,1618,payette brewing company,o'fallon brewery,payette brewing company
brewery_name,1619,peace tree brewing company,ozark beer company,peace tree brewing company
brewery_name,1620,peak organic brewing company,portside brewery,peak organic brewing company
brewery_name,1621,peak organic brewing company,rahr & sons brewing company,peak organic brewing company
brewery_name,1622,pedernales brewing company,northampton brewery,pedernales brewing company
brewery_name,1623,pedernales brewing company,oskar blues brewery,pedernales brewing company
brewery_name,1624,people's brewing company,pollyanna brewing company,people's brewing company
brewery_name,1625,people's brewing company,pisgah brewing company,people's brewing company
brewery_name,1626,people's brewing company,petoskey brewing,people's brewing company
brewery_name,1627,people's brewing company,perrin brewing company,people's brewing company
brewery_name,1628,perrin brewing company,old forge brewing company,perrin brewing company
brewery_name,1629,perrin brewing company,orpheus brewing,perrin brewing company
brewery_name,1630,perrin brewing company,pedernales brewing company,perrin brewing company
brewery_name,1631,perrin brewing company,phoenix ale brewery,perrin brewing company
brewery_name,1632,perrin brewing company,peace tree brewing company,perrin brewing company
brewery_name,1633,perrin brewing company,pateros creek brewing company,perrin brewing company
brewery_name,1634,pete's brewing company,prescott brewing company,pete's brewing company
brewery_name,1635,pete's brewing company,prescott brewing company,pete's brewing company
brewery_name,1636,pete's brewing company,pug ryan's brewery,pete's brewing company
brewery_name,1637,pete's brewing company,prescott brewing company,pete's brewing company
brewery_name,1638,pete's brewing company,prescott brewing company,pete's brewing company
brewery_name,1639,pete's brewing company,prescott brewing company,pete's brewing company
brewery_name,1640,pete's brewing company,prescott brewing company,pete's brewing company
brewery_name,1641,petoskey brewing,okoboji brewing company,petoskey brewing
brewery_name,1642,petoskey brewing,odyssey beerwerks,petoskey brewing
brewery_name,1643,petoskey brewing,o'fallon brewery,petoskey brewing
brewery_name,1644,petoskey brewing,refuge brewery,petoskey brewing
brewery_name,1645,phoenix ale brewery,portside brewery,phoenix ale brewery
brewery_name,1646,pikes peak brewing company,old forge brewing company,pikes peak brewing company
brewery_name,1647,pikes peak brewing company,old forge brewing company,pikes peak brewing company
brewery_name,1648,pikes peak brewing company,palisade brewing company,pikes peak brewing company
brewery_name,1649,pine street brewery,otter creek brewing,pine street brewery
brewery_name,1650,pine street brewery,pipeworks brewing company,pine street brewery
brewery_name,1651,piney river brewing company,natian brewery,piney river brewing company
brewery_name,1652,piney river brewing company,newburyport brewing company,piney river brewing company
brewery_name,1653,piney river brewing company,mountain town brewing company,piney river brewing company
brewery_name,1654,piney river brewing company,mountain town brewing company,piney river brewing company
brewery_name,1655,piney river brewing company,morgan street brewery,piney river brewing company
brewery_name,1656,piney river brewing company,mogollon brewing company,piney river brewing company
brewery_name,1657,piney river brewing company,moab brewery,piney river brewing company
brewery_name,1658,piney river brewing company,newburyport brewing company,piney river brewing company
brewery_name,1659,pipeworks brewing company,o'fallon brewery,pipeworks brewing company
brewery_name,1660,pisgah brewing company,pateros creek brewing company,pisgah brewing company
brewery_name,1661,pisgah brewing company,old forge brewing company,pisgah brewing company
brewery_name,1662,pizza port brewing company,newburgh brewing company,pizza port brewing company
brewery_name,1663,pizza port brewing company,new south brewing company,pizza port brewing company
brewery_name,1664,pizza port brewing company,new orleans lager & ale brewing ...,pizza port brewing company
brewery_name,1665,platform beer company,petoskey brewing,platform beer company
brewery_name,1666,pollyanna brewing company,portside brewery,pollyanna brewing company
brewery_name,1667,portside brewery,pete's brewing company,portside brewery
brewery_name,1668,prescott brewing company,pikes peak brewing company,prescott brewing company
brewery_name,1669,prescott brewing company,phoenix ale brewery,prescott brewing company
brewery_name,1670,pug ryan's brewery,otter creek brewing,pug ryan's brewery
brewery_name,1671,pug ryan's brewery,o'fallon brewery,pug ryan's brewery
brewery_name,1672,pug ryan's brewery,o'fallon brewery,pug ryan's brewery
brewery_name,1673,pug ryan's brewery,okoboji brewing company,pug ryan's brewery
brewery_name,1674,pug ryan's brewery,peak organic brewing company,pug ryan's brewery
brewery_name,1675,pug ryan's brewery,northampton brewery,pug ryan's brewery
brewery_name,1676,pug ryan's brewery,night shift brewing,pug ryan's brewery
brewery_name,1677,pyramid breweries,pisgah brewing company,pyramid breweries
brewery_name,1678,pyramid breweries,old forge brewing company,pyramid breweries
brewery_name,1679,quest brewing company,pipeworks brewing company,quest brewing company
brewery_name,1680,quest brewing company,pine street brewery,quest brewing company
brewery_name,1681,rahr & sons brewing company,pine street brewery,rahr & sons brewing company
brewery_name,1682,rahr & sons brewing company,quest brewing company,rahr & sons brewing company
brewery_name,1683,real ale brewing company,new orleans lager & ale brewing ...,real ale brewing company
brewery_name,1684,real ale brewing company,northgate brewing,real ale brewing company
brewery_name,1685,real ale brewing company,oskar blues brewery,real ale brewing company
brewery_name,1686,real ale brewing company,oskar blues brewery,real ale brewing company
brewery_name,1687,real ale brewing company,orpheus brewing,real ale brewing company
brewery_name,1688,real ale brewing company,oskar blues brewery (north carol...,real ale brewing company
brewery_name,1689,real ale brewing company,payette brewing company,real ale brewing company
brewery_name,1690,real ale brewing company,oakshire brewing,real ale brewing company
brewery_name,1691,red hare brewing company,platform beer company,red hare brewing company
brewery_name,1692,red hare brewing company,prescott brewing company,red hare brewing company
brewery_name,1693,red hare brewing company,pine street brewery,red hare brewing company
brewery_name,1694,red shedman farm brewery and hop...,otter creek brewing,red shedman farm brewery and hop...
brewery_name,1695,red shedman farm brewery and hop...,pedernales brewing company,red shedman farm brewery and hop...
brewery_name,1696,red shedman farm brewery and hop...,peak organic brewing company,red shedman farm brewery and hop...
brewery_name,1697,red shedman farm brewery and hop...,palisade brewing company,red shedman farm brewery and hop...
brewery_name,1698,red shedman farm brewery and hop...,northwoods brewpub,red shedman farm brewery and hop...
brewery_name,1699,red tank cider company,northgate brewing,red tank cider company
brewery_name,1700,redhook brewery,platform beer company,redhook brewery
brewery_name,1701,redhook brewery,revolution brewing,redhook brewery
brewery_name,1702,redhook brewery,rahr & sons brewing company,redhook brewery
brewery_name,1703,redstone meadery,noda brewing company,redstone meadery
brewery_name,1704,redstone meadery,noda brewing company,redstone meadery
brewery_name,1705,redstone meadery,noda brewing company,redstone meadery
brewery_name,1706,refuge brewery,occidental brewing company,refuge brewery
brewery_name,1707,renegade brewing company,phoenix ale brewery,renegade brewing company
brewery_name,1708,renegade brewing company,phoenix ale brewery,renegade brewing company
brewery_name,1709,renegade brewing company,rising tide brewing company,renegade brewing company
brewery_name,1710,renegade brewing company,pisgah brewing company,renegade brewing company
brewery_name,1711,renegade brewing company,new republic brewing company,renegade brewing company
brewery_name,1712,renegade brewing company,saint archer brewery,renegade brewing company
brewery_name,1713,revolution brewing,peak organic brewing company,revolution brewing
brewery_name,1714,revolution brewing,peak organic brewing company,revolution brewing
brewery_name,1715,revolution brewing,pedernales brewing company,revolution brewing
brewery_name,1716,revolution brewing,peace tree brewing company,revolution brewing
brewery_name,1717,revolution brewing,sanitas brewing company,revolution brewing
brewery_name,1718,revolution brewing,peak organic brewing company,revolution brewing
brewery_name,1719,revolution brewing,pisgah brewing company,revolution brewing
brewery_name,1720,revolution brewing,pisgah brewing company,revolution brewing
brewery_name,1721,revolution brewing company,pine street brewery,revolution brewing company
brewery_name,1722,revolution brewing company,peace tree brewing company,revolution brewing company
brewery_name,1723,revolution brewing company,northwoods brewpub,revolution brewing company
brewery_name,1724,revolution brewing company,okoboji brewing company,revolution brewing company
brewery_name,1725,revolution brewing company,oasis texas brewing company,revolution brewing company
brewery_name,1726,revolution brewing company,okoboji brewing company,revolution brewing company
brewery_name,1727,revolution brewing company,perrin brewing company,revolution brewing company
brewery_name,1728,revolution brewing company,northgate brewing,revolution brewing company
brewery_name,1729,rhinegeist brewery,prescott brewing company,rhinegeist brewery
brewery_name,1730,rhinegeist brewery,pollyanna brewing company,rhinegeist brewery
brewery_name,1731,rhinegeist brewery,pyramid breweries,rhinegeist brewery
brewery_name,1732,rhinegeist brewery,pikes peak brewing company,rhinegeist brewery
brewery_name,1733,rhinegeist brewery,orpheus brewing,rhinegeist brewery
brewery_name,1734,rhinegeist brewery,pizza port brewing company,rhinegeist brewery
brewery_name,1735,rhinegeist brewery,pyramid breweries,rhinegeist brewery
brewery_name,1736,rhinegeist brewery,pete's brewing company,rhinegeist brewery
brewery_name,1737,right brain brewery,pisgah brewing company,right brain brewery
brewery_name,1738,rising tide brewing company,perrin brewing company,rising tide brewing company
brewery_name,1739,rising tide brewing company,pikes peak brewing company,rising tide brewing company
brewery_name,1740,river north brewery,northwoods brewpub,river north brewery
brewery_name,1741,river north brewery,o'fallon brewery,river north brewery
brewery_name,1742,rivertown brewing company,pete's brewing company,rivertown brewing company
brewery_name,1743,rivertown brewing company,petoskey brewing,rivertown brewing company
brewery_name,1744,rivertowne brewing company,revolution brewing company,rivertowne brewing company
brewery_name,1745,rivertowne brewing company,prescott brewing company,rivertowne brewing company
brewery_name,1746,rivertowne brewing company,platform beer company,rivertowne brewing company
brewery_name,1747,rivertowne brewing company,rahr & sons brewing company,rivertowne brewing company
brewery_name,1748,rivertowne brewing company,pizza port brewing company,rivertowne brewing company
brewery_name,1749,rivertowne brewing company,pug ryan's brewery,rivertowne brewing company
brewery_name,1750,rivertowne brewing company,pyramid breweries,rivertowne brewing company
brewery_name,1751,rivertowne brewing company,quest brewing company,rivertowne brewing company
brewery_name,1752,rivertowne brewing company,pyramid breweries,rivertowne brewing company
brewery_name,1753,rivertowne brewing company,platform beer company,rivertowne brewing company
brewery_name,1754,rivertowne brewing company,pikes peak brewing company,rivertowne brewing company
brewery_name,1755,rivertowne brewing company,phoenix ale brewery,rivertowne brewing company
brewery_name,1756,rivertowne brewing company,platform beer company,rivertowne brewing company
brewery_name,1757,rivertowne brewing company,pizza port brewing company,rivertowne brewing company
brewery_name,1758,rivertowne brewing company,piney river brewing company,rivertowne brewing company
brewery_name,1759,roanoke railhouse brewery,pipeworks brewing company,roanoke railhouse brewery
brewery_name,1760,rochester mills brewing company,pine street brewery,rochester mills brewing company
brewery_name,1761,rochester mills brewing company,piney river brewing company,rochester mills brewing company
brewery_name,1762,rochester mills brewing company,piney river brewing company,rochester mills brewing company
brewery_name,1763,rochester mills brewing company,pine street brewery,rochester mills brewing company
brewery_name,1764,rochester mills brewing company,petoskey brewing,rochester mills brewing company
brewery_name,1765,rochester mills brewing company,pikes peak brewing company,rochester mills brewing company
brewery_name,1766,rochester mills brewing company,rahr & sons brewing company,rochester mills brewing company
brewery_name,1767,rogue ales,pine street brewery,rogue ales
brewery_name,1768,roughtail brewing company,pisgah brewing company,roughtail brewing company
brewery_name,1769,roughtail brewing company,pizza port brewing company,roughtail brewing company
brewery_name,1770,roughtail brewing company,pete's brewing company,roughtail brewing company
brewery_name,1771,round guys brewing,real ale brewing company,round guys brewing
brewery_name,1772,round guys brewing,renegade brewing company,round guys brewing
brewery_name,1773,round guys brewing,red tank cider company,round guys brewing
brewery_name,1774,round guys brewing,red tank cider company,round guys brewing
brewery_name,1775,round guys brewing,refuge brewery,round guys brewing
brewery_name,1776,round guys brewing,redstone meadery,round guys brewing
brewery_name,1777,round guys brewing,portside brewery,round guys brewing
brewery_name,1778,ruhstaller beer company,quest brewing company,ruhstaller beer company
brewery_name,1779,ruhstaller beer company,red shedman farm brewery and hop...,ruhstaller beer company
brewery_name,1780,ruhstaller beer company,rahr & sons brewing company,ruhstaller beer company
brewery_name,1781,ruhstaller beer company,rivertowne brewing company,ruhstaller beer company
brewery_name,1782,ruhstaller beer company,perrin brewing company,ruhstaller beer company
brewery_name,1783,saint archer brewery,platform beer company,saint archer brewery
brewery_name,1784,saint archer brewery,refuge brewery,saint archer brewery
brewery_name,1785,saint archer brewery,red shedman farm brewery and hop...,saint archer brewery
brewery_name,1786,saint archer brewery,pyramid breweries,saint archer brewery
brewery_name,1787,santan brewing company,pete's brewing company,santan brewing company
brewery_name,1788,santan brewing company,northgate brewing,santan brewing company
brewery_name,1789,santan brewing company,pizza port brewing company,santan brewing company
brewery_name,1790,santan brewing company,petoskey brewing,santan brewing company
brewery_name,1791,santan brewing company,peak organic brewing company,santan brewing company
brewery_name,1792,santan brewing company,perrin brewing company,santan brewing company
brewery_name,1793,santan brewing company,people's brewing company,santan brewing company
brewery_name,1794,santan brewing company,ozark beer company,santan brewing company
brewery_name,1795,santan brewing company,old forge brewing company,santan brewing company
brewery_name,1796,santan brewing company,pisgah brewing company,santan brewing company
brewery_name,1797,santan brewing company,oskar blues brewery,santan brewing company
brewery_name,1798,santan brewing company,pedernales brewing company,santan brewing company
brewery_name,1799,santan brewing company,peace tree brewing company,santan brewing company
brewery_name,1800,santan brewing company,orlison brewing company,santan brewing company
brewery_name,1801,santan brewing company,petoskey brewing,santan brewing company
brewery_name,1802,santan brewing company,piney river brewing company,santan brewing company
brewery_name,1803,santan brewing company,oasis texas brewing company,santan brewing company
brewery_name,1804,santan brewing company,pateros creek brewing company,santan brewing company
brewery_name,1805,santan brewing company,odyssey beerwerks,santan brewing company
brewery_name,1806,sanitas brewing company,old forge brewing company,sanitas brewing company
brewery_name,1807,sanitas brewing company,pine street brewery,sanitas brewing company
brewery_name,1808,santa cruz mountain brewing,rivertowne brewing company,santa cruz mountain brewing
brewery_name,1809,santa cruz mountain brewing,red shedman farm brewery and hop...,santa cruz mountain brewing
brewery_name,1810,santa cruz mountain brewing,pine street brewery,santa cruz mountain brewing
brewery_name,1811,santa fe brewing company,revolution brewing,santa fe brewing company
brewery_name,1812,santa fe brewing company,roughtail brewing company,santa fe brewing company
brewery_name,1813,santa fe brewing company,rising tide brewing company,santa fe brewing company
brewery_name,1814,santa fe brewing company,right brain brewery,santa fe brewing company
brewery_name,1815,santa fe brewing company,right brain brewery,santa fe brewing company
brewery_name,1816,santa fe brewing company,right brain brewery,santa fe brewing company
brewery_name,1817,santa fe brewing company,renegade brewing company,santa fe brewing company
brewery_name,1818,saugatuck brewing company,oakshire brewing,saugatuck brewing company
brewery_name,1819,schilling & company,roughtail brewing company,schilling & company
brewery_name,1820,schilling & company,roughtail brewing company,schilling & company
brewery_name,1821,schilling & company,rogue ales,schilling & company
brewery_name,1822,schlafly brewing company,rising tide brewing company,schlafly brewing company
brewery_name,1823,schlafly brewing company,rising tide brewing company,schlafly brewing company
brewery_name,1824,schlafly brewing company,refuge brewery,schlafly brewing company
brewery_name,1825,schlafly brewing company,refuge brewery,schlafly brewing company
brewery_name,1826,schlafly brewing company,real ale brewing company,schlafly brewing company
brewery_name,1827,schlafly brewing company,rahr & sons brewing company,schlafly brewing company
brewery_name,1828,sea dog brewing company,revolution brewing company,sea dog brewing company
brewery_name,1829,seabright brewery,refuge brewery,seabright brewery
brewery_name,1830,seattle cider company,pug ryan's brewery,seattle cider company
brewery_name,1831,seattle cider company,pug ryan's brewery,seattle cider company
brewery_name,1832,seven brides brewery,revolution brewing company,seven brides brewery
brewery_name,1833,seven brides brewery,real ale brewing company,seven brides brewery
brewery_name,1834,seventh son brewing company,perrin brewing company,seventh son brewing company
brewery_name,1835,seventh son brewing company,okoboji brewing company,seventh son brewing company
brewery_name,1836,seventh son brewing company,pedernales brewing company,seventh son brewing company
brewery_name,1837,seventh son brewing company,perrin brewing company,seventh son brewing company
brewery_name,1838,seventh son brewing company,pikes peak brewing company,seventh son brewing company
brewery_name,1839,shebeen brewing company,right brain brewery,shebeen brewing company
brewery_name,1840,sherwood forest brewers,redhook brewery,sherwood forest brewers
brewery_name,1841,shipyard brewing company,roanoke railhouse brewery,shipyard brewing company
brewery_name,1842,shipyard brewing company,rhinegeist brewery,shipyard brewing company
brewery_name,1843,shipyard brewing company,rising tide brewing company,shipyard brewing company
brewery_name,1844,shipyard brewing company,revolution brewing company,shipyard brewing company
brewery_name,1845,sierra nevada brewing company,portside brewery,sierra nevada brewing company
brewery_name,1846,sierra nevada brewing company,quest brewing company,sierra nevada brewing company
brewery_name,1847,sierra nevada brewing company,platform beer company,sierra nevada brewing company
brewery_name,1848,sierra nevada brewing company,platform beer company,sierra nevada brewing company
brewery_name,1849,sierra nevada brewing company,ozark beer company,sierra nevada brewing company
brewery_name,1850,sierra nevada brewing company,phoenix ale brewery,sierra nevada brewing company
brewery_name,1851,sierra nevada brewing company,petoskey brewing,sierra nevada brewing company
brewery_name,1852,sierra nevada brewing company,payette brewing company,sierra nevada brewing company
brewery_name,1853,sierra nevada brewing company,perrin brewing company,sierra nevada brewing company
brewery_name,1854,sietsema orchards and cider mill,peak organic brewing company,sietsema orchards and cider mill
brewery_name,1855,silverton brewery,redhook brewery,silverton brewery
brewery_name,1856,silverton brewery,redhook brewery,silverton brewery
brewery_name,1857,silverton brewery,redhook brewery,silverton brewery
brewery_name,1858,sixpoint craft ales,refuge brewery,sixpoint craft ales
brewery_name,1859,sixpoint craft ales,perrin brewing company,sixpoint craft ales
brewery_name,1860,sixpoint craft ales,red shedman farm brewery and hop...,sixpoint craft ales
brewery_name,1861,sixpoint craft ales,oakshire brewing,sixpoint craft ales
brewery_name,1862,sixpoint craft ales,south austin brewery,sixpoint craft ales
brewery_name,1863,sixpoint craft ales,redhook brewery,sixpoint craft ales
brewery_name,1864,sixpoint craft ales,revolution brewing company,sixpoint craft ales
brewery_name,1865,sixpoint craft ales,redstone meadery,sixpoint craft ales
brewery_name,1866,sixpoint craft ales,pikes peak brewing company,sixpoint craft ales
brewery_name,1867,sixpoint craft ales,otter creek brewing,sixpoint craft ales
brewery_name,1868,sixpoint craft ales,oskar blues brewery (north carol...,sixpoint craft ales
brewery_name,1869,sixpoint craft ales,pateros creek brewing company,sixpoint craft ales
brewery_name,1870,sixpoint craft ales,pete's brewing company,sixpoint craft ales
brewery_name,1871,sixpoint craft ales,red hare brewing company,sixpoint craft ales
brewery_name,1872,sixpoint craft ales,otter creek brewing,sixpoint craft ales
brewery_name,1873,sixpoint craft ales,north country brewing company,sixpoint craft ales
brewery_name,1874,sixpoint craft ales,notch brewing company,sixpoint craft ales
brewery_name,1875,sixpoint craft ales,rahr & sons brewing company,sixpoint craft ales
brewery_name,1876,sixpoint craft ales,payette brewing company,sixpoint craft ales
brewery_name,1877,sixpoint craft ales,okoboji brewing company,sixpoint craft ales
brewery_name,1878,sixpoint craft ales,odyssey beerwerks,sixpoint craft ales
brewery_name,1879,sixpoint craft ales,oakshire brewing,sixpoint craft ales
brewery_name,1880,sixpoint craft ales,orpheus brewing,sixpoint craft ales
brewery_name,1881,sixpoint craft ales,ozark beer company,sixpoint craft ales
brewery_name,1882,ska brewing company,pyramid breweries,ska brewing company
brewery_name,1883,ska brewing company,prescott brewing company,ska brewing company
brewery_name,1884,ska brewing company,redstone meadery,ska brewing company
brewery_name,1885,ska brewing company,pikes peak brewing company,ska brewing company
brewery_name,1886,ska brewing company,pollyanna brewing company,ska brewing company
brewery_name,1887,ska brewing company,platform beer company,ska brewing company
brewery_name,1888,ska brewing company,pisgah brewing company,ska brewing company
brewery_name,1889,ska brewing company,people's brewing company,ska brewing company
brewery_name,1890,ska brewing company,pipeworks brewing company,ska brewing company
brewery_name,1891,ska brewing company,piney river brewing company,ska brewing company
brewery_name,1892,ska brewing company,platform beer company,ska brewing company
brewery_name,1893,ska brewing company,portside brewery,ska brewing company
brewery_name,1894,slanted rock brewing company,renegade brewing company,slanted rock brewing company
brewery_name,1895,slanted rock brewing company,rivertowne brewing company,slanted rock brewing company
brewery_name,1896,slapshot brewing company,o'fallon brewery,slapshot brewing company
brewery_name,1897,slapshot brewing company,night shift brewing,slapshot brewing company
brewery_name,1898,sleeping lady brewing company,pateros creek brewing company,sleeping lady brewing company
brewery_name,1899,sly fox brewing company,schlafly brewing company,sly fox brewing company
brewery_name,1900,sly fox brewing company,refuge brewery,sly fox brewing company
brewery_name,1901,sly fox brewing company,rivertown brewing company,sly fox brewing company
brewery_name,1902,sly fox brewing company,roughtail brewing company,sly fox brewing company
brewery_name,1903,sly fox brewing company,revolution brewing company,sly fox brewing company
brewery_name,1904,sly fox brewing company,refuge brewery,sly fox brewing company
brewery_name,1905,sly fox brewing company,santa cruz mountain brewing,sly fox brewing company
brewery_name,1906,sly fox brewing company,revolution brewing,sly fox brewing company
brewery_name,1907,sly fox brewing company,round guys brewing,sly fox brewing company
brewery_name,1908,sly fox brewing company,rhinegeist brewery,sly fox brewing company
brewery_name,1909,sly fox brewing company,redstone meadery,sly fox brewing company
brewery_name,1910,sly fox brewing company,rogue ales,sly fox brewing company
brewery_name,1911,sly fox brewing company,rising tide brewing company,sly fox brewing company
brewery_name,1912,smartmouth brewing company,seattle cider company,smartmouth brewing company
brewery_name,1913,smartmouth brewing company,santan brewing company,smartmouth brewing company
brewery_name,1914,smartmouth brewing company,roanoke railhouse brewery,smartmouth brewing company
brewery_name,1915,snake river brewing company,rogue ales,snake river brewing company
brewery_name,1916,snake river brewing company,rogue ales,snake river brewing company
brewery_name,1917,snake river brewing company,redhook brewery,snake river brewing company
brewery_name,1918,snake river brewing company,pyramid breweries,snake river brewing company
brewery_name,1919,snake river brewing company,platform beer company,snake river brewing company
brewery_name,1920,snake river brewing company,red shedman farm brewery and hop...,snake river brewing company
brewery_name,1921,snake river brewing company,revolution brewing company,snake river brewing company
brewery_name,1922,sockeye brewing company,pollyanna brewing company,sockeye brewing company
brewery_name,1923,sockeye brewing company,prescott brewing company,sockeye brewing company
brewery_name,1924,sockeye brewing company,redstone meadery,sockeye brewing company
brewery_name,1925,sockeye brewing company,redstone meadery,sockeye brewing company
brewery_name,1926,sockeye brewing company,palisade brewing company,sockeye brewing company
brewery_name,1927,sockeye brewing company,quest brewing company,sockeye brewing company
brewery_name,1928,sockeye brewing company,pollyanna brewing company,sockeye brewing company
brewery_name,1929,sockeye brewing company,ozark beer company,sockeye brewing company
brewery_name,1930,sockeye brewing company,oskar blues brewery (north carol...,sockeye brewing company
brewery_name,1931,sockeye brewing company,pisgah brewing company,sockeye brewing company
brewery_name,1932,sockeye brewing company,red shedman farm brewery and hop...,sockeye brewing company
brewery_name,1933,sockeye brewing company,pyramid breweries,sockeye brewing company
brewery_name,1934,sockeye brewing company,pipeworks brewing company,sockeye brewing company
brewery_name,1935,sockeye brewing company,pete's brewing company,sockeye brewing company
brewery_name,1936,sockeye brewing company,pizza port brewing company,sockeye brewing company
brewery_name,1937,sockeye brewing company,piney river brewing company,sockeye brewing company
brewery_name,1938,sockeye brewing company,red hare brewing company,sockeye brewing company
brewery_name,1939,south austin brewery,portside brewery,south austin brewery
brewery_name,1940,south austin brewery,red shedman farm brewery and hop...,south austin brewery
brewery_name,1941,south austin brewery,prescott brewing company,south austin brewery
brewery_name,1942,south austin brewery,pisgah brewing company,south austin brewery
brewery_name,1943,southampton publick house,santa fe brewing company,southampton publick house
brewery_name,1944,southern oregon brewing company,pipeworks brewing company,southern oregon brewing company
brewery_name,1945,southern oregon brewing company,quest brewing company,southern oregon brewing company
brewery_name,1946,southern prohibition brewing com...,prescott brewing company,southern prohibition brewing com...
brewery_name,1947,southern prohibition brewing com...,portside brewery,southern prohibition brewing com...
brewery_name,1948,southern prohibition brewing com...,rising tide brewing company,southern prohibition brewing com...
brewery_name,1949,southern prohibition brewing com...,roanoke railhouse brewery,southern prohibition brewing com...
brewery_name,1950,southern prohibition brewing com...,revolution brewing,southern prohibition brewing com...
brewery_name,1951,southern prohibition brewing com...,prescott brewing company,southern prohibition brewing com...
brewery_name,1952,southern prohibition brewing com...,people's brewing company,southern prohibition brewing com...
brewery_name,1953,southern prohibition brewing com...,peak organic brewing company,southern prohibition brewing com...
brewery_name,1954,southern prohibition brewing com...,pizza port brewing company,southern prohibition brewing com...
brewery_name,1955,southern star brewing company,rivertown brewing company,southern star brewing company
brewery_name,1956,southern star brewing company,red tank cider company,southern star brewing company
brewery_name,1957,southern star brewing company,pyramid breweries,southern star brewing company
brewery_name,1958,southern star brewing company,rogue ales,southern star brewing company
brewery_name,1959,southern star brewing company,rivertowne brewing company,southern star brewing company
brewery_name,1960,southern star brewing company,rhinegeist brewery,southern star brewing company
brewery_name,1961,southern star brewing company,pug ryan's brewery,southern star brewing company
brewery_name,1962,southern star brewing company,otter creek brewing,southern star brewing company
brewery_name,1963,southern star brewing company,revolution brewing company,southern star brewing company
brewery_name,1964,southern star brewing company,pug ryan's brewery,southern star brewing company
brewery_name,1965,southern star brewing company,pisgah brewing company,southern star brewing company
brewery_name,1966,southern star brewing company,pug ryan's brewery,southern star brewing company
brewery_name,1967,southern star brewing company,ozark beer company,southern star brewing company
brewery_name,1968,southern star brewing company,pipeworks brewing company,southern star brewing company
brewery_name,1969,speakasy ales & lagers,rising tide brewing company,speakasy ales & lagers
brewery_name,1970,spilker ales,peak organic brewing company,spilker ales
brewery_name,1971,spiteful brewing company,pine street brewery,spiteful brewing company
brewery_name,1972,spiteful brewing company,pikes peak brewing company,spiteful brewing company
brewery_name,1973,spiteful brewing company,pikes peak brewing company,spiteful brewing company
brewery_name,1974,spiteful brewing company,pikes peak brewing company,spiteful brewing company
brewery_name,1975,spiteful brewing company,pikes peak brewing company,spiteful brewing company
brewery_name,1976,spiteful brewing company,pikes peak brewing company,spiteful brewing company
brewery_name,1977,spiteful brewing company,red hare brewing company,spiteful brewing company
brewery_name,1978,spiteful brewing company,petoskey brewing,spiteful brewing company
brewery_name,1979,spiteful brewing company,red shedman farm brewery and hop...,spiteful brewing company
brewery_name,1980,spiteful brewing company,redhook brewery,spiteful brewing company
brewery_name,1981,spiteful brewing company,rahr & sons brewing company,spiteful brewing company
brewery_name,1982,spiteful brewing company,red hare brewing company,spiteful brewing company
brewery_name,1983,sprecher brewing company,pollyanna brewing company,sprecher brewing company
brewery_name,1984,sprecher brewing company,pollyanna brewing company,sprecher brewing company
brewery_name,1985,spring house brewing company,revolution brewing company,spring house brewing company
brewery_name,1986,st. julian winery,pug ryan's brewery,st. julian winery
brewery_name,1987,starr hill brewery,pollyanna brewing company,starr hill brewery
brewery_name,1988,starr hill brewery,pipeworks brewing company,starr hill brewery
brewery_name,1989,starr hill brewery,pete's brewing company,starr hill brewery
brewery_name,1990,starr hill brewery,redhook brewery,starr hill brewery
brewery_name,1991,steamworks brewing company,renegade brewing company,steamworks brewing company
brewery_name,1992,steamworks brewing company,pine street brewery,steamworks brewing company
brewery_name,1993,steamworks brewing company,pisgah brewing company,steamworks brewing company
brewery_name,1994,steamworks brewing company,red hare brewing company,steamworks brewing company
brewery_name,1995,stevens point brewery,santan brewing company,stevens point brewery
brewery_name,1996,stevens point brewery,santan brewing company,stevens point brewery
brewery_name,1997,stevens point brewery,seabright brewery,stevens point brewery
brewery_name,1998,stevens point brewery,saint archer brewery,stevens point brewery
brewery_name,1999,stevens point brewery,saint archer brewery,stevens point brewery
brewery_name,2000,stevens point brewery,sierra nevada brewing company,stevens point brewery
brewery_name,2001,stevens point brewery,saint archer brewery,stevens point brewery
brewery_name,2002,stevens point brewery,saint archer brewery,stevens point brewery
brewery_name,2003,stevens point brewery,rahr & sons brewing company,stevens point brewery
brewery_name,2004,stevens point brewery,seattle cider company,stevens point brewery
brewery_name,2005,stevens point brewery,pollyanna brewing company,stevens point brewery
brewery_name,2006,stevens point brewery,prescott brewing company,stevens point brewery
brewery_name,2007,stevens point brewery,roanoke railhouse brewery,stevens point brewery
brewery_name,2008,stevens point brewery,roanoke railhouse brewery,stevens point brewery
brewery_name,2009,stevens point brewery,schilling & company,stevens point brewery
brewery_name,2010,stevens point brewery,round guys brewing,stevens point brewery
brewery_name,2011,stevens point brewery,ruhstaller beer company,stevens point brewery
brewery_name,2012,stevens point brewery,saint archer brewery,stevens point brewery
brewery_name,2013,stevens point brewery,river north brewery,stevens point brewery
brewery_name,2014,stevens point brewery,saint archer brewery,stevens point brewery
brewery_name,2015,stevens point brewery,rivertown brewing company,stevens point brewery
brewery_name,2016,stevens point brewery,rising tide brewing company,stevens point brewery
brewery_name,2017,stillmank beer company,pine street brewery,stillmank beer company
brewery_name,2018,stillwater artisanal ales,refuge brewery,stillwater artisanal ales
brewery_name,2019,stillwater artisanal ales,redhook brewery,stillwater artisanal ales
brewery_name,2020,stillwater artisanal ales,pug ryan's brewery,stillwater artisanal ales
brewery_name,2021,stone coast brewing company,rochester mills brewing company,stone coast brewing company
brewery_name,2022,straight to ale,red hare brewing company,straight to ale
brewery_name,2023,straight to ale,red hare brewing company,straight to ale
brewery_name,2024,straight to ale,refuge brewery,straight to ale
brewery_name,2025,straub brewery,seattle,straub brewery
brewery_name,2026,straub brewery,ruhstaller beer company,straub brewery
brewery_name,2027,straub brewery,ruhstaller beer company,straub brewery
brewery_name,2028,straub brewery,rogue ales,straub brewery
brewery_name,2029,summit brewing company,saugatuck brewing company,summit brewing company
brewery_name,2030,summit brewing company,santa fe brewing company,summit brewing company
brewery_name,2031,summit brewing company,redstone meadery,summit brewing company
brewery_name,2032,summit brewing company,revolution brewing,summit brewing company
brewery_name,2033,sun king brewing company,pollyanna brewing company,sun king brewing company
brewery_name,2034,sun king brewing company,piney river brewing company,sun king brewing company
brewery_name,2035,sun king brewing company,pipeworks brewing company,sun king brewing company
brewery_name,2036,sun king brewing company,pine street brewery,sun king brewing company
brewery_name,2037,sun king brewing company,pedernales brewing company,sun king brewing company
brewery_name,2038,sun king brewing company,pisgah brewing company,sun king brewing company
brewery_name,2039,sun king brewing company,pete's brewing company,sun king brewing company
brewery_name,2040,sun king brewing company,people's brewing company,sun king brewing company
brewery_name,2041,sun king brewing company,pyramid breweries,sun king brewing company
brewery_name,2042,sun king brewing company,rahr & sons brewing company,sun king brewing company
brewery_name,2043,sun king brewing company,rahr & sons brewing company,sun king brewing company
brewery_name,2044,sun king brewing company,pyramid breweries,sun king brewing company
brewery_name,2045,sun king brewing company,pollyanna brewing company,sun king brewing company
brewery_name,2046,sun king brewing company,pete's brewing company,sun king brewing company
brewery_name,2047,sun king brewing company,pollyanna brewing company,sun king brewing company
brewery_name,2048,sun king brewing company,quest brewing company,sun king brewing company
brewery_name,2049,sun king brewing company,platform beer company,sun king brewing company
brewery_name,2050,sun king brewing company,pug ryan's brewery,sun king brewing company
brewery_name,2051,sun king brewing company,petoskey brewing,sun king brewing company
brewery_name,2052,sun king brewing company,pizza port brewing company,sun king brewing company
brewery_name,2053,sun king brewing company,pisgah brewing company,sun king brewing company
brewery_name,2054,sun king brewing company,petoskey brewing,sun king brewing company
brewery_name,2055,sun king brewing company,pedernales brewing company,sun king brewing company
brewery_name,2056,sun king brewing company,portside brewery,sun king brewing company
brewery_name,2057,sun king brewing company,pisgah brewing company,sun king brewing company
brewery_name,2058,sun king brewing company,perrin brewing company,sun king brewing company
brewery_name,2059,sun king brewing company,perrin brewing company,sun king brewing company
brewery_name,2060,sun king brewing company,petoskey brewing,sun king brewing company
brewery_name,2061,sun king brewing company,petoskey brewing,sun king brewing company
brewery_name,2062,sun king brewing company,pisgah brewing company,sun king brewing company
brewery_name,2063,sun king brewing company,red tank cider company,sun king brewing company
brewery_name,2064,sun king brewing company,petoskey brewing,sun king brewing company
brewery_name,2065,sun king brewing company,real ale brewing company,sun king brewing company
brewery_name,2066,sun king brewing company,pete's brewing company,sun king brewing company
brewery_name,2067,sun king brewing company,pug ryan's brewery,sun king brewing company
brewery_name,2068,sun king brewing company,perrin brewing company,sun king brewing company
brewery_name,2069,sun king brewing company,pedernales brewing company,sun king brewing company
brewery_name,2070,sun king brewing company,pollyanna brewing company,sun king brewing company
brewery_name,2071,sunken city brewing company,rogue ales,sunken city brewing company
brewery_name,2072,sunken city brewing company,rochester mills brewing company,sunken city brewing company
brewery_name,2073,surly brewing company,prescott brewing company,surly brewing company
brewery_name,2074,surly brewing company,pisgah brewing company,surly brewing company
brewery_name,2075,surly brewing company,pyramid breweries,surly brewing company
brewery_name,2076,surly brewing company,platform beer company,surly brewing company
brewery_name,2077,surly brewing company,pollyanna brewing company,surly brewing company
brewery_name,2078,surly brewing company,palisade brewing company,surly brewing company
brewery_name,2079,surly brewing company,ozark beer company,surly brewing company
brewery_name,2080,surly brewing company,peace tree brewing company,surly brewing company
brewery_name,2081,surly brewing company,peace tree brewing company,surly brewing company
brewery_name,2082,surly brewing company,pyramid breweries,surly brewing company
brewery_name,2083,surly brewing company,okoboji brewing company,surly brewing company
brewery_name,2084,surly brewing company,otter creek brewing,surly brewing company
brewery_name,2085,surly brewing company,portside brewery,surly brewing company
brewery_name,2086,swamp head brewery,refuge brewery,swamp head brewery
brewery_name,2087,swamp head brewery,portside brewery,swamp head brewery
brewery_name,2088,swamp head brewery,redhook brewery,swamp head brewery
brewery_name,2089,swamp head brewery,refuge brewery,swamp head brewery
brewery_name,2090,swamp head brewery,rahr & sons brewing company,swamp head brewery
brewery_name,2091,swashbuckler brewing company,santan brewing company,swashbuckler brewing company
brewery_name,2092,sweetwater brewing company,real ale brewing company,sweetwater brewing company
brewery_name,2093,sweetwater brewing company,red tank cider company,sweetwater brewing company
brewery_name,2094,sweetwater brewing company,red shedman farm brewery and hop...,sweetwater brewing company
brewery_name,2095,sweetwater brewing company,red shedman farm brewery and hop...,sweetwater brewing company
brewery_name,2096,tailgate beer,ruhstaller beer company,tailgate beer
brewery_name,2097,tailgate beer,rochester mills brewing company,tailgate beer
brewery_name,2098,tailgate beer,pete's brewing company,tailgate beer
brewery_name,2099,tailgate beer,rising tide brewing company,tailgate beer
brewery_name,2100,tailgate beer,payette brewing company,tailgate beer
brewery_name,2101,tailgate beer,okoboji brewing company,tailgate beer
brewery_name,2102,tailgate beer,redhook brewery,tailgate beer
brewery_name,2103,tailgate beer,rising tide brewing company,tailgate beer
brewery_name,2104,tallgrass brewing company,people's brewing company,tallgrass brewing company
brewery_name,2105,tallgrass brewing company,petoskey brewing,tallgrass brewing company
brewery_name,2106,tallgrass brewing company,portside brewery,tallgrass brewing company
brewery_name,2107,tallgrass brewing company,phoenix ale brewery,tallgrass brewing company
brewery_name,2108,tallgrass brewing company,pikes peak brewing company,tallgrass brewing company
brewery_name,2109,tallgrass brewing company,revolution brewing company,tallgrass brewing company
brewery_name,2110,tallgrass brewing company,pikes peak brewing company,tallgrass brewing company
brewery_name,2111,tallgrass brewing company,refuge brewery,tallgrass brewing company
brewery_name,2112,tallgrass brewing company,pine street brewery,tallgrass brewing company
brewery_name,2113,tallgrass brewing company,pipeworks brewing company,tallgrass brewing company
brewery_name,2114,tallgrass brewing company,pug ryan's brewery,tallgrass brewing company
brewery_name,2115,tallgrass brewing company,portside brewery,tallgrass brewing company
brewery_name,2116,tallgrass brewing company,refuge brewery,tallgrass brewing company
brewery_name,2117,tallgrass brewing company,pine street brewery,tallgrass brewing company
brewery_name,2118,tallgrass brewing company,rising tide brewing company,tallgrass brewing company
brewery_name,2119,tallgrass brewing company,pine street brewery,tallgrass brewing company
brewery_name,2120,tallgrass brewing company,pipeworks brewing company,tallgrass brewing company
brewery_name,2121,tallgrass brewing company,red tank cider company,tallgrass brewing company
brewery_name,2122,tamarack brewing company,pug ryan's brewery,tamarack brewing company
brewery_name,2123,tamarack brewing company,pyramid breweries,tamarack brewing company
brewery_name,2124,tampa bay brewing company,redstone meadery,tampa bay brewing company
brewery_name,2125,tampa bay brewing company,roughtail brewing company,tampa bay brewing company
brewery_name,2126,tapistry brewing,prescott brewing company,tapistry brewing
brewery_name,2127,tapistry brewing,pug ryan's brewery,tapistry brewing
brewery_name,2128,tapistry brewing,pine street brewery,tapistry brewing
brewery_name,2129,taxman brewing company,red hare brewing company,taxman brewing company
brewery_name,2130,telluride brewing company,rivertown brewing company,telluride brewing company
brewery_name,2131,telluride brewing company,rivertown brewing company,telluride brewing company
brewery_name,2132,telluride brewing company,rivertowne brewing company,telluride brewing company
brewery_name,2133,temperance beer company,rivertowne brewing company,temperance beer company
brewery_name,2134,temperance beer company,rising tide brewing company,temperance beer company
brewery_name,2135,temperance beer company,right brain brewery,temperance beer company
brewery_name,2136,terrapin brewing company,redstone meadery,terrapin brewing company
brewery_name,2137,texian brewing co.,schlafly brewing company,texian brewing co.
brewery_name,2138,texian brewing co.,schilling & company,texian brewing co.
brewery_name,2139,texian brewing co.,ruhstaller beer company,texian brewing co.
brewery_name,2140,texian brewing co.,silverton brewery,texian brewing co.
brewery_name,2141,the alchemist,rivertown brewing company,the alchemist
brewery_name,2142,the alchemist,river north brewery,the alchemist
brewery_name,2143,the alchemist,rivertown brewing company,the alchemist
brewery_name,2144,the alchemist,revolution brewing,the alchemist
brewery_name,2145,the alchemist,sanitas brewing company,the alchemist
brewery_name,2146,the alchemist,santa fe brewing company,the alchemist
brewery_name,2147,the black tooth brewing company,schilling & company,the black tooth brewing company
brewery_name,2148,the black tooth brewing company,sixpoint craft ales,the black tooth brewing company
brewery_name,2149,the black tooth brewing company,santa fe brewing company,the black tooth brewing company
brewery_name,2150,the black tooth brewing company,santa fe brewing company,the black tooth brewing company
brewery_name,2151,the brewer's art,rhinegeist brewery,the brewer's art
brewery_name,2152,the brewer's art,red tank cider company,the brewer's art
brewery_name,2153,the brewer's art,pyramid breweries,the brewer's art
brewery_name,2154,the bronx brewery,pipeworks brewing company,the bronx brewery
brewery_name,2155,the bronx brewery,rahr & sons brewing company,the bronx brewery
brewery_name,2156,the bronx brewery,pollyanna brewing company,the bronx brewery
brewery_name,2157,the dudes' brewing company,real ale brewing company,the dudes' brewing company
brewery_name,2158,the dudes' brewing company,real ale brewing company,the dudes' brewing company
brewery_name,2159,the dudes' brewing company,red shedman farm brewery and hop...,the dudes' brewing company
brewery_name,2160,the dudes' brewing company,red hare brewing company,the dudes' brewing company
brewery_name,2161,the dudes' brewing company,river north brewery,the dudes' brewing company
brewery_name,2162,the just beer project,ruhstaller beer company,the just beer project
brewery_name,2163,the lion brewery,shipyard brewing company,the lion brewery
brewery_name,2164,the manhattan brewing company,santa fe brewing company,the manhattan brewing company
brewery_name,2165,the mitten brewing company,real ale brewing company,the mitten brewing company
brewery_name,2166,the right brain brewery,santa fe brewing company,the right brain brewery
brewery_name,2167,the right brain brewery,rhinegeist brewery,the right brain brewery
brewery_name,2168,the right brain brewery,rhinegeist brewery,the right brain brewery
brewery_name,2169,the traveler beer company,rising tide brewing company,the traveler beer company
brewery_name,2170,third street brewhouse,rising tide brewing company,third street brewhouse
brewery_name,2171,third street brewhouse,rivertowne brewing company,third street brewhouse
brewery_name,2172,third street brewhouse,rivertown brewing company,third street brewhouse
brewery_name,2173,third street brewhouse,roanoke railhouse brewery,third street brewhouse
brewery_name,2174,thomas hooker brewing company,rahr & sons brewing company,thomas hooker brewing company
brewery_name,2175,three creeks brewing,schlafly brewing company,three creeks brewing
brewery_name,2176,three creeks brewing,seventh son brewing company,three creeks brewing
brewery_name,2177,three creeks brewing,silverton brewery,three creeks brewing
brewery_name,2178,three notch'd brewing company,redhook brewery,three notch'd brewing company
brewery_name,2179,three notch'd brewing company,santa fe brewing company,three notch'd brewing company
brewery_name,2180,three pints brewing,red hare brewing company,three pints brewing
brewery_name,2181,three pints brewing,portside brewery,three pints brewing
brewery_name,2182,three pints brewing,rahr & sons brewing company,three pints brewing
brewery_name,2183,three pints brewing,pyramid breweries,three pints brewing
brewery_name,2184,thunderhead brewing company,sanitas brewing company,thunderhead brewing company
brewery_name,2185,thunderhead brewing company,ruhstaller beer company,thunderhead brewing company
brewery_name,2186,thunderhead brewing company,roughtail brewing company,thunderhead brewing company
brewery_name,2187,thunderhead brewing company,rochester mills brewing company,thunderhead brewing company
brewery_name,2188,tin man brewing company,pug ryan's brewery,tin man brewing company
brewery_name,2189,tin man brewing company,pisgah brewing company,tin man brewing company
brewery_name,2190,tin man brewing company,redstone meadery,tin man brewing company
brewery_name,2191,tin man brewing company,portside brewery,tin man brewing company
brewery_name,2192,tin man brewing company,refuge brewery,tin man brewing company
brewery_name,2193,tin man brewing company,platform beer company,tin man brewing company
brewery_name,2194,tin man brewing company,piney river brewing company,tin man brewing company
brewery_name,2195,tin man brewing company,pug ryan's brewery,tin man brewing company
brewery_name,2196,tin man brewing company,pollyanna brewing company,tin man brewing company
brewery_name,2197,tin roof brewing company,rochester mills brewing company,tin roof brewing company
brewery_name,2198,tin roof brewing company,rivertowne brewing company,tin roof brewing company
brewery_name,2199,tin roof brewing company,rhinegeist brewery,tin roof brewing company
brewery_name,2200,tin roof brewing company,real ale brewing company,tin roof brewing company
brewery_name,2201,tin roof brewing company,red hare brewing company,tin roof brewing company
brewery_name,2202,tin roof brewing company,redhook brewery,tin roof brewing company
brewery_name,2203,tin roof brewing company,redstone meadery,tin roof brewing company
brewery_name,2204,tommyknocker brewery,roanoke railhouse brewery,tommyknocker brewery
brewery_name,2205,tommyknocker brewery,rochester mills brewing company,tommyknocker brewery
brewery_name,2206,tonka beer company,red hare brewing company,tonka beer company
brewery_name,2207,tonka beer company,red tank cider company,tonka beer company
brewery_name,2208,tractor brewing company,santa cruz mountain brewing,tractor brewing company
brewery_name,2209,tractor brewing company,rising tide brewing company,tractor brewing company
brewery_name,2210,tractor brewing company,roughtail brewing company,tractor brewing company
brewery_name,2211,triangle brewing company,roanoke railhouse brewery,triangle brewing company
brewery_name,2212,triangle brewing company,roanoke railhouse brewery,triangle brewing company
brewery_name,2213,triangle brewing company,river north brewery,triangle brewing company
brewery_name,2214,tr?egs brewing company,red tank cider company,tr?egs brewing company
brewery_name,2215,tr?egs brewing company,rhinegeist brewery,tr?egs brewing company
brewery_name,2216,tr?egs brewing company,schlafly brewing company,tr?egs brewing company
brewery_name,2217,tr?egs brewing company,prescott brewing company,tr?egs brewing company
brewery_name,2218,tr?egs brewing company,sanitas brewing company,tr?egs brewing company
brewery_name,2219,twin lakes brewing company,rising tide brewing company,twin lakes brewing company
brewery_name,2220,twisted pine brewing company,prescott brewing company,twisted pine brewing company
brewery_name,2221,twisted x brewing company,schilling & company,twisted x brewing company
brewery_name,2222,twisted x brewing company,seven brides brewery,twisted x brewing company
brewery_name,2223,twisted x brewing company,sanitas brewing company,twisted x brewing company
brewery_name,2224,two beers brewing company,sietsema orchards and cider mill,two beers brewing company
brewery_name,2225,two beers brewing company,silverton brewery,two beers brewing company
brewery_name,2226,two beers brewing company,seventh son brewing company,two beers brewing company
brewery_name,2227,two beers brewing company,slapshot brewing company,two beers brewing company
brewery_name,2228,two beers brewing company,silverton brewery,two beers brewing company
brewery_name,2229,two beers brewing company,slanted rock brewing company,two beers brewing company
brewery_name,2230,two beers brewing company,seventh son brewing company,two beers brewing company
brewery_name,2231,two beers brewing company,sea dog brewing company,two beers brewing company
brewery_name,2232,two beers brewing company,seattle,two beers brewing company
brewery_name,2233,two beers brewing company,sixpoint craft ales,two beers brewing company
brewery_name,2234,two beers brewing company,shipyard brewing company,two beers brewing company
brewery_name,2235,two beers brewing company,sherwood forest brewers,two beers brewing company
brewery_name,2236,two brothers brewing company,renegade brewing company,two brothers brewing company
brewery_name,2237,two brothers brewing company,santa fe brewing company,two brothers brewing company
brewery_name,2238,two brothers brewing company,sanitas brewing company,two brothers brewing company
brewery_name,2239,two brothers brewing company,ruhstaller beer company,two brothers brewing company
brewery_name,2240,two brothers brewing company,santan brewing company,two brothers brewing company
brewery_name,2241,two brothers brewing company,sanitas brewing company,two brothers brewing company
brewery_name,2242,two brothers brewing company,santa fe brewing company,two brothers brewing company
brewery_name,2243,two brothers brewing company,sanitas brewing company,two brothers brewing company
brewery_name,2244,two brothers brewing company,sea dog brewing company,two brothers brewing company
brewery_name,2245,two brothers brewing company,sanitas brewing company,two brothers brewing company
brewery_name,2246,two henrys brewing company,santa cruz mountain brewing,two henrys brewing company
brewery_name,2247,two roads brewing company,renegade brewing company,two roads brewing company
brewery_name,2248,two roads brewing company,round guys brewing,two roads brewing company
brewery_name,2249,two roads brewing company,rogue ales,two roads brewing company
brewery_name,2250,two roads brewing company,santa fe brewing company,two roads brewing company
brewery_name,2251,two roads brewing company,sanitas brewing company,two roads brewing company
brewery_name,2252,uinta brewing company,saint archer brewery,uinta brewing company
brewery_name,2253,uinta brewing company,seven brides brewery,uinta brewing company
brewery_name,2254,uinta brewing company,sierra nevada brewing company,uinta brewing company
brewery_name,2255,uinta brewing company,slapshot brewing company,uinta brewing company
brewery_name,2256,uinta brewing company,sea dog brewing company,uinta brewing company
brewery_name,2257,uinta brewing company,sherwood forest brewers,uinta brewing company
brewery_name,2258,uinta brewing company,slanted rock brewing company,uinta brewing company
brewery_name,2259,uinta brewing company,seventh son brewing company,uinta brewing company
brewery_name,2260,uinta brewing company,seattle cider company,uinta brewing company
brewery_name,2261,ukiah brewing company,santa fe brewing company,ukiah brewing company
brewery_name,2262,uncle billy's brewery and smokeh...,rochester mills brewing company,uncle billy's brewery and smokeh...
brewery_name,2263,uncle billy's brewery and smokeh...,pollyanna brewing company,uncle billy's brewery and smokeh...
brewery_name,2264,uncle john's fruit house winery,revolution brewing company,uncle john's fruit house winery
brewery_name,2265,uncle john's fruit house winery,revolution brewing company,uncle john's fruit house winery
brewery_name,2266,uncle john's fruit house winery,river north brewery,uncle john's fruit house winery
brewery_name,2267,uncommon brewers,rhinegeist brewery,uncommon brewers
brewery_name,2268,uncommon brewers,revolution brewing,uncommon brewers
brewery_name,2269,uncommon brewers,right brain brewery,uncommon brewers
brewery_name,2270,uncommon brewers,rhinegeist brewery,uncommon brewers
brewery_name,2271,uncommon brewers,rochester mills brewing company,uncommon brewers
brewery_name,2272,union craft brewing,santa fe brewing company,union craft brewing
brewery_name,2273,union craft brewing,redhook brewery,union craft brewing
brewery_name,2274,union craft brewing,rising tide brewing company,union craft brewing
brewery_name,2275,union craft brewing,river north brewery,union craft brewing
brewery_name,2276,upland brewing company,red tank cider company,upland brewing company
brewery_name,2277,upland brewing company,phoenix ale brewery,upland brewing company
brewery_name,2278,upland brewing company,real ale brewing company,upland brewing company
brewery_name,2279,upslope brewing company,petoskey brewing,upslope brewing company
brewery_name,2280,upslope brewing company,petoskey brewing,upslope brewing company
brewery_name,2281,upslope brewing company,phoenix ale brewery,upslope brewing company
brewery_name,2282,upslope brewing company,piney river brewing company,upslope brewing company
brewery_name,2283,upslope brewing company,pine street brewery,upslope brewing company
brewery_name,2284,upslope brewing company,rivertowne brewing company,upslope brewing company
brewery_name,2285,upslope brewing company,rhinegeist brewery,upslope brewing company
brewery_name,2286,upslope brewing company,pedernales brewing company,upslope brewing company
brewery_name,2287,upslope brewing company,pollyanna brewing company,upslope brewing company
brewery_name,2288,upslope brewing company,pug ryan's brewery,upslope brewing company
brewery_name,2289,upslope brewing company,pug ryan's brewery,upslope brewing company
brewery_name,2290,upslope brewing company,red tank cider company,upslope brewing company
brewery_name,2291,upslope brewing company,renegade brewing company,upslope brewing company
brewery_name,2292,upslope brewing company,red shedman farm brewery and hop...,upslope brewing company
brewery_name,2293,upslope brewing company,redhook brewery,upslope brewing company
brewery_name,2294,upslope brewing company,rhinegeist brewery,upslope brewing company
brewery_name,2295,upslope brewing company,redstone meadery,upslope brewing company
brewery_name,2296,upslope brewing company,redstone meadery,upslope brewing company
brewery_name,2297,upstate brewing company,portside brewery,upstate brewing company
brewery_name,2298,upstate brewing company,sanitas brewing company,upstate brewing company
brewery_name,2299,utah brewers cooperative,sietsema orchards and cider mill,utah brewers cooperative
brewery_name,2300,utah brewers cooperative,slapshot brewing company,utah brewers cooperative
brewery_name,2301,utah brewers cooperative,sietsema orchards and cider mill,utah brewers cooperative
brewery_name,2302,utah brewers cooperative,sierra nevada brewing company,utah brewers cooperative
brewery_name,2303,utah brewers cooperative,sierra nevada brewing company,utah brewers cooperative
brewery_name,2304,utah brewers cooperative,silverton brewery,utah brewers cooperative
brewery_name,2305,utah brewers cooperative,slapshot brewing company,utah brewers cooperative
brewery_name,2306,utah brewers cooperative,sierra nevada brewing company,utah brewers cooperative
brewery_name,2307,vander mill ciders,renegade brewing company,vander mill ciders
brewery_name,2308,vander mill ciders,renegade brewing company,vander mill ciders
brewery_name,2309,vander mill ciders,rhinegeist brewery,vander mill ciders
brewery_name,2310,vander mill ciders,rhinegeist brewery,vander mill ciders
brewery_name,2311,vander mill ciders,rhinegeist brewery,vander mill ciders
brewery_name,2312,vault brewing company,silverton brewery,vault brewing company
brewery_name,2313,voodoo brewery,sanitas brewing company,voodoo brewery
brewery_name,2314,voodoo brewery,santan brewing company,voodoo brewery
brewery_name,2315,voodoo brewery,santan brewing company,voodoo brewery
brewery_name,2316,voodoo brewery,santa fe brewing company,voodoo brewery
brewery_name,2317,voodoo brewery,shipyard brewing company,voodoo brewery
brewery_name,2318,voodoo brewery,shipyard brewing company,voodoo brewery
brewery_name,2319,wachusett brewing company,schilling & company,wachusett brewing company
brewery_name,2320,wachusett brewing company,seattle cider company,wachusett brewing company
brewery_name,2321,wachusett brewing company,sea dog brewing company,wachusett brewing company
brewery_name,2322,wachusett brewing company,seven brides brewery,wachusett brewing company
brewery_name,2323,wachusett brewing company,seventh son brewing company,wachusett brewing company
brewery_name,2324,wachusett brewing company,schlafly brewing company,wachusett brewing company
brewery_name,2325,wachusett brewing company,santa fe brewing company,wachusett brewing company
brewery_name,2326,wachusett brewing company,saugatuck brewing company,wachusett brewing company
brewery_name,2327,wachusett brewing company,schlafly brewing company,wachusett brewing company
brewery_name,2328,wachusett brewing company,santa cruz mountain brewing,wachusett brewing company
brewery_name,2329,wachusett brewing company,seabright brewery,wachusett brewing company
brewery_name,2330,warbird brewing company,roanoke railhouse brewery,warbird brewing company
brewery_name,2331,warped wing brewing company,rising tide brewing company,warped wing brewing company
brewery_name,2332,warped wing brewing company,rahr & sons brewing company,warped wing brewing company
brewery_name,2333,warped wing brewing company,red shedman farm brewery and hop...,warped wing brewing company
brewery_name,2334,warped wing brewing company,revolution brewing,warped wing brewing company
brewery_name,2335,west sixth brewing,santa cruz mountain brewing,west sixth brewing
brewery_name,2336,west sixth brewing,saint archer brewery,west sixth brewing
brewery_name,2337,west sixth brewing,round guys brewing,west sixth brewing
brewery_name,2338,west sixth brewing,round guys brewing,west sixth brewing
brewery_name,2339,westbrook brewing company,seven brides brewery,westbrook brewing company
brewery_name,2340,westbrook brewing company,roughtail brewing company,westbrook brewing company
brewery_name,2341,westbrook brewing company,saugatuck brewing company,westbrook brewing company
brewery_name,2342,westbrook brewing company,sherwood forest brewers,westbrook brewing company
brewery_name,2343,westfield river brewing company,schilling & company,westfield river brewing company
brewery_name,2344,westfield river brewing company,schilling & company,westfield river brewing company
brewery_name,2345,westfield river brewing company,sea dog brewing company,westfield river brewing company
brewery_name,2346,weston brewing company,rhinegeist brewery,weston brewing company
brewery_name,2347,weston brewing company,seattle cider company,weston brewing company
brewery_name,2348,weston brewing company,seven brides brewery,weston brewing company
brewery_name,2349,weston brewing company,shipyard brewing company,weston brewing company
brewery_name,2350,weston brewing company,seven brides brewery,weston brewing company
brewery_name,2351,weston brewing company,seabright brewery,weston brewing company
brewery_name,2352,weston brewing company,seattle,weston brewing company
brewery_name,2353,white birch brewing,schilling & company,white birch brewing
brewery_name,2354,white birch brewing,schlafly brewing company,white birch brewing
brewery_name,2355,white birch brewing,schilling & company,white birch brewing
brewery_name,2356,white birch brewing,schilling & company,white birch brewing
brewery_name,2357,white flame brewing company,red shedman farm brewery and hop...,white flame brewing company
brewery_name,2358,widmer brothers brewing company,seattle,widmer brothers brewing company
brewery_name,2359,widmer brothers brewing company,seattle,widmer brothers brewing company
brewery_name,2360,widmer brothers brewing company,seattle,widmer brothers brewing company
brewery_name,2361,wild onion brewing company,sanitas brewing company,wild onion brewing company
brewery_name,2362,wild onion brewing company,sanitas brewing company,wild onion brewing company
brewery_name,2363,wild onion brewing company,rogue ales,wild onion brewing company
brewery_name,2364,wild onion brewing company,roanoke railhouse brewery,wild onion brewing company
brewery_name,2365,wild onion brewing company,sea dog brewing company,wild onion brewing company
brewery_name,2366,wild onion brewing company,saugatuck brewing company,wild onion brewing company
brewery_name,2367,wild onion brewing company,rogue ales,wild onion brewing company
brewery_name,2368,wild onion brewing company,round guys brewing,wild onion brewing company
brewery_name,2369,wild onion brewing company,santa fe brewing company,wild onion brewing company
brewery_name,2370,wild onion brewing company,roughtail brewing company,wild onion brewing company
brewery_name,2371,wild wolf brewing company,santan brewing company,wild wolf brewing company
brewery_name,2372,wild wolf brewing company,schilling & company,wild wolf brewing company
brewery_name,2373,wild wolf brewing company,seattle,wild wolf brewing company
brewery_name,2374,wild wolf brewing company,shipyard brewing company,wild wolf brewing company
brewery_name,2375,wildwood brewing company,rochester mills brewing company,wildwood brewing company
brewery_name,2376,wildwood brewing company,roanoke railhouse brewery,wildwood brewing company
brewery_name,2377,wildwood brewing company,roanoke railhouse brewery,wildwood brewing company
brewery_name,2378,wind river brewing company,rogue ales,wind river brewing company
brewery_name,2379,wind river brewing company,rogue ales,wind river brewing company
brewery_name,2380,wingman brewers,schlafly brewing company,wingman brewers
brewery_name,2381,wingman brewers,rogue ales,wingman brewers
brewery_name,2382,wisconsin brewing company,slapshot brewing company,wisconsin brewing company
brewery_name,2383,wisconsin brewing company,snake river brewing company,wisconsin brewing company
brewery_name,2384,wisconsin brewing company,sleeping lady brewing company,wisconsin brewing company
brewery_name,2385,wisconsin brewing company,slanted rock brewing company,wisconsin brewing company
brewery_name,2386,wiseacre brewing company,shebeen brewing company,wiseacre brewing company
brewery_name,2387,wiseacre brewing company,shipyard brewing company,wiseacre brewing company
brewery_name,2388,wiseacre brewing company,schlafly brewing company,wiseacre brewing company
brewery_name,2389,witch's hat brewing company,seattle cider company,witch's hat brewing company
brewery_name,2390,witch's hat brewing company,seabright brewery,witch's hat brewing company
brewery_name,2391,wolf hills brewing company,sietsema orchards and cider mill,wolf hills brewing company
brewery_name,2392,wolverine state brewing company,rivertown brewing company,wolverine state brewing company
brewery_name,2393,woodchuck hard cider,sherwood forest brewers,woodchuck hard cider
brewery_name,2394,"woodstock inn, station & brewery",seattle,"woodstock inn, station & brewery"
brewery_name,2395,"woodstock inn, station & brewery",santa fe brewing company,"woodstock inn, station & brewery"
brewery_name,2396,wormtown brewery,rivertowne brewing company,wormtown brewery
brewery_name,2397,worthy brewing company,seventh son brewing company,worthy brewing company
brewery_name,2398,worthy brewing company,river north brewery,worthy brewing company
brewery_name,2399,worthy brewing company,sanitas brewing company,worthy brewing company
brewery_name,2400,worthy brewing company,seabright brewery,worthy brewing company
brewery_name,2401,worthy brewing company,schilling & company,worthy brewing company
brewery_name,2402,wynkoop brewing company,rising tide brewing company,wynkoop brewing company
brewery_name,2403,wynkoop brewing company,right brain brewery,wynkoop brewing company
brewery_name,2404,wynkoop brewing company,rogue ales,wynkoop brewing company
brewery_name,2405,wynkoop brewing company,rhinegeist brewery,wynkoop brewing company
brewery_name,2406,wynkoop brewing company,right brain brewery,wynkoop brewing company
brewery_name,2407,wynkoop brewing company,right brain brewery,wynkoop brewing company
brewery_name,2408,wynkoop brewing company,round guys brewing,wynkoop brewing company
brewery_name,2409,wynkoop brewing company,right brain brewery,wynkoop brewing company
brewery_name,2410,wynkoop brewing company,rising tide brewing company,wynkoop brewing company
city,1,bend,claremont,bend
city,2,gary,grand rapids mi,gary
city,3,gary,grand rapids mi,gary
city,4,gary,grand rapids,gary
city,5,gary,grand rapids mi,gary
city,6,gary,hattiesburg,gary
city,7,gary,grand rapids mi,gary
city,8,gary,granger,gary
city,9,gary,grand rapids mi,gary
city,10,gary,golden,gary
city,11,gary,hamilton,gary
city,12,gary,hamilton,gary
city,13,gary,hamilton,gary
city,14,gary,grand rapids mi,gary
city,15,gary,gig harbor,gary
city,16,corvallis,fort worth tx,corvallis
city,17,corvallis,douglas,corvallis
city,18,corvallis,douglas,corvallis
city,19,corvallis,douglas,corvallis
city,20,san francisco,myrtle beach sc,san francisco
city,21,san francisco ca,newburyport,san francisco
city,22,san francisco,norfolk,san francisco
city,23,san francisco,myrtle beach sc,san francisco
city,24,san francisco,myrtle beach sc,san francisco
city,25,san francisco,myrtle beach sc,san francisco
city,26,san francisco,new orleans,san francisco
city,27,san francisco,new orleans,san francisco
city,28,san francisco,new orleans,san francisco
city,29,san francisco,mt. airy,san francisco
city,30,san francisco,mt. airy,san francisco
city,31,san francisco,mt. airy,san francisco
city,32,san francisco,myrtle beach sc,san francisco
city,33,san francisco,mooresville,san francisco
city,34,san francisco,myrtle beach sc,san francisco
city,35,san francisco,myrtle beach,san francisco
city,36,san francisco,mt. airy,san francisco
city,37,san francisco,myrtle beach sc,san francisco
city,38,san francisco,mt. pleasant,san francisco
city,39,san francisco,nellysford,san francisco
city,40,st petersburg,mt. pleasant,st petersburg
city,41,st petersburg,nellysford,st petersburg
city,42,st petersburg,nellysford,st petersburg
city,43,saint louis,newburgh,saint louis
city,44,saint louis,nellysford va,saint louis
city,45,saint louis,nantucket,saint louis
city,46,saint louis,myrtle beach sc,saint louis
city,47,saint louis,nantucket,saint louis
city,48,saint louis mo,nashville,saint louis
city,49,saint louis,nashville,saint louis
city,50,saint louis,new york,saint louis
city,51,columbus,douglas,columbus
city,52,columbus,douglas,columbus
city,53,columbus,dripping springs,columbus
city,54,columbus,duluth,columbus
city,55,columbus,dillon co,columbus
city,57,columbus,duluth,columbus
city,58,gig harbor,gary,gig harbor
city,59,gig harbor,houston tx,gig harbor
city,60,gig harbor,houghton,gig harbor
city,61,gig harbor,hershey pa,gig harbor
city,62,dunedin,farmers branch,dunedin
city,63,golden,gary,golden
city,64,golden,gainesville,golden
city,65,abita springs,cincinnati,abita springs
city,67,abita springs,cleveland,abita springs
city,68,louisville,kirkwood,louisville
city,69,louisville,lakeside,louisville
city,70,louisville,knoxville,louisville
city,71,louisville,kearney ne,louisville
city,72,louisville,manheim,louisville
city,73,louisville,lake geneva wi,louisville
city,74,louisville,marietta,louisville
city,75,louisville,manhattan ks,louisville
city,76,louisville,latrobe pa,louisville
city,77,louisville,latrobe pa,louisville
city,78,louisville,knoxville,louisville
city,79,louisville,manhattan ks,louisville
city,80,louisville,lake geneva wi,louisville
city,81,louisville,kona,louisville
city,82,louisville,marietta ga,louisville
city,83,kent,lemont,kent
city,84,kent,leavenworth,kent
city,85,kent,leavenworth,kent
city,86,portland,nellysford va,portland
city,87,portland,myrtle beach sc,portland
city,88,portland,moab,portland
city,89,juneau,jacksonville,juneau
city,90,juneau,indianapolis,juneau
city,91,madison wi,lansdale pa,madison
city,92,lexington,lenoir,lexington
city,93,lexington,lake havasu city,lexington
city,94,washougal,myrtle beach,washougal
city,95,washougal,mustang,washougal
city,96,washougal,nellysford va,washougal
city,97,san francisco,mt. pleasant,san francisco
city,98,san francisco,mt. pleasant,san francisco
city,99,san francisco,murphysboro,san francisco
city,100,san francisco,mt. pleasant,san francisco
city,101,san francisco,myrtle beach,san francisco
city,103,boonville,danville,boonville
city,108,boonville,davenport,boonville
city,109,boonville,dayton,boonville
city,112,boonville,denton,boonville
city,113,boonville,crozet,boonville
city,116,boonville,davenport,boonville
city,117,boonville,denton tx,boonville
city,118,boonville,crozet,boonville
city,119,boonville,dayton,boonville
city,120,hayward,hudsonville,hayward
city,121,hayward,kalamazoo,hayward
city,122,hayward wi,idaho springs co,hayward
city,125,cincinnati,des moines ia,cincinnati
city,126,oklahoma city,morganton,oklahoma city
city,127,oklahoma city,myrtle beach sc,oklahoma city
city,128,oklahoma city,mooresville nc,oklahoma city
city,129,boone,davenport,boone
city,132,battle creek,conestoga,battle creek
city,133,battle creek,conestoga,battle creek
city,134,colorado springs,eagle,colorado springs
city,135,denton tx,edwards co,denton
city,137,south san francisco,mount pleasant,south san francisco
city,138,boulder,croydon,boulder
city,140,asheville nc,cleveland,asheville
city,141,asheville,cincinnati,asheville
city,144,bellingham,buellton,bellingham
city,145,aspen,conroe tx,aspen
city,146,aspen,conestoga,aspen
city,147,astoria,cheboygan,astoria
city,148,astoria,chatham,astoria
city,149,astoria,chicago il,astoria
city,150,astoria,chico ca,astoria
city,151,detroit,east windsor,detroit
city,152,detroit,elmira,detroit
city,153,detroit,fuquay-varina,detroit
city,154,detroit,elmira,detroit
city,155,detroit,estacada,detroit
city,156,detroit mi,estacada,detroit
city,157,austin,brooklyn ny,austin
city,158,austin,cincinnati,austin
city,159,austin,cincinnati,austin
city,160,austin,chattanooga,austin
city,164,boulder,covington,boulder
city,166,boulder,denton,boulder
city,167,boulder,denton tx,boulder
city,168,fuquay-varina,hamilton,fuquay-varina
city,169,fuquay-varina,hamilton,fuquay-varina
city,170,fuquay-varina,gloucester ma,fuquay-varina
city,171,fuquay-varina,gloucester ma,fuquay-varina
city,172,fuquay-varina,grand rapids mi,fuquay-varina
city,173,fuquay-varina,gloucester ma,fuquay-varina
city,174,bloomfield,crozet,bloomfield
city,175,bloomfield,dallas,bloomfield
city,176,bloomfield,dallas tx,bloomfield
city,177,bloomfield,dallas tx,bloomfield
city,178,bloomfield,danville,bloomfield
city,179,gadsden,gloucester ma,gadsden
city,180,gadsden,garden city,gadsden
city,181,yakima,paso robles,yakima
city,182,yakima,petoskey,yakima
city,183,san diego,murphysboro,san diego
city,184,san diego ca,new orleans,san diego
city,185,san diego,new orleans,san diego
city,186,san diego,mount pleasant,san diego
city,187,san diego,nashville,san diego
city,188,san diego,mt. pleasant,san diego
city,189,williamsburg,northamtpon,williamsburg
city,190,williamsburg,oklahoma city,williamsburg
city,191,williamsburg,odessa,williamsburg
city,192,granger,hattiesburg,granger
city,193,tucson,new orleans,tucson
city,194,tucson,north woodstock,tucson
city,195,portland,new orleans,portland
city,196,portland,mustang,portland
city,197,portland,mustang,portland
city,198,portland,north woodstock nh,portland
city,199,portland,new orleans,portland
city,200,minneapolis,middleburg heights,minneapolis
city,201,minneapolis,memphis,minneapolis
city,202,minneapolis,mill valley ca,minneapolis
city,203,minneapolis,middleton,minneapolis
city,204,lewiston,longmont,lewiston
city,205,lewiston,lewisburg,lewiston
city,206,lewiston,lexington,lewiston
city,207,lewiston,lockland,lewiston
city,208,lewiston,lombard,lewiston
city,209,lewiston,leominster,lewiston
city,210,lewiston,leavenworth,lewiston
city,211,lewiston,laurel,lewiston
city,212,lewiston,lansdale pa,lewiston
city,213,virginia beach,minneapolis,virginia beach
city,214,lowell,marietta,lowell
city,215,lowell,lakeside,lowell
city,216,lowell,krebs,lowell
city,217,lowell,marietta,lowell
city,218,kalamazoo,jacksonville,kalamazoo
city,219,kalamazoo,leavenworth,kalamazoo
city,220,kalamazoo,lansdale pa,kalamazoo
city,221,kalamazoo,hyannis,kalamazoo
city,222,kalamazoo,hyannis,kalamazoo
city,223,kalamazoo,hudsonville,kalamazoo
city,224,roseville,nellysford,roseville
city,225,roseville,minneapolis,roseville
city,226,roseville,nellysford va,roseville
city,227,duluth,frankenmuth,duluth
city,228,duluth,farmers branch,duluth
city,230,duluth,fargo,duluth
city,231,duluth mn,export,duluth
city,232,duluth,evanston,duluth
city,233,south deerfield,north woodstock,south deerfield
city,234,south deerfield,oklahoma city,south deerfield
city,235,alpine,charlottesville,alpine
city,236,alpine,chandler,alpine
city,237,alpine,charlotte,alpine
city,239,alpine,charlottesville va,alpine
city,241,broomfield,dallas tx,broomfield
city,242,broomfield,croydon,broomfield
city,243,broomfield,crozet,broomfield
city,244,sheffield,north conway,sheffield
city,245,sheffield,north woodstock,sheffield
city,246,sheffield,north woodstock nh,sheffield
city,247,holland,houghton,holland
city,248,holland,houston,holland
city,249,murphysboro,mill valley ca,murphysboro
city,250,murphysboro,manhattan ks,murphysboro
city,251,chattanooga,dayton,chattanooga
city,252,chattanooga,denver co,chattanooga
city,253,missoula,miami,missoula
city,254,missoula,mill valley ca,missoula
city,255,missoula,midvale,missoula
city,256,missoula,middleton,missoula
city,257,missoula,midvale,missoula
city,258,missoula,michigan city,missoula
city,259,missoula,middleburg heights,missoula
city,260,missoula,menominie,missoula
city,261,missoula,menominee,missoula
city,262,missoula,miami,missoula
city,263,missoula,menominee,missoula
city,264,missoula,menominee,missoula
city,265,odessa,midwest city,odessa
city,266,odessa,minnetonka,odessa
city,267,vadnais heights,mt. pleasant,vadnais heights
city,268,vadnais heights,mishawaka,vadnais heights
city,269,vadnais heights,monroe,vadnais heights
city,270,vadnais heights,murphysboro,vadnais heights
city,271,vadnais heights,mt. pleasant,vadnais heights
city,272,charlotte,dolores,charlotte
city,274,hamilton,hattiesburg,hamilton
city,276,indianapolis,lansdale pa,indianapolis
city,277,temecula,north woodstock,temecula
city,278,temecula,north woodstock,temecula
city,279,temecula,north woodstock nh,temecula
city,280,temecula,norfolk,temecula
city,281,denver,eau claire,denver
city,282,denver,everett,denver
city,284,denver,elmira,denver
city,285,sheridan,o'fallon,sheridan
city,286,sheridan,northamtpon,sheridan
city,287,marquette,meadville pa,marquette
city,288,marquette,leominster,marquette
city,289,marquette,memphis,marquette
city,290,marquette,marlborough,marquette
city,291,marquette,manheim,marquette
city,292,marquette,manheim,marquette
city,293,marquette,martinsville,marquette
city,294,lincoln,los angeles,lincoln
city,295,lincoln,los angeles ca,lincoln
city,296,lincoln,longmont,lincoln
city,297,lincoln,lone tree,lincoln
city,298,lincoln,longmont,lincoln
city,299,lincoln,lyons,lincoln
city,300,lincoln,lombard,lincoln
city,301,lincoln,longmont,lincoln
city,302,lincoln,lyons,lincoln
city,303,lincoln,lone tree,lincoln
city,304,lincoln,louisville,lincoln
city,305,lincoln,louisville,lincoln
city,306,lincoln,los angeles,lincoln
city,307,lincoln,lockland,lincoln
city,308,eugene,fort worth tx,eugene
city,309,eugene,fort worth tx,eugene
city,310,canton ma,des moines ia,canton
city,311,afton va,cherry hill,afton
city,314,afton,charlottesville va,afton
city,318,austin,cherry hill,austin
city,320,patchogue,milwaukee,patchogue
city,321,patchogue,nantucket,patchogue
city,322,patchogue,nantucket,patchogue
city,323,patchogue,norfolk,patchogue
city,324,midvale,milwaukee,midvale
city,325,midvale,michigan city,midvale
city,326,midvale,missoula,midvale
city,327,midvale,middlebury,midvale
city,328,midvale,minnetonka,midvale
city,329,jacksonville,juneau,jacksonville
city,330,jacksonville,kearney ne,jacksonville
city,331,jacksonville,jackson,jacksonville
city,332,ridgefield park,monument,ridgefield park
city,333,ridgefield park,monument,ridgefield park
city,334,new york,mt. pleasant,new york
city,335,new york,mustang,new york
city,336,eagle,flagstaff,eagle
city,337,eagle,frederick,eagle
city,338,eagle,erie,eagle
city,340,eagle,edwards,eagle
city,341,eagle,frankenmuth mi,eagle
city,342,eagle,estacada,eagle
city,343,eagle,frankenmuth,eagle
city,344,eagle,frankenmuth,eagle
city,346,eagle,edwards,eagle
city,347,eagle,framingham,eagle
city,349,eagle,evanston il,eagle
city,350,eagle,fort worth tx,eagle
city,351,eagle,framingham,eagle
city,352,eagle,fort wayne,eagle
city,353,eagle co,fort worth,eagle
city,354,eagle,evanston il,eagle
city,355,tucson,mount pleasant,tucson
city,357,boston,dayton,boston
city,359,boston,covington,boston
city,363,boston,croydon,boston
city,365,boulder,denton,boulder
city,366,boulder,denton,boulder
city,367,boulder,denton,boulder
city,368,kansas city,indianapolis in,kansas city
city,369,west chester,oklahoma city ok,west chester
city,370,west chester,oklahoma city ok,west chester
city,371,west chester,oklahoma city ok,west chester
city,372,bozeman,covington,bozeman
city,373,bozeman,croydon,bozeman
city,374,bozeman,crozet,bozeman
city,376,bozeman,dallas tx,bozeman
city,377,san antonio,newport,san antonio
city,378,portland,monroe wi,portland
city,379,denver,evanston,denver
city,380,denver,estacada,denver
city,381,denver,evanston,denver
city,382,denver co,elmira,denver
city,383,tampa,north conway,tampa
city,384,tampa,norfolk,tampa
city,385,tampa,northamtpon,tampa
city,386,tampa,odessa,tampa
city,387,plainfield in,mill valley ca,plainfield
city,388,traverse city,mooresville,traverse city
city,389,grand rapids,jacksonville,grand rapids
city,390,grand rapids,henderson,grand rapids
city,391,grand rapids,helena mt,grand rapids
city,392,grand rapids,helena,grand rapids
city,393,grand rapids,jacksonville,grand rapids
city,394,grand rapids,helena mt,grand rapids
city,395,grand rapids,helena mt,grand rapids
city,396,grand rapids,helena mt,grand rapids
city,397,grand rapids,jackson,grand rapids
city,398,grand rapids,jackson,grand rapids
city,399,grand rapids,helena,grand rapids
city,400,grand rapids,jackson,grand rapids
city,401,grand rapids,helena,grand rapids
city,402,grand rapids,jackson,grand rapids
city,403,grand rapids,jackson,grand rapids
city,404,grand rapids,helena,grand rapids
city,405,grand rapids,helena,grand rapids
city,406,grand rapids,helena,grand rapids
city,407,grand rapids,helena,grand rapids
city,408,grand rapids,hayward wi,grand rapids
city,409,grand rapids,helena,grand rapids
city,410,grand rapids,indianapolis in,grand rapids
city,411,grand rapids mi,jacksonville,grand rapids
city,412,grand rapids,hays,grand rapids
city,413,grand rapids,ipswich,grand rapids
city,414,grand rapids,indianapolis in,grand rapids
city,415,grand rapids,granger,grand rapids
city,416,grand rapids,granger,grand rapids
city,417,grand rapids,granger,grand rapids
city,418,grand rapids,indianapolis,grand rapids
city,419,grand rapids,greeley,grand rapids
city,420,grand rapids,ipswich,grand rapids
city,421,grand rapids,greeley,grand rapids
city,422,grand rapids,greeley,grand rapids
city,423,grand rapids,greeley,grand rapids
city,424,grand rapids,granger,grand rapids
city,425,grand rapids,greeley,grand rapids
city,426,grand rapids,idaho springs co,grand rapids
city,427,grand rapids,greeley,grand rapids
city,428,grand rapids,greeley,grand rapids
city,429,grand rapids,green bay,grand rapids
city,430,grand rapids,granger,grand rapids
city,431,grand rapids,halethorpe,grand rapids
city,432,grand rapids,greenville,grand rapids
city,433,grand rapids,half moon bay,grand rapids
city,434,grand rapids,hudsonville,grand rapids
city,435,grand rapids,houston tx,grand rapids
city,436,grand rapids,half moon bay,grand rapids
city,437,grand rapids,half moon bay,grand rapids
city,438,grand rapids,houston,grand rapids
city,439,grand rapids,hamilton,grand rapids
city,440,grand rapids,half moon bay,grand rapids
city,441,grand rapids,half moon bay,grand rapids
city,442,grand rapids,holland,grand rapids
city,443,grand rapids,hooksett,grand rapids
city,444,grand rapids,hilo,grand rapids
city,445,grand rapids,hilo,grand rapids
city,446,grand rapids,holland,grand rapids
city,447,grand rapids,holland,grand rapids
city,448,grand rapids,hershey,grand rapids
city,449,grand rapids,hilo,grand rapids
city,450,grand rapids,hilo,grand rapids
city,451,tampa bay,oklahoma city,tampa bay
city,452,tampa bay fl,paonia co,tampa bay
city,453,east windsor,edwards co,east windsor
city,454,anchorage,conroe,anchorage
city,455,anchorage,comstock park,anchorage
city,456,anchorage,college station,anchorage
city,457,anchorage,comstock park,anchorage
city,459,brooklyn,conroe tx,brooklyn
city,460,brooklyn,cortland,brooklyn
city,461,brooklyn,conroe tx,brooklyn
city,462,brooklyn ny,chico ca,brooklyn
city,463,brooklyn,dallas tx,brooklyn
city,464,reno,mount pleasant,reno
city,465,reno,murphysboro,reno
city,466,reno,missoula,reno
city,467,reno nv,mooresville nc,reno
city,468,reno,mount pleasant,reno
city,469,reno,mustang,reno
city,470,reno,myrtle beach,reno
city,472,lyons,lansdale,lyons
city,473,houston tx,hudsonville,houston
city,474,houston,jackson,houston
city,475,houston,hardy,houston
city,476,michigan city,lyons,michigan city
city,477,michigan city,lowell,michigan city
city,478,michigan city,middleburg heights,michigan city
city,479,michigan city,memphis,michigan city
city,480,michigan city,lake geneva wi,michigan city
city,481,michigan city,menominie,michigan city
city,482,michigan city,macon,michigan city
city,483,michigan city,manheim,michigan city
city,484,michigan city,lafayette,michigan city
city,485,michigan city,lyons co,michigan city
city,486,michigan city,macon,michigan city
city,487,portland,newport,portland
city,488,carlsbad,dillon co,carlsbad
city,489,garrattsville,granger,garrattsville
city,490,garrattsville,grand rapids,garrattsville
city,491,garrattsville,grand rapids mi,garrattsville
city,492,garrattsville,grand rapids,garrattsville
city,493,charleston,farmers branch,charleston
city,494,charleston,fargo,charleston
city,498,charleston,durango co,charleston
city,499,oklahoma city,mill valley,oklahoma city
city,500,oklahoma city,milwaukee,oklahoma city
city,501,oklahoma city ok,middlebury,oklahoma city
city,502,oklahoma city,medford,oklahoma city
city,503,oklahoma city,minneapolis,oklahoma city
city,504,oklahoma city,mishawaka,oklahoma city
city,505,ashland,charlottesville,ashland
city,506,ashland,chattanooga,ashland
city,507,ashland,cherry hill,ashland
city,508,ashland,chico ca,ashland
city,509,ashland or,college station,ashland
city,510,ashland,cherry hill,ashland
city,511,ashland,cherry hill,ashland
city,512,ashland,chicago il,ashland
city,513,ashland,chicago il,ashland
city,514,ashland,chicago il,ashland
city,515,ashland,chicago il,ashland
city,516,ashland,chico ca,ashland
city,517,ashland,cincinnati oh,ashland
city,518,ashland,chicago,ashland
city,520,cambridge,des moines ia,cambridge
city,522,charlotte,detroit mi,charlotte
city,523,charlotte,detroit mi,charlotte
city,524,charlotte,denver,charlotte
city,525,gloucester,idaho springs,gloucester
city,526,gloucester,frankenmuth,gloucester
city,527,gloucester,greenville,gloucester
city,528,gloucester,hattiesburg,gloucester
city,529,gloucester ma,hays,gloucester
city,530,hyannis,hilo,hyannis
city,531,hyannis,lake geneva,hyannis
city,532,middleton,lone tree,middleton
city,533,middleton,mt. airy,middleton
city,534,middleton,morganton,middleton
city,535,middleton,middlebury,middleton
city,536,middleton,midwest city,middleton
city,537,middleton,middleburg heights,middleton
city,538,middleton,mount pleasant,middleton
city,540,middleton,monroe wi,middleton
city,541,middleton,middlebury,middleton
city,542,middleton,middlebury,middleton
city,543,mooresville nc,midwest city,mooresville
city,544,mooresville nc,midwest city,mooresville
city,545,mooresville,mill valley,mooresville
city,546,pittsboro,moab,pittsboro
city,547,pittsboro,new york,pittsboro
city,548,pittsboro,newburgh,pittsboro
city,549,atlantic highlands,cortland,atlantic highlands
city,551,atlantic highlands nj,conroe,atlantic highlands
city,552,atlantic highlands,cincinnati oh,atlantic highlands
city,553,portland,mooresville,portland
city,554,portland,mooresville,portland
city,555,morganton,moab,morganton
city,556,morganton,minnetonka,morganton
city,557,morganton,monument,morganton
city,558,morganton,monument,morganton
city,559,morganton,montauk,morganton
city,560,morganton,mill valley ca,morganton
city,561,morganton,minnetonka,morganton
city,562,port clinton,mt. airy,port clinton
city,563,port clinton,mt. airy,port clinton
city,564,morganton,minneapolis,morganton
city,565,morganton,mishawaka,morganton
city,566,seven points,minneapolis,seven points
city,567,seven points,mt. pleasant,seven points
city,568,seven points,montauk,seven points
city,569,seven points,new york,seven points
city,570,seven points,nantucket,seven points
city,571,seven points,newburgh,seven points
city,572,edwards,fuquay-varina,edwards
city,573,edwards co,frankenmuth mi,edwards
city,574,ashland,chatham,ashland
city,575,ashland,chattanooga,ashland
city,576,ashland,cherry hill,ashland
city,577,ashland,chattanooga,ashland
city,578,san luis obispo,monument,san luis obispo
city,579,san luis obispo ca,milwaukee,san luis obispo
city,580,san luis obispo,menominee,san luis obispo
city,581,san luis obispo,middlebury,san luis obispo
city,582,charlottesville,evanston,charlottesville
city,583,charlottesville,denver,charlottesville
city,585,charlottesville va,dolores,charlottesville
city,590,chatham,durango,chatham
city,592,cheboygan,dillon co,cheboygan
city,594,cheboygan,douglas,cheboygan
city,595,cincinnati,eau claire,cincinnati
city,596,seattle,pawcatuck,seattle
city,597,stevens point,petoskey mi,stevens point
city,598,stevens point,petoskey mi,stevens point
city,599,tampa,northamtpon,tampa
city,600,tampa,newport,tampa
city,601,tampa,newport,tampa
city,602,tampa,northamtpon,tampa
city,603,tampa,newport,tampa
city,604,tampa,northamtpon,tampa
city,605,tampa,northamtpon,tampa
city,606,tampa,north woodstock,tampa
city,607,tampa,north woodstock,tampa
city,608,tampa,odessa,tampa
city,609,tampa,north woodstock,tampa
city,610,tampa,north woodstock,tampa
city,611,tampa,north woodstock,tampa
city,612,tampa,oklahoma city ok,tampa
city,613,tampa,mt. airy,tampa
city,614,tampa,north woodstock nh,tampa
city,615,tampa,north woodstock nh,tampa
city,616,tampa,northamtpon,tampa
city,617,tampa,pacific,tampa
city,618,tampa fl,paw paw,tampa
city,619,tampa,paso robles,tampa
city,620,tampa,pacific,tampa
city,621,tampa,northamtpon,tampa
city,622,tampa,odessa,tampa
city,623,tampa,papillion,tampa
city,624,nantucket,monroe,nantucket
city,625,nantucket,montauk,nantucket
city,626,nantucket,monument,nantucket
city,627,nantucket,monroe,nantucket
city,628,nantucket,minnetonka,nantucket
city,629,nantucket,missoula,nantucket
city,630,nantucket,minneapolis,nantucket
city,631,claremont,des moines ia,claremont
city,632,portland,nellysford,portland
city,633,portland,mustang,portland
city,634,savannah,northamtpon,savannah
city,635,savannah,newburgh,savannah
city,636,newport,nellysford,newport
city,637,newport,monroe,newport
city,638,newport,mt. pleasant,newport
city,639,newport,morganton,newport
city,641,des moines,edwards,des moines
city,643,des moines ia,everett,des moines
city,644,springdale,newburyport,springdale
city,645,springdale,norfolk,springdale
city,646,springdale,norfolk,springdale
city,647,springdale ar,paonia,springdale
city,648,pawcatuck,mooresville nc,pawcatuck
city,649,covington,duluth,covington
city,650,greeley,hershey,greeley
city,651,greeley,hamilton,greeley
city,652,greeley,hayward,greeley
city,653,edwards,gainesville,edwards
city,654,edwards,glendale,edwards
city,655,edwards,fredericksburg,edwards
city,656,edwards,gadsden,edwards
city,657,edwards,fuquay-varina,edwards
city,658,edwards,framingham ma,edwards
city,659,edwards,frankenmuth mi,edwards
city,660,edwards,frankenmuth,edwards
city,661,athens,comstock park,athens
city,663,garden city,hardy,garden city
city,664,garden city,hattiesburg,garden city
city,665,garden city,hattiesburg,garden city
city,666,spearfish,oklahoma city ok,spearfish
city,667,spearfish,patchogue,spearfish
city,668,spearfish,paonia co,spearfish
city,669,spearfish,paso robles,spearfish
city,670,spearfish,phoenix,spearfish
city,671,spearfish,philadelphia,spearfish
city,672,spearfish,petoskey mi,spearfish
city,673,boulder,dallas,boulder
city,675,avon,cortland,avon
city,678,avon,conroe tx,avon
city,679,portland,new york,portland
city,680,portland,newburyport,portland
city,681,washington,new orleans,washington
city,682,washington,paonia co,washington
city,683,washington,papillion,washington
city,684,washington,paonia co,washington
city,685,washington,new york,washington
city,686,washington,oklahoma city ok,washington
city,687,washington,patchogue,washington
city,688,washington,patchogue,washington
city,689,aurora,colorado springs,aurora
city,690,aurora,colorado springs,aurora
city,691,shelbyville,mooresville nc,shelbyville
city,692,wilson,port clinton,wilson
city,693,diamond springs,farmers branch,diamond springs
city,694,diamond springs,export pa,diamond springs
city,695,tulsa,paso robles,tulsa
city,698,dallas,fargo,dallas
city,699,dallas,east fairfield,dallas
city,700,dallas,durham,dallas
city,702,dallas,duluth,dallas
city,703,dallas,durham,dallas
city,704,dallas,eagle co,dallas
city,705,hays,henderson,hays
city,706,hays,ipswich,hays
city,707,talkeetna,north conway,talkeetna
city,708,talkeetna,odessa,talkeetna
city,709,talkeetna,north conway,talkeetna
city,710,talkeetna,o'fallon,talkeetna
city,711,denver,export pa,denver
city,712,denver,export,denver
city,713,bend,colorado springs,bend
city,716,bloomington il,covington,bloomington
city,719,bloomington,dallas tx,bloomington
city,720,bloomington,dallas tx,bloomington
city,721,lexington,leavenworth,lexington
city,722,lexington,madison wi,lexington
city,723,belmont,cortland,belmont
city,724,belmont ca,chandler az,belmont
city,725,belmont,cleveland,belmont
city,727,centralia,denton,centralia
city,728,woodinville,myrtle beach,woodinville
city,729,philadelphia,new york,philadelphia
city,730,dolores,eau claire,dolores
city,731,dolores,edwards,dolores
city,732,dolores,evansville in,dolores
city,733,dolores,evansville,dolores
city,734,dolores,eau claire,dolores
city,735,dolores,edwards co,dolores
city,736,leominster,longmont,leominster
city,737,leominster,lombard,leominster
city,738,aurora,cortland,aurora
city,741,aurora,croydon,aurora
city,742,boynton beach,denver co,boynton beach
city,743,rochester,palisade,rochester
city,745,buena vista,dallas,buena vista
city,746,buena vista,davenport,buena vista
city,750,buena vista,dallas tx,buena vista
city,752,seattle,newburyport,seattle
city,753,jacksonville beach,kalona,jacksonville beach
city,754,tacoma,newburyport,tacoma
city,756,denver,fargo,denver
city,757,denver,fargo,denver
city,758,denver,fargo,denver
city,759,white salmon,paonia,white salmon
city,760,white salmon,paso robles,white salmon
city,761,mishawaka,meadville,mishawaka
city,762,mishawaka,marietta,mishawaka
city,763,mishawaka,marlborough,mishawaka
city,764,mishawaka,marlborough,mishawaka
city,765,mishawaka,marquette,mishawaka
city,766,mishawaka,martinsville,mishawaka
city,769,brooklyn,dallas,brooklyn
city,770,brooklyn,dallas tx,brooklyn
city,771,brooklyn,dallas,brooklyn
city,772,fargo,gloucester ma,fargo
city,774,fargo,gary,fargo
city,775,middleburg heights,middleton,middleburg heights
city,776,middleburg heights,laurel,middleburg heights
city,777,boulder,conroe tx,boulder
city,781,boulder,conroe tx,boulder
city,782,estacada,gloucester ma,estacada
city,783,estacada,green bay,estacada
city,784,estacada,gig harbor,estacada
city,785,estacada,gig harbor,estacada
city,786,estacada,gig harbor,estacada
city,787,estacada,garrattsville,estacada
city,788,shelburne,oklahoma city,shelburne
city,789,shelburne,myrtle beach,shelburne
city,790,shelburne,mooresville nc,shelburne
city,791,shelburne,nellysford,shelburne
city,795,chicago,dillon,chicago
city,796,chicago,diamond springs,chicago
city,799,chicago,dolores,chicago
city,800,chicago,dolores,chicago
city,801,chicago,douglas,chicago
city,802,chicago,dripping springs,chicago
city,803,chicago,douglas,chicago
city,804,chicago,dripping springs,chicago
city,805,paso robles,monroe wi,paso robles
city,806,paso robles ca,mooresville nc,paso robles
city,807,paso robles,montauk,paso robles
city,808,paso robles,monument,paso robles
city,809,paso robles,morganton,paso robles
city,810,indianapolis,jacksonville,indianapolis
city,811,indianapolis,ipswich,indianapolis
city,812,indianapolis,half moon bay,indianapolis
city,813,smithton,pawcatuck,smithton
city,814,lombard,lake havasu city,lombard
city,815,frederick,halethorpe,frederick
city,816,frederick,granger,frederick
city,817,troutville,paonia co,troutville
city,818,troutville,oklahoma city,troutville
city,819,pawtucket,northamtpon,pawtucket
city,820,pawtucket,newburyport,pawtucket
city,821,pawtucket,newport,pawtucket
city,822,pawtucket,newburgh,pawtucket
city,824,cherry hill,duluth mn,cherry hill
city,834,astoria,bucryus,astoria
city,835,astoria,buellton ca,astoria
city,836,astoria,bucryus,astoria
city,837,latrobe pa,lake barrington,latrobe
city,838,san francisco,newburgh,san francisco
city,839,san francisco,newburgh,san francisco
city,840,san francisco,nashville,san francisco
city,841,san francisco,nellysford,san francisco
city,842,grand rapids,helena mt,grand rapids
city,843,grand rapids,hamilton,grand rapids
city,844,grand rapids,hilo,grand rapids
city,845,dallas,elmira,dallas
city,846,dallas,eau claire,dallas
city,848,valparaiso,missoula,valparaiso
city,849,valparaiso,mount pleasant,valparaiso
city,850,valparaiso,mt. airy,valparaiso
city,851,valparaiso,mishawaka,valparaiso
city,852,south bend,oklahoma city,south bend
city,853,tempe,north conway,tempe
city,854,tempe,paonia co,tempe
city,855,tempe,oklahoma city ok,tempe
city,856,tempe,palisade,tempe
city,857,tempe,paso robles,tempe
city,858,tempe,patchogue,tempe
city,859,tempe,papillion,tempe
city,863,columbus,fort collins,columbus
city,864,frankenmuth,greenville,frankenmuth
city,865,frankenmuth mi,grand rapids,frankenmuth
city,867,san antonio,oklahoma city ok,san antonio
city,868,san antonio,o'fallon,san antonio
city,869,san antonio,paonia,san antonio
city,870,san antonio,paonia co,san antonio
city,871,san antonio,north woodstock nh,san antonio
city,872,san antonio,patchogue,san antonio
city,873,san antonio,newport,san antonio
city,874,san antonio,paonia,san antonio
city,875,seattle,patchogue,seattle
city,876,seattle,paw paw,seattle
city,877,seattle,phoenixville,seattle
city,878,seattle,port clinton,seattle
city,879,seattle,pawcatuck,seattle
city,880,seattle,petoskey,seattle
city,881,seattle,paonia co,seattle
city,885,waynesville,morganton,waynesville
city,886,durham,frankenmuth,durham
city,887,lake geneva wi,krebs,lake geneva
city,888,lake geneva,latrobe pa,lake geneva
city,889,lake geneva,lansdale,lake geneva
city,890,pineland me,mustang,pineland
city,891,los angeles ca,krebs,los angeles
city,892,los angeles,lyons co,los angeles
city,893,los angeles,lansdale pa,los angeles
city,894,los angeles,latrobe pa,los angeles
city,895,los angeles,lake geneva wi,los angeles
city,896,los angeles,leavenworth,los angeles
city,897,los angeles,longmont co,los angeles
city,898,los angeles ca,lincoln,los angeles
city,899,los angeles,lombard,los angeles
city,900,los angeles,lincoln,los angeles
city,901,los angeles,lewiston,los angeles
city,902,los angeles,lansdale,los angeles
city,903,los angeles,lansdale,los angeles
city,904,los angeles,lansdale pa,los angeles
city,905,los angeles,lombard,los angeles
city,906,kalamazoo,lansdale pa,kalamazoo
city,907,bend,columbus,bend
city,908,bend,colorado springs,bend
city,909,birmingham,dayton,birmingham
city,910,birmingham,davenport,birmingham
city,912,birmingham,dayton,birmingham
city,913,birmingham,dayton,birmingham
city,920,chicago,duluth mn,chicago
city,921,edwards,farmers branch,edwards
city,922,williams,pawtucket,williams
city,923,williams,pawtucket,williams
city,924,williams,petoskey,williams
city,925,williams,petoskey,williams
city,926,farmers branch,hilo,farmers branch
city,928,farmers branch,henderson,farmers branch
city,932,aurora,columbus,aurora
city,937,aurora,chandler az,aurora
city,942,aurora,colorado springs,aurora
city,947,aurora,chandler,aurora
city,948,aurora,chandler az,aurora
city,949,denver,framingham ma,denver
city,951,denver,frankenmuth,denver
city,952,denver,framingham ma,denver
city,954,denver,framingham ma,denver
city,955,denver,erie,denver
city,957,denver,framingham ma,denver
city,958,whitefish,monument,whitefish
city,959,whitefish,plainfield in,whitefish
city,960,shreveport,o'fallon,shreveport
city,961,shreveport,odessa,shreveport
city,963,davenport,east windsor,davenport
city,964,davenport,export pa,davenport
city,965,davenport,export,davenport
city,971,davenport,east windsor,davenport
city,972,davenport,erie,davenport
city,973,davenport,erie,davenport
city,974,davenport,east windsor,davenport
city,976,davenport,erie,davenport
city,977,davenport,edwards co,davenport
city,978,davenport,eau claire,davenport
city,980,jacksonville,kent,jacksonville
city,981,lewisburg,lewiston,lewisburg
city,982,lewisburg,latrobe pa,lewisburg
city,983,westerly,myrtle beach sc,westerly
city,984,westerly,papillion,westerly
city,985,westerly,newburgh,westerly
city,986,westerly,petoskey,westerly
city,987,westerly,o'fallon,westerly
city,988,westerly,newport,westerly
city,989,westerly,north woodstock,westerly
city,990,westerly,pineland me,westerly
city,991,westerly,port clinton,westerly
city,999,birmingham,croydon,birmingham
city,1001,loveland,louisville,loveland
city,1002,seattle,oklahoma city ok,seattle
city,1003,seattle,patchogue,seattle
city,1004,chicago,dillon,chicago
city,1005,chicago,dolores,chicago
city,1007,chicago,dolores,chicago
city,1009,chicago,diamond springs,chicago
city,1010,chicago,dillon,chicago
city,1011,chicago,dillon,chicago
city,1012,stamford,oklahoma city,stamford
city,1013,stamford,paso robles ca,stamford
city,1014,redlands,norfolk,redlands
city,1015,redlands,norfolk,redlands
city,1016,richmond,mount pleasant,richmond
city,1017,richmond,paw paw,richmond
city,1018,richmond,pacific,richmond
city,1020,boston,davenport,boston
city,1023,boston,dayton,boston
city,1026,boston,davenport,boston
city,1028,boston,dallas,boston
city,1029,boston ma,comstock park,boston
city,1030,boston,danville,boston
city,1031,belt,cortland,belt
city,1033,hilo,hudsonville,hilo
city,1034,hilo,huntsville,hilo
city,1035,hilo,garrattsville,hilo
city,1036,hilo,hudsonville,hilo
city,1037,hilo,garrattsville,hilo
city,1038,mill valley,macon,mill valley
city,1039,mill valley,manheim,mill valley
city,1040,mill valley ca,manhattan,mill valley
city,1041,halethorpe,hershey pa,halethorpe
city,1042,halethorpe,idaho springs,halethorpe
city,1043,halethorpe,hooksett,halethorpe
city,1044,san diego,mt. airy,san diego
city,1045,san diego,mill valley,san diego
city,1046,san diego,minneapolis,san diego
city,1047,windsor,paonia co,windsor
city,1048,windsor,north woodstock nh,windsor
city,1049,leavenworth,lincoln,leavenworth
city,1050,leavenworth,lockland,leavenworth
city,1051,leavenworth,laurel,leavenworth
city,1052,wa,milwaukee,wa
city,1053,seattle,north woodstock,seattle
city,1054,seattle,north conway,seattle
city,1055,seattle,newburgh,seattle
city,1056,seattle,papillion,seattle
city,1057,green bay,houston,green bay
city,1058,pittsburgh,paonia co,pittsburgh
city,1059,pittsburgh,north woodstock,pittsburgh
city,1060,pittsburgh pa,new york,pittsburgh
city,1061,springfield,patchogue,springfield
city,1062,springfield,paso robles ca,springfield
city,1063,springfield,papillion,springfield
city,1064,springfield,petoskey mi,springfield
city,1065,springfield,phoenix,springfield
city,1066,springfield,paonia,springfield
city,1067,springfield,paw paw,springfield
city,1068,springfield,pinedale,springfield
city,1069,austin,cincinnati,austin
city,1070,austin,cincinnati,austin
city,1071,austin,claremont,austin
city,1072,austin,cincinnati,austin
city,1074,portland,mount pleasant,portland
city,1075,portland,murphysboro,portland
city,1076,portland or,mount pleasant,portland
city,1077,portland,murphysboro,portland
city,1078,portland or,mount pleasant,portland
city,1079,portland,murphysboro,portland
city,1080,portland,murphysboro,portland
city,1081,portland,murphysboro,portland
city,1082,portland,murphysboro,portland
city,1083,portland,murphysboro,portland
city,1084,portland,murphysboro,portland
city,1085,portland,murphysboro,portland
city,1086,portland,murphysboro,portland
city,1087,portland,murphysboro,portland
city,1088,portland,monroe wi,portland
city,1089,portland or,mooresville nc,portland
city,1090,portland,monroe,portland
city,1091,portland,montauk,portland
city,1092,portland,mount pleasant,portland
city,1093,portland,morganton,portland
city,1094,portland,mount pleasant,portland
city,1095,portland,nashville,portland
city,1096,portland,morganton,portland
city,1097,milwaukee,moab,milwaukee
city,1098,milwaukee,mustang,milwaukee
city,1099,milwaukee,mill valley ca,milwaukee
city,1100,lenoir,los angeles ca,lenoir
city,1101,lenoir,manheim,lenoir
city,1102,minneapolis,michigan city,minneapolis
city,1103,minneapolis,monument,minneapolis
city,1104,minneapolis,monroe wi,minneapolis
city,1106,minneapolis,michigan city,minneapolis
city,1107,minneapolis,mill valley,minneapolis
city,1111,indianapolis,juneau,indianapolis
city,1112,austin,cincinnati,austin
city,1114,jacksonville,kansas city,jacksonville
city,1115,jacksonville,juneau,jacksonville
city,1116,jacksonville,kearney,jacksonville
city,1117,ipswich,kalona,ipswich
city,1118,wilmington,myrtle beach sc,wilmington
city,1119,framingham,hershey pa,framingham
city,1120,framingham,hilo,framingham
city,1121,framingham ma,greenville,framingham
city,1122,framingham,hays,framingham
city,1123,framingham,helena,framingham
city,1125,biglerville,cold spring,biglerville
city,1126,nashville,myrtle beach,nashville
city,1129,athens,claremont,athens
city,1130,athens,cleveland,athens
city,1131,athens,chicago,athens
city,1132,laurel,lakeside,laurel
city,1133,stevens point,paso robles ca,stevens point
city,1134,stevens point,pawtucket,stevens point
city,1135,stevens point,phoenix,stevens point
city,1136,stevens point,philadelphia,stevens point
city,1137,stevens point,petoskey mi,stevens point
city,1138,stevens point wi,pawcatuck,stevens point
city,1139,henderson,hershey,henderson
city,1140,henderson,indianapolis,henderson
city,1141,henderson,jacksonville,henderson
city,1142,henderson,indianapolis in,henderson
city,1144,kalona,lansdale,kalona
city,1146,houston,holland,houston
city,1147,houston,kalona,houston
city,1148,houston,houghton,houston
city,1149,houston tx,lahaina,houston
city,1150,houston,hershey pa,houston
city,1151,houston,kalona,houston
city,1152,houston,jacksonville,houston
city,1153,houston,lake geneva wi,houston
city,1154,houston,jacksonville beach,houston
city,1156,brooklyn,denton,brooklyn
city,1158,soldotna,north conway,soldotna
city,1159,soldotna ak,pawcatuck,soldotna
city,1160,soldotna,oklahoma city ok,soldotna
city,1161,soldotna,odessa,soldotna
city,1162,missoula,mill valley,missoula
city,1163,missoula,meadville pa,missoula
city,1164,missoula,meadville pa,missoula
city,1165,missoula,medford,missoula
city,1166,missoula,meadville,missoula
city,1167,missoula,middleton,missoula
city,1168,houghton,idaho springs,houghton
city,1169,houghton,jacksonville,houghton
city,1170,houghton,kent,houghton
city,1171,houghton,idaho springs,houghton
city,1172,houghton,idaho springs,houghton
city,1173,houghton,idaho springs,houghton
city,1174,houghton,idaho springs,houghton
city,1177,anchorage,cortland,anchorage
city,1179,anchorage,corvallis,anchorage
city,1180,kirkwood,kearney,kirkwood
city,1181,kirkwood,leavenworth,kirkwood
city,1182,kona,hattiesburg,kona
city,1183,kona,lansdale,kona
city,1184,kona,lake havasu city,kona
city,1185,kona,lake barrington il,kona
city,1186,krebs,lewisburg,krebs
city,1189,albuquerque,brooklyn center,albuquerque
city,1190,lancaster,lyons co,lancaster
city,1191,lancaster,loveland,lancaster
city,1192,portage,new orleans,portage
city,1193,portage,newburgh,portage
city,1194,portage,new york,portage
city,1195,portage,newburgh,portage
city,1196,ponderay,newport,ponderay
city,1197,ponderay,north conway,ponderay
city,1198,ponderay,nashville,ponderay
city,1199,erie,gig harbor,erie
city,1200,erie,gary,erie
city,1202,helena,jacksonville,helena
city,1203,helena,huntsville,helena
city,1204,helena mt,houston tx,helena
city,1205,helena,jackson,helena
city,1206,helena,kansas city,helena
city,1207,stillwater,myrtle beach sc,stillwater
city,1208,stillwater,new orleans,stillwater
city,1209,york,philadelphia,york
city,1210,york,philadelphia,york
city,1211,york,pineland me,york
city,1212,york pa,paso robles,york
city,1213,lone tree,loveland,lone tree
city,1214,raleigh,north woodstock,raleigh
city,1215,raleigh,mount pleasant,raleigh
city,1216,raleigh,north conway,raleigh
city,1217,raleigh,o'fallon,raleigh
city,1218,raleigh,north woodstock nh,raleigh
city,1223,bridgewater corners,croydon,bridgewater corners
city,1226,east fairfield,halethorpe,east fairfield
city,1227,east fairfield,halethorpe,east fairfield
city,1228,ashburn,cheboygan,ashburn
city,1229,ashburn,charlottesville,ashburn
city,1230,menominee,miami,menominee
city,1231,menominie,midwest city,menominie
city,1233,menominie,memphis,menominie
city,1234,jackson,laurel,jackson
city,1235,jackson,kona,jackson
city,1236,flagstaff,hayward,flagstaff
city,1237,flagstaff,fort worth tx,flagstaff
city,1238,flagstaff,evansville in,flagstaff
city,1239,flagstaff,fredericksburg,flagstaff
city,1240,portland or,northamtpon,portland
city,1241,portland,oklahoma city,portland
city,1242,macon,manhattan,macon
city,1250,cincinnati,durango co,cincinnati
city,1251,cincinnati,durango,cincinnati
city,1252,cincinnati,durango,cincinnati
city,1253,south burlington,north woodstock nh,south burlington
city,1254,south burlington,portland,south burlington
city,1255,south burlington,pottstown,south burlington
city,1257,mammoth lakes,los angeles ca,mammoth lakes
city,1258,mammoth lakes,lyons,mammoth lakes
city,1259,mammoth lakes,longmont co,mammoth lakes
city,1260,philadelphia,papillion,philadelphia
city,1261,philadelphia,pacific,philadelphia
city,1262,philadelphia,odessa,philadelphia
city,1263,philadelphia,north conway,philadelphia
city,1264,philadelphia,paonia,philadelphia
city,1265,philadelphia,o'fallon,philadelphia
city,1266,philadelphia,patchogue,philadelphia
city,1267,philadelphia,paonia,philadelphia
city,1268,philadelphia,new orleans,philadelphia
city,1269,santee,nashville,santee
city,1270,santee,nellysford,santee
city,1271,santee,odessa,santee
city,1272,santee,north woodstock,santee
city,1273,santee,north woodstock nh,santee
city,1275,albuquerque,chico,albuquerque
city,1281,fort worth,hershey pa,fort worth
city,1282,fort worth,hooksett,fort worth
city,1283,fort worth,helena mt,fort worth
city,1284,fort worth,henderson,fort worth
city,1285,fort worth tx,hattiesburg,fort worth
city,1286,fort worth,hays,fort worth
city,1288,fort worth tx,hardy,fort worth
city,1289,utica ny,paso robles ca,utica
city,1290,utica,pittsburgh pa,utica
city,1291,utica,newport,utica
city,1292,utica,plainfield in,utica
city,1293,utica,plant city,utica
city,1294,utica,plant city,utica
city,1295,utica ny,phoenix,utica
city,1296,utica,plainfield in,utica
city,1297,utica,pittsburgh pa,utica
city,1298,utica,pittsburgh,utica
city,1299,utica,plainfield in,utica
city,1300,utica,portage,utica
city,1301,utica,pacific,utica
city,1302,lahaina,leavenworth,lahaina
city,1303,lahaina,lemont,lahaina
city,1304,lahaina,lewiston,lahaina
city,1305,lahaina,lansdale,lahaina
city,1306,lahaina,laurel,lahaina
city,1307,lahaina,lakeside,lahaina
city,1308,lahaina,libertyville,lahaina
city,1309,lahaina,lake barrington,lahaina
city,1310,lahaina,lancaster,lahaina
city,1311,lahaina,laurel,lahaina
city,1312,lahaina,lake geneva,lahaina
city,1313,lahaina,krebs,lahaina
city,1314,half moon bay,hershey pa,half moon bay
city,1315,half moon bay,indianapolis,half moon bay
city,1316,half moon bay,helena,half moon bay
city,1317,somerset center,myrtle beach sc,somerset center
city,1318,somerset center,myrtle beach sc,somerset center
city,1319,somerset center,myrtle beach sc,somerset center
city,1320,hilo,gary,hilo
city,1321,hilo,houston tx,hilo
city,1322,hilo,ipswich,hilo
city,1323,hilo,krebs,hilo
city,1324,hilo,indianapolis in,hilo
city,1325,hilo,indianapolis,hilo
city,1326,miami,midvale,miami
city,1327,miami,meridian,miami
city,1328,miami,meadville pa,miami
city,1329,miami,meridian,miami
city,1330,libertyville,lexington,libertyville
city,1332,anchorage,corvallis,anchorage
city,1334,anchorage,conroe tx,anchorage
city,1335,anchorage,conroe tx,anchorage
city,1336,san diego,middleburg heights,san diego
city,1337,san diego,mill valley,san diego
city,1338,san diego,milwaukee,san diego
city,1339,san diego,middleburg heights,san diego
city,1340,san diego,mooresville,san diego
city,1341,san diego,monroe,san diego
city,1342,chicago,columbus,chicago
city,1343,chicago il,corvallis,chicago
city,1344,chicago,columbus,chicago
city,1345,chicago,colorado springs,chicago
city,1346,chicago,fargo,chicago
city,1347,chicago,conroe,chicago
city,1348,chicago,columbus,chicago
city,1349,chicago,colorado springs,chicago
city,1350,pottstown,oklahoma city ok,pottstown
city,1351,pottstown,oklahoma city,pottstown
city,1352,royal oak,myrtle beach sc,royal oak
city,1353,royal oak,nellysford,royal oak
city,1354,royal oak,nashville,royal oak
city,1355,milwaukee,memphis,milwaukee
city,1356,milwaukee,midvale,milwaukee
city,1357,milwaukee,middleton,milwaukee
city,1358,milwaukee,mooresville nc,milwaukee
city,1359,milwaukee,morganton,milwaukee
city,1360,milwaukee,mooresville nc,milwaukee
city,1361,milwaukee,middlebury,milwaukee
city,1362,monroe,menominie,monroe
city,1363,monroe,milwaukee,monroe
city,1364,monroe,nashville,monroe
city,1365,monroe,mooresville nc,monroe
city,1366,monroe,mill valley,monroe
city,1367,monroe,mooresville nc,monroe
city,1368,monroe wi,michigan city,monroe
city,1369,monroe,mooresville nc,monroe
city,1370,monroe,mooresville nc,monroe
city,1371,monroe,meadville,monroe
city,1372,monroe,nashville,monroe
city,1373,monroe,montauk,monroe
city,1374,monroe,montauk,monroe
city,1375,san diego ca,midwest city,san diego
city,1376,san diego,meadville pa,san diego
city,1377,san diego ca,midvale,san diego
city,1378,san diego,martinsville,san diego
city,1379,moab,midvale,moab
city,1380,moab,mill valley,moab
city,1381,moab,milwaukee,moab
city,1382,moab,midwest city,moab
city,1383,north conway,meadville,north conway
city,1384,north conway,marquette,north conway
city,1385,lincoln,lewisburg,lincoln
city,1386,san diego,milwaukee,san diego
city,1387,san diego,minnetonka,san diego
city,1388,san diego,monument,san diego
city,1389,san diego,minneapolis,san diego
city,1390,san diego,mooresville nc,san diego
city,1391,san diego,mt. airy,san diego
city,1392,san diego,mt. pleasant,san diego
city,1393,san diego,miami,san diego
city,1394,flagstaff,frankenmuth mi,flagstaff
city,1395,san diego,mustang,san diego
city,1396,san diego,myrtle beach,san diego
city,1397,san diego,myrtle beach,san diego
city,1398,montauk,mooresville nc,montauk
city,1399,montauk,mt. airy,montauk
city,1400,saint louis,paonia co,saint louis
city,1401,saint louis,paonia co,saint louis
city,1402,saint louis,paso robles,saint louis
city,1403,saint louis,paw paw,saint louis
city,1404,saint louis,paso robles,saint louis
city,1405,vista,pacific,vista
city,1406,kinston,lakeside,kinston
city,1407,kinston,lemont,kinston
city,1408,springfield,paw paw,springfield
city,1409,springfield,pacific,springfield
city,1410,mount pleasant,middleburg heights,mount pleasant
city,1411,lake havasu city,lewisburg,lake havasu city
city,1412,lake havasu city,lakeside,lake havasu city
city,1413,lake havasu city,laurel,lake havasu city
city,1414,lake havasu city,lemont,lake havasu city
city,1415,lake havasu city,lansdale pa,lake havasu city
city,1416,mustang,mt. airy,mustang
city,1417,mustang,murphysboro,mustang
city,1418,mustang,mt. pleasant,mustang
city,1419,mustang,mt. airy,mustang
city,1420,mustang,murphysboro,mustang
city,1421,providence,nellysford,providence
city,1422,providence,nantucket,providence
city,1423,providence,new orleans,providence
city,1424,providence,newburgh,providence
city,1425,providence,papillion,providence
city,1426,providence,newburyport,providence
city,1427,providence,new york,providence
city,1428,providence,newburgh,providence
city,1429,providence,newburgh,providence
city,1430,providence,north woodstock nh,providence
city,1431,portland or,mt. airy,portland
city,1432,portland,mustang,portland
city,1433,portland,mooresville nc,portland
city,1434,portland,mount pleasant,portland
city,1435,portland,myrtle beach sc,portland
city,1436,portland,nantucket,portland
city,1437,papillion,northamtpon,papillion
city,1438,papillion,nellysford va,papillion
city,1439,papillion,o'fallon,papillion
city,1440,papillion,north woodstock nh,papillion
city,1441,papillion,newport,papillion
city,1444,fort collins,henderson,fort collins
city,1445,fort collins,hershey pa,fort collins
city,1446,fort collins,greeley,fort collins
city,1448,fort collins,grand rapids mi,fort collins
city,1449,fort collins,greeley,fort collins
city,1450,fort collins,fort worth,fort collins
city,1451,fort collins,golden,fort collins
city,1452,fort collins,gig harbor,fort collins
city,1453,fort collins,fort worth,fort collins
city,1454,fort collins,garden city,fort collins
city,1455,fort collins,garrattsville,fort collins
city,1456,fort collins,framingham ma,fort collins
city,1457,fort collins,glendale,fort collins
city,1458,fort collins,export,fort collins
city,1459,fort collins,frederick,fort collins
city,1460,fort collins,fuquay-varina,fort collins
city,1461,woodbridge,phoenixville,woodbridge
city,1462,woodbridge,phoenix,woodbridge
city,1463,woodbridge,phoenix,woodbridge
city,1464,woodbridge,phoenixville,woodbridge
city,1465,woodbridge,phoenixville,woodbridge
city,1466,woodbridge,patchogue,woodbridge
city,1467,woodbridge,o'fallon,woodbridge
city,1468,woodbridge,new orleans,woodbridge
city,1469,woodbridge,pittsboro,woodbridge
city,1470,woodbridge,pittsboro,woodbridge
city,1471,woodbridge,pittsburgh,woodbridge
city,1472,new orleans,morganton,new orleans
city,1473,new orleans,milwaukee,new orleans
city,1474,new orleans,mill valley ca,new orleans
city,1475,new orleans,mill valley ca,new orleans
city,1476,new orleans,mt. airy,new orleans
city,1477,new orleans,mooresville,new orleans
city,1481,myrtle beach sc,mt. airy,myrtle beach
city,1482,myrtle beach,northamtpon,myrtle beach
city,1483,newburgh,nellysford va,newburgh
city,1484,newburyport,mt. airy,newburyport
city,1485,newburyport,nellysford,newburyport
city,1486,newburyport,mt. pleasant,newburyport
city,1487,everett,gainesville,everett
city,1489,charlotte,douglas,charlotte
city,1490,slippery rock,pinedale,slippery rock
city,1491,slippery rock,petoskey mi,slippery rock
city,1492,slippery rock,pittsboro,slippery rock
city,1493,slippery rock,pineland me,slippery rock
city,1494,minneapolis,menominee,minneapolis
city,1495,minneapolis,miami,minneapolis
city,1496,minneapolis,middleburg heights,minneapolis
city,1497,minneapolis,meridian,minneapolis
city,1498,minneapolis,middleburg heights,minneapolis
city,1499,minneapolis,meridian,minneapolis
city,1500,northamtpon,mishawaka,northamtpon
city,1501,pacific,mt. airy,pacific
city,1502,pacific,mt. airy,pacific
city,1503,eau claire,farmers branch,eau claire
city,1504,eau claire,fort wayne,eau claire
city,1505,ipswich,laurel,ipswich
city,1506,ipswich,lake barrington,ipswich
city,1507,o'fallon,newburyport,o'fallon
city,1508,o'fallon,mustang,o'fallon
city,1509,o'fallon,new york,o'fallon
city,1510,eugene,hattiesburg,eugene
city,1511,eugene,golden,eugene
city,1513,eugene,gloucester ma,eugene
city,1518,portland,mustang,portland
city,1519,portland,nellysford va,portland
city,1520,portland,myrtle beach sc,portland
city,1521,portland,new york,portland
city,1527,arvada,covington,arvada
city,1529,spirit lake,nellysford va,spirit lake
city,1530,spirit lake,north conway,spirit lake
city,1531,spirit lake,newburgh,spirit lake
city,1532,spirit lake,newport,spirit lake
city,1533,spirit lake,north woodstock,spirit lake
city,1534,spirit lake,newburyport,spirit lake
city,1536,danville,export pa,danville
city,1552,longmont,lyons,longmont
city,1553,longmont,houston tx,longmont
city,1554,longmont,longmont co,longmont
city,1555,co,dolores,co
city,1556,longmont,lyons,longmont
city,1557,longmont,lockland,longmont
city,1558,longmont,lyons co,longmont
city,1559,longmont co,marietta,longmont
city,1560,longmont co,mammoth lakes,longmont
city,1562,longmont,lexington,longmont
city,1563,longmont,leominster,longmont
city,1564,longmont,libertyville,longmont
city,1565,longmont,lakeside,longmont
city,1566,longmont,lexington,longmont
city,1567,longmont,lombard,longmont
city,1568,longmont,lombard,longmont
city,1569,longmont,lexington,longmont
city,1570,longmont,lombard,longmont
city,1571,longmont,lombard,longmont
city,1572,longmont,lansdale,longmont
city,1573,longmont,lincoln,longmont
city,1574,longmont,lincoln,longmont
city,1575,longmont,lockland,longmont
city,1576,longmont,lewiston,longmont
city,1577,longmont,libertyville,longmont
city,1578,longmont,lewisburg,longmont
city,1579,longmont,lewiston,longmont
city,1581,longmont,laurel,longmont
city,1582,longmont,lowell,longmont
city,1584,longmont,lewiston,longmont
city,1585,lyons,lone tree,lyons
city,1586,lyons,los angeles ca,lyons
city,1587,lyons,los angeles ca,lyons
city,1588,lyons co,michigan city,lyons
city,1589,lyons,marietta,lyons
city,1590,lyons,marietta,lyons
city,1591,lyons,los angeles ca,lyons
city,1592,lyons co,manhattan ks,lyons
city,1593,lyons,los angeles ca,lyons
city,1594,lyons,los angeles ca,lyons
city,1595,lyons,los angeles ca,lyons
city,1596,lyons,loveland,lyons
city,1597,lyons,los angeles ca,lyons
city,1598,brevard,des moines,brevard
city,1602,brevard,conroe,brevard
city,1603,brevard,denver,brevard
city,1604,middlebury,monroe wi,middlebury
city,1605,waterbury,phoenixville,waterbury
city,1606,rogers,newport,rogers
city,1607,palisade,mt. pleasant,palisade
city,1608,palisade,mt. airy,palisade
city,1610,fort collins,fredericksburg,fort collins
city,1612,fort collins,garden city,fort collins
city,1613,fort collins,garden city,fort collins
city,1614,garden city,helena mt,garden city
city,1615,garden city,halethorpe,garden city
city,1616,garden city,grand rapids,garden city
city,1617,garden city,gig harbor,garden city
city,1618,garden city,greenville,garden city
city,1619,knoxville,lemont,knoxville
city,1620,portland,north woodstock,portland
city,1621,portland me,norfolk,portland
city,1624,lafayette,kinston,lafayette
city,1625,lafayette,kona,lafayette
city,1626,lafayette,lewisburg,lafayette
city,1627,lafayette,libertyville,lafayette
city,1634,san antonio,pawtucket,san antonio
city,1635,san antonio,pawtucket,san antonio
city,1636,san antonio,phoenixville,san antonio
city,1637,san antonio,pawtucket,san antonio
city,1638,san antonio,pawtucket,san antonio
city,1639,san antonio,pawtucket,san antonio
city,1640,san antonio,pawtucket,san antonio
city,1641,petoskey,mount pleasant,petoskey
city,1642,petoskey mi,mt. airy,petoskey
city,1643,petoskey,mt. pleasant,petoskey
city,1644,petoskey,moab,petoskey
city,1645,phoenix,mt. airy,phoenix
city,1646,monument,menominie,monument
city,1647,monument,memphis,monument
city,1648,monument,middleburg heights,monument
city,1649,san francisco,newport,san francisco
city,1650,san francisco,o'fallon,san francisco
city,1659,chicago,dolores,chicago
city,1663,carlsbad,comstock park,carlsbad
city,1666,lemont,laurel,lemont
city,1668,prescott,newburyport,prescott
city,1669,prescott,new york,prescott
city,1674,dillon,eagle,dillon
city,1675,dillon,farmers branch,dillon
city,1676,dillon,flagstaff,dillon
city,1677,seattle,pottstown pa,seattle
city,1678,seattle,patchogue,seattle
city,1680,greenville,kansas city,greenville
city,1682,fort worth,houghton,fort worth
city,1689,blanco,cortland,blanco
city,1691,marietta,manheim,marietta
city,1692,marietta ga,medford,marietta
city,1693,marietta,marquette,marietta
city,1694,mt. airy,milwaukee,mt. airy
city,1695,mt. airy,midvale,mt. airy
city,1696,mt. airy,midwest city,mt. airy
city,1697,mt. airy,mill valley ca,mt. airy
city,1698,mt. airy,midwest city,mt. airy
city,1700,woodinville,paonia,woodinville
city,1701,woodinville,pottstown,woodinville
city,1702,woodinville,pottstown,woodinville
city,1706,temecula,mooresville nc,temecula
city,1707,denver,farmers branch,denver
city,1709,denver co,evanston,denver
city,1710,denver,estacada,denver
city,1711,denver,eagle,denver
city,1712,denver,des moines,denver
city,1713,paonia,missoula,paonia
city,1714,paonia,moab,paonia
city,1715,paonia co,mooresville nc,paonia
city,1716,paonia,missoula,paonia
city,1717,paonia,monroe,paonia
city,1718,paonia,moab,paonia
city,1719,paonia,morganton,paonia
city,1720,paonia,mount pleasant,paonia
city,1726,chicago,eagle,chicago
city,1727,chicago,eau claire,chicago
city,1737,traverse city,new orleans,traverse city
city,1738,portland,mooresville nc,portland
city,1739,portland me,mustang,portland
city,1741,denver,duluth mn,denver
city,1742,lockland,los angeles ca,lockland
city,1743,lockland,los angeles ca,lockland
city,1744,export pa,hattiesburg,export
city,1752,export,hattiesburg,export
city,1753,export,green bay,export
city,1756,export,greenville,export
city,1757,export,green bay,export
city,1759,roanoke,new york,roanoke
city,1760,rochester mi,myrtle beach sc,rochester
city,1761,rochester,nantucket,rochester
city,1762,rochester,nantucket,rochester
city,1763,rochester,nashville,rochester
city,1764,rochester,new york,rochester
city,1765,rochester,nellysford va,rochester
city,1766,rochester,oklahoma city ok,rochester
city,1767,newport,monroe wi,newport
city,1768,midwest city,menominie,midwest city
city,1769,midwest city,memphis,midwest city
city,1770,midwest city,middleton,midwest city
city,1771,lansdale,kona,lansdale
city,1772,lansdale,lincoln,lansdale
city,1773,lansdale pa,louisville,lansdale
city,1774,lansdale,manheim,lansdale
city,1775,lansdale,leavenworth,lansdale
city,1776,lansdale,lyons co,lansdale
city,1777,lansdale,martinsville,lansdale
city,1778,sacramento,o'fallon,sacramento
city,1779,sacramento,north conway,sacramento
city,1780,sacramento,north woodstock nh,sacramento
city,1781,sacramento,murphysboro,sacramento
city,1782,sacramento,nashville,sacramento
city,1783,san diego,north conway,san diego
city,1784,san diego,newport,san diego
city,1785,san diego,northamtpon,san diego
city,1786,san diego,north woodstock nh,san diego
city,1789,chandler,denton,chandler
city,1796,chandler,dayton,chandler
city,1798,chandler,comstock park,chandler
city,1801,chandler az,dunedin,chandler
city,1802,chandler,conroe tx,chandler
city,1804,chandler,durham,chandler
city,1805,chandler,durango,chandler
city,1807,boulder,conestoga,boulder
city,1808,santa cruz,moab,santa cruz
city,1809,santa cruz,odessa,santa cruz
city,1810,santa cruz,myrtle beach sc,santa cruz
city,1811,santa fe,pinedale,santa fe
city,1812,santa fe,palisade,santa fe
city,1813,santa fe,pittsboro,santa fe
city,1814,santa fe,pittsburgh pa,santa fe
city,1815,santa fe,ponderay,santa fe
city,1816,santa fe,pittsboro,santa fe
city,1817,santa fe,petoskey,santa fe
city,1819,seattle,pittsboro,seattle
city,1820,seattle,pittsboro,seattle
city,1821,seattle,pittsburgh pa,seattle
city,1822,saint louis,paonia co,saint louis
city,1823,saint louis,paw paw,saint louis
city,1824,saint louis,paso robles,saint louis
city,1825,saint louis,paso robles,saint louis
city,1826,saint louis,petoskey,saint louis
city,1827,saint louis,philadelphia,saint louis
city,1828,portland,pacific,portland
city,1829,santa cruz,northamtpon,santa cruz
city,1830,seattle,odessa,seattle
city,1831,seattle,odessa,seattle
city,1832,silverton or,mustang,silverton
city,1833,silverton,north woodstock nh,silverton
city,1839,wolcott,paw paw,wolcott
city,1840,marlborough,miami,marlborough
city,1841,portland,north conway,portland
city,1842,portland,odessa,portland
city,1843,portland,paonia co,portland
city,1844,portland,northamtpon,portland
city,1846,chico,eagle,chico
city,1853,chico,columbus,chico
city,1855,silverton,papillion,silverton
city,1856,silverton,papillion,silverton
city,1857,silverton,paso robles,silverton
city,1862,brooklyn,columbus,brooklyn
city,1871,brooklyn,denver,brooklyn
city,1875,brooklyn,denver,brooklyn
city,1882,durango,fort worth,durango
city,1883,durango,evanston il,durango
city,1884,durango co,framingham ma,durango
city,1886,durango,edwards co,durango
city,1888,durango,durango co,durango
city,1889,durango,diamond springs,durango
city,1890,durango,dillon co,durango
city,1891,durango,diamond springs,durango
city,1892,durango,frederick,durango
city,1893,durango,dripping springs,durango
city,1894,meridian,michigan city,meridian
city,1895,meridian,meadville,meridian
city,1896,chicago,colorado springs,chicago
city,1897,chicago,fort collins,chicago
city,1898,anchorage,cold spring,anchorage
city,1899,phoenixville,norfolk,phoenixville
city,1900,pottstown,pineland me,pottstown
city,1901,pottstown,petoskey mi,pottstown
city,1902,pottstown,paonia co,pottstown
city,1903,pottstown,pinedale,pottstown
city,1904,pottstown,plainfield in,pottstown
city,1905,pottstown,odessa,pottstown
city,1906,pottstown pa,paso robles ca,pottstown
city,1907,pottstown,northamtpon,pottstown
city,1908,pottstown,pineland me,pottstown
city,1909,pottstown,philadelphia,pottstown
city,1910,pottstown,petoskey mi,pottstown
city,1911,pottstown,paonia co,pottstown
city,1912,norfolk,myrtle beach,norfolk
city,1913,norfolk,new orleans,norfolk
city,1914,norfolk,pacific,norfolk
city,1915,jackson,lansdale pa,jackson
city,1916,jackson,lake barrington,jackson
city,1917,jackson,kirkwood,jackson
city,1918,jackson,kearney ne,jackson
city,1919,jackson,kalamazoo,jackson
city,1920,jackson,kona,jackson
city,1921,jackson,lafayette,jackson
city,1932,boise,detroit,boise
city,1933,boise id,denver co,boise
city,1938,boise,des moines ia,boise
city,1939,south austin,o'fallon,south austin
city,1940,south austin,north woodstock nh,south austin
city,1941,south austin,oklahoma city ok,south austin
city,1942,south austin,odessa,south austin
city,1943,southampton,phoenix,southampton
city,1944,medford,michigan city,medford
city,1945,medford,meadville pa,medford
city,1946,hattiesburg,idaho springs,hattiesburg
city,1947,hattiesburg,juneau,hattiesburg
city,1949,hattiesburg,juneau,hattiesburg
city,1950,hattiesburg,idaho springs co,hattiesburg
city,1951,hattiesburg,holland,hattiesburg
city,1953,hattiesburg,idaho springs,hattiesburg
city,1954,hattiesburg,holland,hattiesburg
city,1959,conroe,evansville,conroe
city,1960,conroe,eugene,conroe
city,1963,conroe,erie,conroe
city,1965,conroe,durham,conroe
city,1966,conroe,duluth,conroe
city,1967,conroe,des moines,conroe
city,1968,conroe,eagle,conroe
city,1969,san francisco,north woodstock nh,san francisco
city,1975,chicago,detroit,chicago
city,1983,glendale,granger,glendale
city,1984,glendale,green bay,glendale
city,1986,paw paw,morganton,paw paw
city,1990,crozet,elmira,crozet
city,1991,durango,gig harbor,durango
city,1993,durango,evanston,durango
city,1994,durango,dripping springs,durango
city,1995,stevens point,pinedale,stevens point
city,1996,stevens point,pinedale,stevens point
city,1997,stevens point,pineland me,stevens point
city,1998,stevens point,pinedale,stevens point
city,1999,stevens point,pineland me,stevens point
city,2000,stevens point,phoenixville,stevens point
city,2001,stevens point,pineland me,stevens point
city,2002,stevens point,pineland me,stevens point
city,2003,stevens point,oklahoma city ok,stevens point
city,2004,stevens point,roanoke,stevens point
city,2005,stevens point,patchogue,stevens point
city,2006,stevens point,paonia,stevens point
city,2007,stevens point,portland,stevens point
city,2008,stevens point,portland,stevens point
city,2009,stevens point,port clinton,stevens point
city,2010,stevens point,roanoke,stevens point
city,2011,stevens point,rogers,stevens point
city,2012,stevens point,portland,stevens point
city,2013,stevens point,pottstown,stevens point
city,2014,stevens point,portland or,stevens point
city,2015,stevens point,portage,stevens point
city,2016,stevens point,portage,stevens point
city,2017,green bay,jackson,green bay
city,2021,portland,o'fallon,portland
city,2022,huntsville,krebs,huntsville
city,2023,huntsville,kona,huntsville
city,2024,huntsville,hooksett,huntsville
city,2025,st mary's,petoskey mi,st mary's
city,2026,st mary's,phoenixville,st mary's
city,2027,st mary's,phoenixville,st mary's
city,2028,st mary's,pineland me,st mary's
city,2029,st paul,paw paw,st paul
city,2030,st. paul,papillion,st. paul
city,2031,st. paul mn,newburyport,st. paul
city,2032,st. paul,myrtle beach sc,st. paul
city,2033,indianapolis,kirkwood,indianapolis
city,2034,indianapolis,lake barrington il,indianapolis
city,2035,indianapolis,kirkwood,indianapolis
city,2036,indianapolis,knoxville,indianapolis
city,2038,indianapolis,kona,indianapolis
city,2039,indianapolis,lafayette,indianapolis
city,2041,indianapolis,ipswich,indianapolis
city,2042,indianapolis in,jacksonville beach,indianapolis
city,2043,indianapolis in,jacksonville beach,indianapolis
city,2044,indianapolis,ipswich,indianapolis
city,2045,indianapolis in,lake barrington,indianapolis
city,2047,indianapolis,holland,indianapolis
city,2048,indianapolis,hudsonville,indianapolis
city,2049,indianapolis,ipswich,indianapolis
city,2050,indianapolis,kona,indianapolis
city,2051,indianapolis,lafayette,indianapolis
city,2052,indianapolis,jacksonville,indianapolis
city,2053,indianapolis,krebs,indianapolis
city,2054,indianapolis,lafayette,indianapolis
city,2055,indianapolis,lake barrington il,indianapolis
city,2056,indianapolis,kent,indianapolis
city,2057,indianapolis,jacksonville beach,indianapolis
city,2058,indianapolis,lake barrington,indianapolis
city,2059,indianapolis,lafayette,indianapolis
city,2060,indianapolis,kinston,indianapolis
city,2061,indianapolis in,kona,indianapolis
city,2062,indianapolis,kalamazoo,indianapolis
city,2063,indianapolis,houghton,indianapolis
city,2064,indianapolis,lahaina,indianapolis
city,2065,indianapolis,hyannis,indianapolis
city,2066,indianapolis,kona,indianapolis
city,2067,indianapolis,kalamazoo,indianapolis
city,2068,indianapolis,krebs,indianapolis
city,2069,indianapolis,kalona,indianapolis
city,2070,indianapolis,juneau,indianapolis
city,2071,hardy,juneau,hardy
city,2072,hardy,jacksonville beach,hardy
city,2075,brooklyn center,conroe tx,brooklyn center
city,2082,brooklyn center,conroe tx,brooklyn center
city,2085,brooklyn center,conroe,brooklyn center
city,2086,gainesville,grand rapids mi,gainesville
city,2088,gainesville,gloucester,gainesville
city,2090,gainesville,frederick,gainesville
city,2091,manheim,monroe,manheim
city,2096,san diego,nellysford va,san diego
city,2097,san diego,oklahoma city,san diego
city,2098,san diego,moab,san diego
city,2099,san diego,oklahoma city ok,san diego
city,2100,san diego,monroe wi,san diego
city,2101,san diego,morganton,san diego
city,2102,san diego,paonia,san diego
city,2103,san diego,paonia co,san diego
city,2105,manhattan,marietta,manhattan
city,2106,manhattan,marietta,manhattan
city,2107,manhattan,martinsville,manhattan
city,2108,manhattan,martinsville,manhattan
city,2109,manhattan,lockland,manhattan
city,2110,manhattan,manheim,manhattan
city,2111,manhattan,lyons co,manhattan
city,2112,manhattan,marquette,manhattan
city,2113,manhattan ks,marietta,manhattan
city,2114,manhattan,macon,manhattan
city,2115,manhattan,martinsville,manhattan
city,2116,manhattan,marlborough,manhattan
city,2117,manhattan,manhattan ks,manhattan
city,2118,manhattan,lombard,manhattan
city,2119,manhattan,lyons,manhattan
city,2120,manhattan,marietta,manhattan
city,2121,manhattan,los angeles ca,manhattan
city,2122,lakeside,latrobe pa,lakeside
city,2123,lakeside,latrobe pa,lakeside
city,2124,tampa,o'fallon,tampa
city,2125,tampa,newburyport,tampa
city,2130,telluride,phoenix,telluride
city,2131,telluride,phoenixville,telluride
city,2132,telluride,phoenixville,telluride
city,2137,richmond,pineland me,richmond
city,2138,richmond,paso robles ca,richmond
city,2139,richmond,pawtucket,richmond
city,2140,richmond,paw paw,richmond
city,2141,waterbury,palisade,waterbury
city,2142,waterbury,palisade,waterbury
city,2143,waterbury,palisade,waterbury
city,2144,waterbury vt,o'fallon,waterbury
city,2145,waterbury,odessa,waterbury
city,2146,waterbury,palisade,waterbury
city,2147,sheridan,pinedale,sheridan
city,2148,sheridan,phoenixville,sheridan
city,2149,sheridan,portland me,sheridan
city,2150,sheridan,pittsburgh pa,sheridan
city,2153,baltimore,comstock park,baltimore
city,2157,torrance,newburgh,torrance
city,2158,torrance,myrtle beach sc,torrance
city,2159,torrance,newport,torrance
city,2160,torrance,newport,torrance
city,2161,torrance,mt. pleasant,torrance
city,2163,wilkes-barre,pineland me,wilkes-barre
city,2164,new york,nantucket,new york
city,2165,grand rapids,indianapolis,grand rapids
city,2166,traverse city,pineland me,traverse city
city,2167,traverse city,odessa,traverse city
city,2168,traverse city,odessa,traverse city
city,2175,sisters,petoskey mi,sisters
city,2176,sisters,petoskey,sisters
city,2177,sisters,paso robles ca,sisters
city,2180,martinsville,libertyville,martinsville
city,2183,martinsville,meadville pa,martinsville
city,2184,kearney,lexington,kearney
city,2185,kearney,leavenworth,kearney
city,2186,kearney,lancaster,kearney
city,2187,kearney ne,lake barrington,kearney
city,2188,evansville,green bay,evansville
city,2190,evansville,hershey pa,evansville
city,2192,evansville,framingham ma,evansville
city,2193,evansville,framingham ma,evansville
city,2195,evansville,fort worth,evansville
city,2202,baton rouge,dallas,baton rouge
city,2203,baton rouge,dallas tx,baton rouge
city,2204,idaho springs,lansdale,idaho springs
city,2205,idaho springs co,lewisburg,idaho springs
city,2207,minnetonka,middlebury,minnetonka
city,2211,durham,gary,durham
city,2213,durham,fredericksburg,durham
city,2214,hershey,lake havasu city,hershey
city,2215,hershey,jacksonville,hershey
city,2216,hershey,lahaina,hershey
city,2218,hershey pa,kirkwood,hershey
city,2219,greenville,gary,greenville
city,2224,seattle,petoskey mi,seattle
city,2225,seattle,phoenix,seattle
city,2226,seattle,philadelphia,seattle
city,2227,seattle,petoskey mi,seattle
city,2228,seattle,plainfield in,seattle
city,2229,seattle,phoenixville,seattle
city,2230,seattle,pittsburgh pa,seattle
city,2231,seattle,pittsboro,seattle
city,2232,seattle,pinedale,seattle
city,2233,seattle,pineland me,seattle
city,2234,seattle,pittsboro,seattle
city,2235,seattle,pittsburgh pa,seattle
city,2236,warrenville,newburgh,warrenville
city,2237,warrenville,petoskey mi,warrenville
city,2238,warrenville,pinedale,warrenville
city,2239,warrenville,pittsburgh,warrenville
city,2240,warrenville,pittsburgh,warrenville
city,2241,warrenville,pittsburgh,warrenville
city,2242,warrenville,pittsboro,warrenville
city,2243,warrenville,pittsburgh,warrenville
city,2244,warrenville,pinedale,warrenville
city,2245,warrenville,plainfield in,warrenville
city,2246,plant city,newburgh,plant city
city,2247,stratford,newburyport,stratford
city,2248,stratford,philadelphia,stratford
city,2249,stratford,philadelphia,stratford
city,2250,stratford,pawcatuck,stratford
city,2251,stratford,pawtucket,stratford
city,2252,salt lake city,pineland me,salt lake city
city,2253,salt lake city,pawcatuck,salt lake city
city,2254,salt lake city,pawtucket,salt lake city
city,2255,salt lake city,patchogue,salt lake city
city,2256,salt lake city,petoskey mi,salt lake city
city,2257,salt lake city,prescott,salt lake city
city,2258,salt lake city,pawcatuck,salt lake city
city,2259,salt lake city,phoenix,salt lake city
city,2260,salt lake city,phoenix,salt lake city
city,2261,ukiah,pittsburgh,ukiah
city,2264,st. john's,north woodstock,st. john's
city,2265,st. john's,north woodstock,st. john's
city,2266,st. john's,odessa,st. john's
city,2267,santa cruz,newburgh,santa cruz
city,2268,santa cruz,newburyport,santa cruz
city,2269,santa cruz,newport,santa cruz
city,2270,santa cruz,newport,santa cruz
city,2271,santa cruz ca,north woodstock nh,santa cruz
city,2275,baltimore,dallas tx,baltimore
city,2281,boulder,chicago il,boulder
city,2282,boulder,cheboygan,boulder
city,2283,boulder,cherry hill,boulder
city,2286,boulder,chicago il,boulder
city,2287,boulder co,cold spring,boulder
city,2294,boulder co,davenport,boulder
city,2295,boulder,diamond springs,boulder
city,2296,boulder,diamond springs,boulder
city,2297,elmira,garden city,elmira
city,2298,elmira,grand rapids,elmira
city,2299,salt lake city,petoskey,salt lake city
city,2300,salt lake city,patchogue,salt lake city
city,2301,salt lake city,phoenixville,salt lake city
city,2302,salt lake city,petoskey mi,salt lake city
city,2303,salt lake city,philadelphia,salt lake city
city,2304,salt lake city,pittsburgh pa,salt lake city
city,2305,salt lake city,paw paw,salt lake city
city,2306,salt lake city,petoskey,salt lake city
city,2307,spring lake,norfolk,spring lake
city,2308,spring lake,norfolk,spring lake
city,2309,spring lake,northamtpon,spring lake
city,2310,spring lake,northamtpon,spring lake
city,2311,spring lake,northamtpon,spring lake
city,2312,yardley,pittsburgh pa,yardley
city,2313,meadville,myrtle beach,meadville
city,2314,meadville,myrtle beach sc,meadville
city,2315,meadville pa,midwest city,meadville
city,2316,meadville,moab,meadville
city,2317,meadville,midvale,meadville
city,2318,meadville,middleton,meadville
city,2319,westminster,pittsboro,westminster
city,2320,westminster ma,pineland me,westminster
city,2321,westminster,pinedale,westminster
city,2322,westminster,petoskey,westminster
city,2323,westminster,philadelphia,westminster
city,2324,westminster,plainfield in,westminster
city,2325,westminster,ponderay,westminster
city,2326,westminster,plant city,westminster
city,2327,westminster,port clinton,westminster
city,2328,westminster,portland me,westminster
city,2329,westminster,plant city,westminster
city,2330,fort wayne,fort worth tx,fort wayne
city,2331,dayton,fort wayne,dayton
city,2335,lexington,marietta,lexington
city,2336,lexington,manhattan ks,lexington
city,2337,lexington,louisville,lexington
city,2338,lexington,los angeles ca,lexington
city,2339,mt. pleasant,nashville,mt. pleasant
city,2340,mt. pleasant,north woodstock,mt. pleasant
city,2341,mt. pleasant,paonia co,mt. pleasant
city,2342,mt. pleasant,murphysboro,mt. pleasant
city,2343,westfield,phoenixville,westfield
city,2344,westfield,pittsburgh,westfield
city,2345,westfield,pineland me,westfield
city,2346,weston,o'fallon,weston
city,2347,weston,phoenix,weston
city,2348,weston,petoskey mi,weston
city,2349,weston,petoskey,weston
city,2350,weston,philadelphia,weston
city,2351,weston,phoenix,weston
city,2352,weston,pineland me,weston
city,2353,hooksett,lancaster,hooksett
city,2354,hooksett,lafayette,hooksett
city,2355,hooksett,lancaster,hooksett
city,2356,hooksett,lancaster,hooksett
city,2357,hudsonville,indianapolis in,hudsonville
city,2358,portland,philadelphia,portland
city,2359,portland,pawtucket,portland
city,2360,portland,pawtucket,portland
city,2361,lake barrington,los angeles ca,lake barrington
city,2362,lake barrington,louisville,lake barrington
city,2363,lake barrington,lewisburg,lake barrington
city,2364,lake barrington,leominster,lake barrington
city,2365,lake barrington il,lansdale pa,lake barrington
city,2366,lake barrington,lafayette,lake barrington
city,2367,lake barrington,lowell,lake barrington
city,2368,lake barrington,longmont co,lake barrington
city,2369,lake barrington,lone tree,lake barrington
city,2370,lake barrington,lansdale,lake barrington
city,2371,nellysford va,nashville,nellysford
city,2372,nellysford,paw paw,nellysford
city,2373,nellysford,newport,nellysford
city,2374,nellysford,newburgh,nellysford
city,2375,stevensville,pacific,stevensville
city,2376,stevensville,pacific,stevensville
city,2377,stevensville mt,oklahoma city ok,stevensville
city,2378,pinedale,newburyport,pinedale
city,2379,pinedale,new york,pinedale
city,2380,tacoma,papillion,tacoma
city,2381,tacoma,patchogue,tacoma
city,2382,verona,plainfield in,verona
city,2383,verona,plant city,verona
city,2384,verona,ponderay,verona
city,2385,verona,plant city,verona
city,2386,memphis,nashville,memphis
city,2387,memphis,mishawaka,memphis
city,2388,memphis,monroe,memphis
city,2389,south lyon,paso robles,south lyon
city,2390,south lyon,pawcatuck,south lyon
city,2393,middlebury,mt. pleasant,middlebury
city,2394,north woodstock nh,mustang,north woodstock
city,2395,north woodstock,newburyport,north woodstock
city,2396,worcester,o'fallon,worcester
city,2402,denver,dillon,denver
city,2403,denver,douglas,denver
city,2405,denver,detroit mi,denver
city,2406,denver,des moines ia,denver
city,2407,denver,diamond springs,denver
city,2409,denver,crozet,denver
city,2410,denver,davenport,denver
state,1,or,nj,or
state,2,in,me,in
state,3,in,me,in
state,4,in,me,in
state,5,in,me,in
state,6,in,ky,in
state,7,in,me,in
state,8,in,me,in
state,9,in,me,in
state,10,in,me,in
state,11,in,ky,in
state,12,in,ky,in
state,13,in,ky,in
state,14,in,md,in
state,15,in,md,in
state,16,or,nm,or
state,17,or,nm,or
state,18,or,nm,or
state,19,or,nj,or
state,20,ca,in,ca
state,21,nan,me,ca
state,22,ca,in,ca
state,23,ca,id,ca
state,24,ca,in,ca
state,25,ca,hi,ca
state,26,ca,in,ca
state,27,ca,in,ca
state,28,ca,in,ca
state,29,ca,in,ca
state,30,ca,in,ca
state,31,ca,in,ca
state,32,ca,il,ca
state,33,ca,in,ca
state,34,ca,hi,ca
state,35,ca,id,ca
state,36,ca,fl,ca
state,37,ca,ga,ca
state,38,ca,fl,ca
state,39,ca,ks,ca
state,40,fl,ky,fl
state,41,fl,la,fl
state,42,fl,la,fl
state,43,mo,mt,mo
state,44,mo,nc,mo
state,45,mo,mt,mo
state,46,mo,ms,mo
state,47,mo,ms,mo
state,48,nan,ms,mo
state,49,mo,mt,mo
state,50,mo,mt,mo
state,51,in,md,in
state,52,in,md,in
state,53,in,ma,in
state,54,in,md,in
state,55,in,ma,in
state,57,in,ma,in
state,58,wa,nv,wa
state,59,wa,nm,wa
state,60,wa,nm,wa
state,61,wa,nm,wa
state,62,fl,ks,fl
state,63,co,ia,co
state,64,co,hi,co
state,65,la,md,la
state,66,la,ma,la
state,67,la,ma,la
state,68,ky,mi,ky
state,69,ky,mi,ky
state,70,ky,mn,ky
state,71,ky,me,ky
state,73,ky,mi,ky
state,77,ky,mi,ky
state,78,ky,mn,ky
state,79,ky,md,ky
state,80,ky,mi,ky
state,81,ky,mi,ky
state,83,wa,ny,wa
state,84,wa,ny,wa
state,85,wa,ny,wa
state,86,or,ny,or
state,87,or,ny,or
state,88,or,ny,or
state,89,ak,id,ak
state,90,ak,il,ak
state,91,nan,ms,wi
state,93,ky,me,ky
state,94,wa,ok,wa
state,95,wa,or,wa
state,96,wa,ok,wa
state,97,ca,in,ca
state,98,ca,in,ca
state,99,ca,in,ca
state,100,ca,in,ca
state,101,ca,il,ca
state,102,ca,il,ca
state,103,ca,in,ca
state,104,ca,il,ca
state,105,ca,ia,ca
state,106,ca,id,ca
state,107,ca,il,ca
state,108,ca,il,ca
state,109,ca,il,ca
state,110,ca,id,ca
state,111,ca,id,ca
state,112,ca,id,ca
state,113,ca,id,ca
state,114,ca,id,ca
state,115,ca,id,ca
state,116,ca,id,ca
state,117,ca,id,ca
state,118,ca,ia,ca
state,119,ca,id,ca
state,120,wi,ok,wi
state,121,wi,nv,wi
state,122,nan,mi,wi
state,123,oh,ne,oh
state,124,oh,ne,oh
state,125,oh,nh,oh
state,126,ok,nv,ok
state,127,ok,nm,ok
state,128,ok,nv,ok
state,129,nc,mt,nc
state,130,nc,mt,nc
state,131,nc,mt,nc
state,134,co,il,co
state,135,nan,mo,tx
state,136,tx,nj,tx
state,138,co,il,co
state,139,nc,mo,nc
state,140,nan,mi,nc
state,141,nc,ms,nc
state,142,wa,nj,wa
state,143,wa,nv,wa
state,144,wa,nv,wa
state,145,co,id,co
state,146,co,id,co
state,147,or,nj,or
state,148,or,nj,or
state,149,or,nh,or
state,150,or,nj,or
state,152,mi,mo,mi
state,153,mi,mo,mi
state,154,mi,mn,mi
state,155,mi,mn,mi
state,157,tx,nm,tx
state,158,tx,nm,tx
state,159,tx,nm,tx
state,160,tx,nh,tx
state,161,tx,ne,tx
state,162,co,ks,co
state,163,co,ia,co
state,164,co,ia,co
state,165,co,il,co
state,166,co,id,co
state,167,co,id,co
state,168,nc,mt,nc
state,169,nc,mt,nc
state,171,nc,mt,nc
state,172,nc,ms,nc
state,173,nc,mt,nc
state,174,ct,ks,ct
state,175,ct,in,ct
state,176,ct,in,ct
state,177,ct,il,ct
state,178,ct,il,ct
state,179,al,id,al
state,180,al,il,al
state,181,wa,or,wa
state,182,wa,or,wa
state,183,ca,in,ca
state,184,nan,ms,ca
state,185,ca,il,ca
state,186,ca,in,ca
state,187,ca,id,ca
state,188,ca,in,ca
state,189,ma,md,ma
state,191,ma,mi,ma
state,192,in,me,in
state,193,az,il,az
state,194,az,in,az
state,195,or,ny,or
state,196,or,ny,or
state,197,or,ny,or
state,198,or,nm,or
state,199,or,nv,or
state,200,mn,ms,mn
state,201,mn,mo,mn
state,202,mn,mi,mn
state,203,mn,ms,mn
state,204,me,mo,me
state,206,me,mo,me
state,207,me,mi,me
state,209,me,mn,me
state,210,me,mn,me
state,211,me,mn,me
state,212,me,mn,me
state,213,va,ok,va
state,214,ma,me,ma
state,215,ma,mi,ma
state,216,ma,me,ma
state,217,ma,md,ma
state,218,mi,mt,mi
state,219,mi,mo,mi
state,220,mi,mo,mi
state,221,mi,ms,mi
state,222,mi,ms,mi
state,223,mi,ms,mi
state,225,mn,ms,mn
state,226,mn,ms,mn
state,227,mn,mt,mn
state,228,mn,mt,mn
state,229,mn,mo,mn
state,230,mn,ms,mn
state,231,nan,mo,mn
state,233,ma,md,ma
state,234,ma,mn,ma
state,235,tx,nm,tx
state,236,tx,nj,tx
state,237,tx,nm,tx
state,238,tx,nh,tx
state,239,tx,nv,tx
state,240,co,in,co
state,241,co,in,co
state,242,co,il,co
state,243,co,il,co
state,244,ma,mn,ma
state,245,ma,mn,ma
state,247,mi,ms,mi
state,248,mi,ms,mi
state,249,il,ky,il
state,250,il,la,il
state,251,tn,nm,tn
state,252,tn,nm,tn
state,253,mt,nd,mt
state,254,mt,nc,mt
state,255,mt,nc,mt
state,256,mt,nd,mt
state,257,mt,nc,mt
state,258,mt,nc,mt
state,259,mt,nc,mt
state,260,mt,nc,mt
state,265,fl,la,fl
state,266,fl,la,fl
state,268,mn,mt,mn
state,269,mn,ms,mn
state,271,mn,ms,mn
state,273,mt,nc,mt
state,274,mt,nc,mt
state,275,mt,nc,mt
state,276,in,md,in
state,277,ca,in,ca
state,278,ca,in,ca
state,279,ca,il,ca
state,280,ca,in,ca
state,281,co,in,co
state,282,co,ks,co
state,283,co,id,co
state,284,co,ks,co
state,285,wy,pa,wy
state,286,wy,pa,wy
state,288,mi,mo,mi
state,290,mi,mt,mi
state,291,mi,ms,mi
state,292,mi,ms,mi
state,293,mi,mo,mi
state,299,ne,nd,ne
state,301,ne,nd,ne
state,302,ne,nd,ne
state,304,ne,nd,ne
state,305,ne,nd,ne
state,306,ne,nd,ne
state,307,ne,nd,ne
state,308,or,nj,or
state,309,or,nj,or
state,310,nan,ms,ma
state,311,nan,mo,va
state,312,va,nm,va
state,313,va,nm,va
state,314,va,nm,va
state,315,va,nj,va
state,316,tx,ny,tx
state,317,tx,ny,tx
state,318,tx,oh,tx
state,319,tx,ny,tx
state,320,ny,nj,ny
state,321,ny,nj,ny
state,322,ny,nm,ny
state,323,ny,nj,ny
state,324,ut,ny,ut
state,325,ut,ok,ut
state,326,ut,nv,ut
state,327,ut,ny,ut
state,328,ut,nv,ut
state,329,fl,la,fl
state,330,fl,ks,fl
state,331,fl,ky,fl
state,333,nj,ne,nj
state,334,ny,nj,ny
state,335,ny,nh,ny
state,336,co,ks,co
state,339,co,id,co
state,340,co,in,co
state,341,co,ks,co
state,342,co,in,co
state,343,co,ks,co
state,344,co,in,co
state,345,co,il,co
state,347,co,in,co
state,348,co,ia,co
state,349,co,il,co
state,350,co,in,co
state,351,co,in,co
state,352,co,il,co
state,353,nan,mn,co
state,354,co,il,co
state,356,ma,me,ma
state,357,ma,me,ma
state,358,ma,me,ma
state,359,ma,me,ma
state,360,ma,mn,ma
state,361,ma,me,ma
state,362,ma,md,ma
state,363,ma,me,ma
state,364,ma,me,ma
state,365,co,in,co
state,366,co,il,co
state,367,co,id,co
state,368,mo,ms,mo
state,369,pa,ok,pa
state,370,pa,ok,pa
state,371,pa,oh,pa
state,372,mt,nc,mt
state,375,mt,ms,mt
state,376,mt,ms,mt
state,377,tx,or,tx
state,378,or,nm,or
state,379,co,ks,co
state,380,co,il,co
state,381,co,il,co
state,382,nan,mn,co
state,383,fl,in,fl
state,384,fl,ky,fl
state,385,fl,in,fl
state,386,fl,ky,fl
state,387,nan,ms,in
state,388,mi,mo,mi
state,389,mi,mo,mi
state,390,mi,ms,mi
state,391,mi,ms,mi
state,392,mi,ms,mi
state,393,mi,mo,mi
state,394,mi,ms,mi
state,395,mi,ms,mi
state,396,mi,ms,mi
state,397,mi,mo,mi
state,398,mi,mo,mi
state,399,mi,ms,mi
state,400,mi,mo,mi
state,401,mi,ms,mi
state,402,mi,mo,mi
state,403,mi,mo,mi
state,404,mi,ms,mi
state,405,mi,ms,mi
state,406,mi,ms,mi
state,407,mi,ms,mi
state,408,mi,ms,mi
state,409,mi,ms,mi
state,410,mi,mo,mi
state,411,nan,ms,mi
state,412,mi,ms,mi
state,413,mi,mo,mi
state,414,mi,mo,mi
state,415,mi,mo,mi
state,416,mi,mo,mi
state,417,mi,mo,mi
state,418,mi,mo,mi
state,419,mi,mo,mi
state,420,mi,ms,mi
state,421,mi,mo,mi
state,422,mi,mo,mi
state,423,mi,mo,mi
state,424,mi,ms,mi
state,425,mi,mo,mi
state,426,mi,mo,mi
state,427,mi,mo,mi
state,428,mi,mo,mi
state,429,mi,mo,mi
state,430,mi,ms,mi
state,431,mi,mo,mi
state,432,mi,mo,mi
state,433,mi,mo,mi
state,434,mi,ms,mi
state,435,mi,ms,mi
state,436,mi,mn,mi
state,437,mi,mn,mi
state,438,mi,mo,mi
state,439,mi,mo,mi
state,440,mi,mn,mi
state,441,mi,mn,mi
state,442,mi,mo,mi
state,443,mi,mn,mi
state,444,mi,mo,mi
state,445,mi,mo,mi
state,446,mi,mn,mi
state,447,mi,mn,mi
state,448,mi,mo,mi
state,451,fl,ky,fl
state,452,nan,mt,fl
state,453,ct,ky,ct
state,454,ak,hi,ak
state,455,ak,hi,ak
state,456,ak,hi,ak
state,457,ak,hi,ak
state,458,ny,ne,ny
state,459,ny,ne,ny
state,460,ny,ne,ny
state,461,ny,ne,ny
state,462,nan,mi,ny
state,463,ny,nh,ny
state,464,nv,nj,nv
state,465,nv,nh,nv
state,466,nv,nj,nv
state,467,nan,ms,nv
state,468,nv,nh,nv
state,469,nv,nh,nv
state,470,nv,ne,nv
state,471,oh,ne,oh
state,472,il,ma,il
state,473,nan,mt,tx
state,474,tx,nv,tx
state,475,tx,ny,tx
state,476,in,mi,in
state,477,in,mi,in
state,479,in,md,in
state,480,in,ma,in
state,481,in,ma,in
state,482,in,ma,in
state,484,in,me,in
state,485,in,me,in
state,487,or,oh,or
state,488,ca,il,ca
state,489,ny,ne,ny
state,490,ny,nh,ny
state,491,ny,ne,ny
state,492,ny,nh,ny
state,493,sc,ny,sc
state,494,sc,ny,sc
state,495,sc,ny,sc
state,496,sc,nm,sc
state,497,sc,ny,sc
state,498,sc,ny,sc
state,499,ok,ny,ok
state,500,ok,ny,ok
state,501,nan,nc,ok
state,502,ok,nv,ok
state,503,ok,nm,ok
state,504,ok,nm,ok
state,505,or,nm,or
state,506,or,nm,or
state,507,or,nj,or
state,508,or,nj,or
state,509,nan,mn,or
state,510,or,nj,or
state,511,or,nj,or
state,512,or,nj,or
state,513,or,nj,or
state,514,or,nj,or
state,515,or,nj,or
state,516,or,nh,or
state,517,or,nh,or
state,518,or,nj,or
state,519,nan,ms,ma
state,520,ma,mn,ma
state,521,nc,ms,nc
state,524,nc,mt,nc
state,526,ma,mi,ma
state,527,ma,mo,ma
state,528,ma,me,ma
state,529,nan,mt,ma
state,530,ma,mn,ma
state,532,wi,or,wi
state,533,wi,oh,wi
state,534,wi,oh,wi
state,535,wi,ok,wi
state,536,wi,ny,wi
state,537,wi,ok,wi
state,538,wi,ny,wi
state,539,wi,oh,wi
state,540,wi,ny,wi
state,541,wi,oh,wi
state,542,wi,oh,wi
state,543,nan,ms,nc
state,544,nan,ms,nc
state,545,nc,nd,nc
state,546,nc,nh,nc
state,549,nj,nd,nj
state,550,nj,nd,nj
state,551,nan,mo,nj
state,552,nj,ne,nj
state,553,or,nv,or
state,554,or,nv,or
state,555,nc,nd,nc
state,556,nc,ne,nc
state,557,nc,mo,nc
state,558,nc,mo,nc
state,559,nc,ms,nc
state,560,nc,nd,nc
state,562,oh,nj,oh
state,563,oh,nj,oh
state,564,nc,nh,nc
state,565,nc,ne,nc
state,566,tx,or,tx
state,567,tx,ok,tx
state,568,tx,ok,tx
state,569,tx,ny,tx
state,570,tx,ok,tx
state,571,tx,oh,tx
state,572,co,in,co
state,573,nan,ms,co
state,574,va,oh,va
state,575,va,oh,va
state,576,va,ny,va
state,577,va,nv,va
state,579,nan,ms,ca
state,580,ca,ks,ca
state,581,ca,ks,ca
state,582,va,nh,va
state,583,va,ny,va
state,584,va,nv,va
state,585,nan,ms,va
state,586,in,md,in
state,588,in,ma,in
state,589,nan,ms,in
state,590,ny,nj,ny
state,591,ny,ne,ny
state,592,mi,ms,mi
state,594,mi,mo,mi
state,595,oh,nm,oh
state,596,wa,ok,wa
state,597,wi,ok,wi
state,598,wi,ok,wi
state,599,fl,ks,fl
state,600,fl,ky,fl
state,601,fl,la,fl
state,602,fl,la,fl
state,603,fl,il,fl
state,604,fl,ks,fl
state,605,fl,la,fl
state,606,fl,ky,fl
state,607,fl,ky,fl
state,608,fl,ky,fl
state,609,fl,ky,fl
state,610,fl,ky,fl
state,611,fl,ky,fl
state,612,fl,ky,fl
state,614,fl,ky,fl
state,615,fl,ky,fl
state,616,fl,ks,fl
state,617,fl,ky,fl
state,618,nan,mn,fl
state,619,fl,la,fl
state,620,fl,in,fl
state,621,fl,la,fl
state,622,fl,ky,fl
state,623,fl,ks,fl
state,624,ma,md,ma
state,627,ma,md,ma
state,628,ma,mn,ma
state,629,ma,md,ma
state,630,ma,mi,ma
state,631,ca,in,ca
state,632,or,ny,or
state,633,or,nv,or
state,634,ga,ma,ga
state,635,ga,la,ga
state,636,ri,ny,ri
state,637,ri,ok,ri
state,638,ri,ny,ri
state,639,ri,ny,ri
state,641,ia,la,ia
state,643,nan,ms,ia
state,644,ar,il,ar
state,645,ar,in,ar
state,646,ar,ia,ar
state,647,nan,mn,ar
state,648,ct,ks,ct
state,649,la,md,la
state,650,co,in,co
state,652,co,in,co
state,653,co,ks,co
state,654,co,in,co
state,655,co,ks,co
state,656,co,in,co
state,657,co,in,co
state,658,co,id,co
state,659,co,il,co
state,660,co,hi,co
state,661,ga,ky,ga
state,662,ga,ky,ga
state,663,id,me,id
state,664,id,ma,id
state,665,id,ma,id
state,666,sd,or,sd
state,667,sd,oh,sd
state,668,sd,ok,sd
state,669,sd,ok,sd
state,670,sd,oh,sd
state,671,sd,oh,sd
state,672,sd,oh,sd
state,673,co,il,co
state,675,in,ma,in
state,676,in,ma,in
state,678,in,ma,in
state,679,me,mi,me
state,681,dc,id,dc
state,682,dc,ky,dc
state,683,dc,in,dc
state,684,dc,ks,dc
state,685,dc,in,dc
state,686,dc,il,dc
state,687,dc,ky,dc
state,688,dc,il,dc
state,689,co,il,co
state,690,co,il,co
state,692,wi,or,wi
state,693,ca,ks,ca
state,694,ca,ks,ca
state,695,ok,oh,ok
state,696,tx,nv,tx
state,697,tx,oh,tx
state,698,tx,ny,tx
state,699,tx,ny,tx
state,700,tx,nv,tx
state,701,tx,nj,tx
state,702,tx,nm,tx
state,703,tx,ny,tx
state,704,tx,ny,tx
state,705,ks,mi,ks
state,706,ks,md,ks
state,707,ak,hi,ak
state,708,ak,il,ak
state,709,ak,id,ak
state,710,ak,ia,ak
state,711,co,ks,co
state,712,co,ks,co
state,713,or,nm,or
state,715,il,me,il
state,716,nan,mt,il
state,717,nan,ms,il
state,718,il,la,il
state,719,il,md,il
state,720,il,md,il
state,721,va,ok,va
state,722,va,oh,va
state,723,ca,il,ca
state,724,nan,mo,ca
state,725,ca,id,ca
state,727,wa,oh,wa
state,728,wa,pa,wa
state,729,pa,oh,pa
state,732,co,il,co
state,733,co,il,co
state,736,ma,mi,ma
state,737,ma,mn,ma
state,738,co,il,co
state,739,co,il,co
state,740,co,il,co
state,741,co,il,co
state,742,fl,ky,fl
state,743,ny,nm,ny
state,745,co,in,co
state,746,co,il,co
state,750,co,il,co
state,751,oh,nh,oh
state,752,wa,or,wa
state,753,fl,la,fl
state,754,wa,or,wa
state,755,co,id,co
state,756,co,ks,co
state,757,co,ks,co
state,758,co,ks,co
state,759,wa,pa,wa
state,760,wa,pa,wa
state,762,in,me,in
state,767,ny,nj,ny
state,768,ny,nj,ny
state,769,ny,nj,ny
state,770,ny,nj,ny
state,771,ny,nh,ny
state,772,nd,ne,nd
state,774,nd,ne,nd
state,775,oh,ny,oh
state,776,oh,nv,oh
state,777,co,il,co
state,780,nan,mn,co
state,781,co,in,co
state,782,or,ny,or
state,783,or,nj,or
state,784,or,nm,or
state,785,or,nm,or
state,786,or,nm,or
state,787,or,ne,or
state,788,vt,pa,vt
state,789,vt,pa,vt
state,790,vt,or,vt
state,791,vt,or,vt
state,792,ca,ia,ca
state,793,ca,id,ca
state,794,nan,ms,ca
state,795,il,md,il
state,796,il,la,il
state,799,il,la,il
state,800,il,ma,il
state,801,il,la,il
state,802,il,la,il
state,803,il,la,il
state,804,il,ky,il
state,805,ca,in,ca
state,806,nan,ms,ca
state,807,ca,ia,ca
state,808,ca,ks,ca
state,809,ca,ks,ca
state,812,in,me,in
state,813,pa,ny,pa
state,815,md,mn,md
state,816,md,mi,md
state,817,va,pa,va
state,818,va,pa,va
state,819,ri,ny,ri
state,820,ri,oh,ri
state,821,ri,oh,ri
state,822,ri,oh,ri
state,823,nj,nh,nj
state,825,or,nm,or
state,826,or,nv,or
state,827,or,nm,or
state,828,or,nm,or
state,829,or,nm,or
state,830,or,nj,or
state,831,or,nj,or
state,832,or,nd,or
state,833,or,nh,or
state,834,or,nh,or
state,835,or,nh,or
state,836,or,nh,or
state,837,nan,ms,pa
state,838,ca,in,ca
state,839,ca,ks,ca
state,840,ca,id,ca
state,841,ca,in,ca
state,842,mi,me,mi
state,843,mi,ms,mi
state,844,mi,ms,mi
state,845,tx,oh,tx
state,846,tx,oh,tx
state,847,nan,mt,tx
state,848,in,md,in
state,851,in,md,in
state,852,in,md,in
state,853,az,ia,az
state,854,az,il,az
state,855,az,in,az
state,856,az,id,az
state,857,az,id,az
state,858,az,il,az
state,859,az,il,az
state,860,oh,nv,oh
state,861,oh,nv,oh
state,862,oh,nv,oh
state,863,oh,nv,oh
state,864,mi,mt,mi
state,865,nan,mt,mi
state,866,mi,mn,mi
state,867,tx,or,tx
state,868,tx,pa,tx
state,869,tx,ok,tx
state,870,tx,ok,tx
state,871,tx,pa,tx
state,872,tx,oh,tx
state,873,tx,or,tx
state,874,tx,or,tx
state,875,wa,or,wa
state,876,wa,or,wa
state,877,wa,ok,wa
state,878,wa,ok,wa
state,879,wa,or,wa
state,880,wa,or,wa
state,881,wa,or,wa
state,882,nc,mt,nc
state,884,nc,mt,nc
state,885,nc,nd,nc
state,886,nc,nd,nc
state,887,nan,ms,wi
state,888,wi,or,wi
state,889,wi,or,wi
state,890,nan,ms,me
state,891,nan,mt,ca
state,892,ca,ia,ca
state,893,ca,ks,ca
state,894,ca,ks,ca
state,895,ca,il,ca
state,896,ca,ks,ca
state,898,nan,mt,ca
state,899,ca,ks,ca
state,902,ca,ks,ca
state,903,ca,ks,ca
state,904,ca,in,ca
state,907,or,nm,or
state,908,or,nm,or
state,909,al,id,al
state,910,al,id,al
state,911,al,ga,al
state,912,al,ia,al
state,913,al,ia,al
state,914,or,nv,or
state,915,il,me,il
state,917,il,me,il
state,919,nan,ms,il
state,920,il,la,il
state,921,co,ks,co
state,922,az,il,az
state,923,az,in,az
state,924,az,id,az
state,925,az,id,az
state,926,tx,ok,tx
state,927,tx,ny,tx
state,928,tx,ok,tx
state,932,in,la,in
state,934,in,ma,in
state,935,in,ma,in
state,937,in,la,in
state,940,in,la,in
state,941,nan,mn,in
state,942,in,ky,in
state,943,in,la,in
state,944,in,la,in
state,947,in,ky,in
state,948,in,la,in
state,949,co,ks,co
state,950,co,ia,co
state,951,co,ks,co
state,952,co,ks,co
state,953,nan,mi,co
state,954,co,ks,co
state,955,co,hi,co
state,956,co,ia,co
state,957,co,ks,co
state,959,mt,ne,mt
state,960,la,mi,la
state,961,la,mi,la
state,964,ia,ma,ia
state,965,ia,ma,ia
state,966,ia,ks,ia
state,971,ia,la,ia
state,972,ia,il,ia
state,974,ia,la,ia
state,976,ia,ks,ia
state,977,ia,ky,ia
state,978,ia,ky,ia
state,980,fl,ky,fl
state,981,wv,or,wv
state,982,wv,or,wv
state,983,ri,oh,ri
state,984,ri,or,ri
state,985,ri,ny,ri
state,986,ri,ok,ri
state,987,ri,ny,ri
state,988,ri,ok,ri
state,989,ri,oh,ri
state,990,ri,ok,ri
state,991,ri,oh,ri
state,993,mi,ms,mi
state,996,mi,ms,mi
state,997,mi,ms,mi
state,998,mi,ms,mi
state,999,mi,ms,mi
state,1000,mi,ms,mi
state,1001,co,ky,co
state,1002,wa,pa,wa
state,1003,wa,or,wa
state,1005,il,ma,il
state,1007,il,la,il
state,1009,il,ky,il
state,1010,il,ky,il
state,1011,il,la,il
state,1012,ct,ks,ct
state,1013,ct,ky,ct
state,1014,ca,il,ca
state,1015,ca,il,ca
state,1016,va,or,va
state,1017,va,ok,va
state,1018,va,or,va
state,1020,ma,mi,ma
state,1021,ma,mi,ma
state,1022,ma,me,ma
state,1023,ma,mi,ma
state,1025,ma,me,ma
state,1026,ma,mi,ma
state,1027,ma,mi,ma
state,1028,ma,me,ma
state,1029,nan,mo,ma
state,1030,ma,me,ma
state,1032,mt,ms,mt
state,1033,hi,ma,hi
state,1034,hi,la,hi
state,1036,hi,ma,hi
state,1038,ca,il,ca
state,1040,nan,mt,ca
state,1041,md,mo,md
state,1042,md,mi,md
state,1043,md,mn,md
state,1045,ca,il,ca
state,1046,ca,il,ca
state,1047,co,in,co
state,1048,co,in,co
state,1049,ks,me,ks
state,1050,ks,ma,ks
state,1051,ks,me,ks
state,1052,nan,nd,nan
state,1053,wa,ok,wa
state,1054,wa,or,wa
state,1055,wa,or,wa
state,1056,wa,oh,wa
state,1057,wi,oh,wi
state,1058,pa,ny,pa
state,1059,pa,ok,pa
state,1060,nan,mt,pa
state,1061,or,ok,or
state,1062,or,oh,or
state,1063,or,oh,or
state,1064,or,ok,or
state,1065,or,oh,or
state,1066,or,oh,or
state,1067,or,oh,or
state,1068,or,oh,or
state,1069,tx,ny,tx
state,1070,tx,nv,tx
state,1071,tx,ny,tx
state,1072,tx,nv,tx
state,1073,tx,oh,tx
state,1074,or,oh,or
state,1075,or,nv,or
state,1076,nan,mn,or
state,1077,or,oh,or
state,1078,nan,mn,or
state,1079,or,oh,or
state,1080,or,oh,or
state,1081,or,oh,or
state,1082,or,oh,or
state,1083,or,oh,or
state,1084,or,oh,or
state,1085,or,oh,or
state,1086,or,oh,or
state,1087,or,oh,or
state,1088,or,ok,or
state,1089,nan,mn,or
state,1090,or,oh,or
state,1091,or,oh,or
state,1092,or,ny,or
state,1093,or,ny,or
state,1094,or,ny,or
state,1095,or,nv,or
state,1096,or,ny,or
state,1097,wi,or,wi
state,1098,wi,ok,wi
state,1099,wi,oh,wi
state,1100,nc,ne,nc
state,1101,nc,ms,nc
state,1102,mn,ms,mn
state,1103,mn,mi,mn
state,1104,mn,mo,mn
state,1105,mn,mt,mn
state,1106,mn,mo,mn
state,1107,mn,mt,mn
state,1108,tx,ok,tx
state,1109,tx,oh,tx
state,1110,tx,nm,tx
state,1111,in,md,in
state,1112,tx,ny,tx
state,1113,tx,ny,tx
state,1114,fl,ky,fl
state,1115,fl,ky,fl
state,1116,fl,ky,fl
state,1117,ma,mn,ma
state,1121,nan,nc,ma
state,1122,ma,mi,ma
state,1123,ma,mn,ma
state,1124,pa,nm,pa
state,1125,pa,nm,pa
state,1126,tn,ok,tn
state,1127,oh,nj,oh
state,1128,oh,nv,oh
state,1129,oh,nj,oh
state,1130,oh,nm,oh
state,1131,oh,nh,oh
state,1132,md,mo,md
state,1133,wi,ri,wi
state,1134,wi,or,wi
state,1135,wi,pa,wi
state,1136,wi,pa,wi
state,1137,wi,pa,wi
state,1138,nan,mt,wi
state,1139,nv,nm,nv
state,1140,nv,nj,nv
state,1141,nv,nm,nv
state,1142,nv,nm,nv
state,1143,ia,ma,ia
state,1144,ia,la,ia
state,1145,tx,oh,tx
state,1146,tx,ny,tx
state,1147,tx,ok,tx
state,1148,tx,ny,tx
state,1149,nan,mo,tx
state,1150,tx,nv,tx
state,1151,tx,oh,tx
state,1152,tx,oh,tx
state,1153,tx,nv,tx
state,1154,tx,oh,tx
state,1155,ny,nj,ny
state,1156,ny,nm,ny
state,1157,nan,ms,ny
state,1158,ak,hi,ak
state,1159,nan,nc,ak
state,1160,ak,ia,ak
state,1161,ak,ia,ak
state,1163,mt,nd,mt
state,1164,mt,nd,mt
state,1165,mt,nc,mt
state,1166,mt,nc,mt
state,1168,mi,me,mi
state,1169,mi,ms,mi
state,1171,mi,mo,mi
state,1172,mi,mo,mi
state,1173,mi,mo,mi
state,1174,mi,mo,mi
state,1175,ak,in,ak
state,1176,ak,hi,ak
state,1177,ak,il,ak
state,1178,ak,il,ak
state,1179,ak,il,ak
state,1180,mo,nc,mo
state,1184,hi,ma,hi
state,1185,hi,la,hi
state,1186,ok,ny,ok
state,1187,wa,ny,wa
state,1188,nan,mn,nm
state,1189,nm,ne,nm
state,1190,pa,nm,pa
state,1191,pa,nm,pa
state,1193,mi,ms,mi
state,1194,mi,ms,mi
state,1195,mi,mn,mi
state,1196,id,la,id
state,1197,id,ma,id
state,1198,id,ma,id
state,1199,pa,ny,pa
state,1200,pa,ny,pa
state,1201,wi,ny,wi
state,1203,mt,nd,mt
state,1206,mt,ms,mt
state,1209,pa,ok,pa
state,1210,pa,or,pa
state,1211,pa,ok,pa
state,1212,nan,ms,pa
state,1213,co,in,co
state,1214,nc,ne,nc
state,1215,nc,ne,nc
state,1216,nc,ne,nc
state,1217,nc,mt,nc
state,1218,nc,ne,nc
state,1219,vt,ny,vt
state,1220,vt,ok,vt
state,1221,vt,ny,vt
state,1222,vt,nm,vt
state,1223,vt,oh,vt
state,1224,vt,oh,vt
state,1225,vt,oh,vt
state,1226,vt,or,vt
state,1227,vt,or,vt
state,1228,va,ny,va
state,1229,va,nv,va
state,1230,wi,ok,wi
state,1231,wi,ny,wi
state,1232,wi,ok,wi
state,1233,wi,ok,wi
state,1234,ms,nd,ms
state,1235,ms,nc,ms
state,1236,az,in,az
state,1237,az,in,az
state,1238,az,ia,az
state,1239,az,ia,az
state,1240,nan,ms,or
state,1241,or,oh,or
state,1242,ga,ky,ga
state,1243,ga,la,ga
state,1244,oh,ny,oh
state,1245,oh,ny,oh
state,1246,oh,nj,oh
state,1247,nan,mn,oh
state,1248,oh,nj,oh
state,1249,oh,nv,oh
state,1250,oh,nm,oh
state,1251,oh,nv,oh
state,1252,oh,nv,oh
state,1253,vt,ok,vt
state,1254,vt,or,vt
state,1255,vt,ok,vt
state,1256,ca,id,ca
state,1257,ca,id,ca
state,1258,ca,id,ca
state,1259,ca,id,ca
state,1260,pa,ny,pa
state,1261,pa,ny,pa
state,1262,pa,oh,pa
state,1263,pa,ok,pa
state,1264,pa,ny,pa
state,1265,pa,ok,pa
state,1266,pa,ny,pa
state,1267,pa,ny,pa
state,1268,pa,oh,pa
state,1269,ca,il,ca
state,1270,ca,il,ca
state,1271,ca,ks,ca
state,1272,ca,ks,ca
state,1273,ca,in,ca
state,1274,nm,ne,nm
state,1275,nm,nh,nm
state,1276,me,mo,me
state,1277,me,mo,me
state,1278,me,mo,me
state,1279,me,mo,me
state,1280,me,mn,me
state,1281,tx,ny,tx
state,1282,tx,ok,tx
state,1283,tx,ok,tx
state,1284,tx,ok,tx
state,1285,nan,mt,tx
state,1286,tx,nm,tx
state,1287,tx,nv,tx
state,1288,nan,mt,tx
state,1289,nan,ms,ny
state,1290,ny,ne,ny
state,1292,ny,nv,ny
state,1293,ny,nv,ny
state,1294,ny,nv,ny
state,1295,nan,ms,ny
state,1296,ny,nv,ny
state,1300,ny,nv,ny
state,1301,ny,nm,ny
state,1302,hi,ma,hi
state,1303,hi,ky,hi
state,1304,hi,in,hi
state,1305,hi,la,hi
state,1306,hi,ks,hi
state,1307,hi,ma,hi
state,1309,hi,ks,hi
state,1310,hi,ma,hi
state,1311,hi,ky,hi
state,1312,hi,in,hi
state,1313,hi,ks,hi
state,1314,ca,in,ca
state,1315,ca,ia,ca
state,1316,ca,in,ca
state,1320,hi,md,hi
state,1321,hi,ky,hi
state,1322,hi,ma,hi
state,1323,hi,la,hi
state,1324,hi,md,hi
state,1325,hi,la,hi
state,1326,fl,ks,fl
state,1327,fl,la,fl
state,1328,fl,ky,fl
state,1329,fl,la,fl
state,1330,il,md,il
state,1331,ak,il,ak
state,1332,ak,il,ak
state,1333,ak,in,ak
state,1334,ak,id,ak
state,1335,ak,id,ak
state,1336,ca,in,ca
state,1337,ca,in,ca
state,1339,ca,in,ca
state,1343,nan,mn,il
state,1350,pa,ok,pa
state,1351,pa,ok,pa
state,1355,wi,or,wi
state,1356,wi,or,wi
state,1357,wi,ok,wi
state,1358,wi,ny,wi
state,1359,wi,ny,wi
state,1360,wi,nv,wi
state,1361,wi,ok,wi
state,1362,wi,or,wi
state,1363,wi,or,wi
state,1364,wi,ok,wi
state,1365,wi,pa,wi
state,1366,wi,pa,wi
state,1367,wi,pa,wi
state,1368,nan,mn,wi
state,1369,wi,pa,wi
state,1370,wi,pa,wi
state,1371,wi,or,wi
state,1372,wi,ok,wi
state,1373,wi,pa,wi
state,1374,wi,ri,wi
state,1375,nan,mn,ca
state,1377,nan,mn,ca
state,1379,ut,or,ut
state,1380,ut,ok,ut
state,1381,ut,oh,ut
state,1382,ut,oh,ut
state,1385,ne,nm,ne
state,1386,ca,in,ca
state,1387,ca,in,ca
state,1389,ca,ky,ca
state,1393,ca,il,ca
state,1394,az,ks,az
state,1398,ny,oh,ny
state,1399,ny,nv,ny
state,1403,mo,mn,mo
state,1405,ca,il,ca
state,1406,nc,ne,nc
state,1407,nc,nd,nc
state,1408,mo,nd,mo
state,1409,mo,mt,mo
state,1411,az,hi,az
state,1412,az,in,az
state,1413,az,id,az
state,1414,az,id,az
state,1415,az,id,az
state,1416,ok,oh,ok
state,1417,ok,ny,ok
state,1418,ok,ny,ok
state,1419,ok,ny,ok
state,1420,ok,ny,ok
state,1421,ri,oh,ri
state,1422,ri,ok,ri
state,1423,ri,ny,ri
state,1424,ri,ny,ri
state,1425,ri,ok,ri
state,1426,ri,ny,ri
state,1427,ri,ny,ri
state,1428,ri,ny,ri
state,1429,ri,ny,ri
state,1430,ri,nv,ri
state,1431,nan,mn,or
state,1432,or,oh,or
state,1433,or,oh,or
state,1434,or,ny,or
state,1435,or,ny,or
state,1436,or,ny,or
state,1437,ne,nc,ne
state,1438,ne,nj,ne
state,1440,ne,nh,ne
state,1441,ne,nj,ne
state,1442,pa,ny,pa
state,1443,pa,nv,pa
state,1444,co,in,co
state,1445,co,il,co
state,1446,co,in,co
state,1447,co,id,co
state,1448,co,il,co
state,1449,co,ky,co
state,1451,co,in,co
state,1452,co,ky,co
state,1453,co,in,co
state,1454,co,ky,co
state,1456,co,in,co
state,1458,co,id,co
state,1459,co,id,co
state,1460,co,in,co
state,1461,ct,in,ct
state,1462,ct,ks,ct
state,1463,ct,ks,ct
state,1464,ct,la,ct
state,1465,ct,in,ct
state,1466,ct,ks,ct
state,1468,ct,ks,ct
state,1469,ct,ks,ct
state,1470,ct,ky,ct
state,1471,ct,ky,ct
state,1472,la,mi,la
state,1476,la,me,la
state,1477,la,mn,la
state,1478,tx,oh,tx
state,1479,tx,ok,tx
state,1480,tx,ok,tx
state,1481,nan,mo,sc
state,1482,sc,ny,sc
state,1484,ma,mn,ma
state,1485,ma,md,ma
state,1486,ma,mn,ma
state,1488,nc,ne,nc
state,1489,nc,nh,nc
state,1490,pa,oh,pa
state,1491,pa,ok,pa
state,1492,pa,oh,pa
state,1493,pa,oh,pa
state,1494,mn,nc,mn
state,1497,mn,mt,mn
state,1499,mn,mt,mn
state,1501,wa,or,wa
state,1502,wa,or,wa
state,1503,wi,nv,wi
state,1504,wi,ny,wi
state,1505,ma,mn,ma
state,1506,ma,mi,ma
state,1507,mo,mn,mo
state,1508,mo,mt,mo
state,1510,or,oh,or
state,1511,or,oh,or
state,1512,or,ny,or
state,1513,or,ny,or
state,1514,tx,oh,tx
state,1515,tx,ny,tx
state,1516,tx,nv,tx
state,1517,tx,oh,tx
state,1518,or,ok,or
state,1519,or,ny,or
state,1520,or,oh,or
state,1521,or,nv,or
state,1522,co,id,co
state,1523,co,ia,co
state,1524,co,in,co
state,1525,co,id,co
state,1526,co,ks,co
state,1527,co,ks,co
state,1528,co,id,co
state,1535,pa,ny,pa
state,1536,pa,ny,pa
state,1537,pa,nv,pa
state,1538,pa,nv,pa
state,1539,pa,nm,pa
state,1540,pa,nv,pa
state,1541,pa,nv,pa
state,1542,pa,nv,pa
state,1543,pa,nm,pa
state,1544,pa,nm,pa
state,1545,wa,ny,wa
state,1546,wa,oh,wa
state,1547,wa,ny,wa
state,1548,wa,nv,wa
state,1549,wa,nm,wa
state,1550,ga,in,ga
state,1551,ga,in,ga
state,1552,co,in,co
state,1555,nan,nc,nan
state,1556,co,il,co
state,1558,co,id,co
state,1559,nan,mt,co
state,1560,nan,mt,co
state,1561,co,il,co
state,1567,co,in,co
state,1568,co,in,co
state,1569,co,il,co
state,1570,co,in,co
state,1571,co,in,co
state,1572,co,in,co
state,1575,co,il,co
state,1577,co,il,co
state,1578,co,il,co
state,1579,co,ga,co
state,1580,co,il,co
state,1581,co,il,co
state,1582,co,id,co
state,1583,nan,ms,co
state,1584,co,il,co
state,1585,co,il,co
state,1586,co,ga,co
state,1587,co,ga,co
state,1588,nan,mn,co
state,1589,co,id,co
state,1590,co,id,co
state,1591,co,in,co
state,1592,nan,mt,co
state,1593,co,in,co
state,1594,co,in,co
state,1595,co,in,co
state,1596,co,ks,co
state,1597,co,in,co
state,1598,nc,ne,nc
state,1599,nc,nd,nc
state,1600,nc,nh,nc
state,1601,nc,nd,nc
state,1602,nc,nd,nc
state,1603,nc,nd,nc
state,1604,vt,or,vt
state,1605,vt,ri,vt
state,1606,ar,in,ar
state,1607,co,in,co
state,1608,co,ks,co
state,1614,id,md,id
state,1615,id,ma,id
state,1616,id,ma,id
state,1617,id,md,id
state,1618,id,md,id
state,1619,ia,ks,ia
state,1620,me,mo,me
state,1621,nan,ms,me
state,1622,tx,oh,tx
state,1623,tx,ok,tx
state,1624,in,md,in
state,1625,in,md,in
state,1626,in,md,in
state,1627,in,la,in
state,1630,mi,ms,mi
state,1631,mi,mt,mi
state,1632,mi,ms,mi
state,1633,mi,ms,mi
state,1634,tx,or,tx
state,1635,tx,or,tx
state,1636,tx,ok,tx
state,1637,tx,or,tx
state,1638,tx,or,tx
state,1639,tx,or,tx
state,1640,tx,or,tx
state,1642,nan,mn,mi
state,1644,mi,mt,mi
state,1645,az,il,az
state,1648,co,il,co
state,1649,ca,ia,ca
state,1650,ca,in,ca
state,1652,mo,mt,mo
state,1654,mo,nc,mo
state,1655,mo,mt,mo
state,1656,mo,mt,mo
state,1657,mo,mt,mo
state,1658,mo,ms,mo
state,1660,nc,ne,nc
state,1661,nc,ne,nc
state,1665,oh,ny,oh
state,1666,il,md,il
state,1667,oh,ny,oh
state,1668,az,in,az
state,1669,az,il,az
state,1671,nan,mn,co
state,1672,co,id,co
state,1673,co,il,co
state,1674,co,il,co
state,1675,co,in,co
state,1676,co,ks,co
state,1677,wa,ok,wa
state,1678,wa,oh,wa
state,1679,sc,ok,sc
state,1680,sc,ok,sc
state,1681,tx,oh,tx
state,1682,tx,ok,tx
state,1683,tx,ny,tx
state,1684,tx,nv,tx
state,1685,tx,oh,tx
state,1686,tx,ok,tx
state,1687,tx,nv,tx
state,1688,tx,nv,tx
state,1689,tx,oh,tx
state,1690,tx,oh,tx
state,1691,ga,la,ga
state,1692,nan,mt,ga
state,1693,ga,ky,ga
state,1699,or,nm,or
state,1700,wa,pa,wa
state,1701,wa,pa,wa
state,1702,wa,ri,wa
state,1707,co,in,co
state,1708,co,hi,co
state,1709,nan,nc,co
state,1710,co,il,co
state,1712,co,ks,co
state,1715,nan,mn,co
state,1719,co,ky,co
state,1720,co,ks,co
state,1721,il,md,il
state,1722,il,md,il
state,1724,il,la,il
state,1726,il,ma,il
state,1727,il,md,il
state,1729,oh,ny,oh
state,1730,oh,ny,oh
state,1731,oh,ny,oh
state,1732,oh,ny,oh
state,1733,oh,nm,oh
state,1734,oh,ny,oh
state,1735,oh,ny,oh
state,1736,nan,mt,oh
state,1739,nan,mn,me
state,1742,oh,ny,oh
state,1743,oh,ny,oh
state,1744,nan,nc,pa
state,1745,pa,ny,pa
state,1746,pa,ny,pa
state,1747,pa,oh,pa
state,1748,nan,mo,pa
state,1749,pa,oh,pa
state,1750,pa,oh,pa
state,1751,pa,ok,pa
state,1752,pa,oh,pa
state,1753,pa,oh,pa
state,1754,pa,nv,pa
state,1755,pa,nm,pa
state,1756,pa,oh,pa
state,1757,pa,ny,pa
state,1758,pa,nv,pa
state,1759,va,pa,va
state,1760,nan,mn,mi
state,1766,mi,mn,mi
state,1767,or,ok,or
state,1768,ok,ny,ok
state,1769,ok,oh,ok
state,1770,ok,ny,ok
state,1771,pa,oh,pa
state,1772,pa,oh,pa
state,1773,nan,mt,pa
state,1774,pa,oh,pa
state,1775,pa,ok,pa
state,1776,pa,ok,pa
state,1777,pa,ny,pa
state,1778,ca,ky,ca
state,1779,ca,ky,ca
state,1780,ca,ky,ca
state,1783,ca,ia,ca
state,1784,ca,il,ca
state,1785,ca,in,ca
state,1786,ca,ia,ca
state,1787,az,il,az
state,1789,az,ks,az
state,1790,az,hi,az
state,1792,az,il,az
state,1793,az,id,az
state,1794,az,ks,az
state,1795,az,ia,az
state,1796,az,id,az
state,1797,az,il,az
state,1798,az,il,az
state,1799,az,ia,az
state,1800,az,id,az
state,1801,nan,ms,az
state,1802,az,id,az
state,1803,az,id,az
state,1804,az,id,az
state,1805,az,il,az
state,1806,co,ia,co
state,1807,co,in,co
state,1808,ca,ks,ca
state,1809,ca,ky,ca
state,1811,nm,ne,nm
state,1812,nm,ny,nm
state,1813,nm,nh,nm
state,1814,nm,nh,nm
state,1815,nm,ne,nm
state,1817,nm,nv,nm
state,1819,wa,pa,wa
state,1820,wa,pa,wa
state,1821,wa,or,wa
state,1822,mo,mt,mo
state,1823,mo,mn,mo
state,1824,mo,nc,mo
state,1825,mo,nc,mo
state,1826,mo,ms,mo
state,1827,mo,ms,mo
state,1828,me,mi,me
state,1829,ca,in,ca
state,1830,wa,or,wa
state,1831,wa,or,wa
state,1832,nan,mt,or
state,1833,or,oh,or
state,1834,oh,nv,oh
state,1835,oh,nm,oh
state,1836,oh,nv,oh
state,1837,oh,nv,oh
state,1838,oh,nv,oh
state,1839,ct,ky,ct
state,1840,ma,mi,ma
state,1841,me,mo,me
state,1842,me,mo,me
state,1843,me,mi,me
state,1844,me,ms,me
state,1845,ca,ia,ca
state,1846,ca,il,ca
state,1847,ca,ia,ca
state,1848,ca,hi,ca
state,1850,ca,in,ca
state,1851,ca,il,ca
state,1852,nan,mo,ca
state,1853,ca,il,ca
state,1854,mi,mt,mi
state,1855,co,ks,co
state,1856,co,ky,co
state,1857,co,ks,co
state,1858,ny,nv,ny
state,1859,ny,nv,ny
state,1860,ny,nv,ny
state,1861,nan,mn,ny
state,1863,ny,nv,ny
state,1864,ny,nv,ny
state,1865,ny,nv,ny
state,1866,nan,nc,ny
state,1867,ny,nj,ny
state,1868,ny,nj,ny
state,1869,ny,nh,ny
state,1870,ny,nm,ny
state,1871,ny,nm,ny
state,1872,ny,nj,ny
state,1873,ny,nj,ny
state,1874,ny,ne,ny
state,1875,ny,nv,ny
state,1876,ny,nj,ny
state,1877,ny,ne,ny
state,1878,ny,ne,ny
state,1879,ny,nh,ny
state,1880,ny,ne,ny
state,1881,ny,nj,ny
state,1882,co,in,co
state,1883,co,il,co
state,1884,nan,mt,co
state,1885,co,in,co
state,1886,co,in,co
state,1887,co,id,co
state,1888,co,in,co
state,1889,co,ks,co
state,1890,co,il,co
state,1891,co,il,co
state,1892,co,il,co
state,1893,co,il,co
state,1894,id,md,id
state,1895,id,ma,id
state,1898,ak,hi,ak
state,1899,pa,or,pa
state,1900,pa,oh,pa
state,1901,pa,oh,pa
state,1902,pa,ok,pa
state,1903,pa,oh,pa
state,1904,pa,oh,pa
state,1905,pa,ok,pa
state,1906,nan,mo,pa
state,1907,pa,ok,pa
state,1908,pa,ny,pa
state,1909,pa,ny,pa
state,1910,pa,ny,pa
state,1911,pa,oh,pa
state,1912,va,pa,va
state,1913,va,ri,va
state,1914,va,or,va
state,1915,wy,or,wy
state,1916,wy,or,wy
state,1917,wy,oh,wy
state,1918,wy,oh,wy
state,1919,wy,ny,wy
state,1920,wy,ok,wy
state,1921,wy,ok,wy
state,1922,id,la,id
state,1923,id,md,id
state,1924,id,ma,id
state,1925,id,ma,id
state,1927,nan,ms,id
state,1928,id,md,id
state,1931,id,ky,id
state,1932,id,ma,id
state,1933,nan,ms,id
state,1934,id,md,id
state,1936,id,md,id
state,1937,id,me,id
state,1938,id,ma,id
state,1939,tx,or,tx
state,1940,tx,pa,tx
state,1941,tx,ok,tx
state,1942,tx,ok,tx
state,1943,ny,nj,ny
state,1944,or,ny,or
state,1945,or,oh,or
state,1946,ms,nd,ms
state,1947,ms,nd,ms
state,1948,ms,mt,ms
state,1949,ms,nd,ms
state,1951,ms,ne,ms
state,1954,ms,nd,ms
state,1955,tx,ok,tx
state,1956,nan,mn,tx
state,1957,tx,oh,tx
state,1958,tx,ok,tx
state,1959,tx,oh,tx
state,1960,tx,oh,tx
state,1961,tx,nv,tx
state,1962,tx,ny,tx
state,1963,tx,oh,tx
state,1964,tx,nv,tx
state,1965,tx,ny,tx
state,1966,tx,nm,tx
state,1967,tx,nv,tx
state,1968,tx,ny,tx
state,1969,ca,ks,ca
state,1970,ne,nd,ne
state,1977,il,me,il
state,1979,il,me,il
state,1980,nan,mt,il
state,1981,il,la,il
state,1982,il,md,il
state,1983,wi,ny,wi
state,1984,wi,nv,wi
state,1985,pa,oh,pa
state,1987,va,ny,va
state,1988,va,oh,va
state,1989,va,nv,va
state,1990,va,oh,va
state,1991,co,il,co
state,1993,co,ks,co
state,1994,co,il,co
state,1995,wi,sd,wi
state,1996,wi,sd,wi
state,1997,wi,sc,wi
state,1998,wi,sd,wi
state,1999,wi,sc,wi
state,2000,wi,ri,wi
state,2001,wi,sc,wi
state,2002,wi,sc,wi
state,2003,wi,sc,wi
state,2004,wi,pa,wi
state,2005,wi,ok,wi
state,2006,wi,pa,wi
state,2007,wi,ri,wi
state,2008,wi,ri,wi
state,2009,wi,pa,wi
state,2010,wi,or,wi
state,2011,wi,or,wi
state,2012,wi,pa,wi
state,2013,wi,pa,wi
state,2014,wi,pa,wi
state,2015,wi,pa,wi
state,2016,wi,pa,wi
state,2017,wi,ok,wi
state,2018,md,mn,md
state,2019,md,mn,md
state,2020,nan,mo,md
state,2021,me,ms,me
state,2022,al,hi,al
state,2023,al,hi,al
state,2024,al,id,al
state,2028,pa,ok,pa
state,2029,mn,mt,mn
state,2030,mn,mo,mn
state,2031,nan,mt,mn
state,2032,mn,mt,mn
state,2041,in,mi,in
state,2042,nan,nc,in
state,2043,nan,nc,in
state,2044,in,mi,in
state,2045,nan,mn,in
state,2048,in,mi,in
state,2050,in,la,in
state,2061,nan,mn,in
state,2063,in,mi,in
state,2071,va,or,va
state,2072,va,ok,va
state,2073,mn,nc,mn
state,2074,nan,nc,mn
state,2075,mn,nd,mn
state,2076,mn,nc,mn
state,2077,mn,mo,mn
state,2080,mn,mo,mn
state,2081,mn,mo,mn
state,2082,mn,mo,mn
state,2085,mn,mo,mn
state,2086,fl,ky,fl
state,2088,fl,ky,fl
state,2089,fl,in,fl
state,2090,fl,ky,fl
state,2091,pa,oh,pa
state,2092,ga,ks,ga
state,2093,ga,ks,ga
state,2094,ga,la,ga
state,2095,ga,la,ga
state,2096,ca,il,ca
state,2097,ca,ia,ca
state,2099,ca,in,ca
state,2102,ca,ks,ca
state,2103,ca,il,ca
state,2109,ks,mn,ks
state,2111,ks,mn,ks
state,2113,nan,mn,ks
state,2116,ks,mi,ks
state,2118,ks,mi,ks
state,2128,mi,mt,mi
state,2129,in,me,in
state,2130,co,ks,co
state,2131,co,ks,co
state,2132,co,in,co
state,2133,nan,ms,il
state,2134,il,la,il
state,2135,il,ma,il
state,2136,nan,ms,ga
state,2137,tx,or,tx
state,2138,tx,ri,tx
state,2139,tx,pa,tx
state,2140,tx,or,tx
state,2141,vt,pa,vt
state,2142,vt,ri,vt
state,2143,vt,ri,vt
state,2144,nan,mn,vt
state,2145,vt,pa,vt
state,2146,vt,pa,vt
state,2147,wy,ri,wy
state,2148,wy,pa,wy
state,2149,wy,pa,wy
state,2150,wy,ri,wy
state,2151,md,mo,md
state,2152,md,mo,md
state,2153,md,mi,md
state,2154,ny,nm,ny
state,2155,ny,nv,ny
state,2156,ny,nm,ny
state,2161,ca,in,ca
state,2162,vt,ok,vt
state,2164,ny,oh,ny
state,2166,mi,mt,mi
state,2169,vt,ny,vt
state,2171,mn,nc,mn
state,2172,mn,mt,mn
state,2173,mn,mt,mn
state,2174,ct,il,ct
state,2175,or,pa,or
state,2178,va,oh,va
state,2179,va,ok,va
state,2180,in,mi,in
state,2184,ne,nh,ne
state,2185,ne,nj,ne
state,2186,ne,nh,ne
state,2187,nan,ms,ne
state,2190,in,mi,in
state,2192,in,mn,in
state,2196,nan,mn,in
state,2197,la,mo,la
state,2198,la,mn,la
state,2199,la,mo,la
state,2200,la,mi,la
state,2201,la,me,la
state,2202,la,me,la
state,2203,la,me,la
state,2204,co,il,co
state,2205,nan,mo,co
state,2209,nm,nj,nm
state,2210,nm,nv,nm
state,2211,nc,ne,nc
state,2213,nc,nd,nc
state,2214,pa,oh,pa
state,2215,pa,ok,pa
state,2216,pa,ok,pa
state,2217,pa,ny,pa
state,2218,nan,mt,pa
state,2219,de,ky,de
state,2221,tx,pa,tx
state,2222,tx,or,tx
state,2223,tx,or,tx
state,2224,wa,ri,wa
state,2225,wa,ri,wa
state,2226,wa,ri,wa
state,2227,wa,ri,wa
state,2228,wa,pa,wa
state,2229,wa,pa,wa
state,2230,wa,pa,wa
state,2231,wa,pa,wa
state,2232,wa,pa,wa
state,2233,wa,pa,wa
state,2234,wa,pa,wa
state,2235,wa,pa,wa
state,2236,il,md,il
state,2237,il,me,il
state,2238,il,md,il
state,2239,il,ma,il
state,2240,il,md,il
state,2241,il,ky,il
state,2242,il,ma,il
state,2243,il,md,il
state,2244,il,ma,il
state,2245,il,md,il
state,2246,fl,il,fl
state,2248,ct,in,ct
state,2249,ct,ks,ct
state,2250,ct,id,ct
state,2251,ct,id,ct
state,2252,ut,pa,ut
state,2253,ut,ri,ut
state,2254,ut,ri,ut
state,2255,ut,pa,ut
state,2256,ut,pa,ut
state,2257,ut,or,ut
state,2258,ut,pa,ut
state,2259,ut,pa,ut
state,2260,ut,pa,ut
state,2261,ca,id,ca
state,2262,tx,ok,tx
state,2263,tx,ny,tx
state,2271,nan,mn,ca
state,2272,md,ms,md
state,2274,md,mn,md
state,2275,md,mi,md
state,2276,in,mi,in
state,2279,co,ky,co
state,2280,co,ky,co
state,2284,co,ia,co
state,2285,co,in,co
state,2287,nan,nd,co
state,2290,co,in,co
state,2291,co,id,co
state,2294,nan,mt,co
state,2295,co,il,co
state,2296,co,il,co
state,2297,ny,nj,ny
state,2298,ny,nv,ny
state,2299,ut,pa,ut
state,2300,ut,pa,ut
state,2301,ut,pa,ut
state,2302,ut,pa,ut
state,2303,ut,pa,ut
state,2304,ut,or,ut
state,2305,ut,pa,ut
state,2306,ut,pa,ut
state,2312,pa,oh,pa
state,2313,pa,oh,pa
state,2314,pa,oh,pa
state,2315,nan,nc,pa
state,2316,pa,ok,pa
state,2317,pa,ok,pa
state,2318,pa,ok,pa
state,2319,ma,mn,ma
state,2320,nan,mt,ma
state,2321,ma,mn,ma
state,2323,ma,mn,ma
state,2324,ma,mn,ma
state,2325,ma,me,ma
state,2326,ma,mn,ma
state,2327,ma,md,ma
state,2328,ma,me,ma
state,2329,ma,mn,ma
state,2330,in,mi,in
state,2331,oh,ny,oh
state,2333,oh,nv,oh
state,2334,oh,ny,oh
state,2335,ky,md,ky
state,2336,ky,mi,ky
state,2337,ky,mn,ky
state,2338,ky,mn,ky
state,2339,sc,or,sc
state,2340,sc,ok,sc
state,2341,sc,oh,sc
state,2342,sc,ok,sc
state,2343,ma,md,ma
state,2344,ma,mo,ma
state,2345,ma,mn,ma
state,2347,mo,mt,mo
state,2348,mo,ms,mo
state,2349,mo,nc,mo
state,2350,mo,mt,mo
state,2351,mo,mt,mo
state,2352,mo,nd,mo
state,2353,nh,nj,nh
state,2354,nh,nj,nh
state,2355,nh,nj,nh
state,2356,nh,nj,nh
state,2358,or,nm,or
state,2359,or,ok,or
state,2360,or,ok,or
state,2361,il,md,il
state,2362,il,ky,il
state,2363,il,me,il
state,2364,il,me,il
state,2365,nan,mt,il
state,2366,il,md,il
state,2368,il,la,il
state,2369,il,la,il
state,2370,il,me,il
state,2371,nan,mt,va
state,2372,va,ok,va
state,2373,va,or,va
state,2374,va,or,va
state,2377,nan,mn,mt
state,2378,wy,ok,wy
state,2379,wy,or,wy
state,2380,wa,pa,wa
state,2381,wa,or,wa
state,2382,wi,sc,wi
state,2383,wi,sc,wi
state,2384,wi,sc,wi
state,2385,wi,sc,wi
state,2386,tn,ok,tn
state,2387,tn,or,tn
state,2388,tn,or,tn
state,2389,mi,mt,mi
state,2390,mi,mt,mi
state,2391,va,oh,va
state,2392,mi,mt,mi
state,2393,vt,ok,vt
state,2394,nan,nc,nh
state,2397,or,oh,or
state,2398,or,nv,or
state,2399,or,ny,or
state,2400,or,oh,or
state,2401,or,ny,or
state,2402,co,il,co
state,2403,co,in,co
state,2404,co,id,co
state,2405,co,in,co
state,2406,co,in,co
state,2407,co,ks,co
state,2408,co,id,co
state,2409,co,in,co
state,2410,co,ks,co
