============================================================
UniClean 数据清洗
============================================================
脏数据: Data/beers/dirty_index.csv
数据集: beers
任务名称: beers_uniclean
------------------------------------------------------------
从规则文件加载清洗器: Data/beers/rules.txt
成功加载 5 个清洗器
26/01/29 19:08:15 WARN Utils: Your hostname, user-NF5280M6 resolves to a loopback address: 127.0.1.1; using 192.168.31.8 instead (on interface ens1f0np0)
26/01/29 19:08:15 WARN Utils: Set SPARK_LOCAL_IP if you need to bind to another address
26/01/29 19:08:15 WARN NativeCodeLoader: Unable to load native-hadoop library for your platform... using builtin-java classes where applicable
Using Spark's default log4j profile: org/apache/spark/log4j-defaults.properties
Setting default log level to "WARN".
To adjust logging level use sc.setLogLevel(newLevel). For SparkR, use setLogLevel(newLevel).
[Stage 0:===========================================================(1 + 0) / 1]                                                                                WARNING:root:No partitioning rule specified, processing might be slow
WARNING:root:No partitioning rule specified, processing might be slow
WARNING:root:No partitioning rule specified, processing might be slow
UniClean开始清洗，数据量: 2410
清洗器数量: 5
初始化清洗器和分析依赖关系...
处理单属性清洗算子：
处理单属性清洗算子：[Number:(domain=ounces, format=[-inf, inf])]
开始清洗属性 ounces 的数据
属性 ounces 的数据大小: 27
应用 ounces 的清洗规则，编辑规则数量: 26
读入数据大小：2410
处理了 26 条规则，更新数据...
所有编辑规则已更新完成
处理单属性清洗算子：[Number:(domain=abv, format=[-inf, inf])]
开始清洗属性 abv 的数据
属性 abv 的数据大小: 80
应用 abv 的清洗规则，编辑规则数量: 79
读入数据大小：2410
处理了 79 条规则，更新数据...
所有编辑规则已更新完成
执行层级和目标模型分类...
执行层级 (并行组): [[{'brewery_id'}], [{'brewery_name'}, {'city'}, {'state'}]]
目标模型分类: {'brewery_name': [<SampleScrubber.cleaner.multiple.AttrRelation object at 0x73bdb39b9c10>], 'city': [<SampleScrubber.cleaner.multiple.AttrRelation object at 0x73bdc2860490>], 'state': [<SampleScrubber.cleaner.multiple.AttrRelation object at 0x73bdb39b9c90>]}

处理第 1 层级, 包含节点: ['brewery_id']
  当前节点: brewery_id 无可用清洗信号
  当前节点: brewery_id 无清洗操作
['brewery_id']的清洗完成

本层累积的编辑规则数: 0
本层没有可以进行的清洗操作，进行下一层

处理第 2 层级, 包含节点: ['brewery_name', 'city', 'state']
  当前节点: brewery_name 存在可用清洗信号
数据块大小: 2410
分块属性:
[['brewery_id']]
Starting initial block mapping...
Initial number of blocks: 560
Final number of blocks after further splitting: 560
Computing Block 1 out of 560
Processing Block size=8
begin cleaner[FunctionalDependency:(s: {'brewery_id'}, t: {'brewery_name'})]*1.0
列 'p' 不存在，对列 brewery_name 不过滤，直接选择所有非无效值。
Block processing time: 0.029745 seconds
Computing Block 2 out of 560
Processing Block size=5
begin cleaner{left: ("[FunctionalDependency:(s: {brewery_id}, t: {brewery_name})]", 0.0), operator: *, right: (1.0, 1.0), result: 0.0}
列 'p' 不存在，对列 brewery_name 不过滤，直接选择所有非无效值。
Block processing time: 0.013255 seconds
Computing Block 3 out of 560
Processing Block size=19
begin cleaner{left: ("[FunctionalDependency:(s: {brewery_id}, t: {brewery_name})]", 0.0), operator: *, right: (1.0, 1.0), result: 0.0}
列 'p' 不存在，对列 brewery_name 不过滤，直接选择所有非无效值。
Block processing time: 0.043933 seconds
Computing Block 4 out of 560
Processing Block size=2
begin cleaner{left: ("[FunctionalDependency:(s: {brewery_id}, t: {brewery_name})]", 0.0), operator: *, right: (1.0, 1.0), result: 0.0}
列 'p' 不存在，对列 brewery_name 不过滤，直接选择所有非无效值。
Block processing time: 0.005163 seconds
Computing Block 5 out of 560
Processing Block size=4
begin cleaner{left: ("[FunctionalDependency:(s: {brewery_id}, t: {brewery_name})]", 0.0), operator: *, right: (1.0, 1.0), result: 0.0}
列 'p' 不存在，对列 brewery_name 不过滤，直接选择所有非无效值。
Block processing time: 0.00978 seconds
Computing Block 6 out of 560
Processing Block size=2
begin cleaner{left: ("[FunctionalDependency:(s: {brewery_id}, t: {brewery_name})]", 0.0), operator: *, right: (1.0, 1.0), result: 0.0}
列 'p' 不存在，对列 brewery_name 不过滤，直接选择所有非无效值。
Block processing time: 0.005123 seconds
Computing Block 7 out of 560
Processing Block size=4
begin cleaner{left: ("[FunctionalDependency:(s: {brewery_id}, t: {brewery_name})]", 0.0), operator: *, right: (1.0, 1.0), result: 0.0}
列 'p' 不存在，对列 brewery_name 不过滤，直接选择所有非无效值。
Block processing time: 0.009737 seconds
Computing Block 8 out of 560
Processing Block size=2
begin cleaner{left: ("[FunctionalDependency:(s: {brewery_id}, t: {brewery_name})]", 0.0), operator: *, right: (1.0, 1.0), result: 0.0}
列 'p' 不存在，对列 brewery_name 不过滤，直接选择所有非无效值。
Block processing time: 0.005323 seconds
Computing Block 11 out of 560
Processing Block size=6
begin cleaner{left: ("[FunctionalDependency:(s: {brewery_id}, t: {brewery_name})]", 0.0), operator: *, right: (1.0, 1.0), result: 0.0}
列 'p' 不存在，对列 brewery_name 不过滤，直接选择所有非无效值。
Block processing time: 0.015558 seconds
Computing Block 12 out of 560
Processing Block size=3
begin cleaner{left: ("[FunctionalDependency:(s: {brewery_id}, t: {brewery_name})]", 0.0), operator: *, right: (1.0, 1.0), result: 0.0}
列 'p' 不存在，对列 brewery_name 不过滤，直接选择所有非无效值。
Block processing time: 0.007581 seconds
Computing Block 15 out of 560
Processing Block size=5
begin cleaner{left: ("[FunctionalDependency:(s: {brewery_id}, t: {brewery_name})]", 0.0), operator: *, right: (1.0, 1.0), result: 0.0}
列 'p' 不存在，对列 brewery_name 不过滤，直接选择所有非无效值。
Block processing time: 0.012149 seconds
Computing Block 17 out of 560
Processing Block size=2
begin cleaner{left: ("[FunctionalDependency:(s: {brewery_id}, t: {brewery_name})]", 0.0), operator: *, right: (1.0, 1.0), result: 0.0}
列 'p' 不存在，对列 brewery_name 不过滤，直接选择所有非无效值。
Block processing time: 0.005166 seconds
Computing Block 18 out of 560
Processing Block size=3
begin cleaner{left: ("[FunctionalDependency:(s: {brewery_id}, t: {brewery_name})]", 0.0), operator: *, right: (1.0, 1.0), result: 0.0}
列 'p' 不存在，对列 brewery_name 不过滤，直接选择所有非无效值。
Block processing time: 0.007471 seconds
Computing Block 19 out of 560
Processing Block size=3
begin cleaner{left: ("[FunctionalDependency:(s: {brewery_id}, t: {brewery_name})]", 0.0), operator: *, right: (1.0, 1.0), result: 0.0}
列 'p' 不存在，对列 brewery_name 不过滤，直接选择所有非无效值。
Block processing time: 0.007518 seconds
Computing Block 21 out of 560
Processing Block size=5
begin cleaner{left: ("[FunctionalDependency:(s: {brewery_id}, t: {brewery_name})]", 0.0), operator: *, right: (1.0, 1.0), result: 0.0}
列 'p' 不存在，对列 brewery_name 不过滤，直接选择所有非无效值。
Block processing time: 0.012007 seconds
Computing Block 24 out of 560
Processing Block size=17
begin cleaner{left: ("[FunctionalDependency:(s: {brewery_id}, t: {brewery_name})]", 0.0), operator: *, right: (1.0, 1.0), result: 0.0}
列 'p' 不存在，对列 brewery_name 不过滤，直接选择所有非无效值。
Block processing time: 0.039194 seconds
Computing Block 25 out of 560
Processing Block size=7
begin cleaner{left: ("[FunctionalDependency:(s: {brewery_id}, t: {brewery_name})]", 0.0), operator: *, right: (1.0, 1.0), result: 0.0}
列 'p' 不存在，对列 brewery_name 不过滤，直接选择所有非无效值。
Block processing time: 0.016913 seconds
Computing Block 26 out of 560
Processing Block size=5
begin cleaner{left: ("[FunctionalDependency:(s: {brewery_id}, t: {brewery_name})]", 0.0), operator: *, right: (1.0, 1.0), result: 0.0}
列 'p' 不存在，对列 brewery_name 不过滤，直接选择所有非无效值。
Block processing time: 0.012186 seconds
Computing Block 27 out of 560
Processing Block size=3
begin cleaner{left: ("[FunctionalDependency:(s: {brewery_id}, t: {brewery_name})]", 0.0), operator: *, right: (1.0, 1.0), result: 0.0}
列 'p' 不存在，对列 brewery_name 不过滤，直接选择所有非无效值。
Block processing time: 0.007632 seconds
Computing Block 28 out of 560
Processing Block size=8
begin cleaner{left: ("[FunctionalDependency:(s: {brewery_id}, t: {brewery_name})]", 0.0), operator: *, right: (1.0, 1.0), result: 0.0}
列 'p' 不存在，对列 brewery_name 不过滤，直接选择所有非无效值。
Block processing time: 0.019155 seconds
Computing Block 30 out of 560
Processing Block size=2
begin cleaner{left: ("[FunctionalDependency:(s: {brewery_id}, t: {brewery_name})]", 0.0), operator: *, right: (1.0, 1.0), result: 0.0}
列 'p' 不存在，对列 brewery_name 不过滤，直接选择所有非无效值。
Block processing time: 0.005382 seconds
Computing Block 31 out of 560
Processing Block size=62
begin cleaner{left: ("[FunctionalDependency:(s: {brewery_id}, t: {brewery_name})]", 0.0), operator: *, right: (1.0, 1.0), result: 0.0}
列 'p' 不存在，对列 brewery_name 不过滤，直接选择所有非无效值。
Block processing time: 0.143033 seconds
Computing Block 32 out of 560
Processing Block size=6
begin cleaner{left: ("[FunctionalDependency:(s: {brewery_id}, t: {brewery_name})]", 0.0), operator: *, right: (1.0, 1.0), result: 0.0}
列 'p' 不存在，对列 brewery_name 不过滤，直接选择所有非无效值。
Block processing time: 0.014438 seconds
Computing Block 33 out of 560
Processing Block size=4
begin cleaner{left: ("[FunctionalDependency:(s: {brewery_id}, t: {brewery_name})]", 0.0), operator: *, right: (1.0, 1.0), result: 0.0}
列 'p' 不存在，对列 brewery_name 不过滤，直接选择所有非无效值。
Block processing time: 0.009686 seconds
Computing Block 34 out of 560
Processing Block size=6
begin cleaner{left: ("[FunctionalDependency:(s: {brewery_id}, t: {brewery_name})]", 0.0), operator: *, right: (1.0, 1.0), result: 0.0}
列 'p' 不存在，对列 brewery_name 不过滤，直接选择所有非无效值。
Block processing time: 0.014334 seconds
Computing Block 35 out of 560
Processing Block size=3
begin cleaner{left: ("[FunctionalDependency:(s: {brewery_id}, t: {brewery_name})]", 0.0), operator: *, right: (1.0, 1.0), result: 0.0}
列 'p' 不存在，对列 brewery_name 不过滤，直接选择所有非无效值。
Block processing time: 0.00738 seconds
Computing Block 36 out of 560
Processing Block size=2
begin cleaner{left: ("[FunctionalDependency:(s: {brewery_id}, t: {brewery_name})]", 0.0), operator: *, right: (1.0, 1.0), result: 0.0}
列 'p' 不存在，对列 brewery_name 不过滤，直接选择所有非无效值。
Block processing time: 0.005252 seconds
Computing Block 37 out of 560
Processing Block size=11
begin cleaner{left: ("[FunctionalDependency:(s: {brewery_id}, t: {brewery_name})]", 0.0), operator: *, right: (1.0, 1.0), result: 0.0}
列 'p' 不存在，对列 brewery_name 不过滤，直接选择所有非无效值。
Block processing time: 0.02564 seconds
Computing Block 38 out of 560
Processing Block size=3
begin cleaner{left: ("[FunctionalDependency:(s: {brewery_id}, t: {brewery_name})]", 0.0), operator: *, right: (1.0, 1.0), result: 0.0}
列 'p' 不存在，对列 brewery_name 不过滤，直接选择所有非无效值。
Block processing time: 0.00756 seconds
Computing Block 39 out of 560
Processing Block size=3
begin cleaner{left: ("[FunctionalDependency:(s: {brewery_id}, t: {brewery_name})]", 0.0), operator: *, right: (1.0, 1.0), result: 0.0}
列 'p' 不存在，对列 brewery_name 不过滤，直接选择所有非无效值。
Block processing time: 0.00742 seconds
Computing Block 40 out of 560
Processing Block size=3
begin cleaner{left: ("[FunctionalDependency:(s: {brewery_id}, t: {brewery_name})]", 0.0), operator: *, right: (1.0, 1.0), result: 0.0}
列 'p' 不存在，对列 brewery_name 不过滤，直接选择所有非无效值。
Block processing time: 0.007662 seconds
Computing Block 43 out of 560
Processing Block size=12
begin cleaner{left: ("[FunctionalDependency:(s: {brewery_id}, t: {brewery_name})]", 0.0), operator: *, right: (1.0, 1.0), result: 0.0}
列 'p' 不存在，对列 brewery_name 不过滤，直接选择所有非无效值。
Block processing time: 0.027872 seconds
Computing Block 44 out of 560
Processing Block size=5
begin cleaner{left: ("[FunctionalDependency:(s: {brewery_id}, t: {brewery_name})]", 0.0), operator: *, right: (1.0, 1.0), result: 0.0}
列 'p' 不存在，对列 brewery_name 不过滤，直接选择所有非无效值。
Block processing time: 0.012072 seconds
Computing Block 46 out of 560
Processing Block size=8
begin cleaner{left: ("[FunctionalDependency:(s: {brewery_id}, t: {brewery_name})]", 0.0), operator: *, right: (1.0, 1.0), result: 0.0}
列 'p' 不存在，对列 brewery_name 不过滤，直接选择所有非无效值。
Block processing time: 0.018984 seconds
Computing Block 47 out of 560
Processing Block size=9
begin cleaner{left: ("[FunctionalDependency:(s: {brewery_id}, t: {brewery_name})]", 0.0), operator: *, right: (1.0, 1.0), result: 0.0}
列 'p' 不存在，对列 brewery_name 不过滤，直接选择所有非无效值。
Block processing time: 0.021122 seconds
Computing Block 48 out of 560
Processing Block size=2
begin cleaner{left: ("[FunctionalDependency:(s: {brewery_id}, t: {brewery_name})]", 0.0), operator: *, right: (1.0, 1.0), result: 0.0}
列 'p' 不存在，对列 brewery_name 不过滤，直接选择所有非无效值。
Block processing time: 0.005215 seconds
Computing Block 50 out of 560
Processing Block size=3
begin cleaner{left: ("[FunctionalDependency:(s: {brewery_id}, t: {brewery_name})]", 0.0), operator: *, right: (1.0, 1.0), result: 0.0}
列 'p' 不存在，对列 brewery_name 不过滤，直接选择所有非无效值。
Block processing time: 0.007547 seconds
Computing Block 51 out of 560
Processing Block size=4
begin cleaner{left: ("[FunctionalDependency:(s: {brewery_id}, t: {brewery_name})]", 0.0), operator: *, right: (1.0, 1.0), result: 0.0}
列 'p' 不存在，对列 brewery_name 不过滤，直接选择所有非无效值。
Block processing time: 0.009783 seconds
Computing Block 53 out of 560
Processing Block size=3
begin cleaner{left: ("[FunctionalDependency:(s: {brewery_id}, t: {brewery_name})]", 0.0), operator: *, right: (1.0, 1.0), result: 0.0}
列 'p' 不存在，对列 brewery_name 不过滤，直接选择所有非无效值。
Block processing time: 0.007579 seconds
Computing Block 54 out of 560
Processing Block size=2
begin cleaner{left: ("[FunctionalDependency:(s: {brewery_id}, t: {brewery_name})]", 0.0), operator: *, right: (1.0, 1.0), result: 0.0}
列 'p' 不存在，对列 brewery_name 不过滤，直接选择所有非无效值。
Block processing time: 0.005247 seconds
Computing Block 56 out of 560
Processing Block size=11
begin cleaner{left: ("[FunctionalDependency:(s: {brewery_id}, t: {brewery_name})]", 0.0), operator: *, right: (1.0, 1.0), result: 0.0}
列 'p' 不存在，对列 brewery_name 不过滤，直接选择所有非无效值。
Block processing time: 0.025897 seconds
Computing Block 57 out of 560
Processing Block size=3
begin cleaner{left: ("[FunctionalDependency:(s: {brewery_id}, t: {brewery_name})]", 0.0), operator: *, right: (1.0, 1.0), result: 0.0}
列 'p' 不存在，对列 brewery_name 不过滤，直接选择所有非无效值。
Block processing time: 0.007482 seconds
Computing Block 58 out of 560
Processing Block size=24
begin cleaner{left: ("[FunctionalDependency:(s: {brewery_id}, t: {brewery_name})]", 0.0), operator: *, right: (1.0, 1.0), result: 0.0}
列 'p' 不存在，对列 brewery_name 不过滤，直接选择所有非无效值。
Block processing time: 0.055218 seconds
Computing Block 59 out of 560
Processing Block size=2
begin cleaner{left: ("[FunctionalDependency:(s: {brewery_id}, t: {brewery_name})]", 0.0), operator: *, right: (1.0, 1.0), result: 0.0}
列 'p' 不存在，对列 brewery_name 不过滤，直接选择所有非无效值。
Block processing time: 0.005189 seconds
Computing Block 61 out of 560
Processing Block size=4
begin cleaner{left: ("[FunctionalDependency:(s: {brewery_id}, t: {brewery_name})]", 0.0), operator: *, right: (1.0, 1.0), result: 0.0}
列 'p' 不存在，对列 brewery_name 不过滤，直接选择所有非无效值。
Block processing time: 0.009821 seconds
Computing Block 62 out of 560
Processing Block size=9
begin cleaner{left: ("[FunctionalDependency:(s: {brewery_id}, t: {brewery_name})]", 0.0), operator: *, right: (1.0, 1.0), result: 0.0}
列 'p' 不存在，对列 brewery_name 不过滤，直接选择所有非无效值。
Block processing time: 0.021184 seconds
Computing Block 63 out of 560
Processing Block size=13
begin cleaner{left: ("[FunctionalDependency:(s: {brewery_id}, t: {brewery_name})]", 0.0), operator: *, right: (1.0, 1.0), result: 0.0}
列 'p' 不存在，对列 brewery_name 不过滤，直接选择所有非无效值。
Block processing time: 0.03059 seconds
Computing Block 64 out of 560
Processing Block size=2
begin cleaner{left: ("[FunctionalDependency:(s: {brewery_id}, t: {brewery_name})]", 0.0), operator: *, right: (1.0, 1.0), result: 0.0}
列 'p' 不存在，对列 brewery_name 不过滤，直接选择所有非无效值。
Block processing time: 0.005251 seconds
Computing Block 66 out of 560
Processing Block size=7
begin cleaner{left: ("[FunctionalDependency:(s: {brewery_id}, t: {brewery_name})]", 0.0), operator: *, right: (1.0, 1.0), result: 0.0}
列 'p' 不存在，对列 brewery_name 不过滤，直接选择所有非无效值。
Block processing time: 0.016823 seconds
Computing Block 67 out of 560
Processing Block size=10
begin cleaner{left: ("[FunctionalDependency:(s: {brewery_id}, t: {brewery_name})]", 0.0), operator: *, right: (1.0, 1.0), result: 0.0}
列 'p' 不存在，对列 brewery_name 不过滤，直接选择所有非无效值。
Block processing time: 0.023745 seconds
Computing Block 68 out of 560
Processing Block size=2
begin cleaner{left: ("[FunctionalDependency:(s: {brewery_id}, t: {brewery_name})]", 0.0), operator: *, right: (1.0, 1.0), result: 0.0}
列 'p' 不存在，对列 brewery_name 不过滤，直接选择所有非无效值。
Block processing time: 0.005296 seconds
Computing Block 70 out of 560
Processing Block size=2
begin cleaner{left: ("[FunctionalDependency:(s: {brewery_id}, t: {brewery_name})]", 0.0), operator: *, right: (1.0, 1.0), result: 0.0}
列 'p' 不存在，对列 brewery_name 不过滤，直接选择所有非无效值。
Block processing time: 0.005319 seconds
Computing Block 71 out of 560
Processing Block size=2
begin cleaner{left: ("[FunctionalDependency:(s: {brewery_id}, t: {brewery_name})]", 0.0), operator: *, right: (1.0, 1.0), result: 0.0}
列 'p' 不存在，对列 brewery_name 不过滤，直接选择所有非无效值。
Block processing time: 0.005241 seconds
Computing Block 72 out of 560
Processing Block size=4
begin cleaner{left: ("[FunctionalDependency:(s: {brewery_id}, t: {brewery_name})]", 0.0), operator: *, right: (1.0, 1.0), result: 0.0}
列 'p' 不存在，对列 brewery_name 不过滤，直接选择所有非无效值。
Block processing time: 0.009982 seconds
Computing Block 74 out of 560
Processing Block size=7
begin cleaner{left: ("[FunctionalDependency:(s: {brewery_id}, t: {brewery_name})]", 0.0), operator: *, right: (1.0, 1.0), result: 0.0}
列 'p' 不存在，对列 brewery_name 不过滤，直接选择所有非无效值。
Block processing time: 0.016808 seconds
Computing Block 76 out of 560
Processing Block size=2
begin cleaner{left: ("[FunctionalDependency:(s: {brewery_id}, t: {brewery_name})]", 0.0), operator: *, right: (1.0, 1.0), result: 0.0}
列 'p' 不存在，对列 brewery_name 不过滤，直接选择所有非无效值。
Block processing time: 0.005232 seconds
Computing Block 77 out of 560
Processing Block size=9
begin cleaner{left: ("[FunctionalDependency:(s: {brewery_id}, t: {brewery_name})]", 0.0), operator: *, right: (1.0, 1.0), result: 0.0}
列 'p' 不存在，对列 brewery_name 不过滤，直接选择所有非无效值。
Block processing time: 0.022356 seconds
Computing Block 78 out of 560
Processing Block size=6
begin cleaner{left: ("[FunctionalDependency:(s: {brewery_id}, t: {brewery_name})]", 0.0), operator: *, right: (1.0, 1.0), result: 0.0}
列 'p' 不存在，对列 brewery_name 不过滤，直接选择所有非无效值。
Block processing time: 0.014603 seconds
Computing Block 79 out of 560
Processing Block size=3
begin cleaner{left: ("[FunctionalDependency:(s: {brewery_id}, t: {brewery_name})]", 0.0), operator: *, right: (1.0, 1.0), result: 0.0}
列 'p' 不存在，对列 brewery_name 不过滤，直接选择所有非无效值。
Block processing time: 0.007483 seconds
Computing Block 81 out of 560
Processing Block size=4
begin cleaner{left: ("[FunctionalDependency:(s: {brewery_id}, t: {brewery_name})]", 0.0), operator: *, right: (1.0, 1.0), result: 0.0}
列 'p' 不存在，对列 brewery_name 不过滤，直接选择所有非无效值。
Block processing time: 0.009873 seconds
Computing Block 82 out of 560
Processing Block size=2
begin cleaner{left: ("[FunctionalDependency:(s: {brewery_id}, t: {brewery_name})]", 0.0), operator: *, right: (1.0, 1.0), result: 0.0}
列 'p' 不存在，对列 brewery_name 不过滤，直接选择所有非无效值。
Block processing time: 0.005268 seconds
Computing Block 83 out of 560
Processing Block size=17
begin cleaner{left: ("[FunctionalDependency:(s: {brewery_id}, t: {brewery_name})]", 0.0), operator: *, right: (1.0, 1.0), result: 0.0}
列 'p' 不存在，对列 brewery_name 不过滤，直接选择所有非无效值。
Block processing time: 0.040813 seconds
Computing Block 84 out of 560
Processing Block size=3
begin cleaner{left: ("[FunctionalDependency:(s: {brewery_id}, t: {brewery_name})]", 0.0), operator: *, right: (1.0, 1.0), result: 0.0}
列 'p' 不存在，对列 brewery_name 不过滤，直接选择所有非无效值。
Block processing time: 0.007611 seconds
Computing Block 87 out of 560
Processing Block size=2
begin cleaner{left: ("[FunctionalDependency:(s: {brewery_id}, t: {brewery_name})]", 0.0), operator: *, right: (1.0, 1.0), result: 0.0}
列 'p' 不存在，对列 brewery_name 不过滤，直接选择所有非无效值。
Block processing time: 0.005312 seconds
Computing Block 88 out of 560
Processing Block size=2
begin cleaner{left: ("[FunctionalDependency:(s: {brewery_id}, t: {brewery_name})]", 0.0), operator: *, right: (1.0, 1.0), result: 0.0}
列 'p' 不存在，对列 brewery_name 不过滤，直接选择所有非无效值。
Block processing time: 0.005213 seconds
Computing Block 89 out of 560
Processing Block size=4
begin cleaner{left: ("[FunctionalDependency:(s: {brewery_id}, t: {brewery_name})]", 0.0), operator: *, right: (1.0, 1.0), result: 0.0}
列 'p' 不存在，对列 brewery_name 不过滤，直接选择所有非无效值。
Block processing time: 0.009837 seconds
Computing Block 90 out of 560
Processing Block size=7
begin cleaner{left: ("[FunctionalDependency:(s: {brewery_id}, t: {brewery_name})]", 0.0), operator: *, right: (1.0, 1.0), result: 0.0}
列 'p' 不存在，对列 brewery_name 不过滤，直接选择所有非无效值。
Block processing time: 0.016814 seconds
Computing Block 91 out of 560
Processing Block size=4
begin cleaner{left: ("[FunctionalDependency:(s: {brewery_id}, t: {brewery_name})]", 0.0), operator: *, right: (1.0, 1.0), result: 0.0}
列 'p' 不存在，对列 brewery_name 不过滤，直接选择所有非无效值。
Block processing time: 0.009874 seconds
Computing Block 92 out of 560
Processing Block size=6
begin cleaner{left: ("[FunctionalDependency:(s: {brewery_id}, t: {brewery_name})]", 0.0), operator: *, right: (1.0, 1.0), result: 0.0}
列 'p' 不存在，对列 brewery_name 不过滤，直接选择所有非无效值。
Block processing time: 0.014647 seconds
Computing Block 93 out of 560
Processing Block size=18
begin cleaner{left: ("[FunctionalDependency:(s: {brewery_id}, t: {brewery_name})]", 0.0), operator: *, right: (1.0, 1.0), result: 0.0}
列 'p' 不存在，对列 brewery_name 不过滤，直接选择所有非无效值。
Block processing time: 0.042093 seconds
Computing Block 94 out of 560
Processing Block size=6
begin cleaner{left: ("[FunctionalDependency:(s: {brewery_id}, t: {brewery_name})]", 0.0), operator: *, right: (1.0, 1.0), result: 0.0}
列 'p' 不存在，对列 brewery_name 不过滤，直接选择所有非无效值。
Block processing time: 0.01568 seconds
Computing Block 95 out of 560
Processing Block size=4
begin cleaner{left: ("[FunctionalDependency:(s: {brewery_id}, t: {brewery_name})]", 0.0), operator: *, right: (1.0, 1.0), result: 0.0}
列 'p' 不存在，对列 brewery_name 不过滤，直接选择所有非无效值。
Block processing time: 0.009957 seconds
Computing Block 96 out of 560
Processing Block size=2
begin cleaner{left: ("[FunctionalDependency:(s: {brewery_id}, t: {brewery_name})]", 0.0), operator: *, right: (1.0, 1.0), result: 0.0}
列 'p' 不存在，对列 brewery_name 不过滤，直接选择所有非无效值。
Block processing time: 0.005242 seconds
Computing Block 97 out of 560
Processing Block size=3
begin cleaner{left: ("[FunctionalDependency:(s: {brewery_id}, t: {brewery_name})]", 0.0), operator: *, right: (1.0, 1.0), result: 0.0}
列 'p' 不存在，对列 brewery_name 不过滤，直接选择所有非无效值。
Block processing time: 0.007626 seconds
Computing Block 98 out of 560
Processing Block size=2
begin cleaner{left: ("[FunctionalDependency:(s: {brewery_id}, t: {brewery_name})]", 0.0), operator: *, right: (1.0, 1.0), result: 0.0}
列 'p' 不存在，对列 brewery_name 不过滤，直接选择所有非无效值。
Block processing time: 0.005266 seconds
Computing Block 99 out of 560
Processing Block size=3
begin cleaner{left: ("[FunctionalDependency:(s: {brewery_id}, t: {brewery_name})]", 0.0), operator: *, right: (1.0, 1.0), result: 0.0}
列 'p' 不存在，对列 brewery_name 不过滤，直接选择所有非无效值。
Block processing time: 0.007619 seconds
Computing Block 102 out of 560
Processing Block size=3
begin cleaner{left: ("[FunctionalDependency:(s: {brewery_id}, t: {brewery_name})]", 0.0), operator: *, right: (1.0, 1.0), result: 0.0}
列 'p' 不存在，对列 brewery_name 不过滤，直接选择所有非无效值。
Block processing time: 0.007875 seconds
Computing Block 103 out of 560
Processing Block size=6
begin cleaner{left: ("[FunctionalDependency:(s: {brewery_id}, t: {brewery_name})]", 0.0), operator: *, right: (1.0, 1.0), result: 0.0}
列 'p' 不存在，对列 brewery_name 不过滤，直接选择所有非无效值。
Block processing time: 0.014464 seconds
Computing Block 104 out of 560
Processing Block size=5
begin cleaner{left: ("[FunctionalDependency:(s: {brewery_id}, t: {brewery_name})]", 0.0), operator: *, right: (1.0, 1.0), result: 0.0}
列 'p' 不存在，对列 brewery_name 不过滤，直接选择所有非无效值。
Block processing time: 0.012096 seconds
Computing Block 105 out of 560
Processing Block size=2
begin cleaner{left: ("[FunctionalDependency:(s: {brewery_id}, t: {brewery_name})]", 0.0), operator: *, right: (1.0, 1.0), result: 0.0}
列 'p' 不存在，对列 brewery_name 不过滤，直接选择所有非无效值。
Block processing time: 0.005274 seconds
Computing Block 106 out of 560
Processing Block size=20
begin cleaner{left: ("[FunctionalDependency:(s: {brewery_id}, t: {brewery_name})]", 0.0), operator: *, right: (1.0, 1.0), result: 0.0}
列 'p' 不存在，对列 brewery_name 不过滤，直接选择所有非无效值。
Block processing time: 0.047185 seconds
Computing Block 107 out of 560
Processing Block size=8
begin cleaner{left: ("[FunctionalDependency:(s: {brewery_id}, t: {brewery_name})]", 0.0), operator: *, right: (1.0, 1.0), result: 0.0}
列 'p' 不存在，对列 brewery_name 不过滤，直接选择所有非无效值。
Block processing time: 0.01964 seconds
Computing Block 108 out of 560
Processing Block size=2
begin cleaner{left: ("[FunctionalDependency:(s: {brewery_id}, t: {brewery_name})]", 0.0), operator: *, right: (1.0, 1.0), result: 0.0}
列 'p' 不存在，对列 brewery_name 不过滤，直接选择所有非无效值。
Block processing time: 0.005184 seconds
Computing Block 109 out of 560
Processing Block size=5
begin cleaner{left: ("[FunctionalDependency:(s: {brewery_id}, t: {brewery_name})]", 0.0), operator: *, right: (1.0, 1.0), result: 0.0}
列 'p' 不存在，对列 brewery_name 不过滤，直接选择所有非无效值。
Block processing time: 0.012096 seconds
Computing Block 110 out of 560
Processing Block size=4
begin cleaner{left: ("[FunctionalDependency:(s: {brewery_id}, t: {brewery_name})]", 0.0), operator: *, right: (1.0, 1.0), result: 0.0}
列 'p' 不存在，对列 brewery_name 不过滤，直接选择所有非无效值。
Block processing time: 0.009883 seconds
Computing Block 112 out of 560
Processing Block size=6
begin cleaner{left: ("[FunctionalDependency:(s: {brewery_id}, t: {brewery_name})]", 0.0), operator: *, right: (1.0, 1.0), result: 0.0}
列 'p' 不存在，对列 brewery_name 不过滤，直接选择所有非无效值。
Block processing time: 0.014523 seconds
Computing Block 113 out of 560
Processing Block size=2
begin cleaner{left: ("[FunctionalDependency:(s: {brewery_id}, t: {brewery_name})]", 0.0), operator: *, right: (1.0, 1.0), result: 0.0}
列 'p' 不存在，对列 brewery_name 不过滤，直接选择所有非无效值。
Block processing time: 0.005238 seconds
Computing Block 114 out of 560
Processing Block size=4
begin cleaner{left: ("[FunctionalDependency:(s: {brewery_id}, t: {brewery_name})]", 0.0), operator: *, right: (1.0, 1.0), result: 0.0}
列 'p' 不存在，对列 brewery_name 不过滤，直接选择所有非无效值。
Block processing time: 0.009936 seconds
Computing Block 115 out of 560
Processing Block size=2
begin cleaner{left: ("[FunctionalDependency:(s: {brewery_id}, t: {brewery_name})]", 0.0), operator: *, right: (1.0, 1.0), result: 0.0}
列 'p' 不存在，对列 brewery_name 不过滤，直接选择所有非无效值。
Block processing time: 0.005255 seconds
Computing Block 116 out of 560
Processing Block size=2
begin cleaner{left: ("[FunctionalDependency:(s: {brewery_id}, t: {brewery_name})]", 0.0), operator: *, right: (1.0, 1.0), result: 0.0}
列 'p' 不存在，对列 brewery_name 不过滤，直接选择所有非无效值。
Block processing time: 0.005276 seconds
Computing Block 117 out of 560
Processing Block size=6
begin cleaner{left: ("[FunctionalDependency:(s: {brewery_id}, t: {brewery_name})]", 0.0), operator: *, right: (1.0, 1.0), result: 0.0}
列 'p' 不存在，对列 brewery_name 不过滤，直接选择所有非无效值。
Block processing time: 0.014408 seconds
Computing Block 120 out of 560
Processing Block size=5
begin cleaner{left: ("[FunctionalDependency:(s: {brewery_id}, t: {brewery_name})]", 0.0), operator: *, right: (1.0, 1.0), result: 0.0}
列 'p' 不存在，对列 brewery_name 不过滤，直接选择所有非无效值。
Block processing time: 0.012161 seconds
Computing Block 122 out of 560
Processing Block size=38
begin cleaner{left: ("[FunctionalDependency:(s: {brewery_id}, t: {brewery_name})]", 0.0), operator: *, right: (1.0, 1.0), result: 0.0}
列 'p' 不存在，对列 brewery_name 不过滤，直接选择所有非无效值。
Block processing time: 0.089034 seconds
Computing Block 123 out of 560
Processing Block size=6
begin cleaner{left: ("[FunctionalDependency:(s: {brewery_id}, t: {brewery_name})]", 0.0), operator: *, right: (1.0, 1.0), result: 0.0}
列 'p' 不存在，对列 brewery_name 不过滤，直接选择所有非无效值。
Block processing time: 0.014321 seconds
Computing Block 124 out of 560
Processing Block size=4
begin cleaner{left: ("[FunctionalDependency:(s: {brewery_id}, t: {brewery_name})]", 0.0), operator: *, right: (1.0, 1.0), result: 0.0}
列 'p' 不存在，对列 brewery_name 不过滤，直接选择所有非无效值。
Block processing time: 0.009804 seconds
Computing Block 125 out of 560
Processing Block size=3
begin cleaner{left: ("[FunctionalDependency:(s: {brewery_id}, t: {brewery_name})]", 0.0), operator: *, right: (1.0, 1.0), result: 0.0}
列 'p' 不存在，对列 brewery_name 不过滤，直接选择所有非无效值。
Block processing time: 0.007477 seconds
Computing Block 126 out of 560
Processing Block size=6
begin cleaner{left: ("[FunctionalDependency:(s: {brewery_id}, t: {brewery_name})]", 0.0), operator: *, right: (1.0, 1.0), result: 0.0}
列 'p' 不存在，对列 brewery_name 不过滤，直接选择所有非无效值。
Block processing time: 0.014201 seconds
Computing Block 127 out of 560
Processing Block size=8
begin cleaner{left: ("[FunctionalDependency:(s: {brewery_id}, t: {brewery_name})]", 0.0), operator: *, right: (1.0, 1.0), result: 0.0}
列 'p' 不存在，对列 brewery_name 不过滤，直接选择所有非无效值。
Block processing time: 0.018847 seconds
Computing Block 128 out of 560
Processing Block size=4
begin cleaner{left: ("[FunctionalDependency:(s: {brewery_id}, t: {brewery_name})]", 0.0), operator: *, right: (1.0, 1.0), result: 0.0}
列 'p' 不存在，对列 brewery_name 不过滤，直接选择所有非无效值。
Block processing time: 0.010838 seconds
Computing Block 129 out of 560
Processing Block size=4
begin cleaner{left: ("[FunctionalDependency:(s: {brewery_id}, t: {brewery_name})]", 0.0), operator: *, right: (1.0, 1.0), result: 0.0}
列 'p' 不存在，对列 brewery_name 不过滤，直接选择所有非无效值。
Block processing time: 0.00989 seconds
Computing Block 130 out of 560
Processing Block size=5
begin cleaner{left: ("[FunctionalDependency:(s: {brewery_id}, t: {brewery_name})]", 0.0), operator: *, right: (1.0, 1.0), result: 0.0}
列 'p' 不存在，对列 brewery_name 不过滤，直接选择所有非无效值。
Block processing time: 0.01206 seconds
Computing Block 131 out of 560
Processing Block size=7
begin cleaner{left: ("[FunctionalDependency:(s: {brewery_id}, t: {brewery_name})]", 0.0), operator: *, right: (1.0, 1.0), result: 0.0}
列 'p' 不存在，对列 brewery_name 不过滤，直接选择所有非无效值。
Block processing time: 0.016746 seconds
Computing Block 132 out of 560
Processing Block size=3
begin cleaner{left: ("[FunctionalDependency:(s: {brewery_id}, t: {brewery_name})]", 0.0), operator: *, right: (1.0, 1.0), result: 0.0}
列 'p' 不存在，对列 brewery_name 不过滤，直接选择所有非无效值。
Block processing time: 0.007504 seconds
Computing Block 133 out of 560
Processing Block size=11
begin cleaner{left: ("[FunctionalDependency:(s: {brewery_id}, t: {brewery_name})]", 0.0), operator: *, right: (1.0, 1.0), result: 0.0}
列 'p' 不存在，对列 brewery_name 不过滤，直接选择所有非无效值。
Block processing time: 0.025657 seconds
Computing Block 134 out of 560
Processing Block size=3
begin cleaner{left: ("[FunctionalDependency:(s: {brewery_id}, t: {brewery_name})]", 0.0), operator: *, right: (1.0, 1.0), result: 0.0}
列 'p' 不存在，对列 brewery_name 不过滤，直接选择所有非无效值。
Block processing time: 0.007608 seconds
Computing Block 136 out of 560
Processing Block size=5
begin cleaner{left: ("[FunctionalDependency:(s: {brewery_id}, t: {brewery_name})]", 0.0), operator: *, right: (1.0, 1.0), result: 0.0}
列 'p' 不存在，对列 brewery_name 不过滤，直接选择所有非无效值。
Block processing time: 0.01214 seconds
Computing Block 137 out of 560
Processing Block size=7
begin cleaner{left: ("[FunctionalDependency:(s: {brewery_id}, t: {brewery_name})]", 0.0), operator: *, right: (1.0, 1.0), result: 0.0}
列 'p' 不存在，对列 brewery_name 不过滤，直接选择所有非无效值。
Block processing time: 0.01663 seconds
Computing Block 138 out of 560
Processing Block size=4
begin cleaner{left: ("[FunctionalDependency:(s: {brewery_id}, t: {brewery_name})]", 0.0), operator: *, right: (1.0, 1.0), result: 0.0}
列 'p' 不存在，对列 brewery_name 不过滤，直接选择所有非无效值。
Block processing time: 0.009703 seconds
Computing Block 139 out of 560
Processing Block size=3
begin cleaner{left: ("[FunctionalDependency:(s: {brewery_id}, t: {brewery_name})]", 0.0), operator: *, right: (1.0, 1.0), result: 0.0}
列 'p' 不存在，对列 brewery_name 不过滤，直接选择所有非无效值。
Block processing time: 0.007498 seconds
Computing Block 140 out of 560
Processing Block size=9
begin cleaner{left: ("[FunctionalDependency:(s: {brewery_id}, t: {brewery_name})]", 0.0), operator: *, right: (1.0, 1.0), result: 0.0}
列 'p' 不存在，对列 brewery_name 不过滤，直接选择所有非无效值。
Block processing time: 0.021191 seconds
Computing Block 141 out of 560
Processing Block size=3
begin cleaner{left: ("[FunctionalDependency:(s: {brewery_id}, t: {brewery_name})]", 0.0), operator: *, right: (1.0, 1.0), result: 0.0}
列 'p' 不存在，对列 brewery_name 不过滤，直接选择所有非无效值。
Block processing time: 0.007503 seconds
Computing Block 142 out of 560
Processing Block size=2
begin cleaner{left: ("[FunctionalDependency:(s: {brewery_id}, t: {brewery_name})]", 0.0), operator: *, right: (1.0, 1.0), result: 0.0}
列 'p' 不存在，对列 brewery_name 不过滤，直接选择所有非无效值。
Block processing time: 0.005194 seconds
Computing Block 144 out of 560
Processing Block size=2
begin cleaner{left: ("[FunctionalDependency:(s: {brewery_id}, t: {brewery_name})]", 0.0), operator: *, right: (1.0, 1.0), result: 0.0}
列 'p' 不存在，对列 brewery_name 不过滤，直接选择所有非无效值。
Block processing time: 0.005205 seconds
Computing Block 145 out of 560
Processing Block size=5
begin cleaner{left: ("[FunctionalDependency:(s: {brewery_id}, t: {brewery_name})]", 0.0), operator: *, right: (1.0, 1.0), result: 0.0}
列 'p' 不存在，对列 brewery_name 不过滤，直接选择所有非无效值。
Block processing time: 0.011993 seconds
Computing Block 146 out of 560
Processing Block size=20
begin cleaner{left: ("[FunctionalDependency:(s: {brewery_id}, t: {brewery_name})]", 0.0), operator: *, right: (1.0, 1.0), result: 0.0}
列 'p' 不存在，对列 brewery_name 不过滤，直接选择所有非无效值。
Block processing time: 0.046115 seconds
Computing Block 147 out of 560
Processing Block size=2
begin cleaner{left: ("[FunctionalDependency:(s: {brewery_id}, t: {brewery_name})]", 0.0), operator: *, right: (1.0, 1.0), result: 0.0}
列 'p' 不存在，对列 brewery_name 不过滤，直接选择所有非无效值。
Block processing time: 0.005265 seconds
Computing Block 150 out of 560
Processing Block size=5
begin cleaner{left: ("[FunctionalDependency:(s: {brewery_id}, t: {brewery_name})]", 0.0), operator: *, right: (1.0, 1.0), result: 0.0}
列 'p' 不存在，对列 brewery_name 不过滤，直接选择所有非无效值。
Block processing time: 0.012136 seconds
Computing Block 151 out of 560
Processing Block size=5
begin cleaner{left: ("[FunctionalDependency:(s: {brewery_id}, t: {brewery_name})]", 0.0), operator: *, right: (1.0, 1.0), result: 0.0}
列 'p' 不存在，对列 brewery_name 不过滤，直接选择所有非无效值。
Block processing time: 0.012003 seconds
Computing Block 152 out of 560
Processing Block size=3
begin cleaner{left: ("[FunctionalDependency:(s: {brewery_id}, t: {brewery_name})]", 0.0), operator: *, right: (1.0, 1.0), result: 0.0}
列 'p' 不存在，对列 brewery_name 不过滤，直接选择所有非无效值。
Block processing time: 0.007507 seconds
Computing Block 154 out of 560
Processing Block size=3
begin cleaner{left: ("[FunctionalDependency:(s: {brewery_id}, t: {brewery_name})]", 0.0), operator: *, right: (1.0, 1.0), result: 0.0}
列 'p' 不存在，对列 brewery_name 不过滤，直接选择所有非无效值。
Block processing time: 0.007471 seconds
Computing Block 155 out of 560
Processing Block size=6
begin cleaner{left: ("[FunctionalDependency:(s: {brewery_id}, t: {brewery_name})]", 0.0), operator: *, right: (1.0, 1.0), result: 0.0}
列 'p' 不存在，对列 brewery_name 不过滤，直接选择所有非无效值。
Block processing time: 0.014404 seconds
Computing Block 156 out of 560
Processing Block size=2
begin cleaner{left: ("[FunctionalDependency:(s: {brewery_id}, t: {brewery_name})]", 0.0), operator: *, right: (1.0, 1.0), result: 0.0}
列 'p' 不存在，对列 brewery_name 不过滤，直接选择所有非无效值。
Block processing time: 0.005236 seconds
Computing Block 157 out of 560
Processing Block size=7
begin cleaner{left: ("[FunctionalDependency:(s: {brewery_id}, t: {brewery_name})]", 0.0), operator: *, right: (1.0, 1.0), result: 0.0}
列 'p' 不存在，对列 brewery_name 不过滤，直接选择所有非无效值。
Block processing time: 0.016759 seconds
Computing Block 158 out of 560
Processing Block size=7
begin cleaner{left: ("[FunctionalDependency:(s: {brewery_id}, t: {brewery_name})]", 0.0), operator: *, right: (1.0, 1.0), result: 0.0}
列 'p' 不存在，对列 brewery_name 不过滤，直接选择所有非无效值。
Block processing time: 0.016549 seconds
Computing Block 159 out of 560
Processing Block size=4
begin cleaner{left: ("[FunctionalDependency:(s: {brewery_id}, t: {brewery_name})]", 0.0), operator: *, right: (1.0, 1.0), result: 0.0}
列 'p' 不存在，对列 brewery_name 不过滤，直接选择所有非无效值。
Block processing time: 0.009841 seconds
Computing Block 160 out of 560
Processing Block size=2
begin cleaner{left: ("[FunctionalDependency:(s: {brewery_id}, t: {brewery_name})]", 0.0), operator: *, right: (1.0, 1.0), result: 0.0}
列 'p' 不存在，对列 brewery_name 不过滤，直接选择所有非无效值。
Block processing time: 0.005206 seconds
Computing Block 161 out of 560
Processing Block size=4
begin cleaner{left: ("[FunctionalDependency:(s: {brewery_id}, t: {brewery_name})]", 0.0), operator: *, right: (1.0, 1.0), result: 0.0}
列 'p' 不存在，对列 brewery_name 不过滤，直接选择所有非无效值。
Block processing time: 0.009832 seconds
Computing Block 162 out of 560
Processing Block size=4
begin cleaner{left: ("[FunctionalDependency:(s: {brewery_id}, t: {brewery_name})]", 0.0), operator: *, right: (1.0, 1.0), result: 0.0}
列 'p' 不存在，对列 brewery_name 不过滤，直接选择所有非无效值。
Block processing time: 0.009813 seconds
Computing Block 163 out of 560
Processing Block size=4
begin cleaner{left: ("[FunctionalDependency:(s: {brewery_id}, t: {brewery_name})]", 0.0), operator: *, right: (1.0, 1.0), result: 0.0}
列 'p' 不存在，对列 brewery_name 不过滤，直接选择所有非无效值。
Block processing time: 0.009811 seconds
Computing Block 164 out of 560
Processing Block size=4
begin cleaner{left: ("[FunctionalDependency:(s: {brewery_id}, t: {brewery_name})]", 0.0), operator: *, right: (1.0, 1.0), result: 0.0}
列 'p' 不存在，对列 brewery_name 不过滤，直接选择所有非无效值。
Block processing time: 0.009748 seconds
Computing Block 165 out of 560
Processing Block size=3
begin cleaner{left: ("[FunctionalDependency:(s: {brewery_id}, t: {brewery_name})]", 0.0), operator: *, right: (1.0, 1.0), result: 0.0}
列 'p' 不存在，对列 brewery_name 不过滤，直接选择所有非无效值。
Block processing time: 0.007433 seconds
Computing Block 166 out of 560
Processing Block size=2
begin cleaner{left: ("[FunctionalDependency:(s: {brewery_id}, t: {brewery_name})]", 0.0), operator: *, right: (1.0, 1.0), result: 0.0}
列 'p' 不存在，对列 brewery_name 不过滤，直接选择所有非无效值。
Block processing time: 0.00518 seconds
Computing Block 167 out of 560
Processing Block size=3
begin cleaner{left: ("[FunctionalDependency:(s: {brewery_id}, t: {brewery_name})]", 0.0), operator: *, right: (1.0, 1.0), result: 0.0}
列 'p' 不存在，对列 brewery_name 不过滤，直接选择所有非无效值。
Block processing time: 0.007404 seconds
Computing Block 168 out of 560
Processing Block size=3
begin cleaner{left: ("[FunctionalDependency:(s: {brewery_id}, t: {brewery_name})]", 0.0), operator: *, right: (1.0, 1.0), result: 0.0}
列 'p' 不存在，对列 brewery_name 不过滤，直接选择所有非无效值。
Block processing time: 0.007569 seconds
Computing Block 172 out of 560
Processing Block size=3
begin cleaner{left: ("[FunctionalDependency:(s: {brewery_id}, t: {brewery_name})]", 0.0), operator: *, right: (1.0, 1.0), result: 0.0}
列 'p' 不存在，对列 brewery_name 不过滤，直接选择所有非无效值。
Block processing time: 0.007542 seconds
Computing Block 173 out of 560
Processing Block size=6
begin cleaner{left: ("[FunctionalDependency:(s: {brewery_id}, t: {brewery_name})]", 0.0), operator: *, right: (1.0, 1.0), result: 0.0}
列 'p' 不存在，对列 brewery_name 不过滤，直接选择所有非无效值。
Block processing time: 0.014509 seconds
Computing Block 175 out of 560
Processing Block size=8
begin cleaner{left: ("[FunctionalDependency:(s: {brewery_id}, t: {brewery_name})]", 0.0), operator: *, right: (1.0, 1.0), result: 0.0}
列 'p' 不存在，对列 brewery_name 不过滤，直接选择所有非无效值。
Block processing time: 0.020305 seconds
Computing Block 178 out of 560
Processing Block size=2
begin cleaner{left: ("[FunctionalDependency:(s: {brewery_id}, t: {brewery_name})]", 0.0), operator: *, right: (1.0, 1.0), result: 0.0}
列 'p' 不存在，对列 brewery_name 不过滤，直接选择所有非无效值。
Block processing time: 0.005229 seconds
Computing Block 179 out of 560
Processing Block size=5
begin cleaner{left: ("[FunctionalDependency:(s: {brewery_id}, t: {brewery_name})]", 0.0), operator: *, right: (1.0, 1.0), result: 0.0}
列 'p' 不存在，对列 brewery_name 不过滤，直接选择所有非无效值。
Block processing time: 0.012121 seconds
Computing Block 181 out of 560
Processing Block size=18
begin cleaner{left: ("[FunctionalDependency:(s: {brewery_id}, t: {brewery_name})]", 0.0), operator: *, right: (1.0, 1.0), result: 0.0}
列 'p' 不存在，对列 brewery_name 不过滤，直接选择所有非无效值。
Block processing time: 0.041933 seconds
Computing Block 183 out of 560
Processing Block size=6
begin cleaner{left: ("[FunctionalDependency:(s: {brewery_id}, t: {brewery_name})]", 0.0), operator: *, right: (1.0, 1.0), result: 0.0}
列 'p' 不存在，对列 brewery_name 不过滤，直接选择所有非无效值。
Block processing time: 0.014529 seconds
Computing Block 184 out of 560
Processing Block size=2
begin cleaner{left: ("[FunctionalDependency:(s: {brewery_id}, t: {brewery_name})]", 0.0), operator: *, right: (1.0, 1.0), result: 0.0}
列 'p' 不存在，对列 brewery_name 不过滤，直接选择所有非无效值。
Block processing time: 0.005238 seconds
Computing Block 185 out of 560
Processing Block size=5
begin cleaner{left: ("[FunctionalDependency:(s: {brewery_id}, t: {brewery_name})]", 0.0), operator: *, right: (1.0, 1.0), result: 0.0}
列 'p' 不存在，对列 brewery_name 不过滤，直接选择所有非无效值。
Block processing time: 0.013361 seconds
Computing Block 186 out of 560
Processing Block size=5
begin cleaner{left: ("[FunctionalDependency:(s: {brewery_id}, t: {brewery_name})]", 0.0), operator: *, right: (1.0, 1.0), result: 0.0}
列 'p' 不存在，对列 brewery_name 不过滤，直接选择所有非无效值。
Block processing time: 0.012179 seconds
Computing Block 189 out of 560
Processing Block size=9
begin cleaner{left: ("[FunctionalDependency:(s: {brewery_id}, t: {brewery_name})]", 0.0), operator: *, right: (1.0, 1.0), result: 0.0}
列 'p' 不存在，对列 brewery_name 不过滤，直接选择所有非无效值。
Block processing time: 0.021496 seconds
Computing Block 190 out of 560
Processing Block size=6
begin cleaner{left: ("[FunctionalDependency:(s: {brewery_id}, t: {brewery_name})]", 0.0), operator: *, right: (1.0, 1.0), result: 0.0}
列 'p' 不存在，对列 brewery_name 不过滤，直接选择所有非无效值。
Block processing time: 0.015691 seconds
Computing Block 191 out of 560
Processing Block size=8
begin cleaner{left: ("[FunctionalDependency:(s: {brewery_id}, t: {brewery_name})]", 0.0), operator: *, right: (1.0, 1.0), result: 0.0}
列 'p' 不存在，对列 brewery_name 不过滤，直接选择所有非无效值。
Block processing time: 0.019058 seconds
Computing Block 192 out of 560
Processing Block size=2
begin cleaner{left: ("[FunctionalDependency:(s: {brewery_id}, t: {brewery_name})]", 0.0), operator: *, right: (1.0, 1.0), result: 0.0}
列 'p' 不存在，对列 brewery_name 不过滤，直接选择所有非无效值。
Block processing time: 0.005156 seconds
Computing Block 193 out of 560
Processing Block size=5
begin cleaner{left: ("[FunctionalDependency:(s: {brewery_id}, t: {brewery_name})]", 0.0), operator: *, right: (1.0, 1.0), result: 0.0}
列 'p' 不存在，对列 brewery_name 不过滤，直接选择所有非无效值。
Block processing time: 0.012121 seconds
Computing Block 194 out of 560
Processing Block size=5
begin cleaner{left: ("[FunctionalDependency:(s: {brewery_id}, t: {brewery_name})]", 0.0), operator: *, right: (1.0, 1.0), result: 0.0}
列 'p' 不存在，对列 brewery_name 不过滤，直接选择所有非无效值。
Block processing time: 0.012221 seconds
Computing Block 197 out of 560
Processing Block size=3
begin cleaner{left: ("[FunctionalDependency:(s: {brewery_id}, t: {brewery_name})]", 0.0), operator: *, right: (1.0, 1.0), result: 0.0}
列 'p' 不存在，对列 brewery_name 不过滤，直接选择所有非无效值。
Block processing time: 0.007635 seconds
Computing Block 198 out of 560
Processing Block size=6
begin cleaner{left: ("[FunctionalDependency:(s: {brewery_id}, t: {brewery_name})]", 0.0), operator: *, right: (1.0, 1.0), result: 0.0}
列 'p' 不存在，对列 brewery_name 不过滤，直接选择所有非无效值。
Block processing time: 0.014305 seconds
Computing Block 200 out of 560
Processing Block size=4
begin cleaner{left: ("[FunctionalDependency:(s: {brewery_id}, t: {brewery_name})]", 0.0), operator: *, right: (1.0, 1.0), result: 0.0}
列 'p' 不存在，对列 brewery_name 不过滤，直接选择所有非无效值。
Block processing time: 0.009943 seconds
Computing Block 203 out of 560
Processing Block size=3
begin cleaner{left: ("[FunctionalDependency:(s: {brewery_id}, t: {brewery_name})]", 0.0), operator: *, right: (1.0, 1.0), result: 0.0}
列 'p' 不存在，对列 brewery_name 不过滤，直接选择所有非无效值。
Block processing time: 0.007514 seconds
Computing Block 205 out of 560
Processing Block size=3
begin cleaner{left: ("[FunctionalDependency:(s: {brewery_id}, t: {brewery_name})]", 0.0), operator: *, right: (1.0, 1.0), result: 0.0}
列 'p' 不存在，对列 brewery_name 不过滤，直接选择所有非无效值。
Block processing time: 0.007474 seconds
Computing Block 206 out of 560
Processing Block size=3
begin cleaner{left: ("[FunctionalDependency:(s: {brewery_id}, t: {brewery_name})]", 0.0), operator: *, right: (1.0, 1.0), result: 0.0}
列 'p' 不存在，对列 brewery_name 不过滤，直接选择所有非无效值。
Block processing time: 0.007466 seconds
Computing Block 208 out of 560
Processing Block size=7
begin cleaner{left: ("[FunctionalDependency:(s: {brewery_id}, t: {brewery_name})]", 0.0), operator: *, right: (1.0, 1.0), result: 0.0}
列 'p' 不存在，对列 brewery_name 不过滤，直接选择所有非无效值。
Block processing time: 0.01663 seconds
Computing Block 209 out of 560
Processing Block size=3
begin cleaner{left: ("[FunctionalDependency:(s: {brewery_id}, t: {brewery_name})]", 0.0), operator: *, right: (1.0, 1.0), result: 0.0}
列 'p' 不存在，对列 brewery_name 不过滤，直接选择所有非无效值。
Block processing time: 0.007484 seconds
Computing Block 211 out of 560
Processing Block size=2
begin cleaner{left: ("[FunctionalDependency:(s: {brewery_id}, t: {brewery_name})]", 0.0), operator: *, right: (1.0, 1.0), result: 0.0}
列 'p' 不存在，对列 brewery_name 不过滤，直接选择所有非无效值。
Block processing time: 0.005239 seconds
Computing Block 213 out of 560
Processing Block size=4
begin cleaner{left: ("[FunctionalDependency:(s: {brewery_id}, t: {brewery_name})]", 0.0), operator: *, right: (1.0, 1.0), result: 0.0}
列 'p' 不存在，对列 brewery_name 不过滤，直接选择所有非无效值。
Block processing time: 0.009681 seconds
Computing Block 214 out of 560
Processing Block size=9
begin cleaner{left: ("[FunctionalDependency:(s: {brewery_id}, t: {brewery_name})]", 0.0), operator: *, right: (1.0, 1.0), result: 0.0}
列 'p' 不存在，对列 brewery_name 不过滤，直接选择所有非无效值。
Block processing time: 0.021064 seconds
Computing Block 215 out of 560
Processing Block size=2
begin cleaner{left: ("[FunctionalDependency:(s: {brewery_id}, t: {brewery_name})]", 0.0), operator: *, right: (1.0, 1.0), result: 0.0}
列 'p' 不存在，对列 brewery_name 不过滤，直接选择所有非无效值。
Block processing time: 0.005315 seconds
Computing Block 216 out of 560
Processing Block size=2
begin cleaner{left: ("[FunctionalDependency:(s: {brewery_id}, t: {brewery_name})]", 0.0), operator: *, right: (1.0, 1.0), result: 0.0}
列 'p' 不存在，对列 brewery_name 不过滤，直接选择所有非无效值。
Block processing time: 0.005183 seconds
Computing Block 217 out of 560
Processing Block size=2
begin cleaner{left: ("[FunctionalDependency:(s: {brewery_id}, t: {brewery_name})]", 0.0), operator: *, right: (1.0, 1.0), result: 0.0}
列 'p' 不存在，对列 brewery_name 不过滤，直接选择所有非无效值。
Block processing time: 0.005143 seconds
Computing Block 218 out of 560
Processing Block size=2
begin cleaner{left: ("[FunctionalDependency:(s: {brewery_id}, t: {brewery_name})]", 0.0), operator: *, right: (1.0, 1.0), result: 0.0}
列 'p' 不存在，对列 brewery_name 不过滤，直接选择所有非无效值。
Block processing time: 0.005145 seconds
Computing Block 219 out of 560
Processing Block size=11
begin cleaner{left: ("[FunctionalDependency:(s: {brewery_id}, t: {brewery_name})]", 0.0), operator: *, right: (1.0, 1.0), result: 0.0}
列 'p' 不存在，对列 brewery_name 不过滤，直接选择所有非无效值。
Block processing time: 0.025474 seconds
Computing Block 220 out of 560
Processing Block size=3
begin cleaner{left: ("[FunctionalDependency:(s: {brewery_id}, t: {brewery_name})]", 0.0), operator: *, right: (1.0, 1.0), result: 0.0}
列 'p' 不存在，对列 brewery_name 不过滤，直接选择所有非无效值。
Block processing time: 0.007436 seconds
Computing Block 221 out of 560
Processing Block size=8
begin cleaner{left: ("[FunctionalDependency:(s: {brewery_id}, t: {brewery_name})]", 0.0), operator: *, right: (1.0, 1.0), result: 0.0}
列 'p' 不存在，对列 brewery_name 不过滤，直接选择所有非无效值。
Block processing time: 0.018998 seconds
Computing Block 222 out of 560
Processing Block size=13
begin cleaner{left: ("[FunctionalDependency:(s: {brewery_id}, t: {brewery_name})]", 0.0), operator: *, right: (1.0, 1.0), result: 0.0}
列 'p' 不存在，对列 brewery_name 不过滤，直接选择所有非无效值。
Block processing time: 0.030054 seconds
Computing Block 223 out of 560
Processing Block size=2
begin cleaner{left: ("[FunctionalDependency:(s: {brewery_id}, t: {brewery_name})]", 0.0), operator: *, right: (1.0, 1.0), result: 0.0}
列 'p' 不存在，对列 brewery_name 不过滤，直接选择所有非无效值。
Block processing time: 0.005163 seconds
Computing Block 224 out of 560
Processing Block size=2
begin cleaner{left: ("[FunctionalDependency:(s: {brewery_id}, t: {brewery_name})]", 0.0), operator: *, right: (1.0, 1.0), result: 0.0}
列 'p' 不存在，对列 brewery_name 不过滤，直接选择所有非无效值。
Block processing time: 0.005215 seconds
Computing Block 226 out of 560
Processing Block size=2
begin cleaner{left: ("[FunctionalDependency:(s: {brewery_id}, t: {brewery_name})]", 0.0), operator: *, right: (1.0, 1.0), result: 0.0}
列 'p' 不存在，对列 brewery_name 不过滤，直接选择所有非无效值。
Block processing time: 0.005137 seconds
Computing Block 227 out of 560
Processing Block size=2
begin cleaner{left: ("[FunctionalDependency:(s: {brewery_id}, t: {brewery_name})]", 0.0), operator: *, right: (1.0, 1.0), result: 0.0}
列 'p' 不存在，对列 brewery_name 不过滤，直接选择所有非无效值。
Block processing time: 0.005152 seconds
Computing Block 228 out of 560
Processing Block size=9
begin cleaner{left: ("[FunctionalDependency:(s: {brewery_id}, t: {brewery_name})]", 0.0), operator: *, right: (1.0, 1.0), result: 0.0}
列 'p' 不存在，对列 brewery_name 不过滤，直接选择所有非无效值。
Block processing time: 0.021207 seconds
Computing Block 229 out of 560
Processing Block size=3
begin cleaner{left: ("[FunctionalDependency:(s: {brewery_id}, t: {brewery_name})]", 0.0), operator: *, right: (1.0, 1.0), result: 0.0}
列 'p' 不存在，对列 brewery_name 不过滤，直接选择所有非无效值。
Block processing time: 0.007562 seconds
Computing Block 230 out of 560
Processing Block size=3
begin cleaner{left: ("[FunctionalDependency:(s: {brewery_id}, t: {brewery_name})]", 0.0), operator: *, right: (1.0, 1.0), result: 0.0}
列 'p' 不存在，对列 brewery_name 不过滤，直接选择所有非无效值。
Block processing time: 0.007498 seconds
Computing Block 231 out of 560
Processing Block size=10
begin cleaner{left: ("[FunctionalDependency:(s: {brewery_id}, t: {brewery_name})]", 0.0), operator: *, right: (1.0, 1.0), result: 0.0}
列 'p' 不存在，对列 brewery_name 不过滤，直接选择所有非无效值。
Block processing time: 0.023628 seconds
Computing Block 232 out of 560
Processing Block size=2
begin cleaner{left: ("[FunctionalDependency:(s: {brewery_id}, t: {brewery_name})]", 0.0), operator: *, right: (1.0, 1.0), result: 0.0}
列 'p' 不存在，对列 brewery_name 不过滤，直接选择所有非无效值。
Block processing time: 0.005118 seconds
Computing Block 234 out of 560
Processing Block size=13
begin cleaner{left: ("[FunctionalDependency:(s: {brewery_id}, t: {brewery_name})]", 0.0), operator: *, right: (1.0, 1.0), result: 0.0}
列 'p' 不存在，对列 brewery_name 不过滤，直接选择所有非无效值。
Block processing time: 0.030436 seconds
Computing Block 236 out of 560
Processing Block size=2
begin cleaner{left: ("[FunctionalDependency:(s: {brewery_id}, t: {brewery_name})]", 0.0), operator: *, right: (1.0, 1.0), result: 0.0}
列 'p' 不存在，对列 brewery_name 不过滤，直接选择所有非无效值。
Block processing time: 0.005218 seconds
Computing Block 237 out of 560
Processing Block size=2
begin cleaner{left: ("[FunctionalDependency:(s: {brewery_id}, t: {brewery_name})]", 0.0), operator: *, right: (1.0, 1.0), result: 0.0}
列 'p' 不存在，对列 brewery_name 不过滤，直接选择所有非无效值。
Block processing time: 0.005172 seconds
Computing Block 238 out of 560
Processing Block size=4
begin cleaner{left: ("[FunctionalDependency:(s: {brewery_id}, t: {brewery_name})]", 0.0), operator: *, right: (1.0, 1.0), result: 0.0}
列 'p' 不存在，对列 brewery_name 不过滤，直接选择所有非无效值。
Block processing time: 0.009724 seconds
Computing Block 239 out of 560
Processing Block size=2
begin cleaner{left: ("[FunctionalDependency:(s: {brewery_id}, t: {brewery_name})]", 0.0), operator: *, right: (1.0, 1.0), result: 0.0}
列 'p' 不存在，对列 brewery_name 不过滤，直接选择所有非无效值。
Block processing time: 0.005198 seconds
Computing Block 240 out of 560
Processing Block size=14
begin cleaner{left: ("[FunctionalDependency:(s: {brewery_id}, t: {brewery_name})]", 0.0), operator: *, right: (1.0, 1.0), result: 0.0}
列 'p' 不存在，对列 brewery_name 不过滤，直接选择所有非无效值。
Block processing time: 0.032894 seconds
Computing Block 241 out of 560
Processing Block size=3
begin cleaner{left: ("[FunctionalDependency:(s: {brewery_id}, t: {brewery_name})]", 0.0), operator: *, right: (1.0, 1.0), result: 0.0}
列 'p' 不存在，对列 brewery_name 不过滤，直接选择所有非无效值。
Block processing time: 0.007498 seconds
Computing Block 242 out of 560
Processing Block size=5
begin cleaner{left: ("[FunctionalDependency:(s: {brewery_id}, t: {brewery_name})]", 0.0), operator: *, right: (1.0, 1.0), result: 0.0}
列 'p' 不存在，对列 brewery_name 不过滤，直接选择所有非无效值。
Block processing time: 0.012152 seconds
Computing Block 245 out of 560
Processing Block size=4
begin cleaner{left: ("[FunctionalDependency:(s: {brewery_id}, t: {brewery_name})]", 0.0), operator: *, right: (1.0, 1.0), result: 0.0}
列 'p' 不存在，对列 brewery_name 不过滤，直接选择所有非无效值。
Block processing time: 0.009807 seconds
Computing Block 246 out of 560
Processing Block size=4
begin cleaner{left: ("[FunctionalDependency:(s: {brewery_id}, t: {brewery_name})]", 0.0), operator: *, right: (1.0, 1.0), result: 0.0}
列 'p' 不存在，对列 brewery_name 不过滤，直接选择所有非无效值。
Block processing time: 0.009949 seconds
Computing Block 247 out of 560
Processing Block size=2
begin cleaner{left: ("[FunctionalDependency:(s: {brewery_id}, t: {brewery_name})]", 0.0), operator: *, right: (1.0, 1.0), result: 0.0}
列 'p' 不存在，对列 brewery_name 不过滤，直接选择所有非无效值。
Block processing time: 0.00521 seconds
Computing Block 248 out of 560
Processing Block size=3
begin cleaner{left: ("[FunctionalDependency:(s: {brewery_id}, t: {brewery_name})]", 0.0), operator: *, right: (1.0, 1.0), result: 0.0}
列 'p' 不存在，对列 brewery_name 不过滤，直接选择所有非无效值。
Block processing time: 0.00771 seconds
Computing Block 251 out of 560
Processing Block size=4
begin cleaner{left: ("[FunctionalDependency:(s: {brewery_id}, t: {brewery_name})]", 0.0), operator: *, right: (1.0, 1.0), result: 0.0}
列 'p' 不存在，对列 brewery_name 不过滤，直接选择所有非无效值。
Block processing time: 0.009962 seconds
Computing Block 252 out of 560
Processing Block size=2
begin cleaner{left: ("[FunctionalDependency:(s: {brewery_id}, t: {brewery_name})]", 0.0), operator: *, right: (1.0, 1.0), result: 0.0}
列 'p' 不存在，对列 brewery_name 不过滤，直接选择所有非无效值。
Block processing time: 0.005195 seconds
Computing Block 253 out of 560
Processing Block size=9
begin cleaner{left: ("[FunctionalDependency:(s: {brewery_id}, t: {brewery_name})]", 0.0), operator: *, right: (1.0, 1.0), result: 0.0}
列 'p' 不存在，对列 brewery_name 不过滤，直接选择所有非无效值。
Block processing time: 0.02123 seconds
Computing Block 254 out of 560
Processing Block size=2
begin cleaner{left: ("[FunctionalDependency:(s: {brewery_id}, t: {brewery_name})]", 0.0), operator: *, right: (1.0, 1.0), result: 0.0}
列 'p' 不存在，对列 brewery_name 不过滤，直接选择所有非无效值。
Block processing time: 0.00522 seconds
Computing Block 255 out of 560
Processing Block size=4
begin cleaner{left: ("[FunctionalDependency:(s: {brewery_id}, t: {brewery_name})]", 0.0), operator: *, right: (1.0, 1.0), result: 0.0}
列 'p' 不存在，对列 brewery_name 不过滤，直接选择所有非无效值。
Block processing time: 0.009725 seconds
Computing Block 256 out of 560
Processing Block size=4
begin cleaner{left: ("[FunctionalDependency:(s: {brewery_id}, t: {brewery_name})]", 0.0), operator: *, right: (1.0, 1.0), result: 0.0}
列 'p' 不存在，对列 brewery_name 不过滤，直接选择所有非无效值。
Block processing time: 0.01008 seconds
Computing Block 257 out of 560
Processing Block size=10
begin cleaner{left: ("[FunctionalDependency:(s: {brewery_id}, t: {brewery_name})]", 0.0), operator: *, right: (1.0, 1.0), result: 0.0}
列 'p' 不存在，对列 brewery_name 不过滤，直接选择所有非无效值。
Block processing time: 0.024089 seconds
Computing Block 259 out of 560
Processing Block size=2
begin cleaner{left: ("[FunctionalDependency:(s: {brewery_id}, t: {brewery_name})]", 0.0), operator: *, right: (1.0, 1.0), result: 0.0}
列 'p' 不存在，对列 brewery_name 不过滤，直接选择所有非无效值。
Block processing time: 0.00645 seconds
Computing Block 261 out of 560
Processing Block size=7
begin cleaner{left: ("[FunctionalDependency:(s: {brewery_id}, t: {brewery_name})]", 0.0), operator: *, right: (1.0, 1.0), result: 0.0}
列 'p' 不存在，对列 brewery_name 不过滤，直接选择所有非无效值。
Block processing time: 0.016823 seconds
Computing Block 262 out of 560
Processing Block size=7
begin cleaner{left: ("[FunctionalDependency:(s: {brewery_id}, t: {brewery_name})]", 0.0), operator: *, right: (1.0, 1.0), result: 0.0}
列 'p' 不存在，对列 brewery_name 不过滤，直接选择所有非无效值。
Block processing time: 0.016676 seconds
Computing Block 267 out of 560
Processing Block size=3
begin cleaner{left: ("[FunctionalDependency:(s: {brewery_id}, t: {brewery_name})]", 0.0), operator: *, right: (1.0, 1.0), result: 0.0}
列 'p' 不存在，对列 brewery_name 不过滤，直接选择所有非无效值。
Block processing time: 0.007637 seconds
Computing Block 268 out of 560
Processing Block size=4
begin cleaner{left: ("[FunctionalDependency:(s: {brewery_id}, t: {brewery_name})]", 0.0), operator: *, right: (1.0, 1.0), result: 0.0}
列 'p' 不存在，对列 brewery_name 不过滤，直接选择所有非无效值。
Block processing time: 0.009787 seconds
Computing Block 270 out of 560
Processing Block size=3
begin cleaner{left: ("[FunctionalDependency:(s: {brewery_id}, t: {brewery_name})]", 0.0), operator: *, right: (1.0, 1.0), result: 0.0}
列 'p' 不存在，对列 brewery_name 不过滤，直接选择所有非无效值。
Block processing time: 0.007596 seconds
Computing Block 271 out of 560
Processing Block size=2
begin cleaner{left: ("[FunctionalDependency:(s: {brewery_id}, t: {brewery_name})]", 0.0), operator: *, right: (1.0, 1.0), result: 0.0}
列 'p' 不存在，对列 brewery_name 不过滤，直接选择所有非无效值。
Block processing time: 0.005229 seconds
Computing Block 272 out of 560
Processing Block size=2
begin cleaner{left: ("[FunctionalDependency:(s: {brewery_id}, t: {brewery_name})]", 0.0), operator: *, right: (1.0, 1.0), result: 0.0}
列 'p' 不存在，对列 brewery_name 不过滤，直接选择所有非无效值。
Block processing time: 0.005332 seconds
Computing Block 274 out of 560
Processing Block size=2
begin cleaner{left: ("[FunctionalDependency:(s: {brewery_id}, t: {brewery_name})]", 0.0), operator: *, right: (1.0, 1.0), result: 0.0}
列 'p' 不存在，对列 brewery_name 不过滤，直接选择所有非无效值。
Block processing time: 0.005307 seconds
Computing Block 275 out of 560
Processing Block size=2
begin cleaner{left: ("[FunctionalDependency:(s: {brewery_id}, t: {brewery_name})]", 0.0), operator: *, right: (1.0, 1.0), result: 0.0}
列 'p' 不存在，对列 brewery_name 不过滤，直接选择所有非无效值。
Block processing time: 0.005226 seconds
Computing Block 277 out of 560
Processing Block size=2
begin cleaner{left: ("[FunctionalDependency:(s: {brewery_id}, t: {brewery_name})]", 0.0), operator: *, right: (1.0, 1.0), result: 0.0}
列 'p' 不存在，对列 brewery_name 不过滤，直接选择所有非无效值。
Block processing time: 0.005228 seconds
Computing Block 279 out of 560
Processing Block size=2
begin cleaner{left: ("[FunctionalDependency:(s: {brewery_id}, t: {brewery_name})]", 0.0), operator: *, right: (1.0, 1.0), result: 0.0}
列 'p' 不存在，对列 brewery_name 不过滤，直接选择所有非无效值。
Block processing time: 0.005242 seconds
Computing Block 280 out of 560
Processing Block size=32
begin cleaner{left: ("[FunctionalDependency:(s: {brewery_id}, t: {brewery_name})]", 0.0), operator: *, right: (1.0, 1.0), result: 0.0}
列 'p' 不存在，对列 brewery_name 不过滤，直接选择所有非无效值。
Block processing time: 0.075444 seconds
Computing Block 281 out of 560
Processing Block size=4
begin cleaner{left: ("[FunctionalDependency:(s: {brewery_id}, t: {brewery_name})]", 0.0), operator: *, right: (1.0, 1.0), result: 0.0}
列 'p' 不存在，对列 brewery_name 不过滤，直接选择所有非无效值。
Block processing time: 0.00979 seconds
Computing Block 282 out of 560
Processing Block size=5
begin cleaner{left: ("[FunctionalDependency:(s: {brewery_id}, t: {brewery_name})]", 0.0), operator: *, right: (1.0, 1.0), result: 0.0}
列 'p' 不存在，对列 brewery_name 不过滤，直接选择所有非无效值。
Block processing time: 0.011983 seconds
Computing Block 283 out of 560
Processing Block size=5
begin cleaner{left: ("[FunctionalDependency:(s: {brewery_id}, t: {brewery_name})]", 0.0), operator: *, right: (1.0, 1.0), result: 0.0}
列 'p' 不存在，对列 brewery_name 不过滤，直接选择所有非无效值。
Block processing time: 0.011992 seconds
Computing Block 284 out of 560
Processing Block size=3
begin cleaner{left: ("[FunctionalDependency:(s: {brewery_id}, t: {brewery_name})]", 0.0), operator: *, right: (1.0, 1.0), result: 0.0}
列 'p' 不存在，对列 brewery_name 不过滤，直接选择所有非无效值。
Block processing time: 0.007582 seconds
Computing Block 285 out of 560
Processing Block size=3
begin cleaner{left: ("[FunctionalDependency:(s: {brewery_id}, t: {brewery_name})]", 0.0), operator: *, right: (1.0, 1.0), result: 0.0}
列 'p' 不存在，对列 brewery_name 不过滤，直接选择所有非无效值。
Block processing time: 0.007451 seconds
Computing Block 286 out of 560
Processing Block size=5
begin cleaner{left: ("[FunctionalDependency:(s: {brewery_id}, t: {brewery_name})]", 0.0), operator: *, right: (1.0, 1.0), result: 0.0}
列 'p' 不存在，对列 brewery_name 不过滤，直接选择所有非无效值。
Block processing time: 0.012035 seconds
Computing Block 287 out of 560
Processing Block size=3
begin cleaner{left: ("[FunctionalDependency:(s: {brewery_id}, t: {brewery_name})]", 0.0), operator: *, right: (1.0, 1.0), result: 0.0}
列 'p' 不存在，对列 brewery_name 不过滤，直接选择所有非无效值。
Block processing time: 0.007541 seconds
Computing Block 288 out of 560
Processing Block size=14
begin cleaner{left: ("[FunctionalDependency:(s: {brewery_id}, t: {brewery_name})]", 0.0), operator: *, right: (1.0, 1.0), result: 0.0}
列 'p' 不存在，对列 brewery_name 不过滤，直接选择所有非无效值。
Block processing time: 0.032678 seconds
Computing Block 290 out of 560
Processing Block size=2
begin cleaner{left: ("[FunctionalDependency:(s: {brewery_id}, t: {brewery_name})]", 0.0), operator: *, right: (1.0, 1.0), result: 0.0}
列 'p' 不存在，对列 brewery_name 不过滤，直接选择所有非无效值。
Block processing time: 0.005233 seconds
Computing Block 291 out of 560
Processing Block size=2
begin cleaner{left: ("[FunctionalDependency:(s: {brewery_id}, t: {brewery_name})]", 0.0), operator: *, right: (1.0, 1.0), result: 0.0}
列 'p' 不存在，对列 brewery_name 不过滤，直接选择所有非无效值。
Block processing time: 0.005146 seconds
Computing Block 292 out of 560
Processing Block size=4
begin cleaner{left: ("[FunctionalDependency:(s: {brewery_id}, t: {brewery_name})]", 0.0), operator: *, right: (1.0, 1.0), result: 0.0}
列 'p' 不存在，对列 brewery_name 不过滤，直接选择所有非无效值。
Block processing time: 0.009758 seconds
Computing Block 294 out of 560
Processing Block size=2
begin cleaner{left: ("[FunctionalDependency:(s: {brewery_id}, t: {brewery_name})]", 0.0), operator: *, right: (1.0, 1.0), result: 0.0}
列 'p' 不存在，对列 brewery_name 不过滤，直接选择所有非无效值。
Block processing time: 0.00524 seconds
Computing Block 295 out of 560
Processing Block size=6
begin cleaner{left: ("[FunctionalDependency:(s: {brewery_id}, t: {brewery_name})]", 0.0), operator: *, right: (1.0, 1.0), result: 0.0}
列 'p' 不存在，对列 brewery_name 不过滤，直接选择所有非无效值。
Block processing time: 0.014334 seconds
Computing Block 296 out of 560
Processing Block size=4
begin cleaner{left: ("[FunctionalDependency:(s: {brewery_id}, t: {brewery_name})]", 0.0), operator: *, right: (1.0, 1.0), result: 0.0}
列 'p' 不存在，对列 brewery_name 不过滤，直接选择所有非无效值。
Block processing time: 0.009799 seconds
Computing Block 297 out of 560
Processing Block size=3
begin cleaner{left: ("[FunctionalDependency:(s: {brewery_id}, t: {brewery_name})]", 0.0), operator: *, right: (1.0, 1.0), result: 0.0}
列 'p' 不存在，对列 brewery_name 不过滤，直接选择所有非无效值。
Block processing time: 0.007437 seconds
Computing Block 299 out of 560
Processing Block size=9
begin cleaner{left: ("[FunctionalDependency:(s: {brewery_id}, t: {brewery_name})]", 0.0), operator: *, right: (1.0, 1.0), result: 0.0}
列 'p' 不存在，对列 brewery_name 不过滤，直接选择所有非无效值。
Block processing time: 0.022237 seconds
Computing Block 301 out of 560
Processing Block size=5
begin cleaner{left: ("[FunctionalDependency:(s: {brewery_id}, t: {brewery_name})]", 0.0), operator: *, right: (1.0, 1.0), result: 0.0}
列 'p' 不存在，对列 brewery_name 不过滤，直接选择所有非无效值。
Block processing time: 0.012101 seconds
Computing Block 303 out of 560
Processing Block size=5
begin cleaner{left: ("[FunctionalDependency:(s: {brewery_id}, t: {brewery_name})]", 0.0), operator: *, right: (1.0, 1.0), result: 0.0}
列 'p' 不存在，对列 brewery_name 不过滤，直接选择所有非无效值。
Block processing time: 0.012157 seconds
Computing Block 304 out of 560
Processing Block size=9
begin cleaner{left: ("[FunctionalDependency:(s: {brewery_id}, t: {brewery_name})]", 0.0), operator: *, right: (1.0, 1.0), result: 0.0}
列 'p' 不存在，对列 brewery_name 不过滤，直接选择所有非无效值。
Block processing time: 0.021162 seconds
Computing Block 306 out of 560
Processing Block size=3
begin cleaner{left: ("[FunctionalDependency:(s: {brewery_id}, t: {brewery_name})]", 0.0), operator: *, right: (1.0, 1.0), result: 0.0}
列 'p' 不存在，对列 brewery_name 不过滤，直接选择所有非无效值。
Block processing time: 0.007471 seconds
Computing Block 307 out of 560
Processing Block size=7
begin cleaner{left: ("[FunctionalDependency:(s: {brewery_id}, t: {brewery_name})]", 0.0), operator: *, right: (1.0, 1.0), result: 0.0}
列 'p' 不存在，对列 brewery_name 不过滤，直接选择所有非无效值。
Block processing time: 0.016671 seconds
Computing Block 308 out of 560
Processing Block size=8
begin cleaner{left: ("[FunctionalDependency:(s: {brewery_id}, t: {brewery_name})]", 0.0), operator: *, right: (1.0, 1.0), result: 0.0}
列 'p' 不存在，对列 brewery_name 不过滤，直接选择所有非无效值。
Block processing time: 0.019108 seconds
Computing Block 309 out of 560
Processing Block size=3
begin cleaner{left: ("[FunctionalDependency:(s: {brewery_id}, t: {brewery_name})]", 0.0), operator: *, right: (1.0, 1.0), result: 0.0}
列 'p' 不存在，对列 brewery_name 不过滤，直接选择所有非无效值。
Block processing time: 0.007505 seconds
Computing Block 310 out of 560
Processing Block size=4
begin cleaner{left: ("[FunctionalDependency:(s: {brewery_id}, t: {brewery_name})]", 0.0), operator: *, right: (1.0, 1.0), result: 0.0}
列 'p' 不存在，对列 brewery_name 不过滤，直接选择所有非无效值。
Block processing time: 0.009813 seconds
Computing Block 313 out of 560
Processing Block size=3
begin cleaner{left: ("[FunctionalDependency:(s: {brewery_id}, t: {brewery_name})]", 0.0), operator: *, right: (1.0, 1.0), result: 0.0}
列 'p' 不存在，对列 brewery_name 不过滤，直接选择所有非无效值。
Block processing time: 0.007585 seconds
Computing Block 314 out of 560
Processing Block size=4
begin cleaner{left: ("[FunctionalDependency:(s: {brewery_id}, t: {brewery_name})]", 0.0), operator: *, right: (1.0, 1.0), result: 0.0}
列 'p' 不存在，对列 brewery_name 不过滤，直接选择所有非无效值。
Block processing time: 0.009798 seconds
Computing Block 315 out of 560
Processing Block size=4
begin cleaner{left: ("[FunctionalDependency:(s: {brewery_id}, t: {brewery_name})]", 0.0), operator: *, right: (1.0, 1.0), result: 0.0}
列 'p' 不存在，对列 brewery_name 不过滤，直接选择所有非无效值。
Block processing time: 0.009959 seconds
Computing Block 316 out of 560
Processing Block size=4
begin cleaner{left: ("[FunctionalDependency:(s: {brewery_id}, t: {brewery_name})]", 0.0), operator: *, right: (1.0, 1.0), result: 0.0}
列 'p' 不存在，对列 brewery_name 不过滤，直接选择所有非无效值。
Block processing time: 0.009854 seconds
Computing Block 317 out of 560
Processing Block size=3
begin cleaner{left: ("[FunctionalDependency:(s: {brewery_id}, t: {brewery_name})]", 0.0), operator: *, right: (1.0, 1.0), result: 0.0}
列 'p' 不存在，对列 brewery_name 不过滤，直接选择所有非无效值。
Block processing time: 0.008541 seconds
Computing Block 318 out of 560
Processing Block size=6
begin cleaner{left: ("[FunctionalDependency:(s: {brewery_id}, t: {brewery_name})]", 0.0), operator: *, right: (1.0, 1.0), result: 0.0}
列 'p' 不存在，对列 brewery_name 不过滤，直接选择所有非无效值。
Block processing time: 0.01445 seconds
Computing Block 319 out of 560
Processing Block size=4
begin cleaner{left: ("[FunctionalDependency:(s: {brewery_id}, t: {brewery_name})]", 0.0), operator: *, right: (1.0, 1.0), result: 0.0}
列 'p' 不存在，对列 brewery_name 不过滤，直接选择所有非无效值。
Block processing time: 0.009768 seconds
Computing Block 320 out of 560
Processing Block size=13
begin cleaner{left: ("[FunctionalDependency:(s: {brewery_id}, t: {brewery_name})]", 0.0), operator: *, right: (1.0, 1.0), result: 0.0}
列 'p' 不存在，对列 brewery_name 不过滤，直接选择所有非无效值。
Block processing time: 0.031434 seconds
Computing Block 321 out of 560
Processing Block size=2
begin cleaner{left: ("[FunctionalDependency:(s: {brewery_id}, t: {brewery_name})]", 0.0), operator: *, right: (1.0, 1.0), result: 0.0}
列 'p' 不存在，对列 brewery_name 不过滤，直接选择所有非无效值。
Block processing time: 0.005265 seconds
Computing Block 322 out of 560
Processing Block size=3
begin cleaner{left: ("[FunctionalDependency:(s: {brewery_id}, t: {brewery_name})]", 0.0), operator: *, right: (1.0, 1.0), result: 0.0}
列 'p' 不存在，对列 brewery_name 不过滤，直接选择所有非无效值。
Block processing time: 0.007484 seconds
Computing Block 324 out of 560
Processing Block size=4
begin cleaner{left: ("[FunctionalDependency:(s: {brewery_id}, t: {brewery_name})]", 0.0), operator: *, right: (1.0, 1.0), result: 0.0}
列 'p' 不存在，对列 brewery_name 不过滤，直接选择所有非无效值。
Block processing time: 0.009834 seconds
Computing Block 325 out of 560
Processing Block size=3
begin cleaner{left: ("[FunctionalDependency:(s: {brewery_id}, t: {brewery_name})]", 0.0), operator: *, right: (1.0, 1.0), result: 0.0}
列 'p' 不存在，对列 brewery_name 不过滤，直接选择所有非无效值。
Block processing time: 0.007497 seconds
Computing Block 328 out of 560
Processing Block size=5
begin cleaner{left: ("[FunctionalDependency:(s: {brewery_id}, t: {brewery_name})]", 0.0), operator: *, right: (1.0, 1.0), result: 0.0}
列 'p' 不存在，对列 brewery_name 不过滤，直接选择所有非无效值。
Block processing time: 0.012193 seconds
Computing Block 329 out of 560
Processing Block size=2
begin cleaner{left: ("[FunctionalDependency:(s: {brewery_id}, t: {brewery_name})]", 0.0), operator: *, right: (1.0, 1.0), result: 0.0}
列 'p' 不存在，对列 brewery_name 不过滤，直接选择所有非无效值。
Block processing time: 0.005158 seconds
Computing Block 330 out of 560
Processing Block size=6
begin cleaner{left: ("[FunctionalDependency:(s: {brewery_id}, t: {brewery_name})]", 0.0), operator: *, right: (1.0, 1.0), result: 0.0}
列 'p' 不存在，对列 brewery_name 不过滤，直接选择所有非无效值。
Block processing time: 0.014331 seconds
Computing Block 331 out of 560
Processing Block size=8
begin cleaner{left: ("[FunctionalDependency:(s: {brewery_id}, t: {brewery_name})]", 0.0), operator: *, right: (1.0, 1.0), result: 0.0}
列 'p' 不存在，对列 brewery_name 不过滤，直接选择所有非无效值。
Block processing time: 0.01889 seconds
Computing Block 332 out of 560
Processing Block size=2
begin cleaner{left: ("[FunctionalDependency:(s: {brewery_id}, t: {brewery_name})]", 0.0), operator: *, right: (1.0, 1.0), result: 0.0}
列 'p' 不存在，对列 brewery_name 不过滤，直接选择所有非无效值。
Block processing time: 0.005192 seconds
Computing Block 333 out of 560
Processing Block size=6
begin cleaner{left: ("[FunctionalDependency:(s: {brewery_id}, t: {brewery_name})]", 0.0), operator: *, right: (1.0, 1.0), result: 0.0}
列 'p' 不存在，对列 brewery_name 不过滤，直接选择所有非无效值。
Block processing time: 0.014393 seconds
Computing Block 336 out of 560
Processing Block size=2
begin cleaner{left: ("[FunctionalDependency:(s: {brewery_id}, t: {brewery_name})]", 0.0), operator: *, right: (1.0, 1.0), result: 0.0}
列 'p' 不存在，对列 brewery_name 不过滤，直接选择所有非无效值。
Block processing time: 0.005284 seconds
Computing Block 338 out of 560
Processing Block size=12
begin cleaner{left: ("[FunctionalDependency:(s: {brewery_id}, t: {brewery_name})]", 0.0), operator: *, right: (1.0, 1.0), result: 0.0}
列 'p' 不存在，对列 brewery_name 不过滤，直接选择所有非无效值。
Block processing time: 0.028268 seconds
Computing Block 339 out of 560
Processing Block size=9
begin cleaner{left: ("[FunctionalDependency:(s: {brewery_id}, t: {brewery_name})]", 0.0), operator: *, right: (1.0, 1.0), result: 0.0}
列 'p' 不存在，对列 brewery_name 不过滤，直接选择所有非无效值。
Block processing time: 0.021483 seconds
Computing Block 341 out of 560
Processing Block size=15
begin cleaner{left: ("[FunctionalDependency:(s: {brewery_id}, t: {brewery_name})]", 0.0), operator: *, right: (1.0, 1.0), result: 0.0}
列 'p' 不存在，对列 brewery_name 不过滤，直接选择所有非无效值。
Block processing time: 0.035301 seconds
Computing Block 342 out of 560
Processing Block size=9
begin cleaner{left: ("[FunctionalDependency:(s: {brewery_id}, t: {brewery_name})]", 0.0), operator: *, right: (1.0, 1.0), result: 0.0}
列 'p' 不存在，对列 brewery_name 不过滤，直接选择所有非无效值。
Block processing time: 0.021489 seconds
Computing Block 343 out of 560
Processing Block size=2
begin cleaner{left: ("[FunctionalDependency:(s: {brewery_id}, t: {brewery_name})]", 0.0), operator: *, right: (1.0, 1.0), result: 0.0}
列 'p' 不存在，对列 brewery_name 不过滤，直接选择所有非无效值。
Block processing time: 0.005311 seconds
Computing Block 346 out of 560
Processing Block size=3
begin cleaner{left: ("[FunctionalDependency:(s: {brewery_id}, t: {brewery_name})]", 0.0), operator: *, right: (1.0, 1.0), result: 0.0}
列 'p' 不存在，对列 brewery_name 不过滤，直接选择所有非无效值。
Block processing time: 0.007565 seconds
Computing Block 347 out of 560
Processing Block size=2
begin cleaner{left: ("[FunctionalDependency:(s: {brewery_id}, t: {brewery_name})]", 0.0), operator: *, right: (1.0, 1.0), result: 0.0}
列 'p' 不存在，对列 brewery_name 不过滤，直接选择所有非无效值。
Block processing time: 0.005429 seconds
Computing Block 348 out of 560
Processing Block size=4
begin cleaner{left: ("[FunctionalDependency:(s: {brewery_id}, t: {brewery_name})]", 0.0), operator: *, right: (1.0, 1.0), result: 0.0}
列 'p' 不存在，对列 brewery_name 不过滤，直接选择所有非无效值。
Block processing time: 0.009787 seconds
Computing Block 351 out of 560
Processing Block size=6
begin cleaner{left: ("[FunctionalDependency:(s: {brewery_id}, t: {brewery_name})]", 0.0), operator: *, right: (1.0, 1.0), result: 0.0}
列 'p' 不存在，对列 brewery_name 不过滤，直接选择所有非无效值。
Block processing time: 0.014509 seconds
Computing Block 352 out of 560
Processing Block size=2
begin cleaner{left: ("[FunctionalDependency:(s: {brewery_id}, t: {brewery_name})]", 0.0), operator: *, right: (1.0, 1.0), result: 0.0}
列 'p' 不存在，对列 brewery_name 不过滤，直接选择所有非无效值。
Block processing time: 0.005194 seconds
Computing Block 354 out of 560
Processing Block size=2
begin cleaner{left: ("[FunctionalDependency:(s: {brewery_id}, t: {brewery_name})]", 0.0), operator: *, right: (1.0, 1.0), result: 0.0}
列 'p' 不存在，对列 brewery_name 不过滤，直接选择所有非无效值。
Block processing time: 0.00524 seconds
Computing Block 355 out of 560
Processing Block size=2
begin cleaner{left: ("[FunctionalDependency:(s: {brewery_id}, t: {brewery_name})]", 0.0), operator: *, right: (1.0, 1.0), result: 0.0}
列 'p' 不存在，对列 brewery_name 不过滤，直接选择所有非无效值。
Block processing time: 0.005251 seconds
Computing Block 356 out of 560
Processing Block size=4
begin cleaner{left: ("[FunctionalDependency:(s: {brewery_id}, t: {brewery_name})]", 0.0), operator: *, right: (1.0, 1.0), result: 0.0}
列 'p' 不存在，对列 brewery_name 不过滤，直接选择所有非无效值。
Block processing time: 0.00986 seconds
Computing Block 357 out of 560
Processing Block size=4
begin cleaner{left: ("[FunctionalDependency:(s: {brewery_id}, t: {brewery_name})]", 0.0), operator: *, right: (1.0, 1.0), result: 0.0}
列 'p' 不存在，对列 brewery_name 不过滤，直接选择所有非无效值。
Block processing time: 0.009968 seconds
Computing Block 358 out of 560
Processing Block size=3
begin cleaner{left: ("[FunctionalDependency:(s: {brewery_id}, t: {brewery_name})]", 0.0), operator: *, right: (1.0, 1.0), result: 0.0}
列 'p' 不存在，对列 brewery_name 不过滤，直接选择所有非无效值。
Block processing time: 0.007624 seconds
Computing Block 360 out of 560
Processing Block size=2
begin cleaner{left: ("[FunctionalDependency:(s: {brewery_id}, t: {brewery_name})]", 0.0), operator: *, right: (1.0, 1.0), result: 0.0}
列 'p' 不存在，对列 brewery_name 不过滤，直接选择所有非无效值。
Block processing time: 0.005253 seconds
Computing Block 361 out of 560
Processing Block size=7
begin cleaner{left: ("[FunctionalDependency:(s: {brewery_id}, t: {brewery_name})]", 0.0), operator: *, right: (1.0, 1.0), result: 0.0}
列 'p' 不存在，对列 brewery_name 不过滤，直接选择所有非无效值。
Block processing time: 0.016836 seconds
Computing Block 362 out of 560
Processing Block size=12
begin cleaner{left: ("[FunctionalDependency:(s: {brewery_id}, t: {brewery_name})]", 0.0), operator: *, right: (1.0, 1.0), result: 0.0}
列 'p' 不存在，对列 brewery_name 不过滤，直接选择所有非无效值。
Block processing time: 0.028267 seconds
Computing Block 364 out of 560
Processing Block size=22
begin cleaner{left: ("[FunctionalDependency:(s: {brewery_id}, t: {brewery_name})]", 0.0), operator: *, right: (1.0, 1.0), result: 0.0}
列 'p' 不存在，对列 brewery_name 不过滤，直接选择所有非无效值。
Block processing time: 0.051129 seconds
Computing Block 365 out of 560
Processing Block size=10
begin cleaner{left: ("[FunctionalDependency:(s: {brewery_id}, t: {brewery_name})]", 0.0), operator: *, right: (1.0, 1.0), result: 0.0}
列 'p' 不存在，对列 brewery_name 不过滤，直接选择所有非无效值。
Block processing time: 0.023529 seconds
Computing Block 366 out of 560
Processing Block size=3
begin cleaner{left: ("[FunctionalDependency:(s: {brewery_id}, t: {brewery_name})]", 0.0), operator: *, right: (1.0, 1.0), result: 0.0}
列 'p' 不存在，对列 brewery_name 不过滤，直接选择所有非无效值。
Block processing time: 0.007458 seconds
Computing Block 367 out of 560
Processing Block size=8
begin cleaner{left: ("[FunctionalDependency:(s: {brewery_id}, t: {brewery_name})]", 0.0), operator: *, right: (1.0, 1.0), result: 0.0}
列 'p' 不存在，对列 brewery_name 不过滤，直接选择所有非无效值。
Block processing time: 0.019043 seconds
Computing Block 368 out of 560
Processing Block size=3
begin cleaner{left: ("[FunctionalDependency:(s: {brewery_id}, t: {brewery_name})]", 0.0), operator: *, right: (1.0, 1.0), result: 0.0}
列 'p' 不存在，对列 brewery_name 不过滤，直接选择所有非无效值。
Block processing time: 0.007583 seconds
Computing Block 370 out of 560
Processing Block size=4
begin cleaner{left: ("[FunctionalDependency:(s: {brewery_id}, t: {brewery_name})]", 0.0), operator: *, right: (1.0, 1.0), result: 0.0}
列 'p' 不存在，对列 brewery_name 不过滤，直接选择所有非无效值。
Block processing time: 0.009841 seconds
Computing Block 371 out of 560
Processing Block size=4
begin cleaner{left: ("[FunctionalDependency:(s: {brewery_id}, t: {brewery_name})]", 0.0), operator: *, right: (1.0, 1.0), result: 0.0}
列 'p' 不存在，对列 brewery_name 不过滤，直接选择所有非无效值。
Block processing time: 0.009903 seconds
Computing Block 372 out of 560
Processing Block size=5
begin cleaner{left: ("[FunctionalDependency:(s: {brewery_id}, t: {brewery_name})]", 0.0), operator: *, right: (1.0, 1.0), result: 0.0}
列 'p' 不存在，对列 brewery_name 不过滤，直接选择所有非无效值。
Block processing time: 0.012213 seconds
Computing Block 373 out of 560
Processing Block size=3
begin cleaner{left: ("[FunctionalDependency:(s: {brewery_id}, t: {brewery_name})]", 0.0), operator: *, right: (1.0, 1.0), result: 0.0}
列 'p' 不存在，对列 brewery_name 不过滤，直接选择所有非无效值。
Block processing time: 0.00764 seconds
Computing Block 374 out of 560
Processing Block size=5
begin cleaner{left: ("[FunctionalDependency:(s: {brewery_id}, t: {brewery_name})]", 0.0), operator: *, right: (1.0, 1.0), result: 0.0}
列 'p' 不存在，对列 brewery_name 不过滤，直接选择所有非无效值。
Block processing time: 0.012311 seconds
Computing Block 375 out of 560
Processing Block size=2
begin cleaner{left: ("[FunctionalDependency:(s: {brewery_id}, t: {brewery_name})]", 0.0), operator: *, right: (1.0, 1.0), result: 0.0}
列 'p' 不存在，对列 brewery_name 不过滤，直接选择所有非无效值。
Block processing time: 0.00531 seconds
Computing Block 376 out of 560
Processing Block size=2
begin cleaner{left: ("[FunctionalDependency:(s: {brewery_id}, t: {brewery_name})]", 0.0), operator: *, right: (1.0, 1.0), result: 0.0}
列 'p' 不存在，对列 brewery_name 不过滤，直接选择所有非无效值。
Block processing time: 0.005384 seconds
Computing Block 378 out of 560
Processing Block size=2
begin cleaner{left: ("[FunctionalDependency:(s: {brewery_id}, t: {brewery_name})]", 0.0), operator: *, right: (1.0, 1.0), result: 0.0}
列 'p' 不存在，对列 brewery_name 不过滤，直接选择所有非无效值。
Block processing time: 0.005303 seconds
Computing Block 379 out of 560
Processing Block size=4
begin cleaner{left: ("[FunctionalDependency:(s: {brewery_id}, t: {brewery_name})]", 0.0), operator: *, right: (1.0, 1.0), result: 0.0}
列 'p' 不存在，对列 brewery_name 不过滤，直接选择所有非无效值。
Block processing time: 0.009777 seconds
Computing Block 380 out of 560
Processing Block size=7
begin cleaner{left: ("[FunctionalDependency:(s: {brewery_id}, t: {brewery_name})]", 0.0), operator: *, right: (1.0, 1.0), result: 0.0}
列 'p' 不存在，对列 brewery_name 不过滤，直接选择所有非无效值。
Block processing time: 0.016865 seconds
Computing Block 381 out of 560
Processing Block size=19
begin cleaner{left: ("[FunctionalDependency:(s: {brewery_id}, t: {brewery_name})]", 0.0), operator: *, right: (1.0, 1.0), result: 0.0}
列 'p' 不存在，对列 brewery_name 不过滤，直接选择所有非无效值。
Block processing time: 0.045614 seconds
Computing Block 382 out of 560
Processing Block size=3
begin cleaner{left: ("[FunctionalDependency:(s: {brewery_id}, t: {brewery_name})]", 0.0), operator: *, right: (1.0, 1.0), result: 0.0}
列 'p' 不存在，对列 brewery_name 不过滤，直接选择所有非无效值。
Block processing time: 0.007605 seconds
Computing Block 383 out of 560
Processing Block size=2
begin cleaner{left: ("[FunctionalDependency:(s: {brewery_id}, t: {brewery_name})]", 0.0), operator: *, right: (1.0, 1.0), result: 0.0}
列 'p' 不存在，对列 brewery_name 不过滤，直接选择所有非无效值。
Block processing time: 0.005237 seconds
Computing Block 384 out of 560
Processing Block size=3
begin cleaner{left: ("[FunctionalDependency:(s: {brewery_id}, t: {brewery_name})]", 0.0), operator: *, right: (1.0, 1.0), result: 0.0}
列 'p' 不存在，对列 brewery_name 不过滤，直接选择所有非无效值。
Block processing time: 0.007607 seconds
Computing Block 385 out of 560
Processing Block size=2
begin cleaner{left: ("[FunctionalDependency:(s: {brewery_id}, t: {brewery_name})]", 0.0), operator: *, right: (1.0, 1.0), result: 0.0}
列 'p' 不存在，对列 brewery_name 不过滤，直接选择所有非无效值。
Block processing time: 0.005952 seconds
Computing Block 386 out of 560
Processing Block size=4
begin cleaner{left: ("[FunctionalDependency:(s: {brewery_id}, t: {brewery_name})]", 0.0), operator: *, right: (1.0, 1.0), result: 0.0}
列 'p' 不存在，对列 brewery_name 不过滤，直接选择所有非无效值。
Block processing time: 0.009921 seconds
Computing Block 387 out of 560
Processing Block size=4
begin cleaner{left: ("[FunctionalDependency:(s: {brewery_id}, t: {brewery_name})]", 0.0), operator: *, right: (1.0, 1.0), result: 0.0}
列 'p' 不存在，对列 brewery_name 不过滤，直接选择所有非无效值。
Block processing time: 0.009921 seconds
Computing Block 388 out of 560
Processing Block size=3
begin cleaner{left: ("[FunctionalDependency:(s: {brewery_id}, t: {brewery_name})]", 0.0), operator: *, right: (1.0, 1.0), result: 0.0}
列 'p' 不存在，对列 brewery_name 不过滤，直接选择所有非无效值。
Block processing time: 0.007616 seconds
Computing Block 389 out of 560
Processing Block size=4
begin cleaner{left: ("[FunctionalDependency:(s: {brewery_id}, t: {brewery_name})]", 0.0), operator: *, right: (1.0, 1.0), result: 0.0}
列 'p' 不存在，对列 brewery_name 不过滤，直接选择所有非无效值。
Block processing time: 0.009889 seconds
Computing Block 390 out of 560
Processing Block size=3
begin cleaner{left: ("[FunctionalDependency:(s: {brewery_id}, t: {brewery_name})]", 0.0), operator: *, right: (1.0, 1.0), result: 0.0}
列 'p' 不存在，对列 brewery_name 不过滤，直接选择所有非无效值。
Block processing time: 0.007549 seconds
Computing Block 391 out of 560
Processing Block size=2
begin cleaner{left: ("[FunctionalDependency:(s: {brewery_id}, t: {brewery_name})]", 0.0), operator: *, right: (1.0, 1.0), result: 0.0}
列 'p' 不存在，对列 brewery_name 不过滤，直接选择所有非无效值。
Block processing time: 0.005218 seconds
Computing Block 392 out of 560
Processing Block size=2
begin cleaner{left: ("[FunctionalDependency:(s: {brewery_id}, t: {brewery_name})]", 0.0), operator: *, right: (1.0, 1.0), result: 0.0}
列 'p' 不存在，对列 brewery_name 不过滤，直接选择所有非无效值。
Block processing time: 0.005261 seconds
Computing Block 393 out of 560
Processing Block size=3
begin cleaner{left: ("[FunctionalDependency:(s: {brewery_id}, t: {brewery_name})]", 0.0), operator: *, right: (1.0, 1.0), result: 0.0}
列 'p' 不存在，对列 brewery_name 不过滤，直接选择所有非无效值。
Block processing time: 0.007641 seconds
Computing Block 394 out of 560
Processing Block size=7
begin cleaner{left: ("[FunctionalDependency:(s: {brewery_id}, t: {brewery_name})]", 0.0), operator: *, right: (1.0, 1.0), result: 0.0}
列 'p' 不存在，对列 brewery_name 不过滤，直接选择所有非无效值。
Block processing time: 0.016833 seconds
Computing Block 397 out of 560
Processing Block size=3
begin cleaner{left: ("[FunctionalDependency:(s: {brewery_id}, t: {brewery_name})]", 0.0), operator: *, right: (1.0, 1.0), result: 0.0}
列 'p' 不存在，对列 brewery_name 不过滤，直接选择所有非无效值。
Block processing time: 0.007603 seconds
Computing Block 398 out of 560
Processing Block size=12
begin cleaner{left: ("[FunctionalDependency:(s: {brewery_id}, t: {brewery_name})]", 0.0), operator: *, right: (1.0, 1.0), result: 0.0}
列 'p' 不存在，对列 brewery_name 不过滤，直接选择所有非无效值。
Block processing time: 0.028109 seconds
Computing Block 399 out of 560
Processing Block size=10
begin cleaner{left: ("[FunctionalDependency:(s: {brewery_id}, t: {brewery_name})]", 0.0), operator: *, right: (1.0, 1.0), result: 0.0}
列 'p' 不存在，对列 brewery_name 不过滤，直接选择所有非无效值。
Block processing time: 0.023642 seconds
Computing Block 400 out of 560
Processing Block size=4
begin cleaner{left: ("[FunctionalDependency:(s: {brewery_id}, t: {brewery_name})]", 0.0), operator: *, right: (1.0, 1.0), result: 0.0}
列 'p' 不存在，对列 brewery_name 不过滤，直接选择所有非无效值。
Block processing time: 0.011023 seconds
Computing Block 401 out of 560
Processing Block size=2
begin cleaner{left: ("[FunctionalDependency:(s: {brewery_id}, t: {brewery_name})]", 0.0), operator: *, right: (1.0, 1.0), result: 0.0}
列 'p' 不存在，对列 brewery_name 不过滤，直接选择所有非无效值。
Block processing time: 0.005222 seconds
Computing Block 402 out of 560
Processing Block size=8
begin cleaner{left: ("[FunctionalDependency:(s: {brewery_id}, t: {brewery_name})]", 0.0), operator: *, right: (1.0, 1.0), result: 0.0}
列 'p' 不存在，对列 brewery_name 不过滤，直接选择所有非无效值。
Block processing time: 0.019171 seconds
Computing Block 403 out of 560
Processing Block size=4
begin cleaner{left: ("[FunctionalDependency:(s: {brewery_id}, t: {brewery_name})]", 0.0), operator: *, right: (1.0, 1.0), result: 0.0}
列 'p' 不存在，对列 brewery_name 不过滤，直接选择所有非无效值。
Block processing time: 0.00978 seconds
Computing Block 405 out of 560
Processing Block size=5
begin cleaner{left: ("[FunctionalDependency:(s: {brewery_id}, t: {brewery_name})]", 0.0), operator: *, right: (1.0, 1.0), result: 0.0}
列 'p' 不存在，对列 brewery_name 不过滤，直接选择所有非无效值。
Block processing time: 0.012243 seconds
Computing Block 406 out of 560
Processing Block size=3
begin cleaner{left: ("[FunctionalDependency:(s: {brewery_id}, t: {brewery_name})]", 0.0), operator: *, right: (1.0, 1.0), result: 0.0}
列 'p' 不存在，对列 brewery_name 不过滤，直接选择所有非无效值。
Block processing time: 0.007596 seconds
Computing Block 408 out of 560
Processing Block size=2
begin cleaner{left: ("[FunctionalDependency:(s: {brewery_id}, t: {brewery_name})]", 0.0), operator: *, right: (1.0, 1.0), result: 0.0}
列 'p' 不存在，对列 brewery_name 不过滤，直接选择所有非无效值。
Block processing time: 0.005215 seconds
Computing Block 409 out of 560
Processing Block size=5
begin cleaner{left: ("[FunctionalDependency:(s: {brewery_id}, t: {brewery_name})]", 0.0), operator: *, right: (1.0, 1.0), result: 0.0}
列 'p' 不存在，对列 brewery_name 不过滤，直接选择所有非无效值。
Block processing time: 0.012172 seconds
Computing Block 410 out of 560
Processing Block size=2
begin cleaner{left: ("[FunctionalDependency:(s: {brewery_id}, t: {brewery_name})]", 0.0), operator: *, right: (1.0, 1.0), result: 0.0}
列 'p' 不存在，对列 brewery_name 不过滤，直接选择所有非无效值。
Block processing time: 0.005286 seconds
Computing Block 411 out of 560
Processing Block size=3
begin cleaner{left: ("[FunctionalDependency:(s: {brewery_id}, t: {brewery_name})]", 0.0), operator: *, right: (1.0, 1.0), result: 0.0}
列 'p' 不存在，对列 brewery_name 不过滤，直接选择所有非无效值。
Block processing time: 0.007509 seconds
Computing Block 412 out of 560
Processing Block size=4
begin cleaner{left: ("[FunctionalDependency:(s: {brewery_id}, t: {brewery_name})]", 0.0), operator: *, right: (1.0, 1.0), result: 0.0}
列 'p' 不存在，对列 brewery_name 不过滤，直接选择所有非无效值。
Block processing time: 0.009873 seconds
Computing Block 413 out of 560
Processing Block size=5
begin cleaner{left: ("[FunctionalDependency:(s: {brewery_id}, t: {brewery_name})]", 0.0), operator: *, right: (1.0, 1.0), result: 0.0}
列 'p' 不存在，对列 brewery_name 不过滤，直接选择所有非无效值。
Block processing time: 0.012267 seconds
Computing Block 414 out of 560
Processing Block size=4
begin cleaner{left: ("[FunctionalDependency:(s: {brewery_id}, t: {brewery_name})]", 0.0), operator: *, right: (1.0, 1.0), result: 0.0}
列 'p' 不存在，对列 brewery_name 不过滤，直接选择所有非无效值。
Block processing time: 0.009893 seconds
Computing Block 415 out of 560
Processing Block size=4
begin cleaner{left: ("[FunctionalDependency:(s: {brewery_id}, t: {brewery_name})]", 0.0), operator: *, right: (1.0, 1.0), result: 0.0}
列 'p' 不存在，对列 brewery_name 不过滤，直接选择所有非无效值。
Block processing time: 0.009912 seconds
Computing Block 416 out of 560
Processing Block size=2
begin cleaner{left: ("[FunctionalDependency:(s: {brewery_id}, t: {brewery_name})]", 0.0), operator: *, right: (1.0, 1.0), result: 0.0}
列 'p' 不存在，对列 brewery_name 不过滤，直接选择所有非无效值。
Block processing time: 0.005277 seconds
Computing Block 417 out of 560
Processing Block size=2
begin cleaner{left: ("[FunctionalDependency:(s: {brewery_id}, t: {brewery_name})]", 0.0), operator: *, right: (1.0, 1.0), result: 0.0}
列 'p' 不存在，对列 brewery_name 不过滤，直接选择所有非无效值。
Block processing time: 0.005126 seconds
Computing Block 418 out of 560
Processing Block size=5
begin cleaner{left: ("[FunctionalDependency:(s: {brewery_id}, t: {brewery_name})]", 0.0), operator: *, right: (1.0, 1.0), result: 0.0}
列 'p' 不存在，对列 brewery_name 不过滤，直接选择所有非无效值。
Block processing time: 0.012094 seconds
Computing Block 420 out of 560
Processing Block size=5
begin cleaner{left: ("[FunctionalDependency:(s: {brewery_id}, t: {brewery_name})]", 0.0), operator: *, right: (1.0, 1.0), result: 0.0}
列 'p' 不存在，对列 brewery_name 不过滤，直接选择所有非无效值。
Block processing time: 0.012275 seconds
Computing Block 421 out of 560
Processing Block size=2
begin cleaner{left: ("[FunctionalDependency:(s: {brewery_id}, t: {brewery_name})]", 0.0), operator: *, right: (1.0, 1.0), result: 0.0}
列 'p' 不存在，对列 brewery_name 不过滤，直接选择所有非无效值。
Block processing time: 0.005189 seconds
Computing Block 422 out of 560
Processing Block size=2
begin cleaner{left: ("[FunctionalDependency:(s: {brewery_id}, t: {brewery_name})]", 0.0), operator: *, right: (1.0, 1.0), result: 0.0}
列 'p' 不存在，对列 brewery_name 不过滤，直接选择所有非无效值。
Block processing time: 0.005176 seconds
Computing Block 423 out of 560
Processing Block size=3
begin cleaner{left: ("[FunctionalDependency:(s: {brewery_id}, t: {brewery_name})]", 0.0), operator: *, right: (1.0, 1.0), result: 0.0}
列 'p' 不存在，对列 brewery_name 不过滤，直接选择所有非无效值。
Block processing time: 0.007562 seconds
Computing Block 424 out of 560
Processing Block size=5
begin cleaner{left: ("[FunctionalDependency:(s: {brewery_id}, t: {brewery_name})]", 0.0), operator: *, right: (1.0, 1.0), result: 0.0}
列 'p' 不存在，对列 brewery_name 不过滤，直接选择所有非无效值。
Block processing time: 0.012201 seconds
Computing Block 425 out of 560
Processing Block size=2
begin cleaner{left: ("[FunctionalDependency:(s: {brewery_id}, t: {brewery_name})]", 0.0), operator: *, right: (1.0, 1.0), result: 0.0}
列 'p' 不存在，对列 brewery_name 不过滤，直接选择所有非无效值。
Block processing time: 0.005306 seconds
Computing Block 426 out of 560
Processing Block size=4
begin cleaner{left: ("[FunctionalDependency:(s: {brewery_id}, t: {brewery_name})]", 0.0), operator: *, right: (1.0, 1.0), result: 0.0}
列 'p' 不存在，对列 brewery_name 不过滤，直接选择所有非无效值。
Block processing time: 0.009996 seconds
Computing Block 427 out of 560
Processing Block size=4
begin cleaner{left: ("[FunctionalDependency:(s: {brewery_id}, t: {brewery_name})]", 0.0), operator: *, right: (1.0, 1.0), result: 0.0}
列 'p' 不存在，对列 brewery_name 不过滤，直接选择所有非无效值。
Block processing time: 0.009872 seconds
Computing Block 428 out of 560
Processing Block size=2
begin cleaner{left: ("[FunctionalDependency:(s: {brewery_id}, t: {brewery_name})]", 0.0), operator: *, right: (1.0, 1.0), result: 0.0}
列 'p' 不存在，对列 brewery_name 不过滤，直接选择所有非无效值。
Block processing time: 0.005472 seconds
Computing Block 430 out of 560
Processing Block size=3
begin cleaner{left: ("[FunctionalDependency:(s: {brewery_id}, t: {brewery_name})]", 0.0), operator: *, right: (1.0, 1.0), result: 0.0}
列 'p' 不存在，对列 brewery_name 不过滤，直接选择所有非无效值。
Block processing time: 0.007729 seconds
Computing Block 431 out of 560
Processing Block size=7
begin cleaner{left: ("[FunctionalDependency:(s: {brewery_id}, t: {brewery_name})]", 0.0), operator: *, right: (1.0, 1.0), result: 0.0}
列 'p' 不存在，对列 brewery_name 不过滤，直接选择所有非无效值。
Block processing time: 0.016901 seconds
Computing Block 432 out of 560
Processing Block size=2
begin cleaner{left: ("[FunctionalDependency:(s: {brewery_id}, t: {brewery_name})]", 0.0), operator: *, right: (1.0, 1.0), result: 0.0}
列 'p' 不存在，对列 brewery_name 不过滤，直接选择所有非无效值。
Block processing time: 0.005175 seconds
Computing Block 433 out of 560
Processing Block size=10
begin cleaner{left: ("[FunctionalDependency:(s: {brewery_id}, t: {brewery_name})]", 0.0), operator: *, right: (1.0, 1.0), result: 0.0}
列 'p' 不存在，对列 brewery_name 不过滤，直接选择所有非无效值。
Block processing time: 0.023551 seconds
Computing Block 434 out of 560
Processing Block size=2
begin cleaner{left: ("[FunctionalDependency:(s: {brewery_id}, t: {brewery_name})]", 0.0), operator: *, right: (1.0, 1.0), result: 0.0}
列 'p' 不存在，对列 brewery_name 不过滤，直接选择所有非无效值。
Block processing time: 0.005282 seconds
Computing Block 436 out of 560
Processing Block size=12
begin cleaner{left: ("[FunctionalDependency:(s: {brewery_id}, t: {brewery_name})]", 0.0), operator: *, right: (1.0, 1.0), result: 0.0}
列 'p' 不存在，对列 brewery_name 不过滤，直接选择所有非无效值。
Block processing time: 0.028391 seconds
Computing Block 437 out of 560
Processing Block size=4
begin cleaner{left: ("[FunctionalDependency:(s: {brewery_id}, t: {brewery_name})]", 0.0), operator: *, right: (1.0, 1.0), result: 0.0}
列 'p' 不存在，对列 brewery_name 不过滤，直接选择所有非无效值。
Block processing time: 0.009971 seconds
Computing Block 438 out of 560
Processing Block size=4
begin cleaner{left: ("[FunctionalDependency:(s: {brewery_id}, t: {brewery_name})]", 0.0), operator: *, right: (1.0, 1.0), result: 0.0}
列 'p' 不存在，对列 brewery_name 不过滤，直接选择所有非无效值。
Block processing time: 0.009858 seconds
Computing Block 439 out of 560
Processing Block size=4
begin cleaner{left: ("[FunctionalDependency:(s: {brewery_id}, t: {brewery_name})]", 0.0), operator: *, right: (1.0, 1.0), result: 0.0}
列 'p' 不存在，对列 brewery_name 不过滤，直接选择所有非无效值。
Block processing time: 0.009868 seconds
Computing Block 440 out of 560
Processing Block size=2
begin cleaner{left: ("[FunctionalDependency:(s: {brewery_id}, t: {brewery_name})]", 0.0), operator: *, right: (1.0, 1.0), result: 0.0}
列 'p' 不存在，对列 brewery_name 不过滤，直接选择所有非无效值。
Block processing time: 0.005299 seconds
Computing Block 441 out of 560
Processing Block size=2
begin cleaner{left: ("[FunctionalDependency:(s: {brewery_id}, t: {brewery_name})]", 0.0), operator: *, right: (1.0, 1.0), result: 0.0}
列 'p' 不存在，对列 brewery_name 不过滤，直接选择所有非无效值。
Block processing time: 0.005113 seconds
Computing Block 442 out of 560
Processing Block size=5
begin cleaner{left: ("[FunctionalDependency:(s: {brewery_id}, t: {brewery_name})]", 0.0), operator: *, right: (1.0, 1.0), result: 0.0}
列 'p' 不存在，对列 brewery_name 不过滤，直接选择所有非无效值。
Block processing time: 0.01229 seconds
Computing Block 443 out of 560
Processing Block size=6
begin cleaner{left: ("[FunctionalDependency:(s: {brewery_id}, t: {brewery_name})]", 0.0), operator: *, right: (1.0, 1.0), result: 0.0}
列 'p' 不存在，对列 brewery_name 不过滤，直接选择所有非无效值。
Block processing time: 0.014384 seconds
Computing Block 445 out of 560
Processing Block size=6
begin cleaner{left: ("[FunctionalDependency:(s: {brewery_id}, t: {brewery_name})]", 0.0), operator: *, right: (1.0, 1.0), result: 0.0}
列 'p' 不存在，对列 brewery_name 不过滤，直接选择所有非无效值。
Block processing time: 0.014589 seconds
Computing Block 446 out of 560
Processing Block size=2
begin cleaner{left: ("[FunctionalDependency:(s: {brewery_id}, t: {brewery_name})]", 0.0), operator: *, right: (1.0, 1.0), result: 0.0}
列 'p' 不存在，对列 brewery_name 不过滤，直接选择所有非无效值。
Block processing time: 0.005268 seconds
Computing Block 448 out of 560
Processing Block size=6
begin cleaner{left: ("[FunctionalDependency:(s: {brewery_id}, t: {brewery_name})]", 0.0), operator: *, right: (1.0, 1.0), result: 0.0}
列 'p' 不存在，对列 brewery_name 不过滤，直接选择所有非无效值。
Block processing time: 0.014349 seconds
Computing Block 449 out of 560
Processing Block size=4
begin cleaner{left: ("[FunctionalDependency:(s: {brewery_id}, t: {brewery_name})]", 0.0), operator: *, right: (1.0, 1.0), result: 0.0}
列 'p' 不存在，对列 brewery_name 不过滤，直接选择所有非无效值。
Block processing time: 0.009893 seconds
Computing Block 450 out of 560
Processing Block size=6
begin cleaner{left: ("[FunctionalDependency:(s: {brewery_id}, t: {brewery_name})]", 0.0), operator: *, right: (1.0, 1.0), result: 0.0}
列 'p' 不存在，对列 brewery_name 不过滤，直接选择所有非无效值。
Block processing time: 0.01451 seconds
Computing Block 451 out of 560
Processing Block size=6
begin cleaner{left: ("[FunctionalDependency:(s: {brewery_id}, t: {brewery_name})]", 0.0), operator: *, right: (1.0, 1.0), result: 0.0}
列 'p' 不存在，对列 brewery_name 不过滤，直接选择所有非无效值。
Block processing time: 0.015897 seconds
Computing Block 452 out of 560
Processing Block size=6
begin cleaner{left: ("[FunctionalDependency:(s: {brewery_id}, t: {brewery_name})]", 0.0), operator: *, right: (1.0, 1.0), result: 0.0}
列 'p' 不存在，对列 brewery_name 不过滤，直接选择所有非无效值。
Block processing time: 0.014488 seconds
Computing Block 453 out of 560
Processing Block size=5
begin cleaner{left: ("[FunctionalDependency:(s: {brewery_id}, t: {brewery_name})]", 0.0), operator: *, right: (1.0, 1.0), result: 0.0}
列 'p' 不存在，对列 brewery_name 不过滤，直接选择所有非无效值。
Block processing time: 0.012202 seconds
Computing Block 454 out of 560
Processing Block size=4
begin cleaner{left: ("[FunctionalDependency:(s: {brewery_id}, t: {brewery_name})]", 0.0), operator: *, right: (1.0, 1.0), result: 0.0}
列 'p' 不存在，对列 brewery_name 不过滤，直接选择所有非无效值。
Block processing time: 0.009938 seconds
Computing Block 455 out of 560
Processing Block size=5
begin cleaner{left: ("[FunctionalDependency:(s: {brewery_id}, t: {brewery_name})]", 0.0), operator: *, right: (1.0, 1.0), result: 0.0}
列 'p' 不存在，对列 brewery_name 不过滤，直接选择所有非无效值。
Block processing time: 0.012214 seconds
Computing Block 456 out of 560
Processing Block size=2
begin cleaner{left: ("[FunctionalDependency:(s: {brewery_id}, t: {brewery_name})]", 0.0), operator: *, right: (1.0, 1.0), result: 0.0}
列 'p' 不存在，对列 brewery_name 不过滤，直接选择所有非无效值。
Block processing time: 0.005374 seconds
Computing Block 457 out of 560
Processing Block size=18
begin cleaner{left: ("[FunctionalDependency:(s: {brewery_id}, t: {brewery_name})]", 0.0), operator: *, right: (1.0, 1.0), result: 0.0}
列 'p' 不存在，对列 brewery_name 不过滤，直接选择所有非无效值。
Block processing time: 0.042114 seconds
Computing Block 459 out of 560
Processing Block size=14
begin cleaner{left: ("[FunctionalDependency:(s: {brewery_id}, t: {brewery_name})]", 0.0), operator: *, right: (1.0, 1.0), result: 0.0}
列 'p' 不存在，对列 brewery_name 不过滤，直接选择所有非无效值。
Block processing time: 0.032854 seconds
Computing Block 460 out of 560
Processing Block size=15
begin cleaner{left: ("[FunctionalDependency:(s: {brewery_id}, t: {brewery_name})]", 0.0), operator: *, right: (1.0, 1.0), result: 0.0}
列 'p' 不存在，对列 brewery_name 不过滤，直接选择所有非无效值。
Block processing time: 0.035177 seconds
Computing Block 461 out of 560
Processing Block size=7
begin cleaner{left: ("[FunctionalDependency:(s: {brewery_id}, t: {brewery_name})]", 0.0), operator: *, right: (1.0, 1.0), result: 0.0}
列 'p' 不存在，对列 brewery_name 不过滤，直接选择所有非无效值。
Block processing time: 0.016771 seconds
Computing Block 462 out of 560
Processing Block size=4
begin cleaner{left: ("[FunctionalDependency:(s: {brewery_id}, t: {brewery_name})]", 0.0), operator: *, right: (1.0, 1.0), result: 0.0}
列 'p' 不存在，对列 brewery_name 不过滤，直接选择所有非无效值。
Block processing time: 0.009868 seconds
Computing Block 463 out of 560
Processing Block size=4
begin cleaner{left: ("[FunctionalDependency:(s: {brewery_id}, t: {brewery_name})]", 0.0), operator: *, right: (1.0, 1.0), result: 0.0}
列 'p' 不存在，对列 brewery_name 不过滤，直接选择所有非无效值。
Block processing time: 0.009911 seconds
Computing Block 464 out of 560
Processing Block size=2
begin cleaner{left: ("[FunctionalDependency:(s: {brewery_id}, t: {brewery_name})]", 0.0), operator: *, right: (1.0, 1.0), result: 0.0}
列 'p' 不存在，对列 brewery_name 不过滤，直接选择所有非无效值。
Block processing time: 0.00524 seconds
Computing Block 465 out of 560
Processing Block size=12
begin cleaner{left: ("[FunctionalDependency:(s: {brewery_id}, t: {brewery_name})]", 0.0), operator: *, right: (1.0, 1.0), result: 0.0}
列 'p' 不存在，对列 brewery_name 不过滤，直接选择所有非无效值。
Block processing time: 0.027926 seconds
Computing Block 466 out of 560
Processing Block size=25
begin cleaner{left: ("[FunctionalDependency:(s: {brewery_id}, t: {brewery_name})]", 0.0), operator: *, right: (1.0, 1.0), result: 0.0}
列 'p' 不存在，对列 brewery_name 不过滤，直接选择所有非无效值。
Block processing time: 0.057665 seconds
Computing Block 468 out of 560
Processing Block size=3
begin cleaner{left: ("[FunctionalDependency:(s: {brewery_id}, t: {brewery_name})]", 0.0), operator: *, right: (1.0, 1.0), result: 0.0}
列 'p' 不存在，对列 brewery_name 不过滤，直接选择所有非无效值。
Block processing time: 0.007543 seconds
Computing Block 470 out of 560
Processing Block size=2
begin cleaner{left: ("[FunctionalDependency:(s: {brewery_id}, t: {brewery_name})]", 0.0), operator: *, right: (1.0, 1.0), result: 0.0}
列 'p' 不存在，对列 brewery_name 不过滤，直接选择所有非无效值。
Block processing time: 0.005268 seconds
Computing Block 471 out of 560
Processing Block size=3
begin cleaner{left: ("[FunctionalDependency:(s: {brewery_id}, t: {brewery_name})]", 0.0), operator: *, right: (1.0, 1.0), result: 0.0}
列 'p' 不存在，对列 brewery_name 不过滤，直接选择所有非无效值。
Block processing time: 0.007472 seconds
Computing Block 473 out of 560
Processing Block size=4
begin cleaner{left: ("[FunctionalDependency:(s: {brewery_id}, t: {brewery_name})]", 0.0), operator: *, right: (1.0, 1.0), result: 0.0}
列 'p' 不存在，对列 brewery_name 不过滤，直接选择所有非无效值。
Block processing time: 0.009786 seconds
Computing Block 474 out of 560
Processing Block size=4
begin cleaner{left: ("[FunctionalDependency:(s: {brewery_id}, t: {brewery_name})]", 0.0), operator: *, right: (1.0, 1.0), result: 0.0}
列 'p' 不存在，对列 brewery_name 不过滤，直接选择所有非无效值。
Block processing time: 0.010066 seconds
Computing Block 476 out of 560
Processing Block size=2
begin cleaner{left: ("[FunctionalDependency:(s: {brewery_id}, t: {brewery_name})]", 0.0), operator: *, right: (1.0, 1.0), result: 0.0}
列 'p' 不存在，对列 brewery_name 不过滤，直接选择所有非无效值。
Block processing time: 0.005592 seconds
Computing Block 477 out of 560
Processing Block size=3
begin cleaner{left: ("[FunctionalDependency:(s: {brewery_id}, t: {brewery_name})]", 0.0), operator: *, right: (1.0, 1.0), result: 0.0}
列 'p' 不存在，对列 brewery_name 不过滤，直接选择所有非无效值。
Block processing time: 0.007551 seconds
Computing Block 478 out of 560
Processing Block size=2
begin cleaner{left: ("[FunctionalDependency:(s: {brewery_id}, t: {brewery_name})]", 0.0), operator: *, right: (1.0, 1.0), result: 0.0}
列 'p' 不存在，对列 brewery_name 不过滤，直接选择所有非无效值。
Block processing time: 0.005142 seconds
Computing Block 479 out of 560
Processing Block size=2
begin cleaner{left: ("[FunctionalDependency:(s: {brewery_id}, t: {brewery_name})]", 0.0), operator: *, right: (1.0, 1.0), result: 0.0}
列 'p' 不存在，对列 brewery_name 不过滤，直接选择所有非无效值。
Block processing time: 0.00519 seconds
Computing Block 480 out of 560
Processing Block size=2
begin cleaner{left: ("[FunctionalDependency:(s: {brewery_id}, t: {brewery_name})]", 0.0), operator: *, right: (1.0, 1.0), result: 0.0}
列 'p' 不存在，对列 brewery_name 不过滤，直接选择所有非无效值。
Block processing time: 0.005198 seconds
Computing Block 481 out of 560
Processing Block size=3
begin cleaner{left: ("[FunctionalDependency:(s: {brewery_id}, t: {brewery_name})]", 0.0), operator: *, right: (1.0, 1.0), result: 0.0}
列 'p' 不存在，对列 brewery_name 不过滤，直接选择所有非无效值。
Block processing time: 0.007445 seconds
Computing Block 483 out of 560
Processing Block size=2
begin cleaner{left: ("[FunctionalDependency:(s: {brewery_id}, t: {brewery_name})]", 0.0), operator: *, right: (1.0, 1.0), result: 0.0}
列 'p' 不存在，对列 brewery_name 不过滤，直接选择所有非无效值。
Block processing time: 0.005249 seconds
Computing Block 484 out of 560
Processing Block size=2
begin cleaner{left: ("[FunctionalDependency:(s: {brewery_id}, t: {brewery_name})]", 0.0), operator: *, right: (1.0, 1.0), result: 0.0}
列 'p' 不存在，对列 brewery_name 不过滤，直接选择所有非无效值。
Block processing time: 0.005176 seconds
Computing Block 485 out of 560
Processing Block size=2
begin cleaner{left: ("[FunctionalDependency:(s: {brewery_id}, t: {brewery_name})]", 0.0), operator: *, right: (1.0, 1.0), result: 0.0}
列 'p' 不存在，对列 brewery_name 不过滤，直接选择所有非无效值。
Block processing time: 0.005156 seconds
Computing Block 486 out of 560
Processing Block size=14
begin cleaner{left: ("[FunctionalDependency:(s: {brewery_id}, t: {brewery_name})]", 0.0), operator: *, right: (1.0, 1.0), result: 0.0}
列 'p' 不存在，对列 brewery_name 不过滤，直接选择所有非无效值。
Block processing time: 0.032582 seconds
Computing Block 487 out of 560
Processing Block size=2
begin cleaner{left: ("[FunctionalDependency:(s: {brewery_id}, t: {brewery_name})]", 0.0), operator: *, right: (1.0, 1.0), result: 0.0}
列 'p' 不存在，对列 brewery_name 不过滤，直接选择所有非无效值。
Block processing time: 0.005138 seconds
Computing Block 489 out of 560
Processing Block size=8
begin cleaner{left: ("[FunctionalDependency:(s: {brewery_id}, t: {brewery_name})]", 0.0), operator: *, right: (1.0, 1.0), result: 0.0}
列 'p' 不存在，对列 brewery_name 不过滤，直接选择所有非无效值。
Block processing time: 0.018984 seconds
Computing Block 491 out of 560
Processing Block size=7
begin cleaner{left: ("[FunctionalDependency:(s: {brewery_id}, t: {brewery_name})]", 0.0), operator: *, right: (1.0, 1.0), result: 0.0}
列 'p' 不存在，对列 brewery_name 不过滤，直接选择所有非无效值。
Block processing time: 0.016714 seconds
Computing Block 492 out of 560
Processing Block size=3
begin cleaner{left: ("[FunctionalDependency:(s: {brewery_id}, t: {brewery_name})]", 0.0), operator: *, right: (1.0, 1.0), result: 0.0}
列 'p' 不存在，对列 brewery_name 不过滤，直接选择所有非无效值。
Block processing time: 0.007494 seconds
Computing Block 493 out of 560
Processing Block size=8
begin cleaner{left: ("[FunctionalDependency:(s: {brewery_id}, t: {brewery_name})]", 0.0), operator: *, right: (1.0, 1.0), result: 0.0}
列 'p' 不存在，对列 brewery_name 不过滤，直接选择所有非无效值。
Block processing time: 0.018895 seconds
Computing Block 494 out of 560
Processing Block size=23
begin cleaner{left: ("[FunctionalDependency:(s: {brewery_id}, t: {brewery_name})]", 0.0), operator: *, right: (1.0, 1.0), result: 0.0}
列 'p' 不存在，对列 brewery_name 不过滤，直接选择所有非无效值。
Block processing time: 0.053971 seconds
Computing Block 495 out of 560
Processing Block size=5
begin cleaner{left: ("[FunctionalDependency:(s: {brewery_id}, t: {brewery_name})]", 0.0), operator: *, right: (1.0, 1.0), result: 0.0}
列 'p' 不存在，对列 brewery_name 不过滤，直接选择所有非无效值。
Block processing time: 0.012127 seconds
Computing Block 496 out of 560
Processing Block size=2
begin cleaner{left: ("[FunctionalDependency:(s: {brewery_id}, t: {brewery_name})]", 0.0), operator: *, right: (1.0, 1.0), result: 0.0}
列 'p' 不存在，对列 brewery_name 不过滤，直接选择所有非无效值。
Block processing time: 0.005259 seconds
Computing Block 497 out of 560
Processing Block size=2
begin cleaner{left: ("[FunctionalDependency:(s: {brewery_id}, t: {brewery_name})]", 0.0), operator: *, right: (1.0, 1.0), result: 0.0}
列 'p' 不存在，对列 brewery_name 不过滤，直接选择所有非无效值。
Block processing time: 0.005168 seconds
Computing Block 498 out of 560
Processing Block size=4
begin cleaner{left: ("[FunctionalDependency:(s: {brewery_id}, t: {brewery_name})]", 0.0), operator: *, right: (1.0, 1.0), result: 0.0}
列 'p' 不存在，对列 brewery_name 不过滤，直接选择所有非无效值。
Block processing time: 0.009752 seconds
Computing Block 499 out of 560
Processing Block size=3
begin cleaner{left: ("[FunctionalDependency:(s: {brewery_id}, t: {brewery_name})]", 0.0), operator: *, right: (1.0, 1.0), result: 0.0}
列 'p' 不存在，对列 brewery_name 不过滤，直接选择所有非无效值。
Block processing time: 0.008592 seconds
Computing Block 501 out of 560
Processing Block size=4
begin cleaner{left: ("[FunctionalDependency:(s: {brewery_id}, t: {brewery_name})]", 0.0), operator: *, right: (1.0, 1.0), result: 0.0}
列 'p' 不存在，对列 brewery_name 不过滤，直接选择所有非无效值。
Block processing time: 0.009851 seconds
Computing Block 504 out of 560
Processing Block size=2
begin cleaner{left: ("[FunctionalDependency:(s: {brewery_id}, t: {brewery_name})]", 0.0), operator: *, right: (1.0, 1.0), result: 0.0}
列 'p' 不存在，对列 brewery_name 不过滤，直接选择所有非无效值。
Block processing time: 0.00522 seconds
Computing Block 505 out of 560
Processing Block size=4
begin cleaner{left: ("[FunctionalDependency:(s: {brewery_id}, t: {brewery_name})]", 0.0), operator: *, right: (1.0, 1.0), result: 0.0}
列 'p' 不存在，对列 brewery_name 不过滤，直接选择所有非无效值。
Block processing time: 0.009674 seconds
Computing Block 507 out of 560
Processing Block size=4
begin cleaner{left: ("[FunctionalDependency:(s: {brewery_id}, t: {brewery_name})]", 0.0), operator: *, right: (1.0, 1.0), result: 0.0}
列 'p' 不存在，对列 brewery_name 不过滤，直接选择所有非无效值。
Block processing time: 0.009789 seconds
Computing Block 508 out of 560
Processing Block size=2
begin cleaner{left: ("[FunctionalDependency:(s: {brewery_id}, t: {brewery_name})]", 0.0), operator: *, right: (1.0, 1.0), result: 0.0}
列 'p' 不存在，对列 brewery_name 不过滤，直接选择所有非无效值。
Block processing time: 0.005214 seconds
Computing Block 509 out of 560
Processing Block size=4
begin cleaner{left: ("[FunctionalDependency:(s: {brewery_id}, t: {brewery_name})]", 0.0), operator: *, right: (1.0, 1.0), result: 0.0}
列 'p' 不存在，对列 brewery_name 不过滤，直接选择所有非无效值。
Block processing time: 0.009678 seconds
Computing Block 511 out of 560
Processing Block size=3
begin cleaner{left: ("[FunctionalDependency:(s: {brewery_id}, t: {brewery_name})]", 0.0), operator: *, right: (1.0, 1.0), result: 0.0}
列 'p' 不存在，对列 brewery_name 不过滤，直接选择所有非无效值。
Block processing time: 0.00763 seconds
Computing Block 512 out of 560
Processing Block size=3
begin cleaner{left: ("[FunctionalDependency:(s: {brewery_id}, t: {brewery_name})]", 0.0), operator: *, right: (1.0, 1.0), result: 0.0}
列 'p' 不存在，对列 brewery_name 不过滤，直接选择所有非无效值。
Block processing time: 0.007446 seconds
Computing Block 513 out of 560
Processing Block size=12
begin cleaner{left: ("[FunctionalDependency:(s: {brewery_id}, t: {brewery_name})]", 0.0), operator: *, right: (1.0, 1.0), result: 0.0}
列 'p' 不存在，对列 brewery_name 不过滤，直接选择所有非无效值。
Block processing time: 0.028773 seconds
Computing Block 514 out of 560
Processing Block size=8
begin cleaner{left: ("[FunctionalDependency:(s: {brewery_id}, t: {brewery_name})]", 0.0), operator: *, right: (1.0, 1.0), result: 0.0}
列 'p' 不存在，对列 brewery_name 不过滤，直接选择所有非无效值。
Block processing time: 0.019022 seconds
Computing Block 517 out of 560
Processing Block size=2
begin cleaner{left: ("[FunctionalDependency:(s: {brewery_id}, t: {brewery_name})]", 0.0), operator: *, right: (1.0, 1.0), result: 0.0}
列 'p' 不存在，对列 brewery_name 不过滤，直接选择所有非无效值。
Block processing time: 0.005285 seconds
Computing Block 519 out of 560
Processing Block size=3
begin cleaner{left: ("[FunctionalDependency:(s: {brewery_id}, t: {brewery_name})]", 0.0), operator: *, right: (1.0, 1.0), result: 0.0}
列 'p' 不存在，对列 brewery_name 不过滤，直接选择所有非无效值。
Block processing time: 0.007664 seconds
Computing Block 520 out of 560
Processing Block size=18
begin cleaner{left: ("[FunctionalDependency:(s: {brewery_id}, t: {brewery_name})]", 0.0), operator: *, right: (1.0, 1.0), result: 0.0}
列 'p' 不存在，对列 brewery_name 不过滤，直接选择所有非无效值。
Block processing time: 0.042126 seconds
Computing Block 523 out of 560
Processing Block size=5
begin cleaner{left: ("[FunctionalDependency:(s: {brewery_id}, t: {brewery_name})]", 0.0), operator: *, right: (1.0, 1.0), result: 0.0}
列 'p' 不存在，对列 brewery_name 不过滤，直接选择所有非无效值。
Block processing time: 0.012223 seconds
Computing Block 524 out of 560
Processing Block size=6
begin cleaner{left: ("[FunctionalDependency:(s: {brewery_id}, t: {brewery_name})]", 0.0), operator: *, right: (1.0, 1.0), result: 0.0}
列 'p' 不存在，对列 brewery_name 不过滤，直接选择所有非无效值。
Block processing time: 0.014492 seconds
Computing Block 525 out of 560
Processing Block size=12
begin cleaner{left: ("[FunctionalDependency:(s: {brewery_id}, t: {brewery_name})]", 0.0), operator: *, right: (1.0, 1.0), result: 0.0}
列 'p' 不存在，对列 brewery_name 不过滤，直接选择所有非无效值。
Block processing time: 0.028106 seconds
Computing Block 526 out of 560
Processing Block size=5
begin cleaner{left: ("[FunctionalDependency:(s: {brewery_id}, t: {brewery_name})]", 0.0), operator: *, right: (1.0, 1.0), result: 0.0}
列 'p' 不存在，对列 brewery_name 不过滤，直接选择所有非无效值。
Block processing time: 0.012038 seconds
Computing Block 527 out of 560
Processing Block size=5
begin cleaner{left: ("[FunctionalDependency:(s: {brewery_id}, t: {brewery_name})]", 0.0), operator: *, right: (1.0, 1.0), result: 0.0}
列 'p' 不存在，对列 brewery_name 不过滤，直接选择所有非无效值。
Block processing time: 0.012222 seconds
Computing Block 528 out of 560
Processing Block size=5
begin cleaner{left: ("[FunctionalDependency:(s: {brewery_id}, t: {brewery_name})]", 0.0), operator: *, right: (1.0, 1.0), result: 0.0}
列 'p' 不存在，对列 brewery_name 不过滤，直接选择所有非无效值。
Block processing time: 0.012335 seconds
Computing Block 529 out of 560
Processing Block size=3
begin cleaner{left: ("[FunctionalDependency:(s: {brewery_id}, t: {brewery_name})]", 0.0), operator: *, right: (1.0, 1.0), result: 0.0}
列 'p' 不存在，对列 brewery_name 不过滤，直接选择所有非无效值。
Block processing time: 0.007593 seconds
Computing Block 530 out of 560
Processing Block size=2
begin cleaner{left: ("[FunctionalDependency:(s: {brewery_id}, t: {brewery_name})]", 0.0), operator: *, right: (1.0, 1.0), result: 0.0}
列 'p' 不存在，对列 brewery_name 不过滤，直接选择所有非无效值。
Block processing time: 0.005271 seconds
Computing Block 534 out of 560
Processing Block size=3
begin cleaner{left: ("[FunctionalDependency:(s: {brewery_id}, t: {brewery_name})]", 0.0), operator: *, right: (1.0, 1.0), result: 0.0}
列 'p' 不存在，对列 brewery_name 不过滤，直接选择所有非无效值。
Block processing time: 0.007659 seconds
Computing Block 535 out of 560
Processing Block size=3
begin cleaner{left: ("[FunctionalDependency:(s: {brewery_id}, t: {brewery_name})]", 0.0), operator: *, right: (1.0, 1.0), result: 0.0}
列 'p' 不存在，对列 brewery_name 不过滤，直接选择所有非无效值。
Block processing time: 0.008815 secondsWARNING:root:No partitioning rule specified, processing might be slow

Computing Block 536 out of 560
Processing Block size=3
begin cleaner{left: ("[FunctionalDependency:(s: {brewery_id}, t: {brewery_name})]", 0.0), operator: *, right: (1.0, 1.0), result: 0.0}
列 'p' 不存在，对列 brewery_name 不过滤，直接选择所有非无效值。
Block processing time: 0.007698 seconds
Computing Block 537 out of 560
Processing Block size=7
begin cleaner{left: ("[FunctionalDependency:(s: {brewery_id}, t: {brewery_name})]", 0.0), operator: *, right: (1.0, 1.0), result: 0.0}
列 'p' 不存在，对列 brewery_name 不过滤，直接选择所有非无效值。
Block processing time: 0.016836 seconds
Computing Block 538 out of 560
Processing Block size=3
begin cleaner{left: ("[FunctionalDependency:(s: {brewery_id}, t: {brewery_name})]", 0.0), operator: *, right: (1.0, 1.0), result: 0.0}
列 'p' 不存在，对列 brewery_name 不过滤，直接选择所有非无效值。
Block processing time: 0.00761 seconds
Computing Block 539 out of 560
Processing Block size=2
begin cleaner{left: ("[FunctionalDependency:(s: {brewery_id}, t: {brewery_name})]", 0.0), operator: *, right: (1.0, 1.0), result: 0.0}
列 'p' 不存在，对列 brewery_name 不过滤，直接选择所有非无效值。
Block processing time: 0.005283 seconds
Computing Block 540 out of 560
Processing Block size=3
begin cleaner{left: ("[FunctionalDependency:(s: {brewery_id}, t: {brewery_name})]", 0.0), operator: *, right: (1.0, 1.0), result: 0.0}
列 'p' 不存在，对列 brewery_name 不过滤，直接选择所有非无效值。
Block processing time: 0.007491 seconds
Computing Block 542 out of 560
Processing Block size=3
begin cleaner{left: ("[FunctionalDependency:(s: {brewery_id}, t: {brewery_name})]", 0.0), operator: *, right: (1.0, 1.0), result: 0.0}
列 'p' 不存在，对列 brewery_name 不过滤，直接选择所有非无效值。
Block processing time: 0.007609 seconds
Computing Block 543 out of 560
Processing Block size=2
begin cleaner{left: ("[FunctionalDependency:(s: {brewery_id}, t: {brewery_name})]", 0.0), operator: *, right: (1.0, 1.0), result: 0.0}
列 'p' 不存在，对列 brewery_name 不过滤，直接选择所有非无效值。
Block processing time: 0.005282 seconds
Computing Block 544 out of 560
Processing Block size=7
begin cleaner{left: ("[FunctionalDependency:(s: {brewery_id}, t: {brewery_name})]", 0.0), operator: *, right: (1.0, 1.0), result: 0.0}
列 'p' 不存在，对列 brewery_name 不过滤，直接选择所有非无效值。
Block processing time: 0.016786 seconds
Computing Block 546 out of 560
Processing Block size=4
begin cleaner{left: ("[FunctionalDependency:(s: {brewery_id}, t: {brewery_name})]", 0.0), operator: *, right: (1.0, 1.0), result: 0.0}
列 'p' 不存在，对列 brewery_name 不过滤，直接选择所有非无效值。
Block processing time: 0.009966 seconds
Computing Block 548 out of 560
Processing Block size=4
begin cleaner{left: ("[FunctionalDependency:(s: {brewery_id}, t: {brewery_name})]", 0.0), operator: *, right: (1.0, 1.0), result: 0.0}
列 'p' 不存在，对列 brewery_name 不过滤，直接选择所有非无效值。
Block processing time: 0.009924 seconds
Computing Block 549 out of 560
Processing Block size=2
begin cleaner{left: ("[FunctionalDependency:(s: {brewery_id}, t: {brewery_name})]", 0.0), operator: *, right: (1.0, 1.0), result: 0.0}
列 'p' 不存在，对列 brewery_name 不过滤，直接选择所有非无效值。
Block processing time: 0.00527 seconds
Computing Block 550 out of 560
Processing Block size=3
begin cleaner{left: ("[FunctionalDependency:(s: {brewery_id}, t: {brewery_name})]", 0.0), operator: *, right: (1.0, 1.0), result: 0.0}
列 'p' 不存在，对列 brewery_name 不过滤，直接选择所有非无效值。
Block processing time: 0.007653 seconds
Computing Block 551 out of 560
Processing Block size=3
begin cleaner{left: ("[FunctionalDependency:(s: {brewery_id}, t: {brewery_name})]", 0.0), operator: *, right: (1.0, 1.0), result: 0.0}
列 'p' 不存在，对列 brewery_name 不过滤，直接选择所有非无效值。
Block processing time: 0.007577 seconds
Computing Block 552 out of 560
Processing Block size=6
begin cleaner{left: ("[FunctionalDependency:(s: {brewery_id}, t: {brewery_name})]", 0.0), operator: *, right: (1.0, 1.0), result: 0.0}
列 'p' 不存在，对列 brewery_name 不过滤，直接选择所有非无效值。
Block processing time: 0.014499 seconds
Computing Block 553 out of 560
Processing Block size=2
begin cleaner{left: ("[FunctionalDependency:(s: {brewery_id}, t: {brewery_name})]", 0.0), operator: *, right: (1.0, 1.0), result: 0.0}
列 'p' 不存在，对列 brewery_name 不过滤，直接选择所有非无效值。
Block processing time: 0.005299 seconds
Computing Block 554 out of 560
Processing Block size=8
begin cleaner{left: ("[FunctionalDependency:(s: {brewery_id}, t: {brewery_name})]", 0.0), operator: *, right: (1.0, 1.0), result: 0.0}
列 'p' 不存在，对列 brewery_name 不过滤，直接选择所有非无效值。
Block processing time: 0.019066 seconds
Computing Block 556 out of 560
Processing Block size=2
begin cleaner{left: ("[FunctionalDependency:(s: {brewery_id}, t: {brewery_name})]", 0.0), operator: *, right: (1.0, 1.0), result: 0.0}
列 'p' 不存在，对列 brewery_name 不过滤，直接选择所有非无效值。
Block processing time: 0.005211 seconds
Computing Block 557 out of 560
Processing Block size=4
begin cleaner{left: ("[FunctionalDependency:(s: {brewery_id}, t: {brewery_name})]", 0.0), operator: *, right: (1.0, 1.0), result: 0.0}
列 'p' 不存在，对列 brewery_name 不过滤，直接选择所有非无效值。
Block processing time: 0.00983 seconds
Computing Block 559 out of 560
Processing Block size=13
begin cleaner{left: ("[FunctionalDependency:(s: {brewery_id}, t: {brewery_name})]", 0.0), operator: *, right: (1.0, 1.0), result: 0.0}
列 'p' 不存在，对列 brewery_name 不过滤，直接选择所有非无效值。
Block processing time: 0.030634 seconds
Computing Block 560 out of 560
Processing Block size=7
begin cleaner{left: ("[FunctionalDependency:(s: {brewery_id}, t: {brewery_name})]", 0.0), operator: *, right: (1.0, 1.0), result: 0.0}
列 'p' 不存在，对列 brewery_name 不过滤，直接选择所有非无效值。
Block processing time: 0.016871 seconds
  当前节点: brewery_name 无清洗操作
  当前节点: city 存在可用清洗信号
数据块大小: 2410
分块属性:
[['brewery_id']]
Starting initial block mapping...
Initial number of blocks: 560
Final number of blocks after further splitting: 560
Computing Block 1 out of 560
Processing Block size=8
begin cleaner[FunctionalDependency:(s: {'brewery_id'}, t: {'city'})]*1.0
列 'p' 不存在，对列 city 不过滤，直接选择所有非无效值。
Block processing time: 0.023117 seconds
Computing Block 2 out of 560
Processing Block size=5
begin cleaner{left: ("[FunctionalDependency:(s: {brewery_id}, t: {city})]", 0.0), operator: *, right: (1.0, 1.0), result: 0.0}
列 'p' 不存在，对列 city 不过滤，直接选择所有非无效值。
Block processing time: 0.012162 seconds
Computing Block 3 out of 560
Processing Block size=19
begin cleaner{left: ("[FunctionalDependency:(s: {brewery_id}, t: {city})]", 0.0), operator: *, right: (1.0, 1.0), result: 0.0}
列 'p' 不存在，对列 city 不过滤，直接选择所有非无效值。
clean_bool length:3
newest best op: Uniop(df,'city','Chandler',(['brewery_id'], {('30',)}),{left: ("[FunctionalDependency:(s: {brewery_id}, t: {city})]", 0.0), operator: *, right: (1.0, 1.0), result: 0.0})
now error: 0.0
Block processing time: 0.141168 seconds
Computing Block 4 out of 560
Processing Block size=2
begin cleaner{left: ("[FunctionalDependency:(s: {brewery_id}, t: {city})]", 0.0), operator: *, right: (1.0, 1.0), result: 0.0}
列 'p' 不存在，对列 city 不过滤，直接选择所有非无效值。
Block processing time: 0.005277 seconds
Computing Block 5 out of 560
Processing Block size=4
begin cleaner{left: ("[FunctionalDependency:(s: {brewery_id}, t: {city})]", 0.0), operator: *, right: (1.0, 1.0), result: 0.0}
列 'p' 不存在，对列 city 不过滤，直接选择所有非无效值。
Block processing time: 0.009798 seconds
Computing Block 6 out of 560
Processing Block size=2
begin cleaner{left: ("[FunctionalDependency:(s: {brewery_id}, t: {city})]", 0.0), operator: *, right: (1.0, 1.0), result: 0.0}
列 'p' 不存在，对列 city 不过滤，直接选择所有非无效值。
Block processing time: 0.005139 seconds
Computing Block 7 out of 560
Processing Block size=4
begin cleaner{left: ("[FunctionalDependency:(s: {brewery_id}, t: {city})]", 0.0), operator: *, right: (1.0, 1.0), result: 0.0}
列 'p' 不存在，对列 city 不过滤，直接选择所有非无效值。
Block processing time: 0.009833 seconds
Computing Block 8 out of 560
Processing Block size=2
begin cleaner{left: ("[FunctionalDependency:(s: {brewery_id}, t: {city})]", 0.0), operator: *, right: (1.0, 1.0), result: 0.0}
列 'p' 不存在，对列 city 不过滤，直接选择所有非无效值。
Block processing time: 0.005227 seconds
Computing Block 11 out of 560
Processing Block size=6
begin cleaner{left: ("[FunctionalDependency:(s: {brewery_id}, t: {city})]", 0.0), operator: *, right: (1.0, 1.0), result: 0.0}
列 'p' 不存在，对列 city 不过滤，直接选择所有非无效值。
Block processing time: 0.014346 seconds
Computing Block 12 out of 560
Processing Block size=3
begin cleaner{left: ("[FunctionalDependency:(s: {brewery_id}, t: {city})]", 0.0), operator: *, right: (1.0, 1.0), result: 0.0}
列 'p' 不存在，对列 city 不过滤，直接选择所有非无效值。
Block processing time: 0.007533 seconds
Computing Block 15 out of 560
Processing Block size=5
begin cleaner{left: ("[FunctionalDependency:(s: {brewery_id}, t: {city})]", 0.0), operator: *, right: (1.0, 1.0), result: 0.0}
列 'p' 不存在，对列 city 不过滤，直接选择所有非无效值。
clean_bool length:3
newest best op: Uniop(df,'city','Boulder',(['brewery_id'], {('405',)}),{left: ("[FunctionalDependency:(s: {brewery_id}, t: {city})]", 0.0), operator: *, right: (1.0, 1.0), result: 0.0})
now error: 0.0
Block processing time: 0.040404 seconds
Computing Block 17 out of 560
Processing Block size=2
begin cleaner{left: ("[FunctionalDependency:(s: {brewery_id}, t: {city})]", 0.0), operator: *, right: (1.0, 1.0), result: 0.0}
列 'p' 不存在，对列 city 不过滤，直接选择所有非无效值。
Block processing time: 0.005268 seconds
Computing Block 18 out of 560
Processing Block size=3
begin cleaner{left: ("[FunctionalDependency:(s: {brewery_id}, t: {city})]", 0.0), operator: *, right: (1.0, 1.0), result: 0.0}
列 'p' 不存在，对列 city 不过滤，直接选择所有非无效值。
Block processing time: 0.00744 seconds
Computing Block 19 out of 560
Processing Block size=3
begin cleaner{left: ("[FunctionalDependency:(s: {brewery_id}, t: {city})]", 0.0), operator: *, right: (1.0, 1.0), result: 0.0}
列 'p' 不存在，对列 city 不过滤，直接选择所有非无效值。
Block processing time: 0.007622 seconds
Computing Block 21 out of 560
Processing Block size=5
begin cleaner{left: ("[FunctionalDependency:(s: {brewery_id}, t: {city})]", 0.0), operator: *, right: (1.0, 1.0), result: 0.0}
列 'p' 不存在，对列 city 不过滤，直接选择所有非无效值。
Block processing time: 0.012078 seconds
Computing Block 24 out of 560
Processing Block size=17
begin cleaner{left: ("[FunctionalDependency:(s: {brewery_id}, t: {city})]", 0.0), operator: *, right: (1.0, 1.0), result: 0.0}
列 'p' 不存在，对列 city 不过滤，直接选择所有非无效值。
Block processing time: 0.039307 seconds
Computing Block 25 out of 560
Processing Block size=7
begin cleaner{left: ("[FunctionalDependency:(s: {brewery_id}, t: {city})]", 0.0), operator: *, right: (1.0, 1.0), result: 0.0}
列 'p' 不存在，对列 city 不过滤，直接选择所有非无效值。
clean_bool length:3
newest best op: Uniop(df,'city','Dillon CO',(['brewery_id'], {('135',)}),{left: ("[FunctionalDependency:(s: {brewery_id}, t: {city})]", 0.0), operator: *, right: (1.0, 1.0), result: 0.0})
now error: 0.0
newest best op: Uniop(df,'city','Dillon',(['brewery_id'], {('135',)}),{left: ("[FunctionalDependency:(s: {brewery_id}, t: {city})]", 0.0), operator: *, right: (1.0, 1.0), result: 0.0})
now error: 0.0
Block processing time: 0.054062 seconds
Computing Block 26 out of 560
Processing Block size=5
begin cleaner{left: ("[FunctionalDependency:(s: {brewery_id}, t: {city})]", 0.0), operator: *, right: (1.0, 1.0), result: 0.0}
列 'p' 不存在，对列 city 不过滤，直接选择所有非无效值。
Block processing time: 0.012207 seconds
Computing Block 27 out of 560
Processing Block size=3
begin cleaner{left: ("[FunctionalDependency:(s: {brewery_id}, t: {city})]", 0.0), operator: *, right: (1.0, 1.0), result: 0.0}
列 'p' 不存在，对列 city 不过滤，直接选择所有非无效值。
clean_bool length:3
newest best op: Uniop(df,'city','St. Paul',(['brewery_id'], {('58',)}),{left: ("[FunctionalDependency:(s: {brewery_id}, t: {city})]", 0.0), operator: *, right: (1.0, 1.0), result: 0.0})
now error: 0.0
Block processing time: 0.025171 seconds
Computing Block 28 out of 560
Processing Block size=8
begin cleaner{left: ("[FunctionalDependency:(s: {brewery_id}, t: {city})]", 0.0), operator: *, right: (1.0, 1.0), result: 0.0}
列 'p' 不存在，对列 city 不过滤，直接选择所有非无效值。
clean_bool length:3
newest best op: Uniop(df,'city','Chicago',(['brewery_id'], {('65',)}),{left: ("[FunctionalDependency:(s: {brewery_id}, t: {city})]", 0.0), operator: *, right: (1.0, 1.0), result: 0.0})
now error: 0.0
Block processing time: 0.060519 seconds
Computing Block 30 out of 560
Processing Block size=2
begin cleaner{left: ("[FunctionalDependency:(s: {brewery_id}, t: {city})]", 0.0), operator: *, right: (1.0, 1.0), result: 0.0}
列 'p' 不存在，对列 city 不过滤，直接选择所有非无效值。
Block processing time: 0.005239 seconds
Computing Block 31 out of 560
Processing Block size=62
begin cleaner{left: ("[FunctionalDependency:(s: {brewery_id}, t: {city})]", 0.0), operator: *, right: (1.0, 1.0), result: 0.0}
列 'p' 不存在，对列 city 不过滤，直接选择所有非无效值。
clean_bool length:3
newest best op: Uniop(df,'city','Grand Rapids',(['brewery_id'], {('10',)}),{left: ("[FunctionalDependency:(s: {brewery_id}, t: {city})]", 0.0), operator: *, right: (1.0, 1.0), result: 0.0})
now error: 0.0
Block processing time: 0.454808 seconds
Computing Block 32 out of 560
Processing Block size=6
begin cleaner{left: ("[FunctionalDependency:(s: {brewery_id}, t: {city})]", 0.0), operator: *, right: (1.0, 1.0), result: 0.0}
列 'p' 不存在，对列 city 不过滤，直接选择所有非无效值。
clean_bool length:3
newest best op: Uniop(df,'city','Brooklyn',(['brewery_id'], {('437',)}),{left: ("[FunctionalDependency:(s: {brewery_id}, t: {city})]", 0.0), operator: *, right: (1.0, 1.0), result: 0.0})
now error: 0.0
Block processing time: 0.047101 seconds
Computing Block 33 out of 560
Processing Block size=4
begin cleaner{left: ("[FunctionalDependency:(s: {brewery_id}, t: {city})]", 0.0), operator: *, right: (1.0, 1.0), result: 0.0}
列 'p' 不存在，对列 city 不过滤，直接选择所有非无效值。
Block processing time: 0.009846 seconds
Computing Block 34 out of 560
Processing Block size=6
begin cleaner{left: ("[FunctionalDependency:(s: {brewery_id}, t: {city})]", 0.0), operator: *, right: (1.0, 1.0), result: 0.0}
列 'p' 不存在，对列 city 不过滤，直接选择所有非无效值。
Block processing time: 0.014412 seconds
Computing Block 35 out of 560
Processing Block size=3
begin cleaner{left: ("[FunctionalDependency:(s: {brewery_id}, t: {city})]", 0.0), operator: *, right: (1.0, 1.0), result: 0.0}
列 'p' 不存在，对列 city 不过滤，直接选择所有非无效值。
Block processing time: 0.007481 seconds
Computing Block 36 out of 560
Processing Block size=2
begin cleaner{left: ("[FunctionalDependency:(s: {brewery_id}, t: {city})]", 0.0), operator: *, right: (1.0, 1.0), result: 0.0}
列 'p' 不存在，对列 city 不过滤，直接选择所有非无效值。
Block processing time: 0.005187 seconds
Computing Block 37 out of 560
Processing Block size=11
begin cleaner{left: ("[FunctionalDependency:(s: {brewery_id}, t: {city})]", 0.0), operator: *, right: (1.0, 1.0), result: 0.0}
列 'p' 不存在，对列 city 不过滤，直接选择所有非无效值。
Block processing time: 0.025747 seconds
Computing Block 38 out of 560
Processing Block size=3
begin cleaner{left: ("[FunctionalDependency:(s: {brewery_id}, t: {city})]", 0.0), operator: *, right: (1.0, 1.0), result: 0.0}
列 'p' 不存在，对列 city 不过滤，直接选择所有非无效值。
Block processing time: 0.007536 seconds
Computing Block 39 out of 560
Processing Block size=3
begin cleaner{left: ("[FunctionalDependency:(s: {brewery_id}, t: {city})]", 0.0), operator: *, right: (1.0, 1.0), result: 0.0}
列 'p' 不存在，对列 city 不过滤，直接选择所有非无效值。
Block processing time: 0.007539 seconds
Computing Block 40 out of 560
Processing Block size=3
begin cleaner{left: ("[FunctionalDependency:(s: {brewery_id}, t: {city})]", 0.0), operator: *, right: (1.0, 1.0), result: 0.0}
列 'p' 不存在，对列 city 不过滤，直接选择所有非无效值。
Block processing time: 0.007582 seconds
Computing Block 43 out of 560
Processing Block size=12
begin cleaner{left: ("[FunctionalDependency:(s: {brewery_id}, t: {city})]", 0.0), operator: *, right: (1.0, 1.0), result: 0.0}
列 'p' 不存在，对列 city 不过滤，直接选择所有非无效值。
Block processing time: 0.028163 seconds
Computing Block 44 out of 560
Processing Block size=5
begin cleaner{left: ("[FunctionalDependency:(s: {brewery_id}, t: {city})]", 0.0), operator: *, right: (1.0, 1.0), result: 0.0}
列 'p' 不存在，对列 city 不过滤，直接选择所有非无效值。
Block processing time: 0.012165 seconds
Computing Block 46 out of 560
Processing Block size=8
begin cleaner{left: ("[FunctionalDependency:(s: {brewery_id}, t: {city})]", 0.0), operator: *, right: (1.0, 1.0), result: 0.0}
列 'p' 不存在，对列 city 不过滤，直接选择所有非无效值。
Block processing time: 0.018998 seconds
Computing Block 47 out of 560
Processing Block size=9
begin cleaner{left: ("[FunctionalDependency:(s: {brewery_id}, t: {city})]", 0.0), operator: *, right: (1.0, 1.0), result: 0.0}
列 'p' 不存在，对列 city 不过滤，直接选择所有非无效值。
clean_bool length:3
newest best op: Uniop(df,'city','Cincinnati',(['brewery_id'], {('91',)}),{left: ("[FunctionalDependency:(s: {brewery_id}, t: {city})]", 0.0), operator: *, right: (1.0, 1.0), result: 0.0})
now error: 0.0
Block processing time: 0.069439 seconds
Computing Block 48 out of 560
Processing Block size=2
begin cleaner{left: ("[FunctionalDependency:(s: {brewery_id}, t: {city})]", 0.0), operator: *, right: (1.0, 1.0), result: 0.0}
列 'p' 不存在，对列 city 不过滤，直接选择所有非无效值。
Block processing time: 0.005284 seconds
Computing Block 50 out of 560
Processing Block size=3
begin cleaner{left: ("[FunctionalDependency:(s: {brewery_id}, t: {city})]", 0.0), operator: *, right: (1.0, 1.0), result: 0.0}
列 'p' 不存在，对列 city 不过滤，直接选择所有非无效值。
Block processing time: 0.007498 seconds
Computing Block 51 out of 560
Processing Block size=4
begin cleaner{left: ("[FunctionalDependency:(s: {brewery_id}, t: {city})]", 0.0), operator: *, right: (1.0, 1.0), result: 0.0}
列 'p' 不存在，对列 city 不过滤，直接选择所有非无效值。
clean_bool length:3
newest best op: Uniop(df,'city','Springdale',(['brewery_id'], {('139',)}),{left: ("[FunctionalDependency:(s: {brewery_id}, t: {city})]", 0.0), operator: *, right: (1.0, 1.0), result: 0.0})
now error: 0.0
Block processing time: 0.03234 seconds
Computing Block 53 out of 560
Processing Block size=3
begin cleaner{left: ("[FunctionalDependency:(s: {brewery_id}, t: {city})]", 0.0), operator: *, right: (1.0, 1.0), result: 0.0}
列 'p' 不存在，对列 city 不过滤，直接选择所有非无效值。
Block processing time: 0.007882 seconds
Computing Block 54 out of 560
Processing Block size=2
begin cleaner{left: ("[FunctionalDependency:(s: {brewery_id}, t: {city})]", 0.0), operator: *, right: (1.0, 1.0), result: 0.0}
列 'p' 不存在，对列 city 不过滤，直接选择所有非无效值。
Block processing time: 0.00581 seconds
Computing Block 56 out of 560
Processing Block size=11
begin cleaner{left: ("[FunctionalDependency:(s: {brewery_id}, t: {city})]", 0.0), operator: *, right: (1.0, 1.0), result: 0.0}
列 'p' 不存在，对列 city 不过滤，直接选择所有非无效值。
Block processing time: 0.026002 seconds
Computing Block 57 out of 560
Processing Block size=3
begin cleaner{left: ("[FunctionalDependency:(s: {brewery_id}, t: {city})]", 0.0), operator: *, right: (1.0, 1.0), result: 0.0}
列 'p' 不存在，对列 city 不过滤，直接选择所有非无效值。
clean_bool length:3
newest best op: Uniop(df,'city','Evanston IL',(['brewery_id'], {('210',)}),{left: ("[FunctionalDependency:(s: {brewery_id}, t: {city})]", 0.0), operator: *, right: (1.0, 1.0), result: 0.0})
now error: 0.0
newest best op: Uniop(df,'city','Evanston',(['brewery_id'], {('210',)}),{left: ("[FunctionalDependency:(s: {brewery_id}, t: {city})]", 0.0), operator: *, right: (1.0, 1.0), result: 0.0})
now error: 0.0
Block processing time: 0.025176 seconds
Computing Block 58 out of 560
Processing Block size=24
begin cleaner{left: ("[FunctionalDependency:(s: {brewery_id}, t: {city})]", 0.0), operator: *, right: (1.0, 1.0), result: 0.0}
列 'p' 不存在，对列 city 不过滤，直接选择所有非无效值。
clean_bool length:3
newest best op: Uniop(df,'city','Brooklyn',(['brewery_id'], {('46',)}),{left: ("[FunctionalDependency:(s: {brewery_id}, t: {city})]", 0.0), operator: *, right: (1.0, 1.0), result: 0.0})
now error: 0.0
Block processing time: 0.176448 seconds
Computing Block 59 out of 560
Processing Block size=2
begin cleaner{left: ("[FunctionalDependency:(s: {brewery_id}, t: {city})]", 0.0), operator: *, right: (1.0, 1.0), result: 0.0}
列 'p' 不存在，对列 city 不过滤，直接选择所有非无效值。
Block processing time: 0.005368 seconds
Computing Block 61 out of 560
Processing Block size=4
begin cleaner{left: ("[FunctionalDependency:(s: {brewery_id}, t: {city})]", 0.0), operator: *, right: (1.0, 1.0), result: 0.0}
列 'p' 不存在，对列 city 不过滤，直接选择所有非无效值。
clean_bool length:3
newest best op: Uniop(df,'city','San Luis Obispo',(['brewery_id'], {('350',)}),{left: ("[FunctionalDependency:(s: {brewery_id}, t: {city})]", 0.0), operator: *, right: (1.0, 1.0), result: 0.0})
now error: 0.0
Block processing time: 0.032918 seconds
Computing Block 62 out of 560
Processing Block size=9
begin cleaner{left: ("[FunctionalDependency:(s: {brewery_id}, t: {city})]", 0.0), operator: *, right: (1.0, 1.0), result: 0.0}
列 'p' 不存在，对列 city 不过滤，直接选择所有非无效值。
Block processing time: 0.021356 seconds
Computing Block 63 out of 560
Processing Block size=13
begin cleaner{left: ("[FunctionalDependency:(s: {brewery_id}, t: {city})]", 0.0), operator: *, right: (1.0, 1.0), result: 0.0}
列 'p' 不存在，对列 city 不过滤，直接选择所有非无效值。
clean_bool length:3
newest best op: Uniop(df,'city','Brooklyn Center MN',(['brewery_id'], {('61',)}),{left: ("[FunctionalDependency:(s: {brewery_id}, t: {city})]", 0.0), operator: *, right: (1.0, 1.0), result: 0.0})
now error: 0.0
newest best op: Uniop(df,'city','Brooklyn Center',(['brewery_id'], {('61',)}),{left: ("[FunctionalDependency:(s: {brewery_id}, t: {city})]", 0.0), operator: *, right: (1.0, 1.0), result: 0.0})
now error: 0.0
Block processing time: 0.097251 seconds
Computing Block 64 out of 560
Processing Block size=2
begin cleaner{left: ("[FunctionalDependency:(s: {brewery_id}, t: {city})]", 0.0), operator: *, right: (1.0, 1.0), result: 0.0}
列 'p' 不存在，对列 city 不过滤，直接选择所有非无效值。
clean_bool length:3
newest best op: Uniop(df,'city','Tampa Bay',(['brewery_id'], {('467',)}),{left: ("[FunctionalDependency:(s: {brewery_id}, t: {city})]", 0.0), operator: *, right: (1.0, 1.0), result: 0.0})
now error: 0.0
Block processing time: 0.018129 seconds
Computing Block 66 out of 560
Processing Block size=7
begin cleaner{left: ("[FunctionalDependency:(s: {brewery_id}, t: {city})]", 0.0), operator: *, right: (1.0, 1.0), result: 0.0}
列 'p' 不存在，对列 city 不过滤，直接选择所有非无效值。
Block processing time: 0.016837 seconds
Computing Block 67 out of 560
Processing Block size=10
begin cleaner{left: ("[FunctionalDependency:(s: {brewery_id}, t: {city})]", 0.0), operator: *, right: (1.0, 1.0), result: 0.0}
列 'p' 不存在，对列 city 不过滤，直接选择所有非无效值。
Block processing time: 0.023483 seconds
Computing Block 68 out of 560
Processing Block size=2
begin cleaner{left: ("[FunctionalDependency:(s: {brewery_id}, t: {city})]", 0.0), operator: *, right: (1.0, 1.0), result: 0.0}
列 'p' 不存在，对列 city 不过滤，直接选择所有非无效值。
Block processing time: 0.00521 seconds
Computing Block 70 out of 560
Processing Block size=2
begin cleaner{left: ("[FunctionalDependency:(s: {brewery_id}, t: {city})]", 0.0), operator: *, right: (1.0, 1.0), result: 0.0}
列 'p' 不存在，对列 city 不过滤，直接选择所有非无效值。
Block processing time: 0.005325 seconds
Computing Block 71 out of 560
Processing Block size=2
begin cleaner{left: ("[FunctionalDependency:(s: {brewery_id}, t: {city})]", 0.0), operator: *, right: (1.0, 1.0), result: 0.0}
列 'p' 不存在，对列 city 不过滤，直接选择所有非无效值。
clean_bool length:3
newest best op: Uniop(df,'city','Idaho Springs',(['brewery_id'], {('291',)}),{left: ("[FunctionalDependency:(s: {brewery_id}, t: {city})]", 0.0), operator: *, right: (1.0, 1.0), result: 0.0})
now error: 0.0
Block processing time: 0.019271 seconds
Computing Block 72 out of 560
Processing Block size=4
begin cleaner{left: ("[FunctionalDependency:(s: {brewery_id}, t: {city})]", 0.0), operator: *, right: (1.0, 1.0), result: 0.0}
列 'p' 不存在，对列 city 不过滤，直接选择所有非无效值。
Block processing time: 0.009895 seconds
Computing Block 74 out of 560
Processing Block size=7
begin cleaner{left: ("[FunctionalDependency:(s: {brewery_id}, t: {city})]", 0.0), operator: *, right: (1.0, 1.0), result: 0.0}
列 'p' 不存在，对列 city 不过滤，直接选择所有非无效值。
Block processing time: 0.016726 seconds
Computing Block 76 out of 560
Processing Block size=2
begin cleaner{left: ("[FunctionalDependency:(s: {brewery_id}, t: {city})]", 0.0), operator: *, right: (1.0, 1.0), result: 0.0}
列 'p' 不存在，对列 city 不过滤，直接选择所有非无效值。
Block processing time: 0.005225 seconds
Computing Block 77 out of 560
Processing Block size=9
begin cleaner{left: ("[FunctionalDependency:(s: {brewery_id}, t: {city})]", 0.0), operator: *, right: (1.0, 1.0), result: 0.0}
列 'p' 不存在，对列 city 不过滤，直接选择所有非无效值。
clean_bool length:3
newest best op: Uniop(df,'city','Chico CA',(['brewery_id'], {('83',)}),{left: ("[FunctionalDependency:(s: {brewery_id}, t: {city})]", 0.0), operator: *, right: (1.0, 1.0), result: 0.0})
now error: 0.0
newest best op: Uniop(df,'city','Chico',(['brewery_id'], {('83',)}),{left: ("[FunctionalDependency:(s: {brewery_id}, t: {city})]", 0.0), operator: *, right: (1.0, 1.0), result: 0.0})
now error: 0.0
Block processing time: 0.067242 seconds
Computing Block 78 out of 560
Processing Block size=6
begin cleaner{left: ("[FunctionalDependency:(s: {brewery_id}, t: {city})]", 0.0), operator: *, right: (1.0, 1.0), result: 0.0}
列 'p' 不存在，对列 city 不过滤，直接选择所有非无效值。
clean_bool length:3
newest best op: Uniop(df,'city','Waterbury VT',(['brewery_id'], {('272',)}),{left: ("[FunctionalDependency:(s: {brewery_id}, t: {city})]", 0.0), operator: *, right: (1.0, 1.0), result: 0.0})
now error: 0.0
newest best op: Uniop(df,'city','Waterbury',(['brewery_id'], {('272',)}),{left: ("[FunctionalDependency:(s: {brewery_id}, t: {city})]", 0.0), operator: *, right: (1.0, 1.0), result: 0.0})
now error: 0.0
Block processing time: 0.046477 seconds
Computing Block 79 out of 560
Processing Block size=3
begin cleaner{left: ("[FunctionalDependency:(s: {brewery_id}, t: {city})]", 0.0), operator: *, right: (1.0, 1.0), result: 0.0}
列 'p' 不存在，对列 city 不过滤，直接选择所有非无效值。
clean_bool length:3
newest best op: Uniop(df,'city','Houston',(['brewery_id'], {('214',)}),{left: ("[FunctionalDependency:(s: {brewery_id}, t: {city})]", 0.0), operator: *, right: (1.0, 1.0), result: 0.0})
now error: 0.0
Block processing time: 0.025148 seconds
Computing Block 81 out of 560
Processing Block size=4
begin cleaner{left: ("[FunctionalDependency:(s: {brewery_id}, t: {city})]", 0.0), operator: *, right: (1.0, 1.0), result: 0.0}
列 'p' 不存在，对列 city 不过滤，直接选择所有非无效值。
Block processing time: 0.0099 seconds
Computing Block 82 out of 560
Processing Block size=2
begin cleaner{left: ("[FunctionalDependency:(s: {brewery_id}, t: {city})]", 0.0), operator: *, right: (1.0, 1.0), result: 0.0}
列 'p' 不存在，对列 city 不过滤，直接选择所有非无效值。
Block processing time: 0.00525 seconds
Computing Block 83 out of 560
Processing Block size=17
begin cleaner{left: ("[FunctionalDependency:(s: {brewery_id}, t: {city})]", 0.0), operator: *, right: (1.0, 1.0), result: 0.0}
列 'p' 不存在，对列 city 不过滤，直接选择所有非无效值。
clean_bool length:3
newest best op: Uniop(df,'city','Boise ID',(['brewery_id'], {('309',)}),{left: ("[FunctionalDependency:(s: {brewery_id}, t: {city})]", 0.0), operator: *, right: (1.0, 1.0), result: 0.0})
now error: 0.0
newest best op: Uniop(df,'city','Boise',(['brewery_id'], {('309',)}),{left: ("[FunctionalDependency:(s: {brewery_id}, t: {city})]", 0.0), operator: *, right: (1.0, 1.0), result: 0.0})
now error: 0.0
Block processing time: 0.126161 seconds
Computing Block 84 out of 560
Processing Block size=3
begin cleaner{left: ("[FunctionalDependency:(s: {brewery_id}, t: {city})]", 0.0), operator: *, right: (1.0, 1.0), result: 0.0}
列 'p' 不存在，对列 city 不过滤，直接选择所有非无效值。
Block processing time: 0.007716 seconds
Computing Block 87 out of 560
Processing Block size=2
begin cleaner{left: ("[FunctionalDependency:(s: {brewery_id}, t: {city})]", 0.0), operator: *, right: (1.0, 1.0), result: 0.0}
列 'p' 不存在，对列 city 不过滤，直接选择所有非无效值。
Block processing time: 0.005232 seconds
Computing Block 88 out of 560
Processing Block size=2
begin cleaner{left: ("[FunctionalDependency:(s: {brewery_id}, t: {city})]", 0.0), operator: *, right: (1.0, 1.0), result: 0.0}
列 'p' 不存在，对列 city 不过滤，直接选择所有非无效值。
Block processing time: 0.005234 seconds
Computing Block 89 out of 560
Processing Block size=4
begin cleaner{left: ("[FunctionalDependency:(s: {brewery_id}, t: {city})]", 0.0), operator: *, right: (1.0, 1.0), result: 0.0}
列 'p' 不存在，对列 city 不过滤，直接选择所有非无效值。
clean_bool length:3
newest best op: Uniop(df,'city','Soldotna AK',(['brewery_id'], {('458',)}),{left: ("[FunctionalDependency:(s: {brewery_id}, t: {city})]", 0.0), operator: *, right: (1.0, 1.0), result: 0.0})
now error: 0.0
newest best op: Uniop(df,'city','Soldotna',(['brewery_id'], {('458',)}),{left: ("[FunctionalDependency:(s: {brewery_id}, t: {city})]", 0.0), operator: *, right: (1.0, 1.0), result: 0.0})
now error: 0.0
Block processing time: 0.033067 seconds
Computing Block 90 out of 560
Processing Block size=7
begin cleaner{left: ("[FunctionalDependency:(s: {brewery_id}, t: {city})]", 0.0), operator: *, right: (1.0, 1.0), result: 0.0}
列 'p' 不存在，对列 city 不过滤，直接选择所有非无效值。
Block processing time: 0.01679 seconds
Computing Block 91 out of 560
Processing Block size=4
begin cleaner{left: ("[FunctionalDependency:(s: {brewery_id}, t: {city})]", 0.0), operator: *, right: (1.0, 1.0), result: 0.0}
列 'p' 不存在，对列 city 不过滤，直接选择所有非无效值。
Block processing time: 0.01109 seconds
Computing Block 92 out of 560
Processing Block size=6
begin cleaner{left: ("[FunctionalDependency:(s: {brewery_id}, t: {city})]", 0.0), operator: *, right: (1.0, 1.0), result: 0.0}
列 'p' 不存在，对列 city 不过滤，直接选择所有非无效值。
clean_bool length:3
newest best op: Uniop(df,'city','Duluth MN',(['brewery_id'], {('75',)}),{left: ("[FunctionalDependency:(s: {brewery_id}, t: {city})]", 0.0), operator: *, right: (1.0, 1.0), result: 0.0})
now error: 0.0
newest best op: Uniop(df,'city','Duluth',(['brewery_id'], {('75',)}),{left: ("[FunctionalDependency:(s: {brewery_id}, t: {city})]", 0.0), operator: *, right: (1.0, 1.0), result: 0.0})
now error: 0.0
Block processing time: 0.046781 seconds
Computing Block 93 out of 560
Processing Block size=18
begin cleaner{left: ("[FunctionalDependency:(s: {brewery_id}, t: {city})]", 0.0), operator: *, right: (1.0, 1.0), result: 0.0}
列 'p' 不存在，对列 city 不过滤，直接选择所有非无效值。
clean_bool length:3
newest best op: Uniop(df,'city','Boulder',(['brewery_id'], {('51',)}),{left: ("[FunctionalDependency:(s: {brewery_id}, t: {city})]", 0.0), operator: *, right: (1.0, 1.0), result: 0.0})
now error: 0.0
Block processing time: 0.133568 seconds
Computing Block 94 out of 560
Processing Block size=6
begin cleaner{left: ("[FunctionalDependency:(s: {brewery_id}, t: {city})]", 0.0), operator: *, right: (1.0, 1.0), result: 0.0}
列 'p' 不存在，对列 city 不过滤，直接选择所有非无效值。
clean_bool length:3
newest best op: Uniop(df,'city','Meadville PA',(['brewery_id'], {('322',)}),{left: ("[FunctionalDependency:(s: {brewery_id}, t: {city})]", 0.0), operator: *, right: (1.0, 1.0), result: 0.0})
now error: 0.0
newest best op: Uniop(df,'city','Meadville',(['brewery_id'], {('322',)}),{left: ("[FunctionalDependency:(s: {brewery_id}, t: {city})]", 0.0), operator: *, right: (1.0, 1.0), result: 0.0})
now error: 0.0
Block processing time: 0.046796 seconds
Computing Block 95 out of 560
Processing Block size=4
begin cleaner{left: ("[FunctionalDependency:(s: {brewery_id}, t: {city})]", 0.0), operator: *, right: (1.0, 1.0), result: 0.0}
列 'p' 不存在，对列 city 不过滤，直接选择所有非无效值。
Block processing time: 0.00999 seconds
Computing Block 96 out of 560
Processing Block size=2
begin cleaner{left: ("[FunctionalDependency:(s: {brewery_id}, t: {city})]", 0.0), operator: *, right: (1.0, 1.0), result: 0.0}
列 'p' 不存在，对列 city 不过滤，直接选择所有非无效值。
Block processing time: 0.005271 seconds
Computing Block 97 out of 560
Processing Block size=3
begin cleaner{left: ("[FunctionalDependency:(s: {brewery_id}, t: {city})]", 0.0), operator: *, right: (1.0, 1.0), result: 0.0}
列 'p' 不存在，对列 city 不过滤，直接选择所有非无效值。
clean_bool length:3
newest best op: Uniop(df,'city','Frankenmuth',(['brewery_id'], {('253',)}),{left: ("[FunctionalDependency:(s: {brewery_id}, t: {city})]", 0.0), operator: *, right: (1.0, 1.0), result: 0.0})
now error: 0.0
Block processing time: 0.025539 seconds
Computing Block 98 out of 560
Processing Block size=2
begin cleaner{left: ("[FunctionalDependency:(s: {brewery_id}, t: {city})]", 0.0), operator: *, right: (1.0, 1.0), result: 0.0}
列 'p' 不存在，对列 city 不过滤，直接选择所有非无效值。
Block processing time: 0.005315 seconds
Computing Block 99 out of 560
Processing Block size=3
begin cleaner{left: ("[FunctionalDependency:(s: {brewery_id}, t: {city})]", 0.0), operator: *, right: (1.0, 1.0), result: 0.0}
列 'p' 不存在，对列 city 不过滤，直接选择所有非无效值。
Block processing time: 0.007492 seconds
Computing Block 102 out of 560
Processing Block size=3
begin cleaner{left: ("[FunctionalDependency:(s: {brewery_id}, t: {city})]", 0.0), operator: *, right: (1.0, 1.0), result: 0.0}
列 'p' 不存在，对列 city 不过滤，直接选择所有非无效值。
Block processing time: 0.007588 seconds
Computing Block 103 out of 560
Processing Block size=6
begin cleaner{left: ("[FunctionalDependency:(s: {brewery_id}, t: {city})]", 0.0), operator: *, right: (1.0, 1.0), result: 0.0}
列 'p' 不存在，对列 city 不过滤，直接选择所有非无效值。
Block processing time: 0.014466 seconds
Computing Block 104 out of 560
Processing Block size=5
begin cleaner{left: ("[FunctionalDependency:(s: {brewery_id}, t: {city})]", 0.0), operator: *, right: (1.0, 1.0), result: 0.0}
列 'p' 不存在，对列 city 不过滤，直接选择所有非无效值。
Block processing time: 0.012052 seconds
Computing Block 105 out of 560
Processing Block size=2
begin cleaner{left: ("[FunctionalDependency:(s: {brewery_id}, t: {city})]", 0.0), operator: *, right: (1.0, 1.0), result: 0.0}
列 'p' 不存在，对列 city 不过滤，直接选择所有非无效值。
Block processing time: 0.005222 seconds
Computing Block 106 out of 560
Processing Block size=20
begin cleaner{left: ("[FunctionalDependency:(s: {brewery_id}, t: {city})]", 0.0), operator: *, right: (1.0, 1.0), result: 0.0}
列 'p' 不存在，对列 city 不过滤，直接选择所有非无效值。
clean_bool length:3
newest best op: Uniop(df,'city','Aurora',(['brewery_id'], {('165',)}),{left: ("[FunctionalDependency:(s: {brewery_id}, t: {city})]", 0.0), operator: *, right: (1.0, 1.0), result: 0.0})
now error: 0.0
Block processing time: 0.147958 seconds
Computing Block 107 out of 560
Processing Block size=8
begin cleaner{left: ("[FunctionalDependency:(s: {brewery_id}, t: {city})]", 0.0), operator: *, right: (1.0, 1.0), result: 0.0}
列 'p' 不存在，对列 city 不过滤，直接选择所有非无效值。
Block processing time: 0.021053 seconds
Computing Block 108 out of 560
Processing Block size=2
begin cleaner{left: ("[FunctionalDependency:(s: {brewery_id}, t: {city})]", 0.0), operator: *, right: (1.0, 1.0), result: 0.0}
列 'p' 不存在，对列 city 不过滤，直接选择所有非无效值。
Block processing time: 0.005237 seconds
Computing Block 109 out of 560
Processing Block size=5
begin cleaner{left: ("[FunctionalDependency:(s: {brewery_id}, t: {city})]", 0.0), operator: *, right: (1.0, 1.0), result: 0.0}
列 'p' 不存在，对列 city 不过滤，直接选择所有非无效值。
clean_bool length:3
newest best op: Uniop(df,'city','Paso Robles',(['brewery_id'], {('48',)}),{left: ("[FunctionalDependency:(s: {brewery_id}, t: {city})]", 0.0), operator: *, right: (1.0, 1.0), result: 0.0})
now error: 0.0
Block processing time: 0.040045 seconds
Computing Block 110 out of 560
Processing Block size=4
begin cleaner{left: ("[FunctionalDependency:(s: {brewery_id}, t: {city})]", 0.0), operator: *, right: (1.0, 1.0), result: 0.0}
列 'p' 不存在，对列 city 不过滤，直接选择所有非无效值。
Block processing time: 0.009896 seconds
Computing Block 112 out of 560
Processing Block size=6
begin cleaner{left: ("[FunctionalDependency:(s: {brewery_id}, t: {city})]", 0.0), operator: *, right: (1.0, 1.0), result: 0.0}
列 'p' 不存在，对列 city 不过滤，直接选择所有非无效值。
clean_bool length:3
newest best op: Uniop(df,'city','Oklahoma City OK',(['brewery_id'], {('182',)}),{left: ("[FunctionalDependency:(s: {brewery_id}, t: {city})]", 0.0), operator: *, right: (1.0, 1.0), result: 0.0})
now error: 0.0
newest best op: Uniop(df,'city','Oklahoma City',(['brewery_id'], {('182',)}),{left: ("[FunctionalDependency:(s: {brewery_id}, t: {city})]", 0.0), operator: *, right: (1.0, 1.0), result: 0.0})
now error: 0.0
Block processing time: 0.047446 seconds
Computing Block 113 out of 560
Processing Block size=2
begin cleaner{left: ("[FunctionalDependency:(s: {brewery_id}, t: {city})]", 0.0), operator: *, right: (1.0, 1.0), result: 0.0}
列 'p' 不存在，对列 city 不过滤，直接选择所有非无效值。
Block processing time: 0.005288 seconds
Computing Block 114 out of 560
Processing Block size=4
begin cleaner{left: ("[FunctionalDependency:(s: {brewery_id}, t: {city})]", 0.0), operator: *, right: (1.0, 1.0), result: 0.0}
列 'p' 不存在，对列 city 不过滤，直接选择所有非无效值。
Block processing time: 0.009699 seconds
Computing Block 115 out of 560
Processing Block size=2
begin cleaner{left: ("[FunctionalDependency:(s: {brewery_id}, t: {city})]", 0.0), operator: *, right: (1.0, 1.0), result: 0.0}
列 'p' 不存在，对列 city 不过滤，直接选择所有非无效值。
Block processing time: 0.005523 seconds
Computing Block 116 out of 560
Processing Block size=2
begin cleaner{left: ("[FunctionalDependency:(s: {brewery_id}, t: {city})]", 0.0), operator: *, right: (1.0, 1.0), result: 0.0}
列 'p' 不存在，对列 city 不过滤，直接选择所有非无效值。
clean_bool length:3
newest best op: Uniop(df,'city','Albuquerque NM',(['brewery_id'], {('332',)}),{left: ("[FunctionalDependency:(s: {brewery_id}, t: {city})]", 0.0), operator: *, right: (1.0, 1.0), result: 0.0})
now error: 0.0
Block processing time: 0.018129 seconds
Computing Block 117 out of 560
Processing Block size=6
begin cleaner{left: ("[FunctionalDependency:(s: {brewery_id}, t: {city})]", 0.0), operator: *, right: (1.0, 1.0), result: 0.0}
列 'p' 不存在，对列 city 不过滤，直接选择所有非无效值。
Block processing time: 0.014501 seconds
Computing Block 120 out of 560
Processing Block size=5
begin cleaner{left: ("[FunctionalDependency:(s: {brewery_id}, t: {city})]", 0.0), operator: *, right: (1.0, 1.0), result: 0.0}
列 'p' 不存在，对列 city 不过滤，直接选择所有非无效值。
Block processing time: 0.012157 seconds
Computing Block 122 out of 560
Processing Block size=38
begin cleaner{left: ("[FunctionalDependency:(s: {brewery_id}, t: {city})]", 0.0), operator: *, right: (1.0, 1.0), result: 0.0}
列 'p' 不存在，对列 city 不过滤，直接选择所有非无效值。
clean_bool length:3
newest best op: Uniop(df,'city','Indianapolis',(['brewery_id'], {('25',)}),{left: ("[FunctionalDependency:(s: {brewery_id}, t: {city})]", 0.0), operator: *, right: (1.0, 1.0), result: 0.0})
now error: 0.0
Block processing time: 0.280212 seconds
Computing Block 123 out of 560
Processing Block size=6
begin cleaner{left: ("[FunctionalDependency:(s: {brewery_id}, t: {city})]", 0.0), operator: *, right: (1.0, 1.0), result: 0.0}
列 'p' 不存在，对列 city 不过滤，直接选择所有非无效值。
clean_bool length:3
newest best op: Uniop(df,'city','San Diego',(['brewery_id'], {('34',)}),{left: ("[FunctionalDependency:(s: {brewery_id}, t: {city})]", 0.0), operator: *, right: (1.0, 1.0), result: 0.0})
now error: 0.0
Block processing time: 0.047822 seconds
Computing Block 124 out of 560
Processing Block size=4
begin cleaner{left: ("[FunctionalDependency:(s: {brewery_id}, t: {city})]", 0.0), operator: *, right: (1.0, 1.0), result: 0.0}
列 'p' 不存在，对列 city 不过滤，直接选择所有非无效值。
Block processing time: 0.009929 seconds
Computing Block 125 out of 560
Processing Block size=3
begin cleaner{left: ("[FunctionalDependency:(s: {brewery_id}, t: {city})]", 0.0), operator: *, right: (1.0, 1.0), result: 0.0}
列 'p' 不存在，对列 city 不过滤，直接选择所有非无效值。
Block processing time: 0.007483 seconds
Computing Block 126 out of 560
Processing Block size=6
begin cleaner{left: ("[FunctionalDependency:(s: {brewery_id}, t: {city})]", 0.0), operator: *, right: (1.0, 1.0), result: 0.0}
列 'p' 不存在，对列 city 不过滤，直接选择所有非无效值。
Block processing time: 0.014402 seconds
Computing Block 127 out of 560
Processing Block size=8
begin cleaner{left: ("[FunctionalDependency:(s: {brewery_id}, t: {city})]", 0.0), operator: *, right: (1.0, 1.0), result: 0.0}
列 'p' 不存在，对列 city 不过滤，直接选择所有非无效值。
Block processing time: 0.018845 seconds
Computing Block 128 out of 560
Processing Block size=4
begin cleaner{left: ("[FunctionalDependency:(s: {brewery_id}, t: {city})]", 0.0), operator: *, right: (1.0, 1.0), result: 0.0}
列 'p' 不存在，对列 city 不过滤，直接选择所有非无效值。
Block processing time: 0.009863 seconds
Computing Block 129 out of 560
Processing Block size=4
begin cleaner{left: ("[FunctionalDependency:(s: {brewery_id}, t: {city})]", 0.0), operator: *, right: (1.0, 1.0), result: 0.0}
列 'p' 不存在，对列 city 不过滤，直接选择所有非无效值。
Block processing time: 0.009781 seconds
Computing Block 130 out of 560
Processing Block size=5
begin cleaner{left: ("[FunctionalDependency:(s: {brewery_id}, t: {city})]", 0.0), operator: *, right: (1.0, 1.0), result: 0.0}
列 'p' 不存在，对列 city 不过滤，直接选择所有非无效值。
clean_bool length:3
newest best op: Uniop(df,'city','Santa Cruz',(['brewery_id'], {('522',)}),{left: ("[FunctionalDependency:(s: {brewery_id}, t: {city})]", 0.0), operator: *, right: (1.0, 1.0), result: 0.0})
now error: 0.0
Block processing time: 0.039422 seconds
Computing Block 131 out of 560
Processing Block size=7
begin cleaner{left: ("[FunctionalDependency:(s: {brewery_id}, t: {city})]", 0.0), operator: *, right: (1.0, 1.0), result: 0.0}
列 'p' 不存在，对列 city 不过滤，直接选择所有非无效值。
clean_bool length:3
newest best op: Uniop(df,'city','Rochester',(['brewery_id'], {('229',)}),{left: ("[FunctionalDependency:(s: {brewery_id}, t: {city})]", 0.0), operator: *, right: (1.0, 1.0), result: 0.0})
now error: 0.0
Block processing time: 0.054887 seconds
Computing Block 132 out of 560
Processing Block size=3
begin cleaner{left: ("[FunctionalDependency:(s: {brewery_id}, t: {city})]", 0.0), operator: *, right: (1.0, 1.0), result: 0.0}
列 'p' 不存在，对列 city 不过滤，直接选择所有非无效值。
Block processing time: 0.007624 seconds
Computing Block 133 out of 560
Processing Block size=11
begin cleaner{left: ("[FunctionalDependency:(s: {brewery_id}, t: {city})]", 0.0), operator: *, right: (1.0, 1.0), result: 0.0}
列 'p' 不存在，对列 city 不过滤，直接选择所有非无效值。
clean_bool length:3
newest best op: Uniop(df,'city','Westminster',(['brewery_id'], {('295',)}),{left: ("[FunctionalDependency:(s: {brewery_id}, t: {city})]", 0.0), operator: *, right: (1.0, 1.0), result: 0.0})
now error: 0.0
Block processing time: 0.082727 seconds
Computing Block 134 out of 560
Processing Block size=3
begin cleaner{left: ("[FunctionalDependency:(s: {brewery_id}, t: {city})]", 0.0), operator: *, right: (1.0, 1.0), result: 0.0}
列 'p' 不存在，对列 city 不过滤，直接选择所有非无效值。
Block processing time: 0.007652 seconds
Computing Block 136 out of 560
Processing Block size=5
begin cleaner{left: ("[FunctionalDependency:(s: {brewery_id}, t: {city})]", 0.0), operator: *, right: (1.0, 1.0), result: 0.0}
列 'p' 不存在，对列 city 不过滤，直接选择所有非无效值。
Block processing time: 0.012257 seconds
Computing Block 137 out of 560
Processing Block size=7
begin cleaner{left: ("[FunctionalDependency:(s: {brewery_id}, t: {city})]", 0.0), operator: *, right: (1.0, 1.0), result: 0.0}
列 'p' 不存在，对列 city 不过滤，直接选择所有非无效值。
Block processing time: 0.016673 seconds
Computing Block 138 out of 560
Processing Block size=4
begin cleaner{left: ("[FunctionalDependency:(s: {brewery_id}, t: {city})]", 0.0), operator: *, right: (1.0, 1.0), result: 0.0}
列 'p' 不存在，对列 city 不过滤，直接选择所有非无效值。
Block processing time: 0.009831 seconds
Computing Block 139 out of 560
Processing Block size=3
begin cleaner{left: ("[FunctionalDependency:(s: {brewery_id}, t: {city})]", 0.0), operator: *, right: (1.0, 1.0), result: 0.0}
列 'p' 不存在，对列 city 不过滤，直接选择所有非无效值。
Block processing time: 0.007493 seconds
Computing Block 140 out of 560
Processing Block size=9
begin cleaner{left: ("[FunctionalDependency:(s: {brewery_id}, t: {city})]", 0.0), operator: *, right: (1.0, 1.0), result: 0.0}
列 'p' 不存在，对列 city 不过滤，直接选择所有非无效值。
clean_bool length:3
newest best op: Uniop(df,'city','Denver',(['brewery_id'], {('6',)}),{left: ("[FunctionalDependency:(s: {brewery_id}, t: {city})]", 0.0), operator: *, right: (1.0, 1.0), result: 0.0})
now error: 0.0
Block processing time: 0.068674 seconds
Computing Block 141 out of 560
Processing Block size=3
begin cleaner{left: ("[FunctionalDependency:(s: {brewery_id}, t: {city})]", 0.0), operator: *, right: (1.0, 1.0), result: 0.0}
列 'p' 不存在，对列 city 不过滤，直接选择所有非无效值。
Block processing time: 0.007594 seconds
Computing Block 142 out of 560
Processing Block size=2
begin cleaner{left: ("[FunctionalDependency:(s: {brewery_id}, t: {city})]", 0.0), operator: *, right: (1.0, 1.0), result: 0.0}
列 'p' 不存在，对列 city 不过滤，直接选择所有非无效值。
Block processing time: 0.006406 seconds
Computing Block 144 out of 560
Processing Block size=2
begin cleaner{left: ("[FunctionalDependency:(s: {brewery_id}, t: {city})]", 0.0), operator: *, right: (1.0, 1.0), result: 0.0}
列 'p' 不存在，对列 city 不过滤，直接选择所有非无效值。
Block processing time: 0.005244 seconds
Computing Block 145 out of 560
Processing Block size=5
begin cleaner{left: ("[FunctionalDependency:(s: {brewery_id}, t: {city})]", 0.0), operator: *, right: (1.0, 1.0), result: 0.0}
列 'p' 不存在，对列 city 不过滤，直接选择所有非无效值。
Block processing time: 0.011964 seconds
Computing Block 146 out of 560
Processing Block size=20
begin cleaner{left: ("[FunctionalDependency:(s: {brewery_id}, t: {city})]", 0.0), operator: *, right: (1.0, 1.0), result: 0.0}
列 'p' 不存在，对列 city 不过滤，直接选择所有非无效值。
clean_bool length:3
newest best op: Uniop(df,'city','San Francisco CA',(['brewery_id'], {('368',)}),{left: ("[FunctionalDependency:(s: {brewery_id}, t: {city})]", 0.0), operator: *, right: (1.0, 1.0), result: 0.0})
now error: 0.0
newest best op: Uniop(df,'city','San Francisco',(['brewery_id'], {('368',)}),{left: ("[FunctionalDependency:(s: {brewery_id}, t: {city})]", 0.0), operator: *, right: (1.0, 1.0), result: 0.0})
now error: 0.0
Block processing time: 0.149476 seconds
Computing Block 147 out of 560
Processing Block size=2
begin cleaner{left: ("[FunctionalDependency:(s: {brewery_id}, t: {city})]", 0.0), operator: *, right: (1.0, 1.0), result: 0.0}
列 'p' 不存在，对列 city 不过滤，直接选择所有非无效值。
clean_bool length:3
newest best op: Uniop(df,'city','Myrtle Beach',(['brewery_id'], {('518',)}),{left: ("[FunctionalDependency:(s: {brewery_id}, t: {city})]", 0.0), operator: *, right: (1.0, 1.0), result: 0.0})
now error: 0.0
Block processing time: 0.018203 seconds
Computing Block 150 out of 560
Processing Block size=5
begin cleaner{left: ("[FunctionalDependency:(s: {brewery_id}, t: {city})]", 0.0), operator: *, right: (1.0, 1.0), result: 0.0}
列 'p' 不存在，对列 city 不过滤，直接选择所有非无效值。
Block processing time: 0.012136 seconds
Computing Block 151 out of 560
Processing Block size=5
begin cleaner{left: ("[FunctionalDependency:(s: {brewery_id}, t: {city})]", 0.0), operator: *, right: (1.0, 1.0), result: 0.0}
列 'p' 不存在，对列 city 不过滤，直接选择所有非无效值。
Block processing time: 0.01215 seconds
Computing Block 152 out of 560
Processing Block size=3
begin cleaner{left: ("[FunctionalDependency:(s: {brewery_id}, t: {city})]", 0.0), operator: *, right: (1.0, 1.0), result: 0.0}
列 'p' 不存在，对列 city 不过滤，直接选择所有非无效值。
Block processing time: 0.007494 seconds
Computing Block 154 out of 560
Processing Block size=3
begin cleaner{left: ("[FunctionalDependency:(s: {brewery_id}, t: {city})]", 0.0), operator: *, right: (1.0, 1.0), result: 0.0}
列 'p' 不存在，对列 city 不过滤，直接选择所有非无效值。
Block processing time: 0.007478 seconds
Computing Block 155 out of 560
Processing Block size=6
begin cleaner{left: ("[FunctionalDependency:(s: {brewery_id}, t: {city})]", 0.0), operator: *, right: (1.0, 1.0), result: 0.0}
列 'p' 不存在，对列 city 不过滤，直接选择所有非无效值。
Block processing time: 0.014254 seconds
Computing Block 156 out of 560
Processing Block size=2
begin cleaner{left: ("[FunctionalDependency:(s: {brewery_id}, t: {city})]", 0.0), operator: *, right: (1.0, 1.0), result: 0.0}
列 'p' 不存在，对列 city 不过滤，直接选择所有非无效值。
Block processing time: 0.005251 seconds
Computing Block 157 out of 560
Processing Block size=7
begin cleaner{left: ("[FunctionalDependency:(s: {brewery_id}, t: {city})]", 0.0), operator: *, right: (1.0, 1.0), result: 0.0}
列 'p' 不存在，对列 city 不过滤，直接选择所有非无效值。
clean_bool length:3
newest best op: Uniop(df,'city','Reno NV',(['brewery_id'], {('530',)}),{left: ("[FunctionalDependency:(s: {brewery_id}, t: {city})]", 0.0), operator: *, right: (1.0, 1.0), result: 0.0})
now error: 0.0
newest best op: Uniop(df,'city','Reno',(['brewery_id'], {('530',)}),{left: ("[FunctionalDependency:(s: {brewery_id}, t: {city})]", 0.0), operator: *, right: (1.0, 1.0), result: 0.0})
now error: 0.0
Block processing time: 0.053426 seconds
Computing Block 158 out of 560
Processing Block size=7
begin cleaner{left: ("[FunctionalDependency:(s: {brewery_id}, t: {city})]", 0.0), operator: *, right: (1.0, 1.0), result: 0.0}
列 'p' 不存在，对列 city 不过滤，直接选择所有非无效值。
Block processing time: 0.016713 seconds
Computing Block 159 out of 560
Processing Block size=4
begin cleaner{left: ("[FunctionalDependency:(s: {brewery_id}, t: {city})]", 0.0), operator: *, right: (1.0, 1.0), result: 0.0}
列 'p' 不存在，对列 city 不过滤，直接选择所有非无效值。
Block processing time: 0.009819 seconds
Computing Block 160 out of 560
Processing Block size=2
begin cleaner{left: ("[FunctionalDependency:(s: {brewery_id}, t: {city})]", 0.0), operator: *, right: (1.0, 1.0), result: 0.0}
列 'p' 不存在，对列 city 不过滤，直接选择所有非无效值。
Block processing time: 0.005167 seconds
Computing Block 161 out of 560
Processing Block size=4
begin cleaner{left: ("[FunctionalDependency:(s: {brewery_id}, t: {city})]", 0.0), operator: *, right: (1.0, 1.0), result: 0.0}
列 'p' 不存在，对列 city 不过滤，直接选择所有非无效值。
Block processing time: 0.009756 seconds
Computing Block 162 out of 560
Processing Block size=4
begin cleaner{left: ("[FunctionalDependency:(s: {brewery_id}, t: {city})]", 0.0), operator: *, right: (1.0, 1.0), result: 0.0}
列 'p' 不存在，对列 city 不过滤，直接选择所有非无效值。
clean_bool length:3
newest best op: Uniop(df,'city','Kearney NE',(['brewery_id'], {('282',)}),{left: ("[FunctionalDependency:(s: {brewery_id}, t: {city})]", 0.0), operator: *, right: (1.0, 1.0), result: 0.0})
now error: 0.0
newest best op: Uniop(df,'city','Kearney',(['brewery_id'], {('282',)}),{left: ("[FunctionalDependency:(s: {brewery_id}, t: {city})]", 0.0), operator: *, right: (1.0, 1.0), result: 0.0})
now error: 0.0
Block processing time: 0.032116 seconds
Computing Block 163 out of 560
Processing Block size=4
begin cleaner{left: ("[FunctionalDependency:(s: {brewery_id}, t: {city})]", 0.0), operator: *, right: (1.0, 1.0), result: 0.0}
列 'p' 不存在，对列 city 不过滤，直接选择所有非无效值。
Block processing time: 0.009855 seconds
Computing Block 164 out of 560
Processing Block size=4
begin cleaner{left: ("[FunctionalDependency:(s: {brewery_id}, t: {city})]", 0.0), operator: *, right: (1.0, 1.0), result: 0.0}
列 'p' 不存在，对列 city 不过滤，直接选择所有非无效值。
Block processing time: 0.0098 seconds
Computing Block 165 out of 560
Processing Block size=3
begin cleaner{left: ("[FunctionalDependency:(s: {brewery_id}, t: {city})]", 0.0), operator: *, right: (1.0, 1.0), result: 0.0}
列 'p' 不存在，对列 city 不过滤，直接选择所有非无效值。
Block processing time: 0.007688 seconds
Computing Block 166 out of 560
Processing Block size=2
begin cleaner{left: ("[FunctionalDependency:(s: {brewery_id}, t: {city})]", 0.0), operator: *, right: (1.0, 1.0), result: 0.0}
列 'p' 不存在，对列 city 不过滤，直接选择所有非无效值。
Block processing time: 0.005195 seconds
Computing Block 167 out of 560
Processing Block size=3
begin cleaner{left: ("[FunctionalDependency:(s: {brewery_id}, t: {city})]", 0.0), operator: *, right: (1.0, 1.0), result: 0.0}
列 'p' 不存在，对列 city 不过滤，直接选择所有非无效值。
clean_bool length:3
newest best op: Uniop(df,'city','Marietta GA',(['brewery_id'], {('475',)}),{left: ("[FunctionalDependency:(s: {brewery_id}, t: {city})]", 0.0), operator: *, right: (1.0, 1.0), result: 0.0})
now error: 0.0
newest best op: Uniop(df,'city','Marietta',(['brewery_id'], {('475',)}),{left: ("[FunctionalDependency:(s: {brewery_id}, t: {city})]", 0.0), operator: *, right: (1.0, 1.0), result: 0.0})
now error: 0.0
Block processing time: 0.02514 seconds
Computing Block 168 out of 560
Processing Block size=3
begin cleaner{left: ("[FunctionalDependency:(s: {brewery_id}, t: {city})]", 0.0), operator: *, right: (1.0, 1.0), result: 0.0}
列 'p' 不存在，对列 city 不过滤，直接选择所有非无效值。
Block processing time: 0.007576 seconds
Computing Block 172 out of 560
Processing Block size=3
begin cleaner{left: ("[FunctionalDependency:(s: {brewery_id}, t: {city})]", 0.0), operator: *, right: (1.0, 1.0), result: 0.0}
列 'p' 不存在，对列 city 不过滤，直接选择所有非无效值。
clean_bool length:3
newest best op: Uniop(df,'city','Dallas',(['brewery_id'], {('287',)}),{left: ("[FunctionalDependency:(s: {brewery_id}, t: {city})]", 0.0), operator: *, right: (1.0, 1.0), result: 0.0})
now error: 0.0
Block processing time: 0.025285 seconds
Computing Block 173 out of 560
Processing Block size=6
begin cleaner{left: ("[FunctionalDependency:(s: {brewery_id}, t: {city})]", 0.0), operator: *, right: (1.0, 1.0), result: 0.0}
列 'p' 不存在，对列 city 不过滤，直接选择所有非无效值。
Block processing time: 0.014407 seconds
Computing Block 175 out of 560
Processing Block size=8
begin cleaner{left: ("[FunctionalDependency:(s: {brewery_id}, t: {city})]", 0.0), operator: *, right: (1.0, 1.0), result: 0.0}
列 'p' 不存在，对列 city 不过滤，直接选择所有非无效值。
clean_bool length:3
newest best op: Uniop(df,'city','Cincinnati',(['brewery_id'], {('93',)}),{left: ("[FunctionalDependency:(s: {brewery_id}, t: {city})]", 0.0), operator: *, right: (1.0, 1.0), result: 0.0})
now error: 0.0
Block processing time: 0.060769 seconds
Computing Block 178 out of 560
Processing Block size=2
begin cleaner{left: ("[FunctionalDependency:(s: {brewery_id}, t: {city})]", 0.0), operator: *, right: (1.0, 1.0), result: 0.0}
列 'p' 不存在，对列 city 不过滤，直接选择所有非无效值。
clean_bool length:3
newest best op: Uniop(df,'city','Portland OR',(['brewery_id'], {('485',)}),{left: ("[FunctionalDependency:(s: {brewery_id}, t: {city})]", 0.0), operator: *, right: (1.0, 1.0), result: 0.0})
now error: 0.0
Block processing time: 0.018087 seconds
Computing Block 179 out of 560
Processing Block size=5
begin cleaner{left: ("[FunctionalDependency:(s: {brewery_id}, t: {city})]", 0.0), operator: *, right: (1.0, 1.0), result: 0.0}
列 'p' 不存在，对列 city 不过滤，直接选择所有非无效值。
clean_bool length:3
newest best op: Uniop(df,'city','Framingham MA',(['brewery_id'], {('2',)}),{left: ("[FunctionalDependency:(s: {brewery_id}, t: {city})]", 0.0), operator: *, right: (1.0, 1.0), result: 0.0})
now error: 0.0
newest best op: Uniop(df,'city','Framingham',(['brewery_id'], {('2',)}),{left: ("[FunctionalDependency:(s: {brewery_id}, t: {city})]", 0.0), operator: *, right: (1.0, 1.0), result: 0.0})
now error: 0.0
Block processing time: 0.040689 seconds
Computing Block 181 out of 560
Processing Block size=18
begin cleaner{left: ("[FunctionalDependency:(s: {brewery_id}, t: {city})]", 0.0), operator: *, right: (1.0, 1.0), result: 0.0}
列 'p' 不存在，对列 city 不过滤，直接选择所有非无效值。
Block processing time: 0.04225 seconds
Computing Block 183 out of 560
Processing Block size=6
begin cleaner{left: ("[FunctionalDependency:(s: {brewery_id}, t: {city})]", 0.0), operator: *, right: (1.0, 1.0), result: 0.0}
列 'p' 不存在，对列 city 不过滤，直接选择所有非无效值。
Block processing time: 0.014596 seconds
Computing Block 184 out of 560
Processing Block size=2
begin cleaner{left: ("[FunctionalDependency:(s: {brewery_id}, t: {city})]", 0.0), operator: *, right: (1.0, 1.0), result: 0.0}
列 'p' 不存在，对列 city 不过滤，直接选择所有非无效值。
Block processing time: 0.005252 seconds
Computing Block 185 out of 560
Processing Block size=5
begin cleaner{left: ("[FunctionalDependency:(s: {brewery_id}, t: {city})]", 0.0), operator: *, right: (1.0, 1.0), result: 0.0}
列 'p' 不存在，对列 city 不过滤，直接选择所有非无效值。
Block processing time: 0.012168 seconds
Computing Block 186 out of 560
Processing Block size=5
begin cleaner{left: ("[FunctionalDependency:(s: {brewery_id}, t: {city})]", 0.0), operator: *, right: (1.0, 1.0), result: 0.0}
列 'p' 不存在，对列 city 不过滤，直接选择所有非无效值。
Block processing time: 0.012432 seconds
Computing Block 189 out of 560
Processing Block size=9
begin cleaner{left: ("[FunctionalDependency:(s: {brewery_id}, t: {city})]", 0.0), operator: *, right: (1.0, 1.0), result: 0.0}
列 'p' 不存在，对列 city 不过滤，直接选择所有非无效值。
Block processing time: 0.022678 seconds
Computing Block 190 out of 560
Processing Block size=6
begin cleaner{left: ("[FunctionalDependency:(s: {brewery_id}, t: {city})]", 0.0), operator: *, right: (1.0, 1.0), result: 0.0}
列 'p' 不存在，对列 city 不过滤，直接选择所有非无效值。
Block processing time: 0.014465 seconds
Computing Block 191 out of 560
Processing Block size=8
begin cleaner{left: ("[FunctionalDependency:(s: {brewery_id}, t: {city})]", 0.0), operator: *, right: (1.0, 1.0), result: 0.0}
列 'p' 不存在，对列 city 不过滤，直接选择所有非无效值。
clean_bool length:3
newest best op: Uniop(df,'city','Saint Louis MO',(['brewery_id'], {('60',)}),{left: ("[FunctionalDependency:(s: {brewery_id}, t: {city})]", 0.0), operator: *, right: (1.0, 1.0), result: 0.0})
now error: 0.0
newest best op: Uniop(df,'city','Saint Louis',(['brewery_id'], {('60',)}),{left: ("[FunctionalDependency:(s: {brewery_id}, t: {city})]", 0.0), operator: *, right: (1.0, 1.0), result: 0.0})
now error: 0.0
Block processing time: 0.062473 seconds
Computing Block 192 out of 560
Processing Block size=2
begin cleaner{left: ("[FunctionalDependency:(s: {brewery_id}, t: {city})]", 0.0), operator: *, right: (1.0, 1.0), result: 0.0}
列 'p' 不存在，对列 city 不过滤，直接选择所有非无效值。
Block processing time: 0.005295 seconds
Computing Block 193 out of 560
Processing Block size=5
begin cleaner{left: ("[FunctionalDependency:(s: {brewery_id}, t: {city})]", 0.0), operator: *, right: (1.0, 1.0), result: 0.0}
列 'p' 不存在，对列 city 不过滤，直接选择所有非无效值。
Block processing time: 0.012046 seconds
Computing Block 194 out of 560
Processing Block size=5
begin cleaner{left: ("[FunctionalDependency:(s: {brewery_id}, t: {city})]", 0.0), operator: *, right: (1.0, 1.0), result: 0.0}
列 'p' 不存在，对列 city 不过滤，直接选择所有非无效值。
Block processing time: 0.012079 seconds
Computing Block 197 out of 560
Processing Block size=3
begin cleaner{left: ("[FunctionalDependency:(s: {brewery_id}, t: {city})]", 0.0), operator: *, right: (1.0, 1.0), result: 0.0}
列 'p' 不存在，对列 city 不过滤，直接选择所有非无效值。
Block processing time: 0.007494 seconds
Computing Block 198 out of 560
Processing Block size=6
begin cleaner{left: ("[FunctionalDependency:(s: {brewery_id}, t: {city})]", 0.0), operator: *, right: (1.0, 1.0), result: 0.0}
列 'p' 不存在，对列 city 不过滤，直接选择所有非无效值。
Block processing time: 0.014416 seconds
Computing Block 200 out of 560
Processing Block size=4
begin cleaner{left: ("[FunctionalDependency:(s: {brewery_id}, t: {city})]", 0.0), operator: *, right: (1.0, 1.0), result: 0.0}
列 'p' 不存在，对列 city 不过滤，直接选择所有非无效值。
Block processing time: 0.009794 seconds
Computing Block 203 out of 560
Processing Block size=3
begin cleaner{left: ("[FunctionalDependency:(s: {brewery_id}, t: {city})]", 0.0), operator: *, right: (1.0, 1.0), result: 0.0}
列 'p' 不存在，对列 city 不过滤，直接选择所有非无效值。
Block processing time: 0.007468 seconds
Computing Block 205 out of 560
Processing Block size=3
begin cleaner{left: ("[FunctionalDependency:(s: {brewery_id}, t: {city})]", 0.0), operator: *, right: (1.0, 1.0), result: 0.0}
列 'p' 不存在，对列 city 不过滤，直接选择所有非无效值。
Block processing time: 0.007574 seconds
Computing Block 206 out of 560
Processing Block size=3
begin cleaner{left: ("[FunctionalDependency:(s: {brewery_id}, t: {city})]", 0.0), operator: *, right: (1.0, 1.0), result: 0.0}
列 'p' 不存在，对列 city 不过滤，直接选择所有非无效值。
Block processing time: 0.007544 seconds
Computing Block 208 out of 560
Processing Block size=7
begin cleaner{left: ("[FunctionalDependency:(s: {brewery_id}, t: {city})]", 0.0), operator: *, right: (1.0, 1.0), result: 0.0}
列 'p' 不存在，对列 city 不过滤，直接选择所有非无效值。
clean_bool length:3
newest best op: Uniop(df,'city','Lansdale PA',(['brewery_id'], {('164',)}),{left: ("[FunctionalDependency:(s: {brewery_id}, t: {city})]", 0.0), operator: *, right: (1.0, 1.0), result: 0.0})
now error: 0.0
newest best op: Uniop(df,'city','Lansdale',(['brewery_id'], {('164',)}),{left: ("[FunctionalDependency:(s: {brewery_id}, t: {city})]", 0.0), operator: *, right: (1.0, 1.0), result: 0.0})
now error: 0.0
Block processing time: 0.053503 seconds
Computing Block 209 out of 560
Processing Block size=3
begin cleaner{left: ("[FunctionalDependency:(s: {brewery_id}, t: {city})]", 0.0), operator: *, right: (1.0, 1.0), result: 0.0}
列 'p' 不存在，对列 city 不过滤，直接选择所有非无效值。
Block processing time: 0.007591 seconds
Computing Block 211 out of 560
Processing Block size=2
begin cleaner{left: ("[FunctionalDependency:(s: {brewery_id}, t: {city})]", 0.0), operator: *, right: (1.0, 1.0), result: 0.0}
列 'p' 不存在，对列 city 不过滤，直接选择所有非无效值。
Block processing time: 0.005252 seconds
Computing Block 213 out of 560
Processing Block size=4
begin cleaner{left: ("[FunctionalDependency:(s: {brewery_id}, t: {city})]", 0.0), operator: *, right: (1.0, 1.0), result: 0.0}
列 'p' 不存在，对列 city 不过滤，直接选择所有非无效值。
Block processing time: 0.009903 seconds
Computing Block 214 out of 560
Processing Block size=9
begin cleaner{left: ("[FunctionalDependency:(s: {brewery_id}, t: {city})]", 0.0), operator: *, right: (1.0, 1.0), result: 0.0}
列 'p' 不存在，对列 city 不过滤，直接选择所有非无效值。
Block processing time: 0.021124 seconds
Computing Block 215 out of 560
Processing Block size=2
begin cleaner{left: ("[FunctionalDependency:(s: {brewery_id}, t: {city})]", 0.0), operator: *, right: (1.0, 1.0), result: 0.0}
列 'p' 不存在，对列 city 不过滤，直接选择所有非无效值。
Block processing time: 0.005372 seconds
Computing Block 216 out of 560
Processing Block size=2
begin cleaner{left: ("[FunctionalDependency:(s: {brewery_id}, t: {city})]", 0.0), operator: *, right: (1.0, 1.0), result: 0.0}
列 'p' 不存在，对列 city 不过滤，直接选择所有非无效值。
Block processing time: 0.005094 seconds
Computing Block 217 out of 560
Processing Block size=2
begin cleaner{left: ("[FunctionalDependency:(s: {brewery_id}, t: {city})]", 0.0), operator: *, right: (1.0, 1.0), result: 0.0}
列 'p' 不存在，对列 city 不过滤，直接选择所有非无效值。
Block processing time: 0.005092 seconds
Computing Block 218 out of 560
Processing Block size=2
begin cleaner{left: ("[FunctionalDependency:(s: {brewery_id}, t: {city})]", 0.0), operator: *, right: (1.0, 1.0), result: 0.0}
列 'p' 不存在，对列 city 不过滤，直接选择所有非无效值。
Block processing time: 0.005145 seconds
Computing Block 219 out of 560
Processing Block size=11
begin cleaner{left: ("[FunctionalDependency:(s: {brewery_id}, t: {city})]", 0.0), operator: *, right: (1.0, 1.0), result: 0.0}
列 'p' 不存在，对列 city 不过滤，直接选择所有非无效值。
Block processing time: 0.025669 seconds
Computing Block 220 out of 560
Processing Block size=3
begin cleaner{left: ("[FunctionalDependency:(s: {brewery_id}, t: {city})]", 0.0), operator: *, right: (1.0, 1.0), result: 0.0}
列 'p' 不存在，对列 city 不过滤，直接选择所有非无效值。
clean_bool length:3
newest best op: Uniop(df,'city','Pittsburgh PA',(['brewery_id'], {('297',)}),{left: ("[FunctionalDependency:(s: {brewery_id}, t: {city})]", 0.0), operator: *, right: (1.0, 1.0), result: 0.0})
now error: 0.0
newest best op: Uniop(df,'city','Pittsburgh',(['brewery_id'], {('297',)}),{left: ("[FunctionalDependency:(s: {brewery_id}, t: {city})]", 0.0), operator: *, right: (1.0, 1.0), result: 0.0})
now error: 0.0
Block processing time: 0.025255 seconds
Computing Block 221 out of 560
Processing Block size=8
begin cleaner{left: ("[FunctionalDependency:(s: {brewery_id}, t: {city})]", 0.0), operator: *, right: (1.0, 1.0), result: 0.0}
列 'p' 不存在，对列 city 不过滤，直接选择所有非无效值。
Block processing time: 0.01902 seconds
Computing Block 222 out of 560
Processing Block size=13
begin cleaner{left: ("[FunctionalDependency:(s: {brewery_id}, t: {city})]", 0.0), operator: *, right: (1.0, 1.0), result: 0.0}
列 'p' 不存在，对列 city 不过滤，直接选择所有非无效值。
clean_bool length:3
newest best op: Uniop(df,'city','Monroe WI',(['brewery_id'], {('134',)}),{left: ("[FunctionalDependency:(s: {brewery_id}, t: {city})]", 0.0), operator: *, right: (1.0, 1.0), result: 0.0})
now error: 0.0
newest best op: Uniop(df,'city','Monroe',(['brewery_id'], {('134',)}),{left: ("[FunctionalDependency:(s: {brewery_id}, t: {city})]", 0.0), operator: *, right: (1.0, 1.0), result: 0.0})
now error: 0.0
Block processing time: 0.098717 seconds
Computing Block 223 out of 560
Processing Block size=2
begin cleaner{left: ("[FunctionalDependency:(s: {brewery_id}, t: {city})]", 0.0), operator: *, right: (1.0, 1.0), result: 0.0}
列 'p' 不存在，对列 city 不过滤，直接选择所有非无效值。
Block processing time: 0.005264 seconds
Computing Block 224 out of 560
Processing Block size=2
begin cleaner{left: ("[FunctionalDependency:(s: {brewery_id}, t: {city})]", 0.0), operator: *, right: (1.0, 1.0), result: 0.0}
列 'p' 不存在，对列 city 不过滤，直接选择所有非无效值。
Block processing time: 0.005163 seconds
Computing Block 226 out of 560
Processing Block size=2
begin cleaner{left: ("[FunctionalDependency:(s: {brewery_id}, t: {city})]", 0.0), operator: *, right: (1.0, 1.0), result: 0.0}
列 'p' 不存在，对列 city 不过滤，直接选择所有非无效值。
Block processing time: 0.005199 seconds
Computing Block 227 out of 560
Processing Block size=2
begin cleaner{left: ("[FunctionalDependency:(s: {brewery_id}, t: {city})]", 0.0), operator: *, right: (1.0, 1.0), result: 0.0}
列 'p' 不存在，对列 city 不过滤，直接选择所有非无效值。
Block processing time: 0.005181 seconds
Computing Block 228 out of 560
Processing Block size=9
begin cleaner{left: ("[FunctionalDependency:(s: {brewery_id}, t: {city})]", 0.0), operator: *, right: (1.0, 1.0), result: 0.0}
列 'p' 不存在，对列 city 不过滤，直接选择所有非无效值。
Block processing time: 0.021113 seconds
Computing Block 229 out of 560
Processing Block size=3
begin cleaner{left: ("[FunctionalDependency:(s: {brewery_id}, t: {city})]", 0.0), operator: *, right: (1.0, 1.0), result: 0.0}
列 'p' 不存在，对列 city 不过滤，直接选择所有非无效值。
Block processing time: 0.008626 seconds
Computing Block 230 out of 560
Processing Block size=3
begin cleaner{left: ("[FunctionalDependency:(s: {brewery_id}, t: {city})]", 0.0), operator: *, right: (1.0, 1.0), result: 0.0}
列 'p' 不存在，对列 city 不过滤，直接选择所有非无效值。
Block processing time: 0.007551 seconds
Computing Block 231 out of 560
Processing Block size=10
begin cleaner{left: ("[FunctionalDependency:(s: {brewery_id}, t: {city})]", 0.0), operator: *, right: (1.0, 1.0), result: 0.0}
列 'p' 不存在，对列 city 不过滤，直接选择所有非无效值。
clean_bool length:3
newest best op: Uniop(df,'city','Houston',(['brewery_id'], {('125',)}),{left: ("[FunctionalDependency:(s: {brewery_id}, t: {city})]", 0.0), operator: *, right: (1.0, 1.0), result: 0.0})
now error: 0.0
Block processing time: 0.07467 seconds
Computing Block 232 out of 560
Processing Block size=2
begin cleaner{left: ("[FunctionalDependency:(s: {brewery_id}, t: {city})]", 0.0), operator: *, right: (1.0, 1.0), result: 0.0}
列 'p' 不存在，对列 city 不过滤，直接选择所有非无效值。
Block processing time: 0.005261 seconds
Computing Block 234 out of 560
Processing Block size=13
begin cleaner{left: ("[FunctionalDependency:(s: {brewery_id}, t: {city})]", 0.0), operator: *, right: (1.0, 1.0), result: 0.0}
列 'p' 不存在，对列 city 不过滤，直接选择所有非无效值。
Block processing time: 0.030165 seconds
Computing Block 236 out of 560
Processing Block size=2
begin cleaner{left: ("[FunctionalDependency:(s: {brewery_id}, t: {city})]", 0.0), operator: *, right: (1.0, 1.0), result: 0.0}
列 'p' 不存在，对列 city 不过滤，直接选择所有非无效值。
Block processing time: 0.005314 seconds
Computing Block 237 out of 560
Processing Block size=2
begin cleaner{left: ("[FunctionalDependency:(s: {brewery_id}, t: {city})]", 0.0), operator: *, right: (1.0, 1.0), result: 0.0}
列 'p' 不存在，对列 city 不过滤，直接选择所有非无效值。
clean_bool length:3
newest best op: Uniop(df,'city','Silverton',(['brewery_id'], {('494',)}),{left: ("[FunctionalDependency:(s: {brewery_id}, t: {city})]", 0.0), operator: *, right: (1.0, 1.0), result: 0.0})
now error: 0.0
Block processing time: 0.018121 seconds
Computing Block 238 out of 560
Processing Block size=4
begin cleaner{left: ("[FunctionalDependency:(s: {brewery_id}, t: {city})]", 0.0), operator: *, right: (1.0, 1.0), result: 0.0}
列 'p' 不存在，对列 city 不过滤，直接选择所有非无效值。
Block processing time: 0.009882 seconds
Computing Block 239 out of 560
Processing Block size=2
begin cleaner{left: ("[FunctionalDependency:(s: {brewery_id}, t: {city})]", 0.0), operator: *, right: (1.0, 1.0), result: 0.0}
列 'p' 不存在，对列 city 不过滤，直接选择所有非无效值。
clean_bool length:3
newest best op: Uniop(df,'city','Hayward',(['brewery_id'], {('542',)}),{left: ("[FunctionalDependency:(s: {brewery_id}, t: {city})]", 0.0), operator: *, right: (1.0, 1.0), result: 0.0})
now error: 0.0
Block processing time: 0.018001 seconds
Computing Block 240 out of 560
Processing Block size=14
begin cleaner{left: ("[FunctionalDependency:(s: {brewery_id}, t: {city})]", 0.0), operator: *, right: (1.0, 1.0), result: 0.0}
列 'p' 不存在，对列 city 不过滤，直接选择所有非无效值。
Block processing time: 0.032483 seconds
Computing Block 241 out of 560
Processing Block size=3
begin cleaner{left: ("[FunctionalDependency:(s: {brewery_id}, t: {city})]", 0.0), operator: *, right: (1.0, 1.0), result: 0.0}
列 'p' 不存在，对列 city 不过滤，直接选择所有非无效值。
Block processing time: 0.007503 seconds
Computing Block 242 out of 560
Processing Block size=5
begin cleaner{left: ("[FunctionalDependency:(s: {brewery_id}, t: {city})]", 0.0), operator: *, right: (1.0, 1.0), result: 0.0}
列 'p' 不存在，对列 city 不过滤，直接选择所有非无效值。
Block processing time: 0.012132 seconds
Computing Block 245 out of 560
Processing Block size=4
begin cleaner{left: ("[FunctionalDependency:(s: {brewery_id}, t: {city})]", 0.0), operator: *, right: (1.0, 1.0), result: 0.0}
列 'p' 不存在，对列 city 不过滤，直接选择所有非无效值。
clean_bool length:3
newest best op: Uniop(df,'city','Angola',(['brewery_id'], {('250',)}),{left: ("[FunctionalDependency:(s: {brewery_id}, t: {city})]", 0.0), operator: *, right: (1.0, 1.0), result: 0.0})
now error: 0.0
Block processing time: 0.032253 seconds
Computing Block 246 out of 560
Processing Block size=4
begin cleaner{left: ("[FunctionalDependency:(s: {brewery_id}, t: {city})]", 0.0), operator: *, right: (1.0, 1.0), result: 0.0}
列 'p' 不存在，对列 city 不过滤，直接选择所有非无效值。
Block processing time: 0.009903 seconds
Computing Block 247 out of 560
Processing Block size=2
begin cleaner{left: ("[FunctionalDependency:(s: {brewery_id}, t: {city})]", 0.0), operator: *, right: (1.0, 1.0), result: 0.0}
列 'p' 不存在，对列 city 不过滤，直接选择所有非无效值。
Block processing time: 0.005237 seconds
Computing Block 248 out of 560
Processing Block size=3
begin cleaner{left: ("[FunctionalDependency:(s: {brewery_id}, t: {city})]", 0.0), operator: *, right: (1.0, 1.0), result: 0.0}
列 'p' 不存在，对列 city 不过滤，直接选择所有非无效值。
clean_bool length:3
newest best op: Uniop(df,'city','Des Moines IA',(['brewery_id'], {('482',)}),{left: ("[FunctionalDependency:(s: {brewery_id}, t: {city})]", 0.0), operator: *, right: (1.0, 1.0), result: 0.0})
now error: 0.0
newest best op: Uniop(df,'city','Des Moines',(['brewery_id'], {('482',)}),{left: ("[FunctionalDependency:(s: {brewery_id}, t: {city})]", 0.0), operator: *, right: (1.0, 1.0), result: 0.0})
now error: 0.0
Block processing time: 0.02512 seconds
Computing Block 251 out of 560
Processing Block size=4
begin cleaner{left: ("[FunctionalDependency:(s: {brewery_id}, t: {city})]", 0.0), operator: *, right: (1.0, 1.0), result: 0.0}
列 'p' 不存在，对列 city 不过滤，直接选择所有非无效值。
Block processing time: 0.010013 seconds
Computing Block 252 out of 560
Processing Block size=2
begin cleaner{left: ("[FunctionalDependency:(s: {brewery_id}, t: {city})]", 0.0), operator: *, right: (1.0, 1.0), result: 0.0}
列 'p' 不存在，对列 city 不过滤，直接选择所有非无效值。
Block processing time: 0.005186 seconds
Computing Block 253 out of 560
Processing Block size=9
begin cleaner{left: ("[FunctionalDependency:(s: {brewery_id}, t: {city})]", 0.0), operator: *, right: (1.0, 1.0), result: 0.0}
列 'p' 不存在，对列 city 不过滤，直接选择所有非无效值。
clean_bool length:3
newest best op: Uniop(df,'city','Evansville',(['brewery_id'], {('17',)}),{left: ("[FunctionalDependency:(s: {brewery_id}, t: {city})]", 0.0), operator: *, right: (1.0, 1.0), result: 0.0})
now error: 0.0
Block processing time: 0.068047 seconds
Computing Block 254 out of 560
Processing Block size=2
begin cleaner{left: ("[FunctionalDependency:(s: {brewery_id}, t: {city})]", 0.0), operator: *, right: (1.0, 1.0), result: 0.0}
列 'p' 不存在，对列 city 不过滤，直接选择所有非无效值。
Block processing time: 0.005279 seconds
Computing Block 255 out of 560
Processing Block size=4
begin cleaner{left: ("[FunctionalDependency:(s: {brewery_id}, t: {city})]", 0.0), operator: *, right: (1.0, 1.0), result: 0.0}
列 'p' 不存在，对列 city 不过滤，直接选择所有非无效值。
Block processing time: 0.010805 seconds
Computing Block 256 out of 560
Processing Block size=4
begin cleaner{left: ("[FunctionalDependency:(s: {brewery_id}, t: {city})]", 0.0), operator: *, right: (1.0, 1.0), result: 0.0}
列 'p' 不存在，对列 city 不过滤，直接选择所有非无效值。
Block processing time: 0.009847 seconds
Computing Block 257 out of 560
Processing Block size=10
begin cleaner{left: ("[FunctionalDependency:(s: {brewery_id}, t: {city})]", 0.0), operator: *, right: (1.0, 1.0), result: 0.0}
列 'p' 不存在，对列 city 不过滤，直接选择所有非无效值。
Block processing time: 0.023533 seconds
Computing Block 259 out of 560
Processing Block size=2
begin cleaner{left: ("[FunctionalDependency:(s: {brewery_id}, t: {city})]", 0.0), operator: *, right: (1.0, 1.0), result: 0.0}
列 'p' 不存在，对列 city 不过滤，直接选择所有非无效值。
Block processing time: 0.005186 seconds
Computing Block 261 out of 560
Processing Block size=7
begin cleaner{left: ("[FunctionalDependency:(s: {brewery_id}, t: {city})]", 0.0), operator: *, right: (1.0, 1.0), result: 0.0}
列 'p' 不存在，对列 city 不过滤，直接选择所有非无效值。
Block processing time: 0.016678 seconds
Computing Block 262 out of 560
Processing Block size=7
begin cleaner{left: ("[FunctionalDependency:(s: {brewery_id}, t: {city})]", 0.0), operator: *, right: (1.0, 1.0), result: 0.0}
列 'p' 不存在，对列 city 不过滤，直接选择所有非无效值。
Block processing time: 0.016531 seconds
Computing Block 267 out of 560
Processing Block size=3
begin cleaner{left: ("[FunctionalDependency:(s: {brewery_id}, t: {city})]", 0.0), operator: *, right: (1.0, 1.0), result: 0.0}
列 'p' 不存在，对列 city 不过滤，直接选择所有非无效值。
clean_bool length:3
newest best op: Uniop(df,'city','Baltimore',(['brewery_id'], {('255',)}),{left: ("[FunctionalDependency:(s: {brewery_id}, t: {city})]", 0.0), operator: *, right: (1.0, 1.0), result: 0.0})
now error: 0.0
Block processing time: 0.025313 seconds
Computing Block 268 out of 560
Processing Block size=4
begin cleaner{left: ("[FunctionalDependency:(s: {brewery_id}, t: {city})]", 0.0), operator: *, right: (1.0, 1.0), result: 0.0}
列 'p' 不存在，对列 city 不过滤，直接选择所有非无效值。
Block processing time: 0.009854 seconds
Computing Block 270 out of 560
Processing Block size=3
begin cleaner{left: ("[FunctionalDependency:(s: {brewery_id}, t: {city})]", 0.0), operator: *, right: (1.0, 1.0), result: 0.0}
列 'p' 不存在，对列 city 不过滤，直接选择所有非无效值。
Block processing time: 0.007729 seconds
Computing Block 271 out of 560
Processing Block size=2
begin cleaner{left: ("[FunctionalDependency:(s: {brewery_id}, t: {city})]", 0.0), operator: *, right: (1.0, 1.0), result: 0.0}
列 'p' 不存在，对列 city 不过滤，直接选择所有非无效值。
Block processing time: 0.006028 seconds
Computing Block 272 out of 560
Processing Block size=2
begin cleaner{left: ("[FunctionalDependency:(s: {brewery_id}, t: {city})]", 0.0), operator: *, right: (1.0, 1.0), result: 0.0}
列 'p' 不存在，对列 city 不过滤，直接选择所有非无效值。
Block processing time: 0.005179 seconds
Computing Block 274 out of 560
Processing Block size=2
begin cleaner{left: ("[FunctionalDependency:(s: {brewery_id}, t: {city})]", 0.0), operator: *, right: (1.0, 1.0), result: 0.0}
列 'p' 不存在，对列 city 不过滤，直接选择所有非无效值。
Block processing time: 0.005175 seconds
Computing Block 275 out of 560
Processing Block size=2
begin cleaner{left: ("[FunctionalDependency:(s: {brewery_id}, t: {city})]", 0.0), operator: *, right: (1.0, 1.0), result: 0.0}
列 'p' 不存在，对列 city 不过滤，直接选择所有非无效值。
Block processing time: 0.005163 seconds
Computing Block 277 out of 560
Processing Block size=2
begin cleaner{left: ("[FunctionalDependency:(s: {brewery_id}, t: {city})]", 0.0), operator: *, right: (1.0, 1.0), result: 0.0}
列 'p' 不存在，对列 city 不过滤，直接选择所有非无效值。
Block processing time: 0.005152 seconds
Computing Block 279 out of 560
Processing Block size=2
begin cleaner{left: ("[FunctionalDependency:(s: {brewery_id}, t: {city})]", 0.0), operator: *, right: (1.0, 1.0), result: 0.0}
列 'p' 不存在，对列 city 不过滤，直接选择所有非无效值。
Block processing time: 0.005158 seconds
Computing Block 280 out of 560
Processing Block size=32
begin cleaner{left: ("[FunctionalDependency:(s: {brewery_id}, t: {city})]", 0.0), operator: *, right: (1.0, 1.0), result: 0.0}
列 'p' 不存在，对列 city 不过滤，直接选择所有非无效值。
clean_bool length:3
newest best op: Uniop(df,'city','Longmont CO',(['brewery_id'], {('166',)}),{left: ("[FunctionalDependency:(s: {brewery_id}, t: {city})]", 0.0), operator: *, right: (1.0, 1.0), result: 0.0})
now error: 0.0
newest best op: Uniop(df,'city','Longmont',(['brewery_id'], {('166',)}),{left: ("[FunctionalDependency:(s: {brewery_id}, t: {city})]", 0.0), operator: *, right: (1.0, 1.0), result: 0.0})
now error: 0.0
Block processing time: 0.233548 seconds
Computing Block 281 out of 560
Processing Block size=4
begin cleaner{left: ("[FunctionalDependency:(s: {brewery_id}, t: {city})]", 0.0), operator: *, right: (1.0, 1.0), result: 0.0}
列 'p' 不存在，对列 city 不过滤，直接选择所有非无效值。
Block processing time: 0.009893 seconds
Computing Block 282 out of 560
Processing Block size=5
begin cleaner{left: ("[FunctionalDependency:(s: {brewery_id}, t: {city})]", 0.0), operator: *, right: (1.0, 1.0), result: 0.0}
列 'p' 不存在，对列 city 不过滤，直接选择所有非无效值。
Block processing time: 0.012076 seconds
Computing Block 283 out of 560
Processing Block size=5
begin cleaner{left: ("[FunctionalDependency:(s: {brewery_id}, t: {city})]", 0.0), operator: *, right: (1.0, 1.0), result: 0.0}
列 'p' 不存在，对列 city 不过滤，直接选择所有非无效值。
Block processing time: 0.012067 seconds
Computing Block 284 out of 560
Processing Block size=3
begin cleaner{left: ("[FunctionalDependency:(s: {brewery_id}, t: {city})]", 0.0), operator: *, right: (1.0, 1.0), result: 0.0}
列 'p' 不存在，对列 city 不过滤，直接选择所有非无效值。
Block processing time: 0.007534 seconds
Computing Block 285 out of 560
Processing Block size=3
begin cleaner{left: ("[FunctionalDependency:(s: {brewery_id}, t: {city})]", 0.0), operator: *, right: (1.0, 1.0), result: 0.0}
列 'p' 不存在，对列 city 不过滤，直接选择所有非无效值。
Block processing time: 0.007476 seconds
Computing Block 286 out of 560
Processing Block size=5
begin cleaner{left: ("[FunctionalDependency:(s: {brewery_id}, t: {city})]", 0.0), operator: *, right: (1.0, 1.0), result: 0.0}
列 'p' 不存在，对列 city 不过滤，直接选择所有非无效值。
Block processing time: 0.012117 seconds
Computing Block 287 out of 560
Processing Block size=3
begin cleaner{left: ("[FunctionalDependency:(s: {brewery_id}, t: {city})]", 0.0), operator: *, right: (1.0, 1.0), result: 0.0}
列 'p' 不存在，对列 city 不过滤，直接选择所有非无效值。
Block processing time: 0.00759 seconds
Computing Block 288 out of 560
Processing Block size=14
begin cleaner{left: ("[FunctionalDependency:(s: {brewery_id}, t: {city})]", 0.0), operator: *, right: (1.0, 1.0), result: 0.0}
列 'p' 不存在，对列 city 不过滤，直接选择所有非无效值。
clean_bool length:3
newest best op: Uniop(df,'city','Ashland',(['brewery_id'], {('155',)}),{left: ("[FunctionalDependency:(s: {brewery_id}, t: {city})]", 0.0), operator: *, right: (1.0, 1.0), result: 0.0})
now error: 0.0
Block processing time: 0.104304 seconds
Computing Block 290 out of 560
Processing Block size=2
begin cleaner{left: ("[FunctionalDependency:(s: {brewery_id}, t: {city})]", 0.0), operator: *, right: (1.0, 1.0), result: 0.0}
列 'p' 不存在，对列 city 不过滤，直接选择所有非无效值。
Block processing time: 0.005256 seconds
Computing Block 291 out of 560
Processing Block size=2
begin cleaner{left: ("[FunctionalDependency:(s: {brewery_id}, t: {city})]", 0.0), operator: *, right: (1.0, 1.0), result: 0.0}
列 'p' 不存在，对列 city 不过滤，直接选择所有非无效值。
Block processing time: 0.005208 seconds
Computing Block 292 out of 560
Processing Block size=4
begin cleaner{left: ("[FunctionalDependency:(s: {brewery_id}, t: {city})]", 0.0), operator: *, right: (1.0, 1.0), result: 0.0}
列 'p' 不存在，对列 city 不过滤，直接选择所有非无效值。
clean_bool length:3
newest best op: Uniop(df,'city','Petoskey MI',(['brewery_id'], {('11',)}),{left: ("[FunctionalDependency:(s: {brewery_id}, t: {city})]", 0.0), operator: *, right: (1.0, 1.0), result: 0.0})
now error: 0.0
newest best op: Uniop(df,'city','Petoskey',(['brewery_id'], {('11',)}),{left: ("[FunctionalDependency:(s: {brewery_id}, t: {city})]", 0.0), operator: *, right: (1.0, 1.0), result: 0.0})
now error: 0.0
Block processing time: 0.032328 seconds
Computing Block 294 out of 560
Processing Block size=2
begin cleaner{left: ("[FunctionalDependency:(s: {brewery_id}, t: {city})]", 0.0), operator: *, right: (1.0, 1.0), result: 0.0}
列 'p' 不存在，对列 city 不过滤，直接选择所有非无效值。
Block processing time: 0.005294 seconds
Computing Block 295 out of 560
Processing Block size=6
begin cleaner{left: ("[FunctionalDependency:(s: {brewery_id}, t: {city})]", 0.0), operator: *, right: (1.0, 1.0), result: 0.0}
列 'p' 不存在，对列 city 不过滤，直接选择所有非无效值。
Block processing time: 0.014317 seconds
Computing Block 296 out of 560
Processing Block size=4
begin cleaner{left: ("[FunctionalDependency:(s: {brewery_id}, t: {city})]", 0.0), operator: *, right: (1.0, 1.0), result: 0.0}
列 'p' 不存在，对列 city 不过滤，直接选择所有非无效值。
Block processing time: 0.009847 seconds
Computing Block 297 out of 560
Processing Block size=3
begin cleaner{left: ("[FunctionalDependency:(s: {brewery_id}, t: {city})]", 0.0), operator: *, right: (1.0, 1.0), result: 0.0}
列 'p' 不存在，对列 city 不过滤，直接选择所有非无效值。
Block processing time: 0.00753 seconds
Computing Block 299 out of 560
Processing Block size=9
begin cleaner{left: ("[FunctionalDependency:(s: {brewery_id}, t: {city})]", 0.0), operator: *, right: (1.0, 1.0), result: 0.0}
列 'p' 不存在，对列 city 不过滤，直接选择所有非无效值。
Block processing time: 0.021401 seconds
Computing Block 301 out of 560
Processing Block size=5
begin cleaner{left: ("[FunctionalDependency:(s: {brewery_id}, t: {city})]", 0.0), operator: *, right: (1.0, 1.0), result: 0.0}
列 'p' 不存在，对列 city 不过滤，直接选择所有非无效值。
Block processing time: 0.012165 seconds
Computing Block 303 out of 560
Processing Block size=5
begin cleaner{left: ("[FunctionalDependency:(s: {brewery_id}, t: {city})]", 0.0), operator: *, right: (1.0, 1.0), result: 0.0}
列 'p' 不存在，对列 city 不过滤，直接选择所有非无效值。
Block processing time: 0.012065 seconds
Computing Block 304 out of 560
Processing Block size=9
begin cleaner{left: ("[FunctionalDependency:(s: {brewery_id}, t: {city})]", 0.0), operator: *, right: (1.0, 1.0), result: 0.0}
列 'p' 不存在，对列 city 不过滤，直接选择所有非无效值。
Block processing time: 0.021182 seconds
Computing Block 306 out of 560
Processing Block size=3
begin cleaner{left: ("[FunctionalDependency:(s: {brewery_id}, t: {city})]", 0.0), operator: *, right: (1.0, 1.0), result: 0.0}
列 'p' 不存在，对列 city 不过滤，直接选择所有非无效值。
Block processing time: 0.007581 seconds
Computing Block 307 out of 560
Processing Block size=7
begin cleaner{left: ("[FunctionalDependency:(s: {brewery_id}, t: {city})]", 0.0), operator: *, right: (1.0, 1.0), result: 0.0}
列 'p' 不存在，对列 city 不过滤，直接选择所有非无效值。
Block processing time: 0.017012 seconds
Computing Block 308 out of 560
Processing Block size=8
begin cleaner{left: ("[FunctionalDependency:(s: {brewery_id}, t: {city})]", 0.0), operator: *, right: (1.0, 1.0), result: 0.0}
列 'p' 不存在，对列 city 不过滤，直接选择所有非无效值。
clean_bool length:3
newest best op: Uniop(df,'city','Paonia CO',(['brewery_id'], {('386',)}),{left: ("[FunctionalDependency:(s: {brewery_id}, t: {city})]", 0.0), operator: *, right: (1.0, 1.0), result: 0.0})
now error: 0.0
newest best op: Uniop(df,'city','Paonia',(['brewery_id'], {('386',)}),{left: ("[FunctionalDependency:(s: {brewery_id}, t: {city})]", 0.0), operator: *, right: (1.0, 1.0), result: 0.0})
now error: 0.0
Block processing time: 0.064061 seconds
Computing Block 309 out of 560
Processing Block size=3
begin cleaner{left: ("[FunctionalDependency:(s: {brewery_id}, t: {city})]", 0.0), operator: *, right: (1.0, 1.0), result: 0.0}
列 'p' 不存在，对列 city 不过滤，直接选择所有非无效值。
Block processing time: 0.007605 seconds
Computing Block 310 out of 560
Processing Block size=4
begin cleaner{left: ("[FunctionalDependency:(s: {brewery_id}, t: {city})]", 0.0), operator: *, right: (1.0, 1.0), result: 0.0}
列 'p' 不存在，对列 city 不过滤，直接选择所有非无效值。
Block processing time: 0.009838 seconds
Computing Block 313 out of 560
Processing Block size=3
begin cleaner{left: ("[FunctionalDependency:(s: {brewery_id}, t: {city})]", 0.0), operator: *, right: (1.0, 1.0), result: 0.0}
列 'p' 不存在，对列 city 不过滤，直接选择所有非无效值。
Block processing time: 0.007622 seconds
Computing Block 314 out of 560
Processing Block size=4
begin cleaner{left: ("[FunctionalDependency:(s: {brewery_id}, t: {city})]", 0.0), operator: *, right: (1.0, 1.0), result: 0.0}
列 'p' 不存在，对列 city 不过滤，直接选择所有非无效值。
Block processing time: 0.009685 seconds
Computing Block 315 out of 560
Processing Block size=4
begin cleaner{left: ("[FunctionalDependency:(s: {brewery_id}, t: {city})]", 0.0), operator: *, right: (1.0, 1.0), result: 0.0}
列 'p' 不存在，对列 city 不过滤，直接选择所有非无效值。
Block processing time: 0.009948 seconds
Computing Block 316 out of 560
Processing Block size=4
begin cleaner{left: ("[FunctionalDependency:(s: {brewery_id}, t: {city})]", 0.0), operator: *, right: (1.0, 1.0), result: 0.0}
列 'p' 不存在，对列 city 不过滤，直接选择所有非无效值。
Block processing time: 0.009775 seconds
Computing Block 317 out of 560
Processing Block size=3
begin cleaner{left: ("[FunctionalDependency:(s: {brewery_id}, t: {city})]", 0.0), operator: *, right: (1.0, 1.0), result: 0.0}
列 'p' 不存在，对列 city 不过滤，直接选择所有非无效值。
Block processing time: 0.007475 seconds
Computing Block 318 out of 560
Processing Block size=6
begin cleaner{left: ("[FunctionalDependency:(s: {brewery_id}, t: {city})]", 0.0), operator: *, right: (1.0, 1.0), result: 0.0}
列 'p' 不存在，对列 city 不过滤，直接选择所有非无效值。
Block processing time: 0.01427 seconds
Computing Block 319 out of 560
Processing Block size=4
begin cleaner{left: ("[FunctionalDependency:(s: {brewery_id}, t: {city})]", 0.0), operator: *, right: (1.0, 1.0), result: 0.0}
列 'p' 不存在，对列 city 不过滤，直接选择所有非无效值。
Block processing time: 0.009823 seconds
Computing Block 320 out of 560
Processing Block size=13
begin cleaner{left: ("[FunctionalDependency:(s: {brewery_id}, t: {city})]", 0.0), operator: *, right: (1.0, 1.0), result: 0.0}
列 'p' 不存在，对列 city 不过滤，直接选择所有非无效值。
clean_bool length:3
newest best op: Uniop(df,'city','Utica',(['brewery_id'], {('299',)}),{left: ("[FunctionalDependency:(s: {brewery_id}, t: {city})]", 0.0), operator: *, right: (1.0, 1.0), result: 0.0})
now error: 0.0
Block processing time: 0.096528 seconds
Computing Block 321 out of 560
Processing Block size=2
begin cleaner{left: ("[FunctionalDependency:(s: {brewery_id}, t: {city})]", 0.0), operator: *, right: (1.0, 1.0), result: 0.0}
列 'p' 不存在，对列 city 不过滤，直接选择所有非无效值。
Block processing time: 0.005349 seconds
Computing Block 322 out of 560
Processing Block size=3
begin cleaner{left: ("[FunctionalDependency:(s: {brewery_id}, t: {city})]", 0.0), operator: *, right: (1.0, 1.0), result: 0.0}
列 'p' 不存在，对列 city 不过滤，直接选择所有非无效值。
clean_bool length:3
newest best op: Uniop(df,'city','Mooresville NC',(['brewery_id'], {('504',)}),{left: ("[FunctionalDependency:(s: {brewery_id}, t: {city})]", 0.0), operator: *, right: (1.0, 1.0), result: 0.0})
now error: 0.0
Block processing time: 0.025329 seconds
Computing Block 324 out of 560
Processing Block size=4
begin cleaner{left: ("[FunctionalDependency:(s: {brewery_id}, t: {city})]", 0.0), operator: *, right: (1.0, 1.0), result: 0.0}
列 'p' 不存在，对列 city 不过滤，直接选择所有非无效值。
Block processing time: 0.009887 seconds
Computing Block 325 out of 560
Processing Block size=3
begin cleaner{left: ("[FunctionalDependency:(s: {brewery_id}, t: {city})]", 0.0), operator: *, right: (1.0, 1.0), result: 0.0}
列 'p' 不存在，对列 city 不过滤，直接选择所有非无效值。
clean_bool length:3
newest best op: Uniop(df,'city','Lake Geneva',(['brewery_id'], {('228',)}),{left: ("[FunctionalDependency:(s: {brewery_id}, t: {city})]", 0.0), operator: *, right: (1.0, 1.0), result: 0.0})
now error: 0.0
Block processing time: 0.025233 seconds
Computing Block 328 out of 560
Processing Block size=5
begin cleaner{left: ("[FunctionalDependency:(s: {brewery_id}, t: {city})]", 0.0), operator: *, right: (1.0, 1.0), result: 0.0}
列 'p' 不存在，对列 city 不过滤，直接选择所有非无效值。
Block processing time: 0.012227 seconds
Computing Block 329 out of 560
Processing Block size=2
begin cleaner{left: ("[FunctionalDependency:(s: {brewery_id}, t: {city})]", 0.0), operator: *, right: (1.0, 1.0), result: 0.0}
列 'p' 不存在，对列 city 不过滤，直接选择所有非无效值。
Block processing time: 0.005264 seconds
Computing Block 330 out of 560
Processing Block size=6
begin cleaner{left: ("[FunctionalDependency:(s: {brewery_id}, t: {city})]", 0.0), operator: *, right: (1.0, 1.0), result: 0.0}
列 'p' 不存在，对列 city 不过滤，直接选择所有非无效值。
clean_bool length:3
newest best op: Uniop(df,'city','Detroit MI',(['brewery_id'], {('72',)}),{left: ("[FunctionalDependency:(s: {brewery_id}, t: {city})]", 0.0), operator: *, right: (1.0, 1.0), result: 0.0})
now error: 0.0
newest best op: Uniop(df,'city','Detroit',(['brewery_id'], {('72',)}),{left: ("[FunctionalDependency:(s: {brewery_id}, t: {city})]", 0.0), operator: *, right: (1.0, 1.0), result: 0.0})
now error: 0.0
Block processing time: 0.047684 seconds
Computing Block 331 out of 560
Processing Block size=8
begin cleaner{left: ("[FunctionalDependency:(s: {brewery_id}, t: {city})]", 0.0), operator: *, right: (1.0, 1.0), result: 0.0}
列 'p' 不存在，对列 city 不过滤，直接选择所有非无效值。
Block processing time: 0.019095 seconds
Computing Block 332 out of 560
Processing Block size=2
begin cleaner{left: ("[FunctionalDependency:(s: {brewery_id}, t: {city})]", 0.0), operator: *, right: (1.0, 1.0), result: 0.0}
列 'p' 不存在，对列 city 不过滤，直接选择所有非无效值。
Block processing time: 0.0052 seconds
Computing Block 333 out of 560
Processing Block size=6
begin cleaner{left: ("[FunctionalDependency:(s: {brewery_id}, t: {city})]", 0.0), operator: *, right: (1.0, 1.0), result: 0.0}
列 'p' 不存在，对列 city 不过滤，直接选择所有非无效值。
Block processing time: 0.014313 seconds
Computing Block 336 out of 560
Processing Block size=2
begin cleaner{left: ("[FunctionalDependency:(s: {brewery_id}, t: {city})]", 0.0), operator: *, right: (1.0, 1.0), result: 0.0}
列 'p' 不存在，对列 city 不过滤，直接选择所有非无效值。
Block processing time: 0.005235 seconds
Computing Block 338 out of 560
Processing Block size=12
begin cleaner{left: ("[FunctionalDependency:(s: {brewery_id}, t: {city})]", 0.0), operator: *, right: (1.0, 1.0), result: 0.0}
列 'p' 不存在，对列 city 不过滤，直接选择所有非无效值。
Block processing time: 0.027906 seconds
Computing Block 339 out of 560
Processing Block size=9
begin cleaner{left: ("[FunctionalDependency:(s: {brewery_id}, t: {city})]", 0.0), operator: *, right: (1.0, 1.0), result: 0.0}
列 'p' 不存在，对列 city 不过滤，直接选择所有非无效值。
Block processing time: 0.021264 seconds
Computing Block 341 out of 560
Processing Block size=15
begin cleaner{left: ("[FunctionalDependency:(s: {brewery_id}, t: {city})]", 0.0), operator: *, right: (1.0, 1.0), result: 0.0}
列 'p' 不存在，对列 city 不过滤，直接选择所有非无效值。
clean_bool length:3
newest best op: Uniop(df,'city','Export',(['brewery_id'], {('43',)}),{left: ("[FunctionalDependency:(s: {brewery_id}, t: {city})]", 0.0), operator: *, right: (1.0, 1.0), result: 0.0})
now error: 0.0
Block processing time: 0.112775 seconds
Computing Block 342 out of 560
Processing Block size=9
begin cleaner{left: ("[FunctionalDependency:(s: {brewery_id}, t: {city})]", 0.0), operator: *, right: (1.0, 1.0), result: 0.0}
列 'p' 不存在，对列 city 不过滤，直接选择所有非无效值。
Block processing time: 0.021431 seconds
Computing Block 343 out of 560
Processing Block size=2
begin cleaner{left: ("[FunctionalDependency:(s: {brewery_id}, t: {city})]", 0.0), operator: *, right: (1.0, 1.0), result: 0.0}
列 'p' 不存在，对列 city 不过滤，直接选择所有非无效值。
Block processing time: 0.00522 seconds
Computing Block 346 out of 560
Processing Block size=3
begin cleaner{left: ("[FunctionalDependency:(s: {brewery_id}, t: {city})]", 0.0), operator: *, right: (1.0, 1.0), result: 0.0}
列 'p' 不存在，对列 city 不过滤，直接选择所有非无效值。
Block processing time: 0.0079 seconds
Computing Block 347 out of 560
Processing Block size=2
begin cleaner{left: ("[FunctionalDependency:(s: {brewery_id}, t: {city})]", 0.0), operator: *, right: (1.0, 1.0), result: 0.0}
列 'p' 不存在，对列 city 不过滤，直接选择所有非无效值。
Block processing time: 0.005253 seconds
Computing Block 348 out of 560
Processing Block size=4
begin cleaner{left: ("[FunctionalDependency:(s: {brewery_id}, t: {city})]", 0.0), operator: *, right: (1.0, 1.0), result: 0.0}
列 'p' 不存在，对列 city 不过滤，直接选择所有非无效值。
clean_bool length:3
newest best op: Uniop(df,'city','San Diego CA',(['brewery_id'], {('98',)}),{left: ("[FunctionalDependency:(s: {brewery_id}, t: {city})]", 0.0), operator: *, right: (1.0, 1.0), result: 0.0})
now error: 0.0
Block processing time: 0.033475 seconds
Computing Block 351 out of 560
Processing Block size=6
begin cleaner{left: ("[FunctionalDependency:(s: {brewery_id}, t: {city})]", 0.0), operator: *, right: (1.0, 1.0), result: 0.0}
列 'p' 不存在，对列 city 不过滤，直接选择所有非无效值。
Block processing time: 0.014425 seconds
Computing Block 352 out of 560
Processing Block size=2
begin cleaner{left: ("[FunctionalDependency:(s: {brewery_id}, t: {city})]", 0.0), operator: *, right: (1.0, 1.0), result: 0.0}
列 'p' 不存在，对列 city 不过滤，直接选择所有非无效值。
Block processing time: 0.005256 seconds
Computing Block 354 out of 560
Processing Block size=2
begin cleaner{left: ("[FunctionalDependency:(s: {brewery_id}, t: {city})]", 0.0), operator: *, right: (1.0, 1.0), result: 0.0}
列 'p' 不存在，对列 city 不过滤，直接选择所有非无效值。
Block processing time: 0.005246 seconds
Computing Block 355 out of 560
Processing Block size=2
begin cleaner{left: ("[FunctionalDependency:(s: {brewery_id}, t: {city})]", 0.0), operator: *, right: (1.0, 1.0), result: 0.0}
列 'p' 不存在，对列 city 不过滤，直接选择所有非无效值。
Block processing time: 0.005229 seconds
Computing Block 356 out of 560
Processing Block size=4
begin cleaner{left: ("[FunctionalDependency:(s: {brewery_id}, t: {city})]", 0.0), operator: *, right: (1.0, 1.0), result: 0.0}
列 'p' 不存在，对列 city 不过滤，直接选择所有非无效值。
clean_bool length:3
newest best op: Uniop(df,'city','Afton',(['brewery_id'], {('382',)}),{left: ("[FunctionalDependency:(s: {brewery_id}, t: {city})]", 0.0), operator: *, right: (1.0, 1.0), result: 0.0})
now error: 0.0
Block processing time: 0.032861 seconds
Computing Block 357 out of 560
Processing Block size=4
begin cleaner{left: ("[FunctionalDependency:(s: {brewery_id}, t: {city})]", 0.0), operator: *, right: (1.0, 1.0), result: 0.0}
列 'p' 不存在，对列 city 不过滤，直接选择所有非无效值。
Block processing time: 0.009917 seconds
Computing Block 358 out of 560
Processing Block size=3
begin cleaner{left: ("[FunctionalDependency:(s: {brewery_id}, t: {city})]", 0.0), operator: *, right: (1.0, 1.0), result: 0.0}
列 'p' 不存在，对列 city 不过滤，直接选择所有非无效值。
Block processing time: 0.007496 seconds
Computing Block 360 out of 560
Processing Block size=2
begin cleaner{left: ("[FunctionalDependency:(s: {brewery_id}, t: {city})]", 0.0), operator: *, right: (1.0, 1.0), result: 0.0}
列 'p' 不存在，对列 city 不过滤，直接选择所有非无效值。
Block processing time: 0.005214 seconds
Computing Block 361 out of 560
Processing Block size=7
begin cleaner{left: ("[FunctionalDependency:(s: {brewery_id}, t: {city})]", 0.0), operator: *, right: (1.0, 1.0), result: 0.0}
列 'p' 不存在，对列 city 不过滤，直接选择所有非无效值。
Block processing time: 0.016654 seconds
Computing Block 362 out of 560
Processing Block size=12
begin cleaner{left: ("[FunctionalDependency:(s: {brewery_id}, t: {city})]", 0.0), operator: *, right: (1.0, 1.0), result: 0.0}
列 'p' 不存在，对列 city 不过滤，直接选择所有非无效值。
clean_bool length:3
newest best op: Uniop(df,'city','Chicago',(['brewery_id'], {('175',)}),{left: ("[FunctionalDependency:(s: {brewery_id}, t: {city})]", 0.0), operator: *, right: (1.0, 1.0), result: 0.0})
now error: 0.0
Block processing time: 0.089283 seconds
Computing Block 364 out of 560
Processing Block size=22
begin cleaner{left: ("[FunctionalDependency:(s: {brewery_id}, t: {city})]", 0.0), operator: *, right: (1.0, 1.0), result: 0.0}
列 'p' 不存在，对列 city 不过滤，直接选择所有非无效值。
Block processing time: 0.050944 seconds
Computing Block 365 out of 560
Processing Block size=10
begin cleaner{left: ("[FunctionalDependency:(s: {brewery_id}, t: {city})]", 0.0), operator: *, right: (1.0, 1.0), result: 0.0}
列 'p' 不存在，对列 city 不过滤，直接选择所有非无效值。
Block processing time: 0.023539 seconds
Computing Block 366 out of 560
Processing Block size=3
begin cleaner{left: ("[FunctionalDependency:(s: {brewery_id}, t: {city})]", 0.0), operator: *, right: (1.0, 1.0), result: 0.0}
列 'p' 不存在，对列 city 不过滤，直接选择所有非无效值。
Block processing time: 0.007534 seconds
Computing Block 367 out of 560
Processing Block size=8
begin cleaner{left: ("[FunctionalDependency:(s: {brewery_id}, t: {city})]", 0.0), operator: *, right: (1.0, 1.0), result: 0.0}
列 'p' 不存在，对列 city 不过滤，直接选择所有非无效值。
Block processing time: 0.019088 seconds
Computing Block 368 out of 560
Processing Block size=3
begin cleaner{left: ("[FunctionalDependency:(s: {brewery_id}, t: {city})]", 0.0), operator: *, right: (1.0, 1.0), result: 0.0}
列 'p' 不存在，对列 city 不过滤，直接选择所有非无效值。
Block processing time: 0.007476 seconds
Computing Block 370 out of 560
Processing Block size=4
begin cleaner{left: ("[FunctionalDependency:(s: {brewery_id}, t: {city})]", 0.0), operator: *, right: (1.0, 1.0), result: 0.0}
列 'p' 不存在，对列 city 不过滤，直接选择所有非无效值。
Block processing time: 0.009874 seconds
Computing Block 371 out of 560
Processing Block size=4
begin cleaner{left: ("[FunctionalDependency:(s: {brewery_id}, t: {city})]", 0.0), operator: *, right: (1.0, 1.0), result: 0.0}
列 'p' 不存在，对列 city 不过滤，直接选择所有非无效值。
Block processing time: 0.009861 seconds
Computing Block 372 out of 560
Processing Block size=5
begin cleaner{left: ("[FunctionalDependency:(s: {brewery_id}, t: {city})]", 0.0), operator: *, right: (1.0, 1.0), result: 0.0}
列 'p' 不存在，对列 city 不过滤，直接选择所有非无效值。
clean_bool length:3
newest best op: Uniop(df,'city','Gloucester MA',(['brewery_id'], {('230',)}),{left: ("[FunctionalDependency:(s: {brewery_id}, t: {city})]", 0.0), operator: *, right: (1.0, 1.0), result: 0.0})
now error: 0.0
newest best op: Uniop(df,'city','Gloucester',(['brewery_id'], {('230',)}),{left: ("[FunctionalDependency:(s: {brewery_id}, t: {city})]", 0.0), operator: *, right: (1.0, 1.0), result: 0.0})
now error: 0.0
Block processing time: 0.040062 seconds
Computing Block 373 out of 560
Processing Block size=3
begin cleaner{left: ("[FunctionalDependency:(s: {brewery_id}, t: {city})]", 0.0), operator: *, right: (1.0, 1.0), result: 0.0}
列 'p' 不存在，对列 city 不过滤，直接选择所有非无效值。
Block processing time: 0.007695 seconds
Computing Block 374 out of 560
Processing Block size=5
begin cleaner{left: ("[FunctionalDependency:(s: {brewery_id}, t: {city})]", 0.0), operator: *, right: (1.0, 1.0), result: 0.0}
列 'p' 不存在，对列 city 不过滤，直接选择所有非无效值。
Block processing time: 0.012252 seconds
Computing Block 375 out of 560
Processing Block size=2
begin cleaner{left: ("[FunctionalDependency:(s: {brewery_id}, t: {city})]", 0.0), operator: *, right: (1.0, 1.0), result: 0.0}
列 'p' 不存在，对列 city 不过滤，直接选择所有非无效值。
Block processing time: 0.005232 seconds
Computing Block 376 out of 560
Processing Block size=2
begin cleaner{left: ("[FunctionalDependency:(s: {brewery_id}, t: {city})]", 0.0), operator: *, right: (1.0, 1.0), result: 0.0}
列 'p' 不存在，对列 city 不过滤，直接选择所有非无效值。
Block processing time: 0.00537 seconds
Computing Block 378 out of 560
Processing Block size=2
begin cleaner{left: ("[FunctionalDependency:(s: {brewery_id}, t: {city})]", 0.0), operator: *, right: (1.0, 1.0), result: 0.0}
列 'p' 不存在，对列 city 不过滤，直接选择所有非无效值。
Block processing time: 0.005217 seconds
Computing Block 379 out of 560
Processing Block size=4
begin cleaner{left: ("[FunctionalDependency:(s: {brewery_id}, t: {city})]", 0.0), operator: *, right: (1.0, 1.0), result: 0.0}
列 'p' 不存在，对列 city 不过滤，直接选择所有非无效值。
Block processing time: 0.009918 seconds
Computing Block 380 out of 560
Processing Block size=7
begin cleaner{left: ("[FunctionalDependency:(s: {brewery_id}, t: {city})]", 0.0), operator: *, right: (1.0, 1.0), result: 0.0}
列 'p' 不存在，对列 city 不过滤，直接选择所有非无效值。
Block processing time: 0.016883 seconds
Computing Block 381 out of 560
Processing Block size=19
begin cleaner{left: ("[FunctionalDependency:(s: {brewery_id}, t: {city})]", 0.0), operator: *, right: (1.0, 1.0), result: 0.0}
列 'p' 不存在，对列 city 不过滤，直接选择所有非无效值。
clean_bool length:3
newest best op: Uniop(df,'city','Eagle CO',(['brewery_id'], {('107',)}),{left: ("[FunctionalDependency:(s: {brewery_id}, t: {city})]", 0.0), operator: *, right: (1.0, 1.0), result: 0.0})
now error: 0.0
newest best op: Uniop(df,'city','Eagle',(['brewery_id'], {('107',)}),{left: ("[FunctionalDependency:(s: {brewery_id}, t: {city})]", 0.0), operator: *, right: (1.0, 1.0), result: 0.0})
now error: 0.0
Block processing time: 0.140368 seconds
Computing Block 382 out of 560
Processing Block size=3
begin cleaner{left: ("[FunctionalDependency:(s: {brewery_id}, t: {city})]", 0.0), operator: *, right: (1.0, 1.0), result: 0.0}
列 'p' 不存在，对列 city 不过滤，直接选择所有非无效值。
Block processing time: 0.008618 seconds
Computing Block 383 out of 560
Processing Block size=2
begin cleaner{left: ("[FunctionalDependency:(s: {brewery_id}, t: {city})]", 0.0), operator: *, right: (1.0, 1.0), result: 0.0}
列 'p' 不存在，对列 city 不过滤，直接选择所有非无效值。
Block processing time: 0.005258 seconds
Computing Block 384 out of 560
Processing Block size=3
begin cleaner{left: ("[FunctionalDependency:(s: {brewery_id}, t: {city})]", 0.0), operator: *, right: (1.0, 1.0), result: 0.0}
列 'p' 不存在，对列 city 不过滤，直接选择所有非无效值。
Block processing time: 0.007474 seconds
Computing Block 385 out of 560
Processing Block size=2
begin cleaner{left: ("[FunctionalDependency:(s: {brewery_id}, t: {city})]", 0.0), operator: *, right: (1.0, 1.0), result: 0.0}
列 'p' 不存在，对列 city 不过滤，直接选择所有非无效值。
Block processing time: 0.005094 seconds
Computing Block 386 out of 560
Processing Block size=4
begin cleaner{left: ("[FunctionalDependency:(s: {brewery_id}, t: {city})]", 0.0), operator: *, right: (1.0, 1.0), result: 0.0}
列 'p' 不存在，对列 city 不过滤，直接选择所有非无效值。
Block processing time: 0.009788 seconds
Computing Block 387 out of 560
Processing Block size=4
begin cleaner{left: ("[FunctionalDependency:(s: {brewery_id}, t: {city})]", 0.0), operator: *, right: (1.0, 1.0), result: 0.0}
列 'p' 不存在，对列 city 不过滤，直接选择所有非无效值。
Block processing time: 0.010021 seconds
Computing Block 388 out of 560
Processing Block size=3
begin cleaner{left: ("[FunctionalDependency:(s: {brewery_id}, t: {city})]", 0.0), operator: *, right: (1.0, 1.0), result: 0.0}
列 'p' 不存在，对列 city 不过滤，直接选择所有非无效值。
Block processing time: 0.007501 seconds
Computing Block 389 out of 560
Processing Block size=4
begin cleaner{left: ("[FunctionalDependency:(s: {brewery_id}, t: {city})]", 0.0), operator: *, right: (1.0, 1.0), result: 0.0}
列 'p' 不存在，对列 city 不过滤，直接选择所有非无效值。
clean_bool length:3
newest best op: Uniop(df,'city','Charlottesville VA',(['brewery_id'], {('236',)}),{left: ("[FunctionalDependency:(s: {brewery_id}, t: {city})]", 0.0), operator: *, right: (1.0, 1.0), result: 0.0})
now error: 0.0
newest best op: Uniop(df,'city','Charlottesville',(['brewery_id'], {('236',)}),{left: ("[FunctionalDependency:(s: {brewery_id}, t: {city})]", 0.0), operator: *, right: (1.0, 1.0), result: 0.0})
now error: 0.0
Block processing time: 0.032731 seconds
Computing Block 390 out of 560
Processing Block size=3
begin cleaner{left: ("[FunctionalDependency:(s: {brewery_id}, t: {city})]", 0.0), operator: *, right: (1.0, 1.0), result: 0.0}
列 'p' 不存在，对列 city 不过滤，直接选择所有非无效值。
Block processing time: 0.007587 seconds
Computing Block 391 out of 560
Processing Block size=2
begin cleaner{left: ("[FunctionalDependency:(s: {brewery_id}, t: {city})]", 0.0), operator: *, right: (1.0, 1.0), result: 0.0}
列 'p' 不存在，对列 city 不过滤，直接选择所有非无效值。
Block processing time: 0.005273 seconds
Computing Block 392 out of 560
Processing Block size=2
begin cleaner{left: ("[FunctionalDependency:(s: {brewery_id}, t: {city})]", 0.0), operator: *, right: (1.0, 1.0), result: 0.0}
列 'p' 不存在，对列 city 不过滤，直接选择所有非无效值。
Block processing time: 0.005186 seconds
Computing Block 393 out of 560
Processing Block size=3
begin cleaner{left: ("[FunctionalDependency:(s: {brewery_id}, t: {city})]", 0.0), operator: *, right: (1.0, 1.0), result: 0.0}
列 'p' 不存在，对列 city 不过滤，直接选择所有非无效值。
Block processing time: 0.007503 seconds
Computing Block 394 out of 560
Processing Block size=7
begin cleaner{left: ("[FunctionalDependency:(s: {brewery_id}, t: {city})]", 0.0), operator: *, right: (1.0, 1.0), result: 0.0}
列 'p' 不存在，对列 city 不过滤，直接选择所有非无效值。
Block processing time: 0.016719 seconds
Computing Block 397 out of 560
Processing Block size=3
begin cleaner{left: ("[FunctionalDependency:(s: {brewery_id}, t: {city})]", 0.0), operator: *, right: (1.0, 1.0), result: 0.0}
列 'p' 不存在，对列 city 不过滤，直接选择所有非无效值。
clean_bool length:3
newest best op: Uniop(df,'city','Stevensville',(['brewery_id'], {('499',)}),{left: ("[FunctionalDependency:(s: {brewery_id}, t: {city})]", 0.0), operator: *, right: (1.0, 1.0), result: 0.0})
now error: 0.0
Block processing time: 0.026617 seconds
Computing Block 398 out of 560
Processing Block size=12
begin cleaner{left: ("[FunctionalDependency:(s: {brewery_id}, t: {city})]", 0.0), operator: *, right: (1.0, 1.0), result: 0.0}
列 'p' 不存在，对列 city 不过滤，直接选择所有非无效值。
clean_bool length:3
newest best op: Uniop(df,'city','Pottstown',(['brewery_id'], {('371',)}),{left: ("[FunctionalDependency:(s: {brewery_id}, t: {city})]", 0.0), operator: *, right: (1.0, 1.0), result: 0.0})
now error: 0.0
Block processing time: 0.09177 seconds
Computing Block 399 out of 560
Processing Block size=10
begin cleaner{left: ("[FunctionalDependency:(s: {brewery_id}, t: {city})]", 0.0), operator: *, right: (1.0, 1.0), result: 0.0}
列 'p' 不存在，对列 city 不过滤，直接选择所有非无效值。
Block processing time: 0.024838 seconds
Computing Block 400 out of 560
Processing Block size=4
begin cleaner{left: ("[FunctionalDependency:(s: {brewery_id}, t: {city})]", 0.0), operator: *, right: (1.0, 1.0), result: 0.0}
列 'p' 不存在，对列 city 不过滤，直接选择所有非无效值。
Block processing time: 0.009839 seconds
Computing Block 401 out of 560
Processing Block size=2
begin cleaner{left: ("[FunctionalDependency:(s: {brewery_id}, t: {city})]", 0.0), operator: *, right: (1.0, 1.0), result: 0.0}
列 'p' 不存在，对列 city 不过滤，直接选择所有非无效值。
Block processing time: 0.005217 seconds
Computing Block 402 out of 560
Processing Block size=8
begin cleaner{left: ("[FunctionalDependency:(s: {brewery_id}, t: {city})]", 0.0), operator: *, right: (1.0, 1.0), result: 0.0}
列 'p' 不存在，对列 city 不过滤，直接选择所有非无效值。
clean_bool length:3
newest best op: Uniop(df,'city','Fort Worth',(['brewery_id'], {('161',)}),{left: ("[FunctionalDependency:(s: {brewery_id}, t: {city})]", 0.0), operator: *, right: (1.0, 1.0), result: 0.0})
now error: 0.0
Block processing time: 0.061008 seconds
Computing Block 403 out of 560
Processing Block size=4
begin cleaner{left: ("[FunctionalDependency:(s: {brewery_id}, t: {city})]", 0.0), operator: *, right: (1.0, 1.0), result: 0.0}
列 'p' 不存在，对列 city 不过滤，直接选择所有非无效值。
Block processing time: 0.010027 seconds
Computing Block 405 out of 560
Processing Block size=5
begin cleaner{left: ("[FunctionalDependency:(s: {brewery_id}, t: {city})]", 0.0), operator: *, right: (1.0, 1.0), result: 0.0}
列 'p' 不存在，对列 city 不过滤，直接选择所有非无效值。
Block processing time: 0.012203 seconds
Computing Block 406 out of 560
Processing Block size=3
begin cleaner{left: ("[FunctionalDependency:(s: {brewery_id}, t: {city})]", 0.0), operator: *, right: (1.0, 1.0), result: 0.0}
列 'p' 不存在，对列 city 不过滤，直接选择所有非无效值。
Block processing time: 0.007516 seconds
Computing Block 408 out of 560
Processing Block size=2
begin cleaner{left: ("[FunctionalDependency:(s: {brewery_id}, t: {city})]", 0.0), operator: *, right: (1.0, 1.0), result: 0.0}
列 'p' 不存在，对列 city 不过滤，直接选择所有非无效值。
clean_bool length:3
newest best op: Uniop(df,'city','Denton TX',(['brewery_id'], {('426',)}),{left: ("[FunctionalDependency:(s: {brewery_id}, t: {city})]", 0.0), operator: *, right: (1.0, 1.0), result: 0.0})
now error: 0.0
Block processing time: 0.018068 seconds
Computing Block 409 out of 560
Processing Block size=5
begin cleaner{left: ("[FunctionalDependency:(s: {brewery_id}, t: {city})]", 0.0), operator: *, right: (1.0, 1.0), result: 0.0}
列 'p' 不存在，对列 city 不过滤，直接选择所有非无效值。
Block processing time: 0.012208 seconds
Computing Block 410 out of 560
Processing Block size=2
begin cleaner{left: ("[FunctionalDependency:(s: {brewery_id}, t: {city})]", 0.0), operator: *, right: (1.0, 1.0), result: 0.0}
列 'p' 不存在，对列 city 不过滤，直接选择所有非无效值。
Block processing time: 0.005283 seconds
Computing Block 411 out of 560
Processing Block size=3
begin cleaner{left: ("[FunctionalDependency:(s: {brewery_id}, t: {city})]", 0.0), operator: *, right: (1.0, 1.0), result: 0.0}
列 'p' 不存在，对列 city 不过滤，直接选择所有非无效值。
Block processing time: 0.007422 seconds
Computing Block 412 out of 560
Processing Block size=4
begin cleaner{left: ("[FunctionalDependency:(s: {brewery_id}, t: {city})]", 0.0), operator: *, right: (1.0, 1.0), result: 0.0}
列 'p' 不存在，对列 city 不过滤，直接选择所有非无效值。
Block processing time: 0.009672 seconds
Computing Block 413 out of 560
Processing Block size=5
begin cleaner{left: ("[FunctionalDependency:(s: {brewery_id}, t: {city})]", 0.0), operator: *, right: (1.0, 1.0), result: 0.0}
列 'p' 不存在，对列 city 不过滤，直接选择所有非无效值。
Block processing time: 0.012097 seconds
Computing Block 414 out of 560
Processing Block size=4
begin cleaner{left: ("[FunctionalDependency:(s: {brewery_id}, t: {city})]", 0.0), operator: *, right: (1.0, 1.0), result: 0.0}
列 'p' 不存在，对列 city 不过滤，直接选择所有非无效值。
Block processing time: 0.00981 seconds
Computing Block 415 out of 560
Processing Block size=4
begin cleaner{left: ("[FunctionalDependency:(s: {brewery_id}, t: {city})]", 0.0), operator: *, right: (1.0, 1.0), result: 0.0}
列 'p' 不存在，对列 city 不过滤，直接选择所有非无效值。
Block processing time: 0.009957 seconds
Computing Block 416 out of 560
Processing Block size=2
begin cleaner{left: ("[FunctionalDependency:(s: {brewery_id}, t: {city})]", 0.0), operator: *, right: (1.0, 1.0), result: 0.0}
列 'p' 不存在，对列 city 不过滤，直接选择所有非无效值。
clean_bool length:3
newest best op: Uniop(df,'city','Portland ME',(['brewery_id'], {('42',)}),{left: ("[FunctionalDependency:(s: {brewery_id}, t: {city})]", 0.0), operator: *, right: (1.0, 1.0), result: 0.0})
now error: 0.0
Block processing time: 0.018284 seconds
Computing Block 417 out of 560
Processing Block size=2
begin cleaner{left: ("[FunctionalDependency:(s: {brewery_id}, t: {city})]", 0.0), operator: *, right: (1.0, 1.0), result: 0.0}
列 'p' 不存在，对列 city 不过滤，直接选择所有非无效值。
Block processing time: 0.005272 seconds
Computing Block 418 out of 560
Processing Block size=5
begin cleaner{left: ("[FunctionalDependency:(s: {brewery_id}, t: {city})]", 0.0), operator: *, right: (1.0, 1.0), result: 0.0}
列 'p' 不存在，对列 city 不过滤，直接选择所有非无效值。
Block processing time: 0.012086 seconds
Computing Block 420 out of 560
Processing Block size=5
begin cleaner{left: ("[FunctionalDependency:(s: {brewery_id}, t: {city})]", 0.0), operator: *, right: (1.0, 1.0), result: 0.0}
列 'p' 不存在，对列 city 不过滤，直接选择所有非无效值。
Block processing time: 0.01225 seconds
Computing Block 421 out of 560
Processing Block size=2
begin cleaner{left: ("[FunctionalDependency:(s: {brewery_id}, t: {city})]", 0.0), operator: *, right: (1.0, 1.0), result: 0.0}
列 'p' 不存在，对列 city 不过滤，直接选择所有非无效值。
Block processing time: 0.00524 seconds
Computing Block 422 out of 560
Processing Block size=2
begin cleaner{left: ("[FunctionalDependency:(s: {brewery_id}, t: {city})]", 0.0), operator: *, right: (1.0, 1.0), result: 0.0}
列 'p' 不存在，对列 city 不过滤，直接选择所有非无效值。
Block processing time: 0.005133 seconds
Computing Block 423 out of 560
Processing Block size=3
begin cleaner{left: ("[FunctionalDependency:(s: {brewery_id}, t: {city})]", 0.0), operator: *, right: (1.0, 1.0), result: 0.0}
列 'p' 不存在，对列 city 不过滤，直接选择所有非无效值。
Block processing time: 0.00746 seconds
Computing Block 424 out of 560
Processing Block size=5
begin cleaner{left: ("[FunctionalDependency:(s: {brewery_id}, t: {city})]", 0.0), operator: *, right: (1.0, 1.0), result: 0.0}
列 'p' 不存在，对列 city 不过滤，直接选择所有非无效值。
Block processing time: 0.012262 seconds
Computing Block 425 out of 560
Processing Block size=2
begin cleaner{left: ("[FunctionalDependency:(s: {brewery_id}, t: {city})]", 0.0), operator: *, right: (1.0, 1.0), result: 0.0}
列 'p' 不存在，对列 city 不过滤，直接选择所有非无效值。
Block processing time: 0.005127 seconds
Computing Block 426 out of 560
Processing Block size=4
begin cleaner{left: ("[FunctionalDependency:(s: {brewery_id}, t: {city})]", 0.0), operator: *, right: (1.0, 1.0), result: 0.0}
列 'p' 不存在，对列 city 不过滤，直接选择所有非无效值。
Block processing time: 0.009801 seconds
Computing Block 427 out of 560
Processing Block size=4
begin cleaner{left: ("[FunctionalDependency:(s: {brewery_id}, t: {city})]", 0.0), operator: *, right: (1.0, 1.0), result: 0.0}
列 'p' 不存在，对列 city 不过滤，直接选择所有非无效值。
Block processing time: 0.009887 seconds
Computing Block 428 out of 560
Processing Block size=2
begin cleaner{left: ("[FunctionalDependency:(s: {brewery_id}, t: {city})]", 0.0), operator: *, right: (1.0, 1.0), result: 0.0}
列 'p' 不存在，对列 city 不过滤，直接选择所有非无效值。
clean_bool length:3
newest best op: Uniop(df,'city','Portland ME',(['brewery_id'], {('266',)}),{left: ("[FunctionalDependency:(s: {brewery_id}, t: {city})]", 0.0), operator: *, right: (1.0, 1.0), result: 0.0})
now error: 0.0
Block processing time: 0.018001 seconds
Computing Block 430 out of 560
Processing Block size=3
begin cleaner{left: ("[FunctionalDependency:(s: {brewery_id}, t: {city})]", 0.0), operator: *, right: (1.0, 1.0), result: 0.0}
列 'p' 不存在，对列 city 不过滤，直接选择所有非无效值。
Block processing time: 0.007594 seconds
Computing Block 431 out of 560
Processing Block size=7
begin cleaner{left: ("[FunctionalDependency:(s: {brewery_id}, t: {city})]", 0.0), operator: *, right: (1.0, 1.0), result: 0.0}
列 'p' 不存在，对列 city 不过滤，直接选择所有非无效值。
Block processing time: 0.017845 seconds
Computing Block 432 out of 560
Processing Block size=2
begin cleaner{left: ("[FunctionalDependency:(s: {brewery_id}, t: {city})]", 0.0), operator: *, right: (1.0, 1.0), result: 0.0}
列 'p' 不存在，对列 city 不过滤，直接选择所有非无效值。
clean_bool length:3
newest best op: Uniop(df,'city','Edwards',(['brewery_id'], {('452',)}),{left: ("[FunctionalDependency:(s: {brewery_id}, t: {city})]", 0.0), operator: *, right: (1.0, 1.0), result: 0.0})
now error: 0.0
Block processing time: 0.019033 seconds
Computing Block 433 out of 560
Processing Block size=10
begin cleaner{left: ("[FunctionalDependency:(s: {brewery_id}, t: {city})]", 0.0), operator: *, right: (1.0, 1.0), result: 0.0}
列 'p' 不存在，对列 city 不过滤，直接选择所有非无效值。
clean_bool length:3
newest best op: Uniop(df,'city','Lake Barrington IL',(['brewery_id'], {('361',)}),{left: ("[FunctionalDependency:(s: {brewery_id}, t: {city})]", 0.0), operator: *, right: (1.0, 1.0), result: 0.0})
now error: 0.0
newest best op: Uniop(df,'city','Lake Barrington',(['brewery_id'], {('361',)}),{left: ("[FunctionalDependency:(s: {brewery_id}, t: {city})]", 0.0), operator: *, right: (1.0, 1.0), result: 0.0})
now error: 0.0
Block processing time: 0.075656 seconds
Computing Block 434 out of 560
Processing Block size=2
begin cleaner{left: ("[FunctionalDependency:(s: {brewery_id}, t: {city})]", 0.0), operator: *, right: (1.0, 1.0), result: 0.0}
列 'p' 不存在，对列 city 不过滤，直接选择所有非无效值。
Block processing time: 0.005318 seconds
Computing Block 436 out of 560
Processing Block size=12
begin cleaner{left: ("[FunctionalDependency:(s: {brewery_id}, t: {city})]", 0.0), operator: *, right: (1.0, 1.0), result: 0.0}
列 'p' 不存在，对列 city 不过滤，直接选择所有非无效值。
Block processing time: 0.028127 seconds
Computing Block 437 out of 560
Processing Block size=4
begin cleaner{left: ("[FunctionalDependency:(s: {brewery_id}, t: {city})]", 0.0), operator: *, right: (1.0, 1.0), result: 0.0}
列 'p' 不存在，对列 city 不过滤，直接选择所有非无效值。
Block processing time: 0.009824 seconds
Computing Block 438 out of 560
Processing Block size=4
begin cleaner{left: ("[FunctionalDependency:(s: {brewery_id}, t: {city})]", 0.0), operator: *, right: (1.0, 1.0), result: 0.0}
列 'p' 不存在，对列 city 不过滤，直接选择所有非无效值。
Block processing time: 0.009782 seconds
Computing Block 439 out of 560
Processing Block size=4
begin cleaner{left: ("[FunctionalDependency:(s: {brewery_id}, t: {city})]", 0.0), operator: *, right: (1.0, 1.0), result: 0.0}
列 'p' 不存在，对列 city 不过滤，直接选择所有非无效值。
Block processing time: 0.009754 seconds
Computing Block 440 out of 560
Processing Block size=2
begin cleaner{left: ("[FunctionalDependency:(s: {brewery_id}, t: {city})]", 0.0), operator: *, right: (1.0, 1.0), result: 0.0}
列 'p' 不存在，对列 city 不过滤，直接选择所有非无效值。
Block processing time: 0.005287 seconds
Computing Block 441 out of 560
Processing Block size=2
begin cleaner{left: ("[FunctionalDependency:(s: {brewery_id}, t: {city})]", 0.0), operator: *, right: (1.0, 1.0), result: 0.0}
列 'p' 不存在，对列 city 不过滤，直接选择所有非无效值。
Block processing time: 0.005175 seconds
Computing Block 442 out of 560
Processing Block size=5
begin cleaner{left: ("[FunctionalDependency:(s: {brewery_id}, t: {city})]", 0.0), operator: *, right: (1.0, 1.0), result: 0.0}
列 'p' 不存在，对列 city 不过滤，直接选择所有非无效值。
Block processing time: 0.012195 seconds
Computing Block 443 out of 560
Processing Block size=6
begin cleaner{left: ("[FunctionalDependency:(s: {brewery_id}, t: {city})]", 0.0), operator: *, right: (1.0, 1.0), result: 0.0}
列 'p' 不存在，对列 city 不过滤，直接选择所有非无效值。
clean_bool length:3
newest best op: Uniop(df,'city','Stevens Point',(['brewery_id'], {('32',)}),{left: ("[FunctionalDependency:(s: {brewery_id}, t: {city})]", 0.0), operator: *, right: (1.0, 1.0), result: 0.0})
now error: 0.0
Block processing time: 0.046712 seconds
Computing Block 445 out of 560
Processing Block size=6
begin cleaner{left: ("[FunctionalDependency:(s: {brewery_id}, t: {city})]", 0.0), operator: *, right: (1.0, 1.0), result: 0.0}
列 'p' 不存在，对列 city 不过滤，直接选择所有非无效值。
Block processing time: 0.014542 seconds
Computing Block 446 out of 560
Processing Block size=2
begin cleaner{left: ("[FunctionalDependency:(s: {brewery_id}, t: {city})]", 0.0), operator: *, right: (1.0, 1.0), result: 0.0}
列 'p' 不存在，对列 city 不过滤，直接选择所有非无效值。
Block processing time: 0.005305 seconds
Computing Block 448 out of 560
Processing Block size=6
begin cleaner{left: ("[FunctionalDependency:(s: {brewery_id}, t: {city})]", 0.0), operator: *, right: (1.0, 1.0), result: 0.0}
列 'p' 不存在，对列 city 不过滤，直接选择所有非无效值。
clean_bool length:3
newest best op: Uniop(df,'city','Denver',(['brewery_id'], {('110',)}),{left: ("[FunctionalDependency:(s: {brewery_id}, t: {city})]", 0.0), operator: *, right: (1.0, 1.0), result: 0.0})
now error: 0.0
Block processing time: 0.046415 seconds
Computing Block 449 out of 560
Processing Block size=4
begin cleaner{left: ("[FunctionalDependency:(s: {brewery_id}, t: {city})]", 0.0), operator: *, right: (1.0, 1.0), result: 0.0}
列 'p' 不存在，对列 city 不过滤，直接选择所有非无效值。
Block processing time: 0.009921 seconds
Computing Block 450 out of 560
Processing Block size=6
begin cleaner{left: ("[FunctionalDependency:(s: {brewery_id}, t: {city})]", 0.0), operator: *, right: (1.0, 1.0), result: 0.0}
列 'p' 不存在，对列 city 不过滤，直接选择所有非无效值。
Block processing time: 0.014481 seconds
Computing Block 451 out of 560
Processing Block size=6
begin cleaner{left: ("[FunctionalDependency:(s: {brewery_id}, t: {city})]", 0.0), operator: *, right: (1.0, 1.0), result: 0.0}
列 'p' 不存在，对列 city 不过滤，直接选择所有非无效值。
clean_bool length:3
newest best op: Uniop(df,'city','Portland OR',(['brewery_id'], {('387',)}),{left: ("[FunctionalDependency:(s: {brewery_id}, t: {city})]", 0.0), operator: *, right: (1.0, 1.0), result: 0.0})
now error: 0.0
newest best op: Uniop(df,'city','Portland',(['brewery_id'], {('387',)}),{left: ("[FunctionalDependency:(s: {brewery_id}, t: {city})]", 0.0), operator: *, right: (1.0, 1.0), result: 0.0})
now error: 0.0
Block processing time: 0.04861 seconds
Computing Block 452 out of 560
Processing Block size=6
begin cleaner{left: ("[FunctionalDependency:(s: {brewery_id}, t: {city})]", 0.0), operator: *, right: (1.0, 1.0), result: 0.0}
列 'p' 不存在，对列 city 不过滤，直接选择所有非无效值。
Block processing time: 0.014418 seconds
Computing Block 453 out of 560
Processing Block size=5
begin cleaner{left: ("[FunctionalDependency:(s: {brewery_id}, t: {city})]", 0.0), operator: *, right: (1.0, 1.0), result: 0.0}
列 'p' 不存在，对列 city 不过滤，直接选择所有非无效值。
Block processing time: 0.013176 seconds
Computing Block 454 out of 560
Processing Block size=4
begin cleaner{left: ("[FunctionalDependency:(s: {brewery_id}, t: {city})]", 0.0), operator: *, right: (1.0, 1.0), result: 0.0}
列 'p' 不存在，对列 city 不过滤，直接选择所有非无效值。
Block processing time: 0.009838 seconds
Computing Block 455 out of 560
Processing Block size=5
begin cleaner{left: ("[FunctionalDependency:(s: {brewery_id}, t: {city})]", 0.0), operator: *, right: (1.0, 1.0), result: 0.0}
列 'p' 不存在，对列 city 不过滤，直接选择所有非无效值。
Block processing time: 0.012071 seconds
Computing Block 456 out of 560
Processing Block size=2
begin cleaner{left: ("[FunctionalDependency:(s: {brewery_id}, t: {city})]", 0.0), operator: *, right: (1.0, 1.0), result: 0.0}
列 'p' 不存在，对列 city 不过滤，直接选择所有非无效值。
Block processing time: 0.005254 seconds
Computing Block 457 out of 560
Processing Block size=18
begin cleaner{left: ("[FunctionalDependency:(s: {brewery_id}, t: {city})]", 0.0), operator: *, right: (1.0, 1.0), result: 0.0}
列 'p' 不存在，对列 city 不过滤，直接选择所有非无效值。
Block processing time: 0.041539 seconds
Computing Block 459 out of 560
Processing Block size=14
begin cleaner{left: ("[FunctionalDependency:(s: {brewery_id}, t: {city})]", 0.0), operator: *, right: (1.0, 1.0), result: 0.0}
列 'p' 不存在，对列 city 不过滤，直接选择所有非无效值。
Block processing time: 0.033759 seconds
Computing Block 460 out of 560
Processing Block size=15
begin cleaner{left: ("[FunctionalDependency:(s: {brewery_id}, t: {city})]", 0.0), operator: *, right: (1.0, 1.0), result: 0.0}
列 'p' 不存在，对列 city 不过滤，直接选择所有非无效值。
clean_bool length:3
newest best op: Uniop(df,'city','Los Angeles',(['brewery_id'], {('240',)}),{left: ("[FunctionalDependency:(s: {brewery_id}, t: {city})]", 0.0), operator: *, right: (1.0, 1.0), result: 0.0})
now error: 0.0
Block processing time: 0.114257 seconds
Computing Block 461 out of 560
Processing Block size=7
begin cleaner{left: ("[FunctionalDependency:(s: {brewery_id}, t: {city})]", 0.0), operator: *, right: (1.0, 1.0), result: 0.0}
列 'p' 不存在，对列 city 不过滤，直接选择所有非无效值。
Block processing time: 0.016783 seconds
Computing Block 462 out of 560
Processing Block size=4
begin cleaner{left: ("[FunctionalDependency:(s: {brewery_id}, t: {city})]", 0.0), operator: *, right: (1.0, 1.0), result: 0.0}
列 'p' 不存在，对列 city 不过滤，直接选择所有非无效值。
clean_bool length:3
newest best op: Uniop(df,'city','Atlantic Highlands NJ',(['brewery_id'], {('222',)}),{left: ("[FunctionalDependency:(s: {brewery_id}, t: {city})]", 0.0), operator: *, right: (1.0, 1.0), result: 0.0})
now error: 0.0
newest best op: Uniop(df,'city','Atlantic Highlands',(['brewery_id'], {('222',)}),{left: ("[FunctionalDependency:(s: {brewery_id}, t: {city})]", 0.0), operator: *, right: (1.0, 1.0), result: 0.0})
now error: 0.0
Block processing time: 0.032933 seconds
Computing Block 463 out of 560
Processing Block size=4
begin cleaner{left: ("[FunctionalDependency:(s: {brewery_id}, t: {city})]", 0.0), operator: *, right: (1.0, 1.0), result: 0.0}
列 'p' 不存在，对列 city 不过滤，直接选择所有非无效值。
Block processing time: 0.009922 seconds
Computing Block 464 out of 560
Processing Block size=2
begin cleaner{left: ("[FunctionalDependency:(s: {brewery_id}, t: {city})]", 0.0), operator: *, right: (1.0, 1.0), result: 0.0}
列 'p' 不存在，对列 city 不过滤，直接选择所有非无效值。
Block processing time: 0.005238 seconds
Computing Block 465 out of 560
Processing Block size=12
begin cleaner{left: ("[FunctionalDependency:(s: {brewery_id}, t: {city})]", 0.0), operator: *, right: (1.0, 1.0), result: 0.0}
列 'p' 不存在，对列 city 不过滤，直接选择所有非无效值。
Block processing time: 0.028044 seconds
Computing Block 466 out of 560
Processing Block size=25
begin cleaner{left: ("[FunctionalDependency:(s: {brewery_id}, t: {city})]", 0.0), operator: *, right: (1.0, 1.0), result: 0.0}
列 'p' 不存在，对列 city 不过滤，直接选择所有非无效值。
clean_bool length:3
newest best op: Uniop(df,'city','Tampa',(['brewery_id'], {('141',)}),{left: ("[FunctionalDependency:(s: {brewery_id}, t: {city})]", 0.0), operator: *, right: (1.0, 1.0), result: 0.0})
now error: 0.0
Block processing time: 0.182935 seconds
Computing Block 468 out of 560
Processing Block size=3
begin cleaner{left: ("[FunctionalDependency:(s: {brewery_id}, t: {city})]", 0.0), operator: *, right: (1.0, 1.0), result: 0.0}
列 'p' 不存在，对列 city 不过滤，直接选择所有非无效值。
clean_bool length:3
newest best op: Uniop(df,'city','Brooklyn',(['brewery_id'], {('342',)}),{left: ("[FunctionalDependency:(s: {brewery_id}, t: {city})]", 0.0), operator: *, right: (1.0, 1.0), result: 0.0})
now error: 0.0
Block processing time: 0.025379 seconds
Computing Block 470 out of 560
Processing Block size=2
begin cleaner{left: ("[FunctionalDependency:(s: {brewery_id}, t: {city})]", 0.0), operator: *, right: (1.0, 1.0), result: 0.0}
列 'p' 不存在，对列 city 不过滤，直接选择所有非无效值。
Block processing time: 0.005359 seconds
Computing Block 471 out of 560
Processing Block size=3
begin cleaner{left: ("[FunctionalDependency:(s: {brewery_id}, t: {city})]", 0.0), operator: *, right: (1.0, 1.0), result: 0.0}
列 'p' 不存在，对列 city 不过滤，直接选择所有非无效值。
Block processing time: 0.007627 seconds
Computing Block 473 out of 560
Processing Block size=4
begin cleaner{left: ("[FunctionalDependency:(s: {brewery_id}, t: {city})]", 0.0), operator: *, right: (1.0, 1.0), result: 0.0}
列 'p' 不存在，对列 city 不过滤，直接选择所有非无效值。
clean_bool length:3
newest best op: Uniop(df,'city','Nellysford VA',(['brewery_id'], {('181',)}),{left: ("[FunctionalDependency:(s: {brewery_id}, t: {city})]", 0.0), operator: *, right: (1.0, 1.0), result: 0.0})
now error: 0.0
newest best op: Uniop(df,'city','Nellysford',(['brewery_id'], {('181',)}),{left: ("[FunctionalDependency:(s: {brewery_id}, t: {city})]", 0.0), operator: *, right: (1.0, 1.0), result: 0.0})
now error: 0.0
Block processing time: 0.034137 seconds
Computing Block 474 out of 560
Processing Block size=4
begin cleaner{left: ("[FunctionalDependency:(s: {brewery_id}, t: {city})]", 0.0), operator: *, right: (1.0, 1.0), result: 0.0}
列 'p' 不存在，对列 city 不过滤，直接选择所有非无效值。
Block processing time: 0.009889 seconds
Computing Block 476 out of 560
Processing Block size=2
begin cleaner{left: ("[FunctionalDependency:(s: {brewery_id}, t: {city})]", 0.0), operator: *, right: (1.0, 1.0), result: 0.0}
列 'p' 不存在，对列 city 不过滤，直接选择所有非无效值。
Block processing time: 0.005317 seconds
Computing Block 477 out of 560
Processing Block size=3
begin cleaner{left: ("[FunctionalDependency:(s: {brewery_id}, t: {city})]", 0.0), operator: *, right: (1.0, 1.0), result: 0.0}
列 'p' 不存在，对列 city 不过滤，直接选择所有非无效值。
Block processing time: 0.007471 seconds
Computing Block 478 out of 560
Processing Block size=2
begin cleaner{left: ("[FunctionalDependency:(s: {brewery_id}, t: {city})]", 0.0), operator: *, right: (1.0, 1.0), result: 0.0}
列 'p' 不存在，对列 city 不过滤，直接选择所有非无效值。
Block processing time: 0.005193 seconds
Computing Block 479 out of 560
Processing Block size=2
begin cleaner{left: ("[FunctionalDependency:(s: {brewery_id}, t: {city})]", 0.0), operator: *, right: (1.0, 1.0), result: 0.0}
列 'p' 不存在，对列 city 不过滤，直接选择所有非无效值。
Block processing time: 0.005231 seconds
Computing Block 480 out of 560
Processing Block size=2
begin cleaner{left: ("[FunctionalDependency:(s: {brewery_id}, t: {city})]", 0.0), operator: *, right: (1.0, 1.0), result: 0.0}
列 'p' 不存在，对列 city 不过滤，直接选择所有非无效值。
Block processing time: 0.005205 seconds
Computing Block 481 out of 560
Processing Block size=3
begin cleaner{left: ("[FunctionalDependency:(s: {brewery_id}, t: {city})]", 0.0), operator: *, right: (1.0, 1.0), result: 0.0}
列 'p' 不存在，对列 city 不过滤，直接选择所有非无效值。
clean_bool length:3
newest best op: Uniop(df,'city','Buellton',(['brewery_id'], {('36',)}),{left: ("[FunctionalDependency:(s: {brewery_id}, t: {city})]", 0.0), operator: *, right: (1.0, 1.0), result: 0.0})
now error: 0.0
Block processing time: 0.025287 seconds
Computing Block 483 out of 560
Processing Block size=2
begin cleaner{left: ("[FunctionalDependency:(s: {brewery_id}, t: {city})]", 0.0), operator: *, right: (1.0, 1.0), result: 0.0}
列 'p' 不存在，对列 city 不过滤，直接选择所有非无效值。
Block processing time: 0.005317 seconds
Computing Block 484 out of 560
Processing Block size=2
begin cleaner{left: ("[FunctionalDependency:(s: {brewery_id}, t: {city})]", 0.0), operator: *, right: (1.0, 1.0), result: 0.0}
列 'p' 不存在，对列 city 不过滤，直接选择所有非无效值。
Block processing time: 0.005234 seconds
Computing Block 485 out of 560
Processing Block size=2
begin cleaner{left: ("[FunctionalDependency:(s: {brewery_id}, t: {city})]", 0.0), operator: *, right: (1.0, 1.0), result: 0.0}
列 'p' 不存在，对列 city 不过滤，直接选择所有非无效值。
Block processing time: 0.005118 seconds
Computing Block 486 out of 560
Processing Block size=14
begin cleaner{left: ("[FunctionalDependency:(s: {brewery_id}, t: {city})]", 0.0), operator: *, right: (1.0, 1.0), result: 0.0}
列 'p' 不存在，对列 city 不过滤，直接选择所有非无效值。
clean_bool length:3
newest best op: Uniop(df,'city','Conroe',(['brewery_id'], {('118',)}),{left: ("[FunctionalDependency:(s: {brewery_id}, t: {city})]", 0.0), operator: *, right: (1.0, 1.0), result: 0.0})
now error: 0.0
Block processing time: 0.102793 seconds
Computing Block 487 out of 560
Processing Block size=2
begin cleaner{left: ("[FunctionalDependency:(s: {brewery_id}, t: {city})]", 0.0), operator: *, right: (1.0, 1.0), result: 0.0}
列 'p' 不存在，对列 city 不过滤，直接选择所有非无效值。
Block processing time: 0.005257 seconds
Computing Block 489 out of 560
Processing Block size=8
begin cleaner{left: ("[FunctionalDependency:(s: {brewery_id}, t: {city})]", 0.0), operator: *, right: (1.0, 1.0), result: 0.0}
列 'p' 不存在，对列 city 不过滤，直接选择所有非无效值。
Block processing time: 0.018899 seconds
Computing Block 491 out of 560
Processing Block size=7
begin cleaner{left: ("[FunctionalDependency:(s: {brewery_id}, t: {city})]", 0.0), operator: *, right: (1.0, 1.0), result: 0.0}
列 'p' 不存在，对列 city 不过滤，直接选择所有非无效值。
Block processing time: 0.017686 seconds
Computing Block 492 out of 560
Processing Block size=3
begin cleaner{left: ("[FunctionalDependency:(s: {brewery_id}, t: {city})]", 0.0), operator: *, right: (1.0, 1.0), result: 0.0}
列 'p' 不存在，对列 city 不过滤，直接选择所有非无效值。
Block processing time: 0.007538 seconds
Computing Block 493 out of 560
Processing Block size=8
begin cleaner{left: ("[FunctionalDependency:(s: {brewery_id}, t: {city})]", 0.0), operator: *, right: (1.0, 1.0), result: 0.0}
列 'p' 不存在，对列 city 不过滤，直接选择所有非无效值。
Block processing time: 0.018797 seconds
Computing Block 494 out of 560
Processing Block size=23
begin cleaner{left: ("[FunctionalDependency:(s: {brewery_id}, t: {city})]", 0.0), operator: *, right: (1.0, 1.0), result: 0.0}
列 'p' 不存在，对列 city 不过滤，直接选择所有非无效值。
clean_bool length:3
newest best op: Uniop(df,'city','Portland OR',(['brewery_id'], {('80',)}),{left: ("[FunctionalDependency:(s: {brewery_id}, t: {city})]", 0.0), operator: *, right: (1.0, 1.0), result: 0.0})
now error: 0.0
newest best op: Uniop(df,'city','Portland',(['brewery_id'], {('80',)}),{left: ("[FunctionalDependency:(s: {brewery_id}, t: {city})]", 0.0), operator: *, right: (1.0, 1.0), result: 0.0})
now error: 0.0
Block processing time: 0.169545 seconds
Computing Block 495 out of 560
Processing Block size=5
begin cleaner{left: ("[FunctionalDependency:(s: {brewery_id}, t: {city})]", 0.0), operator: *, right: (1.0, 1.0), result: 0.0}
列 'p' 不存在，对列 city 不过滤，直接选择所有非无效值。
clean_bool length:3
newest best op: Uniop(df,'city','Hershey',(['brewery_id'], {('97',)}),{left: ("[FunctionalDependency:(s: {brewery_id}, t: {city})]", 0.0), operator: *, right: (1.0, 1.0), result: 0.0})
now error: 0.0
Block processing time: 0.040878 seconds
Computing Block 496 out of 560
Processing Block size=2
begin cleaner{left: ("[FunctionalDependency:(s: {brewery_id}, t: {city})]", 0.0), operator: *, right: (1.0, 1.0), result: 0.0}
列 'p' 不存在，对列 city 不过滤，直接选择所有非无效值。
clean_bool length:3
newest best op: Uniop(df,'city','Cambridge',(['brewery_id'], {('178',)}),{left: ("[FunctionalDependency:(s: {brewery_id}, t: {city})]", 0.0), operator: *, right: (1.0, 1.0), result: 0.0})
now error: 0.0
Block processing time: 0.018183 seconds
Computing Block 497 out of 560
Processing Block size=2
begin cleaner{left: ("[FunctionalDependency:(s: {brewery_id}, t: {city})]", 0.0), operator: *, right: (1.0, 1.0), result: 0.0}
列 'p' 不存在，对列 city 不过滤，直接选择所有非无效值。
Block processing time: 0.005266 seconds
Computing Block 498 out of 560
Processing Block size=4
begin cleaner{left: ("[FunctionalDependency:(s: {brewery_id}, t: {city})]", 0.0), operator: *, right: (1.0, 1.0), result: 0.0}
列 'p' 不存在，对列 city 不过滤，直接选择所有非无效值。
Block processing time: 0.009816 seconds
Computing Block 499 out of 560
Processing Block size=3
begin cleaner{left: ("[FunctionalDependency:(s: {brewery_id}, t: {city})]", 0.0), operator: *, right: (1.0, 1.0), result: 0.0}
列 'p' 不存在，对列 city 不过滤，直接选择所有非无效值。
Block processing time: 0.007571 seconds
Computing Block 501 out of 560
Processing Block size=4
begin cleaner{left: ("[FunctionalDependency:(s: {brewery_id}, t: {city})]", 0.0), operator: *, right: (1.0, 1.0), result: 0.0}
列 'p' 不存在，对列 city 不过滤，直接选择所有非无效值。
Block processing time: 0.009874 seconds
Computing Block 504 out of 560
Processing Block size=2
begin cleaner{left: ("[FunctionalDependency:(s: {brewery_id}, t: {city})]", 0.0), operator: *, right: (1.0, 1.0), result: 0.0}
列 'p' 不存在，对列 city 不过滤，直接选择所有非无效值。
Block processing time: 0.005393 seconds
Computing Block 505 out of 560
Processing Block size=4
begin cleaner{left: ("[FunctionalDependency:(s: {brewery_id}, t: {city})]", 0.0), operator: *, right: (1.0, 1.0), result: 0.0}
列 'p' 不存在，对列 city 不过滤，直接选择所有非无效值。
clean_bool length:3
newest best op: Uniop(df,'city','Belmont CA',(['brewery_id'], {('491',)}),{left: ("[FunctionalDependency:(s: {brewery_id}, t: {city})]", 0.0), operator: *, right: (1.0, 1.0), result: 0.0})
now error: 0.0
newest best op: Uniop(df,'city','Belmont',(['brewery_id'], {('491',)}),{left: ("[FunctionalDependency:(s: {brewery_id}, t: {city})]", 0.0), operator: *, right: (1.0, 1.0), result: 0.0})
now error: 0.0
Block processing time: 0.033202 seconds
Computing Block 507 out of 560
Processing Block size=4
begin cleaner{left: ("[FunctionalDependency:(s: {brewery_id}, t: {city})]", 0.0), operator: *, right: (1.0, 1.0), result: 0.0}
列 'p' 不存在，对列 city 不过滤，直接选择所有非无效值。
clean_bool length:3
newest best op: Uniop(df,'city','Denver',(['brewery_id'], {('391',)}),{left: ("[FunctionalDependency:(s: {brewery_id}, t: {city})]", 0.0), operator: *, right: (1.0, 1.0), result: 0.0})
now error: 0.0
Block processing time: 0.033743 seconds
Computing Block 508 out of 560
Processing Block size=2
begin cleaner{left: ("[FunctionalDependency:(s: {brewery_id}, t: {city})]", 0.0), operator: *, right: (1.0, 1.0), result: 0.0}
列 'p' 不存在，对列 city 不过滤，直接选择所有非无效值。
Block processing time: 0.0052 seconds
Computing Block 509 out of 560
Processing Block size=4
begin cleaner{left: ("[FunctionalDependency:(s: {brewery_id}, t: {city})]", 0.0), operator: *, right: (1.0, 1.0), result: 0.0}
列 'p' 不存在，对列 city 不过滤，直接选择所有非无效值。
Block processing time: 0.009873 seconds
Computing Block 511 out of 560
Processing Block size=3
begin cleaner{left: ("[FunctionalDependency:(s: {brewery_id}, t: {city})]", 0.0), operator: *, right: (1.0, 1.0), result: 0.0}
列 'p' 不存在，对列 city 不过滤，直接选择所有非无效值。
Block processing time: 0.007568 seconds
Computing Block 512 out of 560
Processing Block size=3
begin cleaner{left: ("[FunctionalDependency:(s: {brewery_id}, t: {city})]", 0.0), operator: *, right: (1.0, 1.0), result: 0.0}
列 'p' 不存在，对列 city 不过滤，直接选择所有非无效值。
Block processing time: 0.007572 seconds
Computing Block 513 out of 560
Processing Block size=12
begin cleaner{left: ("[FunctionalDependency:(s: {brewery_id}, t: {city})]", 0.0), operator: *, right: (1.0, 1.0), result: 0.0}
列 'p' 不存在，对列 city 不过滤，直接选择所有非无效值。
clean_bool length:3
newest best op: Uniop(df,'city','Boston',(['brewery_id'], {('234',)}),{left: ("[FunctionalDependency:(s: {brewery_id}, t: {city})]", 0.0), operator: *, right: (1.0, 1.0), result: 0.0})
now error: 0.0
Block processing time: 0.090302 seconds
Computing Block 514 out of 560
Processing Block size=8
begin cleaner{left: ("[FunctionalDependency:(s: {brewery_id}, t: {city})]", 0.0), operator: *, right: (1.0, 1.0), result: 0.0}
列 'p' 不存在，对列 city 不过滤，直接选择所有非无效值。
Block processing time: 0.01908 seconds
Computing Block 517 out of 560
Processing Block size=2
begin cleaner{left: ("[FunctionalDependency:(s: {brewery_id}, t: {city})]", 0.0), operator: *, right: (1.0, 1.0), result: 0.0}
列 'p' 不存在，对列 city 不过滤，直接选择所有非无效值。
clean_bool length:3
newest best op: Uniop(df,'city','North Woodstock NH',(['brewery_id'], {('109',)}),{left: ("[FunctionalDependency:(s: {brewery_id}, t: {city})]", 0.0), operator: *, right: (1.0, 1.0), result: 0.0})
now error: 0.0
Block processing time: 0.018356 seconds
Computing Block 519 out of 560
Processing Block size=3
begin cleaner{left: ("[FunctionalDependency:(s: {brewery_id}, t: {city})]", 0.0), operator: *, right: (1.0, 1.0), result: 0.0}
列 'p' 不存在，对列 city 不过滤，直接选择所有非无效值。
clean_bool length:3
newest best op: Uniop(df,'city','Asheville NC',(['brewery_id'], {('528',)}),{left: ("[FunctionalDependency:(s: {brewery_id}, t: {city})]", 0.0), operator: *, right: (1.0, 1.0), result: 0.0})
now error: 0.0
newest best op: Uniop(df,'city','Asheville',(['brewery_id'], {('528',)}),{left: ("[FunctionalDependency:(s: {brewery_id}, t: {city})]", 0.0), operator: *, right: (1.0, 1.0), result: 0.0})
now error: 0.0
Block processing time: 0.025377 seconds
Computing Block 520 out of 560
Processing Block size=18
begin cleaner{left: ("[FunctionalDependency:(s: {brewery_id}, t: {city})]", 0.0), operator: *, right: (1.0, 1.0), result: 0.0}
列 'p' 不存在，对列 city 不过滤，直接选择所有非无效值。
clean_bool length:3
newest best op: Uniop(df,'city','Manhattan KS',(['brewery_id'], {('45',)}),{left: ("[FunctionalDependency:(s: {brewery_id}, t: {city})]", 0.0), operator: *, right: (1.0, 1.0), result: 0.0})
now error: 0.0
newest best op: Uniop(df,'city','Manhattan',(['brewery_id'], {('45',)}),{left: ("[FunctionalDependency:(s: {brewery_id}, t: {city})]", 0.0), operator: *, right: (1.0, 1.0), result: 0.0})
now error: 0.0
Block processing time: 0.134241 seconds
Computing Block 523 out of 560
Processing Block size=5
begin cleaner{left: ("[FunctionalDependency:(s: {brewery_id}, t: {city})]", 0.0), operator: *, right: (1.0, 1.0), result: 0.0}
列 'p' 不存在，对列 city 不过滤，直接选择所有非无效值。
Block processing time: 0.012304 seconds
Computing Block 524 out of 560
Processing Block size=6
begin cleaner{left: ("[FunctionalDependency:(s: {brewery_id}, t: {city})]", 0.0), operator: *, right: (1.0, 1.0), result: 0.0}
列 'p' 不存在，对列 city 不过滤，直接选择所有非无效值。
Block processing time: 0.014599 seconds
Computing Block 525 out of 560
Processing Block size=12
begin cleaner{left: ("[FunctionalDependency:(s: {brewery_id}, t: {city})]", 0.0), operator: *, right: (1.0, 1.0), result: 0.0}
列 'p' 不存在，对列 city 不过滤，直接选择所有非无效值。
clean_bool length:3
newest best op: Uniop(df,'city','Durango',(['brewery_id'], {('264',)}),{left: ("[FunctionalDependency:(s: {brewery_id}, t: {city})]", 0.0), operator: *, right: (1.0, 1.0), result: 0.0})
now error: 0.0
Block processing time: 0.089253 seconds
Computing Block 526 out of 560
Processing Block size=5
begin cleaner{left: ("[FunctionalDependency:(s: {brewery_id}, t: {city})]", 0.0), operator: *, right: (1.0, 1.0), result: 0.0}
列 'p' 不存在，对列 city 不过滤，直接选择所有非无效值。
Block processing time: 0.012114 seconds
Computing Block 527 out of 560
Processing Block size=5
begin cleaner{left: ("[FunctionalDependency:(s: {brewery_id}, t: {city})]", 0.0), operator: *, right: (1.0, 1.0), result: 0.0}
列 'p' 不存在，对列 city 不过滤，直接选择所有非无效值。
clean_bool length:3
newest best op: Uniop(df,'city','Chicago',(['brewery_id'], {('88',)}),{left: ("[FunctionalDependency:(s: {brewery_id}, t: {city})]", 0.0), operator: *, right: (1.0, 1.0), result: 0.0})
now error: 0.0
Block processing time: 0.039666 seconds
Computing Block 528 out of 560
Processing Block size=5
begin cleaner{left: ("[FunctionalDependency:(s: {brewery_id}, t: {city})]", 0.0), operator: *, right: (1.0, 1.0), result: 0.0}
列 'p' 不存在，对列 city 不过滤，直接选择所有非无效值。
clean_bool length:3
newest best op: Uniop(df,'city','Helena MT',(['brewery_id'], {('537',)}),{left: ("[FunctionalDependency:(s: {brewery_id}, t: {city})]", 0.0), operator: *, right: (1.0, 1.0), result: 0.0})
now error: 0.0
newest best op: Uniop(df,'city','Helena',(['brewery_id'], {('537',)}),{left: ("[FunctionalDependency:(s: {brewery_id}, t: {city})]", 0.0), operator: *, right: (1.0, 1.0), result: 0.0})
now error: 0.0
Block processing time: 0.039543 seconds
Computing Block 529 out of 560
Processing Block size=3
begin cleaner{left: ("[FunctionalDependency:(s: {brewery_id}, t: {city})]", 0.0), operator: *, right: (1.0, 1.0), result: 0.0}
列 'p' 不存在，对列 city 不过滤，直接选择所有非无效值。
clean_bool length:3
newest best op: Uniop(df,'city','Mill Valley',(['brewery_id'], {('280',)}),{left: ("[FunctionalDependency:(s: {brewery_id}, t: {city})]", 0.0), operator: *, right: (1.0, 1.0), result: 0.0})
now error: 0.0
Block processing time: 0.025555 seconds
Computing Block 530 out of 560
Processing Block size=2
begin cleaner{left: ("[FunctionalDependency:(s: {brewery_id}, t: {city})]", 0.0), operator: *, right: (1.0, 1.0), result: 0.0}
列 'p' 不存在，对列 city 不过滤，直接选择所有非无效值。
Block processing time: 0.005287 seconds
Computing Block 534 out of 560
Processing Block size=3
begin cleaner{left: ("[FunctionalDependency:(s: {brewery_id}, t: {city})]", 0.0), operator: *, right: (1.0, 1.0), result: 0.0}
列 'p' 不存在，对列 city 不过滤，直接选择所有非无效值。
Block processing time: 0.007615 seconds
Computing Block 535 out of 560
Processing Block size=3
begin cleaner{left: ("[FunctionalDependency:(s: {brewery_id}, t: {city})]", 0.0), operator: *, right: (1.0, 1.0), result: 0.0}
列 'p' 不存在，对列 city 不过滤，直接选择所有非无效值。
Block processing time: 0.007537 seconds
Computing Block 536 out of 560
Processing Block size=3
begin cleaner{left: ("[FunctionalDependency:(s: {brewery_id}, t: {city})]", 0.0), operator: *, right: (1.0, 1.0), result: 0.0}
列 'p' 不存在，对列 city 不过滤，直接选择所有非无效值。
Block processing time: 0.007593 seconds
Computing Block 537 out of 560
Processing Block size=7
begin cleaner{left: ("[FunctionalDependency:(s: {brewery_id}, t: {city})]", 0.0), operator: *, right: (1.0, 1.0), result: 0.0}
列 'p' 不存在，对列 city 不过滤，直接选择所有非无效值。
clean_bool length:3
newest best op: Uniop(df,'city','Bloomington',(['brewery_id'], {('57',)}),{left: ("[FunctionalDependency:(s: {brewery_id}, t: {city})]", 0.0), operator: *, right: (1.0, 1.0), result: 0.0})
now error: 0.0
Block processing time: 0.053909 seconds
Computing Block 538 out of 560
Processing Block size=3
begin cleaner{left: ("[FunctionalDependency:(s: {brewery_id}, t: {city})]", 0.0), operator: *, right: (1.0, 1.0), result: 0.0}
列 'p' 不存在，对列 city 不过滤，直接选择所有非无效值。
Block processing time: 0.007541 seconds
Computing Block 539 out of 560
Processing Block size=2
begin cleaner{left: ("[FunctionalDependency:(s: {brewery_id}, t: {city})]", 0.0), operator: *, right: (1.0, 1.0), result: 0.0}
列 'p' 不存在，对列 city 不过滤，直接选择所有非无效值。
Block processing time: 0.005159 seconds
Computing Block 540 out of 560
Processing Block size=3
begin cleaner{left: ("[FunctionalDependency:(s: {brewery_id}, t: {city})]", 0.0), operator: *, right: (1.0, 1.0), result: 0.0}
列 'p' 不存在，对列 city 不过滤，直接选择所有非无效值。
Block processing time: 0.007444 seconds
Computing Block 542 out of 560
Processing Block size=3
begin cleaner{left: ("[FunctionalDependency:(s: {brewery_id}, t: {city})]", 0.0), operator: *, right: (1.0, 1.0), result: 0.0}
列 'p' 不存在，对列 city 不过滤，直接选择所有非无效值。
Block processing time: 0.007544 seconds
Computing Block 543 out of 560
Processing Block size=2
begin cleaner{left: ("[FunctionalDependency:(s: {brewery_id}, t: {city})]", 0.0), operator: *, right: (1.0, 1.0), result: 0.0}
列 'p' 不存在，对列 city 不过滤，直接选择所有非无效值。
Block processing time: 0.00523 seconds
Computing Block 544 out of 560
Processing Block size=7
begin cleaner{left: ("[FunctionalDependency:(s: {brewery_id}, t: {city})]", 0.0), operator: *, right: (1.0, 1.0), result: 0.0}
列 'p' 不存在，对列 city 不过滤，直接选择所有非无效值。
Block processing time: 0.016518 seconds
Computing Block 546 out of 560
Processing Block size=4
begin cleaner{left: ("[FunctionalDependency:(s: {brewery_id}, t: {city})]", 0.0), operator: *, right: (1.0, 1.0), result: 0.0}
列 'p' 不存在，对列 city 不过滤，直接选择所有非无效值。
clean_bool length:3
newest best op: Uniop(df,'city','York',(['brewery_id'], {('298',)}),{left: ("[FunctionalDependency:(s: {brewery_id}, t: {city})]", 0.0), operator: *, right: (1.0, 1.0), result: 0.0})
now error: 0.0
Block processing time: 0.032131 seconds
Computing Block 548 out of 560
Processing Block size=4
begin cleaner{left: ("[FunctionalDependency:(s: {brewery_id}, t: {city})]", 0.0), operator: *, right: (1.0, 1.0), result: 0.0}
列 'p' 不存在，对列 city 不过滤，直接选择所有非无效值。
Block processing time: 0.00988 seconds
Computing Block 549 out of 560
Processing Block size=2
begin cleaner{left: ("[FunctionalDependency:(s: {brewery_id}, t: {city})]", 0.0), operator: *, right: (1.0, 1.0), result: 0.0}
列 'p' 不存在，对列 city 不过滤，直接选择所有非无效值。
Block processing time: 0.005194 seconds
Computing Block 550 out of 560
Processing Block size=3
begin cleaner{left: ("[FunctionalDependency:(s: {brewery_id}, t: {city})]", 0.0), operator: *, right: (1.0, 1.0), result: 0.0}
列 'p' 不存在，对列 city 不过滤，直接选择所有非无效值。
Block processing time: 0.008588 seconds
Computing Block 551 out of 560
Processing Block size=3
begin cleaner{left: ("[FunctionalDependency:(s: {brewery_id}, t: {city})]", 0.0), operator: *, right: (1.0, 1.0), result: 0.0}
列 'p' 不存在，对列 city 不过滤，直接选择所有非无效值。
Block processing time: 0.007562 seconds
Computing Block 552 out of 560
Processing Block size=6
begin cleaner{left: ("[FunctionalDependency:(s: {brewery_id}, t: {city})]", 0.0), operator: *, right: (1.0, 1.0), result: 0.0}
列 'p' 不存在，对列 city 不过滤，直接选择所有非无效值。
Block processing time: 0.014494 seconds
Computing Block 553 out of 560
Processing Block size=2
begin cleaner{left: ("[FunctionalDependency:(s: {brewery_id}, t: {city})]", 0.0), operator: *, right: (1.0, 1.0), result: 0.0}
列 'p' 不存在，对列 city 不过滤，直接选择所有非无效值。
Block processing time: 0.005185 seconds
Computing Block 554 out of 560
Processing Block size=8
begin cleaner{left: ("[FunctionalDependency:(s: {brewery_id}, t: {city})]", 0.0), operator: *, right: (1.0, 1.0), result: 0.0}
列 'p' 不存在，对列 city 不过滤，直接选择所有非无效值。
Block processing time: 0.02006 seconds
Computing Block 556 out of 560
Processing Block size=2
begin cleaner{left: ("[FunctionalDependency:(s: {brewery_id}, t: {city})]", 0.0), operator: *, right: (1.0, 1.0), result: 0.0}
列 'p' 不存在，对列 city 不过滤，直接选择所有非无效值。
Block processing time: 0.00522 secondsWARNING:root:No partitioning rule specified, processing might be slow

Computing Block 557 out of 560
Processing Block size=4
begin cleaner{left: ("[FunctionalDependency:(s: {brewery_id}, t: {city})]", 0.0), operator: *, right: (1.0, 1.0), result: 0.0}
列 'p' 不存在，对列 city 不过滤，直接选择所有非无效值。
Block processing time: 0.009811 seconds
Computing Block 559 out of 560
Processing Block size=13
begin cleaner{left: ("[FunctionalDependency:(s: {brewery_id}, t: {city})]", 0.0), operator: *, right: (1.0, 1.0), result: 0.0}
列 'p' 不存在，对列 city 不过滤，直接选择所有非无效值。
clean_bool length:3
newest best op: Uniop(df,'city','Lyons CO',(['brewery_id'], {('503',)}),{left: ("[FunctionalDependency:(s: {brewery_id}, t: {city})]", 0.0), operator: *, right: (1.0, 1.0), result: 0.0})
now error: 0.0
newest best op: Uniop(df,'city','Lyons',(['brewery_id'], {('503',)}),{left: ("[FunctionalDependency:(s: {brewery_id}, t: {city})]", 0.0), operator: *, right: (1.0, 1.0), result: 0.0})
now error: 0.0
Block processing time: 0.097503 seconds
Computing Block 560 out of 560
Processing Block size=7
begin cleaner{left: ("[FunctionalDependency:(s: {brewery_id}, t: {city})]", 0.0), operator: *, right: (1.0, 1.0), result: 0.0}
列 'p' 不存在，对列 city 不过滤，直接选择所有非无效值。
Block processing time: 0.016765 seconds
  当前节点: city 有 103 个清洗操作
  当前节点: state 存在可用清洗信号
数据块大小: 2410
分块属性:
[['brewery_id']]
Starting initial block mapping...
Initial number of blocks: 560
Final number of blocks after further splitting: 560
Computing Block 1 out of 560
Processing Block size=8
begin cleaner[FunctionalDependency:(s: {'brewery_id'}, t: {'state'})]*1.0
列 'p' 不存在，对列 state 不过滤，直接选择所有非无效值。
Block processing time: 0.023895 seconds
Computing Block 2 out of 560
Processing Block size=5
begin cleaner{left: ("[FunctionalDependency:(s: {brewery_id}, t: {state})]", 0.0), operator: *, right: (1.0, 1.0), result: 0.0}
列 'p' 不存在，对列 state 不过滤，直接选择所有非无效值。
Block processing time: 0.012413 seconds
Computing Block 3 out of 560
Processing Block size=19
begin cleaner{left: ("[FunctionalDependency:(s: {brewery_id}, t: {state})]", 0.0), operator: *, right: (1.0, 1.0), result: 0.0}
列 'p' 不存在，对列 state 不过滤，直接选择所有非无效值。
clean_bool length:2
newest best op: Uniop(df,'state','AZ',(['brewery_id'], {('30',)}),{left: ("[FunctionalDependency:(s: {brewery_id}, t: {state})]", 0.0), operator: *, right: (1.0, 1.0), result: 0.0})
now error: 0.0
Block processing time: 0.090357 seconds
Computing Block 4 out of 560
Processing Block size=2
begin cleaner{left: ("[FunctionalDependency:(s: {brewery_id}, t: {state})]", 0.0), operator: *, right: (1.0, 1.0), result: 0.0}
列 'p' 不存在，对列 state 不过滤，直接选择所有非无效值。
Block processing time: 0.005307 seconds
Computing Block 5 out of 560
Processing Block size=4
begin cleaner{left: ("[FunctionalDependency:(s: {brewery_id}, t: {state})]", 0.0), operator: *, right: (1.0, 1.0), result: 0.0}
列 'p' 不存在，对列 state 不过滤，直接选择所有非无效值。
Block processing time: 0.009795 seconds
Computing Block 6 out of 560
Processing Block size=2
begin cleaner{left: ("[FunctionalDependency:(s: {brewery_id}, t: {state})]", 0.0), operator: *, right: (1.0, 1.0), result: 0.0}
列 'p' 不存在，对列 state 不过滤，直接选择所有非无效值。
Block processing time: 0.005209 seconds
Computing Block 7 out of 560
Processing Block size=4
begin cleaner{left: ("[FunctionalDependency:(s: {brewery_id}, t: {state})]", 0.0), operator: *, right: (1.0, 1.0), result: 0.0}
列 'p' 不存在，对列 state 不过滤，直接选择所有非无效值。
Block processing time: 0.009871 seconds
Computing Block 8 out of 560
Processing Block size=2
begin cleaner{left: ("[FunctionalDependency:(s: {brewery_id}, t: {state})]", 0.0), operator: *, right: (1.0, 1.0), result: 0.0}
列 'p' 不存在，对列 state 不过滤，直接选择所有非无效值。
Block processing time: 0.005225 seconds
Computing Block 11 out of 560
Processing Block size=6
begin cleaner{left: ("[FunctionalDependency:(s: {brewery_id}, t: {state})]", 0.0), operator: *, right: (1.0, 1.0), result: 0.0}
列 'p' 不存在，对列 state 不过滤，直接选择所有非无效值。
Block processing time: 0.014417 seconds
Computing Block 12 out of 560
Processing Block size=3
begin cleaner{left: ("[FunctionalDependency:(s: {brewery_id}, t: {state})]", 0.0), operator: *, right: (1.0, 1.0), result: 0.0}
列 'p' 不存在，对列 state 不过滤，直接选择所有非无效值。
Block processing time: 0.007495 seconds
Computing Block 15 out of 560
Processing Block size=5
begin cleaner{left: ("[FunctionalDependency:(s: {brewery_id}, t: {state})]", 0.0), operator: *, right: (1.0, 1.0), result: 0.0}
列 'p' 不存在，对列 state 不过滤，直接选择所有非无效值。
clean_bool length:2
newest best op: Uniop(df,'state','CO',(['brewery_id'], {('405',)}),{left: ("[FunctionalDependency:(s: {brewery_id}, t: {state})]", 0.0), operator: *, right: (1.0, 1.0), result: 0.0})
now error: 0.0
Block processing time: 0.026024 seconds
Computing Block 17 out of 560
Processing Block size=2
begin cleaner{left: ("[FunctionalDependency:(s: {brewery_id}, t: {state})]", 0.0), operator: *, right: (1.0, 1.0), result: 0.0}
列 'p' 不存在，对列 state 不过滤，直接选择所有非无效值。
Block processing time: 0.005235 seconds
Computing Block 18 out of 560
Processing Block size=3
begin cleaner{left: ("[FunctionalDependency:(s: {brewery_id}, t: {state})]", 0.0), operator: *, right: (1.0, 1.0), result: 0.0}
列 'p' 不存在，对列 state 不过滤，直接选择所有非无效值。
Block processing time: 0.007455 seconds
Computing Block 19 out of 560
Processing Block size=3
begin cleaner{left: ("[FunctionalDependency:(s: {brewery_id}, t: {state})]", 0.0), operator: *, right: (1.0, 1.0), result: 0.0}
列 'p' 不存在，对列 state 不过滤，直接选择所有非无效值。
Block processing time: 0.007536 seconds
Computing Block 21 out of 560
Processing Block size=5
begin cleaner{left: ("[FunctionalDependency:(s: {brewery_id}, t: {state})]", 0.0), operator: *, right: (1.0, 1.0), result: 0.0}
列 'p' 不存在，对列 state 不过滤，直接选择所有非无效值。
Block processing time: 0.012042 seconds
Computing Block 24 out of 560
Processing Block size=17
begin cleaner{left: ("[FunctionalDependency:(s: {brewery_id}, t: {state})]", 0.0), operator: *, right: (1.0, 1.0), result: 0.0}
列 'p' 不存在，对列 state 不过滤，直接选择所有非无效值。
Block processing time: 0.039405 seconds
Computing Block 25 out of 560
Processing Block size=7
begin cleaner{left: ("[FunctionalDependency:(s: {brewery_id}, t: {state})]", 0.0), operator: *, right: (1.0, 1.0), result: 0.0}
列 'p' 不存在，对列 state 不过滤，直接选择所有非无效值。
clean_bool length:2
newest best op: Uniop(df,'state','CO',(['brewery_id'], {('135',)}),{left: ("[FunctionalDependency:(s: {brewery_id}, t: {state})]", 0.0), operator: *, right: (1.0, 1.0), result: 0.0})
now error: 0.0
Block processing time: 0.035359 seconds
Computing Block 26 out of 560
Processing Block size=5
begin cleaner{left: ("[FunctionalDependency:(s: {brewery_id}, t: {state})]", 0.0), operator: *, right: (1.0, 1.0), result: 0.0}
列 'p' 不存在，对列 state 不过滤，直接选择所有非无效值。
Block processing time: 0.012142 seconds
Computing Block 27 out of 560
Processing Block size=3
begin cleaner{left: ("[FunctionalDependency:(s: {brewery_id}, t: {state})]", 0.0), operator: *, right: (1.0, 1.0), result: 0.0}
列 'p' 不存在，对列 state 不过滤，直接选择所有非无效值。
clean_bool length:2
newest best op: Uniop(df,'state','MN',(['brewery_id'], {('58',)}),{left: ("[FunctionalDependency:(s: {brewery_id}, t: {state})]", 0.0), operator: *, right: (1.0, 1.0), result: 0.0})
now error: 0.0
Block processing time: 0.016898 seconds
Computing Block 28 out of 560
Processing Block size=8
begin cleaner{left: ("[FunctionalDependency:(s: {brewery_id}, t: {state})]", 0.0), operator: *, right: (1.0, 1.0), result: 0.0}
列 'p' 不存在，对列 state 不过滤，直接选择所有非无效值。
clean_bool length:2
newest best op: Uniop(df,'state','IL',(['brewery_id'], {('65',)}),{left: ("[FunctionalDependency:(s: {brewery_id}, t: {state})]", 0.0), operator: *, right: (1.0, 1.0), result: 0.0})
now error: 0.0
Block processing time: 0.04098 seconds
Computing Block 30 out of 560
Processing Block size=2
begin cleaner{left: ("[FunctionalDependency:(s: {brewery_id}, t: {state})]", 0.0), operator: *, right: (1.0, 1.0), result: 0.0}
列 'p' 不存在，对列 state 不过滤，直接选择所有非无效值。
Block processing time: 0.005315 seconds
Computing Block 31 out of 560
Processing Block size=62
begin cleaner{left: ("[FunctionalDependency:(s: {brewery_id}, t: {state})]", 0.0), operator: *, right: (1.0, 1.0), result: 0.0}
列 'p' 不存在，对列 state 不过滤，直接选择所有非无效值。
clean_bool length:2
newest best op: Uniop(df,'state','MI',(['brewery_id'], {('10',)}),{left: ("[FunctionalDependency:(s: {brewery_id}, t: {state})]", 0.0), operator: *, right: (1.0, 1.0), result: 0.0})
now error: 0.0
Block processing time: 0.288472 seconds
Computing Block 32 out of 560
Processing Block size=6
begin cleaner{left: ("[FunctionalDependency:(s: {brewery_id}, t: {state})]", 0.0), operator: *, right: (1.0, 1.0), result: 0.0}
列 'p' 不存在，对列 state 不过滤，直接选择所有非无效值。
clean_bool length:2
newest best op: Uniop(df,'state','NY',(['brewery_id'], {('437',)}),{left: ("[FunctionalDependency:(s: {brewery_id}, t: {state})]", 0.0), operator: *, right: (1.0, 1.0), result: 0.0})
now error: 0.0
Block processing time: 0.030618 seconds
Computing Block 33 out of 560
Processing Block size=4
begin cleaner{left: ("[FunctionalDependency:(s: {brewery_id}, t: {state})]", 0.0), operator: *, right: (1.0, 1.0), result: 0.0}
列 'p' 不存在，对列 state 不过滤，直接选择所有非无效值。
Block processing time: 0.009928 seconds
Computing Block 34 out of 560
Processing Block size=6
begin cleaner{left: ("[FunctionalDependency:(s: {brewery_id}, t: {state})]", 0.0), operator: *, right: (1.0, 1.0), result: 0.0}
列 'p' 不存在，对列 state 不过滤，直接选择所有非无效值。
Block processing time: 0.014399 seconds
Computing Block 35 out of 560
Processing Block size=3
begin cleaner{left: ("[FunctionalDependency:(s: {brewery_id}, t: {state})]", 0.0), operator: *, right: (1.0, 1.0), result: 0.0}
列 'p' 不存在，对列 state 不过滤，直接选择所有非无效值。
Block processing time: 0.007554 seconds
Computing Block 36 out of 560
Processing Block size=2
begin cleaner{left: ("[FunctionalDependency:(s: {brewery_id}, t: {state})]", 0.0), operator: *, right: (1.0, 1.0), result: 0.0}
列 'p' 不存在，对列 state 不过滤，直接选择所有非无效值。
Block processing time: 0.005127 seconds
Computing Block 37 out of 560
Processing Block size=11
begin cleaner{left: ("[FunctionalDependency:(s: {brewery_id}, t: {state})]", 0.0), operator: *, right: (1.0, 1.0), result: 0.0}
列 'p' 不存在，对列 state 不过滤，直接选择所有非无效值。
Block processing time: 0.025809 seconds
Computing Block 38 out of 560
Processing Block size=3
begin cleaner{left: ("[FunctionalDependency:(s: {brewery_id}, t: {state})]", 0.0), operator: *, right: (1.0, 1.0), result: 0.0}
列 'p' 不存在，对列 state 不过滤，直接选择所有非无效值。
Block processing time: 0.007453 seconds
Computing Block 39 out of 560
Processing Block size=3
begin cleaner{left: ("[FunctionalDependency:(s: {brewery_id}, t: {state})]", 0.0), operator: *, right: (1.0, 1.0), result: 0.0}
列 'p' 不存在，对列 state 不过滤，直接选择所有非无效值。
Block processing time: 0.007593 seconds
Computing Block 40 out of 560
Processing Block size=3
begin cleaner{left: ("[FunctionalDependency:(s: {brewery_id}, t: {state})]", 0.0), operator: *, right: (1.0, 1.0), result: 0.0}
列 'p' 不存在，对列 state 不过滤，直接选择所有非无效值。
Block processing time: 0.007607 seconds
Computing Block 43 out of 560
Processing Block size=12
begin cleaner{left: ("[FunctionalDependency:(s: {brewery_id}, t: {state})]", 0.0), operator: *, right: (1.0, 1.0), result: 0.0}
列 'p' 不存在，对列 state 不过滤，直接选择所有非无效值。
Block processing time: 0.028111 seconds
Computing Block 44 out of 560
Processing Block size=5
begin cleaner{left: ("[FunctionalDependency:(s: {brewery_id}, t: {state})]", 0.0), operator: *, right: (1.0, 1.0), result: 0.0}
列 'p' 不存在，对列 state 不过滤，直接选择所有非无效值。
Block processing time: 0.012123 seconds
Computing Block 46 out of 560
Processing Block size=8
begin cleaner{left: ("[FunctionalDependency:(s: {brewery_id}, t: {state})]", 0.0), operator: *, right: (1.0, 1.0), result: 0.0}
列 'p' 不存在，对列 state 不过滤，直接选择所有非无效值。
Block processing time: 0.019121 seconds
Computing Block 47 out of 560
Processing Block size=9
begin cleaner{left: ("[FunctionalDependency:(s: {brewery_id}, t: {state})]", 0.0), operator: *, right: (1.0, 1.0), result: 0.0}
列 'p' 不存在，对列 state 不过滤，直接选择所有非无效值。
clean_bool length:2
newest best op: Uniop(df,'state','OH',(['brewery_id'], {('91',)}),{left: ("[FunctionalDependency:(s: {brewery_id}, t: {state})]", 0.0), operator: *, right: (1.0, 1.0), result: 0.0})
now error: 0.0
Block processing time: 0.045836 seconds
Computing Block 48 out of 560
Processing Block size=2
begin cleaner{left: ("[FunctionalDependency:(s: {brewery_id}, t: {state})]", 0.0), operator: *, right: (1.0, 1.0), result: 0.0}
列 'p' 不存在，对列 state 不过滤，直接选择所有非无效值。
Block processing time: 0.00528 seconds
Computing Block 50 out of 560
Processing Block size=3
begin cleaner{left: ("[FunctionalDependency:(s: {brewery_id}, t: {state})]", 0.0), operator: *, right: (1.0, 1.0), result: 0.0}
列 'p' 不存在，对列 state 不过滤，直接选择所有非无效值。
Block processing time: 0.007536 seconds
Computing Block 51 out of 560
Processing Block size=4
begin cleaner{left: ("[FunctionalDependency:(s: {brewery_id}, t: {state})]", 0.0), operator: *, right: (1.0, 1.0), result: 0.0}
列 'p' 不存在，对列 state 不过滤，直接选择所有非无效值。
clean_bool length:2
newest best op: Uniop(df,'state','AR',(['brewery_id'], {('139',)}),{left: ("[FunctionalDependency:(s: {brewery_id}, t: {state})]", 0.0), operator: *, right: (1.0, 1.0), result: 0.0})
now error: 0.0
Block processing time: 0.021298 seconds
Computing Block 53 out of 560
Processing Block size=3
begin cleaner{left: ("[FunctionalDependency:(s: {brewery_id}, t: {state})]", 0.0), operator: *, right: (1.0, 1.0), result: 0.0}
列 'p' 不存在，对列 state 不过滤，直接选择所有非无效值。
Block processing time: 0.007572 seconds
Computing Block 54 out of 560
Processing Block size=2
begin cleaner{left: ("[FunctionalDependency:(s: {brewery_id}, t: {state})]", 0.0), operator: *, right: (1.0, 1.0), result: 0.0}
列 'p' 不存在，对列 state 不过滤，直接选择所有非无效值。
Block processing time: 0.00517 seconds
Computing Block 56 out of 560
Processing Block size=11
begin cleaner{left: ("[FunctionalDependency:(s: {brewery_id}, t: {state})]", 0.0), operator: *, right: (1.0, 1.0), result: 0.0}
列 'p' 不存在，对列 state 不过滤，直接选择所有非无效值。
Block processing time: 0.026828 seconds
Computing Block 57 out of 560
Processing Block size=3
begin cleaner{left: ("[FunctionalDependency:(s: {brewery_id}, t: {state})]", 0.0), operator: *, right: (1.0, 1.0), result: 0.0}
列 'p' 不存在，对列 state 不过滤，直接选择所有非无效值。
clean_bool length:2
newest best op: Uniop(df,'state','IL',(['brewery_id'], {('210',)}),{left: ("[FunctionalDependency:(s: {brewery_id}, t: {state})]", 0.0), operator: *, right: (1.0, 1.0), result: 0.0})
now error: 0.0
Block processing time: 0.016934 seconds
Computing Block 58 out of 560
Processing Block size=24
begin cleaner{left: ("[FunctionalDependency:(s: {brewery_id}, t: {state})]", 0.0), operator: *, right: (1.0, 1.0), result: 0.0}
列 'p' 不存在，对列 state 不过滤，直接选择所有非无效值。
clean_bool length:2
newest best op: Uniop(df,'state','NY',(['brewery_id'], {('46',)}),{left: ("[FunctionalDependency:(s: {brewery_id}, t: {state})]", 0.0), operator: *, right: (1.0, 1.0), result: 0.0})
now error: 0.0
Block processing time: 0.114539 seconds
Computing Block 59 out of 560
Processing Block size=2
begin cleaner{left: ("[FunctionalDependency:(s: {brewery_id}, t: {state})]", 0.0), operator: *, right: (1.0, 1.0), result: 0.0}
列 'p' 不存在，对列 state 不过滤，直接选择所有非无效值。
Block processing time: 0.005364 seconds
Computing Block 61 out of 560
Processing Block size=4
begin cleaner{left: ("[FunctionalDependency:(s: {brewery_id}, t: {state})]", 0.0), operator: *, right: (1.0, 1.0), result: 0.0}
列 'p' 不存在，对列 state 不过滤，直接选择所有非无效值。
clean_bool length:2
newest best op: Uniop(df,'state','CA',(['brewery_id'], {('350',)}),{left: ("[FunctionalDependency:(s: {brewery_id}, t: {state})]", 0.0), operator: *, right: (1.0, 1.0), result: 0.0})
now error: 0.0
Block processing time: 0.024398 seconds
Computing Block 62 out of 560
Processing Block size=9
begin cleaner{left: ("[FunctionalDependency:(s: {brewery_id}, t: {state})]", 0.0), operator: *, right: (1.0, 1.0), result: 0.0}
列 'p' 不存在，对列 state 不过滤，直接选择所有非无效值。
Block processing time: 0.021478 seconds
Computing Block 63 out of 560
Processing Block size=13
begin cleaner{left: ("[FunctionalDependency:(s: {brewery_id}, t: {state})]", 0.0), operator: *, right: (1.0, 1.0), result: 0.0}
列 'p' 不存在，对列 state 不过滤，直接选择所有非无效值。
clean_bool length:2
newest best op: Uniop(df,'state','MN',(['brewery_id'], {('61',)}),{left: ("[FunctionalDependency:(s: {brewery_id}, t: {state})]", 0.0), operator: *, right: (1.0, 1.0), result: 0.0})
now error: 0.0
Block processing time: 0.063211 seconds
Computing Block 64 out of 560
Processing Block size=2
begin cleaner{left: ("[FunctionalDependency:(s: {brewery_id}, t: {state})]", 0.0), operator: *, right: (1.0, 1.0), result: 0.0}
列 'p' 不存在，对列 state 不过滤，直接选择所有非无效值。
clean_bool length:2
newest best op: Uniop(df,'state','FL',(['brewery_id'], {('467',)}),{left: ("[FunctionalDependency:(s: {brewery_id}, t: {state})]", 0.0), operator: *, right: (1.0, 1.0), result: 0.0})
now error: 0.0
Block processing time: 0.012349 seconds
Computing Block 66 out of 560
Processing Block size=7
begin cleaner{left: ("[FunctionalDependency:(s: {brewery_id}, t: {state})]", 0.0), operator: *, right: (1.0, 1.0), result: 0.0}
列 'p' 不存在，对列 state 不过滤，直接选择所有非无效值。
Block processing time: 0.016871 seconds
Computing Block 67 out of 560
Processing Block size=10
begin cleaner{left: ("[FunctionalDependency:(s: {brewery_id}, t: {state})]", 0.0), operator: *, right: (1.0, 1.0), result: 0.0}
列 'p' 不存在，对列 state 不过滤，直接选择所有非无效值。
Block processing time: 0.023693 seconds
Computing Block 68 out of 560
Processing Block size=2
begin cleaner{left: ("[FunctionalDependency:(s: {brewery_id}, t: {state})]", 0.0), operator: *, right: (1.0, 1.0), result: 0.0}
列 'p' 不存在，对列 state 不过滤，直接选择所有非无效值。
Block processing time: 0.005273 seconds
Computing Block 70 out of 560
Processing Block size=2
begin cleaner{left: ("[FunctionalDependency:(s: {brewery_id}, t: {state})]", 0.0), operator: *, right: (1.0, 1.0), result: 0.0}
列 'p' 不存在，对列 state 不过滤，直接选择所有非无效值。
Block processing time: 0.005211 seconds
Computing Block 71 out of 560
Processing Block size=2
begin cleaner{left: ("[FunctionalDependency:(s: {brewery_id}, t: {state})]", 0.0), operator: *, right: (1.0, 1.0), result: 0.0}
列 'p' 不存在，对列 state 不过滤，直接选择所有非无效值。
clean_bool length:2
newest best op: Uniop(df,'state','CO',(['brewery_id'], {('291',)}),{left: ("[FunctionalDependency:(s: {brewery_id}, t: {state})]", 0.0), operator: *, right: (1.0, 1.0), result: 0.0})
now error: 0.0
Block processing time: 0.012102 seconds
Computing Block 72 out of 560
Processing Block size=4
begin cleaner{left: ("[FunctionalDependency:(s: {brewery_id}, t: {state})]", 0.0), operator: *, right: (1.0, 1.0), result: 0.0}
列 'p' 不存在，对列 state 不过滤，直接选择所有非无效值。
Block processing time: 0.009977 seconds
Computing Block 74 out of 560
Processing Block size=7
begin cleaner{left: ("[FunctionalDependency:(s: {brewery_id}, t: {state})]", 0.0), operator: *, right: (1.0, 1.0), result: 0.0}
列 'p' 不存在，对列 state 不过滤，直接选择所有非无效值。
Block processing time: 0.01685 seconds
Computing Block 76 out of 560
Processing Block size=2
begin cleaner{left: ("[FunctionalDependency:(s: {brewery_id}, t: {state})]", 0.0), operator: *, right: (1.0, 1.0), result: 0.0}
列 'p' 不存在，对列 state 不过滤，直接选择所有非无效值。
Block processing time: 0.00528 seconds
Computing Block 77 out of 560
Processing Block size=9
begin cleaner{left: ("[FunctionalDependency:(s: {brewery_id}, t: {state})]", 0.0), operator: *, right: (1.0, 1.0), result: 0.0}
列 'p' 不存在，对列 state 不过滤，直接选择所有非无效值。
clean_bool length:2
newest best op: Uniop(df,'state','CA',(['brewery_id'], {('83',)}),{left: ("[FunctionalDependency:(s: {brewery_id}, t: {state})]", 0.0), operator: *, right: (1.0, 1.0), result: 0.0})
now error: 0.0
Block processing time: 0.044282 seconds
Computing Block 78 out of 560
Processing Block size=6
begin cleaner{left: ("[FunctionalDependency:(s: {brewery_id}, t: {state})]", 0.0), operator: *, right: (1.0, 1.0), result: 0.0}
列 'p' 不存在，对列 state 不过滤，直接选择所有非无效值。
clean_bool length:2
newest best op: Uniop(df,'state','VT',(['brewery_id'], {('272',)}),{left: ("[FunctionalDependency:(s: {brewery_id}, t: {state})]", 0.0), operator: *, right: (1.0, 1.0), result: 0.0})
now error: 0.0
Block processing time: 0.030766 seconds
Computing Block 79 out of 560
Processing Block size=3
begin cleaner{left: ("[FunctionalDependency:(s: {brewery_id}, t: {state})]", 0.0), operator: *, right: (1.0, 1.0), result: 0.0}
列 'p' 不存在，对列 state 不过滤，直接选择所有非无效值。
clean_bool length:2
newest best op: Uniop(df,'state','TX',(['brewery_id'], {('214',)}),{left: ("[FunctionalDependency:(s: {brewery_id}, t: {state})]", 0.0), operator: *, right: (1.0, 1.0), result: 0.0})
now error: 0.0
Block processing time: 0.017175 seconds
Computing Block 81 out of 560
Processing Block size=4
begin cleaner{left: ("[FunctionalDependency:(s: {brewery_id}, t: {state})]", 0.0), operator: *, right: (1.0, 1.0), result: 0.0}
列 'p' 不存在，对列 state 不过滤，直接选择所有非无效值。
Block processing time: 0.010051 seconds
Computing Block 82 out of 560
Processing Block size=2
begin cleaner{left: ("[FunctionalDependency:(s: {brewery_id}, t: {state})]", 0.0), operator: *, right: (1.0, 1.0), result: 0.0}
列 'p' 不存在，对列 state 不过滤，直接选择所有非无效值。
Block processing time: 0.005373 seconds
Computing Block 83 out of 560
Processing Block size=17
begin cleaner{left: ("[FunctionalDependency:(s: {brewery_id}, t: {state})]", 0.0), operator: *, right: (1.0, 1.0), result: 0.0}
列 'p' 不存在，对列 state 不过滤，直接选择所有非无效值。
clean_bool length:2
newest best op: Uniop(df,'state','ID',(['brewery_id'], {('309',)}),{left: ("[FunctionalDependency:(s: {brewery_id}, t: {state})]", 0.0), operator: *, right: (1.0, 1.0), result: 0.0})
now error: 0.0
Block processing time: 0.081704 seconds
Computing Block 84 out of 560
Processing Block size=3
begin cleaner{left: ("[FunctionalDependency:(s: {brewery_id}, t: {state})]", 0.0), operator: *, right: (1.0, 1.0), result: 0.0}
列 'p' 不存在，对列 state 不过滤，直接选择所有非无效值。
Block processing time: 0.007584 seconds
Computing Block 87 out of 560
Processing Block size=2
begin cleaner{left: ("[FunctionalDependency:(s: {brewery_id}, t: {state})]", 0.0), operator: *, right: (1.0, 1.0), result: 0.0}
列 'p' 不存在，对列 state 不过滤，直接选择所有非无效值。
Block processing time: 0.005272 seconds
Computing Block 88 out of 560
Processing Block size=2
begin cleaner{left: ("[FunctionalDependency:(s: {brewery_id}, t: {state})]", 0.0), operator: *, right: (1.0, 1.0), result: 0.0}
列 'p' 不存在，对列 state 不过滤，直接选择所有非无效值。
Block processing time: 0.005307 seconds
Computing Block 89 out of 560
Processing Block size=4
begin cleaner{left: ("[FunctionalDependency:(s: {brewery_id}, t: {state})]", 0.0), operator: *, right: (1.0, 1.0), result: 0.0}
列 'p' 不存在，对列 state 不过滤，直接选择所有非无效值。
clean_bool length:2
newest best op: Uniop(df,'state','AK',(['brewery_id'], {('458',)}),{left: ("[FunctionalDependency:(s: {brewery_id}, t: {state})]", 0.0), operator: *, right: (1.0, 1.0), result: 0.0})
now error: 0.0
Block processing time: 0.021803 seconds
Computing Block 90 out of 560
Processing Block size=7
begin cleaner{left: ("[FunctionalDependency:(s: {brewery_id}, t: {state})]", 0.0), operator: *, right: (1.0, 1.0), result: 0.0}
列 'p' 不存在，对列 state 不过滤，直接选择所有非无效值。
Block processing time: 0.016754 seconds
Computing Block 91 out of 560
Processing Block size=4
begin cleaner{left: ("[FunctionalDependency:(s: {brewery_id}, t: {state})]", 0.0), operator: *, right: (1.0, 1.0), result: 0.0}
列 'p' 不存在，对列 state 不过滤，直接选择所有非无效值。
Block processing time: 0.009961 seconds
Computing Block 92 out of 560
Processing Block size=6
begin cleaner{left: ("[FunctionalDependency:(s: {brewery_id}, t: {state})]", 0.0), operator: *, right: (1.0, 1.0), result: 0.0}
列 'p' 不存在，对列 state 不过滤，直接选择所有非无效值。
clean_bool length:2
newest best op: Uniop(df,'state','MN',(['brewery_id'], {('75',)}),{left: ("[FunctionalDependency:(s: {brewery_id}, t: {state})]", 0.0), operator: *, right: (1.0, 1.0), result: 0.0})
now error: 0.0
Block processing time: 0.031497 seconds
Computing Block 93 out of 560
Processing Block size=18
begin cleaner{left: ("[FunctionalDependency:(s: {brewery_id}, t: {state})]", 0.0), operator: *, right: (1.0, 1.0), result: 0.0}
列 'p' 不存在，对列 state 不过滤，直接选择所有非无效值。
clean_bool length:2
newest best op: Uniop(df,'state','CO',(['brewery_id'], {('51',)}),{left: ("[FunctionalDependency:(s: {brewery_id}, t: {state})]", 0.0), operator: *, right: (1.0, 1.0), result: 0.0})
now error: 0.0
Block processing time: 0.085794 seconds
Computing Block 94 out of 560
Processing Block size=6
begin cleaner{left: ("[FunctionalDependency:(s: {brewery_id}, t: {state})]", 0.0), operator: *, right: (1.0, 1.0), result: 0.0}
列 'p' 不存在，对列 state 不过滤，直接选择所有非无效值。
clean_bool length:2
newest best op: Uniop(df,'state','PA',(['brewery_id'], {('322',)}),{left: ("[FunctionalDependency:(s: {brewery_id}, t: {state})]", 0.0), operator: *, right: (1.0, 1.0), result: 0.0})
now error: 0.0
Block processing time: 0.030611 seconds
Computing Block 95 out of 560
Processing Block size=4
begin cleaner{left: ("[FunctionalDependency:(s: {brewery_id}, t: {state})]", 0.0), operator: *, right: (1.0, 1.0), result: 0.0}
列 'p' 不存在，对列 state 不过滤，直接选择所有非无效值。
Block processing time: 0.010146 seconds
Computing Block 96 out of 560
Processing Block size=2
begin cleaner{left: ("[FunctionalDependency:(s: {brewery_id}, t: {state})]", 0.0), operator: *, right: (1.0, 1.0), result: 0.0}
列 'p' 不存在，对列 state 不过滤，直接选择所有非无效值。
Block processing time: 0.005286 seconds
Computing Block 97 out of 560
Processing Block size=3
begin cleaner{left: ("[FunctionalDependency:(s: {brewery_id}, t: {state})]", 0.0), operator: *, right: (1.0, 1.0), result: 0.0}
列 'p' 不存在，对列 state 不过滤，直接选择所有非无效值。
clean_bool length:2
newest best op: Uniop(df,'state','MI',(['brewery_id'], {('253',)}),{left: ("[FunctionalDependency:(s: {brewery_id}, t: {state})]", 0.0), operator: *, right: (1.0, 1.0), result: 0.0})
now error: 0.0
Block processing time: 0.016833 seconds
Computing Block 98 out of 560
Processing Block size=2
begin cleaner{left: ("[FunctionalDependency:(s: {brewery_id}, t: {state})]", 0.0), operator: *, right: (1.0, 1.0), result: 0.0}
列 'p' 不存在，对列 state 不过滤，直接选择所有非无效值。
Block processing time: 0.005325 seconds
Computing Block 99 out of 560
Processing Block size=3
begin cleaner{left: ("[FunctionalDependency:(s: {brewery_id}, t: {state})]", 0.0), operator: *, right: (1.0, 1.0), result: 0.0}
列 'p' 不存在，对列 state 不过滤，直接选择所有非无效值。
Block processing time: 0.007628 seconds
Computing Block 102 out of 560
Processing Block size=3
begin cleaner{left: ("[FunctionalDependency:(s: {brewery_id}, t: {state})]", 0.0), operator: *, right: (1.0, 1.0), result: 0.0}
列 'p' 不存在，对列 state 不过滤，直接选择所有非无效值。
Block processing time: 0.007598 seconds
Computing Block 103 out of 560
Processing Block size=6
begin cleaner{left: ("[FunctionalDependency:(s: {brewery_id}, t: {state})]", 0.0), operator: *, right: (1.0, 1.0), result: 0.0}
列 'p' 不存在，对列 state 不过滤，直接选择所有非无效值。
Block processing time: 0.014451 seconds
Computing Block 104 out of 560
Processing Block size=5
begin cleaner{left: ("[FunctionalDependency:(s: {brewery_id}, t: {state})]", 0.0), operator: *, right: (1.0, 1.0), result: 0.0}
列 'p' 不存在，对列 state 不过滤，直接选择所有非无效值。
Block processing time: 0.012102 seconds
Computing Block 105 out of 560
Processing Block size=2
begin cleaner{left: ("[FunctionalDependency:(s: {brewery_id}, t: {state})]", 0.0), operator: *, right: (1.0, 1.0), result: 0.0}
列 'p' 不存在，对列 state 不过滤，直接选择所有非无效值。
Block processing time: 0.005283 seconds
Computing Block 106 out of 560
Processing Block size=20
begin cleaner{left: ("[FunctionalDependency:(s: {brewery_id}, t: {state})]", 0.0), operator: *, right: (1.0, 1.0), result: 0.0}
列 'p' 不存在，对列 state 不过滤，直接选择所有非无效值。
clean_bool length:2
newest best op: Uniop(df,'state','IN',(['brewery_id'], {('165',)}),{left: ("[FunctionalDependency:(s: {brewery_id}, t: {state})]", 0.0), operator: *, right: (1.0, 1.0), result: 0.0})
now error: 0.0
Block processing time: 0.095344 seconds
Computing Block 107 out of 560
Processing Block size=8
begin cleaner{left: ("[FunctionalDependency:(s: {brewery_id}, t: {state})]", 0.0), operator: *, right: (1.0, 1.0), result: 0.0}
列 'p' 不存在，对列 state 不过滤，直接选择所有非无效值。
Block processing time: 0.019081 seconds
Computing Block 108 out of 560
Processing Block size=2
begin cleaner{left: ("[FunctionalDependency:(s: {brewery_id}, t: {state})]", 0.0), operator: *, right: (1.0, 1.0), result: 0.0}
列 'p' 不存在，对列 state 不过滤，直接选择所有非无效值。
Block processing time: 0.00533 seconds
Computing Block 109 out of 560
Processing Block size=5
begin cleaner{left: ("[FunctionalDependency:(s: {brewery_id}, t: {state})]", 0.0), operator: *, right: (1.0, 1.0), result: 0.0}
列 'p' 不存在，对列 state 不过滤，直接选择所有非无效值。
clean_bool length:2
newest best op: Uniop(df,'state','CA',(['brewery_id'], {('48',)}),{left: ("[FunctionalDependency:(s: {brewery_id}, t: {state})]", 0.0), operator: *, right: (1.0, 1.0), result: 0.0})
now error: 0.0
Block processing time: 0.025933 seconds
Computing Block 110 out of 560
Processing Block size=4
begin cleaner{left: ("[FunctionalDependency:(s: {brewery_id}, t: {state})]", 0.0), operator: *, right: (1.0, 1.0), result: 0.0}
列 'p' 不存在，对列 state 不过滤，直接选择所有非无效值。
Block processing time: 0.00992 seconds
Computing Block 112 out of 560
Processing Block size=6
begin cleaner{left: ("[FunctionalDependency:(s: {brewery_id}, t: {state})]", 0.0), operator: *, right: (1.0, 1.0), result: 0.0}
列 'p' 不存在，对列 state 不过滤，直接选择所有非无效值。
clean_bool length:2
newest best op: Uniop(df,'state','OK',(['brewery_id'], {('182',)}),{left: ("[FunctionalDependency:(s: {brewery_id}, t: {state})]", 0.0), operator: *, right: (1.0, 1.0), result: 0.0})
now error: 0.0
Block processing time: 0.030814 seconds
Computing Block 113 out of 560
Processing Block size=2
begin cleaner{left: ("[FunctionalDependency:(s: {brewery_id}, t: {state})]", 0.0), operator: *, right: (1.0, 1.0), result: 0.0}
列 'p' 不存在，对列 state 不过滤，直接选择所有非无效值。
Block processing time: 0.005319 seconds
Computing Block 114 out of 560
Processing Block size=4
begin cleaner{left: ("[FunctionalDependency:(s: {brewery_id}, t: {state})]", 0.0), operator: *, right: (1.0, 1.0), result: 0.0}
列 'p' 不存在，对列 state 不过滤，直接选择所有非无效值。
Block processing time: 0.010089 seconds
Computing Block 115 out of 560
Processing Block size=2
begin cleaner{left: ("[FunctionalDependency:(s: {brewery_id}, t: {state})]", 0.0), operator: *, right: (1.0, 1.0), result: 0.0}
列 'p' 不存在，对列 state 不过滤，直接选择所有非无效值。
Block processing time: 0.005243 seconds
Computing Block 116 out of 560
Processing Block size=2
begin cleaner{left: ("[FunctionalDependency:(s: {brewery_id}, t: {state})]", 0.0), operator: *, right: (1.0, 1.0), result: 0.0}
列 'p' 不存在，对列 state 不过滤，直接选择所有非无效值。
clean_bool length:2
newest best op: Uniop(df,'state','NM',(['brewery_id'], {('332',)}),{left: ("[FunctionalDependency:(s: {brewery_id}, t: {state})]", 0.0), operator: *, right: (1.0, 1.0), result: 0.0})
now error: 0.0
Block processing time: 0.012305 seconds
Computing Block 117 out of 560
Processing Block size=6
begin cleaner{left: ("[FunctionalDependency:(s: {brewery_id}, t: {state})]", 0.0), operator: *, right: (1.0, 1.0), result: 0.0}
列 'p' 不存在，对列 state 不过滤，直接选择所有非无效值。
Block processing time: 0.014855 seconds
Computing Block 120 out of 560
Processing Block size=5
begin cleaner{left: ("[FunctionalDependency:(s: {brewery_id}, t: {state})]", 0.0), operator: *, right: (1.0, 1.0), result: 0.0}
列 'p' 不存在，对列 state 不过滤，直接选择所有非无效值。
Block processing time: 0.012333 seconds
Computing Block 122 out of 560
Processing Block size=38
begin cleaner{left: ("[FunctionalDependency:(s: {brewery_id}, t: {state})]", 0.0), operator: *, right: (1.0, 1.0), result: 0.0}
列 'p' 不存在，对列 state 不过滤，直接选择所有非无效值。
clean_bool length:2
newest best op: Uniop(df,'state','IN',(['brewery_id'], {('25',)}),{left: ("[FunctionalDependency:(s: {brewery_id}, t: {state})]", 0.0), operator: *, right: (1.0, 1.0), result: 0.0})
now error: 0.0
Block processing time: 0.18336 seconds
Computing Block 123 out of 560
Processing Block size=6
begin cleaner{left: ("[FunctionalDependency:(s: {brewery_id}, t: {state})]", 0.0), operator: *, right: (1.0, 1.0), result: 0.0}
列 'p' 不存在，对列 state 不过滤，直接选择所有非无效值。
clean_bool length:2
newest best op: Uniop(df,'state','CA',(['brewery_id'], {('34',)}),{left: ("[FunctionalDependency:(s: {brewery_id}, t: {state})]", 0.0), operator: *, right: (1.0, 1.0), result: 0.0})
now error: 0.0
Block processing time: 0.030975 seconds
Computing Block 124 out of 560
Processing Block size=4
begin cleaner{left: ("[FunctionalDependency:(s: {brewery_id}, t: {state})]", 0.0), operator: *, right: (1.0, 1.0), result: 0.0}
列 'p' 不存在，对列 state 不过滤，直接选择所有非无效值。
Block processing time: 0.009982 seconds
Computing Block 125 out of 560
Processing Block size=3
begin cleaner{left: ("[FunctionalDependency:(s: {brewery_id}, t: {state})]", 0.0), operator: *, right: (1.0, 1.0), result: 0.0}
列 'p' 不存在，对列 state 不过滤，直接选择所有非无效值。
Block processing time: 0.007572 seconds
Computing Block 126 out of 560
Processing Block size=6
begin cleaner{left: ("[FunctionalDependency:(s: {brewery_id}, t: {state})]", 0.0), operator: *, right: (1.0, 1.0), result: 0.0}
列 'p' 不存在，对列 state 不过滤，直接选择所有非无效值。
Block processing time: 0.014491 seconds
Computing Block 127 out of 560
Processing Block size=8
begin cleaner{left: ("[FunctionalDependency:(s: {brewery_id}, t: {state})]", 0.0), operator: *, right: (1.0, 1.0), result: 0.0}
列 'p' 不存在，对列 state 不过滤，直接选择所有非无效值。
Block processing time: 0.018971 seconds
Computing Block 128 out of 560
Processing Block size=4
begin cleaner{left: ("[FunctionalDependency:(s: {brewery_id}, t: {state})]", 0.0), operator: *, right: (1.0, 1.0), result: 0.0}
列 'p' 不存在，对列 state 不过滤，直接选择所有非无效值。
Block processing time: 0.009813 seconds
Computing Block 129 out of 560
Processing Block size=4
begin cleaner{left: ("[FunctionalDependency:(s: {brewery_id}, t: {state})]", 0.0), operator: *, right: (1.0, 1.0), result: 0.0}
列 'p' 不存在，对列 state 不过滤，直接选择所有非无效值。
Block processing time: 0.009871 seconds
Computing Block 130 out of 560
Processing Block size=5
begin cleaner{left: ("[FunctionalDependency:(s: {brewery_id}, t: {state})]", 0.0), operator: *, right: (1.0, 1.0), result: 0.0}
列 'p' 不存在，对列 state 不过滤，直接选择所有非无效值。
clean_bool length:2
newest best op: Uniop(df,'state','CA',(['brewery_id'], {('522',)}),{left: ("[FunctionalDependency:(s: {brewery_id}, t: {state})]", 0.0), operator: *, right: (1.0, 1.0), result: 0.0})
now error: 0.0
Block processing time: 0.025946 seconds
Computing Block 131 out of 560
Processing Block size=7
begin cleaner{left: ("[FunctionalDependency:(s: {brewery_id}, t: {state})]", 0.0), operator: *, right: (1.0, 1.0), result: 0.0}
列 'p' 不存在，对列 state 不过滤，直接选择所有非无效值。
clean_bool length:2
newest best op: Uniop(df,'state','MI',(['brewery_id'], {('229',)}),{left: ("[FunctionalDependency:(s: {brewery_id}, t: {state})]", 0.0), operator: *, right: (1.0, 1.0), result: 0.0})
now error: 0.0
Block processing time: 0.035397 seconds
Computing Block 132 out of 560
Processing Block size=3
begin cleaner{left: ("[FunctionalDependency:(s: {brewery_id}, t: {state})]", 0.0), operator: *, right: (1.0, 1.0), result: 0.0}
列 'p' 不存在，对列 state 不过滤，直接选择所有非无效值。
Block processing time: 0.007632 seconds
Computing Block 133 out of 560
Processing Block size=11
begin cleaner{left: ("[FunctionalDependency:(s: {brewery_id}, t: {state})]", 0.0), operator: *, right: (1.0, 1.0), result: 0.0}
列 'p' 不存在，对列 state 不过滤，直接选择所有非无效值。
clean_bool length:2
newest best op: Uniop(df,'state','MA',(['brewery_id'], {('295',)}),{left: ("[FunctionalDependency:(s: {brewery_id}, t: {state})]", 0.0), operator: *, right: (1.0, 1.0), result: 0.0})
now error: 0.0
Block processing time: 0.053663 seconds
Computing Block 134 out of 560
Processing Block size=3
begin cleaner{left: ("[FunctionalDependency:(s: {brewery_id}, t: {state})]", 0.0), operator: *, right: (1.0, 1.0), result: 0.0}
列 'p' 不存在，对列 state 不过滤，直接选择所有非无效值。
Block processing time: 0.007562 seconds
Computing Block 136 out of 560
Processing Block size=5
begin cleaner{left: ("[FunctionalDependency:(s: {brewery_id}, t: {state})]", 0.0), operator: *, right: (1.0, 1.0), result: 0.0}
列 'p' 不存在，对列 state 不过滤，直接选择所有非无效值。
Block processing time: 0.012283 seconds
Computing Block 137 out of 560
Processing Block size=7
begin cleaner{left: ("[FunctionalDependency:(s: {brewery_id}, t: {state})]", 0.0), operator: *, right: (1.0, 1.0), result: 0.0}
列 'p' 不存在，对列 state 不过滤，直接选择所有非无效值。
Block processing time: 0.017088 seconds
Computing Block 138 out of 560
Processing Block size=4
begin cleaner{left: ("[FunctionalDependency:(s: {brewery_id}, t: {state})]", 0.0), operator: *, right: (1.0, 1.0), result: 0.0}
列 'p' 不存在，对列 state 不过滤，直接选择所有非无效值。
Block processing time: 0.009892 seconds
Computing Block 139 out of 560
Processing Block size=3
begin cleaner{left: ("[FunctionalDependency:(s: {brewery_id}, t: {state})]", 0.0), operator: *, right: (1.0, 1.0), result: 0.0}
列 'p' 不存在，对列 state 不过滤，直接选择所有非无效值。
Block processing time: 0.007626 seconds
Computing Block 140 out of 560
Processing Block size=9
begin cleaner{left: ("[FunctionalDependency:(s: {brewery_id}, t: {state})]", 0.0), operator: *, right: (1.0, 1.0), result: 0.0}
列 'p' 不存在，对列 state 不过滤，直接选择所有非无效值。
clean_bool length:2
newest best op: Uniop(df,'state','CO',(['brewery_id'], {('6',)}),{left: ("[FunctionalDependency:(s: {brewery_id}, t: {state})]", 0.0), operator: *, right: (1.0, 1.0), result: 0.0})
now error: 0.0
Block processing time: 0.044225 seconds
Computing Block 141 out of 560
Processing Block size=3
begin cleaner{left: ("[FunctionalDependency:(s: {brewery_id}, t: {state})]", 0.0), operator: *, right: (1.0, 1.0), result: 0.0}
列 'p' 不存在，对列 state 不过滤，直接选择所有非无效值。
Block processing time: 0.007601 seconds
Computing Block 142 out of 560
Processing Block size=2
begin cleaner{left: ("[FunctionalDependency:(s: {brewery_id}, t: {state})]", 0.0), operator: *, right: (1.0, 1.0), result: 0.0}
列 'p' 不存在，对列 state 不过滤，直接选择所有非无效值。
Block processing time: 0.005261 seconds
Computing Block 144 out of 560
Processing Block size=2
begin cleaner{left: ("[FunctionalDependency:(s: {brewery_id}, t: {state})]", 0.0), operator: *, right: (1.0, 1.0), result: 0.0}
列 'p' 不存在，对列 state 不过滤，直接选择所有非无效值。
Block processing time: 0.005251 seconds
Computing Block 145 out of 560
Processing Block size=5
begin cleaner{left: ("[FunctionalDependency:(s: {brewery_id}, t: {state})]", 0.0), operator: *, right: (1.0, 1.0), result: 0.0}
列 'p' 不存在，对列 state 不过滤，直接选择所有非无效值。
Block processing time: 0.012072 seconds
Computing Block 146 out of 560
Processing Block size=20
begin cleaner{left: ("[FunctionalDependency:(s: {brewery_id}, t: {state})]", 0.0), operator: *, right: (1.0, 1.0), result: 0.0}
列 'p' 不存在，对列 state 不过滤，直接选择所有非无效值。
clean_bool length:2
newest best op: Uniop(df,'state','CA',(['brewery_id'], {('368',)}),{left: ("[FunctionalDependency:(s: {brewery_id}, t: {state})]", 0.0), operator: *, right: (1.0, 1.0), result: 0.0})
now error: 0.0
Block processing time: 0.095412 seconds
Computing Block 147 out of 560
Processing Block size=2
begin cleaner{left: ("[FunctionalDependency:(s: {brewery_id}, t: {state})]", 0.0), operator: *, right: (1.0, 1.0), result: 0.0}
列 'p' 不存在，对列 state 不过滤，直接选择所有非无效值。
clean_bool length:2
newest best op: Uniop(df,'state','SC',(['brewery_id'], {('518',)}),{left: ("[FunctionalDependency:(s: {brewery_id}, t: {state})]", 0.0), operator: *, right: (1.0, 1.0), result: 0.0})
now error: 0.0
Block processing time: 0.012219 seconds
Computing Block 150 out of 560
Processing Block size=5
begin cleaner{left: ("[FunctionalDependency:(s: {brewery_id}, t: {state})]", 0.0), operator: *, right: (1.0, 1.0), result: 0.0}
列 'p' 不存在，对列 state 不过滤，直接选择所有非无效值。
Block processing time: 0.012315 seconds
Computing Block 151 out of 560
Processing Block size=5
begin cleaner{left: ("[FunctionalDependency:(s: {brewery_id}, t: {state})]", 0.0), operator: *, right: (1.0, 1.0), result: 0.0}
列 'p' 不存在，对列 state 不过滤，直接选择所有非无效值。
Block processing time: 0.012179 seconds
Computing Block 152 out of 560
Processing Block size=3
begin cleaner{left: ("[FunctionalDependency:(s: {brewery_id}, t: {state})]", 0.0), operator: *, right: (1.0, 1.0), result: 0.0}
列 'p' 不存在，对列 state 不过滤，直接选择所有非无效值。
Block processing time: 0.007593 seconds
Computing Block 154 out of 560
Processing Block size=3
begin cleaner{left: ("[FunctionalDependency:(s: {brewery_id}, t: {state})]", 0.0), operator: *, right: (1.0, 1.0), result: 0.0}
列 'p' 不存在，对列 state 不过滤，直接选择所有非无效值。
Block processing time: 0.007651 seconds
Computing Block 155 out of 560
Processing Block size=6
begin cleaner{left: ("[FunctionalDependency:(s: {brewery_id}, t: {state})]", 0.0), operator: *, right: (1.0, 1.0), result: 0.0}
列 'p' 不存在，对列 state 不过滤，直接选择所有非无效值。
Block processing time: 0.014503 seconds
Computing Block 156 out of 560
Processing Block size=2
begin cleaner{left: ("[FunctionalDependency:(s: {brewery_id}, t: {state})]", 0.0), operator: *, right: (1.0, 1.0), result: 0.0}
列 'p' 不存在，对列 state 不过滤，直接选择所有非无效值。
Block processing time: 0.005267 seconds
Computing Block 157 out of 560
Processing Block size=7
begin cleaner{left: ("[FunctionalDependency:(s: {brewery_id}, t: {state})]", 0.0), operator: *, right: (1.0, 1.0), result: 0.0}
列 'p' 不存在，对列 state 不过滤，直接选择所有非无效值。
clean_bool length:2
newest best op: Uniop(df,'state','NV',(['brewery_id'], {('530',)}),{left: ("[FunctionalDependency:(s: {brewery_id}, t: {state})]", 0.0), operator: *, right: (1.0, 1.0), result: 0.0})
now error: 0.0
Block processing time: 0.035055 seconds
Computing Block 158 out of 560
Processing Block size=7
begin cleaner{left: ("[FunctionalDependency:(s: {brewery_id}, t: {state})]", 0.0), operator: *, right: (1.0, 1.0), result: 0.0}
列 'p' 不存在，对列 state 不过滤，直接选择所有非无效值。
Block processing time: 0.016855 seconds
Computing Block 159 out of 560
Processing Block size=4
begin cleaner{left: ("[FunctionalDependency:(s: {brewery_id}, t: {state})]", 0.0), operator: *, right: (1.0, 1.0), result: 0.0}
列 'p' 不存在，对列 state 不过滤，直接选择所有非无效值。
Block processing time: 0.009959 seconds
Computing Block 160 out of 560
Processing Block size=2
begin cleaner{left: ("[FunctionalDependency:(s: {brewery_id}, t: {state})]", 0.0), operator: *, right: (1.0, 1.0), result: 0.0}
列 'p' 不存在，对列 state 不过滤，直接选择所有非无效值。
Block processing time: 0.005224 seconds
Computing Block 161 out of 560
Processing Block size=4
begin cleaner{left: ("[FunctionalDependency:(s: {brewery_id}, t: {state})]", 0.0), operator: *, right: (1.0, 1.0), result: 0.0}
列 'p' 不存在，对列 state 不过滤，直接选择所有非无效值。
Block processing time: 0.009903 seconds
Computing Block 162 out of 560
Processing Block size=4
begin cleaner{left: ("[FunctionalDependency:(s: {brewery_id}, t: {state})]", 0.0), operator: *, right: (1.0, 1.0), result: 0.0}
列 'p' 不存在，对列 state 不过滤，直接选择所有非无效值。
clean_bool length:2
newest best op: Uniop(df,'state','NE',(['brewery_id'], {('282',)}),{left: ("[FunctionalDependency:(s: {brewery_id}, t: {state})]", 0.0), operator: *, right: (1.0, 1.0), result: 0.0})
now error: 0.0
Block processing time: 0.021364 seconds
Computing Block 163 out of 560
Processing Block size=4
begin cleaner{left: ("[FunctionalDependency:(s: {brewery_id}, t: {state})]", 0.0), operator: *, right: (1.0, 1.0), result: 0.0}
列 'p' 不存在，对列 state 不过滤，直接选择所有非无效值。
Block processing time: 0.009893 seconds
Computing Block 164 out of 560
Processing Block size=4
begin cleaner{left: ("[FunctionalDependency:(s: {brewery_id}, t: {state})]", 0.0), operator: *, right: (1.0, 1.0), result: 0.0}
列 'p' 不存在，对列 state 不过滤，直接选择所有非无效值。
Block processing time: 0.009881 seconds
Computing Block 165 out of 560
Processing Block size=3
begin cleaner{left: ("[FunctionalDependency:(s: {brewery_id}, t: {state})]", 0.0), operator: *, right: (1.0, 1.0), result: 0.0}
列 'p' 不存在，对列 state 不过滤，直接选择所有非无效值。
Block processing time: 0.00751 seconds
Computing Block 166 out of 560
Processing Block size=2
begin cleaner{left: ("[FunctionalDependency:(s: {brewery_id}, t: {state})]", 0.0), operator: *, right: (1.0, 1.0), result: 0.0}
列 'p' 不存在，对列 state 不过滤，直接选择所有非无效值。
Block processing time: 0.005263 seconds
Computing Block 167 out of 560
Processing Block size=3
begin cleaner{left: ("[FunctionalDependency:(s: {brewery_id}, t: {state})]", 0.0), operator: *, right: (1.0, 1.0), result: 0.0}
列 'p' 不存在，对列 state 不过滤，直接选择所有非无效值。
clean_bool length:2
newest best op: Uniop(df,'state','GA',(['brewery_id'], {('475',)}),{left: ("[FunctionalDependency:(s: {brewery_id}, t: {state})]", 0.0), operator: *, right: (1.0, 1.0), result: 0.0})
now error: 0.0
Block processing time: 0.016908 seconds
Computing Block 168 out of 560
Processing Block size=3
begin cleaner{left: ("[FunctionalDependency:(s: {brewery_id}, t: {state})]", 0.0), operator: *, right: (1.0, 1.0), result: 0.0}
列 'p' 不存在，对列 state 不过滤，直接选择所有非无效值。
Block processing time: 0.00766 seconds
Computing Block 172 out of 560
Processing Block size=3
begin cleaner{left: ("[FunctionalDependency:(s: {brewery_id}, t: {state})]", 0.0), operator: *, right: (1.0, 1.0), result: 0.0}
列 'p' 不存在，对列 state 不过滤，直接选择所有非无效值。
clean_bool length:2
newest best op: Uniop(df,'state','TX',(['brewery_id'], {('287',)}),{left: ("[FunctionalDependency:(s: {brewery_id}, t: {state})]", 0.0), operator: *, right: (1.0, 1.0), result: 0.0})
now error: 0.0
Block processing time: 0.016934 seconds
Computing Block 173 out of 560
Processing Block size=6
begin cleaner{left: ("[FunctionalDependency:(s: {brewery_id}, t: {state})]", 0.0), operator: *, right: (1.0, 1.0), result: 0.0}
列 'p' 不存在，对列 state 不过滤，直接选择所有非无效值。
Block processing time: 0.014454 seconds
Computing Block 175 out of 560
Processing Block size=8
begin cleaner{left: ("[FunctionalDependency:(s: {brewery_id}, t: {state})]", 0.0), operator: *, right: (1.0, 1.0), result: 0.0}
列 'p' 不存在，对列 state 不过滤，直接选择所有非无效值。
clean_bool length:2
newest best op: Uniop(df,'state','OH',(['brewery_id'], {('93',)}),{left: ("[FunctionalDependency:(s: {brewery_id}, t: {state})]", 0.0), operator: *, right: (1.0, 1.0), result: 0.0})
now error: 0.0
Block processing time: 0.039758 seconds
Computing Block 178 out of 560
Processing Block size=2
begin cleaner{left: ("[FunctionalDependency:(s: {brewery_id}, t: {state})]", 0.0), operator: *, right: (1.0, 1.0), result: 0.0}
列 'p' 不存在，对列 state 不过滤，直接选择所有非无效值。
clean_bool length:2
newest best op: Uniop(df,'state','OR',(['brewery_id'], {('485',)}),{left: ("[FunctionalDependency:(s: {brewery_id}, t: {state})]", 0.0), operator: *, right: (1.0, 1.0), result: 0.0})
now error: 0.0
Block processing time: 0.012307 seconds
Computing Block 179 out of 560
Processing Block size=5
begin cleaner{left: ("[FunctionalDependency:(s: {brewery_id}, t: {state})]", 0.0), operator: *, right: (1.0, 1.0), result: 0.0}
列 'p' 不存在，对列 state 不过滤，直接选择所有非无效值。
clean_bool length:2
newest best op: Uniop(df,'state','MA',(['brewery_id'], {('2',)}),{left: ("[FunctionalDependency:(s: {brewery_id}, t: {state})]", 0.0), operator: *, right: (1.0, 1.0), result: 0.0})
now error: 0.0
Block processing time: 0.026167 seconds
Computing Block 181 out of 560
Processing Block size=18
begin cleaner{left: ("[FunctionalDependency:(s: {brewery_id}, t: {state})]", 0.0), operator: *, right: (1.0, 1.0), result: 0.0}
列 'p' 不存在，对列 state 不过滤，直接选择所有非无效值。
Block processing time: 0.041931 seconds
Computing Block 183 out of 560
Processing Block size=6
begin cleaner{left: ("[FunctionalDependency:(s: {brewery_id}, t: {state})]", 0.0), operator: *, right: (1.0, 1.0), result: 0.0}
列 'p' 不存在，对列 state 不过滤，直接选择所有非无效值。
Block processing time: 0.014525 seconds
Computing Block 184 out of 560
Processing Block size=2
begin cleaner{left: ("[FunctionalDependency:(s: {brewery_id}, t: {state})]", 0.0), operator: *, right: (1.0, 1.0), result: 0.0}
列 'p' 不存在，对列 state 不过滤，直接选择所有非无效值。
Block processing time: 0.005288 seconds
Computing Block 185 out of 560
Processing Block size=5
begin cleaner{left: ("[FunctionalDependency:(s: {brewery_id}, t: {state})]", 0.0), operator: *, right: (1.0, 1.0), result: 0.0}
列 'p' 不存在，对列 state 不过滤，直接选择所有非无效值。
Block processing time: 0.012381 seconds
Computing Block 186 out of 560
Processing Block size=5
begin cleaner{left: ("[FunctionalDependency:(s: {brewery_id}, t: {state})]", 0.0), operator: *, right: (1.0, 1.0), result: 0.0}
列 'p' 不存在，对列 state 不过滤，直接选择所有非无效值。
Block processing time: 0.012141 seconds
Computing Block 189 out of 560
Processing Block size=9
begin cleaner{left: ("[FunctionalDependency:(s: {brewery_id}, t: {state})]", 0.0), operator: *, right: (1.0, 1.0), result: 0.0}
列 'p' 不存在，对列 state 不过滤，直接选择所有非无效值。
Block processing time: 0.021306 seconds
Computing Block 190 out of 560
Processing Block size=6
begin cleaner{left: ("[FunctionalDependency:(s: {brewery_id}, t: {state})]", 0.0), operator: *, right: (1.0, 1.0), result: 0.0}
列 'p' 不存在，对列 state 不过滤，直接选择所有非无效值。
Block processing time: 0.014401 seconds
Computing Block 191 out of 560
Processing Block size=8
begin cleaner{left: ("[FunctionalDependency:(s: {brewery_id}, t: {state})]", 0.0), operator: *, right: (1.0, 1.0), result: 0.0}
列 'p' 不存在，对列 state 不过滤，直接选择所有非无效值。
clean_bool length:2
newest best op: Uniop(df,'state','MO',(['brewery_id'], {('60',)}),{left: ("[FunctionalDependency:(s: {brewery_id}, t: {state})]", 0.0), operator: *, right: (1.0, 1.0), result: 0.0})
now error: 0.0
Block processing time: 0.040183 seconds
Computing Block 192 out of 560
Processing Block size=2
begin cleaner{left: ("[FunctionalDependency:(s: {brewery_id}, t: {state})]", 0.0), operator: *, right: (1.0, 1.0), result: 0.0}
列 'p' 不存在，对列 state 不过滤，直接选择所有非无效值。
Block processing time: 0.005272 seconds
Computing Block 193 out of 560
Processing Block size=5
begin cleaner{left: ("[FunctionalDependency:(s: {brewery_id}, t: {state})]", 0.0), operator: *, right: (1.0, 1.0), result: 0.0}
列 'p' 不存在，对列 state 不过滤，直接选择所有非无效值。
Block processing time: 0.012071 seconds
Computing Block 194 out of 560
Processing Block size=5
begin cleaner{left: ("[FunctionalDependency:(s: {brewery_id}, t: {state})]", 0.0), operator: *, right: (1.0, 1.0), result: 0.0}
列 'p' 不存在，对列 state 不过滤，直接选择所有非无效值。
Block processing time: 0.012328 seconds
Computing Block 197 out of 560
Processing Block size=3
begin cleaner{left: ("[FunctionalDependency:(s: {brewery_id}, t: {state})]", 0.0), operator: *, right: (1.0, 1.0), result: 0.0}
列 'p' 不存在，对列 state 不过滤，直接选择所有非无效值。
Block processing time: 0.007765 seconds
Computing Block 198 out of 560
Processing Block size=6
begin cleaner{left: ("[FunctionalDependency:(s: {brewery_id}, t: {state})]", 0.0), operator: *, right: (1.0, 1.0), result: 0.0}
列 'p' 不存在，对列 state 不过滤，直接选择所有非无效值。
Block processing time: 0.0145 seconds
Computing Block 200 out of 560
Processing Block size=4
begin cleaner{left: ("[FunctionalDependency:(s: {brewery_id}, t: {state})]", 0.0), operator: *, right: (1.0, 1.0), result: 0.0}
列 'p' 不存在，对列 state 不过滤，直接选择所有非无效值。
Block processing time: 0.010015 seconds
Computing Block 203 out of 560
Processing Block size=3
begin cleaner{left: ("[FunctionalDependency:(s: {brewery_id}, t: {state})]", 0.0), operator: *, right: (1.0, 1.0), result: 0.0}
列 'p' 不存在，对列 state 不过滤，直接选择所有非无效值。
Block processing time: 0.007564 seconds
Computing Block 205 out of 560
Processing Block size=3
begin cleaner{left: ("[FunctionalDependency:(s: {brewery_id}, t: {state})]", 0.0), operator: *, right: (1.0, 1.0), result: 0.0}
列 'p' 不存在，对列 state 不过滤，直接选择所有非无效值。
Block processing time: 0.007745 seconds
Computing Block 206 out of 560
Processing Block size=3
begin cleaner{left: ("[FunctionalDependency:(s: {brewery_id}, t: {state})]", 0.0), operator: *, right: (1.0, 1.0), result: 0.0}
列 'p' 不存在，对列 state 不过滤，直接选择所有非无效值。
Block processing time: 0.007617 seconds
Computing Block 208 out of 560
Processing Block size=7
begin cleaner{left: ("[FunctionalDependency:(s: {brewery_id}, t: {state})]", 0.0), operator: *, right: (1.0, 1.0), result: 0.0}
列 'p' 不存在，对列 state 不过滤，直接选择所有非无效值。
clean_bool length:2
newest best op: Uniop(df,'state','PA',(['brewery_id'], {('164',)}),{left: ("[FunctionalDependency:(s: {brewery_id}, t: {state})]", 0.0), operator: *, right: (1.0, 1.0), result: 0.0})
now error: 0.0
Block processing time: 0.036646 seconds
Computing Block 209 out of 560
Processing Block size=3
begin cleaner{left: ("[FunctionalDependency:(s: {brewery_id}, t: {state})]", 0.0), operator: *, right: (1.0, 1.0), result: 0.0}
列 'p' 不存在，对列 state 不过滤，直接选择所有非无效值。
Block processing time: 0.007804 seconds
Computing Block 211 out of 560
Processing Block size=2
begin cleaner{left: ("[FunctionalDependency:(s: {brewery_id}, t: {state})]", 0.0), operator: *, right: (1.0, 1.0), result: 0.0}
列 'p' 不存在，对列 state 不过滤，直接选择所有非无效值。
Block processing time: 0.005167 seconds
Computing Block 213 out of 560
Processing Block size=4
begin cleaner{left: ("[FunctionalDependency:(s: {brewery_id}, t: {state})]", 0.0), operator: *, right: (1.0, 1.0), result: 0.0}
列 'p' 不存在，对列 state 不过滤，直接选择所有非无效值。
Block processing time: 0.009989 seconds
Computing Block 214 out of 560
Processing Block size=9
begin cleaner{left: ("[FunctionalDependency:(s: {brewery_id}, t: {state})]", 0.0), operator: *, right: (1.0, 1.0), result: 0.0}
列 'p' 不存在，对列 state 不过滤，直接选择所有非无效值。
Block processing time: 0.021414 seconds
Computing Block 215 out of 560
Processing Block size=2
begin cleaner{left: ("[FunctionalDependency:(s: {brewery_id}, t: {state})]", 0.0), operator: *, right: (1.0, 1.0), result: 0.0}
列 'p' 不存在，对列 state 不过滤，直接选择所有非无效值。
Block processing time: 0.005155 seconds
Computing Block 216 out of 560
Processing Block size=2
begin cleaner{left: ("[FunctionalDependency:(s: {brewery_id}, t: {state})]", 0.0), operator: *, right: (1.0, 1.0), result: 0.0}
列 'p' 不存在，对列 state 不过滤，直接选择所有非无效值。
Block processing time: 0.005302 seconds
Computing Block 217 out of 560
Processing Block size=2
begin cleaner{left: ("[FunctionalDependency:(s: {brewery_id}, t: {state})]", 0.0), operator: *, right: (1.0, 1.0), result: 0.0}
列 'p' 不存在，对列 state 不过滤，直接选择所有非无效值。
Block processing time: 0.005206 seconds
Computing Block 218 out of 560
Processing Block size=2
begin cleaner{left: ("[FunctionalDependency:(s: {brewery_id}, t: {state})]", 0.0), operator: *, right: (1.0, 1.0), result: 0.0}
列 'p' 不存在，对列 state 不过滤，直接选择所有非无效值。
Block processing time: 0.005295 seconds
Computing Block 219 out of 560
Processing Block size=11
begin cleaner{left: ("[FunctionalDependency:(s: {brewery_id}, t: {state})]", 0.0), operator: *, right: (1.0, 1.0), result: 0.0}
列 'p' 不存在，对列 state 不过滤，直接选择所有非无效值。
Block processing time: 0.025742 seconds
Computing Block 220 out of 560
Processing Block size=3
begin cleaner{left: ("[FunctionalDependency:(s: {brewery_id}, t: {state})]", 0.0), operator: *, right: (1.0, 1.0), result: 0.0}
列 'p' 不存在，对列 state 不过滤，直接选择所有非无效值。
clean_bool length:2
newest best op: Uniop(df,'state','PA',(['brewery_id'], {('297',)}),{left: ("[FunctionalDependency:(s: {brewery_id}, t: {state})]", 0.0), operator: *, right: (1.0, 1.0), result: 0.0})
now error: 0.0
Block processing time: 0.016745 seconds
Computing Block 221 out of 560
Processing Block size=8
begin cleaner{left: ("[FunctionalDependency:(s: {brewery_id}, t: {state})]", 0.0), operator: *, right: (1.0, 1.0), result: 0.0}
列 'p' 不存在，对列 state 不过滤，直接选择所有非无效值。
Block processing time: 0.019141 seconds
Computing Block 222 out of 560
Processing Block size=13
begin cleaner{left: ("[FunctionalDependency:(s: {brewery_id}, t: {state})]", 0.0), operator: *, right: (1.0, 1.0), result: 0.0}
列 'p' 不存在，对列 state 不过滤，直接选择所有非无效值。
clean_bool length:2
newest best op: Uniop(df,'state','WI',(['brewery_id'], {('134',)}),{left: ("[FunctionalDependency:(s: {brewery_id}, t: {state})]", 0.0), operator: *, right: (1.0, 1.0), result: 0.0})
now error: 0.0
Block processing time: 0.063748 seconds
Computing Block 223 out of 560
Processing Block size=2
begin cleaner{left: ("[FunctionalDependency:(s: {brewery_id}, t: {state})]", 0.0), operator: *, right: (1.0, 1.0), result: 0.0}
列 'p' 不存在，对列 state 不过滤，直接选择所有非无效值。
Block processing time: 0.005356 seconds
Computing Block 224 out of 560
Processing Block size=2
begin cleaner{left: ("[FunctionalDependency:(s: {brewery_id}, t: {state})]", 0.0), operator: *, right: (1.0, 1.0), result: 0.0}
列 'p' 不存在，对列 state 不过滤，直接选择所有非无效值。
Block processing time: 0.005241 seconds
Computing Block 226 out of 560
Processing Block size=2
begin cleaner{left: ("[FunctionalDependency:(s: {brewery_id}, t: {state})]", 0.0), operator: *, right: (1.0, 1.0), result: 0.0}
列 'p' 不存在，对列 state 不过滤，直接选择所有非无效值。
Block processing time: 0.005267 seconds
Computing Block 227 out of 560
Processing Block size=2
begin cleaner{left: ("[FunctionalDependency:(s: {brewery_id}, t: {state})]", 0.0), operator: *, right: (1.0, 1.0), result: 0.0}
列 'p' 不存在，对列 state 不过滤，直接选择所有非无效值。
Block processing time: 0.005191 seconds
Computing Block 228 out of 560
Processing Block size=9
begin cleaner{left: ("[FunctionalDependency:(s: {brewery_id}, t: {state})]", 0.0), operator: *, right: (1.0, 1.0), result: 0.0}
列 'p' 不存在，对列 state 不过滤，直接选择所有非无效值。
Block processing time: 0.02119 seconds
Computing Block 229 out of 560
Processing Block size=3
begin cleaner{left: ("[FunctionalDependency:(s: {brewery_id}, t: {state})]", 0.0), operator: *, right: (1.0, 1.0), result: 0.0}
列 'p' 不存在，对列 state 不过滤，直接选择所有非无效值。
Block processing time: 0.00751 seconds
Computing Block 230 out of 560
Processing Block size=3
begin cleaner{left: ("[FunctionalDependency:(s: {brewery_id}, t: {state})]", 0.0), operator: *, right: (1.0, 1.0), result: 0.0}
列 'p' 不存在，对列 state 不过滤，直接选择所有非无效值。
Block processing time: 0.007557 seconds
Computing Block 231 out of 560
Processing Block size=10
begin cleaner{left: ("[FunctionalDependency:(s: {brewery_id}, t: {state})]", 0.0), operator: *, right: (1.0, 1.0), result: 0.0}
列 'p' 不存在，对列 state 不过滤，直接选择所有非无效值。
clean_bool length:2
newest best op: Uniop(df,'state','TX',(['brewery_id'], {('125',)}),{left: ("[FunctionalDependency:(s: {brewery_id}, t: {state})]", 0.0), operator: *, right: (1.0, 1.0), result: 0.0})
now error: 0.0
Block processing time: 0.049682 seconds
Computing Block 232 out of 560
Processing Block size=2
begin cleaner{left: ("[FunctionalDependency:(s: {brewery_id}, t: {state})]", 0.0), operator: *, right: (1.0, 1.0), result: 0.0}
列 'p' 不存在，对列 state 不过滤，直接选择所有非无效值。
Block processing time: 0.005305 seconds
Computing Block 234 out of 560
Processing Block size=13
begin cleaner{left: ("[FunctionalDependency:(s: {brewery_id}, t: {state})]", 0.0), operator: *, right: (1.0, 1.0), result: 0.0}
列 'p' 不存在，对列 state 不过滤，直接选择所有非无效值。
Block processing time: 0.030611 seconds
Computing Block 236 out of 560
Processing Block size=2
begin cleaner{left: ("[FunctionalDependency:(s: {brewery_id}, t: {state})]", 0.0), operator: *, right: (1.0, 1.0), result: 0.0}
列 'p' 不存在，对列 state 不过滤，直接选择所有非无效值。
Block processing time: 0.005287 seconds
Computing Block 237 out of 560
Processing Block size=2
begin cleaner{left: ("[FunctionalDependency:(s: {brewery_id}, t: {state})]", 0.0), operator: *, right: (1.0, 1.0), result: 0.0}
列 'p' 不存在，对列 state 不过滤，直接选择所有非无效值。
clean_bool length:2
newest best op: Uniop(df,'state','OR',(['brewery_id'], {('494',)}),{left: ("[FunctionalDependency:(s: {brewery_id}, t: {state})]", 0.0), operator: *, right: (1.0, 1.0), result: 0.0})
now error: 0.0
Block processing time: 0.012246 seconds
Computing Block 238 out of 560
Processing Block size=4
begin cleaner{left: ("[FunctionalDependency:(s: {brewery_id}, t: {state})]", 0.0), operator: *, right: (1.0, 1.0), result: 0.0}
列 'p' 不存在，对列 state 不过滤，直接选择所有非无效值。
Block processing time: 0.009953 seconds
Computing Block 239 out of 560
Processing Block size=2
begin cleaner{left: ("[FunctionalDependency:(s: {brewery_id}, t: {state})]", 0.0), operator: *, right: (1.0, 1.0), result: 0.0}
列 'p' 不存在，对列 state 不过滤，直接选择所有非无效值。
clean_bool length:2
newest best op: Uniop(df,'state','WI',(['brewery_id'], {('542',)}),{left: ("[FunctionalDependency:(s: {brewery_id}, t: {state})]", 0.0), operator: *, right: (1.0, 1.0), result: 0.0})
now error: 0.0
Block processing time: 0.012354 seconds
Computing Block 240 out of 560
Processing Block size=14
begin cleaner{left: ("[FunctionalDependency:(s: {brewery_id}, t: {state})]", 0.0), operator: *, right: (1.0, 1.0), result: 0.0}
列 'p' 不存在，对列 state 不过滤，直接选择所有非无效值。
Block processing time: 0.033084 seconds
Computing Block 241 out of 560
Processing Block size=3
begin cleaner{left: ("[FunctionalDependency:(s: {brewery_id}, t: {state})]", 0.0), operator: *, right: (1.0, 1.0), result: 0.0}
列 'p' 不存在，对列 state 不过滤，直接选择所有非无效值。
Block processing time: 0.007745 seconds
Computing Block 242 out of 560
Processing Block size=5
begin cleaner{left: ("[FunctionalDependency:(s: {brewery_id}, t: {state})]", 0.0), operator: *, right: (1.0, 1.0), result: 0.0}
列 'p' 不存在，对列 state 不过滤，直接选择所有非无效值。
Block processing time: 0.012351 seconds
Computing Block 245 out of 560
Processing Block size=4
begin cleaner{left: ("[FunctionalDependency:(s: {brewery_id}, t: {state})]", 0.0), operator: *, right: (1.0, 1.0), result: 0.0}
列 'p' 不存在，对列 state 不过滤，直接选择所有非无效值。
clean_bool length:2
newest best op: Uniop(df,'state','IN',(['brewery_id'], {('250',)}),{left: ("[FunctionalDependency:(s: {brewery_id}, t: {state})]", 0.0), operator: *, right: (1.0, 1.0), result: 0.0})
now error: 0.0
Block processing time: 0.021713 seconds
Computing Block 246 out of 560
Processing Block size=4
begin cleaner{left: ("[FunctionalDependency:(s: {brewery_id}, t: {state})]", 0.0), operator: *, right: (1.0, 1.0), result: 0.0}
列 'p' 不存在，对列 state 不过滤，直接选择所有非无效值。
Block processing time: 0.009986 seconds
Computing Block 247 out of 560
Processing Block size=2
begin cleaner{left: ("[FunctionalDependency:(s: {brewery_id}, t: {state})]", 0.0), operator: *, right: (1.0, 1.0), result: 0.0}
列 'p' 不存在，对列 state 不过滤，直接选择所有非无效值。
Block processing time: 0.005331 seconds
Computing Block 248 out of 560
Processing Block size=3
begin cleaner{left: ("[FunctionalDependency:(s: {brewery_id}, t: {state})]", 0.0), operator: *, right: (1.0, 1.0), result: 0.0}
列 'p' 不存在，对列 state 不过滤，直接选择所有非无效值。
clean_bool length:2
newest best op: Uniop(df,'state','IA',(['brewery_id'], {('482',)}),{left: ("[FunctionalDependency:(s: {brewery_id}, t: {state})]", 0.0), operator: *, right: (1.0, 1.0), result: 0.0})
now error: 0.0
Block processing time: 0.017041 seconds
Computing Block 251 out of 560
Processing Block size=4
begin cleaner{left: ("[FunctionalDependency:(s: {brewery_id}, t: {state})]", 0.0), operator: *, right: (1.0, 1.0), result: 0.0}
列 'p' 不存在，对列 state 不过滤，直接选择所有非无效值。
Block processing time: 0.01009 seconds
Computing Block 252 out of 560
Processing Block size=2
begin cleaner{left: ("[FunctionalDependency:(s: {brewery_id}, t: {state})]", 0.0), operator: *, right: (1.0, 1.0), result: 0.0}
列 'p' 不存在，对列 state 不过滤，直接选择所有非无效值。
Block processing time: 0.005378 seconds
Computing Block 253 out of 560
Processing Block size=9
begin cleaner{left: ("[FunctionalDependency:(s: {brewery_id}, t: {state})]", 0.0), operator: *, right: (1.0, 1.0), result: 0.0}
列 'p' 不存在，对列 state 不过滤，直接选择所有非无效值。
clean_bool length:2
newest best op: Uniop(df,'state','IN',(['brewery_id'], {('17',)}),{left: ("[FunctionalDependency:(s: {brewery_id}, t: {state})]", 0.0), operator: *, right: (1.0, 1.0), result: 0.0})
now error: 0.0
Block processing time: 0.044518 seconds
Computing Block 254 out of 560
Processing Block size=2
begin cleaner{left: ("[FunctionalDependency:(s: {brewery_id}, t: {state})]", 0.0), operator: *, right: (1.0, 1.0), result: 0.0}
列 'p' 不存在，对列 state 不过滤，直接选择所有非无效值。
Block processing time: 0.00534 seconds
Computing Block 255 out of 560
Processing Block size=4
begin cleaner{left: ("[FunctionalDependency:(s: {brewery_id}, t: {state})]", 0.0), operator: *, right: (1.0, 1.0), result: 0.0}
列 'p' 不存在，对列 state 不过滤，直接选择所有非无效值。
Block processing time: 0.009799 seconds
Computing Block 256 out of 560
Processing Block size=4
begin cleaner{left: ("[FunctionalDependency:(s: {brewery_id}, t: {state})]", 0.0), operator: *, right: (1.0, 1.0), result: 0.0}
列 'p' 不存在，对列 state 不过滤，直接选择所有非无效值。
Block processing time: 0.009874 seconds
Computing Block 257 out of 560
Processing Block size=10
begin cleaner{left: ("[FunctionalDependency:(s: {brewery_id}, t: {state})]", 0.0), operator: *, right: (1.0, 1.0), result: 0.0}
列 'p' 不存在，对列 state 不过滤，直接选择所有非无效值。
Block processing time: 0.02352 seconds
Computing Block 259 out of 560
Processing Block size=2
begin cleaner{left: ("[FunctionalDependency:(s: {brewery_id}, t: {state})]", 0.0), operator: *, right: (1.0, 1.0), result: 0.0}
列 'p' 不存在，对列 state 不过滤，直接选择所有非无效值。
Block processing time: 0.005214 seconds
Computing Block 261 out of 560
Processing Block size=7
begin cleaner{left: ("[FunctionalDependency:(s: {brewery_id}, t: {state})]", 0.0), operator: *, right: (1.0, 1.0), result: 0.0}
列 'p' 不存在，对列 state 不过滤，直接选择所有非无效值。
Block processing time: 0.016732 seconds
Computing Block 262 out of 560
Processing Block size=7
begin cleaner{left: ("[FunctionalDependency:(s: {brewery_id}, t: {state})]", 0.0), operator: *, right: (1.0, 1.0), result: 0.0}
列 'p' 不存在，对列 state 不过滤，直接选择所有非无效值。
Block processing time: 0.016538 seconds
Computing Block 267 out of 560
Processing Block size=3
begin cleaner{left: ("[FunctionalDependency:(s: {brewery_id}, t: {state})]", 0.0), operator: *, right: (1.0, 1.0), result: 0.0}
列 'p' 不存在，对列 state 不过滤，直接选择所有非无效值。
clean_bool length:2
newest best op: Uniop(df,'state','MD',(['brewery_id'], {('255',)}),{left: ("[FunctionalDependency:(s: {brewery_id}, t: {state})]", 0.0), operator: *, right: (1.0, 1.0), result: 0.0})
now error: 0.0
Block processing time: 0.016818 seconds
Computing Block 268 out of 560
Processing Block size=4
begin cleaner{left: ("[FunctionalDependency:(s: {brewery_id}, t: {state})]", 0.0), operator: *, right: (1.0, 1.0), result: 0.0}
列 'p' 不存在，对列 state 不过滤，直接选择所有非无效值。
Block processing time: 0.010324 seconds
Computing Block 270 out of 560
Processing Block size=3
begin cleaner{left: ("[FunctionalDependency:(s: {brewery_id}, t: {state})]", 0.0), operator: *, right: (1.0, 1.0), result: 0.0}
列 'p' 不存在，对列 state 不过滤，直接选择所有非无效值。
Block processing time: 0.007526 seconds
Computing Block 271 out of 560
Processing Block size=2
begin cleaner{left: ("[FunctionalDependency:(s: {brewery_id}, t: {state})]", 0.0), operator: *, right: (1.0, 1.0), result: 0.0}
列 'p' 不存在，对列 state 不过滤，直接选择所有非无效值。
Block processing time: 0.005189 seconds
Computing Block 272 out of 560
Processing Block size=2
begin cleaner{left: ("[FunctionalDependency:(s: {brewery_id}, t: {state})]", 0.0), operator: *, right: (1.0, 1.0), result: 0.0}
列 'p' 不存在，对列 state 不过滤，直接选择所有非无效值。
Block processing time: 0.005214 seconds
Computing Block 274 out of 560
Processing Block size=2
begin cleaner{left: ("[FunctionalDependency:(s: {brewery_id}, t: {state})]", 0.0), operator: *, right: (1.0, 1.0), result: 0.0}
列 'p' 不存在，对列 state 不过滤，直接选择所有非无效值。
Block processing time: 0.00526 seconds
Computing Block 275 out of 560
Processing Block size=2
begin cleaner{left: ("[FunctionalDependency:(s: {brewery_id}, t: {state})]", 0.0), operator: *, right: (1.0, 1.0), result: 0.0}
列 'p' 不存在，对列 state 不过滤，直接选择所有非无效值。
Block processing time: 0.005373 seconds
Computing Block 277 out of 560
Processing Block size=2
begin cleaner{left: ("[FunctionalDependency:(s: {brewery_id}, t: {state})]", 0.0), operator: *, right: (1.0, 1.0), result: 0.0}
列 'p' 不存在，对列 state 不过滤，直接选择所有非无效值。
Block processing time: 0.005238 seconds
Computing Block 279 out of 560
Processing Block size=2
begin cleaner{left: ("[FunctionalDependency:(s: {brewery_id}, t: {state})]", 0.0), operator: *, right: (1.0, 1.0), result: 0.0}
列 'p' 不存在，对列 state 不过滤，直接选择所有非无效值。
Block processing time: 0.005256 seconds
Computing Block 280 out of 560
Processing Block size=32
begin cleaner{left: ("[FunctionalDependency:(s: {brewery_id}, t: {state})]", 0.0), operator: *, right: (1.0, 1.0), result: 0.0}
列 'p' 不存在，对列 state 不过滤，直接选择所有非无效值。
clean_bool length:2
newest best op: Uniop(df,'state','CO',(['brewery_id'], {('166',)}),{left: ("[FunctionalDependency:(s: {brewery_id}, t: {state})]", 0.0), operator: *, right: (1.0, 1.0), result: 0.0})
now error: 0.0
Block processing time: 0.151782 seconds
Computing Block 281 out of 560
Processing Block size=4
begin cleaner{left: ("[FunctionalDependency:(s: {brewery_id}, t: {state})]", 0.0), operator: *, right: (1.0, 1.0), result: 0.0}
列 'p' 不存在，对列 state 不过滤，直接选择所有非无效值。
Block processing time: 0.010065 seconds
Computing Block 282 out of 560
Processing Block size=5
begin cleaner{left: ("[FunctionalDependency:(s: {brewery_id}, t: {state})]", 0.0), operator: *, right: (1.0, 1.0), result: 0.0}
列 'p' 不存在，对列 state 不过滤，直接选择所有非无效值。
Block processing time: 0.012174 seconds
Computing Block 283 out of 560
Processing Block size=5
begin cleaner{left: ("[FunctionalDependency:(s: {brewery_id}, t: {state})]", 0.0), operator: *, right: (1.0, 1.0), result: 0.0}
列 'p' 不存在，对列 state 不过滤，直接选择所有非无效值。
Block processing time: 0.012275 seconds
Computing Block 284 out of 560
Processing Block size=3
begin cleaner{left: ("[FunctionalDependency:(s: {brewery_id}, t: {state})]", 0.0), operator: *, right: (1.0, 1.0), result: 0.0}
列 'p' 不存在，对列 state 不过滤，直接选择所有非无效值。
Block processing time: 0.007477 seconds
Computing Block 285 out of 560
Processing Block size=3
begin cleaner{left: ("[FunctionalDependency:(s: {brewery_id}, t: {state})]", 0.0), operator: *, right: (1.0, 1.0), result: 0.0}
列 'p' 不存在，对列 state 不过滤，直接选择所有非无效值。
Block processing time: 0.007532 seconds
Computing Block 286 out of 560
Processing Block size=5
begin cleaner{left: ("[FunctionalDependency:(s: {brewery_id}, t: {state})]", 0.0), operator: *, right: (1.0, 1.0), result: 0.0}
列 'p' 不存在，对列 state 不过滤，直接选择所有非无效值。
Block processing time: 0.012088 seconds
Computing Block 287 out of 560
Processing Block size=3
begin cleaner{left: ("[FunctionalDependency:(s: {brewery_id}, t: {state})]", 0.0), operator: *, right: (1.0, 1.0), result: 0.0}
列 'p' 不存在，对列 state 不过滤，直接选择所有非无效值。
Block processing time: 0.007551 seconds
Computing Block 288 out of 560
Processing Block size=14
begin cleaner{left: ("[FunctionalDependency:(s: {brewery_id}, t: {state})]", 0.0), operator: *, right: (1.0, 1.0), result: 0.0}
列 'p' 不存在，对列 state 不过滤，直接选择所有非无效值。
clean_bool length:2
newest best op: Uniop(df,'state','OR',(['brewery_id'], {('155',)}),{left: ("[FunctionalDependency:(s: {brewery_id}, t: {state})]", 0.0), operator: *, right: (1.0, 1.0), result: 0.0})
now error: 0.0
Block processing time: 0.066764 seconds
Computing Block 290 out of 560
Processing Block size=2
begin cleaner{left: ("[FunctionalDependency:(s: {brewery_id}, t: {state})]", 0.0), operator: *, right: (1.0, 1.0), result: 0.0}
列 'p' 不存在，对列 state 不过滤，直接选择所有非无效值。
Block processing time: 0.00527 seconds
Computing Block 291 out of 560
Processing Block size=2
begin cleaner{left: ("[FunctionalDependency:(s: {brewery_id}, t: {state})]", 0.0), operator: *, right: (1.0, 1.0), result: 0.0}
列 'p' 不存在，对列 state 不过滤，直接选择所有非无效值。
Block processing time: 0.005189 seconds
Computing Block 292 out of 560
Processing Block size=4
begin cleaner{left: ("[FunctionalDependency:(s: {brewery_id}, t: {state})]", 0.0), operator: *, right: (1.0, 1.0), result: 0.0}
列 'p' 不存在，对列 state 不过滤，直接选择所有非无效值。
clean_bool length:2
newest best op: Uniop(df,'state','MI',(['brewery_id'], {('11',)}),{left: ("[FunctionalDependency:(s: {brewery_id}, t: {state})]", 0.0), operator: *, right: (1.0, 1.0), result: 0.0})
now error: 0.0
Block processing time: 0.021442 seconds
Computing Block 294 out of 560
Processing Block size=2
begin cleaner{left: ("[FunctionalDependency:(s: {brewery_id}, t: {state})]", 0.0), operator: *, right: (1.0, 1.0), result: 0.0}
列 'p' 不存在，对列 state 不过滤，直接选择所有非无效值。
Block processing time: 0.005304 seconds
Computing Block 295 out of 560
Processing Block size=6
begin cleaner{left: ("[FunctionalDependency:(s: {brewery_id}, t: {state})]", 0.0), operator: *, right: (1.0, 1.0), result: 0.0}
列 'p' 不存在，对列 state 不过滤，直接选择所有非无效值。
Block processing time: 0.014362 seconds
Computing Block 296 out of 560
Processing Block size=4
begin cleaner{left: ("[FunctionalDependency:(s: {brewery_id}, t: {state})]", 0.0), operator: *, right: (1.0, 1.0), result: 0.0}
列 'p' 不存在，对列 state 不过滤，直接选择所有非无效值。
Block processing time: 0.009886 seconds
Computing Block 297 out of 560
Processing Block size=3
begin cleaner{left: ("[FunctionalDependency:(s: {brewery_id}, t: {state})]", 0.0), operator: *, right: (1.0, 1.0), result: 0.0}
列 'p' 不存在，对列 state 不过滤，直接选择所有非无效值。
Block processing time: 0.007839 seconds
Computing Block 299 out of 560
Processing Block size=9
begin cleaner{left: ("[FunctionalDependency:(s: {brewery_id}, t: {state})]", 0.0), operator: *, right: (1.0, 1.0), result: 0.0}
列 'p' 不存在，对列 state 不过滤，直接选择所有非无效值。
Block processing time: 0.021816 seconds
Computing Block 301 out of 560
Processing Block size=5
begin cleaner{left: ("[FunctionalDependency:(s: {brewery_id}, t: {state})]", 0.0), operator: *, right: (1.0, 1.0), result: 0.0}
列 'p' 不存在，对列 state 不过滤，直接选择所有非无效值。
Block processing time: 0.012351 seconds
Computing Block 303 out of 560
Processing Block size=5
begin cleaner{left: ("[FunctionalDependency:(s: {brewery_id}, t: {state})]", 0.0), operator: *, right: (1.0, 1.0), result: 0.0}
列 'p' 不存在，对列 state 不过滤，直接选择所有非无效值。
Block processing time: 0.01232 seconds
Computing Block 304 out of 560
Processing Block size=9
begin cleaner{left: ("[FunctionalDependency:(s: {brewery_id}, t: {state})]", 0.0), operator: *, right: (1.0, 1.0), result: 0.0}
列 'p' 不存在，对列 state 不过滤，直接选择所有非无效值。
Block processing time: 0.021611 seconds
Computing Block 306 out of 560
Processing Block size=3
begin cleaner{left: ("[FunctionalDependency:(s: {brewery_id}, t: {state})]", 0.0), operator: *, right: (1.0, 1.0), result: 0.0}
列 'p' 不存在，对列 state 不过滤，直接选择所有非无效值。
Block processing time: 0.007618 seconds
Computing Block 307 out of 560
Processing Block size=7
begin cleaner{left: ("[FunctionalDependency:(s: {brewery_id}, t: {state})]", 0.0), operator: *, right: (1.0, 1.0), result: 0.0}
列 'p' 不存在，对列 state 不过滤，直接选择所有非无效值。
Block processing time: 0.016968 seconds
Computing Block 308 out of 560
Processing Block size=8
begin cleaner{left: ("[FunctionalDependency:(s: {brewery_id}, t: {state})]", 0.0), operator: *, right: (1.0, 1.0), result: 0.0}
列 'p' 不存在，对列 state 不过滤，直接选择所有非无效值。
clean_bool length:2
newest best op: Uniop(df,'state','CO',(['brewery_id'], {('386',)}),{left: ("[FunctionalDependency:(s: {brewery_id}, t: {state})]", 0.0), operator: *, right: (1.0, 1.0), result: 0.0})
now error: 0.0
Block processing time: 0.040055 seconds
Computing Block 309 out of 560
Processing Block size=3
begin cleaner{left: ("[FunctionalDependency:(s: {brewery_id}, t: {state})]", 0.0), operator: *, right: (1.0, 1.0), result: 0.0}
列 'p' 不存在，对列 state 不过滤，直接选择所有非无效值。
Block processing time: 0.007557 seconds
Computing Block 310 out of 560
Processing Block size=4
begin cleaner{left: ("[FunctionalDependency:(s: {brewery_id}, t: {state})]", 0.0), operator: *, right: (1.0, 1.0), result: 0.0}
列 'p' 不存在，对列 state 不过滤，直接选择所有非无效值。
Block processing time: 0.009829 seconds
Computing Block 313 out of 560
Processing Block size=3
begin cleaner{left: ("[FunctionalDependency:(s: {brewery_id}, t: {state})]", 0.0), operator: *, right: (1.0, 1.0), result: 0.0}
列 'p' 不存在，对列 state 不过滤，直接选择所有非无效值。
Block processing time: 0.007597 seconds
Computing Block 314 out of 560
Processing Block size=4
begin cleaner{left: ("[FunctionalDependency:(s: {brewery_id}, t: {state})]", 0.0), operator: *, right: (1.0, 1.0), result: 0.0}
列 'p' 不存在，对列 state 不过滤，直接选择所有非无效值。
Block processing time: 0.009671 seconds
Computing Block 315 out of 560
Processing Block size=4
begin cleaner{left: ("[FunctionalDependency:(s: {brewery_id}, t: {state})]", 0.0), operator: *, right: (1.0, 1.0), result: 0.0}
列 'p' 不存在，对列 state 不过滤，直接选择所有非无效值。
Block processing time: 0.009808 seconds
Computing Block 316 out of 560
Processing Block size=4
begin cleaner{left: ("[FunctionalDependency:(s: {brewery_id}, t: {state})]", 0.0), operator: *, right: (1.0, 1.0), result: 0.0}
列 'p' 不存在，对列 state 不过滤，直接选择所有非无效值。
Block processing time: 0.009876 seconds
Computing Block 317 out of 560
Processing Block size=3
begin cleaner{left: ("[FunctionalDependency:(s: {brewery_id}, t: {state})]", 0.0), operator: *, right: (1.0, 1.0), result: 0.0}
列 'p' 不存在，对列 state 不过滤，直接选择所有非无效值。
Block processing time: 0.007519 seconds
Computing Block 318 out of 560
Processing Block size=6
begin cleaner{left: ("[FunctionalDependency:(s: {brewery_id}, t: {state})]", 0.0), operator: *, right: (1.0, 1.0), result: 0.0}
列 'p' 不存在，对列 state 不过滤，直接选择所有非无效值。
Block processing time: 0.014338 seconds
Computing Block 319 out of 560
Processing Block size=4
begin cleaner{left: ("[FunctionalDependency:(s: {brewery_id}, t: {state})]", 0.0), operator: *, right: (1.0, 1.0), result: 0.0}
列 'p' 不存在，对列 state 不过滤，直接选择所有非无效值。
Block processing time: 0.009889 seconds
Computing Block 320 out of 560
Processing Block size=13
begin cleaner{left: ("[FunctionalDependency:(s: {brewery_id}, t: {state})]", 0.0), operator: *, right: (1.0, 1.0), result: 0.0}
列 'p' 不存在，对列 state 不过滤，直接选择所有非无效值。
clean_bool length:2
newest best op: Uniop(df,'state','NY',(['brewery_id'], {('299',)}),{left: ("[FunctionalDependency:(s: {brewery_id}, t: {state})]", 0.0), operator: *, right: (1.0, 1.0), result: 0.0})
now error: 0.0
Block processing time: 0.06269 seconds
Computing Block 321 out of 560
Processing Block size=2
begin cleaner{left: ("[FunctionalDependency:(s: {brewery_id}, t: {state})]", 0.0), operator: *, right: (1.0, 1.0), result: 0.0}
列 'p' 不存在，对列 state 不过滤，直接选择所有非无效值。
Block processing time: 0.005325 seconds
Computing Block 322 out of 560
Processing Block size=3
begin cleaner{left: ("[FunctionalDependency:(s: {brewery_id}, t: {state})]", 0.0), operator: *, right: (1.0, 1.0), result: 0.0}
列 'p' 不存在，对列 state 不过滤，直接选择所有非无效值。
clean_bool length:2
newest best op: Uniop(df,'state','NC',(['brewery_id'], {('504',)}),{left: ("[FunctionalDependency:(s: {brewery_id}, t: {state})]", 0.0), operator: *, right: (1.0, 1.0), result: 0.0})
now error: 0.0
Block processing time: 0.017213 seconds
Computing Block 324 out of 560
Processing Block size=4
begin cleaner{left: ("[FunctionalDependency:(s: {brewery_id}, t: {state})]", 0.0), operator: *, right: (1.0, 1.0), result: 0.0}
列 'p' 不存在，对列 state 不过滤，直接选择所有非无效值。
Block processing time: 0.009925 seconds
Computing Block 325 out of 560
Processing Block size=3
begin cleaner{left: ("[FunctionalDependency:(s: {brewery_id}, t: {state})]", 0.0), operator: *, right: (1.0, 1.0), result: 0.0}
列 'p' 不存在，对列 state 不过滤，直接选择所有非无效值。
clean_bool length:2
newest best op: Uniop(df,'state','WI',(['brewery_id'], {('228',)}),{left: ("[FunctionalDependency:(s: {brewery_id}, t: {state})]", 0.0), operator: *, right: (1.0, 1.0), result: 0.0})
now error: 0.0
Block processing time: 0.01738 seconds
Computing Block 328 out of 560
Processing Block size=5
begin cleaner{left: ("[FunctionalDependency:(s: {brewery_id}, t: {state})]", 0.0), operator: *, right: (1.0, 1.0), result: 0.0}
列 'p' 不存在，对列 state 不过滤，直接选择所有非无效值。
Block processing time: 0.012945 seconds
Computing Block 329 out of 560
Processing Block size=2
begin cleaner{left: ("[FunctionalDependency:(s: {brewery_id}, t: {state})]", 0.0), operator: *, right: (1.0, 1.0), result: 0.0}
列 'p' 不存在，对列 state 不过滤，直接选择所有非无效值。
Block processing time: 0.005279 seconds
Computing Block 330 out of 560
Processing Block size=6
begin cleaner{left: ("[FunctionalDependency:(s: {brewery_id}, t: {state})]", 0.0), operator: *, right: (1.0, 1.0), result: 0.0}
列 'p' 不存在，对列 state 不过滤，直接选择所有非无效值。
clean_bool length:2
newest best op: Uniop(df,'state','MI',(['brewery_id'], {('72',)}),{left: ("[FunctionalDependency:(s: {brewery_id}, t: {state})]", 0.0), operator: *, right: (1.0, 1.0), result: 0.0})
now error: 0.0
Block processing time: 0.030614 seconds
Computing Block 331 out of 560
Processing Block size=8
begin cleaner{left: ("[FunctionalDependency:(s: {brewery_id}, t: {state})]", 0.0), operator: *, right: (1.0, 1.0), result: 0.0}
列 'p' 不存在，对列 state 不过滤，直接选择所有非无效值。
Block processing time: 0.019343 seconds
Computing Block 332 out of 560
Processing Block size=2
begin cleaner{left: ("[FunctionalDependency:(s: {brewery_id}, t: {state})]", 0.0), operator: *, right: (1.0, 1.0), result: 0.0}
列 'p' 不存在，对列 state 不过滤，直接选择所有非无效值。
Block processing time: 0.005256 seconds
Computing Block 333 out of 560
Processing Block size=6
begin cleaner{left: ("[FunctionalDependency:(s: {brewery_id}, t: {state})]", 0.0), operator: *, right: (1.0, 1.0), result: 0.0}
列 'p' 不存在，对列 state 不过滤，直接选择所有非无效值。
Block processing time: 0.014345 seconds
Computing Block 336 out of 560
Processing Block size=2
begin cleaner{left: ("[FunctionalDependency:(s: {brewery_id}, t: {state})]", 0.0), operator: *, right: (1.0, 1.0), result: 0.0}
列 'p' 不存在，对列 state 不过滤，直接选择所有非无效值。
Block processing time: 0.005241 seconds
Computing Block 338 out of 560
Processing Block size=12
begin cleaner{left: ("[FunctionalDependency:(s: {brewery_id}, t: {state})]", 0.0), operator: *, right: (1.0, 1.0), result: 0.0}
列 'p' 不存在，对列 state 不过滤，直接选择所有非无效值。
Block processing time: 0.028103 seconds
Computing Block 339 out of 560
Processing Block size=9
begin cleaner{left: ("[FunctionalDependency:(s: {brewery_id}, t: {state})]", 0.0), operator: *, right: (1.0, 1.0), result: 0.0}
列 'p' 不存在，对列 state 不过滤，直接选择所有非无效值。
Block processing time: 0.021352 seconds
Computing Block 341 out of 560
Processing Block size=15
begin cleaner{left: ("[FunctionalDependency:(s: {brewery_id}, t: {state})]", 0.0), operator: *, right: (1.0, 1.0), result: 0.0}
列 'p' 不存在，对列 state 不过滤，直接选择所有非无效值。
clean_bool length:2
newest best op: Uniop(df,'state','PA',(['brewery_id'], {('43',)}),{left: ("[FunctionalDependency:(s: {brewery_id}, t: {state})]", 0.0), operator: *, right: (1.0, 1.0), result: 0.0})
now error: 0.0
Block processing time: 0.073317 seconds
Computing Block 342 out of 560
Processing Block size=9
begin cleaner{left: ("[FunctionalDependency:(s: {brewery_id}, t: {state})]", 0.0), operator: *, right: (1.0, 1.0), result: 0.0}
列 'p' 不存在，对列 state 不过滤，直接选择所有非无效值。
Block processing time: 0.021528 seconds
Computing Block 343 out of 560
Processing Block size=2
begin cleaner{left: ("[FunctionalDependency:(s: {brewery_id}, t: {state})]", 0.0), operator: *, right: (1.0, 1.0), result: 0.0}
列 'p' 不存在，对列 state 不过滤，直接选择所有非无效值。
Block processing time: 0.005194 seconds
Computing Block 346 out of 560
Processing Block size=3
begin cleaner{left: ("[FunctionalDependency:(s: {brewery_id}, t: {state})]", 0.0), operator: *, right: (1.0, 1.0), result: 0.0}
列 'p' 不存在，对列 state 不过滤，直接选择所有非无效值。
Block processing time: 0.007698 seconds
Computing Block 347 out of 560
Processing Block size=2
begin cleaner{left: ("[FunctionalDependency:(s: {brewery_id}, t: {state})]", 0.0), operator: *, right: (1.0, 1.0), result: 0.0}
列 'p' 不存在，对列 state 不过滤，直接选择所有非无效值。
Block processing time: 0.005283 seconds
Computing Block 348 out of 560
Processing Block size=4
begin cleaner{left: ("[FunctionalDependency:(s: {brewery_id}, t: {state})]", 0.0), operator: *, right: (1.0, 1.0), result: 0.0}
列 'p' 不存在，对列 state 不过滤，直接选择所有非无效值。
clean_bool length:2
newest best op: Uniop(df,'state','CA',(['brewery_id'], {('98',)}),{left: ("[FunctionalDependency:(s: {brewery_id}, t: {state})]", 0.0), operator: *, right: (1.0, 1.0), result: 0.0})
now error: 0.0
Block processing time: 0.021616 seconds
Computing Block 351 out of 560
Processing Block size=6
begin cleaner{left: ("[FunctionalDependency:(s: {brewery_id}, t: {state})]", 0.0), operator: *, right: (1.0, 1.0), result: 0.0}
列 'p' 不存在，对列 state 不过滤，直接选择所有非无效值。
Block processing time: 0.014507 seconds
Computing Block 352 out of 560
Processing Block size=2
begin cleaner{left: ("[FunctionalDependency:(s: {brewery_id}, t: {state})]", 0.0), operator: *, right: (1.0, 1.0), result: 0.0}
列 'p' 不存在，对列 state 不过滤，直接选择所有非无效值。
Block processing time: 0.005229 seconds
Computing Block 354 out of 560
Processing Block size=2
begin cleaner{left: ("[FunctionalDependency:(s: {brewery_id}, t: {state})]", 0.0), operator: *, right: (1.0, 1.0), result: 0.0}
列 'p' 不存在，对列 state 不过滤，直接选择所有非无效值。
Block processing time: 0.005388 seconds
Computing Block 355 out of 560
Processing Block size=2
begin cleaner{left: ("[FunctionalDependency:(s: {brewery_id}, t: {state})]", 0.0), operator: *, right: (1.0, 1.0), result: 0.0}
列 'p' 不存在，对列 state 不过滤，直接选择所有非无效值。
Block processing time: 0.005251 seconds
Computing Block 356 out of 560
Processing Block size=4
begin cleaner{left: ("[FunctionalDependency:(s: {brewery_id}, t: {state})]", 0.0), operator: *, right: (1.0, 1.0), result: 0.0}
列 'p' 不存在，对列 state 不过滤，直接选择所有非无效值。
clean_bool length:2
newest best op: Uniop(df,'state','VA',(['brewery_id'], {('382',)}),{left: ("[FunctionalDependency:(s: {brewery_id}, t: {state})]", 0.0), operator: *, right: (1.0, 1.0), result: 0.0})
now error: 0.0
Block processing time: 0.022295 seconds
Computing Block 357 out of 560
Processing Block size=4
begin cleaner{left: ("[FunctionalDependency:(s: {brewery_id}, t: {state})]", 0.0), operator: *, right: (1.0, 1.0), result: 0.0}
列 'p' 不存在，对列 state 不过滤，直接选择所有非无效值。
Block processing time: 0.009818 seconds
Computing Block 358 out of 560
Processing Block size=3
begin cleaner{left: ("[FunctionalDependency:(s: {brewery_id}, t: {state})]", 0.0), operator: *, right: (1.0, 1.0), result: 0.0}
列 'p' 不存在，对列 state 不过滤，直接选择所有非无效值。
Block processing time: 0.007631 seconds
Computing Block 360 out of 560
Processing Block size=2
begin cleaner{left: ("[FunctionalDependency:(s: {brewery_id}, t: {state})]", 0.0), operator: *, right: (1.0, 1.0), result: 0.0}
列 'p' 不存在，对列 state 不过滤，直接选择所有非无效值。
Block processing time: 0.005237 seconds
Computing Block 361 out of 560
Processing Block size=7
begin cleaner{left: ("[FunctionalDependency:(s: {brewery_id}, t: {state})]", 0.0), operator: *, right: (1.0, 1.0), result: 0.0}
列 'p' 不存在，对列 state 不过滤，直接选择所有非无效值。
Block processing time: 0.016832 seconds
Computing Block 362 out of 560
Processing Block size=12
begin cleaner{left: ("[FunctionalDependency:(s: {brewery_id}, t: {state})]", 0.0), operator: *, right: (1.0, 1.0), result: 0.0}
列 'p' 不存在，对列 state 不过滤，直接选择所有非无效值。
clean_bool length:2
newest best op: Uniop(df,'state','IL',(['brewery_id'], {('175',)}),{left: ("[FunctionalDependency:(s: {brewery_id}, t: {state})]", 0.0), operator: *, right: (1.0, 1.0), result: 0.0})
now error: 0.0
Block processing time: 0.057802 seconds
Computing Block 364 out of 560
Processing Block size=22
begin cleaner{left: ("[FunctionalDependency:(s: {brewery_id}, t: {state})]", 0.0), operator: *, right: (1.0, 1.0), result: 0.0}
列 'p' 不存在，对列 state 不过滤，直接选择所有非无效值。
Block processing time: 0.051435 seconds
Computing Block 365 out of 560
Processing Block size=10
begin cleaner{left: ("[FunctionalDependency:(s: {brewery_id}, t: {state})]", 0.0), operator: *, right: (1.0, 1.0), result: 0.0}
列 'p' 不存在，对列 state 不过滤，直接选择所有非无效值。
Block processing time: 0.023528 seconds
Computing Block 366 out of 560
Processing Block size=3
begin cleaner{left: ("[FunctionalDependency:(s: {brewery_id}, t: {state})]", 0.0), operator: *, right: (1.0, 1.0), result: 0.0}
列 'p' 不存在，对列 state 不过滤，直接选择所有非无效值。
Block processing time: 0.007518 seconds
Computing Block 367 out of 560
Processing Block size=8
begin cleaner{left: ("[FunctionalDependency:(s: {brewery_id}, t: {state})]", 0.0), operator: *, right: (1.0, 1.0), result: 0.0}
列 'p' 不存在，对列 state 不过滤，直接选择所有非无效值。
Block processing time: 0.018885 seconds
Computing Block 368 out of 560
Processing Block size=3
begin cleaner{left: ("[FunctionalDependency:(s: {brewery_id}, t: {state})]", 0.0), operator: *, right: (1.0, 1.0), result: 0.0}
列 'p' 不存在，对列 state 不过滤，直接选择所有非无效值。
Block processing time: 0.007462 seconds
Computing Block 370 out of 560
Processing Block size=4
begin cleaner{left: ("[FunctionalDependency:(s: {brewery_id}, t: {state})]", 0.0), operator: *, right: (1.0, 1.0), result: 0.0}
列 'p' 不存在，对列 state 不过滤，直接选择所有非无效值。
Block processing time: 0.009862 seconds
Computing Block 371 out of 560
Processing Block size=4
begin cleaner{left: ("[FunctionalDependency:(s: {brewery_id}, t: {state})]", 0.0), operator: *, right: (1.0, 1.0), result: 0.0}
列 'p' 不存在，对列 state 不过滤，直接选择所有非无效值。
Block processing time: 0.009833 seconds
Computing Block 372 out of 560
Processing Block size=5
begin cleaner{left: ("[FunctionalDependency:(s: {brewery_id}, t: {state})]", 0.0), operator: *, right: (1.0, 1.0), result: 0.0}
列 'p' 不存在，对列 state 不过滤，直接选择所有非无效值。
clean_bool length:2
newest best op: Uniop(df,'state','MA',(['brewery_id'], {('230',)}),{left: ("[FunctionalDependency:(s: {brewery_id}, t: {state})]", 0.0), operator: *, right: (1.0, 1.0), result: 0.0})
now error: 0.0
Block processing time: 0.026099 seconds
Computing Block 373 out of 560
Processing Block size=3
begin cleaner{left: ("[FunctionalDependency:(s: {brewery_id}, t: {state})]", 0.0), operator: *, right: (1.0, 1.0), result: 0.0}
列 'p' 不存在，对列 state 不过滤，直接选择所有非无效值。
Block processing time: 0.007653 seconds
Computing Block 374 out of 560
Processing Block size=5
begin cleaner{left: ("[FunctionalDependency:(s: {brewery_id}, t: {state})]", 0.0), operator: *, right: (1.0, 1.0), result: 0.0}
列 'p' 不存在，对列 state 不过滤，直接选择所有非无效值。
Block processing time: 0.012102 seconds
Computing Block 375 out of 560
Processing Block size=2
begin cleaner{left: ("[FunctionalDependency:(s: {brewery_id}, t: {state})]", 0.0), operator: *, right: (1.0, 1.0), result: 0.0}
列 'p' 不存在，对列 state 不过滤，直接选择所有非无效值。
Block processing time: 0.005141 seconds
Computing Block 376 out of 560
Processing Block size=2
begin cleaner{left: ("[FunctionalDependency:(s: {brewery_id}, t: {state})]", 0.0), operator: *, right: (1.0, 1.0), result: 0.0}
列 'p' 不存在，对列 state 不过滤，直接选择所有非无效值。
Block processing time: 0.005175 seconds
Computing Block 378 out of 560
Processing Block size=2
begin cleaner{left: ("[FunctionalDependency:(s: {brewery_id}, t: {state})]", 0.0), operator: *, right: (1.0, 1.0), result: 0.0}
列 'p' 不存在，对列 state 不过滤，直接选择所有非无效值。
Block processing time: 0.005182 seconds
Computing Block 379 out of 560
Processing Block size=4
begin cleaner{left: ("[FunctionalDependency:(s: {brewery_id}, t: {state})]", 0.0), operator: *, right: (1.0, 1.0), result: 0.0}
列 'p' 不存在，对列 state 不过滤，直接选择所有非无效值。
Block processing time: 0.00978 seconds
Computing Block 380 out of 560
Processing Block size=7
begin cleaner{left: ("[FunctionalDependency:(s: {brewery_id}, t: {state})]", 0.0), operator: *, right: (1.0, 1.0), result: 0.0}
列 'p' 不存在，对列 state 不过滤，直接选择所有非无效值。
Block processing time: 0.016652 seconds
Computing Block 381 out of 560
Processing Block size=19
begin cleaner{left: ("[FunctionalDependency:(s: {brewery_id}, t: {state})]", 0.0), operator: *, right: (1.0, 1.0), result: 0.0}
列 'p' 不存在，对列 state 不过滤，直接选择所有非无效值。
clean_bool length:2
newest best op: Uniop(df,'state','CO',(['brewery_id'], {('107',)}),{left: ("[FunctionalDependency:(s: {brewery_id}, t: {state})]", 0.0), operator: *, right: (1.0, 1.0), result: 0.0})
now error: 0.0
Block processing time: 0.08946 seconds
Computing Block 382 out of 560
Processing Block size=3
begin cleaner{left: ("[FunctionalDependency:(s: {brewery_id}, t: {state})]", 0.0), operator: *, right: (1.0, 1.0), result: 0.0}
列 'p' 不存在，对列 state 不过滤，直接选择所有非无效值。
Block processing time: 0.007598 seconds
Computing Block 383 out of 560
Processing Block size=2
begin cleaner{left: ("[FunctionalDependency:(s: {brewery_id}, t: {state})]", 0.0), operator: *, right: (1.0, 1.0), result: 0.0}
列 'p' 不存在，对列 state 不过滤，直接选择所有非无效值。
Block processing time: 0.005252 seconds
Computing Block 384 out of 560
Processing Block size=3
begin cleaner{left: ("[FunctionalDependency:(s: {brewery_id}, t: {state})]", 0.0), operator: *, right: (1.0, 1.0), result: 0.0}
列 'p' 不存在，对列 state 不过滤，直接选择所有非无效值。
Block processing time: 0.00745 seconds
Computing Block 385 out of 560
Processing Block size=2
begin cleaner{left: ("[FunctionalDependency:(s: {brewery_id}, t: {state})]", 0.0), operator: *, right: (1.0, 1.0), result: 0.0}
列 'p' 不存在，对列 state 不过滤，直接选择所有非无效值。
Block processing time: 0.005343 seconds
Computing Block 386 out of 560
Processing Block size=4
begin cleaner{left: ("[FunctionalDependency:(s: {brewery_id}, t: {state})]", 0.0), operator: *, right: (1.0, 1.0), result: 0.0}
列 'p' 不存在，对列 state 不过滤，直接选择所有非无效值。
Block processing time: 0.009801 seconds
Computing Block 387 out of 560
Processing Block size=4
begin cleaner{left: ("[FunctionalDependency:(s: {brewery_id}, t: {state})]", 0.0), operator: *, right: (1.0, 1.0), result: 0.0}
列 'p' 不存在，对列 state 不过滤，直接选择所有非无效值。
Block processing time: 0.009844 seconds
Computing Block 388 out of 560
Processing Block size=3
begin cleaner{left: ("[FunctionalDependency:(s: {brewery_id}, t: {state})]", 0.0), operator: *, right: (1.0, 1.0), result: 0.0}
列 'p' 不存在，对列 state 不过滤，直接选择所有非无效值。
Block processing time: 0.007584 seconds
Computing Block 389 out of 560
Processing Block size=4
begin cleaner{left: ("[FunctionalDependency:(s: {brewery_id}, t: {state})]", 0.0), operator: *, right: (1.0, 1.0), result: 0.0}
列 'p' 不存在，对列 state 不过滤，直接选择所有非无效值。
clean_bool length:2
newest best op: Uniop(df,'state','VA',(['brewery_id'], {('236',)}),{left: ("[FunctionalDependency:(s: {brewery_id}, t: {state})]", 0.0), operator: *, right: (1.0, 1.0), result: 0.0})
now error: 0.0
Block processing time: 0.021442 seconds
Computing Block 390 out of 560
Processing Block size=3
begin cleaner{left: ("[FunctionalDependency:(s: {brewery_id}, t: {state})]", 0.0), operator: *, right: (1.0, 1.0), result: 0.0}
列 'p' 不存在，对列 state 不过滤，直接选择所有非无效值。
Block processing time: 0.007593 seconds
Computing Block 391 out of 560
Processing Block size=2
begin cleaner{left: ("[FunctionalDependency:(s: {brewery_id}, t: {state})]", 0.0), operator: *, right: (1.0, 1.0), result: 0.0}
列 'p' 不存在，对列 state 不过滤，直接选择所有非无效值。
Block processing time: 0.005211 seconds
Computing Block 392 out of 560
Processing Block size=2
begin cleaner{left: ("[FunctionalDependency:(s: {brewery_id}, t: {state})]", 0.0), operator: *, right: (1.0, 1.0), result: 0.0}
列 'p' 不存在，对列 state 不过滤，直接选择所有非无效值。
Block processing time: 0.005209 seconds
Computing Block 393 out of 560
Processing Block size=3
begin cleaner{left: ("[FunctionalDependency:(s: {brewery_id}, t: {state})]", 0.0), operator: *, right: (1.0, 1.0), result: 0.0}
列 'p' 不存在，对列 state 不过滤，直接选择所有非无效值。
Block processing time: 0.007516 seconds
Computing Block 394 out of 560
Processing Block size=7
begin cleaner{left: ("[FunctionalDependency:(s: {brewery_id}, t: {state})]", 0.0), operator: *, right: (1.0, 1.0), result: 0.0}
列 'p' 不存在，对列 state 不过滤，直接选择所有非无效值。
Block processing time: 0.017103 seconds
Computing Block 397 out of 560
Processing Block size=3
begin cleaner{left: ("[FunctionalDependency:(s: {brewery_id}, t: {state})]", 0.0), operator: *, right: (1.0, 1.0), result: 0.0}
列 'p' 不存在，对列 state 不过滤，直接选择所有非无效值。
clean_bool length:2
newest best op: Uniop(df,'state','MT',(['brewery_id'], {('499',)}),{left: ("[FunctionalDependency:(s: {brewery_id}, t: {state})]", 0.0), operator: *, right: (1.0, 1.0), result: 0.0})
now error: 0.0
Block processing time: 0.016967 seconds
Computing Block 398 out of 560
Processing Block size=12
begin cleaner{left: ("[FunctionalDependency:(s: {brewery_id}, t: {state})]", 0.0), operator: *, right: (1.0, 1.0), result: 0.0}
列 'p' 不存在，对列 state 不过滤，直接选择所有非无效值。
clean_bool length:2
newest best op: Uniop(df,'state','PA',(['brewery_id'], {('371',)}),{left: ("[FunctionalDependency:(s: {brewery_id}, t: {state})]", 0.0), operator: *, right: (1.0, 1.0), result: 0.0})
now error: 0.0
Block processing time: 0.058213 seconds
Computing Block 399 out of 560
Processing Block size=10
begin cleaner{left: ("[FunctionalDependency:(s: {brewery_id}, t: {state})]", 0.0), operator: *, right: (1.0, 1.0), result: 0.0}
列 'p' 不存在，对列 state 不过滤，直接选择所有非无效值。
Block processing time: 0.023758 seconds
Computing Block 400 out of 560
Processing Block size=4
begin cleaner{left: ("[FunctionalDependency:(s: {brewery_id}, t: {state})]", 0.0), operator: *, right: (1.0, 1.0), result: 0.0}
列 'p' 不存在，对列 state 不过滤，直接选择所有非无效值。
Block processing time: 0.009871 seconds
Computing Block 401 out of 560
Processing Block size=2
begin cleaner{left: ("[FunctionalDependency:(s: {brewery_id}, t: {state})]", 0.0), operator: *, right: (1.0, 1.0), result: 0.0}
列 'p' 不存在，对列 state 不过滤，直接选择所有非无效值。
Block processing time: 0.005196 seconds
Computing Block 402 out of 560
Processing Block size=8
begin cleaner{left: ("[FunctionalDependency:(s: {brewery_id}, t: {state})]", 0.0), operator: *, right: (1.0, 1.0), result: 0.0}
列 'p' 不存在，对列 state 不过滤，直接选择所有非无效值。
clean_bool length:2
newest best op: Uniop(df,'state','TX',(['brewery_id'], {('161',)}),{left: ("[FunctionalDependency:(s: {brewery_id}, t: {state})]", 0.0), operator: *, right: (1.0, 1.0), result: 0.0})
now error: 0.0
Block processing time: 0.039747 seconds
Computing Block 403 out of 560
Processing Block size=4
begin cleaner{left: ("[FunctionalDependency:(s: {brewery_id}, t: {state})]", 0.0), operator: *, right: (1.0, 1.0), result: 0.0}
列 'p' 不存在，对列 state 不过滤，直接选择所有非无效值。
Block processing time: 0.010155 seconds
Computing Block 405 out of 560
Processing Block size=5
begin cleaner{left: ("[FunctionalDependency:(s: {brewery_id}, t: {state})]", 0.0), operator: *, right: (1.0, 1.0), result: 0.0}
列 'p' 不存在，对列 state 不过滤，直接选择所有非无效值。
Block processing time: 0.01213 seconds
Computing Block 406 out of 560
Processing Block size=3
begin cleaner{left: ("[FunctionalDependency:(s: {brewery_id}, t: {state})]", 0.0), operator: *, right: (1.0, 1.0), result: 0.0}
列 'p' 不存在，对列 state 不过滤，直接选择所有非无效值。
Block processing time: 0.007575 seconds
Computing Block 408 out of 560
Processing Block size=2
begin cleaner{left: ("[FunctionalDependency:(s: {brewery_id}, t: {state})]", 0.0), operator: *, right: (1.0, 1.0), result: 0.0}
列 'p' 不存在，对列 state 不过滤，直接选择所有非无效值。
clean_bool length:2
newest best op: Uniop(df,'state','TX',(['brewery_id'], {('426',)}),{left: ("[FunctionalDependency:(s: {brewery_id}, t: {state})]", 0.0), operator: *, right: (1.0, 1.0), result: 0.0})
now error: 0.0
Block processing time: 0.012245 seconds
Computing Block 409 out of 560
Processing Block size=5
begin cleaner{left: ("[FunctionalDependency:(s: {brewery_id}, t: {state})]", 0.0), operator: *, right: (1.0, 1.0), result: 0.0}
列 'p' 不存在，对列 state 不过滤，直接选择所有非无效值。
Block processing time: 0.012248 seconds
Computing Block 410 out of 560
Processing Block size=2
begin cleaner{left: ("[FunctionalDependency:(s: {brewery_id}, t: {state})]", 0.0), operator: *, right: (1.0, 1.0), result: 0.0}
列 'p' 不存在，对列 state 不过滤，直接选择所有非无效值。
Block processing time: 0.005223 seconds
Computing Block 411 out of 560
Processing Block size=3
begin cleaner{left: ("[FunctionalDependency:(s: {brewery_id}, t: {state})]", 0.0), operator: *, right: (1.0, 1.0), result: 0.0}
列 'p' 不存在，对列 state 不过滤，直接选择所有非无效值。
Block processing time: 0.007539 seconds
Computing Block 412 out of 560
Processing Block size=4
begin cleaner{left: ("[FunctionalDependency:(s: {brewery_id}, t: {state})]", 0.0), operator: *, right: (1.0, 1.0), result: 0.0}
列 'p' 不存在，对列 state 不过滤，直接选择所有非无效值。
Block processing time: 0.009849 seconds
Computing Block 413 out of 560
Processing Block size=5
begin cleaner{left: ("[FunctionalDependency:(s: {brewery_id}, t: {state})]", 0.0), operator: *, right: (1.0, 1.0), result: 0.0}
列 'p' 不存在，对列 state 不过滤，直接选择所有非无效值。
Block processing time: 0.012178 seconds
Computing Block 414 out of 560
Processing Block size=4
begin cleaner{left: ("[FunctionalDependency:(s: {brewery_id}, t: {state})]", 0.0), operator: *, right: (1.0, 1.0), result: 0.0}
列 'p' 不存在，对列 state 不过滤，直接选择所有非无效值。
Block processing time: 0.009995 seconds
Computing Block 415 out of 560
Processing Block size=4
begin cleaner{left: ("[FunctionalDependency:(s: {brewery_id}, t: {state})]", 0.0), operator: *, right: (1.0, 1.0), result: 0.0}
列 'p' 不存在，对列 state 不过滤，直接选择所有非无效值。
Block processing time: 0.009883 seconds
Computing Block 416 out of 560
Processing Block size=2
begin cleaner{left: ("[FunctionalDependency:(s: {brewery_id}, t: {state})]", 0.0), operator: *, right: (1.0, 1.0), result: 0.0}
列 'p' 不存在，对列 state 不过滤，直接选择所有非无效值。
clean_bool length:2
newest best op: Uniop(df,'state','ME',(['brewery_id'], {('42',)}),{left: ("[FunctionalDependency:(s: {brewery_id}, t: {state})]", 0.0), operator: *, right: (1.0, 1.0), result: 0.0})
now error: 0.0
Block processing time: 0.012135 seconds
Computing Block 417 out of 560
Processing Block size=2
begin cleaner{left: ("[FunctionalDependency:(s: {brewery_id}, t: {state})]", 0.0), operator: *, right: (1.0, 1.0), result: 0.0}
列 'p' 不存在，对列 state 不过滤，直接选择所有非无效值。
Block processing time: 0.00519 seconds
Computing Block 418 out of 560
Processing Block size=5
begin cleaner{left: ("[FunctionalDependency:(s: {brewery_id}, t: {state})]", 0.0), operator: *, right: (1.0, 1.0), result: 0.0}
列 'p' 不存在，对列 state 不过滤，直接选择所有非无效值。
Block processing time: 0.012055 seconds
Computing Block 420 out of 560
Processing Block size=5
begin cleaner{left: ("[FunctionalDependency:(s: {brewery_id}, t: {state})]", 0.0), operator: *, right: (1.0, 1.0), result: 0.0}
列 'p' 不存在，对列 state 不过滤，直接选择所有非无效值。
Block processing time: 0.01205 seconds
Computing Block 421 out of 560
Processing Block size=2
begin cleaner{left: ("[FunctionalDependency:(s: {brewery_id}, t: {state})]", 0.0), operator: *, right: (1.0, 1.0), result: 0.0}
列 'p' 不存在，对列 state 不过滤，直接选择所有非无效值。
Block processing time: 0.005445 seconds
Computing Block 422 out of 560
Processing Block size=2
begin cleaner{left: ("[FunctionalDependency:(s: {brewery_id}, t: {state})]", 0.0), operator: *, right: (1.0, 1.0), result: 0.0}
列 'p' 不存在，对列 state 不过滤，直接选择所有非无效值。
Block processing time: 0.005216 seconds
Computing Block 423 out of 560
Processing Block size=3
begin cleaner{left: ("[FunctionalDependency:(s: {brewery_id}, t: {state})]", 0.0), operator: *, right: (1.0, 1.0), result: 0.0}
列 'p' 不存在，对列 state 不过滤，直接选择所有非无效值。
Block processing time: 0.007593 seconds
Computing Block 424 out of 560
Processing Block size=5
begin cleaner{left: ("[FunctionalDependency:(s: {brewery_id}, t: {state})]", 0.0), operator: *, right: (1.0, 1.0), result: 0.0}
列 'p' 不存在，对列 state 不过滤，直接选择所有非无效值。
Block processing time: 0.012147 seconds
Computing Block 425 out of 560
Processing Block size=2
begin cleaner{left: ("[FunctionalDependency:(s: {brewery_id}, t: {state})]", 0.0), operator: *, right: (1.0, 1.0), result: 0.0}
列 'p' 不存在，对列 state 不过滤，直接选择所有非无效值。
Block processing time: 0.005221 seconds
Computing Block 426 out of 560
Processing Block size=4
begin cleaner{left: ("[FunctionalDependency:(s: {brewery_id}, t: {state})]", 0.0), operator: *, right: (1.0, 1.0), result: 0.0}
列 'p' 不存在，对列 state 不过滤，直接选择所有非无效值。
Block processing time: 0.009857 seconds
Computing Block 427 out of 560
Processing Block size=4
begin cleaner{left: ("[FunctionalDependency:(s: {brewery_id}, t: {state})]", 0.0), operator: *, right: (1.0, 1.0), result: 0.0}
列 'p' 不存在，对列 state 不过滤，直接选择所有非无效值。
Block processing time: 0.009792 seconds
Computing Block 428 out of 560
Processing Block size=2
begin cleaner{left: ("[FunctionalDependency:(s: {brewery_id}, t: {state})]", 0.0), operator: *, right: (1.0, 1.0), result: 0.0}
列 'p' 不存在，对列 state 不过滤，直接选择所有非无效值。
clean_bool length:2
newest best op: Uniop(df,'state','ME',(['brewery_id'], {('266',)}),{left: ("[FunctionalDependency:(s: {brewery_id}, t: {state})]", 0.0), operator: *, right: (1.0, 1.0), result: 0.0})
now error: 0.0
Block processing time: 0.012118 seconds
Computing Block 430 out of 560
Processing Block size=3
begin cleaner{left: ("[FunctionalDependency:(s: {brewery_id}, t: {state})]", 0.0), operator: *, right: (1.0, 1.0), result: 0.0}
列 'p' 不存在，对列 state 不过滤，直接选择所有非无效值。
Block processing time: 0.007598 seconds
Computing Block 431 out of 560
Processing Block size=7
begin cleaner{left: ("[FunctionalDependency:(s: {brewery_id}, t: {state})]", 0.0), operator: *, right: (1.0, 1.0), result: 0.0}
列 'p' 不存在，对列 state 不过滤，直接选择所有非无效值。
Block processing time: 0.016597 seconds
Computing Block 432 out of 560
Processing Block size=2
begin cleaner{left: ("[FunctionalDependency:(s: {brewery_id}, t: {state})]", 0.0), operator: *, right: (1.0, 1.0), result: 0.0}
列 'p' 不存在，对列 state 不过滤，直接选择所有非无效值。
clean_bool length:2
newest best op: Uniop(df,'state','CO',(['brewery_id'], {('452',)}),{left: ("[FunctionalDependency:(s: {brewery_id}, t: {state})]", 0.0), operator: *, right: (1.0, 1.0), result: 0.0})
now error: 0.0
Block processing time: 0.011999 seconds
Computing Block 433 out of 560
Processing Block size=10
begin cleaner{left: ("[FunctionalDependency:(s: {brewery_id}, t: {state})]", 0.0), operator: *, right: (1.0, 1.0), result: 0.0}
列 'p' 不存在，对列 state 不过滤，直接选择所有非无效值。
clean_bool length:2
newest best op: Uniop(df,'state','IL',(['brewery_id'], {('361',)}),{left: ("[FunctionalDependency:(s: {brewery_id}, t: {state})]", 0.0), operator: *, right: (1.0, 1.0), result: 0.0})
now error: 0.0
Block processing time: 0.048772 seconds
Computing Block 434 out of 560
Processing Block size=2
begin cleaner{left: ("[FunctionalDependency:(s: {brewery_id}, t: {state})]", 0.0), operator: *, right: (1.0, 1.0), result: 0.0}
列 'p' 不存在，对列 state 不过滤，直接选择所有非无效值。
Block processing time: 0.00526 seconds
Computing Block 436 out of 560
Processing Block size=12
begin cleaner{left: ("[FunctionalDependency:(s: {brewery_id}, t: {state})]", 0.0), operator: *, right: (1.0, 1.0), result: 0.0}
列 'p' 不存在，对列 state 不过滤，直接选择所有非无效值。
Block processing time: 0.028009 seconds
Computing Block 437 out of 560
Processing Block size=4
begin cleaner{left: ("[FunctionalDependency:(s: {brewery_id}, t: {state})]", 0.0), operator: *, right: (1.0, 1.0), result: 0.0}
列 'p' 不存在，对列 state 不过滤，直接选择所有非无效值。
Block processing time: 0.009906 seconds
Computing Block 438 out of 560
Processing Block size=4
begin cleaner{left: ("[FunctionalDependency:(s: {brewery_id}, t: {state})]", 0.0), operator: *, right: (1.0, 1.0), result: 0.0}
列 'p' 不存在，对列 state 不过滤，直接选择所有非无效值。
Block processing time: 0.009926 seconds
Computing Block 439 out of 560
Processing Block size=4
begin cleaner{left: ("[FunctionalDependency:(s: {brewery_id}, t: {state})]", 0.0), operator: *, right: (1.0, 1.0), result: 0.0}
列 'p' 不存在，对列 state 不过滤，直接选择所有非无效值。
Block processing time: 0.009844 seconds
Computing Block 440 out of 560
Processing Block size=2
begin cleaner{left: ("[FunctionalDependency:(s: {brewery_id}, t: {state})]", 0.0), operator: *, right: (1.0, 1.0), result: 0.0}
列 'p' 不存在，对列 state 不过滤，直接选择所有非无效值。
Block processing time: 0.005239 seconds
Computing Block 441 out of 560
Processing Block size=2
begin cleaner{left: ("[FunctionalDependency:(s: {brewery_id}, t: {state})]", 0.0), operator: *, right: (1.0, 1.0), result: 0.0}
列 'p' 不存在，对列 state 不过滤，直接选择所有非无效值。
Block processing time: 0.00527 seconds
Computing Block 442 out of 560
Processing Block size=5
begin cleaner{left: ("[FunctionalDependency:(s: {brewery_id}, t: {state})]", 0.0), operator: *, right: (1.0, 1.0), result: 0.0}
列 'p' 不存在，对列 state 不过滤，直接选择所有非无效值。
Block processing time: 0.012048 seconds
Computing Block 443 out of 560
Processing Block size=6
begin cleaner{left: ("[FunctionalDependency:(s: {brewery_id}, t: {state})]", 0.0), operator: *, right: (1.0, 1.0), result: 0.0}
列 'p' 不存在，对列 state 不过滤，直接选择所有非无效值。
clean_bool length:2
newest best op: Uniop(df,'state','WI',(['brewery_id'], {('32',)}),{left: ("[FunctionalDependency:(s: {brewery_id}, t: {state})]", 0.0), operator: *, right: (1.0, 1.0), result: 0.0})
now error: 0.0
Block processing time: 0.030493 seconds
Computing Block 445 out of 560
Processing Block size=6
begin cleaner{left: ("[FunctionalDependency:(s: {brewery_id}, t: {state})]", 0.0), operator: *, right: (1.0, 1.0), result: 0.0}
列 'p' 不存在，对列 state 不过滤，直接选择所有非无效值。
Block processing time: 0.014658 seconds
Computing Block 446 out of 560
Processing Block size=2
begin cleaner{left: ("[FunctionalDependency:(s: {brewery_id}, t: {state})]", 0.0), operator: *, right: (1.0, 1.0), result: 0.0}
列 'p' 不存在，对列 state 不过滤，直接选择所有非无效值。
Block processing time: 0.005218 seconds
Computing Block 448 out of 560
Processing Block size=6
begin cleaner{left: ("[FunctionalDependency:(s: {brewery_id}, t: {state})]", 0.0), operator: *, right: (1.0, 1.0), result: 0.0}
列 'p' 不存在，对列 state 不过滤，直接选择所有非无效值。
clean_bool length:2
newest best op: Uniop(df,'state','CO',(['brewery_id'], {('110',)}),{left: ("[FunctionalDependency:(s: {brewery_id}, t: {state})]", 0.0), operator: *, right: (1.0, 1.0), result: 0.0})
now error: 0.0
Block processing time: 0.030727 seconds
Computing Block 449 out of 560
Processing Block size=4
begin cleaner{left: ("[FunctionalDependency:(s: {brewery_id}, t: {state})]", 0.0), operator: *, right: (1.0, 1.0), result: 0.0}
列 'p' 不存在，对列 state 不过滤，直接选择所有非无效值。
Block processing time: 0.00992 seconds
Computing Block 450 out of 560
Processing Block size=6
begin cleaner{left: ("[FunctionalDependency:(s: {brewery_id}, t: {state})]", 0.0), operator: *, right: (1.0, 1.0), result: 0.0}
列 'p' 不存在，对列 state 不过滤，直接选择所有非无效值。
Block processing time: 0.014344 seconds
Computing Block 451 out of 560
Processing Block size=6
begin cleaner{left: ("[FunctionalDependency:(s: {brewery_id}, t: {state})]", 0.0), operator: *, right: (1.0, 1.0), result: 0.0}
列 'p' 不存在，对列 state 不过滤，直接选择所有非无效值。
clean_bool length:2
newest best op: Uniop(df,'state','OR',(['brewery_id'], {('387',)}),{left: ("[FunctionalDependency:(s: {brewery_id}, t: {state})]", 0.0), operator: *, right: (1.0, 1.0), result: 0.0})
now error: 0.0
Block processing time: 0.030277 seconds
Computing Block 452 out of 560
Processing Block size=6
begin cleaner{left: ("[FunctionalDependency:(s: {brewery_id}, t: {state})]", 0.0), operator: *, right: (1.0, 1.0), result: 0.0}
列 'p' 不存在，对列 state 不过滤，直接选择所有非无效值。
Block processing time: 0.01445 seconds
Computing Block 453 out of 560
Processing Block size=5
begin cleaner{left: ("[FunctionalDependency:(s: {brewery_id}, t: {state})]", 0.0), operator: *, right: (1.0, 1.0), result: 0.0}
列 'p' 不存在，对列 state 不过滤，直接选择所有非无效值。
Block processing time: 0.012016 seconds
Computing Block 454 out of 560
Processing Block size=4
begin cleaner{left: ("[FunctionalDependency:(s: {brewery_id}, t: {state})]", 0.0), operator: *, right: (1.0, 1.0), result: 0.0}
列 'p' 不存在，对列 state 不过滤，直接选择所有非无效值。
Block processing time: 0.009768 seconds
Computing Block 455 out of 560
Processing Block size=5
begin cleaner{left: ("[FunctionalDependency:(s: {brewery_id}, t: {state})]", 0.0), operator: *, right: (1.0, 1.0), result: 0.0}
列 'p' 不存在，对列 state 不过滤，直接选择所有非无效值。
Block processing time: 0.012091 seconds
Computing Block 456 out of 560
Processing Block size=2
begin cleaner{left: ("[FunctionalDependency:(s: {brewery_id}, t: {state})]", 0.0), operator: *, right: (1.0, 1.0), result: 0.0}
列 'p' 不存在，对列 state 不过滤，直接选择所有非无效值。
Block processing time: 0.005188 seconds
Computing Block 457 out of 560
Processing Block size=18
begin cleaner{left: ("[FunctionalDependency:(s: {brewery_id}, t: {state})]", 0.0), operator: *, right: (1.0, 1.0), result: 0.0}
列 'p' 不存在，对列 state 不过滤，直接选择所有非无效值。
Block processing time: 0.041466 seconds
Computing Block 459 out of 560
Processing Block size=14
begin cleaner{left: ("[FunctionalDependency:(s: {brewery_id}, t: {state})]", 0.0), operator: *, right: (1.0, 1.0), result: 0.0}
列 'p' 不存在，对列 state 不过滤，直接选择所有非无效值。
Block processing time: 0.032549 seconds
Computing Block 460 out of 560
Processing Block size=15
begin cleaner{left: ("[FunctionalDependency:(s: {brewery_id}, t: {state})]", 0.0), operator: *, right: (1.0, 1.0), result: 0.0}
列 'p' 不存在，对列 state 不过滤，直接选择所有非无效值。
clean_bool length:2
newest best op: Uniop(df,'state','CA',(['brewery_id'], {('240',)}),{left: ("[FunctionalDependency:(s: {brewery_id}, t: {state})]", 0.0), operator: *, right: (1.0, 1.0), result: 0.0})
now error: 0.0
Block processing time: 0.071263 seconds
Computing Block 461 out of 560
Processing Block size=7
begin cleaner{left: ("[FunctionalDependency:(s: {brewery_id}, t: {state})]", 0.0), operator: *, right: (1.0, 1.0), result: 0.0}
列 'p' 不存在，对列 state 不过滤，直接选择所有非无效值。
Block processing time: 0.016671 seconds
Computing Block 462 out of 560
Processing Block size=4
begin cleaner{left: ("[FunctionalDependency:(s: {brewery_id}, t: {state})]", 0.0), operator: *, right: (1.0, 1.0), result: 0.0}
列 'p' 不存在，对列 state 不过滤，直接选择所有非无效值。
clean_bool length:2
newest best op: Uniop(df,'state','NJ',(['brewery_id'], {('222',)}),{left: ("[FunctionalDependency:(s: {brewery_id}, t: {state})]", 0.0), operator: *, right: (1.0, 1.0), result: 0.0})
now error: 0.0
Block processing time: 0.021375 seconds
Computing Block 463 out of 560
Processing Block size=4
begin cleaner{left: ("[FunctionalDependency:(s: {brewery_id}, t: {state})]", 0.0), operator: *, right: (1.0, 1.0), result: 0.0}
列 'p' 不存在，对列 state 不过滤，直接选择所有非无效值。
Block processing time: 0.009976 seconds
Computing Block 464 out of 560
Processing Block size=2
begin cleaner{left: ("[FunctionalDependency:(s: {brewery_id}, t: {state})]", 0.0), operator: *, right: (1.0, 1.0), result: 0.0}
列 'p' 不存在，对列 state 不过滤，直接选择所有非无效值。
Block processing time: 0.005221 seconds
Computing Block 465 out of 560
Processing Block size=12
begin cleaner{left: ("[FunctionalDependency:(s: {brewery_id}, t: {state})]", 0.0), operator: *, right: (1.0, 1.0), result: 0.0}
列 'p' 不存在，对列 state 不过滤，直接选择所有非无效值。
Block processing time: 0.027913 seconds
Computing Block 466 out of 560
Processing Block size=25
begin cleaner{left: ("[FunctionalDependency:(s: {brewery_id}, t: {state})]", 0.0), operator: *, right: (1.0, 1.0), result: 0.0}
列 'p' 不存在，对列 state 不过滤，直接选择所有非无效值。
clean_bool length:2
newest best op: Uniop(df,'state','FL',(['brewery_id'], {('141',)}),{left: ("[FunctionalDependency:(s: {brewery_id}, t: {state})]", 0.0), operator: *, right: (1.0, 1.0), result: 0.0})
now error: 0.0
Block processing time: 0.116781 seconds
Computing Block 468 out of 560
Processing Block size=3
begin cleaner{left: ("[FunctionalDependency:(s: {brewery_id}, t: {state})]", 0.0), operator: *, right: (1.0, 1.0), result: 0.0}
列 'p' 不存在，对列 state 不过滤，直接选择所有非无效值。
clean_bool length:2
newest best op: Uniop(df,'state','NY',(['brewery_id'], {('342',)}),{left: ("[FunctionalDependency:(s: {brewery_id}, t: {state})]", 0.0), operator: *, right: (1.0, 1.0), result: 0.0})
now error: 0.0
Block processing time: 0.016817 seconds
Computing Block 470 out of 560
Processing Block size=2
begin cleaner{left: ("[FunctionalDependency:(s: {brewery_id}, t: {state})]", 0.0), operator: *, right: (1.0, 1.0), result: 0.0}
列 'p' 不存在，对列 state 不过滤，直接选择所有非无效值。
Block processing time: 0.005248 seconds
Computing Block 471 out of 560
Processing Block size=3
begin cleaner{left: ("[FunctionalDependency:(s: {brewery_id}, t: {state})]", 0.0), operator: *, right: (1.0, 1.0), result: 0.0}
列 'p' 不存在，对列 state 不过滤，直接选择所有非无效值。
Block processing time: 0.00752 seconds
Computing Block 473 out of 560
Processing Block size=4
begin cleaner{left: ("[FunctionalDependency:(s: {brewery_id}, t: {state})]", 0.0), operator: *, right: (1.0, 1.0), result: 0.0}
列 'p' 不存在，对列 state 不过滤，直接选择所有非无效值。
clean_bool length:2
newest best op: Uniop(df,'state','VA',(['brewery_id'], {('181',)}),{left: ("[FunctionalDependency:(s: {brewery_id}, t: {state})]", 0.0), operator: *, right: (1.0, 1.0), result: 0.0})
now error: 0.0
Block processing time: 0.021536 seconds
Computing Block 474 out of 560
Processing Block size=4
begin cleaner{left: ("[FunctionalDependency:(s: {brewery_id}, t: {state})]", 0.0), operator: *, right: (1.0, 1.0), result: 0.0}
列 'p' 不存在，对列 state 不过滤，直接选择所有非无效值。
Block processing time: 0.009868 seconds
Computing Block 476 out of 560
Processing Block size=2
begin cleaner{left: ("[FunctionalDependency:(s: {brewery_id}, t: {state})]", 0.0), operator: *, right: (1.0, 1.0), result: 0.0}
列 'p' 不存在，对列 state 不过滤，直接选择所有非无效值。
Block processing time: 0.005218 seconds
Computing Block 477 out of 560
Processing Block size=3
begin cleaner{left: ("[FunctionalDependency:(s: {brewery_id}, t: {state})]", 0.0), operator: *, right: (1.0, 1.0), result: 0.0}
列 'p' 不存在，对列 state 不过滤，直接选择所有非无效值。
Block processing time: 0.00741 seconds
Computing Block 478 out of 560
Processing Block size=2
begin cleaner{left: ("[FunctionalDependency:(s: {brewery_id}, t: {state})]", 0.0), operator: *, right: (1.0, 1.0), result: 0.0}
列 'p' 不存在，对列 state 不过滤，直接选择所有非无效值。
Block processing time: 0.005262 seconds
Computing Block 479 out of 560
Processing Block size=2
begin cleaner{left: ("[FunctionalDependency:(s: {brewery_id}, t: {state})]", 0.0), operator: *, right: (1.0, 1.0), result: 0.0}
列 'p' 不存在，对列 state 不过滤，直接选择所有非无效值。
Block processing time: 0.00516 seconds
Computing Block 480 out of 560
Processing Block size=2
begin cleaner{left: ("[FunctionalDependency:(s: {brewery_id}, t: {state})]", 0.0), operator: *, right: (1.0, 1.0), result: 0.0}
列 'p' 不存在，对列 state 不过滤，直接选择所有非无效值。
Block processing time: 0.005166 seconds
Computing Block 481 out of 560
Processing Block size=3
begin cleaner{left: ("[FunctionalDependency:(s: {brewery_id}, t: {state})]", 0.0), operator: *, right: (1.0, 1.0), result: 0.0}
列 'p' 不存在，对列 state 不过滤，直接选择所有非无效值。
clean_bool length:2
newest best op: Uniop(df,'state','CA',(['brewery_id'], {('36',)}),{left: ("[FunctionalDependency:(s: {brewery_id}, t: {state})]", 0.0), operator: *, right: (1.0, 1.0), result: 0.0})
now error: 0.0
Block processing time: 0.016685 seconds
Computing Block 483 out of 560
Processing Block size=2
begin cleaner{left: ("[FunctionalDependency:(s: {brewery_id}, t: {state})]", 0.0), operator: *, right: (1.0, 1.0), result: 0.0}
列 'p' 不存在，对列 state 不过滤，直接选择所有非无效值。
Block processing time: 0.005264 seconds
Computing Block 484 out of 560
Processing Block size=2
begin cleaner{left: ("[FunctionalDependency:(s: {brewery_id}, t: {state})]", 0.0), operator: *, right: (1.0, 1.0), result: 0.0}
列 'p' 不存在，对列 state 不过滤，直接选择所有非无效值。
Block processing time: 0.005244 seconds
Computing Block 485 out of 560
Processing Block size=2
begin cleaner{left: ("[FunctionalDependency:(s: {brewery_id}, t: {state})]", 0.0), operator: *, right: (1.0, 1.0), result: 0.0}
列 'p' 不存在，对列 state 不过滤，直接选择所有非无效值。
Block processing time: 0.005162 seconds
Computing Block 486 out of 560
Processing Block size=14
begin cleaner{left: ("[FunctionalDependency:(s: {brewery_id}, t: {state})]", 0.0), operator: *, right: (1.0, 1.0), result: 0.0}
列 'p' 不存在，对列 state 不过滤，直接选择所有非无效值。
clean_bool length:2
newest best op: Uniop(df,'state','TX',(['brewery_id'], {('118',)}),{left: ("[FunctionalDependency:(s: {brewery_id}, t: {state})]", 0.0), operator: *, right: (1.0, 1.0), result: 0.0})
now error: 0.0
Block processing time: 0.066766 seconds
Computing Block 487 out of 560
Processing Block size=2
begin cleaner{left: ("[FunctionalDependency:(s: {brewery_id}, t: {state})]", 0.0), operator: *, right: (1.0, 1.0), result: 0.0}
列 'p' 不存在，对列 state 不过滤，直接选择所有非无效值。
Block processing time: 0.005305 seconds
Computing Block 489 out of 560
Processing Block size=8
begin cleaner{left: ("[FunctionalDependency:(s: {brewery_id}, t: {state})]", 0.0), operator: *, right: (1.0, 1.0), result: 0.0}
列 'p' 不存在，对列 state 不过滤，直接选择所有非无效值。
Block processing time: 0.01905 seconds
Computing Block 491 out of 560
Processing Block size=7
begin cleaner{left: ("[FunctionalDependency:(s: {brewery_id}, t: {state})]", 0.0), operator: *, right: (1.0, 1.0), result: 0.0}
列 'p' 不存在，对列 state 不过滤，直接选择所有非无效值。
Block processing time: 0.016682 seconds
Computing Block 492 out of 560
Processing Block size=3
begin cleaner{left: ("[FunctionalDependency:(s: {brewery_id}, t: {state})]", 0.0), operator: *, right: (1.0, 1.0), result: 0.0}
列 'p' 不存在，对列 state 不过滤，直接选择所有非无效值。
Block processing time: 0.007386 seconds
Computing Block 493 out of 560
Processing Block size=8
begin cleaner{left: ("[FunctionalDependency:(s: {brewery_id}, t: {state})]", 0.0), operator: *, right: (1.0, 1.0), result: 0.0}
列 'p' 不存在，对列 state 不过滤，直接选择所有非无效值。
Block processing time: 0.018836 seconds
Computing Block 494 out of 560
Processing Block size=23
begin cleaner{left: ("[FunctionalDependency:(s: {brewery_id}, t: {state})]", 0.0), operator: *, right: (1.0, 1.0), result: 0.0}
列 'p' 不存在，对列 state 不过滤，直接选择所有非无效值。
clean_bool length:2
newest best op: Uniop(df,'state','OR',(['brewery_id'], {('80',)}),{left: ("[FunctionalDependency:(s: {brewery_id}, t: {state})]", 0.0), operator: *, right: (1.0, 1.0), result: 0.0})
now error: 0.0
Block processing time: 0.107933 seconds
Computing Block 495 out of 560
Processing Block size=5
begin cleaner{left: ("[FunctionalDependency:(s: {brewery_id}, t: {state})]", 0.0), operator: *, right: (1.0, 1.0), result: 0.0}
列 'p' 不存在，对列 state 不过滤，直接选择所有非无效值。
clean_bool length:2
newest best op: Uniop(df,'state','PA',(['brewery_id'], {('97',)}),{left: ("[FunctionalDependency:(s: {brewery_id}, t: {state})]", 0.0), operator: *, right: (1.0, 1.0), result: 0.0})
now error: 0.0
Block processing time: 0.02611 seconds
Computing Block 496 out of 560
Processing Block size=2
begin cleaner{left: ("[FunctionalDependency:(s: {brewery_id}, t: {state})]", 0.0), operator: *, right: (1.0, 1.0), result: 0.0}
列 'p' 不存在，对列 state 不过滤，直接选择所有非无效值。
clean_bool length:2
newest best op: Uniop(df,'state','MA',(['brewery_id'], {('178',)}),{left: ("[FunctionalDependency:(s: {brewery_id}, t: {state})]", 0.0), operator: *, right: (1.0, 1.0), result: 0.0})
now error: 0.0
Block processing time: 0.01215 seconds
Computing Block 497 out of 560
Processing Block size=2
begin cleaner{left: ("[FunctionalDependency:(s: {brewery_id}, t: {state})]", 0.0), operator: *, right: (1.0, 1.0), result: 0.0}
列 'p' 不存在，对列 state 不过滤，直接选择所有非无效值。
Block processing time: 0.005225 seconds
Computing Block 498 out of 560
Processing Block size=4
begin cleaner{left: ("[FunctionalDependency:(s: {brewery_id}, t: {state})]", 0.0), operator: *, right: (1.0, 1.0), result: 0.0}
列 'p' 不存在，对列 state 不过滤，直接选择所有非无效值。
Block processing time: 0.009816 seconds
Computing Block 499 out of 560
Processing Block size=3
begin cleaner{left: ("[FunctionalDependency:(s: {brewery_id}, t: {state})]", 0.0), operator: *, right: (1.0, 1.0), result: 0.0}
列 'p' 不存在，对列 state 不过滤，直接选择所有非无效值。
Block processing time: 0.007507 seconds
Computing Block 501 out of 560
Processing Block size=4
begin cleaner{left: ("[FunctionalDependency:(s: {brewery_id}, t: {state})]", 0.0), operator: *, right: (1.0, 1.0), result: 0.0}
列 'p' 不存在，对列 state 不过滤，直接选择所有非无效值。
Block processing time: 0.009804 seconds
Computing Block 504 out of 560
Processing Block size=2
begin cleaner{left: ("[FunctionalDependency:(s: {brewery_id}, t: {state})]", 0.0), operator: *, right: (1.0, 1.0), result: 0.0}
列 'p' 不存在，对列 state 不过滤，直接选择所有非无效值。
Block processing time: 0.005157 seconds
Computing Block 505 out of 560
Processing Block size=4
begin cleaner{left: ("[FunctionalDependency:(s: {brewery_id}, t: {state})]", 0.0), operator: *, right: (1.0, 1.0), result: 0.0}
列 'p' 不存在，对列 state 不过滤，直接选择所有非无效值。
clean_bool length:2
newest best op: Uniop(df,'state','CA',(['brewery_id'], {('491',)}),{left: ("[FunctionalDependency:(s: {brewery_id}, t: {state})]", 0.0), operator: *, right: (1.0, 1.0), result: 0.0})
now error: 0.0
Block processing time: 0.021316 seconds
Computing Block 507 out of 560
Processing Block size=4
begin cleaner{left: ("[FunctionalDependency:(s: {brewery_id}, t: {state})]", 0.0), operator: *, right: (1.0, 1.0), result: 0.0}
列 'p' 不存在，对列 state 不过滤，直接选择所有非无效值。
clean_bool length:2
newest best op: Uniop(df,'state','CO',(['brewery_id'], {('391',)}),{left: ("[FunctionalDependency:(s: {brewery_id}, t: {state})]", 0.0), operator: *, right: (1.0, 1.0), result: 0.0})
now error: 0.0
Block processing time: 0.021641 seconds
Computing Block 508 out of 560
Processing Block size=2
begin cleaner{left: ("[FunctionalDependency:(s: {brewery_id}, t: {state})]", 0.0), operator: *, right: (1.0, 1.0), result: 0.0}
列 'p' 不存在，对列 state 不过滤，直接选择所有非无效值。
Block processing time: 0.005314 seconds
Computing Block 509 out of 560
Processing Block size=4
begin cleaner{left: ("[FunctionalDependency:(s: {brewery_id}, t: {state})]", 0.0), operator: *, right: (1.0, 1.0), result: 0.0}
列 'p' 不存在，对列 state 不过滤，直接选择所有非无效值。
Block processing time: 0.009875 seconds
Computing Block 511 out of 560
Processing Block size=3
begin cleaner{left: ("[FunctionalDependency:(s: {brewery_id}, t: {state})]", 0.0), operator: *, right: (1.0, 1.0), result: 0.0}
列 'p' 不存在，对列 state 不过滤，直接选择所有非无效值。
Block processing time: 0.007602 seconds
Computing Block 512 out of 560
Processing Block size=3
begin cleaner{left: ("[FunctionalDependency:(s: {brewery_id}, t: {state})]", 0.0), operator: *, right: (1.0, 1.0), result: 0.0}
列 'p' 不存在，对列 state 不过滤，直接选择所有非无效值。
Block processing time: 0.00762 seconds
Computing Block 513 out of 560
Processing Block size=12
begin cleaner{left: ("[FunctionalDependency:(s: {brewery_id}, t: {state})]", 0.0), operator: *, right: (1.0, 1.0), result: 0.0}
列 'p' 不存在，对列 state 不过滤，直接选择所有非无效值。
clean_bool length:2
newest best op: Uniop(df,'state','MA',(['brewery_id'], {('234',)}),{left: ("[FunctionalDependency:(s: {brewery_id}, t: {state})]", 0.0), operator: *, right: (1.0, 1.0), result: 0.0})
now error: 0.0
Block processing time: 0.058508 seconds
Computing Block 514 out of 560
Processing Block size=8
begin cleaner{left: ("[FunctionalDependency:(s: {brewery_id}, t: {state})]", 0.0), operator: *, right: (1.0, 1.0), result: 0.0}
列 'p' 不存在，对列 state 不过滤，直接选择所有非无效值。
Block processing time: 0.019071 seconds
Computing Block 517 out of 560
Processing Block size=2
begin cleaner{left: ("[FunctionalDependency:(s: {brewery_id}, t: {state})]", 0.0), operator: *, right: (1.0, 1.0), result: 0.0}
列 'p' 不存在，对列 state 不过滤，直接选择所有非无效值。
clean_bool length:2
newest best op: Uniop(df,'state','NH',(['brewery_id'], {('109',)}),{left: ("[FunctionalDependency:(s: {brewery_id}, t: {state})]", 0.0), operator: *, right: (1.0, 1.0), result: 0.0})
now error: 0.0
Block processing time: 0.012311 seconds
Computing Block 519 out of 560
Processing Block size=3
begin cleaner{left: ("[FunctionalDependency:(s: {brewery_id}, t: {state})]", 0.0), operator: *, right: (1.0, 1.0), result: 0.0}
列 'p' 不存在，对列 state 不过滤，直接选择所有非无效值。
clean_bool length:2
newest best op: Uniop(df,'state','NC',(['brewery_id'], {('528',)}),{left: ("[FunctionalDependency:(s: {brewery_id}, t: {state})]", 0.0), operator: *, right: (1.0, 1.0), result: 0.0})
now error: 0.0
Block processing time: 0.017491 seconds
Computing Block 520 out of 560
Processing Block size=18
begin cleaner{left: ("[FunctionalDependency:(s: {brewery_id}, t: {state})]", 0.0), operator: *, right: (1.0, 1.0), result: 0.0}
列 'p' 不存在，对列 state 不过滤，直接选择所有非无效值。
clean_bool length:2
newest best op: Uniop(df,'state','KS',(['brewery_id'], {('45',)}),{left: ("[FunctionalDependency:(s: {brewery_id}, t: {state})]", 0.0), operator: *, right: (1.0, 1.0), result: 0.0})
now error: 0.0
Block processing time: 0.086072 seconds
Computing Block 523 out of 560
Processing Block size=5
begin cleaner{left: ("[FunctionalDependency:(s: {brewery_id}, t: {state})]", 0.0), operator: *, right: (1.0, 1.0), result: 0.0}
列 'p' 不存在，对列 state 不过滤，直接选择所有非无效值。
Block processing time: 0.012149 seconds
Computing Block 524 out of 560
Processing Block size=6
begin cleaner{left: ("[FunctionalDependency:(s: {brewery_id}, t: {state})]", 0.0), operator: *, right: (1.0, 1.0), result: 0.0}
列 'p' 不存在，对列 state 不过滤，直接选择所有非无效值。
Block processing time: 0.014431 seconds
Computing Block 525 out of 560
Processing Block size=12
begin cleaner{left: ("[FunctionalDependency:(s: {brewery_id}, t: {state})]", 0.0), operator: *, right: (1.0, 1.0), result: 0.0}
列 'p' 不存在，对列 state 不过滤，直接选择所有非无效值。
clean_bool length:2
newest best op: Uniop(df,'state','CO',(['brewery_id'], {('264',)}),{left: ("[FunctionalDependency:(s: {brewery_id}, t: {state})]", 0.0), operator: *, right: (1.0, 1.0), result: 0.0})
now error: 0.0
Block processing time: 0.058443 seconds
Computing Block 526 out of 560
Processing Block size=5
begin cleaner{left: ("[FunctionalDependency:(s: {brewery_id}, t: {state})]", 0.0), operator: *, right: (1.0, 1.0), result: 0.0}
列 'p' 不存在，对列 state 不过滤，直接选择所有非无效值。
Block processing time: 0.012253 seconds
Computing Block 527 out of 560
Processing Block size=5
begin cleaner{left: ("[FunctionalDependency:(s: {brewery_id}, t: {state})]", 0.0), operator: *, right: (1.0, 1.0), result: 0.0}
列 'p' 不存在，对列 state 不过滤，直接选择所有非无效值。
clean_bool length:2
newest best op: Uniop(df,'state','IL',(['brewery_id'], {('88',)}),{left: ("[FunctionalDependency:(s: {brewery_id}, t: {state})]", 0.0), operator: *, right: (1.0, 1.0), result: 0.0})
now error: 0.0
Block processing time: 0.026099 seconds
Computing Block 528 out of 560
Processing Block size=5
begin cleaner{left: ("[FunctionalDependency:(s: {brewery_id}, t: {state})]", 0.0), operator: *, right: (1.0, 1.0), result: 0.0}
列 'p' 不存在，对列 state 不过滤，直接选择所有非无效值。
clean_bool length:2
newest best op: Uniop(df,'state','MT',(['brewery_id'], {('537',)}),{left: ("[FunctionalDependency:(s: {brewery_id}, t: {state})]", 0.0), operator: *, right: (1.0, 1.0), result: 0.0})
now error: 0.0
Block processing time: 0.02608 seconds
Computing Block 529 out of 560
Processing Block size=3
begin cleaner{left: ("[FunctionalDependency:(s: {brewery_id}, t: {state})]", 0.0), operator: *, right: (1.0, 1.0), result: 0.0}
列 'p' 不存在，对列 state 不过滤，直接选择所有非无效值。
clean_bool length:2
newest best op: Uniop(df,'state','CA',(['brewery_id'], {('280',)}),{left: ("[FunctionalDependency:(s: {brewery_id}, t: {state})]", 0.0), operator: *, right: (1.0, 1.0), result: 0.0})
now error: 0.0
Block processing time: 0.016949 seconds
Computing Block 530 out of 560
Processing Block size=2
begin cleaner{left: ("[FunctionalDependency:(s: {brewery_id}, t: {state})]", 0.0), operator: *, right: (1.0, 1.0), result: 0.0}
列 'p' 不存在，对列 state 不过滤，直接选择所有非无效值。
Block processing time: 0.005327 seconds
Computing Block 534 out of 560
Processing Block size=3
begin cleaner{left: ("[FunctionalDependency:(s: {brewery_id}, t: {state})]", 0.0), operator: *, right: (1.0, 1.0), result: 0.0}
列 'p' 不存在，对列 state 不过滤，直接选择所有非无效值。
Block processing time: 0.007544 seconds
Computing Block 535 out of 560
Processing Block size=3
begin cleaner{left: ("[FunctionalDependency:(s: {brewery_id}, t: {state})]", 0.0), operator: *, right: (1.0, 1.0), result: 0.0}
列 'p' 不存在，对列 state 不过滤，直接选择所有非无效值。
Block processing time: 0.007544 seconds
Computing Block 536 out of 560
Processing Block size=3
begin cleaner{left: ("[FunctionalDependency:(s: {brewery_id}, t: {state})]", 0.0), operator: *, right: (1.0, 1.0), result: 0.0}
列 'p' 不存在，对列 state 不过滤，直接选择所有非无效值。
Block processing time: 0.007475 seconds
Computing Block 537 out of 560
Processing Block size=7
begin cleaner{left: ("[FunctionalDependency:(s: {brewery_id}, t: {state})]", 0.0), operator: *, right: (1.0, 1.0), result: 0.0}
列 'p' 不存在，对列 state 不过滤，直接选择所有非无效值。
clean_bool length:2
newest best op: Uniop(df,'state','IL',(['brewery_id'], {('57',)}),{left: ("[FunctionalDependency:(s: {brewery_id}, t: {state})]", 0.0), operator: *, right: (1.0, 1.0), result: 0.0})WARNING:root:No partitioning rule specified, processing might be slow

now error: 0.0
Block processing time: 0.036227 seconds
Computing Block 538 out of 560
Processing Block size=3
begin cleaner{left: ("[FunctionalDependency:(s: {brewery_id}, t: {state})]", 0.0), operator: *, right: (1.0, 1.0), result: 0.0}
列 'p' 不存在，对列 state 不过滤，直接选择所有非无效值。
Block processing time: 0.007689 seconds
Computing Block 539 out of 560
Processing Block size=2
begin cleaner{left: ("[FunctionalDependency:(s: {brewery_id}, t: {state})]", 0.0), operator: *, right: (1.0, 1.0), result: 0.0}
列 'p' 不存在，对列 state 不过滤，直接选择所有非无效值。
Block processing time: 0.005214 seconds
Computing Block 540 out of 560
Processing Block size=3
begin cleaner{left: ("[FunctionalDependency:(s: {brewery_id}, t: {state})]", 0.0), operator: *, right: (1.0, 1.0), result: 0.0}
列 'p' 不存在，对列 state 不过滤，直接选择所有非无效值。
Block processing time: 0.007413 seconds
Computing Block 542 out of 560
Processing Block size=3
begin cleaner{left: ("[FunctionalDependency:(s: {brewery_id}, t: {state})]", 0.0), operator: *, right: (1.0, 1.0), result: 0.0}
列 'p' 不存在，对列 state 不过滤，直接选择所有非无效值。
Block processing time: 0.007472 seconds
Computing Block 543 out of 560
Processing Block size=2
begin cleaner{left: ("[FunctionalDependency:(s: {brewery_id}, t: {state})]", 0.0), operator: *, right: (1.0, 1.0), result: 0.0}
列 'p' 不存在，对列 state 不过滤，直接选择所有非无效值。
Block processing time: 0.005216 seconds
Computing Block 544 out of 560
Processing Block size=7
begin cleaner{left: ("[FunctionalDependency:(s: {brewery_id}, t: {state})]", 0.0), operator: *, right: (1.0, 1.0), result: 0.0}
列 'p' 不存在，对列 state 不过滤，直接选择所有非无效值。
Block processing time: 0.016522 seconds
Computing Block 546 out of 560
Processing Block size=4
begin cleaner{left: ("[FunctionalDependency:(s: {brewery_id}, t: {state})]", 0.0), operator: *, right: (1.0, 1.0), result: 0.0}
列 'p' 不存在，对列 state 不过滤，直接选择所有非无效值。
clean_bool length:2
newest best op: Uniop(df,'state','PA',(['brewery_id'], {('298',)}),{left: ("[FunctionalDependency:(s: {brewery_id}, t: {state})]", 0.0), operator: *, right: (1.0, 1.0), result: 0.0})
now error: 0.0
Block processing time: 0.021526 seconds
Computing Block 548 out of 560
Processing Block size=4
begin cleaner{left: ("[FunctionalDependency:(s: {brewery_id}, t: {state})]", 0.0), operator: *, right: (1.0, 1.0), result: 0.0}
列 'p' 不存在，对列 state 不过滤，直接选择所有非无效值。
Block processing time: 0.009898 seconds
Computing Block 549 out of 560
Processing Block size=2
begin cleaner{left: ("[FunctionalDependency:(s: {brewery_id}, t: {state})]", 0.0), operator: *, right: (1.0, 1.0), result: 0.0}
列 'p' 不存在，对列 state 不过滤，直接选择所有非无效值。
Block processing time: 0.005219 seconds
Computing Block 550 out of 560
Processing Block size=3
begin cleaner{left: ("[FunctionalDependency:(s: {brewery_id}, t: {state})]", 0.0), operator: *, right: (1.0, 1.0), result: 0.0}
列 'p' 不存在，对列 state 不过滤，直接选择所有非无效值。
Block processing time: 0.007584 seconds
Computing Block 551 out of 560
Processing Block size=3
begin cleaner{left: ("[FunctionalDependency:(s: {brewery_id}, t: {state})]", 0.0), operator: *, right: (1.0, 1.0), result: 0.0}
列 'p' 不存在，对列 state 不过滤，直接选择所有非无效值。
Block processing time: 0.007576 seconds
Computing Block 552 out of 560
Processing Block size=6
begin cleaner{left: ("[FunctionalDependency:(s: {brewery_id}, t: {state})]", 0.0), operator: *, right: (1.0, 1.0), result: 0.0}
列 'p' 不存在，对列 state 不过滤，直接选择所有非无效值。
Block processing time: 0.014482 seconds
Computing Block 553 out of 560
Processing Block size=2
begin cleaner{left: ("[FunctionalDependency:(s: {brewery_id}, t: {state})]", 0.0), operator: *, right: (1.0, 1.0), result: 0.0}
列 'p' 不存在，对列 state 不过滤，直接选择所有非无效值。
Block processing time: 0.005193 seconds
Computing Block 554 out of 560
Processing Block size=8
begin cleaner{left: ("[FunctionalDependency:(s: {brewery_id}, t: {state})]", 0.0), operator: *, right: (1.0, 1.0), result: 0.0}
列 'p' 不存在，对列 state 不过滤，直接选择所有非无效值。
Block processing time: 0.018942 seconds
Computing Block 556 out of 560
Processing Block size=2
begin cleaner{left: ("[FunctionalDependency:(s: {brewery_id}, t: {state})]", 0.0), operator: *, right: (1.0, 1.0), result: 0.0}
列 'p' 不存在，对列 state 不过滤，直接选择所有非无效值。
Block processing time: 0.005206 seconds
Computing Block 557 out of 560
Processing Block size=4
begin cleaner{left: ("[FunctionalDependency:(s: {brewery_id}, t: {state})]", 0.0), operator: *, right: (1.0, 1.0), result: 0.0}
列 'p' 不存在，对列 state 不过滤，直接选择所有非无效值。
Block processing time: 0.009703 seconds
Computing Block 559 out of 560
Processing Block size=13
begin cleaner{left: ("[FunctionalDependency:(s: {brewery_id}, t: {state})]", 0.0), operator: *, right: (1.0, 1.0), result: 0.0}
列 'p' 不存在，对列 state 不过滤，直接选择所有非无效值。
clean_bool length:2
newest best op: Uniop(df,'state','CO',(['brewery_id'], {('503',)}),{left: ("[FunctionalDependency:(s: {brewery_id}, t: {state})]", 0.0), operator: *, right: (1.0, 1.0), result: 0.0})
now error: 0.0
Block processing time: 0.062474 seconds
Computing Block 560 out of 560
Processing Block size=7
begin cleaner{left: ("[FunctionalDependency:(s: {brewery_id}, t: {state})]", 0.0), operator: *, right: (1.0, 1.0), result: 0.0}
列 'p' 不存在，对列 state 不过滤，直接选择所有非无效值。
Block processing time: 0.016669 seconds
  当前节点: state 有 103 个清洗操作
['brewery_name', 'city', 'state']的清洗完成

本层累积的编辑规则数: 206
读入数据大小：2410
处理了 206 条规则，更新数据...
所有编辑规则已更新完成

处理第 1 层级, 包含节点: ['brewery_id']
  跳过已清洗结束的节点: brewery_id
['brewery_id']的清洗完成

本层累积的编辑规则数: 0
本层没有可以进行的清洗操作，进行下一层

处理第 2 层级, 包含节点: ['brewery_name', 'city', 'state']
  跳过已清洗结束的节点: brewery_name
  当前节点: city 存在可用清洗信号
数据块大小: 2410
分块属性:
[['brewery_id']]
Starting initial block mapping...
Initial number of blocks: 560
Final number of blocks after further splitting: 560
Computing Block 1 out of 560
Processing Block size=8
begin cleaner[FunctionalDependency:(s: {'brewery_id'}, t: {'city'})]*1.0
列 'p' 不存在，对列 city 不过滤，直接选择所有非无效值。
Block processing time: 0.02346 seconds
Computing Block 2 out of 560
Processing Block size=5
begin cleaner{left: ("[FunctionalDependency:(s: {brewery_id}, t: {city})]", 0.0), operator: *, right: (1.0, 1.0), result: 0.0}
列 'p' 不存在，对列 city 不过滤，直接选择所有非无效值。
Block processing time: 0.012361 seconds
Computing Block 3 out of 560
Processing Block size=19
begin cleaner{left: ("[FunctionalDependency:(s: {brewery_id}, t: {city})]", 0.0), operator: *, right: (1.0, 1.0), result: 0.0}
列 'p' 不存在，对列 city 不过滤，直接选择所有非无效值。
Block processing time: 0.04398 seconds
Computing Block 4 out of 560
Processing Block size=2
begin cleaner{left: ("[FunctionalDependency:(s: {brewery_id}, t: {city})]", 0.0), operator: *, right: (1.0, 1.0), result: 0.0}
列 'p' 不存在，对列 city 不过滤，直接选择所有非无效值。
Block processing time: 0.005206 seconds
Computing Block 5 out of 560
Processing Block size=4
begin cleaner{left: ("[FunctionalDependency:(s: {brewery_id}, t: {city})]", 0.0), operator: *, right: (1.0, 1.0), result: 0.0}
列 'p' 不存在，对列 city 不过滤，直接选择所有非无效值。
Block processing time: 0.009737 seconds
Computing Block 6 out of 560
Processing Block size=2
begin cleaner{left: ("[FunctionalDependency:(s: {brewery_id}, t: {city})]", 0.0), operator: *, right: (1.0, 1.0), result: 0.0}
列 'p' 不存在，对列 city 不过滤，直接选择所有非无效值。
Block processing time: 0.005251 seconds
Computing Block 7 out of 560
Processing Block size=4
begin cleaner{left: ("[FunctionalDependency:(s: {brewery_id}, t: {city})]", 0.0), operator: *, right: (1.0, 1.0), result: 0.0}
列 'p' 不存在，对列 city 不过滤，直接选择所有非无效值。
Block processing time: 0.009938 seconds
Computing Block 8 out of 560
Processing Block size=2
begin cleaner{left: ("[FunctionalDependency:(s: {brewery_id}, t: {city})]", 0.0), operator: *, right: (1.0, 1.0), result: 0.0}
列 'p' 不存在，对列 city 不过滤，直接选择所有非无效值。
Block processing time: 0.005267 seconds
Computing Block 11 out of 560
Processing Block size=6
begin cleaner{left: ("[FunctionalDependency:(s: {brewery_id}, t: {city})]", 0.0), operator: *, right: (1.0, 1.0), result: 0.0}
列 'p' 不存在，对列 city 不过滤，直接选择所有非无效值。
Block processing time: 0.014528 seconds
Computing Block 12 out of 560
Processing Block size=3
begin cleaner{left: ("[FunctionalDependency:(s: {brewery_id}, t: {city})]", 0.0), operator: *, right: (1.0, 1.0), result: 0.0}
列 'p' 不存在，对列 city 不过滤，直接选择所有非无效值。
Block processing time: 0.007453 seconds
Computing Block 15 out of 560
Processing Block size=5
begin cleaner{left: ("[FunctionalDependency:(s: {brewery_id}, t: {city})]", 0.0), operator: *, right: (1.0, 1.0), result: 0.0}
列 'p' 不存在，对列 city 不过滤，直接选择所有非无效值。
Block processing time: 0.012357 seconds
Computing Block 17 out of 560
Processing Block size=2
begin cleaner{left: ("[FunctionalDependency:(s: {brewery_id}, t: {city})]", 0.0), operator: *, right: (1.0, 1.0), result: 0.0}
列 'p' 不存在，对列 city 不过滤，直接选择所有非无效值。
Block processing time: 0.005269 seconds
Computing Block 18 out of 560
Processing Block size=3
begin cleaner{left: ("[FunctionalDependency:(s: {brewery_id}, t: {city})]", 0.0), operator: *, right: (1.0, 1.0), result: 0.0}
列 'p' 不存在，对列 city 不过滤，直接选择所有非无效值。
Block processing time: 0.00754 seconds
Computing Block 19 out of 560
Processing Block size=3
begin cleaner{left: ("[FunctionalDependency:(s: {brewery_id}, t: {city})]", 0.0), operator: *, right: (1.0, 1.0), result: 0.0}
列 'p' 不存在，对列 city 不过滤，直接选择所有非无效值。
Block processing time: 0.007648 seconds
Computing Block 21 out of 560
Processing Block size=5
begin cleaner{left: ("[FunctionalDependency:(s: {brewery_id}, t: {city})]", 0.0), operator: *, right: (1.0, 1.0), result: 0.0}
列 'p' 不存在，对列 city 不过滤，直接选择所有非无效值。
Block processing time: 0.012192 seconds
Computing Block 24 out of 560
Processing Block size=17
begin cleaner{left: ("[FunctionalDependency:(s: {brewery_id}, t: {city})]", 0.0), operator: *, right: (1.0, 1.0), result: 0.0}
列 'p' 不存在，对列 city 不过滤，直接选择所有非无效值。
Block processing time: 0.039756 seconds
Computing Block 25 out of 560
Processing Block size=7
begin cleaner{left: ("[FunctionalDependency:(s: {brewery_id}, t: {city})]", 0.0), operator: *, right: (1.0, 1.0), result: 0.0}
列 'p' 不存在，对列 city 不过滤，直接选择所有非无效值。
Block processing time: 0.016641 seconds
Computing Block 26 out of 560
Processing Block size=5
begin cleaner{left: ("[FunctionalDependency:(s: {brewery_id}, t: {city})]", 0.0), operator: *, right: (1.0, 1.0), result: 0.0}
列 'p' 不存在，对列 city 不过滤，直接选择所有非无效值。
Block processing time: 0.012053 seconds
Computing Block 27 out of 560
Processing Block size=3
begin cleaner{left: ("[FunctionalDependency:(s: {brewery_id}, t: {city})]", 0.0), operator: *, right: (1.0, 1.0), result: 0.0}
列 'p' 不存在，对列 city 不过滤，直接选择所有非无效值。
Block processing time: 0.007545 seconds
Computing Block 28 out of 560
Processing Block size=8
begin cleaner{left: ("[FunctionalDependency:(s: {brewery_id}, t: {city})]", 0.0), operator: *, right: (1.0, 1.0), result: 0.0}
列 'p' 不存在，对列 city 不过滤，直接选择所有非无效值。
Block processing time: 0.018854 seconds
Computing Block 30 out of 560
Processing Block size=2
begin cleaner{left: ("[FunctionalDependency:(s: {brewery_id}, t: {city})]", 0.0), operator: *, right: (1.0, 1.0), result: 0.0}
列 'p' 不存在，对列 city 不过滤，直接选择所有非无效值。
Block processing time: 0.005195 seconds
Computing Block 31 out of 560
Processing Block size=62
begin cleaner{left: ("[FunctionalDependency:(s: {brewery_id}, t: {city})]", 0.0), operator: *, right: (1.0, 1.0), result: 0.0}
列 'p' 不存在，对列 city 不过滤，直接选择所有非无效值。
Block processing time: 0.142102 seconds
Computing Block 32 out of 560
Processing Block size=6
begin cleaner{left: ("[FunctionalDependency:(s: {brewery_id}, t: {city})]", 0.0), operator: *, right: (1.0, 1.0), result: 0.0}
列 'p' 不存在，对列 city 不过滤，直接选择所有非无效值。
Block processing time: 0.014415 seconds
Computing Block 33 out of 560
Processing Block size=4
begin cleaner{left: ("[FunctionalDependency:(s: {brewery_id}, t: {city})]", 0.0), operator: *, right: (1.0, 1.0), result: 0.0}
列 'p' 不存在，对列 city 不过滤，直接选择所有非无效值。
Block processing time: 0.009803 seconds
Computing Block 34 out of 560
Processing Block size=6
begin cleaner{left: ("[FunctionalDependency:(s: {brewery_id}, t: {city})]", 0.0), operator: *, right: (1.0, 1.0), result: 0.0}
列 'p' 不存在，对列 city 不过滤，直接选择所有非无效值。
Block processing time: 0.014311 seconds
Computing Block 35 out of 560
Processing Block size=3
begin cleaner{left: ("[FunctionalDependency:(s: {brewery_id}, t: {city})]", 0.0), operator: *, right: (1.0, 1.0), result: 0.0}
列 'p' 不存在，对列 city 不过滤，直接选择所有非无效值。
Block processing time: 0.007428 seconds
Computing Block 36 out of 560
Processing Block size=2
begin cleaner{left: ("[FunctionalDependency:(s: {brewery_id}, t: {city})]", 0.0), operator: *, right: (1.0, 1.0), result: 0.0}
列 'p' 不存在，对列 city 不过滤，直接选择所有非无效值。
Block processing time: 0.005267 seconds
Computing Block 37 out of 560
Processing Block size=11
begin cleaner{left: ("[FunctionalDependency:(s: {brewery_id}, t: {city})]", 0.0), operator: *, right: (1.0, 1.0), result: 0.0}
列 'p' 不存在，对列 city 不过滤，直接选择所有非无效值。
Block processing time: 0.02554 seconds
Computing Block 38 out of 560
Processing Block size=3
begin cleaner{left: ("[FunctionalDependency:(s: {brewery_id}, t: {city})]", 0.0), operator: *, right: (1.0, 1.0), result: 0.0}
列 'p' 不存在，对列 city 不过滤，直接选择所有非无效值。
Block processing time: 0.007396 seconds
Computing Block 39 out of 560
Processing Block size=3
begin cleaner{left: ("[FunctionalDependency:(s: {brewery_id}, t: {city})]", 0.0), operator: *, right: (1.0, 1.0), result: 0.0}
列 'p' 不存在，对列 city 不过滤，直接选择所有非无效值。
Block processing time: 0.007459 seconds
Computing Block 40 out of 560
Processing Block size=3
begin cleaner{left: ("[FunctionalDependency:(s: {brewery_id}, t: {city})]", 0.0), operator: *, right: (1.0, 1.0), result: 0.0}
列 'p' 不存在，对列 city 不过滤，直接选择所有非无效值。
Block processing time: 0.007747 seconds
Computing Block 43 out of 560
Processing Block size=12
begin cleaner{left: ("[FunctionalDependency:(s: {brewery_id}, t: {city})]", 0.0), operator: *, right: (1.0, 1.0), result: 0.0}
列 'p' 不存在，对列 city 不过滤，直接选择所有非无效值。
Block processing time: 0.028067 seconds
Computing Block 44 out of 560
Processing Block size=5
begin cleaner{left: ("[FunctionalDependency:(s: {brewery_id}, t: {city})]", 0.0), operator: *, right: (1.0, 1.0), result: 0.0}
列 'p' 不存在，对列 city 不过滤，直接选择所有非无效值。
Block processing time: 0.012087 seconds
Computing Block 46 out of 560
Processing Block size=8
begin cleaner{left: ("[FunctionalDependency:(s: {brewery_id}, t: {city})]", 0.0), operator: *, right: (1.0, 1.0), result: 0.0}
列 'p' 不存在，对列 city 不过滤，直接选择所有非无效值。
Block processing time: 0.018852 seconds
Computing Block 47 out of 560
Processing Block size=9
begin cleaner{left: ("[FunctionalDependency:(s: {brewery_id}, t: {city})]", 0.0), operator: *, right: (1.0, 1.0), result: 0.0}
列 'p' 不存在，对列 city 不过滤，直接选择所有非无效值。
Block processing time: 0.021174 seconds
Computing Block 48 out of 560
Processing Block size=2
begin cleaner{left: ("[FunctionalDependency:(s: {brewery_id}, t: {city})]", 0.0), operator: *, right: (1.0, 1.0), result: 0.0}
列 'p' 不存在，对列 city 不过滤，直接选择所有非无效值。
Block processing time: 0.005165 seconds
Computing Block 50 out of 560
Processing Block size=3
begin cleaner{left: ("[FunctionalDependency:(s: {brewery_id}, t: {city})]", 0.0), operator: *, right: (1.0, 1.0), result: 0.0}
列 'p' 不存在，对列 city 不过滤，直接选择所有非无效值。
Block processing time: 0.007559 seconds
Computing Block 51 out of 560
Processing Block size=4
begin cleaner{left: ("[FunctionalDependency:(s: {brewery_id}, t: {city})]", 0.0), operator: *, right: (1.0, 1.0), result: 0.0}
列 'p' 不存在，对列 city 不过滤，直接选择所有非无效值。
Block processing time: 0.009771 seconds
Computing Block 53 out of 560
Processing Block size=3
begin cleaner{left: ("[FunctionalDependency:(s: {brewery_id}, t: {city})]", 0.0), operator: *, right: (1.0, 1.0), result: 0.0}
列 'p' 不存在，对列 city 不过滤，直接选择所有非无效值。
Block processing time: 0.007541 seconds
Computing Block 54 out of 560
Processing Block size=2
begin cleaner{left: ("[FunctionalDependency:(s: {brewery_id}, t: {city})]", 0.0), operator: *, right: (1.0, 1.0), result: 0.0}
列 'p' 不存在，对列 city 不过滤，直接选择所有非无效值。
Block processing time: 0.005213 seconds
Computing Block 56 out of 560
Processing Block size=11
begin cleaner{left: ("[FunctionalDependency:(s: {brewery_id}, t: {city})]", 0.0), operator: *, right: (1.0, 1.0), result: 0.0}
列 'p' 不存在，对列 city 不过滤，直接选择所有非无效值。
Block processing time: 0.025618 seconds
Computing Block 57 out of 560
Processing Block size=3
begin cleaner{left: ("[FunctionalDependency:(s: {brewery_id}, t: {city})]", 0.0), operator: *, right: (1.0, 1.0), result: 0.0}
列 'p' 不存在，对列 city 不过滤，直接选择所有非无效值。
Block processing time: 0.007396 seconds
Computing Block 58 out of 560
Processing Block size=24
begin cleaner{left: ("[FunctionalDependency:(s: {brewery_id}, t: {city})]", 0.0), operator: *, right: (1.0, 1.0), result: 0.0}
列 'p' 不存在，对列 city 不过滤，直接选择所有非无效值。
Block processing time: 0.05553 seconds
Computing Block 59 out of 560
Processing Block size=2
begin cleaner{left: ("[FunctionalDependency:(s: {brewery_id}, t: {city})]", 0.0), operator: *, right: (1.0, 1.0), result: 0.0}
列 'p' 不存在，对列 city 不过滤，直接选择所有非无效值。
Block processing time: 0.005181 seconds
Computing Block 61 out of 560
Processing Block size=4
begin cleaner{left: ("[FunctionalDependency:(s: {brewery_id}, t: {city})]", 0.0), operator: *, right: (1.0, 1.0), result: 0.0}
列 'p' 不存在，对列 city 不过滤，直接选择所有非无效值。
Block processing time: 0.009908 seconds
Computing Block 62 out of 560
Processing Block size=9
begin cleaner{left: ("[FunctionalDependency:(s: {brewery_id}, t: {city})]", 0.0), operator: *, right: (1.0, 1.0), result: 0.0}
列 'p' 不存在，对列 city 不过滤，直接选择所有非无效值。
Block processing time: 0.021228 seconds
Computing Block 63 out of 560
Processing Block size=13
begin cleaner{left: ("[FunctionalDependency:(s: {brewery_id}, t: {city})]", 0.0), operator: *, right: (1.0, 1.0), result: 0.0}
列 'p' 不存在，对列 city 不过滤，直接选择所有非无效值。
Block processing time: 0.030281 seconds
Computing Block 64 out of 560
Processing Block size=2
begin cleaner{left: ("[FunctionalDependency:(s: {brewery_id}, t: {city})]", 0.0), operator: *, right: (1.0, 1.0), result: 0.0}
列 'p' 不存在，对列 city 不过滤，直接选择所有非无效值。
Block processing time: 0.005175 seconds
Computing Block 66 out of 560
Processing Block size=7
begin cleaner{left: ("[FunctionalDependency:(s: {brewery_id}, t: {city})]", 0.0), operator: *, right: (1.0, 1.0), result: 0.0}
列 'p' 不存在，对列 city 不过滤，直接选择所有非无效值。
Block processing time: 0.016665 seconds
Computing Block 67 out of 560
Processing Block size=10
begin cleaner{left: ("[FunctionalDependency:(s: {brewery_id}, t: {city})]", 0.0), operator: *, right: (1.0, 1.0), result: 0.0}
列 'p' 不存在，对列 city 不过滤，直接选择所有非无效值。
Block processing time: 0.023303 seconds
Computing Block 68 out of 560
Processing Block size=2
begin cleaner{left: ("[FunctionalDependency:(s: {brewery_id}, t: {city})]", 0.0), operator: *, right: (1.0, 1.0), result: 0.0}
列 'p' 不存在，对列 city 不过滤，直接选择所有非无效值。
Block processing time: 0.005174 seconds
Computing Block 70 out of 560
Processing Block size=2
begin cleaner{left: ("[FunctionalDependency:(s: {brewery_id}, t: {city})]", 0.0), operator: *, right: (1.0, 1.0), result: 0.0}
列 'p' 不存在，对列 city 不过滤，直接选择所有非无效值。
Block processing time: 0.005254 seconds
Computing Block 71 out of 560
Processing Block size=2
begin cleaner{left: ("[FunctionalDependency:(s: {brewery_id}, t: {city})]", 0.0), operator: *, right: (1.0, 1.0), result: 0.0}
列 'p' 不存在，对列 city 不过滤，直接选择所有非无效值。
Block processing time: 0.005162 seconds
Computing Block 72 out of 560
Processing Block size=4
begin cleaner{left: ("[FunctionalDependency:(s: {brewery_id}, t: {city})]", 0.0), operator: *, right: (1.0, 1.0), result: 0.0}
列 'p' 不存在，对列 city 不过滤，直接选择所有非无效值。
Block processing time: 0.009832 seconds
Computing Block 74 out of 560
Processing Block size=7
begin cleaner{left: ("[FunctionalDependency:(s: {brewery_id}, t: {city})]", 0.0), operator: *, right: (1.0, 1.0), result: 0.0}
列 'p' 不存在，对列 city 不过滤，直接选择所有非无效值。
Block processing time: 0.016663 seconds
Computing Block 76 out of 560
Processing Block size=2
begin cleaner{left: ("[FunctionalDependency:(s: {brewery_id}, t: {city})]", 0.0), operator: *, right: (1.0, 1.0), result: 0.0}
列 'p' 不存在，对列 city 不过滤，直接选择所有非无效值。
Block processing time: 0.005225 seconds
Computing Block 77 out of 560
Processing Block size=9
begin cleaner{left: ("[FunctionalDependency:(s: {brewery_id}, t: {city})]", 0.0), operator: *, right: (1.0, 1.0), result: 0.0}
列 'p' 不存在，对列 city 不过滤，直接选择所有非无效值。
Block processing time: 0.021092 seconds
Computing Block 78 out of 560
Processing Block size=6
begin cleaner{left: ("[FunctionalDependency:(s: {brewery_id}, t: {city})]", 0.0), operator: *, right: (1.0, 1.0), result: 0.0}
列 'p' 不存在，对列 city 不过滤，直接选择所有非无效值。
Block processing time: 0.014265 seconds
Computing Block 79 out of 560
Processing Block size=3
begin cleaner{left: ("[FunctionalDependency:(s: {brewery_id}, t: {city})]", 0.0), operator: *, right: (1.0, 1.0), result: 0.0}
列 'p' 不存在，对列 city 不过滤，直接选择所有非无效值。
Block processing time: 0.007541 seconds
Computing Block 81 out of 560
Processing Block size=4
begin cleaner{left: ("[FunctionalDependency:(s: {brewery_id}, t: {city})]", 0.0), operator: *, right: (1.0, 1.0), result: 0.0}
列 'p' 不存在，对列 city 不过滤，直接选择所有非无效值。
Block processing time: 0.009829 seconds
Computing Block 82 out of 560
Processing Block size=2
begin cleaner{left: ("[FunctionalDependency:(s: {brewery_id}, t: {city})]", 0.0), operator: *, right: (1.0, 1.0), result: 0.0}
列 'p' 不存在，对列 city 不过滤，直接选择所有非无效值。
Block processing time: 0.005252 seconds
Computing Block 83 out of 560
Processing Block size=17
begin cleaner{left: ("[FunctionalDependency:(s: {brewery_id}, t: {city})]", 0.0), operator: *, right: (1.0, 1.0), result: 0.0}
列 'p' 不存在，对列 city 不过滤，直接选择所有非无效值。
Block processing time: 0.039265 seconds
Computing Block 84 out of 560
Processing Block size=3
begin cleaner{left: ("[FunctionalDependency:(s: {brewery_id}, t: {city})]", 0.0), operator: *, right: (1.0, 1.0), result: 0.0}
列 'p' 不存在，对列 city 不过滤，直接选择所有非无效值。
Block processing time: 0.007521 seconds
Computing Block 87 out of 560
Processing Block size=2
begin cleaner{left: ("[FunctionalDependency:(s: {brewery_id}, t: {city})]", 0.0), operator: *, right: (1.0, 1.0), result: 0.0}
列 'p' 不存在，对列 city 不过滤，直接选择所有非无效值。
Block processing time: 0.005257 seconds
Computing Block 88 out of 560
Processing Block size=2
begin cleaner{left: ("[FunctionalDependency:(s: {brewery_id}, t: {city})]", 0.0), operator: *, right: (1.0, 1.0), result: 0.0}
列 'p' 不存在，对列 city 不过滤，直接选择所有非无效值。
Block processing time: 0.005147 seconds
Computing Block 89 out of 560
Processing Block size=4
begin cleaner{left: ("[FunctionalDependency:(s: {brewery_id}, t: {city})]", 0.0), operator: *, right: (1.0, 1.0), result: 0.0}
列 'p' 不存在，对列 city 不过滤，直接选择所有非无效值。
Block processing time: 0.009737 seconds
Computing Block 90 out of 560
Processing Block size=7
begin cleaner{left: ("[FunctionalDependency:(s: {brewery_id}, t: {city})]", 0.0), operator: *, right: (1.0, 1.0), result: 0.0}
列 'p' 不存在，对列 city 不过滤，直接选择所有非无效值。
Block processing time: 0.016691 seconds
Computing Block 91 out of 560
Processing Block size=4
begin cleaner{left: ("[FunctionalDependency:(s: {brewery_id}, t: {city})]", 0.0), operator: *, right: (1.0, 1.0), result: 0.0}
列 'p' 不存在，对列 city 不过滤，直接选择所有非无效值。
Block processing time: 0.009764 seconds
Computing Block 92 out of 560
Processing Block size=6
begin cleaner{left: ("[FunctionalDependency:(s: {brewery_id}, t: {city})]", 0.0), operator: *, right: (1.0, 1.0), result: 0.0}
列 'p' 不存在，对列 city 不过滤，直接选择所有非无效值。
Block processing time: 0.014318 seconds
Computing Block 93 out of 560
Processing Block size=18
begin cleaner{left: ("[FunctionalDependency:(s: {brewery_id}, t: {city})]", 0.0), operator: *, right: (1.0, 1.0), result: 0.0}
列 'p' 不存在，对列 city 不过滤，直接选择所有非无效值。
Block processing time: 0.041561 seconds
Computing Block 94 out of 560
Processing Block size=6
begin cleaner{left: ("[FunctionalDependency:(s: {brewery_id}, t: {city})]", 0.0), operator: *, right: (1.0, 1.0), result: 0.0}
列 'p' 不存在，对列 city 不过滤，直接选择所有非无效值。
Block processing time: 0.014348 seconds
Computing Block 95 out of 560
Processing Block size=4
begin cleaner{left: ("[FunctionalDependency:(s: {brewery_id}, t: {city})]", 0.0), operator: *, right: (1.0, 1.0), result: 0.0}
列 'p' 不存在，对列 city 不过滤，直接选择所有非无效值。
Block processing time: 0.009762 seconds
Computing Block 96 out of 560
Processing Block size=2
begin cleaner{left: ("[FunctionalDependency:(s: {brewery_id}, t: {city})]", 0.0), operator: *, right: (1.0, 1.0), result: 0.0}
列 'p' 不存在，对列 city 不过滤，直接选择所有非无效值。
Block processing time: 0.005229 seconds
Computing Block 97 out of 560
Processing Block size=3
begin cleaner{left: ("[FunctionalDependency:(s: {brewery_id}, t: {city})]", 0.0), operator: *, right: (1.0, 1.0), result: 0.0}
列 'p' 不存在，对列 city 不过滤，直接选择所有非无效值。
Block processing time: 0.007419 seconds
Computing Block 98 out of 560
Processing Block size=2
begin cleaner{left: ("[FunctionalDependency:(s: {brewery_id}, t: {city})]", 0.0), operator: *, right: (1.0, 1.0), result: 0.0}
列 'p' 不存在，对列 city 不过滤，直接选择所有非无效值。
Block processing time: 0.005196 seconds
Computing Block 99 out of 560
Processing Block size=3
begin cleaner{left: ("[FunctionalDependency:(s: {brewery_id}, t: {city})]", 0.0), operator: *, right: (1.0, 1.0), result: 0.0}
列 'p' 不存在，对列 city 不过滤，直接选择所有非无效值。
Block processing time: 0.007483 seconds
Computing Block 102 out of 560
Processing Block size=3
begin cleaner{left: ("[FunctionalDependency:(s: {brewery_id}, t: {city})]", 0.0), operator: *, right: (1.0, 1.0), result: 0.0}
列 'p' 不存在，对列 city 不过滤，直接选择所有非无效值。
Block processing time: 0.007681 seconds
Computing Block 103 out of 560
Processing Block size=6
begin cleaner{left: ("[FunctionalDependency:(s: {brewery_id}, t: {city})]", 0.0), operator: *, right: (1.0, 1.0), result: 0.0}
列 'p' 不存在，对列 city 不过滤，直接选择所有非无效值。
Block processing time: 0.014338 seconds
Computing Block 104 out of 560
Processing Block size=5
begin cleaner{left: ("[FunctionalDependency:(s: {brewery_id}, t: {city})]", 0.0), operator: *, right: (1.0, 1.0), result: 0.0}
列 'p' 不存在，对列 city 不过滤，直接选择所有非无效值。
Block processing time: 0.011996 seconds
Computing Block 105 out of 560
Processing Block size=2
begin cleaner{left: ("[FunctionalDependency:(s: {brewery_id}, t: {city})]", 0.0), operator: *, right: (1.0, 1.0), result: 0.0}
列 'p' 不存在，对列 city 不过滤，直接选择所有非无效值。
Block processing time: 0.005222 seconds
Computing Block 106 out of 560
Processing Block size=20
begin cleaner{left: ("[FunctionalDependency:(s: {brewery_id}, t: {city})]", 0.0), operator: *, right: (1.0, 1.0), result: 0.0}
列 'p' 不存在，对列 city 不过滤，直接选择所有非无效值。
Block processing time: 0.04668 seconds
Computing Block 107 out of 560
Processing Block size=8
begin cleaner{left: ("[FunctionalDependency:(s: {brewery_id}, t: {city})]", 0.0), operator: *, right: (1.0, 1.0), result: 0.0}
列 'p' 不存在，对列 city 不过滤，直接选择所有非无效值。
Block processing time: 0.018818 seconds
Computing Block 108 out of 560
Processing Block size=2
begin cleaner{left: ("[FunctionalDependency:(s: {brewery_id}, t: {city})]", 0.0), operator: *, right: (1.0, 1.0), result: 0.0}
列 'p' 不存在，对列 city 不过滤，直接选择所有非无效值。
Block processing time: 0.005264 seconds
Computing Block 109 out of 560
Processing Block size=5
begin cleaner{left: ("[FunctionalDependency:(s: {brewery_id}, t: {city})]", 0.0), operator: *, right: (1.0, 1.0), result: 0.0}
列 'p' 不存在，对列 city 不过滤，直接选择所有非无效值。
Block processing time: 0.012093 seconds
Computing Block 110 out of 560
Processing Block size=4
begin cleaner{left: ("[FunctionalDependency:(s: {brewery_id}, t: {city})]", 0.0), operator: *, right: (1.0, 1.0), result: 0.0}
列 'p' 不存在，对列 city 不过滤，直接选择所有非无效值。
Block processing time: 0.009868 seconds
Computing Block 112 out of 560
Processing Block size=6
begin cleaner{left: ("[FunctionalDependency:(s: {brewery_id}, t: {city})]", 0.0), operator: *, right: (1.0, 1.0), result: 0.0}
列 'p' 不存在，对列 city 不过滤，直接选择所有非无效值。
Block processing time: 0.014398 seconds
Computing Block 113 out of 560
Processing Block size=2
begin cleaner{left: ("[FunctionalDependency:(s: {brewery_id}, t: {city})]", 0.0), operator: *, right: (1.0, 1.0), result: 0.0}
列 'p' 不存在，对列 city 不过滤，直接选择所有非无效值。
Block processing time: 0.005159 seconds
Computing Block 114 out of 560
Processing Block size=4
begin cleaner{left: ("[FunctionalDependency:(s: {brewery_id}, t: {city})]", 0.0), operator: *, right: (1.0, 1.0), result: 0.0}
列 'p' 不存在，对列 city 不过滤，直接选择所有非无效值。
Block processing time: 0.009894 seconds
Computing Block 115 out of 560
Processing Block size=2
begin cleaner{left: ("[FunctionalDependency:(s: {brewery_id}, t: {city})]", 0.0), operator: *, right: (1.0, 1.0), result: 0.0}
列 'p' 不存在，对列 city 不过滤，直接选择所有非无效值。
Block processing time: 0.005245 seconds
Computing Block 116 out of 560
Processing Block size=2
begin cleaner{left: ("[FunctionalDependency:(s: {brewery_id}, t: {city})]", 0.0), operator: *, right: (1.0, 1.0), result: 0.0}
列 'p' 不存在，对列 city 不过滤，直接选择所有非无效值。
Block processing time: 0.005187 seconds
Computing Block 117 out of 560
Processing Block size=6
begin cleaner{left: ("[FunctionalDependency:(s: {brewery_id}, t: {city})]", 0.0), operator: *, right: (1.0, 1.0), result: 0.0}
列 'p' 不存在，对列 city 不过滤，直接选择所有非无效值。
Block processing time: 0.014282 seconds
Computing Block 120 out of 560
Processing Block size=5
begin cleaner{left: ("[FunctionalDependency:(s: {brewery_id}, t: {city})]", 0.0), operator: *, right: (1.0, 1.0), result: 0.0}
列 'p' 不存在，对列 city 不过滤，直接选择所有非无效值。
Block processing time: 0.012081 seconds
Computing Block 122 out of 560
Processing Block size=38
begin cleaner{left: ("[FunctionalDependency:(s: {brewery_id}, t: {city})]", 0.0), operator: *, right: (1.0, 1.0), result: 0.0}
列 'p' 不存在，对列 city 不过滤，直接选择所有非无效值。
Block processing time: 0.087281 seconds
Computing Block 123 out of 560
Processing Block size=6
begin cleaner{left: ("[FunctionalDependency:(s: {brewery_id}, t: {city})]", 0.0), operator: *, right: (1.0, 1.0), result: 0.0}
列 'p' 不存在，对列 city 不过滤，直接选择所有非无效值。
Block processing time: 0.014358 seconds
Computing Block 124 out of 560
Processing Block size=4
begin cleaner{left: ("[FunctionalDependency:(s: {brewery_id}, t: {city})]", 0.0), operator: *, right: (1.0, 1.0), result: 0.0}
列 'p' 不存在，对列 city 不过滤，直接选择所有非无效值。
Block processing time: 0.009796 seconds
Computing Block 125 out of 560
Processing Block size=3
begin cleaner{left: ("[FunctionalDependency:(s: {brewery_id}, t: {city})]", 0.0), operator: *, right: (1.0, 1.0), result: 0.0}
列 'p' 不存在，对列 city 不过滤，直接选择所有非无效值。
Block processing time: 0.007411 seconds
Computing Block 126 out of 560
Processing Block size=6
begin cleaner{left: ("[FunctionalDependency:(s: {brewery_id}, t: {city})]", 0.0), operator: *, right: (1.0, 1.0), result: 0.0}
列 'p' 不存在，对列 city 不过滤，直接选择所有非无效值。
Block processing time: 0.014304 seconds
Computing Block 127 out of 560
Processing Block size=8
begin cleaner{left: ("[FunctionalDependency:(s: {brewery_id}, t: {city})]", 0.0), operator: *, right: (1.0, 1.0), result: 0.0}
列 'p' 不存在，对列 city 不过滤，直接选择所有非无效值。
Block processing time: 0.018934 seconds
Computing Block 128 out of 560
Processing Block size=4
begin cleaner{left: ("[FunctionalDependency:(s: {brewery_id}, t: {city})]", 0.0), operator: *, right: (1.0, 1.0), result: 0.0}
列 'p' 不存在，对列 city 不过滤，直接选择所有非无效值。
Block processing time: 0.009718 seconds
Computing Block 129 out of 560
Processing Block size=4
begin cleaner{left: ("[FunctionalDependency:(s: {brewery_id}, t: {city})]", 0.0), operator: *, right: (1.0, 1.0), result: 0.0}
列 'p' 不存在，对列 city 不过滤，直接选择所有非无效值。
Block processing time: 0.009943 seconds
Computing Block 130 out of 560
Processing Block size=5
begin cleaner{left: ("[FunctionalDependency:(s: {brewery_id}, t: {city})]", 0.0), operator: *, right: (1.0, 1.0), result: 0.0}
列 'p' 不存在，对列 city 不过滤，直接选择所有非无效值。
Block processing time: 0.012106 seconds
Computing Block 131 out of 560
Processing Block size=7
begin cleaner{left: ("[FunctionalDependency:(s: {brewery_id}, t: {city})]", 0.0), operator: *, right: (1.0, 1.0), result: 0.0}
列 'p' 不存在，对列 city 不过滤，直接选择所有非无效值。
Block processing time: 0.016705 seconds
Computing Block 132 out of 560
Processing Block size=3
begin cleaner{left: ("[FunctionalDependency:(s: {brewery_id}, t: {city})]", 0.0), operator: *, right: (1.0, 1.0), result: 0.0}
列 'p' 不存在，对列 city 不过滤，直接选择所有非无效值。
Block processing time: 0.007541 seconds
Computing Block 133 out of 560
Processing Block size=11
begin cleaner{left: ("[FunctionalDependency:(s: {brewery_id}, t: {city})]", 0.0), operator: *, right: (1.0, 1.0), result: 0.0}
列 'p' 不存在，对列 city 不过滤，直接选择所有非无效值。
Block processing time: 0.025735 seconds
Computing Block 134 out of 560
Processing Block size=3
begin cleaner{left: ("[FunctionalDependency:(s: {brewery_id}, t: {city})]", 0.0), operator: *, right: (1.0, 1.0), result: 0.0}
列 'p' 不存在，对列 city 不过滤，直接选择所有非无效值。
Block processing time: 0.007476 seconds
Computing Block 136 out of 560
Processing Block size=5
begin cleaner{left: ("[FunctionalDependency:(s: {brewery_id}, t: {city})]", 0.0), operator: *, right: (1.0, 1.0), result: 0.0}
列 'p' 不存在，对列 city 不过滤，直接选择所有非无效值。
Block processing time: 0.012125 seconds
Computing Block 137 out of 560
Processing Block size=7
begin cleaner{left: ("[FunctionalDependency:(s: {brewery_id}, t: {city})]", 0.0), operator: *, right: (1.0, 1.0), result: 0.0}
列 'p' 不存在，对列 city 不过滤，直接选择所有非无效值。
Block processing time: 0.016635 seconds
Computing Block 138 out of 560
Processing Block size=4
begin cleaner{left: ("[FunctionalDependency:(s: {brewery_id}, t: {city})]", 0.0), operator: *, right: (1.0, 1.0), result: 0.0}
列 'p' 不存在，对列 city 不过滤，直接选择所有非无效值。
Block processing time: 0.010072 seconds
Computing Block 139 out of 560
Processing Block size=3
begin cleaner{left: ("[FunctionalDependency:(s: {brewery_id}, t: {city})]", 0.0), operator: *, right: (1.0, 1.0), result: 0.0}
列 'p' 不存在，对列 city 不过滤，直接选择所有非无效值。
Block processing time: 0.007406 seconds
Computing Block 140 out of 560
Processing Block size=9
begin cleaner{left: ("[FunctionalDependency:(s: {brewery_id}, t: {city})]", 0.0), operator: *, right: (1.0, 1.0), result: 0.0}
列 'p' 不存在，对列 city 不过滤，直接选择所有非无效值。
Block processing time: 0.021193 seconds
Computing Block 141 out of 560
Processing Block size=3
begin cleaner{left: ("[FunctionalDependency:(s: {brewery_id}, t: {city})]", 0.0), operator: *, right: (1.0, 1.0), result: 0.0}
列 'p' 不存在，对列 city 不过滤，直接选择所有非无效值。
Block processing time: 0.007518 seconds
Computing Block 142 out of 560
Processing Block size=2
begin cleaner{left: ("[FunctionalDependency:(s: {brewery_id}, t: {city})]", 0.0), operator: *, right: (1.0, 1.0), result: 0.0}
列 'p' 不存在，对列 city 不过滤，直接选择所有非无效值。
Block processing time: 0.005254 seconds
Computing Block 144 out of 560
Processing Block size=2
begin cleaner{left: ("[FunctionalDependency:(s: {brewery_id}, t: {city})]", 0.0), operator: *, right: (1.0, 1.0), result: 0.0}
列 'p' 不存在，对列 city 不过滤，直接选择所有非无效值。
Block processing time: 0.005164 seconds
Computing Block 145 out of 560
Processing Block size=5
begin cleaner{left: ("[FunctionalDependency:(s: {brewery_id}, t: {city})]", 0.0), operator: *, right: (1.0, 1.0), result: 0.0}
列 'p' 不存在，对列 city 不过滤，直接选择所有非无效值。
Block processing time: 0.012095 seconds
Computing Block 146 out of 560
Processing Block size=20
begin cleaner{left: ("[FunctionalDependency:(s: {brewery_id}, t: {city})]", 0.0), operator: *, right: (1.0, 1.0), result: 0.0}
列 'p' 不存在，对列 city 不过滤，直接选择所有非无效值。
Block processing time: 0.046229 seconds
Computing Block 147 out of 560
Processing Block size=2
begin cleaner{left: ("[FunctionalDependency:(s: {brewery_id}, t: {city})]", 0.0), operator: *, right: (1.0, 1.0), result: 0.0}
列 'p' 不存在，对列 city 不过滤，直接选择所有非无效值。
Block processing time: 0.005257 seconds
Computing Block 150 out of 560
Processing Block size=5
begin cleaner{left: ("[FunctionalDependency:(s: {brewery_id}, t: {city})]", 0.0), operator: *, right: (1.0, 1.0), result: 0.0}
列 'p' 不存在，对列 city 不过滤，直接选择所有非无效值。
Block processing time: 0.012139 seconds
Computing Block 151 out of 560
Processing Block size=5
begin cleaner{left: ("[FunctionalDependency:(s: {brewery_id}, t: {city})]", 0.0), operator: *, right: (1.0, 1.0), result: 0.0}
列 'p' 不存在，对列 city 不过滤，直接选择所有非无效值。
Block processing time: 0.012076 seconds
Computing Block 152 out of 560
Processing Block size=3
begin cleaner{left: ("[FunctionalDependency:(s: {brewery_id}, t: {city})]", 0.0), operator: *, right: (1.0, 1.0), result: 0.0}
列 'p' 不存在，对列 city 不过滤，直接选择所有非无效值。
Block processing time: 0.007543 seconds
Computing Block 154 out of 560
Processing Block size=3
begin cleaner{left: ("[FunctionalDependency:(s: {brewery_id}, t: {city})]", 0.0), operator: *, right: (1.0, 1.0), result: 0.0}
列 'p' 不存在，对列 city 不过滤，直接选择所有非无效值。
Block processing time: 0.007462 seconds
Computing Block 155 out of 560
Processing Block size=6
begin cleaner{left: ("[FunctionalDependency:(s: {brewery_id}, t: {city})]", 0.0), operator: *, right: (1.0, 1.0), result: 0.0}
列 'p' 不存在，对列 city 不过滤，直接选择所有非无效值。
Block processing time: 0.014429 seconds
Computing Block 156 out of 560
Processing Block size=2
begin cleaner{left: ("[FunctionalDependency:(s: {brewery_id}, t: {city})]", 0.0), operator: *, right: (1.0, 1.0), result: 0.0}
列 'p' 不存在，对列 city 不过滤，直接选择所有非无效值。
Block processing time: 0.00522 seconds
Computing Block 157 out of 560
Processing Block size=7
begin cleaner{left: ("[FunctionalDependency:(s: {brewery_id}, t: {city})]", 0.0), operator: *, right: (1.0, 1.0), result: 0.0}
列 'p' 不存在，对列 city 不过滤，直接选择所有非无效值。
Block processing time: 0.016749 seconds
Computing Block 158 out of 560
Processing Block size=7
begin cleaner{left: ("[FunctionalDependency:(s: {brewery_id}, t: {city})]", 0.0), operator: *, right: (1.0, 1.0), result: 0.0}
列 'p' 不存在，对列 city 不过滤，直接选择所有非无效值。
Block processing time: 0.016805 seconds
Computing Block 159 out of 560
Processing Block size=4
begin cleaner{left: ("[FunctionalDependency:(s: {brewery_id}, t: {city})]", 0.0), operator: *, right: (1.0, 1.0), result: 0.0}
列 'p' 不存在，对列 city 不过滤，直接选择所有非无效值。
Block processing time: 0.009895 seconds
Computing Block 160 out of 560
Processing Block size=2
begin cleaner{left: ("[FunctionalDependency:(s: {brewery_id}, t: {city})]", 0.0), operator: *, right: (1.0, 1.0), result: 0.0}
列 'p' 不存在，对列 city 不过滤，直接选择所有非无效值。
Block processing time: 0.00523 seconds
Computing Block 161 out of 560
Processing Block size=4
begin cleaner{left: ("[FunctionalDependency:(s: {brewery_id}, t: {city})]", 0.0), operator: *, right: (1.0, 1.0), result: 0.0}
列 'p' 不存在，对列 city 不过滤，直接选择所有非无效值。
Block processing time: 0.009723 seconds
Computing Block 162 out of 560
Processing Block size=4
begin cleaner{left: ("[FunctionalDependency:(s: {brewery_id}, t: {city})]", 0.0), operator: *, right: (1.0, 1.0), result: 0.0}
列 'p' 不存在，对列 city 不过滤，直接选择所有非无效值。
Block processing time: 0.01002 seconds
Computing Block 163 out of 560
Processing Block size=4
begin cleaner{left: ("[FunctionalDependency:(s: {brewery_id}, t: {city})]", 0.0), operator: *, right: (1.0, 1.0), result: 0.0}
列 'p' 不存在，对列 city 不过滤，直接选择所有非无效值。
Block processing time: 0.009746 seconds
Computing Block 164 out of 560
Processing Block size=4
begin cleaner{left: ("[FunctionalDependency:(s: {brewery_id}, t: {city})]", 0.0), operator: *, right: (1.0, 1.0), result: 0.0}
列 'p' 不存在，对列 city 不过滤，直接选择所有非无效值。
Block processing time: 0.009977 seconds
Computing Block 165 out of 560
Processing Block size=3
begin cleaner{left: ("[FunctionalDependency:(s: {brewery_id}, t: {city})]", 0.0), operator: *, right: (1.0, 1.0), result: 0.0}
列 'p' 不存在，对列 city 不过滤，直接选择所有非无效值。
Block processing time: 0.007551 seconds
Computing Block 166 out of 560
Processing Block size=2
begin cleaner{left: ("[FunctionalDependency:(s: {brewery_id}, t: {city})]", 0.0), operator: *, right: (1.0, 1.0), result: 0.0}
列 'p' 不存在，对列 city 不过滤，直接选择所有非无效值。
Block processing time: 0.005213 seconds
Computing Block 167 out of 560
Processing Block size=3
begin cleaner{left: ("[FunctionalDependency:(s: {brewery_id}, t: {city})]", 0.0), operator: *, right: (1.0, 1.0), result: 0.0}
列 'p' 不存在，对列 city 不过滤，直接选择所有非无效值。
Block processing time: 0.007471 seconds
Computing Block 168 out of 560
Processing Block size=3
begin cleaner{left: ("[FunctionalDependency:(s: {brewery_id}, t: {city})]", 0.0), operator: *, right: (1.0, 1.0), result: 0.0}
列 'p' 不存在，对列 city 不过滤，直接选择所有非无效值。
Block processing time: 0.007504 seconds
Computing Block 172 out of 560
Processing Block size=3
begin cleaner{left: ("[FunctionalDependency:(s: {brewery_id}, t: {city})]", 0.0), operator: *, right: (1.0, 1.0), result: 0.0}
列 'p' 不存在，对列 city 不过滤，直接选择所有非无效值。
Block processing time: 0.007574 seconds
Computing Block 173 out of 560
Processing Block size=6
begin cleaner{left: ("[FunctionalDependency:(s: {brewery_id}, t: {city})]", 0.0), operator: *, right: (1.0, 1.0), result: 0.0}
列 'p' 不存在，对列 city 不过滤，直接选择所有非无效值。
Block processing time: 0.01438 seconds
Computing Block 175 out of 560
Processing Block size=8
begin cleaner{left: ("[FunctionalDependency:(s: {brewery_id}, t: {city})]", 0.0), operator: *, right: (1.0, 1.0), result: 0.0}
列 'p' 不存在，对列 city 不过滤，直接选择所有非无效值。
Block processing time: 0.019071 seconds
Computing Block 178 out of 560
Processing Block size=2
begin cleaner{left: ("[FunctionalDependency:(s: {brewery_id}, t: {city})]", 0.0), operator: *, right: (1.0, 1.0), result: 0.0}
列 'p' 不存在，对列 city 不过滤，直接选择所有非无效值。
Block processing time: 0.005351 seconds
Computing Block 179 out of 560
Processing Block size=5
begin cleaner{left: ("[FunctionalDependency:(s: {brewery_id}, t: {city})]", 0.0), operator: *, right: (1.0, 1.0), result: 0.0}
列 'p' 不存在，对列 city 不过滤，直接选择所有非无效值。
Block processing time: 0.012057 seconds
Computing Block 181 out of 560
Processing Block size=18
begin cleaner{left: ("[FunctionalDependency:(s: {brewery_id}, t: {city})]", 0.0), operator: *, right: (1.0, 1.0), result: 0.0}
列 'p' 不存在，对列 city 不过滤，直接选择所有非无效值。
Block processing time: 0.04216 seconds
Computing Block 183 out of 560
Processing Block size=6
begin cleaner{left: ("[FunctionalDependency:(s: {brewery_id}, t: {city})]", 0.0), operator: *, right: (1.0, 1.0), result: 0.0}
列 'p' 不存在，对列 city 不过滤，直接选择所有非无效值。
Block processing time: 0.014551 seconds
Computing Block 184 out of 560
Processing Block size=2
begin cleaner{left: ("[FunctionalDependency:(s: {brewery_id}, t: {city})]", 0.0), operator: *, right: (1.0, 1.0), result: 0.0}
列 'p' 不存在，对列 city 不过滤，直接选择所有非无效值。
Block processing time: 0.005175 seconds
Computing Block 185 out of 560
Processing Block size=5
begin cleaner{left: ("[FunctionalDependency:(s: {brewery_id}, t: {city})]", 0.0), operator: *, right: (1.0, 1.0), result: 0.0}
列 'p' 不存在，对列 city 不过滤，直接选择所有非无效值。
Block processing time: 0.012284 seconds
Computing Block 186 out of 560
Processing Block size=5
begin cleaner{left: ("[FunctionalDependency:(s: {brewery_id}, t: {city})]", 0.0), operator: *, right: (1.0, 1.0), result: 0.0}
列 'p' 不存在，对列 city 不过滤，直接选择所有非无效值。
Block processing time: 0.012602 seconds
Computing Block 189 out of 560
Processing Block size=9
begin cleaner{left: ("[FunctionalDependency:(s: {brewery_id}, t: {city})]", 0.0), operator: *, right: (1.0, 1.0), result: 0.0}
列 'p' 不存在，对列 city 不过滤，直接选择所有非无效值。
Block processing time: 0.021427 seconds
Computing Block 190 out of 560
Processing Block size=6
begin cleaner{left: ("[FunctionalDependency:(s: {brewery_id}, t: {city})]", 0.0), operator: *, right: (1.0, 1.0), result: 0.0}
列 'p' 不存在，对列 city 不过滤，直接选择所有非无效值。
Block processing time: 0.014323 seconds
Computing Block 191 out of 560
Processing Block size=8
begin cleaner{left: ("[FunctionalDependency:(s: {brewery_id}, t: {city})]", 0.0), operator: *, right: (1.0, 1.0), result: 0.0}
列 'p' 不存在，对列 city 不过滤，直接选择所有非无效值。
Block processing time: 0.018875 seconds
Computing Block 192 out of 560
Processing Block size=2
begin cleaner{left: ("[FunctionalDependency:(s: {brewery_id}, t: {city})]", 0.0), operator: *, right: (1.0, 1.0), result: 0.0}
列 'p' 不存在，对列 city 不过滤，直接选择所有非无效值。
Block processing time: 0.005184 seconds
Computing Block 193 out of 560
Processing Block size=5
begin cleaner{left: ("[FunctionalDependency:(s: {brewery_id}, t: {city})]", 0.0), operator: *, right: (1.0, 1.0), result: 0.0}
列 'p' 不存在，对列 city 不过滤，直接选择所有非无效值。
Block processing time: 0.012058 seconds
Computing Block 194 out of 560
Processing Block size=5
begin cleaner{left: ("[FunctionalDependency:(s: {brewery_id}, t: {city})]", 0.0), operator: *, right: (1.0, 1.0), result: 0.0}
列 'p' 不存在，对列 city 不过滤，直接选择所有非无效值。
Block processing time: 0.012019 seconds
Computing Block 197 out of 560
Processing Block size=3
begin cleaner{left: ("[FunctionalDependency:(s: {brewery_id}, t: {city})]", 0.0), operator: *, right: (1.0, 1.0), result: 0.0}
列 'p' 不存在，对列 city 不过滤，直接选择所有非无效值。
Block processing time: 0.007557 seconds
Computing Block 198 out of 560
Processing Block size=6
begin cleaner{left: ("[FunctionalDependency:(s: {brewery_id}, t: {city})]", 0.0), operator: *, right: (1.0, 1.0), result: 0.0}
列 'p' 不存在，对列 city 不过滤，直接选择所有非无效值。
Block processing time: 0.014372 seconds
Computing Block 200 out of 560
Processing Block size=4
begin cleaner{left: ("[FunctionalDependency:(s: {brewery_id}, t: {city})]", 0.0), operator: *, right: (1.0, 1.0), result: 0.0}
列 'p' 不存在，对列 city 不过滤，直接选择所有非无效值。
Block processing time: 0.009772 seconds
Computing Block 203 out of 560
Processing Block size=3
begin cleaner{left: ("[FunctionalDependency:(s: {brewery_id}, t: {city})]", 0.0), operator: *, right: (1.0, 1.0), result: 0.0}
列 'p' 不存在，对列 city 不过滤，直接选择所有非无效值。
Block processing time: 0.007554 seconds
Computing Block 205 out of 560
Processing Block size=3
begin cleaner{left: ("[FunctionalDependency:(s: {brewery_id}, t: {city})]", 0.0), operator: *, right: (1.0, 1.0), result: 0.0}
列 'p' 不存在，对列 city 不过滤，直接选择所有非无效值。
Block processing time: 0.007531 seconds
Computing Block 206 out of 560
Processing Block size=3
begin cleaner{left: ("[FunctionalDependency:(s: {brewery_id}, t: {city})]", 0.0), operator: *, right: (1.0, 1.0), result: 0.0}
列 'p' 不存在，对列 city 不过滤，直接选择所有非无效值。
Block processing time: 0.007536 seconds
Computing Block 208 out of 560
Processing Block size=7
begin cleaner{left: ("[FunctionalDependency:(s: {brewery_id}, t: {city})]", 0.0), operator: *, right: (1.0, 1.0), result: 0.0}
列 'p' 不存在，对列 city 不过滤，直接选择所有非无效值。
Block processing time: 0.016648 seconds
Computing Block 209 out of 560
Processing Block size=3
begin cleaner{left: ("[FunctionalDependency:(s: {brewery_id}, t: {city})]", 0.0), operator: *, right: (1.0, 1.0), result: 0.0}
列 'p' 不存在，对列 city 不过滤，直接选择所有非无效值。
Block processing time: 0.007459 seconds
Computing Block 211 out of 560
Processing Block size=2
begin cleaner{left: ("[FunctionalDependency:(s: {brewery_id}, t: {city})]", 0.0), operator: *, right: (1.0, 1.0), result: 0.0}
列 'p' 不存在，对列 city 不过滤，直接选择所有非无效值。
Block processing time: 0.005291 seconds
Computing Block 213 out of 560
Processing Block size=4
begin cleaner{left: ("[FunctionalDependency:(s: {brewery_id}, t: {city})]", 0.0), operator: *, right: (1.0, 1.0), result: 0.0}
列 'p' 不存在，对列 city 不过滤，直接选择所有非无效值。
Block processing time: 0.009942 seconds
Computing Block 214 out of 560
Processing Block size=9
begin cleaner{left: ("[FunctionalDependency:(s: {brewery_id}, t: {city})]", 0.0), operator: *, right: (1.0, 1.0), result: 0.0}
列 'p' 不存在，对列 city 不过滤，直接选择所有非无效值。
Block processing time: 0.021798 seconds
Computing Block 215 out of 560
Processing Block size=2
begin cleaner{left: ("[FunctionalDependency:(s: {brewery_id}, t: {city})]", 0.0), operator: *, right: (1.0, 1.0), result: 0.0}
列 'p' 不存在，对列 city 不过滤，直接选择所有非无效值。
Block processing time: 0.00519 seconds
Computing Block 216 out of 560
Processing Block size=2
begin cleaner{left: ("[FunctionalDependency:(s: {brewery_id}, t: {city})]", 0.0), operator: *, right: (1.0, 1.0), result: 0.0}
列 'p' 不存在，对列 city 不过滤，直接选择所有非无效值。
Block processing time: 0.005288 seconds
Computing Block 217 out of 560
Processing Block size=2
begin cleaner{left: ("[FunctionalDependency:(s: {brewery_id}, t: {city})]", 0.0), operator: *, right: (1.0, 1.0), result: 0.0}
列 'p' 不存在，对列 city 不过滤，直接选择所有非无效值。
Block processing time: 0.005252 seconds
Computing Block 218 out of 560
Processing Block size=2
begin cleaner{left: ("[FunctionalDependency:(s: {brewery_id}, t: {city})]", 0.0), operator: *, right: (1.0, 1.0), result: 0.0}
列 'p' 不存在，对列 city 不过滤，直接选择所有非无效值。
Block processing time: 0.005235 seconds
Computing Block 219 out of 560
Processing Block size=11
begin cleaner{left: ("[FunctionalDependency:(s: {brewery_id}, t: {city})]", 0.0), operator: *, right: (1.0, 1.0), result: 0.0}
列 'p' 不存在，对列 city 不过滤，直接选择所有非无效值。
Block processing time: 0.026139 seconds
Computing Block 220 out of 560
Processing Block size=3
begin cleaner{left: ("[FunctionalDependency:(s: {brewery_id}, t: {city})]", 0.0), operator: *, right: (1.0, 1.0), result: 0.0}
列 'p' 不存在，对列 city 不过滤，直接选择所有非无效值。
Block processing time: 0.007609 seconds
Computing Block 221 out of 560
Processing Block size=8
begin cleaner{left: ("[FunctionalDependency:(s: {brewery_id}, t: {city})]", 0.0), operator: *, right: (1.0, 1.0), result: 0.0}
列 'p' 不存在，对列 city 不过滤，直接选择所有非无效值。
Block processing time: 0.019401 seconds
Computing Block 222 out of 560
Processing Block size=13
begin cleaner{left: ("[FunctionalDependency:(s: {brewery_id}, t: {city})]", 0.0), operator: *, right: (1.0, 1.0), result: 0.0}
列 'p' 不存在，对列 city 不过滤，直接选择所有非无效值。
Block processing time: 0.030782 seconds
Computing Block 223 out of 560
Processing Block size=2
begin cleaner{left: ("[FunctionalDependency:(s: {brewery_id}, t: {city})]", 0.0), operator: *, right: (1.0, 1.0), result: 0.0}
列 'p' 不存在，对列 city 不过滤，直接选择所有非无效值。
Block processing time: 0.005589 seconds
Computing Block 224 out of 560
Processing Block size=2
begin cleaner{left: ("[FunctionalDependency:(s: {brewery_id}, t: {city})]", 0.0), operator: *, right: (1.0, 1.0), result: 0.0}
列 'p' 不存在，对列 city 不过滤，直接选择所有非无效值。
Block processing time: 0.005239 seconds
Computing Block 226 out of 560
Processing Block size=2
begin cleaner{left: ("[FunctionalDependency:(s: {brewery_id}, t: {city})]", 0.0), operator: *, right: (1.0, 1.0), result: 0.0}
列 'p' 不存在，对列 city 不过滤，直接选择所有非无效值。
Block processing time: 0.005255 seconds
Computing Block 227 out of 560
Processing Block size=2
begin cleaner{left: ("[FunctionalDependency:(s: {brewery_id}, t: {city})]", 0.0), operator: *, right: (1.0, 1.0), result: 0.0}
列 'p' 不存在，对列 city 不过滤，直接选择所有非无效值。
Block processing time: 0.005189 seconds
Computing Block 228 out of 560
Processing Block size=9
begin cleaner{left: ("[FunctionalDependency:(s: {brewery_id}, t: {city})]", 0.0), operator: *, right: (1.0, 1.0), result: 0.0}
列 'p' 不存在，对列 city 不过滤，直接选择所有非无效值。
Block processing time: 0.021817 seconds
Computing Block 229 out of 560
Processing Block size=3
begin cleaner{left: ("[FunctionalDependency:(s: {brewery_id}, t: {city})]", 0.0), operator: *, right: (1.0, 1.0), result: 0.0}
列 'p' 不存在，对列 city 不过滤，直接选择所有非无效值。
Block processing time: 0.007596 seconds
Computing Block 230 out of 560
Processing Block size=3
begin cleaner{left: ("[FunctionalDependency:(s: {brewery_id}, t: {city})]", 0.0), operator: *, right: (1.0, 1.0), result: 0.0}
列 'p' 不存在，对列 city 不过滤，直接选择所有非无效值。
Block processing time: 0.007579 seconds
Computing Block 231 out of 560
Processing Block size=10
begin cleaner{left: ("[FunctionalDependency:(s: {brewery_id}, t: {city})]", 0.0), operator: *, right: (1.0, 1.0), result: 0.0}
列 'p' 不存在，对列 city 不过滤，直接选择所有非无效值。
Block processing time: 0.030625 seconds
Computing Block 232 out of 560
Processing Block size=2
begin cleaner{left: ("[FunctionalDependency:(s: {brewery_id}, t: {city})]", 0.0), operator: *, right: (1.0, 1.0), result: 0.0}
列 'p' 不存在，对列 city 不过滤，直接选择所有非无效值。
Block processing time: 0.008592 seconds
Computing Block 234 out of 560
Processing Block size=13
begin cleaner{left: ("[FunctionalDependency:(s: {brewery_id}, t: {city})]", 0.0), operator: *, right: (1.0, 1.0), result: 0.0}
列 'p' 不存在，对列 city 不过滤，直接选择所有非无效值。
Block processing time: 0.041221 seconds
Computing Block 236 out of 560
Processing Block size=2
begin cleaner{left: ("[FunctionalDependency:(s: {brewery_id}, t: {city})]", 0.0), operator: *, right: (1.0, 1.0), result: 0.0}
列 'p' 不存在，对列 city 不过滤，直接选择所有非无效值。
Block processing time: 0.005477 seconds
Computing Block 237 out of 560
Processing Block size=2
begin cleaner{left: ("[FunctionalDependency:(s: {brewery_id}, t: {city})]", 0.0), operator: *, right: (1.0, 1.0), result: 0.0}
列 'p' 不存在，对列 city 不过滤，直接选择所有非无效值。
Block processing time: 0.005265 seconds
Computing Block 238 out of 560
Processing Block size=4
begin cleaner{left: ("[FunctionalDependency:(s: {brewery_id}, t: {city})]", 0.0), operator: *, right: (1.0, 1.0), result: 0.0}
列 'p' 不存在，对列 city 不过滤，直接选择所有非无效值。
Block processing time: 0.0099 seconds
Computing Block 239 out of 560
Processing Block size=2
begin cleaner{left: ("[FunctionalDependency:(s: {brewery_id}, t: {city})]", 0.0), operator: *, right: (1.0, 1.0), result: 0.0}
列 'p' 不存在，对列 city 不过滤，直接选择所有非无效值。
Block processing time: 0.00522 seconds
Computing Block 240 out of 560
Processing Block size=14
begin cleaner{left: ("[FunctionalDependency:(s: {brewery_id}, t: {city})]", 0.0), operator: *, right: (1.0, 1.0), result: 0.0}
列 'p' 不存在，对列 city 不过滤，直接选择所有非无效值。
Block processing time: 0.032885 seconds
Computing Block 241 out of 560
Processing Block size=3
begin cleaner{left: ("[FunctionalDependency:(s: {brewery_id}, t: {city})]", 0.0), operator: *, right: (1.0, 1.0), result: 0.0}
列 'p' 不存在，对列 city 不过滤，直接选择所有非无效值。
Block processing time: 0.007636 seconds
Computing Block 242 out of 560
Processing Block size=5
begin cleaner{left: ("[FunctionalDependency:(s: {brewery_id}, t: {city})]", 0.0), operator: *, right: (1.0, 1.0), result: 0.0}
列 'p' 不存在，对列 city 不过滤，直接选择所有非无效值。
Block processing time: 0.012295 seconds
Computing Block 245 out of 560
Processing Block size=4
begin cleaner{left: ("[FunctionalDependency:(s: {brewery_id}, t: {city})]", 0.0), operator: *, right: (1.0, 1.0), result: 0.0}
列 'p' 不存在，对列 city 不过滤，直接选择所有非无效值。
Block processing time: 0.00994 seconds
Computing Block 246 out of 560
Processing Block size=4
begin cleaner{left: ("[FunctionalDependency:(s: {brewery_id}, t: {city})]", 0.0), operator: *, right: (1.0, 1.0), result: 0.0}
列 'p' 不存在，对列 city 不过滤，直接选择所有非无效值。
Block processing time: 0.009933 seconds
Computing Block 247 out of 560
Processing Block size=2
begin cleaner{left: ("[FunctionalDependency:(s: {brewery_id}, t: {city})]", 0.0), operator: *, right: (1.0, 1.0), result: 0.0}
列 'p' 不存在，对列 city 不过滤，直接选择所有非无效值。
Block processing time: 0.005255 seconds
Computing Block 248 out of 560
Processing Block size=3
begin cleaner{left: ("[FunctionalDependency:(s: {brewery_id}, t: {city})]", 0.0), operator: *, right: (1.0, 1.0), result: 0.0}
列 'p' 不存在，对列 city 不过滤，直接选择所有非无效值。
Block processing time: 0.007599 seconds
Computing Block 251 out of 560
Processing Block size=4
begin cleaner{left: ("[FunctionalDependency:(s: {brewery_id}, t: {city})]", 0.0), operator: *, right: (1.0, 1.0), result: 0.0}
列 'p' 不存在，对列 city 不过滤，直接选择所有非无效值。
Block processing time: 0.010095 seconds
Computing Block 252 out of 560
Processing Block size=2
begin cleaner{left: ("[FunctionalDependency:(s: {brewery_id}, t: {city})]", 0.0), operator: *, right: (1.0, 1.0), result: 0.0}
列 'p' 不存在，对列 city 不过滤，直接选择所有非无效值。
Block processing time: 0.005268 seconds
Computing Block 253 out of 560
Processing Block size=9
begin cleaner{left: ("[FunctionalDependency:(s: {brewery_id}, t: {city})]", 0.0), operator: *, right: (1.0, 1.0), result: 0.0}
列 'p' 不存在，对列 city 不过滤，直接选择所有非无效值。
Block processing time: 0.021296 seconds
Computing Block 254 out of 560
Processing Block size=2
begin cleaner{left: ("[FunctionalDependency:(s: {brewery_id}, t: {city})]", 0.0), operator: *, right: (1.0, 1.0), result: 0.0}
列 'p' 不存在，对列 city 不过滤，直接选择所有非无效值。
Block processing time: 0.005254 seconds
Computing Block 255 out of 560
Processing Block size=4
begin cleaner{left: ("[FunctionalDependency:(s: {brewery_id}, t: {city})]", 0.0), operator: *, right: (1.0, 1.0), result: 0.0}
列 'p' 不存在，对列 city 不过滤，直接选择所有非无效值。
Block processing time: 0.009933 seconds
Computing Block 256 out of 560
Processing Block size=4
begin cleaner{left: ("[FunctionalDependency:(s: {brewery_id}, t: {city})]", 0.0), operator: *, right: (1.0, 1.0), result: 0.0}
列 'p' 不存在，对列 city 不过滤，直接选择所有非无效值。
Block processing time: 0.009951 seconds
Computing Block 257 out of 560
Processing Block size=10
begin cleaner{left: ("[FunctionalDependency:(s: {brewery_id}, t: {city})]", 0.0), operator: *, right: (1.0, 1.0), result: 0.0}
列 'p' 不存在，对列 city 不过滤，直接选择所有非无效值。
Block processing time: 0.023677 seconds
Computing Block 259 out of 560
Processing Block size=2
begin cleaner{left: ("[FunctionalDependency:(s: {brewery_id}, t: {city})]", 0.0), operator: *, right: (1.0, 1.0), result: 0.0}
列 'p' 不存在，对列 city 不过滤，直接选择所有非无效值。
Block processing time: 0.005315 seconds
Computing Block 261 out of 560
Processing Block size=7
begin cleaner{left: ("[FunctionalDependency:(s: {brewery_id}, t: {city})]", 0.0), operator: *, right: (1.0, 1.0), result: 0.0}
列 'p' 不存在，对列 city 不过滤，直接选择所有非无效值。
Block processing time: 0.016846 seconds
Computing Block 262 out of 560
Processing Block size=7
begin cleaner{left: ("[FunctionalDependency:(s: {brewery_id}, t: {city})]", 0.0), operator: *, right: (1.0, 1.0), result: 0.0}
列 'p' 不存在，对列 city 不过滤，直接选择所有非无效值。
Block processing time: 0.016727 seconds
Computing Block 267 out of 560
Processing Block size=3
begin cleaner{left: ("[FunctionalDependency:(s: {brewery_id}, t: {city})]", 0.0), operator: *, right: (1.0, 1.0), result: 0.0}
列 'p' 不存在，对列 city 不过滤，直接选择所有非无效值。
Block processing time: 0.007654 seconds
Computing Block 268 out of 560
Processing Block size=4
begin cleaner{left: ("[FunctionalDependency:(s: {brewery_id}, t: {city})]", 0.0), operator: *, right: (1.0, 1.0), result: 0.0}
列 'p' 不存在，对列 city 不过滤，直接选择所有非无效值。
Block processing time: 0.009863 seconds
Computing Block 270 out of 560
Processing Block size=3
begin cleaner{left: ("[FunctionalDependency:(s: {brewery_id}, t: {city})]", 0.0), operator: *, right: (1.0, 1.0), result: 0.0}
列 'p' 不存在，对列 city 不过滤，直接选择所有非无效值。
Block processing time: 0.007593 seconds
Computing Block 271 out of 560
Processing Block size=2
begin cleaner{left: ("[FunctionalDependency:(s: {brewery_id}, t: {city})]", 0.0), operator: *, right: (1.0, 1.0), result: 0.0}
列 'p' 不存在，对列 city 不过滤，直接选择所有非无效值。
Block processing time: 0.005243 seconds
Computing Block 272 out of 560
Processing Block size=2
begin cleaner{left: ("[FunctionalDependency:(s: {brewery_id}, t: {city})]", 0.0), operator: *, right: (1.0, 1.0), result: 0.0}
列 'p' 不存在，对列 city 不过滤，直接选择所有非无效值。
Block processing time: 0.005158 seconds
Computing Block 274 out of 560
Processing Block size=2
begin cleaner{left: ("[FunctionalDependency:(s: {brewery_id}, t: {city})]", 0.0), operator: *, right: (1.0, 1.0), result: 0.0}
列 'p' 不存在，对列 city 不过滤，直接选择所有非无效值。
Block processing time: 0.005116 seconds
Computing Block 275 out of 560
Processing Block size=2
begin cleaner{left: ("[FunctionalDependency:(s: {brewery_id}, t: {city})]", 0.0), operator: *, right: (1.0, 1.0), result: 0.0}
列 'p' 不存在，对列 city 不过滤，直接选择所有非无效值。
Block processing time: 0.005209 seconds
Computing Block 277 out of 560
Processing Block size=2
begin cleaner{left: ("[FunctionalDependency:(s: {brewery_id}, t: {city})]", 0.0), operator: *, right: (1.0, 1.0), result: 0.0}
列 'p' 不存在，对列 city 不过滤，直接选择所有非无效值。
Block processing time: 0.005256 seconds
Computing Block 279 out of 560
Processing Block size=2
begin cleaner{left: ("[FunctionalDependency:(s: {brewery_id}, t: {city})]", 0.0), operator: *, right: (1.0, 1.0), result: 0.0}
列 'p' 不存在，对列 city 不过滤，直接选择所有非无效值。
Block processing time: 0.005223 seconds
Computing Block 280 out of 560
Processing Block size=32
begin cleaner{left: ("[FunctionalDependency:(s: {brewery_id}, t: {city})]", 0.0), operator: *, right: (1.0, 1.0), result: 0.0}
列 'p' 不存在，对列 city 不过滤，直接选择所有非无效值。
Block processing time: 0.074384 seconds
Computing Block 281 out of 560
Processing Block size=4
begin cleaner{left: ("[FunctionalDependency:(s: {brewery_id}, t: {city})]", 0.0), operator: *, right: (1.0, 1.0), result: 0.0}
列 'p' 不存在，对列 city 不过滤，直接选择所有非无效值。
Block processing time: 0.009981 seconds
Computing Block 282 out of 560
Processing Block size=5
begin cleaner{left: ("[FunctionalDependency:(s: {brewery_id}, t: {city})]", 0.0), operator: *, right: (1.0, 1.0), result: 0.0}
列 'p' 不存在，对列 city 不过滤，直接选择所有非无效值。
Block processing time: 0.01202 seconds
Computing Block 283 out of 560
Processing Block size=5
begin cleaner{left: ("[FunctionalDependency:(s: {brewery_id}, t: {city})]", 0.0), operator: *, right: (1.0, 1.0), result: 0.0}
列 'p' 不存在，对列 city 不过滤，直接选择所有非无效值。
Block processing time: 0.012308 seconds
Computing Block 284 out of 560
Processing Block size=3
begin cleaner{left: ("[FunctionalDependency:(s: {brewery_id}, t: {city})]", 0.0), operator: *, right: (1.0, 1.0), result: 0.0}
列 'p' 不存在，对列 city 不过滤，直接选择所有非无效值。
Block processing time: 0.007425 seconds
Computing Block 285 out of 560
Processing Block size=3
begin cleaner{left: ("[FunctionalDependency:(s: {brewery_id}, t: {city})]", 0.0), operator: *, right: (1.0, 1.0), result: 0.0}
列 'p' 不存在，对列 city 不过滤，直接选择所有非无效值。
Block processing time: 0.007545 seconds
Computing Block 286 out of 560
Processing Block size=5
begin cleaner{left: ("[FunctionalDependency:(s: {brewery_id}, t: {city})]", 0.0), operator: *, right: (1.0, 1.0), result: 0.0}
列 'p' 不存在，对列 city 不过滤，直接选择所有非无效值。
Block processing time: 0.012108 seconds
Computing Block 287 out of 560
Processing Block size=3
begin cleaner{left: ("[FunctionalDependency:(s: {brewery_id}, t: {city})]", 0.0), operator: *, right: (1.0, 1.0), result: 0.0}
列 'p' 不存在，对列 city 不过滤，直接选择所有非无效值。
Block processing time: 0.007554 seconds
Computing Block 288 out of 560
Processing Block size=14
begin cleaner{left: ("[FunctionalDependency:(s: {brewery_id}, t: {city})]", 0.0), operator: *, right: (1.0, 1.0), result: 0.0}
列 'p' 不存在，对列 city 不过滤，直接选择所有非无效值。
Block processing time: 0.03247 seconds
Computing Block 290 out of 560
Processing Block size=2
begin cleaner{left: ("[FunctionalDependency:(s: {brewery_id}, t: {city})]", 0.0), operator: *, right: (1.0, 1.0), result: 0.0}
列 'p' 不存在，对列 city 不过滤，直接选择所有非无效值。
Block processing time: 0.005226 seconds
Computing Block 291 out of 560
Processing Block size=2
begin cleaner{left: ("[FunctionalDependency:(s: {brewery_id}, t: {city})]", 0.0), operator: *, right: (1.0, 1.0), result: 0.0}
列 'p' 不存在，对列 city 不过滤，直接选择所有非无效值。
Block processing time: 0.005149 seconds
Computing Block 292 out of 560
Processing Block size=4
begin cleaner{left: ("[FunctionalDependency:(s: {brewery_id}, t: {city})]", 0.0), operator: *, right: (1.0, 1.0), result: 0.0}
列 'p' 不存在，对列 city 不过滤，直接选择所有非无效值。
Block processing time: 0.009785 seconds
Computing Block 294 out of 560
Processing Block size=2
begin cleaner{left: ("[FunctionalDependency:(s: {brewery_id}, t: {city})]", 0.0), operator: *, right: (1.0, 1.0), result: 0.0}
列 'p' 不存在，对列 city 不过滤，直接选择所有非无效值。
Block processing time: 0.005249 seconds
Computing Block 295 out of 560
Processing Block size=6
begin cleaner{left: ("[FunctionalDependency:(s: {brewery_id}, t: {city})]", 0.0), operator: *, right: (1.0, 1.0), result: 0.0}
列 'p' 不存在，对列 city 不过滤，直接选择所有非无效值。
Block processing time: 0.014355 seconds
Computing Block 296 out of 560
Processing Block size=4
begin cleaner{left: ("[FunctionalDependency:(s: {brewery_id}, t: {city})]", 0.0), operator: *, right: (1.0, 1.0), result: 0.0}
列 'p' 不存在，对列 city 不过滤，直接选择所有非无效值。
Block processing time: 0.009735 seconds
Computing Block 297 out of 560
Processing Block size=3
begin cleaner{left: ("[FunctionalDependency:(s: {brewery_id}, t: {city})]", 0.0), operator: *, right: (1.0, 1.0), result: 0.0}
列 'p' 不存在，对列 city 不过滤，直接选择所有非无效值。
Block processing time: 0.007554 seconds
Computing Block 299 out of 560
Processing Block size=9
begin cleaner{left: ("[FunctionalDependency:(s: {brewery_id}, t: {city})]", 0.0), operator: *, right: (1.0, 1.0), result: 0.0}
列 'p' 不存在，对列 city 不过滤，直接选择所有非无效值。
Block processing time: 0.021186 seconds
Computing Block 301 out of 560
Processing Block size=5
begin cleaner{left: ("[FunctionalDependency:(s: {brewery_id}, t: {city})]", 0.0), operator: *, right: (1.0, 1.0), result: 0.0}
列 'p' 不存在，对列 city 不过滤，直接选择所有非无效值。
Block processing time: 0.012083 seconds
Computing Block 303 out of 560
Processing Block size=5
begin cleaner{left: ("[FunctionalDependency:(s: {brewery_id}, t: {city})]", 0.0), operator: *, right: (1.0, 1.0), result: 0.0}
列 'p' 不存在，对列 city 不过滤，直接选择所有非无效值。
Block processing time: 0.012101 seconds
Computing Block 304 out of 560
Processing Block size=9
begin cleaner{left: ("[FunctionalDependency:(s: {brewery_id}, t: {city})]", 0.0), operator: *, right: (1.0, 1.0), result: 0.0}
列 'p' 不存在，对列 city 不过滤，直接选择所有非无效值。
Block processing time: 0.021125 seconds
Computing Block 306 out of 560
Processing Block size=3
begin cleaner{left: ("[FunctionalDependency:(s: {brewery_id}, t: {city})]", 0.0), operator: *, right: (1.0, 1.0), result: 0.0}
列 'p' 不存在，对列 city 不过滤，直接选择所有非无效值。
Block processing time: 0.007437 seconds
Computing Block 307 out of 560
Processing Block size=7
begin cleaner{left: ("[FunctionalDependency:(s: {brewery_id}, t: {city})]", 0.0), operator: *, right: (1.0, 1.0), result: 0.0}
列 'p' 不存在，对列 city 不过滤，直接选择所有非无效值。
Block processing time: 0.016669 seconds
Computing Block 308 out of 560
Processing Block size=8
begin cleaner{left: ("[FunctionalDependency:(s: {brewery_id}, t: {city})]", 0.0), operator: *, right: (1.0, 1.0), result: 0.0}
列 'p' 不存在，对列 city 不过滤，直接选择所有非无效值。
Block processing time: 0.018852 seconds
Computing Block 309 out of 560
Processing Block size=3
begin cleaner{left: ("[FunctionalDependency:(s: {brewery_id}, t: {city})]", 0.0), operator: *, right: (1.0, 1.0), result: 0.0}
列 'p' 不存在，对列 city 不过滤，直接选择所有非无效值。
Block processing time: 0.007538 seconds
Computing Block 310 out of 560
Processing Block size=4
begin cleaner{left: ("[FunctionalDependency:(s: {brewery_id}, t: {city})]", 0.0), operator: *, right: (1.0, 1.0), result: 0.0}
列 'p' 不存在，对列 city 不过滤，直接选择所有非无效值。
Block processing time: 0.009845 seconds
Computing Block 313 out of 560
Processing Block size=3
begin cleaner{left: ("[FunctionalDependency:(s: {brewery_id}, t: {city})]", 0.0), operator: *, right: (1.0, 1.0), result: 0.0}
列 'p' 不存在，对列 city 不过滤，直接选择所有非无效值。
Block processing time: 0.007497 seconds
Computing Block 314 out of 560
Processing Block size=4
begin cleaner{left: ("[FunctionalDependency:(s: {brewery_id}, t: {city})]", 0.0), operator: *, right: (1.0, 1.0), result: 0.0}
列 'p' 不存在，对列 city 不过滤，直接选择所有非无效值。
Block processing time: 0.010003 seconds
Computing Block 315 out of 560
Processing Block size=4
begin cleaner{left: ("[FunctionalDependency:(s: {brewery_id}, t: {city})]", 0.0), operator: *, right: (1.0, 1.0), result: 0.0}
列 'p' 不存在，对列 city 不过滤，直接选择所有非无效值。
Block processing time: 0.0098 seconds
Computing Block 316 out of 560
Processing Block size=4
begin cleaner{left: ("[FunctionalDependency:(s: {brewery_id}, t: {city})]", 0.0), operator: *, right: (1.0, 1.0), result: 0.0}
列 'p' 不存在，对列 city 不过滤，直接选择所有非无效值。
Block processing time: 0.00982 seconds
Computing Block 317 out of 560
Processing Block size=3
begin cleaner{left: ("[FunctionalDependency:(s: {brewery_id}, t: {city})]", 0.0), operator: *, right: (1.0, 1.0), result: 0.0}
列 'p' 不存在，对列 city 不过滤，直接选择所有非无效值。
Block processing time: 0.007509 seconds
Computing Block 318 out of 560
Processing Block size=6
begin cleaner{left: ("[FunctionalDependency:(s: {brewery_id}, t: {city})]", 0.0), operator: *, right: (1.0, 1.0), result: 0.0}
列 'p' 不存在，对列 city 不过滤，直接选择所有非无效值。
Block processing time: 0.014378 seconds
Computing Block 319 out of 560
Processing Block size=4
begin cleaner{left: ("[FunctionalDependency:(s: {brewery_id}, t: {city})]", 0.0), operator: *, right: (1.0, 1.0), result: 0.0}
列 'p' 不存在，对列 city 不过滤，直接选择所有非无效值。
Block processing time: 0.009765 seconds
Computing Block 320 out of 560
Processing Block size=13
begin cleaner{left: ("[FunctionalDependency:(s: {brewery_id}, t: {city})]", 0.0), operator: *, right: (1.0, 1.0), result: 0.0}
列 'p' 不存在，对列 city 不过滤，直接选择所有非无效值。
Block processing time: 0.030282 seconds
Computing Block 321 out of 560
Processing Block size=2
begin cleaner{left: ("[FunctionalDependency:(s: {brewery_id}, t: {city})]", 0.0), operator: *, right: (1.0, 1.0), result: 0.0}
列 'p' 不存在，对列 city 不过滤，直接选择所有非无效值。
Block processing time: 0.005196 seconds
Computing Block 322 out of 560
Processing Block size=3
begin cleaner{left: ("[FunctionalDependency:(s: {brewery_id}, t: {city})]", 0.0), operator: *, right: (1.0, 1.0), result: 0.0}
列 'p' 不存在，对列 city 不过滤，直接选择所有非无效值。
Block processing time: 0.007543 seconds
Computing Block 324 out of 560
Processing Block size=4
begin cleaner{left: ("[FunctionalDependency:(s: {brewery_id}, t: {city})]", 0.0), operator: *, right: (1.0, 1.0), result: 0.0}
列 'p' 不存在，对列 city 不过滤，直接选择所有非无效值。
Block processing time: 0.009821 seconds
Computing Block 325 out of 560
Processing Block size=3
begin cleaner{left: ("[FunctionalDependency:(s: {brewery_id}, t: {city})]", 0.0), operator: *, right: (1.0, 1.0), result: 0.0}
列 'p' 不存在，对列 city 不过滤，直接选择所有非无效值。
Block processing time: 0.007515 seconds
Computing Block 328 out of 560
Processing Block size=5
begin cleaner{left: ("[FunctionalDependency:(s: {brewery_id}, t: {city})]", 0.0), operator: *, right: (1.0, 1.0), result: 0.0}
列 'p' 不存在，对列 city 不过滤，直接选择所有非无效值。
Block processing time: 0.012071 seconds
Computing Block 329 out of 560
Processing Block size=2
begin cleaner{left: ("[FunctionalDependency:(s: {brewery_id}, t: {city})]", 0.0), operator: *, right: (1.0, 1.0), result: 0.0}
列 'p' 不存在，对列 city 不过滤，直接选择所有非无效值。
Block processing time: 0.005159 seconds
Computing Block 330 out of 560
Processing Block size=6
begin cleaner{left: ("[FunctionalDependency:(s: {brewery_id}, t: {city})]", 0.0), operator: *, right: (1.0, 1.0), result: 0.0}
列 'p' 不存在，对列 city 不过滤，直接选择所有非无效值。
Block processing time: 0.014313 seconds
Computing Block 331 out of 560
Processing Block size=8
begin cleaner{left: ("[FunctionalDependency:(s: {brewery_id}, t: {city})]", 0.0), operator: *, right: (1.0, 1.0), result: 0.0}
列 'p' 不存在，对列 city 不过滤，直接选择所有非无效值。
Block processing time: 0.018761 seconds
Computing Block 332 out of 560
Processing Block size=2
begin cleaner{left: ("[FunctionalDependency:(s: {brewery_id}, t: {city})]", 0.0), operator: *, right: (1.0, 1.0), result: 0.0}
列 'p' 不存在，对列 city 不过滤，直接选择所有非无效值。
Block processing time: 0.005222 seconds
Computing Block 333 out of 560
Processing Block size=6
begin cleaner{left: ("[FunctionalDependency:(s: {brewery_id}, t: {city})]", 0.0), operator: *, right: (1.0, 1.0), result: 0.0}
列 'p' 不存在，对列 city 不过滤，直接选择所有非无效值。
Block processing time: 0.014359 seconds
Computing Block 336 out of 560
Processing Block size=2
begin cleaner{left: ("[FunctionalDependency:(s: {brewery_id}, t: {city})]", 0.0), operator: *, right: (1.0, 1.0), result: 0.0}
列 'p' 不存在，对列 city 不过滤，直接选择所有非无效值。
Block processing time: 0.005336 seconds
Computing Block 338 out of 560
Processing Block size=12
begin cleaner{left: ("[FunctionalDependency:(s: {brewery_id}, t: {city})]", 0.0), operator: *, right: (1.0, 1.0), result: 0.0}
列 'p' 不存在，对列 city 不过滤，直接选择所有非无效值。
Block processing time: 0.028324 seconds
Computing Block 339 out of 560
Processing Block size=9
begin cleaner{left: ("[FunctionalDependency:(s: {brewery_id}, t: {city})]", 0.0), operator: *, right: (1.0, 1.0), result: 0.0}
列 'p' 不存在，对列 city 不过滤，直接选择所有非无效值。
Block processing time: 0.021462 seconds
Computing Block 341 out of 560
Processing Block size=15
begin cleaner{left: ("[FunctionalDependency:(s: {brewery_id}, t: {city})]", 0.0), operator: *, right: (1.0, 1.0), result: 0.0}
列 'p' 不存在，对列 city 不过滤，直接选择所有非无效值。
Block processing time: 0.03531 seconds
Computing Block 342 out of 560
Processing Block size=9
begin cleaner{left: ("[FunctionalDependency:(s: {brewery_id}, t: {city})]", 0.0), operator: *, right: (1.0, 1.0), result: 0.0}
列 'p' 不存在，对列 city 不过滤，直接选择所有非无效值。
Block processing time: 0.021507 seconds
Computing Block 343 out of 560
Processing Block size=2
begin cleaner{left: ("[FunctionalDependency:(s: {brewery_id}, t: {city})]", 0.0), operator: *, right: (1.0, 1.0), result: 0.0}
列 'p' 不存在，对列 city 不过滤，直接选择所有非无效值。
Block processing time: 0.005294 seconds
Computing Block 346 out of 560
Processing Block size=3
begin cleaner{left: ("[FunctionalDependency:(s: {brewery_id}, t: {city})]", 0.0), operator: *, right: (1.0, 1.0), result: 0.0}
列 'p' 不存在，对列 city 不过滤，直接选择所有非无效值。
Block processing time: 0.007836 seconds
Computing Block 347 out of 560
Processing Block size=2
begin cleaner{left: ("[FunctionalDependency:(s: {brewery_id}, t: {city})]", 0.0), operator: *, right: (1.0, 1.0), result: 0.0}
列 'p' 不存在，对列 city 不过滤，直接选择所有非无效值。
Block processing time: 0.005331 seconds
Computing Block 348 out of 560
Processing Block size=4
begin cleaner{left: ("[FunctionalDependency:(s: {brewery_id}, t: {city})]", 0.0), operator: *, right: (1.0, 1.0), result: 0.0}
列 'p' 不存在，对列 city 不过滤，直接选择所有非无效值。
Block processing time: 0.009854 seconds
Computing Block 351 out of 560
Processing Block size=6
begin cleaner{left: ("[FunctionalDependency:(s: {brewery_id}, t: {city})]", 0.0), operator: *, right: (1.0, 1.0), result: 0.0}
列 'p' 不存在，对列 city 不过滤，直接选择所有非无效值。
Block processing time: 0.014531 seconds
Computing Block 352 out of 560
Processing Block size=2
begin cleaner{left: ("[FunctionalDependency:(s: {brewery_id}, t: {city})]", 0.0), operator: *, right: (1.0, 1.0), result: 0.0}
列 'p' 不存在，对列 city 不过滤，直接选择所有非无效值。
Block processing time: 0.005264 seconds
Computing Block 354 out of 560
Processing Block size=2
begin cleaner{left: ("[FunctionalDependency:(s: {brewery_id}, t: {city})]", 0.0), operator: *, right: (1.0, 1.0), result: 0.0}
列 'p' 不存在，对列 city 不过滤，直接选择所有非无效值。
Block processing time: 0.005212 seconds
Computing Block 355 out of 560
Processing Block size=2
begin cleaner{left: ("[FunctionalDependency:(s: {brewery_id}, t: {city})]", 0.0), operator: *, right: (1.0, 1.0), result: 0.0}
列 'p' 不存在，对列 city 不过滤，直接选择所有非无效值。
Block processing time: 0.005182 seconds
Computing Block 356 out of 560
Processing Block size=4
begin cleaner{left: ("[FunctionalDependency:(s: {brewery_id}, t: {city})]", 0.0), operator: *, right: (1.0, 1.0), result: 0.0}
列 'p' 不存在，对列 city 不过滤，直接选择所有非无效值。
Block processing time: 0.009919 seconds
Computing Block 357 out of 560
Processing Block size=4
begin cleaner{left: ("[FunctionalDependency:(s: {brewery_id}, t: {city})]", 0.0), operator: *, right: (1.0, 1.0), result: 0.0}
列 'p' 不存在，对列 city 不过滤，直接选择所有非无效值。
Block processing time: 0.009906 seconds
Computing Block 358 out of 560
Processing Block size=3
begin cleaner{left: ("[FunctionalDependency:(s: {brewery_id}, t: {city})]", 0.0), operator: *, right: (1.0, 1.0), result: 0.0}
列 'p' 不存在，对列 city 不过滤，直接选择所有非无效值。
Block processing time: 0.007584 seconds
Computing Block 360 out of 560
Processing Block size=2
begin cleaner{left: ("[FunctionalDependency:(s: {brewery_id}, t: {city})]", 0.0), operator: *, right: (1.0, 1.0), result: 0.0}
列 'p' 不存在，对列 city 不过滤，直接选择所有非无效值。
Block processing time: 0.005264 seconds
Computing Block 361 out of 560
Processing Block size=7
begin cleaner{left: ("[FunctionalDependency:(s: {brewery_id}, t: {city})]", 0.0), operator: *, right: (1.0, 1.0), result: 0.0}
列 'p' 不存在，对列 city 不过滤，直接选择所有非无效值。
Block processing time: 0.016858 seconds
Computing Block 362 out of 560
Processing Block size=12
begin cleaner{left: ("[FunctionalDependency:(s: {brewery_id}, t: {city})]", 0.0), operator: *, right: (1.0, 1.0), result: 0.0}
列 'p' 不存在，对列 city 不过滤，直接选择所有非无效值。
Block processing time: 0.028222 seconds
Computing Block 364 out of 560
Processing Block size=22
begin cleaner{left: ("[FunctionalDependency:(s: {brewery_id}, t: {city})]", 0.0), operator: *, right: (1.0, 1.0), result: 0.0}
列 'p' 不存在，对列 city 不过滤，直接选择所有非无效值。
Block processing time: 0.05121 seconds
Computing Block 365 out of 560
Processing Block size=10
begin cleaner{left: ("[FunctionalDependency:(s: {brewery_id}, t: {city})]", 0.0), operator: *, right: (1.0, 1.0), result: 0.0}
列 'p' 不存在，对列 city 不过滤，直接选择所有非无效值。
Block processing time: 0.023676 seconds
Computing Block 366 out of 560
Processing Block size=3
begin cleaner{left: ("[FunctionalDependency:(s: {brewery_id}, t: {city})]", 0.0), operator: *, right: (1.0, 1.0), result: 0.0}
列 'p' 不存在，对列 city 不过滤，直接选择所有非无效值。
Block processing time: 0.007592 seconds
Computing Block 367 out of 560
Processing Block size=8
begin cleaner{left: ("[FunctionalDependency:(s: {brewery_id}, t: {city})]", 0.0), operator: *, right: (1.0, 1.0), result: 0.0}
列 'p' 不存在，对列 city 不过滤，直接选择所有非无效值。
Block processing time: 0.019203 seconds
Computing Block 368 out of 560
Processing Block size=3
begin cleaner{left: ("[FunctionalDependency:(s: {brewery_id}, t: {city})]", 0.0), operator: *, right: (1.0, 1.0), result: 0.0}
列 'p' 不存在，对列 city 不过滤，直接选择所有非无效值。
Block processing time: 0.007604 seconds
Computing Block 370 out of 560
Processing Block size=4
begin cleaner{left: ("[FunctionalDependency:(s: {brewery_id}, t: {city})]", 0.0), operator: *, right: (1.0, 1.0), result: 0.0}
列 'p' 不存在，对列 city 不过滤，直接选择所有非无效值。
Block processing time: 0.009909 seconds
Computing Block 371 out of 560
Processing Block size=4
begin cleaner{left: ("[FunctionalDependency:(s: {brewery_id}, t: {city})]", 0.0), operator: *, right: (1.0, 1.0), result: 0.0}
列 'p' 不存在，对列 city 不过滤，直接选择所有非无效值。
Block processing time: 0.009893 seconds
Computing Block 372 out of 560
Processing Block size=5
begin cleaner{left: ("[FunctionalDependency:(s: {brewery_id}, t: {city})]", 0.0), operator: *, right: (1.0, 1.0), result: 0.0}
列 'p' 不存在，对列 city 不过滤，直接选择所有非无效值。
Block processing time: 0.0122 seconds
Computing Block 373 out of 560
Processing Block size=3
begin cleaner{left: ("[FunctionalDependency:(s: {brewery_id}, t: {city})]", 0.0), operator: *, right: (1.0, 1.0), result: 0.0}
列 'p' 不存在，对列 city 不过滤，直接选择所有非无效值。
Block processing time: 0.007545 seconds
Computing Block 374 out of 560
Processing Block size=5
begin cleaner{left: ("[FunctionalDependency:(s: {brewery_id}, t: {city})]", 0.0), operator: *, right: (1.0, 1.0), result: 0.0}
列 'p' 不存在，对列 city 不过滤，直接选择所有非无效值。
Block processing time: 0.012225 seconds
Computing Block 375 out of 560
Processing Block size=2
begin cleaner{left: ("[FunctionalDependency:(s: {brewery_id}, t: {city})]", 0.0), operator: *, right: (1.0, 1.0), result: 0.0}
列 'p' 不存在，对列 city 不过滤，直接选择所有非无效值。
Block processing time: 0.005376 seconds
Computing Block 376 out of 560
Processing Block size=2
begin cleaner{left: ("[FunctionalDependency:(s: {brewery_id}, t: {city})]", 0.0), operator: *, right: (1.0, 1.0), result: 0.0}
列 'p' 不存在，对列 city 不过滤，直接选择所有非无效值。
Block processing time: 0.005377 seconds
Computing Block 378 out of 560
Processing Block size=2
begin cleaner{left: ("[FunctionalDependency:(s: {brewery_id}, t: {city})]", 0.0), operator: *, right: (1.0, 1.0), result: 0.0}
列 'p' 不存在，对列 city 不过滤，直接选择所有非无效值。
Block processing time: 0.005318 seconds
Computing Block 379 out of 560
Processing Block size=4
begin cleaner{left: ("[FunctionalDependency:(s: {brewery_id}, t: {city})]", 0.0), operator: *, right: (1.0, 1.0), result: 0.0}
列 'p' 不存在，对列 city 不过滤，直接选择所有非无效值。
Block processing time: 0.009742 seconds
Computing Block 380 out of 560
Processing Block size=7
begin cleaner{left: ("[FunctionalDependency:(s: {brewery_id}, t: {city})]", 0.0), operator: *, right: (1.0, 1.0), result: 0.0}
列 'p' 不存在，对列 city 不过滤，直接选择所有非无效值。
Block processing time: 0.016671 seconds
Computing Block 381 out of 560
Processing Block size=19
begin cleaner{left: ("[FunctionalDependency:(s: {brewery_id}, t: {city})]", 0.0), operator: *, right: (1.0, 1.0), result: 0.0}
列 'p' 不存在，对列 city 不过滤，直接选择所有非无效值。
Block processing time: 0.044131 seconds
Computing Block 382 out of 560
Processing Block size=3
begin cleaner{left: ("[FunctionalDependency:(s: {brewery_id}, t: {city})]", 0.0), operator: *, right: (1.0, 1.0), result: 0.0}
列 'p' 不存在，对列 city 不过滤，直接选择所有非无效值。
Block processing time: 0.007646 seconds
Computing Block 383 out of 560
Processing Block size=2
begin cleaner{left: ("[FunctionalDependency:(s: {brewery_id}, t: {city})]", 0.0), operator: *, right: (1.0, 1.0), result: 0.0}
列 'p' 不存在，对列 city 不过滤，直接选择所有非无效值。
Block processing time: 0.005213 seconds
Computing Block 384 out of 560
Processing Block size=3
begin cleaner{left: ("[FunctionalDependency:(s: {brewery_id}, t: {city})]", 0.0), operator: *, right: (1.0, 1.0), result: 0.0}
列 'p' 不存在，对列 city 不过滤，直接选择所有非无效值。
Block processing time: 0.007493 seconds
Computing Block 385 out of 560
Processing Block size=2
begin cleaner{left: ("[FunctionalDependency:(s: {brewery_id}, t: {city})]", 0.0), operator: *, right: (1.0, 1.0), result: 0.0}
列 'p' 不存在，对列 city 不过滤，直接选择所有非无效值。
Block processing time: 0.00519 seconds
Computing Block 386 out of 560
Processing Block size=4
begin cleaner{left: ("[FunctionalDependency:(s: {brewery_id}, t: {city})]", 0.0), operator: *, right: (1.0, 1.0), result: 0.0}
列 'p' 不存在，对列 city 不过滤，直接选择所有非无效值。
Block processing time: 0.009778 seconds
Computing Block 387 out of 560
Processing Block size=4
begin cleaner{left: ("[FunctionalDependency:(s: {brewery_id}, t: {city})]", 0.0), operator: *, right: (1.0, 1.0), result: 0.0}
列 'p' 不存在，对列 city 不过滤，直接选择所有非无效值。
Block processing time: 0.00995 seconds
Computing Block 388 out of 560
Processing Block size=3
begin cleaner{left: ("[FunctionalDependency:(s: {brewery_id}, t: {city})]", 0.0), operator: *, right: (1.0, 1.0), result: 0.0}
列 'p' 不存在，对列 city 不过滤，直接选择所有非无效值。
Block processing time: 0.007588 seconds
Computing Block 389 out of 560
Processing Block size=4
begin cleaner{left: ("[FunctionalDependency:(s: {brewery_id}, t: {city})]", 0.0), operator: *, right: (1.0, 1.0), result: 0.0}
列 'p' 不存在，对列 city 不过滤，直接选择所有非无效值。
Block processing time: 0.009799 seconds
Computing Block 390 out of 560
Processing Block size=3
begin cleaner{left: ("[FunctionalDependency:(s: {brewery_id}, t: {city})]", 0.0), operator: *, right: (1.0, 1.0), result: 0.0}
列 'p' 不存在，对列 city 不过滤，直接选择所有非无效值。
Block processing time: 0.007536 seconds
Computing Block 391 out of 560
Processing Block size=2
begin cleaner{left: ("[FunctionalDependency:(s: {brewery_id}, t: {city})]", 0.0), operator: *, right: (1.0, 1.0), result: 0.0}
列 'p' 不存在，对列 city 不过滤，直接选择所有非无效值。
Block processing time: 0.005129 seconds
Computing Block 392 out of 560
Processing Block size=2
begin cleaner{left: ("[FunctionalDependency:(s: {brewery_id}, t: {city})]", 0.0), operator: *, right: (1.0, 1.0), result: 0.0}
列 'p' 不存在，对列 city 不过滤，直接选择所有非无效值。
Block processing time: 0.005332 seconds
Computing Block 393 out of 560
Processing Block size=3
begin cleaner{left: ("[FunctionalDependency:(s: {brewery_id}, t: {city})]", 0.0), operator: *, right: (1.0, 1.0), result: 0.0}
列 'p' 不存在，对列 city 不过滤，直接选择所有非无效值。
Block processing time: 0.007455 seconds
Computing Block 394 out of 560
Processing Block size=7
begin cleaner{left: ("[FunctionalDependency:(s: {brewery_id}, t: {city})]", 0.0), operator: *, right: (1.0, 1.0), result: 0.0}
列 'p' 不存在，对列 city 不过滤，直接选择所有非无效值。
Block processing time: 0.016595 seconds
Computing Block 397 out of 560
Processing Block size=3
begin cleaner{left: ("[FunctionalDependency:(s: {brewery_id}, t: {city})]", 0.0), operator: *, right: (1.0, 1.0), result: 0.0}
列 'p' 不存在，对列 city 不过滤，直接选择所有非无效值。
Block processing time: 0.007556 seconds
Computing Block 398 out of 560
Processing Block size=12
begin cleaner{left: ("[FunctionalDependency:(s: {brewery_id}, t: {city})]", 0.0), operator: *, right: (1.0, 1.0), result: 0.0}
列 'p' 不存在，对列 city 不过滤，直接选择所有非无效值。
Block processing time: 0.028055 seconds
Computing Block 399 out of 560
Processing Block size=10
begin cleaner{left: ("[FunctionalDependency:(s: {brewery_id}, t: {city})]", 0.0), operator: *, right: (1.0, 1.0), result: 0.0}
列 'p' 不存在，对列 city 不过滤，直接选择所有非无效值。
Block processing time: 0.023587 seconds
Computing Block 400 out of 560
Processing Block size=4
begin cleaner{left: ("[FunctionalDependency:(s: {brewery_id}, t: {city})]", 0.0), operator: *, right: (1.0, 1.0), result: 0.0}
列 'p' 不存在，对列 city 不过滤，直接选择所有非无效值。
Block processing time: 0.009851 seconds
Computing Block 401 out of 560
Processing Block size=2
begin cleaner{left: ("[FunctionalDependency:(s: {brewery_id}, t: {city})]", 0.0), operator: *, right: (1.0, 1.0), result: 0.0}
列 'p' 不存在，对列 city 不过滤，直接选择所有非无效值。
Block processing time: 0.005517 seconds
Computing Block 402 out of 560
Processing Block size=8
begin cleaner{left: ("[FunctionalDependency:(s: {brewery_id}, t: {city})]", 0.0), operator: *, right: (1.0, 1.0), result: 0.0}
列 'p' 不存在，对列 city 不过滤，直接选择所有非无效值。
Block processing time: 0.018902 seconds
Computing Block 403 out of 560
Processing Block size=4
begin cleaner{left: ("[FunctionalDependency:(s: {brewery_id}, t: {city})]", 0.0), operator: *, right: (1.0, 1.0), result: 0.0}
列 'p' 不存在，对列 city 不过滤，直接选择所有非无效值。
Block processing time: 0.009676 seconds
Computing Block 405 out of 560
Processing Block size=5
begin cleaner{left: ("[FunctionalDependency:(s: {brewery_id}, t: {city})]", 0.0), operator: *, right: (1.0, 1.0), result: 0.0}
列 'p' 不存在，对列 city 不过滤，直接选择所有非无效值。
Block processing time: 0.012141 seconds
Computing Block 406 out of 560
Processing Block size=3
begin cleaner{left: ("[FunctionalDependency:(s: {brewery_id}, t: {city})]", 0.0), operator: *, right: (1.0, 1.0), result: 0.0}
列 'p' 不存在，对列 city 不过滤，直接选择所有非无效值。
Block processing time: 0.007508 seconds
Computing Block 408 out of 560
Processing Block size=2
begin cleaner{left: ("[FunctionalDependency:(s: {brewery_id}, t: {city})]", 0.0), operator: *, right: (1.0, 1.0), result: 0.0}
列 'p' 不存在，对列 city 不过滤，直接选择所有非无效值。
Block processing time: 0.005243 seconds
Computing Block 409 out of 560
Processing Block size=5
begin cleaner{left: ("[FunctionalDependency:(s: {brewery_id}, t: {city})]", 0.0), operator: *, right: (1.0, 1.0), result: 0.0}
列 'p' 不存在，对列 city 不过滤，直接选择所有非无效值。
Block processing time: 0.012089 seconds
Computing Block 410 out of 560
Processing Block size=2
begin cleaner{left: ("[FunctionalDependency:(s: {brewery_id}, t: {city})]", 0.0), operator: *, right: (1.0, 1.0), result: 0.0}
列 'p' 不存在，对列 city 不过滤，直接选择所有非无效值。
Block processing time: 0.005234 seconds
Computing Block 411 out of 560
Processing Block size=3
begin cleaner{left: ("[FunctionalDependency:(s: {brewery_id}, t: {city})]", 0.0), operator: *, right: (1.0, 1.0), result: 0.0}
列 'p' 不存在，对列 city 不过滤，直接选择所有非无效值。
Block processing time: 0.007513 seconds
Computing Block 412 out of 560
Processing Block size=4
begin cleaner{left: ("[FunctionalDependency:(s: {brewery_id}, t: {city})]", 0.0), operator: *, right: (1.0, 1.0), result: 0.0}
列 'p' 不存在，对列 city 不过滤，直接选择所有非无效值。
Block processing time: 0.009787 seconds
Computing Block 413 out of 560
Processing Block size=5
begin cleaner{left: ("[FunctionalDependency:(s: {brewery_id}, t: {city})]", 0.0), operator: *, right: (1.0, 1.0), result: 0.0}
列 'p' 不存在，对列 city 不过滤，直接选择所有非无效值。
Block processing time: 0.012237 seconds
Computing Block 414 out of 560
Processing Block size=4
begin cleaner{left: ("[FunctionalDependency:(s: {brewery_id}, t: {city})]", 0.0), operator: *, right: (1.0, 1.0), result: 0.0}
列 'p' 不存在，对列 city 不过滤，直接选择所有非无效值。
Block processing time: 0.009799 seconds
Computing Block 415 out of 560
Processing Block size=4
begin cleaner{left: ("[FunctionalDependency:(s: {brewery_id}, t: {city})]", 0.0), operator: *, right: (1.0, 1.0), result: 0.0}
列 'p' 不存在，对列 city 不过滤，直接选择所有非无效值。
Block processing time: 0.009768 seconds
Computing Block 416 out of 560
Processing Block size=2
begin cleaner{left: ("[FunctionalDependency:(s: {brewery_id}, t: {city})]", 0.0), operator: *, right: (1.0, 1.0), result: 0.0}
列 'p' 不存在，对列 city 不过滤，直接选择所有非无效值。
Block processing time: 0.005202 seconds
Computing Block 417 out of 560
Processing Block size=2
begin cleaner{left: ("[FunctionalDependency:(s: {brewery_id}, t: {city})]", 0.0), operator: *, right: (1.0, 1.0), result: 0.0}
列 'p' 不存在，对列 city 不过滤，直接选择所有非无效值。
Block processing time: 0.005156 seconds
Computing Block 418 out of 560
Processing Block size=5
begin cleaner{left: ("[FunctionalDependency:(s: {brewery_id}, t: {city})]", 0.0), operator: *, right: (1.0, 1.0), result: 0.0}
列 'p' 不存在，对列 city 不过滤，直接选择所有非无效值。
Block processing time: 0.011937 seconds
Computing Block 420 out of 560
Processing Block size=5
begin cleaner{left: ("[FunctionalDependency:(s: {brewery_id}, t: {city})]", 0.0), operator: *, right: (1.0, 1.0), result: 0.0}
列 'p' 不存在，对列 city 不过滤，直接选择所有非无效值。
Block processing time: 0.012055 seconds
Computing Block 421 out of 560
Processing Block size=2
begin cleaner{left: ("[FunctionalDependency:(s: {brewery_id}, t: {city})]", 0.0), operator: *, right: (1.0, 1.0), result: 0.0}
列 'p' 不存在，对列 city 不过滤，直接选择所有非无效值。
Block processing time: 0.005232 seconds
Computing Block 422 out of 560
Processing Block size=2
begin cleaner{left: ("[FunctionalDependency:(s: {brewery_id}, t: {city})]", 0.0), operator: *, right: (1.0, 1.0), result: 0.0}
列 'p' 不存在，对列 city 不过滤，直接选择所有非无效值。
Block processing time: 0.00515 seconds
Computing Block 423 out of 560
Processing Block size=3
begin cleaner{left: ("[FunctionalDependency:(s: {brewery_id}, t: {city})]", 0.0), operator: *, right: (1.0, 1.0), result: 0.0}
列 'p' 不存在，对列 city 不过滤，直接选择所有非无效值。
Block processing time: 0.007371 seconds
Computing Block 424 out of 560
Processing Block size=5
begin cleaner{left: ("[FunctionalDependency:(s: {brewery_id}, t: {city})]", 0.0), operator: *, right: (1.0, 1.0), result: 0.0}
列 'p' 不存在，对列 city 不过滤，直接选择所有非无效值。
Block processing time: 0.012076 seconds
Computing Block 425 out of 560
Processing Block size=2
begin cleaner{left: ("[FunctionalDependency:(s: {brewery_id}, t: {city})]", 0.0), operator: *, right: (1.0, 1.0), result: 0.0}
列 'p' 不存在，对列 city 不过滤，直接选择所有非无效值。
Block processing time: 0.00523 seconds
Computing Block 426 out of 560
Processing Block size=4
begin cleaner{left: ("[FunctionalDependency:(s: {brewery_id}, t: {city})]", 0.0), operator: *, right: (1.0, 1.0), result: 0.0}
列 'p' 不存在，对列 city 不过滤，直接选择所有非无效值。
Block processing time: 0.00981 seconds
Computing Block 427 out of 560
Processing Block size=4
begin cleaner{left: ("[FunctionalDependency:(s: {brewery_id}, t: {city})]", 0.0), operator: *, right: (1.0, 1.0), result: 0.0}
列 'p' 不存在，对列 city 不过滤，直接选择所有非无效值。
Block processing time: 0.009896 seconds
Computing Block 428 out of 560
Processing Block size=2
begin cleaner{left: ("[FunctionalDependency:(s: {brewery_id}, t: {city})]", 0.0), operator: *, right: (1.0, 1.0), result: 0.0}
列 'p' 不存在，对列 city 不过滤，直接选择所有非无效值。
Block processing time: 0.005322 seconds
Computing Block 430 out of 560
Processing Block size=3
begin cleaner{left: ("[FunctionalDependency:(s: {brewery_id}, t: {city})]", 0.0), operator: *, right: (1.0, 1.0), result: 0.0}
列 'p' 不存在，对列 city 不过滤，直接选择所有非无效值。
Block processing time: 0.007616 seconds
Computing Block 431 out of 560
Processing Block size=7
begin cleaner{left: ("[FunctionalDependency:(s: {brewery_id}, t: {city})]", 0.0), operator: *, right: (1.0, 1.0), result: 0.0}
列 'p' 不存在，对列 city 不过滤，直接选择所有非无效值。
Block processing time: 0.017066 seconds
Computing Block 432 out of 560
Processing Block size=2
begin cleaner{left: ("[FunctionalDependency:(s: {brewery_id}, t: {city})]", 0.0), operator: *, right: (1.0, 1.0), result: 0.0}
列 'p' 不存在，对列 city 不过滤，直接选择所有非无效值。
Block processing time: 0.00524 seconds
Computing Block 433 out of 560
Processing Block size=10
begin cleaner{left: ("[FunctionalDependency:(s: {brewery_id}, t: {city})]", 0.0), operator: *, right: (1.0, 1.0), result: 0.0}
列 'p' 不存在，对列 city 不过滤，直接选择所有非无效值。
Block processing time: 0.023709 seconds
Computing Block 434 out of 560
Processing Block size=2
begin cleaner{left: ("[FunctionalDependency:(s: {brewery_id}, t: {city})]", 0.0), operator: *, right: (1.0, 1.0), result: 0.0}
列 'p' 不存在，对列 city 不过滤，直接选择所有非无效值。
Block processing time: 0.005241 seconds
Computing Block 436 out of 560
Processing Block size=12
begin cleaner{left: ("[FunctionalDependency:(s: {brewery_id}, t: {city})]", 0.0), operator: *, right: (1.0, 1.0), result: 0.0}
列 'p' 不存在，对列 city 不过滤，直接选择所有非无效值。
Block processing time: 0.028383 seconds
Computing Block 437 out of 560
Processing Block size=4
begin cleaner{left: ("[FunctionalDependency:(s: {brewery_id}, t: {city})]", 0.0), operator: *, right: (1.0, 1.0), result: 0.0}
列 'p' 不存在，对列 city 不过滤，直接选择所有非无效值。
Block processing time: 0.009977 seconds
Computing Block 438 out of 560
Processing Block size=4
begin cleaner{left: ("[FunctionalDependency:(s: {brewery_id}, t: {city})]", 0.0), operator: *, right: (1.0, 1.0), result: 0.0}
列 'p' 不存在，对列 city 不过滤，直接选择所有非无效值。
Block processing time: 0.009823 seconds
Computing Block 439 out of 560
Processing Block size=4
begin cleaner{left: ("[FunctionalDependency:(s: {brewery_id}, t: {city})]", 0.0), operator: *, right: (1.0, 1.0), result: 0.0}
列 'p' 不存在，对列 city 不过滤，直接选择所有非无效值。
Block processing time: 0.009955 seconds
Computing Block 440 out of 560
Processing Block size=2
begin cleaner{left: ("[FunctionalDependency:(s: {brewery_id}, t: {city})]", 0.0), operator: *, right: (1.0, 1.0), result: 0.0}
列 'p' 不存在，对列 city 不过滤，直接选择所有非无效值。
Block processing time: 0.005271 seconds
Computing Block 441 out of 560
Processing Block size=2
begin cleaner{left: ("[FunctionalDependency:(s: {brewery_id}, t: {city})]", 0.0), operator: *, right: (1.0, 1.0), result: 0.0}
列 'p' 不存在，对列 city 不过滤，直接选择所有非无效值。
Block processing time: 0.005296 seconds
Computing Block 442 out of 560
Processing Block size=5
begin cleaner{left: ("[FunctionalDependency:(s: {brewery_id}, t: {city})]", 0.0), operator: *, right: (1.0, 1.0), result: 0.0}
列 'p' 不存在，对列 city 不过滤，直接选择所有非无效值。
Block processing time: 0.012368 seconds
Computing Block 443 out of 560
Processing Block size=6
begin cleaner{left: ("[FunctionalDependency:(s: {brewery_id}, t: {city})]", 0.0), operator: *, right: (1.0, 1.0), result: 0.0}
列 'p' 不存在，对列 city 不过滤，直接选择所有非无效值。
Block processing time: 0.014815 seconds
Computing Block 445 out of 560
Processing Block size=6
begin cleaner{left: ("[FunctionalDependency:(s: {brewery_id}, t: {city})]", 0.0), operator: *, right: (1.0, 1.0), result: 0.0}
列 'p' 不存在，对列 city 不过滤，直接选择所有非无效值。
Block processing time: 0.014574 seconds
Computing Block 446 out of 560
Processing Block size=2
begin cleaner{left: ("[FunctionalDependency:(s: {brewery_id}, t: {city})]", 0.0), operator: *, right: (1.0, 1.0), result: 0.0}
列 'p' 不存在，对列 city 不过滤，直接选择所有非无效值。
Block processing time: 0.005252 seconds
Computing Block 448 out of 560
Processing Block size=6
begin cleaner{left: ("[FunctionalDependency:(s: {brewery_id}, t: {city})]", 0.0), operator: *, right: (1.0, 1.0), result: 0.0}
列 'p' 不存在，对列 city 不过滤，直接选择所有非无效值。
Block processing time: 0.014531 seconds
Computing Block 449 out of 560
Processing Block size=4
begin cleaner{left: ("[FunctionalDependency:(s: {brewery_id}, t: {city})]", 0.0), operator: *, right: (1.0, 1.0), result: 0.0}
列 'p' 不存在，对列 city 不过滤，直接选择所有非无效值。
Block processing time: 0.010026 seconds
Computing Block 450 out of 560
Processing Block size=6
begin cleaner{left: ("[FunctionalDependency:(s: {brewery_id}, t: {city})]", 0.0), operator: *, right: (1.0, 1.0), result: 0.0}
列 'p' 不存在，对列 city 不过滤，直接选择所有非无效值。
Block processing time: 0.014534 seconds
Computing Block 451 out of 560
Processing Block size=6
begin cleaner{left: ("[FunctionalDependency:(s: {brewery_id}, t: {city})]", 0.0), operator: *, right: (1.0, 1.0), result: 0.0}
列 'p' 不存在，对列 city 不过滤，直接选择所有非无效值。
Block processing time: 0.014671 seconds
Computing Block 452 out of 560
Processing Block size=6
begin cleaner{left: ("[FunctionalDependency:(s: {brewery_id}, t: {city})]", 0.0), operator: *, right: (1.0, 1.0), result: 0.0}
列 'p' 不存在，对列 city 不过滤，直接选择所有非无效值。
Block processing time: 0.014665 seconds
Computing Block 453 out of 560
Processing Block size=5
begin cleaner{left: ("[FunctionalDependency:(s: {brewery_id}, t: {city})]", 0.0), operator: *, right: (1.0, 1.0), result: 0.0}
列 'p' 不存在，对列 city 不过滤，直接选择所有非无效值。
Block processing time: 0.012245 seconds
Computing Block 454 out of 560
Processing Block size=4
begin cleaner{left: ("[FunctionalDependency:(s: {brewery_id}, t: {city})]", 0.0), operator: *, right: (1.0, 1.0), result: 0.0}
列 'p' 不存在，对列 city 不过滤，直接选择所有非无效值。
Block processing time: 0.010035 seconds
Computing Block 455 out of 560
Processing Block size=5
begin cleaner{left: ("[FunctionalDependency:(s: {brewery_id}, t: {city})]", 0.0), operator: *, right: (1.0, 1.0), result: 0.0}
列 'p' 不存在，对列 city 不过滤，直接选择所有非无效值。
Block processing time: 0.012527 seconds
Computing Block 456 out of 560
Processing Block size=2
begin cleaner{left: ("[FunctionalDependency:(s: {brewery_id}, t: {city})]", 0.0), operator: *, right: (1.0, 1.0), result: 0.0}
列 'p' 不存在，对列 city 不过滤，直接选择所有非无效值。
Block processing time: 0.005298 seconds
Computing Block 457 out of 560
Processing Block size=18
begin cleaner{left: ("[FunctionalDependency:(s: {brewery_id}, t: {city})]", 0.0), operator: *, right: (1.0, 1.0), result: 0.0}
列 'p' 不存在，对列 city 不过滤，直接选择所有非无效值。
Block processing time: 0.042295 seconds
Computing Block 459 out of 560
Processing Block size=14
begin cleaner{left: ("[FunctionalDependency:(s: {brewery_id}, t: {city})]", 0.0), operator: *, right: (1.0, 1.0), result: 0.0}
列 'p' 不存在，对列 city 不过滤，直接选择所有非无效值。
Block processing time: 0.033195 seconds
Computing Block 460 out of 560
Processing Block size=15
begin cleaner{left: ("[FunctionalDependency:(s: {brewery_id}, t: {city})]", 0.0), operator: *, right: (1.0, 1.0), result: 0.0}
列 'p' 不存在，对列 city 不过滤，直接选择所有非无效值。
Block processing time: 0.035466 seconds
Computing Block 461 out of 560
Processing Block size=7
begin cleaner{left: ("[FunctionalDependency:(s: {brewery_id}, t: {city})]", 0.0), operator: *, right: (1.0, 1.0), result: 0.0}
列 'p' 不存在，对列 city 不过滤，直接选择所有非无效值。
Block processing time: 0.017022 seconds
Computing Block 462 out of 560
Processing Block size=4
begin cleaner{left: ("[FunctionalDependency:(s: {brewery_id}, t: {city})]", 0.0), operator: *, right: (1.0, 1.0), result: 0.0}
列 'p' 不存在，对列 city 不过滤，直接选择所有非无效值。
Block processing time: 0.009949 seconds
Computing Block 463 out of 560
Processing Block size=4
begin cleaner{left: ("[FunctionalDependency:(s: {brewery_id}, t: {city})]", 0.0), operator: *, right: (1.0, 1.0), result: 0.0}
列 'p' 不存在，对列 city 不过滤，直接选择所有非无效值。
Block processing time: 0.00984 seconds
Computing Block 464 out of 560
Processing Block size=2
begin cleaner{left: ("[FunctionalDependency:(s: {brewery_id}, t: {city})]", 0.0), operator: *, right: (1.0, 1.0), result: 0.0}
列 'p' 不存在，对列 city 不过滤，直接选择所有非无效值。
Block processing time: 0.00528 seconds
Computing Block 465 out of 560
Processing Block size=12
begin cleaner{left: ("[FunctionalDependency:(s: {brewery_id}, t: {city})]", 0.0), operator: *, right: (1.0, 1.0), result: 0.0}
列 'p' 不存在，对列 city 不过滤，直接选择所有非无效值。
Block processing time: 0.028186 seconds
Computing Block 466 out of 560
Processing Block size=25
begin cleaner{left: ("[FunctionalDependency:(s: {brewery_id}, t: {city})]", 0.0), operator: *, right: (1.0, 1.0), result: 0.0}
列 'p' 不存在，对列 city 不过滤，直接选择所有非无效值。
Block processing time: 0.058062 seconds
Computing Block 468 out of 560
Processing Block size=3
begin cleaner{left: ("[FunctionalDependency:(s: {brewery_id}, t: {city})]", 0.0), operator: *, right: (1.0, 1.0), result: 0.0}
列 'p' 不存在，对列 city 不过滤，直接选择所有非无效值。
Block processing time: 0.007694 seconds
Computing Block 470 out of 560
Processing Block size=2
begin cleaner{left: ("[FunctionalDependency:(s: {brewery_id}, t: {city})]", 0.0), operator: *, right: (1.0, 1.0), result: 0.0}
列 'p' 不存在，对列 city 不过滤，直接选择所有非无效值。
Block processing time: 0.005271 seconds
Computing Block 471 out of 560
Processing Block size=3
begin cleaner{left: ("[FunctionalDependency:(s: {brewery_id}, t: {city})]", 0.0), operator: *, right: (1.0, 1.0), result: 0.0}
列 'p' 不存在，对列 city 不过滤，直接选择所有非无效值。
Block processing time: 0.007459 seconds
Computing Block 473 out of 560
Processing Block size=4
begin cleaner{left: ("[FunctionalDependency:(s: {brewery_id}, t: {city})]", 0.0), operator: *, right: (1.0, 1.0), result: 0.0}
列 'p' 不存在，对列 city 不过滤，直接选择所有非无效值。
Block processing time: 0.009802 seconds
Computing Block 474 out of 560
Processing Block size=4
begin cleaner{left: ("[FunctionalDependency:(s: {brewery_id}, t: {city})]", 0.0), operator: *, right: (1.0, 1.0), result: 0.0}
列 'p' 不存在，对列 city 不过滤，直接选择所有非无效值。
Block processing time: 0.009786 seconds
Computing Block 476 out of 560
Processing Block size=2
begin cleaner{left: ("[FunctionalDependency:(s: {brewery_id}, t: {city})]", 0.0), operator: *, right: (1.0, 1.0), result: 0.0}
列 'p' 不存在，对列 city 不过滤，直接选择所有非无效值。
Block processing time: 0.005328 seconds
Computing Block 477 out of 560
Processing Block size=3
begin cleaner{left: ("[FunctionalDependency:(s: {brewery_id}, t: {city})]", 0.0), operator: *, right: (1.0, 1.0), result: 0.0}
列 'p' 不存在，对列 city 不过滤，直接选择所有非无效值。
Block processing time: 0.007489 seconds
Computing Block 478 out of 560
Processing Block size=2
begin cleaner{left: ("[FunctionalDependency:(s: {brewery_id}, t: {city})]", 0.0), operator: *, right: (1.0, 1.0), result: 0.0}
列 'p' 不存在，对列 city 不过滤，直接选择所有非无效值。
Block processing time: 0.005193 seconds
Computing Block 479 out of 560
Processing Block size=2
begin cleaner{left: ("[FunctionalDependency:(s: {brewery_id}, t: {city})]", 0.0), operator: *, right: (1.0, 1.0), result: 0.0}
列 'p' 不存在，对列 city 不过滤，直接选择所有非无效值。
Block processing time: 0.005181 seconds
Computing Block 480 out of 560
Processing Block size=2
begin cleaner{left: ("[FunctionalDependency:(s: {brewery_id}, t: {city})]", 0.0), operator: *, right: (1.0, 1.0), result: 0.0}
列 'p' 不存在，对列 city 不过滤，直接选择所有非无效值。
Block processing time: 0.005173 seconds
Computing Block 481 out of 560
Processing Block size=3
begin cleaner{left: ("[FunctionalDependency:(s: {brewery_id}, t: {city})]", 0.0), operator: *, right: (1.0, 1.0), result: 0.0}
列 'p' 不存在，对列 city 不过滤，直接选择所有非无效值。
Block processing time: 0.007489 seconds
Computing Block 483 out of 560
Processing Block size=2
begin cleaner{left: ("[FunctionalDependency:(s: {brewery_id}, t: {city})]", 0.0), operator: *, right: (1.0, 1.0), result: 0.0}
列 'p' 不存在，对列 city 不过滤，直接选择所有非无效值。
Block processing time: 0.005204 seconds
Computing Block 484 out of 560
Processing Block size=2
begin cleaner{left: ("[FunctionalDependency:(s: {brewery_id}, t: {city})]", 0.0), operator: *, right: (1.0, 1.0), result: 0.0}
列 'p' 不存在，对列 city 不过滤，直接选择所有非无效值。
Block processing time: 0.005484 seconds
Computing Block 485 out of 560
Processing Block size=2
begin cleaner{left: ("[FunctionalDependency:(s: {brewery_id}, t: {city})]", 0.0), operator: *, right: (1.0, 1.0), result: 0.0}
列 'p' 不存在，对列 city 不过滤，直接选择所有非无效值。
Block processing time: 0.00523 seconds
Computing Block 486 out of 560
Processing Block size=14
begin cleaner{left: ("[FunctionalDependency:(s: {brewery_id}, t: {city})]", 0.0), operator: *, right: (1.0, 1.0), result: 0.0}
列 'p' 不存在，对列 city 不过滤，直接选择所有非无效值。
Block processing time: 0.032673 seconds
Computing Block 487 out of 560
Processing Block size=2
begin cleaner{left: ("[FunctionalDependency:(s: {brewery_id}, t: {city})]", 0.0), operator: *, right: (1.0, 1.0), result: 0.0}
列 'p' 不存在，对列 city 不过滤，直接选择所有非无效值。
Block processing time: 0.005203 seconds
Computing Block 489 out of 560
Processing Block size=8
begin cleaner{left: ("[FunctionalDependency:(s: {brewery_id}, t: {city})]", 0.0), operator: *, right: (1.0, 1.0), result: 0.0}
列 'p' 不存在，对列 city 不过滤，直接选择所有非无效值。
Block processing time: 0.019031 seconds
Computing Block 491 out of 560
Processing Block size=7
begin cleaner{left: ("[FunctionalDependency:(s: {brewery_id}, t: {city})]", 0.0), operator: *, right: (1.0, 1.0), result: 0.0}
列 'p' 不存在，对列 city 不过滤，直接选择所有非无效值。
Block processing time: 0.016638 seconds
Computing Block 492 out of 560
Processing Block size=3
begin cleaner{left: ("[FunctionalDependency:(s: {brewery_id}, t: {city})]", 0.0), operator: *, right: (1.0, 1.0), result: 0.0}
列 'p' 不存在，对列 city 不过滤，直接选择所有非无效值。
Block processing time: 0.007487 seconds
Computing Block 493 out of 560
Processing Block size=8
begin cleaner{left: ("[FunctionalDependency:(s: {brewery_id}, t: {city})]", 0.0), operator: *, right: (1.0, 1.0), result: 0.0}
列 'p' 不存在，对列 city 不过滤，直接选择所有非无效值。
Block processing time: 0.018788 seconds
Computing Block 494 out of 560
Processing Block size=23
begin cleaner{left: ("[FunctionalDependency:(s: {brewery_id}, t: {city})]", 0.0), operator: *, right: (1.0, 1.0), result: 0.0}
列 'p' 不存在，对列 city 不过滤，直接选择所有非无效值。
Block processing time: 0.053174 seconds
Computing Block 495 out of 560
Processing Block size=5
begin cleaner{left: ("[FunctionalDependency:(s: {brewery_id}, t: {city})]", 0.0), operator: *, right: (1.0, 1.0), result: 0.0}
列 'p' 不存在，对列 city 不过滤，直接选择所有非无效值。
Block processing time: 0.012058 seconds
Computing Block 496 out of 560
Processing Block size=2
begin cleaner{left: ("[FunctionalDependency:(s: {brewery_id}, t: {city})]", 0.0), operator: *, right: (1.0, 1.0), result: 0.0}
列 'p' 不存在，对列 city 不过滤，直接选择所有非无效值。
Block processing time: 0.005226 seconds
Computing Block 497 out of 560
Processing Block size=2
begin cleaner{left: ("[FunctionalDependency:(s: {brewery_id}, t: {city})]", 0.0), operator: *, right: (1.0, 1.0), result: 0.0}
列 'p' 不存在，对列 city 不过滤，直接选择所有非无效值。
Block processing time: 0.005134 seconds
Computing Block 498 out of 560
Processing Block size=4
begin cleaner{left: ("[FunctionalDependency:(s: {brewery_id}, t: {city})]", 0.0), operator: *, right: (1.0, 1.0), result: 0.0}
列 'p' 不存在，对列 city 不过滤，直接选择所有非无效值。
Block processing time: 0.009764 seconds
Computing Block 499 out of 560
Processing Block size=3
begin cleaner{left: ("[FunctionalDependency:(s: {brewery_id}, t: {city})]", 0.0), operator: *, right: (1.0, 1.0), result: 0.0}
列 'p' 不存在，对列 city 不过滤，直接选择所有非无效值。
Block processing time: 0.007521 seconds
Computing Block 501 out of 560
Processing Block size=4
begin cleaner{left: ("[FunctionalDependency:(s: {brewery_id}, t: {city})]", 0.0), operator: *, right: (1.0, 1.0), result: 0.0}
列 'p' 不存在，对列 city 不过滤，直接选择所有非无效值。
Block processing time: 0.009694 seconds
Computing Block 504 out of 560
Processing Block size=2
begin cleaner{left: ("[FunctionalDependency:(s: {brewery_id}, t: {city})]", 0.0), operator: *, right: (1.0, 1.0), result: 0.0}
列 'p' 不存在，对列 city 不过滤，直接选择所有非无效值。
Block processing time: 0.005289 seconds
Computing Block 505 out of 560
Processing Block size=4
begin cleaner{left: ("[FunctionalDependency:(s: {brewery_id}, t: {city})]", 0.0), operator: *, right: (1.0, 1.0), result: 0.0}
列 'p' 不存在，对列 city 不过滤，直接选择所有非无效值。
Block processing time: 0.009838 seconds
Computing Block 507 out of 560
Processing Block size=4
begin cleaner{left: ("[FunctionalDependency:(s: {brewery_id}, t: {city})]", 0.0), operator: *, right: (1.0, 1.0), result: 0.0}
列 'p' 不存在，对列 city 不过滤，直接选择所有非无效值。
Block processing time: 0.010008 seconds
Computing Block 508 out of 560
Processing Block size=2
begin cleaner{left: ("[FunctionalDependency:(s: {brewery_id}, t: {city})]", 0.0), operator: *, right: (1.0, 1.0), result: 0.0}
列 'p' 不存在，对列 city 不过滤，直接选择所有非无效值。
Block processing time: 0.005246 seconds
Computing Block 509 out of 560
Processing Block size=4
begin cleaner{left: ("[FunctionalDependency:(s: {brewery_id}, t: {city})]", 0.0), operator: *, right: (1.0, 1.0), result: 0.0}
列 'p' 不存在，对列 city 不过滤，直接选择所有非无效值。
Block processing time: 0.009828 seconds
Computing Block 511 out of 560
Processing Block size=3
begin cleaner{left: ("[FunctionalDependency:(s: {brewery_id}, t: {city})]", 0.0), operator: *, right: (1.0, 1.0), result: 0.0}
列 'p' 不存在，对列 city 不过滤，直接选择所有非无效值。
Block processing time: 0.007692 seconds
Computing Block 512 out of 560
Processing Block size=3
begin cleaner{left: ("[FunctionalDependency:(s: {brewery_id}, t: {city})]", 0.0), operator: *, right: (1.0, 1.0), result: 0.0}
列 'p' 不存在，对列 city 不过滤，直接选择所有非无效值。
Block processing time: 0.007417 seconds
Computing Block 513 out of 560
Processing Block size=12
begin cleaner{left: ("[FunctionalDependency:(s: {brewery_id}, t: {city})]", 0.0), operator: *, right: (1.0, 1.0), result: 0.0}
列 'p' 不存在，对列 city 不过滤，直接选择所有非无效值。
Block processing time: 0.027988 seconds
Computing Block 514 out of 560
Processing Block size=8
begin cleaner{left: ("[FunctionalDependency:(s: {brewery_id}, t: {city})]", 0.0), operator: *, right: (1.0, 1.0), result: 0.0}
列 'p' 不存在，对列 city 不过滤，直接选择所有非无效值。
Block processing time: 0.019275 seconds
Computing Block 517 out of 560
Processing Block size=2
begin cleaner{left: ("[FunctionalDependency:(s: {brewery_id}, t: {city})]", 0.0), operator: *, right: (1.0, 1.0), result: 0.0}
列 'p' 不存在，对列 city 不过滤，直接选择所有非无效值。
Block processing time: 0.005253 seconds
Computing Block 519 out of 560
Processing Block size=3
begin cleaner{left: ("[FunctionalDependency:(s: {brewery_id}, t: {city})]", 0.0), operator: *, right: (1.0, 1.0), result: 0.0}
列 'p' 不存在，对列 city 不过滤，直接选择所有非无效值。
Block processing time: 0.007445 seconds
Computing Block 520 out of 560
Processing Block size=18
begin cleaner{left: ("[FunctionalDependency:(s: {brewery_id}, t: {city})]", 0.0), operator: *, right: (1.0, 1.0), result: 0.0}
列 'p' 不存在，对列 city 不过滤，直接选择所有非无效值。
Block processing time: 0.04175 seconds
Computing Block 523 out of 560
Processing Block size=5
begin cleaner{left: ("[FunctionalDependency:(s: {brewery_id}, t: {city})]", 0.0), operator: *, right: (1.0, 1.0), result: 0.0}
列 'p' 不存在，对列 city 不过滤，直接选择所有非无效值。
Block processing time: 0.012179 seconds
Computing Block 524 out of 560
Processing Block size=6
begin cleaner{left: ("[FunctionalDependency:(s: {brewery_id}, t: {city})]", 0.0), operator: *, right: (1.0, 1.0), result: 0.0}
列 'p' 不存在，对列 city 不过滤，直接选择所有非无效值。
Block processing time: 0.01443 seconds
Computing Block 525 out of 560
Processing Block size=12
begin cleaner{left: ("[FunctionalDependency:(s: {brewery_id}, t: {city})]", 0.0), operator: *, right: (1.0, 1.0), result: 0.0}
列 'p' 不存在，对列 city 不过滤，直接选择所有非无效值。
Block processing time: 0.02833 seconds
Computing Block 526 out of 560
Processing Block size=5
begin cleaner{left: ("[FunctionalDependency:(s: {brewery_id}, t: {city})]", 0.0), operator: *, right: (1.0, 1.0), result: 0.0}
列 'p' 不存在，对列 city 不过滤，直接选择所有非无效值。
Block processing time: 0.012233 seconds
Computing Block 527 out of 560
Processing Block size=5
begin cleaner{left: ("[FunctionalDependency:(s: {brewery_id}, t: {city})]", 0.0), operator: *, right: (1.0, 1.0), result: 0.0}
列 'p' 不存在，对列 city 不过滤，直接选择所有非无效值。
Block processing time: 0.012208 seconds
Computing Block 528 out of 560
Processing Block size=5
begin cleaner{left: ("[FunctionalDependency:(s: {brewery_id}, t: {city})]", 0.0), operator: *, right: (1.0, 1.0), result: 0.0}
列 'p' 不存在，对列 city 不过滤，直接选择所有非无效值。
Block processing time: 0.012337 seconds
Computing Block 529 out of 560
Processing Block size=3
begin cleaner{left: ("[FunctionalDependency:(s: {brewery_id}, t: {city})]", 0.0), operator: *, right: (1.0, 1.0), result: 0.0}
列 'p' 不存在，对列 city 不过滤，直接选择所有非无效值。
Block processing time: 0.007595 seconds
Computing Block 530 out of 560
Processing Block size=2
begin cleaner{left: ("[FunctionalDependency:(s: {brewery_id}, t: {city})]", 0.0), operator: *, right: (1.0, 1.0), result: 0.0}
列 'p' 不存在，对列 city 不过滤，直接选择所有非无效值。
Block processing time: 0.005557 seconds
Computing Block 534 out of 560
Processing Block size=3
begin cleaner{left: ("[FunctionalDependency:(s: {brewery_id}, t: {city})]", 0.0), operator: *, right: (1.0, 1.0), result: 0.0}
列 'p' 不存在，对列 city 不过滤，直接选择所有非无效值。
Block processing time: 0.007641 seconds
Computing Block 535 out of 560
Processing Block size=3
begin cleaner{left: ("[FunctionalDependency:(s: {brewery_id}, t: {city})]", 0.0), operator: *, right: (1.0, 1.0), result: 0.0}
列 'p' 不存在，对列 city 不过滤，直接选择所有非无效值。
Block processing time: 0.007851 seconds
Computing Block 536 out of 560
Processing Block size=3
begin cleaner{left: ("[FunctionalDependency:(s: {brewery_id}, t: {city})]", 0.0), operator: *, right: (1.0, 1.0), result: 0.0}
列 'p' 不存在，对列 city 不过滤，直接选择所有非无效值。
Block processing time: 0.007609 seconds
Computing Block 537 out of 560
Processing Block size=7
begin cleaner{left: ("[FunctionalDependency:(s: {brewery_id}, t: {city})]", 0.0), operator: *, right: (1.0, 1.0), result: 0.0}
列 'p' 不存在，对列 city 不过滤，直接选择所有非无效值。
Block processing time: 0.016877 seconds
Computing Block 538 out of 560
Processing Block size=3
begin cleaner{left: ("[FunctionalDependency:(s: {brewery_id}, t: {city})]", 0.0), operator: *, right: (1.0, 1.0), result: 0.0}
列 'p' 不存在，对列 city 不过滤，直接选择所有非无效值。
Block processing time: 0.007578 seconds
Computing Block 539 out of 560
Processing Block size=2
begin cleaner{left: ("[FunctionalDependency:(s: {brewery_id}, t: {city})]", 0.0), operator: *, right: (1.0, 1.0), result: 0.0}
列 'p' 不存在，对列 city 不过滤，直接选择所有非无效值。
Block processing time: 0.005253 seconds
Computing Block 540 out of 560
Processing Block size=3
begin cleaner{left: ("[FunctionalDependency:(s: {brewery_id}, t: {city})]", 0.0), operator: *, right: (1.0, 1.0), result: 0.0}
列 'p' 不存在，对列 city 不过滤，直接选择所有非无效值。
Block processing time: 0.00757 seconds
Computing Block 542 out of 560
Processing Block size=3
begin cleaner{left: ("[FunctionalDependency:(s: {brewery_id}, t: {city})]", 0.0), operator: *, right: (1.0, 1.0), result: 0.0}
列 'p' 不存在，对列 city 不过滤，直接选择所有非无效值。
Block processing time: 0.007576 seconds
Computing Block 543 out of 560
Processing Block size=2
begin cleaner{left: ("[FunctionalDependency:(s: {brewery_id}, t: {city})]", 0.0), operator: *, right: (1.0, 1.0), result: 0.0}WARNING:root:No partitioning rule specified, processing might be slow

列 'p' 不存在，对列 city 不过滤，直接选择所有非无效值。
Block processing time: 0.005374 seconds
Computing Block 544 out of 560
Processing Block size=7
begin cleaner{left: ("[FunctionalDependency:(s: {brewery_id}, t: {city})]", 0.0), operator: *, right: (1.0, 1.0), result: 0.0}
列 'p' 不存在，对列 city 不过滤，直接选择所有非无效值。
Block processing time: 0.016935 seconds
Computing Block 546 out of 560
Processing Block size=4
begin cleaner{left: ("[FunctionalDependency:(s: {brewery_id}, t: {city})]", 0.0), operator: *, right: (1.0, 1.0), result: 0.0}
列 'p' 不存在，对列 city 不过滤，直接选择所有非无效值。
Block processing time: 0.010042 seconds
Computing Block 548 out of 560
Processing Block size=4
begin cleaner{left: ("[FunctionalDependency:(s: {brewery_id}, t: {city})]", 0.0), operator: *, right: (1.0, 1.0), result: 0.0}
列 'p' 不存在，对列 city 不过滤，直接选择所有非无效值。
Block processing time: 0.010104 seconds
Computing Block 549 out of 560
Processing Block size=2
begin cleaner{left: ("[FunctionalDependency:(s: {brewery_id}, t: {city})]", 0.0), operator: *, right: (1.0, 1.0), result: 0.0}
列 'p' 不存在，对列 city 不过滤，直接选择所有非无效值。
Block processing time: 0.005236 seconds
Computing Block 550 out of 560
Processing Block size=3
begin cleaner{left: ("[FunctionalDependency:(s: {brewery_id}, t: {city})]", 0.0), operator: *, right: (1.0, 1.0), result: 0.0}
列 'p' 不存在，对列 city 不过滤，直接选择所有非无效值。
Block processing time: 0.007617 seconds
Computing Block 551 out of 560
Processing Block size=3
begin cleaner{left: ("[FunctionalDependency:(s: {brewery_id}, t: {city})]", 0.0), operator: *, right: (1.0, 1.0), result: 0.0}
列 'p' 不存在，对列 city 不过滤，直接选择所有非无效值。
Block processing time: 0.007691 seconds
Computing Block 552 out of 560
Processing Block size=6
begin cleaner{left: ("[FunctionalDependency:(s: {brewery_id}, t: {city})]", 0.0), operator: *, right: (1.0, 1.0), result: 0.0}
列 'p' 不存在，对列 city 不过滤，直接选择所有非无效值。
Block processing time: 0.01472 seconds
Computing Block 553 out of 560
Processing Block size=2
begin cleaner{left: ("[FunctionalDependency:(s: {brewery_id}, t: {city})]", 0.0), operator: *, right: (1.0, 1.0), result: 0.0}
列 'p' 不存在，对列 city 不过滤，直接选择所有非无效值。
Block processing time: 0.005342 seconds
Computing Block 554 out of 560
Processing Block size=8
begin cleaner{left: ("[FunctionalDependency:(s: {brewery_id}, t: {city})]", 0.0), operator: *, right: (1.0, 1.0), result: 0.0}
列 'p' 不存在，对列 city 不过滤，直接选择所有非无效值。
Block processing time: 0.019317 seconds
Computing Block 556 out of 560
Processing Block size=2
begin cleaner{left: ("[FunctionalDependency:(s: {brewery_id}, t: {city})]", 0.0), operator: *, right: (1.0, 1.0), result: 0.0}
列 'p' 不存在，对列 city 不过滤，直接选择所有非无效值。
Block processing time: 0.005307 seconds
Computing Block 557 out of 560
Processing Block size=4
begin cleaner{left: ("[FunctionalDependency:(s: {brewery_id}, t: {city})]", 0.0), operator: *, right: (1.0, 1.0), result: 0.0}
列 'p' 不存在，对列 city 不过滤，直接选择所有非无效值。
Block processing time: 0.009817 seconds
Computing Block 559 out of 560
Processing Block size=13
begin cleaner{left: ("[FunctionalDependency:(s: {brewery_id}, t: {city})]", 0.0), operator: *, right: (1.0, 1.0), result: 0.0}
列 'p' 不存在，对列 city 不过滤，直接选择所有非无效值。
Block processing time: 0.030806 seconds
Computing Block 560 out of 560
Processing Block size=7
begin cleaner{left: ("[FunctionalDependency:(s: {brewery_id}, t: {city})]", 0.0), operator: *, right: (1.0, 1.0), result: 0.0}
列 'p' 不存在，对列 city 不过滤，直接选择所有非无效值。
Block processing time: 0.016854 seconds
  当前节点: city 无清洗操作
  当前节点: state 存在可用清洗信号
数据块大小: 2410
分块属性:
[['brewery_id']]
Starting initial block mapping...
Initial number of blocks: 560
Final number of blocks after further splitting: 560
Computing Block 1 out of 560
Processing Block size=8
begin cleaner[FunctionalDependency:(s: {'brewery_id'}, t: {'state'})]*1.0
列 'p' 不存在，对列 state 不过滤，直接选择所有非无效值。
Block processing time: 0.020871 seconds
Computing Block 2 out of 560
Processing Block size=5
begin cleaner{left: ("[FunctionalDependency:(s: {brewery_id}, t: {state})]", 0.0), operator: *, right: (1.0, 1.0), result: 0.0}
列 'p' 不存在，对列 state 不过滤，直接选择所有非无效值。
Block processing time: 0.012439 seconds
Computing Block 3 out of 560
Processing Block size=19
begin cleaner{left: ("[FunctionalDependency:(s: {brewery_id}, t: {state})]", 0.0), operator: *, right: (1.0, 1.0), result: 0.0}
列 'p' 不存在，对列 state 不过滤，直接选择所有非无效值。
Block processing time: 0.044086 seconds
Computing Block 4 out of 560
Processing Block size=2
begin cleaner{left: ("[FunctionalDependency:(s: {brewery_id}, t: {state})]", 0.0), operator: *, right: (1.0, 1.0), result: 0.0}
列 'p' 不存在，对列 state 不过滤，直接选择所有非无效值。
Block processing time: 0.005196 seconds
Computing Block 5 out of 560
Processing Block size=4
begin cleaner{left: ("[FunctionalDependency:(s: {brewery_id}, t: {state})]", 0.0), operator: *, right: (1.0, 1.0), result: 0.0}
列 'p' 不存在，对列 state 不过滤，直接选择所有非无效值。
Block processing time: 0.009805 seconds
Computing Block 6 out of 560
Processing Block size=2
begin cleaner{left: ("[FunctionalDependency:(s: {brewery_id}, t: {state})]", 0.0), operator: *, right: (1.0, 1.0), result: 0.0}
列 'p' 不存在，对列 state 不过滤，直接选择所有非无效值。
Block processing time: 0.005205 seconds
Computing Block 7 out of 560
Processing Block size=4
begin cleaner{left: ("[FunctionalDependency:(s: {brewery_id}, t: {state})]", 0.0), operator: *, right: (1.0, 1.0), result: 0.0}
列 'p' 不存在，对列 state 不过滤，直接选择所有非无效值。
Block processing time: 0.00981 seconds
Computing Block 8 out of 560
Processing Block size=2
begin cleaner{left: ("[FunctionalDependency:(s: {brewery_id}, t: {state})]", 0.0), operator: *, right: (1.0, 1.0), result: 0.0}
列 'p' 不存在，对列 state 不过滤，直接选择所有非无效值。
Block processing time: 0.005174 seconds
Computing Block 11 out of 560
Processing Block size=6
begin cleaner{left: ("[FunctionalDependency:(s: {brewery_id}, t: {state})]", 0.0), operator: *, right: (1.0, 1.0), result: 0.0}
列 'p' 不存在，对列 state 不过滤，直接选择所有非无效值。
Block processing time: 0.014376 seconds
Computing Block 12 out of 560
Processing Block size=3
begin cleaner{left: ("[FunctionalDependency:(s: {brewery_id}, t: {state})]", 0.0), operator: *, right: (1.0, 1.0), result: 0.0}
列 'p' 不存在，对列 state 不过滤，直接选择所有非无效值。
Block processing time: 0.007641 seconds
Computing Block 15 out of 560
Processing Block size=5
begin cleaner{left: ("[FunctionalDependency:(s: {brewery_id}, t: {state})]", 0.0), operator: *, right: (1.0, 1.0), result: 0.0}
列 'p' 不存在，对列 state 不过滤，直接选择所有非无效值。
Block processing time: 0.01217 seconds
Computing Block 17 out of 560
Processing Block size=2
begin cleaner{left: ("[FunctionalDependency:(s: {brewery_id}, t: {state})]", 0.0), operator: *, right: (1.0, 1.0), result: 0.0}
列 'p' 不存在，对列 state 不过滤，直接选择所有非无效值。
Block processing time: 0.005317 seconds
Computing Block 18 out of 560
Processing Block size=3
begin cleaner{left: ("[FunctionalDependency:(s: {brewery_id}, t: {state})]", 0.0), operator: *, right: (1.0, 1.0), result: 0.0}
列 'p' 不存在，对列 state 不过滤，直接选择所有非无效值。
Block processing time: 0.007546 seconds
Computing Block 19 out of 560
Processing Block size=3
begin cleaner{left: ("[FunctionalDependency:(s: {brewery_id}, t: {state})]", 0.0), operator: *, right: (1.0, 1.0), result: 0.0}
列 'p' 不存在，对列 state 不过滤，直接选择所有非无效值。
Block processing time: 0.007652 seconds
Computing Block 21 out of 560
Processing Block size=5
begin cleaner{left: ("[FunctionalDependency:(s: {brewery_id}, t: {state})]", 0.0), operator: *, right: (1.0, 1.0), result: 0.0}
列 'p' 不存在，对列 state 不过滤，直接选择所有非无效值。
Block processing time: 0.012232 seconds
Computing Block 24 out of 560
Processing Block size=17
begin cleaner{left: ("[FunctionalDependency:(s: {brewery_id}, t: {state})]", 0.0), operator: *, right: (1.0, 1.0), result: 0.0}
列 'p' 不存在，对列 state 不过滤，直接选择所有非无效值。
Block processing time: 0.039953 seconds
Computing Block 25 out of 560
Processing Block size=7
begin cleaner{left: ("[FunctionalDependency:(s: {brewery_id}, t: {state})]", 0.0), operator: *, right: (1.0, 1.0), result: 0.0}
列 'p' 不存在，对列 state 不过滤，直接选择所有非无效值。
Block processing time: 0.016851 seconds
Computing Block 26 out of 560
Processing Block size=5
begin cleaner{left: ("[FunctionalDependency:(s: {brewery_id}, t: {state})]", 0.0), operator: *, right: (1.0, 1.0), result: 0.0}
列 'p' 不存在，对列 state 不过滤，直接选择所有非无效值。
Block processing time: 0.012015 seconds
Computing Block 27 out of 560
Processing Block size=3
begin cleaner{left: ("[FunctionalDependency:(s: {brewery_id}, t: {state})]", 0.0), operator: *, right: (1.0, 1.0), result: 0.0}
列 'p' 不存在，对列 state 不过滤，直接选择所有非无效值。
Block processing time: 0.007578 seconds
Computing Block 28 out of 560
Processing Block size=8
begin cleaner{left: ("[FunctionalDependency:(s: {brewery_id}, t: {state})]", 0.0), operator: *, right: (1.0, 1.0), result: 0.0}
列 'p' 不存在，对列 state 不过滤，直接选择所有非无效值。
Block processing time: 0.018901 seconds
Computing Block 30 out of 560
Processing Block size=2
begin cleaner{left: ("[FunctionalDependency:(s: {brewery_id}, t: {state})]", 0.0), operator: *, right: (1.0, 1.0), result: 0.0}
列 'p' 不存在，对列 state 不过滤，直接选择所有非无效值。
Block processing time: 0.005377 seconds
Computing Block 31 out of 560
Processing Block size=62
begin cleaner{left: ("[FunctionalDependency:(s: {brewery_id}, t: {state})]", 0.0), operator: *, right: (1.0, 1.0), result: 0.0}
列 'p' 不存在，对列 state 不过滤，直接选择所有非无效值。
Block processing time: 0.14315 seconds
Computing Block 32 out of 560
Processing Block size=6
begin cleaner{left: ("[FunctionalDependency:(s: {brewery_id}, t: {state})]", 0.0), operator: *, right: (1.0, 1.0), result: 0.0}
列 'p' 不存在，对列 state 不过滤，直接选择所有非无效值。
Block processing time: 0.014383 seconds
Computing Block 33 out of 560
Processing Block size=4
begin cleaner{left: ("[FunctionalDependency:(s: {brewery_id}, t: {state})]", 0.0), operator: *, right: (1.0, 1.0), result: 0.0}
列 'p' 不存在，对列 state 不过滤，直接选择所有非无效值。
Block processing time: 0.009928 seconds
Computing Block 34 out of 560
Processing Block size=6
begin cleaner{left: ("[FunctionalDependency:(s: {brewery_id}, t: {state})]", 0.0), operator: *, right: (1.0, 1.0), result: 0.0}
列 'p' 不存在，对列 state 不过滤，直接选择所有非无效值。
Block processing time: 0.014381 seconds
Computing Block 35 out of 560
Processing Block size=3
begin cleaner{left: ("[FunctionalDependency:(s: {brewery_id}, t: {state})]", 0.0), operator: *, right: (1.0, 1.0), result: 0.0}
列 'p' 不存在，对列 state 不过滤，直接选择所有非无效值。
Block processing time: 0.007562 seconds
Computing Block 36 out of 560
Processing Block size=2
begin cleaner{left: ("[FunctionalDependency:(s: {brewery_id}, t: {state})]", 0.0), operator: *, right: (1.0, 1.0), result: 0.0}
列 'p' 不存在，对列 state 不过滤，直接选择所有非无效值。
Block processing time: 0.005234 seconds
Computing Block 37 out of 560
Processing Block size=11
begin cleaner{left: ("[FunctionalDependency:(s: {brewery_id}, t: {state})]", 0.0), operator: *, right: (1.0, 1.0), result: 0.0}
列 'p' 不存在，对列 state 不过滤，直接选择所有非无效值。
Block processing time: 0.025684 seconds
Computing Block 38 out of 560
Processing Block size=3
begin cleaner{left: ("[FunctionalDependency:(s: {brewery_id}, t: {state})]", 0.0), operator: *, right: (1.0, 1.0), result: 0.0}
列 'p' 不存在，对列 state 不过滤，直接选择所有非无效值。
Block processing time: 0.007627 seconds
Computing Block 39 out of 560
Processing Block size=3
begin cleaner{left: ("[FunctionalDependency:(s: {brewery_id}, t: {state})]", 0.0), operator: *, right: (1.0, 1.0), result: 0.0}
列 'p' 不存在，对列 state 不过滤，直接选择所有非无效值。
Block processing time: 0.007542 seconds
Computing Block 40 out of 560
Processing Block size=3
begin cleaner{left: ("[FunctionalDependency:(s: {brewery_id}, t: {state})]", 0.0), operator: *, right: (1.0, 1.0), result: 0.0}
列 'p' 不存在，对列 state 不过滤，直接选择所有非无效值。
Block processing time: 0.007579 seconds
Computing Block 43 out of 560
Processing Block size=12
begin cleaner{left: ("[FunctionalDependency:(s: {brewery_id}, t: {state})]", 0.0), operator: *, right: (1.0, 1.0), result: 0.0}
列 'p' 不存在，对列 state 不过滤，直接选择所有非无效值。
Block processing time: 0.028326 seconds
Computing Block 44 out of 560
Processing Block size=5
begin cleaner{left: ("[FunctionalDependency:(s: {brewery_id}, t: {state})]", 0.0), operator: *, right: (1.0, 1.0), result: 0.0}
列 'p' 不存在，对列 state 不过滤，直接选择所有非无效值。
Block processing time: 0.012115 seconds
Computing Block 46 out of 560
Processing Block size=8
begin cleaner{left: ("[FunctionalDependency:(s: {brewery_id}, t: {state})]", 0.0), operator: *, right: (1.0, 1.0), result: 0.0}
列 'p' 不存在，对列 state 不过滤，直接选择所有非无效值。
Block processing time: 0.019032 seconds
Computing Block 47 out of 560
Processing Block size=9
begin cleaner{left: ("[FunctionalDependency:(s: {brewery_id}, t: {state})]", 0.0), operator: *, right: (1.0, 1.0), result: 0.0}
列 'p' 不存在，对列 state 不过滤，直接选择所有非无效值。
Block processing time: 0.021296 seconds
Computing Block 48 out of 560
Processing Block size=2
begin cleaner{left: ("[FunctionalDependency:(s: {brewery_id}, t: {state})]", 0.0), operator: *, right: (1.0, 1.0), result: 0.0}
列 'p' 不存在，对列 state 不过滤，直接选择所有非无效值。
Block processing time: 0.005211 seconds
Computing Block 50 out of 560
Processing Block size=3
begin cleaner{left: ("[FunctionalDependency:(s: {brewery_id}, t: {state})]", 0.0), operator: *, right: (1.0, 1.0), result: 0.0}
列 'p' 不存在，对列 state 不过滤，直接选择所有非无效值。
Block processing time: 0.007574 seconds
Computing Block 51 out of 560
Processing Block size=4
begin cleaner{left: ("[FunctionalDependency:(s: {brewery_id}, t: {state})]", 0.0), operator: *, right: (1.0, 1.0), result: 0.0}
列 'p' 不存在，对列 state 不过滤，直接选择所有非无效值。
Block processing time: 0.009842 seconds
Computing Block 53 out of 560
Processing Block size=3
begin cleaner{left: ("[FunctionalDependency:(s: {brewery_id}, t: {state})]", 0.0), operator: *, right: (1.0, 1.0), result: 0.0}
列 'p' 不存在，对列 state 不过滤，直接选择所有非无效值。
Block processing time: 0.007511 seconds
Computing Block 54 out of 560
Processing Block size=2
begin cleaner{left: ("[FunctionalDependency:(s: {brewery_id}, t: {state})]", 0.0), operator: *, right: (1.0, 1.0), result: 0.0}
列 'p' 不存在，对列 state 不过滤，直接选择所有非无效值。
Block processing time: 0.00518 seconds
Computing Block 56 out of 560
Processing Block size=11
begin cleaner{left: ("[FunctionalDependency:(s: {brewery_id}, t: {state})]", 0.0), operator: *, right: (1.0, 1.0), result: 0.0}
列 'p' 不存在，对列 state 不过滤，直接选择所有非无效值。
Block processing time: 0.026215 seconds
Computing Block 57 out of 560
Processing Block size=3
begin cleaner{left: ("[FunctionalDependency:(s: {brewery_id}, t: {state})]", 0.0), operator: *, right: (1.0, 1.0), result: 0.0}
列 'p' 不存在，对列 state 不过滤，直接选择所有非无效值。
Block processing time: 0.007561 seconds
Computing Block 58 out of 560
Processing Block size=24
begin cleaner{left: ("[FunctionalDependency:(s: {brewery_id}, t: {state})]", 0.0), operator: *, right: (1.0, 1.0), result: 0.0}
列 'p' 不存在，对列 state 不过滤，直接选择所有非无效值。
Block processing time: 0.055676 seconds
Computing Block 59 out of 560
Processing Block size=2
begin cleaner{left: ("[FunctionalDependency:(s: {brewery_id}, t: {state})]", 0.0), operator: *, right: (1.0, 1.0), result: 0.0}
列 'p' 不存在，对列 state 不过滤，直接选择所有非无效值。
Block processing time: 0.005182 seconds
Computing Block 61 out of 560
Processing Block size=4
begin cleaner{left: ("[FunctionalDependency:(s: {brewery_id}, t: {state})]", 0.0), operator: *, right: (1.0, 1.0), result: 0.0}
列 'p' 不存在，对列 state 不过滤，直接选择所有非无效值。
Block processing time: 0.00981 seconds
Computing Block 62 out of 560
Processing Block size=9
begin cleaner{left: ("[FunctionalDependency:(s: {brewery_id}, t: {state})]", 0.0), operator: *, right: (1.0, 1.0), result: 0.0}
列 'p' 不存在，对列 state 不过滤，直接选择所有非无效值。
Block processing time: 0.021196 seconds
Computing Block 63 out of 560
Processing Block size=13
begin cleaner{left: ("[FunctionalDependency:(s: {brewery_id}, t: {state})]", 0.0), operator: *, right: (1.0, 1.0), result: 0.0}
列 'p' 不存在，对列 state 不过滤，直接选择所有非无效值。
Block processing time: 0.030155 seconds
Computing Block 64 out of 560
Processing Block size=2
begin cleaner{left: ("[FunctionalDependency:(s: {brewery_id}, t: {state})]", 0.0), operator: *, right: (1.0, 1.0), result: 0.0}
列 'p' 不存在，对列 state 不过滤，直接选择所有非无效值。
Block processing time: 0.005236 seconds
Computing Block 66 out of 560
Processing Block size=7
begin cleaner{left: ("[FunctionalDependency:(s: {brewery_id}, t: {state})]", 0.0), operator: *, right: (1.0, 1.0), result: 0.0}
列 'p' 不存在，对列 state 不过滤，直接选择所有非无效值。
Block processing time: 0.016546 seconds
Computing Block 67 out of 560
Processing Block size=10
begin cleaner{left: ("[FunctionalDependency:(s: {brewery_id}, t: {state})]", 0.0), operator: *, right: (1.0, 1.0), result: 0.0}
列 'p' 不存在，对列 state 不过滤，直接选择所有非无效值。
Block processing time: 0.023432 seconds
Computing Block 68 out of 560
Processing Block size=2
begin cleaner{left: ("[FunctionalDependency:(s: {brewery_id}, t: {state})]", 0.0), operator: *, right: (1.0, 1.0), result: 0.0}
列 'p' 不存在，对列 state 不过滤，直接选择所有非无效值。
Block processing time: 0.005158 seconds
Computing Block 70 out of 560
Processing Block size=2
begin cleaner{left: ("[FunctionalDependency:(s: {brewery_id}, t: {state})]", 0.0), operator: *, right: (1.0, 1.0), result: 0.0}
列 'p' 不存在，对列 state 不过滤，直接选择所有非无效值。
Block processing time: 0.00523 seconds
Computing Block 71 out of 560
Processing Block size=2
begin cleaner{left: ("[FunctionalDependency:(s: {brewery_id}, t: {state})]", 0.0), operator: *, right: (1.0, 1.0), result: 0.0}
列 'p' 不存在，对列 state 不过滤，直接选择所有非无效值。
Block processing time: 0.005219 seconds
Computing Block 72 out of 560
Processing Block size=4
begin cleaner{left: ("[FunctionalDependency:(s: {brewery_id}, t: {state})]", 0.0), operator: *, right: (1.0, 1.0), result: 0.0}
列 'p' 不存在，对列 state 不过滤，直接选择所有非无效值。
Block processing time: 0.009833 seconds
Computing Block 74 out of 560
Processing Block size=7
begin cleaner{left: ("[FunctionalDependency:(s: {brewery_id}, t: {state})]", 0.0), operator: *, right: (1.0, 1.0), result: 0.0}
列 'p' 不存在，对列 state 不过滤，直接选择所有非无效值。
Block processing time: 0.016662 seconds
Computing Block 76 out of 560
Processing Block size=2
begin cleaner{left: ("[FunctionalDependency:(s: {brewery_id}, t: {state})]", 0.0), operator: *, right: (1.0, 1.0), result: 0.0}
列 'p' 不存在，对列 state 不过滤，直接选择所有非无效值。
Block processing time: 0.005273 seconds
Computing Block 77 out of 560
Processing Block size=9
begin cleaner{left: ("[FunctionalDependency:(s: {brewery_id}, t: {state})]", 0.0), operator: *, right: (1.0, 1.0), result: 0.0}
列 'p' 不存在，对列 state 不过滤，直接选择所有非无效值。
Block processing time: 0.021367 seconds
Computing Block 78 out of 560
Processing Block size=6
begin cleaner{left: ("[FunctionalDependency:(s: {brewery_id}, t: {state})]", 0.0), operator: *, right: (1.0, 1.0), result: 0.0}
列 'p' 不存在，对列 state 不过滤，直接选择所有非无效值。
Block processing time: 0.014431 seconds
Computing Block 79 out of 560
Processing Block size=3
begin cleaner{left: ("[FunctionalDependency:(s: {brewery_id}, t: {state})]", 0.0), operator: *, right: (1.0, 1.0), result: 0.0}
列 'p' 不存在，对列 state 不过滤，直接选择所有非无效值。
Block processing time: 0.007467 seconds
Computing Block 81 out of 560
Processing Block size=4
begin cleaner{left: ("[FunctionalDependency:(s: {brewery_id}, t: {state})]", 0.0), operator: *, right: (1.0, 1.0), result: 0.0}
列 'p' 不存在，对列 state 不过滤，直接选择所有非无效值。
Block processing time: 0.009919 seconds
Computing Block 82 out of 560
Processing Block size=2
begin cleaner{left: ("[FunctionalDependency:(s: {brewery_id}, t: {state})]", 0.0), operator: *, right: (1.0, 1.0), result: 0.0}
列 'p' 不存在，对列 state 不过滤，直接选择所有非无效值。
Block processing time: 0.005264 seconds
Computing Block 83 out of 560
Processing Block size=17
begin cleaner{left: ("[FunctionalDependency:(s: {brewery_id}, t: {state})]", 0.0), operator: *, right: (1.0, 1.0), result: 0.0}
列 'p' 不存在，对列 state 不过滤，直接选择所有非无效值。
Block processing time: 0.039801 seconds
Computing Block 84 out of 560
Processing Block size=3
begin cleaner{left: ("[FunctionalDependency:(s: {brewery_id}, t: {state})]", 0.0), operator: *, right: (1.0, 1.0), result: 0.0}
列 'p' 不存在，对列 state 不过滤，直接选择所有非无效值。
Block processing time: 0.007611 seconds
Computing Block 87 out of 560
Processing Block size=2
begin cleaner{left: ("[FunctionalDependency:(s: {brewery_id}, t: {state})]", 0.0), operator: *, right: (1.0, 1.0), result: 0.0}
列 'p' 不存在，对列 state 不过滤，直接选择所有非无效值。
Block processing time: 0.005307 seconds
Computing Block 88 out of 560
Processing Block size=2
begin cleaner{left: ("[FunctionalDependency:(s: {brewery_id}, t: {state})]", 0.0), operator: *, right: (1.0, 1.0), result: 0.0}
列 'p' 不存在，对列 state 不过滤，直接选择所有非无效值。
Block processing time: 0.005216 seconds
Computing Block 89 out of 560
Processing Block size=4
begin cleaner{left: ("[FunctionalDependency:(s: {brewery_id}, t: {state})]", 0.0), operator: *, right: (1.0, 1.0), result: 0.0}
列 'p' 不存在，对列 state 不过滤，直接选择所有非无效值。
Block processing time: 0.010148 seconds
Computing Block 90 out of 560
Processing Block size=7
begin cleaner{left: ("[FunctionalDependency:(s: {brewery_id}, t: {state})]", 0.0), operator: *, right: (1.0, 1.0), result: 0.0}
列 'p' 不存在，对列 state 不过滤，直接选择所有非无效值。
Block processing time: 0.016898 seconds
Computing Block 91 out of 560
Processing Block size=4
begin cleaner{left: ("[FunctionalDependency:(s: {brewery_id}, t: {state})]", 0.0), operator: *, right: (1.0, 1.0), result: 0.0}
列 'p' 不存在，对列 state 不过滤，直接选择所有非无效值。
Block processing time: 0.009862 seconds
Computing Block 92 out of 560
Processing Block size=6
begin cleaner{left: ("[FunctionalDependency:(s: {brewery_id}, t: {state})]", 0.0), operator: *, right: (1.0, 1.0), result: 0.0}
列 'p' 不存在，对列 state 不过滤，直接选择所有非无效值。
Block processing time: 0.014428 seconds
Computing Block 93 out of 560
Processing Block size=18
begin cleaner{left: ("[FunctionalDependency:(s: {brewery_id}, t: {state})]", 0.0), operator: *, right: (1.0, 1.0), result: 0.0}
列 'p' 不存在，对列 state 不过滤，直接选择所有非无效值。
Block processing time: 0.041863 seconds
Computing Block 94 out of 560
Processing Block size=6
begin cleaner{left: ("[FunctionalDependency:(s: {brewery_id}, t: {state})]", 0.0), operator: *, right: (1.0, 1.0), result: 0.0}
列 'p' 不存在，对列 state 不过滤，直接选择所有非无效值。
Block processing time: 0.014568 seconds
Computing Block 95 out of 560
Processing Block size=4
begin cleaner{left: ("[FunctionalDependency:(s: {brewery_id}, t: {state})]", 0.0), operator: *, right: (1.0, 1.0), result: 0.0}
列 'p' 不存在，对列 state 不过滤，直接选择所有非无效值。
Block processing time: 0.00991 seconds
Computing Block 96 out of 560
Processing Block size=2
begin cleaner{left: ("[FunctionalDependency:(s: {brewery_id}, t: {state})]", 0.0), operator: *, right: (1.0, 1.0), result: 0.0}
列 'p' 不存在，对列 state 不过滤，直接选择所有非无效值。
Block processing time: 0.005219 seconds
Computing Block 97 out of 560
Processing Block size=3
begin cleaner{left: ("[FunctionalDependency:(s: {brewery_id}, t: {state})]", 0.0), operator: *, right: (1.0, 1.0), result: 0.0}
列 'p' 不存在，对列 state 不过滤，直接选择所有非无效值。
Block processing time: 0.007551 seconds
Computing Block 98 out of 560
Processing Block size=2
begin cleaner{left: ("[FunctionalDependency:(s: {brewery_id}, t: {state})]", 0.0), operator: *, right: (1.0, 1.0), result: 0.0}
列 'p' 不存在，对列 state 不过滤，直接选择所有非无效值。
Block processing time: 0.005209 seconds
Computing Block 99 out of 560
Processing Block size=3
begin cleaner{left: ("[FunctionalDependency:(s: {brewery_id}, t: {state})]", 0.0), operator: *, right: (1.0, 1.0), result: 0.0}
列 'p' 不存在，对列 state 不过滤，直接选择所有非无效值。
Block processing time: 0.007534 seconds
Computing Block 102 out of 560
Processing Block size=3
begin cleaner{left: ("[FunctionalDependency:(s: {brewery_id}, t: {state})]", 0.0), operator: *, right: (1.0, 1.0), result: 0.0}
列 'p' 不存在，对列 state 不过滤，直接选择所有非无效值。
Block processing time: 0.007625 seconds
Computing Block 103 out of 560
Processing Block size=6
begin cleaner{left: ("[FunctionalDependency:(s: {brewery_id}, t: {state})]", 0.0), operator: *, right: (1.0, 1.0), result: 0.0}
列 'p' 不存在，对列 state 不过滤，直接选择所有非无效值。
Block processing time: 0.014482 seconds
Computing Block 104 out of 560
Processing Block size=5
begin cleaner{left: ("[FunctionalDependency:(s: {brewery_id}, t: {state})]", 0.0), operator: *, right: (1.0, 1.0), result: 0.0}
列 'p' 不存在，对列 state 不过滤，直接选择所有非无效值。
Block processing time: 0.012131 seconds
Computing Block 105 out of 560
Processing Block size=2
begin cleaner{left: ("[FunctionalDependency:(s: {brewery_id}, t: {state})]", 0.0), operator: *, right: (1.0, 1.0), result: 0.0}
列 'p' 不存在，对列 state 不过滤，直接选择所有非无效值。
Block processing time: 0.005325 seconds
Computing Block 106 out of 560
Processing Block size=20
begin cleaner{left: ("[FunctionalDependency:(s: {brewery_id}, t: {state})]", 0.0), operator: *, right: (1.0, 1.0), result: 0.0}
列 'p' 不存在，对列 state 不过滤，直接选择所有非无效值。
Block processing time: 0.0465 seconds
Computing Block 107 out of 560
Processing Block size=8
begin cleaner{left: ("[FunctionalDependency:(s: {brewery_id}, t: {state})]", 0.0), operator: *, right: (1.0, 1.0), result: 0.0}
列 'p' 不存在，对列 state 不过滤，直接选择所有非无效值。
Block processing time: 0.019177 seconds
Computing Block 108 out of 560
Processing Block size=2
begin cleaner{left: ("[FunctionalDependency:(s: {brewery_id}, t: {state})]", 0.0), operator: *, right: (1.0, 1.0), result: 0.0}
列 'p' 不存在，对列 state 不过滤，直接选择所有非无效值。
Block processing time: 0.00522 seconds
Computing Block 109 out of 560
Processing Block size=5
begin cleaner{left: ("[FunctionalDependency:(s: {brewery_id}, t: {state})]", 0.0), operator: *, right: (1.0, 1.0), result: 0.0}
列 'p' 不存在，对列 state 不过滤，直接选择所有非无效值。
Block processing time: 0.012152 seconds
Computing Block 110 out of 560
Processing Block size=4
begin cleaner{left: ("[FunctionalDependency:(s: {brewery_id}, t: {state})]", 0.0), operator: *, right: (1.0, 1.0), result: 0.0}
列 'p' 不存在，对列 state 不过滤，直接选择所有非无效值。
Block processing time: 0.009929 seconds
Computing Block 112 out of 560
Processing Block size=6
begin cleaner{left: ("[FunctionalDependency:(s: {brewery_id}, t: {state})]", 0.0), operator: *, right: (1.0, 1.0), result: 0.0}
列 'p' 不存在，对列 state 不过滤，直接选择所有非无效值。
Block processing time: 0.014537 seconds
Computing Block 113 out of 560
Processing Block size=2
begin cleaner{left: ("[FunctionalDependency:(s: {brewery_id}, t: {state})]", 0.0), operator: *, right: (1.0, 1.0), result: 0.0}
列 'p' 不存在，对列 state 不过滤，直接选择所有非无效值。
Block processing time: 0.005309 seconds
Computing Block 114 out of 560
Processing Block size=4
begin cleaner{left: ("[FunctionalDependency:(s: {brewery_id}, t: {state})]", 0.0), operator: *, right: (1.0, 1.0), result: 0.0}
列 'p' 不存在，对列 state 不过滤，直接选择所有非无效值。
Block processing time: 0.00984 seconds
Computing Block 115 out of 560
Processing Block size=2
begin cleaner{left: ("[FunctionalDependency:(s: {brewery_id}, t: {state})]", 0.0), operator: *, right: (1.0, 1.0), result: 0.0}
列 'p' 不存在，对列 state 不过滤，直接选择所有非无效值。
Block processing time: 0.005445 seconds
Computing Block 116 out of 560
Processing Block size=2
begin cleaner{left: ("[FunctionalDependency:(s: {brewery_id}, t: {state})]", 0.0), operator: *, right: (1.0, 1.0), result: 0.0}
列 'p' 不存在，对列 state 不过滤，直接选择所有非无效值。
Block processing time: 0.00524 seconds
Computing Block 117 out of 560
Processing Block size=6
begin cleaner{left: ("[FunctionalDependency:(s: {brewery_id}, t: {state})]", 0.0), operator: *, right: (1.0, 1.0), result: 0.0}
列 'p' 不存在，对列 state 不过滤，直接选择所有非无效值。
Block processing time: 0.014451 seconds
Computing Block 120 out of 560
Processing Block size=5
begin cleaner{left: ("[FunctionalDependency:(s: {brewery_id}, t: {state})]", 0.0), operator: *, right: (1.0, 1.0), result: 0.0}
列 'p' 不存在，对列 state 不过滤，直接选择所有非无效值。
Block processing time: 0.012168 seconds
Computing Block 122 out of 560
Processing Block size=38
begin cleaner{left: ("[FunctionalDependency:(s: {brewery_id}, t: {state})]", 0.0), operator: *, right: (1.0, 1.0), result: 0.0}
列 'p' 不存在，对列 state 不过滤，直接选择所有非无效值。
Block processing time: 0.088004 seconds
Computing Block 123 out of 560
Processing Block size=6
begin cleaner{left: ("[FunctionalDependency:(s: {brewery_id}, t: {state})]", 0.0), operator: *, right: (1.0, 1.0), result: 0.0}
列 'p' 不存在，对列 state 不过滤，直接选择所有非无效值。
Block processing time: 0.014312 seconds
Computing Block 124 out of 560
Processing Block size=4
begin cleaner{left: ("[FunctionalDependency:(s: {brewery_id}, t: {state})]", 0.0), operator: *, right: (1.0, 1.0), result: 0.0}
列 'p' 不存在，对列 state 不过滤，直接选择所有非无效值。
Block processing time: 0.009807 seconds
Computing Block 125 out of 560
Processing Block size=3
begin cleaner{left: ("[FunctionalDependency:(s: {brewery_id}, t: {state})]", 0.0), operator: *, right: (1.0, 1.0), result: 0.0}
列 'p' 不存在，对列 state 不过滤，直接选择所有非无效值。
Block processing time: 0.007484 seconds
Computing Block 126 out of 560
Processing Block size=6
begin cleaner{left: ("[FunctionalDependency:(s: {brewery_id}, t: {state})]", 0.0), operator: *, right: (1.0, 1.0), result: 0.0}
列 'p' 不存在，对列 state 不过滤，直接选择所有非无效值。
Block processing time: 0.014413 seconds
Computing Block 127 out of 560
Processing Block size=8
begin cleaner{left: ("[FunctionalDependency:(s: {brewery_id}, t: {state})]", 0.0), operator: *, right: (1.0, 1.0), result: 0.0}
列 'p' 不存在，对列 state 不过滤，直接选择所有非无效值。
Block processing time: 0.01874 seconds
Computing Block 128 out of 560
Processing Block size=4
begin cleaner{left: ("[FunctionalDependency:(s: {brewery_id}, t: {state})]", 0.0), operator: *, right: (1.0, 1.0), result: 0.0}
列 'p' 不存在，对列 state 不过滤，直接选择所有非无效值。
Block processing time: 0.009802 seconds
Computing Block 129 out of 560
Processing Block size=4
begin cleaner{left: ("[FunctionalDependency:(s: {brewery_id}, t: {state})]", 0.0), operator: *, right: (1.0, 1.0), result: 0.0}
列 'p' 不存在，对列 state 不过滤，直接选择所有非无效值。
Block processing time: 0.009852 seconds
Computing Block 130 out of 560
Processing Block size=5
begin cleaner{left: ("[FunctionalDependency:(s: {brewery_id}, t: {state})]", 0.0), operator: *, right: (1.0, 1.0), result: 0.0}
列 'p' 不存在，对列 state 不过滤，直接选择所有非无效值。
Block processing time: 0.012056 seconds
Computing Block 131 out of 560
Processing Block size=7
begin cleaner{left: ("[FunctionalDependency:(s: {brewery_id}, t: {state})]", 0.0), operator: *, right: (1.0, 1.0), result: 0.0}
列 'p' 不存在，对列 state 不过滤，直接选择所有非无效值。
Block processing time: 0.016636 seconds
Computing Block 132 out of 560
Processing Block size=3
begin cleaner{left: ("[FunctionalDependency:(s: {brewery_id}, t: {state})]", 0.0), operator: *, right: (1.0, 1.0), result: 0.0}
列 'p' 不存在，对列 state 不过滤，直接选择所有非无效值。
Block processing time: 0.007577 seconds
Computing Block 133 out of 560
Processing Block size=11
begin cleaner{left: ("[FunctionalDependency:(s: {brewery_id}, t: {state})]", 0.0), operator: *, right: (1.0, 1.0), result: 0.0}
列 'p' 不存在，对列 state 不过滤，直接选择所有非无效值。
Block processing time: 0.025747 seconds
Computing Block 134 out of 560
Processing Block size=3
begin cleaner{left: ("[FunctionalDependency:(s: {brewery_id}, t: {state})]", 0.0), operator: *, right: (1.0, 1.0), result: 0.0}
列 'p' 不存在，对列 state 不过滤，直接选择所有非无效值。
Block processing time: 0.007585 seconds
Computing Block 136 out of 560
Processing Block size=5
begin cleaner{left: ("[FunctionalDependency:(s: {brewery_id}, t: {state})]", 0.0), operator: *, right: (1.0, 1.0), result: 0.0}
列 'p' 不存在，对列 state 不过滤，直接选择所有非无效值。
Block processing time: 0.012085 seconds
Computing Block 137 out of 560
Processing Block size=7
begin cleaner{left: ("[FunctionalDependency:(s: {brewery_id}, t: {state})]", 0.0), operator: *, right: (1.0, 1.0), result: 0.0}
列 'p' 不存在，对列 state 不过滤，直接选择所有非无效值。
Block processing time: 0.016642 seconds
Computing Block 138 out of 560
Processing Block size=4
begin cleaner{left: ("[FunctionalDependency:(s: {brewery_id}, t: {state})]", 0.0), operator: *, right: (1.0, 1.0), result: 0.0}
列 'p' 不存在，对列 state 不过滤，直接选择所有非无效值。
Block processing time: 0.009685 seconds
Computing Block 139 out of 560
Processing Block size=3
begin cleaner{left: ("[FunctionalDependency:(s: {brewery_id}, t: {state})]", 0.0), operator: *, right: (1.0, 1.0), result: 0.0}
列 'p' 不存在，对列 state 不过滤，直接选择所有非无效值。
Block processing time: 0.007559 seconds
Computing Block 140 out of 560
Processing Block size=9
begin cleaner{left: ("[FunctionalDependency:(s: {brewery_id}, t: {state})]", 0.0), operator: *, right: (1.0, 1.0), result: 0.0}
列 'p' 不存在，对列 state 不过滤，直接选择所有非无效值。
Block processing time: 0.021139 seconds
Computing Block 141 out of 560
Processing Block size=3
begin cleaner{left: ("[FunctionalDependency:(s: {brewery_id}, t: {state})]", 0.0), operator: *, right: (1.0, 1.0), result: 0.0}
列 'p' 不存在，对列 state 不过滤，直接选择所有非无效值。
Block processing time: 0.007458 seconds
Computing Block 142 out of 560
Processing Block size=2
begin cleaner{left: ("[FunctionalDependency:(s: {brewery_id}, t: {state})]", 0.0), operator: *, right: (1.0, 1.0), result: 0.0}
列 'p' 不存在，对列 state 不过滤，直接选择所有非无效值。
Block processing time: 0.005389 seconds
Computing Block 144 out of 560
Processing Block size=2
begin cleaner{left: ("[FunctionalDependency:(s: {brewery_id}, t: {state})]", 0.0), operator: *, right: (1.0, 1.0), result: 0.0}
列 'p' 不存在，对列 state 不过滤，直接选择所有非无效值。
Block processing time: 0.005182 seconds
Computing Block 145 out of 560
Processing Block size=5
begin cleaner{left: ("[FunctionalDependency:(s: {brewery_id}, t: {state})]", 0.0), operator: *, right: (1.0, 1.0), result: 0.0}
列 'p' 不存在，对列 state 不过滤，直接选择所有非无效值。
Block processing time: 0.01212 seconds
Computing Block 146 out of 560
Processing Block size=20
begin cleaner{left: ("[FunctionalDependency:(s: {brewery_id}, t: {state})]", 0.0), operator: *, right: (1.0, 1.0), result: 0.0}
列 'p' 不存在，对列 state 不过滤，直接选择所有非无效值。
Block processing time: 0.046241 seconds
Computing Block 147 out of 560
Processing Block size=2
begin cleaner{left: ("[FunctionalDependency:(s: {brewery_id}, t: {state})]", 0.0), operator: *, right: (1.0, 1.0), result: 0.0}
列 'p' 不存在，对列 state 不过滤，直接选择所有非无效值。
Block processing time: 0.005248 seconds
Computing Block 150 out of 560
Processing Block size=5
begin cleaner{left: ("[FunctionalDependency:(s: {brewery_id}, t: {state})]", 0.0), operator: *, right: (1.0, 1.0), result: 0.0}
列 'p' 不存在，对列 state 不过滤，直接选择所有非无效值。
Block processing time: 0.012074 seconds
Computing Block 151 out of 560
Processing Block size=5
begin cleaner{left: ("[FunctionalDependency:(s: {brewery_id}, t: {state})]", 0.0), operator: *, right: (1.0, 1.0), result: 0.0}
列 'p' 不存在，对列 state 不过滤，直接选择所有非无效值。
Block processing time: 0.012121 seconds
Computing Block 152 out of 560
Processing Block size=3
begin cleaner{left: ("[FunctionalDependency:(s: {brewery_id}, t: {state})]", 0.0), operator: *, right: (1.0, 1.0), result: 0.0}
列 'p' 不存在，对列 state 不过滤，直接选择所有非无效值。
Block processing time: 0.007414 seconds
Computing Block 154 out of 560
Processing Block size=3
begin cleaner{left: ("[FunctionalDependency:(s: {brewery_id}, t: {state})]", 0.0), operator: *, right: (1.0, 1.0), result: 0.0}
列 'p' 不存在，对列 state 不过滤，直接选择所有非无效值。
Block processing time: 0.007529 seconds
Computing Block 155 out of 560
Processing Block size=6
begin cleaner{left: ("[FunctionalDependency:(s: {brewery_id}, t: {state})]", 0.0), operator: *, right: (1.0, 1.0), result: 0.0}
列 'p' 不存在，对列 state 不过滤，直接选择所有非无效值。
Block processing time: 0.014471 seconds
Computing Block 156 out of 560
Processing Block size=2
begin cleaner{left: ("[FunctionalDependency:(s: {brewery_id}, t: {state})]", 0.0), operator: *, right: (1.0, 1.0), result: 0.0}
列 'p' 不存在，对列 state 不过滤，直接选择所有非无效值。
Block processing time: 0.005147 seconds
Computing Block 157 out of 560
Processing Block size=7
begin cleaner{left: ("[FunctionalDependency:(s: {brewery_id}, t: {state})]", 0.0), operator: *, right: (1.0, 1.0), result: 0.0}
列 'p' 不存在，对列 state 不过滤，直接选择所有非无效值。
Block processing time: 0.01665 seconds
Computing Block 158 out of 560
Processing Block size=7
begin cleaner{left: ("[FunctionalDependency:(s: {brewery_id}, t: {state})]", 0.0), operator: *, right: (1.0, 1.0), result: 0.0}
列 'p' 不存在，对列 state 不过滤，直接选择所有非无效值。
Block processing time: 0.016606 seconds
Computing Block 159 out of 560
Processing Block size=4
begin cleaner{left: ("[FunctionalDependency:(s: {brewery_id}, t: {state})]", 0.0), operator: *, right: (1.0, 1.0), result: 0.0}
列 'p' 不存在，对列 state 不过滤，直接选择所有非无效值。
Block processing time: 0.009785 seconds
Computing Block 160 out of 560
Processing Block size=2
begin cleaner{left: ("[FunctionalDependency:(s: {brewery_id}, t: {state})]", 0.0), operator: *, right: (1.0, 1.0), result: 0.0}
列 'p' 不存在，对列 state 不过滤，直接选择所有非无效值。
Block processing time: 0.005222 seconds
Computing Block 161 out of 560
Processing Block size=4
begin cleaner{left: ("[FunctionalDependency:(s: {brewery_id}, t: {state})]", 0.0), operator: *, right: (1.0, 1.0), result: 0.0}
列 'p' 不存在，对列 state 不过滤，直接选择所有非无效值。
Block processing time: 0.009789 seconds
Computing Block 162 out of 560
Processing Block size=4
begin cleaner{left: ("[FunctionalDependency:(s: {brewery_id}, t: {state})]", 0.0), operator: *, right: (1.0, 1.0), result: 0.0}
列 'p' 不存在，对列 state 不过滤，直接选择所有非无效值。
Block processing time: 0.0098 seconds
Computing Block 163 out of 560
Processing Block size=4
begin cleaner{left: ("[FunctionalDependency:(s: {brewery_id}, t: {state})]", 0.0), operator: *, right: (1.0, 1.0), result: 0.0}
列 'p' 不存在，对列 state 不过滤，直接选择所有非无效值。
Block processing time: 0.009833 seconds
Computing Block 164 out of 560
Processing Block size=4
begin cleaner{left: ("[FunctionalDependency:(s: {brewery_id}, t: {state})]", 0.0), operator: *, right: (1.0, 1.0), result: 0.0}
列 'p' 不存在，对列 state 不过滤，直接选择所有非无效值。
Block processing time: 0.009836 seconds
Computing Block 165 out of 560
Processing Block size=3
begin cleaner{left: ("[FunctionalDependency:(s: {brewery_id}, t: {state})]", 0.0), operator: *, right: (1.0, 1.0), result: 0.0}
列 'p' 不存在，对列 state 不过滤，直接选择所有非无效值。
Block processing time: 0.007541 seconds
Computing Block 166 out of 560
Processing Block size=2
begin cleaner{left: ("[FunctionalDependency:(s: {brewery_id}, t: {state})]", 0.0), operator: *, right: (1.0, 1.0), result: 0.0}
列 'p' 不存在，对列 state 不过滤，直接选择所有非无效值。
Block processing time: 0.005192 seconds
Computing Block 167 out of 560
Processing Block size=3
begin cleaner{left: ("[FunctionalDependency:(s: {brewery_id}, t: {state})]", 0.0), operator: *, right: (1.0, 1.0), result: 0.0}
列 'p' 不存在，对列 state 不过滤，直接选择所有非无效值。
Block processing time: 0.007513 seconds
Computing Block 168 out of 560
Processing Block size=3
begin cleaner{left: ("[FunctionalDependency:(s: {brewery_id}, t: {state})]", 0.0), operator: *, right: (1.0, 1.0), result: 0.0}
列 'p' 不存在，对列 state 不过滤，直接选择所有非无效值。
Block processing time: 0.007584 seconds
Computing Block 172 out of 560
Processing Block size=3
begin cleaner{left: ("[FunctionalDependency:(s: {brewery_id}, t: {state})]", 0.0), operator: *, right: (1.0, 1.0), result: 0.0}
列 'p' 不存在，对列 state 不过滤，直接选择所有非无效值。
Block processing time: 0.00777 seconds
Computing Block 173 out of 560
Processing Block size=6
begin cleaner{left: ("[FunctionalDependency:(s: {brewery_id}, t: {state})]", 0.0), operator: *, right: (1.0, 1.0), result: 0.0}
列 'p' 不存在，对列 state 不过滤，直接选择所有非无效值。
Block processing time: 0.014565 seconds
Computing Block 175 out of 560
Processing Block size=8
begin cleaner{left: ("[FunctionalDependency:(s: {brewery_id}, t: {state})]", 0.0), operator: *, right: (1.0, 1.0), result: 0.0}
列 'p' 不存在，对列 state 不过滤，直接选择所有非无效值。
Block processing time: 0.019113 seconds
Computing Block 178 out of 560
Processing Block size=2
begin cleaner{left: ("[FunctionalDependency:(s: {brewery_id}, t: {state})]", 0.0), operator: *, right: (1.0, 1.0), result: 0.0}
列 'p' 不存在，对列 state 不过滤，直接选择所有非无效值。
Block processing time: 0.005265 seconds
Computing Block 179 out of 560
Processing Block size=5
begin cleaner{left: ("[FunctionalDependency:(s: {brewery_id}, t: {state})]", 0.0), operator: *, right: (1.0, 1.0), result: 0.0}
列 'p' 不存在，对列 state 不过滤，直接选择所有非无效值。
Block processing time: 0.012218 seconds
Computing Block 181 out of 560
Processing Block size=18
begin cleaner{left: ("[FunctionalDependency:(s: {brewery_id}, t: {state})]", 0.0), operator: *, right: (1.0, 1.0), result: 0.0}
列 'p' 不存在，对列 state 不过滤，直接选择所有非无效值。
Block processing time: 0.042063 seconds
Computing Block 183 out of 560
Processing Block size=6
begin cleaner{left: ("[FunctionalDependency:(s: {brewery_id}, t: {state})]", 0.0), operator: *, right: (1.0, 1.0), result: 0.0}
列 'p' 不存在，对列 state 不过滤，直接选择所有非无效值。
Block processing time: 0.01457 seconds
Computing Block 184 out of 560
Processing Block size=2
begin cleaner{left: ("[FunctionalDependency:(s: {brewery_id}, t: {state})]", 0.0), operator: *, right: (1.0, 1.0), result: 0.0}
列 'p' 不存在，对列 state 不过滤，直接选择所有非无效值。
Block processing time: 0.005264 seconds
Computing Block 185 out of 560
Processing Block size=5
begin cleaner{left: ("[FunctionalDependency:(s: {brewery_id}, t: {state})]", 0.0), operator: *, right: (1.0, 1.0), result: 0.0}
列 'p' 不存在，对列 state 不过滤，直接选择所有非无效值。
Block processing time: 0.012086 seconds
Computing Block 186 out of 560
Processing Block size=5
begin cleaner{left: ("[FunctionalDependency:(s: {brewery_id}, t: {state})]", 0.0), operator: *, right: (1.0, 1.0), result: 0.0}
列 'p' 不存在，对列 state 不过滤，直接选择所有非无效值。
Block processing time: 0.012182 seconds
Computing Block 189 out of 560
Processing Block size=9
begin cleaner{left: ("[FunctionalDependency:(s: {brewery_id}, t: {state})]", 0.0), operator: *, right: (1.0, 1.0), result: 0.0}
列 'p' 不存在，对列 state 不过滤，直接选择所有非无效值。
Block processing time: 0.021543 seconds
Computing Block 190 out of 560
Processing Block size=6
begin cleaner{left: ("[FunctionalDependency:(s: {brewery_id}, t: {state})]", 0.0), operator: *, right: (1.0, 1.0), result: 0.0}
列 'p' 不存在，对列 state 不过滤，直接选择所有非无效值。
Block processing time: 0.014536 seconds
Computing Block 191 out of 560
Processing Block size=8
begin cleaner{left: ("[FunctionalDependency:(s: {brewery_id}, t: {state})]", 0.0), operator: *, right: (1.0, 1.0), result: 0.0}
列 'p' 不存在，对列 state 不过滤，直接选择所有非无效值。
Block processing time: 0.019187 seconds
Computing Block 192 out of 560
Processing Block size=2
begin cleaner{left: ("[FunctionalDependency:(s: {brewery_id}, t: {state})]", 0.0), operator: *, right: (1.0, 1.0), result: 0.0}
列 'p' 不存在，对列 state 不过滤，直接选择所有非无效值。
Block processing time: 0.005218 seconds
Computing Block 193 out of 560
Processing Block size=5
begin cleaner{left: ("[FunctionalDependency:(s: {brewery_id}, t: {state})]", 0.0), operator: *, right: (1.0, 1.0), result: 0.0}
列 'p' 不存在，对列 state 不过滤，直接选择所有非无效值。
Block processing time: 0.012158 seconds
Computing Block 194 out of 560
Processing Block size=5
begin cleaner{left: ("[FunctionalDependency:(s: {brewery_id}, t: {state})]", 0.0), operator: *, right: (1.0, 1.0), result: 0.0}
列 'p' 不存在，对列 state 不过滤，直接选择所有非无效值。
Block processing time: 0.012316 seconds
Computing Block 197 out of 560
Processing Block size=3
begin cleaner{left: ("[FunctionalDependency:(s: {brewery_id}, t: {state})]", 0.0), operator: *, right: (1.0, 1.0), result: 0.0}
列 'p' 不存在，对列 state 不过滤，直接选择所有非无效值。
Block processing time: 0.007671 seconds
Computing Block 198 out of 560
Processing Block size=6
begin cleaner{left: ("[FunctionalDependency:(s: {brewery_id}, t: {state})]", 0.0), operator: *, right: (1.0, 1.0), result: 0.0}
列 'p' 不存在，对列 state 不过滤，直接选择所有非无效值。
Block processing time: 0.014514 seconds
Computing Block 200 out of 560
Processing Block size=4
begin cleaner{left: ("[FunctionalDependency:(s: {brewery_id}, t: {state})]", 0.0), operator: *, right: (1.0, 1.0), result: 0.0}
列 'p' 不存在，对列 state 不过滤，直接选择所有非无效值。
Block processing time: 0.009896 seconds
Computing Block 203 out of 560
Processing Block size=3
begin cleaner{left: ("[FunctionalDependency:(s: {brewery_id}, t: {state})]", 0.0), operator: *, right: (1.0, 1.0), result: 0.0}
列 'p' 不存在，对列 state 不过滤，直接选择所有非无效值。
Block processing time: 0.007574 seconds
Computing Block 205 out of 560
Processing Block size=3
begin cleaner{left: ("[FunctionalDependency:(s: {brewery_id}, t: {state})]", 0.0), operator: *, right: (1.0, 1.0), result: 0.0}
列 'p' 不存在，对列 state 不过滤，直接选择所有非无效值。
Block processing time: 0.00756 seconds
Computing Block 206 out of 560
Processing Block size=3
begin cleaner{left: ("[FunctionalDependency:(s: {brewery_id}, t: {state})]", 0.0), operator: *, right: (1.0, 1.0), result: 0.0}
列 'p' 不存在，对列 state 不过滤，直接选择所有非无效值。
Block processing time: 0.007518 seconds
Computing Block 208 out of 560
Processing Block size=7
begin cleaner{left: ("[FunctionalDependency:(s: {brewery_id}, t: {state})]", 0.0), operator: *, right: (1.0, 1.0), result: 0.0}
列 'p' 不存在，对列 state 不过滤，直接选择所有非无效值。
Block processing time: 0.016723 seconds
Computing Block 209 out of 560
Processing Block size=3
begin cleaner{left: ("[FunctionalDependency:(s: {brewery_id}, t: {state})]", 0.0), operator: *, right: (1.0, 1.0), result: 0.0}
列 'p' 不存在，对列 state 不过滤，直接选择所有非无效值。
Block processing time: 0.007845 seconds
Computing Block 211 out of 560
Processing Block size=2
begin cleaner{left: ("[FunctionalDependency:(s: {brewery_id}, t: {state})]", 0.0), operator: *, right: (1.0, 1.0), result: 0.0}
列 'p' 不存在，对列 state 不过滤，直接选择所有非无效值。
Block processing time: 0.00532 seconds
Computing Block 213 out of 560
Processing Block size=4
begin cleaner{left: ("[FunctionalDependency:(s: {brewery_id}, t: {state})]", 0.0), operator: *, right: (1.0, 1.0), result: 0.0}
列 'p' 不存在，对列 state 不过滤，直接选择所有非无效值。
Block processing time: 0.009849 seconds
Computing Block 214 out of 560
Processing Block size=9
begin cleaner{left: ("[FunctionalDependency:(s: {brewery_id}, t: {state})]", 0.0), operator: *, right: (1.0, 1.0), result: 0.0}
列 'p' 不存在，对列 state 不过滤，直接选择所有非无效值。
Block processing time: 0.021432 seconds
Computing Block 215 out of 560
Processing Block size=2
begin cleaner{left: ("[FunctionalDependency:(s: {brewery_id}, t: {state})]", 0.0), operator: *, right: (1.0, 1.0), result: 0.0}
列 'p' 不存在，对列 state 不过滤，直接选择所有非无效值。
Block processing time: 0.005328 seconds
Computing Block 216 out of 560
Processing Block size=2
begin cleaner{left: ("[FunctionalDependency:(s: {brewery_id}, t: {state})]", 0.0), operator: *, right: (1.0, 1.0), result: 0.0}
列 'p' 不存在，对列 state 不过滤，直接选择所有非无效值。
Block processing time: 0.005216 seconds
Computing Block 217 out of 560
Processing Block size=2
begin cleaner{left: ("[FunctionalDependency:(s: {brewery_id}, t: {state})]", 0.0), operator: *, right: (1.0, 1.0), result: 0.0}
列 'p' 不存在，对列 state 不过滤，直接选择所有非无效值。
Block processing time: 0.005172 seconds
Computing Block 218 out of 560
Processing Block size=2
begin cleaner{left: ("[FunctionalDependency:(s: {brewery_id}, t: {state})]", 0.0), operator: *, right: (1.0, 1.0), result: 0.0}
列 'p' 不存在，对列 state 不过滤，直接选择所有非无效值。
Block processing time: 0.005222 seconds
Computing Block 219 out of 560
Processing Block size=11
begin cleaner{left: ("[FunctionalDependency:(s: {brewery_id}, t: {state})]", 0.0), operator: *, right: (1.0, 1.0), result: 0.0}
列 'p' 不存在，对列 state 不过滤，直接选择所有非无效值。
Block processing time: 0.025919 seconds
Computing Block 220 out of 560
Processing Block size=3
begin cleaner{left: ("[FunctionalDependency:(s: {brewery_id}, t: {state})]", 0.0), operator: *, right: (1.0, 1.0), result: 0.0}
列 'p' 不存在，对列 state 不过滤，直接选择所有非无效值。
Block processing time: 0.007649 seconds
Computing Block 221 out of 560
Processing Block size=8
begin cleaner{left: ("[FunctionalDependency:(s: {brewery_id}, t: {state})]", 0.0), operator: *, right: (1.0, 1.0), result: 0.0}
列 'p' 不存在，对列 state 不过滤，直接选择所有非无效值。
Block processing time: 0.019088 seconds
Computing Block 222 out of 560
Processing Block size=13
begin cleaner{left: ("[FunctionalDependency:(s: {brewery_id}, t: {state})]", 0.0), operator: *, right: (1.0, 1.0), result: 0.0}
列 'p' 不存在，对列 state 不过滤，直接选择所有非无效值。
Block processing time: 0.030635 seconds
Computing Block 223 out of 560
Processing Block size=2
begin cleaner{left: ("[FunctionalDependency:(s: {brewery_id}, t: {state})]", 0.0), operator: *, right: (1.0, 1.0), result: 0.0}
列 'p' 不存在，对列 state 不过滤，直接选择所有非无效值。
Block processing time: 0.005255 seconds
Computing Block 224 out of 560
Processing Block size=2
begin cleaner{left: ("[FunctionalDependency:(s: {brewery_id}, t: {state})]", 0.0), operator: *, right: (1.0, 1.0), result: 0.0}
列 'p' 不存在，对列 state 不过滤，直接选择所有非无效值。
Block processing time: 0.005211 seconds
Computing Block 226 out of 560
Processing Block size=2
begin cleaner{left: ("[FunctionalDependency:(s: {brewery_id}, t: {state})]", 0.0), operator: *, right: (1.0, 1.0), result: 0.0}
列 'p' 不存在，对列 state 不过滤，直接选择所有非无效值。
Block processing time: 0.005245 seconds
Computing Block 227 out of 560
Processing Block size=2
begin cleaner{left: ("[FunctionalDependency:(s: {brewery_id}, t: {state})]", 0.0), operator: *, right: (1.0, 1.0), result: 0.0}
列 'p' 不存在，对列 state 不过滤，直接选择所有非无效值。
Block processing time: 0.005254 seconds
Computing Block 228 out of 560
Processing Block size=9
begin cleaner{left: ("[FunctionalDependency:(s: {brewery_id}, t: {state})]", 0.0), operator: *, right: (1.0, 1.0), result: 0.0}
列 'p' 不存在，对列 state 不过滤，直接选择所有非无效值。
Block processing time: 0.021422 seconds
Computing Block 229 out of 560
Processing Block size=3
begin cleaner{left: ("[FunctionalDependency:(s: {brewery_id}, t: {state})]", 0.0), operator: *, right: (1.0, 1.0), result: 0.0}
列 'p' 不存在，对列 state 不过滤，直接选择所有非无效值。
Block processing time: 0.007542 seconds
Computing Block 230 out of 560
Processing Block size=3
begin cleaner{left: ("[FunctionalDependency:(s: {brewery_id}, t: {state})]", 0.0), operator: *, right: (1.0, 1.0), result: 0.0}
列 'p' 不存在，对列 state 不过滤，直接选择所有非无效值。
Block processing time: 0.00759 seconds
Computing Block 231 out of 560
Processing Block size=10
begin cleaner{left: ("[FunctionalDependency:(s: {brewery_id}, t: {state})]", 0.0), operator: *, right: (1.0, 1.0), result: 0.0}
列 'p' 不存在，对列 state 不过滤，直接选择所有非无效值。
Block processing time: 0.02365 seconds
Computing Block 232 out of 560
Processing Block size=2
begin cleaner{left: ("[FunctionalDependency:(s: {brewery_id}, t: {state})]", 0.0), operator: *, right: (1.0, 1.0), result: 0.0}
列 'p' 不存在，对列 state 不过滤，直接选择所有非无效值。
Block processing time: 0.005308 seconds
Computing Block 234 out of 560
Processing Block size=13
begin cleaner{left: ("[FunctionalDependency:(s: {brewery_id}, t: {state})]", 0.0), operator: *, right: (1.0, 1.0), result: 0.0}
列 'p' 不存在，对列 state 不过滤，直接选择所有非无效值。
Block processing time: 0.030572 seconds
Computing Block 236 out of 560
Processing Block size=2
begin cleaner{left: ("[FunctionalDependency:(s: {brewery_id}, t: {state})]", 0.0), operator: *, right: (1.0, 1.0), result: 0.0}
列 'p' 不存在，对列 state 不过滤，直接选择所有非无效值。
Block processing time: 0.005342 seconds
Computing Block 237 out of 560
Processing Block size=2
begin cleaner{left: ("[FunctionalDependency:(s: {brewery_id}, t: {state})]", 0.0), operator: *, right: (1.0, 1.0), result: 0.0}
列 'p' 不存在，对列 state 不过滤，直接选择所有非无效值。
Block processing time: 0.005428 seconds
Computing Block 238 out of 560
Processing Block size=4
begin cleaner{left: ("[FunctionalDependency:(s: {brewery_id}, t: {state})]", 0.0), operator: *, right: (1.0, 1.0), result: 0.0}
列 'p' 不存在，对列 state 不过滤，直接选择所有非无效值。
Block processing time: 0.009825 seconds
Computing Block 239 out of 560
Processing Block size=2
begin cleaner{left: ("[FunctionalDependency:(s: {brewery_id}, t: {state})]", 0.0), operator: *, right: (1.0, 1.0), result: 0.0}
列 'p' 不存在，对列 state 不过滤，直接选择所有非无效值。
Block processing time: 0.005272 seconds
Computing Block 240 out of 560
Processing Block size=14
begin cleaner{left: ("[FunctionalDependency:(s: {brewery_id}, t: {state})]", 0.0), operator: *, right: (1.0, 1.0), result: 0.0}
列 'p' 不存在，对列 state 不过滤，直接选择所有非无效值。
Block processing time: 0.032839 seconds
Computing Block 241 out of 560
Processing Block size=3
begin cleaner{left: ("[FunctionalDependency:(s: {brewery_id}, t: {state})]", 0.0), operator: *, right: (1.0, 1.0), result: 0.0}
列 'p' 不存在，对列 state 不过滤，直接选择所有非无效值。
Block processing time: 0.00762 seconds
Computing Block 242 out of 560
Processing Block size=5
begin cleaner{left: ("[FunctionalDependency:(s: {brewery_id}, t: {state})]", 0.0), operator: *, right: (1.0, 1.0), result: 0.0}
列 'p' 不存在，对列 state 不过滤，直接选择所有非无效值。
Block processing time: 0.012159 seconds
Computing Block 245 out of 560
Processing Block size=4
begin cleaner{left: ("[FunctionalDependency:(s: {brewery_id}, t: {state})]", 0.0), operator: *, right: (1.0, 1.0), result: 0.0}
列 'p' 不存在，对列 state 不过滤，直接选择所有非无效值。
Block processing time: 0.00991 seconds
Computing Block 246 out of 560
Processing Block size=4
begin cleaner{left: ("[FunctionalDependency:(s: {brewery_id}, t: {state})]", 0.0), operator: *, right: (1.0, 1.0), result: 0.0}
列 'p' 不存在，对列 state 不过滤，直接选择所有非无效值。
Block processing time: 0.0099 seconds
Computing Block 247 out of 560
Processing Block size=2
begin cleaner{left: ("[FunctionalDependency:(s: {brewery_id}, t: {state})]", 0.0), operator: *, right: (1.0, 1.0), result: 0.0}
列 'p' 不存在，对列 state 不过滤，直接选择所有非无效值。
Block processing time: 0.005235 seconds
Computing Block 248 out of 560
Processing Block size=3
begin cleaner{left: ("[FunctionalDependency:(s: {brewery_id}, t: {state})]", 0.0), operator: *, right: (1.0, 1.0), result: 0.0}
列 'p' 不存在，对列 state 不过滤，直接选择所有非无效值。
Block processing time: 0.007548 seconds
Computing Block 251 out of 560
Processing Block size=4
begin cleaner{left: ("[FunctionalDependency:(s: {brewery_id}, t: {state})]", 0.0), operator: *, right: (1.0, 1.0), result: 0.0}
列 'p' 不存在，对列 state 不过滤，直接选择所有非无效值。
Block processing time: 0.009875 seconds
Computing Block 252 out of 560
Processing Block size=2
begin cleaner{left: ("[FunctionalDependency:(s: {brewery_id}, t: {state})]", 0.0), operator: *, right: (1.0, 1.0), result: 0.0}
列 'p' 不存在，对列 state 不过滤，直接选择所有非无效值。
Block processing time: 0.0052 seconds
Computing Block 253 out of 560
Processing Block size=9
begin cleaner{left: ("[FunctionalDependency:(s: {brewery_id}, t: {state})]", 0.0), operator: *, right: (1.0, 1.0), result: 0.0}
列 'p' 不存在，对列 state 不过滤，直接选择所有非无效值。
Block processing time: 0.021272 seconds
Computing Block 254 out of 560
Processing Block size=2
begin cleaner{left: ("[FunctionalDependency:(s: {brewery_id}, t: {state})]", 0.0), operator: *, right: (1.0, 1.0), result: 0.0}
列 'p' 不存在，对列 state 不过滤，直接选择所有非无效值。
Block processing time: 0.005253 seconds
Computing Block 255 out of 560
Processing Block size=4
begin cleaner{left: ("[FunctionalDependency:(s: {brewery_id}, t: {state})]", 0.0), operator: *, right: (1.0, 1.0), result: 0.0}
列 'p' 不存在，对列 state 不过滤，直接选择所有非无效值。
Block processing time: 0.009808 seconds
Computing Block 256 out of 560
Processing Block size=4
begin cleaner{left: ("[FunctionalDependency:(s: {brewery_id}, t: {state})]", 0.0), operator: *, right: (1.0, 1.0), result: 0.0}
列 'p' 不存在，对列 state 不过滤，直接选择所有非无效值。
Block processing time: 0.009905 seconds
Computing Block 257 out of 560
Processing Block size=10
begin cleaner{left: ("[FunctionalDependency:(s: {brewery_id}, t: {state})]", 0.0), operator: *, right: (1.0, 1.0), result: 0.0}
列 'p' 不存在，对列 state 不过滤，直接选择所有非无效值。
Block processing time: 0.023762 seconds
Computing Block 259 out of 560
Processing Block size=2
begin cleaner{left: ("[FunctionalDependency:(s: {brewery_id}, t: {state})]", 0.0), operator: *, right: (1.0, 1.0), result: 0.0}
列 'p' 不存在，对列 state 不过滤，直接选择所有非无效值。
Block processing time: 0.00524 seconds
Computing Block 261 out of 560
Processing Block size=7
begin cleaner{left: ("[FunctionalDependency:(s: {brewery_id}, t: {state})]", 0.0), operator: *, right: (1.0, 1.0), result: 0.0}
列 'p' 不存在，对列 state 不过滤，直接选择所有非无效值。
Block processing time: 0.016901 seconds
Computing Block 262 out of 560
Processing Block size=7
begin cleaner{left: ("[FunctionalDependency:(s: {brewery_id}, t: {state})]", 0.0), operator: *, right: (1.0, 1.0), result: 0.0}
列 'p' 不存在，对列 state 不过滤，直接选择所有非无效值。
Block processing time: 0.016736 seconds
Computing Block 267 out of 560
Processing Block size=3
begin cleaner{left: ("[FunctionalDependency:(s: {brewery_id}, t: {state})]", 0.0), operator: *, right: (1.0, 1.0), result: 0.0}
列 'p' 不存在，对列 state 不过滤，直接选择所有非无效值。
Block processing time: 0.007604 seconds
Computing Block 268 out of 560
Processing Block size=4
begin cleaner{left: ("[FunctionalDependency:(s: {brewery_id}, t: {state})]", 0.0), operator: *, right: (1.0, 1.0), result: 0.0}
列 'p' 不存在，对列 state 不过滤，直接选择所有非无效值。
Block processing time: 0.009877 seconds
Computing Block 270 out of 560
Processing Block size=3
begin cleaner{left: ("[FunctionalDependency:(s: {brewery_id}, t: {state})]", 0.0), operator: *, right: (1.0, 1.0), result: 0.0}
列 'p' 不存在，对列 state 不过滤，直接选择所有非无效值。
Block processing time: 0.007617 seconds
Computing Block 271 out of 560
Processing Block size=2
begin cleaner{left: ("[FunctionalDependency:(s: {brewery_id}, t: {state})]", 0.0), operator: *, right: (1.0, 1.0), result: 0.0}
列 'p' 不存在，对列 state 不过滤，直接选择所有非无效值。
Block processing time: 0.00541 seconds
Computing Block 272 out of 560
Processing Block size=2
begin cleaner{left: ("[FunctionalDependency:(s: {brewery_id}, t: {state})]", 0.0), operator: *, right: (1.0, 1.0), result: 0.0}
列 'p' 不存在，对列 state 不过滤，直接选择所有非无效值。
Block processing time: 0.005222 seconds
Computing Block 274 out of 560
Processing Block size=2
begin cleaner{left: ("[FunctionalDependency:(s: {brewery_id}, t: {state})]", 0.0), operator: *, right: (1.0, 1.0), result: 0.0}
列 'p' 不存在，对列 state 不过滤，直接选择所有非无效值。
Block processing time: 0.00527 seconds
Computing Block 275 out of 560
Processing Block size=2
begin cleaner{left: ("[FunctionalDependency:(s: {brewery_id}, t: {state})]", 0.0), operator: *, right: (1.0, 1.0), result: 0.0}
列 'p' 不存在，对列 state 不过滤，直接选择所有非无效值。
Block processing time: 0.005213 seconds
Computing Block 277 out of 560
Processing Block size=2
begin cleaner{left: ("[FunctionalDependency:(s: {brewery_id}, t: {state})]", 0.0), operator: *, right: (1.0, 1.0), result: 0.0}
列 'p' 不存在，对列 state 不过滤，直接选择所有非无效值。
Block processing time: 0.005223 seconds
Computing Block 279 out of 560
Processing Block size=2
begin cleaner{left: ("[FunctionalDependency:(s: {brewery_id}, t: {state})]", 0.0), operator: *, right: (1.0, 1.0), result: 0.0}
列 'p' 不存在，对列 state 不过滤，直接选择所有非无效值。
Block processing time: 0.005281 seconds
Computing Block 280 out of 560
Processing Block size=32
begin cleaner{left: ("[FunctionalDependency:(s: {brewery_id}, t: {state})]", 0.0), operator: *, right: (1.0, 1.0), result: 0.0}
列 'p' 不存在，对列 state 不过滤，直接选择所有非无效值。
Block processing time: 0.073938 seconds
Computing Block 281 out of 560
Processing Block size=4
begin cleaner{left: ("[FunctionalDependency:(s: {brewery_id}, t: {state})]", 0.0), operator: *, right: (1.0, 1.0), result: 0.0}
列 'p' 不存在，对列 state 不过滤，直接选择所有非无效值。
Block processing time: 0.009827 seconds
Computing Block 282 out of 560
Processing Block size=5
begin cleaner{left: ("[FunctionalDependency:(s: {brewery_id}, t: {state})]", 0.0), operator: *, right: (1.0, 1.0), result: 0.0}
列 'p' 不存在，对列 state 不过滤，直接选择所有非无效值。
Block processing time: 0.011974 seconds
Computing Block 283 out of 560
Processing Block size=5
begin cleaner{left: ("[FunctionalDependency:(s: {brewery_id}, t: {state})]", 0.0), operator: *, right: (1.0, 1.0), result: 0.0}
列 'p' 不存在，对列 state 不过滤，直接选择所有非无效值。
Block processing time: 0.01209 seconds
Computing Block 284 out of 560
Processing Block size=3
begin cleaner{left: ("[FunctionalDependency:(s: {brewery_id}, t: {state})]", 0.0), operator: *, right: (1.0, 1.0), result: 0.0}
列 'p' 不存在，对列 state 不过滤，直接选择所有非无效值。
Block processing time: 0.007512 seconds
Computing Block 285 out of 560
Processing Block size=3
begin cleaner{left: ("[FunctionalDependency:(s: {brewery_id}, t: {state})]", 0.0), operator: *, right: (1.0, 1.0), result: 0.0}
列 'p' 不存在，对列 state 不过滤，直接选择所有非无效值。
Block processing time: 0.007507 seconds
Computing Block 286 out of 560
Processing Block size=5
begin cleaner{left: ("[FunctionalDependency:(s: {brewery_id}, t: {state})]", 0.0), operator: *, right: (1.0, 1.0), result: 0.0}
列 'p' 不存在，对列 state 不过滤，直接选择所有非无效值。
Block processing time: 0.012139 seconds
Computing Block 287 out of 560
Processing Block size=3
begin cleaner{left: ("[FunctionalDependency:(s: {brewery_id}, t: {state})]", 0.0), operator: *, right: (1.0, 1.0), result: 0.0}
列 'p' 不存在，对列 state 不过滤，直接选择所有非无效值。
Block processing time: 0.007459 seconds
Computing Block 288 out of 560
Processing Block size=14
begin cleaner{left: ("[FunctionalDependency:(s: {brewery_id}, t: {state})]", 0.0), operator: *, right: (1.0, 1.0), result: 0.0}
列 'p' 不存在，对列 state 不过滤，直接选择所有非无效值。
Block processing time: 0.032459 seconds
Computing Block 290 out of 560
Processing Block size=2
begin cleaner{left: ("[FunctionalDependency:(s: {brewery_id}, t: {state})]", 0.0), operator: *, right: (1.0, 1.0), result: 0.0}
列 'p' 不存在，对列 state 不过滤，直接选择所有非无效值。
Block processing time: 0.005218 seconds
Computing Block 291 out of 560
Processing Block size=2
begin cleaner{left: ("[FunctionalDependency:(s: {brewery_id}, t: {state})]", 0.0), operator: *, right: (1.0, 1.0), result: 0.0}
列 'p' 不存在，对列 state 不过滤，直接选择所有非无效值。
Block processing time: 0.005269 seconds
Computing Block 292 out of 560
Processing Block size=4
begin cleaner{left: ("[FunctionalDependency:(s: {brewery_id}, t: {state})]", 0.0), operator: *, right: (1.0, 1.0), result: 0.0}
列 'p' 不存在，对列 state 不过滤，直接选择所有非无效值。
Block processing time: 0.009721 seconds
Computing Block 294 out of 560
Processing Block size=2
begin cleaner{left: ("[FunctionalDependency:(s: {brewery_id}, t: {state})]", 0.0), operator: *, right: (1.0, 1.0), result: 0.0}
列 'p' 不存在，对列 state 不过滤，直接选择所有非无效值。
Block processing time: 0.005232 seconds
Computing Block 295 out of 560
Processing Block size=6
begin cleaner{left: ("[FunctionalDependency:(s: {brewery_id}, t: {state})]", 0.0), operator: *, right: (1.0, 1.0), result: 0.0}
列 'p' 不存在，对列 state 不过滤，直接选择所有非无效值。
Block processing time: 0.014335 seconds
Computing Block 296 out of 560
Processing Block size=4
begin cleaner{left: ("[FunctionalDependency:(s: {brewery_id}, t: {state})]", 0.0), operator: *, right: (1.0, 1.0), result: 0.0}
列 'p' 不存在，对列 state 不过滤，直接选择所有非无效值。
Block processing time: 0.009766 seconds
Computing Block 297 out of 560
Processing Block size=3
begin cleaner{left: ("[FunctionalDependency:(s: {brewery_id}, t: {state})]", 0.0), operator: *, right: (1.0, 1.0), result: 0.0}
列 'p' 不存在，对列 state 不过滤，直接选择所有非无效值。
Block processing time: 0.007511 seconds
Computing Block 299 out of 560
Processing Block size=9
begin cleaner{left: ("[FunctionalDependency:(s: {brewery_id}, t: {state})]", 0.0), operator: *, right: (1.0, 1.0), result: 0.0}
列 'p' 不存在，对列 state 不过滤，直接选择所有非无效值。
Block processing time: 0.021087 seconds
Computing Block 301 out of 560
Processing Block size=5
begin cleaner{left: ("[FunctionalDependency:(s: {brewery_id}, t: {state})]", 0.0), operator: *, right: (1.0, 1.0), result: 0.0}
列 'p' 不存在，对列 state 不过滤，直接选择所有非无效值。
Block processing time: 0.012197 seconds
Computing Block 303 out of 560
Processing Block size=5
begin cleaner{left: ("[FunctionalDependency:(s: {brewery_id}, t: {state})]", 0.0), operator: *, right: (1.0, 1.0), result: 0.0}
列 'p' 不存在，对列 state 不过滤，直接选择所有非无效值。
Block processing time: 0.012072 seconds
Computing Block 304 out of 560
Processing Block size=9
begin cleaner{left: ("[FunctionalDependency:(s: {brewery_id}, t: {state})]", 0.0), operator: *, right: (1.0, 1.0), result: 0.0}
列 'p' 不存在，对列 state 不过滤，直接选择所有非无效值。
Block processing time: 0.021117 seconds
Computing Block 306 out of 560
Processing Block size=3
begin cleaner{left: ("[FunctionalDependency:(s: {brewery_id}, t: {state})]", 0.0), operator: *, right: (1.0, 1.0), result: 0.0}
列 'p' 不存在，对列 state 不过滤，直接选择所有非无效值。
Block processing time: 0.007554 seconds
Computing Block 307 out of 560
Processing Block size=7
begin cleaner{left: ("[FunctionalDependency:(s: {brewery_id}, t: {state})]", 0.0), operator: *, right: (1.0, 1.0), result: 0.0}
列 'p' 不存在，对列 state 不过滤，直接选择所有非无效值。
Block processing time: 0.016663 seconds
Computing Block 308 out of 560
Processing Block size=8
begin cleaner{left: ("[FunctionalDependency:(s: {brewery_id}, t: {state})]", 0.0), operator: *, right: (1.0, 1.0), result: 0.0}
列 'p' 不存在，对列 state 不过滤，直接选择所有非无效值。
Block processing time: 0.018878 seconds
Computing Block 309 out of 560
Processing Block size=3
begin cleaner{left: ("[FunctionalDependency:(s: {brewery_id}, t: {state})]", 0.0), operator: *, right: (1.0, 1.0), result: 0.0}
列 'p' 不存在，对列 state 不过滤，直接选择所有非无效值。
Block processing time: 0.00752 seconds
Computing Block 310 out of 560
Processing Block size=4
begin cleaner{left: ("[FunctionalDependency:(s: {brewery_id}, t: {state})]", 0.0), operator: *, right: (1.0, 1.0), result: 0.0}
列 'p' 不存在，对列 state 不过滤，直接选择所有非无效值。
Block processing time: 0.009786 seconds
Computing Block 313 out of 560
Processing Block size=3
begin cleaner{left: ("[FunctionalDependency:(s: {brewery_id}, t: {state})]", 0.0), operator: *, right: (1.0, 1.0), result: 0.0}
列 'p' 不存在，对列 state 不过滤，直接选择所有非无效值。
Block processing time: 0.007516 seconds
Computing Block 314 out of 560
Processing Block size=4
begin cleaner{left: ("[FunctionalDependency:(s: {brewery_id}, t: {state})]", 0.0), operator: *, right: (1.0, 1.0), result: 0.0}
列 'p' 不存在，对列 state 不过滤，直接选择所有非无效值。
Block processing time: 0.009721 seconds
Computing Block 315 out of 560
Processing Block size=4
begin cleaner{left: ("[FunctionalDependency:(s: {brewery_id}, t: {state})]", 0.0), operator: *, right: (1.0, 1.0), result: 0.0}
列 'p' 不存在，对列 state 不过滤，直接选择所有非无效值。
Block processing time: 0.009766 seconds
Computing Block 316 out of 560
Processing Block size=4
begin cleaner{left: ("[FunctionalDependency:(s: {brewery_id}, t: {state})]", 0.0), operator: *, right: (1.0, 1.0), result: 0.0}
列 'p' 不存在，对列 state 不过滤，直接选择所有非无效值。
Block processing time: 0.009789 seconds
Computing Block 317 out of 560
Processing Block size=3
begin cleaner{left: ("[FunctionalDependency:(s: {brewery_id}, t: {state})]", 0.0), operator: *, right: (1.0, 1.0), result: 0.0}
列 'p' 不存在，对列 state 不过滤，直接选择所有非无效值。
Block processing time: 0.007468 seconds
Computing Block 318 out of 560
Processing Block size=6
begin cleaner{left: ("[FunctionalDependency:(s: {brewery_id}, t: {state})]", 0.0), operator: *, right: (1.0, 1.0), result: 0.0}
列 'p' 不存在，对列 state 不过滤，直接选择所有非无效值。
Block processing time: 0.014334 seconds
Computing Block 319 out of 560
Processing Block size=4
begin cleaner{left: ("[FunctionalDependency:(s: {brewery_id}, t: {state})]", 0.0), operator: *, right: (1.0, 1.0), result: 0.0}
列 'p' 不存在，对列 state 不过滤，直接选择所有非无效值。
Block processing time: 0.009835 seconds
Computing Block 320 out of 560
Processing Block size=13
begin cleaner{left: ("[FunctionalDependency:(s: {brewery_id}, t: {state})]", 0.0), operator: *, right: (1.0, 1.0), result: 0.0}
列 'p' 不存在，对列 state 不过滤，直接选择所有非无效值。
Block processing time: 0.030162 seconds
Computing Block 321 out of 560
Processing Block size=2
begin cleaner{left: ("[FunctionalDependency:(s: {brewery_id}, t: {state})]", 0.0), operator: *, right: (1.0, 1.0), result: 0.0}
列 'p' 不存在，对列 state 不过滤，直接选择所有非无效值。
Block processing time: 0.00518 seconds
Computing Block 322 out of 560
Processing Block size=3
begin cleaner{left: ("[FunctionalDependency:(s: {brewery_id}, t: {state})]", 0.0), operator: *, right: (1.0, 1.0), result: 0.0}
列 'p' 不存在，对列 state 不过滤，直接选择所有非无效值。
Block processing time: 0.007562 seconds
Computing Block 324 out of 560
Processing Block size=4
begin cleaner{left: ("[FunctionalDependency:(s: {brewery_id}, t: {state})]", 0.0), operator: *, right: (1.0, 1.0), result: 0.0}
列 'p' 不存在，对列 state 不过滤，直接选择所有非无效值。
Block processing time: 0.009866 seconds
Computing Block 325 out of 560
Processing Block size=3
begin cleaner{left: ("[FunctionalDependency:(s: {brewery_id}, t: {state})]", 0.0), operator: *, right: (1.0, 1.0), result: 0.0}
列 'p' 不存在，对列 state 不过滤，直接选择所有非无效值。
Block processing time: 0.007583 seconds
Computing Block 328 out of 560
Processing Block size=5
begin cleaner{left: ("[FunctionalDependency:(s: {brewery_id}, t: {state})]", 0.0), operator: *, right: (1.0, 1.0), result: 0.0}
列 'p' 不存在，对列 state 不过滤，直接选择所有非无效值。
Block processing time: 0.012056 seconds
Computing Block 329 out of 560
Processing Block size=2
begin cleaner{left: ("[FunctionalDependency:(s: {brewery_id}, t: {state})]", 0.0), operator: *, right: (1.0, 1.0), result: 0.0}
列 'p' 不存在，对列 state 不过滤，直接选择所有非无效值。
Block processing time: 0.00512 seconds
Computing Block 330 out of 560
Processing Block size=6
begin cleaner{left: ("[FunctionalDependency:(s: {brewery_id}, t: {state})]", 0.0), operator: *, right: (1.0, 1.0), result: 0.0}
列 'p' 不存在，对列 state 不过滤，直接选择所有非无效值。
Block processing time: 0.014311 seconds
Computing Block 331 out of 560
Processing Block size=8
begin cleaner{left: ("[FunctionalDependency:(s: {brewery_id}, t: {state})]", 0.0), operator: *, right: (1.0, 1.0), result: 0.0}
列 'p' 不存在，对列 state 不过滤，直接选择所有非无效值。
Block processing time: 0.019113 seconds
Computing Block 332 out of 560
Processing Block size=2
begin cleaner{left: ("[FunctionalDependency:(s: {brewery_id}, t: {state})]", 0.0), operator: *, right: (1.0, 1.0), result: 0.0}
列 'p' 不存在，对列 state 不过滤，直接选择所有非无效值。
Block processing time: 0.005219 seconds
Computing Block 333 out of 560
Processing Block size=6
begin cleaner{left: ("[FunctionalDependency:(s: {brewery_id}, t: {state})]", 0.0), operator: *, right: (1.0, 1.0), result: 0.0}
列 'p' 不存在，对列 state 不过滤，直接选择所有非无效值。
Block processing time: 0.01435 seconds
Computing Block 336 out of 560
Processing Block size=2
begin cleaner{left: ("[FunctionalDependency:(s: {brewery_id}, t: {state})]", 0.0), operator: *, right: (1.0, 1.0), result: 0.0}
列 'p' 不存在，对列 state 不过滤，直接选择所有非无效值。
Block processing time: 0.00532 seconds
Computing Block 338 out of 560
Processing Block size=12
begin cleaner{left: ("[FunctionalDependency:(s: {brewery_id}, t: {state})]", 0.0), operator: *, right: (1.0, 1.0), result: 0.0}
列 'p' 不存在，对列 state 不过滤，直接选择所有非无效值。
Block processing time: 0.02824 seconds
Computing Block 339 out of 560
Processing Block size=9
begin cleaner{left: ("[FunctionalDependency:(s: {brewery_id}, t: {state})]", 0.0), operator: *, right: (1.0, 1.0), result: 0.0}
列 'p' 不存在，对列 state 不过滤，直接选择所有非无效值。
Block processing time: 0.021492 seconds
Computing Block 341 out of 560
Processing Block size=15
begin cleaner{left: ("[FunctionalDependency:(s: {brewery_id}, t: {state})]", 0.0), operator: *, right: (1.0, 1.0), result: 0.0}
列 'p' 不存在，对列 state 不过滤，直接选择所有非无效值。
Block processing time: 0.035136 seconds
Computing Block 342 out of 560
Processing Block size=9
begin cleaner{left: ("[FunctionalDependency:(s: {brewery_id}, t: {state})]", 0.0), operator: *, right: (1.0, 1.0), result: 0.0}
列 'p' 不存在，对列 state 不过滤，直接选择所有非无效值。
Block processing time: 0.021487 seconds
Computing Block 343 out of 560
Processing Block size=2
begin cleaner{left: ("[FunctionalDependency:(s: {brewery_id}, t: {state})]", 0.0), operator: *, right: (1.0, 1.0), result: 0.0}
列 'p' 不存在，对列 state 不过滤，直接选择所有非无效值。
Block processing time: 0.005249 seconds
Computing Block 346 out of 560
Processing Block size=3
begin cleaner{left: ("[FunctionalDependency:(s: {brewery_id}, t: {state})]", 0.0), operator: *, right: (1.0, 1.0), result: 0.0}
列 'p' 不存在，对列 state 不过滤，直接选择所有非无效值。
Block processing time: 0.007576 seconds
Computing Block 347 out of 560
Processing Block size=2
begin cleaner{left: ("[FunctionalDependency:(s: {brewery_id}, t: {state})]", 0.0), operator: *, right: (1.0, 1.0), result: 0.0}
列 'p' 不存在，对列 state 不过滤，直接选择所有非无效值。
Block processing time: 0.005252 seconds
Computing Block 348 out of 560
Processing Block size=4
begin cleaner{left: ("[FunctionalDependency:(s: {brewery_id}, t: {state})]", 0.0), operator: *, right: (1.0, 1.0), result: 0.0}
列 'p' 不存在，对列 state 不过滤，直接选择所有非无效值。
Block processing time: 0.009888 seconds
Computing Block 351 out of 560
Processing Block size=6
begin cleaner{left: ("[FunctionalDependency:(s: {brewery_id}, t: {state})]", 0.0), operator: *, right: (1.0, 1.0), result: 0.0}
列 'p' 不存在，对列 state 不过滤，直接选择所有非无效值。
Block processing time: 0.014535 seconds
Computing Block 352 out of 560
Processing Block size=2
begin cleaner{left: ("[FunctionalDependency:(s: {brewery_id}, t: {state})]", 0.0), operator: *, right: (1.0, 1.0), result: 0.0}
列 'p' 不存在，对列 state 不过滤，直接选择所有非无效值。
Block processing time: 0.005226 seconds
Computing Block 354 out of 560
Processing Block size=2
begin cleaner{left: ("[FunctionalDependency:(s: {brewery_id}, t: {state})]", 0.0), operator: *, right: (1.0, 1.0), result: 0.0}
列 'p' 不存在，对列 state 不过滤，直接选择所有非无效值。
Block processing time: 0.005279 seconds
Computing Block 355 out of 560
Processing Block size=2
begin cleaner{left: ("[FunctionalDependency:(s: {brewery_id}, t: {state})]", 0.0), operator: *, right: (1.0, 1.0), result: 0.0}
列 'p' 不存在，对列 state 不过滤，直接选择所有非无效值。
Block processing time: 0.005248 seconds
Computing Block 356 out of 560
Processing Block size=4
begin cleaner{left: ("[FunctionalDependency:(s: {brewery_id}, t: {state})]", 0.0), operator: *, right: (1.0, 1.0), result: 0.0}
列 'p' 不存在，对列 state 不过滤，直接选择所有非无效值。
Block processing time: 0.009801 seconds
Computing Block 357 out of 560
Processing Block size=4
begin cleaner{left: ("[FunctionalDependency:(s: {brewery_id}, t: {state})]", 0.0), operator: *, right: (1.0, 1.0), result: 0.0}
列 'p' 不存在，对列 state 不过滤，直接选择所有非无效值。
Block processing time: 0.009855 seconds
Computing Block 358 out of 560
Processing Block size=3
begin cleaner{left: ("[FunctionalDependency:(s: {brewery_id}, t: {state})]", 0.0), operator: *, right: (1.0, 1.0), result: 0.0}
列 'p' 不存在，对列 state 不过滤，直接选择所有非无效值。
Block processing time: 0.00763 seconds
Computing Block 360 out of 560
Processing Block size=2
begin cleaner{left: ("[FunctionalDependency:(s: {brewery_id}, t: {state})]", 0.0), operator: *, right: (1.0, 1.0), result: 0.0}
列 'p' 不存在，对列 state 不过滤，直接选择所有非无效值。
Block processing time: 0.005285 seconds
Computing Block 361 out of 560
Processing Block size=7
begin cleaner{left: ("[FunctionalDependency:(s: {brewery_id}, t: {state})]", 0.0), operator: *, right: (1.0, 1.0), result: 0.0}
列 'p' 不存在，对列 state 不过滤，直接选择所有非无效值。
Block processing time: 0.01669 seconds
Computing Block 362 out of 560
Processing Block size=12
begin cleaner{left: ("[FunctionalDependency:(s: {brewery_id}, t: {state})]", 0.0), operator: *, right: (1.0, 1.0), result: 0.0}
列 'p' 不存在，对列 state 不过滤，直接选择所有非无效值。
Block processing time: 0.028327 seconds
Computing Block 364 out of 560
Processing Block size=22
begin cleaner{left: ("[FunctionalDependency:(s: {brewery_id}, t: {state})]", 0.0), operator: *, right: (1.0, 1.0), result: 0.0}
列 'p' 不存在，对列 state 不过滤，直接选择所有非无效值。
Block processing time: 0.051294 seconds
Computing Block 365 out of 560
Processing Block size=10
begin cleaner{left: ("[FunctionalDependency:(s: {brewery_id}, t: {state})]", 0.0), operator: *, right: (1.0, 1.0), result: 0.0}
列 'p' 不存在，对列 state 不过滤，直接选择所有非无效值。
Block processing time: 0.023756 seconds
Computing Block 366 out of 560
Processing Block size=3
begin cleaner{left: ("[FunctionalDependency:(s: {brewery_id}, t: {state})]", 0.0), operator: *, right: (1.0, 1.0), result: 0.0}
列 'p' 不存在，对列 state 不过滤，直接选择所有非无效值。
Block processing time: 0.007532 seconds
Computing Block 367 out of 560
Processing Block size=8
begin cleaner{left: ("[FunctionalDependency:(s: {brewery_id}, t: {state})]", 0.0), operator: *, right: (1.0, 1.0), result: 0.0}
列 'p' 不存在，对列 state 不过滤，直接选择所有非无效值。
Block processing time: 0.019111 seconds
Computing Block 368 out of 560
Processing Block size=3
begin cleaner{left: ("[FunctionalDependency:(s: {brewery_id}, t: {state})]", 0.0), operator: *, right: (1.0, 1.0), result: 0.0}
列 'p' 不存在，对列 state 不过滤，直接选择所有非无效值。
Block processing time: 0.007594 seconds
Computing Block 370 out of 560
Processing Block size=4
begin cleaner{left: ("[FunctionalDependency:(s: {brewery_id}, t: {state})]", 0.0), operator: *, right: (1.0, 1.0), result: 0.0}
列 'p' 不存在，对列 state 不过滤，直接选择所有非无效值。
Block processing time: 0.009911 seconds
Computing Block 371 out of 560
Processing Block size=4
begin cleaner{left: ("[FunctionalDependency:(s: {brewery_id}, t: {state})]", 0.0), operator: *, right: (1.0, 1.0), result: 0.0}
列 'p' 不存在，对列 state 不过滤，直接选择所有非无效值。
Block processing time: 0.009866 seconds
Computing Block 372 out of 560
Processing Block size=5
begin cleaner{left: ("[FunctionalDependency:(s: {brewery_id}, t: {state})]", 0.0), operator: *, right: (1.0, 1.0), result: 0.0}
列 'p' 不存在，对列 state 不过滤，直接选择所有非无效值。
Block processing time: 0.012232 seconds
Computing Block 373 out of 560
Processing Block size=3
begin cleaner{left: ("[FunctionalDependency:(s: {brewery_id}, t: {state})]", 0.0), operator: *, right: (1.0, 1.0), result: 0.0}
列 'p' 不存在，对列 state 不过滤，直接选择所有非无效值。
Block processing time: 0.007621 seconds
Computing Block 374 out of 560
Processing Block size=5
begin cleaner{left: ("[FunctionalDependency:(s: {brewery_id}, t: {state})]", 0.0), operator: *, right: (1.0, 1.0), result: 0.0}
列 'p' 不存在，对列 state 不过滤，直接选择所有非无效值。
Block processing time: 0.012145 seconds
Computing Block 375 out of 560
Processing Block size=2
begin cleaner{left: ("[FunctionalDependency:(s: {brewery_id}, t: {state})]", 0.0), operator: *, right: (1.0, 1.0), result: 0.0}
列 'p' 不存在，对列 state 不过滤，直接选择所有非无效值。
Block processing time: 0.005257 seconds
Computing Block 376 out of 560
Processing Block size=2
begin cleaner{left: ("[FunctionalDependency:(s: {brewery_id}, t: {state})]", 0.0), operator: *, right: (1.0, 1.0), result: 0.0}
列 'p' 不存在，对列 state 不过滤，直接选择所有非无效值。
Block processing time: 0.005233 seconds
Computing Block 378 out of 560
Processing Block size=2
begin cleaner{left: ("[FunctionalDependency:(s: {brewery_id}, t: {state})]", 0.0), operator: *, right: (1.0, 1.0), result: 0.0}
列 'p' 不存在，对列 state 不过滤，直接选择所有非无效值。
Block processing time: 0.005305 seconds
Computing Block 379 out of 560
Processing Block size=4
begin cleaner{left: ("[FunctionalDependency:(s: {brewery_id}, t: {state})]", 0.0), operator: *, right: (1.0, 1.0), result: 0.0}
列 'p' 不存在，对列 state 不过滤，直接选择所有非无效值。
Block processing time: 0.009909 seconds
Computing Block 380 out of 560
Processing Block size=7
begin cleaner{left: ("[FunctionalDependency:(s: {brewery_id}, t: {state})]", 0.0), operator: *, right: (1.0, 1.0), result: 0.0}
列 'p' 不存在，对列 state 不过滤，直接选择所有非无效值。
Block processing time: 0.016871 seconds
Computing Block 381 out of 560
Processing Block size=19
begin cleaner{left: ("[FunctionalDependency:(s: {brewery_id}, t: {state})]", 0.0), operator: *, right: (1.0, 1.0), result: 0.0}
列 'p' 不存在，对列 state 不过滤，直接选择所有非无效值。
Block processing time: 0.044461 seconds
Computing Block 382 out of 560
Processing Block size=3
begin cleaner{left: ("[FunctionalDependency:(s: {brewery_id}, t: {state})]", 0.0), operator: *, right: (1.0, 1.0), result: 0.0}
列 'p' 不存在，对列 state 不过滤，直接选择所有非无效值。
Block processing time: 0.00763 seconds
Computing Block 383 out of 560
Processing Block size=2
begin cleaner{left: ("[FunctionalDependency:(s: {brewery_id}, t: {state})]", 0.0), operator: *, right: (1.0, 1.0), result: 0.0}
列 'p' 不存在，对列 state 不过滤，直接选择所有非无效值。
Block processing time: 0.005272 seconds
Computing Block 384 out of 560
Processing Block size=3
begin cleaner{left: ("[FunctionalDependency:(s: {brewery_id}, t: {state})]", 0.0), operator: *, right: (1.0, 1.0), result: 0.0}
列 'p' 不存在，对列 state 不过滤，直接选择所有非无效值。
Block processing time: 0.007585 seconds
Computing Block 385 out of 560
Processing Block size=2
begin cleaner{left: ("[FunctionalDependency:(s: {brewery_id}, t: {state})]", 0.0), operator: *, right: (1.0, 1.0), result: 0.0}
列 'p' 不存在，对列 state 不过滤，直接选择所有非无效值。
Block processing time: 0.005266 seconds
Computing Block 386 out of 560
Processing Block size=4
begin cleaner{left: ("[FunctionalDependency:(s: {brewery_id}, t: {state})]", 0.0), operator: *, right: (1.0, 1.0), result: 0.0}
列 'p' 不存在，对列 state 不过滤，直接选择所有非无效值。
Block processing time: 0.009891 seconds
Computing Block 387 out of 560
Processing Block size=4
begin cleaner{left: ("[FunctionalDependency:(s: {brewery_id}, t: {state})]", 0.0), operator: *, right: (1.0, 1.0), result: 0.0}
列 'p' 不存在，对列 state 不过滤，直接选择所有非无效值。
Block processing time: 0.00979 seconds
Computing Block 388 out of 560
Processing Block size=3
begin cleaner{left: ("[FunctionalDependency:(s: {brewery_id}, t: {state})]", 0.0), operator: *, right: (1.0, 1.0), result: 0.0}
列 'p' 不存在，对列 state 不过滤，直接选择所有非无效值。
Block processing time: 0.007594 seconds
Computing Block 389 out of 560
Processing Block size=4
begin cleaner{left: ("[FunctionalDependency:(s: {brewery_id}, t: {state})]", 0.0), operator: *, right: (1.0, 1.0), result: 0.0}
列 'p' 不存在，对列 state 不过滤，直接选择所有非无效值。
Block processing time: 0.010026 seconds
Computing Block 390 out of 560
Processing Block size=3
begin cleaner{left: ("[FunctionalDependency:(s: {brewery_id}, t: {state})]", 0.0), operator: *, right: (1.0, 1.0), result: 0.0}
列 'p' 不存在，对列 state 不过滤，直接选择所有非无效值。
Block processing time: 0.007598 seconds
Computing Block 391 out of 560
Processing Block size=2
begin cleaner{left: ("[FunctionalDependency:(s: {brewery_id}, t: {state})]", 0.0), operator: *, right: (1.0, 1.0), result: 0.0}
列 'p' 不存在，对列 state 不过滤，直接选择所有非无效值。
Block processing time: 0.005257 seconds
Computing Block 392 out of 560
Processing Block size=2
begin cleaner{left: ("[FunctionalDependency:(s: {brewery_id}, t: {state})]", 0.0), operator: *, right: (1.0, 1.0), result: 0.0}
列 'p' 不存在，对列 state 不过滤，直接选择所有非无效值。
Block processing time: 0.005198 seconds
Computing Block 393 out of 560
Processing Block size=3
begin cleaner{left: ("[FunctionalDependency:(s: {brewery_id}, t: {state})]", 0.0), operator: *, right: (1.0, 1.0), result: 0.0}
列 'p' 不存在，对列 state 不过滤，直接选择所有非无效值。
Block processing time: 0.007471 seconds
Computing Block 394 out of 560
Processing Block size=7
begin cleaner{left: ("[FunctionalDependency:(s: {brewery_id}, t: {state})]", 0.0), operator: *, right: (1.0, 1.0), result: 0.0}
列 'p' 不存在，对列 state 不过滤，直接选择所有非无效值。
Block processing time: 0.016707 seconds
Computing Block 397 out of 560
Processing Block size=3
begin cleaner{left: ("[FunctionalDependency:(s: {brewery_id}, t: {state})]", 0.0), operator: *, right: (1.0, 1.0), result: 0.0}
列 'p' 不存在，对列 state 不过滤，直接选择所有非无效值。
Block processing time: 0.007619 seconds
Computing Block 398 out of 560
Processing Block size=12
begin cleaner{left: ("[FunctionalDependency:(s: {brewery_id}, t: {state})]", 0.0), operator: *, right: (1.0, 1.0), result: 0.0}
列 'p' 不存在，对列 state 不过滤，直接选择所有非无效值。
Block processing time: 0.02842 seconds
Computing Block 399 out of 560
Processing Block size=10
begin cleaner{left: ("[FunctionalDependency:(s: {brewery_id}, t: {state})]", 0.0), operator: *, right: (1.0, 1.0), result: 0.0}
列 'p' 不存在，对列 state 不过滤，直接选择所有非无效值。
Block processing time: 0.023814 seconds
Computing Block 400 out of 560
Processing Block size=4
begin cleaner{left: ("[FunctionalDependency:(s: {brewery_id}, t: {state})]", 0.0), operator: *, right: (1.0, 1.0), result: 0.0}
列 'p' 不存在，对列 state 不过滤，直接选择所有非无效值。
Block processing time: 0.009947 seconds
Computing Block 401 out of 560
Processing Block size=2
begin cleaner{left: ("[FunctionalDependency:(s: {brewery_id}, t: {state})]", 0.0), operator: *, right: (1.0, 1.0), result: 0.0}
列 'p' 不存在，对列 state 不过滤，直接选择所有非无效值。
Block processing time: 0.005297 seconds
Computing Block 402 out of 560
Processing Block size=8
begin cleaner{left: ("[FunctionalDependency:(s: {brewery_id}, t: {state})]", 0.0), operator: *, right: (1.0, 1.0), result: 0.0}
列 'p' 不存在，对列 state 不过滤，直接选择所有非无效值。
Block processing time: 0.018988 seconds
Computing Block 403 out of 560
Processing Block size=4
begin cleaner{left: ("[FunctionalDependency:(s: {brewery_id}, t: {state})]", 0.0), operator: *, right: (1.0, 1.0), result: 0.0}
列 'p' 不存在，对列 state 不过滤，直接选择所有非无效值。
Block processing time: 0.009876 seconds
Computing Block 405 out of 560
Processing Block size=5
begin cleaner{left: ("[FunctionalDependency:(s: {brewery_id}, t: {state})]", 0.0), operator: *, right: (1.0, 1.0), result: 0.0}
列 'p' 不存在，对列 state 不过滤，直接选择所有非无效值。
Block processing time: 0.012118 seconds
Computing Block 406 out of 560
Processing Block size=3
begin cleaner{left: ("[FunctionalDependency:(s: {brewery_id}, t: {state})]", 0.0), operator: *, right: (1.0, 1.0), result: 0.0}
列 'p' 不存在，对列 state 不过滤，直接选择所有非无效值。
Block processing time: 0.007626 seconds
Computing Block 408 out of 560
Processing Block size=2
begin cleaner{left: ("[FunctionalDependency:(s: {brewery_id}, t: {state})]", 0.0), operator: *, right: (1.0, 1.0), result: 0.0}
列 'p' 不存在，对列 state 不过滤，直接选择所有非无效值。
Block processing time: 0.005291 seconds
Computing Block 409 out of 560
Processing Block size=5
begin cleaner{left: ("[FunctionalDependency:(s: {brewery_id}, t: {state})]", 0.0), operator: *, right: (1.0, 1.0), result: 0.0}
列 'p' 不存在，对列 state 不过滤，直接选择所有非无效值。
Block processing time: 0.012141 seconds
Computing Block 410 out of 560
Processing Block size=2
begin cleaner{left: ("[FunctionalDependency:(s: {brewery_id}, t: {state})]", 0.0), operator: *, right: (1.0, 1.0), result: 0.0}
列 'p' 不存在，对列 state 不过滤，直接选择所有非无效值。
Block processing time: 0.005276 seconds
Computing Block 411 out of 560
Processing Block size=3
begin cleaner{left: ("[FunctionalDependency:(s: {brewery_id}, t: {state})]", 0.0), operator: *, right: (1.0, 1.0), result: 0.0}
列 'p' 不存在，对列 state 不过滤，直接选择所有非无效值。
Block processing time: 0.007536 seconds
Computing Block 412 out of 560
Processing Block size=4
begin cleaner{left: ("[FunctionalDependency:(s: {brewery_id}, t: {state})]", 0.0), operator: *, right: (1.0, 1.0), result: 0.0}
列 'p' 不存在，对列 state 不过滤，直接选择所有非无效值。
Block processing time: 0.009933 seconds
Computing Block 413 out of 560
Processing Block size=5
begin cleaner{left: ("[FunctionalDependency:(s: {brewery_id}, t: {state})]", 0.0), operator: *, right: (1.0, 1.0), result: 0.0}
列 'p' 不存在，对列 state 不过滤，直接选择所有非无效值。
Block processing time: 0.012207 seconds
Computing Block 414 out of 560
Processing Block size=4
begin cleaner{left: ("[FunctionalDependency:(s: {brewery_id}, t: {state})]", 0.0), operator: *, right: (1.0, 1.0), result: 0.0}
列 'p' 不存在，对列 state 不过滤，直接选择所有非无效值。
Block processing time: 0.009881 seconds
Computing Block 415 out of 560
Processing Block size=4
begin cleaner{left: ("[FunctionalDependency:(s: {brewery_id}, t: {state})]", 0.0), operator: *, right: (1.0, 1.0), result: 0.0}
列 'p' 不存在，对列 state 不过滤，直接选择所有非无效值。
Block processing time: 0.009935 seconds
Computing Block 416 out of 560
Processing Block size=2
begin cleaner{left: ("[FunctionalDependency:(s: {brewery_id}, t: {state})]", 0.0), operator: *, right: (1.0, 1.0), result: 0.0}
列 'p' 不存在，对列 state 不过滤，直接选择所有非无效值。
Block processing time: 0.005413 seconds
Computing Block 417 out of 560
Processing Block size=2
begin cleaner{left: ("[FunctionalDependency:(s: {brewery_id}, t: {state})]", 0.0), operator: *, right: (1.0, 1.0), result: 0.0}
列 'p' 不存在，对列 state 不过滤，直接选择所有非无效值。
Block processing time: 0.005314 seconds
Computing Block 418 out of 560
Processing Block size=5
begin cleaner{left: ("[FunctionalDependency:(s: {brewery_id}, t: {state})]", 0.0), operator: *, right: (1.0, 1.0), result: 0.0}
列 'p' 不存在，对列 state 不过滤，直接选择所有非无效值。
Block processing time: 0.012115 seconds
Computing Block 420 out of 560
Processing Block size=5
begin cleaner{left: ("[FunctionalDependency:(s: {brewery_id}, t: {state})]", 0.0), operator: *, right: (1.0, 1.0), result: 0.0}
列 'p' 不存在，对列 state 不过滤，直接选择所有非无效值。
Block processing time: 0.012246 seconds
Computing Block 421 out of 560
Processing Block size=2
begin cleaner{left: ("[FunctionalDependency:(s: {brewery_id}, t: {state})]", 0.0), operator: *, right: (1.0, 1.0), result: 0.0}
列 'p' 不存在，对列 state 不过滤，直接选择所有非无效值。
Block processing time: 0.005293 seconds
Computing Block 422 out of 560
Processing Block size=2
begin cleaner{left: ("[FunctionalDependency:(s: {brewery_id}, t: {state})]", 0.0), operator: *, right: (1.0, 1.0), result: 0.0}
列 'p' 不存在，对列 state 不过滤，直接选择所有非无效值。
Block processing time: 0.005212 seconds
Computing Block 423 out of 560
Processing Block size=3
begin cleaner{left: ("[FunctionalDependency:(s: {brewery_id}, t: {state})]", 0.0), operator: *, right: (1.0, 1.0), result: 0.0}
列 'p' 不存在，对列 state 不过滤，直接选择所有非无效值。
Block processing time: 0.007531 seconds
Computing Block 424 out of 560
Processing Block size=5
begin cleaner{left: ("[FunctionalDependency:(s: {brewery_id}, t: {state})]", 0.0), operator: *, right: (1.0, 1.0), result: 0.0}
列 'p' 不存在，对列 state 不过滤，直接选择所有非无效值。
Block processing time: 0.012178 seconds
Computing Block 425 out of 560
Processing Block size=2
begin cleaner{left: ("[FunctionalDependency:(s: {brewery_id}, t: {state})]", 0.0), operator: *, right: (1.0, 1.0), result: 0.0}
列 'p' 不存在，对列 state 不过滤，直接选择所有非无效值。
Block processing time: 0.005183 seconds
Computing Block 426 out of 560
Processing Block size=4
begin cleaner{left: ("[FunctionalDependency:(s: {brewery_id}, t: {state})]", 0.0), operator: *, right: (1.0, 1.0), result: 0.0}
列 'p' 不存在，对列 state 不过滤，直接选择所有非无效值。
Block processing time: 0.009907 seconds
Computing Block 427 out of 560
Processing Block size=4
begin cleaner{left: ("[FunctionalDependency:(s: {brewery_id}, t: {state})]", 0.0), operator: *, right: (1.0, 1.0), result: 0.0}
列 'p' 不存在，对列 state 不过滤，直接选择所有非无效值。
Block processing time: 0.009974 seconds
Computing Block 428 out of 560
Processing Block size=2
begin cleaner{left: ("[FunctionalDependency:(s: {brewery_id}, t: {state})]", 0.0), operator: *, right: (1.0, 1.0), result: 0.0}
列 'p' 不存在，对列 state 不过滤，直接选择所有非无效值。
Block processing time: 0.00528 seconds
Computing Block 430 out of 560
Processing Block size=3
begin cleaner{left: ("[FunctionalDependency:(s: {brewery_id}, t: {state})]", 0.0), operator: *, right: (1.0, 1.0), result: 0.0}
列 'p' 不存在，对列 state 不过滤，直接选择所有非无效值。
Block processing time: 0.00762 seconds
Computing Block 431 out of 560
Processing Block size=7
begin cleaner{left: ("[FunctionalDependency:(s: {brewery_id}, t: {state})]", 0.0), operator: *, right: (1.0, 1.0), result: 0.0}
列 'p' 不存在，对列 state 不过滤，直接选择所有非无效值。
Block processing time: 0.016853 seconds
Computing Block 432 out of 560
Processing Block size=2
begin cleaner{left: ("[FunctionalDependency:(s: {brewery_id}, t: {state})]", 0.0), operator: *, right: (1.0, 1.0), result: 0.0}
列 'p' 不存在，对列 state 不过滤，直接选择所有非无效值。
Block processing time: 0.00518 seconds
Computing Block 433 out of 560
Processing Block size=10
begin cleaner{left: ("[FunctionalDependency:(s: {brewery_id}, t: {state})]", 0.0), operator: *, right: (1.0, 1.0), result: 0.0}
列 'p' 不存在，对列 state 不过滤，直接选择所有非无效值。
Block processing time: 0.023609 seconds
Computing Block 434 out of 560
Processing Block size=2
begin cleaner{left: ("[FunctionalDependency:(s: {brewery_id}, t: {state})]", 0.0), operator: *, right: (1.0, 1.0), result: 0.0}
列 'p' 不存在，对列 state 不过滤，直接选择所有非无效值。
Block processing time: 0.005252 seconds
Computing Block 436 out of 560
Processing Block size=12
begin cleaner{left: ("[FunctionalDependency:(s: {brewery_id}, t: {state})]", 0.0), operator: *, right: (1.0, 1.0), result: 0.0}
列 'p' 不存在，对列 state 不过滤，直接选择所有非无效值。
Block processing time: 0.028299 seconds
Computing Block 437 out of 560
Processing Block size=4
begin cleaner{left: ("[FunctionalDependency:(s: {brewery_id}, t: {state})]", 0.0), operator: *, right: (1.0, 1.0), result: 0.0}
列 'p' 不存在，对列 state 不过滤，直接选择所有非无效值。
Block processing time: 0.009901 seconds
Computing Block 438 out of 560
Processing Block size=4
begin cleaner{left: ("[FunctionalDependency:(s: {brewery_id}, t: {state})]", 0.0), operator: *, right: (1.0, 1.0), result: 0.0}
列 'p' 不存在，对列 state 不过滤，直接选择所有非无效值。
Block processing time: 0.009879 seconds
Computing Block 439 out of 560
Processing Block size=4
begin cleaner{left: ("[FunctionalDependency:(s: {brewery_id}, t: {state})]", 0.0), operator: *, right: (1.0, 1.0), result: 0.0}
列 'p' 不存在，对列 state 不过滤，直接选择所有非无效值。
Block processing time: 0.009824 seconds
Computing Block 440 out of 560
Processing Block size=2
begin cleaner{left: ("[FunctionalDependency:(s: {brewery_id}, t: {state})]", 0.0), operator: *, right: (1.0, 1.0), result: 0.0}
列 'p' 不存在，对列 state 不过滤，直接选择所有非无效值。
Block processing time: 0.005276 seconds
Computing Block 441 out of 560
Processing Block size=2
begin cleaner{left: ("[FunctionalDependency:(s: {brewery_id}, t: {state})]", 0.0), operator: *, right: (1.0, 1.0), result: 0.0}
列 'p' 不存在，对列 state 不过滤，直接选择所有非无效值。
Block processing time: 0.005222 seconds
Computing Block 442 out of 560
Processing Block size=5
begin cleaner{left: ("[FunctionalDependency:(s: {brewery_id}, t: {state})]", 0.0), operator: *, right: (1.0, 1.0), result: 0.0}
列 'p' 不存在，对列 state 不过滤，直接选择所有非无效值。
Block processing time: 0.012313 seconds
Computing Block 443 out of 560
Processing Block size=6
begin cleaner{left: ("[FunctionalDependency:(s: {brewery_id}, t: {state})]", 0.0), operator: *, right: (1.0, 1.0), result: 0.0}
列 'p' 不存在，对列 state 不过滤，直接选择所有非无效值。
Block processing time: 0.014526 seconds
Computing Block 445 out of 560
Processing Block size=6
begin cleaner{left: ("[FunctionalDependency:(s: {brewery_id}, t: {state})]", 0.0), operator: *, right: (1.0, 1.0), result: 0.0}
列 'p' 不存在，对列 state 不过滤，直接选择所有非无效值。
Block processing time: 0.014394 seconds
Computing Block 446 out of 560
Processing Block size=2
begin cleaner{left: ("[FunctionalDependency:(s: {brewery_id}, t: {state})]", 0.0), operator: *, right: (1.0, 1.0), result: 0.0}
列 'p' 不存在，对列 state 不过滤，直接选择所有非无效值。
Block processing time: 0.005241 seconds
Computing Block 448 out of 560
Processing Block size=6
begin cleaner{left: ("[FunctionalDependency:(s: {brewery_id}, t: {state})]", 0.0), operator: *, right: (1.0, 1.0), result: 0.0}
列 'p' 不存在，对列 state 不过滤，直接选择所有非无效值。
Block processing time: 0.014565 seconds
Computing Block 449 out of 560
Processing Block size=4
begin cleaner{left: ("[FunctionalDependency:(s: {brewery_id}, t: {state})]", 0.0), operator: *, right: (1.0, 1.0), result: 0.0}
列 'p' 不存在，对列 state 不过滤，直接选择所有非无效值。
Block processing time: 0.009752 seconds
Computing Block 450 out of 560
Processing Block size=6
begin cleaner{left: ("[FunctionalDependency:(s: {brewery_id}, t: {state})]", 0.0), operator: *, right: (1.0, 1.0), result: 0.0}
列 'p' 不存在，对列 state 不过滤，直接选择所有非无效值。
Block processing time: 0.014533 seconds
Computing Block 451 out of 560
Processing Block size=6
begin cleaner{left: ("[FunctionalDependency:(s: {brewery_id}, t: {state})]", 0.0), operator: *, right: (1.0, 1.0), result: 0.0}
列 'p' 不存在，对列 state 不过滤，直接选择所有非无效值。
Block processing time: 0.014358 seconds
Computing Block 452 out of 560
Processing Block size=6
begin cleaner{left: ("[FunctionalDependency:(s: {brewery_id}, t: {state})]", 0.0), operator: *, right: (1.0, 1.0), result: 0.0}
列 'p' 不存在，对列 state 不过滤，直接选择所有非无效值。
Block processing time: 0.014507 seconds
Computing Block 453 out of 560
Processing Block size=5
begin cleaner{left: ("[FunctionalDependency:(s: {brewery_id}, t: {state})]", 0.0), operator: *, right: (1.0, 1.0), result: 0.0}
列 'p' 不存在，对列 state 不过滤，直接选择所有非无效值。
Block processing time: 0.012222 seconds
Computing Block 454 out of 560
Processing Block size=4
begin cleaner{left: ("[FunctionalDependency:(s: {brewery_id}, t: {state})]", 0.0), operator: *, right: (1.0, 1.0), result: 0.0}
列 'p' 不存在，对列 state 不过滤，直接选择所有非无效值。
Block processing time: 0.009939 seconds
Computing Block 455 out of 560
Processing Block size=5
begin cleaner{left: ("[FunctionalDependency:(s: {brewery_id}, t: {state})]", 0.0), operator: *, right: (1.0, 1.0), result: 0.0}
列 'p' 不存在，对列 state 不过滤，直接选择所有非无效值。
Block processing time: 0.012193 seconds
Computing Block 456 out of 560
Processing Block size=2
begin cleaner{left: ("[FunctionalDependency:(s: {brewery_id}, t: {state})]", 0.0), operator: *, right: (1.0, 1.0), result: 0.0}
列 'p' 不存在，对列 state 不过滤，直接选择所有非无效值。
Block processing time: 0.005235 seconds
Computing Block 457 out of 560
Processing Block size=18
begin cleaner{left: ("[FunctionalDependency:(s: {brewery_id}, t: {state})]", 0.0), operator: *, right: (1.0, 1.0), result: 0.0}
列 'p' 不存在，对列 state 不过滤，直接选择所有非无效值。
Block processing time: 0.04214 seconds
Computing Block 459 out of 560
Processing Block size=14
begin cleaner{left: ("[FunctionalDependency:(s: {brewery_id}, t: {state})]", 0.0), operator: *, right: (1.0, 1.0), result: 0.0}
列 'p' 不存在，对列 state 不过滤，直接选择所有非无效值。
Block processing time: 0.033046 seconds
Computing Block 460 out of 560
Processing Block size=15
begin cleaner{left: ("[FunctionalDependency:(s: {brewery_id}, t: {state})]", 0.0), operator: *, right: (1.0, 1.0), result: 0.0}
列 'p' 不存在，对列 state 不过滤，直接选择所有非无效值。
Block processing time: 0.035202 seconds
Computing Block 461 out of 560
Processing Block size=7
begin cleaner{left: ("[FunctionalDependency:(s: {brewery_id}, t: {state})]", 0.0), operator: *, right: (1.0, 1.0), result: 0.0}
列 'p' 不存在，对列 state 不过滤，直接选择所有非无效值。
Block processing time: 0.016827 seconds
Computing Block 462 out of 560
Processing Block size=4
begin cleaner{left: ("[FunctionalDependency:(s: {brewery_id}, t: {state})]", 0.0), operator: *, right: (1.0, 1.0), result: 0.0}
列 'p' 不存在，对列 state 不过滤，直接选择所有非无效值。
Block processing time: 0.009907 seconds
Computing Block 463 out of 560
Processing Block size=4
begin cleaner{left: ("[FunctionalDependency:(s: {brewery_id}, t: {state})]", 0.0), operator: *, right: (1.0, 1.0), result: 0.0}
列 'p' 不存在，对列 state 不过滤，直接选择所有非无效值。
Block processing time: 0.009922 seconds
Computing Block 464 out of 560
Processing Block size=2
begin cleaner{left: ("[FunctionalDependency:(s: {brewery_id}, t: {state})]", 0.0), operator: *, right: (1.0, 1.0), result: 0.0}
列 'p' 不存在，对列 state 不过滤，直接选择所有非无效值。
Block processing time: 0.005272 seconds
Computing Block 465 out of 560
Processing Block size=12
begin cleaner{left: ("[FunctionalDependency:(s: {brewery_id}, t: {state})]", 0.0), operator: *, right: (1.0, 1.0), result: 0.0}
列 'p' 不存在，对列 state 不过滤，直接选择所有非无效值。
Block processing time: 0.028206 seconds
Computing Block 466 out of 560
Processing Block size=25
begin cleaner{left: ("[FunctionalDependency:(s: {brewery_id}, t: {state})]", 0.0), operator: *, right: (1.0, 1.0), result: 0.0}
列 'p' 不存在，对列 state 不过滤，直接选择所有非无效值。
Block processing time: 0.058031 seconds
Computing Block 468 out of 560
Processing Block size=3
begin cleaner{left: ("[FunctionalDependency:(s: {brewery_id}, t: {state})]", 0.0), operator: *, right: (1.0, 1.0), result: 0.0}
列 'p' 不存在，对列 state 不过滤，直接选择所有非无效值。
Block processing time: 0.007663 seconds
Computing Block 470 out of 560
Processing Block size=2
begin cleaner{left: ("[FunctionalDependency:(s: {brewery_id}, t: {state})]", 0.0), operator: *, right: (1.0, 1.0), result: 0.0}
列 'p' 不存在，对列 state 不过滤，直接选择所有非无效值。
Block processing time: 0.005246 seconds
Computing Block 471 out of 560
Processing Block size=3
begin cleaner{left: ("[FunctionalDependency:(s: {brewery_id}, t: {state})]", 0.0), operator: *, right: (1.0, 1.0), result: 0.0}
列 'p' 不存在，对列 state 不过滤，直接选择所有非无效值。
Block processing time: 0.007489 seconds
Computing Block 473 out of 560
Processing Block size=4
begin cleaner{left: ("[FunctionalDependency:(s: {brewery_id}, t: {state})]", 0.0), operator: *, right: (1.0, 1.0), result: 0.0}
列 'p' 不存在，对列 state 不过滤，直接选择所有非无效值。
Block processing time: 0.00985 seconds
Computing Block 474 out of 560
Processing Block size=4
begin cleaner{left: ("[FunctionalDependency:(s: {brewery_id}, t: {state})]", 0.0), operator: *, right: (1.0, 1.0), result: 0.0}
列 'p' 不存在，对列 state 不过滤，直接选择所有非无效值。
Block processing time: 0.009821 seconds
Computing Block 476 out of 560
Processing Block size=2
begin cleaner{left: ("[FunctionalDependency:(s: {brewery_id}, t: {state})]", 0.0), operator: *, right: (1.0, 1.0), result: 0.0}
列 'p' 不存在，对列 state 不过滤，直接选择所有非无效值。
Block processing time: 0.005227 seconds
Computing Block 477 out of 560
Processing Block size=3
begin cleaner{left: ("[FunctionalDependency:(s: {brewery_id}, t: {state})]", 0.0), operator: *, right: (1.0, 1.0), result: 0.0}
列 'p' 不存在，对列 state 不过滤，直接选择所有非无效值。
Block processing time: 0.00747 seconds
Computing Block 478 out of 560
Processing Block size=2
begin cleaner{left: ("[FunctionalDependency:(s: {brewery_id}, t: {state})]", 0.0), operator: *, right: (1.0, 1.0), result: 0.0}
列 'p' 不存在，对列 state 不过滤，直接选择所有非无效值。
Block processing time: 0.005228 seconds
Computing Block 479 out of 560
Processing Block size=2
begin cleaner{left: ("[FunctionalDependency:(s: {brewery_id}, t: {state})]", 0.0), operator: *, right: (1.0, 1.0), result: 0.0}
列 'p' 不存在，对列 state 不过滤，直接选择所有非无效值。
Block processing time: 0.005241 seconds
Computing Block 480 out of 560
Processing Block size=2
begin cleaner{left: ("[FunctionalDependency:(s: {brewery_id}, t: {state})]", 0.0), operator: *, right: (1.0, 1.0), result: 0.0}
列 'p' 不存在，对列 state 不过滤，直接选择所有非无效值。
Block processing time: 0.005141 seconds
Computing Block 481 out of 560
Processing Block size=3
begin cleaner{left: ("[FunctionalDependency:(s: {brewery_id}, t: {state})]", 0.0), operator: *, right: (1.0, 1.0), result: 0.0}
列 'p' 不存在，对列 state 不过滤，直接选择所有非无效值。
Block processing time: 0.007454 seconds
Computing Block 483 out of 560
Processing Block size=2
begin cleaner{left: ("[FunctionalDependency:(s: {brewery_id}, t: {state})]", 0.0), operator: *, right: (1.0, 1.0), result: 0.0}
列 'p' 不存在，对列 state 不过滤，直接选择所有非无效值。
Block processing time: 0.005153 seconds
Computing Block 484 out of 560
Processing Block size=2
begin cleaner{left: ("[FunctionalDependency:(s: {brewery_id}, t: {state})]", 0.0), operator: *, right: (1.0, 1.0), result: 0.0}
列 'p' 不存在，对列 state 不过滤，直接选择所有非无效值。
Block processing time: 0.005159 seconds
Computing Block 485 out of 560
Processing Block size=2
begin cleaner{left: ("[FunctionalDependency:(s: {brewery_id}, t: {state})]", 0.0), operator: *, right: (1.0, 1.0), result: 0.0}
列 'p' 不存在，对列 state 不过滤，直接选择所有非无效值。
Block processing time: 0.005161 seconds
Computing Block 486 out of 560
Processing Block size=14
begin cleaner{left: ("[FunctionalDependency:(s: {brewery_id}, t: {state})]", 0.0), operator: *, right: (1.0, 1.0), result: 0.0}
列 'p' 不存在，对列 state 不过滤，直接选择所有非无效值。
Block processing time: 0.032426 seconds
Computing Block 487 out of 560
Processing Block size=2
begin cleaner{left: ("[FunctionalDependency:(s: {brewery_id}, t: {state})]", 0.0), operator: *, right: (1.0, 1.0), result: 0.0}
列 'p' 不存在，对列 state 不过滤，直接选择所有非无效值。
Block processing time: 0.005246 seconds
Computing Block 489 out of 560
Processing Block size=8
begin cleaner{left: ("[FunctionalDependency:(s: {brewery_id}, t: {state})]", 0.0), operator: *, right: (1.0, 1.0), result: 0.0}
列 'p' 不存在，对列 state 不过滤，直接选择所有非无效值。
Block processing time: 0.018763 seconds
Computing Block 491 out of 560
Processing Block size=7
begin cleaner{left: ("[FunctionalDependency:(s: {brewery_id}, t: {state})]", 0.0), operator: *, right: (1.0, 1.0), result: 0.0}
列 'p' 不存在，对列 state 不过滤，直接选择所有非无效值。
Block processing time: 0.016548 seconds
Computing Block 492 out of 560
Processing Block size=3
begin cleaner{left: ("[FunctionalDependency:(s: {brewery_id}, t: {state})]", 0.0), operator: *, right: (1.0, 1.0), result: 0.0}
列 'p' 不存在，对列 state 不过滤，直接选择所有非无效值。
Block processing time: 0.007487 seconds
Computing Block 493 out of 560
Processing Block size=8
begin cleaner{left: ("[FunctionalDependency:(s: {brewery_id}, t: {state})]", 0.0), operator: *, right: (1.0, 1.0), result: 0.0}
列 'p' 不存在，对列 state 不过滤，直接选择所有非无效值。
Block processing time: 0.018828 seconds
Computing Block 494 out of 560
Processing Block size=23
begin cleaner{left: ("[FunctionalDependency:(s: {brewery_id}, t: {state})]", 0.0), operator: *, right: (1.0, 1.0), result: 0.0}
列 'p' 不存在，对列 state 不过滤，直接选择所有非无效值。
Block processing time: 0.052907 seconds
Computing Block 495 out of 560
Processing Block size=5
begin cleaner{left: ("[FunctionalDependency:(s: {brewery_id}, t: {state})]", 0.0), operator: *, right: (1.0, 1.0), result: 0.0}
列 'p' 不存在，对列 state 不过滤，直接选择所有非无效值。
Block processing time: 0.012128 seconds
Computing Block 496 out of 560
Processing Block size=2
begin cleaner{left: ("[FunctionalDependency:(s: {brewery_id}, t: {state})]", 0.0), operator: *, right: (1.0, 1.0), result: 0.0}
列 'p' 不存在，对列 state 不过滤，直接选择所有非无效值。
Block processing time: 0.005211 seconds
Computing Block 497 out of 560
Processing Block size=2
begin cleaner{left: ("[FunctionalDependency:(s: {brewery_id}, t: {state})]", 0.0), operator: *, right: (1.0, 1.0), result: 0.0}
列 'p' 不存在，对列 state 不过滤，直接选择所有非无效值。
Block processing time: 0.005401 seconds
Computing Block 498 out of 560
Processing Block size=4
begin cleaner{left: ("[FunctionalDependency:(s: {brewery_id}, t: {state})]", 0.0), operator: *, right: (1.0, 1.0), result: 0.0}
列 'p' 不存在，对列 state 不过滤，直接选择所有非无效值。
Block processing time: 0.009762 seconds
Computing Block 499 out of 560
Processing Block size=3
begin cleaner{left: ("[FunctionalDependency:(s: {brewery_id}, t: {state})]", 0.0), operator: *, right: (1.0, 1.0), result: 0.0}
列 'p' 不存在，对列 state 不过滤，直接选择所有非无效值。
Block processing time: 0.007485 seconds
Computing Block 501 out of 560
Processing Block size=4
begin cleaner{left: ("[FunctionalDependency:(s: {brewery_id}, t: {state})]", 0.0), operator: *, right: (1.0, 1.0), result: 0.0}
列 'p' 不存在，对列 state 不过滤，直接选择所有非无效值。
Block processing time: 0.009833 seconds
Computing Block 504 out of 560
Processing Block size=2
begin cleaner{left: ("[FunctionalDependency:(s: {brewery_id}, t: {state})]", 0.0), operator: *, right: (1.0, 1.0), result: 0.0}
列 'p' 不存在，对列 state 不过滤，直接选择所有非无效值。
Block processing time: 0.005261 seconds
Computing Block 505 out of 560
Processing Block size=4
begin cleaner{left: ("[FunctionalDependency:(s: {brewery_id}, t: {state})]", 0.0), operator: *, right: (1.0, 1.0), result: 0.0}
列 'p' 不存在，对列 state 不过滤，直接选择所有非无效值。
Block processing time: 0.009782 seconds
Computing Block 507 out of 560
Processing Block size=4
begin cleaner{left: ("[FunctionalDependency:(s: {brewery_id}, t: {state})]", 0.0), operator: *, right: (1.0, 1.0), result: 0.0}
列 'p' 不存在，对列 state 不过滤，直接选择所有非无效值。
Block processing time: 0.00983 seconds
Computing Block 508 out of 560
Processing Block size=2
begin cleaner{left: ("[FunctionalDependency:(s: {brewery_id}, t: {state})]", 0.0), operator: *, right: (1.0, 1.0), result: 0.0}
列 'p' 不存在，对列 state 不过滤，直接选择所有非无效值。
Block processing time: 0.005157 seconds
Computing Block 509 out of 560
Processing Block size=4
begin cleaner{left: ("[FunctionalDependency:(s: {brewery_id}, t: {state})]", 0.0), operator: *, right: (1.0, 1.0), result: 0.0}
列 'p' 不存在，对列 state 不过滤，直接选择所有非无效值。
Block processing time: 0.009671 seconds
Computing Block 511 out of 560
Processing Block size=3
begin cleaner{left: ("[FunctionalDependency:(s: {brewery_id}, t: {state})]", 0.0), operator: *, right: (1.0, 1.0), result: 0.0}
列 'p' 不存在，对列 state 不过滤，直接选择所有非无效值。
Block processing time: 0.007574 seconds
Computing Block 512 out of 560
Processing Block size=3
begin cleaner{left: ("[FunctionalDependency:(s: {brewery_id}, t: {state})]", 0.0), operator: *, right: (1.0, 1.0), result: 0.0}
列 'p' 不存在，对列 state 不过滤，直接选择所有非无效值。
Block processing time: 0.007575 seconds
Computing Block 513 out of 560
Processing Block size=12
begin cleaner{left: ("[FunctionalDependency:(s: {brewery_id}, t: {state})]", 0.0), operator: *, right: (1.0, 1.0), result: 0.0}
列 'p' 不存在，对列 state 不过滤，直接选择所有非无效值。
Block processing time: 0.028005 seconds
Computing Block 514 out of 560
Processing Block size=8
begin cleaner{left: ("[FunctionalDependency:(s: {brewery_id}, t: {state})]", 0.0), operator: *, right: (1.0, 1.0), result: 0.0}
列 'p' 不存在，对列 state 不过滤，直接选择所有非无效值。
Block processing time: 0.019001 seconds
Computing Block 517 out of 560
Processing Block size=2
begin cleaner{left: ("[FunctionalDependency:(s: {brewery_id}, t: {state})]", 0.0), operator: *, right: (1.0, 1.0), result: 0.0}
列 'p' 不存在，对列 state 不过滤，直接选择所有非无效值。
Block processing time: 0.005225 seconds
Computing Block 519 out of 560
Processing Block size=3
begin cleaner{left: ("[FunctionalDependency:(s: {brewery_id}, t: {state})]", 0.0), operator: *, right: (1.0, 1.0), result: 0.0}
列 'p' 不存在，对列 state 不过滤，直接选择所有非无效值。
Block processing time: 0.007418 seconds
Computing Block 520 out of 560
Processing Block size=18
begin cleaner{left: ("[FunctionalDependency:(s: {brewery_id}, t: {state})]", 0.0), operator: *, right: (1.0, 1.0), result: 0.0}
列 'p' 不存在，对列 state 不过滤，直接选择所有非无效值。
Block processing time: 0.041685 seconds
Computing Block 523 out of 560
Processing Block size=5
begin cleaner{left: ("[FunctionalDependency:(s: {brewery_id}, t: {state})]", 0.0), operator: *, right: (1.0, 1.0), result: 0.0}
列 'p' 不存在，对列 state 不过滤，直接选择所有非无效值。
Block processing time: 0.012083 seconds
Computing Block 524 out of 560
Processing Block size=6
begin cleaner{left: ("[FunctionalDependency:(s: {brewery_id}, t: {state})]", 0.0), operator: *, right: (1.0, 1.0), result: 0.0}
列 'p' 不存在，对列 state 不过滤，直接选择所有非无效值。
Block processing time: 0.014406 seconds
Computing Block 525 out of 560
Processing Block size=12
begin cleaner{left: ("[FunctionalDependency:(s: {brewery_id}, t: {state})]", 0.0), operator: *, right: (1.0, 1.0), result: 0.0}
列 'p' 不存在，对列 state 不过滤，直接选择所有非无效值。
Block processing time: 0.028338 seconds
Computing Block 526 out of 560
Processing Block size=5
begin cleaner{left: ("[FunctionalDependency:(s: {brewery_id}, t: {state})]", 0.0), operator: *, right: (1.0, 1.0), result: 0.0}
列 'p' 不存在，对列 state 不过滤，直接选择所有非无效值。
Block processing time: 0.012275 seconds
Computing Block 527 out of 560
Processing Block size=5
begin cleaner{left: ("[FunctionalDependency:(s: {brewery_id}, t: {state})]", 0.0), operator: *, right: (1.0, 1.0), result: 0.0}
列 'p' 不存在，对列 state 不过滤，直接选择所有非无效值。
Block processing time: 0.012223 seconds
Computing Block 528 out of 560
Processing Block size=5
begin cleaner{left: ("[FunctionalDependency:(s: {brewery_id}, t: {state})]", 0.0), operator: *, right: (1.0, 1.0), result: 0.0}
列 'p' 不存在，对列 state 不过滤，直接选择所有非无效值。
Block processing time: 0.012242 seconds
Computing Block 529 out of 560
Processing Block size=3
begin cleaner{left: ("[FunctionalDependency:(s: {brewery_id}, t: {state})]", 0.0), operator: *, right: (1.0, 1.0), result: 0.0}
列 'p' 不存在，对列 state 不过滤，直接选择所有非无效值。
Block processing time: 0.007647 seconds
Computing Block 530 out of 560
Processing Block size=2
begin cleaner{left: ("[FunctionalDependency:(s: {brewery_id}, t: {state})]", 0.0), operator: *, right: (1.0, 1.0), result: 0.0}
列 'p' 不存在，对列 state 不过滤，直接选择所有非无效值。
Block processing time: 0.0054 seconds
Computing Block 534 out of 560
Processing Block size=3
begin cleaner{left: ("[FunctionalDependency:(s: {brewery_id}, t: {state})]", 0.0), operator: *, right: (1.0, 1.0), result: 0.0}
列 'p' 不存在，对列 state 不过滤，直接选择所有非无效值。
Block processing time: 0.007661 seconds
Computing Block 535 out of 560
Processing Block size=3
begin cleaner{left: ("[FunctionalDependency:(s: {brewery_id}, t: {state})]", 0.0), operator: *, right: (1.0, 1.0), result: 0.0}
列 'p' 不存在，对列 state 不过滤，直接选择所有非无效值。
Block processing time: 0.00756 seconds
Computing Block 536 out of 560
Processing Block size=3
begin cleaner{left: ("[FunctionalDependency:(s: {brewery_id}, t: {state})]", 0.0), operator: *, right: (1.0, 1.0), result: 0.0}
列 'p' 不存在，对列 state 不过滤，直接选择所有非无效值。
Block processing time: 0.007602 seconds
Computing Block 537 out of 560
Processing Block size=7
begin cleaner{left: ("[FunctionalDependency:(s: {brewery_id}, t: {state})]", 0.0), operator: *, right: (1.0, 1.0), result: 0.0}
列 'p' 不存在，对列 state 不过滤，直接选择所有非无效值。
Block processing time: 0.016826 seconds
Computing Block 538 out of 560
Processing Block size=3
begin cleaner{left: ("[FunctionalDependency:(s: {brewery_id}, t: {state})]", 0.0), operator: *, right: (1.0, 1.0), result: 0.0}
列 'p' 不存在，对列 state 不过滤，直接选择所有非无效值。
Block processing time: 0.007511 seconds
Computing Block 539 out of 560
Processing Block size=2
begin cleaner{left: ("[FunctionalDependency:(s: {brewery_id}, t: {state})]", 0.0), operator: *, right: (1.0, 1.0), result: 0.0}
列 'p' 不存在，对列 state 不过滤，直接选择所有非无效值。
Block processing time: 0.005284 seconds
Computing Block 540 out of 560
Processing Block size=3
begin cleaner{left: ("[FunctionalDependency:(s: {brewery_id}, t: {state})]", 0.0), operator: *, right: (1.0, 1.0), result: 0.0}
列 'p' 不存在，对列 state 不过滤，直接选择所有非无效值。
Block processing time: 0.00753 seconds
Computing Block 542 out of 560
Processing Block size=3
begin cleaner{left: ("[FunctionalDependency:(s: {brewery_id}, t: {state})]", 0.0), operator: *, right: (1.0, 1.0), result: 0.0}
列 'p' 不存在，对列 state 不过滤，直接选择所有非无效值。
Block processing time: 0.00763 seconds
Computing Block 543 out of 560
Processing Block size=2
begin cleaner{left: ("[FunctionalDependency:(s: {brewery_id}, t: {state})]", 0.0), operator: *, right: (1.0, 1.0), result: 0.0}
列 'p' 不存在，对列 state 不过滤，直接选择所有非无效值。
Block processing time: 0.005255 seconds
Computing Block 544 out of 560
Processing Block size=7
begin cleaner{left: ("[FunctionalDependency:(s: {brewery_id}, t: {state})]", 0.0), operator: *, right: (1.0, 1.0), result: 0.0}
列 'p' 不存在，对列 state 不过滤，直接选择所有非无效值。
Block processing time: 0.016826 seconds
Computing Block 546 out of 560
Processing Block size=4
begin cleaner{left: ("[FunctionalDependency:(s: {brewery_id}, t: {state})]", 0.0), operator: *, right: (1.0, 1.0), result: 0.0}
列 'p' 不存在，对列 state 不过滤，直接选择所有非无效值。
Block processing time: 0.009833 seconds
Computing Block 548 out of 560
Processing Block size=4
begin cleaner{left: ("[FunctionalDependency:(s: {brewery_id}, t: {state})]", 0.0), operator: *, right: (1.0, 1.0), result: 0.0}
列 'p' 不存在，对列 state 不过滤，直接选择所有非无效值。
Block processing time: 0.009877 seconds
Computing Block 549 out of 560
Processing Block size=2
begin cleaner{left: ("[FunctionalDependency:(s: {brewery_id}, t: {state})]", 0.0), operator: *, right: (1.0, 1.0), result: 0.0}
列 'p' 不存在，对列 state 不过滤，直接选择所有非无效值。
Block processing time: 0.005269 seconds
Computing Block 550 out of 560
Processing Block size=3
begin cleaner{left: ("[FunctionalDependency:(s: {brewery_id}, t: {state})]", 0.0), operator: *, right: (1.0, 1.0), result: 0.0}
列 'p' 不存在，对列 state 不过滤，直接选择所有非无效值。------------------------------------------------------------
INFO:beers_uniclean:------------------------------------------------------------
执行时间: 48.06 秒
INFO:beers_uniclean:执行时间: 48.06 秒
执行状态: 成功
INFO:beers_uniclean:执行状态: 成功
清洗器数量: 5
INFO:beers_uniclean:清洗器数量: 5
真值使用成本: 0 (全自动)
INFO:beers_uniclean:真值使用成本: 0 (全自动)

============================================================
INFO:beers_uniclean:
============================================================
调用统一测评模块 getScoreML
INFO:beers_uniclean:调用统一测评模块 getScoreML
============================================================
INFO:beers_uniclean:============================================================
2026-01-29 19:09:48.937346: W tensorflow/compiler/xla/stream_executor/platform/default/dso_loader.cc:64] Could not load dynamic library 'libnvinfer.so.7'; dlerror: libnvinfer.so.7: cannot open shared object file: No such file or directory
2026-01-29 19:09:48.937410: W tensorflow/compiler/xla/stream_executor/platform/default/dso_loader.cc:64] Could not load dynamic library 'libnvinfer_plugin.so.7'; dlerror: libnvinfer_plugin.so.7: cannot open shared object file: No such file or directory
2026-01-29 19:09:48.937417: W tensorflow/compiler/tf2tensorrt/utils/py_utils.cc:38] TF-TRT Warning: Cannot dlopen some TensorRT libraries. If you would like to use Nvidia GPU with TensorRT, please make sure the missing libraries mentioned above are installed properly.
/home/qianzekai/miniconda3/envs/multibaseline/lib/python3.7/site-packages/sklearn/metrics/_classification.py:1245: UndefinedMetricWarning: Precision is ill-defined and being set to 0.0 in labels with no predicted samples. Use `zero_division` parameter to control this behavior.
  _warn_prf(average, modifier, msg_start, len(result))
/home/qianzekai/miniconda3/envs/multibaseline/lib/python3.7/site-packages/sklearn/metrics/_classification.py:1245: UndefinedMetricWarning: Recall is ill-defined and being set to 0.0 in labels with no true samples. Use `zero_division` parameter to control this behavior.
  _warn_prf(average, modifier, msg_start, len(result))
/home/qianzekai/miniconda3/envs/multibaseline/lib/python3.7/site-packages/sklearn/metrics/_classification.py:1245: UndefinedMetricWarning: Precision is ill-defined and being set to 0.0 in labels with no predicted samples. Use `zero_division` parameter to control this behavior.
  _warn_prf(average, modifier, msg_start, len(result))
/home/qianzekai/miniconda3/envs/multibaseline/lib/python3.7/site-packages/sklearn/metrics/_classification.py:1245: UndefinedMetricWarning: Recall is ill-defined and being set to 0.0 in labels with no true samples. Use `zero_division` parameter to control this behavior.
  _warn_prf(average, modifier, msg_start, len(result))
/home/qianzekai/miniconda3/envs/multibaseline/lib/python3.7/site-packages/sklearn/metrics/_classification.py:1245: UndefinedMetricWarning: Precision is ill-defined and being set to 0.0 in labels with no predicted samples. Use `zero_division` parameter to control this behavior.
  _warn_prf(average, modifier, msg_start, len(result))
/home/qianzekai/miniconda3/envs/multibaseline/lib/python3.7/site-packages/sklearn/metrics/_classification.py:1245: UndefinedMetricWarning: Precision is ill-defined and being set to 0.0 in labels with no predicted samples. Use `zero_division` parameter to control this behavior.
  _warn_prf(average, modifier, msg_start, len(result))
/home/qianzekai/miniconda3/envs/multibaseline/lib/python3.7/site-packages/sklearn/metrics/_classification.py:1245: UndefinedMetricWarning: Recall is ill-defined and being set to 0.0 in labels with no true samples. Use `zero_division` parameter to control this behavior.
  _warn_prf(average, modifier, msg_start, len(result))
/home/qianzekai/miniconda3/envs/multibaseline/lib/python3.7/site-packages/sklearn/metrics/_classification.py:1245: UndefinedMetricWarning: Precision is ill-defined and being set to 0.0 in labels with no predicted samples. Use `zero_division` parameter to control this behavior.
  _warn_prf(average, modifier, msg_start, len(result))
/home/qianzekai/miniconda3/envs/multibaseline/lib/python3.7/site-packages/sklearn/metrics/_classification.py:1245: UndefinedMetricWarning: Recall is ill-defined and being set to 0.0 in labels with no true samples. Use `zero_division` parameter to control this behavior.
  _warn_prf(average, modifier, msg_start, len(result))
/home/qianzekai/miniconda3/envs/multibaseline/lib/python3.7/site-packages/sklearn/metrics/_classification.py:1245: UndefinedMetricWarning: Precision is ill-defined and being set to 0.0 in labels with no predicted samples. Use `zero_division` parameter to control this behavior.
  _warn_prf(average, modifier, msg_start, len(result))
/home/qianzekai/miniconda3/envs/multibaseline/lib/python3.7/site-packages/sklearn/metrics/_classification.py:1245: UndefinedMetricWarning: Recall is ill-defined and being set to 0.0 in labels with no true samples. Use `zero_division` parameter to control this behavior.
  _warn_prf(average, modifier, msg_start, len(result))
[1;34m[19:09:49][0m[1;33m WARNING Snoopy may use all CPU cores! Set env. variable 'SNOOPY_LIMIT_CPU' to 'y' to limit CPU usage. [0m[1;34m(__init__ -> _init_tf_pytorch on MainThread)[0m
2026-01-29 19:09:49.468785: E tensorflow/compiler/xla/stream_executor/cuda/cuda_driver.cc:267] failed call to cuInit: CUDA_ERROR_NO_DEVICE: no CUDA-capable device is detected
/home/qianzekai/miniconda3/envs/multibaseline/lib/python3.7/site-packages/sklearn/model_selection/_split.py:668: UserWarning: The least populated class in y has only 1 members, which is less than n_splits=5.
  % (min_groups, self.n_splits)), UserWarning)
/home/qianzekai/miniconda3/envs/multibaseline/lib/python3.7/site-packages/sklearn/model_selection/_split.py:668: UserWarning: The least populated class in y has only 1 members, which is less than n_splits=5.
  % (min_groups, self.n_splits)), UserWarning)
/home/qianzekai/miniconda3/envs/multibaseline/lib/python3.7/site-packages/sklearn/model_selection/_split.py:668: UserWarning: The least populated class in y has only 1 members, which is less than n_splits=5.
  % (min_groups, self.n_splits)), UserWarning)

结果已保存到: results/uniclean/beers_uniclean
INFO:beers_uniclean:
结果已保存到: results/uniclean/beers_uniclean
============================================================
INFO:beers_uniclean:============================================================

Block processing time: 0.007634 seconds
Computing Block 551 out of 560
Processing Block size=3
begin cleaner{left: ("[FunctionalDependency:(s: {brewery_id}, t: {state})]", 0.0), operator: *, right: (1.0, 1.0), result: 0.0}
列 'p' 不存在，对列 state 不过滤，直接选择所有非无效值。
Block processing time: 0.007599 seconds
Computing Block 552 out of 560
Processing Block size=6
begin cleaner{left: ("[FunctionalDependency:(s: {brewery_id}, t: {state})]", 0.0), operator: *, right: (1.0, 1.0), result: 0.0}
列 'p' 不存在，对列 state 不过滤，直接选择所有非无效值。
Block processing time: 0.014501 seconds
Computing Block 553 out of 560
Processing Block size=2
begin cleaner{left: ("[FunctionalDependency:(s: {brewery_id}, t: {state})]", 0.0), operator: *, right: (1.0, 1.0), result: 0.0}
列 'p' 不存在，对列 state 不过滤，直接选择所有非无效值。
Block processing time: 0.005244 seconds
Computing Block 554 out of 560
Processing Block size=8
begin cleaner{left: ("[FunctionalDependency:(s: {brewery_id}, t: {state})]", 0.0), operator: *, right: (1.0, 1.0), result: 0.0}
列 'p' 不存在，对列 state 不过滤，直接选择所有非无效值。
Block processing time: 0.019141 seconds
Computing Block 556 out of 560
Processing Block size=2
begin cleaner{left: ("[FunctionalDependency:(s: {brewery_id}, t: {state})]", 0.0), operator: *, right: (1.0, 1.0), result: 0.0}
列 'p' 不存在，对列 state 不过滤，直接选择所有非无效值。
Block processing time: 0.005281 seconds
Computing Block 557 out of 560
Processing Block size=4
begin cleaner{left: ("[FunctionalDependency:(s: {brewery_id}, t: {state})]", 0.0), operator: *, right: (1.0, 1.0), result: 0.0}
列 'p' 不存在，对列 state 不过滤，直接选择所有非无效值。
Block processing time: 0.009907 seconds
Computing Block 559 out of 560
Processing Block size=13
begin cleaner{left: ("[FunctionalDependency:(s: {brewery_id}, t: {state})]", 0.0), operator: *, right: (1.0, 1.0), result: 0.0}
列 'p' 不存在，对列 state 不过滤，直接选择所有非无效值。
Block processing time: 0.030664 seconds
Computing Block 560 out of 560
Processing Block size=7
begin cleaner{left: ("[FunctionalDependency:(s: {brewery_id}, t: {state})]", 0.0), operator: *, right: (1.0, 1.0), result: 0.0}
列 'p' 不存在，对列 state 不过滤，直接选择所有非无效值。
Block processing time: 0.017025 seconds
  当前节点: state 无清洗操作
['brewery_name', 'city', 'state']的清洗完成

本层累积的编辑规则数: 0
本层没有可以进行的清洗操作，进行下一层

清洗规则溯源分析:

处理第 1 层级, 包含节点: ['brewery_id']

处理第 2 层级, 包含节点: ['brewery_name', 'city', 'state']

清洗流程展示:
======================================================================
Clean4MLBaseline 统一测评 - beers_uniclean
======================================================================

[1/5] 传统清洗指标
--------------------------------------------------
调试文件已保存到: results/uniclean/beers_uniclean/debug
修复准确率: 0.83901855176541, 修复召回率: 0.8350208457415128, F1值: 0.8370149253231346
========================================
错误减少率 (EDR): 0.8323406789755807
========================================
混合距离 (Hybrid Distance): 0.030550214885783276
========================================
基于条目的错误减少率 (R-EDR): 0.7721991701244814
========================================
numeric: Index(['id'], dtype='object')
categorical: Index(['beer_name', 'style', 'ounces', 'abv', 'ibu', 'brewery_id',
       'brewery_name', 'city', 'state'],
      dtype='object')
列级平均RMSE (数值列, 归一化): 0.000000
  id: 0.000000
列级平均F1 (类别列, weighted): 0.865961
  beer_name: 1.000000
  style: 0.999170
  ounces: 0.007469
  abv: 0.797048
  ibu: 1.000000
  brewery_id: 0.999585
  brewery_name: 1.000000
  city: 0.992138
  state: 0.998242
========================================

[2/5] 下游任务性能 (classification)
--------------------------------------------------
RF - Accuracy: 0.3651, F1: 0.3225, Precision: 0.3323, Recall: 0.3651
LR - Accuracy: 0.2261, F1: 0.1253, Precision: 0.0938, Recall: 0.2261
SVM - Accuracy: 0.2552, F1: 0.1615, Precision: 0.1414, Recall: 0.2552
KNN - Accuracy: 0.2282, F1: 0.1914, Precision: 0.1773, Recall: 0.2282
DT - Accuracy: 0.3071, F1: 0.3074, Precision: 0.3174, Recall: 0.3071
GB - Accuracy: 0.3361, F1: 0.3041, Precision: 0.3121, Recall: 0.3361

[3/5] 模型容忍度
--------------------------------------------------

容忍度计算结果:
  P_do_nothing (脏数据性能): 0.3797
  P_demand_clean (清洗后性能): 0.3859
  P_repair_all (完全修复性能): 0.3859
  先验容忍度 (Tolerance_prior): 1.0164
  后验容忍度 (Tolerance_post): 1.0000

[4/5] Snoopy上界评估
--------------------------------------------------
Snoopy模块可用，正在评估数据质量上界...
  脏数据上界: 0.2606
  清洗后上界: 0.2473
  干净数据上界: 0.2581
  上界提升比例: 5.3333

[5/5] 真值使用成本
--------------------------------------------------
  方法类型: Type 1 (全自动)
  实际真值使用: 0
  理想最小成本: 413
  总修改单元格: 3343
  正确修复: 413
  错误修复: 2930

======================================================================
测评完成，结果已保存到: results/uniclean/beers_uniclean/beers_uniclean_report.txt
======================================================================
