============================================================
UniClean 数据清洗
============================================================
脏数据: Data/beers/dirty_index.csv
数据集: beers
任务名称: beers_uniclean_vzekai
------------------------------------------------------------
从规则文件加载清洗器: Data/beers/rules.txt
成功加载 5 个清洗器
26/01/31 01:24:37 WARN Utils: Your hostname, user-NF5280M6 resolves to a loopback address: 127.0.1.1; using 192.168.31.8 instead (on interface ens1f0np0)
26/01/31 01:24:37 WARN Utils: Set SPARK_LOCAL_IP if you need to bind to another address
26/01/31 01:24:48 WARN NativeCodeLoader: Unable to load native-hadoop library for your platform... using builtin-java classes where applicable
Using Spark's default log4j profile: org/apache/spark/log4j-defaults.properties
Setting default log level to "WARN".
To adjust logging level use sc.setLogLevel(newLevel). For SparkR, use setLogLevel(newLevel).
WARNING:root:No partitioning rule specified, processing might be slow
WARNING:root:No partitioning rule specified, processing might be slow
WARNING:root:No partitioning rule specified, processing might be slow
UniClean开始清洗，数据量: 2410
清洗器数量: 5
初始化清洗器和分析依赖关系...
处理单属性清洗算子：
处理单属性清洗算子：[Number:(domain=ounces, format=[-inf, inf])]
开始清洗属性 ounces 的数据
属性 ounces 的数据大小: 27
应用 ounces 的清洗规则，编辑规则数量: 26
读入数据大小：2410
处理了 26 条规则，更新数据...
所有编辑规则已更新完成
处理单属性清洗算子：[Number:(domain=abv, format=[-inf, inf])]
开始清洗属性 abv 的数据
属性 abv 的数据大小: 80
应用 abv 的清洗规则，编辑规则数量: 79
读入数据大小：2410
处理了 79 条规则，更新数据...
所有编辑规则已更新完成
执行层级和目标模型分类...
执行层级 (并行组): [[{'brewery_id'}], [{'brewery_name'}, {'city'}, {'state'}]]
目标模型分类: {'brewery_name': [<SampleScrubber.cleaner.multiple.AttrRelation object at 0x73335f3549d0>], 'city': [<SampleScrubber.cleaner.multiple.AttrRelation object at 0x73335f354a90>], 'state': [<SampleScrubber.cleaner.multiple.AttrRelation object at 0x73335f354ad0>]}

处理第 1 层级, 包含节点: ['brewery_id']
  当前节点: brewery_id 无可用清洗信号
  当前节点: brewery_id 无清洗操作
['brewery_id']的清洗完成

本层累积的编辑规则数: 0
本层没有可以进行的清洗操作，进行下一层

处理第 2 层级, 包含节点: ['brewery_name', 'city', 'state']
  当前节点: brewery_name 存在可用清洗信号
数据块大小: 2410
分块属性:
[['brewery_id']]
Starting initial block mapping...
Initial number of blocks: 560
Final number of blocks after further splitting: 560
Computing Block 1 out of 560
Processing Block size=8
begin cleaner[FunctionalDependency:(s: {'brewery_id'}, t: {'brewery_name'})]*1.0
列 'p' 不存在，对列 brewery_name 不过滤，直接选择所有非无效值。
Block processing time: 0.028679 seconds
Computing Block 2 out of 560
Processing Block size=5
begin cleaner{left: ("[FunctionalDependency:(s: {brewery_id}, t: {brewery_name})]", 0.0), operator: *, right: (1.0, 1.0), result: 0.0}
列 'p' 不存在，对列 brewery_name 不过滤，直接选择所有非无效值。
Block processing time: 0.013766 seconds
Computing Block 3 out of 560
Processing Block size=19
begin cleaner{left: ("[FunctionalDependency:(s: {brewery_id}, t: {brewery_name})]", 0.0), operator: *, right: (1.0, 1.0), result: 0.0}
列 'p' 不存在，对列 brewery_name 不过滤，直接选择所有非无效值。
Block processing time: 0.045084 seconds
Computing Block 4 out of 560
Processing Block size=2
begin cleaner{left: ("[FunctionalDependency:(s: {brewery_id}, t: {brewery_name})]", 0.0), operator: *, right: (1.0, 1.0), result: 0.0}
列 'p' 不存在，对列 brewery_name 不过滤，直接选择所有非无效值。
Block processing time: 0.005351 seconds
Computing Block 5 out of 560
Processing Block size=4
begin cleaner{left: ("[FunctionalDependency:(s: {brewery_id}, t: {brewery_name})]", 0.0), operator: *, right: (1.0, 1.0), result: 0.0}
列 'p' 不存在，对列 brewery_name 不过滤，直接选择所有非无效值。
Block processing time: 0.009931 seconds
Computing Block 6 out of 560
Processing Block size=2
begin cleaner{left: ("[FunctionalDependency:(s: {brewery_id}, t: {brewery_name})]", 0.0), operator: *, right: (1.0, 1.0), result: 0.0}
列 'p' 不存在，对列 brewery_name 不过滤，直接选择所有非无效值。
Block processing time: 0.005259 seconds
Computing Block 7 out of 560
Processing Block size=4
begin cleaner{left: ("[FunctionalDependency:(s: {brewery_id}, t: {brewery_name})]", 0.0), operator: *, right: (1.0, 1.0), result: 0.0}
列 'p' 不存在，对列 brewery_name 不过滤，直接选择所有非无效值。
Block processing time: 0.009907 seconds
Computing Block 8 out of 560
Processing Block size=2
begin cleaner{left: ("[FunctionalDependency:(s: {brewery_id}, t: {brewery_name})]", 0.0), operator: *, right: (1.0, 1.0), result: 0.0}
列 'p' 不存在，对列 brewery_name 不过滤，直接选择所有非无效值。
Block processing time: 0.005403 seconds
Computing Block 11 out of 560
Processing Block size=6
begin cleaner{left: ("[FunctionalDependency:(s: {brewery_id}, t: {brewery_name})]", 0.0), operator: *, right: (1.0, 1.0), result: 0.0}
列 'p' 不存在，对列 brewery_name 不过滤，直接选择所有非无效值。
Block processing time: 0.014597 seconds
Computing Block 12 out of 560
Processing Block size=3
begin cleaner{left: ("[FunctionalDependency:(s: {brewery_id}, t: {brewery_name})]", 0.0), operator: *, right: (1.0, 1.0), result: 0.0}
列 'p' 不存在，对列 brewery_name 不过滤，直接选择所有非无效值。
Block processing time: 0.007584 seconds
Computing Block 15 out of 560
Processing Block size=5
begin cleaner{left: ("[FunctionalDependency:(s: {brewery_id}, t: {brewery_name})]", 0.0), operator: *, right: (1.0, 1.0), result: 0.0}
列 'p' 不存在，对列 brewery_name 不过滤，直接选择所有非无效值。
Block processing time: 0.012418 seconds
Computing Block 17 out of 560
Processing Block size=2
begin cleaner{left: ("[FunctionalDependency:(s: {brewery_id}, t: {brewery_name})]", 0.0), operator: *, right: (1.0, 1.0), result: 0.0}
列 'p' 不存在，对列 brewery_name 不过滤，直接选择所有非无效值。
Block processing time: 0.005609 seconds
Computing Block 18 out of 560
Processing Block size=3
begin cleaner{left: ("[FunctionalDependency:(s: {brewery_id}, t: {brewery_name})]", 0.0), operator: *, right: (1.0, 1.0), result: 0.0}
列 'p' 不存在，对列 brewery_name 不过滤，直接选择所有非无效值。
Block processing time: 0.007653 seconds
Computing Block 19 out of 560
Processing Block size=3
begin cleaner{left: ("[FunctionalDependency:(s: {brewery_id}, t: {brewery_name})]", 0.0), operator: *, right: (1.0, 1.0), result: 0.0}
列 'p' 不存在，对列 brewery_name 不过滤，直接选择所有非无效值。
Block processing time: 0.007521 seconds
Computing Block 21 out of 560
Processing Block size=5
begin cleaner{left: ("[FunctionalDependency:(s: {brewery_id}, t: {brewery_name})]", 0.0), operator: *, right: (1.0, 1.0), result: 0.0}
列 'p' 不存在，对列 brewery_name 不过滤，直接选择所有非无效值。
Block processing time: 0.012187 seconds
Computing Block 24 out of 560
Processing Block size=17
begin cleaner{left: ("[FunctionalDependency:(s: {brewery_id}, t: {brewery_name})]", 0.0), operator: *, right: (1.0, 1.0), result: 0.0}
列 'p' 不存在，对列 brewery_name 不过滤，直接选择所有非无效值。
Block processing time: 0.04207 seconds
Computing Block 25 out of 560
Processing Block size=7
begin cleaner{left: ("[FunctionalDependency:(s: {brewery_id}, t: {brewery_name})]", 0.0), operator: *, right: (1.0, 1.0), result: 0.0}
列 'p' 不存在，对列 brewery_name 不过滤，直接选择所有非无效值。
Block processing time: 0.01771 seconds
Computing Block 26 out of 560
Processing Block size=5
begin cleaner{left: ("[FunctionalDependency:(s: {brewery_id}, t: {brewery_name})]", 0.0), operator: *, right: (1.0, 1.0), result: 0.0}
列 'p' 不存在，对列 brewery_name 不过滤，直接选择所有非无效值。
Block processing time: 0.013455 seconds
Computing Block 27 out of 560
Processing Block size=3
begin cleaner{left: ("[FunctionalDependency:(s: {brewery_id}, t: {brewery_name})]", 0.0), operator: *, right: (1.0, 1.0), result: 0.0}
列 'p' 不存在，对列 brewery_name 不过滤，直接选择所有非无效值。
Block processing time: 0.008451 seconds
Computing Block 28 out of 560
Processing Block size=8
begin cleaner{left: ("[FunctionalDependency:(s: {brewery_id}, t: {brewery_name})]", 0.0), operator: *, right: (1.0, 1.0), result: 0.0}
列 'p' 不存在，对列 brewery_name 不过滤，直接选择所有非无效值。
Block processing time: 0.021279 seconds
Computing Block 30 out of 560
Processing Block size=2
begin cleaner{left: ("[FunctionalDependency:(s: {brewery_id}, t: {brewery_name})]", 0.0), operator: *, right: (1.0, 1.0), result: 0.0}
列 'p' 不存在，对列 brewery_name 不过滤，直接选择所有非无效值。
Block processing time: 0.005555 seconds
Computing Block 31 out of 560
Processing Block size=62
begin cleaner{left: ("[FunctionalDependency:(s: {brewery_id}, t: {brewery_name})]", 0.0), operator: *, right: (1.0, 1.0), result: 0.0}
列 'p' 不存在，对列 brewery_name 不过滤，直接选择所有非无效值。
Block processing time: 0.145197 seconds
Computing Block 32 out of 560
Processing Block size=6
begin cleaner{left: ("[FunctionalDependency:(s: {brewery_id}, t: {brewery_name})]", 0.0), operator: *, right: (1.0, 1.0), result: 0.0}
列 'p' 不存在，对列 brewery_name 不过滤，直接选择所有非无效值。
Block processing time: 0.014778 seconds
Computing Block 33 out of 560
Processing Block size=4
begin cleaner{left: ("[FunctionalDependency:(s: {brewery_id}, t: {brewery_name})]", 0.0), operator: *, right: (1.0, 1.0), result: 0.0}
列 'p' 不存在，对列 brewery_name 不过滤，直接选择所有非无效值。
Block processing time: 0.010183 seconds
Computing Block 34 out of 560
Processing Block size=6
begin cleaner{left: ("[FunctionalDependency:(s: {brewery_id}, t: {brewery_name})]", 0.0), operator: *, right: (1.0, 1.0), result: 0.0}
列 'p' 不存在，对列 brewery_name 不过滤，直接选择所有非无效值。
Block processing time: 0.014574 seconds
Computing Block 35 out of 560
Processing Block size=3
begin cleaner{left: ("[FunctionalDependency:(s: {brewery_id}, t: {brewery_name})]", 0.0), operator: *, right: (1.0, 1.0), result: 0.0}
列 'p' 不存在，对列 brewery_name 不过滤，直接选择所有非无效值。
Block processing time: 0.007592 seconds
Computing Block 36 out of 560
Processing Block size=2
begin cleaner{left: ("[FunctionalDependency:(s: {brewery_id}, t: {brewery_name})]", 0.0), operator: *, right: (1.0, 1.0), result: 0.0}
列 'p' 不存在，对列 brewery_name 不过滤，直接选择所有非无效值。
Block processing time: 0.005202 seconds
Computing Block 37 out of 560
Processing Block size=11
begin cleaner{left: ("[FunctionalDependency:(s: {brewery_id}, t: {brewery_name})]", 0.0), operator: *, right: (1.0, 1.0), result: 0.0}
列 'p' 不存在，对列 brewery_name 不过滤，直接选择所有非无效值。
Block processing time: 0.025957 seconds
Computing Block 38 out of 560
Processing Block size=3
begin cleaner{left: ("[FunctionalDependency:(s: {brewery_id}, t: {brewery_name})]", 0.0), operator: *, right: (1.0, 1.0), result: 0.0}
列 'p' 不存在，对列 brewery_name 不过滤，直接选择所有非无效值。
Block processing time: 0.007638 seconds
Computing Block 39 out of 560
Processing Block size=3
begin cleaner{left: ("[FunctionalDependency:(s: {brewery_id}, t: {brewery_name})]", 0.0), operator: *, right: (1.0, 1.0), result: 0.0}
列 'p' 不存在，对列 brewery_name 不过滤，直接选择所有非无效值。
Block processing time: 0.008046 seconds
Computing Block 40 out of 560
Processing Block size=3
begin cleaner{left: ("[FunctionalDependency:(s: {brewery_id}, t: {brewery_name})]", 0.0), operator: *, right: (1.0, 1.0), result: 0.0}
列 'p' 不存在，对列 brewery_name 不过滤，直接选择所有非无效值。
Block processing time: 0.008103 seconds
Computing Block 43 out of 560
Processing Block size=12
begin cleaner{left: ("[FunctionalDependency:(s: {brewery_id}, t: {brewery_name})]", 0.0), operator: *, right: (1.0, 1.0), result: 0.0}
列 'p' 不存在，对列 brewery_name 不过滤，直接选择所有非无效值。
Block processing time: 0.028268 seconds
Computing Block 44 out of 560
Processing Block size=5
begin cleaner{left: ("[FunctionalDependency:(s: {brewery_id}, t: {brewery_name})]", 0.0), operator: *, right: (1.0, 1.0), result: 0.0}
列 'p' 不存在，对列 brewery_name 不过滤，直接选择所有非无效值。
Block processing time: 0.012274 seconds
Computing Block 46 out of 560
Processing Block size=8
begin cleaner{left: ("[FunctionalDependency:(s: {brewery_id}, t: {brewery_name})]", 0.0), operator: *, right: (1.0, 1.0), result: 0.0}
列 'p' 不存在，对列 brewery_name 不过滤，直接选择所有非无效值。
Block processing time: 0.019925 seconds
Computing Block 47 out of 560
Processing Block size=9
begin cleaner{left: ("[FunctionalDependency:(s: {brewery_id}, t: {brewery_name})]", 0.0), operator: *, right: (1.0, 1.0), result: 0.0}
列 'p' 不存在，对列 brewery_name 不过滤，直接选择所有非无效值。
Block processing time: 0.021582 seconds
Computing Block 48 out of 560
Processing Block size=2
begin cleaner{left: ("[FunctionalDependency:(s: {brewery_id}, t: {brewery_name})]", 0.0), operator: *, right: (1.0, 1.0), result: 0.0}
列 'p' 不存在，对列 brewery_name 不过滤，直接选择所有非无效值。
Block processing time: 0.00528 seconds
Computing Block 50 out of 560
Processing Block size=3
begin cleaner{left: ("[FunctionalDependency:(s: {brewery_id}, t: {brewery_name})]", 0.0), operator: *, right: (1.0, 1.0), result: 0.0}
列 'p' 不存在，对列 brewery_name 不过滤，直接选择所有非无效值。
Block processing time: 0.007591 seconds
Computing Block 51 out of 560
Processing Block size=4
begin cleaner{left: ("[FunctionalDependency:(s: {brewery_id}, t: {brewery_name})]", 0.0), operator: *, right: (1.0, 1.0), result: 0.0}
列 'p' 不存在，对列 brewery_name 不过滤，直接选择所有非无效值。
Block processing time: 0.010595 seconds
Computing Block 53 out of 560
Processing Block size=3
begin cleaner{left: ("[FunctionalDependency:(s: {brewery_id}, t: {brewery_name})]", 0.0), operator: *, right: (1.0, 1.0), result: 0.0}
列 'p' 不存在，对列 brewery_name 不过滤，直接选择所有非无效值。
Block processing time: 0.008256 seconds
Computing Block 54 out of 560
Processing Block size=2
begin cleaner{left: ("[FunctionalDependency:(s: {brewery_id}, t: {brewery_name})]", 0.0), operator: *, right: (1.0, 1.0), result: 0.0}
列 'p' 不存在，对列 brewery_name 不过滤，直接选择所有非无效值。
Block processing time: 0.005621 seconds
Computing Block 56 out of 560
Processing Block size=11
begin cleaner{left: ("[FunctionalDependency:(s: {brewery_id}, t: {brewery_name})]", 0.0), operator: *, right: (1.0, 1.0), result: 0.0}
列 'p' 不存在，对列 brewery_name 不过滤，直接选择所有非无效值。
Block processing time: 0.028154 seconds
Computing Block 57 out of 560
Processing Block size=3
begin cleaner{left: ("[FunctionalDependency:(s: {brewery_id}, t: {brewery_name})]", 0.0), operator: *, right: (1.0, 1.0), result: 0.0}
列 'p' 不存在，对列 brewery_name 不过滤，直接选择所有非无效值。
Block processing time: 0.007607 seconds
Computing Block 58 out of 560
Processing Block size=24
begin cleaner{left: ("[FunctionalDependency:(s: {brewery_id}, t: {brewery_name})]", 0.0), operator: *, right: (1.0, 1.0), result: 0.0}
列 'p' 不存在，对列 brewery_name 不过滤，直接选择所有非无效值。
Block processing time: 0.056219 seconds
Computing Block 59 out of 560
Processing Block size=2
begin cleaner{left: ("[FunctionalDependency:(s: {brewery_id}, t: {brewery_name})]", 0.0), operator: *, right: (1.0, 1.0), result: 0.0}
列 'p' 不存在，对列 brewery_name 不过滤，直接选择所有非无效值。
Block processing time: 0.005383 seconds
Computing Block 61 out of 560
Processing Block size=4
begin cleaner{left: ("[FunctionalDependency:(s: {brewery_id}, t: {brewery_name})]", 0.0), operator: *, right: (1.0, 1.0), result: 0.0}
列 'p' 不存在，对列 brewery_name 不过滤，直接选择所有非无效值。
Block processing time: 0.009915 seconds
Computing Block 62 out of 560
Processing Block size=9
begin cleaner{left: ("[FunctionalDependency:(s: {brewery_id}, t: {brewery_name})]", 0.0), operator: *, right: (1.0, 1.0), result: 0.0}
列 'p' 不存在，对列 brewery_name 不过滤，直接选择所有非无效值。
Block processing time: 0.021743 seconds
Computing Block 63 out of 560
Processing Block size=13
begin cleaner{left: ("[FunctionalDependency:(s: {brewery_id}, t: {brewery_name})]", 0.0), operator: *, right: (1.0, 1.0), result: 0.0}
列 'p' 不存在，对列 brewery_name 不过滤，直接选择所有非无效值。
Block processing time: 0.031299 seconds
Computing Block 64 out of 560
Processing Block size=2
begin cleaner{left: ("[FunctionalDependency:(s: {brewery_id}, t: {brewery_name})]", 0.0), operator: *, right: (1.0, 1.0), result: 0.0}
列 'p' 不存在，对列 brewery_name 不过滤，直接选择所有非无效值。
Block processing time: 0.005323 seconds
Computing Block 66 out of 560
Processing Block size=7
begin cleaner{left: ("[FunctionalDependency:(s: {brewery_id}, t: {brewery_name})]", 0.0), operator: *, right: (1.0, 1.0), result: 0.0}
列 'p' 不存在，对列 brewery_name 不过滤，直接选择所有非无效值。
Block processing time: 0.017097 seconds
Computing Block 67 out of 560
Processing Block size=10
begin cleaner{left: ("[FunctionalDependency:(s: {brewery_id}, t: {brewery_name})]", 0.0), operator: *, right: (1.0, 1.0), result: 0.0}
列 'p' 不存在，对列 brewery_name 不过滤，直接选择所有非无效值。
Block processing time: 0.025246 seconds
Computing Block 68 out of 560
Processing Block size=2
begin cleaner{left: ("[FunctionalDependency:(s: {brewery_id}, t: {brewery_name})]", 0.0), operator: *, right: (1.0, 1.0), result: 0.0}
列 'p' 不存在，对列 brewery_name 不过滤，直接选择所有非无效值。
Block processing time: 0.005528 seconds
Computing Block 70 out of 560
Processing Block size=2
begin cleaner{left: ("[FunctionalDependency:(s: {brewery_id}, t: {brewery_name})]", 0.0), operator: *, right: (1.0, 1.0), result: 0.0}
列 'p' 不存在，对列 brewery_name 不过滤，直接选择所有非无效值。
Block processing time: 0.005686 seconds
Computing Block 71 out of 560
Processing Block size=2
begin cleaner{left: ("[FunctionalDependency:(s: {brewery_id}, t: {brewery_name})]", 0.0), operator: *, right: (1.0, 1.0), result: 0.0}
列 'p' 不存在，对列 brewery_name 不过滤，直接选择所有非无效值。
Block processing time: 0.00565 seconds
Computing Block 72 out of 560
Processing Block size=4
begin cleaner{left: ("[FunctionalDependency:(s: {brewery_id}, t: {brewery_name})]", 0.0), operator: *, right: (1.0, 1.0), result: 0.0}
列 'p' 不存在，对列 brewery_name 不过滤，直接选择所有非无效值。
Block processing time: 0.011031 seconds
Computing Block 74 out of 560
Processing Block size=7
begin cleaner{left: ("[FunctionalDependency:(s: {brewery_id}, t: {brewery_name})]", 0.0), operator: *, right: (1.0, 1.0), result: 0.0}
列 'p' 不存在，对列 brewery_name 不过滤，直接选择所有非无效值。
Block processing time: 0.0179 seconds
Computing Block 76 out of 560
Processing Block size=2
begin cleaner{left: ("[FunctionalDependency:(s: {brewery_id}, t: {brewery_name})]", 0.0), operator: *, right: (1.0, 1.0), result: 0.0}
列 'p' 不存在，对列 brewery_name 不过滤，直接选择所有非无效值。
Block processing time: 0.005286 seconds
Computing Block 77 out of 560
Processing Block size=9
begin cleaner{left: ("[FunctionalDependency:(s: {brewery_id}, t: {brewery_name})]", 0.0), operator: *, right: (1.0, 1.0), result: 0.0}
列 'p' 不存在，对列 brewery_name 不过滤，直接选择所有非无效值。
Block processing time: 0.021462 seconds
Computing Block 78 out of 560
Processing Block size=6
begin cleaner{left: ("[FunctionalDependency:(s: {brewery_id}, t: {brewery_name})]", 0.0), operator: *, right: (1.0, 1.0), result: 0.0}
列 'p' 不存在，对列 brewery_name 不过滤，直接选择所有非无效值。
Block processing time: 0.014584 seconds
Computing Block 79 out of 560
Processing Block size=3
begin cleaner{left: ("[FunctionalDependency:(s: {brewery_id}, t: {brewery_name})]", 0.0), operator: *, right: (1.0, 1.0), result: 0.0}
列 'p' 不存在，对列 brewery_name 不过滤，直接选择所有非无效值。
Block processing time: 0.007562 seconds
Computing Block 81 out of 560
Processing Block size=4
begin cleaner{left: ("[FunctionalDependency:(s: {brewery_id}, t: {brewery_name})]", 0.0), operator: *, right: (1.0, 1.0), result: 0.0}
列 'p' 不存在，对列 brewery_name 不过滤，直接选择所有非无效值。
Block processing time: 0.010762 seconds
Computing Block 82 out of 560
Processing Block size=2
begin cleaner{left: ("[FunctionalDependency:(s: {brewery_id}, t: {brewery_name})]", 0.0), operator: *, right: (1.0, 1.0), result: 0.0}
列 'p' 不存在，对列 brewery_name 不过滤，直接选择所有非无效值。
Block processing time: 0.005339 seconds
Computing Block 83 out of 560
Processing Block size=17
begin cleaner{left: ("[FunctionalDependency:(s: {brewery_id}, t: {brewery_name})]", 0.0), operator: *, right: (1.0, 1.0), result: 0.0}
列 'p' 不存在，对列 brewery_name 不过滤，直接选择所有非无效值。
Block processing time: 0.039923 seconds
Computing Block 84 out of 560
Processing Block size=3
begin cleaner{left: ("[FunctionalDependency:(s: {brewery_id}, t: {brewery_name})]", 0.0), operator: *, right: (1.0, 1.0), result: 0.0}
列 'p' 不存在，对列 brewery_name 不过滤，直接选择所有非无效值。
Block processing time: 0.007647 seconds
Computing Block 87 out of 560
Processing Block size=2
begin cleaner{left: ("[FunctionalDependency:(s: {brewery_id}, t: {brewery_name})]", 0.0), operator: *, right: (1.0, 1.0), result: 0.0}
列 'p' 不存在，对列 brewery_name 不过滤，直接选择所有非无效值。
Block processing time: 0.005325 seconds
Computing Block 88 out of 560
Processing Block size=2
begin cleaner{left: ("[FunctionalDependency:(s: {brewery_id}, t: {brewery_name})]", 0.0), operator: *, right: (1.0, 1.0), result: 0.0}
列 'p' 不存在，对列 brewery_name 不过滤，直接选择所有非无效值。
Block processing time: 0.00524 seconds
Computing Block 89 out of 560
Processing Block size=4
begin cleaner{left: ("[FunctionalDependency:(s: {brewery_id}, t: {brewery_name})]", 0.0), operator: *, right: (1.0, 1.0), result: 0.0}
列 'p' 不存在，对列 brewery_name 不过滤，直接选择所有非无效值。
Block processing time: 0.009822 seconds
Computing Block 90 out of 560
Processing Block size=7
begin cleaner{left: ("[FunctionalDependency:(s: {brewery_id}, t: {brewery_name})]", 0.0), operator: *, right: (1.0, 1.0), result: 0.0}
列 'p' 不存在，对列 brewery_name 不过滤，直接选择所有非无效值。
Block processing time: 0.016834 seconds
Computing Block 91 out of 560
Processing Block size=4
begin cleaner{left: ("[FunctionalDependency:(s: {brewery_id}, t: {brewery_name})]", 0.0), operator: *, right: (1.0, 1.0), result: 0.0}
列 'p' 不存在，对列 brewery_name 不过滤，直接选择所有非无效值。
Block processing time: 0.009984 seconds
Computing Block 92 out of 560
Processing Block size=6
begin cleaner{left: ("[FunctionalDependency:(s: {brewery_id}, t: {brewery_name})]", 0.0), operator: *, right: (1.0, 1.0), result: 0.0}
列 'p' 不存在，对列 brewery_name 不过滤，直接选择所有非无效值。
Block processing time: 0.014616 seconds
Computing Block 93 out of 560
Processing Block size=18
begin cleaner{left: ("[FunctionalDependency:(s: {brewery_id}, t: {brewery_name})]", 0.0), operator: *, right: (1.0, 1.0), result: 0.0}
列 'p' 不存在，对列 brewery_name 不过滤，直接选择所有非无效值。
Block processing time: 0.042285 seconds
Computing Block 94 out of 560
Processing Block size=6
begin cleaner{left: ("[FunctionalDependency:(s: {brewery_id}, t: {brewery_name})]", 0.0), operator: *, right: (1.0, 1.0), result: 0.0}
列 'p' 不存在，对列 brewery_name 不过滤，直接选择所有非无效值。
Block processing time: 0.015512 seconds
Computing Block 95 out of 560
Processing Block size=4
begin cleaner{left: ("[FunctionalDependency:(s: {brewery_id}, t: {brewery_name})]", 0.0), operator: *, right: (1.0, 1.0), result: 0.0}
列 'p' 不存在，对列 brewery_name 不过滤，直接选择所有非无效值。
Block processing time: 0.010328 seconds
Computing Block 96 out of 560
Processing Block size=2
begin cleaner{left: ("[FunctionalDependency:(s: {brewery_id}, t: {brewery_name})]", 0.0), operator: *, right: (1.0, 1.0), result: 0.0}
列 'p' 不存在，对列 brewery_name 不过滤，直接选择所有非无效值。
Block processing time: 0.005228 seconds
Computing Block 97 out of 560
Processing Block size=3
begin cleaner{left: ("[FunctionalDependency:(s: {brewery_id}, t: {brewery_name})]", 0.0), operator: *, right: (1.0, 1.0), result: 0.0}
列 'p' 不存在，对列 brewery_name 不过滤，直接选择所有非无效值。
Block processing time: 0.008245 seconds
Computing Block 98 out of 560
Processing Block size=2
begin cleaner{left: ("[FunctionalDependency:(s: {brewery_id}, t: {brewery_name})]", 0.0), operator: *, right: (1.0, 1.0), result: 0.0}
列 'p' 不存在，对列 brewery_name 不过滤，直接选择所有非无效值。
Block processing time: 0.00567 seconds
Computing Block 99 out of 560
Processing Block size=3
begin cleaner{left: ("[FunctionalDependency:(s: {brewery_id}, t: {brewery_name})]", 0.0), operator: *, right: (1.0, 1.0), result: 0.0}
列 'p' 不存在，对列 brewery_name 不过滤，直接选择所有非无效值。
Block processing time: 0.008265 seconds
Computing Block 102 out of 560
Processing Block size=3
begin cleaner{left: ("[FunctionalDependency:(s: {brewery_id}, t: {brewery_name})]", 0.0), operator: *, right: (1.0, 1.0), result: 0.0}
列 'p' 不存在，对列 brewery_name 不过滤，直接选择所有非无效值。
Block processing time: 0.008422 seconds
Computing Block 103 out of 560
Processing Block size=6
begin cleaner{left: ("[FunctionalDependency:(s: {brewery_id}, t: {brewery_name})]", 0.0), operator: *, right: (1.0, 1.0), result: 0.0}
列 'p' 不存在，对列 brewery_name 不过滤，直接选择所有非无效值。
Block processing time: 0.014517 seconds
Computing Block 104 out of 560
Processing Block size=5
begin cleaner{left: ("[FunctionalDependency:(s: {brewery_id}, t: {brewery_name})]", 0.0), operator: *, right: (1.0, 1.0), result: 0.0}
列 'p' 不存在，对列 brewery_name 不过滤，直接选择所有非无效值。
Block processing time: 0.012175 seconds
Computing Block 105 out of 560
Processing Block size=2
begin cleaner{left: ("[FunctionalDependency:(s: {brewery_id}, t: {brewery_name})]", 0.0), operator: *, right: (1.0, 1.0), result: 0.0}
列 'p' 不存在，对列 brewery_name 不过滤，直接选择所有非无效值。
Block processing time: 0.005259 seconds
Computing Block 106 out of 560
Processing Block size=20
begin cleaner{left: ("[FunctionalDependency:(s: {brewery_id}, t: {brewery_name})]", 0.0), operator: *, right: (1.0, 1.0), result: 0.0}
列 'p' 不存在，对列 brewery_name 不过滤，直接选择所有非无效值。
Block processing time: 0.046839 seconds
Computing Block 107 out of 560
Processing Block size=8
begin cleaner{left: ("[FunctionalDependency:(s: {brewery_id}, t: {brewery_name})]", 0.0), operator: *, right: (1.0, 1.0), result: 0.0}
列 'p' 不存在，对列 brewery_name 不过滤，直接选择所有非无效值。
Block processing time: 0.020465 seconds
Computing Block 108 out of 560
Processing Block size=2
begin cleaner{left: ("[FunctionalDependency:(s: {brewery_id}, t: {brewery_name})]", 0.0), operator: *, right: (1.0, 1.0), result: 0.0}
列 'p' 不存在，对列 brewery_name 不过滤，直接选择所有非无效值。
Block processing time: 0.005391 seconds
Computing Block 109 out of 560
Processing Block size=5
begin cleaner{left: ("[FunctionalDependency:(s: {brewery_id}, t: {brewery_name})]", 0.0), operator: *, right: (1.0, 1.0), result: 0.0}
列 'p' 不存在，对列 brewery_name 不过滤，直接选择所有非无效值。
Block processing time: 0.013351 seconds
Computing Block 110 out of 560
Processing Block size=4
begin cleaner{left: ("[FunctionalDependency:(s: {brewery_id}, t: {brewery_name})]", 0.0), operator: *, right: (1.0, 1.0), result: 0.0}
列 'p' 不存在，对列 brewery_name 不过滤，直接选择所有非无效值。
Block processing time: 0.011022 seconds
Computing Block 112 out of 560
Processing Block size=6
begin cleaner{left: ("[FunctionalDependency:(s: {brewery_id}, t: {brewery_name})]", 0.0), operator: *, right: (1.0, 1.0), result: 0.0}
列 'p' 不存在，对列 brewery_name 不过滤，直接选择所有非无效值。
Block processing time: 0.015314 seconds
Computing Block 113 out of 560
Processing Block size=2
begin cleaner{left: ("[FunctionalDependency:(s: {brewery_id}, t: {brewery_name})]", 0.0), operator: *, right: (1.0, 1.0), result: 0.0}
列 'p' 不存在，对列 brewery_name 不过滤，直接选择所有非无效值。
Block processing time: 0.005424 seconds
Computing Block 114 out of 560
Processing Block size=4
begin cleaner{left: ("[FunctionalDependency:(s: {brewery_id}, t: {brewery_name})]", 0.0), operator: *, right: (1.0, 1.0), result: 0.0}
列 'p' 不存在，对列 brewery_name 不过滤，直接选择所有非无效值。
Block processing time: 0.01068 seconds
Computing Block 115 out of 560
Processing Block size=2
begin cleaner{left: ("[FunctionalDependency:(s: {brewery_id}, t: {brewery_name})]", 0.0), operator: *, right: (1.0, 1.0), result: 0.0}
列 'p' 不存在，对列 brewery_name 不过滤，直接选择所有非无效值。
Block processing time: 0.005737 seconds
Computing Block 116 out of 560
Processing Block size=2
begin cleaner{left: ("[FunctionalDependency:(s: {brewery_id}, t: {brewery_name})]", 0.0), operator: *, right: (1.0, 1.0), result: 0.0}
列 'p' 不存在，对列 brewery_name 不过滤，直接选择所有非无效值。
Block processing time: 0.005794 seconds
Computing Block 117 out of 560
Processing Block size=6
begin cleaner{left: ("[FunctionalDependency:(s: {brewery_id}, t: {brewery_name})]", 0.0), operator: *, right: (1.0, 1.0), result: 0.0}
列 'p' 不存在，对列 brewery_name 不过滤，直接选择所有非无效值。
Block processing time: 0.016107 seconds
Computing Block 120 out of 560
Processing Block size=5
begin cleaner{left: ("[FunctionalDependency:(s: {brewery_id}, t: {brewery_name})]", 0.0), operator: *, right: (1.0, 1.0), result: 0.0}
列 'p' 不存在，对列 brewery_name 不过滤，直接选择所有非无效值。
Block processing time: 0.013228 seconds
Computing Block 122 out of 560
Processing Block size=38
begin cleaner{left: ("[FunctionalDependency:(s: {brewery_id}, t: {brewery_name})]", 0.0), operator: *, right: (1.0, 1.0), result: 0.0}
列 'p' 不存在，对列 brewery_name 不过滤，直接选择所有非无效值。
Block processing time: 0.089524 seconds
Computing Block 123 out of 560
Processing Block size=6
begin cleaner{left: ("[FunctionalDependency:(s: {brewery_id}, t: {brewery_name})]", 0.0), operator: *, right: (1.0, 1.0), result: 0.0}
列 'p' 不存在，对列 brewery_name 不过滤，直接选择所有非无效值。
Block processing time: 0.01463 seconds
Computing Block 124 out of 560
Processing Block size=4
begin cleaner{left: ("[FunctionalDependency:(s: {brewery_id}, t: {brewery_name})]", 0.0), operator: *, right: (1.0, 1.0), result: 0.0}
列 'p' 不存在，对列 brewery_name 不过滤，直接选择所有非无效值。
Block processing time: 0.010022 seconds
Computing Block 125 out of 560
Processing Block size=3
begin cleaner{left: ("[FunctionalDependency:(s: {brewery_id}, t: {brewery_name})]", 0.0), operator: *, right: (1.0, 1.0), result: 0.0}
列 'p' 不存在，对列 brewery_name 不过滤，直接选择所有非无效值。
Block processing time: 0.007785 seconds
Computing Block 126 out of 560
Processing Block size=6
begin cleaner{left: ("[FunctionalDependency:(s: {brewery_id}, t: {brewery_name})]", 0.0), operator: *, right: (1.0, 1.0), result: 0.0}
列 'p' 不存在，对列 brewery_name 不过滤，直接选择所有非无效值。
Block processing time: 0.014399 seconds
Computing Block 127 out of 560
Processing Block size=8
begin cleaner{left: ("[FunctionalDependency:(s: {brewery_id}, t: {brewery_name})]", 0.0), operator: *, right: (1.0, 1.0), result: 0.0}
列 'p' 不存在，对列 brewery_name 不过滤，直接选择所有非无效值。
Block processing time: 0.019125 seconds
Computing Block 128 out of 560
Processing Block size=4
begin cleaner{left: ("[FunctionalDependency:(s: {brewery_id}, t: {brewery_name})]", 0.0), operator: *, right: (1.0, 1.0), result: 0.0}
列 'p' 不存在，对列 brewery_name 不过滤，直接选择所有非无效值。
Block processing time: 0.009999 seconds
Computing Block 129 out of 560
Processing Block size=4
begin cleaner{left: ("[FunctionalDependency:(s: {brewery_id}, t: {brewery_name})]", 0.0), operator: *, right: (1.0, 1.0), result: 0.0}
列 'p' 不存在，对列 brewery_name 不过滤，直接选择所有非无效值。
Block processing time: 0.010094 seconds
Computing Block 130 out of 560
Processing Block size=5
begin cleaner{left: ("[FunctionalDependency:(s: {brewery_id}, t: {brewery_name})]", 0.0), operator: *, right: (1.0, 1.0), result: 0.0}
列 'p' 不存在，对列 brewery_name 不过滤，直接选择所有非无效值。
Block processing time: 0.012298 seconds
Computing Block 131 out of 560
Processing Block size=7
begin cleaner{left: ("[FunctionalDependency:(s: {brewery_id}, t: {brewery_name})]", 0.0), operator: *, right: (1.0, 1.0), result: 0.0}
列 'p' 不存在，对列 brewery_name 不过滤，直接选择所有非无效值。
Block processing time: 0.017949 seconds
Computing Block 132 out of 560
Processing Block size=3
begin cleaner{left: ("[FunctionalDependency:(s: {brewery_id}, t: {brewery_name})]", 0.0), operator: *, right: (1.0, 1.0), result: 0.0}
列 'p' 不存在，对列 brewery_name 不过滤，直接选择所有非无效值。
Block processing time: 0.007827 seconds
Computing Block 133 out of 560
Processing Block size=11
begin cleaner{left: ("[FunctionalDependency:(s: {brewery_id}, t: {brewery_name})]", 0.0), operator: *, right: (1.0, 1.0), result: 0.0}
列 'p' 不存在，对列 brewery_name 不过滤，直接选择所有非无效值。
Block processing time: 0.026028 seconds
Computing Block 134 out of 560
Processing Block size=3
begin cleaner{left: ("[FunctionalDependency:(s: {brewery_id}, t: {brewery_name})]", 0.0), operator: *, right: (1.0, 1.0), result: 0.0}
列 'p' 不存在，对列 brewery_name 不过滤，直接选择所有非无效值。
Block processing time: 0.007566 seconds
Computing Block 136 out of 560
Processing Block size=5
begin cleaner{left: ("[FunctionalDependency:(s: {brewery_id}, t: {brewery_name})]", 0.0), operator: *, right: (1.0, 1.0), result: 0.0}
列 'p' 不存在，对列 brewery_name 不过滤，直接选择所有非无效值。
Block processing time: 0.012258 seconds
Computing Block 137 out of 560
Processing Block size=7
begin cleaner{left: ("[FunctionalDependency:(s: {brewery_id}, t: {brewery_name})]", 0.0), operator: *, right: (1.0, 1.0), result: 0.0}
列 'p' 不存在，对列 brewery_name 不过滤，直接选择所有非无效值。
Block processing time: 0.018238 seconds
Computing Block 138 out of 560
Processing Block size=4
begin cleaner{left: ("[FunctionalDependency:(s: {brewery_id}, t: {brewery_name})]", 0.0), operator: *, right: (1.0, 1.0), result: 0.0}
列 'p' 不存在，对列 brewery_name 不过滤，直接选择所有非无效值。
Block processing time: 0.01078 seconds
Computing Block 139 out of 560
Processing Block size=3
begin cleaner{left: ("[FunctionalDependency:(s: {brewery_id}, t: {brewery_name})]", 0.0), operator: *, right: (1.0, 1.0), result: 0.0}
列 'p' 不存在，对列 brewery_name 不过滤，直接选择所有非无效值。
Block processing time: 0.008191 seconds
Computing Block 140 out of 560
Processing Block size=9
begin cleaner{left: ("[FunctionalDependency:(s: {brewery_id}, t: {brewery_name})]", 0.0), operator: *, right: (1.0, 1.0), result: 0.0}
列 'p' 不存在，对列 brewery_name 不过滤，直接选择所有非无效值。
Block processing time: 0.023306 seconds
Computing Block 141 out of 560
Processing Block size=3
begin cleaner{left: ("[FunctionalDependency:(s: {brewery_id}, t: {brewery_name})]", 0.0), operator: *, right: (1.0, 1.0), result: 0.0}
列 'p' 不存在，对列 brewery_name 不过滤，直接选择所有非无效值。
Block processing time: 0.00832 seconds
Computing Block 142 out of 560
Processing Block size=2
begin cleaner{left: ("[FunctionalDependency:(s: {brewery_id}, t: {brewery_name})]", 0.0), operator: *, right: (1.0, 1.0), result: 0.0}
列 'p' 不存在，对列 brewery_name 不过滤，直接选择所有非无效值。
Block processing time: 0.005376 seconds
Computing Block 144 out of 560
Processing Block size=2
begin cleaner{left: ("[FunctionalDependency:(s: {brewery_id}, t: {brewery_name})]", 0.0), operator: *, right: (1.0, 1.0), result: 0.0}
列 'p' 不存在，对列 brewery_name 不过滤，直接选择所有非无效值。
Block processing time: 0.005302 seconds
Computing Block 145 out of 560
Processing Block size=5
begin cleaner{left: ("[FunctionalDependency:(s: {brewery_id}, t: {brewery_name})]", 0.0), operator: *, right: (1.0, 1.0), result: 0.0}
列 'p' 不存在，对列 brewery_name 不过滤，直接选择所有非无效值。
Block processing time: 0.012912 seconds
Computing Block 146 out of 560
Processing Block size=20
begin cleaner{left: ("[FunctionalDependency:(s: {brewery_id}, t: {brewery_name})]", 0.0), operator: *, right: (1.0, 1.0), result: 0.0}
列 'p' 不存在，对列 brewery_name 不过滤，直接选择所有非无效值。
Block processing time: 0.048487 seconds
Computing Block 147 out of 560
Processing Block size=2
begin cleaner{left: ("[FunctionalDependency:(s: {brewery_id}, t: {brewery_name})]", 0.0), operator: *, right: (1.0, 1.0), result: 0.0}
列 'p' 不存在，对列 brewery_name 不过滤，直接选择所有非无效值。
Block processing time: 0.005346 seconds
Computing Block 150 out of 560
Processing Block size=5
begin cleaner{left: ("[FunctionalDependency:(s: {brewery_id}, t: {brewery_name})]", 0.0), operator: *, right: (1.0, 1.0), result: 0.0}
列 'p' 不存在，对列 brewery_name 不过滤，直接选择所有非无效值。
Block processing time: 0.012261 seconds
Computing Block 151 out of 560
Processing Block size=5
begin cleaner{left: ("[FunctionalDependency:(s: {brewery_id}, t: {brewery_name})]", 0.0), operator: *, right: (1.0, 1.0), result: 0.0}
列 'p' 不存在，对列 brewery_name 不过滤，直接选择所有非无效值。
Block processing time: 0.013049 seconds
Computing Block 152 out of 560
Processing Block size=3
begin cleaner{left: ("[FunctionalDependency:(s: {brewery_id}, t: {brewery_name})]", 0.0), operator: *, right: (1.0, 1.0), result: 0.0}
列 'p' 不存在，对列 brewery_name 不过滤，直接选择所有非无效值。
Block processing time: 0.008306 seconds
Computing Block 154 out of 560
Processing Block size=3
begin cleaner{left: ("[FunctionalDependency:(s: {brewery_id}, t: {brewery_name})]", 0.0), operator: *, right: (1.0, 1.0), result: 0.0}
列 'p' 不存在，对列 brewery_name 不过滤，直接选择所有非无效值。
Block processing time: 0.008373 seconds
Computing Block 155 out of 560
Processing Block size=6
begin cleaner{left: ("[FunctionalDependency:(s: {brewery_id}, t: {brewery_name})]", 0.0), operator: *, right: (1.0, 1.0), result: 0.0}
列 'p' 不存在，对列 brewery_name 不过滤，直接选择所有非无效值。
Block processing time: 0.01594 seconds
Computing Block 156 out of 560
Processing Block size=2
begin cleaner{left: ("[FunctionalDependency:(s: {brewery_id}, t: {brewery_name})]", 0.0), operator: *, right: (1.0, 1.0), result: 0.0}
列 'p' 不存在，对列 brewery_name 不过滤，直接选择所有非无效值。
Block processing time: 0.005665 seconds
Computing Block 157 out of 560
Processing Block size=7
begin cleaner{left: ("[FunctionalDependency:(s: {brewery_id}, t: {brewery_name})]", 0.0), operator: *, right: (1.0, 1.0), result: 0.0}
列 'p' 不存在，对列 brewery_name 不过滤，直接选择所有非无效值。
Block processing time: 0.018317 seconds
Computing Block 158 out of 560
Processing Block size=7
begin cleaner{left: ("[FunctionalDependency:(s: {brewery_id}, t: {brewery_name})]", 0.0), operator: *, right: (1.0, 1.0), result: 0.0}
列 'p' 不存在，对列 brewery_name 不过滤，直接选择所有非无效值。
Block processing time: 0.017146 seconds
Computing Block 159 out of 560
Processing Block size=4
begin cleaner{left: ("[FunctionalDependency:(s: {brewery_id}, t: {brewery_name})]", 0.0), operator: *, right: (1.0, 1.0), result: 0.0}
列 'p' 不存在，对列 brewery_name 不过滤，直接选择所有非无效值。
Block processing time: 0.009936 seconds
Computing Block 160 out of 560
Processing Block size=2
begin cleaner{left: ("[FunctionalDependency:(s: {brewery_id}, t: {brewery_name})]", 0.0), operator: *, right: (1.0, 1.0), result: 0.0}
列 'p' 不存在，对列 brewery_name 不过滤，直接选择所有非无效值。
Block processing time: 0.005337 seconds
Computing Block 161 out of 560
Processing Block size=4
begin cleaner{left: ("[FunctionalDependency:(s: {brewery_id}, t: {brewery_name})]", 0.0), operator: *, right: (1.0, 1.0), result: 0.0}
列 'p' 不存在，对列 brewery_name 不过滤，直接选择所有非无效值。
Block processing time: 0.010595 seconds
Computing Block 162 out of 560
Processing Block size=4
begin cleaner{left: ("[FunctionalDependency:(s: {brewery_id}, t: {brewery_name})]", 0.0), operator: *, right: (1.0, 1.0), result: 0.0}
列 'p' 不存在，对列 brewery_name 不过滤，直接选择所有非无效值。
Block processing time: 0.010829 seconds
Computing Block 163 out of 560
Processing Block size=4
begin cleaner{left: ("[FunctionalDependency:(s: {brewery_id}, t: {brewery_name})]", 0.0), operator: *, right: (1.0, 1.0), result: 0.0}
列 'p' 不存在，对列 brewery_name 不过滤，直接选择所有非无效值。
Block processing time: 0.01074 seconds
Computing Block 164 out of 560
Processing Block size=4
begin cleaner{left: ("[FunctionalDependency:(s: {brewery_id}, t: {brewery_name})]", 0.0), operator: *, right: (1.0, 1.0), result: 0.0}
列 'p' 不存在，对列 brewery_name 不过滤，直接选择所有非无效值。
Block processing time: 0.010762 seconds
Computing Block 165 out of 560
Processing Block size=3
begin cleaner{left: ("[FunctionalDependency:(s: {brewery_id}, t: {brewery_name})]", 0.0), operator: *, right: (1.0, 1.0), result: 0.0}
列 'p' 不存在，对列 brewery_name 不过滤，直接选择所有非无效值。
Block processing time: 0.007713 seconds
Computing Block 166 out of 560
Processing Block size=2
begin cleaner{left: ("[FunctionalDependency:(s: {brewery_id}, t: {brewery_name})]", 0.0), operator: *, right: (1.0, 1.0), result: 0.0}
列 'p' 不存在，对列 brewery_name 不过滤，直接选择所有非无效值。
Block processing time: 0.005569 seconds
Computing Block 167 out of 560
Processing Block size=3
begin cleaner{left: ("[FunctionalDependency:(s: {brewery_id}, t: {brewery_name})]", 0.0), operator: *, right: (1.0, 1.0), result: 0.0}
列 'p' 不存在，对列 brewery_name 不过滤，直接选择所有非无效值。
Block processing time: 0.008318 seconds
Computing Block 168 out of 560
Processing Block size=3
begin cleaner{left: ("[FunctionalDependency:(s: {brewery_id}, t: {brewery_name})]", 0.0), operator: *, right: (1.0, 1.0), result: 0.0}
列 'p' 不存在，对列 brewery_name 不过滤，直接选择所有非无效值。
Block processing time: 0.00832 seconds
Computing Block 172 out of 560
Processing Block size=3
begin cleaner{left: ("[FunctionalDependency:(s: {brewery_id}, t: {brewery_name})]", 0.0), operator: *, right: (1.0, 1.0), result: 0.0}
列 'p' 不存在，对列 brewery_name 不过滤，直接选择所有非无效值。
Block processing time: 0.007675 seconds
Computing Block 173 out of 560
Processing Block size=6
begin cleaner{left: ("[FunctionalDependency:(s: {brewery_id}, t: {brewery_name})]", 0.0), operator: *, right: (1.0, 1.0), result: 0.0}
列 'p' 不存在，对列 brewery_name 不过滤，直接选择所有非无效值。
Block processing time: 0.01514 seconds
Computing Block 175 out of 560
Processing Block size=8
begin cleaner{left: ("[FunctionalDependency:(s: {brewery_id}, t: {brewery_name})]", 0.0), operator: *, right: (1.0, 1.0), result: 0.0}
列 'p' 不存在，对列 brewery_name 不过滤，直接选择所有非无效值。
Block processing time: 0.021428 seconds
Computing Block 178 out of 560
Processing Block size=2
begin cleaner{left: ("[FunctionalDependency:(s: {brewery_id}, t: {brewery_name})]", 0.0), operator: *, right: (1.0, 1.0), result: 0.0}
列 'p' 不存在，对列 brewery_name 不过滤，直接选择所有非无效值。
Block processing time: 0.005716 seconds
Computing Block 179 out of 560
Processing Block size=5
begin cleaner{left: ("[FunctionalDependency:(s: {brewery_id}, t: {brewery_name})]", 0.0), operator: *, right: (1.0, 1.0), result: 0.0}
列 'p' 不存在，对列 brewery_name 不过滤，直接选择所有非无效值。
Block processing time: 0.013188 seconds
Computing Block 181 out of 560
Processing Block size=18
begin cleaner{left: ("[FunctionalDependency:(s: {brewery_id}, t: {brewery_name})]", 0.0), operator: *, right: (1.0, 1.0), result: 0.0}
列 'p' 不存在，对列 brewery_name 不过滤，直接选择所有非无效值。
Block processing time: 0.042925 seconds
Computing Block 183 out of 560
Processing Block size=6
begin cleaner{left: ("[FunctionalDependency:(s: {brewery_id}, t: {brewery_name})]", 0.0), operator: *, right: (1.0, 1.0), result: 0.0}
列 'p' 不存在，对列 brewery_name 不过滤，直接选择所有非无效值。
Block processing time: 0.01539 seconds
Computing Block 184 out of 560
Processing Block size=2
begin cleaner{left: ("[FunctionalDependency:(s: {brewery_id}, t: {brewery_name})]", 0.0), operator: *, right: (1.0, 1.0), result: 0.0}
列 'p' 不存在，对列 brewery_name 不过滤，直接选择所有非无效值。
Block processing time: 0.005296 seconds
Computing Block 185 out of 560
Processing Block size=5
begin cleaner{left: ("[FunctionalDependency:(s: {brewery_id}, t: {brewery_name})]", 0.0), operator: *, right: (1.0, 1.0), result: 0.0}
列 'p' 不存在，对列 brewery_name 不过滤，直接选择所有非无效值。
Block processing time: 0.012332 seconds
Computing Block 186 out of 560
Processing Block size=5
begin cleaner{left: ("[FunctionalDependency:(s: {brewery_id}, t: {brewery_name})]", 0.0), operator: *, right: (1.0, 1.0), result: 0.0}
列 'p' 不存在，对列 brewery_name 不过滤，直接选择所有非无效值。
Block processing time: 0.012389 seconds
Computing Block 189 out of 560
Processing Block size=9
begin cleaner{left: ("[FunctionalDependency:(s: {brewery_id}, t: {brewery_name})]", 0.0), operator: *, right: (1.0, 1.0), result: 0.0}
列 'p' 不存在，对列 brewery_name 不过滤，直接选择所有非无效值。
Block processing time: 0.022066 seconds
Computing Block 190 out of 560
Processing Block size=6
begin cleaner{left: ("[FunctionalDependency:(s: {brewery_id}, t: {brewery_name})]", 0.0), operator: *, right: (1.0, 1.0), result: 0.0}
列 'p' 不存在，对列 brewery_name 不过滤，直接选择所有非无效值。
Block processing time: 0.014779 seconds
Computing Block 191 out of 560
Processing Block size=8
begin cleaner{left: ("[FunctionalDependency:(s: {brewery_id}, t: {brewery_name})]", 0.0), operator: *, right: (1.0, 1.0), result: 0.0}
列 'p' 不存在，对列 brewery_name 不过滤，直接选择所有非无效值。
Block processing time: 0.019444 seconds
Computing Block 192 out of 560
Processing Block size=2
begin cleaner{left: ("[FunctionalDependency:(s: {brewery_id}, t: {brewery_name})]", 0.0), operator: *, right: (1.0, 1.0), result: 0.0}
列 'p' 不存在，对列 brewery_name 不过滤，直接选择所有非无效值。
Block processing time: 0.005364 seconds
Computing Block 193 out of 560
Processing Block size=5
begin cleaner{left: ("[FunctionalDependency:(s: {brewery_id}, t: {brewery_name})]", 0.0), operator: *, right: (1.0, 1.0), result: 0.0}
列 'p' 不存在，对列 brewery_name 不过滤，直接选择所有非无效值。
Block processing time: 0.0124 seconds
Computing Block 194 out of 560
Processing Block size=5
begin cleaner{left: ("[FunctionalDependency:(s: {brewery_id}, t: {brewery_name})]", 0.0), operator: *, right: (1.0, 1.0), result: 0.0}
列 'p' 不存在，对列 brewery_name 不过滤，直接选择所有非无效值。
Block processing time: 0.012421 seconds
Computing Block 197 out of 560
Processing Block size=3
begin cleaner{left: ("[FunctionalDependency:(s: {brewery_id}, t: {brewery_name})]", 0.0), operator: *, right: (1.0, 1.0), result: 0.0}
列 'p' 不存在，对列 brewery_name 不过滤，直接选择所有非无效值。
Block processing time: 0.007777 seconds
Computing Block 198 out of 560
Processing Block size=6
begin cleaner{left: ("[FunctionalDependency:(s: {brewery_id}, t: {brewery_name})]", 0.0), operator: *, right: (1.0, 1.0), result: 0.0}
列 'p' 不存在，对列 brewery_name 不过滤，直接选择所有非无效值。
Block processing time: 0.0147 seconds
Computing Block 200 out of 560
Processing Block size=4
begin cleaner{left: ("[FunctionalDependency:(s: {brewery_id}, t: {brewery_name})]", 0.0), operator: *, right: (1.0, 1.0), result: 0.0}
列 'p' 不存在，对列 brewery_name 不过滤，直接选择所有非无效值。
Block processing time: 0.009957 seconds
Computing Block 203 out of 560
Processing Block size=3
begin cleaner{left: ("[FunctionalDependency:(s: {brewery_id}, t: {brewery_name})]", 0.0), operator: *, right: (1.0, 1.0), result: 0.0}
列 'p' 不存在，对列 brewery_name 不过滤，直接选择所有非无效值。
Block processing time: 0.007643 seconds
Computing Block 205 out of 560
Processing Block size=3
begin cleaner{left: ("[FunctionalDependency:(s: {brewery_id}, t: {brewery_name})]", 0.0), operator: *, right: (1.0, 1.0), result: 0.0}
列 'p' 不存在，对列 brewery_name 不过滤，直接选择所有非无效值。
Block processing time: 0.007695 seconds
Computing Block 206 out of 560
Processing Block size=3
begin cleaner{left: ("[FunctionalDependency:(s: {brewery_id}, t: {brewery_name})]", 0.0), operator: *, right: (1.0, 1.0), result: 0.0}
列 'p' 不存在，对列 brewery_name 不过滤，直接选择所有非无效值。
Block processing time: 0.007613 seconds
Computing Block 208 out of 560
Processing Block size=7
begin cleaner{left: ("[FunctionalDependency:(s: {brewery_id}, t: {brewery_name})]", 0.0), operator: *, right: (1.0, 1.0), result: 0.0}
列 'p' 不存在，对列 brewery_name 不过滤，直接选择所有非无效值。
Block processing time: 0.017911 seconds
Computing Block 209 out of 560
Processing Block size=3
begin cleaner{left: ("[FunctionalDependency:(s: {brewery_id}, t: {brewery_name})]", 0.0), operator: *, right: (1.0, 1.0), result: 0.0}
列 'p' 不存在，对列 brewery_name 不过滤，直接选择所有非无效值。
Block processing time: 0.007647 seconds
Computing Block 211 out of 560
Processing Block size=2
begin cleaner{left: ("[FunctionalDependency:(s: {brewery_id}, t: {brewery_name})]", 0.0), operator: *, right: (1.0, 1.0), result: 0.0}
列 'p' 不存在，对列 brewery_name 不过滤，直接选择所有非无效值。
Block processing time: 0.005271 seconds
Computing Block 213 out of 560
Processing Block size=4
begin cleaner{left: ("[FunctionalDependency:(s: {brewery_id}, t: {brewery_name})]", 0.0), operator: *, right: (1.0, 1.0), result: 0.0}
列 'p' 不存在，对列 brewery_name 不过滤，直接选择所有非无效值。
Block processing time: 0.009955 seconds
Computing Block 214 out of 560
Processing Block size=9
begin cleaner{left: ("[FunctionalDependency:(s: {brewery_id}, t: {brewery_name})]", 0.0), operator: *, right: (1.0, 1.0), result: 0.0}
列 'p' 不存在，对列 brewery_name 不过滤，直接选择所有非无效值。
Block processing time: 0.021519 seconds
Computing Block 215 out of 560
Processing Block size=2
begin cleaner{left: ("[FunctionalDependency:(s: {brewery_id}, t: {brewery_name})]", 0.0), operator: *, right: (1.0, 1.0), result: 0.0}
列 'p' 不存在，对列 brewery_name 不过滤，直接选择所有非无效值。
Block processing time: 0.005262 seconds
Computing Block 216 out of 560
Processing Block size=2
begin cleaner{left: ("[FunctionalDependency:(s: {brewery_id}, t: {brewery_name})]", 0.0), operator: *, right: (1.0, 1.0), result: 0.0}
列 'p' 不存在，对列 brewery_name 不过滤，直接选择所有非无效值。
Block processing time: 0.005359 seconds
Computing Block 217 out of 560
Processing Block size=2
begin cleaner{left: ("[FunctionalDependency:(s: {brewery_id}, t: {brewery_name})]", 0.0), operator: *, right: (1.0, 1.0), result: 0.0}
列 'p' 不存在，对列 brewery_name 不过滤，直接选择所有非无效值。
Block processing time: 0.005224 seconds
Computing Block 218 out of 560
Processing Block size=2
begin cleaner{left: ("[FunctionalDependency:(s: {brewery_id}, t: {brewery_name})]", 0.0), operator: *, right: (1.0, 1.0), result: 0.0}
列 'p' 不存在，对列 brewery_name 不过滤，直接选择所有非无效值。
Block processing time: 0.005294 seconds
Computing Block 219 out of 560
Processing Block size=11
begin cleaner{left: ("[FunctionalDependency:(s: {brewery_id}, t: {brewery_name})]", 0.0), operator: *, right: (1.0, 1.0), result: 0.0}
列 'p' 不存在，对列 brewery_name 不过滤，直接选择所有非无效值。
Block processing time: 0.026227 seconds
Computing Block 220 out of 560
Processing Block size=3
begin cleaner{left: ("[FunctionalDependency:(s: {brewery_id}, t: {brewery_name})]", 0.0), operator: *, right: (1.0, 1.0), result: 0.0}
列 'p' 不存在，对列 brewery_name 不过滤，直接选择所有非无效值。
Block processing time: 0.007612 seconds
Computing Block 221 out of 560
Processing Block size=8
begin cleaner{left: ("[FunctionalDependency:(s: {brewery_id}, t: {brewery_name})]", 0.0), operator: *, right: (1.0, 1.0), result: 0.0}
列 'p' 不存在，对列 brewery_name 不过滤，直接选择所有非无效值。
Block processing time: 0.019251 seconds
Computing Block 222 out of 560
Processing Block size=13
begin cleaner{left: ("[FunctionalDependency:(s: {brewery_id}, t: {brewery_name})]", 0.0), operator: *, right: (1.0, 1.0), result: 0.0}
列 'p' 不存在，对列 brewery_name 不过滤，直接选择所有非无效值。
Block processing time: 0.031394 seconds
Computing Block 223 out of 560
Processing Block size=2
begin cleaner{left: ("[FunctionalDependency:(s: {brewery_id}, t: {brewery_name})]", 0.0), operator: *, right: (1.0, 1.0), result: 0.0}
列 'p' 不存在，对列 brewery_name 不过滤，直接选择所有非无效值。
Block processing time: 0.005276 seconds
Computing Block 224 out of 560
Processing Block size=2
begin cleaner{left: ("[FunctionalDependency:(s: {brewery_id}, t: {brewery_name})]", 0.0), operator: *, right: (1.0, 1.0), result: 0.0}
列 'p' 不存在，对列 brewery_name 不过滤，直接选择所有非无效值。
Block processing time: 0.00523 seconds
Computing Block 226 out of 560
Processing Block size=2
begin cleaner{left: ("[FunctionalDependency:(s: {brewery_id}, t: {brewery_name})]", 0.0), operator: *, right: (1.0, 1.0), result: 0.0}
列 'p' 不存在，对列 brewery_name 不过滤，直接选择所有非无效值。
Block processing time: 0.00529 seconds
Computing Block 227 out of 560
Processing Block size=2
begin cleaner{left: ("[FunctionalDependency:(s: {brewery_id}, t: {brewery_name})]", 0.0), operator: *, right: (1.0, 1.0), result: 0.0}
列 'p' 不存在，对列 brewery_name 不过滤，直接选择所有非无效值。
Block processing time: 0.005218 seconds
Computing Block 228 out of 560
Processing Block size=9
begin cleaner{left: ("[FunctionalDependency:(s: {brewery_id}, t: {brewery_name})]", 0.0), operator: *, right: (1.0, 1.0), result: 0.0}
列 'p' 不存在，对列 brewery_name 不过滤，直接选择所有非无效值。
Block processing time: 0.021526 seconds
Computing Block 229 out of 560
Processing Block size=3
begin cleaner{left: ("[FunctionalDependency:(s: {brewery_id}, t: {brewery_name})]", 0.0), operator: *, right: (1.0, 1.0), result: 0.0}
列 'p' 不存在，对列 brewery_name 不过滤，直接选择所有非无效值。
Block processing time: 0.007657 seconds
Computing Block 230 out of 560
Processing Block size=3
begin cleaner{left: ("[FunctionalDependency:(s: {brewery_id}, t: {brewery_name})]", 0.0), operator: *, right: (1.0, 1.0), result: 0.0}
列 'p' 不存在，对列 brewery_name 不过滤，直接选择所有非无效值。
Block processing time: 0.007625 seconds
Computing Block 231 out of 560
Processing Block size=10
begin cleaner{left: ("[FunctionalDependency:(s: {brewery_id}, t: {brewery_name})]", 0.0), operator: *, right: (1.0, 1.0), result: 0.0}
列 'p' 不存在，对列 brewery_name 不过滤，直接选择所有非无效值。
Block processing time: 0.024184 seconds
Computing Block 232 out of 560
Processing Block size=2
begin cleaner{left: ("[FunctionalDependency:(s: {brewery_id}, t: {brewery_name})]", 0.0), operator: *, right: (1.0, 1.0), result: 0.0}
列 'p' 不存在，对列 brewery_name 不过滤，直接选择所有非无效值。
Block processing time: 0.005307 seconds
Computing Block 234 out of 560
Processing Block size=13
begin cleaner{left: ("[FunctionalDependency:(s: {brewery_id}, t: {brewery_name})]", 0.0), operator: *, right: (1.0, 1.0), result: 0.0}
列 'p' 不存在，对列 brewery_name 不过滤，直接选择所有非无效值。
Block processing time: 0.031162 seconds
Computing Block 236 out of 560
Processing Block size=2
begin cleaner{left: ("[FunctionalDependency:(s: {brewery_id}, t: {brewery_name})]", 0.0), operator: *, right: (1.0, 1.0), result: 0.0}
列 'p' 不存在，对列 brewery_name 不过滤，直接选择所有非无效值。
Block processing time: 0.005367 seconds
Computing Block 237 out of 560
Processing Block size=2
begin cleaner{left: ("[FunctionalDependency:(s: {brewery_id}, t: {brewery_name})]", 0.0), operator: *, right: (1.0, 1.0), result: 0.0}
列 'p' 不存在，对列 brewery_name 不过滤，直接选择所有非无效值。
Block processing time: 0.005221 seconds
Computing Block 238 out of 560
Processing Block size=4
begin cleaner{left: ("[FunctionalDependency:(s: {brewery_id}, t: {brewery_name})]", 0.0), operator: *, right: (1.0, 1.0), result: 0.0}
列 'p' 不存在，对列 brewery_name 不过滤，直接选择所有非无效值。
Block processing time: 0.009831 seconds
Computing Block 239 out of 560
Processing Block size=2
begin cleaner{left: ("[FunctionalDependency:(s: {brewery_id}, t: {brewery_name})]", 0.0), operator: *, right: (1.0, 1.0), result: 0.0}
列 'p' 不存在，对列 brewery_name 不过滤，直接选择所有非无效值。
Block processing time: 0.005321 seconds
Computing Block 240 out of 560
Processing Block size=14
begin cleaner{left: ("[FunctionalDependency:(s: {brewery_id}, t: {brewery_name})]", 0.0), operator: *, right: (1.0, 1.0), result: 0.0}
列 'p' 不存在，对列 brewery_name 不过滤，直接选择所有非无效值。
Block processing time: 0.033028 seconds
Computing Block 241 out of 560
Processing Block size=3
begin cleaner{left: ("[FunctionalDependency:(s: {brewery_id}, t: {brewery_name})]", 0.0), operator: *, right: (1.0, 1.0), result: 0.0}
列 'p' 不存在，对列 brewery_name 不过滤，直接选择所有非无效值。
Block processing time: 0.007719 seconds
Computing Block 242 out of 560
Processing Block size=5
begin cleaner{left: ("[FunctionalDependency:(s: {brewery_id}, t: {brewery_name})]", 0.0), operator: *, right: (1.0, 1.0), result: 0.0}
列 'p' 不存在，对列 brewery_name 不过滤，直接选择所有非无效值。
Block processing time: 0.01275 seconds
Computing Block 245 out of 560
Processing Block size=4
begin cleaner{left: ("[FunctionalDependency:(s: {brewery_id}, t: {brewery_name})]", 0.0), operator: *, right: (1.0, 1.0), result: 0.0}
列 'p' 不存在，对列 brewery_name 不过滤，直接选择所有非无效值。
Block processing time: 0.00998 seconds
Computing Block 246 out of 560
Processing Block size=4
begin cleaner{left: ("[FunctionalDependency:(s: {brewery_id}, t: {brewery_name})]", 0.0), operator: *, right: (1.0, 1.0), result: 0.0}
列 'p' 不存在，对列 brewery_name 不过滤，直接选择所有非无效值。
Block processing time: 0.009933 seconds
Computing Block 247 out of 560
Processing Block size=2
begin cleaner{left: ("[FunctionalDependency:(s: {brewery_id}, t: {brewery_name})]", 0.0), operator: *, right: (1.0, 1.0), result: 0.0}
列 'p' 不存在，对列 brewery_name 不过滤，直接选择所有非无效值。
Block processing time: 0.005348 seconds
Computing Block 248 out of 560
Processing Block size=3
begin cleaner{left: ("[FunctionalDependency:(s: {brewery_id}, t: {brewery_name})]", 0.0), operator: *, right: (1.0, 1.0), result: 0.0}
列 'p' 不存在，对列 brewery_name 不过滤，直接选择所有非无效值。
Block processing time: 0.007536 seconds
Computing Block 251 out of 560
Processing Block size=4
begin cleaner{left: ("[FunctionalDependency:(s: {brewery_id}, t: {brewery_name})]", 0.0), operator: *, right: (1.0, 1.0), result: 0.0}
列 'p' 不存在，对列 brewery_name 不过滤，直接选择所有非无效值。
Block processing time: 0.010128 seconds
Computing Block 252 out of 560
Processing Block size=2
begin cleaner{left: ("[FunctionalDependency:(s: {brewery_id}, t: {brewery_name})]", 0.0), operator: *, right: (1.0, 1.0), result: 0.0}
列 'p' 不存在，对列 brewery_name 不过滤，直接选择所有非无效值。
Block processing time: 0.005216 seconds
Computing Block 253 out of 560
Processing Block size=9
begin cleaner{left: ("[FunctionalDependency:(s: {brewery_id}, t: {brewery_name})]", 0.0), operator: *, right: (1.0, 1.0), result: 0.0}
列 'p' 不存在，对列 brewery_name 不过滤，直接选择所有非无效值。
Block processing time: 0.021335 seconds
Computing Block 254 out of 560
Processing Block size=2
begin cleaner{left: ("[FunctionalDependency:(s: {brewery_id}, t: {brewery_name})]", 0.0), operator: *, right: (1.0, 1.0), result: 0.0}
列 'p' 不存在，对列 brewery_name 不过滤，直接选择所有非无效值。
Block processing time: 0.005298 seconds
Computing Block 255 out of 560
Processing Block size=4
begin cleaner{left: ("[FunctionalDependency:(s: {brewery_id}, t: {brewery_name})]", 0.0), operator: *, right: (1.0, 1.0), result: 0.0}
列 'p' 不存在，对列 brewery_name 不过滤，直接选择所有非无效值。
Block processing time: 0.010749 seconds
Computing Block 256 out of 560
Processing Block size=4
begin cleaner{left: ("[FunctionalDependency:(s: {brewery_id}, t: {brewery_name})]", 0.0), operator: *, right: (1.0, 1.0), result: 0.0}
列 'p' 不存在，对列 brewery_name 不过滤，直接选择所有非无效值。
Block processing time: 0.010813 seconds
Computing Block 257 out of 560
Processing Block size=10
begin cleaner{left: ("[FunctionalDependency:(s: {brewery_id}, t: {brewery_name})]", 0.0), operator: *, right: (1.0, 1.0), result: 0.0}
列 'p' 不存在，对列 brewery_name 不过滤，直接选择所有非无效值。
Block processing time: 0.02642 seconds
Computing Block 259 out of 560
Processing Block size=2
begin cleaner{left: ("[FunctionalDependency:(s: {brewery_id}, t: {brewery_name})]", 0.0), operator: *, right: (1.0, 1.0), result: 0.0}
列 'p' 不存在，对列 brewery_name 不过滤，直接选择所有非无效值。
Block processing time: 0.005798 seconds
Computing Block 261 out of 560
Processing Block size=7
begin cleaner{left: ("[FunctionalDependency:(s: {brewery_id}, t: {brewery_name})]", 0.0), operator: *, right: (1.0, 1.0), result: 0.0}
列 'p' 不存在，对列 brewery_name 不过滤，直接选择所有非无效值。
Block processing time: 0.018732 seconds
Computing Block 262 out of 560
Processing Block size=7
begin cleaner{left: ("[FunctionalDependency:(s: {brewery_id}, t: {brewery_name})]", 0.0), operator: *, right: (1.0, 1.0), result: 0.0}
列 'p' 不存在，对列 brewery_name 不过滤，直接选择所有非无效值。
Block processing time: 0.018823 seconds
Computing Block 267 out of 560
Processing Block size=3
begin cleaner{left: ("[FunctionalDependency:(s: {brewery_id}, t: {brewery_name})]", 0.0), operator: *, right: (1.0, 1.0), result: 0.0}
列 'p' 不存在，对列 brewery_name 不过滤，直接选择所有非无效值。
Block processing time: 0.008481 seconds
Computing Block 268 out of 560
Processing Block size=4
begin cleaner{left: ("[FunctionalDependency:(s: {brewery_id}, t: {brewery_name})]", 0.0), operator: *, right: (1.0, 1.0), result: 0.0}
列 'p' 不存在，对列 brewery_name 不过滤，直接选择所有非无效值。
Block processing time: 0.010821 seconds
Computing Block 270 out of 560
Processing Block size=3
begin cleaner{left: ("[FunctionalDependency:(s: {brewery_id}, t: {brewery_name})]", 0.0), operator: *, right: (1.0, 1.0), result: 0.0}
列 'p' 不存在，对列 brewery_name 不过滤，直接选择所有非无效值。
Block processing time: 0.008425 seconds
Computing Block 271 out of 560
Processing Block size=2
begin cleaner{left: ("[FunctionalDependency:(s: {brewery_id}, t: {brewery_name})]", 0.0), operator: *, right: (1.0, 1.0), result: 0.0}
列 'p' 不存在，对列 brewery_name 不过滤，直接选择所有非无效值。
Block processing time: 0.005732 seconds
Computing Block 272 out of 560
Processing Block size=2
begin cleaner{left: ("[FunctionalDependency:(s: {brewery_id}, t: {brewery_name})]", 0.0), operator: *, right: (1.0, 1.0), result: 0.0}
列 'p' 不存在，对列 brewery_name 不过滤，直接选择所有非无效值。
Block processing time: 0.005374 seconds
Computing Block 274 out of 560
Processing Block size=2
begin cleaner{left: ("[FunctionalDependency:(s: {brewery_id}, t: {brewery_name})]", 0.0), operator: *, right: (1.0, 1.0), result: 0.0}
列 'p' 不存在，对列 brewery_name 不过滤，直接选择所有非无效值。
Block processing time: 0.005332 seconds
Computing Block 275 out of 560
Processing Block size=2
begin cleaner{left: ("[FunctionalDependency:(s: {brewery_id}, t: {brewery_name})]", 0.0), operator: *, right: (1.0, 1.0), result: 0.0}
列 'p' 不存在，对列 brewery_name 不过滤，直接选择所有非无效值。
Block processing time: 0.005289 seconds
Computing Block 277 out of 560
Processing Block size=2
begin cleaner{left: ("[FunctionalDependency:(s: {brewery_id}, t: {brewery_name})]", 0.0), operator: *, right: (1.0, 1.0), result: 0.0}
列 'p' 不存在，对列 brewery_name 不过滤，直接选择所有非无效值。
Block processing time: 0.005347 seconds
Computing Block 279 out of 560
Processing Block size=2
begin cleaner{left: ("[FunctionalDependency:(s: {brewery_id}, t: {brewery_name})]", 0.0), operator: *, right: (1.0, 1.0), result: 0.0}
列 'p' 不存在，对列 brewery_name 不过滤，直接选择所有非无效值。
Block processing time: 0.005334 seconds
Computing Block 280 out of 560
Processing Block size=32
begin cleaner{left: ("[FunctionalDependency:(s: {brewery_id}, t: {brewery_name})]", 0.0), operator: *, right: (1.0, 1.0), result: 0.0}
列 'p' 不存在，对列 brewery_name 不过滤，直接选择所有非无效值。
Block processing time: 0.075288 seconds
Computing Block 281 out of 560
Processing Block size=4
begin cleaner{left: ("[FunctionalDependency:(s: {brewery_id}, t: {brewery_name})]", 0.0), operator: *, right: (1.0, 1.0), result: 0.0}
列 'p' 不存在，对列 brewery_name 不过滤，直接选择所有非无效值。
Block processing time: 0.010309 seconds
Computing Block 282 out of 560
Processing Block size=5
begin cleaner{left: ("[FunctionalDependency:(s: {brewery_id}, t: {brewery_name})]", 0.0), operator: *, right: (1.0, 1.0), result: 0.0}
列 'p' 不存在，对列 brewery_name 不过滤，直接选择所有非无效值。
Block processing time: 0.012605 seconds
Computing Block 283 out of 560
Processing Block size=5
begin cleaner{left: ("[FunctionalDependency:(s: {brewery_id}, t: {brewery_name})]", 0.0), operator: *, right: (1.0, 1.0), result: 0.0}
列 'p' 不存在，对列 brewery_name 不过滤，直接选择所有非无效值。
Block processing time: 0.01227 seconds
Computing Block 284 out of 560
Processing Block size=3
begin cleaner{left: ("[FunctionalDependency:(s: {brewery_id}, t: {brewery_name})]", 0.0), operator: *, right: (1.0, 1.0), result: 0.0}
列 'p' 不存在，对列 brewery_name 不过滤，直接选择所有非无效值。
Block processing time: 0.007773 seconds
Computing Block 285 out of 560
Processing Block size=3
begin cleaner{left: ("[FunctionalDependency:(s: {brewery_id}, t: {brewery_name})]", 0.0), operator: *, right: (1.0, 1.0), result: 0.0}
列 'p' 不存在，对列 brewery_name 不过滤，直接选择所有非无效值。
Block processing time: 0.00762 seconds
Computing Block 286 out of 560
Processing Block size=5
begin cleaner{left: ("[FunctionalDependency:(s: {brewery_id}, t: {brewery_name})]", 0.0), operator: *, right: (1.0, 1.0), result: 0.0}
列 'p' 不存在，对列 brewery_name 不过滤，直接选择所有非无效值。
Block processing time: 0.012956 seconds
Computing Block 287 out of 560
Processing Block size=3
begin cleaner{left: ("[FunctionalDependency:(s: {brewery_id}, t: {brewery_name})]", 0.0), operator: *, right: (1.0, 1.0), result: 0.0}
列 'p' 不存在，对列 brewery_name 不过滤，直接选择所有非无效值。
Block processing time: 0.008035 seconds
Computing Block 288 out of 560
Processing Block size=14
begin cleaner{left: ("[FunctionalDependency:(s: {brewery_id}, t: {brewery_name})]", 0.0), operator: *, right: (1.0, 1.0), result: 0.0}
列 'p' 不存在，对列 brewery_name 不过滤，直接选择所有非无效值。
Block processing time: 0.034415 seconds
Computing Block 290 out of 560
Processing Block size=2
begin cleaner{left: ("[FunctionalDependency:(s: {brewery_id}, t: {brewery_name})]", 0.0), operator: *, right: (1.0, 1.0), result: 0.0}
列 'p' 不存在，对列 brewery_name 不过滤，直接选择所有非无效值。
Block processing time: 0.005635 seconds
Computing Block 291 out of 560
Processing Block size=2
begin cleaner{left: ("[FunctionalDependency:(s: {brewery_id}, t: {brewery_name})]", 0.0), operator: *, right: (1.0, 1.0), result: 0.0}
列 'p' 不存在，对列 brewery_name 不过滤，直接选择所有非无效值。
Block processing time: 0.00531 seconds
Computing Block 292 out of 560
Processing Block size=4
begin cleaner{left: ("[FunctionalDependency:(s: {brewery_id}, t: {brewery_name})]", 0.0), operator: *, right: (1.0, 1.0), result: 0.0}
列 'p' 不存在，对列 brewery_name 不过滤，直接选择所有非无效值。
Block processing time: 0.009935 seconds
Computing Block 294 out of 560
Processing Block size=2
begin cleaner{left: ("[FunctionalDependency:(s: {brewery_id}, t: {brewery_name})]", 0.0), operator: *, right: (1.0, 1.0), result: 0.0}
列 'p' 不存在，对列 brewery_name 不过滤，直接选择所有非无效值。
Block processing time: 0.005306 seconds
Computing Block 295 out of 560
Processing Block size=6
begin cleaner{left: ("[FunctionalDependency:(s: {brewery_id}, t: {brewery_name})]", 0.0), operator: *, right: (1.0, 1.0), result: 0.0}
列 'p' 不存在，对列 brewery_name 不过滤，直接选择所有非无效值。
Block processing time: 0.014497 seconds
Computing Block 296 out of 560
Processing Block size=4
begin cleaner{left: ("[FunctionalDependency:(s: {brewery_id}, t: {brewery_name})]", 0.0), operator: *, right: (1.0, 1.0), result: 0.0}
列 'p' 不存在，对列 brewery_name 不过滤，直接选择所有非无效值。
Block processing time: 0.009851 seconds
Computing Block 297 out of 560
Processing Block size=3
begin cleaner{left: ("[FunctionalDependency:(s: {brewery_id}, t: {brewery_name})]", 0.0), operator: *, right: (1.0, 1.0), result: 0.0}
列 'p' 不存在，对列 brewery_name 不过滤，直接选择所有非无效值。
Block processing time: 0.007639 seconds
Computing Block 299 out of 560
Processing Block size=9
begin cleaner{left: ("[FunctionalDependency:(s: {brewery_id}, t: {brewery_name})]", 0.0), operator: *, right: (1.0, 1.0), result: 0.0}
列 'p' 不存在，对列 brewery_name 不过滤，直接选择所有非无效值。
Block processing time: 0.02332 seconds
Computing Block 301 out of 560
Processing Block size=5
begin cleaner{left: ("[FunctionalDependency:(s: {brewery_id}, t: {brewery_name})]", 0.0), operator: *, right: (1.0, 1.0), result: 0.0}
列 'p' 不存在，对列 brewery_name 不过滤，直接选择所有非无效值。
Block processing time: 0.013266 seconds
Computing Block 303 out of 560
Processing Block size=5
begin cleaner{left: ("[FunctionalDependency:(s: {brewery_id}, t: {brewery_name})]", 0.0), operator: *, right: (1.0, 1.0), result: 0.0}
列 'p' 不存在，对列 brewery_name 不过滤，直接选择所有非无效值。
Block processing time: 0.013268 seconds
Computing Block 304 out of 560
Processing Block size=9
begin cleaner{left: ("[FunctionalDependency:(s: {brewery_id}, t: {brewery_name})]", 0.0), operator: *, right: (1.0, 1.0), result: 0.0}
列 'p' 不存在，对列 brewery_name 不过滤，直接选择所有非无效值。
Block processing time: 0.023674 seconds
Computing Block 306 out of 560
Processing Block size=3
begin cleaner{left: ("[FunctionalDependency:(s: {brewery_id}, t: {brewery_name})]", 0.0), operator: *, right: (1.0, 1.0), result: 0.0}
列 'p' 不存在，对列 brewery_name 不过滤，直接选择所有非无效值。
Block processing time: 0.008268 seconds
Computing Block 307 out of 560
Processing Block size=7
begin cleaner{left: ("[FunctionalDependency:(s: {brewery_id}, t: {brewery_name})]", 0.0), operator: *, right: (1.0, 1.0), result: 0.0}
列 'p' 不存在，对列 brewery_name 不过滤，直接选择所有非无效值。
Block processing time: 0.018421 seconds
Computing Block 308 out of 560
Processing Block size=8
begin cleaner{left: ("[FunctionalDependency:(s: {brewery_id}, t: {brewery_name})]", 0.0), operator: *, right: (1.0, 1.0), result: 0.0}
列 'p' 不存在，对列 brewery_name 不过滤，直接选择所有非无效值。
Block processing time: 0.019278 seconds
Computing Block 309 out of 560
Processing Block size=3
begin cleaner{left: ("[FunctionalDependency:(s: {brewery_id}, t: {brewery_name})]", 0.0), operator: *, right: (1.0, 1.0), result: 0.0}
列 'p' 不存在，对列 brewery_name 不过滤，直接选择所有非无效值。
Block processing time: 0.007568 seconds
Computing Block 310 out of 560
Processing Block size=4
begin cleaner{left: ("[FunctionalDependency:(s: {brewery_id}, t: {brewery_name})]", 0.0), operator: *, right: (1.0, 1.0), result: 0.0}
列 'p' 不存在，对列 brewery_name 不过滤，直接选择所有非无效值。
Block processing time: 0.009897 seconds
Computing Block 313 out of 560
Processing Block size=3
begin cleaner{left: ("[FunctionalDependency:(s: {brewery_id}, t: {brewery_name})]", 0.0), operator: *, right: (1.0, 1.0), result: 0.0}
列 'p' 不存在，对列 brewery_name 不过滤，直接选择所有非无效值。
Block processing time: 0.007636 seconds
Computing Block 314 out of 560
Processing Block size=4
begin cleaner{left: ("[FunctionalDependency:(s: {brewery_id}, t: {brewery_name})]", 0.0), operator: *, right: (1.0, 1.0), result: 0.0}
列 'p' 不存在，对列 brewery_name 不过滤，直接选择所有非无效值。
Block processing time: 0.010185 seconds
Computing Block 315 out of 560
Processing Block size=4
begin cleaner{left: ("[FunctionalDependency:(s: {brewery_id}, t: {brewery_name})]", 0.0), operator: *, right: (1.0, 1.0), result: 0.0}
列 'p' 不存在，对列 brewery_name 不过滤，直接选择所有非无效值。
Block processing time: 0.011024 seconds
Computing Block 316 out of 560
Processing Block size=4
begin cleaner{left: ("[FunctionalDependency:(s: {brewery_id}, t: {brewery_name})]", 0.0), operator: *, right: (1.0, 1.0), result: 0.0}
列 'p' 不存在，对列 brewery_name 不过滤，直接选择所有非无效值。
Block processing time: 0.010829 seconds
Computing Block 317 out of 560
Processing Block size=3
begin cleaner{left: ("[FunctionalDependency:(s: {brewery_id}, t: {brewery_name})]", 0.0), operator: *, right: (1.0, 1.0), result: 0.0}
列 'p' 不存在，对列 brewery_name 不过滤，直接选择所有非无效值。
Block processing time: 0.008314 seconds
Computing Block 318 out of 560
Processing Block size=6
begin cleaner{left: ("[FunctionalDependency:(s: {brewery_id}, t: {brewery_name})]", 0.0), operator: *, right: (1.0, 1.0), result: 0.0}
列 'p' 不存在，对列 brewery_name 不过滤，直接选择所有非无效值。
Block processing time: 0.015847 seconds
Computing Block 319 out of 560
Processing Block size=4
begin cleaner{left: ("[FunctionalDependency:(s: {brewery_id}, t: {brewery_name})]", 0.0), operator: *, right: (1.0, 1.0), result: 0.0}
列 'p' 不存在，对列 brewery_name 不过滤，直接选择所有非无效值。
Block processing time: 0.010853 seconds
Computing Block 320 out of 560
Processing Block size=13
begin cleaner{left: ("[FunctionalDependency:(s: {brewery_id}, t: {brewery_name})]", 0.0), operator: *, right: (1.0, 1.0), result: 0.0}
列 'p' 不存在，对列 brewery_name 不过滤，直接选择所有非无效值。
Block processing time: 0.031972 seconds
Computing Block 321 out of 560
Processing Block size=2
begin cleaner{left: ("[FunctionalDependency:(s: {brewery_id}, t: {brewery_name})]", 0.0), operator: *, right: (1.0, 1.0), result: 0.0}
列 'p' 不存在，对列 brewery_name 不过滤，直接选择所有非无效值。
Block processing time: 0.005238 seconds
Computing Block 322 out of 560
Processing Block size=3
begin cleaner{left: ("[FunctionalDependency:(s: {brewery_id}, t: {brewery_name})]", 0.0), operator: *, right: (1.0, 1.0), result: 0.0}
列 'p' 不存在，对列 brewery_name 不过滤，直接选择所有非无效值。
Block processing time: 0.007609 seconds
Computing Block 324 out of 560
Processing Block size=4
begin cleaner{left: ("[FunctionalDependency:(s: {brewery_id}, t: {brewery_name})]", 0.0), operator: *, right: (1.0, 1.0), result: 0.0}
列 'p' 不存在，对列 brewery_name 不过滤，直接选择所有非无效值。
Block processing time: 0.010586 seconds
Computing Block 325 out of 560
Processing Block size=3
begin cleaner{left: ("[FunctionalDependency:(s: {brewery_id}, t: {brewery_name})]", 0.0), operator: *, right: (1.0, 1.0), result: 0.0}
列 'p' 不存在，对列 brewery_name 不过滤，直接选择所有非无效值。
Block processing time: 0.008282 seconds
Computing Block 328 out of 560
Processing Block size=5
begin cleaner{left: ("[FunctionalDependency:(s: {brewery_id}, t: {brewery_name})]", 0.0), operator: *, right: (1.0, 1.0), result: 0.0}
列 'p' 不存在，对列 brewery_name 不过滤，直接选择所有非无效值。
Block processing time: 0.013244 seconds
Computing Block 329 out of 560
Processing Block size=2
begin cleaner{left: ("[FunctionalDependency:(s: {brewery_id}, t: {brewery_name})]", 0.0), operator: *, right: (1.0, 1.0), result: 0.0}
列 'p' 不存在，对列 brewery_name 不过滤，直接选择所有非无效值。
Block processing time: 0.005727 seconds
Computing Block 330 out of 560
Processing Block size=6
begin cleaner{left: ("[FunctionalDependency:(s: {brewery_id}, t: {brewery_name})]", 0.0), operator: *, right: (1.0, 1.0), result: 0.0}
列 'p' 不存在，对列 brewery_name 不过滤，直接选择所有非无效值。
Block processing time: 0.015929 seconds
Computing Block 331 out of 560
Processing Block size=8
begin cleaner{left: ("[FunctionalDependency:(s: {brewery_id}, t: {brewery_name})]", 0.0), operator: *, right: (1.0, 1.0), result: 0.0}
列 'p' 不存在，对列 brewery_name 不过滤，直接选择所有非无效值。
Block processing time: 0.021426 seconds
Computing Block 332 out of 560
Processing Block size=2
begin cleaner{left: ("[FunctionalDependency:(s: {brewery_id}, t: {brewery_name})]", 0.0), operator: *, right: (1.0, 1.0), result: 0.0}
列 'p' 不存在，对列 brewery_name 不过滤，直接选择所有非无效值。
Block processing time: 0.00581 seconds
Computing Block 333 out of 560
Processing Block size=6
begin cleaner{left: ("[FunctionalDependency:(s: {brewery_id}, t: {brewery_name})]", 0.0), operator: *, right: (1.0, 1.0), result: 0.0}
列 'p' 不存在，对列 brewery_name 不过滤，直接选择所有非无效值。
Block processing time: 0.015469 seconds
Computing Block 336 out of 560
Processing Block size=2
begin cleaner{left: ("[FunctionalDependency:(s: {brewery_id}, t: {brewery_name})]", 0.0), operator: *, right: (1.0, 1.0), result: 0.0}
列 'p' 不存在，对列 brewery_name 不过滤，直接选择所有非无效值。
Block processing time: 0.005714 seconds
Computing Block 338 out of 560
Processing Block size=12
begin cleaner{left: ("[FunctionalDependency:(s: {brewery_id}, t: {brewery_name})]", 0.0), operator: *, right: (1.0, 1.0), result: 0.0}
列 'p' 不存在，对列 brewery_name 不过滤，直接选择所有非无效值。
Block processing time: 0.029018 seconds
Computing Block 339 out of 560
Processing Block size=9
begin cleaner{left: ("[FunctionalDependency:(s: {brewery_id}, t: {brewery_name})]", 0.0), operator: *, right: (1.0, 1.0), result: 0.0}
列 'p' 不存在，对列 brewery_name 不过滤，直接选择所有非无效值。
Block processing time: 0.022356 seconds
Computing Block 341 out of 560
Processing Block size=15
begin cleaner{left: ("[FunctionalDependency:(s: {brewery_id}, t: {brewery_name})]", 0.0), operator: *, right: (1.0, 1.0), result: 0.0}
列 'p' 不存在，对列 brewery_name 不过滤，直接选择所有非无效值。
Block processing time: 0.036934 seconds
Computing Block 342 out of 560
Processing Block size=9
begin cleaner{left: ("[FunctionalDependency:(s: {brewery_id}, t: {brewery_name})]", 0.0), operator: *, right: (1.0, 1.0), result: 0.0}
列 'p' 不存在，对列 brewery_name 不过滤，直接选择所有非无效值。
Block processing time: 0.021787 seconds
Computing Block 343 out of 560
Processing Block size=2
begin cleaner{left: ("[FunctionalDependency:(s: {brewery_id}, t: {brewery_name})]", 0.0), operator: *, right: (1.0, 1.0), result: 0.0}
列 'p' 不存在，对列 brewery_name 不过滤，直接选择所有非无效值。
Block processing time: 0.0056 seconds
Computing Block 346 out of 560
Processing Block size=3
begin cleaner{left: ("[FunctionalDependency:(s: {brewery_id}, t: {brewery_name})]", 0.0), operator: *, right: (1.0, 1.0), result: 0.0}
列 'p' 不存在，对列 brewery_name 不过滤，直接选择所有非无效值。
Block processing time: 0.008405 seconds
Computing Block 347 out of 560
Processing Block size=2
begin cleaner{left: ("[FunctionalDependency:(s: {brewery_id}, t: {brewery_name})]", 0.0), operator: *, right: (1.0, 1.0), result: 0.0}
列 'p' 不存在，对列 brewery_name 不过滤，直接选择所有非无效值。
Block processing time: 0.00593 seconds
Computing Block 348 out of 560
Processing Block size=4
begin cleaner{left: ("[FunctionalDependency:(s: {brewery_id}, t: {brewery_name})]", 0.0), operator: *, right: (1.0, 1.0), result: 0.0}
列 'p' 不存在，对列 brewery_name 不过滤，直接选择所有非无效值。
Block processing time: 0.010883 seconds
Computing Block 351 out of 560
Processing Block size=6
begin cleaner{left: ("[FunctionalDependency:(s: {brewery_id}, t: {brewery_name})]", 0.0), operator: *, right: (1.0, 1.0), result: 0.0}
列 'p' 不存在，对列 brewery_name 不过滤，直接选择所有非无效值。
Block processing time: 0.015956 seconds
Computing Block 352 out of 560
Processing Block size=2
begin cleaner{left: ("[FunctionalDependency:(s: {brewery_id}, t: {brewery_name})]", 0.0), operator: *, right: (1.0, 1.0), result: 0.0}
列 'p' 不存在，对列 brewery_name 不过滤，直接选择所有非无效值。
Block processing time: 0.005675 seconds
Computing Block 354 out of 560
Processing Block size=2
begin cleaner{left: ("[FunctionalDependency:(s: {brewery_id}, t: {brewery_name})]", 0.0), operator: *, right: (1.0, 1.0), result: 0.0}
列 'p' 不存在，对列 brewery_name 不过滤，直接选择所有非无效值。
Block processing time: 0.005816 seconds
Computing Block 355 out of 560
Processing Block size=2
begin cleaner{left: ("[FunctionalDependency:(s: {brewery_id}, t: {brewery_name})]", 0.0), operator: *, right: (1.0, 1.0), result: 0.0}
列 'p' 不存在，对列 brewery_name 不过滤，直接选择所有非无效值。
Block processing time: 0.005706 seconds
Computing Block 356 out of 560
Processing Block size=4
begin cleaner{left: ("[FunctionalDependency:(s: {brewery_id}, t: {brewery_name})]", 0.0), operator: *, right: (1.0, 1.0), result: 0.0}
列 'p' 不存在，对列 brewery_name 不过滤，直接选择所有非无效值。
Block processing time: 0.010656 seconds
Computing Block 357 out of 560
Processing Block size=4
begin cleaner{left: ("[FunctionalDependency:(s: {brewery_id}, t: {brewery_name})]", 0.0), operator: *, right: (1.0, 1.0), result: 0.0}
列 'p' 不存在，对列 brewery_name 不过滤，直接选择所有非无效值。
Block processing time: 0.01006 seconds
Computing Block 358 out of 560
Processing Block size=3
begin cleaner{left: ("[FunctionalDependency:(s: {brewery_id}, t: {brewery_name})]", 0.0), operator: *, right: (1.0, 1.0), result: 0.0}
列 'p' 不存在，对列 brewery_name 不过滤，直接选择所有非无效值。
Block processing time: 0.007692 seconds
Computing Block 360 out of 560
Processing Block size=2
begin cleaner{left: ("[FunctionalDependency:(s: {brewery_id}, t: {brewery_name})]", 0.0), operator: *, right: (1.0, 1.0), result: 0.0}
列 'p' 不存在，对列 brewery_name 不过滤，直接选择所有非无效值。
Block processing time: 0.005351 seconds
Computing Block 361 out of 560
Processing Block size=7
begin cleaner{left: ("[FunctionalDependency:(s: {brewery_id}, t: {brewery_name})]", 0.0), operator: *, right: (1.0, 1.0), result: 0.0}
列 'p' 不存在，对列 brewery_name 不过滤，直接选择所有非无效值。
Block processing time: 0.016919 seconds
Computing Block 362 out of 560
Processing Block size=12
begin cleaner{left: ("[FunctionalDependency:(s: {brewery_id}, t: {brewery_name})]", 0.0), operator: *, right: (1.0, 1.0), result: 0.0}
列 'p' 不存在，对列 brewery_name 不过滤，直接选择所有非无效值。
Block processing time: 0.02872 seconds
Computing Block 364 out of 560
Processing Block size=22
begin cleaner{left: ("[FunctionalDependency:(s: {brewery_id}, t: {brewery_name})]", 0.0), operator: *, right: (1.0, 1.0), result: 0.0}
列 'p' 不存在，对列 brewery_name 不过滤，直接选择所有非无效值。
Block processing time: 0.055355 seconds
Computing Block 365 out of 560
Processing Block size=10
begin cleaner{left: ("[FunctionalDependency:(s: {brewery_id}, t: {brewery_name})]", 0.0), operator: *, right: (1.0, 1.0), result: 0.0}
列 'p' 不存在，对列 brewery_name 不过滤，直接选择所有非无效值。
Block processing time: 0.02404 seconds
Computing Block 366 out of 560
Processing Block size=3
begin cleaner{left: ("[FunctionalDependency:(s: {brewery_id}, t: {brewery_name})]", 0.0), operator: *, right: (1.0, 1.0), result: 0.0}
列 'p' 不存在，对列 brewery_name 不过滤，直接选择所有非无效值。
Block processing time: 0.007554 seconds
Computing Block 367 out of 560
Processing Block size=8
begin cleaner{left: ("[FunctionalDependency:(s: {brewery_id}, t: {brewery_name})]", 0.0), operator: *, right: (1.0, 1.0), result: 0.0}
列 'p' 不存在，对列 brewery_name 不过滤，直接选择所有非无效值。
Block processing time: 0.019823 seconds
Computing Block 368 out of 560
Processing Block size=3
begin cleaner{left: ("[FunctionalDependency:(s: {brewery_id}, t: {brewery_name})]", 0.0), operator: *, right: (1.0, 1.0), result: 0.0}
列 'p' 不存在，对列 brewery_name 不过滤，直接选择所有非无效值。
Block processing time: 0.007564 seconds
Computing Block 370 out of 560
Processing Block size=4
begin cleaner{left: ("[FunctionalDependency:(s: {brewery_id}, t: {brewery_name})]", 0.0), operator: *, right: (1.0, 1.0), result: 0.0}
列 'p' 不存在，对列 brewery_name 不过滤，直接选择所有非无效值。
Block processing time: 0.010465 seconds
Computing Block 371 out of 560
Processing Block size=4
begin cleaner{left: ("[FunctionalDependency:(s: {brewery_id}, t: {brewery_name})]", 0.0), operator: *, right: (1.0, 1.0), result: 0.0}
列 'p' 不存在，对列 brewery_name 不过滤，直接选择所有非无效值。
Block processing time: 0.010759 seconds
Computing Block 372 out of 560
Processing Block size=5
begin cleaner{left: ("[FunctionalDependency:(s: {brewery_id}, t: {brewery_name})]", 0.0), operator: *, right: (1.0, 1.0), result: 0.0}
列 'p' 不存在，对列 brewery_name 不过滤，直接选择所有非无效值。
Block processing time: 0.012268 seconds
Computing Block 373 out of 560
Processing Block size=3
begin cleaner{left: ("[FunctionalDependency:(s: {brewery_id}, t: {brewery_name})]", 0.0), operator: *, right: (1.0, 1.0), result: 0.0}
列 'p' 不存在，对列 brewery_name 不过滤，直接选择所有非无效值。
Block processing time: 0.007536 seconds
Computing Block 374 out of 560
Processing Block size=5
begin cleaner{left: ("[FunctionalDependency:(s: {brewery_id}, t: {brewery_name})]", 0.0), operator: *, right: (1.0, 1.0), result: 0.0}
列 'p' 不存在，对列 brewery_name 不过滤，直接选择所有非无效值。
Block processing time: 0.012207 seconds
Computing Block 375 out of 560
Processing Block size=2
begin cleaner{left: ("[FunctionalDependency:(s: {brewery_id}, t: {brewery_name})]", 0.0), operator: *, right: (1.0, 1.0), result: 0.0}
列 'p' 不存在，对列 brewery_name 不过滤，直接选择所有非无效值。
Block processing time: 0.005343 seconds
Computing Block 376 out of 560
Processing Block size=2
begin cleaner{left: ("[FunctionalDependency:(s: {brewery_id}, t: {brewery_name})]", 0.0), operator: *, right: (1.0, 1.0), result: 0.0}
列 'p' 不存在，对列 brewery_name 不过滤，直接选择所有非无效值。
Block processing time: 0.005408 seconds
Computing Block 378 out of 560
Processing Block size=2
begin cleaner{left: ("[FunctionalDependency:(s: {brewery_id}, t: {brewery_name})]", 0.0), operator: *, right: (1.0, 1.0), result: 0.0}
列 'p' 不存在，对列 brewery_name 不过滤，直接选择所有非无效值。
Block processing time: 0.005279 seconds
Computing Block 379 out of 560
Processing Block size=4
begin cleaner{left: ("[FunctionalDependency:(s: {brewery_id}, t: {brewery_name})]", 0.0), operator: *, right: (1.0, 1.0), result: 0.0}
列 'p' 不存在，对列 brewery_name 不过滤，直接选择所有非无效值。
Block processing time: 0.009829 seconds
Computing Block 380 out of 560
Processing Block size=7
begin cleaner{left: ("[FunctionalDependency:(s: {brewery_id}, t: {brewery_name})]", 0.0), operator: *, right: (1.0, 1.0), result: 0.0}
列 'p' 不存在，对列 brewery_name 不过滤，直接选择所有非无效值。
Block processing time: 0.016801 seconds
Computing Block 381 out of 560
Processing Block size=19
begin cleaner{left: ("[FunctionalDependency:(s: {brewery_id}, t: {brewery_name})]", 0.0), operator: *, right: (1.0, 1.0), result: 0.0}
列 'p' 不存在，对列 brewery_name 不过滤，直接选择所有非无效值。
Block processing time: 0.046181 seconds
Computing Block 382 out of 560
Processing Block size=3
begin cleaner{left: ("[FunctionalDependency:(s: {brewery_id}, t: {brewery_name})]", 0.0), operator: *, right: (1.0, 1.0), result: 0.0}
列 'p' 不存在，对列 brewery_name 不过滤，直接选择所有非无效值。
Block processing time: 0.008407 seconds
Computing Block 383 out of 560
Processing Block size=2
begin cleaner{left: ("[FunctionalDependency:(s: {brewery_id}, t: {brewery_name})]", 0.0), operator: *, right: (1.0, 1.0), result: 0.0}
列 'p' 不存在，对列 brewery_name 不过滤，直接选择所有非无效值。
Block processing time: 0.005331 seconds
Computing Block 384 out of 560
Processing Block size=3
begin cleaner{left: ("[FunctionalDependency:(s: {brewery_id}, t: {brewery_name})]", 0.0), operator: *, right: (1.0, 1.0), result: 0.0}
列 'p' 不存在，对列 brewery_name 不过滤，直接选择所有非无效值。
Block processing time: 0.007509 seconds
Computing Block 385 out of 560
Processing Block size=2
begin cleaner{left: ("[FunctionalDependency:(s: {brewery_id}, t: {brewery_name})]", 0.0), operator: *, right: (1.0, 1.0), result: 0.0}
列 'p' 不存在，对列 brewery_name 不过滤，直接选择所有非无效值。
Block processing time: 0.005215 seconds
Computing Block 386 out of 560
Processing Block size=4
begin cleaner{left: ("[FunctionalDependency:(s: {brewery_id}, t: {brewery_name})]", 0.0), operator: *, right: (1.0, 1.0), result: 0.0}
列 'p' 不存在，对列 brewery_name 不过滤，直接选择所有非无效值。
Block processing time: 0.009877 seconds
Computing Block 387 out of 560
Processing Block size=4
begin cleaner{left: ("[FunctionalDependency:(s: {brewery_id}, t: {brewery_name})]", 0.0), operator: *, right: (1.0, 1.0), result: 0.0}
列 'p' 不存在，对列 brewery_name 不过滤，直接选择所有非无效值。
Block processing time: 0.009927 seconds
Computing Block 388 out of 560
Processing Block size=3
begin cleaner{left: ("[FunctionalDependency:(s: {brewery_id}, t: {brewery_name})]", 0.0), operator: *, right: (1.0, 1.0), result: 0.0}
列 'p' 不存在，对列 brewery_name 不过滤，直接选择所有非无效值。
Block processing time: 0.007617 seconds
Computing Block 389 out of 560
Processing Block size=4
begin cleaner{left: ("[FunctionalDependency:(s: {brewery_id}, t: {brewery_name})]", 0.0), operator: *, right: (1.0, 1.0), result: 0.0}
列 'p' 不存在，对列 brewery_name 不过滤，直接选择所有非无效值。
Block processing time: 0.009881 seconds
Computing Block 390 out of 560
Processing Block size=3
begin cleaner{left: ("[FunctionalDependency:(s: {brewery_id}, t: {brewery_name})]", 0.0), operator: *, right: (1.0, 1.0), result: 0.0}
列 'p' 不存在，对列 brewery_name 不过滤，直接选择所有非无效值。
Block processing time: 0.007498 seconds
Computing Block 391 out of 560
Processing Block size=2
begin cleaner{left: ("[FunctionalDependency:(s: {brewery_id}, t: {brewery_name})]", 0.0), operator: *, right: (1.0, 1.0), result: 0.0}
列 'p' 不存在，对列 brewery_name 不过滤，直接选择所有非无效值。
Block processing time: 0.005234 seconds
Computing Block 392 out of 560
Processing Block size=2
begin cleaner{left: ("[FunctionalDependency:(s: {brewery_id}, t: {brewery_name})]", 0.0), operator: *, right: (1.0, 1.0), result: 0.0}
列 'p' 不存在，对列 brewery_name 不过滤，直接选择所有非无效值。
Block processing time: 0.005268 seconds
Computing Block 393 out of 560
Processing Block size=3
begin cleaner{left: ("[FunctionalDependency:(s: {brewery_id}, t: {brewery_name})]", 0.0), operator: *, right: (1.0, 1.0), result: 0.0}
列 'p' 不存在，对列 brewery_name 不过滤，直接选择所有非无效值。
Block processing time: 0.007641 seconds
Computing Block 394 out of 560
Processing Block size=7
begin cleaner{left: ("[FunctionalDependency:(s: {brewery_id}, t: {brewery_name})]", 0.0), operator: *, right: (1.0, 1.0), result: 0.0}
列 'p' 不存在，对列 brewery_name 不过滤，直接选择所有非无效值。
Block processing time: 0.016797 seconds
Computing Block 397 out of 560
Processing Block size=3
begin cleaner{left: ("[FunctionalDependency:(s: {brewery_id}, t: {brewery_name})]", 0.0), operator: *, right: (1.0, 1.0), result: 0.0}
列 'p' 不存在，对列 brewery_name 不过滤，直接选择所有非无效值。
Block processing time: 0.007587 seconds
Computing Block 398 out of 560
Processing Block size=12
begin cleaner{left: ("[FunctionalDependency:(s: {brewery_id}, t: {brewery_name})]", 0.0), operator: *, right: (1.0, 1.0), result: 0.0}
列 'p' 不存在，对列 brewery_name 不过滤，直接选择所有非无效值。
Block processing time: 0.030777 seconds
Computing Block 399 out of 560
Processing Block size=10
begin cleaner{left: ("[FunctionalDependency:(s: {brewery_id}, t: {brewery_name})]", 0.0), operator: *, right: (1.0, 1.0), result: 0.0}
列 'p' 不存在，对列 brewery_name 不过滤，直接选择所有非无效值。
Block processing time: 0.025945 seconds
Computing Block 400 out of 560
Processing Block size=4
begin cleaner{left: ("[FunctionalDependency:(s: {brewery_id}, t: {brewery_name})]", 0.0), operator: *, right: (1.0, 1.0), result: 0.0}
列 'p' 不存在，对列 brewery_name 不过滤，直接选择所有非无效值。
Block processing time: 0.010731 seconds
Computing Block 401 out of 560
Processing Block size=2
begin cleaner{left: ("[FunctionalDependency:(s: {brewery_id}, t: {brewery_name})]", 0.0), operator: *, right: (1.0, 1.0), result: 0.0}
列 'p' 不存在，对列 brewery_name 不过滤，直接选择所有非无效值。
Block processing time: 0.005708 seconds
Computing Block 402 out of 560
Processing Block size=8
begin cleaner{left: ("[FunctionalDependency:(s: {brewery_id}, t: {brewery_name})]", 0.0), operator: *, right: (1.0, 1.0), result: 0.0}
列 'p' 不存在，对列 brewery_name 不过滤，直接选择所有非无效值。
Block processing time: 0.021104 seconds
Computing Block 403 out of 560
Processing Block size=4
begin cleaner{left: ("[FunctionalDependency:(s: {brewery_id}, t: {brewery_name})]", 0.0), operator: *, right: (1.0, 1.0), result: 0.0}
列 'p' 不存在，对列 brewery_name 不过滤，直接选择所有非无效值。
Block processing time: 0.010073 seconds
Computing Block 405 out of 560
Processing Block size=5
begin cleaner{left: ("[FunctionalDependency:(s: {brewery_id}, t: {brewery_name})]", 0.0), operator: *, right: (1.0, 1.0), result: 0.0}
列 'p' 不存在，对列 brewery_name 不过滤，直接选择所有非无效值。
Block processing time: 0.01304 seconds
Computing Block 406 out of 560
Processing Block size=3
begin cleaner{left: ("[FunctionalDependency:(s: {brewery_id}, t: {brewery_name})]", 0.0), operator: *, right: (1.0, 1.0), result: 0.0}
列 'p' 不存在，对列 brewery_name 不过滤，直接选择所有非无效值。
Block processing time: 0.008297 seconds
Computing Block 408 out of 560
Processing Block size=2
begin cleaner{left: ("[FunctionalDependency:(s: {brewery_id}, t: {brewery_name})]", 0.0), operator: *, right: (1.0, 1.0), result: 0.0}
列 'p' 不存在，对列 brewery_name 不过滤，直接选择所有非无效值。
Block processing time: 0.005811 seconds
Computing Block 409 out of 560
Processing Block size=5
begin cleaner{left: ("[FunctionalDependency:(s: {brewery_id}, t: {brewery_name})]", 0.0), operator: *, right: (1.0, 1.0), result: 0.0}
列 'p' 不存在，对列 brewery_name 不过滤，直接选择所有非无效值。
Block processing time: 0.012706 seconds
Computing Block 410 out of 560
Processing Block size=2
begin cleaner{left: ("[FunctionalDependency:(s: {brewery_id}, t: {brewery_name})]", 0.0), operator: *, right: (1.0, 1.0), result: 0.0}
列 'p' 不存在，对列 brewery_name 不过滤，直接选择所有非无效值。
Block processing time: 0.00568 seconds
Computing Block 411 out of 560
Processing Block size=3
begin cleaner{left: ("[FunctionalDependency:(s: {brewery_id}, t: {brewery_name})]", 0.0), operator: *, right: (1.0, 1.0), result: 0.0}
列 'p' 不存在，对列 brewery_name 不过滤，直接选择所有非无效值。
Block processing time: 0.00815 seconds
Computing Block 412 out of 560
Processing Block size=4
begin cleaner{left: ("[FunctionalDependency:(s: {brewery_id}, t: {brewery_name})]", 0.0), operator: *, right: (1.0, 1.0), result: 0.0}
列 'p' 不存在，对列 brewery_name 不过滤，直接选择所有非无效值。
Block processing time: 0.010352 seconds
Computing Block 413 out of 560
Processing Block size=5
begin cleaner{left: ("[FunctionalDependency:(s: {brewery_id}, t: {brewery_name})]", 0.0), operator: *, right: (1.0, 1.0), result: 0.0}
列 'p' 不存在，对列 brewery_name 不过滤，直接选择所有非无效值。
Block processing time: 0.013115 seconds
Computing Block 414 out of 560
Processing Block size=4
begin cleaner{left: ("[FunctionalDependency:(s: {brewery_id}, t: {brewery_name})]", 0.0), operator: *, right: (1.0, 1.0), result: 0.0}
列 'p' 不存在，对列 brewery_name 不过滤，直接选择所有非无效值。
Block processing time: 0.010966 seconds
Computing Block 415 out of 560
Processing Block size=4
begin cleaner{left: ("[FunctionalDependency:(s: {brewery_id}, t: {brewery_name})]", 0.0), operator: *, right: (1.0, 1.0), result: 0.0}
列 'p' 不存在，对列 brewery_name 不过滤，直接选择所有非无效值。
Block processing time: 0.010418 seconds
Computing Block 416 out of 560
Processing Block size=2
begin cleaner{left: ("[FunctionalDependency:(s: {brewery_id}, t: {brewery_name})]", 0.0), operator: *, right: (1.0, 1.0), result: 0.0}
列 'p' 不存在，对列 brewery_name 不过滤，直接选择所有非无效值。
Block processing time: 0.005376 seconds
Computing Block 417 out of 560
Processing Block size=2
begin cleaner{left: ("[FunctionalDependency:(s: {brewery_id}, t: {brewery_name})]", 0.0), operator: *, right: (1.0, 1.0), result: 0.0}
列 'p' 不存在，对列 brewery_name 不过滤，直接选择所有非无效值。
Block processing time: 0.005562 seconds
Computing Block 418 out of 560
Processing Block size=5
begin cleaner{left: ("[FunctionalDependency:(s: {brewery_id}, t: {brewery_name})]", 0.0), operator: *, right: (1.0, 1.0), result: 0.0}
列 'p' 不存在，对列 brewery_name 不过滤，直接选择所有非无效值。
Block processing time: 0.012329 seconds
Computing Block 420 out of 560
Processing Block size=5
begin cleaner{left: ("[FunctionalDependency:(s: {brewery_id}, t: {brewery_name})]", 0.0), operator: *, right: (1.0, 1.0), result: 0.0}
列 'p' 不存在，对列 brewery_name 不过滤，直接选择所有非无效值。
Block processing time: 0.012517 seconds
Computing Block 421 out of 560
Processing Block size=2
begin cleaner{left: ("[FunctionalDependency:(s: {brewery_id}, t: {brewery_name})]", 0.0), operator: *, right: (1.0, 1.0), result: 0.0}
列 'p' 不存在，对列 brewery_name 不过滤，直接选择所有非无效值。
Block processing time: 0.005418 seconds
Computing Block 422 out of 560
Processing Block size=2
begin cleaner{left: ("[FunctionalDependency:(s: {brewery_id}, t: {brewery_name})]", 0.0), operator: *, right: (1.0, 1.0), result: 0.0}
列 'p' 不存在，对列 brewery_name 不过滤，直接选择所有非无效值。
Block processing time: 0.005329 seconds
Computing Block 423 out of 560
Processing Block size=3
begin cleaner{left: ("[FunctionalDependency:(s: {brewery_id}, t: {brewery_name})]", 0.0), operator: *, right: (1.0, 1.0), result: 0.0}
列 'p' 不存在，对列 brewery_name 不过滤，直接选择所有非无效值。
Block processing time: 0.007801 seconds
Computing Block 424 out of 560
Processing Block size=5
begin cleaner{left: ("[FunctionalDependency:(s: {brewery_id}, t: {brewery_name})]", 0.0), operator: *, right: (1.0, 1.0), result: 0.0}
列 'p' 不存在，对列 brewery_name 不过滤，直接选择所有非无效值。
Block processing time: 0.012572 seconds
Computing Block 425 out of 560
Processing Block size=2
begin cleaner{left: ("[FunctionalDependency:(s: {brewery_id}, t: {brewery_name})]", 0.0), operator: *, right: (1.0, 1.0), result: 0.0}
列 'p' 不存在，对列 brewery_name 不过滤，直接选择所有非无效值。
Block processing time: 0.005359 seconds
Computing Block 426 out of 560
Processing Block size=4
begin cleaner{left: ("[FunctionalDependency:(s: {brewery_id}, t: {brewery_name})]", 0.0), operator: *, right: (1.0, 1.0), result: 0.0}
列 'p' 不存在，对列 brewery_name 不过滤，直接选择所有非无效值。
Block processing time: 0.010029 seconds
Computing Block 427 out of 560
Processing Block size=4
begin cleaner{left: ("[FunctionalDependency:(s: {brewery_id}, t: {brewery_name})]", 0.0), operator: *, right: (1.0, 1.0), result: 0.0}
列 'p' 不存在，对列 brewery_name 不过滤，直接选择所有非无效值。
Block processing time: 0.010096 seconds
Computing Block 428 out of 560
Processing Block size=2
begin cleaner{left: ("[FunctionalDependency:(s: {brewery_id}, t: {brewery_name})]", 0.0), operator: *, right: (1.0, 1.0), result: 0.0}
列 'p' 不存在，对列 brewery_name 不过滤，直接选择所有非无效值。
Block processing time: 0.005648 seconds
Computing Block 430 out of 560
Processing Block size=3
begin cleaner{left: ("[FunctionalDependency:(s: {brewery_id}, t: {brewery_name})]", 0.0), operator: *, right: (1.0, 1.0), result: 0.0}
列 'p' 不存在，对列 brewery_name 不过滤，直接选择所有非无效值。
Block processing time: 0.007817 seconds
Computing Block 431 out of 560
Processing Block size=7
begin cleaner{left: ("[FunctionalDependency:(s: {brewery_id}, t: {brewery_name})]", 0.0), operator: *, right: (1.0, 1.0), result: 0.0}
列 'p' 不存在，对列 brewery_name 不过滤，直接选择所有非无效值。
Block processing time: 0.017809 seconds
Computing Block 432 out of 560
Processing Block size=2
begin cleaner{left: ("[FunctionalDependency:(s: {brewery_id}, t: {brewery_name})]", 0.0), operator: *, right: (1.0, 1.0), result: 0.0}
列 'p' 不存在，对列 brewery_name 不过滤，直接选择所有非无效值。
Block processing time: 0.005454 seconds
Computing Block 433 out of 560
Processing Block size=10
begin cleaner{left: ("[FunctionalDependency:(s: {brewery_id}, t: {brewery_name})]", 0.0), operator: *, right: (1.0, 1.0), result: 0.0}
列 'p' 不存在，对列 brewery_name 不过滤，直接选择所有非无效值。
Block processing time: 0.024111 seconds
Computing Block 434 out of 560
Processing Block size=2
begin cleaner{left: ("[FunctionalDependency:(s: {brewery_id}, t: {brewery_name})]", 0.0), operator: *, right: (1.0, 1.0), result: 0.0}
列 'p' 不存在，对列 brewery_name 不过滤，直接选择所有非无效值。
Block processing time: 0.005529 seconds
Computing Block 436 out of 560
Processing Block size=12
begin cleaner{left: ("[FunctionalDependency:(s: {brewery_id}, t: {brewery_name})]", 0.0), operator: *, right: (1.0, 1.0), result: 0.0}
列 'p' 不存在，对列 brewery_name 不过滤，直接选择所有非无效值。
Block processing time: 0.028505 seconds
Computing Block 437 out of 560
Processing Block size=4
begin cleaner{left: ("[FunctionalDependency:(s: {brewery_id}, t: {brewery_name})]", 0.0), operator: *, right: (1.0, 1.0), result: 0.0}
列 'p' 不存在，对列 brewery_name 不过滤，直接选择所有非无效值。
Block processing time: 0.010027 seconds
Computing Block 438 out of 560
Processing Block size=4
begin cleaner{left: ("[FunctionalDependency:(s: {brewery_id}, t: {brewery_name})]", 0.0), operator: *, right: (1.0, 1.0), result: 0.0}
列 'p' 不存在，对列 brewery_name 不过滤，直接选择所有非无效值。
Block processing time: 0.010012 seconds
Computing Block 439 out of 560
Processing Block size=4
begin cleaner{left: ("[FunctionalDependency:(s: {brewery_id}, t: {brewery_name})]", 0.0), operator: *, right: (1.0, 1.0), result: 0.0}
列 'p' 不存在，对列 brewery_name 不过滤，直接选择所有非无效值。
Block processing time: 0.009884 seconds
Computing Block 440 out of 560
Processing Block size=2
begin cleaner{left: ("[FunctionalDependency:(s: {brewery_id}, t: {brewery_name})]", 0.0), operator: *, right: (1.0, 1.0), result: 0.0}
列 'p' 不存在，对列 brewery_name 不过滤，直接选择所有非无效值。
Block processing time: 0.005374 seconds
Computing Block 441 out of 560
Processing Block size=2
begin cleaner{left: ("[FunctionalDependency:(s: {brewery_id}, t: {brewery_name})]", 0.0), operator: *, right: (1.0, 1.0), result: 0.0}
列 'p' 不存在，对列 brewery_name 不过滤，直接选择所有非无效值。
Block processing time: 0.005629 seconds
Computing Block 442 out of 560
Processing Block size=5
begin cleaner{left: ("[FunctionalDependency:(s: {brewery_id}, t: {brewery_name})]", 0.0), operator: *, right: (1.0, 1.0), result: 0.0}
列 'p' 不存在，对列 brewery_name 不过滤，直接选择所有非无效值。
Block processing time: 0.012688 seconds
Computing Block 443 out of 560
Processing Block size=6
begin cleaner{left: ("[FunctionalDependency:(s: {brewery_id}, t: {brewery_name})]", 0.0), operator: *, right: (1.0, 1.0), result: 0.0}
列 'p' 不存在，对列 brewery_name 不过滤，直接选择所有非无效值。
Block processing time: 0.014918 seconds
Computing Block 445 out of 560
Processing Block size=6
begin cleaner{left: ("[FunctionalDependency:(s: {brewery_id}, t: {brewery_name})]", 0.0), operator: *, right: (1.0, 1.0), result: 0.0}
列 'p' 不存在，对列 brewery_name 不过滤，直接选择所有非无效值。
Block processing time: 0.015867 seconds
Computing Block 446 out of 560
Processing Block size=2
begin cleaner{left: ("[FunctionalDependency:(s: {brewery_id}, t: {brewery_name})]", 0.0), operator: *, right: (1.0, 1.0), result: 0.0}
列 'p' 不存在，对列 brewery_name 不过滤，直接选择所有非无效值。
Block processing time: 0.005422 seconds
Computing Block 448 out of 560
Processing Block size=6
begin cleaner{left: ("[FunctionalDependency:(s: {brewery_id}, t: {brewery_name})]", 0.0), operator: *, right: (1.0, 1.0), result: 0.0}
列 'p' 不存在，对列 brewery_name 不过滤，直接选择所有非无效值。
Block processing time: 0.014806 seconds
Computing Block 449 out of 560
Processing Block size=4
begin cleaner{left: ("[FunctionalDependency:(s: {brewery_id}, t: {brewery_name})]", 0.0), operator: *, right: (1.0, 1.0), result: 0.0}
列 'p' 不存在，对列 brewery_name 不过滤，直接选择所有非无效值。
Block processing time: 0.010116 seconds
Computing Block 450 out of 560
Processing Block size=6
begin cleaner{left: ("[FunctionalDependency:(s: {brewery_id}, t: {brewery_name})]", 0.0), operator: *, right: (1.0, 1.0), result: 0.0}
列 'p' 不存在，对列 brewery_name 不过滤，直接选择所有非无效值。
Block processing time: 0.014685 seconds
Computing Block 451 out of 560
Processing Block size=6
begin cleaner{left: ("[FunctionalDependency:(s: {brewery_id}, t: {brewery_name})]", 0.0), operator: *, right: (1.0, 1.0), result: 0.0}
列 'p' 不存在，对列 brewery_name 不过滤，直接选择所有非无效值。
Block processing time: 0.014702 seconds
Computing Block 452 out of 560
Processing Block size=6
begin cleaner{left: ("[FunctionalDependency:(s: {brewery_id}, t: {brewery_name})]", 0.0), operator: *, right: (1.0, 1.0), result: 0.0}
列 'p' 不存在，对列 brewery_name 不过滤，直接选择所有非无效值。
Block processing time: 0.014627 seconds
Computing Block 453 out of 560
Processing Block size=5
begin cleaner{left: ("[FunctionalDependency:(s: {brewery_id}, t: {brewery_name})]", 0.0), operator: *, right: (1.0, 1.0), result: 0.0}
列 'p' 不存在，对列 brewery_name 不过滤，直接选择所有非无效值。
Block processing time: 0.012817 seconds
Computing Block 454 out of 560
Processing Block size=4
begin cleaner{left: ("[FunctionalDependency:(s: {brewery_id}, t: {brewery_name})]", 0.0), operator: *, right: (1.0, 1.0), result: 0.0}
列 'p' 不存在，对列 brewery_name 不过滤，直接选择所有非无效值。
Block processing time: 0.01079 seconds
Computing Block 455 out of 560
Processing Block size=5
begin cleaner{left: ("[FunctionalDependency:(s: {brewery_id}, t: {brewery_name})]", 0.0), operator: *, right: (1.0, 1.0), result: 0.0}
列 'p' 不存在，对列 brewery_name 不过滤，直接选择所有非无效值。
Block processing time: 0.012667 seconds
Computing Block 456 out of 560
Processing Block size=2
begin cleaner{left: ("[FunctionalDependency:(s: {brewery_id}, t: {brewery_name})]", 0.0), operator: *, right: (1.0, 1.0), result: 0.0}
列 'p' 不存在，对列 brewery_name 不过滤，直接选择所有非无效值。
Block processing time: 0.005438 seconds
Computing Block 457 out of 560
Processing Block size=18
begin cleaner{left: ("[FunctionalDependency:(s: {brewery_id}, t: {brewery_name})]", 0.0), operator: *, right: (1.0, 1.0), result: 0.0}
列 'p' 不存在，对列 brewery_name 不过滤，直接选择所有非无效值。
Block processing time: 0.042383 seconds
Computing Block 459 out of 560
Processing Block size=14
begin cleaner{left: ("[FunctionalDependency:(s: {brewery_id}, t: {brewery_name})]", 0.0), operator: *, right: (1.0, 1.0), result: 0.0}
列 'p' 不存在，对列 brewery_name 不过滤，直接选择所有非无效值。
Block processing time: 0.033495 seconds
Computing Block 460 out of 560
Processing Block size=15
begin cleaner{left: ("[FunctionalDependency:(s: {brewery_id}, t: {brewery_name})]", 0.0), operator: *, right: (1.0, 1.0), result: 0.0}
列 'p' 不存在，对列 brewery_name 不过滤，直接选择所有非无效值。
Block processing time: 0.035643 seconds
Computing Block 461 out of 560
Processing Block size=7
begin cleaner{left: ("[FunctionalDependency:(s: {brewery_id}, t: {brewery_name})]", 0.0), operator: *, right: (1.0, 1.0), result: 0.0}
列 'p' 不存在，对列 brewery_name 不过滤，直接选择所有非无效值。
Block processing time: 0.017008 seconds
Computing Block 462 out of 560
Processing Block size=4
begin cleaner{left: ("[FunctionalDependency:(s: {brewery_id}, t: {brewery_name})]", 0.0), operator: *, right: (1.0, 1.0), result: 0.0}
列 'p' 不存在，对列 brewery_name 不过滤，直接选择所有非无效值。
Block processing time: 0.010079 seconds
Computing Block 463 out of 560
Processing Block size=4
begin cleaner{left: ("[FunctionalDependency:(s: {brewery_id}, t: {brewery_name})]", 0.0), operator: *, right: (1.0, 1.0), result: 0.0}
列 'p' 不存在，对列 brewery_name 不过滤，直接选择所有非无效值。
Block processing time: 0.010045 seconds
Computing Block 464 out of 560
Processing Block size=2
begin cleaner{left: ("[FunctionalDependency:(s: {brewery_id}, t: {brewery_name})]", 0.0), operator: *, right: (1.0, 1.0), result: 0.0}
列 'p' 不存在，对列 brewery_name 不过滤，直接选择所有非无效值。
Block processing time: 0.005328 seconds
Computing Block 465 out of 560
Processing Block size=12
begin cleaner{left: ("[FunctionalDependency:(s: {brewery_id}, t: {brewery_name})]", 0.0), operator: *, right: (1.0, 1.0), result: 0.0}
列 'p' 不存在，对列 brewery_name 不过滤，直接选择所有非无效值。
Block processing time: 0.028672 seconds
Computing Block 466 out of 560
Processing Block size=25
begin cleaner{left: ("[FunctionalDependency:(s: {brewery_id}, t: {brewery_name})]", 0.0), operator: *, right: (1.0, 1.0), result: 0.0}
列 'p' 不存在，对列 brewery_name 不过滤，直接选择所有非无效值。
Block processing time: 0.059095 seconds
Computing Block 468 out of 560
Processing Block size=3
begin cleaner{left: ("[FunctionalDependency:(s: {brewery_id}, t: {brewery_name})]", 0.0), operator: *, right: (1.0, 1.0), result: 0.0}
列 'p' 不存在，对列 brewery_name 不过滤，直接选择所有非无效值。
Block processing time: 0.007782 seconds
Computing Block 470 out of 560
Processing Block size=2
begin cleaner{left: ("[FunctionalDependency:(s: {brewery_id}, t: {brewery_name})]", 0.0), operator: *, right: (1.0, 1.0), result: 0.0}
列 'p' 不存在，对列 brewery_name 不过滤，直接选择所有非无效值。
Block processing time: 0.005361 seconds
Computing Block 471 out of 560
Processing Block size=3
begin cleaner{left: ("[FunctionalDependency:(s: {brewery_id}, t: {brewery_name})]", 0.0), operator: *, right: (1.0, 1.0), result: 0.0}
列 'p' 不存在，对列 brewery_name 不过滤，直接选择所有非无效值。
Block processing time: 0.007804 seconds
Computing Block 473 out of 560
Processing Block size=4
begin cleaner{left: ("[FunctionalDependency:(s: {brewery_id}, t: {brewery_name})]", 0.0), operator: *, right: (1.0, 1.0), result: 0.0}
列 'p' 不存在，对列 brewery_name 不过滤，直接选择所有非无效值。
Block processing time: 0.00999 seconds
Computing Block 474 out of 560
Processing Block size=4
begin cleaner{left: ("[FunctionalDependency:(s: {brewery_id}, t: {brewery_name})]", 0.0), operator: *, right: (1.0, 1.0), result: 0.0}
列 'p' 不存在，对列 brewery_name 不过滤，直接选择所有非无效值。
Block processing time: 0.010063 seconds
Computing Block 476 out of 560
Processing Block size=2
begin cleaner{left: ("[FunctionalDependency:(s: {brewery_id}, t: {brewery_name})]", 0.0), operator: *, right: (1.0, 1.0), result: 0.0}
列 'p' 不存在，对列 brewery_name 不过滤，直接选择所有非无效值。
Block processing time: 0.005373 seconds
Computing Block 477 out of 560
Processing Block size=3
begin cleaner{left: ("[FunctionalDependency:(s: {brewery_id}, t: {brewery_name})]", 0.0), operator: *, right: (1.0, 1.0), result: 0.0}
列 'p' 不存在，对列 brewery_name 不过滤，直接选择所有非无效值。
Block processing time: 0.007665 seconds
Computing Block 478 out of 560
Processing Block size=2
begin cleaner{left: ("[FunctionalDependency:(s: {brewery_id}, t: {brewery_name})]", 0.0), operator: *, right: (1.0, 1.0), result: 0.0}
列 'p' 不存在，对列 brewery_name 不过滤，直接选择所有非无效值。
Block processing time: 0.005222 seconds
Computing Block 479 out of 560
Processing Block size=2
begin cleaner{left: ("[FunctionalDependency:(s: {brewery_id}, t: {brewery_name})]", 0.0), operator: *, right: (1.0, 1.0), result: 0.0}
列 'p' 不存在，对列 brewery_name 不过滤，直接选择所有非无效值。
Block processing time: 0.005263 seconds
Computing Block 480 out of 560
Processing Block size=2
begin cleaner{left: ("[FunctionalDependency:(s: {brewery_id}, t: {brewery_name})]", 0.0), operator: *, right: (1.0, 1.0), result: 0.0}
列 'p' 不存在，对列 brewery_name 不过滤，直接选择所有非无效值。
Block processing time: 0.005352 seconds
Computing Block 481 out of 560
Processing Block size=3
begin cleaner{left: ("[FunctionalDependency:(s: {brewery_id}, t: {brewery_name})]", 0.0), operator: *, right: (1.0, 1.0), result: 0.0}
列 'p' 不存在，对列 brewery_name 不过滤，直接选择所有非无效值。
Block processing time: 0.007749 seconds
Computing Block 483 out of 560
Processing Block size=2
begin cleaner{left: ("[FunctionalDependency:(s: {brewery_id}, t: {brewery_name})]", 0.0), operator: *, right: (1.0, 1.0), result: 0.0}
列 'p' 不存在，对列 brewery_name 不过滤，直接选择所有非无效值。
Block processing time: 0.005331 seconds
Computing Block 484 out of 560
Processing Block size=2
begin cleaner{left: ("[FunctionalDependency:(s: {brewery_id}, t: {brewery_name})]", 0.0), operator: *, right: (1.0, 1.0), result: 0.0}
列 'p' 不存在，对列 brewery_name 不过滤，直接选择所有非无效值。
Block processing time: 0.00534 seconds
Computing Block 485 out of 560
Processing Block size=2
begin cleaner{left: ("[FunctionalDependency:(s: {brewery_id}, t: {brewery_name})]", 0.0), operator: *, right: (1.0, 1.0), result: 0.0}
列 'p' 不存在，对列 brewery_name 不过滤，直接选择所有非无效值。
Block processing time: 0.005265 seconds
Computing Block 486 out of 560
Processing Block size=14
begin cleaner{left: ("[FunctionalDependency:(s: {brewery_id}, t: {brewery_name})]", 0.0), operator: *, right: (1.0, 1.0), result: 0.0}
列 'p' 不存在，对列 brewery_name 不过滤，直接选择所有非无效值。
Block processing time: 0.042472 seconds
Computing Block 487 out of 560
Processing Block size=2
begin cleaner{left: ("[FunctionalDependency:(s: {brewery_id}, t: {brewery_name})]", 0.0), operator: *, right: (1.0, 1.0), result: 0.0}
列 'p' 不存在，对列 brewery_name 不过滤，直接选择所有非无效值。
Block processing time: 0.008214 seconds
Computing Block 489 out of 560
Processing Block size=8
begin cleaner{left: ("[FunctionalDependency:(s: {brewery_id}, t: {brewery_name})]", 0.0), operator: *, right: (1.0, 1.0), result: 0.0}
列 'p' 不存在，对列 brewery_name 不过滤，直接选择所有非无效值。
Block processing time: 0.022122 seconds
Computing Block 491 out of 560
Processing Block size=7
begin cleaner{left: ("[FunctionalDependency:(s: {brewery_id}, t: {brewery_name})]", 0.0), operator: *, right: (1.0, 1.0), result: 0.0}
列 'p' 不存在，对列 brewery_name 不过滤，直接选择所有非无效值。
Block processing time: 0.020257 seconds
Computing Block 492 out of 560
Processing Block size=3
begin cleaner{left: ("[FunctionalDependency:(s: {brewery_id}, t: {brewery_name})]", 0.0), operator: *, right: (1.0, 1.0), result: 0.0}
列 'p' 不存在，对列 brewery_name 不过滤，直接选择所有非无效值。
Block processing time: 0.008403 seconds
Computing Block 493 out of 560
Processing Block size=8
begin cleaner{left: ("[FunctionalDependency:(s: {brewery_id}, t: {brewery_name})]", 0.0), operator: *, right: (1.0, 1.0), result: 0.0}
列 'p' 不存在，对列 brewery_name 不过滤，直接选择所有非无效值。
Block processing time: 0.024294 seconds
Computing Block 494 out of 560
Processing Block size=23
begin cleaner{left: ("[FunctionalDependency:(s: {brewery_id}, t: {brewery_name})]", 0.0), operator: *, right: (1.0, 1.0), result: 0.0}
列 'p' 不存在，对列 brewery_name 不过滤，直接选择所有非无效值。
Block processing time: 0.056419 seconds
Computing Block 495 out of 560
Processing Block size=5
begin cleaner{left: ("[FunctionalDependency:(s: {brewery_id}, t: {brewery_name})]", 0.0), operator: *, right: (1.0, 1.0), result: 0.0}
列 'p' 不存在，对列 brewery_name 不过滤，直接选择所有非无效值。
Block processing time: 0.01324 seconds
Computing Block 496 out of 560
Processing Block size=2
begin cleaner{left: ("[FunctionalDependency:(s: {brewery_id}, t: {brewery_name})]", 0.0), operator: *, right: (1.0, 1.0), result: 0.0}
列 'p' 不存在，对列 brewery_name 不过滤，直接选择所有非无效值。
Block processing time: 0.005857 seconds
Computing Block 497 out of 560
Processing Block size=2
begin cleaner{left: ("[FunctionalDependency:(s: {brewery_id}, t: {brewery_name})]", 0.0), operator: *, right: (1.0, 1.0), result: 0.0}
列 'p' 不存在，对列 brewery_name 不过滤，直接选择所有非无效值。
Block processing time: 0.005755 seconds
Computing Block 498 out of 560
Processing Block size=4
begin cleaner{left: ("[FunctionalDependency:(s: {brewery_id}, t: {brewery_name})]", 0.0), operator: *, right: (1.0, 1.0), result: 0.0}
列 'p' 不存在，对列 brewery_name 不过滤，直接选择所有非无效值。
Block processing time: 0.010955 seconds
Computing Block 499 out of 560
Processing Block size=3
begin cleaner{left: ("[FunctionalDependency:(s: {brewery_id}, t: {brewery_name})]", 0.0), operator: *, right: (1.0, 1.0), result: 0.0}
列 'p' 不存在，对列 brewery_name 不过滤，直接选择所有非无效值。
Block processing time: 0.008076 seconds
Computing Block 501 out of 560
Processing Block size=4
begin cleaner{left: ("[FunctionalDependency:(s: {brewery_id}, t: {brewery_name})]", 0.0), operator: *, right: (1.0, 1.0), result: 0.0}
列 'p' 不存在，对列 brewery_name 不过滤，直接选择所有非无效值。
Block processing time: 0.009984 seconds
Computing Block 504 out of 560
Processing Block size=2
begin cleaner{left: ("[FunctionalDependency:(s: {brewery_id}, t: {brewery_name})]", 0.0), operator: *, right: (1.0, 1.0), result: 0.0}
列 'p' 不存在，对列 brewery_name 不过滤，直接选择所有非无效值。
Block processing time: 0.005328 seconds
Computing Block 505 out of 560
Processing Block size=4
begin cleaner{left: ("[FunctionalDependency:(s: {brewery_id}, t: {brewery_name})]", 0.0), operator: *, right: (1.0, 1.0), result: 0.0}
列 'p' 不存在，对列 brewery_name 不过滤，直接选择所有非无效值。
Block processing time: 0.009845 seconds
Computing Block 507 out of 560
Processing Block size=4
begin cleaner{left: ("[FunctionalDependency:(s: {brewery_id}, t: {brewery_name})]", 0.0), operator: *, right: (1.0, 1.0), result: 0.0}
列 'p' 不存在，对列 brewery_name 不过滤，直接选择所有非无效值。
Block processing time: 0.010035 seconds
Computing Block 508 out of 560
Processing Block size=2
begin cleaner{left: ("[FunctionalDependency:(s: {brewery_id}, t: {brewery_name})]", 0.0), operator: *, right: (1.0, 1.0), result: 0.0}
列 'p' 不存在，对列 brewery_name 不过滤，直接选择所有非无效值。
Block processing time: 0.005318 seconds
Computing Block 509 out of 560
Processing Block size=4
begin cleaner{left: ("[FunctionalDependency:(s: {brewery_id}, t: {brewery_name})]", 0.0), operator: *, right: (1.0, 1.0), result: 0.0}
列 'p' 不存在，对列 brewery_name 不过滤，直接选择所有非无效值。
Block processing time: 0.009857 seconds
Computing Block 511 out of 560
Processing Block size=3
begin cleaner{left: ("[FunctionalDependency:(s: {brewery_id}, t: {brewery_name})]", 0.0), operator: *, right: (1.0, 1.0), result: 0.0}
列 'p' 不存在，对列 brewery_name 不过滤，直接选择所有非无效值。
Block processing time: 0.007653 seconds
Computing Block 512 out of 560
Processing Block size=3
begin cleaner{left: ("[FunctionalDependency:(s: {brewery_id}, t: {brewery_name})]", 0.0), operator: *, right: (1.0, 1.0), result: 0.0}
列 'p' 不存在，对列 brewery_name 不过滤，直接选择所有非无效值。
Block processing time: 0.007729 seconds
Computing Block 513 out of 560
Processing Block size=12
begin cleaner{left: ("[FunctionalDependency:(s: {brewery_id}, t: {brewery_name})]", 0.0), operator: *, right: (1.0, 1.0), result: 0.0}
列 'p' 不存在，对列 brewery_name 不过滤，直接选择所有非无效值。
Block processing time: 0.030495 seconds
Computing Block 514 out of 560
Processing Block size=8
begin cleaner{left: ("[FunctionalDependency:(s: {brewery_id}, t: {brewery_name})]", 0.0), operator: *, right: (1.0, 1.0), result: 0.0}
列 'p' 不存在，对列 brewery_name 不过滤，直接选择所有非无效值。
Block processing time: 0.023095 seconds
Computing Block 517 out of 560
Processing Block size=2
begin cleaner{left: ("[FunctionalDependency:(s: {brewery_id}, t: {brewery_name})]", 0.0), operator: *, right: (1.0, 1.0), result: 0.0}
列 'p' 不存在，对列 brewery_name 不过滤，直接选择所有非无效值。
Block processing time: 0.007958 seconds
Computing Block 519 out of 560
Processing Block size=3
begin cleaner{left: ("[FunctionalDependency:(s: {brewery_id}, t: {brewery_name})]", 0.0), operator: *, right: (1.0, 1.0), result: 0.0}
列 'p' 不存在，对列 brewery_name 不过滤，直接选择所有非无效值。
Block processing time: 0.008275 seconds
Computing Block 520 out of 560
Processing Block size=18
begin cleaner{left: ("[FunctionalDependency:(s: {brewery_id}, t: {brewery_name})]", 0.0), operator: *, right: (1.0, 1.0), result: 0.0}
列 'p' 不存在，对列 brewery_name 不过滤，直接选择所有非无效值。
Block processing time: 0.042713 seconds
Computing Block 523 out of 560
Processing Block size=5
begin cleaner{left: ("[FunctionalDependency:(s: {brewery_id}, t: {brewery_name})]", 0.0), operator: *, right: (1.0, 1.0), result: 0.0}
列 'p' 不存在，对列 brewery_name 不过滤，直接选择所有非无效值。
Block processing time: 0.012302 seconds
Computing Block 524 out of 560
Processing Block size=6
begin cleaner{left: ("[FunctionalDependency:(s: {brewery_id}, t: {brewery_name})]", 0.0), operator: *, right: (1.0, 1.0), result: 0.0}
列 'p' 不存在，对列 brewery_name 不过滤，直接选择所有非无效值。
Block processing time: 0.014679 seconds
Computing Block 525 out of 560
Processing Block size=12
begin cleaner{left: ("[FunctionalDependency:(s: {brewery_id}, t: {brewery_name})]", 0.0), operator: *, right: (1.0, 1.0), result: 0.0}
列 'p' 不存在，对列 brewery_name 不过滤，直接选择所有非无效值。
Block processing time: 0.028731 seconds
Computing Block 526 out of 560
Processing Block size=5
begin cleaner{left: ("[FunctionalDependency:(s: {brewery_id}, t: {brewery_name})]", 0.0), operator: *, right: (1.0, 1.0), result: 0.0}
列 'p' 不存在，对列 brewery_name 不过滤，直接选择所有非无效值。
Block processing time: 0.012375 seconds
Computing Block 527 out of 560
Processing Block size=5
begin cleaner{left: ("[FunctionalDependency:(s: {brewery_id}, t: {brewery_name})]", 0.0), operator: *, right: (1.0, 1.0), result: 0.0}
列 'p' 不存在，对列 brewery_name 不过滤，直接选择所有非无效值。
Block processing time: 0.012313 seconds
Computing Block 528 out of 560
Processing Block size=5
begin cleaner{left: ("[FunctionalDependency:(s: {brewery_id}, t: {brewery_name})]", 0.0), operator: *, right: (1.0, 1.0), result: 0.0}
列 'p' 不存在，对列 brewery_name 不过滤，直接选择所有非无效值。
Block processing time: 0.01222 seconds
Computing Block 529 out of 560
Processing Block size=3
begin cleaner{left: ("[FunctionalDependency:(s: {brewery_id}, t: {brewery_name})]", 0.0), operator: *, right: (1.0, 1.0), result: 0.0}
列 'p' 不存在，对列 brewery_name 不过滤，直接选择所有非无效值。
Block processing time: 0.007673 seconds
Computing Block 530 out of 560
Processing Block size=2
begin cleaner{left: ("[FunctionalDependency:(s: {brewery_id}, t: {brewery_name})]", 0.0), operator: *, right: (1.0, 1.0), result: 0.0}
列 'p' 不存在，对列 brewery_name 不过滤，直接选择所有非无效值。
Block processing time: 0.005326 seconds
Computing Block 534 out of 560
Processing Block size=3
begin cleaner{left: ("[FunctionalDependency:(s: {brewery_id}, t: {brewery_name})]", 0.0), operator: *, right: (1.0, 1.0), result: 0.0}
列 'p' 不存在，对列 brewery_name 不过滤，直接选择所有非无效值。
Block processing time: 0.00764 seconds
Computing Block 535 out of 560
Processing Block size=3
begin cleaner{left: ("[FunctionalDependency:(s: {brewery_id}, t: {brewery_name})]", 0.0), operator: *, right: (1.0, 1.0), result: 0.0}
列 'p' 不存在，对列 brewery_name 不过滤，直接选择所有非无效值。
Block processing time: 0.007621 secondsWARNING:root:No partitioning rule specified, processing might be slow

Computing Block 536 out of 560
Processing Block size=3
begin cleaner{left: ("[FunctionalDependency:(s: {brewery_id}, t: {brewery_name})]", 0.0), operator: *, right: (1.0, 1.0), result: 0.0}
列 'p' 不存在，对列 brewery_name 不过滤，直接选择所有非无效值。
Block processing time: 0.007641 seconds
Computing Block 537 out of 560
Processing Block size=7
begin cleaner{left: ("[FunctionalDependency:(s: {brewery_id}, t: {brewery_name})]", 0.0), operator: *, right: (1.0, 1.0), result: 0.0}
列 'p' 不存在，对列 brewery_name 不过滤，直接选择所有非无效值。
Block processing time: 0.016903 seconds
Computing Block 538 out of 560
Processing Block size=3
begin cleaner{left: ("[FunctionalDependency:(s: {brewery_id}, t: {brewery_name})]", 0.0), operator: *, right: (1.0, 1.0), result: 0.0}
列 'p' 不存在，对列 brewery_name 不过滤，直接选择所有非无效值。
Block processing time: 0.00757 seconds
Computing Block 539 out of 560
Processing Block size=2
begin cleaner{left: ("[FunctionalDependency:(s: {brewery_id}, t: {brewery_name})]", 0.0), operator: *, right: (1.0, 1.0), result: 0.0}
列 'p' 不存在，对列 brewery_name 不过滤，直接选择所有非无效值。
Block processing time: 0.005308 seconds
Computing Block 540 out of 560
Processing Block size=3
begin cleaner{left: ("[FunctionalDependency:(s: {brewery_id}, t: {brewery_name})]", 0.0), operator: *, right: (1.0, 1.0), result: 0.0}
列 'p' 不存在，对列 brewery_name 不过滤，直接选择所有非无效值。
Block processing time: 0.007496 seconds
Computing Block 542 out of 560
Processing Block size=3
begin cleaner{left: ("[FunctionalDependency:(s: {brewery_id}, t: {brewery_name})]", 0.0), operator: *, right: (1.0, 1.0), result: 0.0}
列 'p' 不存在，对列 brewery_name 不过滤，直接选择所有非无效值。
Block processing time: 0.007609 seconds
Computing Block 543 out of 560
Processing Block size=2
begin cleaner{left: ("[FunctionalDependency:(s: {brewery_id}, t: {brewery_name})]", 0.0), operator: *, right: (1.0, 1.0), result: 0.0}
列 'p' 不存在，对列 brewery_name 不过滤，直接选择所有非无效值。
Block processing time: 0.005202 seconds
Computing Block 544 out of 560
Processing Block size=7
begin cleaner{left: ("[FunctionalDependency:(s: {brewery_id}, t: {brewery_name})]", 0.0), operator: *, right: (1.0, 1.0), result: 0.0}
列 'p' 不存在，对列 brewery_name 不过滤，直接选择所有非无效值。
Block processing time: 0.018327 seconds
Computing Block 546 out of 560
Processing Block size=4
begin cleaner{left: ("[FunctionalDependency:(s: {brewery_id}, t: {brewery_name})]", 0.0), operator: *, right: (1.0, 1.0), result: 0.0}
列 'p' 不存在，对列 brewery_name 不过滤，直接选择所有非无效值。
Block processing time: 0.010618 seconds
Computing Block 548 out of 560
Processing Block size=4
begin cleaner{left: ("[FunctionalDependency:(s: {brewery_id}, t: {brewery_name})]", 0.0), operator: *, right: (1.0, 1.0), result: 0.0}
列 'p' 不存在，对列 brewery_name 不过滤，直接选择所有非无效值。
Block processing time: 0.009966 seconds
Computing Block 549 out of 560
Processing Block size=2
begin cleaner{left: ("[FunctionalDependency:(s: {brewery_id}, t: {brewery_name})]", 0.0), operator: *, right: (1.0, 1.0), result: 0.0}
列 'p' 不存在，对列 brewery_name 不过滤，直接选择所有非无效值。
Block processing time: 0.005294 seconds
Computing Block 550 out of 560
Processing Block size=3
begin cleaner{left: ("[FunctionalDependency:(s: {brewery_id}, t: {brewery_name})]", 0.0), operator: *, right: (1.0, 1.0), result: 0.0}
列 'p' 不存在，对列 brewery_name 不过滤，直接选择所有非无效值。
Block processing time: 0.007738 seconds
Computing Block 551 out of 560
Processing Block size=3
begin cleaner{left: ("[FunctionalDependency:(s: {brewery_id}, t: {brewery_name})]", 0.0), operator: *, right: (1.0, 1.0), result: 0.0}
列 'p' 不存在，对列 brewery_name 不过滤，直接选择所有非无效值。
Block processing time: 0.007567 seconds
Computing Block 552 out of 560
Processing Block size=6
begin cleaner{left: ("[FunctionalDependency:(s: {brewery_id}, t: {brewery_name})]", 0.0), operator: *, right: (1.0, 1.0), result: 0.0}
列 'p' 不存在，对列 brewery_name 不过滤，直接选择所有非无效值。
Block processing time: 0.014432 seconds
Computing Block 553 out of 560
Processing Block size=2
begin cleaner{left: ("[FunctionalDependency:(s: {brewery_id}, t: {brewery_name})]", 0.0), operator: *, right: (1.0, 1.0), result: 0.0}
列 'p' 不存在，对列 brewery_name 不过滤，直接选择所有非无效值。
Block processing time: 0.005334 seconds
Computing Block 554 out of 560
Processing Block size=8
begin cleaner{left: ("[FunctionalDependency:(s: {brewery_id}, t: {brewery_name})]", 0.0), operator: *, right: (1.0, 1.0), result: 0.0}
列 'p' 不存在，对列 brewery_name 不过滤，直接选择所有非无效值。
Block processing time: 0.019265 seconds
Computing Block 556 out of 560
Processing Block size=2
begin cleaner{left: ("[FunctionalDependency:(s: {brewery_id}, t: {brewery_name})]", 0.0), operator: *, right: (1.0, 1.0), result: 0.0}
列 'p' 不存在，对列 brewery_name 不过滤，直接选择所有非无效值。
Block processing time: 0.005344 seconds
Computing Block 557 out of 560
Processing Block size=4
begin cleaner{left: ("[FunctionalDependency:(s: {brewery_id}, t: {brewery_name})]", 0.0), operator: *, right: (1.0, 1.0), result: 0.0}
列 'p' 不存在，对列 brewery_name 不过滤，直接选择所有非无效值。
Block processing time: 0.010014 seconds
Computing Block 559 out of 560
Processing Block size=13
begin cleaner{left: ("[FunctionalDependency:(s: {brewery_id}, t: {brewery_name})]", 0.0), operator: *, right: (1.0, 1.0), result: 0.0}
列 'p' 不存在，对列 brewery_name 不过滤，直接选择所有非无效值。
Block processing time: 0.032376 seconds
Computing Block 560 out of 560
Processing Block size=7
begin cleaner{left: ("[FunctionalDependency:(s: {brewery_id}, t: {brewery_name})]", 0.0), operator: *, right: (1.0, 1.0), result: 0.0}
列 'p' 不存在，对列 brewery_name 不过滤，直接选择所有非无效值。
Block processing time: 0.018659 seconds
  当前节点: brewery_name 无清洗操作
  当前节点: city 存在可用清洗信号
数据块大小: 2410
分块属性:
[['brewery_id']]
Starting initial block mapping...
Initial number of blocks: 560
Final number of blocks after further splitting: 560
Computing Block 1 out of 560
Processing Block size=8
begin cleaner[FunctionalDependency:(s: {'brewery_id'}, t: {'city'})]*1.0
列 'p' 不存在，对列 city 不过滤，直接选择所有非无效值。
Block processing time: 0.024479 seconds
Computing Block 2 out of 560
Processing Block size=5
begin cleaner{left: ("[FunctionalDependency:(s: {brewery_id}, t: {city})]", 0.0), operator: *, right: (1.0, 1.0), result: 0.0}
列 'p' 不存在，对列 city 不过滤，直接选择所有非无效值。
Block processing time: 0.012592 seconds
Computing Block 3 out of 560
Processing Block size=19
begin cleaner{left: ("[FunctionalDependency:(s: {brewery_id}, t: {city})]", 0.0), operator: *, right: (1.0, 1.0), result: 0.0}
列 'p' 不存在，对列 city 不过滤，直接选择所有非无效值。
clean_bool length:3
newest best op: Uniop(df,'city','Chandler AZ',(['brewery_id'], {('30',)}),{left: ("[FunctionalDependency:(s: {brewery_id}, t: {city})]", 0.0), operator: *, right: (1.0, 1.0), result: 0.0})
now error: 0.0
newest best op: Uniop(df,'city','Chandler',(['brewery_id'], {('30',)}),{left: ("[FunctionalDependency:(s: {brewery_id}, t: {city})]", 0.0), operator: *, right: (1.0, 1.0), result: 0.0})
now error: 0.0
Block processing time: 0.144154 seconds
Computing Block 4 out of 560
Processing Block size=2
begin cleaner{left: ("[FunctionalDependency:(s: {brewery_id}, t: {city})]", 0.0), operator: *, right: (1.0, 1.0), result: 0.0}
列 'p' 不存在，对列 city 不过滤，直接选择所有非无效值。
Block processing time: 0.005382 seconds
Computing Block 5 out of 560
Processing Block size=4
begin cleaner{left: ("[FunctionalDependency:(s: {brewery_id}, t: {city})]", 0.0), operator: *, right: (1.0, 1.0), result: 0.0}
列 'p' 不存在，对列 city 不过滤，直接选择所有非无效值。
Block processing time: 0.010079 seconds
Computing Block 6 out of 560
Processing Block size=2
begin cleaner{left: ("[FunctionalDependency:(s: {brewery_id}, t: {city})]", 0.0), operator: *, right: (1.0, 1.0), result: 0.0}
列 'p' 不存在，对列 city 不过滤，直接选择所有非无效值。
Block processing time: 0.00535 seconds
Computing Block 7 out of 560
Processing Block size=4
begin cleaner{left: ("[FunctionalDependency:(s: {brewery_id}, t: {city})]", 0.0), operator: *, right: (1.0, 1.0), result: 0.0}
列 'p' 不存在，对列 city 不过滤，直接选择所有非无效值。
Block processing time: 0.009888 seconds
Computing Block 8 out of 560
Processing Block size=2
begin cleaner{left: ("[FunctionalDependency:(s: {brewery_id}, t: {city})]", 0.0), operator: *, right: (1.0, 1.0), result: 0.0}
列 'p' 不存在，对列 city 不过滤，直接选择所有非无效值。
Block processing time: 0.005248 seconds
Computing Block 11 out of 560
Processing Block size=6
begin cleaner{left: ("[FunctionalDependency:(s: {brewery_id}, t: {city})]", 0.0), operator: *, right: (1.0, 1.0), result: 0.0}
列 'p' 不存在，对列 city 不过滤，直接选择所有非无效值。
Block processing time: 0.014566 seconds
Computing Block 12 out of 560
Processing Block size=3
begin cleaner{left: ("[FunctionalDependency:(s: {brewery_id}, t: {city})]", 0.0), operator: *, right: (1.0, 1.0), result: 0.0}
列 'p' 不存在，对列 city 不过滤，直接选择所有非无效值。
Block processing time: 0.007676 seconds
Computing Block 15 out of 560
Processing Block size=5
begin cleaner{left: ("[FunctionalDependency:(s: {brewery_id}, t: {city})]", 0.0), operator: *, right: (1.0, 1.0), result: 0.0}
列 'p' 不存在，对列 city 不过滤，直接选择所有非无效值。
clean_bool length:3
newest best op: Uniop(df,'city','Boulder',(['brewery_id'], {('405',)}),{left: ("[FunctionalDependency:(s: {brewery_id}, t: {city})]", 0.0), operator: *, right: (1.0, 1.0), result: 0.0})
now error: 0.0
Block processing time: 0.040622 seconds
Computing Block 17 out of 560
Processing Block size=2
begin cleaner{left: ("[FunctionalDependency:(s: {brewery_id}, t: {city})]", 0.0), operator: *, right: (1.0, 1.0), result: 0.0}
列 'p' 不存在，对列 city 不过滤，直接选择所有非无效值。
Block processing time: 0.005364 seconds
Computing Block 18 out of 560
Processing Block size=3
begin cleaner{left: ("[FunctionalDependency:(s: {brewery_id}, t: {city})]", 0.0), operator: *, right: (1.0, 1.0), result: 0.0}
列 'p' 不存在，对列 city 不过滤，直接选择所有非无效值。
Block processing time: 0.007649 seconds
Computing Block 19 out of 560
Processing Block size=3
begin cleaner{left: ("[FunctionalDependency:(s: {brewery_id}, t: {city})]", 0.0), operator: *, right: (1.0, 1.0), result: 0.0}
列 'p' 不存在，对列 city 不过滤，直接选择所有非无效值。
Block processing time: 0.008435 seconds
Computing Block 21 out of 560
Processing Block size=5
begin cleaner{left: ("[FunctionalDependency:(s: {brewery_id}, t: {city})]", 0.0), operator: *, right: (1.0, 1.0), result: 0.0}
列 'p' 不存在，对列 city 不过滤，直接选择所有非无效值。
Block processing time: 0.012272 seconds
Computing Block 24 out of 560
Processing Block size=17
begin cleaner{left: ("[FunctionalDependency:(s: {brewery_id}, t: {city})]", 0.0), operator: *, right: (1.0, 1.0), result: 0.0}
列 'p' 不存在，对列 city 不过滤，直接选择所有非无效值。
Block processing time: 0.041734 seconds
Computing Block 25 out of 560
Processing Block size=7
begin cleaner{left: ("[FunctionalDependency:(s: {brewery_id}, t: {city})]", 0.0), operator: *, right: (1.0, 1.0), result: 0.0}
列 'p' 不存在，对列 city 不过滤，直接选择所有非无效值。
clean_bool length:3
newest best op: Uniop(df,'city','Dillon',(['brewery_id'], {('135',)}),{left: ("[FunctionalDependency:(s: {brewery_id}, t: {city})]", 0.0), operator: *, right: (1.0, 1.0), result: 0.0})
now error: 0.0
Block processing time: 0.055166 seconds
Computing Block 26 out of 560
Processing Block size=5
begin cleaner{left: ("[FunctionalDependency:(s: {brewery_id}, t: {city})]", 0.0), operator: *, right: (1.0, 1.0), result: 0.0}
列 'p' 不存在，对列 city 不过滤，直接选择所有非无效值。
Block processing time: 0.012458 seconds
Computing Block 27 out of 560
Processing Block size=3
begin cleaner{left: ("[FunctionalDependency:(s: {brewery_id}, t: {city})]", 0.0), operator: *, right: (1.0, 1.0), result: 0.0}
列 'p' 不存在，对列 city 不过滤，直接选择所有非无效值。
clean_bool length:3
newest best op: Uniop(df,'city','St. Paul MN',(['brewery_id'], {('58',)}),{left: ("[FunctionalDependency:(s: {brewery_id}, t: {city})]", 0.0), operator: *, right: (1.0, 1.0), result: 0.0})
now error: 0.0
newest best op: Uniop(df,'city','St. Paul',(['brewery_id'], {('58',)}),{left: ("[FunctionalDependency:(s: {brewery_id}, t: {city})]", 0.0), operator: *, right: (1.0, 1.0), result: 0.0})
now error: 0.0
Block processing time: 0.025779 seconds
Computing Block 28 out of 560
Processing Block size=8
begin cleaner{left: ("[FunctionalDependency:(s: {brewery_id}, t: {city})]", 0.0), operator: *, right: (1.0, 1.0), result: 0.0}
列 'p' 不存在，对列 city 不过滤，直接选择所有非无效值。
clean_bool length:3
newest best op: Uniop(df,'city','Chicago',(['brewery_id'], {('65',)}),{left: ("[FunctionalDependency:(s: {brewery_id}, t: {city})]", 0.0), operator: *, right: (1.0, 1.0), result: 0.0})
now error: 0.0
Block processing time: 0.061955 seconds
Computing Block 30 out of 560
Processing Block size=2
begin cleaner{left: ("[FunctionalDependency:(s: {brewery_id}, t: {city})]", 0.0), operator: *, right: (1.0, 1.0), result: 0.0}
列 'p' 不存在，对列 city 不过滤，直接选择所有非无效值。
Block processing time: 0.005417 seconds
Computing Block 31 out of 560
Processing Block size=62
begin cleaner{left: ("[FunctionalDependency:(s: {brewery_id}, t: {city})]", 0.0), operator: *, right: (1.0, 1.0), result: 0.0}
列 'p' 不存在，对列 city 不过滤，直接选择所有非无效值。
clean_bool length:3
newest best op: Uniop(df,'city','Grand Rapids',(['brewery_id'], {('10',)}),{left: ("[FunctionalDependency:(s: {brewery_id}, t: {city})]", 0.0), operator: *, right: (1.0, 1.0), result: 0.0})
now error: 0.0
Block processing time: 0.453783 seconds
Computing Block 32 out of 560
Processing Block size=6
begin cleaner{left: ("[FunctionalDependency:(s: {brewery_id}, t: {city})]", 0.0), operator: *, right: (1.0, 1.0), result: 0.0}
列 'p' 不存在，对列 city 不过滤，直接选择所有非无效值。
clean_bool length:3
newest best op: Uniop(df,'city','Brooklyn',(['brewery_id'], {('437',)}),{left: ("[FunctionalDependency:(s: {brewery_id}, t: {city})]", 0.0), operator: *, right: (1.0, 1.0), result: 0.0})
now error: 0.0
Block processing time: 0.048066 seconds
Computing Block 33 out of 560
Processing Block size=4
begin cleaner{left: ("[FunctionalDependency:(s: {brewery_id}, t: {city})]", 0.0), operator: *, right: (1.0, 1.0), result: 0.0}
列 'p' 不存在，对列 city 不过滤，直接选择所有非无效值。
Block processing time: 0.010083 seconds
Computing Block 34 out of 560
Processing Block size=6
begin cleaner{left: ("[FunctionalDependency:(s: {brewery_id}, t: {city})]", 0.0), operator: *, right: (1.0, 1.0), result: 0.0}
列 'p' 不存在，对列 city 不过滤，直接选择所有非无效值。
Block processing time: 0.014647 seconds
Computing Block 35 out of 560
Processing Block size=3
begin cleaner{left: ("[FunctionalDependency:(s: {brewery_id}, t: {city})]", 0.0), operator: *, right: (1.0, 1.0), result: 0.0}
列 'p' 不存在，对列 city 不过滤，直接选择所有非无效值。
Block processing time: 0.007629 seconds
Computing Block 36 out of 560
Processing Block size=2
begin cleaner{left: ("[FunctionalDependency:(s: {brewery_id}, t: {city})]", 0.0), operator: *, right: (1.0, 1.0), result: 0.0}
列 'p' 不存在，对列 city 不过滤，直接选择所有非无效值。
Block processing time: 0.005604 seconds
Computing Block 37 out of 560
Processing Block size=11
begin cleaner{left: ("[FunctionalDependency:(s: {brewery_id}, t: {city})]", 0.0), operator: *, right: (1.0, 1.0), result: 0.0}
列 'p' 不存在，对列 city 不过滤，直接选择所有非无效值。
Block processing time: 0.026413 seconds
Computing Block 38 out of 560
Processing Block size=3
begin cleaner{left: ("[FunctionalDependency:(s: {brewery_id}, t: {city})]", 0.0), operator: *, right: (1.0, 1.0), result: 0.0}
列 'p' 不存在，对列 city 不过滤，直接选择所有非无效值。
Block processing time: 0.007655 seconds
Computing Block 39 out of 560
Processing Block size=3
begin cleaner{left: ("[FunctionalDependency:(s: {brewery_id}, t: {city})]", 0.0), operator: *, right: (1.0, 1.0), result: 0.0}
列 'p' 不存在，对列 city 不过滤，直接选择所有非无效值。
Block processing time: 0.007694 seconds
Computing Block 40 out of 560
Processing Block size=3
begin cleaner{left: ("[FunctionalDependency:(s: {brewery_id}, t: {city})]", 0.0), operator: *, right: (1.0, 1.0), result: 0.0}
列 'p' 不存在，对列 city 不过滤，直接选择所有非无效值。
Block processing time: 0.008185 seconds
Computing Block 43 out of 560
Processing Block size=12
begin cleaner{left: ("[FunctionalDependency:(s: {brewery_id}, t: {city})]", 0.0), operator: *, right: (1.0, 1.0), result: 0.0}
列 'p' 不存在，对列 city 不过滤，直接选择所有非无效值。
Block processing time: 0.028441 seconds
Computing Block 44 out of 560
Processing Block size=5
begin cleaner{left: ("[FunctionalDependency:(s: {brewery_id}, t: {city})]", 0.0), operator: *, right: (1.0, 1.0), result: 0.0}
列 'p' 不存在，对列 city 不过滤，直接选择所有非无效值。
Block processing time: 0.012383 seconds
Computing Block 46 out of 560
Processing Block size=8
begin cleaner{left: ("[FunctionalDependency:(s: {brewery_id}, t: {city})]", 0.0), operator: *, right: (1.0, 1.0), result: 0.0}
列 'p' 不存在，对列 city 不过滤，直接选择所有非无效值。
Block processing time: 0.019327 seconds
Computing Block 47 out of 560
Processing Block size=9
begin cleaner{left: ("[FunctionalDependency:(s: {brewery_id}, t: {city})]", 0.0), operator: *, right: (1.0, 1.0), result: 0.0}
列 'p' 不存在，对列 city 不过滤，直接选择所有非无效值。
clean_bool length:3
newest best op: Uniop(df,'city','Cincinnati OH',(['brewery_id'], {('91',)}),{left: ("[FunctionalDependency:(s: {brewery_id}, t: {city})]", 0.0), operator: *, right: (1.0, 1.0), result: 0.0})
now error: 0.0
newest best op: Uniop(df,'city','Cincinnati',(['brewery_id'], {('91',)}),{left: ("[FunctionalDependency:(s: {brewery_id}, t: {city})]", 0.0), operator: *, right: (1.0, 1.0), result: 0.0})
now error: 0.0
Block processing time: 0.069195 seconds
Computing Block 48 out of 560
Processing Block size=2
begin cleaner{left: ("[FunctionalDependency:(s: {brewery_id}, t: {city})]", 0.0), operator: *, right: (1.0, 1.0), result: 0.0}
列 'p' 不存在，对列 city 不过滤，直接选择所有非无效值。
Block processing time: 0.005396 seconds
Computing Block 50 out of 560
Processing Block size=3
begin cleaner{left: ("[FunctionalDependency:(s: {brewery_id}, t: {city})]", 0.0), operator: *, right: (1.0, 1.0), result: 0.0}
列 'p' 不存在，对列 city 不过滤，直接选择所有非无效值。
Block processing time: 0.007798 seconds
Computing Block 51 out of 560
Processing Block size=4
begin cleaner{left: ("[FunctionalDependency:(s: {brewery_id}, t: {city})]", 0.0), operator: *, right: (1.0, 1.0), result: 0.0}
列 'p' 不存在，对列 city 不过滤，直接选择所有非无效值。
clean_bool length:3
newest best op: Uniop(df,'city','Springdale',(['brewery_id'], {('139',)}),{left: ("[FunctionalDependency:(s: {brewery_id}, t: {city})]", 0.0), operator: *, right: (1.0, 1.0), result: 0.0})
now error: 0.0
Block processing time: 0.032823 seconds
Computing Block 53 out of 560
Processing Block size=3
begin cleaner{left: ("[FunctionalDependency:(s: {brewery_id}, t: {city})]", 0.0), operator: *, right: (1.0, 1.0), result: 0.0}
列 'p' 不存在，对列 city 不过滤，直接选择所有非无效值。
Block processing time: 0.007672 seconds
Computing Block 54 out of 560
Processing Block size=2
begin cleaner{left: ("[FunctionalDependency:(s: {brewery_id}, t: {city})]", 0.0), operator: *, right: (1.0, 1.0), result: 0.0}
列 'p' 不存在，对列 city 不过滤，直接选择所有非无效值。
Block processing time: 0.00526 seconds
Computing Block 56 out of 560
Processing Block size=11
begin cleaner{left: ("[FunctionalDependency:(s: {brewery_id}, t: {city})]", 0.0), operator: *, right: (1.0, 1.0), result: 0.0}
列 'p' 不存在，对列 city 不过滤，直接选择所有非无效值。
Block processing time: 0.026294 seconds
Computing Block 57 out of 560
Processing Block size=3
begin cleaner{left: ("[FunctionalDependency:(s: {brewery_id}, t: {city})]", 0.0), operator: *, right: (1.0, 1.0), result: 0.0}
列 'p' 不存在，对列 city 不过滤，直接选择所有非无效值。
clean_bool length:3
newest best op: Uniop(df,'city','Evanston',(['brewery_id'], {('210',)}),{left: ("[FunctionalDependency:(s: {brewery_id}, t: {city})]", 0.0), operator: *, right: (1.0, 1.0), result: 0.0})
now error: 0.0
Block processing time: 0.027279 seconds
Computing Block 58 out of 560
Processing Block size=24
begin cleaner{left: ("[FunctionalDependency:(s: {brewery_id}, t: {city})]", 0.0), operator: *, right: (1.0, 1.0), result: 0.0}
列 'p' 不存在，对列 city 不过滤，直接选择所有非无效值。
clean_bool length:3
newest best op: Uniop(df,'city','Brooklyn',(['brewery_id'], {('46',)}),{left: ("[FunctionalDependency:(s: {brewery_id}, t: {city})]", 0.0), operator: *, right: (1.0, 1.0), result: 0.0})
now error: 0.0
Block processing time: 0.178533 seconds
Computing Block 59 out of 560
Processing Block size=2
begin cleaner{left: ("[FunctionalDependency:(s: {brewery_id}, t: {city})]", 0.0), operator: *, right: (1.0, 1.0), result: 0.0}
列 'p' 不存在，对列 city 不过滤，直接选择所有非无效值。
Block processing time: 0.00541 seconds
Computing Block 61 out of 560
Processing Block size=4
begin cleaner{left: ("[FunctionalDependency:(s: {brewery_id}, t: {city})]", 0.0), operator: *, right: (1.0, 1.0), result: 0.0}
列 'p' 不存在，对列 city 不过滤，直接选择所有非无效值。
clean_bool length:3
newest best op: Uniop(df,'city','San Luis Obispo CA',(['brewery_id'], {('350',)}),{left: ("[FunctionalDependency:(s: {brewery_id}, t: {city})]", 0.0), operator: *, right: (1.0, 1.0), result: 0.0})
now error: 0.0
newest best op: Uniop(df,'city','San Luis Obispo',(['brewery_id'], {('350',)}),{left: ("[FunctionalDependency:(s: {brewery_id}, t: {city})]", 0.0), operator: *, right: (1.0, 1.0), result: 0.0})
now error: 0.0
Block processing time: 0.034025 seconds
Computing Block 62 out of 560
Processing Block size=9
begin cleaner{left: ("[FunctionalDependency:(s: {brewery_id}, t: {city})]", 0.0), operator: *, right: (1.0, 1.0), result: 0.0}
列 'p' 不存在，对列 city 不过滤，直接选择所有非无效值。
Block processing time: 0.021722 seconds
Computing Block 63 out of 560
Processing Block size=13
begin cleaner{left: ("[FunctionalDependency:(s: {brewery_id}, t: {city})]", 0.0), operator: *, right: (1.0, 1.0), result: 0.0}
列 'p' 不存在，对列 city 不过滤，直接选择所有非无效值。
clean_bool length:3
newest best op: Uniop(df,'city','Brooklyn Center',(['brewery_id'], {('61',)}),{left: ("[FunctionalDependency:(s: {brewery_id}, t: {city})]", 0.0), operator: *, right: (1.0, 1.0), result: 0.0})
now error: 0.0
Block processing time: 0.098883 seconds
Computing Block 64 out of 560
Processing Block size=2
begin cleaner{left: ("[FunctionalDependency:(s: {brewery_id}, t: {city})]", 0.0), operator: *, right: (1.0, 1.0), result: 0.0}
列 'p' 不存在，对列 city 不过滤，直接选择所有非无效值。
clean_bool length:3
newest best op: Uniop(df,'city','Tampa Bay FL',(['brewery_id'], {('467',)}),{left: ("[FunctionalDependency:(s: {brewery_id}, t: {city})]", 0.0), operator: *, right: (1.0, 1.0), result: 0.0})
now error: 0.0
Block processing time: 0.018742 seconds
Computing Block 66 out of 560
Processing Block size=7
begin cleaner{left: ("[FunctionalDependency:(s: {brewery_id}, t: {city})]", 0.0), operator: *, right: (1.0, 1.0), result: 0.0}
列 'p' 不存在，对列 city 不过滤，直接选择所有非无效值。
Block processing time: 0.018189 seconds
Computing Block 67 out of 560
Processing Block size=10
begin cleaner{left: ("[FunctionalDependency:(s: {brewery_id}, t: {city})]", 0.0), operator: *, right: (1.0, 1.0), result: 0.0}
列 'p' 不存在，对列 city 不过滤，直接选择所有非无效值。
Block processing time: 0.023846 seconds
Computing Block 68 out of 560
Processing Block size=2
begin cleaner{left: ("[FunctionalDependency:(s: {brewery_id}, t: {city})]", 0.0), operator: *, right: (1.0, 1.0), result: 0.0}
列 'p' 不存在，对列 city 不过滤，直接选择所有非无效值。
Block processing time: 0.005613 seconds
Computing Block 70 out of 560
Processing Block size=2
begin cleaner{left: ("[FunctionalDependency:(s: {brewery_id}, t: {city})]", 0.0), operator: *, right: (1.0, 1.0), result: 0.0}
列 'p' 不存在，对列 city 不过滤，直接选择所有非无效值。
Block processing time: 0.005923 seconds
Computing Block 71 out of 560
Processing Block size=2
begin cleaner{left: ("[FunctionalDependency:(s: {brewery_id}, t: {city})]", 0.0), operator: *, right: (1.0, 1.0), result: 0.0}
列 'p' 不存在，对列 city 不过滤，直接选择所有非无效值。
clean_bool length:3
newest best op: Uniop(df,'city','Idaho Springs',(['brewery_id'], {('291',)}),{left: ("[FunctionalDependency:(s: {brewery_id}, t: {city})]", 0.0), operator: *, right: (1.0, 1.0), result: 0.0})
now error: 0.0
Block processing time: 0.020138 seconds
Computing Block 72 out of 560
Processing Block size=4
begin cleaner{left: ("[FunctionalDependency:(s: {brewery_id}, t: {city})]", 0.0), operator: *, right: (1.0, 1.0), result: 0.0}
列 'p' 不存在，对列 city 不过滤，直接选择所有非无效值。
Block processing time: 0.010971 seconds
Computing Block 74 out of 560
Processing Block size=7
begin cleaner{left: ("[FunctionalDependency:(s: {brewery_id}, t: {city})]", 0.0), operator: *, right: (1.0, 1.0), result: 0.0}
列 'p' 不存在，对列 city 不过滤，直接选择所有非无效值。
Block processing time: 0.017449 seconds
Computing Block 76 out of 560
Processing Block size=2
begin cleaner{left: ("[FunctionalDependency:(s: {brewery_id}, t: {city})]", 0.0), operator: *, right: (1.0, 1.0), result: 0.0}
列 'p' 不存在，对列 city 不过滤，直接选择所有非无效值。
Block processing time: 0.005716 seconds
Computing Block 77 out of 560
Processing Block size=9
begin cleaner{left: ("[FunctionalDependency:(s: {brewery_id}, t: {city})]", 0.0), operator: *, right: (1.0, 1.0), result: 0.0}
列 'p' 不存在，对列 city 不过滤，直接选择所有非无效值。
clean_bool length:3
newest best op: Uniop(df,'city','Chico',(['brewery_id'], {('83',)}),{left: ("[FunctionalDependency:(s: {brewery_id}, t: {city})]", 0.0), operator: *, right: (1.0, 1.0), result: 0.0})
now error: 0.0
Block processing time: 0.071048 seconds
Computing Block 78 out of 560
Processing Block size=6
begin cleaner{left: ("[FunctionalDependency:(s: {brewery_id}, t: {city})]", 0.0), operator: *, right: (1.0, 1.0), result: 0.0}
列 'p' 不存在，对列 city 不过滤，直接选择所有非无效值。
clean_bool length:3
newest best op: Uniop(df,'city','Waterbury',(['brewery_id'], {('272',)}),{left: ("[FunctionalDependency:(s: {brewery_id}, t: {city})]", 0.0), operator: *, right: (1.0, 1.0), result: 0.0})
now error: 0.0
Block processing time: 0.051192 seconds
Computing Block 79 out of 560
Processing Block size=3
begin cleaner{left: ("[FunctionalDependency:(s: {brewery_id}, t: {city})]", 0.0), operator: *, right: (1.0, 1.0), result: 0.0}
列 'p' 不存在，对列 city 不过滤，直接选择所有非无效值。
clean_bool length:3
newest best op: Uniop(df,'city','Houston',(['brewery_id'], {('214',)}),{left: ("[FunctionalDependency:(s: {brewery_id}, t: {city})]", 0.0), operator: *, right: (1.0, 1.0), result: 0.0})
now error: 0.0
Block processing time: 0.025934 seconds
Computing Block 81 out of 560
Processing Block size=4
begin cleaner{left: ("[FunctionalDependency:(s: {brewery_id}, t: {city})]", 0.0), operator: *, right: (1.0, 1.0), result: 0.0}
列 'p' 不存在，对列 city 不过滤，直接选择所有非无效值。
Block processing time: 0.01007 seconds
Computing Block 82 out of 560
Processing Block size=2
begin cleaner{left: ("[FunctionalDependency:(s: {brewery_id}, t: {city})]", 0.0), operator: *, right: (1.0, 1.0), result: 0.0}
列 'p' 不存在，对列 city 不过滤，直接选择所有非无效值。
Block processing time: 0.00533 seconds
Computing Block 83 out of 560
Processing Block size=17
begin cleaner{left: ("[FunctionalDependency:(s: {brewery_id}, t: {city})]", 0.0), operator: *, right: (1.0, 1.0), result: 0.0}
列 'p' 不存在，对列 city 不过滤，直接选择所有非无效值。
clean_bool length:3
newest best op: Uniop(df,'city','Boise ID',(['brewery_id'], {('309',)}),{left: ("[FunctionalDependency:(s: {brewery_id}, t: {city})]", 0.0), operator: *, right: (1.0, 1.0), result: 0.0})
now error: 0.0
newest best op: Uniop(df,'city','Boise',(['brewery_id'], {('309',)}),{left: ("[FunctionalDependency:(s: {brewery_id}, t: {city})]", 0.0), operator: *, right: (1.0, 1.0), result: 0.0})
now error: 0.0
Block processing time: 0.126616 seconds
Computing Block 84 out of 560
Processing Block size=3
begin cleaner{left: ("[FunctionalDependency:(s: {brewery_id}, t: {city})]", 0.0), operator: *, right: (1.0, 1.0), result: 0.0}
列 'p' 不存在，对列 city 不过滤，直接选择所有非无效值。
Block processing time: 0.007858 seconds
Computing Block 87 out of 560
Processing Block size=2
begin cleaner{left: ("[FunctionalDependency:(s: {brewery_id}, t: {city})]", 0.0), operator: *, right: (1.0, 1.0), result: 0.0}
列 'p' 不存在，对列 city 不过滤，直接选择所有非无效值。
Block processing time: 0.005358 seconds
Computing Block 88 out of 560
Processing Block size=2
begin cleaner{left: ("[FunctionalDependency:(s: {brewery_id}, t: {city})]", 0.0), operator: *, right: (1.0, 1.0), result: 0.0}
列 'p' 不存在，对列 city 不过滤，直接选择所有非无效值。
Block processing time: 0.005281 seconds
Computing Block 89 out of 560
Processing Block size=4
begin cleaner{left: ("[FunctionalDependency:(s: {brewery_id}, t: {city})]", 0.0), operator: *, right: (1.0, 1.0), result: 0.0}
列 'p' 不存在，对列 city 不过滤，直接选择所有非无效值。
clean_bool length:3
newest best op: Uniop(df,'city','Soldotna AK',(['brewery_id'], {('458',)}),{left: ("[FunctionalDependency:(s: {brewery_id}, t: {city})]", 0.0), operator: *, right: (1.0, 1.0), result: 0.0})
now error: 0.0
newest best op: Uniop(df,'city','Soldotna',(['brewery_id'], {('458',)}),{left: ("[FunctionalDependency:(s: {brewery_id}, t: {city})]", 0.0), operator: *, right: (1.0, 1.0), result: 0.0})
now error: 0.0
Block processing time: 0.033143 seconds
Computing Block 90 out of 560
Processing Block size=7
begin cleaner{left: ("[FunctionalDependency:(s: {brewery_id}, t: {city})]", 0.0), operator: *, right: (1.0, 1.0), result: 0.0}
列 'p' 不存在，对列 city 不过滤，直接选择所有非无效值。
Block processing time: 0.017487 seconds
Computing Block 91 out of 560
Processing Block size=4
begin cleaner{left: ("[FunctionalDependency:(s: {brewery_id}, t: {city})]", 0.0), operator: *, right: (1.0, 1.0), result: 0.0}
列 'p' 不存在，对列 city 不过滤，直接选择所有非无效值。
Block processing time: 0.010118 seconds
Computing Block 92 out of 560
Processing Block size=6
begin cleaner{left: ("[FunctionalDependency:(s: {brewery_id}, t: {city})]", 0.0), operator: *, right: (1.0, 1.0), result: 0.0}
列 'p' 不存在，对列 city 不过滤，直接选择所有非无效值。
clean_bool length:3
newest best op: Uniop(df,'city','Duluth MN',(['brewery_id'], {('75',)}),{left: ("[FunctionalDependency:(s: {brewery_id}, t: {city})]", 0.0), operator: *, right: (1.0, 1.0), result: 0.0})
now error: 0.0
newest best op: Uniop(df,'city','Duluth',(['brewery_id'], {('75',)}),{left: ("[FunctionalDependency:(s: {brewery_id}, t: {city})]", 0.0), operator: *, right: (1.0, 1.0), result: 0.0})
now error: 0.0
Block processing time: 0.051553 seconds
Computing Block 93 out of 560
Processing Block size=18
begin cleaner{left: ("[FunctionalDependency:(s: {brewery_id}, t: {city})]", 0.0), operator: *, right: (1.0, 1.0), result: 0.0}
列 'p' 不存在，对列 city 不过滤，直接选择所有非无效值。
clean_bool length:3
newest best op: Uniop(df,'city','Boulder',(['brewery_id'], {('51',)}),{left: ("[FunctionalDependency:(s: {brewery_id}, t: {city})]", 0.0), operator: *, right: (1.0, 1.0), result: 0.0})
now error: 0.0
Block processing time: 0.133925 seconds
Computing Block 94 out of 560
Processing Block size=6
begin cleaner{left: ("[FunctionalDependency:(s: {brewery_id}, t: {city})]", 0.0), operator: *, right: (1.0, 1.0), result: 0.0}
列 'p' 不存在，对列 city 不过滤，直接选择所有非无效值。
clean_bool length:3
newest best op: Uniop(df,'city','Meadville',(['brewery_id'], {('322',)}),{left: ("[FunctionalDependency:(s: {brewery_id}, t: {city})]", 0.0), operator: *, right: (1.0, 1.0), result: 0.0})
now error: 0.0
Block processing time: 0.04756 seconds
Computing Block 95 out of 560
Processing Block size=4
begin cleaner{left: ("[FunctionalDependency:(s: {brewery_id}, t: {city})]", 0.0), operator: *, right: (1.0, 1.0), result: 0.0}
列 'p' 不存在，对列 city 不过滤，直接选择所有非无效值。
Block processing time: 0.01004 seconds
Computing Block 96 out of 560
Processing Block size=2
begin cleaner{left: ("[FunctionalDependency:(s: {brewery_id}, t: {city})]", 0.0), operator: *, right: (1.0, 1.0), result: 0.0}
列 'p' 不存在，对列 city 不过滤，直接选择所有非无效值。
Block processing time: 0.005337 seconds
Computing Block 97 out of 560
Processing Block size=3
begin cleaner{left: ("[FunctionalDependency:(s: {brewery_id}, t: {city})]", 0.0), operator: *, right: (1.0, 1.0), result: 0.0}
列 'p' 不存在，对列 city 不过滤，直接选择所有非无效值。
clean_bool length:3
newest best op: Uniop(df,'city','Frankenmuth',(['brewery_id'], {('253',)}),{left: ("[FunctionalDependency:(s: {brewery_id}, t: {city})]", 0.0), operator: *, right: (1.0, 1.0), result: 0.0})
now error: 0.0
Block processing time: 0.026473 seconds
Computing Block 98 out of 560
Processing Block size=2
begin cleaner{left: ("[FunctionalDependency:(s: {brewery_id}, t: {city})]", 0.0), operator: *, right: (1.0, 1.0), result: 0.0}
列 'p' 不存在，对列 city 不过滤，直接选择所有非无效值。
Block processing time: 0.005356 seconds
Computing Block 99 out of 560
Processing Block size=3
begin cleaner{left: ("[FunctionalDependency:(s: {brewery_id}, t: {city})]", 0.0), operator: *, right: (1.0, 1.0), result: 0.0}
列 'p' 不存在，对列 city 不过滤，直接选择所有非无效值。
Block processing time: 0.007693 seconds
Computing Block 102 out of 560
Processing Block size=3
begin cleaner{left: ("[FunctionalDependency:(s: {brewery_id}, t: {city})]", 0.0), operator: *, right: (1.0, 1.0), result: 0.0}
列 'p' 不存在，对列 city 不过滤，直接选择所有非无效值。
Block processing time: 0.007637 seconds
Computing Block 103 out of 560
Processing Block size=6
begin cleaner{left: ("[FunctionalDependency:(s: {brewery_id}, t: {city})]", 0.0), operator: *, right: (1.0, 1.0), result: 0.0}
列 'p' 不存在，对列 city 不过滤，直接选择所有非无效值。
Block processing time: 0.014672 seconds
Computing Block 104 out of 560
Processing Block size=5
begin cleaner{left: ("[FunctionalDependency:(s: {brewery_id}, t: {city})]", 0.0), operator: *, right: (1.0, 1.0), result: 0.0}
列 'p' 不存在，对列 city 不过滤，直接选择所有非无效值。
Block processing time: 0.012202 seconds
Computing Block 105 out of 560
Processing Block size=2
begin cleaner{left: ("[FunctionalDependency:(s: {brewery_id}, t: {city})]", 0.0), operator: *, right: (1.0, 1.0), result: 0.0}
列 'p' 不存在，对列 city 不过滤，直接选择所有非无效值。
Block processing time: 0.005477 seconds
Computing Block 106 out of 560
Processing Block size=20
begin cleaner{left: ("[FunctionalDependency:(s: {brewery_id}, t: {city})]", 0.0), operator: *, right: (1.0, 1.0), result: 0.0}
列 'p' 不存在，对列 city 不过滤，直接选择所有非无效值。
clean_bool length:3
newest best op: Uniop(df,'city','Aurora IN',(['brewery_id'], {('165',)}),{left: ("[FunctionalDependency:(s: {brewery_id}, t: {city})]", 0.0), operator: *, right: (1.0, 1.0), result: 0.0})
now error: 0.0
newest best op: Uniop(df,'city','Aurora',(['brewery_id'], {('165',)}),{left: ("[FunctionalDependency:(s: {brewery_id}, t: {city})]", 0.0), operator: *, right: (1.0, 1.0), result: 0.0})
now error: 0.0
Block processing time: 0.14984 seconds
Computing Block 107 out of 560
Processing Block size=8
begin cleaner{left: ("[FunctionalDependency:(s: {brewery_id}, t: {city})]", 0.0), operator: *, right: (1.0, 1.0), result: 0.0}
列 'p' 不存在，对列 city 不过滤，直接选择所有非无效值。
Block processing time: 0.019416 seconds
Computing Block 108 out of 560
Processing Block size=2
begin cleaner{left: ("[FunctionalDependency:(s: {brewery_id}, t: {city})]", 0.0), operator: *, right: (1.0, 1.0), result: 0.0}
列 'p' 不存在，对列 city 不过滤，直接选择所有非无效值。
Block processing time: 0.005579 seconds
Computing Block 109 out of 560
Processing Block size=5
begin cleaner{left: ("[FunctionalDependency:(s: {brewery_id}, t: {city})]", 0.0), operator: *, right: (1.0, 1.0), result: 0.0}
列 'p' 不存在，对列 city 不过滤，直接选择所有非无效值。
clean_bool length:3
newest best op: Uniop(df,'city','Paso Robles',(['brewery_id'], {('48',)}),{left: ("[FunctionalDependency:(s: {brewery_id}, t: {city})]", 0.0), operator: *, right: (1.0, 1.0), result: 0.0})
now error: 0.0
Block processing time: 0.040778 seconds
Computing Block 110 out of 560
Processing Block size=4
begin cleaner{left: ("[FunctionalDependency:(s: {brewery_id}, t: {city})]", 0.0), operator: *, right: (1.0, 1.0), result: 0.0}
列 'p' 不存在，对列 city 不过滤，直接选择所有非无效值。
Block processing time: 0.010116 seconds
Computing Block 112 out of 560
Processing Block size=6
begin cleaner{left: ("[FunctionalDependency:(s: {brewery_id}, t: {city})]", 0.0), operator: *, right: (1.0, 1.0), result: 0.0}
列 'p' 不存在，对列 city 不过滤，直接选择所有非无效值。
clean_bool length:3
newest best op: Uniop(df,'city','Oklahoma City',(['brewery_id'], {('182',)}),{left: ("[FunctionalDependency:(s: {brewery_id}, t: {city})]", 0.0), operator: *, right: (1.0, 1.0), result: 0.0})
now error: 0.0
Block processing time: 0.047906 seconds
Computing Block 113 out of 560
Processing Block size=2
begin cleaner{left: ("[FunctionalDependency:(s: {brewery_id}, t: {city})]", 0.0), operator: *, right: (1.0, 1.0), result: 0.0}
列 'p' 不存在，对列 city 不过滤，直接选择所有非无效值。
Block processing time: 0.005388 seconds
Computing Block 114 out of 560
Processing Block size=4
begin cleaner{left: ("[FunctionalDependency:(s: {brewery_id}, t: {city})]", 0.0), operator: *, right: (1.0, 1.0), result: 0.0}
列 'p' 不存在，对列 city 不过滤，直接选择所有非无效值。
Block processing time: 0.009926 seconds
Computing Block 115 out of 560
Processing Block size=2
begin cleaner{left: ("[FunctionalDependency:(s: {brewery_id}, t: {city})]", 0.0), operator: *, right: (1.0, 1.0), result: 0.0}
列 'p' 不存在，对列 city 不过滤，直接选择所有非无效值。
Block processing time: 0.005475 seconds
Computing Block 116 out of 560
Processing Block size=2
begin cleaner{left: ("[FunctionalDependency:(s: {brewery_id}, t: {city})]", 0.0), operator: *, right: (1.0, 1.0), result: 0.0}
列 'p' 不存在，对列 city 不过滤，直接选择所有非无效值。
clean_bool length:3
newest best op: Uniop(df,'city','Albuquerque NM',(['brewery_id'], {('332',)}),{left: ("[FunctionalDependency:(s: {brewery_id}, t: {city})]", 0.0), operator: *, right: (1.0, 1.0), result: 0.0})
now error: 0.0
Block processing time: 0.01866 seconds
Computing Block 117 out of 560
Processing Block size=6
begin cleaner{left: ("[FunctionalDependency:(s: {brewery_id}, t: {city})]", 0.0), operator: *, right: (1.0, 1.0), result: 0.0}
列 'p' 不存在，对列 city 不过滤，直接选择所有非无效值。
Block processing time: 0.014832 seconds
Computing Block 120 out of 560
Processing Block size=5
begin cleaner{left: ("[FunctionalDependency:(s: {brewery_id}, t: {city})]", 0.0), operator: *, right: (1.0, 1.0), result: 0.0}
列 'p' 不存在，对列 city 不过滤，直接选择所有非无效值。
Block processing time: 0.012396 seconds
Computing Block 122 out of 560
Processing Block size=38
begin cleaner{left: ("[FunctionalDependency:(s: {brewery_id}, t: {city})]", 0.0), operator: *, right: (1.0, 1.0), result: 0.0}
列 'p' 不存在，对列 city 不过滤，直接选择所有非无效值。
clean_bool length:3
newest best op: Uniop(df,'city','Indianapolis IN',(['brewery_id'], {('25',)}),{left: ("[FunctionalDependency:(s: {brewery_id}, t: {city})]", 0.0), operator: *, right: (1.0, 1.0), result: 0.0})
now error: 0.0
newest best op: Uniop(df,'city','Indianapolis',(['brewery_id'], {('25',)}),{left: ("[FunctionalDependency:(s: {brewery_id}, t: {city})]", 0.0), operator: *, right: (1.0, 1.0), result: 0.0})
now error: 0.0
Block processing time: 0.281482 seconds
Computing Block 123 out of 560
Processing Block size=6
begin cleaner{left: ("[FunctionalDependency:(s: {brewery_id}, t: {city})]", 0.0), operator: *, right: (1.0, 1.0), result: 0.0}
列 'p' 不存在，对列 city 不过滤，直接选择所有非无效值。
clean_bool length:3
newest best op: Uniop(df,'city','San Diego CA',(['brewery_id'], {('34',)}),{left: ("[FunctionalDependency:(s: {brewery_id}, t: {city})]", 0.0), operator: *, right: (1.0, 1.0), result: 0.0})
now error: 0.0
newest best op: Uniop(df,'city','San Diego',(['brewery_id'], {('34',)}),{left: ("[FunctionalDependency:(s: {brewery_id}, t: {city})]", 0.0), operator: *, right: (1.0, 1.0), result: 0.0})
now error: 0.0
Block processing time: 0.047943 seconds
Computing Block 124 out of 560
Processing Block size=4
begin cleaner{left: ("[FunctionalDependency:(s: {brewery_id}, t: {city})]", 0.0), operator: *, right: (1.0, 1.0), result: 0.0}
列 'p' 不存在，对列 city 不过滤，直接选择所有非无效值。
Block processing time: 0.010129 seconds
Computing Block 125 out of 560
Processing Block size=3
begin cleaner{left: ("[FunctionalDependency:(s: {brewery_id}, t: {city})]", 0.0), operator: *, right: (1.0, 1.0), result: 0.0}
列 'p' 不存在，对列 city 不过滤，直接选择所有非无效值。
Block processing time: 0.007864 seconds
Computing Block 126 out of 560
Processing Block size=6
begin cleaner{left: ("[FunctionalDependency:(s: {brewery_id}, t: {city})]", 0.0), operator: *, right: (1.0, 1.0), result: 0.0}
列 'p' 不存在，对列 city 不过滤，直接选择所有非无效值。
Block processing time: 0.015587 seconds
Computing Block 127 out of 560
Processing Block size=8
begin cleaner{left: ("[FunctionalDependency:(s: {brewery_id}, t: {city})]", 0.0), operator: *, right: (1.0, 1.0), result: 0.0}
列 'p' 不存在，对列 city 不过滤，直接选择所有非无效值。
Block processing time: 0.02045 seconds
Computing Block 128 out of 560
Processing Block size=4
begin cleaner{left: ("[FunctionalDependency:(s: {brewery_id}, t: {city})]", 0.0), operator: *, right: (1.0, 1.0), result: 0.0}
列 'p' 不存在，对列 city 不过滤，直接选择所有非无效值。
Block processing time: 0.010067 seconds
Computing Block 129 out of 560
Processing Block size=4
begin cleaner{left: ("[FunctionalDependency:(s: {brewery_id}, t: {city})]", 0.0), operator: *, right: (1.0, 1.0), result: 0.0}
列 'p' 不存在，对列 city 不过滤，直接选择所有非无效值。
Block processing time: 0.010516 seconds
Computing Block 130 out of 560
Processing Block size=5
begin cleaner{left: ("[FunctionalDependency:(s: {brewery_id}, t: {city})]", 0.0), operator: *, right: (1.0, 1.0), result: 0.0}
列 'p' 不存在，对列 city 不过滤，直接选择所有非无效值。
clean_bool length:3
newest best op: Uniop(df,'city','Santa Cruz CA',(['brewery_id'], {('522',)}),{left: ("[FunctionalDependency:(s: {brewery_id}, t: {city})]", 0.0), operator: *, right: (1.0, 1.0), result: 0.0})
now error: 0.0
newest best op: Uniop(df,'city','Santa Cruz',(['brewery_id'], {('522',)}),{left: ("[FunctionalDependency:(s: {brewery_id}, t: {city})]", 0.0), operator: *, right: (1.0, 1.0), result: 0.0})
now error: 0.0
Block processing time: 0.042224 seconds
Computing Block 131 out of 560
Processing Block size=7
begin cleaner{left: ("[FunctionalDependency:(s: {brewery_id}, t: {city})]", 0.0), operator: *, right: (1.0, 1.0), result: 0.0}
列 'p' 不存在，对列 city 不过滤，直接选择所有非无效值。
clean_bool length:3
newest best op: Uniop(df,'city','Rochester',(['brewery_id'], {('229',)}),{left: ("[FunctionalDependency:(s: {brewery_id}, t: {city})]", 0.0), operator: *, right: (1.0, 1.0), result: 0.0})
now error: 0.0
Block processing time: 0.05537 seconds
Computing Block 132 out of 560
Processing Block size=3
begin cleaner{left: ("[FunctionalDependency:(s: {brewery_id}, t: {city})]", 0.0), operator: *, right: (1.0, 1.0), result: 0.0}
列 'p' 不存在，对列 city 不过滤，直接选择所有非无效值。
Block processing time: 0.008138 seconds
Computing Block 133 out of 560
Processing Block size=11
begin cleaner{left: ("[FunctionalDependency:(s: {brewery_id}, t: {city})]", 0.0), operator: *, right: (1.0, 1.0), result: 0.0}
列 'p' 不存在，对列 city 不过滤，直接选择所有非无效值。
clean_bool length:3
newest best op: Uniop(df,'city','Westminster',(['brewery_id'], {('295',)}),{left: ("[FunctionalDependency:(s: {brewery_id}, t: {city})]", 0.0), operator: *, right: (1.0, 1.0), result: 0.0})
now error: 0.0
Block processing time: 0.08518 seconds
Computing Block 134 out of 560
Processing Block size=3
begin cleaner{left: ("[FunctionalDependency:(s: {brewery_id}, t: {city})]", 0.0), operator: *, right: (1.0, 1.0), result: 0.0}
列 'p' 不存在，对列 city 不过滤，直接选择所有非无效值。
Block processing time: 0.007865 seconds
Computing Block 136 out of 560
Processing Block size=5
begin cleaner{left: ("[FunctionalDependency:(s: {brewery_id}, t: {city})]", 0.0), operator: *, right: (1.0, 1.0), result: 0.0}
列 'p' 不存在，对列 city 不过滤，直接选择所有非无效值。
Block processing time: 0.01239 seconds
Computing Block 137 out of 560
Processing Block size=7
begin cleaner{left: ("[FunctionalDependency:(s: {brewery_id}, t: {city})]", 0.0), operator: *, right: (1.0, 1.0), result: 0.0}
列 'p' 不存在，对列 city 不过滤，直接选择所有非无效值。
Block processing time: 0.017722 seconds
Computing Block 138 out of 560
Processing Block size=4
begin cleaner{left: ("[FunctionalDependency:(s: {brewery_id}, t: {city})]", 0.0), operator: *, right: (1.0, 1.0), result: 0.0}
列 'p' 不存在，对列 city 不过滤，直接选择所有非无效值。
Block processing time: 0.010349 seconds
Computing Block 139 out of 560
Processing Block size=3
begin cleaner{left: ("[FunctionalDependency:(s: {brewery_id}, t: {city})]", 0.0), operator: *, right: (1.0, 1.0), result: 0.0}
列 'p' 不存在，对列 city 不过滤，直接选择所有非无效值。
Block processing time: 0.007701 seconds
Computing Block 140 out of 560
Processing Block size=9
begin cleaner{left: ("[FunctionalDependency:(s: {brewery_id}, t: {city})]", 0.0), operator: *, right: (1.0, 1.0), result: 0.0}
列 'p' 不存在，对列 city 不过滤，直接选择所有非无效值。
clean_bool length:3
newest best op: Uniop(df,'city','Denver',(['brewery_id'], {('6',)}),{left: ("[FunctionalDependency:(s: {brewery_id}, t: {city})]", 0.0), operator: *, right: (1.0, 1.0), result: 0.0})
now error: 0.0
Block processing time: 0.069434 seconds
Computing Block 141 out of 560
Processing Block size=3
begin cleaner{left: ("[FunctionalDependency:(s: {brewery_id}, t: {city})]", 0.0), operator: *, right: (1.0, 1.0), result: 0.0}
列 'p' 不存在，对列 city 不过滤，直接选择所有非无效值。
Block processing time: 0.007962 seconds
Computing Block 142 out of 560
Processing Block size=2
begin cleaner{left: ("[FunctionalDependency:(s: {brewery_id}, t: {city})]", 0.0), operator: *, right: (1.0, 1.0), result: 0.0}
列 'p' 不存在，对列 city 不过滤，直接选择所有非无效值。
Block processing time: 0.005321 seconds
Computing Block 144 out of 560
Processing Block size=2
begin cleaner{left: ("[FunctionalDependency:(s: {brewery_id}, t: {city})]", 0.0), operator: *, right: (1.0, 1.0), result: 0.0}
列 'p' 不存在，对列 city 不过滤，直接选择所有非无效值。
Block processing time: 0.005316 seconds
Computing Block 145 out of 560
Processing Block size=5
begin cleaner{left: ("[FunctionalDependency:(s: {brewery_id}, t: {city})]", 0.0), operator: *, right: (1.0, 1.0), result: 0.0}
列 'p' 不存在，对列 city 不过滤，直接选择所有非无效值。
Block processing time: 0.012459 seconds
Computing Block 146 out of 560
Processing Block size=20
begin cleaner{left: ("[FunctionalDependency:(s: {brewery_id}, t: {city})]", 0.0), operator: *, right: (1.0, 1.0), result: 0.0}
列 'p' 不存在，对列 city 不过滤，直接选择所有非无效值。
clean_bool length:3
newest best op: Uniop(df,'city','San Francisco',(['brewery_id'], {('368',)}),{left: ("[FunctionalDependency:(s: {brewery_id}, t: {city})]", 0.0), operator: *, right: (1.0, 1.0), result: 0.0})
now error: 0.0
Block processing time: 0.153697 seconds
Computing Block 147 out of 560
Processing Block size=2
begin cleaner{left: ("[FunctionalDependency:(s: {brewery_id}, t: {city})]", 0.0), operator: *, right: (1.0, 1.0), result: 0.0}
列 'p' 不存在，对列 city 不过滤，直接选择所有非无效值。
clean_bool length:3
newest best op: Uniop(df,'city','Myrtle Beach',(['brewery_id'], {('518',)}),{left: ("[FunctionalDependency:(s: {brewery_id}, t: {city})]", 0.0), operator: *, right: (1.0, 1.0), result: 0.0})
now error: 0.0
Block processing time: 0.019447 seconds
Computing Block 150 out of 560
Processing Block size=5
begin cleaner{left: ("[FunctionalDependency:(s: {brewery_id}, t: {city})]", 0.0), operator: *, right: (1.0, 1.0), result: 0.0}
列 'p' 不存在，对列 city 不过滤，直接选择所有非无效值。
Block processing time: 0.012724 seconds
Computing Block 151 out of 560
Processing Block size=5
begin cleaner{left: ("[FunctionalDependency:(s: {brewery_id}, t: {city})]", 0.0), operator: *, right: (1.0, 1.0), result: 0.0}
列 'p' 不存在，对列 city 不过滤，直接选择所有非无效值。
Block processing time: 0.01271 seconds
Computing Block 152 out of 560
Processing Block size=3
begin cleaner{left: ("[FunctionalDependency:(s: {brewery_id}, t: {city})]", 0.0), operator: *, right: (1.0, 1.0), result: 0.0}
列 'p' 不存在，对列 city 不过滤，直接选择所有非无效值。
Block processing time: 0.007915 seconds
Computing Block 154 out of 560
Processing Block size=3
begin cleaner{left: ("[FunctionalDependency:(s: {brewery_id}, t: {city})]", 0.0), operator: *, right: (1.0, 1.0), result: 0.0}
列 'p' 不存在，对列 city 不过滤，直接选择所有非无效值。
Block processing time: 0.00799 seconds
Computing Block 155 out of 560
Processing Block size=6
begin cleaner{left: ("[FunctionalDependency:(s: {brewery_id}, t: {city})]", 0.0), operator: *, right: (1.0, 1.0), result: 0.0}
列 'p' 不存在，对列 city 不过滤，直接选择所有非无效值。
Block processing time: 0.015294 seconds
Computing Block 156 out of 560
Processing Block size=2
begin cleaner{left: ("[FunctionalDependency:(s: {brewery_id}, t: {city})]", 0.0), operator: *, right: (1.0, 1.0), result: 0.0}
列 'p' 不存在，对列 city 不过滤，直接选择所有非无效值。
Block processing time: 0.005518 seconds
Computing Block 157 out of 560
Processing Block size=7
begin cleaner{left: ("[FunctionalDependency:(s: {brewery_id}, t: {city})]", 0.0), operator: *, right: (1.0, 1.0), result: 0.0}
列 'p' 不存在，对列 city 不过滤，直接选择所有非无效值。
clean_bool length:3
newest best op: Uniop(df,'city','Reno NV',(['brewery_id'], {('530',)}),{left: ("[FunctionalDependency:(s: {brewery_id}, t: {city})]", 0.0), operator: *, right: (1.0, 1.0), result: 0.0})
now error: 0.0
newest best op: Uniop(df,'city','Reno',(['brewery_id'], {('530',)}),{left: ("[FunctionalDependency:(s: {brewery_id}, t: {city})]", 0.0), operator: *, right: (1.0, 1.0), result: 0.0})
now error: 0.0
Block processing time: 0.056614 seconds
Computing Block 158 out of 560
Processing Block size=7
begin cleaner{left: ("[FunctionalDependency:(s: {brewery_id}, t: {city})]", 0.0), operator: *, right: (1.0, 1.0), result: 0.0}
列 'p' 不存在，对列 city 不过滤，直接选择所有非无效值。
Block processing time: 0.017771 seconds
Computing Block 159 out of 560
Processing Block size=4
begin cleaner{left: ("[FunctionalDependency:(s: {brewery_id}, t: {city})]", 0.0), operator: *, right: (1.0, 1.0), result: 0.0}
列 'p' 不存在，对列 city 不过滤，直接选择所有非无效值。
Block processing time: 0.010608 seconds
Computing Block 160 out of 560
Processing Block size=2
begin cleaner{left: ("[FunctionalDependency:(s: {brewery_id}, t: {city})]", 0.0), operator: *, right: (1.0, 1.0), result: 0.0}
列 'p' 不存在，对列 city 不过滤，直接选择所有非无效值。
Block processing time: 0.005537 seconds
Computing Block 161 out of 560
Processing Block size=4
begin cleaner{left: ("[FunctionalDependency:(s: {brewery_id}, t: {city})]", 0.0), operator: *, right: (1.0, 1.0), result: 0.0}
列 'p' 不存在，对列 city 不过滤，直接选择所有非无效值。
Block processing time: 0.010504 seconds
Computing Block 162 out of 560
Processing Block size=4
begin cleaner{left: ("[FunctionalDependency:(s: {brewery_id}, t: {city})]", 0.0), operator: *, right: (1.0, 1.0), result: 0.0}
列 'p' 不存在，对列 city 不过滤，直接选择所有非无效值。
clean_bool length:3
newest best op: Uniop(df,'city','Kearney',(['brewery_id'], {('282',)}),{left: ("[FunctionalDependency:(s: {brewery_id}, t: {city})]", 0.0), operator: *, right: (1.0, 1.0), result: 0.0})
now error: 0.0
Block processing time: 0.034195 seconds
Computing Block 163 out of 560
Processing Block size=4
begin cleaner{left: ("[FunctionalDependency:(s: {brewery_id}, t: {city})]", 0.0), operator: *, right: (1.0, 1.0), result: 0.0}
列 'p' 不存在，对列 city 不过滤，直接选择所有非无效值。
Block processing time: 0.010457 seconds
Computing Block 164 out of 560
Processing Block size=4
begin cleaner{left: ("[FunctionalDependency:(s: {brewery_id}, t: {city})]", 0.0), operator: *, right: (1.0, 1.0), result: 0.0}
列 'p' 不存在，对列 city 不过滤，直接选择所有非无效值。
Block processing time: 0.010431 seconds
Computing Block 165 out of 560
Processing Block size=3
begin cleaner{left: ("[FunctionalDependency:(s: {brewery_id}, t: {city})]", 0.0), operator: *, right: (1.0, 1.0), result: 0.0}
列 'p' 不存在，对列 city 不过滤，直接选择所有非无效值。
Block processing time: 0.008241 seconds
Computing Block 166 out of 560
Processing Block size=2
begin cleaner{left: ("[FunctionalDependency:(s: {brewery_id}, t: {city})]", 0.0), operator: *, right: (1.0, 1.0), result: 0.0}
列 'p' 不存在，对列 city 不过滤，直接选择所有非无效值。
Block processing time: 0.005665 seconds
Computing Block 167 out of 560
Processing Block size=3
begin cleaner{left: ("[FunctionalDependency:(s: {brewery_id}, t: {city})]", 0.0), operator: *, right: (1.0, 1.0), result: 0.0}
列 'p' 不存在，对列 city 不过滤，直接选择所有非无效值。
clean_bool length:3
newest best op: Uniop(df,'city','Marietta',(['brewery_id'], {('475',)}),{left: ("[FunctionalDependency:(s: {brewery_id}, t: {city})]", 0.0), operator: *, right: (1.0, 1.0), result: 0.0})
now error: 0.0
Block processing time: 0.026997 seconds
Computing Block 168 out of 560
Processing Block size=3
begin cleaner{left: ("[FunctionalDependency:(s: {brewery_id}, t: {city})]", 0.0), operator: *, right: (1.0, 1.0), result: 0.0}
列 'p' 不存在，对列 city 不过滤，直接选择所有非无效值。
Block processing time: 0.008347 seconds
Computing Block 172 out of 560
Processing Block size=3
begin cleaner{left: ("[FunctionalDependency:(s: {brewery_id}, t: {city})]", 0.0), operator: *, right: (1.0, 1.0), result: 0.0}
列 'p' 不存在，对列 city 不过滤，直接选择所有非无效值。
clean_bool length:3
newest best op: Uniop(df,'city','Dallas',(['brewery_id'], {('287',)}),{left: ("[FunctionalDependency:(s: {brewery_id}, t: {city})]", 0.0), operator: *, right: (1.0, 1.0), result: 0.0})
now error: 0.0
Block processing time: 0.026777 seconds
Computing Block 173 out of 560
Processing Block size=6
begin cleaner{left: ("[FunctionalDependency:(s: {brewery_id}, t: {city})]", 0.0), operator: *, right: (1.0, 1.0), result: 0.0}
列 'p' 不存在，对列 city 不过滤，直接选择所有非无效值。
Block processing time: 0.014733 seconds
Computing Block 175 out of 560
Processing Block size=8
begin cleaner{left: ("[FunctionalDependency:(s: {brewery_id}, t: {city})]", 0.0), operator: *, right: (1.0, 1.0), result: 0.0}
列 'p' 不存在，对列 city 不过滤，直接选择所有非无效值。
clean_bool length:3
newest best op: Uniop(df,'city','Cincinnati OH',(['brewery_id'], {('93',)}),{left: ("[FunctionalDependency:(s: {brewery_id}, t: {city})]", 0.0), operator: *, right: (1.0, 1.0), result: 0.0})
now error: 0.0
newest best op: Uniop(df,'city','Cincinnati',(['brewery_id'], {('93',)}),{left: ("[FunctionalDependency:(s: {brewery_id}, t: {city})]", 0.0), operator: *, right: (1.0, 1.0), result: 0.0})
now error: 0.0
Block processing time: 0.062169 seconds
Computing Block 178 out of 560
Processing Block size=2
begin cleaner{left: ("[FunctionalDependency:(s: {brewery_id}, t: {city})]", 0.0), operator: *, right: (1.0, 1.0), result: 0.0}
列 'p' 不存在，对列 city 不过滤，直接选择所有非无效值。
clean_bool length:3
newest best op: Uniop(df,'city','Portland OR',(['brewery_id'], {('485',)}),{left: ("[FunctionalDependency:(s: {brewery_id}, t: {city})]", 0.0), operator: *, right: (1.0, 1.0), result: 0.0})
now error: 0.0
Block processing time: 0.018528 seconds
Computing Block 179 out of 560
Processing Block size=5
begin cleaner{left: ("[FunctionalDependency:(s: {brewery_id}, t: {city})]", 0.0), operator: *, right: (1.0, 1.0), result: 0.0}
列 'p' 不存在，对列 city 不过滤，直接选择所有非无效值。
clean_bool length:3
newest best op: Uniop(df,'city','Framingham',(['brewery_id'], {('2',)}),{left: ("[FunctionalDependency:(s: {brewery_id}, t: {city})]", 0.0), operator: *, right: (1.0, 1.0), result: 0.0})
now error: 0.0
Block processing time: 0.04119 seconds
Computing Block 181 out of 560
Processing Block size=18
begin cleaner{left: ("[FunctionalDependency:(s: {brewery_id}, t: {city})]", 0.0), operator: *, right: (1.0, 1.0), result: 0.0}
列 'p' 不存在，对列 city 不过滤，直接选择所有非无效值。
Block processing time: 0.044999 seconds
Computing Block 183 out of 560
Processing Block size=6
begin cleaner{left: ("[FunctionalDependency:(s: {brewery_id}, t: {city})]", 0.0), operator: *, right: (1.0, 1.0), result: 0.0}
列 'p' 不存在，对列 city 不过滤，直接选择所有非无效值。
Block processing time: 0.015522 seconds
Computing Block 184 out of 560
Processing Block size=2
begin cleaner{left: ("[FunctionalDependency:(s: {brewery_id}, t: {city})]", 0.0), operator: *, right: (1.0, 1.0), result: 0.0}
列 'p' 不存在，对列 city 不过滤，直接选择所有非无效值。
Block processing time: 0.005539 seconds
Computing Block 185 out of 560
Processing Block size=5
begin cleaner{left: ("[FunctionalDependency:(s: {brewery_id}, t: {city})]", 0.0), operator: *, right: (1.0, 1.0), result: 0.0}
列 'p' 不存在，对列 city 不过滤，直接选择所有非无效值。
Block processing time: 0.013311 seconds
Computing Block 186 out of 560
Processing Block size=5
begin cleaner{left: ("[FunctionalDependency:(s: {brewery_id}, t: {city})]", 0.0), operator: *, right: (1.0, 1.0), result: 0.0}
列 'p' 不存在，对列 city 不过滤，直接选择所有非无效值。
Block processing time: 0.012697 seconds
Computing Block 189 out of 560
Processing Block size=9
begin cleaner{left: ("[FunctionalDependency:(s: {brewery_id}, t: {city})]", 0.0), operator: *, right: (1.0, 1.0), result: 0.0}
列 'p' 不存在，对列 city 不过滤，直接选择所有非无效值。
Block processing time: 0.022892 seconds
Computing Block 190 out of 560
Processing Block size=6
begin cleaner{left: ("[FunctionalDependency:(s: {brewery_id}, t: {city})]", 0.0), operator: *, right: (1.0, 1.0), result: 0.0}
列 'p' 不存在，对列 city 不过滤，直接选择所有非无效值。
Block processing time: 0.014971 seconds
Computing Block 191 out of 560
Processing Block size=8
begin cleaner{left: ("[FunctionalDependency:(s: {brewery_id}, t: {city})]", 0.0), operator: *, right: (1.0, 1.0), result: 0.0}
列 'p' 不存在，对列 city 不过滤，直接选择所有非无效值。
clean_bool length:3
newest best op: Uniop(df,'city','Saint Louis MO',(['brewery_id'], {('60',)}),{left: ("[FunctionalDependency:(s: {brewery_id}, t: {city})]", 0.0), operator: *, right: (1.0, 1.0), result: 0.0})
now error: 0.0
newest best op: Uniop(df,'city','Saint Louis',(['brewery_id'], {('60',)}),{left: ("[FunctionalDependency:(s: {brewery_id}, t: {city})]", 0.0), operator: *, right: (1.0, 1.0), result: 0.0})
now error: 0.0
Block processing time: 0.062965 seconds
Computing Block 192 out of 560
Processing Block size=2
begin cleaner{left: ("[FunctionalDependency:(s: {brewery_id}, t: {city})]", 0.0), operator: *, right: (1.0, 1.0), result: 0.0}
列 'p' 不存在，对列 city 不过滤，直接选择所有非无效值。
Block processing time: 0.005375 seconds
Computing Block 193 out of 560
Processing Block size=5
begin cleaner{left: ("[FunctionalDependency:(s: {brewery_id}, t: {city})]", 0.0), operator: *, right: (1.0, 1.0), result: 0.0}
列 'p' 不存在，对列 city 不过滤，直接选择所有非无效值。
Block processing time: 0.012336 seconds
Computing Block 194 out of 560
Processing Block size=5
begin cleaner{left: ("[FunctionalDependency:(s: {brewery_id}, t: {city})]", 0.0), operator: *, right: (1.0, 1.0), result: 0.0}
列 'p' 不存在，对列 city 不过滤，直接选择所有非无效值。
Block processing time: 0.012181 seconds
Computing Block 197 out of 560
Processing Block size=3
begin cleaner{left: ("[FunctionalDependency:(s: {brewery_id}, t: {city})]", 0.0), operator: *, right: (1.0, 1.0), result: 0.0}
列 'p' 不存在，对列 city 不过滤，直接选择所有非无效值。
Block processing time: 0.007568 seconds
Computing Block 198 out of 560
Processing Block size=6
begin cleaner{left: ("[FunctionalDependency:(s: {brewery_id}, t: {city})]", 0.0), operator: *, right: (1.0, 1.0), result: 0.0}
列 'p' 不存在，对列 city 不过滤，直接选择所有非无效值。
Block processing time: 0.014604 seconds
Computing Block 200 out of 560
Processing Block size=4
begin cleaner{left: ("[FunctionalDependency:(s: {brewery_id}, t: {city})]", 0.0), operator: *, right: (1.0, 1.0), result: 0.0}
列 'p' 不存在，对列 city 不过滤，直接选择所有非无效值。
Block processing time: 0.009987 seconds
Computing Block 203 out of 560
Processing Block size=3
begin cleaner{left: ("[FunctionalDependency:(s: {brewery_id}, t: {city})]", 0.0), operator: *, right: (1.0, 1.0), result: 0.0}
列 'p' 不存在，对列 city 不过滤，直接选择所有非无效值。
Block processing time: 0.007685 seconds
Computing Block 205 out of 560
Processing Block size=3
begin cleaner{left: ("[FunctionalDependency:(s: {brewery_id}, t: {city})]", 0.0), operator: *, right: (1.0, 1.0), result: 0.0}
列 'p' 不存在，对列 city 不过滤，直接选择所有非无效值。
Block processing time: 0.007612 seconds
Computing Block 206 out of 560
Processing Block size=3
begin cleaner{left: ("[FunctionalDependency:(s: {brewery_id}, t: {city})]", 0.0), operator: *, right: (1.0, 1.0), result: 0.0}
列 'p' 不存在，对列 city 不过滤，直接选择所有非无效值。
Block processing time: 0.007642 seconds
Computing Block 208 out of 560
Processing Block size=7
begin cleaner{left: ("[FunctionalDependency:(s: {brewery_id}, t: {city})]", 0.0), operator: *, right: (1.0, 1.0), result: 0.0}
列 'p' 不存在，对列 city 不过滤，直接选择所有非无效值。
clean_bool length:3
newest best op: Uniop(df,'city','Lansdale PA',(['brewery_id'], {('164',)}),{left: ("[FunctionalDependency:(s: {brewery_id}, t: {city})]", 0.0), operator: *, right: (1.0, 1.0), result: 0.0})
now error: 0.0
newest best op: Uniop(df,'city','Lansdale',(['brewery_id'], {('164',)}),{left: ("[FunctionalDependency:(s: {brewery_id}, t: {city})]", 0.0), operator: *, right: (1.0, 1.0), result: 0.0})
now error: 0.0
Block processing time: 0.056409 seconds
Computing Block 209 out of 560
Processing Block size=3
begin cleaner{left: ("[FunctionalDependency:(s: {brewery_id}, t: {city})]", 0.0), operator: *, right: (1.0, 1.0), result: 0.0}
列 'p' 不存在，对列 city 不过滤，直接选择所有非无效值。
Block processing time: 0.00775 seconds
Computing Block 211 out of 560
Processing Block size=2
begin cleaner{left: ("[FunctionalDependency:(s: {brewery_id}, t: {city})]", 0.0), operator: *, right: (1.0, 1.0), result: 0.0}
列 'p' 不存在，对列 city 不过滤，直接选择所有非无效值。
Block processing time: 0.005435 seconds
Computing Block 213 out of 560
Processing Block size=4
begin cleaner{left: ("[FunctionalDependency:(s: {brewery_id}, t: {city})]", 0.0), operator: *, right: (1.0, 1.0), result: 0.0}
列 'p' 不存在，对列 city 不过滤，直接选择所有非无效值。
Block processing time: 0.010662 seconds
Computing Block 214 out of 560
Processing Block size=9
begin cleaner{left: ("[FunctionalDependency:(s: {brewery_id}, t: {city})]", 0.0), operator: *, right: (1.0, 1.0), result: 0.0}
列 'p' 不存在，对列 city 不过滤，直接选择所有非无效值。
Block processing time: 0.021903 seconds
Computing Block 215 out of 560
Processing Block size=2
begin cleaner{left: ("[FunctionalDependency:(s: {brewery_id}, t: {city})]", 0.0), operator: *, right: (1.0, 1.0), result: 0.0}
列 'p' 不存在，对列 city 不过滤，直接选择所有非无效值。
Block processing time: 0.005467 seconds
Computing Block 216 out of 560
Processing Block size=2
begin cleaner{left: ("[FunctionalDependency:(s: {brewery_id}, t: {city})]", 0.0), operator: *, right: (1.0, 1.0), result: 0.0}
列 'p' 不存在，对列 city 不过滤，直接选择所有非无效值。
Block processing time: 0.005239 seconds
Computing Block 217 out of 560
Processing Block size=2
begin cleaner{left: ("[FunctionalDependency:(s: {brewery_id}, t: {city})]", 0.0), operator: *, right: (1.0, 1.0), result: 0.0}
列 'p' 不存在，对列 city 不过滤，直接选择所有非无效值。
Block processing time: 0.005769 seconds
Computing Block 218 out of 560
Processing Block size=2
begin cleaner{left: ("[FunctionalDependency:(s: {brewery_id}, t: {city})]", 0.0), operator: *, right: (1.0, 1.0), result: 0.0}
列 'p' 不存在，对列 city 不过滤，直接选择所有非无效值。
Block processing time: 0.005384 seconds
Computing Block 219 out of 560
Processing Block size=11
begin cleaner{left: ("[FunctionalDependency:(s: {brewery_id}, t: {city})]", 0.0), operator: *, right: (1.0, 1.0), result: 0.0}
列 'p' 不存在，对列 city 不过滤，直接选择所有非无效值。
Block processing time: 0.026787 seconds
Computing Block 220 out of 560
Processing Block size=3
begin cleaner{left: ("[FunctionalDependency:(s: {brewery_id}, t: {city})]", 0.0), operator: *, right: (1.0, 1.0), result: 0.0}
列 'p' 不存在，对列 city 不过滤，直接选择所有非无效值。
clean_bool length:3
newest best op: Uniop(df,'city','Pittsburgh',(['brewery_id'], {('297',)}),{left: ("[FunctionalDependency:(s: {brewery_id}, t: {city})]", 0.0), operator: *, right: (1.0, 1.0), result: 0.0})
now error: 0.0
Block processing time: 0.025911 seconds
Computing Block 221 out of 560
Processing Block size=8
begin cleaner{left: ("[FunctionalDependency:(s: {brewery_id}, t: {city})]", 0.0), operator: *, right: (1.0, 1.0), result: 0.0}
列 'p' 不存在，对列 city 不过滤，直接选择所有非无效值。
Block processing time: 0.019352 seconds
Computing Block 222 out of 560
Processing Block size=13
begin cleaner{left: ("[FunctionalDependency:(s: {brewery_id}, t: {city})]", 0.0), operator: *, right: (1.0, 1.0), result: 0.0}
列 'p' 不存在，对列 city 不过滤，直接选择所有非无效值。
clean_bool length:3
newest best op: Uniop(df,'city','Monroe WI',(['brewery_id'], {('134',)}),{left: ("[FunctionalDependency:(s: {brewery_id}, t: {city})]", 0.0), operator: *, right: (1.0, 1.0), result: 0.0})
now error: 0.0
newest best op: Uniop(df,'city','Monroe',(['brewery_id'], {('134',)}),{left: ("[FunctionalDependency:(s: {brewery_id}, t: {city})]", 0.0), operator: *, right: (1.0, 1.0), result: 0.0})
now error: 0.0
Block processing time: 0.098556 seconds
Computing Block 223 out of 560
Processing Block size=2
begin cleaner{left: ("[FunctionalDependency:(s: {brewery_id}, t: {city})]", 0.0), operator: *, right: (1.0, 1.0), result: 0.0}
列 'p' 不存在，对列 city 不过滤，直接选择所有非无效值。
Block processing time: 0.005456 seconds
Computing Block 224 out of 560
Processing Block size=2
begin cleaner{left: ("[FunctionalDependency:(s: {brewery_id}, t: {city})]", 0.0), operator: *, right: (1.0, 1.0), result: 0.0}
列 'p' 不存在，对列 city 不过滤，直接选择所有非无效值。
Block processing time: 0.005261 seconds
Computing Block 226 out of 560
Processing Block size=2
begin cleaner{left: ("[FunctionalDependency:(s: {brewery_id}, t: {city})]", 0.0), operator: *, right: (1.0, 1.0), result: 0.0}
列 'p' 不存在，对列 city 不过滤，直接选择所有非无效值。
Block processing time: 0.005621 seconds
Computing Block 227 out of 560
Processing Block size=2
begin cleaner{left: ("[FunctionalDependency:(s: {brewery_id}, t: {city})]", 0.0), operator: *, right: (1.0, 1.0), result: 0.0}
列 'p' 不存在，对列 city 不过滤，直接选择所有非无效值。
Block processing time: 0.005801 seconds
Computing Block 228 out of 560
Processing Block size=9
begin cleaner{left: ("[FunctionalDependency:(s: {brewery_id}, t: {city})]", 0.0), operator: *, right: (1.0, 1.0), result: 0.0}
列 'p' 不存在，对列 city 不过滤，直接选择所有非无效值。
Block processing time: 0.023146 seconds
Computing Block 229 out of 560
Processing Block size=3
begin cleaner{left: ("[FunctionalDependency:(s: {brewery_id}, t: {city})]", 0.0), operator: *, right: (1.0, 1.0), result: 0.0}
列 'p' 不存在，对列 city 不过滤，直接选择所有非无效值。
Block processing time: 0.008034 seconds
Computing Block 230 out of 560
Processing Block size=3
begin cleaner{left: ("[FunctionalDependency:(s: {brewery_id}, t: {city})]", 0.0), operator: *, right: (1.0, 1.0), result: 0.0}
列 'p' 不存在，对列 city 不过滤，直接选择所有非无效值。
Block processing time: 0.007943 seconds
Computing Block 231 out of 560
Processing Block size=10
begin cleaner{left: ("[FunctionalDependency:(s: {brewery_id}, t: {city})]", 0.0), operator: *, right: (1.0, 1.0), result: 0.0}
列 'p' 不存在，对列 city 不过滤，直接选择所有非无效值。
clean_bool length:3
newest best op: Uniop(df,'city','Houston',(['brewery_id'], {('125',)}),{left: ("[FunctionalDependency:(s: {brewery_id}, t: {city})]", 0.0), operator: *, right: (1.0, 1.0), result: 0.0})
now error: 0.0
Block processing time: 0.077303 seconds
Computing Block 232 out of 560
Processing Block size=2
begin cleaner{left: ("[FunctionalDependency:(s: {brewery_id}, t: {city})]", 0.0), operator: *, right: (1.0, 1.0), result: 0.0}
列 'p' 不存在，对列 city 不过滤，直接选择所有非无效值。
Block processing time: 0.005451 seconds
Computing Block 234 out of 560
Processing Block size=13
begin cleaner{left: ("[FunctionalDependency:(s: {brewery_id}, t: {city})]", 0.0), operator: *, right: (1.0, 1.0), result: 0.0}
列 'p' 不存在，对列 city 不过滤，直接选择所有非无效值。
Block processing time: 0.033198 seconds
Computing Block 236 out of 560
Processing Block size=2
begin cleaner{left: ("[FunctionalDependency:(s: {brewery_id}, t: {city})]", 0.0), operator: *, right: (1.0, 1.0), result: 0.0}
列 'p' 不存在，对列 city 不过滤，直接选择所有非无效值。
Block processing time: 0.005449 seconds
Computing Block 237 out of 560
Processing Block size=2
begin cleaner{left: ("[FunctionalDependency:(s: {brewery_id}, t: {city})]", 0.0), operator: *, right: (1.0, 1.0), result: 0.0}
列 'p' 不存在，对列 city 不过滤，直接选择所有非无效值。
clean_bool length:3
newest best op: Uniop(df,'city','Silverton',(['brewery_id'], {('494',)}),{left: ("[FunctionalDependency:(s: {brewery_id}, t: {city})]", 0.0), operator: *, right: (1.0, 1.0), result: 0.0})
now error: 0.0
Block processing time: 0.018605 seconds
Computing Block 238 out of 560
Processing Block size=4
begin cleaner{left: ("[FunctionalDependency:(s: {brewery_id}, t: {city})]", 0.0), operator: *, right: (1.0, 1.0), result: 0.0}
列 'p' 不存在，对列 city 不过滤，直接选择所有非无效值。
Block processing time: 0.010048 seconds
Computing Block 239 out of 560
Processing Block size=2
begin cleaner{left: ("[FunctionalDependency:(s: {brewery_id}, t: {city})]", 0.0), operator: *, right: (1.0, 1.0), result: 0.0}
列 'p' 不存在，对列 city 不过滤，直接选择所有非无效值。
clean_bool length:3
newest best op: Uniop(df,'city','Hayward WI',(['brewery_id'], {('542',)}),{left: ("[FunctionalDependency:(s: {brewery_id}, t: {city})]", 0.0), operator: *, right: (1.0, 1.0), result: 0.0})
now error: 0.0
Block processing time: 0.01838 seconds
Computing Block 240 out of 560
Processing Block size=14
begin cleaner{left: ("[FunctionalDependency:(s: {brewery_id}, t: {city})]", 0.0), operator: *, right: (1.0, 1.0), result: 0.0}
列 'p' 不存在，对列 city 不过滤，直接选择所有非无效值。
Block processing time: 0.035098 seconds
Computing Block 241 out of 560
Processing Block size=3
begin cleaner{left: ("[FunctionalDependency:(s: {brewery_id}, t: {city})]", 0.0), operator: *, right: (1.0, 1.0), result: 0.0}
列 'p' 不存在，对列 city 不过滤，直接选择所有非无效值。
Block processing time: 0.00765 seconds
Computing Block 242 out of 560
Processing Block size=5
begin cleaner{left: ("[FunctionalDependency:(s: {brewery_id}, t: {city})]", 0.0), operator: *, right: (1.0, 1.0), result: 0.0}
列 'p' 不存在，对列 city 不过滤，直接选择所有非无效值。
Block processing time: 0.012313 seconds
Computing Block 245 out of 560
Processing Block size=4
begin cleaner{left: ("[FunctionalDependency:(s: {brewery_id}, t: {city})]", 0.0), operator: *, right: (1.0, 1.0), result: 0.0}
列 'p' 不存在，对列 city 不过滤，直接选择所有非无效值。
clean_bool length:3
newest best op: Uniop(df,'city','Angola IN',(['brewery_id'], {('250',)}),{left: ("[FunctionalDependency:(s: {brewery_id}, t: {city})]", 0.0), operator: *, right: (1.0, 1.0), result: 0.0})
now error: 0.0
newest best op: Uniop(df,'city','Angola',(['brewery_id'], {('250',)}),{left: ("[FunctionalDependency:(s: {brewery_id}, t: {city})]", 0.0), operator: *, right: (1.0, 1.0), result: 0.0})
now error: 0.0
Block processing time: 0.032931 seconds
Computing Block 246 out of 560
Processing Block size=4
begin cleaner{left: ("[FunctionalDependency:(s: {brewery_id}, t: {city})]", 0.0), operator: *, right: (1.0, 1.0), result: 0.0}
列 'p' 不存在，对列 city 不过滤，直接选择所有非无效值。
Block processing time: 0.010006 seconds
Computing Block 247 out of 560
Processing Block size=2
begin cleaner{left: ("[FunctionalDependency:(s: {brewery_id}, t: {city})]", 0.0), operator: *, right: (1.0, 1.0), result: 0.0}
列 'p' 不存在，对列 city 不过滤，直接选择所有非无效值。
Block processing time: 0.005293 seconds
Computing Block 248 out of 560
Processing Block size=3
begin cleaner{left: ("[FunctionalDependency:(s: {brewery_id}, t: {city})]", 0.0), operator: *, right: (1.0, 1.0), result: 0.0}
列 'p' 不存在，对列 city 不过滤，直接选择所有非无效值。
clean_bool length:3
newest best op: Uniop(df,'city','Des Moines IA',(['brewery_id'], {('482',)}),{left: ("[FunctionalDependency:(s: {brewery_id}, t: {city})]", 0.0), operator: *, right: (1.0, 1.0), result: 0.0})
now error: 0.0
newest best op: Uniop(df,'city','Des Moines',(['brewery_id'], {('482',)}),{left: ("[FunctionalDependency:(s: {brewery_id}, t: {city})]", 0.0), operator: *, right: (1.0, 1.0), result: 0.0})
now error: 0.0
Block processing time: 0.025674 seconds
Computing Block 251 out of 560
Processing Block size=4
begin cleaner{left: ("[FunctionalDependency:(s: {brewery_id}, t: {city})]", 0.0), operator: *, right: (1.0, 1.0), result: 0.0}
列 'p' 不存在，对列 city 不过滤，直接选择所有非无效值。
Block processing time: 0.010162 seconds
Computing Block 252 out of 560
Processing Block size=2
begin cleaner{left: ("[FunctionalDependency:(s: {brewery_id}, t: {city})]", 0.0), operator: *, right: (1.0, 1.0), result: 0.0}
列 'p' 不存在，对列 city 不过滤，直接选择所有非无效值。
Block processing time: 0.005415 seconds
Computing Block 253 out of 560
Processing Block size=9
begin cleaner{left: ("[FunctionalDependency:(s: {brewery_id}, t: {city})]", 0.0), operator: *, right: (1.0, 1.0), result: 0.0}
列 'p' 不存在，对列 city 不过滤，直接选择所有非无效值。
clean_bool length:3
newest best op: Uniop(df,'city','Evansville IN',(['brewery_id'], {('17',)}),{left: ("[FunctionalDependency:(s: {brewery_id}, t: {city})]", 0.0), operator: *, right: (1.0, 1.0), result: 0.0})
now error: 0.0
newest best op: Uniop(df,'city','Evansville',(['brewery_id'], {('17',)}),{left: ("[FunctionalDependency:(s: {brewery_id}, t: {city})]", 0.0), operator: *, right: (1.0, 1.0), result: 0.0})
now error: 0.0
Block processing time: 0.069355 seconds
Computing Block 254 out of 560
Processing Block size=2
begin cleaner{left: ("[FunctionalDependency:(s: {brewery_id}, t: {city})]", 0.0), operator: *, right: (1.0, 1.0), result: 0.0}
列 'p' 不存在，对列 city 不过滤，直接选择所有非无效值。
Block processing time: 0.005404 seconds
Computing Block 255 out of 560
Processing Block size=4
begin cleaner{left: ("[FunctionalDependency:(s: {brewery_id}, t: {city})]", 0.0), operator: *, right: (1.0, 1.0), result: 0.0}
列 'p' 不存在，对列 city 不过滤，直接选择所有非无效值。
Block processing time: 0.010758 seconds
Computing Block 256 out of 560
Processing Block size=4
begin cleaner{left: ("[FunctionalDependency:(s: {brewery_id}, t: {city})]", 0.0), operator: *, right: (1.0, 1.0), result: 0.0}
列 'p' 不存在，对列 city 不过滤，直接选择所有非无效值。
Block processing time: 0.010669 seconds
Computing Block 257 out of 560
Processing Block size=10
begin cleaner{left: ("[FunctionalDependency:(s: {brewery_id}, t: {city})]", 0.0), operator: *, right: (1.0, 1.0), result: 0.0}
列 'p' 不存在，对列 city 不过滤，直接选择所有非无效值。
Block processing time: 0.024046 seconds
Computing Block 259 out of 560
Processing Block size=2
begin cleaner{left: ("[FunctionalDependency:(s: {brewery_id}, t: {city})]", 0.0), operator: *, right: (1.0, 1.0), result: 0.0}
列 'p' 不存在，对列 city 不过滤，直接选择所有非无效值。
Block processing time: 0.005307 seconds
Computing Block 261 out of 560
Processing Block size=7
begin cleaner{left: ("[FunctionalDependency:(s: {brewery_id}, t: {city})]", 0.0), operator: *, right: (1.0, 1.0), result: 0.0}
列 'p' 不存在，对列 city 不过滤，直接选择所有非无效值。
Block processing time: 0.016865 seconds
Computing Block 262 out of 560
Processing Block size=7
begin cleaner{left: ("[FunctionalDependency:(s: {brewery_id}, t: {city})]", 0.0), operator: *, right: (1.0, 1.0), result: 0.0}
列 'p' 不存在，对列 city 不过滤，直接选择所有非无效值。
Block processing time: 0.017992 seconds
Computing Block 267 out of 560
Processing Block size=3
begin cleaner{left: ("[FunctionalDependency:(s: {brewery_id}, t: {city})]", 0.0), operator: *, right: (1.0, 1.0), result: 0.0}
列 'p' 不存在，对列 city 不过滤，直接选择所有非无效值。
clean_bool length:3
newest best op: Uniop(df,'city','Baltimore MD',(['brewery_id'], {('255',)}),{left: ("[FunctionalDependency:(s: {brewery_id}, t: {city})]", 0.0), operator: *, right: (1.0, 1.0), result: 0.0})
now error: 0.0
newest best op: Uniop(df,'city','Baltimore',(['brewery_id'], {('255',)}),{left: ("[FunctionalDependency:(s: {brewery_id}, t: {city})]", 0.0), operator: *, right: (1.0, 1.0), result: 0.0})
now error: 0.0
Block processing time: 0.026394 seconds
Computing Block 268 out of 560
Processing Block size=4
begin cleaner{left: ("[FunctionalDependency:(s: {brewery_id}, t: {city})]", 0.0), operator: *, right: (1.0, 1.0), result: 0.0}
列 'p' 不存在，对列 city 不过滤，直接选择所有非无效值。
Block processing time: 0.009986 seconds
Computing Block 270 out of 560
Processing Block size=3
begin cleaner{left: ("[FunctionalDependency:(s: {brewery_id}, t: {city})]", 0.0), operator: *, right: (1.0, 1.0), result: 0.0}
列 'p' 不存在，对列 city 不过滤，直接选择所有非无效值。
Block processing time: 0.00767 seconds
Computing Block 271 out of 560
Processing Block size=2
begin cleaner{left: ("[FunctionalDependency:(s: {brewery_id}, t: {city})]", 0.0), operator: *, right: (1.0, 1.0), result: 0.0}
列 'p' 不存在，对列 city 不过滤，直接选择所有非无效值。
Block processing time: 0.005634 seconds
Computing Block 272 out of 560
Processing Block size=2
begin cleaner{left: ("[FunctionalDependency:(s: {brewery_id}, t: {city})]", 0.0), operator: *, right: (1.0, 1.0), result: 0.0}
列 'p' 不存在，对列 city 不过滤，直接选择所有非无效值。
Block processing time: 0.005477 seconds
Computing Block 274 out of 560
Processing Block size=2
begin cleaner{left: ("[FunctionalDependency:(s: {brewery_id}, t: {city})]", 0.0), operator: *, right: (1.0, 1.0), result: 0.0}
列 'p' 不存在，对列 city 不过滤，直接选择所有非无效值。
Block processing time: 0.005327 seconds
Computing Block 275 out of 560
Processing Block size=2
begin cleaner{left: ("[FunctionalDependency:(s: {brewery_id}, t: {city})]", 0.0), operator: *, right: (1.0, 1.0), result: 0.0}
列 'p' 不存在，对列 city 不过滤，直接选择所有非无效值。
Block processing time: 0.005252 seconds
Computing Block 277 out of 560
Processing Block size=2
begin cleaner{left: ("[FunctionalDependency:(s: {brewery_id}, t: {city})]", 0.0), operator: *, right: (1.0, 1.0), result: 0.0}
列 'p' 不存在，对列 city 不过滤，直接选择所有非无效值。
Block processing time: 0.005292 seconds
Computing Block 279 out of 560
Processing Block size=2
begin cleaner{left: ("[FunctionalDependency:(s: {brewery_id}, t: {city})]", 0.0), operator: *, right: (1.0, 1.0), result: 0.0}
列 'p' 不存在，对列 city 不过滤，直接选择所有非无效值。
Block processing time: 0.005624 seconds
Computing Block 280 out of 560
Processing Block size=32
begin cleaner{left: ("[FunctionalDependency:(s: {brewery_id}, t: {city})]", 0.0), operator: *, right: (1.0, 1.0), result: 0.0}
列 'p' 不存在，对列 city 不过滤，直接选择所有非无效值。
clean_bool length:3
newest best op: Uniop(df,'city','Longmont',(['brewery_id'], {('166',)}),{left: ("[FunctionalDependency:(s: {brewery_id}, t: {city})]", 0.0), operator: *, right: (1.0, 1.0), result: 0.0})
now error: 0.0
Block processing time: 0.239702 seconds
Computing Block 281 out of 560
Processing Block size=4
begin cleaner{left: ("[FunctionalDependency:(s: {brewery_id}, t: {city})]", 0.0), operator: *, right: (1.0, 1.0), result: 0.0}
列 'p' 不存在，对列 city 不过滤，直接选择所有非无效值。
Block processing time: 0.01012 seconds
Computing Block 282 out of 560
Processing Block size=5
begin cleaner{left: ("[FunctionalDependency:(s: {brewery_id}, t: {city})]", 0.0), operator: *, right: (1.0, 1.0), result: 0.0}
列 'p' 不存在，对列 city 不过滤，直接选择所有非无效值。
Block processing time: 0.013002 seconds
Computing Block 283 out of 560
Processing Block size=5
begin cleaner{left: ("[FunctionalDependency:(s: {brewery_id}, t: {city})]", 0.0), operator: *, right: (1.0, 1.0), result: 0.0}
列 'p' 不存在，对列 city 不过滤，直接选择所有非无效值。
Block processing time: 0.012366 seconds
Computing Block 284 out of 560
Processing Block size=3
begin cleaner{left: ("[FunctionalDependency:(s: {brewery_id}, t: {city})]", 0.0), operator: *, right: (1.0, 1.0), result: 0.0}
列 'p' 不存在，对列 city 不过滤，直接选择所有非无效值。
Block processing time: 0.007587 seconds
Computing Block 285 out of 560
Processing Block size=3
begin cleaner{left: ("[FunctionalDependency:(s: {brewery_id}, t: {city})]", 0.0), operator: *, right: (1.0, 1.0), result: 0.0}
列 'p' 不存在，对列 city 不过滤，直接选择所有非无效值。
Block processing time: 0.007602 seconds
Computing Block 286 out of 560
Processing Block size=5
begin cleaner{left: ("[FunctionalDependency:(s: {brewery_id}, t: {city})]", 0.0), operator: *, right: (1.0, 1.0), result: 0.0}
列 'p' 不存在，对列 city 不过滤，直接选择所有非无效值。
Block processing time: 0.012295 seconds
Computing Block 287 out of 560
Processing Block size=3
begin cleaner{left: ("[FunctionalDependency:(s: {brewery_id}, t: {city})]", 0.0), operator: *, right: (1.0, 1.0), result: 0.0}
列 'p' 不存在，对列 city 不过滤，直接选择所有非无效值。
Block processing time: 0.007649 seconds
Computing Block 288 out of 560
Processing Block size=14
begin cleaner{left: ("[FunctionalDependency:(s: {brewery_id}, t: {city})]", 0.0), operator: *, right: (1.0, 1.0), result: 0.0}
列 'p' 不存在，对列 city 不过滤，直接选择所有非无效值。
clean_bool length:3
newest best op: Uniop(df,'city','Ashland',(['brewery_id'], {('155',)}),{left: ("[FunctionalDependency:(s: {brewery_id}, t: {city})]", 0.0), operator: *, right: (1.0, 1.0), result: 0.0})
now error: 0.0
Block processing time: 0.104742 seconds
Computing Block 290 out of 560
Processing Block size=2
begin cleaner{left: ("[FunctionalDependency:(s: {brewery_id}, t: {city})]", 0.0), operator: *, right: (1.0, 1.0), result: 0.0}
列 'p' 不存在，对列 city 不过滤，直接选择所有非无效值。
Block processing time: 0.005406 seconds
Computing Block 291 out of 560
Processing Block size=2
begin cleaner{left: ("[FunctionalDependency:(s: {brewery_id}, t: {city})]", 0.0), operator: *, right: (1.0, 1.0), result: 0.0}
列 'p' 不存在，对列 city 不过滤，直接选择所有非无效值。
Block processing time: 0.005276 seconds
Computing Block 292 out of 560
Processing Block size=4
begin cleaner{left: ("[FunctionalDependency:(s: {brewery_id}, t: {city})]", 0.0), operator: *, right: (1.0, 1.0), result: 0.0}
列 'p' 不存在，对列 city 不过滤，直接选择所有非无效值。
clean_bool length:3
newest best op: Uniop(df,'city','Petoskey',(['brewery_id'], {('11',)}),{left: ("[FunctionalDependency:(s: {brewery_id}, t: {city})]", 0.0), operator: *, right: (1.0, 1.0), result: 0.0})
now error: 0.0
Block processing time: 0.034245 seconds
Computing Block 294 out of 560
Processing Block size=2
begin cleaner{left: ("[FunctionalDependency:(s: {brewery_id}, t: {city})]", 0.0), operator: *, right: (1.0, 1.0), result: 0.0}
列 'p' 不存在，对列 city 不过滤，直接选择所有非无效值。
Block processing time: 0.005554 seconds
Computing Block 295 out of 560
Processing Block size=6
begin cleaner{left: ("[FunctionalDependency:(s: {brewery_id}, t: {city})]", 0.0), operator: *, right: (1.0, 1.0), result: 0.0}
列 'p' 不存在，对列 city 不过滤，直接选择所有非无效值。
Block processing time: 0.014607 seconds
Computing Block 296 out of 560
Processing Block size=4
begin cleaner{left: ("[FunctionalDependency:(s: {brewery_id}, t: {city})]", 0.0), operator: *, right: (1.0, 1.0), result: 0.0}
列 'p' 不存在，对列 city 不过滤，直接选择所有非无效值。
Block processing time: 0.009881 seconds
Computing Block 297 out of 560
Processing Block size=3
begin cleaner{left: ("[FunctionalDependency:(s: {brewery_id}, t: {city})]", 0.0), operator: *, right: (1.0, 1.0), result: 0.0}
列 'p' 不存在，对列 city 不过滤，直接选择所有非无效值。
Block processing time: 0.007734 seconds
Computing Block 299 out of 560
Processing Block size=9
begin cleaner{left: ("[FunctionalDependency:(s: {brewery_id}, t: {city})]", 0.0), operator: *, right: (1.0, 1.0), result: 0.0}
列 'p' 不存在，对列 city 不过滤，直接选择所有非无效值。
Block processing time: 0.021758 seconds
Computing Block 301 out of 560
Processing Block size=5
begin cleaner{left: ("[FunctionalDependency:(s: {brewery_id}, t: {city})]", 0.0), operator: *, right: (1.0, 1.0), result: 0.0}
列 'p' 不存在，对列 city 不过滤，直接选择所有非无效值。
Block processing time: 0.01228 seconds
Computing Block 303 out of 560
Processing Block size=5
begin cleaner{left: ("[FunctionalDependency:(s: {brewery_id}, t: {city})]", 0.0), operator: *, right: (1.0, 1.0), result: 0.0}
列 'p' 不存在，对列 city 不过滤，直接选择所有非无效值。
Block processing time: 0.012312 seconds
Computing Block 304 out of 560
Processing Block size=9
begin cleaner{left: ("[FunctionalDependency:(s: {brewery_id}, t: {city})]", 0.0), operator: *, right: (1.0, 1.0), result: 0.0}
列 'p' 不存在，对列 city 不过滤，直接选择所有非无效值。
Block processing time: 0.022622 seconds
Computing Block 306 out of 560
Processing Block size=3
begin cleaner{left: ("[FunctionalDependency:(s: {brewery_id}, t: {city})]", 0.0), operator: *, right: (1.0, 1.0), result: 0.0}
列 'p' 不存在，对列 city 不过滤，直接选择所有非无效值。
Block processing time: 0.008494 seconds
Computing Block 307 out of 560
Processing Block size=7
begin cleaner{left: ("[FunctionalDependency:(s: {brewery_id}, t: {city})]", 0.0), operator: *, right: (1.0, 1.0), result: 0.0}
列 'p' 不存在，对列 city 不过滤，直接选择所有非无效值。
Block processing time: 0.018883 seconds
Computing Block 308 out of 560
Processing Block size=8
begin cleaner{left: ("[FunctionalDependency:(s: {brewery_id}, t: {city})]", 0.0), operator: *, right: (1.0, 1.0), result: 0.0}
列 'p' 不存在，对列 city 不过滤，直接选择所有非无效值。
clean_bool length:3
newest best op: Uniop(df,'city','Paonia CO',(['brewery_id'], {('386',)}),{left: ("[FunctionalDependency:(s: {brewery_id}, t: {city})]", 0.0), operator: *, right: (1.0, 1.0), result: 0.0})
now error: 0.0
newest best op: Uniop(df,'city','Paonia',(['brewery_id'], {('386',)}),{left: ("[FunctionalDependency:(s: {brewery_id}, t: {city})]", 0.0), operator: *, right: (1.0, 1.0), result: 0.0})
now error: 0.0
Block processing time: 0.062043 seconds
Computing Block 309 out of 560
Processing Block size=3
begin cleaner{left: ("[FunctionalDependency:(s: {brewery_id}, t: {city})]", 0.0), operator: *, right: (1.0, 1.0), result: 0.0}
列 'p' 不存在，对列 city 不过滤，直接选择所有非无效值。
Block processing time: 0.008339 seconds
Computing Block 310 out of 560
Processing Block size=4
begin cleaner{left: ("[FunctionalDependency:(s: {brewery_id}, t: {city})]", 0.0), operator: *, right: (1.0, 1.0), result: 0.0}
列 'p' 不存在，对列 city 不过滤，直接选择所有非无效值。
Block processing time: 0.01025 seconds
Computing Block 313 out of 560
Processing Block size=3
begin cleaner{left: ("[FunctionalDependency:(s: {brewery_id}, t: {city})]", 0.0), operator: *, right: (1.0, 1.0), result: 0.0}
列 'p' 不存在，对列 city 不过滤，直接选择所有非无效值。
Block processing time: 0.007664 seconds
Computing Block 314 out of 560
Processing Block size=4
begin cleaner{left: ("[FunctionalDependency:(s: {brewery_id}, t: {city})]", 0.0), operator: *, right: (1.0, 1.0), result: 0.0}
列 'p' 不存在，对列 city 不过滤，直接选择所有非无效值。
Block processing time: 0.010564 seconds
Computing Block 315 out of 560
Processing Block size=4
begin cleaner{left: ("[FunctionalDependency:(s: {brewery_id}, t: {city})]", 0.0), operator: *, right: (1.0, 1.0), result: 0.0}
列 'p' 不存在，对列 city 不过滤，直接选择所有非无效值。
Block processing time: 0.010854 seconds
Computing Block 316 out of 560
Processing Block size=4
begin cleaner{left: ("[FunctionalDependency:(s: {brewery_id}, t: {city})]", 0.0), operator: *, right: (1.0, 1.0), result: 0.0}
列 'p' 不存在，对列 city 不过滤，直接选择所有非无效值。
Block processing time: 0.010539 seconds
Computing Block 317 out of 560
Processing Block size=3
begin cleaner{left: ("[FunctionalDependency:(s: {brewery_id}, t: {city})]", 0.0), operator: *, right: (1.0, 1.0), result: 0.0}
列 'p' 不存在，对列 city 不过滤，直接选择所有非无效值。
Block processing time: 0.008208 seconds
Computing Block 318 out of 560
Processing Block size=6
begin cleaner{left: ("[FunctionalDependency:(s: {brewery_id}, t: {city})]", 0.0), operator: *, right: (1.0, 1.0), result: 0.0}
列 'p' 不存在，对列 city 不过滤，直接选择所有非无效值。
Block processing time: 0.015113 seconds
Computing Block 319 out of 560
Processing Block size=4
begin cleaner{left: ("[FunctionalDependency:(s: {brewery_id}, t: {city})]", 0.0), operator: *, right: (1.0, 1.0), result: 0.0}
列 'p' 不存在，对列 city 不过滤，直接选择所有非无效值。
Block processing time: 0.009865 seconds
Computing Block 320 out of 560
Processing Block size=13
begin cleaner{left: ("[FunctionalDependency:(s: {brewery_id}, t: {city})]", 0.0), operator: *, right: (1.0, 1.0), result: 0.0}
列 'p' 不存在，对列 city 不过滤，直接选择所有非无效值。
clean_bool length:3
newest best op: Uniop(df,'city','Utica NY',(['brewery_id'], {('299',)}),{left: ("[FunctionalDependency:(s: {brewery_id}, t: {city})]", 0.0), operator: *, right: (1.0, 1.0), result: 0.0})
now error: 0.0
newest best op: Uniop(df,'city','Utica',(['brewery_id'], {('299',)}),{left: ("[FunctionalDependency:(s: {brewery_id}, t: {city})]", 0.0), operator: *, right: (1.0, 1.0), result: 0.0})
now error: 0.0
Block processing time: 0.099697 seconds
Computing Block 321 out of 560
Processing Block size=2
begin cleaner{left: ("[FunctionalDependency:(s: {brewery_id}, t: {city})]", 0.0), operator: *, right: (1.0, 1.0), result: 0.0}
列 'p' 不存在，对列 city 不过滤，直接选择所有非无效值。
Block processing time: 0.005364 seconds
Computing Block 322 out of 560
Processing Block size=3
begin cleaner{left: ("[FunctionalDependency:(s: {brewery_id}, t: {city})]", 0.0), operator: *, right: (1.0, 1.0), result: 0.0}
列 'p' 不存在，对列 city 不过滤，直接选择所有非无效值。
clean_bool length:3
newest best op: Uniop(df,'city','Mooresville NC',(['brewery_id'], {('504',)}),{left: ("[FunctionalDependency:(s: {brewery_id}, t: {city})]", 0.0), operator: *, right: (1.0, 1.0), result: 0.0})
now error: 0.0
Block processing time: 0.025836 seconds
Computing Block 324 out of 560
Processing Block size=4
begin cleaner{left: ("[FunctionalDependency:(s: {brewery_id}, t: {city})]", 0.0), operator: *, right: (1.0, 1.0), result: 0.0}
列 'p' 不存在，对列 city 不过滤，直接选择所有非无效值。
Block processing time: 0.010684 seconds
Computing Block 325 out of 560
Processing Block size=3
begin cleaner{left: ("[FunctionalDependency:(s: {brewery_id}, t: {city})]", 0.0), operator: *, right: (1.0, 1.0), result: 0.0}
列 'p' 不存在，对列 city 不过滤，直接选择所有非无效值。
clean_bool length:3
newest best op: Uniop(df,'city','Lake Geneva',(['brewery_id'], {('228',)}),{left: ("[FunctionalDependency:(s: {brewery_id}, t: {city})]", 0.0), operator: *, right: (1.0, 1.0), result: 0.0})
now error: 0.0
Block processing time: 0.028113 seconds
Computing Block 328 out of 560
Processing Block size=5
begin cleaner{left: ("[FunctionalDependency:(s: {brewery_id}, t: {city})]", 0.0), operator: *, right: (1.0, 1.0), result: 0.0}
列 'p' 不存在，对列 city 不过滤，直接选择所有非无效值。
Block processing time: 0.012368 seconds
Computing Block 329 out of 560
Processing Block size=2
begin cleaner{left: ("[FunctionalDependency:(s: {brewery_id}, t: {city})]", 0.0), operator: *, right: (1.0, 1.0), result: 0.0}
列 'p' 不存在，对列 city 不过滤，直接选择所有非无效值。
Block processing time: 0.005429 seconds
Computing Block 330 out of 560
Processing Block size=6
begin cleaner{left: ("[FunctionalDependency:(s: {brewery_id}, t: {city})]", 0.0), operator: *, right: (1.0, 1.0), result: 0.0}
列 'p' 不存在，对列 city 不过滤，直接选择所有非无效值。
clean_bool length:3
newest best op: Uniop(df,'city','Detroit',(['brewery_id'], {('72',)}),{left: ("[FunctionalDependency:(s: {brewery_id}, t: {city})]", 0.0), operator: *, right: (1.0, 1.0), result: 0.0})
now error: 0.0
Block processing time: 0.049945 seconds
Computing Block 331 out of 560
Processing Block size=8
begin cleaner{left: ("[FunctionalDependency:(s: {brewery_id}, t: {city})]", 0.0), operator: *, right: (1.0, 1.0), result: 0.0}
列 'p' 不存在，对列 city 不过滤，直接选择所有非无效值。
Block processing time: 0.019425 seconds
Computing Block 332 out of 560
Processing Block size=2
begin cleaner{left: ("[FunctionalDependency:(s: {brewery_id}, t: {city})]", 0.0), operator: *, right: (1.0, 1.0), result: 0.0}
列 'p' 不存在，对列 city 不过滤，直接选择所有非无效值。
Block processing time: 0.005387 seconds
Computing Block 333 out of 560
Processing Block size=6
begin cleaner{left: ("[FunctionalDependency:(s: {brewery_id}, t: {city})]", 0.0), operator: *, right: (1.0, 1.0), result: 0.0}
列 'p' 不存在，对列 city 不过滤，直接选择所有非无效值。
Block processing time: 0.014709 seconds
Computing Block 336 out of 560
Processing Block size=2
begin cleaner{left: ("[FunctionalDependency:(s: {brewery_id}, t: {city})]", 0.0), operator: *, right: (1.0, 1.0), result: 0.0}
列 'p' 不存在，对列 city 不过滤，直接选择所有非无效值。
Block processing time: 0.005389 seconds
Computing Block 338 out of 560
Processing Block size=12
begin cleaner{left: ("[FunctionalDependency:(s: {brewery_id}, t: {city})]", 0.0), operator: *, right: (1.0, 1.0), result: 0.0}
列 'p' 不存在，对列 city 不过滤，直接选择所有非无效值。
Block processing time: 0.028533 seconds
Computing Block 339 out of 560
Processing Block size=9
begin cleaner{left: ("[FunctionalDependency:(s: {brewery_id}, t: {city})]", 0.0), operator: *, right: (1.0, 1.0), result: 0.0}
列 'p' 不存在，对列 city 不过滤，直接选择所有非无效值。
Block processing time: 0.02175 seconds
Computing Block 341 out of 560
Processing Block size=15
begin cleaner{left: ("[FunctionalDependency:(s: {brewery_id}, t: {city})]", 0.0), operator: *, right: (1.0, 1.0), result: 0.0}
列 'p' 不存在，对列 city 不过滤，直接选择所有非无效值。
clean_bool length:3
newest best op: Uniop(df,'city','Export',(['brewery_id'], {('43',)}),{left: ("[FunctionalDependency:(s: {brewery_id}, t: {city})]", 0.0), operator: *, right: (1.0, 1.0), result: 0.0})
now error: 0.0
Block processing time: 0.11203 seconds
Computing Block 342 out of 560
Processing Block size=9
begin cleaner{left: ("[FunctionalDependency:(s: {brewery_id}, t: {city})]", 0.0), operator: *, right: (1.0, 1.0), result: 0.0}
列 'p' 不存在，对列 city 不过滤，直接选择所有非无效值。
Block processing time: 0.021898 seconds
Computing Block 343 out of 560
Processing Block size=2
begin cleaner{left: ("[FunctionalDependency:(s: {brewery_id}, t: {city})]", 0.0), operator: *, right: (1.0, 1.0), result: 0.0}
列 'p' 不存在，对列 city 不过滤，直接选择所有非无效值。
Block processing time: 0.005401 seconds
Computing Block 346 out of 560
Processing Block size=3
begin cleaner{left: ("[FunctionalDependency:(s: {brewery_id}, t: {city})]", 0.0), operator: *, right: (1.0, 1.0), result: 0.0}
列 'p' 不存在，对列 city 不过滤，直接选择所有非无效值。
Block processing time: 0.008137 seconds
Computing Block 347 out of 560
Processing Block size=2
begin cleaner{left: ("[FunctionalDependency:(s: {brewery_id}, t: {city})]", 0.0), operator: *, right: (1.0, 1.0), result: 0.0}
列 'p' 不存在，对列 city 不过滤，直接选择所有非无效值。
Block processing time: 0.005282 seconds
Computing Block 348 out of 560
Processing Block size=4
begin cleaner{left: ("[FunctionalDependency:(s: {brewery_id}, t: {city})]", 0.0), operator: *, right: (1.0, 1.0), result: 0.0}
列 'p' 不存在，对列 city 不过滤，直接选择所有非无效值。
clean_bool length:3
newest best op: Uniop(df,'city','San Diego CA',(['brewery_id'], {('98',)}),{left: ("[FunctionalDependency:(s: {brewery_id}, t: {city})]", 0.0), operator: *, right: (1.0, 1.0), result: 0.0})
now error: 0.0
Block processing time: 0.033294 seconds
Computing Block 351 out of 560
Processing Block size=6
begin cleaner{left: ("[FunctionalDependency:(s: {brewery_id}, t: {city})]", 0.0), operator: *, right: (1.0, 1.0), result: 0.0}
列 'p' 不存在，对列 city 不过滤，直接选择所有非无效值。
Block processing time: 0.014588 seconds
Computing Block 352 out of 560
Processing Block size=2
begin cleaner{left: ("[FunctionalDependency:(s: {brewery_id}, t: {city})]", 0.0), operator: *, right: (1.0, 1.0), result: 0.0}
列 'p' 不存在，对列 city 不过滤，直接选择所有非无效值。
Block processing time: 0.005293 seconds
Computing Block 354 out of 560
Processing Block size=2
begin cleaner{left: ("[FunctionalDependency:(s: {brewery_id}, t: {city})]", 0.0), operator: *, right: (1.0, 1.0), result: 0.0}
列 'p' 不存在，对列 city 不过滤，直接选择所有非无效值。
Block processing time: 0.005357 seconds
Computing Block 355 out of 560
Processing Block size=2
begin cleaner{left: ("[FunctionalDependency:(s: {brewery_id}, t: {city})]", 0.0), operator: *, right: (1.0, 1.0), result: 0.0}
列 'p' 不存在，对列 city 不过滤，直接选择所有非无效值。
Block processing time: 0.005312 seconds
Computing Block 356 out of 560
Processing Block size=4
begin cleaner{left: ("[FunctionalDependency:(s: {brewery_id}, t: {city})]", 0.0), operator: *, right: (1.0, 1.0), result: 0.0}
列 'p' 不存在，对列 city 不过滤，直接选择所有非无效值。
clean_bool length:3
newest best op: Uniop(df,'city','Afton VA',(['brewery_id'], {('382',)}),{left: ("[FunctionalDependency:(s: {brewery_id}, t: {city})]", 0.0), operator: *, right: (1.0, 1.0), result: 0.0})
now error: 0.0
newest best op: Uniop(df,'city','Afton',(['brewery_id'], {('382',)}),{left: ("[FunctionalDependency:(s: {brewery_id}, t: {city})]", 0.0), operator: *, right: (1.0, 1.0), result: 0.0})
now error: 0.0
Block processing time: 0.032928 seconds
Computing Block 357 out of 560
Processing Block size=4
begin cleaner{left: ("[FunctionalDependency:(s: {brewery_id}, t: {city})]", 0.0), operator: *, right: (1.0, 1.0), result: 0.0}
列 'p' 不存在，对列 city 不过滤，直接选择所有非无效值。
Block processing time: 0.010398 seconds
Computing Block 358 out of 560
Processing Block size=3
begin cleaner{left: ("[FunctionalDependency:(s: {brewery_id}, t: {city})]", 0.0), operator: *, right: (1.0, 1.0), result: 0.0}
列 'p' 不存在，对列 city 不过滤，直接选择所有非无效值。
Block processing time: 0.00769 seconds
Computing Block 360 out of 560
Processing Block size=2
begin cleaner{left: ("[FunctionalDependency:(s: {brewery_id}, t: {city})]", 0.0), operator: *, right: (1.0, 1.0), result: 0.0}
列 'p' 不存在，对列 city 不过滤，直接选择所有非无效值。
Block processing time: 0.005305 seconds
Computing Block 361 out of 560
Processing Block size=7
begin cleaner{left: ("[FunctionalDependency:(s: {brewery_id}, t: {city})]", 0.0), operator: *, right: (1.0, 1.0), result: 0.0}
列 'p' 不存在，对列 city 不过滤，直接选择所有非无效值。
Block processing time: 0.016996 seconds
Computing Block 362 out of 560
Processing Block size=12
begin cleaner{left: ("[FunctionalDependency:(s: {brewery_id}, t: {city})]", 0.0), operator: *, right: (1.0, 1.0), result: 0.0}
列 'p' 不存在，对列 city 不过滤，直接选择所有非无效值。
clean_bool length:3
newest best op: Uniop(df,'city','Chicago',(['brewery_id'], {('175',)}),{left: ("[FunctionalDependency:(s: {brewery_id}, t: {city})]", 0.0), operator: *, right: (1.0, 1.0), result: 0.0})
now error: 0.0
Block processing time: 0.090917 seconds
Computing Block 364 out of 560
Processing Block size=22
begin cleaner{left: ("[FunctionalDependency:(s: {brewery_id}, t: {city})]", 0.0), operator: *, right: (1.0, 1.0), result: 0.0}
列 'p' 不存在，对列 city 不过滤，直接选择所有非无效值。
Block processing time: 0.053015 seconds
Computing Block 365 out of 560
Processing Block size=10
begin cleaner{left: ("[FunctionalDependency:(s: {brewery_id}, t: {city})]", 0.0), operator: *, right: (1.0, 1.0), result: 0.0}
列 'p' 不存在，对列 city 不过滤，直接选择所有非无效值。
Block processing time: 0.024338 seconds
Computing Block 366 out of 560
Processing Block size=3
begin cleaner{left: ("[FunctionalDependency:(s: {brewery_id}, t: {city})]", 0.0), operator: *, right: (1.0, 1.0), result: 0.0}
列 'p' 不存在，对列 city 不过滤，直接选择所有非无效值。
Block processing time: 0.007694 seconds
Computing Block 367 out of 560
Processing Block size=8
begin cleaner{left: ("[FunctionalDependency:(s: {brewery_id}, t: {city})]", 0.0), operator: *, right: (1.0, 1.0), result: 0.0}
列 'p' 不存在，对列 city 不过滤，直接选择所有非无效值。
Block processing time: 0.020427 seconds
Computing Block 368 out of 560
Processing Block size=3
begin cleaner{left: ("[FunctionalDependency:(s: {brewery_id}, t: {city})]", 0.0), operator: *, right: (1.0, 1.0), result: 0.0}
列 'p' 不存在，对列 city 不过滤，直接选择所有非无效值。
Block processing time: 0.008315 seconds
Computing Block 370 out of 560
Processing Block size=4
begin cleaner{left: ("[FunctionalDependency:(s: {brewery_id}, t: {city})]", 0.0), operator: *, right: (1.0, 1.0), result: 0.0}
列 'p' 不存在，对列 city 不过滤，直接选择所有非无效值。
Block processing time: 0.010894 seconds
Computing Block 371 out of 560
Processing Block size=4
begin cleaner{left: ("[FunctionalDependency:(s: {brewery_id}, t: {city})]", 0.0), operator: *, right: (1.0, 1.0), result: 0.0}
列 'p' 不存在，对列 city 不过滤，直接选择所有非无效值。
Block processing time: 0.01084 seconds
Computing Block 372 out of 560
Processing Block size=5
begin cleaner{left: ("[FunctionalDependency:(s: {brewery_id}, t: {city})]", 0.0), operator: *, right: (1.0, 1.0), result: 0.0}
列 'p' 不存在，对列 city 不过滤，直接选择所有非无效值。
clean_bool length:3
newest best op: Uniop(df,'city','Gloucester',(['brewery_id'], {('230',)}),{left: ("[FunctionalDependency:(s: {brewery_id}, t: {city})]", 0.0), operator: *, right: (1.0, 1.0), result: 0.0})
now error: 0.0
Block processing time: 0.041231 seconds
Computing Block 373 out of 560
Processing Block size=3
begin cleaner{left: ("[FunctionalDependency:(s: {brewery_id}, t: {city})]", 0.0), operator: *, right: (1.0, 1.0), result: 0.0}
列 'p' 不存在，对列 city 不过滤，直接选择所有非无效值。
Block processing time: 0.007876 seconds
Computing Block 374 out of 560
Processing Block size=5
begin cleaner{left: ("[FunctionalDependency:(s: {brewery_id}, t: {city})]", 0.0), operator: *, right: (1.0, 1.0), result: 0.0}
列 'p' 不存在，对列 city 不过滤，直接选择所有非无效值。
Block processing time: 0.01245 seconds
Computing Block 375 out of 560
Processing Block size=2
begin cleaner{left: ("[FunctionalDependency:(s: {brewery_id}, t: {city})]", 0.0), operator: *, right: (1.0, 1.0), result: 0.0}
列 'p' 不存在，对列 city 不过滤，直接选择所有非无效值。
Block processing time: 0.005368 seconds
Computing Block 376 out of 560
Processing Block size=2
begin cleaner{left: ("[FunctionalDependency:(s: {brewery_id}, t: {city})]", 0.0), operator: *, right: (1.0, 1.0), result: 0.0}
列 'p' 不存在，对列 city 不过滤，直接选择所有非无效值。
Block processing time: 0.005326 seconds
Computing Block 378 out of 560
Processing Block size=2
begin cleaner{left: ("[FunctionalDependency:(s: {brewery_id}, t: {city})]", 0.0), operator: *, right: (1.0, 1.0), result: 0.0}
列 'p' 不存在，对列 city 不过滤，直接选择所有非无效值。
Block processing time: 0.00575 seconds
Computing Block 379 out of 560
Processing Block size=4
begin cleaner{left: ("[FunctionalDependency:(s: {brewery_id}, t: {city})]", 0.0), operator: *, right: (1.0, 1.0), result: 0.0}
列 'p' 不存在，对列 city 不过滤，直接选择所有非无效值。
Block processing time: 0.010043 seconds
Computing Block 380 out of 560
Processing Block size=7
begin cleaner{left: ("[FunctionalDependency:(s: {brewery_id}, t: {city})]", 0.0), operator: *, right: (1.0, 1.0), result: 0.0}
列 'p' 不存在，对列 city 不过滤，直接选择所有非无效值。
Block processing time: 0.017105 seconds
Computing Block 381 out of 560
Processing Block size=19
begin cleaner{left: ("[FunctionalDependency:(s: {brewery_id}, t: {city})]", 0.0), operator: *, right: (1.0, 1.0), result: 0.0}
列 'p' 不存在，对列 city 不过滤，直接选择所有非无效值。
clean_bool length:3
newest best op: Uniop(df,'city','Eagle CO',(['brewery_id'], {('107',)}),{left: ("[FunctionalDependency:(s: {brewery_id}, t: {city})]", 0.0), operator: *, right: (1.0, 1.0), result: 0.0})
now error: 0.0
newest best op: Uniop(df,'city','Eagle',(['brewery_id'], {('107',)}),{left: ("[FunctionalDependency:(s: {brewery_id}, t: {city})]", 0.0), operator: *, right: (1.0, 1.0), result: 0.0})
now error: 0.0
Block processing time: 0.143118 seconds
Computing Block 382 out of 560
Processing Block size=3
begin cleaner{left: ("[FunctionalDependency:(s: {brewery_id}, t: {city})]", 0.0), operator: *, right: (1.0, 1.0), result: 0.0}
列 'p' 不存在，对列 city 不过滤，直接选择所有非无效值。
Block processing time: 0.007739 seconds
Computing Block 383 out of 560
Processing Block size=2
begin cleaner{left: ("[FunctionalDependency:(s: {brewery_id}, t: {city})]", 0.0), operator: *, right: (1.0, 1.0), result: 0.0}
列 'p' 不存在，对列 city 不过滤，直接选择所有非无效值。
Block processing time: 0.005287 seconds
Computing Block 384 out of 560
Processing Block size=3
begin cleaner{left: ("[FunctionalDependency:(s: {brewery_id}, t: {city})]", 0.0), operator: *, right: (1.0, 1.0), result: 0.0}
列 'p' 不存在，对列 city 不过滤，直接选择所有非无效值。
Block processing time: 0.007549 seconds
Computing Block 385 out of 560
Processing Block size=2
begin cleaner{left: ("[FunctionalDependency:(s: {brewery_id}, t: {city})]", 0.0), operator: *, right: (1.0, 1.0), result: 0.0}
列 'p' 不存在，对列 city 不过滤，直接选择所有非无效值。
Block processing time: 0.005288 seconds
Computing Block 386 out of 560
Processing Block size=4
begin cleaner{left: ("[FunctionalDependency:(s: {brewery_id}, t: {city})]", 0.0), operator: *, right: (1.0, 1.0), result: 0.0}
列 'p' 不存在，对列 city 不过滤，直接选择所有非无效值。
Block processing time: 0.009818 seconds
Computing Block 387 out of 560
Processing Block size=4
begin cleaner{left: ("[FunctionalDependency:(s: {brewery_id}, t: {city})]", 0.0), operator: *, right: (1.0, 1.0), result: 0.0}
列 'p' 不存在，对列 city 不过滤，直接选择所有非无效值。
Block processing time: 0.010182 seconds
Computing Block 388 out of 560
Processing Block size=3
begin cleaner{left: ("[FunctionalDependency:(s: {brewery_id}, t: {city})]", 0.0), operator: *, right: (1.0, 1.0), result: 0.0}
列 'p' 不存在，对列 city 不过滤，直接选择所有非无效值。
Block processing time: 0.007875 seconds
Computing Block 389 out of 560
Processing Block size=4
begin cleaner{left: ("[FunctionalDependency:(s: {brewery_id}, t: {city})]", 0.0), operator: *, right: (1.0, 1.0), result: 0.0}
列 'p' 不存在，对列 city 不过滤，直接选择所有非无效值。
clean_bool length:3
newest best op: Uniop(df,'city','Charlottesville VA',(['brewery_id'], {('236',)}),{left: ("[FunctionalDependency:(s: {brewery_id}, t: {city})]", 0.0), operator: *, right: (1.0, 1.0), result: 0.0})
now error: 0.0
newest best op: Uniop(df,'city','Charlottesville',(['brewery_id'], {('236',)}),{left: ("[FunctionalDependency:(s: {brewery_id}, t: {city})]", 0.0), operator: *, right: (1.0, 1.0), result: 0.0})
now error: 0.0
Block processing time: 0.033287 seconds
Computing Block 390 out of 560
Processing Block size=3
begin cleaner{left: ("[FunctionalDependency:(s: {brewery_id}, t: {city})]", 0.0), operator: *, right: (1.0, 1.0), result: 0.0}
列 'p' 不存在，对列 city 不过滤，直接选择所有非无效值。
Block processing time: 0.007736 seconds
Computing Block 391 out of 560
Processing Block size=2
begin cleaner{left: ("[FunctionalDependency:(s: {brewery_id}, t: {city})]", 0.0), operator: *, right: (1.0, 1.0), result: 0.0}
列 'p' 不存在，对列 city 不过滤，直接选择所有非无效值。
Block processing time: 0.005511 seconds
Computing Block 392 out of 560
Processing Block size=2
begin cleaner{left: ("[FunctionalDependency:(s: {brewery_id}, t: {city})]", 0.0), operator: *, right: (1.0, 1.0), result: 0.0}
列 'p' 不存在，对列 city 不过滤，直接选择所有非无效值。
Block processing time: 0.005398 seconds
Computing Block 393 out of 560
Processing Block size=3
begin cleaner{left: ("[FunctionalDependency:(s: {brewery_id}, t: {city})]", 0.0), operator: *, right: (1.0, 1.0), result: 0.0}
列 'p' 不存在，对列 city 不过滤，直接选择所有非无效值。
Block processing time: 0.007541 seconds
Computing Block 394 out of 560
Processing Block size=7
begin cleaner{left: ("[FunctionalDependency:(s: {brewery_id}, t: {city})]", 0.0), operator: *, right: (1.0, 1.0), result: 0.0}
列 'p' 不存在，对列 city 不过滤，直接选择所有非无效值。
Block processing time: 0.01682 seconds
Computing Block 397 out of 560
Processing Block size=3
begin cleaner{left: ("[FunctionalDependency:(s: {brewery_id}, t: {city})]", 0.0), operator: *, right: (1.0, 1.0), result: 0.0}
列 'p' 不存在，对列 city 不过滤，直接选择所有非无效值。
clean_bool length:3
newest best op: Uniop(df,'city','Stevensville MT',(['brewery_id'], {('499',)}),{left: ("[FunctionalDependency:(s: {brewery_id}, t: {city})]", 0.0), operator: *, right: (1.0, 1.0), result: 0.0})
now error: 0.0
newest best op: Uniop(df,'city','Stevensville',(['brewery_id'], {('499',)}),{left: ("[FunctionalDependency:(s: {brewery_id}, t: {city})]", 0.0), operator: *, right: (1.0, 1.0), result: 0.0})
now error: 0.0
Block processing time: 0.025987 seconds
Computing Block 398 out of 560
Processing Block size=12
begin cleaner{left: ("[FunctionalDependency:(s: {brewery_id}, t: {city})]", 0.0), operator: *, right: (1.0, 1.0), result: 0.0}
列 'p' 不存在，对列 city 不过滤，直接选择所有非无效值。
clean_bool length:3
newest best op: Uniop(df,'city','Pottstown PA',(['brewery_id'], {('371',)}),{left: ("[FunctionalDependency:(s: {brewery_id}, t: {city})]", 0.0), operator: *, right: (1.0, 1.0), result: 0.0})
now error: 0.0
newest best op: Uniop(df,'city','Pottstown',(['brewery_id'], {('371',)}),{left: ("[FunctionalDependency:(s: {brewery_id}, t: {city})]", 0.0), operator: *, right: (1.0, 1.0), result: 0.0})
now error: 0.0
Block processing time: 0.092482 seconds
Computing Block 399 out of 560
Processing Block size=10
begin cleaner{left: ("[FunctionalDependency:(s: {brewery_id}, t: {city})]", 0.0), operator: *, right: (1.0, 1.0), result: 0.0}
列 'p' 不存在，对列 city 不过滤，直接选择所有非无效值。
Block processing time: 0.024391 seconds
Computing Block 400 out of 560
Processing Block size=4
begin cleaner{left: ("[FunctionalDependency:(s: {brewery_id}, t: {city})]", 0.0), operator: *, right: (1.0, 1.0), result: 0.0}
列 'p' 不存在，对列 city 不过滤，直接选择所有非无效值。
Block processing time: 0.009968 seconds
Computing Block 401 out of 560
Processing Block size=2
begin cleaner{left: ("[FunctionalDependency:(s: {brewery_id}, t: {city})]", 0.0), operator: *, right: (1.0, 1.0), result: 0.0}
列 'p' 不存在，对列 city 不过滤，直接选择所有非无效值。
Block processing time: 0.005269 seconds
Computing Block 402 out of 560
Processing Block size=8
begin cleaner{left: ("[FunctionalDependency:(s: {brewery_id}, t: {city})]", 0.0), operator: *, right: (1.0, 1.0), result: 0.0}
列 'p' 不存在，对列 city 不过滤，直接选择所有非无效值。
clean_bool length:3
newest best op: Uniop(df,'city','Fort Worth TX',(['brewery_id'], {('161',)}),{left: ("[FunctionalDependency:(s: {brewery_id}, t: {city})]", 0.0), operator: *, right: (1.0, 1.0), result: 0.0})
now error: 0.0
newest best op: Uniop(df,'city','Fort Worth',(['brewery_id'], {('161',)}),{left: ("[FunctionalDependency:(s: {brewery_id}, t: {city})]", 0.0), operator: *, right: (1.0, 1.0), result: 0.0})
now error: 0.0
Block processing time: 0.061827 seconds
Computing Block 403 out of 560
Processing Block size=4
begin cleaner{left: ("[FunctionalDependency:(s: {brewery_id}, t: {city})]", 0.0), operator: *, right: (1.0, 1.0), result: 0.0}
列 'p' 不存在，对列 city 不过滤，直接选择所有非无效值。
Block processing time: 0.010008 seconds
Computing Block 405 out of 560
Processing Block size=5
begin cleaner{left: ("[FunctionalDependency:(s: {brewery_id}, t: {city})]", 0.0), operator: *, right: (1.0, 1.0), result: 0.0}
列 'p' 不存在，对列 city 不过滤，直接选择所有非无效值。
Block processing time: 0.013151 seconds
Computing Block 406 out of 560
Processing Block size=3
begin cleaner{left: ("[FunctionalDependency:(s: {brewery_id}, t: {city})]", 0.0), operator: *, right: (1.0, 1.0), result: 0.0}
列 'p' 不存在，对列 city 不过滤，直接选择所有非无效值。
Block processing time: 0.007704 seconds
Computing Block 408 out of 560
Processing Block size=2
begin cleaner{left: ("[FunctionalDependency:(s: {brewery_id}, t: {city})]", 0.0), operator: *, right: (1.0, 1.0), result: 0.0}
列 'p' 不存在，对列 city 不过滤，直接选择所有非无效值。
clean_bool length:3
newest best op: Uniop(df,'city','Denton TX',(['brewery_id'], {('426',)}),{left: ("[FunctionalDependency:(s: {brewery_id}, t: {city})]", 0.0), operator: *, right: (1.0, 1.0), result: 0.0})
now error: 0.0
Block processing time: 0.0184 seconds
Computing Block 409 out of 560
Processing Block size=5
begin cleaner{left: ("[FunctionalDependency:(s: {brewery_id}, t: {city})]", 0.0), operator: *, right: (1.0, 1.0), result: 0.0}
列 'p' 不存在，对列 city 不过滤，直接选择所有非无效值。
Block processing time: 0.012377 seconds
Computing Block 410 out of 560
Processing Block size=2
begin cleaner{left: ("[FunctionalDependency:(s: {brewery_id}, t: {city})]", 0.0), operator: *, right: (1.0, 1.0), result: 0.0}
列 'p' 不存在，对列 city 不过滤，直接选择所有非无效值。
Block processing time: 0.005332 seconds
Computing Block 411 out of 560
Processing Block size=3
begin cleaner{left: ("[FunctionalDependency:(s: {brewery_id}, t: {city})]", 0.0), operator: *, right: (1.0, 1.0), result: 0.0}
列 'p' 不存在，对列 city 不过滤，直接选择所有非无效值。
Block processing time: 0.007877 seconds
Computing Block 412 out of 560
Processing Block size=4
begin cleaner{left: ("[FunctionalDependency:(s: {brewery_id}, t: {city})]", 0.0), operator: *, right: (1.0, 1.0), result: 0.0}
列 'p' 不存在，对列 city 不过滤，直接选择所有非无效值。
Block processing time: 0.010824 seconds
Computing Block 413 out of 560
Processing Block size=5
begin cleaner{left: ("[FunctionalDependency:(s: {brewery_id}, t: {city})]", 0.0), operator: *, right: (1.0, 1.0), result: 0.0}
列 'p' 不存在，对列 city 不过滤，直接选择所有非无效值。
Block processing time: 0.013472 seconds
Computing Block 414 out of 560
Processing Block size=4
begin cleaner{left: ("[FunctionalDependency:(s: {brewery_id}, t: {city})]", 0.0), operator: *, right: (1.0, 1.0), result: 0.0}
列 'p' 不存在，对列 city 不过滤，直接选择所有非无效值。
Block processing time: 0.010892 seconds
Computing Block 415 out of 560
Processing Block size=4
begin cleaner{left: ("[FunctionalDependency:(s: {brewery_id}, t: {city})]", 0.0), operator: *, right: (1.0, 1.0), result: 0.0}
列 'p' 不存在，对列 city 不过滤，直接选择所有非无效值。
Block processing time: 0.010381 seconds
Computing Block 416 out of 560
Processing Block size=2
begin cleaner{left: ("[FunctionalDependency:(s: {brewery_id}, t: {city})]", 0.0), operator: *, right: (1.0, 1.0), result: 0.0}
列 'p' 不存在，对列 city 不过滤，直接选择所有非无效值。
clean_bool length:3
newest best op: Uniop(df,'city','Portland ME',(['brewery_id'], {('42',)}),{left: ("[FunctionalDependency:(s: {brewery_id}, t: {city})]", 0.0), operator: *, right: (1.0, 1.0), result: 0.0})
now error: 0.0
Block processing time: 0.018471 seconds
Computing Block 417 out of 560
Processing Block size=2
begin cleaner{left: ("[FunctionalDependency:(s: {brewery_id}, t: {city})]", 0.0), operator: *, right: (1.0, 1.0), result: 0.0}
列 'p' 不存在，对列 city 不过滤，直接选择所有非无效值。
Block processing time: 0.005307 seconds
Computing Block 418 out of 560
Processing Block size=5
begin cleaner{left: ("[FunctionalDependency:(s: {brewery_id}, t: {city})]", 0.0), operator: *, right: (1.0, 1.0), result: 0.0}
列 'p' 不存在，对列 city 不过滤，直接选择所有非无效值。
Block processing time: 0.012156 seconds
Computing Block 420 out of 560
Processing Block size=5
begin cleaner{left: ("[FunctionalDependency:(s: {brewery_id}, t: {city})]", 0.0), operator: *, right: (1.0, 1.0), result: 0.0}
列 'p' 不存在，对列 city 不过滤，直接选择所有非无效值。
Block processing time: 0.012309 seconds
Computing Block 421 out of 560
Processing Block size=2
begin cleaner{left: ("[FunctionalDependency:(s: {brewery_id}, t: {city})]", 0.0), operator: *, right: (1.0, 1.0), result: 0.0}
列 'p' 不存在，对列 city 不过滤，直接选择所有非无效值。
Block processing time: 0.005269 seconds
Computing Block 422 out of 560
Processing Block size=2
begin cleaner{left: ("[FunctionalDependency:(s: {brewery_id}, t: {city})]", 0.0), operator: *, right: (1.0, 1.0), result: 0.0}
列 'p' 不存在，对列 city 不过滤，直接选择所有非无效值。
Block processing time: 0.005272 seconds
Computing Block 423 out of 560
Processing Block size=3
begin cleaner{left: ("[FunctionalDependency:(s: {brewery_id}, t: {city})]", 0.0), operator: *, right: (1.0, 1.0), result: 0.0}
列 'p' 不存在，对列 city 不过滤，直接选择所有非无效值。
Block processing time: 0.007781 seconds
Computing Block 424 out of 560
Processing Block size=5
begin cleaner{left: ("[FunctionalDependency:(s: {brewery_id}, t: {city})]", 0.0), operator: *, right: (1.0, 1.0), result: 0.0}
列 'p' 不存在，对列 city 不过滤，直接选择所有非无效值。
Block processing time: 0.012853 seconds
Computing Block 425 out of 560
Processing Block size=2
begin cleaner{left: ("[FunctionalDependency:(s: {brewery_id}, t: {city})]", 0.0), operator: *, right: (1.0, 1.0), result: 0.0}
列 'p' 不存在，对列 city 不过滤，直接选择所有非无效值。
Block processing time: 0.005649 seconds
Computing Block 426 out of 560
Processing Block size=4
begin cleaner{left: ("[FunctionalDependency:(s: {brewery_id}, t: {city})]", 0.0), operator: *, right: (1.0, 1.0), result: 0.0}
列 'p' 不存在，对列 city 不过滤，直接选择所有非无效值。
Block processing time: 0.010732 seconds
Computing Block 427 out of 560
Processing Block size=4
begin cleaner{left: ("[FunctionalDependency:(s: {brewery_id}, t: {city})]", 0.0), operator: *, right: (1.0, 1.0), result: 0.0}
列 'p' 不存在，对列 city 不过滤，直接选择所有非无效值。
Block processing time: 0.010836 seconds
Computing Block 428 out of 560
Processing Block size=2
begin cleaner{left: ("[FunctionalDependency:(s: {brewery_id}, t: {city})]", 0.0), operator: *, right: (1.0, 1.0), result: 0.0}
列 'p' 不存在，对列 city 不过滤，直接选择所有非无效值。
clean_bool length:3
newest best op: Uniop(df,'city','Portland ME',(['brewery_id'], {('266',)}),{left: ("[FunctionalDependency:(s: {brewery_id}, t: {city})]", 0.0), operator: *, right: (1.0, 1.0), result: 0.0})
now error: 0.0
Block processing time: 0.019659 seconds
Computing Block 430 out of 560
Processing Block size=3
begin cleaner{left: ("[FunctionalDependency:(s: {brewery_id}, t: {city})]", 0.0), operator: *, right: (1.0, 1.0), result: 0.0}
列 'p' 不存在，对列 city 不过滤，直接选择所有非无效值。
Block processing time: 0.008037 seconds
Computing Block 431 out of 560
Processing Block size=7
begin cleaner{left: ("[FunctionalDependency:(s: {brewery_id}, t: {city})]", 0.0), operator: *, right: (1.0, 1.0), result: 0.0}
列 'p' 不存在，对列 city 不过滤，直接选择所有非无效值。
Block processing time: 0.017519 seconds
Computing Block 432 out of 560
Processing Block size=2
begin cleaner{left: ("[FunctionalDependency:(s: {brewery_id}, t: {city})]", 0.0), operator: *, right: (1.0, 1.0), result: 0.0}
列 'p' 不存在，对列 city 不过滤，直接选择所有非无效值。
clean_bool length:3
newest best op: Uniop(df,'city','Edwards',(['brewery_id'], {('452',)}),{left: ("[FunctionalDependency:(s: {brewery_id}, t: {city})]", 0.0), operator: *, right: (1.0, 1.0), result: 0.0})
now error: 0.0
Block processing time: 0.018284 seconds
Computing Block 433 out of 560
Processing Block size=10
begin cleaner{left: ("[FunctionalDependency:(s: {brewery_id}, t: {city})]", 0.0), operator: *, right: (1.0, 1.0), result: 0.0}
列 'p' 不存在，对列 city 不过滤，直接选择所有非无效值。
clean_bool length:3
newest best op: Uniop(df,'city','Lake Barrington IL',(['brewery_id'], {('361',)}),{left: ("[FunctionalDependency:(s: {brewery_id}, t: {city})]", 0.0), operator: *, right: (1.0, 1.0), result: 0.0})
now error: 0.0
newest best op: Uniop(df,'city','Lake Barrington',(['brewery_id'], {('361',)}),{left: ("[FunctionalDependency:(s: {brewery_id}, t: {city})]", 0.0), operator: *, right: (1.0, 1.0), result: 0.0})
now error: 0.0
Block processing time: 0.076468 seconds
Computing Block 434 out of 560
Processing Block size=2
begin cleaner{left: ("[FunctionalDependency:(s: {brewery_id}, t: {city})]", 0.0), operator: *, right: (1.0, 1.0), result: 0.0}
列 'p' 不存在，对列 city 不过滤，直接选择所有非无效值。
Block processing time: 0.005355 seconds
Computing Block 436 out of 560
Processing Block size=12
begin cleaner{left: ("[FunctionalDependency:(s: {brewery_id}, t: {city})]", 0.0), operator: *, right: (1.0, 1.0), result: 0.0}
列 'p' 不存在，对列 city 不过滤，直接选择所有非无效值。
Block processing time: 0.02833 seconds
Computing Block 437 out of 560
Processing Block size=4
begin cleaner{left: ("[FunctionalDependency:(s: {brewery_id}, t: {city})]", 0.0), operator: *, right: (1.0, 1.0), result: 0.0}
列 'p' 不存在，对列 city 不过滤，直接选择所有非无效值。
Block processing time: 0.009922 seconds
Computing Block 438 out of 560
Processing Block size=4
begin cleaner{left: ("[FunctionalDependency:(s: {brewery_id}, t: {city})]", 0.0), operator: *, right: (1.0, 1.0), result: 0.0}
列 'p' 不存在，对列 city 不过滤，直接选择所有非无效值。
Block processing time: 0.010588 seconds
Computing Block 439 out of 560
Processing Block size=4
begin cleaner{left: ("[FunctionalDependency:(s: {brewery_id}, t: {city})]", 0.0), operator: *, right: (1.0, 1.0), result: 0.0}
列 'p' 不存在，对列 city 不过滤，直接选择所有非无效值。
Block processing time: 0.01024 seconds
Computing Block 440 out of 560
Processing Block size=2
begin cleaner{left: ("[FunctionalDependency:(s: {brewery_id}, t: {city})]", 0.0), operator: *, right: (1.0, 1.0), result: 0.0}
列 'p' 不存在，对列 city 不过滤，直接选择所有非无效值。
Block processing time: 0.005285 seconds
Computing Block 441 out of 560
Processing Block size=2
begin cleaner{left: ("[FunctionalDependency:(s: {brewery_id}, t: {city})]", 0.0), operator: *, right: (1.0, 1.0), result: 0.0}
列 'p' 不存在，对列 city 不过滤，直接选择所有非无效值。
Block processing time: 0.00532 seconds
Computing Block 442 out of 560
Processing Block size=5
begin cleaner{left: ("[FunctionalDependency:(s: {brewery_id}, t: {city})]", 0.0), operator: *, right: (1.0, 1.0), result: 0.0}
列 'p' 不存在，对列 city 不过滤，直接选择所有非无效值。
Block processing time: 0.012279 seconds
Computing Block 443 out of 560
Processing Block size=6
begin cleaner{left: ("[FunctionalDependency:(s: {brewery_id}, t: {city})]", 0.0), operator: *, right: (1.0, 1.0), result: 0.0}
列 'p' 不存在，对列 city 不过滤，直接选择所有非无效值。
clean_bool length:3
newest best op: Uniop(df,'city','Stevens Point',(['brewery_id'], {('32',)}),{left: ("[FunctionalDependency:(s: {brewery_id}, t: {city})]", 0.0), operator: *, right: (1.0, 1.0), result: 0.0})
now error: 0.0
Block processing time: 0.047595 seconds
Computing Block 445 out of 560
Processing Block size=6
begin cleaner{left: ("[FunctionalDependency:(s: {brewery_id}, t: {city})]", 0.0), operator: *, right: (1.0, 1.0), result: 0.0}
列 'p' 不存在，对列 city 不过滤，直接选择所有非无效值。
Block processing time: 0.014581 seconds
Computing Block 446 out of 560
Processing Block size=2
begin cleaner{left: ("[FunctionalDependency:(s: {brewery_id}, t: {city})]", 0.0), operator: *, right: (1.0, 1.0), result: 0.0}
列 'p' 不存在，对列 city 不过滤，直接选择所有非无效值。
Block processing time: 0.005333 seconds
Computing Block 448 out of 560
Processing Block size=6
begin cleaner{left: ("[FunctionalDependency:(s: {brewery_id}, t: {city})]", 0.0), operator: *, right: (1.0, 1.0), result: 0.0}
列 'p' 不存在，对列 city 不过滤，直接选择所有非无效值。
clean_bool length:3
newest best op: Uniop(df,'city','Denver',(['brewery_id'], {('110',)}),{left: ("[FunctionalDependency:(s: {brewery_id}, t: {city})]", 0.0), operator: *, right: (1.0, 1.0), result: 0.0})
now error: 0.0
Block processing time: 0.047305 seconds
Computing Block 449 out of 560
Processing Block size=4
begin cleaner{left: ("[FunctionalDependency:(s: {brewery_id}, t: {city})]", 0.0), operator: *, right: (1.0, 1.0), result: 0.0}
列 'p' 不存在，对列 city 不过滤，直接选择所有非无效值。
Block processing time: 0.010044 seconds
Computing Block 450 out of 560
Processing Block size=6
begin cleaner{left: ("[FunctionalDependency:(s: {brewery_id}, t: {city})]", 0.0), operator: *, right: (1.0, 1.0), result: 0.0}
列 'p' 不存在，对列 city 不过滤，直接选择所有非无效值。
Block processing time: 0.014574 seconds
Computing Block 451 out of 560
Processing Block size=6
begin cleaner{left: ("[FunctionalDependency:(s: {brewery_id}, t: {city})]", 0.0), operator: *, right: (1.0, 1.0), result: 0.0}
列 'p' 不存在，对列 city 不过滤，直接选择所有非无效值。
clean_bool length:3
newest best op: Uniop(df,'city','Portland OR',(['brewery_id'], {('387',)}),{left: ("[FunctionalDependency:(s: {brewery_id}, t: {city})]", 0.0), operator: *, right: (1.0, 1.0), result: 0.0})
now error: 0.0
newest best op: Uniop(df,'city','Portland',(['brewery_id'], {('387',)}),{left: ("[FunctionalDependency:(s: {brewery_id}, t: {city})]", 0.0), operator: *, right: (1.0, 1.0), result: 0.0})
now error: 0.0
Block processing time: 0.047395 seconds
Computing Block 452 out of 560
Processing Block size=6
begin cleaner{left: ("[FunctionalDependency:(s: {brewery_id}, t: {city})]", 0.0), operator: *, right: (1.0, 1.0), result: 0.0}
列 'p' 不存在，对列 city 不过滤，直接选择所有非无效值。
Block processing time: 0.014655 seconds
Computing Block 453 out of 560
Processing Block size=5
begin cleaner{left: ("[FunctionalDependency:(s: {brewery_id}, t: {city})]", 0.0), operator: *, right: (1.0, 1.0), result: 0.0}
列 'p' 不存在，对列 city 不过滤，直接选择所有非无效值。
Block processing time: 0.012273 seconds
Computing Block 454 out of 560
Processing Block size=4
begin cleaner{left: ("[FunctionalDependency:(s: {brewery_id}, t: {city})]", 0.0), operator: *, right: (1.0, 1.0), result: 0.0}
列 'p' 不存在，对列 city 不过滤，直接选择所有非无效值。
Block processing time: 0.009956 seconds
Computing Block 455 out of 560
Processing Block size=5
begin cleaner{left: ("[FunctionalDependency:(s: {brewery_id}, t: {city})]", 0.0), operator: *, right: (1.0, 1.0), result: 0.0}
列 'p' 不存在，对列 city 不过滤，直接选择所有非无效值。
Block processing time: 0.013107 seconds
Computing Block 456 out of 560
Processing Block size=2
begin cleaner{left: ("[FunctionalDependency:(s: {brewery_id}, t: {city})]", 0.0), operator: *, right: (1.0, 1.0), result: 0.0}
列 'p' 不存在，对列 city 不过滤，直接选择所有非无效值。
Block processing time: 0.005705 seconds
Computing Block 457 out of 560
Processing Block size=18
begin cleaner{left: ("[FunctionalDependency:(s: {brewery_id}, t: {city})]", 0.0), operator: *, right: (1.0, 1.0), result: 0.0}
列 'p' 不存在，对列 city 不过滤，直接选择所有非无效值。
Block processing time: 0.044593 seconds
Computing Block 459 out of 560
Processing Block size=14
begin cleaner{left: ("[FunctionalDependency:(s: {brewery_id}, t: {city})]", 0.0), operator: *, right: (1.0, 1.0), result: 0.0}
列 'p' 不存在，对列 city 不过滤，直接选择所有非无效值。
Block processing time: 0.033174 seconds
Computing Block 460 out of 560
Processing Block size=15
begin cleaner{left: ("[FunctionalDependency:(s: {brewery_id}, t: {city})]", 0.0), operator: *, right: (1.0, 1.0), result: 0.0}
列 'p' 不存在，对列 city 不过滤，直接选择所有非无效值。
clean_bool length:3
newest best op: Uniop(df,'city','Los Angeles',(['brewery_id'], {('240',)}),{left: ("[FunctionalDependency:(s: {brewery_id}, t: {city})]", 0.0), operator: *, right: (1.0, 1.0), result: 0.0})
now error: 0.0
Block processing time: 0.114595 seconds
Computing Block 461 out of 560
Processing Block size=7
begin cleaner{left: ("[FunctionalDependency:(s: {brewery_id}, t: {city})]", 0.0), operator: *, right: (1.0, 1.0), result: 0.0}
列 'p' 不存在，对列 city 不过滤，直接选择所有非无效值。
Block processing time: 0.017012 seconds
Computing Block 462 out of 560
Processing Block size=4
begin cleaner{left: ("[FunctionalDependency:(s: {brewery_id}, t: {city})]", 0.0), operator: *, right: (1.0, 1.0), result: 0.0}
列 'p' 不存在，对列 city 不过滤，直接选择所有非无效值。
clean_bool length:3
newest best op: Uniop(df,'city','Atlantic Highlands NJ',(['brewery_id'], {('222',)}),{left: ("[FunctionalDependency:(s: {brewery_id}, t: {city})]", 0.0), operator: *, right: (1.0, 1.0), result: 0.0})
now error: 0.0
newest best op: Uniop(df,'city','Atlantic Highlands',(['brewery_id'], {('222',)}),{left: ("[FunctionalDependency:(s: {brewery_id}, t: {city})]", 0.0), operator: *, right: (1.0, 1.0), result: 0.0})
now error: 0.0
Block processing time: 0.034455 seconds
Computing Block 463 out of 560
Processing Block size=4
begin cleaner{left: ("[FunctionalDependency:(s: {brewery_id}, t: {city})]", 0.0), operator: *, right: (1.0, 1.0), result: 0.0}
列 'p' 不存在，对列 city 不过滤，直接选择所有非无效值。
Block processing time: 0.010015 seconds
Computing Block 464 out of 560
Processing Block size=2
begin cleaner{left: ("[FunctionalDependency:(s: {brewery_id}, t: {city})]", 0.0), operator: *, right: (1.0, 1.0), result: 0.0}
列 'p' 不存在，对列 city 不过滤，直接选择所有非无效值。
Block processing time: 0.005337 seconds
Computing Block 465 out of 560
Processing Block size=12
begin cleaner{left: ("[FunctionalDependency:(s: {brewery_id}, t: {city})]", 0.0), operator: *, right: (1.0, 1.0), result: 0.0}
列 'p' 不存在，对列 city 不过滤，直接选择所有非无效值。
Block processing time: 0.028766 seconds
Computing Block 466 out of 560
Processing Block size=25
begin cleaner{left: ("[FunctionalDependency:(s: {brewery_id}, t: {city})]", 0.0), operator: *, right: (1.0, 1.0), result: 0.0}
列 'p' 不存在，对列 city 不过滤，直接选择所有非无效值。
clean_bool length:3
newest best op: Uniop(df,'city','Tampa',(['brewery_id'], {('141',)}),{left: ("[FunctionalDependency:(s: {brewery_id}, t: {city})]", 0.0), operator: *, right: (1.0, 1.0), result: 0.0})
now error: 0.0
Block processing time: 0.187197 seconds
Computing Block 468 out of 560
Processing Block size=3
begin cleaner{left: ("[FunctionalDependency:(s: {brewery_id}, t: {city})]", 0.0), operator: *, right: (1.0, 1.0), result: 0.0}
列 'p' 不存在，对列 city 不过滤，直接选择所有非无效值。
clean_bool length:3
newest best op: Uniop(df,'city','Brooklyn',(['brewery_id'], {('342',)}),{left: ("[FunctionalDependency:(s: {brewery_id}, t: {city})]", 0.0), operator: *, right: (1.0, 1.0), result: 0.0})
now error: 0.0
Block processing time: 0.025888 seconds
Computing Block 470 out of 560
Processing Block size=2
begin cleaner{left: ("[FunctionalDependency:(s: {brewery_id}, t: {city})]", 0.0), operator: *, right: (1.0, 1.0), result: 0.0}
列 'p' 不存在，对列 city 不过滤，直接选择所有非无效值。
Block processing time: 0.005336 seconds
Computing Block 471 out of 560
Processing Block size=3
begin cleaner{left: ("[FunctionalDependency:(s: {brewery_id}, t: {city})]", 0.0), operator: *, right: (1.0, 1.0), result: 0.0}
列 'p' 不存在，对列 city 不过滤，直接选择所有非无效值。
Block processing time: 0.007605 seconds
Computing Block 473 out of 560
Processing Block size=4
begin cleaner{left: ("[FunctionalDependency:(s: {brewery_id}, t: {city})]", 0.0), operator: *, right: (1.0, 1.0), result: 0.0}
列 'p' 不存在，对列 city 不过滤，直接选择所有非无效值。
clean_bool length:3
newest best op: Uniop(df,'city','Nellysford',(['brewery_id'], {('181',)}),{left: ("[FunctionalDependency:(s: {brewery_id}, t: {city})]", 0.0), operator: *, right: (1.0, 1.0), result: 0.0})
now error: 0.0
Block processing time: 0.033292 seconds
Computing Block 474 out of 560
Processing Block size=4
begin cleaner{left: ("[FunctionalDependency:(s: {brewery_id}, t: {city})]", 0.0), operator: *, right: (1.0, 1.0), result: 0.0}
列 'p' 不存在，对列 city 不过滤，直接选择所有非无效值。
Block processing time: 0.010103 seconds
Computing Block 476 out of 560
Processing Block size=2
begin cleaner{left: ("[FunctionalDependency:(s: {brewery_id}, t: {city})]", 0.0), operator: *, right: (1.0, 1.0), result: 0.0}
列 'p' 不存在，对列 city 不过滤，直接选择所有非无效值。
Block processing time: 0.005312 seconds
Computing Block 477 out of 560
Processing Block size=3
begin cleaner{left: ("[FunctionalDependency:(s: {brewery_id}, t: {city})]", 0.0), operator: *, right: (1.0, 1.0), result: 0.0}
列 'p' 不存在，对列 city 不过滤，直接选择所有非无效值。
Block processing time: 0.00758 seconds
Computing Block 478 out of 560
Processing Block size=2
begin cleaner{left: ("[FunctionalDependency:(s: {brewery_id}, t: {city})]", 0.0), operator: *, right: (1.0, 1.0), result: 0.0}
列 'p' 不存在，对列 city 不过滤，直接选择所有非无效值。
Block processing time: 0.005343 seconds
Computing Block 479 out of 560
Processing Block size=2
begin cleaner{left: ("[FunctionalDependency:(s: {brewery_id}, t: {city})]", 0.0), operator: *, right: (1.0, 1.0), result: 0.0}
列 'p' 不存在，对列 city 不过滤，直接选择所有非无效值。
Block processing time: 0.005243 seconds
Computing Block 480 out of 560
Processing Block size=2
begin cleaner{left: ("[FunctionalDependency:(s: {brewery_id}, t: {city})]", 0.0), operator: *, right: (1.0, 1.0), result: 0.0}
列 'p' 不存在，对列 city 不过滤，直接选择所有非无效值。
Block processing time: 0.005244 seconds
Computing Block 481 out of 560
Processing Block size=3
begin cleaner{left: ("[FunctionalDependency:(s: {brewery_id}, t: {city})]", 0.0), operator: *, right: (1.0, 1.0), result: 0.0}
列 'p' 不存在，对列 city 不过滤，直接选择所有非无效值。
clean_bool length:3
newest best op: Uniop(df,'city','Buellton',(['brewery_id'], {('36',)}),{left: ("[FunctionalDependency:(s: {brewery_id}, t: {city})]", 0.0), operator: *, right: (1.0, 1.0), result: 0.0})
now error: 0.0
Block processing time: 0.025499 seconds
Computing Block 483 out of 560
Processing Block size=2
begin cleaner{left: ("[FunctionalDependency:(s: {brewery_id}, t: {city})]", 0.0), operator: *, right: (1.0, 1.0), result: 0.0}
列 'p' 不存在，对列 city 不过滤，直接选择所有非无效值。
Block processing time: 0.005348 seconds
Computing Block 484 out of 560
Processing Block size=2
begin cleaner{left: ("[FunctionalDependency:(s: {brewery_id}, t: {city})]", 0.0), operator: *, right: (1.0, 1.0), result: 0.0}
列 'p' 不存在，对列 city 不过滤，直接选择所有非无效值。
Block processing time: 0.005217 seconds
Computing Block 485 out of 560
Processing Block size=2
begin cleaner{left: ("[FunctionalDependency:(s: {brewery_id}, t: {city})]", 0.0), operator: *, right: (1.0, 1.0), result: 0.0}
列 'p' 不存在，对列 city 不过滤，直接选择所有非无效值。
Block processing time: 0.005465 seconds
Computing Block 486 out of 560
Processing Block size=14
begin cleaner{left: ("[FunctionalDependency:(s: {brewery_id}, t: {city})]", 0.0), operator: *, right: (1.0, 1.0), result: 0.0}
列 'p' 不存在，对列 city 不过滤，直接选择所有非无效值。
clean_bool length:3
newest best op: Uniop(df,'city','Conroe TX',(['brewery_id'], {('118',)}),{left: ("[FunctionalDependency:(s: {brewery_id}, t: {city})]", 0.0), operator: *, right: (1.0, 1.0), result: 0.0})
now error: 0.0
newest best op: Uniop(df,'city','Conroe',(['brewery_id'], {('118',)}),{left: ("[FunctionalDependency:(s: {brewery_id}, t: {city})]", 0.0), operator: *, right: (1.0, 1.0), result: 0.0})
now error: 0.0
Block processing time: 0.104948 seconds
Computing Block 487 out of 560
Processing Block size=2
begin cleaner{left: ("[FunctionalDependency:(s: {brewery_id}, t: {city})]", 0.0), operator: *, right: (1.0, 1.0), result: 0.0}
列 'p' 不存在，对列 city 不过滤，直接选择所有非无效值。
Block processing time: 0.005345 seconds
Computing Block 489 out of 560
Processing Block size=8
begin cleaner{left: ("[FunctionalDependency:(s: {brewery_id}, t: {city})]", 0.0), operator: *, right: (1.0, 1.0), result: 0.0}
列 'p' 不存在，对列 city 不过滤，直接选择所有非无效值。
Block processing time: 0.019294 seconds
Computing Block 491 out of 560
Processing Block size=7
begin cleaner{left: ("[FunctionalDependency:(s: {brewery_id}, t: {city})]", 0.0), operator: *, right: (1.0, 1.0), result: 0.0}
列 'p' 不存在，对列 city 不过滤，直接选择所有非无效值。
Block processing time: 0.016928 seconds
Computing Block 492 out of 560
Processing Block size=3
begin cleaner{left: ("[FunctionalDependency:(s: {brewery_id}, t: {city})]", 0.0), operator: *, right: (1.0, 1.0), result: 0.0}
列 'p' 不存在，对列 city 不过滤，直接选择所有非无效值。
Block processing time: 0.007673 seconds
Computing Block 493 out of 560
Processing Block size=8
begin cleaner{left: ("[FunctionalDependency:(s: {brewery_id}, t: {city})]", 0.0), operator: *, right: (1.0, 1.0), result: 0.0}
列 'p' 不存在，对列 city 不过滤，直接选择所有非无效值。
Block processing time: 0.020375 seconds
Computing Block 494 out of 560
Processing Block size=23
begin cleaner{left: ("[FunctionalDependency:(s: {brewery_id}, t: {city})]", 0.0), operator: *, right: (1.0, 1.0), result: 0.0}
列 'p' 不存在，对列 city 不过滤，直接选择所有非无效值。
clean_bool length:3
newest best op: Uniop(df,'city','Portland OR',(['brewery_id'], {('80',)}),{left: ("[FunctionalDependency:(s: {brewery_id}, t: {city})]", 0.0), operator: *, right: (1.0, 1.0), result: 0.0})
now error: 0.0
newest best op: Uniop(df,'city','Portland',(['brewery_id'], {('80',)}),{left: ("[FunctionalDependency:(s: {brewery_id}, t: {city})]", 0.0), operator: *, right: (1.0, 1.0), result: 0.0})
now error: 0.0
Block processing time: 0.174135 seconds
Computing Block 495 out of 560
Processing Block size=5
begin cleaner{left: ("[FunctionalDependency:(s: {brewery_id}, t: {city})]", 0.0), operator: *, right: (1.0, 1.0), result: 0.0}
列 'p' 不存在，对列 city 不过滤，直接选择所有非无效值。
clean_bool length:3
newest best op: Uniop(df,'city','Hershey',(['brewery_id'], {('97',)}),{left: ("[FunctionalDependency:(s: {brewery_id}, t: {city})]", 0.0), operator: *, right: (1.0, 1.0), result: 0.0})
now error: 0.0
Block processing time: 0.040397 seconds
Computing Block 496 out of 560
Processing Block size=2
begin cleaner{left: ("[FunctionalDependency:(s: {brewery_id}, t: {city})]", 0.0), operator: *, right: (1.0, 1.0), result: 0.0}
列 'p' 不存在，对列 city 不过滤，直接选择所有非无效值。
clean_bool length:3
newest best op: Uniop(df,'city','Cambridge MA',(['brewery_id'], {('178',)}),{left: ("[FunctionalDependency:(s: {brewery_id}, t: {city})]", 0.0), operator: *, right: (1.0, 1.0), result: 0.0})
now error: 0.0
Block processing time: 0.018632 seconds
Computing Block 497 out of 560
Processing Block size=2
begin cleaner{left: ("[FunctionalDependency:(s: {brewery_id}, t: {city})]", 0.0), operator: *, right: (1.0, 1.0), result: 0.0}
列 'p' 不存在，对列 city 不过滤，直接选择所有非无效值。
Block processing time: 0.005385 seconds
Computing Block 498 out of 560
Processing Block size=4
begin cleaner{left: ("[FunctionalDependency:(s: {brewery_id}, t: {city})]", 0.0), operator: *, right: (1.0, 1.0), result: 0.0}
列 'p' 不存在，对列 city 不过滤，直接选择所有非无效值。
Block processing time: 0.009905 seconds
Computing Block 499 out of 560
Processing Block size=3
begin cleaner{left: ("[FunctionalDependency:(s: {brewery_id}, t: {city})]", 0.0), operator: *, right: (1.0, 1.0), result: 0.0}
列 'p' 不存在，对列 city 不过滤，直接选择所有非无效值。
Block processing time: 0.00763 seconds
Computing Block 501 out of 560
Processing Block size=4
begin cleaner{left: ("[FunctionalDependency:(s: {brewery_id}, t: {city})]", 0.0), operator: *, right: (1.0, 1.0), result: 0.0}
列 'p' 不存在，对列 city 不过滤，直接选择所有非无效值。
Block processing time: 0.009953 seconds
Computing Block 504 out of 560
Processing Block size=2
begin cleaner{left: ("[FunctionalDependency:(s: {brewery_id}, t: {city})]", 0.0), operator: *, right: (1.0, 1.0), result: 0.0}
列 'p' 不存在，对列 city 不过滤，直接选择所有非无效值。
Block processing time: 0.005315 seconds
Computing Block 505 out of 560
Processing Block size=4
begin cleaner{left: ("[FunctionalDependency:(s: {brewery_id}, t: {city})]", 0.0), operator: *, right: (1.0, 1.0), result: 0.0}
列 'p' 不存在，对列 city 不过滤，直接选择所有非无效值。
clean_bool length:3
newest best op: Uniop(df,'city','Belmont CA',(['brewery_id'], {('491',)}),{left: ("[FunctionalDependency:(s: {brewery_id}, t: {city})]", 0.0), operator: *, right: (1.0, 1.0), result: 0.0})
now error: 0.0
newest best op: Uniop(df,'city','Belmont',(['brewery_id'], {('491',)}),{left: ("[FunctionalDependency:(s: {brewery_id}, t: {city})]", 0.0), operator: *, right: (1.0, 1.0), result: 0.0})
now error: 0.0
Block processing time: 0.035176 seconds
Computing Block 507 out of 560
Processing Block size=4
begin cleaner{left: ("[FunctionalDependency:(s: {brewery_id}, t: {city})]", 0.0), operator: *, right: (1.0, 1.0), result: 0.0}
列 'p' 不存在，对列 city 不过滤，直接选择所有非无效值。
clean_bool length:3
newest best op: Uniop(df,'city','Denver',(['brewery_id'], {('391',)}),{left: ("[FunctionalDependency:(s: {brewery_id}, t: {city})]", 0.0), operator: *, right: (1.0, 1.0), result: 0.0})
now error: 0.0
Block processing time: 0.032792 seconds
Computing Block 508 out of 560
Processing Block size=2
begin cleaner{left: ("[FunctionalDependency:(s: {brewery_id}, t: {city})]", 0.0), operator: *, right: (1.0, 1.0), result: 0.0}
列 'p' 不存在，对列 city 不过滤，直接选择所有非无效值。
Block processing time: 0.005335 seconds
Computing Block 509 out of 560
Processing Block size=4
begin cleaner{left: ("[FunctionalDependency:(s: {brewery_id}, t: {city})]", 0.0), operator: *, right: (1.0, 1.0), result: 0.0}
列 'p' 不存在，对列 city 不过滤，直接选择所有非无效值。
Block processing time: 0.009822 seconds
Computing Block 511 out of 560
Processing Block size=3
begin cleaner{left: ("[FunctionalDependency:(s: {brewery_id}, t: {city})]", 0.0), operator: *, right: (1.0, 1.0), result: 0.0}
列 'p' 不存在，对列 city 不过滤，直接选择所有非无效值。
Block processing time: 0.007634 seconds
Computing Block 512 out of 560
Processing Block size=3
begin cleaner{left: ("[FunctionalDependency:(s: {brewery_id}, t: {city})]", 0.0), operator: *, right: (1.0, 1.0), result: 0.0}
列 'p' 不存在，对列 city 不过滤，直接选择所有非无效值。
Block processing time: 0.007613 seconds
Computing Block 513 out of 560
Processing Block size=12
begin cleaner{left: ("[FunctionalDependency:(s: {brewery_id}, t: {city})]", 0.0), operator: *, right: (1.0, 1.0), result: 0.0}
列 'p' 不存在，对列 city 不过滤，直接选择所有非无效值。
clean_bool length:3
newest best op: Uniop(df,'city','Boston',(['brewery_id'], {('234',)}),{left: ("[FunctionalDependency:(s: {brewery_id}, t: {city})]", 0.0), operator: *, right: (1.0, 1.0), result: 0.0})
now error: 0.0
Block processing time: 0.090417 seconds
Computing Block 514 out of 560
Processing Block size=8
begin cleaner{left: ("[FunctionalDependency:(s: {brewery_id}, t: {city})]", 0.0), operator: *, right: (1.0, 1.0), result: 0.0}
列 'p' 不存在，对列 city 不过滤，直接选择所有非无效值。
Block processing time: 0.019343 seconds
Computing Block 517 out of 560
Processing Block size=2
begin cleaner{left: ("[FunctionalDependency:(s: {brewery_id}, t: {city})]", 0.0), operator: *, right: (1.0, 1.0), result: 0.0}
列 'p' 不存在，对列 city 不过滤，直接选择所有非无效值。
clean_bool length:3
newest best op: Uniop(df,'city','North Woodstock',(['brewery_id'], {('109',)}),{left: ("[FunctionalDependency:(s: {brewery_id}, t: {city})]", 0.0), operator: *, right: (1.0, 1.0), result: 0.0})
now error: 0.0
Block processing time: 0.018661 seconds
Computing Block 519 out of 560
Processing Block size=3
begin cleaner{left: ("[FunctionalDependency:(s: {brewery_id}, t: {city})]", 0.0), operator: *, right: (1.0, 1.0), result: 0.0}
列 'p' 不存在，对列 city 不过滤，直接选择所有非无效值。
clean_bool length:3
newest best op: Uniop(df,'city','Asheville',(['brewery_id'], {('528',)}),{left: ("[FunctionalDependency:(s: {brewery_id}, t: {city})]", 0.0), operator: *, right: (1.0, 1.0), result: 0.0})
now error: 0.0
Block processing time: 0.025704 seconds
Computing Block 520 out of 560
Processing Block size=18
begin cleaner{left: ("[FunctionalDependency:(s: {brewery_id}, t: {city})]", 0.0), operator: *, right: (1.0, 1.0), result: 0.0}
列 'p' 不存在，对列 city 不过滤，直接选择所有非无效值。
clean_bool length:3
newest best op: Uniop(df,'city','Manhattan',(['brewery_id'], {('45',)}),{left: ("[FunctionalDependency:(s: {brewery_id}, t: {city})]", 0.0), operator: *, right: (1.0, 1.0), result: 0.0})
now error: 0.0
Block processing time: 0.140121 seconds
Computing Block 523 out of 560
Processing Block size=5
begin cleaner{left: ("[FunctionalDependency:(s: {brewery_id}, t: {city})]", 0.0), operator: *, right: (1.0, 1.0), result: 0.0}
列 'p' 不存在，对列 city 不过滤，直接选择所有非无效值。
Block processing time: 0.012524 seconds
Computing Block 524 out of 560
Processing Block size=6
begin cleaner{left: ("[FunctionalDependency:(s: {brewery_id}, t: {city})]", 0.0), operator: *, right: (1.0, 1.0), result: 0.0}
列 'p' 不存在，对列 city 不过滤，直接选择所有非无效值。
Block processing time: 0.014535 seconds
Computing Block 525 out of 560
Processing Block size=12
begin cleaner{left: ("[FunctionalDependency:(s: {brewery_id}, t: {city})]", 0.0), operator: *, right: (1.0, 1.0), result: 0.0}
列 'p' 不存在，对列 city 不过滤，直接选择所有非无效值。
clean_bool length:3
newest best op: Uniop(df,'city','Durango',(['brewery_id'], {('264',)}),{left: ("[FunctionalDependency:(s: {brewery_id}, t: {city})]", 0.0), operator: *, right: (1.0, 1.0), result: 0.0})
now error: 0.0
Block processing time: 0.08963 seconds
Computing Block 526 out of 560
Processing Block size=5
begin cleaner{left: ("[FunctionalDependency:(s: {brewery_id}, t: {city})]", 0.0), operator: *, right: (1.0, 1.0), result: 0.0}
列 'p' 不存在，对列 city 不过滤，直接选择所有非无效值。
Block processing time: 0.012413 seconds
Computing Block 527 out of 560
Processing Block size=5
begin cleaner{left: ("[FunctionalDependency:(s: {brewery_id}, t: {city})]", 0.0), operator: *, right: (1.0, 1.0), result: 0.0}
列 'p' 不存在，对列 city 不过滤，直接选择所有非无效值。
clean_bool length:3
newest best op: Uniop(df,'city','Chicago',(['brewery_id'], {('88',)}),{left: ("[FunctionalDependency:(s: {brewery_id}, t: {city})]", 0.0), operator: *, right: (1.0, 1.0), result: 0.0})
now error: 0.0
Block processing time: 0.043503 seconds
Computing Block 528 out of 560
Processing Block size=5
begin cleaner{left: ("[FunctionalDependency:(s: {brewery_id}, t: {city})]", 0.0), operator: *, right: (1.0, 1.0), result: 0.0}
列 'p' 不存在，对列 city 不过滤，直接选择所有非无效值。
clean_bool length:3
newest best op: Uniop(df,'city','Helena MT',(['brewery_id'], {('537',)}),{left: ("[FunctionalDependency:(s: {brewery_id}, t: {city})]", 0.0), operator: *, right: (1.0, 1.0), result: 0.0})
now error: 0.0
newest best op: Uniop(df,'city','Helena',(['brewery_id'], {('537',)}),{left: ("[FunctionalDependency:(s: {brewery_id}, t: {city})]", 0.0), operator: *, right: (1.0, 1.0), result: 0.0})
now error: 0.0
Block processing time: 0.043239 seconds
Computing Block 529 out of 560
Processing Block size=3
begin cleaner{left: ("[FunctionalDependency:(s: {brewery_id}, t: {city})]", 0.0), operator: *, right: (1.0, 1.0), result: 0.0}
列 'p' 不存在，对列 city 不过滤，直接选择所有非无效值。
clean_bool length:3
newest best op: Uniop(df,'city','Mill Valley',(['brewery_id'], {('280',)}),{left: ("[FunctionalDependency:(s: {brewery_id}, t: {city})]", 0.0), operator: *, right: (1.0, 1.0), result: 0.0})
now error: 0.0
Block processing time: 0.02574 seconds
Computing Block 530 out of 560
Processing Block size=2
begin cleaner{left: ("[FunctionalDependency:(s: {brewery_id}, t: {city})]", 0.0), operator: *, right: (1.0, 1.0), result: 0.0}
列 'p' 不存在，对列 city 不过滤，直接选择所有非无效值。
Block processing time: 0.005341 seconds
Computing Block 534 out of 560
Processing Block size=3
begin cleaner{left: ("[FunctionalDependency:(s: {brewery_id}, t: {city})]", 0.0), operator: *, right: (1.0, 1.0), result: 0.0}
列 'p' 不存在，对列 city 不过滤，直接选择所有非无效值。
Block processing time: 0.007665 seconds
Computing Block 535 out of 560
Processing Block size=3
begin cleaner{left: ("[FunctionalDependency:(s: {brewery_id}, t: {city})]", 0.0), operator: *, right: (1.0, 1.0), result: 0.0}
列 'p' 不存在，对列 city 不过滤，直接选择所有非无效值。
Block processing time: 0.007566 seconds
Computing Block 536 out of 560
Processing Block size=3
begin cleaner{left: ("[FunctionalDependency:(s: {brewery_id}, t: {city})]", 0.0), operator: *, right: (1.0, 1.0), result: 0.0}
列 'p' 不存在，对列 city 不过滤，直接选择所有非无效值。
Block processing time: 0.007591 seconds
Computing Block 537 out of 560
Processing Block size=7
begin cleaner{left: ("[FunctionalDependency:(s: {brewery_id}, t: {city})]", 0.0), operator: *, right: (1.0, 1.0), result: 0.0}
列 'p' 不存在，对列 city 不过滤，直接选择所有非无效值。
clean_bool length:3
newest best op: Uniop(df,'city','Bloomington IL',(['brewery_id'], {('57',)}),{left: ("[FunctionalDependency:(s: {brewery_id}, t: {city})]", 0.0), operator: *, right: (1.0, 1.0), result: 0.0})
now error: 0.0
newest best op: Uniop(df,'city','Bloomington',(['brewery_id'], {('57',)}),{left: ("[FunctionalDependency:(s: {brewery_id}, t: {city})]", 0.0), operator: *, right: (1.0, 1.0), result: 0.0})
now error: 0.0
Block processing time: 0.058943 seconds
Computing Block 538 out of 560
Processing Block size=3
begin cleaner{left: ("[FunctionalDependency:(s: {brewery_id}, t: {city})]", 0.0), operator: *, right: (1.0, 1.0), result: 0.0}
列 'p' 不存在，对列 city 不过滤，直接选择所有非无效值。
Block processing time: 0.007651 seconds
Computing Block 539 out of 560
Processing Block size=2
begin cleaner{left: ("[FunctionalDependency:(s: {brewery_id}, t: {city})]", 0.0), operator: *, right: (1.0, 1.0), result: 0.0}
列 'p' 不存在，对列 city 不过滤，直接选择所有非无效值。
Block processing time: 0.005267 seconds
Computing Block 540 out of 560
Processing Block size=3
begin cleaner{left: ("[FunctionalDependency:(s: {brewery_id}, t: {city})]", 0.0), operator: *, right: (1.0, 1.0), result: 0.0}
列 'p' 不存在，对列 city 不过滤，直接选择所有非无效值。
Block processing time: 0.007652 seconds
Computing Block 542 out of 560
Processing Block size=3
begin cleaner{left: ("[FunctionalDependency:(s: {brewery_id}, t: {city})]", 0.0), operator: *, right: (1.0, 1.0), result: 0.0}
列 'p' 不存在，对列 city 不过滤，直接选择所有非无效值。
Block processing time: 0.008097 seconds
Computing Block 543 out of 560
Processing Block size=2
begin cleaner{left: ("[FunctionalDependency:(s: {brewery_id}, t: {city})]", 0.0), operator: *, right: (1.0, 1.0), result: 0.0}
列 'p' 不存在，对列 city 不过滤，直接选择所有非无效值。
Block processing time: 0.005639 seconds
Computing Block 544 out of 560
Processing Block size=7
begin cleaner{left: ("[FunctionalDependency:(s: {brewery_id}, t: {city})]", 0.0), operator: *, right: (1.0, 1.0), result: 0.0}
列 'p' 不存在，对列 city 不过滤，直接选择所有非无效值。
Block processing time: 0.017354 seconds
Computing Block 546 out of 560
Processing Block size=4
begin cleaner{left: ("[FunctionalDependency:(s: {brewery_id}, t: {city})]", 0.0), operator: *, right: (1.0, 1.0), result: 0.0}
列 'p' 不存在，对列 city 不过滤，直接选择所有非无效值。
clean_bool length:3
newest best op: Uniop(df,'city','York',(['brewery_id'], {('298',)}),{left: ("[FunctionalDependency:(s: {brewery_id}, t: {city})]", 0.0), operator: *, right: (1.0, 1.0), result: 0.0})
now error: 0.0
Block processing time: 0.032677 seconds
Computing Block 548 out of 560
Processing Block size=4
begin cleaner{left: ("[FunctionalDependency:(s: {brewery_id}, t: {city})]", 0.0), operator: *, right: (1.0, 1.0), result: 0.0}
列 'p' 不存在，对列 city 不过滤，直接选择所有非无效值。
Block processing time: 0.00996 seconds
Computing Block 549 out of 560
Processing Block size=2
begin cleaner{left: ("[FunctionalDependency:(s: {brewery_id}, t: {city})]", 0.0), operator: *, right: (1.0, 1.0), result: 0.0}
列 'p' 不存在，对列 city 不过滤，直接选择所有非无效值。
Block processing time: 0.005252 seconds
Computing Block 550 out of 560
Processing Block size=3
begin cleaner{left: ("[FunctionalDependency:(s: {brewery_id}, t: {city})]", 0.0), operator: *, right: (1.0, 1.0), result: 0.0}
列 'p' 不存在，对列 city 不过滤，直接选择所有非无效值。
Block processing time: 0.007758 seconds
Computing Block 551 out of 560
Processing Block size=3
begin cleaner{left: ("[FunctionalDependency:(s: {brewery_id}, t: {city})]", 0.0), operator: *, right: (1.0, 1.0), result: 0.0}
列 'p' 不存在，对列 city 不过滤，直接选择所有非无效值。
Block processing time: 0.007615 seconds
Computing Block 552 out of 560
Processing Block size=6
begin cleaner{left: ("[FunctionalDependency:(s: {brewery_id}, t: {city})]", 0.0), operator: *, right: (1.0, 1.0), result: 0.0}
列 'p' 不存在，对列 city 不过滤，直接选择所有非无效值。
Block processing time: 0.01455 seconds
Computing Block 553 out of 560
Processing Block size=2
begin cleaner{left: ("[FunctionalDependency:(s: {brewery_id}, t: {city})]", 0.0), operator: *, right: (1.0, 1.0), result: 0.0}
列 'p' 不存在，对列 city 不过滤，直接选择所有非无效值。
Block processing time: 0.005281 seconds
Computing Block 554 out of 560
Processing Block size=8
begin cleaner{left: ("[FunctionalDependency:(s: {brewery_id}, t: {city})]", 0.0), operator: *, right: (1.0, 1.0), result: 0.0}
列 'p' 不存在，对列 city 不过滤，直接选择所有非无效值。
Block processing time: 0.019363 seconds
Computing Block 556 out of 560
Processing Block size=2WARNING:root:No partitioning rule specified, processing might be slow

begin cleaner{left: ("[FunctionalDependency:(s: {brewery_id}, t: {city})]", 0.0), operator: *, right: (1.0, 1.0), result: 0.0}
列 'p' 不存在，对列 city 不过滤，直接选择所有非无效值。
Block processing time: 0.005256 seconds
Computing Block 557 out of 560
Processing Block size=4
begin cleaner{left: ("[FunctionalDependency:(s: {brewery_id}, t: {city})]", 0.0), operator: *, right: (1.0, 1.0), result: 0.0}
列 'p' 不存在，对列 city 不过滤，直接选择所有非无效值。
Block processing time: 0.010049 seconds
Computing Block 559 out of 560
Processing Block size=13
begin cleaner{left: ("[FunctionalDependency:(s: {brewery_id}, t: {city})]", 0.0), operator: *, right: (1.0, 1.0), result: 0.0}
列 'p' 不存在，对列 city 不过滤，直接选择所有非无效值。
clean_bool length:3
newest best op: Uniop(df,'city','Lyons CO',(['brewery_id'], {('503',)}),{left: ("[FunctionalDependency:(s: {brewery_id}, t: {city})]", 0.0), operator: *, right: (1.0, 1.0), result: 0.0})
now error: 0.0
newest best op: Uniop(df,'city','Lyons',(['brewery_id'], {('503',)}),{left: ("[FunctionalDependency:(s: {brewery_id}, t: {city})]", 0.0), operator: *, right: (1.0, 1.0), result: 0.0})
now error: 0.0
Block processing time: 0.098771 seconds
Computing Block 560 out of 560
Processing Block size=7
begin cleaner{left: ("[FunctionalDependency:(s: {brewery_id}, t: {city})]", 0.0), operator: *, right: (1.0, 1.0), result: 0.0}
列 'p' 不存在，对列 city 不过滤，直接选择所有非无效值。
Block processing time: 0.017054 seconds
  当前节点: city 有 103 个清洗操作
  当前节点: state 存在可用清洗信号
数据块大小: 2410
分块属性:
[['brewery_id']]
Starting initial block mapping...
Initial number of blocks: 560
Final number of blocks after further splitting: 560
Computing Block 1 out of 560
Processing Block size=8
begin cleaner[FunctionalDependency:(s: {'brewery_id'}, t: {'state'})]*1.0
列 'p' 不存在，对列 state 不过滤，直接选择所有非无效值。
Block processing time: 0.022139 seconds
Computing Block 2 out of 560
Processing Block size=5
begin cleaner{left: ("[FunctionalDependency:(s: {brewery_id}, t: {state})]", 0.0), operator: *, right: (1.0, 1.0), result: 0.0}
列 'p' 不存在，对列 state 不过滤，直接选择所有非无效值。
Block processing time: 0.012368 seconds
Computing Block 3 out of 560
Processing Block size=19
begin cleaner{left: ("[FunctionalDependency:(s: {brewery_id}, t: {state})]", 0.0), operator: *, right: (1.0, 1.0), result: 0.0}
列 'p' 不存在，对列 state 不过滤，直接选择所有非无效值。
clean_bool length:2
newest best op: Uniop(df,'state','AZ',(['brewery_id'], {('30',)}),{left: ("[FunctionalDependency:(s: {brewery_id}, t: {state})]", 0.0), operator: *, right: (1.0, 1.0), result: 0.0})
now error: 0.0
Block processing time: 0.091684 seconds
Computing Block 4 out of 560
Processing Block size=2
begin cleaner{left: ("[FunctionalDependency:(s: {brewery_id}, t: {state})]", 0.0), operator: *, right: (1.0, 1.0), result: 0.0}
列 'p' 不存在，对列 state 不过滤，直接选择所有非无效值。
Block processing time: 0.00539 seconds
Computing Block 5 out of 560
Processing Block size=4
begin cleaner{left: ("[FunctionalDependency:(s: {brewery_id}, t: {state})]", 0.0), operator: *, right: (1.0, 1.0), result: 0.0}
列 'p' 不存在，对列 state 不过滤，直接选择所有非无效值。
Block processing time: 0.009921 seconds
Computing Block 6 out of 560
Processing Block size=2
begin cleaner{left: ("[FunctionalDependency:(s: {brewery_id}, t: {state})]", 0.0), operator: *, right: (1.0, 1.0), result: 0.0}
列 'p' 不存在，对列 state 不过滤，直接选择所有非无效值。
Block processing time: 0.005253 seconds
Computing Block 7 out of 560
Processing Block size=4
begin cleaner{left: ("[FunctionalDependency:(s: {brewery_id}, t: {state})]", 0.0), operator: *, right: (1.0, 1.0), result: 0.0}
列 'p' 不存在，对列 state 不过滤，直接选择所有非无效值。
Block processing time: 0.009972 seconds
Computing Block 8 out of 560
Processing Block size=2
begin cleaner{left: ("[FunctionalDependency:(s: {brewery_id}, t: {state})]", 0.0), operator: *, right: (1.0, 1.0), result: 0.0}
列 'p' 不存在，对列 state 不过滤，直接选择所有非无效值。
Block processing time: 0.005308 seconds
Computing Block 11 out of 560
Processing Block size=6
begin cleaner{left: ("[FunctionalDependency:(s: {brewery_id}, t: {state})]", 0.0), operator: *, right: (1.0, 1.0), result: 0.0}
列 'p' 不存在，对列 state 不过滤，直接选择所有非无效值。
Block processing time: 0.014596 seconds
Computing Block 12 out of 560
Processing Block size=3
begin cleaner{left: ("[FunctionalDependency:(s: {brewery_id}, t: {state})]", 0.0), operator: *, right: (1.0, 1.0), result: 0.0}
列 'p' 不存在，对列 state 不过滤，直接选择所有非无效值。
Block processing time: 0.007621 seconds
Computing Block 15 out of 560
Processing Block size=5
begin cleaner{left: ("[FunctionalDependency:(s: {brewery_id}, t: {state})]", 0.0), operator: *, right: (1.0, 1.0), result: 0.0}
列 'p' 不存在，对列 state 不过滤，直接选择所有非无效值。
clean_bool length:2
newest best op: Uniop(df,'state','CO',(['brewery_id'], {('405',)}),{left: ("[FunctionalDependency:(s: {brewery_id}, t: {state})]", 0.0), operator: *, right: (1.0, 1.0), result: 0.0})
now error: 0.0
Block processing time: 0.026343 seconds
Computing Block 17 out of 560
Processing Block size=2
begin cleaner{left: ("[FunctionalDependency:(s: {brewery_id}, t: {state})]", 0.0), operator: *, right: (1.0, 1.0), result: 0.0}
列 'p' 不存在，对列 state 不过滤，直接选择所有非无效值。
Block processing time: 0.005336 seconds
Computing Block 18 out of 560
Processing Block size=3
begin cleaner{left: ("[FunctionalDependency:(s: {brewery_id}, t: {state})]", 0.0), operator: *, right: (1.0, 1.0), result: 0.0}
列 'p' 不存在，对列 state 不过滤，直接选择所有非无效值。
Block processing time: 0.007531 seconds
Computing Block 19 out of 560
Processing Block size=3
begin cleaner{left: ("[FunctionalDependency:(s: {brewery_id}, t: {state})]", 0.0), operator: *, right: (1.0, 1.0), result: 0.0}
列 'p' 不存在，对列 state 不过滤，直接选择所有非无效值。
Block processing time: 0.007548 seconds
Computing Block 21 out of 560
Processing Block size=5
begin cleaner{left: ("[FunctionalDependency:(s: {brewery_id}, t: {state})]", 0.0), operator: *, right: (1.0, 1.0), result: 0.0}
列 'p' 不存在，对列 state 不过滤，直接选择所有非无效值。
Block processing time: 0.012227 seconds
Computing Block 24 out of 560
Processing Block size=17
begin cleaner{left: ("[FunctionalDependency:(s: {brewery_id}, t: {state})]", 0.0), operator: *, right: (1.0, 1.0), result: 0.0}
列 'p' 不存在，对列 state 不过滤，直接选择所有非无效值。
Block processing time: 0.040041 seconds
Computing Block 25 out of 560
Processing Block size=7
begin cleaner{left: ("[FunctionalDependency:(s: {brewery_id}, t: {state})]", 0.0), operator: *, right: (1.0, 1.0), result: 0.0}
列 'p' 不存在，对列 state 不过滤，直接选择所有非无效值。
clean_bool length:2
newest best op: Uniop(df,'state','CO',(['brewery_id'], {('135',)}),{left: ("[FunctionalDependency:(s: {brewery_id}, t: {state})]", 0.0), operator: *, right: (1.0, 1.0), result: 0.0})
now error: 0.0
Block processing time: 0.036329 seconds
Computing Block 26 out of 560
Processing Block size=5
begin cleaner{left: ("[FunctionalDependency:(s: {brewery_id}, t: {state})]", 0.0), operator: *, right: (1.0, 1.0), result: 0.0}
列 'p' 不存在，对列 state 不过滤，直接选择所有非无效值。
Block processing time: 0.012354 seconds
Computing Block 27 out of 560
Processing Block size=3
begin cleaner{left: ("[FunctionalDependency:(s: {brewery_id}, t: {state})]", 0.0), operator: *, right: (1.0, 1.0), result: 0.0}
列 'p' 不存在，对列 state 不过滤，直接选择所有非无效值。
clean_bool length:2
newest best op: Uniop(df,'state','MN',(['brewery_id'], {('58',)}),{left: ("[FunctionalDependency:(s: {brewery_id}, t: {state})]", 0.0), operator: *, right: (1.0, 1.0), result: 0.0})
now error: 0.0
Block processing time: 0.017237 seconds
Computing Block 28 out of 560
Processing Block size=8
begin cleaner{left: ("[FunctionalDependency:(s: {brewery_id}, t: {state})]", 0.0), operator: *, right: (1.0, 1.0), result: 0.0}
列 'p' 不存在，对列 state 不过滤，直接选择所有非无效值。
clean_bool length:2
newest best op: Uniop(df,'state','IL',(['brewery_id'], {('65',)}),{left: ("[FunctionalDependency:(s: {brewery_id}, t: {state})]", 0.0), operator: *, right: (1.0, 1.0), result: 0.0})
now error: 0.0
Block processing time: 0.040421 seconds
Computing Block 30 out of 560
Processing Block size=2
begin cleaner{left: ("[FunctionalDependency:(s: {brewery_id}, t: {state})]", 0.0), operator: *, right: (1.0, 1.0), result: 0.0}
列 'p' 不存在，对列 state 不过滤，直接选择所有非无效值。
Block processing time: 0.005383 seconds
Computing Block 31 out of 560
Processing Block size=62
begin cleaner{left: ("[FunctionalDependency:(s: {brewery_id}, t: {state})]", 0.0), operator: *, right: (1.0, 1.0), result: 0.0}
列 'p' 不存在，对列 state 不过滤，直接选择所有非无效值。
clean_bool length:2
newest best op: Uniop(df,'state','MI',(['brewery_id'], {('10',)}),{left: ("[FunctionalDependency:(s: {brewery_id}, t: {state})]", 0.0), operator: *, right: (1.0, 1.0), result: 0.0})
now error: 0.0
Block processing time: 0.291537 seconds
Computing Block 32 out of 560
Processing Block size=6
begin cleaner{left: ("[FunctionalDependency:(s: {brewery_id}, t: {state})]", 0.0), operator: *, right: (1.0, 1.0), result: 0.0}
列 'p' 不存在，对列 state 不过滤，直接选择所有非无效值。
clean_bool length:2
newest best op: Uniop(df,'state','NY',(['brewery_id'], {('437',)}),{left: ("[FunctionalDependency:(s: {brewery_id}, t: {state})]", 0.0), operator: *, right: (1.0, 1.0), result: 0.0})
now error: 0.0
Block processing time: 0.031378 seconds
Computing Block 33 out of 560
Processing Block size=4
begin cleaner{left: ("[FunctionalDependency:(s: {brewery_id}, t: {state})]", 0.0), operator: *, right: (1.0, 1.0), result: 0.0}
列 'p' 不存在，对列 state 不过滤，直接选择所有非无效值。
Block processing time: 0.010303 seconds
Computing Block 34 out of 560
Processing Block size=6
begin cleaner{left: ("[FunctionalDependency:(s: {brewery_id}, t: {state})]", 0.0), operator: *, right: (1.0, 1.0), result: 0.0}
列 'p' 不存在，对列 state 不过滤，直接选择所有非无效值。
Block processing time: 0.014761 seconds
Computing Block 35 out of 560
Processing Block size=3
begin cleaner{left: ("[FunctionalDependency:(s: {brewery_id}, t: {state})]", 0.0), operator: *, right: (1.0, 1.0), result: 0.0}
列 'p' 不存在，对列 state 不过滤，直接选择所有非无效值。
Block processing time: 0.007615 seconds
Computing Block 36 out of 560
Processing Block size=2
begin cleaner{left: ("[FunctionalDependency:(s: {brewery_id}, t: {state})]", 0.0), operator: *, right: (1.0, 1.0), result: 0.0}
列 'p' 不存在，对列 state 不过滤，直接选择所有非无效值。
Block processing time: 0.005232 seconds
Computing Block 37 out of 560
Processing Block size=11
begin cleaner{left: ("[FunctionalDependency:(s: {brewery_id}, t: {state})]", 0.0), operator: *, right: (1.0, 1.0), result: 0.0}
列 'p' 不存在，对列 state 不过滤，直接选择所有非无效值。
Block processing time: 0.026753 seconds
Computing Block 38 out of 560
Processing Block size=3
begin cleaner{left: ("[FunctionalDependency:(s: {brewery_id}, t: {state})]", 0.0), operator: *, right: (1.0, 1.0), result: 0.0}
列 'p' 不存在，对列 state 不过滤，直接选择所有非无效值。
Block processing time: 0.007515 seconds
Computing Block 39 out of 560
Processing Block size=3
begin cleaner{left: ("[FunctionalDependency:(s: {brewery_id}, t: {state})]", 0.0), operator: *, right: (1.0, 1.0), result: 0.0}
列 'p' 不存在，对列 state 不过滤，直接选择所有非无效值。
Block processing time: 0.007821 seconds
Computing Block 40 out of 560
Processing Block size=3
begin cleaner{left: ("[FunctionalDependency:(s: {brewery_id}, t: {state})]", 0.0), operator: *, right: (1.0, 1.0), result: 0.0}
列 'p' 不存在，对列 state 不过滤，直接选择所有非无效值。
Block processing time: 0.00813 seconds
Computing Block 43 out of 560
Processing Block size=12
begin cleaner{left: ("[FunctionalDependency:(s: {brewery_id}, t: {state})]", 0.0), operator: *, right: (1.0, 1.0), result: 0.0}
列 'p' 不存在，对列 state 不过滤，直接选择所有非无效值。
Block processing time: 0.030977 seconds
Computing Block 44 out of 560
Processing Block size=5
begin cleaner{left: ("[FunctionalDependency:(s: {brewery_id}, t: {state})]", 0.0), operator: *, right: (1.0, 1.0), result: 0.0}
列 'p' 不存在，对列 state 不过滤，直接选择所有非无效值。
Block processing time: 0.01339 seconds
Computing Block 46 out of 560
Processing Block size=8
begin cleaner{left: ("[FunctionalDependency:(s: {brewery_id}, t: {state})]", 0.0), operator: *, right: (1.0, 1.0), result: 0.0}
列 'p' 不存在，对列 state 不过滤，直接选择所有非无效值。
Block processing time: 0.019463 seconds
Computing Block 47 out of 560
Processing Block size=9
begin cleaner{left: ("[FunctionalDependency:(s: {brewery_id}, t: {state})]", 0.0), operator: *, right: (1.0, 1.0), result: 0.0}
列 'p' 不存在，对列 state 不过滤，直接选择所有非无效值。
clean_bool length:2
newest best op: Uniop(df,'state','OH',(['brewery_id'], {('91',)}),{left: ("[FunctionalDependency:(s: {brewery_id}, t: {state})]", 0.0), operator: *, right: (1.0, 1.0), result: 0.0})
now error: 0.0
Block processing time: 0.045544 seconds
Computing Block 48 out of 560
Processing Block size=2
begin cleaner{left: ("[FunctionalDependency:(s: {brewery_id}, t: {state})]", 0.0), operator: *, right: (1.0, 1.0), result: 0.0}
列 'p' 不存在，对列 state 不过滤，直接选择所有非无效值。
Block processing time: 0.005354 seconds
Computing Block 50 out of 560
Processing Block size=3
begin cleaner{left: ("[FunctionalDependency:(s: {brewery_id}, t: {state})]", 0.0), operator: *, right: (1.0, 1.0), result: 0.0}
列 'p' 不存在，对列 state 不过滤，直接选择所有非无效值。
Block processing time: 0.00783 seconds
Computing Block 51 out of 560
Processing Block size=4
begin cleaner{left: ("[FunctionalDependency:(s: {brewery_id}, t: {state})]", 0.0), operator: *, right: (1.0, 1.0), result: 0.0}
列 'p' 不存在，对列 state 不过滤，直接选择所有非无效值。
clean_bool length:2
newest best op: Uniop(df,'state','AR',(['brewery_id'], {('139',)}),{left: ("[FunctionalDependency:(s: {brewery_id}, t: {state})]", 0.0), operator: *, right: (1.0, 1.0), result: 0.0})
now error: 0.0
Block processing time: 0.021772 seconds
Computing Block 53 out of 560
Processing Block size=3
begin cleaner{left: ("[FunctionalDependency:(s: {brewery_id}, t: {state})]", 0.0), operator: *, right: (1.0, 1.0), result: 0.0}
列 'p' 不存在，对列 state 不过滤，直接选择所有非无效值。
Block processing time: 0.008035 seconds
Computing Block 54 out of 560
Processing Block size=2
begin cleaner{left: ("[FunctionalDependency:(s: {brewery_id}, t: {state})]", 0.0), operator: *, right: (1.0, 1.0), result: 0.0}
列 'p' 不存在，对列 state 不过滤，直接选择所有非无效值。
Block processing time: 0.005548 seconds
Computing Block 56 out of 560
Processing Block size=11
begin cleaner{left: ("[FunctionalDependency:(s: {brewery_id}, t: {state})]", 0.0), operator: *, right: (1.0, 1.0), result: 0.0}
列 'p' 不存在，对列 state 不过滤，直接选择所有非无效值。
Block processing time: 0.026641 seconds
Computing Block 57 out of 560
Processing Block size=3
begin cleaner{left: ("[FunctionalDependency:(s: {brewery_id}, t: {state})]", 0.0), operator: *, right: (1.0, 1.0), result: 0.0}
列 'p' 不存在，对列 state 不过滤，直接选择所有非无效值。
clean_bool length:2
newest best op: Uniop(df,'state','IL',(['brewery_id'], {('210',)}),{left: ("[FunctionalDependency:(s: {brewery_id}, t: {state})]", 0.0), operator: *, right: (1.0, 1.0), result: 0.0})
now error: 0.0
Block processing time: 0.017158 seconds
Computing Block 58 out of 560
Processing Block size=24
begin cleaner{left: ("[FunctionalDependency:(s: {brewery_id}, t: {state})]", 0.0), operator: *, right: (1.0, 1.0), result: 0.0}
列 'p' 不存在，对列 state 不过滤，直接选择所有非无效值。
clean_bool length:2
newest best op: Uniop(df,'state','NY',(['brewery_id'], {('46',)}),{left: ("[FunctionalDependency:(s: {brewery_id}, t: {state})]", 0.0), operator: *, right: (1.0, 1.0), result: 0.0})
now error: 0.0
Block processing time: 0.118298 seconds
Computing Block 59 out of 560
Processing Block size=2
begin cleaner{left: ("[FunctionalDependency:(s: {brewery_id}, t: {state})]", 0.0), operator: *, right: (1.0, 1.0), result: 0.0}
列 'p' 不存在，对列 state 不过滤，直接选择所有非无效值。
Block processing time: 0.005404 seconds
Computing Block 61 out of 560
Processing Block size=4
begin cleaner{left: ("[FunctionalDependency:(s: {brewery_id}, t: {state})]", 0.0), operator: *, right: (1.0, 1.0), result: 0.0}
列 'p' 不存在，对列 state 不过滤，直接选择所有非无效值。
clean_bool length:2
newest best op: Uniop(df,'state','CA',(['brewery_id'], {('350',)}),{left: ("[FunctionalDependency:(s: {brewery_id}, t: {state})]", 0.0), operator: *, right: (1.0, 1.0), result: 0.0})
now error: 0.0
Block processing time: 0.021919 seconds
Computing Block 62 out of 560
Processing Block size=9
begin cleaner{left: ("[FunctionalDependency:(s: {brewery_id}, t: {state})]", 0.0), operator: *, right: (1.0, 1.0), result: 0.0}
列 'p' 不存在，对列 state 不过滤，直接选择所有非无效值。
Block processing time: 0.022631 seconds
Computing Block 63 out of 560
Processing Block size=13
begin cleaner{left: ("[FunctionalDependency:(s: {brewery_id}, t: {state})]", 0.0), operator: *, right: (1.0, 1.0), result: 0.0}
列 'p' 不存在，对列 state 不过滤，直接选择所有非无效值。
clean_bool length:2
newest best op: Uniop(df,'state','MN',(['brewery_id'], {('61',)}),{left: ("[FunctionalDependency:(s: {brewery_id}, t: {state})]", 0.0), operator: *, right: (1.0, 1.0), result: 0.0})
now error: 0.0
Block processing time: 0.064374 seconds
Computing Block 64 out of 560
Processing Block size=2
begin cleaner{left: ("[FunctionalDependency:(s: {brewery_id}, t: {state})]", 0.0), operator: *, right: (1.0, 1.0), result: 0.0}
列 'p' 不存在，对列 state 不过滤，直接选择所有非无效值。
clean_bool length:2
newest best op: Uniop(df,'state','FL',(['brewery_id'], {('467',)}),{left: ("[FunctionalDependency:(s: {brewery_id}, t: {state})]", 0.0), operator: *, right: (1.0, 1.0), result: 0.0})
now error: 0.0
Block processing time: 0.0124 seconds
Computing Block 66 out of 560
Processing Block size=7
begin cleaner{left: ("[FunctionalDependency:(s: {brewery_id}, t: {state})]", 0.0), operator: *, right: (1.0, 1.0), result: 0.0}
列 'p' 不存在，对列 state 不过滤，直接选择所有非无效值。
Block processing time: 0.017124 seconds
Computing Block 67 out of 560
Processing Block size=10
begin cleaner{left: ("[FunctionalDependency:(s: {brewery_id}, t: {state})]", 0.0), operator: *, right: (1.0, 1.0), result: 0.0}
列 'p' 不存在，对列 state 不过滤，直接选择所有非无效值。
Block processing time: 0.023958 seconds
Computing Block 68 out of 560
Processing Block size=2
begin cleaner{left: ("[FunctionalDependency:(s: {brewery_id}, t: {state})]", 0.0), operator: *, right: (1.0, 1.0), result: 0.0}
列 'p' 不存在，对列 state 不过滤，直接选择所有非无效值。
Block processing time: 0.005525 seconds
Computing Block 70 out of 560
Processing Block size=2
begin cleaner{left: ("[FunctionalDependency:(s: {brewery_id}, t: {state})]", 0.0), operator: *, right: (1.0, 1.0), result: 0.0}
列 'p' 不存在，对列 state 不过滤，直接选择所有非无效值。
Block processing time: 0.005669 seconds
Computing Block 71 out of 560
Processing Block size=2
begin cleaner{left: ("[FunctionalDependency:(s: {brewery_id}, t: {state})]", 0.0), operator: *, right: (1.0, 1.0), result: 0.0}
列 'p' 不存在，对列 state 不过滤，直接选择所有非无效值。
clean_bool length:2
newest best op: Uniop(df,'state','CO',(['brewery_id'], {('291',)}),{left: ("[FunctionalDependency:(s: {brewery_id}, t: {state})]", 0.0), operator: *, right: (1.0, 1.0), result: 0.0})
now error: 0.0
Block processing time: 0.013168 seconds
Computing Block 72 out of 560
Processing Block size=4
begin cleaner{left: ("[FunctionalDependency:(s: {brewery_id}, t: {state})]", 0.0), operator: *, right: (1.0, 1.0), result: 0.0}
列 'p' 不存在，对列 state 不过滤，直接选择所有非无效值。
Block processing time: 0.010907 seconds
Computing Block 74 out of 560
Processing Block size=7
begin cleaner{left: ("[FunctionalDependency:(s: {brewery_id}, t: {state})]", 0.0), operator: *, right: (1.0, 1.0), result: 0.0}
列 'p' 不存在，对列 state 不过滤，直接选择所有非无效值。
Block processing time: 0.025445 seconds
Computing Block 76 out of 560
Processing Block size=2
begin cleaner{left: ("[FunctionalDependency:(s: {brewery_id}, t: {state})]", 0.0), operator: *, right: (1.0, 1.0), result: 0.0}
列 'p' 不存在，对列 state 不过滤，直接选择所有非无效值。
Block processing time: 0.005695 seconds
Computing Block 77 out of 560
Processing Block size=9
begin cleaner{left: ("[FunctionalDependency:(s: {brewery_id}, t: {state})]", 0.0), operator: *, right: (1.0, 1.0), result: 0.0}
列 'p' 不存在，对列 state 不过滤，直接选择所有非无效值。
clean_bool length:2
newest best op: Uniop(df,'state','CA',(['brewery_id'], {('83',)}),{left: ("[FunctionalDependency:(s: {brewery_id}, t: {state})]", 0.0), operator: *, right: (1.0, 1.0), result: 0.0})
now error: 0.0
Block processing time: 0.045781 seconds
Computing Block 78 out of 560
Processing Block size=6
begin cleaner{left: ("[FunctionalDependency:(s: {brewery_id}, t: {state})]", 0.0), operator: *, right: (1.0, 1.0), result: 0.0}
列 'p' 不存在，对列 state 不过滤，直接选择所有非无效值。
clean_bool length:2
newest best op: Uniop(df,'state','VT',(['brewery_id'], {('272',)}),{left: ("[FunctionalDependency:(s: {brewery_id}, t: {state})]", 0.0), operator: *, right: (1.0, 1.0), result: 0.0})
now error: 0.0
Block processing time: 0.031282 seconds
Computing Block 79 out of 560
Processing Block size=3
begin cleaner{left: ("[FunctionalDependency:(s: {brewery_id}, t: {state})]", 0.0), operator: *, right: (1.0, 1.0), result: 0.0}
列 'p' 不存在，对列 state 不过滤，直接选择所有非无效值。
clean_bool length:2
newest best op: Uniop(df,'state','TX',(['brewery_id'], {('214',)}),{left: ("[FunctionalDependency:(s: {brewery_id}, t: {state})]", 0.0), operator: *, right: (1.0, 1.0), result: 0.0})
now error: 0.0
Block processing time: 0.017368 seconds
Computing Block 81 out of 560
Processing Block size=4
begin cleaner{left: ("[FunctionalDependency:(s: {brewery_id}, t: {state})]", 0.0), operator: *, right: (1.0, 1.0), result: 0.0}
列 'p' 不存在，对列 state 不过滤，直接选择所有非无效值。
Block processing time: 0.010133 seconds
Computing Block 82 out of 560
Processing Block size=2
begin cleaner{left: ("[FunctionalDependency:(s: {brewery_id}, t: {state})]", 0.0), operator: *, right: (1.0, 1.0), result: 0.0}
列 'p' 不存在，对列 state 不过滤，直接选择所有非无效值。
Block processing time: 0.005444 seconds
Computing Block 83 out of 560
Processing Block size=17
begin cleaner{left: ("[FunctionalDependency:(s: {brewery_id}, t: {state})]", 0.0), operator: *, right: (1.0, 1.0), result: 0.0}
列 'p' 不存在，对列 state 不过滤，直接选择所有非无效值。
clean_bool length:2
newest best op: Uniop(df,'state','ID',(['brewery_id'], {('309',)}),{left: ("[FunctionalDependency:(s: {brewery_id}, t: {state})]", 0.0), operator: *, right: (1.0, 1.0), result: 0.0})
now error: 0.0
Block processing time: 0.083047 seconds
Computing Block 84 out of 560
Processing Block size=3
begin cleaner{left: ("[FunctionalDependency:(s: {brewery_id}, t: {state})]", 0.0), operator: *, right: (1.0, 1.0), result: 0.0}
列 'p' 不存在，对列 state 不过滤，直接选择所有非无效值。
Block processing time: 0.011155 seconds
Computing Block 87 out of 560
Processing Block size=2
begin cleaner{left: ("[FunctionalDependency:(s: {brewery_id}, t: {state})]", 0.0), operator: *, right: (1.0, 1.0), result: 0.0}
列 'p' 不存在，对列 state 不过滤，直接选择所有非无效值。
Block processing time: 0.00707 seconds
Computing Block 88 out of 560
Processing Block size=2
begin cleaner{left: ("[FunctionalDependency:(s: {brewery_id}, t: {state})]", 0.0), operator: *, right: (1.0, 1.0), result: 0.0}
列 'p' 不存在，对列 state 不过滤，直接选择所有非无效值。
Block processing time: 0.00535 seconds
Computing Block 89 out of 560
Processing Block size=4
begin cleaner{left: ("[FunctionalDependency:(s: {brewery_id}, t: {state})]", 0.0), operator: *, right: (1.0, 1.0), result: 0.0}
列 'p' 不存在，对列 state 不过滤，直接选择所有非无效值。
clean_bool length:2
newest best op: Uniop(df,'state','AK',(['brewery_id'], {('458',)}),{left: ("[FunctionalDependency:(s: {brewery_id}, t: {state})]", 0.0), operator: *, right: (1.0, 1.0), result: 0.0})
now error: 0.0
Block processing time: 0.021842 seconds
Computing Block 90 out of 560
Processing Block size=7
begin cleaner{left: ("[FunctionalDependency:(s: {brewery_id}, t: {state})]", 0.0), operator: *, right: (1.0, 1.0), result: 0.0}
列 'p' 不存在，对列 state 不过滤，直接选择所有非无效值。
Block processing time: 0.016947 seconds
Computing Block 91 out of 560
Processing Block size=4
begin cleaner{left: ("[FunctionalDependency:(s: {brewery_id}, t: {state})]", 0.0), operator: *, right: (1.0, 1.0), result: 0.0}
列 'p' 不存在，对列 state 不过滤，直接选择所有非无效值。
Block processing time: 0.009964 seconds
Computing Block 92 out of 560
Processing Block size=6
begin cleaner{left: ("[FunctionalDependency:(s: {brewery_id}, t: {state})]", 0.0), operator: *, right: (1.0, 1.0), result: 0.0}
列 'p' 不存在，对列 state 不过滤，直接选择所有非无效值。
clean_bool length:2
newest best op: Uniop(df,'state','MN',(['brewery_id'], {('75',)}),{left: ("[FunctionalDependency:(s: {brewery_id}, t: {state})]", 0.0), operator: *, right: (1.0, 1.0), result: 0.0})
now error: 0.0
Block processing time: 0.031682 seconds
Computing Block 93 out of 560
Processing Block size=18
begin cleaner{left: ("[FunctionalDependency:(s: {brewery_id}, t: {state})]", 0.0), operator: *, right: (1.0, 1.0), result: 0.0}
列 'p' 不存在，对列 state 不过滤，直接选择所有非无效值。
clean_bool length:2
newest best op: Uniop(df,'state','CO',(['brewery_id'], {('51',)}),{left: ("[FunctionalDependency:(s: {brewery_id}, t: {state})]", 0.0), operator: *, right: (1.0, 1.0), result: 0.0})
now error: 0.0
Block processing time: 0.087864 seconds
Computing Block 94 out of 560
Processing Block size=6
begin cleaner{left: ("[FunctionalDependency:(s: {brewery_id}, t: {state})]", 0.0), operator: *, right: (1.0, 1.0), result: 0.0}
列 'p' 不存在，对列 state 不过滤，直接选择所有非无效值。
clean_bool length:2
newest best op: Uniop(df,'state','PA',(['brewery_id'], {('322',)}),{left: ("[FunctionalDependency:(s: {brewery_id}, t: {state})]", 0.0), operator: *, right: (1.0, 1.0), result: 0.0})
now error: 0.0
Block processing time: 0.031456 seconds
Computing Block 95 out of 560
Processing Block size=4
begin cleaner{left: ("[FunctionalDependency:(s: {brewery_id}, t: {state})]", 0.0), operator: *, right: (1.0, 1.0), result: 0.0}
列 'p' 不存在，对列 state 不过滤，直接选择所有非无效值。
Block processing time: 0.01072 seconds
Computing Block 96 out of 560
Processing Block size=2
begin cleaner{left: ("[FunctionalDependency:(s: {brewery_id}, t: {state})]", 0.0), operator: *, right: (1.0, 1.0), result: 0.0}
列 'p' 不存在，对列 state 不过滤，直接选择所有非无效值。
Block processing time: 0.005598 seconds
Computing Block 97 out of 560
Processing Block size=3
begin cleaner{left: ("[FunctionalDependency:(s: {brewery_id}, t: {state})]", 0.0), operator: *, right: (1.0, 1.0), result: 0.0}
列 'p' 不存在，对列 state 不过滤，直接选择所有非无效值。
clean_bool length:2
newest best op: Uniop(df,'state','MI',(['brewery_id'], {('253',)}),{left: ("[FunctionalDependency:(s: {brewery_id}, t: {state})]", 0.0), operator: *, right: (1.0, 1.0), result: 0.0})
now error: 0.0
Block processing time: 0.018603 seconds
Computing Block 98 out of 560
Processing Block size=2
begin cleaner{left: ("[FunctionalDependency:(s: {brewery_id}, t: {state})]", 0.0), operator: *, right: (1.0, 1.0), result: 0.0}
列 'p' 不存在，对列 state 不过滤，直接选择所有非无效值。
Block processing time: 0.005408 seconds
Computing Block 99 out of 560
Processing Block size=3
begin cleaner{left: ("[FunctionalDependency:(s: {brewery_id}, t: {state})]", 0.0), operator: *, right: (1.0, 1.0), result: 0.0}
列 'p' 不存在，对列 state 不过滤，直接选择所有非无效值。
Block processing time: 0.007639 seconds
Computing Block 102 out of 560
Processing Block size=3
begin cleaner{left: ("[FunctionalDependency:(s: {brewery_id}, t: {state})]", 0.0), operator: *, right: (1.0, 1.0), result: 0.0}
列 'p' 不存在，对列 state 不过滤，直接选择所有非无效值。
Block processing time: 0.010016 seconds
Computing Block 103 out of 560
Processing Block size=6
begin cleaner{left: ("[FunctionalDependency:(s: {brewery_id}, t: {state})]", 0.0), operator: *, right: (1.0, 1.0), result: 0.0}
列 'p' 不存在，对列 state 不过滤，直接选择所有非无效值。
Block processing time: 0.014703 seconds
Computing Block 104 out of 560
Processing Block size=5
begin cleaner{left: ("[FunctionalDependency:(s: {brewery_id}, t: {state})]", 0.0), operator: *, right: (1.0, 1.0), result: 0.0}
列 'p' 不存在，对列 state 不过滤，直接选择所有非无效值。
Block processing time: 0.012284 seconds
Computing Block 105 out of 560
Processing Block size=2
begin cleaner{left: ("[FunctionalDependency:(s: {brewery_id}, t: {state})]", 0.0), operator: *, right: (1.0, 1.0), result: 0.0}
列 'p' 不存在，对列 state 不过滤，直接选择所有非无效值。
Block processing time: 0.005329 seconds
Computing Block 106 out of 560
Processing Block size=20
begin cleaner{left: ("[FunctionalDependency:(s: {brewery_id}, t: {state})]", 0.0), operator: *, right: (1.0, 1.0), result: 0.0}
列 'p' 不存在，对列 state 不过滤，直接选择所有非无效值。
clean_bool length:2
newest best op: Uniop(df,'state','IN',(['brewery_id'], {('165',)}),{left: ("[FunctionalDependency:(s: {brewery_id}, t: {state})]", 0.0), operator: *, right: (1.0, 1.0), result: 0.0})
now error: 0.0
Block processing time: 0.097 seconds
Computing Block 107 out of 560
Processing Block size=8
begin cleaner{left: ("[FunctionalDependency:(s: {brewery_id}, t: {state})]", 0.0), operator: *, right: (1.0, 1.0), result: 0.0}
列 'p' 不存在，对列 state 不过滤，直接选择所有非无效值。
Block processing time: 0.020084 seconds
Computing Block 108 out of 560
Processing Block size=2
begin cleaner{left: ("[FunctionalDependency:(s: {brewery_id}, t: {state})]", 0.0), operator: *, right: (1.0, 1.0), result: 0.0}
列 'p' 不存在，对列 state 不过滤，直接选择所有非无效值。
Block processing time: 0.005391 seconds
Computing Block 109 out of 560
Processing Block size=5
begin cleaner{left: ("[FunctionalDependency:(s: {brewery_id}, t: {state})]", 0.0), operator: *, right: (1.0, 1.0), result: 0.0}
列 'p' 不存在，对列 state 不过滤，直接选择所有非无效值。
clean_bool length:2
newest best op: Uniop(df,'state','CA',(['brewery_id'], {('48',)}),{left: ("[FunctionalDependency:(s: {brewery_id}, t: {state})]", 0.0), operator: *, right: (1.0, 1.0), result: 0.0})
now error: 0.0
Block processing time: 0.026521 seconds
Computing Block 110 out of 560
Processing Block size=4
begin cleaner{left: ("[FunctionalDependency:(s: {brewery_id}, t: {state})]", 0.0), operator: *, right: (1.0, 1.0), result: 0.0}
列 'p' 不存在，对列 state 不过滤，直接选择所有非无效值。
Block processing time: 0.010155 seconds
Computing Block 112 out of 560
Processing Block size=6
begin cleaner{left: ("[FunctionalDependency:(s: {brewery_id}, t: {state})]", 0.0), operator: *, right: (1.0, 1.0), result: 0.0}
列 'p' 不存在，对列 state 不过滤，直接选择所有非无效值。
clean_bool length:2
newest best op: Uniop(df,'state','OK',(['brewery_id'], {('182',)}),{left: ("[FunctionalDependency:(s: {brewery_id}, t: {state})]", 0.0), operator: *, right: (1.0, 1.0), result: 0.0})
now error: 0.0
Block processing time: 0.031999 seconds
Computing Block 113 out of 560
Processing Block size=2
begin cleaner{left: ("[FunctionalDependency:(s: {brewery_id}, t: {state})]", 0.0), operator: *, right: (1.0, 1.0), result: 0.0}
列 'p' 不存在，对列 state 不过滤，直接选择所有非无效值。
Block processing time: 0.005409 seconds
Computing Block 114 out of 560
Processing Block size=4
begin cleaner{left: ("[FunctionalDependency:(s: {brewery_id}, t: {state})]", 0.0), operator: *, right: (1.0, 1.0), result: 0.0}
列 'p' 不存在，对列 state 不过滤，直接选择所有非无效值。
Block processing time: 0.010216 seconds
Computing Block 115 out of 560
Processing Block size=2
begin cleaner{left: ("[FunctionalDependency:(s: {brewery_id}, t: {state})]", 0.0), operator: *, right: (1.0, 1.0), result: 0.0}
列 'p' 不存在，对列 state 不过滤，直接选择所有非无效值。
Block processing time: 0.005799 seconds
Computing Block 116 out of 560
Processing Block size=2
begin cleaner{left: ("[FunctionalDependency:(s: {brewery_id}, t: {state})]", 0.0), operator: *, right: (1.0, 1.0), result: 0.0}
列 'p' 不存在，对列 state 不过滤，直接选择所有非无效值。
clean_bool length:2
newest best op: Uniop(df,'state','NM',(['brewery_id'], {('332',)}),{left: ("[FunctionalDependency:(s: {brewery_id}, t: {state})]", 0.0), operator: *, right: (1.0, 1.0), result: 0.0})
now error: 0.0
Block processing time: 0.012506 seconds
Computing Block 117 out of 560
Processing Block size=6
begin cleaner{left: ("[FunctionalDependency:(s: {brewery_id}, t: {state})]", 0.0), operator: *, right: (1.0, 1.0), result: 0.0}
列 'p' 不存在，对列 state 不过滤，直接选择所有非无效值。
Block processing time: 0.014685 seconds
Computing Block 120 out of 560
Processing Block size=5
begin cleaner{left: ("[FunctionalDependency:(s: {brewery_id}, t: {state})]", 0.0), operator: *, right: (1.0, 1.0), result: 0.0}
列 'p' 不存在，对列 state 不过滤，直接选择所有非无效值。
Block processing time: 0.012497 seconds
Computing Block 122 out of 560
Processing Block size=38
begin cleaner{left: ("[FunctionalDependency:(s: {brewery_id}, t: {state})]", 0.0), operator: *, right: (1.0, 1.0), result: 0.0}
列 'p' 不存在，对列 state 不过滤，直接选择所有非无效值。
clean_bool length:2
newest best op: Uniop(df,'state','IN',(['brewery_id'], {('25',)}),{left: ("[FunctionalDependency:(s: {brewery_id}, t: {state})]", 0.0), operator: *, right: (1.0, 1.0), result: 0.0})
now error: 0.0
Block processing time: 0.183662 seconds
Computing Block 123 out of 560
Processing Block size=6
begin cleaner{left: ("[FunctionalDependency:(s: {brewery_id}, t: {state})]", 0.0), operator: *, right: (1.0, 1.0), result: 0.0}
列 'p' 不存在，对列 state 不过滤，直接选择所有非无效值。
clean_bool length:2
newest best op: Uniop(df,'state','CA',(['brewery_id'], {('34',)}),{left: ("[FunctionalDependency:(s: {brewery_id}, t: {state})]", 0.0), operator: *, right: (1.0, 1.0), result: 0.0})
now error: 0.0
Block processing time: 0.031759 seconds
Computing Block 124 out of 560
Processing Block size=4
begin cleaner{left: ("[FunctionalDependency:(s: {brewery_id}, t: {state})]", 0.0), operator: *, right: (1.0, 1.0), result: 0.0}
列 'p' 不存在，对列 state 不过滤，直接选择所有非无效值。
Block processing time: 0.010296 seconds
Computing Block 125 out of 560
Processing Block size=3
begin cleaner{left: ("[FunctionalDependency:(s: {brewery_id}, t: {state})]", 0.0), operator: *, right: (1.0, 1.0), result: 0.0}
列 'p' 不存在，对列 state 不过滤，直接选择所有非无效值。
Block processing time: 0.007712 seconds
Computing Block 126 out of 560
Processing Block size=6
begin cleaner{left: ("[FunctionalDependency:(s: {brewery_id}, t: {state})]", 0.0), operator: *, right: (1.0, 1.0), result: 0.0}
列 'p' 不存在，对列 state 不过滤，直接选择所有非无效值。
Block processing time: 0.014672 seconds
Computing Block 127 out of 560
Processing Block size=8
begin cleaner{left: ("[FunctionalDependency:(s: {brewery_id}, t: {state})]", 0.0), operator: *, right: (1.0, 1.0), result: 0.0}
列 'p' 不存在，对列 state 不过滤，直接选择所有非无效值。
Block processing time: 0.019364 seconds
Computing Block 128 out of 560
Processing Block size=4
begin cleaner{left: ("[FunctionalDependency:(s: {brewery_id}, t: {state})]", 0.0), operator: *, right: (1.0, 1.0), result: 0.0}
列 'p' 不存在，对列 state 不过滤，直接选择所有非无效值。
Block processing time: 0.009875 seconds
Computing Block 129 out of 560
Processing Block size=4
begin cleaner{left: ("[FunctionalDependency:(s: {brewery_id}, t: {state})]", 0.0), operator: *, right: (1.0, 1.0), result: 0.0}
列 'p' 不存在，对列 state 不过滤，直接选择所有非无效值。
Block processing time: 0.010683 seconds
Computing Block 130 out of 560
Processing Block size=5
begin cleaner{left: ("[FunctionalDependency:(s: {brewery_id}, t: {state})]", 0.0), operator: *, right: (1.0, 1.0), result: 0.0}
列 'p' 不存在，对列 state 不过滤，直接选择所有非无效值。
clean_bool length:2
newest best op: Uniop(df,'state','CA',(['brewery_id'], {('522',)}),{left: ("[FunctionalDependency:(s: {brewery_id}, t: {state})]", 0.0), operator: *, right: (1.0, 1.0), result: 0.0})
now error: 0.0
Block processing time: 0.026895 seconds
Computing Block 131 out of 560
Processing Block size=7
begin cleaner{left: ("[FunctionalDependency:(s: {brewery_id}, t: {state})]", 0.0), operator: *, right: (1.0, 1.0), result: 0.0}
列 'p' 不存在，对列 state 不过滤，直接选择所有非无效值。
clean_bool length:2
newest best op: Uniop(df,'state','MI',(['brewery_id'], {('229',)}),{left: ("[FunctionalDependency:(s: {brewery_id}, t: {state})]", 0.0), operator: *, right: (1.0, 1.0), result: 0.0})
now error: 0.0
Block processing time: 0.036438 seconds
Computing Block 132 out of 560
Processing Block size=3
begin cleaner{left: ("[FunctionalDependency:(s: {brewery_id}, t: {state})]", 0.0), operator: *, right: (1.0, 1.0), result: 0.0}
列 'p' 不存在，对列 state 不过滤，直接选择所有非无效值。
Block processing time: 0.00805 seconds
Computing Block 133 out of 560
Processing Block size=11
begin cleaner{left: ("[FunctionalDependency:(s: {brewery_id}, t: {state})]", 0.0), operator: *, right: (1.0, 1.0), result: 0.0}
列 'p' 不存在，对列 state 不过滤，直接选择所有非无效值。
clean_bool length:2
newest best op: Uniop(df,'state','MA',(['brewery_id'], {('295',)}),{left: ("[FunctionalDependency:(s: {brewery_id}, t: {state})]", 0.0), operator: *, right: (1.0, 1.0), result: 0.0})
now error: 0.0
Block processing time: 0.055049 seconds
Computing Block 134 out of 560
Processing Block size=3
begin cleaner{left: ("[FunctionalDependency:(s: {brewery_id}, t: {state})]", 0.0), operator: *, right: (1.0, 1.0), result: 0.0}
列 'p' 不存在，对列 state 不过滤，直接选择所有非无效值。
Block processing time: 0.00778 seconds
Computing Block 136 out of 560
Processing Block size=5
begin cleaner{left: ("[FunctionalDependency:(s: {brewery_id}, t: {state})]", 0.0), operator: *, right: (1.0, 1.0), result: 0.0}
列 'p' 不存在，对列 state 不过滤，直接选择所有非无效值。
Block processing time: 0.012364 seconds
Computing Block 137 out of 560
Processing Block size=7
begin cleaner{left: ("[FunctionalDependency:(s: {brewery_id}, t: {state})]", 0.0), operator: *, right: (1.0, 1.0), result: 0.0}
列 'p' 不存在，对列 state 不过滤，直接选择所有非无效值。
Block processing time: 0.01759 seconds
Computing Block 138 out of 560
Processing Block size=4
begin cleaner{left: ("[FunctionalDependency:(s: {brewery_id}, t: {state})]", 0.0), operator: *, right: (1.0, 1.0), result: 0.0}
列 'p' 不存在，对列 state 不过滤，直接选择所有非无效值。
Block processing time: 0.010219 seconds
Computing Block 139 out of 560
Processing Block size=3
begin cleaner{left: ("[FunctionalDependency:(s: {brewery_id}, t: {state})]", 0.0), operator: *, right: (1.0, 1.0), result: 0.0}
列 'p' 不存在，对列 state 不过滤，直接选择所有非无效值。
Block processing time: 0.008062 seconds
Computing Block 140 out of 560
Processing Block size=9
begin cleaner{left: ("[FunctionalDependency:(s: {brewery_id}, t: {state})]", 0.0), operator: *, right: (1.0, 1.0), result: 0.0}
列 'p' 不存在，对列 state 不过滤，直接选择所有非无效值。
clean_bool length:2
newest best op: Uniop(df,'state','CO',(['brewery_id'], {('6',)}),{left: ("[FunctionalDependency:(s: {brewery_id}, t: {state})]", 0.0), operator: *, right: (1.0, 1.0), result: 0.0})
now error: 0.0
Block processing time: 0.045527 seconds
Computing Block 141 out of 560
Processing Block size=3
begin cleaner{left: ("[FunctionalDependency:(s: {brewery_id}, t: {state})]", 0.0), operator: *, right: (1.0, 1.0), result: 0.0}
列 'p' 不存在，对列 state 不过滤，直接选择所有非无效值。
Block processing time: 0.007806 seconds
Computing Block 142 out of 560
Processing Block size=2
begin cleaner{left: ("[FunctionalDependency:(s: {brewery_id}, t: {state})]", 0.0), operator: *, right: (1.0, 1.0), result: 0.0}
列 'p' 不存在，对列 state 不过滤，直接选择所有非无效值。
Block processing time: 0.005397 seconds
Computing Block 144 out of 560
Processing Block size=2
begin cleaner{left: ("[FunctionalDependency:(s: {brewery_id}, t: {state})]", 0.0), operator: *, right: (1.0, 1.0), result: 0.0}
列 'p' 不存在，对列 state 不过滤，直接选择所有非无效值。
Block processing time: 0.005297 seconds
Computing Block 145 out of 560
Processing Block size=5
begin cleaner{left: ("[FunctionalDependency:(s: {brewery_id}, t: {state})]", 0.0), operator: *, right: (1.0, 1.0), result: 0.0}
列 'p' 不存在，对列 state 不过滤，直接选择所有非无效值。
Block processing time: 0.012399 seconds
Computing Block 146 out of 560
Processing Block size=20
begin cleaner{left: ("[FunctionalDependency:(s: {brewery_id}, t: {state})]", 0.0), operator: *, right: (1.0, 1.0), result: 0.0}
列 'p' 不存在，对列 state 不过滤，直接选择所有非无效值。
clean_bool length:2
newest best op: Uniop(df,'state','CA',(['brewery_id'], {('368',)}),{left: ("[FunctionalDependency:(s: {brewery_id}, t: {state})]", 0.0), operator: *, right: (1.0, 1.0), result: 0.0})
now error: 0.0
Block processing time: 0.095675 seconds
Computing Block 147 out of 560
Processing Block size=2
begin cleaner{left: ("[FunctionalDependency:(s: {brewery_id}, t: {state})]", 0.0), operator: *, right: (1.0, 1.0), result: 0.0}
列 'p' 不存在，对列 state 不过滤，直接选择所有非无效值。
clean_bool length:2
newest best op: Uniop(df,'state','SC',(['brewery_id'], {('518',)}),{left: ("[FunctionalDependency:(s: {brewery_id}, t: {state})]", 0.0), operator: *, right: (1.0, 1.0), result: 0.0})
now error: 0.0
Block processing time: 0.012642 seconds
Computing Block 150 out of 560
Processing Block size=5
begin cleaner{left: ("[FunctionalDependency:(s: {brewery_id}, t: {state})]", 0.0), operator: *, right: (1.0, 1.0), result: 0.0}
列 'p' 不存在，对列 state 不过滤，直接选择所有非无效值。
Block processing time: 0.012614 seconds
Computing Block 151 out of 560
Processing Block size=5
begin cleaner{left: ("[FunctionalDependency:(s: {brewery_id}, t: {state})]", 0.0), operator: *, right: (1.0, 1.0), result: 0.0}
列 'p' 不存在，对列 state 不过滤，直接选择所有非无效值。
Block processing time: 0.012375 seconds
Computing Block 152 out of 560
Processing Block size=3
begin cleaner{left: ("[FunctionalDependency:(s: {brewery_id}, t: {state})]", 0.0), operator: *, right: (1.0, 1.0), result: 0.0}
列 'p' 不存在，对列 state 不过滤，直接选择所有非无效值。
Block processing time: 0.007777 seconds
Computing Block 154 out of 560
Processing Block size=3
begin cleaner{left: ("[FunctionalDependency:(s: {brewery_id}, t: {state})]", 0.0), operator: *, right: (1.0, 1.0), result: 0.0}
列 'p' 不存在，对列 state 不过滤，直接选择所有非无效值。
Block processing time: 0.007724 seconds
Computing Block 155 out of 560
Processing Block size=6
begin cleaner{left: ("[FunctionalDependency:(s: {brewery_id}, t: {state})]", 0.0), operator: *, right: (1.0, 1.0), result: 0.0}
列 'p' 不存在，对列 state 不过滤，直接选择所有非无效值。
Block processing time: 0.014791 seconds
Computing Block 156 out of 560
Processing Block size=2
begin cleaner{left: ("[FunctionalDependency:(s: {brewery_id}, t: {state})]", 0.0), operator: *, right: (1.0, 1.0), result: 0.0}
列 'p' 不存在，对列 state 不过滤，直接选择所有非无效值。
Block processing time: 0.00537 seconds
Computing Block 157 out of 560
Processing Block size=7
begin cleaner{left: ("[FunctionalDependency:(s: {brewery_id}, t: {state})]", 0.0), operator: *, right: (1.0, 1.0), result: 0.0}
列 'p' 不存在，对列 state 不过滤，直接选择所有非无效值。
clean_bool length:2
newest best op: Uniop(df,'state','NV',(['brewery_id'], {('530',)}),{left: ("[FunctionalDependency:(s: {brewery_id}, t: {state})]", 0.0), operator: *, right: (1.0, 1.0), result: 0.0})
now error: 0.0
Block processing time: 0.036213 seconds
Computing Block 158 out of 560
Processing Block size=7
begin cleaner{left: ("[FunctionalDependency:(s: {brewery_id}, t: {state})]", 0.0), operator: *, right: (1.0, 1.0), result: 0.0}
列 'p' 不存在，对列 state 不过滤，直接选择所有非无效值。
Block processing time: 0.017069 seconds
Computing Block 159 out of 560
Processing Block size=4
begin cleaner{left: ("[FunctionalDependency:(s: {brewery_id}, t: {state})]", 0.0), operator: *, right: (1.0, 1.0), result: 0.0}
列 'p' 不存在，对列 state 不过滤，直接选择所有非无效值。
Block processing time: 0.009964 seconds
Computing Block 160 out of 560
Processing Block size=2
begin cleaner{left: ("[FunctionalDependency:(s: {brewery_id}, t: {state})]", 0.0), operator: *, right: (1.0, 1.0), result: 0.0}
列 'p' 不存在，对列 state 不过滤，直接选择所有非无效值。
Block processing time: 0.0053 seconds
Computing Block 161 out of 560
Processing Block size=4
begin cleaner{left: ("[FunctionalDependency:(s: {brewery_id}, t: {state})]", 0.0), operator: *, right: (1.0, 1.0), result: 0.0}
列 'p' 不存在，对列 state 不过滤，直接选择所有非无效值。
Block processing time: 0.010069 seconds
Computing Block 162 out of 560
Processing Block size=4
begin cleaner{left: ("[FunctionalDependency:(s: {brewery_id}, t: {state})]", 0.0), operator: *, right: (1.0, 1.0), result: 0.0}
列 'p' 不存在，对列 state 不过滤，直接选择所有非无效值。
clean_bool length:2
newest best op: Uniop(df,'state','NE',(['brewery_id'], {('282',)}),{left: ("[FunctionalDependency:(s: {brewery_id}, t: {state})]", 0.0), operator: *, right: (1.0, 1.0), result: 0.0})
now error: 0.0
Block processing time: 0.021795 seconds
Computing Block 163 out of 560
Processing Block size=4
begin cleaner{left: ("[FunctionalDependency:(s: {brewery_id}, t: {state})]", 0.0), operator: *, right: (1.0, 1.0), result: 0.0}
列 'p' 不存在，对列 state 不过滤，直接选择所有非无效值。
Block processing time: 0.010212 seconds
Computing Block 164 out of 560
Processing Block size=4
begin cleaner{left: ("[FunctionalDependency:(s: {brewery_id}, t: {state})]", 0.0), operator: *, right: (1.0, 1.0), result: 0.0}
列 'p' 不存在，对列 state 不过滤，直接选择所有非无效值。
Block processing time: 0.010152 seconds
Computing Block 165 out of 560
Processing Block size=3
begin cleaner{left: ("[FunctionalDependency:(s: {brewery_id}, t: {state})]", 0.0), operator: *, right: (1.0, 1.0), result: 0.0}
列 'p' 不存在，对列 state 不过滤，直接选择所有非无效值。
Block processing time: 0.007777 seconds
Computing Block 166 out of 560
Processing Block size=2
begin cleaner{left: ("[FunctionalDependency:(s: {brewery_id}, t: {state})]", 0.0), operator: *, right: (1.0, 1.0), result: 0.0}
列 'p' 不存在，对列 state 不过滤，直接选择所有非无效值。
Block processing time: 0.005357 seconds
Computing Block 167 out of 560
Processing Block size=3
begin cleaner{left: ("[FunctionalDependency:(s: {brewery_id}, t: {state})]", 0.0), operator: *, right: (1.0, 1.0), result: 0.0}
列 'p' 不存在，对列 state 不过滤，直接选择所有非无效值。
clean_bool length:2
newest best op: Uniop(df,'state','GA',(['brewery_id'], {('475',)}),{left: ("[FunctionalDependency:(s: {brewery_id}, t: {state})]", 0.0), operator: *, right: (1.0, 1.0), result: 0.0})
now error: 0.0
Block processing time: 0.017226 seconds
Computing Block 168 out of 560
Processing Block size=3
begin cleaner{left: ("[FunctionalDependency:(s: {brewery_id}, t: {state})]", 0.0), operator: *, right: (1.0, 1.0), result: 0.0}
列 'p' 不存在，对列 state 不过滤，直接选择所有非无效值。
Block processing time: 0.007703 seconds
Computing Block 172 out of 560
Processing Block size=3
begin cleaner{left: ("[FunctionalDependency:(s: {brewery_id}, t: {state})]", 0.0), operator: *, right: (1.0, 1.0), result: 0.0}
列 'p' 不存在，对列 state 不过滤，直接选择所有非无效值。
clean_bool length:2
newest best op: Uniop(df,'state','TX',(['brewery_id'], {('287',)}),{left: ("[FunctionalDependency:(s: {brewery_id}, t: {state})]", 0.0), operator: *, right: (1.0, 1.0), result: 0.0})
now error: 0.0
Block processing time: 0.017457 seconds
Computing Block 173 out of 560
Processing Block size=6
begin cleaner{left: ("[FunctionalDependency:(s: {brewery_id}, t: {state})]", 0.0), operator: *, right: (1.0, 1.0), result: 0.0}
列 'p' 不存在，对列 state 不过滤，直接选择所有非无效值。
Block processing time: 0.016085 seconds
Computing Block 175 out of 560
Processing Block size=8
begin cleaner{left: ("[FunctionalDependency:(s: {brewery_id}, t: {state})]", 0.0), operator: *, right: (1.0, 1.0), result: 0.0}
列 'p' 不存在，对列 state 不过滤，直接选择所有非无效值。
clean_bool length:2
newest best op: Uniop(df,'state','OH',(['brewery_id'], {('93',)}),{left: ("[FunctionalDependency:(s: {brewery_id}, t: {state})]", 0.0), operator: *, right: (1.0, 1.0), result: 0.0})
now error: 0.0
Block processing time: 0.041016 seconds
Computing Block 178 out of 560
Processing Block size=2
begin cleaner{left: ("[FunctionalDependency:(s: {brewery_id}, t: {state})]", 0.0), operator: *, right: (1.0, 1.0), result: 0.0}
列 'p' 不存在，对列 state 不过滤，直接选择所有非无效值。
clean_bool length:2
newest best op: Uniop(df,'state','OR',(['brewery_id'], {('485',)}),{left: ("[FunctionalDependency:(s: {brewery_id}, t: {state})]", 0.0), operator: *, right: (1.0, 1.0), result: 0.0})
now error: 0.0
Block processing time: 0.01253 seconds
Computing Block 179 out of 560
Processing Block size=5
begin cleaner{left: ("[FunctionalDependency:(s: {brewery_id}, t: {state})]", 0.0), operator: *, right: (1.0, 1.0), result: 0.0}
列 'p' 不存在，对列 state 不过滤，直接选择所有非无效值。
clean_bool length:2
newest best op: Uniop(df,'state','MA',(['brewery_id'], {('2',)}),{left: ("[FunctionalDependency:(s: {brewery_id}, t: {state})]", 0.0), operator: *, right: (1.0, 1.0), result: 0.0})
now error: 0.0
Block processing time: 0.026583 seconds
Computing Block 181 out of 560
Processing Block size=18
begin cleaner{left: ("[FunctionalDependency:(s: {brewery_id}, t: {state})]", 0.0), operator: *, right: (1.0, 1.0), result: 0.0}
列 'p' 不存在，对列 state 不过滤，直接选择所有非无效值。
Block processing time: 0.042449 seconds
Computing Block 183 out of 560
Processing Block size=6
begin cleaner{left: ("[FunctionalDependency:(s: {brewery_id}, t: {state})]", 0.0), operator: *, right: (1.0, 1.0), result: 0.0}
列 'p' 不存在，对列 state 不过滤，直接选择所有非无效值。
Block processing time: 0.014731 seconds
Computing Block 184 out of 560
Processing Block size=2
begin cleaner{left: ("[FunctionalDependency:(s: {brewery_id}, t: {state})]", 0.0), operator: *, right: (1.0, 1.0), result: 0.0}
列 'p' 不存在，对列 state 不过滤，直接选择所有非无效值。
Block processing time: 0.005518 seconds
Computing Block 185 out of 560
Processing Block size=5
begin cleaner{left: ("[FunctionalDependency:(s: {brewery_id}, t: {state})]", 0.0), operator: *, right: (1.0, 1.0), result: 0.0}
列 'p' 不存在，对列 state 不过滤，直接选择所有非无效值。
Block processing time: 0.012698 seconds
Computing Block 186 out of 560
Processing Block size=5
begin cleaner{left: ("[FunctionalDependency:(s: {brewery_id}, t: {state})]", 0.0), operator: *, right: (1.0, 1.0), result: 0.0}
列 'p' 不存在，对列 state 不过滤，直接选择所有非无效值。
Block processing time: 0.012371 seconds
Computing Block 189 out of 560
Processing Block size=9
begin cleaner{left: ("[FunctionalDependency:(s: {brewery_id}, t: {state})]", 0.0), operator: *, right: (1.0, 1.0), result: 0.0}
列 'p' 不存在，对列 state 不过滤，直接选择所有非无效值。
Block processing time: 0.022229 seconds
Computing Block 190 out of 560
Processing Block size=6
begin cleaner{left: ("[FunctionalDependency:(s: {brewery_id}, t: {state})]", 0.0), operator: *, right: (1.0, 1.0), result: 0.0}
列 'p' 不存在，对列 state 不过滤，直接选择所有非无效值。
Block processing time: 0.01555 seconds
Computing Block 191 out of 560
Processing Block size=8
begin cleaner{left: ("[FunctionalDependency:(s: {brewery_id}, t: {state})]", 0.0), operator: *, right: (1.0, 1.0), result: 0.0}
列 'p' 不存在，对列 state 不过滤，直接选择所有非无效值。
clean_bool length:2
newest best op: Uniop(df,'state','MO',(['brewery_id'], {('60',)}),{left: ("[FunctionalDependency:(s: {brewery_id}, t: {state})]", 0.0), operator: *, right: (1.0, 1.0), result: 0.0})
now error: 0.0
Block processing time: 0.041851 seconds
Computing Block 192 out of 560
Processing Block size=2
begin cleaner{left: ("[FunctionalDependency:(s: {brewery_id}, t: {state})]", 0.0), operator: *, right: (1.0, 1.0), result: 0.0}
列 'p' 不存在，对列 state 不过滤，直接选择所有非无效值。
Block processing time: 0.005374 seconds
Computing Block 193 out of 560
Processing Block size=5
begin cleaner{left: ("[FunctionalDependency:(s: {brewery_id}, t: {state})]", 0.0), operator: *, right: (1.0, 1.0), result: 0.0}
列 'p' 不存在，对列 state 不过滤，直接选择所有非无效值。
Block processing time: 0.012984 seconds
Computing Block 194 out of 560
Processing Block size=5
begin cleaner{left: ("[FunctionalDependency:(s: {brewery_id}, t: {state})]", 0.0), operator: *, right: (1.0, 1.0), result: 0.0}
列 'p' 不存在，对列 state 不过滤，直接选择所有非无效值。
Block processing time: 0.01227 seconds
Computing Block 197 out of 560
Processing Block size=3
begin cleaner{left: ("[FunctionalDependency:(s: {brewery_id}, t: {state})]", 0.0), operator: *, right: (1.0, 1.0), result: 0.0}
列 'p' 不存在，对列 state 不过滤，直接选择所有非无效值。
Block processing time: 0.00797 seconds
Computing Block 198 out of 560
Processing Block size=6
begin cleaner{left: ("[FunctionalDependency:(s: {brewery_id}, t: {state})]", 0.0), operator: *, right: (1.0, 1.0), result: 0.0}
列 'p' 不存在，对列 state 不过滤，直接选择所有非无效值。
Block processing time: 0.014527 seconds
Computing Block 200 out of 560
Processing Block size=4
begin cleaner{left: ("[FunctionalDependency:(s: {brewery_id}, t: {state})]", 0.0), operator: *, right: (1.0, 1.0), result: 0.0}
列 'p' 不存在，对列 state 不过滤，直接选择所有非无效值。
Block processing time: 0.009982 seconds
Computing Block 203 out of 560
Processing Block size=3
begin cleaner{left: ("[FunctionalDependency:(s: {brewery_id}, t: {state})]", 0.0), operator: *, right: (1.0, 1.0), result: 0.0}
列 'p' 不存在，对列 state 不过滤，直接选择所有非无效值。
Block processing time: 0.007731 seconds
Computing Block 205 out of 560
Processing Block size=3
begin cleaner{left: ("[FunctionalDependency:(s: {brewery_id}, t: {state})]", 0.0), operator: *, right: (1.0, 1.0), result: 0.0}
列 'p' 不存在，对列 state 不过滤，直接选择所有非无效值。
Block processing time: 0.007611 seconds
Computing Block 206 out of 560
Processing Block size=3
begin cleaner{left: ("[FunctionalDependency:(s: {brewery_id}, t: {state})]", 0.0), operator: *, right: (1.0, 1.0), result: 0.0}
列 'p' 不存在，对列 state 不过滤，直接选择所有非无效值。
Block processing time: 0.008014 seconds
Computing Block 208 out of 560
Processing Block size=7
begin cleaner{left: ("[FunctionalDependency:(s: {brewery_id}, t: {state})]", 0.0), operator: *, right: (1.0, 1.0), result: 0.0}
列 'p' 不存在，对列 state 不过滤，直接选择所有非无效值。
clean_bool length:2
newest best op: Uniop(df,'state','PA',(['brewery_id'], {('164',)}),{left: ("[FunctionalDependency:(s: {brewery_id}, t: {state})]", 0.0), operator: *, right: (1.0, 1.0), result: 0.0})
now error: 0.0
Block processing time: 0.036873 seconds
Computing Block 209 out of 560
Processing Block size=3
begin cleaner{left: ("[FunctionalDependency:(s: {brewery_id}, t: {state})]", 0.0), operator: *, right: (1.0, 1.0), result: 0.0}
列 'p' 不存在，对列 state 不过滤，直接选择所有非无效值。
Block processing time: 0.007859 seconds
Computing Block 211 out of 560
Processing Block size=2
begin cleaner{left: ("[FunctionalDependency:(s: {brewery_id}, t: {state})]", 0.0), operator: *, right: (1.0, 1.0), result: 0.0}
列 'p' 不存在，对列 state 不过滤，直接选择所有非无效值。
Block processing time: 0.005589 seconds
Computing Block 213 out of 560
Processing Block size=4
begin cleaner{left: ("[FunctionalDependency:(s: {brewery_id}, t: {state})]", 0.0), operator: *, right: (1.0, 1.0), result: 0.0}
列 'p' 不存在，对列 state 不过滤，直接选择所有非无效值。
Block processing time: 0.010907 seconds
Computing Block 214 out of 560
Processing Block size=9
begin cleaner{left: ("[FunctionalDependency:(s: {brewery_id}, t: {state})]", 0.0), operator: *, right: (1.0, 1.0), result: 0.0}
列 'p' 不存在，对列 state 不过滤，直接选择所有非无效值。
Block processing time: 0.022215 seconds
Computing Block 215 out of 560
Processing Block size=2
begin cleaner{left: ("[FunctionalDependency:(s: {brewery_id}, t: {state})]", 0.0), operator: *, right: (1.0, 1.0), result: 0.0}
列 'p' 不存在，对列 state 不过滤，直接选择所有非无效值。
Block processing time: 0.005284 seconds
Computing Block 216 out of 560
Processing Block size=2
begin cleaner{left: ("[FunctionalDependency:(s: {brewery_id}, t: {state})]", 0.0), operator: *, right: (1.0, 1.0), result: 0.0}
列 'p' 不存在，对列 state 不过滤，直接选择所有非无效值。
Block processing time: 0.005328 seconds
Computing Block 217 out of 560
Processing Block size=2
begin cleaner{left: ("[FunctionalDependency:(s: {brewery_id}, t: {state})]", 0.0), operator: *, right: (1.0, 1.0), result: 0.0}
列 'p' 不存在，对列 state 不过滤，直接选择所有非无效值。
Block processing time: 0.005379 seconds
Computing Block 218 out of 560
Processing Block size=2
begin cleaner{left: ("[FunctionalDependency:(s: {brewery_id}, t: {state})]", 0.0), operator: *, right: (1.0, 1.0), result: 0.0}
列 'p' 不存在，对列 state 不过滤，直接选择所有非无效值。
Block processing time: 0.005234 seconds
Computing Block 219 out of 560
Processing Block size=11
begin cleaner{left: ("[FunctionalDependency:(s: {brewery_id}, t: {state})]", 0.0), operator: *, right: (1.0, 1.0), result: 0.0}
列 'p' 不存在，对列 state 不过滤，直接选择所有非无效值。
Block processing time: 0.02654 seconds
Computing Block 220 out of 560
Processing Block size=3
begin cleaner{left: ("[FunctionalDependency:(s: {brewery_id}, t: {state})]", 0.0), operator: *, right: (1.0, 1.0), result: 0.0}
列 'p' 不存在，对列 state 不过滤，直接选择所有非无效值。
clean_bool length:2
newest best op: Uniop(df,'state','PA',(['brewery_id'], {('297',)}),{left: ("[FunctionalDependency:(s: {brewery_id}, t: {state})]", 0.0), operator: *, right: (1.0, 1.0), result: 0.0})
now error: 0.0
Block processing time: 0.017194 seconds
Computing Block 221 out of 560
Processing Block size=8
begin cleaner{left: ("[FunctionalDependency:(s: {brewery_id}, t: {state})]", 0.0), operator: *, right: (1.0, 1.0), result: 0.0}
列 'p' 不存在，对列 state 不过滤，直接选择所有非无效值。
Block processing time: 0.019898 seconds
Computing Block 222 out of 560
Processing Block size=13
begin cleaner{left: ("[FunctionalDependency:(s: {brewery_id}, t: {state})]", 0.0), operator: *, right: (1.0, 1.0), result: 0.0}
列 'p' 不存在，对列 state 不过滤，直接选择所有非无效值。
clean_bool length:2
newest best op: Uniop(df,'state','WI',(['brewery_id'], {('134',)}),{left: ("[FunctionalDependency:(s: {brewery_id}, t: {state})]", 0.0), operator: *, right: (1.0, 1.0), result: 0.0})
now error: 0.0
Block processing time: 0.064612 seconds
Computing Block 223 out of 560
Processing Block size=2
begin cleaner{left: ("[FunctionalDependency:(s: {brewery_id}, t: {state})]", 0.0), operator: *, right: (1.0, 1.0), result: 0.0}
列 'p' 不存在，对列 state 不过滤，直接选择所有非无效值。
Block processing time: 0.005411 seconds
Computing Block 224 out of 560
Processing Block size=2
begin cleaner{left: ("[FunctionalDependency:(s: {brewery_id}, t: {state})]", 0.0), operator: *, right: (1.0, 1.0), result: 0.0}
列 'p' 不存在，对列 state 不过滤，直接选择所有非无效值。
Block processing time: 0.005288 seconds
Computing Block 226 out of 560
Processing Block size=2
begin cleaner{left: ("[FunctionalDependency:(s: {brewery_id}, t: {state})]", 0.0), operator: *, right: (1.0, 1.0), result: 0.0}
列 'p' 不存在，对列 state 不过滤，直接选择所有非无效值。
Block processing time: 0.005239 seconds
Computing Block 227 out of 560
Processing Block size=2
begin cleaner{left: ("[FunctionalDependency:(s: {brewery_id}, t: {state})]", 0.0), operator: *, right: (1.0, 1.0), result: 0.0}
列 'p' 不存在，对列 state 不过滤，直接选择所有非无效值。
Block processing time: 0.005251 seconds
Computing Block 228 out of 560
Processing Block size=9
begin cleaner{left: ("[FunctionalDependency:(s: {brewery_id}, t: {state})]", 0.0), operator: *, right: (1.0, 1.0), result: 0.0}
列 'p' 不存在，对列 state 不过滤，直接选择所有非无效值。
Block processing time: 0.02303 seconds
Computing Block 229 out of 560
Processing Block size=3
begin cleaner{left: ("[FunctionalDependency:(s: {brewery_id}, t: {state})]", 0.0), operator: *, right: (1.0, 1.0), result: 0.0}
列 'p' 不存在，对列 state 不过滤，直接选择所有非无效值。
Block processing time: 0.008164 seconds
Computing Block 230 out of 560
Processing Block size=3
begin cleaner{left: ("[FunctionalDependency:(s: {brewery_id}, t: {state})]", 0.0), operator: *, right: (1.0, 1.0), result: 0.0}
列 'p' 不存在，对列 state 不过滤，直接选择所有非无效值。
Block processing time: 0.008094 seconds
Computing Block 231 out of 560
Processing Block size=10
begin cleaner{left: ("[FunctionalDependency:(s: {brewery_id}, t: {state})]", 0.0), operator: *, right: (1.0, 1.0), result: 0.0}
列 'p' 不存在，对列 state 不过滤，直接选择所有非无效值。
clean_bool length:2
newest best op: Uniop(df,'state','TX',(['brewery_id'], {('125',)}),{left: ("[FunctionalDependency:(s: {brewery_id}, t: {state})]", 0.0), operator: *, right: (1.0, 1.0), result: 0.0})
now error: 0.0
Block processing time: 0.049525 seconds
Computing Block 232 out of 560
Processing Block size=2
begin cleaner{left: ("[FunctionalDependency:(s: {brewery_id}, t: {state})]", 0.0), operator: *, right: (1.0, 1.0), result: 0.0}
列 'p' 不存在，对列 state 不过滤，直接选择所有非无效值。
Block processing time: 0.005437 seconds
Computing Block 234 out of 560
Processing Block size=13
begin cleaner{left: ("[FunctionalDependency:(s: {brewery_id}, t: {state})]", 0.0), operator: *, right: (1.0, 1.0), result: 0.0}
列 'p' 不存在，对列 state 不过滤，直接选择所有非无效值。
Block processing time: 0.032357 seconds
Computing Block 236 out of 560
Processing Block size=2
begin cleaner{left: ("[FunctionalDependency:(s: {brewery_id}, t: {state})]", 0.0), operator: *, right: (1.0, 1.0), result: 0.0}
列 'p' 不存在，对列 state 不过滤，直接选择所有非无效值。
Block processing time: 0.00537 seconds
Computing Block 237 out of 560
Processing Block size=2
begin cleaner{left: ("[FunctionalDependency:(s: {brewery_id}, t: {state})]", 0.0), operator: *, right: (1.0, 1.0), result: 0.0}
列 'p' 不存在，对列 state 不过滤，直接选择所有非无效值。
clean_bool length:2
newest best op: Uniop(df,'state','OR',(['brewery_id'], {('494',)}),{left: ("[FunctionalDependency:(s: {brewery_id}, t: {state})]", 0.0), operator: *, right: (1.0, 1.0), result: 0.0})
now error: 0.0
Block processing time: 0.01249 seconds
Computing Block 238 out of 560
Processing Block size=4
begin cleaner{left: ("[FunctionalDependency:(s: {brewery_id}, t: {state})]", 0.0), operator: *, right: (1.0, 1.0), result: 0.0}
列 'p' 不存在，对列 state 不过滤，直接选择所有非无效值。
Block processing time: 0.010009 seconds
Computing Block 239 out of 560
Processing Block size=2
begin cleaner{left: ("[FunctionalDependency:(s: {brewery_id}, t: {state})]", 0.0), operator: *, right: (1.0, 1.0), result: 0.0}
列 'p' 不存在，对列 state 不过滤，直接选择所有非无效值。
clean_bool length:2
newest best op: Uniop(df,'state','WI',(['brewery_id'], {('542',)}),{left: ("[FunctionalDependency:(s: {brewery_id}, t: {state})]", 0.0), operator: *, right: (1.0, 1.0), result: 0.0})
now error: 0.0
Block processing time: 0.012458 seconds
Computing Block 240 out of 560
Processing Block size=14
begin cleaner{left: ("[FunctionalDependency:(s: {brewery_id}, t: {state})]", 0.0), operator: *, right: (1.0, 1.0), result: 0.0}
列 'p' 不存在，对列 state 不过滤，直接选择所有非无效值。
Block processing time: 0.03483 seconds
Computing Block 241 out of 560
Processing Block size=3
begin cleaner{left: ("[FunctionalDependency:(s: {brewery_id}, t: {state})]", 0.0), operator: *, right: (1.0, 1.0), result: 0.0}
列 'p' 不存在，对列 state 不过滤，直接选择所有非无效值。
Block processing time: 0.007826 seconds
Computing Block 242 out of 560
Processing Block size=5
begin cleaner{left: ("[FunctionalDependency:(s: {brewery_id}, t: {state})]", 0.0), operator: *, right: (1.0, 1.0), result: 0.0}
列 'p' 不存在，对列 state 不过滤，直接选择所有非无效值。
Block processing time: 0.012279 seconds
Computing Block 245 out of 560
Processing Block size=4
begin cleaner{left: ("[FunctionalDependency:(s: {brewery_id}, t: {state})]", 0.0), operator: *, right: (1.0, 1.0), result: 0.0}
列 'p' 不存在，对列 state 不过滤，直接选择所有非无效值。
clean_bool length:2
newest best op: Uniop(df,'state','IN',(['brewery_id'], {('250',)}),{left: ("[FunctionalDependency:(s: {brewery_id}, t: {state})]", 0.0), operator: *, right: (1.0, 1.0), result: 0.0})
now error: 0.0
Block processing time: 0.021857 seconds
Computing Block 246 out of 560
Processing Block size=4
begin cleaner{left: ("[FunctionalDependency:(s: {brewery_id}, t: {state})]", 0.0), operator: *, right: (1.0, 1.0), result: 0.0}
列 'p' 不存在，对列 state 不过滤，直接选择所有非无效值。
Block processing time: 0.010036 seconds
Computing Block 247 out of 560
Processing Block size=2
begin cleaner{left: ("[FunctionalDependency:(s: {brewery_id}, t: {state})]", 0.0), operator: *, right: (1.0, 1.0), result: 0.0}
列 'p' 不存在，对列 state 不过滤，直接选择所有非无效值。
Block processing time: 0.005604 seconds
Computing Block 248 out of 560
Processing Block size=3
begin cleaner{left: ("[FunctionalDependency:(s: {brewery_id}, t: {state})]", 0.0), operator: *, right: (1.0, 1.0), result: 0.0}
列 'p' 不存在，对列 state 不过滤，直接选择所有非无效值。
clean_bool length:2
newest best op: Uniop(df,'state','IA',(['brewery_id'], {('482',)}),{left: ("[FunctionalDependency:(s: {brewery_id}, t: {state})]", 0.0), operator: *, right: (1.0, 1.0), result: 0.0})
now error: 0.0
Block processing time: 0.018401 seconds
Computing Block 251 out of 560
Processing Block size=4
begin cleaner{left: ("[FunctionalDependency:(s: {brewery_id}, t: {state})]", 0.0), operator: *, right: (1.0, 1.0), result: 0.0}
列 'p' 不存在，对列 state 不过滤，直接选择所有非无效值。
Block processing time: 0.010001 seconds
Computing Block 252 out of 560
Processing Block size=2
begin cleaner{left: ("[FunctionalDependency:(s: {brewery_id}, t: {state})]", 0.0), operator: *, right: (1.0, 1.0), result: 0.0}
列 'p' 不存在，对列 state 不过滤，直接选择所有非无效值。
Block processing time: 0.005304 seconds
Computing Block 253 out of 560
Processing Block size=9
begin cleaner{left: ("[FunctionalDependency:(s: {brewery_id}, t: {state})]", 0.0), operator: *, right: (1.0, 1.0), result: 0.0}
列 'p' 不存在，对列 state 不过滤，直接选择所有非无效值。
clean_bool length:2
newest best op: Uniop(df,'state','IN',(['brewery_id'], {('17',)}),{left: ("[FunctionalDependency:(s: {brewery_id}, t: {state})]", 0.0), operator: *, right: (1.0, 1.0), result: 0.0})
now error: 0.0
Block processing time: 0.046196 seconds
Computing Block 254 out of 560
Processing Block size=2
begin cleaner{left: ("[FunctionalDependency:(s: {brewery_id}, t: {state})]", 0.0), operator: *, right: (1.0, 1.0), result: 0.0}
列 'p' 不存在，对列 state 不过滤，直接选择所有非无效值。
Block processing time: 0.005724 seconds
Computing Block 255 out of 560
Processing Block size=4
begin cleaner{left: ("[FunctionalDependency:(s: {brewery_id}, t: {state})]", 0.0), operator: *, right: (1.0, 1.0), result: 0.0}
列 'p' 不存在，对列 state 不过滤，直接选择所有非无效值。
Block processing time: 0.010793 seconds
Computing Block 256 out of 560
Processing Block size=4
begin cleaner{left: ("[FunctionalDependency:(s: {brewery_id}, t: {state})]", 0.0), operator: *, right: (1.0, 1.0), result: 0.0}
列 'p' 不存在，对列 state 不过滤，直接选择所有非无效值。
Block processing time: 0.010649 seconds
Computing Block 257 out of 560
Processing Block size=10
begin cleaner{left: ("[FunctionalDependency:(s: {brewery_id}, t: {state})]", 0.0), operator: *, right: (1.0, 1.0), result: 0.0}
列 'p' 不存在，对列 state 不过滤，直接选择所有非无效值。
Block processing time: 0.024348 seconds
Computing Block 259 out of 560
Processing Block size=2
begin cleaner{left: ("[FunctionalDependency:(s: {brewery_id}, t: {state})]", 0.0), operator: *, right: (1.0, 1.0), result: 0.0}
列 'p' 不存在，对列 state 不过滤，直接选择所有非无效值。
Block processing time: 0.005326 seconds
Computing Block 261 out of 560
Processing Block size=7
begin cleaner{left: ("[FunctionalDependency:(s: {brewery_id}, t: {state})]", 0.0), operator: *, right: (1.0, 1.0), result: 0.0}
列 'p' 不存在，对列 state 不过滤，直接选择所有非无效值。
Block processing time: 0.016801 seconds
Computing Block 262 out of 560
Processing Block size=7
begin cleaner{left: ("[FunctionalDependency:(s: {brewery_id}, t: {state})]", 0.0), operator: *, right: (1.0, 1.0), result: 0.0}
列 'p' 不存在，对列 state 不过滤，直接选择所有非无效值。
Block processing time: 0.016898 seconds
Computing Block 267 out of 560
Processing Block size=3
begin cleaner{left: ("[FunctionalDependency:(s: {brewery_id}, t: {state})]", 0.0), operator: *, right: (1.0, 1.0), result: 0.0}
列 'p' 不存在，对列 state 不过滤，直接选择所有非无效值。
clean_bool length:2
newest best op: Uniop(df,'state','MD',(['brewery_id'], {('255',)}),{left: ("[FunctionalDependency:(s: {brewery_id}, t: {state})]", 0.0), operator: *, right: (1.0, 1.0), result: 0.0})
now error: 0.0
Block processing time: 0.017502 seconds
Computing Block 268 out of 560
Processing Block size=4
begin cleaner{left: ("[FunctionalDependency:(s: {brewery_id}, t: {state})]", 0.0), operator: *, right: (1.0, 1.0), result: 0.0}
列 'p' 不存在，对列 state 不过滤，直接选择所有非无效值。
Block processing time: 0.01053 seconds
Computing Block 270 out of 560
Processing Block size=3
begin cleaner{left: ("[FunctionalDependency:(s: {brewery_id}, t: {state})]", 0.0), operator: *, right: (1.0, 1.0), result: 0.0}
列 'p' 不存在，对列 state 不过滤，直接选择所有非无效值。
Block processing time: 0.007823 seconds
Computing Block 271 out of 560
Processing Block size=2
begin cleaner{left: ("[FunctionalDependency:(s: {brewery_id}, t: {state})]", 0.0), operator: *, right: (1.0, 1.0), result: 0.0}
列 'p' 不存在，对列 state 不过滤，直接选择所有非无效值。
Block processing time: 0.00542 seconds
Computing Block 272 out of 560
Processing Block size=2
begin cleaner{left: ("[FunctionalDependency:(s: {brewery_id}, t: {state})]", 0.0), operator: *, right: (1.0, 1.0), result: 0.0}
列 'p' 不存在，对列 state 不过滤，直接选择所有非无效值。
Block processing time: 0.005309 seconds
Computing Block 274 out of 560
Processing Block size=2
begin cleaner{left: ("[FunctionalDependency:(s: {brewery_id}, t: {state})]", 0.0), operator: *, right: (1.0, 1.0), result: 0.0}
列 'p' 不存在，对列 state 不过滤，直接选择所有非无效值。
Block processing time: 0.005391 seconds
Computing Block 275 out of 560
Processing Block size=2
begin cleaner{left: ("[FunctionalDependency:(s: {brewery_id}, t: {state})]", 0.0), operator: *, right: (1.0, 1.0), result: 0.0}
列 'p' 不存在，对列 state 不过滤，直接选择所有非无效值。
Block processing time: 0.005328 seconds
Computing Block 277 out of 560
Processing Block size=2
begin cleaner{left: ("[FunctionalDependency:(s: {brewery_id}, t: {state})]", 0.0), operator: *, right: (1.0, 1.0), result: 0.0}
列 'p' 不存在，对列 state 不过滤，直接选择所有非无效值。
Block processing time: 0.005364 seconds
Computing Block 279 out of 560
Processing Block size=2
begin cleaner{left: ("[FunctionalDependency:(s: {brewery_id}, t: {state})]", 0.0), operator: *, right: (1.0, 1.0), result: 0.0}
列 'p' 不存在，对列 state 不过滤，直接选择所有非无效值。
Block processing time: 0.005364 seconds
Computing Block 280 out of 560
Processing Block size=32
begin cleaner{left: ("[FunctionalDependency:(s: {brewery_id}, t: {state})]", 0.0), operator: *, right: (1.0, 1.0), result: 0.0}
列 'p' 不存在，对列 state 不过滤，直接选择所有非无效值。
clean_bool length:2
newest best op: Uniop(df,'state','CO',(['brewery_id'], {('166',)}),{left: ("[FunctionalDependency:(s: {brewery_id}, t: {state})]", 0.0), operator: *, right: (1.0, 1.0), result: 0.0})
now error: 0.0
Block processing time: 0.15575 seconds
Computing Block 281 out of 560
Processing Block size=4
begin cleaner{left: ("[FunctionalDependency:(s: {brewery_id}, t: {state})]", 0.0), operator: *, right: (1.0, 1.0), result: 0.0}
列 'p' 不存在，对列 state 不过滤，直接选择所有非无效值。
Block processing time: 0.010153 seconds
Computing Block 282 out of 560
Processing Block size=5
begin cleaner{left: ("[FunctionalDependency:(s: {brewery_id}, t: {state})]", 0.0), operator: *, right: (1.0, 1.0), result: 0.0}
列 'p' 不存在，对列 state 不过滤，直接选择所有非无效值。
Block processing time: 0.012309 seconds
Computing Block 283 out of 560
Processing Block size=5
begin cleaner{left: ("[FunctionalDependency:(s: {brewery_id}, t: {state})]", 0.0), operator: *, right: (1.0, 1.0), result: 0.0}
列 'p' 不存在，对列 state 不过滤，直接选择所有非无效值。
Block processing time: 0.012283 seconds
Computing Block 284 out of 560
Processing Block size=3
begin cleaner{left: ("[FunctionalDependency:(s: {brewery_id}, t: {state})]", 0.0), operator: *, right: (1.0, 1.0), result: 0.0}
列 'p' 不存在，对列 state 不过滤，直接选择所有非无效值。
Block processing time: 0.007632 seconds
Computing Block 285 out of 560
Processing Block size=3
begin cleaner{left: ("[FunctionalDependency:(s: {brewery_id}, t: {state})]", 0.0), operator: *, right: (1.0, 1.0), result: 0.0}
列 'p' 不存在，对列 state 不过滤，直接选择所有非无效值。
Block processing time: 0.007689 seconds
Computing Block 286 out of 560
Processing Block size=5
begin cleaner{left: ("[FunctionalDependency:(s: {brewery_id}, t: {state})]", 0.0), operator: *, right: (1.0, 1.0), result: 0.0}
列 'p' 不存在，对列 state 不过滤，直接选择所有非无效值。
Block processing time: 0.013008 seconds
Computing Block 287 out of 560
Processing Block size=3
begin cleaner{left: ("[FunctionalDependency:(s: {brewery_id}, t: {state})]", 0.0), operator: *, right: (1.0, 1.0), result: 0.0}
列 'p' 不存在，对列 state 不过滤，直接选择所有非无效值。
Block processing time: 0.007633 seconds
Computing Block 288 out of 560
Processing Block size=14
begin cleaner{left: ("[FunctionalDependency:(s: {brewery_id}, t: {state})]", 0.0), operator: *, right: (1.0, 1.0), result: 0.0}
列 'p' 不存在，对列 state 不过滤，直接选择所有非无效值。
clean_bool length:2
newest best op: Uniop(df,'state','OR',(['brewery_id'], {('155',)}),{left: ("[FunctionalDependency:(s: {brewery_id}, t: {state})]", 0.0), operator: *, right: (1.0, 1.0), result: 0.0})
now error: 0.0
Block processing time: 0.069932 seconds
Computing Block 290 out of 560
Processing Block size=2
begin cleaner{left: ("[FunctionalDependency:(s: {brewery_id}, t: {state})]", 0.0), operator: *, right: (1.0, 1.0), result: 0.0}
列 'p' 不存在，对列 state 不过滤，直接选择所有非无效值。
Block processing time: 0.005708 seconds
Computing Block 291 out of 560
Processing Block size=2
begin cleaner{left: ("[FunctionalDependency:(s: {brewery_id}, t: {state})]", 0.0), operator: *, right: (1.0, 1.0), result: 0.0}
列 'p' 不存在，对列 state 不过滤，直接选择所有非无效值。
Block processing time: 0.005689 seconds
Computing Block 292 out of 560
Processing Block size=4
begin cleaner{left: ("[FunctionalDependency:(s: {brewery_id}, t: {state})]", 0.0), operator: *, right: (1.0, 1.0), result: 0.0}
列 'p' 不存在，对列 state 不过滤，直接选择所有非无效值。
clean_bool length:2
newest best op: Uniop(df,'state','MI',(['brewery_id'], {('11',)}),{left: ("[FunctionalDependency:(s: {brewery_id}, t: {state})]", 0.0), operator: *, right: (1.0, 1.0), result: 0.0})
now error: 0.0
Block processing time: 0.022053 seconds
Computing Block 294 out of 560
Processing Block size=2
begin cleaner{left: ("[FunctionalDependency:(s: {brewery_id}, t: {state})]", 0.0), operator: *, right: (1.0, 1.0), result: 0.0}
列 'p' 不存在，对列 state 不过滤，直接选择所有非无效值。
Block processing time: 0.005389 seconds
Computing Block 295 out of 560
Processing Block size=6
begin cleaner{left: ("[FunctionalDependency:(s: {brewery_id}, t: {state})]", 0.0), operator: *, right: (1.0, 1.0), result: 0.0}
列 'p' 不存在，对列 state 不过滤，直接选择所有非无效值。
Block processing time: 0.015552 seconds
Computing Block 296 out of 560
Processing Block size=4
begin cleaner{left: ("[FunctionalDependency:(s: {brewery_id}, t: {state})]", 0.0), operator: *, right: (1.0, 1.0), result: 0.0}
列 'p' 不存在，对列 state 不过滤，直接选择所有非无效值。
Block processing time: 0.009935 seconds
Computing Block 297 out of 560
Processing Block size=3
begin cleaner{left: ("[FunctionalDependency:(s: {brewery_id}, t: {state})]", 0.0), operator: *, right: (1.0, 1.0), result: 0.0}
列 'p' 不存在，对列 state 不过滤，直接选择所有非无效值。
Block processing time: 0.0076 seconds
Computing Block 299 out of 560
Processing Block size=9
begin cleaner{left: ("[FunctionalDependency:(s: {brewery_id}, t: {state})]", 0.0), operator: *, right: (1.0, 1.0), result: 0.0}
列 'p' 不存在，对列 state 不过滤，直接选择所有非无效值。
Block processing time: 0.0216 seconds
Computing Block 301 out of 560
Processing Block size=5
begin cleaner{left: ("[FunctionalDependency:(s: {brewery_id}, t: {state})]", 0.0), operator: *, right: (1.0, 1.0), result: 0.0}
列 'p' 不存在，对列 state 不过滤，直接选择所有非无效值。
Block processing time: 0.012288 seconds
Computing Block 303 out of 560
Processing Block size=5
begin cleaner{left: ("[FunctionalDependency:(s: {brewery_id}, t: {state})]", 0.0), operator: *, right: (1.0, 1.0), result: 0.0}
列 'p' 不存在，对列 state 不过滤，直接选择所有非无效值。
Block processing time: 0.01296 seconds
Computing Block 304 out of 560
Processing Block size=9
begin cleaner{left: ("[FunctionalDependency:(s: {brewery_id}, t: {state})]", 0.0), operator: *, right: (1.0, 1.0), result: 0.0}
列 'p' 不存在，对列 state 不过滤，直接选择所有非无效值。
Block processing time: 0.021939 seconds
Computing Block 306 out of 560
Processing Block size=3
begin cleaner{left: ("[FunctionalDependency:(s: {brewery_id}, t: {state})]", 0.0), operator: *, right: (1.0, 1.0), result: 0.0}
列 'p' 不存在，对列 state 不过滤，直接选择所有非无效值。
Block processing time: 0.007658 seconds
Computing Block 307 out of 560
Processing Block size=7
begin cleaner{left: ("[FunctionalDependency:(s: {brewery_id}, t: {state})]", 0.0), operator: *, right: (1.0, 1.0), result: 0.0}
列 'p' 不存在，对列 state 不过滤，直接选择所有非无效值。
Block processing time: 0.017379 seconds
Computing Block 308 out of 560
Processing Block size=8
begin cleaner{left: ("[FunctionalDependency:(s: {brewery_id}, t: {state})]", 0.0), operator: *, right: (1.0, 1.0), result: 0.0}
列 'p' 不存在，对列 state 不过滤，直接选择所有非无效值。
clean_bool length:2
newest best op: Uniop(df,'state','CO',(['brewery_id'], {('386',)}),{left: ("[FunctionalDependency:(s: {brewery_id}, t: {state})]", 0.0), operator: *, right: (1.0, 1.0), result: 0.0})
now error: 0.0
Block processing time: 0.040882 seconds
Computing Block 309 out of 560
Processing Block size=3
begin cleaner{left: ("[FunctionalDependency:(s: {brewery_id}, t: {state})]", 0.0), operator: *, right: (1.0, 1.0), result: 0.0}
列 'p' 不存在，对列 state 不过滤，直接选择所有非无效值。
Block processing time: 0.007733 seconds
Computing Block 310 out of 560
Processing Block size=4
begin cleaner{left: ("[FunctionalDependency:(s: {brewery_id}, t: {state})]", 0.0), operator: *, right: (1.0, 1.0), result: 0.0}
列 'p' 不存在，对列 state 不过滤，直接选择所有非无效值。
Block processing time: 0.010046 seconds
Computing Block 313 out of 560
Processing Block size=3
begin cleaner{left: ("[FunctionalDependency:(s: {brewery_id}, t: {state})]", 0.0), operator: *, right: (1.0, 1.0), result: 0.0}
列 'p' 不存在，对列 state 不过滤，直接选择所有非无效值。
Block processing time: 0.007936 seconds
Computing Block 314 out of 560
Processing Block size=4
begin cleaner{left: ("[FunctionalDependency:(s: {brewery_id}, t: {state})]", 0.0), operator: *, right: (1.0, 1.0), result: 0.0}
列 'p' 不存在，对列 state 不过滤，直接选择所有非无效值。
Block processing time: 0.009912 seconds
Computing Block 315 out of 560
Processing Block size=4
begin cleaner{left: ("[FunctionalDependency:(s: {brewery_id}, t: {state})]", 0.0), operator: *, right: (1.0, 1.0), result: 0.0}
列 'p' 不存在，对列 state 不过滤，直接选择所有非无效值。
Block processing time: 0.010383 seconds
Computing Block 316 out of 560
Processing Block size=4
begin cleaner{left: ("[FunctionalDependency:(s: {brewery_id}, t: {state})]", 0.0), operator: *, right: (1.0, 1.0), result: 0.0}
列 'p' 不存在，对列 state 不过滤，直接选择所有非无效值。
Block processing time: 0.01061 seconds
Computing Block 317 out of 560
Processing Block size=3
begin cleaner{left: ("[FunctionalDependency:(s: {brewery_id}, t: {state})]", 0.0), operator: *, right: (1.0, 1.0), result: 0.0}
列 'p' 不存在，对列 state 不过滤，直接选择所有非无效值。
Block processing time: 0.008409 seconds
Computing Block 318 out of 560
Processing Block size=6
begin cleaner{left: ("[FunctionalDependency:(s: {brewery_id}, t: {state})]", 0.0), operator: *, right: (1.0, 1.0), result: 0.0}
列 'p' 不存在，对列 state 不过滤，直接选择所有非无效值。
Block processing time: 0.015995 seconds
Computing Block 319 out of 560
Processing Block size=4
begin cleaner{left: ("[FunctionalDependency:(s: {brewery_id}, t: {state})]", 0.0), operator: *, right: (1.0, 1.0), result: 0.0}
列 'p' 不存在，对列 state 不过滤，直接选择所有非无效值。
Block processing time: 0.010404 seconds
Computing Block 320 out of 560
Processing Block size=13
begin cleaner{left: ("[FunctionalDependency:(s: {brewery_id}, t: {state})]", 0.0), operator: *, right: (1.0, 1.0), result: 0.0}
列 'p' 不存在，对列 state 不过滤，直接选择所有非无效值。
clean_bool length:2
newest best op: Uniop(df,'state','NY',(['brewery_id'], {('299',)}),{left: ("[FunctionalDependency:(s: {brewery_id}, t: {state})]", 0.0), operator: *, right: (1.0, 1.0), result: 0.0})
now error: 0.0
Block processing time: 0.06513 seconds
Computing Block 321 out of 560
Processing Block size=2
begin cleaner{left: ("[FunctionalDependency:(s: {brewery_id}, t: {state})]", 0.0), operator: *, right: (1.0, 1.0), result: 0.0}
列 'p' 不存在，对列 state 不过滤，直接选择所有非无效值。
Block processing time: 0.005452 seconds
Computing Block 322 out of 560
Processing Block size=3
begin cleaner{left: ("[FunctionalDependency:(s: {brewery_id}, t: {state})]", 0.0), operator: *, right: (1.0, 1.0), result: 0.0}
列 'p' 不存在，对列 state 不过滤，直接选择所有非无效值。
clean_bool length:2
newest best op: Uniop(df,'state','NC',(['brewery_id'], {('504',)}),{left: ("[FunctionalDependency:(s: {brewery_id}, t: {state})]", 0.0), operator: *, right: (1.0, 1.0), result: 0.0})
now error: 0.0
Block processing time: 0.017458 seconds
Computing Block 324 out of 560
Processing Block size=4
begin cleaner{left: ("[FunctionalDependency:(s: {brewery_id}, t: {state})]", 0.0), operator: *, right: (1.0, 1.0), result: 0.0}
列 'p' 不存在，对列 state 不过滤，直接选择所有非无效值。
Block processing time: 0.010028 seconds
Computing Block 325 out of 560
Processing Block size=3
begin cleaner{left: ("[FunctionalDependency:(s: {brewery_id}, t: {state})]", 0.0), operator: *, right: (1.0, 1.0), result: 0.0}
列 'p' 不存在，对列 state 不过滤，直接选择所有非无效值。
clean_bool length:2
newest best op: Uniop(df,'state','WI',(['brewery_id'], {('228',)}),{left: ("[FunctionalDependency:(s: {brewery_id}, t: {state})]", 0.0), operator: *, right: (1.0, 1.0), result: 0.0})
now error: 0.0
Block processing time: 0.017227 seconds
Computing Block 328 out of 560
Processing Block size=5
begin cleaner{left: ("[FunctionalDependency:(s: {brewery_id}, t: {state})]", 0.0), operator: *, right: (1.0, 1.0), result: 0.0}
列 'p' 不存在，对列 state 不过滤，直接选择所有非无效值。
Block processing time: 0.012774 seconds
Computing Block 329 out of 560
Processing Block size=2
begin cleaner{left: ("[FunctionalDependency:(s: {brewery_id}, t: {state})]", 0.0), operator: *, right: (1.0, 1.0), result: 0.0}
列 'p' 不存在，对列 state 不过滤，直接选择所有非无效值。
Block processing time: 0.005781 seconds
Computing Block 330 out of 560
Processing Block size=6
begin cleaner{left: ("[FunctionalDependency:(s: {brewery_id}, t: {state})]", 0.0), operator: *, right: (1.0, 1.0), result: 0.0}
列 'p' 不存在，对列 state 不过滤，直接选择所有非无效值。
clean_bool length:2
newest best op: Uniop(df,'state','MI',(['brewery_id'], {('72',)}),{left: ("[FunctionalDependency:(s: {brewery_id}, t: {state})]", 0.0), operator: *, right: (1.0, 1.0), result: 0.0})
now error: 0.0
Block processing time: 0.031046 seconds
Computing Block 331 out of 560
Processing Block size=8
begin cleaner{left: ("[FunctionalDependency:(s: {brewery_id}, t: {state})]", 0.0), operator: *, right: (1.0, 1.0), result: 0.0}
列 'p' 不存在，对列 state 不过滤，直接选择所有非无效值。
Block processing time: 0.019986 seconds
Computing Block 332 out of 560
Processing Block size=2
begin cleaner{left: ("[FunctionalDependency:(s: {brewery_id}, t: {state})]", 0.0), operator: *, right: (1.0, 1.0), result: 0.0}
列 'p' 不存在，对列 state 不过滤，直接选择所有非无效值。
Block processing time: 0.005701 seconds
Computing Block 333 out of 560
Processing Block size=6
begin cleaner{left: ("[FunctionalDependency:(s: {brewery_id}, t: {state})]", 0.0), operator: *, right: (1.0, 1.0), result: 0.0}
列 'p' 不存在，对列 state 不过滤，直接选择所有非无效值。
Block processing time: 0.015583 seconds
Computing Block 336 out of 560
Processing Block size=2
begin cleaner{left: ("[FunctionalDependency:(s: {brewery_id}, t: {state})]", 0.0), operator: *, right: (1.0, 1.0), result: 0.0}
列 'p' 不存在，对列 state 不过滤，直接选择所有非无效值。
Block processing time: 0.005329 seconds
Computing Block 338 out of 560
Processing Block size=12
begin cleaner{left: ("[FunctionalDependency:(s: {brewery_id}, t: {state})]", 0.0), operator: *, right: (1.0, 1.0), result: 0.0}
列 'p' 不存在，对列 state 不过滤，直接选择所有非无效值。
Block processing time: 0.029191 seconds
Computing Block 339 out of 560
Processing Block size=9
begin cleaner{left: ("[FunctionalDependency:(s: {brewery_id}, t: {state})]", 0.0), operator: *, right: (1.0, 1.0), result: 0.0}
列 'p' 不存在，对列 state 不过滤，直接选择所有非无效值。
Block processing time: 0.021415 seconds
Computing Block 341 out of 560
Processing Block size=15
begin cleaner{left: ("[FunctionalDependency:(s: {brewery_id}, t: {state})]", 0.0), operator: *, right: (1.0, 1.0), result: 0.0}
列 'p' 不存在，对列 state 不过滤，直接选择所有非无效值。
clean_bool length:2
newest best op: Uniop(df,'state','PA',(['brewery_id'], {('43',)}),{left: ("[FunctionalDependency:(s: {brewery_id}, t: {state})]", 0.0), operator: *, right: (1.0, 1.0), result: 0.0})
now error: 0.0
Block processing time: 0.073212 seconds
Computing Block 342 out of 560
Processing Block size=9
begin cleaner{left: ("[FunctionalDependency:(s: {brewery_id}, t: {state})]", 0.0), operator: *, right: (1.0, 1.0), result: 0.0}
列 'p' 不存在，对列 state 不过滤，直接选择所有非无效值。
Block processing time: 0.021706 seconds
Computing Block 343 out of 560
Processing Block size=2
begin cleaner{left: ("[FunctionalDependency:(s: {brewery_id}, t: {state})]", 0.0), operator: *, right: (1.0, 1.0), result: 0.0}
列 'p' 不存在，对列 state 不过滤，直接选择所有非无效值。
Block processing time: 0.005359 seconds
Computing Block 346 out of 560
Processing Block size=3
begin cleaner{left: ("[FunctionalDependency:(s: {brewery_id}, t: {state})]", 0.0), operator: *, right: (1.0, 1.0), result: 0.0}
列 'p' 不存在，对列 state 不过滤，直接选择所有非无效值。
Block processing time: 0.007858 seconds
Computing Block 347 out of 560
Processing Block size=2
begin cleaner{left: ("[FunctionalDependency:(s: {brewery_id}, t: {state})]", 0.0), operator: *, right: (1.0, 1.0), result: 0.0}
列 'p' 不存在，对列 state 不过滤，直接选择所有非无效值。
Block processing time: 0.005723 seconds
Computing Block 348 out of 560
Processing Block size=4
begin cleaner{left: ("[FunctionalDependency:(s: {brewery_id}, t: {state})]", 0.0), operator: *, right: (1.0, 1.0), result: 0.0}
列 'p' 不存在，对列 state 不过滤，直接选择所有非无效值。
clean_bool length:2
newest best op: Uniop(df,'state','CA',(['brewery_id'], {('98',)}),{left: ("[FunctionalDependency:(s: {brewery_id}, t: {state})]", 0.0), operator: *, right: (1.0, 1.0), result: 0.0})
now error: 0.0
Block processing time: 0.022807 seconds
Computing Block 351 out of 560
Processing Block size=6
begin cleaner{left: ("[FunctionalDependency:(s: {brewery_id}, t: {state})]", 0.0), operator: *, right: (1.0, 1.0), result: 0.0}
列 'p' 不存在，对列 state 不过滤，直接选择所有非无效值。
Block processing time: 0.014897 seconds
Computing Block 352 out of 560
Processing Block size=2
begin cleaner{left: ("[FunctionalDependency:(s: {brewery_id}, t: {state})]", 0.0), operator: *, right: (1.0, 1.0), result: 0.0}
列 'p' 不存在，对列 state 不过滤，直接选择所有非无效值。
Block processing time: 0.005324 seconds
Computing Block 354 out of 560
Processing Block size=2
begin cleaner{left: ("[FunctionalDependency:(s: {brewery_id}, t: {state})]", 0.0), operator: *, right: (1.0, 1.0), result: 0.0}
列 'p' 不存在，对列 state 不过滤，直接选择所有非无效值。
Block processing time: 0.005246 seconds
Computing Block 355 out of 560
Processing Block size=2
begin cleaner{left: ("[FunctionalDependency:(s: {brewery_id}, t: {state})]", 0.0), operator: *, right: (1.0, 1.0), result: 0.0}
列 'p' 不存在，对列 state 不过滤，直接选择所有非无效值。
Block processing time: 0.00527 seconds
Computing Block 356 out of 560
Processing Block size=4
begin cleaner{left: ("[FunctionalDependency:(s: {brewery_id}, t: {state})]", 0.0), operator: *, right: (1.0, 1.0), result: 0.0}
列 'p' 不存在，对列 state 不过滤，直接选择所有非无效值。
clean_bool length:2
newest best op: Uniop(df,'state','VA',(['brewery_id'], {('382',)}),{left: ("[FunctionalDependency:(s: {brewery_id}, t: {state})]", 0.0), operator: *, right: (1.0, 1.0), result: 0.0})
now error: 0.0
Block processing time: 0.023494 seconds
Computing Block 357 out of 560
Processing Block size=4
begin cleaner{left: ("[FunctionalDependency:(s: {brewery_id}, t: {state})]", 0.0), operator: *, right: (1.0, 1.0), result: 0.0}
列 'p' 不存在，对列 state 不过滤，直接选择所有非无效值。
Block processing time: 0.010773 seconds
Computing Block 358 out of 560
Processing Block size=3
begin cleaner{left: ("[FunctionalDependency:(s: {brewery_id}, t: {state})]", 0.0), operator: *, right: (1.0, 1.0), result: 0.0}
列 'p' 不存在，对列 state 不过滤，直接选择所有非无效值。
Block processing time: 0.007792 seconds
Computing Block 360 out of 560
Processing Block size=2
begin cleaner{left: ("[FunctionalDependency:(s: {brewery_id}, t: {state})]", 0.0), operator: *, right: (1.0, 1.0), result: 0.0}
列 'p' 不存在，对列 state 不过滤，直接选择所有非无效值。
Block processing time: 0.005317 seconds
Computing Block 361 out of 560
Processing Block size=7
begin cleaner{left: ("[FunctionalDependency:(s: {brewery_id}, t: {state})]", 0.0), operator: *, right: (1.0, 1.0), result: 0.0}
列 'p' 不存在，对列 state 不过滤，直接选择所有非无效值。
Block processing time: 0.017609 seconds
Computing Block 362 out of 560
Processing Block size=12
begin cleaner{left: ("[FunctionalDependency:(s: {brewery_id}, t: {state})]", 0.0), operator: *, right: (1.0, 1.0), result: 0.0}
列 'p' 不存在，对列 state 不过滤，直接选择所有非无效值。
clean_bool length:2
newest best op: Uniop(df,'state','IL',(['brewery_id'], {('175',)}),{left: ("[FunctionalDependency:(s: {brewery_id}, t: {state})]", 0.0), operator: *, right: (1.0, 1.0), result: 0.0})
now error: 0.0
Block processing time: 0.058493 seconds
Computing Block 364 out of 560
Processing Block size=22
begin cleaner{left: ("[FunctionalDependency:(s: {brewery_id}, t: {state})]", 0.0), operator: *, right: (1.0, 1.0), result: 0.0}
列 'p' 不存在，对列 state 不过滤，直接选择所有非无效值。
Block processing time: 0.051584 seconds
Computing Block 365 out of 560
Processing Block size=10
begin cleaner{left: ("[FunctionalDependency:(s: {brewery_id}, t: {state})]", 0.0), operator: *, right: (1.0, 1.0), result: 0.0}
列 'p' 不存在，对列 state 不过滤，直接选择所有非无效值。
Block processing time: 0.023913 seconds
Computing Block 366 out of 560
Processing Block size=3
begin cleaner{left: ("[FunctionalDependency:(s: {brewery_id}, t: {state})]", 0.0), operator: *, right: (1.0, 1.0), result: 0.0}
列 'p' 不存在，对列 state 不过滤，直接选择所有非无效值。
Block processing time: 0.007733 seconds
Computing Block 367 out of 560
Processing Block size=8
begin cleaner{left: ("[FunctionalDependency:(s: {brewery_id}, t: {state})]", 0.0), operator: *, right: (1.0, 1.0), result: 0.0}
列 'p' 不存在，对列 state 不过滤，直接选择所有非无效值。
Block processing time: 0.020347 seconds
Computing Block 368 out of 560
Processing Block size=3
begin cleaner{left: ("[FunctionalDependency:(s: {brewery_id}, t: {state})]", 0.0), operator: *, right: (1.0, 1.0), result: 0.0}
列 'p' 不存在，对列 state 不过滤，直接选择所有非无效值。
Block processing time: 0.008272 seconds
Computing Block 370 out of 560
Processing Block size=4
begin cleaner{left: ("[FunctionalDependency:(s: {brewery_id}, t: {state})]", 0.0), operator: *, right: (1.0, 1.0), result: 0.0}
列 'p' 不存在，对列 state 不过滤，直接选择所有非无效值。
Block processing time: 0.010609 seconds
Computing Block 371 out of 560
Processing Block size=4
begin cleaner{left: ("[FunctionalDependency:(s: {brewery_id}, t: {state})]", 0.0), operator: *, right: (1.0, 1.0), result: 0.0}
列 'p' 不存在，对列 state 不过滤，直接选择所有非无效值。
Block processing time: 0.010187 seconds
Computing Block 372 out of 560
Processing Block size=5
begin cleaner{left: ("[FunctionalDependency:(s: {brewery_id}, t: {state})]", 0.0), operator: *, right: (1.0, 1.0), result: 0.0}
列 'p' 不存在，对列 state 不过滤，直接选择所有非无效值。
clean_bool length:2
newest best op: Uniop(df,'state','MA',(['brewery_id'], {('230',)}),{left: ("[FunctionalDependency:(s: {brewery_id}, t: {state})]", 0.0), operator: *, right: (1.0, 1.0), result: 0.0})
now error: 0.0
Block processing time: 0.028793 seconds
Computing Block 373 out of 560
Processing Block size=3
begin cleaner{left: ("[FunctionalDependency:(s: {brewery_id}, t: {state})]", 0.0), operator: *, right: (1.0, 1.0), result: 0.0}
列 'p' 不存在，对列 state 不过滤，直接选择所有非无效值。
Block processing time: 0.007727 seconds
Computing Block 374 out of 560
Processing Block size=5
begin cleaner{left: ("[FunctionalDependency:(s: {brewery_id}, t: {state})]", 0.0), operator: *, right: (1.0, 1.0), result: 0.0}
列 'p' 不存在，对列 state 不过滤，直接选择所有非无效值。
Block processing time: 0.012265 seconds
Computing Block 375 out of 560
Processing Block size=2
begin cleaner{left: ("[FunctionalDependency:(s: {brewery_id}, t: {state})]", 0.0), operator: *, right: (1.0, 1.0), result: 0.0}
列 'p' 不存在，对列 state 不过滤，直接选择所有非无效值。
Block processing time: 0.005265 seconds
Computing Block 376 out of 560
Processing Block size=2
begin cleaner{left: ("[FunctionalDependency:(s: {brewery_id}, t: {state})]", 0.0), operator: *, right: (1.0, 1.0), result: 0.0}
列 'p' 不存在，对列 state 不过滤，直接选择所有非无效值。
Block processing time: 0.005306 seconds
Computing Block 378 out of 560
Processing Block size=2
begin cleaner{left: ("[FunctionalDependency:(s: {brewery_id}, t: {state})]", 0.0), operator: *, right: (1.0, 1.0), result: 0.0}
列 'p' 不存在，对列 state 不过滤，直接选择所有非无效值。
Block processing time: 0.005277 seconds
Computing Block 379 out of 560
Processing Block size=4
begin cleaner{left: ("[FunctionalDependency:(s: {brewery_id}, t: {state})]", 0.0), operator: *, right: (1.0, 1.0), result: 0.0}
列 'p' 不存在，对列 state 不过滤，直接选择所有非无效值。
Block processing time: 0.00991 seconds
Computing Block 380 out of 560
Processing Block size=7
begin cleaner{left: ("[FunctionalDependency:(s: {brewery_id}, t: {state})]", 0.0), operator: *, right: (1.0, 1.0), result: 0.0}
列 'p' 不存在，对列 state 不过滤，直接选择所有非无效值。
Block processing time: 0.018069 seconds
Computing Block 381 out of 560
Processing Block size=19
begin cleaner{left: ("[FunctionalDependency:(s: {brewery_id}, t: {state})]", 0.0), operator: *, right: (1.0, 1.0), result: 0.0}
列 'p' 不存在，对列 state 不过滤，直接选择所有非无效值。
clean_bool length:2
newest best op: Uniop(df,'state','CO',(['brewery_id'], {('107',)}),{left: ("[FunctionalDependency:(s: {brewery_id}, t: {state})]", 0.0), operator: *, right: (1.0, 1.0), result: 0.0})
now error: 0.0
Block processing time: 0.091796 seconds
Computing Block 382 out of 560
Processing Block size=3
begin cleaner{left: ("[FunctionalDependency:(s: {brewery_id}, t: {state})]", 0.0), operator: *, right: (1.0, 1.0), result: 0.0}
列 'p' 不存在，对列 state 不过滤，直接选择所有非无效值。
Block processing time: 0.008322 seconds
Computing Block 383 out of 560
Processing Block size=2
begin cleaner{left: ("[FunctionalDependency:(s: {brewery_id}, t: {state})]", 0.0), operator: *, right: (1.0, 1.0), result: 0.0}
列 'p' 不存在，对列 state 不过滤，直接选择所有非无效值。
Block processing time: 0.005657 seconds
Computing Block 384 out of 560
Processing Block size=3
begin cleaner{left: ("[FunctionalDependency:(s: {brewery_id}, t: {state})]", 0.0), operator: *, right: (1.0, 1.0), result: 0.0}
列 'p' 不存在，对列 state 不过滤，直接选择所有非无效值。
Block processing time: 0.007812 seconds
Computing Block 385 out of 560
Processing Block size=2
begin cleaner{left: ("[FunctionalDependency:(s: {brewery_id}, t: {state})]", 0.0), operator: *, right: (1.0, 1.0), result: 0.0}
列 'p' 不存在，对列 state 不过滤，直接选择所有非无效值。
Block processing time: 0.005778 seconds
Computing Block 386 out of 560
Processing Block size=4
begin cleaner{left: ("[FunctionalDependency:(s: {brewery_id}, t: {state})]", 0.0), operator: *, right: (1.0, 1.0), result: 0.0}
列 'p' 不存在，对列 state 不过滤，直接选择所有非无效值。
Block processing time: 0.010313 seconds
Computing Block 387 out of 560
Processing Block size=4
begin cleaner{left: ("[FunctionalDependency:(s: {brewery_id}, t: {state})]", 0.0), operator: *, right: (1.0, 1.0), result: 0.0}
列 'p' 不存在，对列 state 不过滤，直接选择所有非无效值。
Block processing time: 0.01096 seconds
Computing Block 388 out of 560
Processing Block size=3
begin cleaner{left: ("[FunctionalDependency:(s: {brewery_id}, t: {state})]", 0.0), operator: *, right: (1.0, 1.0), result: 0.0}
列 'p' 不存在，对列 state 不过滤，直接选择所有非无效值。
Block processing time: 0.008214 seconds
Computing Block 389 out of 560
Processing Block size=4
begin cleaner{left: ("[FunctionalDependency:(s: {brewery_id}, t: {state})]", 0.0), operator: *, right: (1.0, 1.0), result: 0.0}
列 'p' 不存在，对列 state 不过滤，直接选择所有非无效值。
clean_bool length:2
newest best op: Uniop(df,'state','VA',(['brewery_id'], {('236',)}),{left: ("[FunctionalDependency:(s: {brewery_id}, t: {state})]", 0.0), operator: *, right: (1.0, 1.0), result: 0.0})
now error: 0.0
Block processing time: 0.021862 seconds
Computing Block 390 out of 560
Processing Block size=3
begin cleaner{left: ("[FunctionalDependency:(s: {brewery_id}, t: {state})]", 0.0), operator: *, right: (1.0, 1.0), result: 0.0}
列 'p' 不存在，对列 state 不过滤，直接选择所有非无效值。
Block processing time: 0.007779 seconds
Computing Block 391 out of 560
Processing Block size=2
begin cleaner{left: ("[FunctionalDependency:(s: {brewery_id}, t: {state})]", 0.0), operator: *, right: (1.0, 1.0), result: 0.0}
列 'p' 不存在，对列 state 不过滤，直接选择所有非无效值。
Block processing time: 0.005339 seconds
Computing Block 392 out of 560
Processing Block size=2
begin cleaner{left: ("[FunctionalDependency:(s: {brewery_id}, t: {state})]", 0.0), operator: *, right: (1.0, 1.0), result: 0.0}
列 'p' 不存在，对列 state 不过滤，直接选择所有非无效值。
Block processing time: 0.005243 seconds
Computing Block 393 out of 560
Processing Block size=3
begin cleaner{left: ("[FunctionalDependency:(s: {brewery_id}, t: {state})]", 0.0), operator: *, right: (1.0, 1.0), result: 0.0}
列 'p' 不存在，对列 state 不过滤，直接选择所有非无效值。
Block processing time: 0.007684 seconds
Computing Block 394 out of 560
Processing Block size=7
begin cleaner{left: ("[FunctionalDependency:(s: {brewery_id}, t: {state})]", 0.0), operator: *, right: (1.0, 1.0), result: 0.0}
列 'p' 不存在，对列 state 不过滤，直接选择所有非无效值。
Block processing time: 0.01758 seconds
Computing Block 397 out of 560
Processing Block size=3
begin cleaner{left: ("[FunctionalDependency:(s: {brewery_id}, t: {state})]", 0.0), operator: *, right: (1.0, 1.0), result: 0.0}
列 'p' 不存在，对列 state 不过滤，直接选择所有非无效值。
clean_bool length:2
newest best op: Uniop(df,'state','MT',(['brewery_id'], {('499',)}),{left: ("[FunctionalDependency:(s: {brewery_id}, t: {state})]", 0.0), operator: *, right: (1.0, 1.0), result: 0.0})
now error: 0.0
Block processing time: 0.017188 seconds
Computing Block 398 out of 560
Processing Block size=12
begin cleaner{left: ("[FunctionalDependency:(s: {brewery_id}, t: {state})]", 0.0), operator: *, right: (1.0, 1.0), result: 0.0}
列 'p' 不存在，对列 state 不过滤，直接选择所有非无效值。
clean_bool length:2
newest best op: Uniop(df,'state','PA',(['brewery_id'], {('371',)}),{left: ("[FunctionalDependency:(s: {brewery_id}, t: {state})]", 0.0), operator: *, right: (1.0, 1.0), result: 0.0})
now error: 0.0
Block processing time: 0.05913 seconds
Computing Block 399 out of 560
Processing Block size=10
begin cleaner{left: ("[FunctionalDependency:(s: {brewery_id}, t: {state})]", 0.0), operator: *, right: (1.0, 1.0), result: 0.0}
列 'p' 不存在，对列 state 不过滤，直接选择所有非无效值。
Block processing time: 0.024874 seconds
Computing Block 400 out of 560
Processing Block size=4
begin cleaner{left: ("[FunctionalDependency:(s: {brewery_id}, t: {state})]", 0.0), operator: *, right: (1.0, 1.0), result: 0.0}
列 'p' 不存在，对列 state 不过滤，直接选择所有非无效值。
Block processing time: 0.010038 seconds
Computing Block 401 out of 560
Processing Block size=2
begin cleaner{left: ("[FunctionalDependency:(s: {brewery_id}, t: {state})]", 0.0), operator: *, right: (1.0, 1.0), result: 0.0}
列 'p' 不存在，对列 state 不过滤，直接选择所有非无效值。
Block processing time: 0.005335 seconds
Computing Block 402 out of 560
Processing Block size=8
begin cleaner{left: ("[FunctionalDependency:(s: {brewery_id}, t: {state})]", 0.0), operator: *, right: (1.0, 1.0), result: 0.0}
列 'p' 不存在，对列 state 不过滤，直接选择所有非无效值。
clean_bool length:2
newest best op: Uniop(df,'state','TX',(['brewery_id'], {('161',)}),{left: ("[FunctionalDependency:(s: {brewery_id}, t: {state})]", 0.0), operator: *, right: (1.0, 1.0), result: 0.0})
now error: 0.0
Block processing time: 0.040216 seconds
Computing Block 403 out of 560
Processing Block size=4
begin cleaner{left: ("[FunctionalDependency:(s: {brewery_id}, t: {state})]", 0.0), operator: *, right: (1.0, 1.0), result: 0.0}
列 'p' 不存在，对列 state 不过滤，直接选择所有非无效值。
Block processing time: 0.010124 seconds
Computing Block 405 out of 560
Processing Block size=5
begin cleaner{left: ("[FunctionalDependency:(s: {brewery_id}, t: {state})]", 0.0), operator: *, right: (1.0, 1.0), result: 0.0}
列 'p' 不存在，对列 state 不过滤，直接选择所有非无效值。
Block processing time: 0.012267 seconds
Computing Block 406 out of 560
Processing Block size=3
begin cleaner{left: ("[FunctionalDependency:(s: {brewery_id}, t: {state})]", 0.0), operator: *, right: (1.0, 1.0), result: 0.0}
列 'p' 不存在，对列 state 不过滤，直接选择所有非无效值。
Block processing time: 0.007667 seconds
Computing Block 408 out of 560
Processing Block size=2
begin cleaner{left: ("[FunctionalDependency:(s: {brewery_id}, t: {state})]", 0.0), operator: *, right: (1.0, 1.0), result: 0.0}
列 'p' 不存在，对列 state 不过滤，直接选择所有非无效值。
clean_bool length:2
newest best op: Uniop(df,'state','TX',(['brewery_id'], {('426',)}),{left: ("[FunctionalDependency:(s: {brewery_id}, t: {state})]", 0.0), operator: *, right: (1.0, 1.0), result: 0.0})
now error: 0.0
Block processing time: 0.012547 seconds
Computing Block 409 out of 560
Processing Block size=5
begin cleaner{left: ("[FunctionalDependency:(s: {brewery_id}, t: {state})]", 0.0), operator: *, right: (1.0, 1.0), result: 0.0}
列 'p' 不存在，对列 state 不过滤，直接选择所有非无效值。
Block processing time: 0.012387 seconds
Computing Block 410 out of 560
Processing Block size=2
begin cleaner{left: ("[FunctionalDependency:(s: {brewery_id}, t: {state})]", 0.0), operator: *, right: (1.0, 1.0), result: 0.0}
列 'p' 不存在，对列 state 不过滤，直接选择所有非无效值。
Block processing time: 0.005262 seconds
Computing Block 411 out of 560
Processing Block size=3
begin cleaner{left: ("[FunctionalDependency:(s: {brewery_id}, t: {state})]", 0.0), operator: *, right: (1.0, 1.0), result: 0.0}
列 'p' 不存在，对列 state 不过滤，直接选择所有非无效值。
Block processing time: 0.007723 seconds
Computing Block 412 out of 560
Processing Block size=4
begin cleaner{left: ("[FunctionalDependency:(s: {brewery_id}, t: {state})]", 0.0), operator: *, right: (1.0, 1.0), result: 0.0}
列 'p' 不存在，对列 state 不过滤，直接选择所有非无效值。
Block processing time: 0.010003 seconds
Computing Block 413 out of 560
Processing Block size=5
begin cleaner{left: ("[FunctionalDependency:(s: {brewery_id}, t: {state})]", 0.0), operator: *, right: (1.0, 1.0), result: 0.0}
列 'p' 不存在，对列 state 不过滤，直接选择所有非无效值。
Block processing time: 0.01229 seconds
Computing Block 414 out of 560
Processing Block size=4
begin cleaner{left: ("[FunctionalDependency:(s: {brewery_id}, t: {state})]", 0.0), operator: *, right: (1.0, 1.0), result: 0.0}
列 'p' 不存在，对列 state 不过滤，直接选择所有非无效值。
Block processing time: 0.010031 seconds
Computing Block 415 out of 560
Processing Block size=4
begin cleaner{left: ("[FunctionalDependency:(s: {brewery_id}, t: {state})]", 0.0), operator: *, right: (1.0, 1.0), result: 0.0}
列 'p' 不存在，对列 state 不过滤，直接选择所有非无效值。
Block processing time: 0.010064 seconds
Computing Block 416 out of 560
Processing Block size=2
begin cleaner{left: ("[FunctionalDependency:(s: {brewery_id}, t: {state})]", 0.0), operator: *, right: (1.0, 1.0), result: 0.0}
列 'p' 不存在，对列 state 不过滤，直接选择所有非无效值。
clean_bool length:2
newest best op: Uniop(df,'state','ME',(['brewery_id'], {('42',)}),{left: ("[FunctionalDependency:(s: {brewery_id}, t: {state})]", 0.0), operator: *, right: (1.0, 1.0), result: 0.0})
now error: 0.0
Block processing time: 0.012462 seconds
Computing Block 417 out of 560
Processing Block size=2
begin cleaner{left: ("[FunctionalDependency:(s: {brewery_id}, t: {state})]", 0.0), operator: *, right: (1.0, 1.0), result: 0.0}
列 'p' 不存在，对列 state 不过滤，直接选择所有非无效值。
Block processing time: 0.005326 seconds
Computing Block 418 out of 560
Processing Block size=5
begin cleaner{left: ("[FunctionalDependency:(s: {brewery_id}, t: {state})]", 0.0), operator: *, right: (1.0, 1.0), result: 0.0}
列 'p' 不存在，对列 state 不过滤，直接选择所有非无效值。
Block processing time: 0.012267 seconds
Computing Block 420 out of 560
Processing Block size=5
begin cleaner{left: ("[FunctionalDependency:(s: {brewery_id}, t: {state})]", 0.0), operator: *, right: (1.0, 1.0), result: 0.0}
列 'p' 不存在，对列 state 不过滤，直接选择所有非无效值。
Block processing time: 0.013101 seconds
Computing Block 421 out of 560
Processing Block size=2
begin cleaner{left: ("[FunctionalDependency:(s: {brewery_id}, t: {state})]", 0.0), operator: *, right: (1.0, 1.0), result: 0.0}
列 'p' 不存在，对列 state 不过滤，直接选择所有非无效值。
Block processing time: 0.005469 seconds
Computing Block 422 out of 560
Processing Block size=2
begin cleaner{left: ("[FunctionalDependency:(s: {brewery_id}, t: {state})]", 0.0), operator: *, right: (1.0, 1.0), result: 0.0}
列 'p' 不存在，对列 state 不过滤，直接选择所有非无效值。
Block processing time: 0.005335 seconds
Computing Block 423 out of 560
Processing Block size=3
begin cleaner{left: ("[FunctionalDependency:(s: {brewery_id}, t: {state})]", 0.0), operator: *, right: (1.0, 1.0), result: 0.0}
列 'p' 不存在，对列 state 不过滤，直接选择所有非无效值。
Block processing time: 0.00786 seconds
Computing Block 424 out of 560
Processing Block size=5
begin cleaner{left: ("[FunctionalDependency:(s: {brewery_id}, t: {state})]", 0.0), operator: *, right: (1.0, 1.0), result: 0.0}
列 'p' 不存在，对列 state 不过滤，直接选择所有非无效值。
Block processing time: 0.012264 seconds
Computing Block 425 out of 560
Processing Block size=2
begin cleaner{left: ("[FunctionalDependency:(s: {brewery_id}, t: {state})]", 0.0), operator: *, right: (1.0, 1.0), result: 0.0}
列 'p' 不存在，对列 state 不过滤，直接选择所有非无效值。
Block processing time: 0.005257 seconds
Computing Block 426 out of 560
Processing Block size=4
begin cleaner{left: ("[FunctionalDependency:(s: {brewery_id}, t: {state})]", 0.0), operator: *, right: (1.0, 1.0), result: 0.0}
列 'p' 不存在，对列 state 不过滤，直接选择所有非无效值。
Block processing time: 0.010003 seconds
Computing Block 427 out of 560
Processing Block size=4
begin cleaner{left: ("[FunctionalDependency:(s: {brewery_id}, t: {state})]", 0.0), operator: *, right: (1.0, 1.0), result: 0.0}
列 'p' 不存在，对列 state 不过滤，直接选择所有非无效值。
Block processing time: 0.009812 seconds
Computing Block 428 out of 560
Processing Block size=2
begin cleaner{left: ("[FunctionalDependency:(s: {brewery_id}, t: {state})]", 0.0), operator: *, right: (1.0, 1.0), result: 0.0}
列 'p' 不存在，对列 state 不过滤，直接选择所有非无效值。
clean_bool length:2
newest best op: Uniop(df,'state','ME',(['brewery_id'], {('266',)}),{left: ("[FunctionalDependency:(s: {brewery_id}, t: {state})]", 0.0), operator: *, right: (1.0, 1.0), result: 0.0})
now error: 0.0
Block processing time: 0.012567 seconds
Computing Block 430 out of 560
Processing Block size=3
begin cleaner{left: ("[FunctionalDependency:(s: {brewery_id}, t: {state})]", 0.0), operator: *, right: (1.0, 1.0), result: 0.0}
列 'p' 不存在，对列 state 不过滤，直接选择所有非无效值。
Block processing time: 0.007893 seconds
Computing Block 431 out of 560
Processing Block size=7
begin cleaner{left: ("[FunctionalDependency:(s: {brewery_id}, t: {state})]", 0.0), operator: *, right: (1.0, 1.0), result: 0.0}
列 'p' 不存在，对列 state 不过滤，直接选择所有非无效值。
Block processing time: 0.016881 seconds
Computing Block 432 out of 560
Processing Block size=2
begin cleaner{left: ("[FunctionalDependency:(s: {brewery_id}, t: {state})]", 0.0), operator: *, right: (1.0, 1.0), result: 0.0}
列 'p' 不存在，对列 state 不过滤，直接选择所有非无效值。
clean_bool length:2
newest best op: Uniop(df,'state','CO',(['brewery_id'], {('452',)}),{left: ("[FunctionalDependency:(s: {brewery_id}, t: {state})]", 0.0), operator: *, right: (1.0, 1.0), result: 0.0})
now error: 0.0
Block processing time: 0.012401 seconds
Computing Block 433 out of 560
Processing Block size=10
begin cleaner{left: ("[FunctionalDependency:(s: {brewery_id}, t: {state})]", 0.0), operator: *, right: (1.0, 1.0), result: 0.0}
列 'p' 不存在，对列 state 不过滤，直接选择所有非无效值。
clean_bool length:2
newest best op: Uniop(df,'state','IL',(['brewery_id'], {('361',)}),{left: ("[FunctionalDependency:(s: {brewery_id}, t: {state})]", 0.0), operator: *, right: (1.0, 1.0), result: 0.0})
now error: 0.0
Block processing time: 0.049977 seconds
Computing Block 434 out of 560
Processing Block size=2
begin cleaner{left: ("[FunctionalDependency:(s: {brewery_id}, t: {state})]", 0.0), operator: *, right: (1.0, 1.0), result: 0.0}
列 'p' 不存在，对列 state 不过滤，直接选择所有非无效值。
Block processing time: 0.005436 seconds
Computing Block 436 out of 560
Processing Block size=12
begin cleaner{left: ("[FunctionalDependency:(s: {brewery_id}, t: {state})]", 0.0), operator: *, right: (1.0, 1.0), result: 0.0}
列 'p' 不存在，对列 state 不过滤，直接选择所有非无效值。
Block processing time: 0.028474 seconds
Computing Block 437 out of 560
Processing Block size=4
begin cleaner{left: ("[FunctionalDependency:(s: {brewery_id}, t: {state})]", 0.0), operator: *, right: (1.0, 1.0), result: 0.0}
列 'p' 不存在，对列 state 不过滤，直接选择所有非无效值。
Block processing time: 0.009916 seconds
Computing Block 438 out of 560
Processing Block size=4
begin cleaner{left: ("[FunctionalDependency:(s: {brewery_id}, t: {state})]", 0.0), operator: *, right: (1.0, 1.0), result: 0.0}
列 'p' 不存在，对列 state 不过滤，直接选择所有非无效值。
Block processing time: 0.010889 seconds
Computing Block 439 out of 560
Processing Block size=4
begin cleaner{left: ("[FunctionalDependency:(s: {brewery_id}, t: {state})]", 0.0), operator: *, right: (1.0, 1.0), result: 0.0}
列 'p' 不存在，对列 state 不过滤，直接选择所有非无效值。
Block processing time: 0.010755 seconds
Computing Block 440 out of 560
Processing Block size=2
begin cleaner{left: ("[FunctionalDependency:(s: {brewery_id}, t: {state})]", 0.0), operator: *, right: (1.0, 1.0), result: 0.0}
列 'p' 不存在，对列 state 不过滤，直接选择所有非无效值。
Block processing time: 0.005637 seconds
Computing Block 441 out of 560
Processing Block size=2
begin cleaner{left: ("[FunctionalDependency:(s: {brewery_id}, t: {state})]", 0.0), operator: *, right: (1.0, 1.0), result: 0.0}
列 'p' 不存在，对列 state 不过滤，直接选择所有非无效值。
Block processing time: 0.005771 seconds
Computing Block 442 out of 560
Processing Block size=5
begin cleaner{left: ("[FunctionalDependency:(s: {brewery_id}, t: {state})]", 0.0), operator: *, right: (1.0, 1.0), result: 0.0}
列 'p' 不存在，对列 state 不过滤，直接选择所有非无效值。
Block processing time: 0.012212 seconds
Computing Block 443 out of 560
Processing Block size=6
begin cleaner{left: ("[FunctionalDependency:(s: {brewery_id}, t: {state})]", 0.0), operator: *, right: (1.0, 1.0), result: 0.0}
列 'p' 不存在，对列 state 不过滤，直接选择所有非无效值。
clean_bool length:2
newest best op: Uniop(df,'state','WI',(['brewery_id'], {('32',)}),{left: ("[FunctionalDependency:(s: {brewery_id}, t: {state})]", 0.0), operator: *, right: (1.0, 1.0), result: 0.0})
now error: 0.0
Block processing time: 0.031409 seconds
Computing Block 445 out of 560
Processing Block size=6
begin cleaner{left: ("[FunctionalDependency:(s: {brewery_id}, t: {state})]", 0.0), operator: *, right: (1.0, 1.0), result: 0.0}
列 'p' 不存在，对列 state 不过滤，直接选择所有非无效值。
Block processing time: 0.014812 seconds
Computing Block 446 out of 560
Processing Block size=2
begin cleaner{left: ("[FunctionalDependency:(s: {brewery_id}, t: {state})]", 0.0), operator: *, right: (1.0, 1.0), result: 0.0}
列 'p' 不存在，对列 state 不过滤，直接选择所有非无效值。
Block processing time: 0.005332 seconds
Computing Block 448 out of 560
Processing Block size=6
begin cleaner{left: ("[FunctionalDependency:(s: {brewery_id}, t: {state})]", 0.0), operator: *, right: (1.0, 1.0), result: 0.0}
列 'p' 不存在，对列 state 不过滤，直接选择所有非无效值。
clean_bool length:2
newest best op: Uniop(df,'state','CO',(['brewery_id'], {('110',)}),{left: ("[FunctionalDependency:(s: {brewery_id}, t: {state})]", 0.0), operator: *, right: (1.0, 1.0), result: 0.0})
now error: 0.0
Block processing time: 0.031177 seconds
Computing Block 449 out of 560
Processing Block size=4
begin cleaner{left: ("[FunctionalDependency:(s: {brewery_id}, t: {state})]", 0.0), operator: *, right: (1.0, 1.0), result: 0.0}
列 'p' 不存在，对列 state 不过滤，直接选择所有非无效值。
Block processing time: 0.010074 seconds
Computing Block 450 out of 560
Processing Block size=6
begin cleaner{left: ("[FunctionalDependency:(s: {brewery_id}, t: {state})]", 0.0), operator: *, right: (1.0, 1.0), result: 0.0}
列 'p' 不存在，对列 state 不过滤，直接选择所有非无效值。
Block processing time: 0.014694 seconds
Computing Block 451 out of 560
Processing Block size=6
begin cleaner{left: ("[FunctionalDependency:(s: {brewery_id}, t: {state})]", 0.0), operator: *, right: (1.0, 1.0), result: 0.0}
列 'p' 不存在，对列 state 不过滤，直接选择所有非无效值。
clean_bool length:2
newest best op: Uniop(df,'state','OR',(['brewery_id'], {('387',)}),{left: ("[FunctionalDependency:(s: {brewery_id}, t: {state})]", 0.0), operator: *, right: (1.0, 1.0), result: 0.0})
now error: 0.0
Block processing time: 0.031164 seconds
Computing Block 452 out of 560
Processing Block size=6
begin cleaner{left: ("[FunctionalDependency:(s: {brewery_id}, t: {state})]", 0.0), operator: *, right: (1.0, 1.0), result: 0.0}
列 'p' 不存在，对列 state 不过滤，直接选择所有非无效值。
Block processing time: 0.015115 seconds
Computing Block 453 out of 560
Processing Block size=5
begin cleaner{left: ("[FunctionalDependency:(s: {brewery_id}, t: {state})]", 0.0), operator: *, right: (1.0, 1.0), result: 0.0}
列 'p' 不存在，对列 state 不过滤，直接选择所有非无效值。
Block processing time: 0.012296 seconds
Computing Block 454 out of 560
Processing Block size=4
begin cleaner{left: ("[FunctionalDependency:(s: {brewery_id}, t: {state})]", 0.0), operator: *, right: (1.0, 1.0), result: 0.0}
列 'p' 不存在，对列 state 不过滤，直接选择所有非无效值。
Block processing time: 0.010007 seconds
Computing Block 455 out of 560
Processing Block size=5
begin cleaner{left: ("[FunctionalDependency:(s: {brewery_id}, t: {state})]", 0.0), operator: *, right: (1.0, 1.0), result: 0.0}
列 'p' 不存在，对列 state 不过滤，直接选择所有非无效值。
Block processing time: 0.012561 seconds
Computing Block 456 out of 560
Processing Block size=2
begin cleaner{left: ("[FunctionalDependency:(s: {brewery_id}, t: {state})]", 0.0), operator: *, right: (1.0, 1.0), result: 0.0}
列 'p' 不存在，对列 state 不过滤，直接选择所有非无效值。
Block processing time: 0.005284 seconds
Computing Block 457 out of 560
Processing Block size=18
begin cleaner{left: ("[FunctionalDependency:(s: {brewery_id}, t: {state})]", 0.0), operator: *, right: (1.0, 1.0), result: 0.0}
列 'p' 不存在，对列 state 不过滤，直接选择所有非无效值。
Block processing time: 0.042603 seconds
Computing Block 459 out of 560
Processing Block size=14
begin cleaner{left: ("[FunctionalDependency:(s: {brewery_id}, t: {state})]", 0.0), operator: *, right: (1.0, 1.0), result: 0.0}
列 'p' 不存在，对列 state 不过滤，直接选择所有非无效值。
Block processing time: 0.033535 seconds
Computing Block 460 out of 560
Processing Block size=15
begin cleaner{left: ("[FunctionalDependency:(s: {brewery_id}, t: {state})]", 0.0), operator: *, right: (1.0, 1.0), result: 0.0}
列 'p' 不存在，对列 state 不过滤，直接选择所有非无效值。
clean_bool length:2
newest best op: Uniop(df,'state','CA',(['brewery_id'], {('240',)}),{left: ("[FunctionalDependency:(s: {brewery_id}, t: {state})]", 0.0), operator: *, right: (1.0, 1.0), result: 0.0})
now error: 0.0
Block processing time: 0.073088 seconds
Computing Block 461 out of 560
Processing Block size=7
begin cleaner{left: ("[FunctionalDependency:(s: {brewery_id}, t: {state})]", 0.0), operator: *, right: (1.0, 1.0), result: 0.0}
列 'p' 不存在，对列 state 不过滤，直接选择所有非无效值。
Block processing time: 0.017032 seconds
Computing Block 462 out of 560
Processing Block size=4
begin cleaner{left: ("[FunctionalDependency:(s: {brewery_id}, t: {state})]", 0.0), operator: *, right: (1.0, 1.0), result: 0.0}
列 'p' 不存在，对列 state 不过滤，直接选择所有非无效值。
clean_bool length:2
newest best op: Uniop(df,'state','NJ',(['brewery_id'], {('222',)}),{left: ("[FunctionalDependency:(s: {brewery_id}, t: {state})]", 0.0), operator: *, right: (1.0, 1.0), result: 0.0})
now error: 0.0
Block processing time: 0.021922 seconds
Computing Block 463 out of 560
Processing Block size=4
begin cleaner{left: ("[FunctionalDependency:(s: {brewery_id}, t: {state})]", 0.0), operator: *, right: (1.0, 1.0), result: 0.0}
列 'p' 不存在，对列 state 不过滤，直接选择所有非无效值。
Block processing time: 0.01079 seconds
Computing Block 464 out of 560
Processing Block size=2
begin cleaner{left: ("[FunctionalDependency:(s: {brewery_id}, t: {state})]", 0.0), operator: *, right: (1.0, 1.0), result: 0.0}
列 'p' 不存在，对列 state 不过滤，直接选择所有非无效值。
Block processing time: 0.005315 seconds
Computing Block 465 out of 560
Processing Block size=12
begin cleaner{left: ("[FunctionalDependency:(s: {brewery_id}, t: {state})]", 0.0), operator: *, right: (1.0, 1.0), result: 0.0}
列 'p' 不存在，对列 state 不过滤，直接选择所有非无效值。
Block processing time: 0.028251 seconds
Computing Block 466 out of 560
Processing Block size=25
begin cleaner{left: ("[FunctionalDependency:(s: {brewery_id}, t: {state})]", 0.0), operator: *, right: (1.0, 1.0), result: 0.0}
列 'p' 不存在，对列 state 不过滤，直接选择所有非无效值。
clean_bool length:2
newest best op: Uniop(df,'state','FL',(['brewery_id'], {('141',)}),{left: ("[FunctionalDependency:(s: {brewery_id}, t: {state})]", 0.0), operator: *, right: (1.0, 1.0), result: 0.0})
now error: 0.0
Block processing time: 0.119136 seconds
Computing Block 468 out of 560
Processing Block size=3
begin cleaner{left: ("[FunctionalDependency:(s: {brewery_id}, t: {state})]", 0.0), operator: *, right: (1.0, 1.0), result: 0.0}
列 'p' 不存在，对列 state 不过滤，直接选择所有非无效值。
clean_bool length:2
newest best op: Uniop(df,'state','NY',(['brewery_id'], {('342',)}),{left: ("[FunctionalDependency:(s: {brewery_id}, t: {state})]", 0.0), operator: *, right: (1.0, 1.0), result: 0.0})
now error: 0.0
Block processing time: 0.017439 seconds
Computing Block 470 out of 560
Processing Block size=2
begin cleaner{left: ("[FunctionalDependency:(s: {brewery_id}, t: {state})]", 0.0), operator: *, right: (1.0, 1.0), result: 0.0}
列 'p' 不存在，对列 state 不过滤，直接选择所有非无效值。
Block processing time: 0.005396 seconds
Computing Block 471 out of 560
Processing Block size=3
begin cleaner{left: ("[FunctionalDependency:(s: {brewery_id}, t: {state})]", 0.0), operator: *, right: (1.0, 1.0), result: 0.0}
列 'p' 不存在，对列 state 不过滤，直接选择所有非无效值。
Block processing time: 0.007674 seconds
Computing Block 473 out of 560
Processing Block size=4
begin cleaner{left: ("[FunctionalDependency:(s: {brewery_id}, t: {state})]", 0.0), operator: *, right: (1.0, 1.0), result: 0.0}
列 'p' 不存在，对列 state 不过滤，直接选择所有非无效值。
clean_bool length:2
newest best op: Uniop(df,'state','VA',(['brewery_id'], {('181',)}),{left: ("[FunctionalDependency:(s: {brewery_id}, t: {state})]", 0.0), operator: *, right: (1.0, 1.0), result: 0.0})
now error: 0.0
Block processing time: 0.021671 seconds
Computing Block 474 out of 560
Processing Block size=4
begin cleaner{left: ("[FunctionalDependency:(s: {brewery_id}, t: {state})]", 0.0), operator: *, right: (1.0, 1.0), result: 0.0}
列 'p' 不存在，对列 state 不过滤，直接选择所有非无效值。
Block processing time: 0.010385 seconds
Computing Block 476 out of 560
Processing Block size=2
begin cleaner{left: ("[FunctionalDependency:(s: {brewery_id}, t: {state})]", 0.0), operator: *, right: (1.0, 1.0), result: 0.0}
列 'p' 不存在，对列 state 不过滤，直接选择所有非无效值。
Block processing time: 0.005269 seconds
Computing Block 477 out of 560
Processing Block size=3
begin cleaner{left: ("[FunctionalDependency:(s: {brewery_id}, t: {state})]", 0.0), operator: *, right: (1.0, 1.0), result: 0.0}
列 'p' 不存在，对列 state 不过滤，直接选择所有非无效值。
Block processing time: 0.007588 seconds
Computing Block 478 out of 560
Processing Block size=2
begin cleaner{left: ("[FunctionalDependency:(s: {brewery_id}, t: {state})]", 0.0), operator: *, right: (1.0, 1.0), result: 0.0}
列 'p' 不存在，对列 state 不过滤，直接选择所有非无效值。
Block processing time: 0.005262 seconds
Computing Block 479 out of 560
Processing Block size=2
begin cleaner{left: ("[FunctionalDependency:(s: {brewery_id}, t: {state})]", 0.0), operator: *, right: (1.0, 1.0), result: 0.0}
列 'p' 不存在，对列 state 不过滤，直接选择所有非无效值。
Block processing time: 0.005229 seconds
Computing Block 480 out of 560
Processing Block size=2
begin cleaner{left: ("[FunctionalDependency:(s: {brewery_id}, t: {state})]", 0.0), operator: *, right: (1.0, 1.0), result: 0.0}
列 'p' 不存在，对列 state 不过滤，直接选择所有非无效值。
Block processing time: 0.005467 seconds
Computing Block 481 out of 560
Processing Block size=3
begin cleaner{left: ("[FunctionalDependency:(s: {brewery_id}, t: {state})]", 0.0), operator: *, right: (1.0, 1.0), result: 0.0}
列 'p' 不存在，对列 state 不过滤，直接选择所有非无效值。
clean_bool length:2
newest best op: Uniop(df,'state','CA',(['brewery_id'], {('36',)}),{left: ("[FunctionalDependency:(s: {brewery_id}, t: {state})]", 0.0), operator: *, right: (1.0, 1.0), result: 0.0})
now error: 0.0
Block processing time: 0.018586 seconds
Computing Block 483 out of 560
Processing Block size=2
begin cleaner{left: ("[FunctionalDependency:(s: {brewery_id}, t: {state})]", 0.0), operator: *, right: (1.0, 1.0), result: 0.0}
列 'p' 不存在，对列 state 不过滤，直接选择所有非无效值。
Block processing time: 0.005362 seconds
Computing Block 484 out of 560
Processing Block size=2
begin cleaner{left: ("[FunctionalDependency:(s: {brewery_id}, t: {state})]", 0.0), operator: *, right: (1.0, 1.0), result: 0.0}
列 'p' 不存在，对列 state 不过滤，直接选择所有非无效值。
Block processing time: 0.005547 seconds
Computing Block 485 out of 560
Processing Block size=2
begin cleaner{left: ("[FunctionalDependency:(s: {brewery_id}, t: {state})]", 0.0), operator: *, right: (1.0, 1.0), result: 0.0}
列 'p' 不存在，对列 state 不过滤，直接选择所有非无效值。
Block processing time: 0.005638 seconds
Computing Block 486 out of 560
Processing Block size=14
begin cleaner{left: ("[FunctionalDependency:(s: {brewery_id}, t: {state})]", 0.0), operator: *, right: (1.0, 1.0), result: 0.0}
列 'p' 不存在，对列 state 不过滤，直接选择所有非无效值。
clean_bool length:2
newest best op: Uniop(df,'state','TX',(['brewery_id'], {('118',)}),{left: ("[FunctionalDependency:(s: {brewery_id}, t: {state})]", 0.0), operator: *, right: (1.0, 1.0), result: 0.0})
now error: 0.0
Block processing time: 0.069891 seconds
Computing Block 487 out of 560
Processing Block size=2
begin cleaner{left: ("[FunctionalDependency:(s: {brewery_id}, t: {state})]", 0.0), operator: *, right: (1.0, 1.0), result: 0.0}
列 'p' 不存在，对列 state 不过滤，直接选择所有非无效值。
Block processing time: 0.005433 seconds
Computing Block 489 out of 560
Processing Block size=8
begin cleaner{left: ("[FunctionalDependency:(s: {brewery_id}, t: {state})]", 0.0), operator: *, right: (1.0, 1.0), result: 0.0}
列 'p' 不存在，对列 state 不过滤，直接选择所有非无效值。
Block processing time: 0.019222 seconds
Computing Block 491 out of 560
Processing Block size=7
begin cleaner{left: ("[FunctionalDependency:(s: {brewery_id}, t: {state})]", 0.0), operator: *, right: (1.0, 1.0), result: 0.0}
列 'p' 不存在，对列 state 不过滤，直接选择所有非无效值。
Block processing time: 0.018475 seconds
Computing Block 492 out of 560
Processing Block size=3
begin cleaner{left: ("[FunctionalDependency:(s: {brewery_id}, t: {state})]", 0.0), operator: *, right: (1.0, 1.0), result: 0.0}
列 'p' 不存在，对列 state 不过滤，直接选择所有非无效值。
Block processing time: 0.00835 seconds
Computing Block 493 out of 560
Processing Block size=8
begin cleaner{left: ("[FunctionalDependency:(s: {brewery_id}, t: {state})]", 0.0), operator: *, right: (1.0, 1.0), result: 0.0}
列 'p' 不存在，对列 state 不过滤，直接选择所有非无效值。
Block processing time: 0.021132 seconds
Computing Block 494 out of 560
Processing Block size=23
begin cleaner{left: ("[FunctionalDependency:(s: {brewery_id}, t: {state})]", 0.0), operator: *, right: (1.0, 1.0), result: 0.0}
列 'p' 不存在，对列 state 不过滤，直接选择所有非无效值。
clean_bool length:2
newest best op: Uniop(df,'state','OR',(['brewery_id'], {('80',)}),{left: ("[FunctionalDependency:(s: {brewery_id}, t: {state})]", 0.0), operator: *, right: (1.0, 1.0), result: 0.0})
now error: 0.0
Block processing time: 0.112721 seconds
Computing Block 495 out of 560
Processing Block size=5
begin cleaner{left: ("[FunctionalDependency:(s: {brewery_id}, t: {state})]", 0.0), operator: *, right: (1.0, 1.0), result: 0.0}
列 'p' 不存在，对列 state 不过滤，直接选择所有非无效值。
clean_bool length:2
newest best op: Uniop(df,'state','PA',(['brewery_id'], {('97',)}),{left: ("[FunctionalDependency:(s: {brewery_id}, t: {state})]", 0.0), operator: *, right: (1.0, 1.0), result: 0.0})
now error: 0.0
Block processing time: 0.026447 seconds
Computing Block 496 out of 560
Processing Block size=2
begin cleaner{left: ("[FunctionalDependency:(s: {brewery_id}, t: {state})]", 0.0), operator: *, right: (1.0, 1.0), result: 0.0}
列 'p' 不存在，对列 state 不过滤，直接选择所有非无效值。
clean_bool length:2
newest best op: Uniop(df,'state','MA',(['brewery_id'], {('178',)}),{left: ("[FunctionalDependency:(s: {brewery_id}, t: {state})]", 0.0), operator: *, right: (1.0, 1.0), result: 0.0})
now error: 0.0
Block processing time: 0.01241 seconds
Computing Block 497 out of 560
Processing Block size=2
begin cleaner{left: ("[FunctionalDependency:(s: {brewery_id}, t: {state})]", 0.0), operator: *, right: (1.0, 1.0), result: 0.0}
列 'p' 不存在，对列 state 不过滤，直接选择所有非无效值。
Block processing time: 0.005301 seconds
Computing Block 498 out of 560
Processing Block size=4
begin cleaner{left: ("[FunctionalDependency:(s: {brewery_id}, t: {state})]", 0.0), operator: *, right: (1.0, 1.0), result: 0.0}
列 'p' 不存在，对列 state 不过滤，直接选择所有非无效值。
Block processing time: 0.010341 seconds
Computing Block 499 out of 560
Processing Block size=3
begin cleaner{left: ("[FunctionalDependency:(s: {brewery_id}, t: {state})]", 0.0), operator: *, right: (1.0, 1.0), result: 0.0}
列 'p' 不存在，对列 state 不过滤，直接选择所有非无效值。
Block processing time: 0.008361 seconds
Computing Block 501 out of 560
Processing Block size=4
begin cleaner{left: ("[FunctionalDependency:(s: {brewery_id}, t: {state})]", 0.0), operator: *, right: (1.0, 1.0), result: 0.0}
列 'p' 不存在，对列 state 不过滤，直接选择所有非无效值。
Block processing time: 0.010788 seconds
Computing Block 504 out of 560
Processing Block size=2
begin cleaner{left: ("[FunctionalDependency:(s: {brewery_id}, t: {state})]", 0.0), operator: *, right: (1.0, 1.0), result: 0.0}
列 'p' 不存在，对列 state 不过滤，直接选择所有非无效值。
Block processing time: 0.005656 seconds
Computing Block 505 out of 560
Processing Block size=4
begin cleaner{left: ("[FunctionalDependency:(s: {brewery_id}, t: {state})]", 0.0), operator: *, right: (1.0, 1.0), result: 0.0}
列 'p' 不存在，对列 state 不过滤，直接选择所有非无效值。
clean_bool length:2
newest best op: Uniop(df,'state','CA',(['brewery_id'], {('491',)}),{left: ("[FunctionalDependency:(s: {brewery_id}, t: {state})]", 0.0), operator: *, right: (1.0, 1.0), result: 0.0})
now error: 0.0
Block processing time: 0.023913 seconds
Computing Block 507 out of 560
Processing Block size=4
begin cleaner{left: ("[FunctionalDependency:(s: {brewery_id}, t: {state})]", 0.0), operator: *, right: (1.0, 1.0), result: 0.0}
列 'p' 不存在，对列 state 不过滤，直接选择所有非无效值。
clean_bool length:2
newest best op: Uniop(df,'state','CO',(['brewery_id'], {('391',)}),{left: ("[FunctionalDependency:(s: {brewery_id}, t: {state})]", 0.0), operator: *, right: (1.0, 1.0), result: 0.0})
now error: 0.0
Block processing time: 0.021846 seconds
Computing Block 508 out of 560
Processing Block size=2
begin cleaner{left: ("[FunctionalDependency:(s: {brewery_id}, t: {state})]", 0.0), operator: *, right: (1.0, 1.0), result: 0.0}
列 'p' 不存在，对列 state 不过滤，直接选择所有非无效值。
Block processing time: 0.005351 seconds
Computing Block 509 out of 560
Processing Block size=4
begin cleaner{left: ("[FunctionalDependency:(s: {brewery_id}, t: {state})]", 0.0), operator: *, right: (1.0, 1.0), result: 0.0}
列 'p' 不存在，对列 state 不过滤，直接选择所有非无效值。
Block processing time: 0.009886 seconds
Computing Block 511 out of 560
Processing Block size=3
begin cleaner{left: ("[FunctionalDependency:(s: {brewery_id}, t: {state})]", 0.0), operator: *, right: (1.0, 1.0), result: 0.0}
列 'p' 不存在，对列 state 不过滤，直接选择所有非无效值。
Block processing time: 0.007661 seconds
Computing Block 512 out of 560
Processing Block size=3
begin cleaner{left: ("[FunctionalDependency:(s: {brewery_id}, t: {state})]", 0.0), operator: *, right: (1.0, 1.0), result: 0.0}
列 'p' 不存在，对列 state 不过滤，直接选择所有非无效值。
Block processing time: 0.007613 seconds
Computing Block 513 out of 560
Processing Block size=12
begin cleaner{left: ("[FunctionalDependency:(s: {brewery_id}, t: {state})]", 0.0), operator: *, right: (1.0, 1.0), result: 0.0}
列 'p' 不存在，对列 state 不过滤，直接选择所有非无效值。
clean_bool length:2
newest best op: Uniop(df,'state','MA',(['brewery_id'], {('234',)}),{left: ("[FunctionalDependency:(s: {brewery_id}, t: {state})]", 0.0), operator: *, right: (1.0, 1.0), result: 0.0})
now error: 0.0
Block processing time: 0.058848 seconds
Computing Block 514 out of 560
Processing Block size=8
begin cleaner{left: ("[FunctionalDependency:(s: {brewery_id}, t: {state})]", 0.0), operator: *, right: (1.0, 1.0), result: 0.0}
列 'p' 不存在，对列 state 不过滤，直接选择所有非无效值。
Block processing time: 0.020257 seconds
Computing Block 517 out of 560
Processing Block size=2
begin cleaner{left: ("[FunctionalDependency:(s: {brewery_id}, t: {state})]", 0.0), operator: *, right: (1.0, 1.0), result: 0.0}
列 'p' 不存在，对列 state 不过滤，直接选择所有非无效值。
clean_bool length:2
newest best op: Uniop(df,'state','NH',(['brewery_id'], {('109',)}),{left: ("[FunctionalDependency:(s: {brewery_id}, t: {state})]", 0.0), operator: *, right: (1.0, 1.0), result: 0.0})
now error: 0.0
Block processing time: 0.01251 seconds
Computing Block 519 out of 560
Processing Block size=3
begin cleaner{left: ("[FunctionalDependency:(s: {brewery_id}, t: {state})]", 0.0), operator: *, right: (1.0, 1.0), result: 0.0}
列 'p' 不存在，对列 state 不过滤，直接选择所有非无效值。
clean_bool length:2
newest best op: Uniop(df,'state','NC',(['brewery_id'], {('528',)}),{left: ("[FunctionalDependency:(s: {brewery_id}, t: {state})]", 0.0), operator: *, right: (1.0, 1.0), result: 0.0})
now error: 0.0
Block processing time: 0.017135 seconds
Computing Block 520 out of 560
Processing Block size=18
begin cleaner{left: ("[FunctionalDependency:(s: {brewery_id}, t: {state})]", 0.0), operator: *, right: (1.0, 1.0), result: 0.0}
列 'p' 不存在，对列 state 不过滤，直接选择所有非无效值。
clean_bool length:2
newest best op: Uniop(df,'state','KS',(['brewery_id'], {('45',)}),{left: ("[FunctionalDependency:(s: {brewery_id}, t: {state})]", 0.0), operator: *, right: (1.0, 1.0), result: 0.0})
now error: 0.0
Block processing time: 0.085921 seconds
Computing Block 523 out of 560
Processing Block size=5
begin cleaner{left: ("[FunctionalDependency:(s: {brewery_id}, t: {state})]", 0.0), operator: *, right: (1.0, 1.0), result: 0.0}
列 'p' 不存在，对列 state 不过滤，直接选择所有非无效值。
Block processing time: 0.012216 seconds
Computing Block 524 out of 560
Processing Block size=6
begin cleaner{left: ("[FunctionalDependency:(s: {brewery_id}, t: {state})]", 0.0), operator: *, right: (1.0, 1.0), result: 0.0}
列 'p' 不存在，对列 state 不过滤，直接选择所有非无效值。
Block processing time: 0.014601 seconds
Computing Block 525 out of 560
Processing Block size=12
begin cleaner{left: ("[FunctionalDependency:(s: {brewery_id}, t: {state})]", 0.0), operator: *, right: (1.0, 1.0), result: 0.0}
列 'p' 不存在，对列 state 不过滤，直接选择所有非无效值。
clean_bool length:2
newest best op: Uniop(df,'state','CO',(['brewery_id'], {('264',)}),{left: ("[FunctionalDependency:(s: {brewery_id}, t: {state})]", 0.0), operator: *, right: (1.0, 1.0), result: 0.0})
now error: 0.0
Block processing time: 0.059274 seconds
Computing Block 526 out of 560
Processing Block size=5
begin cleaner{left: ("[FunctionalDependency:(s: {brewery_id}, t: {state})]", 0.0), operator: *, right: (1.0, 1.0), result: 0.0}
列 'p' 不存在，对列 state 不过滤，直接选择所有非无效值。
Block processing time: 0.012403 seconds
Computing Block 527 out of 560
Processing Block size=5
begin cleaner{left: ("[FunctionalDependency:(s: {brewery_id}, t: {state})]", 0.0), operator: *, right: (1.0, 1.0), result: 0.0}
列 'p' 不存在，对列 state 不过滤，直接选择所有非无效值。
clean_bool length:2
newest best op: Uniop(df,'state','IL',(['brewery_id'], {('88',)}),{left: ("[FunctionalDependency:(s: {brewery_id}, t: {state})]", 0.0), operator: *, right: (1.0, 1.0), result: 0.0})
now error: 0.0
Block processing time: 0.026405 seconds
Computing Block 528 out of 560
Processing Block size=5
begin cleaner{left: ("[FunctionalDependency:(s: {brewery_id}, t: {state})]", 0.0), operator: *, right: (1.0, 1.0), result: 0.0}
列 'p' 不存在，对列 state 不过滤，直接选择所有非无效值。
clean_bool length:2
newest best op: Uniop(df,'state','MT',(['brewery_id'], {('537',)}),{left: ("[FunctionalDependency:(s: {brewery_id}, t: {state})]", 0.0), operator: *, right: (1.0, 1.0), result: 0.0})
now error: 0.0
Block processing time: 0.029004 seconds
Computing Block 529 out of 560
Processing Block size=3
begin cleaner{left: ("[FunctionalDependency:(s: {brewery_id}, t: {state})]", 0.0), operator: *, right: (1.0, 1.0), result: 0.0}
列 'p' 不存在，对列 state 不过滤，直接选择所有非无效值。
clean_bool length:2
newest best op: Uniop(df,'state','CA',(['brewery_id'], {('280',)}),{left: ("[FunctionalDependency:(s: {brewery_id}, t: {state})]", 0.0), operator: *, right: (1.0, 1.0), result: 0.0})
now error: 0.0
Block processing time: 0.017177 seconds
Computing Block 530 out of 560
Processing Block size=2
begin cleaner{left: ("[FunctionalDependency:(s: {brewery_id}, t: {state})]", 0.0), operator: *, right: (1.0, 1.0), result: 0.0}
列 'p' 不存在，对列 state 不过滤，直接选择所有非无效值。
Block processing time: 0.005394 seconds
Computing Block 534 out of 560
Processing Block size=3
begin cleaner{left: ("[FunctionalDependency:(s: {brewery_id}, t: {state})]", 0.0), operator: *, right: (1.0, 1.0), result: 0.0}
列 'p' 不存在，对列 state 不过滤，直接选择所有非无效值。
Block processing time: 0.007655 seconds
Computing Block 535 out of 560
Processing Block size=3
begin cleaner{left: ("[FunctionalDependency:(s: {brewery_id}, t: {state})]", 0.0), operator: *, right: (1.0, 1.0), result: 0.0}
列 'p' 不存在，对列 state 不过滤，直接选择所有非无效值。
Block processing time: 0.007598 seconds
Computing Block 536 out of 560
Processing Block size=3
begin cleaner{left: ("[FunctionalDependency:(s: {brewery_id}, t: {state})]", 0.0), operator: *, right: (1.0, 1.0), result: 0.0}
列 'p' 不存在，对列 state 不过滤，直接选择所有非无效值。
Block processing time: 0.007655 seconds
Computing Block 537 out of 560
Processing Block size=7
begin cleaner{left: ("[FunctionalDependency:(s: {brewery_id}, t: {state})]", 0.0), operator: *, right: (1.0, 1.0), result: 0.0}WARNING:root:No partitioning rule specified, processing might be slow

列 'p' 不存在，对列 state 不过滤，直接选择所有非无效值。
clean_bool length:2
newest best op: Uniop(df,'state','IL',(['brewery_id'], {('57',)}),{left: ("[FunctionalDependency:(s: {brewery_id}, t: {state})]", 0.0), operator: *, right: (1.0, 1.0), result: 0.0})
now error: 0.0
Block processing time: 0.036089 seconds
Computing Block 538 out of 560
Processing Block size=3
begin cleaner{left: ("[FunctionalDependency:(s: {brewery_id}, t: {state})]", 0.0), operator: *, right: (1.0, 1.0), result: 0.0}
列 'p' 不存在，对列 state 不过滤，直接选择所有非无效值。
Block processing time: 0.007758 seconds
Computing Block 539 out of 560
Processing Block size=2
begin cleaner{left: ("[FunctionalDependency:(s: {brewery_id}, t: {state})]", 0.0), operator: *, right: (1.0, 1.0), result: 0.0}
列 'p' 不存在，对列 state 不过滤，直接选择所有非无效值。
Block processing time: 0.00532 seconds
Computing Block 540 out of 560
Processing Block size=3
begin cleaner{left: ("[FunctionalDependency:(s: {brewery_id}, t: {state})]", 0.0), operator: *, right: (1.0, 1.0), result: 0.0}
列 'p' 不存在，对列 state 不过滤，直接选择所有非无效值。
Block processing time: 0.007691 seconds
Computing Block 542 out of 560
Processing Block size=3
begin cleaner{left: ("[FunctionalDependency:(s: {brewery_id}, t: {state})]", 0.0), operator: *, right: (1.0, 1.0), result: 0.0}
列 'p' 不存在，对列 state 不过滤，直接选择所有非无效值。
Block processing time: 0.007729 seconds
Computing Block 543 out of 560
Processing Block size=2
begin cleaner{left: ("[FunctionalDependency:(s: {brewery_id}, t: {state})]", 0.0), operator: *, right: (1.0, 1.0), result: 0.0}
列 'p' 不存在，对列 state 不过滤，直接选择所有非无效值。
Block processing time: 0.005256 seconds
Computing Block 544 out of 560
Processing Block size=7
begin cleaner{left: ("[FunctionalDependency:(s: {brewery_id}, t: {state})]", 0.0), operator: *, right: (1.0, 1.0), result: 0.0}
列 'p' 不存在，对列 state 不过滤，直接选择所有非无效值。
Block processing time: 0.016964 seconds
Computing Block 546 out of 560
Processing Block size=4
begin cleaner{left: ("[FunctionalDependency:(s: {brewery_id}, t: {state})]", 0.0), operator: *, right: (1.0, 1.0), result: 0.0}
列 'p' 不存在，对列 state 不过滤，直接选择所有非无效值。
clean_bool length:2
newest best op: Uniop(df,'state','PA',(['brewery_id'], {('298',)}),{left: ("[FunctionalDependency:(s: {brewery_id}, t: {state})]", 0.0), operator: *, right: (1.0, 1.0), result: 0.0})
now error: 0.0
Block processing time: 0.022408 seconds
Computing Block 548 out of 560
Processing Block size=4
begin cleaner{left: ("[FunctionalDependency:(s: {brewery_id}, t: {state})]", 0.0), operator: *, right: (1.0, 1.0), result: 0.0}
列 'p' 不存在，对列 state 不过滤，直接选择所有非无效值。
Block processing time: 0.010071 seconds
Computing Block 549 out of 560
Processing Block size=2
begin cleaner{left: ("[FunctionalDependency:(s: {brewery_id}, t: {state})]", 0.0), operator: *, right: (1.0, 1.0), result: 0.0}
列 'p' 不存在，对列 state 不过滤，直接选择所有非无效值。
Block processing time: 0.005375 seconds
Computing Block 550 out of 560
Processing Block size=3
begin cleaner{left: ("[FunctionalDependency:(s: {brewery_id}, t: {state})]", 0.0), operator: *, right: (1.0, 1.0), result: 0.0}
列 'p' 不存在，对列 state 不过滤，直接选择所有非无效值。
Block processing time: 0.007698 seconds
Computing Block 551 out of 560
Processing Block size=3
begin cleaner{left: ("[FunctionalDependency:(s: {brewery_id}, t: {state})]", 0.0), operator: *, right: (1.0, 1.0), result: 0.0}
列 'p' 不存在，对列 state 不过滤，直接选择所有非无效值。
Block processing time: 0.007698 seconds
Computing Block 552 out of 560
Processing Block size=6
begin cleaner{left: ("[FunctionalDependency:(s: {brewery_id}, t: {state})]", 0.0), operator: *, right: (1.0, 1.0), result: 0.0}
列 'p' 不存在，对列 state 不过滤，直接选择所有非无效值。
Block processing time: 0.01468 seconds
Computing Block 553 out of 560
Processing Block size=2
begin cleaner{left: ("[FunctionalDependency:(s: {brewery_id}, t: {state})]", 0.0), operator: *, right: (1.0, 1.0), result: 0.0}
列 'p' 不存在，对列 state 不过滤，直接选择所有非无效值。
Block processing time: 0.005265 seconds
Computing Block 554 out of 560
Processing Block size=8
begin cleaner{left: ("[FunctionalDependency:(s: {brewery_id}, t: {state})]", 0.0), operator: *, right: (1.0, 1.0), result: 0.0}
列 'p' 不存在，对列 state 不过滤，直接选择所有非无效值。
Block processing time: 0.019144 seconds
Computing Block 556 out of 560
Processing Block size=2
begin cleaner{left: ("[FunctionalDependency:(s: {brewery_id}, t: {state})]", 0.0), operator: *, right: (1.0, 1.0), result: 0.0}
列 'p' 不存在，对列 state 不过滤，直接选择所有非无效值。
Block processing time: 0.005183 seconds
Computing Block 557 out of 560
Processing Block size=4
begin cleaner{left: ("[FunctionalDependency:(s: {brewery_id}, t: {state})]", 0.0), operator: *, right: (1.0, 1.0), result: 0.0}
列 'p' 不存在，对列 state 不过滤，直接选择所有非无效值。
Block processing time: 0.01019 seconds
Computing Block 559 out of 560
Processing Block size=13
begin cleaner{left: ("[FunctionalDependency:(s: {brewery_id}, t: {state})]", 0.0), operator: *, right: (1.0, 1.0), result: 0.0}
列 'p' 不存在，对列 state 不过滤，直接选择所有非无效值。
clean_bool length:2
newest best op: Uniop(df,'state','CO',(['brewery_id'], {('503',)}),{left: ("[FunctionalDependency:(s: {brewery_id}, t: {state})]", 0.0), operator: *, right: (1.0, 1.0), result: 0.0})
now error: 0.0
Block processing time: 0.067537 seconds
Computing Block 560 out of 560
Processing Block size=7
begin cleaner{left: ("[FunctionalDependency:(s: {brewery_id}, t: {state})]", 0.0), operator: *, right: (1.0, 1.0), result: 0.0}
列 'p' 不存在，对列 state 不过滤，直接选择所有非无效值。
Block processing time: 0.016951 seconds
  当前节点: state 有 103 个清洗操作
['brewery_name', 'city', 'state']的清洗完成

本层累积的编辑规则数: 206
读入数据大小：2410
处理了 206 条规则，更新数据...
所有编辑规则已更新完成

处理第 1 层级, 包含节点: ['brewery_id']
  跳过已清洗结束的节点: brewery_id
['brewery_id']的清洗完成

本层累积的编辑规则数: 0
本层没有可以进行的清洗操作，进行下一层

处理第 2 层级, 包含节点: ['brewery_name', 'city', 'state']
  跳过已清洗结束的节点: brewery_name
  当前节点: city 存在可用清洗信号
数据块大小: 2410
分块属性:
[['brewery_id']]
Starting initial block mapping...
Initial number of blocks: 560
Final number of blocks after further splitting: 560
Computing Block 1 out of 560
Processing Block size=8
begin cleaner[FunctionalDependency:(s: {'brewery_id'}, t: {'city'})]*1.0
列 'p' 不存在，对列 city 不过滤，直接选择所有非无效值。
Block processing time: 0.019726 seconds
Computing Block 2 out of 560
Processing Block size=5
begin cleaner{left: ("[FunctionalDependency:(s: {brewery_id}, t: {city})]", 0.0), operator: *, right: (1.0, 1.0), result: 0.0}
列 'p' 不存在，对列 city 不过滤，直接选择所有非无效值。
Block processing time: 0.012411 seconds
Computing Block 3 out of 560
Processing Block size=19
begin cleaner{left: ("[FunctionalDependency:(s: {brewery_id}, t: {city})]", 0.0), operator: *, right: (1.0, 1.0), result: 0.0}
列 'p' 不存在，对列 city 不过滤，直接选择所有非无效值。
Block processing time: 0.044961 seconds
Computing Block 4 out of 560
Processing Block size=2
begin cleaner{left: ("[FunctionalDependency:(s: {brewery_id}, t: {city})]", 0.0), operator: *, right: (1.0, 1.0), result: 0.0}
列 'p' 不存在，对列 city 不过滤，直接选择所有非无效值。
Block processing time: 0.005745 seconds
Computing Block 5 out of 560
Processing Block size=4
begin cleaner{left: ("[FunctionalDependency:(s: {brewery_id}, t: {city})]", 0.0), operator: *, right: (1.0, 1.0), result: 0.0}
列 'p' 不存在，对列 city 不过滤，直接选择所有非无效值。
Block processing time: 0.010923 seconds
Computing Block 6 out of 560
Processing Block size=2
begin cleaner{left: ("[FunctionalDependency:(s: {brewery_id}, t: {city})]", 0.0), operator: *, right: (1.0, 1.0), result: 0.0}
列 'p' 不存在，对列 city 不过滤，直接选择所有非无效值。
Block processing time: 0.005681 seconds
Computing Block 7 out of 560
Processing Block size=4
begin cleaner{left: ("[FunctionalDependency:(s: {brewery_id}, t: {city})]", 0.0), operator: *, right: (1.0, 1.0), result: 0.0}
列 'p' 不存在，对列 city 不过滤，直接选择所有非无效值。
Block processing time: 0.01104 seconds
Computing Block 8 out of 560
Processing Block size=2
begin cleaner{left: ("[FunctionalDependency:(s: {brewery_id}, t: {city})]", 0.0), operator: *, right: (1.0, 1.0), result: 0.0}
列 'p' 不存在，对列 city 不过滤，直接选择所有非无效值。
Block processing time: 0.005681 seconds
Computing Block 11 out of 560
Processing Block size=6
begin cleaner{left: ("[FunctionalDependency:(s: {brewery_id}, t: {city})]", 0.0), operator: *, right: (1.0, 1.0), result: 0.0}
列 'p' 不存在，对列 city 不过滤，直接选择所有非无效值。
Block processing time: 0.01551 seconds
Computing Block 12 out of 560
Processing Block size=3
begin cleaner{left: ("[FunctionalDependency:(s: {brewery_id}, t: {city})]", 0.0), operator: *, right: (1.0, 1.0), result: 0.0}
列 'p' 不存在，对列 city 不过滤，直接选择所有非无效值。
Block processing time: 0.008191 seconds
Computing Block 15 out of 560
Processing Block size=5
begin cleaner{left: ("[FunctionalDependency:(s: {brewery_id}, t: {city})]", 0.0), operator: *, right: (1.0, 1.0), result: 0.0}
列 'p' 不存在，对列 city 不过滤，直接选择所有非无效值。
Block processing time: 0.013423 seconds
Computing Block 17 out of 560
Processing Block size=2
begin cleaner{left: ("[FunctionalDependency:(s: {brewery_id}, t: {city})]", 0.0), operator: *, right: (1.0, 1.0), result: 0.0}
列 'p' 不存在，对列 city 不过滤，直接选择所有非无效值。
Block processing time: 0.005417 seconds
Computing Block 18 out of 560
Processing Block size=3
begin cleaner{left: ("[FunctionalDependency:(s: {brewery_id}, t: {city})]", 0.0), operator: *, right: (1.0, 1.0), result: 0.0}
列 'p' 不存在，对列 city 不过滤，直接选择所有非无效值。
Block processing time: 0.00773 seconds
Computing Block 19 out of 560
Processing Block size=3
begin cleaner{left: ("[FunctionalDependency:(s: {brewery_id}, t: {city})]", 0.0), operator: *, right: (1.0, 1.0), result: 0.0}
列 'p' 不存在，对列 city 不过滤，直接选择所有非无效值。
Block processing time: 0.007666 seconds
Computing Block 21 out of 560
Processing Block size=5
begin cleaner{left: ("[FunctionalDependency:(s: {brewery_id}, t: {city})]", 0.0), operator: *, right: (1.0, 1.0), result: 0.0}
列 'p' 不存在，对列 city 不过滤，直接选择所有非无效值。
Block processing time: 0.012339 seconds
Computing Block 24 out of 560
Processing Block size=17
begin cleaner{left: ("[FunctionalDependency:(s: {brewery_id}, t: {city})]", 0.0), operator: *, right: (1.0, 1.0), result: 0.0}
列 'p' 不存在，对列 city 不过滤，直接选择所有非无效值。
Block processing time: 0.040946 seconds
Computing Block 25 out of 560
Processing Block size=7
begin cleaner{left: ("[FunctionalDependency:(s: {brewery_id}, t: {city})]", 0.0), operator: *, right: (1.0, 1.0), result: 0.0}
列 'p' 不存在，对列 city 不过滤，直接选择所有非无效值。
Block processing time: 0.017573 seconds
Computing Block 26 out of 560
Processing Block size=5
begin cleaner{left: ("[FunctionalDependency:(s: {brewery_id}, t: {city})]", 0.0), operator: *, right: (1.0, 1.0), result: 0.0}
列 'p' 不存在，对列 city 不过滤，直接选择所有非无效值。
Block processing time: 0.012389 seconds
Computing Block 27 out of 560
Processing Block size=3
begin cleaner{left: ("[FunctionalDependency:(s: {brewery_id}, t: {city})]", 0.0), operator: *, right: (1.0, 1.0), result: 0.0}
列 'p' 不存在，对列 city 不过滤，直接选择所有非无效值。
Block processing time: 0.007761 seconds
Computing Block 28 out of 560
Processing Block size=8
begin cleaner{left: ("[FunctionalDependency:(s: {brewery_id}, t: {city})]", 0.0), operator: *, right: (1.0, 1.0), result: 0.0}
列 'p' 不存在，对列 city 不过滤，直接选择所有非无效值。
Block processing time: 0.01932 seconds
Computing Block 30 out of 560
Processing Block size=2
begin cleaner{left: ("[FunctionalDependency:(s: {brewery_id}, t: {city})]", 0.0), operator: *, right: (1.0, 1.0), result: 0.0}
列 'p' 不存在，对列 city 不过滤，直接选择所有非无效值。
Block processing time: 0.005364 seconds
Computing Block 31 out of 560
Processing Block size=62
begin cleaner{left: ("[FunctionalDependency:(s: {brewery_id}, t: {city})]", 0.0), operator: *, right: (1.0, 1.0), result: 0.0}
列 'p' 不存在，对列 city 不过滤，直接选择所有非无效值。
Block processing time: 0.145019 seconds
Computing Block 32 out of 560
Processing Block size=6
begin cleaner{left: ("[FunctionalDependency:(s: {brewery_id}, t: {city})]", 0.0), operator: *, right: (1.0, 1.0), result: 0.0}
列 'p' 不存在，对列 city 不过滤，直接选择所有非无效值。
Block processing time: 0.015173 seconds
Computing Block 33 out of 560
Processing Block size=4
begin cleaner{left: ("[FunctionalDependency:(s: {brewery_id}, t: {city})]", 0.0), operator: *, right: (1.0, 1.0), result: 0.0}
列 'p' 不存在，对列 city 不过滤，直接选择所有非无效值。
Block processing time: 0.010087 seconds
Computing Block 34 out of 560
Processing Block size=6
begin cleaner{left: ("[FunctionalDependency:(s: {brewery_id}, t: {city})]", 0.0), operator: *, right: (1.0, 1.0), result: 0.0}
列 'p' 不存在，对列 city 不过滤，直接选择所有非无效值。
Block processing time: 0.015249 seconds
Computing Block 35 out of 560
Processing Block size=3
begin cleaner{left: ("[FunctionalDependency:(s: {brewery_id}, t: {city})]", 0.0), operator: *, right: (1.0, 1.0), result: 0.0}
列 'p' 不存在，对列 city 不过滤，直接选择所有非无效值。
Block processing time: 0.008135 seconds
Computing Block 36 out of 560
Processing Block size=2
begin cleaner{left: ("[FunctionalDependency:(s: {brewery_id}, t: {city})]", 0.0), operator: *, right: (1.0, 1.0), result: 0.0}
列 'p' 不存在，对列 city 不过滤，直接选择所有非无效值。
Block processing time: 0.00528 seconds
Computing Block 37 out of 560
Processing Block size=11
begin cleaner{left: ("[FunctionalDependency:(s: {brewery_id}, t: {city})]", 0.0), operator: *, right: (1.0, 1.0), result: 0.0}
列 'p' 不存在，对列 city 不过滤，直接选择所有非无效值。
Block processing time: 0.026926 seconds
Computing Block 38 out of 560
Processing Block size=3
begin cleaner{left: ("[FunctionalDependency:(s: {brewery_id}, t: {city})]", 0.0), operator: *, right: (1.0, 1.0), result: 0.0}
列 'p' 不存在，对列 city 不过滤，直接选择所有非无效值。
Block processing time: 0.008231 seconds
Computing Block 39 out of 560
Processing Block size=3
begin cleaner{left: ("[FunctionalDependency:(s: {brewery_id}, t: {city})]", 0.0), operator: *, right: (1.0, 1.0), result: 0.0}
列 'p' 不存在，对列 city 不过滤，直接选择所有非无效值。
Block processing time: 0.007685 seconds
Computing Block 40 out of 560
Processing Block size=3
begin cleaner{left: ("[FunctionalDependency:(s: {brewery_id}, t: {city})]", 0.0), operator: *, right: (1.0, 1.0), result: 0.0}
列 'p' 不存在，对列 city 不过滤，直接选择所有非无效值。
Block processing time: 0.008 seconds
Computing Block 43 out of 560
Processing Block size=12
begin cleaner{left: ("[FunctionalDependency:(s: {brewery_id}, t: {city})]", 0.0), operator: *, right: (1.0, 1.0), result: 0.0}
列 'p' 不存在，对列 city 不过滤，直接选择所有非无效值。
Block processing time: 0.028605 seconds
Computing Block 44 out of 560
Processing Block size=5
begin cleaner{left: ("[FunctionalDependency:(s: {brewery_id}, t: {city})]", 0.0), operator: *, right: (1.0, 1.0), result: 0.0}
列 'p' 不存在，对列 city 不过滤，直接选择所有非无效值。
Block processing time: 0.012357 seconds
Computing Block 46 out of 560
Processing Block size=8
begin cleaner{left: ("[FunctionalDependency:(s: {brewery_id}, t: {city})]", 0.0), operator: *, right: (1.0, 1.0), result: 0.0}
列 'p' 不存在，对列 city 不过滤，直接选择所有非无效值。
Block processing time: 0.019352 seconds
Computing Block 47 out of 560
Processing Block size=9
begin cleaner{left: ("[FunctionalDependency:(s: {brewery_id}, t: {city})]", 0.0), operator: *, right: (1.0, 1.0), result: 0.0}
列 'p' 不存在，对列 city 不过滤，直接选择所有非无效值。
Block processing time: 0.021633 seconds
Computing Block 48 out of 560
Processing Block size=2
begin cleaner{left: ("[FunctionalDependency:(s: {brewery_id}, t: {city})]", 0.0), operator: *, right: (1.0, 1.0), result: 0.0}
列 'p' 不存在，对列 city 不过滤，直接选择所有非无效值。
Block processing time: 0.005351 seconds
Computing Block 50 out of 560
Processing Block size=3
begin cleaner{left: ("[FunctionalDependency:(s: {brewery_id}, t: {city})]", 0.0), operator: *, right: (1.0, 1.0), result: 0.0}
列 'p' 不存在，对列 city 不过滤，直接选择所有非无效值。
Block processing time: 0.007645 seconds
Computing Block 51 out of 560
Processing Block size=4
begin cleaner{left: ("[FunctionalDependency:(s: {brewery_id}, t: {city})]", 0.0), operator: *, right: (1.0, 1.0), result: 0.0}
列 'p' 不存在，对列 city 不过滤，直接选择所有非无效值。
Block processing time: 0.010002 seconds
Computing Block 53 out of 560
Processing Block size=3
begin cleaner{left: ("[FunctionalDependency:(s: {brewery_id}, t: {city})]", 0.0), operator: *, right: (1.0, 1.0), result: 0.0}
列 'p' 不存在，对列 city 不过滤，直接选择所有非无效值。
Block processing time: 0.007722 seconds
Computing Block 54 out of 560
Processing Block size=2
begin cleaner{left: ("[FunctionalDependency:(s: {brewery_id}, t: {city})]", 0.0), operator: *, right: (1.0, 1.0), result: 0.0}
列 'p' 不存在，对列 city 不过滤，直接选择所有非无效值。
Block processing time: 0.005335 seconds
Computing Block 56 out of 560
Processing Block size=11
begin cleaner{left: ("[FunctionalDependency:(s: {brewery_id}, t: {city})]", 0.0), operator: *, right: (1.0, 1.0), result: 0.0}
列 'p' 不存在，对列 city 不过滤，直接选择所有非无效值。
Block processing time: 0.027227 seconds
Computing Block 57 out of 560
Processing Block size=3
begin cleaner{left: ("[FunctionalDependency:(s: {brewery_id}, t: {city})]", 0.0), operator: *, right: (1.0, 1.0), result: 0.0}
列 'p' 不存在，对列 city 不过滤，直接选择所有非无效值。
Block processing time: 0.007713 seconds
Computing Block 58 out of 560
Processing Block size=24
begin cleaner{left: ("[FunctionalDependency:(s: {brewery_id}, t: {city})]", 0.0), operator: *, right: (1.0, 1.0), result: 0.0}
列 'p' 不存在，对列 city 不过滤，直接选择所有非无效值。
Block processing time: 0.056898 seconds
Computing Block 59 out of 560
Processing Block size=2
begin cleaner{left: ("[FunctionalDependency:(s: {brewery_id}, t: {city})]", 0.0), operator: *, right: (1.0, 1.0), result: 0.0}
列 'p' 不存在，对列 city 不过滤，直接选择所有非无效值。
Block processing time: 0.005349 seconds
Computing Block 61 out of 560
Processing Block size=4
begin cleaner{left: ("[FunctionalDependency:(s: {brewery_id}, t: {city})]", 0.0), operator: *, right: (1.0, 1.0), result: 0.0}
列 'p' 不存在，对列 city 不过滤，直接选择所有非无效值。
Block processing time: 0.009972 seconds
Computing Block 62 out of 560
Processing Block size=9
begin cleaner{left: ("[FunctionalDependency:(s: {brewery_id}, t: {city})]", 0.0), operator: *, right: (1.0, 1.0), result: 0.0}
列 'p' 不存在，对列 city 不过滤，直接选择所有非无效值。
Block processing time: 0.021688 seconds
Computing Block 63 out of 560
Processing Block size=13
begin cleaner{left: ("[FunctionalDependency:(s: {brewery_id}, t: {city})]", 0.0), operator: *, right: (1.0, 1.0), result: 0.0}
列 'p' 不存在，对列 city 不过滤，直接选择所有非无效值。
Block processing time: 0.031502 seconds
Computing Block 64 out of 560
Processing Block size=2
begin cleaner{left: ("[FunctionalDependency:(s: {brewery_id}, t: {city})]", 0.0), operator: *, right: (1.0, 1.0), result: 0.0}
列 'p' 不存在，对列 city 不过滤，直接选择所有非无效值。
Block processing time: 0.005279 seconds
Computing Block 66 out of 560
Processing Block size=7
begin cleaner{left: ("[FunctionalDependency:(s: {brewery_id}, t: {city})]", 0.0), operator: *, right: (1.0, 1.0), result: 0.0}
列 'p' 不存在，对列 city 不过滤，直接选择所有非无效值。
Block processing time: 0.016954 seconds
Computing Block 67 out of 560
Processing Block size=10
begin cleaner{left: ("[FunctionalDependency:(s: {brewery_id}, t: {city})]", 0.0), operator: *, right: (1.0, 1.0), result: 0.0}
列 'p' 不存在，对列 city 不过滤，直接选择所有非无效值。
Block processing time: 0.023941 seconds
Computing Block 68 out of 560
Processing Block size=2
begin cleaner{left: ("[FunctionalDependency:(s: {brewery_id}, t: {city})]", 0.0), operator: *, right: (1.0, 1.0), result: 0.0}
列 'p' 不存在，对列 city 不过滤，直接选择所有非无效值。
Block processing time: 0.005239 seconds
Computing Block 70 out of 560
Processing Block size=2
begin cleaner{left: ("[FunctionalDependency:(s: {brewery_id}, t: {city})]", 0.0), operator: *, right: (1.0, 1.0), result: 0.0}
列 'p' 不存在，对列 city 不过滤，直接选择所有非无效值。
Block processing time: 0.005379 seconds
Computing Block 71 out of 560
Processing Block size=2
begin cleaner{left: ("[FunctionalDependency:(s: {brewery_id}, t: {city})]", 0.0), operator: *, right: (1.0, 1.0), result: 0.0}
列 'p' 不存在，对列 city 不过滤，直接选择所有非无效值。
Block processing time: 0.005258 seconds
Computing Block 72 out of 560
Processing Block size=4
begin cleaner{left: ("[FunctionalDependency:(s: {brewery_id}, t: {city})]", 0.0), operator: *, right: (1.0, 1.0), result: 0.0}
列 'p' 不存在，对列 city 不过滤，直接选择所有非无效值。
Block processing time: 0.010093 seconds
Computing Block 74 out of 560
Processing Block size=7
begin cleaner{left: ("[FunctionalDependency:(s: {brewery_id}, t: {city})]", 0.0), operator: *, right: (1.0, 1.0), result: 0.0}
列 'p' 不存在，对列 city 不过滤，直接选择所有非无效值。
Block processing time: 0.01697 seconds
Computing Block 76 out of 560
Processing Block size=2
begin cleaner{left: ("[FunctionalDependency:(s: {brewery_id}, t: {city})]", 0.0), operator: *, right: (1.0, 1.0), result: 0.0}
列 'p' 不存在，对列 city 不过滤，直接选择所有非无效值。
Block processing time: 0.005334 seconds
Computing Block 77 out of 560
Processing Block size=9
begin cleaner{left: ("[FunctionalDependency:(s: {brewery_id}, t: {city})]", 0.0), operator: *, right: (1.0, 1.0), result: 0.0}
列 'p' 不存在，对列 city 不过滤，直接选择所有非无效值。
Block processing time: 0.021657 seconds
Computing Block 78 out of 560
Processing Block size=6
begin cleaner{left: ("[FunctionalDependency:(s: {brewery_id}, t: {city})]", 0.0), operator: *, right: (1.0, 1.0), result: 0.0}
列 'p' 不存在，对列 city 不过滤，直接选择所有非无效值。
Block processing time: 0.0145 seconds
Computing Block 79 out of 560
Processing Block size=3
begin cleaner{left: ("[FunctionalDependency:(s: {brewery_id}, t: {city})]", 0.0), operator: *, right: (1.0, 1.0), result: 0.0}
列 'p' 不存在，对列 city 不过滤，直接选择所有非无效值。
Block processing time: 0.00764 seconds
Computing Block 81 out of 560
Processing Block size=4
begin cleaner{left: ("[FunctionalDependency:(s: {brewery_id}, t: {city})]", 0.0), operator: *, right: (1.0, 1.0), result: 0.0}
列 'p' 不存在，对列 city 不过滤，直接选择所有非无效值。
Block processing time: 0.010129 seconds
Computing Block 82 out of 560
Processing Block size=2
begin cleaner{left: ("[FunctionalDependency:(s: {brewery_id}, t: {city})]", 0.0), operator: *, right: (1.0, 1.0), result: 0.0}
列 'p' 不存在，对列 city 不过滤，直接选择所有非无效值。
Block processing time: 0.00539 seconds
Computing Block 83 out of 560
Processing Block size=17
begin cleaner{left: ("[FunctionalDependency:(s: {brewery_id}, t: {city})]", 0.0), operator: *, right: (1.0, 1.0), result: 0.0}
列 'p' 不存在，对列 city 不过滤，直接选择所有非无效值。
Block processing time: 0.040137 seconds
Computing Block 84 out of 560
Processing Block size=3
begin cleaner{left: ("[FunctionalDependency:(s: {brewery_id}, t: {city})]", 0.0), operator: *, right: (1.0, 1.0), result: 0.0}
列 'p' 不存在，对列 city 不过滤，直接选择所有非无效值。
Block processing time: 0.007946 seconds
Computing Block 87 out of 560
Processing Block size=2
begin cleaner{left: ("[FunctionalDependency:(s: {brewery_id}, t: {city})]", 0.0), operator: *, right: (1.0, 1.0), result: 0.0}
列 'p' 不存在，对列 city 不过滤，直接选择所有非无效值。
Block processing time: 0.005399 seconds
Computing Block 88 out of 560
Processing Block size=2
begin cleaner{left: ("[FunctionalDependency:(s: {brewery_id}, t: {city})]", 0.0), operator: *, right: (1.0, 1.0), result: 0.0}
列 'p' 不存在，对列 city 不过滤，直接选择所有非无效值。
Block processing time: 0.005306 seconds
Computing Block 89 out of 560
Processing Block size=4
begin cleaner{left: ("[FunctionalDependency:(s: {brewery_id}, t: {city})]", 0.0), operator: *, right: (1.0, 1.0), result: 0.0}
列 'p' 不存在，对列 city 不过滤，直接选择所有非无效值。
Block processing time: 0.009906 seconds
Computing Block 90 out of 560
Processing Block size=7
begin cleaner{left: ("[FunctionalDependency:(s: {brewery_id}, t: {city})]", 0.0), operator: *, right: (1.0, 1.0), result: 0.0}
列 'p' 不存在，对列 city 不过滤，直接选择所有非无效值。
Block processing time: 0.017073 seconds
Computing Block 91 out of 560
Processing Block size=4
begin cleaner{left: ("[FunctionalDependency:(s: {brewery_id}, t: {city})]", 0.0), operator: *, right: (1.0, 1.0), result: 0.0}
列 'p' 不存在，对列 city 不过滤，直接选择所有非无效值。
Block processing time: 0.010026 seconds
Computing Block 92 out of 560
Processing Block size=6
begin cleaner{left: ("[FunctionalDependency:(s: {brewery_id}, t: {city})]", 0.0), operator: *, right: (1.0, 1.0), result: 0.0}
列 'p' 不存在，对列 city 不过滤，直接选择所有非无效值。
Block processing time: 0.014704 seconds
Computing Block 93 out of 560
Processing Block size=18
begin cleaner{left: ("[FunctionalDependency:(s: {brewery_id}, t: {city})]", 0.0), operator: *, right: (1.0, 1.0), result: 0.0}
列 'p' 不存在，对列 city 不过滤，直接选择所有非无效值。
Block processing time: 0.042946 seconds
Computing Block 94 out of 560
Processing Block size=6
begin cleaner{left: ("[FunctionalDependency:(s: {brewery_id}, t: {city})]", 0.0), operator: *, right: (1.0, 1.0), result: 0.0}
列 'p' 不存在，对列 city 不过滤，直接选择所有非无效值。
Block processing time: 0.01483 seconds
Computing Block 95 out of 560
Processing Block size=4
begin cleaner{left: ("[FunctionalDependency:(s: {brewery_id}, t: {city})]", 0.0), operator: *, right: (1.0, 1.0), result: 0.0}
列 'p' 不存在，对列 city 不过滤，直接选择所有非无效值。
Block processing time: 0.009994 seconds
Computing Block 96 out of 560
Processing Block size=2
begin cleaner{left: ("[FunctionalDependency:(s: {brewery_id}, t: {city})]", 0.0), operator: *, right: (1.0, 1.0), result: 0.0}
列 'p' 不存在，对列 city 不过滤，直接选择所有非无效值。
Block processing time: 0.005247 seconds
Computing Block 97 out of 560
Processing Block size=3
begin cleaner{left: ("[FunctionalDependency:(s: {brewery_id}, t: {city})]", 0.0), operator: *, right: (1.0, 1.0), result: 0.0}
列 'p' 不存在，对列 city 不过滤，直接选择所有非无效值。
Block processing time: 0.007597 seconds
Computing Block 98 out of 560
Processing Block size=2
begin cleaner{left: ("[FunctionalDependency:(s: {brewery_id}, t: {city})]", 0.0), operator: *, right: (1.0, 1.0), result: 0.0}
列 'p' 不存在，对列 city 不过滤，直接选择所有非无效值。
Block processing time: 0.005342 seconds
Computing Block 99 out of 560
Processing Block size=3
begin cleaner{left: ("[FunctionalDependency:(s: {brewery_id}, t: {city})]", 0.0), operator: *, right: (1.0, 1.0), result: 0.0}
列 'p' 不存在，对列 city 不过滤，直接选择所有非无效值。
Block processing time: 0.007632 seconds
Computing Block 102 out of 560
Processing Block size=3
begin cleaner{left: ("[FunctionalDependency:(s: {brewery_id}, t: {city})]", 0.0), operator: *, right: (1.0, 1.0), result: 0.0}
列 'p' 不存在，对列 city 不过滤，直接选择所有非无效值。
Block processing time: 0.007838 seconds
Computing Block 103 out of 560
Processing Block size=6
begin cleaner{left: ("[FunctionalDependency:(s: {brewery_id}, t: {city})]", 0.0), operator: *, right: (1.0, 1.0), result: 0.0}
列 'p' 不存在，对列 city 不过滤，直接选择所有非无效值。
Block processing time: 0.01462 seconds
Computing Block 104 out of 560
Processing Block size=5
begin cleaner{left: ("[FunctionalDependency:(s: {brewery_id}, t: {city})]", 0.0), operator: *, right: (1.0, 1.0), result: 0.0}
列 'p' 不存在，对列 city 不过滤，直接选择所有非无效值。
Block processing time: 0.012227 seconds
Computing Block 105 out of 560
Processing Block size=2
begin cleaner{left: ("[FunctionalDependency:(s: {brewery_id}, t: {city})]", 0.0), operator: *, right: (1.0, 1.0), result: 0.0}
列 'p' 不存在，对列 city 不过滤，直接选择所有非无效值。
Block processing time: 0.005352 seconds
Computing Block 106 out of 560
Processing Block size=20
begin cleaner{left: ("[FunctionalDependency:(s: {brewery_id}, t: {city})]", 0.0), operator: *, right: (1.0, 1.0), result: 0.0}
列 'p' 不存在，对列 city 不过滤，直接选择所有非无效值。
Block processing time: 0.04764 seconds
Computing Block 107 out of 560
Processing Block size=8
begin cleaner{left: ("[FunctionalDependency:(s: {brewery_id}, t: {city})]", 0.0), operator: *, right: (1.0, 1.0), result: 0.0}
列 'p' 不存在，对列 city 不过滤，直接选择所有非无效值。
Block processing time: 0.019235 seconds
Computing Block 108 out of 560
Processing Block size=2
begin cleaner{left: ("[FunctionalDependency:(s: {brewery_id}, t: {city})]", 0.0), operator: *, right: (1.0, 1.0), result: 0.0}
列 'p' 不存在，对列 city 不过滤，直接选择所有非无效值。
Block processing time: 0.005386 seconds
Computing Block 109 out of 560
Processing Block size=5
begin cleaner{left: ("[FunctionalDependency:(s: {brewery_id}, t: {city})]", 0.0), operator: *, right: (1.0, 1.0), result: 0.0}
列 'p' 不存在，对列 city 不过滤，直接选择所有非无效值。
Block processing time: 0.012547 seconds
Computing Block 110 out of 560
Processing Block size=4
begin cleaner{left: ("[FunctionalDependency:(s: {brewery_id}, t: {city})]", 0.0), operator: *, right: (1.0, 1.0), result: 0.0}
列 'p' 不存在，对列 city 不过滤，直接选择所有非无效值。
Block processing time: 0.010114 seconds
Computing Block 112 out of 560
Processing Block size=6
begin cleaner{left: ("[FunctionalDependency:(s: {brewery_id}, t: {city})]", 0.0), operator: *, right: (1.0, 1.0), result: 0.0}
列 'p' 不存在，对列 city 不过滤，直接选择所有非无效值。
Block processing time: 0.014833 seconds
Computing Block 113 out of 560
Processing Block size=2
begin cleaner{left: ("[FunctionalDependency:(s: {brewery_id}, t: {city})]", 0.0), operator: *, right: (1.0, 1.0), result: 0.0}
列 'p' 不存在，对列 city 不过滤，直接选择所有非无效值。
Block processing time: 0.00531 seconds
Computing Block 114 out of 560
Processing Block size=4
begin cleaner{left: ("[FunctionalDependency:(s: {brewery_id}, t: {city})]", 0.0), operator: *, right: (1.0, 1.0), result: 0.0}
列 'p' 不存在，对列 city 不过滤，直接选择所有非无效值。
Block processing time: 0.009991 seconds
Computing Block 115 out of 560
Processing Block size=2
begin cleaner{left: ("[FunctionalDependency:(s: {brewery_id}, t: {city})]", 0.0), operator: *, right: (1.0, 1.0), result: 0.0}
列 'p' 不存在，对列 city 不过滤，直接选择所有非无效值。
Block processing time: 0.00534 seconds
Computing Block 116 out of 560
Processing Block size=2
begin cleaner{left: ("[FunctionalDependency:(s: {brewery_id}, t: {city})]", 0.0), operator: *, right: (1.0, 1.0), result: 0.0}
列 'p' 不存在，对列 city 不过滤，直接选择所有非无效值。
Block processing time: 0.005497 seconds
Computing Block 117 out of 560
Processing Block size=6
begin cleaner{left: ("[FunctionalDependency:(s: {brewery_id}, t: {city})]", 0.0), operator: *, right: (1.0, 1.0), result: 0.0}
列 'p' 不存在，对列 city 不过滤，直接选择所有非无效值。
Block processing time: 0.014543 seconds
Computing Block 120 out of 560
Processing Block size=5
begin cleaner{left: ("[FunctionalDependency:(s: {brewery_id}, t: {city})]", 0.0), operator: *, right: (1.0, 1.0), result: 0.0}
列 'p' 不存在，对列 city 不过滤，直接选择所有非无效值。
Block processing time: 0.012411 seconds
Computing Block 122 out of 560
Processing Block size=38
begin cleaner{left: ("[FunctionalDependency:(s: {brewery_id}, t: {city})]", 0.0), operator: *, right: (1.0, 1.0), result: 0.0}
列 'p' 不存在，对列 city 不过滤，直接选择所有非无效值。
Block processing time: 0.090046 seconds
Computing Block 123 out of 560
Processing Block size=6
begin cleaner{left: ("[FunctionalDependency:(s: {brewery_id}, t: {city})]", 0.0), operator: *, right: (1.0, 1.0), result: 0.0}
列 'p' 不存在，对列 city 不过滤，直接选择所有非无效值。
Block processing time: 0.015139 seconds
Computing Block 124 out of 560
Processing Block size=4
begin cleaner{left: ("[FunctionalDependency:(s: {brewery_id}, t: {city})]", 0.0), operator: *, right: (1.0, 1.0), result: 0.0}
列 'p' 不存在，对列 city 不过滤，直接选择所有非无效值。
Block processing time: 0.010435 seconds
Computing Block 125 out of 560
Processing Block size=3
begin cleaner{left: ("[FunctionalDependency:(s: {brewery_id}, t: {city})]", 0.0), operator: *, right: (1.0, 1.0), result: 0.0}
列 'p' 不存在，对列 city 不过滤，直接选择所有非无效值。
Block processing time: 0.007847 seconds
Computing Block 126 out of 560
Processing Block size=6
begin cleaner{left: ("[FunctionalDependency:(s: {brewery_id}, t: {city})]", 0.0), operator: *, right: (1.0, 1.0), result: 0.0}
列 'p' 不存在，对列 city 不过滤，直接选择所有非无效值。
Block processing time: 0.014839 seconds
Computing Block 127 out of 560
Processing Block size=8
begin cleaner{left: ("[FunctionalDependency:(s: {brewery_id}, t: {city})]", 0.0), operator: *, right: (1.0, 1.0), result: 0.0}
列 'p' 不存在，对列 city 不过滤，直接选择所有非无效值。
Block processing time: 0.019316 seconds
Computing Block 128 out of 560
Processing Block size=4
begin cleaner{left: ("[FunctionalDependency:(s: {brewery_id}, t: {city})]", 0.0), operator: *, right: (1.0, 1.0), result: 0.0}
列 'p' 不存在，对列 city 不过滤，直接选择所有非无效值。
Block processing time: 0.010053 seconds
Computing Block 129 out of 560
Processing Block size=4
begin cleaner{left: ("[FunctionalDependency:(s: {brewery_id}, t: {city})]", 0.0), operator: *, right: (1.0, 1.0), result: 0.0}
列 'p' 不存在，对列 city 不过滤，直接选择所有非无效值。
Block processing time: 0.010165 seconds
Computing Block 130 out of 560
Processing Block size=5
begin cleaner{left: ("[FunctionalDependency:(s: {brewery_id}, t: {city})]", 0.0), operator: *, right: (1.0, 1.0), result: 0.0}
列 'p' 不存在，对列 city 不过滤，直接选择所有非无效值。
Block processing time: 0.012386 seconds
Computing Block 131 out of 560
Processing Block size=7
begin cleaner{left: ("[FunctionalDependency:(s: {brewery_id}, t: {city})]", 0.0), operator: *, right: (1.0, 1.0), result: 0.0}
列 'p' 不存在，对列 city 不过滤，直接选择所有非无效值。
Block processing time: 0.017476 seconds
Computing Block 132 out of 560
Processing Block size=3
begin cleaner{left: ("[FunctionalDependency:(s: {brewery_id}, t: {city})]", 0.0), operator: *, right: (1.0, 1.0), result: 0.0}
列 'p' 不存在，对列 city 不过滤，直接选择所有非无效值。
Block processing time: 0.007872 seconds
Computing Block 133 out of 560
Processing Block size=11
begin cleaner{left: ("[FunctionalDependency:(s: {brewery_id}, t: {city})]", 0.0), operator: *, right: (1.0, 1.0), result: 0.0}
列 'p' 不存在，对列 city 不过滤，直接选择所有非无效值。
Block processing time: 0.026955 seconds
Computing Block 134 out of 560
Processing Block size=3
begin cleaner{left: ("[FunctionalDependency:(s: {brewery_id}, t: {city})]", 0.0), operator: *, right: (1.0, 1.0), result: 0.0}
列 'p' 不存在，对列 city 不过滤，直接选择所有非无效值。
Block processing time: 0.00762 seconds
Computing Block 136 out of 560
Processing Block size=5
begin cleaner{left: ("[FunctionalDependency:(s: {brewery_id}, t: {city})]", 0.0), operator: *, right: (1.0, 1.0), result: 0.0}
列 'p' 不存在，对列 city 不过滤，直接选择所有非无效值。
Block processing time: 0.012261 seconds
Computing Block 137 out of 560
Processing Block size=7
begin cleaner{left: ("[FunctionalDependency:(s: {brewery_id}, t: {city})]", 0.0), operator: *, right: (1.0, 1.0), result: 0.0}
列 'p' 不存在，对列 city 不过滤，直接选择所有非无效值。
Block processing time: 0.016897 seconds
Computing Block 138 out of 560
Processing Block size=4
begin cleaner{left: ("[FunctionalDependency:(s: {brewery_id}, t: {city})]", 0.0), operator: *, right: (1.0, 1.0), result: 0.0}
列 'p' 不存在，对列 city 不过滤，直接选择所有非无效值。
Block processing time: 0.00994 seconds
Computing Block 139 out of 560
Processing Block size=3
begin cleaner{left: ("[FunctionalDependency:(s: {brewery_id}, t: {city})]", 0.0), operator: *, right: (1.0, 1.0), result: 0.0}
列 'p' 不存在，对列 city 不过滤，直接选择所有非无效值。
Block processing time: 0.007521 seconds
Computing Block 140 out of 560
Processing Block size=9
begin cleaner{left: ("[FunctionalDependency:(s: {brewery_id}, t: {city})]", 0.0), operator: *, right: (1.0, 1.0), result: 0.0}
列 'p' 不存在，对列 city 不过滤，直接选择所有非无效值。
Block processing time: 0.021449 seconds
Computing Block 141 out of 560
Processing Block size=3
begin cleaner{left: ("[FunctionalDependency:(s: {brewery_id}, t: {city})]", 0.0), operator: *, right: (1.0, 1.0), result: 0.0}
列 'p' 不存在，对列 city 不过滤，直接选择所有非无效值。
Block processing time: 0.007616 seconds
Computing Block 142 out of 560
Processing Block size=2
begin cleaner{left: ("[FunctionalDependency:(s: {brewery_id}, t: {city})]", 0.0), operator: *, right: (1.0, 1.0), result: 0.0}
列 'p' 不存在，对列 city 不过滤，直接选择所有非无效值。
Block processing time: 0.00532 seconds
Computing Block 144 out of 560
Processing Block size=2
begin cleaner{left: ("[FunctionalDependency:(s: {brewery_id}, t: {city})]", 0.0), operator: *, right: (1.0, 1.0), result: 0.0}
列 'p' 不存在，对列 city 不过滤，直接选择所有非无效值。
Block processing time: 0.005308 seconds
Computing Block 145 out of 560
Processing Block size=5
begin cleaner{left: ("[FunctionalDependency:(s: {brewery_id}, t: {city})]", 0.0), operator: *, right: (1.0, 1.0), result: 0.0}
列 'p' 不存在，对列 city 不过滤，直接选择所有非无效值。
Block processing time: 0.012279 seconds
Computing Block 146 out of 560
Processing Block size=20
begin cleaner{left: ("[FunctionalDependency:(s: {brewery_id}, t: {city})]", 0.0), operator: *, right: (1.0, 1.0), result: 0.0}
列 'p' 不存在，对列 city 不过滤，直接选择所有非无效值。
Block processing time: 0.047204 seconds
Computing Block 147 out of 560
Processing Block size=2
begin cleaner{left: ("[FunctionalDependency:(s: {brewery_id}, t: {city})]", 0.0), operator: *, right: (1.0, 1.0), result: 0.0}
列 'p' 不存在，对列 city 不过滤，直接选择所有非无效值。
Block processing time: 0.005557 seconds
Computing Block 150 out of 560
Processing Block size=5
begin cleaner{left: ("[FunctionalDependency:(s: {brewery_id}, t: {city})]", 0.0), operator: *, right: (1.0, 1.0), result: 0.0}
列 'p' 不存在，对列 city 不过滤，直接选择所有非无效值。
Block processing time: 0.012343 seconds
Computing Block 151 out of 560
Processing Block size=5
begin cleaner{left: ("[FunctionalDependency:(s: {brewery_id}, t: {city})]", 0.0), operator: *, right: (1.0, 1.0), result: 0.0}
列 'p' 不存在，对列 city 不过滤，直接选择所有非无效值。
Block processing time: 0.01229 seconds
Computing Block 152 out of 560
Processing Block size=3
begin cleaner{left: ("[FunctionalDependency:(s: {brewery_id}, t: {city})]", 0.0), operator: *, right: (1.0, 1.0), result: 0.0}
列 'p' 不存在，对列 city 不过滤，直接选择所有非无效值。
Block processing time: 0.007661 seconds
Computing Block 154 out of 560
Processing Block size=3
begin cleaner{left: ("[FunctionalDependency:(s: {brewery_id}, t: {city})]", 0.0), operator: *, right: (1.0, 1.0), result: 0.0}
列 'p' 不存在，对列 city 不过滤，直接选择所有非无效值。
Block processing time: 0.007616 seconds
Computing Block 155 out of 560
Processing Block size=6
begin cleaner{left: ("[FunctionalDependency:(s: {brewery_id}, t: {city})]", 0.0), operator: *, right: (1.0, 1.0), result: 0.0}
列 'p' 不存在，对列 city 不过滤，直接选择所有非无效值。
Block processing time: 0.014568 seconds
Computing Block 156 out of 560
Processing Block size=2
begin cleaner{left: ("[FunctionalDependency:(s: {brewery_id}, t: {city})]", 0.0), operator: *, right: (1.0, 1.0), result: 0.0}
列 'p' 不存在，对列 city 不过滤，直接选择所有非无效值。
Block processing time: 0.005311 seconds
Computing Block 157 out of 560
Processing Block size=7
begin cleaner{left: ("[FunctionalDependency:(s: {brewery_id}, t: {city})]", 0.0), operator: *, right: (1.0, 1.0), result: 0.0}
列 'p' 不存在，对列 city 不过滤，直接选择所有非无效值。
Block processing time: 0.016959 seconds
Computing Block 158 out of 560
Processing Block size=7
begin cleaner{left: ("[FunctionalDependency:(s: {brewery_id}, t: {city})]", 0.0), operator: *, right: (1.0, 1.0), result: 0.0}
列 'p' 不存在，对列 city 不过滤，直接选择所有非无效值。
Block processing time: 0.017073 seconds
Computing Block 159 out of 560
Processing Block size=4
begin cleaner{left: ("[FunctionalDependency:(s: {brewery_id}, t: {city})]", 0.0), operator: *, right: (1.0, 1.0), result: 0.0}
列 'p' 不存在，对列 city 不过滤，直接选择所有非无效值。
Block processing time: 0.009941 seconds
Computing Block 160 out of 560
Processing Block size=2
begin cleaner{left: ("[FunctionalDependency:(s: {brewery_id}, t: {city})]", 0.0), operator: *, right: (1.0, 1.0), result: 0.0}
列 'p' 不存在，对列 city 不过滤，直接选择所有非无效值。
Block processing time: 0.005234 seconds
Computing Block 161 out of 560
Processing Block size=4
begin cleaner{left: ("[FunctionalDependency:(s: {brewery_id}, t: {city})]", 0.0), operator: *, right: (1.0, 1.0), result: 0.0}
列 'p' 不存在，对列 city 不过滤，直接选择所有非无效值。
Block processing time: 0.010045 seconds
Computing Block 162 out of 560
Processing Block size=4
begin cleaner{left: ("[FunctionalDependency:(s: {brewery_id}, t: {city})]", 0.0), operator: *, right: (1.0, 1.0), result: 0.0}
列 'p' 不存在，对列 city 不过滤，直接选择所有非无效值。
Block processing time: 0.00994 seconds
Computing Block 163 out of 560
Processing Block size=4
begin cleaner{left: ("[FunctionalDependency:(s: {brewery_id}, t: {city})]", 0.0), operator: *, right: (1.0, 1.0), result: 0.0}
列 'p' 不存在，对列 city 不过滤，直接选择所有非无效值。
Block processing time: 0.010294 seconds
Computing Block 164 out of 560
Processing Block size=4
begin cleaner{left: ("[FunctionalDependency:(s: {brewery_id}, t: {city})]", 0.0), operator: *, right: (1.0, 1.0), result: 0.0}
列 'p' 不存在，对列 city 不过滤，直接选择所有非无效值。
Block processing time: 0.010985 seconds
Computing Block 165 out of 560
Processing Block size=3
begin cleaner{left: ("[FunctionalDependency:(s: {brewery_id}, t: {city})]", 0.0), operator: *, right: (1.0, 1.0), result: 0.0}
列 'p' 不存在，对列 city 不过滤，直接选择所有非无效值。
Block processing time: 0.008214 seconds
Computing Block 166 out of 560
Processing Block size=2
begin cleaner{left: ("[FunctionalDependency:(s: {brewery_id}, t: {city})]", 0.0), operator: *, right: (1.0, 1.0), result: 0.0}
列 'p' 不存在，对列 city 不过滤，直接选择所有非无效值。
Block processing time: 0.005505 seconds
Computing Block 167 out of 560
Processing Block size=3
begin cleaner{left: ("[FunctionalDependency:(s: {brewery_id}, t: {city})]", 0.0), operator: *, right: (1.0, 1.0), result: 0.0}
列 'p' 不存在，对列 city 不过滤，直接选择所有非无效值。
Block processing time: 0.007659 seconds
Computing Block 168 out of 560
Processing Block size=3
begin cleaner{left: ("[FunctionalDependency:(s: {brewery_id}, t: {city})]", 0.0), operator: *, right: (1.0, 1.0), result: 0.0}
列 'p' 不存在，对列 city 不过滤，直接选择所有非无效值。
Block processing time: 0.007696 seconds
Computing Block 172 out of 560
Processing Block size=3
begin cleaner{left: ("[FunctionalDependency:(s: {brewery_id}, t: {city})]", 0.0), operator: *, right: (1.0, 1.0), result: 0.0}
列 'p' 不存在，对列 city 不过滤，直接选择所有非无效值。
Block processing time: 0.00779 seconds
Computing Block 173 out of 560
Processing Block size=6
begin cleaner{left: ("[FunctionalDependency:(s: {brewery_id}, t: {city})]", 0.0), operator: *, right: (1.0, 1.0), result: 0.0}
列 'p' 不存在，对列 city 不过滤，直接选择所有非无效值。
Block processing time: 0.014767 seconds
Computing Block 175 out of 560
Processing Block size=8
begin cleaner{left: ("[FunctionalDependency:(s: {brewery_id}, t: {city})]", 0.0), operator: *, right: (1.0, 1.0), result: 0.0}
列 'p' 不存在，对列 city 不过滤，直接选择所有非无效值。
Block processing time: 0.019219 seconds
Computing Block 178 out of 560
Processing Block size=2
begin cleaner{left: ("[FunctionalDependency:(s: {brewery_id}, t: {city})]", 0.0), operator: *, right: (1.0, 1.0), result: 0.0}
列 'p' 不存在，对列 city 不过滤，直接选择所有非无效值。
Block processing time: 0.005348 seconds
Computing Block 179 out of 560
Processing Block size=5
begin cleaner{left: ("[FunctionalDependency:(s: {brewery_id}, t: {city})]", 0.0), operator: *, right: (1.0, 1.0), result: 0.0}
列 'p' 不存在，对列 city 不过滤，直接选择所有非无效值。
Block processing time: 0.012295 seconds
Computing Block 181 out of 560
Processing Block size=18
begin cleaner{left: ("[FunctionalDependency:(s: {brewery_id}, t: {city})]", 0.0), operator: *, right: (1.0, 1.0), result: 0.0}
列 'p' 不存在，对列 city 不过滤，直接选择所有非无效值。
Block processing time: 0.043367 seconds
Computing Block 183 out of 560
Processing Block size=6
begin cleaner{left: ("[FunctionalDependency:(s: {brewery_id}, t: {city})]", 0.0), operator: *, right: (1.0, 1.0), result: 0.0}
列 'p' 不存在，对列 city 不过滤，直接选择所有非无效值。
Block processing time: 0.01466 seconds
Computing Block 184 out of 560
Processing Block size=2
begin cleaner{left: ("[FunctionalDependency:(s: {brewery_id}, t: {city})]", 0.0), operator: *, right: (1.0, 1.0), result: 0.0}
列 'p' 不存在，对列 city 不过滤，直接选择所有非无效值。
Block processing time: 0.005345 seconds
Computing Block 185 out of 560
Processing Block size=5
begin cleaner{left: ("[FunctionalDependency:(s: {brewery_id}, t: {city})]", 0.0), operator: *, right: (1.0, 1.0), result: 0.0}
列 'p' 不存在，对列 city 不过滤，直接选择所有非无效值。
Block processing time: 0.012295 seconds
Computing Block 186 out of 560
Processing Block size=5
begin cleaner{left: ("[FunctionalDependency:(s: {brewery_id}, t: {city})]", 0.0), operator: *, right: (1.0, 1.0), result: 0.0}
列 'p' 不存在，对列 city 不过滤，直接选择所有非无效值。
Block processing time: 0.012319 seconds
Computing Block 189 out of 560
Processing Block size=9
begin cleaner{left: ("[FunctionalDependency:(s: {brewery_id}, t: {city})]", 0.0), operator: *, right: (1.0, 1.0), result: 0.0}
列 'p' 不存在，对列 city 不过滤，直接选择所有非无效值。
Block processing time: 0.021774 seconds
Computing Block 190 out of 560
Processing Block size=6
begin cleaner{left: ("[FunctionalDependency:(s: {brewery_id}, t: {city})]", 0.0), operator: *, right: (1.0, 1.0), result: 0.0}
列 'p' 不存在，对列 city 不过滤，直接选择所有非无效值。
Block processing time: 0.01464 seconds
Computing Block 191 out of 560
Processing Block size=8
begin cleaner{left: ("[FunctionalDependency:(s: {brewery_id}, t: {city})]", 0.0), operator: *, right: (1.0, 1.0), result: 0.0}
列 'p' 不存在，对列 city 不过滤，直接选择所有非无效值。
Block processing time: 0.020839 seconds
Computing Block 192 out of 560
Processing Block size=2
begin cleaner{left: ("[FunctionalDependency:(s: {brewery_id}, t: {city})]", 0.0), operator: *, right: (1.0, 1.0), result: 0.0}
列 'p' 不存在，对列 city 不过滤，直接选择所有非无效值。
Block processing time: 0.005331 seconds
Computing Block 193 out of 560
Processing Block size=5
begin cleaner{left: ("[FunctionalDependency:(s: {brewery_id}, t: {city})]", 0.0), operator: *, right: (1.0, 1.0), result: 0.0}
列 'p' 不存在，对列 city 不过滤，直接选择所有非无效值。
Block processing time: 0.012874 seconds
Computing Block 194 out of 560
Processing Block size=5
begin cleaner{left: ("[FunctionalDependency:(s: {brewery_id}, t: {city})]", 0.0), operator: *, right: (1.0, 1.0), result: 0.0}
列 'p' 不存在，对列 city 不过滤，直接选择所有非无效值。
Block processing time: 0.0133 seconds
Computing Block 197 out of 560
Processing Block size=3
begin cleaner{left: ("[FunctionalDependency:(s: {brewery_id}, t: {city})]", 0.0), operator: *, right: (1.0, 1.0), result: 0.0}
列 'p' 不存在，对列 city 不过滤，直接选择所有非无效值。
Block processing time: 0.007666 seconds
Computing Block 198 out of 560
Processing Block size=6
begin cleaner{left: ("[FunctionalDependency:(s: {brewery_id}, t: {city})]", 0.0), operator: *, right: (1.0, 1.0), result: 0.0}
列 'p' 不存在，对列 city 不过滤，直接选择所有非无效值。
Block processing time: 0.014511 seconds
Computing Block 200 out of 560
Processing Block size=4
begin cleaner{left: ("[FunctionalDependency:(s: {brewery_id}, t: {city})]", 0.0), operator: *, right: (1.0, 1.0), result: 0.0}
列 'p' 不存在，对列 city 不过滤，直接选择所有非无效值。
Block processing time: 0.010011 seconds
Computing Block 203 out of 560
Processing Block size=3
begin cleaner{left: ("[FunctionalDependency:(s: {brewery_id}, t: {city})]", 0.0), operator: *, right: (1.0, 1.0), result: 0.0}
列 'p' 不存在，对列 city 不过滤，直接选择所有非无效值。
Block processing time: 0.007663 seconds
Computing Block 205 out of 560
Processing Block size=3
begin cleaner{left: ("[FunctionalDependency:(s: {brewery_id}, t: {city})]", 0.0), operator: *, right: (1.0, 1.0), result: 0.0}
列 'p' 不存在，对列 city 不过滤，直接选择所有非无效值。
Block processing time: 0.007675 seconds
Computing Block 206 out of 560
Processing Block size=3
begin cleaner{left: ("[FunctionalDependency:(s: {brewery_id}, t: {city})]", 0.0), operator: *, right: (1.0, 1.0), result: 0.0}
列 'p' 不存在，对列 city 不过滤，直接选择所有非无效值。
Block processing time: 0.007645 seconds
Computing Block 208 out of 560
Processing Block size=7
begin cleaner{left: ("[FunctionalDependency:(s: {brewery_id}, t: {city})]", 0.0), operator: *, right: (1.0, 1.0), result: 0.0}
列 'p' 不存在，对列 city 不过滤，直接选择所有非无效值。
Block processing time: 0.018146 seconds
Computing Block 209 out of 560
Processing Block size=3
begin cleaner{left: ("[FunctionalDependency:(s: {brewery_id}, t: {city})]", 0.0), operator: *, right: (1.0, 1.0), result: 0.0}
列 'p' 不存在，对列 city 不过滤，直接选择所有非无效值。
Block processing time: 0.007925 seconds
Computing Block 211 out of 560
Processing Block size=2
begin cleaner{left: ("[FunctionalDependency:(s: {brewery_id}, t: {city})]", 0.0), operator: *, right: (1.0, 1.0), result: 0.0}
列 'p' 不存在，对列 city 不过滤，直接选择所有非无效值。
Block processing time: 0.005318 seconds
Computing Block 213 out of 560
Processing Block size=4
begin cleaner{left: ("[FunctionalDependency:(s: {brewery_id}, t: {city})]", 0.0), operator: *, right: (1.0, 1.0), result: 0.0}
列 'p' 不存在，对列 city 不过滤，直接选择所有非无效值。
Block processing time: 0.010434 seconds
Computing Block 214 out of 560
Processing Block size=9
begin cleaner{left: ("[FunctionalDependency:(s: {brewery_id}, t: {city})]", 0.0), operator: *, right: (1.0, 1.0), result: 0.0}
列 'p' 不存在，对列 city 不过滤，直接选择所有非无效值。
Block processing time: 0.022211 seconds
Computing Block 215 out of 560
Processing Block size=2
begin cleaner{left: ("[FunctionalDependency:(s: {brewery_id}, t: {city})]", 0.0), operator: *, right: (1.0, 1.0), result: 0.0}
列 'p' 不存在，对列 city 不过滤，直接选择所有非无效值。
Block processing time: 0.005703 seconds
Computing Block 216 out of 560
Processing Block size=2
begin cleaner{left: ("[FunctionalDependency:(s: {brewery_id}, t: {city})]", 0.0), operator: *, right: (1.0, 1.0), result: 0.0}
列 'p' 不存在，对列 city 不过滤，直接选择所有非无效值。
Block processing time: 0.005665 seconds
Computing Block 217 out of 560
Processing Block size=2
begin cleaner{left: ("[FunctionalDependency:(s: {brewery_id}, t: {city})]", 0.0), operator: *, right: (1.0, 1.0), result: 0.0}
列 'p' 不存在，对列 city 不过滤，直接选择所有非无效值。
Block processing time: 0.00561 seconds
Computing Block 218 out of 560
Processing Block size=2
begin cleaner{left: ("[FunctionalDependency:(s: {brewery_id}, t: {city})]", 0.0), operator: *, right: (1.0, 1.0), result: 0.0}
列 'p' 不存在，对列 city 不过滤，直接选择所有非无效值。
Block processing time: 0.005646 seconds
Computing Block 219 out of 560
Processing Block size=11
begin cleaner{left: ("[FunctionalDependency:(s: {brewery_id}, t: {city})]", 0.0), operator: *, right: (1.0, 1.0), result: 0.0}
列 'p' 不存在，对列 city 不过滤，直接选择所有非无效值。
Block processing time: 0.027766 seconds
Computing Block 220 out of 560
Processing Block size=3
begin cleaner{left: ("[FunctionalDependency:(s: {brewery_id}, t: {city})]", 0.0), operator: *, right: (1.0, 1.0), result: 0.0}
列 'p' 不存在，对列 city 不过滤，直接选择所有非无效值。
Block processing time: 0.007747 seconds
Computing Block 221 out of 560
Processing Block size=8
begin cleaner{left: ("[FunctionalDependency:(s: {brewery_id}, t: {city})]", 0.0), operator: *, right: (1.0, 1.0), result: 0.0}
列 'p' 不存在，对列 city 不过滤，直接选择所有非无效值。
Block processing time: 0.019379 seconds
Computing Block 222 out of 560
Processing Block size=13
begin cleaner{left: ("[FunctionalDependency:(s: {brewery_id}, t: {city})]", 0.0), operator: *, right: (1.0, 1.0), result: 0.0}
列 'p' 不存在，对列 city 不过滤，直接选择所有非无效值。
Block processing time: 0.030742 seconds
Computing Block 223 out of 560
Processing Block size=2
begin cleaner{left: ("[FunctionalDependency:(s: {brewery_id}, t: {city})]", 0.0), operator: *, right: (1.0, 1.0), result: 0.0}
列 'p' 不存在，对列 city 不过滤，直接选择所有非无效值。
Block processing time: 0.005442 seconds
Computing Block 224 out of 560
Processing Block size=2
begin cleaner{left: ("[FunctionalDependency:(s: {brewery_id}, t: {city})]", 0.0), operator: *, right: (1.0, 1.0), result: 0.0}
列 'p' 不存在，对列 city 不过滤，直接选择所有非无效值。
Block processing time: 0.005303 seconds
Computing Block 226 out of 560
Processing Block size=2
begin cleaner{left: ("[FunctionalDependency:(s: {brewery_id}, t: {city})]", 0.0), operator: *, right: (1.0, 1.0), result: 0.0}
列 'p' 不存在，对列 city 不过滤，直接选择所有非无效值。
Block processing time: 0.005684 seconds
Computing Block 227 out of 560
Processing Block size=2
begin cleaner{left: ("[FunctionalDependency:(s: {brewery_id}, t: {city})]", 0.0), operator: *, right: (1.0, 1.0), result: 0.0}
列 'p' 不存在，对列 city 不过滤，直接选择所有非无效值。
Block processing time: 0.005651 seconds
Computing Block 228 out of 560
Processing Block size=9
begin cleaner{left: ("[FunctionalDependency:(s: {brewery_id}, t: {city})]", 0.0), operator: *, right: (1.0, 1.0), result: 0.0}
列 'p' 不存在，对列 city 不过滤，直接选择所有非无效值。
Block processing time: 0.023417 seconds
Computing Block 229 out of 560
Processing Block size=3
begin cleaner{left: ("[FunctionalDependency:(s: {brewery_id}, t: {city})]", 0.0), operator: *, right: (1.0, 1.0), result: 0.0}
列 'p' 不存在，对列 city 不过滤，直接选择所有非无效值。
Block processing time: 0.007749 seconds
Computing Block 230 out of 560
Processing Block size=3
begin cleaner{left: ("[FunctionalDependency:(s: {brewery_id}, t: {city})]", 0.0), operator: *, right: (1.0, 1.0), result: 0.0}
列 'p' 不存在，对列 city 不过滤，直接选择所有非无效值。
Block processing time: 0.007725 seconds
Computing Block 231 out of 560
Processing Block size=10
begin cleaner{left: ("[FunctionalDependency:(s: {brewery_id}, t: {city})]", 0.0), operator: *, right: (1.0, 1.0), result: 0.0}
列 'p' 不存在，对列 city 不过滤，直接选择所有非无效值。
Block processing time: 0.024019 seconds
Computing Block 232 out of 560
Processing Block size=2
begin cleaner{left: ("[FunctionalDependency:(s: {brewery_id}, t: {city})]", 0.0), operator: *, right: (1.0, 1.0), result: 0.0}
列 'p' 不存在，对列 city 不过滤，直接选择所有非无效值。
Block processing time: 0.005376 seconds
Computing Block 234 out of 560
Processing Block size=13
begin cleaner{left: ("[FunctionalDependency:(s: {brewery_id}, t: {city})]", 0.0), operator: *, right: (1.0, 1.0), result: 0.0}
列 'p' 不存在，对列 city 不过滤，直接选择所有非无效值。
Block processing time: 0.030684 seconds
Computing Block 236 out of 560
Processing Block size=2
begin cleaner{left: ("[FunctionalDependency:(s: {brewery_id}, t: {city})]", 0.0), operator: *, right: (1.0, 1.0), result: 0.0}
列 'p' 不存在，对列 city 不过滤，直接选择所有非无效值。
Block processing time: 0.005372 seconds
Computing Block 237 out of 560
Processing Block size=2
begin cleaner{left: ("[FunctionalDependency:(s: {brewery_id}, t: {city})]", 0.0), operator: *, right: (1.0, 1.0), result: 0.0}
列 'p' 不存在，对列 city 不过滤，直接选择所有非无效值。
Block processing time: 0.005274 seconds
Computing Block 238 out of 560
Processing Block size=4
begin cleaner{left: ("[FunctionalDependency:(s: {brewery_id}, t: {city})]", 0.0), operator: *, right: (1.0, 1.0), result: 0.0}
列 'p' 不存在，对列 city 不过滤，直接选择所有非无效值。
Block processing time: 0.009985 seconds
Computing Block 239 out of 560
Processing Block size=2
begin cleaner{left: ("[FunctionalDependency:(s: {brewery_id}, t: {city})]", 0.0), operator: *, right: (1.0, 1.0), result: 0.0}
列 'p' 不存在，对列 city 不过滤，直接选择所有非无效值。
Block processing time: 0.00526 seconds
Computing Block 240 out of 560
Processing Block size=14
begin cleaner{left: ("[FunctionalDependency:(s: {brewery_id}, t: {city})]", 0.0), operator: *, right: (1.0, 1.0), result: 0.0}
列 'p' 不存在，对列 city 不过滤，直接选择所有非无效值。
Block processing time: 0.03303 seconds
Computing Block 241 out of 560
Processing Block size=3
begin cleaner{left: ("[FunctionalDependency:(s: {brewery_id}, t: {city})]", 0.0), operator: *, right: (1.0, 1.0), result: 0.0}
列 'p' 不存在，对列 city 不过滤，直接选择所有非无效值。
Block processing time: 0.007681 seconds
Computing Block 242 out of 560
Processing Block size=5
begin cleaner{left: ("[FunctionalDependency:(s: {brewery_id}, t: {city})]", 0.0), operator: *, right: (1.0, 1.0), result: 0.0}
列 'p' 不存在，对列 city 不过滤，直接选择所有非无效值。
Block processing time: 0.013268 seconds
Computing Block 245 out of 560
Processing Block size=4
begin cleaner{left: ("[FunctionalDependency:(s: {brewery_id}, t: {city})]", 0.0), operator: *, right: (1.0, 1.0), result: 0.0}
列 'p' 不存在，对列 city 不过滤，直接选择所有非无效值。
Block processing time: 0.010823 seconds
Computing Block 246 out of 560
Processing Block size=4
begin cleaner{left: ("[FunctionalDependency:(s: {brewery_id}, t: {city})]", 0.0), operator: *, right: (1.0, 1.0), result: 0.0}
列 'p' 不存在，对列 city 不过滤，直接选择所有非无效值。
Block processing time: 0.010818 seconds
Computing Block 247 out of 560
Processing Block size=2
begin cleaner{left: ("[FunctionalDependency:(s: {brewery_id}, t: {city})]", 0.0), operator: *, right: (1.0, 1.0), result: 0.0}
列 'p' 不存在，对列 city 不过滤，直接选择所有非无效值。
Block processing time: 0.00533 seconds
Computing Block 248 out of 560
Processing Block size=3
begin cleaner{left: ("[FunctionalDependency:(s: {brewery_id}, t: {city})]", 0.0), operator: *, right: (1.0, 1.0), result: 0.0}
列 'p' 不存在，对列 city 不过滤，直接选择所有非无效值。
Block processing time: 0.007622 seconds
Computing Block 251 out of 560
Processing Block size=4
begin cleaner{left: ("[FunctionalDependency:(s: {brewery_id}, t: {city})]", 0.0), operator: *, right: (1.0, 1.0), result: 0.0}
列 'p' 不存在，对列 city 不过滤，直接选择所有非无效值。
Block processing time: 0.010239 seconds
Computing Block 252 out of 560
Processing Block size=2
begin cleaner{left: ("[FunctionalDependency:(s: {brewery_id}, t: {city})]", 0.0), operator: *, right: (1.0, 1.0), result: 0.0}
列 'p' 不存在，对列 city 不过滤，直接选择所有非无效值。
Block processing time: 0.005612 seconds
Computing Block 253 out of 560
Processing Block size=9
begin cleaner{left: ("[FunctionalDependency:(s: {brewery_id}, t: {city})]", 0.0), operator: *, right: (1.0, 1.0), result: 0.0}
列 'p' 不存在，对列 city 不过滤，直接选择所有非无效值。
Block processing time: 0.022408 seconds
Computing Block 254 out of 560
Processing Block size=2
begin cleaner{left: ("[FunctionalDependency:(s: {brewery_id}, t: {city})]", 0.0), operator: *, right: (1.0, 1.0), result: 0.0}
列 'p' 不存在，对列 city 不过滤，直接选择所有非无效值。
Block processing time: 0.005325 seconds
Computing Block 255 out of 560
Processing Block size=4
begin cleaner{left: ("[FunctionalDependency:(s: {brewery_id}, t: {city})]", 0.0), operator: *, right: (1.0, 1.0), result: 0.0}
列 'p' 不存在，对列 city 不过滤，直接选择所有非无效值。
Block processing time: 0.010064 seconds
Computing Block 256 out of 560
Processing Block size=4
begin cleaner{left: ("[FunctionalDependency:(s: {brewery_id}, t: {city})]", 0.0), operator: *, right: (1.0, 1.0), result: 0.0}
列 'p' 不存在，对列 city 不过滤，直接选择所有非无效值。
Block processing time: 0.009969 seconds
Computing Block 257 out of 560
Processing Block size=10
begin cleaner{left: ("[FunctionalDependency:(s: {brewery_id}, t: {city})]", 0.0), operator: *, right: (1.0, 1.0), result: 0.0}
列 'p' 不存在，对列 city 不过滤，直接选择所有非无效值。
Block processing time: 0.023959 seconds
Computing Block 259 out of 560
Processing Block size=2
begin cleaner{left: ("[FunctionalDependency:(s: {brewery_id}, t: {city})]", 0.0), operator: *, right: (1.0, 1.0), result: 0.0}
列 'p' 不存在，对列 city 不过滤，直接选择所有非无效值。
Block processing time: 0.005342 seconds
Computing Block 261 out of 560
Processing Block size=7
begin cleaner{left: ("[FunctionalDependency:(s: {brewery_id}, t: {city})]", 0.0), operator: *, right: (1.0, 1.0), result: 0.0}
列 'p' 不存在，对列 city 不过滤，直接选择所有非无效值。
Block processing time: 0.016912 seconds
Computing Block 262 out of 560
Processing Block size=7
begin cleaner{left: ("[FunctionalDependency:(s: {brewery_id}, t: {city})]", 0.0), operator: *, right: (1.0, 1.0), result: 0.0}
列 'p' 不存在，对列 city 不过滤，直接选择所有非无效值。
Block processing time: 0.017064 seconds
Computing Block 267 out of 560
Processing Block size=3
begin cleaner{left: ("[FunctionalDependency:(s: {brewery_id}, t: {city})]", 0.0), operator: *, right: (1.0, 1.0), result: 0.0}
列 'p' 不存在，对列 city 不过滤，直接选择所有非无效值。
Block processing time: 0.007807 seconds
Computing Block 268 out of 560
Processing Block size=4
begin cleaner{left: ("[FunctionalDependency:(s: {brewery_id}, t: {city})]", 0.0), operator: *, right: (1.0, 1.0), result: 0.0}
列 'p' 不存在，对列 city 不过滤，直接选择所有非无效值。
Block processing time: 0.01006 seconds
Computing Block 270 out of 560
Processing Block size=3
begin cleaner{left: ("[FunctionalDependency:(s: {brewery_id}, t: {city})]", 0.0), operator: *, right: (1.0, 1.0), result: 0.0}
列 'p' 不存在，对列 city 不过滤，直接选择所有非无效值。
Block processing time: 0.007706 seconds
Computing Block 271 out of 560
Processing Block size=2
begin cleaner{left: ("[FunctionalDependency:(s: {brewery_id}, t: {city})]", 0.0), operator: *, right: (1.0, 1.0), result: 0.0}
列 'p' 不存在，对列 city 不过滤，直接选择所有非无效值。
Block processing time: 0.005544 seconds
Computing Block 272 out of 560
Processing Block size=2
begin cleaner{left: ("[FunctionalDependency:(s: {brewery_id}, t: {city})]", 0.0), operator: *, right: (1.0, 1.0), result: 0.0}
列 'p' 不存在，对列 city 不过滤，直接选择所有非无效值。
Block processing time: 0.005773 seconds
Computing Block 274 out of 560
Processing Block size=2
begin cleaner{left: ("[FunctionalDependency:(s: {brewery_id}, t: {city})]", 0.0), operator: *, right: (1.0, 1.0), result: 0.0}
列 'p' 不存在，对列 city 不过滤，直接选择所有非无效值。
Block processing time: 0.005708 seconds
Computing Block 275 out of 560
Processing Block size=2
begin cleaner{left: ("[FunctionalDependency:(s: {brewery_id}, t: {city})]", 0.0), operator: *, right: (1.0, 1.0), result: 0.0}
列 'p' 不存在，对列 city 不过滤，直接选择所有非无效值。
Block processing time: 0.005748 seconds
Computing Block 277 out of 560
Processing Block size=2
begin cleaner{left: ("[FunctionalDependency:(s: {brewery_id}, t: {city})]", 0.0), operator: *, right: (1.0, 1.0), result: 0.0}
列 'p' 不存在，对列 city 不过滤，直接选择所有非无效值。
Block processing time: 0.005791 seconds
Computing Block 279 out of 560
Processing Block size=2
begin cleaner{left: ("[FunctionalDependency:(s: {brewery_id}, t: {city})]", 0.0), operator: *, right: (1.0, 1.0), result: 0.0}
列 'p' 不存在，对列 city 不过滤，直接选择所有非无效值。
Block processing time: 0.00573 seconds
Computing Block 280 out of 560
Processing Block size=32
begin cleaner{left: ("[FunctionalDependency:(s: {brewery_id}, t: {city})]", 0.0), operator: *, right: (1.0, 1.0), result: 0.0}
列 'p' 不存在，对列 city 不过滤，直接选择所有非无效值。
Block processing time: 0.077088 seconds
Computing Block 281 out of 560
Processing Block size=4
begin cleaner{left: ("[FunctionalDependency:(s: {brewery_id}, t: {city})]", 0.0), operator: *, right: (1.0, 1.0), result: 0.0}
列 'p' 不存在，对列 city 不过滤，直接选择所有非无效值。
Block processing time: 0.010116 seconds
Computing Block 282 out of 560
Processing Block size=5
begin cleaner{left: ("[FunctionalDependency:(s: {brewery_id}, t: {city})]", 0.0), operator: *, right: (1.0, 1.0), result: 0.0}
列 'p' 不存在，对列 city 不过滤，直接选择所有非无效值。
Block processing time: 0.012325 seconds
Computing Block 283 out of 560
Processing Block size=5
begin cleaner{left: ("[FunctionalDependency:(s: {brewery_id}, t: {city})]", 0.0), operator: *, right: (1.0, 1.0), result: 0.0}
列 'p' 不存在，对列 city 不过滤，直接选择所有非无效值。
Block processing time: 0.012898 seconds
Computing Block 284 out of 560
Processing Block size=3
begin cleaner{left: ("[FunctionalDependency:(s: {brewery_id}, t: {city})]", 0.0), operator: *, right: (1.0, 1.0), result: 0.0}
列 'p' 不存在，对列 city 不过滤，直接选择所有非无效值。
Block processing time: 0.007734 seconds
Computing Block 285 out of 560
Processing Block size=3
begin cleaner{left: ("[FunctionalDependency:(s: {brewery_id}, t: {city})]", 0.0), operator: *, right: (1.0, 1.0), result: 0.0}
列 'p' 不存在，对列 city 不过滤，直接选择所有非无效值。
Block processing time: 0.008041 seconds
Computing Block 286 out of 560
Processing Block size=5
begin cleaner{left: ("[FunctionalDependency:(s: {brewery_id}, t: {city})]", 0.0), operator: *, right: (1.0, 1.0), result: 0.0}
列 'p' 不存在，对列 city 不过滤，直接选择所有非无效值。
Block processing time: 0.012846 seconds
Computing Block 287 out of 560
Processing Block size=3
begin cleaner{left: ("[FunctionalDependency:(s: {brewery_id}, t: {city})]", 0.0), operator: *, right: (1.0, 1.0), result: 0.0}
列 'p' 不存在，对列 city 不过滤，直接选择所有非无效值。
Block processing time: 0.007778 seconds
Computing Block 288 out of 560
Processing Block size=14
begin cleaner{left: ("[FunctionalDependency:(s: {brewery_id}, t: {city})]", 0.0), operator: *, right: (1.0, 1.0), result: 0.0}
列 'p' 不存在，对列 city 不过滤，直接选择所有非无效值。
Block processing time: 0.034533 seconds
Computing Block 290 out of 560
Processing Block size=2
begin cleaner{left: ("[FunctionalDependency:(s: {brewery_id}, t: {city})]", 0.0), operator: *, right: (1.0, 1.0), result: 0.0}
列 'p' 不存在，对列 city 不过滤，直接选择所有非无效值。
Block processing time: 0.005493 seconds
Computing Block 291 out of 560
Processing Block size=2
begin cleaner{left: ("[FunctionalDependency:(s: {brewery_id}, t: {city})]", 0.0), operator: *, right: (1.0, 1.0), result: 0.0}
列 'p' 不存在，对列 city 不过滤，直接选择所有非无效值。
Block processing time: 0.005341 seconds
Computing Block 292 out of 560
Processing Block size=4
begin cleaner{left: ("[FunctionalDependency:(s: {brewery_id}, t: {city})]", 0.0), operator: *, right: (1.0, 1.0), result: 0.0}
列 'p' 不存在，对列 city 不过滤，直接选择所有非无效值。
Block processing time: 0.010033 seconds
Computing Block 294 out of 560
Processing Block size=2
begin cleaner{left: ("[FunctionalDependency:(s: {brewery_id}, t: {city})]", 0.0), operator: *, right: (1.0, 1.0), result: 0.0}
列 'p' 不存在，对列 city 不过滤，直接选择所有非无效值。
Block processing time: 0.005362 seconds
Computing Block 295 out of 560
Processing Block size=6
begin cleaner{left: ("[FunctionalDependency:(s: {brewery_id}, t: {city})]", 0.0), operator: *, right: (1.0, 1.0), result: 0.0}
列 'p' 不存在，对列 city 不过滤，直接选择所有非无效值。
Block processing time: 0.015435 seconds
Computing Block 296 out of 560
Processing Block size=4
begin cleaner{left: ("[FunctionalDependency:(s: {brewery_id}, t: {city})]", 0.0), operator: *, right: (1.0, 1.0), result: 0.0}
列 'p' 不存在，对列 city 不过滤，直接选择所有非无效值。
Block processing time: 0.010051 seconds
Computing Block 297 out of 560
Processing Block size=3
begin cleaner{left: ("[FunctionalDependency:(s: {brewery_id}, t: {city})]", 0.0), operator: *, right: (1.0, 1.0), result: 0.0}
列 'p' 不存在，对列 city 不过滤，直接选择所有非无效值。
Block processing time: 0.007867 seconds
Computing Block 299 out of 560
Processing Block size=9
begin cleaner{left: ("[FunctionalDependency:(s: {brewery_id}, t: {city})]", 0.0), operator: *, right: (1.0, 1.0), result: 0.0}
列 'p' 不存在，对列 city 不过滤，直接选择所有非无效值。
Block processing time: 0.021675 seconds
Computing Block 301 out of 560
Processing Block size=5
begin cleaner{left: ("[FunctionalDependency:(s: {brewery_id}, t: {city})]", 0.0), operator: *, right: (1.0, 1.0), result: 0.0}
列 'p' 不存在，对列 city 不过滤，直接选择所有非无效值。
Block processing time: 0.01236 seconds
Computing Block 303 out of 560
Processing Block size=5
begin cleaner{left: ("[FunctionalDependency:(s: {brewery_id}, t: {city})]", 0.0), operator: *, right: (1.0, 1.0), result: 0.0}
列 'p' 不存在，对列 city 不过滤，直接选择所有非无效值。
Block processing time: 0.012355 seconds
Computing Block 304 out of 560
Processing Block size=9
begin cleaner{left: ("[FunctionalDependency:(s: {brewery_id}, t: {city})]", 0.0), operator: *, right: (1.0, 1.0), result: 0.0}
列 'p' 不存在，对列 city 不过滤，直接选择所有非无效值。
Block processing time: 0.021577 seconds
Computing Block 306 out of 560
Processing Block size=3
begin cleaner{left: ("[FunctionalDependency:(s: {brewery_id}, t: {city})]", 0.0), operator: *, right: (1.0, 1.0), result: 0.0}
列 'p' 不存在，对列 city 不过滤，直接选择所有非无效值。
Block processing time: 0.007745 seconds
Computing Block 307 out of 560
Processing Block size=7
begin cleaner{left: ("[FunctionalDependency:(s: {brewery_id}, t: {city})]", 0.0), operator: *, right: (1.0, 1.0), result: 0.0}
列 'p' 不存在，对列 city 不过滤，直接选择所有非无效值。
Block processing time: 0.017009 seconds
Computing Block 308 out of 560
Processing Block size=8
begin cleaner{left: ("[FunctionalDependency:(s: {brewery_id}, t: {city})]", 0.0), operator: *, right: (1.0, 1.0), result: 0.0}
列 'p' 不存在，对列 city 不过滤，直接选择所有非无效值。
Block processing time: 0.019187 seconds
Computing Block 309 out of 560
Processing Block size=3
begin cleaner{left: ("[FunctionalDependency:(s: {brewery_id}, t: {city})]", 0.0), operator: *, right: (1.0, 1.0), result: 0.0}
列 'p' 不存在，对列 city 不过滤，直接选择所有非无效值。
Block processing time: 0.007938 seconds
Computing Block 310 out of 560
Processing Block size=4
begin cleaner{left: ("[FunctionalDependency:(s: {brewery_id}, t: {city})]", 0.0), operator: *, right: (1.0, 1.0), result: 0.0}
列 'p' 不存在，对列 city 不过滤，直接选择所有非无效值。
Block processing time: 0.010003 seconds
Computing Block 313 out of 560
Processing Block size=3
begin cleaner{left: ("[FunctionalDependency:(s: {brewery_id}, t: {city})]", 0.0), operator: *, right: (1.0, 1.0), result: 0.0}
列 'p' 不存在，对列 city 不过滤，直接选择所有非无效值。
Block processing time: 0.007924 seconds
Computing Block 314 out of 560
Processing Block size=4
begin cleaner{left: ("[FunctionalDependency:(s: {brewery_id}, t: {city})]", 0.0), operator: *, right: (1.0, 1.0), result: 0.0}
列 'p' 不存在，对列 city 不过滤，直接选择所有非无效值。
Block processing time: 0.010202 seconds
Computing Block 315 out of 560
Processing Block size=4
begin cleaner{left: ("[FunctionalDependency:(s: {brewery_id}, t: {city})]", 0.0), operator: *, right: (1.0, 1.0), result: 0.0}
列 'p' 不存在，对列 city 不过滤，直接选择所有非无效值。
Block processing time: 0.010746 seconds
Computing Block 316 out of 560
Processing Block size=4
begin cleaner{left: ("[FunctionalDependency:(s: {brewery_id}, t: {city})]", 0.0), operator: *, right: (1.0, 1.0), result: 0.0}
列 'p' 不存在，对列 city 不过滤，直接选择所有非无效值。
Block processing time: 0.010018 seconds
Computing Block 317 out of 560
Processing Block size=3
begin cleaner{left: ("[FunctionalDependency:(s: {brewery_id}, t: {city})]", 0.0), operator: *, right: (1.0, 1.0), result: 0.0}
列 'p' 不存在，对列 city 不过滤，直接选择所有非无效值。
Block processing time: 0.007681 seconds
Computing Block 318 out of 560
Processing Block size=6
begin cleaner{left: ("[FunctionalDependency:(s: {brewery_id}, t: {city})]", 0.0), operator: *, right: (1.0, 1.0), result: 0.0}
列 'p' 不存在，对列 city 不过滤，直接选择所有非无效值。
Block processing time: 0.014643 seconds
Computing Block 319 out of 560
Processing Block size=4
begin cleaner{left: ("[FunctionalDependency:(s: {brewery_id}, t: {city})]", 0.0), operator: *, right: (1.0, 1.0), result: 0.0}
列 'p' 不存在，对列 city 不过滤，直接选择所有非无效值。
Block processing time: 0.010238 seconds
Computing Block 320 out of 560
Processing Block size=13
begin cleaner{left: ("[FunctionalDependency:(s: {brewery_id}, t: {city})]", 0.0), operator: *, right: (1.0, 1.0), result: 0.0}
列 'p' 不存在，对列 city 不过滤，直接选择所有非无效值。
Block processing time: 0.03152 seconds
Computing Block 321 out of 560
Processing Block size=2
begin cleaner{left: ("[FunctionalDependency:(s: {brewery_id}, t: {city})]", 0.0), operator: *, right: (1.0, 1.0), result: 0.0}
列 'p' 不存在，对列 city 不过滤，直接选择所有非无效值。
Block processing time: 0.00536 seconds
Computing Block 322 out of 560
Processing Block size=3
begin cleaner{left: ("[FunctionalDependency:(s: {brewery_id}, t: {city})]", 0.0), operator: *, right: (1.0, 1.0), result: 0.0}
列 'p' 不存在，对列 city 不过滤，直接选择所有非无效值。
Block processing time: 0.007708 seconds
Computing Block 324 out of 560
Processing Block size=4
begin cleaner{left: ("[FunctionalDependency:(s: {brewery_id}, t: {city})]", 0.0), operator: *, right: (1.0, 1.0), result: 0.0}
列 'p' 不存在，对列 city 不过滤，直接选择所有非无效值。
Block processing time: 0.010004 seconds
Computing Block 325 out of 560
Processing Block size=3
begin cleaner{left: ("[FunctionalDependency:(s: {brewery_id}, t: {city})]", 0.0), operator: *, right: (1.0, 1.0), result: 0.0}
列 'p' 不存在，对列 city 不过滤，直接选择所有非无效值。
Block processing time: 0.007707 seconds
Computing Block 328 out of 560
Processing Block size=5
begin cleaner{left: ("[FunctionalDependency:(s: {brewery_id}, t: {city})]", 0.0), operator: *, right: (1.0, 1.0), result: 0.0}
列 'p' 不存在，对列 city 不过滤，直接选择所有非无效值。
Block processing time: 0.01234 seconds
Computing Block 329 out of 560
Processing Block size=2
begin cleaner{left: ("[FunctionalDependency:(s: {brewery_id}, t: {city})]", 0.0), operator: *, right: (1.0, 1.0), result: 0.0}
列 'p' 不存在，对列 city 不过滤，直接选择所有非无效值。
Block processing time: 0.00536 seconds
Computing Block 330 out of 560
Processing Block size=6
begin cleaner{left: ("[FunctionalDependency:(s: {brewery_id}, t: {city})]", 0.0), operator: *, right: (1.0, 1.0), result: 0.0}
列 'p' 不存在，对列 city 不过滤，直接选择所有非无效值。
Block processing time: 0.014912 seconds
Computing Block 331 out of 560
Processing Block size=8
begin cleaner{left: ("[FunctionalDependency:(s: {brewery_id}, t: {city})]", 0.0), operator: *, right: (1.0, 1.0), result: 0.0}
列 'p' 不存在，对列 city 不过滤，直接选择所有非无效值。
Block processing time: 0.019168 seconds
Computing Block 332 out of 560
Processing Block size=2
begin cleaner{left: ("[FunctionalDependency:(s: {brewery_id}, t: {city})]", 0.0), operator: *, right: (1.0, 1.0), result: 0.0}
列 'p' 不存在，对列 city 不过滤，直接选择所有非无效值。
Block processing time: 0.005579 seconds
Computing Block 333 out of 560
Processing Block size=6
begin cleaner{left: ("[FunctionalDependency:(s: {brewery_id}, t: {city})]", 0.0), operator: *, right: (1.0, 1.0), result: 0.0}
列 'p' 不存在，对列 city 不过滤，直接选择所有非无效值。
Block processing time: 0.014667 seconds
Computing Block 336 out of 560
Processing Block size=2
begin cleaner{left: ("[FunctionalDependency:(s: {brewery_id}, t: {city})]", 0.0), operator: *, right: (1.0, 1.0), result: 0.0}
列 'p' 不存在，对列 city 不过滤，直接选择所有非无效值。
Block processing time: 0.005396 seconds
Computing Block 338 out of 560
Processing Block size=12
begin cleaner{left: ("[FunctionalDependency:(s: {brewery_id}, t: {city})]", 0.0), operator: *, right: (1.0, 1.0), result: 0.0}
列 'p' 不存在，对列 city 不过滤，直接选择所有非无效值。
Block processing time: 0.02909 seconds
Computing Block 339 out of 560
Processing Block size=9
begin cleaner{left: ("[FunctionalDependency:(s: {brewery_id}, t: {city})]", 0.0), operator: *, right: (1.0, 1.0), result: 0.0}
列 'p' 不存在，对列 city 不过滤，直接选择所有非无效值。
Block processing time: 0.02265 seconds
Computing Block 341 out of 560
Processing Block size=15
begin cleaner{left: ("[FunctionalDependency:(s: {brewery_id}, t: {city})]", 0.0), operator: *, right: (1.0, 1.0), result: 0.0}
列 'p' 不存在，对列 city 不过滤，直接选择所有非无效值。
Block processing time: 0.035816 seconds
Computing Block 342 out of 560
Processing Block size=9
begin cleaner{left: ("[FunctionalDependency:(s: {brewery_id}, t: {city})]", 0.0), operator: *, right: (1.0, 1.0), result: 0.0}
列 'p' 不存在，对列 city 不过滤，直接选择所有非无效值。
Block processing time: 0.021816 seconds
Computing Block 343 out of 560
Processing Block size=2
begin cleaner{left: ("[FunctionalDependency:(s: {brewery_id}, t: {city})]", 0.0), operator: *, right: (1.0, 1.0), result: 0.0}
列 'p' 不存在，对列 city 不过滤，直接选择所有非无效值。
Block processing time: 0.005391 seconds
Computing Block 346 out of 560
Processing Block size=3
begin cleaner{left: ("[FunctionalDependency:(s: {brewery_id}, t: {city})]", 0.0), operator: *, right: (1.0, 1.0), result: 0.0}
列 'p' 不存在，对列 city 不过滤，直接选择所有非无效值。
Block processing time: 0.007873 seconds
Computing Block 347 out of 560
Processing Block size=2
begin cleaner{left: ("[FunctionalDependency:(s: {brewery_id}, t: {city})]", 0.0), operator: *, right: (1.0, 1.0), result: 0.0}
列 'p' 不存在，对列 city 不过滤，直接选择所有非无效值。
Block processing time: 0.005371 seconds
Computing Block 348 out of 560
Processing Block size=4
begin cleaner{left: ("[FunctionalDependency:(s: {brewery_id}, t: {city})]", 0.0), operator: *, right: (1.0, 1.0), result: 0.0}
列 'p' 不存在，对列 city 不过滤，直接选择所有非无效值。
Block processing time: 0.009964 seconds
Computing Block 351 out of 560
Processing Block size=6
begin cleaner{left: ("[FunctionalDependency:(s: {brewery_id}, t: {city})]", 0.0), operator: *, right: (1.0, 1.0), result: 0.0}
列 'p' 不存在，对列 city 不过滤，直接选择所有非无效值。
Block processing time: 0.014909 seconds
Computing Block 352 out of 560
Processing Block size=2
begin cleaner{left: ("[FunctionalDependency:(s: {brewery_id}, t: {city})]", 0.0), operator: *, right: (1.0, 1.0), result: 0.0}
列 'p' 不存在，对列 city 不过滤，直接选择所有非无效值。
Block processing time: 0.005404 seconds
Computing Block 354 out of 560
Processing Block size=2
begin cleaner{left: ("[FunctionalDependency:(s: {brewery_id}, t: {city})]", 0.0), operator: *, right: (1.0, 1.0), result: 0.0}
列 'p' 不存在，对列 city 不过滤，直接选择所有非无效值。
Block processing time: 0.005375 seconds
Computing Block 355 out of 560
Processing Block size=2
begin cleaner{left: ("[FunctionalDependency:(s: {brewery_id}, t: {city})]", 0.0), operator: *, right: (1.0, 1.0), result: 0.0}
列 'p' 不存在，对列 city 不过滤，直接选择所有非无效值。
Block processing time: 0.00538 seconds
Computing Block 356 out of 560
Processing Block size=4
begin cleaner{left: ("[FunctionalDependency:(s: {brewery_id}, t: {city})]", 0.0), operator: *, right: (1.0, 1.0), result: 0.0}
列 'p' 不存在，对列 city 不过滤，直接选择所有非无效值。
Block processing time: 0.010411 seconds
Computing Block 357 out of 560
Processing Block size=4
begin cleaner{left: ("[FunctionalDependency:(s: {brewery_id}, t: {city})]", 0.0), operator: *, right: (1.0, 1.0), result: 0.0}
列 'p' 不存在，对列 city 不过滤，直接选择所有非无效值。
Block processing time: 0.010118 seconds
Computing Block 358 out of 560
Processing Block size=3
begin cleaner{left: ("[FunctionalDependency:(s: {brewery_id}, t: {city})]", 0.0), operator: *, right: (1.0, 1.0), result: 0.0}
列 'p' 不存在，对列 city 不过滤，直接选择所有非无效值。
Block processing time: 0.007754 seconds
Computing Block 360 out of 560
Processing Block size=2
begin cleaner{left: ("[FunctionalDependency:(s: {brewery_id}, t: {city})]", 0.0), operator: *, right: (1.0, 1.0), result: 0.0}
列 'p' 不存在，对列 city 不过滤，直接选择所有非无效值。
Block processing time: 0.005362 seconds
Computing Block 361 out of 560
Processing Block size=7
begin cleaner{left: ("[FunctionalDependency:(s: {brewery_id}, t: {city})]", 0.0), operator: *, right: (1.0, 1.0), result: 0.0}
列 'p' 不存在，对列 city 不过滤，直接选择所有非无效值。
Block processing time: 0.017166 seconds
Computing Block 362 out of 560
Processing Block size=12
begin cleaner{left: ("[FunctionalDependency:(s: {brewery_id}, t: {city})]", 0.0), operator: *, right: (1.0, 1.0), result: 0.0}
列 'p' 不存在，对列 city 不过滤，直接选择所有非无效值。
Block processing time: 0.029139 seconds
Computing Block 364 out of 560
Processing Block size=22
begin cleaner{left: ("[FunctionalDependency:(s: {brewery_id}, t: {city})]", 0.0), operator: *, right: (1.0, 1.0), result: 0.0}
列 'p' 不存在，对列 city 不过滤，直接选择所有非无效值。
Block processing time: 0.053449 seconds
Computing Block 365 out of 560
Processing Block size=10
begin cleaner{left: ("[FunctionalDependency:(s: {brewery_id}, t: {city})]", 0.0), operator: *, right: (1.0, 1.0), result: 0.0}
列 'p' 不存在，对列 city 不过滤，直接选择所有非无效值。
Block processing time: 0.024362 seconds
Computing Block 366 out of 560
Processing Block size=3
begin cleaner{left: ("[FunctionalDependency:(s: {brewery_id}, t: {city})]", 0.0), operator: *, right: (1.0, 1.0), result: 0.0}
列 'p' 不存在，对列 city 不过滤，直接选择所有非无效值。
Block processing time: 0.007852 seconds
Computing Block 367 out of 560
Processing Block size=8
begin cleaner{left: ("[FunctionalDependency:(s: {brewery_id}, t: {city})]", 0.0), operator: *, right: (1.0, 1.0), result: 0.0}
列 'p' 不存在，对列 city 不过滤，直接选择所有非无效值。
Block processing time: 0.019569 seconds
Computing Block 368 out of 560
Processing Block size=3
begin cleaner{left: ("[FunctionalDependency:(s: {brewery_id}, t: {city})]", 0.0), operator: *, right: (1.0, 1.0), result: 0.0}
列 'p' 不存在，对列 city 不过滤，直接选择所有非无效值。
Block processing time: 0.008191 seconds
Computing Block 370 out of 560
Processing Block size=4
begin cleaner{left: ("[FunctionalDependency:(s: {brewery_id}, t: {city})]", 0.0), operator: *, right: (1.0, 1.0), result: 0.0}
列 'p' 不存在，对列 city 不过滤，直接选择所有非无效值。
Block processing time: 0.011172 seconds
Computing Block 371 out of 560
Processing Block size=4
begin cleaner{left: ("[FunctionalDependency:(s: {brewery_id}, t: {city})]", 0.0), operator: *, right: (1.0, 1.0), result: 0.0}
列 'p' 不存在，对列 city 不过滤，直接选择所有非无效值。
Block processing time: 0.010181 seconds
Computing Block 372 out of 560
Processing Block size=5
begin cleaner{left: ("[FunctionalDependency:(s: {brewery_id}, t: {city})]", 0.0), operator: *, right: (1.0, 1.0), result: 0.0}
列 'p' 不存在，对列 city 不过滤，直接选择所有非无效值。
Block processing time: 0.012763 seconds
Computing Block 373 out of 560
Processing Block size=3
begin cleaner{left: ("[FunctionalDependency:(s: {brewery_id}, t: {city})]", 0.0), operator: *, right: (1.0, 1.0), result: 0.0}
列 'p' 不存在，对列 city 不过滤，直接选择所有非无效值。
Block processing time: 0.007805 seconds
Computing Block 374 out of 560
Processing Block size=5
begin cleaner{left: ("[FunctionalDependency:(s: {brewery_id}, t: {city})]", 0.0), operator: *, right: (1.0, 1.0), result: 0.0}
列 'p' 不存在，对列 city 不过滤，直接选择所有非无效值。
Block processing time: 0.012426 seconds
Computing Block 375 out of 560
Processing Block size=2
begin cleaner{left: ("[FunctionalDependency:(s: {brewery_id}, t: {city})]", 0.0), operator: *, right: (1.0, 1.0), result: 0.0}
列 'p' 不存在，对列 city 不过滤，直接选择所有非无效值。
Block processing time: 0.005504 seconds
Computing Block 376 out of 560
Processing Block size=2
begin cleaner{left: ("[FunctionalDependency:(s: {brewery_id}, t: {city})]", 0.0), operator: *, right: (1.0, 1.0), result: 0.0}
列 'p' 不存在，对列 city 不过滤，直接选择所有非无效值。
Block processing time: 0.005298 seconds
Computing Block 378 out of 560
Processing Block size=2
begin cleaner{left: ("[FunctionalDependency:(s: {brewery_id}, t: {city})]", 0.0), operator: *, right: (1.0, 1.0), result: 0.0}
列 'p' 不存在，对列 city 不过滤，直接选择所有非无效值。
Block processing time: 0.005281 seconds
Computing Block 379 out of 560
Processing Block size=4
begin cleaner{left: ("[FunctionalDependency:(s: {brewery_id}, t: {city})]", 0.0), operator: *, right: (1.0, 1.0), result: 0.0}
列 'p' 不存在，对列 city 不过滤，直接选择所有非无效值。
Block processing time: 0.009869 seconds
Computing Block 380 out of 560
Processing Block size=7
begin cleaner{left: ("[FunctionalDependency:(s: {brewery_id}, t: {city})]", 0.0), operator: *, right: (1.0, 1.0), result: 0.0}
列 'p' 不存在，对列 city 不过滤，直接选择所有非无效值。
Block processing time: 0.01732 seconds
Computing Block 381 out of 560
Processing Block size=19
begin cleaner{left: ("[FunctionalDependency:(s: {brewery_id}, t: {city})]", 0.0), operator: *, right: (1.0, 1.0), result: 0.0}
列 'p' 不存在，对列 city 不过滤，直接选择所有非无效值。
Block processing time: 0.044911 seconds
Computing Block 382 out of 560
Processing Block size=3
begin cleaner{left: ("[FunctionalDependency:(s: {brewery_id}, t: {city})]", 0.0), operator: *, right: (1.0, 1.0), result: 0.0}
列 'p' 不存在，对列 city 不过滤，直接选择所有非无效值。
Block processing time: 0.008195 seconds
Computing Block 383 out of 560
Processing Block size=2
begin cleaner{left: ("[FunctionalDependency:(s: {brewery_id}, t: {city})]", 0.0), operator: *, right: (1.0, 1.0), result: 0.0}
列 'p' 不存在，对列 city 不过滤，直接选择所有非无效值。
Block processing time: 0.005304 seconds
Computing Block 384 out of 560
Processing Block size=3
begin cleaner{left: ("[FunctionalDependency:(s: {brewery_id}, t: {city})]", 0.0), operator: *, right: (1.0, 1.0), result: 0.0}
列 'p' 不存在，对列 city 不过滤，直接选择所有非无效值。
Block processing time: 0.007656 seconds
Computing Block 385 out of 560
Processing Block size=2
begin cleaner{left: ("[FunctionalDependency:(s: {brewery_id}, t: {city})]", 0.0), operator: *, right: (1.0, 1.0), result: 0.0}
列 'p' 不存在，对列 city 不过滤，直接选择所有非无效值。
Block processing time: 0.005341 seconds
Computing Block 386 out of 560
Processing Block size=4
begin cleaner{left: ("[FunctionalDependency:(s: {brewery_id}, t: {city})]", 0.0), operator: *, right: (1.0, 1.0), result: 0.0}
列 'p' 不存在，对列 city 不过滤，直接选择所有非无效值。
Block processing time: 0.009906 seconds
Computing Block 387 out of 560
Processing Block size=4
begin cleaner{left: ("[FunctionalDependency:(s: {brewery_id}, t: {city})]", 0.0), operator: *, right: (1.0, 1.0), result: 0.0}
列 'p' 不存在，对列 city 不过滤，直接选择所有非无效值。
Block processing time: 0.010085 seconds
Computing Block 388 out of 560
Processing Block size=3
begin cleaner{left: ("[FunctionalDependency:(s: {brewery_id}, t: {city})]", 0.0), operator: *, right: (1.0, 1.0), result: 0.0}
列 'p' 不存在，对列 city 不过滤，直接选择所有非无效值。
Block processing time: 0.007672 seconds
Computing Block 389 out of 560
Processing Block size=4
begin cleaner{left: ("[FunctionalDependency:(s: {brewery_id}, t: {city})]", 0.0), operator: *, right: (1.0, 1.0), result: 0.0}
列 'p' 不存在，对列 city 不过滤，直接选择所有非无效值。
Block processing time: 0.009996 seconds
Computing Block 390 out of 560
Processing Block size=3
begin cleaner{left: ("[FunctionalDependency:(s: {brewery_id}, t: {city})]", 0.0), operator: *, right: (1.0, 1.0), result: 0.0}
列 'p' 不存在，对列 city 不过滤，直接选择所有非无效值。
Block processing time: 0.007626 seconds
Computing Block 391 out of 560
Processing Block size=2
begin cleaner{left: ("[FunctionalDependency:(s: {brewery_id}, t: {city})]", 0.0), operator: *, right: (1.0, 1.0), result: 0.0}
列 'p' 不存在，对列 city 不过滤，直接选择所有非无效值。
Block processing time: 0.005647 seconds
Computing Block 392 out of 560
Processing Block size=2
begin cleaner{left: ("[FunctionalDependency:(s: {brewery_id}, t: {city})]", 0.0), operator: *, right: (1.0, 1.0), result: 0.0}
列 'p' 不存在，对列 city 不过滤，直接选择所有非无效值。
Block processing time: 0.00565 seconds
Computing Block 393 out of 560
Processing Block size=3
begin cleaner{left: ("[FunctionalDependency:(s: {brewery_id}, t: {city})]", 0.0), operator: *, right: (1.0, 1.0), result: 0.0}
列 'p' 不存在，对列 city 不过滤，直接选择所有非无效值。
Block processing time: 0.008035 seconds
Computing Block 394 out of 560
Processing Block size=7
begin cleaner{left: ("[FunctionalDependency:(s: {brewery_id}, t: {city})]", 0.0), operator: *, right: (1.0, 1.0), result: 0.0}
列 'p' 不存在，对列 city 不过滤，直接选择所有非无效值。
Block processing time: 0.017734 seconds
Computing Block 397 out of 560
Processing Block size=3
begin cleaner{left: ("[FunctionalDependency:(s: {brewery_id}, t: {city})]", 0.0), operator: *, right: (1.0, 1.0), result: 0.0}
列 'p' 不存在，对列 city 不过滤，直接选择所有非无效值。
Block processing time: 0.0082 seconds
Computing Block 398 out of 560
Processing Block size=12
begin cleaner{left: ("[FunctionalDependency:(s: {brewery_id}, t: {city})]", 0.0), operator: *, right: (1.0, 1.0), result: 0.0}
列 'p' 不存在，对列 city 不过滤，直接选择所有非无效值。
Block processing time: 0.029553 seconds
Computing Block 399 out of 560
Processing Block size=10
begin cleaner{left: ("[FunctionalDependency:(s: {brewery_id}, t: {city})]", 0.0), operator: *, right: (1.0, 1.0), result: 0.0}
列 'p' 不存在，对列 city 不过滤，直接选择所有非无效值。
Block processing time: 0.023999 seconds
Computing Block 400 out of 560
Processing Block size=4
begin cleaner{left: ("[FunctionalDependency:(s: {brewery_id}, t: {city})]", 0.0), operator: *, right: (1.0, 1.0), result: 0.0}
列 'p' 不存在，对列 city 不过滤，直接选择所有非无效值。
Block processing time: 0.010035 seconds
Computing Block 401 out of 560
Processing Block size=2
begin cleaner{left: ("[FunctionalDependency:(s: {brewery_id}, t: {city})]", 0.0), operator: *, right: (1.0, 1.0), result: 0.0}
列 'p' 不存在，对列 city 不过滤，直接选择所有非无效值。
Block processing time: 0.005526 seconds
Computing Block 402 out of 560
Processing Block size=8
begin cleaner{left: ("[FunctionalDependency:(s: {brewery_id}, t: {city})]", 0.0), operator: *, right: (1.0, 1.0), result: 0.0}
列 'p' 不存在，对列 city 不过滤，直接选择所有非无效值。
Block processing time: 0.020041 seconds
Computing Block 403 out of 560
Processing Block size=4
begin cleaner{left: ("[FunctionalDependency:(s: {brewery_id}, t: {city})]", 0.0), operator: *, right: (1.0, 1.0), result: 0.0}
列 'p' 不存在，对列 city 不过滤，直接选择所有非无效值。
Block processing time: 0.010306 seconds
Computing Block 405 out of 560
Processing Block size=5
begin cleaner{left: ("[FunctionalDependency:(s: {brewery_id}, t: {city})]", 0.0), operator: *, right: (1.0, 1.0), result: 0.0}
列 'p' 不存在，对列 city 不过滤，直接选择所有非无效值。
Block processing time: 0.012371 seconds
Computing Block 406 out of 560
Processing Block size=3
begin cleaner{left: ("[FunctionalDependency:(s: {brewery_id}, t: {city})]", 0.0), operator: *, right: (1.0, 1.0), result: 0.0}
列 'p' 不存在，对列 city 不过滤，直接选择所有非无效值。
Block processing time: 0.00768 seconds
Computing Block 408 out of 560
Processing Block size=2
begin cleaner{left: ("[FunctionalDependency:(s: {brewery_id}, t: {city})]", 0.0), operator: *, right: (1.0, 1.0), result: 0.0}
列 'p' 不存在，对列 city 不过滤，直接选择所有非无效值。
Block processing time: 0.005358 seconds
Computing Block 409 out of 560
Processing Block size=5
begin cleaner{left: ("[FunctionalDependency:(s: {brewery_id}, t: {city})]", 0.0), operator: *, right: (1.0, 1.0), result: 0.0}
列 'p' 不存在，对列 city 不过滤，直接选择所有非无效值。
Block processing time: 0.012224 seconds
Computing Block 410 out of 560
Processing Block size=2
begin cleaner{left: ("[FunctionalDependency:(s: {brewery_id}, t: {city})]", 0.0), operator: *, right: (1.0, 1.0), result: 0.0}
列 'p' 不存在，对列 city 不过滤，直接选择所有非无效值。
Block processing time: 0.005325 seconds
Computing Block 411 out of 560
Processing Block size=3
begin cleaner{left: ("[FunctionalDependency:(s: {brewery_id}, t: {city})]", 0.0), operator: *, right: (1.0, 1.0), result: 0.0}
列 'p' 不存在，对列 city 不过滤，直接选择所有非无效值。
Block processing time: 0.007681 seconds
Computing Block 412 out of 560
Processing Block size=4
begin cleaner{left: ("[FunctionalDependency:(s: {brewery_id}, t: {city})]", 0.0), operator: *, right: (1.0, 1.0), result: 0.0}
列 'p' 不存在，对列 city 不过滤，直接选择所有非无效值。
Block processing time: 0.009976 seconds
Computing Block 413 out of 560
Processing Block size=5
begin cleaner{left: ("[FunctionalDependency:(s: {brewery_id}, t: {city})]", 0.0), operator: *, right: (1.0, 1.0), result: 0.0}
列 'p' 不存在，对列 city 不过滤，直接选择所有非无效值。
Block processing time: 0.012244 seconds
Computing Block 414 out of 560
Processing Block size=4
begin cleaner{left: ("[FunctionalDependency:(s: {brewery_id}, t: {city})]", 0.0), operator: *, right: (1.0, 1.0), result: 0.0}
列 'p' 不存在，对列 city 不过滤，直接选择所有非无效值。
Block processing time: 0.009973 seconds
Computing Block 415 out of 560
Processing Block size=4
begin cleaner{left: ("[FunctionalDependency:(s: {brewery_id}, t: {city})]", 0.0), operator: *, right: (1.0, 1.0), result: 0.0}
列 'p' 不存在，对列 city 不过滤，直接选择所有非无效值。
Block processing time: 0.009937 seconds
Computing Block 416 out of 560
Processing Block size=2
begin cleaner{left: ("[FunctionalDependency:(s: {brewery_id}, t: {city})]", 0.0), operator: *, right: (1.0, 1.0), result: 0.0}
列 'p' 不存在，对列 city 不过滤，直接选择所有非无效值。
Block processing time: 0.005343 seconds
Computing Block 417 out of 560
Processing Block size=2
begin cleaner{left: ("[FunctionalDependency:(s: {brewery_id}, t: {city})]", 0.0), operator: *, right: (1.0, 1.0), result: 0.0}
列 'p' 不存在，对列 city 不过滤，直接选择所有非无效值。
Block processing time: 0.005244 seconds
Computing Block 418 out of 560
Processing Block size=5
begin cleaner{left: ("[FunctionalDependency:(s: {brewery_id}, t: {city})]", 0.0), operator: *, right: (1.0, 1.0), result: 0.0}
列 'p' 不存在，对列 city 不过滤，直接选择所有非无效值。
Block processing time: 0.012177 seconds
Computing Block 420 out of 560
Processing Block size=5
begin cleaner{left: ("[FunctionalDependency:(s: {brewery_id}, t: {city})]", 0.0), operator: *, right: (1.0, 1.0), result: 0.0}
列 'p' 不存在，对列 city 不过滤，直接选择所有非无效值。
Block processing time: 0.01224 seconds
Computing Block 421 out of 560
Processing Block size=2
begin cleaner{left: ("[FunctionalDependency:(s: {brewery_id}, t: {city})]", 0.0), operator: *, right: (1.0, 1.0), result: 0.0}
列 'p' 不存在，对列 city 不过滤，直接选择所有非无效值。
Block processing time: 0.005343 seconds
Computing Block 422 out of 560
Processing Block size=2
begin cleaner{left: ("[FunctionalDependency:(s: {brewery_id}, t: {city})]", 0.0), operator: *, right: (1.0, 1.0), result: 0.0}
列 'p' 不存在，对列 city 不过滤，直接选择所有非无效值。
Block processing time: 0.005235 seconds
Computing Block 423 out of 560
Processing Block size=3
begin cleaner{left: ("[FunctionalDependency:(s: {brewery_id}, t: {city})]", 0.0), operator: *, right: (1.0, 1.0), result: 0.0}
列 'p' 不存在，对列 city 不过滤，直接选择所有非无效值。
Block processing time: 0.00764 seconds
Computing Block 424 out of 560
Processing Block size=5
begin cleaner{left: ("[FunctionalDependency:(s: {brewery_id}, t: {city})]", 0.0), operator: *, right: (1.0, 1.0), result: 0.0}
列 'p' 不存在，对列 city 不过滤，直接选择所有非无效值。
Block processing time: 0.012171 seconds
Computing Block 425 out of 560
Processing Block size=2
begin cleaner{left: ("[FunctionalDependency:(s: {brewery_id}, t: {city})]", 0.0), operator: *, right: (1.0, 1.0), result: 0.0}
列 'p' 不存在，对列 city 不过滤，直接选择所有非无效值。
Block processing time: 0.005288 seconds
Computing Block 426 out of 560
Processing Block size=4
begin cleaner{left: ("[FunctionalDependency:(s: {brewery_id}, t: {city})]", 0.0), operator: *, right: (1.0, 1.0), result: 0.0}
列 'p' 不存在，对列 city 不过滤，直接选择所有非无效值。
Block processing time: 0.010026 seconds
Computing Block 427 out of 560
Processing Block size=4
begin cleaner{left: ("[FunctionalDependency:(s: {brewery_id}, t: {city})]", 0.0), operator: *, right: (1.0, 1.0), result: 0.0}
列 'p' 不存在，对列 city 不过滤，直接选择所有非无效值。
Block processing time: 0.01086 seconds
Computing Block 428 out of 560
Processing Block size=2
begin cleaner{left: ("[FunctionalDependency:(s: {brewery_id}, t: {city})]", 0.0), operator: *, right: (1.0, 1.0), result: 0.0}
列 'p' 不存在，对列 city 不过滤，直接选择所有非无效值。
Block processing time: 0.005472 seconds
Computing Block 430 out of 560
Processing Block size=3
begin cleaner{left: ("[FunctionalDependency:(s: {brewery_id}, t: {city})]", 0.0), operator: *, right: (1.0, 1.0), result: 0.0}
列 'p' 不存在，对列 city 不过滤，直接选择所有非无效值。
Block processing time: 0.007726 seconds
Computing Block 431 out of 560
Processing Block size=7
begin cleaner{left: ("[FunctionalDependency:(s: {brewery_id}, t: {city})]", 0.0), operator: *, right: (1.0, 1.0), result: 0.0}
列 'p' 不存在，对列 city 不过滤，直接选择所有非无效值。
Block processing time: 0.017182 seconds
Computing Block 432 out of 560
Processing Block size=2
begin cleaner{left: ("[FunctionalDependency:(s: {brewery_id}, t: {city})]", 0.0), operator: *, right: (1.0, 1.0), result: 0.0}
列 'p' 不存在，对列 city 不过滤，直接选择所有非无效值。
Block processing time: 0.005607 seconds
Computing Block 433 out of 560
Processing Block size=10
begin cleaner{left: ("[FunctionalDependency:(s: {brewery_id}, t: {city})]", 0.0), operator: *, right: (1.0, 1.0), result: 0.0}
列 'p' 不存在，对列 city 不过滤，直接选择所有非无效值。
Block processing time: 0.024106 seconds
Computing Block 434 out of 560
Processing Block size=2
begin cleaner{left: ("[FunctionalDependency:(s: {brewery_id}, t: {city})]", 0.0), operator: *, right: (1.0, 1.0), result: 0.0}
列 'p' 不存在，对列 city 不过滤，直接选择所有非无效值。
Block processing time: 0.005464 seconds
Computing Block 436 out of 560
Processing Block size=12
begin cleaner{left: ("[FunctionalDependency:(s: {brewery_id}, t: {city})]", 0.0), operator: *, right: (1.0, 1.0), result: 0.0}
列 'p' 不存在，对列 city 不过滤，直接选择所有非无效值。
Block processing time: 0.028806 seconds
Computing Block 437 out of 560
Processing Block size=4
begin cleaner{left: ("[FunctionalDependency:(s: {brewery_id}, t: {city})]", 0.0), operator: *, right: (1.0, 1.0), result: 0.0}
列 'p' 不存在，对列 city 不过滤，直接选择所有非无效值。
Block processing time: 0.009971 seconds
Computing Block 438 out of 560
Processing Block size=4
begin cleaner{left: ("[FunctionalDependency:(s: {brewery_id}, t: {city})]", 0.0), operator: *, right: (1.0, 1.0), result: 0.0}
列 'p' 不存在，对列 city 不过滤，直接选择所有非无效值。
Block processing time: 0.010764 seconds
Computing Block 439 out of 560
Processing Block size=4
begin cleaner{left: ("[FunctionalDependency:(s: {brewery_id}, t: {city})]", 0.0), operator: *, right: (1.0, 1.0), result: 0.0}
列 'p' 不存在，对列 city 不过滤，直接选择所有非无效值。
Block processing time: 0.010885 seconds
Computing Block 440 out of 560
Processing Block size=2
begin cleaner{left: ("[FunctionalDependency:(s: {brewery_id}, t: {city})]", 0.0), operator: *, right: (1.0, 1.0), result: 0.0}
列 'p' 不存在，对列 city 不过滤，直接选择所有非无效值。
Block processing time: 0.005298 seconds
Computing Block 441 out of 560
Processing Block size=2
begin cleaner{left: ("[FunctionalDependency:(s: {brewery_id}, t: {city})]", 0.0), operator: *, right: (1.0, 1.0), result: 0.0}
列 'p' 不存在，对列 city 不过滤，直接选择所有非无效值。
Block processing time: 0.005362 seconds
Computing Block 442 out of 560
Processing Block size=5
begin cleaner{left: ("[FunctionalDependency:(s: {brewery_id}, t: {city})]", 0.0), operator: *, right: (1.0, 1.0), result: 0.0}
列 'p' 不存在，对列 city 不过滤，直接选择所有非无效值。
Block processing time: 0.0127 seconds
Computing Block 443 out of 560
Processing Block size=6
begin cleaner{left: ("[FunctionalDependency:(s: {brewery_id}, t: {city})]", 0.0), operator: *, right: (1.0, 1.0), result: 0.0}
列 'p' 不存在，对列 city 不过滤，直接选择所有非无效值。
Block processing time: 0.016095 seconds
Computing Block 445 out of 560
Processing Block size=6
begin cleaner{left: ("[FunctionalDependency:(s: {brewery_id}, t: {city})]", 0.0), operator: *, right: (1.0, 1.0), result: 0.0}
列 'p' 不存在，对列 city 不过滤，直接选择所有非无效值。
Block processing time: 0.015511 seconds
Computing Block 446 out of 560
Processing Block size=2
begin cleaner{left: ("[FunctionalDependency:(s: {brewery_id}, t: {city})]", 0.0), operator: *, right: (1.0, 1.0), result: 0.0}
列 'p' 不存在，对列 city 不过滤，直接选择所有非无效值。
Block processing time: 0.005364 seconds
Computing Block 448 out of 560
Processing Block size=6
begin cleaner{left: ("[FunctionalDependency:(s: {brewery_id}, t: {city})]", 0.0), operator: *, right: (1.0, 1.0), result: 0.0}
列 'p' 不存在，对列 city 不过滤，直接选择所有非无效值。
Block processing time: 0.01548 seconds
Computing Block 449 out of 560
Processing Block size=4
begin cleaner{left: ("[FunctionalDependency:(s: {brewery_id}, t: {city})]", 0.0), operator: *, right: (1.0, 1.0), result: 0.0}
列 'p' 不存在，对列 city 不过滤，直接选择所有非无效值。
Block processing time: 0.009965 seconds
Computing Block 450 out of 560
Processing Block size=6
begin cleaner{left: ("[FunctionalDependency:(s: {brewery_id}, t: {city})]", 0.0), operator: *, right: (1.0, 1.0), result: 0.0}
列 'p' 不存在，对列 city 不过滤，直接选择所有非无效值。
Block processing time: 0.014565 seconds
Computing Block 451 out of 560
Processing Block size=6
begin cleaner{left: ("[FunctionalDependency:(s: {brewery_id}, t: {city})]", 0.0), operator: *, right: (1.0, 1.0), result: 0.0}
列 'p' 不存在，对列 city 不过滤，直接选择所有非无效值。
Block processing time: 0.014666 seconds
Computing Block 452 out of 560
Processing Block size=6
begin cleaner{left: ("[FunctionalDependency:(s: {brewery_id}, t: {city})]", 0.0), operator: *, right: (1.0, 1.0), result: 0.0}
列 'p' 不存在，对列 city 不过滤，直接选择所有非无效值。
Block processing time: 0.01456 seconds
Computing Block 453 out of 560
Processing Block size=5
begin cleaner{left: ("[FunctionalDependency:(s: {brewery_id}, t: {city})]", 0.0), operator: *, right: (1.0, 1.0), result: 0.0}
列 'p' 不存在，对列 city 不过滤，直接选择所有非无效值。
Block processing time: 0.012225 seconds
Computing Block 454 out of 560
Processing Block size=4
begin cleaner{left: ("[FunctionalDependency:(s: {brewery_id}, t: {city})]", 0.0), operator: *, right: (1.0, 1.0), result: 0.0}
列 'p' 不存在，对列 city 不过滤，直接选择所有非无效值。
Block processing time: 0.010796 seconds
Computing Block 455 out of 560
Processing Block size=5
begin cleaner{left: ("[FunctionalDependency:(s: {brewery_id}, t: {city})]", 0.0), operator: *, right: (1.0, 1.0), result: 0.0}
列 'p' 不存在，对列 city 不过滤，直接选择所有非无效值。
Block processing time: 0.013393 seconds
Computing Block 456 out of 560
Processing Block size=2
begin cleaner{left: ("[FunctionalDependency:(s: {brewery_id}, t: {city})]", 0.0), operator: *, right: (1.0, 1.0), result: 0.0}
列 'p' 不存在，对列 city 不过滤，直接选择所有非无效值。
Block processing time: 0.005393 seconds
Computing Block 457 out of 560
Processing Block size=18
begin cleaner{left: ("[FunctionalDependency:(s: {brewery_id}, t: {city})]", 0.0), operator: *, right: (1.0, 1.0), result: 0.0}
列 'p' 不存在，对列 city 不过滤，直接选择所有非无效值。
Block processing time: 0.043932 seconds
Computing Block 459 out of 560
Processing Block size=14
begin cleaner{left: ("[FunctionalDependency:(s: {brewery_id}, t: {city})]", 0.0), operator: *, right: (1.0, 1.0), result: 0.0}
列 'p' 不存在，对列 city 不过滤，直接选择所有非无效值。
Block processing time: 0.034318 seconds
Computing Block 460 out of 560
Processing Block size=15
begin cleaner{left: ("[FunctionalDependency:(s: {brewery_id}, t: {city})]", 0.0), operator: *, right: (1.0, 1.0), result: 0.0}
列 'p' 不存在，对列 city 不过滤，直接选择所有非无效值。
Block processing time: 0.036125 seconds
Computing Block 461 out of 560
Processing Block size=7
begin cleaner{left: ("[FunctionalDependency:(s: {brewery_id}, t: {city})]", 0.0), operator: *, right: (1.0, 1.0), result: 0.0}
列 'p' 不存在，对列 city 不过滤，直接选择所有非无效值。
Block processing time: 0.018469 seconds
Computing Block 462 out of 560
Processing Block size=4
begin cleaner{left: ("[FunctionalDependency:(s: {brewery_id}, t: {city})]", 0.0), operator: *, right: (1.0, 1.0), result: 0.0}
列 'p' 不存在，对列 city 不过滤，直接选择所有非无效值。
Block processing time: 0.010902 seconds
Computing Block 463 out of 560
Processing Block size=4
begin cleaner{left: ("[FunctionalDependency:(s: {brewery_id}, t: {city})]", 0.0), operator: *, right: (1.0, 1.0), result: 0.0}
列 'p' 不存在，对列 city 不过滤，直接选择所有非无效值。
Block processing time: 0.009989 seconds
Computing Block 464 out of 560
Processing Block size=2
begin cleaner{left: ("[FunctionalDependency:(s: {brewery_id}, t: {city})]", 0.0), operator: *, right: (1.0, 1.0), result: 0.0}
列 'p' 不存在，对列 city 不过滤，直接选择所有非无效值。
Block processing time: 0.005318 seconds
Computing Block 465 out of 560
Processing Block size=12
begin cleaner{left: ("[FunctionalDependency:(s: {brewery_id}, t: {city})]", 0.0), operator: *, right: (1.0, 1.0), result: 0.0}
列 'p' 不存在，对列 city 不过滤，直接选择所有非无效值。
Block processing time: 0.028455 seconds
Computing Block 466 out of 560
Processing Block size=25
begin cleaner{left: ("[FunctionalDependency:(s: {brewery_id}, t: {city})]", 0.0), operator: *, right: (1.0, 1.0), result: 0.0}
列 'p' 不存在，对列 city 不过滤，直接选择所有非无效值。
Block processing time: 0.059238 seconds
Computing Block 468 out of 560
Processing Block size=3
begin cleaner{left: ("[FunctionalDependency:(s: {brewery_id}, t: {city})]", 0.0), operator: *, right: (1.0, 1.0), result: 0.0}
列 'p' 不存在，对列 city 不过滤，直接选择所有非无效值。
Block processing time: 0.007808 seconds
Computing Block 470 out of 560
Processing Block size=2
begin cleaner{left: ("[FunctionalDependency:(s: {brewery_id}, t: {city})]", 0.0), operator: *, right: (1.0, 1.0), result: 0.0}
列 'p' 不存在，对列 city 不过滤，直接选择所有非无效值。
Block processing time: 0.005455 seconds
Computing Block 471 out of 560
Processing Block size=3
begin cleaner{left: ("[FunctionalDependency:(s: {brewery_id}, t: {city})]", 0.0), operator: *, right: (1.0, 1.0), result: 0.0}
列 'p' 不存在，对列 city 不过滤，直接选择所有非无效值。
Block processing time: 0.007765 seconds
Computing Block 473 out of 560
Processing Block size=4
begin cleaner{left: ("[FunctionalDependency:(s: {brewery_id}, t: {city})]", 0.0), operator: *, right: (1.0, 1.0), result: 0.0}
列 'p' 不存在，对列 city 不过滤，直接选择所有非无效值。
Block processing time: 0.01011 seconds
Computing Block 474 out of 560
Processing Block size=4
begin cleaner{left: ("[FunctionalDependency:(s: {brewery_id}, t: {city})]", 0.0), operator: *, right: (1.0, 1.0), result: 0.0}
列 'p' 不存在，对列 city 不过滤，直接选择所有非无效值。
Block processing time: 0.010099 seconds
Computing Block 476 out of 560
Processing Block size=2
begin cleaner{left: ("[FunctionalDependency:(s: {brewery_id}, t: {city})]", 0.0), operator: *, right: (1.0, 1.0), result: 0.0}
列 'p' 不存在，对列 city 不过滤，直接选择所有非无效值。
Block processing time: 0.005373 seconds
Computing Block 477 out of 560
Processing Block size=3
begin cleaner{left: ("[FunctionalDependency:(s: {brewery_id}, t: {city})]", 0.0), operator: *, right: (1.0, 1.0), result: 0.0}
列 'p' 不存在，对列 city 不过滤，直接选择所有非无效值。
Block processing time: 0.007637 seconds
Computing Block 478 out of 560
Processing Block size=2
begin cleaner{left: ("[FunctionalDependency:(s: {brewery_id}, t: {city})]", 0.0), operator: *, right: (1.0, 1.0), result: 0.0}
列 'p' 不存在，对列 city 不过滤，直接选择所有非无效值。
Block processing time: 0.005399 seconds
Computing Block 479 out of 560
Processing Block size=2
begin cleaner{left: ("[FunctionalDependency:(s: {brewery_id}, t: {city})]", 0.0), operator: *, right: (1.0, 1.0), result: 0.0}
列 'p' 不存在，对列 city 不过滤，直接选择所有非无效值。
Block processing time: 0.005599 seconds
Computing Block 480 out of 560
Processing Block size=2
begin cleaner{left: ("[FunctionalDependency:(s: {brewery_id}, t: {city})]", 0.0), operator: *, right: (1.0, 1.0), result: 0.0}
列 'p' 不存在，对列 city 不过滤，直接选择所有非无效值。
Block processing time: 0.005762 seconds
Computing Block 481 out of 560
Processing Block size=3
begin cleaner{left: ("[FunctionalDependency:(s: {brewery_id}, t: {city})]", 0.0), operator: *, right: (1.0, 1.0), result: 0.0}
列 'p' 不存在，对列 city 不过滤，直接选择所有非无效值。
Block processing time: 0.008365 seconds
Computing Block 483 out of 560
Processing Block size=2
begin cleaner{left: ("[FunctionalDependency:(s: {brewery_id}, t: {city})]", 0.0), operator: *, right: (1.0, 1.0), result: 0.0}
列 'p' 不存在，对列 city 不过滤，直接选择所有非无效值。
Block processing time: 0.005355 seconds
Computing Block 484 out of 560
Processing Block size=2
begin cleaner{left: ("[FunctionalDependency:(s: {brewery_id}, t: {city})]", 0.0), operator: *, right: (1.0, 1.0), result: 0.0}
列 'p' 不存在，对列 city 不过滤，直接选择所有非无效值。
Block processing time: 0.005536 seconds
Computing Block 485 out of 560
Processing Block size=2
begin cleaner{left: ("[FunctionalDependency:(s: {brewery_id}, t: {city})]", 0.0), operator: *, right: (1.0, 1.0), result: 0.0}
列 'p' 不存在，对列 city 不过滤，直接选择所有非无效值。
Block processing time: 0.005248 seconds
Computing Block 486 out of 560
Processing Block size=14
begin cleaner{left: ("[FunctionalDependency:(s: {brewery_id}, t: {city})]", 0.0), operator: *, right: (1.0, 1.0), result: 0.0}
列 'p' 不存在，对列 city 不过滤，直接选择所有非无效值。
Block processing time: 0.035134 seconds
Computing Block 487 out of 560
Processing Block size=2
begin cleaner{left: ("[FunctionalDependency:(s: {brewery_id}, t: {city})]", 0.0), operator: *, right: (1.0, 1.0), result: 0.0}
列 'p' 不存在，对列 city 不过滤，直接选择所有非无效值。
Block processing time: 0.005412 seconds
Computing Block 489 out of 560
Processing Block size=8
begin cleaner{left: ("[FunctionalDependency:(s: {brewery_id}, t: {city})]", 0.0), operator: *, right: (1.0, 1.0), result: 0.0}
列 'p' 不存在，对列 city 不过滤，直接选择所有非无效值。
Block processing time: 0.019512 seconds
Computing Block 491 out of 560
Processing Block size=7
begin cleaner{left: ("[FunctionalDependency:(s: {brewery_id}, t: {city})]", 0.0), operator: *, right: (1.0, 1.0), result: 0.0}
列 'p' 不存在，对列 city 不过滤，直接选择所有非无效值。
Block processing time: 0.017185 seconds
Computing Block 492 out of 560
Processing Block size=3
begin cleaner{left: ("[FunctionalDependency:(s: {brewery_id}, t: {city})]", 0.0), operator: *, right: (1.0, 1.0), result: 0.0}
列 'p' 不存在，对列 city 不过滤，直接选择所有非无效值。
Block processing time: 0.007677 seconds
Computing Block 493 out of 560
Processing Block size=8
begin cleaner{left: ("[FunctionalDependency:(s: {brewery_id}, t: {city})]", 0.0), operator: *, right: (1.0, 1.0), result: 0.0}
列 'p' 不存在，对列 city 不过滤，直接选择所有非无效值。
Block processing time: 0.019442 seconds
Computing Block 494 out of 560
Processing Block size=23
begin cleaner{left: ("[FunctionalDependency:(s: {brewery_id}, t: {city})]", 0.0), operator: *, right: (1.0, 1.0), result: 0.0}
列 'p' 不存在，对列 city 不过滤，直接选择所有非无效值。
Block processing time: 0.055065 seconds
Computing Block 495 out of 560
Processing Block size=5
begin cleaner{left: ("[FunctionalDependency:(s: {brewery_id}, t: {city})]", 0.0), operator: *, right: (1.0, 1.0), result: 0.0}
列 'p' 不存在，对列 city 不过滤，直接选择所有非无效值。
Block processing time: 0.01241 seconds
Computing Block 496 out of 560
Processing Block size=2
begin cleaner{left: ("[FunctionalDependency:(s: {brewery_id}, t: {city})]", 0.0), operator: *, right: (1.0, 1.0), result: 0.0}
列 'p' 不存在，对列 city 不过滤，直接选择所有非无效值。
Block processing time: 0.00529 seconds
Computing Block 497 out of 560
Processing Block size=2
begin cleaner{left: ("[FunctionalDependency:(s: {brewery_id}, t: {city})]", 0.0), operator: *, right: (1.0, 1.0), result: 0.0}
列 'p' 不存在，对列 city 不过滤，直接选择所有非无效值。
Block processing time: 0.005224 seconds
Computing Block 498 out of 560
Processing Block size=4
begin cleaner{left: ("[FunctionalDependency:(s: {brewery_id}, t: {city})]", 0.0), operator: *, right: (1.0, 1.0), result: 0.0}
列 'p' 不存在，对列 city 不过滤，直接选择所有非无效值。
Block processing time: 0.009996 seconds
Computing Block 499 out of 560
Processing Block size=3
begin cleaner{left: ("[FunctionalDependency:(s: {brewery_id}, t: {city})]", 0.0), operator: *, right: (1.0, 1.0), result: 0.0}
列 'p' 不存在，对列 city 不过滤，直接选择所有非无效值。
Block processing time: 0.007667 seconds
Computing Block 501 out of 560
Processing Block size=4
begin cleaner{left: ("[FunctionalDependency:(s: {brewery_id}, t: {city})]", 0.0), operator: *, right: (1.0, 1.0), result: 0.0}
列 'p' 不存在，对列 city 不过滤，直接选择所有非无效值。
Block processing time: 0.009968 seconds
Computing Block 504 out of 560
Processing Block size=2
begin cleaner{left: ("[FunctionalDependency:(s: {brewery_id}, t: {city})]", 0.0), operator: *, right: (1.0, 1.0), result: 0.0}
列 'p' 不存在，对列 city 不过滤，直接选择所有非无效值。
Block processing time: 0.005412 seconds
Computing Block 505 out of 560
Processing Block size=4
begin cleaner{left: ("[FunctionalDependency:(s: {brewery_id}, t: {city})]", 0.0), operator: *, right: (1.0, 1.0), result: 0.0}
列 'p' 不存在，对列 city 不过滤，直接选择所有非无效值。
Block processing time: 0.009967 seconds
Computing Block 507 out of 560
Processing Block size=4
begin cleaner{left: ("[FunctionalDependency:(s: {brewery_id}, t: {city})]", 0.0), operator: *, right: (1.0, 1.0), result: 0.0}
列 'p' 不存在，对列 city 不过滤，直接选择所有非无效值。
Block processing time: 0.009997 seconds
Computing Block 508 out of 560
Processing Block size=2
begin cleaner{left: ("[FunctionalDependency:(s: {brewery_id}, t: {city})]", 0.0), operator: *, right: (1.0, 1.0), result: 0.0}
列 'p' 不存在，对列 city 不过滤，直接选择所有非无效值。
Block processing time: 0.005367 seconds
Computing Block 509 out of 560
Processing Block size=4
begin cleaner{left: ("[FunctionalDependency:(s: {brewery_id}, t: {city})]", 0.0), operator: *, right: (1.0, 1.0), result: 0.0}
列 'p' 不存在，对列 city 不过滤，直接选择所有非无效值。
Block processing time: 0.009889 seconds
Computing Block 511 out of 560
Processing Block size=3
begin cleaner{left: ("[FunctionalDependency:(s: {brewery_id}, t: {city})]", 0.0), operator: *, right: (1.0, 1.0), result: 0.0}
列 'p' 不存在，对列 city 不过滤，直接选择所有非无效值。
Block processing time: 0.007609 seconds
Computing Block 512 out of 560
Processing Block size=3
begin cleaner{left: ("[FunctionalDependency:(s: {brewery_id}, t: {city})]", 0.0), operator: *, right: (1.0, 1.0), result: 0.0}
列 'p' 不存在，对列 city 不过滤，直接选择所有非无效值。
Block processing time: 0.007586 seconds
Computing Block 513 out of 560
Processing Block size=12
begin cleaner{left: ("[FunctionalDependency:(s: {brewery_id}, t: {city})]", 0.0), operator: *, right: (1.0, 1.0), result: 0.0}
列 'p' 不存在，对列 city 不过滤，直接选择所有非无效值。
Block processing time: 0.028451 seconds
Computing Block 514 out of 560
Processing Block size=8
begin cleaner{left: ("[FunctionalDependency:(s: {brewery_id}, t: {city})]", 0.0), operator: *, right: (1.0, 1.0), result: 0.0}
列 'p' 不存在，对列 city 不过滤，直接选择所有非无效值。
Block processing time: 0.020277 seconds
Computing Block 517 out of 560
Processing Block size=2
begin cleaner{left: ("[FunctionalDependency:(s: {brewery_id}, t: {city})]", 0.0), operator: *, right: (1.0, 1.0), result: 0.0}
列 'p' 不存在，对列 city 不过滤，直接选择所有非无效值。
Block processing time: 0.005389 seconds
Computing Block 519 out of 560
Processing Block size=3
begin cleaner{left: ("[FunctionalDependency:(s: {brewery_id}, t: {city})]", 0.0), operator: *, right: (1.0, 1.0), result: 0.0}
列 'p' 不存在，对列 city 不过滤，直接选择所有非无效值。
Block processing time: 0.007626 seconds
Computing Block 520 out of 560
Processing Block size=18
begin cleaner{left: ("[FunctionalDependency:(s: {brewery_id}, t: {city})]", 0.0), operator: *, right: (1.0, 1.0), result: 0.0}
列 'p' 不存在，对列 city 不过滤，直接选择所有非无效值。
Block processing time: 0.042187 seconds
Computing Block 523 out of 560
Processing Block size=5
begin cleaner{left: ("[FunctionalDependency:(s: {brewery_id}, t: {city})]", 0.0), operator: *, right: (1.0, 1.0), result: 0.0}
列 'p' 不存在，对列 city 不过滤，直接选择所有非无效值。
Block processing time: 0.012336 seconds
Computing Block 524 out of 560
Processing Block size=6
begin cleaner{left: ("[FunctionalDependency:(s: {brewery_id}, t: {city})]", 0.0), operator: *, right: (1.0, 1.0), result: 0.0}
列 'p' 不存在，对列 city 不过滤，直接选择所有非无效值。
Block processing time: 0.014664 seconds
Computing Block 525 out of 560
Processing Block size=12
begin cleaner{left: ("[FunctionalDependency:(s: {brewery_id}, t: {city})]", 0.0), operator: *, right: (1.0, 1.0), result: 0.0}
列 'p' 不存在，对列 city 不过滤，直接选择所有非无效值。
Block processing time: 0.028543 seconds
Computing Block 526 out of 560
Processing Block size=5
begin cleaner{left: ("[FunctionalDependency:(s: {brewery_id}, t: {city})]", 0.0), operator: *, right: (1.0, 1.0), result: 0.0}
列 'p' 不存在，对列 city 不过滤，直接选择所有非无效值。
Block processing time: 0.012558 seconds
Computing Block 527 out of 560
Processing Block size=5
begin cleaner{left: ("[FunctionalDependency:(s: {brewery_id}, t: {city})]", 0.0), operator: *, right: (1.0, 1.0), result: 0.0}
列 'p' 不存在，对列 city 不过滤，直接选择所有非无效值。
Block processing time: 0.012128 seconds
Computing Block 528 out of 560
Processing Block size=5
begin cleaner{left: ("[FunctionalDependency:(s: {brewery_id}, t: {city})]", 0.0), operator: *, right: (1.0, 1.0), result: 0.0}
列 'p' 不存在，对列 city 不过滤，直接选择所有非无效值。
Block processing time: 0.012282 seconds
Computing Block 529 out of 560
Processing Block size=3
begin cleaner{left: ("[FunctionalDependency:(s: {brewery_id}, t: {city})]", 0.0), operator: *, right: (1.0, 1.0), result: 0.0}
列 'p' 不存在，对列 city 不过滤，直接选择所有非无效值。
Block processing time: 0.00764 seconds
Computing Block 530 out of 560
Processing Block size=2
begin cleaner{left: ("[FunctionalDependency:(s: {brewery_id}, t: {city})]", 0.0), operator: *, right: (1.0, 1.0), result: 0.0}
列 'p' 不存在，对列 city 不过滤，直接选择所有非无效值。
Block processing time: 0.005271 seconds
Computing Block 534 out of 560
Processing Block size=3
begin cleaner{left: ("[FunctionalDependency:(s: {brewery_id}, t: {city})]", 0.0), operator: *, right: (1.0, 1.0), result: 0.0}
列 'p' 不存在，对列 city 不过滤，直接选择所有非无效值。
Block processing time: 0.007602 seconds
Computing Block 535 out of 560
Processing Block size=3
begin cleaner{left: ("[FunctionalDependency:(s: {brewery_id}, t: {city})]", 0.0), operator: *, right: (1.0, 1.0), result: 0.0}
列 'p' 不存在，对列 city 不过滤，直接选择所有非无效值。
Block processing time: 0.007653 seconds
Computing Block 536 out of 560
Processing Block size=3
begin cleaner{left: ("[FunctionalDependency:(s: {brewery_id}, t: {city})]", 0.0), operator: *, right: (1.0, 1.0), result: 0.0}
列 'p' 不存在，对列 city 不过滤，直接选择所有非无效值。
Block processing time: 0.007666 seconds
Computing Block 537 out of 560
Processing Block size=7
begin cleaner{left: ("[FunctionalDependency:(s: {brewery_id}, t: {city})]", 0.0), operator: *, right: (1.0, 1.0), result: 0.0}
列 'p' 不存在，对列 city 不过滤，直接选择所有非无效值。
Block processing time: 0.016809 seconds
Computing Block 538 out of 560
Processing Block size=3
begin cleaner{left: ("[FunctionalDependency:(s: {brewery_id}, t: {city})]", 0.0), operator: *, right: (1.0, 1.0), result: 0.0}
列 'p' 不存在，对列 city 不过滤，直接选择所有非无效值。
Block processing time: 0.007636 seconds
Computing Block 539 out of 560
Processing Block size=2
begin cleaner{left: ("[FunctionalDependency:(s: {brewery_id}, t: {city})]", 0.0), operator: *, right: (1.0, 1.0), result: 0.0}
列 'p' 不存在，对列 city 不过滤，直接选择所有非无效值。
Block processing time: 0.005489 seconds
Computing Block 540 out of 560
Processing Block size=3
begin cleaner{left: ("[FunctionalDependency:(s: {brewery_id}, t: {city})]", 0.0), operator: *, right: (1.0, 1.0), result: 0.0}
列 'p' 不存在，对列 city 不过滤，直接选择所有非无效值。
Block processing time: 0.008164 seconds
Computing Block 542 out of 560
Processing Block size=3
begin cleaner{left: ("[FunctionalDependency:(s: {brewery_id}, t: {city})]", 0.0), operator: *, right: (1.0, 1.0), result: 0.0}
列 'p' 不存在，对列 city 不过滤，直接选择所有非无效值。
Block processing time: 0.007961 secondsWARNING:root:No partitioning rule specified, processing might be slow

Computing Block 543 out of 560
Processing Block size=2
begin cleaner{left: ("[FunctionalDependency:(s: {brewery_id}, t: {city})]", 0.0), operator: *, right: (1.0, 1.0), result: 0.0}
列 'p' 不存在，对列 city 不过滤，直接选择所有非无效值。
Block processing time: 0.005485 seconds
Computing Block 544 out of 560
Processing Block size=7
begin cleaner{left: ("[FunctionalDependency:(s: {brewery_id}, t: {city})]", 0.0), operator: *, right: (1.0, 1.0), result: 0.0}
列 'p' 不存在，对列 city 不过滤，直接选择所有非无效值。
Block processing time: 0.016896 seconds
Computing Block 546 out of 560
Processing Block size=4
begin cleaner{left: ("[FunctionalDependency:(s: {brewery_id}, t: {city})]", 0.0), operator: *, right: (1.0, 1.0), result: 0.0}
列 'p' 不存在，对列 city 不过滤，直接选择所有非无效值。
Block processing time: 0.010599 seconds
Computing Block 548 out of 560
Processing Block size=4
begin cleaner{left: ("[FunctionalDependency:(s: {brewery_id}, t: {city})]", 0.0), operator: *, right: (1.0, 1.0), result: 0.0}
列 'p' 不存在，对列 city 不过滤，直接选择所有非无效值。
Block processing time: 0.010943 seconds
Computing Block 549 out of 560
Processing Block size=2
begin cleaner{left: ("[FunctionalDependency:(s: {brewery_id}, t: {city})]", 0.0), operator: *, right: (1.0, 1.0), result: 0.0}
列 'p' 不存在，对列 city 不过滤，直接选择所有非无效值。
Block processing time: 0.005611 seconds
Computing Block 550 out of 560
Processing Block size=3
begin cleaner{left: ("[FunctionalDependency:(s: {brewery_id}, t: {city})]", 0.0), operator: *, right: (1.0, 1.0), result: 0.0}
列 'p' 不存在，对列 city 不过滤，直接选择所有非无效值。
Block processing time: 0.008094 seconds
Computing Block 551 out of 560
Processing Block size=3
begin cleaner{left: ("[FunctionalDependency:(s: {brewery_id}, t: {city})]", 0.0), operator: *, right: (1.0, 1.0), result: 0.0}
列 'p' 不存在，对列 city 不过滤，直接选择所有非无效值。
Block processing time: 0.007544 seconds
Computing Block 552 out of 560
Processing Block size=6
begin cleaner{left: ("[FunctionalDependency:(s: {brewery_id}, t: {city})]", 0.0), operator: *, right: (1.0, 1.0), result: 0.0}
列 'p' 不存在，对列 city 不过滤，直接选择所有非无效值。
Block processing time: 0.01463 seconds
Computing Block 553 out of 560
Processing Block size=2
begin cleaner{left: ("[FunctionalDependency:(s: {brewery_id}, t: {city})]", 0.0), operator: *, right: (1.0, 1.0), result: 0.0}
列 'p' 不存在，对列 city 不过滤，直接选择所有非无效值。
Block processing time: 0.005341 seconds
Computing Block 554 out of 560
Processing Block size=8
begin cleaner{left: ("[FunctionalDependency:(s: {brewery_id}, t: {city})]", 0.0), operator: *, right: (1.0, 1.0), result: 0.0}
列 'p' 不存在，对列 city 不过滤，直接选择所有非无效值。
Block processing time: 0.019318 seconds
Computing Block 556 out of 560
Processing Block size=2
begin cleaner{left: ("[FunctionalDependency:(s: {brewery_id}, t: {city})]", 0.0), operator: *, right: (1.0, 1.0), result: 0.0}
列 'p' 不存在，对列 city 不过滤，直接选择所有非无效值。
Block processing time: 0.005334 seconds
Computing Block 557 out of 560
Processing Block size=4
begin cleaner{left: ("[FunctionalDependency:(s: {brewery_id}, t: {city})]", 0.0), operator: *, right: (1.0, 1.0), result: 0.0}
列 'p' 不存在，对列 city 不过滤，直接选择所有非无效值。
Block processing time: 0.010102 seconds
Computing Block 559 out of 560
Processing Block size=13
begin cleaner{left: ("[FunctionalDependency:(s: {brewery_id}, t: {city})]", 0.0), operator: *, right: (1.0, 1.0), result: 0.0}
列 'p' 不存在，对列 city 不过滤，直接选择所有非无效值。
Block processing time: 0.031281 seconds
Computing Block 560 out of 560
Processing Block size=7
begin cleaner{left: ("[FunctionalDependency:(s: {brewery_id}, t: {city})]", 0.0), operator: *, right: (1.0, 1.0), result: 0.0}
列 'p' 不存在，对列 city 不过滤，直接选择所有非无效值。
Block processing time: 0.017234 seconds
  当前节点: city 无清洗操作
  当前节点: state 存在可用清洗信号
数据块大小: 2410
分块属性:
[['brewery_id']]
Starting initial block mapping...
Initial number of blocks: 560
Final number of blocks after further splitting: 560
Computing Block 1 out of 560
Processing Block size=8
begin cleaner[FunctionalDependency:(s: {'brewery_id'}, t: {'state'})]*1.0
列 'p' 不存在，对列 state 不过滤，直接选择所有非无效值。
Block processing time: 0.025484 seconds
Computing Block 2 out of 560
Processing Block size=5
begin cleaner{left: ("[FunctionalDependency:(s: {brewery_id}, t: {state})]", 0.0), operator: *, right: (1.0, 1.0), result: 0.0}
列 'p' 不存在，对列 state 不过滤，直接选择所有非无效值。
Block processing time: 0.012869 seconds
Computing Block 3 out of 560
Processing Block size=19
begin cleaner{left: ("[FunctionalDependency:(s: {brewery_id}, t: {state})]", 0.0), operator: *, right: (1.0, 1.0), result: 0.0}
列 'p' 不存在，对列 state 不过滤，直接选择所有非无效值。
Block processing time: 0.045815 seconds
Computing Block 4 out of 560
Processing Block size=2
begin cleaner{left: ("[FunctionalDependency:(s: {brewery_id}, t: {state})]", 0.0), operator: *, right: (1.0, 1.0), result: 0.0}
列 'p' 不存在，对列 state 不过滤，直接选择所有非无效值。
Block processing time: 0.005301 seconds
Computing Block 5 out of 560
Processing Block size=4
begin cleaner{left: ("[FunctionalDependency:(s: {brewery_id}, t: {state})]", 0.0), operator: *, right: (1.0, 1.0), result: 0.0}
列 'p' 不存在，对列 state 不过滤，直接选择所有非无效值。
Block processing time: 0.010011 seconds
Computing Block 6 out of 560
Processing Block size=2
begin cleaner{left: ("[FunctionalDependency:(s: {brewery_id}, t: {state})]", 0.0), operator: *, right: (1.0, 1.0), result: 0.0}
列 'p' 不存在，对列 state 不过滤，直接选择所有非无效值。
Block processing time: 0.005297 seconds
Computing Block 7 out of 560
Processing Block size=4
begin cleaner{left: ("[FunctionalDependency:(s: {brewery_id}, t: {state})]", 0.0), operator: *, right: (1.0, 1.0), result: 0.0}
列 'p' 不存在，对列 state 不过滤，直接选择所有非无效值。
Block processing time: 0.009893 seconds
Computing Block 8 out of 560
Processing Block size=2
begin cleaner{left: ("[FunctionalDependency:(s: {brewery_id}, t: {state})]", 0.0), operator: *, right: (1.0, 1.0), result: 0.0}
列 'p' 不存在，对列 state 不过滤，直接选择所有非无效值。
Block processing time: 0.00527 seconds
Computing Block 11 out of 560
Processing Block size=6
begin cleaner{left: ("[FunctionalDependency:(s: {brewery_id}, t: {state})]", 0.0), operator: *, right: (1.0, 1.0), result: 0.0}
列 'p' 不存在，对列 state 不过滤，直接选择所有非无效值。
Block processing time: 0.014701 seconds
Computing Block 12 out of 560
Processing Block size=3
begin cleaner{left: ("[FunctionalDependency:(s: {brewery_id}, t: {state})]", 0.0), operator: *, right: (1.0, 1.0), result: 0.0}
列 'p' 不存在，对列 state 不过滤，直接选择所有非无效值。
Block processing time: 0.00764 seconds
Computing Block 15 out of 560
Processing Block size=5
begin cleaner{left: ("[FunctionalDependency:(s: {brewery_id}, t: {state})]", 0.0), operator: *, right: (1.0, 1.0), result: 0.0}
列 'p' 不存在，对列 state 不过滤，直接选择所有非无效值。
Block processing time: 0.013322 seconds
Computing Block 17 out of 560
Processing Block size=2
begin cleaner{left: ("[FunctionalDependency:(s: {brewery_id}, t: {state})]", 0.0), operator: *, right: (1.0, 1.0), result: 0.0}
列 'p' 不存在，对列 state 不过滤，直接选择所有非无效值。
Block processing time: 0.005237 seconds
Computing Block 18 out of 560
Processing Block size=3
begin cleaner{left: ("[FunctionalDependency:(s: {brewery_id}, t: {state})]", 0.0), operator: *, right: (1.0, 1.0), result: 0.0}
列 'p' 不存在，对列 state 不过滤，直接选择所有非无效值。
Block processing time: 0.007656 seconds
Computing Block 19 out of 560
Processing Block size=3
begin cleaner{left: ("[FunctionalDependency:(s: {brewery_id}, t: {state})]", 0.0), operator: *, right: (1.0, 1.0), result: 0.0}
列 'p' 不存在，对列 state 不过滤，直接选择所有非无效值。
Block processing time: 0.007666 seconds
Computing Block 21 out of 560
Processing Block size=5
begin cleaner{left: ("[FunctionalDependency:(s: {brewery_id}, t: {state})]", 0.0), operator: *, right: (1.0, 1.0), result: 0.0}
列 'p' 不存在，对列 state 不过滤，直接选择所有非无效值。
Block processing time: 0.012234 seconds
Computing Block 24 out of 560
Processing Block size=17
begin cleaner{left: ("[FunctionalDependency:(s: {brewery_id}, t: {state})]", 0.0), operator: *, right: (1.0, 1.0), result: 0.0}
列 'p' 不存在，对列 state 不过滤，直接选择所有非无效值。
Block processing time: 0.040108 seconds
Computing Block 25 out of 560
Processing Block size=7
begin cleaner{left: ("[FunctionalDependency:(s: {brewery_id}, t: {state})]", 0.0), operator: *, right: (1.0, 1.0), result: 0.0}
列 'p' 不存在，对列 state 不过滤，直接选择所有非无效值。
Block processing time: 0.017081 seconds
Computing Block 26 out of 560
Processing Block size=5
begin cleaner{left: ("[FunctionalDependency:(s: {brewery_id}, t: {state})]", 0.0), operator: *, right: (1.0, 1.0), result: 0.0}
列 'p' 不存在，对列 state 不过滤，直接选择所有非无效值。
Block processing time: 0.012267 seconds
Computing Block 27 out of 560
Processing Block size=3
begin cleaner{left: ("[FunctionalDependency:(s: {brewery_id}, t: {state})]", 0.0), operator: *, right: (1.0, 1.0), result: 0.0}
列 'p' 不存在，对列 state 不过滤，直接选择所有非无效值。
Block processing time: 0.007717 seconds
Computing Block 28 out of 560
Processing Block size=8
begin cleaner{left: ("[FunctionalDependency:(s: {brewery_id}, t: {state})]", 0.0), operator: *, right: (1.0, 1.0), result: 0.0}
列 'p' 不存在，对列 state 不过滤，直接选择所有非无效值。
Block processing time: 0.019177 seconds
Computing Block 30 out of 560
Processing Block size=2
begin cleaner{left: ("[FunctionalDependency:(s: {brewery_id}, t: {state})]", 0.0), operator: *, right: (1.0, 1.0), result: 0.0}
列 'p' 不存在，对列 state 不过滤，直接选择所有非无效值。
Block processing time: 0.005549 seconds
Computing Block 31 out of 560
Processing Block size=62
begin cleaner{left: ("[FunctionalDependency:(s: {brewery_id}, t: {state})]", 0.0), operator: *, right: (1.0, 1.0), result: 0.0}
列 'p' 不存在，对列 state 不过滤，直接选择所有非无效值。
Block processing time: 0.149326 seconds
Computing Block 32 out of 560
Processing Block size=6
begin cleaner{left: ("[FunctionalDependency:(s: {brewery_id}, t: {state})]", 0.0), operator: *, right: (1.0, 1.0), result: 0.0}
列 'p' 不存在，对列 state 不过滤，直接选择所有非无效值。
Block processing time: 0.0148 seconds
Computing Block 33 out of 560
Processing Block size=4
begin cleaner{left: ("[FunctionalDependency:(s: {brewery_id}, t: {state})]", 0.0), operator: *, right: (1.0, 1.0), result: 0.0}
列 'p' 不存在，对列 state 不过滤，直接选择所有非无效值。
Block processing time: 0.009961 seconds
Computing Block 34 out of 560
Processing Block size=6
begin cleaner{left: ("[FunctionalDependency:(s: {brewery_id}, t: {state})]", 0.0), operator: *, right: (1.0, 1.0), result: 0.0}
列 'p' 不存在，对列 state 不过滤，直接选择所有非无效值。
Block processing time: 0.014682 seconds
Computing Block 35 out of 560
Processing Block size=3
begin cleaner{left: ("[FunctionalDependency:(s: {brewery_id}, t: {state})]", 0.0), operator: *, right: (1.0, 1.0), result: 0.0}
列 'p' 不存在，对列 state 不过滤，直接选择所有非无效值。
Block processing time: 0.007713 seconds
Computing Block 36 out of 560
Processing Block size=2
begin cleaner{left: ("[FunctionalDependency:(s: {brewery_id}, t: {state})]", 0.0), operator: *, right: (1.0, 1.0), result: 0.0}
列 'p' 不存在，对列 state 不过滤，直接选择所有非无效值。
Block processing time: 0.005354 seconds
Computing Block 37 out of 560
Processing Block size=11
begin cleaner{left: ("[FunctionalDependency:(s: {brewery_id}, t: {state})]", 0.0), operator: *, right: (1.0, 1.0), result: 0.0}
列 'p' 不存在，对列 state 不过滤，直接选择所有非无效值。
Block processing time: 0.026276 seconds
Computing Block 38 out of 560
Processing Block size=3
begin cleaner{left: ("[FunctionalDependency:(s: {brewery_id}, t: {state})]", 0.0), operator: *, right: (1.0, 1.0), result: 0.0}
列 'p' 不存在，对列 state 不过滤，直接选择所有非无效值。
Block processing time: 0.007649 seconds
Computing Block 39 out of 560
Processing Block size=3
begin cleaner{left: ("[FunctionalDependency:(s: {brewery_id}, t: {state})]", 0.0), operator: *, right: (1.0, 1.0), result: 0.0}
列 'p' 不存在，对列 state 不过滤，直接选择所有非无效值。
Block processing time: 0.007895 seconds
Computing Block 40 out of 560
Processing Block size=3
begin cleaner{left: ("[FunctionalDependency:(s: {brewery_id}, t: {state})]", 0.0), operator: *, right: (1.0, 1.0), result: 0.0}
列 'p' 不存在，对列 state 不过滤，直接选择所有非无效值。
Block processing time: 0.00821 seconds
Computing Block 43 out of 560
Processing Block size=12
begin cleaner{left: ("[FunctionalDependency:(s: {brewery_id}, t: {state})]", 0.0), operator: *, right: (1.0, 1.0), result: 0.0}
列 'p' 不存在，对列 state 不过滤，直接选择所有非无效值。
Block processing time: 0.028503 seconds
Computing Block 44 out of 560
Processing Block size=5
begin cleaner{left: ("[FunctionalDependency:(s: {brewery_id}, t: {state})]", 0.0), operator: *, right: (1.0, 1.0), result: 0.0}
列 'p' 不存在，对列 state 不过滤，直接选择所有非无效值。
Block processing time: 0.012337 seconds
Computing Block 46 out of 560
Processing Block size=8
begin cleaner{left: ("[FunctionalDependency:(s: {brewery_id}, t: {state})]", 0.0), operator: *, right: (1.0, 1.0), result: 0.0}
列 'p' 不存在，对列 state 不过滤，直接选择所有非无效值。
Block processing time: 0.019221 seconds
Computing Block 47 out of 560
Processing Block size=9
begin cleaner{left: ("[FunctionalDependency:(s: {brewery_id}, t: {state})]", 0.0), operator: *, right: (1.0, 1.0), result: 0.0}
列 'p' 不存在，对列 state 不过滤，直接选择所有非无效值。
Block processing time: 0.021805 seconds
Computing Block 48 out of 560
Processing Block size=2
begin cleaner{left: ("[FunctionalDependency:(s: {brewery_id}, t: {state})]", 0.0), operator: *, right: (1.0, 1.0), result: 0.0}
列 'p' 不存在，对列 state 不过滤，直接选择所有非无效值。
Block processing time: 0.005269 seconds
Computing Block 50 out of 560
Processing Block size=3
begin cleaner{left: ("[FunctionalDependency:(s: {brewery_id}, t: {state})]", 0.0), operator: *, right: (1.0, 1.0), result: 0.0}
列 'p' 不存在，对列 state 不过滤，直接选择所有非无效值。
Block processing time: 0.007696 seconds
Computing Block 51 out of 560
Processing Block size=4
begin cleaner{left: ("[FunctionalDependency:(s: {brewery_id}, t: {state})]", 0.0), operator: *, right: (1.0, 1.0), result: 0.0}
列 'p' 不存在，对列 state 不过滤，直接选择所有非无效值。
Block processing time: 0.010291 seconds
Computing Block 53 out of 560
Processing Block size=3
begin cleaner{left: ("[FunctionalDependency:(s: {brewery_id}, t: {state})]", 0.0), operator: *, right: (1.0, 1.0), result: 0.0}
列 'p' 不存在，对列 state 不过滤，直接选择所有非无效值。
Block processing time: 0.00766 seconds
Computing Block 54 out of 560
Processing Block size=2
begin cleaner{left: ("[FunctionalDependency:(s: {brewery_id}, t: {state})]", 0.0), operator: *, right: (1.0, 1.0), result: 0.0}
列 'p' 不存在，对列 state 不过滤，直接选择所有非无效值。
Block processing time: 0.005283 seconds
Computing Block 56 out of 560
Processing Block size=11
begin cleaner{left: ("[FunctionalDependency:(s: {brewery_id}, t: {state})]", 0.0), operator: *, right: (1.0, 1.0), result: 0.0}
列 'p' 不存在，对列 state 不过滤，直接选择所有非无效值。
Block processing time: 0.02658 seconds
Computing Block 57 out of 560
Processing Block size=3
begin cleaner{left: ("[FunctionalDependency:(s: {brewery_id}, t: {state})]", 0.0), operator: *, right: (1.0, 1.0), result: 0.0}
列 'p' 不存在，对列 state 不过滤，直接选择所有非无效值。
Block processing time: 0.008268 seconds
Computing Block 58 out of 560
Processing Block size=24
begin cleaner{left: ("[FunctionalDependency:(s: {brewery_id}, t: {state})]", 0.0), operator: *, right: (1.0, 1.0), result: 0.0}
列 'p' 不存在，对列 state 不过滤，直接选择所有非无效值。
Block processing time: 0.058734 seconds
Computing Block 59 out of 560
Processing Block size=2
begin cleaner{left: ("[FunctionalDependency:(s: {brewery_id}, t: {state})]", 0.0), operator: *, right: (1.0, 1.0), result: 0.0}
列 'p' 不存在，对列 state 不过滤，直接选择所有非无效值。
Block processing time: 0.005348 seconds
Computing Block 61 out of 560
Processing Block size=4
begin cleaner{left: ("[FunctionalDependency:(s: {brewery_id}, t: {state})]", 0.0), operator: *, right: (1.0, 1.0), result: 0.0}
列 'p' 不存在，对列 state 不过滤，直接选择所有非无效值。
Block processing time: 0.009983 seconds
Computing Block 62 out of 560
Processing Block size=9
begin cleaner{left: ("[FunctionalDependency:(s: {brewery_id}, t: {state})]", 0.0), operator: *, right: (1.0, 1.0), result: 0.0}
列 'p' 不存在，对列 state 不过滤，直接选择所有非无效值。
Block processing time: 0.02143 seconds
Computing Block 63 out of 560
Processing Block size=13
begin cleaner{left: ("[FunctionalDependency:(s: {brewery_id}, t: {state})]", 0.0), operator: *, right: (1.0, 1.0), result: 0.0}
列 'p' 不存在，对列 state 不过滤，直接选择所有非无效值。
Block processing time: 0.030967 seconds
Computing Block 64 out of 560
Processing Block size=2
begin cleaner{left: ("[FunctionalDependency:(s: {brewery_id}, t: {state})]", 0.0), operator: *, right: (1.0, 1.0), result: 0.0}
列 'p' 不存在，对列 state 不过滤，直接选择所有非无效值。
Block processing time: 0.005385 seconds
Computing Block 66 out of 560
Processing Block size=7
begin cleaner{left: ("[FunctionalDependency:(s: {brewery_id}, t: {state})]", 0.0), operator: *, right: (1.0, 1.0), result: 0.0}
列 'p' 不存在，对列 state 不过滤，直接选择所有非无效值。
Block processing time: 0.016983 seconds
Computing Block 67 out of 560
Processing Block size=10
begin cleaner{left: ("[FunctionalDependency:(s: {brewery_id}, t: {state})]", 0.0), operator: *, right: (1.0, 1.0), result: 0.0}
列 'p' 不存在，对列 state 不过滤，直接选择所有非无效值。
Block processing time: 0.024336 seconds
Computing Block 68 out of 560
Processing Block size=2
begin cleaner{left: ("[FunctionalDependency:(s: {brewery_id}, t: {state})]", 0.0), operator: *, right: (1.0, 1.0), result: 0.0}
列 'p' 不存在，对列 state 不过滤，直接选择所有非无效值。
Block processing time: 0.005362 seconds
Computing Block 70 out of 560
Processing Block size=2
begin cleaner{left: ("[FunctionalDependency:(s: {brewery_id}, t: {state})]", 0.0), operator: *, right: (1.0, 1.0), result: 0.0}
列 'p' 不存在，对列 state 不过滤，直接选择所有非无效值。
Block processing time: 0.005293 seconds
Computing Block 71 out of 560
Processing Block size=2
begin cleaner{left: ("[FunctionalDependency:(s: {brewery_id}, t: {state})]", 0.0), operator: *, right: (1.0, 1.0), result: 0.0}
列 'p' 不存在，对列 state 不过滤，直接选择所有非无效值。
Block processing time: 0.005556 seconds
Computing Block 72 out of 560
Processing Block size=4
begin cleaner{left: ("[FunctionalDependency:(s: {brewery_id}, t: {state})]", 0.0), operator: *, right: (1.0, 1.0), result: 0.0}
列 'p' 不存在，对列 state 不过滤，直接选择所有非无效值。
Block processing time: 0.01044 seconds
Computing Block 74 out of 560
Processing Block size=7
begin cleaner{left: ("[FunctionalDependency:(s: {brewery_id}, t: {state})]", 0.0), operator: *, right: (1.0, 1.0), result: 0.0}
列 'p' 不存在，对列 state 不过滤，直接选择所有非无效值。
Block processing time: 0.017264 seconds
Computing Block 76 out of 560
Processing Block size=2
begin cleaner{left: ("[FunctionalDependency:(s: {brewery_id}, t: {state})]", 0.0), operator: *, right: (1.0, 1.0), result: 0.0}
列 'p' 不存在，对列 state 不过滤，直接选择所有非无效值。
Block processing time: 0.005703 seconds
Computing Block 77 out of 560
Processing Block size=9
begin cleaner{left: ("[FunctionalDependency:(s: {brewery_id}, t: {state})]", 0.0), operator: *, right: (1.0, 1.0), result: 0.0}
列 'p' 不存在，对列 state 不过滤，直接选择所有非无效值。
Block processing time: 0.022276 seconds
Computing Block 78 out of 560
Processing Block size=6
begin cleaner{left: ("[FunctionalDependency:(s: {brewery_id}, t: {state})]", 0.0), operator: *, right: (1.0, 1.0), result: 0.0}
列 'p' 不存在，对列 state 不过滤，直接选择所有非无效值。
Block processing time: 0.014861 seconds
Computing Block 79 out of 560
Processing Block size=3
begin cleaner{left: ("[FunctionalDependency:(s: {brewery_id}, t: {state})]", 0.0), operator: *, right: (1.0, 1.0), result: 0.0}
列 'p' 不存在，对列 state 不过滤，直接选择所有非无效值。
Block processing time: 0.007707 seconds
Computing Block 81 out of 560
Processing Block size=4
begin cleaner{left: ("[FunctionalDependency:(s: {brewery_id}, t: {state})]", 0.0), operator: *, right: (1.0, 1.0), result: 0.0}
列 'p' 不存在，对列 state 不过滤，直接选择所有非无效值。
Block processing time: 0.010086 seconds
Computing Block 82 out of 560
Processing Block size=2
begin cleaner{left: ("[FunctionalDependency:(s: {brewery_id}, t: {state})]", 0.0), operator: *, right: (1.0, 1.0), result: 0.0}
列 'p' 不存在，对列 state 不过滤，直接选择所有非无效值。
Block processing time: 0.005763 seconds
Computing Block 83 out of 560
Processing Block size=17
begin cleaner{left: ("[FunctionalDependency:(s: {brewery_id}, t: {state})]", 0.0), operator: *, right: (1.0, 1.0), result: 0.0}
列 'p' 不存在，对列 state 不过滤，直接选择所有非无效值。
Block processing time: 0.042876 seconds
Computing Block 84 out of 560
Processing Block size=3
begin cleaner{left: ("[FunctionalDependency:(s: {brewery_id}, t: {state})]", 0.0), operator: *, right: (1.0, 1.0), result: 0.0}
列 'p' 不存在，对列 state 不过滤，直接选择所有非无效值。
Block processing time: 0.007858 seconds
Computing Block 87 out of 560
Processing Block size=2
begin cleaner{left: ("[FunctionalDependency:(s: {brewery_id}, t: {state})]", 0.0), operator: *, right: (1.0, 1.0), result: 0.0}
列 'p' 不存在，对列 state 不过滤，直接选择所有非无效值。
Block processing time: 0.005483 seconds
Computing Block 88 out of 560
Processing Block size=2
begin cleaner{left: ("[FunctionalDependency:(s: {brewery_id}, t: {state})]", 0.0), operator: *, right: (1.0, 1.0), result: 0.0}
列 'p' 不存在，对列 state 不过滤，直接选择所有非无效值。
Block processing time: 0.005397 seconds
Computing Block 89 out of 560
Processing Block size=4
begin cleaner{left: ("[FunctionalDependency:(s: {brewery_id}, t: {state})]", 0.0), operator: *, right: (1.0, 1.0), result: 0.0}
列 'p' 不存在，对列 state 不过滤，直接选择所有非无效值。
Block processing time: 0.011051 seconds
Computing Block 90 out of 560
Processing Block size=7
begin cleaner{left: ("[FunctionalDependency:(s: {brewery_id}, t: {state})]", 0.0), operator: *, right: (1.0, 1.0), result: 0.0}
列 'p' 不存在，对列 state 不过滤，直接选择所有非无效值。
Block processing time: 0.017722 seconds
Computing Block 91 out of 560
Processing Block size=4
begin cleaner{left: ("[FunctionalDependency:(s: {brewery_id}, t: {state})]", 0.0), operator: *, right: (1.0, 1.0), result: 0.0}
列 'p' 不存在，对列 state 不过滤，直接选择所有非无效值。
Block processing time: 0.010226 seconds
Computing Block 92 out of 560
Processing Block size=6
begin cleaner{left: ("[FunctionalDependency:(s: {brewery_id}, t: {state})]", 0.0), operator: *, right: (1.0, 1.0), result: 0.0}
列 'p' 不存在，对列 state 不过滤，直接选择所有非无效值。
Block processing time: 0.014668 seconds
Computing Block 93 out of 560
Processing Block size=18
begin cleaner{left: ("[FunctionalDependency:(s: {brewery_id}, t: {state})]", 0.0), operator: *, right: (1.0, 1.0), result: 0.0}
列 'p' 不存在，对列 state 不过滤，直接选择所有非无效值。
Block processing time: 0.042891 seconds
Computing Block 94 out of 560
Processing Block size=6
begin cleaner{left: ("[FunctionalDependency:(s: {brewery_id}, t: {state})]", 0.0), operator: *, right: (1.0, 1.0), result: 0.0}
列 'p' 不存在，对列 state 不过滤，直接选择所有非无效值。
Block processing time: 0.015511 seconds
Computing Block 95 out of 560
Processing Block size=4
begin cleaner{left: ("[FunctionalDependency:(s: {brewery_id}, t: {state})]", 0.0), operator: *, right: (1.0, 1.0), result: 0.0}
列 'p' 不存在，对列 state 不过滤，直接选择所有非无效值。
Block processing time: 0.010057 seconds
Computing Block 96 out of 560
Processing Block size=2
begin cleaner{left: ("[FunctionalDependency:(s: {brewery_id}, t: {state})]", 0.0), operator: *, right: (1.0, 1.0), result: 0.0}
列 'p' 不存在，对列 state 不过滤，直接选择所有非无效值。
Block processing time: 0.005404 seconds
Computing Block 97 out of 560
Processing Block size=3
begin cleaner{left: ("[FunctionalDependency:(s: {brewery_id}, t: {state})]", 0.0), operator: *, right: (1.0, 1.0), result: 0.0}
列 'p' 不存在，对列 state 不过滤，直接选择所有非无效值。
Block processing time: 0.007599 seconds
Computing Block 98 out of 560
Processing Block size=2
begin cleaner{left: ("[FunctionalDependency:(s: {brewery_id}, t: {state})]", 0.0), operator: *, right: (1.0, 1.0), result: 0.0}
列 'p' 不存在，对列 state 不过滤，直接选择所有非无效值。
Block processing time: 0.005609 seconds
Computing Block 99 out of 560
Processing Block size=3
begin cleaner{left: ("[FunctionalDependency:(s: {brewery_id}, t: {state})]", 0.0), operator: *, right: (1.0, 1.0), result: 0.0}
列 'p' 不存在，对列 state 不过滤，直接选择所有非无效值。
Block processing time: 0.008172 seconds
Computing Block 102 out of 560
Processing Block size=3
begin cleaner{left: ("[FunctionalDependency:(s: {brewery_id}, t: {state})]", 0.0), operator: *, right: (1.0, 1.0), result: 0.0}
列 'p' 不存在，对列 state 不过滤，直接选择所有非无效值。
Block processing time: 0.007733 seconds
Computing Block 103 out of 560
Processing Block size=6
begin cleaner{left: ("[FunctionalDependency:(s: {brewery_id}, t: {state})]", 0.0), operator: *, right: (1.0, 1.0), result: 0.0}
列 'p' 不存在，对列 state 不过滤，直接选择所有非无效值。
Block processing time: 0.014646 seconds
Computing Block 104 out of 560
Processing Block size=5
begin cleaner{left: ("[FunctionalDependency:(s: {brewery_id}, t: {state})]", 0.0), operator: *, right: (1.0, 1.0), result: 0.0}
列 'p' 不存在，对列 state 不过滤，直接选择所有非无效值。
Block processing time: 0.012688 seconds
Computing Block 105 out of 560
Processing Block size=2
begin cleaner{left: ("[FunctionalDependency:(s: {brewery_id}, t: {state})]", 0.0), operator: *, right: (1.0, 1.0), result: 0.0}
列 'p' 不存在，对列 state 不过滤，直接选择所有非无效值。
Block processing time: 0.005356 seconds
Computing Block 106 out of 560
Processing Block size=20
begin cleaner{left: ("[FunctionalDependency:(s: {brewery_id}, t: {state})]", 0.0), operator: *, right: (1.0, 1.0), result: 0.0}
列 'p' 不存在，对列 state 不过滤，直接选择所有非无效值。
Block processing time: 0.047157 seconds
Computing Block 107 out of 560
Processing Block size=8
begin cleaner{left: ("[FunctionalDependency:(s: {brewery_id}, t: {state})]", 0.0), operator: *, right: (1.0, 1.0), result: 0.0}
列 'p' 不存在，对列 state 不过滤，直接选择所有非无效值。
Block processing time: 0.019468 seconds
Computing Block 108 out of 560
Processing Block size=2
begin cleaner{left: ("[FunctionalDependency:(s: {brewery_id}, t: {state})]", 0.0), operator: *, right: (1.0, 1.0), result: 0.0}
列 'p' 不存在，对列 state 不过滤，直接选择所有非无效值。
Block processing time: 0.005297 seconds
Computing Block 109 out of 560
Processing Block size=5
begin cleaner{left: ("[FunctionalDependency:(s: {brewery_id}, t: {state})]", 0.0), operator: *, right: (1.0, 1.0), result: 0.0}
列 'p' 不存在，对列 state 不过滤，直接选择所有非无效值。
Block processing time: 0.012284 seconds
Computing Block 110 out of 560
Processing Block size=4
begin cleaner{left: ("[FunctionalDependency:(s: {brewery_id}, t: {state})]", 0.0), operator: *, right: (1.0, 1.0), result: 0.0}
列 'p' 不存在，对列 state 不过滤，直接选择所有非无效值。
Block processing time: 0.010003 seconds
Computing Block 112 out of 560
Processing Block size=6
begin cleaner{left: ("[FunctionalDependency:(s: {brewery_id}, t: {state})]", 0.0), operator: *, right: (1.0, 1.0), result: 0.0}
列 'p' 不存在，对列 state 不过滤，直接选择所有非无效值。
Block processing time: 0.01502 seconds
Computing Block 113 out of 560
Processing Block size=2
begin cleaner{left: ("[FunctionalDependency:(s: {brewery_id}, t: {state})]", 0.0), operator: *, right: (1.0, 1.0), result: 0.0}
列 'p' 不存在，对列 state 不过滤，直接选择所有非无效值。
Block processing time: 0.005259 seconds
Computing Block 114 out of 560
Processing Block size=4
begin cleaner{left: ("[FunctionalDependency:(s: {brewery_id}, t: {state})]", 0.0), operator: *, right: (1.0, 1.0), result: 0.0}
列 'p' 不存在，对列 state 不过滤，直接选择所有非无效值。
Block processing time: 0.010061 seconds
Computing Block 115 out of 560
Processing Block size=2
begin cleaner{left: ("[FunctionalDependency:(s: {brewery_id}, t: {state})]", 0.0), operator: *, right: (1.0, 1.0), result: 0.0}
列 'p' 不存在，对列 state 不过滤，直接选择所有非无效值。
Block processing time: 0.005524 seconds
Computing Block 116 out of 560
Processing Block size=2
begin cleaner{left: ("[FunctionalDependency:(s: {brewery_id}, t: {state})]", 0.0), operator: *, right: (1.0, 1.0), result: 0.0}
列 'p' 不存在，对列 state 不过滤，直接选择所有非无效值。
Block processing time: 0.005219 seconds
Computing Block 117 out of 560
Processing Block size=6
begin cleaner{left: ("[FunctionalDependency:(s: {brewery_id}, t: {state})]", 0.0), operator: *, right: (1.0, 1.0), result: 0.0}
列 'p' 不存在，对列 state 不过滤，直接选择所有非无效值。
Block processing time: 0.01457 seconds
Computing Block 120 out of 560
Processing Block size=5
begin cleaner{left: ("[FunctionalDependency:(s: {brewery_id}, t: {state})]", 0.0), operator: *, right: (1.0, 1.0), result: 0.0}
列 'p' 不存在，对列 state 不过滤，直接选择所有非无效值。
Block processing time: 0.01229 seconds
Computing Block 122 out of 560
Processing Block size=38
begin cleaner{left: ("[FunctionalDependency:(s: {brewery_id}, t: {state})]", 0.0), operator: *, right: (1.0, 1.0), result: 0.0}
列 'p' 不存在，对列 state 不过滤，直接选择所有非无效值。
Block processing time: 0.089575 seconds
Computing Block 123 out of 560
Processing Block size=6
begin cleaner{left: ("[FunctionalDependency:(s: {brewery_id}, t: {state})]", 0.0), operator: *, right: (1.0, 1.0), result: 0.0}
列 'p' 不存在，对列 state 不过滤，直接选择所有非无效值。
Block processing time: 0.014766 seconds
Computing Block 124 out of 560
Processing Block size=4
begin cleaner{left: ("[FunctionalDependency:(s: {brewery_id}, t: {state})]", 0.0), operator: *, right: (1.0, 1.0), result: 0.0}
列 'p' 不存在，对列 state 不过滤，直接选择所有非无效值。
Block processing time: 0.010069 seconds
Computing Block 125 out of 560
Processing Block size=3
begin cleaner{left: ("[FunctionalDependency:(s: {brewery_id}, t: {state})]", 0.0), operator: *, right: (1.0, 1.0), result: 0.0}
列 'p' 不存在，对列 state 不过滤，直接选择所有非无效值。
Block processing time: 0.007735 seconds
Computing Block 126 out of 560
Processing Block size=6
begin cleaner{left: ("[FunctionalDependency:(s: {brewery_id}, t: {state})]", 0.0), operator: *, right: (1.0, 1.0), result: 0.0}
列 'p' 不存在，对列 state 不过滤，直接选择所有非无效值。
Block processing time: 0.01465 seconds
Computing Block 127 out of 560
Processing Block size=8
begin cleaner{left: ("[FunctionalDependency:(s: {brewery_id}, t: {state})]", 0.0), operator: *, right: (1.0, 1.0), result: 0.0}
列 'p' 不存在，对列 state 不过滤，直接选择所有非无效值。
Block processing time: 0.019201 seconds
Computing Block 128 out of 560
Processing Block size=4
begin cleaner{left: ("[FunctionalDependency:(s: {brewery_id}, t: {state})]", 0.0), operator: *, right: (1.0, 1.0), result: 0.0}
列 'p' 不存在，对列 state 不过滤，直接选择所有非无效值。
Block processing time: 0.010068 seconds
Computing Block 129 out of 560
Processing Block size=4
begin cleaner{left: ("[FunctionalDependency:(s: {brewery_id}, t: {state})]", 0.0), operator: *, right: (1.0, 1.0), result: 0.0}
列 'p' 不存在，对列 state 不过滤，直接选择所有非无效值。
Block processing time: 0.010144 seconds
Computing Block 130 out of 560
Processing Block size=5
begin cleaner{left: ("[FunctionalDependency:(s: {brewery_id}, t: {state})]", 0.0), operator: *, right: (1.0, 1.0), result: 0.0}
列 'p' 不存在，对列 state 不过滤，直接选择所有非无效值。
Block processing time: 0.012519 seconds
Computing Block 131 out of 560
Processing Block size=7
begin cleaner{left: ("[FunctionalDependency:(s: {brewery_id}, t: {state})]", 0.0), operator: *, right: (1.0, 1.0), result: 0.0}
列 'p' 不存在，对列 state 不过滤，直接选择所有非无效值。
Block processing time: 0.017205 seconds
Computing Block 132 out of 560
Processing Block size=3
begin cleaner{left: ("[FunctionalDependency:(s: {brewery_id}, t: {state})]", 0.0), operator: *, right: (1.0, 1.0), result: 0.0}
列 'p' 不存在，对列 state 不过滤，直接选择所有非无效值。
Block processing time: 0.00802 seconds
Computing Block 133 out of 560
Processing Block size=11
begin cleaner{left: ("[FunctionalDependency:(s: {brewery_id}, t: {state})]", 0.0), operator: *, right: (1.0, 1.0), result: 0.0}
列 'p' 不存在，对列 state 不过滤，直接选择所有非无效值。
Block processing time: 0.027599 seconds
Computing Block 134 out of 560
Processing Block size=3
begin cleaner{left: ("[FunctionalDependency:(s: {brewery_id}, t: {state})]", 0.0), operator: *, right: (1.0, 1.0), result: 0.0}
列 'p' 不存在，对列 state 不过滤，直接选择所有非无效值。
Block processing time: 0.007842 seconds
Computing Block 136 out of 560
Processing Block size=5
begin cleaner{left: ("[FunctionalDependency:(s: {brewery_id}, t: {state})]", 0.0), operator: *, right: (1.0, 1.0), result: 0.0}
列 'p' 不存在，对列 state 不过滤，直接选择所有非无效值。
Block processing time: 0.012512 seconds
Computing Block 137 out of 560
Processing Block size=7
begin cleaner{left: ("[FunctionalDependency:(s: {brewery_id}, t: {state})]", 0.0), operator: *, right: (1.0, 1.0), result: 0.0}
列 'p' 不存在，对列 state 不过滤，直接选择所有非无效值。
Block processing time: 0.017312 seconds
Computing Block 138 out of 560
Processing Block size=4
begin cleaner{left: ("[FunctionalDependency:(s: {brewery_id}, t: {state})]", 0.0), operator: *, right: (1.0, 1.0), result: 0.0}
列 'p' 不存在，对列 state 不过滤，直接选择所有非无效值。
Block processing time: 0.010158 seconds
Computing Block 139 out of 560
Processing Block size=3
begin cleaner{left: ("[FunctionalDependency:(s: {brewery_id}, t: {state})]", 0.0), operator: *, right: (1.0, 1.0), result: 0.0}
列 'p' 不存在，对列 state 不过滤，直接选择所有非无效值。
Block processing time: 0.007775 seconds
Computing Block 140 out of 560
Processing Block size=9
begin cleaner{left: ("[FunctionalDependency:(s: {brewery_id}, t: {state})]", 0.0), operator: *, right: (1.0, 1.0), result: 0.0}
列 'p' 不存在，对列 state 不过滤，直接选择所有非无效值。
Block processing time: 0.021837 seconds
Computing Block 141 out of 560
Processing Block size=3
begin cleaner{left: ("[FunctionalDependency:(s: {brewery_id}, t: {state})]", 0.0), operator: *, right: (1.0, 1.0), result: 0.0}
列 'p' 不存在，对列 state 不过滤，直接选择所有非无效值。
Block processing time: 0.00767 seconds
Computing Block 142 out of 560
Processing Block size=2
begin cleaner{left: ("[FunctionalDependency:(s: {brewery_id}, t: {state})]", 0.0), operator: *, right: (1.0, 1.0), result: 0.0}
列 'p' 不存在，对列 state 不过滤，直接选择所有非无效值。
Block processing time: 0.005515 seconds
Computing Block 144 out of 560
Processing Block size=2
begin cleaner{left: ("[FunctionalDependency:(s: {brewery_id}, t: {state})]", 0.0), operator: *, right: (1.0, 1.0), result: 0.0}
列 'p' 不存在，对列 state 不过滤，直接选择所有非无效值。
Block processing time: 0.00541 seconds
Computing Block 145 out of 560
Processing Block size=5
begin cleaner{left: ("[FunctionalDependency:(s: {brewery_id}, t: {state})]", 0.0), operator: *, right: (1.0, 1.0), result: 0.0}
列 'p' 不存在，对列 state 不过滤，直接选择所有非无效值。
Block processing time: 0.012821 seconds
Computing Block 146 out of 560
Processing Block size=20
begin cleaner{left: ("[FunctionalDependency:(s: {brewery_id}, t: {state})]", 0.0), operator: *, right: (1.0, 1.0), result: 0.0}
列 'p' 不存在，对列 state 不过滤，直接选择所有非无效值。
Block processing time: 0.049554 seconds
Computing Block 147 out of 560
Processing Block size=2
begin cleaner{left: ("[FunctionalDependency:(s: {brewery_id}, t: {state})]", 0.0), operator: *, right: (1.0, 1.0), result: 0.0}
列 'p' 不存在，对列 state 不过滤，直接选择所有非无效值。
Block processing time: 0.005403 seconds
Computing Block 150 out of 560
Processing Block size=5
begin cleaner{left: ("[FunctionalDependency:(s: {brewery_id}, t: {state})]", 0.0), operator: *, right: (1.0, 1.0), result: 0.0}
列 'p' 不存在，对列 state 不过滤，直接选择所有非无效值。
Block processing time: 0.012491 seconds
Computing Block 151 out of 560
Processing Block size=5
begin cleaner{left: ("[FunctionalDependency:(s: {brewery_id}, t: {state})]", 0.0), operator: *, right: (1.0, 1.0), result: 0.0}
列 'p' 不存在，对列 state 不过滤，直接选择所有非无效值。
Block processing time: 0.012435 seconds
Computing Block 152 out of 560
Processing Block size=3
begin cleaner{left: ("[FunctionalDependency:(s: {brewery_id}, t: {state})]", 0.0), operator: *, right: (1.0, 1.0), result: 0.0}
列 'p' 不存在，对列 state 不过滤，直接选择所有非无效值。
Block processing time: 0.007671 seconds
Computing Block 154 out of 560
Processing Block size=3
begin cleaner{left: ("[FunctionalDependency:(s: {brewery_id}, t: {state})]", 0.0), operator: *, right: (1.0, 1.0), result: 0.0}
列 'p' 不存在，对列 state 不过滤，直接选择所有非无效值。
Block processing time: 0.007764 seconds
Computing Block 155 out of 560
Processing Block size=6
begin cleaner{left: ("[FunctionalDependency:(s: {brewery_id}, t: {state})]", 0.0), operator: *, right: (1.0, 1.0), result: 0.0}
列 'p' 不存在，对列 state 不过滤，直接选择所有非无效值。
Block processing time: 0.014834 seconds
Computing Block 156 out of 560
Processing Block size=2
begin cleaner{left: ("[FunctionalDependency:(s: {brewery_id}, t: {state})]", 0.0), operator: *, right: (1.0, 1.0), result: 0.0}
列 'p' 不存在，对列 state 不过滤，直接选择所有非无效值。
Block processing time: 0.005481 seconds
Computing Block 157 out of 560
Processing Block size=7
begin cleaner{left: ("[FunctionalDependency:(s: {brewery_id}, t: {state})]", 0.0), operator: *, right: (1.0, 1.0), result: 0.0}
列 'p' 不存在，对列 state 不过滤，直接选择所有非无效值。
Block processing time: 0.017115 seconds
Computing Block 158 out of 560
Processing Block size=7
begin cleaner{left: ("[FunctionalDependency:(s: {brewery_id}, t: {state})]", 0.0), operator: *, right: (1.0, 1.0), result: 0.0}
列 'p' 不存在，对列 state 不过滤，直接选择所有非无效值。
Block processing time: 0.016966 seconds
Computing Block 159 out of 560
Processing Block size=4
begin cleaner{left: ("[FunctionalDependency:(s: {brewery_id}, t: {state})]", 0.0), operator: *, right: (1.0, 1.0), result: 0.0}
列 'p' 不存在，对列 state 不过滤，直接选择所有非无效值。
Block processing time: 0.010076 seconds
Computing Block 160 out of 560
Processing Block size=2
begin cleaner{left: ("[FunctionalDependency:(s: {brewery_id}, t: {state})]", 0.0), operator: *, right: (1.0, 1.0), result: 0.0}
列 'p' 不存在，对列 state 不过滤，直接选择所有非无效值。
Block processing time: 0.005308 seconds
Computing Block 161 out of 560
Processing Block size=4
begin cleaner{left: ("[FunctionalDependency:(s: {brewery_id}, t: {state})]", 0.0), operator: *, right: (1.0, 1.0), result: 0.0}
列 'p' 不存在，对列 state 不过滤，直接选择所有非无效值。
Block processing time: 0.009964 seconds
Computing Block 162 out of 560
Processing Block size=4
begin cleaner{left: ("[FunctionalDependency:(s: {brewery_id}, t: {state})]", 0.0), operator: *, right: (1.0, 1.0), result: 0.0}
列 'p' 不存在，对列 state 不过滤，直接选择所有非无效值。
Block processing time: 0.009949 seconds
Computing Block 163 out of 560
Processing Block size=4
begin cleaner{left: ("[FunctionalDependency:(s: {brewery_id}, t: {state})]", 0.0), operator: *, right: (1.0, 1.0), result: 0.0}
列 'p' 不存在，对列 state 不过滤，直接选择所有非无效值。
Block processing time: 0.00992 seconds
Computing Block 164 out of 560
Processing Block size=4
begin cleaner{left: ("[FunctionalDependency:(s: {brewery_id}, t: {state})]", 0.0), operator: *, right: (1.0, 1.0), result: 0.0}
列 'p' 不存在，对列 state 不过滤，直接选择所有非无效值。
Block processing time: 0.01 seconds
Computing Block 165 out of 560
Processing Block size=3
begin cleaner{left: ("[FunctionalDependency:(s: {brewery_id}, t: {state})]", 0.0), operator: *, right: (1.0, 1.0), result: 0.0}
列 'p' 不存在，对列 state 不过滤，直接选择所有非无效值。
Block processing time: 0.007685 seconds
Computing Block 166 out of 560
Processing Block size=2
begin cleaner{left: ("[FunctionalDependency:(s: {brewery_id}, t: {state})]", 0.0), operator: *, right: (1.0, 1.0), result: 0.0}
列 'p' 不存在，对列 state 不过滤，直接选择所有非无效值。
Block processing time: 0.005259 seconds
Computing Block 167 out of 560
Processing Block size=3
begin cleaner{left: ("[FunctionalDependency:(s: {brewery_id}, t: {state})]", 0.0), operator: *, right: (1.0, 1.0), result: 0.0}
列 'p' 不存在，对列 state 不过滤，直接选择所有非无效值。
Block processing time: 0.00766 seconds
Computing Block 168 out of 560
Processing Block size=3
begin cleaner{left: ("[FunctionalDependency:(s: {brewery_id}, t: {state})]", 0.0), operator: *, right: (1.0, 1.0), result: 0.0}
列 'p' 不存在，对列 state 不过滤，直接选择所有非无效值。
Block processing time: 0.007654 seconds
Computing Block 172 out of 560
Processing Block size=3
begin cleaner{left: ("[FunctionalDependency:(s: {brewery_id}, t: {state})]", 0.0), operator: *, right: (1.0, 1.0), result: 0.0}
列 'p' 不存在，对列 state 不过滤，直接选择所有非无效值。
Block processing time: 0.007818 seconds
Computing Block 173 out of 560
Processing Block size=6
begin cleaner{left: ("[FunctionalDependency:(s: {brewery_id}, t: {state})]", 0.0), operator: *, right: (1.0, 1.0), result: 0.0}
列 'p' 不存在，对列 state 不过滤，直接选择所有非无效值。
Block processing time: 0.014646 seconds
Computing Block 175 out of 560
Processing Block size=8
begin cleaner{left: ("[FunctionalDependency:(s: {brewery_id}, t: {state})]", 0.0), operator: *, right: (1.0, 1.0), result: 0.0}
列 'p' 不存在，对列 state 不过滤，直接选择所有非无效值。
Block processing time: 0.019309 seconds
Computing Block 178 out of 560
Processing Block size=2
begin cleaner{left: ("[FunctionalDependency:(s: {brewery_id}, t: {state})]", 0.0), operator: *, right: (1.0, 1.0), result: 0.0}
列 'p' 不存在，对列 state 不过滤，直接选择所有非无效值。
Block processing time: 0.005382 seconds
Computing Block 179 out of 560
Processing Block size=5
begin cleaner{left: ("[FunctionalDependency:(s: {brewery_id}, t: {state})]", 0.0), operator: *, right: (1.0, 1.0), result: 0.0}
列 'p' 不存在，对列 state 不过滤，直接选择所有非无效值。
Block processing time: 0.012321 seconds
Computing Block 181 out of 560
Processing Block size=18
begin cleaner{left: ("[FunctionalDependency:(s: {brewery_id}, t: {state})]", 0.0), operator: *, right: (1.0, 1.0), result: 0.0}
列 'p' 不存在，对列 state 不过滤，直接选择所有非无效值。
Block processing time: 0.042541 seconds
Computing Block 183 out of 560
Processing Block size=6
begin cleaner{left: ("[FunctionalDependency:(s: {brewery_id}, t: {state})]", 0.0), operator: *, right: (1.0, 1.0), result: 0.0}
列 'p' 不存在，对列 state 不过滤，直接选择所有非无效值。
Block processing time: 0.014746 seconds
Computing Block 184 out of 560
Processing Block size=2
begin cleaner{left: ("[FunctionalDependency:(s: {brewery_id}, t: {state})]", 0.0), operator: *, right: (1.0, 1.0), result: 0.0}
列 'p' 不存在，对列 state 不过滤，直接选择所有非无效值。
Block processing time: 0.005374 seconds
Computing Block 185 out of 560
Processing Block size=5
begin cleaner{left: ("[FunctionalDependency:(s: {brewery_id}, t: {state})]", 0.0), operator: *, right: (1.0, 1.0), result: 0.0}
列 'p' 不存在，对列 state 不过滤，直接选择所有非无效值。
Block processing time: 0.012272 seconds
Computing Block 186 out of 560
Processing Block size=5
begin cleaner{left: ("[FunctionalDependency:(s: {brewery_id}, t: {state})]", 0.0), operator: *, right: (1.0, 1.0), result: 0.0}
列 'p' 不存在，对列 state 不过滤，直接选择所有非无效值。
Block processing time: 0.013352 seconds
Computing Block 189 out of 560
Processing Block size=9
begin cleaner{left: ("[FunctionalDependency:(s: {brewery_id}, t: {state})]", 0.0), operator: *, right: (1.0, 1.0), result: 0.0}
列 'p' 不存在，对列 state 不过滤，直接选择所有非无效值。
Block processing time: 0.023389 seconds
Computing Block 190 out of 560
Processing Block size=6
begin cleaner{left: ("[FunctionalDependency:(s: {brewery_id}, t: {state})]", 0.0), operator: *, right: (1.0, 1.0), result: 0.0}
列 'p' 不存在，对列 state 不过滤，直接选择所有非无效值。
Block processing time: 0.014703 seconds
Computing Block 191 out of 560
Processing Block size=8
begin cleaner{left: ("[FunctionalDependency:(s: {brewery_id}, t: {state})]", 0.0), operator: *, right: (1.0, 1.0), result: 0.0}
列 'p' 不存在，对列 state 不过滤，直接选择所有非无效值。
Block processing time: 0.019728 seconds
Computing Block 192 out of 560
Processing Block size=2
begin cleaner{left: ("[FunctionalDependency:(s: {brewery_id}, t: {state})]", 0.0), operator: *, right: (1.0, 1.0), result: 0.0}
列 'p' 不存在，对列 state 不过滤，直接选择所有非无效值。
Block processing time: 0.005318 seconds
Computing Block 193 out of 560
Processing Block size=5
begin cleaner{left: ("[FunctionalDependency:(s: {brewery_id}, t: {state})]", 0.0), operator: *, right: (1.0, 1.0), result: 0.0}
列 'p' 不存在，对列 state 不过滤，直接选择所有非无效值。
Block processing time: 0.012218 seconds
Computing Block 194 out of 560
Processing Block size=5
begin cleaner{left: ("[FunctionalDependency:(s: {brewery_id}, t: {state})]", 0.0), operator: *, right: (1.0, 1.0), result: 0.0}
列 'p' 不存在，对列 state 不过滤，直接选择所有非无效值。
Block processing time: 0.012503 seconds
Computing Block 197 out of 560
Processing Block size=3
begin cleaner{left: ("[FunctionalDependency:(s: {brewery_id}, t: {state})]", 0.0), operator: *, right: (1.0, 1.0), result: 0.0}
列 'p' 不存在，对列 state 不过滤，直接选择所有非无效值。
Block processing time: 0.00773 seconds
Computing Block 198 out of 560
Processing Block size=6
begin cleaner{left: ("[FunctionalDependency:(s: {brewery_id}, t: {state})]", 0.0), operator: *, right: (1.0, 1.0), result: 0.0}
列 'p' 不存在，对列 state 不过滤，直接选择所有非无效值。
Block processing time: 0.014669 seconds
Computing Block 200 out of 560
Processing Block size=4
begin cleaner{left: ("[FunctionalDependency:(s: {brewery_id}, t: {state})]", 0.0), operator: *, right: (1.0, 1.0), result: 0.0}
列 'p' 不存在，对列 state 不过滤，直接选择所有非无效值。
Block processing time: 0.010252 seconds
Computing Block 203 out of 560
Processing Block size=3
begin cleaner{left: ("[FunctionalDependency:(s: {brewery_id}, t: {state})]", 0.0), operator: *, right: (1.0, 1.0), result: 0.0}
列 'p' 不存在，对列 state 不过滤，直接选择所有非无效值。
Block processing time: 0.007623 seconds
Computing Block 205 out of 560
Processing Block size=3
begin cleaner{left: ("[FunctionalDependency:(s: {brewery_id}, t: {state})]", 0.0), operator: *, right: (1.0, 1.0), result: 0.0}
列 'p' 不存在，对列 state 不过滤，直接选择所有非无效值。
Block processing time: 0.007546 seconds
Computing Block 206 out of 560
Processing Block size=3
begin cleaner{left: ("[FunctionalDependency:(s: {brewery_id}, t: {state})]", 0.0), operator: *, right: (1.0, 1.0), result: 0.0}
列 'p' 不存在，对列 state 不过滤，直接选择所有非无效值。
Block processing time: 0.007692 seconds
Computing Block 208 out of 560
Processing Block size=7
begin cleaner{left: ("[FunctionalDependency:(s: {brewery_id}, t: {state})]", 0.0), operator: *, right: (1.0, 1.0), result: 0.0}
列 'p' 不存在，对列 state 不过滤，直接选择所有非无效值。
Block processing time: 0.017581 seconds
Computing Block 209 out of 560
Processing Block size=3
begin cleaner{left: ("[FunctionalDependency:(s: {brewery_id}, t: {state})]", 0.0), operator: *, right: (1.0, 1.0), result: 0.0}
列 'p' 不存在，对列 state 不过滤，直接选择所有非无效值。
Block processing time: 0.008442 seconds
Computing Block 211 out of 560
Processing Block size=2
begin cleaner{left: ("[FunctionalDependency:(s: {brewery_id}, t: {state})]", 0.0), operator: *, right: (1.0, 1.0), result: 0.0}
列 'p' 不存在，对列 state 不过滤，直接选择所有非无效值。
Block processing time: 0.005383 seconds
Computing Block 213 out of 560
Processing Block size=4
begin cleaner{left: ("[FunctionalDependency:(s: {brewery_id}, t: {state})]", 0.0), operator: *, right: (1.0, 1.0), result: 0.0}
列 'p' 不存在，对列 state 不过滤，直接选择所有非无效值。
Block processing time: 0.01003 seconds
Computing Block 214 out of 560
Processing Block size=9
begin cleaner{left: ("[FunctionalDependency:(s: {brewery_id}, t: {state})]", 0.0), operator: *, right: (1.0, 1.0), result: 0.0}
列 'p' 不存在，对列 state 不过滤，直接选择所有非无效值。
Block processing time: 0.021617 seconds
Computing Block 215 out of 560
Processing Block size=2
begin cleaner{left: ("[FunctionalDependency:(s: {brewery_id}, t: {state})]", 0.0), operator: *, right: (1.0, 1.0), result: 0.0}
列 'p' 不存在，对列 state 不过滤，直接选择所有非无效值。
Block processing time: 0.00523 seconds
Computing Block 216 out of 560
Processing Block size=2
begin cleaner{left: ("[FunctionalDependency:(s: {brewery_id}, t: {state})]", 0.0), operator: *, right: (1.0, 1.0), result: 0.0}
列 'p' 不存在，对列 state 不过滤，直接选择所有非无效值。
Block processing time: 0.005214 seconds
Computing Block 217 out of 560
Processing Block size=2
begin cleaner{left: ("[FunctionalDependency:(s: {brewery_id}, t: {state})]", 0.0), operator: *, right: (1.0, 1.0), result: 0.0}
列 'p' 不存在，对列 state 不过滤，直接选择所有非无效值。
Block processing time: 0.005365 seconds
Computing Block 218 out of 560
Processing Block size=2
begin cleaner{left: ("[FunctionalDependency:(s: {brewery_id}, t: {state})]", 0.0), operator: *, right: (1.0, 1.0), result: 0.0}
列 'p' 不存在，对列 state 不过滤，直接选择所有非无效值。
Block processing time: 0.005392 seconds
Computing Block 219 out of 560
Processing Block size=11
begin cleaner{left: ("[FunctionalDependency:(s: {brewery_id}, t: {state})]", 0.0), operator: *, right: (1.0, 1.0), result: 0.0}
列 'p' 不存在，对列 state 不过滤，直接选择所有非无效值。
Block processing time: 0.026405 seconds
Computing Block 220 out of 560
Processing Block size=3
begin cleaner{left: ("[FunctionalDependency:(s: {brewery_id}, t: {state})]", 0.0), operator: *, right: (1.0, 1.0), result: 0.0}
列 'p' 不存在，对列 state 不过滤，直接选择所有非无效值。
Block processing time: 0.007785 seconds
Computing Block 221 out of 560
Processing Block size=8
begin cleaner{left: ("[FunctionalDependency:(s: {brewery_id}, t: {state})]", 0.0), operator: *, right: (1.0, 1.0), result: 0.0}
列 'p' 不存在，对列 state 不过滤，直接选择所有非无效值。
Block processing time: 0.020485 seconds
Computing Block 222 out of 560
Processing Block size=13
begin cleaner{left: ("[FunctionalDependency:(s: {brewery_id}, t: {state})]", 0.0), operator: *, right: (1.0, 1.0), result: 0.0}
列 'p' 不存在，对列 state 不过滤，直接选择所有非无效值。
Block processing time: 0.032669 seconds
Computing Block 223 out of 560
Processing Block size=2
begin cleaner{left: ("[FunctionalDependency:(s: {brewery_id}, t: {state})]", 0.0), operator: *, right: (1.0, 1.0), result: 0.0}
列 'p' 不存在，对列 state 不过滤，直接选择所有非无效值。
Block processing time: 0.005372 seconds
Computing Block 224 out of 560
Processing Block size=2
begin cleaner{left: ("[FunctionalDependency:(s: {brewery_id}, t: {state})]", 0.0), operator: *, right: (1.0, 1.0), result: 0.0}
列 'p' 不存在，对列 state 不过滤，直接选择所有非无效值。
Block processing time: 0.005321 seconds
Computing Block 226 out of 560
Processing Block size=2
begin cleaner{left: ("[FunctionalDependency:(s: {brewery_id}, t: {state})]", 0.0), operator: *, right: (1.0, 1.0), result: 0.0}
列 'p' 不存在，对列 state 不过滤，直接选择所有非无效值。
Block processing time: 0.005368 seconds
Computing Block 227 out of 560
Processing Block size=2
begin cleaner{left: ("[FunctionalDependency:(s: {brewery_id}, t: {state})]", 0.0), operator: *, right: (1.0, 1.0), result: 0.0}
列 'p' 不存在，对列 state 不过滤，直接选择所有非无效值。
Block processing time: 0.005335 seconds
Computing Block 228 out of 560
Processing Block size=9
begin cleaner{left: ("[FunctionalDependency:(s: {brewery_id}, t: {state})]", 0.0), operator: *, right: (1.0, 1.0), result: 0.0}
列 'p' 不存在，对列 state 不过滤，直接选择所有非无效值。
Block processing time: 0.02169 seconds
Computing Block 229 out of 560
Processing Block size=3
begin cleaner{left: ("[FunctionalDependency:(s: {brewery_id}, t: {state})]", 0.0), operator: *, right: (1.0, 1.0), result: 0.0}
列 'p' 不存在，对列 state 不过滤，直接选择所有非无效值。
Block processing time: 0.007704 seconds
Computing Block 230 out of 560
Processing Block size=3
begin cleaner{left: ("[FunctionalDependency:(s: {brewery_id}, t: {state})]", 0.0), operator: *, right: (1.0, 1.0), result: 0.0}
列 'p' 不存在，对列 state 不过滤，直接选择所有非无效值。
Block processing time: 0.00776 seconds
Computing Block 231 out of 560
Processing Block size=10
begin cleaner{left: ("[FunctionalDependency:(s: {brewery_id}, t: {state})]", 0.0), operator: *, right: (1.0, 1.0), result: 0.0}
列 'p' 不存在，对列 state 不过滤，直接选择所有非无效值。
Block processing time: 0.024153 seconds
Computing Block 232 out of 560
Processing Block size=2
begin cleaner{left: ("[FunctionalDependency:(s: {brewery_id}, t: {state})]", 0.0), operator: *, right: (1.0, 1.0), result: 0.0}
列 'p' 不存在，对列 state 不过滤，直接选择所有非无效值。
Block processing time: 0.005339 seconds
Computing Block 234 out of 560
Processing Block size=13
begin cleaner{left: ("[FunctionalDependency:(s: {brewery_id}, t: {state})]", 0.0), operator: *, right: (1.0, 1.0), result: 0.0}
列 'p' 不存在，对列 state 不过滤，直接选择所有非无效值。
Block processing time: 0.031166 seconds
Computing Block 236 out of 560
Processing Block size=2
begin cleaner{left: ("[FunctionalDependency:(s: {brewery_id}, t: {state})]", 0.0), operator: *, right: (1.0, 1.0), result: 0.0}
列 'p' 不存在，对列 state 不过滤，直接选择所有非无效值。
Block processing time: 0.005394 seconds
Computing Block 237 out of 560
Processing Block size=2
begin cleaner{left: ("[FunctionalDependency:(s: {brewery_id}, t: {state})]", 0.0), operator: *, right: (1.0, 1.0), result: 0.0}
列 'p' 不存在，对列 state 不过滤，直接选择所有非无效值。
Block processing time: 0.005548 seconds
Computing Block 238 out of 560
Processing Block size=4
begin cleaner{left: ("[FunctionalDependency:(s: {brewery_id}, t: {state})]", 0.0), operator: *, right: (1.0, 1.0), result: 0.0}
列 'p' 不存在，对列 state 不过滤，直接选择所有非无效值。
Block processing time: 0.010426 seconds
Computing Block 239 out of 560
Processing Block size=2
begin cleaner{left: ("[FunctionalDependency:(s: {brewery_id}, t: {state})]", 0.0), operator: *, right: (1.0, 1.0), result: 0.0}
列 'p' 不存在，对列 state 不过滤，直接选择所有非无效值。
Block processing time: 0.005688 seconds
Computing Block 240 out of 560
Processing Block size=14
begin cleaner{left: ("[FunctionalDependency:(s: {brewery_id}, t: {state})]", 0.0), operator: *, right: (1.0, 1.0), result: 0.0}
列 'p' 不存在，对列 state 不过滤，直接选择所有非无效值。
Block processing time: 0.034975 seconds
Computing Block 241 out of 560
Processing Block size=3
begin cleaner{left: ("[FunctionalDependency:(s: {brewery_id}, t: {state})]", 0.0), operator: *, right: (1.0, 1.0), result: 0.0}
列 'p' 不存在，对列 state 不过滤，直接选择所有非无效值。
Block processing time: 0.008166 seconds
Computing Block 242 out of 560
Processing Block size=5
begin cleaner{left: ("[FunctionalDependency:(s: {brewery_id}, t: {state})]", 0.0), operator: *, right: (1.0, 1.0), result: 0.0}
列 'p' 不存在，对列 state 不过滤，直接选择所有非无效值。
Block processing time: 0.012857 seconds
Computing Block 245 out of 560
Processing Block size=4
begin cleaner{left: ("[FunctionalDependency:(s: {brewery_id}, t: {state})]", 0.0), operator: *, right: (1.0, 1.0), result: 0.0}
列 'p' 不存在，对列 state 不过滤，直接选择所有非无效值。
Block processing time: 0.010019 seconds
Computing Block 246 out of 560
Processing Block size=4
begin cleaner{left: ("[FunctionalDependency:(s: {brewery_id}, t: {state})]", 0.0), operator: *, right: (1.0, 1.0), result: 0.0}
列 'p' 不存在，对列 state 不过滤，直接选择所有非无效值。
Block processing time: 0.009938 seconds
Computing Block 247 out of 560
Processing Block size=2
begin cleaner{left: ("[FunctionalDependency:(s: {brewery_id}, t: {state})]", 0.0), operator: *, right: (1.0, 1.0), result: 0.0}
列 'p' 不存在，对列 state 不过滤，直接选择所有非无效值。
Block processing time: 0.005397 seconds
Computing Block 248 out of 560
Processing Block size=3
begin cleaner{left: ("[FunctionalDependency:(s: {brewery_id}, t: {state})]", 0.0), operator: *, right: (1.0, 1.0), result: 0.0}
列 'p' 不存在，对列 state 不过滤，直接选择所有非无效值。
Block processing time: 0.0076 seconds
Computing Block 251 out of 560
Processing Block size=4
begin cleaner{left: ("[FunctionalDependency:(s: {brewery_id}, t: {state})]", 0.0), operator: *, right: (1.0, 1.0), result: 0.0}
列 'p' 不存在，对列 state 不过滤，直接选择所有非无效值。
Block processing time: 0.010012 seconds
Computing Block 252 out of 560
Processing Block size=2
begin cleaner{left: ("[FunctionalDependency:(s: {brewery_id}, t: {state})]", 0.0), operator: *, right: (1.0, 1.0), result: 0.0}
列 'p' 不存在，对列 state 不过滤，直接选择所有非无效值。
Block processing time: 0.005289 seconds
Computing Block 253 out of 560
Processing Block size=9
begin cleaner{left: ("[FunctionalDependency:(s: {brewery_id}, t: {state})]", 0.0), operator: *, right: (1.0, 1.0), result: 0.0}
列 'p' 不存在，对列 state 不过滤，直接选择所有非无效值。
Block processing time: 0.021589 seconds
Computing Block 254 out of 560
Processing Block size=2
begin cleaner{left: ("[FunctionalDependency:(s: {brewery_id}, t: {state})]", 0.0), operator: *, right: (1.0, 1.0), result: 0.0}
列 'p' 不存在，对列 state 不过滤，直接选择所有非无效值。
Block processing time: 0.005375 seconds
Computing Block 255 out of 560
Processing Block size=4
begin cleaner{left: ("[FunctionalDependency:(s: {brewery_id}, t: {state})]", 0.0), operator: *, right: (1.0, 1.0), result: 0.0}
列 'p' 不存在，对列 state 不过滤，直接选择所有非无效值。
Block processing time: 0.010008 seconds
Computing Block 256 out of 560
Processing Block size=4
begin cleaner{left: ("[FunctionalDependency:(s: {brewery_id}, t: {state})]", 0.0), operator: *, right: (1.0, 1.0), result: 0.0}
列 'p' 不存在，对列 state 不过滤，直接选择所有非无效值。
Block processing time: 0.009933 seconds
Computing Block 257 out of 560
Processing Block size=10
begin cleaner{left: ("[FunctionalDependency:(s: {brewery_id}, t: {state})]", 0.0), operator: *, right: (1.0, 1.0), result: 0.0}
列 'p' 不存在，对列 state 不过滤，直接选择所有非无效值。
Block processing time: 0.023679 seconds
Computing Block 259 out of 560
Processing Block size=2
begin cleaner{left: ("[FunctionalDependency:(s: {brewery_id}, t: {state})]", 0.0), operator: *, right: (1.0, 1.0), result: 0.0}
列 'p' 不存在，对列 state 不过滤，直接选择所有非无效值。
Block processing time: 0.005352 seconds
Computing Block 261 out of 560
Processing Block size=7
begin cleaner{left: ("[FunctionalDependency:(s: {brewery_id}, t: {state})]", 0.0), operator: *, right: (1.0, 1.0), result: 0.0}
列 'p' 不存在，对列 state 不过滤，直接选择所有非无效值。
Block processing time: 0.017069 seconds
Computing Block 262 out of 560
Processing Block size=7
begin cleaner{left: ("[FunctionalDependency:(s: {brewery_id}, t: {state})]", 0.0), operator: *, right: (1.0, 1.0), result: 0.0}
列 'p' 不存在，对列 state 不过滤，直接选择所有非无效值。
Block processing time: 0.017715 seconds
Computing Block 267 out of 560
Processing Block size=3
begin cleaner{left: ("[FunctionalDependency:(s: {brewery_id}, t: {state})]", 0.0), operator: *, right: (1.0, 1.0), result: 0.0}
列 'p' 不存在，对列 state 不过滤，直接选择所有非无效值。
Block processing time: 0.008276 seconds
Computing Block 268 out of 560
Processing Block size=4
begin cleaner{left: ("[FunctionalDependency:(s: {brewery_id}, t: {state})]", 0.0), operator: *, right: (1.0, 1.0), result: 0.0}
列 'p' 不存在，对列 state 不过滤，直接选择所有非无效值。
Block processing time: 0.010838 seconds
Computing Block 270 out of 560
Processing Block size=3
begin cleaner{left: ("[FunctionalDependency:(s: {brewery_id}, t: {state})]", 0.0), operator: *, right: (1.0, 1.0), result: 0.0}
列 'p' 不存在，对列 state 不过滤，直接选择所有非无效值。
Block processing time: 0.008053 seconds
Computing Block 271 out of 560
Processing Block size=2
begin cleaner{left: ("[FunctionalDependency:(s: {brewery_id}, t: {state})]", 0.0), operator: *, right: (1.0, 1.0), result: 0.0}
列 'p' 不存在，对列 state 不过滤，直接选择所有非无效值。
Block processing time: 0.00559 seconds
Computing Block 272 out of 560
Processing Block size=2
begin cleaner{left: ("[FunctionalDependency:(s: {brewery_id}, t: {state})]", 0.0), operator: *, right: (1.0, 1.0), result: 0.0}
列 'p' 不存在，对列 state 不过滤，直接选择所有非无效值。
Block processing time: 0.005311 seconds
Computing Block 274 out of 560
Processing Block size=2
begin cleaner{left: ("[FunctionalDependency:(s: {brewery_id}, t: {state})]", 0.0), operator: *, right: (1.0, 1.0), result: 0.0}
列 'p' 不存在，对列 state 不过滤，直接选择所有非无效值。
Block processing time: 0.005342 seconds
Computing Block 275 out of 560
Processing Block size=2
begin cleaner{left: ("[FunctionalDependency:(s: {brewery_id}, t: {state})]", 0.0), operator: *, right: (1.0, 1.0), result: 0.0}
列 'p' 不存在，对列 state 不过滤，直接选择所有非无效值。
Block processing time: 0.005213 seconds
Computing Block 277 out of 560
Processing Block size=2
begin cleaner{left: ("[FunctionalDependency:(s: {brewery_id}, t: {state})]", 0.0), operator: *, right: (1.0, 1.0), result: 0.0}
列 'p' 不存在，对列 state 不过滤，直接选择所有非无效值。
Block processing time: 0.005246 seconds
Computing Block 279 out of 560
Processing Block size=2
begin cleaner{left: ("[FunctionalDependency:(s: {brewery_id}, t: {state})]", 0.0), operator: *, right: (1.0, 1.0), result: 0.0}
列 'p' 不存在，对列 state 不过滤，直接选择所有非无效值。
Block processing time: 0.005655 seconds
Computing Block 280 out of 560
Processing Block size=32
begin cleaner{left: ("[FunctionalDependency:(s: {brewery_id}, t: {state})]", 0.0), operator: *, right: (1.0, 1.0), result: 0.0}
列 'p' 不存在，对列 state 不过滤，直接选择所有非无效值。
Block processing time: 0.078158 seconds
Computing Block 281 out of 560
Processing Block size=4
begin cleaner{left: ("[FunctionalDependency:(s: {brewery_id}, t: {state})]", 0.0), operator: *, right: (1.0, 1.0), result: 0.0}
列 'p' 不存在，对列 state 不过滤，直接选择所有非无效值。
Block processing time: 0.010076 seconds
Computing Block 282 out of 560
Processing Block size=5
begin cleaner{left: ("[FunctionalDependency:(s: {brewery_id}, t: {state})]", 0.0), operator: *, right: (1.0, 1.0), result: 0.0}
列 'p' 不存在，对列 state 不过滤，直接选择所有非无效值。
Block processing time: 0.012249 seconds
Computing Block 283 out of 560
Processing Block size=5
begin cleaner{left: ("[FunctionalDependency:(s: {brewery_id}, t: {state})]", 0.0), operator: *, right: (1.0, 1.0), result: 0.0}
列 'p' 不存在，对列 state 不过滤，直接选择所有非无效值。
Block processing time: 0.012453 seconds
Computing Block 284 out of 560
Processing Block size=3
begin cleaner{left: ("[FunctionalDependency:(s: {brewery_id}, t: {state})]", 0.0), operator: *, right: (1.0, 1.0), result: 0.0}
列 'p' 不存在，对列 state 不过滤，直接选择所有非无效值。
Block processing time: 0.007702 seconds
Computing Block 285 out of 560
Processing Block size=3
begin cleaner{left: ("[FunctionalDependency:(s: {brewery_id}, t: {state})]", 0.0), operator: *, right: (1.0, 1.0), result: 0.0}
列 'p' 不存在，对列 state 不过滤，直接选择所有非无效值。
Block processing time: 0.007686 seconds
Computing Block 286 out of 560
Processing Block size=5
begin cleaner{left: ("[FunctionalDependency:(s: {brewery_id}, t: {state})]", 0.0), operator: *, right: (1.0, 1.0), result: 0.0}
列 'p' 不存在，对列 state 不过滤，直接选择所有非无效值。
Block processing time: 0.01241 seconds
Computing Block 287 out of 560
Processing Block size=3
begin cleaner{left: ("[FunctionalDependency:(s: {brewery_id}, t: {state})]", 0.0), operator: *, right: (1.0, 1.0), result: 0.0}
列 'p' 不存在，对列 state 不过滤，直接选择所有非无效值。
Block processing time: 0.007767 seconds
Computing Block 288 out of 560
Processing Block size=14
begin cleaner{left: ("[FunctionalDependency:(s: {brewery_id}, t: {state})]", 0.0), operator: *, right: (1.0, 1.0), result: 0.0}
列 'p' 不存在，对列 state 不过滤，直接选择所有非无效值。
Block processing time: 0.035407 seconds
Computing Block 290 out of 560
Processing Block size=2
begin cleaner{left: ("[FunctionalDependency:(s: {brewery_id}, t: {state})]", 0.0), operator: *, right: (1.0, 1.0), result: 0.0}
列 'p' 不存在，对列 state 不过滤，直接选择所有非无效值。
Block processing time: 0.005877 seconds
Computing Block 291 out of 560
Processing Block size=2
begin cleaner{left: ("[FunctionalDependency:(s: {brewery_id}, t: {state})]", 0.0), operator: *, right: (1.0, 1.0), result: 0.0}
列 'p' 不存在，对列 state 不过滤，直接选择所有非无效值。
Block processing time: 0.005698 seconds
Computing Block 292 out of 560
Processing Block size=4
begin cleaner{left: ("[FunctionalDependency:(s: {brewery_id}, t: {state})]", 0.0), operator: *, right: (1.0, 1.0), result: 0.0}
列 'p' 不存在，对列 state 不过滤，直接选择所有非无效值。
Block processing time: 0.010243 seconds
Computing Block 294 out of 560
Processing Block size=2
begin cleaner{left: ("[FunctionalDependency:(s: {brewery_id}, t: {state})]", 0.0), operator: *, right: (1.0, 1.0), result: 0.0}
列 'p' 不存在，对列 state 不过滤，直接选择所有非无效值。
Block processing time: 0.005421 seconds
Computing Block 295 out of 560
Processing Block size=6
begin cleaner{left: ("[FunctionalDependency:(s: {brewery_id}, t: {state})]", 0.0), operator: *, right: (1.0, 1.0), result: 0.0}
列 'p' 不存在，对列 state 不过滤，直接选择所有非无效值。
Block processing time: 0.014709 seconds
Computing Block 296 out of 560
Processing Block size=4
begin cleaner{left: ("[FunctionalDependency:(s: {brewery_id}, t: {state})]", 0.0), operator: *, right: (1.0, 1.0), result: 0.0}
列 'p' 不存在，对列 state 不过滤，直接选择所有非无效值。
Block processing time: 0.010722 seconds
Computing Block 297 out of 560
Processing Block size=3
begin cleaner{left: ("[FunctionalDependency:(s: {brewery_id}, t: {state})]", 0.0), operator: *, right: (1.0, 1.0), result: 0.0}
列 'p' 不存在，对列 state 不过滤，直接选择所有非无效值。
Block processing time: 0.00837 seconds
Computing Block 299 out of 560
Processing Block size=9
begin cleaner{left: ("[FunctionalDependency:(s: {brewery_id}, t: {state})]", 0.0), operator: *, right: (1.0, 1.0), result: 0.0}
列 'p' 不存在，对列 state 不过滤，直接选择所有非无效值。
Block processing time: 0.021765 seconds
Computing Block 301 out of 560
Processing Block size=5
begin cleaner{left: ("[FunctionalDependency:(s: {brewery_id}, t: {state})]", 0.0), operator: *, right: (1.0, 1.0), result: 0.0}
列 'p' 不存在，对列 state 不过滤，直接选择所有非无效值。
Block processing time: 0.012685 seconds
Computing Block 303 out of 560
Processing Block size=5
begin cleaner{left: ("[FunctionalDependency:(s: {brewery_id}, t: {state})]", 0.0), operator: *, right: (1.0, 1.0), result: 0.0}
列 'p' 不存在，对列 state 不过滤，直接选择所有非无效值。
Block processing time: 0.012521 seconds
Computing Block 304 out of 560
Processing Block size=9
begin cleaner{left: ("[FunctionalDependency:(s: {brewery_id}, t: {state})]", 0.0), operator: *, right: (1.0, 1.0), result: 0.0}
列 'p' 不存在，对列 state 不过滤，直接选择所有非无效值。
Block processing time: 0.021893 seconds
Computing Block 306 out of 560
Processing Block size=3
begin cleaner{left: ("[FunctionalDependency:(s: {brewery_id}, t: {state})]", 0.0), operator: *, right: (1.0, 1.0), result: 0.0}
列 'p' 不存在，对列 state 不过滤，直接选择所有非无效值。
Block processing time: 0.00786 seconds
Computing Block 307 out of 560
Processing Block size=7
begin cleaner{left: ("[FunctionalDependency:(s: {brewery_id}, t: {state})]", 0.0), operator: *, right: (1.0, 1.0), result: 0.0}
列 'p' 不存在，对列 state 不过滤，直接选择所有非无效值。
Block processing time: 0.01716 seconds
Computing Block 308 out of 560
Processing Block size=8
begin cleaner{left: ("[FunctionalDependency:(s: {brewery_id}, t: {state})]", 0.0), operator: *, right: (1.0, 1.0), result: 0.0}
列 'p' 不存在，对列 state 不过滤，直接选择所有非无效值。
Block processing time: 0.019517 seconds
Computing Block 309 out of 560
Processing Block size=3
begin cleaner{left: ("[FunctionalDependency:(s: {brewery_id}, t: {state})]", 0.0), operator: *, right: (1.0, 1.0), result: 0.0}
列 'p' 不存在，对列 state 不过滤，直接选择所有非无效值。
Block processing time: 0.007689 seconds
Computing Block 310 out of 560
Processing Block size=4
begin cleaner{left: ("[FunctionalDependency:(s: {brewery_id}, t: {state})]", 0.0), operator: *, right: (1.0, 1.0), result: 0.0}
列 'p' 不存在，对列 state 不过滤，直接选择所有非无效值。
Block processing time: 0.009897 seconds
Computing Block 313 out of 560
Processing Block size=3
begin cleaner{left: ("[FunctionalDependency:(s: {brewery_id}, t: {state})]", 0.0), operator: *, right: (1.0, 1.0), result: 0.0}
列 'p' 不存在，对列 state 不过滤，直接选择所有非无效值。
Block processing time: 0.007682 seconds
Computing Block 314 out of 560
Processing Block size=4
begin cleaner{left: ("[FunctionalDependency:(s: {brewery_id}, t: {state})]", 0.0), operator: *, right: (1.0, 1.0), result: 0.0}
列 'p' 不存在，对列 state 不过滤，直接选择所有非无效值。
Block processing time: 0.009916 seconds
Computing Block 315 out of 560
Processing Block size=4
begin cleaner{left: ("[FunctionalDependency:(s: {brewery_id}, t: {state})]", 0.0), operator: *, right: (1.0, 1.0), result: 0.0}
列 'p' 不存在，对列 state 不过滤，直接选择所有非无效值。
Block processing time: 0.009865 seconds
Computing Block 316 out of 560
Processing Block size=4
begin cleaner{left: ("[FunctionalDependency:(s: {brewery_id}, t: {state})]", 0.0), operator: *, right: (1.0, 1.0), result: 0.0}
列 'p' 不存在，对列 state 不过滤，直接选择所有非无效值。
Block processing time: 0.009995 seconds
Computing Block 317 out of 560
Processing Block size=3
begin cleaner{left: ("[FunctionalDependency:(s: {brewery_id}, t: {state})]", 0.0), operator: *, right: (1.0, 1.0), result: 0.0}
列 'p' 不存在，对列 state 不过滤，直接选择所有非无效值。
Block processing time: 0.008091 seconds
Computing Block 318 out of 560
Processing Block size=6
begin cleaner{left: ("[FunctionalDependency:(s: {brewery_id}, t: {state})]", 0.0), operator: *, right: (1.0, 1.0), result: 0.0}
列 'p' 不存在，对列 state 不过滤，直接选择所有非无效值。
Block processing time: 0.015263 seconds
Computing Block 319 out of 560
Processing Block size=4
begin cleaner{left: ("[FunctionalDependency:(s: {brewery_id}, t: {state})]", 0.0), operator: *, right: (1.0, 1.0), result: 0.0}
列 'p' 不存在，对列 state 不过滤，直接选择所有非无效值。
Block processing time: 0.010004 seconds
Computing Block 320 out of 560
Processing Block size=13
begin cleaner{left: ("[FunctionalDependency:(s: {brewery_id}, t: {state})]", 0.0), operator: *, right: (1.0, 1.0), result: 0.0}
列 'p' 不存在，对列 state 不过滤，直接选择所有非无效值。
Block processing time: 0.030765 seconds
Computing Block 321 out of 560
Processing Block size=2
begin cleaner{left: ("[FunctionalDependency:(s: {brewery_id}, t: {state})]", 0.0), operator: *, right: (1.0, 1.0), result: 0.0}
列 'p' 不存在，对列 state 不过滤，直接选择所有非无效值。
Block processing time: 0.005316 seconds
Computing Block 322 out of 560
Processing Block size=3
begin cleaner{left: ("[FunctionalDependency:(s: {brewery_id}, t: {state})]", 0.0), operator: *, right: (1.0, 1.0), result: 0.0}
列 'p' 不存在，对列 state 不过滤，直接选择所有非无效值。
Block processing time: 0.007687 seconds
Computing Block 324 out of 560
Processing Block size=4
begin cleaner{left: ("[FunctionalDependency:(s: {brewery_id}, t: {state})]", 0.0), operator: *, right: (1.0, 1.0), result: 0.0}
列 'p' 不存在，对列 state 不过滤，直接选择所有非无效值。
Block processing time: 0.009989 seconds
Computing Block 325 out of 560
Processing Block size=3
begin cleaner{left: ("[FunctionalDependency:(s: {brewery_id}, t: {state})]", 0.0), operator: *, right: (1.0, 1.0), result: 0.0}
列 'p' 不存在，对列 state 不过滤，直接选择所有非无效值。
Block processing time: 0.007664 seconds
Computing Block 328 out of 560
Processing Block size=5
begin cleaner{left: ("[FunctionalDependency:(s: {brewery_id}, t: {state})]", 0.0), operator: *, right: (1.0, 1.0), result: 0.0}
列 'p' 不存在，对列 state 不过滤，直接选择所有非无效值。
Block processing time: 0.012244 seconds
Computing Block 329 out of 560
Processing Block size=2
begin cleaner{left: ("[FunctionalDependency:(s: {brewery_id}, t: {state})]", 0.0), operator: *, right: (1.0, 1.0), result: 0.0}
列 'p' 不存在，对列 state 不过滤，直接选择所有非无效值。
Block processing time: 0.005358 seconds
Computing Block 330 out of 560
Processing Block size=6
begin cleaner{left: ("[FunctionalDependency:(s: {brewery_id}, t: {state})]", 0.0), operator: *, right: (1.0, 1.0), result: 0.0}
列 'p' 不存在，对列 state 不过滤，直接选择所有非无效值。
Block processing time: 0.014584 seconds
Computing Block 331 out of 560
Processing Block size=8
begin cleaner{left: ("[FunctionalDependency:(s: {brewery_id}, t: {state})]", 0.0), operator: *, right: (1.0, 1.0), result: 0.0}
列 'p' 不存在，对列 state 不过滤，直接选择所有非无效值。
Block processing time: 0.019453 seconds
Computing Block 332 out of 560
Processing Block size=2
begin cleaner{left: ("[FunctionalDependency:(s: {brewery_id}, t: {state})]", 0.0), operator: *, right: (1.0, 1.0), result: 0.0}
列 'p' 不存在，对列 state 不过滤，直接选择所有非无效值。
Block processing time: 0.005298 seconds
Computing Block 333 out of 560
Processing Block size=6
begin cleaner{left: ("[FunctionalDependency:(s: {brewery_id}, t: {state})]", 0.0), operator: *, right: (1.0, 1.0), result: 0.0}
列 'p' 不存在，对列 state 不过滤，直接选择所有非无效值。
Block processing time: 0.014565 seconds
Computing Block 336 out of 560
Processing Block size=2
begin cleaner{left: ("[FunctionalDependency:(s: {brewery_id}, t: {state})]", 0.0), operator: *, right: (1.0, 1.0), result: 0.0}
列 'p' 不存在，对列 state 不过滤，直接选择所有非无效值。
Block processing time: 0.005292 seconds
Computing Block 338 out of 560
Processing Block size=12
begin cleaner{left: ("[FunctionalDependency:(s: {brewery_id}, t: {state})]", 0.0), operator: *, right: (1.0, 1.0), result: 0.0}
列 'p' 不存在，对列 state 不过滤，直接选择所有非无效值。
Block processing time: 0.028588 seconds
Computing Block 339 out of 560
Processing Block size=9
begin cleaner{left: ("[FunctionalDependency:(s: {brewery_id}, t: {state})]", 0.0), operator: *, right: (1.0, 1.0), result: 0.0}
列 'p' 不存在，对列 state 不过滤，直接选择所有非无效值。
Block processing time: 0.021998 seconds
Computing Block 341 out of 560
Processing Block size=15
begin cleaner{left: ("[FunctionalDependency:(s: {brewery_id}, t: {state})]", 0.0), operator: *, right: (1.0, 1.0), result: 0.0}
列 'p' 不存在，对列 state 不过滤，直接选择所有非无效值。
Block processing time: 0.03558 seconds
Computing Block 342 out of 560
Processing Block size=9
begin cleaner{left: ("[FunctionalDependency:(s: {brewery_id}, t: {state})]", 0.0), operator: *, right: (1.0, 1.0), result: 0.0}
列 'p' 不存在，对列 state 不过滤，直接选择所有非无效值。
Block processing time: 0.021735 seconds
Computing Block 343 out of 560
Processing Block size=2
begin cleaner{left: ("[FunctionalDependency:(s: {brewery_id}, t: {state})]", 0.0), operator: *, right: (1.0, 1.0), result: 0.0}
列 'p' 不存在，对列 state 不过滤，直接选择所有非无效值。
Block processing time: 0.005287 seconds
Computing Block 346 out of 560
Processing Block size=3
begin cleaner{left: ("[FunctionalDependency:(s: {brewery_id}, t: {state})]", 0.0), operator: *, right: (1.0, 1.0), result: 0.0}
列 'p' 不存在，对列 state 不过滤，直接选择所有非无效值。
Block processing time: 0.007744 seconds
Computing Block 347 out of 560
Processing Block size=2
begin cleaner{left: ("[FunctionalDependency:(s: {brewery_id}, t: {state})]", 0.0), operator: *, right: (1.0, 1.0), result: 0.0}
列 'p' 不存在，对列 state 不过滤，直接选择所有非无效值。
Block processing time: 0.005342 seconds
Computing Block 348 out of 560
Processing Block size=4
begin cleaner{left: ("[FunctionalDependency:(s: {brewery_id}, t: {state})]", 0.0), operator: *, right: (1.0, 1.0), result: 0.0}
列 'p' 不存在，对列 state 不过滤，直接选择所有非无效值。
Block processing time: 0.00989 seconds
Computing Block 351 out of 560
Processing Block size=6
begin cleaner{left: ("[FunctionalDependency:(s: {brewery_id}, t: {state})]", 0.0), operator: *, right: (1.0, 1.0), result: 0.0}
列 'p' 不存在，对列 state 不过滤，直接选择所有非无效值。
Block processing time: 0.014686 seconds
Computing Block 352 out of 560
Processing Block size=2
begin cleaner{left: ("[FunctionalDependency:(s: {brewery_id}, t: {state})]", 0.0), operator: *, right: (1.0, 1.0), result: 0.0}
列 'p' 不存在，对列 state 不过滤，直接选择所有非无效值。
Block processing time: 0.005319 seconds
Computing Block 354 out of 560
Processing Block size=2
begin cleaner{left: ("[FunctionalDependency:(s: {brewery_id}, t: {state})]", 0.0), operator: *, right: (1.0, 1.0), result: 0.0}
列 'p' 不存在，对列 state 不过滤，直接选择所有非无效值。
Block processing time: 0.005305 seconds
Computing Block 355 out of 560
Processing Block size=2
begin cleaner{left: ("[FunctionalDependency:(s: {brewery_id}, t: {state})]", 0.0), operator: *, right: (1.0, 1.0), result: 0.0}
列 'p' 不存在，对列 state 不过滤，直接选择所有非无效值。
Block processing time: 0.005313 seconds
Computing Block 356 out of 560
Processing Block size=4
begin cleaner{left: ("[FunctionalDependency:(s: {brewery_id}, t: {state})]", 0.0), operator: *, right: (1.0, 1.0), result: 0.0}
列 'p' 不存在，对列 state 不过滤，直接选择所有非无效值。
Block processing time: 0.010532 seconds
Computing Block 357 out of 560
Processing Block size=4
begin cleaner{left: ("[FunctionalDependency:(s: {brewery_id}, t: {state})]", 0.0), operator: *, right: (1.0, 1.0), result: 0.0}
列 'p' 不存在，对列 state 不过滤，直接选择所有非无效值。
Block processing time: 0.009971 seconds
Computing Block 358 out of 560
Processing Block size=3
begin cleaner{left: ("[FunctionalDependency:(s: {brewery_id}, t: {state})]", 0.0), operator: *, right: (1.0, 1.0), result: 0.0}
列 'p' 不存在，对列 state 不过滤，直接选择所有非无效值。
Block processing time: 0.00766 seconds
Computing Block 360 out of 560
Processing Block size=2
begin cleaner{left: ("[FunctionalDependency:(s: {brewery_id}, t: {state})]", 0.0), operator: *, right: (1.0, 1.0), result: 0.0}
列 'p' 不存在，对列 state 不过滤，直接选择所有非无效值。
Block processing time: 0.005261 seconds
Computing Block 361 out of 560
Processing Block size=7
begin cleaner{left: ("[FunctionalDependency:(s: {brewery_id}, t: {state})]", 0.0), operator: *, right: (1.0, 1.0), result: 0.0}
列 'p' 不存在，对列 state 不过滤，直接选择所有非无效值。
Block processing time: 0.017784 seconds
Computing Block 362 out of 560
Processing Block size=12
begin cleaner{left: ("[FunctionalDependency:(s: {brewery_id}, t: {state})]", 0.0), operator: *, right: (1.0, 1.0), result: 0.0}
列 'p' 不存在，对列 state 不过滤，直接选择所有非无效值。
Block processing time: 0.031437 seconds
Computing Block 364 out of 560
Processing Block size=22
begin cleaner{left: ("[FunctionalDependency:(s: {brewery_id}, t: {state})]", 0.0), operator: *, right: (1.0, 1.0), result: 0.0}
列 'p' 不存在，对列 state 不过滤，直接选择所有非无效值。
Block processing time: 0.054019 seconds
Computing Block 365 out of 560
Processing Block size=10
begin cleaner{left: ("[FunctionalDependency:(s: {brewery_id}, t: {state})]", 0.0), operator: *, right: (1.0, 1.0), result: 0.0}
列 'p' 不存在，对列 state 不过滤，直接选择所有非无效值。
Block processing time: 0.025282 seconds
Computing Block 366 out of 560
Processing Block size=3
begin cleaner{left: ("[FunctionalDependency:(s: {brewery_id}, t: {state})]", 0.0), operator: *, right: (1.0, 1.0), result: 0.0}
列 'p' 不存在，对列 state 不过滤，直接选择所有非无效值。
Block processing time: 0.007921 seconds
Computing Block 367 out of 560
Processing Block size=8
begin cleaner{left: ("[FunctionalDependency:(s: {brewery_id}, t: {state})]", 0.0), operator: *, right: (1.0, 1.0), result: 0.0}
列 'p' 不存在，对列 state 不过滤，直接选择所有非无效值。
Block processing time: 0.020375 seconds
Computing Block 368 out of 560
Processing Block size=3
begin cleaner{left: ("[FunctionalDependency:(s: {brewery_id}, t: {state})]", 0.0), operator: *, right: (1.0, 1.0), result: 0.0}
列 'p' 不存在，对列 state 不过滤，直接选择所有非无效值。
Block processing time: 0.008282 seconds
Computing Block 370 out of 560
Processing Block size=4
begin cleaner{left: ("[FunctionalDependency:(s: {brewery_id}, t: {state})]", 0.0), operator: *, right: (1.0, 1.0), result: 0.0}
列 'p' 不存在，对列 state 不过滤，直接选择所有非无效值。
Block processing time: 0.010567 seconds
Computing Block 371 out of 560
Processing Block size=4
begin cleaner{left: ("[FunctionalDependency:(s: {brewery_id}, t: {state})]", 0.0), operator: *, right: (1.0, 1.0), result: 0.0}
列 'p' 不存在，对列 state 不过滤，直接选择所有非无效值。
Block processing time: 0.010166 seconds
Computing Block 372 out of 560
Processing Block size=5
begin cleaner{left: ("[FunctionalDependency:(s: {brewery_id}, t: {state})]", 0.0), operator: *, right: (1.0, 1.0), result: 0.0}
列 'p' 不存在，对列 state 不过滤，直接选择所有非无效值。
Block processing time: 0.012518 seconds
Computing Block 373 out of 560
Processing Block size=3
begin cleaner{left: ("[FunctionalDependency:(s: {brewery_id}, t: {state})]", 0.0), operator: *, right: (1.0, 1.0), result: 0.0}
列 'p' 不存在，对列 state 不过滤，直接选择所有非无效值。
Block processing time: 0.007791 seconds
Computing Block 374 out of 560
Processing Block size=5
begin cleaner{left: ("[FunctionalDependency:(s: {brewery_id}, t: {state})]", 0.0), operator: *, right: (1.0, 1.0), result: 0.0}
列 'p' 不存在，对列 state 不过滤，直接选择所有非无效值。
Block processing time: 0.012461 seconds
Computing Block 375 out of 560
Processing Block size=2
begin cleaner{left: ("[FunctionalDependency:(s: {brewery_id}, t: {state})]", 0.0), operator: *, right: (1.0, 1.0), result: 0.0}
列 'p' 不存在，对列 state 不过滤，直接选择所有非无效值。
Block processing time: 0.005332 seconds
Computing Block 376 out of 560
Processing Block size=2
begin cleaner{left: ("[FunctionalDependency:(s: {brewery_id}, t: {state})]", 0.0), operator: *, right: (1.0, 1.0), result: 0.0}
列 'p' 不存在，对列 state 不过滤，直接选择所有非无效值。
Block processing time: 0.005395 seconds
Computing Block 378 out of 560
Processing Block size=2
begin cleaner{left: ("[FunctionalDependency:(s: {brewery_id}, t: {state})]", 0.0), operator: *, right: (1.0, 1.0), result: 0.0}
列 'p' 不存在，对列 state 不过滤，直接选择所有非无效值。
Block processing time: 0.005388 seconds
Computing Block 379 out of 560
Processing Block size=4
begin cleaner{left: ("[FunctionalDependency:(s: {brewery_id}, t: {state})]", 0.0), operator: *, right: (1.0, 1.0), result: 0.0}
列 'p' 不存在，对列 state 不过滤，直接选择所有非无效值。
Block processing time: 0.0101 seconds
Computing Block 380 out of 560
Processing Block size=7
begin cleaner{left: ("[FunctionalDependency:(s: {brewery_id}, t: {state})]", 0.0), operator: *, right: (1.0, 1.0), result: 0.0}
列 'p' 不存在，对列 state 不过滤，直接选择所有非无效值。
Block processing time: 0.017615 seconds
Computing Block 381 out of 560
Processing Block size=19
begin cleaner{left: ("[FunctionalDependency:(s: {brewery_id}, t: {state})]", 0.0), operator: *, right: (1.0, 1.0), result: 0.0}
列 'p' 不存在，对列 state 不过滤，直接选择所有非无效值。
Block processing time: 0.044803 seconds
Computing Block 382 out of 560
Processing Block size=3
begin cleaner{left: ("[FunctionalDependency:(s: {brewery_id}, t: {state})]", 0.0), operator: *, right: (1.0, 1.0), result: 0.0}
列 'p' 不存在，对列 state 不过滤，直接选择所有非无效值。
Block processing time: 0.007719 seconds
Computing Block 383 out of 560
Processing Block size=2
begin cleaner{left: ("[FunctionalDependency:(s: {brewery_id}, t: {state})]", 0.0), operator: *, right: (1.0, 1.0), result: 0.0}
列 'p' 不存在，对列 state 不过滤，直接选择所有非无效值。
Block processing time: 0.005327 seconds
Computing Block 384 out of 560
Processing Block size=3
begin cleaner{left: ("[FunctionalDependency:(s: {brewery_id}, t: {state})]", 0.0), operator: *, right: (1.0, 1.0), result: 0.0}
列 'p' 不存在，对列 state 不过滤，直接选择所有非无效值。
Block processing time: 0.007699 seconds
Computing Block 385 out of 560
Processing Block size=2
begin cleaner{left: ("[FunctionalDependency:(s: {brewery_id}, t: {state})]", 0.0), operator: *, right: (1.0, 1.0), result: 0.0}
列 'p' 不存在，对列 state 不过滤，直接选择所有非无效值。
Block processing time: 0.00532 seconds
Computing Block 386 out of 560
Processing Block size=4
begin cleaner{left: ("[FunctionalDependency:(s: {brewery_id}, t: {state})]", 0.0), operator: *, right: (1.0, 1.0), result: 0.0}
列 'p' 不存在，对列 state 不过滤，直接选择所有非无效值。
Block processing time: 0.009922 seconds
Computing Block 387 out of 560
Processing Block size=4
begin cleaner{left: ("[FunctionalDependency:(s: {brewery_id}, t: {state})]", 0.0), operator: *, right: (1.0, 1.0), result: 0.0}
列 'p' 不存在，对列 state 不过滤，直接选择所有非无效值。
Block processing time: 0.010014 seconds
Computing Block 388 out of 560
Processing Block size=3
begin cleaner{left: ("[FunctionalDependency:(s: {brewery_id}, t: {state})]", 0.0), operator: *, right: (1.0, 1.0), result: 0.0}
列 'p' 不存在，对列 state 不过滤，直接选择所有非无效值。
Block processing time: 0.007665 seconds
Computing Block 389 out of 560
Processing Block size=4
begin cleaner{left: ("[FunctionalDependency:(s: {brewery_id}, t: {state})]", 0.0), operator: *, right: (1.0, 1.0), result: 0.0}
列 'p' 不存在，对列 state 不过滤，直接选择所有非无效值。
Block processing time: 0.010165 seconds
Computing Block 390 out of 560
Processing Block size=3
begin cleaner{left: ("[FunctionalDependency:(s: {brewery_id}, t: {state})]", 0.0), operator: *, right: (1.0, 1.0), result: 0.0}
列 'p' 不存在，对列 state 不过滤，直接选择所有非无效值。
Block processing time: 0.007619 seconds
Computing Block 391 out of 560
Processing Block size=2
begin cleaner{left: ("[FunctionalDependency:(s: {brewery_id}, t: {state})]", 0.0), operator: *, right: (1.0, 1.0), result: 0.0}
列 'p' 不存在，对列 state 不过滤，直接选择所有非无效值。
Block processing time: 0.00526 seconds
Computing Block 392 out of 560
Processing Block size=2
begin cleaner{left: ("[FunctionalDependency:(s: {brewery_id}, t: {state})]", 0.0), operator: *, right: (1.0, 1.0), result: 0.0}
列 'p' 不存在，对列 state 不过滤，直接选择所有非无效值。
Block processing time: 0.005283 seconds
Computing Block 393 out of 560
Processing Block size=3
begin cleaner{left: ("[FunctionalDependency:(s: {brewery_id}, t: {state})]", 0.0), operator: *, right: (1.0, 1.0), result: 0.0}
列 'p' 不存在，对列 state 不过滤，直接选择所有非无效值。
Block processing time: 0.007692 seconds
Computing Block 394 out of 560
Processing Block size=7
begin cleaner{left: ("[FunctionalDependency:(s: {brewery_id}, t: {state})]", 0.0), operator: *, right: (1.0, 1.0), result: 0.0}
列 'p' 不存在，对列 state 不过滤，直接选择所有非无效值。
Block processing time: 0.016992 seconds
Computing Block 397 out of 560
Processing Block size=3
begin cleaner{left: ("[FunctionalDependency:(s: {brewery_id}, t: {state})]", 0.0), operator: *, right: (1.0, 1.0), result: 0.0}
列 'p' 不存在，对列 state 不过滤，直接选择所有非无效值。
Block processing time: 0.008115 seconds
Computing Block 398 out of 560
Processing Block size=12
begin cleaner{left: ("[FunctionalDependency:(s: {brewery_id}, t: {state})]", 0.0), operator: *, right: (1.0, 1.0), result: 0.0}
列 'p' 不存在，对列 state 不过滤，直接选择所有非无效值。
Block processing time: 0.028787 seconds
Computing Block 399 out of 560
Processing Block size=10
begin cleaner{left: ("[FunctionalDependency:(s: {brewery_id}, t: {state})]", 0.0), operator: *, right: (1.0, 1.0), result: 0.0}
列 'p' 不存在，对列 state 不过滤，直接选择所有非无效值。
Block processing time: 0.025489 seconds
Computing Block 400 out of 560
Processing Block size=4
begin cleaner{left: ("[FunctionalDependency:(s: {brewery_id}, t: {state})]", 0.0), operator: *, right: (1.0, 1.0), result: 0.0}
列 'p' 不存在，对列 state 不过滤，直接选择所有非无效值。
Block processing time: 0.010762 seconds
Computing Block 401 out of 560
Processing Block size=2
begin cleaner{left: ("[FunctionalDependency:(s: {brewery_id}, t: {state})]", 0.0), operator: *, right: (1.0, 1.0), result: 0.0}
列 'p' 不存在，对列 state 不过滤，直接选择所有非无效值。
Block processing time: 0.005823 seconds
Computing Block 402 out of 560
Processing Block size=8
begin cleaner{left: ("[FunctionalDependency:(s: {brewery_id}, t: {state})]", 0.0), operator: *, right: (1.0, 1.0), result: 0.0}
列 'p' 不存在，对列 state 不过滤，直接选择所有非无效值。
Block processing time: 0.019503 seconds
Computing Block 403 out of 560
Processing Block size=4
begin cleaner{left: ("[FunctionalDependency:(s: {brewery_id}, t: {state})]", 0.0), operator: *, right: (1.0, 1.0), result: 0.0}
列 'p' 不存在，对列 state 不过滤，直接选择所有非无效值。
Block processing time: 0.010613 seconds
Computing Block 405 out of 560
Processing Block size=5
begin cleaner{left: ("[FunctionalDependency:(s: {brewery_id}, t: {state})]", 0.0), operator: *, right: (1.0, 1.0), result: 0.0}
列 'p' 不存在，对列 state 不过滤，直接选择所有非无效值。
Block processing time: 0.012334 seconds
Computing Block 406 out of 560
Processing Block size=3
begin cleaner{left: ("[FunctionalDependency:(s: {brewery_id}, t: {state})]", 0.0), operator: *, right: (1.0, 1.0), result: 0.0}
列 'p' 不存在，对列 state 不过滤，直接选择所有非无效值。
Block processing time: 0.007654 seconds
Computing Block 408 out of 560
Processing Block size=2
begin cleaner{left: ("[FunctionalDependency:(s: {brewery_id}, t: {state})]", 0.0), operator: *, right: (1.0, 1.0), result: 0.0}
列 'p' 不存在，对列 state 不过滤，直接选择所有非无效值。
Block processing time: 0.005322 seconds
Computing Block 409 out of 560
Processing Block size=5
begin cleaner{left: ("[FunctionalDependency:(s: {brewery_id}, t: {state})]", 0.0), operator: *, right: (1.0, 1.0), result: 0.0}
列 'p' 不存在，对列 state 不过滤，直接选择所有非无效值。
Block processing time: 0.012217 seconds
Computing Block 410 out of 560
Processing Block size=2
begin cleaner{left: ("[FunctionalDependency:(s: {brewery_id}, t: {state})]", 0.0), operator: *, right: (1.0, 1.0), result: 0.0}
列 'p' 不存在，对列 state 不过滤，直接选择所有非无效值。
Block processing time: 0.005344 seconds
Computing Block 411 out of 560
Processing Block size=3
begin cleaner{left: ("[FunctionalDependency:(s: {brewery_id}, t: {state})]", 0.0), operator: *, right: (1.0, 1.0), result: 0.0}
列 'p' 不存在，对列 state 不过滤，直接选择所有非无效值。
Block processing time: 0.007857 seconds
Computing Block 412 out of 560
Processing Block size=4
begin cleaner{left: ("[FunctionalDependency:(s: {brewery_id}, t: {state})]", 0.0), operator: *, right: (1.0, 1.0), result: 0.0}
列 'p' 不存在，对列 state 不过滤，直接选择所有非无效值。
Block processing time: 0.009987 seconds
Computing Block 413 out of 560
Processing Block size=5
begin cleaner{left: ("[FunctionalDependency:(s: {brewery_id}, t: {state})]", 0.0), operator: *, right: (1.0, 1.0), result: 0.0}
列 'p' 不存在，对列 state 不过滤，直接选择所有非无效值。
Block processing time: 0.012345 seconds
Computing Block 414 out of 560
Processing Block size=4
begin cleaner{left: ("[FunctionalDependency:(s: {brewery_id}, t: {state})]", 0.0), operator: *, right: (1.0, 1.0), result: 0.0}
列 'p' 不存在，对列 state 不过滤，直接选择所有非无效值。
Block processing time: 0.010007 seconds
Computing Block 415 out of 560
Processing Block size=4
begin cleaner{left: ("[FunctionalDependency:(s: {brewery_id}, t: {state})]", 0.0), operator: *, right: (1.0, 1.0), result: 0.0}
列 'p' 不存在，对列 state 不过滤，直接选择所有非无效值。
Block processing time: 0.010052 seconds
Computing Block 416 out of 560
Processing Block size=2
begin cleaner{left: ("[FunctionalDependency:(s: {brewery_id}, t: {state})]", 0.0), operator: *, right: (1.0, 1.0), result: 0.0}
列 'p' 不存在，对列 state 不过滤，直接选择所有非无效值。
Block processing time: 0.00556 seconds
Computing Block 417 out of 560
Processing Block size=2
begin cleaner{left: ("[FunctionalDependency:(s: {brewery_id}, t: {state})]", 0.0), operator: *, right: (1.0, 1.0), result: 0.0}
列 'p' 不存在，对列 state 不过滤，直接选择所有非无效值。
Block processing time: 0.00543 seconds
Computing Block 418 out of 560
Processing Block size=5
begin cleaner{left: ("[FunctionalDependency:(s: {brewery_id}, t: {state})]", 0.0), operator: *, right: (1.0, 1.0), result: 0.0}
列 'p' 不存在，对列 state 不过滤，直接选择所有非无效值。
Block processing time: 0.013494 seconds
Computing Block 420 out of 560
Processing Block size=5
begin cleaner{left: ("[FunctionalDependency:(s: {brewery_id}, t: {state})]", 0.0), operator: *, right: (1.0, 1.0), result: 0.0}
列 'p' 不存在，对列 state 不过滤，直接选择所有非无效值。
Block processing time: 0.013639 seconds
Computing Block 421 out of 560
Processing Block size=2
begin cleaner{left: ("[FunctionalDependency:(s: {brewery_id}, t: {state})]", 0.0), operator: *, right: (1.0, 1.0), result: 0.0}
列 'p' 不存在，对列 state 不过滤，直接选择所有非无效值。
Block processing time: 0.005712 seconds
Computing Block 422 out of 560
Processing Block size=2
begin cleaner{left: ("[FunctionalDependency:(s: {brewery_id}, t: {state})]", 0.0), operator: *, right: (1.0, 1.0), result: 0.0}
列 'p' 不存在，对列 state 不过滤，直接选择所有非无效值。
Block processing time: 0.005638 seconds
Computing Block 423 out of 560
Processing Block size=3
begin cleaner{left: ("[FunctionalDependency:(s: {brewery_id}, t: {state})]", 0.0), operator: *, right: (1.0, 1.0), result: 0.0}
列 'p' 不存在，对列 state 不过滤，直接选择所有非无效值。
Block processing time: 0.00806 seconds
Computing Block 424 out of 560
Processing Block size=5
begin cleaner{left: ("[FunctionalDependency:(s: {brewery_id}, t: {state})]", 0.0), operator: *, right: (1.0, 1.0), result: 0.0}
列 'p' 不存在，对列 state 不过滤，直接选择所有非无效值。
Block processing time: 0.01223 seconds
Computing Block 425 out of 560
Processing Block size=2
begin cleaner{left: ("[FunctionalDependency:(s: {brewery_id}, t: {state})]", 0.0), operator: *, right: (1.0, 1.0), result: 0.0}
列 'p' 不存在，对列 state 不过滤，直接选择所有非无效值。
Block processing time: 0.005354 seconds
Computing Block 426 out of 560
Processing Block size=4
begin cleaner{left: ("[FunctionalDependency:(s: {brewery_id}, t: {state})]", 0.0), operator: *, right: (1.0, 1.0), result: 0.0}
列 'p' 不存在，对列 state 不过滤，直接选择所有非无效值。
Block processing time: 0.009887 seconds
Computing Block 427 out of 560
Processing Block size=4
begin cleaner{left: ("[FunctionalDependency:(s: {brewery_id}, t: {state})]", 0.0), operator: *, right: (1.0, 1.0), result: 0.0}
列 'p' 不存在，对列 state 不过滤，直接选择所有非无效值。
Block processing time: 0.010024 seconds
Computing Block 428 out of 560
Processing Block size=2
begin cleaner{left: ("[FunctionalDependency:(s: {brewery_id}, t: {state})]", 0.0), operator: *, right: (1.0, 1.0), result: 0.0}
列 'p' 不存在，对列 state 不过滤，直接选择所有非无效值。
Block processing time: 0.005478 seconds
Computing Block 430 out of 560
Processing Block size=3
begin cleaner{left: ("[FunctionalDependency:(s: {brewery_id}, t: {state})]", 0.0), operator: *, right: (1.0, 1.0), result: 0.0}
列 'p' 不存在，对列 state 不过滤，直接选择所有非无效值。
Block processing time: 0.008331 seconds
Computing Block 431 out of 560
Processing Block size=7
begin cleaner{left: ("[FunctionalDependency:(s: {brewery_id}, t: {state})]", 0.0), operator: *, right: (1.0, 1.0), result: 0.0}
列 'p' 不存在，对列 state 不过滤，直接选择所有非无效值。
Block processing time: 0.017614 seconds
Computing Block 432 out of 560
Processing Block size=2
begin cleaner{left: ("[FunctionalDependency:(s: {brewery_id}, t: {state})]", 0.0), operator: *, right: (1.0, 1.0), result: 0.0}
列 'p' 不存在，对列 state 不过滤，直接选择所有非无效值。
Block processing time: 0.005321 seconds
Computing Block 433 out of 560
Processing Block size=10
begin cleaner{left: ("[FunctionalDependency:(s: {brewery_id}, t: {state})]", 0.0), operator: *, right: (1.0, 1.0), result: 0.0}
列 'p' 不存在，对列 state 不过滤，直接选择所有非无效值。
Block processing time: 0.02425 seconds
Computing Block 434 out of 560
Processing Block size=2
begin cleaner{left: ("[FunctionalDependency:(s: {brewery_id}, t: {state})]", 0.0), operator: *, right: (1.0, 1.0), result: 0.0}
列 'p' 不存在，对列 state 不过滤，直接选择所有非无效值。
Block processing time: 0.005312 seconds
Computing Block 436 out of 560
Processing Block size=12
begin cleaner{left: ("[FunctionalDependency:(s: {brewery_id}, t: {state})]", 0.0), operator: *, right: (1.0, 1.0), result: 0.0}
列 'p' 不存在，对列 state 不过滤，直接选择所有非无效值。
Block processing time: 0.028979 seconds
Computing Block 437 out of 560
Processing Block size=4
begin cleaner{left: ("[FunctionalDependency:(s: {brewery_id}, t: {state})]", 0.0), operator: *, right: (1.0, 1.0), result: 0.0}
列 'p' 不存在，对列 state 不过滤，直接选择所有非无效值。
Block processing time: 0.010187 seconds
Computing Block 438 out of 560
Processing Block size=4
begin cleaner{left: ("[FunctionalDependency:(s: {brewery_id}, t: {state})]", 0.0), operator: *, right: (1.0, 1.0), result: 0.0}
列 'p' 不存在，对列 state 不过滤，直接选择所有非无效值。
Block processing time: 0.01013 seconds
Computing Block 439 out of 560
Processing Block size=4
begin cleaner{left: ("[FunctionalDependency:(s: {brewery_id}, t: {state})]", 0.0), operator: *, right: (1.0, 1.0), result: 0.0}
列 'p' 不存在，对列 state 不过滤，直接选择所有非无效值。
Block processing time: 0.010098 seconds
Computing Block 440 out of 560
Processing Block size=2
begin cleaner{left: ("[FunctionalDependency:(s: {brewery_id}, t: {state})]", 0.0), operator: *, right: (1.0, 1.0), result: 0.0}
列 'p' 不存在，对列 state 不过滤，直接选择所有非无效值。
Block processing time: 0.005388 seconds
Computing Block 441 out of 560
Processing Block size=2
begin cleaner{left: ("[FunctionalDependency:(s: {brewery_id}, t: {state})]", 0.0), operator: *, right: (1.0, 1.0), result: 0.0}
列 'p' 不存在，对列 state 不过滤，直接选择所有非无效值。
Block processing time: 0.005331 seconds
Computing Block 442 out of 560
Processing Block size=5
begin cleaner{left: ("[FunctionalDependency:(s: {brewery_id}, t: {state})]", 0.0), operator: *, right: (1.0, 1.0), result: 0.0}
列 'p' 不存在，对列 state 不过滤，直接选择所有非无效值。
Block processing time: 0.012496 seconds
Computing Block 443 out of 560
Processing Block size=6
begin cleaner{left: ("[FunctionalDependency:(s: {brewery_id}, t: {state})]", 0.0), operator: *, right: (1.0, 1.0), result: 0.0}
列 'p' 不存在，对列 state 不过滤，直接选择所有非无效值。
Block processing time: 0.014849 seconds
Computing Block 445 out of 560
Processing Block size=6
begin cleaner{left: ("[FunctionalDependency:(s: {brewery_id}, t: {state})]", 0.0), operator: *, right: (1.0, 1.0), result: 0.0}
列 'p' 不存在，对列 state 不过滤，直接选择所有非无效值。
Block processing time: 0.014694 seconds
Computing Block 446 out of 560
Processing Block size=2
begin cleaner{left: ("[FunctionalDependency:(s: {brewery_id}, t: {state})]", 0.0), operator: *, right: (1.0, 1.0), result: 0.0}
列 'p' 不存在，对列 state 不过滤，直接选择所有非无效值。
Block processing time: 0.005276 seconds
Computing Block 448 out of 560
Processing Block size=6
begin cleaner{left: ("[FunctionalDependency:(s: {brewery_id}, t: {state})]", 0.0), operator: *, right: (1.0, 1.0), result: 0.0}
列 'p' 不存在，对列 state 不过滤，直接选择所有非无效值。
Block processing time: 0.014572 seconds
Computing Block 449 out of 560
Processing Block size=4
begin cleaner{left: ("[FunctionalDependency:(s: {brewery_id}, t: {state})]", 0.0), operator: *, right: (1.0, 1.0), result: 0.0}
列 'p' 不存在，对列 state 不过滤，直接选择所有非无效值。
Block processing time: 0.009965 seconds
Computing Block 450 out of 560
Processing Block size=6
begin cleaner{left: ("[FunctionalDependency:(s: {brewery_id}, t: {state})]", 0.0), operator: *, right: (1.0, 1.0), result: 0.0}
列 'p' 不存在，对列 state 不过滤，直接选择所有非无效值。
Block processing time: 0.015119 seconds
Computing Block 451 out of 560
Processing Block size=6
begin cleaner{left: ("[FunctionalDependency:(s: {brewery_id}, t: {state})]", 0.0), operator: *, right: (1.0, 1.0), result: 0.0}
列 'p' 不存在，对列 state 不过滤，直接选择所有非无效值。
Block processing time: 0.015101 seconds
Computing Block 452 out of 560
Processing Block size=6
begin cleaner{left: ("[FunctionalDependency:(s: {brewery_id}, t: {state})]", 0.0), operator: *, right: (1.0, 1.0), result: 0.0}
列 'p' 不存在，对列 state 不过滤，直接选择所有非无效值。
Block processing time: 0.014655 seconds
Computing Block 453 out of 560
Processing Block size=5
begin cleaner{left: ("[FunctionalDependency:(s: {brewery_id}, t: {state})]", 0.0), operator: *, right: (1.0, 1.0), result: 0.0}
列 'p' 不存在，对列 state 不过滤，直接选择所有非无效值。
Block processing time: 0.01231 seconds
Computing Block 454 out of 560
Processing Block size=4
begin cleaner{left: ("[FunctionalDependency:(s: {brewery_id}, t: {state})]", 0.0), operator: *, right: (1.0, 1.0), result: 0.0}
列 'p' 不存在，对列 state 不过滤，直接选择所有非无效值。
Block processing time: 0.01005 seconds
Computing Block 455 out of 560
Processing Block size=5
begin cleaner{left: ("[FunctionalDependency:(s: {brewery_id}, t: {state})]", 0.0), operator: *, right: (1.0, 1.0), result: 0.0}
列 'p' 不存在，对列 state 不过滤，直接选择所有非无效值。
Block processing time: 0.012258 seconds
Computing Block 456 out of 560
Processing Block size=2
begin cleaner{left: ("[FunctionalDependency:(s: {brewery_id}, t: {state})]", 0.0), operator: *, right: (1.0, 1.0), result: 0.0}
列 'p' 不存在，对列 state 不过滤，直接选择所有非无效值。
Block processing time: 0.005315 seconds
Computing Block 457 out of 560
Processing Block size=18
begin cleaner{left: ("[FunctionalDependency:(s: {brewery_id}, t: {state})]", 0.0), operator: *, right: (1.0, 1.0), result: 0.0}
列 'p' 不存在，对列 state 不过滤，直接选择所有非无效值。
Block processing time: 0.042286 seconds
Computing Block 459 out of 560
Processing Block size=14
begin cleaner{left: ("[FunctionalDependency:(s: {brewery_id}, t: {state})]", 0.0), operator: *, right: (1.0, 1.0), result: 0.0}
列 'p' 不存在，对列 state 不过滤，直接选择所有非无效值。
Block processing time: 0.033114 seconds
Computing Block 460 out of 560
Processing Block size=15
begin cleaner{left: ("[FunctionalDependency:(s: {brewery_id}, t: {state})]", 0.0), operator: *, right: (1.0, 1.0), result: 0.0}
列 'p' 不存在，对列 state 不过滤，直接选择所有非无效值。
Block processing time: 0.035457 seconds
Computing Block 461 out of 560
Processing Block size=7
begin cleaner{left: ("[FunctionalDependency:(s: {brewery_id}, t: {state})]", 0.0), operator: *, right: (1.0, 1.0), result: 0.0}
列 'p' 不存在，对列 state 不过滤，直接选择所有非无效值。
Block processing time: 0.017005 seconds
Computing Block 462 out of 560
Processing Block size=4
begin cleaner{left: ("[FunctionalDependency:(s: {brewery_id}, t: {state})]", 0.0), operator: *, right: (1.0, 1.0), result: 0.0}
列 'p' 不存在，对列 state 不过滤，直接选择所有非无效值。
Block processing time: 0.009928 seconds
Computing Block 463 out of 560
Processing Block size=4
begin cleaner{left: ("[FunctionalDependency:(s: {brewery_id}, t: {state})]", 0.0), operator: *, right: (1.0, 1.0), result: 0.0}
列 'p' 不存在，对列 state 不过滤，直接选择所有非无效值。
Block processing time: 0.010017 seconds
Computing Block 464 out of 560
Processing Block size=2
begin cleaner{left: ("[FunctionalDependency:(s: {brewery_id}, t: {state})]", 0.0), operator: *, right: (1.0, 1.0), result: 0.0}
列 'p' 不存在，对列 state 不过滤，直接选择所有非无效值。
Block processing time: 0.005346 seconds
Computing Block 465 out of 560
Processing Block size=12
begin cleaner{left: ("[FunctionalDependency:(s: {brewery_id}, t: {state})]", 0.0), operator: *, right: (1.0, 1.0), result: 0.0}
列 'p' 不存在，对列 state 不过滤，直接选择所有非无效值。
Block processing time: 0.030049 seconds
Computing Block 466 out of 560
Processing Block size=25
begin cleaner{left: ("[FunctionalDependency:(s: {brewery_id}, t: {state})]", 0.0), operator: *, right: (1.0, 1.0), result: 0.0}
列 'p' 不存在，对列 state 不过滤，直接选择所有非无效值。
Block processing time: 0.060032 seconds
Computing Block 468 out of 560
Processing Block size=3
begin cleaner{left: ("[FunctionalDependency:(s: {brewery_id}, t: {state})]", 0.0), operator: *, right: (1.0, 1.0), result: 0.0}
列 'p' 不存在，对列 state 不过滤，直接选择所有非无效值。
Block processing time: 0.007961 seconds
Computing Block 470 out of 560
Processing Block size=2
begin cleaner{left: ("[FunctionalDependency:(s: {brewery_id}, t: {state})]", 0.0), operator: *, right: (1.0, 1.0), result: 0.0}
列 'p' 不存在，对列 state 不过滤，直接选择所有非无效值。
Block processing time: 0.005588 seconds
Computing Block 471 out of 560
Processing Block size=3
begin cleaner{left: ("[FunctionalDependency:(s: {brewery_id}, t: {state})]", 0.0), operator: *, right: (1.0, 1.0), result: 0.0}
列 'p' 不存在，对列 state 不过滤，直接选择所有非无效值。
Block processing time: 0.007915 seconds
Computing Block 473 out of 560
Processing Block size=4
begin cleaner{left: ("[FunctionalDependency:(s: {brewery_id}, t: {state})]", 0.0), operator: *, right: (1.0, 1.0), result: 0.0}
列 'p' 不存在，对列 state 不过滤，直接选择所有非无效值。
Block processing time: 0.010023 seconds
Computing Block 474 out of 560
Processing Block size=4
begin cleaner{left: ("[FunctionalDependency:(s: {brewery_id}, t: {state})]", 0.0), operator: *, right: (1.0, 1.0), result: 0.0}
列 'p' 不存在，对列 state 不过滤，直接选择所有非无效值。
Block processing time: 0.01067 seconds
Computing Block 476 out of 560
Processing Block size=2
begin cleaner{left: ("[FunctionalDependency:(s: {brewery_id}, t: {state})]", 0.0), operator: *, right: (1.0, 1.0), result: 0.0}
列 'p' 不存在，对列 state 不过滤，直接选择所有非无效值。
Block processing time: 0.005698 seconds
Computing Block 477 out of 560
Processing Block size=3
begin cleaner{left: ("[FunctionalDependency:(s: {brewery_id}, t: {state})]", 0.0), operator: *, right: (1.0, 1.0), result: 0.0}
列 'p' 不存在，对列 state 不过滤，直接选择所有非无效值。
Block processing time: 0.007708 seconds
Computing Block 478 out of 560
Processing Block size=2
begin cleaner{left: ("[FunctionalDependency:(s: {brewery_id}, t: {state})]", 0.0), operator: *, right: (1.0, 1.0), result: 0.0}
列 'p' 不存在，对列 state 不过滤，直接选择所有非无效值。
Block processing time: 0.005266 seconds
Computing Block 479 out of 560
Processing Block size=2
begin cleaner{left: ("[FunctionalDependency:(s: {brewery_id}, t: {state})]", 0.0), operator: *, right: (1.0, 1.0), result: 0.0}
列 'p' 不存在，对列 state 不过滤，直接选择所有非无效值。
Block processing time: 0.0053 seconds
Computing Block 480 out of 560
Processing Block size=2
begin cleaner{left: ("[FunctionalDependency:(s: {brewery_id}, t: {state})]", 0.0), operator: *, right: (1.0, 1.0), result: 0.0}
列 'p' 不存在，对列 state 不过滤，直接选择所有非无效值。
Block processing time: 0.005329 seconds
Computing Block 481 out of 560
Processing Block size=3
begin cleaner{left: ("[FunctionalDependency:(s: {brewery_id}, t: {state})]", 0.0), operator: *, right: (1.0, 1.0), result: 0.0}
列 'p' 不存在，对列 state 不过滤，直接选择所有非无效值。
Block processing time: 0.007604 seconds
Computing Block 483 out of 560
Processing Block size=2
begin cleaner{left: ("[FunctionalDependency:(s: {brewery_id}, t: {state})]", 0.0), operator: *, right: (1.0, 1.0), result: 0.0}
列 'p' 不存在，对列 state 不过滤，直接选择所有非无效值。
Block processing time: 0.005305 seconds
Computing Block 484 out of 560
Processing Block size=2
begin cleaner{left: ("[FunctionalDependency:(s: {brewery_id}, t: {state})]", 0.0), operator: *, right: (1.0, 1.0), result: 0.0}
列 'p' 不存在，对列 state 不过滤，直接选择所有非无效值。
Block processing time: 0.005354 seconds
Computing Block 485 out of 560
Processing Block size=2
begin cleaner{left: ("[FunctionalDependency:(s: {brewery_id}, t: {state})]", 0.0), operator: *, right: (1.0, 1.0), result: 0.0}
列 'p' 不存在，对列 state 不过滤，直接选择所有非无效值。
Block processing time: 0.005465 seconds
Computing Block 486 out of 560
Processing Block size=14
begin cleaner{left: ("[FunctionalDependency:(s: {brewery_id}, t: {state})]", 0.0), operator: *, right: (1.0, 1.0), result: 0.0}
列 'p' 不存在，对列 state 不过滤，直接选择所有非无效值。
Block processing time: 0.036668 seconds
Computing Block 487 out of 560
Processing Block size=2
begin cleaner{left: ("[FunctionalDependency:(s: {brewery_id}, t: {state})]", 0.0), operator: *, right: (1.0, 1.0), result: 0.0}
列 'p' 不存在，对列 state 不过滤，直接选择所有非无效值。
Block processing time: 0.005849 seconds
Computing Block 489 out of 560
Processing Block size=8
begin cleaner{left: ("[FunctionalDependency:(s: {brewery_id}, t: {state})]", 0.0), operator: *, right: (1.0, 1.0), result: 0.0}
列 'p' 不存在，对列 state 不过滤，直接选择所有非无效值。
Block processing time: 0.020962 seconds
Computing Block 491 out of 560
Processing Block size=7
begin cleaner{left: ("[FunctionalDependency:(s: {brewery_id}, t: {state})]", 0.0), operator: *, right: (1.0, 1.0), result: 0.0}
列 'p' 不存在，对列 state 不过滤，直接选择所有非无效值。
Block processing time: 0.017146 seconds
Computing Block 492 out of 560
Processing Block size=3
begin cleaner{left: ("[FunctionalDependency:(s: {brewery_id}, t: {state})]", 0.0), operator: *, right: (1.0, 1.0), result: 0.0}
列 'p' 不存在，对列 state 不过滤，直接选择所有非无效值。
Block processing time: 0.007763 seconds
Computing Block 493 out of 560
Processing Block size=8
begin cleaner{left: ("[FunctionalDependency:(s: {brewery_id}, t: {state})]", 0.0), operator: *, right: (1.0, 1.0), result: 0.0}
列 'p' 不存在，对列 state 不过滤，直接选择所有非无效值。
Block processing time: 0.019374 seconds
Computing Block 494 out of 560
Processing Block size=23
begin cleaner{left: ("[FunctionalDependency:(s: {brewery_id}, t: {state})]", 0.0), operator: *, right: (1.0, 1.0), result: 0.0}
列 'p' 不存在，对列 state 不过滤，直接选择所有非无效值。
Block processing time: 0.055637 seconds
Computing Block 495 out of 560
Processing Block size=5
begin cleaner{left: ("[FunctionalDependency:(s: {brewery_id}, t: {state})]", 0.0), operator: *, right: (1.0, 1.0), result: 0.0}
列 'p' 不存在，对列 state 不过滤，直接选择所有非无效值。
Block processing time: 0.012526 seconds
Computing Block 496 out of 560
Processing Block size=2
begin cleaner{left: ("[FunctionalDependency:(s: {brewery_id}, t: {state})]", 0.0), operator: *, right: (1.0, 1.0), result: 0.0}
列 'p' 不存在，对列 state 不过滤，直接选择所有非无效值。
Block processing time: 0.005299 seconds
Computing Block 497 out of 560
Processing Block size=2
begin cleaner{left: ("[FunctionalDependency:(s: {brewery_id}, t: {state})]", 0.0), operator: *, right: (1.0, 1.0), result: 0.0}
列 'p' 不存在，对列 state 不过滤，直接选择所有非无效值。
Block processing time: 0.005486 seconds
Computing Block 498 out of 560
Processing Block size=4
begin cleaner{left: ("[FunctionalDependency:(s: {brewery_id}, t: {state})]", 0.0), operator: *, right: (1.0, 1.0), result: 0.0}
列 'p' 不存在，对列 state 不过滤，直接选择所有非无效值。
Block processing time: 0.010429 seconds
Computing Block 499 out of 560
Processing Block size=3
begin cleaner{left: ("[FunctionalDependency:(s: {brewery_id}, t: {state})]", 0.0), operator: *, right: (1.0, 1.0), result: 0.0}
列 'p' 不存在，对列 state 不过滤，直接选择所有非无效值。
Block processing time: 0.008096 seconds
Computing Block 501 out of 560
Processing Block size=4
begin cleaner{left: ("[FunctionalDependency:(s: {brewery_id}, t: {state})]", 0.0), operator: *, right: (1.0, 1.0), result: 0.0}
列 'p' 不存在，对列 state 不过滤，直接选择所有非无效值。
Block processing time: 0.010051 seconds
Computing Block 504 out of 560
Processing Block size=2
begin cleaner{left: ("[FunctionalDependency:(s: {brewery_id}, t: {state})]", 0.0), operator: *, right: (1.0, 1.0), result: 0.0}
列 'p' 不存在，对列 state 不过滤，直接选择所有非无效值。
Block processing time: 0.005599 seconds
Computing Block 505 out of 560
Processing Block size=4
begin cleaner{left: ("[FunctionalDependency:(s: {brewery_id}, t: {state})]", 0.0), operator: *, right: (1.0, 1.0), result: 0.0}
列 'p' 不存在，对列 state 不过滤，直接选择所有非无效值。
Block processing time: 0.00996 seconds
Computing Block 507 out of 560
Processing Block size=4
begin cleaner{left: ("[FunctionalDependency:(s: {brewery_id}, t: {state})]", 0.0), operator: *, right: (1.0, 1.0), result: 0.0}
列 'p' 不存在，对列 state 不过滤，直接选择所有非无效值。
Block processing time: 0.01001 seconds
Computing Block 508 out of 560
Processing Block size=2
begin cleaner{left: ("[FunctionalDependency:(s: {brewery_id}, t: {state})]", 0.0), operator: *, right: (1.0, 1.0), result: 0.0}
列 'p' 不存在，对列 state 不过滤，直接选择所有非无效值。
Block processing time: 0.005337 seconds
Computing Block 509 out of 560
Processing Block size=4
begin cleaner{left: ("[FunctionalDependency:(s: {brewery_id}, t: {state})]", 0.0), operator: *, right: (1.0, 1.0), result: 0.0}
列 'p' 不存在，对列 state 不过滤，直接选择所有非无效值。
Block processing time: 0.010623 seconds
Computing Block 511 out of 560
Processing Block size=3
begin cleaner{left: ("[FunctionalDependency:(s: {brewery_id}, t: {state})]", 0.0), operator: *, right: (1.0, 1.0), result: 0.0}
列 'p' 不存在，对列 state 不过滤，直接选择所有非无效值。
Block processing time: 0.008171 seconds
Computing Block 512 out of 560
Processing Block size=3
begin cleaner{left: ("[FunctionalDependency:(s: {brewery_id}, t: {state})]", 0.0), operator: *, right: (1.0, 1.0), result: 0.0}
列 'p' 不存在，对列 state 不过滤，直接选择所有非无效值。
Block processing time: 0.00766 seconds
Computing Block 513 out of 560
Processing Block size=12
begin cleaner{left: ("[FunctionalDependency:(s: {brewery_id}, t: {state})]", 0.0), operator: *, right: (1.0, 1.0), result: 0.0}
列 'p' 不存在，对列 state 不过滤，直接选择所有非无效值。
Block processing time: 0.028623 seconds
Computing Block 514 out of 560
Processing Block size=8
begin cleaner{left: ("[FunctionalDependency:(s: {brewery_id}, t: {state})]", 0.0), operator: *, right: (1.0, 1.0), result: 0.0}
列 'p' 不存在，对列 state 不过滤，直接选择所有非无效值。
Block processing time: 0.019234 seconds
Computing Block 517 out of 560
Processing Block size=2
begin cleaner{left: ("[FunctionalDependency:(s: {brewery_id}, t: {state})]", 0.0), operator: *, right: (1.0, 1.0), result: 0.0}
列 'p' 不存在，对列 state 不过滤，直接选择所有非无效值。
Block processing time: 0.005345 seconds
Computing Block 519 out of 560
Processing Block size=3
begin cleaner{left: ("[FunctionalDependency:(s: {brewery_id}, t: {state})]", 0.0), operator: *, right: (1.0, 1.0), result: 0.0}
列 'p' 不存在，对列 state 不过滤，直接选择所有非无效值。
Block processing time: 0.007645 seconds
Computing Block 520 out of 560
Processing Block size=18
begin cleaner{left: ("[FunctionalDependency:(s: {brewery_id}, t: {state})]", 0.0), operator: *, right: (1.0, 1.0), result: 0.0}
列 'p' 不存在，对列 state 不过滤，直接选择所有非无效值。
Block processing time: 0.045077 seconds
Computing Block 523 out of 560
Processing Block size=5
begin cleaner{left: ("[FunctionalDependency:(s: {brewery_id}, t: {state})]", 0.0), operator: *, right: (1.0, 1.0), result: 0.0}
列 'p' 不存在，对列 state 不过滤，直接选择所有非无效值。
Block processing time: 0.013092 seconds
Computing Block 524 out of 560
Processing Block size=6
begin cleaner{left: ("[FunctionalDependency:(s: {brewery_id}, t: {state})]", 0.0), operator: *, right: (1.0, 1.0), result: 0.0}
列 'p' 不存在，对列 state 不过滤，直接选择所有非无效值。
Block processing time: 0.014739 seconds
Computing Block 525 out of 560
Processing Block size=12
begin cleaner{left: ("[FunctionalDependency:(s: {brewery_id}, t: {state})]", 0.0), operator: *, right: (1.0, 1.0), result: 0.0}
列 'p' 不存在，对列 state 不过滤，直接选择所有非无效值。
Block processing time: 0.029141 seconds
Computing Block 526 out of 560
Processing Block size=5
begin cleaner{left: ("[FunctionalDependency:(s: {brewery_id}, t: {state})]", 0.0), operator: *, right: (1.0, 1.0), result: 0.0}
列 'p' 不存在，对列 state 不过滤，直接选择所有非无效值。
Block processing time: 0.01274 seconds
Computing Block 527 out of 560
Processing Block size=5
begin cleaner{left: ("[FunctionalDependency:(s: {brewery_id}, t: {state})]", 0.0), operator: *, right: (1.0, 1.0), result: 0.0}
列 'p' 不存在，对列 state 不过滤，直接选择所有非无效值。
Block processing time: 0.012399 seconds
Computing Block 528 out of 560
Processing Block size=5
begin cleaner{left: ("[FunctionalDependency:(s: {brewery_id}, t: {state})]", 0.0), operator: *, right: (1.0, 1.0), result: 0.0}
列 'p' 不存在，对列 state 不过滤，直接选择所有非无效值。
Block processing time: 0.012337 seconds
Computing Block 529 out of 560
Processing Block size=3
begin cleaner{left: ("[FunctionalDependency:(s: {brewery_id}, t: {state})]", 0.0), operator: *, right: (1.0, 1.0), result: 0.0}
列 'p' 不存在，对列 state 不过滤，直接选择所有非无效值。
Block processing time: 0.007666 seconds
Computing Block 530 out of 560
Processing Block size=2
begin cleaner{left: ("[FunctionalDependency:(s: {brewery_id}, t: {state})]", 0.0), operator: *, right: (1.0, 1.0), result: 0.0}
列 'p' 不存在，对列 state 不过滤，直接选择所有非无效值。
Block processing time: 0.00552 seconds
Computing Block 534 out of 560
Processing Block size=3
begin cleaner{left: ("[FunctionalDependency:(s: {brewery_id}, t: {state})]", 0.0), operator: *, right: (1.0, 1.0), result: 0.0}
列 'p' 不存在，对列 state 不过滤，直接选择所有非无效值。
Block processing time: 0.007678 seconds
Computing Block 535 out of 560
Processing Block size=3
begin cleaner{left: ("[FunctionalDependency:(s: {brewery_id}, t: {state})]", 0.0), operator: *, right: (1.0, 1.0), result: 0.0}
列 'p' 不存在，对列 state 不过滤，直接选择所有非无效值。
Block processing time: 0.008025 seconds
Computing Block 536 out of 560
Processing Block size=3
begin cleaner{left: ("[FunctionalDependency:(s: {brewery_id}, t: {state})]", 0.0), operator: *, right: (1.0, 1.0), result: 0.0}
列 'p' 不存在，对列 state 不过滤，直接选择所有非无效值。
Block processing time: 0.00763 seconds
Computing Block 537 out of 560
Processing Block size=7
begin cleaner{left: ("[FunctionalDependency:(s: {brewery_id}, t: {state})]", 0.0), operator: *, right: (1.0, 1.0), result: 0.0}
列 'p' 不存在，对列 state 不过滤，直接选择所有非无效值。
Block processing time: 0.017661 seconds
Computing Block 538 out of 560
Processing Block size=3
begin cleaner{left: ("[FunctionalDependency:(s: {brewery_id}, t: {state})]", 0.0), operator: *, right: (1.0, 1.0), result: 0.0}
列 'p' 不存在，对列 state 不过滤，直接选择所有非无效值。
Block processing time: 0.007603 seconds
Computing Block 539 out of 560
Processing Block size=2
begin cleaner{left: ("[FunctionalDependency:(s: {brewery_id}, t: {state})]", 0.0), operator: *, right: (1.0, 1.0), result: 0.0}
列 'p' 不存在，对列 state 不过滤，直接选择所有非无效值。
Block processing time: 0.005377 seconds
Computing Block 540 out of 560
Processing Block size=3
begin cleaner{left: ("[FunctionalDependency:(s: {brewery_id}, t: {state})]", 0.0), operator: *, right: (1.0, 1.0), result: 0.0}
列 'p' 不存在，对列 state 不过滤，直接选择所有非无效值。
Block processing time: 0.007603 seconds
Computing Block 542 out of 560
Processing Block size=3
begin cleaner{left: ("[FunctionalDependency:(s: {brewery_id}, t: {state})]", 0.0), operator: *, right: (1.0, 1.0), result: 0.0}
列 'p' 不存在，对列 state 不过滤，直接选择所有非无效值。
Block processing time: 0.007673 seconds
Computing Block 543 out of 560
Processing Block size=2
begin cleaner{left: ("[FunctionalDependency:(s: {brewery_id}, t: {state})]", 0.0), operator: *, right: (1.0, 1.0), result: 0.0}
列 'p' 不存在，对列 state 不过滤，直接选择所有非无效值。
Block processing time: 0.005308 seconds
Computing Block 544 out of 560
Processing Block size=7
begin cleaner{left: ("[FunctionalDependency:(s: {brewery_id}, t: {state})]", 0.0), operator: *, right: (1.0, 1.0), result: 0.0}
列 'p' 不存在，对列 state 不过滤，直接选择所有非无效值。
Block processing time: 0.016856 seconds
Computing Block 546 out of 560
Processing Block size=4
begin cleaner{left: ("[FunctionalDependency:(s: {brewery_id}, t: {state})]", 0.0), operator: *, right: (1.0, 1.0), result: 0.0}
列 'p' 不存在，对列 state 不过滤，直接选择所有非无效值。
Block processing time: 0.009962 seconds
Computing Block 548 out of 560
Processing Block size=4
begin cleaner{left: ("[FunctionalDependency:(s: {brewery_id}, t: {state})]", 0.0), operator: *, right: (1.0, 1.0), result: 0.0}
列 'p' 不存在，对列 state 不过滤，直接选择所有非无效值。
Block processing time: 0.010022 seconds
Computing Block 549 out of 560
Processing Block size=2
begin cleaner{left: ("[FunctionalDependency:(s: {brewery_id}, t: {state})]", 0.0), operator: *, right: (1.0, 1.0), result: 0.0}
列 'p' 不存在，对列 state 不过滤，直接选择所有非无效值。
Block processing time: 0.005263 seconds------------------------------------------------------------
INFO:beers_uniclean_vzekai:------------------------------------------------------------
执行时间: 59.44 秒
INFO:beers_uniclean_vzekai:执行时间: 59.44 秒
执行状态: 成功
INFO:beers_uniclean_vzekai:执行状态: 成功
清洗器数量: 5
INFO:beers_uniclean_vzekai:清洗器数量: 5
真值使用成本: 0 (全自动)
INFO:beers_uniclean_vzekai:真值使用成本: 0 (全自动)

============================================================
INFO:beers_uniclean_vzekai:
============================================================
调用统一测评模块 getScoreML
INFO:beers_uniclean_vzekai:调用统一测评模块 getScoreML
============================================================
INFO:beers_uniclean_vzekai:============================================================
2026-01-31 01:26:24.138110: W tensorflow/compiler/xla/stream_executor/platform/default/dso_loader.cc:64] Could not load dynamic library 'libnvinfer.so.7'; dlerror: libnvinfer.so.7: cannot open shared object file: No such file or directory
2026-01-31 01:26:24.138173: W tensorflow/compiler/xla/stream_executor/platform/default/dso_loader.cc:64] Could not load dynamic library 'libnvinfer_plugin.so.7'; dlerror: libnvinfer_plugin.so.7: cannot open shared object file: No such file or directory
2026-01-31 01:26:24.138179: W tensorflow/compiler/tf2tensorrt/utils/py_utils.cc:38] TF-TRT Warning: Cannot dlopen some TensorRT libraries. If you would like to use Nvidia GPU with TensorRT, please make sure the missing libraries mentioned above are installed properly.
/home/qianzekai/miniconda3/envs/multibaseline/lib/python3.7/site-packages/sklearn/metrics/_classification.py:1245: UndefinedMetricWarning: Precision is ill-defined and being set to 0.0 in labels with no predicted samples. Use `zero_division` parameter to control this behavior.
  _warn_prf(average, modifier, msg_start, len(result))
/home/qianzekai/miniconda3/envs/multibaseline/lib/python3.7/site-packages/sklearn/metrics/_classification.py:1245: UndefinedMetricWarning: Recall is ill-defined and being set to 0.0 in labels with no true samples. Use `zero_division` parameter to control this behavior.
  _warn_prf(average, modifier, msg_start, len(result))
/home/qianzekai/miniconda3/envs/multibaseline/lib/python3.7/site-packages/sklearn/metrics/_classification.py:1245: UndefinedMetricWarning: Precision is ill-defined and being set to 0.0 in labels with no predicted samples. Use `zero_division` parameter to control this behavior.
  _warn_prf(average, modifier, msg_start, len(result))
/home/qianzekai/miniconda3/envs/multibaseline/lib/python3.7/site-packages/sklearn/metrics/_classification.py:1245: UndefinedMetricWarning: Recall is ill-defined and being set to 0.0 in labels with no true samples. Use `zero_division` parameter to control this behavior.
  _warn_prf(average, modifier, msg_start, len(result))
/home/qianzekai/miniconda3/envs/multibaseline/lib/python3.7/site-packages/sklearn/metrics/_classification.py:1245: UndefinedMetricWarning: Precision is ill-defined and being set to 0.0 in labels with no predicted samples. Use `zero_division` parameter to control this behavior.
  _warn_prf(average, modifier, msg_start, len(result))
/home/qianzekai/miniconda3/envs/multibaseline/lib/python3.7/site-packages/sklearn/metrics/_classification.py:1245: UndefinedMetricWarning: Precision is ill-defined and being set to 0.0 in labels with no predicted samples. Use `zero_division` parameter to control this behavior.
  _warn_prf(average, modifier, msg_start, len(result))
/home/qianzekai/miniconda3/envs/multibaseline/lib/python3.7/site-packages/sklearn/metrics/_classification.py:1245: UndefinedMetricWarning: Recall is ill-defined and being set to 0.0 in labels with no true samples. Use `zero_division` parameter to control this behavior.
  _warn_prf(average, modifier, msg_start, len(result))
/home/qianzekai/miniconda3/envs/multibaseline/lib/python3.7/site-packages/sklearn/metrics/_classification.py:1245: UndefinedMetricWarning: Precision is ill-defined and being set to 0.0 in labels with no predicted samples. Use `zero_division` parameter to control this behavior.
  _warn_prf(average, modifier, msg_start, len(result))
/home/qianzekai/miniconda3/envs/multibaseline/lib/python3.7/site-packages/sklearn/metrics/_classification.py:1245: UndefinedMetricWarning: Recall is ill-defined and being set to 0.0 in labels with no true samples. Use `zero_division` parameter to control this behavior.
  _warn_prf(average, modifier, msg_start, len(result))
/home/qianzekai/miniconda3/envs/multibaseline/lib/python3.7/site-packages/sklearn/metrics/_classification.py:1245: UndefinedMetricWarning: Precision is ill-defined and being set to 0.0 in labels with no predicted samples. Use `zero_division` parameter to control this behavior.
  _warn_prf(average, modifier, msg_start, len(result))
/home/qianzekai/miniconda3/envs/multibaseline/lib/python3.7/site-packages/sklearn/metrics/_classification.py:1245: UndefinedMetricWarning: Recall is ill-defined and being set to 0.0 in labels with no true samples. Use `zero_division` parameter to control this behavior.
  _warn_prf(average, modifier, msg_start, len(result))
[1;34m[01:26:24][0m[1;33m WARNING Snoopy may use all CPU cores! Set env. variable 'SNOOPY_LIMIT_CPU' to 'y' to limit CPU usage. [0m[1;34m(__init__ -> _init_tf_pytorch on MainThread)[0m
2026-01-31 01:26:24.696595: E tensorflow/compiler/xla/stream_executor/cuda/cuda_driver.cc:267] failed call to cuInit: CUDA_ERROR_NO_DEVICE: no CUDA-capable device is detected
/home/qianzekai/miniconda3/envs/multibaseline/lib/python3.7/site-packages/sklearn/model_selection/_split.py:668: UserWarning: The least populated class in y has only 1 members, which is less than n_splits=5.
  % (min_groups, self.n_splits)), UserWarning)
/home/qianzekai/miniconda3/envs/multibaseline/lib/python3.7/site-packages/sklearn/model_selection/_split.py:668: UserWarning: The least populated class in y has only 1 members, which is less than n_splits=5.
  % (min_groups, self.n_splits)), UserWarning)
/home/qianzekai/miniconda3/envs/multibaseline/lib/python3.7/site-packages/sklearn/model_selection/_split.py:668: UserWarning: The least populated class in y has only 1 members, which is less than n_splits=5.
  % (min_groups, self.n_splits)), UserWarning)

结果已保存到: results/uniclean/beers_uniclean_vzekai
INFO:beers_uniclean_vzekai:
结果已保存到: results/uniclean/beers_uniclean_vzekai
============================================================
INFO:beers_uniclean_vzekai:============================================================

Computing Block 550 out of 560
Processing Block size=3
begin cleaner{left: ("[FunctionalDependency:(s: {brewery_id}, t: {state})]", 0.0), operator: *, right: (1.0, 1.0), result: 0.0}
列 'p' 不存在，对列 state 不过滤，直接选择所有非无效值。
Block processing time: 0.007754 seconds
Computing Block 551 out of 560
Processing Block size=3
begin cleaner{left: ("[FunctionalDependency:(s: {brewery_id}, t: {state})]", 0.0), operator: *, right: (1.0, 1.0), result: 0.0}
列 'p' 不存在，对列 state 不过滤，直接选择所有非无效值。
Block processing time: 0.007711 seconds
Computing Block 552 out of 560
Processing Block size=6
begin cleaner{left: ("[FunctionalDependency:(s: {brewery_id}, t: {state})]", 0.0), operator: *, right: (1.0, 1.0), result: 0.0}
列 'p' 不存在，对列 state 不过滤，直接选择所有非无效值。
Block processing time: 0.015229 seconds
Computing Block 553 out of 560
Processing Block size=2
begin cleaner{left: ("[FunctionalDependency:(s: {brewery_id}, t: {state})]", 0.0), operator: *, right: (1.0, 1.0), result: 0.0}
列 'p' 不存在，对列 state 不过滤，直接选择所有非无效值。
Block processing time: 0.005284 seconds
Computing Block 554 out of 560
Processing Block size=8
begin cleaner{left: ("[FunctionalDependency:(s: {brewery_id}, t: {state})]", 0.0), operator: *, right: (1.0, 1.0), result: 0.0}
列 'p' 不存在，对列 state 不过滤，直接选择所有非无效值。
Block processing time: 0.019416 seconds
Computing Block 556 out of 560
Processing Block size=2
begin cleaner{left: ("[FunctionalDependency:(s: {brewery_id}, t: {state})]", 0.0), operator: *, right: (1.0, 1.0), result: 0.0}
列 'p' 不存在，对列 state 不过滤，直接选择所有非无效值。
Block processing time: 0.005364 seconds
Computing Block 557 out of 560
Processing Block size=4
begin cleaner{left: ("[FunctionalDependency:(s: {brewery_id}, t: {state})]", 0.0), operator: *, right: (1.0, 1.0), result: 0.0}
列 'p' 不存在，对列 state 不过滤，直接选择所有非无效值。
Block processing time: 0.010121 seconds
Computing Block 559 out of 560
Processing Block size=13
begin cleaner{left: ("[FunctionalDependency:(s: {brewery_id}, t: {state})]", 0.0), operator: *, right: (1.0, 1.0), result: 0.0}
列 'p' 不存在，对列 state 不过滤，直接选择所有非无效值。
Block processing time: 0.034162 seconds
Computing Block 560 out of 560
Processing Block size=7
begin cleaner{left: ("[FunctionalDependency:(s: {brewery_id}, t: {state})]", 0.0), operator: *, right: (1.0, 1.0), result: 0.0}
列 'p' 不存在，对列 state 不过滤，直接选择所有非无效值。
Block processing time: 0.017811 seconds
  当前节点: state 无清洗操作
['brewery_name', 'city', 'state']的清洗完成

本层累积的编辑规则数: 0
本层没有可以进行的清洗操作，进行下一层

清洗规则溯源分析:

处理第 1 层级, 包含节点: ['brewery_id']

处理第 2 层级, 包含节点: ['brewery_name', 'city', 'state']

清洗流程展示:
======================================================================
Clean4MLBaseline 统一测评 - beers_uniclean_vzekai
======================================================================

[1/5] 传统清洗指标
--------------------------------------------------
调试文件已保存到: results/uniclean/beers_uniclean_vzekai/debug
修复准确率: 0.8384201077199281, 修复召回率: 0.8344252531268612, F1值: 0.8364179103977615
========================================
错误减少率 (EDR): 0.8311494937462776
========================================
混合距离 (Hybrid Distance): 0.030953569848580796
========================================
基于条目的错误减少率 (R-EDR): 0.7713692946058092
========================================
numeric: Index(['id'], dtype='object')
categorical: Index(['beer_name', 'style', 'ounces', 'abv', 'ibu', 'brewery_id',
       'brewery_name', 'city', 'state'],
      dtype='object')
列级平均RMSE (数值列, 归一化): 0.000000
  id: 0.000000
列级平均F1 (类别列, weighted): 0.865800
  beer_name: 1.000000
  style: 0.999170
  ounces: 0.007469
  abv: 0.797048
  ibu: 1.000000
  brewery_id: 0.999585
  brewery_name: 1.000000
  city: 0.990686
  state: 0.998242
========================================

[2/5] 下游任务性能 (classification)
--------------------------------------------------
RF - Accuracy: 0.3631, F1: 0.3214, Precision: 0.3320, Recall: 0.3631
LR - Accuracy: 0.2261, F1: 0.1253, Precision: 0.0938, Recall: 0.2261
SVM - Accuracy: 0.2552, F1: 0.1615, Precision: 0.1414, Recall: 0.2552
KNN - Accuracy: 0.2282, F1: 0.1914, Precision: 0.1773, Recall: 0.2282
DT - Accuracy: 0.3071, F1: 0.3074, Precision: 0.3174, Recall: 0.3071
GB - Accuracy: 0.3340, F1: 0.3018, Precision: 0.3055, Recall: 0.3340

[3/5] 模型容忍度
--------------------------------------------------

容忍度计算结果:
  P_do_nothing (脏数据性能): 0.3797
  P_demand_clean (清洗后性能): 0.3734
  P_repair_all (完全修复性能): 0.3859
  先验容忍度 (Tolerance_prior): 0.9836
  后验容忍度 (Tolerance_post): -1.0000

[4/5] Snoopy上界评估
--------------------------------------------------
Snoopy模块可用，正在评估数据质量上界...
  脏数据上界: 0.2606
  清洗后上界: 0.2477
  干净数据上界: 0.2581
  上界提升比例: 5.1667

[5/5] 真值使用成本
--------------------------------------------------
  方法类型: Type 1 (全自动)
  实际真值使用: 0
  理想最小成本: 411
  总修改单元格: 3343
  正确修复: 411
  错误修复: 2932

======================================================================
测评完成，结果已保存到: results/uniclean/beers_uniclean_vzekai/beers_uniclean_vzekai_report.txt
======================================================================
