============================================================
UniClean 数据清洗
============================================================
脏数据: Data/nasa/dirty_index.csv
数据集: nasa
任务名称: nasa_uniclean_vzekai
------------------------------------------------------------
从规则文件加载清洗器: Data/nasa/rules.txt
成功加载 9 个清洗器
26/01/31 07:10:00 WARN Utils: Your hostname, user-NF5280M6 resolves to a loopback address: 127.0.1.1; using 192.168.31.8 instead (on interface ens1f0np0)
26/01/31 07:10:00 WARN Utils: Set SPARK_LOCAL_IP if you need to bind to another address
26/01/31 07:10:11 WARN NativeCodeLoader: Unable to load native-hadoop library for your platform... using builtin-java classes where applicable
Using Spark's default log4j profile: org/apache/spark/log4j-defaults.properties
Setting default log level to "WARN".
To adjust logging level use sc.setLogLevel(newLevel). For SparkR, use setLogLevel(newLevel).
[Stage 0:===========================================================(1 + 0) / 1]                                                                                WARNING:root:No partitioning rule specified, processing might be slow
WARNING:root:No partitioning rule specified, processing might be slow
WARNING:root:No partitioning rule specified, processing might be slow
WARNING:root:No partitioning rule specified, processing might be slow
WARNING:root:No partitioning rule specified, processing might be slow
WARNING:root:No partitioning rule specified, processing might be slow
26/01/31 07:10:25 ERROR CodeGenerator: failed to compile: org.codehaus.janino.InternalCompilerException: Compiling "GeneratedClass" in "generated.java": Code of method "processNext()V" of class "org.apache.spark.sql.catalyst.expressions.GeneratedClass$GeneratedIteratorForCodegenStage1" grows beyond 64 KB
org.codehaus.janino.InternalCompilerException: Compiling "GeneratedClass" in "generated.java": Code of method "processNext()V" of class "org.apache.spark.sql.catalyst.expressions.GeneratedClass$GeneratedIteratorForCodegenStage1" grows beyond 64 KB
	at org.codehaus.janino.UnitCompiler.compile2(UnitCompiler.java:366)
	at org.codehaus.janino.UnitCompiler.access$000(UnitCompiler.java:226)
	at org.codehaus.janino.UnitCompiler$1.visitCompilationUnit(UnitCompiler.java:336)
	at org.codehaus.janino.UnitCompiler$1.visitCompilationUnit(UnitCompiler.java:333)
	at org.codehaus.janino.Java$CompilationUnit.accept(Java.java:363)
	at org.codehaus.janino.UnitCompiler.compileUnit(UnitCompiler.java:333)
	at org.codehaus.janino.SimpleCompiler.cook(SimpleCompiler.java:235)
	at org.codehaus.janino.SimpleCompiler.compileToClassLoader(SimpleCompiler.java:464)
	at org.codehaus.janino.ClassBodyEvaluator.compileToClass(ClassBodyEvaluator.java:314)
	at org.codehaus.janino.ClassBodyEvaluator.cook(ClassBodyEvaluator.java:237)
	at org.codehaus.janino.SimpleCompiler.cook(SimpleCompiler.java:205)
	at org.codehaus.commons.compiler.Cookable.cook(Cookable.java:80)
	at org.apache.spark.sql.catalyst.expressions.codegen.CodeGenerator$.org$apache$spark$sql$catalyst$expressions$codegen$CodeGenerator$$doCompile(CodeGenerator.scala:1404)
	at org.apache.spark.sql.catalyst.expressions.codegen.CodeGenerator$$anon$1.load(CodeGenerator.scala:1501)
	at org.apache.spark.sql.catalyst.expressions.codegen.CodeGenerator$$anon$1.load(CodeGenerator.scala:1498)
	at org.sparkproject.guava.cache.LocalCache$LoadingValueReference.loadFuture(LocalCache.java:3599)
	at org.sparkproject.guava.cache.LocalCache$Segment.loadSync(LocalCache.java:2379)
	at org.sparkproject.guava.cache.LocalCache$Segment.lockedGetOrLoad(LocalCache.java:2342)
	at org.sparkproject.guava.cache.LocalCache$Segment.get(LocalCache.java:2257)
	at org.sparkproject.guava.cache.LocalCache.get(LocalCache.java:4000)
	at org.sparkproject.guava.cache.LocalCache.getOrLoad(LocalCache.java:4004)
	at org.sparkproject.guava.cache.LocalCache$LocalLoadingCache.get(LocalCache.java:4874)
	at org.apache.spark.sql.catalyst.expressions.codegen.CodeGenerator$.compile(CodeGenerator.scala:1352)
	at org.apache.spark.sql.execution.WholeStageCodegenExec.liftedTree1$1(WholeStageCodegenExec.scala:721)
	at org.apache.spark.sql.execution.WholeStageCodegenExec.doExecute(WholeStageCodegenExec.scala:720)
	at org.apache.spark.sql.execution.SparkPlan.$anonfun$execute$1(SparkPlan.scala:180)
	at org.apache.spark.sql.execution.SparkPlan.$anonfun$executeQuery$1(SparkPlan.scala:218)
	at org.apache.spark.rdd.RDDOperationScope$.withScope(RDDOperationScope.scala:151)
	at org.apache.spark.sql.execution.SparkPlan.executeQuery(SparkPlan.scala:215)
	at org.apache.spark.sql.execution.SparkPlan.execute(SparkPlan.scala:176)
	at org.apache.spark.sql.execution.columnar.CachedRDDBuilder.buildBuffers(InMemoryRelation.scala:252)
	at org.apache.spark.sql.execution.columnar.CachedRDDBuilder.cachedColumnBuffers(InMemoryRelation.scala:221)
	at org.apache.spark.sql.execution.columnar.InMemoryTableScanExec.filteredCachedBatches(InMemoryTableScanExec.scala:144)
	at org.apache.spark.sql.execution.columnar.InMemoryTableScanExec.inputRDD$lzycompute(InMemoryTableScanExec.scala:95)
	at org.apache.spark.sql.execution.columnar.InMemoryTableScanExec.inputRDD(InMemoryTableScanExec.scala:81)
	at org.apache.spark.sql.execution.columnar.InMemoryTableScanExec.doExecute(InMemoryTableScanExec.scala:155)
	at org.apache.spark.sql.execution.SparkPlan.$anonfun$execute$1(SparkPlan.scala:180)
	at org.apache.spark.sql.execution.SparkPlan.$anonfun$executeQuery$1(SparkPlan.scala:218)
	at org.apache.spark.rdd.RDDOperationScope$.withScope(RDDOperationScope.scala:151)
	at org.apache.spark.sql.execution.SparkPlan.executeQuery(SparkPlan.scala:215)
	at org.apache.spark.sql.execution.SparkPlan.execute(SparkPlan.scala:176)
	at org.apache.spark.sql.execution.SparkPlan.getByteArrayRdd(SparkPlan.scala:321)
	at org.apache.spark.sql.execution.SparkPlan.executeCollect(SparkPlan.scala:387)
	at org.apache.spark.sql.Dataset.$anonfun$collectToPython$1(Dataset.scala:3532)
	at org.apache.spark.sql.Dataset.$anonfun$withAction$1(Dataset.scala:3700)
	at org.apache.spark.sql.execution.SQLExecution$.$anonfun$withNewExecutionId$5(SQLExecution.scala:103)
	at org.apache.spark.sql.execution.SQLExecution$.withSQLConfPropagated(SQLExecution.scala:163)
	at org.apache.spark.sql.execution.SQLExecution$.$anonfun$withNewExecutionId$1(SQLExecution.scala:90)
	at org.apache.spark.sql.SparkSession.withActive(SparkSession.scala:775)
	at org.apache.spark.sql.execution.SQLExecution$.withNewExecutionId(SQLExecution.scala:64)
	at org.apache.spark.sql.Dataset.withAction(Dataset.scala:3698)
	at org.apache.spark.sql.Dataset.collectToPython(Dataset.scala:3529)
	at sun.reflect.NativeMethodAccessorImpl.invoke0(Native Method)
	at sun.reflect.NativeMethodAccessorImpl.invoke(NativeMethodAccessorImpl.java:62)
	at sun.reflect.DelegatingMethodAccessorImpl.invoke(DelegatingMethodAccessorImpl.java:43)
	at java.lang.reflect.Method.invoke(Method.java:498)
	at py4j.reflection.MethodInvoker.invoke(MethodInvoker.java:244)
	at py4j.reflection.ReflectionEngine.invoke(ReflectionEngine.java:357)
	at py4j.Gateway.invoke(Gateway.java:282)
	at py4j.commands.AbstractCommand.invokeMethod(AbstractCommand.java:132)
	at py4j.commands.CallCommand.execute(CallCommand.java:79)
	at py4j.GatewayConnection.run(GatewayConnection.java:238)
	at java.lang.Thread.run(Thread.java:750)
Caused by: org.codehaus.janino.InternalCompilerException: Code of method "processNext()V" of class "org.apache.spark.sql.catalyst.expressions.GeneratedClass$GeneratedIteratorForCodegenStage1" grows beyond 64 KB
	at org.codehaus.janino.CodeContext.makeSpace(CodeContext.java:1051)
	at org.codehaus.janino.CodeContext.write(CodeContext.java:964)
	at org.codehaus.janino.CodeContext.writeBranch(CodeContext.java:1084)
	at org.codehaus.janino.UnitCompiler.writeBranch(UnitCompiler.java:12111)
	at org.codehaus.janino.UnitCompiler.compile2(UnitCompiler.java:2322)
	at org.codehaus.janino.UnitCompiler.access$3100(UnitCompiler.java:226)
	at org.codehaus.janino.UnitCompiler$6.visitContinueStatement(UnitCompiler.java:1510)
	at org.codehaus.janino.UnitCompiler$6.visitContinueStatement(UnitCompiler.java:1490)
	at org.codehaus.janino.Java$ContinueStatement.accept(Java.java:3836)
	at org.codehaus.janino.UnitCompiler.compile(UnitCompiler.java:1490)
	at org.codehaus.janino.UnitCompiler.compileStatements(UnitCompiler.java:1573)
	at org.codehaus.janino.UnitCompiler.compile2(UnitCompiler.java:1559)
	at org.codehaus.janino.UnitCompiler.access$1700(UnitCompiler.java:226)
	at org.codehaus.janino.UnitCompiler$6.visitBlock(UnitCompiler.java:1496)
	at org.codehaus.janino.UnitCompiler$6.visitBlock(UnitCompiler.java:1490)
	at org.codehaus.janino.Java$Block.accept(Java.java:2969)
	at org.codehaus.janino.UnitCompiler.compile(UnitCompiler.java:1490)
	at org.codehaus.janino.UnitCompiler.compile2(UnitCompiler.java:2486)
	at org.codehaus.janino.UnitCompiler.access$1900(UnitCompiler.java:226)
	at org.codehaus.janino.UnitCompiler$6.visitIfStatement(UnitCompiler.java:1498)
	at org.codehaus.janino.UnitCompiler$6.visitIfStatement(UnitCompiler.java:1490)
	at org.codehaus.janino.Java$IfStatement.accept(Java.java:3140)
	at org.codehaus.janino.UnitCompiler.compile(UnitCompiler.java:1490)
	at org.codehaus.janino.UnitCompiler.compileStatements(UnitCompiler.java:1573)
	at org.codehaus.janino.UnitCompiler.compile2(UnitCompiler.java:1559)
	at org.codehaus.janino.UnitCompiler.access$1700(UnitCompiler.java:226)
	at org.codehaus.janino.UnitCompiler$6.visitBlock(UnitCompiler.java:1496)
	at org.codehaus.janino.UnitCompiler$6.visitBlock(UnitCompiler.java:1490)
	at org.codehaus.janino.Java$Block.accept(Java.java:2969)
	at org.codehaus.janino.UnitCompiler.compile(UnitCompiler.java:1490)
	at org.codehaus.janino.UnitCompiler.compile2(UnitCompiler.java:1598)
	at org.codehaus.janino.UnitCompiler.access$2600(UnitCompiler.java:226)
	at org.codehaus.janino.UnitCompiler$6.visitDoStatement(UnitCompiler.java:1505)
	at org.codehaus.janino.UnitCompiler$6.visitDoStatement(UnitCompiler.java:1490)
	at org.codehaus.janino.Java$DoStatement.accept(Java.java:3664)
	at org.codehaus.janino.UnitCompiler.compile(UnitCompiler.java:1490)
	at org.codehaus.janino.UnitCompiler.compileStatements(UnitCompiler.java:1573)
	at org.codehaus.janino.UnitCompiler.compile2(UnitCompiler.java:1559)
	at org.codehaus.janino.UnitCompiler.access$1700(UnitCompiler.java:226)
	at org.codehaus.janino.UnitCompiler$6.visitBlock(UnitCompiler.java:1496)
	at org.codehaus.janino.UnitCompiler$6.visitBlock(UnitCompiler.java:1490)
	at org.codehaus.janino.Java$Block.accept(Java.java:2969)
	at org.codehaus.janino.UnitCompiler.compile(UnitCompiler.java:1490)
	at org.codehaus.janino.UnitCompiler.compile2(UnitCompiler.java:1848)
	at org.codehaus.janino.UnitCompiler.access$2200(UnitCompiler.java:226)
	at org.codehaus.janino.UnitCompiler$6.visitWhileStatement(UnitCompiler.java:1501)
	at org.codehaus.janino.UnitCompiler$6.visitWhileStatement(UnitCompiler.java:1490)
	at org.codehaus.janino.Java$WhileStatement.accept(Java.java:3245)
	at org.codehaus.janino.UnitCompiler.compile(UnitCompiler.java:1490)
	at org.codehaus.janino.UnitCompiler.compileStatements(UnitCompiler.java:1573)
	at org.codehaus.janino.UnitCompiler.compile(UnitCompiler.java:3420)
	at org.codehaus.janino.UnitCompiler.compileDeclaredMethods(UnitCompiler.java:1362)
	at org.codehaus.janino.UnitCompiler.compileDeclaredMethods(UnitCompiler.java:1335)
	at org.codehaus.janino.UnitCompiler.compile2(UnitCompiler.java:807)
	at org.codehaus.janino.UnitCompiler.compile2(UnitCompiler.java:975)
	at org.codehaus.janino.UnitCompiler.access$700(UnitCompiler.java:226)
	at org.codehaus.janino.UnitCompiler$2.visitMemberClassDeclaration(UnitCompiler.java:392)
	at org.codehaus.janino.UnitCompiler$2.visitMemberClassDeclaration(UnitCompiler.java:384)
	at org.codehaus.janino.Java$MemberClassDeclaration.accept(Java.java:1445)
	at org.codehaus.janino.UnitCompiler.compile(UnitCompiler.java:384)
	at org.codehaus.janino.UnitCompiler.compileDeclaredMemberTypes(UnitCompiler.java:1312)
	at org.codehaus.janino.UnitCompiler.compile2(UnitCompiler.java:833)
	at org.codehaus.janino.UnitCompiler.compile2(UnitCompiler.java:410)
	at org.codehaus.janino.UnitCompiler.access$400(UnitCompiler.java:226)
	at org.codehaus.janino.UnitCompiler$2.visitPackageMemberClassDeclaration(UnitCompiler.java:389)
	at org.codehaus.janino.UnitCompiler$2.visitPackageMemberClassDeclaration(UnitCompiler.java:384)
	at org.codehaus.janino.Java$PackageMemberClassDeclaration.accept(Java.java:1594)
	at org.codehaus.janino.UnitCompiler.compile(UnitCompiler.java:384)
	at org.codehaus.janino.UnitCompiler.compile2(UnitCompiler.java:362)
	... 62 more
26/01/31 07:10:25 WARN WholeStageCodegenExec: Whole-stage codegen disabled for plan (id=1):
 *(1) Project [index#16, frequency#365, angle#841, chord_length#1317, velocity#1793, thickness#2269, CASE WHEN (sound_pressure_level#22 = 119.541) THEN 119.541 WHEN (sound_pressure_level#22 = 118.122) THEN 118.122 WHEN (sound_pressure_level#22 = 126.116) THEN 126.116 WHEN (sound_pressure_level#22 = 129.953) THEN 129.953 WHEN (sound_pressure_level#22 = 120.513) THEN 120.513 WHEN (sound_pressure_level#22 = 120.835) THEN 120.835 WHEN (sound_pressure_level#22 = 125.026) THEN 125.026 WHEN (sound_pressure_level#22 = 124.904) THEN 124.904 WHEN (sound_pressure_level#22 = 135.433) THEN 135.433 WHEN (sound_pressure_level#22 = 119.135) THEN 119.135 WHEN (sound_pressure_level#22 = 125.941) THEN 125.941 WHEN (sound_pressure_level#22 = 118.564) THEN 118.564 WHEN (sound_pressure_level#22 = 117.054) THEN 117.054 WHEN (sound_pressure_level#22 = 128.086) THEN 128.086 WHEN (sound_pressure_level#22 = 128.762) THEN 128.762 WHEN (sound_pressure_level#22 = 135.924) THEN 135.924 WHEN (sound_pressure_level#22 = 131.023) THEN 131.023 WHEN (sound_pressure_level#22 = 127.638) THEN 127.638 WHEN (sound_pressure_level#22 = 119.07) THEN 119.07 WHEN (sound_pressure_level#22 = 126.826) THEN 126.826 WHEN (sound_pressure_level#22 = 128.825) THEN 128.825 WHEN (sound_pressure_level#22 = 116.22) THEN 116.22 WHEN (sound_pressure_level#22 = 117.875) THEN 117.875 WHEN (sound_pressure_level#22 = 110.894) THEN 110.894 WHEN (sound_pressure_level#22 = 130.869) THEN 130.869 WHEN (sound_pressure_level#22 = 127.011) THEN 127.011 WHEN (sound_pressure_level#22 = 127.233) THEN 127.233 WHEN (sound_pressure_level#22 = 129.633) THEN 129.633 WHEN (sound_pressure_level#22 = 134.268) THEN 134.268 WHEN (sound_pressure_level#22 = 120.136) THEN 120.136 WHEN (sound_pressure_level#22 = 129.415) THEN 129.415 WHEN (sound_pressure_level#22 = 110.264) THEN 110.264 WHEN (sound_pressure_level#22 = 127.632) THEN 127.632 WHEN (sound_pressure_level#22 = 121.657) THEN 121.657 WHEN (sound_pressure_level#22 = 125.401) THEN 125.401 WHEN (sound_pressure_level#22 = 122.082) THEN 122.082 WHEN (sound_pressure_level#22 = 110.307) THEN 110.307 WHEN (sound_pressure_level#22 = 128.805) THEN 128.805 WHEN (sound_pressure_level#22 = 128.492) THEN 128.492 WHEN (sound_pressure_level#22 = 130.817) THEN 130.817 WHEN (sound_pressure_level#22 = 116.724) THEN 116.724 WHEN (sound_pressure_level#22 = 131.491) THEN 131.491 WHEN (sound_pressure_level#22 = 134.476) THEN 134.476 WHEN (sound_pressure_level#22 = 112.93) THEN 112.93 WHEN (sound_pressure_level#22 = 121.235) THEN 121.235 WHEN (sound_pressure_level#22 = 119.174) THEN 119.174 WHEN (sound_pressure_level#22 = 104.204) THEN 104.204 WHEN (sound_pressure_level#22 = 130.05) THEN 130.05 WHEN (sound_pressure_level#22 = 127.847) THEN 127.847 WHEN (sound_pressure_level#22 = 139.226) THEN 139.226 WHEN (sound_pressure_level#22 = 125.631) THEN 125.631 WHEN (sound_pressure_level#22 = 134.022) THEN 134.022 WHEN (sound_pressure_level#22 = 121.528) THEN 121.528 WHEN (sound_pressure_level#22 = 112.169) THEN 112.169 WHEN (sound_pressure_level#22 = 107.405) THEN 107.405 WHEN (sound_pressure_level#22 = 130.269) THEN 130.269 WHEN (sound_pressure_level#22 = 129.965) THEN 129.965 WHEN (sound_pressure_level#22 = 122.966) THEN 122.966 WHEN (sound_pressure_level#22 = 127.398) THEN 127.398 WHEN (sound_pressure_level#22 = 127.375) THEN 127.375 WHEN (sound_pressure_level#22 = 119.229) THEN 119.229 WHEN (sound_pressure_level#22 = 118.904) THEN 118.904 WHEN (sound_pressure_level#22 = 131.236) THEN 131.236 WHEN (sound_pressure_level#22 = 123.466) THEN 123.466 WHEN (sound_pressure_level#22 = 134.568) THEN 134.568 WHEN (sound_pressure_level#22 = 128.454) THEN 128.454 WHEN (sound_pressure_level#22 = 127.307) THEN 127.307 WHEN (sound_pressure_level#22 = 119.253) THEN 119.253 WHEN (sound_pressure_level#22 = 122.679) THEN 122.679 WHEN (sound_pressure_level#22 = 127.623) THEN 127.623 WHEN (sound_pressure_level#22 = 140.158) THEN 140.158 WHEN (sound_pressure_level#22 = 118.214) THEN 118.214 WHEN (sound_pressure_level#22 = 108.991) THEN 108.991 WHEN (sound_pressure_level#22 = 128.927) THEN 128.927 WHEN (sound_pressure_level#22 = 127.637) THEN 127.637 WHEN (sound_pressure_level#22 = 115.234) THEN 115.234 WHEN (sound_pressure_level#22 = 131.06) THEN 131.06 WHEN (sound_pressure_level#22 = 127.224) THEN 127.224 WHEN (sound_pressure_level#22 = 130.307) THEN 130.307 WHEN (sound_pressure_level#22 = 117.087) THEN 117.087 WHEN (sound_pressure_level#22 = 127.815) THEN 127.815 WHEN (sound_pressure_level#22 = 122.905) THEN 122.905 WHEN (sound_pressure_level#22 = 125.715) THEN 125.715 WHEN (sound_pressure_level#22 = 127.864) THEN 127.864 WHEN (sound_pressure_level#22 = 135.324) THEN 135.324 WHEN (sound_pressure_level#22 = 131.568) THEN 131.568 WHEN (sound_pressure_level#22 = 122.435) THEN 122.435 WHEN (sound_pressure_level#22 = 121.106) THEN 121.106 WHEN (sound_pressure_level#22 = 130.567) THEN 130.567 WHEN (sound_pressure_level#22 = 112.209) THEN 112.209 WHEN (sound_pressure_level#22 = 132.769) THEN 132.769 WHEN (sound_pressure_level#22 = 128.295) THEN 128.295 WHEN (sound_pressure_level#22 = 122.211) THEN 122.211 WHEN (sound_pressure_level#22 = 112.768) THEN 112.768 WHEN (sound_pressure_level#22 = 124.254) THEN 124.254 WHEN (sound_pressure_level#22 = 119.945) THEN 119.945 WHEN (sound_pressure_level#22 = 111.534) THEN 111.534 WHEN (sound_pressure_level#22 = 128.929) THEN 128.929 WHEN (sound_pressure_level#22 = 123.807) THEN 123.807 WHEN (sound_pressure_level#22 = 119.639) THEN 119.639 WHEN (sound_pressure_level#22 = 129.88) THEN 129.88 WHEN (sound_pressure_level#22 = 133.758) THEN 133.758 WHEN (sound_pressure_level#22 = 127.581) THEN 127.581 WHEN (sound_pressure_level#22 = 124.336) THEN 124.336 WHEN (sound_pressure_level#22 = 133.048) THEN 133.048 WHEN (sound_pressure_level#22 = 129.575) THEN 129.575 WHEN (sound_pressure_level#22 = 128.643) THEN 128.643 WHEN (sound_pressure_level#22 = 129.144) THEN 129.144 WHEN (sound_pressure_level#22 = 134.336) THEN 134.336 WHEN (sound_pressure_level#22 = 128.082) THEN 128.082 WHEN (sound_pressure_level#22 = 121.306) THEN 121.306 WHEN (sound_pressure_level#22 = 133.553) THEN 133.553 WHEN (sound_pressure_level#22 = 121.165) THEN 121.165 WHEN (sound_pressure_level#22 = 125.472) THEN 125.472 WHEN (sound_pressure_level#22 = 111.818) THEN 111.818 WHEN (sound_pressure_level#22 = 125.998) THEN 125.998 WHEN (sound_pressure_level#22 = 135.346) THEN 135.346 WHEN (sound_pressure_level#22 = 134.928) THEN 134.928 WHEN (sound_pressure_level#22 = 126.406) THEN 126.406 WHEN (sound_pressure_level#22 = 124.154) THEN 124.154 WHEN (sound_pressure_level#22 = 124.852) THEN 124.852 WHEN (sound_pressure_level#22 = 123.069) THEN 123.069 WHEN (sound_pressure_level#22 = 122.088) THEN 122.088 WHEN (sound_pressure_level#22 = 110.905) THEN 110.905 WHEN (sound_pressure_level#22 = 128.257) THEN 128.257 WHEN (sound_pressure_level#22 = 131.807) THEN 131.807 WHEN (sound_pressure_level#22 = 117.037) THEN 117.037 WHEN (sound_pressure_level#22 = 121.284) THEN 121.284 WHEN (sound_pressure_level#22 = 124.426) THEN 124.426 WHEN (sound_pressure_level#22 = 129.119) THEN 129.119 WHEN (sound_pressure_level#22 = 115.304) THEN 115.304 WHEN (sound_pressure_level#22 = 122.779) THEN 122.779 WHEN (sound_pressure_level#22 = 129.667) THEN 129.667 WHEN (sound_pressure_level#22 = 123.894) THEN 123.894 WHEN (sound_pressure_level#22 = 126.736) THEN 126.736 WHEN (sound_pressure_level#22 = 120.981) THEN 120.981 WHEN (sound_pressure_level#22 = 129.037) THEN 129.037 WHEN (sound_pressure_level#22 = 126.565) THEN 126.565 WHEN (sound_pressure_level#22 = 127.076) THEN 127.076 WHEN (sound_pressure_level#22 = 130.94) THEN 130.94 WHEN (sound_pressure_level#22 = 122.044) THEN 122.044 WHEN (sound_pressure_level#22 = 127.688) THEN 127.688 WHEN (sound_pressure_level#22 = 117.386) THEN 117.386 WHEN (sound_pressure_level#22 = 116.694) THEN 116.694 WHEN (sound_pressure_level#22 = 135.38) THEN 135.38 WHEN (sound_pressure_level#22 = 111.35) THEN 111.35 WHEN (sound_pressure_level#22 = 124.403) THEN 124.403 WHEN (sound_pressure_level#22 = 121.635) THEN 121.635 WHEN (sound_pressure_level#22 = 130.156) THEN 130.156 WHEN (sound_pressure_level#22 = 125.054) THEN 125.054 WHEN (sound_pressure_level#22 = 133.023) THEN 133.023 WHEN (sound_pressure_level#22 = 121.315) THEN 121.315 WHEN (sound_pressure_level#22 = 129.004) THEN 129.004 WHEN (sound_pressure_level#22 = 110.839) THEN 110.839 WHEN (sound_pressure_level#22 = 119.099) THEN 119.099 WHEN (sound_pressure_level#22 = 110.689) THEN 110.689 WHEN (sound_pressure_level#22 = 125.647) THEN 125.647 WHEN (sound_pressure_level#22 = 136.191) THEN 136.191 WHEN (sound_pressure_level#22 = 129.33) THEN 129.33 WHEN (sound_pressure_level#22 = 117.253) THEN 117.253 WHEN (sound_pressure_level#22 = 115.298) THEN 115.298 WHEN (sound_pressure_level#22 = 113.144) THEN 113.144 WHEN (sound_pressure_level#22 = 125.997) THEN 125.997 WHEN (sound_pressure_level#22 = 120.534) THEN 120.534 WHEN (sound_pressure_level#22 = 108.649) THEN 108.649 WHEN (sound_pressure_level#22 = 127.686) THEN 127.686 WHEN (sound_pressure_level#22 = 136.941) THEN 136.941 WHEN (sound_pressure_level#22 = 119.513) THEN 119.513 WHEN (sound_pressure_level#22 = 113.333) THEN 113.333 WHEN (sound_pressure_level#22 = 113.796) THEN 113.796 WHEN (sound_pressure_level#22 = 127.614) THEN 127.614 WHEN (sound_pressure_level#22 = 120.532) THEN 120.532 WHEN (sound_pressure_level#22 = 118.859) THEN 118.859 WHEN (sound_pressure_level#22 = 128.74) THEN 128.74 WHEN (sound_pressure_level#22 = 134.11) THEN 134.11 WHEN (sound_pressure_level#22 = 136.023) THEN 136.023 WHEN (sound_pressure_level#22 = 114.729) THEN 114.729 WHEN (sound_pressure_level#22 = 130.697) THEN 130.697 WHEN (sound_pressure_level#22 = 116.924) THEN 116.924 WHEN (sound_pressure_level#22 = 130.964) THEN 130.964 WHEN (sound_pressure_level#22 = 119.621) THEN 119.621 WHEN (sound_pressure_level#22 = 129.991) THEN 129.991 WHEN (sound_pressure_level#22 = 129.569) THEN 129.569 WHEN (sound_pressure_level#22 = 124.612) THEN 124.612 WHEN (sound_pressure_level#22 = 121.789) THEN 121.789 WHEN (sound_pressure_level#22 = 112.065) THEN 112.065 WHEN (sound_pressure_level#22 = 127.229) THEN 127.229 WHEN (sound_pressure_level#22 = 133.503) THEN 133.503 WHEN (sound_pressure_level#22 = 121.889) THEN 121.889 WHEN (sound_pressure_level#22 = 131.281) THEN 131.281 WHEN (sound_pressure_level#22 = 123.761) THEN 123.761 WHEN (sound_pressure_level#22 = 133.707) THEN 133.707 WHEN (sound_pressure_level#22 = 134.236) THEN 134.236 WHEN (sound_pressure_level#22 = 130.332) THEN 130.332 WHEN (sound_pressure_level#22 = 117.514) THEN 117.514 WHEN (sound_pressure_level#22 = 130.961) THEN 130.961 WHEN (sound_pressure_level#22 = 109.222) THEN 109.222 WHEN (sound_pressure_level#22 = 121.851) THEN 121.851 WHEN (sound_pressure_level#22 = 120.505) THEN 120.505 WHEN (sound_pressure_level#22 = 129.969) THEN 129.969 WHEN (sound_pressure_level#22 = 125.581) THEN 125.581 WHEN (sound_pressure_level#22 = 131.453) THEN 131.453 WHEN (sound_pressure_level#22 = 121.154) THEN 121.154 WHEN (sound_pressure_level#22 = 118.757) THEN 118.757 WHEN (sound_pressure_level#22 = 137.233) THEN 137.233 WHEN (sound_pressure_level#22 = 116.108) THEN 116.108 WHEN (sound_pressure_level#22 = 120.484) THEN 120.484 WHEN (sound_pressure_level#22 = 106.604) THEN 106.604 WHEN (sound_pressure_level#22 = 113.775) THEN 113.775 WHEN (sound_pressure_level#22 = 129.395) THEN 129.395 WHEN (sound_pressure_level#22 = 127.356) THEN 127.356 WHEN (sound_pressure_level#22 = 120.419) THEN 120.419 WHEN (sound_pressure_level#22 = 123.12) THEN 123.12 WHEN (sound_pressure_level#22 = 121.499) THEN 121.499 WHEN (sound_pressure_level#22 = 123.263) THEN 123.263 WHEN (sound_pressure_level#22 = 135.368) THEN 135.368 WHEN (sound_pressure_level#22 = 127.696) THEN 127.696 WHEN (sound_pressure_level#22 = 115.863) THEN 115.863 WHEN (sound_pressure_level#22 = 130.469) THEN 130.469 WHEN (sound_pressure_level#22 = 115.969) THEN 115.969 WHEN (sound_pressure_level#22 = 128.679) THEN 128.679 WHEN (sound_pressure_level#22 = 133.04) THEN 133.04 WHEN (sound_pressure_level#22 = 134.226) THEN 134.226 WHEN (sound_pressure_level#22 = 122.341) THEN 122.341 WHEN (sound_pressure_level#22 = 117.624) THEN 117.624 WHEN (sound_pressure_level#22 = 128.444) THEN 128.444 WHEN (sound_pressure_level#22 = 126.345) THEN 126.345 WHEN (sound_pressure_level#22 = 128.402) THEN 128.402 WHEN (sound_pressure_level#22 = 127.04) THEN 127.04 WHEN (sound_pressure_level#22 = 120.078) THEN 120.078 WHEN (sound_pressure_level#22 = 131.186) THEN 131.186 WHEN (sound_pressure_level#22 = 123.118) THEN 123.118 WHEN (sound_pressure_level#22 = 117.957) THEN 117.957 WHEN (sound_pressure_level#22 = 112.265) THEN 112.265 WHEN (sound_pressure_level#22 = 133.032) THEN 133.032 WHEN (sound_pressure_level#22 = 130.781) THEN 130.781 WHEN (sound_pressure_level#22 = 121.514) THEN 121.514 WHEN (sound_pressure_level#22 = 113.799) THEN 113.799 WHEN (sound_pressure_level#22 = 120.555) THEN 120.555 WHEN (sound_pressure_level#22 = 130.96) THEN 130.96 WHEN (sound_pressure_level#22 = 132.796) THEN 132.796 WHEN (sound_pressure_level#22 = 130.43) THEN 130.43 WHEN (sound_pressure_level#22 = 114.418) THEN 114.418 WHEN (sound_pressure_level#22 = 126.471) THEN 126.471 WHEN (sound_pressure_level#22 = 108.625) THEN 108.625 WHEN (sound_pressure_level#22 = 121.399) THEN 121.399 WHEN (sound_pressure_level#22 = 128.879) THEN 128.879 WHEN (sound_pressure_level#22 = 116.849) THEN 116.849 WHEN (sound_pressure_level#22 = 123.564) THEN 123.564 WHEN (sound_pressure_level#22 = 140.987) THEN 140.987 WHEN (sound_pressure_level#22 = 131.817) THEN 131.817 WHEN (sound_pressure_level#22 = 128.723) THEN 128.723 WHEN (sound_pressure_level#22 = 128.144) THEN 128.144 WHEN (sound_pressure_level#22 = 129.057) THEN 129.057 WHEN (sound_pressure_level#22 = 126.218) THEN 126.218 WHEN (sound_pressure_level#22 = 123.209) THEN 123.209 WHEN (sound_pressure_level#22 = 125.539) THEN 125.539 WHEN (sound_pressure_level#22 = 124.276) THEN 124.276 WHEN (sound_pressure_level#22 = 135.674) THEN 135.674 WHEN (sound_pressure_level#22 = 123.178) THEN 123.178 WHEN (sound_pressure_level#22 = 122.101) THEN 122.101 WHEN (sound_pressure_level#22 = 115.311) THEN 115.311 WHEN (sound_pressure_level#22 = 123.835) THEN 123.835 WHEN (sound_pressure_level#22 = 113.525) THEN 113.525 WHEN (sound_pressure_level#22 = 111.135) THEN 111.135 WHEN (sound_pressure_level#22 = 128.99) THEN 128.99 WHEN (sound_pressure_level#22 = 121.885) THEN 121.885 WHEN (sound_pressure_level#22 = 128.265) THEN 128.265 WHEN (sound_pressure_level#22 = 126.79) THEN 126.79 WHEN (sound_pressure_level#22 = 121.313) THEN 121.313 WHEN (sound_pressure_level#22 = 133.847) THEN 133.847 WHEN (sound_pressure_level#22 = 134.227) THEN 134.227 WHEN (sound_pressure_level#22 = 135.328) THEN 135.328 WHEN (sound_pressure_level#22 = 130.086) THEN 130.086 WHEN (sound_pressure_level#22 = 124.839) THEN 124.839 WHEN (sound_pressure_level#22 = 128.296) THEN 128.296 WHEN (sound_pressure_level#22 = 113.11) THEN 113.11 WHEN (sound_pressure_level#22 = 135.426) THEN 135.426 WHEN (sound_pressure_level#22 = 129.556) THEN 129.556 WHEN (sound_pressure_level#22 = 123.082) THEN 123.082 WHEN (sound_pressure_level#22 = 133.261) THEN 133.261 WHEN (sound_pressure_level#22 = 120.319) THEN 120.319 WHEN (sound_pressure_level#22 = 109.619) THEN 109.619 WHEN (sound_pressure_level#22 = 131.264) THEN 131.264 WHEN (sound_pressure_level#22 = 126.149) THEN 126.149 WHEN (sound_pressure_level#22 = 125.229) THEN 125.229 WHEN (sound_pressure_level#22 = 132.757) THEN 132.757 WHEN (sound_pressure_level#22 = 127.179) THEN 127.179 WHEN (sound_pressure_level#22 = 116.184) THEN 116.184 WHEN (sound_pressure_level#22 = 137.068) THEN 137.068 WHEN (sound_pressure_level#22 = 127.634) THEN 127.634 WHEN (sound_pressure_level#22 = 130.715) THEN 130.715 WHEN (sound_pressure_level#22 = 131.864) THEN 131.864 WHEN (sound_pressure_level#22 = 117.809) THEN 117.809 WHEN (sound_pressure_level#22 = 127.054) THEN 127.054 WHEN (sound_pressure_level#22 = 112.589) THEN 112.589 WHEN (sound_pressure_level#22 = 135.308) THEN 135.308 WHEN (sound_pressure_level#22 = 131.836) THEN 131.836 WHEN (sound_pressure_level#22 = 138.607) THEN 138.607 WHEN (sound_pressure_level#22 = 127.206) THEN 127.206 WHEN (sound_pressure_level#22 = 123.091) THEN 123.091 WHEN (sound_pressure_level#22 = 133.402) THEN 133.402 WHEN (sound_pressure_level#22 = 126.959) THEN 126.959 WHEN (sound_pressure_level#22 = 129.494) THEN 129.494 WHEN (sound_pressure_level#22 = 122.527) THEN 122.527 WHEN (sound_pressure_level#22 = 129.68) THEN 129.68 WHEN (sound_pressure_level#22 = 126.508) THEN 126.508 WHEN (sound_pressure_level#22 = 133.311) THEN 133.311 WHEN (sound_pressure_level#22 = 131.364) THEN 131.364 WHEN (sound_pressure_level#22 = 122.724) THEN 122.724 WHEN (sound_pressure_level#22 = 124.748) THEN 124.748 WHEN (sound_pressure_level#22 = 123.543) THEN 123.543 WHEN (sound_pressure_level#22 = 131.073) THEN 131.073 WHEN (sound_pressure_level#22 = 122.292) THEN 122.292 WHEN (sound_pressure_level#22 = 126.752) THEN 126.752 WHEN (sound_pressure_level#22 = 131.865) THEN 131.865 WHEN (sound_pressure_level#22 = 135.164) THEN 135.164 WHEN (sound_pressure_level#22 = 135.248) THEN 135.248 WHEN (sound_pressure_level#22 = 136.414) THEN 136.414 WHEN (sound_pressure_level#22 = 123.565) THEN 123.565 WHEN (sound_pressure_level#22 = 114.258) THEN 114.258 WHEN (sound_pressure_level#22 = 127.299) THEN 127.299 WHEN (sound_pressure_level#22 = 122.086) THEN 122.086 WHEN (sound_pressure_level#22 = 138.557) THEN 138.557 WHEN (sound_pressure_level#22 = 125.452) THEN 125.452 WHEN (sound_pressure_level#22 = 115.893) THEN 115.893 WHEN (sound_pressure_level#22 = 121.318) THEN 121.318 WHEN (sound_pressure_level#22 = 118.129) THEN 118.129 WHEN (sound_pressure_level#22 = 119.319) THEN 119.319 WHEN (sound_pressure_level#22 = 127.365) THEN 127.365 WHEN (sound_pressure_level#22 = 122.175) THEN 122.175 WHEN (sound_pressure_level#22 = 124.108) THEN 124.108 WHEN (sound_pressure_level#22 = 128.139) THEN 128.139 WHEN (sound_pressure_level#22 = 125.63) THEN 125.63 WHEN (sound_pressure_level#22 = 122.766) THEN 122.766 WHEN (sound_pressure_level#22 = 120.726) THEN 120.726 WHEN (sound_pressure_level#22 = 121.771) THEN 121.771 WHEN (sound_pressure_level#22 = 134.34) THEN 134.34 WHEN (sound_pressure_level#22 = 135.54) THEN 135.54 WHEN (sound_pressure_level#22 = 127.71) THEN 127.71 WHEN (sound_pressure_level#22 = 115.391) THEN 115.391 WHEN (sound_pressure_level#22 = 119.54) THEN 119.54 WHEN (sound_pressure_level#22 = 121.527) THEN 121.527 WHEN (sound_pressure_level#22 = 128.119) THEN 128.119 WHEN (sound_pressure_level#22 = 127.095) THEN 127.095 WHEN (sound_pressure_level#22 = 129.147) THEN 129.147 WHEN (sound_pressure_level#22 = 132.251) THEN 132.251 WHEN (sound_pressure_level#22 = 126.152) THEN 126.152 WHEN (sound_pressure_level#22 = 118.113) THEN 118.113 WHEN (sound_pressure_level#22 = 132.897) THEN 132.897 WHEN (sound_pressure_level#22 = 121.474) THEN 121.474 WHEN (sound_pressure_level#22 = 126.021) THEN 126.021 WHEN (sound_pressure_level#22 = 124.346) THEN 124.346 WHEN (sound_pressure_level#22 = 120.162) THEN 120.162 WHEN (sound_pressure_level#22 = 130.299) THEN 130.299 WHEN (sound_pressure_level#22 = 126.995) THEN 126.995 WHEN (sound_pressure_level#22 = 130.947) THEN 130.947 WHEN (sound_pressure_level#22 = 132.003) THEN 132.003 WHEN (sound_pressure_level#22 = 110.124) THEN 110.124 WHEN (sound_pressure_level#22 = 127.461) THEN 127.461 WHEN (sound_pressure_level#22 = 127.899) THEN 127.899 WHEN (sound_pressure_level#22 = 127.394) THEN 127.394 WHEN (sound_pressure_level#22 = 126.807) THEN 126.807 WHEN (sound_pressure_level#22 = 110.555) THEN 110.555 WHEN (sound_pressure_level#22 = 136.758) THEN 136.758 WHEN (sound_pressure_level#22 = 130.206) THEN 130.206 WHEN (sound_pressure_level#22 = 107.147) THEN 107.147 WHEN (sound_pressure_level#22 = 116.417) THEN 116.417 WHEN (sound_pressure_level#22 = 132.127) THEN 132.127 WHEN (sound_pressure_level#22 = 132.118) THEN 132.118 WHEN (sound_pressure_level#22 = 130.89) THEN 130.89 WHEN (sound_pressure_level#22 = 120.397) THEN 120.397 WHEN (sound_pressure_level#22 = 133.223) THEN 133.223 WHEN (sound_pressure_level#22 = 119.708) THEN 119.708 WHEN (sound_pressure_level#22 = 119.04) THEN 119.04 WHEN (sound_pressure_level#22 = 125.045) THEN 125.045 WHEN (sound_pressure_level#22 = 124.086) THEN 124.086 WHEN (sound_pressure_level#22 = 120.458) THEN 120.458 WHEN (sound_pressure_level#22 = 123.583) THEN 123.583 WHEN (sound_pressure_level#22 = 125.867) THEN 125.867 WHEN (sound_pressure_level#22 = 113.034) THEN 113.034 WHEN (sound_pressure_level#22 = 135.07) THEN 135.07 WHEN (sound_pressure_level#22 = 128.518) THEN 128.518 WHEN (sound_pressure_level#22 = 131.074) THEN 131.074 WHEN (sound_pressure_level#22 = 120.229) THEN 120.229 WHEN (sound_pressure_level#22 = 133.174) THEN 133.174 WHEN (sound_pressure_level#22 = 123.311) THEN 123.311 WHEN (sound_pressure_level#22 = 124.986) THEN 124.986 WHEN (sound_pressure_level#22 = 134.052) THEN 134.052 WHEN (sound_pressure_level#22 = 131.362) THEN 131.362 WHEN (sound_pressure_level#22 = 116.241) THEN 116.241 WHEN (sound_pressure_level#22 = 129.002) THEN 129.002 WHEN (sound_pressure_level#22 = 114.9) THEN 114.9 WHEN (sound_pressure_level#22 = 126.189) THEN 126.189 WHEN (sound_pressure_level#22 = 118.291) THEN 118.291 WHEN (sound_pressure_level#22 = 136.163) THEN 136.163 WHEN (sound_pressure_level#22 = 123.416) THEN 123.416 WHEN (sound_pressure_level#22 = 120.798) THEN 120.798 WHEN (sound_pressure_level#22 = 123.207) THEN 123.207 WHEN (sound_pressure_level#22 = 121.66) THEN 121.66 WHEN (sound_pressure_level#22 = 123.455) THEN 123.455 WHEN (sound_pressure_level#22 = 126.291) THEN 126.291 WHEN (sound_pressure_level#22 = 123.054) THEN 123.054 WHEN (sound_pressure_level#22 = 134.43) THEN 134.43 WHEN (sound_pressure_level#22 = 135.938) THEN 135.938 WHEN (sound_pressure_level#22 = 128.423) THEN 128.423 WHEN (sound_pressure_level#22 = 120.324) THEN 120.324 WHEN (sound_pressure_level#22 = 136.678) THEN 136.678 WHEN (sound_pressure_level#22 = 126.966) THEN 126.966 WHEN (sound_pressure_level#22 = 128.127) THEN 128.127 WHEN (sound_pressure_level#22 = 129.377) THEN 129.377 WHEN (sound_pressure_level#22 = 110.364) THEN 110.364 WHEN (sound_pressure_level#22 = 128.559) THEN 128.559 WHEN (sound_pressure_level#22 = 123.865) THEN 123.865 WHEN (sound_pressure_level#22 = 116.366) THEN 116.366 WHEN (sound_pressure_level#22 = 129.675) THEN 129.675 WHEN (sound_pressure_level#22 = 133.235) THEN 133.235 WHEN (sound_pressure_level#22 = 119.806) THEN 119.806 WHEN (sound_pressure_level#22 = 120.702) THEN 120.702 WHEN (sound_pressure_level#22 = 129.292) THEN 129.292 WHEN (sound_pressure_level#22 = 127.094) THEN 127.094 WHEN (sound_pressure_level#22 = 131.31) THEN 131.31 WHEN (sound_pressure_level#22 = 122.79) THEN 122.79 WHEN (sound_pressure_level#22 = 132.587) THEN 132.587 WHEN (sound_pressure_level#22 = 123.705) THEN 123.705 WHEN (sound_pressure_level#22 = 124.438) THEN 124.438 WHEN (sound_pressure_level#22 = 126.195) THEN 126.195 WHEN (sound_pressure_level#22 = 129.468) THEN 129.468 WHEN (sound_pressure_level#22 = 121.659) THEN 121.659 WHEN (sound_pressure_level#22 = 128.774) THEN 128.774 WHEN (sound_pressure_level#22 = 128.338) THEN 128.338 WHEN (sound_pressure_level#22 = 119.67) THEN 119.67 WHEN (sound_pressure_level#22 = 124.17) THEN 124.17 WHEN (sound_pressure_level#22 = 125.627) THEN 125.627 WHEN (sound_pressure_level#22 = 121.547) THEN 121.547 WHEN (sound_pressure_level#22 = 123.839) THEN 123.839 WHEN (sound_pressure_level#22 = 138.523) THEN 138.523 WHEN (sound_pressure_level#22 = 132.011) THEN 132.011 WHEN (sound_pressure_level#22 = 119.151) THEN 119.151 WHEN (sound_pressure_level#22 = 134.853) THEN 134.853 WHEN (sound_pressure_level#22 = 124.665) THEN 124.665 WHEN (sound_pressure_level#22 = 131.978) THEN 131.978 WHEN (sound_pressure_level#22 = 115.215) THEN 115.215 WHEN (sound_pressure_level#22 = 127.22) THEN 127.22 WHEN (sound_pressure_level#22 = 120.92) THEN 120.92 WHEN (sound_pressure_level#22 = 117.724) THEN 117.724 WHEN (sound_pressure_level#22 = 122.956) THEN 122.956 WHEN (sound_pressure_level#22 = 127.53) THEN 127.53 WHEN (sound_pressure_level#22 = 131.013) THEN 131.013 WHEN (sound_pressure_level#22 = 132.252) THEN 132.252 WHEN (sound_pressure_level#22 = 113.004) THEN 113.004 WHEN (sound_pressure_level#22 = 119.294) THEN 119.294 WHEN (sound_pressure_level#22 = 127.676) THEN 127.676 WHEN (sound_pressure_level#22 = 123.127) THEN 123.127 WHEN (sound_pressure_level#22 = 129.343) THEN 129.343 WHEN (sound_pressure_level#22 = 122.754) THEN 122.754 WHEN (sound_pressure_level#22 = 124.024) THEN 124.024 WHEN (sound_pressure_level#22 = 125.319) THEN 125.319 WHEN (sound_pressure_level#22 = 130.934) THEN 130.934 WHEN (sound_pressure_level#22 = 121.617) THEN 121.617 WHEN (sound_pressure_level#22 = 133.23) THEN 133.23 WHEN (sound_pressure_level#22 = 127.443) THEN 127.443 WHEN (sound_pressure_level#22 = 132.354) THEN 132.354 WHEN (sound_pressure_level#22 = 129.776) THEN 129.776 WHEN (sound_pressure_level#22 = 118.595) THEN 118.595 WHEN (sound_pressure_level#22 = 125.872) THEN 125.872 WHEN (sound_pressure_level#22 = 120.147) THEN 120.147 WHEN (sound_pressure_level#22 = 128.335) THEN 128.335 WHEN (sound_pressure_level#22 = 116.859) THEN 116.859 WHEN (sound_pressure_level#22 = 128.916) THEN 128.916 WHEN (sound_pressure_level#22 = 131.92) THEN 131.92 WHEN (sound_pressure_level#22 = 119.19) THEN 119.19 WHEN (sound_pressure_level#22 = 116.229) THEN 116.229 WHEN (sound_pressure_level#22 = 132.039) THEN 132.039 WHEN (sound_pressure_level#22 = 113.229) THEN 113.229 WHEN (sound_pressure_level#22 = 124.42) THEN 124.42 WHEN (sound_pressure_level#22 = 131.346) THEN 131.346 WHEN (sound_pressure_level#22 = 126.536) THEN 126.536 WHEN (sound_pressure_level#22 = 113.055) THEN 113.055 WHEN (sound_pressure_level#22 = 133.808) THEN 133.808 WHEN (sound_pressure_level#22 = 116.468) THEN 116.468 WHEN (sound_pressure_level#22 = 128.629) THEN 128.629 WHEN (sound_pressure_level#22 = 118.41) THEN 118.41 WHEN (sound_pressure_level#22 = 122.384) THEN 122.384 WHEN (sound_pressure_level#22 = 125.683) THEN 125.683 WHEN (sound_pressure_level#22 = 120.851) THEN 120.851 WHEN (sound_pressure_level#22 = 133.294) THEN 133.294 WHEN (sound_pressure_level#22 = 119.777) THEN 119.777 WHEN (sound_pressure_level#22 = 128.175) THEN 128.175 WHEN (sound_pressure_level#22 = 129.579) THEN 129.579 WHEN (sound_pressure_level#22 = 112.039) THEN 112.039 WHEN (sound_pressure_level#22 = 126.049) THEN 126.049 WHEN (sound_pressure_level#22 = 122.149) THEN 122.149 WHEN (sound_pressure_level#22 = 109.52) THEN 109.52 WHEN (sound_pressure_level#22 = 118.005) THEN 118.005 WHEN (sound_pressure_level#22 = 132.114) THEN 132.114 WHEN (sound_pressure_level#22 = 131.889) THEN 131.889 WHEN (sound_pressure_level#22 = 133.153) THEN 133.153 WHEN (sound_pressure_level#22 = 120.569) THEN 120.569 WHEN (sound_pressure_level#22 = 127.834) THEN 127.834 WHEN (sound_pressure_level#22 = 123.417) THEN 123.417 WHEN (sound_pressure_level#22 = 115.309) THEN 115.309 WHEN (sound_pressure_level#22 = 125.22) THEN 125.22 WHEN (sound_pressure_level#22 = 122.471) THEN 122.471 WHEN (sound_pressure_level#22 = 129.027) THEN 129.027 WHEN (sound_pressure_level#22 = 133.664) THEN 133.664 WHEN (sound_pressure_level#22 = 121.397) THEN 121.397 WHEN (sound_pressure_level#22 = 130.349) THEN 130.349 WHEN (sound_pressure_level#22 = 116.295) THEN 116.295 WHEN (sound_pressure_level#22 = 130.374) THEN 130.374 WHEN (sound_pressure_level#22 = 126.097) THEN 126.097 WHEN (sound_pressure_level#22 = 138.123) THEN 138.123 WHEN (sound_pressure_level#22 = 118.018) THEN 118.018 WHEN (sound_pressure_level#22 = 107.267) THEN 107.267 WHEN (sound_pressure_level#22 = 128.179) THEN 128.179 WHEN (sound_pressure_level#22 = 123.41) THEN 123.41 WHEN (sound_pressure_level#22 = 132.149) THEN 132.149 WHEN (sound_pressure_level#22 = 118.941) THEN 118.941 WHEN (sound_pressure_level#22 = 124.166) THEN 124.166 WHEN (sound_pressure_level#22 = 106.224) THEN 106.224 WHEN (sound_pressure_level#22 = 127.141) THEN 127.141 WHEN (sound_pressure_level#22 = 131.96) THEN 131.96 WHEN (sound_pressure_level#22 = 131.129) THEN 131.129 WHEN (sound_pressure_level#22 = 124.987) THEN 124.987 WHEN (sound_pressure_level#22 = 123.236) THEN 123.236 WHEN (sound_pressure_level#22 = 129.552) THEN 129.552 WHEN (sound_pressure_level#22 = 120.527) THEN 120.527 WHEN (sound_pressure_level#22 = 130.239) THEN 130.239 WHEN (sound_pressure_level#22 = 131.234) THEN 131.234 WHEN (sound_pressure_level#22 = 106.582) THEN 106.582 WHEN (sound_pressure_level#22 = 131.755) THEN 131.755 WHEN (sound_pressure_level#22 = 125.824) THEN 125.824 WHEN (sound_pressure_level#22 = 124.304) THEN 124.304 WHEN (sound_pressure_level#22 = 113.297) THEN 113.297 WHEN (sound_pressure_level#22 = 127.763) THEN 127.763 WHEN (sound_pressure_level#22 = 124.717) THEN 124.717 WHEN (sound_pressure_level#22 = 108.265) THEN 108.265 WHEN (sound_pressure_level#22 = 125.343) THEN 125.343 WHEN (sound_pressure_level#22 = 118.106) THEN 118.106 WHEN (sound_pressure_level#22 = 130.217) THEN 130.217 WHEN (sound_pressure_level#22 = 122.606) THEN 122.606 WHEN (sound_pressure_level#22 = 131.458) THEN 131.458 WHEN (sound_pressure_level#22 = 119.598) THEN 119.598 WHEN (sound_pressure_level#22 = 123.879) THEN 123.879 WHEN (sound_pressure_level#22 = 135.234) THEN 135.234 WHEN (sound_pressure_level#22 = 116.56) THEN 116.56 WHEN (sound_pressure_level#22 = 129.45) THEN 129.45 WHEN (sound_pressure_level#22 = 123.46) THEN 123.46 WHEN (sound_pressure_level#22 = 120.446) THEN 120.446 WHEN (sound_pressure_level#22 = 119.535) THEN 119.535 WHEN (sound_pressure_level#22 = 120.209) THEN 120.209 WHEN (sound_pressure_level#22 = 129.691) THEN 129.691 WHEN (sound_pressure_level#22 = 129.889) THEN 129.889 WHEN (sound_pressure_level#22 = 115.444) THEN 115.444 WHEN (sound_pressure_level#22 = 131.796) THEN 131.796 WHEN (sound_pressure_level#22 = 124.214) THEN 124.214 WHEN (sound_pressure_level#22 = 115.645) THEN 115.645 WHEN (sound_pressure_level#22 = 116.792) THEN 116.792 WHEN (sound_pressure_level#22 = 129.465) THEN 129.465 WHEN (sound_pressure_level#22 = 130.725) THEN 130.725 WHEN (sound_pressure_level#22 = 133.097) THEN 133.097 WHEN (sound_pressure_level#22 = 133.276) THEN 133.276 WHEN (sound_pressure_level#22 = 132.793) THEN 132.793 WHEN (sound_pressure_level#22 = 114.634) THEN 114.634 WHEN (sound_pressure_level#22 = 128.971) THEN 128.971 WHEN (sound_pressure_level#22 = 129.681) THEN 129.681 WHEN (sound_pressure_level#22 = 118.955) THEN 118.955 WHEN (sound_pressure_level#22 = 129.267) THEN 129.267 WHEN (sound_pressure_level#22 = 110.224) THEN 110.224 WHEN (sound_pressure_level#22 = 128.365) THEN 128.365 WHEN (sound_pressure_level#22 = 137.007) THEN 137.007 WHEN (sound_pressure_level#22 = 124.233) THEN 124.233 WHEN (sound_pressure_level#22 = 112.014) THEN 112.014 WHEN (sound_pressure_level#22 = 126.986) THEN 126.986 WHEN (sound_pressure_level#22 = 125.837) THEN 125.837 WHEN (sound_pressure_level#22 = 115.812) THEN 115.812 WHEN (sound_pressure_level#22 = 125.107) THEN 125.107 WHEN (sound_pressure_level#22 = 124.155) THEN 124.155 WHEN (sound_pressure_level#22 = 132.116) THEN 132.116 WHEN (sound_pressure_level#22 = 121.775) THEN 121.775 WHEN (sound_pressure_level#22 = 121.728) THEN 121.728 WHEN (sound_pressure_level#22 = 114.249) THEN 114.249 WHEN (sound_pressure_level#22 = 123.609) THEN 123.609 WHEN (sound_pressure_level#22 = 118.385) THEN 118.385 WHEN (sound_pressure_level#22 = 136.837) THEN 136.837 WHEN (sound_pressure_level#22 = 116.146) THEN 116.146 WHEN (sound_pressure_level#22 = 118.816) THEN 118.816 WHEN (sound_pressure_level#22 = 134.515) THEN 134.515 WHEN (sound_pressure_level#22 = 124.001) THEN 124.001 WHEN (sound_pressure_level#22 = 125.116) THEN 125.116 WHEN (sound_pressure_level#22 = 127.039) THEN 127.039 WHEN (sound_pressure_level#22 = 128.381) THEN 128.381 WHEN (sound_pressure_level#22 = 123.255) THEN 123.255 WHEN (sound_pressure_level#22 = 132.202) THEN 132.202 WHEN (sound_pressure_level#22 = 124.253) THEN 124.253 WHEN (sound_pressure_level#22 = 122.205) THEN 122.205 WHEN (sound_pressure_level#22 = 130.638) THEN 130.638 WHEN (sound_pressure_level#22 = 127.315) THEN 127.315 WHEN (sound_pressure_level#22 = 125.992) THEN 125.992 WHEN (sound_pressure_level#22 = 126.835) THEN 126.835 WHEN (sound_pressure_level#22 = 114.75) THEN 114.75 WHEN (sound_pressure_level#22 = 121.238) THEN 121.238 WHEN (sound_pressure_level#22 = 130.4) THEN 130.4 WHEN (sound_pressure_level#22 = 125.527) THEN 125.527 WHEN (sound_pressure_level#22 = 110.491) THEN 110.491 WHEN (sound_pressure_level#22 = 126.001) THEN 126.001 WHEN (sound_pressure_level#22 = 124.931) THEN 124.931 WHEN (sound_pressure_level#22 = 129.099) THEN 129.099 WHEN (sound_pressure_level#22 = 125.524) THEN 125.524 WHEN (sound_pressure_level#22 = 120.33) THEN 120.33 WHEN (sound_pressure_level#22 = 138.758) THEN 138.758 WHEN (sound_pressure_level#22 = 130.989) THEN 130.989 WHEN (sound_pressure_level#22 = 124.121) THEN 124.121 WHEN (sound_pressure_level#22 = 137.026) THEN 137.026 WHEN (sound_pressure_level#22 = 135.953) THEN 135.953 WHEN (sound_pressure_level#22 = 115.608) THEN 115.608 WHEN (sound_pressure_level#22 = 129.744) THEN 129.744 WHEN (sound_pressure_level#22 = 129.308) THEN 129.308 WHEN (sound_pressure_level#22 = 129.285) THEN 129.285 WHEN (sound_pressure_level#22 = 118.696) THEN 118.696 WHEN (sound_pressure_level#22 = 121.996) THEN 121.996 WHEN (sound_pressure_level#22 = 128.311) THEN 128.311 WHEN (sound_pressure_level#22 = 119.649) THEN 119.649 WHEN (sound_pressure_level#22 = 130.829) THEN 130.829 WHEN (sound_pressure_level#22 = 131.955) THEN 131.955 WHEN (sound_pressure_level#22 = 124.525) THEN 124.525 WHEN (sound_pressure_level#22 = 126.599) THEN 126.599 WHEN (sound_pressure_level#22 = 130.629) THEN 130.629 WHEN (sound_pressure_level#22 = 128.831) THEN 128.831 WHEN (sound_pressure_level#22 = 126.675) THEN 126.675 WHEN (sound_pressure_level#22 = 118.441) THEN 118.441 WHEN (sound_pressure_level#22 = 111.029) THEN 111.029 WHEN (sound_pressure_level#22 = 119.505) THEN 119.505 WHEN (sound_pressure_level#22 = 117.328) THEN 117.328 WHEN (sound_pressure_level#22 = 138.537) THEN 138.537 WHEN (sound_pressure_level#22 = 134.996) THEN 134.996 WHEN (sound_pressure_level#22 = 126.537) THEN 126.537 WHEN (sound_pressure_level#22 = 127.197) THEN 127.197 WHEN (sound_pressure_level#22 = 132.595) THEN 132.595 WHEN (sound_pressure_level#22 = 127.73) THEN 127.73 WHEN (sound_pressure_level#22 = 124.393) THEN 124.393 WHEN (sound_pressure_level#22 = 113.315) THEN 113.315 WHEN (sound_pressure_level#22 = 124.355) THEN 124.355 WHEN (sound_pressure_level#22 = 121.762) THEN 121.762 WHEN (sound_pressure_level#22 = 125.398) THEN 125.398 WHEN (sound_pressure_level#22 = 135.329) THEN 135.329 WHEN (sound_pressure_level#22 = 122.845) THEN 122.845 WHEN (sound_pressure_level#22 = 127.92) THEN 127.92 WHEN (sound_pressure_level#22 = 129.973) THEN 129.973 WHEN (sound_pressure_level#22 = 122.371) THEN 122.371 WHEN (sound_pressure_level#22 = 123.061) THEN 123.061 WHEN (sound_pressure_level#22 = 113.733) THEN 113.733 WHEN (sound_pressure_level#22 = 115.996) THEN 115.996 WHEN (sound_pressure_level#22 = 132.357) THEN 132.357 WHEN (sound_pressure_level#22 = 115.691) THEN 115.691 WHEN (sound_pressure_level#22 = 136.031) THEN 136.031 WHEN (sound_pressure_level#22 = 117.604) THEN 117.604 WHEN (sound_pressure_level#22 = 121.93) THEN 121.93 WHEN (sound_pressure_level#22 = 128.952) THEN 128.952 WHEN (sound_pressure_level#22 = 122.235) THEN 122.235 WHEN (sound_pressure_level#22 = 126.486) THEN 126.486 WHEN (sound_pressure_level#22 = 117.093) THEN 117.093 WHEN (sound_pressure_level#22 = 116.066) THEN 116.066 WHEN (sound_pressure_level#22 = 129.8) THEN 129.8 WHEN (sound_pressure_level#22 = 130.435) THEN 130.435 WHEN (sound_pressure_level#22 = 120.034) THEN 120.034 WHEN (sound_pressure_level#22 = 130.089) THEN 130.089 WHEN (sound_pressure_level#22 = 123.453) THEN 123.453 WHEN (sound_pressure_level#22 = 131.111) THEN 131.111 WHEN (sound_pressure_level#22 = 134.308) THEN 134.308 WHEN (sound_pressure_level#22 = 125.268) THEN 125.268 WHEN (sound_pressure_level#22 = 131.184) THEN 131.184 WHEN (sound_pressure_level#22 = 124.514) THEN 124.514 WHEN (sound_pressure_level#22 = 131.642) THEN 131.642 WHEN (sound_pressure_level#22 = 129.949) THEN 129.949 WHEN (sound_pressure_level#22 = 113.288) THEN 113.288 WHEN (sound_pressure_level#22 = 130.67) THEN 130.67 WHEN (sound_pressure_level#22 = 125.348) THEN 125.348 WHEN (sound_pressure_level#22 = 118.689) THEN 118.689 WHEN (sound_pressure_level#22 = 124.838) THEN 124.838 WHEN (sound_pressure_level#22 = 130.595) THEN 130.595 WHEN (sound_pressure_level#22 = 128.816) THEN 128.816 WHEN (sound_pressure_level#22 = 129.491) THEN 129.491 WHEN (sound_pressure_level#22 = 112.541) THEN 112.541 WHEN (sound_pressure_level#22 = 125.728) THEN 125.728 WHEN (sound_pressure_level#22 = 125.589) THEN 125.589 WHEN (sound_pressure_level#22 = 124.101) THEN 124.101 WHEN (sound_pressure_level#22 = 121.234) THEN 121.234 WHEN (sound_pressure_level#22 = 106.111) THEN 106.111 WHEN (sound_pressure_level#22 = 117.134) THEN 117.134 WHEN (sound_pressure_level#22 = 120.779) THEN 120.779 WHEN (sound_pressure_level#22 = 131.01) THEN 131.01 WHEN (sound_pressure_level#22 = 115.461) THEN 115.461 WHEN (sound_pressure_level#22 = 131.43) THEN 131.43 WHEN (sound_pressure_level#22 = 132.301) THEN 132.301 WHEN (sound_pressure_level#22 = 113.129) THEN 113.129 WHEN (sound_pressure_level#22 = 127.903) THEN 127.903 WHEN (sound_pressure_level#22 = 127.101) THEN 127.101 WHEN (sound_pressure_level#22 = 116.225) THEN 116.225 WHEN (sound_pressure_level#22 = 136.166) THEN 136.166 WHEN (sound_pressure_level#22 = 119.854) THEN 119.854 WHEN (sound_pressure_level#22 = 133.42) THEN 133.42 WHEN (sound_pressure_level#22 = 126.648) THEN 126.648 WHEN (sound_pressure_level#22 = 124.809) THEN 124.809 WHEN (sound_pressure_level#22 = 122.365) THEN 122.365 WHEN (sound_pressure_level#22 = 123.635) THEN 123.635 WHEN (sound_pressure_level#22 = 119.159) THEN 119.159 WHEN (sound_pressure_level#22 = 116.559) THEN 116.559 WHEN (sound_pressure_level#22 = 132.355) THEN 132.355 WHEN (sound_pressure_level#22 = 131.605) THEN 131.605 WHEN (sound_pressure_level#22 = 118.619) THEN 118.619 WHEN (sound_pressure_level#22 = 125.717) THEN 125.717 WHEN (sound_pressure_level#22 = 124.835) THEN 124.835 WHEN (sound_pressure_level#22 = 133.378) THEN 133.378 WHEN (sound_pressure_level#22 = 137.658) THEN 137.658 WHEN (sound_pressure_level#22 = 133.653) THEN 133.653 WHEN (sound_pressure_level#22 = 123.514) THEN 123.514 WHEN (sound_pressure_level#22 = 134.0) THEN 134.0 WHEN (sound_pressure_level#22 = 124.647) THEN 124.647 WHEN (sound_pressure_level#22 = 126.465) THEN 126.465 WHEN (sound_pressure_level#22 = 120.766) THEN 120.766 WHEN (sound_pressure_level#22 = 134.247) THEN 134.247 WHEN (sound_pressure_level#22 = 137.076) THEN 137.076 WHEN (sound_pressure_level#22 = 126.201) THEN 126.201 WHEN (sound_pressure_level#22 = 123.312) THEN 123.312 WHEN (sound_pressure_level#22 = 120.061) THEN 120.061 WHEN (sound_pressure_level#22 = 110.868) THEN 110.868 WHEN (sound_pressure_level#22 = 129.777) THEN 129.777 WHEN (sound_pressure_level#22 = 131.518) THEN 131.518 WHEN (sound_pressure_level#22 = 124.512) THEN 124.512 WHEN (sound_pressure_level#22 = 125.211) THEN 125.211 WHEN (sound_pressure_level#22 = 124.156) THEN 124.156 WHEN (sound_pressure_level#22 = 130.392) THEN 130.392 WHEN (sound_pressure_level#22 = 127.006) THEN 127.006 WHEN (sound_pressure_level#22 = 131.471) THEN 131.471 WHEN (sound_pressure_level#22 = 117.925) THEN 117.925 WHEN (sound_pressure_level#22 = 130.908) THEN 130.908 WHEN (sound_pressure_level#22 = 123.695) THEN 123.695 WHEN (sound_pressure_level#22 = 133.207) THEN 133.207 WHEN (sound_pressure_level#22 = 123.465) THEN 123.465 WHEN (sound_pressure_level#22 = 117.465) THEN 117.465 WHEN (sound_pressure_level#22 = 131.467) THEN 131.467 WHEN (sound_pressure_level#22 = 122.397) THEN 122.397 WHEN (sound_pressure_level#22 = 119.343) THEN 119.343 WHEN (sound_pressure_level#22 = 134.826) THEN 134.826 WHEN (sound_pressure_level#22 = 133.042) THEN 133.042 WHEN (sound_pressure_level#22 = 125.963) THEN 125.963 WHEN (sound_pressure_level#22 = 134.498) THEN 134.498 WHEN (sound_pressure_level#22 = 129.934) THEN 129.934 WHEN (sound_pressure_level#22 = 126.356) THEN 126.356 WHEN (sound_pressure_level#22 = 134.625) THEN 134.625 WHEN (sound_pressure_level#22 = 122.218) THEN 122.218 WHEN (sound_pressure_level#22 = 117.741) THEN 117.741 WHEN (sound_pressure_level#22 = 122.147) THEN 122.147 WHEN (sound_pressure_level#22 = 122.797) THEN 122.797 WHEN (sound_pressure_level#22 = 112.639) THEN 112.639 WHEN (sound_pressure_level#22 = 113.334) THEN 113.334 WHEN (sound_pressure_level#22 = 128.435) THEN 128.435 WHEN (sound_pressure_level#22 = 122.411) THEN 122.411 WHEN (sound_pressure_level#22 = 118.964) THEN 118.964 WHEN (sound_pressure_level#22 = 130.183) THEN 130.183 WHEN (sound_pressure_level#22 = 134.319) THEN 134.319 WHEN (sound_pressure_level#22 = 130.965) THEN 130.965 WHEN (sound_pressure_level#22 = 127.465) THEN 127.465 WHEN (sound_pressure_level#22 = 129.5) THEN 129.5 WHEN (sound_pressure_level#22 = 122.375) THEN 122.375 WHEN (sound_pressure_level#22 = 127.753) THEN 127.753 WHEN (sound_pressure_level#22 = 130.644) THEN 130.644 WHEN (sound_pressure_level#22 = 121.009) THEN 121.009 WHEN (sound_pressure_level#22 = 107.284) THEN 107.284 WHEN (sound_pressure_level#22 = 130.195) THEN 130.195 WHEN (sound_pressure_level#22 = 124.843) THEN 124.843 WHEN (sound_pressure_level#22 = 118.634) THEN 118.634 WHEN (sound_pressure_level#22 = 125.465) THEN 125.465 WHEN (sound_pressure_level#22 = 134.034) THEN 134.034 WHEN (sound_pressure_level#22 = 124.881) THEN 124.881 WHEN (sound_pressure_level#22 = 126.645) THEN 126.645 WHEN (sound_pressure_level#22 = 121.944) THEN 121.944 WHEN (sound_pressure_level#22 = 120.228) THEN 120.228 WHEN (sound_pressure_level#22 = 129.148) THEN 129.148 WHEN (sound_pressure_level#22 = 127.928) THEN 127.928 WHEN (sound_pressure_level#22 = 132.513) THEN 132.513 WHEN (sound_pressure_level#22 = 122.94) THEN 122.94 WHEN (sound_pressure_level#22 = 136.883) THEN 136.883 WHEN (sound_pressure_level#22 = 117.309) THEN 117.309 WHEN (sound_pressure_level#22 = 132.134) THEN 132.134 WHEN (sound_pressure_level#22 = 132.918) THEN 132.918 WHEN (sound_pressure_level#22 = 131.918) THEN 131.918 WHEN (sound_pressure_level#22 = 115.635) THEN 115.635 WHEN (sound_pressure_level#22 = 131.448) THEN 131.448 WHEN (sound_pressure_level#22 = 126.642) THEN 126.642 WHEN (sound_pressure_level#22 = 128.677) THEN 128.677 WHEN (sound_pressure_level#22 = 118.994) THEN 118.994 WHEN (sound_pressure_level#22 = 123.991) THEN 123.991 WHEN (sound_pressure_level#22 = 118.343) THEN 118.343 WHEN (sound_pressure_level#22 = 131.515) THEN 131.515 WHEN (sound_pressure_level#22 = 124.493) THEN 124.493 WHEN (sound_pressure_level#22 = 121.225) THEN 121.225 WHEN (sound_pressure_level#22 = 125.974) THEN 125.974 WHEN (sound_pressure_level#22 = 136.536) THEN 136.536 WHEN (sound_pressure_level#22 = 125.726) THEN 125.726 WHEN (sound_pressure_level#22 = 130.935) THEN 130.935 WHEN (sound_pressure_level#22 = 122.394) THEN 122.394 WHEN (sound_pressure_level#22 = 116.659) THEN 116.659 WHEN (sound_pressure_level#22 = 110.313) THEN 110.313 WHEN (sound_pressure_level#22 = 115.91) THEN 115.91 WHEN (sound_pressure_level#22 = 134.556) THEN 134.556 WHEN (sound_pressure_level#22 = 134.87) THEN 134.87 WHEN (sound_pressure_level#22 = 133.649) THEN 133.649 WHEN (sound_pressure_level#22 = 129.329) THEN 129.329 WHEN (sound_pressure_level#22 = 104.5) THEN 104.5 WHEN (sound_pressure_level#22 = 129.848) THEN 129.848 WHEN (sound_pressure_level#22 = 125.353) THEN 125.353 WHEN (sound_pressure_level#22 = 127.591) THEN 127.591 WHEN (sound_pressure_level#22 = 126.616) THEN 126.616 WHEN (sound_pressure_level#22 = 116.476) THEN 116.476 WHEN (sound_pressure_level#22 = 126.16) THEN 126.16 WHEN (sound_pressure_level#22 = 114.309) THEN 114.309 WHEN (sound_pressure_level#22 = 129.645) THEN 129.645 WHEN (sound_pressure_level#22 = 119.975) THEN 119.975 WHEN (sound_pressure_level#22 = 135.484) THEN 135.484 WHEN (sound_pressure_level#22 = 133.062) THEN 133.062 WHEN (sound_pressure_level#22 = 128.412) THEN 128.412 WHEN (sound_pressure_level#22 = 126.17) THEN 126.17 WHEN (sound_pressure_level#22 = 132.611) THEN 132.611 WHEN (sound_pressure_level#22 = 119.632) THEN 119.632 WHEN (sound_pressure_level#22 = 112.848) THEN 112.848 WHEN (sound_pressure_level#22 = 117.911) THEN 117.911 WHEN (sound_pressure_level#22 = 126.299) THEN 126.299 WHEN (sound_pressure_level#22 = 120.509) THEN 120.509 WHEN (sound_pressure_level#22 = 117.137) THEN 117.137 WHEN (sound_pressure_level#22 = 128.241) THEN 128.241 WHEN (sound_pressure_level#22 = 121.664) THEN 121.664 WHEN (sound_pressure_level#22 = 112.16) THEN 112.16 WHEN (sound_pressure_level#22 = 123.177) THEN 123.177 WHEN (sound_pressure_level#22 = 119.916) THEN 119.916 WHEN (sound_pressure_level#22 = 131.78) THEN 131.78 WHEN (sound_pressure_level#22 = 120.037) THEN 120.037 WHEN (sound_pressure_level#22 = 126.838) THEN 126.838 WHEN (sound_pressure_level#22 = 116.165) THEN 116.165 WHEN (sound_pressure_level#22 = 123.081) THEN 123.081 WHEN (sound_pressure_level#22 = 128.647) THEN 128.647 WHEN (sound_pressure_level#22 = 123.303) THEN 123.303 WHEN (sound_pressure_level#22 = 122.919) THEN 122.919 WHEN (sound_pressure_level#22 = 129.27) THEN 129.27 WHEN (sound_pressure_level#22 = 130.0) THEN 130.0 WHEN (sound_pressure_level#22 = 128.977) THEN 128.977 WHEN (sound_pressure_level#22 = 126.413) THEN 126.413 WHEN (sound_pressure_level#22 = 131.636) THEN 131.636 WHEN (sound_pressure_level#22 = 128.763) THEN 128.763 WHEN (sound_pressure_level#22 = 119.606) THEN 119.606 WHEN (sound_pressure_level#22 = 122.439) THEN 122.439 WHEN (sound_pressure_level#22 = 121.903) THEN 121.903 WHEN (sound_pressure_level#22 = 110.78) THEN 110.78 WHEN (sound_pressure_level#22 = 133.79) THEN 133.79 WHEN (sound_pressure_level#22 = 122.413) THEN 122.413 WHEN (sound_pressure_level#22 = 136.826) THEN 136.826 WHEN (sound_pressure_level#22 = 127.251) THEN 127.251 WHEN (sound_pressure_level#22 = 133.355) THEN 133.355 WHEN (sound_pressure_level#22 = 125.603) THEN 125.603 WHEN (sound_pressure_level#22 = 108.185) THEN 108.185 WHEN (sound_pressure_level#22 = 120.575) THEN 120.575 WHEN (sound_pressure_level#22 = 109.951) THEN 109.951 WHEN (sound_pressure_level#22 = 117.927) THEN 117.927 WHEN (sound_pressure_level#22 = 117.789) THEN 117.789 WHEN (sound_pressure_level#22 = 130.987) THEN 130.987 WHEN (sound_pressure_level#22 = 125.809) THEN 125.809 WHEN (sound_pressure_level#22 = 108.034) THEN 108.034 WHEN (sound_pressure_level#22 = 130.073) THEN 130.073 WHEN (sound_pressure_level#22 = 124.394) THEN 124.394 WHEN (sound_pressure_level#22 = 126.066) THEN 126.066 WHEN (sound_pressure_level#22 = 130.791) THEN 130.791 WHEN (sound_pressure_level#22 = 123.82) THEN 123.82 WHEN (sound_pressure_level#22 = 117.119) THEN 117.119 WHEN (sound_pressure_level#22 = 124.356) THEN 124.356 WHEN (sound_pressure_level#22 = 133.012) THEN 133.012 WHEN (sound_pressure_level#22 = 117.154) THEN 117.154 WHEN (sound_pressure_level#22 = 133.846) THEN 133.846 WHEN (sound_pressure_level#22 = 126.644) THEN 126.644 WHEN (sound_pressure_level#22 = 110.515) THEN 110.515 WHEN (sound_pressure_level#22 = 128.29) THEN 128.29 WHEN (sound_pressure_level#22 = 122.41) THEN 122.41 WHEN (sound_pressure_level#22 = 122.035) THEN 122.035 WHEN (sound_pressure_level#22 = 116.151) THEN 116.151 WHEN (sound_pressure_level#22 = 121.059) THEN 121.059 WHEN (sound_pressure_level#22 = 119.737) THEN 119.737 WHEN (sound_pressure_level#22 = 127.117) THEN 127.117 WHEN (sound_pressure_level#22 = 130.893) THEN 130.893 WHEN (sound_pressure_level#22 = 128.595) THEN 128.595 WHEN (sound_pressure_level#22 = 117.504) THEN 117.504 WHEN (sound_pressure_level#22 = 121.933) THEN 121.933 WHEN (sound_pressure_level#22 = 126.886) THEN 126.886 WHEN (sound_pressure_level#22 = 129.58) THEN 129.58 WHEN (sound_pressure_level#22 = 113.858) THEN 113.858 WHEN (sound_pressure_level#22 = 139.918) THEN 139.918 WHEN (sound_pressure_level#22 = 119.875) THEN 119.875 WHEN (sound_pressure_level#22 = 116.967) THEN 116.967 WHEN (sound_pressure_level#22 = 130.614) THEN 130.614 WHEN (sound_pressure_level#22 = 125.966) THEN 125.966 WHEN (sound_pressure_level#22 = 128.878) THEN 128.878 WHEN (sound_pressure_level#22 = 127.318) THEN 127.318 WHEN (sound_pressure_level#22 = 124.338) THEN 124.338 WHEN (sound_pressure_level#22 = 126.457) THEN 126.457 WHEN (sound_pressure_level#22 = 114.927) THEN 114.927 WHEN (sound_pressure_level#22 = 126.743) THEN 126.743 WHEN (sound_pressure_level#22 = 134.976) THEN 134.976 WHEN (sound_pressure_level#22 = 120.538) THEN 120.538 WHEN (sound_pressure_level#22 = 131.434) THEN 131.434 WHEN (sound_pressure_level#22 = 128.216) THEN 128.216 WHEN (sound_pressure_level#22 = 126.842) THEN 126.842 WHEN (sound_pressure_level#22 = 120.137) THEN 120.137 WHEN (sound_pressure_level#22 = 124.207) THEN 124.207 WHEN (sound_pressure_level#22 = 106.26) THEN 106.26 WHEN (sound_pressure_level#22 = 126.5) THEN 126.5 WHEN (sound_pressure_level#22 = 137.047) THEN 137.047 WHEN (sound_pressure_level#22 = 131.808) THEN 131.808 WHEN (sound_pressure_level#22 = 114.709) THEN 114.709 WHEN (sound_pressure_level#22 = 134.111) THEN 134.111 WHEN (sound_pressure_level#22 = 118.145) THEN 118.145 WHEN (sound_pressure_level#22 = 125.157) THEN 125.157 WHEN (sound_pressure_level#22 = 119.208) THEN 119.208 WHEN (sound_pressure_level#22 = 123.988) THEN 123.988 WHEN (sound_pressure_level#22 = 131.966) THEN 131.966 WHEN (sound_pressure_level#22 = 119.646) THEN 119.646 WHEN (sound_pressure_level#22 = 118.084) THEN 118.084 WHEN (sound_pressure_level#22 = 118.024) THEN 118.024 WHEN (sound_pressure_level#22 = 130.541) THEN 130.541 WHEN (sound_pressure_level#22 = 123.443) THEN 123.443 WHEN (sound_pressure_level#22 = 132.395) THEN 132.395 WHEN (sound_pressure_level#22 = 131.708) THEN 131.708 WHEN (sound_pressure_level#22 = 130.507) THEN 130.507 WHEN (sound_pressure_level#22 = 130.123) THEN 130.123 WHEN (sound_pressure_level#22 = 135.459) THEN 135.459 WHEN (sound_pressure_level#22 = 126.926) THEN 126.926 WHEN (sound_pressure_level#22 = 115.52) THEN 115.52 WHEN (sound_pressure_level#22 = 128.398) THEN 128.398 WHEN (sound_pressure_level#22 = 120.856) THEN 120.856 WHEN (sound_pressure_level#22 = 122.765) THEN 122.765 WHEN (sound_pressure_level#22 = 130.205) THEN 130.205 WHEN (sound_pressure_level#22 = 122.232) THEN 122.232 WHEN (sound_pressure_level#22 = 130.787) THEN 130.787 WHEN (sound_pressure_level#22 = 129.006) THEN 129.006 WHEN (sound_pressure_level#22 = 127.127) THEN 127.127 WHEN (sound_pressure_level#22 = 130.588) THEN 130.588 WHEN (sound_pressure_level#22 = 127.548) THEN 127.548 WHEN (sound_pressure_level#22 = 114.67) THEN 114.67 WHEN (sound_pressure_level#22 = 130.026) THEN 130.026 WHEN (sound_pressure_level#22 = 130.746) THEN 130.746 WHEN (sound_pressure_level#22 = 133.894) THEN 133.894 WHEN (sound_pressure_level#22 = 125.857) THEN 125.857 WHEN (sound_pressure_level#22 = 133.611) THEN 133.611 WHEN (sound_pressure_level#22 = 125.01) THEN 125.01 WHEN (sound_pressure_level#22 = 128.401) THEN 128.401 WHEN (sound_pressure_level#22 = 117.785) THEN 117.785 WHEN (sound_pressure_level#22 = 123.742) THEN 123.742 WHEN (sound_pressure_level#22 = 126.267) THEN 126.267 WHEN (sound_pressure_level#22 = 109.885) THEN 109.885 WHEN (sound_pressure_level#22 = 121.485) THEN 121.485 WHEN (sound_pressure_level#22 = 124.208) THEN 124.208 WHEN (sound_pressure_level#22 = 119.146) THEN 119.146 WHEN (sound_pressure_level#22 = 134.533) THEN 134.533 WHEN (sound_pressure_level#22 = 138.423) THEN 138.423 WHEN (sound_pressure_level#22 = 117.151) THEN 117.151 WHEN (sound_pressure_level#22 = 123.274) THEN 123.274 WHEN (sound_pressure_level#22 = 129.367) THEN 129.367 WHEN (sound_pressure_level#22 = 116.181) THEN 116.181 WHEN (sound_pressure_level#22 = 128.56) THEN 128.56 WHEN (sound_pressure_level#22 = 125.048) THEN 125.048 WHEN (sound_pressure_level#22 = 118.922) THEN 118.922 WHEN (sound_pressure_level#22 = 129.134) THEN 129.134 WHEN (sound_pressure_level#22 = 123.037) THEN 123.037 WHEN (sound_pressure_level#22 = 137.207) THEN 137.207 WHEN (sound_pressure_level#22 = 134.152) THEN 134.152 WHEN (sound_pressure_level#22 = 128.416) THEN 128.416 WHEN (sound_pressure_level#22 = 113.492) THEN 113.492 WHEN (sound_pressure_level#22 = 112.699) THEN 112.699 WHEN (sound_pressure_level#22 = 119.137) THEN 119.137 WHEN (sound_pressure_level#22 = 130.558) THEN 130.558 WHEN (sound_pressure_level#22 = 130.34) THEN 130.34 WHEN (sound_pressure_level#22 = 128.562) THEN 128.562 WHEN (sound_pressure_level#22 = 127.893) THEN 127.893 WHEN (sound_pressure_level#22 = 133.436) THEN 133.436 WHEN (sound_pressure_level#22 = 128.704) THEN 128.704 WHEN (sound_pressure_level#22 = 124.458) THEN 124.458 WHEN (sound_pressure_level#22 = 128.264) THEN 128.264 WHEN (sound_pressure_level#22 = 127.358) THEN 127.358 WHEN (sound_pressure_level#22 = 109.949) THEN 109.949 WHEN (sound_pressure_level#22 = 123.304) THEN 123.304 WHEN (sound_pressure_level#22 = 126.59) THEN 126.59 WHEN (sound_pressure_level#22 = 113.298) THEN 113.298 WHEN (sound_pressure_level#22 = 111.076) THEN 111.076 WHEN (sound_pressure_level#22 = 126.758) THEN 126.758 WHEN (sound_pressure_level#22 = 130.688) THEN 130.688 WHEN (sound_pressure_level#22 = 120.058) THEN 120.058 WHEN (sound_pressure_level#22 = 123.217) THEN 123.217 WHEN (sound_pressure_level#22 = 120.088) THEN 120.088 WHEN (sound_pressure_level#22 = 121.627) THEN 121.627 WHEN (sound_pressure_level#22 = 123.74) THEN 123.74 WHEN (sound_pressure_level#22 = 124.353) THEN 124.353 WHEN (sound_pressure_level#22 = 128.484) THEN 128.484 WHEN (sound_pressure_level#22 = 113.045) THEN 113.045 WHEN (sound_pressure_level#22 = 122.216) THEN 122.216 WHEN (sound_pressure_level#22 = 112.524) THEN 112.524 WHEN (sound_pressure_level#22 = 133.38) THEN 133.38 WHEN (sound_pressure_level#22 = 135.956) THEN 135.956 WHEN (sound_pressure_level#22 = 107.985) THEN 107.985 WHEN (sound_pressure_level#22 = 124.188) THEN 124.188 WHEN (sound_pressure_level#22 = 124.049) THEN 124.049 WHEN (sound_pressure_level#22 = 123.775) THEN 123.775 WHEN (sound_pressure_level#22 = 122.229) THEN 122.229 WHEN (sound_pressure_level#22 = 125.721) THEN 125.721 WHEN (sound_pressure_level#22 = 132.043) THEN 132.043 WHEN (sound_pressure_level#22 = 133.587) THEN 133.587 WHEN (sound_pressure_level#22 = 121.582) THEN 121.582 WHEN (sound_pressure_level#22 = 114.453) THEN 114.453 WHEN (sound_pressure_level#22 = 124.244) THEN 124.244 WHEN (sound_pressure_level#22 = 124.439) THEN 124.439 WHEN (sound_pressure_level#22 = 128.169) THEN 128.169 WHEN (sound_pressure_level#22 = 125.741) THEN 125.741 WHEN (sound_pressure_level#22 = 126.805) THEN 126.805 WHEN (sound_pressure_level#22 = 133.376) THEN 133.376 WHEN (sound_pressure_level#22 = 131.446) THEN 131.446 WHEN (sound_pressure_level#22 = 121.256) THEN 121.256 WHEN (sound_pressure_level#22 = 132.304) THEN 132.304 WHEN (sound_pressure_level#22 = 121.301) THEN 121.301 WHEN (sound_pressure_level#22 = 108.721) THEN 108.721 WHEN (sound_pressure_level#22 = 115.792) THEN 115.792 WHEN (sound_pressure_level#22 = 128.713) THEN 128.713 WHEN (sound_pressure_level#22 = 127.488) THEN 127.488 WHEN (sound_pressure_level#22 = 131.036) THEN 131.036 WHEN (sound_pressure_level#22 = 124.127) THEN 124.127 WHEN (sound_pressure_level#22 = 125.201) THEN 125.201 WHEN (sound_pressure_level#22 = 126.677) THEN 126.677 WHEN (sound_pressure_level#22 = 118.267) THEN 118.267 WHEN (sound_pressure_level#22 = 134.528) THEN 134.528 WHEN (sound_pressure_level#22 = 116.723) THEN 116.723 WHEN (sound_pressure_level#22 = 109.254) THEN 109.254 WHEN (sound_pressure_level#22 = 115.372) THEN 115.372 WHEN (sound_pressure_level#22 = 119.115) THEN 119.115 WHEN (sound_pressure_level#22 = 127.408) THEN 127.408 WHEN (sound_pressure_level#22 = 129.977) THEN 129.977 WHEN (sound_pressure_level#22 = 132.095) THEN 132.095 WHEN (sound_pressure_level#22 = 125.114) THEN 125.114 WHEN (sound_pressure_level#22 = 110.652) THEN 110.652 WHEN (sound_pressure_level#22 = 118.827) THEN 118.827 WHEN (sound_pressure_level#22 = 126.045) THEN 126.045 WHEN (sound_pressure_level#22 = 122.675) THEN 122.675 WHEN (sound_pressure_level#22 = 135.803) THEN 135.803 WHEN (sound_pressure_level#22 = 120.607) THEN 120.607 WHEN (sound_pressure_level#22 = 112.506) THEN 112.506 WHEN (sound_pressure_level#22 = 130.898) THEN 130.898 WHEN (sound_pressure_level#22 = 114.779) THEN 114.779 WHEN (sound_pressure_level#22 = 120.573) THEN 120.573 WHEN (sound_pressure_level#22 = 131.279) THEN 131.279 WHEN (sound_pressure_level#22 = 135.49) THEN 135.49 WHEN (sound_pressure_level#22 = 130.477) THEN 130.477 WHEN (sound_pressure_level#22 = 129.116) THEN 129.116 WHEN (sound_pressure_level#22 = 114.861) THEN 114.861 WHEN (sound_pressure_level#22 = 131.971) THEN 131.971 WHEN (sound_pressure_level#22 = 125.305) THEN 125.305 WHEN (sound_pressure_level#22 = 130.46) THEN 130.46 WHEN (sound_pressure_level#22 = 136.798) THEN 136.798 WHEN (sound_pressure_level#22 = 115.818) THEN 115.818 WHEN (sound_pressure_level#22 = 127.556) THEN 127.556 WHEN (sound_pressure_level#22 = 114.044) THEN 114.044 WHEN (sound_pressure_level#22 = 114.554) THEN 114.554 WHEN (sound_pressure_level#22 = 130.173) THEN 130.173 WHEN (sound_pressure_level#22 = 118.743) THEN 118.743 WHEN (sound_pressure_level#22 = 139.808) THEN 139.808 WHEN (sound_pressure_level#22 = 130.033) THEN 130.033 WHEN (sound_pressure_level#22 = 115.144) THEN 115.144 WHEN (sound_pressure_level#22 = 127.801) THEN 127.801 WHEN (sound_pressure_level#22 = 125.499) THEN 125.499 WHEN (sound_pressure_level#22 = 118.712) THEN 118.712 WHEN (sound_pressure_level#22 = 119.039) THEN 119.039 WHEN (sound_pressure_level#22 = 129.937) THEN 129.937 WHEN (sound_pressure_level#22 = 114.569) THEN 114.569 WHEN (sound_pressure_level#22 = 115.89) THEN 115.89 WHEN (sound_pressure_level#22 = 106.88) THEN 106.88 WHEN (sound_pressure_level#22 = 119.698) THEN 119.698 WHEN (sound_pressure_level#22 = 126.446) THEN 126.446 WHEN (sound_pressure_level#22 = 137.813) THEN 137.813 WHEN (sound_pressure_level#22 = 110.447) THEN 110.447 WHEN (sound_pressure_level#22 = 123.689) THEN 123.689 WHEN (sound_pressure_level#22 = 118.134) THEN 118.134 WHEN (sound_pressure_level#22 = 116.815) THEN 116.815 WHEN (sound_pressure_level#22 = 114.079) THEN 114.079 WHEN (sound_pressure_level#22 = 128.857) THEN 128.857 WHEN (sound_pressure_level#22 = 111.588) THEN 111.588 WHEN (sound_pressure_level#22 = 123.965) THEN 123.965 WHEN (sound_pressure_level#22 = 120.076) THEN 120.076 WHEN (sound_pressure_level#22 = 129.301) THEN 129.301 WHEN (sound_pressure_level#22 = 133.211) THEN 133.211 WHEN (sound_pressure_level#22 = 120.247) THEN 120.247 WHEN (sound_pressure_level#22 = 133.198) THEN 133.198 WHEN (sound_pressure_level#22 = 120.154) THEN 120.154 WHEN (sound_pressure_level#22 = 128.306) THEN 128.306 WHEN (sound_pressure_level#22 = 119.561) THEN 119.561 WHEN (sound_pressure_level#22 = 136.583) THEN 136.583 WHEN (sound_pressure_level#22 = 119.224) THEN 119.224 WHEN (sound_pressure_level#22 = 120.189) THEN 120.189 WHEN (sound_pressure_level#22 = 119.209) THEN 119.209 WHEN (sound_pressure_level#22 = 122.612) THEN 122.612 WHEN (sound_pressure_level#22 = 133.13) THEN 133.13 WHEN (sound_pressure_level#22 = 124.685) THEN 124.685 WHEN (sound_pressure_level#22 = 119.375) THEN 119.375 WHEN (sound_pressure_level#22 = 132.158) THEN 132.158 WHEN (sound_pressure_level#22 = 116.783) THEN 116.783 WHEN (sound_pressure_level#22 = 112.675) THEN 112.675 WHEN (sound_pressure_level#22 = 123.227) THEN 123.227 WHEN (sound_pressure_level#22 = 126.266) THEN 126.266 WHEN (sound_pressure_level#22 = 125.724) THEN 125.724 WHEN (sound_pressure_level#22 = 129.117) THEN 129.117 WHEN (sound_pressure_level#22 = 130.049) THEN 130.049 WHEN (sound_pressure_level#22 = 116.603) THEN 116.603 WHEN (sound_pressure_level#22 = 117.478) THEN 117.478 WHEN (sound_pressure_level#22 = 135.079) THEN 135.079 WHEN (sound_pressure_level#22 = 130.065) THEN 130.065 WHEN (sound_pressure_level#22 = 125.39) THEN 125.39 WHEN (sound_pressure_level#22 = 121.783) THEN 121.783 WHEN (sound_pressure_level#22 = 109.663) THEN 109.663 WHEN (sound_pressure_level#22 = 128.718) THEN 128.718 WHEN (sound_pressure_level#22 = 120.243) THEN 120.243 WHEN (sound_pressure_level#22 = 119.888) THEN 119.888 WHEN (sound_pressure_level#22 = 131.015) THEN 131.015 WHEN (sound_pressure_level#22 = 127.417) THEN 127.417 WHEN (sound_pressure_level#22 = 115.137) THEN 115.137 WHEN (sound_pressure_level#22 = 128.339) THEN 128.339 WHEN (sound_pressure_level#22 = 130.348) THEN 130.348 WHEN (sound_pressure_level#22 = 120.193) THEN 120.193 WHEN (sound_pressure_level#22 = 112.241) THEN 112.241 WHEN (sound_pressure_level#22 = 126.416) THEN 126.416 WHEN (sound_pressure_level#22 = 121.055) THEN 121.055 WHEN (sound_pressure_level#22 = 129.869) THEN 129.869 WHEN (sound_pressure_level#22 = 125.427) THEN 125.427 WHEN (sound_pressure_level#22 = 123.126) THEN 123.126 WHEN (sound_pressure_level#22 = 138.274) THEN 138.274 WHEN (sound_pressure_level#22 = 122.288) THEN 122.288 WHEN (sound_pressure_level#22 = 128.334) THEN 128.334 WHEN (sound_pressure_level#22 = 117.287) THEN 117.287 WHEN (sound_pressure_level#22 = 133.728) THEN 133.728 WHEN (sound_pressure_level#22 = 124.45) THEN 124.45 WHEN (sound_pressure_level#22 = 129.653) THEN 129.653 WHEN (sound_pressure_level#22 = 113.958) THEN 113.958 WHEN (sound_pressure_level#22 = 128.354) THEN 128.354 WHEN (sound_pressure_level#22 = 114.474) THEN 114.474 WHEN (sound_pressure_level#22 = 120.786) THEN 120.786 WHEN (sound_pressure_level#22 = 111.959) THEN 111.959 WHEN (sound_pressure_level#22 = 115.085) THEN 115.085 WHEN (sound_pressure_level#22 = 129.864) THEN 129.864 WHEN (sound_pressure_level#22 = 130.503) THEN 130.503 WHEN (sound_pressure_level#22 = 134.058) THEN 134.058 WHEN (sound_pressure_level#22 = 126.846) THEN 126.846 WHEN (sound_pressure_level#22 = 110.317) THEN 110.317 WHEN (sound_pressure_level#22 = 112.139) THEN 112.139 WHEN (sound_pressure_level#22 = 127.122) THEN 127.122 WHEN (sound_pressure_level#22 = 124.692) THEN 124.692 WHEN (sound_pressure_level#22 = 130.748) THEN 130.748 WHEN (sound_pressure_level#22 = 126.713) THEN 126.713 WHEN (sound_pressure_level#22 = 131.205) THEN 131.205 WHEN (sound_pressure_level#22 = 135.468) THEN 135.468 WHEN (sound_pressure_level#22 = 128.545) THEN 128.545 WHEN (sound_pressure_level#22 = 126.843) THEN 126.843 WHEN (sound_pressure_level#22 = 103.38) THEN 103.38 WHEN (sound_pressure_level#22 = 127.285) THEN 127.285 WHEN (sound_pressure_level#22 = 125.044) THEN 125.044 WHEN (sound_pressure_level#22 = 128.978) THEN 128.978 WHEN (sound_pressure_level#22 = 126.746) THEN 126.746 WHEN (sound_pressure_level#22 = 115.466) THEN 115.466 WHEN (sound_pressure_level#22 = 123.917) THEN 123.917 WHEN (sound_pressure_level#22 = 118.091) THEN 118.091 WHEN (sound_pressure_level#22 = 124.106) THEN 124.106 WHEN (sound_pressure_level#22 = 127.91) THEN 127.91 WHEN (sound_pressure_level#22 = 125.16) THEN 125.16 WHEN (sound_pressure_level#22 = 129.964) THEN 129.964 WHEN (sound_pressure_level#22 = 122.539) THEN 122.539 WHEN (sound_pressure_level#22 = 126.534) THEN 126.534 WHEN (sound_pressure_level#22 = 121.431) THEN 121.431 WHEN (sound_pressure_level#22 = 125.261) THEN 125.261 WHEN (sound_pressure_level#22 = 125.817) THEN 125.817 WHEN (sound_pressure_level#22 = 134.563) THEN 134.563 WHEN (sound_pressure_level#22 = 115.846) THEN 115.846 WHEN (sound_pressure_level#22 = 118.767) THEN 118.767 WHEN (sound_pressure_level#22 = 128.939) THEN 128.939 WHEN (sound_pressure_level#22 = 115.801) THEN 115.801 WHEN (sound_pressure_level#22 = 125.347) THEN 125.347 WHEN (sound_pressure_level#22 = 128.2) THEN 128.2 WHEN (sound_pressure_level#22 = 129.867) THEN 129.867 WHEN (sound_pressure_level#22 = 125.203) THEN 125.203 WHEN (sound_pressure_level#22 = 124.077) THEN 124.077 WHEN (sound_pressure_level#22 = 112.688) THEN 112.688 WHEN (sound_pressure_level#22 = 112.945) THEN 112.945 WHEN (sound_pressure_level#22 = 124.555) THEN 124.555 WHEN (sound_pressure_level#22 = 122.648) THEN 122.648 WHEN (sound_pressure_level#22 = 125.816) THEN 125.816 WHEN (sound_pressure_level#22 = 122.708) THEN 122.708 WHEN (sound_pressure_level#22 = 127.404) THEN 127.404 WHEN (sound_pressure_level#22 = 122.428) THEN 122.428 WHEN (sound_pressure_level#22 = 126.944) THEN 126.944 WHEN (sound_pressure_level#22 = 126.896) THEN 126.896 WHEN (sound_pressure_level#22 = 133.956) THEN 133.956 WHEN (sound_pressure_level#22 = 120.015) THEN 120.015 WHEN (sound_pressure_level#22 = 125.856) THEN 125.856 WHEN (sound_pressure_level#22 = 127.246) THEN 127.246 WHEN (sound_pressure_level#22 = 128.536) THEN 128.536 WHEN (sound_pressure_level#22 = 130.335) THEN 130.335 WHEN (sound_pressure_level#22 = 117.976) THEN 117.976 WHEN (sound_pressure_level#22 = 126.514) THEN 126.514 WHEN (sound_pressure_level#22 = 120.227) THEN 120.227 WHEN (sound_pressure_level#22 = 126.349) THEN 126.349 WHEN (sound_pressure_level#22 = 128.345) THEN 128.345 WHEN (sound_pressure_level#22 = 129.946) THEN 129.946 WHEN (sound_pressure_level#22 = 127.625) THEN 127.625 WHEN (sound_pressure_level#22 = 125.127) THEN 125.127 WHEN (sound_pressure_level#22 = 124.644) THEN 124.644 WHEN (sound_pressure_level#22 = 120.963) THEN 120.963 WHEN (sound_pressure_level#22 = 136.384) THEN 136.384 WHEN (sound_pressure_level#22 = 118.545) THEN 118.545 WHEN (sound_pressure_level#22 = 131.542) THEN 131.542 WHEN (sound_pressure_level#22 = 124.222) THEN 124.222 WHEN (sound_pressure_level#22 = 126.898) THEN 126.898 WHEN (sound_pressure_level#22 = 133.251) THEN 133.251 WHEN (sound_pressure_level#22 = 116.134) THEN 116.134 WHEN (sound_pressure_level#22 = 125.025) THEN 125.025 WHEN (sound_pressure_level#22 = 131.718) THEN 131.718 WHEN (sound_pressure_level#22 = 125.89) THEN 125.89 WHEN (sound_pressure_level#22 = 123.189) THEN 123.189 WHEN (sound_pressure_level#22 = 126.78) THEN 126.78 WHEN (sound_pressure_level#22 = 122.938) THEN 122.938 WHEN (sound_pressure_level#22 = 122.782) THEN 122.782 WHEN (sound_pressure_level#22 = 133.768) THEN 133.768 WHEN (sound_pressure_level#22 = 132.086) THEN 132.086 WHEN (sound_pressure_level#22 = 118.416) THEN 118.416 WHEN (sound_pressure_level#22 = 120.657) THEN 120.657 WHEN (sound_pressure_level#22 = 115.659) THEN 115.659 WHEN (sound_pressure_level#22 = 132.886) THEN 132.886 WHEN (sound_pressure_level#22 = 128.708) THEN 128.708 WHEN (sound_pressure_level#22 = 134.228) THEN 134.228 WHEN (sound_pressure_level#22 = 117.996) THEN 117.996 WHEN (sound_pressure_level#22 = 132.54) THEN 132.54 WHEN (sound_pressure_level#22 = 114.477) THEN 114.477 WHEN (sound_pressure_level#22 = 130.723) THEN 130.723 WHEN (sound_pressure_level#22 = 127.796) THEN 127.796 WHEN (sound_pressure_level#22 = 116.92) THEN 116.92 WHEN (sound_pressure_level#22 = 128.583) THEN 128.583 WHEN (sound_pressure_level#22 = 133.598) THEN 133.598 WHEN (sound_pressure_level#22 = 130.828) THEN 130.828 WHEN (sound_pressure_level#22 = 131.582) THEN 131.582 WHEN (sound_pressure_level#22 = 126.661) THEN 126.661 WHEN (sound_pressure_level#22 = 123.305) THEN 123.305 WHEN (sound_pressure_level#22 = 129.256) THEN 129.256 WHEN (sound_pressure_level#22 = 139.428) THEN 139.428 WHEN (sound_pressure_level#22 = 114.404) THEN 114.404 WHEN (sound_pressure_level#22 = 122.315) THEN 122.315 WHEN (sound_pressure_level#22 = 127.329) THEN 127.329 WHEN (sound_pressure_level#22 = 118.108) THEN 118.108 WHEN (sound_pressure_level#22 = 128.829) THEN 128.829 WHEN (sound_pressure_level#22 = 116.411) THEN 116.411 WHEN (sound_pressure_level#22 = 125.576) THEN 125.576 WHEN (sound_pressure_level#22 = 127.947) THEN 127.947 WHEN (sound_pressure_level#22 = 118.667) THEN 118.667 WHEN (sound_pressure_level#22 = 129.095) THEN 129.095 WHEN (sound_pressure_level#22 = 120.233) THEN 120.233 WHEN (sound_pressure_level#22 = 128.956) THEN 128.956 WHEN (sound_pressure_level#22 = 123.354) THEN 123.354 WHEN (sound_pressure_level#22 = 108.689) THEN 108.689 WHEN (sound_pressure_level#22 = 122.893) THEN 122.893 WHEN (sound_pressure_level#22 = 112.355) THEN 112.355 WHEN (sound_pressure_level#22 = 124.273) THEN 124.273 WHEN (sound_pressure_level#22 = 118.998) THEN 118.998 WHEN (sound_pressure_level#22 = 119.111) THEN 119.111 WHEN (sound_pressure_level#22 = 129.354) THEN 129.354 WHEN (sound_pressure_level#22 = 126.395) THEN 126.395 WHEN (sound_pressure_level#22 = 121.118) THEN 121.118 WHEN (sound_pressure_level#22 = 117.284) THEN 117.284 WHEN (sound_pressure_level#22 = 128.809) THEN 128.809 WHEN (sound_pressure_level#22 = 117.195) THEN 117.195 WHEN (sound_pressure_level#22 = 128.244) THEN 128.244 WHEN (sound_pressure_level#22 = 125.625) THEN 125.625 WHEN (sound_pressure_level#22 = 109.638) THEN 109.638 WHEN (sound_pressure_level#22 = 122.771) THEN 122.771 WHEN (sound_pressure_level#22 = 125.555) THEN 125.555 WHEN (sound_pressure_level#22 = 132.588) THEN 132.588 WHEN (sound_pressure_level#22 = 128.36) THEN 128.36 WHEN (sound_pressure_level#22 = 115.321) THEN 115.321 WHEN (sound_pressure_level#22 = 126.159) THEN 126.159 WHEN (sound_pressure_level#22 = 125.194) THEN 125.194 WHEN (sound_pressure_level#22 = 116.677) THEN 116.677 WHEN (sound_pressure_level#22 = 134.946) THEN 134.946 WHEN (sound_pressure_level#22 = 132.43) THEN 132.43 WHEN (sound_pressure_level#22 = 130.845) THEN 130.845 WHEN (sound_pressure_level#22 = 117.11) THEN 117.11 WHEN (sound_pressure_level#22 = 116.128) THEN 116.128 WHEN (sound_pressure_level#22 = 132.889) THEN 132.889 WHEN (sound_pressure_level#22 = 112.251) THEN 112.251 WHEN (sound_pressure_level#22 = 124.395) THEN 124.395 WHEN (sound_pressure_level#22 = 125.797) THEN 125.797 WHEN (sound_pressure_level#22 = 130.114) THEN 130.114 WHEN (sound_pressure_level#22 = 132.658) THEN 132.658 WHEN (sound_pressure_level#22 = 134.938) THEN 134.938 WHEN (sound_pressure_level#22 = 129.296) THEN 129.296 WHEN (sound_pressure_level#22 = 130.311) THEN 130.311 WHEN (sound_pressure_level#22 = 129.235) THEN 129.235 WHEN (sound_pressure_level#22 = 113.665) THEN 113.665 WHEN (sound_pressure_level#22 = 118.618) THEN 118.618 WHEN (sound_pressure_level#22 = 120.654) THEN 120.654 WHEN (sound_pressure_level#22 = 133.48) THEN 133.48 WHEN (sound_pressure_level#22 = 133.201) THEN 133.201 WHEN (sound_pressure_level#22 = 115.591) THEN 115.591 WHEN (sound_pressure_level#22 = 127.008) THEN 127.008 WHEN (sound_pressure_level#22 = 133.756) THEN 133.756 WHEN (sound_pressure_level#22 = 133.774) THEN 133.774 WHEN (sound_pressure_level#22 = 109.718) THEN 109.718 WHEN (sound_pressure_level#22 = 139.438) THEN 139.438 WHEN (sound_pressure_level#22 = 116.02) THEN 116.02 WHEN (sound_pressure_level#22 = 116.55) THEN 116.55 WHEN (sound_pressure_level#22 = 123.595) THEN 123.595 WHEN (sound_pressure_level#22 = 123.537) THEN 123.537 WHEN (sound_pressure_level#22 = 131.725) THEN 131.725 WHEN (sound_pressure_level#22 = 128.707) THEN 128.707 WHEN (sound_pressure_level#22 = 136.103) THEN 136.103 WHEN (sound_pressure_level#22 = 132.184) THEN 132.184 WHEN (sound_pressure_level#22 = 120.952) THEN 120.952 WHEN (sound_pressure_level#22 = 114.984) THEN 114.984 WHEN (sound_pressure_level#22 = 135.191) THEN 135.191 WHEN (sound_pressure_level#22 = 131.698) THEN 131.698 WHEN (sound_pressure_level#22 = 125.571) THEN 125.571 WHEN (sound_pressure_level#22 = 120.264) THEN 120.264 WHEN (sound_pressure_level#22 = 122.816) THEN 122.816 WHEN (sound_pressure_level#22 = 115.079) THEN 115.079 WHEN (sound_pressure_level#22 = 126.43) THEN 126.43 WHEN (sound_pressure_level#22 = 118.045) THEN 118.045 WHEN (sound_pressure_level#22 = 134.987) THEN 134.987 WHEN (sound_pressure_level#22 = 132.898) THEN 132.898 WHEN (sound_pressure_level#22 = 116.956) THEN 116.956 WHEN (sound_pressure_level#22 = 130.795) THEN 130.795 WHEN (sound_pressure_level#22 = 132.05) THEN 132.05 WHEN (sound_pressure_level#22 = 129.053) THEN 129.053 WHEN (sound_pressure_level#22 = 133.063) THEN 133.063 WHEN (sound_pressure_level#22 = 128.427) THEN 128.427 WHEN (sound_pressure_level#22 = 128.867) THEN 128.867 WHEN (sound_pressure_level#22 = 117.396) THEN 117.396 WHEN (sound_pressure_level#22 = 123.623) THEN 123.623 WHEN (sound_pressure_level#22 = 114.751) THEN 114.751 WHEN (sound_pressure_level#22 = 115.679) THEN 115.679 WHEN (sound_pressure_level#22 = 125.802) THEN 125.802 WHEN (sound_pressure_level#22 = 123.445) THEN 123.445 WHEN (sound_pressure_level#22 = 127.314) THEN 127.314 WHEN (sound_pressure_level#22 = 136.284) THEN 136.284 WHEN (sound_pressure_level#22 = 133.241) THEN 133.241 WHEN (sound_pressure_level#22 = 130.777) THEN 130.777 WHEN (sound_pressure_level#22 = 130.197) THEN 130.197 WHEN (sound_pressure_level#22 = 134.478) THEN 134.478 WHEN (sound_pressure_level#22 = 120.595) THEN 120.595 WHEN (sound_pressure_level#22 = 117.649) THEN 117.649 WHEN (sound_pressure_level#22 = 122.45) THEN 122.45 WHEN (sound_pressure_level#22 = 130.955) THEN 130.955 WHEN (sound_pressure_level#22 = 128.698) THEN 128.698 WHEN (sound_pressure_level#22 = 123.78) THEN 123.78 WHEN (sound_pressure_level#22 = 122.089) THEN 122.089 WHEN (sound_pressure_level#22 = 127.7) THEN 127.7 WHEN (sound_pressure_level#22 = 115.413) THEN 115.413 WHEN (sound_pressure_level#22 = 134.273) THEN 134.273 WHEN (sound_pressure_level#22 = 121.146) THEN 121.146 WHEN (sound_pressure_level#22 = 130.722) THEN 130.722 WHEN (sound_pressure_level#22 = 114.714) THEN 114.714 WHEN (sound_pressure_level#22 = 131.615) THEN 131.615 WHEN (sound_pressure_level#22 = 131.221) THEN 131.221 WHEN (sound_pressure_level#22 = 128.907) THEN 128.907 WHEN (sound_pressure_level#22 = 130.589) THEN 130.589 WHEN (sound_pressure_level#22 = 118.365) THEN 118.365 WHEN (sound_pressure_level#22 = 111.459) THEN 111.459 WHEN (sound_pressure_level#22 = 122.17) THEN 122.17 WHEN (sound_pressure_level#22 = 135.866) THEN 135.866 WHEN (sound_pressure_level#22 = 116.914) THEN 116.914 WHEN (sound_pressure_level#22 = 113.076) THEN 113.076 WHEN (sound_pressure_level#22 = 120.755) THEN 120.755 WHEN (sound_pressure_level#22 = 120.472) THEN 120.472 WHEN (sound_pressure_level#22 = 120.354) THEN 120.354 WHEN (sound_pressure_level#22 = 130.144) THEN 130.144 WHEN (sound_pressure_level#22 = 131.274) THEN 131.274 WHEN (sound_pressure_level#22 = 124.756) THEN 124.756 WHEN (sound_pressure_level#22 = 131.313) THEN 131.313 WHEN (sound_pressure_level#22 = 119.35) THEN 119.35 WHEN (sound_pressure_level#22 = 126.632) THEN 126.632 WHEN (sound_pressure_level#22 = 114.042) THEN 114.042 WHEN (sound_pressure_level#22 = 123.213) THEN 123.213 WHEN (sound_pressure_level#22 = 126.54) THEN 126.54 WHEN (sound_pressure_level#22 = 131.8) THEN 131.8 WHEN (sound_pressure_level#22 = 132.358) THEN 132.358 WHEN (sound_pressure_level#22 = 104.13) THEN 104.13 WHEN (sound_pressure_level#22 = 130.148) THEN 130.148 WHEN (sound_pressure_level#22 = 129.014) THEN 129.014 WHEN (sound_pressure_level#22 = 128.252) THEN 128.252 WHEN (sound_pressure_level#22 = 119.287) THEN 119.287 WHEN (sound_pressure_level#22 = 128.705) THEN 128.705 WHEN (sound_pressure_level#22 = 120.553) THEN 120.553 WHEN (sound_pressure_level#22 = 125.586) THEN 125.586 WHEN (sound_pressure_level#22 = 125.376) THEN 125.376 WHEN (sound_pressure_level#22 = 111.911) THEN 111.911 WHEN (sound_pressure_level#22 = 119.91) THEN 119.91 WHEN (sound_pressure_level#22 = 121.824) THEN 121.824 WHEN (sound_pressure_level#22 = 126.343) THEN 126.343 WHEN (sound_pressure_level#22 = 113.108) THEN 113.108 WHEN (sound_pressure_level#22 = 121.587) THEN 121.587 WHEN (sound_pressure_level#22 = 128.246) THEN 128.246 WHEN (sound_pressure_level#22 = 116.017) THEN 116.017 WHEN (sound_pressure_level#22 = 132.271) THEN 132.271 WHEN (sound_pressure_level#22 = 126.933) THEN 126.933 WHEN (sound_pressure_level#22 = 114.085) THEN 114.085 WHEN (sound_pressure_level#22 = 123.392) THEN 123.392 WHEN (sound_pressure_level#22 = 128.633) THEN 128.633 WHEN (sound_pressure_level#22 = 126.863) THEN 126.863 WHEN (sound_pressure_level#22 = 127.636) THEN 127.636 WHEN (sound_pressure_level#22 = 124.318) THEN 124.318 WHEN (sound_pressure_level#22 = 133.924) THEN 133.924 WHEN (sound_pressure_level#22 = 125.094) THEN 125.094 WHEN (sound_pressure_level#22 = 120.716) THEN 120.716 WHEN (sound_pressure_level#22 = 108.407) THEN 108.407 WHEN (sound_pressure_level#22 = 128.312) THEN 128.312 WHEN (sound_pressure_level#22 = 129.038) THEN 129.038 WHEN (sound_pressure_level#22 = 112.803) THEN 112.803 WHEN (sound_pressure_level#22 = 124.364) THEN 124.364 WHEN (sound_pressure_level#22 = 128.576) THEN 128.576 WHEN (sound_pressure_level#22 = 117.967) THEN 117.967 WHEN (sound_pressure_level#22 = 113.086) THEN 113.086 WHEN (sound_pressure_level#22 = 127.781) THEN 127.781 WHEN (sound_pressure_level#22 = 129.281) THEN 129.281 WHEN (sound_pressure_level#22 = 136.886) THEN 136.886 WHEN (sound_pressure_level#22 = 133.071) THEN 133.071 WHEN (sound_pressure_level#22 = 117.432) THEN 117.432 WHEN (sound_pressure_level#22 = 113.08) THEN 113.08 WHEN (sound_pressure_level#22 = 126.086) THEN 126.086 WHEN (sound_pressure_level#22 = 127.564) THEN 127.564 WHEN (sound_pressure_level#22 = 124.625) THEN 124.625 WHEN (sound_pressure_level#22 = 118.05) THEN 118.05 WHEN (sound_pressure_level#22 = 120.497) THEN 120.497 WHEN (sound_pressure_level#22 = 129.516) THEN 129.516 WHEN (sound_pressure_level#22 = 120.055) THEN 120.055 WHEN (sound_pressure_level#22 = 133.252) THEN 133.252 WHEN (sound_pressure_level#22 = 123.862) THEN 123.862 WHEN (sound_pressure_level#22 = 121.407) THEN 121.407 WHEN (sound_pressure_level#22 = 129.673) THEN 129.673 WHEN (sound_pressure_level#22 = 116.074) THEN 116.074 WHEN (sound_pressure_level#22 = 130.496) THEN 130.496 WHEN (sound_pressure_level#22 = 129.567) THEN 129.567 WHEN (sound_pressure_level#22 = 115.857) THEN 115.857 WHEN (sound_pressure_level#22 = 125.484) THEN 125.484 WHEN (sound_pressure_level#22 = 125.951) THEN 125.951 WHEN (sound_pressure_level#22 = 131.456) THEN 131.456 WHEN (sound_pressure_level#22 = 133.01) THEN 133.01 WHEN (sound_pressure_level#22 = 132.828) THEN 132.828 WHEN (sound_pressure_level#22 = 108.684) THEN 108.684 WHEN (sound_pressure_level#22 = 135.227) THEN 135.227 WHEN (sound_pressure_level#22 = 131.656) THEN 131.656 WHEN (sound_pressure_level#22 = 125.727) THEN 125.727 ELSE sound_pressure_level#22 END AS sound_pressure_level#2745]
+- InMemoryTableScan [angle#841, chord_length#1317, frequency#365, index#16, sound_pressure_level#22, thickness#2269, velocity#1793]
      +- InMemoryRelation [index#16, frequency#365, angle#841, chord_length#1317, velocity#1793, thickness#2269, sound_pressure_level#22], StorageLevel(disk, memory, deserialized, 1 replicas)
            +- *(1) Project [index#16, frequency#365, angle#841, chord_length#1317, velocity#1793, CASE WHEN (thickness#21 = 0.0130253) THEN 0.0130253 WHEN (thickness#21 = 0.00229336) THEN 0.00229336 WHEN (thickness#21 = 00..000044112299) THEN 0.0 WHEN (thickness#21 = 1133225533) THEN 1.133225533E9 WHEN (thickness#21 = 0.00150092) THEN 0.00150092 WHEN (thickness#21 = 0.00578076) THEN 0.00578076 WHEN (thickness#21 = ..008800) THEN 0.0088 WHEN (thickness#21 = 00..00116633) THEN 0.0 WHEN (thickness#21 = 994422) THEN 994422.0 WHEN (thickness#21 = 11) THEN 11.0 WHEN (thickness#21 = 0.00142788) THEN 0.00142788 WHEN (thickness#21 = 1111) THEN 1111.0 WHEN (thickness#21 = 00..33116666) THEN 0.0 WHEN (thickness#21 = ..0033441111) THEN 0.0033441111 WHEN (thickness#21 = 0.0123481) THEN 0.0123481 WHEN (thickness#21 = 0.00473801) THEN 0.00473801 WHEN (thickness#21 = 00..4411) THEN 0.0 WHEN (thickness#21 = 0.00461377) THEN 0.00461377 WHEN (thickness#21 = 88775566) THEN 8.8775566E7 WHEN (thickness#21 = ..4433) THEN 0.4433 WHEN (thickness#21 = 0.00243851) THEN 0.00243851 WHEN (thickness#21 = 0.000791822) THEN 7.91822E-4 WHEN (thickness#21 = 0.00283081) THEN 0.00283081 WHEN (thickness#21 = 0.0132672) THEN 0.0132672 WHEN (thickness#21 = 5599) THEN 5599.0 WHEN (thickness#21 = 0.00425727) THEN 0.00425727 WHEN (thickness#21 = 0.0027238) THEN 0.0027238 WHEN (thickness#21 = 0.00401199) THEN 0.00401199 WHEN (thickness#21 = 00..00223399) THEN 0.0 WHEN (thickness#21 = 00..00443300) THEN 0.0 WHEN (thickness#21 = 2211) THEN 2211.0 WHEN (thickness#21 = 2266663377) THEN 2.266663377E9 WHEN (thickness#21 = 22) THEN 22.0 WHEN (thickness#21 = 00..0000990077) THEN 0.0 WHEN (thickness#21 = 0.0337792) THEN 0.0337792 WHEN (thickness#21 = 0.00400603) THEN 0.00400603 WHEN (thickness#21 = 0.0341183) THEN 0.0341183 WHEN (thickness#21 = 0.0528487) THEN 0.0528487 WHEN (thickness#21 = 0.00313525) THEN 0.00313525 WHEN (thickness#21 = 0) THEN 0.0 WHEN (thickness#21 = 0.0208438) THEN 0.0208438 WHEN (thickness#21 = 44773300) THEN 4.47733E7 WHEN (thickness#21 = 441188) THEN 441188.0 WHEN (thickness#21 = 2211441188) THEN 2.211441188E9 WHEN (thickness#21 = 00..00222255) THEN 0.0 WHEN (thickness#21 = 0.00752039) THEN 0.00752039 WHEN (thickness#21 = 0.0052139) THEN 0.0052139 WHEN (thickness#21 = 11334455) THEN 1.1334455E7 WHEN (thickness#21 = 0.00433288) THEN 0.00433288 WHEN (thickness#21 = 663377) THEN 663377.0 WHEN (thickness#21 = ..0099000011) THEN 0.0099000011 WHEN (thickness#21 = 449977) THEN 449977.0 WHEN (thickness#21 = ..00333388) THEN 0.00333388 WHEN (thickness#21 = 00..0011559988) THEN 0.0 WHEN (thickness#21 = 00..00550099) THEN 0.0 WHEN (thickness#21 = 229911) THEN 229911.0 WHEN (thickness#21 = 44883355) THEN 4.4883355E7 WHEN (thickness#21 = 662299) THEN 662299.0 WHEN (thickness#21 = ..00887766) THEN 0.00887766 WHEN (thickness#21 = 337722) THEN 337722.0 WHEN (thickness#21 = 0.00580776) THEN 0.00580776 WHEN (thickness#21 = 00..00000044222299) THEN 0.0 WHEN (thickness#21 = 00..111188) THEN 0.0 WHEN (thickness#21 = 00..00000044000022) THEN 0.0 WHEN (thickness#21 = 221133) THEN 221133.0 WHEN (thickness#21 = ..11559988) THEN 0.11559988 WHEN (thickness#21 = 0.00525474) THEN 0.00525474 WHEN (thickness#21 = 00..0044008822) THEN 0.0 WHEN (thickness#21 = 223388) THEN 223388.0 WHEN (thickness#21 = 0.0111706) THEN 0.0111706 WHEN (thickness#21 = 0.00529514) THEN 0.00529514 WHEN (thickness#21 = 0.0103088) THEN 0.0103088 WHEN (thickness#21 = 3377) THEN 3377.0 WHEN (thickness#21 = 00..00229900) THEN 0.0 WHEN (thickness#21 = 0.00909175) THEN 0.00909175 WHEN (thickness#21 = 111177) THEN 111177.0 WHEN (thickness#21 = 3355) THEN 3355.0 WHEN (thickness#21 = 0.00509068) THEN 0.00509068 WHEN (thickness#21 = 0.0042862) THEN 0.0042862 WHEN (thickness#21 = 00..0000) THEN 0.0 WHEN (thickness#21 = 112277) THEN 112277.0 WHEN (thickness#21 = 44557711) THEN 4.4557711E7 WHEN (thickness#21 = 0.00076193) THEN 7.6193E-4 WHEN (thickness#21 = 00..11332288) THEN 0.0 WHEN (thickness#21 = 223311) THEN 223311.0 WHEN (thickness#21 = 77) THEN 77.0 WHEN (thickness#21 = ..007733880011) THEN 0.007733880011 WHEN (thickness#21 = 0.00579636) THEN 0.00579636 WHEN (thickness#21 = 55225544) THEN 5.5225544E7 WHEN (thickness#21 = 00..0000777711) THEN 0.0 WHEN (thickness#21 = 0.00209405) THEN 0.00209405 WHEN (thickness#21 = ..0011004444) THEN 0.0011004444 WHEN (thickness#21 = 0.00331266) THEN 0.00331266 WHEN (thickness#21 = 2.21144E+11) THEN 2.21144 WHEN (thickness#21 = 0.00253511) THEN 0.00253511 WHEN (thickness#21 = 00..4422778888) THEN 0.0 WHEN (thickness#21 = 0.0043284) THEN 0.0043284 WHEN (thickness#21 = 2299448844) THEN 2.299448844E9 WHEN (thickness#21 = 0.0051942) THEN 0.0051942 WHEN (thickness#21 = 00..00226666) THEN 0.0 WHEN (thickness#21 = ..2244338811) THEN 0.2244338811 WHEN (thickness#21 = 0.0150478) THEN 0.0150478 WHEN (thickness#21 = ..00006633) THEN 6.633E-5 WHEN (thickness#21 = 0.00152689) THEN 0.00152689 WHEN (thickness#21 = 00..0000336677) THEN 0.0 WHEN (thickness#21 = 00..00002244) THEN 0.0 WHEN (thickness#21 = ..00550033) THEN 0.00550033 WHEN (thickness#21 = 0.036484) THEN 0.036484 WHEN (thickness#21 = ..8833) THEN 0.8833 WHEN (thickness#21 = ..0000339922110077) THEN 3.39922110077E-5 WHEN (thickness#21 = 2233) THEN 2233.0 WHEN (thickness#21 = ..004433) THEN 0.004433 WHEN (thickness#21 = 0.0176631) THEN 0.0176631 WHEN (thickness#21 = 44) THEN 44.0 WHEN (thickness#21 = 0.00372371) THEN 0.00372371 WHEN (thickness#21 = 886688) THEN 886688.0 WHEN (thickness#21 = 1199) THEN 1199.0 WHEN (thickness#21 = 0.000812164) THEN 8.12164E-4 WHEN (thickness#21 = 0.014072) THEN 0.014072 WHEN (thickness#21 = ..004422) THEN 0.004422 WHEN (thickness#21 = 9922) THEN 9922.0 WHEN (thickness#21 = 0.00251435) THEN 0.00251435 WHEN (thickness#21 = 0.016104) THEN 0.016104 WHEN (thickness#21 = 0.00121072) THEN 0.00121072 WHEN (thickness#21 = 0.0121808) THEN 0.0121808 WHEN (thickness#21 = 2211443355) THEN 2.211443355E9 WHEN (thickness#21 = 0.00485029) THEN 0.00485029 WHEN (thickness#21 = 0.0289853) THEN 0.0289853 WHEN (thickness#21 = 3344) THEN 3344.0 WHEN (thickness#21 = ..00228855) THEN 0.00228855 WHEN (thickness#21 = 00..5577) THEN 0.0 WHEN (thickness#21 = 0.0483159) THEN 0.0483159 WHEN (thickness#21 = 00..00445566) THEN 0.0 WHEN (thickness#21 = 1122) THEN 1122.0 WHEN (thickness#21 = 0.00614329) THEN 0.00614329 WHEN (thickness#21 = 0.000930789) THEN 9.30789E-4 WHEN (thickness#21 = 0.00495741) THEN 0.00495741 WHEN (thickness#21 = 0.00146332) THEN 0.00146332 WHEN (thickness#21 = ..004488) THEN 0.004488 WHEN (thickness#21 = 55229911) THEN 5.5229911E7 WHEN (thickness#21 = 44333388) THEN 4.4333388E7 WHEN (thickness#21 = 00..227788) THEN 0.0 WHEN (thickness#21 = 0.00245138) THEN 0.00245138 WHEN (thickness#21 = 882266) THEN 882266.0 WHEN (thickness#21 = 33) THEN 33.0 WHEN (thickness#21 = 0.0104404) THEN 0.0104404 WHEN (thickness#21 = 0.00294804) THEN 0.00294804 WHEN (thickness#21 = 229988) THEN 229988.0 WHEN (thickness#21 = 0.00478288) THEN 0.00478288 WHEN (thickness#21 = 4488) THEN 4488.0 WHEN (thickness#21 = 0.00266337) THEN 0.00266337 WHEN (thickness#21 = 332211) THEN 332211.0 WHEN (thickness#21 = 33998833) THEN 3.3998833E7 WHEN (thickness#21 = 0.00449821) THEN 0.00449821 WHEN (thickness#21 = 0.0124596) THEN 0.0124596 WHEN (thickness#21 = 00..0044332299) THEN 0.0 WHEN (thickness#21 = 0.000873218) THEN 8.73218E-4 WHEN (thickness#21 = 0.00346574) THEN 0.00346574 WHEN (thickness#21 = 2.25511E+11) THEN 2.25511 WHEN (thickness#21 = 0.00592927) THEN 0.00592927 WHEN (thickness#21 = 0.00310138) THEN 0.00310138 WHEN (thickness#21 = 2222) THEN 2222.0 WHEN (thickness#21 = 22553355) THEN 2.2553355E7 WHEN (thickness#21 = 44225577) THEN 4.4225577E7 WHEN (thickness#21 = 0.00497773) THEN 0.00497773 WHEN (thickness#21 = 0.0271925) THEN 0.0271925 WHEN (thickness#21 = ..223388) THEN 0.223388 WHEN (thickness#21 = 0.000907475) THEN 9.07475E-4 WHEN (thickness#21 = 0.00202822) THEN 0.00202822 WHEN (thickness#21 = 0.0214178) THEN 0.0214178 WHEN (thickness#21 = 00..00331155) THEN 0.0 WHEN (thickness#21 = 0.000439472) THEN 4.39472E-4 WHEN (thickness#21 = 33221188) THEN 3.3221188E7 WHEN (thickness#21 = 0.000400682) THEN 4.00682E-4 WHEN (thickness#21 = 22885533) THEN 2.2885533E7 WHEN (thickness#21 = 0.00172668) THEN 0.00172668 WHEN (thickness#21 = 0.0233328) THEN 0.0233328 WHEN (thickness#21 = ..0022778855) THEN 0.0022778855 WHEN (thickness#21 = ..44337777) THEN 0.44337777 WHEN (thickness#21 = ..0011772200) THEN 0.00117722 WHEN (thickness#21 = 110066) THEN 110066.0 WHEN (thickness#21 = 551133) THEN 551133.0 WHEN (thickness#21 = 0.00293031) THEN 0.00293031 WHEN (thickness#21 = 0.00544854) THEN 0.00544854 WHEN (thickness#21 = 3388) THEN 3388.0 WHEN (thickness#21 = 0.00336729) THEN 0.00336729 WHEN (thickness#21 = 00..00) THEN 0.0 WHEN (thickness#21 = 0.0229028) THEN 0.0229028 WHEN (thickness#21 = 443377) THEN 443377.0 WHEN (thickness#21 = 0.0584113) THEN 0.0584113 WHEN (thickness#21 = 0.00041229) THEN 4.1229E-4 WHEN (thickness#21 = 0.000428464) THEN 4.28464E-4 WHEN (thickness#21 = 0.000848633) THEN 8.48633E-4 WHEN (thickness#21 = 0.0172206) THEN 0.0172206 WHEN (thickness#21 = 00..000000668822) THEN 0.0 WHEN (thickness#21 = 0.002211) THEN 0.002211 WHEN (thickness#21 = 00..0000449977777733) THEN 0.0 WHEN (thickness#21 = 0.0282593) THEN 0.0282593 WHEN (thickness#21 = 111100) THEN 111100.0 WHEN (thickness#21 = 66) THEN 66.0 WHEN (thickness#21 = 0.00214345) THEN 0.00214345 WHEN (thickness#21 = 11119933) THEN 1.1119933E7 WHEN (thickness#21 = 0.00392107) THEN 0.00392107 WHEN (thickness#21 = ..8822) THEN 0.8822 WHEN (thickness#21 = 44992211) THEN 4.4992211E7 WHEN (thickness#21 = 0.0368233) THEN 0.0368233 WHEN (thickness#21 = 11117722) THEN 1.1117722E7 WHEN (thickness#21 = 0.00452492) THEN 0.00452492 WHEN (thickness#21 = 0.0437259) THEN 0.0437259 WHEN (thickness#21 = 0.0252785) THEN 0.0252785 WHEN (thickness#21 = 0.0418756) THEN 0.0418756 WHEN (thickness#21 = 0.0193001) THEN 0.0193001 WHEN (thickness#21 = 0.0165706) THEN 0.0165706 WHEN (thickness#21 = 0.000740478) THEN 7.40478E-4 WHEN (thickness#21 = 0.00566229) THEN 0.00566229 WHEN (thickness#21 = 0.0264269) THEN 0.0264269 WHEN (thickness#21 = 0.0015988) THEN 0.0015988 WHEN (thickness#21 = 0.00193287) THEN 0.00193287 WHEN (thickness#21 = ..00004422) THEN 4.422E-5 WHEN (thickness#21 = ..990099117755) THEN 0.990099117755 WHEN (thickness#21 = 0.00420654) THEN 0.00420654 WHEN (thickness#21 = 0.00131983) THEN 0.00131983 WHEN (thickness#21 = 0.0408268) THEN 0.0408268 WHEN (thickness#21 = 66557744) THEN 6.6557744E7 WHEN (thickness#21 = 00..0011221122) THEN 0.0 WHEN (thickness#21 = 33113388) THEN 3.3113388E7 WHEN (thickness#21 = ..0055224477) THEN 0.0055224477 WHEN (thickness#21 = ..00667766) THEN 0.00667766 WHEN (thickness#21 = 993311) THEN 993311.0 WHEN (thickness#21 = 77118822) THEN 7.7118822E7 WHEN (thickness#21 = ..002266) THEN 0.002266 ELSE thickness#21 END AS thickness#2269, sound_pressure_level#22]
               +- InMemoryTableScan [angle#841, chord_length#1317, frequency#365, index#16, sound_pressure_level#22, thickness#21, velocity#1793]
                     +- InMemoryRelation [index#16, frequency#365, angle#841, chord_length#1317, velocity#1793, thickness#21, sound_pressure_level#22], StorageLevel(disk, memory, deserialized, 1 replicas)
                           +- *(1) Project [index#16, frequency#365, angle#841, chord_length#1317, CASE WHEN (velocity#20 = 7711) THEN 7711.0 WHEN (velocity#20 = 39.6) THEN 39.6 WHEN (velocity#20 = ..55) THEN 0.55 WHEN (velocity#20 = 11) THEN 11.0 WHEN (velocity#20 = 3399) THEN 3399.0 WHEN (velocity#20 = 5555..55) THEN 5555.0 WHEN (velocity#20 = 1133) THEN 1133.0 WHEN (velocity#20 = 99) THEN 99.0 WHEN (velocity#20 = 11..) THEN 11.0 WHEN (velocity#20 = 771133) THEN 771133.0 WHEN (velocity#20 = 71.3) THEN 71.3 WHEN (velocity#20 = 3311..) THEN 3311.0 WHEN (velocity#20 = 31.7) THEN 31.7 WHEN (velocity#20 = 3377) THEN 3377.0 WHEN (velocity#20 = 77) THEN 77.0 WHEN (velocity#20 = 3399..66) THEN 3399.0 WHEN (velocity#20 = 3366) THEN 3366.0 WHEN (velocity#20 = 5555) THEN 5555.0 WHEN (velocity#20 = 331177) THEN 331177.0 WHEN (velocity#20 = 11..33) THEN 11.0 WHEN (velocity#20 = 55) THEN 55.0 WHEN (velocity#20 = ..33) THEN 0.33 WHEN (velocity#20 = 55.5) THEN 55.5 WHEN (velocity#20 = 7733) THEN 7733.0 WHEN (velocity#20 = 555555) THEN 555555.0 WHEN (velocity#20 = 3399..) THEN 3399.0 WHEN (velocity#20 = 33..77) THEN 33.0 WHEN (velocity#20 = 99..) THEN 99.0 WHEN (velocity#20 = 9966) THEN 9966.0 WHEN (velocity#20 = ..66) THEN 0.66 WHEN (velocity#20 = 1177) THEN 1177.0 WHEN (velocity#20 = 77..33) THEN 77.0 WHEN (velocity#20 = 7711..) THEN 7711.0 WHEN (velocity#20 = 33) THEN 33.0 WHEN (velocity#20 = 7711..33) THEN 7711.0 WHEN (velocity#20 = 3311) THEN 3311.0 WHEN (velocity#20 = 3311..77) THEN 3311.0 WHEN (velocity#20 = 33..66) THEN 33.0 WHEN (velocity#20 = 11..77) THEN 11.0 WHEN (velocity#20 = 55..) THEN 55.0 WHEN (velocity#20 = 55..55) THEN 55.0 WHEN (velocity#20 = 66) THEN 66.0 WHEN (velocity#20 = 33..) THEN 33.0 WHEN (velocity#20 = 339966) THEN 339966.0 ELSE velocity#20 END AS velocity#1793, thickness#21, sound_pressure_level#22]
                              +- InMemoryTableScan [angle#841, chord_length#1317, frequency#365, index#16, sound_pressure_level#22, thickness#21, velocity#20]
                                    +- InMemoryRelation [index#16, frequency#365, angle#841, chord_length#1317, velocity#20, thickness#21, sound_pressure_level#22], StorageLevel(disk, memory, deserialized, 1 replicas)
                                          +- *(1) Project [index#16, frequency#365, angle#841, CASE WHEN (chord_length#19 = ..3344) THEN 0.3344 WHEN (chord_length#19 = ..112244) THEN 0.112244 WHEN (chord_length#19 = ..33004488) THEN 0.33004488 WHEN (chord_length#19 = ..55) THEN 0.55 WHEN (chord_length#19 = 11) THEN 11.0 WHEN (chord_length#19 = 00..2255) THEN 0.0 WHEN (chord_length#19 = 00..11) THEN 0.0 WHEN (chord_length#19 = 1111) THEN 1111.0 WHEN (chord_length#19 = ..115544) THEN 0.115544 WHEN (chord_length#19 = ..3300) THEN 0.33 WHEN (chord_length#19 = 00..0044) THEN 0.0 WHEN (chord_length#19 = ..228866) THEN 0.228866 WHEN (chord_length#19 = 00..22) THEN 0.0 WHEN (chord_length#19 = 0.1524) THEN 0.1524 WHEN (chord_length#19 = ..5544) THEN 0.5544 WHEN (chord_length#19 = 22228866) THEN 2.2228866E7 WHEN (chord_length#19 = 22) THEN 22.0 WHEN (chord_length#19 = 00..552244) THEN 0.0 WHEN (chord_length#19 = 550088) THEN 550088.0 WHEN (chord_length#19 = ..0066) THEN 0.0066 WHEN (chord_length#19 = 00..5544) THEN 0.0 WHEN (chord_length#19 = ..1166) THEN 0.1166 WHEN (chord_length#19 = 115544) THEN 115544.0 WHEN (chord_length#19 = 0) THEN 0.0 WHEN (chord_length#19 = 3300) THEN 3300.0 WHEN (chord_length#19 = 00..1166) THEN 0.0 WHEN (chord_length#19 = 00..1100) THEN 0.0 WHEN (chord_length#19 = 110011) THEN 110011.0 WHEN (chord_length#19 = 00..115544) THEN 0.0 WHEN (chord_length#19 = 228866) THEN 228866.0 WHEN (chord_length#19 = 330044) THEN 330044.0 WHEN (chord_length#19 = ..88) THEN 0.88 WHEN (chord_length#19 = ..2255) THEN 0.2255 WHEN (chord_length#19 = ..44) THEN 0.44 WHEN (chord_length#19 = ..000088) THEN 8.8E-5 WHEN (chord_length#19 = 00..5522) THEN 0.0 WHEN (chord_length#19 = 0.0508) THEN 0.0508 WHEN (chord_length#19 = 00..228866) THEN 0.0 WHEN (chord_length#19 = 11552244) THEN 1.1552244E7 WHEN (chord_length#19 = ..1122) THEN 0.1122 WHEN (chord_length#19 = 330088) THEN 330088.0 WHEN (chord_length#19 = 00..222266) THEN 0.0 WHEN (chord_length#19 = ..2244) THEN 0.2244 WHEN (chord_length#19 = 00..) THEN 0.0 WHEN (chord_length#19 = ..11552244) THEN 0.11552244 WHEN (chord_length#19 = 0.2286) THEN 0.2286 WHEN (chord_length#19 = ..5588) THEN 0.5588 WHEN (chord_length#19 = ..2288) THEN 0.2288 WHEN (chord_length#19 = ..115522) THEN 0.115522 WHEN (chord_length#19 = 00..0022) THEN 0.0 WHEN (chord_length#19 = 0.3048) THEN 0.3048 WHEN (chord_length#19 = 55) THEN 55.0 WHEN (chord_length#19 = 00..222288) THEN 0.0 WHEN (chord_length#19 = ..11) THEN 0.11 WHEN (chord_length#19 = 44) THEN 44.0 WHEN (chord_length#19 = 00..8866) THEN 0.0 WHEN (chord_length#19 = 00..44) THEN 0.0 WHEN (chord_length#19 = ..22) THEN 0.22 WHEN (chord_length#19 = ..00) THEN 0.0 WHEN (chord_length#19 = 3344) THEN 3344.0 WHEN (chord_length#19 = 1122) THEN 1122.0 WHEN (chord_length#19 = ..004488) THEN 0.004488 WHEN (chord_length#19 = 00..11001166) THEN 0.0 WHEN (chord_length#19 = 2266) THEN 2266.0 WHEN (chord_length#19 = ..0088) THEN 0.0088 WHEN (chord_length#19 = 4488) THEN 4488.0 WHEN (chord_length#19 = ..1100) THEN 0.11 WHEN (chord_length#19 = 33004488) THEN 3.3004488E7 WHEN (chord_length#19 = 2244) THEN 2244.0 WHEN (chord_length#19 = 2222) THEN 2222.0 WHEN (chord_length#19 = 1155) THEN 1155.0 WHEN (chord_length#19 = 11001166) THEN 1.1001166E7 WHEN (chord_length#19 = 0.0254) THEN 0.0254 WHEN (chord_length#19 = 88) THEN 88.0 WHEN (chord_length#19 = 00..00550088) THEN 0.0 WHEN (chord_length#19 = ..2222) THEN 0.2222 WHEN (chord_length#19 = 00..66) THEN 0.0 WHEN (chord_length#19 = ..0000) THEN 0.0 WHEN (chord_length#19 = 00..002244) THEN 0.0 WHEN (chord_length#19 = 3388) THEN 3388.0 WHEN (chord_length#19 = 2255) THEN 2255.0 WHEN (chord_length#19 = 00..00) THEN 0.0 WHEN (chord_length#19 = 00..110011) THEN 0.0 WHEN (chord_length#19 = 00..3344) THEN 0.0 WHEN (chord_length#19 = 5500) THEN 5500.0 WHEN (chord_length#19 = 1166) THEN 1166.0 WHEN (chord_length#19 = ..110011) THEN 0.110011 WHEN (chord_length#19 = 66) THEN 66.0 WHEN (chord_length#19 = 0.1016) THEN 0.1016 WHEN (chord_length#19 = 00..0055) THEN 0.0 WHEN (chord_length#19 = ..225544) THEN 0.225544 WHEN (chord_length#19 = 115522) THEN 115522.0 WHEN (chord_length#19 = 00..2244) THEN 0.0 WHEN (chord_length#19 = ..5522) THEN 0.5522 WHEN (chord_length#19 = 00..88) THEN 0.0 WHEN (chord_length#19 = 5544) THEN 5544.0 WHEN (chord_length#19 = 5588) THEN 5588.0 WHEN (chord_length#19 = 225544) THEN 225544.0 ELSE chord_length#19 END AS chord_length#1317, velocity#20, thickness#21, sound_pressure_level#22]
                                             +- InMemoryTableScan [angle#841, chord_length#19, frequency#365, index#16, sound_pressure_level#22, thickness#21, velocity#20]
                                                   +- InMemoryRelation [index#16, frequency#365, angle#841, chord_length#19, velocity#20, thickness#21, sound_pressure_level#22], StorageLevel(disk, memory, deserialized, 1 replicas)
                                                         +- *(1) Project [index#16, frequency#365, CASE WHEN (angle#18 = 7.3) THEN 7.3 WHEN (angle#18 = 4.2) THEN 4.2 WHEN (angle#18 = ..55) THEN 0.55 WHEN (angle#18 = 11) THEN 11.0 WHEN (angle#18 = 3) THEN 3.0 WHEN (angle#18 = 11..55) THEN 11.0 WHEN (angle#18 = 8899) THEN 8899.0 WHEN (angle#18 = 2.7) THEN 2.7 WHEN (angle#18 = 1122..) THEN 1122.0 WHEN (angle#18 = 22) THEN 22.0 WHEN (angle#18 = 66..) THEN 66.0 WHEN (angle#18 = 0) THEN 0.0 WHEN (angle#18 = 115544) THEN 115544.0 WHEN (angle#18 = 3300) THEN 3300.0 WHEN (angle#18 = 1133) THEN 1133.0 WHEN (angle#18 = 99) THEN 99.0 WHEN (angle#18 = 5.4) THEN 5.4 WHEN (angle#18 = 99..55) THEN 99.0 WHEN (angle#18 = 2277) THEN 2277.0 WHEN (angle#18 = 11..) THEN 11.0 WHEN (angle#18 = ..88) THEN 0.88 WHEN (angle#18 = 3.3) THEN 3.3 WHEN (angle#18 = ..44) THEN 0.44 WHEN (angle#18 = 22..) THEN 22.0 WHEN (angle#18 = 5.3) THEN 5.3 WHEN (angle#18 = 1144) THEN 1144.0 WHEN (angle#18 = 4.8) THEN 4.8 WHEN (angle#18 = 8.9) THEN 8.9 WHEN (angle#18 = 12.6) THEN 12.6 WHEN (angle#18 = 9.5) THEN 9.5 WHEN (angle#18 = 77) THEN 77.0 WHEN (angle#18 = 00..) THEN 0.0 WHEN (angle#18 = 22..77) THEN 22.0 WHEN (angle#18 = 11..33) THEN 11.0 WHEN (angle#18 = 22..22) THEN 22.0 WHEN (angle#18 = 55) THEN 55.0 WHEN (angle#18 = ..33) THEN 0.33 WHEN (angle#18 = 44..22) THEN 44.0 WHEN (angle#18 = 7733) THEN 7733.0 WHEN (angle#18 = 9.9) THEN 9.9 WHEN (angle#18 = 99..) THEN 99.0 WHEN (angle#18 = 44) THEN 44.0 WHEN (angle#18 = 8.4) THEN 8.4 WHEN (angle#18 = 4400) THEN 4400.0 WHEN (angle#18 = 19.7) THEN 19.7 WHEN (angle#18 = 44..88) THEN 44.0 WHEN (angle#18 = 1199) THEN 1199.0 WHEN (angle#18 = 1177..44) THEN 1177.0 WHEN (angle#18 = ..22) THEN 0.22 WHEN (angle#18 = ..66) THEN 0.66 WHEN (angle#18 = ..00) THEN 0.0 WHEN (angle#18 = 1177) THEN 1177.0 WHEN (angle#18 = 88..99) THEN 88.0 WHEN (angle#18 = 12.3) THEN 12.3 WHEN (angle#18 = 22..00) THEN 22.0 WHEN (angle#18 = 33) THEN 33.0 WHEN (angle#18 = 77..44) THEN 77.0 WHEN (angle#18 = 4488) THEN 4488.0 WHEN (angle#18 = 15.6) THEN 15.6 WHEN (angle#18 = 77..) THEN 77.0 WHEN (angle#18 = 1.5) THEN 1.5 WHEN (angle#18 = 7744) THEN 7744.0 WHEN (angle#18 = 88) THEN 88.0 WHEN (angle#18 = ..99) THEN 0.99 WHEN (angle#18 = 17.4) THEN 17.4 WHEN (angle#18 = 88..) THEN 88.0 WHEN (angle#18 = 00..00) THEN 0.0 WHEN (angle#18 = 11..77) THEN 11.0 WHEN (angle#18 = 4) THEN 4.0 WHEN (angle#18 = 22.2) THEN 22.2 WHEN (angle#18 = 15.4) THEN 15.4 WHEN (angle#18 = 44..00) THEN 44.0 WHEN (angle#18 = ..77) THEN 0.77 WHEN (angle#18 = 8844) THEN 8844.0 WHEN (angle#18 = 55..) THEN 55.0 WHEN (angle#18 = 1155..) THEN 1155.0 WHEN (angle#18 = 6677) THEN 6677.0 WHEN (angle#18 = 1122..33) THEN 1122.0 WHEN (angle#18 = 11..44) THEN 11.0 WHEN (angle#18 = 33..) THEN 33.0 WHEN (angle#18 = 2222..) THEN 2222.0 WHEN (angle#18 = 2) THEN 2.0 WHEN (angle#18 = 11.2) THEN 11.2 WHEN (angle#18 = 5544) THEN 5544.0 WHEN (angle#18 = 6.7) THEN 6.7 WHEN (angle#18 = 7.2) THEN 7.2 WHEN (angle#18 = 12.7) THEN 12.7 WHEN (angle#18 = 1155..44) THEN 1155.0 ELSE angle#18 END AS angle#841, chord_length#19, velocity#20, thickness#21, sound_pressure_level#22]
                                                            +- InMemoryTableScan [angle#18, chord_length#19, frequency#365, index#16, sound_pressure_level#22, thickness#21, velocity#20]
                                                                  +- InMemoryRelation [index#16, frequency#365, angle#18, chord_length#19, velocity#20, thickness#21, sound_pressure_level#22], StorageLevel(disk, memory, deserialized, 1 replicas)
                                                                        +- *(1) Project [index#16, CASE WHEN (frequency#17 = 800) THEN 800.0 WHEN (frequency#17 = 220000..) THEN 220000.0 WHEN (frequency#17 = 2200) THEN 2200.0 WHEN (frequency#17 = 440000) THEN 440000.0 WHEN (frequency#17 = 6300) THEN 6300.0 WHEN (frequency#17 = 200) THEN 200.0 WHEN (frequency#17 = 11) THEN 11.0 WHEN (frequency#17 = 110000) THEN 110000.0 WHEN (frequency#17 = 0000..00) THEN 0.0 WHEN (frequency#17 = 1100) THEN 1100.0 WHEN (frequency#17 = 5000) THEN 5000.0 WHEN (frequency#17 = 330000) THEN 330000.0 WHEN (frequency#17 = 331155) THEN 331155.0 WHEN (frequency#17 = 250) THEN 250.0 WHEN (frequency#17 = 3300..00) THEN 3300.0 WHEN (frequency#17 = 2000) THEN 2000.0 WHEN (frequency#17 = 10000) THEN 10000.0 WHEN (frequency#17 = 0) THEN 0.0 WHEN (frequency#17 = 33115500) THEN 3.31155E7 WHEN (frequency#17 = 3300) THEN 3300.0 WHEN (frequency#17 = 6600) THEN 6600.0 WHEN (frequency#17 = 8800..00) THEN 8800.0 WHEN (frequency#17 = 5500..) THEN 5500.0 WHEN (frequency#17 = 12500) THEN 12500.0 WHEN (frequency#17 = 66330000) THEN 6.633E7 WHEN (frequency#17 = 1250) THEN 1250.0 WHEN (frequency#17 = 220000..00) THEN 220000.0 WHEN (frequency#17 = 22..) THEN 22.0 WHEN (frequency#17 = 22550000) THEN 2.255E7 WHEN (frequency#17 = 112255..) THEN 112255.0 WHEN (frequency#17 = 11..00) THEN 11.0 WHEN (frequency#17 = 112255..00) THEN 112255.0 WHEN (frequency#17 = 663300..00) THEN 663300.0 WHEN (frequency#17 = 44000000) THEN 4.4E7 WHEN (frequency#17 = 5500..00) THEN 5500.0 WHEN (frequency#17 = 0000..) THEN 0.0 WHEN (frequency#17 = 1000) THEN 1000.0 WHEN (frequency#17 = 1100..00) THEN 1100.0 WHEN (frequency#17 = 00..) THEN 0.0 WHEN (frequency#17 = 663300) THEN 663300.0 WHEN (frequency#17 = 2500) THEN 2500.0 WHEN (frequency#17 = 000000..) THEN 0.0 WHEN (frequency#17 = 55) THEN 55.0 WHEN (frequency#17 = 1122..00) THEN 1122.0 WHEN (frequency#17 = 11225500) THEN 1.12255E7 WHEN (frequency#17 = 225500..00) THEN 225500.0 WHEN (frequency#17 = 11550000) THEN 1.155E7 WHEN (frequency#17 = 4000) THEN 4000.0 WHEN (frequency#17 = 1100..) THEN 1100.0 WHEN (frequency#17 = 55000000) THEN 5.5E7 WHEN (frequency#17 = 20000) THEN 20000.0 WHEN (frequency#17 = 110000..) THEN 110000.0 WHEN (frequency#17 = ..00) THEN 0.0 WHEN (frequency#17 = 225500..) THEN 225500.0 WHEN (frequency#17 = 22..00) THEN 22.0 WHEN (frequency#17 = 550000) THEN 550000.0 WHEN (frequency#17 = 11000000..00) THEN 1.1E7 WHEN (frequency#17 = 6600..00) THEN 6600.0 WHEN (frequency#17 = 6633) THEN 6633.0 WHEN (frequency#17 = 11660000..) THEN 1.166E7 WHEN (frequency#17 = 500) THEN 500.0 WHEN (frequency#17 = 1166..) THEN 1166.0 WHEN (frequency#17 = 3150) THEN 3150.0 WHEN (frequency#17 = 1155) THEN 1155.0 WHEN (frequency#17 = 16000) THEN 16000.0 WHEN (frequency#17 = 110000..00) THEN 110000.0 WHEN (frequency#17 = 1600) THEN 1600.0 WHEN (frequency#17 = 550000..) THEN 550000.0 WHEN (frequency#17 = 3355..) THEN 3355.0 WHEN (frequency#17 = 331155..) THEN 331155.0 WHEN (frequency#17 = 1155..00) THEN 1155.0 WHEN (frequency#17 = 2255) THEN 2255.0 WHEN (frequency#17 = 00..00) THEN 0.0 WHEN (frequency#17 = 11000000) THEN 1.1E7 WHEN (frequency#17 = 220000) THEN 220000.0 WHEN (frequency#17 = 315) THEN 315.0 WHEN (frequency#17 = 400) THEN 400.0 WHEN (frequency#17 = 880000) THEN 880000.0 WHEN (frequency#17 = 630) THEN 630.0 WHEN (frequency#17 = 5500) THEN 5500.0 WHEN (frequency#17 = 8000) THEN 8000.0 WHEN (frequency#17 = 8800..) THEN 8800.0 WHEN (frequency#17 = 55..) THEN 55.0 WHEN (frequency#17 = 33..) THEN 33.0 WHEN (frequency#17 = 66..00) THEN 66.0 WHEN (frequency#17 = 1100000000) THEN 1.1E9 WHEN (frequency#17 = 8800) THEN 8800.0 WHEN (frequency#17 = 44000000..00) THEN 4.4E7 ELSE frequency#17 END AS frequency#365, angle#18, chord_length#19, velocity#20, thickness#21, sound_pressure_level#22]
                                                                           +- InMemoryTableScan [angle#18, chord_length#19, frequency#17, index#16, sound_pressure_level#22, thickness#21, velocity#20]
                                                                                 +- InMemoryRelation [index#16, frequency#17, angle#18, chord_length#19, velocity#20, thickness#21, sound_pressure_level#22], StorageLevel(disk, memory, deserialized, 1 replicas)
                                                                                       +- FileScan csv [index#16,frequency#17,angle#18,chord_length#19,velocity#20,thickness#21,sound_pressure_level#22] Batched: false, DataFilters: [], Format: CSV, Location: InMemoryFileIndex[file:/home/qianzekai/Clean4MLBaseline/Data/nasa/dirty_index.csv], PartitionFilters: [], PushedFilters: [], ReadSchema: struct<index:int,frequency:string,angle:string,chord_length:string,velocity:string,thickness:stri...

[Stage 28:>                                                         (0 + 1) / 1]                                                                                WARNING:root:No partitioning rule specified, processing might be slow
UniClean开始清洗，数据量: 1503
清洗器数量: 9
初始化清洗器和分析依赖关系...
处理单属性清洗算子：
处理单属性清洗算子：[Number:(domain=frequency, format=[-inf, inf])]
开始清洗属性 frequency 的数据
属性 frequency 的数据大小: 89
应用 frequency 的清洗规则，编辑规则数量: 88
读入数据大小：1503
处理了 88 条规则，更新数据...
所有编辑规则已更新完成
处理单属性清洗算子：[Number:(domain=angle, format=[-inf, inf])]
开始清洗属性 angle 的数据
属性 angle 的数据大小: 90
应用 angle 的清洗规则，编辑规则数量: 88
读入数据大小：1503
处理了 88 条规则，更新数据...
所有编辑规则已更新完成
处理单属性清洗算子：[Number:(domain=chord_length, format=[-inf, inf])]
开始清洗属性 chord_length 的数据
属性 chord_length 的数据大小: 100
应用 chord_length 的清洗规则，编辑规则数量: 98
读入数据大小：1503
处理了 98 条规则，更新数据...
所有编辑规则已更新完成
处理单属性清洗算子：[Number:(domain=velocity, format=[-inf, inf])]
开始清洗属性 velocity 的数据
属性 velocity 的数据大小: 46
应用 velocity 的清洗规则，编辑规则数量: 44
读入数据大小：1503
处理了 44 条规则，更新数据...
所有编辑规则已更新完成
处理单属性清洗算子：[Number:(domain=thickness, format=[-inf, inf])]
开始清洗属性 thickness 的数据
属性 thickness 的数据大小: 231
应用 thickness 的清洗规则，编辑规则数量: 231
读入数据大小：1503
处理了 231 条规则，更新数据...
所有编辑规则已更新完成
处理单属性清洗算子：[Number:(domain=sound_pressure_level, format=[-inf, inf])]
开始清洗属性 sound_pressure_level 的数据
属性 sound_pressure_level 的数据大小: 1456
应用 sound_pressure_level 的清洗规则，编辑规则数量: 1456
读入数据大小：1503
处理了 1456 条规则，更新数据...
所有编辑规则已更新完成
执行层级和目标模型分类...
执行层级 (并行组): [[{'thickness'}], [{'angle'}, {'chord_length'}, {'velocity'}]]
目标模型分类: {'angle': [<SampleScrubber.cleaner.multiple.AttrRelation object at 0x7a6e99d2ca10>], 'chord_length': [<SampleScrubber.cleaner.multiple.AttrRelation object at 0x7a6e99d2c350>], 'velocity': [<SampleScrubber.cleaner.multiple.AttrRelation object at 0x7a6e99d2c390>]}

处理第 1 层级, 包含节点: ['thickness']
  当前节点: thickness 无可用清洗信号
  当前节点: thickness 无清洗操作
['thickness']的清洗完成

本层累积的编辑规则数: 0
本层没有可以进行的清洗操作，进行下一层

处理第 2 层级, 包含节点: ['angle', 'chord_length', 'velocity']
  当前节点: angle 存在可用清洗信号
数据块大小: 1503
分块属性:
[['thickness']]
Starting initial block mapping...
Initial number of blocks: 200
Final number of blocks after further splitting: 200
Computing Block 1 out of 200
Processing Block size=14
begin cleaner[FunctionalDependency:(s: {'thickness'}, t: {'angle'})]*1.0
列 'p' 不存在，对列 angle 不过滤，直接选择所有非无效值。
clean_bool length:4
newest best op: Uniop(df,'angle','0.33',(['thickness'], {(0.0051942,)}),{left: ("[FunctionalDependency:(s: {thickness}, t: {angle})]", 0.0), operator: *, right: (1.0, 1.0), result: 0.0})
now error: 0.0
newest best op: Uniop(df,'angle','5.3',(['thickness'], {(0.0051942,)}),{left: ("[FunctionalDependency:(s: {thickness}, t: {angle})]", 0.0), operator: *, right: (1.0, 1.0), result: 0.0})
now error: 0.0
Block processing time: 0.146915 seconds
Computing Block 2 out of 200
Processing Block size=13
begin cleaner{left: ("[FunctionalDependency:(s: {thickness}, t: {angle})]", 0.0), operator: *, right: (1.0, 1.0), result: 0.0}
列 'p' 不存在，对列 angle 不过滤，直接选择所有非无效值。
clean_bool length:3
newest best op: Uniop(df,'angle','5.4',(['thickness'], {(0.00401199,)}),{left: ("[FunctionalDependency:(s: {thickness}, t: {angle})]", 0.0), operator: *, right: (1.0, 1.0), result: 0.0})
now error: 0.0
Block processing time: 0.100725 seconds
Computing Block 3 out of 200
Processing Block size=14
begin cleaner{left: ("[FunctionalDependency:(s: {thickness}, t: {angle})]", 0.0), operator: *, right: (1.0, 1.0), result: 0.0}
列 'p' 不存在，对列 angle 不过滤，直接选择所有非无效值。
clean_bool length:2
newest best op: Uniop(df,'angle','9.9',(['thickness'], {(0.0233328,)}),{left: ("[FunctionalDependency:(s: {thickness}, t: {angle})]", 0.0), operator: *, right: (1.0, 1.0), result: 0.0})
now error: 0.0
Block processing time: 0.0706 seconds
Computing Block 4 out of 200
Processing Block size=13
begin cleaner{left: ("[FunctionalDependency:(s: {thickness}, t: {angle})]", 0.0), operator: *, right: (1.0, 1.0), result: 0.0}
列 'p' 不存在，对列 angle 不过滤，直接选择所有非无效值。
clean_bool length:2
newest best op: Uniop(df,'angle','0.0',(['thickness'], {(0.00209405,)}),{left: ("[FunctionalDependency:(s: {thickness}, t: {angle})]", 1.0), operator: *, right: (1.0, 1.0), result: 1.0})
now error: 13.0
pruned: 1
UpdateCleanBool,purned:1
clean_bool length:1
Block processing time: 0.065532 seconds
Computing Block 5 out of 200
Processing Block size=11
begin cleaner{left: ("[FunctionalDependency:(s: {thickness}, t: {angle})]", 1.0), operator: *, right: (1.0, 1.0), result: 1.0}
列 'p' 不存在，对列 angle 不过滤，直接选择所有非无效值。
clean_bool length:2
newest best op: Uniop(df,'angle','0.0',(['thickness'], {(4.28464,)}),{left: ("[FunctionalDependency:(s: {thickness}, t: {angle})]", 1.0), operator: *, right: (1.0, 1.0), result: 1.0})
now error: 11.0
pruned: 1
UpdateCleanBool,purned:1
clean_bool length:1
Block processing time: 0.056239 seconds
Computing Block 6 out of 200
Processing Block size=12
begin cleaner{left: ("[FunctionalDependency:(s: {thickness}, t: {angle})]", 1.0), operator: *, right: (1.0, 1.0), result: 1.0}
列 'p' 不存在，对列 angle 不过滤，直接选择所有非无效值。
clean_bool length:3
newest best op: Uniop(df,'angle','0.0',(['thickness'], {(0.00293031,)}),{left: ("[FunctionalDependency:(s: {thickness}, t: {angle})]", 1.0), operator: *, right: (1.0, 1.0), result: 1.0})
now error: 12.0
newest best op: Uniop(df,'angle','2.0',(['thickness'], {(0.00293031,)}),{left: ("[FunctionalDependency:(s: {thickness}, t: {angle})]", 0.0), operator: *, right: (1.0, 1.0), result: 0.0})
now error: 0.0
Block processing time: 0.093143 seconds
Computing Block 7 out of 200
Processing Block size=12
begin cleaner{left: ("[FunctionalDependency:(s: {thickness}, t: {angle})]", 0.0), operator: *, right: (1.0, 1.0), result: 0.0}
列 'p' 不存在，对列 angle 不过滤，直接选择所有非无效值。
clean_bool length:3
newest best op: Uniop(df,'angle','2.0',(['thickness'], {(0.00372371,)}),{left: ("[FunctionalDependency:(s: {thickness}, t: {angle})]", 0.0), operator: *, right: (1.0, 1.0), result: 0.0})
now error: 0.0
Block processing time: 0.093331 seconds
Computing Block 9 out of 200
Processing Block size=11
begin cleaner{left: ("[FunctionalDependency:(s: {thickness}, t: {angle})]", 0.0), operator: *, right: (1.0, 1.0), result: 0.0}
列 'p' 不存在，对列 angle 不过滤，直接选择所有非无效值。
Block processing time: 0.027021 seconds
Computing Block 10 out of 200
Processing Block size=2
begin cleaner{left: ("[FunctionalDependency:(s: {thickness}, t: {angle})]", 0.0), operator: *, right: (1.0, 1.0), result: 0.0}
列 'p' 不存在，对列 angle 不过滤，直接选择所有非无效值。
clean_bool length:3
newest best op: Uniop(df,'angle','4.0',(['thickness'], {(66.0,)}),{left: ("[FunctionalDependency:(s: {thickness}, t: {angle})]", 0.0), operator: *, right: (1.0, 1.0), result: 0.0})
now error: 0.0
Block processing time: 0.019255 seconds
Computing Block 11 out of 200
Processing Block size=13
begin cleaner{left: ("[FunctionalDependency:(s: {thickness}, t: {angle})]", 0.0), operator: *, right: (1.0, 1.0), result: 0.0}
列 'p' 不存在，对列 angle 不过滤，直接选择所有非无效值。
clean_bool length:4
newest best op: Uniop(df,'angle','0.77',(['thickness'], {(0.00243851,)}),{left: ("[FunctionalDependency:(s: {thickness}, t: {angle})]", 0.0), operator: *, right: (1.0, 1.0), result: 0.0})
now error: 0.0
newest best op: Uniop(df,'angle','2.7',(['thickness'], {(0.00243851,)}),{left: ("[FunctionalDependency:(s: {thickness}, t: {angle})]", 0.0), operator: *, right: (1.0, 1.0), result: 0.0})
now error: 0.0
Block processing time: 0.136316 seconds
Computing Block 12 out of 200
Processing Block size=15
begin cleaner{left: ("[FunctionalDependency:(s: {thickness}, t: {angle})]", 0.0), operator: *, right: (1.0, 1.0), result: 0.0}
列 'p' 不存在，对列 angle 不过滤，直接选择所有非无效值。
clean_bool length:4
newest best op: Uniop(df,'angle','0.99',(['thickness'], {(0.0208438,)}),{left: ("[FunctionalDependency:(s: {thickness}, t: {angle})]", 0.0), operator: *, right: (1.0, 1.0), result: 0.0})
now error: 0.0
newest best op: Uniop(df,'angle','9.9',(['thickness'], {(0.0208438,)}),{left: ("[FunctionalDependency:(s: {thickness}, t: {angle})]", 0.0), operator: *, right: (1.0, 1.0), result: 0.0})
now error: 0.0
Block processing time: 0.155485 seconds
Computing Block 15 out of 200
Processing Block size=2
begin cleaner{left: ("[FunctionalDependency:(s: {thickness}, t: {angle})]", 0.0), operator: *, right: (1.0, 1.0), result: 0.0}
列 'p' 不存在，对列 angle 不过滤，直接选择所有非无效值。
clean_bool length:3
newest best op: Uniop(df,'angle','0.0',(['thickness'], {(44.0,)}),{left: ("[FunctionalDependency:(s: {thickness}, t: {angle})]", 1.0), operator: *, right: (1.0, 1.0), result: 1.0})
now error: 2.0
newest best op: Uniop(df,'angle','17.4',(['thickness'], {(44.0,)}),{left: ("[FunctionalDependency:(s: {thickness}, t: {angle})]", 0.0), operator: *, right: (1.0, 1.0), result: 0.0})
now error: 0.0
Block processing time: 0.019667 seconds
Computing Block 19 out of 200
Processing Block size=2
begin cleaner{left: ("[FunctionalDependency:(s: {thickness}, t: {angle})]", 0.0), operator: *, right: (1.0, 1.0), result: 0.0}
列 'p' 不存在，对列 angle 不过滤，直接选择所有非无效值。
clean_bool length:3
newest best op: Uniop(df,'angle','0.0',(['thickness'], {(0.004433,)}),{left: ("[FunctionalDependency:(s: {thickness}, t: {angle})]", 1.0), operator: *, right: (1.0, 1.0), result: 1.0})
now error: 2.0
newest best op: Uniop(df,'angle','4.0',(['thickness'], {(0.004433,)}),{left: ("[FunctionalDependency:(s: {thickness}, t: {angle})]", 0.0), operator: *, right: (1.0, 1.0), result: 0.0})
now error: 0.0
Block processing time: 0.019118 seconds
Computing Block 20 out of 200
Processing Block size=15
begin cleaner{left: ("[FunctionalDependency:(s: {thickness}, t: {angle})]", 0.0), operator: *, right: (1.0, 1.0), result: 0.0}
列 'p' 不存在，对列 angle 不过滤，直接选择所有非无效值。
clean_bool length:4
newest best op: Uniop(df,'angle','0.55',(['thickness'], {(0.00449821,)}),{left: ("[FunctionalDependency:(s: {thickness}, t: {angle})]", 0.0), operator: *, right: (1.0, 1.0), result: 0.0})
now error: 0.0
newest best op: Uniop(df,'angle','9.5',(['thickness'], {(0.00449821,)}),{left: ("[FunctionalDependency:(s: {thickness}, t: {angle})]", 0.0), operator: *, right: (1.0, 1.0), result: 0.0})
now error: 0.0
Block processing time: 0.155585 seconds
Computing Block 22 out of 200
Processing Block size=13
begin cleaner{left: ("[FunctionalDependency:(s: {thickness}, t: {angle})]", 0.0), operator: *, right: (1.0, 1.0), result: 0.0}
列 'p' 不存在，对列 angle 不过滤，直接选择所有非无效值。
clean_bool length:2
newest best op: Uniop(df,'angle','0.0',(['thickness'], {(0.00229336,)}),{left: ("[FunctionalDependency:(s: {thickness}, t: {angle})]", 1.0), operator: *, right: (1.0, 1.0), result: 1.0})
now error: 13.0
pruned: 1
UpdateCleanBool,purned:1
clean_bool length:1
Block processing time: 0.065444 seconds
Computing Block 23 out of 200
Processing Block size=15
begin cleaner{left: ("[FunctionalDependency:(s: {thickness}, t: {angle})]", 1.0), operator: *, right: (1.0, 1.0), result: 1.0}
列 'p' 不存在，对列 angle 不过滤，直接选择所有非无效值。
Block processing time: 0.036491 seconds
Computing Block 25 out of 200
Processing Block size=13
begin cleaner{left: ("[FunctionalDependency:(s: {thickness}, t: {angle})]", 0.0), operator: *, right: (1.0, 1.0), result: 0.0}
列 'p' 不存在，对列 angle 不过滤，直接选择所有非无效值。
clean_bool length:4
newest best op: Uniop(df,'angle','5544.0',(['thickness'], {(0.00485029,)}),{left: ("[FunctionalDependency:(s: {thickness}, t: {angle})]", 0.0), operator: *, right: (1.0, 1.0), result: 0.0})
now error: 0.0
newest best op: Uniop(df,'angle','5.4',(['thickness'], {(0.00485029,)}),{left: ("[FunctionalDependency:(s: {thickness}, t: {angle})]", 0.0), operator: *, right: (1.0, 1.0), result: 0.0})
now error: 0.0
Block processing time: 0.134622 seconds
Computing Block 27 out of 200
Processing Block size=14
begin cleaner{left: ("[FunctionalDependency:(s: {thickness}, t: {angle})]", 0.0), operator: *, right: (1.0, 1.0), result: 0.0}
列 'p' 不存在，对列 angle 不过滤，直接选择所有非无效值。
clean_bool length:4
newest best op: Uniop(df,'angle','33.0',(['thickness'], {(0.00425727,)}),{left: ("[FunctionalDependency:(s: {thickness}, t: {angle})]", 0.0), operator: *, right: (1.0, 1.0), result: 0.0})
now error: 0.0
newest best op: Uniop(df,'angle','3.0',(['thickness'], {(0.00425727,)}),{left: ("[FunctionalDependency:(s: {thickness}, t: {angle})]", 0.0), operator: *, right: (1.0, 1.0), result: 0.0})
now error: 0.0
Block processing time: 0.145162 seconds
Computing Block 30 out of 200
Processing Block size=13
begin cleaner{left: ("[FunctionalDependency:(s: {thickness}, t: {angle})]", 0.0), operator: *, right: (1.0, 1.0), result: 0.0}
列 'p' 不存在，对列 angle 不过滤，直接选择所有非无效值。
clean_bool length:2
newest best op: Uniop(df,'angle','0.0',(['thickness'], {(0.00193287,)}),{left: ("[FunctionalDependency:(s: {thickness}, t: {angle})]", 1.0), operator: *, right: (1.0, 1.0), result: 1.0})
now error: 13.0
pruned: 1
UpdateCleanBool,purned:1
clean_bool length:1
Block processing time: 0.065324 seconds
Computing Block 32 out of 200
Processing Block size=11
begin cleaner{left: ("[FunctionalDependency:(s: {thickness}, t: {angle})]", 1.0), operator: *, right: (1.0, 1.0), result: 1.0}
列 'p' 不存在，对列 angle 不过滤，直接选择所有非无效值。
clean_bool length:3
newest best op: Uniop(df,'angle','22.2',(['thickness'], {(0.0214178,)}),{left: ("[FunctionalDependency:(s: {thickness}, t: {angle})]", 0.0), operator: *, right: (1.0, 1.0), result: 0.0})
now error: 0.0
Block processing time: 0.085362 seconds
Computing Block 35 out of 200
Processing Block size=36
begin cleaner{left: ("[FunctionalDependency:(s: {thickness}, t: {angle})]", 0.0), operator: *, right: (1.0, 1.0), result: 0.0}
列 'p' 不存在，对列 angle 不过滤，直接选择所有非无效值。
clean_bool length:17
newest best op: Uniop(df,'angle','0.0',(['thickness'], {(0.0,)}),{left: ("[FunctionalDependency:(s: {thickness}, t: {angle})]", 1.0), operator: *, right: (1.0, 1.0), result: 1.0})
now error: 36.0
pruned: 16
UpdateCleanBool,purned:16
clean_bool length:1
Block processing time: 1.599358 seconds
Computing Block 37 out of 200
Processing Block size=16
begin cleaner{left: ("[FunctionalDependency:(s: {thickness}, t: {angle})]", 1.0), operator: *, right: (1.0, 1.0), result: 1.0}
列 'p' 不存在，对列 angle 不过滤，直接选择所有非无效值。
Block processing time: 0.038656 seconds
Computing Block 44 out of 200
Processing Block size=11
begin cleaner{left: ("[FunctionalDependency:(s: {thickness}, t: {angle})]", 0.0), operator: *, right: (1.0, 1.0), result: 0.0}
列 'p' 不存在，对列 angle 不过滤，直接选择所有非无效值。
clean_bool length:3
newest best op: Uniop(df,'angle','4.2',(['thickness'], {(0.00152689,)}),{left: ("[FunctionalDependency:(s: {thickness}, t: {angle})]", 0.0), operator: *, right: (1.0, 1.0), result: 0.0})
now error: 0.0
Block processing time: 0.085477 seconds
Computing Block 47 out of 200
Processing Block size=13
begin cleaner{left: ("[FunctionalDependency:(s: {thickness}, t: {angle})]", 0.0), operator: *, right: (1.0, 1.0), result: 0.0}
列 'p' 不存在，对列 angle 不过滤，直接选择所有非无效值。
clean_bool length:3
newest best op: Uniop(df,'angle','0.22',(['thickness'], {(0.0150478,)}),{left: ("[FunctionalDependency:(s: {thickness}, t: {angle})]", 0.0), operator: *, right: (1.0, 1.0), result: 0.0})
now error: 0.0
newest best op: Uniop(df,'angle','11.2',(['thickness'], {(0.0150478,)}),{left: ("[FunctionalDependency:(s: {thickness}, t: {angle})]", 0.0), operator: *, right: (1.0, 1.0), result: 0.0})
now error: 0.0
Block processing time: 0.100088 seconds
Computing Block 48 out of 200
Processing Block size=3
begin cleaner{left: ("[FunctionalDependency:(s: {thickness}, t: {angle})]", 0.0), operator: *, right: (1.0, 1.0), result: 0.0}
列 'p' 不存在，对列 angle 不过滤，直接选择所有非无效值。
clean_bool length:4
newest best op: Uniop(df,'angle','9.5',(['thickness'], {(33.0,)}),{left: ("[FunctionalDependency:(s: {thickness}, t: {angle})]", 0.0), operator: *, right: (1.0, 1.0), result: 0.0})
now error: 0.0
newest best op: Uniop(df,'angle','2.0',(['thickness'], {(33.0,)}),{left: ("[FunctionalDependency:(s: {thickness}, t: {angle})]", 0.0), operator: *, right: (1.0, 1.0), result: 0.0})
now error: 0.0
Block processing time: 0.035701 seconds
Computing Block 50 out of 200
Processing Block size=13
begin cleaner{left: ("[FunctionalDependency:(s: {thickness}, t: {angle})]", 0.0), operator: *, right: (1.0, 1.0), result: 0.0}
列 'p' 不存在，对列 angle 不过滤，直接选择所有非无效值。
clean_bool length:3
newest best op: Uniop(df,'angle','0.88',(['thickness'], {(9.30789,)}),{left: ("[FunctionalDependency:(s: {thickness}, t: {angle})]", 0.0), operator: *, right: (1.0, 1.0), result: 0.0})
now error: 0.0
newest best op: Uniop(df,'angle','4.8',(['thickness'], {(9.30789,)}),{left: ("[FunctionalDependency:(s: {thickness}, t: {angle})]", 0.0), operator: *, right: (1.0, 1.0), result: 0.0})
now error: 0.0
Block processing time: 0.099887 seconds
Computing Block 53 out of 200
Processing Block size=12
begin cleaner{left: ("[FunctionalDependency:(s: {thickness}, t: {angle})]", 0.0), operator: *, right: (1.0, 1.0), result: 0.0}
列 'p' 不存在，对列 angle 不过滤，直接选择所有非无效值。
clean_bool length:2
newest best op: Uniop(df,'angle','0.0',(['thickness'], {(0.00266337,)}),{left: ("[FunctionalDependency:(s: {thickness}, t: {angle})]", 1.0), operator: *, right: (1.0, 1.0), result: 1.0})
now error: 12.0
pruned: 1
UpdateCleanBool,purned:1
clean_bool length:1
Block processing time: 0.059493 seconds
Computing Block 54 out of 200
Processing Block size=15
begin cleaner{left: ("[FunctionalDependency:(s: {thickness}, t: {angle})]", 1.0), operator: *, right: (1.0, 1.0), result: 1.0}
列 'p' 不存在，对列 angle 不过滤，直接选择所有非无效值。
clean_bool length:3
newest best op: Uniop(df,'angle','7733.0',(['thickness'], {(0.0111706,)}),{left: ("[FunctionalDependency:(s: {thickness}, t: {angle})]", 0.0), operator: *, right: (1.0, 1.0), result: 0.0})
now error: 0.0
newest best op: Uniop(df,'angle','7.3',(['thickness'], {(0.0111706,)}),{left: ("[FunctionalDependency:(s: {thickness}, t: {angle})]", 0.0), operator: *, right: (1.0, 1.0), result: 0.0})
now error: 0.0
Block processing time: 0.113562 seconds
Computing Block 56 out of 200
Processing Block size=12
begin cleaner{left: ("[FunctionalDependency:(s: {thickness}, t: {angle})]", 0.0), operator: *, right: (1.0, 1.0), result: 0.0}
列 'p' 不存在，对列 angle 不过滤，直接选择所有非无效值。
clean_bool length:2
newest best op: Uniop(df,'angle','0.0',(['thickness'], {(0.00121072,)}),{left: ("[FunctionalDependency:(s: {thickness}, t: {angle})]", 1.0), operator: *, right: (1.0, 1.0), result: 1.0})
now error: 12.0
pruned: 1
UpdateCleanBool,purned:1
clean_bool length:1
Block processing time: 0.059972 seconds
Computing Block 57 out of 200
Processing Block size=15
begin cleaner{left: ("[FunctionalDependency:(s: {thickness}, t: {angle})]", 1.0), operator: *, right: (1.0, 1.0), result: 1.0}
列 'p' 不存在，对列 angle 不过滤，直接选择所有非无效值。
clean_bool length:3
newest best op: Uniop(df,'angle','1.5',(['thickness'], {(0.00392107,)}),{left: ("[FunctionalDependency:(s: {thickness}, t: {angle})]", 0.0), operator: *, right: (1.0, 1.0), result: 0.0})
now error: 0.0
Block processing time: 0.115009 seconds
Computing Block 60 out of 200
Processing Block size=15
begin cleaner{left: ("[FunctionalDependency:(s: {thickness}, t: {angle})]", 0.0), operator: *, right: (1.0, 1.0), result: 0.0}
列 'p' 不存在，对列 angle 不过滤，直接选择所有非无效值。
clean_bool length:3
newest best op: Uniop(df,'angle','11.0',(['thickness'], {(0.0282593,)}),{left: ("[FunctionalDependency:(s: {thickness}, t: {angle})]", 0.0), operator: *, right: (1.0, 1.0), result: 0.0})
now error: 0.0
newest best op: Uniop(df,'angle','15.4',(['thickness'], {(0.0282593,)}),{left: ("[FunctionalDependency:(s: {thickness}, t: {angle})]", 0.0), operator: *, right: (1.0, 1.0), result: 0.0})
now error: 0.0
Block processing time: 0.113296 seconds
Computing Block 64 out of 200
Processing Block size=14
begin cleaner{left: ("[FunctionalDependency:(s: {thickness}, t: {angle})]", 0.0), operator: *, right: (1.0, 1.0), result: 0.0}
列 'p' 不存在，对列 angle 不过滤，直接选择所有非无效值。
clean_bool length:3
newest best op: Uniop(df,'angle','0.0',(['thickness'], {(0.00400603,)}),{left: ("[FunctionalDependency:(s: {thickness}, t: {angle})]", 1.0), operator: *, right: (1.0, 1.0), result: 1.0})
now error: 14.0
newest best op: Uniop(df,'angle','4.0',(['thickness'], {(0.00400603,)}),{left: ("[FunctionalDependency:(s: {thickness}, t: {angle})]", 0.0), operator: *, right: (1.0, 1.0), result: 0.0})
now error: 0.0
Block processing time: 0.120251 seconds
Computing Block 66 out of 200
Processing Block size=12
begin cleaner{left: ("[FunctionalDependency:(s: {thickness}, t: {angle})]", 0.0), operator: *, right: (1.0, 1.0), result: 0.0}
列 'p' 不存在，对列 angle 不过滤，直接选择所有非无效值。
clean_bool length:4
newest best op: Uniop(df,'angle','1177.0',(['thickness'], {(0.0341183,)}),{left: ("[FunctionalDependency:(s: {thickness}, t: {angle})]", 0.0), operator: *, right: (1.0, 1.0), result: 0.0})
now error: 0.0
newest best op: Uniop(df,'angle','19.7',(['thickness'], {(0.0341183,)}),{left: ("[FunctionalDependency:(s: {thickness}, t: {angle})]", 0.0), operator: *, right: (1.0, 1.0), result: 0.0})
now error: 0.0
Block processing time: 0.123806 seconds
Computing Block 67 out of 200
Processing Block size=15
begin cleaner{left: ("[FunctionalDependency:(s: {thickness}, t: {angle})]", 0.0), operator: *, right: (1.0, 1.0), result: 0.0}
列 'p' 不存在，对列 angle 不过滤，直接选择所有非无效值。
Block processing time: 0.036024 seconds
Computing Block 68 out of 200
Processing Block size=12
begin cleaner{left: ("[FunctionalDependency:(s: {thickness}, t: {angle})]", 0.0), operator: *, right: (1.0, 1.0), result: 0.0}
列 'p' 不存在，对列 angle 不过滤，直接选择所有非无效值。
clean_bool length:2
newest best op: Uniop(df,'angle','9.9',(['thickness'], {(0.0193001,)}),{left: ("[FunctionalDependency:(s: {thickness}, t: {angle})]", 0.0), operator: *, right: (1.0, 1.0), result: 0.0})
now error: 0.0
Block processing time: 0.06083 seconds
Computing Block 69 out of 200
Processing Block size=16
begin cleaner{left: ("[FunctionalDependency:(s: {thickness}, t: {angle})]", 0.0), operator: *, right: (1.0, 1.0), result: 0.0}
列 'p' 不存在，对列 angle 不过滤，直接选择所有非无效值。
clean_bool length:3
newest best op: Uniop(df,'angle','0.66',(['thickness'], {(0.0584113,)}),{left: ("[FunctionalDependency:(s: {thickness}, t: {angle})]", 0.0), operator: *, right: (1.0, 1.0), result: 0.0})
now error: 0.0
newest best op: Uniop(df,'angle','12.6',(['thickness'], {(0.0584113,)}),{left: ("[FunctionalDependency:(s: {thickness}, t: {angle})]", 0.0), operator: *, right: (1.0, 1.0), result: 0.0})
now error: 0.0
Block processing time: 0.121051 seconds
Computing Block 73 out of 200
Processing Block size=16
begin cleaner{left: ("[FunctionalDependency:(s: {thickness}, t: {angle})]", 0.0), operator: *, right: (1.0, 1.0), result: 0.0}
列 'p' 不存在，对列 angle 不过滤，直接选择所有非无效值。
clean_bool length:4
newest best op: Uniop(df,'angle','4400.0',(['thickness'], {(0.00497773,)}),{left: ("[FunctionalDependency:(s: {thickness}, t: {angle})]", 0.0), operator: *, right: (1.0, 1.0), result: 0.0})
now error: 0.0
newest best op: Uniop(df,'angle','4.0',(['thickness'], {(0.00497773,)}),{left: ("[FunctionalDependency:(s: {thickness}, t: {angle})]", 0.0), operator: *, right: (1.0, 1.0), result: 0.0})
now error: 0.0
Block processing time: 0.164685 seconds
Computing Block 74 out of 200
Processing Block size=9
begin cleaner{left: ("[FunctionalDependency:(s: {thickness}, t: {angle})]", 0.0), operator: *, right: (1.0, 1.0), result: 0.0}
列 'p' 不存在，对列 angle 不过滤，直接选择所有非无效值。
clean_bool length:3
newest best op: Uniop(df,'angle','66.0',(['thickness'], {(0.00592927,)}),{left: ("[FunctionalDependency:(s: {thickness}, t: {angle})]", 0.0), operator: *, right: (1.0, 1.0), result: 0.0})
now error: 0.0
newest best op: Uniop(df,'angle','6.7',(['thickness'], {(0.00592927,)}),{left: ("[FunctionalDependency:(s: {thickness}, t: {angle})]", 0.0), operator: *, right: (1.0, 1.0), result: 0.0})
now error: 0.0
Block processing time: 0.071518 seconds
Computing Block 75 out of 200
Processing Block size=14
begin cleaner{left: ("[FunctionalDependency:(s: {thickness}, t: {angle})]", 0.0), operator: *, right: (1.0, 1.0), result: 0.0}
列 'p' 不存在，对列 angle 不过滤，直接选择所有非无效值。
clean_bool length:3
newest best op: Uniop(df,'angle','0.0',(['thickness'], {(0.00495741,)}),{left: ("[FunctionalDependency:(s: {thickness}, t: {angle})]", 1.0), operator: *, right: (1.0, 1.0), result: 1.0})
now error: 14.0
newest best op: Uniop(df,'angle','3.0',(['thickness'], {(0.00495741,)}),{left: ("[FunctionalDependency:(s: {thickness}, t: {angle})]", 0.0), operator: *, right: (1.0, 1.0), result: 0.0})
now error: 0.0
Block processing time: 0.128193 seconds
Computing Block 76 out of 200
Processing Block size=16
begin cleaner{left: ("[FunctionalDependency:(s: {thickness}, t: {angle})]", 0.0), operator: *, right: (1.0, 1.0), result: 0.0}
列 'p' 不存在，对列 angle 不过滤，直接选择所有非无效值。
clean_bool length:2
newest best op: Uniop(df,'angle','7.2',(['thickness'], {(0.00909175,)}),{left: ("[FunctionalDependency:(s: {thickness}, t: {angle})]", 0.0), operator: *, right: (1.0, 1.0), result: 0.0})
now error: 0.0
Block processing time: 0.07872 seconds
Computing Block 77 out of 200
Processing Block size=16
begin cleaner{left: ("[FunctionalDependency:(s: {thickness}, t: {angle})]", 0.0), operator: *, right: (1.0, 1.0), result: 0.0}
列 'p' 不存在，对列 angle 不过滤，直接选择所有非无效值。
clean_bool length:3
newest best op: Uniop(df,'angle','115544.0',(['thickness'], {(0.0264269,)}),{left: ("[FunctionalDependency:(s: {thickness}, t: {angle})]", 0.0), operator: *, right: (1.0, 1.0), result: 0.0})
now error: 0.0
newest best op: Uniop(df,'angle','15.4',(['thickness'], {(0.0264269,)}),{left: ("[FunctionalDependency:(s: {thickness}, t: {angle})]", 0.0), operator: *, right: (1.0, 1.0), result: 0.0})
now error: 0.0
Block processing time: 0.121126 seconds
Computing Block 79 out of 200
Processing Block size=16
begin cleaner{left: ("[FunctionalDependency:(s: {thickness}, t: {angle})]", 0.0), operator: *, right: (1.0, 1.0), result: 0.0}
列 'p' 不存在，对列 angle 不过滤，直接选择所有非无效值。
clean_bool length:3
newest best op: Uniop(df,'angle','1122.0',(['thickness'], {(0.0337792,)}),{left: ("[FunctionalDependency:(s: {thickness}, t: {angle})]", 0.0), operator: *, right: (1.0, 1.0), result: 0.0})
now error: 0.0
newest best op: Uniop(df,'angle','12.3',(['thickness'], {(0.0337792,)}),{left: ("[FunctionalDependency:(s: {thickness}, t: {angle})]", 0.0), operator: *, right: (1.0, 1.0), result: 0.0})
now error: 0.0
Block processing time: 0.130606 seconds
Computing Block 80 out of 200
Processing Block size=15
begin cleaner{left: ("[FunctionalDependency:(s: {thickness}, t: {angle})]", 0.0), operator: *, right: (1.0, 1.0), result: 0.0}
列 'p' 不存在，对列 angle 不过滤，直接选择所有非无效值。
Block processing time: 0.037366 seconds
Computing Block 81 out of 200
Processing Block size=10
begin cleaner{left: ("[FunctionalDependency:(s: {thickness}, t: {angle})]", 0.0), operator: *, right: (1.0, 1.0), result: 0.0}
列 'p' 不存在，对列 angle 不过滤，直接选择所有非无效值。
clean_bool length:2
newest best op: Uniop(df,'angle','0.0',(['thickness'], {(0.00150092,)}),{left: ("[FunctionalDependency:(s: {thickness}, t: {angle})]", 1.0), operator: *, right: (1.0, 1.0), result: 1.0})
now error: 10.0
pruned: 1
UpdateCleanBool,purned:1
clean_bool length:1
Block processing time: 0.050882 seconds
Computing Block 83 out of 200
Processing Block size=15
begin cleaner{left: ("[FunctionalDependency:(s: {thickness}, t: {angle})]", 1.0), operator: *, right: (1.0, 1.0), result: 1.0}
列 'p' 不存在，对列 angle 不过滤，直接选择所有非无效值。
clean_bool length:4
newest best op: Uniop(df,'angle','5544.0',(['thickness'], {(0.0289853,)}),{left: ("[FunctionalDependency:(s: {thickness}, t: {angle})]", 0.0), operator: *, right: (1.0, 1.0), result: 0.0})
now error: 0.0
newest best op: Uniop(df,'angle','1155.0',(['thickness'], {(0.0289853,)}),{left: ("[FunctionalDependency:(s: {thickness}, t: {angle})]", 0.0), operator: *, right: (1.0, 1.0), result: 0.0})
now error: 0.0
newest best op: Uniop(df,'angle','15.4',(['thickness'], {(0.0289853,)}),{left: ("[FunctionalDependency:(s: {thickness}, t: {angle})]", 0.0), operator: *, right: (1.0, 1.0), result: 0.0})
now error: 0.0
Block processing time: 0.153351 seconds
Computing Block 84 out of 200
Processing Block size=13
begin cleaner{left: ("[FunctionalDependency:(s: {thickness}, t: {angle})]", 0.0), operator: *, right: (1.0, 1.0), result: 0.0}
列 'p' 不存在，对列 angle 不过滤，直接选择所有非无效值。
clean_bool length:2
newest best op: Uniop(df,'angle','0.0',(['thickness'], {(7.6193,)}),{left: ("[FunctionalDependency:(s: {thickness}, t: {angle})]", 1.0), operator: *, right: (1.0, 1.0), result: 1.0})
now error: 13.0
pruned: 1
UpdateCleanBool,purned:1
clean_bool length:1
Block processing time: 0.064423 seconds
Computing Block 88 out of 200
Processing Block size=12
begin cleaner{left: ("[FunctionalDependency:(s: {thickness}, t: {angle})]", 1.0), operator: *, right: (1.0, 1.0), result: 1.0}
列 'p' 不存在，对列 angle 不过滤，直接选择所有非无效值。
clean_bool length:3
newest best op: Uniop(df,'angle','0.33',(['thickness'], {(0.00202822,)}),{left: ("[FunctionalDependency:(s: {thickness}, t: {angle})]", 0.0), operator: *, right: (1.0, 1.0), result: 0.0})
now error: 0.0
newest best op: Uniop(df,'angle','3.3',(['thickness'], {(0.00202822,)}),{left: ("[FunctionalDependency:(s: {thickness}, t: {angle})]", 0.0), operator: *, right: (1.0, 1.0), result: 0.0})
now error: 0.0
Block processing time: 0.091975 seconds
Computing Block 89 out of 200
Processing Block size=14
begin cleaner{left: ("[FunctionalDependency:(s: {thickness}, t: {angle})]", 0.0), operator: *, right: (1.0, 1.0), result: 0.0}
列 'p' 不存在，对列 angle 不过滤，直接选择所有非无效值。
clean_bool length:2
newest best op: Uniop(df,'angle','0.0',(['thickness'], {(0.0027238,)}),{left: ("[FunctionalDependency:(s: {thickness}, t: {angle})]", 1.0), operator: *, right: (1.0, 1.0), result: 1.0})
now error: 14.0
pruned: 1
UpdateCleanBool,purned:1
clean_bool length:1
Block processing time: 0.06929 seconds
Computing Block 92 out of 200
Processing Block size=10
begin cleaner{left: ("[FunctionalDependency:(s: {thickness}, t: {angle})]", 1.0), operator: *, right: (1.0, 1.0), result: 1.0}
列 'p' 不存在，对列 angle 不过滤，直接选择所有非无效值。
clean_bool length:4
newest best op: Uniop(df,'angle','8.4',(['thickness'], {(0.00580776,)}),{left: ("[FunctionalDependency:(s: {thickness}, t: {angle})]", 0.0), operator: *, right: (1.0, 1.0), result: 0.0})
now error: 0.0
Block processing time: 0.104534 seconds
Computing Block 93 out of 200
Processing Block size=11
begin cleaner{left: ("[FunctionalDependency:(s: {thickness}, t: {angle})]", 0.0), operator: *, right: (1.0, 1.0), result: 0.0}
列 'p' 不存在，对列 angle 不过滤，直接选择所有非无效值。
clean_bool length:2
newest best op: Uniop(df,'angle','0.0',(['thickness'], {(0.00214345,)}),{left: ("[FunctionalDependency:(s: {thickness}, t: {angle})]", 1.0), operator: *, right: (1.0, 1.0), result: 1.0})
now error: 11.0
pruned: 1
UpdateCleanBool,purned:1
clean_bool length:1
Block processing time: 0.055396 seconds
Computing Block 95 out of 200
Processing Block size=11
begin cleaner{left: ("[FunctionalDependency:(s: {thickness}, t: {angle})]", 1.0), operator: *, right: (1.0, 1.0), result: 1.0}
列 'p' 不存在，对列 angle 不过滤，直接选择所有非无效值。
Block processing time: 0.026892 seconds
Computing Block 96 out of 200
Processing Block size=9
begin cleaner{left: ("[FunctionalDependency:(s: {thickness}, t: {angle})]", 0.0), operator: *, right: (1.0, 1.0), result: 0.0}
列 'p' 不存在，对列 angle 不过滤，直接选择所有非无效值。
clean_bool length:2
newest best op: Uniop(df,'angle','0.0',(['thickness'], {(4.1229,)}),{left: ("[FunctionalDependency:(s: {thickness}, t: {angle})]", 1.0), operator: *, right: (1.0, 1.0), result: 1.0})
now error: 9.0
pruned: 1
UpdateCleanBool,purned:1
clean_bool length:1
Block processing time: 0.045775 seconds
Computing Block 97 out of 200
Processing Block size=14
begin cleaner{left: ("[FunctionalDependency:(s: {thickness}, t: {angle})]", 1.0), operator: *, right: (1.0, 1.0), result: 1.0}
列 'p' 不存在，对列 angle 不过滤，直接选择所有非无效值。
clean_bool length:3
newest best op: Uniop(df,'angle','11.0',(['thickness'], {(0.036484,)}),{left: ("[FunctionalDependency:(s: {thickness}, t: {angle})]", 0.0), operator: *, right: (1.0, 1.0), result: 0.0})
now error: 0.0
newest best op: Uniop(df,'angle','19.7',(['thickness'], {(0.036484,)}),{left: ("[FunctionalDependency:(s: {thickness}, t: {angle})]", 0.0), operator: *, right: (1.0, 1.0), result: 0.0})
now error: 0.0
Block processing time: 0.1062 seconds
Computing Block 100 out of 200
Processing Block size=13
begin cleaner{left: ("[FunctionalDependency:(s: {thickness}, t: {angle})]", 0.0), operator: *, right: (1.0, 1.0), result: 0.0}
列 'p' 不存在，对列 angle 不过滤，直接选择所有非无效值。
clean_bool length:3
newest best op: Uniop(df,'angle','0.44',(['thickness'], {(0.00433288,)}),{left: ("[FunctionalDependency:(s: {thickness}, t: {angle})]", 0.0), operator: *, right: (1.0, 1.0), result: 0.0})
now error: 0.0
newest best op: Uniop(df,'angle','5.4',(['thickness'], {(0.00433288,)}),{left: ("[FunctionalDependency:(s: {thickness}, t: {angle})]", 0.0), operator: *, right: (1.0, 1.0), result: 0.0})
now error: 0.0
Block processing time: 0.098961 seconds
Computing Block 102 out of 200
Processing Block size=15
begin cleaner{left: ("[FunctionalDependency:(s: {thickness}, t: {angle})]", 0.0), operator: *, right: (1.0, 1.0), result: 0.0}
列 'p' 不存在，对列 angle 不过滤，直接选择所有非无效值。
clean_bool length:5
newest best op: Uniop(df,'angle','0.0',(['thickness'], {(0.00452492,)}),{left: ("[FunctionalDependency:(s: {thickness}, t: {angle})]", 1.0), operator: *, right: (1.0, 1.0), result: 1.0})
now error: 15.0
newest best op: Uniop(df,'angle','33.0',(['thickness'], {(0.00452492,)}),{left: ("[FunctionalDependency:(s: {thickness}, t: {angle})]", 0.0), operator: *, right: (1.0, 1.0), result: 0.0})
now error: 0.0
newest best op: Uniop(df,'angle','3.0',(['thickness'], {(0.00452492,)}),{left: ("[FunctionalDependency:(s: {thickness}, t: {angle})]", 0.0), operator: *, right: (1.0, 1.0), result: 0.0})
now error: 0.0
Block processing time: 0.194814 seconds
Computing Block 103 out of 200
Processing Block size=13
begin cleaner{left: ("[FunctionalDependency:(s: {thickness}, t: {angle})]", 0.0), operator: *, right: (1.0, 1.0), result: 0.0}
列 'p' 不存在，对列 angle 不过滤，直接选择所有非无效值。
clean_bool length:2
newest best op: Uniop(df,'angle','0.0',(['thickness'], {(8.12164,)}),{left: ("[FunctionalDependency:(s: {thickness}, t: {angle})]", 1.0), operator: *, right: (1.0, 1.0), result: 1.0})
now error: 13.0
pruned: 1
UpdateCleanBool,purned:1
clean_bool length:1
Block processing time: 0.06443 seconds
Computing Block 106 out of 200
Processing Block size=14
begin cleaner{left: ("[FunctionalDependency:(s: {thickness}, t: {angle})]", 1.0), operator: *, right: (1.0, 1.0), result: 1.0}
列 'p' 不存在，对列 angle 不过滤，直接选择所有非无效值。
clean_bool length:4
newest best op: Uniop(df,'angle','1144.0',(['thickness'], {(0.0172206,)}),{left: ("[FunctionalDependency:(s: {thickness}, t: {angle})]", 0.0), operator: *, right: (1.0, 1.0), result: 0.0})
now error: 0.0
newest best op: Uniop(df,'angle','17.4',(['thickness'], {(0.0172206,)}),{left: ("[FunctionalDependency:(s: {thickness}, t: {angle})]", 0.0), operator: *, right: (1.0, 1.0), result: 0.0})
now error: 0.0
Block processing time: 0.144186 seconds
Computing Block 111 out of 200
Processing Block size=15
begin cleaner{left: ("[FunctionalDependency:(s: {thickness}, t: {angle})]", 0.0), operator: *, right: (1.0, 1.0), result: 0.0}
列 'p' 不存在，对列 angle 不过滤，直接选择所有非无效值。
clean_bool length:4
newest best op: Uniop(df,'angle','0.44',(['thickness'], {(0.016104,)}),{left: ("[FunctionalDependency:(s: {thickness}, t: {angle})]", 0.0), operator: *, right: (1.0, 1.0), result: 0.0})
now error: 0.0
newest best op: Uniop(df,'angle','17.4',(['thickness'], {(0.016104,)}),{left: ("[FunctionalDependency:(s: {thickness}, t: {angle})]", 0.0), operator: *, right: (1.0, 1.0), result: 0.0})
now error: 0.0
Block processing time: 0.153242 seconds
Computing Block 112 out of 200
Processing Block size=10
begin cleaner{left: ("[FunctionalDependency:(s: {thickness}, t: {angle})]", 0.0), operator: *, right: (1.0, 1.0), result: 0.0}
列 'p' 不存在，对列 angle 不过滤，直接选择所有非无效值。
clean_bool length:5
newest best op: Uniop(df,'angle','4.8',(['thickness'], {(8.73218,)}),{left: ("[FunctionalDependency:(s: {thickness}, t: {angle})]", 0.0), operator: *, right: (1.0, 1.0), result: 0.0})
now error: 0.0
Block processing time: 0.134133 seconds
Computing Block 115 out of 200
Processing Block size=11
begin cleaner{left: ("[FunctionalDependency:(s: {thickness}, t: {angle})]", 0.0), operator: *, right: (1.0, 1.0), result: 0.0}
列 'p' 不存在，对列 angle 不过滤，直接选择所有非无效值。
clean_bool length:2
newest best op: Uniop(df,'angle','0.0',(['thickness'], {(0.00131983,)}),{left: ("[FunctionalDependency:(s: {thickness}, t: {angle})]", 1.0), operator: *, right: (1.0, 1.0), result: 1.0})
now error: 11.0
pruned: 1
UpdateCleanBool,purned:1
clean_bool length:1
Block processing time: 0.054867 seconds
Computing Block 116 out of 200
Processing Block size=11
begin cleaner{left: ("[FunctionalDependency:(s: {thickness}, t: {angle})]", 1.0), operator: *, right: (1.0, 1.0), result: 1.0}
列 'p' 不存在，对列 angle 不过滤，直接选择所有非无效值。
clean_bool length:2
newest best op: Uniop(df,'angle','0.0',(['thickness'], {(0.00146332,)}),{left: ("[FunctionalDependency:(s: {thickness}, t: {angle})]", 1.0), operator: *, right: (1.0, 1.0), result: 1.0})
now error: 11.0
pruned: 1
UpdateCleanBool,purned:1
clean_bool length:1
Block processing time: 0.054936 seconds
Computing Block 117 out of 200
Processing Block size=9
begin cleaner{left: ("[FunctionalDependency:(s: {thickness}, t: {angle})]", 1.0), operator: *, right: (1.0, 1.0), result: 1.0}
列 'p' 不存在，对列 angle 不过滤，直接选择所有非无效值。
clean_bool length:3
newest best op: Uniop(df,'angle','4.0',(['thickness'], {(0.00473801,)}),{left: ("[FunctionalDependency:(s: {thickness}, t: {angle})]", 0.0), operator: *, right: (1.0, 1.0), result: 0.0})
now error: 0.0
Block processing time: 0.070124 seconds
Computing Block 119 out of 200
Processing Block size=16
begin cleaner{left: ("[FunctionalDependency:(s: {thickness}, t: {angle})]", 0.0), operator: *, right: (1.0, 1.0), result: 0.0}
列 'p' 不存在，对列 angle 不过滤，直接选择所有非无效值。
clean_bool length:2
newest best op: Uniop(df,'angle','0.0',(['thickness'], {(0.00331266,)}),{left: ("[FunctionalDependency:(s: {thickness}, t: {angle})]", 1.0), operator: *, right: (1.0, 1.0), result: 1.0})
now error: 16.0
pruned: 1
UpdateCleanBool,purned:1
clean_bool length:1
Block processing time: 0.079716 seconds
Computing Block 124 out of 200
Processing Block size=2
begin cleaner{left: ("[FunctionalDependency:(s: {thickness}, t: {angle})]", 1.0), operator: *, right: (1.0, 1.0), result: 1.0}
列 'p' 不存在，对列 angle 不过滤，直接选择所有非无效值。
clean_bool length:2
newest best op: Uniop(df,'angle','0.0',(['thickness'], {(1.11199337,)}),{left: ("[FunctionalDependency:(s: {thickness}, t: {angle})]", 1.0), operator: *, right: (1.0, 1.0), result: 1.0})
now error: 2.0
pruned: 1
UpdateCleanBool,purned:1
clean_bool length:1
Block processing time: 0.012636 seconds
Computing Block 128 out of 200
Processing Block size=14
begin cleaner{left: ("[FunctionalDependency:(s: {thickness}, t: {angle})]", 1.0), operator: *, right: (1.0, 1.0), result: 1.0}
列 'p' 不存在，对列 angle 不过滤，直接选择所有非无效值。
clean_bool length:3
newest best op: Uniop(df,'angle','5.3',(['thickness'], {(0.00614329,)}),{left: ("[FunctionalDependency:(s: {thickness}, t: {angle})]", 0.0), operator: *, right: (1.0, 1.0), result: 0.0})
now error: 0.0
Block processing time: 0.106277 seconds
Computing Block 129 out of 200
Processing Block size=12
begin cleaner{left: ("[FunctionalDependency:(s: {thickness}, t: {angle})]", 0.0), operator: *, right: (1.0, 1.0), result: 0.0}
列 'p' 不存在，对列 angle 不过滤，直接选择所有非无效值。
clean_bool length:3
newest best op: Uniop(df,'angle','11.0',(['thickness'], {(0.014072,)}),{left: ("[FunctionalDependency:(s: {thickness}, t: {angle})]", 0.0), operator: *, right: (1.0, 1.0), result: 0.0})
now error: 0.0
newest best op: Uniop(df,'angle','11.2',(['thickness'], {(0.014072,)}),{left: ("[FunctionalDependency:(s: {thickness}, t: {angle})]", 0.0), operator: *, right: (1.0, 1.0), result: 0.0})
now error: 0.0
Block processing time: 0.092904 seconds
Computing Block 130 out of 200
Processing Block size=14
begin cleaner{left: ("[FunctionalDependency:(s: {thickness}, t: {angle})]", 0.0), operator: *, right: (1.0, 1.0), result: 0.0}
列 'p' 不存在，对列 angle 不过滤，直接选择所有非无效值。
clean_bool length:2
newest best op: Uniop(df,'angle','0.0',(['thickness'], {(0.00253511,)}),{left: ("[FunctionalDependency:(s: {thickness}, t: {angle})]", 1.0), operator: *, right: (1.0, 1.0), result: 1.0})
now error: 14.0
pruned: 1
UpdateCleanBool,purned:1
clean_bool length:1
Block processing time: 0.068898 seconds
Computing Block 131 out of 200
Processing Block size=7
begin cleaner{left: ("[FunctionalDependency:(s: {thickness}, t: {angle})]", 1.0), operator: *, right: (1.0, 1.0), result: 1.0}
列 'p' 不存在，对列 angle 不过滤，直接选择所有非无效值。
clean_bool length:3
newest best op: Uniop(df,'angle','6677.0',(['thickness'], {(0.0052139,)}),{left: ("[FunctionalDependency:(s: {thickness}, t: {angle})]", 0.0), operator: *, right: (1.0, 1.0), result: 0.0})
now error: 0.0
newest best op: Uniop(df,'angle','6.7',(['thickness'], {(0.0052139,)}),{left: ("[FunctionalDependency:(s: {thickness}, t: {angle})]", 0.0), operator: *, right: (1.0, 1.0), result: 0.0})
now error: 0.0
Block processing time: 0.055331 seconds
Computing Block 132 out of 200
Processing Block size=14
begin cleaner{left: ("[FunctionalDependency:(s: {thickness}, t: {angle})]", 0.0), operator: *, right: (1.0, 1.0), result: 0.0}
列 'p' 不存在，对列 angle 不过滤，直接选择所有非无效值。
clean_bool length:4
newest best op: Uniop(df,'angle','7733.0',(['thickness'], {(0.0132672,)}),{left: ("[FunctionalDependency:(s: {thickness}, t: {angle})]", 0.0), operator: *, right: (1.0, 1.0), result: 0.0})
now error: 0.0
newest best op: Uniop(df,'angle','77.0',(['thickness'], {(0.0132672,)}),{left: ("[FunctionalDependency:(s: {thickness}, t: {angle})]", 0.0), operator: *, right: (1.0, 1.0), result: 0.0})
now error: 0.0
newest best op: Uniop(df,'angle','7.3',(['thickness'], {(0.0132672,)}),{left: ("[FunctionalDependency:(s: {thickness}, t: {angle})]", 0.0), operator: *, right: (1.0, 1.0), result: 0.0})
now error: 0.0
Block processing time: 0.144097 seconds
Computing Block 133 out of 200
Processing Block size=13
begin cleaner{left: ("[FunctionalDependency:(s: {thickness}, t: {angle})]", 0.0), operator: *, right: (1.0, 1.0), result: 0.0}
列 'p' 不存在，对列 angle 不过滤，直接选择所有非无效值。
clean_bool length:2
newest best op: Uniop(df,'angle','0.0',(['thickness'], {(7.40478,)}),{left: ("[FunctionalDependency:(s: {thickness}, t: {angle})]", 1.0), operator: *, right: (1.0, 1.0), result: 1.0})
now error: 13.0
pruned: 1
UpdateCleanBool,purned:1
clean_bool length:1
Block processing time: 0.064372 seconds
Computing Block 134 out of 200
Processing Block size=8
begin cleaner{left: ("[FunctionalDependency:(s: {thickness}, t: {angle})]", 1.0), operator: *, right: (1.0, 1.0), result: 1.0}
列 'p' 不存在，对列 angle 不过滤，直接选择所有非无效值。
Block processing time: 0.019601 seconds
Computing Block 135 out of 200
Processing Block size=16
begin cleaner{left: ("[FunctionalDependency:(s: {thickness}, t: {angle})]", 0.0), operator: *, right: (1.0, 1.0), result: 0.0}
列 'p' 不存在，对列 angle 不过滤，直接选择所有非无效值。
clean_bool length:3
newest best op: Uniop(df,'angle','88.0',(['thickness'], {(0.0103088,)}),{left: ("[FunctionalDependency:(s: {thickness}, t: {angle})]", 0.0), operator: *, right: (1.0, 1.0), result: 0.0})
now error: 0.0
newest best op: Uniop(df,'angle','8.9',(['thickness'], {(0.0103088,)}),{left: ("[FunctionalDependency:(s: {thickness}, t: {angle})]", 0.0), operator: *, right: (1.0, 1.0), result: 0.0})
now error: 0.0
Block processing time: 0.120276 seconds
Computing Block 138 out of 200
Processing Block size=22
begin cleaner{left: ("[FunctionalDependency:(s: {thickness}, t: {angle})]", 0.0), operator: *, right: (1.0, 1.0), result: 0.0}
列 'p' 不存在，对列 angle 不过滤，直接选择所有非无效值。
clean_bool length:4
newest best op: Uniop(df,'angle','8.4',(['thickness'], {(0.00529514,)}),{left: ("[FunctionalDependency:(s: {thickness}, t: {angle})]", 0.0), operator: *, right: (1.0, 1.0), result: 0.0})
now error: 0.0
newest best op: Uniop(df,'angle','3.0',(['thickness'], {(0.00529514,)}),{left: ("[FunctionalDependency:(s: {thickness}, t: {angle})]", 0.0), operator: *, right: (1.0, 1.0), result: 0.0})
now error: 0.0
Block processing time: 0.222535 seconds
Computing Block 139 out of 200
Processing Block size=12
begin cleaner{left: ("[FunctionalDependency:(s: {thickness}, t: {angle})]", 0.0), operator: *, right: (1.0, 1.0), result: 0.0}
列 'p' 不存在，对列 angle 不过滤，直接选择所有非无效值。
clean_bool length:3
newest best op: Uniop(df,'angle','8.4',(['thickness'], {(0.00544854,)}),{left: ("[FunctionalDependency:(s: {thickness}, t: {angle})]", 0.0), operator: *, right: (1.0, 1.0), result: 0.0})
now error: 0.0
Block processing time: 0.092194 seconds
Computing Block 140 out of 200
Processing Block size=13
begin cleaner{left: ("[FunctionalDependency:(s: {thickness}, t: {angle})]", 0.0), operator: *, right: (1.0, 1.0), result: 0.0}
列 'p' 不存在，对列 angle 不过滤，直接选择所有非无效值。
clean_bool length:4
newest best op: Uniop(df,'angle','11.0',(['thickness'], {(0.0408268,)}),{left: ("[FunctionalDependency:(s: {thickness}, t: {angle})]", 0.0), operator: *, right: (1.0, 1.0), result: 0.0})
now error: 0.0
newest best op: Uniop(df,'angle','12.3',(['thickness'], {(0.0408268,)}),{left: ("[FunctionalDependency:(s: {thickness}, t: {angle})]", 0.0), operator: *, right: (1.0, 1.0), result: 0.0})
now error: 0.0
Block processing time: 0.133954 seconds
Computing Block 141 out of 200
Processing Block size=13
begin cleaner{left: ("[FunctionalDependency:(s: {thickness}, t: {angle})]", 0.0), operator: *, right: (1.0, 1.0), result: 0.0}
列 'p' 不存在，对列 angle 不过滤，直接选择所有非无效值。
clean_bool length:2
newest best op: Uniop(df,'angle','15.6',(['thickness'], {(0.0437259,)}),{left: ("[FunctionalDependency:(s: {thickness}, t: {angle})]", 0.0), operator: *, right: (1.0, 1.0), result: 0.0})
now error: 0.0
Block processing time: 0.065872 seconds
Computing Block 142 out of 200
Processing Block size=13
begin cleaner{left: ("[FunctionalDependency:(s: {thickness}, t: {angle})]", 0.0), operator: *, right: (1.0, 1.0), result: 0.0}
列 'p' 不存在，对列 angle 不过滤，直接选择所有非无效值。
clean_bool length:2
newest best op: Uniop(df,'angle','0.0',(['thickness'], {(4.39472,)}),{left: ("[FunctionalDependency:(s: {thickness}, t: {angle})]", 1.0), operator: *, right: (1.0, 1.0), result: 1.0})
now error: 13.0
pruned: 1
UpdateCleanBool,purned:1
clean_bool length:1
Block processing time: 0.065551 seconds
Computing Block 143 out of 200
Processing Block size=14
begin cleaner{left: ("[FunctionalDependency:(s: {thickness}, t: {angle})]", 1.0), operator: *, right: (1.0, 1.0), result: 1.0}
列 'p' 不存在，对列 angle 不过滤，直接选择所有非无效值。
clean_bool length:3
newest best op: Uniop(df,'angle','77.0',(['thickness'], {(0.00752039,)}),{left: ("[FunctionalDependency:(s: {thickness}, t: {angle})]", 0.0), operator: *, right: (1.0, 1.0), result: 0.0})
now error: 0.0
newest best op: Uniop(df,'angle','7.2',(['thickness'], {(0.00752039,)}),{left: ("[FunctionalDependency:(s: {thickness}, t: {angle})]", 0.0), operator: *, right: (1.0, 1.0), result: 0.0})
now error: 0.0
Block processing time: 0.106924 seconds
Computing Block 145 out of 200
Processing Block size=14
begin cleaner{left: ("[FunctionalDependency:(s: {thickness}, t: {angle})]", 0.0), operator: *, right: (1.0, 1.0), result: 0.0}
列 'p' 不存在，对列 angle 不过滤，直接选择所有非无效值。
clean_bool length:3
newest best op: Uniop(df,'angle','9.9',(['thickness'], {(0.0252785,)}),{left: ("[FunctionalDependency:(s: {thickness}, t: {angle})]", 0.0), operator: *, right: (1.0, 1.0), result: 0.0})
now error: 0.0
Block processing time: 0.107898 seconds
Computing Block 146 out of 200
Processing Block size=8
begin cleaner{left: ("[FunctionalDependency:(s: {thickness}, t: {angle})]", 0.0), operator: *, right: (1.0, 1.0), result: 0.0}
列 'p' 不存在，对列 angle 不过滤，直接选择所有非无效值。
Block processing time: 0.019769 seconds
Computing Block 149 out of 200
Processing Block size=15
begin cleaner{left: ("[FunctionalDependency:(s: {thickness}, t: {angle})]", 0.0), operator: *, right: (1.0, 1.0), result: 0.0}
列 'p' 不存在，对列 angle 不过滤，直接选择所有非无效值。
Block processing time: 0.036276 seconds
Computing Block 151 out of 200
Processing Block size=18
begin cleaner{left: ("[FunctionalDependency:(s: {thickness}, t: {angle})]", 0.0), operator: *, right: (1.0, 1.0), result: 0.0}
列 'p' 不存在，对列 angle 不过滤，直接选择所有非无效值。
clean_bool length:2
newest best op: Uniop(df,'angle','0.0',(['thickness'], {(0.00310138,)}),{left: ("[FunctionalDependency:(s: {thickness}, t: {angle})]", 1.0), operator: *, right: (1.0, 1.0), result: 1.0})
now error: 18.0
pruned: 1
UpdateCleanBool,purned:1
clean_bool length:1
Block processing time: 0.088456 seconds
Computing Block 152 out of 200
Processing Block size=13
begin cleaner{left: ("[FunctionalDependency:(s: {thickness}, t: {angle})]", 1.0), operator: *, right: (1.0, 1.0), result: 1.0}
列 'p' 不存在，对列 angle 不过滤，直接选择所有非无效值。
clean_bool length:3
newest best op: Uniop(df,'angle','1.5',(['thickness'], {(0.00336729,)}),{left: ("[FunctionalDependency:(s: {thickness}, t: {angle})]", 0.0), operator: *, right: (1.0, 1.0), result: 0.0})
now error: 0.0
Block processing time: 0.101231 seconds
Computing Block 153 out of 200
Processing Block size=13
begin cleaner{left: ("[FunctionalDependency:(s: {thickness}, t: {angle})]", 0.0), operator: *, right: (1.0, 1.0), result: 0.0}
列 'p' 不存在，对列 angle 不过滤，直接选择所有非无效值。
clean_bool length:4
newest best op: Uniop(df,'angle','11.0',(['thickness'], {(0.0418756,)}),{left: ("[FunctionalDependency:(s: {thickness}, t: {angle})]", 0.0), operator: *, right: (1.0, 1.0), result: 0.0})
now error: 0.0
newest best op: Uniop(df,'angle','12.3',(['thickness'], {(0.0418756,)}),{left: ("[FunctionalDependency:(s: {thickness}, t: {angle})]", 0.0), operator: *, right: (1.0, 1.0), result: 0.0})
now error: 0.0
Block processing time: 0.13492 seconds
Computing Block 154 out of 200
Processing Block size=12
begin cleaner{left: ("[FunctionalDependency:(s: {thickness}, t: {angle})]", 0.0), operator: *, right: (1.0, 1.0), result: 0.0}
列 'p' 不存在，对列 angle 不过滤，直接选择所有非无效值。
clean_bool length:2
newest best op: Uniop(df,'angle','0.0',(['thickness'], {(0.0015988,)}),{left: ("[FunctionalDependency:(s: {thickness}, t: {angle})]", 1.0), operator: *, right: (1.0, 1.0), result: 1.0})
now error: 12.0
pruned: 1
UpdateCleanBool,purned:1
clean_bool length:1
Block processing time: 0.060304 seconds
Computing Block 160 out of 200
Processing Block size=11
begin cleaner{left: ("[FunctionalDependency:(s: {thickness}, t: {angle})]", 1.0), operator: *, right: (1.0, 1.0), result: 1.0}
列 'p' 不存在，对列 angle 不过滤，直接选择所有非无效值。
clean_bool length:3
newest best op: Uniop(df,'angle','9.5',(['thickness'], {(0.0043284,)}),{left: ("[FunctionalDependency:(s: {thickness}, t: {angle})]", 0.0), operator: *, right: (1.0, 1.0), result: 0.0})
now error: 0.0
Block processing time: 0.086235 seconds
Computing Block 161 out of 200
Processing Block size=15
begin cleaner{left: ("[FunctionalDependency:(s: {thickness}, t: {angle})]", 0.0), operator: *, right: (1.0, 1.0), result: 0.0}
列 'p' 不存在，对列 angle 不过滤，直接选择所有非无效值。
Block processing time: 0.036709 seconds
Computing Block 162 out of 200
Processing Block size=13
begin cleaner{left: ("[FunctionalDependency:(s: {thickness}, t: {angle})]", 0.0), operator: *, right: (1.0, 1.0), result: 0.0}
列 'p' 不存在，对列 angle 不过滤，直接选择所有非无效值。
clean_bool length:3
newest best op: Uniop(df,'angle','4.8',(['thickness'], {(9.07475,)}),{left: ("[FunctionalDependency:(s: {thickness}, t: {angle})]", 0.0), operator: *, right: (1.0, 1.0), result: 0.0})
now error: 0.0
Block processing time: 0.101029 seconds
Computing Block 163 out of 200
Processing Block size=14
begin cleaner{left: ("[FunctionalDependency:(s: {thickness}, t: {angle})]", 0.0), operator: *, right: (1.0, 1.0), result: 0.0}
列 'p' 不存在，对列 angle 不过滤，直接选择所有非无效值。
clean_bool length:2
newest best op: Uniop(df,'angle','0.0',(['thickness'], {(0.00283081,)}),{left: ("[FunctionalDependency:(s: {thickness}, t: {angle})]", 1.0), operator: *, right: (1.0, 1.0), result: 1.0})
now error: 14.0
pruned: 1
UpdateCleanBool,purned:1
clean_bool length:1
Block processing time: 0.069983 seconds
Computing Block 165 out of 200
Processing Block size=3
begin cleaner{left: ("[FunctionalDependency:(s: {thickness}, t: {angle})]", 1.0), operator: *, right: (1.0, 1.0), result: 1.0}
列 'p' 不存在，对列 angle 不过滤，直接选择所有非无效值。
clean_bool length:4
newest best op: Uniop(df,'angle','9.5',(['thickness'], {(3377.0,)}),{left: ("[FunctionalDependency:(s: {thickness}, t: {angle})]", 0.0), operator: *, right: (1.0, 1.0), result: 0.0})
now error: 0.0
Block processing time: 0.037862 seconds
Computing Block 166 out of 200
Processing Block size=14
begin cleaner{left: ("[FunctionalDependency:(s: {thickness}, t: {angle})]", 0.0), operator: *, right: (1.0, 1.0), result: 0.0}
列 'p' 不存在，对列 angle 不过滤，直接选择所有非无效值。
clean_bool length:3
newest best op: Uniop(df,'angle','0.0',(['thickness'], {(0.00579636,)}),{left: ("[FunctionalDependency:(s: {thickness}, t: {angle})]", 1.0), operator: *, right: (1.0, 1.0), result: 1.0})
now error: 14.0
newest best op: Uniop(df,'angle','4.0',(['thickness'], {(0.00579636,)}),{left: ("[FunctionalDependency:(s: {thickness}, t: {angle})]", 0.0), operator: *, right: (1.0, 1.0), result: 0.0})
now error: 0.0
Block processing time: 0.110634 seconds
Computing Block 168 out of 200
Processing Block size=15
begin cleaner{left: ("[FunctionalDependency:(s: {thickness}, t: {angle})]", 0.0), operator: *, right: (1.0, 1.0), result: 0.0}
列 'p' 不存在，对列 angle 不过滤，直接选择所有非无效值。
clean_bool length:2
newest best op: Uniop(df,'angle','0.0',(['thickness'], {(0.00172668,)}),{left: ("[FunctionalDependency:(s: {thickness}, t: {angle})]", 1.0), operator: *, right: (1.0, 1.0), result: 1.0})
now error: 15.0
pruned: 1
UpdateCleanBool,purned:1
clean_bool length:1
Block processing time: 0.074374 seconds
Computing Block 169 out of 200
Processing Block size=11
begin cleaner{left: ("[FunctionalDependency:(s: {thickness}, t: {angle})]", 1.0), operator: *, right: (1.0, 1.0), result: 1.0}
列 'p' 不存在，对列 angle 不过滤，直接选择所有非无效值。
clean_bool length:3
newest best op: Uniop(df,'angle','5.4',(['thickness'], {(0.00525474,)}),{left: ("[FunctionalDependency:(s: {thickness}, t: {angle})]", 0.0), operator: *, right: (1.0, 1.0), result: 0.0})
now error: 0.0
Block processing time: 0.085583 seconds
Computing Block 170 out of 200
Processing Block size=10
begin cleaner{left: ("[FunctionalDependency:(s: {thickness}, t: {angle})]", 0.0), operator: *, right: (1.0, 1.0), result: 0.0}
列 'p' 不存在，对列 angle 不过滤，直接选择所有非无效值。
clean_bool length:4
newest best op: Uniop(df,'angle','8.4',(['thickness'], {(0.00566229,)}),{left: ("[FunctionalDependency:(s: {thickness}, t: {angle})]", 0.0), operator: *, right: (1.0, 1.0), result: 0.0})
now error: 0.0
Block processing time: 0.10528 seconds
Computing Block 172 out of 200
Processing Block size=12
begin cleaner{left: ("[FunctionalDependency:(s: {thickness}, t: {angle})]", 0.0), operator: *, right: (1.0, 1.0), result: 0.0}
列 'p' 不存在，对列 angle 不过滤，直接选择所有非无效值。
clean_bool length:3
newest best op: Uniop(df,'angle','33.0',(['thickness'], {(0.00245138,)}),{left: ("[FunctionalDependency:(s: {thickness}, t: {angle})]", 0.0), operator: *, right: (1.0, 1.0), result: 0.0})
now error: 0.0
newest best op: Uniop(df,'angle','3.3',(['thickness'], {(0.00245138,)}),{left: ("[FunctionalDependency:(s: {thickness}, t: {angle})]", 0.0), operator: *, right: (1.0, 1.0), result: 0.0})
now error: 0.0
Block processing time: 0.092486 seconds
Computing Block 173 out of 200
Processing Block size=13
begin cleaner{left: ("[FunctionalDependency:(s: {thickness}, t: {angle})]", 0.0), operator: *, right: (1.0, 1.0), result: 0.0}
列 'p' 不存在，对列 angle 不过滤，直接选择所有非无效值。
clean_bool length:3
newest best op: Uniop(df,'angle','0.0',(['thickness'], {(0.0042862,)}),{left: ("[FunctionalDependency:(s: {thickness}, t: {angle})]", 1.0), operator: *, right: (1.0, 1.0), result: 1.0})
now error: 13.0
newest best op: Uniop(df,'angle','4.0',(['thickness'], {(0.0042862,)}),{left: ("[FunctionalDependency:(s: {thickness}, t: {angle})]", 0.0), operator: *, right: (1.0, 1.0), result: 0.0})
now error: 0.0
Block processing time: 0.099605 seconds
Computing Block 175 out of 200
Processing Block size=9
begin cleaner{left: ("[FunctionalDependency:(s: {thickness}, t: {angle})]", 0.0), operator: *, right: (1.0, 1.0), result: 0.0}
列 'p' 不存在，对列 angle 不过滤，直接选择所有非无效值。
clean_bool length:3
newest best op: Uniop(df,'angle','33.0',(['thickness'], {(0.00251435,)}),{left: ("[FunctionalDependency:(s: {thickness}, t: {angle})]", 0.0), operator: *, right: (1.0, 1.0), result: 0.0})
now error: 0.0
newest best op: Uniop(df,'angle','3.3',(['thickness'], {(0.00251435,)}),{left: ("[FunctionalDependency:(s: {thickness}, t: {angle})]", 0.0), operator: *, right: (1.0, 1.0), result: 0.0})
now error: 0.0
Block processing time: 0.071526 seconds
Computing Block 176 out of 200
Processing Block size=15
begin cleaner{left: ("[FunctionalDependency:(s: {thickness}, t: {angle})]", 0.0), operator: *, right: (1.0, 1.0), result: 0.0}
列 'p' 不存在，对列 angle 不过滤，直接选择所有非无效值。
clean_bool length:4
newest best op: Uniop(df,'angle','33.0',(['thickness'], {(0.0104404,)}),{left: ("[FunctionalDependency:(s: {thickness}, t: {angle})]", 0.0), operator: *, right: (1.0, 1.0), result: 0.0})
now error: 0.0
newest best op: Uniop(df,'angle','77.0',(['thickness'], {(0.0104404,)}),{left: ("[FunctionalDependency:(s: {thickness}, t: {angle})]", 0.0), operator: *, right: (1.0, 1.0), result: 0.0})
now error: 0.0
newest best op: Uniop(df,'angle','7.3',(['thickness'], {(0.0104404,)}),{left: ("[FunctionalDependency:(s: {thickness}, t: {angle})]", 0.0), operator: *, right: (1.0, 1.0), result: 0.0})
now error: 0.0
Block processing time: 0.154273 seconds
Computing Block 177 out of 200
Processing Block size=15
begin cleaner{left: ("[FunctionalDependency:(s: {thickness}, t: {angle})]", 0.0), operator: *, right: (1.0, 1.0), result: 0.0}
列 'p' 不存在，对列 angle 不过滤，直接选择所有非无效值。
clean_bool length:5
newest best op: Uniop(df,'angle','17.4',(['thickness'], {(0.0165706,)}),{left: ("[FunctionalDependency:(s: {thickness}, t: {angle})]", 0.0), operator: *, right: (1.0, 1.0), result: 0.0})
now error: 0.0
Block processing time: 0.193197 seconds
Computing Block 178 out of 200
Processing Block size=8
begin cleaner{left: ("[FunctionalDependency:(s: {thickness}, t: {angle})]", 0.0), operator: *, right: (1.0, 1.0), result: 0.0}
列 'p' 不存在，对列 angle 不过滤，直接选择所有非无效值。
clean_bool length:3
newest best op: Uniop(df,'angle','4.2',(['thickness'], {(0.00142788,)}),{left: ("[FunctionalDependency:(s: {thickness}, t: {angle})]", 0.0), operator: *, right: (1.0, 1.0), result: 0.0})
now error: 0.0
Block processing time: 0.063191 seconds
Computing Block 179 out of 200
Processing Block size=16
begin cleaner{left: ("[FunctionalDependency:(s: {thickness}, t: {angle})]", 0.0), operator: *, right: (1.0, 1.0), result: 0.0}
列 'p' 不存在，对列 angle 不过滤，直接选择所有非无效值。
clean_bool length:4
newest best op: Uniop(df,'angle','1122.0',(['thickness'], {(0.0368233,)}),{left: ("[FunctionalDependency:(s: {thickness}, t: {angle})]", 0.0), operator: *, right: (1.0, 1.0), result: 0.0})
now error: 0.0
newest best op: Uniop(df,'angle','12.3',(['thickness'], {(0.0368233,)}),{left: ("[FunctionalDependency:(s: {thickness}, t: {angle})]", 0.0), operator: *, right: (1.0, 1.0), result: 0.0})
now error: 0.0
Block processing time: 0.16803 seconds
Computing Block 180 out of 200
Processing Block size=14
begin cleaner{left: ("[FunctionalDependency:(s: {thickness}, t: {angle})]", 0.0), operator: *, right: (1.0, 1.0), result: 0.0}
列 'p' 不存在，对列 angle 不过滤，直接选择所有非无效值。
clean_bool length:3
newest best op: Uniop(df,'angle','11.0',(['thickness'], {(0.0483159,)}),{left: ("[FunctionalDependency:(s: {thickness}, t: {angle})]", 0.0), operator: *, right: (1.0, 1.0), result: 0.0})
now error: 0.0
newest best op: Uniop(df,'angle','12.6',(['thickness'], {(0.0483159,)}),{left: ("[FunctionalDependency:(s: {thickness}, t: {angle})]", 0.0), operator: *, right: (1.0, 1.0), result: 0.0})
now error: 0.0
Block processing time: 0.106768 seconds
Computing Block 183 out of 200
Processing Block size=11
begin cleaner{left: ("[FunctionalDependency:(s: {thickness}, t: {angle})]", 0.0), operator: *, right: (1.0, 1.0), result: 0.0}
列 'p' 不存在，对列 angle 不过滤，直接选择所有非无效值。
clean_bool length:3
newest best op: Uniop(df,'angle','2.0',(['thickness'], {(0.00346574,)}),{left: ("[FunctionalDependency:(s: {thickness}, t: {angle})]", 0.0), operator: *, right: (1.0, 1.0), result: 0.0})
now error: 0.0
Block processing time: 0.084899 seconds
Computing Block 185 out of 200
Processing Block size=14
begin cleaner{left: ("[FunctionalDependency:(s: {thickness}, t: {angle})]", 0.0), operator: *, right: (1.0, 1.0), result: 0.0}
列 'p' 不存在，对列 angle 不过滤，直接选择所有非无效值。
clean_bool length:3
newest best op: Uniop(df,'angle','2222.0',(['thickness'], {(0.0229028,)}),{left: ("[FunctionalDependency:(s: {thickness}, t: {angle})]", 0.0), operator: *, right: (1.0, 1.0), result: 0.0})WARNING:root:No partitioning rule specified, processing might be slow

now error: 0.0
newest best op: Uniop(df,'angle','22.2',(['thickness'], {(0.0229028,)}),{left: ("[FunctionalDependency:(s: {thickness}, t: {angle})]", 0.0), operator: *, right: (1.0, 1.0), result: 0.0})
now error: 0.0
Block processing time: 0.107155 seconds
Computing Block 186 out of 200
Processing Block size=14
begin cleaner{left: ("[FunctionalDependency:(s: {thickness}, t: {angle})]", 0.0), operator: *, right: (1.0, 1.0), result: 0.0}
列 'p' 不存在，对列 angle 不过滤，直接选择所有非无效值。
clean_bool length:3
newest best op: Uniop(df,'angle','7744.0',(['thickness'], {(0.0176631,)}),{left: ("[FunctionalDependency:(s: {thickness}, t: {angle})]", 0.0), operator: *, right: (1.0, 1.0), result: 0.0})
now error: 0.0
newest best op: Uniop(df,'angle','17.4',(['thickness'], {(0.0176631,)}),{left: ("[FunctionalDependency:(s: {thickness}, t: {angle})]", 0.0), operator: *, right: (1.0, 1.0), result: 0.0})
now error: 0.0
Block processing time: 0.107415 seconds
Computing Block 188 out of 200
Processing Block size=13
begin cleaner{left: ("[FunctionalDependency:(s: {thickness}, t: {angle})]", 0.0), operator: *, right: (1.0, 1.0), result: 0.0}
列 'p' 不存在，对列 angle 不过滤，直接选择所有非无效值。
Block processing time: 0.03332 seconds
Computing Block 190 out of 200
Processing Block size=10
begin cleaner{left: ("[FunctionalDependency:(s: {thickness}, t: {angle})]", 0.0), operator: *, right: (1.0, 1.0), result: 0.0}
列 'p' 不存在，对列 angle 不过滤，直接选择所有非无效值。
clean_bool length:3
newest best op: Uniop(df,'angle','88.0',(['thickness'], {(8.48633,)}),{left: ("[FunctionalDependency:(s: {thickness}, t: {angle})]", 0.0), operator: *, right: (1.0, 1.0), result: 0.0})
now error: 0.0
newest best op: Uniop(df,'angle','4.8',(['thickness'], {(8.48633,)}),{left: ("[FunctionalDependency:(s: {thickness}, t: {angle})]", 0.0), operator: *, right: (1.0, 1.0), result: 0.0})
now error: 0.0
Block processing time: 0.080088 seconds
Computing Block 192 out of 200
Processing Block size=16
begin cleaner{left: ("[FunctionalDependency:(s: {thickness}, t: {angle})]", 0.0), operator: *, right: (1.0, 1.0), result: 0.0}
列 'p' 不存在，对列 angle 不过滤，直接选择所有非无效值。
clean_bool length:4
newest best op: Uniop(df,'angle','8.9',(['thickness'], {(0.0124596,)}),{left: ("[FunctionalDependency:(s: {thickness}, t: {angle})]", 0.0), operator: *, right: (1.0, 1.0), result: 0.0})
now error: 0.0
Block processing time: 0.163976 seconds
Computing Block 194 out of 200
Processing Block size=11
begin cleaner{left: ("[FunctionalDependency:(s: {thickness}, t: {angle})]", 0.0), operator: *, right: (1.0, 1.0), result: 0.0}
列 'p' 不存在，对列 angle 不过滤，直接选择所有非无效值。
clean_bool length:2
newest best op: Uniop(df,'angle','9.5',(['thickness'], {(0.00420654,)}),{left: ("[FunctionalDependency:(s: {thickness}, t: {angle})]", 0.0), operator: *, right: (1.0, 1.0), result: 0.0})
now error: 0.0
Block processing time: 0.055407 seconds
Computing Block 196 out of 200
Processing Block size=6
begin cleaner{left: ("[FunctionalDependency:(s: {thickness}, t: {angle})]", 0.0), operator: *, right: (1.0, 1.0), result: 0.0}
列 'p' 不存在，对列 angle 不过滤，直接选择所有非无效值。
clean_bool length:2
newest best op: Uniop(df,'angle','0.0',(['thickness'], {(4.00682,)}),{left: ("[FunctionalDependency:(s: {thickness}, t: {angle})]", 1.0), operator: *, right: (1.0, 1.0), result: 1.0})
now error: 6.0
pruned: 1
UpdateCleanBool,purned:1
clean_bool length:1
Block processing time: 0.031612 seconds
Computing Block 198 out of 200
Processing Block size=12
begin cleaner{left: ("[FunctionalDependency:(s: {thickness}, t: {angle})]", 1.0), operator: *, right: (1.0, 1.0), result: 1.0}
列 'p' 不存在，对列 angle 不过滤，直接选择所有非无效值。
clean_bool length:2
newest best op: Uniop(df,'angle','0.0',(['thickness'], {(7.91822,)}),{left: ("[FunctionalDependency:(s: {thickness}, t: {angle})]", 1.0), operator: *, right: (1.0, 1.0), result: 1.0})
now error: 12.0
pruned: 1
UpdateCleanBool,purned:1
clean_bool length:1
Block processing time: 0.059727 seconds
Computing Block 199 out of 200
Processing Block size=14
begin cleaner{left: ("[FunctionalDependency:(s: {thickness}, t: {angle})]", 1.0), operator: *, right: (1.0, 1.0), result: 1.0}
列 'p' 不存在，对列 angle 不过滤，直接选择所有非无效值。
clean_bool length:4
newest best op: Uniop(df,'angle','2.7',(['thickness'], {(0.00294804,)}),{left: ("[FunctionalDependency:(s: {thickness}, t: {angle})]", 0.0), operator: *, right: (1.0, 1.0), result: 0.0})
now error: 0.0
Block processing time: 0.143618 seconds
  当前节点: angle 有 101 个清洗操作
  当前节点: chord_length 存在可用清洗信号
数据块大小: 1503
分块属性:
[['thickness']]
Starting initial block mapping...
Initial number of blocks: 200
Final number of blocks after further splitting: 200
Computing Block 1 out of 200
Processing Block size=14
begin cleaner[FunctionalDependency:(s: {'thickness'}, t: {'chord_length'})]*1.0
列 'p' 不存在，对列 chord_length 不过滤，直接选择所有非无效值。
Block processing time: 0.034105 seconds
Computing Block 2 out of 200
Processing Block size=13
begin cleaner{left: ("[FunctionalDependency:(s: {thickness}, t: {chord_length})]", 0.0), operator: *, right: (1.0, 1.0), result: 0.0}
列 'p' 不存在，对列 chord_length 不过滤，直接选择所有非无效值。
Block processing time: 0.031429 seconds
Computing Block 3 out of 200
Processing Block size=14
begin cleaner{left: ("[FunctionalDependency:(s: {thickness}, t: {chord_length})]", 0.0), operator: *, right: (1.0, 1.0), result: 0.0}
列 'p' 不存在，对列 chord_length 不过滤，直接选择所有非无效值。
clean_bool length:5
newest best op: Uniop(df,'chord_length','0.1524',(['thickness'], {(0.0233328,)}),{left: ("[FunctionalDependency:(s: {thickness}, t: {chord_length})]", 0.0), operator: *, right: (1.0, 1.0), result: 0.0})
now error: 0.0
Block processing time: 0.182425 seconds
Computing Block 4 out of 200
Processing Block size=13
begin cleaner{left: ("[FunctionalDependency:(s: {thickness}, t: {chord_length})]", 0.0), operator: *, right: (1.0, 1.0), result: 0.0}
列 'p' 不存在，对列 chord_length 不过滤，直接选择所有非无效值。
clean_bool length:2
newest best op: Uniop(df,'chord_length','0.1524',(['thickness'], {(0.00209405,)}),{left: ("[FunctionalDependency:(s: {thickness}, t: {chord_length})]", 0.0), operator: *, right: (1.0, 1.0), result: 0.0})
now error: 0.0
Block processing time: 0.065318 seconds
Computing Block 5 out of 200
Processing Block size=11
begin cleaner{left: ("[FunctionalDependency:(s: {thickness}, t: {chord_length})]", 0.0), operator: *, right: (1.0, 1.0), result: 0.0}
列 'p' 不存在，对列 chord_length 不过滤，直接选择所有非无效值。
clean_bool length:4
newest best op: Uniop(df,'chord_length','0.0254',(['thickness'], {(4.28464,)}),{left: ("[FunctionalDependency:(s: {thickness}, t: {chord_length})]", 0.0), operator: *, right: (1.0, 1.0), result: 0.0})
now error: 0.0
Block processing time: 0.115293 seconds
Computing Block 6 out of 200
Processing Block size=12
begin cleaner{left: ("[FunctionalDependency:(s: {thickness}, t: {chord_length})]", 0.0), operator: *, right: (1.0, 1.0), result: 0.0}
列 'p' 不存在，对列 chord_length 不过滤，直接选择所有非无效值。
clean_bool length:5
newest best op: Uniop(df,'chord_length','0.0',(['thickness'], {(0.00293031,)}),{left: ("[FunctionalDependency:(s: {thickness}, t: {chord_length})]", 1.0), operator: *, right: (1.0, 1.0), result: 1.0})
now error: 12.0
newest best op: Uniop(df,'chord_length','0.2288',(['thickness'], {(0.00293031,)}),{left: ("[FunctionalDependency:(s: {thickness}, t: {chord_length})]", 0.0), operator: *, right: (1.0, 1.0), result: 0.0})
now error: 0.0
newest best op: Uniop(df,'chord_length','0.2286',(['thickness'], {(0.00293031,)}),{left: ("[FunctionalDependency:(s: {thickness}, t: {chord_length})]", 0.0), operator: *, right: (1.0, 1.0), result: 0.0})
now error: 0.0
Block processing time: 0.156879 seconds
Computing Block 7 out of 200
Processing Block size=12
begin cleaner{left: ("[FunctionalDependency:(s: {thickness}, t: {chord_length})]", 0.0), operator: *, right: (1.0, 1.0), result: 0.0}
列 'p' 不存在，对列 chord_length 不过滤，直接选择所有非无效值。
clean_bool length:3
newest best op: Uniop(df,'chord_length','0.2286',(['thickness'], {(0.00372371,)}),{left: ("[FunctionalDependency:(s: {thickness}, t: {chord_length})]", 0.0), operator: *, right: (1.0, 1.0), result: 0.0})
now error: 0.0
Block processing time: 0.092803 seconds
Computing Block 9 out of 200
Processing Block size=11
begin cleaner{left: ("[FunctionalDependency:(s: {thickness}, t: {chord_length})]", 0.0), operator: *, right: (1.0, 1.0), result: 0.0}
列 'p' 不存在，对列 chord_length 不过滤，直接选择所有非无效值。
Block processing time: 0.026803 seconds
Computing Block 10 out of 200
Processing Block size=2
begin cleaner{left: ("[FunctionalDependency:(s: {thickness}, t: {chord_length})]", 0.0), operator: *, right: (1.0, 1.0), result: 0.0}
列 'p' 不存在，对列 chord_length 不过滤，直接选择所有非无效值。
clean_bool length:3
newest best op: Uniop(df,'chord_length','0.2286',(['thickness'], {(66.0,)}),{left: ("[FunctionalDependency:(s: {thickness}, t: {chord_length})]", 0.0), operator: *, right: (1.0, 1.0), result: 0.0})
now error: 0.0
Block processing time: 0.019221 seconds
Computing Block 11 out of 200
Processing Block size=13
begin cleaner{left: ("[FunctionalDependency:(s: {thickness}, t: {chord_length})]", 0.0), operator: *, right: (1.0, 1.0), result: 0.0}
列 'p' 不存在，对列 chord_length 不过滤，直接选择所有非无效值。
clean_bool length:3
newest best op: Uniop(df,'chord_length','0.0',(['thickness'], {(0.00243851,)}),{left: ("[FunctionalDependency:(s: {thickness}, t: {chord_length})]", 1.0), operator: *, right: (1.0, 1.0), result: 1.0})
now error: 13.0
newest best op: Uniop(df,'chord_length','0.1524',(['thickness'], {(0.00243851,)}),{left: ("[FunctionalDependency:(s: {thickness}, t: {chord_length})]", 0.0), operator: *, right: (1.0, 1.0), result: 0.0})
now error: 0.0
Block processing time: 0.099054 seconds
Computing Block 12 out of 200
Processing Block size=15
begin cleaner{left: ("[FunctionalDependency:(s: {thickness}, t: {chord_length})]", 0.0), operator: *, right: (1.0, 1.0), result: 0.0}
列 'p' 不存在，对列 chord_length 不过滤，直接选择所有非无效值。
clean_bool length:3
newest best op: Uniop(df,'chord_length','0.1524',(['thickness'], {(0.0208438,)}),{left: ("[FunctionalDependency:(s: {thickness}, t: {chord_length})]", 0.0), operator: *, right: (1.0, 1.0), result: 0.0})
now error: 0.0
Block processing time: 0.114537 seconds
Computing Block 15 out of 200
Processing Block size=2
begin cleaner{left: ("[FunctionalDependency:(s: {thickness}, t: {chord_length})]", 0.0), operator: *, right: (1.0, 1.0), result: 0.0}
列 'p' 不存在，对列 chord_length 不过滤，直接选择所有非无效值。
clean_bool length:3
newest best op: Uniop(df,'chord_length','0.0254',(['thickness'], {(44.0,)}),{left: ("[FunctionalDependency:(s: {thickness}, t: {chord_length})]", 0.0), operator: *, right: (1.0, 1.0), result: 0.0})
now error: 0.0
Block processing time: 0.019722 seconds
Computing Block 19 out of 200
Processing Block size=2
begin cleaner{left: ("[FunctionalDependency:(s: {thickness}, t: {chord_length})]", 0.0), operator: *, right: (1.0, 1.0), result: 0.0}
列 'p' 不存在，对列 chord_length 不过滤，直接选择所有非无效值。
clean_bool length:3
newest best op: Uniop(df,'chord_length','0.2286',(['thickness'], {(0.004433,)}),{left: ("[FunctionalDependency:(s: {thickness}, t: {chord_length})]", 0.0), operator: *, right: (1.0, 1.0), result: 0.0})
now error: 0.0
Block processing time: 0.019139 seconds
Computing Block 20 out of 200
Processing Block size=15
begin cleaner{left: ("[FunctionalDependency:(s: {thickness}, t: {chord_length})]", 0.0), operator: *, right: (1.0, 1.0), result: 0.0}
列 'p' 不存在，对列 chord_length 不过滤，直接选择所有非无效值。
clean_bool length:4
newest best op: Uniop(df,'chord_length','0.0254',(['thickness'], {(0.00449821,)}),{left: ("[FunctionalDependency:(s: {thickness}, t: {chord_length})]", 0.0), operator: *, right: (1.0, 1.0), result: 0.0})
now error: 0.0
Block processing time: 0.153518 seconds
Computing Block 22 out of 200
Processing Block size=13
begin cleaner{left: ("[FunctionalDependency:(s: {thickness}, t: {chord_length})]", 0.0), operator: *, right: (1.0, 1.0), result: 0.0}
列 'p' 不存在，对列 chord_length 不过滤，直接选择所有非无效值。
Block processing time: 0.031498 seconds
Computing Block 23 out of 200
Processing Block size=15
begin cleaner{left: ("[FunctionalDependency:(s: {thickness}, t: {chord_length})]", 0.0), operator: *, right: (1.0, 1.0), result: 0.0}
列 'p' 不存在，对列 chord_length 不过滤，直接选择所有非无效值。
clean_bool length:3
newest best op: Uniop(df,'chord_length','0.2286',(['thickness'], {(0.00509068,)}),{left: ("[FunctionalDependency:(s: {thickness}, t: {chord_length})]", 0.0), operator: *, right: (1.0, 1.0), result: 0.0})
now error: 0.0
Block processing time: 0.11381 seconds
Computing Block 25 out of 200
Processing Block size=13
begin cleaner{left: ("[FunctionalDependency:(s: {thickness}, t: {chord_length})]", 0.0), operator: *, right: (1.0, 1.0), result: 0.0}
列 'p' 不存在，对列 chord_length 不过滤，直接选择所有非无效值。
clean_bool length:4
newest best op: Uniop(df,'chord_length','0.1524',(['thickness'], {(0.00485029,)}),{left: ("[FunctionalDependency:(s: {thickness}, t: {chord_length})]", 0.0), operator: *, right: (1.0, 1.0), result: 0.0})
now error: 0.0
Block processing time: 0.13404 seconds
Computing Block 27 out of 200
Processing Block size=14
begin cleaner{left: ("[FunctionalDependency:(s: {thickness}, t: {chord_length})]", 0.0), operator: *, right: (1.0, 1.0), result: 0.0}
列 'p' 不存在，对列 chord_length 不过滤，直接选择所有非无效值。
clean_bool length:3
newest best op: Uniop(df,'chord_length','0.3048',(['thickness'], {(0.00425727,)}),{left: ("[FunctionalDependency:(s: {thickness}, t: {chord_length})]", 0.0), operator: *, right: (1.0, 1.0), result: 0.0})
now error: 0.0
Block processing time: 0.106498 seconds
Computing Block 30 out of 200
Processing Block size=13
begin cleaner{left: ("[FunctionalDependency:(s: {thickness}, t: {chord_length})]", 0.0), operator: *, right: (1.0, 1.0), result: 0.0}
列 'p' 不存在，对列 chord_length 不过滤，直接选择所有非无效值。
clean_bool length:4
newest best op: Uniop(df,'chord_length','0.1524',(['thickness'], {(0.00193287,)}),{left: ("[FunctionalDependency:(s: {thickness}, t: {chord_length})]", 0.0), operator: *, right: (1.0, 1.0), result: 0.0})
now error: 0.0
Block processing time: 0.134941 seconds
Computing Block 32 out of 200
Processing Block size=11
begin cleaner{left: ("[FunctionalDependency:(s: {thickness}, t: {chord_length})]", 0.0), operator: *, right: (1.0, 1.0), result: 0.0}
列 'p' 不存在，对列 chord_length 不过滤，直接选择所有非无效值。
clean_bool length:3
newest best op: Uniop(df,'chord_length','0.0254',(['thickness'], {(0.0214178,)}),{left: ("[FunctionalDependency:(s: {thickness}, t: {chord_length})]", 0.0), operator: *, right: (1.0, 1.0), result: 0.0})
now error: 0.0
Block processing time: 0.08565 seconds
Computing Block 35 out of 200
Processing Block size=36
begin cleaner{left: ("[FunctionalDependency:(s: {thickness}, t: {chord_length})]", 0.0), operator: *, right: (1.0, 1.0), result: 0.0}
列 'p' 不存在，对列 chord_length 不过滤，直接选择所有非无效值。
clean_bool length:7
newest best op: Uniop(df,'chord_length','0.2286',(['thickness'], {(0.0,)}),{left: ("[FunctionalDependency:(s: {thickness}, t: {chord_length})]", 1.0), operator: *, right: (1.0, 1.0), result: 1.0})
now error: 36.0
newest best op: Uniop(df,'chord_length','0.1524',(['thickness'], {(0.0,)}),{left: ("[FunctionalDependency:(s: {thickness}, t: {chord_length})]", 1.0), operator: *, right: (1.0, 1.0), result: 1.0})
now error: 36.0
newest best op: Uniop(df,'chord_length','0.0254',(['thickness'], {(0.0,)}),{left: ("[FunctionalDependency:(s: {thickness}, t: {chord_length})]", 1.0), operator: *, right: (1.0, 1.0), result: 1.0})
now error: 36.0
pruned: 6
UpdateCleanBool,purned:6
clean_bool length:1
Block processing time: 0.64395 seconds
Computing Block 37 out of 200
Processing Block size=16
begin cleaner{left: ("[FunctionalDependency:(s: {thickness}, t: {chord_length})]", 1.0), operator: *, right: (1.0, 1.0), result: 1.0}
列 'p' 不存在，对列 chord_length 不过滤，直接选择所有非无效值。
clean_bool length:4
newest best op: Uniop(df,'chord_length','0.0254',(['thickness'], {(0.0121808,)}),{left: ("[FunctionalDependency:(s: {thickness}, t: {chord_length})]", 0.0), operator: *, right: (1.0, 1.0), result: 0.0})
now error: 0.0
Block processing time: 0.174677 seconds
Computing Block 44 out of 200
Processing Block size=11
begin cleaner{left: ("[FunctionalDependency:(s: {thickness}, t: {chord_length})]", 0.0), operator: *, right: (1.0, 1.0), result: 0.0}
列 'p' 不存在，对列 chord_length 不过滤，直接选择所有非无效值。
Block processing time: 0.026847 seconds
Computing Block 47 out of 200
Processing Block size=13
begin cleaner{left: ("[FunctionalDependency:(s: {thickness}, t: {chord_length})]", 0.0), operator: *, right: (1.0, 1.0), result: 0.0}
列 'p' 不存在，对列 chord_length 不过滤，直接选择所有非无效值。
Block processing time: 0.031553 seconds
Computing Block 48 out of 200
Processing Block size=3
begin cleaner{left: ("[FunctionalDependency:(s: {thickness}, t: {chord_length})]", 0.0), operator: *, right: (1.0, 1.0), result: 0.0}
列 'p' 不存在，对列 chord_length 不过滤，直接选择所有非无效值。
clean_bool length:3
newest best op: Uniop(df,'chord_length','0.2286',(['thickness'], {(33.0,)}),{left: ("[FunctionalDependency:(s: {thickness}, t: {chord_length})]", 0.0), operator: *, right: (1.0, 1.0), result: 0.0})
now error: 0.0
Block processing time: 0.026548 seconds
Computing Block 50 out of 200
Processing Block size=13
begin cleaner{left: ("[FunctionalDependency:(s: {thickness}, t: {chord_length})]", 0.0), operator: *, right: (1.0, 1.0), result: 0.0}
列 'p' 不存在，对列 chord_length 不过滤，直接选择所有非无效值。
Block processing time: 0.031638 seconds
Computing Block 53 out of 200
Processing Block size=12
begin cleaner{left: ("[FunctionalDependency:(s: {thickness}, t: {chord_length})]", 0.0), operator: *, right: (1.0, 1.0), result: 0.0}
列 'p' 不存在，对列 chord_length 不过滤，直接选择所有非无效值。
clean_bool length:4
newest best op: Uniop(df,'chord_length','0.3048',(['thickness'], {(0.00266337,)}),{left: ("[FunctionalDependency:(s: {thickness}, t: {chord_length})]", 0.0), operator: *, right: (1.0, 1.0), result: 0.0})
now error: 0.0
Block processing time: 0.12543 seconds
Computing Block 54 out of 200
Processing Block size=15
begin cleaner{left: ("[FunctionalDependency:(s: {thickness}, t: {chord_length})]", 0.0), operator: *, right: (1.0, 1.0), result: 0.0}
列 'p' 不存在，对列 chord_length 不过滤，直接选择所有非无效值。
Block processing time: 0.036286 seconds
Computing Block 56 out of 200
Processing Block size=12
begin cleaner{left: ("[FunctionalDependency:(s: {thickness}, t: {chord_length})]", 0.0), operator: *, right: (1.0, 1.0), result: 0.0}
列 'p' 不存在，对列 chord_length 不过滤，直接选择所有非无效值。
Block processing time: 0.029389 seconds
Computing Block 57 out of 200
Processing Block size=15
begin cleaner{left: ("[FunctionalDependency:(s: {thickness}, t: {chord_length})]", 0.0), operator: *, right: (1.0, 1.0), result: 0.0}
列 'p' 不存在，对列 chord_length 不过滤，直接选择所有非无效值。
clean_bool length:4
newest best op: Uniop(df,'chord_length','0.3048',(['thickness'], {(0.00392107,)}),{left: ("[FunctionalDependency:(s: {thickness}, t: {chord_length})]", 0.0), operator: *, right: (1.0, 1.0), result: 0.0})
now error: 0.0
Block processing time: 0.154759 seconds
Computing Block 60 out of 200
Processing Block size=15
begin cleaner{left: ("[FunctionalDependency:(s: {thickness}, t: {chord_length})]", 0.0), operator: *, right: (1.0, 1.0), result: 0.0}
列 'p' 不存在，对列 chord_length 不过滤，直接选择所有非无效值。
clean_bool length:4
newest best op: Uniop(df,'chord_length','0.0508',(['thickness'], {(0.0282593,)}),{left: ("[FunctionalDependency:(s: {thickness}, t: {chord_length})]", 0.0), operator: *, right: (1.0, 1.0), result: 0.0})
now error: 0.0
Block processing time: 0.153978 seconds
Computing Block 64 out of 200
Processing Block size=14
begin cleaner{left: ("[FunctionalDependency:(s: {thickness}, t: {chord_length})]", 1.0), operator: *, right: (1.0, 1.0), result: 1.0}
列 'p' 不存在，对列 chord_length 不过滤，直接选择所有非无效值。
clean_bool length:5
newest best op: Uniop(df,'chord_length','0.2286',(['thickness'], {(0.00400603,)}),{left: ("[FunctionalDependency:(s: {thickness}, t: {chord_length})]", 0.0), operator: *, right: (1.0, 1.0), result: 0.0})
now error: 0.0
Block processing time: 0.181645 seconds
Computing Block 66 out of 200
Processing Block size=12
begin cleaner{left: ("[FunctionalDependency:(s: {thickness}, t: {chord_length})]", 0.0), operator: *, right: (1.0, 1.0), result: 0.0}
列 'p' 不存在，对列 chord_length 不过滤，直接选择所有非无效值。
clean_bool length:4
newest best op: Uniop(df,'chord_length','0.0508',(['thickness'], {(0.0341183,)}),{left: ("[FunctionalDependency:(s: {thickness}, t: {chord_length})]", 0.0), operator: *, right: (1.0, 1.0), result: 0.0})
now error: 0.0
Block processing time: 0.123942 seconds
Computing Block 67 out of 200
Processing Block size=15
begin cleaner{left: ("[FunctionalDependency:(s: {thickness}, t: {chord_length})]", 0.0), operator: *, right: (1.0, 1.0), result: 0.0}
列 'p' 不存在，对列 chord_length 不过滤，直接选择所有非无效值。
clean_bool length:3
newest best op: Uniop(df,'chord_length','0.0254',(['thickness'], {(0.0130253,)}),{left: ("[FunctionalDependency:(s: {thickness}, t: {chord_length})]", 0.0), operator: *, right: (1.0, 1.0), result: 0.0})
now error: 0.0
Block processing time: 0.114672 seconds
Computing Block 68 out of 200
Processing Block size=12
begin cleaner{left: ("[FunctionalDependency:(s: {thickness}, t: {chord_length})]", 1.0), operator: *, right: (1.0, 1.0), result: 1.0}
列 'p' 不存在，对列 chord_length 不过滤，直接选择所有非无效值。
clean_bool length:5
newest best op: Uniop(df,'chord_length','0.1524',(['thickness'], {(0.0193001,)}),{left: ("[FunctionalDependency:(s: {thickness}, t: {chord_length})]", 0.0), operator: *, right: (1.0, 1.0), result: 0.0})
now error: 0.0
Block processing time: 0.157157 seconds
Computing Block 69 out of 200
Processing Block size=16
begin cleaner{left: ("[FunctionalDependency:(s: {thickness}, t: {chord_length})]", 0.0), operator: *, right: (1.0, 1.0), result: 0.0}
列 'p' 不存在，对列 chord_length 不过滤，直接选择所有非无效值。
clean_bool length:3
newest best op: Uniop(df,'chord_length','0.1524',(['thickness'], {(0.0584113,)}),{left: ("[FunctionalDependency:(s: {thickness}, t: {chord_length})]", 0.0), operator: *, right: (1.0, 1.0), result: 0.0})
now error: 0.0
Block processing time: 0.123569 seconds
Computing Block 73 out of 200
Processing Block size=16
begin cleaner{left: ("[FunctionalDependency:(s: {thickness}, t: {chord_length})]", 1.0), operator: *, right: (1.0, 1.0), result: 1.0}
列 'p' 不存在，对列 chord_length 不过滤，直接选择所有非无效值。
clean_bool length:4
newest best op: Uniop(df,'chord_length','0.3048',(['thickness'], {(0.00497773,)}),{left: ("[FunctionalDependency:(s: {thickness}, t: {chord_length})]", 0.0), operator: *, right: (1.0, 1.0), result: 0.0})
now error: 0.0
Block processing time: 0.164818 seconds
Computing Block 74 out of 200
Processing Block size=9
begin cleaner{left: ("[FunctionalDependency:(s: {thickness}, t: {chord_length})]", 0.0), operator: *, right: (1.0, 1.0), result: 0.0}
列 'p' 不存在，对列 chord_length 不过滤，直接选择所有非无效值。
Block processing time: 0.022669 seconds
Computing Block 75 out of 200
Processing Block size=14
begin cleaner{left: ("[FunctionalDependency:(s: {thickness}, t: {chord_length})]", 0.0), operator: *, right: (1.0, 1.0), result: 0.0}
列 'p' 不存在，对列 chord_length 不过滤，直接选择所有非无效值。
clean_bool length:3
newest best op: Uniop(df,'chord_length','0.3048',(['thickness'], {(0.00495741,)}),{left: ("[FunctionalDependency:(s: {thickness}, t: {chord_length})]", 0.0), operator: *, right: (1.0, 1.0), result: 0.0})
now error: 0.0
Block processing time: 0.108066 seconds
Computing Block 76 out of 200
Processing Block size=16
begin cleaner{left: ("[FunctionalDependency:(s: {thickness}, t: {chord_length})]", 0.0), operator: *, right: (1.0, 1.0), result: 0.0}
列 'p' 不存在，对列 chord_length 不过滤，直接选择所有非无效值。
clean_bool length:4
newest best op: Uniop(df,'chord_length','0.1524',(['thickness'], {(0.00909175,)}),{left: ("[FunctionalDependency:(s: {thickness}, t: {chord_length})]", 0.0), operator: *, right: (1.0, 1.0), result: 0.0})
now error: 0.0
Block processing time: 0.165279 seconds
Computing Block 77 out of 200
Processing Block size=16
begin cleaner{left: ("[FunctionalDependency:(s: {thickness}, t: {chord_length})]", 0.0), operator: *, right: (1.0, 1.0), result: 0.0}
列 'p' 不存在，对列 chord_length 不过滤，直接选择所有非无效值。
Block processing time: 0.03888 seconds
Computing Block 79 out of 200
Processing Block size=16
begin cleaner{left: ("[FunctionalDependency:(s: {thickness}, t: {chord_length})]", 0.0), operator: *, right: (1.0, 1.0), result: 0.0}
列 'p' 不存在，对列 chord_length 不过滤，直接选择所有非无效值。
Block processing time: 0.038688 seconds
Computing Block 80 out of 200
Processing Block size=15
begin cleaner{left: ("[FunctionalDependency:(s: {thickness}, t: {chord_length})]", 0.0), operator: *, right: (1.0, 1.0), result: 0.0}
列 'p' 不存在，对列 chord_length 不过滤，直接选择所有非无效值。
clean_bool length:3
newest best op: Uniop(df,'chord_length','0.2286',(['thickness'], {(0.0123481,)}),{left: ("[FunctionalDependency:(s: {thickness}, t: {chord_length})]", 0.0), operator: *, right: (1.0, 1.0), result: 0.0})
now error: 0.0
Block processing time: 0.114987 seconds
Computing Block 81 out of 200
Processing Block size=10
begin cleaner{left: ("[FunctionalDependency:(s: {thickness}, t: {chord_length})]", 0.0), operator: *, right: (1.0, 1.0), result: 0.0}
列 'p' 不存在，对列 chord_length 不过滤，直接选择所有非无效值。
clean_bool length:3
newest best op: Uniop(df,'chord_length','0.1016',(['thickness'], {(0.00150092,)}),{left: ("[FunctionalDependency:(s: {thickness}, t: {chord_length})]", 0.0), operator: *, right: (1.0, 1.0), result: 0.0})
now error: 0.0
Block processing time: 0.078496 seconds
Computing Block 83 out of 200
Processing Block size=15
begin cleaner{left: ("[FunctionalDependency:(s: {thickness}, t: {chord_length})]", 0.0), operator: *, right: (1.0, 1.0), result: 0.0}
列 'p' 不存在，对列 chord_length 不过滤，直接选择所有非无效值。
clean_bool length:4
newest best op: Uniop(df,'chord_length','0.0508',(['thickness'], {(0.0289853,)}),{left: ("[FunctionalDependency:(s: {thickness}, t: {chord_length})]", 0.0), operator: *, right: (1.0, 1.0), result: 0.0})
now error: 0.0
Block processing time: 0.154755 seconds
Computing Block 84 out of 200
Processing Block size=13
begin cleaner{left: ("[FunctionalDependency:(s: {thickness}, t: {chord_length})]", 0.0), operator: *, right: (1.0, 1.0), result: 0.0}
列 'p' 不存在，对列 chord_length 不过滤，直接选择所有非无效值。
Block processing time: 0.031378 seconds
Computing Block 88 out of 200
Processing Block size=12
begin cleaner{left: ("[FunctionalDependency:(s: {thickness}, t: {chord_length})]", 0.0), operator: *, right: (1.0, 1.0), result: 0.0}
列 'p' 不存在，对列 chord_length 不过滤，直接选择所有非无效值。
clean_bool length:3
newest best op: Uniop(df,'chord_length','0.0',(['thickness'], {(0.00202822,)}),{left: ("[FunctionalDependency:(s: {thickness}, t: {chord_length})]", 1.0), operator: *, right: (1.0, 1.0), result: 1.0})
now error: 12.0
newest best op: Uniop(df,'chord_length','0.1016',(['thickness'], {(0.00202822,)}),{left: ("[FunctionalDependency:(s: {thickness}, t: {chord_length})]", 0.0), operator: *, right: (1.0, 1.0), result: 0.0})
now error: 0.0
Block processing time: 0.09244 seconds
Computing Block 89 out of 200
Processing Block size=14
begin cleaner{left: ("[FunctionalDependency:(s: {thickness}, t: {chord_length})]", 0.0), operator: *, right: (1.0, 1.0), result: 0.0}
列 'p' 不存在，对列 chord_length 不过滤，直接选择所有非无效值。
Block processing time: 0.033885 seconds
Computing Block 92 out of 200
Processing Block size=10
begin cleaner{left: ("[FunctionalDependency:(s: {thickness}, t: {chord_length})]", 0.0), operator: *, right: (1.0, 1.0), result: 0.0}
列 'p' 不存在，对列 chord_length 不过滤，直接选择所有非无效值。
clean_bool length:3
newest best op: Uniop(df,'chord_length','0.0',(['thickness'], {(0.00580776,)}),{left: ("[FunctionalDependency:(s: {thickness}, t: {chord_length})]", 1.0), operator: *, right: (1.0, 1.0), result: 1.0})
now error: 10.0
newest best op: Uniop(df,'chord_length','0.0508',(['thickness'], {(0.00580776,)}),{left: ("[FunctionalDependency:(s: {thickness}, t: {chord_length})]", 0.0), operator: *, right: (1.0, 1.0), result: 0.0})
now error: 0.0
Block processing time: 0.078164 seconds
Computing Block 93 out of 200
Processing Block size=11
begin cleaner{left: ("[FunctionalDependency:(s: {thickness}, t: {chord_length})]", 0.0), operator: *, right: (1.0, 1.0), result: 0.0}
列 'p' 不存在，对列 chord_length 不过滤，直接选择所有非无效值。
clean_bool length:3
newest best op: Uniop(df,'chord_length','0.2286',(['thickness'], {(0.00214345,)}),{left: ("[FunctionalDependency:(s: {thickness}, t: {chord_length})]", 0.0), operator: *, right: (1.0, 1.0), result: 0.0})
now error: 0.0
Block processing time: 0.085199 seconds
Computing Block 95 out of 200
Processing Block size=11
begin cleaner{left: ("[FunctionalDependency:(s: {thickness}, t: {chord_length})]", 0.0), operator: *, right: (1.0, 1.0), result: 0.0}
列 'p' 不存在，对列 chord_length 不过滤，直接选择所有非无效值。
clean_bool length:4
newest best op: Uniop(df,'chord_length','0.1016',(['thickness'], {(0.002211,)}),{left: ("[FunctionalDependency:(s: {thickness}, t: {chord_length})]", 0.0), operator: *, right: (1.0, 1.0), result: 0.0})
now error: 0.0
Block processing time: 0.115043 seconds
Computing Block 96 out of 200
Processing Block size=9
begin cleaner{left: ("[FunctionalDependency:(s: {thickness}, t: {chord_length})]", 0.0), operator: *, right: (1.0, 1.0), result: 0.0}
列 'p' 不存在，对列 chord_length 不过滤，直接选择所有非无效值。
Block processing time: 0.022117 seconds
Computing Block 97 out of 200
Processing Block size=14
begin cleaner{left: ("[FunctionalDependency:(s: {thickness}, t: {chord_length})]", 0.0), operator: *, right: (1.0, 1.0), result: 0.0}
列 'p' 不存在，对列 chord_length 不过滤，直接选择所有非无效值。
clean_bool length:3
newest best op: Uniop(df,'chord_length','0.0508',(['thickness'], {(0.036484,)}),{left: ("[FunctionalDependency:(s: {thickness}, t: {chord_length})]", 0.0), operator: *, right: (1.0, 1.0), result: 0.0})
now error: 0.0
Block processing time: 0.106892 seconds
Computing Block 100 out of 200
Processing Block size=13
begin cleaner{left: ("[FunctionalDependency:(s: {thickness}, t: {chord_length})]", 1.0), operator: *, right: (1.0, 1.0), result: 1.0}
列 'p' 不存在，对列 chord_length 不过滤，直接选择所有非无效值。
clean_bool length:3
newest best op: Uniop(df,'chord_length','0.1524',(['thickness'], {(0.00433288,)}),{left: ("[FunctionalDependency:(s: {thickness}, t: {chord_length})]", 0.0), operator: *, right: (1.0, 1.0), result: 0.0})
now error: 0.0
Block processing time: 0.100176 seconds
Computing Block 102 out of 200
Processing Block size=15
begin cleaner{left: ("[FunctionalDependency:(s: {thickness}, t: {chord_length})]", 0.0), operator: *, right: (1.0, 1.0), result: 0.0}
列 'p' 不存在，对列 chord_length 不过滤，直接选择所有非无效值。
clean_bool length:2
newest best op: Uniop(df,'chord_length','0.3048',(['thickness'], {(0.00452492,)}),{left: ("[FunctionalDependency:(s: {thickness}, t: {chord_length})]", 0.0), operator: *, right: (1.0, 1.0), result: 0.0})
now error: 0.0
Block processing time: 0.074472 seconds
Computing Block 103 out of 200
Processing Block size=13
begin cleaner{left: ("[FunctionalDependency:(s: {thickness}, t: {chord_length})]", 0.0), operator: *, right: (1.0, 1.0), result: 0.0}
列 'p' 不存在，对列 chord_length 不过滤，直接选择所有非无效值。
Block processing time: 0.031617 seconds
Computing Block 106 out of 200
Processing Block size=14
begin cleaner{left: ("[FunctionalDependency:(s: {thickness}, t: {chord_length})]", 0.0), operator: *, right: (1.0, 1.0), result: 0.0}
列 'p' 不存在，对列 chord_length 不过滤，直接选择所有非无效值。
clean_bool length:3
newest best op: Uniop(df,'chord_length','0.0254',(['thickness'], {(0.0172206,)}),{left: ("[FunctionalDependency:(s: {thickness}, t: {chord_length})]", 0.0), operator: *, right: (1.0, 1.0), result: 0.0})
now error: 0.0
Block processing time: 0.107097 seconds
Computing Block 111 out of 200
Processing Block size=15
begin cleaner{left: ("[FunctionalDependency:(s: {thickness}, t: {chord_length})]", 0.0), operator: *, right: (1.0, 1.0), result: 0.0}
列 'p' 不存在，对列 chord_length 不过滤，直接选择所有非无效值。
clean_bool length:3
newest best op: Uniop(df,'chord_length','0.0254',(['thickness'], {(0.016104,)}),{left: ("[FunctionalDependency:(s: {thickness}, t: {chord_length})]", 0.0), operator: *, right: (1.0, 1.0), result: 0.0})
now error: 0.0
Block processing time: 0.1141 seconds
Computing Block 112 out of 200
Processing Block size=10
begin cleaner{left: ("[FunctionalDependency:(s: {thickness}, t: {chord_length})]", 1.0), operator: *, right: (1.0, 1.0), result: 1.0}
列 'p' 不存在，对列 chord_length 不过滤，直接选择所有非无效值。
Block processing time: 0.024649 seconds
Computing Block 115 out of 200
Processing Block size=11
begin cleaner{left: ("[FunctionalDependency:(s: {thickness}, t: {chord_length})]", 0.0), operator: *, right: (1.0, 1.0), result: 0.0}
列 'p' 不存在，对列 chord_length 不过滤，直接选择所有非无效值。
Block processing time: 0.02703 seconds
Computing Block 116 out of 200
Processing Block size=11
begin cleaner{left: ("[FunctionalDependency:(s: {thickness}, t: {chord_length})]", 0.0), operator: *, right: (1.0, 1.0), result: 0.0}
列 'p' 不存在，对列 chord_length 不过滤，直接选择所有非无效值。
clean_bool length:4
newest best op: Uniop(df,'chord_length','0.1016',(['thickness'], {(0.00146332,)}),{left: ("[FunctionalDependency:(s: {thickness}, t: {chord_length})]", 0.0), operator: *, right: (1.0, 1.0), result: 0.0})
now error: 0.0
Block processing time: 0.115164 seconds
Computing Block 117 out of 200
Processing Block size=9
begin cleaner{left: ("[FunctionalDependency:(s: {thickness}, t: {chord_length})]", 0.0), operator: *, right: (1.0, 1.0), result: 0.0}
列 'p' 不存在，对列 chord_length 不过滤，直接选择所有非无效值。
clean_bool length:4
newest best op: Uniop(df,'chord_length','0.2286',(['thickness'], {(0.00473801,)}),{left: ("[FunctionalDependency:(s: {thickness}, t: {chord_length})]", 0.0), operator: *, right: (1.0, 1.0), result: 0.0})
now error: 0.0
Block processing time: 0.095117 seconds
Computing Block 119 out of 200
Processing Block size=16
begin cleaner{left: ("[FunctionalDependency:(s: {thickness}, t: {chord_length})]", 0.0), operator: *, right: (1.0, 1.0), result: 0.0}
列 'p' 不存在，对列 chord_length 不过滤，直接选择所有非无效值。
clean_bool length:4
newest best op: Uniop(df,'chord_length','0.3048',(['thickness'], {(0.00331266,)}),{left: ("[FunctionalDependency:(s: {thickness}, t: {chord_length})]", 0.0), operator: *, right: (1.0, 1.0), result: 0.0})
now error: 0.0
Block processing time: 0.164935 seconds
Computing Block 124 out of 200
Processing Block size=2
begin cleaner{left: ("[FunctionalDependency:(s: {thickness}, t: {chord_length})]", 0.0), operator: *, right: (1.0, 1.0), result: 0.0}
列 'p' 不存在，对列 chord_length 不过滤，直接选择所有非无效值。
Block processing time: 0.00557 seconds
Computing Block 128 out of 200
Processing Block size=14
begin cleaner{left: ("[FunctionalDependency:(s: {thickness}, t: {chord_length})]", 0.0), operator: *, right: (1.0, 1.0), result: 0.0}
列 'p' 不存在，对列 chord_length 不过滤，直接选择所有非无效值。
Block processing time: 0.033868 seconds
Computing Block 129 out of 200
Processing Block size=12
begin cleaner{left: ("[FunctionalDependency:(s: {thickness}, t: {chord_length})]", 0.0), operator: *, right: (1.0, 1.0), result: 0.0}
列 'p' 不存在，对列 chord_length 不过滤，直接选择所有非无效值。
clean_bool length:4
newest best op: Uniop(df,'chord_length','0.0508',(['thickness'], {(0.014072,)}),{left: ("[FunctionalDependency:(s: {thickness}, t: {chord_length})]", 0.0), operator: *, right: (1.0, 1.0), result: 0.0})
now error: 0.0
Block processing time: 0.125049 seconds
Computing Block 130 out of 200
Processing Block size=14
begin cleaner{left: ("[FunctionalDependency:(s: {thickness}, t: {chord_length})]", 0.0), operator: *, right: (1.0, 1.0), result: 0.0}
列 'p' 不存在，对列 chord_length 不过滤，直接选择所有非无效值。
clean_bool length:4
newest best op: Uniop(df,'chord_length','0.2286',(['thickness'], {(0.00253511,)}),{left: ("[FunctionalDependency:(s: {thickness}, t: {chord_length})]", 0.0), operator: *, right: (1.0, 1.0), result: 0.0})
now error: 0.0
Block processing time: 0.145956 seconds
Computing Block 131 out of 200
Processing Block size=7
begin cleaner{left: ("[FunctionalDependency:(s: {thickness}, t: {chord_length})]", 1.0), operator: *, right: (1.0, 1.0), result: 1.0}
列 'p' 不存在，对列 chord_length 不过滤，直接选择所有非无效值。
Block processing time: 0.017677 seconds
Computing Block 132 out of 200
Processing Block size=14
begin cleaner{left: ("[FunctionalDependency:(s: {thickness}, t: {chord_length})]", 0.0), operator: *, right: (1.0, 1.0), result: 0.0}
列 'p' 不存在，对列 chord_length 不过滤，直接选择所有非无效值。
clean_bool length:4
newest best op: Uniop(df,'chord_length','0.2286',(['thickness'], {(0.0132672,)}),{left: ("[FunctionalDependency:(s: {thickness}, t: {chord_length})]", 0.0), operator: *, right: (1.0, 1.0), result: 0.0})
now error: 0.0
Block processing time: 0.146764 seconds
Computing Block 133 out of 200
Processing Block size=13
begin cleaner{left: ("[FunctionalDependency:(s: {thickness}, t: {chord_length})]", 0.0), operator: *, right: (1.0, 1.0), result: 0.0}
列 'p' 不存在，对列 chord_length 不过滤，直接选择所有非无效值。
Block processing time: 0.031764 seconds
Computing Block 134 out of 200
Processing Block size=8
begin cleaner{left: ("[FunctionalDependency:(s: {thickness}, t: {chord_length})]", 0.0), operator: *, right: (1.0, 1.0), result: 0.0}
列 'p' 不存在，对列 chord_length 不过滤，直接选择所有非无效值。
clean_bool length:3
newest best op: Uniop(df,'chord_length','0.1016',(['thickness'], {(0.00478288,)}),{left: ("[FunctionalDependency:(s: {thickness}, t: {chord_length})]", 0.0), operator: *, right: (1.0, 1.0), result: 0.0})
now error: 0.0
Block processing time: 0.063789 seconds
Computing Block 135 out of 200
Processing Block size=16
begin cleaner{left: ("[FunctionalDependency:(s: {thickness}, t: {chord_length})]", 0.0), operator: *, right: (1.0, 1.0), result: 0.0}
列 'p' 不存在，对列 chord_length 不过滤，直接选择所有非无效值。
clean_bool length:5
newest best op: Uniop(df,'chord_length','0.1016',(['thickness'], {(0.0103088,)}),{left: ("[FunctionalDependency:(s: {thickness}, t: {chord_length})]", 0.0), operator: *, right: (1.0, 1.0), result: 0.0})
now error: 0.0
Block processing time: 0.2218 seconds
Computing Block 138 out of 200
Processing Block size=22
begin cleaner{left: ("[FunctionalDependency:(s: {thickness}, t: {chord_length})]", 0.0), operator: *, right: (1.0, 1.0), result: 0.0}
列 'p' 不存在，对列 chord_length 不过滤，直接选择所有非无效值。
clean_bool length:6
newest best op: Uniop(df,'chord_length','0.3048',(['thickness'], {(0.00529514,)}),{left: ("[FunctionalDependency:(s: {thickness}, t: {chord_length})]", 0.0), operator: *, right: (1.0, 1.0), result: 0.0})
now error: 0.0
Block processing time: 0.412719 seconds
Computing Block 139 out of 200
Processing Block size=12
begin cleaner{left: ("[FunctionalDependency:(s: {thickness}, t: {chord_length})]", 0.0), operator: *, right: (1.0, 1.0), result: 0.0}
列 'p' 不存在，对列 chord_length 不过滤，直接选择所有非无效值。
clean_bool length:4
newest best op: Uniop(df,'chord_length','0.0508',(['thickness'], {(0.00544854,)}),{left: ("[FunctionalDependency:(s: {thickness}, t: {chord_length})]", 0.0), operator: *, right: (1.0, 1.0), result: 0.0})
now error: 0.0
Block processing time: 0.130862 seconds
Computing Block 140 out of 200
Processing Block size=13
begin cleaner{left: ("[FunctionalDependency:(s: {thickness}, t: {chord_length})]", 0.0), operator: *, right: (1.0, 1.0), result: 0.0}
列 'p' 不存在，对列 chord_length 不过滤，直接选择所有非无效值。
clean_bool length:3
newest best op: Uniop(df,'chord_length','0.1016',(['thickness'], {(0.0408268,)}),{left: ("[FunctionalDependency:(s: {thickness}, t: {chord_length})]", 0.0), operator: *, right: (1.0, 1.0), result: 0.0})
now error: 0.0
Block processing time: 0.100071 seconds
Computing Block 141 out of 200
Processing Block size=13
begin cleaner{left: ("[FunctionalDependency:(s: {thickness}, t: {chord_length})]", 1.0), operator: *, right: (1.0, 1.0), result: 1.0}
列 'p' 不存在，对列 chord_length 不过滤，直接选择所有非无效值。
clean_bool length:3
newest best op: Uniop(df,'chord_length','0.1016',(['thickness'], {(0.0437259,)}),{left: ("[FunctionalDependency:(s: {thickness}, t: {chord_length})]", 0.0), operator: *, right: (1.0, 1.0), result: 0.0})
now error: 0.0
Block processing time: 0.09953 seconds
Computing Block 142 out of 200
Processing Block size=13
begin cleaner{left: ("[FunctionalDependency:(s: {thickness}, t: {chord_length})]", 0.0), operator: *, right: (1.0, 1.0), result: 0.0}
列 'p' 不存在，对列 chord_length 不过滤，直接选择所有非无效值。
clean_bool length:4
newest best op: Uniop(df,'chord_length','0.0254',(['thickness'], {(4.39472,)}),{left: ("[FunctionalDependency:(s: {thickness}, t: {chord_length})]", 0.0), operator: *, right: (1.0, 1.0), result: 0.0})
now error: 0.0
Block processing time: 0.134807 seconds
Computing Block 143 out of 200
Processing Block size=14
begin cleaner{left: ("[FunctionalDependency:(s: {thickness}, t: {chord_length})]", 0.0), operator: *, right: (1.0, 1.0), result: 0.0}
列 'p' 不存在，对列 chord_length 不过滤，直接选择所有非无效值。
Block processing time: 0.0337 seconds
Computing Block 145 out of 200
Processing Block size=14
begin cleaner{left: ("[FunctionalDependency:(s: {thickness}, t: {chord_length})]", 0.0), operator: *, right: (1.0, 1.0), result: 0.0}
列 'p' 不存在，对列 chord_length 不过滤，直接选择所有非无效值。
clean_bool length:5
newest best op: Uniop(df,'chord_length','0.1524',(['thickness'], {(0.0252785,)}),{left: ("[FunctionalDependency:(s: {thickness}, t: {chord_length})]", 0.0), operator: *, right: (1.0, 1.0), result: 0.0})
now error: 0.0
Block processing time: 0.182378 seconds
Computing Block 146 out of 200
Processing Block size=8
begin cleaner{left: ("[FunctionalDependency:(s: {thickness}, t: {chord_length})]", 0.0), operator: *, right: (1.0, 1.0), result: 0.0}
列 'p' 不存在，对列 chord_length 不过滤，直接选择所有非无效值。
clean_bool length:3
newest best op: Uniop(df,'chord_length','0.1016',(['thickness'], {(0.00578076,)}),{left: ("[FunctionalDependency:(s: {thickness}, t: {chord_length})]", 0.0), operator: *, right: (1.0, 1.0), result: 0.0})
now error: 0.0
Block processing time: 0.063126 seconds
Computing Block 149 out of 200
Processing Block size=15
begin cleaner{left: ("[FunctionalDependency:(s: {thickness}, t: {chord_length})]", 1.0), operator: *, right: (1.0, 1.0), result: 1.0}
列 'p' 不存在，对列 chord_length 不过滤，直接选择所有非无效值。
clean_bool length:3
newest best op: Uniop(df,'chord_length','0.1016',(['thickness'], {(0.0528487,)}),{left: ("[FunctionalDependency:(s: {thickness}, t: {chord_length})]", 0.0), operator: *, right: (1.0, 1.0), result: 0.0})
now error: 0.0
Block processing time: 0.113704 seconds
Computing Block 151 out of 200
Processing Block size=18
begin cleaner{left: ("[FunctionalDependency:(s: {thickness}, t: {chord_length})]", 0.0), operator: *, right: (1.0, 1.0), result: 0.0}
列 'p' 不存在，对列 chord_length 不过滤，直接选择所有非无效值。
clean_bool length:5
newest best op: Uniop(df,'chord_length','0.3048',(['thickness'], {(0.00310138,)}),{left: ("[FunctionalDependency:(s: {thickness}, t: {chord_length})]", 0.0), operator: *, right: (1.0, 1.0), result: 0.0})
now error: 0.0
Block processing time: 0.230971 seconds
Computing Block 152 out of 200
Processing Block size=13
begin cleaner{left: ("[FunctionalDependency:(s: {thickness}, t: {chord_length})]", 0.0), operator: *, right: (1.0, 1.0), result: 0.0}
列 'p' 不存在，对列 chord_length 不过滤，直接选择所有非无效值。
clean_bool length:3
newest best op: Uniop(df,'chord_length','0.3048',(['thickness'], {(0.00336729,)}),{left: ("[FunctionalDependency:(s: {thickness}, t: {chord_length})]", 0.0), operator: *, right: (1.0, 1.0), result: 0.0})
now error: 0.0
Block processing time: 0.099656 seconds
Computing Block 153 out of 200
Processing Block size=13
begin cleaner{left: ("[FunctionalDependency:(s: {thickness}, t: {chord_length})]", 1.0), operator: *, right: (1.0, 1.0), result: 1.0}
列 'p' 不存在，对列 chord_length 不过滤，直接选择所有非无效值。
clean_bool length:4
newest best op: Uniop(df,'chord_length','0.0',(['thickness'], {(0.0418756,)}),{left: ("[FunctionalDependency:(s: {thickness}, t: {chord_length})]", 1.0), operator: *, right: (1.0, 1.0), result: 1.0})
now error: 13.0
newest best op: Uniop(df,'chord_length','11.0',(['thickness'], {(0.0418756,)}),{left: ("[FunctionalDependency:(s: {thickness}, t: {chord_length})]", 0.0), operator: *, right: (1.0, 1.0), result: 0.0})
now error: 0.0
newest best op: Uniop(df,'chord_length','0.1016',(['thickness'], {(0.0418756,)}),{left: ("[FunctionalDependency:(s: {thickness}, t: {chord_length})]", 0.0), operator: *, right: (1.0, 1.0), result: 0.0})
now error: 0.0
Block processing time: 0.134662 seconds
Computing Block 154 out of 200
Processing Block size=12
begin cleaner{left: ("[FunctionalDependency:(s: {thickness}, t: {chord_length})]", 0.0), operator: *, right: (1.0, 1.0), result: 0.0}
列 'p' 不存在，对列 chord_length 不过滤，直接选择所有非无效值。
clean_bool length:3
newest best op: Uniop(df,'chord_length','0.1524',(['thickness'], {(0.0015988,)}),{left: ("[FunctionalDependency:(s: {thickness}, t: {chord_length})]", 0.0), operator: *, right: (1.0, 1.0), result: 0.0})
now error: 0.0
Block processing time: 0.092898 seconds
Computing Block 160 out of 200
Processing Block size=11
begin cleaner{left: ("[FunctionalDependency:(s: {thickness}, t: {chord_length})]", 1.0), operator: *, right: (1.0, 1.0), result: 1.0}
列 'p' 不存在，对列 chord_length 不过滤，直接选择所有非无效值。
Block processing time: 0.027174 seconds
Computing Block 161 out of 200
Processing Block size=15
begin cleaner{left: ("[FunctionalDependency:(s: {thickness}, t: {chord_length})]", 0.0), operator: *, right: (1.0, 1.0), result: 0.0}
列 'p' 不存在，对列 chord_length 不过滤，直接选择所有非无效值。
Block processing time: 0.043445 seconds
Computing Block 162 out of 200
Processing Block size=13
begin cleaner{left: ("[FunctionalDependency:(s: {thickness}, t: {chord_length})]", 0.0), operator: *, right: (1.0, 1.0), result: 0.0}
列 'p' 不存在，对列 chord_length 不过滤，直接选择所有非无效值。
clean_bool length:3
newest best op: Uniop(df,'chord_length','0.2255',(['thickness'], {(9.07475,)}),{left: ("[FunctionalDependency:(s: {thickness}, t: {chord_length})]", 0.0), operator: *, right: (1.0, 1.0), result: 0.0})
now error: 0.0
newest best op: Uniop(df,'chord_length','0.0254',(['thickness'], {(9.07475,)}),{left: ("[FunctionalDependency:(s: {thickness}, t: {chord_length})]", 0.0), operator: *, right: (1.0, 1.0), result: 0.0})
now error: 0.0
Block processing time: 0.122392 seconds
Computing Block 163 out of 200
Processing Block size=14
begin cleaner{left: ("[FunctionalDependency:(s: {thickness}, t: {chord_length})]", 0.0), operator: *, right: (1.0, 1.0), result: 0.0}
列 'p' 不存在，对列 chord_length 不过滤，直接选择所有非无效值。
clean_bool length:4
newest best op: Uniop(df,'chord_length','0.3048',(['thickness'], {(0.00283081,)}),{left: ("[FunctionalDependency:(s: {thickness}, t: {chord_length})]", 0.0), operator: *, right: (1.0, 1.0), result: 0.0})
now error: 0.0
Block processing time: 0.176169 seconds
Computing Block 165 out of 200
Processing Block size=3
begin cleaner{left: ("[FunctionalDependency:(s: {thickness}, t: {chord_length})]", 0.0), operator: *, right: (1.0, 1.0), result: 0.0}
列 'p' 不存在，对列 chord_length 不过滤，直接选择所有非无效值。
clean_bool length:4
newest best op: Uniop(df,'chord_length','0.2286',(['thickness'], {(3377.0,)}),{left: ("[FunctionalDependency:(s: {thickness}, t: {chord_length})]", 0.0), operator: *, right: (1.0, 1.0), result: 0.0})
now error: 0.0
Block processing time: 0.042821 seconds
Computing Block 166 out of 200
Processing Block size=14
begin cleaner{left: ("[FunctionalDependency:(s: {thickness}, t: {chord_length})]", 0.0), operator: *, right: (1.0, 1.0), result: 0.0}
列 'p' 不存在，对列 chord_length 不过滤，直接选择所有非无效值。
clean_bool length:4
newest best op: Uniop(df,'chord_length','0.3048',(['thickness'], {(0.00579636,)}),{left: ("[FunctionalDependency:(s: {thickness}, t: {chord_length})]", 0.0), operator: *, right: (1.0, 1.0), result: 0.0})
now error: 0.0
Block processing time: 0.148355 seconds
Computing Block 168 out of 200
Processing Block size=15
begin cleaner{left: ("[FunctionalDependency:(s: {thickness}, t: {chord_length})]", 0.0), operator: *, right: (1.0, 1.0), result: 0.0}
列 'p' 不存在，对列 chord_length 不过滤，直接选择所有非无效值。
clean_bool length:4
newest best op: Uniop(df,'chord_length','0.1524',(['thickness'], {(0.00172668,)}),{left: ("[FunctionalDependency:(s: {thickness}, t: {chord_length})]", 0.0), operator: *, right: (1.0, 1.0), result: 0.0})
now error: 0.0
Block processing time: 0.153626 seconds
Computing Block 169 out of 200
Processing Block size=11
begin cleaner{left: ("[FunctionalDependency:(s: {thickness}, t: {chord_length})]", 0.0), operator: *, right: (1.0, 1.0), result: 0.0}
列 'p' 不存在，对列 chord_length 不过滤，直接选择所有非无效值。
clean_bool length:4
newest best op: Uniop(df,'chord_length','0.1524',(['thickness'], {(0.00525474,)}),{left: ("[FunctionalDependency:(s: {thickness}, t: {chord_length})]", 0.0), operator: *, right: (1.0, 1.0), result: 0.0})
now error: 0.0
Block processing time: 0.115624 seconds
Computing Block 170 out of 200
Processing Block size=10
begin cleaner{left: ("[FunctionalDependency:(s: {thickness}, t: {chord_length})]", 0.0), operator: *, right: (1.0, 1.0), result: 0.0}
列 'p' 不存在，对列 chord_length 不过滤，直接选择所有非无效值。
clean_bool length:4
newest best op: Uniop(df,'chord_length','0.0508',(['thickness'], {(0.00566229,)}),{left: ("[FunctionalDependency:(s: {thickness}, t: {chord_length})]", 0.0), operator: *, right: (1.0, 1.0), result: 0.0})
now error: 0.0
Block processing time: 0.10488 seconds
Computing Block 172 out of 200
Processing Block size=12
begin cleaner{left: ("[FunctionalDependency:(s: {thickness}, t: {chord_length})]", 0.0), operator: *, right: (1.0, 1.0), result: 0.0}
列 'p' 不存在，对列 chord_length 不过滤，直接选择所有非无效值。
clean_bool length:5
newest best op: Uniop(df,'chord_length','0.1016',(['thickness'], {(0.00245138,)}),{left: ("[FunctionalDependency:(s: {thickness}, t: {chord_length})]", 0.0), operator: *, right: (1.0, 1.0), result: 0.0})
now error: 0.0
Block processing time: 0.158019 seconds
Computing Block 173 out of 200
Processing Block size=13
begin cleaner{left: ("[FunctionalDependency:(s: {thickness}, t: {chord_length})]", 0.0), operator: *, right: (1.0, 1.0), result: 0.0}
列 'p' 不存在，对列 chord_length 不过滤，直接选择所有非无效值。
clean_bool length:3
newest best op: Uniop(df,'chord_length','0.2286',(['thickness'], {(0.0042862,)}),{left: ("[FunctionalDependency:(s: {thickness}, t: {chord_length})]", 0.0), operator: *, right: (1.0, 1.0), result: 0.0})
now error: 0.0
Block processing time: 0.099715 seconds
Computing Block 175 out of 200
Processing Block size=9
begin cleaner{left: ("[FunctionalDependency:(s: {thickness}, t: {chord_length})]", 0.0), operator: *, right: (1.0, 1.0), result: 0.0}
列 'p' 不存在，对列 chord_length 不过滤，直接选择所有非无效值。
clean_bool length:3
newest best op: Uniop(df,'chord_length','0.0',(['thickness'], {(0.00251435,)}),{left: ("[FunctionalDependency:(s: {thickness}, t: {chord_length})]", 1.0), operator: *, right: (1.0, 1.0), result: 1.0})
now error: 9.0
newest best op: Uniop(df,'chord_length','0.1016',(['thickness'], {(0.00251435,)}),{left: ("[FunctionalDependency:(s: {thickness}, t: {chord_length})]", 0.0), operator: *, right: (1.0, 1.0), result: 0.0})
now error: 0.0
Block processing time: 0.07033 seconds
Computing Block 176 out of 200
Processing Block size=15
begin cleaner{left: ("[FunctionalDependency:(s: {thickness}, t: {chord_length})]", 0.0), operator: *, right: (1.0, 1.0), result: 0.0}
列 'p' 不存在，对列 chord_length 不过滤，直接选择所有非无效值。
Block processing time: 0.036119 seconds
Computing Block 177 out of 200
Processing Block size=15
begin cleaner{left: ("[FunctionalDependency:(s: {thickness}, t: {chord_length})]", 0.0), operator: *, right: (1.0, 1.0), result: 0.0}
列 'p' 不存在，对列 chord_length 不过滤，直接选择所有非无效值。
clean_bool length:3
newest best op: Uniop(df,'chord_length','0.0254',(['thickness'], {(0.0165706,)}),{left: ("[FunctionalDependency:(s: {thickness}, t: {chord_length})]", 0.0), operator: *, right: (1.0, 1.0), result: 0.0})
now error: 0.0
Block processing time: 0.113783 seconds
Computing Block 178 out of 200
Processing Block size=8
begin cleaner{left: ("[FunctionalDependency:(s: {thickness}, t: {chord_length})]", 0.0), operator: *, right: (1.0, 1.0), result: 0.0}
列 'p' 不存在，对列 chord_length 不过滤，直接选择所有非无效值。
clean_bool length:5
newest best op: Uniop(df,'chord_length','0.0508',(['thickness'], {(0.00142788,)}),{left: ("[FunctionalDependency:(s: {thickness}, t: {chord_length})]", 0.0), operator: *, right: (1.0, 1.0), result: 0.0})
now error: 0.0
Block processing time: 0.107911 seconds
Computing Block 179 out of 200
Processing Block size=16
begin cleaner{left: ("[FunctionalDependency:(s: {thickness}, t: {chord_length})]", 0.0), operator: *, right: (1.0, 1.0), result: 0.0}
列 'p' 不存在，对列 chord_length 不过滤，直接选择所有非无效值。
clean_bool length:4
newest best op: Uniop(df,'chord_length','0.0',(['thickness'], {(0.0368233,)}),{left: ("[FunctionalDependency:(s: {thickness}, t: {chord_length})]", 1.0), operator: *, right: (1.0, 1.0), result: 1.0})
now error: 16.0
newest best op: Uniop(df,'chord_length','0.110011',(['thickness'], {(0.0368233,)}),{left: ("[FunctionalDependency:(s: {thickness}, t: {chord_length})]", 0.0), operator: *, right: (1.0, 1.0), result: 0.0})
now error: 0.0
newest best op: Uniop(df,'chord_length','0.1016',(['thickness'], {(0.0368233,)}),{left: ("[FunctionalDependency:(s: {thickness}, t: {chord_length})]", 0.0), operator: *, right: (1.0, 1.0), result: 0.0})
now error: 0.0
Block processing time: 0.164576 seconds
Computing Block 180 out of 200
Processing Block size=14
begin cleaner{left: ("[FunctionalDependency:(s: {thickness}, t: {chord_length})]", 0.0), operator: *, right: (1.0, 1.0), result: 0.0}
列 'p' 不存在，对列 chord_length 不过滤，直接选择所有非无效值。
clean_bool length:4
newest best op: Uniop(df,'chord_length','0.1524',(['thickness'], {(0.0483159,)}),{left: ("[FunctionalDependency:(s: {thickness}, t: {chord_length})]", 0.0), operator: *, right: (1.0, 1.0), result: 0.0})WARNING:root:No partitioning rule specified, processing might be slow

now error: 0.0
Block processing time: 0.145331 seconds
Computing Block 183 out of 200
Processing Block size=11
begin cleaner{left: ("[FunctionalDependency:(s: {thickness}, t: {chord_length})]", 0.0), operator: *, right: (1.0, 1.0), result: 0.0}
列 'p' 不存在，对列 chord_length 不过滤，直接选择所有非无效值。
clean_bool length:3
newest best op: Uniop(df,'chord_length','0.2286',(['thickness'], {(0.00346574,)}),{left: ("[FunctionalDependency:(s: {thickness}, t: {chord_length})]", 0.0), operator: *, right: (1.0, 1.0), result: 0.0})
now error: 0.0
Block processing time: 0.085528 seconds
Computing Block 185 out of 200
Processing Block size=14
begin cleaner{left: ("[FunctionalDependency:(s: {thickness}, t: {chord_length})]", 0.0), operator: *, right: (1.0, 1.0), result: 0.0}
列 'p' 不存在，对列 chord_length 不过滤，直接选择所有非无效值。
clean_bool length:6
newest best op: Uniop(df,'chord_length','0.5544',(['thickness'], {(0.0229028,)}),{left: ("[FunctionalDependency:(s: {thickness}, t: {chord_length})]", 0.0), operator: *, right: (1.0, 1.0), result: 0.0})
now error: 0.0
newest best op: Uniop(df,'chord_length','0.225544',(['thickness'], {(0.0229028,)}),{left: ("[FunctionalDependency:(s: {thickness}, t: {chord_length})]", 0.0), operator: *, right: (1.0, 1.0), result: 0.0})
now error: 0.0
newest best op: Uniop(df,'chord_length','0.0254',(['thickness'], {(0.0229028,)}),{left: ("[FunctionalDependency:(s: {thickness}, t: {chord_length})]", 0.0), operator: *, right: (1.0, 1.0), result: 0.0})
now error: 0.0
Block processing time: 0.218861 seconds
Computing Block 186 out of 200
Processing Block size=14
begin cleaner{left: ("[FunctionalDependency:(s: {thickness}, t: {chord_length})]", 0.0), operator: *, right: (1.0, 1.0), result: 0.0}
列 'p' 不存在，对列 chord_length 不过滤，直接选择所有非无效值。
clean_bool length:4
newest best op: Uniop(df,'chord_length','0.0254',(['thickness'], {(0.0176631,)}),{left: ("[FunctionalDependency:(s: {thickness}, t: {chord_length})]", 0.0), operator: *, right: (1.0, 1.0), result: 0.0})
now error: 0.0
Block processing time: 0.144163 seconds
Computing Block 188 out of 200
Processing Block size=13
begin cleaner{left: ("[FunctionalDependency:(s: {thickness}, t: {chord_length})]", 0.0), operator: *, right: (1.0, 1.0), result: 0.0}
列 'p' 不存在，对列 chord_length 不过滤，直接选择所有非无效值。
clean_bool length:3
newest best op: Uniop(df,'chord_length','0.0',(['thickness'], {(0.00461377,)}),{left: ("[FunctionalDependency:(s: {thickness}, t: {chord_length})]", 1.0), operator: *, right: (1.0, 1.0), result: 1.0})
now error: 13.0
newest best op: Uniop(df,'chord_length','0.0254',(['thickness'], {(0.00461377,)}),{left: ("[FunctionalDependency:(s: {thickness}, t: {chord_length})]", 0.0), operator: *, right: (1.0, 1.0), result: 0.0})
now error: 0.0
Block processing time: 0.099431 seconds
Computing Block 190 out of 200
Processing Block size=10
begin cleaner{left: ("[FunctionalDependency:(s: {thickness}, t: {chord_length})]", 0.0), operator: *, right: (1.0, 1.0), result: 0.0}
列 'p' 不存在，对列 chord_length 不过滤，直接选择所有非无效值。
clean_bool length:4
newest best op: Uniop(df,'chord_length','0.0254',(['thickness'], {(8.48633,)}),{left: ("[FunctionalDependency:(s: {thickness}, t: {chord_length})]", 0.0), operator: *, right: (1.0, 1.0), result: 0.0})
now error: 0.0
Block processing time: 0.105332 seconds
Computing Block 192 out of 200
Processing Block size=16
begin cleaner{left: ("[FunctionalDependency:(s: {thickness}, t: {chord_length})]", 0.0), operator: *, right: (1.0, 1.0), result: 0.0}
列 'p' 不存在，对列 chord_length 不过滤，直接选择所有非无效值。
clean_bool length:3
newest best op: Uniop(df,'chord_length','0.1016',(['thickness'], {(0.0124596,)}),{left: ("[FunctionalDependency:(s: {thickness}, t: {chord_length})]", 0.0), operator: *, right: (1.0, 1.0), result: 0.0})
now error: 0.0
Block processing time: 0.120808 seconds
Computing Block 194 out of 200
Processing Block size=11
begin cleaner{left: ("[FunctionalDependency:(s: {thickness}, t: {chord_length})]", 1.0), operator: *, right: (1.0, 1.0), result: 1.0}
列 'p' 不存在，对列 chord_length 不过滤，直接选择所有非无效值。
clean_bool length:3
newest best op: Uniop(df,'chord_length','0.0254',(['thickness'], {(0.00420654,)}),{left: ("[FunctionalDependency:(s: {thickness}, t: {chord_length})]", 0.0), operator: *, right: (1.0, 1.0), result: 0.0})
now error: 0.0
Block processing time: 0.08461 seconds
Computing Block 196 out of 200
Processing Block size=6
begin cleaner{left: ("[FunctionalDependency:(s: {thickness}, t: {chord_length})]", 0.0), operator: *, right: (1.0, 1.0), result: 0.0}
列 'p' 不存在，对列 chord_length 不过滤，直接选择所有非无效值。
clean_bool length:3
newest best op: Uniop(df,'chord_length','0.0254',(['thickness'], {(4.00682,)}),{left: ("[FunctionalDependency:(s: {thickness}, t: {chord_length})]", 0.0), operator: *, right: (1.0, 1.0), result: 0.0})
now error: 0.0
Block processing time: 0.048356 seconds
Computing Block 198 out of 200
Processing Block size=12
begin cleaner{left: ("[FunctionalDependency:(s: {thickness}, t: {chord_length})]", 0.0), operator: *, right: (1.0, 1.0), result: 0.0}
列 'p' 不存在，对列 chord_length 不过滤，直接选择所有非无效值。
clean_bool length:3
newest best op: Uniop(df,'chord_length','0.0508',(['thickness'], {(7.91822,)}),{left: ("[FunctionalDependency:(s: {thickness}, t: {chord_length})]", 0.0), operator: *, right: (1.0, 1.0), result: 0.0})
now error: 0.0
Block processing time: 0.091999 seconds
Computing Block 199 out of 200
Processing Block size=14
begin cleaner{left: ("[FunctionalDependency:(s: {thickness}, t: {chord_length})]", 0.0), operator: *, right: (1.0, 1.0), result: 0.0}
列 'p' 不存在，对列 chord_length 不过滤，直接选择所有非无效值。
clean_bool length:4
newest best op: Uniop(df,'chord_length','0.1524',(['thickness'], {(0.00294804,)}),{left: ("[FunctionalDependency:(s: {thickness}, t: {chord_length})]", 0.0), operator: *, right: (1.0, 1.0), result: 0.0})
now error: 0.0
Block processing time: 0.143997 seconds
  当前节点: chord_length 有 86 个清洗操作
  当前节点: velocity 存在可用清洗信号
数据块大小: 1503
分块属性:
[['thickness']]
Starting initial block mapping...
Initial number of blocks: 200
Final number of blocks after further splitting: 200
Computing Block 1 out of 200
Processing Block size=14
begin cleaner[FunctionalDependency:(s: {'thickness'}, t: {'velocity'})]*1.0
列 'p' 不存在，对列 velocity 不过滤，直接选择所有非无效值。
clean_bool length:3
newest best op: Uniop(df,'velocity','1133.0',(['thickness'], {(0.0051942,)}),{left: ("[FunctionalDependency:(s: {thickness}, t: {velocity})]", 0.0), operator: *, right: (1.0, 1.0), result: 0.0})
now error: 0.0
newest best op: Uniop(df,'velocity','71.3',(['thickness'], {(0.0051942,)}),{left: ("[FunctionalDependency:(s: {thickness}, t: {velocity})]", 0.0), operator: *, right: (1.0, 1.0), result: 0.0})
now error: 0.0
Block processing time: 0.106455 seconds
Computing Block 2 out of 200
Processing Block size=13
begin cleaner{left: ("[FunctionalDependency:(s: {thickness}, t: {velocity})]", 0.0), operator: *, right: (1.0, 1.0), result: 0.0}
列 'p' 不存在，对列 velocity 不过滤，直接选择所有非无效值。
clean_bool length:3
newest best op: Uniop(df,'velocity','7711.0',(['thickness'], {(0.00401199,)}),{left: ("[FunctionalDependency:(s: {thickness}, t: {velocity})]", 0.0), operator: *, right: (1.0, 1.0), result: 0.0})
now error: 0.0
newest best op: Uniop(df,'velocity','71.3',(['thickness'], {(0.00401199,)}),{left: ("[FunctionalDependency:(s: {thickness}, t: {velocity})]", 0.0), operator: *, right: (1.0, 1.0), result: 0.0})
now error: 0.0
Block processing time: 0.098746 seconds
Computing Block 3 out of 200
Processing Block size=14
begin cleaner{left: ("[FunctionalDependency:(s: {thickness}, t: {velocity})]", 0.0), operator: *, right: (1.0, 1.0), result: 0.0}
列 'p' 不存在，对列 velocity 不过滤，直接选择所有非无效值。
clean_bool length:3
newest best op: Uniop(df,'velocity','3399.0',(['thickness'], {(0.0233328,)}),{left: ("[FunctionalDependency:(s: {thickness}, t: {velocity})]", 0.0), operator: *, right: (1.0, 1.0), result: 0.0})
now error: 0.0
newest best op: Uniop(df,'velocity','39.6',(['thickness'], {(0.0233328,)}),{left: ("[FunctionalDependency:(s: {thickness}, t: {velocity})]", 0.0), operator: *, right: (1.0, 1.0), result: 0.0})
now error: 0.0
Block processing time: 0.106423 seconds
Computing Block 4 out of 200
Processing Block size=13
begin cleaner{left: ("[FunctionalDependency:(s: {thickness}, t: {velocity})]", 0.0), operator: *, right: (1.0, 1.0), result: 0.0}
列 'p' 不存在，对列 velocity 不过滤，直接选择所有非无效值。
clean_bool length:4
newest best op: Uniop(df,'velocity','33.0',(['thickness'], {(0.00209405,)}),{left: ("[FunctionalDependency:(s: {thickness}, t: {velocity})]", 0.0), operator: *, right: (1.0, 1.0), result: 0.0})
now error: 0.0
newest best op: Uniop(df,'velocity','31.7',(['thickness'], {(0.00209405,)}),{left: ("[FunctionalDependency:(s: {thickness}, t: {velocity})]", 0.0), operator: *, right: (1.0, 1.0), result: 0.0})
now error: 0.0
Block processing time: 0.132773 seconds
Computing Block 5 out of 200
Processing Block size=11
begin cleaner{left: ("[FunctionalDependency:(s: {thickness}, t: {velocity})]", 0.0), operator: *, right: (1.0, 1.0), result: 0.0}
列 'p' 不存在，对列 velocity 不过滤，直接选择所有非无效值。
clean_bool length:3
newest best op: Uniop(df,'velocity','99.0',(['thickness'], {(4.28464,)}),{left: ("[FunctionalDependency:(s: {thickness}, t: {velocity})]", 0.0), operator: *, right: (1.0, 1.0), result: 0.0})
now error: 0.0
newest best op: Uniop(df,'velocity','39.6',(['thickness'], {(4.28464,)}),{left: ("[FunctionalDependency:(s: {thickness}, t: {velocity})]", 0.0), operator: *, right: (1.0, 1.0), result: 0.0})
now error: 0.0
Block processing time: 0.084058 seconds
Computing Block 6 out of 200
Processing Block size=12
begin cleaner{left: ("[FunctionalDependency:(s: {thickness}, t: {velocity})]", 0.0), operator: *, right: (1.0, 1.0), result: 0.0}
列 'p' 不存在，对列 velocity 不过滤，直接选择所有非无效值。
clean_bool length:3
newest best op: Uniop(df,'velocity','77.0',(['thickness'], {(0.00293031,)}),{left: ("[FunctionalDependency:(s: {thickness}, t: {velocity})]", 0.0), operator: *, right: (1.0, 1.0), result: 0.0})
now error: 0.0
newest best op: Uniop(df,'velocity','71.3',(['thickness'], {(0.00293031,)}),{left: ("[FunctionalDependency:(s: {thickness}, t: {velocity})]", 0.0), operator: *, right: (1.0, 1.0), result: 0.0})
now error: 0.0
Block processing time: 0.091679 seconds
Computing Block 7 out of 200
Processing Block size=12
begin cleaner{left: ("[FunctionalDependency:(s: {thickness}, t: {velocity})]", 0.0), operator: *, right: (1.0, 1.0), result: 0.0}
列 'p' 不存在，对列 velocity 不过滤，直接选择所有非无效值。
clean_bool length:3
newest best op: Uniop(df,'velocity','3311.0',(['thickness'], {(0.00372371,)}),{left: ("[FunctionalDependency:(s: {thickness}, t: {velocity})]", 0.0), operator: *, right: (1.0, 1.0), result: 0.0})
now error: 0.0
newest best op: Uniop(df,'velocity','31.7',(['thickness'], {(0.00372371,)}),{left: ("[FunctionalDependency:(s: {thickness}, t: {velocity})]", 0.0), operator: *, right: (1.0, 1.0), result: 0.0})
now error: 0.0
Block processing time: 0.091142 seconds
Computing Block 9 out of 200
Processing Block size=11
begin cleaner{left: ("[FunctionalDependency:(s: {thickness}, t: {velocity})]", 0.0), operator: *, right: (1.0, 1.0), result: 0.0}
列 'p' 不存在，对列 velocity 不过滤，直接选择所有非无效值。
clean_bool length:3
newest best op: Uniop(df,'velocity','5555.0',(['thickness'], {(0.00313525,)}),{left: ("[FunctionalDependency:(s: {thickness}, t: {velocity})]", 0.0), operator: *, right: (1.0, 1.0), result: 0.0})
now error: 0.0
newest best op: Uniop(df,'velocity','55.5',(['thickness'], {(0.00313525,)}),{left: ("[FunctionalDependency:(s: {thickness}, t: {velocity})]", 0.0), operator: *, right: (1.0, 1.0), result: 0.0})
now error: 0.0
Block processing time: 0.08408 seconds
Computing Block 10 out of 200
Processing Block size=2
begin cleaner{left: ("[FunctionalDependency:(s: {thickness}, t: {velocity})]", 0.0), operator: *, right: (1.0, 1.0), result: 0.0}
列 'p' 不存在，对列 velocity 不过滤，直接选择所有非无效值。
Block processing time: 0.005445 seconds
Computing Block 11 out of 200
Processing Block size=13
begin cleaner{left: ("[FunctionalDependency:(s: {thickness}, t: {velocity})]", 0.0), operator: *, right: (1.0, 1.0), result: 0.0}
列 'p' 不存在，对列 velocity 不过滤，直接选择所有非无效值。
clean_bool length:3
newest best op: Uniop(df,'velocity','7733.0',(['thickness'], {(0.00243851,)}),{left: ("[FunctionalDependency:(s: {thickness}, t: {velocity})]", 0.0), operator: *, right: (1.0, 1.0), result: 0.0})
now error: 0.0
newest best op: Uniop(df,'velocity','71.3',(['thickness'], {(0.00243851,)}),{left: ("[FunctionalDependency:(s: {thickness}, t: {velocity})]", 0.0), operator: *, right: (1.0, 1.0), result: 0.0})
now error: 0.0
Block processing time: 0.098432 seconds
Computing Block 12 out of 200
Processing Block size=15
begin cleaner{left: ("[FunctionalDependency:(s: {thickness}, t: {velocity})]", 0.0), operator: *, right: (1.0, 1.0), result: 0.0}
列 'p' 不存在，对列 velocity 不过滤，直接选择所有非无效值。
clean_bool length:4
newest best op: Uniop(df,'velocity','0.55',(['thickness'], {(0.0208438,)}),{left: ("[FunctionalDependency:(s: {thickness}, t: {velocity})]", 0.0), operator: *, right: (1.0, 1.0), result: 0.0})
now error: 0.0
newest best op: Uniop(df,'velocity','55.0',(['thickness'], {(0.0208438,)}),{left: ("[FunctionalDependency:(s: {thickness}, t: {velocity})]", 0.0), operator: *, right: (1.0, 1.0), result: 0.0})
now error: 0.0
newest best op: Uniop(df,'velocity','55.5',(['thickness'], {(0.0208438,)}),{left: ("[FunctionalDependency:(s: {thickness}, t: {velocity})]", 0.0), operator: *, right: (1.0, 1.0), result: 0.0})
now error: 0.0
Block processing time: 0.152393 seconds
Computing Block 15 out of 200
Processing Block size=2
begin cleaner{left: ("[FunctionalDependency:(s: {thickness}, t: {velocity})]", 0.0), operator: *, right: (1.0, 1.0), result: 0.0}
列 'p' 不存在，对列 velocity 不过滤，直接选择所有非无效值。
Block processing time: 0.005407 seconds
Computing Block 19 out of 200
Processing Block size=2
begin cleaner{left: ("[FunctionalDependency:(s: {thickness}, t: {velocity})]", 0.0), operator: *, right: (1.0, 1.0), result: 0.0}
列 'p' 不存在，对列 velocity 不过滤，直接选择所有非无效值。
Block processing time: 0.00542 seconds
Computing Block 20 out of 200
Processing Block size=15
begin cleaner{left: ("[FunctionalDependency:(s: {thickness}, t: {velocity})]", 0.0), operator: *, right: (1.0, 1.0), result: 0.0}
列 'p' 不存在，对列 velocity 不过滤，直接选择所有非无效值。
clean_bool length:3
newest best op: Uniop(df,'velocity','33.0',(['thickness'], {(0.00449821,)}),{left: ("[FunctionalDependency:(s: {thickness}, t: {velocity})]", 0.0), operator: *, right: (1.0, 1.0), result: 0.0})
now error: 0.0
newest best op: Uniop(df,'velocity','39.6',(['thickness'], {(0.00449821,)}),{left: ("[FunctionalDependency:(s: {thickness}, t: {velocity})]", 0.0), operator: *, right: (1.0, 1.0), result: 0.0})
now error: 0.0
Block processing time: 0.115336 seconds
Computing Block 22 out of 200
Processing Block size=13
begin cleaner{left: ("[FunctionalDependency:(s: {thickness}, t: {velocity})]", 0.0), operator: *, right: (1.0, 1.0), result: 0.0}
列 'p' 不存在，对列 velocity 不过滤，直接选择所有非无效值。
clean_bool length:3
newest best op: Uniop(df,'velocity','555555.0',(['thickness'], {(0.00229336,)}),{left: ("[FunctionalDependency:(s: {thickness}, t: {velocity})]", 0.0), operator: *, right: (1.0, 1.0), result: 0.0})
now error: 0.0
newest best op: Uniop(df,'velocity','55.5',(['thickness'], {(0.00229336,)}),{left: ("[FunctionalDependency:(s: {thickness}, t: {velocity})]", 0.0), operator: *, right: (1.0, 1.0), result: 0.0})
now error: 0.0
Block processing time: 0.098909 seconds
Computing Block 23 out of 200
Processing Block size=15
begin cleaner{left: ("[FunctionalDependency:(s: {thickness}, t: {velocity})]", 0.0), operator: *, right: (1.0, 1.0), result: 0.0}
列 'p' 不存在，对列 velocity 不过滤，直接选择所有非无效值。
clean_bool length:5
newest best op: Uniop(df,'velocity','33.0',(['thickness'], {(0.00509068,)}),{left: ("[FunctionalDependency:(s: {thickness}, t: {velocity})]", 0.0), operator: *, right: (1.0, 1.0), result: 0.0})
now error: 0.0
newest best op: Uniop(df,'velocity','31.7',(['thickness'], {(0.00509068,)}),{left: ("[FunctionalDependency:(s: {thickness}, t: {velocity})]", 0.0), operator: *, right: (1.0, 1.0), result: 0.0})
now error: 0.0
Block processing time: 0.194405 seconds
Computing Block 25 out of 200
Processing Block size=13
begin cleaner{left: ("[FunctionalDependency:(s: {thickness}, t: {velocity})]", 0.0), operator: *, right: (1.0, 1.0), result: 0.0}
列 'p' 不存在，对列 velocity 不过滤，直接选择所有非无效值。
clean_bool length:4
newest best op: Uniop(df,'velocity','33.0',(['thickness'], {(0.00485029,)}),{left: ("[FunctionalDependency:(s: {thickness}, t: {velocity})]", 0.0), operator: *, right: (1.0, 1.0), result: 0.0})
now error: 0.0
newest best op: Uniop(df,'velocity','39.6',(['thickness'], {(0.00485029,)}),{left: ("[FunctionalDependency:(s: {thickness}, t: {velocity})]", 0.0), operator: *, right: (1.0, 1.0), result: 0.0})
now error: 0.0
Block processing time: 0.134239 seconds
Computing Block 27 out of 200
Processing Block size=14
begin cleaner{left: ("[FunctionalDependency:(s: {thickness}, t: {velocity})]", 0.0), operator: *, right: (1.0, 1.0), result: 0.0}
列 'p' 不存在，对列 velocity 不过滤，直接选择所有非无效值。
clean_bool length:3
newest best op: Uniop(df,'velocity','77.0',(['thickness'], {(0.00425727,)}),{left: ("[FunctionalDependency:(s: {thickness}, t: {velocity})]", 0.0), operator: *, right: (1.0, 1.0), result: 0.0})
now error: 0.0
newest best op: Uniop(df,'velocity','71.3',(['thickness'], {(0.00425727,)}),{left: ("[FunctionalDependency:(s: {thickness}, t: {velocity})]", 0.0), operator: *, right: (1.0, 1.0), result: 0.0})
now error: 0.0
Block processing time: 0.108334 seconds
Computing Block 30 out of 200
Processing Block size=13
begin cleaner{left: ("[FunctionalDependency:(s: {thickness}, t: {velocity})]", 0.0), operator: *, right: (1.0, 1.0), result: 0.0}
列 'p' 不存在，对列 velocity 不过滤，直接选择所有非无效值。
clean_bool length:5
newest best op: Uniop(df,'velocity','33.0',(['thickness'], {(0.00193287,)}),{left: ("[FunctionalDependency:(s: {thickness}, t: {velocity})]", 0.0), operator: *, right: (1.0, 1.0), result: 0.0})
now error: 0.0
newest best op: Uniop(df,'velocity','3399.0',(['thickness'], {(0.00193287,)}),{left: ("[FunctionalDependency:(s: {thickness}, t: {velocity})]", 0.0), operator: *, right: (1.0, 1.0), result: 0.0})
now error: 0.0
newest best op: Uniop(df,'velocity','39.6',(['thickness'], {(0.00193287,)}),{left: ("[FunctionalDependency:(s: {thickness}, t: {velocity})]", 0.0), operator: *, right: (1.0, 1.0), result: 0.0})
now error: 0.0
Block processing time: 0.167624 seconds
Computing Block 32 out of 200
Processing Block size=11
begin cleaner{left: ("[FunctionalDependency:(s: {thickness}, t: {velocity})]", 0.0), operator: *, right: (1.0, 1.0), result: 0.0}
列 'p' 不存在，对列 velocity 不过滤，直接选择所有非无效值。
Block processing time: 0.026717 seconds
Computing Block 35 out of 200
Processing Block size=36
begin cleaner{left: ("[FunctionalDependency:(s: {thickness}, t: {velocity})]", 0.0), operator: *, right: (1.0, 1.0), result: 0.0}
列 'p' 不存在，对列 velocity 不过滤，直接选择所有非无效值。
clean_bool length:5
newest best op: Uniop(df,'velocity','55.5',(['thickness'], {(0.0,)}),{left: ("[FunctionalDependency:(s: {thickness}, t: {velocity})]", 1.0), operator: *, right: (1.0, 1.0), result: 1.0})
now error: 36.0
newest best op: Uniop(df,'velocity','31.7',(['thickness'], {(0.0,)}),{left: ("[FunctionalDependency:(s: {thickness}, t: {velocity})]", 1.0), operator: *, right: (1.0, 1.0), result: 1.0})
now error: 36.0
newest best op: Uniop(df,'velocity','71.3',(['thickness'], {(0.0,)}),{left: ("[FunctionalDependency:(s: {thickness}, t: {velocity})]", 1.0), operator: *, right: (1.0, 1.0), result: 1.0})
now error: 36.0
pruned: 4
UpdateCleanBool,purned:4
clean_bool length:1
Block processing time: 0.451998 seconds
Computing Block 37 out of 200
Processing Block size=16
begin cleaner{left: ("[FunctionalDependency:(s: {thickness}, t: {velocity})]", 1.0), operator: *, right: (1.0, 1.0), result: 1.0}
列 'p' 不存在，对列 velocity 不过滤，直接选择所有非无效值。
clean_bool length:4
newest best op: Uniop(df,'velocity','7711.0',(['thickness'], {(0.0121808,)}),{left: ("[FunctionalDependency:(s: {thickness}, t: {velocity})]", 0.0), operator: *, right: (1.0, 1.0), result: 0.0})
now error: 0.0
newest best op: Uniop(df,'velocity','77.0',(['thickness'], {(0.0121808,)}),{left: ("[FunctionalDependency:(s: {thickness}, t: {velocity})]", 0.0), operator: *, right: (1.0, 1.0), result: 0.0})
now error: 0.0
newest best op: Uniop(df,'velocity','71.3',(['thickness'], {(0.0121808,)}),{left: ("[FunctionalDependency:(s: {thickness}, t: {velocity})]", 0.0), operator: *, right: (1.0, 1.0), result: 0.0})
now error: 0.0
Block processing time: 0.162978 seconds
Computing Block 44 out of 200
Processing Block size=11
begin cleaner{left: ("[FunctionalDependency:(s: {thickness}, t: {velocity})]", 0.0), operator: *, right: (1.0, 1.0), result: 0.0}
列 'p' 不存在，对列 velocity 不过滤，直接选择所有非无效值。
clean_bool length:3
newest best op: Uniop(df,'velocity','33.0',(['thickness'], {(0.00152689,)}),{left: ("[FunctionalDependency:(s: {thickness}, t: {velocity})]", 0.0), operator: *, right: (1.0, 1.0), result: 0.0})
now error: 0.0
newest best op: Uniop(df,'velocity','39.6',(['thickness'], {(0.00152689,)}),{left: ("[FunctionalDependency:(s: {thickness}, t: {velocity})]", 0.0), operator: *, right: (1.0, 1.0), result: 0.0})
now error: 0.0
Block processing time: 0.084656 seconds
Computing Block 47 out of 200
Processing Block size=13
begin cleaner{left: ("[FunctionalDependency:(s: {thickness}, t: {velocity})]", 0.0), operator: *, right: (1.0, 1.0), result: 0.0}
列 'p' 不存在，对列 velocity 不过滤，直接选择所有非无效值。
clean_bool length:3
newest best op: Uniop(df,'velocity','66.0',(['thickness'], {(0.0150478,)}),{left: ("[FunctionalDependency:(s: {thickness}, t: {velocity})]", 0.0), operator: *, right: (1.0, 1.0), result: 0.0})
now error: 0.0
newest best op: Uniop(df,'velocity','39.6',(['thickness'], {(0.0150478,)}),{left: ("[FunctionalDependency:(s: {thickness}, t: {velocity})]", 0.0), operator: *, right: (1.0, 1.0), result: 0.0})
now error: 0.0
Block processing time: 0.100878 seconds
Computing Block 48 out of 200
Processing Block size=3
begin cleaner{left: ("[FunctionalDependency:(s: {thickness}, t: {velocity})]", 0.0), operator: *, right: (1.0, 1.0), result: 0.0}
列 'p' 不存在，对列 velocity 不过滤，直接选择所有非无效值。
clean_bool length:4
newest best op: Uniop(df,'velocity','55.5',(['thickness'], {(33.0,)}),{left: ("[FunctionalDependency:(s: {thickness}, t: {velocity})]", 0.0), operator: *, right: (1.0, 1.0), result: 0.0})
now error: 0.0
Block processing time: 0.035363 seconds
Computing Block 50 out of 200
Processing Block size=13
begin cleaner{left: ("[FunctionalDependency:(s: {thickness}, t: {velocity})]", 0.0), operator: *, right: (1.0, 1.0), result: 0.0}
列 'p' 不存在，对列 velocity 不过滤，直接选择所有非无效值。
clean_bool length:3
newest best op: Uniop(df,'velocity','33.0',(['thickness'], {(9.30789,)}),{left: ("[FunctionalDependency:(s: {thickness}, t: {velocity})]", 0.0), operator: *, right: (1.0, 1.0), result: 0.0})
now error: 0.0
newest best op: Uniop(df,'velocity','31.7',(['thickness'], {(9.30789,)}),{left: ("[FunctionalDependency:(s: {thickness}, t: {velocity})]", 0.0), operator: *, right: (1.0, 1.0), result: 0.0})
now error: 0.0
Block processing time: 0.098799 seconds
Computing Block 53 out of 200
Processing Block size=12
begin cleaner{left: ("[FunctionalDependency:(s: {thickness}, t: {velocity})]", 0.0), operator: *, right: (1.0, 1.0), result: 0.0}
列 'p' 不存在，对列 velocity 不过滤，直接选择所有非无效值。
clean_bool length:3
newest best op: Uniop(df,'velocity','33.0',(['thickness'], {(0.00266337,)}),{left: ("[FunctionalDependency:(s: {thickness}, t: {velocity})]", 0.0), operator: *, right: (1.0, 1.0), result: 0.0})
now error: 0.0
newest best op: Uniop(df,'velocity','71.3',(['thickness'], {(0.00266337,)}),{left: ("[FunctionalDependency:(s: {thickness}, t: {velocity})]", 0.0), operator: *, right: (1.0, 1.0), result: 0.0})
now error: 0.0
Block processing time: 0.092124 seconds
Computing Block 54 out of 200
Processing Block size=15
begin cleaner{left: ("[FunctionalDependency:(s: {thickness}, t: {velocity})]", 0.0), operator: *, right: (1.0, 1.0), result: 0.0}
列 'p' 不存在，对列 velocity 不过滤，直接选择所有非无效值。
clean_bool length:4
newest best op: Uniop(df,'velocity','5555.0',(['thickness'], {(0.0111706,)}),{left: ("[FunctionalDependency:(s: {thickness}, t: {velocity})]", 0.0), operator: *, right: (1.0, 1.0), result: 0.0})
now error: 0.0
newest best op: Uniop(df,'velocity','55.0',(['thickness'], {(0.0111706,)}),{left: ("[FunctionalDependency:(s: {thickness}, t: {velocity})]", 0.0), operator: *, right: (1.0, 1.0), result: 0.0})
now error: 0.0
newest best op: Uniop(df,'velocity','55.5',(['thickness'], {(0.0111706,)}),{left: ("[FunctionalDependency:(s: {thickness}, t: {velocity})]", 0.0), operator: *, right: (1.0, 1.0), result: 0.0})
now error: 0.0
Block processing time: 0.153531 seconds
Computing Block 56 out of 200
Processing Block size=12
begin cleaner{left: ("[FunctionalDependency:(s: {thickness}, t: {velocity})]", 0.0), operator: *, right: (1.0, 1.0), result: 0.0}
列 'p' 不存在，对列 velocity 不过滤，直接选择所有非无效值。
clean_bool length:3
newest best op: Uniop(df,'velocity','1133.0',(['thickness'], {(0.00121072,)}),{left: ("[FunctionalDependency:(s: {thickness}, t: {velocity})]", 0.0), operator: *, right: (1.0, 1.0), result: 0.0})
now error: 0.0
newest best op: Uniop(df,'velocity','71.3',(['thickness'], {(0.00121072,)}),{left: ("[FunctionalDependency:(s: {thickness}, t: {velocity})]", 0.0), operator: *, right: (1.0, 1.0), result: 0.0})
now error: 0.0
Block processing time: 0.091468 seconds
Computing Block 57 out of 200
Processing Block size=15
begin cleaner{left: ("[FunctionalDependency:(s: {thickness}, t: {velocity})]", 0.0), operator: *, right: (1.0, 1.0), result: 0.0}
列 'p' 不存在，对列 velocity 不过滤，直接选择所有非无效值。
Block processing time: 0.036631 seconds
Computing Block 60 out of 200
Processing Block size=15
begin cleaner{left: ("[FunctionalDependency:(s: {thickness}, t: {velocity})]", 0.0), operator: *, right: (1.0, 1.0), result: 0.0}
列 'p' 不存在，对列 velocity 不过滤，直接选择所有非无效值。
clean_bool length:4
newest best op: Uniop(df,'velocity','33.0',(['thickness'], {(0.0282593,)}),{left: ("[FunctionalDependency:(s: {thickness}, t: {velocity})]", 0.0), operator: *, right: (1.0, 1.0), result: 0.0})
now error: 0.0
newest best op: Uniop(df,'velocity','3399.0',(['thickness'], {(0.0282593,)}),{left: ("[FunctionalDependency:(s: {thickness}, t: {velocity})]", 0.0), operator: *, right: (1.0, 1.0), result: 0.0})
now error: 0.0
newest best op: Uniop(df,'velocity','39.6',(['thickness'], {(0.0282593,)}),{left: ("[FunctionalDependency:(s: {thickness}, t: {velocity})]", 0.0), operator: *, right: (1.0, 1.0), result: 0.0})
now error: 0.0
Block processing time: 0.156462 seconds
Computing Block 64 out of 200
Processing Block size=14
begin cleaner{left: ("[FunctionalDependency:(s: {thickness}, t: {velocity})]", 0.0), operator: *, right: (1.0, 1.0), result: 0.0}
列 'p' 不存在，对列 velocity 不过滤，直接选择所有非无效值。
clean_bool length:5
newest best op: Uniop(df,'velocity','11.0',(['thickness'], {(0.00400603,)}),{left: ("[FunctionalDependency:(s: {thickness}, t: {velocity})]", 0.0), operator: *, right: (1.0, 1.0), result: 0.0})
now error: 0.0
newest best op: Uniop(df,'velocity','7711.0',(['thickness'], {(0.00400603,)}),{left: ("[FunctionalDependency:(s: {thickness}, t: {velocity})]", 0.0), operator: *, right: (1.0, 1.0), result: 0.0})
now error: 0.0
newest best op: Uniop(df,'velocity','71.3',(['thickness'], {(0.00400603,)}),{left: ("[FunctionalDependency:(s: {thickness}, t: {velocity})]", 0.0), operator: *, right: (1.0, 1.0), result: 0.0})
now error: 0.0
Block processing time: 0.181272 seconds
Computing Block 66 out of 200
Processing Block size=12
begin cleaner{left: ("[FunctionalDependency:(s: {thickness}, t: {velocity})]", 0.0), operator: *, right: (1.0, 1.0), result: 0.0}
列 'p' 不存在，对列 velocity 不过滤，直接选择所有非无效值。
clean_bool length:3
newest best op: Uniop(df,'velocity','11.0',(['thickness'], {(0.0341183,)}),{left: ("[FunctionalDependency:(s: {thickness}, t: {velocity})]", 0.0), operator: *, right: (1.0, 1.0), result: 0.0})
now error: 0.0
newest best op: Uniop(df,'velocity','71.3',(['thickness'], {(0.0341183,)}),{left: ("[FunctionalDependency:(s: {thickness}, t: {velocity})]", 0.0), operator: *, right: (1.0, 1.0), result: 0.0})
now error: 0.0
Block processing time: 0.092542 seconds
Computing Block 67 out of 200
Processing Block size=15
begin cleaner{left: ("[FunctionalDependency:(s: {thickness}, t: {velocity})]", 0.0), operator: *, right: (1.0, 1.0), result: 0.0}
列 'p' 不存在，对列 velocity 不过滤，直接选择所有非无效值。
clean_bool length:3
newest best op: Uniop(df,'velocity','3399.0',(['thickness'], {(0.0130253,)}),{left: ("[FunctionalDependency:(s: {thickness}, t: {velocity})]", 0.0), operator: *, right: (1.0, 1.0), result: 0.0})
now error: 0.0
newest best op: Uniop(df,'velocity','39.6',(['thickness'], {(0.0130253,)}),{left: ("[FunctionalDependency:(s: {thickness}, t: {velocity})]", 0.0), operator: *, right: (1.0, 1.0), result: 0.0})
now error: 0.0
Block processing time: 0.112775 seconds
Computing Block 68 out of 200
Processing Block size=12
begin cleaner{left: ("[FunctionalDependency:(s: {thickness}, t: {velocity})]", 0.0), operator: *, right: (1.0, 1.0), result: 0.0}
列 'p' 不存在，对列 velocity 不过滤，直接选择所有非无效值。
clean_bool length:3
newest best op: Uniop(df,'velocity','77.0',(['thickness'], {(0.0193001,)}),{left: ("[FunctionalDependency:(s: {thickness}, t: {velocity})]", 0.0), operator: *, right: (1.0, 1.0), result: 0.0})
now error: 0.0
newest best op: Uniop(df,'velocity','71.3',(['thickness'], {(0.0193001,)}),{left: ("[FunctionalDependency:(s: {thickness}, t: {velocity})]", 0.0), operator: *, right: (1.0, 1.0), result: 0.0})
now error: 0.0
Block processing time: 0.092634 seconds
Computing Block 69 out of 200
Processing Block size=16
begin cleaner{left: ("[FunctionalDependency:(s: {thickness}, t: {velocity})]", 0.0), operator: *, right: (1.0, 1.0), result: 0.0}
列 'p' 不存在，对列 velocity 不过滤，直接选择所有非无效值。
clean_bool length:5
newest best op: Uniop(df,'velocity','66.0',(['thickness'], {(0.0584113,)}),{left: ("[FunctionalDependency:(s: {thickness}, t: {velocity})]", 0.0), operator: *, right: (1.0, 1.0), result: 0.0})
now error: 0.0
newest best op: Uniop(df,'velocity','99.0',(['thickness'], {(0.0584113,)}),{left: ("[FunctionalDependency:(s: {thickness}, t: {velocity})]", 0.0), operator: *, right: (1.0, 1.0), result: 0.0})
now error: 0.0
newest best op: Uniop(df,'velocity','39.6',(['thickness'], {(0.0584113,)}),{left: ("[FunctionalDependency:(s: {thickness}, t: {velocity})]", 0.0), operator: *, right: (1.0, 1.0), result: 0.0})
now error: 0.0
Block processing time: 0.205205 seconds
Computing Block 73 out of 200
Processing Block size=16
begin cleaner{left: ("[FunctionalDependency:(s: {thickness}, t: {velocity})]", 0.0), operator: *, right: (1.0, 1.0), result: 0.0}
列 'p' 不存在，对列 velocity 不过滤，直接选择所有非无效值。
clean_bool length:3
newest best op: Uniop(df,'velocity','77.0',(['thickness'], {(0.00497773,)}),{left: ("[FunctionalDependency:(s: {thickness}, t: {velocity})]", 0.0), operator: *, right: (1.0, 1.0), result: 0.0})
now error: 0.0
newest best op: Uniop(df,'velocity','71.3',(['thickness'], {(0.00497773,)}),{left: ("[FunctionalDependency:(s: {thickness}, t: {velocity})]", 0.0), operator: *, right: (1.0, 1.0), result: 0.0})
now error: 0.0
Block processing time: 0.120504 seconds
Computing Block 74 out of 200
Processing Block size=9
begin cleaner{left: ("[FunctionalDependency:(s: {thickness}, t: {velocity})]", 0.0), operator: *, right: (1.0, 1.0), result: 0.0}
列 'p' 不存在，对列 velocity 不过滤，直接选择所有非无效值。
Block processing time: 0.021901 seconds
Computing Block 75 out of 200
Processing Block size=14
begin cleaner{left: ("[FunctionalDependency:(s: {thickness}, t: {velocity})]", 0.0), operator: *, right: (1.0, 1.0), result: 0.0}
列 'p' 不存在，对列 velocity 不过滤，直接选择所有非无效值。
clean_bool length:3
newest best op: Uniop(df,'velocity','33.0',(['thickness'], {(0.00495741,)}),{left: ("[FunctionalDependency:(s: {thickness}, t: {velocity})]", 0.0), operator: *, right: (1.0, 1.0), result: 0.0})
now error: 0.0
newest best op: Uniop(df,'velocity','39.6',(['thickness'], {(0.00495741,)}),{left: ("[FunctionalDependency:(s: {thickness}, t: {velocity})]", 0.0), operator: *, right: (1.0, 1.0), result: 0.0})
now error: 0.0
Block processing time: 0.10588 seconds
Computing Block 76 out of 200
Processing Block size=16
begin cleaner{left: ("[FunctionalDependency:(s: {thickness}, t: {velocity})]", 0.0), operator: *, right: (1.0, 1.0), result: 0.0}
列 'p' 不存在，对列 velocity 不过滤，直接选择所有非无效值。
clean_bool length:2
newest best op: Uniop(df,'velocity','39.6',(['thickness'], {(0.00909175,)}),{left: ("[FunctionalDependency:(s: {thickness}, t: {velocity})]", 0.0), operator: *, right: (1.0, 1.0), result: 0.0})
now error: 0.0
Block processing time: 0.081967 seconds
Computing Block 77 out of 200
Processing Block size=16
begin cleaner{left: ("[FunctionalDependency:(s: {thickness}, t: {velocity})]", 0.0), operator: *, right: (1.0, 1.0), result: 0.0}
列 'p' 不存在，对列 velocity 不过滤，直接选择所有非无效值。
clean_bool length:4
newest best op: Uniop(df,'velocity','7711.0',(['thickness'], {(0.0264269,)}),{left: ("[FunctionalDependency:(s: {thickness}, t: {velocity})]", 0.0), operator: *, right: (1.0, 1.0), result: 0.0})
now error: 0.0
newest best op: Uniop(df,'velocity','71.3',(['thickness'], {(0.0264269,)}),{left: ("[FunctionalDependency:(s: {thickness}, t: {velocity})]", 0.0), operator: *, right: (1.0, 1.0), result: 0.0})
now error: 0.0
Block processing time: 0.163273 seconds
Computing Block 79 out of 200
Processing Block size=16
begin cleaner{left: ("[FunctionalDependency:(s: {thickness}, t: {velocity})]", 0.0), operator: *, right: (1.0, 1.0), result: 0.0}
列 'p' 不存在，对列 velocity 不过滤，直接选择所有非无效值。
clean_bool length:4
newest best op: Uniop(df,'velocity','11.0',(['thickness'], {(0.0337792,)}),{left: ("[FunctionalDependency:(s: {thickness}, t: {velocity})]", 0.0), operator: *, right: (1.0, 1.0), result: 0.0})
now error: 0.0
newest best op: Uniop(df,'velocity','71.3',(['thickness'], {(0.0337792,)}),{left: ("[FunctionalDependency:(s: {thickness}, t: {velocity})]", 0.0), operator: *, right: (1.0, 1.0), result: 0.0})
now error: 0.0
Block processing time: 0.16301 seconds
Computing Block 80 out of 200
Processing Block size=15
begin cleaner{left: ("[FunctionalDependency:(s: {thickness}, t: {velocity})]", 0.0), operator: *, right: (1.0, 1.0), result: 0.0}
列 'p' 不存在，对列 velocity 不过滤，直接选择所有非无效值。
Block processing time: 0.03599 seconds
Computing Block 81 out of 200
Processing Block size=10
begin cleaner{left: ("[FunctionalDependency:(s: {thickness}, t: {velocity})]", 0.0), operator: *, right: (1.0, 1.0), result: 0.0}
列 'p' 不存在，对列 velocity 不过滤，直接选择所有非无效值。
Block processing time: 0.024318 seconds
Computing Block 83 out of 200
Processing Block size=15
begin cleaner{left: ("[FunctionalDependency:(s: {thickness}, t: {velocity})]", 0.0), operator: *, right: (1.0, 1.0), result: 0.0}
列 'p' 不存在，对列 velocity 不过滤，直接选择所有非无效值。
Block processing time: 0.035837 seconds
Computing Block 84 out of 200
Processing Block size=13
begin cleaner{left: ("[FunctionalDependency:(s: {thickness}, t: {velocity})]", 0.0), operator: *, right: (1.0, 1.0), result: 0.0}
列 'p' 不存在，对列 velocity 不过滤，直接选择所有非无效值。
Block processing time: 0.031361 seconds
Computing Block 88 out of 200
Processing Block size=12
begin cleaner{left: ("[FunctionalDependency:(s: {thickness}, t: {velocity})]", 0.0), operator: *, right: (1.0, 1.0), result: 0.0}
列 'p' 不存在，对列 velocity 不过滤，直接选择所有非无效值。
clean_bool length:4
newest best op: Uniop(df,'velocity','0.33',(['thickness'], {(0.00202822,)}),{left: ("[FunctionalDependency:(s: {thickness}, t: {velocity})]", 0.0), operator: *, right: (1.0, 1.0), result: 0.0})
now error: 0.0
newest best op: Uniop(df,'velocity','7733.0',(['thickness'], {(0.00202822,)}),{left: ("[FunctionalDependency:(s: {thickness}, t: {velocity})]", 0.0), operator: *, right: (1.0, 1.0), result: 0.0})
now error: 0.0
newest best op: Uniop(df,'velocity','71.3',(['thickness'], {(0.00202822,)}),{left: ("[FunctionalDependency:(s: {thickness}, t: {velocity})]", 0.0), operator: *, right: (1.0, 1.0), result: 0.0})
now error: 0.0
Block processing time: 0.125703 seconds
Computing Block 89 out of 200
Processing Block size=14
begin cleaner{left: ("[FunctionalDependency:(s: {thickness}, t: {velocity})]", 0.0), operator: *, right: (1.0, 1.0), result: 0.0}
列 'p' 不存在，对列 velocity 不过滤，直接选择所有非无效值。
clean_bool length:5
newest best op: Uniop(df,'velocity','33.0',(['thickness'], {(0.0027238,)}),{left: ("[FunctionalDependency:(s: {thickness}, t: {velocity})]", 0.0), operator: *, right: (1.0, 1.0), result: 0.0})
now error: 0.0
newest best op: Uniop(df,'velocity','31.7',(['thickness'], {(0.0027238,)}),{left: ("[FunctionalDependency:(s: {thickness}, t: {velocity})]", 0.0), operator: *, right: (1.0, 1.0), result: 0.0})
now error: 0.0
Block processing time: 0.180857 seconds
Computing Block 92 out of 200
Processing Block size=10
begin cleaner{left: ("[FunctionalDependency:(s: {thickness}, t: {velocity})]", 0.0), operator: *, right: (1.0, 1.0), result: 0.0}
列 'p' 不存在，对列 velocity 不过滤，直接选择所有非无效值。
clean_bool length:3
newest best op: Uniop(df,'velocity','1177.0',(['thickness'], {(0.00580776,)}),{left: ("[FunctionalDependency:(s: {thickness}, t: {velocity})]", 0.0), operator: *, right: (1.0, 1.0), result: 0.0})
now error: 0.0
newest best op: Uniop(df,'velocity','31.7',(['thickness'], {(0.00580776,)}),{left: ("[FunctionalDependency:(s: {thickness}, t: {velocity})]", 0.0), operator: *, right: (1.0, 1.0), result: 0.0})
now error: 0.0
Block processing time: 0.077636 seconds
Computing Block 93 out of 200
Processing Block size=11
begin cleaner{left: ("[FunctionalDependency:(s: {thickness}, t: {velocity})]", 0.0), operator: *, right: (1.0, 1.0), result: 0.0}
列 'p' 不存在，对列 velocity 不过滤，直接选择所有非无效值。
clean_bool length:4
newest best op: Uniop(df,'velocity','11.0',(['thickness'], {(0.00214345,)}),{left: ("[FunctionalDependency:(s: {thickness}, t: {velocity})]", 0.0), operator: *, right: (1.0, 1.0), result: 0.0})
now error: 0.0
newest best op: Uniop(df,'velocity','71.3',(['thickness'], {(0.00214345,)}),{left: ("[FunctionalDependency:(s: {thickness}, t: {velocity})]", 0.0), operator: *, right: (1.0, 1.0), result: 0.0})
now error: 0.0
Block processing time: 0.114789 seconds
Computing Block 95 out of 200
Processing Block size=11
begin cleaner{left: ("[FunctionalDependency:(s: {thickness}, t: {velocity})]", 0.0), operator: *, right: (1.0, 1.0), result: 0.0}
列 'p' 不存在，对列 velocity 不过滤，直接选择所有非无效值。
clean_bool length:3
newest best op: Uniop(df,'velocity','55.0',(['thickness'], {(0.002211,)}),{left: ("[FunctionalDependency:(s: {thickness}, t: {velocity})]", 0.0), operator: *, right: (1.0, 1.0), result: 0.0})
now error: 0.0
newest best op: Uniop(df,'velocity','55.5',(['thickness'], {(0.002211,)}),{left: ("[FunctionalDependency:(s: {thickness}, t: {velocity})]", 0.0), operator: *, right: (1.0, 1.0), result: 0.0})
now error: 0.0
Block processing time: 0.086329 seconds
Computing Block 96 out of 200
Processing Block size=9
begin cleaner{left: ("[FunctionalDependency:(s: {thickness}, t: {velocity})]", 0.0), operator: *, right: (1.0, 1.0), result: 0.0}
列 'p' 不存在，对列 velocity 不过滤，直接选择所有非无效值。
Block processing time: 0.021994 seconds
Computing Block 97 out of 200
Processing Block size=14
begin cleaner{left: ("[FunctionalDependency:(s: {thickness}, t: {velocity})]", 0.0), operator: *, right: (1.0, 1.0), result: 0.0}
列 'p' 不存在，对列 velocity 不过滤，直接选择所有非无效值。
clean_bool length:3
newest best op: Uniop(df,'velocity','33.0',(['thickness'], {(0.036484,)}),{left: ("[FunctionalDependency:(s: {thickness}, t: {velocity})]", 0.0), operator: *, right: (1.0, 1.0), result: 0.0})
now error: 0.0
newest best op: Uniop(df,'velocity','39.6',(['thickness'], {(0.036484,)}),{left: ("[FunctionalDependency:(s: {thickness}, t: {velocity})]", 0.0), operator: *, right: (1.0, 1.0), result: 0.0})
now error: 0.0
Block processing time: 0.106239 seconds
Computing Block 100 out of 200
Processing Block size=13
begin cleaner{left: ("[FunctionalDependency:(s: {thickness}, t: {velocity})]", 0.0), operator: *, right: (1.0, 1.0), result: 0.0}
列 'p' 不存在，对列 velocity 不过滤，直接选择所有非无效值。
clean_bool length:3
newest best op: Uniop(df,'velocity','55.0',(['thickness'], {(0.00433288,)}),{left: ("[FunctionalDependency:(s: {thickness}, t: {velocity})]", 0.0), operator: *, right: (1.0, 1.0), result: 0.0})
now error: 0.0
newest best op: Uniop(df,'velocity','55.5',(['thickness'], {(0.00433288,)}),{left: ("[FunctionalDependency:(s: {thickness}, t: {velocity})]", 0.0), operator: *, right: (1.0, 1.0), result: 0.0})
now error: 0.0
Block processing time: 0.09892 seconds
Computing Block 102 out of 200
Processing Block size=15
begin cleaner{left: ("[FunctionalDependency:(s: {thickness}, t: {velocity})]", 0.0), operator: *, right: (1.0, 1.0), result: 0.0}
列 'p' 不存在，对列 velocity 不过滤，直接选择所有非无效值。
Block processing time: 0.035808 seconds
Computing Block 103 out of 200
Processing Block size=13
begin cleaner{left: ("[FunctionalDependency:(s: {thickness}, t: {velocity})]", 0.0), operator: *, right: (1.0, 1.0), result: 0.0}
列 'p' 不存在，对列 velocity 不过滤，直接选择所有非无效值。
clean_bool length:4
newest best op: Uniop(df,'velocity','1177.0',(['thickness'], {(8.12164,)}),{left: ("[FunctionalDependency:(s: {thickness}, t: {velocity})]", 0.0), operator: *, right: (1.0, 1.0), result: 0.0})
now error: 0.0
newest best op: Uniop(df,'velocity','3311.0',(['thickness'], {(8.12164,)}),{left: ("[FunctionalDependency:(s: {thickness}, t: {velocity})]", 0.0), operator: *, right: (1.0, 1.0), result: 0.0})
now error: 0.0
newest best op: Uniop(df,'velocity','31.7',(['thickness'], {(8.12164,)}),{left: ("[FunctionalDependency:(s: {thickness}, t: {velocity})]", 0.0), operator: *, right: (1.0, 1.0), result: 0.0})
now error: 0.0
Block processing time: 0.133744 seconds
Computing Block 106 out of 200
Processing Block size=14
begin cleaner{left: ("[FunctionalDependency:(s: {thickness}, t: {velocity})]", 0.0), operator: *, right: (1.0, 1.0), result: 0.0}
列 'p' 不存在，对列 velocity 不过滤，直接选择所有非无效值。
clean_bool length:3
newest best op: Uniop(df,'velocity','33.0',(['thickness'], {(0.0172206,)}),{left: ("[FunctionalDependency:(s: {thickness}, t: {velocity})]", 0.0), operator: *, right: (1.0, 1.0), result: 0.0})
now error: 0.0
newest best op: Uniop(df,'velocity','39.6',(['thickness'], {(0.0172206,)}),{left: ("[FunctionalDependency:(s: {thickness}, t: {velocity})]", 0.0), operator: *, right: (1.0, 1.0), result: 0.0})
now error: 0.0
Block processing time: 0.105837 seconds
Computing Block 111 out of 200
Processing Block size=15
begin cleaner{left: ("[FunctionalDependency:(s: {thickness}, t: {velocity})]", 0.0), operator: *, right: (1.0, 1.0), result: 0.0}
列 'p' 不存在，对列 velocity 不过滤，直接选择所有非无效值。
clean_bool length:3
newest best op: Uniop(df,'velocity','33.0',(['thickness'], {(0.016104,)}),{left: ("[FunctionalDependency:(s: {thickness}, t: {velocity})]", 0.0), operator: *, right: (1.0, 1.0), result: 0.0})
now error: 0.0
newest best op: Uniop(df,'velocity','71.3',(['thickness'], {(0.016104,)}),{left: ("[FunctionalDependency:(s: {thickness}, t: {velocity})]", 0.0), operator: *, right: (1.0, 1.0), result: 0.0})
now error: 0.0
Block processing time: 0.113399 seconds
Computing Block 112 out of 200
Processing Block size=10
begin cleaner{left: ("[FunctionalDependency:(s: {thickness}, t: {velocity})]", 0.0), operator: *, right: (1.0, 1.0), result: 0.0}
列 'p' 不存在，对列 velocity 不过滤，直接选择所有非无效值。
clean_bool length:4
newest best op: Uniop(df,'velocity','5555.0',(['thickness'], {(8.73218,)}),{left: ("[FunctionalDependency:(s: {thickness}, t: {velocity})]", 0.0), operator: *, right: (1.0, 1.0), result: 0.0})
now error: 0.0
newest best op: Uniop(df,'velocity','55.0',(['thickness'], {(8.73218,)}),{left: ("[FunctionalDependency:(s: {thickness}, t: {velocity})]", 0.0), operator: *, right: (1.0, 1.0), result: 0.0})
now error: 0.0
newest best op: Uniop(df,'velocity','55.5',(['thickness'], {(8.73218,)}),{left: ("[FunctionalDependency:(s: {thickness}, t: {velocity})]", 0.0), operator: *, right: (1.0, 1.0), result: 0.0})
now error: 0.0
Block processing time: 0.104224 seconds
Computing Block 115 out of 200
Processing Block size=11
begin cleaner{left: ("[FunctionalDependency:(s: {thickness}, t: {velocity})]", 0.0), operator: *, right: (1.0, 1.0), result: 0.0}
列 'p' 不存在，对列 velocity 不过滤，直接选择所有非无效值。
clean_bool length:3
newest best op: Uniop(df,'velocity','5555.0',(['thickness'], {(0.00131983,)}),{left: ("[FunctionalDependency:(s: {thickness}, t: {velocity})]", 0.0), operator: *, right: (1.0, 1.0), result: 0.0})
now error: 0.0
newest best op: Uniop(df,'velocity','55.5',(['thickness'], {(0.00131983,)}),{left: ("[FunctionalDependency:(s: {thickness}, t: {velocity})]", 0.0), operator: *, right: (1.0, 1.0), result: 0.0})
now error: 0.0
Block processing time: 0.084228 seconds
Computing Block 116 out of 200
Processing Block size=11
begin cleaner{left: ("[FunctionalDependency:(s: {thickness}, t: {velocity})]", 0.0), operator: *, right: (1.0, 1.0), result: 0.0}
列 'p' 不存在，对列 velocity 不过滤，直接选择所有非无效值。
clean_bool length:3
newest best op: Uniop(df,'velocity','99.0',(['thickness'], {(0.00146332,)}),{left: ("[FunctionalDependency:(s: {thickness}, t: {velocity})]", 0.0), operator: *, right: (1.0, 1.0), result: 0.0})
now error: 0.0
newest best op: Uniop(df,'velocity','39.6',(['thickness'], {(0.00146332,)}),{left: ("[FunctionalDependency:(s: {thickness}, t: {velocity})]", 0.0), operator: *, right: (1.0, 1.0), result: 0.0})
now error: 0.0
Block processing time: 0.084367 seconds
Computing Block 117 out of 200
Processing Block size=9
begin cleaner{left: ("[FunctionalDependency:(s: {thickness}, t: {velocity})]", 0.0), operator: *, right: (1.0, 1.0), result: 0.0}
列 'p' 不存在，对列 velocity 不过滤，直接选择所有非无效值。
clean_bool length:4
newest best op: Uniop(df,'velocity','0.66',(['thickness'], {(0.00473801,)}),{left: ("[FunctionalDependency:(s: {thickness}, t: {velocity})]", 0.0), operator: *, right: (1.0, 1.0), result: 0.0})
now error: 0.0
newest best op: Uniop(df,'velocity','99.0',(['thickness'], {(0.00473801,)}),{left: ("[FunctionalDependency:(s: {thickness}, t: {velocity})]", 0.0), operator: *, right: (1.0, 1.0), result: 0.0})
now error: 0.0
newest best op: Uniop(df,'velocity','39.6',(['thickness'], {(0.00473801,)}),{left: ("[FunctionalDependency:(s: {thickness}, t: {velocity})]", 0.0), operator: *, right: (1.0, 1.0), result: 0.0})
now error: 0.0
Block processing time: 0.094686 seconds
Computing Block 119 out of 200
Processing Block size=16
begin cleaner{left: ("[FunctionalDependency:(s: {thickness}, t: {velocity})]", 0.0), operator: *, right: (1.0, 1.0), result: 0.0}
列 'p' 不存在，对列 velocity 不过滤，直接选择所有非无效值。
clean_bool length:5
newest best op: Uniop(df,'velocity','3311.0',(['thickness'], {(0.00331266,)}),{left: ("[FunctionalDependency:(s: {thickness}, t: {velocity})]", 0.0), operator: *, right: (1.0, 1.0), result: 0.0})
now error: 0.0
newest best op: Uniop(df,'velocity','31.7',(['thickness'], {(0.00331266,)}),{left: ("[FunctionalDependency:(s: {thickness}, t: {velocity})]", 0.0), operator: *, right: (1.0, 1.0), result: 0.0})
now error: 0.0
Block processing time: 0.209546 seconds
Computing Block 124 out of 200
Processing Block size=2
begin cleaner{left: ("[FunctionalDependency:(s: {thickness}, t: {velocity})]", 0.0), operator: *, right: (1.0, 1.0), result: 0.0}
列 'p' 不存在，对列 velocity 不过滤，直接选择所有非无效值。
Block processing time: 0.005581 seconds
Computing Block 128 out of 200
Processing Block size=14
begin cleaner{left: ("[FunctionalDependency:(s: {thickness}, t: {velocity})]", 0.0), operator: *, right: (1.0, 1.0), result: 0.0}
列 'p' 不存在，对列 velocity 不过滤，直接选择所有非无效值。
clean_bool length:5
newest best op: Uniop(df,'velocity','33.0',(['thickness'], {(0.00614329,)}),{left: ("[FunctionalDependency:(s: {thickness}, t: {velocity})]", 0.0), operator: *, right: (1.0, 1.0), result: 0.0})
now error: 0.0
newest best op: Uniop(df,'velocity','3399.0',(['thickness'], {(0.00614329,)}),{left: ("[FunctionalDependency:(s: {thickness}, t: {velocity})]", 0.0), operator: *, right: (1.0, 1.0), result: 0.0})
now error: 0.0
newest best op: Uniop(df,'velocity','39.6',(['thickness'], {(0.00614329,)}),{left: ("[FunctionalDependency:(s: {thickness}, t: {velocity})]", 0.0), operator: *, right: (1.0, 1.0), result: 0.0})
now error: 0.0
Block processing time: 0.18073 seconds
Computing Block 129 out of 200
Processing Block size=12
begin cleaner{left: ("[FunctionalDependency:(s: {thickness}, t: {velocity})]", 0.0), operator: *, right: (1.0, 1.0), result: 0.0}
列 'p' 不存在，对列 velocity 不过滤，直接选择所有非无效值。
clean_bool length:4
newest best op: Uniop(df,'velocity','11.0',(['thickness'], {(0.014072,)}),{left: ("[FunctionalDependency:(s: {thickness}, t: {velocity})]", 0.0), operator: *, right: (1.0, 1.0), result: 0.0})
now error: 0.0
newest best op: Uniop(df,'velocity','71.3',(['thickness'], {(0.014072,)}),{left: ("[FunctionalDependency:(s: {thickness}, t: {velocity})]", 0.0), operator: *, right: (1.0, 1.0), result: 0.0})
now error: 0.0
Block processing time: 0.124541 seconds
Computing Block 130 out of 200
Processing Block size=14
begin cleaner{left: ("[FunctionalDependency:(s: {thickness}, t: {velocity})]", 0.0), operator: *, right: (1.0, 1.0), result: 0.0}
列 'p' 不存在，对列 velocity 不过滤，直接选择所有非无效值。
clean_bool length:3
newest best op: Uniop(df,'velocity','3399.0',(['thickness'], {(0.00253511,)}),{left: ("[FunctionalDependency:(s: {thickness}, t: {velocity})]", 0.0), operator: *, right: (1.0, 1.0), result: 0.0})
now error: 0.0
newest best op: Uniop(df,'velocity','39.6',(['thickness'], {(0.00253511,)}),{left: ("[FunctionalDependency:(s: {thickness}, t: {velocity})]", 0.0), operator: *, right: (1.0, 1.0), result: 0.0})
now error: 0.0
Block processing time: 0.106645 seconds
Computing Block 131 out of 200
Processing Block size=7
begin cleaner{left: ("[FunctionalDependency:(s: {thickness}, t: {velocity})]", 0.0), operator: *, right: (1.0, 1.0), result: 0.0}
列 'p' 不存在，对列 velocity 不过滤，直接选择所有非无效值。
Block processing time: 0.017285 seconds
Computing Block 132 out of 200
Processing Block size=14
begin cleaner{left: ("[FunctionalDependency:(s: {thickness}, t: {velocity})]", 0.0), operator: *, right: (1.0, 1.0), result: 0.0}
列 'p' 不存在，对列 velocity 不过滤，直接选择所有非无效值。
Block processing time: 0.033495 seconds
Computing Block 133 out of 200
Processing Block size=13
begin cleaner{left: ("[FunctionalDependency:(s: {thickness}, t: {velocity})]", 0.0), operator: *, right: (1.0, 1.0), result: 0.0}
列 'p' 不存在，对列 velocity 不过滤，直接选择所有非无效值。
clean_bool length:3
newest best op: Uniop(df,'velocity','77.0',(['thickness'], {(7.40478,)}),{left: ("[FunctionalDependency:(s: {thickness}, t: {velocity})]", 0.0), operator: *, right: (1.0, 1.0), result: 0.0})
now error: 0.0
newest best op: Uniop(df,'velocity','71.3',(['thickness'], {(7.40478,)}),{left: ("[FunctionalDependency:(s: {thickness}, t: {velocity})]", 0.0), operator: *, right: (1.0, 1.0), result: 0.0})
now error: 0.0
Block processing time: 0.098409 seconds
Computing Block 134 out of 200
Processing Block size=8
begin cleaner{left: ("[FunctionalDependency:(s: {thickness}, t: {velocity})]", 0.0), operator: *, right: (1.0, 1.0), result: 0.0}
列 'p' 不存在，对列 velocity 不过滤，直接选择所有非无效值。
Block processing time: 0.019776 seconds
Computing Block 135 out of 200
Processing Block size=16
begin cleaner{left: ("[FunctionalDependency:(s: {thickness}, t: {velocity})]", 0.0), operator: *, right: (1.0, 1.0), result: 0.0}
列 'p' 不存在，对列 velocity 不过滤，直接选择所有非无效值。
clean_bool length:4
newest best op: Uniop(df,'velocity','7711.0',(['thickness'], {(0.0103088,)}),{left: ("[FunctionalDependency:(s: {thickness}, t: {velocity})]", 0.0), operator: *, right: (1.0, 1.0), result: 0.0})
now error: 0.0
newest best op: Uniop(df,'velocity','71.3',(['thickness'], {(0.0103088,)}),{left: ("[FunctionalDependency:(s: {thickness}, t: {velocity})]", 0.0), operator: *, right: (1.0, 1.0), result: 0.0})
now error: 0.0
Block processing time: 0.162989 seconds
Computing Block 138 out of 200
Processing Block size=22
begin cleaner{left: ("[FunctionalDependency:(s: {thickness}, t: {velocity})]", 0.0), operator: *, right: (1.0, 1.0), result: 0.0}
列 'p' 不存在，对列 velocity 不过滤，直接选择所有非无效值。
clean_bool length:6
newest best op: Uniop(df,'velocity','71.3',(['thickness'], {(0.00529514,)}),{left: ("[FunctionalDependency:(s: {thickness}, t: {velocity})]", 0.0), operator: *, right: (1.0, 1.0), result: 0.0})
now error: 0.0
newest best op: Uniop(df,'velocity','31.7',(['thickness'], {(0.00529514,)}),{left: ("[FunctionalDependency:(s: {thickness}, t: {velocity})]", 0.0), operator: *, right: (1.0, 1.0), result: 0.0})
now error: 0.0
Block processing time: 0.338658 seconds
Computing Block 139 out of 200
Processing Block size=12
begin cleaner{left: ("[FunctionalDependency:(s: {thickness}, t: {velocity})]", 0.0), operator: *, right: (1.0, 1.0), result: 0.0}
列 'p' 不存在，对列 velocity 不过滤，直接选择所有非无效值。
clean_bool length:3
newest best op: Uniop(df,'velocity','55.0',(['thickness'], {(0.00544854,)}),{left: ("[FunctionalDependency:(s: {thickness}, t: {velocity})]", 0.0), operator: *, right: (1.0, 1.0), result: 0.0})
now error: 0.0
newest best op: Uniop(df,'velocity','55.5',(['thickness'], {(0.00544854,)}),{left: ("[FunctionalDependency:(s: {thickness}, t: {velocity})]", 0.0), operator: *, right: (1.0, 1.0), result: 0.0})
now error: 0.0
Block processing time: 0.091553 seconds
Computing Block 140 out of 200
Processing Block size=13
begin cleaner{left: ("[FunctionalDependency:(s: {thickness}, t: {velocity})]", 0.0), operator: *, right: (1.0, 1.0), result: 0.0}
列 'p' 不存在，对列 velocity 不过滤，直接选择所有非无效值。
clean_bool length:4
newest best op: Uniop(df,'velocity','33.0',(['thickness'], {(0.0408268,)}),{left: ("[FunctionalDependency:(s: {thickness}, t: {velocity})]", 0.0), operator: *, right: (1.0, 1.0), result: 0.0})
now error: 0.0
newest best op: Uniop(df,'velocity','39.6',(['thickness'], {(0.0408268,)}),{left: ("[FunctionalDependency:(s: {thickness}, t: {velocity})]", 0.0), operator: *, right: (1.0, 1.0), result: 0.0})
now error: 0.0
Block processing time: 0.133336 seconds
Computing Block 141 out of 200
Processing Block size=13
begin cleaner{left: ("[FunctionalDependency:(s: {thickness}, t: {velocity})]", 0.0), operator: *, right: (1.0, 1.0), result: 0.0}
列 'p' 不存在，对列 velocity 不过滤，直接选择所有非无效值。
clean_bool length:3
newest best op: Uniop(df,'velocity','11.0',(['thickness'], {(0.0437259,)}),{left: ("[FunctionalDependency:(s: {thickness}, t: {velocity})]", 0.0), operator: *, right: (1.0, 1.0), result: 0.0})
now error: 0.0
newest best op: Uniop(df,'velocity','71.3',(['thickness'], {(0.0437259,)}),{left: ("[FunctionalDependency:(s: {thickness}, t: {velocity})]", 0.0), operator: *, right: (1.0, 1.0), result: 0.0})
now error: 0.0
Block processing time: 0.099151 seconds
Computing Block 142 out of 200
Processing Block size=13
begin cleaner{left: ("[FunctionalDependency:(s: {thickness}, t: {velocity})]", 0.0), operator: *, right: (1.0, 1.0), result: 0.0}
列 'p' 不存在，对列 velocity 不过滤，直接选择所有非无效值。
Block processing time: 0.031205 seconds
Computing Block 143 out of 200
Processing Block size=14
begin cleaner{left: ("[FunctionalDependency:(s: {thickness}, t: {velocity})]", 0.0), operator: *, right: (1.0, 1.0), result: 0.0}
列 'p' 不存在，对列 velocity 不过滤，直接选择所有非无效值。
clean_bool length:5
newest best op: Uniop(df,'velocity','0.33',(['thickness'], {(0.00752039,)}),{left: ("[FunctionalDependency:(s: {thickness}, t: {velocity})]", 0.0), operator: *, right: (1.0, 1.0), result: 0.0})
now error: 0.0
newest best op: Uniop(df,'velocity','77.0',(['thickness'], {(0.00752039,)}),{left: ("[FunctionalDependency:(s: {thickness}, t: {velocity})]", 0.0), operator: *, right: (1.0, 1.0), result: 0.0})
now error: 0.0
newest best op: Uniop(df,'velocity','71.3',(['thickness'], {(0.00752039,)}),{left: ("[FunctionalDependency:(s: {thickness}, t: {velocity})]", 0.0), operator: *, right: (1.0, 1.0), result: 0.0})
now error: 0.0
Block processing time: 0.181492 seconds
Computing Block 145 out of 200
Processing Block size=14
begin cleaner{left: ("[FunctionalDependency:(s: {thickness}, t: {velocity})]", 0.0), operator: *, right: (1.0, 1.0), result: 0.0}
列 'p' 不存在，对列 velocity 不过滤，直接选择所有非无效值。
clean_bool length:3
newest best op: Uniop(df,'velocity','33.0',(['thickness'], {(0.0252785,)}),{left: ("[FunctionalDependency:(s: {thickness}, t: {velocity})]", 0.0), operator: *, right: (1.0, 1.0), result: 0.0})
now error: 0.0
newest best op: Uniop(df,'velocity','31.7',(['thickness'], {(0.0252785,)}),{left: ("[FunctionalDependency:(s: {thickness}, t: {velocity})]", 0.0), operator: *, right: (1.0, 1.0), result: 0.0})
now error: 0.0
Block processing time: 0.106264 seconds
Computing Block 146 out of 200
Processing Block size=8
begin cleaner{left: ("[FunctionalDependency:(s: {thickness}, t: {velocity})]", 0.0), operator: *, right: (1.0, 1.0), result: 0.0}
列 'p' 不存在，对列 velocity 不过滤，直接选择所有非无效值。
Block processing time: 0.019653 seconds
Computing Block 149 out of 200
Processing Block size=15
begin cleaner{left: ("[FunctionalDependency:(s: {thickness}, t: {velocity})]", 0.0), operator: *, right: (1.0, 1.0), result: 0.0}
列 'p' 不存在，对列 velocity 不过滤，直接选择所有非无效值。
clean_bool length:3
newest best op: Uniop(df,'velocity','339966.0',(['thickness'], {(0.0528487,)}),{left: ("[FunctionalDependency:(s: {thickness}, t: {velocity})]", 0.0), operator: *, right: (1.0, 1.0), result: 0.0})
now error: 0.0
newest best op: Uniop(df,'velocity','39.6',(['thickness'], {(0.0528487,)}),{left: ("[FunctionalDependency:(s: {thickness}, t: {velocity})]", 0.0), operator: *, right: (1.0, 1.0), result: 0.0})
now error: 0.0
Block processing time: 0.112933 seconds
Computing Block 151 out of 200
Processing Block size=18
begin cleaner{left: ("[FunctionalDependency:(s: {thickness}, t: {velocity})]", 0.0), operator: *, right: (1.0, 1.0), result: 0.0}
列 'p' 不存在，对列 velocity 不过滤，直接选择所有非无效值。
Block processing time: 0.042942 seconds
Computing Block 152 out of 200
Processing Block size=13
begin cleaner{left: ("[FunctionalDependency:(s: {thickness}, t: {velocity})]", 0.0), operator: *, right: (1.0, 1.0), result: 0.0}
列 'p' 不存在，对列 velocity 不过滤，直接选择所有非无效值。
clean_bool length:3
newest best op: Uniop(df,'velocity','7711.0',(['thickness'], {(0.00336729,)}),{left: ("[FunctionalDependency:(s: {thickness}, t: {velocity})]", 0.0), operator: *, right: (1.0, 1.0), result: 0.0})
now error: 0.0
newest best op: Uniop(df,'velocity','71.3',(['thickness'], {(0.00336729,)}),{left: ("[FunctionalDependency:(s: {thickness}, t: {velocity})]", 0.0), operator: *, right: (1.0, 1.0), result: 0.0})
now error: 0.0
Block processing time: 0.100331 seconds
Computing Block 153 out of 200
Processing Block size=13
begin cleaner{left: ("[FunctionalDependency:(s: {thickness}, t: {velocity})]", 0.0), operator: *, right: (1.0, 1.0), result: 0.0}
列 'p' 不存在，对列 velocity 不过滤，直接选择所有非无效值。
clean_bool length:3
newest best op: Uniop(df,'velocity','11.0',(['thickness'], {(0.0418756,)}),{left: ("[FunctionalDependency:(s: {thickness}, t: {velocity})]", 0.0), operator: *, right: (1.0, 1.0), result: 0.0})
now error: 0.0
newest best op: Uniop(df,'velocity','31.7',(['thickness'], {(0.0418756,)}),{left: ("[FunctionalDependency:(s: {thickness}, t: {velocity})]", 0.0), operator: *, right: (1.0, 1.0), result: 0.0})
now error: 0.0
Block processing time: 0.098557 seconds
Computing Block 154 out of 200
Processing Block size=12
begin cleaner{left: ("[FunctionalDependency:(s: {thickness}, t: {velocity})]", 0.0), operator: *, right: (1.0, 1.0), result: 0.0}
列 'p' 不存在，对列 velocity 不过滤，直接选择所有非无效值。
clean_bool length:4
newest best op: Uniop(df,'velocity','11.0',(['thickness'], {(0.0015988,)}),{left: ("[FunctionalDependency:(s: {thickness}, t: {velocity})]", 0.0), operator: *, right: (1.0, 1.0), result: 0.0})
now error: 0.0
newest best op: Uniop(df,'velocity','71.3',(['thickness'], {(0.0015988,)}),{left: ("[FunctionalDependency:(s: {thickness}, t: {velocity})]", 0.0), operator: *, right: (1.0, 1.0), result: 0.0})
now error: 0.0
Block processing time: 0.123497 seconds
Computing Block 160 out of 200
Processing Block size=11
begin cleaner{left: ("[FunctionalDependency:(s: {thickness}, t: {velocity})]", 0.0), operator: *, right: (1.0, 1.0), result: 0.0}
列 'p' 不存在，对列 velocity 不过滤，直接选择所有非无效值。
clean_bool length:3
newest best op: Uniop(df,'velocity','5555.0',(['thickness'], {(0.0043284,)}),{left: ("[FunctionalDependency:(s: {thickness}, t: {velocity})]", 0.0), operator: *, right: (1.0, 1.0), result: 0.0})
now error: 0.0
newest best op: Uniop(df,'velocity','55.5',(['thickness'], {(0.0043284,)}),{left: ("[FunctionalDependency:(s: {thickness}, t: {velocity})]", 0.0), operator: *, right: (1.0, 1.0), result: 0.0})
now error: 0.0
Block processing time: 0.08456 seconds
Computing Block 161 out of 200
Processing Block size=15
begin cleaner{left: ("[FunctionalDependency:(s: {thickness}, t: {velocity})]", 0.0), operator: *, right: (1.0, 1.0), result: 0.0}
列 'p' 不存在，对列 velocity 不过滤，直接选择所有非无效值。
clean_bool length:4
newest best op: Uniop(df,'velocity','0.55',(['thickness'], {(0.0271925,)}),{left: ("[FunctionalDependency:(s: {thickness}, t: {velocity})]", 0.0), operator: *, right: (1.0, 1.0), result: 0.0})
now error: 0.0
newest best op: Uniop(df,'velocity','55.0',(['thickness'], {(0.0271925,)}),{left: ("[FunctionalDependency:(s: {thickness}, t: {velocity})]", 0.0), operator: *, right: (1.0, 1.0), result: 0.0})
now error: 0.0
newest best op: Uniop(df,'velocity','55.5',(['thickness'], {(0.0271925,)}),{left: ("[FunctionalDependency:(s: {thickness}, t: {velocity})]", 0.0), operator: *, right: (1.0, 1.0), result: 0.0})
now error: 0.0
Block processing time: 0.152361 seconds
Computing Block 162 out of 200
Processing Block size=13
begin cleaner{left: ("[FunctionalDependency:(s: {thickness}, t: {velocity})]", 0.0), operator: *, right: (1.0, 1.0), result: 0.0}
列 'p' 不存在，对列 velocity 不过滤，直接选择所有非无效值。
clean_bool length:4
newest best op: Uniop(df,'velocity','66.0',(['thickness'], {(9.07475,)}),{left: ("[FunctionalDependency:(s: {thickness}, t: {velocity})]", 0.0), operator: *, right: (1.0, 1.0), result: 0.0})
now error: 0.0
newest best op: Uniop(df,'velocity','9966.0',(['thickness'], {(9.07475,)}),{left: ("[FunctionalDependency:(s: {thickness}, t: {velocity})]", 0.0), operator: *, right: (1.0, 1.0), result: 0.0})
now error: 0.0
newest best op: Uniop(df,'velocity','39.6',(['thickness'], {(9.07475,)}),{left: ("[FunctionalDependency:(s: {thickness}, t: {velocity})]", 0.0), operator: *, right: (1.0, 1.0), result: 0.0})
now error: 0.0
Block processing time: 0.132942 seconds
Computing Block 163 out of 200
Processing Block size=14
begin cleaner{left: ("[FunctionalDependency:(s: {thickness}, t: {velocity})]", 0.0), operator: *, right: (1.0, 1.0), result: 0.0}
列 'p' 不存在，对列 velocity 不过滤，直接选择所有非无效值。
clean_bool length:3
newest best op: Uniop(df,'velocity','55.0',(['thickness'], {(0.00283081,)}),{left: ("[FunctionalDependency:(s: {thickness}, t: {velocity})]", 0.0), operator: *, right: (1.0, 1.0), result: 0.0})
now error: 0.0
newest best op: Uniop(df,'velocity','55.5',(['thickness'], {(0.00283081,)}),{left: ("[FunctionalDependency:(s: {thickness}, t: {velocity})]", 0.0), operator: *, right: (1.0, 1.0), result: 0.0})
now error: 0.0
Block processing time: 0.105895 seconds
Computing Block 165 out of 200
Processing Block size=3
begin cleaner{left: ("[FunctionalDependency:(s: {thickness}, t: {velocity})]", 0.0), operator: *, right: (1.0, 1.0), result: 0.0}
列 'p' 不存在，对列 velocity 不过滤，直接选择所有非无效值。
clean_bool length:3
newest best op: Uniop(df,'velocity','71.3',(['thickness'], {(3377.0,)}),{left: ("[FunctionalDependency:(s: {thickness}, t: {velocity})]", 0.0), operator: *, right: (1.0, 1.0), result: 0.0})
now error: 0.0
newest best op: Uniop(df,'velocity','31.7',(['thickness'], {(3377.0,)}),{left: ("[FunctionalDependency:(s: {thickness}, t: {velocity})]", 0.0), operator: *, right: (1.0, 1.0), result: 0.0})
now error: 0.0
Block processing time: 0.026365 seconds
Computing Block 166 out of 200
Processing Block size=14
begin cleaner{left: ("[FunctionalDependency:(s: {thickness}, t: {velocity})]", 0.0), operator: *, right: (1.0, 1.0), result: 0.0}
列 'p' 不存在，对列 velocity 不过滤，直接选择所有非无效值。
clean_bool length:4
newest best op: Uniop(df,'velocity','33.0',(['thickness'], {(0.00579636,)}),{left: ("[FunctionalDependency:(s: {thickness}, t: {velocity})]", 0.0), operator: *, right: (1.0, 1.0), result: 0.0})
now error: 0.0
newest best op: Uniop(df,'velocity','39.6',(['thickness'], {(0.00579636,)}),{left: ("[FunctionalDependency:(s: {thickness}, t: {velocity})]", 0.0), operator: *, right: (1.0, 1.0), result: 0.0})
now error: 0.0
Block processing time: 0.143218 seconds
Computing Block 168 out of 200
Processing Block size=15
begin cleaner{left: ("[FunctionalDependency:(s: {thickness}, t: {velocity})]", 0.0), operator: *, right: (1.0, 1.0), result: 0.0}
列 'p' 不存在，对列 velocity 不过滤，直接选择所有非无效值。
clean_bool length:3
newest best op: Uniop(df,'velocity','55.0',(['thickness'], {(0.00172668,)}),{left: ("[FunctionalDependency:(s: {thickness}, t: {velocity})]", 0.0), operator: *, right: (1.0, 1.0), result: 0.0})
now error: 0.0
newest best op: Uniop(df,'velocity','55.5',(['thickness'], {(0.00172668,)}),{left: ("[FunctionalDependency:(s: {thickness}, t: {velocity})]", 0.0), operator: *, right: (1.0, 1.0), result: 0.0})
now error: 0.0
Block processing time: 0.113696 seconds
Computing Block 169 out of 200
Processing Block size=11
begin cleaner{left: ("[FunctionalDependency:(s: {thickness}, t: {velocity})]", 0.0), operator: *, right: (1.0, 1.0), result: 0.0}
列 'p' 不存在，对列 velocity 不过滤，直接选择所有非无效值。
clean_bool length:3
newest best op: Uniop(df,'velocity','3311.0',(['thickness'], {(0.00525474,)}),{left: ("[FunctionalDependency:(s: {thickness}, t: {velocity})]", 0.0), operator: *, right: (1.0, 1.0), result: 0.0})
now error: 0.0
newest best op: Uniop(df,'velocity','31.7',(['thickness'], {(0.00525474,)}),{left: ("[FunctionalDependency:(s: {thickness}, t: {velocity})]", 0.0), operator: *, right: (1.0, 1.0), result: 0.0})
now error: 0.0
Block processing time: 0.085379 seconds
Computing Block 170 out of 200
Processing Block size=10
begin cleaner{left: ("[FunctionalDependency:(s: {thickness}, t: {velocity})]", 0.0), operator: *, right: (1.0, 1.0), result: 0.0}
列 'p' 不存在，对列 velocity 不过滤，直接选择所有非无效值。
Block processing time: 0.024313 seconds
Computing Block 172 out of 200
Processing Block size=12
begin cleaner{left: ("[FunctionalDependency:(s: {thickness}, t: {velocity})]", 0.0), operator: *, right: (1.0, 1.0), result: 0.0}
列 'p' 不存在，对列 velocity 不过滤，直接选择所有非无效值。
clean_bool length:4
newest best op: Uniop(df,'velocity','0.66',(['thickness'], {(0.00245138,)}),{left: ("[FunctionalDependency:(s: {thickness}, t: {velocity})]", 0.0), operator: *, right: (1.0, 1.0), result: 0.0})
now error: 0.0
newest best op: Uniop(df,'velocity','3399.0',(['thickness'], {(0.00245138,)}),{left: ("[FunctionalDependency:(s: {thickness}, t: {velocity})]", 0.0), operator: *, right: (1.0, 1.0), result: 0.0})
now error: 0.0
newest best op: Uniop(df,'velocity','39.6',(['thickness'], {(0.00245138,)}),{left: ("[FunctionalDependency:(s: {thickness}, t: {velocity})]", 0.0), operator: *, right: (1.0, 1.0), result: 0.0})
now error: 0.0
Block processing time: 0.123008 seconds
Computing Block 173 out of 200
Processing Block size=13
begin cleaner{left: ("[FunctionalDependency:(s: {thickness}, t: {velocity})]", 0.0), operator: *, right: (1.0, 1.0), result: 0.0}
列 'p' 不存在，对列 velocity 不过滤，直接选择所有非无效值。
clean_bool length:3
newest best op: Uniop(df,'velocity','5555.0',(['thickness'], {(0.0042862,)}),{left: ("[FunctionalDependency:(s: {thickness}, t: {velocity})]", 0.0), operator: *, right: (1.0, 1.0), result: 0.0})
now error: 0.0
newest best op: Uniop(df,'velocity','55.5',(['thickness'], {(0.0042862,)}),{left: ("[FunctionalDependency:(s: {thickness}, t: {velocity})]", 0.0), operator: *, right: (1.0, 1.0), result: 0.0})
now error: 0.0
Block processing time: 0.098555 seconds
Computing Block 175 out of 200
Processing Block size=9
begin cleaner{left: ("[FunctionalDependency:(s: {thickness}, t: {velocity})]", 0.0), operator: *, right: (1.0, 1.0), result: 0.0}
列 'p' 不存在，对列 velocity 不过滤，直接选择所有非无效值。
clean_bool length:3
newest best op: Uniop(df,'velocity','11.0',(['thickness'], {(0.00251435,)}),{left: ("[FunctionalDependency:(s: {thickness}, t: {velocity})]", 0.0), operator: *, right: (1.0, 1.0), result: 0.0})
now error: 0.0
newest best op: Uniop(df,'velocity','31.7',(['thickness'], {(0.00251435,)}),{left: ("[FunctionalDependency:(s: {thickness}, t: {velocity})]", 0.0), operator: *, right: (1.0, 1.0), result: 0.0})
now error: 0.0
Block processing time: 0.069837 seconds
Computing Block 176 out of 200
Processing Block size=15
begin cleaner{left: ("[FunctionalDependency:(s: {thickness}, t: {velocity})]", 0.0), operator: *, right: (1.0, 1.0), result: 0.0}
列 'p' 不存在，对列 velocity 不过滤，直接选择所有非无效值。
Block processing time: 0.035834 seconds
Computing Block 177 out of 200
Processing Block size=15
begin cleaner{left: ("[FunctionalDependency:(s: {thickness}, t: {velocity})]", 0.0), operator: *, right: (1.0, 1.0), result: 0.0}
列 'p' 不存在，对列 velocity 不过滤，直接选择所有非无效值。
clean_bool length:4
newest best op: Uniop(df,'velocity','5555.0',(['thickness'], {(0.0165706,)}),{left: ("[FunctionalDependency:(s: {thickness}, t: {velocity})]", 0.0), operator: *, right: (1.0, 1.0), result: 0.0})
now error: 0.0
newest best op: Uniop(df,'velocity','55.0',(['thickness'], {(0.0165706,)}),{left: ("[FunctionalDependency:(s: {thickness}, t: {velocity})]", 0.0), operator: *, right: (1.0, 1.0), result: 0.0})
now error: 0.0
newest best op: Uniop(df,'velocity','55.5',(['thickness'], {(0.0165706,)}),{left: ("[FunctionalDependency:(s: {thickness}, t: {velocity})]", 0.0), operator: *, right: (1.0, 1.0), result: 0.0})
now error: 0.0
Block processing time: 0.152501 seconds
Computing Block 178 out of 200
Processing Block size=8
begin cleaner{left: ("[FunctionalDependency:(s: {thickness}, t: {velocity})]", 0.0), operator: *, right: (1.0, 1.0), result: 0.0}
列 'p' 不存在，对列 velocity 不过滤，直接选择所有非无效值。
clean_bool length:3
newest best op: Uniop(df,'velocity','33.0',(['thickness'], {(0.00142788,)}),{left: ("[FunctionalDependency:(s: {thickness}, t: {velocity})]", 0.0), operator: *, right: (1.0, 1.0), result: 0.0})
now error: 0.0
newest best op: Uniop(df,'velocity','71.3',(['thickness'], {(0.00142788,)}),{left: ("[FunctionalDependency:(s: {thickness}, t: {velocity})]", 0.0), operator: *, right: (1.0, 1.0), result: 0.0})
now error: 0.0
Block processing time: 0.062354 seconds
Computing Block 179 out of 200
Processing Block size=16
begin cleaner{left: ("[FunctionalDependency:(s: {thickness}, t: {velocity})]", 0.0), operator: *, right: (1.0, 1.0), result: 0.0}
列 'p' 不存在，对列 velocity 不过滤，直接选择所有非无效值。
clean_bool length:3
newest best op: Uniop(df,'velocity','55.0',(['thickness'], {(0.0368233,)}),{left: ("[FunctionalDependency:(s: {thickness}, t: {velocity})]", 0.0), operator: *, right: (1.0, 1.0), result: 0.0})
now error: 0.0
newest best op: Uniop(df,'velocity','55.5',(['thickness'], {(0.0368233,)}),{left: ("[FunctionalDependency:(s: {thickness}, t: {velocity})]", 0.0), operator: *, right: (1.0, 1.0), result: 0.0})
now error: 0.0
Block processing time: 0.119519 seconds
Computing Block 180 out of 200
Processing Block size=14
begin cleaner{left: ("[FunctionalDependency:(s: {thickness}, t: {velocity})]", 0.0), operator: *, right: (1.0, 1.0), result: 0.0}
列 'p' 不存在，对列 velocity 不过滤，直接选择所有非无效值。
Block processing time: 0.033338 seconds
Computing Block 183 out of 200
Processing Block size=11
begin cleaner{left: ("[FunctionalDependency:(s: {thickness}, t: {velocity})]", 0.0), operator: *, right: (1.0, 1.0), result: 0.0}
列 'p' 不存在，对列 velocity 不过滤，直接选择所有非无效值。
clean_bool length:4
newest best op: Uniop(df,'velocity','33.0',(['thickness'], {(0.00346574,)}),{left: ("[FunctionalDependency:(s: {thickness}, t: {velocity})]", 0.0), operator: *, right: (1.0, 1.0), result: 0.0})
now error: 0.0
newest best op: Uniop(df,'velocity','39.6',(['thickness'], {(0.00346574,)}),{left: ("[FunctionalDependency:(s: {thickness}, t: {velocity})]", 0.0), operator: *, right: (1.0, 1.0), result: 0.0})
now error: 0.0
Block processing time: 0.112955 seconds
Computing Block 185 out of 200
Processing Block size=14
begin cleaner{left: ("[FunctionalDependency:(s: {thickness}, t: {velocity})]", 0.0), operator: *, right: (1.0, 1.0), result: 0.0}
列 'p' 不存在，对列 velocity 不过滤，直接选择所有非无效值。
Block processing time: 0.033269 seconds
Computing Block 186 out of 200
Processing Block size=14
begin cleaner{left: ("[FunctionalDependency:(s: {thickness}, t: {velocity})]", 0.0), operator: *, right: (1.0, 1.0), result: 0.0}
列 'p' 不存在，对列 velocity 不过滤，直接选择所有非无效值。
clean_bool length:3
newest best op: Uniop(df,'velocity','1177.0',(['thickness'], {(0.0176631,)}),{left: ("[FunctionalDependency:(s: {thickness}, t: {velocity})]", 0.0), operator: *, right: (1.0, 1.0), result: 0.0})
now error: 0.0
newest best op: Uniop(df,'velocity','31.7',(['thickness'], {(0.0176631,)}),{left: ("[FunctionalDependency:(s: {thickness}, t: {velocity})]", 0.0), operator: *, right: (1.0, 1.0), result: 0.0})
now error: 0.0
Block processing time: 0.105787 seconds
Computing Block 188 out of 200
Processing Block size=13
begin cleaner{left: ("[FunctionalDependency:(s: {thickness}, t: {velocity})]", 0.0), operator: *, right: (1.0, 1.0), result: 0.0}
列 'p' 不存在，对列 velocity 不过滤，直接选择所有非无效值。
clean_bool length:3
newest best op: Uniop(df,'velocity','33.0',(['thickness'], {(0.00461377,)}),{left: ("[FunctionalDependency:(s: {thickness}, t: {velocity})]", 0.0), operator: *, right: (1.0, 1.0), result: 0.0})
now error: 0.0
newest best op: Uniop(df,'velocity','31.7',(['thickness'], {(0.00461377,)}),{left: ("[FunctionalDependency:(s: {thickness}, t: {velocity})]", 0.0), operator: *, right: (1.0, 1.0), result: 0.0})
now error: 0.0
Block processing time: 0.098301 seconds
Computing Block 190 out of 200
Processing Block size=10
begin cleaner{left: ("[FunctionalDependency:(s: {thickness}, t: {velocity})]", 0.0), operator: *, right: (1.0, 1.0), result: 0.0}
列 'p' 不存在，对列 velocity 不过滤，直接选择所有非无效值。
Block processing time: 0.024028 seconds
Computing Block 192 out of 200
Processing Block size=16
begin cleaner{left: ("[FunctionalDependency:(s: {thickness}, t: {velocity})]", 0.0), operator: *, right: (1.0, 1.0), result: 0.0}
列 'p' 不存在，对列 velocity 不过滤，直接选择所有非无效值。
clean_bool length:4
newest best op: Uniop(df,'velocity','99.0',(['thickness'], {(0.0124596,)}),{left: ("[FunctionalDependency:(s: {thickness}, t: {velocity})]", 0.0), operator: *, right: (1.0, 1.0), result: 0.0})
now error: 0.0
newest best op: Uniop(df,'velocity','39.6',(['thickness'], {(0.0124596,)}),{left: ("[FunctionalDependency:(s: {thickness}, t: {velocity})]", 0.0), operator: *, right: (1.0, 1.0), result: 0.0})
now error: 0.0
Block processing time: 0.1616 seconds
Computing Block 194 out of 200
Processing Block size=11
begin cleaner{left: ("[FunctionalDependency:(s: {thickness}, t: {velocity})]", 0.0), operator: *, right: (1.0, 1.0), result: 0.0}
列 'p' 不存在，对列 velocity 不过滤，直接选择所有非无效值。
clean_bool length:3
newest best op: Uniop(df,'velocity','77.0',(['thickness'], {(0.00420654,)}),{left: ("[FunctionalDependency:(s: {thickness}, t: {velocity})]", 0.0), operator: *, right: (1.0, 1.0), result: 0.0})
now error: 0.0
newest best op: Uniop(df,'velocity','71.3',(['thickness'], {(0.00420654,)}),{left: ("[FunctionalDependency:(s: {thickness}, t: {velocity})]", 0.0), operator: *, right: (1.0, 1.0), result: 0.0})
now error: 0.0
Block processing time: 0.083998 seconds
Computing Block 196 out of 200
Processing Block size=6
begin cleaner{left: ("[FunctionalDependency:(s: {thickness}, t: {velocity})]", 0.0), operator: *, right: (1.0, 1.0), result: 0.0}
列 'p' 不存在，对列 velocity 不过滤，直接选择所有非无效值。
Block processing time: 0.014788 seconds
Computing Block 198 out of 200
Processing Block size=12
begin cleaner{left: ("[FunctionalDependency:(s: {thickness}, t: {velocity})]", 0.0), operator: *, right: (1.0, 1.0), result: 0.0}
列 'p' 不存在，对列 velocity 不过滤，直接选择所有非无效值。
clean_bool length:3
newest best op: Uniop(df,'velocity','3399.0',(['thickness'], {(7.91822,)}),{left: ("[FunctionalDependency:(s: {thickness}, t: {velocity})]", 0.0), operator: *, right: (1.0, 1.0), result: 0.0})
now error: 0.0
newest best op: Uniop(df,'velocity','39.6',(['thickness'], {(7.91822,)}),{left: ("[FunctionalDependency:(s: {thickness}, t: {velocity})]", 0.0), operator: *, right: (1.0, 1.0), result: 0.0})
now error: 0.0
Block processing time: 0.090983 seconds
Computing Block 199 out of 200
Processing Block size=14
begin cleaner{left: ("[FunctionalDependency:(s: {thickness}, t: {velocity})]", 0.0), operator: *, right: (1.0, 1.0), result: 0.0}
列 'p' 不存在，对列 velocity 不过滤，直接选择所有非无效值。
clean_bool length:4
newest best op: Uniop(df,'velocity','66.0',(['thickness'], {(0.00294804,)}),{left: ("[FunctionalDependency:(s: {thickness}, t: {velocity})]", 0.0), operator: *, right: (1.0, 1.0), result: 0.0})
now error: 0.0
newest best op: Uniop(df,'velocity','39.6',(['thickness'], {(0.00294804,)}),{left: ("[FunctionalDependency:(s: {thickness}, t: {velocity})]", 0.0), operator: *, right: (1.0, 1.0), result: 0.0})
now error: 0.0
Block processing time: 0.142327 seconds
  当前节点: velocity 有 87 个清洗操作
['angle', 'chord_length', 'velocity']的清洗完成

本层累积的编辑规则数: 274
读入数据大小：1503
处理了 274 条规则，更新数据...WARNING:root:No partitioning rule specified, processing might be slow

所有编辑规则已更新完成

处理第 1 层级, 包含节点: ['thickness']
  跳过已清洗结束的节点: thickness
['thickness']的清洗完成

本层累积的编辑规则数: 0
本层没有可以进行的清洗操作，进行下一层

处理第 2 层级, 包含节点: ['angle', 'chord_length', 'velocity']
  当前节点: angle 存在可用清洗信号
数据块大小: 1503
分块属性:
[['thickness']]
Starting initial block mapping...
Initial number of blocks: 200
Final number of blocks after further splitting: 200
Computing Block 1 out of 200
Processing Block size=14
begin cleaner[FunctionalDependency:(s: {'thickness'}, t: {'angle'})]*1.0
列 'p' 不存在，对列 angle 不过滤，直接选择所有非无效值。
Block processing time: 0.040246 seconds
Computing Block 2 out of 200
Processing Block size=13
begin cleaner{left: ("[FunctionalDependency:(s: {thickness}, t: {angle})]", 0.0), operator: *, right: (1.0, 1.0), result: 0.0}
列 'p' 不存在，对列 angle 不过滤，直接选择所有非无效值。
Block processing time: 0.037092 seconds
Computing Block 3 out of 200
Processing Block size=14
begin cleaner{left: ("[FunctionalDependency:(s: {thickness}, t: {angle})]", 0.0), operator: *, right: (1.0, 1.0), result: 0.0}
列 'p' 不存在，对列 angle 不过滤，直接选择所有非无效值。
Block processing time: 0.039428 seconds
Computing Block 4 out of 200
Processing Block size=13
begin cleaner{left: ("[FunctionalDependency:(s: {thickness}, t: {angle})]", 0.0), operator: *, right: (1.0, 1.0), result: 0.0}
列 'p' 不存在，对列 angle 不过滤，直接选择所有非无效值。
clean_bool length:2
newest best op: Uniop(df,'angle','0.0',(['thickness'], {(0.00209405,)}),{left: ("[FunctionalDependency:(s: {thickness}, t: {angle})]", 1.0), operator: *, right: (1.0, 1.0), result: 1.0})
now error: 13.0
pruned: 1
UpdateCleanBool,purned:1
clean_bool length:1
Block processing time: 0.075406 seconds
Computing Block 5 out of 200
Processing Block size=11
begin cleaner{left: ("[FunctionalDependency:(s: {thickness}, t: {angle})]", 1.0), operator: *, right: (1.0, 1.0), result: 1.0}
列 'p' 不存在，对列 angle 不过滤，直接选择所有非无效值。
clean_bool length:2
newest best op: Uniop(df,'angle','0.0',(['thickness'], {(4.28464,)}),{left: ("[FunctionalDependency:(s: {thickness}, t: {angle})]", 1.0), operator: *, right: (1.0, 1.0), result: 1.0})
now error: 11.0
pruned: 1
UpdateCleanBool,purned:1
clean_bool length:1
Block processing time: 0.064064 seconds
Computing Block 6 out of 200
Processing Block size=12
begin cleaner{left: ("[FunctionalDependency:(s: {thickness}, t: {angle})]", 1.0), operator: *, right: (1.0, 1.0), result: 1.0}
列 'p' 不存在，对列 angle 不过滤，直接选择所有非无效值。
Block processing time: 0.033716 seconds
Computing Block 7 out of 200
Processing Block size=12
begin cleaner{left: ("[FunctionalDependency:(s: {thickness}, t: {angle})]", 0.0), operator: *, right: (1.0, 1.0), result: 0.0}
列 'p' 不存在，对列 angle 不过滤，直接选择所有非无效值。
Block processing time: 0.03369 seconds
Computing Block 9 out of 200
Processing Block size=11
begin cleaner{left: ("[FunctionalDependency:(s: {thickness}, t: {angle})]", 0.0), operator: *, right: (1.0, 1.0), result: 0.0}
列 'p' 不存在，对列 angle 不过滤，直接选择所有非无效值。
Block processing time: 0.031079 seconds
Computing Block 10 out of 200
Processing Block size=2
begin cleaner{left: ("[FunctionalDependency:(s: {thickness}, t: {angle})]", 0.0), operator: *, right: (1.0, 1.0), result: 0.0}
列 'p' 不存在，对列 angle 不过滤，直接选择所有非无效值。
Block processing time: 0.006173 seconds
Computing Block 11 out of 200
Processing Block size=13
begin cleaner{left: ("[FunctionalDependency:(s: {thickness}, t: {angle})]", 0.0), operator: *, right: (1.0, 1.0), result: 0.0}
列 'p' 不存在，对列 angle 不过滤，直接选择所有非无效值。
Block processing time: 0.037462 seconds
Computing Block 12 out of 200
Processing Block size=15
begin cleaner{left: ("[FunctionalDependency:(s: {thickness}, t: {angle})]", 0.0), operator: *, right: (1.0, 1.0), result: 0.0}
列 'p' 不存在，对列 angle 不过滤，直接选择所有非无效值。
Block processing time: 0.042238 seconds
Computing Block 15 out of 200
Processing Block size=2
begin cleaner{left: ("[FunctionalDependency:(s: {thickness}, t: {angle})]", 0.0), operator: *, right: (1.0, 1.0), result: 0.0}
列 'p' 不存在，对列 angle 不过滤，直接选择所有非无效值。
Block processing time: 0.006251 seconds
Computing Block 19 out of 200
Processing Block size=2
begin cleaner{left: ("[FunctionalDependency:(s: {thickness}, t: {angle})]", 0.0), operator: *, right: (1.0, 1.0), result: 0.0}
列 'p' 不存在，对列 angle 不过滤，直接选择所有非无效值。
Block processing time: 0.006216 seconds
Computing Block 20 out of 200
Processing Block size=15
begin cleaner{left: ("[FunctionalDependency:(s: {thickness}, t: {angle})]", 0.0), operator: *, right: (1.0, 1.0), result: 0.0}
列 'p' 不存在，对列 angle 不过滤，直接选择所有非无效值。
Block processing time: 0.042245 seconds
Computing Block 22 out of 200
Processing Block size=13
begin cleaner{left: ("[FunctionalDependency:(s: {thickness}, t: {angle})]", 0.0), operator: *, right: (1.0, 1.0), result: 0.0}
列 'p' 不存在，对列 angle 不过滤，直接选择所有非无效值。
clean_bool length:2
newest best op: Uniop(df,'angle','0.0',(['thickness'], {(0.00229336,)}),{left: ("[FunctionalDependency:(s: {thickness}, t: {angle})]", 1.0), operator: *, right: (1.0, 1.0), result: 1.0})
now error: 13.0
pruned: 1
UpdateCleanBool,purned:1
clean_bool length:1
Block processing time: 0.075378 seconds
Computing Block 23 out of 200
Processing Block size=15
begin cleaner{left: ("[FunctionalDependency:(s: {thickness}, t: {angle})]", 1.0), operator: *, right: (1.0, 1.0), result: 1.0}
列 'p' 不存在，对列 angle 不过滤，直接选择所有非无效值。
Block processing time: 0.042696 seconds
Computing Block 25 out of 200
Processing Block size=13
begin cleaner{left: ("[FunctionalDependency:(s: {thickness}, t: {angle})]", 0.0), operator: *, right: (1.0, 1.0), result: 0.0}
列 'p' 不存在，对列 angle 不过滤，直接选择所有非无效值。
Block processing time: 0.034133 seconds
Computing Block 27 out of 200
Processing Block size=14
begin cleaner{left: ("[FunctionalDependency:(s: {thickness}, t: {angle})]", 0.0), operator: *, right: (1.0, 1.0), result: 0.0}
列 'p' 不存在，对列 angle 不过滤，直接选择所有非无效值。
Block processing time: 0.033611 seconds
Computing Block 30 out of 200
Processing Block size=13
begin cleaner{left: ("[FunctionalDependency:(s: {thickness}, t: {angle})]", 0.0), operator: *, right: (1.0, 1.0), result: 0.0}
列 'p' 不存在，对列 angle 不过滤，直接选择所有非无效值。
clean_bool length:2
newest best op: Uniop(df,'angle','0.0',(['thickness'], {(0.00193287,)}),{left: ("[FunctionalDependency:(s: {thickness}, t: {angle})]", 1.0), operator: *, right: (1.0, 1.0), result: 1.0})
now error: 13.0
pruned: 1
UpdateCleanBool,purned:1
clean_bool length:1
Block processing time: 0.064331 seconds
Computing Block 32 out of 200
Processing Block size=11
begin cleaner{left: ("[FunctionalDependency:(s: {thickness}, t: {angle})]", 1.0), operator: *, right: (1.0, 1.0), result: 1.0}
列 'p' 不存在，对列 angle 不过滤，直接选择所有非无效值。
Block processing time: 0.026569 seconds
Computing Block 35 out of 200
Processing Block size=36
begin cleaner{left: ("[FunctionalDependency:(s: {thickness}, t: {angle})]", 0.0), operator: *, right: (1.0, 1.0), result: 0.0}
列 'p' 不存在，对列 angle 不过滤，直接选择所有非无效值。
clean_bool length:2
newest best op: Uniop(df,'angle','0.0',(['thickness'], {(0.0,)}),{left: ("[FunctionalDependency:(s: {thickness}, t: {angle})]", 1.0), operator: *, right: (1.0, 1.0), result: 1.0})
now error: 36.0
pruned: 1
UpdateCleanBool,purned:1
clean_bool length:1
Block processing time: 0.17229 seconds
Computing Block 37 out of 200
Processing Block size=16
begin cleaner{left: ("[FunctionalDependency:(s: {thickness}, t: {angle})]", 1.0), operator: *, right: (1.0, 1.0), result: 1.0}
列 'p' 不存在，对列 angle 不过滤，直接选择所有非无效值。
Block processing time: 0.038091 seconds
Computing Block 44 out of 200
Processing Block size=11
begin cleaner{left: ("[FunctionalDependency:(s: {thickness}, t: {angle})]", 0.0), operator: *, right: (1.0, 1.0), result: 0.0}
列 'p' 不存在，对列 angle 不过滤，直接选择所有非无效值。
Block processing time: 0.026647 seconds
Computing Block 47 out of 200
Processing Block size=13
begin cleaner{left: ("[FunctionalDependency:(s: {thickness}, t: {angle})]", 0.0), operator: *, right: (1.0, 1.0), result: 0.0}
列 'p' 不存在，对列 angle 不过滤，直接选择所有非无效值。
Block processing time: 0.031321 seconds
Computing Block 48 out of 200
Processing Block size=3
begin cleaner{left: ("[FunctionalDependency:(s: {thickness}, t: {angle})]", 0.0), operator: *, right: (1.0, 1.0), result: 0.0}
列 'p' 不存在，对列 angle 不过滤，直接选择所有非无效值。
Block processing time: 0.007813 seconds
Computing Block 50 out of 200
Processing Block size=13
begin cleaner{left: ("[FunctionalDependency:(s: {thickness}, t: {angle})]", 0.0), operator: *, right: (1.0, 1.0), result: 0.0}
列 'p' 不存在，对列 angle 不过滤，直接选择所有非无效值。
clean_bool length:3
newest best op: Uniop(df,'angle','0.88',(['thickness'], {(9.30789,)}),{left: ("[FunctionalDependency:(s: {thickness}, t: {angle})]", 0.0), operator: *, right: (1.0, 1.0), result: 0.0})
now error: 0.0
newest best op: Uniop(df,'angle','4.8',(['thickness'], {(9.30789,)}),{left: ("[FunctionalDependency:(s: {thickness}, t: {angle})]", 0.0), operator: *, right: (1.0, 1.0), result: 0.0})
now error: 0.0
Block processing time: 0.099791 seconds
Computing Block 53 out of 200
Processing Block size=12
begin cleaner{left: ("[FunctionalDependency:(s: {thickness}, t: {angle})]", 0.0), operator: *, right: (1.0, 1.0), result: 0.0}
列 'p' 不存在，对列 angle 不过滤，直接选择所有非无效值。
clean_bool length:2
newest best op: Uniop(df,'angle','0.0',(['thickness'], {(0.00266337,)}),{left: ("[FunctionalDependency:(s: {thickness}, t: {angle})]", 1.0), operator: *, right: (1.0, 1.0), result: 1.0})
now error: 12.0
pruned: 1
UpdateCleanBool,purned:1
clean_bool length:1
Block processing time: 0.059508 seconds
Computing Block 54 out of 200
Processing Block size=15
begin cleaner{left: ("[FunctionalDependency:(s: {thickness}, t: {angle})]", 1.0), operator: *, right: (1.0, 1.0), result: 1.0}
列 'p' 不存在，对列 angle 不过滤，直接选择所有非无效值。
Block processing time: 0.035666 seconds
Computing Block 56 out of 200
Processing Block size=12
begin cleaner{left: ("[FunctionalDependency:(s: {thickness}, t: {angle})]", 0.0), operator: *, right: (1.0, 1.0), result: 0.0}
列 'p' 不存在，对列 angle 不过滤，直接选择所有非无效值。
clean_bool length:2
newest best op: Uniop(df,'angle','0.0',(['thickness'], {(0.00121072,)}),{left: ("[FunctionalDependency:(s: {thickness}, t: {angle})]", 1.0), operator: *, right: (1.0, 1.0), result: 1.0})
now error: 12.0
pruned: 1
UpdateCleanBool,purned:1
clean_bool length:1
Block processing time: 0.05943 seconds
Computing Block 57 out of 200
Processing Block size=15
begin cleaner{left: ("[FunctionalDependency:(s: {thickness}, t: {angle})]", 1.0), operator: *, right: (1.0, 1.0), result: 1.0}
列 'p' 不存在，对列 angle 不过滤，直接选择所有非无效值。
Block processing time: 0.035609 seconds
Computing Block 60 out of 200
Processing Block size=15
begin cleaner{left: ("[FunctionalDependency:(s: {thickness}, t: {angle})]", 0.0), operator: *, right: (1.0, 1.0), result: 0.0}
列 'p' 不存在，对列 angle 不过滤，直接选择所有非无效值。
Block processing time: 0.035633 seconds
Computing Block 64 out of 200
Processing Block size=14
begin cleaner{left: ("[FunctionalDependency:(s: {thickness}, t: {angle})]", 0.0), operator: *, right: (1.0, 1.0), result: 0.0}
列 'p' 不存在，对列 angle 不过滤，直接选择所有非无效值。
Block processing time: 0.033357 seconds
Computing Block 66 out of 200
Processing Block size=12
begin cleaner{left: ("[FunctionalDependency:(s: {thickness}, t: {angle})]", 0.0), operator: *, right: (1.0, 1.0), result: 0.0}
列 'p' 不存在，对列 angle 不过滤，直接选择所有非无效值。
Block processing time: 0.028768 seconds
Computing Block 67 out of 200
Processing Block size=15
begin cleaner{left: ("[FunctionalDependency:(s: {thickness}, t: {angle})]", 0.0), operator: *, right: (1.0, 1.0), result: 0.0}
列 'p' 不存在，对列 angle 不过滤，直接选择所有非无效值。
Block processing time: 0.035742 seconds
Computing Block 68 out of 200
Processing Block size=12
begin cleaner{left: ("[FunctionalDependency:(s: {thickness}, t: {angle})]", 0.0), operator: *, right: (1.0, 1.0), result: 0.0}
列 'p' 不存在，对列 angle 不过滤，直接选择所有非无效值。
Block processing time: 0.02875 seconds
Computing Block 69 out of 200
Processing Block size=16
begin cleaner{left: ("[FunctionalDependency:(s: {thickness}, t: {angle})]", 0.0), operator: *, right: (1.0, 1.0), result: 0.0}
列 'p' 不存在，对列 angle 不过滤，直接选择所有非无效值。
Block processing time: 0.037913 seconds
Computing Block 73 out of 200
Processing Block size=16
begin cleaner{left: ("[FunctionalDependency:(s: {thickness}, t: {angle})]", 0.0), operator: *, right: (1.0, 1.0), result: 0.0}
列 'p' 不存在，对列 angle 不过滤，直接选择所有非无效值。
Block processing time: 0.037835 seconds
Computing Block 74 out of 200
Processing Block size=9
begin cleaner{left: ("[FunctionalDependency:(s: {thickness}, t: {angle})]", 0.0), operator: *, right: (1.0, 1.0), result: 0.0}
列 'p' 不存在，对列 angle 不过滤，直接选择所有非无效值。
Block processing time: 0.021778 seconds
Computing Block 75 out of 200
Processing Block size=14
begin cleaner{left: ("[FunctionalDependency:(s: {thickness}, t: {angle})]", 0.0), operator: *, right: (1.0, 1.0), result: 0.0}
列 'p' 不存在，对列 angle 不过滤，直接选择所有非无效值。
Block processing time: 0.033196 seconds
Computing Block 76 out of 200
Processing Block size=16
begin cleaner{left: ("[FunctionalDependency:(s: {thickness}, t: {angle})]", 0.0), operator: *, right: (1.0, 1.0), result: 0.0}
列 'p' 不存在，对列 angle 不过滤，直接选择所有非无效值。
Block processing time: 0.037928 seconds
Computing Block 77 out of 200
Processing Block size=16
begin cleaner{left: ("[FunctionalDependency:(s: {thickness}, t: {angle})]", 0.0), operator: *, right: (1.0, 1.0), result: 0.0}
列 'p' 不存在，对列 angle 不过滤，直接选择所有非无效值。
Block processing time: 0.038005 seconds
Computing Block 79 out of 200
Processing Block size=16
begin cleaner{left: ("[FunctionalDependency:(s: {thickness}, t: {angle})]", 0.0), operator: *, right: (1.0, 1.0), result: 0.0}
列 'p' 不存在，对列 angle 不过滤，直接选择所有非无效值。
Block processing time: 0.037999 seconds
Computing Block 80 out of 200
Processing Block size=15
begin cleaner{left: ("[FunctionalDependency:(s: {thickness}, t: {angle})]", 0.0), operator: *, right: (1.0, 1.0), result: 0.0}
列 'p' 不存在，对列 angle 不过滤，直接选择所有非无效值。
Block processing time: 0.035678 seconds
Computing Block 81 out of 200
Processing Block size=10
begin cleaner{left: ("[FunctionalDependency:(s: {thickness}, t: {angle})]", 0.0), operator: *, right: (1.0, 1.0), result: 0.0}
列 'p' 不存在，对列 angle 不过滤，直接选择所有非无效值。
clean_bool length:2
newest best op: Uniop(df,'angle','0.0',(['thickness'], {(0.00150092,)}),{left: ("[FunctionalDependency:(s: {thickness}, t: {angle})]", 1.0), operator: *, right: (1.0, 1.0), result: 1.0})
now error: 10.0
pruned: 1
UpdateCleanBool,purned:1
clean_bool length:1
Block processing time: 0.049906 seconds
Computing Block 83 out of 200
Processing Block size=15
begin cleaner{left: ("[FunctionalDependency:(s: {thickness}, t: {angle})]", 1.0), operator: *, right: (1.0, 1.0), result: 1.0}
列 'p' 不存在，对列 angle 不过滤，直接选择所有非无效值。
Block processing time: 0.035692 seconds
Computing Block 84 out of 200
Processing Block size=13
begin cleaner{left: ("[FunctionalDependency:(s: {thickness}, t: {angle})]", 0.0), operator: *, right: (1.0, 1.0), result: 0.0}
列 'p' 不存在，对列 angle 不过滤，直接选择所有非无效值。
clean_bool length:2
newest best op: Uniop(df,'angle','0.0',(['thickness'], {(7.6193,)}),{left: ("[FunctionalDependency:(s: {thickness}, t: {angle})]", 1.0), operator: *, right: (1.0, 1.0), result: 1.0})
now error: 13.0
pruned: 1
UpdateCleanBool,purned:1
clean_bool length:1
Block processing time: 0.064403 seconds
Computing Block 88 out of 200
Processing Block size=12
begin cleaner{left: ("[FunctionalDependency:(s: {thickness}, t: {angle})]", 1.0), operator: *, right: (1.0, 1.0), result: 1.0}
列 'p' 不存在，对列 angle 不过滤，直接选择所有非无效值。
Block processing time: 0.028937 seconds
Computing Block 89 out of 200
Processing Block size=14
begin cleaner{left: ("[FunctionalDependency:(s: {thickness}, t: {angle})]", 0.0), operator: *, right: (1.0, 1.0), result: 0.0}
列 'p' 不存在，对列 angle 不过滤，直接选择所有非无效值。
clean_bool length:2
newest best op: Uniop(df,'angle','0.0',(['thickness'], {(0.0027238,)}),{left: ("[FunctionalDependency:(s: {thickness}, t: {angle})]", 1.0), operator: *, right: (1.0, 1.0), result: 1.0})
now error: 14.0
pruned: 1
UpdateCleanBool,purned:1
clean_bool length:1
Block processing time: 0.068948 seconds
Computing Block 92 out of 200
Processing Block size=10
begin cleaner{left: ("[FunctionalDependency:(s: {thickness}, t: {angle})]", 1.0), operator: *, right: (1.0, 1.0), result: 1.0}
列 'p' 不存在，对列 angle 不过滤，直接选择所有非无效值。
Block processing time: 0.024131 seconds
Computing Block 93 out of 200
Processing Block size=11
begin cleaner{left: ("[FunctionalDependency:(s: {thickness}, t: {angle})]", 0.0), operator: *, right: (1.0, 1.0), result: 0.0}
列 'p' 不存在，对列 angle 不过滤，直接选择所有非无效值。
clean_bool length:2
newest best op: Uniop(df,'angle','0.0',(['thickness'], {(0.00214345,)}),{left: ("[FunctionalDependency:(s: {thickness}, t: {angle})]", 1.0), operator: *, right: (1.0, 1.0), result: 1.0})
now error: 11.0
pruned: 1
UpdateCleanBool,purned:1
clean_bool length:1
Block processing time: 0.054562 seconds
Computing Block 95 out of 200
Processing Block size=11
begin cleaner{left: ("[FunctionalDependency:(s: {thickness}, t: {angle})]", 1.0), operator: *, right: (1.0, 1.0), result: 1.0}
列 'p' 不存在，对列 angle 不过滤，直接选择所有非无效值。
Block processing time: 0.02652 seconds
Computing Block 96 out of 200
Processing Block size=9
begin cleaner{left: ("[FunctionalDependency:(s: {thickness}, t: {angle})]", 0.0), operator: *, right: (1.0, 1.0), result: 0.0}
列 'p' 不存在，对列 angle 不过滤，直接选择所有非无效值。
clean_bool length:2
newest best op: Uniop(df,'angle','0.0',(['thickness'], {(4.1229,)}),{left: ("[FunctionalDependency:(s: {thickness}, t: {angle})]", 1.0), operator: *, right: (1.0, 1.0), result: 1.0})
now error: 9.0
pruned: 1
UpdateCleanBool,purned:1
clean_bool length:1
Block processing time: 0.045537 seconds
Computing Block 97 out of 200
Processing Block size=14
begin cleaner{left: ("[FunctionalDependency:(s: {thickness}, t: {angle})]", 1.0), operator: *, right: (1.0, 1.0), result: 1.0}
列 'p' 不存在，对列 angle 不过滤，直接选择所有非无效值。
Block processing time: 0.033556 seconds
Computing Block 100 out of 200
Processing Block size=13
begin cleaner{left: ("[FunctionalDependency:(s: {thickness}, t: {angle})]", 0.0), operator: *, right: (1.0, 1.0), result: 0.0}
列 'p' 不存在，对列 angle 不过滤，直接选择所有非无效值。
Block processing time: 0.031232 seconds
Computing Block 102 out of 200
Processing Block size=15
begin cleaner{left: ("[FunctionalDependency:(s: {thickness}, t: {angle})]", 0.0), operator: *, right: (1.0, 1.0), result: 0.0}
列 'p' 不存在，对列 angle 不过滤，直接选择所有非无效值。
Block processing time: 0.035783 seconds
Computing Block 103 out of 200
Processing Block size=13
begin cleaner{left: ("[FunctionalDependency:(s: {thickness}, t: {angle})]", 0.0), operator: *, right: (1.0, 1.0), result: 0.0}
列 'p' 不存在，对列 angle 不过滤，直接选择所有非无效值。
clean_bool length:2
newest best op: Uniop(df,'angle','0.0',(['thickness'], {(8.12164,)}),{left: ("[FunctionalDependency:(s: {thickness}, t: {angle})]", 1.0), operator: *, right: (1.0, 1.0), result: 1.0})
now error: 13.0
pruned: 1
UpdateCleanBool,purned:1
clean_bool length:1
Block processing time: 0.064204 seconds
Computing Block 106 out of 200
Processing Block size=14
begin cleaner{left: ("[FunctionalDependency:(s: {thickness}, t: {angle})]", 1.0), operator: *, right: (1.0, 1.0), result: 1.0}
列 'p' 不存在，对列 angle 不过滤，直接选择所有非无效值。
Block processing time: 0.042885 seconds
Computing Block 111 out of 200
Processing Block size=15
begin cleaner{left: ("[FunctionalDependency:(s: {thickness}, t: {angle})]", 0.0), operator: *, right: (1.0, 1.0), result: 0.0}
列 'p' 不存在，对列 angle 不过滤，直接选择所有非无效值。
Block processing time: 0.036333 seconds
Computing Block 112 out of 200
Processing Block size=10
begin cleaner{left: ("[FunctionalDependency:(s: {thickness}, t: {angle})]", 0.0), operator: *, right: (1.0, 1.0), result: 0.0}
列 'p' 不存在，对列 angle 不过滤，直接选择所有非无效值。
clean_bool length:5
newest best op: Uniop(df,'angle','4.8',(['thickness'], {(8.73218,)}),{left: ("[FunctionalDependency:(s: {thickness}, t: {angle})]", 0.0), operator: *, right: (1.0, 1.0), result: 0.0})
now error: 0.0
Block processing time: 0.131739 seconds
Computing Block 115 out of 200
Processing Block size=11
begin cleaner{left: ("[FunctionalDependency:(s: {thickness}, t: {angle})]", 0.0), operator: *, right: (1.0, 1.0), result: 0.0}
列 'p' 不存在，对列 angle 不过滤，直接选择所有非无效值。
clean_bool length:2
newest best op: Uniop(df,'angle','0.0',(['thickness'], {(0.00131983,)}),{left: ("[FunctionalDependency:(s: {thickness}, t: {angle})]", 1.0), operator: *, right: (1.0, 1.0), result: 1.0})
now error: 11.0
pruned: 1
UpdateCleanBool,purned:1
clean_bool length:1
Block processing time: 0.055102 seconds
Computing Block 116 out of 200
Processing Block size=11
begin cleaner{left: ("[FunctionalDependency:(s: {thickness}, t: {angle})]", 1.0), operator: *, right: (1.0, 1.0), result: 1.0}
列 'p' 不存在，对列 angle 不过滤，直接选择所有非无效值。
clean_bool length:2
newest best op: Uniop(df,'angle','0.0',(['thickness'], {(0.00146332,)}),{left: ("[FunctionalDependency:(s: {thickness}, t: {angle})]", 1.0), operator: *, right: (1.0, 1.0), result: 1.0})
now error: 11.0
pruned: 1
UpdateCleanBool,purned:1
clean_bool length:1
Block processing time: 0.054898 seconds
Computing Block 117 out of 200
Processing Block size=9
begin cleaner{left: ("[FunctionalDependency:(s: {thickness}, t: {angle})]", 1.0), operator: *, right: (1.0, 1.0), result: 1.0}
列 'p' 不存在，对列 angle 不过滤，直接选择所有非无效值。
Block processing time: 0.02186 seconds
Computing Block 119 out of 200
Processing Block size=16
begin cleaner{left: ("[FunctionalDependency:(s: {thickness}, t: {angle})]", 0.0), operator: *, right: (1.0, 1.0), result: 0.0}
列 'p' 不存在，对列 angle 不过滤，直接选择所有非无效值。
clean_bool length:2
newest best op: Uniop(df,'angle','0.0',(['thickness'], {(0.00331266,)}),{left: ("[FunctionalDependency:(s: {thickness}, t: {angle})]", 1.0), operator: *, right: (1.0, 1.0), result: 1.0})
now error: 16.0
pruned: 1
UpdateCleanBool,purned:1
clean_bool length:1
Block processing time: 0.078686 seconds
Computing Block 124 out of 200
Processing Block size=2
begin cleaner{left: ("[FunctionalDependency:(s: {thickness}, t: {angle})]", 1.0), operator: *, right: (1.0, 1.0), result: 1.0}
列 'p' 不存在，对列 angle 不过滤，直接选择所有非无效值。
clean_bool length:2
newest best op: Uniop(df,'angle','0.0',(['thickness'], {(1.11199337,)}),{left: ("[FunctionalDependency:(s: {thickness}, t: {angle})]", 1.0), operator: *, right: (1.0, 1.0), result: 1.0})
now error: 2.0
pruned: 1
UpdateCleanBool,purned:1
clean_bool length:1
Block processing time: 0.012778 seconds
Computing Block 128 out of 200
Processing Block size=14
begin cleaner{left: ("[FunctionalDependency:(s: {thickness}, t: {angle})]", 1.0), operator: *, right: (1.0, 1.0), result: 1.0}
列 'p' 不存在，对列 angle 不过滤，直接选择所有非无效值。
Block processing time: 0.033689 seconds
Computing Block 129 out of 200
Processing Block size=12
begin cleaner{left: ("[FunctionalDependency:(s: {thickness}, t: {angle})]", 0.0), operator: *, right: (1.0, 1.0), result: 0.0}
列 'p' 不存在，对列 angle 不过滤，直接选择所有非无效值。
Block processing time: 0.02909 seconds
Computing Block 130 out of 200
Processing Block size=14
begin cleaner{left: ("[FunctionalDependency:(s: {thickness}, t: {angle})]", 0.0), operator: *, right: (1.0, 1.0), result: 0.0}
列 'p' 不存在，对列 angle 不过滤，直接选择所有非无效值。
clean_bool length:2
newest best op: Uniop(df,'angle','0.0',(['thickness'], {(0.00253511,)}),{left: ("[FunctionalDependency:(s: {thickness}, t: {angle})]", 1.0), operator: *, right: (1.0, 1.0), result: 1.0})
now error: 14.0
pruned: 1
UpdateCleanBool,purned:1
clean_bool length:1
Block processing time: 0.069004 seconds
Computing Block 131 out of 200
Processing Block size=7
begin cleaner{left: ("[FunctionalDependency:(s: {thickness}, t: {angle})]", 1.0), operator: *, right: (1.0, 1.0), result: 1.0}
列 'p' 不存在，对列 angle 不过滤，直接选择所有非无效值。
Block processing time: 0.017159 seconds
Computing Block 132 out of 200
Processing Block size=14
begin cleaner{left: ("[FunctionalDependency:(s: {thickness}, t: {angle})]", 0.0), operator: *, right: (1.0, 1.0), result: 0.0}
列 'p' 不存在，对列 angle 不过滤，直接选择所有非无效值。
Block processing time: 0.033496 seconds
Computing Block 133 out of 200
Processing Block size=13
begin cleaner{left: ("[FunctionalDependency:(s: {thickness}, t: {angle})]", 0.0), operator: *, right: (1.0, 1.0), result: 0.0}
列 'p' 不存在，对列 angle 不过滤，直接选择所有非无效值。
clean_bool length:2
newest best op: Uniop(df,'angle','0.0',(['thickness'], {(7.40478,)}),{left: ("[FunctionalDependency:(s: {thickness}, t: {angle})]", 1.0), operator: *, right: (1.0, 1.0), result: 1.0})
now error: 13.0
pruned: 1
UpdateCleanBool,purned:1
clean_bool length:1
Block processing time: 0.064441 seconds
Computing Block 134 out of 200
Processing Block size=8
begin cleaner{left: ("[FunctionalDependency:(s: {thickness}, t: {angle})]", 1.0), operator: *, right: (1.0, 1.0), result: 1.0}
列 'p' 不存在，对列 angle 不过滤，直接选择所有非无效值。
Block processing time: 0.019819 seconds
Computing Block 135 out of 200
Processing Block size=16
begin cleaner{left: ("[FunctionalDependency:(s: {thickness}, t: {angle})]", 0.0), operator: *, right: (1.0, 1.0), result: 0.0}
列 'p' 不存在，对列 angle 不过滤，直接选择所有非无效值。
Block processing time: 0.038331 seconds
Computing Block 138 out of 200
Processing Block size=22
begin cleaner{left: ("[FunctionalDependency:(s: {thickness}, t: {angle})]", 0.0), operator: *, right: (1.0, 1.0), result: 0.0}
列 'p' 不存在，对列 angle 不过滤，直接选择所有非无效值。
Block processing time: 0.052587 seconds
Computing Block 139 out of 200
Processing Block size=12
begin cleaner{left: ("[FunctionalDependency:(s: {thickness}, t: {angle})]", 0.0), operator: *, right: (1.0, 1.0), result: 0.0}
列 'p' 不存在，对列 angle 不过滤，直接选择所有非无效值。
Block processing time: 0.029082 seconds
Computing Block 140 out of 200
Processing Block size=13
begin cleaner{left: ("[FunctionalDependency:(s: {thickness}, t: {angle})]", 0.0), operator: *, right: (1.0, 1.0), result: 0.0}
列 'p' 不存在，对列 angle 不过滤，直接选择所有非无效值。
Block processing time: 0.031454 seconds
Computing Block 141 out of 200
Processing Block size=13
begin cleaner{left: ("[FunctionalDependency:(s: {thickness}, t: {angle})]", 0.0), operator: *, right: (1.0, 1.0), result: 0.0}
列 'p' 不存在，对列 angle 不过滤，直接选择所有非无效值。
Block processing time: 0.031319 seconds
Computing Block 142 out of 200
Processing Block size=13
begin cleaner{left: ("[FunctionalDependency:(s: {thickness}, t: {angle})]", 0.0), operator: *, right: (1.0, 1.0), result: 0.0}
列 'p' 不存在，对列 angle 不过滤，直接选择所有非无效值。
clean_bool length:2
newest best op: Uniop(df,'angle','0.0',(['thickness'], {(4.39472,)}),{left: ("[FunctionalDependency:(s: {thickness}, t: {angle})]", 1.0), operator: *, right: (1.0, 1.0), result: 1.0})
now error: 13.0
pruned: 1
UpdateCleanBool,purned:1
clean_bool length:1
Block processing time: 0.066276 seconds
Computing Block 143 out of 200
Processing Block size=14
begin cleaner{left: ("[FunctionalDependency:(s: {thickness}, t: {angle})]", 1.0), operator: *, right: (1.0, 1.0), result: 1.0}
列 'p' 不存在，对列 angle 不过滤，直接选择所有非无效值。
Block processing time: 0.033972 seconds
Computing Block 145 out of 200
Processing Block size=14
begin cleaner{left: ("[FunctionalDependency:(s: {thickness}, t: {angle})]", 0.0), operator: *, right: (1.0, 1.0), result: 0.0}
列 'p' 不存在，对列 angle 不过滤，直接选择所有非无效值。
Block processing time: 0.033743 seconds
Computing Block 146 out of 200
Processing Block size=8
begin cleaner{left: ("[FunctionalDependency:(s: {thickness}, t: {angle})]", 0.0), operator: *, right: (1.0, 1.0), result: 0.0}
列 'p' 不存在，对列 angle 不过滤，直接选择所有非无效值。
Block processing time: 0.019604 seconds
Computing Block 149 out of 200
Processing Block size=15
begin cleaner{left: ("[FunctionalDependency:(s: {thickness}, t: {angle})]", 0.0), operator: *, right: (1.0, 1.0), result: 0.0}
列 'p' 不存在，对列 angle 不过滤，直接选择所有非无效值。
Block processing time: 0.036035 seconds
Computing Block 151 out of 200
Processing Block size=18
begin cleaner{left: ("[FunctionalDependency:(s: {thickness}, t: {angle})]", 0.0), operator: *, right: (1.0, 1.0), result: 0.0}
列 'p' 不存在，对列 angle 不过滤，直接选择所有非无效值。
clean_bool length:2
newest best op: Uniop(df,'angle','0.0',(['thickness'], {(0.00310138,)}),{left: ("[FunctionalDependency:(s: {thickness}, t: {angle})]", 1.0), operator: *, right: (1.0, 1.0), result: 1.0})
now error: 18.0
pruned: 1
UpdateCleanBool,purned:1
clean_bool length:1
Block processing time: 0.088233 seconds
Computing Block 152 out of 200
Processing Block size=13
begin cleaner{left: ("[FunctionalDependency:(s: {thickness}, t: {angle})]", 1.0), operator: *, right: (1.0, 1.0), result: 1.0}
列 'p' 不存在，对列 angle 不过滤，直接选择所有非无效值。
Block processing time: 0.031175 seconds
Computing Block 153 out of 200
Processing Block size=13
begin cleaner{left: ("[FunctionalDependency:(s: {thickness}, t: {angle})]", 0.0), operator: *, right: (1.0, 1.0), result: 0.0}
列 'p' 不存在，对列 angle 不过滤，直接选择所有非无效值。
Block processing time: 0.031186 seconds
Computing Block 154 out of 200
Processing Block size=12
begin cleaner{left: ("[FunctionalDependency:(s: {thickness}, t: {angle})]", 0.0), operator: *, right: (1.0, 1.0), result: 0.0}
列 'p' 不存在，对列 angle 不过滤，直接选择所有非无效值。
clean_bool length:2
newest best op: Uniop(df,'angle','0.0',(['thickness'], {(0.0015988,)}),{left: ("[FunctionalDependency:(s: {thickness}, t: {angle})]", 1.0), operator: *, right: (1.0, 1.0), result: 1.0})
now error: 12.0
pruned: 1
UpdateCleanBool,purned:1
clean_bool length:1
Block processing time: 0.059622 seconds
Computing Block 160 out of 200
Processing Block size=11
begin cleaner{left: ("[FunctionalDependency:(s: {thickness}, t: {angle})]", 1.0), operator: *, right: (1.0, 1.0), result: 1.0}
列 'p' 不存在，对列 angle 不过滤，直接选择所有非无效值。
Block processing time: 0.026656 seconds
Computing Block 161 out of 200
Processing Block size=15
begin cleaner{left: ("[FunctionalDependency:(s: {thickness}, t: {angle})]", 0.0), operator: *, right: (1.0, 1.0), result: 0.0}
列 'p' 不存在，对列 angle 不过滤，直接选择所有非无效值。
Block processing time: 0.036045 seconds
Computing Block 162 out of 200
Processing Block size=13
begin cleaner{left: ("[FunctionalDependency:(s: {thickness}, t: {angle})]", 0.0), operator: *, right: (1.0, 1.0), result: 0.0}
列 'p' 不存在，对列 angle 不过滤，直接选择所有非无效值。
clean_bool length:3
newest best op: Uniop(df,'angle','4.8',(['thickness'], {(9.07475,)}),{left: ("[FunctionalDependency:(s: {thickness}, t: {angle})]", 0.0), operator: *, right: (1.0, 1.0), result: 0.0})
now error: 0.0
Block processing time: 0.099132 seconds
Computing Block 163 out of 200
Processing Block size=14
begin cleaner{left: ("[FunctionalDependency:(s: {thickness}, t: {angle})]", 0.0), operator: *, right: (1.0, 1.0), result: 0.0}
列 'p' 不存在，对列 angle 不过滤，直接选择所有非无效值。
clean_bool length:2
newest best op: Uniop(df,'angle','0.0',(['thickness'], {(0.00283081,)}),{left: ("[FunctionalDependency:(s: {thickness}, t: {angle})]", 1.0), operator: *, right: (1.0, 1.0), result: 1.0})
now error: 14.0
pruned: 1
UpdateCleanBool,purned:1
clean_bool length:1
Block processing time: 0.068901 seconds
Computing Block 165 out of 200
Processing Block size=3
begin cleaner{left: ("[FunctionalDependency:(s: {thickness}, t: {angle})]", 1.0), operator: *, right: (1.0, 1.0), result: 1.0}
列 'p' 不存在，对列 angle 不过滤，直接选择所有非无效值。
Block processing time: 0.007779 seconds
Computing Block 166 out of 200
Processing Block size=14
begin cleaner{left: ("[FunctionalDependency:(s: {thickness}, t: {angle})]", 0.0), operator: *, right: (1.0, 1.0), result: 0.0}
列 'p' 不存在，对列 angle 不过滤，直接选择所有非无效值。
Block processing time: 0.033518 seconds
Computing Block 168 out of 200
Processing Block size=15
begin cleaner{left: ("[FunctionalDependency:(s: {thickness}, t: {angle})]", 0.0), operator: *, right: (1.0, 1.0), result: 0.0}
列 'p' 不存在，对列 angle 不过滤，直接选择所有非无效值。
clean_bool length:2
newest best op: Uniop(df,'angle','0.0',(['thickness'], {(0.00172668,)}),{left: ("[FunctionalDependency:(s: {thickness}, t: {angle})]", 1.0), operator: *, right: (1.0, 1.0), result: 1.0})
now error: 15.0
pruned: 1
UpdateCleanBool,purned:1
clean_bool length:1
Block processing time: 0.073468 seconds
Computing Block 169 out of 200
Processing Block size=11
begin cleaner{left: ("[FunctionalDependency:(s: {thickness}, t: {angle})]", 1.0), operator: *, right: (1.0, 1.0), result: 1.0}
列 'p' 不存在，对列 angle 不过滤，直接选择所有非无效值。
Block processing time: 0.026678 seconds
Computing Block 170 out of 200
Processing Block size=10
begin cleaner{left: ("[FunctionalDependency:(s: {thickness}, t: {angle})]", 0.0), operator: *, right: (1.0, 1.0), result: 0.0}
列 'p' 不存在，对列 angle 不过滤，直接选择所有非无效值。
Block processing time: 0.02416 seconds
Computing Block 172 out of 200
Processing Block size=12
begin cleaner{left: ("[FunctionalDependency:(s: {thickness}, t: {angle})]", 0.0), operator: *, right: (1.0, 1.0), result: 0.0}
列 'p' 不存在，对列 angle 不过滤，直接选择所有非无效值。
Block processing time: 0.028922 seconds
Computing Block 173 out of 200
Processing Block size=13
begin cleaner{left: ("[FunctionalDependency:(s: {thickness}, t: {angle})]", 0.0), operator: *, right: (1.0, 1.0), result: 0.0}
列 'p' 不存在，对列 angle 不过滤，直接选择所有非无效值。
Block processing time: 0.031218 seconds
Computing Block 175 out of 200
Processing Block size=9
begin cleaner{left: ("[FunctionalDependency:(s: {thickness}, t: {angle})]", 0.0), operator: *, right: (1.0, 1.0), result: 0.0}
列 'p' 不存在，对列 angle 不过滤，直接选择所有非无效值。
Block processing time: 0.021952 seconds
Computing Block 176 out of 200
Processing Block size=15
begin cleaner{left: ("[FunctionalDependency:(s: {thickness}, t: {angle})]", 0.0), operator: *, right: (1.0, 1.0), result: 0.0}
列 'p' 不存在，对列 angle 不过滤，直接选择所有非无效值。
Block processing time: 0.035869 seconds
Computing Block 177 out of 200
Processing Block size=15
begin cleaner{left: ("[FunctionalDependency:(s: {thickness}, t: {angle})]", 0.0), operator: *, right: (1.0, 1.0), result: 0.0}
列 'p' 不存在，对列 angle 不过滤，直接选择所有非无效值。
Block processing time: 0.035958 seconds
Computing Block 178 out of 200
Processing Block size=8
begin cleaner{left: ("[FunctionalDependency:(s: {thickness}, t: {angle})]", 0.0), operator: *, right: (1.0, 1.0), result: 0.0}
列 'p' 不存在，对列 angle 不过滤，直接选择所有非无效值。
Block processing time: 0.019427 seconds
Computing Block 179 out of 200
Processing Block size=16
begin cleaner{left: ("[FunctionalDependency:(s: {thickness}, t: {angle})]", 0.0), operator: *, right: (1.0, 1.0), result: 0.0}
列 'p' 不存在，对列 angle 不过滤，直接选择所有非无效值。
Block processing time: 0.038028 seconds
Computing Block 180 out of 200
Processing Block size=14
begin cleaner{left: ("[FunctionalDependency:(s: {thickness}, t: {angle})]", 0.0), operator: *, right: (1.0, 1.0), result: 0.0}
列 'p' 不存在，对列 angle 不过滤，直接选择所有非无效值。
Block processing time: 0.033324 seconds
Computing Block 183 out of 200
Processing Block size=11
begin cleaner{left: ("[FunctionalDependency:(s: {thickness}, t: {angle})]", 0.0), operator: *, right: (1.0, 1.0), result: 0.0}
列 'p' 不存在，对列 angle 不过滤，直接选择所有非无效值。
Block processing time: 0.026706 seconds
Computing Block 185 out of 200
Processing Block size=14
begin cleaner{left: ("[FunctionalDependency:(s: {thickness}, t: {angle})]", 0.0), operator: *, right: (1.0, 1.0), result: 0.0}
列 'p' 不存在，对列 angle 不过滤，直接选择所有非无效值。
Block processing time: 0.033798 seconds
Computing Block 186 out of 200
Processing Block size=14
begin cleaner{left: ("[FunctionalDependency:(s: {thickness}, t: {angle})]", 0.0), operator: *, right: (1.0, 1.0), result: 0.0}
列 'p' 不存在，对列 angle 不过滤，直接选择所有非无效值。
Block processing time: 0.033601 seconds
Computing Block 188 out of 200
Processing Block size=13
begin cleaner{left: ("[FunctionalDependency:(s: {thickness}, t: {angle})]", 0.0), operator: *, right: (1.0, 1.0), result: 0.0}
列 'p' 不存在，对列 angle 不过滤，直接选择所有非无效值。
Block processing time: 0.031287 seconds
Computing Block 190 out of 200
Processing Block size=10
begin cleaner{left: ("[FunctionalDependency:(s: {thickness}, t: {angle})]", 0.0), operator: *, right: (1.0, 1.0), result: 0.0}
列 'p' 不存在，对列 angle 不过滤，直接选择所有非无效值。
clean_bool length:3
newest best op: Uniop(df,'angle','88.0',(['thickness'], {(8.48633,)}),{left: ("[FunctionalDependency:(s: {thickness}, t: {angle})]", 0.0), operator: *, right: (1.0, 1.0), result: 0.0})
now error: 0.0
newest best op: Uniop(df,'angle','4.8',(['thickness'], {(8.48633,)}),{left: ("[FunctionalDependency:(s: {thickness}, t: {angle})]", 0.0), operator: *, right: (1.0, 1.0), result: 0.0})
now error: 0.0
Block processing time: 0.077284 seconds
Computing Block 192 out of 200
Processing Block size=16
begin cleaner{left: ("[FunctionalDependency:(s: {thickness}, t: {angle})]", 0.0), operator: *, right: (1.0, 1.0), result: 0.0}
列 'p' 不存在，对列 angle 不过滤，直接选择所有非无效值。
Block processing time: 0.038004 seconds
Computing Block 194 out of 200
Processing Block size=11
begin cleaner{left: ("[FunctionalDependency:(s: {thickness}, t: {angle})]", 0.0), operator: *, right: (1.0, 1.0), result: 0.0}
列 'p' 不存在，对列 angle 不过滤，直接选择所有非无效值。WARNING:root:No partitioning rule specified, processing might be slow

Block processing time: 0.026682 seconds
Computing Block 196 out of 200
Processing Block size=6
begin cleaner{left: ("[FunctionalDependency:(s: {thickness}, t: {angle})]", 0.0), operator: *, right: (1.0, 1.0), result: 0.0}
列 'p' 不存在，对列 angle 不过滤，直接选择所有非无效值。
clean_bool length:2
newest best op: Uniop(df,'angle','0.0',(['thickness'], {(4.00682,)}),{left: ("[FunctionalDependency:(s: {thickness}, t: {angle})]", 1.0), operator: *, right: (1.0, 1.0), result: 1.0})
now error: 6.0
pruned: 1
UpdateCleanBool,purned:1
clean_bool length:1
Block processing time: 0.031513 seconds
Computing Block 198 out of 200
Processing Block size=12
begin cleaner{left: ("[FunctionalDependency:(s: {thickness}, t: {angle})]", 1.0), operator: *, right: (1.0, 1.0), result: 1.0}
列 'p' 不存在，对列 angle 不过滤，直接选择所有非无效值。
clean_bool length:2
newest best op: Uniop(df,'angle','0.0',(['thickness'], {(7.91822,)}),{left: ("[FunctionalDependency:(s: {thickness}, t: {angle})]", 1.0), operator: *, right: (1.0, 1.0), result: 1.0})
now error: 12.0
pruned: 1
UpdateCleanBool,purned:1
clean_bool length:1
Block processing time: 0.059411 seconds
Computing Block 199 out of 200
Processing Block size=14
begin cleaner{left: ("[FunctionalDependency:(s: {thickness}, t: {angle})]", 1.0), operator: *, right: (1.0, 1.0), result: 1.0}
列 'p' 不存在，对列 angle 不过滤，直接选择所有非无效值。
Block processing time: 0.033408 seconds
  当前节点: angle 有 30 个清洗操作
  当前节点: chord_length 存在可用清洗信号
数据块大小: 1503
分块属性:
[['thickness']]
Starting initial block mapping...
Initial number of blocks: 200
Final number of blocks after further splitting: 200
Computing Block 1 out of 200
Processing Block size=14
begin cleaner[FunctionalDependency:(s: {'thickness'}, t: {'chord_length'})]*1.0
列 'p' 不存在，对列 chord_length 不过滤，直接选择所有非无效值。
Block processing time: 0.033962 seconds
Computing Block 2 out of 200
Processing Block size=13
begin cleaner{left: ("[FunctionalDependency:(s: {thickness}, t: {chord_length})]", 0.0), operator: *, right: (1.0, 1.0), result: 0.0}
列 'p' 不存在，对列 chord_length 不过滤，直接选择所有非无效值。
Block processing time: 0.031363 seconds
Computing Block 3 out of 200
Processing Block size=14
begin cleaner{left: ("[FunctionalDependency:(s: {thickness}, t: {chord_length})]", 0.0), operator: *, right: (1.0, 1.0), result: 0.0}
列 'p' 不存在，对列 chord_length 不过滤，直接选择所有非无效值。
Block processing time: 0.033955 seconds
Computing Block 4 out of 200
Processing Block size=13
begin cleaner{left: ("[FunctionalDependency:(s: {thickness}, t: {chord_length})]", 0.0), operator: *, right: (1.0, 1.0), result: 0.0}
列 'p' 不存在，对列 chord_length 不过滤，直接选择所有非无效值。
Block processing time: 0.031256 seconds
Computing Block 5 out of 200
Processing Block size=11
begin cleaner{left: ("[FunctionalDependency:(s: {thickness}, t: {chord_length})]", 0.0), operator: *, right: (1.0, 1.0), result: 0.0}
列 'p' 不存在，对列 chord_length 不过滤，直接选择所有非无效值。
clean_bool length:4
newest best op: Uniop(df,'chord_length','0.0254',(['thickness'], {(4.28464,)}),{left: ("[FunctionalDependency:(s: {thickness}, t: {chord_length})]", 0.0), operator: *, right: (1.0, 1.0), result: 0.0})
now error: 0.0
Block processing time: 0.113805 seconds
Computing Block 6 out of 200
Processing Block size=12
begin cleaner{left: ("[FunctionalDependency:(s: {thickness}, t: {chord_length})]", 0.0), operator: *, right: (1.0, 1.0), result: 0.0}
列 'p' 不存在，对列 chord_length 不过滤，直接选择所有非无效值。
Block processing time: 0.029004 seconds
Computing Block 7 out of 200
Processing Block size=12
begin cleaner{left: ("[FunctionalDependency:(s: {thickness}, t: {chord_length})]", 0.0), operator: *, right: (1.0, 1.0), result: 0.0}
列 'p' 不存在，对列 chord_length 不过滤，直接选择所有非无效值。
Block processing time: 0.029164 seconds
Computing Block 9 out of 200
Processing Block size=11
begin cleaner{left: ("[FunctionalDependency:(s: {thickness}, t: {chord_length})]", 0.0), operator: *, right: (1.0, 1.0), result: 0.0}
列 'p' 不存在，对列 chord_length 不过滤，直接选择所有非无效值。
Block processing time: 0.026696 seconds
Computing Block 10 out of 200
Processing Block size=2
begin cleaner{left: ("[FunctionalDependency:(s: {thickness}, t: {chord_length})]", 0.0), operator: *, right: (1.0, 1.0), result: 0.0}
列 'p' 不存在，对列 chord_length 不过滤，直接选择所有非无效值。
Block processing time: 0.005405 seconds
Computing Block 11 out of 200
Processing Block size=13
begin cleaner{left: ("[FunctionalDependency:(s: {thickness}, t: {chord_length})]", 0.0), operator: *, right: (1.0, 1.0), result: 0.0}
列 'p' 不存在，对列 chord_length 不过滤，直接选择所有非无效值。
Block processing time: 0.03136 seconds
Computing Block 12 out of 200
Processing Block size=15
begin cleaner{left: ("[FunctionalDependency:(s: {thickness}, t: {chord_length})]", 0.0), operator: *, right: (1.0, 1.0), result: 0.0}
列 'p' 不存在，对列 chord_length 不过滤，直接选择所有非无效值。
Block processing time: 0.035985 seconds
Computing Block 15 out of 200
Processing Block size=2
begin cleaner{left: ("[FunctionalDependency:(s: {thickness}, t: {chord_length})]", 0.0), operator: *, right: (1.0, 1.0), result: 0.0}
列 'p' 不存在，对列 chord_length 不过滤，直接选择所有非无效值。
Block processing time: 0.008165 seconds
Computing Block 19 out of 200
Processing Block size=2
begin cleaner{left: ("[FunctionalDependency:(s: {thickness}, t: {chord_length})]", 0.0), operator: *, right: (1.0, 1.0), result: 0.0}
列 'p' 不存在，对列 chord_length 不过滤，直接选择所有非无效值。
Block processing time: 0.008505 seconds
Computing Block 20 out of 200
Processing Block size=15
begin cleaner{left: ("[FunctionalDependency:(s: {thickness}, t: {chord_length})]", 0.0), operator: *, right: (1.0, 1.0), result: 0.0}
列 'p' 不存在，对列 chord_length 不过滤，直接选择所有非无效值。
Block processing time: 0.038309 seconds
Computing Block 22 out of 200
Processing Block size=13
begin cleaner{left: ("[FunctionalDependency:(s: {thickness}, t: {chord_length})]", 0.0), operator: *, right: (1.0, 1.0), result: 0.0}
列 'p' 不存在，对列 chord_length 不过滤，直接选择所有非无效值。
Block processing time: 0.031519 seconds
Computing Block 23 out of 200
Processing Block size=15
begin cleaner{left: ("[FunctionalDependency:(s: {thickness}, t: {chord_length})]", 0.0), operator: *, right: (1.0, 1.0), result: 0.0}
列 'p' 不存在，对列 chord_length 不过滤，直接选择所有非无效值。
Block processing time: 0.03624 seconds
Computing Block 25 out of 200
Processing Block size=13
begin cleaner{left: ("[FunctionalDependency:(s: {thickness}, t: {chord_length})]", 0.0), operator: *, right: (1.0, 1.0), result: 0.0}
列 'p' 不存在，对列 chord_length 不过滤，直接选择所有非无效值。
Block processing time: 0.031383 seconds
Computing Block 27 out of 200
Processing Block size=14
begin cleaner{left: ("[FunctionalDependency:(s: {thickness}, t: {chord_length})]", 0.0), operator: *, right: (1.0, 1.0), result: 0.0}
列 'p' 不存在，对列 chord_length 不过滤，直接选择所有非无效值。
Block processing time: 0.034062 seconds
Computing Block 30 out of 200
Processing Block size=13
begin cleaner{left: ("[FunctionalDependency:(s: {thickness}, t: {chord_length})]", 0.0), operator: *, right: (1.0, 1.0), result: 0.0}
列 'p' 不存在，对列 chord_length 不过滤，直接选择所有非无效值。
Block processing time: 0.031192 seconds
Computing Block 32 out of 200
Processing Block size=11
begin cleaner{left: ("[FunctionalDependency:(s: {thickness}, t: {chord_length})]", 0.0), operator: *, right: (1.0, 1.0), result: 0.0}
列 'p' 不存在，对列 chord_length 不过滤，直接选择所有非无效值。
Block processing time: 0.026527 seconds
Computing Block 35 out of 200
Processing Block size=36
begin cleaner{left: ("[FunctionalDependency:(s: {thickness}, t: {chord_length})]", 0.0), operator: *, right: (1.0, 1.0), result: 0.0}
列 'p' 不存在，对列 chord_length 不过滤，直接选择所有非无效值。
clean_bool length:2
newest best op: Uniop(df,'chord_length','0.0254',(['thickness'], {(0.0,)}),{left: ("[FunctionalDependency:(s: {thickness}, t: {chord_length})]", 1.0), operator: *, right: (1.0, 1.0), result: 1.0})
now error: 36.0
pruned: 1
UpdateCleanBool,purned:1
clean_bool length:1
Block processing time: 0.186839 seconds
Computing Block 37 out of 200
Processing Block size=16
begin cleaner{left: ("[FunctionalDependency:(s: {thickness}, t: {chord_length})]", 1.0), operator: *, right: (1.0, 1.0), result: 1.0}
列 'p' 不存在，对列 chord_length 不过滤，直接选择所有非无效值。
Block processing time: 0.046316 seconds
Computing Block 44 out of 200
Processing Block size=11
begin cleaner{left: ("[FunctionalDependency:(s: {thickness}, t: {chord_length})]", 0.0), operator: *, right: (1.0, 1.0), result: 0.0}
列 'p' 不存在，对列 chord_length 不过滤，直接选择所有非无效值。
Block processing time: 0.026619 seconds
Computing Block 47 out of 200
Processing Block size=13
begin cleaner{left: ("[FunctionalDependency:(s: {thickness}, t: {chord_length})]", 0.0), operator: *, right: (1.0, 1.0), result: 0.0}
列 'p' 不存在，对列 chord_length 不过滤，直接选择所有非无效值。
Block processing time: 0.031063 seconds
Computing Block 48 out of 200
Processing Block size=3
begin cleaner{left: ("[FunctionalDependency:(s: {thickness}, t: {chord_length})]", 0.0), operator: *, right: (1.0, 1.0), result: 0.0}
列 'p' 不存在，对列 chord_length 不过滤，直接选择所有非无效值。
Block processing time: 0.007863 seconds
Computing Block 50 out of 200
Processing Block size=13
begin cleaner{left: ("[FunctionalDependency:(s: {thickness}, t: {chord_length})]", 0.0), operator: *, right: (1.0, 1.0), result: 0.0}
列 'p' 不存在，对列 chord_length 不过滤，直接选择所有非无效值。
Block processing time: 0.031093 seconds
Computing Block 53 out of 200
Processing Block size=12
begin cleaner{left: ("[FunctionalDependency:(s: {thickness}, t: {chord_length})]", 0.0), operator: *, right: (1.0, 1.0), result: 0.0}
列 'p' 不存在，对列 chord_length 不过滤，直接选择所有非无效值。
Block processing time: 0.028878 seconds
Computing Block 54 out of 200
Processing Block size=15
begin cleaner{left: ("[FunctionalDependency:(s: {thickness}, t: {chord_length})]", 0.0), operator: *, right: (1.0, 1.0), result: 0.0}
列 'p' 不存在，对列 chord_length 不过滤，直接选择所有非无效值。
Block processing time: 0.036025 seconds
Computing Block 56 out of 200
Processing Block size=12
begin cleaner{left: ("[FunctionalDependency:(s: {thickness}, t: {chord_length})]", 0.0), operator: *, right: (1.0, 1.0), result: 0.0}
列 'p' 不存在，对列 chord_length 不过滤，直接选择所有非无效值。
Block processing time: 0.029166 seconds
Computing Block 57 out of 200
Processing Block size=15
begin cleaner{left: ("[FunctionalDependency:(s: {thickness}, t: {chord_length})]", 0.0), operator: *, right: (1.0, 1.0), result: 0.0}
列 'p' 不存在，对列 chord_length 不过滤，直接选择所有非无效值。
Block processing time: 0.035747 seconds
Computing Block 60 out of 200
Processing Block size=15
begin cleaner{left: ("[FunctionalDependency:(s: {thickness}, t: {chord_length})]", 0.0), operator: *, right: (1.0, 1.0), result: 0.0}
列 'p' 不存在，对列 chord_length 不过滤，直接选择所有非无效值。
Block processing time: 0.035823 seconds
Computing Block 64 out of 200
Processing Block size=14
begin cleaner{left: ("[FunctionalDependency:(s: {thickness}, t: {chord_length})]", 0.0), operator: *, right: (1.0, 1.0), result: 0.0}
列 'p' 不存在，对列 chord_length 不过滤，直接选择所有非无效值。
Block processing time: 0.033546 seconds
Computing Block 66 out of 200
Processing Block size=12
begin cleaner{left: ("[FunctionalDependency:(s: {thickness}, t: {chord_length})]", 0.0), operator: *, right: (1.0, 1.0), result: 0.0}
列 'p' 不存在，对列 chord_length 不过滤，直接选择所有非无效值。
Block processing time: 0.028834 seconds
Computing Block 67 out of 200
Processing Block size=15
begin cleaner{left: ("[FunctionalDependency:(s: {thickness}, t: {chord_length})]", 0.0), operator: *, right: (1.0, 1.0), result: 0.0}
列 'p' 不存在，对列 chord_length 不过滤，直接选择所有非无效值。
Block processing time: 0.035943 seconds
Computing Block 68 out of 200
Processing Block size=12
begin cleaner{left: ("[FunctionalDependency:(s: {thickness}, t: {chord_length})]", 0.0), operator: *, right: (1.0, 1.0), result: 0.0}
列 'p' 不存在，对列 chord_length 不过滤，直接选择所有非无效值。
Block processing time: 0.028959 seconds
Computing Block 69 out of 200
Processing Block size=16
begin cleaner{left: ("[FunctionalDependency:(s: {thickness}, t: {chord_length})]", 0.0), operator: *, right: (1.0, 1.0), result: 0.0}
列 'p' 不存在，对列 chord_length 不过滤，直接选择所有非无效值。
Block processing time: 0.038224 seconds
Computing Block 73 out of 200
Processing Block size=16
begin cleaner{left: ("[FunctionalDependency:(s: {thickness}, t: {chord_length})]", 0.0), operator: *, right: (1.0, 1.0), result: 0.0}
列 'p' 不存在，对列 chord_length 不过滤，直接选择所有非无效值。
Block processing time: 0.038842 seconds
Computing Block 74 out of 200
Processing Block size=9
begin cleaner{left: ("[FunctionalDependency:(s: {thickness}, t: {chord_length})]", 0.0), operator: *, right: (1.0, 1.0), result: 0.0}
列 'p' 不存在，对列 chord_length 不过滤，直接选择所有非无效值。
Block processing time: 0.021983 seconds
Computing Block 75 out of 200
Processing Block size=14
begin cleaner{left: ("[FunctionalDependency:(s: {thickness}, t: {chord_length})]", 0.0), operator: *, right: (1.0, 1.0), result: 0.0}
列 'p' 不存在，对列 chord_length 不过滤，直接选择所有非无效值。
Block processing time: 0.03351 seconds
Computing Block 76 out of 200
Processing Block size=16
begin cleaner{left: ("[FunctionalDependency:(s: {thickness}, t: {chord_length})]", 0.0), operator: *, right: (1.0, 1.0), result: 0.0}
列 'p' 不存在，对列 chord_length 不过滤，直接选择所有非无效值。
Block processing time: 0.038253 seconds
Computing Block 77 out of 200
Processing Block size=16
begin cleaner{left: ("[FunctionalDependency:(s: {thickness}, t: {chord_length})]", 0.0), operator: *, right: (1.0, 1.0), result: 0.0}
列 'p' 不存在，对列 chord_length 不过滤，直接选择所有非无效值。
Block processing time: 0.038097 seconds
Computing Block 79 out of 200
Processing Block size=16
begin cleaner{left: ("[FunctionalDependency:(s: {thickness}, t: {chord_length})]", 0.0), operator: *, right: (1.0, 1.0), result: 0.0}
列 'p' 不存在，对列 chord_length 不过滤，直接选择所有非无效值。
Block processing time: 0.037936 seconds
Computing Block 80 out of 200
Processing Block size=15
begin cleaner{left: ("[FunctionalDependency:(s: {thickness}, t: {chord_length})]", 0.0), operator: *, right: (1.0, 1.0), result: 0.0}
列 'p' 不存在，对列 chord_length 不过滤，直接选择所有非无效值。
Block processing time: 0.036289 seconds
Computing Block 81 out of 200
Processing Block size=10
begin cleaner{left: ("[FunctionalDependency:(s: {thickness}, t: {chord_length})]", 0.0), operator: *, right: (1.0, 1.0), result: 0.0}
列 'p' 不存在，对列 chord_length 不过滤，直接选择所有非无效值。
Block processing time: 0.02401 seconds
Computing Block 83 out of 200
Processing Block size=15
begin cleaner{left: ("[FunctionalDependency:(s: {thickness}, t: {chord_length})]", 0.0), operator: *, right: (1.0, 1.0), result: 0.0}
列 'p' 不存在，对列 chord_length 不过滤，直接选择所有非无效值。
Block processing time: 0.035849 seconds
Computing Block 84 out of 200
Processing Block size=13
begin cleaner{left: ("[FunctionalDependency:(s: {thickness}, t: {chord_length})]", 0.0), operator: *, right: (1.0, 1.0), result: 0.0}
列 'p' 不存在，对列 chord_length 不过滤，直接选择所有非无效值。
Block processing time: 0.031178 seconds
Computing Block 88 out of 200
Processing Block size=12
begin cleaner{left: ("[FunctionalDependency:(s: {thickness}, t: {chord_length})]", 0.0), operator: *, right: (1.0, 1.0), result: 0.0}
列 'p' 不存在，对列 chord_length 不过滤，直接选择所有非无效值。
Block processing time: 0.028915 seconds
Computing Block 89 out of 200
Processing Block size=14
begin cleaner{left: ("[FunctionalDependency:(s: {thickness}, t: {chord_length})]", 0.0), operator: *, right: (1.0, 1.0), result: 0.0}
列 'p' 不存在，对列 chord_length 不过滤，直接选择所有非无效值。
Block processing time: 0.03352 seconds
Computing Block 92 out of 200
Processing Block size=10
begin cleaner{left: ("[FunctionalDependency:(s: {thickness}, t: {chord_length})]", 0.0), operator: *, right: (1.0, 1.0), result: 0.0}
列 'p' 不存在，对列 chord_length 不过滤，直接选择所有非无效值。
Block processing time: 0.024288 seconds
Computing Block 93 out of 200
Processing Block size=11
begin cleaner{left: ("[FunctionalDependency:(s: {thickness}, t: {chord_length})]", 0.0), operator: *, right: (1.0, 1.0), result: 0.0}
列 'p' 不存在，对列 chord_length 不过滤，直接选择所有非无效值。
Block processing time: 0.026437 seconds
Computing Block 95 out of 200
Processing Block size=11
begin cleaner{left: ("[FunctionalDependency:(s: {thickness}, t: {chord_length})]", 0.0), operator: *, right: (1.0, 1.0), result: 0.0}
列 'p' 不存在，对列 chord_length 不过滤，直接选择所有非无效值。
Block processing time: 0.026739 seconds
Computing Block 96 out of 200
Processing Block size=9
begin cleaner{left: ("[FunctionalDependency:(s: {thickness}, t: {chord_length})]", 0.0), operator: *, right: (1.0, 1.0), result: 0.0}
列 'p' 不存在，对列 chord_length 不过滤，直接选择所有非无效值。
Block processing time: 0.021769 seconds
Computing Block 97 out of 200
Processing Block size=14
begin cleaner{left: ("[FunctionalDependency:(s: {thickness}, t: {chord_length})]", 0.0), operator: *, right: (1.0, 1.0), result: 0.0}
列 'p' 不存在，对列 chord_length 不过滤，直接选择所有非无效值。
Block processing time: 0.033389 seconds
Computing Block 100 out of 200
Processing Block size=13
begin cleaner{left: ("[FunctionalDependency:(s: {thickness}, t: {chord_length})]", 0.0), operator: *, right: (1.0, 1.0), result: 0.0}
列 'p' 不存在，对列 chord_length 不过滤，直接选择所有非无效值。
Block processing time: 0.031093 seconds
Computing Block 102 out of 200
Processing Block size=15
begin cleaner{left: ("[FunctionalDependency:(s: {thickness}, t: {chord_length})]", 0.0), operator: *, right: (1.0, 1.0), result: 0.0}
列 'p' 不存在，对列 chord_length 不过滤，直接选择所有非无效值。
Block processing time: 0.03579 seconds
Computing Block 103 out of 200
Processing Block size=13
begin cleaner{left: ("[FunctionalDependency:(s: {thickness}, t: {chord_length})]", 0.0), operator: *, right: (1.0, 1.0), result: 0.0}
列 'p' 不存在，对列 chord_length 不过滤，直接选择所有非无效值。
Block processing time: 0.031225 seconds
Computing Block 106 out of 200
Processing Block size=14
begin cleaner{left: ("[FunctionalDependency:(s: {thickness}, t: {chord_length})]", 0.0), operator: *, right: (1.0, 1.0), result: 0.0}
列 'p' 不存在，对列 chord_length 不过滤，直接选择所有非无效值。
Block processing time: 0.033606 seconds
Computing Block 111 out of 200
Processing Block size=15
begin cleaner{left: ("[FunctionalDependency:(s: {thickness}, t: {chord_length})]", 0.0), operator: *, right: (1.0, 1.0), result: 0.0}
列 'p' 不存在，对列 chord_length 不过滤，直接选择所有非无效值。
Block processing time: 0.035901 seconds
Computing Block 112 out of 200
Processing Block size=10
begin cleaner{left: ("[FunctionalDependency:(s: {thickness}, t: {chord_length})]", 0.0), operator: *, right: (1.0, 1.0), result: 0.0}
列 'p' 不存在，对列 chord_length 不过滤，直接选择所有非无效值。
Block processing time: 0.024096 seconds
Computing Block 115 out of 200
Processing Block size=11
begin cleaner{left: ("[FunctionalDependency:(s: {thickness}, t: {chord_length})]", 0.0), operator: *, right: (1.0, 1.0), result: 0.0}
列 'p' 不存在，对列 chord_length 不过滤，直接选择所有非无效值。
Block processing time: 0.02648 seconds
Computing Block 116 out of 200
Processing Block size=11
begin cleaner{left: ("[FunctionalDependency:(s: {thickness}, t: {chord_length})]", 0.0), operator: *, right: (1.0, 1.0), result: 0.0}
列 'p' 不存在，对列 chord_length 不过滤，直接选择所有非无效值。
Block processing time: 0.026678 seconds
Computing Block 117 out of 200
Processing Block size=9
begin cleaner{left: ("[FunctionalDependency:(s: {thickness}, t: {chord_length})]", 0.0), operator: *, right: (1.0, 1.0), result: 0.0}
列 'p' 不存在，对列 chord_length 不过滤，直接选择所有非无效值。
Block processing time: 0.021939 seconds
Computing Block 119 out of 200
Processing Block size=16
begin cleaner{left: ("[FunctionalDependency:(s: {thickness}, t: {chord_length})]", 0.0), operator: *, right: (1.0, 1.0), result: 0.0}
列 'p' 不存在，对列 chord_length 不过滤，直接选择所有非无效值。
Block processing time: 0.038414 seconds
Computing Block 124 out of 200
Processing Block size=2
begin cleaner{left: ("[FunctionalDependency:(s: {thickness}, t: {chord_length})]", 0.0), operator: *, right: (1.0, 1.0), result: 0.0}
列 'p' 不存在，对列 chord_length 不过滤，直接选择所有非无效值。
Block processing time: 0.005435 seconds
Computing Block 128 out of 200
Processing Block size=14
begin cleaner{left: ("[FunctionalDependency:(s: {thickness}, t: {chord_length})]", 0.0), operator: *, right: (1.0, 1.0), result: 0.0}
列 'p' 不存在，对列 chord_length 不过滤，直接选择所有非无效值。
Block processing time: 0.03382 seconds
Computing Block 129 out of 200
Processing Block size=12
begin cleaner{left: ("[FunctionalDependency:(s: {thickness}, t: {chord_length})]", 0.0), operator: *, right: (1.0, 1.0), result: 0.0}
列 'p' 不存在，对列 chord_length 不过滤，直接选择所有非无效值。
Block processing time: 0.029335 seconds
Computing Block 130 out of 200
Processing Block size=14
begin cleaner{left: ("[FunctionalDependency:(s: {thickness}, t: {chord_length})]", 0.0), operator: *, right: (1.0, 1.0), result: 0.0}
列 'p' 不存在，对列 chord_length 不过滤，直接选择所有非无效值。
Block processing time: 0.033376 seconds
Computing Block 131 out of 200
Processing Block size=7
begin cleaner{left: ("[FunctionalDependency:(s: {thickness}, t: {chord_length})]", 0.0), operator: *, right: (1.0, 1.0), result: 0.0}
列 'p' 不存在，对列 chord_length 不过滤，直接选择所有非无效值。
Block processing time: 0.017062 seconds
Computing Block 132 out of 200
Processing Block size=14
begin cleaner{left: ("[FunctionalDependency:(s: {thickness}, t: {chord_length})]", 0.0), operator: *, right: (1.0, 1.0), result: 0.0}
列 'p' 不存在，对列 chord_length 不过滤，直接选择所有非无效值。
Block processing time: 0.033361 seconds
Computing Block 133 out of 200
Processing Block size=13
begin cleaner{left: ("[FunctionalDependency:(s: {thickness}, t: {chord_length})]", 0.0), operator: *, right: (1.0, 1.0), result: 0.0}
列 'p' 不存在，对列 chord_length 不过滤，直接选择所有非无效值。
Block processing time: 0.030998 seconds
Computing Block 134 out of 200
Processing Block size=8
begin cleaner{left: ("[FunctionalDependency:(s: {thickness}, t: {chord_length})]", 0.0), operator: *, right: (1.0, 1.0), result: 0.0}
列 'p' 不存在，对列 chord_length 不过滤，直接选择所有非无效值。
Block processing time: 0.019397 seconds
Computing Block 135 out of 200
Processing Block size=16
begin cleaner{left: ("[FunctionalDependency:(s: {thickness}, t: {chord_length})]", 0.0), operator: *, right: (1.0, 1.0), result: 0.0}
列 'p' 不存在，对列 chord_length 不过滤，直接选择所有非无效值。
Block processing time: 0.038213 seconds
Computing Block 138 out of 200
Processing Block size=22
begin cleaner{left: ("[FunctionalDependency:(s: {thickness}, t: {chord_length})]", 0.0), operator: *, right: (1.0, 1.0), result: 0.0}
列 'p' 不存在，对列 chord_length 不过滤，直接选择所有非无效值。
Block processing time: 0.0524 seconds
Computing Block 139 out of 200
Processing Block size=12
begin cleaner{left: ("[FunctionalDependency:(s: {thickness}, t: {chord_length})]", 0.0), operator: *, right: (1.0, 1.0), result: 0.0}
列 'p' 不存在，对列 chord_length 不过滤，直接选择所有非无效值。
Block processing time: 0.028804 seconds
Computing Block 140 out of 200
Processing Block size=13
begin cleaner{left: ("[FunctionalDependency:(s: {thickness}, t: {chord_length})]", 0.0), operator: *, right: (1.0, 1.0), result: 0.0}
列 'p' 不存在，对列 chord_length 不过滤，直接选择所有非无效值。
Block processing time: 0.031143 seconds
Computing Block 141 out of 200
Processing Block size=13
begin cleaner{left: ("[FunctionalDependency:(s: {thickness}, t: {chord_length})]", 0.0), operator: *, right: (1.0, 1.0), result: 0.0}
列 'p' 不存在，对列 chord_length 不过滤，直接选择所有非无效值。
Block processing time: 0.031092 seconds
Computing Block 142 out of 200
Processing Block size=13
begin cleaner{left: ("[FunctionalDependency:(s: {thickness}, t: {chord_length})]", 0.0), operator: *, right: (1.0, 1.0), result: 0.0}
列 'p' 不存在，对列 chord_length 不过滤，直接选择所有非无效值。
clean_bool length:4
newest best op: Uniop(df,'chord_length','0.0254',(['thickness'], {(4.39472,)}),{left: ("[FunctionalDependency:(s: {thickness}, t: {chord_length})]", 0.0), operator: *, right: (1.0, 1.0), result: 0.0})
now error: 0.0
Block processing time: 0.132743 seconds
Computing Block 143 out of 200
Processing Block size=14
begin cleaner{left: ("[FunctionalDependency:(s: {thickness}, t: {chord_length})]", 0.0), operator: *, right: (1.0, 1.0), result: 0.0}
列 'p' 不存在，对列 chord_length 不过滤，直接选择所有非无效值。
Block processing time: 0.03356 seconds
Computing Block 145 out of 200
Processing Block size=14
begin cleaner{left: ("[FunctionalDependency:(s: {thickness}, t: {chord_length})]", 0.0), operator: *, right: (1.0, 1.0), result: 0.0}
列 'p' 不存在，对列 chord_length 不过滤，直接选择所有非无效值。
Block processing time: 0.033915 seconds
Computing Block 146 out of 200
Processing Block size=8
begin cleaner{left: ("[FunctionalDependency:(s: {thickness}, t: {chord_length})]", 0.0), operator: *, right: (1.0, 1.0), result: 0.0}
列 'p' 不存在，对列 chord_length 不过滤，直接选择所有非无效值。
Block processing time: 0.019612 seconds
Computing Block 149 out of 200
Processing Block size=15
begin cleaner{left: ("[FunctionalDependency:(s: {thickness}, t: {chord_length})]", 0.0), operator: *, right: (1.0, 1.0), result: 0.0}
列 'p' 不存在，对列 chord_length 不过滤，直接选择所有非无效值。
Block processing time: 0.035909 seconds
Computing Block 151 out of 200
Processing Block size=18
begin cleaner{left: ("[FunctionalDependency:(s: {thickness}, t: {chord_length})]", 0.0), operator: *, right: (1.0, 1.0), result: 0.0}
列 'p' 不存在，对列 chord_length 不过滤，直接选择所有非无效值。
Block processing time: 0.042694 seconds
Computing Block 152 out of 200
Processing Block size=13
begin cleaner{left: ("[FunctionalDependency:(s: {thickness}, t: {chord_length})]", 0.0), operator: *, right: (1.0, 1.0), result: 0.0}
列 'p' 不存在，对列 chord_length 不过滤，直接选择所有非无效值。
Block processing time: 0.030983 seconds
Computing Block 153 out of 200
Processing Block size=13
begin cleaner{left: ("[FunctionalDependency:(s: {thickness}, t: {chord_length})]", 0.0), operator: *, right: (1.0, 1.0), result: 0.0}
列 'p' 不存在，对列 chord_length 不过滤，直接选择所有非无效值。
Block processing time: 0.031014 seconds
Computing Block 154 out of 200
Processing Block size=12
begin cleaner{left: ("[FunctionalDependency:(s: {thickness}, t: {chord_length})]", 0.0), operator: *, right: (1.0, 1.0), result: 0.0}
列 'p' 不存在，对列 chord_length 不过滤，直接选择所有非无效值。
Block processing time: 0.028731 seconds
Computing Block 160 out of 200
Processing Block size=11
begin cleaner{left: ("[FunctionalDependency:(s: {thickness}, t: {chord_length})]", 0.0), operator: *, right: (1.0, 1.0), result: 0.0}
列 'p' 不存在，对列 chord_length 不过滤，直接选择所有非无效值。
Block processing time: 0.026517 seconds
Computing Block 161 out of 200
Processing Block size=15
begin cleaner{left: ("[FunctionalDependency:(s: {thickness}, t: {chord_length})]", 0.0), operator: *, right: (1.0, 1.0), result: 0.0}
列 'p' 不存在，对列 chord_length 不过滤，直接选择所有非无效值。
Block processing time: 0.035776 seconds
Computing Block 162 out of 200
Processing Block size=13
begin cleaner{left: ("[FunctionalDependency:(s: {thickness}, t: {chord_length})]", 0.0), operator: *, right: (1.0, 1.0), result: 0.0}
列 'p' 不存在，对列 chord_length 不过滤，直接选择所有非无效值。
clean_bool length:3
newest best op: Uniop(df,'chord_length','0.2255',(['thickness'], {(9.07475,)}),{left: ("[FunctionalDependency:(s: {thickness}, t: {chord_length})]", 0.0), operator: *, right: (1.0, 1.0), result: 0.0})
now error: 0.0
newest best op: Uniop(df,'chord_length','0.0254',(['thickness'], {(9.07475,)}),{left: ("[FunctionalDependency:(s: {thickness}, t: {chord_length})]", 0.0), operator: *, right: (1.0, 1.0), result: 0.0})
now error: 0.0
Block processing time: 0.097858 seconds
Computing Block 163 out of 200
Processing Block size=14
begin cleaner{left: ("[FunctionalDependency:(s: {thickness}, t: {chord_length})]", 0.0), operator: *, right: (1.0, 1.0), result: 0.0}
列 'p' 不存在，对列 chord_length 不过滤，直接选择所有非无效值。
Block processing time: 0.033739 seconds
Computing Block 165 out of 200
Processing Block size=3
begin cleaner{left: ("[FunctionalDependency:(s: {thickness}, t: {chord_length})]", 0.0), operator: *, right: (1.0, 1.0), result: 0.0}
列 'p' 不存在，对列 chord_length 不过滤，直接选择所有非无效值。
Block processing time: 0.007733 seconds
Computing Block 166 out of 200
Processing Block size=14
begin cleaner{left: ("[FunctionalDependency:(s: {thickness}, t: {chord_length})]", 0.0), operator: *, right: (1.0, 1.0), result: 0.0}
列 'p' 不存在，对列 chord_length 不过滤，直接选择所有非无效值。
Block processing time: 0.033449 seconds
Computing Block 168 out of 200
Processing Block size=15
begin cleaner{left: ("[FunctionalDependency:(s: {thickness}, t: {chord_length})]", 0.0), operator: *, right: (1.0, 1.0), result: 0.0}
列 'p' 不存在，对列 chord_length 不过滤，直接选择所有非无效值。
Block processing time: 0.035771 seconds
Computing Block 169 out of 200
Processing Block size=11
begin cleaner{left: ("[FunctionalDependency:(s: {thickness}, t: {chord_length})]", 0.0), operator: *, right: (1.0, 1.0), result: 0.0}
列 'p' 不存在，对列 chord_length 不过滤，直接选择所有非无效值。
Block processing time: 0.026562 seconds
Computing Block 170 out of 200
Processing Block size=10
begin cleaner{left: ("[FunctionalDependency:(s: {thickness}, t: {chord_length})]", 0.0), operator: *, right: (1.0, 1.0), result: 0.0}
列 'p' 不存在，对列 chord_length 不过滤，直接选择所有非无效值。
Block processing time: 0.024158 seconds
Computing Block 172 out of 200
Processing Block size=12
begin cleaner{left: ("[FunctionalDependency:(s: {thickness}, t: {chord_length})]", 0.0), operator: *, right: (1.0, 1.0), result: 0.0}
列 'p' 不存在，对列 chord_length 不过滤，直接选择所有非无效值。
Block processing time: 0.029225 secondsWARNING:root:No partitioning rule specified, processing might be slow

Computing Block 173 out of 200
Processing Block size=13
begin cleaner{left: ("[FunctionalDependency:(s: {thickness}, t: {chord_length})]", 0.0), operator: *, right: (1.0, 1.0), result: 0.0}
列 'p' 不存在，对列 chord_length 不过滤，直接选择所有非无效值。
Block processing time: 0.031184 seconds
Computing Block 175 out of 200
Processing Block size=9
begin cleaner{left: ("[FunctionalDependency:(s: {thickness}, t: {chord_length})]", 0.0), operator: *, right: (1.0, 1.0), result: 0.0}
列 'p' 不存在，对列 chord_length 不过滤，直接选择所有非无效值。
Block processing time: 0.022213 seconds
Computing Block 176 out of 200
Processing Block size=15
begin cleaner{left: ("[FunctionalDependency:(s: {thickness}, t: {chord_length})]", 0.0), operator: *, right: (1.0, 1.0), result: 0.0}
列 'p' 不存在，对列 chord_length 不过滤，直接选择所有非无效值。
Block processing time: 0.035678 seconds
Computing Block 177 out of 200
Processing Block size=15
begin cleaner{left: ("[FunctionalDependency:(s: {thickness}, t: {chord_length})]", 0.0), operator: *, right: (1.0, 1.0), result: 0.0}
列 'p' 不存在，对列 chord_length 不过滤，直接选择所有非无效值。
Block processing time: 0.035827 seconds
Computing Block 178 out of 200
Processing Block size=8
begin cleaner{left: ("[FunctionalDependency:(s: {thickness}, t: {chord_length})]", 0.0), operator: *, right: (1.0, 1.0), result: 0.0}
列 'p' 不存在，对列 chord_length 不过滤，直接选择所有非无效值。
Block processing time: 0.019303 seconds
Computing Block 179 out of 200
Processing Block size=16
begin cleaner{left: ("[FunctionalDependency:(s: {thickness}, t: {chord_length})]", 0.0), operator: *, right: (1.0, 1.0), result: 0.0}
列 'p' 不存在，对列 chord_length 不过滤，直接选择所有非无效值。
Block processing time: 0.038165 seconds
Computing Block 180 out of 200
Processing Block size=14
begin cleaner{left: ("[FunctionalDependency:(s: {thickness}, t: {chord_length})]", 0.0), operator: *, right: (1.0, 1.0), result: 0.0}
列 'p' 不存在，对列 chord_length 不过滤，直接选择所有非无效值。
Block processing time: 0.033379 seconds
Computing Block 183 out of 200
Processing Block size=11
begin cleaner{left: ("[FunctionalDependency:(s: {thickness}, t: {chord_length})]", 0.0), operator: *, right: (1.0, 1.0), result: 0.0}
列 'p' 不存在，对列 chord_length 不过滤，直接选择所有非无效值。
Block processing time: 0.02656 seconds
Computing Block 185 out of 200
Processing Block size=14
begin cleaner{left: ("[FunctionalDependency:(s: {thickness}, t: {chord_length})]", 0.0), operator: *, right: (1.0, 1.0), result: 0.0}
列 'p' 不存在，对列 chord_length 不过滤，直接选择所有非无效值。
Block processing time: 0.033653 seconds
Computing Block 186 out of 200
Processing Block size=14
begin cleaner{left: ("[FunctionalDependency:(s: {thickness}, t: {chord_length})]", 0.0), operator: *, right: (1.0, 1.0), result: 0.0}
列 'p' 不存在，对列 chord_length 不过滤，直接选择所有非无效值。
Block processing time: 0.033682 seconds
Computing Block 188 out of 200
Processing Block size=13
begin cleaner{left: ("[FunctionalDependency:(s: {thickness}, t: {chord_length})]", 0.0), operator: *, right: (1.0, 1.0), result: 0.0}
列 'p' 不存在，对列 chord_length 不过滤，直接选择所有非无效值。
Block processing time: 0.031424 seconds
Computing Block 190 out of 200
Processing Block size=10
begin cleaner{left: ("[FunctionalDependency:(s: {thickness}, t: {chord_length})]", 0.0), operator: *, right: (1.0, 1.0), result: 0.0}
列 'p' 不存在，对列 chord_length 不过滤，直接选择所有非无效值。
clean_bool length:4
newest best op: Uniop(df,'chord_length','0.0254',(['thickness'], {(8.48633,)}),{left: ("[FunctionalDependency:(s: {thickness}, t: {chord_length})]", 0.0), operator: *, right: (1.0, 1.0), result: 0.0})
now error: 0.0
Block processing time: 0.103779 seconds
Computing Block 192 out of 200
Processing Block size=16
begin cleaner{left: ("[FunctionalDependency:(s: {thickness}, t: {chord_length})]", 0.0), operator: *, right: (1.0, 1.0), result: 0.0}
列 'p' 不存在，对列 chord_length 不过滤，直接选择所有非无效值。
Block processing time: 0.038446 seconds
Computing Block 194 out of 200
Processing Block size=11
begin cleaner{left: ("[FunctionalDependency:(s: {thickness}, t: {chord_length})]", 0.0), operator: *, right: (1.0, 1.0), result: 0.0}
列 'p' 不存在，对列 chord_length 不过滤，直接选择所有非无效值。
Block processing time: 0.026827 seconds
Computing Block 196 out of 200
Processing Block size=6
begin cleaner{left: ("[FunctionalDependency:(s: {thickness}, t: {chord_length})]", 0.0), operator: *, right: (1.0, 1.0), result: 0.0}
列 'p' 不存在，对列 chord_length 不过滤，直接选择所有非无效值。
clean_bool length:3
newest best op: Uniop(df,'chord_length','0.0254',(['thickness'], {(4.00682,)}),{left: ("[FunctionalDependency:(s: {thickness}, t: {chord_length})]", 0.0), operator: *, right: (1.0, 1.0), result: 0.0})
now error: 0.0
Block processing time: 0.048152 seconds
Computing Block 198 out of 200
Processing Block size=12
begin cleaner{left: ("[FunctionalDependency:(s: {thickness}, t: {chord_length})]", 0.0), operator: *, right: (1.0, 1.0), result: 0.0}
列 'p' 不存在，对列 chord_length 不过滤，直接选择所有非无效值。
clean_bool length:3
newest best op: Uniop(df,'chord_length','0.0508',(['thickness'], {(7.91822,)}),{left: ("[FunctionalDependency:(s: {thickness}, t: {chord_length})]", 0.0), operator: *, right: (1.0, 1.0), result: 0.0})
now error: 0.0
Block processing time: 0.091344 seconds
Computing Block 199 out of 200
Processing Block size=14
begin cleaner{left: ("[FunctionalDependency:(s: {thickness}, t: {chord_length})]", 0.0), operator: *, right: (1.0, 1.0), result: 0.0}
列 'p' 不存在，对列 chord_length 不过滤，直接选择所有非无效值。
Block processing time: 0.033781 seconds
  当前节点: chord_length 有 7 个清洗操作
  当前节点: velocity 存在可用清洗信号
数据块大小: 1503
分块属性:
[['thickness']]
Starting initial block mapping...
Initial number of blocks: 200
Final number of blocks after further splitting: 200
Computing Block 1 out of 200
Processing Block size=14
begin cleaner[FunctionalDependency:(s: {'thickness'}, t: {'velocity'})]*1.0
列 'p' 不存在，对列 velocity 不过滤，直接选择所有非无效值。
Block processing time: 0.041186 seconds
Computing Block 2 out of 200
Processing Block size=13
begin cleaner{left: ("[FunctionalDependency:(s: {thickness}, t: {velocity})]", 0.0), operator: *, right: (1.0, 1.0), result: 0.0}
列 'p' 不存在，对列 velocity 不过滤，直接选择所有非无效值。
Block processing time: 0.038272 seconds
Computing Block 3 out of 200
Processing Block size=14
begin cleaner{left: ("[FunctionalDependency:(s: {thickness}, t: {velocity})]", 0.0), operator: *, right: (1.0, 1.0), result: 0.0}
列 'p' 不存在，对列 velocity 不过滤，直接选择所有非无效值。
Block processing time: 0.035356 seconds
Computing Block 4 out of 200
Processing Block size=13
begin cleaner{left: ("[FunctionalDependency:(s: {thickness}, t: {velocity})]", 0.0), operator: *, right: (1.0, 1.0), result: 0.0}
列 'p' 不存在，对列 velocity 不过滤，直接选择所有非无效值。
Block processing time: 0.031256 seconds
Computing Block 5 out of 200
Processing Block size=11
begin cleaner{left: ("[FunctionalDependency:(s: {thickness}, t: {velocity})]", 0.0), operator: *, right: (1.0, 1.0), result: 0.0}
列 'p' 不存在，对列 velocity 不过滤，直接选择所有非无效值。
clean_bool length:3
newest best op: Uniop(df,'velocity','99.0',(['thickness'], {(4.28464,)}),{left: ("[FunctionalDependency:(s: {thickness}, t: {velocity})]", 0.0), operator: *, right: (1.0, 1.0), result: 0.0})
now error: 0.0
newest best op: Uniop(df,'velocity','39.6',(['thickness'], {(4.28464,)}),{left: ("[FunctionalDependency:(s: {thickness}, t: {velocity})]", 0.0), operator: *, right: (1.0, 1.0), result: 0.0})
now error: 0.0
Block processing time: 0.084381 seconds
Computing Block 6 out of 200
Processing Block size=12
begin cleaner{left: ("[FunctionalDependency:(s: {thickness}, t: {velocity})]", 0.0), operator: *, right: (1.0, 1.0), result: 0.0}
列 'p' 不存在，对列 velocity 不过滤，直接选择所有非无效值。
Block processing time: 0.028927 seconds
Computing Block 7 out of 200
Processing Block size=12
begin cleaner{left: ("[FunctionalDependency:(s: {thickness}, t: {velocity})]", 0.0), operator: *, right: (1.0, 1.0), result: 0.0}
列 'p' 不存在，对列 velocity 不过滤，直接选择所有非无效值。
Block processing time: 0.028917 seconds
Computing Block 9 out of 200
Processing Block size=11
begin cleaner{left: ("[FunctionalDependency:(s: {thickness}, t: {velocity})]", 0.0), operator: *, right: (1.0, 1.0), result: 0.0}
列 'p' 不存在，对列 velocity 不过滤，直接选择所有非无效值。
Block processing time: 0.026516 seconds
Computing Block 10 out of 200
Processing Block size=2
begin cleaner{left: ("[FunctionalDependency:(s: {thickness}, t: {velocity})]", 0.0), operator: *, right: (1.0, 1.0), result: 0.0}
列 'p' 不存在，对列 velocity 不过滤，直接选择所有非无效值。
Block processing time: 0.005461 seconds
Computing Block 11 out of 200
Processing Block size=13
begin cleaner{left: ("[FunctionalDependency:(s: {thickness}, t: {velocity})]", 0.0), operator: *, right: (1.0, 1.0), result: 0.0}
列 'p' 不存在，对列 velocity 不过滤，直接选择所有非无效值。
Block processing time: 0.031457 seconds
Computing Block 12 out of 200
Processing Block size=15
begin cleaner{left: ("[FunctionalDependency:(s: {thickness}, t: {velocity})]", 0.0), operator: *, right: (1.0, 1.0), result: 0.0}
列 'p' 不存在，对列 velocity 不过滤，直接选择所有非无效值。
Block processing time: 0.042622 seconds
Computing Block 15 out of 200
Processing Block size=2
begin cleaner{left: ("[FunctionalDependency:(s: {thickness}, t: {velocity})]", 0.0), operator: *, right: (1.0, 1.0), result: 0.0}
列 'p' 不存在，对列 velocity 不过滤，直接选择所有非无效值。
Block processing time: 0.006485 seconds
Computing Block 19 out of 200
Processing Block size=2
begin cleaner{left: ("[FunctionalDependency:(s: {thickness}, t: {velocity})]", 0.0), operator: *, right: (1.0, 1.0), result: 0.0}
列 'p' 不存在，对列 velocity 不过滤，直接选择所有非无效值。
Block processing time: 0.006492 seconds
Computing Block 20 out of 200
Processing Block size=15
begin cleaner{left: ("[FunctionalDependency:(s: {thickness}, t: {velocity})]", 0.0), operator: *, right: (1.0, 1.0), result: 0.0}
列 'p' 不存在，对列 velocity 不过滤，直接选择所有非无效值。
Block processing time: 0.039347 seconds
Computing Block 22 out of 200
Processing Block size=13
begin cleaner{left: ("[FunctionalDependency:(s: {thickness}, t: {velocity})]", 0.0), operator: *, right: (1.0, 1.0), result: 0.0}
列 'p' 不存在，对列 velocity 不过滤，直接选择所有非无效值。
Block processing time: 0.03137 seconds
Computing Block 23 out of 200
Processing Block size=15
begin cleaner{left: ("[FunctionalDependency:(s: {thickness}, t: {velocity})]", 0.0), operator: *, right: (1.0, 1.0), result: 0.0}
列 'p' 不存在，对列 velocity 不过滤，直接选择所有非无效值。
Block processing time: 0.035847 seconds
Computing Block 25 out of 200
Processing Block size=13
begin cleaner{left: ("[FunctionalDependency:(s: {thickness}, t: {velocity})]", 0.0), operator: *, right: (1.0, 1.0), result: 0.0}
列 'p' 不存在，对列 velocity 不过滤，直接选择所有非无效值。
Block processing time: 0.031127 seconds
Computing Block 27 out of 200
Processing Block size=14
begin cleaner{left: ("[FunctionalDependency:(s: {thickness}, t: {velocity})]", 0.0), operator: *, right: (1.0, 1.0), result: 0.0}
列 'p' 不存在，对列 velocity 不过滤，直接选择所有非无效值。
Block processing time: 0.033521 seconds
Computing Block 30 out of 200
Processing Block size=13
begin cleaner{left: ("[FunctionalDependency:(s: {thickness}, t: {velocity})]", 0.0), operator: *, right: (1.0, 1.0), result: 0.0}
列 'p' 不存在，对列 velocity 不过滤，直接选择所有非无效值。
Block processing time: 0.0312 seconds
Computing Block 32 out of 200
Processing Block size=11
begin cleaner{left: ("[FunctionalDependency:(s: {thickness}, t: {velocity})]", 0.0), operator: *, right: (1.0, 1.0), result: 0.0}
列 'p' 不存在，对列 velocity 不过滤，直接选择所有非无效值。
Block processing time: 0.02679 seconds
Computing Block 35 out of 200
Processing Block size=36
begin cleaner{left: ("[FunctionalDependency:(s: {thickness}, t: {velocity})]", 0.0), operator: *, right: (1.0, 1.0), result: 0.0}
列 'p' 不存在，对列 velocity 不过滤，直接选择所有非无效值。
clean_bool length:2
newest best op: Uniop(df,'velocity','71.3',(['thickness'], {(0.0,)}),{left: ("[FunctionalDependency:(s: {thickness}, t: {velocity})]", 1.0), operator: *, right: (1.0, 1.0), result: 1.0})
now error: 36.0
pruned: 1
UpdateCleanBool,purned:1
clean_bool length:1
Block processing time: 0.17238 seconds
Computing Block 37 out of 200
Processing Block size=16
begin cleaner{left: ("[FunctionalDependency:(s: {thickness}, t: {velocity})]", 1.0), operator: *, right: (1.0, 1.0), result: 1.0}
列 'p' 不存在，对列 velocity 不过滤，直接选择所有非无效值。
Block processing time: 0.038753 seconds
Computing Block 44 out of 200
Processing Block size=11
begin cleaner{left: ("[FunctionalDependency:(s: {thickness}, t: {velocity})]", 0.0), operator: *, right: (1.0, 1.0), result: 0.0}
列 'p' 不存在，对列 velocity 不过滤，直接选择所有非无效值。
Block processing time: 0.026736 seconds
Computing Block 47 out of 200
Processing Block size=13
begin cleaner{left: ("[FunctionalDependency:(s: {thickness}, t: {velocity})]", 0.0), operator: *, right: (1.0, 1.0), result: 0.0}
列 'p' 不存在，对列 velocity 不过滤，直接选择所有非无效值。
Block processing time: 0.031357 seconds
Computing Block 48 out of 200
Processing Block size=3
begin cleaner{left: ("[FunctionalDependency:(s: {thickness}, t: {velocity})]", 0.0), operator: *, right: (1.0, 1.0), result: 0.0}
列 'p' 不存在，对列 velocity 不过滤，直接选择所有非无效值。
Block processing time: 0.007816 seconds
Computing Block 50 out of 200
Processing Block size=13
begin cleaner{left: ("[FunctionalDependency:(s: {thickness}, t: {velocity})]", 0.0), operator: *, right: (1.0, 1.0), result: 0.0}
列 'p' 不存在，对列 velocity 不过滤，直接选择所有非无效值。
clean_bool length:3
newest best op: Uniop(df,'velocity','33.0',(['thickness'], {(9.30789,)}),{left: ("[FunctionalDependency:(s: {thickness}, t: {velocity})]", 0.0), operator: *, right: (1.0, 1.0), result: 0.0})
now error: 0.0
newest best op: Uniop(df,'velocity','31.7',(['thickness'], {(9.30789,)}),{left: ("[FunctionalDependency:(s: {thickness}, t: {velocity})]", 0.0), operator: *, right: (1.0, 1.0), result: 0.0})
now error: 0.0
Block processing time: 0.098837 seconds
Computing Block 53 out of 200
Processing Block size=12
begin cleaner{left: ("[FunctionalDependency:(s: {thickness}, t: {velocity})]", 0.0), operator: *, right: (1.0, 1.0), result: 0.0}
列 'p' 不存在，对列 velocity 不过滤，直接选择所有非无效值。
Block processing time: 0.029098 seconds
Computing Block 54 out of 200
Processing Block size=15
begin cleaner{left: ("[FunctionalDependency:(s: {thickness}, t: {velocity})]", 0.0), operator: *, right: (1.0, 1.0), result: 0.0}
列 'p' 不存在，对列 velocity 不过滤，直接选择所有非无效值。
Block processing time: 0.036287 seconds
Computing Block 56 out of 200
Processing Block size=12
begin cleaner{left: ("[FunctionalDependency:(s: {thickness}, t: {velocity})]", 0.0), operator: *, right: (1.0, 1.0), result: 0.0}
列 'p' 不存在，对列 velocity 不过滤，直接选择所有非无效值。
Block processing time: 0.028677 seconds
Computing Block 57 out of 200
Processing Block size=15
begin cleaner{left: ("[FunctionalDependency:(s: {thickness}, t: {velocity})]", 0.0), operator: *, right: (1.0, 1.0), result: 0.0}
列 'p' 不存在，对列 velocity 不过滤，直接选择所有非无效值。
Block processing time: 0.036199 seconds
Computing Block 60 out of 200
Processing Block size=15
begin cleaner{left: ("[FunctionalDependency:(s: {thickness}, t: {velocity})]", 0.0), operator: *, right: (1.0, 1.0), result: 0.0}
列 'p' 不存在，对列 velocity 不过滤，直接选择所有非无效值。
Block processing time: 0.036057 seconds
Computing Block 64 out of 200
Processing Block size=14
begin cleaner{left: ("[FunctionalDependency:(s: {thickness}, t: {velocity})]", 0.0), operator: *, right: (1.0, 1.0), result: 0.0}
列 'p' 不存在，对列 velocity 不过滤，直接选择所有非无效值。
Block processing time: 0.033319 seconds
Computing Block 66 out of 200
Processing Block size=12
begin cleaner{left: ("[FunctionalDependency:(s: {thickness}, t: {velocity})]", 0.0), operator: *, right: (1.0, 1.0), result: 0.0}
列 'p' 不存在，对列 velocity 不过滤，直接选择所有非无效值。
Block processing time: 0.028917 seconds
Computing Block 67 out of 200
Processing Block size=15
begin cleaner{left: ("[FunctionalDependency:(s: {thickness}, t: {velocity})]", 0.0), operator: *, right: (1.0, 1.0), result: 0.0}
列 'p' 不存在，对列 velocity 不过滤，直接选择所有非无效值。
Block processing time: 0.036049 seconds
Computing Block 68 out of 200
Processing Block size=12
begin cleaner{left: ("[FunctionalDependency:(s: {thickness}, t: {velocity})]", 0.0), operator: *, right: (1.0, 1.0), result: 0.0}
列 'p' 不存在，对列 velocity 不过滤，直接选择所有非无效值。
Block processing time: 0.029138 seconds
Computing Block 69 out of 200
Processing Block size=16
begin cleaner{left: ("[FunctionalDependency:(s: {thickness}, t: {velocity})]", 0.0), operator: *, right: (1.0, 1.0), result: 0.0}
列 'p' 不存在，对列 velocity 不过滤，直接选择所有非无效值。
Block processing time: 0.038105 seconds
Computing Block 73 out of 200
Processing Block size=16
begin cleaner{left: ("[FunctionalDependency:(s: {thickness}, t: {velocity})]", 0.0), operator: *, right: (1.0, 1.0), result: 0.0}
列 'p' 不存在，对列 velocity 不过滤，直接选择所有非无效值。
Block processing time: 0.038179 seconds
Computing Block 74 out of 200
Processing Block size=9
begin cleaner{left: ("[FunctionalDependency:(s: {thickness}, t: {velocity})]", 0.0), operator: *, right: (1.0, 1.0), result: 0.0}
列 'p' 不存在，对列 velocity 不过滤，直接选择所有非无效值。
Block processing time: 0.022229 seconds
Computing Block 75 out of 200
Processing Block size=14
begin cleaner{left: ("[FunctionalDependency:(s: {thickness}, t: {velocity})]", 0.0), operator: *, right: (1.0, 1.0), result: 0.0}
列 'p' 不存在，对列 velocity 不过滤，直接选择所有非无效值。
Block processing time: 0.033362 seconds
Computing Block 76 out of 200
Processing Block size=16
begin cleaner{left: ("[FunctionalDependency:(s: {thickness}, t: {velocity})]", 0.0), operator: *, right: (1.0, 1.0), result: 0.0}
列 'p' 不存在，对列 velocity 不过滤，直接选择所有非无效值。
Block processing time: 0.038165 seconds
Computing Block 77 out of 200
Processing Block size=16
begin cleaner{left: ("[FunctionalDependency:(s: {thickness}, t: {velocity})]", 0.0), operator: *, right: (1.0, 1.0), result: 0.0}
列 'p' 不存在，对列 velocity 不过滤，直接选择所有非无效值。
Block processing time: 0.038383 seconds
Computing Block 79 out of 200
Processing Block size=16
begin cleaner{left: ("[FunctionalDependency:(s: {thickness}, t: {velocity})]", 0.0), operator: *, right: (1.0, 1.0), result: 0.0}
列 'p' 不存在，对列 velocity 不过滤，直接选择所有非无效值。
Block processing time: 0.038267 seconds
Computing Block 80 out of 200
Processing Block size=15
begin cleaner{left: ("[FunctionalDependency:(s: {thickness}, t: {velocity})]", 0.0), operator: *, right: (1.0, 1.0), result: 0.0}
列 'p' 不存在，对列 velocity 不过滤，直接选择所有非无效值。
Block processing time: 0.035876 seconds
Computing Block 81 out of 200
Processing Block size=10
begin cleaner{left: ("[FunctionalDependency:(s: {thickness}, t: {velocity})]", 0.0), operator: *, right: (1.0, 1.0), result: 0.0}
列 'p' 不存在，对列 velocity 不过滤，直接选择所有非无效值。
Block processing time: 0.024165 seconds
Computing Block 83 out of 200
Processing Block size=15
begin cleaner{left: ("[FunctionalDependency:(s: {thickness}, t: {velocity})]", 0.0), operator: *, right: (1.0, 1.0), result: 0.0}
列 'p' 不存在，对列 velocity 不过滤，直接选择所有非无效值。
Block processing time: 0.036181 seconds
Computing Block 84 out of 200
Processing Block size=13
begin cleaner{left: ("[FunctionalDependency:(s: {thickness}, t: {velocity})]", 0.0), operator: *, right: (1.0, 1.0), result: 0.0}
列 'p' 不存在，对列 velocity 不过滤，直接选择所有非无效值。
Block processing time: 0.031244 seconds
Computing Block 88 out of 200
Processing Block size=12
begin cleaner{left: ("[FunctionalDependency:(s: {thickness}, t: {velocity})]", 0.0), operator: *, right: (1.0, 1.0), result: 0.0}
列 'p' 不存在，对列 velocity 不过滤，直接选择所有非无效值。
Block processing time: 0.028977 seconds
Computing Block 89 out of 200
Processing Block size=14
begin cleaner{left: ("[FunctionalDependency:(s: {thickness}, t: {velocity})]", 0.0), operator: *, right: (1.0, 1.0), result: 0.0}
列 'p' 不存在，对列 velocity 不过滤，直接选择所有非无效值。
Block processing time: 0.03347 seconds
Computing Block 92 out of 200
Processing Block size=10
begin cleaner{left: ("[FunctionalDependency:(s: {thickness}, t: {velocity})]", 0.0), operator: *, right: (1.0, 1.0), result: 0.0}
列 'p' 不存在，对列 velocity 不过滤，直接选择所有非无效值。
Block processing time: 0.024299 seconds
Computing Block 93 out of 200
Processing Block size=11
begin cleaner{left: ("[FunctionalDependency:(s: {thickness}, t: {velocity})]", 0.0), operator: *, right: (1.0, 1.0), result: 0.0}
列 'p' 不存在，对列 velocity 不过滤，直接选择所有非无效值。
Block processing time: 0.026566 seconds
Computing Block 95 out of 200
Processing Block size=11
begin cleaner{left: ("[FunctionalDependency:(s: {thickness}, t: {velocity})]", 0.0), operator: *, right: (1.0, 1.0), result: 0.0}
列 'p' 不存在，对列 velocity 不过滤，直接选择所有非无效值。
Block processing time: 0.026442 seconds
Computing Block 96 out of 200
Processing Block size=9
begin cleaner{left: ("[FunctionalDependency:(s: {thickness}, t: {velocity})]", 0.0), operator: *, right: (1.0, 1.0), result: 0.0}
列 'p' 不存在，对列 velocity 不过滤，直接选择所有非无效值。
Block processing time: 0.02185 seconds
Computing Block 97 out of 200
Processing Block size=14
begin cleaner{left: ("[FunctionalDependency:(s: {thickness}, t: {velocity})]", 0.0), operator: *, right: (1.0, 1.0), result: 0.0}
列 'p' 不存在，对列 velocity 不过滤，直接选择所有非无效值。
Block processing time: 0.033721 seconds
Computing Block 100 out of 200
Processing Block size=13
begin cleaner{left: ("[FunctionalDependency:(s: {thickness}, t: {velocity})]", 0.0), operator: *, right: (1.0, 1.0), result: 0.0}
列 'p' 不存在，对列 velocity 不过滤，直接选择所有非无效值。
Block processing time: 0.031422 seconds
Computing Block 102 out of 200
Processing Block size=15
begin cleaner{left: ("[FunctionalDependency:(s: {thickness}, t: {velocity})]", 0.0), operator: *, right: (1.0, 1.0), result: 0.0}
列 'p' 不存在，对列 velocity 不过滤，直接选择所有非无效值。
Block processing time: 0.035982 seconds
Computing Block 103 out of 200
Processing Block size=13
begin cleaner{left: ("[FunctionalDependency:(s: {thickness}, t: {velocity})]", 0.0), operator: *, right: (1.0, 1.0), result: 0.0}
列 'p' 不存在，对列 velocity 不过滤，直接选择所有非无效值。
clean_bool length:4
newest best op: Uniop(df,'velocity','1177.0',(['thickness'], {(8.12164,)}),{left: ("[FunctionalDependency:(s: {thickness}, t: {velocity})]", 0.0), operator: *, right: (1.0, 1.0), result: 0.0})
now error: 0.0
newest best op: Uniop(df,'velocity','3311.0',(['thickness'], {(8.12164,)}),{left: ("[FunctionalDependency:(s: {thickness}, t: {velocity})]", 0.0), operator: *, right: (1.0, 1.0), result: 0.0})
now error: 0.0
newest best op: Uniop(df,'velocity','31.7',(['thickness'], {(8.12164,)}),{left: ("[FunctionalDependency:(s: {thickness}, t: {velocity})]", 0.0), operator: *, right: (1.0, 1.0), result: 0.0})
now error: 0.0
Block processing time: 0.132817 seconds
Computing Block 106 out of 200
Processing Block size=14
begin cleaner{left: ("[FunctionalDependency:(s: {thickness}, t: {velocity})]", 0.0), operator: *, right: (1.0, 1.0), result: 0.0}
列 'p' 不存在，对列 velocity 不过滤，直接选择所有非无效值。
Block processing time: 0.033451 seconds
Computing Block 111 out of 200
Processing Block size=15
begin cleaner{left: ("[FunctionalDependency:(s: {thickness}, t: {velocity})]", 0.0), operator: *, right: (1.0, 1.0), result: 0.0}
列 'p' 不存在，对列 velocity 不过滤，直接选择所有非无效值。
Block processing time: 0.036253 seconds
Computing Block 112 out of 200
Processing Block size=10
begin cleaner{left: ("[FunctionalDependency:(s: {thickness}, t: {velocity})]", 0.0), operator: *, right: (1.0, 1.0), result: 0.0}
列 'p' 不存在，对列 velocity 不过滤，直接选择所有非无效值。
clean_bool length:4
newest best op: Uniop(df,'velocity','5555.0',(['thickness'], {(8.73218,)}),{left: ("[FunctionalDependency:(s: {thickness}, t: {velocity})]", 0.0), operator: *, right: (1.0, 1.0), result: 0.0})
now error: 0.0
newest best op: Uniop(df,'velocity','55.0',(['thickness'], {(8.73218,)}),{left: ("[FunctionalDependency:(s: {thickness}, t: {velocity})]", 0.0), operator: *, right: (1.0, 1.0), result: 0.0})
now error: 0.0
newest best op: Uniop(df,'velocity','55.5',(['thickness'], {(8.73218,)}),{left: ("[FunctionalDependency:(s: {thickness}, t: {velocity})]", 0.0), operator: *, right: (1.0, 1.0), result: 0.0})
now error: 0.0
Block processing time: 0.103695 seconds
Computing Block 115 out of 200
Processing Block size=11
begin cleaner{left: ("[FunctionalDependency:(s: {thickness}, t: {velocity})]", 0.0), operator: *, right: (1.0, 1.0), result: 0.0}
列 'p' 不存在，对列 velocity 不过滤，直接选择所有非无效值。
Block processing time: 0.027011 seconds
Computing Block 116 out of 200
Processing Block size=11
begin cleaner{left: ("[FunctionalDependency:(s: {thickness}, t: {velocity})]", 0.0), operator: *, right: (1.0, 1.0), result: 0.0}
列 'p' 不存在，对列 velocity 不过滤，直接选择所有非无效值。
Block processing time: 0.026516 seconds
Computing Block 117 out of 200
Processing Block size=9
begin cleaner{left: ("[FunctionalDependency:(s: {thickness}, t: {velocity})]", 0.0), operator: *, right: (1.0, 1.0), result: 0.0}
列 'p' 不存在，对列 velocity 不过滤，直接选择所有非无效值。
Block processing time: 0.022139 seconds
Computing Block 119 out of 200
Processing Block size=16
begin cleaner{left: ("[FunctionalDependency:(s: {thickness}, t: {velocity})]", 0.0), operator: *, right: (1.0, 1.0), result: 0.0}
列 'p' 不存在，对列 velocity 不过滤，直接选择所有非无效值。
Block processing time: 0.038327 seconds
Computing Block 124 out of 200
Processing Block size=2
begin cleaner{left: ("[FunctionalDependency:(s: {thickness}, t: {velocity})]", 0.0), operator: *, right: (1.0, 1.0), result: 0.0}
列 'p' 不存在，对列 velocity 不过滤，直接选择所有非无效值。
Block processing time: 0.005453 seconds
Computing Block 128 out of 200
Processing Block size=14
begin cleaner{left: ("[FunctionalDependency:(s: {thickness}, t: {velocity})]", 0.0), operator: *, right: (1.0, 1.0), result: 0.0}
列 'p' 不存在，对列 velocity 不过滤，直接选择所有非无效值。
Block processing time: 0.033902 seconds
Computing Block 129 out of 200
Processing Block size=12
begin cleaner{left: ("[FunctionalDependency:(s: {thickness}, t: {velocity})]", 0.0), operator: *, right: (1.0, 1.0), result: 0.0}
列 'p' 不存在，对列 velocity 不过滤，直接选择所有非无效值。
Block processing time: 0.028822 seconds
Computing Block 130 out of 200
Processing Block size=14
begin cleaner{left: ("[FunctionalDependency:(s: {thickness}, t: {velocity})]", 0.0), operator: *, right: (1.0, 1.0), result: 0.0}
列 'p' 不存在，对列 velocity 不过滤，直接选择所有非无效值。
Block processing time: 0.033381 seconds
Computing Block 131 out of 200
Processing Block size=7
begin cleaner{left: ("[FunctionalDependency:(s: {thickness}, t: {velocity})]", 0.0), operator: *, right: (1.0, 1.0), result: 0.0}
列 'p' 不存在，对列 velocity 不过滤，直接选择所有非无效值。
Block processing time: 0.017236 seconds
Computing Block 132 out of 200
Processing Block size=14
begin cleaner{left: ("[FunctionalDependency:(s: {thickness}, t: {velocity})]", 0.0), operator: *, right: (1.0, 1.0), result: 0.0}
列 'p' 不存在，对列 velocity 不过滤，直接选择所有非无效值。
Block processing time: 0.033354 seconds
Computing Block 133 out of 200
Processing Block size=13
begin cleaner{left: ("[FunctionalDependency:(s: {thickness}, t: {velocity})]", 0.0), operator: *, right: (1.0, 1.0), result: 0.0}
列 'p' 不存在，对列 velocity 不过滤，直接选择所有非无效值。
clean_bool length:3
newest best op: Uniop(df,'velocity','77.0',(['thickness'], {(7.40478,)}),{left: ("[FunctionalDependency:(s: {thickness}, t: {velocity})]", 0.0), operator: *, right: (1.0, 1.0), result: 0.0})
now error: 0.0
newest best op: Uniop(df,'velocity','71.3',(['thickness'], {(7.40478,)}),{left: ("[FunctionalDependency:(s: {thickness}, t: {velocity})]", 0.0), operator: *, right: (1.0, 1.0), result: 0.0})
now error: 0.0
Block processing time: 0.097899 seconds
Computing Block 134 out of 200
Processing Block size=8
begin cleaner{left: ("[FunctionalDependency:(s: {thickness}, t: {velocity})]", 0.0), operator: *, right: (1.0, 1.0), result: 0.0}
列 'p' 不存在，对列 velocity 不过滤，直接选择所有非无效值。
Block processing time: 0.01971 seconds
Computing Block 135 out of 200
Processing Block size=16
begin cleaner{left: ("[FunctionalDependency:(s: {thickness}, t: {velocity})]", 0.0), operator: *, right: (1.0, 1.0), result: 0.0}
列 'p' 不存在，对列 velocity 不过滤，直接选择所有非无效值。
Block processing time: 0.038075 seconds
Computing Block 138 out of 200
Processing Block size=22
begin cleaner{left: ("[FunctionalDependency:(s: {thickness}, t: {velocity})]", 0.0), operator: *, right: (1.0, 1.0), result: 0.0}
列 'p' 不存在，对列 velocity 不过滤，直接选择所有非无效值。
Block processing time: 0.052235 seconds
Computing Block 139 out of 200
Processing Block size=12
begin cleaner{left: ("[FunctionalDependency:(s: {thickness}, t: {velocity})]", 0.0), operator: *, right: (1.0, 1.0), result: 0.0}
列 'p' 不存在，对列 velocity 不过滤，直接选择所有非无效值。
Block processing time: 0.028754 seconds
Computing Block 140 out of 200
Processing Block size=13
begin cleaner{left: ("[FunctionalDependency:(s: {thickness}, t: {velocity})]", 0.0), operator: *, right: (1.0, 1.0), result: 0.0}
列 'p' 不存在，对列 velocity 不过滤，直接选择所有非无效值。
Block processing time: 0.031279 seconds
Computing Block 141 out of 200
Processing Block size=13
begin cleaner{left: ("[FunctionalDependency:(s: {thickness}, t: {velocity})]", 0.0), operator: *, right: (1.0, 1.0), result: 0.0}
列 'p' 不存在，对列 velocity 不过滤，直接选择所有非无效值。
Block processing time: 0.031142 seconds
Computing Block 142 out of 200
Processing Block size=13
begin cleaner{left: ("[FunctionalDependency:(s: {thickness}, t: {velocity})]", 0.0), operator: *, right: (1.0, 1.0), result: 0.0}
列 'p' 不存在，对列 velocity 不过滤，直接选择所有非无效值。
Block processing time: 0.031417 seconds
Computing Block 143 out of 200
Processing Block size=14
begin cleaner{left: ("[FunctionalDependency:(s: {thickness}, t: {velocity})]", 0.0), operator: *, right: (1.0, 1.0), result: 0.0}
列 'p' 不存在，对列 velocity 不过滤，直接选择所有非无效值。
Block processing time: 0.033964 seconds
Computing Block 145 out of 200
Processing Block size=14
begin cleaner{left: ("[FunctionalDependency:(s: {thickness}, t: {velocity})]", 0.0), operator: *, right: (1.0, 1.0), result: 0.0}
列 'p' 不存在，对列 velocity 不过滤，直接选择所有非无效值。
Block processing time: 0.033713 seconds
Computing Block 146 out of 200
Processing Block size=8
begin cleaner{left: ("[FunctionalDependency:(s: {thickness}, t: {velocity})]", 0.0), operator: *, right: (1.0, 1.0), result: 0.0}
列 'p' 不存在，对列 velocity 不过滤，直接选择所有非无效值。
Block processing time: 0.019589 seconds
Computing Block 149 out of 200
Processing Block size=15
begin cleaner{left: ("[FunctionalDependency:(s: {thickness}, t: {velocity})]", 0.0), operator: *, right: (1.0, 1.0), result: 0.0}
列 'p' 不存在，对列 velocity 不过滤，直接选择所有非无效值。
Block processing time: 0.036099 seconds
Computing Block 151 out of 200
Processing Block size=18
begin cleaner{left: ("[FunctionalDependency:(s: {thickness}, t: {velocity})]", 0.0), operator: *, right: (1.0, 1.0), result: 0.0}
列 'p' 不存在，对列 velocity 不过滤，直接选择所有非无效值。
Block processing time: 0.043046 seconds
Computing Block 152 out of 200
Processing Block size=13
begin cleaner{left: ("[FunctionalDependency:(s: {thickness}, t: {velocity})]", 0.0), operator: *, right: (1.0, 1.0), result: 0.0}
列 'p' 不存在，对列 velocity 不过滤，直接选择所有非无效值。
Block processing time: 0.031308 seconds
Computing Block 153 out of 200
Processing Block size=13
begin cleaner{left: ("[FunctionalDependency:(s: {thickness}, t: {velocity})]", 0.0), operator: *, right: (1.0, 1.0), result: 0.0}
列 'p' 不存在，对列 velocity 不过滤，直接选择所有非无效值。
Block processing time: 0.031221 seconds
Computing Block 154 out of 200
Processing Block size=12
begin cleaner{left: ("[FunctionalDependency:(s: {thickness}, t: {velocity})]", 0.0), operator: *, right: (1.0, 1.0), result: 0.0}
列 'p' 不存在，对列 velocity 不过滤，直接选择所有非无效值。
Block processing time: 0.028964 seconds
Computing Block 160 out of 200
Processing Block size=11
begin cleaner{left: ("[FunctionalDependency:(s: {thickness}, t: {velocity})]", 0.0), operator: *, right: (1.0, 1.0), result: 0.0}
列 'p' 不存在，对列 velocity 不过滤，直接选择所有非无效值。
Block processing time: 0.026973 seconds
Computing Block 161 out of 200
Processing Block size=15
begin cleaner{left: ("[FunctionalDependency:(s: {thickness}, t: {velocity})]", 0.0), operator: *, right: (1.0, 1.0), result: 0.0}
列 'p' 不存在，对列 velocity 不过滤，直接选择所有非无效值。
Block processing time: 0.036028 seconds
Computing Block 162 out of 200
Processing Block size=13
begin cleaner{left: ("[FunctionalDependency:(s: {thickness}, t: {velocity})]", 0.0), operator: *, right: (1.0, 1.0), result: 0.0}
列 'p' 不存在，对列 velocity 不过滤，直接选择所有非无效值。
clean_bool length:4
newest best op: Uniop(df,'velocity','66.0',(['thickness'], {(9.07475,)}),{left: ("[FunctionalDependency:(s: {thickness}, t: {velocity})]", 0.0), operator: *, right: (1.0, 1.0), result: 0.0})
now error: 0.0
newest best op: Uniop(df,'velocity','9966.0',(['thickness'], {(9.07475,)}),{left: ("[FunctionalDependency:(s: {thickness}, t: {velocity})]", 0.0), operator: *, right: (1.0, 1.0), result: 0.0})
now error: 0.0
newest best op: Uniop(df,'velocity','39.6',(['thickness'], {(9.07475,)}),{left: ("[FunctionalDependency:(s: {thickness}, t: {velocity})]", 0.0), operator: *, right: (1.0, 1.0), result: 0.0})
now error: 0.0
Block processing time: 0.133883 seconds
Computing Block 163 out of 200
Processing Block size=14
begin cleaner{left: ("[FunctionalDependency:(s: {thickness}, t: {velocity})]", 0.0), operator: *, right: (1.0, 1.0), result: 0.0}
列 'p' 不存在，对列 velocity 不过滤，直接选择所有非无效值。
Block processing time: 0.03401 seconds
Computing Block 165 out of 200
Processing Block size=3
begin cleaner{left: ("[FunctionalDependency:(s: {thickness}, t: {velocity})]", 0.0), operator: *, right: (1.0, 1.0), result: 0.0}
列 'p' 不存在，对列 velocity 不过滤，直接选择所有非无效值。
Block processing time: 0.007927 seconds
Computing Block 166 out of 200
Processing Block size=14
begin cleaner{left: ("[FunctionalDependency:(s: {thickness}, t: {velocity})]", 0.0), operator: *, right: (1.0, 1.0), result: 0.0}
列 'p' 不存在，对列 velocity 不过滤，直接选择所有非无效值。
Block processing time: 0.034063 seconds
Computing Block 168 out of 200
Processing Block size=15
begin cleaner{left: ("[FunctionalDependency:(s: {thickness}, t: {velocity})]", 0.0), operator: *, right: (1.0, 1.0), result: 0.0}
列 'p' 不存在，对列 velocity 不过滤，直接选择所有非无效值。
Block processing time: 0.035966 seconds
Computing Block 169 out of 200
Processing Block size=11
begin cleaner{left: ("[FunctionalDependency:(s: {thickness}, t: {velocity})]", 0.0), operator: *, right: (1.0, 1.0), result: 0.0}
列 'p' 不存在，对列 velocity 不过滤，直接选择所有非无效值。
Block processing time: 0.026623 seconds
Computing Block 170 out of 200
Processing Block size=10
begin cleaner{left: ("[FunctionalDependency:(s: {thickness}, t: {velocity})]", 0.0), operator: *, right: (1.0, 1.0), result: 0.0}
列 'p' 不存在，对列 velocity 不过滤，直接选择所有非无效值。
Block processing time: 0.024273 seconds
Computing Block 172 out of 200
Processing Block size=12
begin cleaner{left: ("[FunctionalDependency:(s: {thickness}, t: {velocity})]", 0.0), operator: *, right: (1.0, 1.0), result: 0.0}
列 'p' 不存在，对列 velocity 不过滤，直接选择所有非无效值。
Block processing time: 0.029113 seconds
Computing Block 173 out of 200
Processing Block size=13
begin cleaner{left: ("[FunctionalDependency:(s: {thickness}, t: {velocity})]", 0.0), operator: *, right: (1.0, 1.0), result: 0.0}
列 'p' 不存在，对列 velocity 不过滤，直接选择所有非无效值。
Block processing time: 0.031546 seconds
Computing Block 175 out of 200
Processing Block size=9
begin cleaner{left: ("[FunctionalDependency:(s: {thickness}, t: {velocity})]", 0.0), operator: *, right: (1.0, 1.0), result: 0.0}
列 'p' 不存在，对列 velocity 不过滤，直接选择所有非无效值。
Block processing time: 0.02201 seconds
Computing Block 176 out of 200
Processing Block size=15
begin cleaner{left: ("[FunctionalDependency:(s: {thickness}, t: {velocity})]", 0.0), operator: *, right: (1.0, 1.0), result: 0.0}
列 'p' 不存在，对列 velocity 不过滤，直接选择所有非无效值。
Block processing time: 0.035847 seconds
Computing Block 177 out of 200
Processing Block size=15
begin cleaner{left: ("[FunctionalDependency:(s: {thickness}, t: {velocity})]", 0.0), operator: *, right: (1.0, 1.0), result: 0.0}
列 'p' 不存在，对列 velocity 不过滤，直接选择所有非无效值。
Block processing time: 0.036615 seconds
Computing Block 178 out of 200
Processing Block size=8
begin cleaner{left: ("[FunctionalDependency:(s: {thickness}, t: {velocity})]", 0.0), operator: *, right: (1.0, 1.0), result: 0.0}
列 'p' 不存在，对列 velocity 不过滤，直接选择所有非无效值。
Block processing time: 0.019657 seconds
Computing Block 179 out of 200
Processing Block size=16
begin cleaner{left: ("[FunctionalDependency:(s: {thickness}, t: {velocity})]", 0.0), operator: *, right: (1.0, 1.0), result: 0.0}
列 'p' 不存在，对列 velocity 不过滤，直接选择所有非无效值。
Block processing time: 0.038241 seconds
Computing Block 180 out of 200
Processing Block size=14
begin cleaner{left: ("[FunctionalDependency:(s: {thickness}, t: {velocity})]", 0.0), operator: *, right: (1.0, 1.0), result: 0.0}
列 'p' 不存在，对列 velocity 不过滤，直接选择所有非无效值。
Block processing time: 0.033652 seconds
Computing Block 183 out of 200
Processing Block size=11
begin cleaner{left: ("[FunctionalDependency:(s: {thickness}, t: {velocity})]", 0.0), operator: *, right: (1.0, 1.0), result: 0.0}WARNING:root:No partitioning rule specified, processing might be slow

列 'p' 不存在，对列 velocity 不过滤，直接选择所有非无效值。
Block processing time: 0.026885 seconds
Computing Block 185 out of 200
Processing Block size=14
begin cleaner{left: ("[FunctionalDependency:(s: {thickness}, t: {velocity})]", 0.0), operator: *, right: (1.0, 1.0), result: 0.0}
列 'p' 不存在，对列 velocity 不过滤，直接选择所有非无效值。
Block processing time: 0.034208 seconds
Computing Block 186 out of 200
Processing Block size=14
begin cleaner{left: ("[FunctionalDependency:(s: {thickness}, t: {velocity})]", 0.0), operator: *, right: (1.0, 1.0), result: 0.0}
列 'p' 不存在，对列 velocity 不过滤，直接选择所有非无效值。
Block processing time: 0.034208 seconds
Computing Block 188 out of 200
Processing Block size=13
begin cleaner{left: ("[FunctionalDependency:(s: {thickness}, t: {velocity})]", 0.0), operator: *, right: (1.0, 1.0), result: 0.0}
列 'p' 不存在，对列 velocity 不过滤，直接选择所有非无效值。
Block processing time: 0.031497 seconds
Computing Block 190 out of 200
Processing Block size=10
begin cleaner{left: ("[FunctionalDependency:(s: {thickness}, t: {velocity})]", 0.0), operator: *, right: (1.0, 1.0), result: 0.0}
列 'p' 不存在，对列 velocity 不过滤，直接选择所有非无效值。
Block processing time: 0.024489 seconds
Computing Block 192 out of 200
Processing Block size=16
begin cleaner{left: ("[FunctionalDependency:(s: {thickness}, t: {velocity})]", 0.0), operator: *, right: (1.0, 1.0), result: 0.0}
列 'p' 不存在，对列 velocity 不过滤，直接选择所有非无效值。
Block processing time: 0.038862 seconds
Computing Block 194 out of 200
Processing Block size=11
begin cleaner{left: ("[FunctionalDependency:(s: {thickness}, t: {velocity})]", 0.0), operator: *, right: (1.0, 1.0), result: 0.0}
列 'p' 不存在，对列 velocity 不过滤，直接选择所有非无效值。
Block processing time: 0.027878 seconds
Computing Block 196 out of 200
Processing Block size=6
begin cleaner{left: ("[FunctionalDependency:(s: {thickness}, t: {velocity})]", 0.0), operator: *, right: (1.0, 1.0), result: 0.0}
列 'p' 不存在，对列 velocity 不过滤，直接选择所有非无效值。
Block processing time: 0.015051 seconds
Computing Block 198 out of 200
Processing Block size=12
begin cleaner{left: ("[FunctionalDependency:(s: {thickness}, t: {velocity})]", 0.0), operator: *, right: (1.0, 1.0), result: 0.0}
列 'p' 不存在，对列 velocity 不过滤，直接选择所有非无效值。
clean_bool length:3
newest best op: Uniop(df,'velocity','3399.0',(['thickness'], {(7.91822,)}),{left: ("[FunctionalDependency:(s: {thickness}, t: {velocity})]", 0.0), operator: *, right: (1.0, 1.0), result: 0.0})
now error: 0.0
newest best op: Uniop(df,'velocity','39.6',(['thickness'], {(7.91822,)}),{left: ("[FunctionalDependency:(s: {thickness}, t: {velocity})]", 0.0), operator: *, right: (1.0, 1.0), result: 0.0})
now error: 0.0
Block processing time: 0.091428 seconds
Computing Block 199 out of 200
Processing Block size=14
begin cleaner{left: ("[FunctionalDependency:(s: {thickness}, t: {velocity})]", 0.0), operator: *, right: (1.0, 1.0), result: 0.0}
列 'p' 不存在，对列 velocity 不过滤，直接选择所有非无效值。
Block processing time: 0.033668 seconds
  当前节点: velocity 有 8 个清洗操作
['angle', 'chord_length', 'velocity']的清洗完成

本层累积的编辑规则数: 45
读入数据大小：1503
处理了 45 条规则，更新数据...
所有编辑规则已更新完成

处理第 1 层级, 包含节点: ['thickness']
  跳过已清洗结束的节点: thickness
['thickness']的清洗完成

本层累积的编辑规则数: 0
本层没有可以进行的清洗操作，进行下一层

处理第 2 层级, 包含节点: ['angle', 'chord_length', 'velocity']
  当前节点: angle 存在可用清洗信号
数据块大小: 1503
分块属性:
[['thickness']]
Starting initial block mapping...
Initial number of blocks: 200
Final number of blocks after further splitting: 200
Computing Block 1 out of 200
Processing Block size=14
begin cleaner[FunctionalDependency:(s: {'thickness'}, t: {'angle'})]*1.0
列 'p' 不存在，对列 angle 不过滤，直接选择所有非无效值。
Block processing time: 0.034319 seconds
Computing Block 2 out of 200
Processing Block size=13
begin cleaner{left: ("[FunctionalDependency:(s: {thickness}, t: {angle})]", 0.0), operator: *, right: (1.0, 1.0), result: 0.0}
列 'p' 不存在，对列 angle 不过滤，直接选择所有非无效值。
Block processing time: 0.031679 seconds
Computing Block 3 out of 200
Processing Block size=14
begin cleaner{left: ("[FunctionalDependency:(s: {thickness}, t: {angle})]", 0.0), operator: *, right: (1.0, 1.0), result: 0.0}
列 'p' 不存在，对列 angle 不过滤，直接选择所有非无效值。
Block processing time: 0.03393 seconds
Computing Block 4 out of 200
Processing Block size=13
begin cleaner{left: ("[FunctionalDependency:(s: {thickness}, t: {angle})]", 0.0), operator: *, right: (1.0, 1.0), result: 0.0}
列 'p' 不存在，对列 angle 不过滤，直接选择所有非无效值。
clean_bool length:2
newest best op: Uniop(df,'angle','0.0',(['thickness'], {(0.00209405,)}),{left: ("[FunctionalDependency:(s: {thickness}, t: {angle})]", 1.0), operator: *, right: (1.0, 1.0), result: 1.0})
now error: 13.0
pruned: 1
UpdateCleanBool,purned:1
clean_bool length:1
Block processing time: 0.065268 seconds
Computing Block 5 out of 200
Processing Block size=11
begin cleaner{left: ("[FunctionalDependency:(s: {thickness}, t: {angle})]", 1.0), operator: *, right: (1.0, 1.0), result: 1.0}
列 'p' 不存在，对列 angle 不过滤，直接选择所有非无效值。
clean_bool length:2
newest best op: Uniop(df,'angle','0.0',(['thickness'], {(4.28464,)}),{left: ("[FunctionalDependency:(s: {thickness}, t: {angle})]", 1.0), operator: *, right: (1.0, 1.0), result: 1.0})
now error: 11.0
pruned: 1
UpdateCleanBool,purned:1
clean_bool length:1
Block processing time: 0.055591 seconds
Computing Block 6 out of 200
Processing Block size=12
begin cleaner{left: ("[FunctionalDependency:(s: {thickness}, t: {angle})]", 1.0), operator: *, right: (1.0, 1.0), result: 1.0}
列 'p' 不存在，对列 angle 不过滤，直接选择所有非无效值。
Block processing time: 0.029403 seconds
Computing Block 7 out of 200
Processing Block size=12
begin cleaner{left: ("[FunctionalDependency:(s: {thickness}, t: {angle})]", 0.0), operator: *, right: (1.0, 1.0), result: 0.0}
列 'p' 不存在，对列 angle 不过滤，直接选择所有非无效值。
Block processing time: 0.029341 seconds
Computing Block 9 out of 200
Processing Block size=11
begin cleaner{left: ("[FunctionalDependency:(s: {thickness}, t: {angle})]", 0.0), operator: *, right: (1.0, 1.0), result: 0.0}
列 'p' 不存在，对列 angle 不过滤，直接选择所有非无效值。
Block processing time: 0.026862 seconds
Computing Block 10 out of 200
Processing Block size=2
begin cleaner{left: ("[FunctionalDependency:(s: {thickness}, t: {angle})]", 0.0), operator: *, right: (1.0, 1.0), result: 0.0}
列 'p' 不存在，对列 angle 不过滤，直接选择所有非无效值。
Block processing time: 0.005498 seconds
Computing Block 11 out of 200
Processing Block size=13
begin cleaner{left: ("[FunctionalDependency:(s: {thickness}, t: {angle})]", 0.0), operator: *, right: (1.0, 1.0), result: 0.0}
列 'p' 不存在，对列 angle 不过滤，直接选择所有非无效值。
Block processing time: 0.031485 seconds
Computing Block 12 out of 200
Processing Block size=15
begin cleaner{left: ("[FunctionalDependency:(s: {thickness}, t: {angle})]", 0.0), operator: *, right: (1.0, 1.0), result: 0.0}
列 'p' 不存在，对列 angle 不过滤，直接选择所有非无效值。
Block processing time: 0.036348 seconds
Computing Block 15 out of 200
Processing Block size=2
begin cleaner{left: ("[FunctionalDependency:(s: {thickness}, t: {angle})]", 0.0), operator: *, right: (1.0, 1.0), result: 0.0}
列 'p' 不存在，对列 angle 不过滤，直接选择所有非无效值。
Block processing time: 0.005506 seconds
Computing Block 19 out of 200
Processing Block size=2
begin cleaner{left: ("[FunctionalDependency:(s: {thickness}, t: {angle})]", 0.0), operator: *, right: (1.0, 1.0), result: 0.0}
列 'p' 不存在，对列 angle 不过滤，直接选择所有非无效值。
Block processing time: 0.005634 seconds
Computing Block 20 out of 200
Processing Block size=15
begin cleaner{left: ("[FunctionalDependency:(s: {thickness}, t: {angle})]", 0.0), operator: *, right: (1.0, 1.0), result: 0.0}
列 'p' 不存在，对列 angle 不过滤，直接选择所有非无效值。
Block processing time: 0.036768 seconds
Computing Block 22 out of 200
Processing Block size=13
begin cleaner{left: ("[FunctionalDependency:(s: {thickness}, t: {angle})]", 0.0), operator: *, right: (1.0, 1.0), result: 0.0}
列 'p' 不存在，对列 angle 不过滤，直接选择所有非无效值。
clean_bool length:2
newest best op: Uniop(df,'angle','0.0',(['thickness'], {(0.00229336,)}),{left: ("[FunctionalDependency:(s: {thickness}, t: {angle})]", 1.0), operator: *, right: (1.0, 1.0), result: 1.0})
now error: 13.0
pruned: 1
UpdateCleanBool,purned:1
clean_bool length:1
Block processing time: 0.065006 seconds
Computing Block 23 out of 200
Processing Block size=15
begin cleaner{left: ("[FunctionalDependency:(s: {thickness}, t: {angle})]", 1.0), operator: *, right: (1.0, 1.0), result: 1.0}
列 'p' 不存在，对列 angle 不过滤，直接选择所有非无效值。
Block processing time: 0.036815 seconds
Computing Block 25 out of 200
Processing Block size=13
begin cleaner{left: ("[FunctionalDependency:(s: {thickness}, t: {angle})]", 0.0), operator: *, right: (1.0, 1.0), result: 0.0}
列 'p' 不存在，对列 angle 不过滤，直接选择所有非无效值。
Block processing time: 0.031552 seconds
Computing Block 27 out of 200
Processing Block size=14
begin cleaner{left: ("[FunctionalDependency:(s: {thickness}, t: {angle})]", 0.0), operator: *, right: (1.0, 1.0), result: 0.0}
列 'p' 不存在，对列 angle 不过滤，直接选择所有非无效值。
Block processing time: 0.033847 seconds
Computing Block 30 out of 200
Processing Block size=13
begin cleaner{left: ("[FunctionalDependency:(s: {thickness}, t: {angle})]", 0.0), operator: *, right: (1.0, 1.0), result: 0.0}
列 'p' 不存在，对列 angle 不过滤，直接选择所有非无效值。
clean_bool length:2
newest best op: Uniop(df,'angle','0.0',(['thickness'], {(0.00193287,)}),{left: ("[FunctionalDependency:(s: {thickness}, t: {angle})]", 1.0), operator: *, right: (1.0, 1.0), result: 1.0})
now error: 13.0
pruned: 1
UpdateCleanBool,purned:1
clean_bool length:1
Block processing time: 0.065066 seconds
Computing Block 32 out of 200
Processing Block size=11
begin cleaner{left: ("[FunctionalDependency:(s: {thickness}, t: {angle})]", 1.0), operator: *, right: (1.0, 1.0), result: 1.0}
列 'p' 不存在，对列 angle 不过滤，直接选择所有非无效值。
Block processing time: 0.026971 seconds
Computing Block 35 out of 200
Processing Block size=36
begin cleaner{left: ("[FunctionalDependency:(s: {thickness}, t: {angle})]", 0.0), operator: *, right: (1.0, 1.0), result: 0.0}
列 'p' 不存在，对列 angle 不过滤，直接选择所有非无效值。
clean_bool length:2
newest best op: Uniop(df,'angle','0.0',(['thickness'], {(0.0,)}),{left: ("[FunctionalDependency:(s: {thickness}, t: {angle})]", 1.0), operator: *, right: (1.0, 1.0), result: 1.0})
now error: 36.0
pruned: 1
UpdateCleanBool,purned:1
clean_bool length:1
Block processing time: 0.17429 seconds
Computing Block 37 out of 200
Processing Block size=16
begin cleaner{left: ("[FunctionalDependency:(s: {thickness}, t: {angle})]", 1.0), operator: *, right: (1.0, 1.0), result: 1.0}
列 'p' 不存在，对列 angle 不过滤，直接选择所有非无效值。
Block processing time: 0.038984 seconds
Computing Block 44 out of 200
Processing Block size=11
begin cleaner{left: ("[FunctionalDependency:(s: {thickness}, t: {angle})]", 0.0), operator: *, right: (1.0, 1.0), result: 0.0}
列 'p' 不存在，对列 angle 不过滤，直接选择所有非无效值。
Block processing time: 0.027207 seconds
Computing Block 47 out of 200
Processing Block size=13
begin cleaner{left: ("[FunctionalDependency:(s: {thickness}, t: {angle})]", 0.0), operator: *, right: (1.0, 1.0), result: 0.0}
列 'p' 不存在，对列 angle 不过滤，直接选择所有非无效值。
Block processing time: 0.031885 seconds
Computing Block 48 out of 200
Processing Block size=3
begin cleaner{left: ("[FunctionalDependency:(s: {thickness}, t: {angle})]", 0.0), operator: *, right: (1.0, 1.0), result: 0.0}
列 'p' 不存在，对列 angle 不过滤，直接选择所有非无效值。
Block processing time: 0.008158 seconds
Computing Block 50 out of 200
Processing Block size=13
begin cleaner{left: ("[FunctionalDependency:(s: {thickness}, t: {angle})]", 0.0), operator: *, right: (1.0, 1.0), result: 0.0}
列 'p' 不存在，对列 angle 不过滤，直接选择所有非无效值。
clean_bool length:3
newest best op: Uniop(df,'angle','0.88',(['thickness'], {(9.30789,)}),{left: ("[FunctionalDependency:(s: {thickness}, t: {angle})]", 0.0), operator: *, right: (1.0, 1.0), result: 0.0})
now error: 0.0
newest best op: Uniop(df,'angle','4.8',(['thickness'], {(9.30789,)}),{left: ("[FunctionalDependency:(s: {thickness}, t: {angle})]", 0.0), operator: *, right: (1.0, 1.0), result: 0.0})
now error: 0.0
Block processing time: 0.099751 seconds
Computing Block 53 out of 200
Processing Block size=12
begin cleaner{left: ("[FunctionalDependency:(s: {thickness}, t: {angle})]", 0.0), operator: *, right: (1.0, 1.0), result: 0.0}
列 'p' 不存在，对列 angle 不过滤，直接选择所有非无效值。
clean_bool length:2
newest best op: Uniop(df,'angle','0.0',(['thickness'], {(0.00266337,)}),{left: ("[FunctionalDependency:(s: {thickness}, t: {angle})]", 1.0), operator: *, right: (1.0, 1.0), result: 1.0})
now error: 12.0
pruned: 1
UpdateCleanBool,purned:1
clean_bool length:1
Block processing time: 0.059752 seconds
Computing Block 54 out of 200
Processing Block size=15
begin cleaner{left: ("[FunctionalDependency:(s: {thickness}, t: {angle})]", 1.0), operator: *, right: (1.0, 1.0), result: 1.0}
列 'p' 不存在，对列 angle 不过滤，直接选择所有非无效值。
Block processing time: 0.036115 seconds
Computing Block 56 out of 200
Processing Block size=12
begin cleaner{left: ("[FunctionalDependency:(s: {thickness}, t: {angle})]", 0.0), operator: *, right: (1.0, 1.0), result: 0.0}
列 'p' 不存在，对列 angle 不过滤，直接选择所有非无效值。
clean_bool length:2
newest best op: Uniop(df,'angle','0.0',(['thickness'], {(0.00121072,)}),{left: ("[FunctionalDependency:(s: {thickness}, t: {angle})]", 1.0), operator: *, right: (1.0, 1.0), result: 1.0})
now error: 12.0
pruned: 1
UpdateCleanBool,purned:1
clean_bool length:1
Block processing time: 0.060317 seconds
Computing Block 57 out of 200
Processing Block size=15
begin cleaner{left: ("[FunctionalDependency:(s: {thickness}, t: {angle})]", 1.0), operator: *, right: (1.0, 1.0), result: 1.0}
列 'p' 不存在，对列 angle 不过滤，直接选择所有非无效值。
Block processing time: 0.036177 seconds
Computing Block 60 out of 200
Processing Block size=15
begin cleaner{left: ("[FunctionalDependency:(s: {thickness}, t: {angle})]", 0.0), operator: *, right: (1.0, 1.0), result: 0.0}
列 'p' 不存在，对列 angle 不过滤，直接选择所有非无效值。
Block processing time: 0.03638 seconds
Computing Block 64 out of 200
Processing Block size=14
begin cleaner{left: ("[FunctionalDependency:(s: {thickness}, t: {angle})]", 0.0), operator: *, right: (1.0, 1.0), result: 0.0}
列 'p' 不存在，对列 angle 不过滤，直接选择所有非无效值。
Block processing time: 0.033997 seconds
Computing Block 66 out of 200
Processing Block size=12
begin cleaner{left: ("[FunctionalDependency:(s: {thickness}, t: {angle})]", 0.0), operator: *, right: (1.0, 1.0), result: 0.0}
列 'p' 不存在，对列 angle 不过滤，直接选择所有非无效值。
Block processing time: 0.029123 seconds
Computing Block 67 out of 200
Processing Block size=15
begin cleaner{left: ("[FunctionalDependency:(s: {thickness}, t: {angle})]", 0.0), operator: *, right: (1.0, 1.0), result: 0.0}
列 'p' 不存在，对列 angle 不过滤，直接选择所有非无效值。
Block processing time: 0.036268 seconds
Computing Block 68 out of 200
Processing Block size=12
begin cleaner{left: ("[FunctionalDependency:(s: {thickness}, t: {angle})]", 0.0), operator: *, right: (1.0, 1.0), result: 0.0}
列 'p' 不存在，对列 angle 不过滤，直接选择所有非无效值。
Block processing time: 0.02926 seconds
Computing Block 69 out of 200
Processing Block size=16
begin cleaner{left: ("[FunctionalDependency:(s: {thickness}, t: {angle})]", 0.0), operator: *, right: (1.0, 1.0), result: 0.0}
列 'p' 不存在，对列 angle 不过滤，直接选择所有非无效值。
Block processing time: 0.038511 seconds
Computing Block 73 out of 200
Processing Block size=16
begin cleaner{left: ("[FunctionalDependency:(s: {thickness}, t: {angle})]", 0.0), operator: *, right: (1.0, 1.0), result: 0.0}
列 'p' 不存在，对列 angle 不过滤，直接选择所有非无效值。
Block processing time: 0.038598 seconds
Computing Block 74 out of 200
Processing Block size=9
begin cleaner{left: ("[FunctionalDependency:(s: {thickness}, t: {angle})]", 0.0), operator: *, right: (1.0, 1.0), result: 0.0}
列 'p' 不存在，对列 angle 不过滤，直接选择所有非无效值。
Block processing time: 0.022099 seconds
Computing Block 75 out of 200
Processing Block size=14
begin cleaner{left: ("[FunctionalDependency:(s: {thickness}, t: {angle})]", 0.0), operator: *, right: (1.0, 1.0), result: 0.0}
列 'p' 不存在，对列 angle 不过滤，直接选择所有非无效值。
Block processing time: 0.033696 seconds
Computing Block 76 out of 200
Processing Block size=16
begin cleaner{left: ("[FunctionalDependency:(s: {thickness}, t: {angle})]", 0.0), operator: *, right: (1.0, 1.0), result: 0.0}
列 'p' 不存在，对列 angle 不过滤，直接选择所有非无效值。
Block processing time: 0.038362 seconds
Computing Block 77 out of 200
Processing Block size=16
begin cleaner{left: ("[FunctionalDependency:(s: {thickness}, t: {angle})]", 0.0), operator: *, right: (1.0, 1.0), result: 0.0}
列 'p' 不存在，对列 angle 不过滤，直接选择所有非无效值。
Block processing time: 0.038592 seconds
Computing Block 79 out of 200
Processing Block size=16
begin cleaner{left: ("[FunctionalDependency:(s: {thickness}, t: {angle})]", 0.0), operator: *, right: (1.0, 1.0), result: 0.0}
列 'p' 不存在，对列 angle 不过滤，直接选择所有非无效值。
Block processing time: 0.038623 seconds
Computing Block 80 out of 200
Processing Block size=15
begin cleaner{left: ("[FunctionalDependency:(s: {thickness}, t: {angle})]", 0.0), operator: *, right: (1.0, 1.0), result: 0.0}
列 'p' 不存在，对列 angle 不过滤，直接选择所有非无效值。
Block processing time: 0.036664 seconds
Computing Block 81 out of 200
Processing Block size=10
begin cleaner{left: ("[FunctionalDependency:(s: {thickness}, t: {angle})]", 0.0), operator: *, right: (1.0, 1.0), result: 0.0}
列 'p' 不存在，对列 angle 不过滤，直接选择所有非无效值。
clean_bool length:2
newest best op: Uniop(df,'angle','0.0',(['thickness'], {(0.00150092,)}),{left: ("[FunctionalDependency:(s: {thickness}, t: {angle})]", 1.0), operator: *, right: (1.0, 1.0), result: 1.0})
now error: 10.0
pruned: 1
UpdateCleanBool,purned:1
clean_bool length:1
Block processing time: 0.061369 seconds
Computing Block 83 out of 200
Processing Block size=15
begin cleaner{left: ("[FunctionalDependency:(s: {thickness}, t: {angle})]", 1.0), operator: *, right: (1.0, 1.0), result: 1.0}
列 'p' 不存在，对列 angle 不过滤，直接选择所有非无效值。
Block processing time: 0.043784 seconds
Computing Block 84 out of 200
Processing Block size=13
begin cleaner{left: ("[FunctionalDependency:(s: {thickness}, t: {angle})]", 0.0), operator: *, right: (1.0, 1.0), result: 0.0}
列 'p' 不存在，对列 angle 不过滤，直接选择所有非无效值。
clean_bool length:2
newest best op: Uniop(df,'angle','0.0',(['thickness'], {(7.6193,)}),{left: ("[FunctionalDependency:(s: {thickness}, t: {angle})]", 1.0), operator: *, right: (1.0, 1.0), result: 1.0})
now error: 13.0
pruned: 1
UpdateCleanBool,purned:1
clean_bool length:1
Block processing time: 0.078863 seconds
Computing Block 88 out of 200
Processing Block size=12
begin cleaner{left: ("[FunctionalDependency:(s: {thickness}, t: {angle})]", 1.0), operator: *, right: (1.0, 1.0), result: 1.0}
列 'p' 不存在，对列 angle 不过滤，直接选择所有非无效值。
Block processing time: 0.035365 seconds
Computing Block 89 out of 200
Processing Block size=14
begin cleaner{left: ("[FunctionalDependency:(s: {thickness}, t: {angle})]", 0.0), operator: *, right: (1.0, 1.0), result: 0.0}
列 'p' 不存在，对列 angle 不过滤，直接选择所有非无效值。
clean_bool length:2
newest best op: Uniop(df,'angle','0.0',(['thickness'], {(0.0027238,)}),{left: ("[FunctionalDependency:(s: {thickness}, t: {angle})]", 1.0), operator: *, right: (1.0, 1.0), result: 1.0})
now error: 14.0
pruned: 1
UpdateCleanBool,purned:1
clean_bool length:1
Block processing time: 0.084365 seconds
Computing Block 92 out of 200
Processing Block size=10
begin cleaner{left: ("[FunctionalDependency:(s: {thickness}, t: {angle})]", 1.0), operator: *, right: (1.0, 1.0), result: 1.0}
列 'p' 不存在，对列 angle 不过滤，直接选择所有非无效值。
Block processing time: 0.029611 seconds
Computing Block 93 out of 200
Processing Block size=11
begin cleaner{left: ("[FunctionalDependency:(s: {thickness}, t: {angle})]", 0.0), operator: *, right: (1.0, 1.0), result: 0.0}
列 'p' 不存在，对列 angle 不过滤，直接选择所有非无效值。
clean_bool length:2
newest best op: Uniop(df,'angle','0.0',(['thickness'], {(0.00214345,)}),{left: ("[FunctionalDependency:(s: {thickness}, t: {angle})]", 1.0), operator: *, right: (1.0, 1.0), result: 1.0})
now error: 11.0
pruned: 1
UpdateCleanBool,purned:1
clean_bool length:1
Block processing time: 0.067193 seconds
Computing Block 95 out of 200
Processing Block size=11
begin cleaner{left: ("[FunctionalDependency:(s: {thickness}, t: {angle})]", 1.0), operator: *, right: (1.0, 1.0), result: 1.0}
列 'p' 不存在，对列 angle 不过滤，直接选择所有非无效值。
Block processing time: 0.032535 seconds
Computing Block 96 out of 200
Processing Block size=9
begin cleaner{left: ("[FunctionalDependency:(s: {thickness}, t: {angle})]", 0.0), operator: *, right: (1.0, 1.0), result: 0.0}
列 'p' 不存在，对列 angle 不过滤，直接选择所有非无效值。
clean_bool length:2
newest best op: Uniop(df,'angle','0.0',(['thickness'], {(4.1229,)}),{left: ("[FunctionalDependency:(s: {thickness}, t: {angle})]", 1.0), operator: *, right: (1.0, 1.0), result: 1.0})
now error: 9.0
pruned: 1
UpdateCleanBool,purned:1
clean_bool length:1
Block processing time: 0.055597 seconds
Computing Block 97 out of 200
Processing Block size=14
begin cleaner{left: ("[FunctionalDependency:(s: {thickness}, t: {angle})]", 1.0), operator: *, right: (1.0, 1.0), result: 1.0}
列 'p' 不存在，对列 angle 不过滤，直接选择所有非无效值。
Block processing time: 0.04087 seconds
Computing Block 100 out of 200
Processing Block size=13
begin cleaner{left: ("[FunctionalDependency:(s: {thickness}, t: {angle})]", 0.0), operator: *, right: (1.0, 1.0), result: 0.0}
列 'p' 不存在，对列 angle 不过滤，直接选择所有非无效值。
Block processing time: 0.031495 seconds
Computing Block 102 out of 200
Processing Block size=15
begin cleaner{left: ("[FunctionalDependency:(s: {thickness}, t: {angle})]", 0.0), operator: *, right: (1.0, 1.0), result: 0.0}
列 'p' 不存在，对列 angle 不过滤，直接选择所有非无效值。
Block processing time: 0.036307 seconds
Computing Block 103 out of 200
Processing Block size=13
begin cleaner{left: ("[FunctionalDependency:(s: {thickness}, t: {angle})]", 0.0), operator: *, right: (1.0, 1.0), result: 0.0}
列 'p' 不存在，对列 angle 不过滤，直接选择所有非无效值。
clean_bool length:2
newest best op: Uniop(df,'angle','0.0',(['thickness'], {(8.12164,)}),{left: ("[FunctionalDependency:(s: {thickness}, t: {angle})]", 1.0), operator: *, right: (1.0, 1.0), result: 1.0})
now error: 13.0
pruned: 1
UpdateCleanBool,purned:1
clean_bool length:1
Block processing time: 0.064492 seconds
Computing Block 106 out of 200
Processing Block size=14
begin cleaner{left: ("[FunctionalDependency:(s: {thickness}, t: {angle})]", 1.0), operator: *, right: (1.0, 1.0), result: 1.0}
列 'p' 不存在，对列 angle 不过滤，直接选择所有非无效值。
Block processing time: 0.034086 seconds
Computing Block 111 out of 200
Processing Block size=15
begin cleaner{left: ("[FunctionalDependency:(s: {thickness}, t: {angle})]", 0.0), operator: *, right: (1.0, 1.0), result: 0.0}
列 'p' 不存在，对列 angle 不过滤，直接选择所有非无效值。
Block processing time: 0.036717 seconds
Computing Block 112 out of 200
Processing Block size=10
begin cleaner{left: ("[FunctionalDependency:(s: {thickness}, t: {angle})]", 0.0), operator: *, right: (1.0, 1.0), result: 0.0}
列 'p' 不存在，对列 angle 不过滤，直接选择所有非无效值。
clean_bool length:5
newest best op: Uniop(df,'angle','4.8',(['thickness'], {(8.73218,)}),{left: ("[FunctionalDependency:(s: {thickness}, t: {angle})]", 0.0), operator: *, right: (1.0, 1.0), result: 0.0})
now error: 0.0
Block processing time: 0.132863 seconds
Computing Block 115 out of 200
Processing Block size=11
begin cleaner{left: ("[FunctionalDependency:(s: {thickness}, t: {angle})]", 0.0), operator: *, right: (1.0, 1.0), result: 0.0}
列 'p' 不存在，对列 angle 不过滤，直接选择所有非无效值。
clean_bool length:2
newest best op: Uniop(df,'angle','0.0',(['thickness'], {(0.00131983,)}),{left: ("[FunctionalDependency:(s: {thickness}, t: {angle})]", 1.0), operator: *, right: (1.0, 1.0), result: 1.0})
now error: 11.0
pruned: 1
UpdateCleanBool,purned:1
clean_bool length:1
Block processing time: 0.055574 seconds
Computing Block 116 out of 200
Processing Block size=11
begin cleaner{left: ("[FunctionalDependency:(s: {thickness}, t: {angle})]", 1.0), operator: *, right: (1.0, 1.0), result: 1.0}
列 'p' 不存在，对列 angle 不过滤，直接选择所有非无效值。
clean_bool length:2
newest best op: Uniop(df,'angle','0.0',(['thickness'], {(0.00146332,)}),{left: ("[FunctionalDependency:(s: {thickness}, t: {angle})]", 1.0), operator: *, right: (1.0, 1.0), result: 1.0})
now error: 11.0
pruned: 1
UpdateCleanBool,purned:1
clean_bool length:1
Block processing time: 0.055621 seconds
Computing Block 117 out of 200
Processing Block size=9
begin cleaner{left: ("[FunctionalDependency:(s: {thickness}, t: {angle})]", 1.0), operator: *, right: (1.0, 1.0), result: 1.0}
列 'p' 不存在，对列 angle 不过滤，直接选择所有非无效值。
Block processing time: 0.022128 seconds
Computing Block 119 out of 200
Processing Block size=16
begin cleaner{left: ("[FunctionalDependency:(s: {thickness}, t: {angle})]", 0.0), operator: *, right: (1.0, 1.0), result: 0.0}
列 'p' 不存在，对列 angle 不过滤，直接选择所有非无效值。
clean_bool length:2
newest best op: Uniop(df,'angle','0.0',(['thickness'], {(0.00331266,)}),{left: ("[FunctionalDependency:(s: {thickness}, t: {angle})]", 1.0), operator: *, right: (1.0, 1.0), result: 1.0})
now error: 16.0
pruned: 1
UpdateCleanBool,purned:1
clean_bool length:1
Block processing time: 0.07905 seconds
Computing Block 124 out of 200
Processing Block size=2
begin cleaner{left: ("[FunctionalDependency:(s: {thickness}, t: {angle})]", 1.0), operator: *, right: (1.0, 1.0), result: 1.0}
列 'p' 不存在，对列 angle 不过滤，直接选择所有非无效值。
clean_bool length:2
newest best op: Uniop(df,'angle','0.0',(['thickness'], {(1.11199337,)}),{left: ("[FunctionalDependency:(s: {thickness}, t: {angle})]", 1.0), operator: *, right: (1.0, 1.0), result: 1.0})
now error: 2.0
pruned: 1
UpdateCleanBool,purned:1
clean_bool length:1
Block processing time: 0.012901 seconds
Computing Block 128 out of 200
Processing Block size=14
begin cleaner{left: ("[FunctionalDependency:(s: {thickness}, t: {angle})]", 1.0), operator: *, right: (1.0, 1.0), result: 1.0}
列 'p' 不存在，对列 angle 不过滤，直接选择所有非无效值。
Block processing time: 0.033796 seconds
Computing Block 129 out of 200
Processing Block size=12
begin cleaner{left: ("[FunctionalDependency:(s: {thickness}, t: {angle})]", 0.0), operator: *, right: (1.0, 1.0), result: 0.0}
列 'p' 不存在，对列 angle 不过滤，直接选择所有非无效值。
Block processing time: 0.029343 seconds
Computing Block 130 out of 200
Processing Block size=14
begin cleaner{left: ("[FunctionalDependency:(s: {thickness}, t: {angle})]", 0.0), operator: *, right: (1.0, 1.0), result: 0.0}
列 'p' 不存在，对列 angle 不过滤，直接选择所有非无效值。
clean_bool length:2
newest best op: Uniop(df,'angle','0.0',(['thickness'], {(0.00253511,)}),{left: ("[FunctionalDependency:(s: {thickness}, t: {angle})]", 1.0), operator: *, right: (1.0, 1.0), result: 1.0})
now error: 14.0
pruned: 1
UpdateCleanBool,purned:1
clean_bool length:1
Block processing time: 0.069265 seconds
Computing Block 131 out of 200
Processing Block size=7
begin cleaner{left: ("[FunctionalDependency:(s: {thickness}, t: {angle})]", 1.0), operator: *, right: (1.0, 1.0), result: 1.0}
列 'p' 不存在，对列 angle 不过滤，直接选择所有非无效值。
Block processing time: 0.017308 seconds
Computing Block 132 out of 200
Processing Block size=14
begin cleaner{left: ("[FunctionalDependency:(s: {thickness}, t: {angle})]", 0.0), operator: *, right: (1.0, 1.0), result: 0.0}
列 'p' 不存在，对列 angle 不过滤，直接选择所有非无效值。
Block processing time: 0.033484 seconds
Computing Block 133 out of 200
Processing Block size=13
begin cleaner{left: ("[FunctionalDependency:(s: {thickness}, t: {angle})]", 0.0), operator: *, right: (1.0, 1.0), result: 0.0}
列 'p' 不存在，对列 angle 不过滤，直接选择所有非无效值。
clean_bool length:2
newest best op: Uniop(df,'angle','0.0',(['thickness'], {(7.40478,)}),{left: ("[FunctionalDependency:(s: {thickness}, t: {angle})]", 1.0), operator: *, right: (1.0, 1.0), result: 1.0})
now error: 13.0
pruned: 1
UpdateCleanBool,purned:1
clean_bool length:1
Block processing time: 0.064545 seconds
Computing Block 134 out of 200
Processing Block size=8
begin cleaner{left: ("[FunctionalDependency:(s: {thickness}, t: {angle})]", 1.0), operator: *, right: (1.0, 1.0), result: 1.0}
列 'p' 不存在，对列 angle 不过滤，直接选择所有非无效值。
Block processing time: 0.019781 seconds
Computing Block 135 out of 200
Processing Block size=16
begin cleaner{left: ("[FunctionalDependency:(s: {thickness}, t: {angle})]", 0.0), operator: *, right: (1.0, 1.0), result: 0.0}
列 'p' 不存在，对列 angle 不过滤，直接选择所有非无效值。
Block processing time: 0.038405 seconds
Computing Block 138 out of 200
Processing Block size=22
begin cleaner{left: ("[FunctionalDependency:(s: {thickness}, t: {angle})]", 0.0), operator: *, right: (1.0, 1.0), result: 0.0}
列 'p' 不存在，对列 angle 不过滤，直接选择所有非无效值。
Block processing time: 0.052336 seconds
Computing Block 139 out of 200
Processing Block size=12
begin cleaner{left: ("[FunctionalDependency:(s: {thickness}, t: {angle})]", 0.0), operator: *, right: (1.0, 1.0), result: 0.0}
列 'p' 不存在，对列 angle 不过滤，直接选择所有非无效值。
Block processing time: 0.029172 seconds
Computing Block 140 out of 200
Processing Block size=13
begin cleaner{left: ("[FunctionalDependency:(s: {thickness}, t: {angle})]", 0.0), operator: *, right: (1.0, 1.0), result: 0.0}
列 'p' 不存在，对列 angle 不过滤，直接选择所有非无效值。
Block processing time: 0.031774 seconds
Computing Block 141 out of 200
Processing Block size=13
begin cleaner{left: ("[FunctionalDependency:(s: {thickness}, t: {angle})]", 0.0), operator: *, right: (1.0, 1.0), result: 0.0}
列 'p' 不存在，对列 angle 不过滤，直接选择所有非无效值。
Block processing time: 0.031787 seconds
Computing Block 142 out of 200
Processing Block size=13
begin cleaner{left: ("[FunctionalDependency:(s: {thickness}, t: {angle})]", 0.0), operator: *, right: (1.0, 1.0), result: 0.0}
列 'p' 不存在，对列 angle 不过滤，直接选择所有非无效值。
clean_bool length:2
newest best op: Uniop(df,'angle','0.0',(['thickness'], {(4.39472,)}),{left: ("[FunctionalDependency:(s: {thickness}, t: {angle})]", 1.0), operator: *, right: (1.0, 1.0), result: 1.0})
now error: 13.0
pruned: 1
UpdateCleanBool,purned:1
clean_bool length:1
Block processing time: 0.065207 seconds
Computing Block 143 out of 200
Processing Block size=14
begin cleaner{left: ("[FunctionalDependency:(s: {thickness}, t: {angle})]", 1.0), operator: *, right: (1.0, 1.0), result: 1.0}
列 'p' 不存在，对列 angle 不过滤，直接选择所有非无效值。
Block processing time: 0.033763 seconds
Computing Block 145 out of 200
Processing Block size=14
begin cleaner{left: ("[FunctionalDependency:(s: {thickness}, t: {angle})]", 0.0), operator: *, right: (1.0, 1.0), result: 0.0}
列 'p' 不存在，对列 angle 不过滤，直接选择所有非无效值。
Block processing time: 0.033654 seconds
Computing Block 146 out of 200
Processing Block size=8
begin cleaner{left: ("[FunctionalDependency:(s: {thickness}, t: {angle})]", 0.0), operator: *, right: (1.0, 1.0), result: 0.0}
列 'p' 不存在，对列 angle 不过滤，直接选择所有非无效值。
Block processing time: 0.019762 seconds
Computing Block 149 out of 200
Processing Block size=15
begin cleaner{left: ("[FunctionalDependency:(s: {thickness}, t: {angle})]", 0.0), operator: *, right: (1.0, 1.0), result: 0.0}
列 'p' 不存在，对列 angle 不过滤，直接选择所有非无效值。
Block processing time: 0.035907 seconds
Computing Block 151 out of 200
Processing Block size=18
begin cleaner{left: ("[FunctionalDependency:(s: {thickness}, t: {angle})]", 0.0), operator: *, right: (1.0, 1.0), result: 0.0}
列 'p' 不存在，对列 angle 不过滤，直接选择所有非无效值。
clean_bool length:2
newest best op: Uniop(df,'angle','0.0',(['thickness'], {(0.00310138,)}),{left: ("[FunctionalDependency:(s: {thickness}, t: {angle})]", 1.0), operator: *, right: (1.0, 1.0), result: 1.0})
now error: 18.0
pruned: 1
UpdateCleanBool,purned:1
clean_bool length:1
Block processing time: 0.087598 seconds
Computing Block 152 out of 200
Processing Block size=13
begin cleaner{left: ("[FunctionalDependency:(s: {thickness}, t: {angle})]", 1.0), operator: *, right: (1.0, 1.0), result: 1.0}
列 'p' 不存在，对列 angle 不过滤，直接选择所有非无效值。
Block processing time: 0.031276 seconds
Computing Block 153 out of 200
Processing Block size=13
begin cleaner{left: ("[FunctionalDependency:(s: {thickness}, t: {angle})]", 0.0), operator: *, right: (1.0, 1.0), result: 0.0}
列 'p' 不存在，对列 angle 不过滤，直接选择所有非无效值。
Block processing time: 0.031778 seconds
Computing Block 154 out of 200
Processing Block size=12
begin cleaner{left: ("[FunctionalDependency:(s: {thickness}, t: {angle})]", 0.0), operator: *, right: (1.0, 1.0), result: 0.0}
列 'p' 不存在，对列 angle 不过滤，直接选择所有非无效值。
clean_bool length:2
newest best op: Uniop(df,'angle','0.0',(['thickness'], {(0.0015988,)}),{left: ("[FunctionalDependency:(s: {thickness}, t: {angle})]", 1.0), operator: *, right: (1.0, 1.0), result: 1.0})
now error: 12.0
pruned: 1
UpdateCleanBool,purned:1
clean_bool length:1
Block processing time: 0.060016 seconds
Computing Block 160 out of 200
Processing Block size=11
begin cleaner{left: ("[FunctionalDependency:(s: {thickness}, t: {angle})]", 1.0), operator: *, right: (1.0, 1.0), result: 1.0}
列 'p' 不存在，对列 angle 不过滤，直接选择所有非无效值。
Block processing time: 0.026542 seconds
Computing Block 161 out of 200
Processing Block size=15
begin cleaner{left: ("[FunctionalDependency:(s: {thickness}, t: {angle})]", 0.0), operator: *, right: (1.0, 1.0), result: 0.0}
列 'p' 不存在，对列 angle 不过滤，直接选择所有非无效值。
Block processing time: 0.036439 seconds
Computing Block 162 out of 200
Processing Block size=13
begin cleaner{left: ("[FunctionalDependency:(s: {thickness}, t: {angle})]", 0.0), operator: *, right: (1.0, 1.0), result: 0.0}
列 'p' 不存在，对列 angle 不过滤，直接选择所有非无效值。
clean_bool length:3
newest best op: Uniop(df,'angle','4.8',(['thickness'], {(9.07475,)}),{left: ("[FunctionalDependency:(s: {thickness}, t: {angle})]", 0.0), operator: *, right: (1.0, 1.0), result: 0.0})
now error: 0.0
Block processing time: 0.099999 seconds
Computing Block 163 out of 200
Processing Block size=14
begin cleaner{left: ("[FunctionalDependency:(s: {thickness}, t: {angle})]", 0.0), operator: *, right: (1.0, 1.0), result: 0.0}
列 'p' 不存在，对列 angle 不过滤，直接选择所有非无效值。
clean_bool length:2
newest best op: Uniop(df,'angle','0.0',(['thickness'], {(0.00283081,)}),{left: ("[FunctionalDependency:(s: {thickness}, t: {angle})]", 1.0), operator: *, right: (1.0, 1.0), result: 1.0})
now error: 14.0
pruned: 1
UpdateCleanBool,purned:1
clean_bool length:1
Block processing time: 0.069043 seconds
Computing Block 165 out of 200
Processing Block size=3
begin cleaner{left: ("[FunctionalDependency:(s: {thickness}, t: {angle})]", 1.0), operator: *, right: (1.0, 1.0), result: 1.0}
列 'p' 不存在，对列 angle 不过滤，直接选择所有非无效值。
Block processing time: 0.007919 seconds
Computing Block 166 out of 200
Processing Block size=14
begin cleaner{left: ("[FunctionalDependency:(s: {thickness}, t: {angle})]", 0.0), operator: *, right: (1.0, 1.0), result: 0.0}
列 'p' 不存在，对列 angle 不过滤，直接选择所有非无效值。
Block processing time: 0.033697 seconds
Computing Block 168 out of 200
Processing Block size=15
begin cleaner{left: ("[FunctionalDependency:(s: {thickness}, t: {angle})]", 0.0), operator: *, right: (1.0, 1.0), result: 0.0}
列 'p' 不存在，对列 angle 不过滤，直接选择所有非无效值。
clean_bool length:2
newest best op: Uniop(df,'angle','0.0',(['thickness'], {(0.00172668,)}),{left: ("[FunctionalDependency:(s: {thickness}, t: {angle})]", 1.0), operator: *, right: (1.0, 1.0), result: 1.0})
now error: 15.0
pruned: 1
UpdateCleanBool,purned:1
clean_bool length:1
Block processing time: 0.073794 seconds
Computing Block 169 out of 200
Processing Block size=11
begin cleaner{left: ("[FunctionalDependency:(s: {thickness}, t: {angle})]", 1.0), operator: *, right: (1.0, 1.0), result: 1.0}
列 'p' 不存在，对列 angle 不过滤，直接选择所有非无效值。
Block processing time: 0.026637 seconds
Computing Block 170 out of 200
Processing Block size=10
begin cleaner{left: ("[FunctionalDependency:(s: {thickness}, t: {angle})]", 0.0), operator: *, right: (1.0, 1.0), result: 0.0}
列 'p' 不存在，对列 angle 不过滤，直接选择所有非无效值。
Block processing time: 0.024244 seconds
Computing Block 172 out of 200
Processing Block size=12
begin cleaner{left: ("[FunctionalDependency:(s: {thickness}, t: {angle})]", 0.0), operator: *, right: (1.0, 1.0), result: 0.0}
列 'p' 不存在，对列 angle 不过滤，直接选择所有非无效值。
Block processing time: 0.029002 seconds
Computing Block 173 out of 200
Processing Block size=13
begin cleaner{left: ("[FunctionalDependency:(s: {thickness}, t: {angle})]", 0.0), operator: *, right: (1.0, 1.0), result: 0.0}
列 'p' 不存在，对列 angle 不过滤，直接选择所有非无效值。
Block processing time: 0.031356 seconds
Computing Block 175 out of 200
Processing Block size=9
begin cleaner{left: ("[FunctionalDependency:(s: {thickness}, t: {angle})]", 0.0), operator: *, right: (1.0, 1.0), result: 0.0}
列 'p' 不存在，对列 angle 不过滤，直接选择所有非无效值。
Block processing time: 0.021885 seconds
Computing Block 176 out of 200
Processing Block size=15
begin cleaner{left: ("[FunctionalDependency:(s: {thickness}, t: {angle})]", 0.0), operator: *, right: (1.0, 1.0), result: 0.0}
列 'p' 不存在，对列 angle 不过滤，直接选择所有非无效值。
Block processing time: 0.036111 seconds
Computing Block 177 out of 200
Processing Block size=15
begin cleaner{left: ("[FunctionalDependency:(s: {thickness}, t: {angle})]", 0.0), operator: *, right: (1.0, 1.0), result: 0.0}WARNING:root:No partitioning rule specified, processing might be slow

列 'p' 不存在，对列 angle 不过滤，直接选择所有非无效值。
Block processing time: 0.036366 seconds
Computing Block 178 out of 200
Processing Block size=8
begin cleaner{left: ("[FunctionalDependency:(s: {thickness}, t: {angle})]", 0.0), operator: *, right: (1.0, 1.0), result: 0.0}
列 'p' 不存在，对列 angle 不过滤，直接选择所有非无效值。
Block processing time: 0.019793 seconds
Computing Block 179 out of 200
Processing Block size=16
begin cleaner{left: ("[FunctionalDependency:(s: {thickness}, t: {angle})]", 0.0), operator: *, right: (1.0, 1.0), result: 0.0}
列 'p' 不存在，对列 angle 不过滤，直接选择所有非无效值。
Block processing time: 0.038595 seconds
Computing Block 180 out of 200
Processing Block size=14
begin cleaner{left: ("[FunctionalDependency:(s: {thickness}, t: {angle})]", 0.0), operator: *, right: (1.0, 1.0), result: 0.0}
列 'p' 不存在，对列 angle 不过滤，直接选择所有非无效值。
Block processing time: 0.034222 seconds
Computing Block 183 out of 200
Processing Block size=11
begin cleaner{left: ("[FunctionalDependency:(s: {thickness}, t: {angle})]", 0.0), operator: *, right: (1.0, 1.0), result: 0.0}
列 'p' 不存在，对列 angle 不过滤，直接选择所有非无效值。
Block processing time: 0.026866 seconds
Computing Block 185 out of 200
Processing Block size=14
begin cleaner{left: ("[FunctionalDependency:(s: {thickness}, t: {angle})]", 0.0), operator: *, right: (1.0, 1.0), result: 0.0}
列 'p' 不存在，对列 angle 不过滤，直接选择所有非无效值。
Block processing time: 0.033754 seconds
Computing Block 186 out of 200
Processing Block size=14
begin cleaner{left: ("[FunctionalDependency:(s: {thickness}, t: {angle})]", 0.0), operator: *, right: (1.0, 1.0), result: 0.0}
列 'p' 不存在，对列 angle 不过滤，直接选择所有非无效值。
Block processing time: 0.033556 seconds
Computing Block 188 out of 200
Processing Block size=13
begin cleaner{left: ("[FunctionalDependency:(s: {thickness}, t: {angle})]", 0.0), operator: *, right: (1.0, 1.0), result: 0.0}
列 'p' 不存在，对列 angle 不过滤，直接选择所有非无效值。
Block processing time: 0.031292 seconds
Computing Block 190 out of 200
Processing Block size=10
begin cleaner{left: ("[FunctionalDependency:(s: {thickness}, t: {angle})]", 0.0), operator: *, right: (1.0, 1.0), result: 0.0}
列 'p' 不存在，对列 angle 不过滤，直接选择所有非无效值。
clean_bool length:3
newest best op: Uniop(df,'angle','88.0',(['thickness'], {(8.48633,)}),{left: ("[FunctionalDependency:(s: {thickness}, t: {angle})]", 0.0), operator: *, right: (1.0, 1.0), result: 0.0})
now error: 0.0
newest best op: Uniop(df,'angle','4.8',(['thickness'], {(8.48633,)}),{left: ("[FunctionalDependency:(s: {thickness}, t: {angle})]", 0.0), operator: *, right: (1.0, 1.0), result: 0.0})
now error: 0.0
Block processing time: 0.07745 seconds
Computing Block 192 out of 200
Processing Block size=16
begin cleaner{left: ("[FunctionalDependency:(s: {thickness}, t: {angle})]", 0.0), operator: *, right: (1.0, 1.0), result: 0.0}
列 'p' 不存在，对列 angle 不过滤，直接选择所有非无效值。
Block processing time: 0.038327 seconds
Computing Block 194 out of 200
Processing Block size=11
begin cleaner{left: ("[FunctionalDependency:(s: {thickness}, t: {angle})]", 0.0), operator: *, right: (1.0, 1.0), result: 0.0}
列 'p' 不存在，对列 angle 不过滤，直接选择所有非无效值。
Block processing time: 0.026686 seconds
Computing Block 196 out of 200
Processing Block size=6
begin cleaner{left: ("[FunctionalDependency:(s: {thickness}, t: {angle})]", 0.0), operator: *, right: (1.0, 1.0), result: 0.0}
列 'p' 不存在，对列 angle 不过滤，直接选择所有非无效值。
clean_bool length:2
newest best op: Uniop(df,'angle','0.0',(['thickness'], {(4.00682,)}),{left: ("[FunctionalDependency:(s: {thickness}, t: {angle})]", 1.0), operator: *, right: (1.0, 1.0), result: 1.0})
now error: 6.0
pruned: 1
UpdateCleanBool,purned:1
clean_bool length:1
Block processing time: 0.031596 seconds
Computing Block 198 out of 200
Processing Block size=12
begin cleaner{left: ("[FunctionalDependency:(s: {thickness}, t: {angle})]", 1.0), operator: *, right: (1.0, 1.0), result: 1.0}
列 'p' 不存在，对列 angle 不过滤，直接选择所有非无效值。
clean_bool length:2
newest best op: Uniop(df,'angle','0.0',(['thickness'], {(7.91822,)}),{left: ("[FunctionalDependency:(s: {thickness}, t: {angle})]", 1.0), operator: *, right: (1.0, 1.0), result: 1.0})
now error: 12.0
pruned: 1
UpdateCleanBool,purned:1
clean_bool length:1
Block processing time: 0.059616 seconds
Computing Block 199 out of 200
Processing Block size=14
begin cleaner{left: ("[FunctionalDependency:(s: {thickness}, t: {angle})]", 1.0), operator: *, right: (1.0, 1.0), result: 1.0}
列 'p' 不存在，对列 angle 不过滤，直接选择所有非无效值。
Block processing time: 0.033682 seconds
  当前节点: angle 有 30 个清洗操作
  当前节点: chord_length 存在可用清洗信号
数据块大小: 1503
分块属性:
[['thickness']]
Starting initial block mapping...
Initial number of blocks: 200
Final number of blocks after further splitting: 200
Computing Block 1 out of 200
Processing Block size=14
begin cleaner[FunctionalDependency:(s: {'thickness'}, t: {'chord_length'})]*1.0
列 'p' 不存在，对列 chord_length 不过滤，直接选择所有非无效值。
Block processing time: 0.040793 seconds
Computing Block 2 out of 200
Processing Block size=13
begin cleaner{left: ("[FunctionalDependency:(s: {thickness}, t: {chord_length})]", 0.0), operator: *, right: (1.0, 1.0), result: 0.0}
列 'p' 不存在，对列 chord_length 不过滤，直接选择所有非无效值。
Block processing time: 0.037752 seconds
Computing Block 3 out of 200
Processing Block size=14
begin cleaner{left: ("[FunctionalDependency:(s: {thickness}, t: {chord_length})]", 0.0), operator: *, right: (1.0, 1.0), result: 0.0}
列 'p' 不存在，对列 chord_length 不过滤，直接选择所有非无效值。
Block processing time: 0.040677 seconds
Computing Block 4 out of 200
Processing Block size=13
begin cleaner{left: ("[FunctionalDependency:(s: {thickness}, t: {chord_length})]", 0.0), operator: *, right: (1.0, 1.0), result: 0.0}
列 'p' 不存在，对列 chord_length 不过滤，直接选择所有非无效值。
Block processing time: 0.037771 seconds
Computing Block 5 out of 200
Processing Block size=11
begin cleaner{left: ("[FunctionalDependency:(s: {thickness}, t: {chord_length})]", 0.0), operator: *, right: (1.0, 1.0), result: 0.0}
列 'p' 不存在，对列 chord_length 不过滤，直接选择所有非无效值。
clean_bool length:4
newest best op: Uniop(df,'chord_length','0.0254',(['thickness'], {(4.28464,)}),{left: ("[FunctionalDependency:(s: {thickness}, t: {chord_length})]", 0.0), operator: *, right: (1.0, 1.0), result: 0.0})
now error: 0.0
Block processing time: 0.137878 seconds
Computing Block 6 out of 200
Processing Block size=12
begin cleaner{left: ("[FunctionalDependency:(s: {thickness}, t: {chord_length})]", 0.0), operator: *, right: (1.0, 1.0), result: 0.0}
列 'p' 不存在，对列 chord_length 不过滤，直接选择所有非无效值。
Block processing time: 0.035297 seconds
Computing Block 7 out of 200
Processing Block size=12
begin cleaner{left: ("[FunctionalDependency:(s: {thickness}, t: {chord_length})]", 0.0), operator: *, right: (1.0, 1.0), result: 0.0}
列 'p' 不存在，对列 chord_length 不过滤，直接选择所有非无效值。
Block processing time: 0.035456 seconds
Computing Block 9 out of 200
Processing Block size=11
begin cleaner{left: ("[FunctionalDependency:(s: {thickness}, t: {chord_length})]", 0.0), operator: *, right: (1.0, 1.0), result: 0.0}
列 'p' 不存在，对列 chord_length 不过滤，直接选择所有非无效值。
Block processing time: 0.032255 seconds
Computing Block 10 out of 200
Processing Block size=2
begin cleaner{left: ("[FunctionalDependency:(s: {thickness}, t: {chord_length})]", 0.0), operator: *, right: (1.0, 1.0), result: 0.0}
列 'p' 不存在，对列 chord_length 不过滤，直接选择所有非无效值。
Block processing time: 0.006536 seconds
Computing Block 11 out of 200
Processing Block size=13
begin cleaner{left: ("[FunctionalDependency:(s: {thickness}, t: {chord_length})]", 0.0), operator: *, right: (1.0, 1.0), result: 0.0}
列 'p' 不存在，对列 chord_length 不过滤，直接选择所有非无效值。
Block processing time: 0.037775 seconds
Computing Block 12 out of 200
Processing Block size=15
begin cleaner{left: ("[FunctionalDependency:(s: {thickness}, t: {chord_length})]", 0.0), operator: *, right: (1.0, 1.0), result: 0.0}
列 'p' 不存在，对列 chord_length 不过滤，直接选择所有非无效值。
Block processing time: 0.043738 seconds
Computing Block 15 out of 200
Processing Block size=2
begin cleaner{left: ("[FunctionalDependency:(s: {thickness}, t: {chord_length})]", 0.0), operator: *, right: (1.0, 1.0), result: 0.0}
列 'p' 不存在，对列 chord_length 不过滤，直接选择所有非无效值。
Block processing time: 0.006431 seconds
Computing Block 19 out of 200
Processing Block size=2
begin cleaner{left: ("[FunctionalDependency:(s: {thickness}, t: {chord_length})]", 0.0), operator: *, right: (1.0, 1.0), result: 0.0}
列 'p' 不存在，对列 chord_length 不过滤，直接选择所有非无效值。
Block processing time: 0.006416 seconds
Computing Block 20 out of 200
Processing Block size=15
begin cleaner{left: ("[FunctionalDependency:(s: {thickness}, t: {chord_length})]", 0.0), operator: *, right: (1.0, 1.0), result: 0.0}
列 'p' 不存在，对列 chord_length 不过滤，直接选择所有非无效值。
Block processing time: 0.04333 seconds
Computing Block 22 out of 200
Processing Block size=13
begin cleaner{left: ("[FunctionalDependency:(s: {thickness}, t: {chord_length})]", 0.0), operator: *, right: (1.0, 1.0), result: 0.0}
列 'p' 不存在，对列 chord_length 不过滤，直接选择所有非无效值。
Block processing time: 0.0378 seconds
Computing Block 23 out of 200
Processing Block size=15
begin cleaner{left: ("[FunctionalDependency:(s: {thickness}, t: {chord_length})]", 0.0), operator: *, right: (1.0, 1.0), result: 0.0}
列 'p' 不存在，对列 chord_length 不过滤，直接选择所有非无效值。
Block processing time: 0.043527 seconds
Computing Block 25 out of 200
Processing Block size=13
begin cleaner{left: ("[FunctionalDependency:(s: {thickness}, t: {chord_length})]", 0.0), operator: *, right: (1.0, 1.0), result: 0.0}
列 'p' 不存在，对列 chord_length 不过滤，直接选择所有非无效值。
Block processing time: 0.039358 seconds
Computing Block 27 out of 200
Processing Block size=14
begin cleaner{left: ("[FunctionalDependency:(s: {thickness}, t: {chord_length})]", 0.0), operator: *, right: (1.0, 1.0), result: 0.0}
列 'p' 不存在，对列 chord_length 不过滤，直接选择所有非无效值。
Block processing time: 0.041552 seconds
Computing Block 30 out of 200
Processing Block size=13
begin cleaner{left: ("[FunctionalDependency:(s: {thickness}, t: {chord_length})]", 0.0), operator: *, right: (1.0, 1.0), result: 0.0}
列 'p' 不存在，对列 chord_length 不过滤，直接选择所有非无效值。
Block processing time: 0.038623 seconds
Computing Block 32 out of 200
Processing Block size=11
begin cleaner{left: ("[FunctionalDependency:(s: {thickness}, t: {chord_length})]", 0.0), operator: *, right: (1.0, 1.0), result: 0.0}
列 'p' 不存在，对列 chord_length 不过滤，直接选择所有非无效值。
Block processing time: 0.03278 seconds
Computing Block 35 out of 200
Processing Block size=36
begin cleaner{left: ("[FunctionalDependency:(s: {thickness}, t: {chord_length})]", 0.0), operator: *, right: (1.0, 1.0), result: 0.0}
列 'p' 不存在，对列 chord_length 不过滤，直接选择所有非无效值。
clean_bool length:2
newest best op: Uniop(df,'chord_length','0.0254',(['thickness'], {(0.0,)}),{left: ("[FunctionalDependency:(s: {thickness}, t: {chord_length})]", 1.0), operator: *, right: (1.0, 1.0), result: 1.0})
now error: 36.0
pruned: 1
UpdateCleanBool,purned:1
clean_bool length:1
Block processing time: 0.191296 seconds
Computing Block 37 out of 200
Processing Block size=16
begin cleaner{left: ("[FunctionalDependency:(s: {thickness}, t: {chord_length})]", 1.0), operator: *, right: (1.0, 1.0), result: 1.0}
列 'p' 不存在，对列 chord_length 不过滤，直接选择所有非无效值。
Block processing time: 0.038421 seconds
Computing Block 44 out of 200
Processing Block size=11
begin cleaner{left: ("[FunctionalDependency:(s: {thickness}, t: {chord_length})]", 0.0), operator: *, right: (1.0, 1.0), result: 0.0}
列 'p' 不存在，对列 chord_length 不过滤，直接选择所有非无效值。
Block processing time: 0.026646 seconds
Computing Block 47 out of 200
Processing Block size=13
begin cleaner{left: ("[FunctionalDependency:(s: {thickness}, t: {chord_length})]", 0.0), operator: *, right: (1.0, 1.0), result: 0.0}
列 'p' 不存在，对列 chord_length 不过滤，直接选择所有非无效值。
Block processing time: 0.03154 seconds
Computing Block 48 out of 200
Processing Block size=3
begin cleaner{left: ("[FunctionalDependency:(s: {thickness}, t: {chord_length})]", 0.0), operator: *, right: (1.0, 1.0), result: 0.0}
列 'p' 不存在，对列 chord_length 不过滤，直接选择所有非无效值。
Block processing time: 0.007825 seconds
Computing Block 50 out of 200
Processing Block size=13
begin cleaner{left: ("[FunctionalDependency:(s: {thickness}, t: {chord_length})]", 0.0), operator: *, right: (1.0, 1.0), result: 0.0}
列 'p' 不存在，对列 chord_length 不过滤，直接选择所有非无效值。
Block processing time: 0.031213 seconds
Computing Block 53 out of 200
Processing Block size=12
begin cleaner{left: ("[FunctionalDependency:(s: {thickness}, t: {chord_length})]", 0.0), operator: *, right: (1.0, 1.0), result: 0.0}
列 'p' 不存在，对列 chord_length 不过滤，直接选择所有非无效值。
Block processing time: 0.029256 seconds
Computing Block 54 out of 200
Processing Block size=15
begin cleaner{left: ("[FunctionalDependency:(s: {thickness}, t: {chord_length})]", 0.0), operator: *, right: (1.0, 1.0), result: 0.0}
列 'p' 不存在，对列 chord_length 不过滤，直接选择所有非无效值。
Block processing time: 0.036081 seconds
Computing Block 56 out of 200
Processing Block size=12
begin cleaner{left: ("[FunctionalDependency:(s: {thickness}, t: {chord_length})]", 0.0), operator: *, right: (1.0, 1.0), result: 0.0}
列 'p' 不存在，对列 chord_length 不过滤，直接选择所有非无效值。
Block processing time: 0.028911 seconds
Computing Block 57 out of 200
Processing Block size=15
begin cleaner{left: ("[FunctionalDependency:(s: {thickness}, t: {chord_length})]", 0.0), operator: *, right: (1.0, 1.0), result: 0.0}
列 'p' 不存在，对列 chord_length 不过滤，直接选择所有非无效值。
Block processing time: 0.036103 seconds
Computing Block 60 out of 200
Processing Block size=15
begin cleaner{left: ("[FunctionalDependency:(s: {thickness}, t: {chord_length})]", 0.0), operator: *, right: (1.0, 1.0), result: 0.0}
列 'p' 不存在，对列 chord_length 不过滤，直接选择所有非无效值。
Block processing time: 0.035895 seconds
Computing Block 64 out of 200
Processing Block size=14
begin cleaner{left: ("[FunctionalDependency:(s: {thickness}, t: {chord_length})]", 0.0), operator: *, right: (1.0, 1.0), result: 0.0}
列 'p' 不存在，对列 chord_length 不过滤，直接选择所有非无效值。
Block processing time: 0.033599 seconds
Computing Block 66 out of 200
Processing Block size=12
begin cleaner{left: ("[FunctionalDependency:(s: {thickness}, t: {chord_length})]", 0.0), operator: *, right: (1.0, 1.0), result: 0.0}
列 'p' 不存在，对列 chord_length 不过滤，直接选择所有非无效值。
Block processing time: 0.028934 seconds
Computing Block 67 out of 200
Processing Block size=15
begin cleaner{left: ("[FunctionalDependency:(s: {thickness}, t: {chord_length})]", 0.0), operator: *, right: (1.0, 1.0), result: 0.0}
列 'p' 不存在，对列 chord_length 不过滤，直接选择所有非无效值。
Block processing time: 0.0359 seconds
Computing Block 68 out of 200
Processing Block size=12
begin cleaner{left: ("[FunctionalDependency:(s: {thickness}, t: {chord_length})]", 0.0), operator: *, right: (1.0, 1.0), result: 0.0}
列 'p' 不存在，对列 chord_length 不过滤，直接选择所有非无效值。
Block processing time: 0.028909 seconds
Computing Block 69 out of 200
Processing Block size=16
begin cleaner{left: ("[FunctionalDependency:(s: {thickness}, t: {chord_length})]", 0.0), operator: *, right: (1.0, 1.0), result: 0.0}
列 'p' 不存在，对列 chord_length 不过滤，直接选择所有非无效值。
Block processing time: 0.038318 seconds
Computing Block 73 out of 200
Processing Block size=16
begin cleaner{left: ("[FunctionalDependency:(s: {thickness}, t: {chord_length})]", 0.0), operator: *, right: (1.0, 1.0), result: 0.0}
列 'p' 不存在，对列 chord_length 不过滤，直接选择所有非无效值。
Block processing time: 0.038539 seconds
Computing Block 74 out of 200
Processing Block size=9
begin cleaner{left: ("[FunctionalDependency:(s: {thickness}, t: {chord_length})]", 0.0), operator: *, right: (1.0, 1.0), result: 0.0}
列 'p' 不存在，对列 chord_length 不过滤，直接选择所有非无效值。
Block processing time: 0.022143 seconds
Computing Block 75 out of 200
Processing Block size=14
begin cleaner{left: ("[FunctionalDependency:(s: {thickness}, t: {chord_length})]", 0.0), operator: *, right: (1.0, 1.0), result: 0.0}
列 'p' 不存在，对列 chord_length 不过滤，直接选择所有非无效值。
Block processing time: 0.033762 seconds
Computing Block 76 out of 200
Processing Block size=16
begin cleaner{left: ("[FunctionalDependency:(s: {thickness}, t: {chord_length})]", 0.0), operator: *, right: (1.0, 1.0), result: 0.0}
列 'p' 不存在，对列 chord_length 不过滤，直接选择所有非无效值。
Block processing time: 0.038403 seconds
Computing Block 77 out of 200
Processing Block size=16
begin cleaner{left: ("[FunctionalDependency:(s: {thickness}, t: {chord_length})]", 0.0), operator: *, right: (1.0, 1.0), result: 0.0}
列 'p' 不存在，对列 chord_length 不过滤，直接选择所有非无效值。
Block processing time: 0.038338 seconds
Computing Block 79 out of 200
Processing Block size=16
begin cleaner{left: ("[FunctionalDependency:(s: {thickness}, t: {chord_length})]", 0.0), operator: *, right: (1.0, 1.0), result: 0.0}
列 'p' 不存在，对列 chord_length 不过滤，直接选择所有非无效值。
Block processing time: 0.03839 seconds
Computing Block 80 out of 200
Processing Block size=15
begin cleaner{left: ("[FunctionalDependency:(s: {thickness}, t: {chord_length})]", 0.0), operator: *, right: (1.0, 1.0), result: 0.0}
列 'p' 不存在，对列 chord_length 不过滤，直接选择所有非无效值。
Block processing time: 0.036375 seconds
Computing Block 81 out of 200
Processing Block size=10
begin cleaner{left: ("[FunctionalDependency:(s: {thickness}, t: {chord_length})]", 0.0), operator: *, right: (1.0, 1.0), result: 0.0}
列 'p' 不存在，对列 chord_length 不过滤，直接选择所有非无效值。
Block processing time: 0.024251 seconds
Computing Block 83 out of 200
Processing Block size=15
begin cleaner{left: ("[FunctionalDependency:(s: {thickness}, t: {chord_length})]", 0.0), operator: *, right: (1.0, 1.0), result: 0.0}
列 'p' 不存在，对列 chord_length 不过滤，直接选择所有非无效值。
Block processing time: 0.036029 seconds
Computing Block 84 out of 200
Processing Block size=13
begin cleaner{left: ("[FunctionalDependency:(s: {thickness}, t: {chord_length})]", 0.0), operator: *, right: (1.0, 1.0), result: 0.0}
列 'p' 不存在，对列 chord_length 不过滤，直接选择所有非无效值。
Block processing time: 0.031499 seconds
Computing Block 88 out of 200
Processing Block size=12
begin cleaner{left: ("[FunctionalDependency:(s: {thickness}, t: {chord_length})]", 0.0), operator: *, right: (1.0, 1.0), result: 0.0}
列 'p' 不存在，对列 chord_length 不过滤，直接选择所有非无效值。
Block processing time: 0.029178 seconds
Computing Block 89 out of 200
Processing Block size=14
begin cleaner{left: ("[FunctionalDependency:(s: {thickness}, t: {chord_length})]", 0.0), operator: *, right: (1.0, 1.0), result: 0.0}
列 'p' 不存在，对列 chord_length 不过滤，直接选择所有非无效值。
Block processing time: 0.033801 seconds
Computing Block 92 out of 200
Processing Block size=10
begin cleaner{left: ("[FunctionalDependency:(s: {thickness}, t: {chord_length})]", 0.0), operator: *, right: (1.0, 1.0), result: 0.0}
列 'p' 不存在，对列 chord_length 不过滤，直接选择所有非无效值。
Block processing time: 0.024372 seconds
Computing Block 93 out of 200
Processing Block size=11
begin cleaner{left: ("[FunctionalDependency:(s: {thickness}, t: {chord_length})]", 0.0), operator: *, right: (1.0, 1.0), result: 0.0}
列 'p' 不存在，对列 chord_length 不过滤，直接选择所有非无效值。
Block processing time: 0.026586 seconds
Computing Block 95 out of 200
Processing Block size=11
begin cleaner{left: ("[FunctionalDependency:(s: {thickness}, t: {chord_length})]", 0.0), operator: *, right: (1.0, 1.0), result: 0.0}
列 'p' 不存在，对列 chord_length 不过滤，直接选择所有非无效值。
Block processing time: 0.026681 seconds
Computing Block 96 out of 200
Processing Block size=9
begin cleaner{left: ("[FunctionalDependency:(s: {thickness}, t: {chord_length})]", 0.0), operator: *, right: (1.0, 1.0), result: 0.0}
列 'p' 不存在，对列 chord_length 不过滤，直接选择所有非无效值。
Block processing time: 0.022095 seconds
Computing Block 97 out of 200
Processing Block size=14
begin cleaner{left: ("[FunctionalDependency:(s: {thickness}, t: {chord_length})]", 0.0), operator: *, right: (1.0, 1.0), result: 0.0}
列 'p' 不存在，对列 chord_length 不过滤，直接选择所有非无效值。
Block processing time: 0.033389 seconds
Computing Block 100 out of 200
Processing Block size=13
begin cleaner{left: ("[FunctionalDependency:(s: {thickness}, t: {chord_length})]", 0.0), operator: *, right: (1.0, 1.0), result: 0.0}
列 'p' 不存在，对列 chord_length 不过滤，直接选择所有非无效值。
Block processing time: 0.031316 seconds
Computing Block 102 out of 200
Processing Block size=15
begin cleaner{left: ("[FunctionalDependency:(s: {thickness}, t: {chord_length})]", 0.0), operator: *, right: (1.0, 1.0), result: 0.0}
列 'p' 不存在，对列 chord_length 不过滤，直接选择所有非无效值。
Block processing time: 0.036142 seconds
Computing Block 103 out of 200
Processing Block size=13
begin cleaner{left: ("[FunctionalDependency:(s: {thickness}, t: {chord_length})]", 0.0), operator: *, right: (1.0, 1.0), result: 0.0}
列 'p' 不存在，对列 chord_length 不过滤，直接选择所有非无效值。
Block processing time: 0.031471 seconds
Computing Block 106 out of 200
Processing Block size=14
begin cleaner{left: ("[FunctionalDependency:(s: {thickness}, t: {chord_length})]", 0.0), operator: *, right: (1.0, 1.0), result: 0.0}
列 'p' 不存在，对列 chord_length 不过滤，直接选择所有非无效值。
Block processing time: 0.033739 seconds
Computing Block 111 out of 200
Processing Block size=15
begin cleaner{left: ("[FunctionalDependency:(s: {thickness}, t: {chord_length})]", 0.0), operator: *, right: (1.0, 1.0), result: 0.0}
列 'p' 不存在，对列 chord_length 不过滤，直接选择所有非无效值。
Block processing time: 0.035916 seconds
Computing Block 112 out of 200
Processing Block size=10
begin cleaner{left: ("[FunctionalDependency:(s: {thickness}, t: {chord_length})]", 0.0), operator: *, right: (1.0, 1.0), result: 0.0}
列 'p' 不存在，对列 chord_length 不过滤，直接选择所有非无效值。
Block processing time: 0.024273 seconds
Computing Block 115 out of 200
Processing Block size=11
begin cleaner{left: ("[FunctionalDependency:(s: {thickness}, t: {chord_length})]", 0.0), operator: *, right: (1.0, 1.0), result: 0.0}
列 'p' 不存在，对列 chord_length 不过滤，直接选择所有非无效值。
Block processing time: 0.026606 seconds
Computing Block 116 out of 200
Processing Block size=11
begin cleaner{left: ("[FunctionalDependency:(s: {thickness}, t: {chord_length})]", 0.0), operator: *, right: (1.0, 1.0), result: 0.0}
列 'p' 不存在，对列 chord_length 不过滤，直接选择所有非无效值。
Block processing time: 0.026732 seconds
Computing Block 117 out of 200
Processing Block size=9
begin cleaner{left: ("[FunctionalDependency:(s: {thickness}, t: {chord_length})]", 0.0), operator: *, right: (1.0, 1.0), result: 0.0}
列 'p' 不存在，对列 chord_length 不过滤，直接选择所有非无效值。
Block processing time: 0.022001 seconds
Computing Block 119 out of 200
Processing Block size=16
begin cleaner{left: ("[FunctionalDependency:(s: {thickness}, t: {chord_length})]", 0.0), operator: *, right: (1.0, 1.0), result: 0.0}
列 'p' 不存在，对列 chord_length 不过滤，直接选择所有非无效值。
Block processing time: 0.038287 seconds
Computing Block 124 out of 200
Processing Block size=2
begin cleaner{left: ("[FunctionalDependency:(s: {thickness}, t: {chord_length})]", 0.0), operator: *, right: (1.0, 1.0), result: 0.0}
列 'p' 不存在，对列 chord_length 不过滤，直接选择所有非无效值。
Block processing time: 0.005414 seconds
Computing Block 128 out of 200
Processing Block size=14
begin cleaner{left: ("[FunctionalDependency:(s: {thickness}, t: {chord_length})]", 0.0), operator: *, right: (1.0, 1.0), result: 0.0}
列 'p' 不存在，对列 chord_length 不过滤，直接选择所有非无效值。
Block processing time: 0.033498 seconds
Computing Block 129 out of 200
Processing Block size=12
begin cleaner{left: ("[FunctionalDependency:(s: {thickness}, t: {chord_length})]", 0.0), operator: *, right: (1.0, 1.0), result: 0.0}
列 'p' 不存在，对列 chord_length 不过滤，直接选择所有非无效值。
Block processing time: 0.028686 seconds
Computing Block 130 out of 200
Processing Block size=14
begin cleaner{left: ("[FunctionalDependency:(s: {thickness}, t: {chord_length})]", 0.0), operator: *, right: (1.0, 1.0), result: 0.0}
列 'p' 不存在，对列 chord_length 不过滤，直接选择所有非无效值。
Block processing time: 0.033324 seconds
Computing Block 131 out of 200
Processing Block size=7
begin cleaner{left: ("[FunctionalDependency:(s: {thickness}, t: {chord_length})]", 0.0), operator: *, right: (1.0, 1.0), result: 0.0}
列 'p' 不存在，对列 chord_length 不过滤，直接选择所有非无效值。
Block processing time: 0.017044 seconds
Computing Block 132 out of 200
Processing Block size=14
begin cleaner{left: ("[FunctionalDependency:(s: {thickness}, t: {chord_length})]", 0.0), operator: *, right: (1.0, 1.0), result: 0.0}
列 'p' 不存在，对列 chord_length 不过滤，直接选择所有非无效值。
Block processing time: 0.033426 seconds
Computing Block 133 out of 200
Processing Block size=13
begin cleaner{left: ("[FunctionalDependency:(s: {thickness}, t: {chord_length})]", 0.0), operator: *, right: (1.0, 1.0), result: 0.0}
列 'p' 不存在，对列 chord_length 不过滤，直接选择所有非无效值。
Block processing time: 0.031142 seconds
Computing Block 134 out of 200
Processing Block size=8
begin cleaner{left: ("[FunctionalDependency:(s: {thickness}, t: {chord_length})]", 0.0), operator: *, right: (1.0, 1.0), result: 0.0}
列 'p' 不存在，对列 chord_length 不过滤，直接选择所有非无效值。
Block processing time: 0.019436 seconds
Computing Block 135 out of 200
Processing Block size=16
begin cleaner{left: ("[FunctionalDependency:(s: {thickness}, t: {chord_length})]", 0.0), operator: *, right: (1.0, 1.0), result: 0.0}
列 'p' 不存在，对列 chord_length 不过滤，直接选择所有非无效值。
Block processing time: 0.0381 seconds
Computing Block 138 out of 200
Processing Block size=22
begin cleaner{left: ("[FunctionalDependency:(s: {thickness}, t: {chord_length})]", 0.0), operator: *, right: (1.0, 1.0), result: 0.0}
列 'p' 不存在，对列 chord_length 不过滤，直接选择所有非无效值。
Block processing time: 0.052003 seconds
Computing Block 139 out of 200
Processing Block size=12
begin cleaner{left: ("[FunctionalDependency:(s: {thickness}, t: {chord_length})]", 0.0), operator: *, right: (1.0, 1.0), result: 0.0}
列 'p' 不存在，对列 chord_length 不过滤，直接选择所有非无效值。
Block processing time: 0.028806 seconds
Computing Block 140 out of 200
Processing Block size=13
begin cleaner{left: ("[FunctionalDependency:(s: {thickness}, t: {chord_length})]", 0.0), operator: *, right: (1.0, 1.0), result: 0.0}
列 'p' 不存在，对列 chord_length 不过滤，直接选择所有非无效值。
Block processing time: 0.031044 seconds
Computing Block 141 out of 200
Processing Block size=13
begin cleaner{left: ("[FunctionalDependency:(s: {thickness}, t: {chord_length})]", 0.0), operator: *, right: (1.0, 1.0), result: 0.0}
列 'p' 不存在，对列 chord_length 不过滤，直接选择所有非无效值。
Block processing time: 0.031045 seconds
Computing Block 142 out of 200
Processing Block size=13
begin cleaner{left: ("[FunctionalDependency:(s: {thickness}, t: {chord_length})]", 0.0), operator: *, right: (1.0, 1.0), result: 0.0}
列 'p' 不存在，对列 chord_length 不过滤，直接选择所有非无效值。
clean_bool length:4
newest best op: Uniop(df,'chord_length','0.0254',(['thickness'], {(4.39472,)}),{left: ("[FunctionalDependency:(s: {thickness}, t: {chord_length})]", 0.0), operator: *, right: (1.0, 1.0), result: 0.0})
now error: 0.0
Block processing time: 0.132299 seconds
Computing Block 143 out of 200
Processing Block size=14
begin cleaner{left: ("[FunctionalDependency:(s: {thickness}, t: {chord_length})]", 0.0), operator: *, right: (1.0, 1.0), result: 0.0}
列 'p' 不存在，对列 chord_length 不过滤，直接选择所有非无效值。
Block processing time: 0.033637 seconds
Computing Block 145 out of 200
Processing Block size=14
begin cleaner{left: ("[FunctionalDependency:(s: {thickness}, t: {chord_length})]", 0.0), operator: *, right: (1.0, 1.0), result: 0.0}
列 'p' 不存在，对列 chord_length 不过滤，直接选择所有非无效值。
Block processing time: 0.033446 seconds
Computing Block 146 out of 200
Processing Block size=8
begin cleaner{left: ("[FunctionalDependency:(s: {thickness}, t: {chord_length})]", 0.0), operator: *, right: (1.0, 1.0), result: 0.0}
列 'p' 不存在，对列 chord_length 不过滤，直接选择所有非无效值。
Block processing time: 0.019568 seconds
Computing Block 149 out of 200
Processing Block size=15
begin cleaner{left: ("[FunctionalDependency:(s: {thickness}, t: {chord_length})]", 0.0), operator: *, right: (1.0, 1.0), result: 0.0}
列 'p' 不存在，对列 chord_length 不过滤，直接选择所有非无效值。
Block processing time: 0.035928 seconds
Computing Block 151 out of 200
Processing Block size=18
begin cleaner{left: ("[FunctionalDependency:(s: {thickness}, t: {chord_length})]", 0.0), operator: *, right: (1.0, 1.0), result: 0.0}
列 'p' 不存在，对列 chord_length 不过滤，直接选择所有非无效值。
Block processing time: 0.042536 seconds
Computing Block 152 out of 200
Processing Block size=13
begin cleaner{left: ("[FunctionalDependency:(s: {thickness}, t: {chord_length})]", 0.0), operator: *, right: (1.0, 1.0), result: 0.0}
列 'p' 不存在，对列 chord_length 不过滤，直接选择所有非无效值。
Block processing time: 0.030933 seconds
Computing Block 153 out of 200
Processing Block size=13
begin cleaner{left: ("[FunctionalDependency:(s: {thickness}, t: {chord_length})]", 0.0), operator: *, right: (1.0, 1.0), result: 0.0}
列 'p' 不存在，对列 chord_length 不过滤，直接选择所有非无效值。
Block processing time: 0.031108 seconds
Computing Block 154 out of 200
Processing Block size=12
begin cleaner{left: ("[FunctionalDependency:(s: {thickness}, t: {chord_length})]", 0.0), operator: *, right: (1.0, 1.0), result: 0.0}
列 'p' 不存在，对列 chord_length 不过滤，直接选择所有非无效值。
Block processing time: 0.028768 seconds
Computing Block 160 out of 200
Processing Block size=11
begin cleaner{left: ("[FunctionalDependency:(s: {thickness}, t: {chord_length})]", 0.0), operator: *, right: (1.0, 1.0), result: 0.0}
列 'p' 不存在，对列 chord_length 不过滤，直接选择所有非无效值。
Block processing time: 0.026753 seconds
Computing Block 161 out of 200
Processing Block size=15
begin cleaner{left: ("[FunctionalDependency:(s: {thickness}, t: {chord_length})]", 0.0), operator: *, right: (1.0, 1.0), result: 0.0}
列 'p' 不存在，对列 chord_length 不过滤，直接选择所有非无效值。
Block processing time: 0.036322 seconds
Computing Block 162 out of 200
Processing Block size=13
begin cleaner{left: ("[FunctionalDependency:(s: {thickness}, t: {chord_length})]", 0.0), operator: *, right: (1.0, 1.0), result: 0.0}
列 'p' 不存在，对列 chord_length 不过滤，直接选择所有非无效值。
clean_bool length:3
newest best op: Uniop(df,'chord_length','0.2255',(['thickness'], {(9.07475,)}),{left: ("[FunctionalDependency:(s: {thickness}, t: {chord_length})]", 0.0), operator: *, right: (1.0, 1.0), result: 0.0})
now error: 0.0
newest best op: Uniop(df,'chord_length','0.0254',(['thickness'], {(9.07475,)}),{left: ("[FunctionalDependency:(s: {thickness}, t: {chord_length})]", 0.0), operator: *, right: (1.0, 1.0), result: 0.0})
now error: 0.0
Block processing time: 0.098302 seconds
Computing Block 163 out of 200
Processing Block size=14
begin cleaner{left: ("[FunctionalDependency:(s: {thickness}, t: {chord_length})]", 0.0), operator: *, right: (1.0, 1.0), result: 0.0}
列 'p' 不存在，对列 chord_length 不过滤，直接选择所有非无效值。
Block processing time: 0.033476 seconds
Computing Block 165 out of 200
Processing Block size=3
begin cleaner{left: ("[FunctionalDependency:(s: {thickness}, t: {chord_length})]", 0.0), operator: *, right: (1.0, 1.0), result: 0.0}
列 'p' 不存在，对列 chord_length 不过滤，直接选择所有非无效值。
Block processing time: 0.007803 seconds
Computing Block 166 out of 200
Processing Block size=14
begin cleaner{left: ("[FunctionalDependency:(s: {thickness}, t: {chord_length})]", 0.0), operator: *, right: (1.0, 1.0), result: 0.0}
列 'p' 不存在，对列 chord_length 不过滤，直接选择所有非无效值。
Block processing time: 0.033662 seconds
Computing Block 168 out of 200
Processing Block size=15
begin cleaner{left: ("[FunctionalDependency:(s: {thickness}, t: {chord_length})]", 0.0), operator: *, right: (1.0, 1.0), result: 0.0}
列 'p' 不存在，对列 chord_length 不过滤，直接选择所有非无效值。
Block processing time: 0.035704 seconds
Computing Block 169 out of 200
Processing Block size=11
begin cleaner{left: ("[FunctionalDependency:(s: {thickness}, t: {chord_length})]", 0.0), operator: *, right: (1.0, 1.0), result: 0.0}
列 'p' 不存在，对列 chord_length 不过滤，直接选择所有非无效值。
Block processing time: 0.026526 seconds
Computing Block 170 out of 200
Processing Block size=10
begin cleaner{left: ("[FunctionalDependency:(s: {thickness}, t: {chord_length})]", 0.0), operator: *, right: (1.0, 1.0), result: 0.0}
列 'p' 不存在，对列 chord_length 不过滤，直接选择所有非无效值。
Block processing time: 0.024233 seconds
Computing Block 172 out of 200
Processing Block size=12
begin cleaner{left: ("[FunctionalDependency:(s: {thickness}, t: {chord_length})]", 0.0), operator: *, right: (1.0, 1.0), result: 0.0}
列 'p' 不存在，对列 chord_length 不过滤，直接选择所有非无效值。
Block processing time: 0.028823 seconds
Computing Block 173 out of 200
Processing Block size=13
begin cleaner{left: ("[FunctionalDependency:(s: {thickness}, t: {chord_length})]", 0.0), operator: *, right: (1.0, 1.0), result: 0.0}
列 'p' 不存在，对列 chord_length 不过滤，直接选择所有非无效值。
Block processing time: 0.031307 seconds
Computing Block 175 out of 200
Processing Block size=9
begin cleaner{left: ("[FunctionalDependency:(s: {thickness}, t: {chord_length})]", 0.0), operator: *, right: (1.0, 1.0), result: 0.0}
列 'p' 不存在，对列 chord_length 不过滤，直接选择所有非无效值。
Block processing time: 0.021869 seconds
Computing Block 176 out of 200
Processing Block size=15
begin cleaner{left: ("[FunctionalDependency:(s: {thickness}, t: {chord_length})]", 0.0), operator: *, right: (1.0, 1.0), result: 0.0}
列 'p' 不存在，对列 chord_length 不过滤，直接选择所有非无效值。
Block processing time: 0.035772 seconds
Computing Block 177 out of 200
Processing Block size=15
begin cleaner{left: ("[FunctionalDependency:(s: {thickness}, t: {chord_length})]", 0.0), operator: *, right: (1.0, 1.0), result: 0.0}
列 'p' 不存在，对列 chord_length 不过滤，直接选择所有非无效值。
Block processing time: 0.035993 seconds
Computing Block 178 out of 200
Processing Block size=8
begin cleaner{left: ("[FunctionalDependency:(s: {thickness}, t: {chord_length})]", 0.0), operator: *, right: (1.0, 1.0), result: 0.0}
列 'p' 不存在，对列 chord_length 不过滤，直接选择所有非无效值。
Block processing time: 0.019549 seconds
Computing Block 179 out of 200
Processing Block size=16
begin cleaner{left: ("[FunctionalDependency:(s: {thickness}, t: {chord_length})]", 0.0), operator: *, right: (1.0, 1.0), result: 0.0}
列 'p' 不存在，对列 chord_length 不过滤，直接选择所有非无效值。
Block processing time: 0.038032 seconds
Computing Block 180 out of 200
Processing Block size=14
begin cleaner{left: ("[FunctionalDependency:(s: {thickness}, t: {chord_length})]", 0.0), operator: *, right: (1.0, 1.0), result: 0.0}
列 'p' 不存在，对列 chord_length 不过滤，直接选择所有非无效值。
Block processing time: 0.033612 seconds
Computing Block 183 out of 200
Processing Block size=11
begin cleaner{left: ("[FunctionalDependency:(s: {thickness}, t: {chord_length})]", 0.0), operator: *, right: (1.0, 1.0), result: 0.0}
列 'p' 不存在，对列 chord_length 不过滤，直接选择所有非无效值。
Block processing time: 0.026653 seconds
Computing Block 185 out of 200
Processing Block size=14
begin cleaner{left: ("[FunctionalDependency:(s: {thickness}, t: {chord_length})]", 0.0), operator: *, right: (1.0, 1.0), result: 0.0}
列 'p' 不存在，对列 chord_length 不过滤，直接选择所有非无效值。
Block processing time: 0.033625 seconds
Computing Block 186 out of 200
Processing Block size=14
begin cleaner{left: ("[FunctionalDependency:(s: {thickness}, t: {chord_length})]", 0.0), operator: *, right: (1.0, 1.0), result: 0.0}
列 'p' 不存在，对列 chord_length 不过滤，直接选择所有非无效值。
Block processing time: 0.033464 seconds
Computing Block 188 out of 200
Processing Block size=13
begin cleaner{left: ("[FunctionalDependency:(s: {thickness}, t: {chord_length})]", 0.0), operator: *, right: (1.0, 1.0), result: 0.0}
列 'p' 不存在，对列 chord_length 不过滤，直接选择所有非无效值。
Block processing time: 0.031281 seconds
Computing Block 190 out of 200
Processing Block size=10
begin cleaner{left: ("[FunctionalDependency:(s: {thickness}, t: {chord_length})]", 0.0), operator: *, right: (1.0, 1.0), result: 0.0}
列 'p' 不存在，对列 chord_length 不过滤，直接选择所有非无效值。
clean_bool length:4
newest best op: Uniop(df,'chord_length','0.0254',(['thickness'], {(8.48633,)}),{left: ("[FunctionalDependency:(s: {thickness}, t: {chord_length})]", 0.0), operator: *, right: (1.0, 1.0), result: 0.0})
now error: 0.0
Block processing time: 0.103925 seconds
Computing Block 192 out of 200
Processing Block size=16
begin cleaner{left: ("[FunctionalDependency:(s: {thickness}, t: {chord_length})]", 0.0), operator: *, right: (1.0, 1.0), result: 0.0}
列 'p' 不存在，对列 chord_length 不过滤，直接选择所有非无效值。
Block processing time: 0.038256 seconds
Computing Block 194 out of 200
Processing Block size=11
begin cleaner{left: ("[FunctionalDependency:(s: {thickness}, t: {chord_length})]", 0.0), operator: *, right: (1.0, 1.0), result: 0.0}
列 'p' 不存在，对列 chord_length 不过滤，直接选择所有非无效值。
Block processing time: 0.026711 seconds
Computing Block 196 out of 200
Processing Block size=6
begin cleaner{left: ("[FunctionalDependency:(s: {thickness}, t: {chord_length})]", 0.0), operator: *, right: (1.0, 1.0), result: 0.0}WARNING:root:No partitioning rule specified, processing might be slow

列 'p' 不存在，对列 chord_length 不过滤，直接选择所有非无效值。
clean_bool length:3
newest best op: Uniop(df,'chord_length','0.0254',(['thickness'], {(4.00682,)}),{left: ("[FunctionalDependency:(s: {thickness}, t: {chord_length})]", 0.0), operator: *, right: (1.0, 1.0), result: 0.0})
now error: 0.0
Block processing time: 0.048078 seconds
Computing Block 198 out of 200
Processing Block size=12
begin cleaner{left: ("[FunctionalDependency:(s: {thickness}, t: {chord_length})]", 0.0), operator: *, right: (1.0, 1.0), result: 0.0}
列 'p' 不存在，对列 chord_length 不过滤，直接选择所有非无效值。
clean_bool length:3
newest best op: Uniop(df,'chord_length','0.0508',(['thickness'], {(7.91822,)}),{left: ("[FunctionalDependency:(s: {thickness}, t: {chord_length})]", 0.0), operator: *, right: (1.0, 1.0), result: 0.0})
now error: 0.0
Block processing time: 0.091588 seconds
Computing Block 199 out of 200
Processing Block size=14
begin cleaner{left: ("[FunctionalDependency:(s: {thickness}, t: {chord_length})]", 0.0), operator: *, right: (1.0, 1.0), result: 0.0}
列 'p' 不存在，对列 chord_length 不过滤，直接选择所有非无效值。
Block processing time: 0.033655 seconds
  当前节点: chord_length 有 7 个清洗操作
  当前节点: velocity 存在可用清洗信号
数据块大小: 1503
分块属性:
[['thickness']]
Starting initial block mapping...
Initial number of blocks: 200
Final number of blocks after further splitting: 200
Computing Block 1 out of 200
Processing Block size=14
begin cleaner[FunctionalDependency:(s: {'thickness'}, t: {'velocity'})]*1.0
列 'p' 不存在，对列 velocity 不过滤，直接选择所有非无效值。
Block processing time: 0.033966 seconds
Computing Block 2 out of 200
Processing Block size=13
begin cleaner{left: ("[FunctionalDependency:(s: {thickness}, t: {velocity})]", 0.0), operator: *, right: (1.0, 1.0), result: 0.0}
列 'p' 不存在，对列 velocity 不过滤，直接选择所有非无效值。
Block processing time: 0.03118 seconds
Computing Block 3 out of 200
Processing Block size=14
begin cleaner{left: ("[FunctionalDependency:(s: {thickness}, t: {velocity})]", 0.0), operator: *, right: (1.0, 1.0), result: 0.0}
列 'p' 不存在，对列 velocity 不过滤，直接选择所有非无效值。
Block processing time: 0.03405 seconds
Computing Block 4 out of 200
Processing Block size=13
begin cleaner{left: ("[FunctionalDependency:(s: {thickness}, t: {velocity})]", 0.0), operator: *, right: (1.0, 1.0), result: 0.0}
列 'p' 不存在，对列 velocity 不过滤，直接选择所有非无效值。
Block processing time: 0.031147 seconds
Computing Block 5 out of 200
Processing Block size=11
begin cleaner{left: ("[FunctionalDependency:(s: {thickness}, t: {velocity})]", 0.0), operator: *, right: (1.0, 1.0), result: 0.0}
列 'p' 不存在，对列 velocity 不过滤，直接选择所有非无效值。
clean_bool length:3
newest best op: Uniop(df,'velocity','99.0',(['thickness'], {(4.28464,)}),{left: ("[FunctionalDependency:(s: {thickness}, t: {velocity})]", 0.0), operator: *, right: (1.0, 1.0), result: 0.0})
now error: 0.0
newest best op: Uniop(df,'velocity','39.6',(['thickness'], {(4.28464,)}),{left: ("[FunctionalDependency:(s: {thickness}, t: {velocity})]", 0.0), operator: *, right: (1.0, 1.0), result: 0.0})
now error: 0.0
Block processing time: 0.084207 seconds
Computing Block 6 out of 200
Processing Block size=12
begin cleaner{left: ("[FunctionalDependency:(s: {thickness}, t: {velocity})]", 0.0), operator: *, right: (1.0, 1.0), result: 0.0}
列 'p' 不存在，对列 velocity 不过滤，直接选择所有非无效值。
Block processing time: 0.028699 seconds
Computing Block 7 out of 200
Processing Block size=12
begin cleaner{left: ("[FunctionalDependency:(s: {thickness}, t: {velocity})]", 0.0), operator: *, right: (1.0, 1.0), result: 0.0}
列 'p' 不存在，对列 velocity 不过滤，直接选择所有非无效值。
Block processing time: 0.028847 seconds
Computing Block 9 out of 200
Processing Block size=11
begin cleaner{left: ("[FunctionalDependency:(s: {thickness}, t: {velocity})]", 0.0), operator: *, right: (1.0, 1.0), result: 0.0}
列 'p' 不存在，对列 velocity 不过滤，直接选择所有非无效值。
Block processing time: 0.026574 seconds
Computing Block 10 out of 200
Processing Block size=2
begin cleaner{left: ("[FunctionalDependency:(s: {thickness}, t: {velocity})]", 0.0), operator: *, right: (1.0, 1.0), result: 0.0}
列 'p' 不存在，对列 velocity 不过滤，直接选择所有非无效值。
Block processing time: 0.005455 seconds
Computing Block 11 out of 200
Processing Block size=13
begin cleaner{left: ("[FunctionalDependency:(s: {thickness}, t: {velocity})]", 0.0), operator: *, right: (1.0, 1.0), result: 0.0}
列 'p' 不存在，对列 velocity 不过滤，直接选择所有非无效值。
Block processing time: 0.03108 seconds
Computing Block 12 out of 200
Processing Block size=15
begin cleaner{left: ("[FunctionalDependency:(s: {thickness}, t: {velocity})]", 0.0), operator: *, right: (1.0, 1.0), result: 0.0}
列 'p' 不存在，对列 velocity 不过滤，直接选择所有非无效值。
Block processing time: 0.035831 seconds
Computing Block 15 out of 200
Processing Block size=2
begin cleaner{left: ("[FunctionalDependency:(s: {thickness}, t: {velocity})]", 0.0), operator: *, right: (1.0, 1.0), result: 0.0}
列 'p' 不存在，对列 velocity 不过滤，直接选择所有非无效值。
Block processing time: 0.005459 seconds
Computing Block 19 out of 200
Processing Block size=2
begin cleaner{left: ("[FunctionalDependency:(s: {thickness}, t: {velocity})]", 0.0), operator: *, right: (1.0, 1.0), result: 0.0}
列 'p' 不存在，对列 velocity 不过滤，直接选择所有非无效值。
Block processing time: 0.005394 seconds
Computing Block 20 out of 200
Processing Block size=15
begin cleaner{left: ("[FunctionalDependency:(s: {thickness}, t: {velocity})]", 0.0), operator: *, right: (1.0, 1.0), result: 0.0}
列 'p' 不存在，对列 velocity 不过滤，直接选择所有非无效值。
Block processing time: 0.03599 seconds
Computing Block 22 out of 200
Processing Block size=13
begin cleaner{left: ("[FunctionalDependency:(s: {thickness}, t: {velocity})]", 0.0), operator: *, right: (1.0, 1.0), result: 0.0}
列 'p' 不存在，对列 velocity 不过滤，直接选择所有非无效值。
Block processing time: 0.031283 seconds
Computing Block 23 out of 200
Processing Block size=15
begin cleaner{left: ("[FunctionalDependency:(s: {thickness}, t: {velocity})]", 0.0), operator: *, right: (1.0, 1.0), result: 0.0}
列 'p' 不存在，对列 velocity 不过滤，直接选择所有非无效值。
Block processing time: 0.035838 seconds
Computing Block 25 out of 200
Processing Block size=13
begin cleaner{left: ("[FunctionalDependency:(s: {thickness}, t: {velocity})]", 0.0), operator: *, right: (1.0, 1.0), result: 0.0}
列 'p' 不存在，对列 velocity 不过滤，直接选择所有非无效值。
Block processing time: 0.031267 seconds
Computing Block 27 out of 200
Processing Block size=14
begin cleaner{left: ("[FunctionalDependency:(s: {thickness}, t: {velocity})]", 0.0), operator: *, right: (1.0, 1.0), result: 0.0}
列 'p' 不存在，对列 velocity 不过滤，直接选择所有非无效值。
Block processing time: 0.033503 seconds
Computing Block 30 out of 200
Processing Block size=13
begin cleaner{left: ("[FunctionalDependency:(s: {thickness}, t: {velocity})]", 0.0), operator: *, right: (1.0, 1.0), result: 0.0}
列 'p' 不存在，对列 velocity 不过滤，直接选择所有非无效值。
Block processing time: 0.031209 seconds
Computing Block 32 out of 200
Processing Block size=11
begin cleaner{left: ("[FunctionalDependency:(s: {thickness}, t: {velocity})]", 0.0), operator: *, right: (1.0, 1.0), result: 0.0}
列 'p' 不存在，对列 velocity 不过滤，直接选择所有非无效值。
Block processing time: 0.026581 seconds
Computing Block 35 out of 200
Processing Block size=36
begin cleaner{left: ("[FunctionalDependency:(s: {thickness}, t: {velocity})]", 0.0), operator: *, right: (1.0, 1.0), result: 0.0}
列 'p' 不存在，对列 velocity 不过滤，直接选择所有非无效值。
clean_bool length:2
newest best op: Uniop(df,'velocity','71.3',(['thickness'], {(0.0,)}),{left: ("[FunctionalDependency:(s: {thickness}, t: {velocity})]", 1.0), operator: *, right: (1.0, 1.0), result: 1.0})
now error: 36.0
pruned: 1
UpdateCleanBool,purned:1
clean_bool length:1
Block processing time: 0.173277 seconds
Computing Block 37 out of 200
Processing Block size=16
begin cleaner{left: ("[FunctionalDependency:(s: {thickness}, t: {velocity})]", 1.0), operator: *, right: (1.0, 1.0), result: 1.0}
列 'p' 不存在，对列 velocity 不过滤，直接选择所有非无效值。
Block processing time: 0.03815 seconds
Computing Block 44 out of 200
Processing Block size=11
begin cleaner{left: ("[FunctionalDependency:(s: {thickness}, t: {velocity})]", 0.0), operator: *, right: (1.0, 1.0), result: 0.0}
列 'p' 不存在，对列 velocity 不过滤，直接选择所有非无效值。
Block processing time: 0.026348 seconds
Computing Block 47 out of 200
Processing Block size=13
begin cleaner{left: ("[FunctionalDependency:(s: {thickness}, t: {velocity})]", 0.0), operator: *, right: (1.0, 1.0), result: 0.0}
列 'p' 不存在，对列 velocity 不过滤，直接选择所有非无效值。
Block processing time: 0.031066 seconds
Computing Block 48 out of 200
Processing Block size=3
begin cleaner{left: ("[FunctionalDependency:(s: {thickness}, t: {velocity})]", 0.0), operator: *, right: (1.0, 1.0), result: 0.0}
列 'p' 不存在，对列 velocity 不过滤，直接选择所有非无效值。
Block processing time: 0.007875 seconds
Computing Block 50 out of 200
Processing Block size=13
begin cleaner{left: ("[FunctionalDependency:(s: {thickness}, t: {velocity})]", 0.0), operator: *, right: (1.0, 1.0), result: 0.0}
列 'p' 不存在，对列 velocity 不过滤，直接选择所有非无效值。
clean_bool length:3
newest best op: Uniop(df,'velocity','33.0',(['thickness'], {(9.30789,)}),{left: ("[FunctionalDependency:(s: {thickness}, t: {velocity})]", 0.0), operator: *, right: (1.0, 1.0), result: 0.0})
now error: 0.0
newest best op: Uniop(df,'velocity','31.7',(['thickness'], {(9.30789,)}),{left: ("[FunctionalDependency:(s: {thickness}, t: {velocity})]", 0.0), operator: *, right: (1.0, 1.0), result: 0.0})
now error: 0.0
Block processing time: 0.09749 seconds
Computing Block 53 out of 200
Processing Block size=12
begin cleaner{left: ("[FunctionalDependency:(s: {thickness}, t: {velocity})]", 0.0), operator: *, right: (1.0, 1.0), result: 0.0}
列 'p' 不存在，对列 velocity 不过滤，直接选择所有非无效值。
Block processing time: 0.028824 seconds
Computing Block 54 out of 200
Processing Block size=15
begin cleaner{left: ("[FunctionalDependency:(s: {thickness}, t: {velocity})]", 0.0), operator: *, right: (1.0, 1.0), result: 0.0}
列 'p' 不存在，对列 velocity 不过滤，直接选择所有非无效值。
Block processing time: 0.035838 seconds
Computing Block 56 out of 200
Processing Block size=12
begin cleaner{left: ("[FunctionalDependency:(s: {thickness}, t: {velocity})]", 0.0), operator: *, right: (1.0, 1.0), result: 0.0}
列 'p' 不存在，对列 velocity 不过滤，直接选择所有非无效值。
Block processing time: 0.028854 seconds
Computing Block 57 out of 200
Processing Block size=15
begin cleaner{left: ("[FunctionalDependency:(s: {thickness}, t: {velocity})]", 0.0), operator: *, right: (1.0, 1.0), result: 0.0}
列 'p' 不存在，对列 velocity 不过滤，直接选择所有非无效值。
Block processing time: 0.035699 seconds
Computing Block 60 out of 200
Processing Block size=15
begin cleaner{left: ("[FunctionalDependency:(s: {thickness}, t: {velocity})]", 0.0), operator: *, right: (1.0, 1.0), result: 0.0}
列 'p' 不存在，对列 velocity 不过滤，直接选择所有非无效值。
Block processing time: 0.035582 seconds
Computing Block 64 out of 200
Processing Block size=14
begin cleaner{left: ("[FunctionalDependency:(s: {thickness}, t: {velocity})]", 0.0), operator: *, right: (1.0, 1.0), result: 0.0}
列 'p' 不存在，对列 velocity 不过滤，直接选择所有非无效值。
Block processing time: 0.033494 seconds
Computing Block 66 out of 200
Processing Block size=12
begin cleaner{left: ("[FunctionalDependency:(s: {thickness}, t: {velocity})]", 0.0), operator: *, right: (1.0, 1.0), result: 0.0}
列 'p' 不存在，对列 velocity 不过滤，直接选择所有非无效值。
Block processing time: 0.028981 seconds
Computing Block 67 out of 200
Processing Block size=15
begin cleaner{left: ("[FunctionalDependency:(s: {thickness}, t: {velocity})]", 0.0), operator: *, right: (1.0, 1.0), result: 0.0}
列 'p' 不存在，对列 velocity 不过滤，直接选择所有非无效值。
Block processing time: 0.035549 seconds
Computing Block 68 out of 200
Processing Block size=12
begin cleaner{left: ("[FunctionalDependency:(s: {thickness}, t: {velocity})]", 0.0), operator: *, right: (1.0, 1.0), result: 0.0}
列 'p' 不存在，对列 velocity 不过滤，直接选择所有非无效值。
Block processing time: 0.028917 seconds
Computing Block 69 out of 200
Processing Block size=16
begin cleaner{left: ("[FunctionalDependency:(s: {thickness}, t: {velocity})]", 0.0), operator: *, right: (1.0, 1.0), result: 0.0}
列 'p' 不存在，对列 velocity 不过滤，直接选择所有非无效值。
Block processing time: 0.038454 seconds
Computing Block 73 out of 200
Processing Block size=16
begin cleaner{left: ("[FunctionalDependency:(s: {thickness}, t: {velocity})]", 0.0), operator: *, right: (1.0, 1.0), result: 0.0}
列 'p' 不存在，对列 velocity 不过滤，直接选择所有非无效值。
Block processing time: 0.038054 seconds
Computing Block 74 out of 200
Processing Block size=9
begin cleaner{left: ("[FunctionalDependency:(s: {thickness}, t: {velocity})]", 0.0), operator: *, right: (1.0, 1.0), result: 0.0}
列 'p' 不存在，对列 velocity 不过滤，直接选择所有非无效值。
Block processing time: 0.021855 seconds
Computing Block 75 out of 200
Processing Block size=14
begin cleaner{left: ("[FunctionalDependency:(s: {thickness}, t: {velocity})]", 0.0), operator: *, right: (1.0, 1.0), result: 0.0}
列 'p' 不存在，对列 velocity 不过滤，直接选择所有非无效值。
Block processing time: 0.033506 seconds
Computing Block 76 out of 200
Processing Block size=16
begin cleaner{left: ("[FunctionalDependency:(s: {thickness}, t: {velocity})]", 0.0), operator: *, right: (1.0, 1.0), result: 0.0}
列 'p' 不存在，对列 velocity 不过滤，直接选择所有非无效值。
Block processing time: 0.038145 seconds
Computing Block 77 out of 200
Processing Block size=16
begin cleaner{left: ("[FunctionalDependency:(s: {thickness}, t: {velocity})]", 0.0), operator: *, right: (1.0, 1.0), result: 0.0}
列 'p' 不存在，对列 velocity 不过滤，直接选择所有非无效值。
Block processing time: 0.038011 seconds
Computing Block 79 out of 200
Processing Block size=16
begin cleaner{left: ("[FunctionalDependency:(s: {thickness}, t: {velocity})]", 0.0), operator: *, right: (1.0, 1.0), result: 0.0}
列 'p' 不存在，对列 velocity 不过滤，直接选择所有非无效值。
Block processing time: 0.038109 seconds
Computing Block 80 out of 200
Processing Block size=15
begin cleaner{left: ("[FunctionalDependency:(s: {thickness}, t: {velocity})]", 0.0), operator: *, right: (1.0, 1.0), result: 0.0}
列 'p' 不存在，对列 velocity 不过滤，直接选择所有非无效值。
Block processing time: 0.035662 seconds
Computing Block 81 out of 200
Processing Block size=10
begin cleaner{left: ("[FunctionalDependency:(s: {thickness}, t: {velocity})]", 0.0), operator: *, right: (1.0, 1.0), result: 0.0}
列 'p' 不存在，对列 velocity 不过滤，直接选择所有非无效值。
Block processing time: 0.024068 seconds
Computing Block 83 out of 200
Processing Block size=15
begin cleaner{left: ("[FunctionalDependency:(s: {thickness}, t: {velocity})]", 0.0), operator: *, right: (1.0, 1.0), result: 0.0}
列 'p' 不存在，对列 velocity 不过滤，直接选择所有非无效值。
Block processing time: 0.035654 seconds
Computing Block 84 out of 200
Processing Block size=13
begin cleaner{left: ("[FunctionalDependency:(s: {thickness}, t: {velocity})]", 0.0), operator: *, right: (1.0, 1.0), result: 0.0}
列 'p' 不存在，对列 velocity 不过滤，直接选择所有非无效值。
Block processing time: 0.031396 seconds
Computing Block 88 out of 200
Processing Block size=12
begin cleaner{left: ("[FunctionalDependency:(s: {thickness}, t: {velocity})]", 0.0), operator: *, right: (1.0, 1.0), result: 0.0}
列 'p' 不存在，对列 velocity 不过滤，直接选择所有非无效值。
Block processing time: 0.028861 seconds
Computing Block 89 out of 200
Processing Block size=14
begin cleaner{left: ("[FunctionalDependency:(s: {thickness}, t: {velocity})]", 0.0), operator: *, right: (1.0, 1.0), result: 0.0}
列 'p' 不存在，对列 velocity 不过滤，直接选择所有非无效值。
Block processing time: 0.03329 seconds
Computing Block 92 out of 200
Processing Block size=10
begin cleaner{left: ("[FunctionalDependency:(s: {thickness}, t: {velocity})]", 0.0), operator: *, right: (1.0, 1.0), result: 0.0}
列 'p' 不存在，对列 velocity 不过滤，直接选择所有非无效值。
Block processing time: 0.024036 seconds
Computing Block 93 out of 200
Processing Block size=11
begin cleaner{left: ("[FunctionalDependency:(s: {thickness}, t: {velocity})]", 0.0), operator: *, right: (1.0, 1.0), result: 0.0}
列 'p' 不存在，对列 velocity 不过滤，直接选择所有非无效值。
Block processing time: 0.026444 seconds
Computing Block 95 out of 200
Processing Block size=11
begin cleaner{left: ("[FunctionalDependency:(s: {thickness}, t: {velocity})]", 0.0), operator: *, right: (1.0, 1.0), result: 0.0}
列 'p' 不存在，对列 velocity 不过滤，直接选择所有非无效值。
Block processing time: 0.026461 seconds
Computing Block 96 out of 200
Processing Block size=9
begin cleaner{left: ("[FunctionalDependency:(s: {thickness}, t: {velocity})]", 0.0), operator: *, right: (1.0, 1.0), result: 0.0}
列 'p' 不存在，对列 velocity 不过滤，直接选择所有非无效值。
Block processing time: 0.021659 seconds
Computing Block 97 out of 200
Processing Block size=14
begin cleaner{left: ("[FunctionalDependency:(s: {thickness}, t: {velocity})]", 0.0), operator: *, right: (1.0, 1.0), result: 0.0}
列 'p' 不存在，对列 velocity 不过滤，直接选择所有非无效值。
Block processing time: 0.033285 seconds
Computing Block 100 out of 200
Processing Block size=13
begin cleaner{left: ("[FunctionalDependency:(s: {thickness}, t: {velocity})]", 0.0), operator: *, right: (1.0, 1.0), result: 0.0}
列 'p' 不存在，对列 velocity 不过滤，直接选择所有非无效值。
Block processing time: 0.030971 seconds
Computing Block 102 out of 200
Processing Block size=15
begin cleaner{left: ("[FunctionalDependency:(s: {thickness}, t: {velocity})]", 0.0), operator: *, right: (1.0, 1.0), result: 0.0}
列 'p' 不存在，对列 velocity 不过滤，直接选择所有非无效值。
Block processing time: 0.035595 seconds
Computing Block 103 out of 200
Processing Block size=13
begin cleaner{left: ("[FunctionalDependency:(s: {thickness}, t: {velocity})]", 0.0), operator: *, right: (1.0, 1.0), result: 0.0}
列 'p' 不存在，对列 velocity 不过滤，直接选择所有非无效值。
clean_bool length:4
newest best op: Uniop(df,'velocity','1177.0',(['thickness'], {(8.12164,)}),{left: ("[FunctionalDependency:(s: {thickness}, t: {velocity})]", 0.0), operator: *, right: (1.0, 1.0), result: 0.0})
now error: 0.0
newest best op: Uniop(df,'velocity','3311.0',(['thickness'], {(8.12164,)}),{left: ("[FunctionalDependency:(s: {thickness}, t: {velocity})]", 0.0), operator: *, right: (1.0, 1.0), result: 0.0})
now error: 0.0
newest best op: Uniop(df,'velocity','31.7',(['thickness'], {(8.12164,)}),{left: ("[FunctionalDependency:(s: {thickness}, t: {velocity})]", 0.0), operator: *, right: (1.0, 1.0), result: 0.0})
now error: 0.0
Block processing time: 0.132431 seconds
Computing Block 106 out of 200
Processing Block size=14
begin cleaner{left: ("[FunctionalDependency:(s: {thickness}, t: {velocity})]", 0.0), operator: *, right: (1.0, 1.0), result: 0.0}
列 'p' 不存在，对列 velocity 不过滤，直接选择所有非无效值。
Block processing time: 0.033426 seconds
Computing Block 111 out of 200
Processing Block size=15
begin cleaner{left: ("[FunctionalDependency:(s: {thickness}, t: {velocity})]", 0.0), operator: *, right: (1.0, 1.0), result: 0.0}
列 'p' 不存在，对列 velocity 不过滤，直接选择所有非无效值。
Block processing time: 0.035596 seconds
Computing Block 112 out of 200
Processing Block size=10
begin cleaner{left: ("[FunctionalDependency:(s: {thickness}, t: {velocity})]", 0.0), operator: *, right: (1.0, 1.0), result: 0.0}
列 'p' 不存在，对列 velocity 不过滤，直接选择所有非无效值。
clean_bool length:4
newest best op: Uniop(df,'velocity','5555.0',(['thickness'], {(8.73218,)}),{left: ("[FunctionalDependency:(s: {thickness}, t: {velocity})]", 0.0), operator: *, right: (1.0, 1.0), result: 0.0})
now error: 0.0
newest best op: Uniop(df,'velocity','55.0',(['thickness'], {(8.73218,)}),{left: ("[FunctionalDependency:(s: {thickness}, t: {velocity})]", 0.0), operator: *, right: (1.0, 1.0), result: 0.0})
now error: 0.0
newest best op: Uniop(df,'velocity','55.5',(['thickness'], {(8.73218,)}),{left: ("[FunctionalDependency:(s: {thickness}, t: {velocity})]", 0.0), operator: *, right: (1.0, 1.0), result: 0.0})
now error: 0.0
Block processing time: 0.103061 seconds
Computing Block 115 out of 200
Processing Block size=11
begin cleaner{left: ("[FunctionalDependency:(s: {thickness}, t: {velocity})]", 0.0), operator: *, right: (1.0, 1.0), result: 0.0}
列 'p' 不存在，对列 velocity 不过滤，直接选择所有非无效值。
Block processing time: 0.026537 seconds
Computing Block 116 out of 200
Processing Block size=11
begin cleaner{left: ("[FunctionalDependency:(s: {thickness}, t: {velocity})]", 0.0), operator: *, right: (1.0, 1.0), result: 0.0}
列 'p' 不存在，对列 velocity 不过滤，直接选择所有非无效值。
Block processing time: 0.026396 seconds
Computing Block 117 out of 200
Processing Block size=9
begin cleaner{left: ("[FunctionalDependency:(s: {thickness}, t: {velocity})]", 0.0), operator: *, right: (1.0, 1.0), result: 0.0}
列 'p' 不存在，对列 velocity 不过滤，直接选择所有非无效值。
Block processing time: 0.021782 seconds
Computing Block 119 out of 200
Processing Block size=16
begin cleaner{left: ("[FunctionalDependency:(s: {thickness}, t: {velocity})]", 0.0), operator: *, right: (1.0, 1.0), result: 0.0}
列 'p' 不存在，对列 velocity 不过滤，直接选择所有非无效值。
Block processing time: 0.038141 seconds
Computing Block 124 out of 200
Processing Block size=2
begin cleaner{left: ("[FunctionalDependency:(s: {thickness}, t: {velocity})]", 0.0), operator: *, right: (1.0, 1.0), result: 0.0}
列 'p' 不存在，对列 velocity 不过滤，直接选择所有非无效值。
Block processing time: 0.005469 seconds
Computing Block 128 out of 200
Processing Block size=14
begin cleaner{left: ("[FunctionalDependency:(s: {thickness}, t: {velocity})]", 0.0), operator: *, right: (1.0, 1.0), result: 0.0}
列 'p' 不存在，对列 velocity 不过滤，直接选择所有非无效值。
Block processing time: 0.033582 seconds
Computing Block 129 out of 200
Processing Block size=12
begin cleaner{left: ("[FunctionalDependency:(s: {thickness}, t: {velocity})]", 0.0), operator: *, right: (1.0, 1.0), result: 0.0}
列 'p' 不存在，对列 velocity 不过滤，直接选择所有非无效值。
Block processing time: 0.028848 seconds
Computing Block 130 out of 200
Processing Block size=14
begin cleaner{left: ("[FunctionalDependency:(s: {thickness}, t: {velocity})]", 0.0), operator: *, right: (1.0, 1.0), result: 0.0}
列 'p' 不存在，对列 velocity 不过滤，直接选择所有非无效值。
Block processing time: 0.033561 seconds
Computing Block 131 out of 200
Processing Block size=7
begin cleaner{left: ("[FunctionalDependency:(s: {thickness}, t: {velocity})]", 0.0), operator: *, right: (1.0, 1.0), result: 0.0}
列 'p' 不存在，对列 velocity 不过滤，直接选择所有非无效值。
Block processing time: 0.017013 seconds
Computing Block 132 out of 200
Processing Block size=14
begin cleaner{left: ("[FunctionalDependency:(s: {thickness}, t: {velocity})]", 0.0), operator: *, right: (1.0, 1.0), result: 0.0}
列 'p' 不存在，对列 velocity 不过滤，直接选择所有非无效值。
Block processing time: 0.033541 seconds
Computing Block 133 out of 200
Processing Block size=13
begin cleaner{left: ("[FunctionalDependency:(s: {thickness}, t: {velocity})]", 0.0), operator: *, right: (1.0, 1.0), result: 0.0}
列 'p' 不存在，对列 velocity 不过滤，直接选择所有非无效值。
clean_bool length:3
newest best op: Uniop(df,'velocity','77.0',(['thickness'], {(7.40478,)}),{left: ("[FunctionalDependency:(s: {thickness}, t: {velocity})]", 0.0), operator: *, right: (1.0, 1.0), result: 0.0})
now error: 0.0
newest best op: Uniop(df,'velocity','71.3',(['thickness'], {(7.40478,)}),{left: ("[FunctionalDependency:(s: {thickness}, t: {velocity})]", 0.0), operator: *, right: (1.0, 1.0), result: 0.0})
now error: 0.0
Block processing time: 0.098112 seconds
Computing Block 134 out of 200
Processing Block size=8
begin cleaner{left: ("[FunctionalDependency:(s: {thickness}, t: {velocity})]", 0.0), operator: *, right: (1.0, 1.0), result: 0.0}
列 'p' 不存在，对列 velocity 不过滤，直接选择所有非无效值。
Block processing time: 0.019495 seconds
Computing Block 135 out of 200
Processing Block size=16
begin cleaner{left: ("[FunctionalDependency:(s: {thickness}, t: {velocity})]", 0.0), operator: *, right: (1.0, 1.0), result: 0.0}
列 'p' 不存在，对列 velocity 不过滤，直接选择所有非无效值。
Block processing time: 0.038076 seconds
Computing Block 138 out of 200
Processing Block size=22
begin cleaner{left: ("[FunctionalDependency:(s: {thickness}, t: {velocity})]", 0.0), operator: *, right: (1.0, 1.0), result: 0.0}
列 'p' 不存在，对列 velocity 不过滤，直接选择所有非无效值。
Block processing time: 0.052088 seconds
Computing Block 139 out of 200
Processing Block size=12
begin cleaner{left: ("[FunctionalDependency:(s: {thickness}, t: {velocity})]", 0.0), operator: *, right: (1.0, 1.0), result: 0.0}
列 'p' 不存在，对列 velocity 不过滤，直接选择所有非无效值。
Block processing time: 0.028882 seconds
Computing Block 140 out of 200
Processing Block size=13
begin cleaner{left: ("[FunctionalDependency:(s: {thickness}, t: {velocity})]", 0.0), operator: *, right: (1.0, 1.0), result: 0.0}
列 'p' 不存在，对列 velocity 不过滤，直接选择所有非无效值。
Block processing time: 0.031126 seconds
Computing Block 141 out of 200
Processing Block size=13
begin cleaner{left: ("[FunctionalDependency:(s: {thickness}, t: {velocity})]", 0.0), operator: *, right: (1.0, 1.0), result: 0.0}
列 'p' 不存在，对列 velocity 不过滤，直接选择所有非无效值。
Block processing time: 0.031002 seconds
Computing Block 142 out of 200
Processing Block size=13
begin cleaner{left: ("[FunctionalDependency:(s: {thickness}, t: {velocity})]", 0.0), operator: *, right: (1.0, 1.0), result: 0.0}
列 'p' 不存在，对列 velocity 不过滤，直接选择所有非无效值。
Block processing time: 0.031124 seconds
Computing Block 143 out of 200
Processing Block size=14
begin cleaner{left: ("[FunctionalDependency:(s: {thickness}, t: {velocity})]", 0.0), operator: *, right: (1.0, 1.0), result: 0.0}
列 'p' 不存在，对列 velocity 不过滤，直接选择所有非无效值。
Block processing time: 0.033674 seconds
Computing Block 145 out of 200
Processing Block size=14
begin cleaner{left: ("[FunctionalDependency:(s: {thickness}, t: {velocity})]", 0.0), operator: *, right: (1.0, 1.0), result: 0.0}
列 'p' 不存在，对列 velocity 不过滤，直接选择所有非无效值。
Block processing time: 0.033821 seconds
Computing Block 146 out of 200
Processing Block size=8
begin cleaner{left: ("[FunctionalDependency:(s: {thickness}, t: {velocity})]", 0.0), operator: *, right: (1.0, 1.0), result: 0.0}
列 'p' 不存在，对列 velocity 不过滤，直接选择所有非无效值。
Block processing time: 0.019519 seconds
Computing Block 149 out of 200
Processing Block size=15
begin cleaner{left: ("[FunctionalDependency:(s: {thickness}, t: {velocity})]", 0.0), operator: *, right: (1.0, 1.0), result: 0.0}
列 'p' 不存在，对列 velocity 不过滤，直接选择所有非无效值。
Block processing time: 0.03565 seconds
Computing Block 151 out of 200
Processing Block size=18
begin cleaner{left: ("[FunctionalDependency:(s: {thickness}, t: {velocity})]", 0.0), operator: *, right: (1.0, 1.0), result: 0.0}
列 'p' 不存在，对列 velocity 不过滤，直接选择所有非无效值。
Block processing time: 0.042958 seconds
Computing Block 152 out of 200
Processing Block size=13
begin cleaner{left: ("[FunctionalDependency:(s: {thickness}, t: {velocity})]", 0.0), operator: *, right: (1.0, 1.0), result: 0.0}
列 'p' 不存在，对列 velocity 不过滤，直接选择所有非无效值。
Block processing time: 0.031226 seconds
Computing Block 153 out of 200
Processing Block size=13
begin cleaner{left: ("[FunctionalDependency:(s: {thickness}, t: {velocity})]", 0.0), operator: *, right: (1.0, 1.0), result: 0.0}
列 'p' 不存在，对列 velocity 不过滤，直接选择所有非无效值。
Block processing time: 0.03139 seconds
Computing Block 154 out of 200
Processing Block size=12
begin cleaner{left: ("[FunctionalDependency:(s: {thickness}, t: {velocity})]", 0.0), operator: *, right: (1.0, 1.0), result: 0.0}
列 'p' 不存在，对列 velocity 不过滤，直接选择所有非无效值。
Block processing time: 0.028861 seconds
Computing Block 160 out of 200
Processing Block size=11
begin cleaner{left: ("[FunctionalDependency:(s: {thickness}, t: {velocity})]", 0.0), operator: *, right: (1.0, 1.0), result: 0.0}
列 'p' 不存在，对列 velocity 不过滤，直接选择所有非无效值。
Block processing time: 0.02642 seconds
Computing Block 161 out of 200
Processing Block size=15
begin cleaner{left: ("[FunctionalDependency:(s: {thickness}, t: {velocity})]", 0.0), operator: *, right: (1.0, 1.0), result: 0.0}
列 'p' 不存在，对列 velocity 不过滤，直接选择所有非无效值。
Block processing time: 0.035611 seconds
Computing Block 162 out of 200
Processing Block size=13
begin cleaner{left: ("[FunctionalDependency:(s: {thickness}, t: {velocity})]", 0.0), operator: *, right: (1.0, 1.0), result: 0.0}
列 'p' 不存在，对列 velocity 不过滤，直接选择所有非无效值。
clean_bool length:4
newest best op: Uniop(df,'velocity','66.0',(['thickness'], {(9.07475,)}),{left: ("[FunctionalDependency:(s: {thickness}, t: {velocity})]", 0.0), operator: *, right: (1.0, 1.0), result: 0.0})
now error: 0.0
newest best op: Uniop(df,'velocity','9966.0',(['thickness'], {(9.07475,)}),{left: ("[FunctionalDependency:(s: {thickness}, t: {velocity})]", 0.0), operator: *, right: (1.0, 1.0), result: 0.0})
now error: 0.0
newest best op: Uniop(df,'velocity','39.6',(['thickness'], {(9.07475,)}),{left: ("[FunctionalDependency:(s: {thickness}, t: {velocity})]", 0.0), operator: *, right: (1.0, 1.0), result: 0.0})
now error: 0.0
Block processing time: 0.133036 seconds
Computing Block 163 out of 200
Processing Block size=14
begin cleaner{left: ("[FunctionalDependency:(s: {thickness}, t: {velocity})]", 0.0), operator: *, right: (1.0, 1.0), result: 0.0}
列 'p' 不存在，对列 velocity 不过滤，直接选择所有非无效值。
Block processing time: 0.033425 seconds
Computing Block 165 out of 200
Processing Block size=3
begin cleaner{left: ("[FunctionalDependency:(s: {thickness}, t: {velocity})]", 0.0), operator: *, right: (1.0, 1.0), result: 0.0}
列 'p' 不存在，对列 velocity 不过滤，直接选择所有非无效值。
Block processing time: 0.007811 seconds
Computing Block 166 out of 200
Processing Block size=14
begin cleaner{left: ("[FunctionalDependency:(s: {thickness}, t: {velocity})]", 0.0), operator: *, right: (1.0, 1.0), result: 0.0}
列 'p' 不存在，对列 velocity 不过滤，直接选择所有非无效值。
Block processing time: 0.03324 seconds
Computing Block 168 out of 200
Processing Block size=15
begin cleaner{left: ("[FunctionalDependency:(s: {thickness}, t: {velocity})]", 0.0), operator: *, right: (1.0, 1.0), result: 0.0}------------------------------------------------------------
INFO:nasa_uniclean_vzekai:------------------------------------------------------------
执行时间: 92.07 秒
INFO:nasa_uniclean_vzekai:执行时间: 92.07 秒
执行状态: 成功
INFO:nasa_uniclean_vzekai:执行状态: 成功
清洗器数量: 9
INFO:nasa_uniclean_vzekai:清洗器数量: 9
真值使用成本: 0 (全自动)
INFO:nasa_uniclean_vzekai:真值使用成本: 0 (全自动)

============================================================
INFO:nasa_uniclean_vzekai:
============================================================
调用统一测评模块 getScoreML
INFO:nasa_uniclean_vzekai:调用统一测评模块 getScoreML
============================================================
INFO:nasa_uniclean_vzekai:============================================================

列 'p' 不存在，对列 velocity 不过滤，直接选择所有非无效值。
Block processing time: 0.036228 seconds
Computing Block 169 out of 200
Processing Block size=11
begin cleaner{left: ("[FunctionalDependency:(s: {thickness}, t: {velocity})]", 0.0), operator: *, right: (1.0, 1.0), result: 0.0}
列 'p' 不存在，对列 velocity 不过滤，直接选择所有非无效值。
Block processing time: 0.026486 seconds
Computing Block 170 out of 200
Processing Block size=10
begin cleaner{left: ("[FunctionalDependency:(s: {thickness}, t: {velocity})]", 0.0), operator: *, right: (1.0, 1.0), result: 0.0}
列 'p' 不存在，对列 velocity 不过滤，直接选择所有非无效值。
Block processing time: 0.024311 seconds
Computing Block 172 out of 200
Processing Block size=12
begin cleaner{left: ("[FunctionalDependency:(s: {thickness}, t: {velocity})]", 0.0), operator: *, right: (1.0, 1.0), result: 0.0}
列 'p' 不存在，对列 velocity 不过滤，直接选择所有非无效值。
Block processing time: 0.028665 seconds
Computing Block 173 out of 200
Processing Block size=13
begin cleaner{left: ("[FunctionalDependency:(s: {thickness}, t: {velocity})]", 0.0), operator: *, right: (1.0, 1.0), result: 0.0}
列 'p' 不存在，对列 velocity 不过滤，直接选择所有非无效值。
Block processing time: 0.030955 seconds
Computing Block 175 out of 200
Processing Block size=9
begin cleaner{left: ("[FunctionalDependency:(s: {thickness}, t: {velocity})]", 0.0), operator: *, right: (1.0, 1.0), result: 0.0}
列 'p' 不存在，对列 velocity 不过滤，直接选择所有非无效值。
Block processing time: 0.021817 seconds
Computing Block 176 out of 200
Processing Block size=15
begin cleaner{left: ("[FunctionalDependency:(s: {thickness}, t: {velocity})]", 0.0), operator: *, right: (1.0, 1.0), result: 0.0}
列 'p' 不存在，对列 velocity 不过滤，直接选择所有非无效值。
Block processing time: 0.035678 seconds
Computing Block 177 out of 200
Processing Block size=15
begin cleaner{left: ("[FunctionalDependency:(s: {thickness}, t: {velocity})]", 0.0), operator: *, right: (1.0, 1.0), result: 0.0}
列 'p' 不存在，对列 velocity 不过滤，直接选择所有非无效值。
Block processing time: 0.03555 seconds
Computing Block 178 out of 200
Processing Block size=8
begin cleaner{left: ("[FunctionalDependency:(s: {thickness}, t: {velocity})]", 0.0), operator: *, right: (1.0, 1.0), result: 0.0}
列 'p' 不存在，对列 velocity 不过滤，直接选择所有非无效值。
Block processing time: 0.019405 seconds
Computing Block 179 out of 200
Processing Block size=16
begin cleaner{left: ("[FunctionalDependency:(s: {thickness}, t: {velocity})]", 0.0), operator: *, right: (1.0, 1.0), result: 0.0}
列 'p' 不存在，对列 velocity 不过滤，直接选择所有非无效值。
Block processing time: 0.037944 seconds
Computing Block 180 out of 200
Processing Block size=14
begin cleaner{left: ("[FunctionalDependency:(s: {thickness}, t: {velocity})]", 0.0), operator: *, right: (1.0, 1.0), result: 0.0}
列 'p' 不存在，对列 velocity 不过滤，直接选择所有非无效值。
Block processing time: 0.033551 seconds
Computing Block 183 out of 200
Processing Block size=11
begin cleaner{left: ("[FunctionalDependency:(s: {thickness}, t: {velocity})]", 0.0), operator: *, right: (1.0, 1.0), result: 0.0}
列 'p' 不存在，对列 velocity 不过滤，直接选择所有非无效值。
Block processing time: 0.02641 seconds
Computing Block 185 out of 200
Processing Block size=14
begin cleaner{left: ("[FunctionalDependency:(s: {thickness}, t: {velocity})]", 0.0), operator: *, right: (1.0, 1.0), result: 0.0}
列 'p' 不存在，对列 velocity 不过滤，直接选择所有非无效值。
Block processing time: 0.033277 seconds
Computing Block 186 out of 200
Processing Block size=14
begin cleaner{left: ("[FunctionalDependency:(s: {thickness}, t: {velocity})]", 0.0), operator: *, right: (1.0, 1.0), result: 0.0}
列 'p' 不存在，对列 velocity 不过滤，直接选择所有非无效值。
Block processing time: 0.033263 seconds
Computing Block 188 out of 200
Processing Block size=13
begin cleaner{left: ("[FunctionalDependency:(s: {thickness}, t: {velocity})]", 0.0), operator: *, right: (1.0, 1.0), result: 0.0}
列 'p' 不存在，对列 velocity 不过滤，直接选择所有非无效值。
Block processing time: 0.03106 seconds
Computing Block 190 out of 200
Processing Block size=10
begin cleaner{left: ("[FunctionalDependency:(s: {thickness}, t: {velocity})]", 0.0), operator: *, right: (1.0, 1.0), result: 0.0}
列 'p' 不存在，对列 velocity 不过滤，直接选择所有非无效值。
Block processing time: 0.023958 seconds
Computing Block 192 out of 200
Processing Block size=16
begin cleaner{left: ("[FunctionalDependency:(s: {thickness}, t: {velocity})]", 0.0), operator: *, right: (1.0, 1.0), result: 0.0}
列 'p' 不存在，对列 velocity 不过滤，直接选择所有非无效值。
Block processing time: 0.037993 seconds
Computing Block 194 out of 200
Processing Block size=11
begin cleaner{left: ("[FunctionalDependency:(s: {thickness}, t: {velocity})]", 0.0), operator: *, right: (1.0, 1.0), result: 0.0}
列 'p' 不存在，对列 velocity 不过滤，直接选择所有非无效值。
Block processing time: 0.026475 seconds
Computing Block 196 out of 200
Processing Block size=6
begin cleaner{left: ("[FunctionalDependency:(s: {thickness}, t: {velocity})]", 0.0), operator: *, right: (1.0, 1.0), result: 0.0}
列 'p' 不存在，对列 velocity 不过滤，直接选择所有非无效值。
Block processing time: 0.01476 seconds
Computing Block 198 out of 200
Processing Block size=12
begin cleaner{left: ("[FunctionalDependency:(s: {thickness}, t: {velocity})]", 0.0), operator: *, right: (1.0, 1.0), result: 0.0}
列 'p' 不存在，对列 velocity 不过滤，直接选择所有非无效值。
clean_bool length:3
newest best op: Uniop(df,'velocity','3399.0',(['thickness'], {(7.91822,)}),{left: ("[FunctionalDependency:(s: {thickness}, t: {velocity})]", 0.0), operator: *, right: (1.0, 1.0), result: 0.0})
now error: 0.0
newest best op: Uniop(df,'velocity','39.6',(['thickness'], {(7.91822,)}),{left: ("[FunctionalDependency:(s: {thickness}, t: {velocity})]", 0.0), operator: *, right: (1.0, 1.0), result: 0.0})
now error: 0.0
Block processing time: 0.090193 seconds
Computing Block 199 out of 200
Processing Block size=14
begin cleaner{left: ("[FunctionalDependency:(s: {thickness}, t: {velocity})]", 0.0), operator: *, right: (1.0, 1.0), result: 0.0}
列 'p' 不存在，对列 velocity 不过滤，直接选择所有非无效值。
Block processing time: 0.03328 seconds
  当前节点: velocity 有 8 个清洗操作
['angle', 'chord_length', 'velocity']的清洗完成

本层累积的编辑规则数: 45
读入数据大小：1503
处理了 45 条规则，更新数据...
所有编辑规则已更新完成

处理第 1 层级, 包含节点: ['thickness']
  跳过已清洗结束的节点: thickness
['thickness']的清洗完成

本层累积的编辑规则数: 0
本层没有可以进行的清洗操作，进行下一层

处理第 2 层级, 包含节点: ['angle', 'chord_length', 'velocity']
  当前节点 angle 清洗次数超过限制，标记为完成
  当前节点 chord_length 清洗次数超过限制，标记为完成
  当前节点 velocity 清洗次数超过限制，标记为完成
['angle', 'chord_length', 'velocity']的清洗完成

本层累积的编辑规则数: 0
本层没有可以进行的清洗操作，进行下一层

清洗规则溯源分析:

处理第 1 层级, 包含节点: ['thickness']

处理第 2 层级, 包含节点: ['angle', 'chord_length', 'velocity']

清洗流程展示:
======================================================================
Clean4MLBaseline 统一测评 - nasa_uniclean_vzekai
======================================================================

[1/5] 传统清洗指标
--------------------------------------------------
调试文件已保存到: results/uniclean/nasa_uniclean_vzekai/debug
修复准确率: 0.6209439528023599, 修复召回率: 0.5759233926128591, F1值: 0.59758694104304442026-01-31 07:11:35.964795: W tensorflow/compiler/xla/stream_executor/platform/default/dso_loader.cc:64] Could not load dynamic library 'libnvinfer.so.7'; dlerror: libnvinfer.so.7: cannot open shared object file: No such file or directory
2026-01-31 07:11:35.964868: W tensorflow/compiler/xla/stream_executor/platform/default/dso_loader.cc:64] Could not load dynamic library 'libnvinfer_plugin.so.7'; dlerror: libnvinfer_plugin.so.7: cannot open shared object file: No such file or directory
2026-01-31 07:11:35.964875: W tensorflow/compiler/tf2tensorrt/utils/py_utils.cc:38] TF-TRT Warning: Cannot dlopen some TensorRT libraries. If you would like to use Nvidia GPU with TensorRT, please make sure the missing libraries mentioned above are installed properly.
[1;34m[07:11:36][0m[1;33m WARNING Snoopy may use all CPU cores! Set env. variable 'SNOOPY_LIMIT_CPU' to 'y' to limit CPU usage. [0m[1;34m(__init__ -> _init_tf_pytorch on MainThread)[0m
2026-01-31 07:11:36.540521: E tensorflow/compiler/xla/stream_executor/cuda/cuda_driver.cc:267] failed call to cuInit: CUDA_ERROR_NO_DEVICE: no CUDA-capable device is detected

结果已保存到: results/uniclean/nasa_uniclean_vzekai
INFO:nasa_uniclean_vzekai:
结果已保存到: results/uniclean/nasa_uniclean_vzekai
============================================================
INFO:nasa_uniclean_vzekai:============================================================

========================================
错误减少率 (EDR): 0.4213406292749658
========================================
混合距离 (Hybrid Distance): 0.19459103273392248
========================================
基于条目的错误减少率 (R-EDR): 0.5704514363885089
========================================
numeric: Index(['frequency', 'angle', 'chord_length', 'velocity', 'thickness',
       'sound_pressure_level'],
      dtype='object')
categorical: (none)
列级平均RMSE (数值列, 归一化): 1517476124.037566
  frequency: 12802.261174
  angle: 19.556771
  chord_length: 62218.177117
  velocity: 20.439249
  thickness: 9104781683.791084
  sound_pressure_level: 0.000000
列级平均F1: N/A (无类别列)
========================================

[2/5] 下游任务性能 (regression)
--------------------------------------------------
RF - MSE: 30.4291, R2: 0.3926, MAE: 4.0328, RMSE: 5.5163
LR - MSE: 49.3203, R2: 0.0155, MAE: 5.7491, RMSE: 7.0228
RIDGE - MSE: 49.3202, R2: 0.0155, MAE: 5.7490, RMSE: 7.0228
LASSO - MSE: 50.1405, R2: -0.0008, MAE: 5.7917, RMSE: 7.0810
KNN - MSE: 49.3561, R2: 0.0148, MAE: 5.7212, RMSE: 7.0254
GB - MSE: 31.5677, R2: 0.3699, MAE: 4.4981, RMSE: 5.6185

[3/5] 模型容忍度
--------------------------------------------------

容忍度计算结果:
  P_do_nothing (脏数据性能): -64.5243
  P_demand_clean (清洗后性能): -65.1080
  P_repair_all (完全修复性能): -3.3429
  先验容忍度 (Tolerance_prior): 1.0090
  后验容忍度 (Tolerance_post): -0.0095

[4/5] Snoopy上界评估
--------------------------------------------------
Snoopy模块可用，正在评估数据质量上界...
  脏数据上界: 33.0118
  清洗后上界: 48.1948
  干净数据上界: 13.0157
  上界提升比例: -0.7593

[5/5] 真值使用成本
--------------------------------------------------
  方法类型: Type 1 (全自动)
  实际真值使用: 0
  理想最小成本: 2275
  总修改单元格: 2691
  正确修复: 2275
  错误修复: 416

======================================================================
测评完成，结果已保存到: results/uniclean/nasa_uniclean_vzekai/nasa_uniclean_vzekai_report.txt
======================================================================
