[日志] 完整输出将保存到: /Users/qianzekai/PycharmProjects/TolerDM/logs/demandclean/all_ep5_20260225_040428.log
======================================================================
DemandClean 统一运行脚本
======================================================================
数据集: ['beers', 'adult', 'bike', 'breast_cancer', 'har', 'mercedes', 'nasa', 'smartfactory', 'soilmoisture']
启用版本: ['v5_auto_dueling_single', 'v7_auto_plain_single', 'v8_auto_plain_two']
训练轮数: 5
详细输出: True
======================================================================

######################################################################
# 数据集: beers
######################################################################
  数据集: beers
  脏数据: (2410, 8), 干净数据: (2410, 8)
  特征列: 8, 标签列: style
  FD规则: 0 条

======================================================================
版本: v5_auto_dueling_single
数据集: beers | 任务: classification | 模型: random_forest
检测器: auto | Agent: dueling_two_stage | 推理: single_phase
训练轮数: 5 | 输出目录: /Users/qianzekai/PycharmProjects/TolerDM/results/demandclean/beers/v5_auto_dueling_single
======================================================================

[Step 1] 创建 DemandClean 实例...

[Step 2] 训练 (5 episodes)...

[AutoDetector] 初始化
  RAHA 来源: pip:raha
  RAHA 可用: True
  CSV 路径: /Users/qianzekai/PycharmProjects/TolerDM/data/beers/dirty_index.csv
  FD 规则: 4 条
  规则文件: /Users/qianzekai/PycharmProjects/TolerDM/data/beers/rules.txt
  规则摘要: ParsedRules(DOMAIN=4, FD=4, STAT=1)
  缺失值: 4299 个
  标签缺失(NaN): 4 个

[检测] 在原始 CSV 上运行 RAHA (labeling_budget=20)...
  [RAHA] 数据规模: 2410 行 × 11 列
547 strategy profiles are collected.
43 Features are generated for column 0.
43 Features are generated for column 1.
129 Features are generated for column 2.
105 Features are generated for column 3.
70 Features are generated for column 4.
58 Features are generated for column 5.
51 Features are generated for column 6.
72 Features are generated for column 7.
104 Features are generated for column 8.
106 Features are generated for column 9.
76 Features are generated for column 10.
A hierarchical clustering model is built for column 0.
A hierarchical clustering model is built for column 1.
A hierarchical clustering model is built for column 2.
A hierarchical clustering model is built for column 3.
A hierarchical clustering model is built for column 4.
A hierarchical clustering model is built for column 5.
A hierarchical clustering model is built for column 6.
A hierarchical clustering model is built for column 7.
A hierarchical clustering model is built for column 8.
A hierarchical clustering model is built for column 9.
A hierarchical clustering model is built for column 10.
Tuple 1133 is sampled.
Tuple 1133 is labeled.
Tuple 1554 is sampled.
Tuple 1554 is labeled.
Tuple 1545 is sampled.
Tuple 1545 is labeled.
Tuple 1016 is sampled.
Tuple 1016 is labeled.
Tuple 503 is sampled.
Tuple 503 is labeled.
Tuple 610 is sampled.
Tuple 610 is labeled.
Tuple 2090 is sampled.
Tuple 2090 is labeled.
Tuple 0 is sampled.
Tuple 0 is labeled.
Tuple 1051 is sampled.
Tuple 1051 is labeled.
Tuple 1705 is sampled.
Tuple 1705 is labeled.
Tuple 314 is sampled.
Tuple 314 is labeled.
Tuple 378 is sampled.
Tuple 378 is labeled.
Tuple 2121 is sampled.
Tuple 2121 is labeled.
Tuple 2329 is sampled.
Tuple 2329 is labeled.
Tuple 1891 is sampled.
Tuple 1891 is labeled.
Tuple 917 is sampled.
Tuple 917 is labeled.
Tuple 1482 is sampled.
Tuple 1482 is labeled.
Tuple 680 is sampled.
Tuple 680 is labeled.
Tuple 752 is sampled.
Tuple 752 is labeled.
Tuple 470 is sampled.
Tuple 470 is labeled.
The number of labeled data cells increased from 220 to 25164.
A classifier is trained and applied on column 0.
A classifier is trained and applied on column 1.
A classifier is trained and applied on column 2.
A classifier is trained and applied on column 3.
A classifier is trained and applied on column 4.
A classifier is trained and applied on column 5.
A classifier is trained and applied on column 6.
A classifier is trained and applied on column 7.
A classifier is trained and applied on column 8.
A classifier is trained and applied on column 9.
A classifier is trained and applied on column 10.
  RAHA 检测结果: 3113 个单元格
  Precision=0.9968  Recall=0.9241  F1=0.9590
  RAHA 标注行数: 20 (labeling_budget=20)
  RAHA 标签错误: 12 行
  句法错误(RAHA): 0 个
  FD 规则检测: 172 个语义错误
  DOMAIN 规则检测: 3 个语义错误 (特征列)
  DOMAIN 规则检测: 78 个标签错误
  语义错误: 175 个 (FD+DOMAIN)
  标签噪声: 88 个 (NaN=4, 规则=84)

  检测总结: 4562 个错误 (缺失=4299, 句法=0, 语义=175, 标签噪声=88)
  模型已保存: /Users/qianzekai/PycharmProjects/TolerDM/results/demandclean/beers/v5_auto_dueling_single/model/v5_auto_dueling_single_agent.pt
  训练历史已保存: /Users/qianzekai/PycharmProjects/TolerDM/results/demandclean/beers/v5_auto_dueling_single/report/v5_auto_dueling_single_history.json

[Step 3] 推理 (模式: single_phase)...
  缺失值: 4299 个
  标签缺失(NaN): 4 个
  [RAHA] 使用缓存结果: 3113 个单元格
  RAHA 标签错误: 12 行
  句法错误(RAHA): 0 个
  FD 规则检测: 172 个语义错误
  DOMAIN 规则检测: 3 个语义错误 (特征列)
  DOMAIN 规则检测: 78 个标签错误
  语义错误: 175 个 (FD+DOMAIN)
  标签噪声: 88 个 (NaN=4, 规则=84)

  检测总结: 4562 个错误 (缺失=4299, 句法=0, 语义=175, 标签噪声=88)

============================================================
单阶段推理
============================================================
  算法: Dueling Double DQN (Two Stage)
  任务类型: classification
  下游模型: random_forest
  检测到的错误: 4517 个 (missing=4261, semantic=171, syntactic=0, label=85)

  推理进度: [====================] 4517/4517

  动作分布 (共 3377 个错误):
    no_action         2056 ( 60.9%) ████████████████████████
    repair_value         0 (  0.0%) 
    delete            1321 ( 39.1%) ███████████████
    replace_nearby       0 (  0.0%) 

  删除明细 (delete): 共 1321 条
    行        列      脏值           错误类型      
    ----------------------------------------
    2287     1      NaN          missing   
    2083     1      NaN          missing   
    1796     2      NaN          missing   
    1497     1      NaN          missing   
    1384     3      NaN          missing   
    1718     1      NaN          missing   
    1938     1      NaN          missing   
    2362     1      NaN          missing   
    1184     1      NaN          missing   
    1772     7      NaN          missing   
    1288     7      NaN          missing   
    2371     1      NaN          missing   
    1300     3      NaN          missing   
    1604     1      NaN          missing   
    1597     2      NaN          missing   
    2158     3      NaN          missing   
    1191     3      NaN          missing   
    1688     1      NaN          missing   
    1279     1      NaN          missing   
    2403     3      NaN          missing   
    2146     2      NaN          missing   
    1541     2      NaN          missing   
    1198     1      NaN          missing   
    2357     1      NaN          missing   
    2286     6      -1.2174      semantic  
    1917     1      NaN          missing   
    1591     6      0.2436       semantic  
    2073     7      NaN          missing   
    2397     1      NaN          missing   
    1784     2      NaN          missing   
    ... 省略 1291 条
  真值使用: 0
  动作分布: {'no_action': 2056, 'repair_value': 0, 'delete': 1321, 'replace_nearby': 0}
  清洗后数据已保存: /Users/qianzekai/PycharmProjects/TolerDM/results/demandclean/beers/v5_auto_dueling_single/data/v5_auto_dueling_single_cleaned.csv
  原始格式清洗数据已保存: /Users/qianzekai/PycharmProjects/TolerDM/results/demandclean/beers/v5_auto_dueling_single/data/v5_auto_dueling_single_cleaned_original.csv

[Step 4] 检测器准确率评估...
  缺失值: 4299 个
  标签缺失(NaN): 4 个
  [RAHA] 使用缓存结果: 3113 个单元格
  RAHA 标签错误: 12 行
  句法错误(RAHA): 0 个
  FD 规则检测: 172 个语义错误
  DOMAIN 规则检测: 3 个语义错误 (特征列)
  DOMAIN 规则检测: 78 个标签错误
  语义错误: 175 个 (FD+DOMAIN)
  标签噪声: 88 个 (NaN=4, 规则=84)

  检测总结: 4562 个错误 (缺失=4299, 句法=0, 语义=175, 标签噪声=88)

============================================================
检测器准确率评估
============================================================
真实错误总数: 4427 (缺失: 4299, 值错误: 128)
检测报告总数: 4474 (missing: 4299, syntactic: 0, semantic: 175)
------------------------------------------------------------

  [总体]
    Precision = 0.9855  |  Recall = 0.9959  |  F1 = 0.9907
    TP=4409  FP=65  FN=18  (GT=4427, Det=4474)

  [缺失值 (missing)]
    Precision = 1.0000  |  Recall = 1.0000  |  F1 = 1.0000
    TP=4299  FP=0  FN=0  (GT=4299, Det=4299)

  [句法错误 (syntactic)]
    Precision = 0.0000  |  Recall = 0.0000  |  F1 = 0.0000
    TP=0  FP=0  FN=128  (GT=128, Det=0)

  [语义错误 (semantic)]
    Precision = 0.6286  |  Recall = 0.8594  |  F1 = 0.7261
    TP=110  FP=65  FN=18  (GT=128, Det=175)

  [值错误合并 (syntactic+semantic)]
    Precision = 0.6286  |  Recall = 0.8594  |  F1 = 0.7261
    TP=110  FP=65  FN=18  (GT=128, Det=175)

[Step 5] Baseline 评估与可视化...
  DeleteFix: 删除 1928 行, 保留 482 行

============================================================
Baseline 对比评估 - v5_auto_dueling_single
============================================================
  NoFix          : rf_accuracy=0.3091 | rf_f1=0.2833 | lr_accuracy=0.2178 | lr_f1=0.1182
  DeleteAll: 数据不足(0行)，跳过
  DeleteFix      : rf_accuracy=0.3814 | rf_f1=0.3582 | lr_accuracy=0.3402 | lr_f1=0.2892
  ReplaceAll     : rf_accuracy=0.3091 | rf_f1=0.2833 | lr_accuracy=0.2178 | lr_f1=0.1182
  DemandClean    : rf_accuracy=0.3716 | rf_f1=0.3087 | lr_accuracy=0.2202 | lr_f1=0.1281
  FullFix        : rf_accuracy=0.3734 | rf_f1=0.3407 | lr_accuracy=0.2178 | lr_f1=0.1225
  [可视化] Baseline 对比图已保存: /Users/qianzekai/PycharmProjects/TolerDM/results/demandclean/beers/v5_auto_dueling_single/visualization/v5_auto_dueling_single_baseline_comparison.png

[Step 6] 模型容忍度评估...
============================================================
模型容忍度计算 - v5_auto_dueling_single
任务类型: classification  |  模型列表: ['rf', 'lr']
============================================================

--- 模型: RF ---
  P_clean  = 0.3776
  P_dirty  = 0.3465
  P_dc     = 0.0664
  先验容忍度 (P_dc / P_dirty)            = 0.1916
  后验容忍度 (P_dc-P_dirty)/(P_clean-P_dirty) = -9.0000

--- 模型: LR ---
  P_clean  = 0.2054
  P_dirty  = 0.1971
  P_dc     = 0.1411
  先验容忍度 (P_dc / P_dirty)            = 0.7158
  后验容忍度 (P_dc-P_dirty)/(P_clean-P_dirty) = -6.7500
  容忍度柱状图已保存: /Users/qianzekai/PycharmProjects/TolerDM/results/demandclean/beers/v5_auto_dueling_single/visualization/v5_auto_dueling_single_tolerance_bar.png

[Step 7] Shapley 三维度分析...
============================================================
DemandClean - 三维度 Shapley 分析
============================================================
  数据: 2410 行 x 8 列
  错误数: 4562
  错误分布: {'missing': 4299, 'semantic': 175, 'unknown': 88}
  输出目录: /Users/qianzekai/PycharmProjects/TolerDM/results/demandclean/beers/v5_auto_dueling_single/evaluation/shapley

[Shapley] 维度1: 动作重要性 (精确枚举 4!=24 排列) ...
[Shapley] 图表已保存: /Users/qianzekai/PycharmProjects/TolerDM/results/demandclean/beers/v5_auto_dueling_single/evaluation/shapley/shapley_action_importance.png
  动作重要性 Shapley 值:
    delete              : +0.344407
    replace_nearby      : +0.002336
    repair_value        : -0.010555
    no_action           : -0.018006

[Shapley] 维度2: 跳过特征 Shapley（计算量过大，仅保留维度1和维度3）
[Shapley] 维度3: 错误类型重要性 (精确枚举 3!=6 排列) ...
[Shapley] 图表已保存: /Users/qianzekai/PycharmProjects/TolerDM/results/demandclean/beers/v5_auto_dueling_single/evaluation/shapley/shapley_error_type_importance.png
  错误类型重要性 Shapley 值:
    label_noise         : +0.326553
    missing             : +0.010706
    semantic            : -0.009921

[Shapley] JSON 结果已保存: /Users/qianzekai/PycharmProjects/TolerDM/results/demandclean/beers/v5_auto_dueling_single/evaluation/shapley/shapley_results.json
[Shapley] Markdown 报告已保存: /Users/qianzekai/PycharmProjects/TolerDM/results/demandclean/beers/v5_auto_dueling_single/evaluation/shapley/shapley_report.md

============================================================
Shapley 分析完成!
============================================================
# Shapley Value Analysis Report

- 数据规模: 2410 行 × 8 列
- 错误总数: 4562
- 任务类型: classification (random_forest)
- MC 采样次数: 200

## 维度 1: 动作重要性 (Action Importance)

| 排名 | 动作 | Shapley 值 | 占比 | 方向 |
|------|------|-----------|------|------|
| 1 | delete | +0.344407 | 91.8% | ↑ 正贡献 |
| 2 | replace_nearby | +0.002336 | 0.6% | ↑ 正贡献 |
| 3 | repair_value | -0.010555 | 2.8% | ↓ 负贡献 |
| 4 | no_action | -0.018006 | 4.8% | ↓ 负贡献 |

**结论**: 最有效的清洗动作是 **delete**
（repair_value, no_action 对性能有负面影响，建议减少使用）

## 维度 2: 特征重要性 (Feature Importance)

| 排名 | 特征 | Shapley 值 | 占比 | 清洗价值 |
|------|------|-----------|------|---------|
| 1 | beer_name | +0.000000 | 0.0% | — 可忽略 |
| 2 | ounces | +0.000000 | 0.0% | — 可忽略 |
| 3 | abv | +0.000000 | 0.0% | — 可忽略 |
| 4 | ibu | +0.000000 | 0.0% | — 可忽略 |
| 5 | brewery_id | +0.000000 | 0.0% | — 可忽略 |
| 6 | brewery_name | +0.000000 | 0.0% | — 可忽略 |
| 7 | city | +0.000000 | 0.0% | — 可忽略 |
| 8 | state | +0.000000 | 0.0% | — 可忽略 |

**结论**: 
- 清洗价值极低的特征: beer_name, ounces, abv（清洗它们几乎不影响性能）

## 维度 3: 错误类型重要性 (Error Type Importance)

| 排名 | 错误类型 | Shapley 值 | 占比 | 优先级 |
|------|---------|-----------|------|--------|
| 1 | label_noise | +0.326553 | 94.1% | 🔴 高 |
| 2 | missing | +0.010706 | 3.1% | 🟢 低 |
| 3 | semantic | -0.009921 | 2.9% | 🟢 低 |

**结论**: 对下游性能影响最大的错误类型是 **label_noise**，检测器应优先识别此类错误。

## 综合清洗建议



  输出文件:
    /Users/qianzekai/PycharmProjects/TolerDM/results/demandclean/beers/v5_auto_dueling_single/evaluation/shapley/shapley_action_importance.png
    /Users/qianzekai/PycharmProjects/TolerDM/results/demandclean/beers/v5_auto_dueling_single/evaluation/shapley/shapley_feature_importance.png
    /Users/qianzekai/PycharmProjects/TolerDM/results/demandclean/beers/v5_auto_dueling_single/evaluation/shapley/shapley_error_type_importance.png
    /Users/qianzekai/PycharmProjects/TolerDM/results/demandclean/beers/v5_auto_dueling_single/evaluation/shapley/shapley_results.json
    /Users/qianzekai/PycharmProjects/TolerDM/results/demandclean/beers/v5_auto_dueling_single/evaluation/shapley/shapley_report.md
============================================================

[Step 8] 训练曲线可视化...
  [可视化] 训练曲线已保存: /Users/qianzekai/PycharmProjects/TolerDM/results/demandclean/beers/v5_auto_dueling_single/visualization/v5_auto_dueling_single_training_curves.png

[Step 9] Clean4MLBaseline 统一测评...
======================================================================
Clean4MLBaseline 统一测评 - v5_auto_dueling_single
======================================================================

[1/5] 传统清洗指标
--------------------------------------------------
差异文件已保存到:
/Users/qianzekai/PycharmProjects/TolerDM/results/demandclean/beers/v5_auto_dueling_single/evaluation/v5_auto_dueling_single_clean_vs_dirty.csv
/Users/qianzekai/PycharmProjects/TolerDM/results/demandclean/beers/v5_auto_dueling_single/evaluation/v5_auto_dueling_single_dirty_vs_cleaned.csv
/Users/qianzekai/PycharmProjects/TolerDM/results/demandclean/beers/v5_auto_dueling_single/evaluation/v5_auto_dueling_single_clean_vs_cleaned.csv
修复错误数据文件已保存到: /Users/qianzekai/PycharmProjects/TolerDM/results/demandclean/beers/v5_auto_dueling_single/evaluation/v5_auto_dueling_single_repair_errors.csv
未修复但是应该修复数据文件已保存到: /Users/qianzekai/PycharmProjects/TolerDM/results/demandclean/beers/v5_auto_dueling_single/evaluation/v5_auto_dueling_single_unrepaired.csv
修复准确率: 0.012711864406779662, 修复召回率: 0.017454545454545455, F1值: 0.014710389163617109
========================================
EDR 结果已保存到: /Users/qianzekai/PycharmProjects/TolerDM/results/demandclean/beers/v5_auto_dueling_single/evaluation/v5_auto_dueling_single_edr_evaluation.txt
错误减少率 (EDR): -0.3629090909090909
========================================
混合距离结果已保存到: /Users/qianzekai/PycharmProjects/TolerDM/results/demandclean/beers/v5_auto_dueling_single/evaluation/v5_auto_dueling_single_hybrid_distance_evaluation.txt
混合距离 (Hybrid Distance): 0.0635161568709799
========================================
R-EDR 结果已保存到: /Users/qianzekai/PycharmProjects/TolerDM/results/demandclean/beers/v5_auto_dueling_single/evaluation/v5_auto_dueling_single_record_based_edr_evaluation.txt
基于条目的错误减少率 (R-EDR): 0.008264462809917356
========================================

[2/5] 下游任务性能 (classification)
--------------------------------------------------
警告: 清洗后数据行数(1089)与干净数据行数(2410)不一致
将使用清洗后数据自身进行评估（行对齐）
通过索引对齐，使用 1089 行数据进行评估
RF - Accuracy: 0.3853, F1: 0.3269, Precision: 0.3226, Recall: 0.3853
LR - Accuracy: 0.2202, F1: 0.1283, Precision: 0.1053, Recall: 0.2202
SVM - Accuracy: 0.2064, F1: 0.1247, Precision: 0.1142, Recall: 0.2064
KNN - Accuracy: 0.2156, F1: 0.1726, Precision: 0.1467, Recall: 0.2156
DT - Accuracy: 0.3119, F1: 0.3029, Precision: 0.3056, Recall: 0.3119
GB - Accuracy: 0.3670, F1: 0.3401, Precision: 0.3639, Recall: 0.3670

[3/5] 模型容忍度
--------------------------------------------------

容忍度计算结果:
  P_do_nothing (脏数据性能): 0.3797
  P_demand_clean (清洗后性能): 0.4037
  P_repair_all (完全修复性能): 0.3859
  先验容忍度 (Tolerance_prior): 1.0632
  后验容忍度 (Tolerance_post): 3.8563

[4/5] Snoopy上界评估
--------------------------------------------------
Snoopy模块可用，正在评估数据质量上界...
  脏数据上界: 0.2606
  清洗后上界: 0.3067
  干净数据上界: 0.2581
  上界提升比例: -18.5334

[5/5] 真值使用成本
--------------------------------------------------
  方法类型: Type 1 (全自动)
  实际真值使用: 0
  理想最小成本: 6
  总修改单元格: 3574
  正确修复: 6
  错误修复: 3568

======================================================================
测评完成，结果已保存到: /Users/qianzekai/PycharmProjects/TolerDM/results/demandclean/beers/v5_auto_dueling_single/evaluation/v5_auto_dueling_single_evaluation_results.txt
======================================================================
  统一测评完成，结果已保存到: /Users/qianzekai/PycharmProjects/TolerDM/results/demandclean/beers/v5_auto_dueling_single/v5_auto_dueling_single_evaluation_results.txt

[Step 10] 真值成本汇总...
  RAHA 检测成本: 20
  Agent 修复成本: 0
  总成本: 20 / 19280 cells = 0.1037%

  [输出] 报告已保存: /Users/qianzekai/PycharmProjects/TolerDM/results/demandclean/beers/v5_auto_dueling_single/report/v5_auto_dueling_single_report.json

  版本 v5_auto_dueling_single 完成! 耗时: 174.67s
  输出目录: /Users/qianzekai/PycharmProjects/TolerDM/results/demandclean/beers/v5_auto_dueling_single

======================================================================
版本: v7_auto_plain_single
数据集: beers | 任务: classification | 模型: random_forest
检测器: auto | Agent: single_stage | 推理: single_phase
训练轮数: 5 | 输出目录: /Users/qianzekai/PycharmProjects/TolerDM/results/demandclean/beers/v7_auto_plain_single
======================================================================

[Step 1] 创建 DemandClean 实例...

[Step 2] 续训 (检测到已有模型: /Users/qianzekai/PycharmProjects/TolerDM/results/demandclean/beers/v7_auto_plain_single/model/v7_auto_plain_single_agent.pt)...
  已有训练历史: 5 episodes
  新增训练: 5 episodes

[AutoDetector] 初始化
  RAHA 来源: pip:raha
  RAHA 可用: True
  CSV 路径: /Users/qianzekai/PycharmProjects/TolerDM/data/beers/dirty_index.csv
  FD 规则: 4 条
  规则文件: /Users/qianzekai/PycharmProjects/TolerDM/data/beers/rules.txt
  规则摘要: ParsedRules(DOMAIN=4, FD=4, STAT=1)
  缺失值: 4299 个
  标签缺失(NaN): 4 个

[检测] 在原始 CSV 上运行 RAHA (labeling_budget=20)...
  [RAHA] 数据规模: 2410 行 × 11 列
547 strategy profiles are collected.
43 Features are generated for column 0.
43 Features are generated for column 1.
129 Features are generated for column 2.
105 Features are generated for column 3.
70 Features are generated for column 4.
58 Features are generated for column 5.
51 Features are generated for column 6.
72 Features are generated for column 7.
104 Features are generated for column 8.
106 Features are generated for column 9.
76 Features are generated for column 10.
A hierarchical clustering model is built for column 0.
A hierarchical clustering model is built for column 1.
A hierarchical clustering model is built for column 2.
A hierarchical clustering model is built for column 3.
A hierarchical clustering model is built for column 4.
A hierarchical clustering model is built for column 5.
A hierarchical clustering model is built for column 6.
A hierarchical clustering model is built for column 7.
A hierarchical clustering model is built for column 8.
A hierarchical clustering model is built for column 9.
A hierarchical clustering model is built for column 10.
Tuple 2348 is sampled.
Tuple 2348 is labeled.
Tuple 675 is sampled.
Tuple 675 is labeled.
Tuple 877 is sampled.
Tuple 877 is labeled.
Tuple 575 is sampled.
Tuple 575 is labeled.
Tuple 1051 is sampled.
Tuple 1051 is labeled.
Tuple 2112 is sampled.
Tuple 2112 is labeled.
Tuple 17 is sampled.
Tuple 17 is labeled.
Tuple 1750 is sampled.
Tuple 1750 is labeled.
Tuple 1404 is sampled.
Tuple 1404 is labeled.
Tuple 1898 is sampled.
Tuple 1898 is labeled.
Tuple 1409 is sampled.
Tuple 1409 is labeled.
Tuple 1828 is sampled.
Tuple 1828 is labeled.
Tuple 170 is sampled.
Tuple 170 is labeled.
Tuple 2067 is sampled.
Tuple 2067 is labeled.
Tuple 2219 is sampled.
Tuple 2219 is labeled.
Tuple 1185 is sampled.
Tuple 1185 is labeled.
Tuple 2394 is sampled.
Tuple 2394 is labeled.
Tuple 2246 is sampled.
Tuple 2246 is labeled.
Tuple 1923 is sampled.
Tuple 1923 is labeled.
Tuple 212 is sampled.
Tuple 212 is labeled.
The number of labeled data cells increased from 220 to 25184.
A classifier is trained and applied on column 0.
A classifier is trained and applied on column 1.
A classifier is trained and applied on column 2.
A classifier is trained and applied on column 3.
A classifier is trained and applied on column 4.
A classifier is trained and applied on column 5.
A classifier is trained and applied on column 6.
A classifier is trained and applied on column 7.
A classifier is trained and applied on column 8.
A classifier is trained and applied on column 9.
A classifier is trained and applied on column 10.
  RAHA 检测结果: 3121 个单元格
  Precision=0.9997  Recall=0.9291  F1=0.9631
  RAHA 标注行数: 20 (labeling_budget=20)
  RAHA 标签错误: 1 行
  句法错误(RAHA): 4 个
  FD 规则检测: 168 个语义错误
  DOMAIN 规则检测: 3 个语义错误 (特征列)
  DOMAIN 规则检测: 78 个标签错误
  语义错误: 171 个 (FD+DOMAIN)
  标签噪声: 78 个 (NaN=4, 规则=74)

  检测总结: 4552 个错误 (缺失=4299, 句法=4, 语义=171, 标签噪声=78)
  模型已保存: /Users/qianzekai/PycharmProjects/TolerDM/results/demandclean/beers/v7_auto_plain_single/model/v7_auto_plain_single_agent.pt
  训练历史已保存: /Users/qianzekai/PycharmProjects/TolerDM/results/demandclean/beers/v7_auto_plain_single/report/v7_auto_plain_single_history.json

[Step 3] 推理 (模式: single_phase)...
  缺失值: 4299 个
  标签缺失(NaN): 4 个
  [RAHA] 使用缓存结果: 3121 个单元格
  RAHA 标签错误: 1 行
  句法错误(RAHA): 4 个
  FD 规则检测: 168 个语义错误
  DOMAIN 规则检测: 3 个语义错误 (特征列)
  DOMAIN 规则检测: 78 个标签错误
  语义错误: 171 个 (FD+DOMAIN)
  标签噪声: 78 个 (NaN=4, 规则=74)

  检测总结: 4552 个错误 (缺失=4299, 句法=4, 语义=171, 标签噪声=78)

============================================================
单阶段推理
============================================================
  算法: DQN (Single Stage)
  任务类型: classification
  下游模型: random_forest
  检测到的错误: 4512 个 (missing=4265, semantic=167, syntactic=3, label=77)

  推理进度: [====================] 4512/4512

  动作分布 (共 2567 个错误):
    no_action          639 ( 24.9%) █████████
    repair_value         0 (  0.0%) 
    delete            1928 ( 75.1%) ██████████████████████████████
    replace_nearby       0 (  0.0%) 

  动作降级: 639 次
    行1569: delete → no_action
    行1638: delete → no_action
    行2336: delete → no_action
    行1852: delete → no_action
    行562: delete → no_action
    ... 共 639 次降级

  删除明细 (delete): 共 1928 条
    行        列      脏值           错误类型      
    ----------------------------------------
    2377     3      NaN          missing   
    2280     1      NaN          missing   
    1998     2      NaN          missing   
    322      1      NaN          missing   
    2252     1      NaN          missing   
    2372     1      NaN          missing   
    1528     1      NaN          missing   
    1555     2      NaN          missing   
    50       7      -0.5383      semantic  
    661      7      -0.8738      semantic  
    2033     3      NaN          missing   
    2141     2      NaN          missing   
    131      1      NaN          missing   
    1260     3      NaN          missing   
    677      3      NaN          missing   
    1558     6      0.1934       semantic  
    1098     3      NaN          missing   
    1942     2      NaN          missing   
    860      1      NaN          missing   
    1816     1      NaN          missing   
    1818     3      NaN          missing   
    2220     1      NaN          missing   
    1997     1      NaN          missing   
    448      2      NaN          missing   
    272      3      NaN          missing   
    866      -1     NaN          label_noise
    2204     7      NaN          missing   
    1759     7      NaN          missing   
    1289     1      NaN          missing   
    1178     1      NaN          missing   
    ... 省略 1898 条
  真值使用: 0
  动作分布: {'no_action': 639, 'repair_value': 0, 'delete': 1928, 'replace_nearby': 0}
  清洗后数据已保存: /Users/qianzekai/PycharmProjects/TolerDM/results/demandclean/beers/v7_auto_plain_single/data/v7_auto_plain_single_cleaned.csv
  原始格式清洗数据已保存: /Users/qianzekai/PycharmProjects/TolerDM/results/demandclean/beers/v7_auto_plain_single/data/v7_auto_plain_single_cleaned_original.csv

[Step 4] 检测器准确率评估...
  缺失值: 4299 个
  标签缺失(NaN): 4 个
  [RAHA] 使用缓存结果: 3121 个单元格
  RAHA 标签错误: 1 行
  句法错误(RAHA): 4 个
  FD 规则检测: 168 个语义错误
  DOMAIN 规则检测: 3 个语义错误 (特征列)
  DOMAIN 规则检测: 78 个标签错误
  语义错误: 171 个 (FD+DOMAIN)
  标签噪声: 78 个 (NaN=4, 规则=74)

  检测总结: 4552 个错误 (缺失=4299, 句法=4, 语义=171, 标签噪声=78)

============================================================
检测器准确率评估
============================================================
真实错误总数: 4427 (缺失: 4299, 值错误: 128)
检测报告总数: 4474 (missing: 4299, syntactic: 4, semantic: 171)
------------------------------------------------------------

  [总体]
    Precision = 0.9855  |  Recall = 0.9959  |  F1 = 0.9907
    TP=4409  FP=65  FN=18  (GT=4427, Det=4474)

  [缺失值 (missing)]
    Precision = 1.0000  |  Recall = 1.0000  |  F1 = 1.0000
    TP=4299  FP=0  FN=0  (GT=4299, Det=4299)

  [句法错误 (syntactic)]
    Precision = 1.0000  |  Recall = 0.0312  |  F1 = 0.0606
    TP=4  FP=0  FN=124  (GT=128, Det=4)

  [语义错误 (semantic)]
    Precision = 0.6199  |  Recall = 0.8281  |  F1 = 0.7090
    TP=106  FP=65  FN=22  (GT=128, Det=171)

  [值错误合并 (syntactic+semantic)]
    Precision = 0.6286  |  Recall = 0.8594  |  F1 = 0.7261
    TP=110  FP=65  FN=18  (GT=128, Det=175)

[Step 5] Baseline 评估与可视化...
  DeleteFix: 删除 1928 行, 保留 482 行

============================================================
Baseline 对比评估 - v7_auto_plain_single
============================================================
  NoFix          : rf_accuracy=0.3091 | rf_f1=0.2833 | lr_accuracy=0.2178 | lr_f1=0.1182
  DeleteAll: 数据不足(0行)，跳过
  DeleteFix      : rf_accuracy=0.3608 | rf_f1=0.3287 | lr_accuracy=0.3196 | lr_f1=0.2659
  ReplaceAll     : rf_accuracy=0.3091 | rf_f1=0.2833 | lr_accuracy=0.2178 | lr_f1=0.1182
  DemandClean    : rf_accuracy=0.2887 | rf_f1=0.2323 | lr_accuracy=0.268 | lr_f1=0.1787
  FullFix        : rf_accuracy=0.3734 | rf_f1=0.3407 | lr_accuracy=0.2178 | lr_f1=0.1225
  [可视化] Baseline 对比图已保存: /Users/qianzekai/PycharmProjects/TolerDM/results/demandclean/beers/v7_auto_plain_single/visualization/v7_auto_plain_single_baseline_comparison.png

[Step 6] 模型容忍度评估...
============================================================
模型容忍度计算 - v7_auto_plain_single
任务类型: classification  |  模型列表: ['rf', 'lr']
============================================================

--- 模型: RF ---
  P_clean  = 0.3776
  P_dirty  = 0.3465
  P_dc     = 0.0747
  先验容忍度 (P_dc / P_dirty)            = 0.2156
  后验容忍度 (P_dc-P_dirty)/(P_clean-P_dirty) = -8.7333

--- 模型: LR ---
  P_clean  = 0.2054
  P_dirty  = 0.1971
  P_dc     = 0.1141
  先验容忍度 (P_dc / P_dirty)            = 0.5789
  后验容忍度 (P_dc-P_dirty)/(P_clean-P_dirty) = -10.0000
  容忍度柱状图已保存: /Users/qianzekai/PycharmProjects/TolerDM/results/demandclean/beers/v7_auto_plain_single/visualization/v7_auto_plain_single_tolerance_bar.png

[Step 7] Shapley 三维度分析...
============================================================
DemandClean - 三维度 Shapley 分析
============================================================
  数据: 2410 行 x 8 列
  错误数: 4552
  错误分布: {'missing': 4299, 'semantic': 171, 'syntactic': 4, 'unknown': 78}
  输出目录: /Users/qianzekai/PycharmProjects/TolerDM/results/demandclean/beers/v7_auto_plain_single/evaluation/shapley

[Shapley] 维度1: 动作重要性 (精确枚举 4!=24 排列) ...
[Shapley] 图表已保存: /Users/qianzekai/PycharmProjects/TolerDM/results/demandclean/beers/v7_auto_plain_single/evaluation/shapley/shapley_action_importance.png
  动作重要性 Shapley 值:
    delete              : +0.263889
    repair_value        : +0.029514
    no_action           : +0.012153
    replace_nearby      : -0.003472

[Shapley] 维度2: 跳过特征 Shapley（计算量过大，仅保留维度1和维度3）
[Shapley] 维度3: 错误类型重要性 (精确枚举 4!=24 排列) ...
[Shapley] 图表已保存: /Users/qianzekai/PycharmProjects/TolerDM/results/demandclean/beers/v7_auto_plain_single/evaluation/shapley/shapley_error_type_importance.png
  错误类型重要性 Shapley 值:
    label_noise         : +0.142593
    semantic            : +0.106423
    missing             : +0.084571
    syntactic           : +0.020580

[Shapley] JSON 结果已保存: /Users/qianzekai/PycharmProjects/TolerDM/results/demandclean/beers/v7_auto_plain_single/evaluation/shapley/shapley_results.json
[Shapley] Markdown 报告已保存: /Users/qianzekai/PycharmProjects/TolerDM/results/demandclean/beers/v7_auto_plain_single/evaluation/shapley/shapley_report.md

============================================================
Shapley 分析完成!
============================================================
# Shapley Value Analysis Report

- 数据规模: 2410 行 × 8 列
- 错误总数: 4552
- 任务类型: classification (random_forest)
- MC 采样次数: 200

## 维度 1: 动作重要性 (Action Importance)

| 排名 | 动作 | Shapley 值 | 占比 | 方向 |
|------|------|-----------|------|------|
| 1 | delete | +0.263889 | 85.4% | ↑ 正贡献 |
| 2 | repair_value | +0.029514 | 9.6% | ↑ 正贡献 |
| 3 | no_action | +0.012153 | 3.9% | ↑ 正贡献 |
| 4 | replace_nearby | -0.003472 | 1.1% | ↓ 负贡献 |

**结论**: 最有效的清洗动作是 **delete**
（replace_nearby 对性能有负面影响，建议减少使用）

## 维度 2: 特征重要性 (Feature Importance)

| 排名 | 特征 | Shapley 值 | 占比 | 清洗价值 |
|------|------|-----------|------|---------|
| 1 | beer_name | +0.000000 | 0.0% | — 可忽略 |
| 2 | ounces | +0.000000 | 0.0% | — 可忽略 |
| 3 | abv | +0.000000 | 0.0% | — 可忽略 |
| 4 | ibu | +0.000000 | 0.0% | — 可忽略 |
| 5 | brewery_id | +0.000000 | 0.0% | — 可忽略 |
| 6 | brewery_name | +0.000000 | 0.0% | — 可忽略 |
| 7 | city | +0.000000 | 0.0% | — 可忽略 |
| 8 | state | +0.000000 | 0.0% | — 可忽略 |

**结论**: 
- 清洗价值极低的特征: beer_name, ounces, abv（清洗它们几乎不影响性能）

## 维度 3: 错误类型重要性 (Error Type Importance)

| 排名 | 错误类型 | Shapley 值 | 占比 | 优先级 |
|------|---------|-----------|------|--------|
| 1 | label_noise | +0.142593 | 40.3% | 🔴 高 |
| 2 | semantic | +0.106423 | 30.0% | 🟡 中 |
| 3 | missing | +0.084571 | 23.9% | 🟡 中 |
| 4 | syntactic | +0.020580 | 5.8% | 🟢 低 |

**结论**: 对下游性能影响最大的错误类型是 **label_noise**，检测器应优先识别此类错误。

## 综合清洗建议



  输出文件:
    /Users/qianzekai/PycharmProjects/TolerDM/results/demandclean/beers/v7_auto_plain_single/evaluation/shapley/shapley_action_importance.png
    /Users/qianzekai/PycharmProjects/TolerDM/results/demandclean/beers/v7_auto_plain_single/evaluation/shapley/shapley_feature_importance.png
    /Users/qianzekai/PycharmProjects/TolerDM/results/demandclean/beers/v7_auto_plain_single/evaluation/shapley/shapley_error_type_importance.png
    /Users/qianzekai/PycharmProjects/TolerDM/results/demandclean/beers/v7_auto_plain_single/evaluation/shapley/shapley_results.json
    /Users/qianzekai/PycharmProjects/TolerDM/results/demandclean/beers/v7_auto_plain_single/evaluation/shapley/shapley_report.md
============================================================

[Step 8] 训练曲线可视化...
  [可视化] 训练曲线已保存: /Users/qianzekai/PycharmProjects/TolerDM/results/demandclean/beers/v7_auto_plain_single/visualization/v7_auto_plain_single_training_curves.png

[Step 9] Clean4MLBaseline 统一测评...
======================================================================
Clean4MLBaseline 统一测评 - v7_auto_plain_single
======================================================================

[1/5] 传统清洗指标
--------------------------------------------------
差异文件已保存到:
/Users/qianzekai/PycharmProjects/TolerDM/results/demandclean/beers/v7_auto_plain_single/evaluation/v7_auto_plain_single_clean_vs_dirty.csv
/Users/qianzekai/PycharmProjects/TolerDM/results/demandclean/beers/v7_auto_plain_single/evaluation/v7_auto_plain_single_dirty_vs_cleaned.csv
/Users/qianzekai/PycharmProjects/TolerDM/results/demandclean/beers/v7_auto_plain_single/evaluation/v7_auto_plain_single_clean_vs_cleaned.csv
修复错误数据文件已保存到: /Users/qianzekai/PycharmProjects/TolerDM/results/demandclean/beers/v7_auto_plain_single/evaluation/v7_auto_plain_single_repair_errors.csv
未修复但是应该修复数据文件已保存到: /Users/qianzekai/PycharmProjects/TolerDM/results/demandclean/beers/v7_auto_plain_single/evaluation/v7_auto_plain_single_unrepaired.csv
修复准确率: 0.03884892086330935, 修复召回率: 0.04847396768402154, F1值: 0.04313099036594293
========================================
EDR 结果已保存到: /Users/qianzekai/PycharmProjects/TolerDM/results/demandclean/beers/v7_auto_plain_single/evaluation/v7_auto_plain_single_edr_evaluation.txt
错误减少率 (EDR): -0.20287253141831238
========================================
混合距离结果已保存到: /Users/qianzekai/PycharmProjects/TolerDM/results/demandclean/beers/v7_auto_plain_single/evaluation/v7_auto_plain_single_hybrid_distance_evaluation.txt
混合距离 (Hybrid Distance): 0.057550280148595645
========================================
R-EDR 结果已保存到: /Users/qianzekai/PycharmProjects/TolerDM/results/demandclean/beers/v7_auto_plain_single/evaluation/v7_auto_plain_single_record_based_edr_evaluation.txt
基于条目的错误减少率 (R-EDR): 0.022821576763485476
========================================

[2/5] 下游任务性能 (classification)
--------------------------------------------------
警告: 清洗后数据行数(482)与干净数据行数(2410)不一致
将使用清洗后数据自身进行评估（行对齐）
通过索引对齐，使用 482 行数据进行评估
RF - Accuracy: 0.2371, F1: 0.2070, Precision: 0.1884, Recall: 0.2371
LR - Accuracy: 0.2268, F1: 0.1548, Precision: 0.1184, Recall: 0.2268
SVM - Accuracy: 0.2474, F1: 0.1531, Precision: 0.1488, Recall: 0.2474
KNN - Accuracy: 0.1134, F1: 0.1059, Precision: 0.1015, Recall: 0.1134
DT - Accuracy: 0.2062, F1: 0.2051, Precision: 0.2102, Recall: 0.2062
GB - Accuracy: 0.2474, F1: 0.2169, Precision: 0.2110, Recall: 0.2474

[3/5] 模型容忍度
--------------------------------------------------

容忍度计算结果:
  P_do_nothing (脏数据性能): 0.3797
  P_demand_clean (清洗后性能): 0.2887
  P_repair_all (完全修复性能): 0.3859
  先验容忍度 (Tolerance_prior): 0.7603
  后验容忍度 (Tolerance_post): -14.6220

[4/5] Snoopy上界评估
--------------------------------------------------
Snoopy模块可用，正在评估数据质量上界...
  脏数据上界: 0.2606
  清洗后上界: 0.2531
  干净数据上界: 0.2581
  上界提升比例: 2.9905

[5/5] 真值使用成本
--------------------------------------------------
  方法类型: Type 1 (全自动)
  实际真值使用: 0
  理想最小成本: 8
  总修改单元格: 1525
  正确修复: 8
  错误修复: 1517

======================================================================
测评完成，结果已保存到: /Users/qianzekai/PycharmProjects/TolerDM/results/demandclean/beers/v7_auto_plain_single/evaluation/v7_auto_plain_single_evaluation_results.txt
======================================================================
  统一测评完成，结果已保存到: /Users/qianzekai/PycharmProjects/TolerDM/results/demandclean/beers/v7_auto_plain_single/v7_auto_plain_single_evaluation_results.txt

[Step 10] 真值成本汇总...
  RAHA 检测成本: 20
  Agent 修复成本: 0
  总成本: 20 / 19280 cells = 0.1037%

  [输出] 报告已保存: /Users/qianzekai/PycharmProjects/TolerDM/results/demandclean/beers/v7_auto_plain_single/report/v7_auto_plain_single_report.json

  版本 v7_auto_plain_single 完成! 耗时: 455.88s
  输出目录: /Users/qianzekai/PycharmProjects/TolerDM/results/demandclean/beers/v7_auto_plain_single

======================================================================
版本: v8_auto_plain_two
数据集: beers | 任务: classification | 模型: random_forest
检测器: auto | Agent: single_stage | 推理: two_phase
训练轮数: 5 | 输出目录: /Users/qianzekai/PycharmProjects/TolerDM/results/demandclean/beers/v8_auto_plain_two
======================================================================

[Step 1] 创建 DemandClean 实例...

[Step 2] 续训 (检测到已有模型: /Users/qianzekai/PycharmProjects/TolerDM/results/demandclean/beers/v8_auto_plain_two/model/v8_auto_plain_two_agent.pt)...
  已有训练历史: 5 episodes
  新增训练: 5 episodes

[AutoDetector] 初始化
  RAHA 来源: pip:raha
  RAHA 可用: True
  CSV 路径: /Users/qianzekai/PycharmProjects/TolerDM/data/beers/dirty_index.csv
  FD 规则: 4 条
  规则文件: /Users/qianzekai/PycharmProjects/TolerDM/data/beers/rules.txt
  规则摘要: ParsedRules(DOMAIN=4, FD=4, STAT=1)
  缺失值: 4299 个
  标签缺失(NaN): 4 个

[检测] 在原始 CSV 上运行 RAHA (labeling_budget=20)...
  [RAHA] 数据规模: 2410 行 × 11 列
547 strategy profiles are collected.
43 Features are generated for column 0.
43 Features are generated for column 1.
129 Features are generated for column 2.
105 Features are generated for column 3.
70 Features are generated for column 4.
58 Features are generated for column 5.
51 Features are generated for column 6.
72 Features are generated for column 7.
104 Features are generated for column 8.
106 Features are generated for column 9.
76 Features are generated for column 10.
A hierarchical clustering model is built for column 0.
A hierarchical clustering model is built for column 1.
A hierarchical clustering model is built for column 2.
A hierarchical clustering model is built for column 3.
A hierarchical clustering model is built for column 4.
A hierarchical clustering model is built for column 5.
A hierarchical clustering model is built for column 6.
A hierarchical clustering model is built for column 7.
A hierarchical clustering model is built for column 8.
A hierarchical clustering model is built for column 9.
A hierarchical clustering model is built for column 10.
Tuple 2029 is sampled.
Tuple 2029 is labeled.
Tuple 1554 is sampled.
Tuple 1554 is labeled.
Tuple 925 is sampled.
Tuple 925 is labeled.
Tuple 1795 is sampled.
Tuple 1795 is labeled.
Tuple 2391 is sampled.
Tuple 2391 is labeled.
Tuple 335 is sampled.
Tuple 335 is labeled.
Tuple 1985 is sampled.
Tuple 1985 is labeled.
Tuple 115 is sampled.
Tuple 115 is labeled.
Tuple 630 is sampled.
Tuple 630 is labeled.
Tuple 1969 is sampled.
Tuple 1969 is labeled.
Tuple 1000 is sampled.
Tuple 1000 is labeled.
Tuple 752 is sampled.
Tuple 752 is labeled.
Tuple 1051 is sampled.
Tuple 1051 is labeled.
Tuple 2401 is sampled.
Tuple 2401 is labeled.
Tuple 2100 is sampled.
Tuple 2100 is labeled.
Tuple 2145 is sampled.
Tuple 2145 is labeled.
Tuple 2135 is sampled.
Tuple 2135 is labeled.
Tuple 2243 is sampled.
Tuple 2243 is labeled.
Tuple 1482 is sampled.
Tuple 1482 is labeled.
Tuple 420 is sampled.
Tuple 420 is labeled.
The number of labeled data cells increased from 220 to 24732.
A classifier is trained and applied on column 0.
A classifier is trained and applied on column 1.
A classifier is trained and applied on column 2.
A classifier is trained and applied on column 3.
A classifier is trained and applied on column 4.
A classifier is trained and applied on column 5.
A classifier is trained and applied on column 6.
A classifier is trained and applied on column 7.
A classifier is trained and applied on column 8.
A classifier is trained and applied on column 9.
A classifier is trained and applied on column 10.
  RAHA 检测结果: 3323 个单元格
  Precision=0.9955  Recall=0.9851  F1=0.9903
  RAHA 标注行数: 20 (labeling_budget=20)
  RAHA 标签错误: 14 行
  句法错误(RAHA): 82 个
  FD 规则检测: 98 个语义错误
  DOMAIN 规则检测: 3 个语义错误 (特征列)
  DOMAIN 规则检测: 78 个标签错误
  语义错误: 101 个 (FD+DOMAIN)
  标签噪声: 90 个 (NaN=4, 规则=86)

  检测总结: 4572 个错误 (缺失=4299, 句法=82, 语义=101, 标签噪声=90)
  模型已保存: /Users/qianzekai/PycharmProjects/TolerDM/results/demandclean/beers/v8_auto_plain_two/model/v8_auto_plain_two_agent.pt
  训练历史已保存: /Users/qianzekai/PycharmProjects/TolerDM/results/demandclean/beers/v8_auto_plain_two/report/v8_auto_plain_two_history.json

[Step 3] 推理 (模式: two_phase)...
  缺失值: 4299 个
  标签缺失(NaN): 4 个
  [RAHA] 使用缓存结果: 3323 个单元格
  RAHA 标签错误: 14 行
  句法错误(RAHA): 82 个
  FD 规则检测: 98 个语义错误
  DOMAIN 规则检测: 3 个语义错误 (特征列)
  DOMAIN 规则检测: 78 个标签错误
  语义错误: 101 个 (FD+DOMAIN)
  标签噪声: 90 个 (NaN=4, 规则=86)

  检测总结: 4572 个错误 (缺失=4299, 句法=82, 语义=101, 标签噪声=90)

============================================================
两阶段推理 - 第一阶段 (Plan)
============================================================
  算法: DQN (Single Stage)
  任务类型: classification
  下游模型: random_forest
  检测到的错误: 4572 个 (missing=4299, semantic=101, syntactic=82, label=90)

  推理进度: [====================] 4572/4572

  动作分布 (共 4572 个错误):
    no_action              834 ( 18.2%) ███████
    repair_value(计划)         0 (  0.0%) 
    delete                3448 ( 75.4%) ██████████████████████████████
    replace_nearby         290 (  6.3%) ██

  动作降级: 834 次

  替换明细 (replace_nearby): 共 290 条
    行        列      脏值           → 替换值          错误类型      
    -------------------------------------------------------
    506      1      NaN          → 0.0000       missing   
    506      2      NaN          → -0.0267      missing   
    507      1      NaN          → 0.0000       missing   
    1786     1      NaN          → 0.0000       missing   
    1793     1      NaN          → 0.0000       missing   
    1795     1      NaN          → 0.0000       missing   
    1796     1      NaN          → 0.0000       missing   
    1801     1      NaN          → 0.0000       missing   
    1804     1      NaN          → 0.0000       missing   
    1818     1      NaN          → 0.0000       missing   
    1818     3      NaN          → 0.4982       missing   
    1820     1      NaN          → 0.0000       missing   
    1820     3      NaN          → -0.9238      missing   
    1829     1      NaN          → 0.0000       missing   
    1829     3      NaN          → -0.5788      missing   
    1830     1      NaN          → 0.0000       missing   
    1830     3      NaN          → -0.5745      missing   
    1831     1      NaN          → 0.0000       missing   
    1837     1      NaN          → 0.0000       missing   
    1840     1      NaN          → 0.0000       missing   
    1840     2      NaN          → -0.0325      missing   
    1845     1      NaN          → 0.0000       missing   
    1848     1      NaN          → 0.0000       missing   
    1851     1      NaN          → 0.0000       missing   
    1852     1      NaN          → 0.0000       missing   
    1861     1      NaN          → 0.0000       missing   
    1863     1      NaN          → 0.0000       missing   
    1865     1      NaN          → 0.0000       missing   
    1869     1      NaN          → 0.0000       missing   
    1874     1      NaN          → 0.0000       missing   
    ... 省略 260 条

  删除明细 (delete): 共 3448 条
    行        列      脏值           错误类型      
    ----------------------------------------
    0        1      NaN          missing   
    0        3      NaN          missing   
    1        1      NaN          missing   
    1        3      NaN          missing   
    2        1      NaN          missing   
    2        3      NaN          missing   
    3        1      NaN          missing   
    3        2      NaN          missing   
    3        3      NaN          missing   
    4        1      NaN          missing   
    4        3      NaN          missing   
    5        1      NaN          missing   
    5        3      NaN          missing   
    6        1      NaN          missing   
    6        2      NaN          missing   
    6        3      NaN          missing   
    7        1      NaN          missing   
    7        3      NaN          missing   
    8        1      NaN          missing   
    8        3      NaN          missing   
    9        1      NaN          missing   
    9        3      NaN          missing   
    10       1      NaN          missing   
    10       3      NaN          missing   
    11       1      NaN          missing   
    11       3      NaN          missing   
    12       1      NaN          missing   
    12       2      NaN          missing   
    12       3      NaN          missing   
    13       1      NaN          missing   
    ... 省略 3418 条

  需要用户提供 0 个真值
  修复计划: 需要 0 个真值

============================================================
两阶段推理 - 第二阶段 (Execute)
============================================================
  提供的真值数量: 0
  计划修复数量: 0

  执行结果:
    成功匹配真值: 0 / 0
    删除行数: 1928
    最终数据行数: 482
  真值使用: 0
  清洗后数据已保存: /Users/qianzekai/PycharmProjects/TolerDM/results/demandclean/beers/v8_auto_plain_two/data/v8_auto_plain_two_cleaned.csv
  原始格式清洗数据已保存: /Users/qianzekai/PycharmProjects/TolerDM/results/demandclean/beers/v8_auto_plain_two/data/v8_auto_plain_two_cleaned_original.csv

[Step 4] 检测器准确率评估...
  缺失值: 4299 个
  标签缺失(NaN): 4 个
  [RAHA] 使用缓存结果: 3323 个单元格
  RAHA 标签错误: 14 行
  句法错误(RAHA): 82 个
  FD 规则检测: 98 个语义错误
  DOMAIN 规则检测: 3 个语义错误 (特征列)
  DOMAIN 规则检测: 78 个标签错误
  语义错误: 101 个 (FD+DOMAIN)
  标签噪声: 90 个 (NaN=4, 规则=86)

  检测总结: 4572 个错误 (缺失=4299, 句法=82, 语义=101, 标签噪声=90)

============================================================
检测器准确率评估
============================================================
真实错误总数: 4427 (缺失: 4299, 值错误: 128)
检测报告总数: 4482 (missing: 4299, syntactic: 82, semantic: 101)
------------------------------------------------------------

  [总体]
    Precision = 0.9859  |  Recall = 0.9982  |  F1 = 0.9920
    TP=4419  FP=63  FN=8  (GT=4427, Det=4482)

  [缺失值 (missing)]
    Precision = 1.0000  |  Recall = 1.0000  |  F1 = 1.0000
    TP=4299  FP=0  FN=0  (GT=4299, Det=4299)

  [句法错误 (syntactic)]
    Precision = 0.9634  |  Recall = 0.6172  |  F1 = 0.7524
    TP=79  FP=3  FN=49  (GT=128, Det=82)

  [语义错误 (semantic)]
    Precision = 0.4059  |  Recall = 0.3203  |  F1 = 0.3581
    TP=41  FP=60  FN=87  (GT=128, Det=101)

  [值错误合并 (syntactic+semantic)]
    Precision = 0.6557  |  Recall = 0.9375  |  F1 = 0.7717
    TP=120  FP=63  FN=8  (GT=128, Det=183)

[Step 5] Baseline 评估与可视化...
  DeleteFix: 删除 1928 行, 保留 482 行

============================================================
Baseline 对比评估 - v8_auto_plain_two
============================================================
  NoFix          : rf_accuracy=0.3091 | rf_f1=0.2833 | lr_accuracy=0.2178 | lr_f1=0.1182
  DeleteAll: 数据不足(0行)，跳过
  DeleteFix      : rf_accuracy=0.4021 | rf_f1=0.3548 | lr_accuracy=0.3299 | lr_f1=0.2892
  ReplaceAll     : rf_accuracy=0.3091 | rf_f1=0.2833 | lr_accuracy=0.2178 | lr_f1=0.1182
  DemandClean    : rf_accuracy=0.3608 | rf_f1=0.307 | lr_accuracy=0.268 | lr_f1=0.1746
  FullFix        : rf_accuracy=0.3734 | rf_f1=0.3407 | lr_accuracy=0.2178 | lr_f1=0.1225
  [可视化] Baseline 对比图已保存: /Users/qianzekai/PycharmProjects/TolerDM/results/demandclean/beers/v8_auto_plain_two/visualization/v8_auto_plain_two_baseline_comparison.png

[Step 6] 模型容忍度评估...
============================================================
模型容忍度计算 - v8_auto_plain_two
任务类型: classification  |  模型列表: ['rf', 'lr']
============================================================

--- 模型: RF ---
  P_clean  = 0.3776
  P_dirty  = 0.3465
  P_dc     = 0.0581
  先验容忍度 (P_dc / P_dirty)            = 0.1677
  后验容忍度 (P_dc-P_dirty)/(P_clean-P_dirty) = -9.2667

--- 模型: LR ---
  P_clean  = 0.2054
  P_dirty  = 0.1971
  P_dc     = 0.1680
  先验容忍度 (P_dc / P_dirty)            = 0.8526
  后验容忍度 (P_dc-P_dirty)/(P_clean-P_dirty) = -3.5000
  容忍度柱状图已保存: /Users/qianzekai/PycharmProjects/TolerDM/results/demandclean/beers/v8_auto_plain_two/visualization/v8_auto_plain_two_tolerance_bar.png

[Step 7] Shapley 三维度分析...
============================================================
DemandClean - 三维度 Shapley 分析
============================================================
  数据: 2410 行 x 8 列
  错误数: 4572
  错误分布: {'missing': 4299, 'semantic': 101, 'syntactic': 82, 'unknown': 90}
  输出目录: /Users/qianzekai/PycharmProjects/TolerDM/results/demandclean/beers/v8_auto_plain_two/evaluation/shapley

[Shapley] 维度1: 动作重要性 (精确枚举 4!=24 排列) ...
[Shapley] 图表已保存: /Users/qianzekai/PycharmProjects/TolerDM/results/demandclean/beers/v8_auto_plain_two/evaluation/shapley/shapley_action_importance.png
  动作重要性 Shapley 值:
    delete              : +0.380175
    no_action           : -0.014353
    repair_value        : -0.030607
    replace_nearby      : -0.074799

[Shapley] 维度2: 跳过特征 Shapley（计算量过大，仅保留维度1和维度3）
[Shapley] 维度3: 错误类型重要性 (精确枚举 4!=24 排列) ...
[Shapley] 图表已保存: /Users/qianzekai/PycharmProjects/TolerDM/results/demandclean/beers/v8_auto_plain_two/evaluation/shapley/shapley_error_type_importance.png
  错误类型重要性 Shapley 值:
    label_noise         : +0.164882
    missing             : +0.141176
    syntactic           : -0.011716
    semantic            : -0.023508

[Shapley] JSON 结果已保存: /Users/qianzekai/PycharmProjects/TolerDM/results/demandclean/beers/v8_auto_plain_two/evaluation/shapley/shapley_results.json
[Shapley] Markdown 报告已保存: /Users/qianzekai/PycharmProjects/TolerDM/results/demandclean/beers/v8_auto_plain_two/evaluation/shapley/shapley_report.md

============================================================
Shapley 分析完成!
============================================================
# Shapley Value Analysis Report

- 数据规模: 2410 行 × 8 列
- 错误总数: 4572
- 任务类型: classification (random_forest)
- MC 采样次数: 200

## 维度 1: 动作重要性 (Action Importance)

| 排名 | 动作 | Shapley 值 | 占比 | 方向 |
|------|------|-----------|------|------|
| 1 | delete | +0.380175 | 76.0% | ↑ 正贡献 |
| 2 | no_action | -0.014353 | 2.9% | ↓ 负贡献 |
| 3 | repair_value | -0.030607 | 6.1% | ↓ 负贡献 |
| 4 | replace_nearby | -0.074799 | 15.0% | ↓ 负贡献 |

**结论**: 最有效的清洗动作是 **delete**
（no_action, repair_value, replace_nearby 对性能有负面影响，建议减少使用）

## 维度 2: 特征重要性 (Feature Importance)

| 排名 | 特征 | Shapley 值 | 占比 | 清洗价值 |
|------|------|-----------|------|---------|
| 1 | beer_name | +0.000000 | 0.0% | — 可忽略 |
| 2 | ounces | +0.000000 | 0.0% | — 可忽略 |
| 3 | abv | +0.000000 | 0.0% | — 可忽略 |
| 4 | ibu | +0.000000 | 0.0% | — 可忽略 |
| 5 | brewery_id | +0.000000 | 0.0% | — 可忽略 |
| 6 | brewery_name | +0.000000 | 0.0% | — 可忽略 |
| 7 | city | +0.000000 | 0.0% | — 可忽略 |
| 8 | state | +0.000000 | 0.0% | — 可忽略 |

**结论**: 
- 清洗价值极低的特征: beer_name, ounces, abv（清洗它们几乎不影响性能）

## 维度 3: 错误类型重要性 (Error Type Importance)

| 排名 | 错误类型 | Shapley 值 | 占比 | 优先级 |
|------|---------|-----------|------|--------|
| 1 | label_noise | +0.164882 | 48.3% | 🔴 高 |
| 2 | missing | +0.141176 | 41.4% | 🔴 高 |
| 3 | syntactic | -0.011716 | 3.4% | 🟢 低 |
| 4 | semantic | -0.023508 | 6.9% | 🟢 低 |

**结论**: 对下游性能影响最大的错误类型是 **label_noise**，检测器应优先识别此类错误。

## 综合清洗建议



  输出文件:
    /Users/qianzekai/PycharmProjects/TolerDM/results/demandclean/beers/v8_auto_plain_two/evaluation/shapley/shapley_action_importance.png
    /Users/qianzekai/PycharmProjects/TolerDM/results/demandclean/beers/v8_auto_plain_two/evaluation/shapley/shapley_feature_importance.png
    /Users/qianzekai/PycharmProjects/TolerDM/results/demandclean/beers/v8_auto_plain_two/evaluation/shapley/shapley_error_type_importance.png
    /Users/qianzekai/PycharmProjects/TolerDM/results/demandclean/beers/v8_auto_plain_two/evaluation/shapley/shapley_results.json
    /Users/qianzekai/PycharmProjects/TolerDM/results/demandclean/beers/v8_auto_plain_two/evaluation/shapley/shapley_report.md
============================================================

[Step 8] 训练曲线可视化...
  [可视化] 训练曲线已保存: /Users/qianzekai/PycharmProjects/TolerDM/results/demandclean/beers/v8_auto_plain_two/visualization/v8_auto_plain_two_training_curves.png

[Step 9] Clean4MLBaseline 统一测评...
======================================================================
Clean4MLBaseline 统一测评 - v8_auto_plain_two
======================================================================

[1/5] 传统清洗指标
--------------------------------------------------
差异文件已保存到:
/Users/qianzekai/PycharmProjects/TolerDM/results/demandclean/beers/v8_auto_plain_two/evaluation/v8_auto_plain_two_clean_vs_dirty.csv
/Users/qianzekai/PycharmProjects/TolerDM/results/demandclean/beers/v8_auto_plain_two/evaluation/v8_auto_plain_two_dirty_vs_cleaned.csv
/Users/qianzekai/PycharmProjects/TolerDM/results/demandclean/beers/v8_auto_plain_two/evaluation/v8_auto_plain_two_clean_vs_cleaned.csv
修复错误数据文件已保存到: /Users/qianzekai/PycharmProjects/TolerDM/results/demandclean/beers/v8_auto_plain_two/evaluation/v8_auto_plain_two_repair_errors.csv
未修复但是应该修复数据文件已保存到: /Users/qianzekai/PycharmProjects/TolerDM/results/demandclean/beers/v8_auto_plain_two/evaluation/v8_auto_plain_two_unrepaired.csv
修复准确率: 0.0, 修复召回率: 0.0, F1值: 0.0
========================================
EDR 结果已保存到: /Users/qianzekai/PycharmProjects/TolerDM/results/demandclean/beers/v8_auto_plain_two/evaluation/v8_auto_plain_two_edr_evaluation.txt
错误减少率 (EDR): -0.31130690161527164
========================================
混合距离结果已保存到: /Users/qianzekai/PycharmProjects/TolerDM/results/demandclean/beers/v8_auto_plain_two/evaluation/v8_auto_plain_two_hybrid_distance_evaluation.txt
混合距离 (Hybrid Distance): 0.07874378304479088
========================================
R-EDR 结果已保存到: /Users/qianzekai/PycharmProjects/TolerDM/results/demandclean/beers/v8_auto_plain_two/evaluation/v8_auto_plain_two_record_based_edr_evaluation.txt
基于条目的错误减少率 (R-EDR): 0.0
========================================

[2/5] 下游任务性能 (classification)
--------------------------------------------------
警告: 清洗后数据行数(482)与干净数据行数(2410)不一致
将使用清洗后数据自身进行评估（行对齐）
通过索引对齐，使用 482 行数据进行评估
RF - Accuracy: 0.3608, F1: 0.3081, Precision: 0.2824, Recall: 0.3608
LR - Accuracy: 0.2680, F1: 0.1734, Precision: 0.1412, Recall: 0.2680
SVM - Accuracy: 0.2680, F1: 0.1437, Precision: 0.1030, Recall: 0.2680
KNN - Accuracy: 0.2371, F1: 0.1771, Precision: 0.1484, Recall: 0.2371
DT - Accuracy: 0.2990, F1: 0.2709, Precision: 0.2797, Recall: 0.2990
GB - Accuracy: 0.3093, F1: 0.2821, Precision: 0.2864, Recall: 0.3093

[3/5] 模型容忍度
--------------------------------------------------

容忍度计算结果:
  P_do_nothing (脏数据性能): 0.3797
  P_demand_clean (清洗后性能): 0.2784
  P_repair_all (完全修复性能): 0.3859
  先验容忍度 (Tolerance_prior): 0.7331
  后验容忍度 (Tolerance_post): -16.2784

[4/5] Snoopy上界评估
--------------------------------------------------
Snoopy模块可用，正在评估数据质量上界...
  脏数据上界: 0.2606
  清洗后上界: 0.3049
  干净数据上界: 0.2581
  上界提升比例: -17.8003

[5/5] 真值使用成本
--------------------------------------------------
  方法类型: Type 2 (需验证集)
  实际真值使用: 0
  理想最小成本: 0
  总修改单元格: 1629
  正确修复: 0
  错误修复: 1629

======================================================================
测评完成，结果已保存到: /Users/qianzekai/PycharmProjects/TolerDM/results/demandclean/beers/v8_auto_plain_two/evaluation/v8_auto_plain_two_evaluation_results.txt
======================================================================
  统一测评完成，结果已保存到: /Users/qianzekai/PycharmProjects/TolerDM/results/demandclean/beers/v8_auto_plain_two/v8_auto_plain_two_evaluation_results.txt

[Step 10] 真值成本汇总...
  RAHA 检测成本: 20
  Agent 修复成本: 0
  总成本: 20 / 19280 cells = 0.1037%

  [输出] 报告已保存: /Users/qianzekai/PycharmProjects/TolerDM/results/demandclean/beers/v8_auto_plain_two/report/v8_auto_plain_two_report.json

  版本 v8_auto_plain_two 完成! 耗时: 491.82s
  输出目录: /Users/qianzekai/PycharmProjects/TolerDM/results/demandclean/beers/v8_auto_plain_two

======================================================================
跨版本对比分析 - beers
======================================================================

============================================================
跨版本对比分析 - beers
============================================================

对比表格 (6 行):
               version model  P_clean  P_dirty     P_dc  tolerance_prior  tolerance_post
v5_auto_dueling_single    rf 0.377593 0.346473 0.066390         0.191617       -9.000000
v5_auto_dueling_single    lr 0.205394 0.197095 0.141079         0.715789       -6.750000
  v7_auto_plain_single    rf 0.377593 0.346473 0.074689         0.215569       -8.733333
  v7_auto_plain_single    lr 0.205394 0.197095 0.114108         0.578947      -10.000000
     v8_auto_plain_two    rf 0.377593 0.346473 0.058091         0.167665       -9.266667
     v8_auto_plain_two    lr 0.205394 0.197095 0.168050         0.852632       -3.500000

  对比表格已保存: /Users/qianzekai/PycharmProjects/TolerDM/results/demandclean/beers/beers_version_comparison.csv
  对比柱状图已保存: /Users/qianzekai/PycharmProjects/TolerDM/results/demandclean/beers/beers_version_comparison.png
  跨版本对比已保存到: /Users/qianzekai/PycharmProjects/TolerDM/results/demandclean/beers
  汇总表格已保存: /Users/qianzekai/PycharmProjects/TolerDM/results/demandclean/beers/beers_all_versions_summary.csv

               version detector             agent    inference  truth_cost  elapsed_time  raha_cost  total_cost  cost_ratio  dc_accuracy  dc_f1  tol_prior  tol_post
v5_auto_dueling_single     auto dueling_two_stage single_phase           0        174.67         20          20    0.001037       0.3716 0.3087   0.191617 -9.000000
  v7_auto_plain_single     auto      single_stage single_phase           0        455.88         20          20    0.001037       0.2887 0.2323   0.215569 -8.733333
     v8_auto_plain_two     auto      single_stage    two_phase           0        491.82         20          20    0.001037       0.3608 0.3070   0.167665 -9.266667
  跨版本对比图已保存: /Users/qianzekai/PycharmProjects/TolerDM/results/demandclean/beers/beers_all_versions_comparison.png

######################################################################
# 数据集: adult
######################################################################
  数据集: adult
  脏数据: (45222, 14), 干净数据: (45222, 14)
  特征列: 14, 标签列: income
  FD规则: 0 条

======================================================================
版本: v5_auto_dueling_single
数据集: adult | 任务: classification | 模型: random_forest
检测器: auto | Agent: dueling_two_stage | 推理: single_phase
训练轮数: 5 | 输出目录: /Users/qianzekai/PycharmProjects/TolerDM/results/demandclean/adult/v5_auto_dueling_single
======================================================================

[Step 1] 创建 DemandClean 实例...

[Step 2] 训练 (5 episodes)...

[AutoDetector] 初始化
  RAHA 来源: pip:raha
  RAHA 可用: True
  CSV 路径: /Users/qianzekai/PycharmProjects/TolerDM/data/adult/dirty_index.csv
  FD 规则: 1 条
  规则文件: /Users/qianzekai/PycharmProjects/TolerDM/data/adult/rules.txt
  规则摘要: ParsedRules(DOMAIN=6, FD=1, CFD=12, STAT=1)
  缺失值: 0 个

[检测] 在原始 CSV 上运行 RAHA (labeling_budget=20)...
  [RAHA] 数据规模: 45222 行 × 16 列
  [RAHA] 行数 45222 > 20000，启用行分块模式
  [行分块] 总行数 45222, 分为 3 批 (每批≤20000行)
  [行分块 1/3] 行 0~19999 (20000 行)
553 strategy profiles are collected.
40 Features are generated for column 0.
29 Features are generated for column 1.
62 Features are generated for column 2.
58 Features are generated for column 3.
52 Features are generated for column 4.
20 Features are generated for column 5.
42 Features are generated for column 6.
53 Features are generated for column 7.
45 Features are generated for column 8.
58 Features are generated for column 9.
15 Features are generated for column 10.
65 Features are generated for column 11.
67 Features are generated for column 12.
64 Features are generated for column 13.
90 Features are generated for column 14.
20 Features are generated for column 15.
A hierarchical clustering model is built for column 0.
A hierarchical clustering model is built for column 1.
A hierarchical clustering model is built for column 2.
A hierarchical clustering model is built for column 3.
A hierarchical clustering model is built for column 4.
A hierarchical clustering model is built for column 5.
A hierarchical clustering model is built for column 6.
A hierarchical clustering model is built for column 7.
A hierarchical clustering model is built for column 8.
A hierarchical clustering model is built for column 9.
A hierarchical clustering model is built for column 10.
A hierarchical clustering model is built for column 11.
A hierarchical clustering model is built for column 12.
A hierarchical clustering model is built for column 13.
A hierarchical clustering model is built for column 14.
A hierarchical clustering model is built for column 15.
Tuple 11057 is sampled.
Tuple 11057 is labeled.
Tuple 10519 is sampled.
Tuple 10519 is labeled.
Tuple 12850 is sampled.
Tuple 12850 is labeled.
Tuple 8546 is sampled.
Tuple 8546 is labeled.
Tuple 9273 is sampled.
Tuple 9273 is labeled.
Tuple 18198 is sampled.
Tuple 18198 is labeled.
Tuple 16947 is sampled.
Tuple 16947 is labeled.
Tuple 13366 is sampled.
Tuple 13366 is labeled.
Tuple 651 is sampled.
Tuple 651 is labeled.
Tuple 13376 is sampled.
Tuple 13376 is labeled.
Tuple 10312 is sampled.
Tuple 10312 is labeled.
Tuple 995 is sampled.
Tuple 995 is labeled.
Tuple 8630 is sampled.
Tuple 8630 is labeled.
Tuple 10000 is sampled.
Tuple 10000 is labeled.
Tuple 2635 is sampled.
Tuple 2635 is labeled.
Tuple 18700 is sampled.
Tuple 18700 is labeled.
Tuple 905 is sampled.
Tuple 905 is labeled.
Tuple 1948 is sampled.
Tuple 1948 is labeled.
Tuple 2278 is sampled.
Tuple 2278 is labeled.
Tuple 18943 is sampled.
Tuple 18943 is labeled.
The number of labeled data cells increased from 320 to 297999.
A classifier is trained and applied on column 0.
A classifier is trained and applied on column 1.
A classifier is trained and applied on column 2.
A classifier is trained and applied on column 3.
A classifier is trained and applied on column 4.
A classifier is trained and applied on column 5.
A classifier is trained and applied on column 6.
A classifier is trained and applied on column 7.
A classifier is trained and applied on column 8.
A classifier is trained and applied on column 9.
A classifier is trained and applied on column 10.
A classifier is trained and applied on column 11.
A classifier is trained and applied on column 12.
A classifier is trained and applied on column 13.
A classifier is trained and applied on column 14.
A classifier is trained and applied on column 15.
  RAHA 检测结果: 1861 个单元格
  Precision=0.1155  Recall=0.3125  F1=0.1687
  RAHA 标注行数: 20 (labeling_budget=20)
  [行分块 1] 检测: 1861 个, 标注行: 20 个
  [行分块 2/3] 行 20000~39999 (20000 行)
553 strategy profiles are collected.
17 Features are generated for column 0.
30 Features are generated for column 1.
62 Features are generated for column 2.
59 Features are generated for column 3.
53 Features are generated for column 4.
21 Features are generated for column 5.
45 Features are generated for column 6.
55 Features are generated for column 7.
46 Features are generated for column 8.
57 Features are generated for column 9.
16 Features are generated for column 10.
66 Features are generated for column 11.
66 Features are generated for column 12.
64 Features are generated for column 13.
100 Features are generated for column 14.
23 Features are generated for column 15.
A hierarchical clustering model is built for column 0.
A hierarchical clustering model is built for column 1.
A hierarchical clustering model is built for column 2.
A hierarchical clustering model is built for column 3.
A hierarchical clustering model is built for column 4.
A hierarchical clustering model is built for column 5.
A hierarchical clustering model is built for column 6.
A hierarchical clustering model is built for column 7.
A hierarchical clustering model is built for column 8.
A hierarchical clustering model is built for column 9.
A hierarchical clustering model is built for column 10.
A hierarchical clustering model is built for column 11.
A hierarchical clustering model is built for column 12.
A hierarchical clustering model is built for column 13.
A hierarchical clustering model is built for column 14.
A hierarchical clustering model is built for column 15.
Tuple 19571 is sampled.
Tuple 19571 is labeled.
Tuple 13956 is sampled.
Tuple 13956 is labeled.
Tuple 9052 is sampled.
Tuple 9052 is labeled.
Tuple 5182 is sampled.
Tuple 5182 is labeled.
Tuple 11515 is sampled.
Tuple 11515 is labeled.
Tuple 11353 is sampled.
Tuple 11353 is labeled.
Tuple 10508 is sampled.
Tuple 10508 is labeled.
Tuple 7490 is sampled.
Tuple 7490 is labeled.
Tuple 11882 is sampled.
Tuple 11882 is labeled.
Tuple 8785 is sampled.
Tuple 8785 is labeled.
Tuple 16515 is sampled.
Tuple 16515 is labeled.
Tuple 18622 is sampled.
Tuple 18622 is labeled.
Tuple 11720 is sampled.
Tuple 11720 is labeled.
Tuple 8487 is sampled.
Tuple 8487 is labeled.
Tuple 367 is sampled.
Tuple 367 is labeled.
Tuple 2637 is sampled.
Tuple 2637 is labeled.
Tuple 6461 is sampled.
Tuple 6461 is labeled.
Tuple 19792 is sampled.
Tuple 19792 is labeled.
Tuple 14067 is sampled.
Tuple 14067 is labeled.
Tuple 5798 is sampled.
Tuple 5798 is labeled.
The number of labeled data cells increased from 320 to 293281.
A classifier is trained and applied on column 0.
A classifier is trained and applied on column 1.
A classifier is trained and applied on column 2.
A classifier is trained and applied on column 3.
A classifier is trained and applied on column 4.
A classifier is trained and applied on column 5.
A classifier is trained and applied on column 6.
A classifier is trained and applied on column 7.
A classifier is trained and applied on column 8.
A classifier is trained and applied on column 9.
A classifier is trained and applied on column 10.
A classifier is trained and applied on column 11.
A classifier is trained and applied on column 12.
A classifier is trained and applied on column 13.
A classifier is trained and applied on column 14.
A classifier is trained and applied on column 15.
  RAHA 检测结果: 4804 个单元格
  Precision=0.1678  Recall=1.0000  F1=0.2873
  RAHA 标注行数: 20 (labeling_budget=20)
  [行分块 2] 检测: 4804 个, 标注行: 20 个
  [行分块 3/3] 行 40000~45221 (5222 行)
553 strategy profiles are collected.
16 Features are generated for column 0.
30 Features are generated for column 1.
62 Features are generated for column 2.
59 Features are generated for column 3.
55 Features are generated for column 4.
23 Features are generated for column 5.
47 Features are generated for column 6.
65 Features are generated for column 7.
47 Features are generated for column 8.
59 Features are generated for column 9.
16 Features are generated for column 10.
68 Features are generated for column 11.
69 Features are generated for column 12.
65 Features are generated for column 13.
93 Features are generated for column 14.
24 Features are generated for column 15.
A hierarchical clustering model is built for column 0.
A hierarchical clustering model is built for column 1.
A hierarchical clustering model is built for column 2.
A hierarchical clustering model is built for column 3.
A hierarchical clustering model is built for column 4.
A hierarchical clustering model is built for column 5.
A hierarchical clustering model is built for column 6.
A hierarchical clustering model is built for column 7.
A hierarchical clustering model is built for column 8.
A hierarchical clustering model is built for column 9.
A hierarchical clustering model is built for column 10.
A hierarchical clustering model is built for column 11.
A hierarchical clustering model is built for column 12.
A hierarchical clustering model is built for column 13.
A hierarchical clustering model is built for column 14.
A hierarchical clustering model is built for column 15.
Tuple 2410 is sampled.
Tuple 2410 is labeled.
Tuple 1096 is sampled.
Tuple 1096 is labeled.
Tuple 1160 is sampled.
Tuple 1160 is labeled.
Tuple 1104 is sampled.
Tuple 1104 is labeled.
Tuple 4127 is sampled.
Tuple 4127 is labeled.
Tuple 692 is sampled.
Tuple 692 is labeled.
Tuple 4572 is sampled.
Tuple 4572 is labeled.
Tuple 389 is sampled.
Tuple 389 is labeled.
Tuple 4923 is sampled.
Tuple 4923 is labeled.
Tuple 875 is sampled.
Tuple 875 is labeled.
Tuple 4893 is sampled.
Tuple 4893 is labeled.
Tuple 2100 is sampled.
Tuple 2100 is labeled.
Tuple 2522 is sampled.
Tuple 2522 is labeled.
Tuple 136 is sampled.
Tuple 136 is labeled.
Tuple 4472 is sampled.
Tuple 4472 is labeled.
Tuple 1669 is sampled.
Tuple 1669 is labeled.
Tuple 5168 is sampled.
Tuple 5168 is labeled.
Tuple 4736 is sampled.
Tuple 4736 is labeled.
Tuple 4462 is sampled.
Tuple 4462 is labeled.
Tuple 4321 is sampled.
Tuple 4321 is labeled.
The number of labeled data cells increased from 320 to 75067.
A classifier is trained and applied on column 0.
A classifier is trained and applied on column 1.
A classifier is trained and applied on column 2.
A classifier is trained and applied on column 3.
A classifier is trained and applied on column 4.
A classifier is trained and applied on column 5.
A classifier is trained and applied on column 6.
A classifier is trained and applied on column 7.
A classifier is trained and applied on column 8.
A classifier is trained and applied on column 9.
A classifier is trained and applied on column 10.
A classifier is trained and applied on column 11.
A classifier is trained and applied on column 12.
A classifier is trained and applied on column 13.
A classifier is trained and applied on column 14.
A classifier is trained and applied on column 15.
  RAHA 检测结果: 171 个单元格
  Precision=0.1988  Recall=0.1643  F1=0.1799
  RAHA 标注行数: 20 (labeling_budget=20)
  [行分块 3] 检测: 171 个, 标注行: 20 个
  [行分块] 合并结果: 6836 个检测, 60 个标注行
  RAHA 标签错误: 6836 行
  句法错误(RAHA): 0 个
  CFD 规则检测: 1103 个标签错误
  语义错误: 0 个 (FD+DOMAIN+CFD)
  标签噪声: 7277 个 (NaN=0, 规则=7277)

  检测总结: 7277 个错误 (缺失=0, 句法=0, 语义=0, 标签噪声=7277)
  模型已保存: /Users/qianzekai/PycharmProjects/TolerDM/results/demandclean/adult/v5_auto_dueling_single/model/v5_auto_dueling_single_agent.pt
  训练历史已保存: /Users/qianzekai/PycharmProjects/TolerDM/results/demandclean/adult/v5_auto_dueling_single/report/v5_auto_dueling_single_history.json

[Step 3] 推理 (模式: single_phase)...
  缺失值: 0 个
  [RAHA] 使用缓存结果: 6836 个单元格
  RAHA 标签错误: 6836 行
  句法错误(RAHA): 0 个
  CFD 规则检测: 1103 个标签错误
  语义错误: 0 个 (FD+DOMAIN+CFD)
  标签噪声: 7277 个 (NaN=0, 规则=7277)

  检测总结: 7277 个错误 (缺失=0, 句法=0, 语义=0, 标签噪声=7277)

============================================================
单阶段推理
============================================================
  算法: Dueling Double DQN (Two Stage)
  任务类型: classification
  下游模型: random_forest
  检测到的错误: 7271 个 (missing=0, semantic=0, syntactic=0, label=7271)

  推理进度: [====================] 7271/7271

  动作分布 (共 7271 个错误):
    no_action            0 (  0.0%) 
    repair_value       992 ( 13.6%) █████
    delete            2054 ( 28.2%) ███████████
    replace_nearby    4225 ( 58.1%) ███████████████████████

  修复明细 (repair_value): 共 992 条
    行        列      脏值           → 修复值          错误类型      
    -------------------------------------------------------
    39751    -1     0.0000       → 0.0000       label_noise
    38207    -1     0.0000       → 1.0000       label_noise
    38405    -1     0.0000       → 0.0000       label_noise
    39893    -1     0.0000       → 0.0000       label_noise
    37713    -1     0.0000       → 0.0000       label_noise
    42985    -1     0.0000       → 0.0000       label_noise
    39118    -1     0.0000       → 0.0000       label_noise
    44396    -1     0.0000       → 1.0000       label_noise
    39334    -1     0.0000       → 0.0000       label_noise
    42738    -1     0.0000       → 1.0000       label_noise
    44646    -1     0.0000       → 0.0000       label_noise
    38969    -1     0.0000       → 0.0000       label_noise
    39145    -1     0.0000       → 0.0000       label_noise
    44906    -1     0.0000       → 1.0000       label_noise
    38338    -1     0.0000       → 0.0000       label_noise
    38974    -1     0.0000       → 1.0000       label_noise
    41730    -1     0.0000       → 1.0000       label_noise
    41198    -1     0.0000       → 0.0000       label_noise
    39815    -1     0.0000       → 0.0000       label_noise
    37994    -1     0.0000       → 0.0000       label_noise
    44901    -1     0.0000       → 0.0000       label_noise
    43844    -1     0.0000       → 0.0000       label_noise
    38172    -1     0.0000       → 0.0000       label_noise
    41235    -1     0.0000       → 0.0000       label_noise
    39150    -1     0.0000       → 0.0000       label_noise
    33260    -1     0.0000       → 1.0000       label_noise
    39312    -1     0.0000       → 1.0000       label_noise
    44079    -1     0.0000       → 1.0000       label_noise
    41449    -1     0.0000       → 0.0000       label_noise
    38972    -1     0.0000       → 0.0000       label_noise
    ... 省略 962 条

  替换明细 (replace_nearby): 共 4225 条
    行        列      脏值           → 替换值          错误类型      
    -------------------------------------------------------
    30140    -1     0.0000       → 1.0000       label_noise
    32698    -1     0.0000       → 1.0000       label_noise
    31977    -1     0.0000       → 1.0000       label_noise
    34423    -1     0.0000       → 1.0000       label_noise
    25962    -1     0.0000       → 1.0000       label_noise
    7355     -1     0.0000       → 0.0000       label_noise
    15443    -1     0.0000       → 0.0000       label_noise
    7401     -1     0.0000       → 0.0000       label_noise
    36285    -1     0.0000       → 1.0000       label_noise
    27808    -1     0.0000       → 1.0000       label_noise
    27818    -1     0.0000       → 0.0000       label_noise
    36753    -1     0.0000       → 0.0000       label_noise
    29749    -1     0.0000       → 1.0000       label_noise
    23390    -1     0.0000       → 1.0000       label_noise
    25657    -1     0.0000       → 0.0000       label_noise
    8131     -1     0.0000       → 0.0000       label_noise
    27542    -1     0.0000       → 0.0000       label_noise
    34497    -1     0.0000       → 0.0000       label_noise
    24139    -1     0.0000       → 1.0000       label_noise
    32705    -1     0.0000       → 1.0000       label_noise
    29502    -1     0.0000       → 0.0000       label_noise
    30261    -1     0.0000       → 1.0000       label_noise
    25449    -1     0.0000       → 1.0000       label_noise
    36400    -1     0.0000       → 1.0000       label_noise
    9821     -1     0.0000       → 0.0000       label_noise
    33835    -1     0.0000       → 0.0000       label_noise
    34130    -1     0.0000       → 0.0000       label_noise
    5835     -1     0.0000       → 0.0000       label_noise
    33312    -1     0.0000       → 1.0000       label_noise
    29798    -1     0.0000       → 0.0000       label_noise
    ... 省略 4195 条

  删除明细 (delete): 共 2054 条
    行        列      脏值           错误类型      
    ----------------------------------------
    3418     -1     0.0000       label_noise
    8249     -1     0.0000       label_noise
    14976    -1     0.0000       label_noise
    1621     -1     0.0000       label_noise
    23931    -1     0.0000       label_noise
    11126    -1     0.0000       label_noise
    19636    -1     0.0000       label_noise
    14326    -1     0.0000       label_noise
    8271     -1     0.0000       label_noise
    19684    -1     0.0000       label_noise
    10606    -1     0.0000       label_noise
    13743    -1     0.0000       label_noise
    7803     -1     0.0000       label_noise
    816      -1     0.0000       label_noise
    5867     -1     0.0000       label_noise
    12742    -1     0.0000       label_noise
    318      -1     0.0000       label_noise
    22297    -1     0.0000       label_noise
    23831    -1     0.0000       label_noise
    17926    -1     0.0000       label_noise
    22487    -1     0.0000       label_noise
    16668    -1     0.0000       label_noise
    15118    -1     0.0000       label_noise
    11267    -1     0.0000       label_noise
    12002    -1     0.0000       label_noise
    4218     -1     0.0000       label_noise
    9636     -1     0.0000       label_noise
    11914    -1     0.0000       label_noise
    12205    -1     0.0000       label_noise
    7389     -1     0.0000       label_noise
    ... 省略 2024 条
  真值使用: 992
  动作分布: {'no_action': 0, 'repair_value': 992, 'delete': 2054, 'replace_nearby': 4225}
  清洗后数据已保存: /Users/qianzekai/PycharmProjects/TolerDM/results/demandclean/adult/v5_auto_dueling_single/data/v5_auto_dueling_single_cleaned.csv
  原始格式清洗数据已保存: /Users/qianzekai/PycharmProjects/TolerDM/results/demandclean/adult/v5_auto_dueling_single/data/v5_auto_dueling_single_cleaned_original.csv

[Step 4] 检测器准确率评估...
  缺失值: 0 个
  [RAHA] 使用缓存结果: 6836 个单元格
  RAHA 标签错误: 6836 行
  句法错误(RAHA): 0 个
  CFD 规则检测: 1103 个标签错误
  语义错误: 0 个 (FD+DOMAIN+CFD)
  标签噪声: 7277 个 (NaN=0, 规则=7277)

  检测总结: 7277 个错误 (缺失=0, 句法=0, 语义=0, 标签噪声=7277)

============================================================
检测器准确率评估
============================================================
真实错误总数: 0 (缺失: 0, 值错误: 0)
检测报告总数: 0 (missing: 0, syntactic: 0, semantic: 0)
------------------------------------------------------------

  [总体]
    Precision = 0.0000  |  Recall = 0.0000  |  F1 = 0.0000
    TP=0  FP=0  FN=0  (GT=0, Det=0)

  [缺失值 (missing)]
    Precision = 0.0000  |  Recall = 0.0000  |  F1 = 0.0000
    TP=0  FP=0  FN=0  (GT=0, Det=0)

  [句法错误 (syntactic)]
    Precision = 0.0000  |  Recall = 0.0000  |  F1 = 0.0000
    TP=0  FP=0  FN=0  (GT=0, Det=0)

  [语义错误 (semantic)]
    Precision = 0.0000  |  Recall = 0.0000  |  F1 = 0.0000
    TP=0  FP=0  FN=0  (GT=0, Det=0)

  [值错误合并 (syntactic+semantic)]
    Precision = 0.0000  |  Recall = 0.0000  |  F1 = 0.0000
    TP=0  FP=0  FN=0  (GT=0, Det=0)

[Step 5] Baseline 评估与可视化...
  DeleteFix: 删除 7277 行, 保留 37945 行

============================================================
Baseline 对比评估 - v5_auto_dueling_single
============================================================
  NoFix          : rf_accuracy=0.8165 | rf_f1=0.8095 | lr_accuracy=0.7886 | lr_f1=0.7685
  DeleteAll      : rf_accuracy=0.8165 | rf_f1=0.8095 | lr_accuracy=0.7886 | lr_f1=0.7685
  DeleteFix      : rf_accuracy=0.9111 | rf_f1=0.9032 | lr_accuracy=0.8948 | lr_f1=0.8789
  ReplaceAll     : rf_accuracy=0.8165 | rf_f1=0.8095 | lr_accuracy=0.7886 | lr_f1=0.7685
  DemandClean    : rf_accuracy=0.8905 | rf_f1=0.8864 | lr_accuracy=0.8604 | lr_f1=0.8475
  FullFix        : rf_accuracy=0.8551 | rf_f1=0.851 | lr_accuracy=0.8211 | lr_f1=0.8057
  [可视化] Baseline 对比图已保存: /Users/qianzekai/PycharmProjects/TolerDM/results/demandclean/adult/v5_auto_dueling_single/visualization/v5_auto_dueling_single_baseline_comparison.png

[Step 6] 模型容忍度评估...
============================================================
模型容忍度计算 - v5_auto_dueling_single
任务类型: classification  |  模型列表: ['rf', 'lr']
============================================================

--- 模型: RF ---
  P_clean  = 0.8551
  P_dirty  = 0.8551
  P_dc     = 0.6505
  先验容忍度 (P_dc / P_dirty)            = 0.7608
  后验容忍度 (P_dc-P_dirty)/(P_clean-P_dirty) = 1.0000

--- 模型: LR ---
  P_clean  = 0.8211
  P_dirty  = 0.8211
  P_dc     = 0.7564
  先验容忍度 (P_dc / P_dirty)            = 0.9212
  后验容忍度 (P_dc-P_dirty)/(P_clean-P_dirty) = 1.0000
  容忍度柱状图已保存: /Users/qianzekai/PycharmProjects/TolerDM/results/demandclean/adult/v5_auto_dueling_single/visualization/v5_auto_dueling_single_tolerance_bar.png

[Step 7] Shapley 三维度分析...
[Shapley] 大数据集采样: 45222 -> 5000 行 (采样 804/7277 个错误行 (16% 错误率), mc_samples=50)
============================================================
DemandClean - 三维度 Shapley 分析
============================================================
  数据: 5000 行 x 14 列
  (原始数据 45222 行, 已采样至 5000 行)
  错误数: 804
  错误分布: {'unknown': 804}
  输出目录: /Users/qianzekai/PycharmProjects/TolerDM/results/demandclean/adult/v5_auto_dueling_single/evaluation/shapley

[Shapley] 维度1: 动作重要性 (精确枚举 4!=24 排列) ...
[Shapley] 图表已保存: /Users/qianzekai/PycharmProjects/TolerDM/results/demandclean/adult/v5_auto_dueling_single/evaluation/shapley/shapley_action_importance.png
  动作重要性 Shapley 值:
    delete              : +0.016784
    replace_nearby      : +0.014167
    no_action           : +0.002167
    repair_value        : -0.843118

[Shapley] 维度2: 跳过特征 Shapley（计算量过大，仅保留维度1和维度3）
[Shapley] 维度3: 错误类型重要性 (精确枚举 1!=1 排列) ...
[Shapley] 图表已保存: /Users/qianzekai/PycharmProjects/TolerDM/results/demandclean/adult/v5_auto_dueling_single/evaluation/shapley/shapley_error_type_importance.png
  错误类型重要性 Shapley 值:
    label_noise         : -0.810000

[Shapley] JSON 结果已保存: /Users/qianzekai/PycharmProjects/TolerDM/results/demandclean/adult/v5_auto_dueling_single/evaluation/shapley/shapley_results.json
[Shapley] Markdown 报告已保存: /Users/qianzekai/PycharmProjects/TolerDM/results/demandclean/adult/v5_auto_dueling_single/evaluation/shapley/shapley_report.md

============================================================
Shapley 分析完成!
============================================================
# Shapley Value Analysis Report

- 数据规模: 5000 行 × 14 列
- 错误总数: 804
- 任务类型: classification (random_forest)
- MC 采样次数: 50

## 维度 1: 动作重要性 (Action Importance)

| 排名 | 动作 | Shapley 值 | 占比 | 方向 |
|------|------|-----------|------|------|
| 1 | delete | +0.016784 | 1.9% | ↑ 正贡献 |
| 2 | replace_nearby | +0.014167 | 1.6% | ↑ 正贡献 |
| 3 | no_action | +0.002167 | 0.2% | ↑ 正贡献 |
| 4 | repair_value | -0.843118 | 96.2% | ↓ 负贡献 |

**结论**: 最有效的清洗动作是 **delete**
（repair_value 对性能有负面影响，建议减少使用）

## 维度 2: 特征重要性 (Feature Importance)

| 排名 | 特征 | Shapley 值 | 占比 | 清洗价值 |
|------|------|-----------|------|---------|
| 1 | age | +0.000000 | 0.0% | — 可忽略 |
| 2 | workclass | +0.000000 | 0.0% | — 可忽略 |
| 3 | fnlwgt | +0.000000 | 0.0% | — 可忽略 |
| 4 | education | +0.000000 | 0.0% | — 可忽略 |
| 5 | educational_num | +0.000000 | 0.0% | — 可忽略 |
| 6 | marital_status | +0.000000 | 0.0% | — 可忽略 |
| 7 | occupation | +0.000000 | 0.0% | — 可忽略 |
| 8 | relationship | +0.000000 | 0.0% | — 可忽略 |
| 9 | race | +0.000000 | 0.0% | — 可忽略 |
| 10 | gender | +0.000000 | 0.0% | — 可忽略 |
| 11 | capital_gain | +0.000000 | 0.0% | — 可忽略 |
| 12 | capital_loss | +0.000000 | 0.0% | — 可忽略 |
| 13 | hours_per_week | +0.000000 | 0.0% | — 可忽略 |
| 14 | native_country | +0.000000 | 0.0% | — 可忽略 |

**结论**: 
- 清洗价值极低的特征: age, workclass, fnlwgt（清洗它们几乎不影响性能）

## 维度 3: 错误类型重要性 (Error Type Importance)

| 排名 | 错误类型 | Shapley 值 | 占比 | 优先级 |
|------|---------|-----------|------|--------|
| 1 | label_noise | -0.810000 | 100.0% | 🔴 高 |

**结论**: 对下游性能影响最大的错误类型是 **label_noise**，检测器应优先识别此类错误。

## 综合清洗建议



  输出文件:
    /Users/qianzekai/PycharmProjects/TolerDM/results/demandclean/adult/v5_auto_dueling_single/evaluation/shapley/shapley_action_importance.png
    /Users/qianzekai/PycharmProjects/TolerDM/results/demandclean/adult/v5_auto_dueling_single/evaluation/shapley/shapley_feature_importance.png
    /Users/qianzekai/PycharmProjects/TolerDM/results/demandclean/adult/v5_auto_dueling_single/evaluation/shapley/shapley_error_type_importance.png
    /Users/qianzekai/PycharmProjects/TolerDM/results/demandclean/adult/v5_auto_dueling_single/evaluation/shapley/shapley_results.json
    /Users/qianzekai/PycharmProjects/TolerDM/results/demandclean/adult/v5_auto_dueling_single/evaluation/shapley/shapley_report.md
============================================================

[Step 8] 训练曲线可视化...
  [可视化] 训练曲线已保存: /Users/qianzekai/PycharmProjects/TolerDM/results/demandclean/adult/v5_auto_dueling_single/visualization/v5_auto_dueling_single_training_curves.png

[Step 9] Clean4MLBaseline 统一测评...
======================================================================
Clean4MLBaseline 统一测评 - v5_auto_dueling_single
======================================================================

[1/5] 传统清洗指标
--------------------------------------------------
差异文件已保存到:
/Users/qianzekai/PycharmProjects/TolerDM/results/demandclean/adult/v5_auto_dueling_single/evaluation/v5_auto_dueling_single_clean_vs_dirty.csv
/Users/qianzekai/PycharmProjects/TolerDM/results/demandclean/adult/v5_auto_dueling_single/evaluation/v5_auto_dueling_single_dirty_vs_cleaned.csv
/Users/qianzekai/PycharmProjects/TolerDM/results/demandclean/adult/v5_auto_dueling_single/evaluation/v5_auto_dueling_single_clean_vs_cleaned.csv
修复错误数据文件已保存到: /Users/qianzekai/PycharmProjects/TolerDM/results/demandclean/adult/v5_auto_dueling_single/evaluation/v5_auto_dueling_single_repair_errors.csv
未修复但是应该修复数据文件已保存到: /Users/qianzekai/PycharmProjects/TolerDM/results/demandclean/adult/v5_auto_dueling_single/evaluation/v5_auto_dueling_single_unrepaired.csv
修复准确率: 0.15180265654648956, 修复召回率: 0.6171648987463838, F1值: 0.24367028361575155
========================================
EDR 结果已保存到: /Users/qianzekai/PycharmProjects/TolerDM/results/demandclean/adult/v5_auto_dueling_single/evaluation/v5_auto_dueling_single_edr_evaluation.txt
错误减少率 (EDR): -2.8312439729990357
========================================
混合距离结果已保存到: /Users/qianzekai/PycharmProjects/TolerDM/results/demandclean/adult/v5_auto_dueling_single/evaluation/v5_auto_dueling_single_hybrid_distance_evaluation.txt
混合距离 (Hybrid Distance): 0.011952852479628372
========================================
R-EDR 结果已保存到: /Users/qianzekai/PycharmProjects/TolerDM/results/demandclean/adult/v5_auto_dueling_single/evaluation/v5_auto_dueling_single_record_based_edr_evaluation.txt
基于条目的错误减少率 (R-EDR): -2.739633558341369
========================================

[2/5] 下游任务性能 (classification)
--------------------------------------------------
警告: 清洗后数据行数(43168)与干净数据行数(45222)不一致
将使用清洗后数据自身进行评估（行对齐）
通过索引对齐，使用 43168 行数据进行评估
RF - Accuracy: 0.8772, F1: 0.8701, Precision: 0.8725, Recall: 0.8772
LR - Accuracy: 0.8439, F1: 0.8265, Precision: 0.8364, Recall: 0.8439
SVM - Accuracy: 0.8651, F1: 0.8550, Precision: 0.8594, Recall: 0.8651
KNN - Accuracy: 0.8526, F1: 0.8455, Precision: 0.8447, Recall: 0.8526
DT - Accuracy: 0.8382, F1: 0.8364, Precision: 0.8350, Recall: 0.8382
GB - Accuracy: 0.8782, F1: 0.8693, Precision: 0.8748, Recall: 0.8782

[3/5] 模型容忍度
--------------------------------------------------

容忍度计算结果:
  P_do_nothing (脏数据性能): 0.8505
  P_demand_clean (清洗后性能): 0.8905
  P_repair_all (完全修复性能): 0.8543
  先验容忍度 (Tolerance_prior): 1.0471
  后验容忍度 (Tolerance_post): 10.6507

[4/5] Snoopy上界评估
--------------------------------------------------
Snoopy模块可用，正在评估数据质量上界...
  脏数据上界: 0.8184
  清洗后上界: 0.8893
  干净数据上界: 0.8523
  上界提升比例: 2.0897

[5/5] 真值使用成本
--------------------------------------------------
  方法类型: Type 1 (全自动)
  实际真值使用: 992
  理想最小成本: 0
  总修改单元格: 302176
  正确修复: 0
  错误修复: 302176

======================================================================
测评完成，结果已保存到: /Users/qianzekai/PycharmProjects/TolerDM/results/demandclean/adult/v5_auto_dueling_single/evaluation/v5_auto_dueling_single_evaluation_results.txt
======================================================================
  统一测评完成，结果已保存到: /Users/qianzekai/PycharmProjects/TolerDM/results/demandclean/adult/v5_auto_dueling_single/v5_auto_dueling_single_evaluation_results.txt

[Step 10] 真值成本汇总...
  RAHA 检测成本: 60
  Agent 修复成本: 992
  总成本: 1052 / 633108 cells = 0.1662%

  [输出] 报告已保存: /Users/qianzekai/PycharmProjects/TolerDM/results/demandclean/adult/v5_auto_dueling_single/report/v5_auto_dueling_single_report.json

  版本 v5_auto_dueling_single 完成! 耗时: 5842.62s
  输出目录: /Users/qianzekai/PycharmProjects/TolerDM/results/demandclean/adult/v5_auto_dueling_single

======================================================================
版本: v7_auto_plain_single
数据集: adult | 任务: classification | 模型: random_forest
检测器: auto | Agent: single_stage | 推理: single_phase
训练轮数: 5 | 输出目录: /Users/qianzekai/PycharmProjects/TolerDM/results/demandclean/adult/v7_auto_plain_single
======================================================================

[Step 1] 创建 DemandClean 实例...

[Step 2] 训练 (5 episodes)...

[AutoDetector] 初始化
  RAHA 来源: pip:raha
  RAHA 可用: True
  CSV 路径: /Users/qianzekai/PycharmProjects/TolerDM/data/adult/dirty_index.csv
  FD 规则: 1 条
  规则文件: /Users/qianzekai/PycharmProjects/TolerDM/data/adult/rules.txt
  规则摘要: ParsedRules(DOMAIN=6, FD=1, CFD=12, STAT=1)
  缺失值: 0 个

[检测] 在原始 CSV 上运行 RAHA (labeling_budget=20)...
  [RAHA] 数据规模: 45222 行 × 16 列
  [RAHA] 行数 45222 > 20000，启用行分块模式
  [行分块] 总行数 45222, 分为 3 批 (每批≤20000行)
  [行分块 1/3] 行 0~19999 (20000 行)
553 strategy profiles are collected.
40 Features are generated for column 0.
29 Features are generated for column 1.
62 Features are generated for column 2.
58 Features are generated for column 3.
52 Features are generated for column 4.
20 Features are generated for column 5.
42 Features are generated for column 6.
53 Features are generated for column 7.
45 Features are generated for column 8.
58 Features are generated for column 9.
15 Features are generated for column 10.
65 Features are generated for column 11.
67 Features are generated for column 12.
64 Features are generated for column 13.
90 Features are generated for column 14.
20 Features are generated for column 15.
A hierarchical clustering model is built for column 0.
A hierarchical clustering model is built for column 1.
A hierarchical clustering model is built for column 2.
A hierarchical clustering model is built for column 3.
A hierarchical clustering model is built for column 4.
A hierarchical clustering model is built for column 5.
A hierarchical clustering model is built for column 6.
A hierarchical clustering model is built for column 7.
A hierarchical clustering model is built for column 8.
A hierarchical clustering model is built for column 9.
A hierarchical clustering model is built for column 10.
A hierarchical clustering model is built for column 11.
A hierarchical clustering model is built for column 12.
A hierarchical clustering model is built for column 13.
A hierarchical clustering model is built for column 14.
A hierarchical clustering model is built for column 15.
Tuple 9787 is sampled.
Tuple 9787 is labeled.
Tuple 6296 is sampled.
Tuple 6296 is labeled.
Tuple 10762 is sampled.
Tuple 10762 is labeled.
Tuple 1431 is sampled.
Tuple 1431 is labeled.
Tuple 15295 is sampled.
Tuple 15295 is labeled.
Tuple 17036 is sampled.
Tuple 17036 is labeled.
Tuple 10143 is sampled.
Tuple 10143 is labeled.
Tuple 12066 is sampled.
Tuple 12066 is labeled.
Tuple 16232 is sampled.
Tuple 16232 is labeled.
Tuple 18181 is sampled.
Tuple 18181 is labeled.
Tuple 709 is sampled.
Tuple 709 is labeled.
Tuple 16343 is sampled.
Tuple 16343 is labeled.
Tuple 19993 is sampled.
Tuple 19993 is labeled.
Tuple 1140 is sampled.
Tuple 1140 is labeled.
Tuple 9902 is sampled.
Tuple 9902 is labeled.
Tuple 13979 is sampled.
Tuple 13979 is labeled.
Tuple 2003 is sampled.
Tuple 2003 is labeled.
Tuple 8277 is sampled.
Tuple 8277 is labeled.
Tuple 2562 is sampled.
Tuple 2562 is labeled.
Tuple 11104 is sampled.
Tuple 11104 is labeled.
The number of labeled data cells increased from 320 to 295191.
A classifier is trained and applied on column 0.
A classifier is trained and applied on column 1.
A classifier is trained and applied on column 2.
A classifier is trained and applied on column 3.
A classifier is trained and applied on column 4.
A classifier is trained and applied on column 5.
A classifier is trained and applied on column 6.
A classifier is trained and applied on column 7.
A classifier is trained and applied on column 8.
A classifier is trained and applied on column 9.
A classifier is trained and applied on column 10.
A classifier is trained and applied on column 11.
A classifier is trained and applied on column 12.
A classifier is trained and applied on column 13.
A classifier is trained and applied on column 14.
A classifier is trained and applied on column 15.
  RAHA 检测结果: 1977 个单元格
  Precision=0.1088  Recall=0.3125  F1=0.1614
  RAHA 标注行数: 20 (labeling_budget=20)
  [行分块 1] 检测: 1977 个, 标注行: 20 个
  [行分块 2/3] 行 20000~39999 (20000 行)
553 strategy profiles are collected.
17 Features are generated for column 0.
30 Features are generated for column 1.
62 Features are generated for column 2.
59 Features are generated for column 3.
53 Features are generated for column 4.
21 Features are generated for column 5.
45 Features are generated for column 6.
55 Features are generated for column 7.
46 Features are generated for column 8.
57 Features are generated for column 9.
16 Features are generated for column 10.
66 Features are generated for column 11.
66 Features are generated for column 12.
64 Features are generated for column 13.
100 Features are generated for column 14.
23 Features are generated for column 15.
A hierarchical clustering model is built for column 0.
A hierarchical clustering model is built for column 1.
A hierarchical clustering model is built for column 2.
A hierarchical clustering model is built for column 3.
A hierarchical clustering model is built for column 4.
A hierarchical clustering model is built for column 5.
A hierarchical clustering model is built for column 6.
A hierarchical clustering model is built for column 7.
A hierarchical clustering model is built for column 8.
A hierarchical clustering model is built for column 9.
A hierarchical clustering model is built for column 10.
A hierarchical clustering model is built for column 11.
A hierarchical clustering model is built for column 12.
A hierarchical clustering model is built for column 13.
A hierarchical clustering model is built for column 14.
A hierarchical clustering model is built for column 15.
Tuple 4205 is sampled.
Tuple 4205 is labeled.
Tuple 1269 is sampled.
Tuple 1269 is labeled.
Tuple 2277 is sampled.
Tuple 2277 is labeled.
Tuple 1531 is sampled.
Tuple 1531 is labeled.
Tuple 17642 is sampled.
Tuple 17642 is labeled.
Tuple 5507 is sampled.
Tuple 5507 is labeled.
Tuple 17674 is sampled.
Tuple 17674 is labeled.
Tuple 2348 is sampled.
Tuple 2348 is labeled.
Tuple 3604 is sampled.
Tuple 3604 is labeled.
Tuple 10724 is sampled.
Tuple 10724 is labeled.
Tuple 8721 is sampled.
Tuple 8721 is labeled.
Tuple 14451 is sampled.
Tuple 14451 is labeled.
Tuple 19937 is sampled.
Tuple 19937 is labeled.
Tuple 6389 is sampled.
Tuple 6389 is labeled.
Tuple 6990 is sampled.
Tuple 6990 is labeled.
Tuple 19755 is sampled.
Tuple 19755 is labeled.
Tuple 13850 is sampled.
Tuple 13850 is labeled.
Tuple 5116 is sampled.
Tuple 5116 is labeled.
Tuple 5655 is sampled.
Tuple 5655 is labeled.
Tuple 14067 is sampled.
Tuple 14067 is labeled.
The number of labeled data cells increased from 320 to 300443.
A classifier is trained and applied on column 0.
A classifier is trained and applied on column 1.
A classifier is trained and applied on column 2.
A classifier is trained and applied on column 3.
A classifier is trained and applied on column 4.
A classifier is trained and applied on column 5.
A classifier is trained and applied on column 6.
A classifier is trained and applied on column 7.
A classifier is trained and applied on column 8.
A classifier is trained and applied on column 9.
A classifier is trained and applied on column 10.
A classifier is trained and applied on column 11.
A classifier is trained and applied on column 12.
A classifier is trained and applied on column 13.
A classifier is trained and applied on column 14.
A classifier is trained and applied on column 15.
  RAHA 检测结果: 0 个单元格
  Precision=0.0000  Recall=0.0000  F1=0.0000
  RAHA 标注行数: 20 (labeling_budget=20)
  [行分块 2] 检测: 0 个, 标注行: 20 个
  [行分块 3/3] 行 40000~45221 (5222 行)
553 strategy profiles are collected.
16 Features are generated for column 0.
30 Features are generated for column 1.
62 Features are generated for column 2.
59 Features are generated for column 3.
55 Features are generated for column 4.
23 Features are generated for column 5.
47 Features are generated for column 6.
65 Features are generated for column 7.
47 Features are generated for column 8.
59 Features are generated for column 9.
16 Features are generated for column 10.
68 Features are generated for column 11.
69 Features are generated for column 12.
65 Features are generated for column 13.
93 Features are generated for column 14.
24 Features are generated for column 15.
A hierarchical clustering model is built for column 0.
A hierarchical clustering model is built for column 1.
A hierarchical clustering model is built for column 2.
A hierarchical clustering model is built for column 3.
A hierarchical clustering model is built for column 4.
A hierarchical clustering model is built for column 5.
A hierarchical clustering model is built for column 6.
A hierarchical clustering model is built for column 7.
A hierarchical clustering model is built for column 8.
A hierarchical clustering model is built for column 9.
A hierarchical clustering model is built for column 10.
A hierarchical clustering model is built for column 11.
A hierarchical clustering model is built for column 12.
A hierarchical clustering model is built for column 13.
A hierarchical clustering model is built for column 14.
A hierarchical clustering model is built for column 15.
Tuple 1767 is sampled.
Tuple 1767 is labeled.
Tuple 559 is sampled.
Tuple 559 is labeled.
Tuple 3398 is sampled.
Tuple 3398 is labeled.
Tuple 3531 is sampled.
Tuple 3531 is labeled.
Tuple 2498 is sampled.
Tuple 2498 is labeled.
Tuple 4106 is sampled.
Tuple 4106 is labeled.
Tuple 3270 is sampled.
Tuple 3270 is labeled.
Tuple 1938 is sampled.
Tuple 1938 is labeled.
Tuple 108 is sampled.
Tuple 108 is labeled.
Tuple 247 is sampled.
Tuple 247 is labeled.
Tuple 1093 is sampled.
Tuple 1093 is labeled.
Tuple 528 is sampled.
Tuple 528 is labeled.
Tuple 2559 is sampled.
Tuple 2559 is labeled.
Tuple 1616 is sampled.
Tuple 1616 is labeled.
Tuple 232 is sampled.
Tuple 232 is labeled.
Tuple 5182 is sampled.
Tuple 5182 is labeled.
Tuple 3671 is sampled.
Tuple 3671 is labeled.
Tuple 5132 is sampled.
Tuple 5132 is labeled.
Tuple 3906 is sampled.
Tuple 3906 is labeled.
Tuple 724 is sampled.
Tuple 724 is labeled.
The number of labeled data cells increased from 320 to 75398.
A classifier is trained and applied on column 0.
A classifier is trained and applied on column 1.
A classifier is trained and applied on column 2.
A classifier is trained and applied on column 3.
A classifier is trained and applied on column 4.
A classifier is trained and applied on column 5.
A classifier is trained and applied on column 6.
A classifier is trained and applied on column 7.
A classifier is trained and applied on column 8.
A classifier is trained and applied on column 9.
A classifier is trained and applied on column 10.
A classifier is trained and applied on column 11.
A classifier is trained and applied on column 12.
A classifier is trained and applied on column 13.
A classifier is trained and applied on column 14.
A classifier is trained and applied on column 15.
  RAHA 检测结果: 1440 个单元格
  Precision=0.1431  Recall=0.9952  F1=0.2502
  RAHA 标注行数: 20 (labeling_budget=20)
  [行分块 3] 检测: 1440 个, 标注行: 20 个
  [行分块] 合并结果: 3417 个检测, 60 个标注行
  RAHA 标签错误: 3417 行
  句法错误(RAHA): 0 个
  CFD 规则检测: 1103 个标签错误
  语义错误: 0 个 (FD+DOMAIN+CFD)
  标签噪声: 4237 个 (NaN=0, 规则=4237)

  检测总结: 4237 个错误 (缺失=0, 句法=0, 语义=0, 标签噪声=4237)
  模型已保存: /Users/qianzekai/PycharmProjects/TolerDM/results/demandclean/adult/v7_auto_plain_single/model/v7_auto_plain_single_agent.pt
  训练历史已保存: /Users/qianzekai/PycharmProjects/TolerDM/results/demandclean/adult/v7_auto_plain_single/report/v7_auto_plain_single_history.json

[Step 3] 推理 (模式: single_phase)...
  缺失值: 0 个
  [RAHA] 使用缓存结果: 3417 个单元格
  RAHA 标签错误: 3417 行
  句法错误(RAHA): 0 个
  CFD 规则检测: 1103 个标签错误
  语义错误: 0 个 (FD+DOMAIN+CFD)
  标签噪声: 4237 个 (NaN=0, 规则=4237)

  检测总结: 4237 个错误 (缺失=0, 句法=0, 语义=0, 标签噪声=4237)

============================================================
单阶段推理
============================================================
  算法: DQN (Single Stage)
  任务类型: classification
  下游模型: random_forest
  检测到的错误: 4233 个 (missing=0, semantic=0, syntactic=0, label=4233)

  推理进度: [====================] 4233/4233

  动作分布 (共 4233 个错误):
    no_action            0 (  0.0%) 
    repair_value      4233 (100.0%) ████████████████████████████████████████
    delete               0 (  0.0%) 
    replace_nearby       0 (  0.0%) 

  修复明细 (repair_value): 共 4233 条
    行        列      脏值           → 修复值          错误类型      
    -------------------------------------------------------
    42899    -1     0.0000       → 0.0000       label_noise
    6009     -1     0.0000       → 0.0000       label_noise
    8711     -1     0.0000       → 0.0000       label_noise
    5447     -1     0.0000       → 0.0000       label_noise
    41803    -1     0.0000       → 0.0000       label_noise
    2226     -1     0.0000       → 0.0000       label_noise
    16547    -1     0.0000       → 0.0000       label_noise
    41175    -1     0.0000       → 0.0000       label_noise
    42568    -1     0.0000       → 0.0000       label_noise
    9626     -1     0.0000       → 0.0000       label_noise
    378      -1     0.0000       → 0.0000       label_noise
    27991    -1     0.0000       → 0.0000       label_noise
    1781     -1     0.0000       → 0.0000       label_noise
    9332     -1     0.0000       → 0.0000       label_noise
    42069    -1     0.0000       → 0.0000       label_noise
    28389    -1     0.0000       → 1.0000       label_noise
    41650    -1     0.0000       → 0.0000       label_noise
    41346    -1     0.0000       → 0.0000       label_noise
    40353    -1     0.0000       → 0.0000       label_noise
    175      -1     0.0000       → 0.0000       label_noise
    44160    -1     0.0000       → 0.0000       label_noise
    3113     -1     0.0000       → 0.0000       label_noise
    35686    -1     0.0000       → 1.0000       label_noise
    36316    -1     0.0000       → 1.0000       label_noise
    42963    -1     0.0000       → 0.0000       label_noise
    43583    -1     0.0000       → 1.0000       label_noise
    2377     -1     0.0000       → 0.0000       label_noise
    13871    -1     0.0000       → 0.0000       label_noise
    40039    -1     0.0000       → 0.0000       label_noise
    42652    -1     0.0000       → 0.0000       label_noise
    ... 省略 4203 条
  真值使用: 4233
  动作分布: {'no_action': 0, 'repair_value': 4233, 'delete': 0, 'replace_nearby': 0}
  清洗后数据已保存: /Users/qianzekai/PycharmProjects/TolerDM/results/demandclean/adult/v7_auto_plain_single/data/v7_auto_plain_single_cleaned.csv
  原始格式清洗数据已保存: /Users/qianzekai/PycharmProjects/TolerDM/results/demandclean/adult/v7_auto_plain_single/data/v7_auto_plain_single_cleaned_original.csv

[Step 4] 检测器准确率评估...
  缺失值: 0 个
  [RAHA] 使用缓存结果: 3417 个单元格
  RAHA 标签错误: 3417 行
  句法错误(RAHA): 0 个
  CFD 规则检测: 1103 个标签错误
  语义错误: 0 个 (FD+DOMAIN+CFD)
  标签噪声: 4237 个 (NaN=0, 规则=4237)

  检测总结: 4237 个错误 (缺失=0, 句法=0, 语义=0, 标签噪声=4237)

============================================================
检测器准确率评估
============================================================
真实错误总数: 0 (缺失: 0, 值错误: 0)
检测报告总数: 0 (missing: 0, syntactic: 0, semantic: 0)
------------------------------------------------------------

  [总体]
    Precision = 0.0000  |  Recall = 0.0000  |  F1 = 0.0000
    TP=0  FP=0  FN=0  (GT=0, Det=0)

  [缺失值 (missing)]
    Precision = 0.0000  |  Recall = 0.0000  |  F1 = 0.0000
    TP=0  FP=0  FN=0  (GT=0, Det=0)

  [句法错误 (syntactic)]
    Precision = 0.0000  |  Recall = 0.0000  |  F1 = 0.0000
    TP=0  FP=0  FN=0  (GT=0, Det=0)

  [语义错误 (semantic)]
    Precision = 0.0000  |  Recall = 0.0000  |  F1 = 0.0000
    TP=0  FP=0  FN=0  (GT=0, Det=0)

  [值错误合并 (syntactic+semantic)]
    Precision = 0.0000  |  Recall = 0.0000  |  F1 = 0.0000
    TP=0  FP=0  FN=0  (GT=0, Det=0)

[Step 5] Baseline 评估与可视化...
  DeleteFix: 删除 4237 行, 保留 40985 行

============================================================
Baseline 对比评估 - v7_auto_plain_single
============================================================
  NoFix          : rf_accuracy=0.8165 | rf_f1=0.8095 | lr_accuracy=0.7886 | lr_f1=0.7685
  DeleteAll      : rf_accuracy=0.8165 | rf_f1=0.8095 | lr_accuracy=0.7886 | lr_f1=0.7685
  DeleteFix      : rf_accuracy=0.8612 | rf_f1=0.8539 | lr_accuracy=0.8357 | lr_f1=0.816
  ReplaceAll     : rf_accuracy=0.8165 | rf_f1=0.8095 | lr_accuracy=0.7886 | lr_f1=0.7685
  DemandClean    : rf_accuracy=0.8404 | rf_f1=0.8361 | lr_accuracy=0.8113 | lr_f1=0.7959
  FullFix        : rf_accuracy=0.8551 | rf_f1=0.851 | lr_accuracy=0.8211 | lr_f1=0.8057
  [可视化] Baseline 对比图已保存: /Users/qianzekai/PycharmProjects/TolerDM/results/demandclean/adult/v7_auto_plain_single/visualization/v7_auto_plain_single_baseline_comparison.png

[Step 6] 模型容忍度评估...
============================================================
模型容忍度计算 - v7_auto_plain_single
任务类型: classification  |  模型列表: ['rf', 'lr']
============================================================

--- 模型: RF ---
  P_clean  = 0.8551
  P_dirty  = 0.8551
  P_dc     = 0.8551
  先验容忍度 (P_dc / P_dirty)            = 1.0000
  后验容忍度 (P_dc-P_dirty)/(P_clean-P_dirty) = 1.0000

--- 模型: LR ---
  P_clean  = 0.8211
  P_dirty  = 0.8211
  P_dc     = 0.8211
  先验容忍度 (P_dc / P_dirty)            = 1.0000
  后验容忍度 (P_dc-P_dirty)/(P_clean-P_dirty) = 1.0000
  容忍度柱状图已保存: /Users/qianzekai/PycharmProjects/TolerDM/results/demandclean/adult/v7_auto_plain_single/visualization/v7_auto_plain_single_tolerance_bar.png

[Step 7] Shapley 三维度分析...
[Shapley] 大数据集采样: 45222 -> 5000 行 (保留全部 4237 个错误行, mc_samples=50)
============================================================
DemandClean - 三维度 Shapley 分析
============================================================
  数据: 5000 行 x 14 列
  (原始数据 45222 行, 已采样至 5000 行)
  错误数: 4237
  错误分布: {'unknown': 4237}
  输出目录: /Users/qianzekai/PycharmProjects/TolerDM/results/demandclean/adult/v7_auto_plain_single/evaluation/shapley

[Shapley] 维度1: 动作重要性 (精确枚举 4!=24 排列) ...
[Shapley] 图表已保存: /Users/qianzekai/PycharmProjects/TolerDM/results/demandclean/adult/v7_auto_plain_single/evaluation/shapley/shapley_action_importance.png
  动作重要性 Shapley 值:
    no_action           : +0.000000
    delete              : +0.000000
    replace_nearby      : +0.000000
    repair_value        : -0.866000

[Shapley] 维度2: 跳过特征 Shapley（计算量过大，仅保留维度1和维度3）
[Shapley] 维度3: 错误类型重要性 (精确枚举 1!=1 排列) ...
[Shapley] 图表已保存: /Users/qianzekai/PycharmProjects/TolerDM/results/demandclean/adult/v7_auto_plain_single/evaluation/shapley/shapley_error_type_importance.png
  错误类型重要性 Shapley 值:
    label_noise         : -0.866000

[Shapley] JSON 结果已保存: /Users/qianzekai/PycharmProjects/TolerDM/results/demandclean/adult/v7_auto_plain_single/evaluation/shapley/shapley_results.json
[Shapley] Markdown 报告已保存: /Users/qianzekai/PycharmProjects/TolerDM/results/demandclean/adult/v7_auto_plain_single/evaluation/shapley/shapley_report.md

============================================================
Shapley 分析完成!
============================================================
# Shapley Value Analysis Report

- 数据规模: 5000 行 × 14 列
- 错误总数: 4237
- 任务类型: classification (random_forest)
- MC 采样次数: 50

## 维度 1: 动作重要性 (Action Importance)

| 排名 | 动作 | Shapley 值 | 占比 | 方向 |
|------|------|-----------|------|------|
| 1 | no_action | +0.000000 | 0.0% | — 无影响 |
| 2 | delete | +0.000000 | 0.0% | — 无影响 |
| 3 | replace_nearby | +0.000000 | 0.0% | — 无影响 |
| 4 | repair_value | -0.866000 | 100.0% | ↓ 负贡献 |

**结论**: 最有效的清洗动作是 **no_action**
（repair_value 对性能有负面影响，建议减少使用）

## 维度 2: 特征重要性 (Feature Importance)

| 排名 | 特征 | Shapley 值 | 占比 | 清洗价值 |
|------|------|-----------|------|---------|
| 1 | age | +0.000000 | 0.0% | — 可忽略 |
| 2 | workclass | +0.000000 | 0.0% | — 可忽略 |
| 3 | fnlwgt | +0.000000 | 0.0% | — 可忽略 |
| 4 | education | +0.000000 | 0.0% | — 可忽略 |
| 5 | educational_num | +0.000000 | 0.0% | — 可忽略 |
| 6 | marital_status | +0.000000 | 0.0% | — 可忽略 |
| 7 | occupation | +0.000000 | 0.0% | — 可忽略 |
| 8 | relationship | +0.000000 | 0.0% | — 可忽略 |
| 9 | race | +0.000000 | 0.0% | — 可忽略 |
| 10 | gender | +0.000000 | 0.0% | — 可忽略 |
| 11 | capital_gain | +0.000000 | 0.0% | — 可忽略 |
| 12 | capital_loss | +0.000000 | 0.0% | — 可忽略 |
| 13 | hours_per_week | +0.000000 | 0.0% | — 可忽略 |
| 14 | native_country | +0.000000 | 0.0% | — 可忽略 |

**结论**: 
- 清洗价值极低的特征: age, workclass, fnlwgt（清洗它们几乎不影响性能）

## 维度 3: 错误类型重要性 (Error Type Importance)

| 排名 | 错误类型 | Shapley 值 | 占比 | 优先级 |
|------|---------|-----------|------|--------|
| 1 | label_noise | -0.866000 | 100.0% | 🔴 高 |

**结论**: 对下游性能影响最大的错误类型是 **label_noise**，检测器应优先识别此类错误。

## 综合清洗建议



  输出文件:
    /Users/qianzekai/PycharmProjects/TolerDM/results/demandclean/adult/v7_auto_plain_single/evaluation/shapley/shapley_action_importance.png
    /Users/qianzekai/PycharmProjects/TolerDM/results/demandclean/adult/v7_auto_plain_single/evaluation/shapley/shapley_feature_importance.png
    /Users/qianzekai/PycharmProjects/TolerDM/results/demandclean/adult/v7_auto_plain_single/evaluation/shapley/shapley_error_type_importance.png
    /Users/qianzekai/PycharmProjects/TolerDM/results/demandclean/adult/v7_auto_plain_single/evaluation/shapley/shapley_results.json
    /Users/qianzekai/PycharmProjects/TolerDM/results/demandclean/adult/v7_auto_plain_single/evaluation/shapley/shapley_report.md
============================================================

[Step 8] 训练曲线可视化...
  [可视化] 训练曲线已保存: /Users/qianzekai/PycharmProjects/TolerDM/results/demandclean/adult/v7_auto_plain_single/visualization/v7_auto_plain_single_training_curves.png

[Step 9] Clean4MLBaseline 统一测评...
======================================================================
Clean4MLBaseline 统一测评 - v7_auto_plain_single
======================================================================

[1/5] 传统清洗指标
--------------------------------------------------
差异文件已保存到:
/Users/qianzekai/PycharmProjects/TolerDM/results/demandclean/adult/v7_auto_plain_single/evaluation/v7_auto_plain_single_clean_vs_dirty.csv
/Users/qianzekai/PycharmProjects/TolerDM/results/demandclean/adult/v7_auto_plain_single/evaluation/v7_auto_plain_single_dirty_vs_cleaned.csv
/Users/qianzekai/PycharmProjects/TolerDM/results/demandclean/adult/v7_auto_plain_single/evaluation/v7_auto_plain_single_clean_vs_cleaned.csv
修复错误数据文件已保存到: /Users/qianzekai/PycharmProjects/TolerDM/results/demandclean/adult/v7_auto_plain_single/evaluation/v7_auto_plain_single_repair_errors.csv
未修复但是应该修复数据文件已保存到: /Users/qianzekai/PycharmProjects/TolerDM/results/demandclean/adult/v7_auto_plain_single/evaluation/v7_auto_plain_single_unrepaired.csv
修复准确率: 0.3234744707347447, 修复召回率: 0.6108171663727219, F1值: 0.4229594951715013
========================================
EDR 结果已保存到: /Users/qianzekai/PycharmProjects/TolerDM/results/demandclean/adult/v7_auto_plain_single/evaluation/v7_auto_plain_single_edr_evaluation.txt
错误减少率 (EDR): -0.6666666666666666
========================================
混合距离结果已保存到: /Users/qianzekai/PycharmProjects/TolerDM/results/demandclean/adult/v7_auto_plain_single/evaluation/v7_auto_plain_single_hybrid_distance_evaluation.txt
混合距离 (Hybrid Distance): 0.009420930891546452
========================================
R-EDR 结果已保存到: /Users/qianzekai/PycharmProjects/TolerDM/results/demandclean/adult/v7_auto_plain_single/evaluation/v7_auto_plain_single_record_based_edr_evaluation.txt
基于条目的错误减少率 (R-EDR): -0.6396237507348619
========================================

[2/5] 下游任务性能 (classification)
--------------------------------------------------
RF - Accuracy: 0.8509, F1: 0.8483, Precision: 0.8469, Recall: 0.8509
LR - Accuracy: 0.8220, F1: 0.8091, Precision: 0.8104, Recall: 0.8220
SVM - Accuracy: 0.8482, F1: 0.8410, Precision: 0.8411, Recall: 0.8482
KNN - Accuracy: 0.8223, F1: 0.8204, Precision: 0.8189, Recall: 0.8223
DT - Accuracy: 0.7973, F1: 0.7999, Precision: 0.8032, Recall: 0.7973
GB - Accuracy: 0.8658, F1: 0.8601, Precision: 0.8606, Recall: 0.8658

[3/5] 模型容忍度
--------------------------------------------------

容忍度计算结果:
  P_do_nothing (脏数据性能): 0.8505
  P_demand_clean (清洗后性能): 0.8506
  P_repair_all (完全修复性能): 0.8543
  先验容忍度 (Tolerance_prior): 1.0001
  后验容忍度 (Tolerance_post): 0.0294

[4/5] Snoopy上界评估
--------------------------------------------------
Snoopy模块可用，正在评估数据质量上界...
  脏数据上界: 0.8184
  清洗后上界: 0.8391
  干净数据上界: 0.8523
  上界提升比例: 0.6099

[5/5] 真值使用成本
--------------------------------------------------
  方法类型: Type 1 (全自动)
  实际真值使用: 4233
  理想最小成本: 0
  总修改单元格: 316554
  正确修复: 0
  错误修复: 316554

======================================================================
测评完成，结果已保存到: /Users/qianzekai/PycharmProjects/TolerDM/results/demandclean/adult/v7_auto_plain_single/evaluation/v7_auto_plain_single_evaluation_results.txt
======================================================================
  统一测评完成，结果已保存到: /Users/qianzekai/PycharmProjects/TolerDM/results/demandclean/adult/v7_auto_plain_single/v7_auto_plain_single_evaluation_results.txt

[Step 10] 真值成本汇总...
  RAHA 检测成本: 60
  Agent 修复成本: 4233
  总成本: 4293 / 633108 cells = 0.6781%

  [输出] 报告已保存: /Users/qianzekai/PycharmProjects/TolerDM/results/demandclean/adult/v7_auto_plain_single/report/v7_auto_plain_single_report.json

  版本 v7_auto_plain_single 完成! 耗时: 4914.45s
  输出目录: /Users/qianzekai/PycharmProjects/TolerDM/results/demandclean/adult/v7_auto_plain_single

======================================================================
版本: v8_auto_plain_two
数据集: adult | 任务: classification | 模型: random_forest
检测器: auto | Agent: single_stage | 推理: two_phase
训练轮数: 5 | 输出目录: /Users/qianzekai/PycharmProjects/TolerDM/results/demandclean/adult/v8_auto_plain_two
======================================================================

[Step 1] 创建 DemandClean 实例...

[Step 2] 训练 (5 episodes)...

[AutoDetector] 初始化
  RAHA 来源: pip:raha
  RAHA 可用: True
  CSV 路径: /Users/qianzekai/PycharmProjects/TolerDM/data/adult/dirty_index.csv
  FD 规则: 1 条
  规则文件: /Users/qianzekai/PycharmProjects/TolerDM/data/adult/rules.txt
  规则摘要: ParsedRules(DOMAIN=6, FD=1, CFD=12, STAT=1)
  缺失值: 0 个

[检测] 在原始 CSV 上运行 RAHA (labeling_budget=20)...
  [RAHA] 数据规模: 45222 行 × 16 列
  [RAHA] 行数 45222 > 20000，启用行分块模式
  [行分块] 总行数 45222, 分为 3 批 (每批≤20000行)
  [行分块 1/3] 行 0~19999 (20000 行)
553 strategy profiles are collected.
40 Features are generated for column 0.
29 Features are generated for column 1.
62 Features are generated for column 2.
58 Features are generated for column 3.
52 Features are generated for column 4.
20 Features are generated for column 5.
42 Features are generated for column 6.
53 Features are generated for column 7.
45 Features are generated for column 8.
58 Features are generated for column 9.
15 Features are generated for column 10.
65 Features are generated for column 11.
67 Features are generated for column 12.
64 Features are generated for column 13.
90 Features are generated for column 14.
20 Features are generated for column 15.
A hierarchical clustering model is built for column 0.
A hierarchical clustering model is built for column 1.
A hierarchical clustering model is built for column 2.
A hierarchical clustering model is built for column 3.
A hierarchical clustering model is built for column 4.
A hierarchical clustering model is built for column 5.
A hierarchical clustering model is built for column 6.
A hierarchical clustering model is built for column 7.
A hierarchical clustering model is built for column 8.
A hierarchical clustering model is built for column 9.
A hierarchical clustering model is built for column 10.
A hierarchical clustering model is built for column 11.
A hierarchical clustering model is built for column 12.
A hierarchical clustering model is built for column 13.
A hierarchical clustering model is built for column 14.
A hierarchical clustering model is built for column 15.
Tuple 11774 is sampled.
Tuple 11774 is labeled.
Tuple 17605 is sampled.
Tuple 17605 is labeled.
Tuple 10063 is sampled.
Tuple 10063 is labeled.
Tuple 11251 is sampled.
Tuple 11251 is labeled.
Tuple 2245 is sampled.
Tuple 2245 is labeled.
Tuple 19754 is sampled.
Tuple 19754 is labeled.
Tuple 19597 is sampled.
Tuple 19597 is labeled.
Tuple 1520 is sampled.
Tuple 1520 is labeled.
Tuple 12012 is sampled.
Tuple 12012 is labeled.
Tuple 554 is sampled.
Tuple 554 is labeled.
Tuple 11059 is sampled.
Tuple 11059 is labeled.
Tuple 2870 is sampled.
Tuple 2870 is labeled.
Tuple 6059 is sampled.
Tuple 6059 is labeled.
Tuple 16551 is sampled.
Tuple 16551 is labeled.
Tuple 18943 is sampled.
Tuple 18943 is labeled.
Tuple 17752 is sampled.
Tuple 17752 is labeled.
Tuple 6713 is sampled.
Tuple 6713 is labeled.
Tuple 389 is sampled.
Tuple 389 is labeled.
Tuple 15909 is sampled.
Tuple 15909 is labeled.
Tuple 7087 is sampled.
Tuple 7087 is labeled.
The number of labeled data cells increased from 320 to 296446.
A classifier is trained and applied on column 0.
A classifier is trained and applied on column 1.
A classifier is trained and applied on column 2.
A classifier is trained and applied on column 3.
A classifier is trained and applied on column 4.
A classifier is trained and applied on column 5.
A classifier is trained and applied on column 6.
A classifier is trained and applied on column 7.
A classifier is trained and applied on column 8.
A classifier is trained and applied on column 9.
A classifier is trained and applied on column 10.
A classifier is trained and applied on column 11.
A classifier is trained and applied on column 12.
A classifier is trained and applied on column 13.
A classifier is trained and applied on column 14.
A classifier is trained and applied on column 15.
  RAHA 检测结果: 4071 个单元格
  Precision=0.0528  Recall=0.3125  F1=0.0904
  RAHA 标注行数: 20 (labeling_budget=20)
  [行分块 1] 检测: 4071 个, 标注行: 20 个
  [行分块 2/3] 行 20000~39999 (20000 行)
553 strategy profiles are collected.
17 Features are generated for column 0.
30 Features are generated for column 1.
62 Features are generated for column 2.
59 Features are generated for column 3.
53 Features are generated for column 4.
21 Features are generated for column 5.
45 Features are generated for column 6.
55 Features are generated for column 7.
46 Features are generated for column 8.
57 Features are generated for column 9.
16 Features are generated for column 10.
66 Features are generated for column 11.
66 Features are generated for column 12.
64 Features are generated for column 13.
100 Features are generated for column 14.
23 Features are generated for column 15.
A hierarchical clustering model is built for column 0.
A hierarchical clustering model is built for column 1.
A hierarchical clustering model is built for column 2.
A hierarchical clustering model is built for column 3.
A hierarchical clustering model is built for column 4.
A hierarchical clustering model is built for column 5.
A hierarchical clustering model is built for column 6.
A hierarchical clustering model is built for column 7.
A hierarchical clustering model is built for column 8.
A hierarchical clustering model is built for column 9.
A hierarchical clustering model is built for column 10.
A hierarchical clustering model is built for column 11.
A hierarchical clustering model is built for column 12.
A hierarchical clustering model is built for column 13.
A hierarchical clustering model is built for column 14.
A hierarchical clustering model is built for column 15.
Tuple 9256 is sampled.
Tuple 9256 is labeled.
Tuple 17683 is sampled.
Tuple 17683 is labeled.
Tuple 12851 is sampled.
Tuple 12851 is labeled.
Tuple 17937 is sampled.
Tuple 17937 is labeled.
Tuple 9997 is sampled.
Tuple 9997 is labeled.
Tuple 13116 is sampled.
Tuple 13116 is labeled.
Tuple 10686 is sampled.
Tuple 10686 is labeled.
Tuple 10906 is sampled.
Tuple 10906 is labeled.
Tuple 10631 is sampled.
Tuple 10631 is labeled.
Tuple 336 is sampled.
Tuple 336 is labeled.
Tuple 13981 is sampled.
Tuple 13981 is labeled.
Tuple 18832 is sampled.
Tuple 18832 is labeled.
Tuple 6947 is sampled.
Tuple 6947 is labeled.
Tuple 18781 is sampled.
Tuple 18781 is labeled.
Tuple 4021 is sampled.
Tuple 4021 is labeled.
Tuple 17933 is sampled.
Tuple 17933 is labeled.
Tuple 141 is sampled.
Tuple 141 is labeled.
Tuple 14067 is sampled.
Tuple 14067 is labeled.
Tuple 2637 is sampled.
Tuple 2637 is labeled.
Tuple 13087 is sampled.
Tuple 13087 is labeled.
The number of labeled data cells increased from 320 to 294493.
A classifier is trained and applied on column 0.
A classifier is trained and applied on column 1.
A classifier is trained and applied on column 2.
A classifier is trained and applied on column 3.
A classifier is trained and applied on column 4.
A classifier is trained and applied on column 5.
A classifier is trained and applied on column 6.
A classifier is trained and applied on column 7.
A classifier is trained and applied on column 8.
A classifier is trained and applied on column 9.
A classifier is trained and applied on column 10.
A classifier is trained and applied on column 11.
A classifier is trained and applied on column 12.
A classifier is trained and applied on column 13.
A classifier is trained and applied on column 14.
A classifier is trained and applied on column 15.
  RAHA 检测结果: 1552 个单元格
  Precision=0.1611  Recall=0.3102  F1=0.2120
  RAHA 标注行数: 20 (labeling_budget=20)
  [行分块 2] 检测: 1552 个, 标注行: 20 个
  [行分块 3/3] 行 40000~45221 (5222 行)
553 strategy profiles are collected.
16 Features are generated for column 0.
30 Features are generated for column 1.
62 Features are generated for column 2.
59 Features are generated for column 3.
55 Features are generated for column 4.
23 Features are generated for column 5.
47 Features are generated for column 6.
65 Features are generated for column 7.
47 Features are generated for column 8.
59 Features are generated for column 9.
16 Features are generated for column 10.
68 Features are generated for column 11.
69 Features are generated for column 12.
65 Features are generated for column 13.
93 Features are generated for column 14.
24 Features are generated for column 15.
A hierarchical clustering model is built for column 0.
A hierarchical clustering model is built for column 1.
A hierarchical clustering model is built for column 2.
A hierarchical clustering model is built for column 3.
A hierarchical clustering model is built for column 4.
A hierarchical clustering model is built for column 5.
A hierarchical clustering model is built for column 6.
A hierarchical clustering model is built for column 7.
A hierarchical clustering model is built for column 8.
A hierarchical clustering model is built for column 9.
A hierarchical clustering model is built for column 10.
A hierarchical clustering model is built for column 11.
A hierarchical clustering model is built for column 12.
A hierarchical clustering model is built for column 13.
A hierarchical clustering model is built for column 14.
A hierarchical clustering model is built for column 15.
Tuple 5091 is sampled.
Tuple 5091 is labeled.
Tuple 2972 is sampled.
Tuple 2972 is labeled.
Tuple 159 is sampled.
Tuple 159 is labeled.
Tuple 3166 is sampled.
Tuple 3166 is labeled.
Tuple 197 is sampled.
Tuple 197 is labeled.
Tuple 4206 is sampled.
Tuple 4206 is labeled.
Tuple 1212 is sampled.
Tuple 1212 is labeled.
Tuple 505 is sampled.
Tuple 505 is labeled.
Tuple 3533 is sampled.
Tuple 3533 is labeled.
Tuple 77 is sampled.
Tuple 77 is labeled.
Tuple 3378 is sampled.
Tuple 3378 is labeled.
Tuple 4723 is sampled.
Tuple 4723 is labeled.
Tuple 3151 is sampled.
Tuple 3151 is labeled.
Tuple 1689 is sampled.
Tuple 1689 is labeled.
Tuple 3056 is sampled.
Tuple 3056 is labeled.
Tuple 2205 is sampled.
Tuple 2205 is labeled.
Tuple 156 is sampled.
Tuple 156 is labeled.
Tuple 1373 is sampled.
Tuple 1373 is labeled.
Tuple 2485 is sampled.
Tuple 2485 is labeled.
Tuple 2146 is sampled.
Tuple 2146 is labeled.
The number of labeled data cells increased from 320 to 78535.
A classifier is trained and applied on column 0.
A classifier is trained and applied on column 1.
A classifier is trained and applied on column 2.
A classifier is trained and applied on column 3.
A classifier is trained and applied on column 4.
A classifier is trained and applied on column 5.
A classifier is trained and applied on column 6.
A classifier is trained and applied on column 7.
A classifier is trained and applied on column 8.
A classifier is trained and applied on column 9.
A classifier is trained and applied on column 10.
A classifier is trained and applied on column 11.
A classifier is trained and applied on column 12.
A classifier is trained and applied on column 13.
A classifier is trained and applied on column 14.
A classifier is trained and applied on column 15.
  RAHA 检测结果: 0 个单元格
  Precision=0.0000  Recall=0.0000  F1=0.0000
  RAHA 标注行数: 20 (labeling_budget=20)
  [行分块 3] 检测: 0 个, 标注行: 20 个
  [行分块] 合并结果: 5623 个检测, 60 个标注行
  RAHA 标签错误: 5623 行
  句法错误(RAHA): 0 个
  CFD 规则检测: 1103 个标签错误
  语义错误: 0 个 (FD+DOMAIN+CFD)
  标签噪声: 6426 个 (NaN=0, 规则=6426)

  检测总结: 6426 个错误 (缺失=0, 句法=0, 语义=0, 标签噪声=6426)
  模型已保存: /Users/qianzekai/PycharmProjects/TolerDM/results/demandclean/adult/v8_auto_plain_two/model/v8_auto_plain_two_agent.pt
  训练历史已保存: /Users/qianzekai/PycharmProjects/TolerDM/results/demandclean/adult/v8_auto_plain_two/report/v8_auto_plain_two_history.json

[Step 3] 推理 (模式: two_phase)...
  缺失值: 0 个
  [RAHA] 使用缓存结果: 5623 个单元格
  RAHA 标签错误: 5623 行
  句法错误(RAHA): 0 个
  CFD 规则检测: 1103 个标签错误
  语义错误: 0 个 (FD+DOMAIN+CFD)
  标签噪声: 6426 个 (NaN=0, 规则=6426)

  检测总结: 6426 个错误 (缺失=0, 句法=0, 语义=0, 标签噪声=6426)

============================================================
两阶段推理 - 第一阶段 (Plan)
============================================================
  算法: DQN (Single Stage)
  任务类型: classification
  下游模型: random_forest
  检测到的错误: 6426 个 (missing=0, semantic=0, syntactic=0, label=6426)

  推理进度: [====================] 6426/6426

  动作分布 (共 6426 个错误):
    no_action             6426 (100.0%) ████████████████████████████████████████
    repair_value(计划)         0 (  0.0%) 
    delete                   0 (  0.0%) 
    replace_nearby           0 (  0.0%) 

  需要用户提供 0 个真值
  修复计划: 需要 0 个真值

============================================================
两阶段推理 - 第二阶段 (Execute)
============================================================
  提供的真值数量: 0
  计划修复数量: 0

  执行结果:
    成功匹配真值: 0 / 0
    删除行数: 0
    最终数据行数: 45222
  真值使用: 0
  清洗后数据已保存: /Users/qianzekai/PycharmProjects/TolerDM/results/demandclean/adult/v8_auto_plain_two/data/v8_auto_plain_two_cleaned.csv
  原始格式清洗数据已保存: /Users/qianzekai/PycharmProjects/TolerDM/results/demandclean/adult/v8_auto_plain_two/data/v8_auto_plain_two_cleaned_original.csv

[Step 4] 检测器准确率评估...
  缺失值: 0 个
  [RAHA] 使用缓存结果: 5623 个单元格
  RAHA 标签错误: 5623 行
  句法错误(RAHA): 0 个
  CFD 规则检测: 1103 个标签错误
  语义错误: 0 个 (FD+DOMAIN+CFD)
  标签噪声: 6426 个 (NaN=0, 规则=6426)

  检测总结: 6426 个错误 (缺失=0, 句法=0, 语义=0, 标签噪声=6426)

============================================================
检测器准确率评估
============================================================
真实错误总数: 0 (缺失: 0, 值错误: 0)
检测报告总数: 0 (missing: 0, syntactic: 0, semantic: 0)
------------------------------------------------------------

  [总体]
    Precision = 0.0000  |  Recall = 0.0000  |  F1 = 0.0000
    TP=0  FP=0  FN=0  (GT=0, Det=0)

  [缺失值 (missing)]
    Precision = 0.0000  |  Recall = 0.0000  |  F1 = 0.0000
    TP=0  FP=0  FN=0  (GT=0, Det=0)

  [句法错误 (syntactic)]
    Precision = 0.0000  |  Recall = 0.0000  |  F1 = 0.0000
    TP=0  FP=0  FN=0  (GT=0, Det=0)

  [语义错误 (semantic)]
    Precision = 0.0000  |  Recall = 0.0000  |  F1 = 0.0000
    TP=0  FP=0  FN=0  (GT=0, Det=0)

  [值错误合并 (syntactic+semantic)]
    Precision = 0.0000  |  Recall = 0.0000  |  F1 = 0.0000
    TP=0  FP=0  FN=0  (GT=0, Det=0)

[Step 5] Baseline 评估与可视化...
  DeleteFix: 删除 6426 行, 保留 38796 行

============================================================
Baseline 对比评估 - v8_auto_plain_two
============================================================
  NoFix          : rf_accuracy=0.8165 | rf_f1=0.8095 | lr_accuracy=0.7886 | lr_f1=0.7685
  DeleteAll      : rf_accuracy=0.8165 | rf_f1=0.8095 | lr_accuracy=0.7886 | lr_f1=0.7685
  DeleteFix      : rf_accuracy=0.8563 | rf_f1=0.8502 | lr_accuracy=0.8363 | lr_f1=0.8199
  ReplaceAll     : rf_accuracy=0.8165 | rf_f1=0.8095 | lr_accuracy=0.7886 | lr_f1=0.7685
  DemandClean    : rf_accuracy=0.8165 | rf_f1=0.8095 | lr_accuracy=0.7886 | lr_f1=0.7685
  FullFix        : rf_accuracy=0.8551 | rf_f1=0.851 | lr_accuracy=0.8211 | lr_f1=0.8057
  [可视化] Baseline 对比图已保存: /Users/qianzekai/PycharmProjects/TolerDM/results/demandclean/adult/v8_auto_plain_two/visualization/v8_auto_plain_two_baseline_comparison.png

[Step 6] 模型容忍度评估...
============================================================
模型容忍度计算 - v8_auto_plain_two
任务类型: classification  |  模型列表: ['rf', 'lr']
============================================================

--- 模型: RF ---
  P_clean  = 0.8551
  P_dirty  = 0.8551
  P_dc     = 0.8551
  先验容忍度 (P_dc / P_dirty)            = 1.0000
  后验容忍度 (P_dc-P_dirty)/(P_clean-P_dirty) = 1.0000

--- 模型: LR ---
  P_clean  = 0.8211
  P_dirty  = 0.8211
  P_dc     = 0.8211
  先验容忍度 (P_dc / P_dirty)            = 1.0000
  后验容忍度 (P_dc-P_dirty)/(P_clean-P_dirty) = 1.0000
  容忍度柱状图已保存: /Users/qianzekai/PycharmProjects/TolerDM/results/demandclean/adult/v8_auto_plain_two/visualization/v8_auto_plain_two_tolerance_bar.png

[Step 7] Shapley 三维度分析...
[Shapley] 大数据集采样: 45222 -> 5000 行 (采样 710/6426 个错误行 (14% 错误率), mc_samples=50)
============================================================
DemandClean - 三维度 Shapley 分析
============================================================
  数据: 5000 行 x 14 列
  (原始数据 45222 行, 已采样至 5000 行)
  错误数: 710
  错误分布: {'unknown': 710}
  输出目录: /Users/qianzekai/PycharmProjects/TolerDM/results/demandclean/adult/v8_auto_plain_two/evaluation/shapley

[Shapley] 维度1: 动作重要性 (精确枚举 4!=24 排列) ...
[Shapley] 图表已保存: /Users/qianzekai/PycharmProjects/TolerDM/results/demandclean/adult/v8_auto_plain_two/evaluation/shapley/shapley_action_importance.png
  动作重要性 Shapley 值:
    no_action           : +0.000000
    repair_value        : +0.000000
    delete              : +0.000000
    replace_nearby      : +0.000000

[Shapley] 维度2: 跳过特征 Shapley（计算量过大，仅保留维度1和维度3）
[Shapley] 维度3: 错误类型重要性 (精确枚举 1!=1 排列) ...
[Shapley] 图表已保存: /Users/qianzekai/PycharmProjects/TolerDM/results/demandclean/adult/v8_auto_plain_two/evaluation/shapley/shapley_error_type_importance.png
  错误类型重要性 Shapley 值:
    label_noise         : +0.000000

[Shapley] JSON 结果已保存: /Users/qianzekai/PycharmProjects/TolerDM/results/demandclean/adult/v8_auto_plain_two/evaluation/shapley/shapley_results.json
[Shapley] Markdown 报告已保存: /Users/qianzekai/PycharmProjects/TolerDM/results/demandclean/adult/v8_auto_plain_two/evaluation/shapley/shapley_report.md

============================================================
Shapley 分析完成!
============================================================
# Shapley Value Analysis Report

- 数据规模: 5000 行 × 14 列
- 错误总数: 710
- 任务类型: classification (random_forest)
- MC 采样次数: 50

## 维度 1: 动作重要性 (Action Importance)

| 排名 | 动作 | Shapley 值 | 占比 | 方向 |
|------|------|-----------|------|------|
| 1 | no_action | +0.000000 | 0.0% | — 无影响 |
| 2 | repair_value | +0.000000 | 0.0% | — 无影响 |
| 3 | delete | +0.000000 | 0.0% | — 无影响 |
| 4 | replace_nearby | +0.000000 | 0.0% | — 无影响 |

**结论**: 最有效的清洗动作是 **no_action**

## 维度 2: 特征重要性 (Feature Importance)

| 排名 | 特征 | Shapley 值 | 占比 | 清洗价值 |
|------|------|-----------|------|---------|
| 1 | age | +0.000000 | 0.0% | — 可忽略 |
| 2 | workclass | +0.000000 | 0.0% | — 可忽略 |
| 3 | fnlwgt | +0.000000 | 0.0% | — 可忽略 |
| 4 | education | +0.000000 | 0.0% | — 可忽略 |
| 5 | educational_num | +0.000000 | 0.0% | — 可忽略 |
| 6 | marital_status | +0.000000 | 0.0% | — 可忽略 |
| 7 | occupation | +0.000000 | 0.0% | — 可忽略 |
| 8 | relationship | +0.000000 | 0.0% | — 可忽略 |
| 9 | race | +0.000000 | 0.0% | — 可忽略 |
| 10 | gender | +0.000000 | 0.0% | — 可忽略 |
| 11 | capital_gain | +0.000000 | 0.0% | — 可忽略 |
| 12 | capital_loss | +0.000000 | 0.0% | — 可忽略 |
| 13 | hours_per_week | +0.000000 | 0.0% | — 可忽略 |
| 14 | native_country | +0.000000 | 0.0% | — 可忽略 |

**结论**: 
- 清洗价值极低的特征: age, workclass, fnlwgt（清洗它们几乎不影响性能）

## 维度 3: 错误类型重要性 (Error Type Importance)

| 排名 | 错误类型 | Shapley 值 | 占比 | 优先级 |
|------|---------|-----------|------|--------|
| 1 | label_noise | +0.000000 | 0.0% | 🟢 低 |

**结论**: 对下游性能影响最大的错误类型是 **label_noise**，检测器应优先识别此类错误。

## 综合清洗建议



  输出文件:
    /Users/qianzekai/PycharmProjects/TolerDM/results/demandclean/adult/v8_auto_plain_two/evaluation/shapley/shapley_action_importance.png
    /Users/qianzekai/PycharmProjects/TolerDM/results/demandclean/adult/v8_auto_plain_two/evaluation/shapley/shapley_feature_importance.png
    /Users/qianzekai/PycharmProjects/TolerDM/results/demandclean/adult/v8_auto_plain_two/evaluation/shapley/shapley_error_type_importance.png
    /Users/qianzekai/PycharmProjects/TolerDM/results/demandclean/adult/v8_auto_plain_two/evaluation/shapley/shapley_results.json
    /Users/qianzekai/PycharmProjects/TolerDM/results/demandclean/adult/v8_auto_plain_two/evaluation/shapley/shapley_report.md
============================================================

[Step 8] 训练曲线可视化...
  [可视化] 训练曲线已保存: /Users/qianzekai/PycharmProjects/TolerDM/results/demandclean/adult/v8_auto_plain_two/visualization/v8_auto_plain_two_training_curves.png

[Step 9] Clean4MLBaseline 统一测评...
======================================================================
Clean4MLBaseline 统一测评 - v8_auto_plain_two
======================================================================

[1/5] 传统清洗指标
--------------------------------------------------
差异文件已保存到:
/Users/qianzekai/PycharmProjects/TolerDM/results/demandclean/adult/v8_auto_plain_two/evaluation/v8_auto_plain_two_clean_vs_dirty.csv
/Users/qianzekai/PycharmProjects/TolerDM/results/demandclean/adult/v8_auto_plain_two/evaluation/v8_auto_plain_two_dirty_vs_cleaned.csv
/Users/qianzekai/PycharmProjects/TolerDM/results/demandclean/adult/v8_auto_plain_two/evaluation/v8_auto_plain_two_clean_vs_cleaned.csv
修复错误数据文件已保存到: /Users/qianzekai/PycharmProjects/TolerDM/results/demandclean/adult/v8_auto_plain_two/evaluation/v8_auto_plain_two_repair_errors.csv
未修复但是应该修复数据文件已保存到: /Users/qianzekai/PycharmProjects/TolerDM/results/demandclean/adult/v8_auto_plain_two/evaluation/v8_auto_plain_two_unrepaired.csv
修复准确率: 0.0, 修复召回率: 0.0, F1值: 0.0
========================================
EDR 结果已保存到: /Users/qianzekai/PycharmProjects/TolerDM/results/demandclean/adult/v8_auto_plain_two/evaluation/v8_auto_plain_two_edr_evaluation.txt
错误减少率 (EDR): -1.2774838330393885
========================================
混合距离结果已保存到: /Users/qianzekai/PycharmProjects/TolerDM/results/demandclean/adult/v8_auto_plain_two/evaluation/v8_auto_plain_two_hybrid_distance_evaluation.txt
混合距离 (Hybrid Distance): 0.01108567977217442
========================================
R-EDR 结果已保存到: /Users/qianzekai/PycharmProjects/TolerDM/results/demandclean/adult/v8_auto_plain_two/evaluation/v8_auto_plain_two_record_based_edr_evaluation.txt
基于条目的错误减少率 (R-EDR): -1.216931216931217
========================================

[2/5] 下游任务性能 (classification)
--------------------------------------------------
RF - Accuracy: 0.8494, F1: 0.8473, Precision: 0.8460, Recall: 0.8494
LR - Accuracy: 0.8222, F1: 0.8093, Precision: 0.8106, Recall: 0.8222
SVM - Accuracy: 0.8491, F1: 0.8419, Precision: 0.8420, Recall: 0.8491
KNN - Accuracy: 0.8190, F1: 0.8180, Precision: 0.8172, Recall: 0.8190
DT - Accuracy: 0.7686, F1: 0.7755, Precision: 0.7863, Recall: 0.7686
GB - Accuracy: 0.8663, F1: 0.8608, Precision: 0.8612, Recall: 0.8663

[3/5] 模型容忍度
--------------------------------------------------

容忍度计算结果:
  P_do_nothing (脏数据性能): 0.8505
  P_demand_clean (清洗后性能): 0.8505
  P_repair_all (完全修复性能): 0.8543
  先验容忍度 (Tolerance_prior): 1.0000
  后验容忍度 (Tolerance_post): 0.0000

[4/5] Snoopy上界评估
--------------------------------------------------
Snoopy模块可用，正在评估数据质量上界...
  脏数据上界: 0.8184
  清洗后上界: 0.8184
  干净数据上界: 0.8523
  上界提升比例: 0.0000

[5/5] 真值使用成本
--------------------------------------------------
  方法类型: Type 2 (需验证集)
  实际真值使用: 0
  理想最小成本: 0
  总修改单元格: 316554
  正确修复: 0
  错误修复: 316554

======================================================================
测评完成，结果已保存到: /Users/qianzekai/PycharmProjects/TolerDM/results/demandclean/adult/v8_auto_plain_two/evaluation/v8_auto_plain_two_evaluation_results.txt
======================================================================
  统一测评完成，结果已保存到: /Users/qianzekai/PycharmProjects/TolerDM/results/demandclean/adult/v8_auto_plain_two/v8_auto_plain_two_evaluation_results.txt

[Step 10] 真值成本汇总...
  RAHA 检测成本: 60
  Agent 修复成本: 0
  总成本: 60 / 633108 cells = 0.0095%

  [输出] 报告已保存: /Users/qianzekai/PycharmProjects/TolerDM/results/demandclean/adult/v8_auto_plain_two/report/v8_auto_plain_two_report.json

  版本 v8_auto_plain_two 完成! 耗时: 5615.70s
  输出目录: /Users/qianzekai/PycharmProjects/TolerDM/results/demandclean/adult/v8_auto_plain_two

======================================================================
跨版本对比分析 - adult
======================================================================

============================================================
跨版本对比分析 - adult
============================================================

对比表格 (6 行):
               version model  P_clean  P_dirty     P_dc  tolerance_prior  tolerance_post
v5_auto_dueling_single    rf 0.855058 0.855058 0.650525         0.760796             1.0
v5_auto_dueling_single    lr 0.821117 0.821117 0.756440         0.921233             1.0
  v7_auto_plain_single    rf 0.855058 0.855058 0.855058         1.000000             1.0
  v7_auto_plain_single    lr 0.821117 0.821117 0.821117         1.000000             1.0
     v8_auto_plain_two    rf 0.855058 0.855058 0.855058         1.000000             1.0
     v8_auto_plain_two    lr 0.821117 0.821117 0.821117         1.000000             1.0

  对比表格已保存: /Users/qianzekai/PycharmProjects/TolerDM/results/demandclean/adult/adult_version_comparison.csv
  对比柱状图已保存: /Users/qianzekai/PycharmProjects/TolerDM/results/demandclean/adult/adult_version_comparison.png
  跨版本对比已保存到: /Users/qianzekai/PycharmProjects/TolerDM/results/demandclean/adult
  汇总表格已保存: /Users/qianzekai/PycharmProjects/TolerDM/results/demandclean/adult/adult_all_versions_summary.csv

               version detector             agent    inference  truth_cost  elapsed_time  raha_cost  total_cost  cost_ratio  dc_accuracy  dc_f1  tol_prior  tol_post
v5_auto_dueling_single     auto dueling_two_stage single_phase         992       5842.62         60        1052    0.001662       0.8905 0.8864   0.760796       1.0
  v7_auto_plain_single     auto      single_stage single_phase        4233       4914.45         60        4293    0.006781       0.8404 0.8361   1.000000       1.0
     v8_auto_plain_two     auto      single_stage    two_phase           0       5615.70         60          60    0.000095       0.8165 0.8095   1.000000       1.0
  跨版本对比图已保存: /Users/qianzekai/PycharmProjects/TolerDM/results/demandclean/adult/adult_all_versions_comparison.png

######################################################################
# 数据集: bike
######################################################################
  数据集: bike
  脏数据: (17379, 15), 干净数据: (17379, 15)
  特征列: 15, 标签列: cnt
  FD规则: 0 条

======================================================================
版本: v5_auto_dueling_single
数据集: bike | 任务: regression | 模型: random_forest
检测器: auto | Agent: dueling_two_stage | 推理: single_phase
训练轮数: 5 | 输出目录: /Users/qianzekai/PycharmProjects/TolerDM/results/demandclean/bike/v5_auto_dueling_single
======================================================================

[Step 1] 创建 DemandClean 实例...

[Step 2] 训练 (5 episodes)...

[AutoDetector] 初始化
  RAHA 来源: pip:raha
  RAHA 可用: True
  CSV 路径: /Users/qianzekai/PycharmProjects/TolerDM/data/bike/dirty_index.csv
  FD 规则: 1 条
  规则文件: /Users/qianzekai/PycharmProjects/TolerDM/data/bike/rules.txt
  规则摘要: ParsedRules(DOMAIN=15, FD=1, STAT=1)
  缺失值: 0 个

[检测] 在原始 CSV 上运行 RAHA (labeling_budget=20)...
  [RAHA] 数据规模: 17379 行 × 17 列
506 strategy profiles are collected.
51 Features are generated for column 0.
57 Features are generated for column 1.
67 Features are generated for column 2.
77 Features are generated for column 3.
72 Features are generated for column 4.
67 Features are generated for column 5.
67 Features are generated for column 6.
77 Features are generated for column 7.
77 Features are generated for column 8.
77 Features are generated for column 9.
72 Features are generated for column 10.
72 Features are generated for column 11.
72 Features are generated for column 12.
72 Features are generated for column 13.
62 Features are generated for column 14.
67 Features are generated for column 15.
54 Features are generated for column 16.
A hierarchical clustering model is built for column 0.
A hierarchical clustering model is built for column 1.
A hierarchical clustering model is built for column 2.
A hierarchical clustering model is built for column 3.
A hierarchical clustering model is built for column 4.
A hierarchical clustering model is built for column 5.
A hierarchical clustering model is built for column 6.
A hierarchical clustering model is built for column 7.
A hierarchical clustering model is built for column 8.
A hierarchical clustering model is built for column 9.
A hierarchical clustering model is built for column 10.
A hierarchical clustering model is built for column 11.
A hierarchical clustering model is built for column 12.
A hierarchical clustering model is built for column 13.
A hierarchical clustering model is built for column 14.
A hierarchical clustering model is built for column 15.
A hierarchical clustering model is built for column 16.
Tuple 2810 is sampled.
Tuple 2810 is labeled.
Tuple 5933 is sampled.
Tuple 5933 is labeled.
Tuple 13229 is sampled.
Tuple 13229 is labeled.
Tuple 13088 is sampled.
Tuple 13088 is labeled.
Tuple 10705 is sampled.
Tuple 10705 is labeled.
Tuple 8106 is sampled.
Tuple 8106 is labeled.
Tuple 2676 is sampled.
Tuple 2676 is labeled.
Tuple 16173 is sampled.
Tuple 16173 is labeled.
Tuple 7947 is sampled.
Tuple 7947 is labeled.
Tuple 15166 is sampled.
Tuple 15166 is labeled.
Tuple 11806 is sampled.
Tuple 11806 is labeled.
Tuple 3714 is sampled.
Tuple 3714 is labeled.
Tuple 11745 is sampled.
Tuple 11745 is labeled.
Tuple 11724 is sampled.
Tuple 11724 is labeled.
Tuple 15616 is sampled.
Tuple 15616 is labeled.
Tuple 13514 is sampled.
Tuple 13514 is labeled.
Tuple 6891 is sampled.
Tuple 6891 is labeled.
Tuple 183 is sampled.
Tuple 183 is labeled.
Tuple 2406 is sampled.
Tuple 2406 is labeled.
Tuple 13376 is sampled.
Tuple 13376 is labeled.
The number of labeled data cells increased from 340 to 263596.
A classifier is trained and applied on column 0.
A classifier is trained and applied on column 1.
A classifier is trained and applied on column 2.
A classifier is trained and applied on column 3.
A classifier is trained and applied on column 4.
A classifier is trained and applied on column 5.
A classifier is trained and applied on column 6.
A classifier is trained and applied on column 7.
A classifier is trained and applied on column 8.
A classifier is trained and applied on column 9.
A classifier is trained and applied on column 10.
A classifier is trained and applied on column 11.
A classifier is trained and applied on column 12.
A classifier is trained and applied on column 13.
A classifier is trained and applied on column 14.
A classifier is trained and applied on column 15.
A classifier is trained and applied on column 16.
  RAHA 检测结果: 45122 个单元格
  Precision=0.9399  Recall=0.9569  F1=0.9483
  RAHA 标注行数: 20 (labeling_budget=20)
  句法错误(RAHA): 45122 个
  FD 规则检测: 4934 个语义错误
  DOMAIN 规则检测: 597 个语义错误 (特征列)
  语义错误: 5531 个 (FD+DOMAIN)
  标签噪声: 0 个 (NaN=0, 规则=0)

  检测总结: 50653 个错误 (缺失=0, 句法=45122, 语义=5531, 标签噪声=0)
  模型已保存: /Users/qianzekai/PycharmProjects/TolerDM/results/demandclean/bike/v5_auto_dueling_single/model/v5_auto_dueling_single_agent.pt
  训练历史已保存: /Users/qianzekai/PycharmProjects/TolerDM/results/demandclean/bike/v5_auto_dueling_single/report/v5_auto_dueling_single_history.json

[Step 3] 推理 (模式: single_phase)...
  缺失值: 0 个
  [RAHA] 使用缓存结果: 45122 个单元格
  句法错误(RAHA): 45122 个
  FD 规则检测: 4934 个语义错误
  DOMAIN 规则检测: 597 个语义错误 (特征列)
  语义错误: 5531 个 (FD+DOMAIN)
  标签噪声: 0 个 (NaN=0, 规则=0)

  检测总结: 50653 个错误 (缺失=0, 句法=45122, 语义=5531, 标签噪声=0)

============================================================
单阶段推理
============================================================
  算法: Dueling Double DQN (Two Stage)
  任务类型: regression
  下游模型: random_forest
  检测到的错误: 50576 个 (missing=0, semantic=5527, syntactic=45049, label=0)

  推理进度: [====================] 50576/50576

  动作分布 (共 42145 个错误):
    no_action        33776 ( 80.1%) ████████████████████████████████
    repair_value      1038 (  2.5%) 
    delete            5957 ( 14.1%) █████
    replace_nearby    1374 (  3.3%) █

  修复明细 (repair_value): 共 1038 条
    行        列      脏值           → 修复值          错误类型      
    -------------------------------------------------------
    16432    8      -4.1420      → -0.6652      syntactic 
    17179    9      6.9576       → -0.8153      syntactic 
    15313    11     3.9838       → 1.0510       syntactic 
    16814    7      2.4548       → -1.4669      syntactic 
    16993    12     -3.9017      → 0.0319       syntactic 
    16916    7      -1.8328      → 0.6817       syntactic 
    17075    12     -5.8669      → -0.8215      syntactic 
    15857    9      -0.8955      → 0.1195       syntactic 
    15986    10     -1.4013      → -0.7406      syntactic 
    16219    8      -2.6916      → -0.6652      syntactic 
    16898    8      -6.9947      → -0.6652      syntactic 
    16240    7      0.6817       → 0.6817       syntactic 
    15662    12     3.6797       → -0.2117      syntactic 
    17363    10     4.9580       → -1.8870      syntactic 
    16914    11     -2.5068      → -1.0741      syntactic 
    17152    5      179.2962     → -0.1721      syntactic 
    16133    12     2.5745       → -0.8215      syntactic 
    15867    10     4.0017       → 0.0525       syntactic 
    15810    12     -6.7864      → -0.4561      syntactic 
    16097    10     -4.7134      → -0.8291      syntactic 
    16155    11     3.0810       → 0.1699       syntactic 
    16788    11     1.7823       → 0.9474       syntactic 
    16240    6      4.9367       → -0.0018      syntactic 
    15736    10     -7.7990      → -0.0354      syntactic 
    17079    8      -1.2651      → -0.6652      syntactic 
    16911    10     1.1564       → -1.0054      syntactic 
    17080    12     -0.7499      → 0.2763       syntactic 
    16982    5      125.4557     → -0.1721      syntactic 
    17345    5      328.8531     → -0.1721      syntactic 
    16802    11     2.7303       → 1.5694       syntactic 
    ... 省略 1008 条

  替换明细 (replace_nearby): 共 1374 条
    行        列      脏值           → 替换值          错误类型      
    -------------------------------------------------------
    15557    0      0.9899       → 0.9818       syntactic 
    16610    0      1.0665       → 1.0147       syntactic 
    15988    5      532.2504     → 5.8102       syntactic 
    15330    0      0.9352       → 0.9802       syntactic 
    16846    5      101.5266     → 5.8102       syntactic 
    16434    0      1.0282       → -0.2932      syntactic 
    15566    0      0.9899       → 0.9772       syntactic 
    16078    0      0.9461       → 0.9960       syntactic 
    15474    0      0.9680       → 1.0187       syntactic 
    17178    5      520.2859     → 5.8102       syntactic 
    14200    0      1.0118       → 1.8152       syntactic 
    16178    0      0.9680       → 0.9671       syntactic 
    16324    0      1.0009       → -0.1749      syntactic 
    14033    9      2.3291       → -0.4720      syntactic 
    15400    0      0.9516       → 1.6747       syntactic 
    15018    7      -1.4669      → 0.3081       syntactic 
    15957    0      0.9188       → 0.9636       syntactic 
    14680    5      430.5517     → 5.8102       syntactic 
    16531    0      1.0501       → -0.9877      syntactic 
    14070    0      0.9844       → 0.9874       syntactic 
    16814    5      233.1366     → 0.9723       syntactic 
    15963    0      0.9188       → 1.7977       syntactic 
    16595    1      111.8720     → 1.3537       syntactic 
    16936    1      1.3537       → -0.9202      semantic  
    16335    5      322.8708     → 5.8102       syntactic 
    15592    12     0.2208       → -0.1004      syntactic 
    14117    8      -4.6738      → -0.3920      syntactic 
    15270    0      0.9242       → 1.0026       syntactic 
    13902    12     -0.8975      → -0.0963      syntactic 
    16027    0      0.9352       → 0.9953       syntactic 
    ... 省略 1344 条

  删除明细 (delete): 共 5957 条
    行        列      脏值           错误类型      
    ----------------------------------------
    2507     13     -0.4057      syntactic 
    3367     13     -4.5807      syntactic 
    5948     5      29.7393      semantic  
    6357     10     5.4683       syntactic 
    11689    14     2.7909       syntactic 
    11675    14     -1.1546      syntactic 
    11683    13     1.3818       syntactic 
    7198     14     -0.1811      syntactic 
    4055     10     -4.0216      syntactic 
    12872    13     -4.7722      syntactic 
    15973    14     -0.5776      syntactic 
    2843     5      29.7393      semantic  
    5238     1      0.4502       semantic  
    15846    13     5.6340       syntactic 
    6278     1      1.3537       semantic  
    683      14     1.5885       syntactic 
    11650    14     1.1522       syntactic 
    11242    14     1.7565       syntactic 
    2040     11     -0.9234      syntactic 
    5825     1      0.4502       semantic  
    4592     1      0.4502       semantic  
    9429     13     7.9391       syntactic 
    3899     14     -1.9828      syntactic 
    96       7      0.6817       syntactic 
    5        11     5.8129       syntactic 
    937      12     1.4867       syntactic 
    10422    14     4.6000       syntactic 
    4114     1      0.4502       semantic  
    7124     5      47.6861      semantic  
    9960     13     1.9020       syntactic 
    ... 省略 5927 条
  真值使用: 1038
  动作分布: {'no_action': 33776, 'repair_value': 1038, 'delete': 5957, 'replace_nearby': 1374}
  清洗后数据已保存: /Users/qianzekai/PycharmProjects/TolerDM/results/demandclean/bike/v5_auto_dueling_single/data/v5_auto_dueling_single_cleaned.csv
  原始格式清洗数据已保存: /Users/qianzekai/PycharmProjects/TolerDM/results/demandclean/bike/v5_auto_dueling_single/data/v5_auto_dueling_single_cleaned_original.csv

[Step 4] 检测器准确率评估...
  缺失值: 0 个
  [RAHA] 使用缓存结果: 45122 个单元格
  句法错误(RAHA): 45122 个
  FD 规则检测: 4934 个语义错误
  DOMAIN 规则检测: 597 个语义错误 (特征列)
  语义错误: 5531 个 (FD+DOMAIN)
  标签噪声: 0 个 (NaN=0, 规则=0)

  检测总结: 50653 个错误 (缺失=0, 句法=45122, 语义=5531, 标签噪声=0)

============================================================
检测器准确率评估
============================================================
真实错误总数: 44324 (缺失: 0, 值错误: 44324)
检测报告总数: 50653 (missing: 0, syntactic: 45122, semantic: 5531)
------------------------------------------------------------

  [总体]
    Precision = 0.8566  |  Recall = 0.9789  |  F1 = 0.9136
    TP=43387  FP=7266  FN=937  (GT=44324, Det=50653)

  [缺失值 (missing)]
    Precision = 0.0000  |  Recall = 0.0000  |  F1 = 0.0000
    TP=0  FP=0  FN=0  (GT=0, Det=0)

  [句法错误 (syntactic)]
    Precision = 0.9399  |  Recall = 0.9569  |  F1 = 0.9483
    TP=42412  FP=2710  FN=1912  (GT=44324, Det=45122)

  [语义错误 (semantic)]
    Precision = 0.1763  |  Recall = 0.0220  |  F1 = 0.0391
    TP=975  FP=4556  FN=43349  (GT=44324, Det=5531)

  [值错误合并 (syntactic+semantic)]
    Precision = 0.8566  |  Recall = 0.9789  |  F1 = 0.9136
    TP=43387  FP=7266  FN=937  (GT=44324, Det=50653)

[Step 5] Baseline 评估与可视化...
  DeleteFix: 删除 13904 行, 保留 3475 行

============================================================
Baseline 对比评估 - v5_auto_dueling_single
============================================================
  NoFix          : rf_mse=1367.0748 | rf_r2=0.9568 | ridge_mse=10665.7166 | ridge_r2=0.6632
  DeleteAll      : rf_mse=1367.0748 | rf_r2=0.9568 | ridge_mse=10665.7166 | ridge_r2=0.6632
  DeleteFix      : rf_mse=1529.9925 | rf_r2=0.961 | ridge_mse=5870.2501 | ridge_r2=0.8503
  ReplaceAll     : rf_mse=1367.0748 | rf_r2=0.9568 | ridge_mse=10665.7166 | ridge_r2=0.6632
  DemandClean    : rf_mse=19.0471 | rf_r2=0.9994 | ridge_mse=0.0012 | ridge_r2=1.0
  FullFix        : rf_mse=7.8822 | rf_r2=0.9998 | ridge_mse=0.0005 | ridge_r2=1.0
  [可视化] Baseline 对比图已保存: /Users/qianzekai/PycharmProjects/TolerDM/results/demandclean/bike/v5_auto_dueling_single/visualization/v5_auto_dueling_single_baseline_comparison.png

[Step 6] 模型容忍度评估...
============================================================
模型容忍度计算 - v5_auto_dueling_single
任务类型: regression  |  模型列表: ['rf', 'ridge']
============================================================

--- 模型: RF ---
  P_clean  = 0.9998
  P_dirty  = 0.9967
  P_dc     = -0.2194
  先验容忍度 (P_dc / P_dirty)            = -0.2201
  后验容忍度 (P_dc-P_dirty)/(P_clean-P_dirty) = -393.0072

--- 模型: RIDGE ---
  P_clean  = 1.0000
  P_dirty  = 0.8565
  P_dc     = -0.0473
  先验容忍度 (P_dc / P_dirty)            = -0.0552
  后验容忍度 (P_dc-P_dirty)/(P_clean-P_dirty) = -6.2986
  容忍度柱状图已保存: /Users/qianzekai/PycharmProjects/TolerDM/results/demandclean/bike/v5_auto_dueling_single/visualization/v5_auto_dueling_single_tolerance_bar.png

[Step 7] Shapley 三维度分析...
[Shapley] 大数据集采样: 17379 -> 5005 行 (采样 4905/17051 个错误行 (98% 错误率), mc_samples=50)
============================================================
DemandClean - 三维度 Shapley 分析
============================================================
  数据: 5005 行 x 15 列
  (原始数据 17379 行, 已采样至 5005 行)
  错误数: 14665
  错误分布: {'semantic': 1625, 'syntactic': 13040}
  输出目录: /Users/qianzekai/PycharmProjects/TolerDM/results/demandclean/bike/v5_auto_dueling_single/evaluation/shapley

[Shapley] 维度1: 动作重要性 (精确枚举 4!=24 排列) ...
[Shapley] 图表已保存: /Users/qianzekai/PycharmProjects/TolerDM/results/demandclean/bike/v5_auto_dueling_single/evaluation/shapley/shapley_action_importance.png
  动作重要性 Shapley 值:
    delete              : +1783.399825
    repair_value        : +18.765665
    no_action           : +4.803579
    replace_nearby      : -6.085951

[Shapley] 维度2: 跳过特征 Shapley（计算量过大，仅保留维度1和维度3）
[Shapley] 维度3: 错误类型重要性 (精确枚举 2!=2 排列) ...
[Shapley] 图表已保存: /Users/qianzekai/PycharmProjects/TolerDM/results/demandclean/bike/v5_auto_dueling_single/evaluation/shapley/shapley_error_type_importance.png
  错误类型重要性 Shapley 值:
    syntactic           : +1934.444115
    semantic            : -148.873869

[Shapley] JSON 结果已保存: /Users/qianzekai/PycharmProjects/TolerDM/results/demandclean/bike/v5_auto_dueling_single/evaluation/shapley/shapley_results.json
[Shapley] Markdown 报告已保存: /Users/qianzekai/PycharmProjects/TolerDM/results/demandclean/bike/v5_auto_dueling_single/evaluation/shapley/shapley_report.md

============================================================
Shapley 分析完成!
============================================================
# Shapley Value Analysis Report

- 数据规模: 5005 行 × 15 列
- 错误总数: 14665
- 任务类型: regression (random_forest)
- MC 采样次数: 50

## 维度 1: 动作重要性 (Action Importance)

| 排名 | 动作 | Shapley 值 | 占比 | 方向 |
|------|------|-----------|------|------|
| 1 | delete | +1783.399825 | 98.4% | ↑ 正贡献 |
| 2 | repair_value | +18.765665 | 1.0% | ↑ 正贡献 |
| 3 | no_action | +4.803579 | 0.3% | ↑ 正贡献 |
| 4 | replace_nearby | -6.085951 | 0.3% | ↓ 负贡献 |

**结论**: 最有效的清洗动作是 **delete**
（replace_nearby 对性能有负面影响，建议减少使用）

## 维度 2: 特征重要性 (Feature Importance)

| 排名 | 特征 | Shapley 值 | 占比 | 清洗价值 |
|------|------|-----------|------|---------|
| 1 | dteday | +0.000000 | 0.0% | — 可忽略 |
| 2 | season | +0.000000 | 0.0% | — 可忽略 |
| 3 | yr | +0.000000 | 0.0% | — 可忽略 |
| 4 | mnth | +0.000000 | 0.0% | — 可忽略 |
| 5 | hr | +0.000000 | 0.0% | — 可忽略 |
| 6 | holiday | +0.000000 | 0.0% | — 可忽略 |
| 7 | weekday | +0.000000 | 0.0% | — 可忽略 |
| 8 | workingday | +0.000000 | 0.0% | — 可忽略 |
| 9 | weathersit | +0.000000 | 0.0% | — 可忽略 |
| 10 | temp | +0.000000 | 0.0% | — 可忽略 |
| 11 | atemp | +0.000000 | 0.0% | — 可忽略 |
| 12 | hum | +0.000000 | 0.0% | — 可忽略 |
| 13 | windspeed | +0.000000 | 0.0% | — 可忽略 |
| 14 | casual | +0.000000 | 0.0% | — 可忽略 |
| 15 | registered | +0.000000 | 0.0% | — 可忽略 |

**结论**: 
- 清洗价值极低的特征: dteday, season, yr（清洗它们几乎不影响性能）

## 维度 3: 错误类型重要性 (Error Type Importance)

| 排名 | 错误类型 | Shapley 值 | 占比 | 优先级 |
|------|---------|-----------|------|--------|
| 1 | syntactic | +1934.444115 | 92.9% | 🔴 高 |
| 2 | semantic | -148.873869 | 7.1% | 🟢 低 |

**结论**: 对下游性能影响最大的错误类型是 **syntactic**，检测器应优先识别此类错误。

## 综合清洗建议



  输出文件:
    /Users/qianzekai/PycharmProjects/TolerDM/results/demandclean/bike/v5_auto_dueling_single/evaluation/shapley/shapley_action_importance.png
    /Users/qianzekai/PycharmProjects/TolerDM/results/demandclean/bike/v5_auto_dueling_single/evaluation/shapley/shapley_feature_importance.png
    /Users/qianzekai/PycharmProjects/TolerDM/results/demandclean/bike/v5_auto_dueling_single/evaluation/shapley/shapley_error_type_importance.png
    /Users/qianzekai/PycharmProjects/TolerDM/results/demandclean/bike/v5_auto_dueling_single/evaluation/shapley/shapley_results.json
    /Users/qianzekai/PycharmProjects/TolerDM/results/demandclean/bike/v5_auto_dueling_single/evaluation/shapley/shapley_report.md
============================================================

[Step 8] 训练曲线可视化...
  [可视化] 训练曲线已保存: /Users/qianzekai/PycharmProjects/TolerDM/results/demandclean/bike/v5_auto_dueling_single/visualization/v5_auto_dueling_single_training_curves.png

[Step 9] Clean4MLBaseline 统一测评...
======================================================================
Clean4MLBaseline 统一测评 - v5_auto_dueling_single
======================================================================

[1/5] 传统清洗指标
--------------------------------------------------
差异文件已保存到:
/Users/qianzekai/PycharmProjects/TolerDM/results/demandclean/bike/v5_auto_dueling_single/evaluation/v5_auto_dueling_single_clean_vs_dirty.csv
/Users/qianzekai/PycharmProjects/TolerDM/results/demandclean/bike/v5_auto_dueling_single/evaluation/v5_auto_dueling_single_dirty_vs_cleaned.csv
/Users/qianzekai/PycharmProjects/TolerDM/results/demandclean/bike/v5_auto_dueling_single/evaluation/v5_auto_dueling_single_clean_vs_cleaned.csv
修复错误数据文件已保存到: /Users/qianzekai/PycharmProjects/TolerDM/results/demandclean/bike/v5_auto_dueling_single/evaluation/v5_auto_dueling_single_repair_errors.csv
未修复但是应该修复数据文件已保存到: /Users/qianzekai/PycharmProjects/TolerDM/results/demandclean/bike/v5_auto_dueling_single/evaluation/v5_auto_dueling_single_unrepaired.csv
修复准确率: 0.06667686190549013, 修复召回率: 0.03414920697082436, F1值: 0.04516613571259132
========================================
EDR 结果已保存到: /Users/qianzekai/PycharmProjects/TolerDM/results/demandclean/bike/v5_auto_dueling_single/evaluation/v5_auto_dueling_single_edr_evaluation.txt
错误减少率 (EDR): -0.3150969257881339
========================================
混合距离结果已保存到: /Users/qianzekai/PycharmProjects/TolerDM/results/demandclean/bike/v5_auto_dueling_single/evaluation/v5_auto_dueling_single_hybrid_distance_evaluation.txt
混合距离 (Hybrid Distance): 0.35674447443475094
========================================
R-EDR 结果已保存到: /Users/qianzekai/PycharmProjects/TolerDM/results/demandclean/bike/v5_auto_dueling_single/evaluation/v5_auto_dueling_single_record_based_edr_evaluation.txt
基于条目的错误减少率 (R-EDR): -0.043680891894361695
========================================

[2/5] 下游任务性能 (regression)
--------------------------------------------------
警告: 清洗后数据行数(11422)与干净数据行数(17379)不一致
将使用清洗后数据自身进行评估（行对齐）
通过索引对齐，使用 11422 行数据进行评估
RF - MSE: 19.0471, R2: 0.9994
LR - MSE: 0.0009, R2: 1.0000
RIDGE - MSE: 0.0012, R2: 1.0000
LASSO - MSE: 1.2741, R2: 1.0000
KNN - MSE: 2637.3183, R2: 0.9205
GB - MSE: 33.0889, R2: 0.9990

[3/5] 模型容忍度
--------------------------------------------------

容忍度计算结果:
  P_do_nothing (脏数据性能): 0.8733
  P_demand_clean (清洗后性能): 0.9998
  P_repair_all (完全修复性能): 0.9998
  先验容忍度 (Tolerance_prior): 1.1448
  后验容忍度 (Tolerance_post): 1.0003

[4/5] Snoopy上界评估
--------------------------------------------------
Snoopy模块可用，正在评估数据质量上界...
  脏数据上界: 1825.2803
  清洗后上界: 24.8119
  干净数据上界: 25.4989
  上界提升比例: 1.0004

[5/5] 真值使用成本
--------------------------------------------------
  方法类型: Type 1 (全自动)
  实际真值使用: 1038
  理想最小成本: 872
  总修改单元格: 13078
  正确修复: 872
  错误修复: 12206

======================================================================
测评完成，结果已保存到: /Users/qianzekai/PycharmProjects/TolerDM/results/demandclean/bike/v5_auto_dueling_single/evaluation/v5_auto_dueling_single_evaluation_results.txt
======================================================================
  统一测评完成，结果已保存到: /Users/qianzekai/PycharmProjects/TolerDM/results/demandclean/bike/v5_auto_dueling_single/v5_auto_dueling_single_evaluation_results.txt

[Step 10] 真值成本汇总...
  RAHA 检测成本: 20
  Agent 修复成本: 1038
  总成本: 1058 / 260685 cells = 0.4059%

  [输出] 报告已保存: /Users/qianzekai/PycharmProjects/TolerDM/results/demandclean/bike/v5_auto_dueling_single/report/v5_auto_dueling_single_report.json

  版本 v5_auto_dueling_single 完成! 耗时: 2363.01s
  输出目录: /Users/qianzekai/PycharmProjects/TolerDM/results/demandclean/bike/v5_auto_dueling_single

======================================================================
版本: v7_auto_plain_single
数据集: bike | 任务: regression | 模型: random_forest
检测器: auto | Agent: single_stage | 推理: single_phase
训练轮数: 5 | 输出目录: /Users/qianzekai/PycharmProjects/TolerDM/results/demandclean/bike/v7_auto_plain_single
======================================================================

[Step 1] 创建 DemandClean 实例...

[Step 2] 训练 (5 episodes)...

[AutoDetector] 初始化
  RAHA 来源: pip:raha
  RAHA 可用: True
  CSV 路径: /Users/qianzekai/PycharmProjects/TolerDM/data/bike/dirty_index.csv
  FD 规则: 1 条
  规则文件: /Users/qianzekai/PycharmProjects/TolerDM/data/bike/rules.txt
  规则摘要: ParsedRules(DOMAIN=15, FD=1, STAT=1)
  缺失值: 0 个

[检测] 在原始 CSV 上运行 RAHA (labeling_budget=20)...
  [RAHA] 数据规模: 17379 行 × 17 列
506 strategy profiles are collected.
51 Features are generated for column 0.
57 Features are generated for column 1.
67 Features are generated for column 2.
77 Features are generated for column 3.
72 Features are generated for column 4.
67 Features are generated for column 5.
67 Features are generated for column 6.
77 Features are generated for column 7.
77 Features are generated for column 8.
77 Features are generated for column 9.
72 Features are generated for column 10.
72 Features are generated for column 11.
72 Features are generated for column 12.
72 Features are generated for column 13.
62 Features are generated for column 14.
67 Features are generated for column 15.
54 Features are generated for column 16.
A hierarchical clustering model is built for column 0.
A hierarchical clustering model is built for column 1.
A hierarchical clustering model is built for column 2.
A hierarchical clustering model is built for column 3.
A hierarchical clustering model is built for column 4.
A hierarchical clustering model is built for column 5.
A hierarchical clustering model is built for column 6.
A hierarchical clustering model is built for column 7.
A hierarchical clustering model is built for column 8.
A hierarchical clustering model is built for column 9.
A hierarchical clustering model is built for column 10.
A hierarchical clustering model is built for column 11.
A hierarchical clustering model is built for column 12.
A hierarchical clustering model is built for column 13.
A hierarchical clustering model is built for column 14.
A hierarchical clustering model is built for column 15.
A hierarchical clustering model is built for column 16.
Tuple 16512 is sampled.
Tuple 16512 is labeled.
Tuple 17071 is sampled.
Tuple 17071 is labeled.
Tuple 2222 is sampled.
Tuple 2222 is labeled.
Tuple 14748 is sampled.
Tuple 14748 is labeled.
Tuple 2334 is sampled.
Tuple 2334 is labeled.
Tuple 4305 is sampled.
Tuple 4305 is labeled.
Tuple 15052 is sampled.
Tuple 15052 is labeled.
Tuple 13514 is sampled.
Tuple 13514 is labeled.
Tuple 11268 is sampled.
Tuple 11268 is labeled.
Tuple 1276 is sampled.
Tuple 1276 is labeled.
Tuple 2974 is sampled.
Tuple 2974 is labeled.
Tuple 15588 is sampled.
Tuple 15588 is labeled.
Tuple 16173 is sampled.
Tuple 16173 is labeled.
Tuple 2687 is sampled.
Tuple 2687 is labeled.
Tuple 10979 is sampled.
Tuple 10979 is labeled.
Tuple 2234 is sampled.
Tuple 2234 is labeled.
Tuple 7448 is sampled.
Tuple 7448 is labeled.
Tuple 16020 is sampled.
Tuple 16020 is labeled.
Tuple 183 is sampled.
Tuple 183 is labeled.
Tuple 15059 is sampled.
Tuple 15059 is labeled.
The number of labeled data cells increased from 340 to 269335.
A classifier is trained and applied on column 0.
A classifier is trained and applied on column 1.
A classifier is trained and applied on column 2.
A classifier is trained and applied on column 3.
A classifier is trained and applied on column 4.
A classifier is trained and applied on column 5.
A classifier is trained and applied on column 6.
A classifier is trained and applied on column 7.
A classifier is trained and applied on column 8.
A classifier is trained and applied on column 9.
A classifier is trained and applied on column 10.
A classifier is trained and applied on column 11.
A classifier is trained and applied on column 12.
A classifier is trained and applied on column 13.
A classifier is trained and applied on column 14.
A classifier is trained and applied on column 15.
A classifier is trained and applied on column 16.
  RAHA 检测结果: 37212 个单元格
  Precision=0.9952  Recall=0.8356  F1=0.9084
  RAHA 标注行数: 20 (labeling_budget=20)
  句法错误(RAHA): 37212 个
  FD 规则检测: 4934 个语义错误
  DOMAIN 规则检测: 537 个语义错误 (特征列)
  语义错误: 5471 个 (FD+DOMAIN)
  标签噪声: 0 个 (NaN=0, 规则=0)

  检测总结: 42683 个错误 (缺失=0, 句法=37212, 语义=5471, 标签噪声=0)
  模型已保存: /Users/qianzekai/PycharmProjects/TolerDM/results/demandclean/bike/v7_auto_plain_single/model/v7_auto_plain_single_agent.pt
  训练历史已保存: /Users/qianzekai/PycharmProjects/TolerDM/results/demandclean/bike/v7_auto_plain_single/report/v7_auto_plain_single_history.json

[Step 3] 推理 (模式: single_phase)...
  缺失值: 0 个
  [RAHA] 使用缓存结果: 37212 个单元格
  句法错误(RAHA): 37212 个
  FD 规则检测: 4934 个语义错误
  DOMAIN 规则检测: 537 个语义错误 (特征列)
  语义错误: 5471 个 (FD+DOMAIN)
  标签噪声: 0 个 (NaN=0, 规则=0)

  检测总结: 42683 个错误 (缺失=0, 句法=37212, 语义=5471, 标签噪声=0)

============================================================
单阶段推理
============================================================
  算法: DQN (Single Stage)
  任务类型: regression
  下游模型: random_forest
  检测到的错误: 42600 个 (missing=0, semantic=5467, syntactic=37133, label=0)

  推理进度: [====================] 42600/42600

  动作分布 (共 42600 个错误):
    no_action        36667 ( 86.1%) ██████████████████████████████████
    repair_value      5933 ( 13.9%) █████
    delete               0 (  0.0%) 
    replace_nearby       0 (  0.0%) 

  修复明细 (repair_value): 共 5933 条
    行        列      脏值           → 修复值          错误类型      
    -------------------------------------------------------
    10304    14     -6.4212      → 0.1468       syntactic 
    10041    12     3.7782       → 0.8861       syntactic 
    4361     11     1.1344       → -1.0223      syntactic 
    3157     12     0.7096       → -1.5539      syntactic 
    5605     12     -9.8805      → -1.5539      syntactic 
    8131     13     -0.7864      → 0.1688       syntactic 
    6006     9      5.2201       → 0.8466       syntactic 
    13290    12     4.3840       → 0.2763       syntactic 
    1979     7      4.5696       → 0.6817       syntactic 
    6663     12     5.2265       → -1.5539      syntactic 
    8856     11     1.2791       → 1.2065       syntactic 
    12402    12     -3.1738      → -0.8215      syntactic 
    1165     13     -0.7033      → -0.5816      syntactic 
    4554     14     8.8549       → -0.2364      syntactic 
    5749     12     0.2164       → 0.0319       syntactic 
    6133     13     -6.0410      → -0.5005      syntactic 
    8108     9      -2.4205      → -0.7114      syntactic 
    10044    6      -1.2506      → -0.5004      syntactic 
    12242    14     0.3461       → 2.0826       syntactic 
    16930    14     -6.4732      → -0.8113      syntactic 
    8275     13     3.6708       → -0.5411      syntactic 
    8199     11     3.2345       → 0.8955       syntactic 
    4300     10     -0.9014      → 1.0226       syntactic 
    1530     14     -3.1147      → -1.0029      syntactic 
    2513     9      -2.0890      → 0.2234       syntactic 
    17304    14     2.1696       → -0.5206      syntactic 
    15531    5      29.7393      → -0.1721      semantic  
    8994     11     1.3366       → -1.8517      syntactic 
    144      13     1.0550       → -0.5613      syntactic 
    1068     11     3.4175       → 0.3772       syntactic 
    ... 省略 5903 条
  真值使用: 5933
  动作分布: {'no_action': 36667, 'repair_value': 5933, 'delete': 0, 'replace_nearby': 0}
  清洗后数据已保存: /Users/qianzekai/PycharmProjects/TolerDM/results/demandclean/bike/v7_auto_plain_single/data/v7_auto_plain_single_cleaned.csv
  原始格式清洗数据已保存: /Users/qianzekai/PycharmProjects/TolerDM/results/demandclean/bike/v7_auto_plain_single/data/v7_auto_plain_single_cleaned_original.csv

[Step 4] 检测器准确率评估...
  缺失值: 0 个
  [RAHA] 使用缓存结果: 37212 个单元格
  句法错误(RAHA): 37212 个
  FD 规则检测: 4934 个语义错误
  DOMAIN 规则检测: 537 个语义错误 (特征列)
  语义错误: 5471 个 (FD+DOMAIN)
  标签噪声: 0 个 (NaN=0, 规则=0)

  检测总结: 42683 个错误 (缺失=0, 句法=37212, 语义=5471, 标签噪声=0)

============================================================
检测器准确率评估
============================================================
真实错误总数: 44324 (缺失: 0, 值错误: 44324)
检测报告总数: 42683 (missing: 0, syntactic: 37212, semantic: 5471)
------------------------------------------------------------

  [总体]
    Precision = 0.8891  |  Recall = 0.8562  |  F1 = 0.8723
    TP=37950  FP=4733  FN=6374  (GT=44324, Det=42683)

  [缺失值 (missing)]
    Precision = 0.0000  |  Recall = 0.0000  |  F1 = 0.0000
    TP=0  FP=0  FN=0  (GT=0, Det=0)

  [句法错误 (syntactic)]
    Precision = 0.9952  |  Recall = 0.8356  |  F1 = 0.9084
    TP=37035  FP=177  FN=7289  (GT=44324, Det=37212)

  [语义错误 (semantic)]
    Precision = 0.1672  |  Recall = 0.0206  |  F1 = 0.0368
    TP=915  FP=4556  FN=43409  (GT=44324, Det=5471)

  [值错误合并 (syntactic+semantic)]
    Precision = 0.8891  |  Recall = 0.8562  |  F1 = 0.8723
    TP=37950  FP=4733  FN=6374  (GT=44324, Det=42683)

[Step 5] Baseline 评估与可视化...
  DeleteFix: 删除 13904 行, 保留 3475 行

============================================================
Baseline 对比评估 - v7_auto_plain_single
============================================================
  NoFix          : rf_mse=1367.0748 | rf_r2=0.9568 | ridge_mse=10665.7166 | ridge_r2=0.6632
  DeleteAll      : rf_mse=1367.0748 | rf_r2=0.9568 | ridge_mse=10665.7166 | ridge_r2=0.6632
  DeleteFix      : rf_mse=757.2235 | rf_r2=0.982 | ridge_mse=3504.6808 | ridge_r2=0.9167
  ReplaceAll     : rf_mse=1367.0748 | rf_r2=0.9568 | ridge_mse=10665.7166 | ridge_r2=0.6632
  DemandClean    : rf_mse=104.7236 | rf_r2=0.9967 | ridge_mse=317.4726 | ridge_r2=0.99
  FullFix        : rf_mse=7.8822 | rf_r2=0.9998 | ridge_mse=0.0005 | ridge_r2=1.0
  [可视化] Baseline 对比图已保存: /Users/qianzekai/PycharmProjects/TolerDM/results/demandclean/bike/v7_auto_plain_single/visualization/v7_auto_plain_single_baseline_comparison.png

[Step 6] 模型容忍度评估...
============================================================
模型容忍度计算 - v7_auto_plain_single
任务类型: regression  |  模型列表: ['rf', 'ridge']
============================================================

--- 模型: RF ---
  P_clean  = 0.9998
  P_dirty  = 0.9967
  P_dc     = 0.9997
  先验容忍度 (P_dc / P_dirty)            = 1.0031
  后验容忍度 (P_dc-P_dirty)/(P_clean-P_dirty) = 0.9856

--- 模型: RIDGE ---
  P_clean  = 1.0000
  P_dirty  = 0.8565
  P_dc     = 0.9817
  先验容忍度 (P_dc / P_dirty)            = 1.1461
  后验容忍度 (P_dc-P_dirty)/(P_clean-P_dirty) = 0.8724
  容忍度柱状图已保存: /Users/qianzekai/PycharmProjects/TolerDM/results/demandclean/bike/v7_auto_plain_single/visualization/v7_auto_plain_single_tolerance_bar.png

[Step 7] Shapley 三维度分析...
[Shapley] 大数据集采样: 17379 -> 5000 行 (采样 4815/16738 个错误行 (96% 错误率), mc_samples=50)
============================================================
DemandClean - 三维度 Shapley 分析
============================================================
  数据: 5000 行 x 15 列
  (原始数据 17379 行, 已采样至 5000 行)
  错误数: 12253
  错误分布: {'semantic': 1569, 'syntactic': 10684}
  输出目录: /Users/qianzekai/PycharmProjects/TolerDM/results/demandclean/bike/v7_auto_plain_single/evaluation/shapley

[Shapley] 维度1: 动作重要性 (精确枚举 4!=24 排列) ...
[Shapley] 图表已保存: /Users/qianzekai/PycharmProjects/TolerDM/results/demandclean/bike/v7_auto_plain_single/evaluation/shapley/shapley_action_importance.png
  动作重要性 Shapley 值:
    repair_value        : +1001.011925
    no_action           : +8.914048
    replace_nearby      : +3.694163
    delete              : -17.315342

[Shapley] 维度2: 跳过特征 Shapley（计算量过大，仅保留维度1和维度3）
[Shapley] 维度3: 错误类型重要性 (精确枚举 2!=2 排列) ...
[Shapley] 图表已保存: /Users/qianzekai/PycharmProjects/TolerDM/results/demandclean/bike/v7_auto_plain_single/evaluation/shapley/shapley_error_type_importance.png
  错误类型重要性 Shapley 值:
    syntactic           : +812.927598
    semantic            : +30.990094

[Shapley] JSON 结果已保存: /Users/qianzekai/PycharmProjects/TolerDM/results/demandclean/bike/v7_auto_plain_single/evaluation/shapley/shapley_results.json
[Shapley] Markdown 报告已保存: /Users/qianzekai/PycharmProjects/TolerDM/results/demandclean/bike/v7_auto_plain_single/evaluation/shapley/shapley_report.md

============================================================
Shapley 分析完成!
============================================================
# Shapley Value Analysis Report

- 数据规模: 5000 行 × 15 列
- 错误总数: 12253
- 任务类型: regression (random_forest)
- MC 采样次数: 50

## 维度 1: 动作重要性 (Action Importance)

| 排名 | 动作 | Shapley 值 | 占比 | 方向 |
|------|------|-----------|------|------|
| 1 | repair_value | +1001.011925 | 97.1% | ↑ 正贡献 |
| 2 | no_action | +8.914048 | 0.9% | ↑ 正贡献 |
| 3 | replace_nearby | +3.694163 | 0.4% | ↑ 正贡献 |
| 4 | delete | -17.315342 | 1.7% | ↓ 负贡献 |

**结论**: 最有效的清洗动作是 **repair_value**
（delete 对性能有负面影响，建议减少使用）

## 维度 2: 特征重要性 (Feature Importance)

| 排名 | 特征 | Shapley 值 | 占比 | 清洗价值 |
|------|------|-----------|------|---------|
| 1 | dteday | +0.000000 | 0.0% | — 可忽略 |
| 2 | season | +0.000000 | 0.0% | — 可忽略 |
| 3 | yr | +0.000000 | 0.0% | — 可忽略 |
| 4 | mnth | +0.000000 | 0.0% | — 可忽略 |
| 5 | hr | +0.000000 | 0.0% | — 可忽略 |
| 6 | holiday | +0.000000 | 0.0% | — 可忽略 |
| 7 | weekday | +0.000000 | 0.0% | — 可忽略 |
| 8 | workingday | +0.000000 | 0.0% | — 可忽略 |
| 9 | weathersit | +0.000000 | 0.0% | — 可忽略 |
| 10 | temp | +0.000000 | 0.0% | — 可忽略 |
| 11 | atemp | +0.000000 | 0.0% | — 可忽略 |
| 12 | hum | +0.000000 | 0.0% | — 可忽略 |
| 13 | windspeed | +0.000000 | 0.0% | — 可忽略 |
| 14 | casual | +0.000000 | 0.0% | — 可忽略 |
| 15 | registered | +0.000000 | 0.0% | — 可忽略 |

**结论**: 
- 清洗价值极低的特征: dteday, season, yr（清洗它们几乎不影响性能）

## 维度 3: 错误类型重要性 (Error Type Importance)

| 排名 | 错误类型 | Shapley 值 | 占比 | 优先级 |
|------|---------|-----------|------|--------|
| 1 | syntactic | +812.927598 | 96.3% | 🔴 高 |
| 2 | semantic | +30.990094 | 3.7% | 🟢 低 |

**结论**: 对下游性能影响最大的错误类型是 **syntactic**，检测器应优先识别此类错误。

## 综合清洗建议



  输出文件:
    /Users/qianzekai/PycharmProjects/TolerDM/results/demandclean/bike/v7_auto_plain_single/evaluation/shapley/shapley_action_importance.png
    /Users/qianzekai/PycharmProjects/TolerDM/results/demandclean/bike/v7_auto_plain_single/evaluation/shapley/shapley_feature_importance.png
    /Users/qianzekai/PycharmProjects/TolerDM/results/demandclean/bike/v7_auto_plain_single/evaluation/shapley/shapley_error_type_importance.png
    /Users/qianzekai/PycharmProjects/TolerDM/results/demandclean/bike/v7_auto_plain_single/evaluation/shapley/shapley_results.json
    /Users/qianzekai/PycharmProjects/TolerDM/results/demandclean/bike/v7_auto_plain_single/evaluation/shapley/shapley_report.md
============================================================

[Step 8] 训练曲线可视化...
  [可视化] 训练曲线已保存: /Users/qianzekai/PycharmProjects/TolerDM/results/demandclean/bike/v7_auto_plain_single/visualization/v7_auto_plain_single_training_curves.png

[Step 9] Clean4MLBaseline 统一测评...
======================================================================
Clean4MLBaseline 统一测评 - v7_auto_plain_single
======================================================================

[1/5] 传统清洗指标
--------------------------------------------------
差异文件已保存到:
/Users/qianzekai/PycharmProjects/TolerDM/results/demandclean/bike/v7_auto_plain_single/evaluation/v7_auto_plain_single_clean_vs_dirty.csv
/Users/qianzekai/PycharmProjects/TolerDM/results/demandclean/bike/v7_auto_plain_single/evaluation/v7_auto_plain_single_dirty_vs_cleaned.csv
/Users/qianzekai/PycharmProjects/TolerDM/results/demandclean/bike/v7_auto_plain_single/evaluation/v7_auto_plain_single_clean_vs_cleaned.csv
修复错误数据文件已保存到: /Users/qianzekai/PycharmProjects/TolerDM/results/demandclean/bike/v7_auto_plain_single/evaluation/v7_auto_plain_single_repair_errors.csv
未修复但是应该修复数据文件已保存到: /Users/qianzekai/PycharmProjects/TolerDM/results/demandclean/bike/v7_auto_plain_single/evaluation/v7_auto_plain_single_unrepaired.csv
修复准确率: 0.2616714430988259, 修复召回率: 0.12771861745329843, F1值: 0.1716546893036838
========================================
EDR 结果已保存到: /Users/qianzekai/PycharmProjects/TolerDM/results/demandclean/bike/v7_auto_plain_single/evaluation/v7_auto_plain_single_edr_evaluation.txt
错误减少率 (EDR): -0.1657567006587853
========================================
混合距离结果已保存到: /Users/qianzekai/PycharmProjects/TolerDM/results/demandclean/bike/v7_auto_plain_single/evaluation/v7_auto_plain_single_hybrid_distance_evaluation.txt
混合距离 (Hybrid Distance): 70.15091691230299
========================================
R-EDR 结果已保存到: /Users/qianzekai/PycharmProjects/TolerDM/results/demandclean/bike/v7_auto_plain_single/evaluation/v7_auto_plain_single_record_based_edr_evaluation.txt
基于条目的错误减少率 (R-EDR): -0.02834319526627219
========================================

[2/5] 下游任务性能 (regression)
--------------------------------------------------
RF - MSE: 104.7236, R2: 0.9967
LR - MSE: 317.4238, R2: 0.9900
RIDGE - MSE: 317.4726, R2: 0.9900
LASSO - MSE: 320.9330, R2: 0.9899
KNN - MSE: 2366.1894, R2: 0.9253
GB - MSE: 103.2015, R2: 0.9967

[3/5] 模型容忍度
--------------------------------------------------

容忍度计算结果:
  P_do_nothing (脏数据性能): 0.8733
  P_demand_clean (清洗后性能): 0.9996
  P_repair_all (完全修复性能): 0.9998
  先验容忍度 (Tolerance_prior): 1.1446
  后验容忍度 (Tolerance_post): 0.9991

[4/5] Snoopy上界评估
--------------------------------------------------
Snoopy模块可用，正在评估数据质量上界...
  脏数据上界: 1825.2803
  清洗后上界: 122.3708
  干净数据上界: 25.4989
  上界提升比例: 0.9462

[5/5] 真值使用成本
--------------------------------------------------
  方法类型: Type 1 (全自动)
  实际真值使用: 5933
  理想最小成本: 5661
  总修改单元格: 21634
  正确修复: 5661
  错误修复: 15973

======================================================================
测评完成，结果已保存到: /Users/qianzekai/PycharmProjects/TolerDM/results/demandclean/bike/v7_auto_plain_single/evaluation/v7_auto_plain_single_evaluation_results.txt
======================================================================
  统一测评完成，结果已保存到: /Users/qianzekai/PycharmProjects/TolerDM/results/demandclean/bike/v7_auto_plain_single/v7_auto_plain_single_evaluation_results.txt

[Step 10] 真值成本汇总...
  RAHA 检测成本: 20
  Agent 修复成本: 5933
  总成本: 5953 / 260685 cells = 2.2836%

  [输出] 报告已保存: /Users/qianzekai/PycharmProjects/TolerDM/results/demandclean/bike/v7_auto_plain_single/report/v7_auto_plain_single_report.json

  版本 v7_auto_plain_single 完成! 耗时: 1442.32s
  输出目录: /Users/qianzekai/PycharmProjects/TolerDM/results/demandclean/bike/v7_auto_plain_single

======================================================================
版本: v8_auto_plain_two
数据集: bike | 任务: regression | 模型: random_forest
检测器: auto | Agent: single_stage | 推理: two_phase
训练轮数: 5 | 输出目录: /Users/qianzekai/PycharmProjects/TolerDM/results/demandclean/bike/v8_auto_plain_two
======================================================================

[Step 1] 创建 DemandClean 实例...

[Step 2] 训练 (5 episodes)...

[AutoDetector] 初始化
  RAHA 来源: pip:raha
  RAHA 可用: True
  CSV 路径: /Users/qianzekai/PycharmProjects/TolerDM/data/bike/dirty_index.csv
  FD 规则: 1 条
  规则文件: /Users/qianzekai/PycharmProjects/TolerDM/data/bike/rules.txt
  规则摘要: ParsedRules(DOMAIN=15, FD=1, STAT=1)
  缺失值: 0 个

[检测] 在原始 CSV 上运行 RAHA (labeling_budget=20)...
  [RAHA] 数据规模: 17379 行 × 17 列
506 strategy profiles are collected.
51 Features are generated for column 0.
57 Features are generated for column 1.
67 Features are generated for column 2.
77 Features are generated for column 3.
72 Features are generated for column 4.
67 Features are generated for column 5.
67 Features are generated for column 6.
77 Features are generated for column 7.
77 Features are generated for column 8.
77 Features are generated for column 9.
72 Features are generated for column 10.
72 Features are generated for column 11.
72 Features are generated for column 12.
72 Features are generated for column 13.
62 Features are generated for column 14.
67 Features are generated for column 15.
54 Features are generated for column 16.
A hierarchical clustering model is built for column 0.
A hierarchical clustering model is built for column 1.
A hierarchical clustering model is built for column 2.
A hierarchical clustering model is built for column 3.
A hierarchical clustering model is built for column 4.
A hierarchical clustering model is built for column 5.
A hierarchical clustering model is built for column 6.
A hierarchical clustering model is built for column 7.
A hierarchical clustering model is built for column 8.
A hierarchical clustering model is built for column 9.
A hierarchical clustering model is built for column 10.
A hierarchical clustering model is built for column 11.
A hierarchical clustering model is built for column 12.
A hierarchical clustering model is built for column 13.
A hierarchical clustering model is built for column 14.
A hierarchical clustering model is built for column 15.
A hierarchical clustering model is built for column 16.
Tuple 11083 is sampled.
Tuple 11083 is labeled.
Tuple 16463 is sampled.
Tuple 16463 is labeled.
Tuple 10158 is sampled.
Tuple 10158 is labeled.
Tuple 8701 is sampled.
Tuple 8701 is labeled.
Tuple 15648 is sampled.
Tuple 15648 is labeled.
Tuple 3403 is sampled.
Tuple 3403 is labeled.
Tuple 15391 is sampled.
Tuple 15391 is labeled.
Tuple 16173 is sampled.
Tuple 16173 is labeled.
Tuple 1473 is sampled.
Tuple 1473 is labeled.
Tuple 11268 is sampled.
Tuple 11268 is labeled.
Tuple 1419 is sampled.
Tuple 1419 is labeled.
Tuple 9273 is sampled.
Tuple 9273 is labeled.
Tuple 11390 is sampled.
Tuple 11390 is labeled.
Tuple 183 is sampled.
Tuple 183 is labeled.
Tuple 430 is sampled.
Tuple 430 is labeled.
Tuple 7448 is sampled.
Tuple 7448 is labeled.
Tuple 4530 is sampled.
Tuple 4530 is labeled.
Tuple 13514 is sampled.
Tuple 13514 is labeled.
Tuple 397 is sampled.
Tuple 397 is labeled.
Tuple 3525 is sampled.
Tuple 3525 is labeled.
The number of labeled data cells increased from 340 to 261345.
A classifier is trained and applied on column 0.
A classifier is trained and applied on column 1.
A classifier is trained and applied on column 2.
A classifier is trained and applied on column 3.
A classifier is trained and applied on column 4.
A classifier is trained and applied on column 5.
A classifier is trained and applied on column 6.
A classifier is trained and applied on column 7.
A classifier is trained and applied on column 8.
A classifier is trained and applied on column 9.
A classifier is trained and applied on column 10.
A classifier is trained and applied on column 11.
A classifier is trained and applied on column 12.
A classifier is trained and applied on column 13.
A classifier is trained and applied on column 14.
A classifier is trained and applied on column 15.
A classifier is trained and applied on column 16.
  RAHA 检测结果: 43111 个单元格
  Precision=0.9712  Recall=0.9447  F1=0.9578
  RAHA 标注行数: 20 (labeling_budget=20)
  句法错误(RAHA): 43111 个
  FD 规则检测: 4934 个语义错误
  DOMAIN 规则检测: 597 个语义错误 (特征列)
  语义错误: 5531 个 (FD+DOMAIN)
  标签噪声: 0 个 (NaN=0, 规则=0)

  检测总结: 48642 个错误 (缺失=0, 句法=43111, 语义=5531, 标签噪声=0)
  模型已保存: /Users/qianzekai/PycharmProjects/TolerDM/results/demandclean/bike/v8_auto_plain_two/model/v8_auto_plain_two_agent.pt
  训练历史已保存: /Users/qianzekai/PycharmProjects/TolerDM/results/demandclean/bike/v8_auto_plain_two/report/v8_auto_plain_two_history.json

[Step 3] 推理 (模式: two_phase)...
  缺失值: 0 个
  [RAHA] 使用缓存结果: 43111 个单元格
  句法错误(RAHA): 43111 个
  FD 规则检测: 4934 个语义错误
  DOMAIN 规则检测: 597 个语义错误 (特征列)
  语义错误: 5531 个 (FD+DOMAIN)
  标签噪声: 0 个 (NaN=0, 规则=0)

  检测总结: 48642 个错误 (缺失=0, 句法=43111, 语义=5531, 标签噪声=0)

============================================================
两阶段推理 - 第一阶段 (Plan)
============================================================
  算法: DQN (Single Stage)
  任务类型: regression
  下游模型: random_forest
  检测到的错误: 48642 个 (missing=0, semantic=5531, syntactic=43111, label=0)

  推理进度: [====================] 48642/48642

  动作分布 (共 48642 个错误):
    no_action                0 (  0.0%) 
    repair_value(计划)         0 (  0.0%) 
    delete                   0 (  0.0%) 
    replace_nearby       48642 (100.0%) ████████████████████████████████████████

  替换明细 (replace_nearby): 共 48642 条
    行        列      脏值           → 替换值          错误类型      
    -------------------------------------------------------
    0        1      -1.3566      → 1.3537       semantic  
    1        1      -1.3566      → 1.3537       semantic  
    7        1      4.0640       → 1.3537       semantic  
    47       1      2.2571       → 1.3537       semantic  
    64       1      4.0640       → 1.3537       semantic  
    67       1      2.2571       → 1.3537       semantic  
    161      1      2.2571       → 1.3537       semantic  
    167      1      3.1605       → 1.3537       semantic  
    185      1      4.0640       → 1.3537       semantic  
    186      1      1.3537       → 1.3537       semantic  
    190      1      5.8708       → 1.3537       semantic  
    192      1      4.0640       → 1.3537       semantic  
    206      1      3.1605       → 1.3537       semantic  
    210      1      4.9674       → 1.3537       semantic  
    217      1      4.0640       → 1.3537       semantic  
    219      1      1.3537       → 1.3537       semantic  
    238      1      4.9674       → 1.3537       semantic  
    239      1      2.2571       → 1.3537       semantic  
    291      1      0.4502       → 1.3537       semantic  
    306      1      2.2571       → 1.3537       semantic  
    325      1      4.9674       → 1.3537       semantic  
    329      1      5.8708       → 1.3537       semantic  
    337      1      3.1605       → 1.3537       semantic  
    355      1      1.3537       → 1.3537       semantic  
    358      1      3.1605       → 1.3537       semantic  
    359      1      0.4502       → 1.3537       semantic  
    386      1      4.9674       → 1.3537       semantic  
    388      1      2.2571       → 1.3537       semantic  
    398      1      2.2571       → 1.3537       semantic  
    428      1      3.1605       → 1.3537       semantic  
    ... 省略 48612 条

  需要用户提供 0 个真值
  修复计划: 需要 0 个真值

============================================================
两阶段推理 - 第二阶段 (Execute)
============================================================
  提供的真值数量: 0
  计划修复数量: 0

  执行结果:
    成功匹配真值: 0 / 0
    删除行数: 0
    最终数据行数: 17379
  真值使用: 0
  清洗后数据已保存: /Users/qianzekai/PycharmProjects/TolerDM/results/demandclean/bike/v8_auto_plain_two/data/v8_auto_plain_two_cleaned.csv
  原始格式清洗数据已保存: /Users/qianzekai/PycharmProjects/TolerDM/results/demandclean/bike/v8_auto_plain_two/data/v8_auto_plain_two_cleaned_original.csv

[Step 4] 检测器准确率评估...
  缺失值: 0 个
  [RAHA] 使用缓存结果: 43111 个单元格
  句法错误(RAHA): 43111 个
  FD 规则检测: 4934 个语义错误
  DOMAIN 规则检测: 597 个语义错误 (特征列)
  语义错误: 5531 个 (FD+DOMAIN)
  标签噪声: 0 个 (NaN=0, 规则=0)

  检测总结: 48642 个错误 (缺失=0, 句法=43111, 语义=5531, 标签噪声=0)

============================================================
检测器准确率评估
============================================================
真实错误总数: 44324 (缺失: 0, 值错误: 44324)
检测报告总数: 48642 (missing: 0, syntactic: 43111, semantic: 5531)
------------------------------------------------------------

  [总体]
    Precision = 0.8808  |  Recall = 0.9667  |  F1 = 0.9218
    TP=42846  FP=5796  FN=1478  (GT=44324, Det=48642)

  [缺失值 (missing)]
    Precision = 0.0000  |  Recall = 0.0000  |  F1 = 0.0000
    TP=0  FP=0  FN=0  (GT=0, Det=0)

  [句法错误 (syntactic)]
    Precision = 0.9712  |  Recall = 0.9447  |  F1 = 0.9578
    TP=41871  FP=1240  FN=2453  (GT=44324, Det=43111)

  [语义错误 (semantic)]
    Precision = 0.1763  |  Recall = 0.0220  |  F1 = 0.0391
    TP=975  FP=4556  FN=43349  (GT=44324, Det=5531)

  [值错误合并 (syntactic+semantic)]
    Precision = 0.8808  |  Recall = 0.9667  |  F1 = 0.9218
    TP=42846  FP=5796  FN=1478  (GT=44324, Det=48642)

[Step 5] Baseline 评估与可视化...
  DeleteFix: 删除 13904 行, 保留 3475 行

============================================================
Baseline 对比评估 - v8_auto_plain_two
============================================================
  NoFix          : rf_mse=1367.0748 | rf_r2=0.9568 | ridge_mse=10665.7166 | ridge_r2=0.6632
  DeleteAll      : rf_mse=1367.0748 | rf_r2=0.9568 | ridge_mse=10665.7166 | ridge_r2=0.6632
  DeleteFix      : rf_mse=1090.5795 | rf_r2=0.9718 | ridge_mse=7777.6369 | ridge_r2=0.799
  ReplaceAll     : rf_mse=1367.0748 | rf_r2=0.9568 | ridge_mse=10665.7166 | ridge_r2=0.6632
  DemandClean    : rf_mse=1367.0748 | rf_r2=0.9568 | ridge_mse=10665.7166 | ridge_r2=0.6632
  FullFix        : rf_mse=7.8822 | rf_r2=0.9998 | ridge_mse=0.0005 | ridge_r2=1.0
  [可视化] Baseline 对比图已保存: /Users/qianzekai/PycharmProjects/TolerDM/results/demandclean/bike/v8_auto_plain_two/visualization/v8_auto_plain_two_baseline_comparison.png

[Step 6] 模型容忍度评估...
============================================================
模型容忍度计算 - v8_auto_plain_two
任务类型: regression  |  模型列表: ['rf', 'ridge']
============================================================

--- 模型: RF ---
  P_clean  = 0.9998
  P_dirty  = 0.9967
  P_dc     = 0.9967
  先验容忍度 (P_dc / P_dirty)            = 1.0000
  后验容忍度 (P_dc-P_dirty)/(P_clean-P_dirty) = 0.0000

--- 模型: RIDGE ---
  P_clean  = 1.0000
  P_dirty  = 0.8565
  P_dc     = 0.8565
  先验容忍度 (P_dc / P_dirty)            = 1.0000
  后验容忍度 (P_dc-P_dirty)/(P_clean-P_dirty) = 0.0000
  容忍度柱状图已保存: /Users/qianzekai/PycharmProjects/TolerDM/results/demandclean/bike/v8_auto_plain_two/visualization/v8_auto_plain_two_tolerance_bar.png

[Step 7] Shapley 三维度分析...
[Shapley] 大数据集采样: 17379 -> 5005 行 (采样 4905/17050 个错误行 (98% 错误率), mc_samples=50)
============================================================
DemandClean - 三维度 Shapley 分析
============================================================
  数据: 5005 行 x 15 列
  (原始数据 17379 行, 已采样至 5005 行)
  错误数: 14009
  错误分布: {'semantic': 1655, 'syntactic': 12354}
  输出目录: /Users/qianzekai/PycharmProjects/TolerDM/results/demandclean/bike/v8_auto_plain_two/evaluation/shapley

[Shapley] 维度1: 动作重要性 (精确枚举 4!=24 排列) ...
[Shapley] 图表已保存: /Users/qianzekai/PycharmProjects/TolerDM/results/demandclean/bike/v8_auto_plain_two/evaluation/shapley/shapley_action_importance.png
  动作重要性 Shapley 值:
    replace_nearby      : +670.952396
    delete              : +49.788344
    repair_value        : -15.014947
    no_action           : -33.584003

[Shapley] 维度2: 跳过特征 Shapley（计算量过大，仅保留维度1和维度3）
[Shapley] 维度3: 错误类型重要性 (精确枚举 2!=2 排列) ...
[Shapley] 图表已保存: /Users/qianzekai/PycharmProjects/TolerDM/results/demandclean/bike/v8_auto_plain_two/evaluation/shapley/shapley_error_type_importance.png
  错误类型重要性 Shapley 值:
    syntactic           : +601.835061
    semantic            : +91.556010

[Shapley] JSON 结果已保存: /Users/qianzekai/PycharmProjects/TolerDM/results/demandclean/bike/v8_auto_plain_two/evaluation/shapley/shapley_results.json
[Shapley] Markdown 报告已保存: /Users/qianzekai/PycharmProjects/TolerDM/results/demandclean/bike/v8_auto_plain_two/evaluation/shapley/shapley_report.md

============================================================
Shapley 分析完成!
============================================================
# Shapley Value Analysis Report

- 数据规模: 5005 行 × 15 列
- 错误总数: 14009
- 任务类型: regression (random_forest)
- MC 采样次数: 50

## 维度 1: 动作重要性 (Action Importance)

| 排名 | 动作 | Shapley 值 | 占比 | 方向 |
|------|------|-----------|------|------|
| 1 | replace_nearby | +670.952396 | 87.2% | ↑ 正贡献 |
| 2 | delete | +49.788344 | 6.5% | ↑ 正贡献 |
| 3 | repair_value | -15.014947 | 2.0% | ↓ 负贡献 |
| 4 | no_action | -33.584003 | 4.4% | ↓ 负贡献 |

**结论**: 最有效的清洗动作是 **replace_nearby**
（repair_value, no_action 对性能有负面影响，建议减少使用）

## 维度 2: 特征重要性 (Feature Importance)

| 排名 | 特征 | Shapley 值 | 占比 | 清洗价值 |
|------|------|-----------|------|---------|
| 1 | dteday | +0.000000 | 0.0% | — 可忽略 |
| 2 | season | +0.000000 | 0.0% | — 可忽略 |
| 3 | yr | +0.000000 | 0.0% | — 可忽略 |
| 4 | mnth | +0.000000 | 0.0% | — 可忽略 |
| 5 | hr | +0.000000 | 0.0% | — 可忽略 |
| 6 | holiday | +0.000000 | 0.0% | — 可忽略 |
| 7 | weekday | +0.000000 | 0.0% | — 可忽略 |
| 8 | workingday | +0.000000 | 0.0% | — 可忽略 |
| 9 | weathersit | +0.000000 | 0.0% | — 可忽略 |
| 10 | temp | +0.000000 | 0.0% | — 可忽略 |
| 11 | atemp | +0.000000 | 0.0% | — 可忽略 |
| 12 | hum | +0.000000 | 0.0% | — 可忽略 |
| 13 | windspeed | +0.000000 | 0.0% | — 可忽略 |
| 14 | casual | +0.000000 | 0.0% | — 可忽略 |
| 15 | registered | +0.000000 | 0.0% | — 可忽略 |

**结论**: 
- 清洗价值极低的特征: dteday, season, yr（清洗它们几乎不影响性能）

## 维度 3: 错误类型重要性 (Error Type Importance)

| 排名 | 错误类型 | Shapley 值 | 占比 | 优先级 |
|------|---------|-----------|------|--------|
| 1 | syntactic | +601.835061 | 86.8% | 🔴 高 |
| 2 | semantic | +91.556010 | 13.2% | 🟢 低 |

**结论**: 对下游性能影响最大的错误类型是 **syntactic**，检测器应优先识别此类错误。

## 综合清洗建议



  输出文件:
    /Users/qianzekai/PycharmProjects/TolerDM/results/demandclean/bike/v8_auto_plain_two/evaluation/shapley/shapley_action_importance.png
    /Users/qianzekai/PycharmProjects/TolerDM/results/demandclean/bike/v8_auto_plain_two/evaluation/shapley/shapley_feature_importance.png
    /Users/qianzekai/PycharmProjects/TolerDM/results/demandclean/bike/v8_auto_plain_two/evaluation/shapley/shapley_error_type_importance.png
    /Users/qianzekai/PycharmProjects/TolerDM/results/demandclean/bike/v8_auto_plain_two/evaluation/shapley/shapley_results.json
    /Users/qianzekai/PycharmProjects/TolerDM/results/demandclean/bike/v8_auto_plain_two/evaluation/shapley/shapley_report.md
============================================================

[Step 8] 训练曲线可视化...
  [可视化] 训练曲线已保存: /Users/qianzekai/PycharmProjects/TolerDM/results/demandclean/bike/v8_auto_plain_two/visualization/v8_auto_plain_two_training_curves.png

[Step 9] Clean4MLBaseline 统一测评...
======================================================================
Clean4MLBaseline 统一测评 - v8_auto_plain_two
======================================================================

[1/5] 传统清洗指标
--------------------------------------------------
差异文件已保存到:
/Users/qianzekai/PycharmProjects/TolerDM/results/demandclean/bike/v8_auto_plain_two/evaluation/v8_auto_plain_two_clean_vs_dirty.csv
/Users/qianzekai/PycharmProjects/TolerDM/results/demandclean/bike/v8_auto_plain_two/evaluation/v8_auto_plain_two_dirty_vs_cleaned.csv
/Users/qianzekai/PycharmProjects/TolerDM/results/demandclean/bike/v8_auto_plain_two/evaluation/v8_auto_plain_two_clean_vs_cleaned.csv
修复错误数据文件已保存到: /Users/qianzekai/PycharmProjects/TolerDM/results/demandclean/bike/v8_auto_plain_two/evaluation/v8_auto_plain_two_repair_errors.csv
未修复但是应该修复数据文件已保存到: /Users/qianzekai/PycharmProjects/TolerDM/results/demandclean/bike/v8_auto_plain_two/evaluation/v8_auto_plain_two_unrepaired.csv
修复准确率: 0.0, 修复召回率: 0.0, F1值: 0.0
========================================
EDR 结果已保存到: /Users/qianzekai/PycharmProjects/TolerDM/results/demandclean/bike/v8_auto_plain_two/evaluation/v8_auto_plain_two_edr_evaluation.txt
错误减少率 (EDR): -0.29347531811208377
========================================
混合距离结果已保存到: /Users/qianzekai/PycharmProjects/TolerDM/results/demandclean/bike/v8_auto_plain_two/evaluation/v8_auto_plain_two_hybrid_distance_evaluation.txt
混合距离 (Hybrid Distance): 70.58577232370533
========================================
R-EDR 结果已保存到: /Users/qianzekai/PycharmProjects/TolerDM/results/demandclean/bike/v8_auto_plain_two/evaluation/v8_auto_plain_two_record_based_edr_evaluation.txt
基于条目的错误减少率 (R-EDR): -0.02834319526627219
========================================

[2/5] 下游任务性能 (regression)
--------------------------------------------------
RF - MSE: 1367.0748, R2: 0.9568
LR - MSE: 10663.9498, R2: 0.6632
RIDGE - MSE: 10665.7166, R2: 0.6632
LASSO - MSE: 10653.5823, R2: 0.6636
KNN - MSE: 5885.9471, R2: 0.8141
GB - MSE: 1752.6228, R2: 0.9447

[3/5] 模型容忍度
--------------------------------------------------

容忍度计算结果:
  P_do_nothing (脏数据性能): 0.8733
  P_demand_clean (清洗后性能): 0.8733
  P_repair_all (完全修复性能): 0.9998
  先验容忍度 (Tolerance_prior): 1.0000
  后验容忍度 (Tolerance_post): 0.0000

[4/5] Snoopy上界评估
--------------------------------------------------
Snoopy模块可用，正在评估数据质量上界...
  脏数据上界: 1825.2803
  清洗后上界: 1825.2803
  干净数据上界: 25.4989
  上界提升比例: -0.0000

[5/5] 真值使用成本
--------------------------------------------------
  方法类型: Type 2 (需验证集)
  实际真值使用: 0
  理想最小成本: 0
  总修改单元格: 16757
  正确修复: 0
  错误修复: 16757

======================================================================
测评完成，结果已保存到: /Users/qianzekai/PycharmProjects/TolerDM/results/demandclean/bike/v8_auto_plain_two/evaluation/v8_auto_plain_two_evaluation_results.txt
======================================================================
  统一测评完成，结果已保存到: /Users/qianzekai/PycharmProjects/TolerDM/results/demandclean/bike/v8_auto_plain_two/v8_auto_plain_two_evaluation_results.txt

[Step 10] 真值成本汇总...
  RAHA 检测成本: 20
  Agent 修复成本: 0
  总成本: 20 / 260685 cells = 0.0077%

  [输出] 报告已保存: /Users/qianzekai/PycharmProjects/TolerDM/results/demandclean/bike/v8_auto_plain_two/report/v8_auto_plain_two_report.json

  版本 v8_auto_plain_two 完成! 耗时: 2848.52s
  输出目录: /Users/qianzekai/PycharmProjects/TolerDM/results/demandclean/bike/v8_auto_plain_two

======================================================================
跨版本对比分析 - bike
======================================================================

============================================================
跨版本对比分析 - bike
============================================================

对比表格 (6 行):
               version model  P_clean  P_dirty      P_dc  tolerance_prior  tolerance_post
v5_auto_dueling_single    rf 0.999751 0.996657 -0.219398        -0.220134     -393.007221
v5_auto_dueling_single ridge 1.000000 0.856509 -0.047284        -0.055205       -6.298613
  v7_auto_plain_single    rf 0.999751 0.996657  0.999707         1.003060        0.985641
  v7_auto_plain_single ridge 1.000000 0.856509  0.981685         1.146146        0.872360
     v8_auto_plain_two    rf 0.999751 0.996657  0.996657         1.000000        0.000000
     v8_auto_plain_two ridge 1.000000 0.856509  0.856509         1.000000        0.000000

  对比表格已保存: /Users/qianzekai/PycharmProjects/TolerDM/results/demandclean/bike/bike_version_comparison.csv
  对比柱状图已保存: /Users/qianzekai/PycharmProjects/TolerDM/results/demandclean/bike/bike_version_comparison.png
  跨版本对比已保存到: /Users/qianzekai/PycharmProjects/TolerDM/results/demandclean/bike
  汇总表格已保存: /Users/qianzekai/PycharmProjects/TolerDM/results/demandclean/bike/bike_all_versions_summary.csv

               version detector             agent    inference  truth_cost  elapsed_time  raha_cost  total_cost  cost_ratio  dc_r2    dc_mse  tol_prior    tol_post
v5_auto_dueling_single     auto dueling_two_stage single_phase        1038       2363.01         20        1058    0.004059 0.9994   19.0471  -0.220134 -393.007221
  v7_auto_plain_single     auto      single_stage single_phase        5933       1442.32         20        5953    0.022836 0.9967  104.7236   1.003060    0.985641
     v8_auto_plain_two     auto      single_stage    two_phase           0       2848.52         20          20    0.000077 0.9568 1367.0748   1.000000    0.000000
  跨版本对比图已保存: /Users/qianzekai/PycharmProjects/TolerDM/results/demandclean/bike/bike_all_versions_comparison.png

######################################################################
# 数据集: breast_cancer
######################################################################
  数据集: breast_cancer
  脏数据: (699, 9), 干净数据: (699, 9)
  特征列: 9, 标签列: class
  FD规则: 0 条

======================================================================
版本: v5_auto_dueling_single
数据集: breast_cancer | 任务: classification | 模型: random_forest
检测器: auto | Agent: dueling_two_stage | 推理: single_phase
训练轮数: 5 | 输出目录: /Users/qianzekai/PycharmProjects/TolerDM/results/demandclean/breast_cancer/v5_auto_dueling_single
======================================================================

[Step 1] 创建 DemandClean 实例...

[Step 2] 训练 (5 episodes)...

[AutoDetector] 初始化
  RAHA 来源: pip:raha
  RAHA 可用: True
  CSV 路径: /Users/qianzekai/PycharmProjects/TolerDM/data/breast_cancer/dirty_index.csv
  FD 规则: 0 条
  规则文件: /Users/qianzekai/PycharmProjects/TolerDM/data/breast_cancer/rules.txt
  规则摘要: ParsedRules(REGEX=3, DOMAIN=10, CFD=22, DC=3, STAT=1)
  缺失值: 230 个

[检测] 在原始 CSV 上运行 RAHA (labeling_budget=20)...
  [RAHA] 数据规模: 699 行 × 11 列
296 strategy profiles are collected.
47 Features are generated for column 0.
62 Features are generated for column 1.
58 Features are generated for column 2.
61 Features are generated for column 3.
59 Features are generated for column 4.
58 Features are generated for column 5.
64 Features are generated for column 6.
67 Features are generated for column 7.
63 Features are generated for column 8.
62 Features are generated for column 9.
14 Features are generated for column 10.
A hierarchical clustering model is built for column 0.
A hierarchical clustering model is built for column 1.
A hierarchical clustering model is built for column 2.
A hierarchical clustering model is built for column 3.
A hierarchical clustering model is built for column 4.
A hierarchical clustering model is built for column 5.
A hierarchical clustering model is built for column 6.
A hierarchical clustering model is built for column 7.
A hierarchical clustering model is built for column 8.
A hierarchical clustering model is built for column 9.
A hierarchical clustering model is built for column 10.
Tuple 315 is sampled.
Tuple 315 is labeled.
Tuple 578 is sampled.
Tuple 578 is labeled.
Tuple 680 is sampled.
Tuple 680 is labeled.
Tuple 285 is sampled.
Tuple 285 is labeled.
Tuple 430 is sampled.
Tuple 430 is labeled.
Tuple 170 is sampled.
Tuple 170 is labeled.
Tuple 152 is sampled.
Tuple 152 is labeled.
Tuple 357 is sampled.
Tuple 357 is labeled.
Tuple 230 is sampled.
Tuple 230 is labeled.
Tuple 146 is sampled.
Tuple 146 is labeled.
Tuple 626 is sampled.
Tuple 626 is labeled.
Tuple 85 is sampled.
Tuple 85 is labeled.
Tuple 65 is sampled.
Tuple 65 is labeled.
Tuple 114 is sampled.
Tuple 114 is labeled.
Tuple 179 is sampled.
Tuple 179 is labeled.
Tuple 418 is sampled.
Tuple 418 is labeled.
Tuple 159 is sampled.
Tuple 159 is labeled.
Tuple 218 is sampled.
Tuple 218 is labeled.
Tuple 406 is sampled.
Tuple 406 is labeled.
Tuple 36 is sampled.
Tuple 36 is labeled.
The number of labeled data cells increased from 220 to 6425.
A classifier is trained and applied on column 0.
A classifier is trained and applied on column 1.
A classifier is trained and applied on column 2.
A classifier is trained and applied on column 3.
A classifier is trained and applied on column 4.
A classifier is trained and applied on column 5.
A classifier is trained and applied on column 6.
A classifier is trained and applied on column 7.
A classifier is trained and applied on column 8.
A classifier is trained and applied on column 9.
A classifier is trained and applied on column 10.
  RAHA 检测结果: 209 个单元格
  Precision=0.8325  Recall=0.3321  F1=0.4748
  RAHA 标注行数: 20 (labeling_budget=20)
  句法错误(RAHA): 60 个
  REGEX 规则检测: 52 个句法错误
  句法错误(RAHA+REGEX): 112 个
  DOMAIN 规则检测: 69 个语义错误 (特征列)
  CFD 规则检测: 83 个语义错误 (特征列)
  CFD 规则检测: 12 个标签错误
  DC 规则检测: 57 个语义错误
  语义错误: 184 个 (DOMAIN+CFD+DC)
  标签噪声: 34 个 (NaN=0, 规则=34)

  检测总结: 560 个错误 (缺失=230, 句法=112, 语义=184, 标签噪声=34)
  模型已保存: /Users/qianzekai/PycharmProjects/TolerDM/results/demandclean/breast_cancer/v5_auto_dueling_single/model/v5_auto_dueling_single_agent.pt
  训练历史已保存: /Users/qianzekai/PycharmProjects/TolerDM/results/demandclean/breast_cancer/v5_auto_dueling_single/report/v5_auto_dueling_single_history.json

[Step 3] 推理 (模式: single_phase)...
  缺失值: 230 个
  [RAHA] 使用缓存结果: 209 个单元格
  句法错误(RAHA): 60 个
  REGEX 规则检测: 52 个句法错误
  句法错误(RAHA+REGEX): 112 个
  DOMAIN 规则检测: 69 个语义错误 (特征列)
  CFD 规则检测: 83 个语义错误 (特征列)
  CFD 规则检测: 12 个标签错误
  DC 规则检测: 57 个语义错误
  语义错误: 184 个 (DOMAIN+CFD+DC)
  标签噪声: 34 个 (NaN=0, 规则=34)

  检测总结: 560 个错误 (缺失=230, 句法=112, 语义=184, 标签噪声=34)

============================================================
单阶段推理
============================================================
  算法: Dueling Double DQN (Two Stage)
  任务类型: classification
  下游模型: random_forest
  检测到的错误: 530 个 (missing=217, semantic=181, syntactic=99, label=33)

  推理进度: [====================] 530/530

  动作分布 (共 353 个错误):
    no_action            0 (  0.0%) 
    repair_value        45 ( 12.7%) █████
    delete             308 ( 87.3%) ██████████████████████████████████
    replace_nearby       0 (  0.0%) 

  修复明细 (repair_value): 共 45 条
    行        列      脏值           → 修复值          错误类型      
    -------------------------------------------------------
    628      2      NaN          → -0.7433      missing   
    491      7      NaN          → -0.6118      missing   
    647      2      NaN          → -0.7433      missing   
    563      6      NaN          → -0.5901      missing   
    652      2      2.6239       → -0.7433      semantic  
    596      2      NaN          → -0.4066      missing   
    484      7      NaN          → -0.6118      missing   
    530      4      NaN          → 0.3543       missing   
    478      4      NaN          → -0.5496      missing   
    490      6      NaN          → -1.0005      missing   
    375      2      NaN          → -0.7433      missing   
    570      2      NaN          → 0.2669       missing   
    440      7      NaN          → -0.6118      missing   
    653      4      NaN          → -0.5496      missing   
    453      6      NaN          → 2.6932       missing   
    488      8      NaN          → -0.3439      missing   
    654      2      NaN          → -0.7433      missing   
    619      2      NaN          → -0.7433      missing   
    614      5      NaN          → -0.7070      missing   
    398      6      NaN          → -0.5901      missing   
    545      7      NaN          → -0.6118      missing   
    661      4      NaN          → -0.5496      missing   
    690      0      NaN          → -1.2147      missing   
    384      6      NaN          → -1.0005      missing   
    562      2      NaN          → -0.7433      missing   
    431      6      NaN          → -0.1797      missing   
    481      8      NaN          → -0.3439      missing   
    377      5      NaN          → -0.7070      missing   
    694      7      NaN          → -0.6118      missing   
    642      3      NaN          → -0.6332      missing   
    ... 省略 15 条

  删除明细 (delete): 共 308 条
    行        列      脏值           错误类型      
    ----------------------------------------
    350      7      2.6653       syntactic 
    575      6      NaN          missing   
    514      7      2.3376       semantic  
    470      7      1.6822       semantic  
    252      5      1.7935       semantic  
    94       3      NaN          missing   
    158      5      NaN          missing   
    8        6      NaN          missing   
    288      5      2.0713       syntactic 
    76       2      NaN          missing   
    164      5      NaN          missing   
    324      8      NaN          missing   
    538      5      NaN          missing   
    624      1      2.5795       semantic  
    313      7      NaN          missing   
    5        5      NaN          missing   
    411      2      -0.7433      semantic  
    299      3      NaN          missing   
    203      8      NaN          missing   
    587      3      NaN          missing   
    393      8      NaN          missing   
    155      1      0.6118       semantic  
    399      8      5.4909       semantic  
    326      -1     4.0000       label_noise
    685      8      5.4909       semantic  
    21       5      NaN          missing   
    474      0      NaN          missing   
    143      4      8.4891       semantic  
    59       6      0.6411       syntactic 
    191      5      1.7935       semantic  
    ... 省略 278 条
  真值使用: 45
  动作分布: {'no_action': 0, 'repair_value': 45, 'delete': 308, 'replace_nearby': 0}
  清洗后数据已保存: /Users/qianzekai/PycharmProjects/TolerDM/results/demandclean/breast_cancer/v5_auto_dueling_single/data/v5_auto_dueling_single_cleaned.csv
  原始格式清洗数据已保存: /Users/qianzekai/PycharmProjects/TolerDM/results/demandclean/breast_cancer/v5_auto_dueling_single/data/v5_auto_dueling_single_cleaned_original.csv

[Step 4] 检测器准确率评估...
  缺失值: 230 个
  [RAHA] 使用缓存结果: 209 个单元格
  句法错误(RAHA): 60 个
  REGEX 规则检测: 52 个句法错误
  句法错误(RAHA+REGEX): 112 个
  DOMAIN 规则检测: 69 个语义错误 (特征列)
  CFD 规则检测: 83 个语义错误 (特征列)
  CFD 规则检测: 12 个标签错误
  DC 规则检测: 57 个语义错误
  语义错误: 184 个 (DOMAIN+CFD+DC)
  标签噪声: 34 个 (NaN=0, 规则=34)

  检测总结: 560 个错误 (缺失=230, 句法=112, 语义=184, 标签噪声=34)

============================================================
检测器准确率评估
============================================================
真实错误总数: 522 (缺失: 230, 值错误: 292)
检测报告总数: 526 (missing: 230, syntactic: 112, semantic: 184)
------------------------------------------------------------

  [总体]
    Precision = 0.7681  |  Recall = 0.7739  |  F1 = 0.7710
    TP=404  FP=122  FN=118  (GT=522, Det=526)

  [缺失值 (missing)]
    Precision = 1.0000  |  Recall = 1.0000  |  F1 = 1.0000
    TP=230  FP=0  FN=0  (GT=230, Det=230)

  [句法错误 (syntactic)]
    Precision = 0.6875  |  Recall = 0.2637  |  F1 = 0.3812
    TP=77  FP=35  FN=215  (GT=292, Det=112)

  [语义错误 (semantic)]
    Precision = 0.5272  |  Recall = 0.3322  |  F1 = 0.4076
    TP=97  FP=87  FN=195  (GT=292, Det=184)

  [值错误合并 (syntactic+semantic)]
    Precision = 0.5878  |  Recall = 0.5959  |  F1 = 0.5918
    TP=174  FP=122  FN=118  (GT=292, Det=296)

[Step 5] Baseline 评估与可视化...
  DeleteFix: 删除 367 行, 保留 332 行

============================================================
Baseline 对比评估 - v5_auto_dueling_single
============================================================
  NoFix          : rf_accuracy=0.9357 | rf_f1=0.9355 | lr_accuracy=0.9286 | lr_f1=0.9276
  DeleteAll      : rf_accuracy=0.9688 | rf_f1=0.9685 | lr_accuracy=0.9062 | lr_f1=0.904
  DeleteFix      : rf_accuracy=1.0 | rf_f1=1.0 | lr_accuracy=1.0 | lr_f1=1.0
  ReplaceAll     : rf_accuracy=0.9357 | rf_f1=0.9355 | lr_accuracy=0.9286 | lr_f1=0.9276
  DemandClean    : rf_accuracy=1.0 | rf_f1=1.0 | lr_accuracy=0.9873 | lr_f1=0.9873
  FullFix        : rf_accuracy=0.9786 | rf_f1=0.9785 | lr_accuracy=0.9643 | lr_f1=0.9639
  [可视化] Baseline 对比图已保存: /Users/qianzekai/PycharmProjects/TolerDM/results/demandclean/breast_cancer/v5_auto_dueling_single/visualization/v5_auto_dueling_single_baseline_comparison.png

[Step 6] 模型容忍度评估...
============================================================
模型容忍度计算 - v5_auto_dueling_single
任务类型: classification  |  模型列表: ['rf', 'lr']
============================================================

--- 模型: RF ---
  P_clean  = 0.9786
  P_dirty  = 0.9714
  P_dc     = 0.5429
  先验容忍度 (P_dc / P_dirty)            = 0.5588
  后验容忍度 (P_dc-P_dirty)/(P_clean-P_dirty) = -60.0000

--- 模型: LR ---
  P_clean  = 0.9643
  P_dirty  = 0.9500
  P_dc     = 0.7643
  先验容忍度 (P_dc / P_dirty)            = 0.8045
  后验容忍度 (P_dc-P_dirty)/(P_clean-P_dirty) = -13.0000
  容忍度柱状图已保存: /Users/qianzekai/PycharmProjects/TolerDM/results/demandclean/breast_cancer/v5_auto_dueling_single/visualization/v5_auto_dueling_single_tolerance_bar.png

[Step 7] Shapley 三维度分析...
============================================================
DemandClean - 三维度 Shapley 分析
============================================================
  数据: 699 行 x 9 列
  错误数: 560
  错误分布: {'missing': 230, 'semantic': 184, 'syntactic': 112, 'unknown': 34}
  输出目录: /Users/qianzekai/PycharmProjects/TolerDM/results/demandclean/breast_cancer/v5_auto_dueling_single/evaluation/shapley

[Shapley] 维度1: 动作重要性 (精确枚举 4!=24 排列) ...
[Shapley] 图表已保存: /Users/qianzekai/PycharmProjects/TolerDM/results/demandclean/breast_cancer/v5_auto_dueling_single/evaluation/shapley/shapley_action_importance.png
  动作重要性 Shapley 值:
    delete              : +0.019113
    replace_nearby      : +0.006478
    no_action           : +0.002149
    repair_value        : +0.002092

[Shapley] 维度2: 跳过特征 Shapley（计算量过大，仅保留维度1和维度3）
[Shapley] 维度3: 错误类型重要性 (精确枚举 4!=24 排列) ...
[Shapley] 图表已保存: /Users/qianzekai/PycharmProjects/TolerDM/results/demandclean/breast_cancer/v5_auto_dueling_single/evaluation/shapley/shapley_error_type_importance.png
  错误类型重要性 Shapley 值:
    syntactic           : +0.011439
    label_noise         : +0.008259
    missing             : +0.000418
    semantic            : -0.003617

[Shapley] JSON 结果已保存: /Users/qianzekai/PycharmProjects/TolerDM/results/demandclean/breast_cancer/v5_auto_dueling_single/evaluation/shapley/shapley_results.json
[Shapley] Markdown 报告已保存: /Users/qianzekai/PycharmProjects/TolerDM/results/demandclean/breast_cancer/v5_auto_dueling_single/evaluation/shapley/shapley_report.md

============================================================
Shapley 分析完成!
============================================================
# Shapley Value Analysis Report

- 数据规模: 699 行 × 9 列
- 错误总数: 560
- 任务类型: classification (random_forest)
- MC 采样次数: 200

## 维度 1: 动作重要性 (Action Importance)

| 排名 | 动作 | Shapley 值 | 占比 | 方向 |
|------|------|-----------|------|------|
| 1 | delete | +0.019113 | 64.1% | ↑ 正贡献 |
| 2 | replace_nearby | +0.006478 | 21.7% | ↑ 正贡献 |
| 3 | no_action | +0.002149 | 7.2% | ↑ 正贡献 |
| 4 | repair_value | +0.002092 | 7.0% | ↑ 正贡献 |

**结论**: 最有效的清洗动作是 **delete**

## 维度 2: 特征重要性 (Feature Importance)

| 排名 | 特征 | Shapley 值 | 占比 | 清洗价值 |
|------|------|-----------|------|---------|
| 1 | Clump Thickness | +0.000000 | 0.0% | — 可忽略 |
| 2 | Uniformity of Cell Size | +0.000000 | 0.0% | — 可忽略 |
| 3 | Uniformity of Cell Shape | +0.000000 | 0.0% | — 可忽略 |
| 4 | Marginal Adhesion | +0.000000 | 0.0% | — 可忽略 |
| 5 | Single Epithelial Cell Size | +0.000000 | 0.0% | — 可忽略 |
| 6 | Bare Nuclei | +0.000000 | 0.0% | — 可忽略 |
| 7 | Bland Chromatin | +0.000000 | 0.0% | — 可忽略 |
| 8 | Normal Nucleoli | +0.000000 | 0.0% | — 可忽略 |
| 9 | Mitoses | +0.000000 | 0.0% | — 可忽略 |

**结论**: 
- 清洗价值极低的特征: Clump Thickness, Uniformity of Cell Size, Uniformity of Cell Shape（清洗它们几乎不影响性能）

## 维度 3: 错误类型重要性 (Error Type Importance)

| 排名 | 错误类型 | Shapley 值 | 占比 | 优先级 |
|------|---------|-----------|------|--------|
| 1 | syntactic | +0.011439 | 48.2% | 🔴 高 |
| 2 | label_noise | +0.008259 | 34.8% | 🟡 中 |
| 3 | missing | +0.000418 | 1.8% | 🟢 低 |
| 4 | semantic | -0.003617 | 15.2% | 🟢 低 |

**结论**: 对下游性能影响最大的错误类型是 **syntactic**，检测器应优先识别此类错误。

## 综合清洗建议



  输出文件:
    /Users/qianzekai/PycharmProjects/TolerDM/results/demandclean/breast_cancer/v5_auto_dueling_single/evaluation/shapley/shapley_action_importance.png
    /Users/qianzekai/PycharmProjects/TolerDM/results/demandclean/breast_cancer/v5_auto_dueling_single/evaluation/shapley/shapley_feature_importance.png
    /Users/qianzekai/PycharmProjects/TolerDM/results/demandclean/breast_cancer/v5_auto_dueling_single/evaluation/shapley/shapley_error_type_importance.png
    /Users/qianzekai/PycharmProjects/TolerDM/results/demandclean/breast_cancer/v5_auto_dueling_single/evaluation/shapley/shapley_results.json
    /Users/qianzekai/PycharmProjects/TolerDM/results/demandclean/breast_cancer/v5_auto_dueling_single/evaluation/shapley/shapley_report.md
============================================================

[Step 8] 训练曲线可视化...
  [可视化] 训练曲线已保存: /Users/qianzekai/PycharmProjects/TolerDM/results/demandclean/breast_cancer/v5_auto_dueling_single/visualization/v5_auto_dueling_single_training_curves.png

[Step 9] Clean4MLBaseline 统一测评...
======================================================================
Clean4MLBaseline 统一测评 - v5_auto_dueling_single
======================================================================

[1/5] 传统清洗指标
--------------------------------------------------
差异文件已保存到:
/Users/qianzekai/PycharmProjects/TolerDM/results/demandclean/breast_cancer/v5_auto_dueling_single/evaluation/v5_auto_dueling_single_clean_vs_dirty.csv
/Users/qianzekai/PycharmProjects/TolerDM/results/demandclean/breast_cancer/v5_auto_dueling_single/evaluation/v5_auto_dueling_single_dirty_vs_cleaned.csv
/Users/qianzekai/PycharmProjects/TolerDM/results/demandclean/breast_cancer/v5_auto_dueling_single/evaluation/v5_auto_dueling_single_clean_vs_cleaned.csv
修复错误数据文件已保存到: /Users/qianzekai/PycharmProjects/TolerDM/results/demandclean/breast_cancer/v5_auto_dueling_single/evaluation/v5_auto_dueling_single_repair_errors.csv
未修复但是应该修复数据文件已保存到: /Users/qianzekai/PycharmProjects/TolerDM/results/demandclean/breast_cancer/v5_auto_dueling_single/evaluation/v5_auto_dueling_single_unrepaired.csv
修复准确率: 0.07586206896551724, 修复召回率: 0.4230769230769231, F1值: 0.1286549707344482
========================================
EDR 结果已保存到: /Users/qianzekai/PycharmProjects/TolerDM/results/demandclean/breast_cancer/v5_auto_dueling_single/evaluation/v5_auto_dueling_single_edr_evaluation.txt
错误减少率 (EDR): -4.569230769230769
========================================
混合距离结果已保存到: /Users/qianzekai/PycharmProjects/TolerDM/results/demandclean/breast_cancer/v5_auto_dueling_single/evaluation/v5_auto_dueling_single_hybrid_distance_evaluation.txt
混合距离 (Hybrid Distance): 0.056522800291334656
========================================
R-EDR 结果已保存到: /Users/qianzekai/PycharmProjects/TolerDM/results/demandclean/breast_cancer/v5_auto_dueling_single/evaluation/v5_auto_dueling_single_record_based_edr_evaluation.txt
基于条目的错误减少率 (R-EDR): -1.7699115044247788
========================================

[2/5] 下游任务性能 (classification)
--------------------------------------------------
警告: 清洗后数据行数(391)与干净数据行数(699)不一致
将使用清洗后数据自身进行评估（行对齐）
通过索引对齐，使用 391 行数据进行评估
RF - Accuracy: 1.0000, F1: 1.0000, Precision: 1.0000, Recall: 1.0000
LR - Accuracy: 0.9873, F1: 0.9873, Precision: 0.9876, Recall: 0.9873
SVM - Accuracy: 0.9873, F1: 0.9873, Precision: 0.9876, Recall: 0.9873
KNN - Accuracy: 0.9873, F1: 0.9873, Precision: 0.9876, Recall: 0.9873
DT - Accuracy: 0.9873, F1: 0.9873, Precision: 0.9876, Recall: 0.9873
GB - Accuracy: 0.9873, F1: 0.9873, Precision: 0.9876, Recall: 0.9873

[3/5] 模型容忍度
--------------------------------------------------

容忍度计算结果:
  P_do_nothing (脏数据性能): 0.9424
  P_demand_clean (清洗后性能): 0.9241
  P_repair_all (完全修复性能): 0.9712
  先验容忍度 (Tolerance_prior): 0.9805
  后验容忍度 (Tolerance_post): -0.6392

[4/5] Snoopy上界评估
--------------------------------------------------
Snoopy模块可用，正在评估数据质量上界...
  脏数据上界: 0.9171
  清洗后上界: 0.9591
  干净数据上界: 0.9557
  上界提升比例: 1.0881

[5/5] 真值使用成本
--------------------------------------------------
  方法类型: Type 1 (全自动)
  实际真值使用: 45
  理想最小成本: 0
  总修改单元格: 2087
  正确修复: 0
  错误修复: 2087

======================================================================
测评完成，结果已保存到: /Users/qianzekai/PycharmProjects/TolerDM/results/demandclean/breast_cancer/v5_auto_dueling_single/evaluation/v5_auto_dueling_single_evaluation_results.txt
======================================================================
  统一测评完成，结果已保存到: /Users/qianzekai/PycharmProjects/TolerDM/results/demandclean/breast_cancer/v5_auto_dueling_single/v5_auto_dueling_single_evaluation_results.txt

[Step 10] 真值成本汇总...
  RAHA 检测成本: 20
  Agent 修复成本: 45
  总成本: 65 / 6291 cells = 1.0332%

  [输出] 报告已保存: /Users/qianzekai/PycharmProjects/TolerDM/results/demandclean/breast_cancer/v5_auto_dueling_single/report/v5_auto_dueling_single_report.json

  版本 v5_auto_dueling_single 完成! 耗时: 20.14s
  输出目录: /Users/qianzekai/PycharmProjects/TolerDM/results/demandclean/breast_cancer/v5_auto_dueling_single

======================================================================
版本: v7_auto_plain_single
数据集: breast_cancer | 任务: classification | 模型: random_forest
检测器: auto | Agent: single_stage | 推理: single_phase
训练轮数: 5 | 输出目录: /Users/qianzekai/PycharmProjects/TolerDM/results/demandclean/breast_cancer/v7_auto_plain_single
======================================================================

[Step 1] 创建 DemandClean 实例...

[Step 2] 训练 (5 episodes)...

[AutoDetector] 初始化
  RAHA 来源: pip:raha
  RAHA 可用: True
  CSV 路径: /Users/qianzekai/PycharmProjects/TolerDM/data/breast_cancer/dirty_index.csv
  FD 规则: 0 条
  规则文件: /Users/qianzekai/PycharmProjects/TolerDM/data/breast_cancer/rules.txt
  规则摘要: ParsedRules(REGEX=3, DOMAIN=10, CFD=22, DC=3, STAT=1)
  缺失值: 230 个

[检测] 在原始 CSV 上运行 RAHA (labeling_budget=20)...
  [RAHA] 数据规模: 699 行 × 11 列
296 strategy profiles are collected.
47 Features are generated for column 0.
62 Features are generated for column 1.
58 Features are generated for column 2.
61 Features are generated for column 3.
59 Features are generated for column 4.
58 Features are generated for column 5.
64 Features are generated for column 6.
67 Features are generated for column 7.
63 Features are generated for column 8.
62 Features are generated for column 9.
14 Features are generated for column 10.
A hierarchical clustering model is built for column 0.
A hierarchical clustering model is built for column 1.
A hierarchical clustering model is built for column 2.
A hierarchical clustering model is built for column 3.
A hierarchical clustering model is built for column 4.
A hierarchical clustering model is built for column 5.
A hierarchical clustering model is built for column 6.
A hierarchical clustering model is built for column 7.
A hierarchical clustering model is built for column 8.
A hierarchical clustering model is built for column 9.
A hierarchical clustering model is built for column 10.
Tuple 77 is sampled.
Tuple 77 is labeled.
Tuple 131 is sampled.
Tuple 131 is labeled.
Tuple 440 is sampled.
Tuple 440 is labeled.
Tuple 152 is sampled.
Tuple 152 is labeled.
Tuple 582 is sampled.
Tuple 582 is labeled.
Tuple 289 is sampled.
Tuple 289 is labeled.
Tuple 626 is sampled.
Tuple 626 is labeled.
Tuple 122 is sampled.
Tuple 122 is labeled.
Tuple 446 is sampled.
Tuple 446 is labeled.
Tuple 506 is sampled.
Tuple 506 is labeled.
Tuple 597 is sampled.
Tuple 597 is labeled.
Tuple 146 is sampled.
Tuple 146 is labeled.
Tuple 363 is sampled.
Tuple 363 is labeled.
Tuple 367 is sampled.
Tuple 367 is labeled.
Tuple 95 is sampled.
Tuple 95 is labeled.
Tuple 68 is sampled.
Tuple 68 is labeled.
Tuple 200 is sampled.
Tuple 200 is labeled.
Tuple 159 is sampled.
Tuple 159 is labeled.
Tuple 666 is sampled.
Tuple 666 is labeled.
Tuple 483 is sampled.
Tuple 483 is labeled.
The number of labeled data cells increased from 220 to 6742.
A classifier is trained and applied on column 0.
A classifier is trained and applied on column 1.
A classifier is trained and applied on column 2.
A classifier is trained and applied on column 3.
A classifier is trained and applied on column 4.
A classifier is trained and applied on column 5.
A classifier is trained and applied on column 6.
A classifier is trained and applied on column 7.
A classifier is trained and applied on column 8.
A classifier is trained and applied on column 9.
A classifier is trained and applied on column 10.
  RAHA 检测结果: 272 个单元格
  Precision=0.9007  Recall=0.4676  F1=0.6156
  RAHA 标注行数: 20 (labeling_budget=20)
  句法错误(RAHA): 66 个
  REGEX 规则检测: 53 个句法错误
  句法错误(RAHA+REGEX): 119 个
  DOMAIN 规则检测: 35 个语义错误 (特征列)
  CFD 规则检测: 84 个语义错误 (特征列)
  CFD 规则检测: 13 个标签错误
  DC 规则检测: 57 个语义错误
  语义错误: 151 个 (DOMAIN+CFD+DC)
  标签噪声: 34 个 (NaN=0, 规则=34)

  检测总结: 534 个错误 (缺失=230, 句法=119, 语义=151, 标签噪声=34)
  模型已保存: /Users/qianzekai/PycharmProjects/TolerDM/results/demandclean/breast_cancer/v7_auto_plain_single/model/v7_auto_plain_single_agent.pt
  训练历史已保存: /Users/qianzekai/PycharmProjects/TolerDM/results/demandclean/breast_cancer/v7_auto_plain_single/report/v7_auto_plain_single_history.json

[Step 3] 推理 (模式: single_phase)...
  缺失值: 230 个
  [RAHA] 使用缓存结果: 272 个单元格
  句法错误(RAHA): 66 个
  REGEX 规则检测: 53 个句法错误
  句法错误(RAHA+REGEX): 119 个
  DOMAIN 规则检测: 35 个语义错误 (特征列)
  CFD 规则检测: 84 个语义错误 (特征列)
  CFD 规则检测: 13 个标签错误
  DC 规则检测: 57 个语义错误
  语义错误: 151 个 (DOMAIN+CFD+DC)
  标签噪声: 34 个 (NaN=0, 规则=34)

  检测总结: 534 个错误 (缺失=230, 句法=119, 语义=151, 标签噪声=34)

============================================================
单阶段推理
============================================================
  算法: DQN (Single Stage)
  任务类型: classification
  下游模型: random_forest
  检测到的错误: 510 个 (missing=218, semantic=150, syntactic=109, label=33)

  推理进度: [====================] 510/510

  动作分布 (共 510 个错误):
    no_action            0 (  0.0%) 
    repair_value         0 (  0.0%) 
    delete               0 (  0.0%) 
    replace_nearby     510 (100.0%) ████████████████████████████████████████

  替换明细 (replace_nearby): 共 510 条
    行        列      脏值           → 替换值          错误类型      
    -------------------------------------------------------
    467      1      20.6165      → 0.9942       semantic  
    432      3      2.8714       → 0.1378       syntactic 
    247      4      8.4891       → 0.2222       semantic  
    308      8      NaN          → -0.2346      missing   
    23       5      NaN          → 0.5202       missing   
    163      8      44.0007      → -0.1474      syntactic 
    616      2      NaN          → -0.7433      missing   
    642      3      NaN          → 0.8387       missing   
    488      8      NaN          → -0.3439      missing   
    628      2      NaN          → -0.0197      missing   
    534      4      8.4891       → -0.4366      semantic  
    143      4      8.4891       → 0.0780       semantic  
    374      4      NaN          → -0.7425      missing   
    320      8      37.5824      → 1.0087       syntactic 
    8        8      1.9900       → -0.3439      semantic  
    223      8      5.4909       → -0.2438      syntactic 
    313      7      NaN          → -0.6118      missing   
    189      4      NaN          → -0.5496      missing   
    227      0      29.7052      → 1.0969       syntactic 
    394      1      6.1869       → -0.4934      semantic  
    406      2      -0.4066      → -0.4757      semantic  
    73       5      NaN          → 0.5351       missing   
    335      6      3.1036       → -0.6721      syntactic 
    441      8      5.4909       → -0.2289      syntactic 
    379      1      9.7943       → -0.5784      semantic  
    326      -1     4.0000       → 4.0000       label_noise
    248      4      NaN          → -0.5496      missing   
    568      6      NaN          → -0.0954      missing   
    187      8      4.9074       → 0.6243       syntactic 
    150      6      12.1325      → -0.5901      syntactic 
    ... 省略 480 条
  真值使用: 0
  动作分布: {'no_action': 0, 'repair_value': 0, 'delete': 0, 'replace_nearby': 510}
  清洗后数据已保存: /Users/qianzekai/PycharmProjects/TolerDM/results/demandclean/breast_cancer/v7_auto_plain_single/data/v7_auto_plain_single_cleaned.csv
  原始格式清洗数据已保存: /Users/qianzekai/PycharmProjects/TolerDM/results/demandclean/breast_cancer/v7_auto_plain_single/data/v7_auto_plain_single_cleaned_original.csv

[Step 4] 检测器准确率评估...
  缺失值: 230 个
  [RAHA] 使用缓存结果: 272 个单元格
  句法错误(RAHA): 66 个
  REGEX 规则检测: 53 个句法错误
  句法错误(RAHA+REGEX): 119 个
  DOMAIN 规则检测: 35 个语义错误 (特征列)
  CFD 规则检测: 84 个语义错误 (特征列)
  CFD 规则检测: 13 个标签错误
  DC 规则检测: 57 个语义错误
  语义错误: 151 个 (DOMAIN+CFD+DC)
  标签噪声: 34 个 (NaN=0, 规则=34)

  检测总结: 534 个错误 (缺失=230, 句法=119, 语义=151, 标签噪声=34)

============================================================
检测器准确率评估
============================================================
真实错误总数: 522 (缺失: 230, 值错误: 292)
检测报告总数: 500 (missing: 230, syntactic: 119, semantic: 151)
------------------------------------------------------------

  [总体]
    Precision = 0.8000  |  Recall = 0.7663  |  F1 = 0.7828
    TP=400  FP=100  FN=122  (GT=522, Det=500)

  [缺失值 (missing)]
    Precision = 1.0000  |  Recall = 1.0000  |  F1 = 1.0000
    TP=230  FP=0  FN=0  (GT=230, Det=230)

  [句法错误 (syntactic)]
    Precision = 0.8824  |  Recall = 0.3596  |  F1 = 0.5109
    TP=105  FP=14  FN=187  (GT=292, Det=119)

  [语义错误 (semantic)]
    Precision = 0.4305  |  Recall = 0.2226  |  F1 = 0.2935
    TP=65  FP=86  FN=227  (GT=292, Det=151)

  [值错误合并 (syntactic+semantic)]
    Precision = 0.6296  |  Recall = 0.5822  |  F1 = 0.6050
    TP=170  FP=100  FN=122  (GT=292, Det=270)

[Step 5] Baseline 评估与可视化...
  DeleteFix: 删除 354 行, 保留 345 行

============================================================
Baseline 对比评估 - v7_auto_plain_single
============================================================
  NoFix          : rf_accuracy=0.9357 | rf_f1=0.9355 | lr_accuracy=0.9286 | lr_f1=0.9276
  DeleteAll      : rf_accuracy=0.9688 | rf_f1=0.9685 | lr_accuracy=0.9062 | lr_f1=0.904
  DeleteFix      : rf_accuracy=0.942 | rf_f1=0.942 | lr_accuracy=0.942 | lr_f1=0.942
  ReplaceAll     : rf_accuracy=0.9357 | rf_f1=0.9355 | lr_accuracy=0.9286 | lr_f1=0.9276
  DemandClean    : rf_accuracy=0.9643 | rf_f1=0.9644 | lr_accuracy=0.9643 | lr_f1=0.9642
  FullFix        : rf_accuracy=0.9786 | rf_f1=0.9785 | lr_accuracy=0.9643 | lr_f1=0.9639
  [可视化] Baseline 对比图已保存: /Users/qianzekai/PycharmProjects/TolerDM/results/demandclean/breast_cancer/v7_auto_plain_single/visualization/v7_auto_plain_single_baseline_comparison.png

[Step 6] 模型容忍度评估...
============================================================
模型容忍度计算 - v7_auto_plain_single
任务类型: classification  |  模型列表: ['rf', 'lr']
============================================================

--- 模型: RF ---
  P_clean  = 0.9786
  P_dirty  = 0.9714
  P_dc     = 0.9786
  先验容忍度 (P_dc / P_dirty)            = 1.0074
  后验容忍度 (P_dc-P_dirty)/(P_clean-P_dirty) = 1.0000

--- 模型: LR ---
  P_clean  = 0.9643
  P_dirty  = 0.9500
  P_dc     = 0.9714
  先验容忍度 (P_dc / P_dirty)            = 1.0226
  后验容忍度 (P_dc-P_dirty)/(P_clean-P_dirty) = 1.5000
  容忍度柱状图已保存: /Users/qianzekai/PycharmProjects/TolerDM/results/demandclean/breast_cancer/v7_auto_plain_single/visualization/v7_auto_plain_single_tolerance_bar.png

[Step 7] Shapley 三维度分析...
============================================================
DemandClean - 三维度 Shapley 分析
============================================================
  数据: 699 行 x 9 列
  错误数: 534
  错误分布: {'missing': 230, 'semantic': 151, 'syntactic': 119, 'unknown': 34}
  输出目录: /Users/qianzekai/PycharmProjects/TolerDM/results/demandclean/breast_cancer/v7_auto_plain_single/evaluation/shapley

[Shapley] 维度1: 动作重要性 (精确枚举 4!=24 排列) ...
[Shapley] 图表已保存: /Users/qianzekai/PycharmProjects/TolerDM/results/demandclean/breast_cancer/v7_auto_plain_single/evaluation/shapley/shapley_action_importance.png
  动作重要性 Shapley 值:
    repair_value        : +0.004197
    replace_nearby      : +0.000600
    no_action           : -0.001799
    delete              : -0.002998

[Shapley] 维度2: 跳过特征 Shapley（计算量过大，仅保留维度1和维度3）
[Shapley] 维度3: 错误类型重要性 (精确枚举 4!=24 排列) ...
[Shapley] 图表已保存: /Users/qianzekai/PycharmProjects/TolerDM/results/demandclean/breast_cancer/v7_auto_plain_single/evaluation/shapley/shapley_error_type_importance.png
  错误类型重要性 Shapley 值:
    missing             : +0.009592
    semantic            : +0.002398
    label_noise         : -0.002398
    syntactic           : -0.002398

[Shapley] JSON 结果已保存: /Users/qianzekai/PycharmProjects/TolerDM/results/demandclean/breast_cancer/v7_auto_plain_single/evaluation/shapley/shapley_results.json
[Shapley] Markdown 报告已保存: /Users/qianzekai/PycharmProjects/TolerDM/results/demandclean/breast_cancer/v7_auto_plain_single/evaluation/shapley/shapley_report.md

============================================================
Shapley 分析完成!
============================================================
# Shapley Value Analysis Report

- 数据规模: 699 行 × 9 列
- 错误总数: 534
- 任务类型: classification (random_forest)
- MC 采样次数: 200

## 维度 1: 动作重要性 (Action Importance)

| 排名 | 动作 | Shapley 值 | 占比 | 方向 |
|------|------|-----------|------|------|
| 1 | repair_value | +0.004197 | 43.8% | ↑ 正贡献 |
| 2 | replace_nearby | +0.000600 | 6.2% | — 无影响 |
| 3 | no_action | -0.001799 | 18.8% | ↓ 负贡献 |
| 4 | delete | -0.002998 | 31.2% | ↓ 负贡献 |

**结论**: 最有效的清洗动作是 **repair_value**
（no_action, delete 对性能有负面影响，建议减少使用）

## 维度 2: 特征重要性 (Feature Importance)

| 排名 | 特征 | Shapley 值 | 占比 | 清洗价值 |
|------|------|-----------|------|---------|
| 1 | Clump Thickness | +0.000000 | 0.0% | — 可忽略 |
| 2 | Uniformity of Cell Size | +0.000000 | 0.0% | — 可忽略 |
| 3 | Uniformity of Cell Shape | +0.000000 | 0.0% | — 可忽略 |
| 4 | Marginal Adhesion | +0.000000 | 0.0% | — 可忽略 |
| 5 | Single Epithelial Cell Size | +0.000000 | 0.0% | — 可忽略 |
| 6 | Bare Nuclei | +0.000000 | 0.0% | — 可忽略 |
| 7 | Bland Chromatin | +0.000000 | 0.0% | — 可忽略 |
| 8 | Normal Nucleoli | +0.000000 | 0.0% | — 可忽略 |
| 9 | Mitoses | +0.000000 | 0.0% | — 可忽略 |

**结论**: 
- 清洗价值极低的特征: Clump Thickness, Uniformity of Cell Size, Uniformity of Cell Shape（清洗它们几乎不影响性能）

## 维度 3: 错误类型重要性 (Error Type Importance)

| 排名 | 错误类型 | Shapley 值 | 占比 | 优先级 |
|------|---------|-----------|------|--------|
| 1 | missing | +0.009592 | 57.1% | 🔴 高 |
| 2 | semantic | +0.002398 | 14.3% | 🟢 低 |
| 3 | label_noise | -0.002398 | 14.3% | 🟢 低 |
| 4 | syntactic | -0.002398 | 14.3% | 🟢 低 |

**结论**: 对下游性能影响最大的错误类型是 **missing**，检测器应优先识别此类错误。

## 综合清洗建议



  输出文件:
    /Users/qianzekai/PycharmProjects/TolerDM/results/demandclean/breast_cancer/v7_auto_plain_single/evaluation/shapley/shapley_action_importance.png
    /Users/qianzekai/PycharmProjects/TolerDM/results/demandclean/breast_cancer/v7_auto_plain_single/evaluation/shapley/shapley_feature_importance.png
    /Users/qianzekai/PycharmProjects/TolerDM/results/demandclean/breast_cancer/v7_auto_plain_single/evaluation/shapley/shapley_error_type_importance.png
    /Users/qianzekai/PycharmProjects/TolerDM/results/demandclean/breast_cancer/v7_auto_plain_single/evaluation/shapley/shapley_results.json
    /Users/qianzekai/PycharmProjects/TolerDM/results/demandclean/breast_cancer/v7_auto_plain_single/evaluation/shapley/shapley_report.md
============================================================

[Step 8] 训练曲线可视化...
  [可视化] 训练曲线已保存: /Users/qianzekai/PycharmProjects/TolerDM/results/demandclean/breast_cancer/v7_auto_plain_single/visualization/v7_auto_plain_single_training_curves.png

[Step 9] Clean4MLBaseline 统一测评...
======================================================================
Clean4MLBaseline 统一测评 - v7_auto_plain_single
======================================================================

[1/5] 传统清洗指标
--------------------------------------------------
差异文件已保存到:
/Users/qianzekai/PycharmProjects/TolerDM/results/demandclean/breast_cancer/v7_auto_plain_single/evaluation/v7_auto_plain_single_clean_vs_dirty.csv
/Users/qianzekai/PycharmProjects/TolerDM/results/demandclean/breast_cancer/v7_auto_plain_single/evaluation/v7_auto_plain_single_dirty_vs_cleaned.csv
/Users/qianzekai/PycharmProjects/TolerDM/results/demandclean/breast_cancer/v7_auto_plain_single/evaluation/v7_auto_plain_single_clean_vs_cleaned.csv
修复错误数据文件已保存到: /Users/qianzekai/PycharmProjects/TolerDM/results/demandclean/breast_cancer/v7_auto_plain_single/evaluation/v7_auto_plain_single_repair_errors.csv
未修复但是应该修复数据文件已保存到: /Users/qianzekai/PycharmProjects/TolerDM/results/demandclean/breast_cancer/v7_auto_plain_single/evaluation/v7_auto_plain_single_unrepaired.csv
修复准确率: 0.04725415070242656, 修复召回率: 0.14122137404580154, F1值: 0.07081339709161494
========================================
EDR 结果已保存到: /Users/qianzekai/PycharmProjects/TolerDM/results/demandclean/breast_cancer/v7_auto_plain_single/evaluation/v7_auto_plain_single_edr_evaluation.txt
错误减少率 (EDR): -2.066793893129771
========================================
混合距离结果已保存到: /Users/qianzekai/PycharmProjects/TolerDM/results/demandclean/breast_cancer/v7_auto_plain_single/evaluation/v7_auto_plain_single_hybrid_distance_evaluation.txt
混合距离 (Hybrid Distance): 0.3483095931919366
========================================
R-EDR 结果已保存到: /Users/qianzekai/PycharmProjects/TolerDM/results/demandclean/breast_cancer/v7_auto_plain_single/evaluation/v7_auto_plain_single_record_based_edr_evaluation.txt
基于条目的错误减少率 (R-EDR): -0.5639097744360902
========================================

[2/5] 下游任务性能 (classification)
--------------------------------------------------
RF - Accuracy: 0.9714, F1: 0.9716, Precision: 0.9722, Recall: 0.9714
LR - Accuracy: 0.9714, F1: 0.9714, Precision: 0.9714, Recall: 0.9714
SVM - Accuracy: 0.9786, F1: 0.9786, Precision: 0.9788, Recall: 0.9786
KNN - Accuracy: 0.9857, F1: 0.9857, Precision: 0.9857, Recall: 0.9857
DT - Accuracy: 0.9286, F1: 0.9286, Precision: 0.9286, Recall: 0.9286
GB - Accuracy: 0.9643, F1: 0.9646, Precision: 0.9658, Recall: 0.9643

[3/5] 模型容忍度
--------------------------------------------------

容忍度计算结果:
  P_do_nothing (脏数据性能): 0.9424
  P_demand_clean (清洗后性能): 0.9856
  P_repair_all (完全修复性能): 0.9712
  先验容忍度 (Tolerance_prior): 1.0458
  后验容忍度 (Tolerance_post): 1.5000

[4/5] Snoopy上界评估
--------------------------------------------------
Snoopy模块可用，正在评估数据质量上界...
  脏数据上界: 0.9171
  清洗后上界: 0.9585
  干净数据上界: 0.9557
  上界提升比例: 1.0732

[5/5] 真值使用成本
--------------------------------------------------
  方法类型: Type 1 (全自动)
  实际真值使用: 0
  理想最小成本: 0
  总修改单元格: 3909
  正确修复: 0
  错误修复: 3909

======================================================================
测评完成，结果已保存到: /Users/qianzekai/PycharmProjects/TolerDM/results/demandclean/breast_cancer/v7_auto_plain_single/evaluation/v7_auto_plain_single_evaluation_results.txt
======================================================================
  统一测评完成，结果已保存到: /Users/qianzekai/PycharmProjects/TolerDM/results/demandclean/breast_cancer/v7_auto_plain_single/v7_auto_plain_single_evaluation_results.txt

[Step 10] 真值成本汇总...
  RAHA 检测成本: 20
  Agent 修复成本: 0
  总成本: 20 / 6291 cells = 0.3179%

  [输出] 报告已保存: /Users/qianzekai/PycharmProjects/TolerDM/results/demandclean/breast_cancer/v7_auto_plain_single/report/v7_auto_plain_single_report.json

  版本 v7_auto_plain_single 完成! 耗时: 20.21s
  输出目录: /Users/qianzekai/PycharmProjects/TolerDM/results/demandclean/breast_cancer/v7_auto_plain_single

======================================================================
版本: v8_auto_plain_two
数据集: breast_cancer | 任务: classification | 模型: random_forest
检测器: auto | Agent: single_stage | 推理: two_phase
训练轮数: 5 | 输出目录: /Users/qianzekai/PycharmProjects/TolerDM/results/demandclean/breast_cancer/v8_auto_plain_two
======================================================================

[Step 1] 创建 DemandClean 实例...

[Step 2] 训练 (5 episodes)...

[AutoDetector] 初始化
  RAHA 来源: pip:raha
  RAHA 可用: True
  CSV 路径: /Users/qianzekai/PycharmProjects/TolerDM/data/breast_cancer/dirty_index.csv
  FD 规则: 0 条
  规则文件: /Users/qianzekai/PycharmProjects/TolerDM/data/breast_cancer/rules.txt
  规则摘要: ParsedRules(REGEX=3, DOMAIN=10, CFD=22, DC=3, STAT=1)
  缺失值: 230 个

[检测] 在原始 CSV 上运行 RAHA (labeling_budget=20)...
  [RAHA] 数据规模: 699 行 × 11 列
296 strategy profiles are collected.
47 Features are generated for column 0.
62 Features are generated for column 1.
58 Features are generated for column 2.
61 Features are generated for column 3.
59 Features are generated for column 4.
58 Features are generated for column 5.
64 Features are generated for column 6.
67 Features are generated for column 7.
63 Features are generated for column 8.
62 Features are generated for column 9.
14 Features are generated for column 10.
A hierarchical clustering model is built for column 0.
A hierarchical clustering model is built for column 1.
A hierarchical clustering model is built for column 2.
A hierarchical clustering model is built for column 3.
A hierarchical clustering model is built for column 4.
A hierarchical clustering model is built for column 5.
A hierarchical clustering model is built for column 6.
A hierarchical clustering model is built for column 7.
A hierarchical clustering model is built for column 8.
A hierarchical clustering model is built for column 9.
A hierarchical clustering model is built for column 10.
Tuple 319 is sampled.
Tuple 319 is labeled.
Tuple 84 is sampled.
Tuple 84 is labeled.
Tuple 521 is sampled.
Tuple 521 is labeled.
Tuple 524 is sampled.
Tuple 524 is labeled.
Tuple 608 is sampled.
Tuple 608 is labeled.
Tuple 98 is sampled.
Tuple 98 is labeled.
Tuple 151 is sampled.
Tuple 151 is labeled.
Tuple 50 is sampled.
Tuple 50 is labeled.
Tuple 429 is sampled.
Tuple 429 is labeled.
Tuple 642 is sampled.
Tuple 642 is labeled.
Tuple 54 is sampled.
Tuple 54 is labeled.
Tuple 18 is sampled.
Tuple 18 is labeled.
Tuple 469 is sampled.
Tuple 469 is labeled.
Tuple 617 is sampled.
Tuple 617 is labeled.
Tuple 268 is sampled.
Tuple 268 is labeled.
Tuple 63 is sampled.
Tuple 63 is labeled.
Tuple 624 is sampled.
Tuple 624 is labeled.
Tuple 391 is sampled.
Tuple 391 is labeled.
Tuple 523 is sampled.
Tuple 523 is labeled.
Tuple 12 is sampled.
Tuple 12 is labeled.
The number of labeled data cells increased from 220 to 6065.
A classifier is trained and applied on column 0.
A classifier is trained and applied on column 1.
A classifier is trained and applied on column 2.
A classifier is trained and applied on column 3.
A classifier is trained and applied on column 4.
A classifier is trained and applied on column 5.
A classifier is trained and applied on column 6.
A classifier is trained and applied on column 7.
A classifier is trained and applied on column 8.
A classifier is trained and applied on column 9.
A classifier is trained and applied on column 10.
  RAHA 检测结果: 309 个单元格
  Precision=0.7249  Recall=0.4275  F1=0.5378
  RAHA 标注行数: 20 (labeling_budget=20)
  RAHA 标签错误: 1 行
  句法错误(RAHA): 167 个
  REGEX 规则检测: 24 个句法错误
  句法错误(RAHA+REGEX): 191 个
  DOMAIN 规则检测: 42 个语义错误 (特征列)
  CFD 规则检测: 84 个语义错误 (特征列)
  CFD 规则检测: 13 个标签错误
  DC 规则检测: 52 个语义错误
  语义错误: 153 个 (DOMAIN+CFD+DC)
  标签噪声: 35 个 (NaN=0, 规则=35)

  检测总结: 609 个错误 (缺失=230, 句法=191, 语义=153, 标签噪声=35)
  模型已保存: /Users/qianzekai/PycharmProjects/TolerDM/results/demandclean/breast_cancer/v8_auto_plain_two/model/v8_auto_plain_two_agent.pt
  训练历史已保存: /Users/qianzekai/PycharmProjects/TolerDM/results/demandclean/breast_cancer/v8_auto_plain_two/report/v8_auto_plain_two_history.json

[Step 3] 推理 (模式: two_phase)...
  缺失值: 230 个
  [RAHA] 使用缓存结果: 309 个单元格
  RAHA 标签错误: 1 行
  句法错误(RAHA): 167 个
  REGEX 规则检测: 24 个句法错误
  句法错误(RAHA+REGEX): 191 个
  DOMAIN 规则检测: 42 个语义错误 (特征列)
  CFD 规则检测: 84 个语义错误 (特征列)
  CFD 规则检测: 13 个标签错误
  DC 规则检测: 52 个语义错误
  语义错误: 153 个 (DOMAIN+CFD+DC)
  标签噪声: 35 个 (NaN=0, 规则=35)

  检测总结: 609 个错误 (缺失=230, 句法=191, 语义=153, 标签噪声=35)

============================================================
两阶段推理 - 第一阶段 (Plan)
============================================================
  算法: DQN (Single Stage)
  任务类型: classification
  下游模型: random_forest
  检测到的错误: 609 个 (missing=230, semantic=153, syntactic=191, label=35)

  推理进度: [====================] 609/609

  动作分布 (共 609 个错误):
    no_action              609 (100.0%) ████████████████████████████████████████
    repair_value(计划)         0 (  0.0%) 
    delete                   0 (  0.0%) 
    replace_nearby           0 (  0.0%) 

  需要用户提供 0 个真值
  修复计划: 需要 0 个真值

============================================================
两阶段推理 - 第二阶段 (Execute)
============================================================
  提供的真值数量: 0
  计划修复数量: 0

  执行结果:
    成功匹配真值: 0 / 0
    删除行数: 0
    最终数据行数: 699
  真值使用: 0
  清洗后数据已保存: /Users/qianzekai/PycharmProjects/TolerDM/results/demandclean/breast_cancer/v8_auto_plain_two/data/v8_auto_plain_two_cleaned.csv
  原始格式清洗数据已保存: /Users/qianzekai/PycharmProjects/TolerDM/results/demandclean/breast_cancer/v8_auto_plain_two/data/v8_auto_plain_two_cleaned_original.csv

[Step 4] 检测器准确率评估...
  缺失值: 230 个
  [RAHA] 使用缓存结果: 309 个单元格
  RAHA 标签错误: 1 行
  句法错误(RAHA): 167 个
  REGEX 规则检测: 24 个句法错误
  句法错误(RAHA+REGEX): 191 个
  DOMAIN 规则检测: 42 个语义错误 (特征列)
  CFD 规则检测: 84 个语义错误 (特征列)
  CFD 规则检测: 13 个标签错误
  DC 规则检测: 52 个语义错误
  语义错误: 153 个 (DOMAIN+CFD+DC)
  标签噪声: 35 个 (NaN=0, 规则=35)

  检测总结: 609 个错误 (缺失=230, 句法=191, 语义=153, 标签噪声=35)

============================================================
检测器准确率评估
============================================================
真实错误总数: 522 (缺失: 230, 值错误: 292)
检测报告总数: 574 (missing: 230, syntactic: 191, semantic: 153)
------------------------------------------------------------

  [总体]
    Precision = 0.7091  |  Recall = 0.7797  |  F1 = 0.7427
    TP=407  FP=167  FN=115  (GT=522, Det=574)

  [缺失值 (missing)]
    Precision = 1.0000  |  Recall = 1.0000  |  F1 = 1.0000
    TP=230  FP=0  FN=0  (GT=230, Det=230)

  [句法错误 (syntactic)]
    Precision = 0.5550  |  Recall = 0.3630  |  F1 = 0.4389
    TP=106  FP=85  FN=186  (GT=292, Det=191)

  [语义错误 (semantic)]
    Precision = 0.4641  |  Recall = 0.2432  |  F1 = 0.3191
    TP=71  FP=82  FN=221  (GT=292, Det=153)

  [值错误合并 (syntactic+semantic)]
    Precision = 0.5145  |  Recall = 0.6062  |  F1 = 0.5566
    TP=177  FP=167  FN=115  (GT=292, Det=344)

[Step 5] Baseline 评估与可视化...
  DeleteFix: 删除 392 行, 保留 307 行

============================================================
Baseline 对比评估 - v8_auto_plain_two
============================================================
  NoFix          : rf_accuracy=0.9357 | rf_f1=0.9355 | lr_accuracy=0.9286 | lr_f1=0.9276
  DeleteAll      : rf_accuracy=0.9688 | rf_f1=0.9685 | lr_accuracy=0.9062 | lr_f1=0.904
  DeleteFix      : rf_accuracy=0.9677 | rf_f1=0.9672 | lr_accuracy=0.9677 | lr_f1=0.9672
  ReplaceAll     : rf_accuracy=0.9357 | rf_f1=0.9355 | lr_accuracy=0.9286 | lr_f1=0.9276
  DemandClean    : rf_accuracy=0.9357 | rf_f1=0.9355 | lr_accuracy=0.9286 | lr_f1=0.9276
  FullFix        : rf_accuracy=0.9786 | rf_f1=0.9785 | lr_accuracy=0.9643 | lr_f1=0.9639
  [可视化] Baseline 对比图已保存: /Users/qianzekai/PycharmProjects/TolerDM/results/demandclean/breast_cancer/v8_auto_plain_two/visualization/v8_auto_plain_two_baseline_comparison.png

[Step 6] 模型容忍度评估...
============================================================
模型容忍度计算 - v8_auto_plain_two
任务类型: classification  |  模型列表: ['rf', 'lr']
============================================================

--- 模型: RF ---
  P_clean  = 0.9786
  P_dirty  = 0.9714
  P_dc     = 0.9714
  先验容忍度 (P_dc / P_dirty)            = 1.0000
  后验容忍度 (P_dc-P_dirty)/(P_clean-P_dirty) = 0.0000

--- 模型: LR ---
  P_clean  = 0.9643
  P_dirty  = 0.9500
  P_dc     = 0.9500
  先验容忍度 (P_dc / P_dirty)            = 1.0000
  后验容忍度 (P_dc-P_dirty)/(P_clean-P_dirty) = 0.0000
  容忍度柱状图已保存: /Users/qianzekai/PycharmProjects/TolerDM/results/demandclean/breast_cancer/v8_auto_plain_two/visualization/v8_auto_plain_two_tolerance_bar.png

[Step 7] Shapley 三维度分析...
============================================================
DemandClean - 三维度 Shapley 分析
============================================================
  数据: 699 行 x 9 列
  错误数: 609
  错误分布: {'missing': 230, 'semantic': 153, 'syntactic': 191, 'unknown': 35}
  输出目录: /Users/qianzekai/PycharmProjects/TolerDM/results/demandclean/breast_cancer/v8_auto_plain_two/evaluation/shapley

[Shapley] 维度1: 动作重要性 (精确枚举 4!=24 排列) ...
[Shapley] 图表已保存: /Users/qianzekai/PycharmProjects/TolerDM/results/demandclean/breast_cancer/v8_auto_plain_two/evaluation/shapley/shapley_action_importance.png
  动作重要性 Shapley 值:
    no_action           : +0.000000
    repair_value        : +0.000000
    delete              : +0.000000
    replace_nearby      : +0.000000

[Shapley] 维度2: 跳过特征 Shapley（计算量过大，仅保留维度1和维度3）
[Shapley] 维度3: 错误类型重要性 (精确枚举 4!=24 排列) ...
[Shapley] 图表已保存: /Users/qianzekai/PycharmProjects/TolerDM/results/demandclean/breast_cancer/v8_auto_plain_two/evaluation/shapley/shapley_error_type_importance.png
  错误类型重要性 Shapley 值:
    missing             : +0.000000
    semantic            : +0.000000
    syntactic           : +0.000000
    label_noise         : +0.000000

[Shapley] JSON 结果已保存: /Users/qianzekai/PycharmProjects/TolerDM/results/demandclean/breast_cancer/v8_auto_plain_two/evaluation/shapley/shapley_results.json
[Shapley] Markdown 报告已保存: /Users/qianzekai/PycharmProjects/TolerDM/results/demandclean/breast_cancer/v8_auto_plain_two/evaluation/shapley/shapley_report.md

============================================================
Shapley 分析完成!
============================================================
# Shapley Value Analysis Report

- 数据规模: 699 行 × 9 列
- 错误总数: 609
- 任务类型: classification (random_forest)
- MC 采样次数: 200

## 维度 1: 动作重要性 (Action Importance)

| 排名 | 动作 | Shapley 值 | 占比 | 方向 |
|------|------|-----------|------|------|
| 1 | no_action | +0.000000 | 0.0% | — 无影响 |
| 2 | repair_value | +0.000000 | 0.0% | — 无影响 |
| 3 | delete | +0.000000 | 0.0% | — 无影响 |
| 4 | replace_nearby | +0.000000 | 0.0% | — 无影响 |

**结论**: 最有效的清洗动作是 **no_action**

## 维度 2: 特征重要性 (Feature Importance)

| 排名 | 特征 | Shapley 值 | 占比 | 清洗价值 |
|------|------|-----------|------|---------|
| 1 | Clump Thickness | +0.000000 | 0.0% | — 可忽略 |
| 2 | Uniformity of Cell Size | +0.000000 | 0.0% | — 可忽略 |
| 3 | Uniformity of Cell Shape | +0.000000 | 0.0% | — 可忽略 |
| 4 | Marginal Adhesion | +0.000000 | 0.0% | — 可忽略 |
| 5 | Single Epithelial Cell Size | +0.000000 | 0.0% | — 可忽略 |
| 6 | Bare Nuclei | +0.000000 | 0.0% | — 可忽略 |
| 7 | Bland Chromatin | +0.000000 | 0.0% | — 可忽略 |
| 8 | Normal Nucleoli | +0.000000 | 0.0% | — 可忽略 |
| 9 | Mitoses | +0.000000 | 0.0% | — 可忽略 |

**结论**: 
- 清洗价值极低的特征: Clump Thickness, Uniformity of Cell Size, Uniformity of Cell Shape（清洗它们几乎不影响性能）

## 维度 3: 错误类型重要性 (Error Type Importance)

| 排名 | 错误类型 | Shapley 值 | 占比 | 优先级 |
|------|---------|-----------|------|--------|
| 1 | missing | +0.000000 | 0.0% | 🟢 低 |
| 2 | semantic | +0.000000 | 0.0% | 🟢 低 |
| 3 | syntactic | +0.000000 | 0.0% | 🟢 低 |
| 4 | label_noise | +0.000000 | 0.0% | 🟢 低 |

**结论**: 对下游性能影响最大的错误类型是 **missing**，检测器应优先识别此类错误。

## 综合清洗建议



  输出文件:
    /Users/qianzekai/PycharmProjects/TolerDM/results/demandclean/breast_cancer/v8_auto_plain_two/evaluation/shapley/shapley_action_importance.png
    /Users/qianzekai/PycharmProjects/TolerDM/results/demandclean/breast_cancer/v8_auto_plain_two/evaluation/shapley/shapley_feature_importance.png
    /Users/qianzekai/PycharmProjects/TolerDM/results/demandclean/breast_cancer/v8_auto_plain_two/evaluation/shapley/shapley_error_type_importance.png
    /Users/qianzekai/PycharmProjects/TolerDM/results/demandclean/breast_cancer/v8_auto_plain_two/evaluation/shapley/shapley_results.json
    /Users/qianzekai/PycharmProjects/TolerDM/results/demandclean/breast_cancer/v8_auto_plain_two/evaluation/shapley/shapley_report.md
============================================================

[Step 8] 训练曲线可视化...
  [可视化] 训练曲线已保存: /Users/qianzekai/PycharmProjects/TolerDM/results/demandclean/breast_cancer/v8_auto_plain_two/visualization/v8_auto_plain_two_training_curves.png

[Step 9] Clean4MLBaseline 统一测评...
======================================================================
Clean4MLBaseline 统一测评 - v8_auto_plain_two
======================================================================

[1/5] 传统清洗指标
--------------------------------------------------
差异文件已保存到:
/Users/qianzekai/PycharmProjects/TolerDM/results/demandclean/breast_cancer/v8_auto_plain_two/evaluation/v8_auto_plain_two_clean_vs_dirty.csv
/Users/qianzekai/PycharmProjects/TolerDM/results/demandclean/breast_cancer/v8_auto_plain_two/evaluation/v8_auto_plain_two_dirty_vs_cleaned.csv
/Users/qianzekai/PycharmProjects/TolerDM/results/demandclean/breast_cancer/v8_auto_plain_two/evaluation/v8_auto_plain_two_clean_vs_cleaned.csv
修复错误数据文件已保存到: /Users/qianzekai/PycharmProjects/TolerDM/results/demandclean/breast_cancer/v8_auto_plain_two/evaluation/v8_auto_plain_two_repair_errors.csv
未修复但是应该修复数据文件已保存到: /Users/qianzekai/PycharmProjects/TolerDM/results/demandclean/breast_cancer/v8_auto_plain_two/evaluation/v8_auto_plain_two_unrepaired.csv
修复准确率: 0.0, 修复召回率: 0.0, F1值: 0.0
========================================
EDR 结果已保存到: /Users/qianzekai/PycharmProjects/TolerDM/results/demandclean/breast_cancer/v8_auto_plain_two/evaluation/v8_auto_plain_two_edr_evaluation.txt
错误减少率 (EDR): -2.0286259541984735
========================================
混合距离结果已保存到: /Users/qianzekai/PycharmProjects/TolerDM/results/demandclean/breast_cancer/v8_auto_plain_two/evaluation/v8_auto_plain_two_hybrid_distance_evaluation.txt
混合距离 (Hybrid Distance): 0.3486201534044543
========================================
R-EDR 结果已保存到: /Users/qianzekai/PycharmProjects/TolerDM/results/demandclean/breast_cancer/v8_auto_plain_two/evaluation/v8_auto_plain_two_record_based_edr_evaluation.txt
基于条目的错误减少率 (R-EDR): -0.5714285714285714
========================================

[2/5] 下游任务性能 (classification)
--------------------------------------------------
RF - Accuracy: 0.9643, F1: 0.9642, Precision: 0.9642, Recall: 0.9643
LR - Accuracy: 0.9429, F1: 0.9421, Precision: 0.9432, Recall: 0.9429
SVM - Accuracy: 0.9357, F1: 0.9359, Precision: 0.9362, Recall: 0.9357
KNN - Accuracy: 0.9429, F1: 0.9432, Precision: 0.9439, Recall: 0.9429
DT - Accuracy: 0.9214, F1: 0.9207, Precision: 0.9209, Recall: 0.9214
GB - Accuracy: 0.9357, F1: 0.9355, Precision: 0.9354, Recall: 0.9357

[3/5] 模型容忍度
--------------------------------------------------

容忍度计算结果:
  P_do_nothing (脏数据性能): 0.9424
  P_demand_clean (清洗后性能): 0.9712
  P_repair_all (完全修复性能): 0.9712
  先验容忍度 (Tolerance_prior): 1.0305
  后验容忍度 (Tolerance_post): 1.0000

[4/5] Snoopy上界评估
--------------------------------------------------
Snoopy模块可用，正在评估数据质量上界...
  脏数据上界: 0.9171
  清洗后上界: 0.9357
  干净数据上界: 0.9557
  上界提升比例: 0.4812

[5/5] 真值使用成本
--------------------------------------------------
  方法类型: Type 2 (需验证集)
  实际真值使用: 0
  理想最小成本: 0
  总修改单元格: 3762
  正确修复: 0
  错误修复: 3762

======================================================================
测评完成，结果已保存到: /Users/qianzekai/PycharmProjects/TolerDM/results/demandclean/breast_cancer/v8_auto_plain_two/evaluation/v8_auto_plain_two_evaluation_results.txt
======================================================================
  统一测评完成，结果已保存到: /Users/qianzekai/PycharmProjects/TolerDM/results/demandclean/breast_cancer/v8_auto_plain_two/v8_auto_plain_two_evaluation_results.txt

[Step 10] 真值成本汇总...
  RAHA 检测成本: 20
  Agent 修复成本: 0
  总成本: 20 / 6291 cells = 0.3179%

  [输出] 报告已保存: /Users/qianzekai/PycharmProjects/TolerDM/results/demandclean/breast_cancer/v8_auto_plain_two/report/v8_auto_plain_two_report.json

  版本 v8_auto_plain_two 完成! 耗时: 20.60s
  输出目录: /Users/qianzekai/PycharmProjects/TolerDM/results/demandclean/breast_cancer/v8_auto_plain_two

======================================================================
跨版本对比分析 - breast_cancer
======================================================================

============================================================
跨版本对比分析 - breast_cancer
============================================================

对比表格 (6 行):
               version model  P_clean  P_dirty     P_dc  tolerance_prior  tolerance_post
v5_auto_dueling_single    rf 0.978571 0.971429 0.542857         0.558824           -60.0
v5_auto_dueling_single    lr 0.964286 0.950000 0.764286         0.804511           -13.0
  v7_auto_plain_single    rf 0.978571 0.971429 0.978571         1.007353             1.0
  v7_auto_plain_single    lr 0.964286 0.950000 0.971429         1.022556             1.5
     v8_auto_plain_two    rf 0.978571 0.971429 0.971429         1.000000             0.0
     v8_auto_plain_two    lr 0.964286 0.950000 0.950000         1.000000             0.0

  对比表格已保存: /Users/qianzekai/PycharmProjects/TolerDM/results/demandclean/breast_cancer/breast_cancer_version_comparison.csv
  对比柱状图已保存: /Users/qianzekai/PycharmProjects/TolerDM/results/demandclean/breast_cancer/breast_cancer_version_comparison.png
  跨版本对比已保存到: /Users/qianzekai/PycharmProjects/TolerDM/results/demandclean/breast_cancer
  汇总表格已保存: /Users/qianzekai/PycharmProjects/TolerDM/results/demandclean/breast_cancer/breast_cancer_all_versions_summary.csv

               version detector             agent    inference  truth_cost  elapsed_time  raha_cost  total_cost  cost_ratio  dc_accuracy  dc_f1  tol_prior  tol_post
v5_auto_dueling_single     auto dueling_two_stage single_phase          45         20.14         20          65    0.010332       1.0000 1.0000   0.558824     -60.0
  v7_auto_plain_single     auto      single_stage single_phase           0         20.21         20          20    0.003179       0.9643 0.9644   1.007353       1.0
     v8_auto_plain_two     auto      single_stage    two_phase           0         20.60         20          20    0.003179       0.9357 0.9355   1.000000       0.0
  跨版本对比图已保存: /Users/qianzekai/PycharmProjects/TolerDM/results/demandclean/breast_cancer/breast_cancer_all_versions_comparison.png

######################################################################
# 数据集: har
######################################################################
  数据集: har
  脏数据: (70000, 3), 干净数据: (70000, 3)
  特征列: 3, 标签列: gt
  FD规则: 0 条

======================================================================
版本: v5_auto_dueling_single
数据集: har | 任务: clustering | 模型: kmeans
检测器: auto | Agent: dueling_two_stage | 推理: single_phase
训练轮数: 5 | 输出目录: /Users/qianzekai/PycharmProjects/TolerDM/results/demandclean/har/v5_auto_dueling_single
======================================================================

[Step 1] 创建 DemandClean 实例...

[Step 2] 训练 (5 episodes)...

[AutoDetector] 初始化
  RAHA 来源: pip:raha
  RAHA 可用: True
  CSV 路径: /Users/qianzekai/PycharmProjects/TolerDM/data/har/dirty_index.csv
  FD 规则: 0 条
  规则文件: /Users/qianzekai/PycharmProjects/TolerDM/data/har/rules.txt
  规则摘要: ParsedRules(DOMAIN=4, FD=1, STAT=1)
  缺失值: 6360 个
  标签缺失(NaN): 2752 个

[检测] 在原始 CSV 上运行 RAHA (labeling_budget=20)...
  [RAHA] 数据规模: 70000 行 × 5 列
  [RAHA] 行数 70000 > 20000，启用行分块模式
  [行分块] 总行数 70000, 分为 4 批 (每批≤20000行)
  [行分块 1/4] 行 0~19999 (20000 行)
125 strategy profiles are collected.
38 Features are generated for column 0.
45 Features are generated for column 1.
48 Features are generated for column 2.
49 Features are generated for column 3.
36 Features are generated for column 4.
A hierarchical clustering model is built for column 0.
A hierarchical clustering model is built for column 1.
A hierarchical clustering model is built for column 2.
A hierarchical clustering model is built for column 3.
A hierarchical clustering model is built for column 4.
Tuple 7270 is sampled.
Tuple 7270 is labeled.
Tuple 17642 is sampled.
Tuple 17642 is labeled.
Tuple 3437 is sampled.
Tuple 3437 is labeled.
Tuple 13196 is sampled.
Tuple 13196 is labeled.
Tuple 539 is sampled.
Tuple 539 is labeled.
Tuple 760 is sampled.
Tuple 760 is labeled.
Tuple 9498 is sampled.
Tuple 9498 is labeled.
Tuple 7394 is sampled.
Tuple 7394 is labeled.
Tuple 5996 is sampled.
Tuple 5996 is labeled.
Tuple 16855 is sampled.
Tuple 16855 is labeled.
Tuple 14868 is sampled.
Tuple 14868 is labeled.
Tuple 17578 is sampled.
Tuple 17578 is labeled.
Tuple 10153 is sampled.
Tuple 10153 is labeled.
Tuple 15420 is sampled.
Tuple 15420 is labeled.
Tuple 9292 is sampled.
Tuple 9292 is labeled.
Tuple 15308 is sampled.
Tuple 15308 is labeled.
Tuple 14291 is sampled.
Tuple 14291 is labeled.
Tuple 14912 is sampled.
Tuple 14912 is labeled.
Tuple 12441 is sampled.
Tuple 12441 is labeled.
Tuple 16834 is sampled.
Tuple 16834 is labeled.
The number of labeled data cells increased from 100 to 89054.
A classifier is trained and applied on column 0.
A classifier is trained and applied on column 1.
A classifier is trained and applied on column 2.
A classifier is trained and applied on column 3.
A classifier is trained and applied on column 4.
  RAHA 检测结果: 10711 个单元格
  Precision=0.9632  Recall=0.9255  F1=0.9440
  RAHA 标注行数: 20 (labeling_budget=20)
  [行分块 1] 检测: 10711 个, 标注行: 20 个
  [行分块 2/4] 行 20000~39999 (20000 行)
125 strategy profiles are collected.
14 Features are generated for column 0.
45 Features are generated for column 1.
48 Features are generated for column 2.
45 Features are generated for column 3.
36 Features are generated for column 4.
A hierarchical clustering model is built for column 0.
A hierarchical clustering model is built for column 1.
A hierarchical clustering model is built for column 2.
A hierarchical clustering model is built for column 3.
A hierarchical clustering model is built for column 4.
Tuple 17810 is sampled.
Tuple 17810 is labeled.
Tuple 18102 is sampled.
Tuple 18102 is labeled.
Tuple 9639 is sampled.
Tuple 9639 is labeled.
Tuple 18193 is sampled.
Tuple 18193 is labeled.
Tuple 10528 is sampled.
Tuple 10528 is labeled.
Tuple 3171 is sampled.
Tuple 3171 is labeled.
Tuple 19149 is sampled.
Tuple 19149 is labeled.
Tuple 4190 is sampled.
Tuple 4190 is labeled.
Tuple 14640 is sampled.
Tuple 14640 is labeled.
Tuple 16993 is sampled.
Tuple 16993 is labeled.
Tuple 19369 is sampled.
Tuple 19369 is labeled.
Tuple 2385 is sampled.
Tuple 2385 is labeled.
Tuple 13486 is sampled.
Tuple 13486 is labeled.
Tuple 9972 is sampled.
Tuple 9972 is labeled.
Tuple 130 is sampled.
Tuple 130 is labeled.
Tuple 2148 is sampled.
Tuple 2148 is labeled.
Tuple 3115 is sampled.
Tuple 3115 is labeled.
Tuple 10511 is sampled.
Tuple 10511 is labeled.
Tuple 18407 is sampled.
Tuple 18407 is labeled.
Tuple 17689 is sampled.
Tuple 17689 is labeled.
The number of labeled data cells increased from 100 to 90842.
A classifier is trained and applied on column 0.
A classifier is trained and applied on column 1.
A classifier is trained and applied on column 2.
A classifier is trained and applied on column 3.
A classifier is trained and applied on column 4.
  RAHA 检测结果: 9889 个单元格
  Precision=0.9581  Recall=0.8439  F1=0.8974
  RAHA 标注行数: 20 (labeling_budget=20)
  [行分块 2] 检测: 9889 个, 标注行: 20 个
  [行分块 3/4] 行 40000~59999 (20000 行)
126 strategy profiles are collected.
14 Features are generated for column 0.
48 Features are generated for column 1.
42 Features are generated for column 2.
47 Features are generated for column 3.
46 Features are generated for column 4.
A hierarchical clustering model is built for column 0.
A hierarchical clustering model is built for column 1.
A hierarchical clustering model is built for column 2.
A hierarchical clustering model is built for column 3.
A hierarchical clustering model is built for column 4.
Tuple 8259 is sampled.
Tuple 8259 is labeled.
Tuple 12692 is sampled.
Tuple 12692 is labeled.
Tuple 16157 is sampled.
Tuple 16157 is labeled.
Tuple 731 is sampled.
Tuple 731 is labeled.
Tuple 4229 is sampled.
Tuple 4229 is labeled.
Tuple 14924 is sampled.
Tuple 14924 is labeled.
Tuple 15322 is sampled.
Tuple 15322 is labeled.
Tuple 6176 is sampled.
Tuple 6176 is labeled.
Tuple 2237 is sampled.
Tuple 2237 is labeled.
Tuple 1115 is sampled.
Tuple 1115 is labeled.
Tuple 19161 is sampled.
Tuple 19161 is labeled.
Tuple 14151 is sampled.
Tuple 14151 is labeled.
Tuple 5457 is sampled.
Tuple 5457 is labeled.
Tuple 19804 is sampled.
Tuple 19804 is labeled.
Tuple 16700 is sampled.
Tuple 16700 is labeled.
Tuple 3416 is sampled.
Tuple 3416 is labeled.
Tuple 509 is sampled.
Tuple 509 is labeled.
Tuple 10334 is sampled.
Tuple 10334 is labeled.
Tuple 3593 is sampled.
Tuple 3593 is labeled.
Tuple 13063 is sampled.
Tuple 13063 is labeled.
The number of labeled data cells increased from 100 to 92577.
A classifier is trained and applied on column 0.
A classifier is trained and applied on column 1.
A classifier is trained and applied on column 2.
A classifier is trained and applied on column 3.
A classifier is trained and applied on column 4.
  RAHA 检测结果: 11020 个单元格
  Precision=0.8658  Recall=0.8511  F1=0.8584
  RAHA 标注行数: 20 (labeling_budget=20)
  [行分块 3] 检测: 11020 个, 标注行: 20 个
  [行分块 4/4] 行 60000~69999 (10000 行)
123 strategy profiles are collected.
14 Features are generated for column 0.
48 Features are generated for column 1.
42 Features are generated for column 2.
52 Features are generated for column 3.
43 Features are generated for column 4.
A hierarchical clustering model is built for column 0.
A hierarchical clustering model is built for column 1.
A hierarchical clustering model is built for column 2.
A hierarchical clustering model is built for column 3.
A hierarchical clustering model is built for column 4.
Tuple 3168 is sampled.
Tuple 3168 is labeled.
Tuple 4480 is sampled.
Tuple 4480 is labeled.
Tuple 7156 is sampled.
Tuple 7156 is labeled.
Tuple 8638 is sampled.
Tuple 8638 is labeled.
Tuple 4852 is sampled.
Tuple 4852 is labeled.
Tuple 3153 is sampled.
Tuple 3153 is labeled.
Tuple 9642 is sampled.
Tuple 9642 is labeled.
Tuple 1342 is sampled.
Tuple 1342 is labeled.
Tuple 734 is sampled.
Tuple 734 is labeled.
Tuple 2553 is sampled.
Tuple 2553 is labeled.
Tuple 5429 is sampled.
Tuple 5429 is labeled.
Tuple 4886 is sampled.
Tuple 4886 is labeled.
Tuple 1372 is sampled.
Tuple 1372 is labeled.
Tuple 3252 is sampled.
Tuple 3252 is labeled.
Tuple 8480 is sampled.
Tuple 8480 is labeled.
Tuple 3805 is sampled.
Tuple 3805 is labeled.
Tuple 2105 is sampled.
Tuple 2105 is labeled.
Tuple 8069 is sampled.
Tuple 8069 is labeled.
Tuple 3047 is sampled.
Tuple 3047 is labeled.
Tuple 2133 is sampled.
Tuple 2133 is labeled.
The number of labeled data cells increased from 100 to 44657.
A classifier is trained and applied on column 0.
A classifier is trained and applied on column 1.
A classifier is trained and applied on column 2.
A classifier is trained and applied on column 3.
A classifier is trained and applied on column 4.
  RAHA 检测结果: 5805 个单元格
  Precision=0.9289  Recall=0.9740  F1=0.9509
  RAHA 标注行数: 20 (labeling_budget=20)
  [行分块 4] 检测: 5805 个, 标注行: 20 个
  [行分块] 合并结果: 37425 个检测, 80 个标注行
  RAHA 标签错误: 1638 行
  句法错误(RAHA): 30033 个
  DOMAIN 规则检测: 1692 个语义错误 (特征列)
  DOMAIN 规则检测: 2752 个标签错误
  语义错误: 1692 个 (DOMAIN)
  标签噪声: 2854 个 (NaN=2752, 规则=102)

  检测总结: 40939 个错误 (缺失=6360, 句法=30033, 语义=1692, 标签噪声=2854)
  模型已保存: /Users/qianzekai/PycharmProjects/TolerDM/results/demandclean/har/v5_auto_dueling_single/model/v5_auto_dueling_single_agent.pt
  训练历史已保存: /Users/qianzekai/PycharmProjects/TolerDM/results/demandclean/har/v5_auto_dueling_single/report/v5_auto_dueling_single_history.json

[Step 3] 推理 (模式: single_phase)...
  缺失值: 6360 个
  标签缺失(NaN): 2752 个
  [RAHA] 使用缓存结果: 37425 个单元格
  RAHA 标签错误: 1638 行
  句法错误(RAHA): 30033 个
  DOMAIN 规则检测: 1692 个语义错误 (特征列)
  DOMAIN 规则检测: 2752 个标签错误
  语义错误: 1692 个 (DOMAIN)
  标签噪声: 2854 个 (NaN=2752, 规则=102)

  检测总结: 40939 个错误 (缺失=6360, 句法=30033, 语义=1692, 标签噪声=2854)

============================================================
单阶段推理
============================================================
  算法: Dueling Double DQN (Two Stage)
  任务类型: clustering
  下游模型: kmeans
  检测到的错误: 40872 个 (missing=6346, semantic=1692, syntactic=29988, label=2846)

  推理进度: [====================] 40872/40872

  动作分布 (共 33315 个错误):
    no_action            0 (  0.0%) 
    repair_value      1374 (  4.1%) █
    delete           30404 ( 91.3%) ████████████████████████████████████
    replace_nearby    1537 (  4.6%) █

  修复明细 (repair_value): 共 1374 条
    行        列      脏值           → 修复值          错误类型      
    -------------------------------------------------------
    8821     0      3.8510       → -0.7862      syntactic 
    10081    0      -6.3668      → -0.7462      syntactic 
    10043    0      -2.6203      → -0.7636      syntactic 
    8112     0      6.1228       → -0.7922      syntactic 
    11750    0      1.6623       → -0.7779      syntactic 
    5642     0      -7.6021      → -0.7835      syntactic 
    6875     0      -4.0661      → -0.7632      syntactic 
    11884    0      -1.6164      → -0.7824      syntactic 
    7086     0      10.8515      → -0.7568      syntactic 
    13018    0      1.8542       → -0.8028      syntactic 
    8257     0      -5.2808      → -0.7915      syntactic 
    8946     0      -3.7314      → -0.8013      syntactic 
    7785     0      -3.9184      → -0.7647      syntactic 
    5140     0      6.1426       → -0.7711      syntactic 
    8819     0      0.9818       → -0.7945      syntactic 
    10093    0      4.0145       → -0.7922      syntactic 
    4135     0      -0.1769      → -0.7922      syntactic 
    3716     0      -6.2090      → -0.7926      syntactic 
    6051     0      -1.6069      → -0.7715      syntactic 
    3084     0      1.1469       → -0.7892      syntactic 
    6218     0      0.6943       → -0.7881      syntactic 
    7872     0      4.4840       → -0.7715      syntactic 
    7556     0      -4.9144      → -0.7466      syntactic 
    895      0      1.1404       → -0.8073      syntactic 
    4379     0      4.0543       → -0.7700      syntactic 
    11786    0      0.7370       → -0.7820      syntactic 
    11693    0      -0.5462      → -0.7617      syntactic 
    10058    0      -1.5720      → -0.7711      syntactic 
    8256     0      -4.0123      → -0.8141      syntactic 
    10037    0      -2.6231      → -0.7873      syntactic 
    ... 省略 1344 条

  替换明细 (replace_nearby): 共 1537 条
    行        列      脏值           → 替换值          错误类型      
    -------------------------------------------------------
    68464    0      NaN          → 1.1895       missing   
    69134    0      -1.5724      → 1.1856       syntactic 
    67972    0      3.1574       → 1.1976       syntactic 
    67726    0      -1.9993      → 1.1891       syntactic 
    68208    0      -2.8461      → 1.1725       syntactic 
    68870    0      9.5892       → 1.3171       syntactic 
    68161    0      3.9503       → 1.1791       syntactic 
    69117    0      -4.3254      → 1.2001       syntactic 
    67412    0      1.1795       → 1.1810       syntactic 
    69263    0      2.9471       → -1.2089      syntactic 
    66967    0      5.7141       → 1.1784       syntactic 
    64508    0      7.0617       → 1.1859       syntactic 
    65397    0      -3.9043      → 1.2496       syntactic 
    65799    0      1.0126       → 0.3280       syntactic 
    64951    0      2.4050       → -0.0065      syntactic 
    66962    0      NaN          → 1.1525       missing   
    67104    0      NaN          → 1.1936       missing   
    66868    0      1.1693       → 1.3171       syntactic 
    64127    0      -5.3348      → 1.1808       syntactic 
    65371    0      -4.2395      → 1.1689       syntactic 
    62911    0      1.1927       → 1.1998       syntactic 
    66175    0      -3.1851      → 1.1931       syntactic 
    69743    0      -3.5054      → 1.1835       syntactic 
    62123    0      3.8671       → 1.1865       syntactic 
    65582    0      1.1465       → 1.1582       syntactic 
    64482    0      -8.9170      → 1.2017       syntactic 
    69124    0      3.3275       → 1.1709       syntactic 
    66172    0      2.0313       → 1.1780       syntactic 
    63485    0      -2.6694      → -1.2089      syntactic 
    69917    0      1.2262       → 1.1851       syntactic 
    ... 省略 1507 条

  删除明细 (delete): 共 30404 条
    行        列      脏值           错误类型      
    ----------------------------------------
    24143    0      -0.1749      syntactic 
    31256    0      8.9870       syntactic 
    13569    2      -0.0528      syntactic 
    24084    1      6.0632       semantic  
    28871    -1     NaN          label_noise
    54641    1      -0.2954      syntactic 
    25403    0      -0.8654      syntactic 
    60387    0      2.3238       syntactic 
    58767    2      0.8653       syntactic 
    31785    0      1.6877       syntactic 
    29980    0      0.1040       syntactic 
    5477     0      -8.0997      syntactic 
    35713    2      3.5910       syntactic 
    47325    2      1.0156       syntactic 
    48255    1      0.6671       syntactic 
    35513    0      -6.0634      syntactic 
    48202    2      0.5618       syntactic 
    5740     0      NaN          missing   
    24045    1      NaN          missing   
    60603    1      NaN          missing   
    25728    1      NaN          missing   
    50351    0      -0.2402      syntactic 
    54656    2      2.6062       syntactic 
    5944     2      -5.7417      syntactic 
    61782    1      -1.4030      syntactic 
    16548    0      NaN          missing   
    38533    0      2.7749       syntactic 
    50454    1      -1.1595      syntactic 
    50241    0      0.7806       syntactic 
    28528    0      -2.4070      syntactic 
    ... 省略 30374 条
  真值使用: 1374
  动作分布: {'no_action': 0, 'repair_value': 1374, 'delete': 30404, 'replace_nearby': 1537}
  清洗后数据已保存: /Users/qianzekai/PycharmProjects/TolerDM/results/demandclean/har/v5_auto_dueling_single/data/v5_auto_dueling_single_cleaned.csv
  原始格式清洗数据已保存: /Users/qianzekai/PycharmProjects/TolerDM/results/demandclean/har/v5_auto_dueling_single/data/v5_auto_dueling_single_cleaned_original.csv

[Step 4] 检测器准确率评估...
  缺失值: 6360 个
  标签缺失(NaN): 2752 个
  [RAHA] 使用缓存结果: 37425 个单元格
  RAHA 标签错误: 1638 行
  句法错误(RAHA): 30033 个
  DOMAIN 规则检测: 1692 个语义错误 (特征列)
  DOMAIN 规则检测: 2752 个标签错误
  语义错误: 1692 个 (DOMAIN)
  标签噪声: 2854 个 (NaN=2752, 规则=102)

  检测总结: 40939 个错误 (缺失=6360, 句法=30033, 语义=1692, 标签噪声=2854)

============================================================
检测器准确率评估
============================================================
真实错误总数: 37035 (缺失: 6360, 值错误: 30675)
检测报告总数: 38085 (missing: 6360, syntactic: 30033, semantic: 1692)
------------------------------------------------------------

  [总体]
    Precision = 0.9348  |  Recall = 0.9613  |  F1 = 0.9478
    TP=35601  FP=2484  FN=1434  (GT=37035, Det=38085)

  [缺失值 (missing)]
    Precision = 1.0000  |  Recall = 1.0000  |  F1 = 1.0000
    TP=6360  FP=0  FN=0  (GT=6360, Det=6360)

  [句法错误 (syntactic)]
    Precision = 0.9173  |  Recall = 0.8981  |  F1 = 0.9076
    TP=27549  FP=2484  FN=3126  (GT=30675, Det=30033)

  [语义错误 (semantic)]
    Precision = 1.0000  |  Recall = 0.0552  |  F1 = 0.1046
    TP=1692  FP=0  FN=28983  (GT=30675, Det=1692)

  [值错误合并 (syntactic+semantic)]
    Precision = 0.9217  |  Recall = 0.9533  |  F1 = 0.9372
    TP=29241  FP=2484  FN=1434  (GT=30675, Det=31725)

[Step 5] Baseline 评估与可视化...
  DeleteFix: 删除 33199 行, 保留 36801 行

============================================================
Baseline 对比评估 - v5_auto_dueling_single
============================================================
  NoFix          : kmeans_silhouette=0.51 | kmeans_ari=0.6685
  DeleteAll      : kmeans_silhouette=0.5222 | kmeans_ari=0.6679
  DeleteFix      : kmeans_silhouette=0.8989 | kmeans_ari=0.9936
  ReplaceAll     : kmeans_silhouette=0.51 | kmeans_ari=0.6685
  DemandClean    : kmeans_silhouette=0.9008 | kmeans_ari=0.9936
  FullFix        : kmeans_silhouette=0.9096 | kmeans_ari=1.0

[Step 6] 模型容忍度评估...
============================================================
模型容忍度计算 - v5_auto_dueling_single
任务类型: clustering  |  模型列表: ['kmeans']
============================================================

--- 模型: KMEANS ---
  P_clean  = 0.9090
  P_dirty  = 0.5105
  P_dc     = 0.8998
  先验容忍度 (P_dc / P_dirty)            = 1.7625
  后验容忍度 (P_dc-P_dirty)/(P_clean-P_dirty) = 0.9770
  容忍度柱状图已保存: /Users/qianzekai/PycharmProjects/TolerDM/results/demandclean/har/v5_auto_dueling_single/visualization/v5_auto_dueling_single_tolerance_bar.png

[Step 7] Shapley 三维度分析...
[Shapley] 大数据集采样: 70000 -> 5000 行 (采样 2371/33199 个错误行 (47% 错误率), mc_samples=50)
============================================================
DemandClean - 三维度 Shapley 分析
============================================================
  数据: 5000 行 x 3 列
  (原始数据 70000 行, 已采样至 5000 行)
  错误数: 2910
  错误分布: {'missing': 458, 'semantic': 122, 'syntactic': 2111, 'unknown': 219}
  输出目录: /Users/qianzekai/PycharmProjects/TolerDM/results/demandclean/har/v5_auto_dueling_single/evaluation/shapley

[Shapley] 维度1: 动作重要性 (精确枚举 4!=24 排列) ...
[Shapley] 图表已保存: /Users/qianzekai/PycharmProjects/TolerDM/results/demandclean/har/v5_auto_dueling_single/evaluation/shapley/shapley_action_importance.png
  动作重要性 Shapley 值:
    delete              : +0.347801
    replace_nearby      : +0.010291
    repair_value        : +0.007423
    no_action           : +0.005410

[Shapley] 维度2: 跳过特征 Shapley（计算量过大，仅保留维度1和维度3）
[Shapley] 维度3: 错误类型重要性 (精确枚举 4!=24 排列) ...
[Shapley] 图表已保存: /Users/qianzekai/PycharmProjects/TolerDM/results/demandclean/har/v5_auto_dueling_single/evaluation/shapley/shapley_error_type_importance.png
  错误类型重要性 Shapley 值:
    syntactic           : +0.266514
    label_noise         : +0.082471
    missing             : +0.039505
    semantic            : -0.030487

[Shapley] JSON 结果已保存: /Users/qianzekai/PycharmProjects/TolerDM/results/demandclean/har/v5_auto_dueling_single/evaluation/shapley/shapley_results.json
[Shapley] Markdown 报告已保存: /Users/qianzekai/PycharmProjects/TolerDM/results/demandclean/har/v5_auto_dueling_single/evaluation/shapley/shapley_report.md

============================================================
Shapley 分析完成!
============================================================
# Shapley Value Analysis Report

- 数据规模: 5000 行 × 3 列
- 错误总数: 2910
- 任务类型: clustering (kmeans)
- MC 采样次数: 50

## 维度 1: 动作重要性 (Action Importance)

| 排名 | 动作 | Shapley 值 | 占比 | 方向 |
|------|------|-----------|------|------|
| 1 | delete | +0.347801 | 93.8% | ↑ 正贡献 |
| 2 | replace_nearby | +0.010291 | 2.8% | ↑ 正贡献 |
| 3 | repair_value | +0.007423 | 2.0% | ↑ 正贡献 |
| 4 | no_action | +0.005410 | 1.5% | ↑ 正贡献 |

**结论**: 最有效的清洗动作是 **delete**

## 维度 2: 特征重要性 (Feature Importance)

| 排名 | 特征 | Shapley 值 | 占比 | 清洗价值 |
|------|------|-----------|------|---------|
| 1 | x | +0.000000 | 0.0% | — 可忽略 |
| 2 | y | +0.000000 | 0.0% | — 可忽略 |
| 3 | z | +0.000000 | 0.0% | — 可忽略 |

**结论**: 
- 清洗价值极低的特征: x, y, z（清洗它们几乎不影响性能）

## 维度 3: 错误类型重要性 (Error Type Importance)

| 排名 | 错误类型 | Shapley 值 | 占比 | 优先级 |
|------|---------|-----------|------|--------|
| 1 | syntactic | +0.266514 | 63.6% | 🔴 高 |
| 2 | label_noise | +0.082471 | 19.7% | 🟢 低 |
| 3 | missing | +0.039505 | 9.4% | 🟢 低 |
| 4 | semantic | -0.030487 | 7.3% | 🟢 低 |

**结论**: 对下游性能影响最大的错误类型是 **syntactic**，检测器应优先识别此类错误。

## 综合清洗建议



  输出文件:
    /Users/qianzekai/PycharmProjects/TolerDM/results/demandclean/har/v5_auto_dueling_single/evaluation/shapley/shapley_action_importance.png
    /Users/qianzekai/PycharmProjects/TolerDM/results/demandclean/har/v5_auto_dueling_single/evaluation/shapley/shapley_feature_importance.png
    /Users/qianzekai/PycharmProjects/TolerDM/results/demandclean/har/v5_auto_dueling_single/evaluation/shapley/shapley_error_type_importance.png
    /Users/qianzekai/PycharmProjects/TolerDM/results/demandclean/har/v5_auto_dueling_single/evaluation/shapley/shapley_results.json
    /Users/qianzekai/PycharmProjects/TolerDM/results/demandclean/har/v5_auto_dueling_single/evaluation/shapley/shapley_report.md
============================================================

[Step 8] 训练曲线可视化...
  [可视化] 训练曲线已保存: /Users/qianzekai/PycharmProjects/TolerDM/results/demandclean/har/v5_auto_dueling_single/visualization/v5_auto_dueling_single_training_curves.png

[Step 9] Clean4MLBaseline 统一测评...
======================================================================
Clean4MLBaseline 统一测评 - v5_auto_dueling_single
======================================================================

[1/5] 传统清洗指标
--------------------------------------------------
差异文件已保存到:
/Users/qianzekai/PycharmProjects/TolerDM/results/demandclean/har/v5_auto_dueling_single/evaluation/v5_auto_dueling_single_clean_vs_dirty.csv
/Users/qianzekai/PycharmProjects/TolerDM/results/demandclean/har/v5_auto_dueling_single/evaluation/v5_auto_dueling_single_dirty_vs_cleaned.csv
/Users/qianzekai/PycharmProjects/TolerDM/results/demandclean/har/v5_auto_dueling_single/evaluation/v5_auto_dueling_single_clean_vs_cleaned.csv
修复错误数据文件已保存到: /Users/qianzekai/PycharmProjects/TolerDM/results/demandclean/har/v5_auto_dueling_single/evaluation/v5_auto_dueling_single_repair_errors.csv
未修复但是应该修复数据文件已保存到: /Users/qianzekai/PycharmProjects/TolerDM/results/demandclean/har/v5_auto_dueling_single/evaluation/v5_auto_dueling_single_unrepaired.csv
修复准确率: 0.051892030409156915, 修复召回率: 0.33976510067114096, F1值: 0.09003334566059872
========================================
EDR 结果已保存到: /Users/qianzekai/PycharmProjects/TolerDM/results/demandclean/har/v5_auto_dueling_single/evaluation/v5_auto_dueling_single_edr_evaluation.txt
错误减少率 (EDR): -5.411353467561521
========================================
混合距离结果已保存到: /Users/qianzekai/PycharmProjects/TolerDM/results/demandclean/har/v5_auto_dueling_single/evaluation/v5_auto_dueling_single_hybrid_distance_evaluation.txt
混合距离 (Hybrid Distance): 0.15152411983464
========================================
R-EDR 结果已保存到: /Users/qianzekai/PycharmProjects/TolerDM/results/demandclean/har/v5_auto_dueling_single/evaluation/v5_auto_dueling_single_record_based_edr_evaluation.txt
基于条目的错误减少率 (R-EDR): -4.570730304772858
========================================

[2/5] 下游任务性能 (clustering)
--------------------------------------------------
警告: 清洗后数据行数(39596)与干净数据行数(70000)不一致
将使用清洗后数据自身进行评估（行对齐）
通过索引对齐，使用 39596 行数据进行评估
KMEANS - Silhouette: 0.6279, ARI: 0.6693
AGGLOMERATIVE - Silhouette: 0.6410, ARI: 0.7630
SPECTRAL - Silhouette: 0.6261, ARI: 0.6647

[3/5] 模型容忍度
--------------------------------------------------

容忍度计算结果:
  P_do_nothing (脏数据性能): 0.6135
  P_demand_clean (清洗后性能): 0.8991
  P_repair_all (完全修复性能): 0.6770
  先验容忍度 (Tolerance_prior): 1.4655
  后验容忍度 (Tolerance_post): 4.4995

[4/5] Snoopy上界评估
--------------------------------------------------
Snoopy模块可用，正在评估数据质量上界...
  脏数据上界: 0.6135
  清洗后上界: 0.8991
  干净数据上界: 0.6770
  上界提升比例: 4.4995

[5/5] 真值使用成本
--------------------------------------------------
  方法类型: Type 1 (全自动)
  实际真值使用: 1374
  理想最小成本: 1215
  总修改单元格: 23414
  正确修复: 1215
  错误修复: 22199

======================================================================
测评完成，结果已保存到: /Users/qianzekai/PycharmProjects/TolerDM/results/demandclean/har/v5_auto_dueling_single/evaluation/v5_auto_dueling_single_evaluation_results.txt
======================================================================
  统一测评完成，结果已保存到: /Users/qianzekai/PycharmProjects/TolerDM/results/demandclean/har/v5_auto_dueling_single/v5_auto_dueling_single_evaluation_results.txt

[Step 10] 真值成本汇总...
  RAHA 检测成本: 80
  Agent 修复成本: 1374
  总成本: 1454 / 210000 cells = 0.6924%

  [输出] 报告已保存: /Users/qianzekai/PycharmProjects/TolerDM/results/demandclean/har/v5_auto_dueling_single/report/v5_auto_dueling_single_report.json

  版本 v5_auto_dueling_single 完成! 耗时: 1546.30s
  输出目录: /Users/qianzekai/PycharmProjects/TolerDM/results/demandclean/har/v5_auto_dueling_single

======================================================================
版本: v7_auto_plain_single
数据集: har | 任务: clustering | 模型: kmeans
检测器: auto | Agent: single_stage | 推理: single_phase
训练轮数: 5 | 输出目录: /Users/qianzekai/PycharmProjects/TolerDM/results/demandclean/har/v7_auto_plain_single
======================================================================

[Step 1] 创建 DemandClean 实例...

[Step 2] 训练 (5 episodes)...

[AutoDetector] 初始化
  RAHA 来源: pip:raha
  RAHA 可用: True
  CSV 路径: /Users/qianzekai/PycharmProjects/TolerDM/data/har/dirty_index.csv
  FD 规则: 0 条
  规则文件: /Users/qianzekai/PycharmProjects/TolerDM/data/har/rules.txt
  规则摘要: ParsedRules(DOMAIN=4, FD=1, STAT=1)
  缺失值: 6360 个
  标签缺失(NaN): 2752 个

[检测] 在原始 CSV 上运行 RAHA (labeling_budget=20)...
  [RAHA] 数据规模: 70000 行 × 5 列
  [RAHA] 行数 70000 > 20000，启用行分块模式
  [行分块] 总行数 70000, 分为 4 批 (每批≤20000行)
  [行分块 1/4] 行 0~19999 (20000 行)
125 strategy profiles are collected.
38 Features are generated for column 0.
45 Features are generated for column 1.
48 Features are generated for column 2.
49 Features are generated for column 3.
36 Features are generated for column 4.
A hierarchical clustering model is built for column 0.
A hierarchical clustering model is built for column 1.
A hierarchical clustering model is built for column 2.
A hierarchical clustering model is built for column 3.
A hierarchical clustering model is built for column 4.
Tuple 4311 is sampled.
Tuple 4311 is labeled.
Tuple 14562 is sampled.
Tuple 14562 is labeled.
Tuple 3215 is sampled.
Tuple 3215 is labeled.
Tuple 14167 is sampled.
Tuple 14167 is labeled.
Tuple 6810 is sampled.
Tuple 6810 is labeled.
Tuple 8794 is sampled.
Tuple 8794 is labeled.
Tuple 18873 is sampled.
Tuple 18873 is labeled.
Tuple 16900 is sampled.
Tuple 16900 is labeled.
Tuple 12508 is sampled.
Tuple 12508 is labeled.
Tuple 12920 is sampled.
Tuple 12920 is labeled.
Tuple 11218 is sampled.
Tuple 11218 is labeled.
Tuple 10313 is sampled.
Tuple 10313 is labeled.
Tuple 784 is sampled.
Tuple 784 is labeled.
Tuple 15660 is sampled.
Tuple 15660 is labeled.
Tuple 17335 is sampled.
Tuple 17335 is labeled.
Tuple 188 is sampled.
Tuple 188 is labeled.
Tuple 18080 is sampled.
Tuple 18080 is labeled.
Tuple 7327 is sampled.
Tuple 7327 is labeled.
Tuple 15009 is sampled.
Tuple 15009 is labeled.
Tuple 7798 is sampled.
Tuple 7798 is labeled.
The number of labeled data cells increased from 100 to 92251.
A classifier is trained and applied on column 0.
A classifier is trained and applied on column 1.
A classifier is trained and applied on column 2.
A classifier is trained and applied on column 3.
A classifier is trained and applied on column 4.
  RAHA 检测结果: 12362 个单元格
  Precision=0.8967  Recall=0.9943  F1=0.9430
  RAHA 标注行数: 20 (labeling_budget=20)
  [行分块 1] 检测: 12362 个, 标注行: 20 个
  [行分块 2/4] 行 20000~39999 (20000 行)
125 strategy profiles are collected.
14 Features are generated for column 0.
45 Features are generated for column 1.
48 Features are generated for column 2.
45 Features are generated for column 3.
36 Features are generated for column 4.
A hierarchical clustering model is built for column 0.
A hierarchical clustering model is built for column 1.
A hierarchical clustering model is built for column 2.
A hierarchical clustering model is built for column 3.
A hierarchical clustering model is built for column 4.
Tuple 5659 is sampled.
Tuple 5659 is labeled.
Tuple 19952 is sampled.
Tuple 19952 is labeled.
Tuple 9589 is sampled.
Tuple 9589 is labeled.
Tuple 2905 is sampled.
Tuple 2905 is labeled.
Tuple 7283 is sampled.
Tuple 7283 is labeled.
Tuple 7410 is sampled.
Tuple 7410 is labeled.
Tuple 13604 is sampled.
Tuple 13604 is labeled.
Tuple 5476 is sampled.
Tuple 5476 is labeled.
Tuple 2182 is sampled.
Tuple 2182 is labeled.
Tuple 219 is sampled.
Tuple 219 is labeled.
Tuple 11401 is sampled.
Tuple 11401 is labeled.
Tuple 6404 is sampled.
Tuple 6404 is labeled.
Tuple 10530 is sampled.
Tuple 10530 is labeled.
Tuple 15494 is sampled.
Tuple 15494 is labeled.
Tuple 10379 is sampled.
Tuple 10379 is labeled.
Tuple 2490 is sampled.
Tuple 2490 is labeled.
Tuple 7779 is sampled.
Tuple 7779 is labeled.
Tuple 15740 is sampled.
Tuple 15740 is labeled.
Tuple 12476 is sampled.
Tuple 12476 is labeled.
Tuple 7775 is sampled.
Tuple 7775 is labeled.
The number of labeled data cells increased from 100 to 88473.
A classifier is trained and applied on column 0.
A classifier is trained and applied on column 1.
A classifier is trained and applied on column 2.
A classifier is trained and applied on column 3.
A classifier is trained and applied on column 4.
  RAHA 检测结果: 10387 个单元格
  Precision=0.9650  Recall=0.8927  F1=0.9274
  RAHA 标注行数: 20 (labeling_budget=20)
  [行分块 2] 检测: 10387 个, 标注行: 20 个
  [行分块 3/4] 行 40000~59999 (20000 行)
126 strategy profiles are collected.
14 Features are generated for column 0.
48 Features are generated for column 1.
42 Features are generated for column 2.
47 Features are generated for column 3.
46 Features are generated for column 4.
A hierarchical clustering model is built for column 0.
A hierarchical clustering model is built for column 1.
A hierarchical clustering model is built for column 2.
A hierarchical clustering model is built for column 3.
A hierarchical clustering model is built for column 4.
Tuple 13934 is sampled.
Tuple 13934 is labeled.
Tuple 355 is sampled.
Tuple 355 is labeled.
Tuple 4061 is sampled.
Tuple 4061 is labeled.
Tuple 14738 is sampled.
Tuple 14738 is labeled.
Tuple 3364 is sampled.
Tuple 3364 is labeled.
Tuple 9846 is sampled.
Tuple 9846 is labeled.
Tuple 16564 is sampled.
Tuple 16564 is labeled.
Tuple 17698 is sampled.
Tuple 17698 is labeled.
Tuple 15077 is sampled.
Tuple 15077 is labeled.
Tuple 9431 is sampled.
Tuple 9431 is labeled.
Tuple 2619 is sampled.
Tuple 2619 is labeled.
Tuple 2867 is sampled.
Tuple 2867 is labeled.
Tuple 177 is sampled.
Tuple 177 is labeled.
Tuple 1325 is sampled.
Tuple 1325 is labeled.
Tuple 8054 is sampled.
Tuple 8054 is labeled.
Tuple 2913 is sampled.
Tuple 2913 is labeled.
Tuple 442 is sampled.
Tuple 442 is labeled.
Tuple 3022 is sampled.
Tuple 3022 is labeled.
Tuple 293 is sampled.
Tuple 293 is labeled.
Tuple 768 is sampled.
Tuple 768 is labeled.
The number of labeled data cells increased from 100 to 91249.
A classifier is trained and applied on column 0.
A classifier is trained and applied on column 1.
A classifier is trained and applied on column 2.
A classifier is trained and applied on column 3.
A classifier is trained and applied on column 4.
  RAHA 检测结果: 9831 个单元格
  Precision=0.9315  Recall=0.8169  F1=0.8705
  RAHA 标注行数: 20 (labeling_budget=20)
  [行分块 3] 检测: 9831 个, 标注行: 20 个
  [行分块 4/4] 行 60000~69999 (10000 行)
123 strategy profiles are collected.
14 Features are generated for column 0.
48 Features are generated for column 1.
42 Features are generated for column 2.
52 Features are generated for column 3.
43 Features are generated for column 4.
A hierarchical clustering model is built for column 0.
A hierarchical clustering model is built for column 1.
A hierarchical clustering model is built for column 2.
A hierarchical clustering model is built for column 3.
A hierarchical clustering model is built for column 4.
Tuple 3880 is sampled.
Tuple 3880 is labeled.
Tuple 7686 is sampled.
Tuple 7686 is labeled.
Tuple 5042 is sampled.
Tuple 5042 is labeled.
Tuple 3449 is sampled.
Tuple 3449 is labeled.
Tuple 8353 is sampled.
Tuple 8353 is labeled.
Tuple 404 is sampled.
Tuple 404 is labeled.
Tuple 168 is sampled.
Tuple 168 is labeled.
Tuple 9225 is sampled.
Tuple 9225 is labeled.
Tuple 7046 is sampled.
Tuple 7046 is labeled.
Tuple 913 is sampled.
Tuple 913 is labeled.
Tuple 3785 is sampled.
Tuple 3785 is labeled.
Tuple 8421 is sampled.
Tuple 8421 is labeled.
Tuple 6755 is sampled.
Tuple 6755 is labeled.
Tuple 1216 is sampled.
Tuple 1216 is labeled.
Tuple 2492 is sampled.
Tuple 2492 is labeled.
Tuple 8887 is sampled.
Tuple 8887 is labeled.
Tuple 9087 is sampled.
Tuple 9087 is labeled.
Tuple 1826 is sampled.
Tuple 1826 is labeled.
Tuple 838 is sampled.
Tuple 838 is labeled.
Tuple 5394 is sampled.
Tuple 5394 is labeled.
The number of labeled data cells increased from 100 to 44288.
A classifier is trained and applied on column 0.
A classifier is trained and applied on column 1.
A classifier is trained and applied on column 2.
A classifier is trained and applied on column 3.
A classifier is trained and applied on column 4.
  RAHA 检测结果: 6271 个单元格
  Precision=0.8546  Recall=0.9680  F1=0.9078
  RAHA 标注行数: 20 (labeling_budget=20)
  [行分块 4] 检测: 6271 个, 标注行: 20 个
  [行分块] 合并结果: 38851 个检测, 80 个标注行
  RAHA 标签错误: 1467 行
  句法错误(RAHA): 32201 个
  DOMAIN 规则检测: 880 个语义错误 (特征列)
  DOMAIN 规则检测: 2752 个标签错误
  语义错误: 880 个 (DOMAIN)
  标签噪声: 2752 个 (NaN=2752, 规则=0)

  检测总结: 42193 个错误 (缺失=6360, 句法=32201, 语义=880, 标签噪声=2752)
  模型已保存: /Users/qianzekai/PycharmProjects/TolerDM/results/demandclean/har/v7_auto_plain_single/model/v7_auto_plain_single_agent.pt
  训练历史已保存: /Users/qianzekai/PycharmProjects/TolerDM/results/demandclean/har/v7_auto_plain_single/report/v7_auto_plain_single_history.json

[Step 3] 推理 (模式: single_phase)...
  缺失值: 6360 个
  标签缺失(NaN): 2752 个
  [RAHA] 使用缓存结果: 38851 个单元格
  RAHA 标签错误: 1467 行
  句法错误(RAHA): 32201 个
  DOMAIN 规则检测: 880 个语义错误 (特征列)
  DOMAIN 规则检测: 2752 个标签错误
  语义错误: 880 个 (DOMAIN)
  标签噪声: 2752 个 (NaN=2752, 规则=0)

  检测总结: 42193 个错误 (缺失=6360, 句法=32201, 语义=880, 标签噪声=2752)

============================================================
单阶段推理
============================================================
  算法: DQN (Single Stage)
  任务类型: clustering
  下游模型: kmeans
  检测到的错误: 42128 个 (missing=6351, semantic=880, syntactic=32154, label=2743)

  推理进度: [====================] 42128/42128

  动作分布 (共 38116 个错误):
    no_action            0 (  0.0%) 
    repair_value         0 (  0.0%) 
    delete           16791 ( 44.1%) █████████████████
    replace_nearby   21325 ( 55.9%) ██████████████████████

  替换明细 (replace_nearby): 共 21325 条
    行        列      脏值           → 替换值          错误类型      
    -------------------------------------------------------
    56594    2      NaN          → 1.1658       missing   
    16410    2      -7.2420      → 0.1124       syntactic 
    49593    2      NaN          → 1.1903       missing   
    15662    1      2.4841       → 0.7463       syntactic 
    39156    2      1.4248       → -0.3753      syntactic 
    36100    2      1.2021       → -1.2995      syntactic 
    21471    2      5.1280       → -0.7415      syntactic 
    2101     1      NaN          → 0.6724       missing   
    19222    1      NaN          → 0.5621       missing   
    21397    2      NaN          → -0.3479      missing   
    56390    2      NaN          → 0.0537       missing   
    19856    1      -0.5750      → 1.0406       syntactic 
    8720     -1     NaN          → 1.0000       label_noise
    27459    2      NaN          → 0.4032       missing   
    23224    2      NaN          → -0.8994      missing   
    8159     1      -0.9537      → 0.5436       syntactic 
    61611    2      NaN          → 1.2198       missing   
    13159    2      -1.5532      → -0.4434      syntactic 
    5192     1      2.5759       → 0.8399       syntactic 
    13776    -1     NaN          → 1.0000       label_noise
    27125    2      NaN          → -0.8755      missing   
    3681     2      -4.8372      → -1.8459      syntactic 
    17286    1      NaN          → 0.6513       missing   
    25603    2      0.3110       → -0.7949      syntactic 
    10594    1      0.1205       → 0.6364       syntactic 
    10905    2      4.0348       → -0.6671      syntactic 
    21537    2      -10.1473     → 0.6297       syntactic 
    55419    2      NaN          → 1.2650       missing   
    39919    2      NaN          → -0.3846      missing   
    23601    2      -6.0245      → -0.1031      syntactic 
    ... 省略 21295 条

  删除明细 (delete): 共 16791 条
    行        列      脏值           错误类型      
    ----------------------------------------
    67132    1      1.2613       syntactic 
    63819    1      -4.9979      syntactic 
    43193    0      -5.0726      syntactic 
    26209    0      -3.8753      syntactic 
    68377    2      5.2240       syntactic 
    52117    0      3.8395       syntactic 
    5838     0      -5.2053      syntactic 
    55170    0      -0.3125      syntactic 
    67133    1      -2.9976      syntactic 
    57683    1      NaN          missing   
    65340    2      4.0162       syntactic 
    34900    1      -3.8457      syntactic 
    19004    0      -3.1702      syntactic 
    52181    0      NaN          missing   
    4524     0      -0.7839      syntactic 
    40525    0      -0.1368      syntactic 
    38845    1      6.4961       syntactic 
    39131    1      2.3425       syntactic 
    65990    1      3.4049       syntactic 
    29168    0      -3.4319      syntactic 
    42158    0      5.3805       syntactic 
    24834    0      -5.1672      syntactic 
    65179    0      NaN          missing   
    24070    1      -0.1453      syntactic 
    13151    0      NaN          missing   
    60540    2      4.2712       syntactic 
    26841    0      -0.1654      syntactic 
    24390    1      -3.5449      syntactic 
    5995     0      -4.6085      syntactic 
    62242    0      NaN          missing   
    ... 省略 16761 条
  真值使用: 0
  动作分布: {'no_action': 0, 'repair_value': 0, 'delete': 16791, 'replace_nearby': 21325}
  清洗后数据已保存: /Users/qianzekai/PycharmProjects/TolerDM/results/demandclean/har/v7_auto_plain_single/data/v7_auto_plain_single_cleaned.csv
  原始格式清洗数据已保存: /Users/qianzekai/PycharmProjects/TolerDM/results/demandclean/har/v7_auto_plain_single/data/v7_auto_plain_single_cleaned_original.csv

[Step 4] 检测器准确率评估...
  缺失值: 6360 个
  标签缺失(NaN): 2752 个
  [RAHA] 使用缓存结果: 38851 个单元格
  RAHA 标签错误: 1467 行
  句法错误(RAHA): 32201 个
  DOMAIN 规则检测: 880 个语义错误 (特征列)
  DOMAIN 规则检测: 2752 个标签错误
  语义错误: 880 个 (DOMAIN)
  标签噪声: 2752 个 (NaN=2752, 规则=0)

  检测总结: 42193 个错误 (缺失=6360, 句法=32201, 语义=880, 标签噪声=2752)

============================================================
检测器准确率评估
============================================================
真实错误总数: 37035 (缺失: 6360, 值错误: 30675)
检测报告总数: 39441 (missing: 6360, syntactic: 32201, semantic: 880)
------------------------------------------------------------

  [总体]
    Precision = 0.9182  |  Recall = 0.9779  |  F1 = 0.9471
    TP=36215  FP=3226  FN=820  (GT=37035, Det=39441)

  [缺失值 (missing)]
    Precision = 1.0000  |  Recall = 1.0000  |  F1 = 1.0000
    TP=6360  FP=0  FN=0  (GT=6360, Det=6360)

  [句法错误 (syntactic)]
    Precision = 0.8998  |  Recall = 0.9446  |  F1 = 0.9217
    TP=28975  FP=3226  FN=1700  (GT=30675, Det=32201)

  [语义错误 (semantic)]
    Precision = 1.0000  |  Recall = 0.0287  |  F1 = 0.0558
    TP=880  FP=0  FN=29795  (GT=30675, Det=880)

  [值错误合并 (syntactic+semantic)]
    Precision = 0.9025  |  Recall = 0.9733  |  F1 = 0.9365
    TP=29855  FP=3226  FN=820  (GT=30675, Det=33081)

[Step 5] Baseline 评估与可视化...
  DeleteFix: 删除 34100 行, 保留 35900 行

============================================================
Baseline 对比评估 - v7_auto_plain_single
============================================================
  NoFix          : kmeans_silhouette=0.51 | kmeans_ari=0.6685
  DeleteAll      : kmeans_silhouette=0.5222 | kmeans_ari=0.6679
  DeleteFix      : kmeans_silhouette=0.8997 | kmeans_ari=0.9886
  ReplaceAll     : kmeans_silhouette=0.51 | kmeans_ari=0.6685
  DemandClean    : kmeans_silhouette=0.8696 | kmeans_ari=0.9787
  FullFix        : kmeans_silhouette=0.9096 | kmeans_ari=1.0

[Step 6] 模型容忍度评估...
============================================================
模型容忍度计算 - v7_auto_plain_single
任务类型: clustering  |  模型列表: ['kmeans']
============================================================

--- 模型: KMEANS ---
  P_clean  = 0.9090
  P_dirty  = 0.5105
  P_dc     = 0.8671
  先验容忍度 (P_dc / P_dirty)            = 1.6984
  后验容忍度 (P_dc-P_dirty)/(P_clean-P_dirty) = 0.8949
  容忍度柱状图已保存: /Users/qianzekai/PycharmProjects/TolerDM/results/demandclean/har/v7_auto_plain_single/visualization/v7_auto_plain_single_tolerance_bar.png

[Step 7] Shapley 三维度分析...
[Shapley] 大数据集采样: 70000 -> 5000 行 (采样 2435/34100 个错误行 (49% 错误率), mc_samples=50)
============================================================
DemandClean - 三维度 Shapley 分析
============================================================
  数据: 5000 行 x 3 列
  (原始数据 70000 行, 已采样至 5000 行)
  错误数: 3007
  错误分布: {'missing': 438, 'semantic': 66, 'syntactic': 2311, 'unknown': 192}
  输出目录: /Users/qianzekai/PycharmProjects/TolerDM/results/demandclean/har/v7_auto_plain_single/evaluation/shapley

[Shapley] 维度1: 动作重要性 (精确枚举 4!=24 排列) ...
[Shapley] 图表已保存: /Users/qianzekai/PycharmProjects/TolerDM/results/demandclean/har/v7_auto_plain_single/evaluation/shapley/shapley_action_importance.png
  动作重要性 Shapley 值:
    delete              : +0.217125
    replace_nearby      : +0.145526
    no_action           : +0.003560
    repair_value        : -0.003605

[Shapley] 维度2: 跳过特征 Shapley（计算量过大，仅保留维度1和维度3）
[Shapley] 维度3: 错误类型重要性 (精确枚举 4!=24 排列) ...
[Shapley] 图表已保存: /Users/qianzekai/PycharmProjects/TolerDM/results/demandclean/har/v7_auto_plain_single/evaluation/shapley/shapley_error_type_importance.png
  错误类型重要性 Shapley 值:
    syntactic           : +0.315700
    missing             : +0.026583
    semantic            : +0.006707
    label_noise         : -0.002395

[Shapley] JSON 结果已保存: /Users/qianzekai/PycharmProjects/TolerDM/results/demandclean/har/v7_auto_plain_single/evaluation/shapley/shapley_results.json
[Shapley] Markdown 报告已保存: /Users/qianzekai/PycharmProjects/TolerDM/results/demandclean/har/v7_auto_plain_single/evaluation/shapley/shapley_report.md

============================================================
Shapley 分析完成!
============================================================
# Shapley Value Analysis Report

- 数据规模: 5000 行 × 3 列
- 错误总数: 3007
- 任务类型: clustering (kmeans)
- MC 采样次数: 50

## 维度 1: 动作重要性 (Action Importance)

| 排名 | 动作 | Shapley 值 | 占比 | 方向 |
|------|------|-----------|------|------|
| 1 | delete | +0.217125 | 58.7% | ↑ 正贡献 |
| 2 | replace_nearby | +0.145526 | 39.4% | ↑ 正贡献 |
| 3 | no_action | +0.003560 | 1.0% | ↑ 正贡献 |
| 4 | repair_value | -0.003605 | 1.0% | ↓ 负贡献 |

**结论**: 最有效的清洗动作是 **delete**
（repair_value 对性能有负面影响，建议减少使用）

## 维度 2: 特征重要性 (Feature Importance)

| 排名 | 特征 | Shapley 值 | 占比 | 清洗价值 |
|------|------|-----------|------|---------|
| 1 | x | +0.000000 | 0.0% | — 可忽略 |
| 2 | y | +0.000000 | 0.0% | — 可忽略 |
| 3 | z | +0.000000 | 0.0% | — 可忽略 |

**结论**: 
- 清洗价值极低的特征: x, y, z（清洗它们几乎不影响性能）

## 维度 3: 错误类型重要性 (Error Type Importance)

| 排名 | 错误类型 | Shapley 值 | 占比 | 优先级 |
|------|---------|-----------|------|--------|
| 1 | syntactic | +0.315700 | 89.8% | 🔴 高 |
| 2 | missing | +0.026583 | 7.6% | 🟢 低 |
| 3 | semantic | +0.006707 | 1.9% | 🟢 低 |
| 4 | label_noise | -0.002395 | 0.7% | 🟢 低 |

**结论**: 对下游性能影响最大的错误类型是 **syntactic**，检测器应优先识别此类错误。

## 综合清洗建议



  输出文件:
    /Users/qianzekai/PycharmProjects/TolerDM/results/demandclean/har/v7_auto_plain_single/evaluation/shapley/shapley_action_importance.png
    /Users/qianzekai/PycharmProjects/TolerDM/results/demandclean/har/v7_auto_plain_single/evaluation/shapley/shapley_feature_importance.png
    /Users/qianzekai/PycharmProjects/TolerDM/results/demandclean/har/v7_auto_plain_single/evaluation/shapley/shapley_error_type_importance.png
    /Users/qianzekai/PycharmProjects/TolerDM/results/demandclean/har/v7_auto_plain_single/evaluation/shapley/shapley_results.json
    /Users/qianzekai/PycharmProjects/TolerDM/results/demandclean/har/v7_auto_plain_single/evaluation/shapley/shapley_report.md
============================================================

[Step 8] 训练曲线可视化...
  [可视化] 训练曲线已保存: /Users/qianzekai/PycharmProjects/TolerDM/results/demandclean/har/v7_auto_plain_single/visualization/v7_auto_plain_single_training_curves.png

[Step 9] Clean4MLBaseline 统一测评...
======================================================================
Clean4MLBaseline 统一测评 - v7_auto_plain_single
======================================================================

[1/5] 传统清洗指标
--------------------------------------------------
差异文件已保存到:
/Users/qianzekai/PycharmProjects/TolerDM/results/demandclean/har/v7_auto_plain_single/evaluation/v7_auto_plain_single_clean_vs_dirty.csv
/Users/qianzekai/PycharmProjects/TolerDM/results/demandclean/har/v7_auto_plain_single/evaluation/v7_auto_plain_single_dirty_vs_cleaned.csv
/Users/qianzekai/PycharmProjects/TolerDM/results/demandclean/har/v7_auto_plain_single/evaluation/v7_auto_plain_single_clean_vs_cleaned.csv
修复错误数据文件已保存到: /Users/qianzekai/PycharmProjects/TolerDM/results/demandclean/har/v7_auto_plain_single/evaluation/v7_auto_plain_single_repair_errors.csv
未修复但是应该修复数据文件已保存到: /Users/qianzekai/PycharmProjects/TolerDM/results/demandclean/har/v7_auto_plain_single/evaluation/v7_auto_plain_single_unrepaired.csv
修复准确率: 0.03464863666592773, 修复召回率: 0.08384743307762459, F1值: 0.049034524907247544
========================================
EDR 结果已保存到: /Users/qianzekai/PycharmProjects/TolerDM/results/demandclean/har/v7_auto_plain_single/evaluation/v7_auto_plain_single_edr_evaluation.txt
错误减少率 (EDR): -1.3635534574325412
========================================
混合距离结果已保存到: /Users/qianzekai/PycharmProjects/TolerDM/results/demandclean/har/v7_auto_plain_single/evaluation/v7_auto_plain_single_hybrid_distance_evaluation.txt
混合距离 (Hybrid Distance): 0.24971315530808988
========================================
R-EDR 结果已保存到: /Users/qianzekai/PycharmProjects/TolerDM/results/demandclean/har/v7_auto_plain_single/evaluation/v7_auto_plain_single_record_based_edr_evaluation.txt
基于条目的错误减少率 (R-EDR): -0.997507270461155
========================================

[2/5] 下游任务性能 (clustering)
--------------------------------------------------
警告: 清洗后数据行数(53209)与干净数据行数(70000)不一致
将使用清洗后数据自身进行评估（行对齐）
通过索引对齐，使用 53209 行数据进行评估
KMEANS - Silhouette: 0.8525, ARI: 0.9643
AGGLOMERATIVE - Silhouette: 0.8505, ARI: 0.9401
SPECTRAL - Silhouette: 0.8635, ARI: 0.9490

[3/5] 模型容忍度
--------------------------------------------------

容忍度计算结果:
  P_do_nothing (脏数据性能): 0.6135
  P_demand_clean (清洗后性能): 0.8686
  P_repair_all (完全修复性能): 0.6770
  先验容忍度 (Tolerance_prior): 1.4159
  后验容忍度 (Tolerance_post): 4.0202

[4/5] Snoopy上界评估
--------------------------------------------------
Snoopy模块可用，正在评估数据质量上界...
  脏数据上界: 0.6135
  清洗后上界: 0.8686
  干净数据上界: 0.6770
  上界提升比例: 4.0202

[5/5] 真值使用成本
--------------------------------------------------
  方法类型: Type 1 (全自动)
  实际真值使用: 0
  理想最小成本: 1563
  总修改单元格: 45110
  正确修复: 1563
  错误修复: 43547

======================================================================
测评完成，结果已保存到: /Users/qianzekai/PycharmProjects/TolerDM/results/demandclean/har/v7_auto_plain_single/evaluation/v7_auto_plain_single_evaluation_results.txt
======================================================================
  统一测评完成，结果已保存到: /Users/qianzekai/PycharmProjects/TolerDM/results/demandclean/har/v7_auto_plain_single/v7_auto_plain_single_evaluation_results.txt

[Step 10] 真值成本汇总...
  RAHA 检测成本: 80
  Agent 修复成本: 0
  总成本: 80 / 210000 cells = 0.0381%

  [输出] 报告已保存: /Users/qianzekai/PycharmProjects/TolerDM/results/demandclean/har/v7_auto_plain_single/report/v7_auto_plain_single_report.json

  版本 v7_auto_plain_single 完成! 耗时: 1776.13s
  输出目录: /Users/qianzekai/PycharmProjects/TolerDM/results/demandclean/har/v7_auto_plain_single

======================================================================
版本: v8_auto_plain_two
数据集: har | 任务: clustering | 模型: kmeans
检测器: auto | Agent: single_stage | 推理: two_phase
训练轮数: 5 | 输出目录: /Users/qianzekai/PycharmProjects/TolerDM/results/demandclean/har/v8_auto_plain_two
======================================================================

[Step 1] 创建 DemandClean 实例...

[Step 2] 训练 (5 episodes)...

[AutoDetector] 初始化
  RAHA 来源: pip:raha
  RAHA 可用: True
  CSV 路径: /Users/qianzekai/PycharmProjects/TolerDM/data/har/dirty_index.csv
  FD 规则: 0 条
  规则文件: /Users/qianzekai/PycharmProjects/TolerDM/data/har/rules.txt
  规则摘要: ParsedRules(DOMAIN=4, FD=1, STAT=1)
  缺失值: 6360 个
  标签缺失(NaN): 2752 个

[检测] 在原始 CSV 上运行 RAHA (labeling_budget=20)...
  [RAHA] 数据规模: 70000 行 × 5 列
  [RAHA] 行数 70000 > 20000，启用行分块模式
  [行分块] 总行数 70000, 分为 4 批 (每批≤20000行)
  [行分块 1/4] 行 0~19999 (20000 行)
125 strategy profiles are collected.
38 Features are generated for column 0.
45 Features are generated for column 1.
48 Features are generated for column 2.
49 Features are generated for column 3.
36 Features are generated for column 4.
A hierarchical clustering model is built for column 0.
A hierarchical clustering model is built for column 1.
A hierarchical clustering model is built for column 2.
A hierarchical clustering model is built for column 3.
A hierarchical clustering model is built for column 4.
Tuple 4822 is sampled.
Tuple 4822 is labeled.
Tuple 18317 is sampled.
Tuple 18317 is labeled.
Tuple 17762 is sampled.
Tuple 17762 is labeled.
Tuple 423 is sampled.
Tuple 423 is labeled.
Tuple 12685 is sampled.
Tuple 12685 is labeled.
Tuple 5689 is sampled.
Tuple 5689 is labeled.
Tuple 11993 is sampled.
Tuple 11993 is labeled.
Tuple 2517 is sampled.
Tuple 2517 is labeled.
Tuple 15505 is sampled.
Tuple 15505 is labeled.
Tuple 4294 is sampled.
Tuple 4294 is labeled.
Tuple 8907 is sampled.
Tuple 8907 is labeled.
Tuple 15756 is sampled.
Tuple 15756 is labeled.
Tuple 1347 is sampled.
Tuple 1347 is labeled.
Tuple 12348 is sampled.
Tuple 12348 is labeled.
Tuple 15251 is sampled.
Tuple 15251 is labeled.
Tuple 15470 is sampled.
Tuple 15470 is labeled.
Tuple 3829 is sampled.
Tuple 3829 is labeled.
Tuple 9189 is sampled.
Tuple 9189 is labeled.
Tuple 490 is sampled.
Tuple 490 is labeled.
Tuple 15572 is sampled.
Tuple 15572 is labeled.
The number of labeled data cells increased from 100 to 91644.
A classifier is trained and applied on column 0.
A classifier is trained and applied on column 1.
A classifier is trained and applied on column 2.
A classifier is trained and applied on column 3.
A classifier is trained and applied on column 4.
  RAHA 检测结果: 11265 个单元格
  Precision=0.8942  Recall=0.9036  F1=0.8989
  RAHA 标注行数: 20 (labeling_budget=20)
  [行分块 1] 检测: 11265 个, 标注行: 20 个
  [行分块 2/4] 行 20000~39999 (20000 行)
125 strategy profiles are collected.
14 Features are generated for column 0.
45 Features are generated for column 1.
48 Features are generated for column 2.
45 Features are generated for column 3.
36 Features are generated for column 4.
A hierarchical clustering model is built for column 0.
A hierarchical clustering model is built for column 1.
A hierarchical clustering model is built for column 2.
A hierarchical clustering model is built for column 3.
A hierarchical clustering model is built for column 4.
Tuple 14748 is sampled.
Tuple 14748 is labeled.
Tuple 2831 is sampled.
Tuple 2831 is labeled.
Tuple 18852 is sampled.
Tuple 18852 is labeled.
Tuple 14793 is sampled.
Tuple 14793 is labeled.
Tuple 727 is sampled.
Tuple 727 is labeled.
Tuple 17125 is sampled.
Tuple 17125 is labeled.
Tuple 14229 is sampled.
Tuple 14229 is labeled.
Tuple 16074 is sampled.
Tuple 16074 is labeled.
Tuple 16784 is sampled.
Tuple 16784 is labeled.
Tuple 615 is sampled.
Tuple 615 is labeled.
Tuple 6454 is sampled.
Tuple 6454 is labeled.
Tuple 1996 is sampled.
Tuple 1996 is labeled.
Tuple 6737 is sampled.
Tuple 6737 is labeled.
Tuple 4157 is sampled.
Tuple 4157 is labeled.
Tuple 9743 is sampled.
Tuple 9743 is labeled.
Tuple 10960 is sampled.
Tuple 10960 is labeled.
Tuple 14001 is sampled.
Tuple 14001 is labeled.
Tuple 4250 is sampled.
Tuple 4250 is labeled.
Tuple 16179 is sampled.
Tuple 16179 is labeled.
Tuple 12940 is sampled.
Tuple 12940 is labeled.
The number of labeled data cells increased from 100 to 93155.
A classifier is trained and applied on column 0.
A classifier is trained and applied on column 1.
A classifier is trained and applied on column 2.
A classifier is trained and applied on column 3.
A classifier is trained and applied on column 4.
  RAHA 检测结果: 10615 个单元格
  Precision=0.8984  Recall=0.8493  F1=0.8731
  RAHA 标注行数: 20 (labeling_budget=20)
  [行分块 2] 检测: 10615 个, 标注行: 20 个
  [行分块 3/4] 行 40000~59999 (20000 行)
126 strategy profiles are collected.
14 Features are generated for column 0.
48 Features are generated for column 1.
42 Features are generated for column 2.
47 Features are generated for column 3.
46 Features are generated for column 4.
