1,2026-01-29 20:14:20,"[""numerical"", ""categorical"", ""categorical"", ""categorical"", ""categorical"", ""categorical"", ""categorical"", ""categorical"", ""categorical"", ""numerical"", ""numerical"", ""numerical"", ""numerical"", ""numerical"", ""numerical"", ""numerical"", ""numerical"", ""numerical"", ""numerical"", ""numerical"", ""numerical"", ""numerical"", ""numerical"", ""numerical"", ""numerical"", ""numerical"", ""numerical"", ""numerical"", ""numerical"", ""numerical"", ""numerical"", ""numerical"", ""numerical"", ""numerical"", ""numerical"", ""numerical"", ""numerical"", ""numerical"", ""numerical"", ""numerical"", ""numerical"", ""numerical"", ""numerical"", ""numerical"", ""numerical"", ""numerical"", ""numerical"", ""numerical"", ""numerical"", ""numerical"", ""numerical"", ""numerical"", ""numerical"", ""numerical"", ""numerical"", ""numerical"", ""numerical"", ""numerical"", ""numerical"", ""numerical"", ""numerical"", ""numerical"", ""numerical"", ""numerical"", ""numerical"", ""numerical"", ""numerical"", ""numerical"", ""numerical"", ""numerical"", ""numerical"", ""numerical"", ""numerical"", ""numerical"", ""numerical"", ""numerical"", ""numerical"", ""numerical"", ""numerical"", ""numerical"", ""numerical"", ""numerical"", ""numerical"", ""numerical"", ""numerical"", ""numerical"", ""numerical"", ""numerical"", ""numerical"", ""numerical"", ""numerical"", ""numerical"", ""numerical"", ""numerical"", ""numerical"", ""numerical"", ""numerical"", ""numerical"", ""numerical"", ""numerical"", ""numerical"", ""numerical"", ""numerical"", ""numerical"", ""numerical"", ""numerical"", ""numerical"", ""numerical"", ""numerical"", ""numerical"", ""numerical"", ""numerical"", ""numerical"", ""numerical"", ""numerical"", ""numerical"", ""numerical"", ""numerical"", ""numerical"", ""numerical"", ""numerical"", ""numerical"", ""numerical"", ""numerical"", ""numerical"", ""numerical"", ""numerical"", ""numerical"", ""numerical"", ""numerical"", ""numerical"", ""numerical"", ""numerical"", ""numerical"", ""numerical"", ""numerical"", ""numerical"", ""numerical"", ""numerical"", ""numerical"", ""numerical"", ""numerical"", ""numerical"", ""numerical"", ""numerical"", ""numerical"", ""numerical"", ""numerical"", ""numerical"", ""numerical"", ""numerical"", ""numerical"", ""numerical"", ""numerical"", ""numerical"", ""numerical"", ""numerical"", ""numerical"", ""numerical"", ""numerical"", ""numerical"", ""numerical"", ""numerical"", ""numerical"", ""numerical"", ""numerical"", ""numerical"", ""numerical"", ""numerical"", ""numerical"", ""numerical"", ""numerical"", ""numerical"", ""numerical"", ""numerical"", ""numerical"", ""numerical"", ""numerical"", ""numerical"", ""numerical"", ""numerical"", ""numerical"", ""numerical"", ""numerical"", ""numerical"", ""numerical"", ""numerical"", ""numerical"", ""numerical"", ""numerical"", ""numerical"", ""numerical"", ""numerical"", ""numerical"", ""numerical"", ""numerical"", ""numerical"", ""numerical"", ""numerical"", ""numerical"", ""numerical"", ""numerical"", ""numerical"", ""numerical"", ""numerical"", ""numerical"", ""numerical"", ""numerical"", ""numerical"", ""numerical"", ""numerical"", ""numerical"", ""numerical"", ""numerical"", ""numerical"", ""numerical"", ""numerical"", ""numerical"", ""numerical"", ""numerical"", ""numerical"", ""numerical"", ""numerical"", ""numerical"", ""numerical"", ""numerical"", ""numerical"", ""numerical"", ""numerical"", ""numerical"", ""numerical"", ""numerical"", ""numerical"", ""numerical"", ""numerical"", ""numerical"", ""numerical"", ""numerical"", ""numerical"", ""numerical"", ""numerical"", ""numerical"", ""numerical"", ""numerical"", ""numerical"", ""numerical"", ""numerical"", ""numerical"", ""numerical"", ""numerical"", ""numerical"", ""numerical"", ""numerical"", ""numerical"", ""numerical"", ""numerical"", ""numerical"", ""numerical"", ""numerical"", ""numerical"", ""numerical"", ""numerical"", ""numerical"", ""numerical"", ""numerical"", ""numerical"", ""numerical"", ""numerical"", ""numerical"", ""numerical"", ""numerical"", ""numerical"", ""numerical"", ""numerical"", ""numerical"", ""numerical"", ""numerical"", ""numerical"", ""numerical"", ""numerical"", ""numerical"", ""numerical"", ""numerical"", ""numerical"", ""numerical"", ""numerical"", ""numerical"", ""numerical"", ""numerical"", ""numerical"", ""numerical"", ""numerical"", ""numerical"", ""numerical"", ""numerical"", ""numerical"", ""numerical"", ""numerical"", ""numerical"", ""numerical"", ""numerical"", ""numerical"", ""numerical"", ""numerical"", ""numerical"", ""numerical"", ""numerical"", ""numerical"", ""numerical"", ""numerical"", ""numerical"", ""numerical"", ""numerical"", ""numerical"", ""numerical"", ""numerical"", ""numerical"", ""numerical"", ""numerical"", ""numerical"", ""numerical"", ""numerical"", ""numerical"", ""numerical"", ""numerical"", ""numerical"", ""numerical"", ""numerical"", ""numerical"", ""numerical"", ""numerical"", ""numerical"", ""numerical"", ""numerical"", ""numerical"", ""numerical"", ""numerical"", ""numerical"", ""numerical"", ""numerical"", ""numerical"", ""numerical"", ""numerical"", ""numerical"", ""numerical"", ""numerical"", ""numerical"", ""numerical"", ""numerical"", ""numerical"", ""numerical"", ""numerical"", ""numerical"", ""numerical"", ""numerical"", ""numerical"", ""numerical"", ""numerical"", ""numerical"", ""numerical"", ""numerical"", ""numerical"", ""numerical"", ""numerical"", ""numerical"", ""numerical"", ""numerical"", ""numerical"", ""numerical"", ""numerical"", ""numerical"", ""numerical"", ""numerical"", ""numerical"", ""numerical"", ""numerical"", ""numerical""]"
3,2026-01-29 20:14:20,"[4209, 377]"
2,2026-01-29 20:14:20,"[""[<activedetect.error_detectors.QuantitativeErrorModule.QuantitativeErrorModule object at 0x7c5d3c999090>]"", [{""thresh"": 10}]]"
0,2026-01-29 20:14:20,"{""cell"": [385, 9], ""error_types"": [""A numerical value was found with a value of greater than > 10 stds from the mean""], ""cell_value"": """", ""record_value"": """"}"
0,2026-01-29 20:14:20,"{""cell"": [1492, 9], ""error_types"": [""A numerical value was found with a value of greater than > 10 stds from the mean""], ""cell_value"": """", ""record_value"": """"}"
0,2026-01-29 20:14:20,"{""cell"": [1977, 9], ""error_types"": [""A numerical value was found with a value of greater than > 10 stds from the mean""], ""cell_value"": """", ""record_value"": """"}"
0,2026-01-29 20:14:20,"{""cell"": [2390, 9], ""error_types"": [""A numerical value was found with a value of greater than > 10 stds from the mean""], ""cell_value"": """", ""record_value"": """"}"
0,2026-01-29 20:14:20,"{""cell"": [1124, 10], ""error_types"": [""A numerical value was found with a value of greater than > 10 stds from the mean""], ""cell_value"": """", ""record_value"": """"}"
0,2026-01-29 20:14:20,"{""cell"": [1410, 10], ""error_types"": [""A numerical value was found with a value of greater than > 10 stds from the mean""], ""cell_value"": """", ""record_value"": """"}"
0,2026-01-29 20:14:20,"{""cell"": [2214, 10], ""error_types"": [""A numerical value was found with a value of greater than > 10 stds from the mean""], ""cell_value"": """", ""record_value"": """"}"
0,2026-01-29 20:14:20,"{""cell"": [2504, 10], ""error_types"": [""A numerical value was found with a value of greater than > 10 stds from the mean""], ""cell_value"": """", ""record_value"": """"}"
0,2026-01-29 20:14:20,"{""cell"": [3042, 10], ""error_types"": [""A numerical value was found with a value of greater than > 10 stds from the mean""], ""cell_value"": """", ""record_value"": """"}"
0,2026-01-29 20:14:20,"{""cell"": [731, 11], ""error_types"": [""A numerical value was found with a value of greater than > 10 stds from the mean""], ""cell_value"": """", ""record_value"": """"}"
0,2026-01-29 20:14:20,"{""cell"": [894, 11], ""error_types"": [""A numerical value was found with a value of greater than > 10 stds from the mean""], ""cell_value"": """", ""record_value"": """"}"
0,2026-01-29 20:14:20,"{""cell"": [3487, 11], ""error_types"": [""A numerical value was found with a value of greater than > 10 stds from the mean""], ""cell_value"": """", ""record_value"": """"}"
0,2026-01-29 20:14:20,"{""cell"": [280, 12], ""error_types"": [""A numerical value was found with a value of greater than > 10 stds from the mean""], ""cell_value"": """", ""record_value"": """"}"
0,2026-01-29 20:14:20,"{""cell"": [417, 12], ""error_types"": [""A numerical value was found with a value of greater than > 10 stds from the mean""], ""cell_value"": """", ""record_value"": """"}"
0,2026-01-29 20:14:20,"{""cell"": [1128, 12], ""error_types"": [""A numerical value was found with a value of greater than > 10 stds from the mean""], ""cell_value"": """", ""record_value"": """"}"
0,2026-01-29 20:14:20,"{""cell"": [1500, 12], ""error_types"": [""A numerical value was found with a value of greater than > 10 stds from the mean""], ""cell_value"": """", ""record_value"": """"}"
0,2026-01-29 20:14:20,"{""cell"": [1662, 12], ""error_types"": [""A numerical value was found with a value of greater than > 10 stds from the mean""], ""cell_value"": """", ""record_value"": """"}"
0,2026-01-29 20:14:20,"{""cell"": [1788, 12], ""error_types"": [""A numerical value was found with a value of greater than > 10 stds from the mean""], ""cell_value"": """", ""record_value"": """"}"
0,2026-01-29 20:14:20,"{""cell"": [2166, 12], ""error_types"": [""A numerical value was found with a value of greater than > 10 stds from the mean""], ""cell_value"": """", ""record_value"": """"}"
0,2026-01-29 20:14:20,"{""cell"": [4156, 12], ""error_types"": [""A numerical value was found with a value of greater than > 10 stds from the mean""], ""cell_value"": """", ""record_value"": """"}"
0,2026-01-29 20:14:20,"{""cell"": [1079, 13], ""error_types"": [""A numerical value was found with a value of greater than > 10 stds from the mean""], ""cell_value"": """", ""record_value"": """"}"
0,2026-01-29 20:14:20,"{""cell"": [1394, 13], ""error_types"": [""A numerical value was found with a value of greater than > 10 stds from the mean""], ""cell_value"": """", ""record_value"": """"}"
0,2026-01-29 20:14:20,"{""cell"": [2152, 13], ""error_types"": [""A numerical value was found with a value of greater than > 10 stds from the mean""], ""cell_value"": """", ""record_value"": """"}"
0,2026-01-29 20:14:20,"{""cell"": [3975, 13], ""error_types"": [""A numerical value was found with a value of greater than > 10 stds from the mean""], ""cell_value"": """", ""record_value"": """"}"
0,2026-01-29 20:14:20,"{""cell"": [456, 14], ""error_types"": [""A numerical value was found with a value of greater than > 10 stds from the mean""], ""cell_value"": """", ""record_value"": """"}"
0,2026-01-29 20:14:20,"{""cell"": [1250, 14], ""error_types"": [""A numerical value was found with a value of greater than > 10 stds from the mean""], ""cell_value"": """", ""record_value"": """"}"
0,2026-01-29 20:14:20,"{""cell"": [1289, 14], ""error_types"": [""A numerical value was found with a value of greater than > 10 stds from the mean""], ""cell_value"": """", ""record_value"": """"}"
0,2026-01-29 20:14:20,"{""cell"": [2018, 14], ""error_types"": [""A numerical value was found with a value of greater than > 10 stds from the mean""], ""cell_value"": """", ""record_value"": """"}"
0,2026-01-29 20:14:20,"{""cell"": [2105, 14], ""error_types"": [""A numerical value was found with a value of greater than > 10 stds from the mean""], ""cell_value"": """", ""record_value"": """"}"
0,2026-01-29 20:14:20,"{""cell"": [3068, 14], ""error_types"": [""A numerical value was found with a value of greater than > 10 stds from the mean""], ""cell_value"": """", ""record_value"": """"}"
0,2026-01-29 20:14:20,"{""cell"": [3221, 14], ""error_types"": [""A numerical value was found with a value of greater than > 10 stds from the mean""], ""cell_value"": """", ""record_value"": """"}"
0,2026-01-29 20:14:20,"{""cell"": [3279, 14], ""error_types"": [""A numerical value was found with a value of greater than > 10 stds from the mean""], ""cell_value"": """", ""record_value"": """"}"
0,2026-01-29 20:14:20,"{""cell"": [3332, 14], ""error_types"": [""A numerical value was found with a value of greater than > 10 stds from the mean""], ""cell_value"": """", ""record_value"": """"}"
0,2026-01-29 20:14:20,"{""cell"": [3709, 14], ""error_types"": [""A numerical value was found with a value of greater than > 10 stds from the mean""], ""cell_value"": """", ""record_value"": """"}"
0,2026-01-29 20:14:20,"{""cell"": [235, 15], ""error_types"": [""A numerical value was found with a value of greater than > 10 stds from the mean""], ""cell_value"": """", ""record_value"": """"}"
0,2026-01-29 20:14:20,"{""cell"": [663, 15], ""error_types"": [""A numerical value was found with a value of greater than > 10 stds from the mean""], ""cell_value"": """", ""record_value"": """"}"
0,2026-01-29 20:14:20,"{""cell"": [809, 15], ""error_types"": [""A numerical value was found with a value of greater than > 10 stds from the mean""], ""cell_value"": """", ""record_value"": """"}"
0,2026-01-29 20:14:20,"{""cell"": [812, 15], ""error_types"": [""A numerical value was found with a value of greater than > 10 stds from the mean""], ""cell_value"": """", ""record_value"": """"}"
0,2026-01-29 20:14:20,"{""cell"": [959, 15], ""error_types"": [""A numerical value was found with a value of greater than > 10 stds from the mean""], ""cell_value"": """", ""record_value"": """"}"
0,2026-01-29 20:14:20,"{""cell"": [1129, 15], ""error_types"": [""A numerical value was found with a value of greater than > 10 stds from the mean""], ""cell_value"": """", ""record_value"": """"}"
0,2026-01-29 20:14:20,"{""cell"": [1180, 15], ""error_types"": [""A numerical value was found with a value of greater than > 10 stds from the mean""], ""cell_value"": """", ""record_value"": """"}"
0,2026-01-29 20:14:20,"{""cell"": [1271, 15], ""error_types"": [""A numerical value was found with a value of greater than > 10 stds from the mean""], ""cell_value"": """", ""record_value"": """"}"
0,2026-01-29 20:14:20,"{""cell"": [1308, 15], ""error_types"": [""A numerical value was found with a value of greater than > 10 stds from the mean""], ""cell_value"": """", ""record_value"": """"}"
0,2026-01-29 20:14:20,"{""cell"": [1783, 15], ""error_types"": [""A numerical value was found with a value of greater than > 10 stds from the mean""], ""cell_value"": """", ""record_value"": """"}"
0,2026-01-29 20:14:20,"{""cell"": [2129, 15], ""error_types"": [""A numerical value was found with a value of greater than > 10 stds from the mean""], ""cell_value"": """", ""record_value"": """"}"
0,2026-01-29 20:14:20,"{""cell"": [2530, 15], ""error_types"": [""A numerical value was found with a value of greater than > 10 stds from the mean""], ""cell_value"": """", ""record_value"": """"}"
0,2026-01-29 20:14:20,"{""cell"": [2650, 15], ""error_types"": [""A numerical value was found with a value of greater than > 10 stds from the mean""], ""cell_value"": """", ""record_value"": """"}"
0,2026-01-29 20:14:20,"{""cell"": [3505, 15], ""error_types"": [""A numerical value was found with a value of greater than > 10 stds from the mean""], ""cell_value"": """", ""record_value"": """"}"
0,2026-01-29 20:14:20,"{""cell"": [3567, 15], ""error_types"": [""A numerical value was found with a value of greater than > 10 stds from the mean""], ""cell_value"": """", ""record_value"": """"}"
0,2026-01-29 20:14:20,"{""cell"": [425, 16], ""error_types"": [""A numerical value was found with a value of greater than > 10 stds from the mean""], ""cell_value"": """", ""record_value"": """"}"
0,2026-01-29 20:14:20,"{""cell"": [701, 16], ""error_types"": [""A numerical value was found with a value of greater than > 10 stds from the mean""], ""cell_value"": """", ""record_value"": """"}"
0,2026-01-29 20:14:20,"{""cell"": [2184, 16], ""error_types"": [""A numerical value was found with a value of greater than > 10 stds from the mean""], ""cell_value"": """", ""record_value"": """"}"
0,2026-01-29 20:14:20,"{""cell"": [3027, 16], ""error_types"": [""A numerical value was found with a value of greater than > 10 stds from the mean""], ""cell_value"": """", ""record_value"": """"}"
0,2026-01-29 20:14:21,"{""cell"": [738, 17], ""error_types"": [""A numerical value was found with a value of greater than > 10 stds from the mean""], ""cell_value"": """", ""record_value"": """"}"
0,2026-01-29 20:14:21,"{""cell"": [1461, 17], ""error_types"": [""A numerical value was found with a value of greater than > 10 stds from the mean""], ""cell_value"": """", ""record_value"": """"}"
0,2026-01-29 20:14:21,"{""cell"": [2112, 17], ""error_types"": [""A numerical value was found with a value of greater than > 10 stds from the mean""], ""cell_value"": """", ""record_value"": """"}"
0,2026-01-29 20:14:21,"{""cell"": [669, 18], ""error_types"": [""A numerical value was found with a value of greater than > 10 stds from the mean""], ""cell_value"": """", ""record_value"": """"}"
0,2026-01-29 20:14:21,"{""cell"": [2969, 18], ""error_types"": [""A numerical value was found with a value of greater than > 10 stds from the mean""], ""cell_value"": """", ""record_value"": """"}"
0,2026-01-29 20:14:21,"{""cell"": [3779, 18], ""error_types"": [""A numerical value was found with a value of greater than > 10 stds from the mean""], ""cell_value"": """", ""record_value"": """"}"
0,2026-01-29 20:14:21,"{""cell"": [1196, 19], ""error_types"": [""A numerical value was found with a value of greater than > 10 stds from the mean""], ""cell_value"": """", ""record_value"": """"}"
0,2026-01-29 20:14:21,"{""cell"": [1925, 19], ""error_types"": [""A numerical value was found with a value of greater than > 10 stds from the mean""], ""cell_value"": """", ""record_value"": """"}"
0,2026-01-29 20:14:21,"{""cell"": [2459, 19], ""error_types"": [""A numerical value was found with a value of greater than > 10 stds from the mean""], ""cell_value"": """", ""record_value"": """"}"
0,2026-01-29 20:14:21,"{""cell"": [2590, 19], ""error_types"": [""A numerical value was found with a value of greater than > 10 stds from the mean""], ""cell_value"": """", ""record_value"": """"}"
0,2026-01-29 20:14:21,"{""cell"": [3826, 19], ""error_types"": [""A numerical value was found with a value of greater than > 10 stds from the mean""], ""cell_value"": """", ""record_value"": """"}"
0,2026-01-29 20:14:21,"{""cell"": [293, 20], ""error_types"": [""A numerical value was found with a value of greater than > 10 stds from the mean""], ""cell_value"": """", ""record_value"": """"}"
0,2026-01-29 20:14:21,"{""cell"": [350, 20], ""error_types"": [""A numerical value was found with a value of greater than > 10 stds from the mean""], ""cell_value"": """", ""record_value"": """"}"
0,2026-01-29 20:14:21,"{""cell"": [3528, 20], ""error_types"": [""A numerical value was found with a value of greater than > 10 stds from the mean""], ""cell_value"": """", ""record_value"": """"}"
0,2026-01-29 20:14:21,"{""cell"": [3936, 20], ""error_types"": [""A numerical value was found with a value of greater than > 10 stds from the mean""], ""cell_value"": """", ""record_value"": """"}"
0,2026-01-29 20:14:21,"{""cell"": [774, 21], ""error_types"": [""A numerical value was found with a value of greater than > 10 stds from the mean""], ""cell_value"": """", ""record_value"": """"}"
0,2026-01-29 20:14:21,"{""cell"": [2073, 21], ""error_types"": [""A numerical value was found with a value of greater than > 10 stds from the mean""], ""cell_value"": """", ""record_value"": """"}"
0,2026-01-29 20:14:21,"{""cell"": [2492, 21], ""error_types"": [""A numerical value was found with a value of greater than > 10 stds from the mean""], ""cell_value"": """", ""record_value"": """"}"
0,2026-01-29 20:14:21,"{""cell"": [3995, 21], ""error_types"": [""A numerical value was found with a value of greater than > 10 stds from the mean""], ""cell_value"": """", ""record_value"": """"}"
0,2026-01-29 20:14:21,"{""cell"": [1760, 22], ""error_types"": [""A numerical value was found with a value of greater than > 10 stds from the mean""], ""cell_value"": """", ""record_value"": """"}"
0,2026-01-29 20:14:21,"{""cell"": [2591, 22], ""error_types"": [""A numerical value was found with a value of greater than > 10 stds from the mean""], ""cell_value"": """", ""record_value"": """"}"
0,2026-01-29 20:14:21,"{""cell"": [49, 23], ""error_types"": [""A numerical value was found with a value of greater than > 10 stds from the mean""], ""cell_value"": """", ""record_value"": """"}"
0,2026-01-29 20:14:21,"{""cell"": [250, 23], ""error_types"": [""A numerical value was found with a value of greater than > 10 stds from the mean""], ""cell_value"": """", ""record_value"": """"}"
0,2026-01-29 20:14:21,"{""cell"": [332, 23], ""error_types"": [""A numerical value was found with a value of greater than > 10 stds from the mean""], ""cell_value"": """", ""record_value"": """"}"
0,2026-01-29 20:14:21,"{""cell"": [1084, 23], ""error_types"": [""A numerical value was found with a value of greater than > 10 stds from the mean""], ""cell_value"": """", ""record_value"": """"}"
0,2026-01-29 20:14:21,"{""cell"": [2007, 23], ""error_types"": [""A numerical value was found with a value of greater than > 10 stds from the mean""], ""cell_value"": """", ""record_value"": """"}"
0,2026-01-29 20:14:21,"{""cell"": [2113, 23], ""error_types"": [""A numerical value was found with a value of greater than > 10 stds from the mean""], ""cell_value"": """", ""record_value"": """"}"
0,2026-01-29 20:14:21,"{""cell"": [2224, 23], ""error_types"": [""A numerical value was found with a value of greater than > 10 stds from the mean""], ""cell_value"": """", ""record_value"": """"}"
0,2026-01-29 20:14:21,"{""cell"": [2333, 23], ""error_types"": [""A numerical value was found with a value of greater than > 10 stds from the mean""], ""cell_value"": """", ""record_value"": """"}"
0,2026-01-29 20:14:21,"{""cell"": [2929, 23], ""error_types"": [""A numerical value was found with a value of greater than > 10 stds from the mean""], ""cell_value"": """", ""record_value"": """"}"
0,2026-01-29 20:14:21,"{""cell"": [3082, 23], ""error_types"": [""A numerical value was found with a value of greater than > 10 stds from the mean""], ""cell_value"": """", ""record_value"": """"}"
0,2026-01-29 20:14:21,"{""cell"": [3541, 23], ""error_types"": [""A numerical value was found with a value of greater than > 10 stds from the mean""], ""cell_value"": """", ""record_value"": """"}"
0,2026-01-29 20:14:21,"{""cell"": [3683, 23], ""error_types"": [""A numerical value was found with a value of greater than > 10 stds from the mean""], ""cell_value"": """", ""record_value"": """"}"
0,2026-01-29 20:14:21,"{""cell"": [538, 24], ""error_types"": [""A numerical value was found with a value of greater than > 10 stds from the mean""], ""cell_value"": """", ""record_value"": """"}"
0,2026-01-29 20:14:21,"{""cell"": [1534, 24], ""error_types"": [""A numerical value was found with a value of greater than > 10 stds from the mean""], ""cell_value"": """", ""record_value"": """"}"
0,2026-01-29 20:14:21,"{""cell"": [2335, 24], ""error_types"": [""A numerical value was found with a value of greater than > 10 stds from the mean""], ""cell_value"": """", ""record_value"": """"}"
0,2026-01-29 20:14:21,"{""cell"": [2467, 24], ""error_types"": [""A numerical value was found with a value of greater than > 10 stds from the mean""], ""cell_value"": """", ""record_value"": """"}"
0,2026-01-29 20:14:21,"{""cell"": [2902, 24], ""error_types"": [""A numerical value was found with a value of greater than > 10 stds from the mean""], ""cell_value"": """", ""record_value"": """"}"
0,2026-01-29 20:14:21,"{""cell"": [3282, 24], ""error_types"": [""A numerical value was found with a value of greater than > 10 stds from the mean""], ""cell_value"": """", ""record_value"": """"}"
0,2026-01-29 20:14:21,"{""cell"": [799, 25], ""error_types"": [""A numerical value was found with a value of greater than > 10 stds from the mean""], ""cell_value"": """", ""record_value"": """"}"
0,2026-01-29 20:14:21,"{""cell"": [1580, 25], ""error_types"": [""A numerical value was found with a value of greater than > 10 stds from the mean""], ""cell_value"": """", ""record_value"": """"}"
0,2026-01-29 20:14:21,"{""cell"": [2017, 25], ""error_types"": [""A numerical value was found with a value of greater than > 10 stds from the mean""], ""cell_value"": """", ""record_value"": """"}"
0,2026-01-29 20:14:21,"{""cell"": [3589, 25], ""error_types"": [""A numerical value was found with a value of greater than > 10 stds from the mean""], ""cell_value"": """", ""record_value"": """"}"
0,2026-01-29 20:14:21,"{""cell"": [3896, 25], ""error_types"": [""A numerical value was found with a value of greater than > 10 stds from the mean""], ""cell_value"": """", ""record_value"": """"}"
0,2026-01-29 20:14:21,"{""cell"": [750, 26], ""error_types"": [""A numerical value was found with a value of greater than > 10 stds from the mean""], ""cell_value"": """", ""record_value"": """"}"
0,2026-01-29 20:14:21,"{""cell"": [1797, 26], ""error_types"": [""A numerical value was found with a value of greater than > 10 stds from the mean""], ""cell_value"": """", ""record_value"": """"}"
0,2026-01-29 20:14:21,"{""cell"": [2382, 26], ""error_types"": [""A numerical value was found with a value of greater than > 10 stds from the mean""], ""cell_value"": """", ""record_value"": """"}"
0,2026-01-29 20:14:21,"{""cell"": [3103, 26], ""error_types"": [""A numerical value was found with a value of greater than > 10 stds from the mean""], ""cell_value"": """", ""record_value"": """"}"
0,2026-01-29 20:14:21,"{""cell"": [4190, 26], ""error_types"": [""A numerical value was found with a value of greater than > 10 stds from the mean""], ""cell_value"": """", ""record_value"": """"}"
0,2026-01-29 20:14:21,"{""cell"": [381, 27], ""error_types"": [""A numerical value was found with a value of greater than > 10 stds from the mean""], ""cell_value"": """", ""record_value"": """"}"
0,2026-01-29 20:14:21,"{""cell"": [892, 27], ""error_types"": [""A numerical value was found with a value of greater than > 10 stds from the mean""], ""cell_value"": """", ""record_value"": """"}"
0,2026-01-29 20:14:21,"{""cell"": [1528, 27], ""error_types"": [""A numerical value was found with a value of greater than > 10 stds from the mean""], ""cell_value"": """", ""record_value"": """"}"
0,2026-01-29 20:14:21,"{""cell"": [1624, 27], ""error_types"": [""A numerical value was found with a value of greater than > 10 stds from the mean""], ""cell_value"": """", ""record_value"": """"}"
0,2026-01-29 20:14:21,"{""cell"": [103, 28], ""error_types"": [""A numerical value was found with a value of greater than > 10 stds from the mean""], ""cell_value"": """", ""record_value"": """"}"
0,2026-01-29 20:14:21,"{""cell"": [1519, 28], ""error_types"": [""A numerical value was found with a value of greater than > 10 stds from the mean""], ""cell_value"": """", ""record_value"": """"}"
0,2026-01-29 20:14:21,"{""cell"": [3974, 28], ""error_types"": [""A numerical value was found with a value of greater than > 10 stds from the mean""], ""cell_value"": """", ""record_value"": """"}"
0,2026-01-29 20:14:21,"{""cell"": [4078, 28], ""error_types"": [""A numerical value was found with a value of greater than > 10 stds from the mean""], ""cell_value"": """", ""record_value"": """"}"
0,2026-01-29 20:14:21,"{""cell"": [379, 29], ""error_types"": [""A numerical value was found with a value of greater than > 10 stds from the mean""], ""cell_value"": """", ""record_value"": """"}"
0,2026-01-29 20:14:21,"{""cell"": [1861, 29], ""error_types"": [""A numerical value was found with a value of greater than > 10 stds from the mean""], ""cell_value"": """", ""record_value"": """"}"
0,2026-01-29 20:14:21,"{""cell"": [4180, 29], ""error_types"": [""A numerical value was found with a value of greater than > 10 stds from the mean""], ""cell_value"": """", ""record_value"": """"}"
0,2026-01-29 20:14:21,"{""cell"": [1257, 30], ""error_types"": [""A numerical value was found with a value of greater than > 10 stds from the mean""], ""cell_value"": """", ""record_value"": """"}"
0,2026-01-29 20:14:21,"{""cell"": [1362, 30], ""error_types"": [""A numerical value was found with a value of greater than > 10 stds from the mean""], ""cell_value"": """", ""record_value"": """"}"
0,2026-01-29 20:14:21,"{""cell"": [1431, 30], ""error_types"": [""A numerical value was found with a value of greater than > 10 stds from the mean""], ""cell_value"": """", ""record_value"": """"}"
0,2026-01-29 20:14:21,"{""cell"": [214, 31], ""error_types"": [""A numerical value was found with a value of greater than > 10 stds from the mean""], ""cell_value"": """", ""record_value"": """"}"
0,2026-01-29 20:14:21,"{""cell"": [1789, 31], ""error_types"": [""A numerical value was found with a value of greater than > 10 stds from the mean""], ""cell_value"": """", ""record_value"": """"}"
0,2026-01-29 20:14:21,"{""cell"": [1892, 31], ""error_types"": [""A numerical value was found with a value of greater than > 10 stds from the mean""], ""cell_value"": """", ""record_value"": """"}"
0,2026-01-29 20:14:21,"{""cell"": [3321, 31], ""error_types"": [""A numerical value was found with a value of greater than > 10 stds from the mean""], ""cell_value"": """", ""record_value"": """"}"
0,2026-01-29 20:14:21,"{""cell"": [3563, 31], ""error_types"": [""A numerical value was found with a value of greater than > 10 stds from the mean""], ""cell_value"": """", ""record_value"": """"}"
0,2026-01-29 20:14:21,"{""cell"": [4202, 31], ""error_types"": [""A numerical value was found with a value of greater than > 10 stds from the mean""], ""cell_value"": """", ""record_value"": """"}"
0,2026-01-29 20:14:21,"{""cell"": [1186, 32], ""error_types"": [""A numerical value was found with a value of greater than > 10 stds from the mean""], ""cell_value"": """", ""record_value"": """"}"
0,2026-01-29 20:14:21,"{""cell"": [3002, 32], ""error_types"": [""A numerical value was found with a value of greater than > 10 stds from the mean""], ""cell_value"": """", ""record_value"": """"}"
0,2026-01-29 20:14:21,"{""cell"": [3092, 32], ""error_types"": [""A numerical value was found with a value of greater than > 10 stds from the mean""], ""cell_value"": """", ""record_value"": """"}"
0,2026-01-29 20:14:21,"{""cell"": [3686, 32], ""error_types"": [""A numerical value was found with a value of greater than > 10 stds from the mean""], ""cell_value"": """", ""record_value"": """"}"
0,2026-01-29 20:14:21,"{""cell"": [997, 33], ""error_types"": [""A numerical value was found with a value of greater than > 10 stds from the mean""], ""cell_value"": """", ""record_value"": """"}"
0,2026-01-29 20:14:21,"{""cell"": [2582, 33], ""error_types"": [""A numerical value was found with a value of greater than > 10 stds from the mean""], ""cell_value"": """", ""record_value"": """"}"
0,2026-01-29 20:14:21,"{""cell"": [2680, 33], ""error_types"": [""A numerical value was found with a value of greater than > 10 stds from the mean""], ""cell_value"": """", ""record_value"": """"}"
0,2026-01-29 20:14:21,"{""cell"": [3210, 33], ""error_types"": [""A numerical value was found with a value of greater than > 10 stds from the mean""], ""cell_value"": """", ""record_value"": """"}"
0,2026-01-29 20:14:21,"{""cell"": [93, 34], ""error_types"": [""A numerical value was found with a value of greater than > 10 stds from the mean""], ""cell_value"": """", ""record_value"": """"}"
0,2026-01-29 20:14:21,"{""cell"": [610, 34], ""error_types"": [""A numerical value was found with a value of greater than > 10 stds from the mean""], ""cell_value"": """", ""record_value"": """"}"
0,2026-01-29 20:14:21,"{""cell"": [645, 34], ""error_types"": [""A numerical value was found with a value of greater than > 10 stds from the mean""], ""cell_value"": """", ""record_value"": """"}"
0,2026-01-29 20:14:21,"{""cell"": [1239, 34], ""error_types"": [""A numerical value was found with a value of greater than > 10 stds from the mean""], ""cell_value"": """", ""record_value"": """"}"
0,2026-01-29 20:14:21,"{""cell"": [2371, 34], ""error_types"": [""A numerical value was found with a value of greater than > 10 stds from the mean""], ""cell_value"": """", ""record_value"": """"}"
0,2026-01-29 20:14:21,"{""cell"": [2488, 34], ""error_types"": [""A numerical value was found with a value of greater than > 10 stds from the mean""], ""cell_value"": """", ""record_value"": """"}"
0,2026-01-29 20:14:21,"{""cell"": [1247, 35], ""error_types"": [""A numerical value was found with a value of greater than > 10 stds from the mean""], ""cell_value"": """", ""record_value"": """"}"
0,2026-01-29 20:14:21,"{""cell"": [1263, 35], ""error_types"": [""A numerical value was found with a value of greater than > 10 stds from the mean""], ""cell_value"": """", ""record_value"": """"}"
0,2026-01-29 20:14:21,"{""cell"": [1675, 35], ""error_types"": [""A numerical value was found with a value of greater than > 10 stds from the mean""], ""cell_value"": """", ""record_value"": """"}"
0,2026-01-29 20:14:21,"{""cell"": [1946, 35], ""error_types"": [""A numerical value was found with a value of greater than > 10 stds from the mean""], ""cell_value"": """", ""record_value"": """"}"
0,2026-01-29 20:14:21,"{""cell"": [2933, 35], ""error_types"": [""A numerical value was found with a value of greater than > 10 stds from the mean""], ""cell_value"": """", ""record_value"": """"}"
0,2026-01-29 20:14:21,"{""cell"": [3344, 35], ""error_types"": [""A numerical value was found with a value of greater than > 10 stds from the mean""], ""cell_value"": """", ""record_value"": """"}"
0,2026-01-29 20:14:21,"{""cell"": [3449, 35], ""error_types"": [""A numerical value was found with a value of greater than > 10 stds from the mean""], ""cell_value"": """", ""record_value"": """"}"
0,2026-01-29 20:14:21,"{""cell"": [3571, 35], ""error_types"": [""A numerical value was found with a value of greater than > 10 stds from the mean""], ""cell_value"": """", ""record_value"": """"}"
0,2026-01-29 20:14:21,"{""cell"": [1156, 36], ""error_types"": [""A numerical value was found with a value of greater than > 10 stds from the mean""], ""cell_value"": """", ""record_value"": """"}"
0,2026-01-29 20:14:21,"{""cell"": [1603, 36], ""error_types"": [""A numerical value was found with a value of greater than > 10 stds from the mean""], ""cell_value"": """", ""record_value"": """"}"
0,2026-01-29 20:14:21,"{""cell"": [1732, 36], ""error_types"": [""A numerical value was found with a value of greater than > 10 stds from the mean""], ""cell_value"": """", ""record_value"": """"}"
0,2026-01-29 20:14:21,"{""cell"": [2639, 36], ""error_types"": [""A numerical value was found with a value of greater than > 10 stds from the mean""], ""cell_value"": """", ""record_value"": """"}"
0,2026-01-29 20:14:21,"{""cell"": [3050, 36], ""error_types"": [""A numerical value was found with a value of greater than > 10 stds from the mean""], ""cell_value"": """", ""record_value"": """"}"
0,2026-01-29 20:14:21,"{""cell"": [3452, 36], ""error_types"": [""A numerical value was found with a value of greater than > 10 stds from the mean""], ""cell_value"": """", ""record_value"": """"}"
0,2026-01-29 20:14:21,"{""cell"": [3618, 36], ""error_types"": [""A numerical value was found with a value of greater than > 10 stds from the mean""], ""cell_value"": """", ""record_value"": """"}"
0,2026-01-29 20:14:21,"{""cell"": [219, 37], ""error_types"": [""A numerical value was found with a value of greater than > 10 stds from the mean""], ""cell_value"": """", ""record_value"": """"}"
0,2026-01-29 20:14:21,"{""cell"": [1858, 37], ""error_types"": [""A numerical value was found with a value of greater than > 10 stds from the mean""], ""cell_value"": """", ""record_value"": """"}"
0,2026-01-29 20:14:21,"{""cell"": [2482, 37], ""error_types"": [""A numerical value was found with a value of greater than > 10 stds from the mean""], ""cell_value"": """", ""record_value"": """"}"
0,2026-01-29 20:14:21,"{""cell"": [2515, 37], ""error_types"": [""A numerical value was found with a value of greater than > 10 stds from the mean""], ""cell_value"": """", ""record_value"": """"}"
0,2026-01-29 20:14:21,"{""cell"": [3321, 37], ""error_types"": [""A numerical value was found with a value of greater than > 10 stds from the mean""], ""cell_value"": """", ""record_value"": """"}"
0,2026-01-29 20:14:21,"{""cell"": [3557, 37], ""error_types"": [""A numerical value was found with a value of greater than > 10 stds from the mean""], ""cell_value"": """", ""record_value"": """"}"
0,2026-01-29 20:14:21,"{""cell"": [209, 38], ""error_types"": [""A numerical value was found with a value of greater than > 10 stds from the mean""], ""cell_value"": """", ""record_value"": """"}"
0,2026-01-29 20:14:21,"{""cell"": [1238, 38], ""error_types"": [""A numerical value was found with a value of greater than > 10 stds from the mean""], ""cell_value"": """", ""record_value"": """"}"
0,2026-01-29 20:14:21,"{""cell"": [1279, 38], ""error_types"": [""A numerical value was found with a value of greater than > 10 stds from the mean""], ""cell_value"": """", ""record_value"": """"}"
0,2026-01-29 20:14:21,"{""cell"": [1606, 38], ""error_types"": [""A numerical value was found with a value of greater than > 10 stds from the mean""], ""cell_value"": """", ""record_value"": """"}"
0,2026-01-29 20:14:21,"{""cell"": [3477, 38], ""error_types"": [""A numerical value was found with a value of greater than > 10 stds from the mean""], ""cell_value"": """", ""record_value"": """"}"
0,2026-01-29 20:14:21,"{""cell"": [3673, 38], ""error_types"": [""A numerical value was found with a value of greater than > 10 stds from the mean""], ""cell_value"": """", ""record_value"": """"}"
0,2026-01-29 20:14:21,"{""cell"": [3933, 38], ""error_types"": [""A numerical value was found with a value of greater than > 10 stds from the mean""], ""cell_value"": """", ""record_value"": """"}"
0,2026-01-29 20:14:21,"{""cell"": [4053, 38], ""error_types"": [""A numerical value was found with a value of greater than > 10 stds from the mean""], ""cell_value"": """", ""record_value"": """"}"
0,2026-01-29 20:14:21,"{""cell"": [4190, 38], ""error_types"": [""A numerical value was found with a value of greater than > 10 stds from the mean""], ""cell_value"": """", ""record_value"": """"}"
0,2026-01-29 20:14:21,"{""cell"": [571, 39], ""error_types"": [""A numerical value was found with a value of greater than > 10 stds from the mean""], ""cell_value"": """", ""record_value"": """"}"
0,2026-01-29 20:14:21,"{""cell"": [636, 39], ""error_types"": [""A numerical value was found with a value of greater than > 10 stds from the mean""], ""cell_value"": """", ""record_value"": """"}"
0,2026-01-29 20:14:21,"{""cell"": [1404, 39], ""error_types"": [""A numerical value was found with a value of greater than > 10 stds from the mean""], ""cell_value"": """", ""record_value"": """"}"
0,2026-01-29 20:14:21,"{""cell"": [1808, 39], ""error_types"": [""A numerical value was found with a value of greater than > 10 stds from the mean""], ""cell_value"": """", ""record_value"": """"}"
0,2026-01-29 20:14:21,"{""cell"": [2599, 39], ""error_types"": [""A numerical value was found with a value of greater than > 10 stds from the mean""], ""cell_value"": """", ""record_value"": """"}"
0,2026-01-29 20:14:21,"{""cell"": [310, 40], ""error_types"": [""A numerical value was found with a value of greater than > 10 stds from the mean""], ""cell_value"": """", ""record_value"": """"}"
0,2026-01-29 20:14:21,"{""cell"": [2111, 40], ""error_types"": [""A numerical value was found with a value of greater than > 10 stds from the mean""], ""cell_value"": """", ""record_value"": """"}"
0,2026-01-29 20:14:21,"{""cell"": [2301, 40], ""error_types"": [""A numerical value was found with a value of greater than > 10 stds from the mean""], ""cell_value"": """", ""record_value"": """"}"
0,2026-01-29 20:14:21,"{""cell"": [2583, 40], ""error_types"": [""A numerical value was found with a value of greater than > 10 stds from the mean""], ""cell_value"": """", ""record_value"": """"}"
0,2026-01-29 20:14:21,"{""cell"": [3461, 40], ""error_types"": [""A numerical value was found with a value of greater than > 10 stds from the mean""], ""cell_value"": """", ""record_value"": """"}"
0,2026-01-29 20:14:21,"{""cell"": [3490, 40], ""error_types"": [""A numerical value was found with a value of greater than > 10 stds from the mean""], ""cell_value"": """", ""record_value"": """"}"
0,2026-01-29 20:14:21,"{""cell"": [710, 41], ""error_types"": [""A numerical value was found with a value of greater than > 10 stds from the mean""], ""cell_value"": """", ""record_value"": """"}"
0,2026-01-29 20:14:21,"{""cell"": [2293, 41], ""error_types"": [""A numerical value was found with a value of greater than > 10 stds from the mean""], ""cell_value"": """", ""record_value"": """"}"
0,2026-01-29 20:14:21,"{""cell"": [2364, 41], ""error_types"": [""A numerical value was found with a value of greater than > 10 stds from the mean""], ""cell_value"": """", ""record_value"": """"}"
0,2026-01-29 20:14:21,"{""cell"": [4193, 41], ""error_types"": [""A numerical value was found with a value of greater than > 10 stds from the mean""], ""cell_value"": """", ""record_value"": """"}"
0,2026-01-29 20:14:21,"{""cell"": [934, 42], ""error_types"": [""A numerical value was found with a value of greater than > 10 stds from the mean""], ""cell_value"": """", ""record_value"": """"}"
0,2026-01-29 20:14:21,"{""cell"": [1040, 42], ""error_types"": [""A numerical value was found with a value of greater than > 10 stds from the mean""], ""cell_value"": """", ""record_value"": """"}"
0,2026-01-29 20:14:21,"{""cell"": [3001, 42], ""error_types"": [""A numerical value was found with a value of greater than > 10 stds from the mean""], ""cell_value"": """", ""record_value"": """"}"
0,2026-01-29 20:14:21,"{""cell"": [3674, 43], ""error_types"": [""A numerical value was found with a value of greater than > 10 stds from the mean""], ""cell_value"": """", ""record_value"": """"}"
0,2026-01-29 20:14:21,"{""cell"": [4127, 43], ""error_types"": [""A numerical value was found with a value of greater than > 10 stds from the mean""], ""cell_value"": """", ""record_value"": """"}"
0,2026-01-29 20:14:21,"{""cell"": [183, 44], ""error_types"": [""A numerical value was found with a value of greater than > 10 stds from the mean""], ""cell_value"": """", ""record_value"": """"}"
0,2026-01-29 20:14:21,"{""cell"": [204, 44], ""error_types"": [""A numerical value was found with a value of greater than > 10 stds from the mean""], ""cell_value"": """", ""record_value"": """"}"
0,2026-01-29 20:14:21,"{""cell"": [250, 44], ""error_types"": [""A numerical value was found with a value of greater than > 10 stds from the mean""], ""cell_value"": """", ""record_value"": """"}"
0,2026-01-29 20:14:21,"{""cell"": [387, 44], ""error_types"": [""A numerical value was found with a value of greater than > 10 stds from the mean""], ""cell_value"": """", ""record_value"": """"}"
0,2026-01-29 20:14:21,"{""cell"": [1244, 44], ""error_types"": [""A numerical value was found with a value of greater than > 10 stds from the mean""], ""cell_value"": """", ""record_value"": """"}"
0,2026-01-29 20:14:21,"{""cell"": [2906, 44], ""error_types"": [""A numerical value was found with a value of greater than > 10 stds from the mean""], ""cell_value"": """", ""record_value"": """"}"
0,2026-01-29 20:14:21,"{""cell"": [3924, 44], ""error_types"": [""A numerical value was found with a value of greater than > 10 stds from the mean""], ""cell_value"": """", ""record_value"": """"}"
0,2026-01-29 20:14:21,"{""cell"": [52, 45], ""error_types"": [""A numerical value was found with a value of greater than > 10 stds from the mean""], ""cell_value"": """", ""record_value"": """"}"
0,2026-01-29 20:14:21,"{""cell"": [1209, 45], ""error_types"": [""A numerical value was found with a value of greater than > 10 stds from the mean""], ""cell_value"": """", ""record_value"": """"}"
0,2026-01-29 20:14:21,"{""cell"": [1542, 45], ""error_types"": [""A numerical value was found with a value of greater than > 10 stds from the mean""], ""cell_value"": """", ""record_value"": """"}"
0,2026-01-29 20:14:21,"{""cell"": [2520, 45], ""error_types"": [""A numerical value was found with a value of greater than > 10 stds from the mean""], ""cell_value"": """", ""record_value"": """"}"
0,2026-01-29 20:14:21,"{""cell"": [2770, 45], ""error_types"": [""A numerical value was found with a value of greater than > 10 stds from the mean""], ""cell_value"": """", ""record_value"": """"}"
0,2026-01-29 20:14:21,"{""cell"": [3622, 45], ""error_types"": [""A numerical value was found with a value of greater than > 10 stds from the mean""], ""cell_value"": """", ""record_value"": """"}"
0,2026-01-29 20:14:21,"{""cell"": [461, 46], ""error_types"": [""A numerical value was found with a value of greater than > 10 stds from the mean""], ""cell_value"": """", ""record_value"": """"}"
0,2026-01-29 20:14:21,"{""cell"": [689, 46], ""error_types"": [""A numerical value was found with a value of greater than > 10 stds from the mean""], ""cell_value"": """", ""record_value"": """"}"
0,2026-01-29 20:14:21,"{""cell"": [858, 46], ""error_types"": [""A numerical value was found with a value of greater than > 10 stds from the mean""], ""cell_value"": """", ""record_value"": """"}"
0,2026-01-29 20:14:21,"{""cell"": [974, 46], ""error_types"": [""A numerical value was found with a value of greater than > 10 stds from the mean""], ""cell_value"": """", ""record_value"": """"}"
0,2026-01-29 20:14:21,"{""cell"": [1901, 46], ""error_types"": [""A numerical value was found with a value of greater than > 10 stds from the mean""], ""cell_value"": """", ""record_value"": """"}"
0,2026-01-29 20:14:21,"{""cell"": [2711, 46], ""error_types"": [""A numerical value was found with a value of greater than > 10 stds from the mean""], ""cell_value"": """", ""record_value"": """"}"
0,2026-01-29 20:14:21,"{""cell"": [2744, 46], ""error_types"": [""A numerical value was found with a value of greater than > 10 stds from the mean""], ""cell_value"": """", ""record_value"": """"}"
0,2026-01-29 20:14:21,"{""cell"": [3944, 46], ""error_types"": [""A numerical value was found with a value of greater than > 10 stds from the mean""], ""cell_value"": """", ""record_value"": """"}"
0,2026-01-29 20:14:21,"{""cell"": [3964, 46], ""error_types"": [""A numerical value was found with a value of greater than > 10 stds from the mean""], ""cell_value"": """", ""record_value"": """"}"
0,2026-01-29 20:14:21,"{""cell"": [102, 47], ""error_types"": [""A numerical value was found with a value of greater than > 10 stds from the mean""], ""cell_value"": """", ""record_value"": """"}"
0,2026-01-29 20:14:21,"{""cell"": [558, 47], ""error_types"": [""A numerical value was found with a value of greater than > 10 stds from the mean""], ""cell_value"": """", ""record_value"": """"}"
0,2026-01-29 20:14:21,"{""cell"": [581, 47], ""error_types"": [""A numerical value was found with a value of greater than > 10 stds from the mean""], ""cell_value"": """", ""record_value"": """"}"
0,2026-01-29 20:14:21,"{""cell"": [1986, 47], ""error_types"": [""A numerical value was found with a value of greater than > 10 stds from the mean""], ""cell_value"": """", ""record_value"": """"}"
0,2026-01-29 20:14:21,"{""cell"": [2628, 47], ""error_types"": [""A numerical value was found with a value of greater than > 10 stds from the mean""], ""cell_value"": """", ""record_value"": """"}"
0,2026-01-29 20:14:21,"{""cell"": [2285, 48], ""error_types"": [""A numerical value was found with a value of greater than > 10 stds from the mean""], ""cell_value"": """", ""record_value"": """"}"
0,2026-01-29 20:14:21,"{""cell"": [2730, 48], ""error_types"": [""A numerical value was found with a value of greater than > 10 stds from the mean""], ""cell_value"": """", ""record_value"": """"}"
0,2026-01-29 20:14:21,"{""cell"": [3967, 48], ""error_types"": [""A numerical value was found with a value of greater than > 10 stds from the mean""], ""cell_value"": """", ""record_value"": """"}"
0,2026-01-29 20:14:22,"{""cell"": [1631, 49], ""error_types"": [""A numerical value was found with a value of greater than > 10 stds from the mean""], ""cell_value"": """", ""record_value"": """"}"
0,2026-01-29 20:14:22,"{""cell"": [3435, 49], ""error_types"": [""A numerical value was found with a value of greater than > 10 stds from the mean""], ""cell_value"": """", ""record_value"": """"}"
0,2026-01-29 20:14:22,"{""cell"": [3800, 49], ""error_types"": [""A numerical value was found with a value of greater than > 10 stds from the mean""], ""cell_value"": """", ""record_value"": """"}"
0,2026-01-29 20:14:22,"{""cell"": [810, 51], ""error_types"": [""A numerical value was found with a value of greater than > 10 stds from the mean""], ""cell_value"": """", ""record_value"": """"}"
0,2026-01-29 20:14:22,"{""cell"": [1250, 51], ""error_types"": [""A numerical value was found with a value of greater than > 10 stds from the mean""], ""cell_value"": """", ""record_value"": """"}"
0,2026-01-29 20:14:22,"{""cell"": [1263, 51], ""error_types"": [""A numerical value was found with a value of greater than > 10 stds from the mean""], ""cell_value"": """", ""record_value"": """"}"
0,2026-01-29 20:14:22,"{""cell"": [2240, 51], ""error_types"": [""A numerical value was found with a value of greater than > 10 stds from the mean""], ""cell_value"": """", ""record_value"": """"}"
0,2026-01-29 20:14:22,"{""cell"": [3226, 51], ""error_types"": [""A numerical value was found with a value of greater than > 10 stds from the mean""], ""cell_value"": """", ""record_value"": """"}"
0,2026-01-29 20:14:22,"{""cell"": [895, 52], ""error_types"": [""A numerical value was found with a value of greater than > 10 stds from the mean""], ""cell_value"": """", ""record_value"": """"}"
0,2026-01-29 20:14:22,"{""cell"": [2423, 52], ""error_types"": [""A numerical value was found with a value of greater than > 10 stds from the mean""], ""cell_value"": """", ""record_value"": """"}"
0,2026-01-29 20:14:22,"{""cell"": [3077, 52], ""error_types"": [""A numerical value was found with a value of greater than > 10 stds from the mean""], ""cell_value"": """", ""record_value"": """"}"
0,2026-01-29 20:14:22,"{""cell"": [3374, 52], ""error_types"": [""A numerical value was found with a value of greater than > 10 stds from the mean""], ""cell_value"": """", ""record_value"": """"}"
0,2026-01-29 20:14:22,"{""cell"": [3741, 52], ""error_types"": [""A numerical value was found with a value of greater than > 10 stds from the mean""], ""cell_value"": """", ""record_value"": """"}"
0,2026-01-29 20:14:22,"{""cell"": [4181, 52], ""error_types"": [""A numerical value was found with a value of greater than > 10 stds from the mean""], ""cell_value"": """", ""record_value"": """"}"
0,2026-01-29 20:14:22,"{""cell"": [604, 53], ""error_types"": [""A numerical value was found with a value of greater than > 10 stds from the mean""], ""cell_value"": """", ""record_value"": """"}"
0,2026-01-29 20:14:22,"{""cell"": [682, 53], ""error_types"": [""A numerical value was found with a value of greater than > 10 stds from the mean""], ""cell_value"": """", ""record_value"": """"}"
0,2026-01-29 20:14:22,"{""cell"": [698, 53], ""error_types"": [""A numerical value was found with a value of greater than > 10 stds from the mean""], ""cell_value"": """", ""record_value"": """"}"
0,2026-01-29 20:14:22,"{""cell"": [804, 53], ""error_types"": [""A numerical value was found with a value of greater than > 10 stds from the mean""], ""cell_value"": """", ""record_value"": """"}"
0,2026-01-29 20:14:22,"{""cell"": [1326, 53], ""error_types"": [""A numerical value was found with a value of greater than > 10 stds from the mean""], ""cell_value"": """", ""record_value"": """"}"
0,2026-01-29 20:14:22,"{""cell"": [2551, 53], ""error_types"": [""A numerical value was found with a value of greater than > 10 stds from the mean""], ""cell_value"": """", ""record_value"": """"}"
0,2026-01-29 20:14:22,"{""cell"": [3713, 53], ""error_types"": [""A numerical value was found with a value of greater than > 10 stds from the mean""], ""cell_value"": """", ""record_value"": """"}"
0,2026-01-29 20:14:22,"{""cell"": [3155, 54], ""error_types"": [""A numerical value was found with a value of greater than > 10 stds from the mean""], ""cell_value"": """", ""record_value"": """"}"
0,2026-01-29 20:14:22,"{""cell"": [3831, 54], ""error_types"": [""A numerical value was found with a value of greater than > 10 stds from the mean""], ""cell_value"": """", ""record_value"": """"}"
0,2026-01-29 20:14:22,"{""cell"": [967, 55], ""error_types"": [""A numerical value was found with a value of greater than > 10 stds from the mean""], ""cell_value"": """", ""record_value"": """"}"
0,2026-01-29 20:14:22,"{""cell"": [1446, 55], ""error_types"": [""A numerical value was found with a value of greater than > 10 stds from the mean""], ""cell_value"": """", ""record_value"": """"}"
0,2026-01-29 20:14:22,"{""cell"": [3035, 55], ""error_types"": [""A numerical value was found with a value of greater than > 10 stds from the mean""], ""cell_value"": """", ""record_value"": """"}"
0,2026-01-29 20:14:22,"{""cell"": [3639, 55], ""error_types"": [""A numerical value was found with a value of greater than > 10 stds from the mean""], ""cell_value"": """", ""record_value"": """"}"
0,2026-01-29 20:14:22,"{""cell"": [3775, 55], ""error_types"": [""A numerical value was found with a value of greater than > 10 stds from the mean""], ""cell_value"": """", ""record_value"": """"}"
0,2026-01-29 20:14:22,"{""cell"": [3977, 55], ""error_types"": [""A numerical value was found with a value of greater than > 10 stds from the mean""], ""cell_value"": """", ""record_value"": """"}"
0,2026-01-29 20:14:22,"{""cell"": [1377, 56], ""error_types"": [""A numerical value was found with a value of greater than > 10 stds from the mean""], ""cell_value"": """", ""record_value"": """"}"
0,2026-01-29 20:14:22,"{""cell"": [2066, 56], ""error_types"": [""A numerical value was found with a value of greater than > 10 stds from the mean""], ""cell_value"": """", ""record_value"": """"}"
0,2026-01-29 20:14:22,"{""cell"": [2717, 56], ""error_types"": [""A numerical value was found with a value of greater than > 10 stds from the mean""], ""cell_value"": """", ""record_value"": """"}"
0,2026-01-29 20:14:22,"{""cell"": [2817, 56], ""error_types"": [""A numerical value was found with a value of greater than > 10 stds from the mean""], ""cell_value"": """", ""record_value"": """"}"
0,2026-01-29 20:14:22,"{""cell"": [538, 57], ""error_types"": [""A numerical value was found with a value of greater than > 10 stds from the mean""], ""cell_value"": """", ""record_value"": """"}"
0,2026-01-29 20:14:22,"{""cell"": [554, 57], ""error_types"": [""A numerical value was found with a value of greater than > 10 stds from the mean""], ""cell_value"": """", ""record_value"": """"}"
0,2026-01-29 20:14:22,"{""cell"": [588, 57], ""error_types"": [""A numerical value was found with a value of greater than > 10 stds from the mean""], ""cell_value"": """", ""record_value"": """"}"
0,2026-01-29 20:14:22,"{""cell"": [670, 57], ""error_types"": [""A numerical value was found with a value of greater than > 10 stds from the mean""], ""cell_value"": """", ""record_value"": """"}"
0,2026-01-29 20:14:22,"{""cell"": [749, 57], ""error_types"": [""A numerical value was found with a value of greater than > 10 stds from the mean""], ""cell_value"": """", ""record_value"": """"}"
0,2026-01-29 20:14:22,"{""cell"": [1361, 57], ""error_types"": [""A numerical value was found with a value of greater than > 10 stds from the mean""], ""cell_value"": """", ""record_value"": """"}"
0,2026-01-29 20:14:22,"{""cell"": [1608, 57], ""error_types"": [""A numerical value was found with a value of greater than > 10 stds from the mean""], ""cell_value"": """", ""record_value"": """"}"
0,2026-01-29 20:14:22,"{""cell"": [2172, 57], ""error_types"": [""A numerical value was found with a value of greater than > 10 stds from the mean""], ""cell_value"": """", ""record_value"": """"}"
0,2026-01-29 20:14:22,"{""cell"": [2173, 57], ""error_types"": [""A numerical value was found with a value of greater than > 10 stds from the mean""], ""cell_value"": """", ""record_value"": """"}"
0,2026-01-29 20:14:22,"{""cell"": [2469, 57], ""error_types"": [""A numerical value was found with a value of greater than > 10 stds from the mean""], ""cell_value"": """", ""record_value"": """"}"
0,2026-01-29 20:14:22,"{""cell"": [2695, 57], ""error_types"": [""A numerical value was found with a value of greater than > 10 stds from the mean""], ""cell_value"": """", ""record_value"": """"}"
0,2026-01-29 20:14:22,"{""cell"": [3293, 57], ""error_types"": [""A numerical value was found with a value of greater than > 10 stds from the mean""], ""cell_value"": """", ""record_value"": """"}"
0,2026-01-29 20:14:22,"{""cell"": [2123, 58], ""error_types"": [""A numerical value was found with a value of greater than > 10 stds from the mean""], ""cell_value"": """", ""record_value"": """"}"
0,2026-01-29 20:14:22,"{""cell"": [2191, 58], ""error_types"": [""A numerical value was found with a value of greater than > 10 stds from the mean""], ""cell_value"": """", ""record_value"": """"}"
0,2026-01-29 20:14:22,"{""cell"": [2214, 58], ""error_types"": [""A numerical value was found with a value of greater than > 10 stds from the mean""], ""cell_value"": """", ""record_value"": """"}"
0,2026-01-29 20:14:22,"{""cell"": [2445, 58], ""error_types"": [""A numerical value was found with a value of greater than > 10 stds from the mean""], ""cell_value"": """", ""record_value"": """"}"
0,2026-01-29 20:14:22,"{""cell"": [3097, 58], ""error_types"": [""A numerical value was found with a value of greater than > 10 stds from the mean""], ""cell_value"": """", ""record_value"": """"}"
0,2026-01-29 20:14:22,"{""cell"": [3402, 58], ""error_types"": [""A numerical value was found with a value of greater than > 10 stds from the mean""], ""cell_value"": """", ""record_value"": """"}"
0,2026-01-29 20:14:22,"{""cell"": [3590, 58], ""error_types"": [""A numerical value was found with a value of greater than > 10 stds from the mean""], ""cell_value"": """", ""record_value"": """"}"
0,2026-01-29 20:14:22,"{""cell"": [3947, 58], ""error_types"": [""A numerical value was found with a value of greater than > 10 stds from the mean""], ""cell_value"": """", ""record_value"": """"}"
0,2026-01-29 20:14:22,"{""cell"": [4020, 58], ""error_types"": [""A numerical value was found with a value of greater than > 10 stds from the mean""], ""cell_value"": """", ""record_value"": """"}"
0,2026-01-29 20:14:22,"{""cell"": [3138, 59], ""error_types"": [""A numerical value was found with a value of greater than > 10 stds from the mean""], ""cell_value"": """", ""record_value"": """"}"
0,2026-01-29 20:14:22,"{""cell"": [932, 60], ""error_types"": [""A numerical value was found with a value of greater than > 10 stds from the mean""], ""cell_value"": """", ""record_value"": """"}"
0,2026-01-29 20:14:22,"{""cell"": [2083, 60], ""error_types"": [""A numerical value was found with a value of greater than > 10 stds from the mean""], ""cell_value"": """", ""record_value"": """"}"
0,2026-01-29 20:14:22,"{""cell"": [3483, 60], ""error_types"": [""A numerical value was found with a value of greater than > 10 stds from the mean""], ""cell_value"": """", ""record_value"": """"}"
0,2026-01-29 20:14:22,"{""cell"": [3888, 60], ""error_types"": [""A numerical value was found with a value of greater than > 10 stds from the mean""], ""cell_value"": """", ""record_value"": """"}"
0,2026-01-29 20:14:22,"{""cell"": [61, 61], ""error_types"": [""A numerical value was found with a value of greater than > 10 stds from the mean""], ""cell_value"": """", ""record_value"": """"}"
0,2026-01-29 20:14:22,"{""cell"": [1562, 61], ""error_types"": [""A numerical value was found with a value of greater than > 10 stds from the mean""], ""cell_value"": """", ""record_value"": """"}"
0,2026-01-29 20:14:22,"{""cell"": [1612, 61], ""error_types"": [""A numerical value was found with a value of greater than > 10 stds from the mean""], ""cell_value"": """", ""record_value"": """"}"
0,2026-01-29 20:14:22,"{""cell"": [2219, 61], ""error_types"": [""A numerical value was found with a value of greater than > 10 stds from the mean""], ""cell_value"": """", ""record_value"": """"}"
0,2026-01-29 20:14:22,"{""cell"": [2657, 61], ""error_types"": [""A numerical value was found with a value of greater than > 10 stds from the mean""], ""cell_value"": """", ""record_value"": """"}"
0,2026-01-29 20:14:22,"{""cell"": [2752, 61], ""error_types"": [""A numerical value was found with a value of greater than > 10 stds from the mean""], ""cell_value"": """", ""record_value"": """"}"
0,2026-01-29 20:14:22,"{""cell"": [2779, 61], ""error_types"": [""A numerical value was found with a value of greater than > 10 stds from the mean""], ""cell_value"": """", ""record_value"": """"}"
0,2026-01-29 20:14:22,"{""cell"": [3219, 62], ""error_types"": [""A numerical value was found with a value of greater than > 10 stds from the mean""], ""cell_value"": """", ""record_value"": """"}"
0,2026-01-29 20:14:22,"{""cell"": [3569, 62], ""error_types"": [""A numerical value was found with a value of greater than > 10 stds from the mean""], ""cell_value"": """", ""record_value"": """"}"
0,2026-01-29 20:14:22,"{""cell"": [3912, 62], ""error_types"": [""A numerical value was found with a value of greater than > 10 stds from the mean""], ""cell_value"": """", ""record_value"": """"}"
0,2026-01-29 20:14:22,"{""cell"": [149, 63], ""error_types"": [""A numerical value was found with a value of greater than > 10 stds from the mean""], ""cell_value"": """", ""record_value"": """"}"
0,2026-01-29 20:14:22,"{""cell"": [223, 63], ""error_types"": [""A numerical value was found with a value of greater than > 10 stds from the mean""], ""cell_value"": """", ""record_value"": """"}"
0,2026-01-29 20:14:22,"{""cell"": [241, 63], ""error_types"": [""A numerical value was found with a value of greater than > 10 stds from the mean""], ""cell_value"": """", ""record_value"": """"}"
0,2026-01-29 20:14:22,"{""cell"": [561, 63], ""error_types"": [""A numerical value was found with a value of greater than > 10 stds from the mean""], ""cell_value"": """", ""record_value"": """"}"
0,2026-01-29 20:14:22,"{""cell"": [934, 63], ""error_types"": [""A numerical value was found with a value of greater than > 10 stds from the mean""], ""cell_value"": """", ""record_value"": """"}"
0,2026-01-29 20:14:22,"{""cell"": [1965, 63], ""error_types"": [""A numerical value was found with a value of greater than > 10 stds from the mean""], ""cell_value"": """", ""record_value"": """"}"
0,2026-01-29 20:14:22,"{""cell"": [2498, 63], ""error_types"": [""A numerical value was found with a value of greater than > 10 stds from the mean""], ""cell_value"": """", ""record_value"": """"}"
0,2026-01-29 20:14:22,"{""cell"": [2780, 63], ""error_types"": [""A numerical value was found with a value of greater than > 10 stds from the mean""], ""cell_value"": """", ""record_value"": """"}"
0,2026-01-29 20:14:22,"{""cell"": [3137, 63], ""error_types"": [""A numerical value was found with a value of greater than > 10 stds from the mean""], ""cell_value"": """", ""record_value"": """"}"
0,2026-01-29 20:14:22,"{""cell"": [3392, 63], ""error_types"": [""A numerical value was found with a value of greater than > 10 stds from the mean""], ""cell_value"": """", ""record_value"": """"}"
0,2026-01-29 20:14:22,"{""cell"": [233, 64], ""error_types"": [""A numerical value was found with a value of greater than > 10 stds from the mean""], ""cell_value"": """", ""record_value"": """"}"
0,2026-01-29 20:14:22,"{""cell"": [2459, 64], ""error_types"": [""A numerical value was found with a value of greater than > 10 stds from the mean""], ""cell_value"": """", ""record_value"": """"}"
0,2026-01-29 20:14:22,"{""cell"": [3670, 64], ""error_types"": [""A numerical value was found with a value of greater than > 10 stds from the mean""], ""cell_value"": """", ""record_value"": """"}"
0,2026-01-29 20:14:22,"{""cell"": [157, 65], ""error_types"": [""A numerical value was found with a value of greater than > 10 stds from the mean""], ""cell_value"": """", ""record_value"": """"}"
0,2026-01-29 20:14:22,"{""cell"": [159, 65], ""error_types"": [""A numerical value was found with a value of greater than > 10 stds from the mean""], ""cell_value"": """", ""record_value"": """"}"
0,2026-01-29 20:14:22,"{""cell"": [336, 65], ""error_types"": [""A numerical value was found with a value of greater than > 10 stds from the mean""], ""cell_value"": """", ""record_value"": """"}"
0,2026-01-29 20:14:22,"{""cell"": [405, 65], ""error_types"": [""A numerical value was found with a value of greater than > 10 stds from the mean""], ""cell_value"": """", ""record_value"": """"}"
0,2026-01-29 20:14:22,"{""cell"": [1393, 65], ""error_types"": [""A numerical value was found with a value of greater than > 10 stds from the mean""], ""cell_value"": """", ""record_value"": """"}"
0,2026-01-29 20:14:22,"{""cell"": [2678, 65], ""error_types"": [""A numerical value was found with a value of greater than > 10 stds from the mean""], ""cell_value"": """", ""record_value"": """"}"
0,2026-01-29 20:14:22,"{""cell"": [3056, 65], ""error_types"": [""A numerical value was found with a value of greater than > 10 stds from the mean""], ""cell_value"": """", ""record_value"": """"}"
0,2026-01-29 20:14:22,"{""cell"": [3194, 65], ""error_types"": [""A numerical value was found with a value of greater than > 10 stds from the mean""], ""cell_value"": """", ""record_value"": """"}"
0,2026-01-29 20:14:22,"{""cell"": [3217, 65], ""error_types"": [""A numerical value was found with a value of greater than > 10 stds from the mean""], ""cell_value"": """", ""record_value"": """"}"
0,2026-01-29 20:14:22,"{""cell"": [4023, 65], ""error_types"": [""A numerical value was found with a value of greater than > 10 stds from the mean""], ""cell_value"": """", ""record_value"": """"}"
0,2026-01-29 20:14:22,"{""cell"": [4152, 65], ""error_types"": [""A numerical value was found with a value of greater than > 10 stds from the mean""], ""cell_value"": """", ""record_value"": """"}"
0,2026-01-29 20:14:22,"{""cell"": [4173, 65], ""error_types"": [""A numerical value was found with a value of greater than > 10 stds from the mean""], ""cell_value"": """", ""record_value"": """"}"
0,2026-01-29 20:14:22,"{""cell"": [4193, 65], ""error_types"": [""A numerical value was found with a value of greater than > 10 stds from the mean""], ""cell_value"": """", ""record_value"": """"}"
0,2026-01-29 20:14:22,"{""cell"": [849, 66], ""error_types"": [""A numerical value was found with a value of greater than > 10 stds from the mean""], ""cell_value"": """", ""record_value"": """"}"
0,2026-01-29 20:14:22,"{""cell"": [1329, 66], ""error_types"": [""A numerical value was found with a value of greater than > 10 stds from the mean""], ""cell_value"": """", ""record_value"": """"}"
0,2026-01-29 20:14:22,"{""cell"": [1833, 66], ""error_types"": [""A numerical value was found with a value of greater than > 10 stds from the mean""], ""cell_value"": """", ""record_value"": """"}"
0,2026-01-29 20:14:22,"{""cell"": [2087, 66], ""error_types"": [""A numerical value was found with a value of greater than > 10 stds from the mean""], ""cell_value"": """", ""record_value"": """"}"
0,2026-01-29 20:14:22,"{""cell"": [2975, 66], ""error_types"": [""A numerical value was found with a value of greater than > 10 stds from the mean""], ""cell_value"": """", ""record_value"": """"}"
0,2026-01-29 20:14:22,"{""cell"": [3022, 66], ""error_types"": [""A numerical value was found with a value of greater than > 10 stds from the mean""], ""cell_value"": """", ""record_value"": """"}"
0,2026-01-29 20:14:22,"{""cell"": [4021, 66], ""error_types"": [""A numerical value was found with a value of greater than > 10 stds from the mean""], ""cell_value"": """", ""record_value"": """"}"
0,2026-01-29 20:14:22,"{""cell"": [2110, 67], ""error_types"": [""A numerical value was found with a value of greater than > 10 stds from the mean""], ""cell_value"": """", ""record_value"": """"}"
0,2026-01-29 20:14:22,"{""cell"": [1721, 68], ""error_types"": [""A numerical value was found with a value of greater than > 10 stds from the mean""], ""cell_value"": """", ""record_value"": """"}"
0,2026-01-29 20:14:22,"{""cell"": [2821, 68], ""error_types"": [""A numerical value was found with a value of greater than > 10 stds from the mean""], ""cell_value"": """", ""record_value"": """"}"
0,2026-01-29 20:14:22,"{""cell"": [3449, 68], ""error_types"": [""A numerical value was found with a value of greater than > 10 stds from the mean""], ""cell_value"": """", ""record_value"": """"}"
0,2026-01-29 20:14:22,"{""cell"": [3791, 68], ""error_types"": [""A numerical value was found with a value of greater than > 10 stds from the mean""], ""cell_value"": """", ""record_value"": """"}"
0,2026-01-29 20:14:22,"{""cell"": [662, 69], ""error_types"": [""A numerical value was found with a value of greater than > 10 stds from the mean""], ""cell_value"": """", ""record_value"": """"}"
0,2026-01-29 20:14:22,"{""cell"": [2055, 69], ""error_types"": [""A numerical value was found with a value of greater than > 10 stds from the mean""], ""cell_value"": """", ""record_value"": """"}"
0,2026-01-29 20:14:22,"{""cell"": [2226, 69], ""error_types"": [""A numerical value was found with a value of greater than > 10 stds from the mean""], ""cell_value"": """", ""record_value"": """"}"
0,2026-01-29 20:14:22,"{""cell"": [3433, 69], ""error_types"": [""A numerical value was found with a value of greater than > 10 stds from the mean""], ""cell_value"": """", ""record_value"": """"}"
0,2026-01-29 20:14:22,"{""cell"": [4006, 69], ""error_types"": [""A numerical value was found with a value of greater than > 10 stds from the mean""], ""cell_value"": """", ""record_value"": """"}"
0,2026-01-29 20:14:22,"{""cell"": [4014, 69], ""error_types"": [""A numerical value was found with a value of greater than > 10 stds from the mean""], ""cell_value"": """", ""record_value"": """"}"
0,2026-01-29 20:14:22,"{""cell"": [2863, 70], ""error_types"": [""A numerical value was found with a value of greater than > 10 stds from the mean""], ""cell_value"": """", ""record_value"": """"}"
0,2026-01-29 20:14:22,"{""cell"": [840, 71], ""error_types"": [""A numerical value was found with a value of greater than > 10 stds from the mean""], ""cell_value"": """", ""record_value"": """"}"
0,2026-01-29 20:14:22,"{""cell"": [845, 71], ""error_types"": [""A numerical value was found with a value of greater than > 10 stds from the mean""], ""cell_value"": """", ""record_value"": """"}"
0,2026-01-29 20:14:22,"{""cell"": [1250, 71], ""error_types"": [""A numerical value was found with a value of greater than > 10 stds from the mean""], ""cell_value"": """", ""record_value"": """"}"
0,2026-01-29 20:14:22,"{""cell"": [1418, 71], ""error_types"": [""A numerical value was found with a value of greater than > 10 stds from the mean""], ""cell_value"": """", ""record_value"": """"}"
0,2026-01-29 20:14:22,"{""cell"": [1662, 71], ""error_types"": [""A numerical value was found with a value of greater than > 10 stds from the mean""], ""cell_value"": """", ""record_value"": """"}"
0,2026-01-29 20:14:22,"{""cell"": [2328, 71], ""error_types"": [""A numerical value was found with a value of greater than > 10 stds from the mean""], ""cell_value"": """", ""record_value"": """"}"
0,2026-01-29 20:14:22,"{""cell"": [2724, 71], ""error_types"": [""A numerical value was found with a value of greater than > 10 stds from the mean""], ""cell_value"": """", ""record_value"": """"}"
0,2026-01-29 20:14:22,"{""cell"": [3786, 71], ""error_types"": [""A numerical value was found with a value of greater than > 10 stds from the mean""], ""cell_value"": """", ""record_value"": """"}"
0,2026-01-29 20:14:22,"{""cell"": [3824, 71], ""error_types"": [""A numerical value was found with a value of greater than > 10 stds from the mean""], ""cell_value"": """", ""record_value"": """"}"
0,2026-01-29 20:14:22,"{""cell"": [1402, 72], ""error_types"": [""A numerical value was found with a value of greater than > 10 stds from the mean""], ""cell_value"": """", ""record_value"": """"}"
0,2026-01-29 20:14:22,"{""cell"": [3021, 72], ""error_types"": [""A numerical value was found with a value of greater than > 10 stds from the mean""], ""cell_value"": """", ""record_value"": """"}"
0,2026-01-29 20:14:22,"{""cell"": [1330, 73], ""error_types"": [""A numerical value was found with a value of greater than > 10 stds from the mean""], ""cell_value"": """", ""record_value"": """"}"
0,2026-01-29 20:14:22,"{""cell"": [1821, 73], ""error_types"": [""A numerical value was found with a value of greater than > 10 stds from the mean""], ""cell_value"": """", ""record_value"": """"}"
0,2026-01-29 20:14:22,"{""cell"": [4084, 73], ""error_types"": [""A numerical value was found with a value of greater than > 10 stds from the mean""], ""cell_value"": """", ""record_value"": """"}"
0,2026-01-29 20:14:22,"{""cell"": [449, 74], ""error_types"": [""A numerical value was found with a value of greater than > 10 stds from the mean""], ""cell_value"": """", ""record_value"": """"}"
0,2026-01-29 20:14:22,"{""cell"": [907, 74], ""error_types"": [""A numerical value was found with a value of greater than > 10 stds from the mean""], ""cell_value"": """", ""record_value"": """"}"
0,2026-01-29 20:14:22,"{""cell"": [926, 74], ""error_types"": [""A numerical value was found with a value of greater than > 10 stds from the mean""], ""cell_value"": """", ""record_value"": """"}"
0,2026-01-29 20:14:22,"{""cell"": [949, 74], ""error_types"": [""A numerical value was found with a value of greater than > 10 stds from the mean""], ""cell_value"": """", ""record_value"": """"}"
0,2026-01-29 20:14:22,"{""cell"": [2632, 74], ""error_types"": [""A numerical value was found with a value of greater than > 10 stds from the mean""], ""cell_value"": """", ""record_value"": """"}"
0,2026-01-29 20:14:22,"{""cell"": [2951, 74], ""error_types"": [""A numerical value was found with a value of greater than > 10 stds from the mean""], ""cell_value"": """", ""record_value"": """"}"
0,2026-01-29 20:14:22,"{""cell"": [3140, 74], ""error_types"": [""A numerical value was found with a value of greater than > 10 stds from the mean""], ""cell_value"": """", ""record_value"": """"}"
0,2026-01-29 20:14:22,"{""cell"": [4183, 74], ""error_types"": [""A numerical value was found with a value of greater than > 10 stds from the mean""], ""cell_value"": """", ""record_value"": """"}"
0,2026-01-29 20:14:22,"{""cell"": [1666, 75], ""error_types"": [""A numerical value was found with a value of greater than > 10 stds from the mean""], ""cell_value"": """", ""record_value"": """"}"
0,2026-01-29 20:14:22,"{""cell"": [3561, 75], ""error_types"": [""A numerical value was found with a value of greater than > 10 stds from the mean""], ""cell_value"": """", ""record_value"": """"}"
0,2026-01-29 20:14:22,"{""cell"": [1605, 76], ""error_types"": [""A numerical value was found with a value of greater than > 10 stds from the mean""], ""cell_value"": """", ""record_value"": """"}"
0,2026-01-29 20:14:22,"{""cell"": [2722, 76], ""error_types"": [""A numerical value was found with a value of greater than > 10 stds from the mean""], ""cell_value"": """", ""record_value"": """"}"
0,2026-01-29 20:14:22,"{""cell"": [3856, 76], ""error_types"": [""A numerical value was found with a value of greater than > 10 stds from the mean""], ""cell_value"": """", ""record_value"": """"}"
0,2026-01-29 20:14:22,"{""cell"": [3914, 76], ""error_types"": [""A numerical value was found with a value of greater than > 10 stds from the mean""], ""cell_value"": """", ""record_value"": """"}"
0,2026-01-29 20:14:22,"{""cell"": [659, 77], ""error_types"": [""A numerical value was found with a value of greater than > 10 stds from the mean""], ""cell_value"": """", ""record_value"": """"}"
0,2026-01-29 20:14:22,"{""cell"": [3574, 77], ""error_types"": [""A numerical value was found with a value of greater than > 10 stds from the mean""], ""cell_value"": """", ""record_value"": """"}"
0,2026-01-29 20:14:22,"{""cell"": [905, 78], ""error_types"": [""A numerical value was found with a value of greater than > 10 stds from the mean""], ""cell_value"": """", ""record_value"": """"}"
0,2026-01-29 20:14:22,"{""cell"": [1633, 78], ""error_types"": [""A numerical value was found with a value of greater than > 10 stds from the mean""], ""cell_value"": """", ""record_value"": """"}"
0,2026-01-29 20:14:22,"{""cell"": [1742, 78], ""error_types"": [""A numerical value was found with a value of greater than > 10 stds from the mean""], ""cell_value"": """", ""record_value"": """"}"
0,2026-01-29 20:14:22,"{""cell"": [1944, 78], ""error_types"": [""A numerical value was found with a value of greater than > 10 stds from the mean""], ""cell_value"": """", ""record_value"": """"}"
0,2026-01-29 20:14:22,"{""cell"": [2679, 78], ""error_types"": [""A numerical value was found with a value of greater than > 10 stds from the mean""], ""cell_value"": """", ""record_value"": """"}"
0,2026-01-29 20:14:22,"{""cell"": [3635, 78], ""error_types"": [""A numerical value was found with a value of greater than > 10 stds from the mean""], ""cell_value"": """", ""record_value"": """"}"
0,2026-01-29 20:14:22,"{""cell"": [4112, 78], ""error_types"": [""A numerical value was found with a value of greater than > 10 stds from the mean""], ""cell_value"": """", ""record_value"": """"}"
0,2026-01-29 20:14:22,"{""cell"": [130, 79], ""error_types"": [""A numerical value was found with a value of greater than > 10 stds from the mean""], ""cell_value"": """", ""record_value"": """"}"
0,2026-01-29 20:14:22,"{""cell"": [1022, 79], ""error_types"": [""A numerical value was found with a value of greater than > 10 stds from the mean""], ""cell_value"": """", ""record_value"": """"}"
0,2026-01-29 20:14:22,"{""cell"": [1862, 79], ""error_types"": [""A numerical value was found with a value of greater than > 10 stds from the mean""], ""cell_value"": """", ""record_value"": """"}"
0,2026-01-29 20:14:22,"{""cell"": [3069, 79], ""error_types"": [""A numerical value was found with a value of greater than > 10 stds from the mean""], ""cell_value"": """", ""record_value"": """"}"
0,2026-01-29 20:14:23,"{""cell"": [279, 80], ""error_types"": [""A numerical value was found with a value of greater than > 10 stds from the mean""], ""cell_value"": """", ""record_value"": """"}"
0,2026-01-29 20:14:23,"{""cell"": [718, 80], ""error_types"": [""A numerical value was found with a value of greater than > 10 stds from the mean""], ""cell_value"": """", ""record_value"": """"}"
0,2026-01-29 20:14:23,"{""cell"": [1770, 80], ""error_types"": [""A numerical value was found with a value of greater than > 10 stds from the mean""], ""cell_value"": """", ""record_value"": """"}"
0,2026-01-29 20:14:23,"{""cell"": [2054, 80], ""error_types"": [""A numerical value was found with a value of greater than > 10 stds from the mean""], ""cell_value"": """", ""record_value"": """"}"
0,2026-01-29 20:14:23,"{""cell"": [2405, 80], ""error_types"": [""A numerical value was found with a value of greater than > 10 stds from the mean""], ""cell_value"": """", ""record_value"": """"}"
0,2026-01-29 20:14:23,"{""cell"": [2468, 80], ""error_types"": [""A numerical value was found with a value of greater than > 10 stds from the mean""], ""cell_value"": """", ""record_value"": """"}"
0,2026-01-29 20:14:23,"{""cell"": [2718, 80], ""error_types"": [""A numerical value was found with a value of greater than > 10 stds from the mean""], ""cell_value"": """", ""record_value"": """"}"
0,2026-01-29 20:14:23,"{""cell"": [2997, 80], ""error_types"": [""A numerical value was found with a value of greater than > 10 stds from the mean""], ""cell_value"": """", ""record_value"": """"}"
0,2026-01-29 20:14:23,"{""cell"": [3404, 80], ""error_types"": [""A numerical value was found with a value of greater than > 10 stds from the mean""], ""cell_value"": """", ""record_value"": """"}"
0,2026-01-29 20:14:23,"{""cell"": [3613, 80], ""error_types"": [""A numerical value was found with a value of greater than > 10 stds from the mean""], ""cell_value"": """", ""record_value"": """"}"
0,2026-01-29 20:14:23,"{""cell"": [3712, 80], ""error_types"": [""A numerical value was found with a value of greater than > 10 stds from the mean""], ""cell_value"": """", ""record_value"": """"}"
0,2026-01-29 20:14:23,"{""cell"": [3917, 80], ""error_types"": [""A numerical value was found with a value of greater than > 10 stds from the mean""], ""cell_value"": """", ""record_value"": """"}"
0,2026-01-29 20:14:23,"{""cell"": [398, 81], ""error_types"": [""A numerical value was found with a value of greater than > 10 stds from the mean""], ""cell_value"": """", ""record_value"": """"}"
0,2026-01-29 20:14:23,"{""cell"": [875, 81], ""error_types"": [""A numerical value was found with a value of greater than > 10 stds from the mean""], ""cell_value"": """", ""record_value"": """"}"
0,2026-01-29 20:14:23,"{""cell"": [3194, 81], ""error_types"": [""A numerical value was found with a value of greater than > 10 stds from the mean""], ""cell_value"": """", ""record_value"": """"}"
0,2026-01-29 20:14:23,"{""cell"": [3486, 81], ""error_types"": [""A numerical value was found with a value of greater than > 10 stds from the mean""], ""cell_value"": """", ""record_value"": """"}"
0,2026-01-29 20:14:23,"{""cell"": [3863, 81], ""error_types"": [""A numerical value was found with a value of greater than > 10 stds from the mean""], ""cell_value"": """", ""record_value"": """"}"
0,2026-01-29 20:14:23,"{""cell"": [577, 82], ""error_types"": [""A numerical value was found with a value of greater than > 10 stds from the mean""], ""cell_value"": """", ""record_value"": """"}"
0,2026-01-29 20:14:23,"{""cell"": [833, 82], ""error_types"": [""A numerical value was found with a value of greater than > 10 stds from the mean""], ""cell_value"": """", ""record_value"": """"}"
0,2026-01-29 20:14:23,"{""cell"": [1512, 82], ""error_types"": [""A numerical value was found with a value of greater than > 10 stds from the mean""], ""cell_value"": """", ""record_value"": """"}"
0,2026-01-29 20:14:23,"{""cell"": [2486, 82], ""error_types"": [""A numerical value was found with a value of greater than > 10 stds from the mean""], ""cell_value"": """", ""record_value"": """"}"
0,2026-01-29 20:14:23,"{""cell"": [3938, 82], ""error_types"": [""A numerical value was found with a value of greater than > 10 stds from the mean""], ""cell_value"": """", ""record_value"": """"}"
0,2026-01-29 20:14:23,"{""cell"": [420, 83], ""error_types"": [""A numerical value was found with a value of greater than > 10 stds from the mean""], ""cell_value"": """", ""record_value"": """"}"
0,2026-01-29 20:14:23,"{""cell"": [1169, 83], ""error_types"": [""A numerical value was found with a value of greater than > 10 stds from the mean""], ""cell_value"": """", ""record_value"": """"}"
0,2026-01-29 20:14:23,"{""cell"": [1282, 83], ""error_types"": [""A numerical value was found with a value of greater than > 10 stds from the mean""], ""cell_value"": """", ""record_value"": """"}"
0,2026-01-29 20:14:23,"{""cell"": [2216, 83], ""error_types"": [""A numerical value was found with a value of greater than > 10 stds from the mean""], ""cell_value"": """", ""record_value"": """"}"
0,2026-01-29 20:14:23,"{""cell"": [2511, 83], ""error_types"": [""A numerical value was found with a value of greater than > 10 stds from the mean""], ""cell_value"": """", ""record_value"": """"}"
0,2026-01-29 20:14:23,"{""cell"": [2580, 83], ""error_types"": [""A numerical value was found with a value of greater than > 10 stds from the mean""], ""cell_value"": """", ""record_value"": """"}"
0,2026-01-29 20:14:23,"{""cell"": [2951, 83], ""error_types"": [""A numerical value was found with a value of greater than > 10 stds from the mean""], ""cell_value"": """", ""record_value"": """"}"
0,2026-01-29 20:14:23,"{""cell"": [4005, 83], ""error_types"": [""A numerical value was found with a value of greater than > 10 stds from the mean""], ""cell_value"": """", ""record_value"": """"}"
0,2026-01-29 20:14:23,"{""cell"": [420, 84], ""error_types"": [""A numerical value was found with a value of greater than > 10 stds from the mean""], ""cell_value"": """", ""record_value"": """"}"
0,2026-01-29 20:14:23,"{""cell"": [705, 84], ""error_types"": [""A numerical value was found with a value of greater than > 10 stds from the mean""], ""cell_value"": """", ""record_value"": """"}"
0,2026-01-29 20:14:23,"{""cell"": [712, 84], ""error_types"": [""A numerical value was found with a value of greater than > 10 stds from the mean""], ""cell_value"": """", ""record_value"": """"}"
0,2026-01-29 20:14:23,"{""cell"": [1075, 84], ""error_types"": [""A numerical value was found with a value of greater than > 10 stds from the mean""], ""cell_value"": """", ""record_value"": """"}"
0,2026-01-29 20:14:23,"{""cell"": [1221, 84], ""error_types"": [""A numerical value was found with a value of greater than > 10 stds from the mean""], ""cell_value"": """", ""record_value"": """"}"
0,2026-01-29 20:14:23,"{""cell"": [1363, 84], ""error_types"": [""A numerical value was found with a value of greater than > 10 stds from the mean""], ""cell_value"": """", ""record_value"": """"}"
0,2026-01-29 20:14:23,"{""cell"": [1664, 84], ""error_types"": [""A numerical value was found with a value of greater than > 10 stds from the mean""], ""cell_value"": """", ""record_value"": """"}"
0,2026-01-29 20:14:23,"{""cell"": [2032, 84], ""error_types"": [""A numerical value was found with a value of greater than > 10 stds from the mean""], ""cell_value"": """", ""record_value"": """"}"
0,2026-01-29 20:14:23,"{""cell"": [2254, 84], ""error_types"": [""A numerical value was found with a value of greater than > 10 stds from the mean""], ""cell_value"": """", ""record_value"": """"}"
0,2026-01-29 20:14:23,"{""cell"": [2872, 84], ""error_types"": [""A numerical value was found with a value of greater than > 10 stds from the mean""], ""cell_value"": """", ""record_value"": """"}"
0,2026-01-29 20:14:23,"{""cell"": [1745, 85], ""error_types"": [""A numerical value was found with a value of greater than > 10 stds from the mean""], ""cell_value"": """", ""record_value"": """"}"
0,2026-01-29 20:14:23,"{""cell"": [2579, 85], ""error_types"": [""A numerical value was found with a value of greater than > 10 stds from the mean""], ""cell_value"": """", ""record_value"": """"}"
0,2026-01-29 20:14:23,"{""cell"": [2702, 85], ""error_types"": [""A numerical value was found with a value of greater than > 10 stds from the mean""], ""cell_value"": """", ""record_value"": """"}"
0,2026-01-29 20:14:23,"{""cell"": [2769, 85], ""error_types"": [""A numerical value was found with a value of greater than > 10 stds from the mean""], ""cell_value"": """", ""record_value"": """"}"
0,2026-01-29 20:14:23,"{""cell"": [3218, 85], ""error_types"": [""A numerical value was found with a value of greater than > 10 stds from the mean""], ""cell_value"": """", ""record_value"": """"}"
0,2026-01-29 20:14:23,"{""cell"": [3716, 85], ""error_types"": [""A numerical value was found with a value of greater than > 10 stds from the mean""], ""cell_value"": """", ""record_value"": """"}"
0,2026-01-29 20:14:23,"{""cell"": [643, 86], ""error_types"": [""A numerical value was found with a value of greater than > 10 stds from the mean""], ""cell_value"": """", ""record_value"": """"}"
0,2026-01-29 20:14:23,"{""cell"": [700, 86], ""error_types"": [""A numerical value was found with a value of greater than > 10 stds from the mean""], ""cell_value"": """", ""record_value"": """"}"
0,2026-01-29 20:14:23,"{""cell"": [1075, 86], ""error_types"": [""A numerical value was found with a value of greater than > 10 stds from the mean""], ""cell_value"": """", ""record_value"": """"}"
0,2026-01-29 20:14:23,"{""cell"": [1363, 86], ""error_types"": [""A numerical value was found with a value of greater than > 10 stds from the mean""], ""cell_value"": """", ""record_value"": """"}"
0,2026-01-29 20:14:23,"{""cell"": [1962, 86], ""error_types"": [""A numerical value was found with a value of greater than > 10 stds from the mean""], ""cell_value"": """", ""record_value"": """"}"
0,2026-01-29 20:14:23,"{""cell"": [2589, 86], ""error_types"": [""A numerical value was found with a value of greater than > 10 stds from the mean""], ""cell_value"": """", ""record_value"": """"}"
0,2026-01-29 20:14:23,"{""cell"": [2872, 86], ""error_types"": [""A numerical value was found with a value of greater than > 10 stds from the mean""], ""cell_value"": """", ""record_value"": """"}"
0,2026-01-29 20:14:23,"{""cell"": [450, 87], ""error_types"": [""A numerical value was found with a value of greater than > 10 stds from the mean""], ""cell_value"": """", ""record_value"": """"}"
0,2026-01-29 20:14:23,"{""cell"": [1708, 87], ""error_types"": [""A numerical value was found with a value of greater than > 10 stds from the mean""], ""cell_value"": """", ""record_value"": """"}"
0,2026-01-29 20:14:23,"{""cell"": [2246, 87], ""error_types"": [""A numerical value was found with a value of greater than > 10 stds from the mean""], ""cell_value"": """", ""record_value"": """"}"
0,2026-01-29 20:14:23,"{""cell"": [3154, 87], ""error_types"": [""A numerical value was found with a value of greater than > 10 stds from the mean""], ""cell_value"": """", ""record_value"": """"}"
0,2026-01-29 20:14:23,"{""cell"": [3375, 87], ""error_types"": [""A numerical value was found with a value of greater than > 10 stds from the mean""], ""cell_value"": """", ""record_value"": """"}"
0,2026-01-29 20:14:23,"{""cell"": [244, 88], ""error_types"": [""A numerical value was found with a value of greater than > 10 stds from the mean""], ""cell_value"": """", ""record_value"": """"}"
0,2026-01-29 20:14:23,"{""cell"": [975, 88], ""error_types"": [""A numerical value was found with a value of greater than > 10 stds from the mean""], ""cell_value"": """", ""record_value"": """"}"
0,2026-01-29 20:14:23,"{""cell"": [1032, 88], ""error_types"": [""A numerical value was found with a value of greater than > 10 stds from the mean""], ""cell_value"": """", ""record_value"": """"}"
0,2026-01-29 20:14:23,"{""cell"": [1303, 88], ""error_types"": [""A numerical value was found with a value of greater than > 10 stds from the mean""], ""cell_value"": """", ""record_value"": """"}"
0,2026-01-29 20:14:23,"{""cell"": [1499, 88], ""error_types"": [""A numerical value was found with a value of greater than > 10 stds from the mean""], ""cell_value"": """", ""record_value"": """"}"
0,2026-01-29 20:14:23,"{""cell"": [1567, 88], ""error_types"": [""A numerical value was found with a value of greater than > 10 stds from the mean""], ""cell_value"": """", ""record_value"": """"}"
0,2026-01-29 20:14:23,"{""cell"": [1709, 88], ""error_types"": [""A numerical value was found with a value of greater than > 10 stds from the mean""], ""cell_value"": """", ""record_value"": """"}"
0,2026-01-29 20:14:23,"{""cell"": [3961, 88], ""error_types"": [""A numerical value was found with a value of greater than > 10 stds from the mean""], ""cell_value"": """", ""record_value"": """"}"
0,2026-01-29 20:14:23,"{""cell"": [4012, 88], ""error_types"": [""A numerical value was found with a value of greater than > 10 stds from the mean""], ""cell_value"": """", ""record_value"": """"}"
0,2026-01-29 20:14:23,"{""cell"": [962, 89], ""error_types"": [""A numerical value was found with a value of greater than > 10 stds from the mean""], ""cell_value"": """", ""record_value"": """"}"
0,2026-01-29 20:14:23,"{""cell"": [2036, 89], ""error_types"": [""A numerical value was found with a value of greater than > 10 stds from the mean""], ""cell_value"": """", ""record_value"": """"}"
0,2026-01-29 20:14:23,"{""cell"": [2811, 89], ""error_types"": [""A numerical value was found with a value of greater than > 10 stds from the mean""], ""cell_value"": """", ""record_value"": """"}"
0,2026-01-29 20:14:23,"{""cell"": [3165, 89], ""error_types"": [""A numerical value was found with a value of greater than > 10 stds from the mean""], ""cell_value"": """", ""record_value"": """"}"
0,2026-01-29 20:14:23,"{""cell"": [3618, 89], ""error_types"": [""A numerical value was found with a value of greater than > 10 stds from the mean""], ""cell_value"": """", ""record_value"": """"}"
0,2026-01-29 20:14:23,"{""cell"": [3725, 89], ""error_types"": [""A numerical value was found with a value of greater than > 10 stds from the mean""], ""cell_value"": """", ""record_value"": """"}"
0,2026-01-29 20:14:23,"{""cell"": [3855, 89], ""error_types"": [""A numerical value was found with a value of greater than > 10 stds from the mean""], ""cell_value"": """", ""record_value"": """"}"
0,2026-01-29 20:14:23,"{""cell"": [3897, 89], ""error_types"": [""A numerical value was found with a value of greater than > 10 stds from the mean""], ""cell_value"": """", ""record_value"": """"}"
0,2026-01-29 20:14:23,"{""cell"": [2767, 90], ""error_types"": [""A numerical value was found with a value of greater than > 10 stds from the mean""], ""cell_value"": """", ""record_value"": """"}"
0,2026-01-29 20:14:23,"{""cell"": [3968, 90], ""error_types"": [""A numerical value was found with a value of greater than > 10 stds from the mean""], ""cell_value"": """", ""record_value"": """"}"
0,2026-01-29 20:14:23,"{""cell"": [462, 91], ""error_types"": [""A numerical value was found with a value of greater than > 10 stds from the mean""], ""cell_value"": """", ""record_value"": """"}"
0,2026-01-29 20:14:23,"{""cell"": [1112, 91], ""error_types"": [""A numerical value was found with a value of greater than > 10 stds from the mean""], ""cell_value"": """", ""record_value"": """"}"
0,2026-01-29 20:14:23,"{""cell"": [2165, 91], ""error_types"": [""A numerical value was found with a value of greater than > 10 stds from the mean""], ""cell_value"": """", ""record_value"": """"}"
0,2026-01-29 20:14:23,"{""cell"": [523, 92], ""error_types"": [""A numerical value was found with a value of greater than > 10 stds from the mean""], ""cell_value"": """", ""record_value"": """"}"
0,2026-01-29 20:14:23,"{""cell"": [585, 92], ""error_types"": [""A numerical value was found with a value of greater than > 10 stds from the mean""], ""cell_value"": """", ""record_value"": """"}"
0,2026-01-29 20:14:23,"{""cell"": [900, 92], ""error_types"": [""A numerical value was found with a value of greater than > 10 stds from the mean""], ""cell_value"": """", ""record_value"": """"}"
0,2026-01-29 20:14:23,"{""cell"": [988, 92], ""error_types"": [""A numerical value was found with a value of greater than > 10 stds from the mean""], ""cell_value"": """", ""record_value"": """"}"
0,2026-01-29 20:14:23,"{""cell"": [1601, 92], ""error_types"": [""A numerical value was found with a value of greater than > 10 stds from the mean""], ""cell_value"": """", ""record_value"": """"}"
0,2026-01-29 20:14:23,"{""cell"": [1733, 92], ""error_types"": [""A numerical value was found with a value of greater than > 10 stds from the mean""], ""cell_value"": """", ""record_value"": """"}"
0,2026-01-29 20:14:23,"{""cell"": [2020, 92], ""error_types"": [""A numerical value was found with a value of greater than > 10 stds from the mean""], ""cell_value"": """", ""record_value"": """"}"
0,2026-01-29 20:14:23,"{""cell"": [182, 93], ""error_types"": [""A numerical value was found with a value of greater than > 10 stds from the mean""], ""cell_value"": """", ""record_value"": """"}"
0,2026-01-29 20:14:23,"{""cell"": [288, 93], ""error_types"": [""A numerical value was found with a value of greater than > 10 stds from the mean""], ""cell_value"": """", ""record_value"": """"}"
0,2026-01-29 20:14:23,"{""cell"": [1118, 93], ""error_types"": [""A numerical value was found with a value of greater than > 10 stds from the mean""], ""cell_value"": """", ""record_value"": """"}"
0,2026-01-29 20:14:23,"{""cell"": [1865, 93], ""error_types"": [""A numerical value was found with a value of greater than > 10 stds from the mean""], ""cell_value"": """", ""record_value"": """"}"
0,2026-01-29 20:14:23,"{""cell"": [2090, 93], ""error_types"": [""A numerical value was found with a value of greater than > 10 stds from the mean""], ""cell_value"": """", ""record_value"": """"}"
0,2026-01-29 20:14:23,"{""cell"": [2705, 93], ""error_types"": [""A numerical value was found with a value of greater than > 10 stds from the mean""], ""cell_value"": """", ""record_value"": """"}"
0,2026-01-29 20:14:23,"{""cell"": [87, 94], ""error_types"": [""A numerical value was found with a value of greater than > 10 stds from the mean""], ""cell_value"": """", ""record_value"": """"}"
0,2026-01-29 20:14:23,"{""cell"": [2127, 94], ""error_types"": [""A numerical value was found with a value of greater than > 10 stds from the mean""], ""cell_value"": """", ""record_value"": """"}"
0,2026-01-29 20:14:23,"{""cell"": [2151, 94], ""error_types"": [""A numerical value was found with a value of greater than > 10 stds from the mean""], ""cell_value"": """", ""record_value"": """"}"
0,2026-01-29 20:14:23,"{""cell"": [3520, 94], ""error_types"": [""A numerical value was found with a value of greater than > 10 stds from the mean""], ""cell_value"": """", ""record_value"": """"}"
0,2026-01-29 20:14:23,"{""cell"": [3840, 94], ""error_types"": [""A numerical value was found with a value of greater than > 10 stds from the mean""], ""cell_value"": """", ""record_value"": """"}"
0,2026-01-29 20:14:23,"{""cell"": [990, 95], ""error_types"": [""A numerical value was found with a value of greater than > 10 stds from the mean""], ""cell_value"": """", ""record_value"": """"}"
0,2026-01-29 20:14:23,"{""cell"": [1037, 95], ""error_types"": [""A numerical value was found with a value of greater than > 10 stds from the mean""], ""cell_value"": """", ""record_value"": """"}"
0,2026-01-29 20:14:23,"{""cell"": [3880, 95], ""error_types"": [""A numerical value was found with a value of greater than > 10 stds from the mean""], ""cell_value"": """", ""record_value"": """"}"
0,2026-01-29 20:14:23,"{""cell"": [123, 96], ""error_types"": [""A numerical value was found with a value of greater than > 10 stds from the mean""], ""cell_value"": """", ""record_value"": """"}"
0,2026-01-29 20:14:23,"{""cell"": [1246, 96], ""error_types"": [""A numerical value was found with a value of greater than > 10 stds from the mean""], ""cell_value"": """", ""record_value"": """"}"
0,2026-01-29 20:14:23,"{""cell"": [2762, 96], ""error_types"": [""A numerical value was found with a value of greater than > 10 stds from the mean""], ""cell_value"": """", ""record_value"": """"}"
0,2026-01-29 20:14:23,"{""cell"": [3063, 96], ""error_types"": [""A numerical value was found with a value of greater than > 10 stds from the mean""], ""cell_value"": """", ""record_value"": """"}"
0,2026-01-29 20:14:23,"{""cell"": [3215, 96], ""error_types"": [""A numerical value was found with a value of greater than > 10 stds from the mean""], ""cell_value"": """", ""record_value"": """"}"
0,2026-01-29 20:14:23,"{""cell"": [3484, 96], ""error_types"": [""A numerical value was found with a value of greater than > 10 stds from the mean""], ""cell_value"": """", ""record_value"": """"}"
0,2026-01-29 20:14:23,"{""cell"": [262, 97], ""error_types"": [""A numerical value was found with a value of greater than > 10 stds from the mean""], ""cell_value"": """", ""record_value"": """"}"
0,2026-01-29 20:14:23,"{""cell"": [670, 97], ""error_types"": [""A numerical value was found with a value of greater than > 10 stds from the mean""], ""cell_value"": """", ""record_value"": """"}"
0,2026-01-29 20:14:23,"{""cell"": [1225, 97], ""error_types"": [""A numerical value was found with a value of greater than > 10 stds from the mean""], ""cell_value"": """", ""record_value"": """"}"
0,2026-01-29 20:14:23,"{""cell"": [1396, 97], ""error_types"": [""A numerical value was found with a value of greater than > 10 stds from the mean""], ""cell_value"": """", ""record_value"": """"}"
0,2026-01-29 20:14:23,"{""cell"": [1814, 97], ""error_types"": [""A numerical value was found with a value of greater than > 10 stds from the mean""], ""cell_value"": """", ""record_value"": """"}"
0,2026-01-29 20:14:23,"{""cell"": [1892, 97], ""error_types"": [""A numerical value was found with a value of greater than > 10 stds from the mean""], ""cell_value"": """", ""record_value"": """"}"
0,2026-01-29 20:14:23,"{""cell"": [2318, 97], ""error_types"": [""A numerical value was found with a value of greater than > 10 stds from the mean""], ""cell_value"": """", ""record_value"": """"}"
0,2026-01-29 20:14:23,"{""cell"": [2065, 98], ""error_types"": [""A numerical value was found with a value of greater than > 10 stds from the mean""], ""cell_value"": """", ""record_value"": """"}"
0,2026-01-29 20:14:23,"{""cell"": [2337, 98], ""error_types"": [""A numerical value was found with a value of greater than > 10 stds from the mean""], ""cell_value"": """", ""record_value"": """"}"
0,2026-01-29 20:14:23,"{""cell"": [2724, 98], ""error_types"": [""A numerical value was found with a value of greater than > 10 stds from the mean""], ""cell_value"": """", ""record_value"": """"}"
0,2026-01-29 20:14:23,"{""cell"": [4083, 98], ""error_types"": [""A numerical value was found with a value of greater than > 10 stds from the mean""], ""cell_value"": """", ""record_value"": """"}"
0,2026-01-29 20:14:23,"{""cell"": [693, 99], ""error_types"": [""A numerical value was found with a value of greater than > 10 stds from the mean""], ""cell_value"": """", ""record_value"": """"}"
0,2026-01-29 20:14:23,"{""cell"": [1488, 99], ""error_types"": [""A numerical value was found with a value of greater than > 10 stds from the mean""], ""cell_value"": """", ""record_value"": """"}"
0,2026-01-29 20:14:23,"{""cell"": [1746, 99], ""error_types"": [""A numerical value was found with a value of greater than > 10 stds from the mean""], ""cell_value"": """", ""record_value"": """"}"
0,2026-01-29 20:14:23,"{""cell"": [2508, 99], ""error_types"": [""A numerical value was found with a value of greater than > 10 stds from the mean""], ""cell_value"": """", ""record_value"": """"}"
0,2026-01-29 20:14:23,"{""cell"": [2527, 99], ""error_types"": [""A numerical value was found with a value of greater than > 10 stds from the mean""], ""cell_value"": """", ""record_value"": """"}"
0,2026-01-29 20:14:23,"{""cell"": [3977, 99], ""error_types"": [""A numerical value was found with a value of greater than > 10 stds from the mean""], ""cell_value"": """", ""record_value"": """"}"
0,2026-01-29 20:14:23,"{""cell"": [920, 100], ""error_types"": [""A numerical value was found with a value of greater than > 10 stds from the mean""], ""cell_value"": """", ""record_value"": """"}"
0,2026-01-29 20:14:23,"{""cell"": [2044, 100], ""error_types"": [""A numerical value was found with a value of greater than > 10 stds from the mean""], ""cell_value"": """", ""record_value"": """"}"
0,2026-01-29 20:14:23,"{""cell"": [3259, 100], ""error_types"": [""A numerical value was found with a value of greater than > 10 stds from the mean""], ""cell_value"": """", ""record_value"": """"}"
0,2026-01-29 20:14:23,"{""cell"": [3436, 100], ""error_types"": [""A numerical value was found with a value of greater than > 10 stds from the mean""], ""cell_value"": """", ""record_value"": """"}"
0,2026-01-29 20:14:23,"{""cell"": [128, 101], ""error_types"": [""A numerical value was found with a value of greater than > 10 stds from the mean""], ""cell_value"": """", ""record_value"": """"}"
0,2026-01-29 20:14:23,"{""cell"": [1136, 101], ""error_types"": [""A numerical value was found with a value of greater than > 10 stds from the mean""], ""cell_value"": """", ""record_value"": """"}"
0,2026-01-29 20:14:23,"{""cell"": [1776, 101], ""error_types"": [""A numerical value was found with a value of greater than > 10 stds from the mean""], ""cell_value"": """", ""record_value"": """"}"
0,2026-01-29 20:14:23,"{""cell"": [2164, 101], ""error_types"": [""A numerical value was found with a value of greater than > 10 stds from the mean""], ""cell_value"": """", ""record_value"": """"}"
0,2026-01-29 20:14:23,"{""cell"": [2376, 101], ""error_types"": [""A numerical value was found with a value of greater than > 10 stds from the mean""], ""cell_value"": """", ""record_value"": """"}"
0,2026-01-29 20:14:23,"{""cell"": [2435, 101], ""error_types"": [""A numerical value was found with a value of greater than > 10 stds from the mean""], ""cell_value"": """", ""record_value"": """"}"
0,2026-01-29 20:14:23,"{""cell"": [3029, 101], ""error_types"": [""A numerical value was found with a value of greater than > 10 stds from the mean""], ""cell_value"": """", ""record_value"": """"}"
0,2026-01-29 20:14:23,"{""cell"": [3041, 101], ""error_types"": [""A numerical value was found with a value of greater than > 10 stds from the mean""], ""cell_value"": """", ""record_value"": """"}"
0,2026-01-29 20:14:23,"{""cell"": [3832, 101], ""error_types"": [""A numerical value was found with a value of greater than > 10 stds from the mean""], ""cell_value"": """", ""record_value"": """"}"
0,2026-01-29 20:14:23,"{""cell"": [3929, 101], ""error_types"": [""A numerical value was found with a value of greater than > 10 stds from the mean""], ""cell_value"": """", ""record_value"": """"}"
0,2026-01-29 20:14:23,"{""cell"": [80, 102], ""error_types"": [""A numerical value was found with a value of greater than > 10 stds from the mean""], ""cell_value"": """", ""record_value"": """"}"
0,2026-01-29 20:14:23,"{""cell"": [544, 102], ""error_types"": [""A numerical value was found with a value of greater than > 10 stds from the mean""], ""cell_value"": """", ""record_value"": """"}"
0,2026-01-29 20:14:23,"{""cell"": [568, 102], ""error_types"": [""A numerical value was found with a value of greater than > 10 stds from the mean""], ""cell_value"": """", ""record_value"": """"}"
0,2026-01-29 20:14:23,"{""cell"": [1058, 102], ""error_types"": [""A numerical value was found with a value of greater than > 10 stds from the mean""], ""cell_value"": """", ""record_value"": """"}"
0,2026-01-29 20:14:23,"{""cell"": [1200, 102], ""error_types"": [""A numerical value was found with a value of greater than > 10 stds from the mean""], ""cell_value"": """", ""record_value"": """"}"
0,2026-01-29 20:14:23,"{""cell"": [1316, 102], ""error_types"": [""A numerical value was found with a value of greater than > 10 stds from the mean""], ""cell_value"": """", ""record_value"": """"}"
0,2026-01-29 20:14:23,"{""cell"": [1467, 102], ""error_types"": [""A numerical value was found with a value of greater than > 10 stds from the mean""], ""cell_value"": """", ""record_value"": """"}"
0,2026-01-29 20:14:23,"{""cell"": [1528, 102], ""error_types"": [""A numerical value was found with a value of greater than > 10 stds from the mean""], ""cell_value"": """", ""record_value"": """"}"
0,2026-01-29 20:14:23,"{""cell"": [1569, 102], ""error_types"": [""A numerical value was found with a value of greater than > 10 stds from the mean""], ""cell_value"": """", ""record_value"": """"}"
0,2026-01-29 20:14:23,"{""cell"": [1846, 102], ""error_types"": [""A numerical value was found with a value of greater than > 10 stds from the mean""], ""cell_value"": """", ""record_value"": """"}"
0,2026-01-29 20:14:23,"{""cell"": [2012, 102], ""error_types"": [""A numerical value was found with a value of greater than > 10 stds from the mean""], ""cell_value"": """", ""record_value"": """"}"
0,2026-01-29 20:14:23,"{""cell"": [2029, 102], ""error_types"": [""A numerical value was found with a value of greater than > 10 stds from the mean""], ""cell_value"": """", ""record_value"": """"}"
0,2026-01-29 20:14:23,"{""cell"": [2248, 102], ""error_types"": [""A numerical value was found with a value of greater than > 10 stds from the mean""], ""cell_value"": """", ""record_value"": """"}"
0,2026-01-29 20:14:23,"{""cell"": [2286, 102], ""error_types"": [""A numerical value was found with a value of greater than > 10 stds from the mean""], ""cell_value"": """", ""record_value"": """"}"
0,2026-01-29 20:14:23,"{""cell"": [2494, 102], ""error_types"": [""A numerical value was found with a value of greater than > 10 stds from the mean""], ""cell_value"": """", ""record_value"": """"}"
0,2026-01-29 20:14:23,"{""cell"": [2574, 102], ""error_types"": [""A numerical value was found with a value of greater than > 10 stds from the mean""], ""cell_value"": """", ""record_value"": """"}"
0,2026-01-29 20:14:23,"{""cell"": [3011, 102], ""error_types"": [""A numerical value was found with a value of greater than > 10 stds from the mean""], ""cell_value"": """", ""record_value"": """"}"
0,2026-01-29 20:14:23,"{""cell"": [3882, 102], ""error_types"": [""A numerical value was found with a value of greater than > 10 stds from the mean""], ""cell_value"": """", ""record_value"": """"}"
0,2026-01-29 20:14:23,"{""cell"": [3908, 102], ""error_types"": [""A numerical value was found with a value of greater than > 10 stds from the mean""], ""cell_value"": """", ""record_value"": """"}"
0,2026-01-29 20:14:23,"{""cell"": [3940, 102], ""error_types"": [""A numerical value was found with a value of greater than > 10 stds from the mean""], ""cell_value"": """", ""record_value"": """"}"
0,2026-01-29 20:14:23,"{""cell"": [3978, 102], ""error_types"": [""A numerical value was found with a value of greater than > 10 stds from the mean""], ""cell_value"": """", ""record_value"": """"}"
0,2026-01-29 20:14:23,"{""cell"": [509, 103], ""error_types"": [""A numerical value was found with a value of greater than > 10 stds from the mean""], ""cell_value"": """", ""record_value"": """"}"
0,2026-01-29 20:14:23,"{""cell"": [909, 103], ""error_types"": [""A numerical value was found with a value of greater than > 10 stds from the mean""], ""cell_value"": """", ""record_value"": """"}"
0,2026-01-29 20:14:23,"{""cell"": [1582, 103], ""error_types"": [""A numerical value was found with a value of greater than > 10 stds from the mean""], ""cell_value"": """", ""record_value"": """"}"
0,2026-01-29 20:14:23,"{""cell"": [1947, 103], ""error_types"": [""A numerical value was found with a value of greater than > 10 stds from the mean""], ""cell_value"": """", ""record_value"": """"}"
0,2026-01-29 20:14:23,"{""cell"": [3807, 103], ""error_types"": [""A numerical value was found with a value of greater than > 10 stds from the mean""], ""cell_value"": """", ""record_value"": """"}"
0,2026-01-29 20:14:23,"{""cell"": [732, 104], ""error_types"": [""A numerical value was found with a value of greater than > 10 stds from the mean""], ""cell_value"": """", ""record_value"": """"}"
0,2026-01-29 20:14:23,"{""cell"": [1627, 104], ""error_types"": [""A numerical value was found with a value of greater than > 10 stds from the mean""], ""cell_value"": """", ""record_value"": """"}"
0,2026-01-29 20:14:23,"{""cell"": [1784, 104], ""error_types"": [""A numerical value was found with a value of greater than > 10 stds from the mean""], ""cell_value"": """", ""record_value"": """"}"
0,2026-01-29 20:14:23,"{""cell"": [3527, 104], ""error_types"": [""A numerical value was found with a value of greater than > 10 stds from the mean""], ""cell_value"": """", ""record_value"": """"}"
0,2026-01-29 20:14:23,"{""cell"": [3781, 104], ""error_types"": [""A numerical value was found with a value of greater than > 10 stds from the mean""], ""cell_value"": """", ""record_value"": """"}"
0,2026-01-29 20:14:23,"{""cell"": [3898, 104], ""error_types"": [""A numerical value was found with a value of greater than > 10 stds from the mean""], ""cell_value"": """", ""record_value"": """"}"
0,2026-01-29 20:14:23,"{""cell"": [4198, 104], ""error_types"": [""A numerical value was found with a value of greater than > 10 stds from the mean""], ""cell_value"": """", ""record_value"": """"}"
0,2026-01-29 20:14:23,"{""cell"": [828, 105], ""error_types"": [""A numerical value was found with a value of greater than > 10 stds from the mean""], ""cell_value"": """", ""record_value"": """"}"
0,2026-01-29 20:14:23,"{""cell"": [1146, 105], ""error_types"": [""A numerical value was found with a value of greater than > 10 stds from the mean""], ""cell_value"": """", ""record_value"": """"}"
0,2026-01-29 20:14:23,"{""cell"": [1155, 105], ""error_types"": [""A numerical value was found with a value of greater than > 10 stds from the mean""], ""cell_value"": """", ""record_value"": """"}"
0,2026-01-29 20:14:23,"{""cell"": [2113, 105], ""error_types"": [""A numerical value was found with a value of greater than > 10 stds from the mean""], ""cell_value"": """", ""record_value"": """"}"
0,2026-01-29 20:14:23,"{""cell"": [2145, 105], ""error_types"": [""A numerical value was found with a value of greater than > 10 stds from the mean""], ""cell_value"": """", ""record_value"": """"}"
0,2026-01-29 20:14:23,"{""cell"": [3673, 105], ""error_types"": [""A numerical value was found with a value of greater than > 10 stds from the mean""], ""cell_value"": """", ""record_value"": """"}"
0,2026-01-29 20:14:23,"{""cell"": [3938, 105], ""error_types"": [""A numerical value was found with a value of greater than > 10 stds from the mean""], ""cell_value"": """", ""record_value"": """"}"
0,2026-01-29 20:14:24,"{""cell"": [1131, 106], ""error_types"": [""A numerical value was found with a value of greater than > 10 stds from the mean""], ""cell_value"": """", ""record_value"": """"}"
0,2026-01-29 20:14:24,"{""cell"": [1240, 106], ""error_types"": [""A numerical value was found with a value of greater than > 10 stds from the mean""], ""cell_value"": """", ""record_value"": """"}"
0,2026-01-29 20:14:24,"{""cell"": [2501, 106], ""error_types"": [""A numerical value was found with a value of greater than > 10 stds from the mean""], ""cell_value"": """", ""record_value"": """"}"
0,2026-01-29 20:14:24,"{""cell"": [2540, 106], ""error_types"": [""A numerical value was found with a value of greater than > 10 stds from the mean""], ""cell_value"": """", ""record_value"": """"}"
0,2026-01-29 20:14:24,"{""cell"": [682, 107], ""error_types"": [""A numerical value was found with a value of greater than > 10 stds from the mean""], ""cell_value"": """", ""record_value"": """"}"
0,2026-01-29 20:14:24,"{""cell"": [1029, 107], ""error_types"": [""A numerical value was found with a value of greater than > 10 stds from the mean""], ""cell_value"": """", ""record_value"": """"}"
0,2026-01-29 20:14:24,"{""cell"": [1783, 107], ""error_types"": [""A numerical value was found with a value of greater than > 10 stds from the mean""], ""cell_value"": """", ""record_value"": """"}"
0,2026-01-29 20:14:24,"{""cell"": [2421, 107], ""error_types"": [""A numerical value was found with a value of greater than > 10 stds from the mean""], ""cell_value"": """", ""record_value"": """"}"
0,2026-01-29 20:14:24,"{""cell"": [2946, 107], ""error_types"": [""A numerical value was found with a value of greater than > 10 stds from the mean""], ""cell_value"": """", ""record_value"": """"}"
0,2026-01-29 20:14:24,"{""cell"": [1886, 108], ""error_types"": [""A numerical value was found with a value of greater than > 10 stds from the mean""], ""cell_value"": """", ""record_value"": """"}"
0,2026-01-29 20:14:24,"{""cell"": [3469, 108], ""error_types"": [""A numerical value was found with a value of greater than > 10 stds from the mean""], ""cell_value"": """", ""record_value"": """"}"
0,2026-01-29 20:14:24,"{""cell"": [439, 109], ""error_types"": [""A numerical value was found with a value of greater than > 10 stds from the mean""], ""cell_value"": """", ""record_value"": """"}"
0,2026-01-29 20:14:24,"{""cell"": [1581, 109], ""error_types"": [""A numerical value was found with a value of greater than > 10 stds from the mean""], ""cell_value"": """", ""record_value"": """"}"
0,2026-01-29 20:14:24,"{""cell"": [1766, 109], ""error_types"": [""A numerical value was found with a value of greater than > 10 stds from the mean""], ""cell_value"": """", ""record_value"": """"}"
0,2026-01-29 20:14:24,"{""cell"": [2114, 109], ""error_types"": [""A numerical value was found with a value of greater than > 10 stds from the mean""], ""cell_value"": """", ""record_value"": """"}"
0,2026-01-29 20:14:24,"{""cell"": [2733, 109], ""error_types"": [""A numerical value was found with a value of greater than > 10 stds from the mean""], ""cell_value"": """", ""record_value"": """"}"
0,2026-01-29 20:14:24,"{""cell"": [3376, 109], ""error_types"": [""A numerical value was found with a value of greater than > 10 stds from the mean""], ""cell_value"": """", ""record_value"": """"}"
0,2026-01-29 20:14:24,"{""cell"": [4071, 109], ""error_types"": [""A numerical value was found with a value of greater than > 10 stds from the mean""], ""cell_value"": """", ""record_value"": """"}"
0,2026-01-29 20:14:24,"{""cell"": [966, 110], ""error_types"": [""A numerical value was found with a value of greater than > 10 stds from the mean""], ""cell_value"": """", ""record_value"": """"}"
0,2026-01-29 20:14:24,"{""cell"": [1135, 110], ""error_types"": [""A numerical value was found with a value of greater than > 10 stds from the mean""], ""cell_value"": """", ""record_value"": """"}"
0,2026-01-29 20:14:24,"{""cell"": [2300, 110], ""error_types"": [""A numerical value was found with a value of greater than > 10 stds from the mean""], ""cell_value"": """", ""record_value"": """"}"
0,2026-01-29 20:14:24,"{""cell"": [2827, 110], ""error_types"": [""A numerical value was found with a value of greater than > 10 stds from the mean""], ""cell_value"": """", ""record_value"": """"}"
0,2026-01-29 20:14:24,"{""cell"": [3822, 110], ""error_types"": [""A numerical value was found with a value of greater than > 10 stds from the mean""], ""cell_value"": """", ""record_value"": """"}"
0,2026-01-29 20:14:24,"{""cell"": [153, 111], ""error_types"": [""A numerical value was found with a value of greater than > 10 stds from the mean""], ""cell_value"": """", ""record_value"": """"}"
0,2026-01-29 20:14:24,"{""cell"": [1112, 111], ""error_types"": [""A numerical value was found with a value of greater than > 10 stds from the mean""], ""cell_value"": """", ""record_value"": """"}"
0,2026-01-29 20:14:24,"{""cell"": [2485, 111], ""error_types"": [""A numerical value was found with a value of greater than > 10 stds from the mean""], ""cell_value"": """", ""record_value"": """"}"
0,2026-01-29 20:14:24,"{""cell"": [3183, 112], ""error_types"": [""A numerical value was found with a value of greater than > 10 stds from the mean""], ""cell_value"": """", ""record_value"": """"}"
0,2026-01-29 20:14:24,"{""cell"": [3592, 112], ""error_types"": [""A numerical value was found with a value of greater than > 10 stds from the mean""], ""cell_value"": """", ""record_value"": """"}"
0,2026-01-29 20:14:24,"{""cell"": [3772, 112], ""error_types"": [""A numerical value was found with a value of greater than > 10 stds from the mean""], ""cell_value"": """", ""record_value"": """"}"
0,2026-01-29 20:14:24,"{""cell"": [628, 113], ""error_types"": [""A numerical value was found with a value of greater than > 10 stds from the mean""], ""cell_value"": """", ""record_value"": """"}"
0,2026-01-29 20:14:24,"{""cell"": [809, 113], ""error_types"": [""A numerical value was found with a value of greater than > 10 stds from the mean""], ""cell_value"": """", ""record_value"": """"}"
0,2026-01-29 20:14:24,"{""cell"": [1778, 113], ""error_types"": [""A numerical value was found with a value of greater than > 10 stds from the mean""], ""cell_value"": """", ""record_value"": """"}"
0,2026-01-29 20:14:24,"{""cell"": [2401, 113], ""error_types"": [""A numerical value was found with a value of greater than > 10 stds from the mean""], ""cell_value"": """", ""record_value"": """"}"
0,2026-01-29 20:14:24,"{""cell"": [355, 114], ""error_types"": [""A numerical value was found with a value of greater than > 10 stds from the mean""], ""cell_value"": """", ""record_value"": """"}"
0,2026-01-29 20:14:24,"{""cell"": [1538, 114], ""error_types"": [""A numerical value was found with a value of greater than > 10 stds from the mean""], ""cell_value"": """", ""record_value"": """"}"
0,2026-01-29 20:14:24,"{""cell"": [1725, 114], ""error_types"": [""A numerical value was found with a value of greater than > 10 stds from the mean""], ""cell_value"": """", ""record_value"": """"}"
0,2026-01-29 20:14:24,"{""cell"": [2545, 114], ""error_types"": [""A numerical value was found with a value of greater than > 10 stds from the mean""], ""cell_value"": """", ""record_value"": """"}"
0,2026-01-29 20:14:24,"{""cell"": [3362, 114], ""error_types"": [""A numerical value was found with a value of greater than > 10 stds from the mean""], ""cell_value"": """", ""record_value"": """"}"
0,2026-01-29 20:14:24,"{""cell"": [3796, 114], ""error_types"": [""A numerical value was found with a value of greater than > 10 stds from the mean""], ""cell_value"": """", ""record_value"": """"}"
0,2026-01-29 20:14:24,"{""cell"": [189, 115], ""error_types"": [""A numerical value was found with a value of greater than > 10 stds from the mean""], ""cell_value"": """", ""record_value"": """"}"
0,2026-01-29 20:14:24,"{""cell"": [793, 115], ""error_types"": [""A numerical value was found with a value of greater than > 10 stds from the mean""], ""cell_value"": """", ""record_value"": """"}"
0,2026-01-29 20:14:24,"{""cell"": [983, 115], ""error_types"": [""A numerical value was found with a value of greater than > 10 stds from the mean""], ""cell_value"": """", ""record_value"": """"}"
0,2026-01-29 20:14:24,"{""cell"": [2864, 115], ""error_types"": [""A numerical value was found with a value of greater than > 10 stds from the mean""], ""cell_value"": """", ""record_value"": """"}"
0,2026-01-29 20:14:24,"{""cell"": [110, 116], ""error_types"": [""A numerical value was found with a value of greater than > 10 stds from the mean""], ""cell_value"": """", ""record_value"": """"}"
0,2026-01-29 20:14:24,"{""cell"": [849, 116], ""error_types"": [""A numerical value was found with a value of greater than > 10 stds from the mean""], ""cell_value"": """", ""record_value"": """"}"
0,2026-01-29 20:14:24,"{""cell"": [2462, 116], ""error_types"": [""A numerical value was found with a value of greater than > 10 stds from the mean""], ""cell_value"": """", ""record_value"": """"}"
0,2026-01-29 20:14:24,"{""cell"": [3337, 116], ""error_types"": [""A numerical value was found with a value of greater than > 10 stds from the mean""], ""cell_value"": """", ""record_value"": """"}"
0,2026-01-29 20:14:24,"{""cell"": [4179, 116], ""error_types"": [""A numerical value was found with a value of greater than > 10 stds from the mean""], ""cell_value"": """", ""record_value"": """"}"
0,2026-01-29 20:14:24,"{""cell"": [674, 117], ""error_types"": [""A numerical value was found with a value of greater than > 10 stds from the mean""], ""cell_value"": """", ""record_value"": """"}"
0,2026-01-29 20:14:24,"{""cell"": [2952, 117], ""error_types"": [""A numerical value was found with a value of greater than > 10 stds from the mean""], ""cell_value"": """", ""record_value"": """"}"
0,2026-01-29 20:14:24,"{""cell"": [3326, 117], ""error_types"": [""A numerical value was found with a value of greater than > 10 stds from the mean""], ""cell_value"": """", ""record_value"": """"}"
0,2026-01-29 20:14:24,"{""cell"": [3791, 117], ""error_types"": [""A numerical value was found with a value of greater than > 10 stds from the mean""], ""cell_value"": """", ""record_value"": """"}"
0,2026-01-29 20:14:24,"{""cell"": [3923, 117], ""error_types"": [""A numerical value was found with a value of greater than > 10 stds from the mean""], ""cell_value"": """", ""record_value"": """"}"
0,2026-01-29 20:14:24,"{""cell"": [2388, 118], ""error_types"": [""A numerical value was found with a value of greater than > 10 stds from the mean""], ""cell_value"": """", ""record_value"": """"}"
0,2026-01-29 20:14:24,"{""cell"": [3643, 118], ""error_types"": [""A numerical value was found with a value of greater than > 10 stds from the mean""], ""cell_value"": """", ""record_value"": """"}"
0,2026-01-29 20:14:24,"{""cell"": [3703, 118], ""error_types"": [""A numerical value was found with a value of greater than > 10 stds from the mean""], ""cell_value"": """", ""record_value"": """"}"
0,2026-01-29 20:14:24,"{""cell"": [35, 119], ""error_types"": [""A numerical value was found with a value of greater than > 10 stds from the mean""], ""cell_value"": """", ""record_value"": """"}"
0,2026-01-29 20:14:24,"{""cell"": [736, 119], ""error_types"": [""A numerical value was found with a value of greater than > 10 stds from the mean""], ""cell_value"": """", ""record_value"": """"}"
0,2026-01-29 20:14:24,"{""cell"": [768, 119], ""error_types"": [""A numerical value was found with a value of greater than > 10 stds from the mean""], ""cell_value"": """", ""record_value"": """"}"
0,2026-01-29 20:14:24,"{""cell"": [1371, 119], ""error_types"": [""A numerical value was found with a value of greater than > 10 stds from the mean""], ""cell_value"": """", ""record_value"": """"}"
0,2026-01-29 20:14:24,"{""cell"": [3522, 119], ""error_types"": [""A numerical value was found with a value of greater than > 10 stds from the mean""], ""cell_value"": """", ""record_value"": """"}"
0,2026-01-29 20:14:24,"{""cell"": [767, 120], ""error_types"": [""A numerical value was found with a value of greater than > 10 stds from the mean""], ""cell_value"": """", ""record_value"": """"}"
0,2026-01-29 20:14:24,"{""cell"": [810, 120], ""error_types"": [""A numerical value was found with a value of greater than > 10 stds from the mean""], ""cell_value"": """", ""record_value"": """"}"
0,2026-01-29 20:14:24,"{""cell"": [2294, 120], ""error_types"": [""A numerical value was found with a value of greater than > 10 stds from the mean""], ""cell_value"": """", ""record_value"": """"}"
0,2026-01-29 20:14:24,"{""cell"": [2580, 120], ""error_types"": [""A numerical value was found with a value of greater than > 10 stds from the mean""], ""cell_value"": """", ""record_value"": """"}"
0,2026-01-29 20:14:24,"{""cell"": [2800, 120], ""error_types"": [""A numerical value was found with a value of greater than > 10 stds from the mean""], ""cell_value"": """", ""record_value"": """"}"
0,2026-01-29 20:14:24,"{""cell"": [191, 121], ""error_types"": [""A numerical value was found with a value of greater than > 10 stds from the mean""], ""cell_value"": """", ""record_value"": """"}"
0,2026-01-29 20:14:24,"{""cell"": [487, 121], ""error_types"": [""A numerical value was found with a value of greater than > 10 stds from the mean""], ""cell_value"": """", ""record_value"": """"}"
0,2026-01-29 20:14:24,"{""cell"": [1088, 121], ""error_types"": [""A numerical value was found with a value of greater than > 10 stds from the mean""], ""cell_value"": """", ""record_value"": """"}"
0,2026-01-29 20:14:24,"{""cell"": [3150, 121], ""error_types"": [""A numerical value was found with a value of greater than > 10 stds from the mean""], ""cell_value"": """", ""record_value"": """"}"
0,2026-01-29 20:14:24,"{""cell"": [1098, 122], ""error_types"": [""A numerical value was found with a value of greater than > 10 stds from the mean""], ""cell_value"": """", ""record_value"": """"}"
0,2026-01-29 20:14:24,"{""cell"": [1154, 122], ""error_types"": [""A numerical value was found with a value of greater than > 10 stds from the mean""], ""cell_value"": """", ""record_value"": """"}"
0,2026-01-29 20:14:24,"{""cell"": [1373, 122], ""error_types"": [""A numerical value was found with a value of greater than > 10 stds from the mean""], ""cell_value"": """", ""record_value"": """"}"
0,2026-01-29 20:14:24,"{""cell"": [1419, 122], ""error_types"": [""A numerical value was found with a value of greater than > 10 stds from the mean""], ""cell_value"": """", ""record_value"": """"}"
0,2026-01-29 20:14:24,"{""cell"": [2845, 122], ""error_types"": [""A numerical value was found with a value of greater than > 10 stds from the mean""], ""cell_value"": """", ""record_value"": """"}"
0,2026-01-29 20:14:24,"{""cell"": [3606, 122], ""error_types"": [""A numerical value was found with a value of greater than > 10 stds from the mean""], ""cell_value"": """", ""record_value"": """"}"
0,2026-01-29 20:14:24,"{""cell"": [220, 123], ""error_types"": [""A numerical value was found with a value of greater than > 10 stds from the mean""], ""cell_value"": """", ""record_value"": """"}"
0,2026-01-29 20:14:24,"{""cell"": [269, 123], ""error_types"": [""A numerical value was found with a value of greater than > 10 stds from the mean""], ""cell_value"": """", ""record_value"": """"}"
0,2026-01-29 20:14:24,"{""cell"": [862, 123], ""error_types"": [""A numerical value was found with a value of greater than > 10 stds from the mean""], ""cell_value"": """", ""record_value"": """"}"
0,2026-01-29 20:14:24,"{""cell"": [2706, 123], ""error_types"": [""A numerical value was found with a value of greater than > 10 stds from the mean""], ""cell_value"": """", ""record_value"": """"}"
0,2026-01-29 20:14:24,"{""cell"": [2854, 123], ""error_types"": [""A numerical value was found with a value of greater than > 10 stds from the mean""], ""cell_value"": """", ""record_value"": """"}"
0,2026-01-29 20:14:24,"{""cell"": [1806, 124], ""error_types"": [""A numerical value was found with a value of greater than > 10 stds from the mean""], ""cell_value"": """", ""record_value"": """"}"
0,2026-01-29 20:14:24,"{""cell"": [1902, 124], ""error_types"": [""A numerical value was found with a value of greater than > 10 stds from the mean""], ""cell_value"": """", ""record_value"": """"}"
0,2026-01-29 20:14:24,"{""cell"": [2585, 124], ""error_types"": [""A numerical value was found with a value of greater than > 10 stds from the mean""], ""cell_value"": """", ""record_value"": """"}"
0,2026-01-29 20:14:24,"{""cell"": [2883, 124], ""error_types"": [""A numerical value was found with a value of greater than > 10 stds from the mean""], ""cell_value"": """", ""record_value"": """"}"
0,2026-01-29 20:14:24,"{""cell"": [2945, 124], ""error_types"": [""A numerical value was found with a value of greater than > 10 stds from the mean""], ""cell_value"": """", ""record_value"": """"}"
0,2026-01-29 20:14:24,"{""cell"": [3279, 124], ""error_types"": [""A numerical value was found with a value of greater than > 10 stds from the mean""], ""cell_value"": """", ""record_value"": """"}"
0,2026-01-29 20:14:24,"{""cell"": [3427, 124], ""error_types"": [""A numerical value was found with a value of greater than > 10 stds from the mean""], ""cell_value"": """", ""record_value"": """"}"
0,2026-01-29 20:14:24,"{""cell"": [3989, 124], ""error_types"": [""A numerical value was found with a value of greater than > 10 stds from the mean""], ""cell_value"": """", ""record_value"": """"}"
0,2026-01-29 20:14:24,"{""cell"": [2431, 125], ""error_types"": [""A numerical value was found with a value of greater than > 10 stds from the mean""], ""cell_value"": """", ""record_value"": """"}"
0,2026-01-29 20:14:24,"{""cell"": [3025, 125], ""error_types"": [""A numerical value was found with a value of greater than > 10 stds from the mean""], ""cell_value"": """", ""record_value"": """"}"
0,2026-01-29 20:14:24,"{""cell"": [3115, 125], ""error_types"": [""A numerical value was found with a value of greater than > 10 stds from the mean""], ""cell_value"": """", ""record_value"": """"}"
0,2026-01-29 20:14:24,"{""cell"": [3564, 126], ""error_types"": [""A numerical value was found with a value of greater than > 10 stds from the mean""], ""cell_value"": """", ""record_value"": """"}"
0,2026-01-29 20:14:24,"{""cell"": [4110, 126], ""error_types"": [""A numerical value was found with a value of greater than > 10 stds from the mean""], ""cell_value"": """", ""record_value"": """"}"
0,2026-01-29 20:14:24,"{""cell"": [317, 127], ""error_types"": [""A numerical value was found with a value of greater than > 10 stds from the mean""], ""cell_value"": """", ""record_value"": """"}"
0,2026-01-29 20:14:24,"{""cell"": [1106, 127], ""error_types"": [""A numerical value was found with a value of greater than > 10 stds from the mean""], ""cell_value"": """", ""record_value"": """"}"
0,2026-01-29 20:14:24,"{""cell"": [3548, 127], ""error_types"": [""A numerical value was found with a value of greater than > 10 stds from the mean""], ""cell_value"": """", ""record_value"": """"}"
0,2026-01-29 20:14:24,"{""cell"": [3764, 127], ""error_types"": [""A numerical value was found with a value of greater than > 10 stds from the mean""], ""cell_value"": """", ""record_value"": """"}"
0,2026-01-29 20:14:24,"{""cell"": [4124, 127], ""error_types"": [""A numerical value was found with a value of greater than > 10 stds from the mean""], ""cell_value"": """", ""record_value"": """"}"
0,2026-01-29 20:14:24,"{""cell"": [177, 128], ""error_types"": [""A numerical value was found with a value of greater than > 10 stds from the mean""], ""cell_value"": """", ""record_value"": """"}"
0,2026-01-29 20:14:24,"{""cell"": [1206, 128], ""error_types"": [""A numerical value was found with a value of greater than > 10 stds from the mean""], ""cell_value"": """", ""record_value"": """"}"
0,2026-01-29 20:14:24,"{""cell"": [3694, 128], ""error_types"": [""A numerical value was found with a value of greater than > 10 stds from the mean""], ""cell_value"": """", ""record_value"": """"}"
0,2026-01-29 20:14:24,"{""cell"": [23, 129], ""error_types"": [""A numerical value was found with a value of greater than > 10 stds from the mean""], ""cell_value"": """", ""record_value"": """"}"
0,2026-01-29 20:14:24,"{""cell"": [2656, 129], ""error_types"": [""A numerical value was found with a value of greater than > 10 stds from the mean""], ""cell_value"": """", ""record_value"": """"}"
0,2026-01-29 20:14:24,"{""cell"": [3679, 129], ""error_types"": [""A numerical value was found with a value of greater than > 10 stds from the mean""], ""cell_value"": """", ""record_value"": """"}"
0,2026-01-29 20:14:24,"{""cell"": [3771, 129], ""error_types"": [""A numerical value was found with a value of greater than > 10 stds from the mean""], ""cell_value"": """", ""record_value"": """"}"
0,2026-01-29 20:14:24,"{""cell"": [3963, 129], ""error_types"": [""A numerical value was found with a value of greater than > 10 stds from the mean""], ""cell_value"": """", ""record_value"": """"}"
0,2026-01-29 20:14:24,"{""cell"": [205, 130], ""error_types"": [""A numerical value was found with a value of greater than > 10 stds from the mean""], ""cell_value"": """", ""record_value"": """"}"
0,2026-01-29 20:14:24,"{""cell"": [1524, 130], ""error_types"": [""A numerical value was found with a value of greater than > 10 stds from the mean""], ""cell_value"": """", ""record_value"": """"}"
0,2026-01-29 20:14:24,"{""cell"": [2413, 130], ""error_types"": [""A numerical value was found with a value of greater than > 10 stds from the mean""], ""cell_value"": """", ""record_value"": """"}"
0,2026-01-29 20:14:24,"{""cell"": [464, 131], ""error_types"": [""A numerical value was found with a value of greater than > 10 stds from the mean""], ""cell_value"": """", ""record_value"": """"}"
0,2026-01-29 20:14:24,"{""cell"": [1727, 131], ""error_types"": [""A numerical value was found with a value of greater than > 10 stds from the mean""], ""cell_value"": """", ""record_value"": """"}"
0,2026-01-29 20:14:24,"{""cell"": [2116, 131], ""error_types"": [""A numerical value was found with a value of greater than > 10 stds from the mean""], ""cell_value"": """", ""record_value"": """"}"
0,2026-01-29 20:14:24,"{""cell"": [2813, 131], ""error_types"": [""A numerical value was found with a value of greater than > 10 stds from the mean""], ""cell_value"": """", ""record_value"": """"}"
0,2026-01-29 20:14:24,"{""cell"": [3212, 131], ""error_types"": [""A numerical value was found with a value of greater than > 10 stds from the mean""], ""cell_value"": """", ""record_value"": """"}"
0,2026-01-29 20:14:24,"{""cell"": [95, 132], ""error_types"": [""A numerical value was found with a value of greater than > 10 stds from the mean""], ""cell_value"": """", ""record_value"": """"}"
0,2026-01-29 20:14:24,"{""cell"": [843, 132], ""error_types"": [""A numerical value was found with a value of greater than > 10 stds from the mean""], ""cell_value"": """", ""record_value"": """"}"
0,2026-01-29 20:14:24,"{""cell"": [1961, 132], ""error_types"": [""A numerical value was found with a value of greater than > 10 stds from the mean""], ""cell_value"": """", ""record_value"": """"}"
0,2026-01-29 20:14:24,"{""cell"": [1071, 133], ""error_types"": [""A numerical value was found with a value of greater than > 10 stds from the mean""], ""cell_value"": """", ""record_value"": """"}"
0,2026-01-29 20:14:24,"{""cell"": [2706, 133], ""error_types"": [""A numerical value was found with a value of greater than > 10 stds from the mean""], ""cell_value"": """", ""record_value"": """"}"
0,2026-01-29 20:14:24,"{""cell"": [2386, 134], ""error_types"": [""A numerical value was found with a value of greater than > 10 stds from the mean""], ""cell_value"": """", ""record_value"": """"}"
0,2026-01-29 20:14:24,"{""cell"": [69, 135], ""error_types"": [""A numerical value was found with a value of greater than > 10 stds from the mean""], ""cell_value"": """", ""record_value"": """"}"
0,2026-01-29 20:14:24,"{""cell"": [440, 135], ""error_types"": [""A numerical value was found with a value of greater than > 10 stds from the mean""], ""cell_value"": """", ""record_value"": """"}"
0,2026-01-29 20:14:24,"{""cell"": [1837, 135], ""error_types"": [""A numerical value was found with a value of greater than > 10 stds from the mean""], ""cell_value"": """", ""record_value"": """"}"
0,2026-01-29 20:14:24,"{""cell"": [2157, 135], ""error_types"": [""A numerical value was found with a value of greater than > 10 stds from the mean""], ""cell_value"": """", ""record_value"": """"}"
0,2026-01-29 20:14:24,"{""cell"": [2365, 135], ""error_types"": [""A numerical value was found with a value of greater than > 10 stds from the mean""], ""cell_value"": """", ""record_value"": """"}"
0,2026-01-29 20:14:24,"{""cell"": [180, 136], ""error_types"": [""A numerical value was found with a value of greater than > 10 stds from the mean""], ""cell_value"": """", ""record_value"": """"}"
0,2026-01-29 20:14:24,"{""cell"": [2569, 136], ""error_types"": [""A numerical value was found with a value of greater than > 10 stds from the mean""], ""cell_value"": """", ""record_value"": """"}"
0,2026-01-29 20:14:24,"{""cell"": [2968, 136], ""error_types"": [""A numerical value was found with a value of greater than > 10 stds from the mean""], ""cell_value"": """", ""record_value"": """"}"
0,2026-01-29 20:14:24,"{""cell"": [3642, 136], ""error_types"": [""A numerical value was found with a value of greater than > 10 stds from the mean""], ""cell_value"": """", ""record_value"": """"}"
0,2026-01-29 20:14:24,"{""cell"": [414, 137], ""error_types"": [""A numerical value was found with a value of greater than > 10 stds from the mean""], ""cell_value"": """", ""record_value"": """"}"
0,2026-01-29 20:14:24,"{""cell"": [2615, 137], ""error_types"": [""A numerical value was found with a value of greater than > 10 stds from the mean""], ""cell_value"": """", ""record_value"": """"}"
0,2026-01-29 20:14:24,"{""cell"": [2753, 137], ""error_types"": [""A numerical value was found with a value of greater than > 10 stds from the mean""], ""cell_value"": """", ""record_value"": """"}"
0,2026-01-29 20:14:24,"{""cell"": [2819, 137], ""error_types"": [""A numerical value was found with a value of greater than > 10 stds from the mean""], ""cell_value"": """", ""record_value"": """"}"
0,2026-01-29 20:14:25,"{""cell"": [220, 139], ""error_types"": [""A numerical value was found with a value of greater than > 10 stds from the mean""], ""cell_value"": """", ""record_value"": """"}"
0,2026-01-29 20:14:25,"{""cell"": [1493, 139], ""error_types"": [""A numerical value was found with a value of greater than > 10 stds from the mean""], ""cell_value"": """", ""record_value"": """"}"
0,2026-01-29 20:14:25,"{""cell"": [3320, 139], ""error_types"": [""A numerical value was found with a value of greater than > 10 stds from the mean""], ""cell_value"": """", ""record_value"": """"}"
0,2026-01-29 20:14:25,"{""cell"": [3425, 139], ""error_types"": [""A numerical value was found with a value of greater than > 10 stds from the mean""], ""cell_value"": """", ""record_value"": """"}"
0,2026-01-29 20:14:25,"{""cell"": [3920, 139], ""error_types"": [""A numerical value was found with a value of greater than > 10 stds from the mean""], ""cell_value"": """", ""record_value"": """"}"
0,2026-01-29 20:14:25,"{""cell"": [4172, 139], ""error_types"": [""A numerical value was found with a value of greater than > 10 stds from the mean""], ""cell_value"": """", ""record_value"": """"}"
0,2026-01-29 20:14:25,"{""cell"": [704, 140], ""error_types"": [""A numerical value was found with a value of greater than > 10 stds from the mean""], ""cell_value"": """", ""record_value"": """"}"
0,2026-01-29 20:14:25,"{""cell"": [923, 140], ""error_types"": [""A numerical value was found with a value of greater than > 10 stds from the mean""], ""cell_value"": """", ""record_value"": """"}"
0,2026-01-29 20:14:25,"{""cell"": [1418, 140], ""error_types"": [""A numerical value was found with a value of greater than > 10 stds from the mean""], ""cell_value"": """", ""record_value"": """"}"
0,2026-01-29 20:14:25,"{""cell"": [277, 141], ""error_types"": [""A numerical value was found with a value of greater than > 10 stds from the mean""], ""cell_value"": """", ""record_value"": """"}"
0,2026-01-29 20:14:25,"{""cell"": [1099, 141], ""error_types"": [""A numerical value was found with a value of greater than > 10 stds from the mean""], ""cell_value"": """", ""record_value"": """"}"
0,2026-01-29 20:14:25,"{""cell"": [1186, 141], ""error_types"": [""A numerical value was found with a value of greater than > 10 stds from the mean""], ""cell_value"": """", ""record_value"": """"}"
0,2026-01-29 20:14:25,"{""cell"": [2309, 141], ""error_types"": [""A numerical value was found with a value of greater than > 10 stds from the mean""], ""cell_value"": """", ""record_value"": """"}"
0,2026-01-29 20:14:25,"{""cell"": [2439, 141], ""error_types"": [""A numerical value was found with a value of greater than > 10 stds from the mean""], ""cell_value"": """", ""record_value"": """"}"
0,2026-01-29 20:14:25,"{""cell"": [2979, 141], ""error_types"": [""A numerical value was found with a value of greater than > 10 stds from the mean""], ""cell_value"": """", ""record_value"": """"}"
0,2026-01-29 20:14:25,"{""cell"": [3538, 141], ""error_types"": [""A numerical value was found with a value of greater than > 10 stds from the mean""], ""cell_value"": """", ""record_value"": """"}"
0,2026-01-29 20:14:25,"{""cell"": [3931, 141], ""error_types"": [""A numerical value was found with a value of greater than > 10 stds from the mean""], ""cell_value"": """", ""record_value"": """"}"
0,2026-01-29 20:14:25,"{""cell"": [4087, 142], ""error_types"": [""A numerical value was found with a value of greater than > 10 stds from the mean""], ""cell_value"": """", ""record_value"": """"}"
0,2026-01-29 20:14:25,"{""cell"": [1585, 143], ""error_types"": [""A numerical value was found with a value of greater than > 10 stds from the mean""], ""cell_value"": """", ""record_value"": """"}"
0,2026-01-29 20:14:25,"{""cell"": [1644, 143], ""error_types"": [""A numerical value was found with a value of greater than > 10 stds from the mean""], ""cell_value"": """", ""record_value"": """"}"
0,2026-01-29 20:14:25,"{""cell"": [2758, 143], ""error_types"": [""A numerical value was found with a value of greater than > 10 stds from the mean""], ""cell_value"": """", ""record_value"": """"}"
0,2026-01-29 20:14:25,"{""cell"": [276, 144], ""error_types"": [""A numerical value was found with a value of greater than > 10 stds from the mean""], ""cell_value"": """", ""record_value"": """"}"
0,2026-01-29 20:14:25,"{""cell"": [1205, 144], ""error_types"": [""A numerical value was found with a value of greater than > 10 stds from the mean""], ""cell_value"": """", ""record_value"": """"}"
0,2026-01-29 20:14:25,"{""cell"": [1283, 144], ""error_types"": [""A numerical value was found with a value of greater than > 10 stds from the mean""], ""cell_value"": """", ""record_value"": """"}"
0,2026-01-29 20:14:25,"{""cell"": [3492, 144], ""error_types"": [""A numerical value was found with a value of greater than > 10 stds from the mean""], ""cell_value"": """", ""record_value"": """"}"
0,2026-01-29 20:14:25,"{""cell"": [102, 145], ""error_types"": [""A numerical value was found with a value of greater than > 10 stds from the mean""], ""cell_value"": """", ""record_value"": """"}"
0,2026-01-29 20:14:25,"{""cell"": [2688, 145], ""error_types"": [""A numerical value was found with a value of greater than > 10 stds from the mean""], ""cell_value"": """", ""record_value"": """"}"
0,2026-01-29 20:14:25,"{""cell"": [444, 146], ""error_types"": [""A numerical value was found with a value of greater than > 10 stds from the mean""], ""cell_value"": """", ""record_value"": """"}"
0,2026-01-29 20:14:25,"{""cell"": [638, 146], ""error_types"": [""A numerical value was found with a value of greater than > 10 stds from the mean""], ""cell_value"": """", ""record_value"": """"}"
0,2026-01-29 20:14:25,"{""cell"": [4173, 146], ""error_types"": [""A numerical value was found with a value of greater than > 10 stds from the mean""], ""cell_value"": """", ""record_value"": """"}"
0,2026-01-29 20:14:25,"{""cell"": [602, 147], ""error_types"": [""A numerical value was found with a value of greater than > 10 stds from the mean""], ""cell_value"": """", ""record_value"": """"}"
0,2026-01-29 20:14:25,"{""cell"": [1607, 147], ""error_types"": [""A numerical value was found with a value of greater than > 10 stds from the mean""], ""cell_value"": """", ""record_value"": """"}"
0,2026-01-29 20:14:25,"{""cell"": [1716, 147], ""error_types"": [""A numerical value was found with a value of greater than > 10 stds from the mean""], ""cell_value"": """", ""record_value"": """"}"
0,2026-01-29 20:14:25,"{""cell"": [1994, 147], ""error_types"": [""A numerical value was found with a value of greater than > 10 stds from the mean""], ""cell_value"": """", ""record_value"": """"}"
0,2026-01-29 20:14:25,"{""cell"": [3028, 147], ""error_types"": [""A numerical value was found with a value of greater than > 10 stds from the mean""], ""cell_value"": """", ""record_value"": """"}"
0,2026-01-29 20:14:25,"{""cell"": [3544, 147], ""error_types"": [""A numerical value was found with a value of greater than > 10 stds from the mean""], ""cell_value"": """", ""record_value"": """"}"
0,2026-01-29 20:14:25,"{""cell"": [3893, 147], ""error_types"": [""A numerical value was found with a value of greater than > 10 stds from the mean""], ""cell_value"": """", ""record_value"": """"}"
0,2026-01-29 20:14:25,"{""cell"": [227, 148], ""error_types"": [""A numerical value was found with a value of greater than > 10 stds from the mean""], ""cell_value"": """", ""record_value"": """"}"
0,2026-01-29 20:14:25,"{""cell"": [569, 148], ""error_types"": [""A numerical value was found with a value of greater than > 10 stds from the mean""], ""cell_value"": """", ""record_value"": """"}"
0,2026-01-29 20:14:25,"{""cell"": [629, 148], ""error_types"": [""A numerical value was found with a value of greater than > 10 stds from the mean""], ""cell_value"": """", ""record_value"": """"}"
0,2026-01-29 20:14:25,"{""cell"": [3277, 148], ""error_types"": [""A numerical value was found with a value of greater than > 10 stds from the mean""], ""cell_value"": """", ""record_value"": """"}"
0,2026-01-29 20:14:25,"{""cell"": [3333, 148], ""error_types"": [""A numerical value was found with a value of greater than > 10 stds from the mean""], ""cell_value"": """", ""record_value"": """"}"
0,2026-01-29 20:14:25,"{""cell"": [38, 149], ""error_types"": [""A numerical value was found with a value of greater than > 10 stds from the mean""], ""cell_value"": """", ""record_value"": """"}"
0,2026-01-29 20:14:25,"{""cell"": [452, 149], ""error_types"": [""A numerical value was found with a value of greater than > 10 stds from the mean""], ""cell_value"": """", ""record_value"": """"}"
0,2026-01-29 20:14:25,"{""cell"": [1283, 149], ""error_types"": [""A numerical value was found with a value of greater than > 10 stds from the mean""], ""cell_value"": """", ""record_value"": """"}"
0,2026-01-29 20:14:25,"{""cell"": [1340, 149], ""error_types"": [""A numerical value was found with a value of greater than > 10 stds from the mean""], ""cell_value"": """", ""record_value"": """"}"
0,2026-01-29 20:14:25,"{""cell"": [2366, 149], ""error_types"": [""A numerical value was found with a value of greater than > 10 stds from the mean""], ""cell_value"": """", ""record_value"": """"}"
0,2026-01-29 20:14:25,"{""cell"": [2392, 149], ""error_types"": [""A numerical value was found with a value of greater than > 10 stds from the mean""], ""cell_value"": """", ""record_value"": """"}"
0,2026-01-29 20:14:25,"{""cell"": [3057, 149], ""error_types"": [""A numerical value was found with a value of greater than > 10 stds from the mean""], ""cell_value"": """", ""record_value"": """"}"
0,2026-01-29 20:14:25,"{""cell"": [3914, 149], ""error_types"": [""A numerical value was found with a value of greater than > 10 stds from the mean""], ""cell_value"": """", ""record_value"": """"}"
0,2026-01-29 20:14:25,"{""cell"": [4121, 149], ""error_types"": [""A numerical value was found with a value of greater than > 10 stds from the mean""], ""cell_value"": """", ""record_value"": """"}"
0,2026-01-29 20:14:25,"{""cell"": [865, 150], ""error_types"": [""A numerical value was found with a value of greater than > 10 stds from the mean""], ""cell_value"": """", ""record_value"": """"}"
0,2026-01-29 20:14:25,"{""cell"": [1128, 150], ""error_types"": [""A numerical value was found with a value of greater than > 10 stds from the mean""], ""cell_value"": """", ""record_value"": """"}"
0,2026-01-29 20:14:25,"{""cell"": [1350, 150], ""error_types"": [""A numerical value was found with a value of greater than > 10 stds from the mean""], ""cell_value"": """", ""record_value"": """"}"
0,2026-01-29 20:14:25,"{""cell"": [1534, 150], ""error_types"": [""A numerical value was found with a value of greater than > 10 stds from the mean""], ""cell_value"": """", ""record_value"": """"}"
0,2026-01-29 20:14:25,"{""cell"": [2472, 150], ""error_types"": [""A numerical value was found with a value of greater than > 10 stds from the mean""], ""cell_value"": """", ""record_value"": """"}"
0,2026-01-29 20:14:25,"{""cell"": [3179, 150], ""error_types"": [""A numerical value was found with a value of greater than > 10 stds from the mean""], ""cell_value"": """", ""record_value"": """"}"
0,2026-01-29 20:14:25,"{""cell"": [3884, 150], ""error_types"": [""A numerical value was found with a value of greater than > 10 stds from the mean""], ""cell_value"": """", ""record_value"": """"}"
0,2026-01-29 20:14:25,"{""cell"": [4029, 151], ""error_types"": [""A numerical value was found with a value of greater than > 10 stds from the mean""], ""cell_value"": """", ""record_value"": """"}"
0,2026-01-29 20:14:25,"{""cell"": [1388, 152], ""error_types"": [""A numerical value was found with a value of greater than > 10 stds from the mean""], ""cell_value"": """", ""record_value"": """"}"
0,2026-01-29 20:14:25,"{""cell"": [1737, 152], ""error_types"": [""A numerical value was found with a value of greater than > 10 stds from the mean""], ""cell_value"": """", ""record_value"": """"}"
0,2026-01-29 20:14:25,"{""cell"": [2049, 152], ""error_types"": [""A numerical value was found with a value of greater than > 10 stds from the mean""], ""cell_value"": """", ""record_value"": """"}"
0,2026-01-29 20:14:25,"{""cell"": [2197, 152], ""error_types"": [""A numerical value was found with a value of greater than > 10 stds from the mean""], ""cell_value"": """", ""record_value"": """"}"
0,2026-01-29 20:14:25,"{""cell"": [3167, 152], ""error_types"": [""A numerical value was found with a value of greater than > 10 stds from the mean""], ""cell_value"": """", ""record_value"": """"}"
0,2026-01-29 20:14:25,"{""cell"": [3023, 153], ""error_types"": [""A numerical value was found with a value of greater than > 10 stds from the mean""], ""cell_value"": """", ""record_value"": """"}"
0,2026-01-29 20:14:25,"{""cell"": [3419, 153], ""error_types"": [""A numerical value was found with a value of greater than > 10 stds from the mean""], ""cell_value"": """", ""record_value"": """"}"
0,2026-01-29 20:14:25,"{""cell"": [3524, 153], ""error_types"": [""A numerical value was found with a value of greater than > 10 stds from the mean""], ""cell_value"": """", ""record_value"": """"}"
0,2026-01-29 20:14:25,"{""cell"": [4007, 153], ""error_types"": [""A numerical value was found with a value of greater than > 10 stds from the mean""], ""cell_value"": """", ""record_value"": """"}"
0,2026-01-29 20:14:25,"{""cell"": [1229, 154], ""error_types"": [""A numerical value was found with a value of greater than > 10 stds from the mean""], ""cell_value"": """", ""record_value"": """"}"
0,2026-01-29 20:14:25,"{""cell"": [1785, 154], ""error_types"": [""A numerical value was found with a value of greater than > 10 stds from the mean""], ""cell_value"": """", ""record_value"": """"}"
0,2026-01-29 20:14:25,"{""cell"": [1984, 154], ""error_types"": [""A numerical value was found with a value of greater than > 10 stds from the mean""], ""cell_value"": """", ""record_value"": """"}"
0,2026-01-29 20:14:25,"{""cell"": [2417, 154], ""error_types"": [""A numerical value was found with a value of greater than > 10 stds from the mean""], ""cell_value"": """", ""record_value"": """"}"
0,2026-01-29 20:14:25,"{""cell"": [3007, 154], ""error_types"": [""A numerical value was found with a value of greater than > 10 stds from the mean""], ""cell_value"": """", ""record_value"": """"}"
0,2026-01-29 20:14:25,"{""cell"": [412, 155], ""error_types"": [""A numerical value was found with a value of greater than > 10 stds from the mean""], ""cell_value"": """", ""record_value"": """"}"
0,2026-01-29 20:14:25,"{""cell"": [753, 155], ""error_types"": [""A numerical value was found with a value of greater than > 10 stds from the mean""], ""cell_value"": """", ""record_value"": """"}"
0,2026-01-29 20:14:25,"{""cell"": [799, 155], ""error_types"": [""A numerical value was found with a value of greater than > 10 stds from the mean""], ""cell_value"": """", ""record_value"": """"}"
0,2026-01-29 20:14:25,"{""cell"": [966, 155], ""error_types"": [""A numerical value was found with a value of greater than > 10 stds from the mean""], ""cell_value"": """", ""record_value"": """"}"
0,2026-01-29 20:14:25,"{""cell"": [1824, 155], ""error_types"": [""A numerical value was found with a value of greater than > 10 stds from the mean""], ""cell_value"": """", ""record_value"": """"}"
0,2026-01-29 20:14:25,"{""cell"": [2389, 155], ""error_types"": [""A numerical value was found with a value of greater than > 10 stds from the mean""], ""cell_value"": """", ""record_value"": """"}"
0,2026-01-29 20:14:25,"{""cell"": [2560, 155], ""error_types"": [""A numerical value was found with a value of greater than > 10 stds from the mean""], ""cell_value"": """", ""record_value"": """"}"
0,2026-01-29 20:14:25,"{""cell"": [3673, 155], ""error_types"": [""A numerical value was found with a value of greater than > 10 stds from the mean""], ""cell_value"": """", ""record_value"": """"}"
0,2026-01-29 20:14:25,"{""cell"": [3755, 155], ""error_types"": [""A numerical value was found with a value of greater than > 10 stds from the mean""], ""cell_value"": """", ""record_value"": """"}"
0,2026-01-29 20:14:25,"{""cell"": [428, 156], ""error_types"": [""A numerical value was found with a value of greater than > 10 stds from the mean""], ""cell_value"": """", ""record_value"": """"}"
0,2026-01-29 20:14:25,"{""cell"": [488, 156], ""error_types"": [""A numerical value was found with a value of greater than > 10 stds from the mean""], ""cell_value"": """", ""record_value"": """"}"
0,2026-01-29 20:14:25,"{""cell"": [1228, 156], ""error_types"": [""A numerical value was found with a value of greater than > 10 stds from the mean""], ""cell_value"": """", ""record_value"": """"}"
0,2026-01-29 20:14:25,"{""cell"": [1533, 156], ""error_types"": [""A numerical value was found with a value of greater than > 10 stds from the mean""], ""cell_value"": """", ""record_value"": """"}"
0,2026-01-29 20:14:25,"{""cell"": [1536, 156], ""error_types"": [""A numerical value was found with a value of greater than > 10 stds from the mean""], ""cell_value"": """", ""record_value"": """"}"
0,2026-01-29 20:14:25,"{""cell"": [1878, 156], ""error_types"": [""A numerical value was found with a value of greater than > 10 stds from the mean""], ""cell_value"": """", ""record_value"": """"}"
0,2026-01-29 20:14:25,"{""cell"": [2001, 156], ""error_types"": [""A numerical value was found with a value of greater than > 10 stds from the mean""], ""cell_value"": """", ""record_value"": """"}"
0,2026-01-29 20:14:25,"{""cell"": [2647, 156], ""error_types"": [""A numerical value was found with a value of greater than > 10 stds from the mean""], ""cell_value"": """", ""record_value"": """"}"
0,2026-01-29 20:14:25,"{""cell"": [717, 157], ""error_types"": [""A numerical value was found with a value of greater than > 10 stds from the mean""], ""cell_value"": """", ""record_value"": """"}"
0,2026-01-29 20:14:25,"{""cell"": [1924, 157], ""error_types"": [""A numerical value was found with a value of greater than > 10 stds from the mean""], ""cell_value"": """", ""record_value"": """"}"
0,2026-01-29 20:14:25,"{""cell"": [4169, 157], ""error_types"": [""A numerical value was found with a value of greater than > 10 stds from the mean""], ""cell_value"": """", ""record_value"": """"}"
0,2026-01-29 20:14:25,"{""cell"": [2701, 158], ""error_types"": [""A numerical value was found with a value of greater than > 10 stds from the mean""], ""cell_value"": """", ""record_value"": """"}"
0,2026-01-29 20:14:25,"{""cell"": [2769, 158], ""error_types"": [""A numerical value was found with a value of greater than > 10 stds from the mean""], ""cell_value"": """", ""record_value"": """"}"
0,2026-01-29 20:14:25,"{""cell"": [3640, 158], ""error_types"": [""A numerical value was found with a value of greater than > 10 stds from the mean""], ""cell_value"": """", ""record_value"": """"}"
0,2026-01-29 20:14:25,"{""cell"": [1972, 159], ""error_types"": [""A numerical value was found with a value of greater than > 10 stds from the mean""], ""cell_value"": """", ""record_value"": """"}"
0,2026-01-29 20:14:25,"{""cell"": [2331, 159], ""error_types"": [""A numerical value was found with a value of greater than > 10 stds from the mean""], ""cell_value"": """", ""record_value"": """"}"
0,2026-01-29 20:14:25,"{""cell"": [3200, 159], ""error_types"": [""A numerical value was found with a value of greater than > 10 stds from the mean""], ""cell_value"": """", ""record_value"": """"}"
0,2026-01-29 20:14:25,"{""cell"": [1005, 160], ""error_types"": [""A numerical value was found with a value of greater than > 10 stds from the mean""], ""cell_value"": """", ""record_value"": """"}"
0,2026-01-29 20:14:25,"{""cell"": [2880, 160], ""error_types"": [""A numerical value was found with a value of greater than > 10 stds from the mean""], ""cell_value"": """", ""record_value"": """"}"
0,2026-01-29 20:14:25,"{""cell"": [510, 161], ""error_types"": [""A numerical value was found with a value of greater than > 10 stds from the mean""], ""cell_value"": """", ""record_value"": """"}"
0,2026-01-29 20:14:25,"{""cell"": [1767, 161], ""error_types"": [""A numerical value was found with a value of greater than > 10 stds from the mean""], ""cell_value"": """", ""record_value"": """"}"
0,2026-01-29 20:14:25,"{""cell"": [2107, 161], ""error_types"": [""A numerical value was found with a value of greater than > 10 stds from the mean""], ""cell_value"": """", ""record_value"": """"}"
0,2026-01-29 20:14:25,"{""cell"": [3652, 161], ""error_types"": [""A numerical value was found with a value of greater than > 10 stds from the mean""], ""cell_value"": """", ""record_value"": """"}"
0,2026-01-29 20:14:25,"{""cell"": [591, 162], ""error_types"": [""A numerical value was found with a value of greater than > 10 stds from the mean""], ""cell_value"": """", ""record_value"": """"}"
0,2026-01-29 20:14:25,"{""cell"": [913, 162], ""error_types"": [""A numerical value was found with a value of greater than > 10 stds from the mean""], ""cell_value"": """", ""record_value"": """"}"
0,2026-01-29 20:14:25,"{""cell"": [1472, 162], ""error_types"": [""A numerical value was found with a value of greater than > 10 stds from the mean""], ""cell_value"": """", ""record_value"": """"}"
0,2026-01-29 20:14:25,"{""cell"": [1630, 162], ""error_types"": [""A numerical value was found with a value of greater than > 10 stds from the mean""], ""cell_value"": """", ""record_value"": """"}"
0,2026-01-29 20:14:25,"{""cell"": [2382, 162], ""error_types"": [""A numerical value was found with a value of greater than > 10 stds from the mean""], ""cell_value"": """", ""record_value"": """"}"
0,2026-01-29 20:14:25,"{""cell"": [2932, 162], ""error_types"": [""A numerical value was found with a value of greater than > 10 stds from the mean""], ""cell_value"": """", ""record_value"": """"}"
0,2026-01-29 20:14:25,"{""cell"": [3544, 162], ""error_types"": [""A numerical value was found with a value of greater than > 10 stds from the mean""], ""cell_value"": """", ""record_value"": """"}"
0,2026-01-29 20:14:25,"{""cell"": [3694, 162], ""error_types"": [""A numerical value was found with a value of greater than > 10 stds from the mean""], ""cell_value"": """", ""record_value"": """"}"
0,2026-01-29 20:14:25,"{""cell"": [4154, 162], ""error_types"": [""A numerical value was found with a value of greater than > 10 stds from the mean""], ""cell_value"": """", ""record_value"": """"}"
0,2026-01-29 20:14:25,"{""cell"": [2268, 163], ""error_types"": [""A numerical value was found with a value of greater than > 10 stds from the mean""], ""cell_value"": """", ""record_value"": """"}"
0,2026-01-29 20:14:25,"{""cell"": [2511, 163], ""error_types"": [""A numerical value was found with a value of greater than > 10 stds from the mean""], ""cell_value"": """", ""record_value"": """"}"
0,2026-01-29 20:14:25,"{""cell"": [3370, 163], ""error_types"": [""A numerical value was found with a value of greater than > 10 stds from the mean""], ""cell_value"": """", ""record_value"": """"}"
0,2026-01-29 20:14:25,"{""cell"": [3615, 163], ""error_types"": [""A numerical value was found with a value of greater than > 10 stds from the mean""], ""cell_value"": """", ""record_value"": """"}"
0,2026-01-29 20:14:25,"{""cell"": [334, 164], ""error_types"": [""A numerical value was found with a value of greater than > 10 stds from the mean""], ""cell_value"": """", ""record_value"": """"}"
0,2026-01-29 20:14:25,"{""cell"": [1559, 164], ""error_types"": [""A numerical value was found with a value of greater than > 10 stds from the mean""], ""cell_value"": """", ""record_value"": """"}"
0,2026-01-29 20:14:25,"{""cell"": [2343, 164], ""error_types"": [""A numerical value was found with a value of greater than > 10 stds from the mean""], ""cell_value"": """", ""record_value"": """"}"
0,2026-01-29 20:14:25,"{""cell"": [2939, 164], ""error_types"": [""A numerical value was found with a value of greater than > 10 stds from the mean""], ""cell_value"": """", ""record_value"": """"}"
0,2026-01-29 20:14:25,"{""cell"": [3348, 164], ""error_types"": [""A numerical value was found with a value of greater than > 10 stds from the mean""], ""cell_value"": """", ""record_value"": """"}"
0,2026-01-29 20:14:25,"{""cell"": [354, 165], ""error_types"": [""A numerical value was found with a value of greater than > 10 stds from the mean""], ""cell_value"": """", ""record_value"": """"}"
0,2026-01-29 20:14:25,"{""cell"": [836, 165], ""error_types"": [""A numerical value was found with a value of greater than > 10 stds from the mean""], ""cell_value"": """", ""record_value"": """"}"
0,2026-01-29 20:14:25,"{""cell"": [972, 165], ""error_types"": [""A numerical value was found with a value of greater than > 10 stds from the mean""], ""cell_value"": """", ""record_value"": """"}"
0,2026-01-29 20:14:25,"{""cell"": [2448, 165], ""error_types"": [""A numerical value was found with a value of greater than > 10 stds from the mean""], ""cell_value"": """", ""record_value"": """"}"
0,2026-01-29 20:14:25,"{""cell"": [2783, 165], ""error_types"": [""A numerical value was found with a value of greater than > 10 stds from the mean""], ""cell_value"": """", ""record_value"": """"}"
0,2026-01-29 20:14:25,"{""cell"": [2899, 165], ""error_types"": [""A numerical value was found with a value of greater than > 10 stds from the mean""], ""cell_value"": """", ""record_value"": """"}"
0,2026-01-29 20:14:25,"{""cell"": [3072, 165], ""error_types"": [""A numerical value was found with a value of greater than > 10 stds from the mean""], ""cell_value"": """", ""record_value"": """"}"
0,2026-01-29 20:14:25,"{""cell"": [598, 166], ""error_types"": [""A numerical value was found with a value of greater than > 10 stds from the mean""], ""cell_value"": """", ""record_value"": """"}"
0,2026-01-29 20:14:25,"{""cell"": [680, 166], ""error_types"": [""A numerical value was found with a value of greater than > 10 stds from the mean""], ""cell_value"": """", ""record_value"": """"}"
0,2026-01-29 20:14:25,"{""cell"": [1043, 166], ""error_types"": [""A numerical value was found with a value of greater than > 10 stds from the mean""], ""cell_value"": """", ""record_value"": """"}"
0,2026-01-29 20:14:25,"{""cell"": [1843, 166], ""error_types"": [""A numerical value was found with a value of greater than > 10 stds from the mean""], ""cell_value"": """", ""record_value"": """"}"
0,2026-01-29 20:14:25,"{""cell"": [127, 167], ""error_types"": [""A numerical value was found with a value of greater than > 10 stds from the mean""], ""cell_value"": """", ""record_value"": """"}"
0,2026-01-29 20:14:25,"{""cell"": [756, 167], ""error_types"": [""A numerical value was found with a value of greater than > 10 stds from the mean""], ""cell_value"": """", ""record_value"": """"}"
0,2026-01-29 20:14:25,"{""cell"": [985, 167], ""error_types"": [""A numerical value was found with a value of greater than > 10 stds from the mean""], ""cell_value"": """", ""record_value"": """"}"
0,2026-01-29 20:14:25,"{""cell"": [1516, 167], ""error_types"": [""A numerical value was found with a value of greater than > 10 stds from the mean""], ""cell_value"": """", ""record_value"": """"}"
0,2026-01-29 20:14:25,"{""cell"": [2058, 167], ""error_types"": [""A numerical value was found with a value of greater than > 10 stds from the mean""], ""cell_value"": """", ""record_value"": """"}"
0,2026-01-29 20:14:25,"{""cell"": [2074, 167], ""error_types"": [""A numerical value was found with a value of greater than > 10 stds from the mean""], ""cell_value"": """", ""record_value"": """"}"
0,2026-01-29 20:14:25,"{""cell"": [2169, 167], ""error_types"": [""A numerical value was found with a value of greater than > 10 stds from the mean""], ""cell_value"": """", ""record_value"": """"}"
0,2026-01-29 20:14:25,"{""cell"": [2631, 167], ""error_types"": [""A numerical value was found with a value of greater than > 10 stds from the mean""], ""cell_value"": """", ""record_value"": """"}"
0,2026-01-29 20:14:25,"{""cell"": [2652, 167], ""error_types"": [""A numerical value was found with a value of greater than > 10 stds from the mean""], ""cell_value"": """", ""record_value"": """"}"
0,2026-01-29 20:14:25,"{""cell"": [2716, 167], ""error_types"": [""A numerical value was found with a value of greater than > 10 stds from the mean""], ""cell_value"": """", ""record_value"": """"}"
0,2026-01-29 20:14:25,"{""cell"": [3350, 167], ""error_types"": [""A numerical value was found with a value of greater than > 10 stds from the mean""], ""cell_value"": """", ""record_value"": """"}"
0,2026-01-29 20:14:26,"{""cell"": [337, 168], ""error_types"": [""A numerical value was found with a value of greater than > 10 stds from the mean""], ""cell_value"": """", ""record_value"": """"}"
0,2026-01-29 20:14:26,"{""cell"": [972, 168], ""error_types"": [""A numerical value was found with a value of greater than > 10 stds from the mean""], ""cell_value"": """", ""record_value"": """"}"
0,2026-01-29 20:14:26,"{""cell"": [2141, 168], ""error_types"": [""A numerical value was found with a value of greater than > 10 stds from the mean""], ""cell_value"": """", ""record_value"": """"}"
0,2026-01-29 20:14:26,"{""cell"": [2793, 168], ""error_types"": [""A numerical value was found with a value of greater than > 10 stds from the mean""], ""cell_value"": """", ""record_value"": """"}"
0,2026-01-29 20:14:26,"{""cell"": [1160, 169], ""error_types"": [""A numerical value was found with a value of greater than > 10 stds from the mean""], ""cell_value"": """", ""record_value"": """"}"
0,2026-01-29 20:14:26,"{""cell"": [1376, 169], ""error_types"": [""A numerical value was found with a value of greater than > 10 stds from the mean""], ""cell_value"": """", ""record_value"": """"}"
0,2026-01-29 20:14:26,"{""cell"": [1637, 169], ""error_types"": [""A numerical value was found with a value of greater than > 10 stds from the mean""], ""cell_value"": """", ""record_value"": """"}"
0,2026-01-29 20:14:26,"{""cell"": [1718, 169], ""error_types"": [""A numerical value was found with a value of greater than > 10 stds from the mean""], ""cell_value"": """", ""record_value"": """"}"
0,2026-01-29 20:14:26,"{""cell"": [2288, 169], ""error_types"": [""A numerical value was found with a value of greater than > 10 stds from the mean""], ""cell_value"": """", ""record_value"": """"}"
0,2026-01-29 20:14:26,"{""cell"": [2410, 169], ""error_types"": [""A numerical value was found with a value of greater than > 10 stds from the mean""], ""cell_value"": """", ""record_value"": """"}"
0,2026-01-29 20:14:26,"{""cell"": [3153, 169], ""error_types"": [""A numerical value was found with a value of greater than > 10 stds from the mean""], ""cell_value"": """", ""record_value"": """"}"
0,2026-01-29 20:14:26,"{""cell"": [477, 170], ""error_types"": [""A numerical value was found with a value of greater than > 10 stds from the mean""], ""cell_value"": """", ""record_value"": """"}"
0,2026-01-29 20:14:26,"{""cell"": [2228, 170], ""error_types"": [""A numerical value was found with a value of greater than > 10 stds from the mean""], ""cell_value"": """", ""record_value"": """"}"
0,2026-01-29 20:14:26,"{""cell"": [2477, 170], ""error_types"": [""A numerical value was found with a value of greater than > 10 stds from the mean""], ""cell_value"": """", ""record_value"": """"}"
0,2026-01-29 20:14:26,"{""cell"": [2774, 170], ""error_types"": [""A numerical value was found with a value of greater than > 10 stds from the mean""], ""cell_value"": """", ""record_value"": """"}"
0,2026-01-29 20:14:26,"{""cell"": [2905, 170], ""error_types"": [""A numerical value was found with a value of greater than > 10 stds from the mean""], ""cell_value"": """", ""record_value"": """"}"
0,2026-01-29 20:14:26,"{""cell"": [603, 171], ""error_types"": [""A numerical value was found with a value of greater than > 10 stds from the mean""], ""cell_value"": """", ""record_value"": """"}"
0,2026-01-29 20:14:26,"{""cell"": [2574, 171], ""error_types"": [""A numerical value was found with a value of greater than > 10 stds from the mean""], ""cell_value"": """", ""record_value"": """"}"
0,2026-01-29 20:14:26,"{""cell"": [3558, 171], ""error_types"": [""A numerical value was found with a value of greater than > 10 stds from the mean""], ""cell_value"": """", ""record_value"": """"}"
0,2026-01-29 20:14:26,"{""cell"": [899, 172], ""error_types"": [""A numerical value was found with a value of greater than > 10 stds from the mean""], ""cell_value"": """", ""record_value"": """"}"
0,2026-01-29 20:14:26,"{""cell"": [1253, 172], ""error_types"": [""A numerical value was found with a value of greater than > 10 stds from the mean""], ""cell_value"": """", ""record_value"": """"}"
0,2026-01-29 20:14:26,"{""cell"": [356, 173], ""error_types"": [""A numerical value was found with a value of greater than > 10 stds from the mean""], ""cell_value"": """", ""record_value"": """"}"
0,2026-01-29 20:14:26,"{""cell"": [1809, 173], ""error_types"": [""A numerical value was found with a value of greater than > 10 stds from the mean""], ""cell_value"": """", ""record_value"": """"}"
0,2026-01-29 20:14:26,"{""cell"": [2938, 173], ""error_types"": [""A numerical value was found with a value of greater than > 10 stds from the mean""], ""cell_value"": """", ""record_value"": """"}"
0,2026-01-29 20:14:26,"{""cell"": [3314, 173], ""error_types"": [""A numerical value was found with a value of greater than > 10 stds from the mean""], ""cell_value"": """", ""record_value"": """"}"
0,2026-01-29 20:14:26,"{""cell"": [551, 174], ""error_types"": [""A numerical value was found with a value of greater than > 10 stds from the mean""], ""cell_value"": """", ""record_value"": """"}"
0,2026-01-29 20:14:26,"{""cell"": [2505, 174], ""error_types"": [""A numerical value was found with a value of greater than > 10 stds from the mean""], ""cell_value"": """", ""record_value"": """"}"
0,2026-01-29 20:14:26,"{""cell"": [3531, 174], ""error_types"": [""A numerical value was found with a value of greater than > 10 stds from the mean""], ""cell_value"": """", ""record_value"": """"}"
0,2026-01-29 20:14:26,"{""cell"": [4098, 174], ""error_types"": [""A numerical value was found with a value of greater than > 10 stds from the mean""], ""cell_value"": """", ""record_value"": """"}"
0,2026-01-29 20:14:26,"{""cell"": [1085, 175], ""error_types"": [""A numerical value was found with a value of greater than > 10 stds from the mean""], ""cell_value"": """", ""record_value"": """"}"
0,2026-01-29 20:14:26,"{""cell"": [1115, 175], ""error_types"": [""A numerical value was found with a value of greater than > 10 stds from the mean""], ""cell_value"": """", ""record_value"": """"}"
0,2026-01-29 20:14:26,"{""cell"": [1876, 175], ""error_types"": [""A numerical value was found with a value of greater than > 10 stds from the mean""], ""cell_value"": """", ""record_value"": """"}"
0,2026-01-29 20:14:26,"{""cell"": [3382, 175], ""error_types"": [""A numerical value was found with a value of greater than > 10 stds from the mean""], ""cell_value"": """", ""record_value"": """"}"
0,2026-01-29 20:14:26,"{""cell"": [508, 176], ""error_types"": [""A numerical value was found with a value of greater than > 10 stds from the mean""], ""cell_value"": """", ""record_value"": """"}"
0,2026-01-29 20:14:26,"{""cell"": [1395, 176], ""error_types"": [""A numerical value was found with a value of greater than > 10 stds from the mean""], ""cell_value"": """", ""record_value"": """"}"
0,2026-01-29 20:14:26,"{""cell"": [3075, 176], ""error_types"": [""A numerical value was found with a value of greater than > 10 stds from the mean""], ""cell_value"": """", ""record_value"": """"}"
0,2026-01-29 20:14:26,"{""cell"": [3249, 176], ""error_types"": [""A numerical value was found with a value of greater than > 10 stds from the mean""], ""cell_value"": """", ""record_value"": """"}"
0,2026-01-29 20:14:26,"{""cell"": [3439, 177], ""error_types"": [""A numerical value was found with a value of greater than > 10 stds from the mean""], ""cell_value"": """", ""record_value"": """"}"
0,2026-01-29 20:14:26,"{""cell"": [3610, 177], ""error_types"": [""A numerical value was found with a value of greater than > 10 stds from the mean""], ""cell_value"": """", ""record_value"": """"}"
0,2026-01-29 20:14:26,"{""cell"": [4164, 177], ""error_types"": [""A numerical value was found with a value of greater than > 10 stds from the mean""], ""cell_value"": """", ""record_value"": """"}"
0,2026-01-29 20:14:26,"{""cell"": [543, 178], ""error_types"": [""A numerical value was found with a value of greater than > 10 stds from the mean""], ""cell_value"": """", ""record_value"": """"}"
0,2026-01-29 20:14:26,"{""cell"": [920, 178], ""error_types"": [""A numerical value was found with a value of greater than > 10 stds from the mean""], ""cell_value"": """", ""record_value"": """"}"
0,2026-01-29 20:14:26,"{""cell"": [1479, 178], ""error_types"": [""A numerical value was found with a value of greater than > 10 stds from the mean""], ""cell_value"": """", ""record_value"": """"}"
0,2026-01-29 20:14:26,"{""cell"": [1587, 178], ""error_types"": [""A numerical value was found with a value of greater than > 10 stds from the mean""], ""cell_value"": """", ""record_value"": """"}"
0,2026-01-29 20:14:26,"{""cell"": [1835, 178], ""error_types"": [""A numerical value was found with a value of greater than > 10 stds from the mean""], ""cell_value"": """", ""record_value"": """"}"
0,2026-01-29 20:14:26,"{""cell"": [2567, 178], ""error_types"": [""A numerical value was found with a value of greater than > 10 stds from the mean""], ""cell_value"": """", ""record_value"": """"}"
0,2026-01-29 20:14:26,"{""cell"": [2760, 178], ""error_types"": [""A numerical value was found with a value of greater than > 10 stds from the mean""], ""cell_value"": """", ""record_value"": """"}"
0,2026-01-29 20:14:26,"{""cell"": [3721, 178], ""error_types"": [""A numerical value was found with a value of greater than > 10 stds from the mean""], ""cell_value"": """", ""record_value"": """"}"
0,2026-01-29 20:14:26,"{""cell"": [3854, 178], ""error_types"": [""A numerical value was found with a value of greater than > 10 stds from the mean""], ""cell_value"": """", ""record_value"": """"}"
0,2026-01-29 20:14:26,"{""cell"": [0, 179], ""error_types"": [""A numerical value was found with a value of greater than > 10 stds from the mean""], ""cell_value"": """", ""record_value"": """"}"
0,2026-01-29 20:14:26,"{""cell"": [313, 179], ""error_types"": [""A numerical value was found with a value of greater than > 10 stds from the mean""], ""cell_value"": """", ""record_value"": """"}"
0,2026-01-29 20:14:26,"{""cell"": [429, 179], ""error_types"": [""A numerical value was found with a value of greater than > 10 stds from the mean""], ""cell_value"": """", ""record_value"": """"}"
0,2026-01-29 20:14:26,"{""cell"": [450, 179], ""error_types"": [""A numerical value was found with a value of greater than > 10 stds from the mean""], ""cell_value"": """", ""record_value"": """"}"
0,2026-01-29 20:14:26,"{""cell"": [1264, 179], ""error_types"": [""A numerical value was found with a value of greater than > 10 stds from the mean""], ""cell_value"": """", ""record_value"": """"}"
0,2026-01-29 20:14:26,"{""cell"": [1322, 179], ""error_types"": [""A numerical value was found with a value of greater than > 10 stds from the mean""], ""cell_value"": """", ""record_value"": """"}"
0,2026-01-29 20:14:26,"{""cell"": [1511, 179], ""error_types"": [""A numerical value was found with a value of greater than > 10 stds from the mean""], ""cell_value"": """", ""record_value"": """"}"
0,2026-01-29 20:14:26,"{""cell"": [1513, 179], ""error_types"": [""A numerical value was found with a value of greater than > 10 stds from the mean""], ""cell_value"": """", ""record_value"": """"}"
0,2026-01-29 20:14:26,"{""cell"": [1625, 179], ""error_types"": [""A numerical value was found with a value of greater than > 10 stds from the mean""], ""cell_value"": """", ""record_value"": """"}"
0,2026-01-29 20:14:26,"{""cell"": [1680, 179], ""error_types"": [""A numerical value was found with a value of greater than > 10 stds from the mean""], ""cell_value"": """", ""record_value"": """"}"
0,2026-01-29 20:14:26,"{""cell"": [1868, 179], ""error_types"": [""A numerical value was found with a value of greater than > 10 stds from the mean""], ""cell_value"": """", ""record_value"": """"}"
0,2026-01-29 20:14:26,"{""cell"": [3645, 179], ""error_types"": [""A numerical value was found with a value of greater than > 10 stds from the mean""], ""cell_value"": """", ""record_value"": """"}"
0,2026-01-29 20:14:26,"{""cell"": [1233, 180], ""error_types"": [""A numerical value was found with a value of greater than > 10 stds from the mean""], ""cell_value"": """", ""record_value"": """"}"
0,2026-01-29 20:14:26,"{""cell"": [2840, 180], ""error_types"": [""A numerical value was found with a value of greater than > 10 stds from the mean""], ""cell_value"": """", ""record_value"": """"}"
0,2026-01-29 20:14:26,"{""cell"": [418, 181], ""error_types"": [""A numerical value was found with a value of greater than > 10 stds from the mean""], ""cell_value"": """", ""record_value"": """"}"
0,2026-01-29 20:14:26,"{""cell"": [690, 181], ""error_types"": [""A numerical value was found with a value of greater than > 10 stds from the mean""], ""cell_value"": """", ""record_value"": """"}"
0,2026-01-29 20:14:26,"{""cell"": [2244, 181], ""error_types"": [""A numerical value was found with a value of greater than > 10 stds from the mean""], ""cell_value"": """", ""record_value"": """"}"
0,2026-01-29 20:14:26,"{""cell"": [3516, 181], ""error_types"": [""A numerical value was found with a value of greater than > 10 stds from the mean""], ""cell_value"": """", ""record_value"": """"}"
0,2026-01-29 20:14:26,"{""cell"": [1203, 182], ""error_types"": [""A numerical value was found with a value of greater than > 10 stds from the mean""], ""cell_value"": """", ""record_value"": """"}"
0,2026-01-29 20:14:26,"{""cell"": [1313, 182], ""error_types"": [""A numerical value was found with a value of greater than > 10 stds from the mean""], ""cell_value"": """", ""record_value"": """"}"
0,2026-01-29 20:14:26,"{""cell"": [3519, 182], ""error_types"": [""A numerical value was found with a value of greater than > 10 stds from the mean""], ""cell_value"": """", ""record_value"": """"}"
0,2026-01-29 20:14:26,"{""cell"": [3612, 182], ""error_types"": [""A numerical value was found with a value of greater than > 10 stds from the mean""], ""cell_value"": """", ""record_value"": """"}"
0,2026-01-29 20:14:26,"{""cell"": [2178, 183], ""error_types"": [""A numerical value was found with a value of greater than > 10 stds from the mean""], ""cell_value"": """", ""record_value"": """"}"
0,2026-01-29 20:14:26,"{""cell"": [2939, 183], ""error_types"": [""A numerical value was found with a value of greater than > 10 stds from the mean""], ""cell_value"": """", ""record_value"": """"}"
0,2026-01-29 20:14:26,"{""cell"": [3017, 183], ""error_types"": [""A numerical value was found with a value of greater than > 10 stds from the mean""], ""cell_value"": """", ""record_value"": """"}"
0,2026-01-29 20:14:26,"{""cell"": [4122, 183], ""error_types"": [""A numerical value was found with a value of greater than > 10 stds from the mean""], ""cell_value"": """", ""record_value"": """"}"
0,2026-01-29 20:14:26,"{""cell"": [594, 184], ""error_types"": [""A numerical value was found with a value of greater than > 10 stds from the mean""], ""cell_value"": """", ""record_value"": """"}"
0,2026-01-29 20:14:26,"{""cell"": [796, 184], ""error_types"": [""A numerical value was found with a value of greater than > 10 stds from the mean""], ""cell_value"": """", ""record_value"": """"}"
0,2026-01-29 20:14:26,"{""cell"": [1160, 184], ""error_types"": [""A numerical value was found with a value of greater than > 10 stds from the mean""], ""cell_value"": """", ""record_value"": """"}"
0,2026-01-29 20:14:26,"{""cell"": [1525, 184], ""error_types"": [""A numerical value was found with a value of greater than > 10 stds from the mean""], ""cell_value"": """", ""record_value"": """"}"
0,2026-01-29 20:14:26,"{""cell"": [2492, 184], ""error_types"": [""A numerical value was found with a value of greater than > 10 stds from the mean""], ""cell_value"": """", ""record_value"": """"}"
0,2026-01-29 20:14:26,"{""cell"": [2655, 184], ""error_types"": [""A numerical value was found with a value of greater than > 10 stds from the mean""], ""cell_value"": """", ""record_value"": """"}"
0,2026-01-29 20:14:26,"{""cell"": [2735, 184], ""error_types"": [""A numerical value was found with a value of greater than > 10 stds from the mean""], ""cell_value"": """", ""record_value"": """"}"
0,2026-01-29 20:14:26,"{""cell"": [3414, 184], ""error_types"": [""A numerical value was found with a value of greater than > 10 stds from the mean""], ""cell_value"": """", ""record_value"": """"}"
0,2026-01-29 20:14:26,"{""cell"": [3522, 184], ""error_types"": [""A numerical value was found with a value of greater than > 10 stds from the mean""], ""cell_value"": """", ""record_value"": """"}"
0,2026-01-29 20:14:26,"{""cell"": [500, 185], ""error_types"": [""A numerical value was found with a value of greater than > 10 stds from the mean""], ""cell_value"": """", ""record_value"": """"}"
0,2026-01-29 20:14:26,"{""cell"": [1458, 185], ""error_types"": [""A numerical value was found with a value of greater than > 10 stds from the mean""], ""cell_value"": """", ""record_value"": """"}"
0,2026-01-29 20:14:26,"{""cell"": [2446, 185], ""error_types"": [""A numerical value was found with a value of greater than > 10 stds from the mean""], ""cell_value"": """", ""record_value"": """"}"
0,2026-01-29 20:14:26,"{""cell"": [3438, 185], ""error_types"": [""A numerical value was found with a value of greater than > 10 stds from the mean""], ""cell_value"": """", ""record_value"": """"}"
0,2026-01-29 20:14:26,"{""cell"": [3756, 185], ""error_types"": [""A numerical value was found with a value of greater than > 10 stds from the mean""], ""cell_value"": """", ""record_value"": """"}"
0,2026-01-29 20:14:26,"{""cell"": [1002, 186], ""error_types"": [""A numerical value was found with a value of greater than > 10 stds from the mean""], ""cell_value"": """", ""record_value"": """"}"
0,2026-01-29 20:14:26,"{""cell"": [1788, 186], ""error_types"": [""A numerical value was found with a value of greater than > 10 stds from the mean""], ""cell_value"": """", ""record_value"": """"}"
0,2026-01-29 20:14:26,"{""cell"": [2360, 186], ""error_types"": [""A numerical value was found with a value of greater than > 10 stds from the mean""], ""cell_value"": """", ""record_value"": """"}"
0,2026-01-29 20:14:26,"{""cell"": [3404, 186], ""error_types"": [""A numerical value was found with a value of greater than > 10 stds from the mean""], ""cell_value"": """", ""record_value"": """"}"
0,2026-01-29 20:14:26,"{""cell"": [3694, 186], ""error_types"": [""A numerical value was found with a value of greater than > 10 stds from the mean""], ""cell_value"": """", ""record_value"": """"}"
0,2026-01-29 20:14:26,"{""cell"": [772, 187], ""error_types"": [""A numerical value was found with a value of greater than > 10 stds from the mean""], ""cell_value"": """", ""record_value"": """"}"
0,2026-01-29 20:14:26,"{""cell"": [1072, 187], ""error_types"": [""A numerical value was found with a value of greater than > 10 stds from the mean""], ""cell_value"": """", ""record_value"": """"}"
0,2026-01-29 20:14:26,"{""cell"": [3108, 187], ""error_types"": [""A numerical value was found with a value of greater than > 10 stds from the mean""], ""cell_value"": """", ""record_value"": """"}"
0,2026-01-29 20:14:26,"{""cell"": [3325, 187], ""error_types"": [""A numerical value was found with a value of greater than > 10 stds from the mean""], ""cell_value"": """", ""record_value"": """"}"
0,2026-01-29 20:14:26,"{""cell"": [486, 188], ""error_types"": [""A numerical value was found with a value of greater than > 10 stds from the mean""], ""cell_value"": """", ""record_value"": """"}"
0,2026-01-29 20:14:26,"{""cell"": [3666, 188], ""error_types"": [""A numerical value was found with a value of greater than > 10 stds from the mean""], ""cell_value"": """", ""record_value"": """"}"
0,2026-01-29 20:14:26,"{""cell"": [3946, 188], ""error_types"": [""A numerical value was found with a value of greater than > 10 stds from the mean""], ""cell_value"": """", ""record_value"": """"}"
0,2026-01-29 20:14:26,"{""cell"": [199, 189], ""error_types"": [""A numerical value was found with a value of greater than > 10 stds from the mean""], ""cell_value"": """", ""record_value"": """"}"
0,2026-01-29 20:14:26,"{""cell"": [506, 189], ""error_types"": [""A numerical value was found with a value of greater than > 10 stds from the mean""], ""cell_value"": """", ""record_value"": """"}"
0,2026-01-29 20:14:26,"{""cell"": [800, 189], ""error_types"": [""A numerical value was found with a value of greater than > 10 stds from the mean""], ""cell_value"": """", ""record_value"": """"}"
0,2026-01-29 20:14:26,"{""cell"": [1301, 189], ""error_types"": [""A numerical value was found with a value of greater than > 10 stds from the mean""], ""cell_value"": """", ""record_value"": """"}"
0,2026-01-29 20:14:26,"{""cell"": [2117, 189], ""error_types"": [""A numerical value was found with a value of greater than > 10 stds from the mean""], ""cell_value"": """", ""record_value"": """"}"
0,2026-01-29 20:14:26,"{""cell"": [3445, 189], ""error_types"": [""A numerical value was found with a value of greater than > 10 stds from the mean""], ""cell_value"": """", ""record_value"": """"}"
0,2026-01-29 20:14:26,"{""cell"": [3488, 189], ""error_types"": [""A numerical value was found with a value of greater than > 10 stds from the mean""], ""cell_value"": """", ""record_value"": """"}"
0,2026-01-29 20:14:26,"{""cell"": [3873, 189], ""error_types"": [""A numerical value was found with a value of greater than > 10 stds from the mean""], ""cell_value"": """", ""record_value"": """"}"
0,2026-01-29 20:14:26,"{""cell"": [402, 190], ""error_types"": [""A numerical value was found with a value of greater than > 10 stds from the mean""], ""cell_value"": """", ""record_value"": """"}"
0,2026-01-29 20:14:26,"{""cell"": [576, 190], ""error_types"": [""A numerical value was found with a value of greater than > 10 stds from the mean""], ""cell_value"": """", ""record_value"": """"}"
0,2026-01-29 20:14:26,"{""cell"": [1341, 190], ""error_types"": [""A numerical value was found with a value of greater than > 10 stds from the mean""], ""cell_value"": """", ""record_value"": """"}"
0,2026-01-29 20:14:26,"{""cell"": [2286, 190], ""error_types"": [""A numerical value was found with a value of greater than > 10 stds from the mean""], ""cell_value"": """", ""record_value"": """"}"
0,2026-01-29 20:14:26,"{""cell"": [2397, 190], ""error_types"": [""A numerical value was found with a value of greater than > 10 stds from the mean""], ""cell_value"": """", ""record_value"": """"}"
0,2026-01-29 20:14:26,"{""cell"": [2514, 190], ""error_types"": [""A numerical value was found with a value of greater than > 10 stds from the mean""], ""cell_value"": """", ""record_value"": """"}"
0,2026-01-29 20:14:26,"{""cell"": [3615, 190], ""error_types"": [""A numerical value was found with a value of greater than > 10 stds from the mean""], ""cell_value"": """", ""record_value"": """"}"
0,2026-01-29 20:14:26,"{""cell"": [4094, 190], ""error_types"": [""A numerical value was found with a value of greater than > 10 stds from the mean""], ""cell_value"": """", ""record_value"": """"}"
0,2026-01-29 20:14:26,"{""cell"": [4134, 190], ""error_types"": [""A numerical value was found with a value of greater than > 10 stds from the mean""], ""cell_value"": """", ""record_value"": """"}"
0,2026-01-29 20:14:26,"{""cell"": [279, 191], ""error_types"": [""A numerical value was found with a value of greater than > 10 stds from the mean""], ""cell_value"": """", ""record_value"": """"}"
0,2026-01-29 20:14:26,"{""cell"": [915, 191], ""error_types"": [""A numerical value was found with a value of greater than > 10 stds from the mean""], ""cell_value"": """", ""record_value"": """"}"
0,2026-01-29 20:14:26,"{""cell"": [1981, 191], ""error_types"": [""A numerical value was found with a value of greater than > 10 stds from the mean""], ""cell_value"": """", ""record_value"": """"}"
0,2026-01-29 20:14:26,"{""cell"": [2557, 191], ""error_types"": [""A numerical value was found with a value of greater than > 10 stds from the mean""], ""cell_value"": """", ""record_value"": """"}"
0,2026-01-29 20:14:26,"{""cell"": [2619, 191], ""error_types"": [""A numerical value was found with a value of greater than > 10 stds from the mean""], ""cell_value"": """", ""record_value"": """"}"
0,2026-01-29 20:14:26,"{""cell"": [2718, 191], ""error_types"": [""A numerical value was found with a value of greater than > 10 stds from the mean""], ""cell_value"": """", ""record_value"": """"}"
0,2026-01-29 20:14:26,"{""cell"": [3038, 191], ""error_types"": [""A numerical value was found with a value of greater than > 10 stds from the mean""], ""cell_value"": """", ""record_value"": """"}"
0,2026-01-29 20:14:26,"{""cell"": [3108, 191], ""error_types"": [""A numerical value was found with a value of greater than > 10 stds from the mean""], ""cell_value"": """", ""record_value"": """"}"
0,2026-01-29 20:14:26,"{""cell"": [3506, 191], ""error_types"": [""A numerical value was found with a value of greater than > 10 stds from the mean""], ""cell_value"": """", ""record_value"": """"}"
0,2026-01-29 20:14:26,"{""cell"": [165, 192], ""error_types"": [""A numerical value was found with a value of greater than > 10 stds from the mean""], ""cell_value"": """", ""record_value"": """"}"
0,2026-01-29 20:14:26,"{""cell"": [1166, 192], ""error_types"": [""A numerical value was found with a value of greater than > 10 stds from the mean""], ""cell_value"": """", ""record_value"": """"}"
0,2026-01-29 20:14:26,"{""cell"": [2324, 192], ""error_types"": [""A numerical value was found with a value of greater than > 10 stds from the mean""], ""cell_value"": """", ""record_value"": """"}"
0,2026-01-29 20:14:26,"{""cell"": [2609, 192], ""error_types"": [""A numerical value was found with a value of greater than > 10 stds from the mean""], ""cell_value"": """", ""record_value"": """"}"
0,2026-01-29 20:14:26,"{""cell"": [167, 193], ""error_types"": [""A numerical value was found with a value of greater than > 10 stds from the mean""], ""cell_value"": """", ""record_value"": """"}"
0,2026-01-29 20:14:26,"{""cell"": [734, 193], ""error_types"": [""A numerical value was found with a value of greater than > 10 stds from the mean""], ""cell_value"": """", ""record_value"": """"}"
0,2026-01-29 20:14:26,"{""cell"": [3107, 193], ""error_types"": [""A numerical value was found with a value of greater than > 10 stds from the mean""], ""cell_value"": """", ""record_value"": """"}"
0,2026-01-29 20:14:26,"{""cell"": [3302, 193], ""error_types"": [""A numerical value was found with a value of greater than > 10 stds from the mean""], ""cell_value"": """", ""record_value"": """"}"
0,2026-01-29 20:14:26,"{""cell"": [3629, 193], ""error_types"": [""A numerical value was found with a value of greater than > 10 stds from the mean""], ""cell_value"": """", ""record_value"": """"}"
0,2026-01-29 20:14:26,"{""cell"": [1416, 194], ""error_types"": [""A numerical value was found with a value of greater than > 10 stds from the mean""], ""cell_value"": """", ""record_value"": """"}"
0,2026-01-29 20:14:26,"{""cell"": [1477, 194], ""error_types"": [""A numerical value was found with a value of greater than > 10 stds from the mean""], ""cell_value"": """", ""record_value"": """"}"
0,2026-01-29 20:14:26,"{""cell"": [1635, 194], ""error_types"": [""A numerical value was found with a value of greater than > 10 stds from the mean""], ""cell_value"": """", ""record_value"": """"}"
0,2026-01-29 20:14:26,"{""cell"": [2691, 194], ""error_types"": [""A numerical value was found with a value of greater than > 10 stds from the mean""], ""cell_value"": """", ""record_value"": """"}"
0,2026-01-29 20:14:26,"{""cell"": [1096, 195], ""error_types"": [""A numerical value was found with a value of greater than > 10 stds from the mean""], ""cell_value"": """", ""record_value"": """"}"
0,2026-01-29 20:14:26,"{""cell"": [1621, 195], ""error_types"": [""A numerical value was found with a value of greater than > 10 stds from the mean""], ""cell_value"": """", ""record_value"": """"}"
0,2026-01-29 20:14:26,"{""cell"": [1954, 195], ""error_types"": [""A numerical value was found with a value of greater than > 10 stds from the mean""], ""cell_value"": """", ""record_value"": """"}"
0,2026-01-29 20:14:26,"{""cell"": [2539, 195], ""error_types"": [""A numerical value was found with a value of greater than > 10 stds from the mean""], ""cell_value"": """", ""record_value"": """"}"
0,2026-01-29 20:14:26,"{""cell"": [2649, 195], ""error_types"": [""A numerical value was found with a value of greater than > 10 stds from the mean""], ""cell_value"": """", ""record_value"": """"}"
0,2026-01-29 20:14:26,"{""cell"": [3747, 195], ""error_types"": [""A numerical value was found with a value of greater than > 10 stds from the mean""], ""cell_value"": """", ""record_value"": """"}"
0,2026-01-29 20:14:26,"{""cell"": [316, 196], ""error_types"": [""A numerical value was found with a value of greater than > 10 stds from the mean""], ""cell_value"": """", ""record_value"": """"}"
0,2026-01-29 20:14:26,"{""cell"": [2035, 196], ""error_types"": [""A numerical value was found with a value of greater than > 10 stds from the mean""], ""cell_value"": """", ""record_value"": """"}"
0,2026-01-29 20:14:26,"{""cell"": [3882, 196], ""error_types"": [""A numerical value was found with a value of greater than > 10 stds from the mean""], ""cell_value"": """", ""record_value"": """"}"
0,2026-01-29 20:14:26,"{""cell"": [0, 197], ""error_types"": [""A numerical value was found with a value of greater than > 10 stds from the mean""], ""cell_value"": """", ""record_value"": """"}"
0,2026-01-29 20:14:26,"{""cell"": [859, 197], ""error_types"": [""A numerical value was found with a value of greater than > 10 stds from the mean""], ""cell_value"": """", ""record_value"": """"}"
0,2026-01-29 20:14:26,"{""cell"": [1607, 197], ""error_types"": [""A numerical value was found with a value of greater than > 10 stds from the mean""], ""cell_value"": """", ""record_value"": """"}"
0,2026-01-29 20:14:26,"{""cell"": [1688, 197], ""error_types"": [""A numerical value was found with a value of greater than > 10 stds from the mean""], ""cell_value"": """", ""record_value"": """"}"
0,2026-01-29 20:14:26,"{""cell"": [1918, 197], ""error_types"": [""A numerical value was found with a value of greater than > 10 stds from the mean""], ""cell_value"": """", ""record_value"": """"}"
0,2026-01-29 20:14:27,"{""cell"": [0, 198], ""error_types"": [""A numerical value was found with a value of greater than > 10 stds from the mean""], ""cell_value"": """", ""record_value"": """"}"
0,2026-01-29 20:14:27,"{""cell"": [575, 198], ""error_types"": [""A numerical value was found with a value of greater than > 10 stds from the mean""], ""cell_value"": """", ""record_value"": """"}"
0,2026-01-29 20:14:27,"{""cell"": [807, 198], ""error_types"": [""A numerical value was found with a value of greater than > 10 stds from the mean""], ""cell_value"": """", ""record_value"": """"}"
0,2026-01-29 20:14:27,"{""cell"": [3073, 198], ""error_types"": [""A numerical value was found with a value of greater than > 10 stds from the mean""], ""cell_value"": """", ""record_value"": """"}"
0,2026-01-29 20:14:27,"{""cell"": [1535, 199], ""error_types"": [""A numerical value was found with a value of greater than > 10 stds from the mean""], ""cell_value"": """", ""record_value"": """"}"
0,2026-01-29 20:14:27,"{""cell"": [2138, 199], ""error_types"": [""A numerical value was found with a value of greater than > 10 stds from the mean""], ""cell_value"": """", ""record_value"": """"}"
0,2026-01-29 20:14:27,"{""cell"": [3061, 199], ""error_types"": [""A numerical value was found with a value of greater than > 10 stds from the mean""], ""cell_value"": """", ""record_value"": """"}"
0,2026-01-29 20:14:27,"{""cell"": [1102, 200], ""error_types"": [""A numerical value was found with a value of greater than > 10 stds from the mean""], ""cell_value"": """", ""record_value"": """"}"
0,2026-01-29 20:14:27,"{""cell"": [3295, 200], ""error_types"": [""A numerical value was found with a value of greater than > 10 stds from the mean""], ""cell_value"": """", ""record_value"": """"}"
0,2026-01-29 20:14:27,"{""cell"": [3538, 200], ""error_types"": [""A numerical value was found with a value of greater than > 10 stds from the mean""], ""cell_value"": """", ""record_value"": """"}"
0,2026-01-29 20:14:27,"{""cell"": [3868, 200], ""error_types"": [""A numerical value was found with a value of greater than > 10 stds from the mean""], ""cell_value"": """", ""record_value"": """"}"
0,2026-01-29 20:14:27,"{""cell"": [3410, 201], ""error_types"": [""A numerical value was found with a value of greater than > 10 stds from the mean""], ""cell_value"": """", ""record_value"": """"}"
0,2026-01-29 20:14:27,"{""cell"": [637, 202], ""error_types"": [""A numerical value was found with a value of greater than > 10 stds from the mean""], ""cell_value"": """", ""record_value"": """"}"
0,2026-01-29 20:14:27,"{""cell"": [1864, 202], ""error_types"": [""A numerical value was found with a value of greater than > 10 stds from the mean""], ""cell_value"": """", ""record_value"": """"}"
0,2026-01-29 20:14:27,"{""cell"": [2032, 202], ""error_types"": [""A numerical value was found with a value of greater than > 10 stds from the mean""], ""cell_value"": """", ""record_value"": """"}"
0,2026-01-29 20:14:27,"{""cell"": [2234, 202], ""error_types"": [""A numerical value was found with a value of greater than > 10 stds from the mean""], ""cell_value"": """", ""record_value"": """"}"
0,2026-01-29 20:14:27,"{""cell"": [3464, 202], ""error_types"": [""A numerical value was found with a value of greater than > 10 stds from the mean""], ""cell_value"": """", ""record_value"": """"}"
0,2026-01-29 20:14:27,"{""cell"": [3602, 202], ""error_types"": [""A numerical value was found with a value of greater than > 10 stds from the mean""], ""cell_value"": """", ""record_value"": """"}"
0,2026-01-29 20:14:27,"{""cell"": [3890, 202], ""error_types"": [""A numerical value was found with a value of greater than > 10 stds from the mean""], ""cell_value"": """", ""record_value"": """"}"
0,2026-01-29 20:14:27,"{""cell"": [1143, 203], ""error_types"": [""A numerical value was found with a value of greater than > 10 stds from the mean""], ""cell_value"": """", ""record_value"": """"}"
0,2026-01-29 20:14:27,"{""cell"": [2192, 203], ""error_types"": [""A numerical value was found with a value of greater than > 10 stds from the mean""], ""cell_value"": """", ""record_value"": """"}"
0,2026-01-29 20:14:27,"{""cell"": [3491, 203], ""error_types"": [""A numerical value was found with a value of greater than > 10 stds from the mean""], ""cell_value"": """", ""record_value"": """"}"
0,2026-01-29 20:14:27,"{""cell"": [3723, 203], ""error_types"": [""A numerical value was found with a value of greater than > 10 stds from the mean""], ""cell_value"": """", ""record_value"": """"}"
0,2026-01-29 20:14:27,"{""cell"": [3733, 203], ""error_types"": [""A numerical value was found with a value of greater than > 10 stds from the mean""], ""cell_value"": """", ""record_value"": """"}"
0,2026-01-29 20:14:27,"{""cell"": [2873, 204], ""error_types"": [""A numerical value was found with a value of greater than > 10 stds from the mean""], ""cell_value"": """", ""record_value"": """"}"
0,2026-01-29 20:14:27,"{""cell"": [2913, 204], ""error_types"": [""A numerical value was found with a value of greater than > 10 stds from the mean""], ""cell_value"": """", ""record_value"": """"}"
0,2026-01-29 20:14:27,"{""cell"": [3030, 204], ""error_types"": [""A numerical value was found with a value of greater than > 10 stds from the mean""], ""cell_value"": """", ""record_value"": """"}"
0,2026-01-29 20:14:27,"{""cell"": [4058, 204], ""error_types"": [""A numerical value was found with a value of greater than > 10 stds from the mean""], ""cell_value"": """", ""record_value"": """"}"
0,2026-01-29 20:14:27,"{""cell"": [391, 205], ""error_types"": [""A numerical value was found with a value of greater than > 10 stds from the mean""], ""cell_value"": """", ""record_value"": """"}"
0,2026-01-29 20:14:27,"{""cell"": [535, 205], ""error_types"": [""A numerical value was found with a value of greater than > 10 stds from the mean""], ""cell_value"": """", ""record_value"": """"}"
0,2026-01-29 20:14:27,"{""cell"": [1362, 205], ""error_types"": [""A numerical value was found with a value of greater than > 10 stds from the mean""], ""cell_value"": """", ""record_value"": """"}"
0,2026-01-29 20:14:27,"{""cell"": [1396, 205], ""error_types"": [""A numerical value was found with a value of greater than > 10 stds from the mean""], ""cell_value"": """", ""record_value"": """"}"
0,2026-01-29 20:14:27,"{""cell"": [1873, 205], ""error_types"": [""A numerical value was found with a value of greater than > 10 stds from the mean""], ""cell_value"": """", ""record_value"": """"}"
0,2026-01-29 20:14:27,"{""cell"": [1988, 205], ""error_types"": [""A numerical value was found with a value of greater than > 10 stds from the mean""], ""cell_value"": """", ""record_value"": """"}"
0,2026-01-29 20:14:27,"{""cell"": [2202, 205], ""error_types"": [""A numerical value was found with a value of greater than > 10 stds from the mean""], ""cell_value"": """", ""record_value"": """"}"
0,2026-01-29 20:14:27,"{""cell"": [2829, 205], ""error_types"": [""A numerical value was found with a value of greater than > 10 stds from the mean""], ""cell_value"": """", ""record_value"": """"}"
0,2026-01-29 20:14:27,"{""cell"": [3919, 205], ""error_types"": [""A numerical value was found with a value of greater than > 10 stds from the mean""], ""cell_value"": """", ""record_value"": """"}"
0,2026-01-29 20:14:27,"{""cell"": [3955, 205], ""error_types"": [""A numerical value was found with a value of greater than > 10 stds from the mean""], ""cell_value"": """", ""record_value"": """"}"
0,2026-01-29 20:14:27,"{""cell"": [159, 206], ""error_types"": [""A numerical value was found with a value of greater than > 10 stds from the mean""], ""cell_value"": """", ""record_value"": """"}"
0,2026-01-29 20:14:27,"{""cell"": [505, 206], ""error_types"": [""A numerical value was found with a value of greater than > 10 stds from the mean""], ""cell_value"": """", ""record_value"": """"}"
0,2026-01-29 20:14:27,"{""cell"": [2027, 206], ""error_types"": [""A numerical value was found with a value of greater than > 10 stds from the mean""], ""cell_value"": """", ""record_value"": """"}"
0,2026-01-29 20:14:27,"{""cell"": [2861, 206], ""error_types"": [""A numerical value was found with a value of greater than > 10 stds from the mean""], ""cell_value"": """", ""record_value"": """"}"
0,2026-01-29 20:14:27,"{""cell"": [2866, 206], ""error_types"": [""A numerical value was found with a value of greater than > 10 stds from the mean""], ""cell_value"": """", ""record_value"": """"}"
0,2026-01-29 20:14:27,"{""cell"": [3194, 206], ""error_types"": [""A numerical value was found with a value of greater than > 10 stds from the mean""], ""cell_value"": """", ""record_value"": """"}"
0,2026-01-29 20:14:27,"{""cell"": [3217, 206], ""error_types"": [""A numerical value was found with a value of greater than > 10 stds from the mean""], ""cell_value"": """", ""record_value"": """"}"
0,2026-01-29 20:14:27,"{""cell"": [3365, 206], ""error_types"": [""A numerical value was found with a value of greater than > 10 stds from the mean""], ""cell_value"": """", ""record_value"": """"}"
0,2026-01-29 20:14:27,"{""cell"": [3923, 206], ""error_types"": [""A numerical value was found with a value of greater than > 10 stds from the mean""], ""cell_value"": """", ""record_value"": """"}"
0,2026-01-29 20:14:27,"{""cell"": [4152, 206], ""error_types"": [""A numerical value was found with a value of greater than > 10 stds from the mean""], ""cell_value"": """", ""record_value"": """"}"
0,2026-01-29 20:14:27,"{""cell"": [4155, 206], ""error_types"": [""A numerical value was found with a value of greater than > 10 stds from the mean""], ""cell_value"": """", ""record_value"": """"}"
0,2026-01-29 20:14:27,"{""cell"": [4173, 206], ""error_types"": [""A numerical value was found with a value of greater than > 10 stds from the mean""], ""cell_value"": """", ""record_value"": """"}"
0,2026-01-29 20:14:27,"{""cell"": [4193, 206], ""error_types"": [""A numerical value was found with a value of greater than > 10 stds from the mean""], ""cell_value"": """", ""record_value"": """"}"
0,2026-01-29 20:14:27,"{""cell"": [3, 207], ""error_types"": [""A numerical value was found with a value of greater than > 10 stds from the mean""], ""cell_value"": """", ""record_value"": """"}"
0,2026-01-29 20:14:27,"{""cell"": [738, 207], ""error_types"": [""A numerical value was found with a value of greater than > 10 stds from the mean""], ""cell_value"": """", ""record_value"": """"}"
0,2026-01-29 20:14:27,"{""cell"": [2039, 207], ""error_types"": [""A numerical value was found with a value of greater than > 10 stds from the mean""], ""cell_value"": """", ""record_value"": """"}"
0,2026-01-29 20:14:27,"{""cell"": [2721, 207], ""error_types"": [""A numerical value was found with a value of greater than > 10 stds from the mean""], ""cell_value"": """", ""record_value"": """"}"
0,2026-01-29 20:14:27,"{""cell"": [3684, 207], ""error_types"": [""A numerical value was found with a value of greater than > 10 stds from the mean""], ""cell_value"": """", ""record_value"": """"}"
0,2026-01-29 20:14:27,"{""cell"": [3701, 207], ""error_types"": [""A numerical value was found with a value of greater than > 10 stds from the mean""], ""cell_value"": """", ""record_value"": """"}"
0,2026-01-29 20:14:27,"{""cell"": [3761, 207], ""error_types"": [""A numerical value was found with a value of greater than > 10 stds from the mean""], ""cell_value"": """", ""record_value"": """"}"
0,2026-01-29 20:14:27,"{""cell"": [590, 208], ""error_types"": [""A numerical value was found with a value of greater than > 10 stds from the mean""], ""cell_value"": """", ""record_value"": """"}"
0,2026-01-29 20:14:27,"{""cell"": [773, 208], ""error_types"": [""A numerical value was found with a value of greater than > 10 stds from the mean""], ""cell_value"": """", ""record_value"": """"}"
0,2026-01-29 20:14:27,"{""cell"": [790, 208], ""error_types"": [""A numerical value was found with a value of greater than > 10 stds from the mean""], ""cell_value"": """", ""record_value"": """"}"
0,2026-01-29 20:14:27,"{""cell"": [1232, 208], ""error_types"": [""A numerical value was found with a value of greater than > 10 stds from the mean""], ""cell_value"": """", ""record_value"": """"}"
0,2026-01-29 20:14:27,"{""cell"": [1563, 208], ""error_types"": [""A numerical value was found with a value of greater than > 10 stds from the mean""], ""cell_value"": """", ""record_value"": """"}"
0,2026-01-29 20:14:27,"{""cell"": [2212, 208], ""error_types"": [""A numerical value was found with a value of greater than > 10 stds from the mean""], ""cell_value"": """", ""record_value"": """"}"
0,2026-01-29 20:14:27,"{""cell"": [2621, 208], ""error_types"": [""A numerical value was found with a value of greater than > 10 stds from the mean""], ""cell_value"": """", ""record_value"": """"}"
0,2026-01-29 20:14:27,"{""cell"": [3854, 208], ""error_types"": [""A numerical value was found with a value of greater than > 10 stds from the mean""], ""cell_value"": """", ""record_value"": """"}"
0,2026-01-29 20:14:27,"{""cell"": [3566, 209], ""error_types"": [""A numerical value was found with a value of greater than > 10 stds from the mean""], ""cell_value"": """", ""record_value"": """"}"
0,2026-01-29 20:14:27,"{""cell"": [747, 210], ""error_types"": [""A numerical value was found with a value of greater than > 10 stds from the mean""], ""cell_value"": """", ""record_value"": """"}"
0,2026-01-29 20:14:27,"{""cell"": [1087, 210], ""error_types"": [""A numerical value was found with a value of greater than > 10 stds from the mean""], ""cell_value"": """", ""record_value"": """"}"
0,2026-01-29 20:14:27,"{""cell"": [2801, 210], ""error_types"": [""A numerical value was found with a value of greater than > 10 stds from the mean""], ""cell_value"": """", ""record_value"": """"}"
0,2026-01-29 20:14:27,"{""cell"": [342, 211], ""error_types"": [""A numerical value was found with a value of greater than > 10 stds from the mean""], ""cell_value"": """", ""record_value"": """"}"
0,2026-01-29 20:14:27,"{""cell"": [826, 211], ""error_types"": [""A numerical value was found with a value of greater than > 10 stds from the mean""], ""cell_value"": """", ""record_value"": """"}"
0,2026-01-29 20:14:27,"{""cell"": [1033, 211], ""error_types"": [""A numerical value was found with a value of greater than > 10 stds from the mean""], ""cell_value"": """", ""record_value"": """"}"
0,2026-01-29 20:14:27,"{""cell"": [2830, 211], ""error_types"": [""A numerical value was found with a value of greater than > 10 stds from the mean""], ""cell_value"": """", ""record_value"": """"}"
0,2026-01-29 20:14:27,"{""cell"": [3571, 211], ""error_types"": [""A numerical value was found with a value of greater than > 10 stds from the mean""], ""cell_value"": """", ""record_value"": """"}"
0,2026-01-29 20:14:27,"{""cell"": [99, 212], ""error_types"": [""A numerical value was found with a value of greater than > 10 stds from the mean""], ""cell_value"": """", ""record_value"": """"}"
0,2026-01-29 20:14:27,"{""cell"": [3510, 212], ""error_types"": [""A numerical value was found with a value of greater than > 10 stds from the mean""], ""cell_value"": """", ""record_value"": """"}"
0,2026-01-29 20:14:27,"{""cell"": [3721, 212], ""error_types"": [""A numerical value was found with a value of greater than > 10 stds from the mean""], ""cell_value"": """", ""record_value"": """"}"
0,2026-01-29 20:14:27,"{""cell"": [2163, 213], ""error_types"": [""A numerical value was found with a value of greater than > 10 stds from the mean""], ""cell_value"": """", ""record_value"": """"}"
0,2026-01-29 20:14:27,"{""cell"": [1460, 214], ""error_types"": [""A numerical value was found with a value of greater than > 10 stds from the mean""], ""cell_value"": """", ""record_value"": """"}"
0,2026-01-29 20:14:27,"{""cell"": [2243, 214], ""error_types"": [""A numerical value was found with a value of greater than > 10 stds from the mean""], ""cell_value"": """", ""record_value"": """"}"
0,2026-01-29 20:14:27,"{""cell"": [2665, 214], ""error_types"": [""A numerical value was found with a value of greater than > 10 stds from the mean""], ""cell_value"": """", ""record_value"": """"}"
0,2026-01-29 20:14:27,"{""cell"": [2945, 214], ""error_types"": [""A numerical value was found with a value of greater than > 10 stds from the mean""], ""cell_value"": """", ""record_value"": """"}"
0,2026-01-29 20:14:27,"{""cell"": [3158, 214], ""error_types"": [""A numerical value was found with a value of greater than > 10 stds from the mean""], ""cell_value"": """", ""record_value"": """"}"
0,2026-01-29 20:14:27,"{""cell"": [3919, 214], ""error_types"": [""A numerical value was found with a value of greater than > 10 stds from the mean""], ""cell_value"": """", ""record_value"": """"}"
0,2026-01-29 20:14:27,"{""cell"": [1545, 215], ""error_types"": [""A numerical value was found with a value of greater than > 10 stds from the mean""], ""cell_value"": """", ""record_value"": """"}"
0,2026-01-29 20:14:27,"{""cell"": [2114, 215], ""error_types"": [""A numerical value was found with a value of greater than > 10 stds from the mean""], ""cell_value"": """", ""record_value"": """"}"
0,2026-01-29 20:14:27,"{""cell"": [2661, 215], ""error_types"": [""A numerical value was found with a value of greater than > 10 stds from the mean""], ""cell_value"": """", ""record_value"": """"}"
0,2026-01-29 20:14:27,"{""cell"": [3174, 215], ""error_types"": [""A numerical value was found with a value of greater than > 10 stds from the mean""], ""cell_value"": """", ""record_value"": """"}"
0,2026-01-29 20:14:27,"{""cell"": [1359, 216], ""error_types"": [""A numerical value was found with a value of greater than > 10 stds from the mean""], ""cell_value"": """", ""record_value"": """"}"
0,2026-01-29 20:14:27,"{""cell"": [1916, 216], ""error_types"": [""A numerical value was found with a value of greater than > 10 stds from the mean""], ""cell_value"": """", ""record_value"": """"}"
0,2026-01-29 20:14:27,"{""cell"": [3149, 216], ""error_types"": [""A numerical value was found with a value of greater than > 10 stds from the mean""], ""cell_value"": """", ""record_value"": """"}"
0,2026-01-29 20:14:27,"{""cell"": [761, 217], ""error_types"": [""A numerical value was found with a value of greater than > 10 stds from the mean""], ""cell_value"": """", ""record_value"": """"}"
0,2026-01-29 20:14:27,"{""cell"": [1414, 217], ""error_types"": [""A numerical value was found with a value of greater than > 10 stds from the mean""], ""cell_value"": """", ""record_value"": """"}"
0,2026-01-29 20:14:27,"{""cell"": [4080, 217], ""error_types"": [""A numerical value was found with a value of greater than > 10 stds from the mean""], ""cell_value"": """", ""record_value"": """"}"
0,2026-01-29 20:14:27,"{""cell"": [2437, 218], ""error_types"": [""A numerical value was found with a value of greater than > 10 stds from the mean""], ""cell_value"": """", ""record_value"": """"}"
0,2026-01-29 20:14:27,"{""cell"": [3690, 218], ""error_types"": [""A numerical value was found with a value of greater than > 10 stds from the mean""], ""cell_value"": """", ""record_value"": """"}"
0,2026-01-29 20:14:27,"{""cell"": [708, 219], ""error_types"": [""A numerical value was found with a value of greater than > 10 stds from the mean""], ""cell_value"": """", ""record_value"": """"}"
0,2026-01-29 20:14:27,"{""cell"": [3010, 219], ""error_types"": [""A numerical value was found with a value of greater than > 10 stds from the mean""], ""cell_value"": """", ""record_value"": """"}"
0,2026-01-29 20:14:27,"{""cell"": [591, 220], ""error_types"": [""A numerical value was found with a value of greater than > 10 stds from the mean""], ""cell_value"": """", ""record_value"": """"}"
0,2026-01-29 20:14:27,"{""cell"": [738, 220], ""error_types"": [""A numerical value was found with a value of greater than > 10 stds from the mean""], ""cell_value"": """", ""record_value"": """"}"
0,2026-01-29 20:14:27,"{""cell"": [1055, 220], ""error_types"": [""A numerical value was found with a value of greater than > 10 stds from the mean""], ""cell_value"": """", ""record_value"": """"}"
0,2026-01-29 20:14:27,"{""cell"": [1104, 220], ""error_types"": [""A numerical value was found with a value of greater than > 10 stds from the mean""], ""cell_value"": """", ""record_value"": """"}"
0,2026-01-29 20:14:27,"{""cell"": [1259, 220], ""error_types"": [""A numerical value was found with a value of greater than > 10 stds from the mean""], ""cell_value"": """", ""record_value"": """"}"
0,2026-01-29 20:14:27,"{""cell"": [3523, 220], ""error_types"": [""A numerical value was found with a value of greater than > 10 stds from the mean""], ""cell_value"": """", ""record_value"": """"}"
0,2026-01-29 20:14:27,"{""cell"": [3584, 220], ""error_types"": [""A numerical value was found with a value of greater than > 10 stds from the mean""], ""cell_value"": """", ""record_value"": """"}"
0,2026-01-29 20:14:27,"{""cell"": [3705, 220], ""error_types"": [""A numerical value was found with a value of greater than > 10 stds from the mean""], ""cell_value"": """", ""record_value"": """"}"
0,2026-01-29 20:14:27,"{""cell"": [39, 221], ""error_types"": [""A numerical value was found with a value of greater than > 10 stds from the mean""], ""cell_value"": """", ""record_value"": """"}"
0,2026-01-29 20:14:27,"{""cell"": [539, 221], ""error_types"": [""A numerical value was found with a value of greater than > 10 stds from the mean""], ""cell_value"": """", ""record_value"": """"}"
0,2026-01-29 20:14:27,"{""cell"": [2330, 221], ""error_types"": [""A numerical value was found with a value of greater than > 10 stds from the mean""], ""cell_value"": """", ""record_value"": """"}"
0,2026-01-29 20:14:27,"{""cell"": [1166, 222], ""error_types"": [""A numerical value was found with a value of greater than > 10 stds from the mean""], ""cell_value"": """", ""record_value"": """"}"
0,2026-01-29 20:14:27,"{""cell"": [1602, 222], ""error_types"": [""A numerical value was found with a value of greater than > 10 stds from the mean""], ""cell_value"": """", ""record_value"": """"}"
0,2026-01-29 20:14:27,"{""cell"": [1872, 222], ""error_types"": [""A numerical value was found with a value of greater than > 10 stds from the mean""], ""cell_value"": """", ""record_value"": """"}"
0,2026-01-29 20:14:27,"{""cell"": [2047, 222], ""error_types"": [""A numerical value was found with a value of greater than > 10 stds from the mean""], ""cell_value"": """", ""record_value"": """"}"
0,2026-01-29 20:14:27,"{""cell"": [3336, 222], ""error_types"": [""A numerical value was found with a value of greater than > 10 stds from the mean""], ""cell_value"": """", ""record_value"": """"}"
0,2026-01-29 20:14:27,"{""cell"": [258, 223], ""error_types"": [""A numerical value was found with a value of greater than > 10 stds from the mean""], ""cell_value"": """", ""record_value"": """"}"
0,2026-01-29 20:14:27,"{""cell"": [672, 223], ""error_types"": [""A numerical value was found with a value of greater than > 10 stds from the mean""], ""cell_value"": """", ""record_value"": """"}"
0,2026-01-29 20:14:27,"{""cell"": [1170, 223], ""error_types"": [""A numerical value was found with a value of greater than > 10 stds from the mean""], ""cell_value"": """", ""record_value"": """"}"
0,2026-01-29 20:14:27,"{""cell"": [2096, 223], ""error_types"": [""A numerical value was found with a value of greater than > 10 stds from the mean""], ""cell_value"": """", ""record_value"": """"}"
0,2026-01-29 20:14:27,"{""cell"": [2684, 223], ""error_types"": [""A numerical value was found with a value of greater than > 10 stds from the mean""], ""cell_value"": """", ""record_value"": """"}"
0,2026-01-29 20:14:27,"{""cell"": [470, 224], ""error_types"": [""A numerical value was found with a value of greater than > 10 stds from the mean""], ""cell_value"": """", ""record_value"": """"}"
0,2026-01-29 20:14:27,"{""cell"": [2218, 224], ""error_types"": [""A numerical value was found with a value of greater than > 10 stds from the mean""], ""cell_value"": """", ""record_value"": """"}"
0,2026-01-29 20:14:27,"{""cell"": [2363, 224], ""error_types"": [""A numerical value was found with a value of greater than > 10 stds from the mean""], ""cell_value"": """", ""record_value"": """"}"
0,2026-01-29 20:14:27,"{""cell"": [3986, 224], ""error_types"": [""A numerical value was found with a value of greater than > 10 stds from the mean""], ""cell_value"": """", ""record_value"": """"}"
0,2026-01-29 20:14:27,"{""cell"": [329, 225], ""error_types"": [""A numerical value was found with a value of greater than > 10 stds from the mean""], ""cell_value"": """", ""record_value"": """"}"
0,2026-01-29 20:14:27,"{""cell"": [3391, 225], ""error_types"": [""A numerical value was found with a value of greater than > 10 stds from the mean""], ""cell_value"": """", ""record_value"": """"}"
0,2026-01-29 20:14:27,"{""cell"": [49, 226], ""error_types"": [""A numerical value was found with a value of greater than > 10 stds from the mean""], ""cell_value"": """", ""record_value"": """"}"
0,2026-01-29 20:14:27,"{""cell"": [207, 226], ""error_types"": [""A numerical value was found with a value of greater than > 10 stds from the mean""], ""cell_value"": """", ""record_value"": """"}"
0,2026-01-29 20:14:27,"{""cell"": [763, 226], ""error_types"": [""A numerical value was found with a value of greater than > 10 stds from the mean""], ""cell_value"": """", ""record_value"": """"}"
0,2026-01-29 20:14:27,"{""cell"": [847, 226], ""error_types"": [""A numerical value was found with a value of greater than > 10 stds from the mean""], ""cell_value"": """", ""record_value"": """"}"
0,2026-01-29 20:14:27,"{""cell"": [377, 227], ""error_types"": [""A numerical value was found with a value of greater than > 10 stds from the mean""], ""cell_value"": """", ""record_value"": """"}"
0,2026-01-29 20:14:27,"{""cell"": [694, 227], ""error_types"": [""A numerical value was found with a value of greater than > 10 stds from the mean""], ""cell_value"": """", ""record_value"": """"}"
0,2026-01-29 20:14:27,"{""cell"": [1171, 227], ""error_types"": [""A numerical value was found with a value of greater than > 10 stds from the mean""], ""cell_value"": """", ""record_value"": """"}"
0,2026-01-29 20:14:27,"{""cell"": [2485, 227], ""error_types"": [""A numerical value was found with a value of greater than > 10 stds from the mean""], ""cell_value"": """", ""record_value"": """"}"
0,2026-01-29 20:14:27,"{""cell"": [3655, 227], ""error_types"": [""A numerical value was found with a value of greater than > 10 stds from the mean""], ""cell_value"": """", ""record_value"": """"}"
0,2026-01-29 20:14:28,"{""cell"": [2792, 228], ""error_types"": [""A numerical value was found with a value of greater than > 10 stds from the mean""], ""cell_value"": """", ""record_value"": """"}"
0,2026-01-29 20:14:28,"{""cell"": [227, 229], ""error_types"": [""A numerical value was found with a value of greater than > 10 stds from the mean""], ""cell_value"": """", ""record_value"": """"}"
0,2026-01-29 20:14:28,"{""cell"": [342, 229], ""error_types"": [""A numerical value was found with a value of greater than > 10 stds from the mean""], ""cell_value"": """", ""record_value"": """"}"
0,2026-01-29 20:14:28,"{""cell"": [1755, 229], ""error_types"": [""A numerical value was found with a value of greater than > 10 stds from the mean""], ""cell_value"": """", ""record_value"": """"}"
0,2026-01-29 20:14:28,"{""cell"": [2009, 229], ""error_types"": [""A numerical value was found with a value of greater than > 10 stds from the mean""], ""cell_value"": """", ""record_value"": """"}"
0,2026-01-29 20:14:28,"{""cell"": [2221, 229], ""error_types"": [""A numerical value was found with a value of greater than > 10 stds from the mean""], ""cell_value"": """", ""record_value"": """"}"
0,2026-01-29 20:14:28,"{""cell"": [2288, 229], ""error_types"": [""A numerical value was found with a value of greater than > 10 stds from the mean""], ""cell_value"": """", ""record_value"": """"}"
0,2026-01-29 20:14:28,"{""cell"": [2664, 229], ""error_types"": [""A numerical value was found with a value of greater than > 10 stds from the mean""], ""cell_value"": """", ""record_value"": """"}"
0,2026-01-29 20:14:28,"{""cell"": [3307, 229], ""error_types"": [""A numerical value was found with a value of greater than > 10 stds from the mean""], ""cell_value"": """", ""record_value"": """"}"
0,2026-01-29 20:14:28,"{""cell"": [3793, 229], ""error_types"": [""A numerical value was found with a value of greater than > 10 stds from the mean""], ""cell_value"": """", ""record_value"": """"}"
0,2026-01-29 20:14:28,"{""cell"": [1429, 230], ""error_types"": [""A numerical value was found with a value of greater than > 10 stds from the mean""], ""cell_value"": """", ""record_value"": """"}"
0,2026-01-29 20:14:28,"{""cell"": [2848, 230], ""error_types"": [""A numerical value was found with a value of greater than > 10 stds from the mean""], ""cell_value"": """", ""record_value"": """"}"
0,2026-01-29 20:14:28,"{""cell"": [3316, 230], ""error_types"": [""A numerical value was found with a value of greater than > 10 stds from the mean""], ""cell_value"": """", ""record_value"": """"}"
0,2026-01-29 20:14:28,"{""cell"": [533, 231], ""error_types"": [""A numerical value was found with a value of greater than > 10 stds from the mean""], ""cell_value"": """", ""record_value"": """"}"
0,2026-01-29 20:14:28,"{""cell"": [685, 231], ""error_types"": [""A numerical value was found with a value of greater than > 10 stds from the mean""], ""cell_value"": """", ""record_value"": """"}"
0,2026-01-29 20:14:28,"{""cell"": [822, 231], ""error_types"": [""A numerical value was found with a value of greater than > 10 stds from the mean""], ""cell_value"": """", ""record_value"": """"}"
0,2026-01-29 20:14:28,"{""cell"": [1305, 231], ""error_types"": [""A numerical value was found with a value of greater than > 10 stds from the mean""], ""cell_value"": """", ""record_value"": """"}"
0,2026-01-29 20:14:28,"{""cell"": [1988, 231], ""error_types"": [""A numerical value was found with a value of greater than > 10 stds from the mean""], ""cell_value"": """", ""record_value"": """"}"
0,2026-01-29 20:14:28,"{""cell"": [2938, 231], ""error_types"": [""A numerical value was found with a value of greater than > 10 stds from the mean""], ""cell_value"": """", ""record_value"": """"}"
0,2026-01-29 20:14:28,"{""cell"": [3925, 231], ""error_types"": [""A numerical value was found with a value of greater than > 10 stds from the mean""], ""cell_value"": """", ""record_value"": """"}"
0,2026-01-29 20:14:28,"{""cell"": [1831, 232], ""error_types"": [""A numerical value was found with a value of greater than > 10 stds from the mean""], ""cell_value"": """", ""record_value"": """"}"
0,2026-01-29 20:14:28,"{""cell"": [3762, 232], ""error_types"": [""A numerical value was found with a value of greater than > 10 stds from the mean""], ""cell_value"": """", ""record_value"": """"}"
0,2026-01-29 20:14:28,"{""cell"": [40, 233], ""error_types"": [""A numerical value was found with a value of greater than > 10 stds from the mean""], ""cell_value"": """", ""record_value"": """"}"
0,2026-01-29 20:14:28,"{""cell"": [51, 233], ""error_types"": [""A numerical value was found with a value of greater than > 10 stds from the mean""], ""cell_value"": """", ""record_value"": """"}"
0,2026-01-29 20:14:28,"{""cell"": [292, 233], ""error_types"": [""A numerical value was found with a value of greater than > 10 stds from the mean""], ""cell_value"": """", ""record_value"": """"}"
0,2026-01-29 20:14:28,"{""cell"": [881, 233], ""error_types"": [""A numerical value was found with a value of greater than > 10 stds from the mean""], ""cell_value"": """", ""record_value"": """"}"
0,2026-01-29 20:14:28,"{""cell"": [2139, 233], ""error_types"": [""A numerical value was found with a value of greater than > 10 stds from the mean""], ""cell_value"": """", ""record_value"": """"}"
0,2026-01-29 20:14:28,"{""cell"": [2242, 233], ""error_types"": [""A numerical value was found with a value of greater than > 10 stds from the mean""], ""cell_value"": """", ""record_value"": """"}"
0,2026-01-29 20:14:28,"{""cell"": [3330, 233], ""error_types"": [""A numerical value was found with a value of greater than > 10 stds from the mean""], ""cell_value"": """", ""record_value"": """"}"
0,2026-01-29 20:14:28,"{""cell"": [802, 234], ""error_types"": [""A numerical value was found with a value of greater than > 10 stds from the mean""], ""cell_value"": """", ""record_value"": """"}"
0,2026-01-29 20:14:28,"{""cell"": [1267, 234], ""error_types"": [""A numerical value was found with a value of greater than > 10 stds from the mean""], ""cell_value"": """", ""record_value"": """"}"
0,2026-01-29 20:14:28,"{""cell"": [1891, 234], ""error_types"": [""A numerical value was found with a value of greater than > 10 stds from the mean""], ""cell_value"": """", ""record_value"": """"}"
0,2026-01-29 20:14:28,"{""cell"": [2071, 234], ""error_types"": [""A numerical value was found with a value of greater than > 10 stds from the mean""], ""cell_value"": """", ""record_value"": """"}"
0,2026-01-29 20:14:28,"{""cell"": [2143, 234], ""error_types"": [""A numerical value was found with a value of greater than > 10 stds from the mean""], ""cell_value"": """", ""record_value"": """"}"
0,2026-01-29 20:14:28,"{""cell"": [2961, 234], ""error_types"": [""A numerical value was found with a value of greater than > 10 stds from the mean""], ""cell_value"": """", ""record_value"": """"}"
0,2026-01-29 20:14:28,"{""cell"": [3530, 234], ""error_types"": [""A numerical value was found with a value of greater than > 10 stds from the mean""], ""cell_value"": """", ""record_value"": """"}"
0,2026-01-29 20:14:28,"{""cell"": [4099, 234], ""error_types"": [""A numerical value was found with a value of greater than > 10 stds from the mean""], ""cell_value"": """", ""record_value"": """"}"
0,2026-01-29 20:14:28,"{""cell"": [199, 235], ""error_types"": [""A numerical value was found with a value of greater than > 10 stds from the mean""], ""cell_value"": """", ""record_value"": """"}"
0,2026-01-29 20:14:28,"{""cell"": [1744, 235], ""error_types"": [""A numerical value was found with a value of greater than > 10 stds from the mean""], ""cell_value"": """", ""record_value"": """"}"
0,2026-01-29 20:14:28,"{""cell"": [1970, 235], ""error_types"": [""A numerical value was found with a value of greater than > 10 stds from the mean""], ""cell_value"": """", ""record_value"": """"}"
0,2026-01-29 20:14:28,"{""cell"": [2439, 235], ""error_types"": [""A numerical value was found with a value of greater than > 10 stds from the mean""], ""cell_value"": """", ""record_value"": """"}"
0,2026-01-29 20:14:28,"{""cell"": [3467, 235], ""error_types"": [""A numerical value was found with a value of greater than > 10 stds from the mean""], ""cell_value"": """", ""record_value"": """"}"
0,2026-01-29 20:14:28,"{""cell"": [3985, 235], ""error_types"": [""A numerical value was found with a value of greater than > 10 stds from the mean""], ""cell_value"": """", ""record_value"": """"}"
0,2026-01-29 20:14:28,"{""cell"": [717, 236], ""error_types"": [""A numerical value was found with a value of greater than > 10 stds from the mean""], ""cell_value"": """", ""record_value"": """"}"
0,2026-01-29 20:14:28,"{""cell"": [1402, 236], ""error_types"": [""A numerical value was found with a value of greater than > 10 stds from the mean""], ""cell_value"": """", ""record_value"": """"}"
0,2026-01-29 20:14:28,"{""cell"": [2797, 236], ""error_types"": [""A numerical value was found with a value of greater than > 10 stds from the mean""], ""cell_value"": """", ""record_value"": """"}"
0,2026-01-29 20:14:28,"{""cell"": [3036, 236], ""error_types"": [""A numerical value was found with a value of greater than > 10 stds from the mean""], ""cell_value"": """", ""record_value"": """"}"
0,2026-01-29 20:14:28,"{""cell"": [581, 237], ""error_types"": [""A numerical value was found with a value of greater than > 10 stds from the mean""], ""cell_value"": """", ""record_value"": """"}"
0,2026-01-29 20:14:28,"{""cell"": [616, 237], ""error_types"": [""A numerical value was found with a value of greater than > 10 stds from the mean""], ""cell_value"": """", ""record_value"": """"}"
0,2026-01-29 20:14:28,"{""cell"": [1413, 237], ""error_types"": [""A numerical value was found with a value of greater than > 10 stds from the mean""], ""cell_value"": """", ""record_value"": """"}"
0,2026-01-29 20:14:28,"{""cell"": [2012, 237], ""error_types"": [""A numerical value was found with a value of greater than > 10 stds from the mean""], ""cell_value"": """", ""record_value"": """"}"
0,2026-01-29 20:14:28,"{""cell"": [3267, 237], ""error_types"": [""A numerical value was found with a value of greater than > 10 stds from the mean""], ""cell_value"": """", ""record_value"": """"}"
0,2026-01-29 20:14:28,"{""cell"": [3773, 237], ""error_types"": [""A numerical value was found with a value of greater than > 10 stds from the mean""], ""cell_value"": """", ""record_value"": """"}"
0,2026-01-29 20:14:28,"{""cell"": [3884, 237], ""error_types"": [""A numerical value was found with a value of greater than > 10 stds from the mean""], ""cell_value"": """", ""record_value"": """"}"
0,2026-01-29 20:14:28,"{""cell"": [1075, 238], ""error_types"": [""A numerical value was found with a value of greater than > 10 stds from the mean""], ""cell_value"": """", ""record_value"": """"}"
0,2026-01-29 20:14:28,"{""cell"": [1363, 238], ""error_types"": [""A numerical value was found with a value of greater than > 10 stds from the mean""], ""cell_value"": """", ""record_value"": """"}"
0,2026-01-29 20:14:28,"{""cell"": [2872, 238], ""error_types"": [""A numerical value was found with a value of greater than > 10 stds from the mean""], ""cell_value"": """", ""record_value"": """"}"
0,2026-01-29 20:14:28,"{""cell"": [363, 239], ""error_types"": [""A numerical value was found with a value of greater than > 10 stds from the mean""], ""cell_value"": """", ""record_value"": """"}"
0,2026-01-29 20:14:28,"{""cell"": [2503, 239], ""error_types"": [""A numerical value was found with a value of greater than > 10 stds from the mean""], ""cell_value"": """", ""record_value"": """"}"
0,2026-01-29 20:14:28,"{""cell"": [2599, 239], ""error_types"": [""A numerical value was found with a value of greater than > 10 stds from the mean""], ""cell_value"": """", ""record_value"": """"}"
0,2026-01-29 20:14:28,"{""cell"": [3526, 239], ""error_types"": [""A numerical value was found with a value of greater than > 10 stds from the mean""], ""cell_value"": """", ""record_value"": """"}"
0,2026-01-29 20:14:28,"{""cell"": [3613, 239], ""error_types"": [""A numerical value was found with a value of greater than > 10 stds from the mean""], ""cell_value"": """", ""record_value"": """"}"
0,2026-01-29 20:14:28,"{""cell"": [3614, 239], ""error_types"": [""A numerical value was found with a value of greater than > 10 stds from the mean""], ""cell_value"": """", ""record_value"": """"}"
0,2026-01-29 20:14:28,"{""cell"": [430, 240], ""error_types"": [""A numerical value was found with a value of greater than > 10 stds from the mean""], ""cell_value"": """", ""record_value"": """"}"
0,2026-01-29 20:14:28,"{""cell"": [567, 240], ""error_types"": [""A numerical value was found with a value of greater than > 10 stds from the mean""], ""cell_value"": """", ""record_value"": """"}"
0,2026-01-29 20:14:28,"{""cell"": [1119, 240], ""error_types"": [""A numerical value was found with a value of greater than > 10 stds from the mean""], ""cell_value"": """", ""record_value"": """"}"
0,2026-01-29 20:14:28,"{""cell"": [2610, 240], ""error_types"": [""A numerical value was found with a value of greater than > 10 stds from the mean""], ""cell_value"": """", ""record_value"": """"}"
0,2026-01-29 20:14:28,"{""cell"": [3959, 240], ""error_types"": [""A numerical value was found with a value of greater than > 10 stds from the mean""], ""cell_value"": """", ""record_value"": """"}"
0,2026-01-29 20:14:28,"{""cell"": [294, 241], ""error_types"": [""A numerical value was found with a value of greater than > 10 stds from the mean""], ""cell_value"": """", ""record_value"": """"}"
0,2026-01-29 20:14:28,"{""cell"": [491, 241], ""error_types"": [""A numerical value was found with a value of greater than > 10 stds from the mean""], ""cell_value"": """", ""record_value"": """"}"
0,2026-01-29 20:14:28,"{""cell"": [1711, 241], ""error_types"": [""A numerical value was found with a value of greater than > 10 stds from the mean""], ""cell_value"": """", ""record_value"": """"}"
0,2026-01-29 20:14:28,"{""cell"": [2191, 241], ""error_types"": [""A numerical value was found with a value of greater than > 10 stds from the mean""], ""cell_value"": """", ""record_value"": """"}"
0,2026-01-29 20:14:28,"{""cell"": [2214, 241], ""error_types"": [""A numerical value was found with a value of greater than > 10 stds from the mean""], ""cell_value"": """", ""record_value"": """"}"
0,2026-01-29 20:14:28,"{""cell"": [2271, 241], ""error_types"": [""A numerical value was found with a value of greater than > 10 stds from the mean""], ""cell_value"": """", ""record_value"": """"}"
0,2026-01-29 20:14:28,"{""cell"": [2445, 241], ""error_types"": [""A numerical value was found with a value of greater than > 10 stds from the mean""], ""cell_value"": """", ""record_value"": """"}"
0,2026-01-29 20:14:28,"{""cell"": [2690, 241], ""error_types"": [""A numerical value was found with a value of greater than > 10 stds from the mean""], ""cell_value"": """", ""record_value"": """"}"
0,2026-01-29 20:14:28,"{""cell"": [3402, 241], ""error_types"": [""A numerical value was found with a value of greater than > 10 stds from the mean""], ""cell_value"": """", ""record_value"": """"}"
0,2026-01-29 20:14:28,"{""cell"": [3947, 241], ""error_types"": [""A numerical value was found with a value of greater than > 10 stds from the mean""], ""cell_value"": """", ""record_value"": """"}"
0,2026-01-29 20:14:28,"{""cell"": [4020, 241], ""error_types"": [""A numerical value was found with a value of greater than > 10 stds from the mean""], ""cell_value"": """", ""record_value"": """"}"
0,2026-01-29 20:14:28,"{""cell"": [346, 242], ""error_types"": [""A numerical value was found with a value of greater than > 10 stds from the mean""], ""cell_value"": """", ""record_value"": """"}"
0,2026-01-29 20:14:28,"{""cell"": [1733, 242], ""error_types"": [""A numerical value was found with a value of greater than > 10 stds from the mean""], ""cell_value"": """", ""record_value"": """"}"
0,2026-01-29 20:14:28,"{""cell"": [2317, 242], ""error_types"": [""A numerical value was found with a value of greater than > 10 stds from the mean""], ""cell_value"": """", ""record_value"": """"}"
0,2026-01-29 20:14:28,"{""cell"": [2895, 242], ""error_types"": [""A numerical value was found with a value of greater than > 10 stds from the mean""], ""cell_value"": """", ""record_value"": """"}"
0,2026-01-29 20:14:28,"{""cell"": [3016, 242], ""error_types"": [""A numerical value was found with a value of greater than > 10 stds from the mean""], ""cell_value"": """", ""record_value"": """"}"
0,2026-01-29 20:14:28,"{""cell"": [1364, 243], ""error_types"": [""A numerical value was found with a value of greater than > 10 stds from the mean""], ""cell_value"": """", ""record_value"": """"}"
0,2026-01-29 20:14:28,"{""cell"": [2101, 243], ""error_types"": [""A numerical value was found with a value of greater than > 10 stds from the mean""], ""cell_value"": """", ""record_value"": """"}"
0,2026-01-29 20:14:28,"{""cell"": [2298, 243], ""error_types"": [""A numerical value was found with a value of greater than > 10 stds from the mean""], ""cell_value"": """", ""record_value"": """"}"
0,2026-01-29 20:14:28,"{""cell"": [2828, 243], ""error_types"": [""A numerical value was found with a value of greater than > 10 stds from the mean""], ""cell_value"": """", ""record_value"": """"}"
0,2026-01-29 20:14:28,"{""cell"": [3910, 243], ""error_types"": [""A numerical value was found with a value of greater than > 10 stds from the mean""], ""cell_value"": """", ""record_value"": """"}"
0,2026-01-29 20:14:28,"{""cell"": [474, 244], ""error_types"": [""A numerical value was found with a value of greater than > 10 stds from the mean""], ""cell_value"": """", ""record_value"": """"}"
0,2026-01-29 20:14:28,"{""cell"": [983, 244], ""error_types"": [""A numerical value was found with a value of greater than > 10 stds from the mean""], ""cell_value"": """", ""record_value"": """"}"
0,2026-01-29 20:14:28,"{""cell"": [1472, 244], ""error_types"": [""A numerical value was found with a value of greater than > 10 stds from the mean""], ""cell_value"": """", ""record_value"": """"}"
0,2026-01-29 20:14:28,"{""cell"": [3168, 244], ""error_types"": [""A numerical value was found with a value of greater than > 10 stds from the mean""], ""cell_value"": """", ""record_value"": """"}"
0,2026-01-29 20:14:28,"{""cell"": [3350, 244], ""error_types"": [""A numerical value was found with a value of greater than > 10 stds from the mean""], ""cell_value"": """", ""record_value"": """"}"
0,2026-01-29 20:14:28,"{""cell"": [3499, 244], ""error_types"": [""A numerical value was found with a value of greater than > 10 stds from the mean""], ""cell_value"": """", ""record_value"": """"}"
0,2026-01-29 20:14:28,"{""cell"": [2, 245], ""error_types"": [""A numerical value was found with a value of greater than > 10 stds from the mean""], ""cell_value"": """", ""record_value"": """"}"
0,2026-01-29 20:14:28,"{""cell"": [3, 245], ""error_types"": [""A numerical value was found with a value of greater than > 10 stds from the mean""], ""cell_value"": """", ""record_value"": """"}"
0,2026-01-29 20:14:28,"{""cell"": [4, 245], ""error_types"": [""A numerical value was found with a value of greater than > 10 stds from the mean""], ""cell_value"": """", ""record_value"": """"}"
0,2026-01-29 20:14:28,"{""cell"": [931, 245], ""error_types"": [""A numerical value was found with a value of greater than > 10 stds from the mean""], ""cell_value"": """", ""record_value"": """"}"
0,2026-01-29 20:14:28,"{""cell"": [1238, 245], ""error_types"": [""A numerical value was found with a value of greater than > 10 stds from the mean""], ""cell_value"": """", ""record_value"": """"}"
0,2026-01-29 20:14:28,"{""cell"": [2144, 245], ""error_types"": [""A numerical value was found with a value of greater than > 10 stds from the mean""], ""cell_value"": """", ""record_value"": """"}"
0,2026-01-29 20:14:28,"{""cell"": [3233, 245], ""error_types"": [""A numerical value was found with a value of greater than > 10 stds from the mean""], ""cell_value"": """", ""record_value"": """"}"
0,2026-01-29 20:14:28,"{""cell"": [702, 246], ""error_types"": [""A numerical value was found with a value of greater than > 10 stds from the mean""], ""cell_value"": """", ""record_value"": """"}"
0,2026-01-29 20:14:28,"{""cell"": [955, 246], ""error_types"": [""A numerical value was found with a value of greater than > 10 stds from the mean""], ""cell_value"": """", ""record_value"": """"}"
0,2026-01-29 20:14:28,"{""cell"": [2191, 246], ""error_types"": [""A numerical value was found with a value of greater than > 10 stds from the mean""], ""cell_value"": """", ""record_value"": """"}"
0,2026-01-29 20:14:28,"{""cell"": [2214, 246], ""error_types"": [""A numerical value was found with a value of greater than > 10 stds from the mean""], ""cell_value"": """", ""record_value"": """"}"
0,2026-01-29 20:14:28,"{""cell"": [2358, 246], ""error_types"": [""A numerical value was found with a value of greater than > 10 stds from the mean""], ""cell_value"": """", ""record_value"": """"}"
0,2026-01-29 20:14:28,"{""cell"": [2445, 246], ""error_types"": [""A numerical value was found with a value of greater than > 10 stds from the mean""], ""cell_value"": """", ""record_value"": """"}"
0,2026-01-29 20:14:28,"{""cell"": [3311, 246], ""error_types"": [""A numerical value was found with a value of greater than > 10 stds from the mean""], ""cell_value"": """", ""record_value"": """"}"
0,2026-01-29 20:14:28,"{""cell"": [3402, 246], ""error_types"": [""A numerical value was found with a value of greater than > 10 stds from the mean""], ""cell_value"": """", ""record_value"": """"}"
0,2026-01-29 20:14:28,"{""cell"": [3947, 246], ""error_types"": [""A numerical value was found with a value of greater than > 10 stds from the mean""], ""cell_value"": """", ""record_value"": """"}"
0,2026-01-29 20:14:28,"{""cell"": [4020, 246], ""error_types"": [""A numerical value was found with a value of greater than > 10 stds from the mean""], ""cell_value"": """", ""record_value"": """"}"
0,2026-01-29 20:14:28,"{""cell"": [289, 247], ""error_types"": [""A numerical value was found with a value of greater than > 10 stds from the mean""], ""cell_value"": """", ""record_value"": """"}"
0,2026-01-29 20:14:28,"{""cell"": [860, 247], ""error_types"": [""A numerical value was found with a value of greater than > 10 stds from the mean""], ""cell_value"": """", ""record_value"": """"}"
0,2026-01-29 20:14:28,"{""cell"": [1503, 247], ""error_types"": [""A numerical value was found with a value of greater than > 10 stds from the mean""], ""cell_value"": """", ""record_value"": """"}"
0,2026-01-29 20:14:28,"{""cell"": [1996, 247], ""error_types"": [""A numerical value was found with a value of greater than > 10 stds from the mean""], ""cell_value"": """", ""record_value"": """"}"
0,2026-01-29 20:14:28,"{""cell"": [2992, 247], ""error_types"": [""A numerical value was found with a value of greater than > 10 stds from the mean""], ""cell_value"": """", ""record_value"": """"}"
0,2026-01-29 20:14:28,"{""cell"": [3461, 247], ""error_types"": [""A numerical value was found with a value of greater than > 10 stds from the mean""], ""cell_value"": """", ""record_value"": """"}"
0,2026-01-29 20:14:28,"{""cell"": [3519, 247], ""error_types"": [""A numerical value was found with a value of greater than > 10 stds from the mean""], ""cell_value"": """", ""record_value"": """"}"
0,2026-01-29 20:14:28,"{""cell"": [3874, 247], ""error_types"": [""A numerical value was found with a value of greater than > 10 stds from the mean""], ""cell_value"": """", ""record_value"": """"}"
0,2026-01-29 20:14:28,"{""cell"": [175, 248], ""error_types"": [""A numerical value was found with a value of greater than > 10 stds from the mean""], ""cell_value"": """", ""record_value"": """"}"
0,2026-01-29 20:14:28,"{""cell"": [838, 248], ""error_types"": [""A numerical value was found with a value of greater than > 10 stds from the mean""], ""cell_value"": """", ""record_value"": """"}"
0,2026-01-29 20:14:28,"{""cell"": [1072, 248], ""error_types"": [""A numerical value was found with a value of greater than > 10 stds from the mean""], ""cell_value"": """", ""record_value"": """"}"
0,2026-01-29 20:14:28,"{""cell"": [517, 249], ""error_types"": [""A numerical value was found with a value of greater than > 10 stds from the mean""], ""cell_value"": """", ""record_value"": """"}"
0,2026-01-29 20:14:28,"{""cell"": [617, 249], ""error_types"": [""A numerical value was found with a value of greater than > 10 stds from the mean""], ""cell_value"": """", ""record_value"": """"}"
0,2026-01-29 20:14:28,"{""cell"": [1492, 249], ""error_types"": [""A numerical value was found with a value of greater than > 10 stds from the mean""], ""cell_value"": """", ""record_value"": """"}"
0,2026-01-29 20:14:28,"{""cell"": [1673, 249], ""error_types"": [""A numerical value was found with a value of greater than > 10 stds from the mean""], ""cell_value"": """", ""record_value"": """"}"
0,2026-01-29 20:14:28,"{""cell"": [1942, 249], ""error_types"": [""A numerical value was found with a value of greater than > 10 stds from the mean""], ""cell_value"": """", ""record_value"": """"}"
0,2026-01-29 20:14:28,"{""cell"": [1990, 249], ""error_types"": [""A numerical value was found with a value of greater than > 10 stds from the mean""], ""cell_value"": """", ""record_value"": """"}"
0,2026-01-29 20:14:28,"{""cell"": [3364, 249], ""error_types"": [""A numerical value was found with a value of greater than > 10 stds from the mean""], ""cell_value"": """", ""record_value"": """"}"
0,2026-01-29 20:14:28,"{""cell"": [646, 250], ""error_types"": [""A numerical value was found with a value of greater than > 10 stds from the mean""], ""cell_value"": """", ""record_value"": """"}"
0,2026-01-29 20:14:28,"{""cell"": [1233, 250], ""error_types"": [""A numerical value was found with a value of greater than > 10 stds from the mean""], ""cell_value"": """", ""record_value"": """"}"
0,2026-01-29 20:14:28,"{""cell"": [1291, 250], ""error_types"": [""A numerical value was found with a value of greater than > 10 stds from the mean""], ""cell_value"": """", ""record_value"": """"}"
0,2026-01-29 20:14:28,"{""cell"": [2535, 250], ""error_types"": [""A numerical value was found with a value of greater than > 10 stds from the mean""], ""cell_value"": """", ""record_value"": """"}"
0,2026-01-29 20:14:28,"{""cell"": [2805, 250], ""error_types"": [""A numerical value was found with a value of greater than > 10 stds from the mean""], ""cell_value"": """", ""record_value"": """"}"
0,2026-01-29 20:14:28,"{""cell"": [3972, 250], ""error_types"": [""A numerical value was found with a value of greater than > 10 stds from the mean""], ""cell_value"": """", ""record_value"": """"}"
0,2026-01-29 20:14:28,"{""cell"": [4116, 250], ""error_types"": [""A numerical value was found with a value of greater than > 10 stds from the mean""], ""cell_value"": """", ""record_value"": """"}"
0,2026-01-29 20:14:28,"{""cell"": [4118, 250], ""error_types"": [""A numerical value was found with a value of greater than > 10 stds from the mean""], ""cell_value"": """", ""record_value"": """"}"
0,2026-01-29 20:14:28,"{""cell"": [7, 251], ""error_types"": [""A numerical value was found with a value of greater than > 10 stds from the mean""], ""cell_value"": """", ""record_value"": """"}"
0,2026-01-29 20:14:28,"{""cell"": [399, 251], ""error_types"": [""A numerical value was found with a value of greater than > 10 stds from the mean""], ""cell_value"": """", ""record_value"": """"}"
0,2026-01-29 20:14:28,"{""cell"": [648, 251], ""error_types"": [""A numerical value was found with a value of greater than > 10 stds from the mean""], ""cell_value"": """", ""record_value"": """"}"
0,2026-01-29 20:14:28,"{""cell"": [1294, 251], ""error_types"": [""A numerical value was found with a value of greater than > 10 stds from the mean""], ""cell_value"": """", ""record_value"": """"}"
0,2026-01-29 20:14:28,"{""cell"": [2746, 251], ""error_types"": [""A numerical value was found with a value of greater than > 10 stds from the mean""], ""cell_value"": """", ""record_value"": """"}"
0,2026-01-29 20:14:28,"{""cell"": [2857, 251], ""error_types"": [""A numerical value was found with a value of greater than > 10 stds from the mean""], ""cell_value"": """", ""record_value"": """"}"
0,2026-01-29 20:14:28,"{""cell"": [3304, 251], ""error_types"": [""A numerical value was found with a value of greater than > 10 stds from the mean""], ""cell_value"": """", ""record_value"": """"}"
0,2026-01-29 20:14:28,"{""cell"": [3862, 251], ""error_types"": [""A numerical value was found with a value of greater than > 10 stds from the mean""], ""cell_value"": """", ""record_value"": """"}"
0,2026-01-29 20:14:28,"{""cell"": [218, 252], ""error_types"": [""A numerical value was found with a value of greater than > 10 stds from the mean""], ""cell_value"": """", ""record_value"": """"}"
0,2026-01-29 20:14:28,"{""cell"": [424, 252], ""error_types"": [""A numerical value was found with a value of greater than > 10 stds from the mean""], ""cell_value"": """", ""record_value"": """"}"
0,2026-01-29 20:14:28,"{""cell"": [835, 252], ""error_types"": [""A numerical value was found with a value of greater than > 10 stds from the mean""], ""cell_value"": """", ""record_value"": """"}"
0,2026-01-29 20:14:28,"{""cell"": [1300, 252], ""error_types"": [""A numerical value was found with a value of greater than > 10 stds from the mean""], ""cell_value"": """", ""record_value"": """"}"
0,2026-01-29 20:14:28,"{""cell"": [666, 253], ""error_types"": [""A numerical value was found with a value of greater than > 10 stds from the mean""], ""cell_value"": """", ""record_value"": """"}"
0,2026-01-29 20:14:28,"{""cell"": [1201, 253], ""error_types"": [""A numerical value was found with a value of greater than > 10 stds from the mean""], ""cell_value"": """", ""record_value"": """"}"
0,2026-01-29 20:14:28,"{""cell"": [1250, 253], ""error_types"": [""A numerical value was found with a value of greater than > 10 stds from the mean""], ""cell_value"": """", ""record_value"": """"}"
0,2026-01-29 20:14:28,"{""cell"": [2375, 253], ""error_types"": [""A numerical value was found with a value of greater than > 10 stds from the mean""], ""cell_value"": """", ""record_value"": """"}"
0,2026-01-29 20:14:28,"{""cell"": [4069, 253], ""error_types"": [""A numerical value was found with a value of greater than > 10 stds from the mean""], ""cell_value"": """", ""record_value"": """"}"
0,2026-01-29 20:14:28,"{""cell"": [160, 254], ""error_types"": [""A numerical value was found with a value of greater than > 10 stds from the mean""], ""cell_value"": """", ""record_value"": """"}"
0,2026-01-29 20:14:29,"{""cell"": [0, 255], ""error_types"": [""A numerical value was found with a value of greater than > 10 stds from the mean""], ""cell_value"": """", ""record_value"": """"}"
0,2026-01-29 20:14:29,"{""cell"": [202, 255], ""error_types"": [""A numerical value was found with a value of greater than > 10 stds from the mean""], ""cell_value"": """", ""record_value"": """"}"
0,2026-01-29 20:14:29,"{""cell"": [286, 255], ""error_types"": [""A numerical value was found with a value of greater than > 10 stds from the mean""], ""cell_value"": """", ""record_value"": """"}"
0,2026-01-29 20:14:29,"{""cell"": [1322, 255], ""error_types"": [""A numerical value was found with a value of greater than > 10 stds from the mean""], ""cell_value"": """", ""record_value"": """"}"
0,2026-01-29 20:14:29,"{""cell"": [1513, 255], ""error_types"": [""A numerical value was found with a value of greater than > 10 stds from the mean""], ""cell_value"": """", ""record_value"": """"}"
0,2026-01-29 20:14:29,"{""cell"": [1625, 255], ""error_types"": [""A numerical value was found with a value of greater than > 10 stds from the mean""], ""cell_value"": """", ""record_value"": """"}"
0,2026-01-29 20:14:29,"{""cell"": [1680, 255], ""error_types"": [""A numerical value was found with a value of greater than > 10 stds from the mean""], ""cell_value"": """", ""record_value"": """"}"
0,2026-01-29 20:14:29,"{""cell"": [1803, 255], ""error_types"": [""A numerical value was found with a value of greater than > 10 stds from the mean""], ""cell_value"": """", ""record_value"": """"}"
0,2026-01-29 20:14:29,"{""cell"": [1857, 255], ""error_types"": [""A numerical value was found with a value of greater than > 10 stds from the mean""], ""cell_value"": """", ""record_value"": """"}"
0,2026-01-29 20:14:29,"{""cell"": [1868, 255], ""error_types"": [""A numerical value was found with a value of greater than > 10 stds from the mean""], ""cell_value"": """", ""record_value"": """"}"
0,2026-01-29 20:14:29,"{""cell"": [3057, 255], ""error_types"": [""A numerical value was found with a value of greater than > 10 stds from the mean""], ""cell_value"": """", ""record_value"": """"}"
0,2026-01-29 20:14:29,"{""cell"": [2549, 256], ""error_types"": [""A numerical value was found with a value of greater than > 10 stds from the mean""], ""cell_value"": """", ""record_value"": """"}"
0,2026-01-29 20:14:29,"{""cell"": [3543, 256], ""error_types"": [""A numerical value was found with a value of greater than > 10 stds from the mean""], ""cell_value"": """", ""record_value"": """"}"
0,2026-01-29 20:14:29,"{""cell"": [3926, 256], ""error_types"": [""A numerical value was found with a value of greater than > 10 stds from the mean""], ""cell_value"": """", ""record_value"": """"}"
0,2026-01-29 20:14:29,"{""cell"": [193, 257], ""error_types"": [""A numerical value was found with a value of greater than > 10 stds from the mean""], ""cell_value"": """", ""record_value"": """"}"
0,2026-01-29 20:14:29,"{""cell"": [604, 257], ""error_types"": [""A numerical value was found with a value of greater than > 10 stds from the mean""], ""cell_value"": """", ""record_value"": """"}"
0,2026-01-29 20:14:29,"{""cell"": [666, 257], ""error_types"": [""A numerical value was found with a value of greater than > 10 stds from the mean""], ""cell_value"": """", ""record_value"": """"}"
0,2026-01-29 20:14:29,"{""cell"": [834, 257], ""error_types"": [""A numerical value was found with a value of greater than > 10 stds from the mean""], ""cell_value"": """", ""record_value"": """"}"
0,2026-01-29 20:14:29,"{""cell"": [2329, 257], ""error_types"": [""A numerical value was found with a value of greater than > 10 stds from the mean""], ""cell_value"": """", ""record_value"": """"}"
0,2026-01-29 20:14:29,"{""cell"": [3860, 257], ""error_types"": [""A numerical value was found with a value of greater than > 10 stds from the mean""], ""cell_value"": """", ""record_value"": """"}"
0,2026-01-29 20:14:29,"{""cell"": [3862, 257], ""error_types"": [""A numerical value was found with a value of greater than > 10 stds from the mean""], ""cell_value"": """", ""record_value"": """"}"
0,2026-01-29 20:14:29,"{""cell"": [1094, 258], ""error_types"": [""A numerical value was found with a value of greater than > 10 stds from the mean""], ""cell_value"": """", ""record_value"": """"}"
0,2026-01-29 20:14:29,"{""cell"": [1710, 258], ""error_types"": [""A numerical value was found with a value of greater than > 10 stds from the mean""], ""cell_value"": """", ""record_value"": """"}"
0,2026-01-29 20:14:29,"{""cell"": [2795, 258], ""error_types"": [""A numerical value was found with a value of greater than > 10 stds from the mean""], ""cell_value"": """", ""record_value"": """"}"
0,2026-01-29 20:14:29,"{""cell"": [3689, 258], ""error_types"": [""A numerical value was found with a value of greater than > 10 stds from the mean""], ""cell_value"": """", ""record_value"": """"}"
0,2026-01-29 20:14:29,"{""cell"": [3803, 258], ""error_types"": [""A numerical value was found with a value of greater than > 10 stds from the mean""], ""cell_value"": """", ""record_value"": """"}"
0,2026-01-29 20:14:29,"{""cell"": [0, 259], ""error_types"": [""A numerical value was found with a value of greater than > 10 stds from the mean""], ""cell_value"": """", ""record_value"": """"}"
0,2026-01-29 20:14:29,"{""cell"": [1322, 259], ""error_types"": [""A numerical value was found with a value of greater than > 10 stds from the mean""], ""cell_value"": """", ""record_value"": """"}"
0,2026-01-29 20:14:29,"{""cell"": [1513, 259], ""error_types"": [""A numerical value was found with a value of greater than > 10 stds from the mean""], ""cell_value"": """", ""record_value"": """"}"
0,2026-01-29 20:14:29,"{""cell"": [1625, 259], ""error_types"": [""A numerical value was found with a value of greater than > 10 stds from the mean""], ""cell_value"": """", ""record_value"": """"}"
0,2026-01-29 20:14:29,"{""cell"": [1680, 259], ""error_types"": [""A numerical value was found with a value of greater than > 10 stds from the mean""], ""cell_value"": """", ""record_value"": """"}"
0,2026-01-29 20:14:29,"{""cell"": [1868, 259], ""error_types"": [""A numerical value was found with a value of greater than > 10 stds from the mean""], ""cell_value"": """", ""record_value"": """"}"
0,2026-01-29 20:14:29,"{""cell"": [41, 260], ""error_types"": [""A numerical value was found with a value of greater than > 10 stds from the mean""], ""cell_value"": """", ""record_value"": """"}"
0,2026-01-29 20:14:29,"{""cell"": [627, 260], ""error_types"": [""A numerical value was found with a value of greater than > 10 stds from the mean""], ""cell_value"": """", ""record_value"": """"}"
0,2026-01-29 20:14:29,"{""cell"": [896, 260], ""error_types"": [""A numerical value was found with a value of greater than > 10 stds from the mean""], ""cell_value"": """", ""record_value"": """"}"
0,2026-01-29 20:14:29,"{""cell"": [911, 260], ""error_types"": [""A numerical value was found with a value of greater than > 10 stds from the mean""], ""cell_value"": """", ""record_value"": """"}"
0,2026-01-29 20:14:29,"{""cell"": [1400, 260], ""error_types"": [""A numerical value was found with a value of greater than > 10 stds from the mean""], ""cell_value"": """", ""record_value"": """"}"
0,2026-01-29 20:14:29,"{""cell"": [1843, 260], ""error_types"": [""A numerical value was found with a value of greater than > 10 stds from the mean""], ""cell_value"": """", ""record_value"": """"}"
0,2026-01-29 20:14:29,"{""cell"": [2374, 260], ""error_types"": [""A numerical value was found with a value of greater than > 10 stds from the mean""], ""cell_value"": """", ""record_value"": """"}"
0,2026-01-29 20:14:29,"{""cell"": [2536, 260], ""error_types"": [""A numerical value was found with a value of greater than > 10 stds from the mean""], ""cell_value"": """", ""record_value"": """"}"
0,2026-01-29 20:14:29,"{""cell"": [2846, 260], ""error_types"": [""A numerical value was found with a value of greater than > 10 stds from the mean""], ""cell_value"": """", ""record_value"": """"}"
0,2026-01-29 20:14:29,"{""cell"": [3707, 260], ""error_types"": [""A numerical value was found with a value of greater than > 10 stds from the mean""], ""cell_value"": """", ""record_value"": """"}"
0,2026-01-29 20:14:29,"{""cell"": [4035, 260], ""error_types"": [""A numerical value was found with a value of greater than > 10 stds from the mean""], ""cell_value"": """", ""record_value"": """"}"
0,2026-01-29 20:14:29,"{""cell"": [547, 261], ""error_types"": [""A numerical value was found with a value of greater than > 10 stds from the mean""], ""cell_value"": """", ""record_value"": """"}"
0,2026-01-29 20:14:29,"{""cell"": [778, 261], ""error_types"": [""A numerical value was found with a value of greater than > 10 stds from the mean""], ""cell_value"": """", ""record_value"": """"}"
0,2026-01-29 20:14:29,"{""cell"": [851, 261], ""error_types"": [""A numerical value was found with a value of greater than > 10 stds from the mean""], ""cell_value"": """", ""record_value"": """"}"
0,2026-01-29 20:14:29,"{""cell"": [1336, 261], ""error_types"": [""A numerical value was found with a value of greater than > 10 stds from the mean""], ""cell_value"": """", ""record_value"": """"}"
0,2026-01-29 20:14:29,"{""cell"": [1517, 261], ""error_types"": [""A numerical value was found with a value of greater than > 10 stds from the mean""], ""cell_value"": """", ""record_value"": """"}"
0,2026-01-29 20:14:29,"{""cell"": [1565, 261], ""error_types"": [""A numerical value was found with a value of greater than > 10 stds from the mean""], ""cell_value"": """", ""record_value"": """"}"
0,2026-01-29 20:14:29,"{""cell"": [2007, 261], ""error_types"": [""A numerical value was found with a value of greater than > 10 stds from the mean""], ""cell_value"": """", ""record_value"": """"}"
0,2026-01-29 20:14:29,"{""cell"": [2249, 261], ""error_types"": [""A numerical value was found with a value of greater than > 10 stds from the mean""], ""cell_value"": """", ""record_value"": """"}"
0,2026-01-29 20:14:29,"{""cell"": [2516, 261], ""error_types"": [""A numerical value was found with a value of greater than > 10 stds from the mean""], ""cell_value"": """", ""record_value"": """"}"
0,2026-01-29 20:14:29,"{""cell"": [2848, 261], ""error_types"": [""A numerical value was found with a value of greater than > 10 stds from the mean""], ""cell_value"": """", ""record_value"": """"}"
0,2026-01-29 20:14:29,"{""cell"": [3099, 261], ""error_types"": [""A numerical value was found with a value of greater than > 10 stds from the mean""], ""cell_value"": """", ""record_value"": """"}"
0,2026-01-29 20:14:29,"{""cell"": [3423, 261], ""error_types"": [""A numerical value was found with a value of greater than > 10 stds from the mean""], ""cell_value"": """", ""record_value"": """"}"
0,2026-01-29 20:14:29,"{""cell"": [3891, 261], ""error_types"": [""A numerical value was found with a value of greater than > 10 stds from the mean""], ""cell_value"": """", ""record_value"": """"}"
0,2026-01-29 20:14:29,"{""cell"": [1282, 262], ""error_types"": [""A numerical value was found with a value of greater than > 10 stds from the mean""], ""cell_value"": """", ""record_value"": """"}"
0,2026-01-29 20:14:29,"{""cell"": [1295, 262], ""error_types"": [""A numerical value was found with a value of greater than > 10 stds from the mean""], ""cell_value"": """", ""record_value"": """"}"
0,2026-01-29 20:14:29,"{""cell"": [1700, 262], ""error_types"": [""A numerical value was found with a value of greater than > 10 stds from the mean""], ""cell_value"": """", ""record_value"": """"}"
0,2026-01-29 20:14:29,"{""cell"": [2561, 262], ""error_types"": [""A numerical value was found with a value of greater than > 10 stds from the mean""], ""cell_value"": """", ""record_value"": """"}"
0,2026-01-29 20:14:29,"{""cell"": [707, 263], ""error_types"": [""A numerical value was found with a value of greater than > 10 stds from the mean""], ""cell_value"": """", ""record_value"": """"}"
0,2026-01-29 20:14:29,"{""cell"": [1023, 263], ""error_types"": [""A numerical value was found with a value of greater than > 10 stds from the mean""], ""cell_value"": """", ""record_value"": """"}"
0,2026-01-29 20:14:29,"{""cell"": [2128, 263], ""error_types"": [""A numerical value was found with a value of greater than > 10 stds from the mean""], ""cell_value"": """", ""record_value"": """"}"
0,2026-01-29 20:14:29,"{""cell"": [2196, 263], ""error_types"": [""A numerical value was found with a value of greater than > 10 stds from the mean""], ""cell_value"": """", ""record_value"": """"}"
0,2026-01-29 20:14:29,"{""cell"": [2781, 263], ""error_types"": [""A numerical value was found with a value of greater than > 10 stds from the mean""], ""cell_value"": """", ""record_value"": """"}"
0,2026-01-29 20:14:29,"{""cell"": [4043, 263], ""error_types"": [""A numerical value was found with a value of greater than > 10 stds from the mean""], ""cell_value"": """", ""record_value"": """"}"
0,2026-01-29 20:14:29,"{""cell"": [360, 264], ""error_types"": [""A numerical value was found with a value of greater than > 10 stds from the mean""], ""cell_value"": """", ""record_value"": """"}"
0,2026-01-29 20:14:29,"{""cell"": [452, 264], ""error_types"": [""A numerical value was found with a value of greater than > 10 stds from the mean""], ""cell_value"": """", ""record_value"": """"}"
0,2026-01-29 20:14:29,"{""cell"": [734, 264], ""error_types"": [""A numerical value was found with a value of greater than > 10 stds from the mean""], ""cell_value"": """", ""record_value"": """"}"
0,2026-01-29 20:14:29,"{""cell"": [945, 264], ""error_types"": [""A numerical value was found with a value of greater than > 10 stds from the mean""], ""cell_value"": """", ""record_value"": """"}"
0,2026-01-29 20:14:29,"{""cell"": [1029, 264], ""error_types"": [""A numerical value was found with a value of greater than > 10 stds from the mean""], ""cell_value"": """", ""record_value"": """"}"
0,2026-01-29 20:14:29,"{""cell"": [1038, 264], ""error_types"": [""A numerical value was found with a value of greater than > 10 stds from the mean""], ""cell_value"": """", ""record_value"": """"}"
0,2026-01-29 20:14:29,"{""cell"": [1788, 264], ""error_types"": [""A numerical value was found with a value of greater than > 10 stds from the mean""], ""cell_value"": """", ""record_value"": """"}"
0,2026-01-29 20:14:29,"{""cell"": [2101, 264], ""error_types"": [""A numerical value was found with a value of greater than > 10 stds from the mean""], ""cell_value"": """", ""record_value"": """"}"
0,2026-01-29 20:14:29,"{""cell"": [3383, 264], ""error_types"": [""A numerical value was found with a value of greater than > 10 stds from the mean""], ""cell_value"": """", ""record_value"": """"}"
0,2026-01-29 20:14:29,"{""cell"": [3882, 264], ""error_types"": [""A numerical value was found with a value of greater than > 10 stds from the mean""], ""cell_value"": """", ""record_value"": """"}"
0,2026-01-29 20:14:29,"{""cell"": [610, 265], ""error_types"": [""A numerical value was found with a value of greater than > 10 stds from the mean""], ""cell_value"": """", ""record_value"": """"}"
0,2026-01-29 20:14:29,"{""cell"": [1857, 265], ""error_types"": [""A numerical value was found with a value of greater than > 10 stds from the mean""], ""cell_value"": """", ""record_value"": """"}"
0,2026-01-29 20:14:29,"{""cell"": [2473, 265], ""error_types"": [""A numerical value was found with a value of greater than > 10 stds from the mean""], ""cell_value"": """", ""record_value"": """"}"
0,2026-01-29 20:14:29,"{""cell"": [4185, 265], ""error_types"": [""A numerical value was found with a value of greater than > 10 stds from the mean""], ""cell_value"": """", ""record_value"": """"}"
0,2026-01-29 20:14:29,"{""cell"": [547, 266], ""error_types"": [""A numerical value was found with a value of greater than > 10 stds from the mean""], ""cell_value"": """", ""record_value"": """"}"
0,2026-01-29 20:14:29,"{""cell"": [1053, 266], ""error_types"": [""A numerical value was found with a value of greater than > 10 stds from the mean""], ""cell_value"": """", ""record_value"": """"}"
0,2026-01-29 20:14:29,"{""cell"": [1389, 266], ""error_types"": [""A numerical value was found with a value of greater than > 10 stds from the mean""], ""cell_value"": """", ""record_value"": """"}"
0,2026-01-29 20:14:29,"{""cell"": [1437, 266], ""error_types"": [""A numerical value was found with a value of greater than > 10 stds from the mean""], ""cell_value"": """", ""record_value"": """"}"
0,2026-01-29 20:14:29,"{""cell"": [2222, 266], ""error_types"": [""A numerical value was found with a value of greater than > 10 stds from the mean""], ""cell_value"": """", ""record_value"": """"}"
0,2026-01-29 20:14:29,"{""cell"": [169, 267], ""error_types"": [""A numerical value was found with a value of greater than > 10 stds from the mean""], ""cell_value"": """", ""record_value"": """"}"
0,2026-01-29 20:14:29,"{""cell"": [2302, 267], ""error_types"": [""A numerical value was found with a value of greater than > 10 stds from the mean""], ""cell_value"": """", ""record_value"": """"}"
0,2026-01-29 20:14:29,"{""cell"": [2330, 267], ""error_types"": [""A numerical value was found with a value of greater than > 10 stds from the mean""], ""cell_value"": """", ""record_value"": """"}"
0,2026-01-29 20:14:29,"{""cell"": [3732, 267], ""error_types"": [""A numerical value was found with a value of greater than > 10 stds from the mean""], ""cell_value"": """", ""record_value"": """"}"
0,2026-01-29 20:14:29,"{""cell"": [489, 268], ""error_types"": [""A numerical value was found with a value of greater than > 10 stds from the mean""], ""cell_value"": """", ""record_value"": """"}"
0,2026-01-29 20:14:29,"{""cell"": [697, 268], ""error_types"": [""A numerical value was found with a value of greater than > 10 stds from the mean""], ""cell_value"": """", ""record_value"": """"}"
0,2026-01-29 20:14:29,"{""cell"": [392, 269], ""error_types"": [""A numerical value was found with a value of greater than > 10 stds from the mean""], ""cell_value"": """", ""record_value"": """"}"
0,2026-01-29 20:14:29,"{""cell"": [1514, 269], ""error_types"": [""A numerical value was found with a value of greater than > 10 stds from the mean""], ""cell_value"": """", ""record_value"": """"}"
0,2026-01-29 20:14:29,"{""cell"": [2236, 269], ""error_types"": [""A numerical value was found with a value of greater than > 10 stds from the mean""], ""cell_value"": """", ""record_value"": """"}"
0,2026-01-29 20:14:29,"{""cell"": [3284, 269], ""error_types"": [""A numerical value was found with a value of greater than > 10 stds from the mean""], ""cell_value"": """", ""record_value"": """"}"
0,2026-01-29 20:14:29,"{""cell"": [3595, 269], ""error_types"": [""A numerical value was found with a value of greater than > 10 stds from the mean""], ""cell_value"": """", ""record_value"": """"}"
0,2026-01-29 20:14:29,"{""cell"": [591, 270], ""error_types"": [""A numerical value was found with a value of greater than > 10 stds from the mean""], ""cell_value"": """", ""record_value"": """"}"
0,2026-01-29 20:14:29,"{""cell"": [1472, 270], ""error_types"": [""A numerical value was found with a value of greater than > 10 stds from the mean""], ""cell_value"": """", ""record_value"": """"}"
0,2026-01-29 20:14:29,"{""cell"": [1834, 270], ""error_types"": [""A numerical value was found with a value of greater than > 10 stds from the mean""], ""cell_value"": """", ""record_value"": """"}"
0,2026-01-29 20:14:29,"{""cell"": [2932, 270], ""error_types"": [""A numerical value was found with a value of greater than > 10 stds from the mean""], ""cell_value"": """", ""record_value"": """"}"
0,2026-01-29 20:14:29,"{""cell"": [3149, 270], ""error_types"": [""A numerical value was found with a value of greater than > 10 stds from the mean""], ""cell_value"": """", ""record_value"": """"}"
0,2026-01-29 20:14:29,"{""cell"": [3544, 270], ""error_types"": [""A numerical value was found with a value of greater than > 10 stds from the mean""], ""cell_value"": """", ""record_value"": """"}"
0,2026-01-29 20:14:29,"{""cell"": [3668, 270], ""error_types"": [""A numerical value was found with a value of greater than > 10 stds from the mean""], ""cell_value"": """", ""record_value"": """"}"
0,2026-01-29 20:14:29,"{""cell"": [3876, 270], ""error_types"": [""A numerical value was found with a value of greater than > 10 stds from the mean""], ""cell_value"": """", ""record_value"": """"}"
0,2026-01-29 20:14:29,"{""cell"": [540, 271], ""error_types"": [""A numerical value was found with a value of greater than > 10 stds from the mean""], ""cell_value"": """", ""record_value"": """"}"
0,2026-01-29 20:14:29,"{""cell"": [1738, 271], ""error_types"": [""A numerical value was found with a value of greater than > 10 stds from the mean""], ""cell_value"": """", ""record_value"": """"}"
0,2026-01-29 20:14:29,"{""cell"": [1772, 271], ""error_types"": [""A numerical value was found with a value of greater than > 10 stds from the mean""], ""cell_value"": """", ""record_value"": """"}"
0,2026-01-29 20:14:29,"{""cell"": [2604, 271], ""error_types"": [""A numerical value was found with a value of greater than > 10 stds from the mean""], ""cell_value"": """", ""record_value"": """"}"
0,2026-01-29 20:14:29,"{""cell"": [2906, 271], ""error_types"": [""A numerical value was found with a value of greater than > 10 stds from the mean""], ""cell_value"": """", ""record_value"": """"}"
0,2026-01-29 20:14:29,"{""cell"": [2965, 271], ""error_types"": [""A numerical value was found with a value of greater than > 10 stds from the mean""], ""cell_value"": """", ""record_value"": """"}"
0,2026-01-29 20:14:29,"{""cell"": [690, 272], ""error_types"": [""A numerical value was found with a value of greater than > 10 stds from the mean""], ""cell_value"": """", ""record_value"": """"}"
0,2026-01-29 20:14:29,"{""cell"": [1097, 272], ""error_types"": [""A numerical value was found with a value of greater than > 10 stds from the mean""], ""cell_value"": """", ""record_value"": """"}"
0,2026-01-29 20:14:29,"{""cell"": [154, 273], ""error_types"": [""A numerical value was found with a value of greater than > 10 stds from the mean""], ""cell_value"": """", ""record_value"": """"}"
0,2026-01-29 20:14:29,"{""cell"": [3492, 273], ""error_types"": [""A numerical value was found with a value of greater than > 10 stds from the mean""], ""cell_value"": """", ""record_value"": """"}"
0,2026-01-29 20:14:29,"{""cell"": [1593, 274], ""error_types"": [""A numerical value was found with a value of greater than > 10 stds from the mean""], ""cell_value"": """", ""record_value"": """"}"
0,2026-01-29 20:14:29,"{""cell"": [1863, 274], ""error_types"": [""A numerical value was found with a value of greater than > 10 stds from the mean""], ""cell_value"": """", ""record_value"": """"}"
0,2026-01-29 20:14:29,"{""cell"": [1907, 274], ""error_types"": [""A numerical value was found with a value of greater than > 10 stds from the mean""], ""cell_value"": """", ""record_value"": """"}"
0,2026-01-29 20:14:29,"{""cell"": [2245, 274], ""error_types"": [""A numerical value was found with a value of greater than > 10 stds from the mean""], ""cell_value"": """", ""record_value"": """"}"
0,2026-01-29 20:14:29,"{""cell"": [2335, 274], ""error_types"": [""A numerical value was found with a value of greater than > 10 stds from the mean""], ""cell_value"": """", ""record_value"": """"}"
0,2026-01-29 20:14:29,"{""cell"": [4177, 274], ""error_types"": [""A numerical value was found with a value of greater than > 10 stds from the mean""], ""cell_value"": """", ""record_value"": """"}"
0,2026-01-29 20:14:29,"{""cell"": [597, 275], ""error_types"": [""A numerical value was found with a value of greater than > 10 stds from the mean""], ""cell_value"": """", ""record_value"": """"}"
0,2026-01-29 20:14:29,"{""cell"": [1061, 275], ""error_types"": [""A numerical value was found with a value of greater than > 10 stds from the mean""], ""cell_value"": """", ""record_value"": """"}"
0,2026-01-29 20:14:29,"{""cell"": [2175, 275], ""error_types"": [""A numerical value was found with a value of greater than > 10 stds from the mean""], ""cell_value"": """", ""record_value"": """"}"
0,2026-01-29 20:14:29,"{""cell"": [2207, 275], ""error_types"": [""A numerical value was found with a value of greater than > 10 stds from the mean""], ""cell_value"": """", ""record_value"": """"}"
0,2026-01-29 20:14:29,"{""cell"": [2495, 275], ""error_types"": [""A numerical value was found with a value of greater than > 10 stds from the mean""], ""cell_value"": """", ""record_value"": """"}"
0,2026-01-29 20:14:29,"{""cell"": [3501, 275], ""error_types"": [""A numerical value was found with a value of greater than > 10 stds from the mean""], ""cell_value"": """", ""record_value"": """"}"
0,2026-01-29 20:14:29,"{""cell"": [740, 276], ""error_types"": [""A numerical value was found with a value of greater than > 10 stds from the mean""], ""cell_value"": """", ""record_value"": """"}"
0,2026-01-29 20:14:29,"{""cell"": [1813, 276], ""error_types"": [""A numerical value was found with a value of greater than > 10 stds from the mean""], ""cell_value"": """", ""record_value"": """"}"
0,2026-01-29 20:14:29,"{""cell"": [2075, 276], ""error_types"": [""A numerical value was found with a value of greater than > 10 stds from the mean""], ""cell_value"": """", ""record_value"": """"}"
0,2026-01-29 20:14:29,"{""cell"": [3128, 276], ""error_types"": [""A numerical value was found with a value of greater than > 10 stds from the mean""], ""cell_value"": """", ""record_value"": """"}"
0,2026-01-29 20:14:29,"{""cell"": [3440, 276], ""error_types"": [""A numerical value was found with a value of greater than > 10 stds from the mean""], ""cell_value"": """", ""record_value"": """"}"
0,2026-01-29 20:14:29,"{""cell"": [3620, 276], ""error_types"": [""A numerical value was found with a value of greater than > 10 stds from the mean""], ""cell_value"": """", ""record_value"": """"}"
0,2026-01-29 20:14:29,"{""cell"": [3789, 276], ""error_types"": [""A numerical value was found with a value of greater than > 10 stds from the mean""], ""cell_value"": """", ""record_value"": """"}"
0,2026-01-29 20:14:29,"{""cell"": [7, 277], ""error_types"": [""A numerical value was found with a value of greater than > 10 stds from the mean""], ""cell_value"": """", ""record_value"": """"}"
0,2026-01-29 20:14:29,"{""cell"": [83, 277], ""error_types"": [""A numerical value was found with a value of greater than > 10 stds from the mean""], ""cell_value"": """", ""record_value"": """"}"
0,2026-01-29 20:14:29,"{""cell"": [834, 277], ""error_types"": [""A numerical value was found with a value of greater than > 10 stds from the mean""], ""cell_value"": """", ""record_value"": """"}"
0,2026-01-29 20:14:29,"{""cell"": [950, 277], ""error_types"": [""A numerical value was found with a value of greater than > 10 stds from the mean""], ""cell_value"": """", ""record_value"": """"}"
0,2026-01-29 20:14:29,"{""cell"": [1596, 277], ""error_types"": [""A numerical value was found with a value of greater than > 10 stds from the mean""], ""cell_value"": """", ""record_value"": """"}"
0,2026-01-29 20:14:29,"{""cell"": [811, 278], ""error_types"": [""A numerical value was found with a value of greater than > 10 stds from the mean""], ""cell_value"": """", ""record_value"": """"}"
0,2026-01-29 20:14:29,"{""cell"": [1515, 278], ""error_types"": [""A numerical value was found with a value of greater than > 10 stds from the mean""], ""cell_value"": """", ""record_value"": """"}"
0,2026-01-29 20:14:29,"{""cell"": [3176, 278], ""error_types"": [""A numerical value was found with a value of greater than > 10 stds from the mean""], ""cell_value"": """", ""record_value"": """"}"
0,2026-01-29 20:14:29,"{""cell"": [1662, 279], ""error_types"": [""A numerical value was found with a value of greater than > 10 stds from the mean""], ""cell_value"": """", ""record_value"": """"}"
0,2026-01-29 20:14:29,"{""cell"": [2464, 279], ""error_types"": [""A numerical value was found with a value of greater than > 10 stds from the mean""], ""cell_value"": """", ""record_value"": """"}"
0,2026-01-29 20:14:29,"{""cell"": [3070, 279], ""error_types"": [""A numerical value was found with a value of greater than > 10 stds from the mean""], ""cell_value"": """", ""record_value"": """"}"
0,2026-01-29 20:14:29,"{""cell"": [3542, 279], ""error_types"": [""A numerical value was found with a value of greater than > 10 stds from the mean""], ""cell_value"": """", ""record_value"": """"}"
0,2026-01-29 20:14:29,"{""cell"": [4004, 279], ""error_types"": [""A numerical value was found with a value of greater than > 10 stds from the mean""], ""cell_value"": """", ""record_value"": """"}"
0,2026-01-29 20:14:29,"{""cell"": [564, 280], ""error_types"": [""A numerical value was found with a value of greater than > 10 stds from the mean""], ""cell_value"": """", ""record_value"": """"}"
0,2026-01-29 20:14:29,"{""cell"": [1266, 280], ""error_types"": [""A numerical value was found with a value of greater than > 10 stds from the mean""], ""cell_value"": """", ""record_value"": """"}"
0,2026-01-29 20:14:29,"{""cell"": [1342, 280], ""error_types"": [""A numerical value was found with a value of greater than > 10 stds from the mean""], ""cell_value"": """", ""record_value"": """"}"
0,2026-01-29 20:14:29,"{""cell"": [3253, 280], ""error_types"": [""A numerical value was found with a value of greater than > 10 stds from the mean""], ""cell_value"": """", ""record_value"": """"}"
0,2026-01-29 20:14:29,"{""cell"": [431, 281], ""error_types"": [""A numerical value was found with a value of greater than > 10 stds from the mean""], ""cell_value"": """", ""record_value"": """"}"
0,2026-01-29 20:14:29,"{""cell"": [1639, 281], ""error_types"": [""A numerical value was found with a value of greater than > 10 stds from the mean""], ""cell_value"": """", ""record_value"": """"}"
0,2026-01-29 20:14:29,"{""cell"": [2341, 281], ""error_types"": [""A numerical value was found with a value of greater than > 10 stds from the mean""], ""cell_value"": """", ""record_value"": """"}"
0,2026-01-29 20:14:29,"{""cell"": [3204, 281], ""error_types"": [""A numerical value was found with a value of greater than > 10 stds from the mean""], ""cell_value"": """", ""record_value"": """"}"
0,2026-01-29 20:14:29,"{""cell"": [3460, 281], ""error_types"": [""A numerical value was found with a value of greater than > 10 stds from the mean""], ""cell_value"": """", ""record_value"": """"}"
0,2026-01-29 20:14:29,"{""cell"": [75, 282], ""error_types"": [""A numerical value was found with a value of greater than > 10 stds from the mean""], ""cell_value"": """", ""record_value"": """"}"
0,2026-01-29 20:14:29,"{""cell"": [1282, 282], ""error_types"": [""A numerical value was found with a value of greater than > 10 stds from the mean""], ""cell_value"": """", ""record_value"": """"}"
0,2026-01-29 20:14:29,"{""cell"": [1703, 282], ""error_types"": [""A numerical value was found with a value of greater than > 10 stds from the mean""], ""cell_value"": """", ""record_value"": """"}"
0,2026-01-29 20:14:29,"{""cell"": [1716, 282], ""error_types"": [""A numerical value was found with a value of greater than > 10 stds from the mean""], ""cell_value"": """", ""record_value"": """"}"
0,2026-01-29 20:14:29,"{""cell"": [2760, 282], ""error_types"": [""A numerical value was found with a value of greater than > 10 stds from the mean""], ""cell_value"": """", ""record_value"": """"}"
0,2026-01-29 20:14:29,"{""cell"": [3879, 282], ""error_types"": [""A numerical value was found with a value of greater than > 10 stds from the mean""], ""cell_value"": """", ""record_value"": """"}"
0,2026-01-29 20:14:29,"{""cell"": [4030, 282], ""error_types"": [""A numerical value was found with a value of greater than > 10 stds from the mean""], ""cell_value"": """", ""record_value"": """"}"
0,2026-01-29 20:14:30,"{""cell"": [1860, 283], ""error_types"": [""A numerical value was found with a value of greater than > 10 stds from the mean""], ""cell_value"": """", ""record_value"": """"}"
0,2026-01-29 20:14:30,"{""cell"": [441, 284], ""error_types"": [""A numerical value was found with a value of greater than > 10 stds from the mean""], ""cell_value"": """", ""record_value"": """"}"
0,2026-01-29 20:14:30,"{""cell"": [476, 284], ""error_types"": [""A numerical value was found with a value of greater than > 10 stds from the mean""], ""cell_value"": """", ""record_value"": """"}"
0,2026-01-29 20:14:30,"{""cell"": [1753, 284], ""error_types"": [""A numerical value was found with a value of greater than > 10 stds from the mean""], ""cell_value"": """", ""record_value"": """"}"
0,2026-01-29 20:14:30,"{""cell"": [3132, 284], ""error_types"": [""A numerical value was found with a value of greater than > 10 stds from the mean""], ""cell_value"": """", ""record_value"": """"}"
0,2026-01-29 20:14:30,"{""cell"": [236, 285], ""error_types"": [""A numerical value was found with a value of greater than > 10 stds from the mean""], ""cell_value"": """", ""record_value"": """"}"
0,2026-01-29 20:14:30,"{""cell"": [620, 285], ""error_types"": [""A numerical value was found with a value of greater than > 10 stds from the mean""], ""cell_value"": """", ""record_value"": """"}"
0,2026-01-29 20:14:30,"{""cell"": [1910, 285], ""error_types"": [""A numerical value was found with a value of greater than > 10 stds from the mean""], ""cell_value"": """", ""record_value"": """"}"
0,2026-01-29 20:14:30,"{""cell"": [3670, 285], ""error_types"": [""A numerical value was found with a value of greater than > 10 stds from the mean""], ""cell_value"": """", ""record_value"": """"}"
0,2026-01-29 20:14:30,"{""cell"": [2020, 286], ""error_types"": [""A numerical value was found with a value of greater than > 10 stds from the mean""], ""cell_value"": """", ""record_value"": """"}"
0,2026-01-29 20:14:30,"{""cell"": [2151, 286], ""error_types"": [""A numerical value was found with a value of greater than > 10 stds from the mean""], ""cell_value"": """", ""record_value"": """"}"
0,2026-01-29 20:14:30,"{""cell"": [2336, 286], ""error_types"": [""A numerical value was found with a value of greater than > 10 stds from the mean""], ""cell_value"": """", ""record_value"": """"}"
0,2026-01-29 20:14:30,"{""cell"": [4033, 286], ""error_types"": [""A numerical value was found with a value of greater than > 10 stds from the mean""], ""cell_value"": """", ""record_value"": """"}"
0,2026-01-29 20:14:30,"{""cell"": [4066, 286], ""error_types"": [""A numerical value was found with a value of greater than > 10 stds from the mean""], ""cell_value"": """", ""record_value"": """"}"
0,2026-01-29 20:14:30,"{""cell"": [4147, 286], ""error_types"": [""A numerical value was found with a value of greater than > 10 stds from the mean""], ""cell_value"": """", ""record_value"": """"}"
0,2026-01-29 20:14:30,"{""cell"": [3006, 287], ""error_types"": [""A numerical value was found with a value of greater than > 10 stds from the mean""], ""cell_value"": """", ""record_value"": """"}"
0,2026-01-29 20:14:30,"{""cell"": [3697, 287], ""error_types"": [""A numerical value was found with a value of greater than > 10 stds from the mean""], ""cell_value"": """", ""record_value"": """"}"
0,2026-01-29 20:14:30,"{""cell"": [79, 288], ""error_types"": [""A numerical value was found with a value of greater than > 10 stds from the mean""], ""cell_value"": """", ""record_value"": """"}"
0,2026-01-29 20:14:30,"{""cell"": [259, 288], ""error_types"": [""A numerical value was found with a value of greater than > 10 stds from the mean""], ""cell_value"": """", ""record_value"": """"}"
0,2026-01-29 20:14:30,"{""cell"": [794, 288], ""error_types"": [""A numerical value was found with a value of greater than > 10 stds from the mean""], ""cell_value"": """", ""record_value"": """"}"
0,2026-01-29 20:14:30,"{""cell"": [1581, 288], ""error_types"": [""A numerical value was found with a value of greater than > 10 stds from the mean""], ""cell_value"": """", ""record_value"": """"}"
0,2026-01-29 20:14:30,"{""cell"": [1840, 288], ""error_types"": [""A numerical value was found with a value of greater than > 10 stds from the mean""], ""cell_value"": """", ""record_value"": """"}"
0,2026-01-29 20:14:30,"{""cell"": [1906, 288], ""error_types"": [""A numerical value was found with a value of greater than > 10 stds from the mean""], ""cell_value"": """", ""record_value"": """"}"
0,2026-01-29 20:14:30,"{""cell"": [3088, 288], ""error_types"": [""A numerical value was found with a value of greater than > 10 stds from the mean""], ""cell_value"": """", ""record_value"": """"}"
0,2026-01-29 20:14:30,"{""cell"": [4019, 288], ""error_types"": [""A numerical value was found with a value of greater than > 10 stds from the mean""], ""cell_value"": """", ""record_value"": """"}"
0,2026-01-29 20:14:30,"{""cell"": [371, 289], ""error_types"": [""A numerical value was found with a value of greater than > 10 stds from the mean""], ""cell_value"": """", ""record_value"": """"}"
0,2026-01-29 20:14:30,"{""cell"": [1549, 289], ""error_types"": [""A numerical value was found with a value of greater than > 10 stds from the mean""], ""cell_value"": """", ""record_value"": """"}"
0,2026-01-29 20:14:30,"{""cell"": [1658, 289], ""error_types"": [""A numerical value was found with a value of greater than > 10 stds from the mean""], ""cell_value"": """", ""record_value"": """"}"
0,2026-01-29 20:14:30,"{""cell"": [1840, 289], ""error_types"": [""A numerical value was found with a value of greater than > 10 stds from the mean""], ""cell_value"": """", ""record_value"": """"}"
0,2026-01-29 20:14:30,"{""cell"": [1907, 289], ""error_types"": [""A numerical value was found with a value of greater than > 10 stds from the mean""], ""cell_value"": """", ""record_value"": """"}"
0,2026-01-29 20:14:30,"{""cell"": [1940, 289], ""error_types"": [""A numerical value was found with a value of greater than > 10 stds from the mean""], ""cell_value"": """", ""record_value"": """"}"
0,2026-01-29 20:14:30,"{""cell"": [2739, 289], ""error_types"": [""A numerical value was found with a value of greater than > 10 stds from the mean""], ""cell_value"": """", ""record_value"": """"}"
0,2026-01-29 20:14:30,"{""cell"": [3417, 289], ""error_types"": [""A numerical value was found with a value of greater than > 10 stds from the mean""], ""cell_value"": """", ""record_value"": """"}"
0,2026-01-29 20:14:30,"{""cell"": [2083, 290], ""error_types"": [""A numerical value was found with a value of greater than > 10 stds from the mean""], ""cell_value"": """", ""record_value"": """"}"
0,2026-01-29 20:14:30,"{""cell"": [36, 291], ""error_types"": [""A numerical value was found with a value of greater than > 10 stds from the mean""], ""cell_value"": """", ""record_value"": """"}"
0,2026-01-29 20:14:30,"{""cell"": [1812, 291], ""error_types"": [""A numerical value was found with a value of greater than > 10 stds from the mean""], ""cell_value"": """", ""record_value"": """"}"
0,2026-01-29 20:14:30,"{""cell"": [3075, 291], ""error_types"": [""A numerical value was found with a value of greater than > 10 stds from the mean""], ""cell_value"": """", ""record_value"": """"}"
0,2026-01-29 20:14:30,"{""cell"": [59, 292], ""error_types"": [""A numerical value was found with a value of greater than > 10 stds from the mean""], ""cell_value"": """", ""record_value"": """"}"
0,2026-01-29 20:14:30,"{""cell"": [75, 292], ""error_types"": [""A numerical value was found with a value of greater than > 10 stds from the mean""], ""cell_value"": """", ""record_value"": """"}"
0,2026-01-29 20:14:30,"{""cell"": [2263, 292], ""error_types"": [""A numerical value was found with a value of greater than > 10 stds from the mean""], ""cell_value"": """", ""record_value"": """"}"
0,2026-01-29 20:14:30,"{""cell"": [2800, 292], ""error_types"": [""A numerical value was found with a value of greater than > 10 stds from the mean""], ""cell_value"": """", ""record_value"": """"}"
0,2026-01-29 20:14:30,"{""cell"": [3239, 292], ""error_types"": [""A numerical value was found with a value of greater than > 10 stds from the mean""], ""cell_value"": """", ""record_value"": """"}"
0,2026-01-29 20:14:30,"{""cell"": [3473, 292], ""error_types"": [""A numerical value was found with a value of greater than > 10 stds from the mean""], ""cell_value"": """", ""record_value"": """"}"
0,2026-01-29 20:14:30,"{""cell"": [3832, 292], ""error_types"": [""A numerical value was found with a value of greater than > 10 stds from the mean""], ""cell_value"": """", ""record_value"": """"}"
0,2026-01-29 20:14:30,"{""cell"": [1885, 293], ""error_types"": [""A numerical value was found with a value of greater than > 10 stds from the mean""], ""cell_value"": """", ""record_value"": """"}"
0,2026-01-29 20:14:30,"{""cell"": [1935, 293], ""error_types"": [""A numerical value was found with a value of greater than > 10 stds from the mean""], ""cell_value"": """", ""record_value"": """"}"
0,2026-01-29 20:14:30,"{""cell"": [912, 294], ""error_types"": [""A numerical value was found with a value of greater than > 10 stds from the mean""], ""cell_value"": """", ""record_value"": """"}"
0,2026-01-29 20:14:30,"{""cell"": [1841, 294], ""error_types"": [""A numerical value was found with a value of greater than > 10 stds from the mean""], ""cell_value"": """", ""record_value"": """"}"
0,2026-01-29 20:14:30,"{""cell"": [2314, 294], ""error_types"": [""A numerical value was found with a value of greater than > 10 stds from the mean""], ""cell_value"": """", ""record_value"": """"}"
0,2026-01-29 20:14:30,"{""cell"": [3012, 294], ""error_types"": [""A numerical value was found with a value of greater than > 10 stds from the mean""], ""cell_value"": """", ""record_value"": """"}"
0,2026-01-29 20:14:30,"{""cell"": [3099, 294], ""error_types"": [""A numerical value was found with a value of greater than > 10 stds from the mean""], ""cell_value"": """", ""record_value"": """"}"
0,2026-01-29 20:14:30,"{""cell"": [1937, 295], ""error_types"": [""A numerical value was found with a value of greater than > 10 stds from the mean""], ""cell_value"": """", ""record_value"": """"}"
0,2026-01-29 20:14:30,"{""cell"": [3310, 295], ""error_types"": [""A numerical value was found with a value of greater than > 10 stds from the mean""], ""cell_value"": """", ""record_value"": """"}"
0,2026-01-29 20:14:30,"{""cell"": [1541, 296], ""error_types"": [""A numerical value was found with a value of greater than > 10 stds from the mean""], ""cell_value"": """", ""record_value"": """"}"
0,2026-01-29 20:14:30,"{""cell"": [2334, 296], ""error_types"": [""A numerical value was found with a value of greater than > 10 stds from the mean""], ""cell_value"": """", ""record_value"": """"}"
0,2026-01-29 20:14:30,"{""cell"": [3344, 296], ""error_types"": [""A numerical value was found with a value of greater than > 10 stds from the mean""], ""cell_value"": """", ""record_value"": """"}"
0,2026-01-29 20:14:30,"{""cell"": [2364, 297], ""error_types"": [""A numerical value was found with a value of greater than > 10 stds from the mean""], ""cell_value"": """", ""record_value"": """"}"
0,2026-01-29 20:14:30,"{""cell"": [4111, 297], ""error_types"": [""A numerical value was found with a value of greater than > 10 stds from the mean""], ""cell_value"": """", ""record_value"": """"}"
0,2026-01-29 20:14:30,"{""cell"": [4167, 297], ""error_types"": [""A numerical value was found with a value of greater than > 10 stds from the mean""], ""cell_value"": """", ""record_value"": """"}"
0,2026-01-29 20:14:30,"{""cell"": [13, 298], ""error_types"": [""A numerical value was found with a value of greater than > 10 stds from the mean""], ""cell_value"": """", ""record_value"": """"}"
0,2026-01-29 20:14:30,"{""cell"": [240, 298], ""error_types"": [""A numerical value was found with a value of greater than > 10 stds from the mean""], ""cell_value"": """", ""record_value"": """"}"
0,2026-01-29 20:14:30,"{""cell"": [1286, 298], ""error_types"": [""A numerical value was found with a value of greater than > 10 stds from the mean""], ""cell_value"": """", ""record_value"": """"}"
0,2026-01-29 20:14:30,"{""cell"": [2018, 298], ""error_types"": [""A numerical value was found with a value of greater than > 10 stds from the mean""], ""cell_value"": """", ""record_value"": """"}"
0,2026-01-29 20:14:30,"{""cell"": [715, 299], ""error_types"": [""A numerical value was found with a value of greater than > 10 stds from the mean""], ""cell_value"": """", ""record_value"": """"}"
0,2026-01-29 20:14:30,"{""cell"": [749, 299], ""error_types"": [""A numerical value was found with a value of greater than > 10 stds from the mean""], ""cell_value"": """", ""record_value"": """"}"
0,2026-01-29 20:14:30,"{""cell"": [864, 299], ""error_types"": [""A numerical value was found with a value of greater than > 10 stds from the mean""], ""cell_value"": """", ""record_value"": """"}"
0,2026-01-29 20:14:30,"{""cell"": [1095, 299], ""error_types"": [""A numerical value was found with a value of greater than > 10 stds from the mean""], ""cell_value"": """", ""record_value"": """"}"
0,2026-01-29 20:14:30,"{""cell"": [1096, 299], ""error_types"": [""A numerical value was found with a value of greater than > 10 stds from the mean""], ""cell_value"": """", ""record_value"": """"}"
0,2026-01-29 20:14:30,"{""cell"": [1253, 299], ""error_types"": [""A numerical value was found with a value of greater than > 10 stds from the mean""], ""cell_value"": """", ""record_value"": """"}"
0,2026-01-29 20:14:30,"{""cell"": [1388, 299], ""error_types"": [""A numerical value was found with a value of greater than > 10 stds from the mean""], ""cell_value"": """", ""record_value"": """"}"
0,2026-01-29 20:14:30,"{""cell"": [1662, 299], ""error_types"": [""A numerical value was found with a value of greater than > 10 stds from the mean""], ""cell_value"": """", ""record_value"": """"}"
0,2026-01-29 20:14:30,"{""cell"": [1947, 299], ""error_types"": [""A numerical value was found with a value of greater than > 10 stds from the mean""], ""cell_value"": """", ""record_value"": """"}"
0,2026-01-29 20:14:30,"{""cell"": [2173, 299], ""error_types"": [""A numerical value was found with a value of greater than > 10 stds from the mean""], ""cell_value"": """", ""record_value"": """"}"
0,2026-01-29 20:14:30,"{""cell"": [3221, 299], ""error_types"": [""A numerical value was found with a value of greater than > 10 stds from the mean""], ""cell_value"": """", ""record_value"": """"}"
0,2026-01-29 20:14:30,"{""cell"": [3585, 299], ""error_types"": [""A numerical value was found with a value of greater than > 10 stds from the mean""], ""cell_value"": """", ""record_value"": """"}"
0,2026-01-29 20:14:30,"{""cell"": [4152, 299], ""error_types"": [""A numerical value was found with a value of greater than > 10 stds from the mean""], ""cell_value"": """", ""record_value"": """"}"
0,2026-01-29 20:14:30,"{""cell"": [139, 300], ""error_types"": [""A numerical value was found with a value of greater than > 10 stds from the mean""], ""cell_value"": """", ""record_value"": """"}"
0,2026-01-29 20:14:30,"{""cell"": [1425, 301], ""error_types"": [""A numerical value was found with a value of greater than > 10 stds from the mean""], ""cell_value"": """", ""record_value"": """"}"
0,2026-01-29 20:14:30,"{""cell"": [2362, 301], ""error_types"": [""A numerical value was found with a value of greater than > 10 stds from the mean""], ""cell_value"": """", ""record_value"": """"}"
0,2026-01-29 20:14:30,"{""cell"": [2674, 301], ""error_types"": [""A numerical value was found with a value of greater than > 10 stds from the mean""], ""cell_value"": """", ""record_value"": """"}"
0,2026-01-29 20:14:30,"{""cell"": [2745, 301], ""error_types"": [""A numerical value was found with a value of greater than > 10 stds from the mean""], ""cell_value"": """", ""record_value"": """"}"
0,2026-01-29 20:14:30,"{""cell"": [2784, 301], ""error_types"": [""A numerical value was found with a value of greater than > 10 stds from the mean""], ""cell_value"": """", ""record_value"": """"}"
0,2026-01-29 20:14:30,"{""cell"": [2925, 301], ""error_types"": [""A numerical value was found with a value of greater than > 10 stds from the mean""], ""cell_value"": """", ""record_value"": """"}"
0,2026-01-29 20:14:30,"{""cell"": [3217, 301], ""error_types"": [""A numerical value was found with a value of greater than > 10 stds from the mean""], ""cell_value"": """", ""record_value"": """"}"
0,2026-01-29 20:14:30,"{""cell"": [545, 302], ""error_types"": [""A numerical value was found with a value of greater than > 10 stds from the mean""], ""cell_value"": """", ""record_value"": """"}"
0,2026-01-29 20:14:30,"{""cell"": [872, 302], ""error_types"": [""A numerical value was found with a value of greater than > 10 stds from the mean""], ""cell_value"": """", ""record_value"": """"}"
0,2026-01-29 20:14:30,"{""cell"": [1090, 302], ""error_types"": [""A numerical value was found with a value of greater than > 10 stds from the mean""], ""cell_value"": """", ""record_value"": """"}"
0,2026-01-29 20:14:30,"{""cell"": [1652, 302], ""error_types"": [""A numerical value was found with a value of greater than > 10 stds from the mean""], ""cell_value"": """", ""record_value"": """"}"
0,2026-01-29 20:14:30,"{""cell"": [1753, 302], ""error_types"": [""A numerical value was found with a value of greater than > 10 stds from the mean""], ""cell_value"": """", ""record_value"": """"}"
0,2026-01-29 20:14:30,"{""cell"": [2370, 302], ""error_types"": [""A numerical value was found with a value of greater than > 10 stds from the mean""], ""cell_value"": """", ""record_value"": """"}"
0,2026-01-29 20:14:30,"{""cell"": [2301, 303], ""error_types"": [""A numerical value was found with a value of greater than > 10 stds from the mean""], ""cell_value"": """", ""record_value"": """"}"
0,2026-01-29 20:14:30,"{""cell"": [3080, 303], ""error_types"": [""A numerical value was found with a value of greater than > 10 stds from the mean""], ""cell_value"": """", ""record_value"": """"}"
0,2026-01-29 20:14:30,"{""cell"": [3301, 303], ""error_types"": [""A numerical value was found with a value of greater than > 10 stds from the mean""], ""cell_value"": """", ""record_value"": """"}"
0,2026-01-29 20:14:30,"{""cell"": [3610, 303], ""error_types"": [""A numerical value was found with a value of greater than > 10 stds from the mean""], ""cell_value"": """", ""record_value"": """"}"
0,2026-01-29 20:14:30,"{""cell"": [483, 304], ""error_types"": [""A numerical value was found with a value of greater than > 10 stds from the mean""], ""cell_value"": """", ""record_value"": """"}"
0,2026-01-29 20:14:30,"{""cell"": [837, 304], ""error_types"": [""A numerical value was found with a value of greater than > 10 stds from the mean""], ""cell_value"": """", ""record_value"": """"}"
0,2026-01-29 20:14:30,"{""cell"": [1306, 304], ""error_types"": [""A numerical value was found with a value of greater than > 10 stds from the mean""], ""cell_value"": """", ""record_value"": """"}"
0,2026-01-29 20:14:30,"{""cell"": [3366, 304], ""error_types"": [""A numerical value was found with a value of greater than > 10 stds from the mean""], ""cell_value"": """", ""record_value"": """"}"
0,2026-01-29 20:14:30,"{""cell"": [3420, 304], ""error_types"": [""A numerical value was found with a value of greater than > 10 stds from the mean""], ""cell_value"": """", ""record_value"": """"}"
0,2026-01-29 20:14:30,"{""cell"": [3825, 305], ""error_types"": [""A numerical value was found with a value of greater than > 10 stds from the mean""], ""cell_value"": """", ""record_value"": """"}"
0,2026-01-29 20:14:30,"{""cell"": [176, 306], ""error_types"": [""A numerical value was found with a value of greater than > 10 stds from the mean""], ""cell_value"": """", ""record_value"": """"}"
0,2026-01-29 20:14:30,"{""cell"": [2643, 306], ""error_types"": [""A numerical value was found with a value of greater than > 10 stds from the mean""], ""cell_value"": """", ""record_value"": """"}"
0,2026-01-29 20:14:30,"{""cell"": [3372, 306], ""error_types"": [""A numerical value was found with a value of greater than > 10 stds from the mean""], ""cell_value"": """", ""record_value"": """"}"
0,2026-01-29 20:14:30,"{""cell"": [3582, 306], ""error_types"": [""A numerical value was found with a value of greater than > 10 stds from the mean""], ""cell_value"": """", ""record_value"": """"}"
0,2026-01-29 20:14:30,"{""cell"": [443, 307], ""error_types"": [""A numerical value was found with a value of greater than > 10 stds from the mean""], ""cell_value"": """", ""record_value"": """"}"
0,2026-01-29 20:14:30,"{""cell"": [1012, 307], ""error_types"": [""A numerical value was found with a value of greater than > 10 stds from the mean""], ""cell_value"": """", ""record_value"": """"}"
0,2026-01-29 20:14:30,"{""cell"": [1595, 307], ""error_types"": [""A numerical value was found with a value of greater than > 10 stds from the mean""], ""cell_value"": """", ""record_value"": """"}"
0,2026-01-29 20:14:30,"{""cell"": [2837, 307], ""error_types"": [""A numerical value was found with a value of greater than > 10 stds from the mean""], ""cell_value"": """", ""record_value"": """"}"
0,2026-01-29 20:14:30,"{""cell"": [3435, 307], ""error_types"": [""A numerical value was found with a value of greater than > 10 stds from the mean""], ""cell_value"": """", ""record_value"": """"}"
0,2026-01-29 20:14:30,"{""cell"": [3758, 307], ""error_types"": [""A numerical value was found with a value of greater than > 10 stds from the mean""], ""cell_value"": """", ""record_value"": """"}"
0,2026-01-29 20:14:30,"{""cell"": [292, 308], ""error_types"": [""A numerical value was found with a value of greater than > 10 stds from the mean""], ""cell_value"": """", ""record_value"": """"}"
0,2026-01-29 20:14:30,"{""cell"": [3124, 308], ""error_types"": [""A numerical value was found with a value of greater than > 10 stds from the mean""], ""cell_value"": """", ""record_value"": """"}"
0,2026-01-29 20:14:30,"{""cell"": [1399, 309], ""error_types"": [""A numerical value was found with a value of greater than > 10 stds from the mean""], ""cell_value"": """", ""record_value"": """"}"
0,2026-01-29 20:14:30,"{""cell"": [1801, 309], ""error_types"": [""A numerical value was found with a value of greater than > 10 stds from the mean""], ""cell_value"": """", ""record_value"": """"}"
0,2026-01-29 20:14:30,"{""cell"": [2105, 309], ""error_types"": [""A numerical value was found with a value of greater than > 10 stds from the mean""], ""cell_value"": """", ""record_value"": """"}"
0,2026-01-29 20:14:30,"{""cell"": [2157, 309], ""error_types"": [""A numerical value was found with a value of greater than > 10 stds from the mean""], ""cell_value"": """", ""record_value"": """"}"
0,2026-01-29 20:14:30,"{""cell"": [2177, 309], ""error_types"": [""A numerical value was found with a value of greater than > 10 stds from the mean""], ""cell_value"": """", ""record_value"": """"}"
0,2026-01-29 20:14:30,"{""cell"": [2705, 309], ""error_types"": [""A numerical value was found with a value of greater than > 10 stds from the mean""], ""cell_value"": """", ""record_value"": """"}"
0,2026-01-29 20:14:30,"{""cell"": [3369, 309], ""error_types"": [""A numerical value was found with a value of greater than > 10 stds from the mean""], ""cell_value"": """", ""record_value"": """"}"
0,2026-01-29 20:14:30,"{""cell"": [2861, 310], ""error_types"": [""A numerical value was found with a value of greater than > 10 stds from the mean""], ""cell_value"": """", ""record_value"": """"}"
0,2026-01-29 20:14:30,"{""cell"": [3343, 310], ""error_types"": [""A numerical value was found with a value of greater than > 10 stds from the mean""], ""cell_value"": """", ""record_value"": """"}"
0,2026-01-29 20:14:30,"{""cell"": [3492, 310], ""error_types"": [""A numerical value was found with a value of greater than > 10 stds from the mean""], ""cell_value"": """", ""record_value"": """"}"
0,2026-01-29 20:14:30,"{""cell"": [3495, 310], ""error_types"": [""A numerical value was found with a value of greater than > 10 stds from the mean""], ""cell_value"": """", ""record_value"": """"}"
0,2026-01-29 20:14:30,"{""cell"": [3507, 310], ""error_types"": [""A numerical value was found with a value of greater than > 10 stds from the mean""], ""cell_value"": """", ""record_value"": """"}"
0,2026-01-29 20:14:30,"{""cell"": [282, 311], ""error_types"": [""A numerical value was found with a value of greater than > 10 stds from the mean""], ""cell_value"": """", ""record_value"": """"}"
0,2026-01-29 20:14:30,"{""cell"": [1060, 311], ""error_types"": [""A numerical value was found with a value of greater than > 10 stds from the mean""], ""cell_value"": """", ""record_value"": """"}"
0,2026-01-29 20:14:30,"{""cell"": [2287, 311], ""error_types"": [""A numerical value was found with a value of greater than > 10 stds from the mean""], ""cell_value"": """", ""record_value"": """"}"
0,2026-01-29 20:14:30,"{""cell"": [2512, 311], ""error_types"": [""A numerical value was found with a value of greater than > 10 stds from the mean""], ""cell_value"": """", ""record_value"": """"}"
0,2026-01-29 20:14:30,"{""cell"": [4097, 311], ""error_types"": [""A numerical value was found with a value of greater than > 10 stds from the mean""], ""cell_value"": """", ""record_value"": """"}"
0,2026-01-29 20:14:30,"{""cell"": [1789, 312], ""error_types"": [""A numerical value was found with a value of greater than > 10 stds from the mean""], ""cell_value"": """", ""record_value"": """"}"
0,2026-01-29 20:14:30,"{""cell"": [2748, 312], ""error_types"": [""A numerical value was found with a value of greater than > 10 stds from the mean""], ""cell_value"": """", ""record_value"": """"}"
0,2026-01-29 20:14:30,"{""cell"": [3277, 312], ""error_types"": [""A numerical value was found with a value of greater than > 10 stds from the mean""], ""cell_value"": """", ""record_value"": """"}"
0,2026-01-29 20:14:30,"{""cell"": [3507, 312], ""error_types"": [""A numerical value was found with a value of greater than > 10 stds from the mean""], ""cell_value"": """", ""record_value"": """"}"
0,2026-01-29 20:14:30,"{""cell"": [372, 313], ""error_types"": [""A numerical value was found with a value of greater than > 10 stds from the mean""], ""cell_value"": """", ""record_value"": """"}"
0,2026-01-29 20:14:30,"{""cell"": [1965, 313], ""error_types"": [""A numerical value was found with a value of greater than > 10 stds from the mean""], ""cell_value"": """", ""record_value"": """"}"
0,2026-01-29 20:14:30,"{""cell"": [2013, 313], ""error_types"": [""A numerical value was found with a value of greater than > 10 stds from the mean""], ""cell_value"": """", ""record_value"": """"}"
0,2026-01-29 20:14:30,"{""cell"": [2340, 313], ""error_types"": [""A numerical value was found with a value of greater than > 10 stds from the mean""], ""cell_value"": """", ""record_value"": """"}"
0,2026-01-29 20:14:30,"{""cell"": [2348, 313], ""error_types"": [""A numerical value was found with a value of greater than > 10 stds from the mean""], ""cell_value"": """", ""record_value"": """"}"
0,2026-01-29 20:14:30,"{""cell"": [2494, 313], ""error_types"": [""A numerical value was found with a value of greater than > 10 stds from the mean""], ""cell_value"": """", ""record_value"": """"}"
0,2026-01-29 20:14:30,"{""cell"": [104, 314], ""error_types"": [""A numerical value was found with a value of greater than > 10 stds from the mean""], ""cell_value"": """", ""record_value"": """"}"
0,2026-01-29 20:14:30,"{""cell"": [2169, 314], ""error_types"": [""A numerical value was found with a value of greater than > 10 stds from the mean""], ""cell_value"": """", ""record_value"": """"}"
0,2026-01-29 20:14:30,"{""cell"": [2412, 314], ""error_types"": [""A numerical value was found with a value of greater than > 10 stds from the mean""], ""cell_value"": """", ""record_value"": """"}"
0,2026-01-29 20:14:30,"{""cell"": [2537, 314], ""error_types"": [""A numerical value was found with a value of greater than > 10 stds from the mean""], ""cell_value"": """", ""record_value"": """"}"
0,2026-01-29 20:14:30,"{""cell"": [2897, 314], ""error_types"": [""A numerical value was found with a value of greater than > 10 stds from the mean""], ""cell_value"": """", ""record_value"": """"}"
0,2026-01-29 20:14:30,"{""cell"": [3867, 314], ""error_types"": [""A numerical value was found with a value of greater than > 10 stds from the mean""], ""cell_value"": """", ""record_value"": """"}"
0,2026-01-29 20:14:30,"{""cell"": [3931, 314], ""error_types"": [""A numerical value was found with a value of greater than > 10 stds from the mean""], ""cell_value"": """", ""record_value"": """"}"
0,2026-01-29 20:14:30,"{""cell"": [4089, 314], ""error_types"": [""A numerical value was found with a value of greater than > 10 stds from the mean""], ""cell_value"": """", ""record_value"": """"}"
0,2026-01-29 20:14:31,"{""cell"": [667, 315], ""error_types"": [""A numerical value was found with a value of greater than > 10 stds from the mean""], ""cell_value"": """", ""record_value"": """"}"
0,2026-01-29 20:14:31,"{""cell"": [2253, 315], ""error_types"": [""A numerical value was found with a value of greater than > 10 stds from the mean""], ""cell_value"": """", ""record_value"": """"}"
0,2026-01-29 20:14:31,"{""cell"": [2571, 315], ""error_types"": [""A numerical value was found with a value of greater than > 10 stds from the mean""], ""cell_value"": """", ""record_value"": """"}"
0,2026-01-29 20:14:31,"{""cell"": [2712, 315], ""error_types"": [""A numerical value was found with a value of greater than > 10 stds from the mean""], ""cell_value"": """", ""record_value"": """"}"
0,2026-01-29 20:14:31,"{""cell"": [3843, 315], ""error_types"": [""A numerical value was found with a value of greater than > 10 stds from the mean""], ""cell_value"": """", ""record_value"": """"}"
0,2026-01-29 20:14:31,"{""cell"": [4005, 315], ""error_types"": [""A numerical value was found with a value of greater than > 10 stds from the mean""], ""cell_value"": """", ""record_value"": """"}"
0,2026-01-29 20:14:31,"{""cell"": [341, 316], ""error_types"": [""A numerical value was found with a value of greater than > 10 stds from the mean""], ""cell_value"": """", ""record_value"": """"}"
0,2026-01-29 20:14:31,"{""cell"": [1579, 316], ""error_types"": [""A numerical value was found with a value of greater than > 10 stds from the mean""], ""cell_value"": """", ""record_value"": """"}"
0,2026-01-29 20:14:31,"{""cell"": [4078, 317], ""error_types"": [""A numerical value was found with a value of greater than > 10 stds from the mean""], ""cell_value"": """", ""record_value"": """"}"
0,2026-01-29 20:14:31,"{""cell"": [465, 318], ""error_types"": [""A numerical value was found with a value of greater than > 10 stds from the mean""], ""cell_value"": """", ""record_value"": """"}"
0,2026-01-29 20:14:31,"{""cell"": [669, 318], ""error_types"": [""A numerical value was found with a value of greater than > 10 stds from the mean""], ""cell_value"": """", ""record_value"": """"}"
0,2026-01-29 20:14:31,"{""cell"": [1023, 318], ""error_types"": [""A numerical value was found with a value of greater than > 10 stds from the mean""], ""cell_value"": """", ""record_value"": """"}"
0,2026-01-29 20:14:31,"{""cell"": [1625, 318], ""error_types"": [""A numerical value was found with a value of greater than > 10 stds from the mean""], ""cell_value"": """", ""record_value"": """"}"
0,2026-01-29 20:14:31,"{""cell"": [1853, 318], ""error_types"": [""A numerical value was found with a value of greater than > 10 stds from the mean""], ""cell_value"": """", ""record_value"": """"}"
0,2026-01-29 20:14:31,"{""cell"": [2943, 318], ""error_types"": [""A numerical value was found with a value of greater than > 10 stds from the mean""], ""cell_value"": """", ""record_value"": """"}"
0,2026-01-29 20:14:31,"{""cell"": [3437, 318], ""error_types"": [""A numerical value was found with a value of greater than > 10 stds from the mean""], ""cell_value"": """", ""record_value"": """"}"
0,2026-01-29 20:14:31,"{""cell"": [1083, 319], ""error_types"": [""A numerical value was found with a value of greater than > 10 stds from the mean""], ""cell_value"": """", ""record_value"": """"}"
0,2026-01-29 20:14:31,"{""cell"": [2328, 319], ""error_types"": [""A numerical value was found with a value of greater than > 10 stds from the mean""], ""cell_value"": """", ""record_value"": """"}"
0,2026-01-29 20:14:31,"{""cell"": [2892, 319], ""error_types"": [""A numerical value was found with a value of greater than > 10 stds from the mean""], ""cell_value"": """", ""record_value"": """"}"
0,2026-01-29 20:14:31,"{""cell"": [3500, 319], ""error_types"": [""A numerical value was found with a value of greater than > 10 stds from the mean""], ""cell_value"": """", ""record_value"": """"}"
0,2026-01-29 20:14:31,"{""cell"": [2078, 320], ""error_types"": [""A numerical value was found with a value of greater than > 10 stds from the mean""], ""cell_value"": """", ""record_value"": """"}"
0,2026-01-29 20:14:31,"{""cell"": [2986, 320], ""error_types"": [""A numerical value was found with a value of greater than > 10 stds from the mean""], ""cell_value"": """", ""record_value"": """"}"
0,2026-01-29 20:14:31,"{""cell"": [3651, 320], ""error_types"": [""A numerical value was found with a value of greater than > 10 stds from the mean""], ""cell_value"": """", ""record_value"": """"}"
0,2026-01-29 20:14:31,"{""cell"": [4137, 320], ""error_types"": [""A numerical value was found with a value of greater than > 10 stds from the mean""], ""cell_value"": """", ""record_value"": """"}"
0,2026-01-29 20:14:31,"{""cell"": [590, 321], ""error_types"": [""A numerical value was found with a value of greater than > 10 stds from the mean""], ""cell_value"": """", ""record_value"": """"}"
0,2026-01-29 20:14:31,"{""cell"": [1298, 321], ""error_types"": [""A numerical value was found with a value of greater than > 10 stds from the mean""], ""cell_value"": """", ""record_value"": """"}"
0,2026-01-29 20:14:31,"{""cell"": [1719, 321], ""error_types"": [""A numerical value was found with a value of greater than > 10 stds from the mean""], ""cell_value"": """", ""record_value"": """"}"
0,2026-01-29 20:14:31,"{""cell"": [2941, 321], ""error_types"": [""A numerical value was found with a value of greater than > 10 stds from the mean""], ""cell_value"": """", ""record_value"": """"}"
0,2026-01-29 20:14:31,"{""cell"": [281, 322], ""error_types"": [""A numerical value was found with a value of greater than > 10 stds from the mean""], ""cell_value"": """", ""record_value"": """"}"
0,2026-01-29 20:14:31,"{""cell"": [1282, 322], ""error_types"": [""A numerical value was found with a value of greater than > 10 stds from the mean""], ""cell_value"": """", ""record_value"": """"}"
0,2026-01-29 20:14:31,"{""cell"": [1468, 322], ""error_types"": [""A numerical value was found with a value of greater than > 10 stds from the mean""], ""cell_value"": """", ""record_value"": """"}"
0,2026-01-29 20:14:31,"{""cell"": [1905, 322], ""error_types"": [""A numerical value was found with a value of greater than > 10 stds from the mean""], ""cell_value"": """", ""record_value"": """"}"
0,2026-01-29 20:14:31,"{""cell"": [3409, 322], ""error_types"": [""A numerical value was found with a value of greater than > 10 stds from the mean""], ""cell_value"": """", ""record_value"": """"}"
0,2026-01-29 20:14:31,"{""cell"": [130, 323], ""error_types"": [""A numerical value was found with a value of greater than > 10 stds from the mean""], ""cell_value"": """", ""record_value"": """"}"
0,2026-01-29 20:14:31,"{""cell"": [355, 323], ""error_types"": [""A numerical value was found with a value of greater than > 10 stds from the mean""], ""cell_value"": """", ""record_value"": """"}"
0,2026-01-29 20:14:31,"{""cell"": [3271, 323], ""error_types"": [""A numerical value was found with a value of greater than > 10 stds from the mean""], ""cell_value"": """", ""record_value"": """"}"
0,2026-01-29 20:14:31,"{""cell"": [3494, 323], ""error_types"": [""A numerical value was found with a value of greater than > 10 stds from the mean""], ""cell_value"": """", ""record_value"": """"}"
0,2026-01-29 20:14:31,"{""cell"": [3569, 323], ""error_types"": [""A numerical value was found with a value of greater than > 10 stds from the mean""], ""cell_value"": """", ""record_value"": """"}"
0,2026-01-29 20:14:31,"{""cell"": [3763, 323], ""error_types"": [""A numerical value was found with a value of greater than > 10 stds from the mean""], ""cell_value"": """", ""record_value"": """"}"
0,2026-01-29 20:14:31,"{""cell"": [1080, 324], ""error_types"": [""A numerical value was found with a value of greater than > 10 stds from the mean""], ""cell_value"": """", ""record_value"": """"}"
0,2026-01-29 20:14:31,"{""cell"": [1360, 324], ""error_types"": [""A numerical value was found with a value of greater than > 10 stds from the mean""], ""cell_value"": """", ""record_value"": """"}"
0,2026-01-29 20:14:31,"{""cell"": [1785, 324], ""error_types"": [""A numerical value was found with a value of greater than > 10 stds from the mean""], ""cell_value"": """", ""record_value"": """"}"
0,2026-01-29 20:14:31,"{""cell"": [2799, 324], ""error_types"": [""A numerical value was found with a value of greater than > 10 stds from the mean""], ""cell_value"": """", ""record_value"": """"}"
0,2026-01-29 20:14:31,"{""cell"": [3466, 324], ""error_types"": [""A numerical value was found with a value of greater than > 10 stds from the mean""], ""cell_value"": """", ""record_value"": """"}"
0,2026-01-29 20:14:31,"{""cell"": [3630, 324], ""error_types"": [""A numerical value was found with a value of greater than > 10 stds from the mean""], ""cell_value"": """", ""record_value"": """"}"
0,2026-01-29 20:14:31,"{""cell"": [3821, 324], ""error_types"": [""A numerical value was found with a value of greater than > 10 stds from the mean""], ""cell_value"": """", ""record_value"": """"}"
0,2026-01-29 20:14:31,"{""cell"": [208, 325], ""error_types"": [""A numerical value was found with a value of greater than > 10 stds from the mean""], ""cell_value"": """", ""record_value"": """"}"
0,2026-01-29 20:14:31,"{""cell"": [617, 325], ""error_types"": [""A numerical value was found with a value of greater than > 10 stds from the mean""], ""cell_value"": """", ""record_value"": """"}"
0,2026-01-29 20:14:31,"{""cell"": [2831, 325], ""error_types"": [""A numerical value was found with a value of greater than > 10 stds from the mean""], ""cell_value"": """", ""record_value"": """"}"
0,2026-01-29 20:14:31,"{""cell"": [3136, 325], ""error_types"": [""A numerical value was found with a value of greater than > 10 stds from the mean""], ""cell_value"": """", ""record_value"": """"}"
0,2026-01-29 20:14:31,"{""cell"": [248, 326], ""error_types"": [""A numerical value was found with a value of greater than > 10 stds from the mean""], ""cell_value"": """", ""record_value"": """"}"
0,2026-01-29 20:14:31,"{""cell"": [773, 326], ""error_types"": [""A numerical value was found with a value of greater than > 10 stds from the mean""], ""cell_value"": """", ""record_value"": """"}"
0,2026-01-29 20:14:31,"{""cell"": [2926, 326], ""error_types"": [""A numerical value was found with a value of greater than > 10 stds from the mean""], ""cell_value"": """", ""record_value"": """"}"
0,2026-01-29 20:14:31,"{""cell"": [2967, 326], ""error_types"": [""A numerical value was found with a value of greater than > 10 stds from the mean""], ""cell_value"": """", ""record_value"": """"}"
0,2026-01-29 20:14:31,"{""cell"": [3904, 326], ""error_types"": [""A numerical value was found with a value of greater than > 10 stds from the mean""], ""cell_value"": """", ""record_value"": """"}"
0,2026-01-29 20:14:31,"{""cell"": [144, 327], ""error_types"": [""A numerical value was found with a value of greater than > 10 stds from the mean""], ""cell_value"": """", ""record_value"": """"}"
0,2026-01-29 20:14:31,"{""cell"": [353, 327], ""error_types"": [""A numerical value was found with a value of greater than > 10 stds from the mean""], ""cell_value"": """", ""record_value"": """"}"
0,2026-01-29 20:14:31,"{""cell"": [1009, 327], ""error_types"": [""A numerical value was found with a value of greater than > 10 stds from the mean""], ""cell_value"": """", ""record_value"": """"}"
0,2026-01-29 20:14:31,"{""cell"": [2079, 327], ""error_types"": [""A numerical value was found with a value of greater than > 10 stds from the mean""], ""cell_value"": """", ""record_value"": """"}"
0,2026-01-29 20:14:31,"{""cell"": [3297, 327], ""error_types"": [""A numerical value was found with a value of greater than > 10 stds from the mean""], ""cell_value"": """", ""record_value"": """"}"
0,2026-01-29 20:14:31,"{""cell"": [314, 328], ""error_types"": [""A numerical value was found with a value of greater than > 10 stds from the mean""], ""cell_value"": """", ""record_value"": """"}"
0,2026-01-29 20:14:31,"{""cell"": [564, 328], ""error_types"": [""A numerical value was found with a value of greater than > 10 stds from the mean""], ""cell_value"": """", ""record_value"": """"}"
0,2026-01-29 20:14:31,"{""cell"": [3276, 328], ""error_types"": [""A numerical value was found with a value of greater than > 10 stds from the mean""], ""cell_value"": """", ""record_value"": """"}"
0,2026-01-29 20:14:31,"{""cell"": [4194, 328], ""error_types"": [""A numerical value was found with a value of greater than > 10 stds from the mean""], ""cell_value"": """", ""record_value"": """"}"
0,2026-01-29 20:14:31,"{""cell"": [307, 329], ""error_types"": [""A numerical value was found with a value of greater than > 10 stds from the mean""], ""cell_value"": """", ""record_value"": """"}"
0,2026-01-29 20:14:31,"{""cell"": [330, 329], ""error_types"": [""A numerical value was found with a value of greater than > 10 stds from the mean""], ""cell_value"": """", ""record_value"": """"}"
0,2026-01-29 20:14:31,"{""cell"": [1366, 329], ""error_types"": [""A numerical value was found with a value of greater than > 10 stds from the mean""], ""cell_value"": """", ""record_value"": """"}"
0,2026-01-29 20:14:31,"{""cell"": [1443, 329], ""error_types"": [""A numerical value was found with a value of greater than > 10 stds from the mean""], ""cell_value"": """", ""record_value"": """"}"
0,2026-01-29 20:14:31,"{""cell"": [2141, 329], ""error_types"": [""A numerical value was found with a value of greater than > 10 stds from the mean""], ""cell_value"": """", ""record_value"": """"}"
0,2026-01-29 20:14:31,"{""cell"": [3188, 329], ""error_types"": [""A numerical value was found with a value of greater than > 10 stds from the mean""], ""cell_value"": """", ""record_value"": """"}"
0,2026-01-29 20:14:31,"{""cell"": [3235, 329], ""error_types"": [""A numerical value was found with a value of greater than > 10 stds from the mean""], ""cell_value"": """", ""record_value"": """"}"
0,2026-01-29 20:14:31,"{""cell"": [255, 330], ""error_types"": [""A numerical value was found with a value of greater than > 10 stds from the mean""], ""cell_value"": """", ""record_value"": """"}"
0,2026-01-29 20:14:31,"{""cell"": [580, 330], ""error_types"": [""A numerical value was found with a value of greater than > 10 stds from the mean""], ""cell_value"": """", ""record_value"": """"}"
0,2026-01-29 20:14:31,"{""cell"": [1216, 330], ""error_types"": [""A numerical value was found with a value of greater than > 10 stds from the mean""], ""cell_value"": """", ""record_value"": """"}"
0,2026-01-29 20:14:31,"{""cell"": [3935, 330], ""error_types"": [""A numerical value was found with a value of greater than > 10 stds from the mean""], ""cell_value"": """", ""record_value"": """"}"
0,2026-01-29 20:14:31,"{""cell"": [342, 331], ""error_types"": [""A numerical value was found with a value of greater than > 10 stds from the mean""], ""cell_value"": """", ""record_value"": """"}"
0,2026-01-29 20:14:31,"{""cell"": [1227, 331], ""error_types"": [""A numerical value was found with a value of greater than > 10 stds from the mean""], ""cell_value"": """", ""record_value"": """"}"
0,2026-01-29 20:14:31,"{""cell"": [1652, 331], ""error_types"": [""A numerical value was found with a value of greater than > 10 stds from the mean""], ""cell_value"": """", ""record_value"": """"}"
0,2026-01-29 20:14:31,"{""cell"": [2131, 331], ""error_types"": [""A numerical value was found with a value of greater than > 10 stds from the mean""], ""cell_value"": """", ""record_value"": """"}"
0,2026-01-29 20:14:31,"{""cell"": [295, 332], ""error_types"": [""A numerical value was found with a value of greater than > 10 stds from the mean""], ""cell_value"": """", ""record_value"": """"}"
0,2026-01-29 20:14:31,"{""cell"": [310, 332], ""error_types"": [""A numerical value was found with a value of greater than > 10 stds from the mean""], ""cell_value"": """", ""record_value"": """"}"
0,2026-01-29 20:14:31,"{""cell"": [692, 332], ""error_types"": [""A numerical value was found with a value of greater than > 10 stds from the mean""], ""cell_value"": """", ""record_value"": """"}"
0,2026-01-29 20:14:31,"{""cell"": [1417, 332], ""error_types"": [""A numerical value was found with a value of greater than > 10 stds from the mean""], ""cell_value"": """", ""record_value"": """"}"
0,2026-01-29 20:14:31,"{""cell"": [2368, 332], ""error_types"": [""A numerical value was found with a value of greater than > 10 stds from the mean""], ""cell_value"": """", ""record_value"": """"}"
0,2026-01-29 20:14:31,"{""cell"": [3846, 332], ""error_types"": [""A numerical value was found with a value of greater than > 10 stds from the mean""], ""cell_value"": """", ""record_value"": """"}"
0,2026-01-29 20:14:31,"{""cell"": [3912, 332], ""error_types"": [""A numerical value was found with a value of greater than > 10 stds from the mean""], ""cell_value"": """", ""record_value"": """"}"
0,2026-01-29 20:14:31,"{""cell"": [194, 333], ""error_types"": [""A numerical value was found with a value of greater than > 10 stds from the mean""], ""cell_value"": """", ""record_value"": """"}"
0,2026-01-29 20:14:31,"{""cell"": [1101, 333], ""error_types"": [""A numerical value was found with a value of greater than > 10 stds from the mean""], ""cell_value"": """", ""record_value"": """"}"
0,2026-01-29 20:14:31,"{""cell"": [1481, 333], ""error_types"": [""A numerical value was found with a value of greater than > 10 stds from the mean""], ""cell_value"": """", ""record_value"": """"}"
0,2026-01-29 20:14:31,"{""cell"": [1756, 333], ""error_types"": [""A numerical value was found with a value of greater than > 10 stds from the mean""], ""cell_value"": """", ""record_value"": """"}"
0,2026-01-29 20:14:31,"{""cell"": [2010, 333], ""error_types"": [""A numerical value was found with a value of greater than > 10 stds from the mean""], ""cell_value"": """", ""record_value"": """"}"
0,2026-01-29 20:14:31,"{""cell"": [3288, 333], ""error_types"": [""A numerical value was found with a value of greater than > 10 stds from the mean""], ""cell_value"": """", ""record_value"": """"}"
0,2026-01-29 20:14:31,"{""cell"": [3599, 333], ""error_types"": [""A numerical value was found with a value of greater than > 10 stds from the mean""], ""cell_value"": """", ""record_value"": """"}"
0,2026-01-29 20:14:31,"{""cell"": [72, 334], ""error_types"": [""A numerical value was found with a value of greater than > 10 stds from the mean""], ""cell_value"": """", ""record_value"": """"}"
0,2026-01-29 20:14:31,"{""cell"": [281, 334], ""error_types"": [""A numerical value was found with a value of greater than > 10 stds from the mean""], ""cell_value"": """", ""record_value"": """"}"
0,2026-01-29 20:14:31,"{""cell"": [633, 334], ""error_types"": [""A numerical value was found with a value of greater than > 10 stds from the mean""], ""cell_value"": """", ""record_value"": """"}"
0,2026-01-29 20:14:31,"{""cell"": [1852, 334], ""error_types"": [""A numerical value was found with a value of greater than > 10 stds from the mean""], ""cell_value"": """", ""record_value"": """"}"
0,2026-01-29 20:14:31,"{""cell"": [2255, 334], ""error_types"": [""A numerical value was found with a value of greater than > 10 stds from the mean""], ""cell_value"": """", ""record_value"": """"}"
0,2026-01-29 20:14:31,"{""cell"": [2379, 334], ""error_types"": [""A numerical value was found with a value of greater than > 10 stds from the mean""], ""cell_value"": """", ""record_value"": """"}"
0,2026-01-29 20:14:31,"{""cell"": [3950, 334], ""error_types"": [""A numerical value was found with a value of greater than > 10 stds from the mean""], ""cell_value"": """", ""record_value"": """"}"
0,2026-01-29 20:14:31,"{""cell"": [1129, 335], ""error_types"": [""A numerical value was found with a value of greater than > 10 stds from the mean""], ""cell_value"": """", ""record_value"": """"}"
0,2026-01-29 20:14:31,"{""cell"": [1159, 335], ""error_types"": [""A numerical value was found with a value of greater than > 10 stds from the mean""], ""cell_value"": """", ""record_value"": """"}"
0,2026-01-29 20:14:31,"{""cell"": [2414, 335], ""error_types"": [""A numerical value was found with a value of greater than > 10 stds from the mean""], ""cell_value"": """", ""record_value"": """"}"
0,2026-01-29 20:14:31,"{""cell"": [3667, 335], ""error_types"": [""A numerical value was found with a value of greater than > 10 stds from the mean""], ""cell_value"": """", ""record_value"": """"}"
0,2026-01-29 20:14:31,"{""cell"": [1214, 336], ""error_types"": [""A numerical value was found with a value of greater than > 10 stds from the mean""], ""cell_value"": """", ""record_value"": """"}"
0,2026-01-29 20:14:31,"{""cell"": [1760, 336], ""error_types"": [""A numerical value was found with a value of greater than > 10 stds from the mean""], ""cell_value"": """", ""record_value"": """"}"
0,2026-01-29 20:14:31,"{""cell"": [2247, 336], ""error_types"": [""A numerical value was found with a value of greater than > 10 stds from the mean""], ""cell_value"": """", ""record_value"": """"}"
0,2026-01-29 20:14:31,"{""cell"": [2782, 336], ""error_types"": [""A numerical value was found with a value of greater than > 10 stds from the mean""], ""cell_value"": """", ""record_value"": """"}"
0,2026-01-29 20:14:31,"{""cell"": [3011, 336], ""error_types"": [""A numerical value was found with a value of greater than > 10 stds from the mean""], ""cell_value"": """", ""record_value"": """"}"
0,2026-01-29 20:14:31,"{""cell"": [3497, 336], ""error_types"": [""A numerical value was found with a value of greater than > 10 stds from the mean""], ""cell_value"": """", ""record_value"": """"}"
0,2026-01-29 20:14:31,"{""cell"": [3887, 336], ""error_types"": [""A numerical value was found with a value of greater than > 10 stds from the mean""], ""cell_value"": """", ""record_value"": """"}"
0,2026-01-29 20:14:31,"{""cell"": [4106, 336], ""error_types"": [""A numerical value was found with a value of greater than > 10 stds from the mean""], ""cell_value"": """", ""record_value"": """"}"
0,2026-01-29 20:14:31,"{""cell"": [5, 337], ""error_types"": [""A numerical value was found with a value of greater than > 10 stds from the mean""], ""cell_value"": """", ""record_value"": """"}"
0,2026-01-29 20:14:31,"{""cell"": [728, 337], ""error_types"": [""A numerical value was found with a value of greater than > 10 stds from the mean""], ""cell_value"": """", ""record_value"": """"}"
0,2026-01-29 20:14:31,"{""cell"": [960, 337], ""error_types"": [""A numerical value was found with a value of greater than > 10 stds from the mean""], ""cell_value"": """", ""record_value"": """"}"
0,2026-01-29 20:14:31,"{""cell"": [2071, 337], ""error_types"": [""A numerical value was found with a value of greater than > 10 stds from the mean""], ""cell_value"": """", ""record_value"": """"}"
0,2026-01-29 20:14:31,"{""cell"": [2498, 337], ""error_types"": [""A numerical value was found with a value of greater than > 10 stds from the mean""], ""cell_value"": """", ""record_value"": """"}"
0,2026-01-29 20:14:31,"{""cell"": [3504, 337], ""error_types"": [""A numerical value was found with a value of greater than > 10 stds from the mean""], ""cell_value"": """", ""record_value"": """"}"
0,2026-01-29 20:14:31,"{""cell"": [278, 338], ""error_types"": [""A numerical value was found with a value of greater than > 10 stds from the mean""], ""cell_value"": """", ""record_value"": """"}"
0,2026-01-29 20:14:31,"{""cell"": [407, 338], ""error_types"": [""A numerical value was found with a value of greater than > 10 stds from the mean""], ""cell_value"": """", ""record_value"": """"}"
0,2026-01-29 20:14:31,"{""cell"": [1137, 338], ""error_types"": [""A numerical value was found with a value of greater than > 10 stds from the mean""], ""cell_value"": """", ""record_value"": """"}"
0,2026-01-29 20:14:31,"{""cell"": [1214, 338], ""error_types"": [""A numerical value was found with a value of greater than > 10 stds from the mean""], ""cell_value"": """", ""record_value"": """"}"
0,2026-01-29 20:14:31,"{""cell"": [1265, 338], ""error_types"": [""A numerical value was found with a value of greater than > 10 stds from the mean""], ""cell_value"": """", ""record_value"": """"}"
0,2026-01-29 20:14:31,"{""cell"": [2014, 338], ""error_types"": [""A numerical value was found with a value of greater than > 10 stds from the mean""], ""cell_value"": """", ""record_value"": """"}"
0,2026-01-29 20:14:31,"{""cell"": [2097, 338], ""error_types"": [""A numerical value was found with a value of greater than > 10 stds from the mean""], ""cell_value"": """", ""record_value"": """"}"
0,2026-01-29 20:14:31,"{""cell"": [2826, 338], ""error_types"": [""A numerical value was found with a value of greater than > 10 stds from the mean""], ""cell_value"": """", ""record_value"": """"}"
0,2026-01-29 20:14:31,"{""cell"": [3903, 338], ""error_types"": [""A numerical value was found with a value of greater than > 10 stds from the mean""], ""cell_value"": """", ""record_value"": """"}"
0,2026-01-29 20:14:31,"{""cell"": [1734, 339], ""error_types"": [""A numerical value was found with a value of greater than > 10 stds from the mean""], ""cell_value"": """", ""record_value"": """"}"
0,2026-01-29 20:14:31,"{""cell"": [2944, 339], ""error_types"": [""A numerical value was found with a value of greater than > 10 stds from the mean""], ""cell_value"": """", ""record_value"": """"}"
0,2026-01-29 20:14:31,"{""cell"": [115, 340], ""error_types"": [""A numerical value was found with a value of greater than > 10 stds from the mean""], ""cell_value"": """", ""record_value"": """"}"
0,2026-01-29 20:14:31,"{""cell"": [366, 340], ""error_types"": [""A numerical value was found with a value of greater than > 10 stds from the mean""], ""cell_value"": """", ""record_value"": """"}"
0,2026-01-29 20:14:31,"{""cell"": [2470, 340], ""error_types"": [""A numerical value was found with a value of greater than > 10 stds from the mean""], ""cell_value"": """", ""record_value"": """"}"
0,2026-01-29 20:14:31,"{""cell"": [2893, 340], ""error_types"": [""A numerical value was found with a value of greater than > 10 stds from the mean""], ""cell_value"": """", ""record_value"": """"}"
0,2026-01-29 20:14:31,"{""cell"": [3100, 340], ""error_types"": [""A numerical value was found with a value of greater than > 10 stds from the mean""], ""cell_value"": """", ""record_value"": """"}"
0,2026-01-29 20:14:31,"{""cell"": [3243, 340], ""error_types"": [""A numerical value was found with a value of greater than > 10 stds from the mean""], ""cell_value"": """", ""record_value"": """"}"
0,2026-01-29 20:14:31,"{""cell"": [3441, 340], ""error_types"": [""A numerical value was found with a value of greater than > 10 stds from the mean""], ""cell_value"": """", ""record_value"": """"}"
0,2026-01-29 20:14:31,"{""cell"": [184, 341], ""error_types"": [""A numerical value was found with a value of greater than > 10 stds from the mean""], ""cell_value"": """", ""record_value"": """"}"
0,2026-01-29 20:14:31,"{""cell"": [1613, 341], ""error_types"": [""A numerical value was found with a value of greater than > 10 stds from the mean""], ""cell_value"": """", ""record_value"": """"}"
0,2026-01-29 20:14:31,"{""cell"": [2671, 341], ""error_types"": [""A numerical value was found with a value of greater than > 10 stds from the mean""], ""cell_value"": """", ""record_value"": """"}"
0,2026-01-29 20:14:31,"{""cell"": [3041, 341], ""error_types"": [""A numerical value was found with a value of greater than > 10 stds from the mean""], ""cell_value"": """", ""record_value"": """"}"
0,2026-01-29 20:14:31,"{""cell"": [2176, 342], ""error_types"": [""A numerical value was found with a value of greater than > 10 stds from the mean""], ""cell_value"": """", ""record_value"": """"}"
0,2026-01-29 20:14:31,"{""cell"": [2258, 342], ""error_types"": [""A numerical value was found with a value of greater than > 10 stds from the mean""], ""cell_value"": """", ""record_value"": """"}"
0,2026-01-29 20:14:31,"{""cell"": [2710, 342], ""error_types"": [""A numerical value was found with a value of greater than > 10 stds from the mean""], ""cell_value"": """", ""record_value"": """"}"
0,2026-01-29 20:14:31,"{""cell"": [2742, 342], ""error_types"": [""A numerical value was found with a value of greater than > 10 stds from the mean""], ""cell_value"": """", ""record_value"": """"}"
0,2026-01-29 20:14:31,"{""cell"": [2914, 342], ""error_types"": [""A numerical value was found with a value of greater than > 10 stds from the mean""], ""cell_value"": """", ""record_value"": """"}"
0,2026-01-29 20:14:31,"{""cell"": [3508, 342], ""error_types"": [""A numerical value was found with a value of greater than > 10 stds from the mean""], ""cell_value"": """", ""record_value"": """"}"
0,2026-01-29 20:14:31,"{""cell"": [3516, 342], ""error_types"": [""A numerical value was found with a value of greater than > 10 stds from the mean""], ""cell_value"": """", ""record_value"": """"}"
0,2026-01-29 20:14:32,"{""cell"": [256, 343], ""error_types"": [""A numerical value was found with a value of greater than > 10 stds from the mean""], ""cell_value"": """", ""record_value"": """"}"
0,2026-01-29 20:14:32,"{""cell"": [489, 343], ""error_types"": [""A numerical value was found with a value of greater than > 10 stds from the mean""], ""cell_value"": """", ""record_value"": """"}"
0,2026-01-29 20:14:32,"{""cell"": [2312, 343], ""error_types"": [""A numerical value was found with a value of greater than > 10 stds from the mean""], ""cell_value"": """", ""record_value"": """"}"
0,2026-01-29 20:14:32,"{""cell"": [2712, 343], ""error_types"": [""A numerical value was found with a value of greater than > 10 stds from the mean""], ""cell_value"": """", ""record_value"": """"}"
0,2026-01-29 20:14:32,"{""cell"": [4072, 343], ""error_types"": [""A numerical value was found with a value of greater than > 10 stds from the mean""], ""cell_value"": """", ""record_value"": """"}"
0,2026-01-29 20:14:32,"{""cell"": [4116, 343], ""error_types"": [""A numerical value was found with a value of greater than > 10 stds from the mean""], ""cell_value"": """", ""record_value"": """"}"
0,2026-01-29 20:14:32,"{""cell"": [66, 344], ""error_types"": [""A numerical value was found with a value of greater than > 10 stds from the mean""], ""cell_value"": """", ""record_value"": """"}"
0,2026-01-29 20:14:32,"{""cell"": [3486, 344], ""error_types"": [""A numerical value was found with a value of greater than > 10 stds from the mean""], ""cell_value"": """", ""record_value"": """"}"
0,2026-01-29 20:14:32,"{""cell"": [21, 345], ""error_types"": [""A numerical value was found with a value of greater than > 10 stds from the mean""], ""cell_value"": """", ""record_value"": """"}"
0,2026-01-29 20:14:32,"{""cell"": [138, 345], ""error_types"": [""A numerical value was found with a value of greater than > 10 stds from the mean""], ""cell_value"": """", ""record_value"": """"}"
0,2026-01-29 20:14:32,"{""cell"": [352, 345], ""error_types"": [""A numerical value was found with a value of greater than > 10 stds from the mean""], ""cell_value"": """", ""record_value"": """"}"
0,2026-01-29 20:14:32,"{""cell"": [404, 345], ""error_types"": [""A numerical value was found with a value of greater than > 10 stds from the mean""], ""cell_value"": """", ""record_value"": """"}"
0,2026-01-29 20:14:32,"{""cell"": [574, 345], ""error_types"": [""A numerical value was found with a value of greater than > 10 stds from the mean""], ""cell_value"": """", ""record_value"": """"}"
0,2026-01-29 20:14:32,"{""cell"": [796, 345], ""error_types"": [""A numerical value was found with a value of greater than > 10 stds from the mean""], ""cell_value"": """", ""record_value"": """"}"
0,2026-01-29 20:14:32,"{""cell"": [824, 345], ""error_types"": [""A numerical value was found with a value of greater than > 10 stds from the mean""], ""cell_value"": """", ""record_value"": """"}"
0,2026-01-29 20:14:32,"{""cell"": [871, 345], ""error_types"": [""A numerical value was found with a value of greater than > 10 stds from the mean""], ""cell_value"": """", ""record_value"": """"}"
0,2026-01-29 20:14:32,"{""cell"": [902, 345], ""error_types"": [""A numerical value was found with a value of greater than > 10 stds from the mean""], ""cell_value"": """", ""record_value"": """"}"
0,2026-01-29 20:14:32,"{""cell"": [1217, 345], ""error_types"": [""A numerical value was found with a value of greater than > 10 stds from the mean""], ""cell_value"": """", ""record_value"": """"}"
0,2026-01-29 20:14:32,"{""cell"": [1788, 345], ""error_types"": [""A numerical value was found with a value of greater than > 10 stds from the mean""], ""cell_value"": """", ""record_value"": """"}"
0,2026-01-29 20:14:32,"{""cell"": [3810, 345], ""error_types"": [""A numerical value was found with a value of greater than > 10 stds from the mean""], ""cell_value"": """", ""record_value"": """"}"
0,2026-01-29 20:14:32,"{""cell"": [333, 346], ""error_types"": [""A numerical value was found with a value of greater than > 10 stds from the mean""], ""cell_value"": """", ""record_value"": """"}"
0,2026-01-29 20:14:32,"{""cell"": [1486, 346], ""error_types"": [""A numerical value was found with a value of greater than > 10 stds from the mean""], ""cell_value"": """", ""record_value"": """"}"
0,2026-01-29 20:14:32,"{""cell"": [2322, 346], ""error_types"": [""A numerical value was found with a value of greater than > 10 stds from the mean""], ""cell_value"": """", ""record_value"": """"}"
0,2026-01-29 20:14:32,"{""cell"": [3162, 346], ""error_types"": [""A numerical value was found with a value of greater than > 10 stds from the mean""], ""cell_value"": """", ""record_value"": """"}"
0,2026-01-29 20:14:32,"{""cell"": [392, 347], ""error_types"": [""A numerical value was found with a value of greater than > 10 stds from the mean""], ""cell_value"": """", ""record_value"": """"}"
0,2026-01-29 20:14:32,"{""cell"": [696, 347], ""error_types"": [""A numerical value was found with a value of greater than > 10 stds from the mean""], ""cell_value"": """", ""record_value"": """"}"
0,2026-01-29 20:14:32,"{""cell"": [2636, 347], ""error_types"": [""A numerical value was found with a value of greater than > 10 stds from the mean""], ""cell_value"": """", ""record_value"": """"}"
0,2026-01-29 20:14:32,"{""cell"": [4002, 347], ""error_types"": [""A numerical value was found with a value of greater than > 10 stds from the mean""], ""cell_value"": """", ""record_value"": """"}"
0,2026-01-29 20:14:32,"{""cell"": [1400, 348], ""error_types"": [""A numerical value was found with a value of greater than > 10 stds from the mean""], ""cell_value"": """", ""record_value"": """"}"
0,2026-01-29 20:14:32,"{""cell"": [1427, 348], ""error_types"": [""A numerical value was found with a value of greater than > 10 stds from the mean""], ""cell_value"": """", ""record_value"": """"}"
0,2026-01-29 20:14:32,"{""cell"": [1773, 348], ""error_types"": [""A numerical value was found with a value of greater than > 10 stds from the mean""], ""cell_value"": """", ""record_value"": """"}"
0,2026-01-29 20:14:32,"{""cell"": [2421, 348], ""error_types"": [""A numerical value was found with a value of greater than > 10 stds from the mean""], ""cell_value"": """", ""record_value"": """"}"
0,2026-01-29 20:14:32,"{""cell"": [2922, 348], ""error_types"": [""A numerical value was found with a value of greater than > 10 stds from the mean""], ""cell_value"": """", ""record_value"": """"}"
0,2026-01-29 20:14:32,"{""cell"": [3634, 348], ""error_types"": [""A numerical value was found with a value of greater than > 10 stds from the mean""], ""cell_value"": """", ""record_value"": """"}"
0,2026-01-29 20:14:32,"{""cell"": [303, 349], ""error_types"": [""A numerical value was found with a value of greater than > 10 stds from the mean""], ""cell_value"": """", ""record_value"": """"}"
0,2026-01-29 20:14:32,"{""cell"": [705, 349], ""error_types"": [""A numerical value was found with a value of greater than > 10 stds from the mean""], ""cell_value"": """", ""record_value"": """"}"
0,2026-01-29 20:14:32,"{""cell"": [785, 349], ""error_types"": [""A numerical value was found with a value of greater than > 10 stds from the mean""], ""cell_value"": """", ""record_value"": """"}"
0,2026-01-29 20:14:32,"{""cell"": [1075, 349], ""error_types"": [""A numerical value was found with a value of greater than > 10 stds from the mean""], ""cell_value"": """", ""record_value"": """"}"
0,2026-01-29 20:14:32,"{""cell"": [1363, 349], ""error_types"": [""A numerical value was found with a value of greater than > 10 stds from the mean""], ""cell_value"": """", ""record_value"": """"}"
0,2026-01-29 20:14:32,"{""cell"": [2872, 349], ""error_types"": [""A numerical value was found with a value of greater than > 10 stds from the mean""], ""cell_value"": """", ""record_value"": """"}"
0,2026-01-29 20:14:32,"{""cell"": [4041, 349], ""error_types"": [""A numerical value was found with a value of greater than > 10 stds from the mean""], ""cell_value"": """", ""record_value"": """"}"
0,2026-01-29 20:14:32,"{""cell"": [1352, 350], ""error_types"": [""A numerical value was found with a value of greater than > 10 stds from the mean""], ""cell_value"": """", ""record_value"": """"}"
0,2026-01-29 20:14:32,"{""cell"": [1355, 350], ""error_types"": [""A numerical value was found with a value of greater than > 10 stds from the mean""], ""cell_value"": """", ""record_value"": """"}"
0,2026-01-29 20:14:32,"{""cell"": [1024, 351], ""error_types"": [""A numerical value was found with a value of greater than > 10 stds from the mean""], ""cell_value"": """", ""record_value"": """"}"
0,2026-01-29 20:14:32,"{""cell"": [1226, 351], ""error_types"": [""A numerical value was found with a value of greater than > 10 stds from the mean""], ""cell_value"": """", ""record_value"": """"}"
0,2026-01-29 20:14:32,"{""cell"": [1469, 351], ""error_types"": [""A numerical value was found with a value of greater than > 10 stds from the mean""], ""cell_value"": """", ""record_value"": """"}"
0,2026-01-29 20:14:32,"{""cell"": [4101, 351], ""error_types"": [""A numerical value was found with a value of greater than > 10 stds from the mean""], ""cell_value"": """", ""record_value"": """"}"
0,2026-01-29 20:14:32,"{""cell"": [387, 352], ""error_types"": [""A numerical value was found with a value of greater than > 10 stds from the mean""], ""cell_value"": """", ""record_value"": """"}"
0,2026-01-29 20:14:32,"{""cell"": [412, 352], ""error_types"": [""A numerical value was found with a value of greater than > 10 stds from the mean""], ""cell_value"": """", ""record_value"": """"}"
0,2026-01-29 20:14:32,"{""cell"": [1047, 352], ""error_types"": [""A numerical value was found with a value of greater than > 10 stds from the mean""], ""cell_value"": """", ""record_value"": """"}"
0,2026-01-29 20:14:32,"{""cell"": [1084, 352], ""error_types"": [""A numerical value was found with a value of greater than > 10 stds from the mean""], ""cell_value"": """", ""record_value"": """"}"
0,2026-01-29 20:14:32,"{""cell"": [1668, 352], ""error_types"": [""A numerical value was found with a value of greater than > 10 stds from the mean""], ""cell_value"": """", ""record_value"": """"}"
0,2026-01-29 20:14:32,"{""cell"": [3656, 352], ""error_types"": [""A numerical value was found with a value of greater than > 10 stds from the mean""], ""cell_value"": """", ""record_value"": """"}"
0,2026-01-29 20:14:32,"{""cell"": [1615, 353], ""error_types"": [""A numerical value was found with a value of greater than > 10 stds from the mean""], ""cell_value"": """", ""record_value"": """"}"
0,2026-01-29 20:14:32,"{""cell"": [2568, 353], ""error_types"": [""A numerical value was found with a value of greater than > 10 stds from the mean""], ""cell_value"": """", ""record_value"": """"}"
0,2026-01-29 20:14:32,"{""cell"": [3443, 353], ""error_types"": [""A numerical value was found with a value of greater than > 10 stds from the mean""], ""cell_value"": """", ""record_value"": """"}"
0,2026-01-29 20:14:32,"{""cell"": [1048, 354], ""error_types"": [""A numerical value was found with a value of greater than > 10 stds from the mean""], ""cell_value"": """", ""record_value"": """"}"
0,2026-01-29 20:14:32,"{""cell"": [1497, 354], ""error_types"": [""A numerical value was found with a value of greater than > 10 stds from the mean""], ""cell_value"": """", ""record_value"": """"}"
0,2026-01-29 20:14:32,"{""cell"": [1795, 354], ""error_types"": [""A numerical value was found with a value of greater than > 10 stds from the mean""], ""cell_value"": """", ""record_value"": """"}"
0,2026-01-29 20:14:32,"{""cell"": [3638, 354], ""error_types"": [""A numerical value was found with a value of greater than > 10 stds from the mean""], ""cell_value"": """", ""record_value"": """"}"
0,2026-01-29 20:14:32,"{""cell"": [3768, 354], ""error_types"": [""A numerical value was found with a value of greater than > 10 stds from the mean""], ""cell_value"": """", ""record_value"": """"}"
0,2026-01-29 20:14:32,"{""cell"": [3273, 355], ""error_types"": [""A numerical value was found with a value of greater than > 10 stds from the mean""], ""cell_value"": """", ""record_value"": """"}"
0,2026-01-29 20:14:32,"{""cell"": [179, 356], ""error_types"": [""A numerical value was found with a value of greater than > 10 stds from the mean""], ""cell_value"": """", ""record_value"": """"}"
0,2026-01-29 20:14:32,"{""cell"": [787, 356], ""error_types"": [""A numerical value was found with a value of greater than > 10 stds from the mean""], ""cell_value"": """", ""record_value"": """"}"
0,2026-01-29 20:14:32,"{""cell"": [894, 356], ""error_types"": [""A numerical value was found with a value of greater than > 10 stds from the mean""], ""cell_value"": """", ""record_value"": """"}"
0,2026-01-29 20:14:32,"{""cell"": [1897, 357], ""error_types"": [""A numerical value was found with a value of greater than > 10 stds from the mean""], ""cell_value"": """", ""record_value"": """"}"
0,2026-01-29 20:14:32,"{""cell"": [2364, 357], ""error_types"": [""A numerical value was found with a value of greater than > 10 stds from the mean""], ""cell_value"": """", ""record_value"": """"}"
0,2026-01-29 20:14:32,"{""cell"": [2505, 357], ""error_types"": [""A numerical value was found with a value of greater than > 10 stds from the mean""], ""cell_value"": """", ""record_value"": """"}"
0,2026-01-29 20:14:32,"{""cell"": [3941, 357], ""error_types"": [""A numerical value was found with a value of greater than > 10 stds from the mean""], ""cell_value"": """", ""record_value"": """"}"
0,2026-01-29 20:14:32,"{""cell"": [113, 358], ""error_types"": [""A numerical value was found with a value of greater than > 10 stds from the mean""], ""cell_value"": """", ""record_value"": """"}"
0,2026-01-29 20:14:32,"{""cell"": [476, 358], ""error_types"": [""A numerical value was found with a value of greater than > 10 stds from the mean""], ""cell_value"": """", ""record_value"": """"}"
0,2026-01-29 20:14:32,"{""cell"": [537, 358], ""error_types"": [""A numerical value was found with a value of greater than > 10 stds from the mean""], ""cell_value"": """", ""record_value"": """"}"
0,2026-01-29 20:14:32,"{""cell"": [624, 358], ""error_types"": [""A numerical value was found with a value of greater than > 10 stds from the mean""], ""cell_value"": """", ""record_value"": """"}"
0,2026-01-29 20:14:32,"{""cell"": [1415, 358], ""error_types"": [""A numerical value was found with a value of greater than > 10 stds from the mean""], ""cell_value"": """", ""record_value"": """"}"
0,2026-01-29 20:14:32,"{""cell"": [1864, 358], ""error_types"": [""A numerical value was found with a value of greater than > 10 stds from the mean""], ""cell_value"": """", ""record_value"": """"}"
0,2026-01-29 20:14:32,"{""cell"": [2364, 358], ""error_types"": [""A numerical value was found with a value of greater than > 10 stds from the mean""], ""cell_value"": """", ""record_value"": """"}"
0,2026-01-29 20:14:32,"{""cell"": [3259, 358], ""error_types"": [""A numerical value was found with a value of greater than > 10 stds from the mean""], ""cell_value"": """", ""record_value"": """"}"
0,2026-01-29 20:14:32,"{""cell"": [1062, 359], ""error_types"": [""A numerical value was found with a value of greater than > 10 stds from the mean""], ""cell_value"": """", ""record_value"": """"}"
0,2026-01-29 20:14:32,"{""cell"": [1167, 359], ""error_types"": [""A numerical value was found with a value of greater than > 10 stds from the mean""], ""cell_value"": """", ""record_value"": """"}"
0,2026-01-29 20:14:32,"{""cell"": [1412, 359], ""error_types"": [""A numerical value was found with a value of greater than > 10 stds from the mean""], ""cell_value"": """", ""record_value"": """"}"
0,2026-01-29 20:14:32,"{""cell"": [1526, 359], ""error_types"": [""A numerical value was found with a value of greater than > 10 stds from the mean""], ""cell_value"": """", ""record_value"": """"}"
0,2026-01-29 20:14:32,"{""cell"": [2633, 359], ""error_types"": [""A numerical value was found with a value of greater than > 10 stds from the mean""], ""cell_value"": """", ""record_value"": """"}"
0,2026-01-29 20:14:32,"{""cell"": [3179, 359], ""error_types"": [""A numerical value was found with a value of greater than > 10 stds from the mean""], ""cell_value"": """", ""record_value"": """"}"
0,2026-01-29 20:14:32,"{""cell"": [338, 360], ""error_types"": [""A numerical value was found with a value of greater than > 10 stds from the mean""], ""cell_value"": """", ""record_value"": """"}"
0,2026-01-29 20:14:32,"{""cell"": [1228, 360], ""error_types"": [""A numerical value was found with a value of greater than > 10 stds from the mean""], ""cell_value"": """", ""record_value"": """"}"
0,2026-01-29 20:14:32,"{""cell"": [2296, 360], ""error_types"": [""A numerical value was found with a value of greater than > 10 stds from the mean""], ""cell_value"": """", ""record_value"": """"}"
0,2026-01-29 20:14:32,"{""cell"": [2787, 360], ""error_types"": [""A numerical value was found with a value of greater than > 10 stds from the mean""], ""cell_value"": """", ""record_value"": """"}"
0,2026-01-29 20:14:32,"{""cell"": [3567, 360], ""error_types"": [""A numerical value was found with a value of greater than > 10 stds from the mean""], ""cell_value"": """", ""record_value"": """"}"
0,2026-01-29 20:14:32,"{""cell"": [3870, 360], ""error_types"": [""A numerical value was found with a value of greater than > 10 stds from the mean""], ""cell_value"": """", ""record_value"": """"}"
0,2026-01-29 20:14:32,"{""cell"": [930, 361], ""error_types"": [""A numerical value was found with a value of greater than > 10 stds from the mean""], ""cell_value"": """", ""record_value"": """"}"
0,2026-01-29 20:14:32,"{""cell"": [1657, 361], ""error_types"": [""A numerical value was found with a value of greater than > 10 stds from the mean""], ""cell_value"": """", ""record_value"": """"}"
0,2026-01-29 20:14:32,"{""cell"": [2417, 361], ""error_types"": [""A numerical value was found with a value of greater than > 10 stds from the mean""], ""cell_value"": """", ""record_value"": """"}"
0,2026-01-29 20:14:32,"{""cell"": [2607, 361], ""error_types"": [""A numerical value was found with a value of greater than > 10 stds from the mean""], ""cell_value"": """", ""record_value"": """"}"
0,2026-01-29 20:14:32,"{""cell"": [3168, 361], ""error_types"": [""A numerical value was found with a value of greater than > 10 stds from the mean""], ""cell_value"": """", ""record_value"": """"}"
0,2026-01-29 20:14:32,"{""cell"": [3889, 361], ""error_types"": [""A numerical value was found with a value of greater than > 10 stds from the mean""], ""cell_value"": """", ""record_value"": """"}"
0,2026-01-29 20:14:32,"{""cell"": [266, 362], ""error_types"": [""A numerical value was found with a value of greater than > 10 stds from the mean""], ""cell_value"": """", ""record_value"": """"}"
0,2026-01-29 20:14:32,"{""cell"": [514, 362], ""error_types"": [""A numerical value was found with a value of greater than > 10 stds from the mean""], ""cell_value"": """", ""record_value"": """"}"
0,2026-01-29 20:14:32,"{""cell"": [1344, 362], ""error_types"": [""A numerical value was found with a value of greater than > 10 stds from the mean""], ""cell_value"": """", ""record_value"": """"}"
0,2026-01-29 20:14:32,"{""cell"": [1951, 362], ""error_types"": [""A numerical value was found with a value of greater than > 10 stds from the mean""], ""cell_value"": """", ""record_value"": """"}"
0,2026-01-29 20:14:32,"{""cell"": [2050, 362], ""error_types"": [""A numerical value was found with a value of greater than > 10 stds from the mean""], ""cell_value"": """", ""record_value"": """"}"
0,2026-01-29 20:14:32,"{""cell"": [3000, 362], ""error_types"": [""A numerical value was found with a value of greater than > 10 stds from the mean""], ""cell_value"": """", ""record_value"": """"}"
0,2026-01-29 20:14:32,"{""cell"": [3095, 362], ""error_types"": [""A numerical value was found with a value of greater than > 10 stds from the mean""], ""cell_value"": """", ""record_value"": """"}"
0,2026-01-29 20:14:32,"{""cell"": [3598, 362], ""error_types"": [""A numerical value was found with a value of greater than > 10 stds from the mean""], ""cell_value"": """", ""record_value"": """"}"
0,2026-01-29 20:14:32,"{""cell"": [3771, 362], ""error_types"": [""A numerical value was found with a value of greater than > 10 stds from the mean""], ""cell_value"": """", ""record_value"": """"}"
0,2026-01-29 20:14:32,"{""cell"": [4046, 362], ""error_types"": [""A numerical value was found with a value of greater than > 10 stds from the mean""], ""cell_value"": """", ""record_value"": """"}"
0,2026-01-29 20:14:32,"{""cell"": [11, 363], ""error_types"": [""A numerical value was found with a value of greater than > 10 stds from the mean""], ""cell_value"": """", ""record_value"": """"}"
0,2026-01-29 20:14:32,"{""cell"": [2405, 363], ""error_types"": [""A numerical value was found with a value of greater than > 10 stds from the mean""], ""cell_value"": """", ""record_value"": """"}"
0,2026-01-29 20:14:32,"{""cell"": [4207, 363], ""error_types"": [""A numerical value was found with a value of greater than > 10 stds from the mean""], ""cell_value"": """", ""record_value"": """"}"
0,2026-01-29 20:14:32,"{""cell"": [3, 364], ""error_types"": [""A numerical value was found with a value of greater than > 10 stds from the mean""], ""cell_value"": """", ""record_value"": """"}"
0,2026-01-29 20:14:32,"{""cell"": [652, 364], ""error_types"": [""A numerical value was found with a value of greater than > 10 stds from the mean""], ""cell_value"": """", ""record_value"": """"}"
0,2026-01-29 20:14:32,"{""cell"": [871, 364], ""error_types"": [""A numerical value was found with a value of greater than > 10 stds from the mean""], ""cell_value"": """", ""record_value"": """"}"
0,2026-01-29 20:14:32,"{""cell"": [989, 364], ""error_types"": [""A numerical value was found with a value of greater than > 10 stds from the mean""], ""cell_value"": """", ""record_value"": """"}"
0,2026-01-29 20:14:32,"{""cell"": [1665, 364], ""error_types"": [""A numerical value was found with a value of greater than > 10 stds from the mean""], ""cell_value"": """", ""record_value"": """"}"
0,2026-01-29 20:14:32,"{""cell"": [2432, 364], ""error_types"": [""A numerical value was found with a value of greater than > 10 stds from the mean""], ""cell_value"": """", ""record_value"": """"}"
0,2026-01-29 20:14:32,"{""cell"": [3175, 364], ""error_types"": [""A numerical value was found with a value of greater than > 10 stds from the mean""], ""cell_value"": """", ""record_value"": """"}"
0,2026-01-29 20:14:32,"{""cell"": [3641, 364], ""error_types"": [""A numerical value was found with a value of greater than > 10 stds from the mean""], ""cell_value"": """", ""record_value"": """"}"
0,2026-01-29 20:14:32,"{""cell"": [3734, 364], ""error_types"": [""A numerical value was found with a value of greater than > 10 stds from the mean""], ""cell_value"": """", ""record_value"": """"}"
0,2026-01-29 20:14:32,"{""cell"": [634, 365], ""error_types"": [""A numerical value was found with a value of greater than > 10 stds from the mean""], ""cell_value"": """", ""record_value"": """"}"
0,2026-01-29 20:14:32,"{""cell"": [2366, 365], ""error_types"": [""A numerical value was found with a value of greater than > 10 stds from the mean""], ""cell_value"": """", ""record_value"": """"}"
0,2026-01-29 20:14:32,"{""cell"": [2693, 365], ""error_types"": [""A numerical value was found with a value of greater than > 10 stds from the mean""], ""cell_value"": """", ""record_value"": """"}"
0,2026-01-29 20:14:32,"{""cell"": [3209, 365], ""error_types"": [""A numerical value was found with a value of greater than > 10 stds from the mean""], ""cell_value"": """", ""record_value"": """"}"
0,2026-01-29 20:14:32,"{""cell"": [1255, 366], ""error_types"": [""A numerical value was found with a value of greater than > 10 stds from the mean""], ""cell_value"": """", ""record_value"": """"}"
0,2026-01-29 20:14:32,"{""cell"": [3245, 366], ""error_types"": [""A numerical value was found with a value of greater than > 10 stds from the mean""], ""cell_value"": """", ""record_value"": """"}"
0,2026-01-29 20:14:32,"{""cell"": [3650, 366], ""error_types"": [""A numerical value was found with a value of greater than > 10 stds from the mean""], ""cell_value"": """", ""record_value"": """"}"
0,2026-01-29 20:14:32,"{""cell"": [235, 367], ""error_types"": [""A numerical value was found with a value of greater than > 10 stds from the mean""], ""cell_value"": """", ""record_value"": """"}"
0,2026-01-29 20:14:32,"{""cell"": [2347, 367], ""error_types"": [""A numerical value was found with a value of greater than > 10 stds from the mean""], ""cell_value"": """", ""record_value"": """"}"
0,2026-01-29 20:14:32,"{""cell"": [2779, 367], ""error_types"": [""A numerical value was found with a value of greater than > 10 stds from the mean""], ""cell_value"": """", ""record_value"": """"}"
0,2026-01-29 20:14:32,"{""cell"": [4168, 367], ""error_types"": [""A numerical value was found with a value of greater than > 10 stds from the mean""], ""cell_value"": """", ""record_value"": """"}"
0,2026-01-29 20:14:32,"{""cell"": [458, 368], ""error_types"": [""A numerical value was found with a value of greater than > 10 stds from the mean""], ""cell_value"": """", ""record_value"": """"}"
0,2026-01-29 20:14:32,"{""cell"": [2513, 368], ""error_types"": [""A numerical value was found with a value of greater than > 10 stds from the mean""], ""cell_value"": """", ""record_value"": """"}"
0,2026-01-29 20:14:32,"{""cell"": [2627, 368], ""error_types"": [""A numerical value was found with a value of greater than > 10 stds from the mean""], ""cell_value"": """", ""record_value"": """"}"
0,2026-01-29 20:14:32,"{""cell"": [2727, 368], ""error_types"": [""A numerical value was found with a value of greater than > 10 stds from the mean""], ""cell_value"": """", ""record_value"": """"}"
0,2026-01-29 20:14:32,"{""cell"": [2816, 368], ""error_types"": [""A numerical value was found with a value of greater than > 10 stds from the mean""], ""cell_value"": """", ""record_value"": """"}"
0,2026-01-29 20:14:32,"{""cell"": [3224, 368], ""error_types"": [""A numerical value was found with a value of greater than > 10 stds from the mean""], ""cell_value"": """", ""record_value"": """"}"
0,2026-01-29 20:14:32,"{""cell"": [4145, 368], ""error_types"": [""A numerical value was found with a value of greater than > 10 stds from the mean""], ""cell_value"": """", ""record_value"": """"}"
0,2026-01-29 20:14:32,"{""cell"": [4191, 368], ""error_types"": [""A numerical value was found with a value of greater than > 10 stds from the mean""], ""cell_value"": """", ""record_value"": """"}"
0,2026-01-29 20:14:32,"{""cell"": [73, 369], ""error_types"": [""A numerical value was found with a value of greater than > 10 stds from the mean""], ""cell_value"": """", ""record_value"": """"}"
0,2026-01-29 20:14:32,"{""cell"": [1643, 369], ""error_types"": [""A numerical value was found with a value of greater than > 10 stds from the mean""], ""cell_value"": """", ""record_value"": """"}"
0,2026-01-29 20:14:32,"{""cell"": [1818, 369], ""error_types"": [""A numerical value was found with a value of greater than > 10 stds from the mean""], ""cell_value"": """", ""record_value"": """"}"
0,2026-01-29 20:14:32,"{""cell"": [2936, 369], ""error_types"": [""A numerical value was found with a value of greater than > 10 stds from the mean""], ""cell_value"": """", ""record_value"": """"}"
0,2026-01-29 20:14:32,"{""cell"": [3723, 369], ""error_types"": [""A numerical value was found with a value of greater than > 10 stds from the mean""], ""cell_value"": """", ""record_value"": """"}"
0,2026-01-29 20:14:32,"{""cell"": [413, 370], ""error_types"": [""A numerical value was found with a value of greater than > 10 stds from the mean""], ""cell_value"": """", ""record_value"": """"}"
0,2026-01-29 20:14:32,"{""cell"": [812, 370], ""error_types"": [""A numerical value was found with a value of greater than > 10 stds from the mean""], ""cell_value"": """", ""record_value"": """"}"
0,2026-01-29 20:14:32,"{""cell"": [1026, 370], ""error_types"": [""A numerical value was found with a value of greater than > 10 stds from the mean""], ""cell_value"": """", ""record_value"": """"}"
0,2026-01-29 20:14:32,"{""cell"": [2076, 370], ""error_types"": [""A numerical value was found with a value of greater than > 10 stds from the mean""], ""cell_value"": """", ""record_value"": """"}"
0,2026-01-29 20:14:32,"{""cell"": [2316, 370], ""error_types"": [""A numerical value was found with a value of greater than > 10 stds from the mean""], ""cell_value"": """", ""record_value"": """"}"
0,2026-01-29 20:14:32,"{""cell"": [3460, 370], ""error_types"": [""A numerical value was found with a value of greater than > 10 stds from the mean""], ""cell_value"": """", ""record_value"": """"}"
0,2026-01-29 20:14:32,"{""cell"": [2664, 371], ""error_types"": [""A numerical value was found with a value of greater than > 10 stds from the mean""], ""cell_value"": """", ""record_value"": """"}"
0,2026-01-29 20:14:32,"{""cell"": [3660, 371], ""error_types"": [""A numerical value was found with a value of greater than > 10 stds from the mean""], ""cell_value"": """", ""record_value"": """"}"
0,2026-01-29 20:14:32,"{""cell"": [3774, 371], ""error_types"": [""A numerical value was found with a value of greater than > 10 stds from the mean""], ""cell_value"": """", ""record_value"": """"}"
0,2026-01-29 20:14:32,"{""cell"": [3867, 371], ""error_types"": [""A numerical value was found with a value of greater than > 10 stds from the mean""], ""cell_value"": """", ""record_value"": """"}"
0,2026-01-29 20:14:32,"{""cell"": [3990, 371], ""error_types"": [""A numerical value was found with a value of greater than > 10 stds from the mean""], ""cell_value"": """", ""record_value"": """"}"
0,2026-01-29 20:14:33,"{""cell"": [5, 372], ""error_types"": [""A numerical value was found with a value of greater than > 10 stds from the mean""], ""cell_value"": """", ""record_value"": """"}"
0,2026-01-29 20:14:33,"{""cell"": [501, 372], ""error_types"": [""A numerical value was found with a value of greater than > 10 stds from the mean""], ""cell_value"": """", ""record_value"": """"}"
0,2026-01-29 20:14:33,"{""cell"": [899, 372], ""error_types"": [""A numerical value was found with a value of greater than > 10 stds from the mean""], ""cell_value"": """", ""record_value"": """"}"
0,2026-01-29 20:14:33,"{""cell"": [1774, 372], ""error_types"": [""A numerical value was found with a value of greater than > 10 stds from the mean""], ""cell_value"": """", ""record_value"": """"}"
0,2026-01-29 20:14:33,"{""cell"": [3114, 372], ""error_types"": [""A numerical value was found with a value of greater than > 10 stds from the mean""], ""cell_value"": """", ""record_value"": """"}"
0,2026-01-29 20:14:33,"{""cell"": [1302, 373], ""error_types"": [""A numerical value was found with a value of greater than > 10 stds from the mean""], ""cell_value"": """", ""record_value"": """"}"
0,2026-01-29 20:14:33,"{""cell"": [1969, 373], ""error_types"": [""A numerical value was found with a value of greater than > 10 stds from the mean""], ""cell_value"": """", ""record_value"": """"}"
0,2026-01-29 20:14:33,"{""cell"": [3454, 373], ""error_types"": [""A numerical value was found with a value of greater than > 10 stds from the mean""], ""cell_value"": """", ""record_value"": """"}"
0,2026-01-29 20:14:33,"{""cell"": [3719, 373], ""error_types"": [""A numerical value was found with a value of greater than > 10 stds from the mean""], ""cell_value"": """", ""record_value"": """"}"
0,2026-01-29 20:14:33,"{""cell"": [3897, 373], ""error_types"": [""A numerical value was found with a value of greater than > 10 stds from the mean""], ""cell_value"": """", ""record_value"": """"}"
0,2026-01-29 20:14:33,"{""cell"": [712, 374], ""error_types"": [""A numerical value was found with a value of greater than > 10 stds from the mean""], ""cell_value"": """", ""record_value"": """"}"
0,2026-01-29 20:14:33,"{""cell"": [1162, 374], ""error_types"": [""A numerical value was found with a value of greater than > 10 stds from the mean""], ""cell_value"": """", ""record_value"": """"}"
0,2026-01-29 20:14:33,"{""cell"": [1614, 374], ""error_types"": [""A numerical value was found with a value of greater than > 10 stds from the mean""], ""cell_value"": """", ""record_value"": """"}"
0,2026-01-29 20:14:33,"{""cell"": [1652, 374], ""error_types"": [""A numerical value was found with a value of greater than > 10 stds from the mean""], ""cell_value"": """", ""record_value"": """"}"
0,2026-01-29 20:14:33,"{""cell"": [2852, 374], ""error_types"": [""A numerical value was found with a value of greater than > 10 stds from the mean""], ""cell_value"": """", ""record_value"": """"}"
0,2026-01-29 20:14:33,"{""cell"": [3090, 374], ""error_types"": [""A numerical value was found with a value of greater than > 10 stds from the mean""], ""cell_value"": """", ""record_value"": """"}"
0,2026-01-29 20:14:33,"{""cell"": [3449, 374], ""error_types"": [""A numerical value was found with a value of greater than > 10 stds from the mean""], ""cell_value"": """", ""record_value"": """"}"
0,2026-01-29 20:14:33,"{""cell"": [3666, 374], ""error_types"": [""A numerical value was found with a value of greater than > 10 stds from the mean""], ""cell_value"": """", ""record_value"": """"}"
0,2026-01-29 20:14:33,"{""cell"": [3810, 374], ""error_types"": [""A numerical value was found with a value of greater than > 10 stds from the mean""], ""cell_value"": """", ""record_value"": """"}"
0,2026-01-29 20:14:33,"{""cell"": [3917, 374], ""error_types"": [""A numerical value was found with a value of greater than > 10 stds from the mean""], ""cell_value"": """", ""record_value"": """"}"
0,2026-01-29 20:14:33,"{""cell"": [4150, 374], ""error_types"": [""A numerical value was found with a value of greater than > 10 stds from the mean""], ""cell_value"": """", ""record_value"": """"}"
0,2026-01-29 20:14:33,"{""cell"": [113, 375], ""error_types"": [""A numerical value was found with a value of greater than > 10 stds from the mean""], ""cell_value"": """", ""record_value"": """"}"
0,2026-01-29 20:14:33,"{""cell"": [1401, 375], ""error_types"": [""A numerical value was found with a value of greater than > 10 stds from the mean""], ""cell_value"": """", ""record_value"": """"}"
0,2026-01-29 20:14:33,"{""cell"": [1651, 375], ""error_types"": [""A numerical value was found with a value of greater than > 10 stds from the mean""], ""cell_value"": """", ""record_value"": """"}"
0,2026-01-29 20:14:33,"{""cell"": [2364, 375], ""error_types"": [""A numerical value was found with a value of greater than > 10 stds from the mean""], ""cell_value"": """", ""record_value"": """"}"
0,2026-01-29 20:14:33,"{""cell"": [3463, 375], ""error_types"": [""A numerical value was found with a value of greater than > 10 stds from the mean""], ""cell_value"": """", ""record_value"": """"}"
0,2026-01-29 20:14:33,"{""cell"": [3908, 375], ""error_types"": [""A numerical value was found with a value of greater than > 10 stds from the mean""], ""cell_value"": """", ""record_value"": """"}"
0,2026-01-29 20:14:33,"{""cell"": [3992, 375], ""error_types"": [""A numerical value was found with a value of greater than > 10 stds from the mean""], ""cell_value"": """", ""record_value"": """"}"
0,2026-01-29 20:14:33,"{""cell"": [1886, 376], ""error_types"": [""A numerical value was found with a value of greater than > 10 stds from the mean""], ""cell_value"": """", ""record_value"": """"}"
0,2026-01-29 20:14:33,"{""cell"": [2191, 376], ""error_types"": [""A numerical value was found with a value of greater than > 10 stds from the mean""], ""cell_value"": """", ""record_value"": """"}"
0,2026-01-29 20:14:33,"{""cell"": [2214, 376], ""error_types"": [""A numerical value was found with a value of greater than > 10 stds from the mean""], ""cell_value"": """", ""record_value"": """"}"
0,2026-01-29 20:14:33,"{""cell"": [2445, 376], ""error_types"": [""A numerical value was found with a value of greater than > 10 stds from the mean""], ""cell_value"": """", ""record_value"": """"}"
0,2026-01-29 20:14:33,"{""cell"": [3402, 376], ""error_types"": [""A numerical value was found with a value of greater than > 10 stds from the mean""], ""cell_value"": """", ""record_value"": """"}"
0,2026-01-29 20:14:33,"{""cell"": [3947, 376], ""error_types"": [""A numerical value was found with a value of greater than > 10 stds from the mean""], ""cell_value"": """", ""record_value"": """"}"
0,2026-01-29 20:14:33,"{""cell"": [4183, 376], ""error_types"": [""A numerical value was found with a value of greater than > 10 stds from the mean""], ""cell_value"": """", ""record_value"": """"}"
